page,row,date,time,title,body
29,1,"2021-09-21","08:59:20","BUZZ-GBP/USD-초과 판매는 단기간이지만 식욕부진만큼 무겁다.","BUZZ-GBP/USD-Oversold short term, but heavy as risk appetite slides .storyContent * {border-color:inherit !important;outline-color:inherit !important;} 위험 민감 통화가 주식과 함께 팔리면서 0.5% 하락 후 안정세를 보였다.   BoE는 느린 성장/높은 인플레이션을 9월 23일 금리 결정으로 조정했다.    BoE 금리 결정으로 이어지는 불확실성, 변동성 과장   영국 저탄소 열망 출시 스웨덴 바텐폴    차트; 모멘텀연구 슬립, 5, 10 및 21일 이동 평균 슬라이드    21일 Bollinger 대역 확장 - 강력한 약력 설정, 1.377 21 DMA   신호 대상 1.3602 8월 최저치 및 1.3572 7월 기준 시험   1.3661 하락 21일 만에 볼리는 여기서 깨지지 않는 강점을 팔 것을제안한다.  자세한 내용을 보려면 을 클릭하십시오. FXBUZ         (Andrew Spencer is a Reuters market analyst. The views expressed are his own.)  Andrew.m.spencer@thomsonreuters.com        (c) Copyright Thomson Reuters 2020. Click For Restrictions - https://agency.reuters.com/en/copyright.html   원문 바로가기    DISCLAIMER  레피니티브의 사전, 서면 승인 없는 톰슨로이터 콘텐츠의 재생산이나 재배포는 금지되어 있습니다. 이 기사의 한국어 번역은 에프앤가이드가 사용하는 기계적 번역에 의한 것으로 톰슨로이터와 레피니티브는 번역의 정확성을 보증하지 않습니다."
29,2,"2021-09-21","08:59:17","BUZ-Bitcoin은 시장에서의 광범위한 매각으로 거의 10% 하락했다.","BUZZ-Bitcoin down nearly 10% on broad selloff in markets .storyContent * {border-color:inherit !important;outline-color:inherit !important;} 비트코인이 급증하는 위험 회피에 미끄러진 후 거의 하루하루를 맴돈다.   시장 매도가 확대되면서 8월 7일 이후 최저치인 42,454달러로 하락   중국 에버그랑드 유동성 우려로 인한 전염 우려가 심리에 부담이다.   이번 주 매파적인 FRB에 대한 기대감은 더욱 무게가 실리고 있다.    애널리스트들은 비트코인이 최근 미국 증시와 함께 더 많이 움직이고 있다고 지적한다.   엘살바도르는 비트코인을 150 개 더 구입한다고 대통령은 말했다.    지원 41,000-41,100 & 40,760, 100-DMA, 저항 44,000-44,200 & 45k   자세한 내용을 보려면 을 클릭하십시오. FXBUZ          (Krishna Kumar is a Reuters market analyst. The views expressed are his own)  krishna.k@thomsonreuters.com        (c) Copyright Thomson Reuters 2020. Click For Restrictions - https://agency.reuters.com/en/copyright.html   원문 바로가기    DISCLAIMER  레피니티브의 사전, 서면 승인 없는 톰슨로이터 콘텐츠의 재생산이나 재배포는 금지되어 있습니다. 이 기사의 한국어 번역은 에프앤가이드가 사용하는 기계적 번역에 의한 것으로 톰슨로이터와 레피니티브는 번역의 정확성을 보증하지않습니다."
29,3,"2021-09-21","08:56:43","한국, '글로벌 혁신지수' 사상 첫 '톱 5' 진입","- 작년 첫 10위권 진입..5계단 더 상승 - 싱가포르 제치고 아시아 국가 중 1위    ▶'2차전지'의 신흥강자! 대규모 공급계약 체결! 800% 극비리 재료株  [이데일리 윤종성 기자] 우리나라가 지난 20일(현지시간) 세계지식재산기구(WIPO)가 발표한 ‘2021 글로벌 혁신지수(GII)’에서 전년 대비 5단계 상승한 5위를 기록했다고 문화체육관광부가 전했다.        지난해 처음으로 10위권에 진입한 데 이어, 올해는 싱가포르를 제치고 아시아 지역 국가 중 1위를 기록하는 쾌거를 이뤘다.  세계 1위는 지난해에 이어 스위스가 차지했으며, 2~5위는 스웨덴, 미국, 영국, 한국의 순이었다.  한국은 올해 싱가포르(8위)를 앞질러 아시아 지역 국가 중 처음으로 1위를 차지했다. 중국과 일본은 각각 12위, 13위로 조사됐다.  ‘글로벌 혁신지수’는 WIPO가 2007년부터 매년 유럽경영대학원 인시아드(INSEAD), 미국 코넬대와 함께 세계 130여 개국의 경제혁신 역량을 측정해 발표하는 지수로, 총 7개 분야, 21개 항목, 81개 세부지표를 토대로 평가된다.   WIPO는 한국의 문화·창의서비스 수출과 상표, 세계 브랜드 가치 등의 세부 지표가개선됐다고 밝혔다.  주요 결과를 보면 ‘혁신투입’은 9위로 지난해보다 1단계 올랐고, 혁신산출은 5단계 상승한 10위를 차지했다.  특히 문화산업의 성과와 연관된 ‘창의적 성과’ 분야가 지난해 14위에서 올해 8위로, 6단계 상승한 점이 순위 상승에 크게 영향을 미친 것으로 분석됐다.  ‘창의적 성과’ 분야 가운데 ‘문화·창의서비스 수출’이 조사에 포함된 세부 지표 가운데 최대 상승폭(전년 대비 13단계 상승)을 기록했고, ‘엔터테인먼트 및 미디어 시장’ 지표의 순위 역시 전년 대비 2단계 상승한 16위였다.   문체부 관계자는 “문화·창의서비스 수출과 연관된 한국은행 지식재산권 무역수지 내의 문화예술저작권 무역수지도 꾸준히 개선되고 있어 향후 본 세부 지표와 종합 순위의 지속적 향상이 기대된다”고 말했다.     ※ 주식은 매도가 생명!! 팔기 전 AI비서에게 물어봐!!  ▶ <세계최초>신약재료+美승인!! 1500%↑터질 역대급 바이오株 (종목확인)  ▶1500% 가는 '제2의 HMM' 아직 5000원대 황금株, 급등 전 마지막 기회! [클릭]  ▶▶[무료 공개]◀◀ 지금 ""1,000만원""만 있어도 당장 ""이것""부터 사라!! >>> (무료 체험)  ▶▶주식전문가들의 상승, TOP3 ""테마株"" 종목확인! 선착순 무료! [클릭]         ＜ⓒ종합 경제정보 미디어이데일리 - 무단전재 & 재배포 금지＞    "
29,4,"2021-09-21","08:56:05","""당신을 노리는 보이스피싱""··· 이것만 봐도 사기 피할수 있다","날로 진화하는 보이스피싱, 당신은 ‘안전지대’에 있을까. 지난 15일 개봉한 영화 ‘보이스’는 조직적으로 이뤄지는 보이스피싱에 대한위험이 당신을 노리고 있다는 현실을 잘 보여주는 사례다.   전직 경찰 서준(변요한)은 건설현장 반장으로 고생한 끝에 현장감독으로 정식 계약하자는 제안을 받는다. 그날 서준의 아내는 낮선 변호사로부터 걸려온 전화를 받는다. 친구라며 자신을 소개한 변호사는 건설현장에서 인부가 사망해 서준이 조사를 받고 있다고 전한다. 뒤이은 형사의 전하까지. 당황한 아내는 아파트 중도금 7,000만원을 보낸다. 뒤늦게 서준과 통화가 되지만 돈은 인출한 뒤다. 서준은 보이스피싱 본거지인 중국 선양 콜센터에 위장 취업한다.   영화 보이스는 사실에 기반을 둔 ‘픽션’이지만 ‘논픽션’도 이에 못지않다. A씨 휴대폰에 지난 2월 낯선 문자가 떴다. 누구냐고 물은메시지에 온 답은 “엄마 딸”이었다. 휴대폰 액정이 깨져서 문자랑 카카오톡만 된다며 카톡 친구 추가를 해달라는 내용이었다. 평소 딸이 보내는 말투, 이모티콘이 똑같아 의심하지 않았다. A씨는 시키는 대로 앱을 깔고 신분증과 카드의 앞뒤 사진을 보냈다. 다음날 A씨는 한 번도거래가 없던 은행에서 2,400만 원이 비대면 대출로 나간 사실을 알게 됐다.   영화 같은 사례는 또 있다. 올해 초 신협 광교지점에 한 조합원 부부가 찾아왔다. 이들은 창구를 방문해 예금을 중도해지하고 1억 원 상당의 현금 인출을 시도했다. 담당 직원이 보기엔 너무 이상한 모습이었다. 알고 보니 부부는 딸을 납치했다는 보이스피싱 조직의 협박을 받고있었다. 즉시 경찰에 신고했고, 발빠른 대응으로 딸의 신변이 무사한 것도 확인했다. 결국 조합원 부부의 예금도 지킬 수 있게 됐다.      보이스피싱은 피해가 발생하면 일단 범인을 잡는 게 사실상 불가능하다. 때문에 사전에 예방하는 게 무엇보다 중요하다. 금융감독원이 보이스피싱 예방교육에 중점을 두는것도 이 때문이다. 금융감독원이 운영하는 유튜브 채널 ‘보이스피싱 그만'에선 다양한 피해 사례를 쉽게 접할 수 있다. 해당 채널엔 금감원과 전국은행연합회와 금융투자협회, 여신금융협회 등 각 금융협회·중앙회 10곳이 보이스피싱의 최신 사기수법 및 피해 예방법을 알기 쉽게배울 수 있도록 만든 동영상이 지난 17일 게재됐다.   동영상은 사기 유형별로 구분돼 있다. 기관사칭형을 비롯해 대출사기형, 메신저피싱형 등이다. 여기에 피해예방과 대처방법, 금융회사별피해예방 우수사례 동영상도 확인할 수 있다. 동영상은 전 연령층이 쉽게 이해할 수 있도록 애니메이션 형식으로 제작됐고, 분량은 주제별로약 5분 내외다. 소비자가 보이스피싱 사기수법을 생생하게 체험할 수 있도록 실제 피싱 사기범 음성자료(그놈 목소리) 및 사기문자 재연화면등이 활용됐다.      이 밖에도 금감원은 ‘보이스피싱 지킴이’ 사이트를 통해 보다 자세하게 피해 사례를 제공하고 있다. 피해구제 방법 등도 해당 사이트를 통해 확인할 수 있다.         ▶▶ 코로나19 백신 임상 3상 완료! 박셀바이오 1000% 뛰어 넘는 역대급 바이오! [확인]  ▶▶ [무료공개] 지금 ""1,000만원""만 있어도 당장 ""이것"" 부터 사라!!>>> (무료체험)   ▶▶ [급등임박 공개] ◀◀ 2021년 상반기 ""정부정책 수해주"" TOP 10 긴급공개 >>> (바로확인)     [ⓒ 서울경제, 무단 전재 및 재배포 금지]"
29,5,"2021-09-21","08:55:12","4大은행 PB에 맡긴 돈 150조","‘슈퍼리치’ 예치금은 20조     [연합뉴스]  [헤럴드경제]국내 프라이빗 뱅킹(PB) 고객이 4대 시중은행에 맡겨 놓은 돈이 150조원에 육박하는 것으로 나타났다.  이 가운데 100억원 이상 ‘슈퍼리치’ 자산가가 맡긴 예치금( 예·적금, 펀드)은 20조원에 달했다.  21일 국회 정무위원회 소속 국민의힘 윤두현 의원이 금융감독원에서 받은 자료에 따르면,올해 6월말 현재 KB국민·신한·하나·우리 등 4대 시중은행의 PB 고객 수(은행 간 중복 고객 수 포함)는 70만1838명이며, 이들이 예·적금, 펀드 등에 예치한 돈은 약 143조5376억원이었다.  4대 은행에 PB 고객이 맡긴 돈은 2017년 말 108조8927억원에서 2018년 말 115조4748억원, 2019년 말 129조5692억원, 2020년 말 139조2853억원으로 꾸준히 늘다가 올 상반기 143조원을 넘어섰다.  PB고객의 예치금 대부분은 예·적금이었다. 예치 규모는 매년 꾸준히 증가해 6월말 기준 120조원을 넘겼다.  연도별로 보면 2017년 말 89조9125억원, 2018년 말 93조4255억원, 2019년 말 106조70억원, 2020년 말 119조6326억원, 올해 6월말 123조1898억원으로 계속 늘어나는 등 2017년 말부터 올해 상반기까지 3년 반 동안 37% 증가했다.  0% 수준의 저금리가 지속됐는데도 고액 자산가가 은행 예·적금에 계속 돈을 맡겨둔 것이다.  반면, 펀드 예치금은 2017년 말 18조9801억원에서 2018년 말 22조492억원, 2019년 말 23조5620억원으로늘다가 2020년 말에는 19조6526억원으로 줄었다. 그러다 올해 6월말 20조3477억원으로 다시 늘어났다. 2020년에 PB고객들의 펀드 예치금이 줄어든 데는 ‘사모펀드 사태’가 영향을 미친 것으로 보인다.  100억원 이상을 은행에 넣어놓은 이른바 ‘슈퍼리치’ 고객은 올해 상반기 현재 891명으로 4대 은행 전체 PB고객의 0.1%에 불과했다.  하지만 이들이 예·적금, 펀드 등에 예치한 돈은 모두 20조8568억원으로, PB고객 예치금의 14.5%에 달했다. 1인당 평균 234억원 꼴이다.  슈퍼리치 고객의 예치금은 2017년 말 11조6573억원이었지만 올해 상반기 현재 20조8568억원으로 3년 반 동안 79%나 늘었다.  슈퍼리치 고객 수도 2017년 말 494명에서 2018년 말 551명, 2019년 말 637명, 2020년 말 741명, 올해 상반기 현재 891명으로 꾸준히 늘었다.  주요 시중은행은 최근 고액 자산가 대상 특화 점포를 개설하는 등 자산관리(WM) 영업을 경쟁적으로 강화하고 있다. 이는 고액 자산가들의 자산관리를 통해 수수료 등 비이자수익을 늘려서 수익 구조를 다변화하려는 전략으로 보인다.  일례로 하나은행은 지난 6월 고액 자산가를 대상으로 종합자산관리 서비스를 제공하는 프리미엄 자산관리 브랜드 ‘Club1(클럽원)’ 2호점을 서울 한남동에 개점하고, 전문 PB들을 배치했다.  하나은행은 올해 말 자산관리(WM) 시너지를 키우고 전문역량을 강화하기 위해 압구정역PB센터지점과 압구정PB센터지점을 합쳐 압구정PB센터지점으로 단일화하는 등 ‘PB센터 대형화에 나설 예정이다. PB센터 대형화는 다른 금융사들과 경쟁에서 우위에 서기 위한 차별화 전략이다.  우리은행의 경우는 작년 10월 30억원 이상 고액 자산가 대상 특화점포인 ’TCE(Two Chairs Exclusive) 강남센터‘를 연 데 이어 지난 7월에는 두번째 특화 점포인 ’TCE 본점센터‘를 열었다.  TCE 센터에는 세무·부동산 분야 전문가를 포함한 자산관리 전문 PB들이 배치돼 고객에게 원스톱 종합금융컨설팅을 제공한다."
29,6,"2021-09-21","08:55:04","호주, 건설 현장 백신 의무화에 반대 시위…2주간 현장 폐쇄","호주, 건설 현장 백신 의무화에 반대 시위…2주간 현장 폐쇄 ""코로나 방역 위반 만연한 건설 분야로부터 시민 보호 위한 것""       (시드니=연합뉴스) 정동철 통신원 = 호주 빅토리아주가 신종 코로나바이러스 감염증(코로나19) 백신 의무 접종에 반대하며 건설 노동자들이 폭력 시위를 벌이자 건설 현장을 2주간 폐쇄하기로 했다.       21일(현지시간) 호주 일간 디오스트레일리안에 따르면 전날 건설 노동자 500여명이 멜버른 시내에 모여 빅토리아주 정부의 보건 명령에항의하는 시위를 벌였다.      시위대는 건설삼림광산에너지노조(CFMEU) 본부 건물 앞에 모여 빅토리아주 정부를 상대로 건설 노동자에 대한 백신 의무 접종 명령을 최소화할 것을 요구했다.      앞서 주 정부는 오는 23일까지 최소 코로나19 백신 1차 접종을 마쳐야만 건설 현장에 들어갈 수 있도록 하겠다고 발표했다.      대부분 마스크를 쓰지 않은 시위대는 이들을 진정시키려는 노조 간부에게 폭언을 퍼붓고 건물 유리창을 깨는 등 폭력적인 양상을 보였다.      경찰은 결국 오후 4시께 고무탄과 최루탄을 사용해 이들을 강제로 해산했다. 이 과정에서 격렬하게 저항하던 시위대 수십 명이 부상하고현장에서 체포됐다.      폭력 시위가 발생하자 빅토리아주 정부는 비상 내각회의를 열고 20일 밤 11시 59분부터 2주간 광역 멜버른 등의 건설 현장을 폐쇄하기로했다.      다만 건설 현장의 긴급한 수리 등에 한해 예외를 인정하기로 했다.      팀 펠러스 빅토리아주 산업관계부 장관은 ""법규를 따르지 않으면 적절한 조처를 하는 데 조금도 주저하지 않는다는 것이 정부의 확고한방침""이라면서 ""코로나19 보건 명령 위반이 만연한 건설 분야로부터 시민들을 보호하기 위한 불가피한 결정""이라고 강조했다.      건설 현장은 코로나19 확산의 진원지 중 하나로 꼽힌다.      일례로 멜버른 동쪽에 있는 박스힐의 한 건설 현장에서만 최소 180명 이상이 코로나19에 감염된 것으로 알려졌다.      제로언 웨이마르 빅토리아주 코로나19 관련 조달국장은 20일 빅토리아주의 신규 확진자 567명 중 27명이 이동이 많은 건설 노동자와 관련돼 있다고 전했다.      건설노조 연합은 공동성명에서 ""백신 접종 의무에 대해서는 최대한 일반 노동자들에게 전달했다""면서도 ""갑작스러운 제한 조처는 불만,분노, 분열 등을 초래할 것이며 이에 맞서 계속 싸우겠다""고 밝혔다.      건설업계는 빅토리아주에서 30만명 이상을 고용하는 건설 현장을 2주간 폐쇄하면 9억 호주달러(약 7천650억원)의 손실이 발생할 것이라고 주장했다.       dcj@yna.co.kr   (끝)     <저작권자(c) 연합뉴스, 무단 전재-재배포 금지>"
29,7,"2021-09-21","08:55:00","[신간] 한국 사회과학의 기원","[신간] 한국 사회과학의 기원  글로벌 르네상스·제국의 정전 셰익스피어       (서울=연합뉴스) 박상현 기자 = ▲ 한국 사회과학의 기원 = 홍정완 지음.      근현대 사상사를 연구하는 홍정완 연세대 연구교수가 한국전쟁 전후 정치학계와 경제학계 동향을 돌아보고, 1960년대 중반 이전까지 한국 사회 움직임을 서술한 학술서. 저자의 박사학위 논문을 보완해 단행본으로 펴냈다.      저자는 한국전쟁이 일어나기 전까지 정치학계는 이념적 측면에서 단일하지 않았으며, 사회민주주의 경향이 주류였다고 분석한다. 이어 전쟁 이후에도 자유주의적 자본주의 질서를 긍정적으로 인식하는 쪽으로 선회하기보다는 대립과 격차, 분열을 극복하는 통합적 정치질서를 중시했다고 설명한다.      반면 경제학계에서는 한국전쟁을 계기로 큰 변화가 일어났다. 저자는 전쟁이 끝난 뒤 자본주의는 '객관적 필연'으로 긍정됐고, 경제학자들이 구미와 일본에서 만들어진 후진국 개발에 관한 관점과 이론을 적극적으로 수용했다고 이야기한다.      또 1960년 4·19혁명 이후 대두한 민족주의 양상은 자유민주주의를 비판한 '발전체제'와 제국주의적 지배질서를 넘어서고자 한 '탈냉전' 이라는 두 가지 흐름으로 나뉘었다고 본다.      이어 1961년 5월 16일 쿠데타가 발생한 뒤에는 지식인들 사이에서 민족주의를 축으로 근대화와 민주주의를 실현하고자 하는 논의가 확산했고, 주체적 토대에 입각한 새로운 민주주의 이념을 모색하려는 움직임도 있었다고 덧붙인다.      역사비평사. 416쪽. 3만 원.         ▲ 글로벌 르네상스 = 리사 자딘·제리 브로턴 지음. 임병철 옮김.      유럽에서 15세기 전후에 발생한 문예 부흥 운동인 '르네상스'가 서양의 전유물이 아니라 동양과 강력한 관계 속에서 탄생했다는 주장을담았다.      영국 출신 학자인 저자들은 ""르네상스 예술의 내용과 형식은 인식과 발전이라는 차원에서 두 방향의 전개 과정을 반영하고 있었으며, 그속에서 우리가 동양과 서양이라고 부른 세계는 각자의 역할을 담당했다""고 강조한다.      예컨대 그림을 짜 넣은 직물인 태피스트리는 15세기를 거치면서 유럽 궁정에서 수요가 늘었다. 그런데 저자들은 일부 태피스트리가 런던, 파리, 리스본, 콘스탄티노폴리스에서 똑같이 이해되도록 디자인됐다고 설명한다.      말(馬)과 관련해서는 동양과 서양 사이에서 전개된 순혈종 말의 교환을 통해 사람들이 열망하는 종이나 혈통이 출현했다고 부연한다.      역자인 임병철 박사는 후기에서 ""르네상스를 새로운 시대의 여명으로 보는 도식적 시각으로 인해 그동안 중요한 측면이 사장돼 왔다""며 ""르네상스의 유럽 경계 허물기는 유럽 중심주의적 사고를 극복하는 유용한 대안이 될 수 있다""고 했다.       길. 314쪽. 2만8천 원.         ▲ 제국의 정전 셰익스피어 = 이경원 지음.      연세대 영어영문학과 교수인 저자가 영국의 대문호이자 현대에도 강한 영향력을 지닌 작가인 윌리엄 셰익스피어 작품을 비판적으로 고찰했다.      그는 영국이 중요한 소프트파워로 자부하는 셰익스피어에 '시비'를 건 데 대해 문학적 성취에 가려진 미심쩍은 정치적 입장을 점검해 보고 싶었다고 말한다. 셰익스피어를 정치 이데올로기에 초연한 작가, 나름의 균형감각을 유지한 작가로 보는 시각이 과연 온당한지 탐구하고싶었다는 것이다.      독창성, 보편성, 중립성, 양가성이라는 측면에서 셰익스피어 작품을 정전(正典)으로 간주한 미국 문학평론가 해럴드 블룸의 견해에 대해서도 저자는 부정적이다. 그는 셰익스피어가 덜 알려진 저급한 문학을 모방했고, 서사가 그다지 보편적이지 않으며, 역사의 흐름을 읽어낸 뒤 편승하는 현실주의자였다고 반박한다.      아울러 여성을 주체적이지 않은 존재로 보고 순결과 정조 이데올로기를 강조한 점이나 '오셀로'에 인종주의가 내면화돼 있다는 점도 지적한다.      저자는 ""셰익스피어는 인간다움을 규명하려고 인간답지 못한 인간들을 연극 무대에 끌어들였고, 백인 주류사회의 모순을 조명하기 위해 '이방인'과 '유색인'을 결핍된 존재로 묘사했다""고 주장한다.      한길사. 956쪽. 4만8천 원.         psh59@yna.co.kr  (끝)     <저작권자(c) 연합뉴스, 무단 전재-재배포 금지>"
30,1,"2021-09-21","08:39:48","미디어-많은 영국 근로자들이 노동력 부족에도 불구하고 직업선택권이 부족한 것으로 나타났다-FT","MEDIA-Many UK workers found to lack job options despite labour shortage - FT .storyContent * {border-color:inherit !important;outline-color:inherit !important;} -- 원본 링크: https://on.ft.com/3nTawM6  -- 참고: 로이터통신은 이 사연을 검증하지 않았으며 정확성을 보증하지 않고 있다.     globalnewsmonitoring@thomsonreuters.com        (c) Copyright Thomson Reuters 2020. Click For Restrictions - https://agency.reuters.com/en/copyright.html   원문 바로가기    DISCLAIMER  레피니티브의 사전, 서면 승인 없는 톰슨로이터 콘텐츠의 재생산이나 재배포는 금지되어 있습니다. 이 기사의 한국어 번역은 에프앤가이드가 사용하는 기계적 번역에 의한 것으로 톰슨로이터와 레피니티브는 번역의 정확성을 보증하지 않습니다."
30,2,"2021-09-21","08:39:02","文대통령 ""슬로베니아 원전사업에 한국기업 참여 기대""","[머니투데이 뉴욕(미국)=정진우 기자] [[the300]한-슬로베니아 정상회담]     문재인 대통령은 20일(현지시간) 오후 미국 뉴욕에 있는 주유엔대표부 양자회담장에서 보루트 파호르 슬로베니아 대통령과 정상회담을 갖고양국 관계, 한반도 정세, 글로벌 협력 등에 대해 의견을 교환했다. 문 대통령은 특히 파호르 대통령에게 슬로베니아에서 추진 중인 원자력발전(원전) 사업에 한국 기업들이 참여할 수 있는 기회가 있길 바란다고 강조했다.   문 대통령은 이날 정상회담에서 ""내년 수교 30주년을 맞아 슬로베니아의 주한대사관 개설을 환영하며, 양국 간 인적·물적 교류를 촉진하는 계기가 되기 바란다""고 말했다.   그러면서 ""중·동부 유럽 물류 거점인 슬로베니아는 교역과 투자 확대 잠재력이 충분한 나라이며, 특히 코페르 항을 통한 운송을 통해우리 기업의 물류 효율성이 향상되고 현지 일자리 창출에도 기여하고 있음을 기쁘게 생각한다""고 했다.   이에 파호르 대통령은 ""코페르 항은 수년 내에 현대적으로 개선될 것으로, 유럽 진출을 희망하는 국가에게 열린 항구가 될 것""이라고 말했다.   문 대통령은 슬로베니아의 올해 하반기 EU 의장국 수임 축하 인사를 전하며 ""EU와 한국은 인류 보편의 가치를 공유하며, 규범에 기반한 국제질서 유지를 위해 긴밀히 협력해 오고 있고, 한-EU FTA 발효 10주년을 계기로미래성장 분야 협력을 더욱 확대해 한-EU 간 '전략적 동반자 관계'를 발전시키기를 기대한다""고 강조했다.   파호르 대통령은 ""한국은 동북아 역내에서 중요한 파트너로, 슬로베니아와 공통점이 많다""며 ""슬로베니아는 한국으로부터 배울 것이 많고, 또 한국 역시 슬로베니아로부터 배울 것이 있을 것이다. 슬로베니아는 한국의 좋은 친구가 되기를 기대한다""고 말했다.  문 대통령은 ""오는 12월 서울에서 개최될 예정인 '유엔 평화유지 장관회의'에 슬로베니아 외교·국방장관의 참석을 기대한다""며 ""슬로베니아가 추진 중인 신규 원전 건설사업과 크르슈코 원전 1호기 설비 개선 사업에 같은 종류를 운영하고 있는 우수한 한국 기업이 참여해 양국 원전 협력이 확대되기를 기대한다""고 했다.   한편 이날 정상회담 후 두 정상에 대한 훈장 수여식이 이어졌다. 먼저 문 대통령은 파호르 대통령에게 '무궁화대훈장'을 수여했다. 이어 파호르 대통령은 문 대통령에게 슬로베니아 정부의 '특별공로훈장'을 수여했는데, 슬로베니아의 배우 '가야 비스나르(Gaia visnar)'가 슬로베니아 측 훈장을 낭독했다.     [관련기사] ☞ ""점점 야위어가네""…고현정, 다이어트 성공 후 4개월 변천사 ☞ 곽민선 아나, 수원삼성 선수와 열애설…""경기 지는데 네 생각"" ☞ '삼둥이 임신' 황신영…""현재 104kg, 배가 터질 것 같아"" ☞ 괴롭힘 논란…권민아 'AOA'와 이현주 '에이프릴' 다른 전개 왜? ☞ ""삼촌네 왜 안와요? 엄마만 일하잖아요!"" 시조카가 따지네요   뉴욕(미국)=정진우 기자 econphoo@mt.co.kr     ▶월 0.3%대 최저금리 적용, 키워드림론 간편 신청으로 수익 극대화하자 (신청하기)   빅 사이클 도래! 실적 발표 기대감! 단타, 중,장기를 모두 잡는 엄청난 종목의 등장! [클릭]   ▶급등임박 종목, 일단 뭔지 확인해보고 시작하자◀     [파워 인터뷰]       30배 박셀바이오, 20배 신풍제약, 그리고 '이바이오 종목'   ▶시세 분출 직전 ! 실적 상승 + 재료임박 + 외인대량매집중인 '이 종목' 긴급공개 ◀   기관 외인 바닥권 대량 매집흔적 발견! 급등 임박 大시세 종목 공개!!       <저작권자 ⓒ '돈이 보이는 리얼타임 뉴스' 머니투데이, 무단전재 및 재배포 금지>"
30,3,"2021-09-21","08:38:42","미디어-많은 영국 근로자들이 노동력 부족에도 불구하고 직업선택권이 부족한 것으로 나타났다-FT","MEDIA-Many UK workers found to lack job options despite labour shortage- FT .storyContent * {border-color:inherit !important;outline-color:inherit !important;} -- 원본 링크: https://on.ft.com/2Zgug21  -- 참고: 로이터통신은 이 사연을 검증하지 않았으며 정확성을 보증하지 않고 있다.     globalnewsmonitoring@thomsonreuters.com        (c) Copyright Thomson Reuters 2020. Click For Restrictions - https://agency.reuters.com/en/copyright.html   원문 바로가기    DISCLAIMER  레피니티브의 사전, 서면 승인 없는 톰슨로이터 콘텐츠의 재생산이나 재배포는 금지되어 있습니다. 이 기사의 한국어 번역은 에프앤가이드가 사용하는 기계적 번역에 의한 것으로 톰슨로이터와 레피니티브는 번역의 정확성을 보증하지 않습니다."
30,4,"2021-09-21","08:38:41","북한, 추석에도 농업목표 달성 촉구…""하늘 못이길 이유 없어""","북한, 추석에도 농업목표 달성 촉구…""하늘 못이길 이유 없어"" 가뭄·폭염·태풍 속 최고수확 2019년 언급…""농사는 사람이 짓는다""        (서울=연합뉴스) 권영전 기자 = 북한이 추석에도 불리한 기상 조건을 극복하고 농업 생산목표를 달성하라고 촉구했다.      노동당 기관지 노동신문은 21일 ""우리에게는 그 어떤 불리한 조건에서도 안전하게 높은 소출을 거둘 수 있게 하는 위대한 주체농법·과학농법이 있고 당에서 품 들여 마련해 준 대규모의 관개 체계가 있으며 알곡 증산 투쟁을 통해 얻은 귀중한 경험도 있다""며 ""기어이 알곡 생산목표를 점령하자""고 주문했다.      신문은 가뭄과 폭염·태풍 등이 잇달았던 지난 2019년에 알곡 생산실적이 최고 수확년도 수준을 돌파했다며 ""하늘을 이기지 못할 조건과이유란 있을 수 없다""고 강조했다.      간부들에게도 ""농사는 하늘이 아니라 과학기술로 무장한 사람이 짓는다는 투철한 관점과 입장을 가지고 불리한 조건을 주동적으로 타개하기 위한 작전과 지휘를 더욱 박력있게 전개하는 것이 중요하다""고 요구했다.      신문은 이날 5면을 털어 전날 곳곳에 폭우주의경보와 센바람(강풍)주의경보가 내려진 가운데 각지 농민들이 저수지와 제방, 수로 등 관개·배수시설을 보강하고 바람과 우박 등 피해에 대비하는 한편 추수를 서두르는 모습도 전했다.       곡창지대인 황해북도의 도당위원회는 기상관측 부문과 연계해 재해성 이상기후로 인한 농작물 피해 방지에 역량을 집중했다.      조선중앙통신은 평양326전선종합공장과 희천정밀기계공장, 평양베어링공장, 양책베어링공장 등에서 각지 농촌에 보내줄 농기계 부속품 생산을 마쳤다고도 보도했다.      북한은 새 국가경제발전 5개년 계획 첫해인 올해 농업 생산목표 달성이 향후 경제발전 계획의 중요한 토대라고 보고 농사에 힘을 쏟고 있다.      특히 지난해 장마·태풍에 따른 수해로 만성적인 식량난이 더욱 심해진 상황에서 올해는 기후 이변 등에 대한 경계도 늦추지 않고 있다.     comma@yna.co.kr  (끝)     <저작권자(c) 연합뉴스, 무단 전재-재배포 금지>"
30,5,"2021-09-21","08:38:29","올해 아마존 열대우림 무단벌채 10년만에 가장 극심할 듯","올해 아마존 열대우림 무단벌채 10년만에 가장 극심할 듯 8월까지 7천715㎢ 파괴…NGO ""무단벌채 처벌·목재 반출 금지 필요""         (상파울루=연합뉴스) 김재순 특파원 = 올해 무단벌채로 인한 아마존 열대우림 파괴가 최근 10년 새 가장 극심한 수준으로 진행되고 있다는 지적이 나왔다.      20일(현지시간) 브라질의 환경 관련 비정부기구(NGO)인 인간·환경·아마존 연구소(Imazon)에 따르면 올해 1∼8월 무단벌채로 파괴된 아마존 열대우림은 7천715㎢로 관측됐다.      이는 지난해 같은 기간(5천228㎢)보다 50% 가까이 늘어난 것으로, 1∼8월 기준으로는 2012년 이래 최대 규모다.      안토니우 폰세카 연구원은 ""아마존 열대우림이 황폐화하는 것을 막으려면 무단벌채 행위에 대한 처벌을 강화하고 목재 반출을 금지하는강력하고 효과적인 조치가 필요하다""고 말했다.      화재도 아마존 열대우림을 파괴하는 주요인이다.      브라질 국립우주연구소(INPE) 자료를 보면 지난달 아마존 열대우림에서 발생한 화재는 2만8천여 건으로, 8월 기준으로는 2019년 3만여 건, 2020년 2만9천여 건에 이어 역대 세 번째로 많았다.      아마존 열대우림 화재는 대부분 농경지와 목초지를 확보하기 위한 고의 방화 탓이다.      환경단체들은 아마존 열대우림 화재가 기후변화와도 긴밀하게 관련돼 있다면서 적극적인 대응을 주문하고 있다.      fidelis21c@yna.co.kr  (끝)     <저작권자(c) 연합뉴스, 무단 전재-재배포 금지>"
30,6,"2021-09-21","08:38:27","KBS는 이재명, TBS는 윤석열이 1위…같은날 정반대 여론조사","[머니투데이 유엄식 기자] 추석 전날 발표된 대선후보 여론조사에서 조사 기관마다 각각 다른 결과가 나왔다. KBS 조사에선 이재명 경기도지사가, TBS 조사에선 윤석열 전 검찰총장이 1위를 차지했다. 질문 문항도 비슷해 정치권에선 각자 입장에 따라 해석이 분분하다.   21일 중앙선거여론조사심의위원회에 따르면 전일 한길리서치가 KBS 의뢰로 전국 성인남녀 1000명을 대상으로 '누가 차기 대통령 적합하다고 생각하느냐'는 질문에 더불어민주당 대선 경선 후보인 이재명 지사가 27.8%로 1위를 차지했다.   이 지사는 해당 조사에서 2위 윤석열 전 검찰총장(18.8%) 3위 홍준표 국민의힘 의원(14.8%) 4위 이낙연 더불어민주당 전 대표(12.0%) 등 다른 후보들을 앞섰다. 야권 후보군 중 가장 높은 응답률을 기록한 윤석열 전 총장도 오차범위(95% 신뢰수준에 ±3.1%) 밖으로 앞선 결과였다.   반면 같은 날 TBS가 한국사회여론조사연구소(KSOI)에 의뢰해 진행한 '차기 대선 후보 적합도 추이' 조사 결과에선 정반대 결과가나왔다. 이 조사에선 윤 전 총장이 28.8%로 이 지사(23.6%)를 5.2%포인트 차이로 앞서며 1위를 기록했다. 이어 홍 의원(15.4%) 이 전 대표가(13.7%) 순으로 나타났다.   TBS 조사의 경우 표본오차(95% 신뢰수준에 ±3.1%)를 고려하면 윤 전 총장이 오차범위 내에서 이 지사에 앞선 것으로 나타났다. 윤 후보가 같은 기관 조사에서 이 지사를 앞선 것은 지난달 20~21일 조사 이후 4주 만이다.   두 기관의 조사일과 방식은 다소 달랐다. KBS 조사는 16~18일 3일간 무선전화면접으로, TBS 조사는 17~18일 2일간 무선ARS로 각각 진행됐다. 표본규모는 KBS가 2만개, TBS가 3만개였고 응답자는 KBS가 1000명, TBS가 1004명이었다.   대선 주자 여론조사 결과가 조사 기관마다 다르게 나오자 정치권에선 다양한 해석이 나온다.   야권에선 그동안 여권 인사 '고발 사주' 의혹으로 수세에 몰린 윤 전 총장이 제보자 신뢰 문제가 불거져 다시 지지율이 회복하고있다는 분석과 함께 이 지사가 최근 대장동 개발 의혹으로 정치권의 집중 타깃이 된 것도 영향을 미쳤다는 해석도 나온다.   반면 이 지사 측에선 윤 전 총장을 오차범위 밖에서 앞서는 조사 결과가 많고, 향후 추가 검증에 따라 격차가 더 벌어질 것이란 관측을 내놓고 있다.     [관련기사] ☞ 멀쩡한 서이숙 '심장마비' 가짜뉴스에 또 화들짝…법적 대응 ☞ '삼둥이 임신' 황신영…""현재 104kg, 배가 터질 것 같아"" ☞ ""점점 야위어가네""…고현정, 다이어트 성공후 4개월 변천사 ☞ 곽민선 아나, 수원삼성 선수와 열애설…""경기 지는데 네 생각"" ☞ ""삼촌네 왜 안와요? 엄마만 일하잖아요!"" 시조카가 따지네요   유엄식 기자 usyoo@mt.co.kr     ▶월 0.3%대 최저금리 적용, 키워드림론 간편 신청으로 수익 극대화하자 (신청하기)   빅 사이클 도래! 실적 발표 기대감! 단타, 중,장기를 모두 잡는 엄청난 종목의 등장! [클릭]   ▶급등임박 종목, 일단 뭔지 확인해보고 시작하자◀     [파워 인터뷰]       30배 박셀바이오, 20배 신풍제약, 그리고 '이바이오 종목'   ▶시세 분출 직전 ! 실적 상승 + 재료임박 + 외인대량매집중인 '이 종목' 긴급공개 ◀   기관 외인 바닥권 대량 매집흔적 발견! 급등 임박 大시세 종목 공개!!       <저작권자 ⓒ '돈이 보이는 리얼타임 뉴스' 머니투데이, 무단전재 및 재배포 금지>"
30,7,"2021-09-21","08:37:12","안산 30평도 10억···미친 서울 집값에 주거 난민 대이동","#서울 노원구에서 전세를 살고 있는 40대 A씨는 요즘 의정부·양주 등 경기권 아파트 매수를 고민하고 있다. 현재 살고 있는 전용 84㎡의 계약 당시 전세가는 4억원대였지만 지금은 그 가격이 6억원, 많게는 7억원대까지 껑충 뛰었기 때문이다. A씨는 “몇달 전 계약갱신청구권을 사용해 전세 계약을 연장하기는 했지만 앞으로가 문제”라며 “차라리 그나마 아직 살 수 있는 가격대의 경기 외곽의 아파트를 매수하는 것이 낫다는 판단에서 매수를 염두에 두고있다""고 말했다.   천정부지로 치솟는 서울 집값에 탈(脫)서울 행렬이 이어지고 있다. 매매가 상승과 더불어 임대차3법 등의 여파로 전세 시장까지 불안해지면서 집값 비싼 서울을 떠나 경기·인천 등 수도권 지역에서 보금자리를 찾는 수요자들이 많아지는 추세다.   통계청의 ‘국내인구이동' 통계 자료를 보면 올 상반기 서울을 떠난 인구가 서울로 들어온 인구보다 더 많았다. 전출 인구가 전입 인구보다 5만2,406명 더 많다고 집계된 것이다. 반면 같은 기간 경기도의 인구이동 통계를 보면 전입 인구가 전출 인구를 훨씬 압도해 순유입만 8만9,617명에 달했다.   가파르게 오른 집값을 감당하지 못하고 서울을 빠져나온 인구의 대부분이 경기·인천 등 수도권으로 이동했다는 것이 시장의 분석이다. 집값이 서울보다 저렴하면서도 서울로의 출퇴근이 가능한 지역을 대체지로 선택했다는 설명이다. 서울로의 이동 시간을 대폭 단축해주는 수도권광역급행철도(GTX) 등 교통 호재가 예정된 지역의 집값이 단기간에 급등했다는 점이 이를 뒷받침한다.   실제로 올해 들어 서울 거주자가 다른 지역의 아파트를 매입한 건수는 3만2,420건으로 역대 최고치를 기록하기도 했다. 한국부동산원에 따르면 3만2,420건 중 절반을 훨씬 넘는 62%(1만9,641건)가 경기권인 것으로 나타났다. 지역별로 보면 고양(1,858건)·남양주(1,758건)·의정부(1,322건)·용인(1,260건)·부천(1,224건) 순이다.   수도권 아파트에 대한 수요가 커지면서 청약 경쟁률도 치솟고 있다. 부동산114 자료를 보면 올해 1월부터 8월까지 전국의 청약 경쟁률 상위 10곳 중 7곳이 경기권이다. 지난 5월 경기 화성에서 분양한 ‘동탄역 디에트르 퍼스트지’가 평균 809.08대 1로 역대 최고 경쟁률을 기록했다. 총 302가구를 모집하는데 24만4,300여 명이 청약통장을 던졌다.   자연스럽게 수도권 아파트 값도 뛰는 추세다. 부동산원 주간 통계를 보면 최근 수도권 아파트 매매가 상승률은 5주 연속 0.40%를 유지하며 ‘9주 연속 역대 최고 상승률’이라는 기록을 경신했다. 실거래가를 들여다봐도 상승세가 뚜렷하다. 경기 안산 단원구의 ‘힐스테이트 중앙’ 전용84㎡는 올해 1월까지만 해도 7억원대 중반에서 8억원 정도에 거래됐지만 지난 5월에는 10억원에 육박하는 9억7,000만원에 손바뀜됐다.      ▶▶ 코로나19 백신 임상 3상 완료! 박셀바이오 1000% 뛰어 넘는 역대급 바이오! [확인]  ▶▶ [무료공개] 지금 ""1,000만원""만 있어도 당장 ""이것"" 부터 사라!!>>> (무료체험)   ▶▶ [급등임박 공개] ◀◀ 2021년 상반기 ""정부정책 수해주"" TOP 10 긴급공개 >>> (바로확인)     [ⓒ 서울경제, 무단 전재 및 재배포 금지]    /stockloan.jpg"" border=0>  [ⓒ 서울경제, 무단 전재 및 재배포 금지]"
31,1,"2021-09-21","08:24:00","우리 아이 살릴 25억원 초고가 신약, 건강보험 적용만 된다면…","""평생 단 1회 투여만으로 치료가 가능해 원샷 치료제라고도 불리는 졸겐스마가 국내에 들어왔지만, 비용은 25억원. 환아들과 그 가족들에게는 또 다른 넘어야할 산입니다."" 최근 척수근위축증(SMA)을 앓고 있는 12개월 여아를 둔 엄마가 청와대 국민청원에 올린 사연의 일부다. 이 청원을 시작으로 초고가 약품 건보 적용 논란이 재점화되고 있다. 올해 초고가 약품으로 손꼽히는 선천성 근위축증 치료제 '졸겐스마'와 '꿈의 항암제' 킴리아가 국내에 들어오면서 난치병 환자들의 희망이 됐다. 하지만 '억' 소리나는 비용에 일반 서민들에겐 그림의 떡과 같을 뿐이다. 환자들 사이에선 건보 등재를 요구하는 목소리가 높지만 이들 치료제에 건보를 적용할 경우 국민건강보험공단(건보공단)의 재정 부담이 될 수밖에 없어 정부에겐 고민거리다.  ■ 단 한 번이면 되는데…졸겐스마 25억, 킴리아 5억    평생 단 1회 투여만으로 SMA치료가 가능해 '원샷 치료제'라고도 불리는 졸겐스마는 지난 5월말 식품의약품안전처 허가를 받았다. 졸겐스마는 SMA로 문제가 생긴 운동신경 형성을 개선해 호흡곤란을 해소해주는 약이다. 졸겐스마보다 앞서 국내에서 판매 허가를 받은 항암 치료제 킴리아 건보 등재 요구 역시만만치 않다. 킴리아는 환자 개인 맞춤형 항암 치료제다. 단 한 번의 주사로 생존율을 상당히 높일 수 있는 것으로 알려졌다. 하지만 해외에서 책정된 약값만 보더라도 졸겐스마는 1회 접종에 약 25억원, 킴리아 역시 단 한 번 주사에 약 5억원에 달하는 탓에 대부분의 환자들은엄두도 못 내고 있는 실정이다. 난치병 환자 커뮤니티 등을 중심으로 졸겐스마와 킴리아 건보 등재를 간절히 바라는 글들이 잇따르고 있다.  이와 관련해 청와대 국민 청원은 7건이 게재돼있다.  이 중 2살 아이를 둔 40대라고 밝힌 한 청원인은 ""저처럼 항암 불응으로인해 치료법이 없는 경우 킴리아는 살 수 있는 마지막 희망""이라며 ""일본의 경우 급여가 된다고 하던데 우리나라도 급여가 이뤄지면 좋겠다. 조금 더 살고 싶다""고 밝혔다.   ■ 건보공단 ""재정 부담 우려…제약사와 논의할 것""   하지만 이들 치료제에 건보 적용을 승인하는 건 정부로선 어려운 선택이다. 이들이 초고가 약품인만큼 건보 재정 부담이 따라서다. 건보 적립금은 2017년 20조7733억원에서 올해 6월 기준18조 1688억원으로 4년 연속 줄어들고 있다. 반면 건보 재정에서 지출하는 약품비는 2010년 13조5000억원에서 지난해 20조8000억원으로 약 54%가 상승했다. 이런 상황에서 수혜자가 제한적인 이들 약품에 건보를 적용하는 것에 대한 반발도 있다. 건보공단은 올 하반기 이들 약품에 대한 건보 등재 여부를 면밀히 검토할 방침이다. 이상일 건보공단 급여상임이사는 지난 14일 전문기자협의회를 열고 ""과거와 달리 제약시장에는 졸겐스마, 킴리아주 등 평생 1번만 투여하는 혁신형 신약이 등장하고 있다""며 ""대신 비용이 수억원에서 수십억원에 달해 건보재정 부담이 상당히 크다""고 밝혔다. 이어 ""약제 자체가 환자 치료에 필수적이어서 약제 접근성을 보장해야 한다""며 ""약제에 관한 과거 전통적인 약가관리 방식으로는 한계가 있어 새로운 방식이 필요하다. 공단은 해당 제약사와 적절한 방식을 논의해 찾으려 한다""고 말했다. 일본 정부는 킴리아와 졸겐스마 모두 건보 적용을 결정한 바 있다. 다만 일본에서도 우리와 비슷한 논란이 있었고 대상이 될 환자와 관련해 매우 까다로운 조건을 내걸고 있다. 본인 부담금의 경우 소득에 따라 상한선을 정했다. 일본 건보체계에선 일반적으로 전체 의료비 중 환자가 부담하는 비율은 30%(미취학아동 20%)다. 다만 초고가의 경우엔 상한이 적용돼 킴리아의 경우 연소득 500만엔(약 5000만원) 이하의 경우 1회 투약에 40만엔 (약 400만원)정도만 부담토록 하고 있다.  [김정은 매경닷컴 기자]    ☞ [매경증권센터] 이시각 증시는? ☞ [이시각 증시는] 거래소, 코스닥 시황 종합 ☞ [이 시각 특징주] 투자자별 매매동향, 이슈 테마!! ☞ [증권사 리포트] 최신 증권사 리포트 요약 ☞ 동학개미운동! 주식 초보투자자들의 성공백서! 톡스타!! ☞ 수익률 & 성공투자! ""톡스타""가 함께 합니다   [ⓒ 매일경제 & mk.co.kr, 무단전재 및 재배포 금지]"
31,2,"2021-09-21","08:23:38","다코타 액세스 파이프라인은 미국 대법원에 환경 연구 명령의 파기를 요청한다.","Dakota Access pipeline asks U.S. Supreme Court to scrap environmental study order .storyContent * {border-color:inherit !important;outline-color:inherit !important;} 뉴욕, 9월20일 (로이터) - 월요일 다코타 접근은 미국 대법원에 노스다코타 유역 밖으로 나가는 가장 큰 송유관에 추가적인 환경 검토가 필요한지를 재심의를 요청했다.   미국 컬럼비아 지방법원은 지난해 송유관에 대한 핵심 환경허가를 파기하고 추가 환경연구를 명령했다. 미국 원주민 부족과 환경단체들은 이 송유관이 미주리 강과 중요한 식수원을 오염시킬 것이라고 주장했다.   에너지 전달 ET.NBakken 셰일 유역에서 매일 57만 배럴(bpd)의 파이프라인을 운영하고 있는 에스는 파이프라인이 안전하다고 말했다.   동사는 탄원서에서 추가검토는 불필요하며 다른 대규모 인프라 프로젝트에 부담을 지울 것이라고 말했다.  ""이번 사건은 석유 산업과 석유 노동자들, 그리고 국가에 엄청난 파장을 몰고 온다""고 송유관 운영자들은 청원서에서 말했다.   그 회사는 월요일에 즉각 논평을 하지 않았다. 그 부족들을 위한 변호사들은 즉시 논평하지 않았다.      (Reporting by Devika Krishna Kumar in New YorkEditing by Chris Reese)  devika.kumar@thomsonreuters.com ; +1 646 223 6059; Reuters Messaging: devika.kumar.thomsonreuters.com@reuters.net     (c) Copyright Thomson Reuters 2020. Click For Restrictions - https://agency.reuters.com/en/copyright.html        Keywords: USA-PIPELINE/DAKOTAACCESS (URGENT)   원문 바로가기    DISCLAIMER  레피니티브의 사전, 서면 승인 없는 톰슨로이터 콘텐츠의 재생산이나 재배포는 금지되어 있습니다. 이 기사의 한국어 번역은 에프앤가이드가 사용하는 기계적 번역에 의한 것으로 톰슨로이터와 레피니티브는 번역의 정확성을 보증하지 않습니다."
31,3,"2021-09-21","08:23:27","오스트레일리아의 APA는 72억 달러에 AusNet Services를 인수할 것을 제안했다.","Australia's APA offers to buy AusNet Services for $7.2 bln .storyContent * {border-color:inherit !important;outline-color:inherit !important;} 9월 21일(로이터) - 오스트레일리아의 에너지 인프라 기업 APA 그룹 APA.AX 화요일에 AusNet Services Ltd.를 인수하기 위한 구속력이 없는 제안을 했다. AST.AX 99억 6천만 달러(72억 2천만 달러)에 캐나다 투자자인 브룩필드 자산운용사와 입찰 전쟁에 돌입했다.  이 현금과 주식 거래에 따르면 APA 그룹은 아우스넷 주주들에게 주당 2.60달러를 지불하게 되는데, 이는 마지막 마감까지 10.2%의 프리미엄을 지불하게 된다.     ($1 = 1.3785 호주달러)     (Reporting by Sameer Manekar in Bengaluru; Editing by Krishna Chandra Eluri)  Sameer.Manekar@thomsonreuters.com ; +918061823447; ))     (c) Copyright Thomson Reuters 2020. Click For Restrictions - https://agency.reuters.com/en/copyright.html        Keywords: AUSNET SERVICES-M&A/APA (URGENT)   원문 바로가기    DISCLAIMER  레피니티브의 사전, 서면 승인 없는 톰슨로이터 콘텐츠의 재생산이나 재배포는 금지되어 있습니다. 이 기사의 한국어 번역은 에프앤가이드가 사용하는 기계적 번역에 의한 것으로 톰슨로이터와 레피니티브는 번역의 정확성을 보증하지않습니다."
31,4,"2021-09-21","08:22:57","중국발 경제위기 우려에 … 비트코인부터 솔라나까지 8% 이상 급락",".ad {text-align:center; font-size:8pt; font-family:돋움;line-height:1.2}.title{font-size:14px;color:#203c76;font-weight:bold;margin-bottom:20px;}a,img {border:0; outline:none; selector-dummy:expression(this.hideFocus=true);}body,td,select,input,div,form,textarea,center,option,pre,blockquote {font-size:9pt; line-height:1.6; font-family:돋움;}table{width:100%; border:0px;}@media (min-width:650px){img {max-width:600px;height:auto}}@media (max-width:650px){img {max-width:500px;height:auto}}@media (max-width:550px){img {max-width:400px;height:auto}}@media (max-width:450px){img {max-width:300px;height:auto}}@media all and (max-width: 400px) {img {max-width:300px;height:auto}.tbl_dmd {width:340;text-align:right;border-collapse:collapse;}}.pv{display:none;}.popup {cursor : pointer;color:#0078c6;}.mttl {color:#821e1e;font-weight:bold;font-size:9pt;}.tldot {font-size:7pt;color:#0078c6;}td.pls {color:#ff3300;}td.mns {color:blue;}td.pls_ar {text-align:right;color:#ff3300;}td.ar {text-align:right;}td.ac {text-align:center;}.tbl_dmd {width:380;text-align:right;border-collapse:collapse;}.tbl_dmd {max-width:400;min-width:340;text-align:right;border-collapse:collapse;}.tbl_dmd td {padding-right:5;border:1px solid #dcdcdc;}.tbl_con {width:340;border-collapse:collapse;text-align:center;}.tbl_con td {padding-right:5;border:1px solid #dcdcdc;}r {display:none;} 제목 : 중국발 경제위기 우려에 … 비트코인부터 솔라나까지 8% 이상 급락   21일 중국부동산 개발업체인 헝다그룹(에버그란데) 파산설 우려가 확산되면서 암호화폐(가상화폐)가 일제히 하락세다. /사진=뉴시스  중국 부동산 개발업체인 헝다그룹(에버그란데) 파산설 우려가 확산되면서 암호화폐(가상화폐)가 일제히 하락세다.       21일 오전 8시 8분 글로벌 코인시황 중계사이트인 코인마켓캡에서 비트코인은 24시간 전보다 8.00% 급락한 4만3323.11달러를 기록하고 있다. 이더리움은 9.50% 하락한 2985.80달러에, 카르다노(에이다)는 7.31% 떨어진 2.11달러에 거래 중이다. 솔라나와 도지코인도 각각 9.63%와 9.44% 하락세다.      헝다그룹발 경제 위기 우려가 고조되면서 글로벌 증시와국제유가, 암호화폐까지 영향을 미치고 있다. 헝다그룹은 지난해말 기준 총부채가 1조9500억위안(약 350조원)으로 중국 은행 전체 부실채권 총액(2조7000억위안)의 73%에 달한다.    헝다그룹이 파산할 경우 중국 금융기관의 부실 이슈로 확대돼 경제 전반에영향을 미칠 것이라는 우려가 커지고 있다. 앞서 신용평가사 피치는 이달 초 헝다그룹이 오는 23일 이자 8353만달러를 납입하지 못하고 파산할 것이라며 투자등급을 정크단계(CC)로 하향 조정한 바 있다. 이후 본격적으로 디폴트 이슈가 부각됐다.       위험자산 회피 심리가 커지면서 미국 증시는 물론 유럽증시도 일제히 급락했다. 뉴욕증권거래소(NYSE)에서 다우존스30산업평균지수는 전 거래일 대비 1.78% 하락했고 스탠더드앤드푸어스(S&P)500지수와 나스닥지수도 각각 1.70%와 2.19% 급락했다. 유럽에서는독일의 닥스지수가 2.31% 급락했고 영국의 FTSE지수와 프랑스 CAC지수가 각각 0.86%와 1.74% 떨어졌다.       국제유가도 일주일 만에 최저 수준으로 떨어졌다. 뉴욕상업거래소에서 10월물 서부텍사스원유(WTI) 가격은 전 거래일 대비 1.68 달러(2.3%) 하락한 배럴당 70.29달러로 마감했다.       ☞ 김소연, 물오른 미모 무슨일… 단발도 '찰떡' ☞ '최현석 딸' 최연수, 우월한 몸매 자랑… 허리가 '한 줌' ☞ ' 애프터스쿨 출신' 유이, 요요 고백 이후 근황… ""역대급 바디프로필"" ☞ 구혜선 근황, 밤샘 작업 직후 셀카… 흐트러짐 없는 美모 ☞ 이경규 딸 이예림, 이 정도였어?… 결혼 앞두고 물오른 美모     해당 기사는 머니S(moneys.mt.co.kr)에서 제공한 것이며 저작권은 제공 매체에 있습니다. 기사 내용 관련 문의는 해당 언론사에 하시기 바랍니다.  ▶▶[무료 참여코드: 7676] 오늘 현재 무료체험 인원 1천 3백명! 기간무제한! 이용료 0원, 선착순마감직전, 지금 바로 입장!! ▶ [완.벽.적.중] 급등임박! 이번주 상한가 예상종목 (클릭) ◆ 4분기 정부 정책 최대 수혜주 TOP 5 (확인) ▶ [참여코드: 0713] 잘 고른 카톡방 하나가 계좌를 바꾼다! (입장하기) >> ◆ 아직도 싸다! 놓치면 후회 할 저평가 우량주 TOP5            Copyright ⓒ True&Live 증시뉴스 점유율1위, 인포스탁(www.infostock.co.kr)"
31,5,"2021-09-21","08:22:53","백종원급 솜씨?…'특대 계란말이'로 요리실력 뽐낸 윤석열 [영상]","국민의힘 대권주자인 윤석열 전 검찰총장이 첫 예능 나들이에서 수준급 요리 실력을 선보였다. 더불어민주당 소속 이재명 경기도지사, 이낙연 전 총리까지 여야 유력 대권주자 3명 중 첫 타자로 나선 윤 전 총장이 대중적 호감도를 끌어올리는 계기가 될지 관심이 쏠린다.  윤 전 총장은 19일 저녁 전파를 탄 SBS 예능 ‘집사부일체’에 출연했다. 최근 6개월간 한국갤럽·리얼미터 여론조사를참조해 이들 대권주자를 섭외, 특집방송을 준비한 집사부일체 측은 “지지율이 높은 대권주자 3명이 사부로 출연할 예정”이라고밝혔다.   방송을 앞두고 집사부일체 측이 선공개한 영상을 보면 윤 전 총장은 서울 서초동 자택을 찾은 출연진에게 계란말이와불고기, 김치찌개를 요리해 대접했다. 특히 계란 10개를 풀어 각 잡힌 ‘특대 계란말이’를 뚝딱 만들어내는 모습에 출연진이 연신 감탄했다는 후문.  윤 전 총장은 스테인리스 프라이팬에 물을 붓고 예열하면서 “물이 동그랗게 돼갖고 구슬 굴러가듯이 해야 된다. 요리 좀 하는 사람은 코팅 팬 잘 안 쓴다”며 자신감을 내비쳤다. 그는 52세에 늦깎이로 부인 김건희씨와 결혼하기 전까지 자취생활을 오래 한 것으로 알려져 있다.   이어 계란물을 팬에 붓고 한 차례 말아 모양을 잡은 뒤 추가로 계란물을 부어 이어붙이며 요리하는 모습에 “많이 해본 솜씨”라는 평가가 흘러나왔다.  이처럼 요리에 집중하자 배우 이승기는 “오늘대선주자 특집 맞느냐”면서 “대선 얘기 하나도 안 했는데! 거의 ‘윤식당’(배우 윤여정 등이 출연해 해외에서의 한식당 운영 과정을 담은 tvN 예능)이야”라며 웃어보였다. 제작진은 ‘윤석열의 쿠킹 클래스(요리 교실)’이란 자막도 곁들였다.   “마지막에 모양을 만드는 거야”라면서 각 잡힌 특대 계란말이를 완성한 윤 전 총장은 빵칼을 집어 들며 “ 계란말이 자르려고 산 것”이라고 덧붙였다. 요리 시간을 계산해 김치찌개를 푹 끓이는 동안 계란말이 했던 팬에 곧바로 불고기까지 조리하는 능숙한 모습을 선보여 ‘윤주부’라는 말도 나왔다.  출연진에게 자신을 형이라 부르라고 한 윤 전 총장은 이승기가 “형수님한테도 자주 (요리)해주세요?”라고 묻자 “이렇게 해야 안 쫓겨나고 살지 않겠나”라며 너스레를 떨어 웃음을 자아내기도 했다.   박근혜 정권 당시 국가정보원 댓글 사건 수사를 지휘하다 좌천되는가 하면 현 정권 들어 여당 대권주자인 추미애 전 법무부 장관과 대립각을 세우는 등 ‘강골 검사’ 색이 강했던윤 전 총장의 예상 밖으로 부드럽고 가정적인 이미지가 부각됐다는 반응이 나온다.  집사부일체는 방송 콘셉트에 맞춰 ‘사부’로 선정된 대권주자들의 인생역정과 향후 계획 등을 묻는 시간을 가질 예정이다. 이날 윤 전 총장 편을 시작으로 이달 26일 이재명 지사, 다음달 3일엔 이낙연 전 대표 편이 방영된다.  김봉구 한경닷컴 기자 kbk9@hankyung.com    관련기사 '영끌' 빚폭탄 떠안은 3040…""이러다큰일난다"" ""르노·GM은 하는데 못한다""…현대차·기아 '눈물' 소시 윤아도 당황…Z세대는 안 입는다는 그 바지 ""한두 번도 아니고…"" 또 한국 외면한애플 ""세월호 스티커 때문에 테러 당했습니다""    ⓒ 한국경제 & hankyung.com, 무단전재 및 재배포금지"
31,6,"2021-09-21","08:22:42","UPDATE 1-의원들은 미국 법무부에 난폭한 항공 승객들을 기소할 것을 촉구한다.","UPDATE 1-Senators urge U.S. Justice Dept to prosecute unruly air passengers .storyContent * {border-color:inherit !important;outline-color:inherit !important;}   워싱턴, 9월 20일 (로이터) - 두 명의 미국 상원 민주당 중진 urged Attorney General Merrick Garland 월요일, 비행기에 탑승한 사고들이 증가하고 있는 상황에서 다루기 힘든 항공 승객들을 조사하고 기소하기 위해.  상원 다수당인 휘프 딕 더빈 의원과 상무위원장 마리아 캔트웰은 법무부와 연방항공청(FAA)에 ""적격 승객행위가 형사적으로 기소될 수 있도록 보장할 것""을 요청했다.  더빈과 캔트웰은 ""시민 처벌만으로는 항공사 승객들의 범죄 활동을 막지 못하고 있다""고 썼다. the letter to the FAA.  FAA와 법무장관은 즉각 언급하지 않았다.  지난 6월 아메리칸항공 등 미국 주요 항공사를 대표하는 단체. AAL.O델타항공 DAL.N 유나이티드 항공 [RIC:릭:우알코.UL], 그리고 항공 연합도 있다. asked Garland 점점 더 많은 파괴적이고 폭력적인항공 승객들을 기소할 것이다.  미국항공이 보낸 서한에는 ""사고는 승객과 직원들에게 안전과 보안의 위협이 되고 있으며, 우리는 (법무부가) 기내 폭력 행위에 대해 전면적이고 공공적인 기소를 할 것을 정중히 요청한다""고 적혀 있다.  올해 현재까지 4,284건의 신고가 접수됐다. unruly passenger incidents마스크와 관련된 3,123개를 포함하여. FAA는 154건 100만 달러 이상의 벌금형을 선고하는 등 집행에 착수했다.  스티브 딕슨 FAA 행정관은 지난 1월 도널드 트럼프 전 미국 대통령의 지지자들이 1월 6일 미 국회의사당 공격주변 비행에 지장을 초래하자 여객기 내 승객 소동에 대해 무관용 명령을 내렸다. 이 정책은 지난 달 2022년 1월 중순으로 연장된 비행기에대한 연방 마스크 규정이 있는 한 최소한 그 기간까지 연장될 것이다.  더빈과 캔트웰은 갈랜드에 보낸 서한에서 ""DOJ가 연방법 집행관들과 검사들에게 이 권한을 이용하여 보고된 항공기 사건들을 철저히 조사하고, 증거에 의해 뒷받침되면 형사적으로 책임이 있는 사람들을 기소하는 것이 중요하다""고 말했다.  이와 별도로 하원 교통인프라위원회는 30일 항공노조 등 업계 관계자들이 참여하는 공청회를 열 예정이다. 항공 분노의 급증과 그것이 노동자와 항공사, 공항에 미치는 영향.""        (Reporting by David Shepardson; Editing by Karishma Singh)  David.Shepardson@thomsonreuters.com ; 2028988324; ))     (c) Copyright Thomson Reuters 2020. Click For Restrictions - https://agency.reuters.com/en/copyright.html        Keywords: USA-AIRLINES/PASSENGERS (UPDATE 1, PIX)   원문 바로가기    DISCLAIMER  레피니티브의 사전, 서면 승인 없는톰슨로이터 콘텐츠의 재생산이나 재배포는 금지되어 있습니다. 이 기사의 한국어 번역은 에프앤가이드가 사용하는 기계적 번역에 의한 것으로 톰슨로이터와 레피니티브는 번역의 정확성을 보증하지 않습니다."
31,7,"2021-09-21","08:21:16","중국 ‘헝다’ 디폴트 위기 이번 주 분수령...“이미 늦었다” 지적도","23일 1억 달러 규모 채권 이자 만기일 중국 당국, 개입 신호 아직 없어 '시진핑표' 부동산 단속 정책시험대     중국 부동산 재벌 ‘헝다’의 디폴트(채무불이행) 공포가 시장 전반으로 확산하고 있다. 중국판 ‘리먼브라더스’ 사태 재연 위기 가능성에 무게가 실리면서 중국 당국의 관련 정책도 시험대에 올랐다.   20일(현지시간) 블룸버그통신에 따르면 이번 주 헝다의 채권 이자 상환 만기일이 다가오는 가운데 상환이 어려울 것이라는 데 무게가 실린다.   총부채 규모가 3000억 달러(약 356조 원)에 달하는 헝다는 23일 주요 은행에 달러와 위안화 채권 이자로 1억 달러 이상을 지불해야 한다.   8.25% 금리의 5년 만기 달러채에 대한 이자가 8350만 달러다. 채권 약관에 따르면 이자를 지급하지 못할 경우 30일간의 유예기간을 거쳐 디폴트로 간주된다. 같은날 위안화 채권 2억3200만 위안(약 425억 원)의 쿠폰 만기도 도래한다.   중국 당국은 해당 은행에 이자 상환이 어렵다는 소식을 전한 것으로 알려졌다. 이날 헝다 주가는 장중 한때 19% 하락하면서 시가총액이 사상최저치로 곤두박질쳤다. 홍콩 증시의 항셍지수가 4% 가까이 떨어졌고 헝다의 디폴트 공포가 글로벌 금융시장으로 번지면서 유럽증시도 2% 이상 하락했다. 미국 뉴욕증시도 일제히 빠졌고 안전자산 선호 심리로 달러는 강세를 보였다.   세계 경제 2위 대국 중국발(發) 글로벌 시장 충격 가능성이 커진 가운데 시진핑 중국 국가주석의 규제강화 정책이 시험대에 올랐다는 평가가나온다.   일부 전문가들은 당국이 충격을 낮추기 위해 시장에 개입할 것으로 전망한다.   중국 국가통계국(NBS) 대변인은 지난주 부동산 기업들이 처한 어려움을 인정하면서 “산업 전반에 미치는 영향을 주시할 필요가 있다”고 밝혔다.   캐피털이코노믹스의 아시아 경제 수석 연구원 마크 윌리엄스는 “헝다의 디폴트 공포가 커지면 중국 정부가 유동성 지원에 나설 것”이라고내다봤다.   지난주 블룸버그는 소식통을 인용해 중국 당국이 글로벌 로펌 회사에 헝다의 재정 상황 검토를 요청했다고 전했다.   일각에서는 이미 늦었다는 분석도 나온다.   CNBC는 중국 언론이 헝다 유동성 문제를 ‘거대한 블랙홀’로 규정하고 있다면서 이는 아무리 많은 돈을 투입해도 해결할 수 없는 문제임을시사한다고 지적했다.   중국 당국의 보다 분명한 신호가 필요하다는 평가도 있다. 중국 당국은 위기를 해결하기 위한 국가 주도의 계획을 공개적으로 밝히지 않고 있다.   다만 인민은행은 17일 시장 우려 완화 차원에서 900억 위안을 시장에 투입한 데 이어 18일에도 1000억 위안을 공급했다.   골드만삭스는 헝다발 충격이 시장 전반으로 번지지 않도록 하겠다는 분명한 신호를 중국 당국이 보내야 한다고 촉구했다.   골드만삭스는 “정책 당국자들이 부동산 시장의 디레버리징(부채 축소)에 나설 신호가 없는 상황에서 정부가 명확한 해결 방침을 제공하지 않을 경우 주택시장이 더 악화할 수 있음을 최근 움직임이 시사하고 있다”고 분석했다.   헝다는 역내 2000개, 해외 200개 이상 자회사를 보유한 자산 2조 위안 규모의 중국 최대 부동산 기업이다. 중국 국내총생산(GDP)의 2%에 맞먹는 수준이다.   부동산은 중국 가계 자산의 40%를 차지하고 있어 헝다의 디폴트 공포는 이미 시장에 충격을 주고 있다.   김서영 기자(0jung2@etoday.co.kr)   [오늘의 핫클릭] ●추석 차례 지방 쓰는 방법…'현고학생부군신위' 올바른 작성법은? ●추석 차례상 차리는 법…'홍동백서'·'조율이시' 등 유의할 점은?  ●▶▶주식 30만원으로 시작한다면 꼭 '이렇게' 해라! [클릭] ●통장에 50만원 있다면 ""이종목"" 꼭 매수해라!! [클릭] ●▶美 FDA 임상3상완료! 2000조 시장 거머쥘 바이오 新대장주 [확인] ●▶기관, 외인 2000만주 이상 거침없는 대규모 매집! ""o o o"" 인수전 시작! (확인) ●▶최종목표 1500%! 美 FDA 임상3상 긴급승인! 잭팟 터질 바이오株! [클릭]        이투데이(www.etoday.co.kr), 무단전재 및 수집, 재배포금지   프리미엄 경제신문 이투데이    "
32,1,"2021-09-21","08:07:05","""남동생 결혼 못하는 건 너 때문""…이 말에 어머니 살해한 친딸","[머니투데이 이영민 기자]   자신을 구박하는 어머니를 목 졸라 살해한 50대 여성이 항소심에서도 중형을 선고받았다.   광주고법 전주재판부 제1형사부(부장판사 김성주)는 존속살해 혐의로 기소된 A씨(54)에 대한 항소심에서 피고인과 검사의 항소를 기각, 징역12년을 선고한 원심을 유지했다고 21일 밝혔다.   A씨는 지난 1월14일 오전 11시40분쯤 전북 익산시 한 주택에서 어머니 B씨(81)를 목 졸라 살해한 혐의로 기소됐다.   A씨는 20여년 전 이혼을 한 뒤 경기도에서 홀로 생활하다가 건강이 좋지 않아 2013년부터 익산에 있는 남동생 집에서 어머니 B씨, 남동생과함께 살았다.   사건 당일 A씨는 B씨로부터 ""남동생이 결혼 못하는 건 네가 이 집에 함께 살고 있기 때문"" ""집에 왜 들어왔냐"" ""나가 죽어라"" 등 구박과 욕설을 듣고 홧김에 이 같은 범행을 저지른 것으로 조사됐다.   A씨는 경찰 조사에서 ""어머니를 밀쳤는데 장롱에 머리를 부딪혀 쓰러졌다""고 혐의를 부인했다.   하지만 B씨의 시신에서 목이 졸린 흔적이 발견됐다. 국립과학수사연구원도 사인을 질식사로 추정했다.   1심 재판부는 ""피고인은 피해자인 어머니로부터 구박과 욕설을 듣자 홧김에 피해자의 목을 졸라 사망하게 했다""며 ""자신을 낳아주고 길러준 어머니를 살해한 점 등에 비춰 죄질이 매우 나쁘다""고 징역 12년을 선고했다.   이에 피고인은 양형이 부당하다며 항소했다.   하지만 2심 재판부는 ""피고인의 하는 행동이나 말하는 내용을 들어보면 피고인은 범행을 스스로 기억하지 않으려고 하는 것으로 보인다""며 ""하지만 피고인은 자신의 어머니를 살해하는 돌이킬 수 없는 잘못을 저질렀다""고 밝혔다.   이어 ""피고인이 피해자로부터 구박을 받고 심한 욕설을 듣게 되자 감정을 조절하지 못해 우발적으로 이 사건 범행에 이르게 됐다"" 며 ""또 평생 무거운 죄책감 속에서 살아가야 할 것으로 보이는 점 등 여러 양형조건 등을 고려해 정한 원심의 형은 적절한 것으로 보인다""고 했다.     [관련기사] ☞ ""점점 야위어가네""…고현정, 다이어트 성공 후 4개월 변천사 ☞ 곽민선 아나, 수원삼성 선수와 열애설…""경기 지는데 네 생각"" ☞ '삼둥이 임신' 황신영…""현재 104kg, 배가 터질 것 같아"" ☞ 괴롭힘 논란…권민아 'AOA'와 이현주 '에이프릴' 다른 전개 왜? ☞ ""삼촌네 왜 안와요? 엄마만 일하잖아요!"" 시조카가 따지네요   이영민 기자 letswin@mt.co.kr     ▶월 0.3%대 최저금리 적용, 키워드림론 간편 신청으로 수익 극대화하자 (신청하기)   빅 사이클 도래! 실적 발표 기대감! 단타, 중,장기를 모두 잡는 엄청난 종목의 등장! [클릭]   ▶급등임박 종목, 일단 뭔지 확인해보고 시작하자◀     [파워 인터뷰]       30배 박셀바이오, 20배 신풍제약, 그리고 '이바이오 종목'   ▶시세 분출 직전 ! 실적 상승 + 재료임박 + 외인대량매집중인 '이 종목' 긴급공개 ◀   기관 외인 바닥권 대량 매집흔적 발견! 급등 임박 大시세 종목 공개!!       <저작권자 ⓒ '돈이 보이는 리얼타임 뉴스' 머니투데이, 무단전재 및 재배포 금지>"
32,2,"2021-09-21","08:06:02","美 코로나 사망자수, 1918년 스페인독감 넘어서","67만5446명 숨져   연말까지 10만명 추가될 수   1918년 11월, 미국 워싱턴DC 월터 리드 병원에서 한 간호사가 스페인 독감에 걸린 환자를 돌보고 있다. [AP]  [헤럴드경제]미국의 코로나19 사망자 수가 1918년 유행했던 스페인 독감 사망자 수를 넘어섰다고 블룸버그 등이 20일(현지시간) 보도했다.  존스홉킨스대 집계에 따르면 이날 기준 미국의 코로나19 누적 사망자 수는 67만5446명으로, 스페인 독감유행 당시 사망자 추정치인 67만5000명을 넘었다.  블룸버그는 지난 100년간 의학의 발전과 코로나19 백신의 광범위한 사용을 고려했을때 치명적인 수치라고 봤다.  변이 바이러스를 연구하는 미국 스크립스 리서치 트랜스레이셔널 인스티튜트의 설립자 에릭 토폴 박사는 “현대 의학으로도 많은 사망자가 있다는 건 고통스러운 일”이라며 “1918년에는 인공호흡기나 백신이 없었다”고 말했다.  미국 인구가 100년 전과 비교해 3배가량 늘었기 때문에 두 질병의 사망자 수를 단순 비교하는 건 무리가 있다는 지적도 있다.  블룸버그는 1918년 스페인 독감 대유행 때는 주로 젊은 사람이 희생됐지만, 코로나19는 사망자의 대부분이 65세 이상의 고령층이었다고 설명했다.  아울러 스페인 독감은 14∼15주 안에 대부분의 피해가 일어났지만 코로나19는 피해가 더 장기화하고 있다고 분석했다.  전문가는 스페인 독감처럼 코로나19가 우리 사회에서 완전히 사라지지 않을 수도 있다고 우려했다.  대신 백신 접종과 반복적인 감염을 통해 인간의 면역력이 강해져 코로나19 바이러스가 약해질 가능성은 있다고 전망했다.  에모리대 생물학자 러스톰 안티아는 “ 우리는 (코로나19가) 감기처럼 되기를 바라지만 이를 장담할 수는 없다”면서 몇 년에 걸쳐 이런 일이 일어날 수 있다는 낙관적인 시나리오를 제시했다.  AP는 미국의 코로나19 사망자 수는 더 늘어날 전망이라고 했다.  워싱턴대의 예측 모델에 따르면 미국 내 코로나19 사망자 수는 내년 1월 1일까지 약 10만명이 추가돼 누적 사망자 수는 77만6000명에 달할 것으로 예상됐다.  전문가는 코로나19 사망자를 줄이려면 백신 접종이 필요하다고 강조했다.  미 질병통제예방센터(CDC)에 따르면 올해 봄과 여름 백신 접종을 완료하지 않은 사람은 완료한 사람과 비교해 입원 가능성은 10배 이상, 사망률은 11배 높았다.  앨라배마대 전염병학자인 베르다 히달고 박사는 “ 너무 많은 잘못된 정보가 일부 사람들의 백신에 대한 불신을 키운다”면서 “그들의 죽음은 절대적으로 예방할 수 있었다”고 지적했다."
32,3,"2021-09-21","08:05:48","UPDATE 1-외부 검토 결과 세계은행 ""기업하기"" 순위에서 더 심한 부패를 발견함","UPDATE 1-External review finds deeper rot in World Bank 'Doing Business' rankings .storyContent * {border-color:inherit !important;outline-color:inherit !important;}   워싱턴, 9월 20일 (로이터) - 세계은행이 맹렬한 독립 조사 끝에 주요 기업 순위를 폐지하기 몇 주전에, 한 그룹의 외부 자문위원들은 ""점수 조작""을 위한 국가들의 노력을 제한하기 위해 순위를 전면 개편할 것을 권고했다.  세계은행(World Bank) 수석 경제학자 카르멘 라인하트에게 제출된 지 약 3주 만인 24일 은행 홈페이지에 원로 학자들과 경제학자들이 작성한 84쪽 분량의 리뷰가 게재됐다.   세계은행은 목요일에 그렇게 할 것이라고 말했다. cancel the ""Doing Business"" series 내부 감사와 별도의 독립적 감사를 이유로 국가 비즈니스 기후에 대해 언급 probe 현재 국제통화기금(IMF) 총재인 크리스탈리나 게오르기바를 비롯한 세계은행 고위 지도자들을 발견한 법률회사 윌머헤일은 세계은행 총재 시절 직원들에게 중국에유리한 자료를 수정하라고 압력을 가했다.  게오르기바는 강한 힘을 가지고 있다. denied 연구 결과  데이비드 맬패스 세계은행 총재는 지난 목요일 데이터 조작 논란이 불거진 이후 첫 공개 논평에서 ""윌머헤일은 스스로 말하고 있다""고 보도했으며, 세계은행은 각국이 기업 환경을 개선하는 데 도움이 되는 새로운 접근법을 모색할 것이라고 CNBC에 말했다.  24일 발간된 이번 리뷰는 중국 사우디아라비아 아랍에미리트(UAE) 아제르바이잔 등에 대한 내부 감사 결과 자료 비리가 잇따라 드러나자 2020년 12월 세계은행이 모인 한 단체가 작성한 것이다.  그것은 과거 몇 년 동안의 보고서에 대한 채점을 ""방해하기 위한 정부의 노력 패턴""을 언급하면서, 사업 수행 보고서의 ""방법론적 무결성""을 다루기 위한 일련의 개선 조치와 개혁을 요구한다.  ""세계은행은내성이 필요하다. 그것은 더 나은 통치, 투명성, 그리고 관행을 위한 국가 개혁을 지지해 왔다. 콜롬비아 대학 교수인 마우리시오 카르데나스 전 콜롬비아 재무장관은 ""이제는 자체 개혁을 위해 이 처방을 사용해야 한다""고 말했다.   전문가들은 '사업하는 중' 시리즈가 순위를 산출하는 데 사용되는 기초 데이터와 설문지에 대한 투명성이 부족하고, '사업하는 중' 팀과 다른 세계은행 운영 사이의 방화벽이 필요하며, 영구적인 외부 검토 위원회를 만들도록 요구했다고 비난했다.  보고서는 ""국가정부가 개인 기여자에게 압력을 행사해 DB점수를 조작하려 한 사례가 다수 보고됐다""고 변호사, 회계사 등 전문직 종사자를 지목했다.  ""세계은행 직원들은 정부 관리들이 기부자들에게 어떻게 대응해야 할지를 지시했다고 믿는 몇몇 나라들을 언급했다. 그리고 정부의 노골적인 압박이 없는 상황에서도 당연히 보복의 인식된 위협은 기여자들이 보고하는 점수에 영향을 줄 수 있다.""     판매 조언  저자들은 또한 은행이 한 나라의 점수 향상을 목표로 하는 정부들에 대한 컨설팅 서비스의 판매를 중단할 것을 요구하면서 명백한 이해 상충을 구성했다고 언급했다.  저자들은 ""세계은행이 점수 향상 방법에 대해 국가 코칭에 지불하는 것을 받아들이면서 동시에 채점국들의 비즈니스 환경에 관여해서는 안 된다""고 썼다. 세계은행은 중국, 사우디아라비아 등 데이터 조작 조사에 연루된 일부 국가들을 포함해 다수의 국가에서 이러한 '허용 가능한 자문 서비스' 즉 RAS 를 제공했다고 이 보고서는 밝혔다.   2020년 12월 한 내부감사는 은행 경영진이 2018~2020년 다잉비즈니스지수(Doing Business Index) 이슈에서 직원 15명 중 9명에게 데이터 조작을 압박해 사우디가 전 세계적으로 '가장 개혁적인' 지위로 올라섰고, 아랍에미리트와 중국의 순위가 상승하는 한편 아제르바이잔은 t에서 떨어졌다고 보고했다.op 10 순위는 외부 자문위원들이 보고했다.  별도의 WilmerHale 보고서는 사우디 아라비아의 데이터 변경은 ""아마도 은행 고위 직원이 원하는 결과를 얻고 사우디가 의미 있고 진행 중인 RAS 프로젝트를 포함하여 은행 커뮤니티에서 수행한 중요한 역할에 대해 보상하기 위해 노력한 결과""라고 말했다.  월요일의 보고서를 작성한 전문가 패널의 또 다른 멤버인 워싱턴의 세계개발센터의 저스틴 샌더퍼 수석연구원은 세계은행에서 ""지배구조의 문제""를 보여주었으며 다른 데이터 세트에서도 유사한 문제가 지속되지 않을 것이라는 어떤 확신도 보지 못했다고 말했다.     (Reporting by Andrea Shalal; additional reporting by David Lawder; Editing by Heather Timmons and Grant McCool)  andrea.shalal@tr.com ; +1 202-815-7432; ))     (c) Copyright Thomson Reuters 2020. Click For Restrictions - https://agency.reuters.com/en/copyright.html        Keywords: WORLDBANK-ETHICS/REPORT (UPDATE 1, PIX)   원문 바로가기    DISCLAIMER  레피니티브의사전, 서면 승인 없는 톰슨로이터 콘텐츠의 재생산이나 재배포는 금지되어 있습니다. 이 기사의 한국어 번역은 에프앤가이드가 사용하는 기계적 번역에 의한 것으로 톰슨로이터와 레피니티브는 번역의 정확성을 보증하지 않습니다."
32,4,"2021-09-21","08:05:10","BUZZ-EUR/USD-구매자가 1.1700으로 나타난 후 변경되지 않음","BUZZ-EUR/USD-Opens unchanged after buyers emerge at 1.1700 .storyContent * {border-color:inherit !important;outline-color:inherit !important;} 미국 달러화 대비 유로화는 유로화/JPY 판매 시 1.1700까지 낮은 가격으로 거래된 후 변경되지 않음   익스트림 리스크 오프 시장은 월요일 달러 대비 JPY와 CHF를 선호했다.    5, 10 및 21일 MA가 약체 정렬 상태여서 미국/유로화 대비 추세 감소   저항은 10일 MA 1.1783으로 완화된 하방압력이다.   지원액은 1.164로 2021년 최저 수준이며 입찰가는 1.1700이다.   아시아의 핵심은 휴일을 마치고 돌아오면서 도쿄에서 유로/JPY로 흘러나오는 흐름이다.   자세한 내용을 보려면 을 클릭하십시오. FXBUZ                                 (John Noonan is a Reuters market analyst. The views expressed are his own)  john.noonan@thomsonreuters.com        (c) Copyright Thomson Reuters 2020. Click For Restrictions - https://agency.reuters.com/en/copyright.html   원문 바로가기    DISCLAIMER  레피니티브의 사전, 서면 승인 없는 톰슨로이터 콘텐츠의 재생산이나 재배포는 금지되어 있습니다. 이 기사의 한국어 번역은 에프앤가이드가 사용하는 기계적 번역에 의한 것으로 톰슨로이터와 레피니티브는 번역의 정확성을 보증하지 않습니다."
32,5,"2021-09-21","08:05:01","BUZZ-EUR/USD-구매자가 1.1700으로 나타난 후 변경되지 않음","BUZZ-EUR/USD-Opens unchanged after buyers emerge at 1.1700 .storyContent * {border-color:inherit !important;outline-color:inherit !important;} 미국 달러화 대비 유로화는 유로화/JPY 판매 시 1.1700까지 낮은 가격으로 거래된 후 변경되지 않음   익스트림 리스크 오프 시장은 월요일 달러 대비 JPY와 CHF를 선호했다.    5, 10 및 21일 MA가 약체 정렬 상태여서 미국/유로화 대비 추세 감소   저항은 10일 MA 1.1783으로 완화된 하방압력이다.   지원액은 1.164로 2021년 최저 수준이며 입찰가는 1.1700이다.   아시아의 핵심은 휴일을 마치고 돌아오면서 도쿄에서 유로/JPY로 흘러나오는 흐름이다.   자세한 내용을 보려면 을 클릭하십시오. FXBUZ                                 (John Noonan is a Reuters market analyst. The views expressed are his own)  john.noonan@thomsonreuters.com        (c) Copyright Thomson Reuters 2020. Click For Restrictions - https://agency.reuters.com/en/copyright.html   원문 바로가기    DISCLAIMER  레피니티브의 사전, 서면 승인 없는 톰슨로이터 콘텐츠의 재생산이나 재배포는 금지되어 있습니다. 이 기사의 한국어 번역은 에프앤가이드가 사용하는 기계적 번역에 의한 것으로 톰슨로이터와 레피니티브는 번역의 정확성을 보증하지 않습니다."
32,6,"2021-09-21","08:05:00","BUZZ-EUR/USD-구매자가 1.1700으로 나타난 후 변경되지 않음","BUZZ-EUR/USD-Opens unchanged after buyers emerge at 1.1700 .storyContent * {border-color:inherit !important;outline-color:inherit !important;} 미국 달러화 대비 유로화는 유로화/JPY 판매 시 1.1700까지 낮은 가격으로 거래된 후 변경되지 않음   익스트림 리스크 오프 시장은 월요일 달러 대비 JPY와 CHF를 선호했다.    5, 10 및 21일 MA가 약체 정렬 상태여서 미국/유로화 대비 추세 감소   저항은 10일 MA 1.1783으로 완화된 하방압력이다.   지원액은 1.164로 2021년 최저 수준이며 입찰가는 1.1700이다.   아시아의 핵심은 휴일을 마치고 돌아오면서 도쿄에서 유로/JPY로 흘러나오는 흐름이다.   자세한 내용을 보려면 을 클릭하십시오. FXBUZ                                 (John Noonan is a Reuters market analyst. The views expressed are his own)  john.noonan@thomsonreuters.com        (c) Copyright Thomson Reuters 2020. Click For Restrictions - https://agency.reuters.com/en/copyright.html   원문 바로가기    DISCLAIMER  레피니티브의 사전, 서면 승인 없는 톰슨로이터 콘텐츠의 재생산이나 재배포는 금지되어 있습니다. 이 기사의 한국어 번역은 에프앤가이드가 사용하는 기계적 번역에 의한 것으로 톰슨로이터와 레피니티브는 번역의 정확성을 보증하지 않습니다."
32,7,"2021-09-21","08:04:38","서울 지역 250개교, 월경용품 지원받는다…교육청 시범사업","서울 지역 250개교, 월경용품 지원받는다…교육청 시범사업        (서울=연합뉴스) 이도연 기자 = 서울시교육청이 모든 청소년에게 월경 용품을 보편적으로 지급하는 시범사업을 벌이기로 하고 250개 학교에 예산을 지원한다.      서울시교육청은 최근 관내 250개교를 선정해 월경 용품과 교육자료 구매를 위한 예산 각 100만 원씩, 총 2억 5천만원을 지급한다고 21일밝혔다.      해당 예산으로는 생리대나 월경 키트(파우치, 생리대, 생리팬티 등으로 구성) 등 월경 용품이나 월경에 대한 수업 중 활용할 수 있는 교육자료만 구매할 수 있다.      신청·지원 대상에서 남자중학교와 남자 고등학교는 제외됐으며 250개교는 여학생 수와 학급 수를 고려해 선정됐다.      그간 생리대 유해성 논란과 이른바 '깔창 생리대'로 촉발된 저소득층 청소년의 생리대 선별 지원 문제 등으로 '모든 청소년에게 월경 용품을 지급하라'는 보편 지원 목소리가 커졌다.      서울, 경기, 인천, 대구, 광주 등의 지자체는 청소년 월경용품 보편지급 조례를 제정했으며 여성가족부는 내년부터 현재 만 11∼18세를대상으로 하는 여성 청소년 생리대 지원을 만 9세부터 받을 수 있도록 확대했다.       다만 여러 지자체에서 예산 부족과 근거 법률 미비 등을 이유로 아직 보편 지급이 이뤄지고 있지 않다.      그 사이 교육청이 청소년의 성 건강과 월경용품 사용 교육 등을 위해 시범사업에 나선 것이다.      교육청 관계자는 ""올해는 월경용품·교육자료 구매 지원을 시범사업으로 운영하고 내년부터는 더 확대할 예정""이라고 밝혔다.      dylee@yna.co.kr  (끝)     <저작권자(c) 연합뉴스, 무단 전재-재배포 금지>"
33,1,"2021-09-21","08:00:00","DGB금융 추석 맞아 지역사회 이웃사랑 실천","DGB금융은 추석을 맞아 지역사회 소외 계층 지원에 나섰다. 대구광역시사회복지협의회 정병주 회장, DGB금융지주 최태곤 전무, 안심제1종합사회복지관 김오기 관장(왼쪽부터)가 농산물 세트를 전달하고 기념촬영을 하고 이?.        [파이낸셜뉴스]   DGB금융그룹은 추석을 맞아 지역 사회에 우리 농산물을 전달했다.  21일 관련 업계에 따르면 DGB금융그룹은 최근 안심제1종합사회복지관에서 대구광역시사회복지협의회와 함께 '취약계층 우리농산물 선물세트 전달식'을 진행했다. 이번 사업은 코로나19로 판로 개척에 어려움을 겪고 있는 농가의 농산물 판매를 지원하는 동시에 추석 명절을 맞아 ESG경영을 실천하기 위해 진행됐으며 대구광역시사회복지협의회와 안심제1종합사회복지관으로부터 추천받은 60여세대 취약계층에게 샤인머스켓과 건버섯 선물세트를 전달했다.  특히 지주 임원과 함께 DGB사회공헌재단에서 운영하는 'With-U 대학생봉사단'이 직접 농산물을 정성껏 포장하고 취약세대에 배달했다. DGB금융그룹은 작년에 이어 올해에도 자체 봉사단 등을 활용해 '생필품박스 전달', '푸드뱅크 사업 지원', 혹서기 'BLUE WIND(블루 윈드)' 사업에 이어 추석 명절을 앞두고 자원봉사단체협의회를 통한 생필품 전달, 행복드림데이 등 다양한 활동을 했다.  pride@fnnews.com 이병철 기자  ▶1500% 가는 '제2의 HMM' 아직 5000원대 황금株, 급등 전 마지막 기회! [클릭] ▶“주식카톡방 완전무료 선언” 파격결정  [파이낸셜뉴스 주요뉴스]  → 남편과 사별한 여성, 자기 따라다니던 남자와 결혼했더니.. → ""팬티만 입으라는 지시 받았다"" 그의 소변에는... → 모델 한혜진 ""전 남친, 방송서 男 출연자와 눈 보며 대화했다고.."" → '태아 머리가 보인다' 전주 女 사우나서 일어난 일 → 월급 150만원 39세 여성의 어머니 ""내 딸 정도면.."" → 주식 말고 다른 재테크가 궁금해? [파인애플]  ● 하루만에 高수익 챙길 ‘초대형’ 백신 대장株! 비밀리에 입수! 1200% ↑↑ (CLICK)  ▶▶[무료공개]◀◀ 지금 ""1,000만원""만 있어도 당장 ""이것""부터 사라!! >>> (무료 체험)   ※ 저작권자 ⓒ 파이낸셜뉴스. 무단 전재-재배포 금지 "
33,2,"2021-09-21","08:00:00","“코인보다 비상장주식?”… 장외시장 K-OTC에 몰리는 뭉칫돈","[아시아경제 장효원 기자] 최근 제도권 장외시장 K-OTC가 주목받고 있다. 예비상장사들은 물론이고 숨겨진 알짜기업들이 K-OTC에서 빛을발하고 있어서다. 실제 지난 20일 기준 K-OTC시장의 전체 시가총액은 22조1000억원으로 지난해 말 17조원보다 30% 급증했다.    발 빠른 투자자들의 관심이 높아지면서 거래대금도 계속 증가하는 추세다. 일평균 거래대금은 2019년 40억3000만원에서 지난해 51억5000만원, 올해 60억원으로 늘고 있다.   K-OTC는 금융투자협회가 2014년 설립한 장외주식시장이다. 비상장 주식을 상장 주식처럼 편리하게 거래할 수 있고 사설 업체가 아닌 금융투자협회에서 관리하는 시장이라 상대적으로 안정성이 높다. 기본적으로 코스피, 코스닥 등 한국거래소의 상장 기준보다 완화된 기준을 충족하면 K-OTC에 등록해 거래될 수 있다.   현재 거래되는 전체 기업 수는 140개로 종목 수는 계속 늘고 있다. 올해에만 11개 기업이 신규 등록됐고 연말까지 20개 종목이 새로 들어올 것으로 예상된다.   비상장주식 시장이라 작은 벤처기업만 있는 것은 아니다. 포스코건설, SK에코플랜트, 넷마블네오 등의 대기업 계열사와 비보존, 아리바이오, 오상헬스케어 등 바이오회사들도 K-OTC에서 거래되고 있다.   높은 상승률을 보이는 종목들도 등장하고 있다. 지난 4월 K-OTC에 입성한 2차전지 음극재 원료 제조업체 인동첨단소재는 거래 첫날 400%급등 출발한 후 5거래일 만에 1000% 넘는 수익률을 기록한 바 있다. 지난 13일 등록한 두올물산 역시 3거래일 연속 상한가를 기록하며 1000% 대의 수익률을 보이고 있다.   K-OTC는 장외시장이지만 일반 상장사 거래 매매와 같은 방법으로 주식을 사고 팔 수 있다. 매매거래는 모든 증권사의 홈트레이딩시스템(HTS), 모바일트레이딩시스템(MTS)를 통해서 가능하다. 거래시간도 오전 9시 개장 후 오후 3시30분에 마감한다. 가격변동폭도 상하한가 30%로 동일하다.   다만 시간외거래는 없고 매매 방식은 매도호가와 매수호가가 일치하는 경우에만 이뤄지는 상대매매 방식이다. 만약 매매 호가가 다를 경우 투자자는 호가를 조정해야 거래를 성사시킬 수 있다.   한편 K-OTC는 세제 혜택도 있다. 2018년 소득세법이 개정돼 소액주주의 K-OTC 시장 거래시 양도세 면제대상이 벤처기업에서 중소·중견기업으로 확대됐다. 또 증권거래세율도 인하돼 현재 코스닥과 동일한 0.23% 수준이다.    ● [무료공개] 지금 ""1,000만원""만 있어도 당장 ""이것""부터 사라!! >>> (무료 체험)   ● K방역 위기! SK바이오사이언스 1200% 능가할 하반기 역대급 백신株 [지금 확인]  ● 2021년 하반기 실적이 기대되는 저평가 종목 ㅇㅇㅇ 확인하기! [관련기사]  ☞ 추석에 현금만?...이제 주식 선물하세요  ☞ 중국 부동산 투자하면 연 수익 20%···3억원 편취한 50대 감형  ☞ 매물부족에 대출규제까지…추석 후 '전세 고통' 본격화 우려  ☞ 이강덕 포항시장, 추석 전날 이른 아침 수산물 위판장 방문  ☞ 투자 성공의 핵심은 기업분석! 'CORE' 바로가기      장효원 기자 specialjhw@asiae.co.kr   <ⓒ경제를 보는 눈, 세계를 보는 창 아시아경제(www.asiae.co.kr) 무단전재 배포금지>"
33,3,"2021-09-21","08:00:00","울산시, 학생 대상 신재생에너지 교육","【파이낸셜뉴스 울산=최수상 기자】 울산시는 학생들의 신재생에너지에 대한 이해도를 높이고 흥미 유발을 위해 ‘2021년 펀펀에너지스쿨(Fun-Fun Energy School)’을 오는 10월~11월 말 운영한다고 21일 밝혔다. 한국에너지공단 부산울산지역본부와 공동 주관하고, 시교육청이 후원하는 이번 교육은 △신재생에너지 동영상 시청 △파워포인트를 활용한 이론수업 △태양광 자동차 꾸러미(키트)제작 △퍼즐게임 및 퀴즈 △수소전기차 소개 및 시승 등으로 진행된다. 특히 이론 중심의 지루하고 딱딱한 에너지 교육에서 벗어나 놀이와 재미를 지향한 체험형 중심으로 구성하며 도입 첫해인 지난 2014년부터 강의 만족도 및 재교육 참가 의사가 상당히 높게 나타나는 등 학생들로부터 큰 인기를 끌고 있다.  지난 2014년~2020년참여자 수만 총 275학교 8055명에 달한다. 교육 및 참여를 원하는 초등학교는 오는 28일까지 한국에너지공단 부산울산지역본부에 신청서를 작성해 선착순으로 접수하면 된다. 울산시 관계자는 “신재생에너지 체험꾸러미(키트)제작 만들기, 수소전기차 체험 등 학생들의 눈높이를 고려한 수준별 맞춤형 프로그램으로 준비했다.”며 “우리시가 에너지 절약 선도도시가 될 수 있도록 올해도 학생들의 많은 참여를 당부드린다.”라고 말했다.    ulsan@fnnews.com 최수상 기자  ▶1500% 가는 '제2의 HMM' 아직 5000원대 황금株, 급등 전 마지막 기회! [클릭] ▶“주식카톡방 완전무료 선언” 파격결정  [파이낸셜뉴스 주요뉴스]  → 남편과 사별한 여성, 자기 따라다니던 남자와 결혼했더니.. → ""팬티만 입으라는 지시 받았다"" 그의 소변에는... → 모델 한혜진 ""전 남친, 방송서 男 출연자와 눈 보며 대화했다고.."" → '태아 머리가 보인다' 전주 女 사우나서 일어난 일 → 월급 150만원 39세 여성의 어머니 ""내 딸 정도면.."" → 주식 말고 다른 재테크가 궁금해? [파인애플]  ● 하루만에 高수익 챙길 ‘초대형’ 백신 대장株! 비밀리에 입수! 1200% ↑↑ (CLICK)  ▶▶[무료공개]◀◀ 지금 ""1,000만원""만 있어도 당장 ""이것""부터 사라!! >>> (무료 체험)   ※ 저작권자 ⓒ 파이낸셜뉴스. 무단 전재-재배포 금지 "
33,4,"2021-09-21","08:00:00","대구시자치경찰위, 대구형 자치경찰 정책제안 공모","생활 속 치안 아이디어 발굴 통해 시민 밀착형 정책 수립    지난 5월 20일 출범식을 갖고, 시민의 자치경찰로 힘찬 첫걸음을 내디딘 대구시자치경찰위원회 전경. 사진=fnDB  【파이낸셜뉴스 대구=김장욱 기자】 대구시 자치경찰위원회는 시민참여를 통한 지역맞춤형 치안정책을 발굴하고자 '대구형 자치경찰 정책 제안'을 공모키로 하고, 오는 10월 15일까지 접수한다고 21일 밝혔다. 이번 공모는 지난 7월 1일 자치경찰제 전면 시행에 따라 기존 단일 경찰체제와는 차별화된 치안정책을 추진하고 특히 대구만의 지역적특성을 반영한 대구형 자치경찰 치안정책 수립을 위해 기획됐다. 관심 있는 대구시민은 누구나 참여할 수 있다. 생활안전, 사회적약자보호, 교통안전 3개 분야로 진행되며, 시 민원·공모홈서비스 또는 이메일을 통해 접수한다. 생활 속 치안 불안요소나 교통불편사항, 사회적 약자 보호 등과 관련된 문제점과 개선을 위한 정책아이디어를 누구나 자유롭게 제안할 수 있다.  심사 결과는 11월 중 시 홈페이지 게시 및 개별 통보할 예정이다. 지역적 특성, 창의성, 효과성, 시민참여도 등을 심사해 분야별로 최우수, 우수 각 1건씩선정해 시상하고, 채택된 제안은 정책 추진 시 반영할 계획이다. 공모전에 대한 자세한 사항은 시 자치경찰위원회에 문의하거나 시 홈페이지에서 확인할 수 있다.  gimju@fnnews.com 김장욱 기자  ▶1500% 가는 '제2의 HMM' 아직 5000원대 황금株, 급등 전 마지막 기회! [클릭] ▶“주식카톡방 완전무료 선언” 파격결정  [파이낸셜뉴스 주요뉴스]  → 남편과 사별한 여성, 자기 따라다니던 남자와 결혼했더니.. → ""팬티만 입으라는 지시 받았다"" 그의 소변에는... → 모델 한혜진 ""전 남친, 방송서 男 출연자와 눈 보며 대화했다고.."" → '태아 머리가 보인다' 전주 女 사우나서 일어난 일 → 월급 150만원 39세 여성의 어머니 ""내 딸 정도면.."" → 한주간 지친 나에게 디저트로 [파인애플]  ● 하루만에 高수익 챙길 ‘초대형’ 백신 대장株! 비밀리에 입수! 1200% ↑↑ (CLICK)  ▶▶[무료공개]◀◀ 지금 ""1,000만원""만 있어도 당장 ""이것""부터 사라!! >>> (무료 체험)   ※ 저작권자 ⓒ 파이낸셜뉴스. 무단 전재-재배포 금지 "
33,5,"2021-09-21","08:00:00","내차팔기 꿀팁 ""현장에서 감가 당하지 않으려면?""","[아시아경제 이창환 기자] 추석 연휴를 전후로 중고차 시세가 상승할 전망이다. 차량 이용 빈도가 증가함에 따라 중고차 거래량이 늘어나기 때문이다.    중고차 매물 확보를 위해 딜러들의 매입 경쟁이 심화되는 기간인 만큼, 이 시기에 차량을 처분하려는 고객들도 많아지고 있다. 따라서 해당 시기에 기존 차량을 판매하는 것이 좋은 타이밍이라고 볼 수 있다.   이에 모바일 중고차 플랫폼 ‘첫차’가 내차팔기 이용 시, 희망하는 가격에 차량을 잘 처분할 수 있는 방법을 21일 공개했다. 첫차는 온라인을 통해 차량을 판매할 경우, 만족도 높고 정확한 견적을 받기 위해 반드시 챙겨야 할 사항들을 소개했다.   첫 번째로 차량 정보를 등록할 때, 자신의 차량 세부 모델과 추가 옵션을 정확히 선택하는 것이 중요하다. 국산차 기준, 동일한 조건의 차량도 옵션에 따라 적게는 20만 원, 많게는 200만 원 이상 차이를 보인다.    옵션이 추가되지 않은 일명 ‘깡통’ 차량과 고급 옵션이 추가된 동일 모델의 매입가격 차이가 가장 큰 편이다. 고객이 선호하는 옵션은매입 딜러 역시 선호하는 옵션이므로 높은 견적을 받기 위해서는 내 차의 정보를 빠짐없이 정확히 입력해주는 것이 좋다.   두 번째로, 차량 상태를 확인할 수 있는 사진과 설명을 자세히 등록할수록 더 정확도 높은 견적을 받을 수 있다. 첫차 내차팔기에서는 차량번호와 소유자명 확인 시, 해당 차량의 보험 사고 이력 데이터를 제공한다.    다만, 보험 사고 이력상 확인되지 않는 단순 교환 이력 및 외판과 휠 흠집 등, 현 시점에서 달라진 차량 상태가 있다면 설명을 덧붙여 딜러가 차량 상태를 정확히 파악할 수 있도록 하는 것이 중요하다. 높은 매입 견적을 받고도 현장에서 감가를 당하는 일을 방지하기 위함이다.   차량을 얼마나 잘 관리했는지를 알려주는 것도 예상보다 큰 도움이 된다. 차량을 운행하며 주기적으로 발생한 각종 오일류, 필터류, 타이어 등의 소모품 교체 이력, 차량의 정비내역서와 관리 방법 등을 제출하는 것도 좋은 방법이다. 잘 관리한 차량일수록 고장 확률이 적고 상품 가치가 높기 때문이다.   다수의 견적을 받은 후, 최종 견적을 선택할 때에는 견적뿐만 아니라 입찰 딜러의 기존 거래 이력과 관련된 정보를 참고해야 좋은 거래를성사시킬 수 있다.    최고가 견적을 제시하고 현장에서 무리한 감가를 진행하는 딜러가 있는 반면, 현장 감가를 최소화하고 합리적인 견적을 제시하는 딜러도있기 마련이다. 그러므로, 입찰 딜러의 평점과 거래 후기 등을 제공하는 플랫폼을 이용하는 것이 중요하다.    신세현 첫차 이사는 ""연말까지 중고차 매입 시장은 본격적인 성수기 시즌이므로, 올해 4분기나 내년 초에 차량을 변경하려는 고객들의 비교견적 이용이 더 활발해질 것""이라고 말했다.    ● [무료공개] 지금 ""1,000만원""만 있어도 당장 ""이것""부터 사라!! >>> (무료 체험)   ● K방역 위기! SK바이오사이언스 1200% 능가할 하반기 역대급 백신株 [지금 확인]  ● 2021년 하반기 실적이 기대되는 저평가 종목 ㅇㅇㅇ 확인하기! [관련기사]  ☞ 갑자기 끼어든 K5에 테슬라 '벌러덩'…과실비율 논란  ☞ 고속도로 양방향 정체…오후 7시 넘어 정체 해소  ☞ 상장 앞둔 SM상선, 노선·신조선 강화…기업가치 높인다  ☞ 추석 전날 꽉 막힌 귀성길…전국 교통량 405만대 예상  ☞ 투자 성공의 핵심은 기업분석! 'CORE' 바로가기      이창환 기자 goldfish@asiae.co.kr   <ⓒ경제를 보는 눈, 세계를 보는 창 아시아경제(www.asiae.co.kr) 무단전재 배포금지>"
33,6,"2021-09-21","08:00:00","'윤석열·조성은·박지원…' 여의도 강타한 '고발 사주' 의혹 총정리","[아시아경제 이현주 기자] 이른바 '고발 사주' 의혹이 최근 여의도 정계를 강타했다. 최초 보도 이후 초반에는 배후로 지목된 윤석열 전검찰총장에 이목이 쏠렸다. 그러나 제보자 조성은 씨(전 미래통합당 선거대책위원회 부위원장)가 전면에 등장함과 동시에 박지원 국가정보원장 개입설이 야권에서 흘러 나오면서 고발 사주는 '제보 사주' 의혹으로도 번졌다. 여야는 '윤석열 게이트', '박지원 게이트'로 나눠 연일 전면전을 펼쳤다. 이번 사건과 관련된 정치권 이슈들을 시간 순서대로 정리해봤다.   ① 9월2일 '고발 사주' 최초 보도= 2일 '뉴스버스'는 제21대 국회의원 선거(총선)가 있기 직전인 지난해 4월 검찰이 여권 인사 10 여명을 야당을 통해 고발하려 했다는 의혹을 보도했다. 보도에 따르면 손준성 당시 대검찰청 수사정보정책관은 텔레그램을 통해 유시민·최강욱·황희석 등 여권 인사들의 실명이 적힌 고발장과 관련 이미지 100여장을 김웅 미래통합당(현 국민의힘) 후보자에게 두 차례 전달했다. 뉴스버스 측은 손 정책관이 당시 총장이었던 윤 전 총장의 지시에 의해 이런 행동을 했을 것으로 추측했다. 가족과 관련한 명예훼손 내용이 혐의 속에 일부 들어 있었기 때문이다.   ② 9월3일 윤석열 ""(근거) 있으면 대라""= 윤 전 총장 측은 보도 이후 '사실무근'이라는 입장을 발표했다. 본인은 사주 할 이유가없다면서 보도 다음 날인 3일 기자들과 만난 자리에서 '(고발 사주 의혹) 근거를 대라'며 강력하게 피력하기도 했다. 윤 전 총장은 정해진일정을 그대로 소화했다. 또 실제 고발까지 이어지게 하려 했다면 당내 입지가 약한 김 의원 보다는 윤 전 총장과 가깝다고 알려져 있는 정점식 당시 법률지원단장에게 곧바로 청탁하지 않았겠느냐는 주장도 폈다.      ③ 9월6일 미래통합당 고발장 유사= 실제 고발이 이뤄지지 않았다는 점에서 4월 고발장이 큰 문제가 없다는 윤 전 총장 측 주장은다시 한 번 뒤집힌다. 'KBS'는 6일 지난해 8월 미래통합당이 실제로 고발한 최강욱 열린민주당 대표의 고발장이 손 검사로부터 김 의원이 받았다는 고발 사주 문건(2020년 4월 8일 발송) 중 하나와 거의 유사하다고 보도했다. KBS 보도에 따르면 4월 김 의원이 전달 받은 것으로 알려진 고발 사주 내용 중 일부가 당으로 흡수된 후 실제 고발장으로 작성돼 4개월 뒤 고발로 이어진 것이다. 김 의원이 받아 넘긴 자료는 고발장을 휴대전화 사진으로 찍은 이미지 파일이었다.    ④ 9월8일 김웅·윤석열 기자회견= 사건의 핵심 인물로 여겨졌던 김웅 국민의힘 의원은 8일 기자회견을 열고 해당 사건에 대해 ""기억이 나지 않는다""는 취지로 해명했다. 그는 ""모 매체(뉴스버스)를 통해 보도가 된 해당 고발장은 제가 작성한 것이 아님을 명백히 밝힌다”며 “당시 대화는 보도된 고발장의 존재 자체를 인지하지 못한 상태에서 제가 최강욱 의원 관련 문제를 당내에서 최초로 제기했다는 점을 밝히는 것이었고, 실제 보도된 본건 고발장은 저와 관련이 전혀 없다”고 강조했다. 사실상 “기억이 나지 않는다”는 입장을 되풀이한 기자회견이었다. 윤 전 총장도 8일 오후 긴급 기자회견을 열고 ""출처와 작성자가 없는 괴문서로 국민들을 혼동에 빠뜨렸다""며 “(제보자는) 폭탄을던져 놓고 숨지 말고 당당하게 나오라""고 말했다.   ⑤ 9월9일 국민의힘, ‘공명선거추진단’ 발족= 8월 실제로 진행된 최 대표의 고발장이 정점식 의원실에서 작성된 것으로 밝혀졌다. 여러 언론을 통해 고발장을 제출한 조상규 변호사는 당 당무감사실 관계자로부터 '초안'을 전달 받았고, 이 관계자는 지난해 8월 20일 정점식 의원실에서 해당 파일을 받은 것으로 알려졌다. 후보 개인 문제이기도 하지만 당 리스크로 번질 것을 우려한 국민의힘은 김재원 최고위원을 단장으로 한 '공명선거추진단'을 출범 시켰다. 추진단은 네거티브 대응단 형식을 갖추지만 이번 고발 사주 사건과 관련해 들여다 볼 것으로 예상됐다. 여권은 '검당 유착'이라며 강하게 비판했다.   ⑥ 9월10일 최초 제보자 등장= 여러 언론 인터뷰를 통해 자신은 제보자가 아니라고 주장하던 조성은 씨가 돌연 ""내가 제보자이자공익신고자""라며 방송에 출연했다. 10일 'JTBC' 뉴스에 나온 조 씨는 김 의원으로부터 문건을 받은 사실을 인정하며 ""김 의원이 전화를 걸어'꼭 대검 민원실에 접수하라'는 얘기를 했다. '절대 중앙지검은 안된다'고 했다""고 말했다""고 밝혔다. 사실상 배후로 다시 한 번 윤 전 총장을 지목한 셈이다.   ⑦ 9월13일 ""원장님과 상의했던 날짜 아냐""= 조 씨가 방송에 출연한 이후부터 야권은 박지원 국정원장 개입설을 강하게 제기했다. 여러 당을 옮겨 다닌 조 씨는 박 원장의 측근 중 한 명으로 알려져 있다.       박 원장 개입설을 조 씨 본인이 자초한 측면도 있다. 13일 'SBS' 뉴스에 출연한 조 씨가 ""(제보와 보도 등) 날짜와 기간 때문에 저에게 어떤 프레임 씌우기 공격을 하시는데 사실 9월2일이라는 날짜는 우리 원장님(박 원장)이나 제가 원했던 거나 제가 배려 받아서 상의했던 날짜가 아니거든요""라고 말하면서 개입 의혹은 더욱 증폭됐다. 국민의힘은 조 씨가 박 원장 개입을 자백했다며 역공을 펼치기 시작했다. 조 씨의 해명에도 불구하고 8월 11일 박 원장을 만나기 전 조 씨가 해당 고발 문건을 다운로드 받았다는 사실이 전해지면서 이번 고발 사주 의혹에 박원장이 깊숙이 개입됐을 것이란 가설이 정치권을 돌아다녔다.   윤 전 총장 측은 대응 차원에서 '정치공작 진상조사 특별위원회'를 발족 시켰고, 박 원장과 조 씨 그리고 성명 불상자 1인을 국가정보원법 및 공직선거법 위반 혐의로 고위공직자범죄수사처(공수처)에 고발했다. 정치적 중립을 지켜야 하는 국정원장이 야당의 유력주자를 제거하기위해 대선에 개입한 의혹을 제기했다. 이날 최강욱 열린민주당 대표와 황희석 최고위원도 대검찰청에 이번 사건 고소장을 냈고, 서울중앙지검은 하루 만에 공공수사1부에 배당했다.   ⑧ 9월14일 박지원 ""호랑이 꼬리 밟지 말라""= 박 원장은 자신의 배후설을 주장하는 윤 전 총장을 향해 '잠자는 호랑이 꼬리를 밟지 말라'고 경고하면서 '윤우진 전 세무서장 뇌물수수 의혹' 사건 등을 14일 거론했다. 그러자 야권에서는 “국정원장 지위를 이용한 공갈, 협박”이라는 반응이 나왔다. 윤 전 총장 캠프가 낸 고발장에 성명 불상자 1인이 홍준표 의원 캠프 관계자라는 소문 때문에 홍 의원 캠프와 윤전 총장 캠프가 크게 대립각을 세우기도 했다.      ⑨ 9월16일 최초 보도 전 조·박 만났다= 뉴스버스 최초 보도 직전 조 씨가 8월 말 박 원장을 한 차례 더 만난 정황이 연이어 보도됐다. 16일 '조선일보'는 9월 2일 인터넷 매체의 첫 보도 직전에 추가 만남이 이뤄졌다고 전했다. 조 씨도 이를 긍정했다. 조씨는 'YTN' 라디오에서 만난 시기에 대한 질문에 “8월 넷째주였다”며 “(박 원장이) ‘근처에 있다, 차나 한 잔 하자’고 해서 업무 미팅을 하던 중 나갔다”고 말했다.   ⑩ 9월17일 조성은 마지막 언론 인터뷰= 조 씨는 17일 'YTN' 라디오 인터뷰를 끝으로 더 이상 언론과 접촉하지 않겠다고 밝혔다.제보자로서 자신의 할 일은 끝났다며 수사에만 협조하겠다고 말했다. 조 씨는 사업 진행차 해외로 출국할 예정이었지만 윤 전 총장 측에서 출국금지를 요청하겠다 하자 출국을 보류하겠다고 했다. 조 씨는 17일 오후 자신의 페이스북에 “열심히 서비스 론칭 준비해서 뉴욕 한번 가보자 했더니 미국 출국이니, 출국금지니 난리다”며 “범죄 사실을 다 밝혀낸 뒤 천천히 가겠다”고 했다. 조 씨는 여전히 국민의힘 당적이다. 고발 사주 의혹은 현재 공수처와 대검, 서울중앙지검 등에서 수사를 진행하고 있다.    ● [무료공개] 지금 ""1,000만원""만 있어도 당장 ""이것""부터 사라!! >>> (무료 체험)   ● K방역 위기! SK바이오사이언스 1200% 능가할 하반기 역대급 백신株 [지금 확인]  ● 2021년 하반기 실적이 기대되는 저평가 종목 ㅇㅇㅇ 확인하기! [관련기사]  ☞ 남궁민 벌크업 두고 약물 논란…전문가 ""'몸평'할 시간에 운동해라""  ☞ '유명 안과서 명절 효도 선물' …1조 줄줄 샌다  ☞ 커플 여행 후 실종된 美여성…남자친구는 홀로 돌아와 잠적  ☞ 홀쭉해진 김정은에 ""대역 썼을 수도""…의혹 제기한 日 언론  ☞ 투자 성공의 핵심은 기업분석! 'CORE' 바로가기      이현주 기자 ecolhj@asiae.co.kr   <ⓒ경제를 보는 눈, 세계를 보는 창 아시아경제(www.asiae.co.kr) 무단전재 배포금지>"
33,7,"2021-09-21","08:00:00","경북도, 말산업육성 순항…전국 최다 국비 확보","7개 사업 분야 국비 27억 확보, 총 사업비 70억 확보    경북도가 추진 중인 말산업육성사업 전국 최다 국비를 확보하는 등 순항 중이다. 사진은 영천경마공원 조감도(마스터플랜). 사진=경북도 제공  【파이낸셜뉴스 안동=김장욱 기자】 경북도는 농림축산식품부가 추진하는 2022년 말산업육성 지원 공모사업 중 학생승마 체험사업등 7개 사업에서 70억원(국비 27억원, 지방비 32억원, 자부담 13억원)을 확보했다고 21일 밝혔다. 이번 공모사업은 지난 7월 1일부터 지난달 17일까지 전문가들로 구성된 중앙평가단의 서류? 현장?발표·평가 과정을 거쳐 선정됐다. 말산업 육성사업 국비 예산은 내년에 140억원으로 올해 143억원에 비해 1.9%가 감액되는상황에도 불구하고, 도는 전국 최대 국비인 27억원을 확보했다. 국비확보 내역은 △학생승마체험(1만1000명, 11억7100만원) △농촌관광승마활성화(7개소, 1억4300만원 △유소년승마단 창단?운영(9개소, 1억7500만원) △말산업특구(3개소, 4억원) △승마시설 설치(2개소, 3억1000만원) △전문인력양성기관(3개소, 4억1300만원) △승용마조련강화 (19두, 3800만원)이다. 도 관계자는 이철우 지사의 적극적인 국비확보 방침에 따라 사업신청 단계부터 시·군과 사업 신청자와 지속적인 소통과 협력, 농식품부 등을 수시 방문해 사업의 타당성·당위성을 설명하는 등 부단한 노력의 결실이라고 자평했다. 앞으로 국회 심의과정에서 지역 국회의원 및 시·군 관계자 등과 협력해 상주 국제승마장 조명시설 개선업, 승마대회 등 추가 증액과 필요한 현안사업이 최대한 반영될 수 있도록 노력키로 했다. 이 지사는 ""이번 국비 확보에 안주하지 않고 신규 사업 발굴과 국비 추가확보 등으로 말 산업 육성과 영천경마공원 조성을 성공적으로 추진할 것""이라고 밝혔다. 한편 영천경마공원은 지난달 말 건축심의 결과 조건부 동의로 의결돼 이달 내 건축허가 완료, 2024년 9월 개장을 목표로 현재 행정절차를 순조롭게 진행 중이다.  국내 최초 잔디주로를 갖춘 국제수준의 경마공원으로 개장 시 연 200만명 이상의 관광객이방문하는 지역의 명소가 될 것으로 기대된다.  gimju@fnnews.com 김장욱 기자  ▶1500% 가는 '제2의 HMM' 아직 5000원대 황금株, 급등 전 마지막 기회! [클릭] ▶“주식카톡방 완전무료 선언” 파격결정  [파이낸셜뉴스 주요뉴스]  → 남편과 사별한 여성, 자기 따라다니던 남자와 결혼했더니.. → ""팬티만 입으라는 지시 받았다"" 그의 소변에는... → 모델 한혜진 ""전 남친, 방송서 男 출연자와 눈 보며 대화했다고.."" → '태아 머리가 보인다' 전주 女 사우나서 일어난 일 → 월급 150만원 39세 여성의 어머니 ""내 딸 정도면.."" → 주식말고 다른 재테크가 궁금해? [파인애플]  ● 하루만에 高수익 챙길 ‘초대형’ 백신 대장株! 비밀리에 입수! 1200% ↑↑ (CLICK)  ▶▶[무료공개]◀◀ 지금 ""1,000만원""만 있어도 당장 ""이것""부터 사라!! >>> (무료 체험)   ※ 저작권자 ⓒ 파이낸셜뉴스. 무단 전재-재배포 금지 "
34,1,"2021-09-21","07:51:32","비트코인, 4만3천달러선으로 하락","[로이터]  [헤럴드경제]주요 가상자산 가격이 일제히 큰 폭으로 떨어졌다.  가상자산 정보 사이트 코인데스크에 따르면 미국 서부 시간으로 20일 오후 2시 30분(한국 시간 21일 오전 6시 30분) 기준 비트코인의 가격은 24시간 전보다 7.87% 하락한 4만3716.78달러에 거래됐다.  비트코인의 시가총액도 8227억8000만달러로 줄었다.  경제매체 CNBC는 이날 한때 비트코인 가격이 10% 빠지기도 했다고 전했다.  이 매체는 글로벌 자산 시장이 위축하는 가운데 투자자가 위험을 회피하기 시작하면서 비트코인 가격이 급격히 하락했다고 진단했다.  비트코인이 안전 자산으로서 쓸모가 있다는 주장이 많았지만 위험자산 중에서도 종종 비트코인의 가격이 더 크게 하락한다는 것을 사람들이 깨달으면서 이런 인식이 달라지고 있다는 설명이다.  비트코인 다음으로 규모가 큰 이더리움도같은 시각 24시간 전과 견줘 9.34% 하락한 3033.42달러로 가격이 내려갔다. 시총은 3556억9000만달러로 집계됐다.  비트코인은 이달 초까지만 해도 심리적 저지선으로 여겨지는 코인당 5만달러를 돌파해 거래됐다. 그러나 현재 비트코인의 가격은 시장에서 중기 가격 추이를 점치는 지표로 여겨지는 50일 이동평균 가격인 4만6514달러 아래로 떨어졌다."
34,2,"2021-09-21","07:51:09","美증시, ‘헝다 파산 우려·FOMC 경계’에 급락","[로이터]  [헤럴드경제]미국 뉴욕증시는 중국 부동산 업체 헝다(恒大·에버그란데) 그룹에 대한우려로 위험회피 심리가 확산하고 연방준비제도(연준·Fed)의 연방공개시장위원회(FOMC) 정례회의를 앞둔 경계감에 하락했다.  20일(미 동부시간) 뉴욕증권거래소(NYSE)에서 다우존스30산업평균지수는 전장보다 614.41포인트(1.78%) 하락한 3만3970.47로 거래를 마쳤다.  스탠더드앤드푸어스(S&P)500지수는 전장보다 75.26포인트(1.70%) 밀린 4357.73을, 기술주 중심의 나스닥지수는 전장보다 330.06포인트(2.19%) 떨어진 1만4713.90으로 장을 마감했다.  다우지수는 장중 2.81%까지 밀렸다. 나스닥지수는 한때 3.42% 급락했다. 다우지수는 마감가 기준 7월 19일(2.09%↓) 이후 최대 하락률을, S&P500지수와 나스닥지수는 각각 지난 5월 12일(2.14%↓/2.67%↓) 이후 최대 하락률을 기록했다.  앞서 아시아 시장에서 홍콩증시는 헝다그룹이 오는 23일 도래하는 채권 이자를 내지 못할 수 있다는 우려에 3% 이상하락 마감했다.  헝다그룹의 부채는 전 세계 상장된 부동산 개발회사 중에서 가장 크다. 투자자 사이에서는 중국 정부가 헝다를 파산하게 둘 수 있다는 우려가 커지고 있다.  헝다그룹은 이번 주 23일 도래하는 8.25% 금리의 5년 만기 달러채에 대한 이자 8350만달러(약 990억원)를 지급해야 한다. 채권 약관에 따르면 이자 지급을 못하면 30일간의 유예기간을 거쳐 디폴트(채무불이행)로 간주된다. 같은날 위안화채권 2억3200만위안(약 425억원)의 쿠폰 만기도 도래한다.  헝다의 파산이 중국 금융시장에 체계적 위험을 가져올 수 있으며, 이에 따라 글로벌 경제에 타격을 받을 수 있다는 우려가 급부상했다.  중국 증시가 중추절 연휴로 휴장한 가운데 홍콩증시의 여파가 그대로 글로벌 증시에 영향을 미쳤다. 유럽 증시가 1% 이상 하락했고, 비트코인은 장중 10% 이상 하락했으며, 원유 가격도 1% 이상 떨어졌다.  중국 기업의 파산이 미국 증시에 미치는 영향은 제한되겠지만, FOMC 회의를 앞두고 긴축 우려가 커지는 상황에서 글로벌 위험회피 심리가 확산하면 9월 조정설이 탄력을 받을 수 있다.  백악관의 젠 사키 대변인은 이날 기자회견에서 헝다그룹 상황을 모니터링하고 있다고 밝혔다.  사키 대변인은 “재무부를 통해 글로벌 시장을 모니터링하고 있으며, 여기에는 미국 경제에 대한 위험평가를 주로 포함하고 있으며 필요할 경우 적절히 대응할 준비가 돼 있다”고 말했다.  투자자들은 이번 주 22일 연준이 자산 매입 프로그램을 축소하는 테이퍼링에 대해 어떤 신호를 줄지도 주목하고 있다. 연준 위원들의 금리 전망치를 담은 점도표에도 변화가 나타날 가능성이 있어 투자자의 경계감이 커지고 있다.  월스트리트저널은 전문가들의 전망을 인용해 이번 점도표에서 더 많은 금리 인상을 가리킬 수 있어 매파적인 기조가나타날 수 있다고 보도했다.  S&P500지수의 변동성지수(VIX)는 장중 26을 넘어서며 지난 5월 이후 최고치를 경신했다.  위험회피심리에 미국 10년물 국채금리는 6bp 이상 하락한 1.31%까지 떨어졌다. 금리 하락은 국채 가격은 올랐다는 의미다.  업종별로 S&P500지수 11개 업종이 모두 하락했고, 에너지가 3% 이상 떨어지고, 임의소비재, 금융주가 모두 2% 이상 떨어졌다. 기술주와 통신, 자재 관련주도 모두 1% 이상 하락했다.  뉴욕증시 전문가들은 시장이 중국발 우려에 매도 압력에 시달렸다고 전했다.  앨리 인베스트의 린지 벨 수석투자 전략가는 마켓워치에 “헝다그룹과 같은 이야기는 (시장이) 소화하기가 힘들고, 이런 종류의 이벤트와 관련한 진짜 위험을 이해하는 데는 시간이 걸릴 수 있다”고 말했다.  그는 “한동안 공포가 시장에 구축돼 온 데다 공포 지수가 5월 이후 최고치로 뛰면서 매도 압력이 강화됐다”고 말했다.  시카고상품거래소(CME) 페드워치에 따르면 연방기금(FF) 금리 선물 시장은 내년 9월 금리 인상 가능성을 23.9%로 반영했다.  해당 기간까지 1회 금리 인상 가능성은 21.6%, 2회 금리 인상 가능성은 2.2%로 예상했다. 이는 모두 전날보다 낮아진 것이다.  시카고옵션거래소(CBOE)에서 변동성 지수(VIX)는 전장보다 4.0포인트(23.55%) 오른 25.71을 기록했다"
34,3,"2021-09-21","07:50:44","피카소 유족, 세금 대신 피카소 작품 8점 물납","[아시아경제 국제부 기자] 현대 미술의 거장 피카소의 유족이 프랑스 당국에 납부해야할 세금 대신 그의 작품 8점을 물납했다고 해외 주요 통신이 20일(현지시간) 보도했다.      피카소 유족은 이날 기자회견에서 파리에 있는 국영 피카소 박물관에 그림 6점, 조각 2점을 전달했다고 밝혔다.   파블로 피카소의 딸인 마야(86)에게 부과된 상속세 대신 현물로 납부된 이들 작품의 가격은 알려지지 않았다.   작품 중에는 피카소가 1895년 자신의 아버지를 그린 '돈 호세 루이스'도 포함됐다.   또 피카소가 91살의 나이로 생을 마감하기 2년 전인 1971년 남긴 남성 초상화도 박물관에 전달됐다. 이들 작품은 2022년 4월부터 피카소박물관에서 전시될 예정이다.   앞서 브루노 르메르 프랑스 재무장관은 자신의 트위터 계정에 이같은 소식을 전하며 ""피카소의 새로 공개된 작품을 맞이하게 돼 국가의 영광""이라며 ""이들 작품이 우리 문화유산을 넓고 깊어지게 할 것""이라고 말했다.    ● [무료공개] 지금 ""1,000만원""만 있어도 당장 ""이것""부터 사라!! >>> (무료 체험)   ● K방역 위기! SK바이오사이언스 1200% 능가할 하반기 역대급 백신株 [지금 확인]  ● 2021년 하반기 실적이 기대되는 저평가 종목 ㅇㅇㅇ 확인하기! [관련기사]  ☞ BTS와 함께 'MET' 찾은 김정숙 여사…""BTS, 예술에 조예 깊어""(종합)  ☞ ‘박정희대통령역사자료관’, 공립박물관 등록됐다 … 경북 구미 근현대史 보존·전시  ☞ '베이징→파리' 에어프랑스 여객기서 화재…긴급 회항  ☞ ""마트선 파업하고 빵집은 공급차질"" … 유통가, 명절 대목에 '날벼락'  ☞ 투자 성공의 핵심은 기업분석! 'CORE' 바로가기      국제부 기자 interdep@asiae.co.kr   <ⓒ경제를 보는 눈, 세계를 보는 창 아시아경제(www.asiae.co.kr) 무단전재 배포금지>"
34,4,"2021-09-21","07:50:00","피카소 유족, 세금 대신 피카소 작품 8점 물납","[아시아경제 국제부 기자] 현대 미술의 거장 피카소의 유족이 프랑스 당국에 납부해야할 세금 대신 그의 작품 8점을 물납했다고 해외 주요 통신이 20일(현지시간) 보도했다.      피카소 유족은 이날 기자회견에서 파리에 있는 국영 피카소 박물관에 그림 6점, 조각 2점을 전달했다고 밝혔다.   파블로 피카소의 딸인 마야(86)에게 부과된 상속세 대신 현물로 납부된 이들 작품의 가격은 알려지지 않았다.   작품 중에는 피카소가 1895년 자신의 아버지를 그린 '돈 호세 루이스'도 포함됐다.   또 피카소가 91살의 나이로 생을 마감하기 2년 전인 1971년 남긴 남성 초상화도 박물관에 전달됐다. 이들 작품은 2022년 4월부터 피카소박물관에서 전시될 예정이다.   앞서 브루노 르메르 프랑스 재무장관은 자신의 트위터 계정에 이같은 소식을 전하며 ""피카소의 새로 공개된 작품을 맞이하게 돼 국가의 영광""이라며 ""이들 작품이 우리 문화유산을 넓고 깊어지게 할 것""이라고 말했다.    ● [무료공개] 지금 ""1,000만원""만 있어도 당장 ""이것""부터 사라!! >>> (무료 체험)   ● K방역 위기! SK바이오사이언스 1200% 능가할 하반기 역대급 백신株 [지금 확인]  ● 2021년 하반기 실적이 기대되는 저평가 종목 ㅇㅇㅇ 확인하기! [관련기사]  ☞ BTS와 함께 'MET' 찾은 김정숙 여사…""BTS, 예술에 조예 깊어""(종합)  ☞ ‘박정희대통령역사자료관’, 공립박물관 등록됐다 … 경북 구미 근현대史 보존·전시  ☞ '베이징→파리' 에어프랑스 여객기서 화재…긴급 회항  ☞ ""마트선 파업하고 빵집은 공급차질"" … 유통가, 명절 대목에 '날벼락'  ☞ 투자 성공의 핵심은 기업분석! 'CORE' 바로가기      국제부 기자 interdep@asiae.co.kr   <ⓒ경제를 보는 눈, 세계를 보는 창 아시아경제(www.asiae.co.kr) 무단전재 배포금지>"
34,5,"2021-09-21","07:48:24","일본 지리학자가 쓴 오사카, 한국 역사학자들이 본 아스카","일본 지리학자가 쓴 오사카, 한국 역사학자들이 본 아스카  신간 '오사카, 도시의 기억을 발굴하다'·'아스카'         (서울=연합뉴스) 박상현 기자 = 지금은 도쿄가 있는 간토(關東) 지방이 일본의 정치 중심지이지만, 역사를 돌아보면 오사카와 교토가 위치한 간사이(關西) 지방에 1천 년 넘게 일본 수도가 있었다.      오사카 일대에 많은 커다란 고분 '전방후원분'(前方後圓墳·앞은 네모지고 뒤는 둥근 무덤), 압도적 크기가 인상적인 나라 도다이지(東大寺) 대불(大佛) 등 다양한 유적과 유물이 고대와 중세 시기에 간사이 지방의 위상이 얼마나 높았는지 말해준다.      최근 출간된 '오사카, 도시의 기억을 발굴하다'와 '아스카'는 간사이 지방에서 가장 큰 도시인 오사카와 고도(古都)인 아스카(飛鳥)·나라(奈良)를 일본과 한국 학자들이 어렵지 않게 소개한 책이다.      '오사카, 도시의 기억을 발굴하다' 저자는 오사카시립대에서 박사학위를 받은 지리학자 가토 마사히로(加藤政洋) 리쓰메이칸대 교수다.    저자는 한국인 여행자에게도 익숙한 오사카의 기타(北)와 미나미(南) 지역에 대한 고찰로 이야기를 시작한다. 기타에는 오사카역과 우메다(梅田)역이 있고, 미나미는 난바역이 중심이다.       그는 ""기타와 미나미의 중심지인 기타신치와 도톤보리는 과거에 유곽이 집결된 도시 주변부 유흥공간에 불과했다""며 두 공간은 근대에 철도와 역이 생기면서 중심부로 자리매김했다고 설명한다.      하지만 기타와 미나미 사이에는 분명한 차이도 존재한다. 저자는 ""기타가 구시가지의 교외에 새로 조성된 개발지구를 중심으로 형성됐다면, 미나미는 옛 번화가에 기반을 잡은 상태로 발전했다""면서 이로 인해 기타는 '도쿄적'이고, 미나미는 '오사카적'이라는 공간성이 만들어졌다고 주장한다.      난바역 남부에 있는 덴노지(天王寺)역 인근은 어떠한가. 오사카 명물 음식인 '구시카쓰'를 파는 식당들이 밀집한 유흥가와 동물원으로 유명한 지역이다. 저자는 이곳에 대해 ""잡탕의 절정이라 불릴 만한 장소""라고 평가한다.      저자가 결국 전하고자 하는 바는 풍경이 비슷해 보여도 장소마다 고유한 역사성이 있다는 사실이다. 그는 ""장소가 평균화 과정에서 개성이 상실되고 몰장소화되지는 않는다""며 ""취약한 면이 있어도 때로는 강하고 때로는 유연하게 장소의 특성을 꼭 붙잡고 있다""고 강조한다.      신간 '아스카'는 일본이 중앙집권제를 확립하며 율령국가로 나아간 아스카 시대 유적을 한국 역사학자들이 답사한 뒤 쓴 글을 모아 펴낸책이다.      특히 백제와 왜의 관계에 초점을 맞춰 서술한 점이 특징이다. 노중국 계명대 명예교수는 프롤로그에서 ""백제 문화는 아스카 문화의 원류였다""고 말한다. 물론 일본은 백제의 영향을 받았어도 독자적 문화를 발전시켰다.      저자들은 일본 최고(最古)의 본격적 사찰로 알려진 아스카데라(飛鳥寺)와 일본 최대 횡혈식석실분(橫穴式石室墳·굴식돌방무덤)이라고 하는 이시부타이(石舞台) 고분 등 아스카 유적을 포함해 나라현의 고대 문화재를 두루 다뤘다.      예컨대 일본 최초 유네스코 세계유산인 '호류지'(法隆寺), 백제에서 왜로 건너간 칠지도를 소장한 이소노카미(石上) 신궁 등도 책에 등장한다.      아스카에 건설된 왕궁, 고대 일본의 발전을 이끈 백제계 씨족, 고대 일본의 도교문화와 아스카·나라 등에 관해 쓴 논고 6편도 실었다.    오사카, 도시의 기억을 발굴하다 = 산지니. 곽규환·진효아 옮김. 256쪽. 2만 원.      아스카 = 주류성. 288쪽. 2만 원.         psh59@yna.co.kr  (끝)     <저작권자(c) 연합뉴스, 무단 전재-재배포 금지>"
34,6,"2021-09-21","07:48:10","규제 완화는 미국 항공사를 활성화시킬 것이지만, 비즈니스 여행은 여전히 불투명하다.","Easing restrictions will boost U.S. airlines but business travel still unclear .storyContent * {border-color:inherit !important;outline-color:inherit !important;}  시카고, 9월 20일 (로이터) - 바이든 행정부의 조치로 미국 항공사들이 이익을 보게 될 것이다. decision 전문가들은 월요일 전세계에서 온 완전한 항공 여행자들을 위해 한국을 다시 개방할 것이라고 말했다. 그러나 수익성 있는 사업 여행에 대한 전망은 덜 확실했다.   규제를 풀면 수만 명의 외국 국적자들이 미국으로 날아갈 수 있을 것이다. 그것은 또한 3대 항공사인아메리칸 항공을 제공한다. AAL.O, 유나이티드 항공 UAL.O 및 델타 항공 DAL.N대서양 횡단 사업의 일부를 되찾을 수 있는 기회.  무디스는 백악관의 이번 결정이 앞으로 6개월 안에 미국 항공사에 '강력한' 영업현금 흐름을 가져올 것으로 추산하고 있다.  대서양 횡단 항공편은 2019년 승객 수입의 11~17%를 차지했다. 콜린 스카롤라 CFRA 리서치 부사장은 ""전체적으로 국제여행이 2019년 3개 항공사매출의 26%에서 38%를 창출했다""고 말했다.  스카롤라는 ""국제 부문은 실제로 별로 회복되지 않은 부문이었다""고 덧붙였다.  규제해제는 역사적으로 국제 여행에 희박한 시기인 겨울 시즌의 시작과 일치한다. 스카롤라는 이번 결정이 기업들의 해외출장을 승인하도록 격려할 것이라고 말했지만 COVID-19와의 싸움이 더 중요했으며 국제여행이 2022년 말 이전까지 다시 유행 전 단계로 되돌아갈 것으로 예상하지는않는다고 말했다.  더그 파커 CEO는 아메리칸 항공이 ""더 많은 고객들을 비즈니스, 여가, 가족 및 친구들과 다시 연결하기 위해 쉽고 원활한 국제 여행으로 돌아오기를 고대하고 있다""고 말했다.  업계 무역 그룹인 Airlines for America의 자료에 따르면 9월 초 미국 항공사의 국제 여행 승객 수는 빈혈 전 수준의 44%에 불과했다.   레이먼드 제임스의 애널리스트인 사반티 시스는 백악관의 결정을 ""내년 여름 여행 시즌에 대한 미국 항공사들에게 명확성을 줄 수 있는 ""증가적 긍정적""이라고 말했다. 그러나 그것은 그녀가 그들의 재정적인 추정치나 항공 여행에 대한 전망을 수정하도록 자극하지는 않았다.  ""이것은 순양성이지만, 미국에서 일어나고 있는 일과 균형을 맞춰야 한다""고 그녀는 빠르게 확산되는 코로나바이러스 델타 변종에서 발생한 재정적 타격에 대한 이번 달 항공사들의 경고를 언급하면서 말했다.  몇몇 항공사들은 예약 둔화와 취소가 증가했다는 이유로 수익 전망을 하향 조정했다. 시카고-뉴욕 유나이티드 항공기의 왕복 비즈니스클래스 항공권을 가진 항공사들의 현금 수송 수단인 비즈니스 여행의 회복도 지연되고 있다.   시스는 국내 출장이 적어도 2022년 말까지는 2019년 수준을 밑돌 것으로 보고 있다. 국제 출장 여행이 2024년 이전에는 회복되지 않을 것으로 보인다고 그녀는 말했다.     (Additional reporting by David Shepardson in Washington; Editing by David Gregorio and Chris Sanders)  rajeshkumar.singh@thomsonreuters.com ; +1-312-408-8537; Reuters Messaging: rajeshkumar.singh.thomsonreuters.com@reuters.net     (c) Copyright Thomson Reuters 2020. Click For Restrictions - https://agency.reuters.com/en/copyright.html        Keywords: USA-TRAVEL/AIRLINES (PIX)   원문 바로가기    DISCLAIMER  레피니티브의 사전, 서면승인 없는 톰슨로이터 콘텐츠의 재생산이나 재배포는 금지되어 있습니다. 이 기사의 한국어 번역은 에프앤가이드가 사용하는 기계적 번역에의한 것으로 톰슨로이터와 레피니티브는 번역의 정확성을 보증하지 않습니다."
34,7,"2021-09-21","07:48:10","규제 완화는 미국 항공사를 활성화시킬 것이지만, 비즈니스 여행은 여전히 불투명하다.","Easing restrictions will boost U.S. airlines but business travel still unclear .storyContent * {border-color:inherit !important;outline-color:inherit !important;}  시카고, 9월 20일 (로이터) - 바이든 행정부의 조치로 미국 항공사들이 이익을 보게 될 것이다. decision 전문가들은 월요일 전세계에서 온 완전한 항공 여행자들을 위해 한국을 다시 개방할 것이라고 말했다. 그러나 수익성 있는 사업 여행에 대한 전망은 덜 확실했다.   규제를 풀면 수만 명의 외국 국적자들이 미국으로 날아갈 수 있을 것이다. 그것은 또한 3대 항공사인아메리칸 항공을 제공한다. AAL.O, 유나이티드 항공 UAL.O 및 델타 항공 DAL.N대서양 횡단 사업의 일부를 되찾을 수 있는 기회.  무디스는 백악관의 이번 결정이 앞으로 6개월 안에 미국 항공사에 '강력한' 영업현금 흐름을 가져올 것으로 추산하고 있다.  대서양 횡단 항공편은 2019년 승객 수입의 11~17%를 차지했다. 콜린 스카롤라 CFRA 리서치 부사장은 ""전체적으로 국제여행이 2019년 3개 항공사매출의 26%에서 38%를 창출했다""고 말했다.  스카롤라는 ""국제 부문은 실제로 별로 회복되지 않은 부문이었다""고 덧붙였다.  규제해제는 역사적으로 국제 여행에 희박한 시기인 겨울 시즌의 시작과 일치한다. 스카롤라는 이번 결정이 기업들의 해외출장을 승인하도록 격려할 것이라고 말했지만 COVID-19와의 싸움이 더 중요했으며 국제여행이 2022년 말 이전까지 다시 유행 전 단계로 되돌아갈 것으로 예상하지는않는다고 말했다.  더그 파커 CEO는 아메리칸 항공이 ""더 많은 고객들을 비즈니스, 여가, 가족 및 친구들과 다시 연결하기 위해 쉽고 원활한 국제 여행으로 돌아오기를 고대하고 있다""고 말했다.  업계 무역 그룹인 Airlines for America의 자료에 따르면 9월 초 미국 항공사의 국제 여행 승객 수는 빈혈 전 수준의 44%에 불과했다.   레이먼드 제임스의 애널리스트인 사반티 시스는 백악관의 결정을 ""내년 여름 여행 시즌에 대한 미국 항공사들에게 명확성을 줄 수 있는 ""증가적 긍정적""이라고 말했다. 그러나 그것은 그녀가 그들의 재정적인 추정치나 항공 여행에 대한 전망을 수정하도록 자극하지는 않았다.  ""이것은 순양성이지만, 미국에서 일어나고 있는 일과 균형을 맞춰야 한다""고 그녀는 빠르게 확산되는 코로나바이러스 델타 변종에서 발생한 재정적 타격에 대한 이번 달 항공사들의 경고를 언급하면서 말했다.  몇몇 항공사들은 예약 둔화와 취소가 증가했다는 이유로 수익 전망을 하향 조정했다. 시카고-뉴욕 유나이티드 항공기의 왕복 비즈니스클래스 항공권을 가진 항공사들의 현금 수송 수단인 비즈니스 여행의 회복도 지연되고 있다.   시스는 국내 출장이 적어도 2022년 말까지는 2019년 수준을 밑돌 것으로 보고 있다. 국제 출장 여행이 2024년 이전에는 회복되지 않을 것으로 보인다고 그녀는 말했다.     (Additional reporting by David Shepardson in Washington; Editing by David Gregorio and Chris Sanders)  rajeshkumar.singh@thomsonreuters.com ; +1-312-408-8537; Reuters Messaging: rajeshkumar.singh.thomsonreuters.com@reuters.net     (c) Copyright Thomson Reuters 2020. Click For Restrictions - https://agency.reuters.com/en/copyright.html        Keywords: USA-TRAVEL/AIRLINES (PIX)   원문 바로가기    DISCLAIMER  레피니티브의 사전, 서면승인 없는 톰슨로이터 콘텐츠의 재생산이나 재배포는 금지되어 있습니다. 이 기사의 한국어 번역은 에프앤가이드가 사용하는 기계적 번역에의한 것으로 톰슨로이터와 레피니티브는 번역의 정확성을 보증하지 않습니다."
35,1,"2021-09-21","07:30:00","""뮤지컬부터 숲속 힐링까지"" 이색 호캉스 패키지 늘리는 호텔家","[아시아경제 김유리 기자] 코로나19로 국내 호캉스(호텔+바캉스) 수요가 늘면서 호텔업계가 이색 패키지로 소비자 눈길을 끌고 있다. 호캉스를 즐기고 뮤지컬 공연도 볼 수 있는 협업 패키지부터 휴대전화를 잠시 놔두고 숲속에서 힐링할 수 있는 패키지까지 다양하다.    21일 호텔업계에 따르면 부티크 호텔 레스케이프는 EMK뮤지컬컴퍼니와 협업해 '레스케이프 ? 엑스칼리버' 패키지를 다음달 25일까지 선보인다. 지난 7월 양사 업무협약 체결 후 출시한 '레스케이프 ? 마리 앙투아네트'에 이은 두 번째 뮤지컬 패키지다. 프렌치 감성을 느낄 수 있는 레스케이프 객실에서의 휴식과 함께 엑스칼리버 뮤지컬 티켓을 제공해 뮤지컬도 즐길 수 있다. '엑스칼리버'는 주연배우 김준수, 카이, 서은광, 도겸, 이지훈, 에녹, 강태을, 신영숙, 장은아, 민영기, 손준호 등 초호화 캐스팅 라인업과 함께 블루스퀘어 신한카드홀에서 11월7일까지 관객을 만난다. 레스케이프는 이번 뮤지컬 패키지를 이용하는 고객에게 엑스칼리버 R석 예매권 2인권(26만원 상당)을 제공해뮤지컬 날짜 및 좌석을 지정할 수 있도록 할 예정이다.   패키지 타입은 그랜드 디럭스와 아틀리에 스위트 타입 2가지 중 선택이 가능하다. 그랜드 디럭스 타입은 시크레 또는 아틀리에 1박과 세이버리 라운지 2인, 발레 파킹 1회가 포함된다. 아틀리에 스위트 타입은 조식 2인, 세이버리 라운지 2인, 피트니스 센터 무료 이용, 객실 내 아틀리에 코롱 욕실 어메니티, 프리미엄 치약 칫솔, 네스프레소 버츄어 머신 캡슐, 다림질 3벌 등이 포함된다.   코오롱 계열 리조트·호텔은 자연 속에서 휴식을 취할 수 있는 '힐링 인 네이처' 패키지 3종을 선보인다. 경북 울진군 체류형 산림휴양시설 금강송 에코리움은 올 연말까지 금강송 숲의 맑은 공기를 마시며 명상과 독서를 즐길 수 있는 '북케이션' 패키지를 출시했다. 베스트셀러한 권과 요가, 트레킹 등 다양한 '이너 힐링' 콘텐츠, 건강과 환경을 생각한 비건 메뉴 식사 등이 제공된다. 금강송 에코리움은 통고산자연휴양림, 불영사계곡, 은어다리, 울진엑스포공원, 금강소나무숲길 등 울진의 관광명소들과도 인접했으며 문화체육관광부와 한국관광공사가 공동으로 추진한 '2021년 웰니스 관광지'로 선정된 바 있다.   경주 마우나오션리조트는 동대산 해발 500m 자연 속에서 프라이빗한 '숲캉스'를 즐길 수 있는 '어텀 슬로케이션' 패키지를 오는 11월30일까지 선보인다. 커피 2잔과 오후 2시 얼리 체크인 및 오후 12시 레이트 체크아웃 혜택을 제공한다. '야외 바비큐 파티' 패키지도 다음달 31일까지 운영한다. 오션뷰를 갖춘 객실에서 휴식을 취하고 저녁은 야외 바비큐로 캠핑 분위기를 연출할 수 있다. 메뉴는 전복, 새우, 각종 채소, 밥과 밑반찬을 기본으로 한우1+ 이상의 등심을 즐길 수 있는 'A세트(한우)', 삼겹살과 목살을 제공하는 'B세트(돈육)', 해산물 비중을 늘린'C세트(해산물)' 중 취향에 따라 선택할 수 있다. 매일 오후 5시부터 오후 9시까지 사전 예약한 인원만 이용할 수 있다.   그랜드 하얏트 서울 호텔은 어린이들을 위한 키캉스, '마이 버블 플레이' 패키지를 올 연말까지 선보인다. 이번 패키지는 프리미엄 어린이 목욕용품 브랜드인 '케피(kefii)'와 협업해 선보인다. 아이에게 즐거운 목욕 체험의 기회를 선사할 수 있다. 욕조가 포함된 객실 1박과 케피버블 클렌저 2종, 케피버블 배쓰파우더 1종, 케피 LED 큐브 물놀이장난감, 케피버블 매직스펀지 2종, 패브릭 파우치가 제공된다. 호텔 관계자는 ""지속되는 코로나19 상황과 점차 쌀쌀해지는 요즘 날씨로 야외 활동이 걱정되는 고객들을 위해 이번 상품을 기획했다""며 ""물이 닿으면 알록달록한 빛을 내뿜는 LED 큐브 장난감과 귀여운 모양의 스펀지와 함께 어린이 스스로가 씻는 즐거움을 터득할 수있을 것""이라며 고 말했다.     ● [무료공개] 지금 ""1,000만원""만 있어도 당장 ""이것""부터 사라!! >>> (무료 체험)   ● K방역 위기! SK바이오사이언스 1200% 능가할 하반기 역대급 백신株 [지금 확인]  ● 2021년 하반기 실적이 기대되는 저평가 종목 ㅇㅇㅇ 확인하기! [관련기사]  ☞ ""어메니티부터 친환경으로""…'그린패키지' 힘주는 호텔업계  ☞ 극단 이루마 뮤지컬 ‘당신이 좋아’ 산청문화예술회관서 공연  ☞ ""올 추석 매출 70% 뛰었다"" 명절 '투고' 전담팀 꾸리는 호텔家  ☞ 코오롱 계열 리조트·호텔, '힐링 인 네이처' 패키지 3종 출시  ☞ 투자 성공의 핵심은 기업분석! 'CORE' 바로가기      김유리 기자 yr61@asiae.co.kr   <ⓒ경제를 보는 눈, 세계를 보는 창 아시아경제(www.asiae.co.kr) 무단전재 배포금지>"
35,2,"2021-09-21","07:30:00","""전임 서울시장車 안타""…오세훈·박원순은 어떤 관용차 탔나","[머니투데이 기성훈 기자] 대한민국 수도 서울의 수장인 서울시장은 무슨 차를 탈까. 최근 10년간 서울시장은 자신의 정책을 적극 홍보하기위해 관용차를 활용해왔다.        ━  오세훈이 탄 에쿠스 싫어...고 박원순 전 시장, 카니발·전기차(코나)·수소차(넥쏘) 탔다  ━        21일 서울시 등에 따르면 지난 2011년 10월 취임한 고 박원순 전 서울시장은 전임 오세훈 시장의 관용차였던 에쿠스를 카니발로 바꿨다. 오시장은 2007년 8월부터 4년간 이 에쿠스를 탔지만, 박 전 시장은 에쿠스를 공매 처분했다. 에쿠스는 공매에서 감정가(800만 원)의 두 배가량인 1550만 원에 낙찰됐다.   관용차 변경은 시민단체 출신인 고 박 전 시장의 실용성과 서민적 이미지를 강조하기 위한 조치였다. 고 박 전 시장은 카니발을 2018년 12월까지 사용했다.   다음 그의 관용차는 전기차였다. 고 박 전 시장은 2019년 1월부터 현대자동차 전기차 코나EV를 사용했다. 그가 관용차를 전기차로 바꾼 것은미세먼지 문제를 해결하기 위해 솔선수범하겠다는 취지에서였다. 경유차가 미세먼지 발생을 심화시킨다는 지적이 일면서 차종을 변경한 것이다.   이어 고 박 전 시장은 10개월간 타던 전기차를 버리고 국산 친환경 수소전기차로 관용차를 전격 교체했다. 그가 선택한 차량은 '넥쏘'였다. 넥쏘는 일본 토요타 미라이와 경쟁하고 있는 국산 친환경 수소차로 현대차가 개발했다. 넥쏘는 한번 충전으로 약 600㎞ 주행이 가능하다.   수소차는 배기가스를 내뿜지 않고 공기를 정화하는 기능까지 갖춘 것이 특징이다. 넥쏘는 1시간 운행할 경우 26.9Kg의 공기를 정화해 성인(체중 64Kg 기준) 42.6명이 1시간 동안 깨끗한 공기를 마실 수 있게 된다. 넥쏘 10만대가 2시간(승용차 기준 하루 평균 운행시간) 달리게 되면성인 35만5000명이 24시간 동안 호흡할 수 있는 공기를 정화해주는 수준이다.         ━  박원순 타던 차, 나도 싫다..오세훈, 제네시스 전기차 탄다  ━     10년 만에 화려하게 서울시로 컴백한 오 시장은 최근 관용차를 기존 수소차에서 전기차로 바꿨다.   오 시장은 지난 8일부터 현대차그룹 프리미엄 브랜드 제네시스의 G80 전동화 모델을 관용차로 타기 시작했다. 오 시장은 지난 4월 취임 이후RV(레저용 차량) 카니발과 수소차 넥쏘를 이용해왔다.   G80 전동화 모델은 현대차 아이오닉5, 기아 EV6와 달리 전기차 전용 플랫폼을 사용하지 않고 내연기관 모델(G80) 파생 전기차다. 1회 충전 시 최대 주행가능거리는 427km이며, 350kW(킬로와트)급 초급속 충전 시 22분 이내에 배터리 용량의 10%에서 80%까지 충전이 가능하다. 제네시스 브랜드의 최고급 전기차다.   오 시장이 관용차를 전기차로 바꾼 것은 '전기차 대중화'에 앞장서겠다는 그의 정책 의지를 드러낸 것이다. 서울시는 지난달 30일오는 2025년까지 전기차 총 27만대를 보급한다고 밝혔다.     [관련기사] ☞ 멀쩡한 서이숙 '심장마비' 가짜뉴스에 또 화들짝…법적 대응 ☞ '삼둥이 임신' 황신영…""현재 104kg, 배가 터질 것 같아"" ☞ ""점점 야위어가네""…고현정, 다이어트 성공후 4개월 변천사 ☞ 곽민선 아나, 수원삼성 선수와 열애설…""경기 지는데 네 생각"" ☞ ""삼촌네 왜 안와요? 엄마만 일하잖아요!"" 시조카가 따지네요   기성훈 기자 ki0301@mt.co.kr     ▶월 0.3%대 최저금리 적용, 키워드림론 간편 신청으로 수익 극대화하자 (신청하기)   빅 사이클 도래! 실적 발표 기대감! 단타, 중,장기를 모두 잡는 엄청난 종목의 등장! [클릭]   ▶급등임박 종목, 일단 뭔지 확인해보고 시작하자◀     [파워 인터뷰]       30배 박셀바이오, 20배 신풍제약, 그리고 '이바이오 종목'   ▶시세 분출 직전 ! 실적 상승 + 재료임박 + 외인대량매집중인 '이 종목' 긴급공개 ◀   기관 외인 바닥권 대량 매집흔적 발견! 급등 임박 大시세 종목 공개!!       <저작권자 ⓒ '돈이 보이는 리얼타임 뉴스' 머니투데이, 무단전재 및 재배포 금지>"
35,3,"2021-09-21","07:30:00","[책 읽는 추석]④눈이 피로하다면 연휴엔 오디오북으로 '힐링'","▶'2차전지'의 신흥강자! 대규모 공급계약 체결! 800% 극비리 재료株  [이데일리 김은비 기자] 명절 특집 방송과 영화 관람이나 긴 운전으로 눈이 피로한 사람들이 많다. 명절 동안 특집 방송이나 영화 관람 대신 올 추석에는 베스트셀러 작가의 연작 시리즈와 다양한 대작 등 오디오북을 들어보는 건 어떨까. 집에 있으면서, 혹은 이동하면서 부담없이 듣기 좋은 플랫폼 별 오디오북을 선별했다.  설날 2배로즐길 스토리텔 추천 오디오북     (사진=스토리텔)  △한성부 달 밝은 밤에    한가위 달을 보며 들으면 좋을 조선시대 배경의 케이(K) 팩션이다. 조선시대 시신을 검험하는 검험 산파 ‘아란’ 이 목멱산 화재사건의 실마리를 찾는 내용을 다룬 스릴러 소설로 서울산업진흥원에서 주최한 ‘한류문화콘텐츠 씨앗심기’ 사업에 선정된 작품이다. 오디오북으로 들었을 때 흥미진진하고 압도적인 몰입감을 경험할 수 있다.  △그 많던 싱아는 누가 다 먹었을까   문학계의 거장 고 박완서 작가의 대표 소설로 작가의 유년시절을 배경으로 시대가 지나도 변하지 않는 가족에의 정서와 성장을 다루고 있어 온가족이 함께 듣고 이야기 나누기에 좋은 작품이다.  윌라의 런닝타임별 추천 도서     (사진=윌라)  △1시간~반나절이면 즐길 수 있는 짧은 오디오북  1시간이면 완청할 수 있는 오디오북으로 원태연 시인의 24년 만의 신작 에세이 ‘고맙습니다, 그래서 나도 고마운 사람이고 싶습니다’, ”자신을 놓치고 있는 사람들에게 질문을 던지는 책이자 공감과 감성의 언어로 풀어낸 에세이 ‘평범히 살고 싶어 열심히 살고 있다’, 네이버 맘, 키즈 20만 독자의 마음을 다독여준 공감 가족 에세이 ‘완벽하게 사랑하는 너에게’ 등의 작품을 추천했다.  무료한 주말 오후 등 반나절 동안 즐길 수 있는 오디오북으론 소설, 예술, 인문 등 다양한 분야의 콘텐츠가 자리했다. 소설 분야에는 ‘이상한 과자 가게 전천당’ 시리즈의 저자가 들려주는 마음이 따뜻해지는 시간의 마법 이야기 ‘십 년 가게1’와 미지의 바이러스와 싸우는 이들의 이야기를 담은 김진명 장편소설 ‘바이러스X’을 추천했다  △하루 종일 집콕하는 이를 위한 추천 오디오북  코로나19 재확산에 하루 종일 집에서 생활하는 집콕러들을 위한 오디오북 콘텐츠도 있다. 10시간 이상 러닝타임의 경제·경영, 소설 분야의 책들을 추천한다. 먼저 경제·경영 서적으로 공동 창업자 마크 랜돌프가 최초 공개하는 넷플릭스 창업 이야기가 담긴 오디오북 ‘절대 성공하지 못할 거야’, 최윤식 저자가 예측하는 앞으로 20년 동안 전개될 중요한 사건과 기회, 그리고 대응전략을 들을 수 있는 오디오북 ‘2030 대담한 도전’을 제안했다.     ※ 주식은 매도가 생명!! 팔기 전 AI비서에게 물어봐!!  ▶ <세계최초>신약재료+美승인!! 1500%↑터질 역대급 바이오株 (종목확인)  ▶1500% 가는 '제2의 HMM' 아직 5000원대 황금株, 급등 전 마지막 기회! [클릭]  ▶▶[무료 공개]◀◀ 지금 ""1,000만원""만 있어도 당장 ""이것""부터 사라!! >>> (무료 체험)  ▶▶주식전문가들의 상승, TOP3 ""테마株"" 종목확인! 선착순 무료! [클릭]         ＜ⓒ종합 경제정보 미디어 이데일리 - 무단전재 & 재배포 금지＞    "
35,4,"2021-09-21","07:30:00","추석 연휴엔 건강 챙기세요... 나에게 도움되는 약재는?","▶'2차전지'의 신흥강자! 대규모 공급계약 체결! 800% 극비리 재료株  [이데일리 이순용 기자] 가을 환절기와 긴 추석 연휴를 앞두고 여름내 떨어졌던 면역력과 가족의 건강을 챙겨야 할 시기다.   함소아한의원 울산점 이진혁 원장은 “아침 저녁으로 서늘하여 일교차가 큰 환절기에는 몸이 무겁고 아침에 일어나기 힘들며, 눈에 띄게 기력이 떨어지는 사람들이 많다. 체질과 상태에 맞게 건강관리가 필요하며, 한방에서는 심신을 보강해 줄 수 있는 약재로 몸의 기능 회복을 돕고 허약한 체력을 개선하기도 한다” 고 말한다.   ◇장거리 운전이나 이동 시에 피로, 수면 관리 신경 써야   3시간이 넘는 장거리 운전을 할 경우 눈이나 어깨에 피로감을 준다. 특히 허리가 안 좋다면 운전 후 허리 통증이 재발할 수 있으니, 운전 중 적당한 휴식시간을 가져 발목, 허리, 어깨를 돌리고 스트레칭을 해주어야 한다. 피로, 과로로 심신의 컨디션이 좋지 않은데 장거리 운전이나 이동을 해야 한다면 쌍화탕이 도움이 될 수 있다. 쌍화탕은 기혈을 보하고 피로회복과 허한 것을 다스리는 처방이다.   또한 깊게 잠들지 못하고 집이 아닌 곳에서 수면이 어려운 편이라면 대추차가 수면안정에 도움을 준다. 대추는 심장과 간장의 기운을 보해 주는 효능이 있다. 특히 가슴이 답답하면서 잠을 잘 들지 못하거나 수시로 가슴이 두근거리고, 꿈을 자주 꾸는 사람에게 약재로 처방하기도 한다.  ◇비염, 기침 심하다면 호흡기 면역력 높이고 도라지, 호두 섭취 도움   평소 비염이 있다면 아침저녁으로 콧물을 훌쩍거리게 된다. 비염은 코막힘, 재채기, 기침, 코피, 눈 비비기 등 사람마다 증상이 다르게 나타나는데, 이런 증상을 정확히 파악해 면역력, 체력, 체질을 개선해야 치료의 효과가 좋아진다. 한의학에서는 맑은 콧물이나 재채기, 코막힘 증상에는 소청룡탕을 처방하고, 진득한 콧물이 나타나기 시작하면 형개연교탕 등을 처방해 증상 완화와 호흡기 면역력 강화를 도와준다.  말을 많이 하는 직업이거나, 피곤할 때 목이 잘 쉬고 환절기에 기침을 자주 한다면, 도라지, 호두를 음식에 활용해 섭취해 보는 것이 좋다.호흡기 진액을 보강하고 오래된 기침을 완화시키려면 경옥고 처방이 도움이 될 수 있다. 기침은 후두나 기관지 문제가 아니라 후비루성 기침, 위식도 역류도 원인이 될 수 있으니 기침이 오래 갈 경우 원인을 파악해 치료를 하는 게 중요하다.   ◇소화불량 자주 있는 체질은 위 기능 보강하고 걷기 운동해야  명절에 먹는 음식들은 대부분 지방이 많아 원활한 위장운동을 방해한다. 먹고 나면 몸이 더 무겁고 더부룩한 것도 위장운동이 저하되기 때문으로 평소 잘 체한다면 더 주의해야 한다. 음식이 영양분으로 흡수가 안되면 우리 몸은 배탈, 설사, 부종과 같은 증상으로 이상 신호를 보낸다. 긴 추석 연휴 식사량이 늘어나 소화불량이 걱정된다면 걷기운동이 도움이 된다. 평소보다 조금 더걷고 팔다리도 크게 움직이면서 가볍게 걸으면, 다음날 얼굴, 손발이 덜 붓고 위가 더부룩하고 속이 쓰리거나 신물이 올라오는 증상도 덜 해질 수 있다.  명절에 체기로 고생하는 사람도 있다. 평소 입이 짧은 편이거나, 신경을 자주 쓰고 피곤하면 소화가 안되는 체질의 경우대개 문제가 된다. 명치에 통증과 함께 꽉 막히는 느낌으로, 가슴도 답답하고 손발이 차가워진다. 심하면 두통과 울렁거림 어지러움 등이 흔하게 생긴다. 한방에서는 위가 불편하고 소화가 안되거나 체기가 있을 때 소화기 순환을 돕는 평위산 처방을 활용한다. 평위산은 음식이 우리 몸에 과하게 들어서 복통, 구토 설사 등의 소화기 증상을 유발할 때 도움이 되는 처방이다.  ◇명절 지나고 체중 늘었다면 식사량 조절하고 가벼운 운동부터  연휴를 보내고 나면 매번 늘어난 체중이 걱정이다. 다이어트를 위해 갑자기 식사량을 급격히 줄이면 몸의 기운이 떨어져 어지러움, 손떨림, 식은땀이 날 수 있다. 몸 컨디션에 따라 식사량을 조절해야 하며, 저녁 식사량을 줄이면서 식사 후 1시간 정도 운동을 꾸준히 하는 것을 추천한다. 식사 후 바로 눕거나 오래 앉아있지 말고, 움직이며 활동을 해야 체중감소에 도움이 된다. 또한 먹은것에 비해 체중이 더 늘어나는 편이라면, 평소 초콜릿 등 단 음식이나 고칼로리 인스턴트, 밀가루 음식을 가까이하지 않는지 체크해볼 필요가 있다. 한방에서는 옥수수수염 즉 옥미수를 자주 쓰기도 한다. 옥미수는 소변을 시원하게 나가게 하는 이뇨작용을 통해서 부기를 빼고 혈당을 떨어뜨리는데 도움을 준다.   ◇시험 앞둔 수험생, 지금부터 체력과 집중력 유지해야  큰 시험을 앞두고 있는 수험생들은 가을이 되면서 체력이 떨어지기 쉬우니 시험 준비만큼 건강관리도 중요하다. 다가오는 시험에 대한 불안이나 긴장 때문에 수면이 부족해지면 하루 종일 집중이 안되고 멍해지기 마련이다. 머리를 맑게 하고 체력을 보충해 남은 기간 학업에 매진할 수 있는 한방 처방들이 도움이 될 수 있다. 시험 볼 때마다 긴장하거나 눈앞이 깜깜해지는 경우가 많으면 우황청심환을 복용할 수 있는데 시험 당일 처음 복용하기 보다는 미리 먹어보면서 몸의 반응을 비교해보는 것을 추천한다. 평소 생리통이 심하다면 통증과 컨디션 관리를 할 수 있도록 미리 대비를 하도록 한다.             ※ 주식은 매도가 생명!! 팔기 전 AI비서에게 물어봐!!  ▶ <세계최초>신약재료+美승인!! 1500%↑터질 역대급 바이오株 (종목확인)  ▶1500% 가는 '제2의 HMM' 아직 5000원대 황금株, 급등 전 마지막 기회! [클릭]  ▶▶[무료 공개]◀◀ 지금 ""1,000만원""만 있어도 당장 ""이것""부터 사라!! >>> (무료 체험)  ▶▶주식전문가들의 상승, TOP3 ""테마株"" 종목확인! 선착순 무료! [클릭]         ＜ⓒ종합 경제정보 미디어 이데일리 - 무단전재 & 재배포 금지＞    "
35,5,"2021-09-21","07:30:00","인천 서구, 자원순환 앞장…재활용 쓰레기 보상수거","- 신현동서 유가보상 수거시설 1호점 개점 - 재활용품 가져오면 물품 양 맞춰 돈 지급 - 아이스팩 재사용 확대…전용 세척장 설치 - 이재현 구청장 ""국제환경도시 만들겠다""    ▶'2차전지'의 신흥강자! 대규모 공급계약 체결! 800% 극비리 재료株     서구 신현동 신현원마을관리소에서 문을 연 서로이음가게 1호점 전경. (사진 = 서구 제공)    [인천=이데일리 이종일 기자] 인천 서구는 환경보호와 자원순환 활성화를 위해 재활용 쓰레기 보상 수거, 아이스팩 세척장 운영 등을 추진하고 있다.  시는 이달부터 신현동 신현원마을관리소에서 재활용품 유가 보상 수거시설인 서로이(e)음가게 1호점을 시범운영 하고 있다.  서로이음가게 1호점은 매주 화요일 오후 2~5시 문을 연다. 투명페트병 1개를 가져오면 10원을 주고 플라스틱은 1㎏당 100원을 준다. 의류는 1㎏에 250원이고 알루미늄 캔은 1㎏에 500원이다.  1호점에서는 구청 자원순환과 직원 2명과 자원순환활동가 2명이 함께 재활용 쓰레기를 받고 휴대전화 앱에 해당 물품 양을 기재한다. 주민이 가져온 재활용품에 대한 돈은 수거업체 동양환경이 1개월에 1차례씩 지급해준다.  서로이음가게에 보관된 재활용 쓰레기는 동양환경이 가져가 재활용 전문기업에 판매한다. 이렇게 하면 재활용 쓰레기를 폐기하지 않고 다시 사용할 수 있는 양이 늘어난다. 서구는 내년 서로이음가게를 6곳 이상 늘릴 계획이다.   이 외에 서구는 이달부터 구청에서 아이스팩 전용 세척장을 운영하고 있다. 세척장에는 초음파세척기, 건조기, 계수대 등이 설치됐다. 기존 아이스팩은 물로만 세척해 재사용했지만 현재는 초음파세척기와 건조기를 거쳐 더 깨끗해진 아이스팩 재활용품을 사용할 수 있다.   서구는 2019년부터 아이스팩 재사용 사업을 본격화해 전체 동행정복지센터에 수거함을 설치했다. 수거된 아이스팩은 세척해 서구지역 상공인에게 무상으로 제공하고 있다.  지난해는 수거한 아이스팩 44톤 가운데 18톤(40%)을 재활용했다. 올해 1~8월에는 수거된 42톤 가운데 17톤(40%)을 상인들에게 제공했다.  재활용되지 않은 아이스팩은 전량 소각처리 한다. 서구는 초음파세척기로 세척하면 아이스팩의 재사용이 더 많아질 것으로 기대하고있다.   서구는 또 △배달음식 공유 용기 서비스 △커피찌꺼기(커피박) 재자원화 △재활용품 인공지능 무인수거 △폐플라스틱 자원화 재활용센터 등을 운영하고 있다.  이재현 서구청장은 “한때 서구는 전국에서 환경이 가장 열악한 도시, 회색빛 도시라는 꼬리표가 따라다닐 만큼 환경이 취약했다”며 “하지만 민선 7기 들어 변화와 혁신에 기반한 친환경 선진화 정책을 추진해 환경개선 성과를 많이 냈다”고 말했다.  이어 “자원순환 정책을 중점 시행하고 서구를 대한민국 대표의 국제환경도시로 만들겠다”고 밝혔다.     ※ 주식은 매도가 생명!! 팔기 전 AI비서에게 물어봐!!  ▶ <세계최초>신약재료+美승인!! 1500%↑터질 역대급 바이오株 (종목확인)  ▶1500% 가는 '제2의 HMM'아직 5000원대 황금株, 급등 전 마지막 기회! [클릭]  ▶▶[무료 공개]◀◀ 지금 ""1,000만원""만 있어도 당장 ""이것""부터 사라!! >>> (무료 체험)  ▶▶주식전문가들의 상승, TOP3 ""테마株"" 종목확인! 선착순 무료! [클릭]         ＜ⓒ종합 경제정보 미디어 이데일리 - 무단전재 & 재배포 금지＞    "
35,6,"2021-09-21","07:28:16","BRIFT-Havidity, 2021년 3분기 현재까지 판매량 약 21.2% 증가","BRIEF-Havertys Says Sales For Q3 To Date Of 2021 Are Up Approximately 21.2% Y-o-Y .storyContent * {border-color:inherit !important;outline-color:inherit !important;} 9월 20일 (로이터) - 빈곤 가구 회사 주식회사 HVT.N:  빈곤 - 2021년 3분기부터 현재까지 매출이 작년 같은 기간보다 약 21.2% 증가했다.   빈곤 - 현재 3분기 동안 19.5%의 판매 증가    Further company coverage: HVT.N  Reuters.Briefs@thomsonreuters.com        (c) Copyright Thomson Reuters 2020. Click For Restrictions - https://agency.reuters.com/en/copyright.html   원문 바로가기    DISCLAIMER  레피니티브의 사전, 서면 승인 없는 톰슨로이터 콘텐츠의 재생산이나 재배포는 금지되어 있습니다. 이기사의 한국어 번역은 에프앤가이드가 사용하는 기계적 번역에 의한 것으로 톰슨로이터와 레피니티브는 번역의 정확성을 보증하지 않습니다."
35,7,"2021-09-21","07:28:13","BRIFT-Shell, Permian 이자를 95억 달러에 Conocophillips에 매각하기로 합의","BRIEF-Shell Signs Agreement To Sell Permian Interest For $9.5 Billion To Conocophillips .storyContent * {border-color:inherit !important;outline-color:inherit !important;} 9월20일(로이터) - 코노코필립스 COP.N:  페미니즘의 이자를 95억 달러에 코노코필립스에 팔기로 한 조개표 계약서    Further company coverage: COP.N  Reuters.Briefs@thomsonreuters.com        (c) Copyright Thomson Reuters 2020. Click For Restrictions - https://agency.reuters.com/en/copyright.html   원문 바로가기    DISCLAIMER  레피니티브의 사전, 서면 승인 없는톰슨로이터 콘텐츠의 재생산이나 재배포는 금지되어 있습니다. 이 기사의 한국어 번역은 에프앤가이드가 사용하는 기계적 번역에 의한 것으로 톰슨로이터와 레피니티브는 번역의 정확성을 보증하지 않습니다."
36,1,"2021-09-21","07:15:42","피카소 유족, 프랑스 당국에 세금 대신 작품 8점 납부","피카소 유족, 프랑스 당국에 세금 대신 작품 8점 납부  재무장관 ""국가의 영광…우리 문화유산 넓고 깊게 할 것""         (서울=연합뉴스) 신유리 기자 = 현대 미술의 거장 피카소(1881∼1973)의 유족이 프랑스 당국에 납부해야할 세금 대신 그의 작품 8점을 냈다고 AFP 통신이 20일(현지시간) 보도했다.      피카소 유족은 이날 기자회견에서 파리에 있는 국영 피카소 박물관에 그림 6점, 조각 2점을 전달했다고 밝혔다.      피카소의 딸인 마야(86)에게 부과된 상속세 대신 현물로 납부된 이들 작품의 가격은 알려지지 않았다.      작품 중에는 피카소가 1895년 자신의 아버지를 그린 '돈 호세 루이스'도 포함됐다.      또 피카소가 91살의 나이로 생을 마감하기 2년 전인 1971년 남긴 남성 초상화도 박물관에 전달됐다.      이들 작품은 2022년 4월부터 피카소 박물관에서 전시될 예정이다.      앞서 브루노 르메르 프랑스 재무장관은 자신의 트위터 계정에서 이같은 소식을 전하며 ""피카소의 새로 공개된 작품을 맞이하게 돼 국가의 영광""이라며 ""이들 작품이 우리 문화유산을 넓고 깊어지게 할 것""이라고 말했다.       newglass@yna.co.kr  (끝)     <저작권자(c) 연합뉴스, 무단 전재-재배포 금지>"
36,2,"2021-09-21","07:13:52","유엔 사무총장 ""올해 남북관계 개선 계기되길""","文대통령 유엔 사무총장 면담    제76차 유엔총회 고위급 회의 참석차 미국을 방문한 문재인 대통령이 20일(현지시각) 오후 유엔사무국에서 안토니우 구테흐스 유엔 사무총장 접견에 앞서 기념촬영하고 있다. 연합뉴스  [헤럴드경제=박병국 기자]유엔 총호 참석 차 미국을 방문중인 문재인 대통령은 20일 오후(현지시간) 안토니우 구테흐스 유엔 사무총장을 만나 한반도의 완전한 비핵화와 항구적 평화 정착을 위한 유엔의 지속적인 협조와 성원을 당부했다고 청와대가 전했다.  구테흐스 사무총장은 남북이 유엔 동시가입 30주년을 맞은 올해 관계 개선의 계기가 되기를 바란다고 언급하며 앞으로도 한국 정부와 긴밀히 협력해 나가겠다고 말했다. 문 대통령은미국 뉴욕 유엔사무국에서 구테흐스 사무총장과 면담을 진행했다.  문 대통령은 또 한국이 오는 12월 유엔 평화유지장관회의를 개최해평화유지활동(PKO) 강화에 기여하고, 국제사회의 신종코로나바이러스감염증(코로나19), 기후변화 대응, 지속가능발전목표 달성에 적극적으로역할하겠다는 뜻을 전달했다.  구테흐스 사무총장은 한국이 다양한 분야에서 글로벌 리더십을 발휘하고 있다고 언급했다.  아울러문 대통령은 구테흐스 사무총장이 이날 오전 '지속가능발전목표 고위급 회의(SDG 모멘트)'에 방탄소년단(BTS)이 함께할 수 있도록지원해 미래세대와 소통하는 노력을 보여줬다고 평가했다.  문 대통령과 구테흐스 사무총장의 면담은 이번이 여섯 번째다."
36,3,"2021-09-21","07:11:29","UPDATE 1-Robinhood 테스트 암호화 지갑, 암호화폐 전송 기능 - 블룸버그 뉴스","UPDATE 1-Robinhood testing crypto wallet, cryptocurrency transfer features- Bloomberg News .storyContent * {border-color:inherit !important;outline-color:inherit !important;}  9월 20일 (로이터) - 로빈후드 마켓 주식회사 HOOD.O 고객이 비트코인과 같은 디지털 통화를 주고받을 수 있는 새로운 암호화 지갑과 가상화폐 전송 기능을 자사 앱에서 테스트하고 있다고 블룸버그통신이 24일 보도했다.   아이폰 앱의 베타 버전은 그러한 기능에 대한 회사의 작업을 보여주었다고 이 보고서는 말했다. (https://bloom.bg/39lepB5  보고서는 ""암호 지갑 기능에 가입하는 사용자들을 위한 대기자 명단 페이지를 보여주는 숨겨진 이미지도 있었다""고 덧붙였다.  로빈후드의 대변인은 논평하기를 거부했다.  그 회사의 소매 주주들은 오랫동안 암호지갑을 기다려 왔다. 지난달 증권사가 첫 분기 실적을 발표하기 하루 전, the top question기업들이 소매 투자자들로부터 질문을 크라우드소싱할 수 있는 플랫폼인 '세이'는 증권사가 그런 지갑을 얻고 있는지 여부였다.  거래앱 운영자는 디지털 화폐 공간에 대한 소매 투자자의 이자에 크게 베팅했다. 이달 초, the company said 그것은 사용자가 디지털 코인을 수수료 없이 구매할 수 있도록 하고 그들이 선택한 일정표에 1달러만 내면 암호화된 반복적인 투자를 할 수 있다.           (Reporting by Niket Nishant in Bengaluru; Editing by Krishna Chandra Eluri)  Niket.Nishant@thomsonreuters.com     (c) Copyright Thomson Reuters 2020. Click For Restrictions - https://agency.reuters.com/en/copyright.html        Keywords: ROBINHOOD-CRYPTO/ (UPDATE 1)   원문 바로가기    DISCLAIMER  레피니티브의 사전, 서면 승인 없는 톰슨로이터 콘텐츠의 재생산이나 재배포는 금지되어 있습니다. 이 기사의 한국어 번역은 에프앤가이드가 사용하는 기계적 번역에 의한 것으로 톰슨로이터와 레피니티브는 번역의 정확성을 보증하지 않습니다."
36,4,"2021-09-21","07:11:00","'레스큐'에 꽂힌 현대차그룹…인명구조 모빌리티 개발에 박차","'레스큐'에 꽂힌 현대차그룹…인명구조 모빌리티 개발에 박차       (서울=연합뉴스) 장하나 기자 = 현대차그룹이 수소연료전지와 로보틱스 등을 통해 사람을 구하는 '레스큐' 모빌리티 개발에 속도를 내고있다.       21일 업계에 따르면 현대차그룹은 이달 7일 열린 '하이드로젠 웨이브' 행사와 8∼11일 열린 수소모빌리티+쇼에서 수소연료전지 모빌리티에 비행 드론과 소방용 방수총이 결합된 무인 모빌리티 '레스큐 드론'을 선보였다.      레스큐 드론은 비행 드론을 띄워 재난 현장을 촬영하면서 방수총을 가동해 화재를 진압하고 인명을 구조하는 신개념 모빌리티로, 원격주행과 자율주행이 모두 가능하다.      현대차그룹은 제자리에서 돌거나 대각선으로 움직이는 '크랩 워크'도 가능하도록 구현할 예정이며 1회 충전시 주행거리는 450∼500km로개발 중이다.      레스큐 드론과 함께 공개한 재난구호차량은 연료전지와 전기 충전기를 사륜구동이 가능한 험로 주행용 차량에 결합한 모빌리티로, 수소로 발전을 한 뒤 재난지역과 험지 등에 전력을 지원하는 방식이다.        앞서 현대차그룹은 작년 12월 세계적인 로봇 기업인 보스턴 다이내믹스 인수 계획을 발표하면서도 구조와 구호 분야에서 로봇이 활약할것이라고 설명한 바 있다.      현대차그룹은 당시 ""현대차그룹이 개발한 로봇을 구호 활동이 필요한 험지와 재난 현장 등 공공의 영역에도 투입할 수 있어 인류의 안전과 공익에 기여하는 역할까지 기대할 수 있다""고 강조했다.      현대차그룹이 2월 공개한 '지능형 지상 이동 로봇'도 응급 구조시 긴급 보급품 수송 역할까지 고려해 개발된 모빌리티다. 길이 80cm, 폭40cm, 무게 12kg에 4개의 다리와 바퀴가 달린 보행형 소형 무인 모빌리티로 험난한 지형까지 지능형 로봇 기술과 바퀴를 결합해 자유로이 이동할 수 있다.       의료용 웨어러블(착용) 로봇에도 관심을 두고 있다.      2019년 11월 브랜드 캠페인 영상에서는 하반신 장애를 가진 장애인 양궁 국가대표 박준범 선수가 웨어러블 로보틱스 기술이 적용된 의료용 로봇 'H-MEX'의 힘을 빌려 휠체어에서 일어나 활시위를 당기는 모습으로 이목을 끌었다.      현대차그룹의 주요 미래 먹거리 중 하나인 도심항공모빌리티(UAM) 역시 교통체증이 심한 도심 또는 산간, 도서벽지 지역에서 응급환자를이송하거나 의약품을 수송하는 용도로 쓰일 수 있다.        이는 정의선 현대차그룹 회장이 그동안 수차례에 걸쳐 인류 우선 가치를 강조한 것과도 맥이 닿는다.      정 회장은 작년 10월 회장에 취임하면서 ""현대차그룹의 모든 활동이 인류의 삶과 안전, 행복에 기여하고 다시 그룹 성장과 발전의 원동력으로 이어지는 선순환 구조를 만들어야 한다""고 밝힌 바 있다.      보스턴 다이내믹스 인수 발표시에는 ""고령화, 언택트로 대표되는 글로벌 메가 트렌드가 진행 중인 가운데 안전, 치안, 보건 등 공공영역에서도 인류를 위한 역할을 할 것""이라고 강조했고, 올해 초 새해 메시지에서도 ""일상의 업무에서도 언제나 고객과 인류를 최우선으로 주주가치를 극대화하고, 협력업체를 비롯해 우리와 함께 하는 다양한 이웃과 사회, 환경에 도움이 될 수 있도록 고민해 주길 바란다""며 임직원의 사회적 책임을 당부했다.      hanajjang@yna.co.kr  (끝)     <저작권자(c) 연합뉴스, 무단 전재-재배포 금지>"
36,5,"2021-09-21","07:10:54","추석 이후 주목해야 할 공모주는 어디… 시몬느·케이카 '눈길'",".ad {text-align:center; font-size:8pt; font-family:돋움;line-height:1.2}.title{font-size:14px;color:#203c76;font-weight:bold;margin-bottom:20px;}a,img {border:0; outline:none; selector-dummy:expression(this.hideFocus=true);}body,td,select,input,div,form,textarea,center,option,pre,blockquote {font-size:9pt; line-height:1.6; font-family:돋움;}table{width:100%; border:0px;}@media (min-width:650px){img {max-width:600px;height:auto}}@media (max-width:650px){img {max-width:500px;height:auto}}@media (max-width:550px){img {max-width:400px;height:auto}}@media (max-width:450px){img {max-width:300px;height:auto}}@media all and (max-width: 400px) {img {max-width:300px;height:auto}.tbl_dmd {width:340;text-align:right;border-collapse:collapse;}}.pv{display:none;}.popup {cursor : pointer;color:#0078c6;}.mttl {color:#821e1e;font-weight:bold;font-size:9pt;}.tldot {font-size:7pt;color:#0078c6;}td.pls {color:#ff3300;}td.mns {color:blue;}td.pls_ar {text-align:right;color:#ff3300;}td.ar {text-align:right;}td.ac {text-align:center;}.tbl_dmd {width:380;text-align:right;border-collapse:collapse;}.tbl_dmd {max-width:400;min-width:340;text-align:right;border-collapse:collapse;}.tbl_dmd td {padding-right:5;border:1px solid #dcdcdc;}.tbl_con {width:340;border-collapse:collapse;text-align:center;}.tbl_con td {padding-right:5;border:1px solid #dcdcdc;}r {display:none;} 제목 : 추석 이후 주목해야 할 공모주는 어디… 시몬느·케이카 '눈길'    민족 최대 명절인 추석을 앞두고 IPO(기업공개) 시장이 그 어느때보다 분주한 모습이다./사진=이미지투데이  민족최대 명절인 추석을 앞두고 IPO(기업공개) 시장이 그 어느때보다 분주한 모습이다.     21일 금융투자업계에 따르면 지난 13일부터 내달 13일까지 한달 동안 공모청약을 앞두고 있는 기업은 총 19개사다. 이중 스팩을 제외하면 15개 기업이 일반청약을 진행할 예정이다.     연휴 기간동안에는 공모주 투자자들의 청약 열기가 상대적으로 적기 때문에 기업들도 명절을 피해 IPO 절차를 진행하는 것이 일반적이다. 하지만 올해는 공모주 시장이 역대급 호황을 맞이하면서 연휴 전후로도 상장 일정이 줄줄이 예정된 것으로풀이된다.     대부분의 기업이 코스닥 시장에 상장을 준비하는 가운데 시몬느액세서리컬렉션, 케이카, 카카오페이 3개 기업은 코스피 상장에 도전한다. 다만 카카오페이의 경우 상장 전 악재로 인해 최종 상장 목표 시기가 불투명해진 상황이다.     앞서 카카오페이는 지난 7월2일 증권신고서를 제출했지만 금융감독원의 정정요구로 상장이 한차례 연기된 바 있다. 이후 8월31일정정 신고서를 제출하고 10월14일을 유가증권시장 입성을 목표로했지만 정부의 '핀테크 규제'라는 대형 암초를 만나 다시 한번 상장 일정 연기 가능성이 높아졌다.     카카오페이는 당초 이달 29~30일로 예정된 기관 대상 수요예측을 미루는 방향으로 상장 일정을 정리한 것으로 알려졌다.     이외에도 케이카, 시몬느액세서리컬렉션이 추석 이후 수요예측을 진행하고 10월 중상장할 예정이다. 핸드백 ODM(제조자개발생산) 기업인 시몬느액세서리컬렉션의 주당 공모주 희망 범위는 3만9200~4만7900원으로 상장 이후 예상 시가총액은 최대 1조6036억원에 달할 전망이다. 국내 1위 중고차 플랫폼 기업인 케이카의 공모주 희망 범위는 3만4300원~4만3200원으로 예상 시가총액은 1조6494억원~2조773억원이다.     박종선 유진투자증권 연구원은 ""하반기에도 대어급 기업들이 지속적으로 상장을 준비하고 있어 연말까지 IPO 시장은 호황을 유지할 것""이라며 ""올해 연간 기준으로도 역대 최고 수준을 이미 달성했고 점차공모금액 및 시가총액이 증가될 것""이라고 설명했다.   ☞ 김소연, 물오른 미모 무슨일… 단발도 ' 찰떡' ☞ '최현석 딸' 최연수, 우월한 몸매 자랑… 허리가 '한 줌' ☞ '애프터스쿨 출신' 유이, 요요 고백 이후 근황… ""역대급 바디프로필"" ☞ 구혜선 근황, 밤샘 작업 직후 셀카… 흐트러짐 없는 美모 ☞ 이경규 딸 이예림, 이 정도였어?… 결혼 앞두고 물오른 美모     해당 기사는 머니S(moneys.mt.co.kr)에서 제공한 것이며 저작권은 제공 매체에 있습니다. 기사 내용 관련 문의는 해당 언론사에 하시기 바랍니다.  ▶ [참여코드: 0713] 잘 고른 카톡방 하나가 계좌를 바꾼다! (입장하기) >> ◆ 아직도 싸다! 놓치면 후회 할 저평가 우량주 TOP5 ▶▶[무료 참여코드: 7676] 오늘 현재 무료체험 인원 1천 3백명! 기간무제한! 이용료 0원, 선착순마감직전, 지금 바로 입장!! ▶ [완.벽.적.중] 급등임박! 이번주 상한가 예상종목 (클릭) ◆ 4분기 정부 정책 최대 수혜주 TOP 5 (확인)            Copyright ⓒ True&Live 증시뉴스 점유율1위, 인포스탁(www.infostock.co.kr)"
36,6,"2021-09-21","07:10:53","BUZ-FDA 자궁경부암 치료 승인 가속화","BUZZ-Seagen up FDA's accelerated approval for cervical cancer treatment .storyContent * {border-color:inherit !important;outline-color:inherit !important;} ** 제약회사 주식 SGEN.O 종을 울린 후 달러당 3.7% 올랐다.  ** 공동 및 파트너 Genmab A/S GEN.CO 미국 FDA가 그들의 약품인 티브다크에게 질병이진행되었거나 항암화학요법이 끝난 자궁경부암 성인환자의 치료에 대한 신속한 승인을 허가했다고 말한다.  ** Co는 확인 시험에서 임상 유익성에 대한 검증과 설명에 따라 지속적인 승인이 이루어질 수 있다고 말한다.  ** 안구 독성의 위험을 알리는 상자 모양의 경고가약물에 함께 제공됨  ** 월요일 마감까지 SGEN은 9.2% YTD 하락     (Reporting by Dania Nadeem in Bengaluru)        (c) Copyright Thomson Reuters 2020. Click For Restrictions - https://agency.reuters.com/en/copyright.html   원문 바로가기    DISCLAIMER  레피니티브의 사전, 서면 승인 없는 톰슨로이터 콘텐츠의 재생산이나 재배포는 금지되어 있습니다. 이 기사의 한국어 번역은 에프앤가이드가 사용하는 기계적 번역에 의한 것으로 톰슨로이터와 레피니티브는 번역의 정확성을 보증하지 않습니다."
36,7,"2021-09-21","07:10:18","""땅 투자 4개월 수익률 53%, 어라 돈을 뺄 수가 없네""…가상 부동산 투자자들 뿔났다","가상 부동산 '어스2'에서 가장 많은 땅을 보유하고 있는 사람의 순자산은 현재 54만달러(6억3500만원)에 달하는 것으로 알려졌다. 17일 어스2가 자체적으로집계한 순위에 따르면 이 투자자는 약 28만달러(3억2900만원)를 번 것으로 나타났다. 단순 계산하면 수익률은 51.8%다. 어스2는 가상의지구를 10×10m로 쪼개 땅을 사고 파는 메타버스(3차원 가상 세계) 게임이다. 지난해 11월 호주 출신의 개발자 셰인 아이작이 구글 어스를 기반으로 출시했다. 어스2 내 결제는 계좌이체, 신용카드, 페이팔(간편결제) 등으로 할 수 있다. 어스2에서 사용하는 단위 E$는 달러와 같다. 갖고 있던 땅을 팔려면 매도값을 지정해서 내놓을 수 있다. 다만 모든 거래에는 5%의 수수료가 발생한다. 어스2에선 '개선부담금(Improvement Fee)'라 부른다. 시세 차익분에서 5%를 산정하는 방식이다. 어스2 외에도 업랜드, 메타렉스(현재 시범 서비스 중), 디센트럴랜드 등 가상 부동산 플랫폼은 늘고 있는 추세다. 하지만 이들 플랫폼 모두 투자 주체가 불분명하고 현금화가 사실상 불가능하단 점에서 전문가들은 신중한 투자를 당부하고 있다.   ■ 어스2, 업랜드 등 가상 부동산…현금화 사실상 불가   어스2내 땅 값은 출시 이후 계속해서 오르고 있다. 지난 5월 28일 어스2에서 제주도 애월읍 땅을 23.81달러(약 2만 6000원)에 구매한 이후 17 일 기준 53%의 수익률을 기록했다. 지난 10일에만 해도 수익률은 51%이었다. 약 일주일만에 2%가 또 올랐다. 다만 기뻐하는 것은 이르다. 수익을 내도 어스2에서 번 돈을 인출하는 것은 사실상 불가능하다. 까다로운 인증 절차를 거쳐야될 뿐만 아니라, 영어로 된 메일을 회사측과 주고 받아야 한다. 이조차도 답장을 받는데까지는 최소 한달이 걸린다는 것이 이용자들의 전언이다. 메일로 환불 신청을 완료한다고 해도 끝이 아니다. 어스2가 발급하는 가상 'E2 마스터 카드'를 발급해 이 카드로 환불받아야 한다. 이 카드는 심지어 국내에서는 사용이어렵다. 이에 이용자들은 불만을 터뜨리고 있다. 어스2에 100만원 출금을 요청했다는 한 투자자 A씨는 ""지금 환불을 신청한지 거의 6개월이 다 돼 간다""며 ""포기해야 하는 걸까""라고 토로했다. 어스2 외 가상 부동산 플랫폼들에서도 현금화는 불가능하다. 가상 부동산 플랫폼업랜드 내에선 UPX라는 암호화폐가 쓰인다. 하지만 UPX는 아직 코인 거래소에 상장되지 않아 현금화를 할 수 없다. 수익을 낸다고 하더라도내 돈이 아닌 셈이다. 이같은 가상 부동산 플랫폼에서는 가격을 측정하는 방식도 불분명하다는 점도 문제라는 지적이 나온다. 가상 부동산 가격을 상정하는 방식에 대해 알려진 바가 없기 때문이다. 가상 부동산 플랫폼 측에서 자의적으로 올리는 것인지 사람들의 수요로 가격이오르는 것인지 투자자들은 알 길이 없다.   ■ 전문가 ""신중한 투자 당부""   전문가들은 이같은 가상 부동산플랫폼의 리스크에 대한 우려를 표했다. 블록체인과 같이 유저들 간 거래가 아닌 플랫폼 사업자의 영역이 절대적인 거래에는 위험이 따른다는 경고다. 다만 플랫폼 내 이용자들이 늘어나게 돼 광고 효과 등이 생기게 되면 또 다른 이익을 창출하는 플랫폼으로의 성장 가능성도 조심스럽게 내다봤다. 김상균 강원대 산업공학과 교수는 ""어스2 외 업랜드 등 현재 가상 부동산 플랫폼에 대한 투자는 주체가 불분명하고, 사실상 현금화가 불가능하다는 점은 위험한 측면이 있다""며 ""또 투자자들을 보호할 수 있는 안전 장치나 보험 역시 부재하다는 점도 우려되는 점""이라고 지적했다. 다만 그는 ""현재 가상 부동산 플랫폼은 URL만 있었던 초기 포털 사이트와 비슷하다고 보는데, 실체는 불분명하지만 사람들이 모이면 디지털 재화를 발생시킬 수 있는 측면 역시 희미하게나마 존재한다""라고 덧붙였다. [김정은 매경닷컴 기자]    ☞ [매경증권센터] 이시각 증시는? ☞ [이시각 증시는] 거래소, 코스닥 시황 종합 ☞ [이 시각 특징주] 투자자별 매매동향, 이슈 테마!! ☞ [증권사 리포트] 최신 증권사 리포트 요약 ☞ 동학개미운동! 주식 초보투자자들의 성공백서! 톡스타!! ☞ 수익률 & 성공투자! ""톡스타""가 함께 합니다   [ⓒ 매일경제 & mk.co.kr, 무단전재 및 재배포 금지]"
37,1,"2021-09-21","07:01:02","'돌림감기 비루스가 뭐지?'…통일부, 남북 감염학용어집 발간","'돌림감기 비루스가 뭐지?'…통일부, 남북 감염학용어집 발간  남북 보건의료협력 대비 차원…연말까지 DB화 계획        (서울=연합뉴스) 배영경 기자 = 통일부가 남북 간 보건의료협력을 강조해온 가운데 우선 남북의 감염병 용어들을 비교·정리하는 작업을추진하기로 했다.      통일부 관계자는 21일 연합뉴스와 통화에서 ""남북 간 감염학 용어가 매우 다른 만큼 향후 보건의료협력에 대비하는 차원에서 사업을 진행 중""이라고 밝혔다.      남한은 영어에서 보건의료 용어를 차용한 사례가 많은 반면, 북한의 용어들은 러시아어 또는 순우리말로 이뤄진 경우가 많아 간극이 더욱 큰 것으로 파악된다.      가령 남한의 인플루엔자 바이러스는 북한에서 '돌림감기 비루스'로 불리고, 남쪽의 백일해균과 볼거리는 북쪽에서 각각 '백날기침균'과 '류행성이하선염'으로 통용된다. 작년부터 기승을 부리는 신종코로나바이러스 감염증(코로나19)의 경우 북한에서는 '신형코로나비루스' 또는 '악성비루스'라는 표현을 사용해 비교적 유사하다.      통일부는 연말까지 데이터베이스(DB)화하는 것을 목표로 탈북자 치료 경험이 많은 고려대학교 의료진 등에 연구용역을 의뢰한 상태다.       그동안 통일부는 남북이 한반도라는 하나의 생명·안전 공동체에 속한 만큼 코로나19를 비롯해 말라리아·결핵·아프리카돼지열병(ASF)등 각종 전염병과 감염병에 대응할 보건의료협력이 시급하다고 여러 차례 강조해왔다.      남북관계 경색으로 북한과 당장 협업할 수는 없지만 우선 남측이 할 수 있는 일부터 추진해 향후 남북 보건의료협력을 준비한다는 취지다. 사업 규모는 약 2천 만원 정도다.      ykbae@yna.co.kr  (끝)     <저작권자(c) 연합뉴스, 무단 전재-재배포 금지>"
37,2,"2021-09-21","07:01:01","<딜링룸 24시…챙겨봐야 할 국제경제뉴스>","-美, 코로나19 백신 접종 외국인 여행 규제 완화      바이든 행정부가 신종 코로나바이러스(코로나19) 백신 접종을 마친 외국인의 미  국 입국을 허용하는 등 외국인에 대한 여행 제한을 완화하기로 했다.      20일(현지시간) CNBC와 월스트리트저널 등 외신들에 따르면 11월 초부터 미국으  로 입국하는 외국 국적의 여행객들은 앞으로 코로나19 백신 접종 확인서와 출발 3일  내 코로나19 음성확인서를 제출하면 미국 내 입국이 허용된다.      제프 자이언츠 백악관 코로나19 대응 조정관은 기자들에게 이날 ""이번 조치는 과  학에 따른 것""이라며 ""승객들에게 완전히 백신 접종을 요구함으로써 본토에 있는 미  국인들을 보호하게 될 것""이라고 설명했다.      https://news.einfomax.co.kr/news/articleView.html?idxno=4168268       -연준, 이번 주 점도표서 '매파적'일 가능성      위원들은 지난 6월 내놓은 점도표에서 2023년에 두 차례 금리 인상을 예상했고, 올해와 내년에는 금리 인상이 없을 것으로 예상했다.      그러나 18명의 위원 중에서 거의 절반가량인 7명의 위원이 2022년 첫 금리 인상  을 예상했다는 점에서 이 수치가 절반을 넘어설 경우 첫 금리 인상 시기는 2022년으  로 빨라질 가능성이 있다.      JP모건의 마이클 페롤리 이코노미스트는 지난 금요일 자 보고서에서 ""2022년의  금리 중간값이 '금리 인상 없음'에서 '1회 인상'으로 바뀔 것""이라고 말했다.       -SG ""매파 연준에도 회사채 손실은 단기적""      미 연방준비제도(Fed·연준)의 매파적 스탠스에도 회사채의 손실은 오래가지 않  을 것이라고 소시에테제네랄(SG)이 예상했다.      다우존스에 따르면 SG는 ""연준이 매파적인 톤을 보이더라도 신용시장은 오래 영  향을 받지 않을 것""이라며 ""신용지표가 견조하고, 경제는 지속적으로 개선되고 있으  며, 델타 변이는 통제되고 있는 것으로 보인다""고 진단했다.      https://news.einfomax.co.kr/news/articleView.html?idxno=4168269       -야데니 ""헝다 파산하면, LTCM 파산과 유사할 듯""      중국 부동산 업체 헝다 그룹이 파산할 경우 이는 리먼브러더스와 같은 순간으로  이어지기보다 1998년에 나타난 헤지펀드 롱텀캐피털매니지먼트(LTCM)의 파산과 유사  할 것으로 보인다는 진단이 나왔다.      CNBC에 따르면 야데니 리서치의 에드 야데니 대표는 CNBC와의 인터뷰에서 헝다가  붕괴하더라도 글로벌 경제와 신용시장을 단번에 마비시켰던 리먼브러더스의  붕괴만  큼 심각하지는 않을 것이라고 말했다.      그는 대신 ""그것이 어떤 것과 비슷하다면, 1998년에 일어나 연방준비제도(연준·  Fed)와 주요 은행들이 빠르게 개입해 처리함으로써 전 세계에 거의 영향을 주지 않은  재앙인 LTCM 사태와 유사할 것""이라고 말했다.      https://news.einfomax.co.kr/news/articleView.html?idxno=4168267       -모건스탠리 ""우라늄 랠리 내년까지 이어가지 못할 것""      모건스탠리는 원자력발전의 원료인 우라늄 가격이 8년만의 최고치를 기록했지만 , 내년까지 랠리를 이어가지는 못할 것으로 진단했다.      비즈니스 인사이더에 따르면 모건스탠리 원자재 전략가인 마리우스 반 스트라텐  과 수잔 등은 스프롯 애셋 매니지먼트가 8월 중순이 이후 우라늄을 2천800만파운드  이상 대량으로 구입하면서 가격이 4주 만에 60%나 올랐다면서 이같이 지적했다.      이들은 스포롯 애셋의 실물 매입이 우라늄에 대한 관심을 다시 불러일으키는 원  동력이라고 진단했다. 캐나다에 본사를 둔 이 펀드는 선물 계약이 아닌 실물 상품을  보유하고 있는 유일한 펀드다.      https://news.einfomax.co.kr/news/articleView.html?idxno=4168266       -짐 크래머 ""주식 매도해야 할 시기""      미국 CNBC 프로그램 '매드머니'의 진행자인 짐 크래머가 주식을 매도할 시기가  왔다고 강조했다.      CNBC에 따르면 짐 크래머는 이날 스쿼크박스(Squawk Box)에서 ""미국 주식시장이  약 2주 정도 더 매도 기간(sell-off period)을 지속할 수 있다""며 이같이  언급했다 .      그는 ""사람들에게 주식을 팔라고 말하는 것은 불편하다""면서도 ""나는 그것을 멈  추지는 않고 있으며, 당신이 계속 매도할 것이라고 생각한다""고 말했다.      https://news.einfomax.co.kr/news/articleView.html?idxno=4168265       -비트코인, 위험회피 심리에 8% 급락      비트코인이 글로벌 위험회피 심리와 규제 강화 우려에 8% 이상 하락했다.      CNBC에 따르면 미 동부시간 오전 8시 58분 현재 코인메트릭스 기준 비트코인 가  격은 전장보다 8.46% 하락한 43,508.75달러를 기록했다.      이날 비트코인 가격은 한때 10% 이상 떨어져 42,634달러까지 밀렸다.      이더리움 가격도 12% 하락한 2,985.95달러까지 하락했다.      https://news.einfomax.co.kr/news/articleView.html?idxno=4168262       -배런스 ""월가가 증세·테이퍼·헝다보다 두려워하는 것은….""      월가는 증세법안들, 테이퍼링, 중국 부동산 개발업체 헝다(恒大·에버그란데)그  룹 파산 우려를 합친 것보다 주요 지수의 50일 이동평균선이 아래로 뚫린 점을 더 우  려하고 있다고 배런스가 20일 보도했다.      배런스에 따르면 월가 트레이더들은 스탠더드앤드푸어스(S&P)500 지수가 지난 6 월 18일 이후 처음으로 4,436.35 언저리인 50일 동평균선 아래에서 마감되면서 엄청  겁을 먹고 있다. 50일 이동평균선은 종종 지지선과 저항선 역할을 하는 주요 기술적  지표다.      https://news.einfomax.co.kr/news/articleView.html?idxno=4168261       -화이자, 코로나19 백신 5~11세에도 강한 면역 반응      화이자와 바이오엔테크의 신종 코로나바이러스 감염증(코로나19) 백신이 5~11세  아동에게도 안전하며, 동시에 강한 면역 반응이 나타났다고 화이자와  바이오엔테크  가 밝혔다.      CNBC에 따르면 화이자와 바이오엔테크는 2만2천 명의 5~11세 아동을 대상으로 1  0㎍(성인의 3분의 1 용량)을 3주 간격으로 두 차례 접종한 결과 이들에게서 16세~25 세 연구에서와 유사한 강한 면역 반응이 나타났다고 말했다.      https://news.einfomax.co.kr/news/articleView.html?idxno=4168259       -모건스탠리, 美 증시 20% 하락할 가능성 경고      모건스탠리가 미국 주식시장이 일부 경제지표가 악화되면서 큰 폭으로 하락할 수  있다고 경고했다.      CNBC에 따르면 마이크 윌슨 모건스탠리 전략가는 ""증시가 불과 얼음의 갈림길에  있으며, 부정적인 길로 가기 시작한 것으로 보인다""고 언급했다.      그는 ""얼음 쪽의 시나리오가 가능성이 높아 보이기 시작했다""며 ""더 파괴적인 결  과가 나올 수 있고, 즉 20% 이상의 조정이 나타날 수 있다""고 내다봤다.      https://news.einfomax.co.kr/news/articleView.html?idxno=4168258   (끝)  <저작권자(C)연합인포맥스뉴스. 무단 전재-재배포 금지.>"
37,3,"2021-09-21","07:01:00","[플랫폼 독점 논란] ""중개업 발전 vs 매물 가로채기""…직방, 골목상권 침해 논란","[서울=뉴스핌] 김성수 기자 = 직방 등 대형 부동산중개 플랫폼 기업들이 공인중개사의 업역에 들어와 '골목상권'을 침해한다는 논란이 제기되고 있다. 직방과 제휴한 중개사가 수수료의 절반을 직방에 내야 한다는 것은 사실상 직방이 '직접 중개'에 뛰어든 것이라는 비판이다.  다만 전문가들은 프롭테크 기술을 활용한 부동산시장의 발전을 막을 수는 없다고 진단했다. 성급한 기술 도입은 10만여명 중개사들의 생계를 위협할 수 있어 점진적 변화를 시도해야 하며, 중개사들도 서비스의 질을 높일 방안을 연구해야 한다고 강조했다.  ◆ 직방 '온택트파트너스' 논란…""기존 중개업자 밥그릇 뺏는다""  21일 부동산업계에 따르면 부동산 정보 애플리케이션(앱) 직방의 중개업 진출에 반대하는 목소리가 커지고 있다.  앞서 한국공인중개사협회는 지난 7월 14일 '대형 부동산플랫폼의 중개업 진출 결사 반대 성명서'를 발표했다. 협회는 성명서에서 ""직방과 같은 대형 부동산 플랫폼이 중개업자의 생존권을 빼앗고, 영세한 골목상권마저 죽이려고 한다""고 비판했다.    협회는 직방이 지난 6월 '온택트파트너스' 서비스를 출시한 것은 사실상 '직접 중개 거래' 진출이라고 주장했다. 온택트파트너스는 공인중개사를 비롯한 부동산 관련 전문가들이 직방을 디지털 도구로 활용해 비대면(온라인)으로 부동산 정보조회·매매·계약·수리 등을 처리할 수 있도록 돕는 서비스다.  소비자는 직방 앱에서 아파트를 3차원으로 둘러보며 정확히 몇 동, 몇호가 매물인지 확인할 수 있다. 또한 매물을 클릭해 내부를 가상현실(VR)로 둘러보고, 시간대별 일조량과 전망도 확인할 수 있다.  공인중개사 자격증이 있는 사람이라면 누구나 직방과 파트너십을 맺을 수 있다. 아직 개업하지 못한 중개사 자격증 소지자는 직방을 통해 온택트(온라인 소통) 창업을 할 수 있다. 직방이 심화 컨설팅을 제공하고, 미개업 공인중개사에게 연간 5000만원의 창업 준비금도 지원한다.  대신 직방은 온택트파트너스를 통해 거래가 성사되면 공인중개사로부터 수수료 절반을 사용료로 받는다. 업계는 직방이 ""모든 공인중개사와협업이 가능하다""는 단서를 달았지만 미등록 중개사에게 연간 5000만원 지원을 약속했다는 점에서 사실상 기존에 영업 중인 공인중개사를 배제했다고 보고 있다.   [인천=뉴스핌] 김학선 기자 = 인천의 한 부동산 중개업소에 붙은 매물 정보. 해당 기사와는 무관함. 2020.10.05 yooksa@newspim.com  ◆ ""중개사들, 서비스 향상 노력해야""…노형욱 ""상생 방안 도모""  반면 직방은 '온택트파트너스'는 직접 중개가 아니며, 오히려 공인중개사와 상생하기 위한 구조라고 주장한다. 만약 직방이 중개사와 상생을 도모하지 않고 시장 잠식과 수익 창출만을 목적으로 삼았다면 파트너 중개사 없이 집주인과 앱 사용자 간 직접거래를 추진했을 것이라는 설명이다.  또한 중개사들이 온택트파트너스를 활용하면 하루에 받는 손님이 기존보다 3~4배 이상 늘어날 수 있어 기회가 확대된다는 게 직방 측 입장이다. 이밖에도 직방이 제휴 공인중개사와 거래 수수료를 절반씩 나누는 것은 '수수료'가 아니라 '온택트파트너스 제도 사용료' 개념으로 봐야 한다고 설명했다.  공인중개사는 직방이 보유한 데이터베이스를 이용할 수 있다. 중개업에 필요한 모든 데이터와 서비스를 제공받는 대가로 사용료를 내는 개념이다. 또한 직방은 100억원대 SGI 서울보증보험에 가입해 거래에서 사고 발생시 인정되는 소비자 피해 전부를 보상한다.  직방 관계자는 ""국내 중개시장이 오프라인에 편중돼 있다""며 ""이를 시대적 흐름에 맞게 온라인까지 확장시켜 부동산 거래를 투명하게 만드는 것이 설립 목표""라고 강조해 왔다.  전문가들은 프롭테크 기술을 활용한 부동산시장의 발전을 막을 수는 없다고 진단했다. 다만 성급한 기술 도입은 10만여명 중개사들의 생계를 위협할 수 있어 점진적 변화를 시도해야 하며, 중개사들도 서비스의 질을 높일 방안을 연구해야 한다고 강조했다.  권대중 명지대학교 부동산학과 교수는 ""플랫폼이 중개시장에 들어오는 것은 정보통신법 상 문제가 없고, 프롭테크 기술을 활용한 부동산시장 발전도 막을 수 없다""며 ""다만 10만명에 이르는 중개사들 생계가 달린 문제기 때문에 시장에 교란을 일으키거나 갑작스런 변화를 일으키는 것은 바람직하지 않다""고 말했다.  다만 ""공인중개사들은 직방, 다방이 향후 온라인이나 플랫폼으로 중개업에 뛰어들 가능성에 대비해야 한다""며 ""기존에 1인 중개사 등 소매형태로 운영하던 것을 좀더 중대화, 전문화하고 지역 플랫폼을 만드는 등 중개업서비스의 질을 향상시키는 방안을 연구해야 한다""고 강조했다.  앞서 노형욱 국토교통부 장관도 이달 초 국회 국토교통위원회에서 직방의 부동산 중개서비스 추진 관련 질문에 ""소비자 입장에선 가격인하, 서비스 다양화 등 장점이 있어 그 자체를 막을 수 없다""고 답했다.  다만 ""기존 중개업자의 생존권 문제도 있다""며 ""이전에 타다 사태에서도 우려가 있었지만, 서로 상생할 수 있는 방안을 찾아야 할 것""이라고 덧붙였다.     sungsoo@newspim.com '출제 오류' 1문제로 공인중개사 탈락…법원 ""불합격 취소해야"" 공인중개사 개설 등록 안 하고 매물 광고…대법서 벌금형 확정 광주 공인중개사협회 궐기대회 ""중개보수 인하 반대"" 대법 ""공매 대상 부동산에도 공인중개사 보수제한규정 적용"" ""집주인 정보 등록"" vs ""개인정보 노출""...허위매물 관리 놓고 네이버-공인중개사 갈등 [플랫폼 독점 논란] 공정위, 플랫폼 갑질 정조준…구글·카카오·쿠팡 '초긴장' [플랫폼 독점 논란] 이동주 ""구매시장 장악한 플랫폼, 직접 사업 진출 막겠다""     ▶▶[무료 공개]◀◀ 지금 ""1,000만원""만 있어도 당장 ""이것""부터 사라!! >>> (무료 체험) ▶[급등임박 공개]◀ 2021년 상반기 “정부정책 수해주” TOP 10 긴급공개 >>> (바로확인) ▶역대급! 1,000% 셀트리온 뛰어넘을외국인+기관 순매수 TOP3 (CLICK) ▶<세계최초>신약재료+美승인!! 1500%↑터질 역대급 바이오株 [종목확인하기]       저작권자(c) 글로벌리더의 지름길 종합뉴스통신사 뉴스핌(Newspim), 무단 전재-재배포 금지"
37,4,"2021-09-21","07:00:51","유안타·삼성·키움증권, ‘외국인’ 지분 높은 삼대장",".ad {text-align:center; font-size:8pt; font-family:돋움;line-height:1.2}.title{font-size:14px;color:#203c76;font-weight:bold;margin-bottom:20px;}a,img {border:0; outline:none; selector-dummy:expression(this.hideFocus=true);}body,td,select,input,div,form,textarea,center,option,pre,blockquote {font-size:9pt; line-height:1.6; font-family:돋움;}table{width:100%; border:0px;}@media (min-width:650px){img {max-width:600px;height:auto}}@media (max-width:650px){img {max-width:500px;height:auto}}@media (max-width:550px){img {max-width:400px;height:auto}}@media (max-width:450px){img {max-width:300px;height:auto}}@media all and (max-width: 400px) {img {max-width:300px;height:auto}.tbl_dmd {width:340;text-align:right;border-collapse:collapse;}}.pv{display:none;}.popup {cursor : pointer;color:#0078c6;}.mttl {color:#821e1e;font-weight:bold;font-size:9pt;}.tldot {font-size:7pt;color:#0078c6;}td.pls {color:#ff3300;}td.mns {color:blue;}td.pls_ar {text-align:right;color:#ff3300;}td.ar {text-align:right;}td.ac {text-align:center;}.tbl_dmd {width:380;text-align:right;border-collapse:collapse;}.tbl_dmd {max-width:400;min-width:340;text-align:right;border-collapse:collapse;}.tbl_dmd td {padding-right:5;border:1px solid #dcdcdc;}.tbl_con {width:340;border-collapse:collapse;text-align:center;}.tbl_con td {padding-right:5;border:1px solid #dcdcdc;}r {display:none;} 제목 : 유안타·삼성·키움증권, ‘외국인’ 지분 높은 삼대장    국내증시에 상장된 증권사 중 유안타증권, 삼성증권, 키움증권 등이 외국인 지분율이 높은 상위 3개사로 파악됐다. 유안타증권의 경우 대만 유안타금융그룹 계열사라는 점에서 외국인 투자자 지분율이 압도적으로 높았다.    21일 기업평가사이트 CEO스코어가 500대기업에 속하는 상장사 외국인 주식 보유 비중 현황을 2019년부터 2021년 8월31일까지 조사한 결과,?국내 증권사 중 유안타증권의 외국인 지분율은 63.3%로 집계됐다.    유안타증권의 현재 시가총액은 8770억원이며, 외국인 지분가치는 5550억원에 달한다. 2019년 4분기부터 지난 8월31일까지 시가총액은 3050억원, 외국인 지분가치는 2000억원 증가했다. 이 기간 외국인 지분율은 1.1%포인트 늘었다.    유안타증권은 2014년 대만 유안타금융그룹에 인수된 후 현지 계열사들과 시너지를 확대해나가고 있다. 외국인 지분이 높은 이유도 시너지 확대 일환으로 해석할 수 있다. 유안타증권 최대주주는 유안타시큐리티아시아이며, 지분율은 57.39%(1억1455만8276주)에 달한다. 유안타시큐리티아시아는 유안타그룹이 지분 100%를 보유했으며, 아시아 지역 본사 역할을 담당한다.    유안타증권 관계자는 “유안타그룹이 보유한 해외 계열사 중 당사가 규모가 가장 크다”며 “회사를 계속 성장시키기 위한 일환으로 자사주를 매입 중”이라고 설명했다.    이어 삼성증권과 키움증권의 외국인 지분율은 각각 29.9%, 24%로 뒤를 이었다. 통상 증권사에 대한 외국인 지분율이 20% 미만을 기록한 것과 대조적인 모습이다.    이들 증권사는 각각 자산관리(WM) 부문과 브로커리지(위탁매매) 부문에서 강점을 나타내며, 역대급 실적을 기록했다.?    향후 삼성증권은 균형성장 전략을 통한 사업다각화를, 키움증권은 자기자본 규모 확대에 따른 신규 사업진출을 앞두고 있어 신성장동력을 확보해나갈 것이란 기대감이 높다. 이에 외국인 지분율이 20~30%대를 유지하고 있는 것으로 보인다.    한편 NH투자증권의 경우 외국인 지분이 18.4%를 기록했으며, 2019년 4분기부터 현재까지 외국인 지분율이 3.7%포인트 올라 증권사 중 가장 높은 증가폭을 보였다. NH투자증권의 시가총액은 2019년 대비 4.34%(1550억원) 증가한 3조7290억원이며, 외국인 지분가치는 같은기간 31.11%(1630억원) 늘어난 6870억원을 기록했다.   [CEO스코어데일리 / 홍승우 기자 / hongscoop@ceoscore.co.kr]   해당 기사는 CEO스코어데일리(www.ceoscoredaily.com)에서 제공한 것이며 저작권은 제공 매체에 있습니다. 기사 내용 관련 문의는 해당 언론사에 하시기 바랍니다.  ▶ [완.벽.적.중] 급등임박! 이번주 상한가 예상종목 (클릭) ◆ 4분기 정부 정책 최대 수혜주 TOP 5 (확인) ▶ [참여코드: 0713] 잘 고른 카톡방 하나가 계좌를 바꾼다! (입장하기) >> ◆ 아직도 싸다! 놓치면 후회 할 저평가 우량주 TOP5 ▶▶[무료 참여코드: 7676] 오늘 현재 무료체험 인원 1천 3백명! 기간무제한! 이용료 0원, 선착순마감직전, 지금 바로 입장!!            Copyright ⓒ True&Live 증시뉴스 점유율1위, 인포스탁(www.infostock.co.kr)"
37,5,"2021-09-21","07:00:40","중앙은행 vs. 민간 가상자산…주도권 다툼 본격적 시작","통화·데이터 일체 '캐시리스 신시대' 중앙은행 지위 흔들 민간, 금융 편리성 강화…중앙은행, CBDC로 맞서    통화와 데이터가 일체화한‘캐시리스 신시대’를 맞아 국가 통화주권을 둘러싼 다툼이 본격적으로 시작됐다.   통화 주권과 질서를 지키고 싶은 중앙은행과 가상자산(가상화폐)을 필두로 금융 서비스 편리성을 강화하는 민간의 경쟁이 그 결과에 따라 디지털 시대 화폐 미래를 결정할 것이라고 최근 일본 니혼게이자이신문(닛케이)이 진단했다.   베이징 시내 맥도날드 매장에서 고객들은 스마트폰 앱에 표시되는 ‘디지털 위안’으로 쉽게 결제할 수 있다. 디지털 위안은 민간이 아닌 ‘중앙은행이 발행한 디지털화폐(CBDC)’다.   중국 인민은행은 지난해부터 본격적으로 실험을 시작, 거래 총액은 345억 위안(약 6조2638억 원)에 달하며 스마트폰에 저장된 디지털 위안 지갑은 2087만 개에 이른다. 중국당국은 내년 2월 베이징 동계올림픽에서 디지털 위안을 본격적으로 상용화하려 한다. 미국과 유럽, 일본에 앞서 법정통화의 디지털화를 단행하는 것이다.   중국은 신용카드와 전자결제 비율이 약 70%에 달하는 캐시리스 대국이다. 국가가 화폐 디지털화에 박차를 가하는 것은 통화 주권이 민간으로옮겨져 금융정책 등의 효과가 약화하는 것을 경계해서라고 닛케이는 설명했다.   중국 양대 모바일 결제 서비스 알리페이와 위챗페이는 10억 명 이상의 이용자를 안고 있다. 전자결제 데이터를 바탕으로 기업 신용정보나 개인 행동이력은 알리바바와 텐센트로 흡수된다. 당국의 최근 빅테크 기업에 대한 무지막지한 단속과 규제에는 새 전자결제 서비스가 촉발한 불안도 주된 원인으로 작용했다.   전 세계 약 27억 명이 이용하는 페이스북은 2019년 자체 디지털화폐인 ‘리브라’ 계획을 발표해 파문을 일으켰다. 법정화폐에 기반을 둔 ‘스테이블 코인’ 리브라는 환율 변동의 극대화를 우려한 세계 각국 중앙은행의 거센 반발로 무산됐다. 현재 페이스북은 리브라 프로젝트를 대폭 축소한 ‘디엠’을 추진하고 있다.   크리스틴 라가르드 유럽중앙은행(ECB) 총재는 7월 중순 “디지털 유로 연구에 기어를 올릴 것”이라며 유로존(유로화 사용 19개국) 주도의 CBDC 연구에 박차를 가할 것을 천명했다. 현재 유럽에서 펼쳐지는 캐시리스의 주역은 ‘비자’ 등 미국 카드업체다. CBDC로 그 격차를 뒤집지못하면 유로의 존재감이 저하될 것이라는 우려가 라가르드 발언 배경이라고 닛케이는 풀이했다.   세계에서 가장 오래된 화폐는 기원전 670년께 아나톨리아(현재 터키)에서 나왔다. 10세기에는 중국 북송이 지폐를 사용하기 시작, 상거래와무역이 전 세계로 단번에 퍼졌다. 법정통화의 디지털화는 인류 역사상 ‘제3의 캐시 혁명’으로 그 미래를 쥐고 싶은 중앙은행과 민간의 경쟁이 앞으로 더 치열해질 전망이다.   김서영 기자(0jung2@etoday.co.kr)   [오늘의 핫클릭] ●추석 차례 지방 쓰는 방법…'현고학생부군신위' 올바른 작성법은? ●추석 차례상 차리는 법…'홍동백서'·'조율이시' 등 유의할 점은?  ●▶▶주식 30만원으로 시작한다면 꼭 '이렇게' 해라! [클릭] ●통장에 50만원 있다면 ""이종목"" 꼭 매수해라!! [클릭] ●▶美 FDA 임상3상완료! 2000조 시장 거머쥘 바이오 新대장주 [확인] ●▶기관, 외인 2000만주 이상 거침없는 대규모 매집! ""o o o"" 인수전 시작! (확인) ●▶최종목표 1500%! 美 FDA 임상3상 긴급승인! 잭팟 터질 바이오株! [클릭]        이투데이(www.etoday.co.kr), 무단전재 및 수집, 재배포금지   프리미엄 경제신문 이투데이    "
37,6,"2021-09-21","07:00:32","유연탄 값 어디까지 오르나…시멘트업계 수익성 악화 '우려'","- 시멘트 연료 유연탄 가격, 톤당 303.3달러 돌파 - 시멘트 제조원가 30% 차지…수익성 악화 우려 - ""유럽 벤치마킹해 순환자원 사용늘려야""    ▶'2차전지'의 신흥강자! 대규모 공급계약 체결! 800% 극비리 재료株     쌍용 C&E 동해공장 전경.  [이데일리 김호준 기자] 시멘트 생산 연료인 유연탄 가격이 끝을 모르고 치솟으면서 업계 우려감이 커진다. 제조원가의 30%를 차지하는 유연탄 가격이 오르면서 올해 시멘트 납품단가 인상과 출하량 증가로 인한 실적 개선 효과도 미미할 것이란전망이 팽배하다.  21일 한국자원정보서비스에 따르면 호주산 유연탄 가격은 지난 10일 기준 톤(t)당 303.2달러로 집계됐다. 지난 4월108.35달러를 기록한 이후 5개월 만에 3배가량 증가한 수치다.   시멘트 업계 관계자는 “유연탄을 대체할 수 있는 폐플라스틱 등 순환자원 사용량을 늘려 가고 있지만, 유연탄 가격이 계속 오르면 시멘트 제조 원가부담 압박이 커질 수 밖에 없다”고 말했다.  시멘트 업계는 유연탄 의존도를 줄이기 위해 폐플라스틱·폐타이어 등 ‘순환자원’ 사용량을 늘리는 추세다.  최근 배재근 서울과기대 교수 연구팀의 ‘시멘트산업의 폐기물 재활용에 따른 국가 경제 기여효과 분석’ 연구결과에 따르면, 시멘트 업계가 유연탄을 순환자원으로 대체해얻는 국가경제 편익 비용은 연 5031억원 수준으로 집계됐다.  또한 시멘트 제조 과정에서 순환자원을 사용함으로써 얻는 소각·매립 등 공공 폐기물 처리시설 설치·운영 비용으로는 총 5조9945억원의 비용을 아낄 수 있는 것으로 조사됐다.  문제는 아직 국내 시멘트 업계의 순환자원 활용이 다른 선진국에 비해서는 부족하다는 점이다. 실제로 독일의 시멘트 순환자원 연료 대체율(열량 기준)은 68.9%로, 국내(24.0%)보다 약 2.9배 많은 것으로 나타났다.   최근 쌍용C&E와 한일시멘트 등 주요 시멘트 업체 7곳은 산업은행으로부터 순환자원 원료 대체에 필요한 친환경 설비투자 자금 1조원을 수혈받기로 하고 관련 투자에 속도를 내고 있다.  배재근 교수는 “시멘트산업은 자원순환에 반드시 필요한 산업”이라며 “유럽의 사례를 모델로 삼아 국가 차원에서 순환자원 재활용을 적극 권고해야 한다”고 강조했다.     ※ 주식은 매도가 생명!! 팔기 전 AI비서에게 물어봐!!  ▶ <세계최초>신약재료+美승인!! 1500%↑터질 역대급 바이오株 (종목확인)  ▶1500% 가는 ' 제2의 HMM' 아직 5000원대 황금株, 급등 전 마지막 기회! [클릭]  ▶▶[무료 공개]◀◀ 지금 ""1,000만원""만 있어도 당장 ""이것""부터 사라!! >>> (무료 체험)  ▶▶주식전문가들의 상승, TOP3 ""테마株"" 종목확인! 선착순 무료! [클릭]         ＜ⓒ종합 경제정보 미디어 이데일리 - 무단전재 & 재배포 금지＞    "
37,7,"2021-09-21","07:00:25","BRIFT-Terago, Andy Ramsey를 재무 부사장 겸 임시 재무 책임자로 임명","BRIEF-Terago Appoints Andy Ramsey As VP Finance And Interim Chief Financial Officer .storyContent * {border-color:inherit !important;outline-color:inherit !important;} 9월 20일(로이터) - 테라고 주식회사 TGO.TO:  테라고는 앤디 램지를 부사장 겸 임시 최고재무책임자로 임명했다.    Further company coverage: TGO.TO  Reuters.Briefs@thomsonreuters.com        (c) Copyright Thomson Reuters 2020. Click For Restrictions - https://agency.reuters.com/en/copyright.html   원문 바로가기    DISCLAIMER  레피니티브의 사전, 서면 승인 없는 톰슨로이터 콘텐츠의 재생산이나 재배포는 금지되어 있습니다. 이 기사의 한국어 번역은 에프앤가이드가 사용하는 기계적 번역에 의한 것으로 톰슨로이터와 레피니티브는 번역의 정확성을 보증하지 않습니다."
38,1,"2021-09-21","07:00:00","추석연휴 '골칫거리' 쓰레기...불법투기 걸리면 '과태료 폭탄'","[세종=뉴스핌] 오승주 기자 =올해도 어김없이 찾아온 추석은 주말을 포함해 연휴만 5일이지만 '쏟아지는 쓰레기'도 만만치 않다. 여기저기서 받아든 선물은 감사의 마음을 주고받기 넉넉하지만, 포장쓰레기 뒷처리를 소홀히 했다간 자칫 '과태료'까지 감수해야 한다.  그래도지킬 것만 잘 지키면 된다. 추석 연휴 운영되지 않는 재활용품 배출은 추석이 끝나면 가동되는 곳이 대부분이다. 하지만 고속도로 휴게소 같은 곳에 '슬쩍' 버리다가 정부 단속반에 적발되기라도 하면 상당한 금전 지출을 각오해야 한다.  정부도 추석 연휴를 전후해 쓰레기 무단투기 집중 단속에 나서 '비양심'을 적극 찾아낸다는 방침이다.   서울의 한 아파트 단지에 수거가 되지 않은 폐비닐과 스티로폼 등이 쌓여 있다. /이형석 기자 leehs@  환경부(장관 한정애)는 추석 연휴를 전후해 쓰레기 무단투기를 집중 단속하고, 선물 포장재 등으로 늘어난 재활용폐기물의 적체 방지를 위해 24일까지 '추석 연휴 생활폐기물 관리대책'을 전국 지자체 및 관련 기관과 함께 추진한다.  생활폐기물(종량제, 음식물류, 재활용품 등)이 쌓이는 것을 방지하고 적시에 수거하기 위해 지자체별 상황반이 운영된다.  이번 추석 기간에도 '사회적 거리두기'가 유지됨에 따라 수도권 지역을 중심으로 종량제음식물류 폐기물 등 생활폐기물이 지속 발생될 것으로 환경부는 예상하고 있다. 수도권 지자체에서는 수거 일정을 조정해 폐기물 적체를 방지하고, 연휴기간 특별수거일을 지정, 주민 불편을 최소화할 계획이다.  수도권매립지관리공사는 연휴기간 폐기물 미반입에 따른 불편을 대비해 추석 연휴전인 9월 19일과 추석 연휴 직후에 폐기물 반입을 허용할 예정이다. 선물 포장재 등 재활용이 가능한 폐기물의 배출량 증가에 대비해서는 기존 선별시설내 여유 보관시설을 확보하고, 필요 시 임시적환장을 지정하는 등 폐기물이 쌓이는 것을 최소화할 예정이다.  가장 골칫거리는 '집에서 싸온 쓰레기'를 한적한 도로나 고속도로 휴게소 등에 버리는 '무단투기'다.  환경부는 해마다 반복되는 쓰레기 불법투기를 예방하기 위해 주요 도로 정체 구간과 고속도로 휴게소 및 여객터미널, 차박 주변 및 야영장 등 상습 투기 우려 지역에 대한 불법투기 계도단속을 강화한다.  불법투기 현장을목격한 경우 환경신문고(지역번호 없이 128번)에 증거와 함께 제출하면 포상금이 시·군·구에 따라 최대 300만원이다. 공익신고(www.clean.go.kr, 포상금 최대 2억원, 국민권익위원회)에 신고해도 된다.  그래도 사람이 많이 밀려들면 쓰레기는 늘어나기 마련이다. 환경부는 고속도로 휴게소와 철도역사, 터미널 등 다중이용시설에 간이 쓰레기 수거함을 추가로 설치한다.  이같은 다중이용시설을 이용할 경우 쓰레기나 재활용품을 수거함에 버릴 수 있도록 해 쓰레기가 도로변 등에 무단투기 되는 것을 사전에 예방한다는 계획이다.  fair77@newspim.com 환경부, 2025년까지 환경분야 녹색산업 일자리 8만개 창출 시동 다가오는 수도권 매립지 사용종료…경기도·환경부 대책은? 환경부, 온실가스배출권 거래중개사 참여 추진    ▶▶[무료 공개]◀◀ 지금 ""1,000만원""만 있어도 당장 ""이것""부터 사라!! >>> (무료 체험) ▶[급등임박 공개]◀ 2021년 상반기 “정부정책 수해주” TOP 10 긴급공개 >>> (바로확인) ▶역대급! 1,000% 셀트리온 뛰어넘을 외국인+기관 순매수 TOP3 (CLICK) ▶<세계최초>신약재료+美승인!! 1500%↑터질 역대급 바이오株 [종목확인하기]       저작권자(c) 글로벌리더의 지름길 종합뉴스통신사 뉴스핌(Newspim), 무단 전재-재배포 금지"
38,2,"2021-09-21","07:00:00","무료급식소도 문 닫으니…코로나 2년째 소외된 노숙인들","[서울=뉴스핌] 지혜진 기자=# 서울역에서 생활하고 있는 노숙인 A(75) 씨는 지난 16일 인근 무료급식소를 찾았지만 들어갈 수 없었다. 백신 접종을 하지도, 신종 코로나바이러스 감염증(코로나19) 음성 확인서를 받지도 않았기 때문이다. ""왜 코로나19 검사를 받지 않았냐, 서울역 쪽에 가서 검사받고 오라""는 자원봉사자의 말에도 A씨는 묵묵부답으로 일관했다. 그는 결국 음성 확인서가 없는 사람들에게 밥 대신 나눠주는 빵과 음료를 받아 발길을 돌렸다.  코로나19 장기화에 무료급식소가 제대로 운영되지 않으면서 노숙인들이 어려움을 겪고 있다. 일부 문을 연 무료급식소도 매번 코로나19 음성 확인서를 제출해야 하는 등 절차상 불편이 있어 노숙인들의 고충은 더하다. 사회적 취약계층인 노숙인들에 대한 대책 마련이 시급하다는 의견이 나온다.  21일 노숙인 인권단체 홈리스행동에 따르면 서울에서만 총 25개의 민간 무료급식소와 8개의 공공 무료급식소가 운영 중이다. 하지만 코로나19 확산에 따라 25개 민간 무료급식소 중 13개가 급식을 중단했다.  사회적 거리두기 4단계가 유지되면서 문을 닫거나, 문을 열더라도 빵이나 라면, 음료 등 대체식을 제공하는 경우가 많다는 것이 홈리스행동 설명이다.   [서울=뉴스핌] 백인혁 기자 = 9일 오전 서울 중구 국가인권위원회 앞에서 열린 '감염 예방 빌미로 입소인퇴거 종용, 수원시 M 노숙인시설 국가인권위 진정 및 긴급구제 요청 기자회견'에서 홈리스행동 및 인권 단체 관계자들이 손팻말을 들고 있다. 이날 홈리스행동 및 인권 단체 관계자들은 피진정인 수원시장 및 피진정인 보건복지부 장관에게 신종 코로나바이러스 사태로 인하여 취약한상황에 처한 홈리스들이 노숙인복지시설에서 불합리한 출입제한 등 인권침해와 차별행위가 있는지 조사하고, 적절한 주거지원을 위한 대책 마련을 촉구했다. 2020.03.09 dlsgur9757@newspim.com  노숙인들은 민간급식 의존도가 높은데 코로나19로 운영이 제대로 되지 못하다 보니 타격이 클 수밖에 없다. '2020년도 서울시 재난 상황에서 노숙인 등 인권상황 실태조사'에 따르면 노숙인 69.1%는 '실내외 민간급식지원'에 의존하고 있다.   무료급식소가 문을 열었더라도 코로나19로 인해 접근성이 떨어지는 점도 문제다. 노숙인들은 현재 무료급식소를 이용하기 위해 매주 코로나19 음성 확인서를 발급받아 제출해야 한다.  서울역에서 생활하는 노숙인 B(70) 씨는 ""무료급식을 먹으려면 어쩔 수 없이 코로나19 검사를 받아야 하지만 매번 면봉으로 코를 쑤시는 게 고역""이라며 ""음성 확인서를 잃어버리거나 날짜를 잘못 계산해서 일주일에 두 번씩 검사를 할 때도 있다""고 말했다.  고시원에서 지낸다는 C(62) 씨도 ""날짜를 착각하면 검사 결과지를 새로 받을 때까지 밥을 못 먹는다""며 ""일부 노숙인 중에는 코로나19 검사를 챙길 의지도 없어 빵으로 때우고 마는 경우도 있다""고 말했다. 이어 ""휴대전화가 없어서 매번 검사받고 확인서를 챙기러 와야 하는 것도 불편한 점 중 하나""라고 꼬집었다.  뿐만 아니라 지역사회 복지관 운영 중단으로 노인들이 무료급식소로 몰리고, 고시원 등에서 생활하는 청년들도 실직 등으로 생활고를 겪으면서 무료급식소를 찾는 경우가 늘었다는 점도 노숙인들의 고충이다.  이번 추석 연휴에도 노숙인들의 먹거리 문제는 이어질 전망이다. 서울시는 노숙인 등 취약계층이 안전하게 추석 연휴를 보낼 수 있도록 18~22일까지 노숙인 시설 40곳에서 1일 3식을 지원하고 있다.  그러나 32곳은 생활시설, 자활시설, 재활시설, 요양시설 등에 입소해 있는 노숙인들을 대상으로 하기 때문에 거리 노숙인을 위한 무료급식소는 8곳에 불과하다.  홈리스행동은 ""서울시가 지원하는 공공 무료급식소가 연휴동안 연다고는 하지만 거리 노숙인을 위한 것은 별로 없다""며 ""그동안 코로나19가 장기화하면서 많은 민간 무료급식소가 문을 닫거나 불규칙적으로 운영되고 있어 노숙인들의 식사는 여전히 불안정하다""고 지적했다.  홈리스행동의 경우 함께 모여 명절 음식을 만들던 연례행사도 2년째 운영하지 못하고 있다. 코로나19가 확산하기 전에는 노숙인이나 쪽방거주민등을 초대했지만 현재는 활동가들이 음식을 만들어 전달하는 식으로 대체하고 있다.  홈리스행동 관계자는 ""명절 때라도 다들 모여서 음식을 만들고 얘기를 나누고 했는데 코로나19 상황이 계속되면서 이들이 더 고립되고 소외되지 않을까 걱정된다""고 했다.  이에 따라 시민사회단체들은 노숙인 등 사회적 취약계층을 위한 대책 마련이 시급하다고 입을 모은다. 빈곤사회연대 관계자는 ""코로나19 상황에서는무료급식이 불안정하게 제공되다 보니 문제가 된다""면서 ""재난지원금 같은 경우도 주소지를 기반으로 신청하는 것이기 때문에 서울역에 거주하지만 주거지가 지방에 있는 사람은 받기 어렵다는 점도 문제""라고 설명했다.  그는 ""백신을 맞고서 쉴 공간이 없기 때문에 아예 맞지않는 사례가 여전히 많다는 점 등 재난 상황이 노숙인들에게 더 가혹하게 다가오는 사례들이 많다""며 ""정책이나 제도들이 주거박탈 상황을 해소하기 위해 좀 더 적극적으로 마련될 필요가 있다""고 강조했다.     heyjin@newspim.com ""노숙인들 국민지원금 편히 타 가세요"" 서울시, 신청 전과정 지원 추석 맞이 취약계층 나눔 봉사하는 광명시 365지역사회봉사단  화성시, 취약계층 명절 위로금 지급    ▶▶[무료 공개]◀◀ 지금 ""1,000만원""만 있어도 당장 ""이것""부터 사라!! >>> (무료 체험) ▶[급등임박공개]◀ 2021년 상반기 “정부정책 수해주” TOP 10 긴급공개 >>> (바로확인) ▶역대급! 1,000% 셀트리온 뛰어넘을 외국인+기관 순매수 TOP3 (CLICK) ▶<세계최초>신약재료+美승인!! 1500%↑터질 역대급 바이오株 [종목확인하기]       저작권자(c) 글로벌리더의 지름길 종합뉴스통신사 뉴스핌(Newspim), 무단 전재-재배포 금지"
38,3,"2021-09-21","07:00:00","[수소사회 속도]① 수소모빌리티+쇼 통해 본 산업의 미래","[편집자] 국내 수소산업의 현주소와 미래 발전 방향에 대해 논의하는 수소모빌리티+쇼가 지난 11일 막을내렸다. 올해로 2회째 열린 수소모빌리티+쇼는 큰 의미를 가진다. 국내외 기업들이 이번 행사를 통해 수소경제로의 전환을 공식 선언한 것이다. 이번 행사에 참여한 국내 기업 총수들은 미래 에너지로 주목받는 수소를 활용한 기술 개발에 대한 자신감을 감추지 않았다.  [서울=뉴스핌] 정승원 기자 = 국내 수소산업의 현주소를 확인할 수 있는 수소모빌리티+쇼가 경기도 고양시 일산 킨텍스에서 지난 8~11일 열렸다. 이번 수소모빌리티+쇼에서는 국내외 기업들의 수소산업 현황과 함께 향후 목표를 확인할 수 있는 시간이었다.   수소모빌리티+쇼에 참가한 재계 총수들은 수소산업 지원 필요성과 함께 수소경제로의 전환을 위한 대비를 강조했고 기업들은 수소를 활용한 모빌리티,에너지, 충전 등의 기술을 선보였다.     [고양=뉴스핌] 정일구 기자 = 8일 경기 고양시 킨텍스 제2전시장에서 열린 2021 수소모빌리티+ 쇼에 마련된 현대자동차 부스에서 참석자들이 트레일러 드론 시연을 관람하고 있다. 2021.09.08 mironj19@newspim.com  ◆ 탄소중립 실현 위한 공감대 형성  이번 수소모빌리티+쇼는 탄소중립 실현을 위한 국내외 공감대를 형성하고 기술혁신의 기반을 확대하는 자리였다.  이번 행사에는 주빈국 스웨덴을 비롯해 미국과 영국, 독일, 프랑스, 캐나다, 네덜란드 등 총 11개 수소 선도국가들의 55개 기업 및 기관이 참여했는데 이는 전년 대비 약 28% 증가한 수다.  전시 첫날인 8일에 개최된 'H2비즈니스서밋(Korea H2 Business Summit)'에는 15개의 회원사 중 현대자동차그룹과 SK그룹, 포스코그룹, 현대중공업그룹, 두산그룹, 효성그룹, 코오롱그룹, 일진 등 8개 기업이 참여했다. 이들은 수소기업협의체를 출범시키며 수소산업에 대한 의지를 밝혔다.  '국제수소산업협회얼라이언스(Global Hydrogen Industrial Association Alliance·GHIAA)' 역시 내년도 공식 출범을 예고했다. 수소융합얼라이언스(H2KOREA)가 주도한 GHIAA는한국은 물론 미국과 유럽연합, 독일, 호주, 캐나다, 프랑스, 노르웨이, 영국, 스페인, 네덜란드, 칠레, 중국, 싱가포르 등 14개 국가 참여해탄소중립을 위한 국제적 공조를 약속했다. 수소모빌리티+쇼가 국제 사회에서 탄소중립을 위한 공조의 장이 된 것이다.  정만기 수소모빌리티+쇼 조직위원장은 개회사를 통해 ""수소 생산과 저장, 운송, 활용까지 수소산업의 밸류체인(value chain)을 완성하기 위해서는 국제협력이 불가피하다""며 ""코로나19로 국제이동이 제한되고 있는 상황에도 불구하고 이번 전시에 전 세계 12개국, 154개 기업이 참여하고 있는 점은 파트너 발굴과 전략적 제휴 등 수소산업 발전에는 국제협력이 꼭 필요하다는 것을 기업 스스로 보여주고 있는 것""이라며 국제협력 필요성을 강조했다.   [고양=뉴스핌] 정일구 기자 = 8일 경기 고양시 킨텍스 제2전시장에서 열린 '2021 수소모빌리티+쇼'를 찾은 관람객들이 현대자동차 부스를 둘러보고 있다. 2021.09.08 mironj19@newspim.com  ◆ 트레일러 드론 선보인 현대차·'수소 밸류체인 구축' 자신 SK  이번 모빌리티+쇼는 국내 기업들의 수소 기술력을 확인할 수 있는 자리였다. 현대차는 수소전지 자동차 넥쏘를 비롯해수소 전기트럭 등 각종 모빌리티를 선보였다. 특히 현대차그룹은 '수소비전 2040'을 앞세워 새로운 도약에 나선다.  현대차그룹이 우선적으로 추진하는 키워드는 '수소전기 상용차 대중화'다.  현대차그룹은 2028년까지 모든 상용차 라인업에 수소연료전지를 탑재한다. 특히 향후 새로 출시되는 모델은 수소전기차와 전기차로만 출시한다. 이는 글로벌 자동차 업계 최초의 시도로 배출가스를 획기적으로 저감할 것으로 기대된다.  수소전기 승용차도 지속적으로 선보인다. 현대차의 경우 현재 1종인 수소전기차 RV 라인업을 점진적으로 3종으로 확대하며 고급 브랜드 제네시스 역시 2025년부터 수소전기차 신차를 출시할 계획이다. 여기에 이번 전시장에서 세계 최초의 트레일러 드론을 선보이면서 기업과 관람객의 큰 관심을 받았다.  SK그룹은 오는 2025년 수소사업 부문 글로벌 1위를 목표로 18조5000억원을 투자한다. 이는지난 8일 출범한 '코리아 H2 비즈니스 서밋(Korea H2 Business Summit)' 15개 회원사 중 최대 규모다.  또한 SK는 2025년까지 수소 생산, 유통, 공급에 이르는 수소 밸류체인(Value Chain) 전 과정을 통합 운영하는 국내 유일 사업자로 위상을 공고히 하겠다는 목표다  지난해 수소사업 전담조직인 '수소사업추진단'을 신설한 SK그룹도 오는 2025년까지 수소 생산-유통-소비에 이르는 밸류체인을 구축해 글로벌 1위수소에너지 기업으로 도약한다는 방침이다.  현대중공업도 수소모빌리티+쇼 개최 중인 지난 8일 세계 최대 파워트레인 개발 기업 AVL와2025년을 목표로 선박용 수소연료전지 개발 관련 양해각서(MOU)를 체결했다. 수소연료전지는 기존 내연기관보다 에너지 효율을 최대 60% 이상 높일 수 있는 수소연료추진선의 핵심 기자재다.  현대중공업그룹은 지난 3월 육·해상을 아우르는 수소 밸류체인 '수소 드림 2030'에서 밝혔 듯 오는 2030년까지 친환경 수소 생태계 구축을 목표로 한다는 계획이다.  이외에도 포스코그룹은 이산화탄소를 배출하지 않는 수소환원제철 상용화를, 효성그룹은 배터리와 연료전지, 모빌리티 차체 등 수소 분야 투자 확대 방침을 밝혔다.   [고양=뉴스핌] 정일구 기자 = 8일오전 경기 고양시 킨텍스 제2전시장에서 '2021 수소모빌리티+쇼' 개막에 앞서 열린 '코리아 H2 비즈니스 서밋(Korea H2 Business Summit)'에서 주요기업 총수들이 기념촬영을 하고 있다. 왼쪽부터 허정석 일진홀딩스 부회장, 최윤범 고려아연 부사장, 이규호 코오롱그룹 부사장, 박정원 두산그룹 회장, 허세홍 GS그룹 사장, 신동빈 롯데그룹 회장, 최태원 SK그룹 회장, 정의선 현대차그룹 회장, 최정우 포스코그룹 회장, 김동관 한화그룹 사장, 정기선 현대중공업지주 부사장, 조현상 효성그룹 부회장, 구동휘 E1 대표, 김상범 이수그룹 회장. 2021.09.08 mironj19@newspim.com  ◆ 한 곳에 모인 총수들, 수소 시대 준비 필요성에 '한 목소리'  수소모빌리티+쇼에모인 기업 총수들은 수소 경쟁력 제고에 자신감을 내비쳤다. 현대차그룹은 수소를 통한 지속가능한 환경 조성을 강조했다.  정의선 현대차그룹 회장은 ""미래 세대에게 지속가능한 환경을 물려줄 수 있도록 무한한 잠재력을 지닌 수소를 잘 모르는 어린 아이들도 관심을 가질 수있도록 준비했으면 좋겠다""며 ""미래 세대가 와서 관심 있게 보고 체험할 수 있도록 하자""고 말했다.  포스코는 철강 산업의 특성상 이산화탄소의 배출량이 가장 많다는 점을 인지하고 향후 포스코가 선도적으로 이를 개선해 나가겠다는 방침을 밝혔다. 최정우 포스코그룹 회장은""철강은 금속 소재 중 단위당 이산화탄소배출량이 가장 적지만 생산량이 압도적으로 많아 연간 총 CO2 배출량이 많을 수밖에 없다""며 ""국가탄소중립을 위해서는 포스코가 선도적 역할을 해야 한다. 우리는 이산화탄소를 배출하지 않는 수소환원제철을 상용화해 철강 제조 공정을 근본적으로 혁신할 계획""이라고 강조했다.  조현상 효성그룹 부회장도 ""효성그룹은 수소 생산과 공급, 저장, 활용 등 수소 생태계를 망라하고 있다""며 ""향후 배터리와 연료전지, 모빌리티 차체 등 미래 에너지 분야 소재 및 부품 사업에도 연구개발 투자를 확대할 것""이라고 강조했다.  수소 경제 활성화를 위한 펀드 조성 필요성도 제기됐다. 최태원 SK그룹 회장은 수소기업협의체 창립총회에서 ""수소경제 활성화를 위해 대규모의 투자가 필요하다. 원활한 추진을 위해 펀드 조성을 건의한다""며 ""협의체 기업들이 유망한 수소사업 기회를 제공하고, 금융회사들은 자금을 제공해 대규모 자금이 소요되는 해외사업 및 수소 인프라 투자를 추진해 수소사업 육성에 기여할 수 있을 것""이라고 말했다.  origin@newspim.com SK E&S, 친환경 수소항만 조성…""수소 생태계 조기 구축"" 수소전문기업 8개 추가 지정…2025년까지 100개 지정 목표 ""수소 활용위해 손 잡자""...수소모빌리티+쇼, '국제수소 컨퍼런스 개최'    ▶▶[무료 공개]◀◀ 지금 ""1,000만원""만 있어도 당장 ""이것""부터 사라!! >>> (무료 체험) ▶[급등임박 공개]◀ 2021년 상반기 “정부정책 수해주” TOP 10 긴급공개 >>> (바로확인) ▶역대급! 1,000% 셀트리온 뛰어넘을외국인+기관 순매수 TOP3 (CLICK) ▶<세계최초>신약재료+美승인!! 1500%↑터질 역대급 바이오株 [종목확인하기]       저작권자(c) 글로벌리더의 지름길 종합뉴스통신사 뉴스핌(Newspim), 무단 전재-재배포 금지"
38,4,"2021-09-21","07:00:00","추석연휴 우리가족 '치아 건강' 연령대별 체크포인트","[파이낸셜뉴스] 건강하고 행복한 삶을 위해 치아 건강은 필수적인 요소이다. 음식물을 잘 씹고 섭취할 수 있도록 도와 우리 몸에 에너지를 공급하는 기본적이면서도 필수적인 역할을 하며, 말할 때 발음을 돕기 위한 중요한 기능을 한다. 치아 건강은 제때 관리하지 못하면 다시 처음 상태로 복구하기 힘든 만큼 어릴 때부터 노년기까지 꼼꼼하게 관리해주는 것이 좋다. 흔히 오복(五福) 중 하나라고 불리는 치아 건강을 위해서 연령대별로 유의하며 챙겨야할 사항을 인제대학교 상계백병원 치과·구강악안면외과 박관수 교수의 도움말로 알아보자. ■유년기, 칫솔질 등 구강 위생 습관   유년기에 흔히 유치는 빠질 치아라고생각해 검진이나 치료를 소홀히 하는 경우가 있는데, 이 시기에 심각하게 진행된 충치(치아 우식증)는 영구치가 만들어지고 고르게 배열되는데 영향을 줄 수 있다. 스스로 할 수 있는 철저한 칫솔질 등 구강 위생을 잘 관리하는 습관을 들이는 것 외에 1년에 2회 정도 정기적인 치과를 방문하여 엑스레이 촬영으로 눈에 보이지 않는 영구치의 발육 상태, 구강 및 턱의 질병까지 미리 점검하여 예방 조치를 취하는 것이 좋다.  ■청소년기, 초기 충치 치료는 조기에  청소년기에는 충치가 쉽게 확산되기 쉽다. 어린 시절 구강 위생 관리 습관을 제대로 들이지 못했다면 이때도 습관을 갖기 늦지않은 시기이다. 아직 충치가 생기지 않은 영구치 중에서도 큰 어금니는 씹는 면에 홈이 많아 충치가 생기기 쉬우므로 치아 홈메우기 치료를하는 것이 좋다. 대부분 초기 충치 치료는 충치가 발생한 부분을 제거하고 인공적인 재료로 그 부분을 채워주는 방법으로, 광중합형 레진이주로 사용되고 있다. 박관수 인제대학교 상계백병원 치과·구강악안면외과 교수는 ""치아의 발육은 턱과 얼굴의 발육과 함께 이루어지므로 이 시기 턱과 얼굴에 대한 검진도 필수""라며, ""치열이 고르지 않으면 턱의 위치도 바르지 않을 수 있고, 반대로 턱의 위치가 바르지 않으면 치아의 배열이 흐트러질 수 있기 때문""이라고 말했다.  ■20대, 사랑니 검진…30대 치주염 관리  20대에 흔히 치과를 찾는 요인은 사랑니이다.흔히 누워 있으면서 턱뼈 속에 묻혀있는 사랑니를 매복 사랑니라고 부르고 매복 정도에 따라 통증과 함께 잇몸이 붓거나 음식이 끼이고 인접한 치아에 충치를 일으키기도 한다. 당장은 아무 이상이 없더라도 미래에 문제가 될 수 있어 이 시기에 사랑니 검진을 받는 것이 좋다. 또한, 치주염이 중년기에 흔한 질환이지만 그 원인은 청·장년기부터 시작된다고 볼 수 있어, 스케일링을 통해 치석 제거를 시작하기 적절한 시기이다.  ■중년기, 잇몸 질환 관리해야  중년기에는 치주염 발생이 흔하다. 1년에 1회 이상 스케일링은 필수적으로 해야 하며, 필요할 때마다 엑스레이 검사를 해서병의 진행 정도를 파악해야 한다. 파노라마 엑스레이 촬영은 잇몸뼈를 포함한 턱뼈 전체의 상태를 잘 보여주므로 치과 검진 시 필수 항목이다. 이전에 치료받지 못했던 충치나 딱딱한 음식을 자주 씹어 생긴 치아 균열 등을 미리 확인할 수 있어 더 나빠지기 전에 대처가 가능하다. 박관수 교수는 ""최근에는 잇몸 질환에 의해 발생하는 염증 물질이 혈액을 타고 이동하면서 전신 건강에 영향을 준다는 보고도 나오고 있어 더욱 주의를 기울여야 한다""고 강조했다.  ■노년기, 치아가 없어도 치과 검진 받아야  노년에 구강 건강은 건강한 삶을 좌우하는 주춧돌과 같은 역할을 하므로 이미 많은 부분이 나빠졌더라도 치료와 예방을 소홀히 해서는 안 된다. 나이가 들면서 구강도 노화하게 되는데, 치아는 닳고 깨지고 패이며 침샘의 기능도 노화되어 침의 분비가 줄어 입 안이 마르게 된다. 철저한 칫솔질은 필수이고 치아가 하나도 없더라도 치과 검진은 꼭 받아야 한다. 턱뼈 속에 병이 발생하는 경우도 있기 때문에 정기적인 엑스레이 검사를 받는 것이 필요하며, 의치나 임플란트 치아에 자극이 지속되어혀나 볼 점막에 궤양이 발생할 수 있어 치과 검진 후 적절한 치료를 받는 것이 좋다.   ▶1500% 가는 '제2의 HMM' 아직 5000원대 황금株, 급등 전 마지막 기회! [클릭] ▶“주식카톡방 완전무료 선언” 파격결정  [파이낸셜뉴스 주요뉴스]  → 남편과사별한 여성, 자기 따라다니던 남자와 결혼했더니.. → ""팬티만 입으라는 지시 받았다"" 그의 소변에는... → 모델 한혜진 ""전 남친, 방송서 男 출연자와 눈 보며 대화했다고.."" → '태아 머리가 보인다' 전주 女 사우나서 일어난 일 → 월급 150만원 39세 여성의 어머니 ""내 딸 정도면.."" → 주식으로 속이 답답할 때 [파인애플]  ● 하루만에 高수익 챙길 ‘초대형’ 백신 대장株! 비밀리에 입수! 1200% ↑↑ (CLICK)  ▶▶[무료공개]◀◀ 지금 ""1,000만원""만 있어도 당장 ""이것""부터 사라!! >>> (무료 체험)   ※저작권자 ⓒ 파이낸셜뉴스. 무단 전재-재배포 금지 "
38,5,"2021-09-21","07:00:00","서울시 '숙원' 지하철 무임 승차 정부 지원···국회 문턱 넘을까","서울 지하철 파업 위기를 가까스로 넘긴 서울시가 산하 서울교통공사 재정난의 주요 원인으로 꼽히는 무임 승차 손실에 대한 정부 지원 이끌어 내기에 나섰다. 공론화 및 국회 설득을 통해 법적 근거가 될 도시철도법 개정이 이뤄질지 관심이 모아진다.   21일 서울시에 따르면 도시철도(지하철)를 운영 중인 서울 및 인천·부산·대구·광주·대전의 6개 지방자치단체장은 지하철 무임 승차 손실 보전을 요청하는 공동 건의문에 서명해 정부에 제출할 예정이다. 서울시의 한 관계자는 “무임 승차 손실에 대한 정부 지원의 필요성에 대해서는 소속 정당과 관계 없이 6개 지자체장 모두 공감대를 형성하고 있다”고 전했다. 6개 지자체의 공동 건의문 제출은 법적 구속력이 없지만 공론화를 위한 시도로 평가된다.   서울시는 오세훈 시장의 소속 정당인 국민의힘과의 협력도 추진한다. 지난 16일 오 시장 취임 후 처음 열린 ‘서울시-국민의힘 예산정책협의회’에서 서울시는 지하철 무임 승차 손실 보전을 내년도 주요 국비 요청 사업 중 하나로 국민의힘에 건의했다.   지하철 무임 승차 손실에 대한 정부 지원의 근거가 되는 도시철도법 개정안을 처리할 국회의 소관 상임위원회인 국토교통위원회는 국민의힘 소속 이헌승 의원이 위원장을 맡고 있다. 서울교통공사 노조에 따르면 노사 합의 타결 직후인 14일 간담회에서 이 위원장은 “올해 도시철도법 개정안 처리를 적극 추진하겠다”고 말했다. 이 위원장은 앞서 지난해 11월 도시철도 무임 승차 비용을 국가가 부담하도록 하는 내용의도시철도법 개정안을 대표 발의했다.   정부의 예산을 관리하는 기획재정부의 반대가 도시철도법 개정의 최대 난관으로 지목된다. 지난해에도 도시철도법 개정안이 국토위 법안심사소위원회에서 통과됐으나 기재부의 반대에 막혀 결국 정부가 무임 승차 손실 대신 노후 지하철 교체 비용을 지원하도록 내용이 변경된 것으로 알려졌다.   앞서 서울교통공사 노조는 서울시의 요구로 공사 측이 마련한 전체 인력의 9%인 1,500여명에 대한 구조조정 방안 철회, 정부의 지하철 무임 승차 손실 지원 등을 요구하면서 14일 파업 돌입을 예고했다. 노사 협의는 평행선이 이어지다 13일 밤 정의당 소속 심상정·이은주 의원이 도시철도법 개정을 적극 추진하겠다고 중재에 나서면서 극적으로 타결됐다.   서울교통공사의 실적은 지난해 코로나19 사태의 여파로 1조 1,137억 원의 당기순손실을 기록했고 올해도 비슷한 수준이 예상된다. 공사 노조 및 서울시 모두 매년 수 천 억원대 규모로 지속된 무임 승차 손실을 재정난의 가장 큰 원인으로 보고 정부 지원이 필요하다는 입장이다.   ▶▶ 코로나19 백신 임상 3상 완료! 박셀바이오 1000% 뛰어 넘는 역대급 바이오! [확인]  ▶▶ [무료공개] 지금 ""1,000만원""만 있어도 당장 ""이것"" 부터 사라!!>>> (무료체험)   ▶▶ [급등임박 공개] ◀◀ 2021년 상반기 ""정부정책 수해주"" TOP 10 긴급공개 >>> (바로확인)     [ⓒ 서울경제, 무단 전재 및 재배포 금지]"
38,6,"2021-09-21","07:00:00","콜러노비타, ‘완판’신화 살균비데 가을맞이 프로모션","콜러노비타가 내달 31일까지 공식 홈페이지에서 가을맞이 비데 프로모션을 진행한다. 콜러노비타는 가장 많은 판매량과 높은 평점을 받은 살균비데(BD-H700), 방수비데(BD-N443), 회전노즐 스파플러스비데(BD-AE91) 3종을 할인 판매하고, 구매고객 전원에게 풍성한 혜택을 제공한다. 방수비데와 회전노즐 스파플러스비데는 4만 원 할인 판매한다. 기간 내 제품 구매 시 비데 설치 서비스도 무료로 제공한다. 1년 치 비데 필터 2개를 추가로 증정해 필터교체 및 비데 설치에 대한 고객들의 부담도 줄였다. 살균비데를 구매한 후 홈페이지에 구매 영수증을 인증하는 모든 고객에게는 특별 사은품으로 ’이마트 상품권 2만 원권’을 증정한다. 살균비데는 지난 2월 론칭 기념 네이버 쇼핑 라이브에서 35분 만에 2개월치 물량이 완판된 노비타 대표 인기 제품이다. 하루 한 번, 전해수로 노즐 내?외부와 도기를 3단계에 거쳐 살균해 유해 세균인 대장균, 살모넬라균, 녹농균을99% 살균한다. 따로 시간을 들이지 않아도 비데를 위생적으로 관리할 수 있어, 비데 관리 및 이용의 편의성을 극대화한 프리미엄 비데이다.  콜러노비타 이현식 상무는 “온열기능이 핵심인 비데는 기온이 떨어지는 가을과 겨울이 성수기로, 최근 콜러노비타 역시 비데를 장만하려는 고객들의 문의가 늘고 있다”며 “노비타에서 가장 인기 있는 제품들로 구성한 이번 프로모션을 통해 따뜻한 겨울을 준비하길 바란다”고 말했다. ‘노비타 가을맞이 혜택’ 프로모션에 대한 자세한 내용은 콜러노비타 공식 홈페이지를 통해 확인할 수 있다.  ju0@fnnews.com 김주영 기자  ▶1500% 가는 '제2의 HMM' 아직 5000원대 황금株, 급등 전 마지막 기회! [클릭] ▶“주식카톡방 완전무료 선언” 파격결정  [파이낸셜뉴스 주요뉴스]  → 남편과 사별한 여성, 자기 따라다니던남자와 결혼했더니.. → ""팬티만 입으라는지시 받았다"" 그의 소변에는... → 모델 한혜진 ""전 남친, 방송서 男 출연자와 눈 보며 대화했다고.."" → '태아 머리가 보인다' 전주 女 사우나서 일어난 일 → 월급 150만원 39세 여성의 어머니 ""내 딸 정도면.."" → 한주간 지친 나에게 디저트로 [파인애플]  ● 하루만에 高수익 챙길 ‘초대형’ 백신 대장株! 비밀리에 입수! 1200% ↑↑ (CLICK)  ▶▶[무료공개]◀◀ 지금 ""1,000만원""만 있어도 당장 ""이것""부터 사라!! >>> (무료 체험)   ※ 저작권자 ⓒ 파이낸셜뉴스. 무단 전재-재배포 금지 "
38,7,"2021-09-21","07:00:00","홍정민 ""연구개발 30조 시대, 연구보안 강화 적극 뒷받침""","홍정민, 민주당 내 청년·경제전문가 국가 경제력 강화 입법 주력 소비자 보호·근로자 안전 법안도 마련 숙원 사업 해결 위한 지역 밀착형 의정 강조       [파이낸셜뉴스]""2022년 연구개발(R&D) 30조 시대가 열린다. 연구보안 강화를 적극 뒷받침 하겠다"" 홍정민 더불어민주당 의원(경기 고양시병)은 민주당 내 대표적인 청년·경제전문가다. 서울대학교 경제학과를 졸업한 뒤 변호사로 활동했던 그는 삼성경제연구소 수석연구원으로 재직하는 등 실물 경제 전문가로 통한다. 지난 2018년에는 스타트업 '로스토리'를 창업해 인공지능(AI)를 기반으로 법률 서비스를 제공했다. 지난해 21대 총선 당시 민주당 영입인재로 입당해 경기 고양시병 지역구에서 54.27%, 과반 득표로 국회에 입성했다. 민주당 원내대변인으로도 활동한 홍 의원은 국회 입성 이후 청년 창업을 지원하고 공정한 시장경제를 확립하기위한 법안에 주력하고 있다. 또 기술패권 시대 국가 경쟁력 강화를 위한 연구보완 강화법안과 소비자 보호 법안도 주도하고 있다. 아울러 지역주민들과 '맨 투 맨' 면담을 계속하며 각종 민원과 숙원 사업 해결에 힘을 쏟고 있다. ■""국가 경제력 강화 정책 집중"" 21일 정치권에 따르면 홍 의원은 우선 실제 스타트업 투자 시장 상황을 보다 잘 반영하는 통계 작성을 위한 '벤처투자 촉진에 관한 법률 일부개정법률안'을 대표발의했다. 기존 창업투자사 중심으로 집계되던 벤처투자 통계에 신기술금융사 등의 투자 내역을포함할 수 있도록 중기부의 자료 취합 근거를 강화하는 내용이다. 또 ‘기술패권시대, 대학·공공연의 연구보안 강화 방안’ 행사를 주최해 국가 경쟁력을 좌우할 기술 보안 강화 방안도 논의했다. 홍 의원은 ""2022년 연구개발(R&D) 30조 시대를 여는 우리나라는 이제 지킬 것이 많은 국가""라며 ""첨단기술의 산실인 대학·공공연의 성과를 보호할 수 있도록 연구보안 강화를 위한 정책적 뒷받침이 필요하다""고 강조했다.   홍정민 더불어민주당 의원이 한류천 상류보 현장을 방문을 진행하는 모습. 사진=홍정민 의원 sns ■""근로자 안전·소비자 보호법 마련"" 홍 의원은 또 근로자 안전과 소비자 보호를 위한 법안 마련에도 힘을 쏟았다. 대표적으로 '생활물류서비스산업발전법 일부개정법률안'을 대표발의했다. 생활물류서비스종사자의 안전한 근무환경을 위해 생활물류서비스 평가 기준에 생활물류서비스종사자 근로환경의 안전성을 추가하고 서비스 평가 설문조사 대상에 물류서비스종사자를 포함하는 내용이다. 이와 함께 이러닝 업계의 개인정보보호 수준을 제고해 이러닝 활성화를 도모하는 '이러닝법'을 대표발의했다. 현행법은 이러닝 서비스의개인정보보호와 관련된 조항이 전무한 상태다. 개정안은 이러닝 소비자의 개인정보 침해를 예방하기 위한 조치를 취할 수 있는 근거를마련했다.  홍 의원은 ""온라인을 기반으로 하는 이러닝 산업의 특성 상 개인정보보호 제도는 기본적인 인프라""라며 ""이러닝 소비자가 개인정보 침해에 대한 우려 없이 학습할 수 있는 환경을 조성해 이러닝 산업이 활성화되는 데 일조할 것""이라고 강조했다. 아울러 '구글 인앱결제 수수료' 관련 논의도 이끌고 있다. 홍 의원은 '구글 인앱결제 긴급토론회'를 통해 ""인앱결제 사안의 본질은 높은 수수료율이 아니다""라며 ""구글이 독점력을 통해 특정한 결제수단을 강제하는 것""이라고 강조했다. 또 ""특정 기업의 수수료 인하와 별개로 ‘시장지배력 남용’를 방지하기 위한 시스템 마련 논의가 시급하다""며 ""국회에 발의되어 있는 구글갑질방지법의 조속한 통과가 그 시작점이 될 것""이라고 힘주어 말했다. ■""지역밀착형 의정활동 강화"" 홍 의원은 이외에도 지역 일산병원을 방문해 의료종사자 처우 개선을 논의했고 고양시 도시균형개발과, 고양시 공원관리과, 고양도시관리공사, 한국건설기술연구원 등과 함께 한류천 상류보 현장을 방문해 한류천 수질개선 사업 경과를 점검했다. 또 서울문산고속도로 통행료 인하 및 소음·분진 문제 개선을 촉구하는 기자회견을 진행했고 지역 내 아파트 신축으로 인한 소음·분진 문제 해결 방안을 논의하는 등 지역 밀착형 의정에도 주력하고 있다. juyong@fnnews.com 송주용 기자  ▶1500% 가는 '제2의 HMM' 아직 5000원대 황금株, 급등 전 마지막 기회! [클릭] ▶“주식카톡방 완전무료 선언” 파격결정  [파이낸셜뉴스 주요뉴스]  → 남편과 사별한 여성, 자기 따라다니던 남자와 결혼했더니.. → ""팬티만 입으라는 지시 받았다"" 그의 소변에는... → 모델 한혜진 ""전 남친, 방송서 男 출연자와 눈 보며 대화했다고.."" → '태아 머리가 보인다' 전주 女 사우나서 일어난일 → 월급 150만원 39세 여성의 어머니 "" 내 딸 정도면.."" → '주린이'가 먹어야 할 과일은? [파인애플]  ●하루만에 高수익 챙길 ‘초대형’ 백신 대장株! 비밀리에 입수! 1200% ↑↑ (CLICK)  ▶▶[무료공개]◀◀ 지금 ""1,000만원""만 있어도 당장 ""이것""부터 사라!! >>> (무료 체험)   ※ 저작권자 ⓒ 파이낸셜뉴스. 무단 전재-재배포 금지 "
39,1,"2021-09-21","06:52:13","BRIF-PotlatchDeltic, 아이다호 공공 접근 금지 해제 발표","BRIEF-PotlatchDeltic Announces Lift Of Recreational Vehicle Ban In Idaho Public Access .storyContent * {border-color:inherit !important;outline-color:inherit !important;} 9월 20일(로이터) - PotlatchDeltic Corporation PCH.O:  potlatchdeltic은 아이다호 공공 접근에서 레크리에이션 차량 금지 해제를발표한다.    Further company coverage: PCH.O  Reuters.Briefs@thomsonreuters.com        (c) Copyright Thomson Reuters 2020. Click For Restrictions - https://agency.reuters.com/en/copyright.html   원문 바로가기    DISCLAIMER  레피니티브의 사전, 서면 승인 없는 톰슨로이터 콘텐츠의 재생산이나 재배포는 금지되어 있습니다. 이 기사의 한국어 번역은 에프앤가이드가 사용하는기계적 번역에 의한 것으로 톰슨로이터와 레피니티브는 번역의 정확성을 보증하지 않습니다."
39,2,"2021-09-21","06:51:53","로빈후드 테스트 암호화 지갑, 암호화폐 전송 기능 - 블룸버그 뉴스","Robinhood testing crypto wallet, cryptocurrency transfer features- Bloomberg News .storyContent * {border-color:inherit !important;outline-color:inherit !important;} 9월 20일 (로이터) - 로빈후드 마켓 주식회사 HOOD.O 고객이 비트코인과 같은 디지털 통화를 주고받을 수 있는 새로운 암호화 지갑과 가상화폐 전송 기능을 자사 앱에서 테스트하고 있다고 블룸버그통신이 24일 보도했다.   아이폰 앱의 베타 버전은 그러한 기능에 대한 회사의 작업을보여주었다고 이 보고서는 말했다. (https://bloom.bg/39lepB5  보고서는 ""암호 지갑 기능에 가입하는 사용자들을 위한 대기자 명단 페이지를 보여주는 숨겨진 이미지도 있었다""고 덧붙였다.  로빈후드는 로이터통신의 논평 요청에 즉각 응답하지 않았다.  그 회사의 소매 주주들은 오랫동안 암호지갑을 기다려 왔다. 지난달 증권사가 첫 분기 실적을 발표하기 하루 전, the top question 기업들이 소매 투자자들로부터 질문을 크라우드소싱할 수 있는 플랫폼인 '세이'는 증권사가 그런 지갑을 얻고 있는지 여부였다.        (Reporting by Niket Nishant in Bengaluru; Editing by Krishna Chandra Eluri)  Niket.Nishant@thomsonreuters.com     (c) Copyright Thomson Reuters 2020. Click For Restrictions - https://agency.reuters.com/en/copyright.html        Keywords: ROBINHOOD-CRYPTO/   원문 바로가기    DISCLAIMER  레피니티브의 사전, 서면 승인 없는톰슨로이터 콘텐츠의 재생산이나 재배포는 금지되어 있습니다. 이 기사의 한국어 번역은 에프앤가이드가 사용하는 기계적 번역에 의한 것으로 톰슨로이터와 레피니티브는 번역의 정확성을 보증하지 않습니다."
39,3,"2021-09-21","06:51:48","BRIF-AST SpaceMobile, Rulfo Hernandez가 CFO, International Operation의 역할을 맡았다고 함","BRIEF-AST SpaceMobile Says Rulfo Hernandez Assumed Role Of CFO, International Operations .storyContent * {border-color:inherit !important;outline-color:inherit !important;} 9월 20일(로이터) - AST SpaceMobile Inc. ASTS.O:  ost spacemobile - 9월 15일 발효, rulfo ernandez, 이전 최고재무책임자, cfo ? 국제업무 - sec 파일링   Further company coverage: ASTS.O  Reuters.Briefs@thomsonreuters.com        (c) Copyright Thomson Reuters 2020. Click For Restrictions - https://agency.reuters.com/en/copyright.html   원문 바로가기    DISCLAIMER  레피니티브의 사전, 서면 승인 없는 톰슨로이터 콘텐츠의 재생산이나 재배포는 금지되어 있습니다. 이 기사의 한국어 번역은 에프앤가이드가 사용하는 기계적 번역에 의한 것으로 톰슨로이터와 레피니티브는 번역의 정확성을 보증하지 않습니다."
39,4,"2021-09-21","06:51:00","文 대통령, UN 구테레쉬 사무총장과 면담…한반도 문제 논의","[아시아경제 이지은 기자] 유엔 총회 참석을 위해 미국을 방문중인 문재인 대통령은 20일(현지시간) 안토니우 구테레쉬 유엔 사무총장과면담을 갖고 한반도 문제 및 국제 현안에 대해 논의했다.    문 대통령은 구테레쉬 사무총장이 한반도 비핵화와 평화 구축을 위한 우리 정부의 노력을 일관되게 지지해 온 데 사의를 표명하고, 유엔의 지속적인 협조와 성원을 당부했다.    또 구테레쉬 사무총장이 이번 유엔 총회를 계기로 SDG 모멘트에 방탄소년단(BTS)이 함께할 수 있도록 지원해 준 것과 글로벌 현안 해결을위한 유엔의 리더십 발휘를 평가했다.    특히 우리나라가 오는 12월 유엔 평화유지장관회의를 개최해 사무총장의 핵심 추진 의제 중 하나인 '평화유지활동(PKO)' 강화에 기여할 예정이라고 밝히고 글로벌 현안 해결을 위해서도 적극적인 역할을 하겠다고 설명했다.    구테레쉬 사무총장은 남북한 동시 유엔 가입 30주년을 맞는 올해가 남북관계 개선의 계기가 될 수 있기를 바란다며 이를 위한 문 대통령의 노력과 기후변화 대응·평화유지활동 등에서의 한국의 글로벌 리더십을 평가했다.    청와대는 ""이번 면담은 문 대통령과 구테레쉬 사무총장 간 여섯 번째 회담""이라며 ""한반도 평화 구축 및 완전한 비핵화에 대한 사무총장의 지지를 재확인하고, 한-유엔 간 협력 관계를 한층 더 강화하는 계기가 됐다""고 밝혔다.     ● [무료공개] 지금 ""1,000만원""만 있어도 당장 ""이것""부터 사라!! >>> (무료 체험)   ● K방역 위기! SK바이오사이언스 1200% 능가할 하반기 역대급 백신株 [지금 확인]  ● 2021년 하반기 실적이 기대되는 저평가 종목 ㅇㅇㅇ 확인하기!     이지은 기자 leezn@asiae.co.kr   <ⓒ경제를 보는 눈, 세계를 보는 창 아시아경제(www.asiae.co.kr) 무단전재 배포금지>"
39,5,"2021-09-21","06:50:51","[법률S토리] 자녀의 세금, 대신 내줘도 될까?",".ad {text-align:center; font-size:8pt; font-family:돋움;line-height:1.2}.title{font-size:14px;color:#203c76;font-weight:bold;margin-bottom:20px;}a,img {border:0; outline:none; selector-dummy:expression(this.hideFocus=true);}body,td,select,input,div,form,textarea,center,option,pre,blockquote {font-size:9pt; line-height:1.6; font-family:돋움;}table{width:100%; border:0px;}@media (min-width:650px){img {max-width:600px;height:auto}}@media (max-width:650px){img {max-width:500px;height:auto}}@media (max-width:550px){img {max-width:400px;height:auto}}@media (max-width:450px){img {max-width:300px;height:auto}}@media all and (max-width: 400px) {img {max-width:300px;height:auto}.tbl_dmd {width:340;text-align:right;border-collapse:collapse;}}.pv{display:none;}.popup {cursor : pointer;color:#0078c6;}.mttl {color:#821e1e;font-weight:bold;font-size:9pt;}.tldot {font-size:7pt;color:#0078c6;}td.pls {color:#ff3300;}td.mns {color:blue;}td.pls_ar {text-align:right;color:#ff3300;}td.ar {text-align:right;}td.ac {text-align:center;}.tbl_dmd {width:380;text-align:right;border-collapse:collapse;}.tbl_dmd {max-width:400;min-width:340;text-align:right;border-collapse:collapse;}.tbl_dmd td {padding-right:5;border:1px solid #dcdcdc;}.tbl_con {width:340;border-collapse:collapse;text-align:center;}.tbl_con td {padding-right:5;border:1px solid #dcdcdc;}r {display:none;} 제목 : [법률S토리] 자녀의 세금, 대신 내줘도 될까?   자녀에게 부동산 등 재산을 무상이전하는 경우 자녀들이 세금을 납부할 금전적인 여유가 없는 경우가 많다. 이 경우 부모가 자녀의 세금을 대신 내주면 된다고 생각한다. 자녀의 상속세·증여세·취득세를 대신 내줘도 괜찮을까?/사진=이미지투데이  자녀에게 부동산 등 재산을 무상이전하는 경우 자녀들이 세금을 납부할 금전적인 여유가 없는 경우가 많다. 이 경우 부모가 자녀의 세금을 대신 내주면 된다고 생각한다. 자녀의 상속세·증여세·취득세를 대신 내줘도 괜찮을까?     상속세 대납의 경우를 살펴보자. A씨(71)는 15억원 상당의 부동산과 5억원의 현금 재산을 보유하던 중 사망했다. 상속인으로 15억원 상당의 부동산은 자녀인 C씨(28)가 5억원 상당의 금융재산은 배우자 B씨(69)가 상속받기로 협의했다. 이때 상속세는 2억원이라고 가정하자. 원칙적으로 상속세는 상속인들이 각자 상속받은 재산에 비례해 납부해야 한다.     이 경우 자녀 C씨는 1억 5000만원, B씨는 5000만원의 상속세를 내야한다. 단, 우리나라 세법은 과세관청이 상속인들로부터 상속세 징수를 용이하게 할 수 있도록 각 상속인이 받은 재산을 한도로 연대납세의무를 부담하도록 규정하고 있다. 단, 상속인들이 받은 재산을 한도로만 연대납세의무가 있다.     만약 B씨가 자녀 C씨의 상속세 1억5000만원을 대신 내준다면 증여세 부담 없이 1억5000만원을 증여하는 것과 동일하다. 1억5000만원을 자녀에게 증여하는 경우 자녀는 970만원의 증여세를 부담해야 한다.     자녀에게 시가 5억원 상당의 부동산을 증여하는 경우 증여세는 7760만원이 된다. 만일 자녀가 자금이 없어 증여세 상당액을 부모가 대신 납부한다면 대신 납부한 증여세 또한 증여재산이 된다. 증여세는 동일인으로부터 10년 이내에 증여받은 재산을 모두 합산해 산출해 대납해준 증여세 7760만원이 기존 증여한 부동산과 합산돼 증여세가 더 증액된다. 또 증액분 증여세도 대납하면 그 대납한 증여세도 합산된다.     만일 자녀가 비거주자면 비거주자인 자녀로부터 증여세를 징수하는 것은 어려움이 있어 예외적으로 증여자에게 연대납세의무를 지우고 있다. 이 경우 증여한 부모가 자녀의 증여세를 대신 내줘도 증여세가 추가로 부과되지 않는다.     취득세 대납의 경우 일반적으로 부동산 등 취득세 과세대상 자산을 상속으로 취득하는 경우 2.8%의 취득세가, 증여로 취득하는 경우 3.5%의 취득세가 발생한다. 취득 원인이 상속인지 증여인지를 불문하고 취득세를 증여자 등 타인이 납부해주는 경우 이는 증여세과세 대상 증여재산이 돼 추가적인 증여세가 발생할 수 있다.     상속세의 대납은 세금 부담 없이 간접적으로 증여를하는 것과 같은 효과가 있어 배우자가 상속세 총액 이상의 금융재산을 상속받아 자녀들의 상속세까지 모두 납부하는 방법을 고려해볼만 하다.     반면 증여세나 취득세를 대납하는 경우에는 그 대납한 세금 또한 증여재산이돼 기존 생각했던 증여세를 초과해 세금을 부담할 수 있다. 따라서 금전적 여유가 없는 자녀에게 부동산 등을 증여하는 경우라면 반드시 그 대납액으로 인한 증여세 추가 부담 가능성 또한 고려해야 한다.   ☞ 김소연, 물오른 미모 무슨일… 단발도 '찰떡' ☞ '최현석 딸' 최연수, 우월한 몸매 자랑… 허리가 '한 줌' ☞ '애프터스쿨 출신' 유이, 요요 고백 이후 근황… ""역대급 바디프로필"" ☞ 구혜선 근황, 밤샘 작업 직후 셀카… 흐트러짐 없는 美모 ☞ 이경규 딸 이예림, 이 정도였어?… 결혼 앞두고 물오른 美모     해당 기사는 머니S(moneys.mt.co.kr)에서 제공한 것이며 저작권은 제공 매체에 있습니다. 기사 내용 관련 문의는 해당 언론사에 하시기 바랍니다.  ▶▶[무료 참여코드: 7676] 오늘 현재 무료체험 인원 1천 3백명! 기간무제한! 이용료 0원, 선착순마감직전, 지금 바로 입장!! ▶ [완.벽.적.중] 급등임박! 이번주 상한가 예상종목 (클릭) ◆ 4분기 정부 정책 최대 수혜주 TOP 5 (확인) ▶ [참여코드: 0713] 잘 고른 카톡방 하나가 계좌를 바꾼다! (입장하기) >> ◆아직도 싸다! 놓치면 후회 할 저평가 우량주 TOP5            Copyright ⓒ True&Live 증시뉴스 점유율1위, 인포스탁(www.infostock.co.kr)"
39,6,"2021-09-21","06:50:49","천장 뚫린 수도권 아파트값…9~10월 '내 집 마련' 청약 러시 이어지나","올해 집값이 작년 수준을 넘어 매섭게 오르고 있다. 특히 수도권 아파트값이 천장을 뚫고 급등하면서 전국 집값 상승을 이끌고 있다.   20일 한국부동산원 전국주택가격 동향조사 시계열 통계에 따르면 전국 아파트값은 올해 들어 지난달까지 10.19% 상승하며 작년 1년 치 상승분(7.57%)을 뛰어넘었다.   수도권 아파트값은 올해 1~8월 13.11% 올라 벌써 작년(9.08%)의 1.4배 수준으로 상승한 모습이다.   이처럼 수도권 아파트값은 천정부지로 치솟고 있으며, 매물도 갈수록 줄어 거래절벽 현상이 심화하고 있다. 이 때문에 실수요자들은 합리적인 '내 집 마련' 최선책으로 청약에 눈을 돌리고 있다. 올가을 분양에 알짜 단지로 묵혀 놓은 청약통장이 대거 몰릴 것으로 예상된다.   집값 상승 여파로 매수세는 다소 꺾이는 모양새다. 한국부동산원 아파트 매매량 자료를 분석한 결과 올 상반기 수도권에서 아파트 총 16만7220건이 매매됐다. 이는 작년 상반기 23만7720건과 비교하면 29.7% 줄어든 것이다. 지역별로는 서울이 39.1%(4만8298건→2만9399건)로 가장 많이 감소했고, 경기 27.9%(14만9511건→10만7811건), 인천 24.8%(3만9911건→3만10건) 줄었다.   이처럼 수도권에서의 내 집 마련이 어려워지자 대다수 무주택자가 청약 시장으로 눈을 돌리고 있다. 주택도시보증공사에 따르면 수도권의 중형 면적 기준 ㎡당 평균 분양가는 598만1667원으로, ㎡당 평균 매매가인 873만7336원보다 31.5% 저렴하다.   부동산 정보업체 부동산인포에 따르면 분양 성수기인 9~10월 수도권에 총 2만8417가구가 일반분양될 예정이다. 지역별로는 경기에 2만672가구로 수도권 분양 물량의 상당수(72.7%)가 몰려있다. 인천이 7097가구, 서울은 정비사업을 통해 648가구가 시장에 나온다.   인천 미추홀구에서는 SK에코플랜트가 10월 '학익 SK뷰'를 선보인다. 전용면적 59~84㎡ 총 1581가구 중 1215가구가 일반분양된다. 학익 SK뷰는 학세권을 갖춘 아파트로 우수한 자녀교육 여건이 눈길을 끈다. 도보권에 남인천중고·학익고가 있으며, 반경 1km 내에 인천연학초, 인천인주초, 인천백학초가 있다.   현대건설도 같은 달 경기 파주 운정신도시에 '힐스테이트 더 운정'을 공급한다. 총 3413가구로, 아파트가 744가구, 주거형 오피스텔이 2669실로 구성됐다. 경의중앙선 운정역이 가깝고, 수도권 광역고속철도(GTX) A노선 운정역(2023년 말 예정) 이용도 편리하다.   업계 관계자는 ""수도권은 아파트 수요를 공급이 따라가지 못하는 수급불균형이 지속하면서 집값 상승세가 좀처럼 가라앉지 않고 있고 매물도자취를 감추면서 실수요자들은 이중고를 겪고 있다""며 ""'내 집 마련'을 위한 수도권 실수요자들은 이번 가을 분양을 눈여겨 보는 것이 좋다"" 고 말했다.   이재영 기자(ljy0403@etoday.co.kr)   [오늘의 핫클릭] ●추석 차례 지방 쓰는 방법…'현고학생부군신위' 올바른 작성법은? ●추석 차례상 차리는 법…'홍동백서'·'조율이시' 등 유의할 점은?  ●▶▶주식 30만원으로 시작한다면 꼭 '이렇게' 해라! [클릭] ●통장에 50만원 있다면 ""이종목"" 꼭 매수해라!! [클릭] ●▶美 FDA 임상3상완료! 2000조 시장 거머쥘 바이오 新대장주 [확인] ●▶기관, 외인 2000만주 이상 거침없는 대규모 매집! ""o o o"" 인수전 시작! (확인) ●▶최종목표 1500%! 美 FDA 임상3상 긴급승인! 잭팟 터질 바이오株! [클릭]        이투데이(www.etoday.co.kr), 무단전재 및 수집, 재배포금지   프리미엄 경제신문 이투데이    "
39,7,"2021-09-21","06:50:42","<표> Nymex 천연가스(Natural Gas) 체결가","YEAR           OPEN            OPEN     HIGH      LOW   SETTLE     CHG     HIGH      LOW        INT  OCT 21   5.015    5.172    4.905    4.985   -.120    5.650    2.608     95,353  NOV 21   5.052    5.209    4.945    5.022   -.124    5.695    2.687    258,753  DEC 21   5.180    5.319    5.060    5.132   -.126    5.790    2.825     89,798  JAN 22   5.239    5.391    5.130    5.202   -.126    5.866    2.920    155,494  FEB 22   5.149    5.308    5.048    5.117   -.127    5.765    2.876     57,229  MAR 22   4.829    4.958    4.724    4.795   -.107    5.370    2.722    119,494  APR 22   3.663    3.731    3.622    3.670   -.033    4.060    2.397    118,888  MAY 22   3.540    3.598    3.510    3.548   -.028    3.901    2.363    118,028  JUN 22   3.566    3.630    3.545    3.583   -.028    3.926    2.398     37,393  JLY 22   3.593    3.674    3.588    3.626   -.027    3.958    2.440     30,907  AUG 22   3.613    3.678    3.597    3.631   -.030    3.965    2.445     33,139  SEP 22   3.599    3.660    3.582    3.614   -.030    3.949    2.429     35,168  OCT 22   3.635    3.684    3.609    3.640   -.032    3.977    2.455     87,883  NOV 22   3.704    3.749    3.683    3.707   -.033    4.038    2.525     32,067  DEC 22   3.855    3.896    3.825    3.853   -.036    4.170    2.695     25,597  JAN 23   3.930    3.983    3.921    3.944   -.032    4.250    2.792     22,741  FEB 23   3.893    3.904    3.849    3.871   -.027    4.144    2.756      9,073  MAR 23   3.574    3.596    3.548    3.571   -.023    3.799    2.599     11,936  APR 23   3.003    3.031    2.995    3.013   +.003    3.140    2.313     12,130  MAY 23   2.920    2.947    2.912    2.931   +.008    3.032    2.282      7,424  JUN 23   2.961    2.990    2.953    2.971   +.008    3.068    2.321      5,594  JLY 23   3.023    3.031    2.999    3.016   +.006    3.115    2.367      4,052  AUG 23     ...      ...      ...    3.030   +.007    3.130    2.374      3,227  SEP 23   3.000    3.030    3.000    3.020   +.007    3.103    2.361      4,472  OCT 23     ...      ...      ...    3.052   +.007    3.146    2.388      5,788  NOV 23     ...      ...      ...    3.162   +.013    3.245    2.482      2,106  DEC 23     ...      ...      ...    3.370   +.033    3.440    2.688      2,083  JAN 24     ...      ...      ...    3.470   +.027    3.584    2.788      1,312  FEB 24     ...      ...      ...    3.399   +.022    3.441    2.741        891  MAR 24     ...      ...      ...    3.171   +.019    3.216    2.609      3,092  APR 24     ...      ...      ...    2.732   +.020    2.774    2.314      3,244  MAY 24     ...      ...      ...    2.692   +.021    2.750    2.288        742  JUN 24     ...      ...      ...    2.732   +.022    2.770    2.323        480  JLY 24     ...      ...      ...    2.800   +.023    2.820    2.366        388  AUG 24     ...      ...      ...    2.814   +.024    2.835    2.373        549  SEP 24     ...      ...      ...    2.810   +.025    2.832    2.370        262  OCT 24     ...      ...      ...    2.849   +.026    2.872    2.402        362  NOV 24     ...      ...      ...    2.955   +.027    2.972    2.516        372  DEC 24     ...      ...      ...    3.183   +.036    3.188    2.718        594  JAN 25     ...      ...      ...    3.297   +.036    3.340    2.827      1,281  FEB 25     ...      ...      ...    3.250   +.036    3.253    2.783         91  MAR 25     ...      ...      ...    3.078   +.036    3.092    2.648        306  APR 25     ...      ...      ...    2.768   +.036    2.780    2.353      1,741  MAY 25     ...      ...      ...    2.743   +.036    2.753    2.327        125  JUN 25     ...      ...      ...    2.777   +.036    2.801    2.361        146  JLY 25     ...      ...      ...    2.815   +.036    2.855    2.399        215  AUG 25     ...      ...      ...    2.823   +.036    2.847    2.404        192  SEP 25     ...      ...      ...    2.815   +.036    2.855    2.396        146  OCT 25     ...      ...      ...    2.848   +.036    2.872    2.423         97  NOV 25     ...      ...      ...    2.958   +.036    3.005    2.533         79  DEC 25     ...      ...      ...    3.179   +.036    3.202    2.735        170  JAN 26     ...      ...      ...    3.294   +.036    3.341    2.839        402  FEB 26     ...      ...      ...    3.254   +.036    3.274    2.796         49  MAR 26     ...      ...      ...    3.119   +.036    3.137    2.658         98  APR 26     ...      ...      ...    2.819   +.036    2.842    2.363         51  MAY 26     ...      ...      ...    2.799   +.036    2.825    2.340         47  JUN 26     ...      ...      ...    2.847   +.036    2.873    2.375         51  JLY 26     ...      ...      ...    2.896   +.036    2.922    2.408         85  AUG 26     ...      ...      ...    2.912   +.036    2.938    2.413         69  SEP 26     ...      ...      ...    2.914   +.036    2.940    2.408         59  OCT 26     ...      ...      ...    2.951   +.036    2.977    2.439         58  NOV 26     ...      ...      ...    3.061   +.036    3.087    2.540         33  DEC 26     ...      ...      ...    3.279   +.036    3.305    2.748         30  JAN 27     ...      ...      ...    3.399   +.036    3.446    2.854         17  MAR 27     ...      ...      ...    3.224   +.036    3.271    2.671         53  MAY 27     ...      ...      ...    2.919   +.036    2.966    2.347         42  JLY 27     ...      ...      ...    2.999   +.036    3.046    2.417         31  SEP 27     ...      ...      ...    3.000   +.036    3.047    2.429         34  NOV 27     ...      ...      ...    3.150   +.036    3.169    2.563         19  Est vol 390,724    open int 1,414,121  -0-           09-20-21 1750EDT     다우존스 제공     2021. September. 20일  미국동부시간 17:50 (표준시 21:50)   ＜ⓒ종합 경제정보 미디어 이데일리 - 무단전재 & 재배포 금지＞"
40,1,"2021-09-21","06:39:56","BRIGHT-폐기물 연계로 선순위 채권 상환 발표","BRIEF-Waste Connections Announces Repayment Of Senior Notes .storyContent * {border-color:inherit !important;outline-color:inherit !important;} 9월 20일(로이터) - 폐기물 연결회사 WCN.TO:  폐연고가 선순위 채권의 상환을 알리다.   마스터 노트 구매 계약에 따라 발행된 모든 선순위 채권의 상환을 발표했다.   총 원금 15억 달러와 2022년부터 2027년까지 만기가 돌아오는 상환어음   상환과 관련된 2021년 3분기 재무 결과에서 약 2억 7천만 달러의 비용이 발생할 것으로 예상한다.    Further company coverage: WCN.TO  Reuters.Briefs@thomsonreuters.com        (c) Copyright Thomson Reuters 2020. Click For Restrictions - https://agency.reuters.com/en/copyright.html   원문 바로가기    DISCLAIMER  레피니티브의 사전, 서면 승인 없는 톰슨로이터 콘텐츠의 재생산이나 재배포는금지되어 있습니다. 이 기사의 한국어 번역은 에프앤가이드가 사용하는 기계적 번역에 의한 것으로 톰슨로이터와 레피니티브는 번역의 정확성을 보증하지 않습니다."
40,2,"2021-09-21","06:38:11","[상보] 뉴욕증시, 헝다 위기·FOMC 관망 속 하락...나스닥 2.19%↓","뉴욕증시가 20일(현지시간) 중국 부동산 재벌 헝다의 디폴트 위기 불안과 미국 연방준비제도(Fed·연준)의 연방공개시장위원회(FOMC) 정례회의 관망 속에 하락했다.   다우지수는 전 거래일 대비 614.41포인트(1.78%) 하락한 3만3970.47에 마감했다. S&P500지수는 75.26포인트(1.70%) 밀린 4357.73로, 기술주중심의 나스닥지수는 330.06포인트(2.19%) 떨어진 1만4713.90에 거래를 마쳤다. S&P500은 하루 기준 5월 12일 이후 최대 낙폭을 기록했다. 다우지수는 7월 19일 이후 최대 하락률을 보였다.   중국 헝다의 디폴트 공포가 금융시장 전반으로 번지는 분위기다. 전날 아시아 시장에서 홍콩증시는 헝다의 디폴트 전망에 4% 가까이 하락했다. 헝다가 23일 도래하는 채권 이자를 내지 못할 수 있다는 우려가 시장 불안을 자극한 영향이다.   헝다는 23일 8.25% 금리의 5년 만기 달러채에 대한 이자 8350만 달러(약 990억 원)를 지급해야한다. 채권 약관에 따르면 이자를 지급하지 못할 경우 30일간의 유예기간을 거쳐 디폴트로 간주된다. 같은날 위안화 채권 2억3200만 위안(약 425억 원)의 쿠폰 만기도 도래한다.   앨리인베스트의 린지 벨 수석 투자 전략가는 “헝다 사태는 시장이 소화하기 힘들고 진짜 위험을 이해하는 데 시간이 걸릴 수 있다”면서 “공포 지수가 5월 이후 최고치로 뛰면서 매도 압력이 강화됐다”고 평가했다.   21~22일 열리는 연준의 FOMC를 앞두고 연준이 인플레 우려와 고용시장 개선 상황을 배경으로 통화정책을 긴축으로 전환할 수 있다는 전망이고개를 들고 있다.   연준이 테이퍼링(자산매입 축소) 관련 신호와 연준 위원들의 금리 전망치를 담은 점도표 변화 가능성을 두고 투자자들의 경계감이 커지고 있다.   델타 변이 확산으로 신종 코로나바이러스 감염증(코로나19) 확진자 수가 1월 수준을 유지하고 있다는 점도 투자 심리를 억눌렀다. 추운 날씨가 다가오고 있어 확산세를 통제하지 못할 수 있다는 우려가 더 커지는 분위기다.   시장은 미국 연방정부의 부채한도를 상향하는 의회 논의가 다가오는 가운데 미국 정부의 디폴트 가능성도 주목하고 있다.   앞서 재닛 옐런 재무장관은 의회가 부채한도를 상향 조정하지 않으면 미국 역사상 처음으로 디폴트를 맞을 수 있다며 의회 통과를 촉구했다.   올해 10월이나 11월까지 부채한도가 상향되지 않을 경우 미국 연방정부는 디폴트 상황에 내몰릴 수 있다.   이날 업종별로 S&P500지수 11개 업종이 모두 하락했고, 에너지가 3% 이상 떨어지고, 임의소비재, 금융주가 모두 2% 이상 떨어졌다. 기술주와통신, 자재 관련주도 모두 1% 이상 하락했다.     김서영 기자(0jung2@etoday.co.kr)   [오늘의 핫클릭] ●추석 차례 지방 쓰는 방법…'현고학생부군신위' 올바른 작성법은? ●추석 차례상 차리는 법…'홍동백서'·'조율이시' 등 유의할 점은?  ●▶▶주식 30만원으로 시작한다면 꼭 '이렇게' 해라! [클릭] ●통장에 50만원 있다면 ""이종목"" 꼭 매수해라!! [클릭] ●▶美 FDA 임상3상완료! 2000조 시장 거머쥘 바이오 新대장주 [확인] ●▶기관, 외인 2000만주 이상 거침없는 대규모 매집! ""o o o"" 인수전 시작! (확인) ●▶최종목표 1500%! 美 FDA 임상3상 긴급승인! 잭팟 터질 바이오株! [클릭]        이투데이(www.etoday.co.kr), 무단전재 및 수집, 재배포금지   프리미엄 경제신문 이투데이    "
40,3,"2021-09-21","06:37:16","공급망 과제에 대한 경고 후 BUZZ-Lennar 작동 중단","BUZZ-Lennar down after warning on supply chain challenges .storyContent * {border-color:inherit !important;outline-color:inherit !important;} ** 미국 홈빌더 주식 LEN.N 종을 친 후 거래에서 95.18달러로 3.2% 하락했다.  ** LEN, 주택 건설 산업에 대한 공급망 과제에 대한 경고   ** ""3/4분기 동안, 우리 회사와 주택 건설 산업 전반은 전례 없는 공급망 도전을 계속 경험했고, 우리는 이것이 가까운 미래에도 계속될 것으로 믿는다."" - 레나르 CEO  ** 그러나, 공동 게시된 3분기 매출 69억 4천만 달러는 애널리스트를 능가한다'의 평균 추정치 68억 7천만 달러 - Refinitiv 데이터  ** 월요일 마감까지 최대 29% YTD 재고 보유     (Reporting by Chavi Mehta in Bengaluru)  Chavi.Mehta@thomsonreuters.com        (c) Copyright Thomson Reuters 2020. Click For Restrictions - https://agency.reuters.com/en/copyright.html   원문 바로가기    DISCLAIMER  레피니티브의 사전, 서면 승인 없는 톰슨로이터 콘텐츠의 재생산이나 재배포는 금지되어 있습니다. 이 기사의 한국어 번역은 에프앤가이드가 사용하는 기계적 번역에 의한 것으로 톰슨로이터와 레피니티브는 번역의 정확성을 보증하지 않습니다."
40,4,"2021-09-21","06:37:07","<표> 거래량 상위 (특징주) - DJ NYSE","VOLUME ACTIVES   COMPANY                   SYMBOL        VOLUME      LAST   CHANGE   PERCENT  -------                   ------        ------      ----   ------   ------- Ford Motor                     F   125,760,764     12.82    -0.73     -5.39  Palantir Technologies       PLTR    89,181,535     26.55    -2.16     -7.52  AMC Entertainment Hldgs      AMC    70,576,676     40.29    -3.91     -8.85  Vale ADR                    VALE    69,317,317     15.66    -0.65     -3.99  Bank of America              BAC    67,473,949     39.11    -1.39     -3.43  NIO ADR                      NIO    57,365,765     35.17    -2.34     -6.24  AT&T                           T    48,791,763     27.21    -0.32     -1.16  Cleveland-Cliffs             CLF    45,653,949     19.75    -2.11     -9.65  New Oriental Edu ADR         EDU    44,368,278      1.84    -0.06     -3.16  Itau Unibanco Holding ADR   ITUB    42,191,113      5.05    -0.19     -3.63  Pfizer                       PFE    41,844,952     44.20     0.31      0.71  Freeport-McMoRan             FCX    38,430,930     31.17    -1.88     -5.69  Nokia ADR                    NOK    37,397,907      5.35    -0.15     -2.73  Citigroup                      C    36,930,975     67.30    -2.66     -3.80  Alibaba Group Holding ADR   BABA    36,054,327    151.49    -8.56     -5.35  Uber Technologies           UBER    35,395,586     39.79     0.04      0.10  Petroleo Brasileiro ADR      PBR    35,364,538      9.52    -0.19     -1.96  US Steel                       X    34,207,395     21.84    -1.52     -6.51  Ambev ADR                   ABEV    32,491,874      2.90    -0.06     -2.03  Carnival                     CCL    32,121,689     23.24    -0.31     -1.32    Source: WSJ Market Data Group      다우존스 제공     2021. September. 20일  미국동부시간 17:37 (표준시 21:37)   ＜ⓒ종합 경제정보 미디어 이데일리 - 무단전재 & 재배포 금지＞"
40,5,"2021-09-21","06:37:00","일본 미쓰비시 UFJ의 미국 부대는 OCC로부터 휴전 명령을 받는다.","Japan's Mitsubishi UFJ's U.S. unit gets cease-and-desist order from OCC .storyContent * {border-color:inherit !important;outline-color:inherit !important;} 9월 20일(로이터) -통화위원회(OCC)는 월요일 일본 미쓰비시 UFJ 파이낸셜 그룹 주식회사의 미국법인 MUFG 유니온 뱅크 NA에 휴전 명령을 보냈다고 밝혔다. 8306.T은행의 안전하지 않은 기술 관행 위에.  OCC는 이 은행이 기술 및 운영 위험 관리와 관련된 ""안전하지 않거나 안전하지 않은 관행""에 관여하고 있음을 발견했다. 이 명령에 따르면 은행도 특정 보안 기준을 준수하지 않았다.  MUFG는 ""수정 조치""를 시작했으며 ""결함을 시정하기 위한 자원을 확보했다""고 명령했다.  은행은 로이터통신의 논평 요청에 즉각 응하지 않았다.  미쓰비시 UFJ는 자산으로 볼 때 세계에서 가장 큰 은행 중 하나이다. 지난주 블룸버그통신 reported 그 은행은 미국 은행 팔을 파는 것을 저울질하고 있었다.         (Reporting by Niket Nishant in Bengaluru; Editing by Krishna Chandra Eluri)  Niket.Nishant@thomsonreuters.com     (c) Copyright Thomson Reuters 2020. Click For Restrictions - https://agency.reuters.com/en/copyright.html        Keywords: MUFG-REGULATION/   원문 바로가기    DISCLAIMER  레피니티브의 사전, 서면 승인 없는 톰슨로이터 콘텐츠의 재생산이나 재배포는 금지되어 있습니다. 이 기사의 한국어 번역은 에프앤가이드가 사용하는 기계적 번역에 의한 것으로 톰슨로이터와 레피니티브는 번역의 정확성을 보증하지 않습니다."
40,6,"2021-09-21","06:36:46","<표> ETF Top 10% Losers","NET      %    STOCK (Symbol)                           LAST      CHG    CHG     Direxion China Bull 3X    YINN           9.74    -1.41 -12.65    Direxion CSI China Int    CWEB          18.69    -2.26 -10.79    Direxion S&P Biotech Bull LABU          59.78    -6.39  -9.66    ProSh FTSE/Xinhua Ch 25   XPP           47.07    -4.39  -8.53    Direxion Emg Mkts Bull 3x EDC           77.77    -6.97  -8.23    VanEck Dig Transformation DAPP          24.38    -2.05  -7.76    NorthShore Gl Uranium     URNM          79.65    -6.66  -7.72    Viridi Cleaner Energy     RIGZ          33.41    -2.74  -7.59    Direxion Rg Banks Bull 3X DPST         174.34   -14.09  -7.48    Direxion Dly SCOND 3 BL   SOXL          43.30    -3.45  -7.38      다우존스 제공     2021. September. 20일  미국동부시간 17:36 (표준시 21:36)   ＜ⓒ종합 경제정보 미디어 이데일리 - 무단전재 & 재배포 금지＞"
40,7,"2021-09-21","06:35:35","中악재·FOMC불안감에 '뚝↓'...항공주는 '쑥↑'[뉴욕마감]","[머니투데이 뉴욕=임동욱 특파원] 뉴욕증시가 큰 폭으로 하락했다. 중국 헝다그룹 파산설 등으로 해외 시장이 불안한 모습을 보인 가운데, 내일부터 열리는 연방준비제도(연준. Fed) 정례회의 등 시장의 불확실성이 부각되며 투자심리가 위축됐다.          ━  3대 지수 2% 가까이 하락...국채금리도 '뚝'  ━     20일(현지시간) 뉴욕증시에서 블루칩(우량주) 클럽인 다우존스산업평균지수는 전 거래일보다 614.41포인트(1.78%) 내린 3만3970.47로 마감했다. 이는 지난 7월19일 이후 일일 최대하락폭이다. 다우지수는 장중 971포인트까지 하락했지만 장 마감을 앞두고 낙폭을 일부 회복했다.   대형주 중심의 S&P500지수는 전날보다 75.26포인트(1.70%) 내린 4357.73으로 장을 마쳤다. 지난 5월12일 이후 일일 최대 하락폭이다.   기술주 중심의 나스닥 종합지수는 330.06포인트(2.19%) 내린 1만4713.90으로 거래를 마쳤다.   장기 국채금리도 큰 폭으로 하락했다. 이날 1.371%로 출발한 미국 10년만기 국채 수익률은 1.311%로 하락했다.        ━  중국발 악재에 FOMC 불안감 등 겹쳐  ━       이날 뉴욕증시는 중국발 악재에 장 초반부터 불안한 모습을 보였다.   중국 부동산 개발업체인 헝다그룹(Chian Evergrande Group)의 유동성 위기 소식에 글로벌 증시는 이 파장이 글로벌 금융시장으로 퍼질 수 있다는 우려에 위축된 모습이었다. 이날 홍콩 항셍지수가 3.30% 급락한 가운데 헝다그룹 주가는 10.24% 하락했다.   내일부터 이틀간 열리는 미 연준의 연방공개시장위원회(FOMC) 회의에 대한 부담도 주가에 영향을 줬다. 시장은 최근 높은 인플레이션과 일자리 회복세 속에서 중앙은행이 완화적 통화정책의 종료를 알리는 테이퍼링(자산매입 축소)에 대한 신호를 줄 수 있다고 우려하고 있다. 이는금리인상으로 이어져 증시에 부정적 영향을 줄 수 있다.     최근 델타변이 영향으로 미국 내 코로나19(COIVD-19) 발생자수가 올해 초 수준으로 다시 높아졌다는 점도 시장이 우려하는 사안이다. 날씨가쌀쌀해지면서 확진자수가 더욱 증가할 가능성이 높아졌기 때문이다.   이밖에, 통계적으로 매년 9월 증시가 상대적으로 부진한 모습을 보여왔고, 미 정치권이 연방정부 셧다운을피하기 위해 자금 지원 법안을 놓고 줄다리기를 하고 있다는 점도 시장의 불안 요인이다.        ━  ""S&P500 20% 이상 조정 가능성""...월가 공포지수 20% 이상 급등   ━     모건 스탠리의 마이크 윌슨 US주식 최고전략가는 ""우리는 경기 중반기의 전환이 결국 S&P500에 타격을 주면서 끝날 것이라고 생각한다""며""파괴적 결과가 20% 이상의 지수 후퇴를 초래할 가능성이 더 높아 보인다""고 진단했다.   월가의 공포 지수인 CBOE 변동성지수(VIX)는 이날 23.55% 급등한 25.71을 기록했다. 이 지수는 장중 28을 돌파하기도 했다.   이같은 분위기 속에서 경제 성장과 관련된 종목들이 일제히 하락했다.   포드와 제너럴 모터스가 각각 4.63%, 3.82% 하락한 가운데, 보잉과 캐터필러 주가는 각각 1.81%, 4.48% 하락했다.   세계 경제에 대한 우려로 국제유가가 큰 폭으로 하락하면서 에너지주들도 약세를 보였다. 옥시덴탈 페트롤륨과 데본 에너지는 각각 5.42%, 5.41% 하락했고, 엑슨 모빌도 2.67% 하락했다.   국채금리 하락에 대형 은행주들의 주가도 큰 폭으로 하락했다. 뱅크오브아메리카와 JP모간체이스는 각각 3.44%, 3.00% 하락했고, 골드만삭스주가도 3.41% 떨어졌다.   대형 기술주 주가도 약세를 보였다. 애플이 2.14% 하락한 가운데, 테슬라와 엔비디아도 각각 3.87%, 3.60% 내렸다. 아마존 주가는 3.09% 하락했다.   다른 위험자산들도 이날 약세였다. 비트코인은 이날 10% 가까이 하락하며 4만3000달러대를 기록했다.        ━  항공주는 '고공행진'...""11월부터여행 제한조치 해제""  ━       여행 제한 조치가 해제된다는 소식에 항공주들은 상승했다. 이날 델타 항공과 아메리칸 항공은 각각 1.67%, 3.04% 올랐다.   미국이 11월부터 해외에서 입국하는 외국인에 대한 제한조치를 해제한다.   바이든 행정부는 코로나19 백신 접종 완료자가 해외에서 미국으로 입국 시 적용했던 제한조치들을 11월부터 해제할 계획이다.   이날 제프 젠츠 백악관 팬데믹 조정관은 ""코로나19 백신을 완전히 접종했다는 증거를 제공하는 외국인 여행객들은 11월 초부터 미국행비행기를 탈 수 있다""며 ""접종을 마친 여행객들은 미국에 오기 전 3일 이내에 코로나19 검사 음성 결과지를 제시해야 한다""고 밝혔다.   그는 ""국제 여행은 가족과 친구들을 연결하고 기업활동을 촉진하며, 아이디어의 개방적인 교류와 문화 홍보에 매우 중요하다""며 ""우리는 국내 미국인들의 안전을 지키면서 국제 항공 여행의 안전을 강화하는 새로운 국제 항공 여행 시스템을 개발했다""고 말했다.   미국은 최근 1년 이상 일부 유럽국가들과 이란, 중국 등지에서 미국으로 오는 외국인의 여행을 제한해 왔다.   백신을 접종하지 않은 해외 여행자들은 출발 하루 전 코로나19 검사를 받아 음성 결과를 제출해야 하고, 미국 도착 후 다시 검사를 받아야 한다.   미 질병통제예방센터(CDC)는 여행자들의 전화번호와 이메일 주소를 수집하도록 항공사들에게 요구할 것이고, 미 보건당국은 미국에 도착한 여행객들을 추적해 증상 등을 점검할 계획이다.   이번 조치는 보리스 존슨 영국 총리의 방문 하루 전에 전격적으로 이뤄졌다. 영국은 지난 6월 G7 정상회의 당시 조 바이든 미국 대통령이 규제조치 완화를 발표할 것으로 기대했으나 아무런 소식이 없었고, 이에 대해 크게 실망한 것으로 알려졌다.   유럽연합(EU)과 영국은 미국에서 온 백신 접종자에 대해 격리 없이 여행할 수 있도록 허용하고 있다.      이날 유가는 하락했다.   뉴욕상업거래소(NYMEX)에서 WTI(서부 텍사스산 원유) 10월 인도분은 배럴당 1.49달러(2.07%) 하락한 70.48달러로 거래를 마쳤다.   런던 ICE 선물거래소에서 오후 10시6분 기준 국제유가의 기준물인 11월분 북해산 브렌트유는 배럴당 1.26달러(1.67%) 내린 74.08달러를 기록중이다.   금 가격은 올랐다. 이날 뉴욕상품거래소에서 12월 인도분 금 가격은 전 거래일보다 온스당 13.30달러(0.76%) 오른 1764.70달러에 거래를 마쳤다.   달러화는 강세다. 이날 오후 5시8분 현재 뉴욕외환시장에서 달러인덱스(DXY)는 전날보다 0.05% 오른 93.24를 기록 중이다. 달러인덱스는 유로, 엔 등 주요 6개 통화를 달러화 가치를 지수화한 것이다.        [관련기사] ☞ ""삼촌네 왜 안와요? 엄마만 일하잖아요!"" 시조카가 따지네요 ☞ 타코에 커터칼 세조각 '끔찍'…""배달음식 먹다 입천장 베었다"" ☞ 곽민선 아나, 수원삼성 선수와 열애설…"" 경기 지는데 네 생각"" ☞ ""점점야위어가네""…고현정, 다이어트 성공 후 4개월 변천사 ☞ PC방 여직원 기절시켜 돈훔치고 몹쓸짓까지한 50대   뉴욕=임동욱 특파원 dwlim@mt.co.kr     ▶월 0.3%대 최저금리 적용, 키워드림론 간편 신청으로 수익 극대화하자 (신청하기)   빅 사이클 도래! 실적 발표 기대감! 단타, 중,장기를 모두 잡는 엄청난 종목의 등장! [클릭]   ▶급등임박 종목, 일단 뭔지 확인해보고 시작하자◀     [파워 인터뷰]       30배 박셀바이오, 20배 신풍제약, 그리고 '이바이오 종목'   ▶시세 분출 직전 ! 실적 상승 + 재료임박 + 외인대량매집중인 '이 종목' 긴급공개 ◀   기관 외인 바닥권 대량 매집흔적 발견! 급등 임박 大시세 종목 공개!!       <저작권자 ⓒ '돈이 보이는 리얼타임 뉴스' 머니투데이, 무단전재 및 재배포 금지>"
41,1,"2021-09-21","06:17:51","문대통령 ""유엔, 한반도 평화 지속 협조·성원해달라""","문대통령 ""유엔, 한반도 평화 지속 협조·성원해달라"" 유엔 사무총장 ""남북 유엔 동시가입 30년, 관계개선 계기되길""       (서울=연합뉴스) 김범현 임형섭 기자 = 제76차 유엔총회에 참석한 문재인 대통령은 20일 오후(현지시간) 미국 뉴욕 유엔사무국에서 안토니우 구테흐스 유엔 사무총장을 만나 한반도의 완전한 비핵화와 항구적 평화 정착을 위한 유엔의 지속적인 협조와 성원을 당부했다.      문 대통령은 이날 면담에서 구테흐스 사무총장이 한반도 문제 해결을 위한 한국 정부의 노력을 일관되게 지지해 온 데 대해 사의를 표하면서 이같이 밝혔다고 청와대가 전했다.      이에 구테흐스 사무총장은 남북이 유엔 동시가입 30주년을 맞은 올해 관계 개선의 계기가 되기를 바란다고 언급하고, 앞으로도 한국 정부와 긴밀히 협력해 나가겠다는 입장을 밝혔다.      또 문 대통령은 한국이 오는 12월 유엔 평화유지장관회의를 개최해 평화유지활동(PKO) 강화에 기여하고, 국제사회의 코로나19 회복, 기후변화 대응, 지속가능발전목표 달성에 적극적으로 역할하겠다는 뜻을 전달했다.      구테흐스 사무총장은 한국이 다양한 분야에서 글로벌 리더십을 발휘하고 있다고 언급하며 한국과 협력을 강화해 나갈 것을 희망했다.      아울러 문 대통령은 구테흐스 사무총장이 이날 오전 '지속가능발전목표 고위급 회의(SDG 모멘트)'에 방탄소년단(BTS)이 함께할 수 있도록 지원해 미래세대와 소통하는 노력을 보여줬다고 평가했다.       문 대통령과 구테흐스 사무총장의 면담은 이번이 여섯 번째다.      kbeomh@yna.co.kr  (끝)     <저작권자(c) 연합뉴스, 무단 전재-재배포 금지>"
41,2,"2021-09-21","06:16:44","민주당 호남 권리당원 투표 시작…“이재명 이냐, 이낙연 이냐”","오늘부터 5일간 호남 권리당원 투표   정세균 표심, 추미애 선전 ‘주목’   '이재명이냐, 이낙연 이냐'  [헤럴드경제(광주)=황성철 기자] 민주당 대선후보 경선의 최대 승부처로 꼽히는 호남권 투표가 오늘(21일)부터 시작돼 경선 판도를 가를 전망이다.  민주당은 오늘(21 일)부터 5일간 광주·전남 지역 권리당원을 대상으로 온라인 및 ARS 투표에 들어가고 내일(22일)부터는 전북 권리당원의 온라인·ARS 투표가 진행된다. 권리당원 투표 결과는 25일 광주·전남, 26일 전북 합동연설회에서 진행되는 대의원 현장투표 결과와 함께 차례로 공개된다.  민주당은 그동안 호남에서1위를 한 후보가 본선 티켓을 땄다. 호남의 권리당원은 전체의 28%인 20만 명에 이른다. 게다가 호남이 연고인 권리당원이 수도권 등 전국각지에 40%에 달한다. 따라서 호남의 경선 결과는 전체 경선 판도에 영향을 미칠 수 밖에 없어 각후보마다 ‘호남민심잡기’에 사활을 걸고 있다.  ‘대세론 굳히기’에 들어간 이재명 경기지사와 ‘안방 뒤집기’에 들어간 이낙연 전 대표간 정면 승부가 관전 포인트다. 또,전북이 고향인 정세균 전 국무총리의 표심과 추미애 전 장관의 선전여부도 관심사다.   호남권 경선 TV토론회  현재 이재명 지사는 지역순회경선과 슈퍼위크를 합쳐 누적 득표수 28만5856표로 2위 이낙연 전 대표(17만2790표)와 10만 표 이상 차이가 난다. 호남에서 9만 표 이상 획득하면 누적 득표수는 37만 표 이상이 돼 ‘매직넘버’ 카운트가 가능하다.  민주당 경선 선거인단은 216만명 이여서 결선투표없이 본선 진출이 이뤄지려면 투표율 70%를 기준으로 과반인 75만 명 정도의 지지를 얻으면 된다. 이 지사 측은 “호남에서도 1위를 차지해 사실상 승부를 판가름 지을 것이다”고 밝혔다.  ‘호남대전’을 앞두고 이낙연 전 대표는 국회의원직을 내던지는 등 모든 정치 일생을 걸고 있다. 호남지역경선에서 계기를 마련해야 ‘결선 투표’ 등 이 전 대표에게 기회가 올 수 있기 때문이다.  이 전 대표 측은 호남지역 경선에서 최소한 이 지사의 과반 득표를 저지하는 것은 물론 역전도 기대하고 있다. 이 전 대표 측은 “현재 지역민심이 이 대표로 돌아서고있다”며 “호남지역 경선에서 반전의 계기가 마련될 것이다”고 강조했다.  전북이 연고인 정세균 전 국무총리의 표심도 관심사이다. 각 후보마다 정 전 총리와의 인연을 강조하며 전북 민심 잡기에 나서고 있지만, 전북 민심은 대세론의 이 지사와 호남 주자인 이 전 대표를 두고 고심을 하고 있는 것으로 전해졌다.  1차 슈퍼위크에서 11.35%의 득표율로 돌풍을 일으킨 추미애 전 장관의 선전 여부도 주목된다. 호남이 전통적으로 진보·개혁 성향이 강해 추 전 장관의 선전 가능성도 나온다.  정치권은 “지역 민심은대세론의 이 지사와 지역 주자인 이 전 대표를 놓고 막판 저울질 하는 분위기다”며 “지역 권리당원과 대의원들은 ‘추석 밥상 민심’을 듣고 지지 후보를 결정할 것이다”고 전망했다.  민주당은 호남 경선에 이어 제주(10월1일), 부산·울산·경남(10월2일), 인천(10월3일), 경기(10월9일), 서울(10월10일) 순으로 현장투표를 이어간다."
41,3,"2021-09-21","06:15:01","LG전자 빈자리 노린다…한국시장 돌아오는 외산 중저가폰","LG전자 빈자리 노린다…한국시장 돌아오는 외산 중저가폰  구글·모토로라·HTC에 샤오미까지 삼성 '아성'에 도전장       (서울=연합뉴스) 조성흠 기자 = LG전자[066570]의 스마트폰 사업 철수 이후 중저가폰을 앞세운 외산업체들이 국내시장 복귀를 추진하고있다. 5G 서비스의 본격적인 대중화에 맞춰 삼성전자의 안방을 파고들겠다는 전략이다.       21일 모바일 업계에 따르면 최근 구글과 모토로라, HTC 등 외산 스마트폰 업체들이 국내 시장 재진출 준비를 서두르고 있다. 구글은 2015년 넥서스 시리즈를 마지막으로, 모토로라와 HTC도 2012~2013년 한국 시장에서 철수한 바 있다.      모토로라는 최근 한국 법인을 설립한 것으로 알려졌으며, 국립전파연구원으로부터 '모토 G50' 모델의 전파 인증도 획득했다.      다음 달 말 픽셀6 공개를 앞둔 구글은 국내에서 스마트폰 사업 관련 인력을 채용 중으로, 픽셀6의 국내 정식 출시 여부가 관심을 끌고 있다.      여기에 HTC도 스마트폰 영업과 사업 개발을 담당할 인력 채용에 나섰다.      이들 업체는 대부분 100만원 미만의 중저가 제품을 주력으로 하고 있다.      모토 G50은 해외에서 약 30만원에 팔리고 있고, 구글의 지난해 모델 픽셀5는 출고가가 약 80만원이었다. HTC 역시 5G 중저가 모델을 중심으로 시장을 넓혀가고 있다.      샤오미도 꾸준히 한국 시장을 두드리고 있다. 올해 3월 '레드미 노트10'에 이어 최근에는 이 모델의 5G 버전까지 30만원대로 선보였다.      이런 움직임은 무엇보다 LG전자의 빈자리가 계기가 됐다는 분석이 나온다.      국내 시장 점유율 10% 수준인 LG전자가 철수하면서 생긴 공백은 약 1조3천억원에 달한다고 시장조사업체 카운터포인트리서치는 추산했다.      외산업체로선 삼성과 애플이 양분한 플래그십 시장에선 역부족일 수 있어도, 중저가 시장에서 LG전자가 차지해온 영역을 공략한다면 어느 정도 승산이 있다고 판단했을 것으로 업계는 보고 있다.      5G 스마트폰이 본격적으로 대중화하고 알뜰폰과 자급제 스마트폰 시장이 성장하는 등 시장의 변화도 중저가 외산폰에 새로운 기회가 될수 있다는 관측이 제기된다.       다만 '외산폰의 무덤'으로 불리는 국내 시장에서 중저가 라인업 갤럭시A를 앞세운 삼성의 아성은 넘기 힘들 것이라는 전망도 여전하다.    외산 브랜드에 대한 소비자들의 인식이 저조한 점도 걸림돌이다. 올해 6월 한국갤럽 조사에서 LG전자 스마트폰 사용자의 절반 이상(54%) 이 향후 구매 의향이 있는 브랜드로 삼성전자를 꼽았다.      업계 관계자는 ""다양한 제품의 출시가 시장 경쟁을 활성화하고 소비자 선택권을 강화하는 효과가 있다""며 ""외산 브랜드가 스마트폰 성능과 가격을 다변화해 건전한 경쟁을 유도할 수 있길 바란다""고 말했다.      josh@yna.co.kr  (끝)     <저작권자(c) 연합뉴스, 무단 전재-재배포 금지>"
41,4,"2021-09-21","06:15:00","대관람차가 '63빌딩'만 해…한달 뒤 두바이에서 움직이는 250m 거인","[머니투데이 김주동 기자] [아인 두바이, 10월 21일 개장]   특이한 건축물들이 많은 아랍에미리트(UAE) 두바이에 세계 최고 및 최대의 대관람차가 등장한다. '아인 두바이'라는 이름이 붙은 이 관람차는 꼭 한달 뒤인 다음달 21일 운영을 시작한다.   아인 두바이와 미국 CNN에 따르면 '아인 두바이'는 높이 250미터(m)로 현재 세계 최고인 미국 라스베이거스 하이롤러(167.6m)보다82m가량 키가 크다. 한국 서울에 있는 63빌딩과 높이가 비슷하다.   인공섬 블루워터스 아일랜드에 자리잡은 아인 두바이는 2015년 5월부터 공사를 시작했으며 6년여 만에 사람들을 만나게 됐다.   크기가 큰 만큼 관람차가 한 바퀴 도는 시간도 길어 38분이 걸린다.   아인 두바이에는 48개 객실(캐빈)이 있으며 만석인 경우 총 1750명이 타게 된다.   객실은 일반 관람용뿐만 아니라 가운데에 바가 있는 형태도 있고, 코스요리를 즐길 수 있는 형태도 있다. 코스요리가 나오는 전용 룸 승객은2바퀴를 이용한다.   요금은 130디르함(4만2000원)부터 있으며, 업체 측은 이미 예약을 받고 있다.   CNN은 이 대관람차의 수명이 60년으로 총 30만 번 회전할 수 있다고 전했다. 이 건축물의 디자인을 맡은 영국 기업 WSP의 기술책임자 대런 브룩은 ""풍속 44m도 견딜 수 있고, 2475년에 한 번 있을 만한 지진도 견딜 수 있다""고 말했다.   관람차 크기가 큰 만큼 아인 두바이 대지 면적도 일반 관람차의 4배에 달하는 것으로 알려진다. 업체는 아인 두바이에 사용된 철재가 에펠탑보다 25% 많으며, 철재 무게만 9000톤이라고 밝혔다.       [관련기사] ☞ ""삼촌네 왜 안와요? 엄마만 일하잖아요!"" 시조카가 따지네요 ☞ 타코에 커터칼 세조각 '끔찍'…""배달음식 먹다 입천장 베었다"" ☞ 곽민선 아나, 수원삼성 선수와 열애설…"" 경기 지는데 네 생각"" ☞ ""점점야위어가네""…고현정, 다이어트 성공 후 4개월 변천사 ☞ PC방 여직원 기절시켜 돈훔치고 몹쓸짓까지한 50대   김주동 기자 news93@mt.co.kr     ▶월 0.3%대 최저금리 적용, 키워드림론 간편 신청으로 수익 극대화하자 (신청하기)   빅 사이클 도래! 실적 발표 기대감! 단타, 중,장기를 모두 잡는 엄청난 종목의 등장! [클릭]   ▶급등임박 종목, 일단 뭔지 확인해보고 시작하자◀     [파워 인터뷰]       30배 박셀바이오, 20배 신풍제약, 그리고 '이바이오 종목'   ▶시세 분출 직전 ! 실적 상승 + 재료임박 + 외인대량매집중인 '이 종목' 긴급공개 ◀   기관 외인 바닥권 대량 매집흔적 발견! 급등 임박 大시세 종목 공개!!       <저작권자 ⓒ '돈이 보이는 리얼타임 뉴스' 머니투데이, 무단전재 및 재배포 금지>"
41,5,"2021-09-21","06:13:12","올해 공정위 접촉횟수 1위는 삼성…김앤장은 482회 만났다","올해 공정위 접촉횟수 1위는 삼성…김앤장은 482회 만났다         (세종=연합뉴스) 차지연 이보배 기자 = 올해 공정거래위원회 직원과 가장 많이 접촉한 기업집단은 삼성으로 나타났다.      21일 공정위가 국회 정무위원회 소속 윤창현 의원에 제출한 국정감사 자료에 따르면, 삼성은 올해 1∼8월 공정위에 50회 접촉해 상위 15 개 대기업집단 가운데 가장 많았다. 삼성은 2018년과 2020년에도 접촉 횟수 1위를 기록한 바 있다.      이어 롯데(40회), SK(37회), KT(33회), LG(31회)가 2~5위였다.      납품업체 상대 갑질 혐의 등으로 공정위 조사를 받은 쿠팡은 20회 접촉하면서 6위에 올랐는데, 2018년 이후 접촉 상위 15개 기업집단에처음으로 이름을 올렸다.      이밖에 7∼15위는 GS, CJ, 현대백화점, 신세계, 효성, 한화, 대우조선해양, 현대자동차, 한진중공업 및 현대중공업이 자리했다.        기업의 소송을 대리하는 로펌과의 공정위 접촉은 더 잦았다.       김앤장 법률사무소는 올해 1∼8월 공정위에 482회 접촉한 것으로 집계됐다. 단순히 계산하면 하루에 두 번 꼴로 공정위 직원을 만났거나전화 통화를 한 셈이다.      다른 유명 로펌들의 접촉 횟수는 김앤장의 4분의 1 수준에 그쳤다.      법무법인 태평양 129회, 광장 123회, 화우 120회, 율촌 114회 등이었다.      조성욱 공정거래위원장은 올해 1∼8월 법령 문의, 강연 등 외부활동 등 총 5회 사건 외 관련으로 외부 접촉을 했다.      법령문의 관련 외부 접촉은 김재신 부위원장이 1회, 국장급 18회, 과장 이하가 213회였다.      강연 등 외부활동은 부위원장 3회, 사무처장 2회, 상임위원 4회, 국장급 10회, 과장 이하 15회였다.      공정위 직원들의 전체 외부인 접촉 수는 2018년 2천851건에서 2019년 5천420건으로 늘었다가 지난해 3천59건으로 줄었다. 올해 1∼8월 총 접촉 건수는 총 2천294건이었다.      공정위는 사건처리 과정의 공정성과 투명성 제고를 위해 '외부인 접촉관리규정'을 만들어 2018년 1월부터 시행하고 있다.      이에 따라 공정위 공무원은 ▲ 공시대상 기업집단에서 공정위 업무를 담당하는 임직원 ▲ 공직자윤리법상 취업심사대상 법무법인에 근무하는 변호사 등 법률전문조력자 ▲ 동 기업집단 및 법무법인에 취업한 공정위 퇴직자를 직접 만났거나 전화·문자 메시지 등을 통해 접촉한경우 감사담당관에 보고해야 한다. 대신 사건을 조사하기 위해 만난 것은 제외된다.      윤창현 의원은 ""코로나19 여파로 지난해 공정위 직원들의 외부 접촉 총량이 대폭 감소했고 올해는 다시 늘어나는 추세""라며 ""사건의 투명하고 공정한 처리를 위해 직원들의 접촉 기록은 빠짐없이 신고하되 조사품질 향상을 위해 전화나 영상회의 등을 활용한 소통 총량은 일정하게 유지해야 할 것""이라고 말했다.  ◇ 공정위 접촉 상위 15개 기업집단 ┌─────────────────────────────────────┐  │                               2021년 1∼8월                              │  ├─────────┬───────────────┬───────────┤  │       순위       │            집단명            │      접촉 횟수       │  ├─────────┼───────────────┼───────────┤  │        1         │             삼성             │          50          │  ├─────────┼───────────────┼───────────┤  │        2         │             롯데             │          40          │  ├─────────┼───────────────┼───────────┤  │        3         │             에스             │          37          │  │                  │             케이             │                      │   ├─────────┼───────────────┼───────────┤  │        4         │            케이티            │          33          │  ├─────────┼───────────────┼───────────┤  │        5         │             엘지             │          31          │  ├─────────┼───────────────┼───────────┤  │        6         │             쿠팡             │          20          │  ├─────────┼───────────────┼───────────┤  │        7         │            지에스            │          15          │  ├─────────┼───────────────┼───────────┤  │        8         │            씨제이            │          13          │  ├─────────┼───────────────┼───────────┤  │        9         │             현대             │          11          │  │                  │            백화점            │                      │  ├─────────┼───────────────┼───────────┤   │        9         │            신세계            │          11          │  ├─────────┼───────────────┼───────────┤  │        9         │             효성             │          11          │  ├─────────┼───────────────┼───────────┤  │        12        │             한화             │          10          │  ├─────────┼───────────────┼───────────┤  │        13        │             대우             │          9           │  │                  │           조선해양           │                      │  ├─────────┼───────────────┼───────────┤  │        14        │             현대             │          8           │  │                  │            자동차            │                      │  ├─────────┼───────────────┼───────────┤  │        15        │            한진,             │          7           │  │                  │             현대             │                      │   │                  │            중공업            │                      │  └─────────┴───────────────┴───────────┘   ◇ 공정위 접촉 상위 15개 법무법인 ┌─────────────────────────────────────┐  │                                2021년 8월                                │  ├─────┬───────────────────┬───────────┤  │   순위   │               법무법인               │         접촉         │  │          │                                      │         횟수         │  ├─────┼───────────────────┼───────────┤  │    1     │                김ㆍ장                │         482          │  │          │              법률사무소              │                      │  ├─────┼───────────────────┼───────────┤  │    2     │               법무법인               │         129          │   │          │                태평양                │                      │  ├─────┼───────────────────┼───────────┤  │    3     │               법무법인               │         123          │  │          │                 광장                 │                      │  ├─────┼───────────────────┼───────────┤  │    4     │               법무법인               │         120          │  │          │                 화우                 │                      │  ├─────┼───────────────────┼───────────┤  │    5     │               법무법인               │         114          │  │          │                 율촌                 │                      │  ├─────┼───────────────────┼───────────┤  │    6     │               법무법인               │         103          │  │          │                 세종                 │                      │  ├─────┼───────────────────┼───────────┤   │    7     │               법무법인               │          78          │  │          │                 바른                 │                      │  ├─────┼───────────────────┼───────────┤  │    8     │               법무법인               │          64          │  │          │                 지평                 │                      │  ├─────┼───────────────────┼───────────┤  │    9     │               법무법인               │          13          │  │          │               대륙아주               │                      │  ├─────┼───────────────────┼───────────┤  │    10    │               법무법인               │          9           │  │          │               케이씨엘               │                      │  ├─────┼───────────────────┼───────────┤  │    11    │               법무법인               │          5           │  │          │                  원                  │                      │   ├─────┼───────────────────┼───────────┤  │    12    │               법무법인               │          3           │  │          │                 한결                 │                      │  ├─────┼───────────────────┼───────────┤  │    13    │               법무법인               │          2           │  │          │                 동인                 │                      │  ├─────┼───────────────────┼───────────┤  │    14    │       클라스, 주원, 현, 로고스       │          1           │  ├─────┼───────────────────┼───────────┤  │    14    │       센트럴, 충정, 평안,한별        │          1           │  └─────┴───────────────────┴───────────┘  ※ 자료 : 윤창현 국민의힘 의원실       bobae@yna.co.kr   (끝)     <저작권자(c) 연합뉴스, 무단 전재-재배포 금지>"
41,6,"2021-09-21","06:12:56","세계 강대국, 유엔총회와는 별도로 만날 이란 - 프랑스","World powers, Iran to meet on sidelines of UN General Assembly - France .storyContent * {border-color:inherit !important;outline-color:inherit !important;}  뉴욕, 9월 20일 (로이터) - 프랑스의 장-이브 르 드리앙 외무장관은 월요일, 세계 강대국들과 이란이 이번 주 후반에 유엔에서 연례세계 정상들의 모임과 별도로 만날 것 같다고 말했다.   르드리안 대변인은 기자회견에서 ""미국이 탈퇴한 것을 제외하고 2015년 이란 핵합의 당사국들이 모두 참석하는 이번 회담은 6월 결렬된 후 재개될 협상을 위한 ""긍정적인 모멘텀""을 구축하기 위한 것""이라고 말했다.      (Reporting by Michelle Nicols; editing by John Irish)  john.irish@thomsonreuters.com ; 0033-1 49 49 53 42; ))     (c) Copyright Thomson Reuters 2020. Click For Restrictions - https://agency.reuters.com/en/copyright.html        Keywords: UN-FRANCE/LEDRIAN-IRAN (CORRECTED, URGENT)   원문 바로가기    DISCLAIMER  레피니티브의 사전, 서면 승인 없는 톰슨로이터 콘텐츠의 재생산이나 재배포는 금지되어 있습니다. 이 기사의 한국어 번역은 에프앤가이드가 사용하는 기계적 번역에 의한 것으로 톰슨로이터와 레피니티브는 번역의 정확성을 보증하지 않습니다."
41,7,"2021-09-21","06:12:25","""푸틴, 서방 식료품 금수 제재 내년까지 연장""…대러 제재 보복","""푸틴, 서방 식료품 금수 제재 내년까지 연장""…대러 제재 보복         (모스크바=연합뉴스) 유철종 특파원 = 러시아가 서방의 대러 경제 제재에 맞서 취한 서방 주요국 농수산물 및 식료품 수입 금지 조치를내년까지 다시 연장했다.      20일(현지시간) 인테르팍스 통신에 따르면 블라디미르 푸틴 러시아 대통령은 이날 서방 주요국 식료품 수입금지를 골자로 한 제재 조치를 2022년 1월 1일부터 12월 31일까지 연장토록 하는 대통령령에 서명했다.      해당 대통령령은 이날 러시아 법률 공시 사이트에 게재되면서 발효했다.      러시아는 2014년 8월 초 서방의 대러 제재에 대한 대응으로 유럽연합(EU) 회원국과 미국, 캐나다, 호주, 노르웨이 등의 농수산물 및 식료품 수입을 전면 금지하는 보복 제재를 가한 바 있다.      이에 따라 이들 국가의 육류, 소시지, 생선, 해산물, 채소, 과일, 유제품 등의 수입이 금지됐다.      2015년 8월부터는 알바니아, 몬테네그로, 아이슬란드, 리히텐슈타인 등이, 2017년 1월부턴 우크라이나가 제재 국가 목록에 추가됐다.      이에 앞서 서방은 지난 2014년 3월 러시아가 우크라이나에 속했던 크림반도를 병합한 데 대한 응징으로 대러 제재를 가한 뒤 잇따라 일련의 추가 제재를 도입해 계속 연장해 오고 있다.      cjyou@yna.co.kr  (끝)     <저작권자(c) 연합뉴스, 무단 전재-재배포 금지>"
42,1,"2021-09-21","06:03:00","김주하 AI 앵커와 함께하는 이 시각 주요 뉴스-9월 21일 오전 6시","▶ 추석 당일 귀경길 행렬이 시작되면서 전국 고속도로에서 교통 정체가 예상됩니다. 한국도로공사는 서울 방향 정체가 오후 3시쯤 절정에 이르렀다가 오후 8시 이후 해소될 것으로 전망했습니다.  ▶ 성남 대장지구 특혜 의혹 논란 속에 이재명 경기지사는 토건 기득권 해체를 선의에 맡기지 않고 제도화하겠다며 정면돌파 의지를 밝혔습니다. 야권 대선주자인 홍준표 의원은 대장지구를 직접 찾아 이재명 지사가 연루됐다면 감옥에 갈 일이라고 공격했습니다.    ▶ 뉴욕에 도착한 문재인 대통령이 UN이 주관하는 '지속가능 발전목표 모멘트' 행사에서  ""인류가 국경을 넘어 협력하는 것이야말로 위기 극복의 첫걸음""이라고 밝혔습니다. 대통령 특별사절로 임명된 그룹 방탄소년단(BTS)도 함께참석해 ""우리 세대는 잃어버린 세대가 아닌 환영받는 세대""라는 메시지를 전했습니다.    ▶ 북아프리카 서쪽 스페인령 카나리아제도의 라팔마섬에서 화산이 폭발해 주민 만 명이 긴급 대피했습니다. 용암이 수백 미터 높이로 분출해 마을을 덮쳐 주택 100여 채가 파손됐습니다.    ▶ 추석 당일인 오늘부터 전국이 대체로 흐리고 비가 내릴 예정입니다. 오늘 새벽부터 아침 사이 서울 등 서쪽 지방에 강한 비가 쏟아지겠고, 낮 동안에는 강원 등 동쪽 지방에 시간당 30~50mm의 국지성 호우가 예상됩니다.  ▶ 경찰, 화천대유 대표 소환 조사 ""수상한 자금…""   ▶ 신규 확진 일요일 최다…""점진적 증가가능성""   ▶ 북한, 한국 SLBM에 ""걸음마 단계"" 평가절하         네이버에서 'MBN뉴스'를 구독하세요! 김주하 앵커 'MBN 종합뉴스' 저녁 7시 20분 진행  MBN 무료 고화질 온에어 서비스 GO!"
42,2,"2021-09-21","06:03:00","김주하 AI 앵커와 함께하는 이 시각 주요 뉴스-9월 21일 오전 6시","▶ 추석 당일 귀경길 행렬이 시작되면서 전국 고속도로에서 교통 정체가 예상됩니다. 한국도로공사는 서울 방향 정체가 오후 3시쯤 절정에 이르렀다가 오후 8시 이후 해소될 것으로 전망했습니다.  ▶ 성남 대장지구 특혜 의혹 논란 속에 이재명 경기지사는 토건 기득권 해체를 선의에 맡기지 않고 제도화하겠다며 정면돌파 의지를 밝혔습니다. 야권 대선주자인 홍준표 의원은 대장지구를 직접 찾아 이재명 지사가 연루됐다면 감옥에 갈 일이라고 공격했습니다.    ▶ 뉴욕에 도착한 문재인 대통령이 UN이 주관하는 '지속가능 발전목표 모멘트' 행사에서  ""인류가 국경을 넘어 협력하는 것이야말로 위기 극복의 첫걸음""이라고 밝혔습니다. 대통령 특별사절로 임명된 그룹 방탄소년단(BTS)도 함께참석해 ""우리 세대는 잃어버린 세대가 아닌 환영받는 세대""라는 메시지를 전했습니다.    ▶ 북아프리카 서쪽 스페인령 카나리아제도의 라팔마섬에서 화산이 폭발해 주민 만 명이 긴급 대피했습니다. 용암이 수백 미터 높이로 분출해 마을을 덮쳐 주택 100여 채가 파손됐습니다.    ▶ 추석 당일인 오늘부터 전국이 대체로 흐리고 비가 내릴 예정입니다. 오늘 새벽부터 아침 사이 서울 등 서쪽 지방에 강한 비가 쏟아지겠고, 낮 동안에는 강원 등 동쪽 지방에 시간당 30~50mm의 국지성 호우가 예상됩니다.  ▶ 경찰, 화천대유 대표 소환 조사 ""수상한 자금…""   ▶ 신규 확진 일요일 최다…""점진적 증가가능성""   ▶ 북한, 한국 SLBM에 ""걸음마 단계"" 평가절하         네이버에서 'MBN뉴스'를 구독하세요! 김주하 앵커 'MBN 종합뉴스' 저녁 7시 20분 진행  MBN 무료 고화질 온에어 서비스 GO!"
42,3,"2021-09-21","06:02:24","초대형 올레드TV 급성장…80형대 2분기 출하량 작년의 35배","초대형 올레드TV 급성장…80형대 2분기 출하량 작년의 35배 LG전자 83형 판매 호조 영향  전체 TV 패널에서 올레드 패널 점유율도 5% 육박       (서울=연합뉴스) 서미숙 기자 = 글로벌 TV 시장의 초대형화가 대세로 자리잡은 가운데 80형 이상 유기발광다이오드(OLED) TV의 출하량이작년보다 큰 폭으로 늘어난 것으로 나타났다.      전체 TV 패널에서 OLED의 면적 기준 점유율도 역대 최대를 기록했다.      21일 시장조사업체 옴디아 집계에 따르면 올해 2분기 올레드 TV 출하량은 작년 2분기 대비 169.6% 늘어난 가운데, 80형 이상 올레드 TV출하량은 무려 3천497.4% 증가했다.      2분기 80형 이상 올레드 TV 출하량은 8천대 수준으로, 출하량 자체는 크지 않지만 성장 속도가 가파른 것이다. 옴디아는 내년도 80형 이상 올레드 TV 출하량이 올해의 두 배를 넘어설 것으로 보고 있다.          80형 올레드 TV의 선전은 LG전자가 올해 처음 출시한 83형 올레드 TV의 판매가 늘어난 덕이라는 게 업계의 설명이다. 종전까지 올레드 TV 가운데 80형대 제품은 88형 8K 올레드가 유일했는데 83형 올레드 출시로 초고가 올레드의 문턱을 낮추면서 신규 수요가 유입됐다는 분석이다.      올해 2분기 TV 패널 면적에서 OLED가 차지하는 비중도 4.8%를 기록하며 역대 최고치를 기록했다. 작년 2분기 OLED 패널의 점유율이 1.9% 에 불과했던 것을 감안하면 눈에 띄게 비중이 커진 것이다.      80형 이상의 선전은 최근 TV 시장의 대형화를 더욱 가속화할 전망이다. 지난 2분기 올레드 TV는 60형대 점유율(금액기준)이 전체의 37.3%를 기록하며 50형대(35.9%)를 제치고 1위를 차지했다.      특히 80형 이상 시장 점유율은 작년 2분기 0.6%에서 올해 2분기에 2.0%로 늘었다.      옴디아는 올해 글로벌 올레드 TV 시장이 지난해 대비 70% 가까이 성장하며 총 610만 대 정도가 팔릴 것으로 보고 있다. 다만 실제 판매량은 이 전망치를 뛰어넘을 수 있다고 업계는 기대한다.      업계는 올해 4분기 올레드 TV 판매량이 사상 처음으로 분기 200만대를 달성할 것으로 전망했다.      올레드 TV 급성장으로 LG전자의 TV 사업을 담당하는 H&E부문의 영업이익도 크게 개선되고 있다.      증권가는 올해 3분기 LG전자 H&E부문의 영업이익이 4천700억원에 달하는 등 연간 영업이익이 1조원을 넘어설 것으로 보고 있다.      sms@yna.co.kr   (끝)     <저작권자(c) 연합뉴스, 무단 전재-재배포 금지>"
42,4,"2021-09-21","06:01:58","미국 증권거래소-월가는 큰 폭의 매도로 큰 폭의 하락으로 마감한다.","US STOCKS-Wall Street ends sharply lower in broad sell-off .storyContent * {border-color:inherit !important;outline-color:inherit !important;}    뉴욕, 9월 20일 (로이터) - S&P 500과 나스닥은 중국 에버그란데의 잠재적 붕괴로 인한 전염 공포가 투자자들을 안전을 위해 비행 중에 주식에서 이탈하게 하면서, 월요일 월가는 S&P 500과 나스닥이 5월 이후 가장 큰 일일 하락을 겪고 있다.  나스닥지수도 약 한 달 만에 최저치를 기록했지만 지수들은 장 마감 직전 적자를 내며 장중 저점을 벗어났다. 나스닥지수는 장중 3% 이상 하락했다.  마이크로소프트 MSFT.O, 알파벳 Inc. GOOGL.O, Amazon.com Inc. AMZN.O, Apple Inc. AAPL.O, 페이스북 주식회사 FB.O 그리고 테슬라 주식회사 TSLA.O 나스닥과 S&P 500의 가장 큰 걸림돌 중 하나였다.  11개 주요 S&P 500 업종이 모두 낮았고, 에너지 등 경제 민감군도 있었다. .SPNY가장 많이 하락한 3%를 기록했다. 유틸리티를 포함한 방어 부문 .SPLRCU 가장 낮은 곳에 있었다.  이번 주 연방준비제도이사회(Fed·연준)의 정책회의를 앞두고 투자자들도 긴장했다.  은행업 하위 지수 .SPXBK 에버랜드 디폴트(채무불이행) 우려로 미 재무부 물가가 오른 가운데 2.9% 하락했다. 3333.HK 더 넓은 시장에 영향을미치는 것처럼 보였다.  웰스파고투자연구소의 선임 글로벌 시장전략가인 사메르 사마나는 ""시장에 불안감을 주는 무언가가 있었을 때매도가 더 커질 것이라는 것을 알고 있었고 그 이유가 무엇인지 알지 못했다""고 말했다.  ""중국 뉴스인가 보지만... 사람들이 얼마나 강세적이었는지를 감안할 때 완전히 놀라운 것은 아니다.""  실제 발표가 11월이나 12월 회의로 미뤄지는 것이 합의사항이지만 수요일 중앙은행이 테이퍼링을 위한 토대를 마련할 것으로 예상되는 연준의 정책회의 결과를 가져올 것이다.   다우존스 산업평균지수 .DJI 614.41포인트(1.78%) 내린 3만3970.47포인트, S&P 500으로 마감했다. .SPX 75.26포인트, 즉 1.70% 하락한 4,357.73과 나스닥 종합주가지수를 기록했다. .IXIC 330.07포인트(2.19%) 내린 14,713.90으로 마감했다.  다우지수는 7월 이후 가장 큰 폭의 일일 하락을 기록했고, CBOE 변동성 지수는 하락했다. .VIX월가의 공포 측정기로 알려진, 상승하였다.  S&P 500 지수는 현재 9월 2일 사상 최고치에서 약 4% 하락했다.  모건스탠리의 전략가들은 연준이 통화 지원을 풀기 시작하면서 S&P 500에서 10%의 수정을 기대한다며 경제 성장을 지연시킬 조짐이 이를 20%로 심화시킬 수 있다고 말했다.  대부분의 항공사들은 미국이 11월에 중국, 인도, 영국 및 기타 유럽 국가로부터 COVID-19 백신을 접종한 승객들에 대한 여행 제한을 완화할 것이라고 발표한 후 더 높은 수준으로 마감했다.   나스닥은 4.66 대 1의 비율로 발표자들을 선호했다.  S&P 500 지수는 52주 만에 최고치, 최저치 3개를 기록했는데 나스닥 종합지수는 23개, 최저치 193개를 기록했다.  미국 거래소 거래량은 122억4000만주로, 지난 20거래일 동안 전체 세션의 평균 98억9000만주와 비교된다.      (Reporting by Caroline Valetkevitch in New York; additional reporting by Devik Jain and Sagarika Jaisinghani in Bengaluru and by Noel Randewich in San Francisco; Editing by Sriraj Kalluvila and Lisa Shumaker)  caroline.valetkevitch@thomsonreuters.com     (c) Copyright Thomson Reuters 2020. Click For Restrictions - https://agency.reuters.com/en/copyright.html        Keywords: USA-STOCKS/ (UPDATE 8, PIX)   원문 바로가기    DISCLAIMER  레피니티브의 사전, 서면 승인 없는 톰슨로이터 콘텐츠의 재생산이나 재배포는 금지되어 있습니다. 이 기사의 한국어 번역은 에프앤가이드가 사용하는 기계적 번역에 의한 것으로 톰슨로이터와 레피니티브는 번역의 정확성을 보증하지 않습니다."
42,5,"2021-09-21","06:01:27","UPDATE 1-마이클 조던, 스포츠 도박 데이터 회사 스포트라다르에 대한 지분 상승","UPDATE 1-Michael Jordan raises stake in sports gambling data company Sportradar .storyContent * {border-color:inherit !important;outline-color:inherit !important;}  9월 20일(로이터) - 농구계의 거장 마이클 조던이 스포츠라다르 그룹 AG에 대한 투자를 늘릴 예정이다. SRAD.O 스포츠 도박 데이터 회사는 월요일 이 회사의 이사회의 특별 고문으로 활동할 것이라고 말했다.  그 회사의 주식은 연장 거래에서 3.4% 올랐다.   스위스에 본사를 둔 스포츠라다르는 올해 초 한 특수목적 인수 회사와의 합병 계획을 포기한 후 지난 주 최초 공개 제안 루트를 통해공개되었다.   동사는 요르단의 지분 증가에 대한 자세한 내용은 밝히지 않았지만 요르단의 자문 임무는 미국 시장과 제품 개발, 마케팅 활동을 중심으로 이뤄질 것이라고 말했다.   1990년대 시카고 불스와 함께 6번이나 NBA 챔피언을 차지한 조던은 스포츠라다르의 초기 투자자였다. 그는 또한 스포츠베팅 회사인 드래프트킹에 가입했다. DKNG.O 지난해 9월 특별보좌관 자격으로  Sportradar는 스포츠 리그, 베팅 운영자 및 미디어 회사에 가입 및 수익 공유 계약을 통해 소프트웨어, 데이터 및 콘텐츠를 제공한다. 고객사로는 드래프트킹, 트위터 등이 있다. TWTR.N 그리고 ESPN.        (Reporting by Uday Sampath in Bengaluru; Editing by Krishna Chandra Eluri)  UdaySampath.Kumar@thomsonreuters.com ; within U.S. +1 646 223 8780; Twitter: https://twitter.com/sampath_uday     (c) Copyright Thomson Reuters 2020. Click For Restrictions - https://agency.reuters.com/en/copyright.html        Keywords: SPORTRADAR-MICHAEL JORDAN/ (UPDATE 1)   원문 바로가기    DISCLAIMER  레피니티브의 사전, 서면 승인없는 톰슨로이터 콘텐츠의 재생산이나 재배포는 금지되어 있습니다. 이 기사의 한국어 번역은 에프앤가이드가 사용하는 기계적 번역에 의한것으로 톰슨로이터와 레피니티브는 번역의 정확성을 보증하지 않습니다."
42,6,"2021-09-21","06:01:13","레나사는 8월에 끝난 분기의 실적을 발표했다 - 수익 요약","Lennar Corp reports results for the quarter ended in August - Earnings Summary .storyContent * {border-color:inherit !important;outline-color:inherit !important;} * 레너 코퍼레이션 LEN.N 분기별 조정 수익 4.52달러? 8월에 끝난 분기의 주당. 이번 분기에 16명의 애널리스트가 예상한 평균 실적은 주당 3.27달러였다.  * 매출은 69억4000만달러로 1년 전보다 18.2% 증가했으며 분석가들은 68억6000만달러를 예상했다.   * 레나사의 보고에 따르면 이번 분기의 EPS는 4.52달러라고 한다.  * 분석가들의 평균 수익 추정치는 지난 3개월 동안 약 0.2% 하락했다.   * 지난 30일동안 한 분석가가 수익 추정치를 부정적으로 수정함   * 레나코퍼레이션의 주가는 이번 분기에 1.9% 상승했고 올해 들어 지금까지 32.9% 상승했다.  * 회사는 분기 순이익 14억1000만 달러를 보고했다.  * 월가의 레나 사의 12개월 평균 가격 목표는 $111.00이다.   * 현재 주식에 대한 평균 애널리스트 등급은 ""매수""로, 추천 등급은 ""강력 매수"" 또는 ""매수"" 10, ""보유"" 7, ""강력 매도"" 또는 ""강력 매도""가 없다.   이 요약은 9월 20일 09:01에 기계로 생성되었는가?달리 명시되지 않은 한 모든 수치는 미국 달러로 표시된다.     (c) Copyright Thomson Reuters 2020. Click For Restrictions - https://agency.reuters.com/en/copyright.html        Keywords: LENNAR-RESULTS/SUMMARY   원문 바로가기    DISCLAIMER  레피니티브의 사전,서면 승인 없는 톰슨로이터 콘텐츠의 재생산이나 재배포는 금지되어 있습니다. 이 기사의 한국어 번역은 에프앤가이드가 사용하는 기계적 번역에 의한 것으로 톰슨로이터와 레피니티브는 번역의 정확성을 보증하지 않습니다."
42,7,"2021-09-21","06:01:01","UPDATE 1-Chevrolet 볼트 EV 배터리 생산 재개","UPDATE 1-Chevrolet Bolt EV battery production resumes .storyContent * {border-color:inherit !important;outline-color:inherit !important;}   워싱턴, 9월 20일 (로이터) - 제너럴 모터스 사 GM.N 리콜된 쉐보레 볼트 전기차의 배터리 생산은 재개됐으며 다음 달부터 배터리 교체가 시작될 것이라고 21일 밝혔다.  GM, 공급사 LG 003550.KS 네덜란드와 미시간주 헤이즐파크에 있는 배터리 공장은 생산을 재개했고 LG는 GM에 더 많은 배터리 셀을 공급하기 위해 용량을 추가하고 있다.   지난주 13건의 화재가 보고된 후 배터리 문제로 볼트 전기차가 새로 리콜됨에 따라 미국 최대 자동차회사인 미시간주 조립공장의 폐쇄를 10월 중순까지 연장하겠다고 발표했다. GM은 월요일 언제 자동차 생산을 재개할 지에 대한 언급을 거절했다.   GM 주가는 발표 후 이전의 손실을 일부 만회해 3.8% 하락한 49.37달러에 마감했다.  GM은 8월 배터리 모듈을 교체하기 위해 14만 대 이상의 차량으로 볼트 리콜을 확대했는데, 현재 18억 달러로 추산되고 있다.그 자동차 회사는 LG에 변제를 요청하겠다고 말했다.  GM은 21일 배터리 모듈 교체는 이르면 10월 중순부터 딜러점에 출하될 것이라고밝혔다.  GM은 배터리 화재를 일으킬 수 있는 드문 상황의 근본 원인은 찢어진 양극과 접힌 분리기로 알려진 두 가지 제조상의 결함이라고 말한다.  GM은 LG가 새로운 제조 공정을 시행했으며 GM과 협력해 ""배터리가 앞으로 나아갈 수 있도록 품질 보증 프로그램을 검토하고 강화했다""고 밝혔다.  GM은 약 60일 안에 ""기존 지침보다 사용 가능한 배터리 충전 파라미터를 늘리는 첨단 진단 소프트웨어 패키지를출시할 것""이라고 밝혔다.  이 소프트웨어는 ""배터리가 손상되었음을 나타낼 수 있는 특정 이상""을 감지하도록 설계되었다.  GM은차주들이 충전 직후 계속해서 외부에 주차해야 하며 밤새 충전된 차량을 실내에 방치해서는 안 된다고 말했다.     (Reporting by David Shepardson; Editing by Aurora Ellis and Sonya Hepinstall)  David.Shepardson@thomsonreuters.com ; 2028988324; ))     (c) Copyright Thomson Reuters 2020. Click For Restrictions - https://agency.reuters.com/en/copyright.html        Keywords: GM-RECALL/ (UPDATE 1)   원문 바로가기    DISCLAIMER  레피니티브의사전, 서면 승인 없는 톰슨로이터 콘텐츠의 재생산이나 재배포는 금지되어 있습니다. 이 기사의 한국어 번역은 에프앤가이드가 사용하는 기계적 번역에 의한 것으로 톰슨로이터와 레피니티브는 번역의 정확성을 보증하지 않습니다."
43,1,"2021-09-21","06:00:00","[재미있는 오늘의 운세] 2021년 9월21일(화요일·음력 8월15일, 오늘의 띠별운세/생년월일 운세)","[재미있는 오늘의 운세] 2021년 9월21일(화요일·음력 8월15일, 오늘의 띠별운세/생년월일 운세)  * 가산사주연구소의 재미있는 오늘의 운세는 SNS 문화에 밝은 세대를 중심으로 재편하여 그 나이에 궁금한 점을 해소해 주는 데 중점을 두었다. 음과 양, 오행의 발달에 중점을 두고 분석했다. 대운, 연운, 격국, 합과 충 등은 고려할 수 없어 분석 자료로 활용하지 않았다. 말 그대로 재미로 보는 오늘의 운세다.   ◆ 쥐띠(子)  72년생 : 새로운 일이생긴다. 84년생 : 하는 일 마다 성공하겠다. 96년생 : 주위로부터 인정받겠다.   ◆ 소띠(丑)  61년생 : 보여주는 것이 좋겠다. 73년생 : 뜻대로 일이 풀려나가겠다. 85년생 : 기회가 다가오고 있겠다. 97년생 : 뜻밖의 일을 당하겠다.   ◆ 범띠(寅)  62년생 : 목표를 세우는 것이 중요하겠다. 74년생 : 어려운 일에봉착하겠다. 86년생 : 자신감을 갖는 것이 중요하겠다. 98년생 : 어렵게 일이 풀려가겠다.   ◆ 토끼띠(卯)  63년생 : 좋은 사람을 만나겠다. 75년생 : 일이 풀려나가기 시작하겠다. 87년생 : 화를 풀고 화해할 운세이겠다. 99년생 : 좋은 결과가 있겠다.   ◆ 용띠(辰)   64년생 : 단순하게 처리하는 것이 좋겠다. 76년생 : 바라보는 것이 좋겠다. 88년생 : 사랑하는 사람을 만나겠다. 00년생 : 양보하면 더 큰 이익이 생기겠다.   ◆ 뱀띠(巳)  65년생 : 갈등을 극복하겠다. 77년생 : 새로운 방법이 필요하겠다. 89년생 : 좋은 소식이 있겠다. 01년생 : 정답을 주는 사람을 만나겠다.   ◆ 말띠(午)  66년생 : 떠났던 사람이 다시 돌아오겠다. 78년생 : 큰 이익을 볼 수 있겠다. 90년생 : 뜻밖의 일을 당하겠다.   ◆ 양띠(未)  67년생 : 정때문에 돈이 생기겠다. 79년생 : 성과가 나타나겠다. 91년생 : 생각했던 것이 현실이 되겠다.   ◆ 원숭이띠(申)  68년생 : 변신의 폭을 크게 할수록 좋다. 80년생 : 무엇이든지 마음먹은 대로 풀려나가겠다. 92년생 : 새로운 일이 많이 생기겠다.   ◆ 닭띠(酉)  69년생 : 좋은 일이 생기겠다. 81년생 : 내 갈 길을 가야하겠다. 93년생 : 즐거운 일이 생기겠다.   ◆ 개띠(戌)  70년생 : 좋은 일이 많이 생기겠다. 82년생 : 뜻을 펼칠 수 있겠다. 94년생 : 그리움이 밀려오겠다.   ◆ 돼지띠(亥)  71년생 : 과정이힘들지만, 결과는 좋겠다. 83년생 : 좋은 인연을 만나겠다. 95년생 : 사랑하는 사람을 만나겠다.        ▶▶[무료 공개]◀◀ 지금 ""1,000만원""만 있어도 당장 ""이것""부터 사라!! >>> (무료 체험) ▶[급등임박 공개]◀ 2021년 상반기 “정부정책 수해주” TOP 10 긴급공개 >>> ( 바로확인) ▶역대급! 1,000% 셀트리온 뛰어넘을 외국인+기관 순매수 TOP3 (CLICK) ▶<세계최초>신약재료+美승인!! 1500%↑터질 역대급 바이오株 [종목확인하기]       저작권자(c) 글로벌리더의 지름길 종합뉴스통신사 뉴스핌(Newspim), 무단 전재-재배포 금지"
43,2,"2021-09-21","06:00:00","[재미있는 오늘의 운세] 2021년 9월21일(화요일·음력 8월15일, 오늘의 띠별운세/생년월일 운세)","[재미있는 오늘의 운세] 2021년 9월21일(화요일·음력 8월15일, 오늘의 띠별운세/생년월일 운세)  * 가산사주연구소의 재미있는 오늘의 운세는 SNS 문화에 밝은 세대를 중심으로 재편하여 그 나이에 궁금한 점을 해소해 주는 데 중점을 두었다. 음과 양, 오행의 발달에 중점을 두고 분석했다. 대운, 연운, 격국, 합과 충 등은 고려할 수 없어 분석 자료로 활용하지 않았다. 말 그대로 재미로 보는 오늘의 운세다.   ◆ 쥐띠(子)  72년생 : 새로운 일이생긴다. 84년생 : 하는 일 마다 성공하겠다. 96년생 : 주위로부터 인정받겠다.   ◆ 소띠(丑)  61년생 : 보여주는 것이 좋겠다. 73년생 : 뜻대로 일이 풀려나가겠다. 85년생 : 기회가 다가오고 있겠다. 97년생 : 뜻밖의 일을 당하겠다.   ◆ 범띠(寅)  62년생 : 목표를 세우는 것이 중요하겠다. 74년생 : 어려운 일에봉착하겠다. 86년생 : 자신감을 갖는 것이 중요하겠다. 98년생 : 어렵게 일이 풀려가겠다.   ◆ 토끼띠(卯)  63년생 : 좋은 사람을 만나겠다. 75년생 : 일이 풀려나가기 시작하겠다. 87년생 : 화를 풀고 화해할 운세이겠다. 99년생 : 좋은 결과가 있겠다.   ◆ 용띠(辰)   64년생 : 단순하게 처리하는 것이 좋겠다. 76년생 : 바라보는 것이 좋겠다. 88년생 : 사랑하는 사람을 만나겠다. 00년생 : 양보하면 더 큰 이익이 생기겠다.   ◆ 뱀띠(巳)  65년생 : 갈등을 극복하겠다. 77년생 : 새로운 방법이 필요하겠다. 89년생 : 좋은 소식이 있겠다. 01년생 : 정답을 주는 사람을 만나겠다.   ◆ 말띠(午)  66년생 : 떠났던 사람이 다시 돌아오겠다. 78년생 : 큰 이익을 볼 수 있겠다. 90년생 : 뜻밖의 일을 당하겠다.   ◆ 양띠(未)  67년생 : 정때문에 돈이 생기겠다. 79년생 : 성과가 나타나겠다. 91년생 : 생각했던 것이 현실이 되겠다.   ◆ 원숭이띠(申)  68년생 : 변신의 폭을 크게 할수록 좋다. 80년생 : 무엇이든지 마음먹은 대로 풀려나가겠다. 92년생 : 새로운 일이 많이 생기겠다.   ◆ 닭띠(酉)  69년생 : 좋은 일이 생기겠다. 81년생 : 내 갈 길을 가야하겠다. 93년생 : 즐거운 일이 생기겠다.   ◆ 개띠(戌)  70년생 : 좋은 일이 많이 생기겠다. 82년생 : 뜻을 펼칠 수 있겠다. 94년생 : 그리움이 밀려오겠다.   ◆ 돼지띠(亥)  71년생 : 과정이힘들지만, 결과는 좋겠다. 83년생 : 좋은 인연을 만나겠다. 95년생 : 사랑하는 사람을 만나겠다.        ▶▶[무료 공개]◀◀ 지금 ""1,000만원""만 있어도 당장 ""이것""부터 사라!! >>> (무료 체험) ▶[급등임박 공개]◀ 2021년 상반기 “정부정책 수해주” TOP 10 긴급공개 >>> ( 바로확인) ▶역대급! 1,000% 셀트리온 뛰어넘을 외국인+기관 순매수 TOP3 (CLICK) ▶<세계최초>신약재료+美승인!! 1500%↑터질 역대급 바이오株 [종목확인하기]       저작권자(c) 글로벌리더의 지름길 종합뉴스통신사 뉴스핌(Newspim), 무단 전재-재배포 금지"
43,3,"2021-09-21","06:00:00","파타고니아맥주, 환경 정화 활동 SNS 이벤트 실시","[파이낸셜뉴스] 아르헨티나 맥주 브랜드 파타고니아는 '월드 클린업 데이'를 맞아 환경 정화 활동 SNS 이벤트를 진행한다고 21일 밝혔다.  이벤트 참여 방법은 간단하다. '월드 클린업 데이' 공식 홈페이지에 이벤트 참여를 신청한 뒤 지정 해시태그와 함께 본인의 환경 정화 활동 모습을 오는 30일까지 인스타그램에 업로드하면 된다. 파타고니아는 이벤트 참가자에 한해 추첨을 통해 10명을 선정, 파타고니아의 친환경 키트를 배송할 예정이다. 이벤트에 대한 상세정보는 파타고니아 공식 인스타그램을 통해 확인 가능하다.  파타고니아 관계자는 ""자연에서 영감을 받아 맥주를 만드는 파타고니아는 지속가능한 친환경 문화를 정착하는데 기여하고자 전 세계적 환경 캠페인 '월드 클린업 데이'에 참여하게 됐다""며 ""앞으로도 쓰레기 배출을 줄이는 '제로 웨이스트(zero waste)' 등 일상 속에서 누구나 쉽게 동참할 수 있는 다양한 친환경 활동을 지속 펼칠 것이다""고 말했다.   nvcess@fnnews.com 이정은 기자  ▶1500% 가는 '제2의 HMM' 아직 5000원대 황금株, 급등 전 마지막 기회! [클릭] ▶“주식카톡방 완전무료 선언” 파격결정  [파이낸셜뉴스 주요뉴스]  → 남편과 사별한 여성, 자기 따라다니던 남자와 결혼했더니.. → ""팬티만 입으라는 지시 받았다"" 그의 소변에는... →모델 한혜진 ""전 남친, 방송서 男 출연자와 눈 보며 대화했다고.."" → '태아 머리가 보인다' 전주 女 사우나서 일어난 일 → 월급 150만원 39세 여성의 어머니 ""내 딸 정도면.."" → '주린이'가 먹어야 할 과일은? [파인애플]  ● 하루만에 高수익 챙길 ‘초대형’ 백신 대장株! 비밀리에 입수! 1200% ↑↑ (CLICK)  ▶▶[무료공개]◀◀ 지금 ""1,000만원""만 있어도 당장 ""이것""부터 사라!! >>> (무료 체험)   ※ 저작권자 ⓒ 파이낸셜뉴스. 무단 전재-재배포 금지 "
43,4,"2021-09-21","06:00:00","소방청, 국민안전 119초 영상 공모전","[파이낸셜뉴스] 소방청은 소방 안전에 대한 국민 공감대를 확산하기 위해 국민안전 119초 영상 공모전을 오는 11월 1일부터 15일간 개최한다. 21일 소방청에 따르면 이번 공모전에는 국민 누구나 참여할 수 있으며 소방·재난·안전에 관한 소재를 자유롭게 선택할수 있다. 공모 주제는 △안전사고 예방 대처(생활안전 행동수칙 등) △소방의 주요 정책 홍보(주택용 소방시설 설치, 소방시설 주변 주정차 금지, 소방차 길 터주기, 심폐소생술 보급 확대 등) △소방 및 소방관들의 주요 활동 △기타 재난안전과 관련된 내용 등이다.  개인 또는 팀 단위로 1개의 119초 이내의 동영상을 만들면 된다.  작품은 11월 1일부터 15일간 한국소방방송 사이트로 제출하면 된다. 접수된 작품은 전문가 심사를 거쳐 12월 중에 시상할 계획이다. 대상에는 소방청장상과 300만원의 상금이 수여된다.  최우수상 1편, 우수상 2편, 장려상 10편 등 총 14편을 선정할 예정이다.  수상작은 소방관련 교육·홍보 콘텐츠 제작때 소재로 활용된다.  공모전에 대한 자세한 사항은 소방청, 시청자미디어재단, 한국소방안전원 홈페이지에서 확인할 수 있다.  강대훈 소방청 대변인은 ""이번 공모전을 계기로 참신한 교육·홍보 콘텐츠가 공유되길 기대한다. 창의적인 아이디어를 가진 국민들의 많은 관심과 참여를 부탁드린다""고 말했다.     소방청 제공     skjung@fnnews.com 정상균 기자  ▶1500% 가는 '제2의 HMM' 아직 5000원대 황금株, 급등 전 마지막 기회! [클릭] ▶“주식카톡방 완전무료 선언” 파격결정  [파이낸셜뉴스 주요뉴스]  → 남편과 사별한 여성, 자기 따라다니던 남자와 결혼했더니.. → ""팬티만 입으라는 지시 받았다"" 그의 소변에는... →모델 한혜진 ""전 남친, 방송서 男 출연자와 눈 보며 대화했다고.."" → '태아 머리가 보인다' 전주 女 사우나서 일어난 일 → 월급 150만원 39세 여성의 어머니 ""내 딸 정도면.."" → 한주간 지친 나에게 디저트로 [파인애플]  ● 하루만에 高수익 챙길 ‘초대형’ 백신 대장株! 비밀리에 입수! 1200% ↑↑ (CLICK)  ▶▶[무료공개]◀◀ 지금 ""1,000만원""만 있어도 당장 ""이것""부터 사라!! >>> (무료 체험)   ※ 저작권자 ⓒ 파이낸셜뉴스. 무단 전재-재배포 금지 "
43,5,"2021-09-21","06:00:00","수도권매립지공사, 대한민국 지식대상서 행안부장관상 수상","슬러지자원화 2단계 시설 전경.   【파이낸셜뉴스 인천=한갑수 기자】 수도권매립지관리공사는 행정안전부가 주최하는 ‘제10회 대한민국 지식대상’에서우수기관으로 선정돼 행정안전부 장관상을 수상했다고 21일 밝혔다.   대한민국 지식대상은 전국 행정·공공·민간기관 중 지식행정·경영을 우수하게 수행한 기관에 수여되는 상으로, 올해 평가에는 중앙행정기관 7개, 지방자치단체23개, 공공기관 15개, 민간기업 3개 등 총 48개 기관이 응모했다.   수도권매립지관리공사는 이번 평가에서 내부 구성원들이 제안하고 학습하는 SL(Suggest-Learn) 지식경영 체계와 시민참여혁신단 등 외부의 혁신아이디어를 내재화하는 지식경영 체계를 구축한 점을 높게 평가 받았다.   특히 해당 지식경영 체계를 통해 발굴한 혁신아이디어로 하수슬러지 자원화시설의 연료를 LNG에서 자체 바이오가스로 대체함으로써 연간 153억원의 연료비용 절감과 3만4000CO₂t의 온실가스를 저감하는 일석이조의 효과를 거둔 점도 긍정적으로 평가 받았다.   신창현 수도권매립지관리공사 사장은 “학습하고 소통하는 지식경영문화가 일상 업무에 내재화돼 조직문화로 정착된 결과를 인정받은 것 같다. 앞으로도 학습·제안 중심의 지식경영을 더욱 발전시켜 나가겠다”고 말했다.  kapsoo@fnnews.com 한갑수 기자  ▶1500% 가는 '제2의 HMM' 아직 5000원대 황금株, 급등전 마지막 기회! [클릭] ▶“주식카톡방완전무료 선언” 파격결정  [파이낸셜뉴스 주요뉴스]  → 남편과 사별한 여성, 자기 따라다니던 남자와 결혼했더니.. → ""팬티만 입으라는 지시 받았다"" 그의 소변에는... → 모델 한혜진 ""전 남친, 방송서 男 출연자와 눈 보며대화했다고.."" → '태아 머리가 보인다' 전주 女 사우나서 일어난 일 → 월급 150만원 39세 여성의 어머니 ""내 딸 정도면.."" → '주린이'가 먹어야 할 과일은? [파인애플]  ● 하루만에 高수익 챙길 ‘초대형’ 백신 대장株! 비밀리에 입수! 1200% ↑↑ (CLICK)  ▶▶[무료공개]◀◀ 지금 ""1,000만원""만 있어도 당장 ""이것""부터 사라!! >>> (무료 체험)   ※ 저작권자 ⓒ 파이낸셜뉴스. 무단 전재-재배포 금지 "
43,6,"2021-09-21","06:00:00","""국민지원금·택배·백신접종 안내 가짜문자 주의보""","정부·카드사 사칭한 스미싱 문자 기승 결제사기 의심 문자땐 주소 클릭 말아야  [파이낸셜뉴스] #귀하는 국민지원금 대상자입니다. 신청하기를 클릭하세요. #지원금 신청이 접수되었습니다. 다시 한번 확인 부탁드립니다.  #상품 거래번호는 틀려서 보낼 수 없습니다. 앱다운로드 다시 확인해주세요  #우체국화물 반송 처리중 바로 확인 부탁드립니다  #[방역센터]방역증명서 발급완료, 개인정보 인증 바랍니다.   코로나 상생 국민지원금과 택배,백신 접종을 사칭하는 이같은 제목의 가짜 문자메시지(스미싱)가 늘고 있어 각별한 주의가 요구된다.  21일 행정안전부 등에 따르면 국민지원금 지급대상·금액 안내, 카드 사용 승인, 지원금 충전 등의 내용으로 정부·카드사를 사칭한 스미싱 사기가 증가하고 있다.  스미싱은 악성 앱 주소가 포함된 휴대폰 문자(SMS)를 대량 전송한 후 이용자가 악성 앱을 설치하거나 전화를 하도록 유도해 금융정보·개인정보 등을 탈취하는 것이다. 문자메시지(SMS)와 피싱(Phising)의 합성어다.  실제 카드사들은 이달초 국민지원금 지급 개시 이후, 카드사를 사칭한 스미싱 문자가 크게 늘고 있어 고객 민원도 속출하고 있다고 전했다.  카드사는 국민지원금 신청 관련 문자메시지를 보낼 때 인터넷주소(URL)를 첨부하지 않는다. 문자메시지에 URL이 첨부돼 있다면 스미싱으로 의심할 필요가 있다.  스미싱 문자는 금융·개인정보를 탈취하기 위해 URL 클릭을 유도한다.  명절 택배 배송으로 위장한 스미싱 문자도 기승이다. 관계 부처에 따르면 올해 1~8월 택배 사기 스미싱은 17만1391건으로 전체 스미싱 피해(18만4002건)의 93%를 차지했다.  추석 택배 스미싱 문자는 '택배 배송을 확인 중이니 배송지를 선택해 달라', '택배가 반송 처리된다며 주소를 확인해 달라'는 등이다.  이용자는 스미싱 피해 예방을위해 출처가 불분명한 안내문자 또는 정부·카드사를 사칭한 의심스러운 인터넷 주소가 포함된 문자를 받으면 한 번 더 유심히 살펴봐야 한다.  의심 문자라고 생각되면 클릭하지 말고 바로 삭제해야 한다.  택배 조회나 명절 인사, 모바일 상품권 등의 문자 속 출처가 확인되지 않은 인터넷주소(URL)나 전화번호를 클릭하지 말아야 한다.  특히 본인 인증, 재난지원금 및 백신예약 조회 등의 이유로 신분증 및 개인정보·금융정보를 요구하면 절대 알려주지 말아야 한다.  이용자들은 스미싱 의심 문자를 수신했거나 악성앱 감염 등이 의심되는 경우 24시간 무료로 운영하는 118상담센터(118)에서 상담받을 수 있다.  아울러 정부는 스마트폰 10대 보안수칙을 권고했다. △스마트폰 운영체제와 모바일 백신 최신으로 업데이트하기 △공식 앱 마켓 아닌 다른 출처 앱 설치 제한하기 △스마트폰 앱 설치 시 과도한 권한 요구하는 앱 설치하지 않기 △문자에 포함된 URL(인터넷주소) 클릭하지 않기 △스마트폰 보안잠금 이용하기 △와이파이 연결시 불분명한 공유기 이용하지 않기 △스마트폰 플랫폼 구조 임의변경 금지 △스마트폰에 중요 정보 저장하지 않기 △스마트폰 교체 시 데이터 삭제하기 △로그인 시 2단계 인증 설정하기 등이다.      정부는 스미싱 피해 예방을 위해 스마트폰 10대 보안수칙을 권고했다. 행정안전부 제공     skjung@fnnews.com 정상균 기자  ▶1500% 가는 '제2의 HMM' 아직 5000원대 황금株, 급등 전 마지막 기회! [클릭] ▶“주식카톡방 완전무료 선언” 파격결정  [파이낸셜뉴스 주요뉴스]  → 남편과 사별한 여성, 자기 따라다니던 남자와 결혼했더니.. → ""팬티만 입으라는 지시 받았다"" 그의 소변에는... → 모델 한혜진 ""전 남친, 방송서 男 출연자와 눈 보며 대화했다고.."" → '태아 머리가 보인다' 전주 女 사우나서 일어난 일 → 월급 150만원 39세 여성의 어머니 ""내 딸 정도면.."" → 주식 말고 다른 재테크가 궁금해? [파인애플]  ● 하루만에 高수익 챙길 ‘초대형’ 백신 대장株! 비밀리에 입수! 1200% ↑↑ (CLICK)  ▶▶[무료공개]◀◀ 지금 ""1,000만원""만 있어도 당장 ""이것""부터 사라!! >>> (무료 체험)   ※ 저작권자 ⓒ 파이낸셜뉴스. 무단 전재-재배포 금지 "
43,7,"2021-09-21","06:00:00","文대통령 ""격려해주고 격려받는 명절 되길""...추석 인사","靑 20일 오후 추석 인사 영상 공개 ""내달 접종완료율 세계 앞서갈 것""     [서울=뉴시스] 문재인 대통령과 김정숙 여사가 19일 오후 뉴욕 유엔총회 참석을 위해 출국하기 전 기내에서 추석 명절 인사를 촬영하고 있다. (사진=청와대 제공) 2021.9.20. photo@newsis.com *재판매 및 DB 금지 <저작권자ⓒ 공감언론 뉴시스통신사. 무단전재-재배포 금지.> /사진=뉴시스화상  [파이낸셜뉴스] 문재인 대통령은 20일 ""올해는 서로 격려해주고 격려받는 명절이 되길 바란다""고 밝혔다.  문 대통령은 이날 오후 청와대가 공개한 '추석 인사' 영상에서 ""명절을 잘 보내자고 하기도 어려울 만큼 힘든 분이 많다""며이같이 말했다.  문 대통령은 또 ""어려워도 가족 간, 이웃 간의 사랑은 줄지 않는다""고 강조했다.  함께 추석 인사를 전한 김정숙 여사도 ""가족은 언제나 든든하다""며 ""힘든 나날 속에서도 둥근 달은 변함없이 동산에 뜨고, 가족을 사랑하는 마음도 그대로다""라고 했다. 이어 ""따뜻한 마음과 응원의 말로 서로의 마음을 품다 보면 사랑도 더 커질 것""이라며 ""예년 같지는 않더라도 더 밝고 환한 내일을 기대하면서 모두가 즐겁고 행복한 시간을 보내시길 바란다""고 희망했다.     (서울=뉴스1) = 문재인 대통령과 김정숙 여사가 19일 오후 뉴욕 유엔총회 참석을 위해 미국으로 출국 전 전용기 안에서 추석 명절 인사를 영상으로 전하고 있다. (청와대 제공)2021.9.20/뉴스1 /사진=뉴스1화상  문 대통령은 '일상 회복'에 대한 기대감도 나타냈다.  문 대통령은 ""큰 산 하나를 넘어 추석을 맞이하게 되었다. 국민들께 약속한 추석 전 백신 1차 접종률, 70%를 달성해 조금이나마 걱정을 덜 수 있게 되었다""며 ""다음 달이면 접종 완료율도 세계에서 앞서가게 될 것이고, 우리는 점차 일상을 되찾게 될 것""이라고 힘주어 말했다.  그러면서 ""힘들어도 조금만 더힘을 내시기 바란다""며 ""애써주신 의료진과 방역진, 인내로 이겨오신 국민들께 감사드린다""고 고마움을 전했다.  김 여사도 ""가족과 이웃을 사랑하는 마음이 우리나라 백신 접종 속도를 빠르게 올렸다""며 ""아직은 어려운 상황이지만 가족을 믿고, 이웃과 더 많이 나누면 좋겠다. 함께하는 마음으로 차분하게 대응해온 만큼, 결실도 값질 것""이라고 기대했다.  문 대통령은 끝으로 ""한가위 보름달은 사람들의 소원을 들어준다""며 ""저희 부부는 국민 한 분 한 분의 건강과 안전을 빌겠다. 유엔 총회를 무사히 마치고 더 큰 희망과 함께 돌아오겠다""고 약속했다.     fnkhy@fnnews.com 김호연기자  ▶1500% 가는 '제2의 HMM' 아직 5000원대 황금株, 급등 전 마지막 기회! [클릭] ▶“주식카톡방 완전무료 선언” 파격결정  [파이낸셜뉴스 주요뉴스]  → 남편과 사별한 여성, 자기 따라다니던 남자와 결혼했더니.. → ""팬티만 입으라는 지시 받았다"" 그의 소변에는... → 모델 한혜진 ""전 남친, 방송서 男 출연자와 눈 보며 대화했다고.."" → '태아 머리가 보인다' 전주 女 사우나서 일어난 일 → 월급 150만원 39세 여성의 어머니 ""내 딸 정도면.."" → 한주간 지친 나에게 디저트로 [파인애플]  ● 하루만에 高수익 챙길 ‘초대형’ 백신 대장株! 비밀리에 입수! 1200% ↑↑ (CLICK)  ▶▶[무료공개]◀◀ 지금 ""1,000만원""만 있어도 당장 ""이것""부터 사라!! >>> (무료 체험)   ※ 저작권자 ⓒ 파이낸셜뉴스. 무단 전재-재배포 금지 "
44,1,"2021-09-21","05:55:23","바이든 백스, 자금조달 법안에 채무제한 유예 포함 계획","Biden backs plan to include debt limit suspension in funding bill .storyContent * {border-color:inherit !important;outline-color:inherit !important;} 워싱턴, 9월 20일 (로이터) - 조 바이든 미국 대통령은 월요일, 민주당 지도자들이 정부 셧다운을 피할 수 있는 이달 말까지 채무 한도를 법안에 포함시키는 계획을 지지한다고 말했다.     (Reporting by Eric Beech; Editing by Mohammad Zargham)  eric.beech@thomsonreuters.com ; 202-898-8322; Reuters Messaging: eric.beech.reuters.com@reuters.net     (c) Copyright Thomson Reuters 2020. Click For Restrictions - https://agency.reuters.com/en/copyright.html        Keywords: USA-DEBT/LIMIT-BIDEN (URGENT)   원문 바로가기    DISCLAIMER  레피니티브의 사전, 서면 승인 없는 톰슨로이터 콘텐츠의 재생산이나 재배포는 금지되어 있습니다. 이 기사의 한국어 번역은 에프앤가이드가 사용하는 기계적 번역에 의한 것으로 톰슨로이터와 레피니티브는 번역의 정확성을 보증하지 않습니다."
44,2,"2021-09-21","05:54:49","[사진]유엔에서 희망 메시지 전하는 방탄소년단","[뉴욕로이터=뉴스핌]김근철 기자=그룹 방탄소년단이 20일(현지시간) 미국 뉴욕 유엔본부에서 열린 '제2차 지속가능발전목표 고위급 회의(SDG 모먼트)' 개회 세션 연설을 통해 전세계 청년들에게 희망의 메시지를 전달하고 있다. 2021.09.21 kckim100@newspim.com     kckim100@newspim.com    ▶▶[무료공개]◀◀ 지금 ""1,000만원""만 있어도 당장 ""이것""부터 사라!! >>> (무료 체험) ▶[급등임박 공개]◀ 2021년 상반기 “정부정책 수해주” TOP 10 긴급공개 >>> (바로확인) ▶역대급! 1,000% 셀트리온 뛰어넘을 외국인+기관 순매수 TOP3 (CLICK) ▶<세계최초>신약재료+美승인!! 1500%↑터질 역대급 바이오株 [종목확인하기]       저작권자(c) 글로벌리더의 지름길 종합뉴스통신사 뉴스핌(Newspim), 무단 전재-재배포 금지"
44,3,"2021-09-21","05:54:39","에어로센츄리(ACY) 영업이익 적자축소","에어로센츄리(ACY) 영업이익 적자축소  9월20일, 에어로센츄리(ACY, 뉴욕증권거래소)는 2021년 6월기준으로 실적을 발표함(잠정실적).  1) 에어로센츄리 주요실적   - 매출액 :   - 영업이익 : -319.4만달러(적자축소)   - 당기순이익 : -319.8만달러(적자축소)   - 주당순이익(EPS) : -2.07$(적자축소)  (*증감률은  기준임)  2) 에어로센츄리 재무비율과 투자지표   - EPS(주당순이익) : -2.07$    * 이용상의 주의 사항  금융시장의 변동에 따라 실적 발표 일정과 공시는 지속적으로 변동됩니다. 본 서비스는 미국 실적 공시를 실시간 데이터화 하여 제공함에 있어 공시의 오류, 데이터 수집 프로세스상의 에러 및 지연 등 다양한 서비스상의 오류와 지연이 있을 수 있습니다. 본 서비스를 이용함에 있어 그 이용에 따르는 책임은 이용자 본인에게 있으며, 어떠한 거래 손실이나 다른 손실에 대해서도 책임지지 않습니다."
44,4,"2021-09-21","05:54:18","UPDATE 1-Lennar가 강력한 가정 수요에 대한 매출 추정치 최고치, 공급 문제 경고","UPDATE 1-Lennar tops revenue estimates on strong home demand, warns of supply issues .storyContent * {border-color:inherit !important;outline-color:inherit !important;}  9월 20일(로이터) - 레나르 코퍼레이션 LEN.N 월가의 분기별 수익률 전망치 1위를 차지하며 수요 증가와 집값 상승의 수혜를 입었지만 미국 2위의 주택건설업체는 주택건설업계에 공급망 과제에 대해 경고했다.  미국인들이 홈오피스와 홈스쿨링을 위한 더 넓은 숙소를 찾으면서 주택에 대한 수요는 대유행 초기에 급증했지만, 주택 부족과 공급망 병목 현상으로 인해 가격이 급격히 상승했다.  스튜어트 밀러 레나르 최고경영자(CEO)는 ""3분기 동안 우리 회사와 주택산업 전반에 걸쳐 전례 없는 공급망 도전이 계속됐으며 이는 가까운 미래에도 계속될 것으로 보인다""고 말했다.   ""주택시장은 수요가 제한적 공급량을 계속 앞지르면서 현재 환경에서 강세를 보이고있는 것으로 증명됐다.""  향후 수익을 나타내는 지표인 수주액은 분기 1만6277가구로 4.6% 증가했다. 3분기 주택 배달량은 1만3842대에서 1만5199대로 늘었다. 배달된 주택의 평균 가격은 42만 8천 달러로 8% 올랐다.  품목을 제외하고 레나르는 주당 3.27달러를 벌었다.  8월 31일 마감된 분기의 순이익은 111% 증가한 14억1000만 달러로 주당 452달러를 기록했다.   Refinitv 데이터에 따르면 매출은 69억4000만 달러로 분석가들의 평균 추정치인 68억7000만 달러보다 18.2% 증가했다.     (Reporting by Sanjana Shivdas in Bengaluru;Editing by Vinay Dwivedi)  SanjanaSitara.Shivdas@thomsonreuters.com ; within U.S. +1 646 223 8780, outside U.S. +91 80 6749 1642; Twitter: https://twitter.com/SanjanaShivdas; ))     (c) Copyright Thomson Reuters 2020. Click For Restrictions - https://agency.reuters.com/en/copyright.html        Keywords: LENNAR-RESULTS (UPDATE 1, PIX)   원문 바로가기    DISCLAIMER  레피니티브의 사전, 서면 승인 없는 톰슨로이터 콘텐츠의 재생산이나 재배포는 금지되어 있습니다. 이 기사의 한국어 번역은 에프앤가이드가 사용하는 기계적 번역에 의한 것으로 톰슨로이터와 레피니티브는 번역의 정확성을 보증하지 않습니다."
44,5,"2021-09-21","05:53:50","WTI/브렌트 스프레드 폭이 넓어짐에 따라 혼합된 미국 캐시 원유-코스트 등급","U.S. Cash Crude-Coastal grades mixed as WTI/Brent spread widens .storyContent * {border-color:inherit !important;outline-color:inherit !important;} 9월 20일 (로이터) - 미국 해안 원유 등급이 월요일 혼재되었다고, 미국 원유 선물과 브렌트 원유 사이의 확산이 확대되면서 딜러들이 말했다.  걸프 코스트의 새로운 벤치마크로 여겨지는 화성은 비록 거래는 없었지만 금요일보다 더 강력한 수준으로 입찰되어 제공되었다. 이 등급은 셸이 멕시코의 화성만 연안 플랫폼이 1분기까지 풀서비스로 돌아가지 않을 것이라고 말한 이후 지지를 찾았다.   미국 최대의 멕시코만 산유국인 로열 더치셸은 허리케인 아이다로 인한 해상 운송 시설 손상이 내년 초까지 감소해 정유사들이 소중히 여기는 원유의 종류가 줄어들 것이라고 말했다.  쉘은 지난달 미국 멕시코 만을 관통해 전체 2700만 배럴을 시장에서 제거한 아이다의 가장 큰 타격을 입은 생산업체였다. 계속되는혼란은 아시아 바이어들이 인기 있는 걸프만 등급의 대체품을 찾으면서 수출 활동에 지장을 주고 전세계적으로 원유가격을 상승시켰다.  WTI MEH로 알려진 루이지애나 라이트 스위트(LLS), 이스트 휴스턴 WTI 등 다른 해안 등급은 8월 30일 이후 미국 원유와 브렌트 간 확산이 가장 크게 확대되면서 지지를 받았다. CLc1-LCOc1  일반적으로 확산이 확대되면 미국 내 연계성적이 외국 바이어에게 더 매력적으로다가온다.   모비스타 엔터프라이즈는 24일(현지시간) 텍사스주 포트아더에서 하루 60만7000배럴의 휘발유를 생산하는 유체 촉매 크래커(FCC)를 재가동했다고 공장운영에 정통한 소식통이 밝혔다.   한편 오클라호마주 쿠싱의 저장고 재고량은 9월 17일로 일주일 새 230만 배럴 감소했다고 트레이더들이 우드 매켄지 자료를 인용해 보도했다.      * 라이트 루이지애나 스위트 WTC-LLS 10월인도분 30센트가 떨어져 40센트가 되었고 미국 원유 선물에 배럴당 30센트에서 50센트가 거래되었다. CLc1.   * 마스 사워 WTC-MRS 1.25달러가 올라 미국 원유 선물에 대한 배럴당 50% 할인이 중간 수준으로 올랐으며 미국 원유 선물에 대한 1.00달러 할인과 동등하게 제시되었다.   * WTI 미들랜드 WTC-WTM 5센트가 올라 50센트가 되었고 미국 원유 선물에 배럴당 40센트에서 60센트가 되었다. CLc1.   * 웨스트텍사스 사우어 WTC-WTS 15센트 오른 65센트 중반으로 미국 원유 선물에 배럴당 55센트에서 75센트로 거래됐다. CLc1.   * MEH라고도 알려진 이스트 휴스턴의 WTI, WTC-MEH WTI보다 1.00달러에 거래되었다.  * ICE 브렌트 11월 LCOc1 선물은 배럴당 1.42달러 떨어진 73.92달러에 거래됐다.  * WTI 10월 원유 CLc1 선물은 배럴당 70.29달러로 1.68달러 하락했다.  * 브렌트/WTI 확산 WTCLc1-LCOc1 26센트를 더 벌려 마이너스 3.78달러에 거래를 마쳤으며, 마이너스 3.48달러와 최저 마이너스 3.85달러를 기록했다.     (Reporting by Stephanie Kelly and Devika Krishna Kumar in New York; Editing by Cynthia Osterman)  Stephanie.Kelly@thomsonreuters.com ; 646-223-4471; Reuters Messaging: stephanie.kelly.thomsonreuters.com@reuters.net     (c) Copyright Thomson Reuters 2020. Click For Restrictions - https://agency.reuters.com/en/copyright.html        Keywords: USA-CRUDE/CASH   원문 바로가기    DISCLAIMER  레피니티브의 사전, 서면 승인 없는 톰슨로이터 콘텐츠의 재생산이나 재배포는 금지되어 있습니다. 이 기사의 한국어 번역은 에프앤가이드가 사용하는 기계적 번역에의한 것으로 톰슨로이터와 레피니티브는 번역의 정확성을 보증하지 않습니다."
44,6,"2021-09-21","05:53:25","BRIFT-Robinhood 테스트 오랫동안 기다려온 Crypto Wallet 기능 - 블룸버그 뉴스","BRIEF-Robinhood Testing A Crypto Wallet Feature In Long-Awaited Move - Bloomberg News .storyContent * {border-color:inherit !important;outline-color:inherit !important;} 9월 20일 (로이터) -   오랫동안 기다려온 움직임에서 암호지갑 기능을 테스트하는 로빈후드 - 블룸버그 뉴스      Further company coverage: HOOD.O  Reuters.Briefs@thomsonreuters.com        (c) Copyright Thomson Reuters 2020. Click For Restrictions - https://agency.reuters.com/en/copyright.html   원문 바로가기    DISCLAIMER  레피니티브의 사전, 서면 승인 없는 톰슨로이터 콘텐츠의 재생산이나 재배포는 금지되어 있습니다. 이 기사의 한국어 번역은 에프앤가이드가 사용하는 기계적 번역에 의한 것으로 톰슨로이터와 레피니티브는 번역의 정확성을 보증하지 않습니다."
44,7,"2021-09-21","05:53:12","외부검토 결과 세계은행 '기업하기' 순위에서 더 깊은 부패 발견","External review finds deeper rot in World Bank 'Doing Business' rankings .storyContent * {border-color:inherit !important;outline-color:inherit !important;}  워싱턴, 9월 20일 (로이터) - 세계은행이 맹렬한 독립 조사 끝에 주요 기업 순위를 폐지하기 몇 주 전에, 한 그룹의 외부 자문위원들은 ""점수 조작""을 위한 국가들의 노력을 제한하기 위해 순위를 전면 개편할 것을 권고했다.  전 콜롬비아 재무장관 등 원로 학계와 경제학자들이 작성한 84쪽 분량의 리뷰가 세계은행(World Bank) 수석 이코노미스트 카르멘 라인하트에게 제출된 지 약 3주 만인 21일 은행 홈페이지에게재됐다.   세계은행은 목요일에 그렇게 할 것이라고 말했다. cancel the ""Doing Business"" series 국가 경제 상황에 대해, 내부 감사와 현재 국제통화기금을 이끌고 있는 크리스탈리나 게오르기바를 포함한 세계은행 고위 지도자들이 세계은행 총재 재임 기간 동안 중국에 우호적인 데이터를 변경하도록 직원들에게 압력을 가했다는 것을발견했다.  게오르기바는 강한 힘을 가지고 있다. denied 연구 결과  24일 발간된 이번 리뷰는 중국 사우디아라비아 아랍에미리트(UAE) 아제르바이잔 등에 대한 내부 감사 결과 자료 비리가 잇따라 드러나자 2020년 12월 세계은행이 모인 한 단체가 작성한 것이다.  그것은 과거 몇 년 동안의 보고서에 대한 채점을 ""방해하기 위한 정부의 노력 패턴""을 언급하면서, 사업 수행 보고서의 ""방법론적 무결성""을 다루기 위한 일련의 개선 조치와 개혁을 요구한다.  전문가들은 '사업하는 중' 시리즈가 순위를 산출하는 데 사용되는 기초 데이터와 설문지에 대한 투명성이 부족하고, '사업하는 중' 팀과 다른 세계은행 운영 사이의 방화벽이 필요하며, 영구적인 외부 검토 위원회를 만들도록 요구했다고 비난했다.  보고서는 ""국가정부가 개인 기여자에게 압력을 행사해 DB점수를 조작하려 한 사례가 다수 보고됐다""고 변호사, 회계사 등 전문직 종사자를 지목했다.  ""세계은행 직원들은 정부 관리들이 기부자들에게 어떻게 대응해야 할지를 지시했다고 믿는 몇몇 나라들을 언급했다. 그리고 정부의 노골적인 압박이 없는 상황에서도 당연히 보복의 인식된 위협은 기여자들이 보고하는 점수에 영향을 줄 수 있다.""  저자들은 또한 은행이 한 나라의 점수 향상을 목표로 하는 정부들에 대한컨설팅 서비스의 판매를 중단할 것을 요구하면서 명백한 이해 상충을 구성했다고 언급했다.  저자들은 ""세계은행이 점수 향상 방법에 대해 국가 코칭에 지불하는 것을 받아들이면서 동시에 채점국들의 비즈니스 환경에 관여해서는 안 된다""고 썼다. 세계은행은 중국, 사우디아라비아 등 데이터 조작 조사에 연루된 일부 국가들을 포함해 다수의 국가에서 이러한 '허용 가능한 자문 서비스' 즉 RAS를 제공했다고 이 보고서는 밝혔다.   2020년 12월 한 내부감사는 은행 경영진이 2018~2020년 다잉비즈니스지수(Doing Business Index) 이슈에서 직원 15명중 9명에게 데이터 조작을 압박해 사우디가 전 세계적으로 '가장 개혁적인' 지위로 올라섰고, 아랍에미리트와 중국의 순위가 상승하는 한편아제르바이잔은 t에서 떨어졌다고 보고했다.op 10 순위는 외부 자문위원들이 보고했다.     (Reporting by Andrea Shalal; Editing by Heather Timmons and Grant McCool)  andrea.shalal@tr.com ; +1 202-815-7432; ))     (c) Copyright Thomson Reuters 2020. Click For Restrictions - https://agency.reuters.com/en/copyright.html        Keywords: WORLDBANK-ETHICS/REPORT (PIX)   원문 바로가기    DISCLAIMER  레피니티브의 사전, 서면 승인 없는 톰슨로이터 콘텐츠의 재생산이나 재배포는 금지되어 있습니다. 이 기사의 한국어 번역은 에프앤가이드가 사용하는 기계적 번역에 의한 것으로 톰슨로이터와 레피니티브는 번역의 정확성을 보증하지 않습니다."
45,1,"2021-09-21","05:41:18","최대 1억 달러의 혼합 쉘프를 위한 BRIENT-Integrity 애플리케이션 파일","BRIEF-Integrity Applications Files For Mixed Shelf Of Upto $100 Mln .storyContent * {border-color:inherit !important;outline-color:inherit !important;} 9월 20일(로이터) - 무결성 애플리케이션 Inc. IGAPD.PK:  최대 1억 달러의 혼합 쉘프용 파일을 포함하는 무결성 애플리케이션(초 단위 파일링)   Further company coverage: IGAPD.PK  Reuters.Briefs@thomsonreuters.com        (c) Copyright Thomson Reuters 2020. Click For Restrictions - https://agency.reuters.com/en/copyright.html   원문 바로가기    DISCLAIMER  레피니티브의 사전, 서면 승인 없는톰슨로이터 콘텐츠의 재생산이나 재배포는 금지되어 있습니다. 이 기사의 한국어 번역은 에프앤가이드가 사용하는 기계적 번역에 의한 것으로 톰슨로이터와 레피니티브는 번역의 정확성을 보증하지 않습니다."
45,2,"2021-09-21","05:41:00","다음달 두바이에 런던아이 2배 크기 관람차 문 연다","- 세계 최대 크기 크기 관람차로 기네스북에 등재 예정 - 일정 지연되며 완공에 8년 소요…10월21일 개장 - 코로나 재확산에 당분간 관광 특수 기대는 어려울 듯    ▶'2차전지'의 신흥강자! 대규모 공급계약 체결! 800% 극비리 재료株  [이데일리 장영은기자] 세계에서 가장 크고 높은 대관람차 ‘아인 두바이’가 다음달 21일 개장한다. 관람차의 탑승칸에서는 간단한 코스 식사와 생일파티까지 할 수 있다.           다음달 개장하는 세계 최대 크기의 대관람차 ‘아인 두바이’. (사진= AFP)    아랍에미리트(UAE) 두바이의 인공섬 블루워터섬에 건설된 아인 두바이의 높이는 250m가 넘는다. 현재 세계에서 가장 높은 관람차인 미국 라스베가스의 하이 롤러보다 82m 높다. 영국 런던의 템즈강변에 있는 런던아이(135m)의 거의 두 배에 가까운 크기다.  운영을 시작할 경우 ‘세계에서 가장 큰’, ‘세계에서 가장 높은’ 관람차로 기네스 기록에 등재될 예정이다. 한바퀴를 도는 데는 38분 가량 소요된다.   아인 두바이는 48개의 탑승칸으로 이뤄져 있다. 이 중 일부는 최대 40명의승객이 한번에 탈 수 있다. 다만, 현재는 코로나19 대유행으로 수용인원이 제한돼 한 탑승칸에 최대 10명까지 탑승할 수 있다.   아인 두바이에 따르면 각 탑승칸의 크기는 나란히 늘어선 2층 버스보다 크다. 아인 두바이의 수석 기술 책임자 대런 브룩은 CNN과의 인터뷰에서“아인 두바이는 두바이에서 가장 안전한 곳”이라며 “병원 수준으로 지진에 대비해 설계했고 시속 100마일의 폭풍에도 대비하도록 설계됐다”고 설명했다.  이 거대한 관람차를 만드는 데 사용된 강철은 1만1200톤(t)으로, 프랑스 파리 에펠탑을 세우는데 사용된 양보다 약 33% 많다. 구조물 허브와 스핀들 무게는 1805t으로 대형 여객기 A380 4대와 비슷하다.   탑승칸은 세가지로 구분되는데, 관람만을 위한기본형부터 라운지와 음료를 제공하거나 저녁식사와 비즈니스 미팅을 할 수 있는 유형도 있다.   이미 공식홈페이지를 통해 예약 티켓을 판매하고 있으며 가격은 130AED(약 4만2000원)부터이다.   두바이 정부는 아인 두바이가 관광지로서의 두바이의 매력을 높일 것으로 기대하고 있으나 코로나19 상황으로 당분간은 여의치 않을 것이라는 전망이다.   하메드 샤라프 두바이 홀딩 엔터테인먼트 최고운영책임자(COO)는 “두바이는 선구적인 프로젝트와 랜드마크로 명성이 자자한 여행과 관광 분야의 선두주자”라며 “아인 두바이는 두바이가 새로운 세계적 고지를 달성해 핵심 국제 관광지로서의 경쟁력을 더욱 높이기 위해 개발한 수많은 혁신적 이니셔티브 중 하나”라고 강조했다.   한편, 아인 두바이는 2013년 2월 처음 건설 계획을 발표해 완공까지 8년 이상 걸렸다. 2015년 5월 처음 공사를 시작했을 때는 완공 예정일이 2019년 초중반이었으나, 2차례 연기한 끝에 다음달 개장하기로 했다.      (사진= AFP)       ※ 주식은 매도가 생명!! 팔기 전 AI비서에게 물어봐!!  ▶ <세계최초>신약재료+美승인!! 1500%↑터질 역대급 바이오株 (종목확인)  ▶1500% 가는 '제2의 HMM' 아직 5000원대 황금株, 급등 전 마지막 기회! [클릭]  ▶▶[무료 공개]◀◀ 지금 ""1,000만원""만 있어도 당장 ""이것""부터 사라!! >>> (무료 체험)  ▶▶주식전문가들의 상승, TOP3 ""테마株"" 종목확인! 선착순 무료! [클릭]         ＜ⓒ종합 경제정보 미디어 이데일리 - 무단전재 & 재배포 금지＞    "
45,3,"2021-09-21","05:40:53","BRIF-Orbital Energy Group의 자회사, 버지니아에서 차터 통신에 의한 추가 통신 프로젝트 수주","BRIEF-Orbital Energy Group's Subsidiary Awarded Additional Telecom Project By Charter Communications In Virginia .storyContent * {border-color:inherit !important;outline-color:inherit !important;} 9월 20일(로이터) - 궤도 에너지 그룹 Inc.:  오비탈 에너지 그룹 자회사, 깁슨 기술 서비스, 버지니아에서전세 통신에 의한 추가 통신 프로젝트 수여    Further company coverage: CHTR.O  Reuters.Briefs@thomsonreuters.com        (c) Copyright Thomson Reuters 2020. Click For Restrictions - https://agency.reuters.com/en/copyright.html   원문 바로가기    DISCLAIMER  레피니티브의 사전, 서면 승인 없는 톰슨로이터 콘텐츠의 재생산이나 재배포는 금지되어 있습니다. 이 기사의 한국어번역은 에프앤가이드가 사용하는 기계적 번역에 의한 것으로 톰슨로이터와 레피니티브는 번역의 정확성을 보증하지 않습니다."
45,4,"2021-09-21","05:40:34","대출 만기일이 추석 연휴라면?…이자 없이 자동 연장","- 이자납입도...이달 23일로 자동 연장 - 카드결제 등 자동납부요금 23일 일괄 출금 - 정기예금, 연휴 기간 만큼 이자 더해 받어    ▶'2차전지'의 신흥강자! 대규모 공급계약 체결! 800% 극비리 재료株  [이데일리 황병서 기자] 올 추석은 주말을 붙여 5일 연휴이다. 누군가에겐 꿀맛 같은 휴식이겠지만 또 다른 누군가에겐 대출금을 갚아야 하는 상황일 수 있다. 그렇다면 대출 만기와 카드 대금납입 일이 연휴 중에 돌아왔다면 상환과 이자는 어떻게해야하는 것일까. 정기예금과 적금 만기 또한 돌아왔다면 해지 또는 연장은 어떻게 될까.     (사진=이미지투데이)  추석 연휴기간에 대출 만기가 돌아와도 걱정할 필요가 없다. 금융회사(은행·보험·저축은행·카드 등)의 대출 만기가 공휴일인 경우 연휴가 끝나는 다음 영업일로 자동 연장되기 때문이다. 즉 이달 18일부터 22일 사이 만기가 도래한 대출은 23일로 만기가 자동 연장된다. 만기가 연장된 만큼 연체 이자를 낼 필요도 없다.  이자납입도이와 유사하다. 추석 연휴 기간 이자를 갚아야 하는 날이 와도 납입 일이 다음 영업일로 자동 연장된다. 이달 23일 이자를 갚아도 정상적으로 처리된다.  카드 결제 대금과 보험료·통신료 등 자동납부 요금은 오는 23일 일괄 출금 처리된다. 적용된다. 카드대금의 경우 이 기간의 연체료를 부담할 필요가 없다. 다만 요금 청구기관과 납부자와의 별도 약정이 있는 경우 다른 영업일에 출금될 수 있다.  반면 은행 정기예금이나 적금 등 이자가 추석 연휴에 들어오는 상황이면 오는 23일에 연휴 기간 일 수만큼 이자를 더해 받을 수 있다. 주식 매도대금은 추석연휴 이후인 9월 23~24일 지급된다. 예컨대 9월17일 주식을 매도하면 돈을 받는 날은 9월21일이 아닌 9월24일이다.     ※ 주식은 매도가 생명!! 팔기 전 AI비서에게 물어봐!!  ▶ <세계최초>신약재료+美승인!! 1500%↑터질 역대급 바이오株 (종목확인)  ▶1500% 가는 '제2의 HMM' 아직 5000원대 황금株, 급등 전 마지막 기회! [클릭]  ▶▶[무료 공개]◀◀ 지금 ""1,000만원""만 있어도 당장 ""이것""부터 사라!! >>> (무료 체험)  ▶▶주식전문가들의상승, TOP3 ""테마株"" 종목확인! 선착순 무료! [클릭]         ＜ⓒ종합 경제정보 미디어 이데일리 - 무단전재 & 재배포 금지＞    "
45,5,"2021-09-21","05:40:01","NATGAS 파이프라인 중요 공지: 테네시 가스 파이프라인 현재 파이프라인 상태 - 파이프라인 상태","NATGAS PIPELINE CRITICAL NOTICE: Tennessee Gas Pipe Line current pipeline conditions - pipeline conditions  ((이것은 다음에서 제공하는 중요 통지의 말 그대로의 텍스트 입니다.송유관 운영자에게 발송인으로 보내십시오.그 정보는 독립적으로 만들어진 것이 아니다.로이터 통신에 의해 검증되었다. 이 항목에 따라 뉴스 스토리가 뒤따를 수 있다.사건이 작전에 미치는 영향의심각성에 대해. ))     회사 이름: 테네시 가스 파이프 라인     통지유형 설명: 현재 파이프라인 상태 - 파이프라인 상태     게시일: 9/20/2021     유효일: 09/20/2021     종료 날짜: 12/31/2049     게시 텍스트:     2021년 9월 20일 가스데이 유효 2주기(18:00)테네시 주의 제한 사항: 작동 흐름 주문(OFO) 및불균형STA 9 남쪽 모든 지역에 대해 일일 위험일 1일 경고모든 균형 당사자를 위한 시스템 외부 및 시스템 제공 부족또한 월별 중요 1일 초과 배송에 대한 구역 4 모두LMPA 및 SA 균형 당사자 제한 시스템/STA 834 (세그먼트 834)BH) - 다음을 초과하는 공천으로 인해 SOP가 약 96% 증가함운영 용량; 44,258 Dths · MLV 548 (세그먼트 542 BH) - 100%를 통해예정된 유지보수 및 후보 선정으로 인해 SOP가 증가합니다.작동 용량; 11,916 Dths/Atmos Ky/TGP Harrodsburg Ky Boyle 전달미터 (핀 420028) - SIPps의 약 3%까지 증가운용능력 초과; 251 Dths · STA 114 East (세그먼트 114 BH) -예정된 유지보수 및 추천으로 인해 SIPps의 100% 증가를 통해작동 용량 초과; 8,487 Dths · MLV 217 (세그먼트 217 BH) - ~운영상의 문제로 인해 SOP가 100% 증가함; 2,500 D/STA 307(세그먼트)307 BH) - 예정된 유지보수로 인해 SOP가 100% 증가할 때까지운영 용량을 초과하는 지명; 14,705 Dths · MLV 314 East(세그먼트 314 BH) - 의 추천으로 인해 SOP의 약 99% 증가운영 용량 초과; 9,035 Dths· STA 315 (세그먼트 315 BH) - ~운영 범위를 초과하는 후보로 인해 SOP가 약 78% 증가함용량; 36,803 Dths · MLV 355(세그먼트 355 BH) - SOP 100% 증가운영상의 문제로 인해 989 Dths · MLV 230(세그먼트 230 BH) - 100%까지불가항력으로 인한 SOP 증가; 216 Dths/Z5HC 노스(세그먼트 299FH)예정된 유지보수 및 추천으로 인해 SOP가 100% 증가함운영 용량 초과; 64,350 D/STA 245 (세그먼트 245 FH) - ~예정된 유지보수및 의 추천으로 인해 SOP가 약 74% 증가함작동 용량 초과; 130,169 Dths/AgT/TGP Mendon Mass Tie OverWorche Delivery Meter (핀 420285) - SOP 수신량의 약 72% 증가백홀에 사용할 수 없는 변위 가스 때문에; 10,520 D/MLV 273 (세그먼트)284 FH) - 다음을 초과하는 후보로 인해 SOP가 100% 증가함운영 용량; 27,887 Dths LinePack 제한 사항의 투자 회수 지원STA 9 남쪽의 모든 지역의 파이프 및 파이프에 대한 투자 회수지명구역 4는 각 사이클에서 평가되며 작동 가능한 경우에만 예약됩니다.실현 가능한 스토리지 제한 TGP Bear Creek의 계정에서 전송 안 함추후 통지가 있을 때까지 SNG Bear Creek Storage(460017)(IS-PA, FS-PA)에 보관하십시오.SNG Bear Creek 스토리지에서 TGP Bear Creek 스토리지(460017)로의 전송파트너 승인이 있는 (IS-PA, FS-PA) 스토리지 서비스 하에서 허용됩니다.**시스템 밸런싱 및/또는 이로 인해 최종 볼륨이 변경될 수 있음에 유의하십시오.확인 감소. **다음에서 운영 중단 및 유지 관리 일정 확인 가능아래 하이퍼링크를 통해 액세스할 수 있는EXCEL 스프레드시트 및 Adobe 형식공지/계획된 서비스 중단. 문의 사항이 있으시면 다음 연락처로 문의해 주십시오.스케줄러.        자세한 내용은 다음 사이트를 참조하십시오. http://pipeline2.kindermorgan.com/Notices/NoticeDetail.aspx...   원문 바로가기    DISCLAIMER  레피니티브의 사전, 서면 승인 없는 톰슨로이터 콘텐츠의 재생산이나 재배포는 금지되어 있습니다. 이 기사의 한국어 번역은 에프앤가이드가 사용하는 기계적 번역에 의한 것으로 톰슨로이터와 레피니티브는 번역의정확성을 보증하지 않습니다."
45,6,"2021-09-21","05:40:00","""아프리카·인문학·손발노동""...윤석열, 돌풍 재현할 돌파구는","[머니투데이 김성휘 기자] [[추석은 대선]윤석열 후보]   윤석열 전 검찰총장이 잇단 '실언' 논란을 극복하고 재도약할 수 있을까.   윤 전 총장은 지난 3월 대선주자로 등장하자마자 야권 1위로 화제를 모았다. 그로부터 6개월, 대선출마선언(6월29일)부터는 석 달여 지난 현재 정체 국면이다. 검증이슈, 각종 의혹제기 등 외부요인도 있다. 게다가 스스로 내뱉은 발언과 그 후폭풍도 주요 원인이다.   추석연휴 윤 전 총장 반등세를 보여주는 여론조사가 있기는 하다. 그러나 중도층 확장이나 2030 세대 지지확보 등 그가 원래 구상했을 전략은 스텝이 꼬인 측면이 있다. 윤 전 총장이 여러 논란을 뒤로 하고 전열을 재정비할지 시선이 쏠린다.        ━  ""손발노동, 아프리카나..""  ━     그는 지난 13일 경북 안동대학교 대학생들과 청년 일자리를 주제로 간담회를 했다. 그는 ""기업이라는 게 국제 경쟁력이 있는 기술로 먹고 산다""며 ""사람이 이렇게 뭐 손발로 노동을하는, 그렇게 해서 되는 게 하나도 없다""고 했다.   이어 ""그건(손발 노동) 인도도 안 한다. 아프리카나 하는 것""이라고 말했다.   그는 '노동유연화' 필요성을 설명하면서 ""사실 임금에 큰 차이가 없으면 비정규직과 정규직이 큰 의미가 있느냐""며 ""요즘 젊은 사람들은 특히 한 직장에 평생 근무할 생각이 없다""고 말했다.   공학과 자연과학을 강조하려다 인문학을 낮춰 보는 듯한 말도 했다. 윤 전 총장은 ""공학, 자연과학 분야가 취업하기 좋고 일자리 찾는데 굉장히 필요하다""며 ""지금 세상에서 인문학은, 그런 거(공학·자연과학) 공부하면서 병행해도 된다""고 언급했다.   윤 전 총장은 7, 8월에도 '말실수'와 '쩍벌'(다리를 벌리고 앉는 습관)로 '1일1구설'이란 수식어를 얻었다.당시 터져 나온 게 '주 120시간 노동 발언', '부정식품 발언', '남녀 교제를 막는 페미니즘 발언', '후쿠시마 원전 발언' 등이다.       ━  120시간, 부정식품, 후쿠시마  ━     그는 7월 매일경제와 인터뷰에서 스타트업 청년의 의견을 전달하며 ""게임하나 개발하려면 한 주에 52시간이 아니라 일주일에 120시간이라도 바짝 일하고, 이후에 마음껏 쉴 수 있어야 한다""고 말했다.   경제학자 밀턴 프리드먼의 저서 '선택할 자유'를 인용하며 ""정말 먹으면 사람이 병 걸리고 죽는 거면 몰라도, 그렇지 않은 부정식품이라면 없는 사람들은 그 아래 것도 선택할 수 있게, 더 싸게 먹을 수 있게 해 줘야 한다""고 말했다.   유연하고 탄력적인 노동시장의 필요성, 과도한 규제와 단속은 피해야한다는 점을 강조하는 취지이기는 했다. 하지만 노동환경, 식품, 건강 등 국민 삶에 직결된 현안에 대한 철학이 국민인식과 동떨어진 것 아니냔 지적을 피할 수 없었다.   부산일보와 인터뷰에서는 문재인정부의 에너지전환정책, 즉 탈원전 기조를 비판하려다 일본 후쿠시마 원전이 폭발하지 않았으며 ""방사능 누출도 기본적으로 없었다""고 말했다. 페미니즘이 건전한 이성교제를 저해한다는 취지의 언급도 구설에 올랐다.       ━  ""충격적"" ""큰 실수"" 집중견제  ━     이달에도 설화는 이어졌다. 그는 지난 8일, 국회에서 이른바 '고발 사주' 의혹에 대해 해명하며 ""앞으로 정치 공작을 하려면 인터넷 매체나 재소자, 의원면책특권 뒤에 숨지 말고 국민이 다 아는 메이저 언론을 통해서, 누가 봐도 믿을 수 있는 신뢰 가는 사람을 통해서 문제를 제기했으면 좋겠다""고 말했다. 이는 인터넷 매체나 중소 미디어를 폄하하는 걸로 비쳤다.   여당은 물론, 같은 당인 국민의힘에서도 홍준표 의원, 유승민 전의원 등 대선주자들이 일제히 이런 발언을 비판했다. 이재명 경기지사는 17일 ""윤석열 후보에겐 가난하거나 육체노동을 하는 국민은 아무렇게나 취급받아도 되는 존재인지 묻고 싶다""며 자신은 ""노동자의 손발을 귀하게 여기겠다""고 말했다.   홍준표 의원은 ""인터넷 언론"" 발언에 대해 ""검찰총장의 버릇""이라며 큰 실수를 했다고 말했다. 유승민 전 의원은 헌법을 인용하며 윤 전 총장 발언을 비판해 왔다.   그의 말이 '실수'라기보다는 각종 현안에 대한 인식이나 세계관을 드러냈다는 지적도 나왔다. 이낙연 전 더불어민주당 대표는 ""선택의 자유를 이유로 힘없는 사람들의 건강권을 경시해도 된다는 충격적인 인식""이라고 말했다.   그러는 사이 윤 전 총장은 야권 부동의 1위 자리에서 내려왔다. 같은 당의 경쟁자인 홍준표 의원이 떠올라 '2강' 구도가 됐다.       ━  野 적합도 1위 내줘.. 전열정비  ━     추석 연휴는 윤 전 총장에게 숨고르기를 하면서 반전을 모색할 시간이다. 그는 고발 사주 의혹을 포함, 자신을 향한 공세를 막아내는 가운데 당 경선후보 TV토론을 준비한다.   머니투데이가 한국갤럽에 의뢰, 전국 성인남녀 1007명(신뢰수준 95% 오차범위 ±3.1%포인트)에게 지난 13~14일 조사한 결과에 따르면 ' 차기 대통령으로 누가 좋다고 생각하느냐'는 질문에 이 지사 29.3%, 윤 전 총장 22.7%, 홍 의원 15.5%로 나타났다. 국민의힘 후보 적합도에서는 홍 의원이 32.6%로 윤 전 총장(27.5%)에 오차범위 이내에서 앞섰다.(15일 발표)   윤 전 총장은 17일 발표된 한국갤럽 '차기 정치 지도자 주요 인물별 호감도' 조사에선 30%를 얻었다. 더불어민주당의 이재명 경기도지사(34%)에 이은 2위다. 28%의 홍준표 의원을 3위로 밀어냈다. 단 18~29세 남성 응답자 47%가 홍 의원에게 '호감 간다'고 응답한 반면 윤 전 총장은 여기서 22%를 얻었다. 윤 전 총장의 경쟁력과 함께 약점도 그대로 드러낸 셈이다.   윤 전 총장은 7월31일 조사에서 국민의힘 입당 컨벤션 효과를 톡톡히 누렸다. 하지만 8월9일 한국사회여론연구소(KSOI)가 TBS 의뢰로 실시한'차기 대선후보 적합도' 조사에서 전주보다 4%포인트(p) 떨어진 28.3%를 얻었다.   자세한 조사결과는 중앙선거여론조사심의위원회 홈페이지를 참조하면 된다.     [관련기사] ☞ ""삼촌네 왜 안와요? 엄마만 일하잖아요!"" 시조카가 따지네요 ☞ 타코에 커터칼 세조각 '끔찍'…""배달음식 먹다 입천장 베었다"" ☞ 곽민선 아나, 수원삼성 선수와 열애설…"" 경기 지는데 네 생각"" ☞ ""점점야위어가네""…고현정, 다이어트 성공 후 4개월 변천사 ☞ PC방 여직원 기절시켜 돈훔치고 몹쓸짓까지한 50대   김성휘 기자 sunnykim@mt.co.kr    ▶월 0.3%대 최저금리 적용, 키워드림론 간편 신청으로 수익 극대화하자 (신청하기)   빅 사이클 도래! 실적 발표 기대감! 단타, 중,장기를 모두 잡는 엄청난 종목의 등장! [클릭]   ▶급등임박 종목, 일단 뭔지 확인해보고 시작하자◀     [파워 인터뷰]       30배 박셀바이오, 20배 신풍제약, 그리고 '이바이오 종목'   ▶시세 분출 직전 ! 실적 상승 + 재료임박 + 외인대량매집중인 '이 종목' 긴급공개 ◀   기관 외인 바닥권 대량 매집흔적 발견! 급등 임박 大시세 종목 공개!!       <저작권자 ⓒ '돈이 보이는 리얼타임 뉴스' 머니투데이, 무단전재 및 재배포 금지>"
45,7,"2021-09-21","05:39:28","낮까지 곳곳 강한 비…밤새 중부지방부터 다시 확대","낮까지 곳곳 강한 비…밤새 중부지방부터 다시 확대        (서울=연합뉴스) 정성조 기자 = 추석이자 화요일인 21일은 전국적으로 강한 비가 내린 뒤 오후에 그치겠다.      이날 예상 강수량은 남부지방과 제주도에서 20∼70㎜(많은 곳 100㎜ 이상), 중부지방 10∼50㎜, 강원 영동과 경북 동해안, 울릉도, 독도, 서해5도 5∼20㎜다.      아침까지 수도권과 강원 영서, 충청권에 시간당 20∼30㎜ 안팎의 비가 내리는 곳이 있겠다. 호남과 제주도는 오전까지, 영남은 낮까지 곳에 따라 시간당 30∼50㎜ 내외의 강한 비가 쏟아지겠다.      비는 낮 사이 수도권과 충남, 호남을 시작으로 오후에 대부분 그쳤다가 이날 밤 수도권과 강원 영서부터 다시 시작돼 22일 전국으로 확대되겠다.      비가 내리는 동안 순간풍속 초속 15ｍ(시속 55㎞) 이상의 돌풍과 천둥, 번개가 치는 곳이 많겠다. 성묫길과 등산 등 야외활동에서 안전사고가 발생하지 않도록 주의해야 한다.      이날 오전 5시 현재 기온은 서울 20.7도, 인천 20.4도, 수원 20.5도, 춘천 19.6도, 강릉 18.6도, 청주 21.5도, 대전 21.3도, 전주 23.0도, 광주 24.0도, 제주 26.8도, 대구 21.0도, 부산 23.6도, 울산 23.0도, 창원 23.8도 등이다.       낮 최고 기온은 24∼28도로 예보됐다.      미세먼지 농도는 전 권역에서 '좋음' 수준을 보이겠다.      풍랑특보가 발효된 서해 중부 해상은 아침까지 강풍과 높은 물결이 예상되니 해상교통을 이용하는 귀성객·귀경객은 운항 정보를 사전에확인해야 한다.      전 해상에 22일까지 돌풍을 동반한 천둥, 번개가 치는 곳이 있겠다.      바다의 물결은 동해 앞바다에서 0.5∼2.5ｍ, 서해 앞바다에서 0.5∼3ｍ, 남해 앞바다에서 0.5∼1.5ｍ로 일겠다.      안쪽 먼바다(해안선에서 약 200㎞ 내의 먼바다)의 파고는 동해 1∼3.5ｍ, 서해 1.5∼4ｍ, 남해 1∼3ｍ로 예상된다.       ※ 이 기사는 엔씨소프트의 인공지능 기술인 자연어처리기술(NLP)과의 협업을 통해 제작되었습니다. 인공지능이 쓴 초고와 기상청 데이터 등을 토대로 취재 기자가 최종 기사를 완성했으며 데스킹을 거쳤습니다.      기사의 원 데이터인 기상청 기상예보는 웹사이트(https://www.weather.go.kr)에서도 확인할 수 있습니다.      xing@yna.co.kr  (끝)      <저작권자(c) 연합뉴스, 무단 전재-재배포 금지>"
46,1,"2021-09-21","05:28:15","BRIF-Viridian Therapeutics, 일반 주식 및 우선주 공모 발표","BRIEF-Viridian Therapeutics Announces Proposed Public Offering Of Common Stock And Preferred Stock .storyContent * {border-color:inherit !important;outline-color:inherit !important;} 9월 20일(로이터) - Viridian Therapeutics Inc. VRDN.O:  처녀적 치료법은 보통주와 우선주의 제안 공모를 발표한다.   바이러스 치료제 Inc. - 수익금을 vrdn-001 및 vrdn-002 프로그램의 개발을 앞당기기 위해 사용하고자 함   바이러스 치료제 Inc. - 수익금을 사용하여 vrdn-004 및 vrdn-005 프로그램의 사전 임상적 개발을 진전시키려 함    Further company coverage: VRDN.O  Reuters.Briefs@thomsonreuters.com        (c) Copyright Thomson Reuters 2020. Click For Restrictions - https://agency.reuters.com/en/copyright.html   원문 바로가기    DISCLAIMER  레피니티브의 사전, 서면 승인 없는 톰슨로이터 콘텐츠의 재생산이나 재배포는 금지되어 있습니다. 이 기사의 한국어 번역은 에프앤가이드가 사용하는 기계적 번역에 의한 것으로 톰슨로이터와레피니티브는 번역의 정확성을 보증하지 않습니다."
46,2,"2021-09-21","05:27:59","뉴욕증시 2% 안팎 급락...중국 변수에 뉴욕증시 붕괴","[파이낸셜뉴스]     뉴욕주식시장이 20일(현지시간) 온갖 악재가 겹치며 폭락했다. 7월 12일(현지시간) 미국 뉴욕 맨해튼의 뉴욕증권거래소(NYSE)에서 중개인들이 심각한 표정을 짓고 있다. 로이터뉴스1  뉴욕 주식시장이 20일(이하 현지시간) 급속히 무너져내렸다.  중국 부동산 업체 헝다(에버그란데) 그룹 부도 우려를 비롯한 중국 변수, 21~22일 연방준비제도(연준)의 연방공개시장위원회(FOMC) 변수가 복합적으로 작용하며 주식시장을무너뜨렸다. 연중 가장 저조한 9월을 맞아 주식시장이 약세를 보이는 와중에 3일 공개된 실망스런 8월 고용동향을 시작으로 무너져내린뉴욕 주식시장이 좀체 기운을 차리지 못하고 있다. 다만 뉴욕증시 3대 지수는 장중 3% 안팎의 폭락세를 기록했지만 막판에 낙폭을 일부만회하며 2% 안팎으로 낙폭을 좁히는데는 성공했다. 장중 낙폭이 971포인트에 이르기도 했던 대형우량주 중심의 다우존스산업평균지수는 지난 주말보다 614.41포인트(1.78%) 급락한 3만3970.47로 마감했다. 이날 폭락세로 다우지수는 일간 낙폭으로는 7월 19일 이후 최대 낙폭을기록했다. 또 시황을 가장 잘 반영하는 스탠더드앤드푸어스(S&P)500지수 역시 낙폭이 121포인트에 이르기도 했지만 이후 낙폭을 좁혀 75.26포인트(1.70%) 밀린 4357.73으로 장을 마쳤다. 에너지업종이 3.04%, 기술업종이 1.86% 급락하는 등 S&P500 지수를 구성하는 11개 업종이 모두 하락했다. 기술주 중심의 나스닥 지수는 장중 500포인트 가까이 폭락한 끝에 결국 지난 주말보다 330.06포인트(2.19%) 폭락한 1만4713.90으로 주저앉았다. '월가 공포지수'라는 별명이 있는 시카고옵션거래소(CBOE) 변동성지수인 VIX는 폭등했다. 다만 VIX 역시 3대 지수와 마찬가지로 후반들어 상승폭을 좁혔다. 장중 36%가 넘는 폭등세를 기록하던 VIX는 동부 표준시각 오후 4시11분 현재24.17% 폭등한 25.84를 기록 중이다. 5월 이후 최고 수준이다. 주식시장에는 이날 악재가 쏟아졌다. 가장 큰 악재는 중국이었다. 지난해 알리바바 산하의 핀텍업체 앤트그룹 홍콩주식시장 상장(IPO) 중단을 시작으로 중국 정부의 규제 변수가 계속해서 시장을 압박하고 있다. 지난주에는 세계 최대 도박도시 가운데 하나인 마카오가 카지노 산업 정부 규제를 강화하는 조처를 발표해 윈리조트, 라스베이거스샌즈를 비롯한 미 카지노 업체들이 줄줄이 폭락한 바 있다. 이날은 중국 부동산시장 붕괴 우려가 주식시장을 강타했다. 중 부동산 개발업체 헝다그룹이 채무불이행(디폴트)을 눈 앞에 뒀다는 우려로 홍콩 항성지수가 4% 폭락하면서 뉴욕 주식시장에도 매도세 충격이 전파됐다. 중국 변수가 대형악재가 된 한편 연준이 22일 FOMC를 마무리지으면서 채권매입을 점진적으로 축소하는 테이퍼링에 나설 것이란 관측도취약한 주식시장의 투자심리를 자극했다. 투자자들은 연준이 이번 회의에서 급속한 인플레이션(물가상승)과 노동시장 개선 움직임 속에테이퍼링을 본격적으로 거론할 것으로 보고 있다. 신종 코로나바이러스 감염증(코로나19) 팬데믹도 감염력 높은 델타변이 확산 속에 시장에 충격을 주고 있다. 미국이 호흡기질환 환자가 급속히 늘어나는 가을·겨울로 접어들면서 델타변이가 맹위를 떨칠 것이란 우려가투자심리를 위축시켰다. 여기에 미 연방정부의 재정적자 한도 증액 문제를 둘러싼 재정절벽 우려도 시장에는 악재가 됐다. 미 하원이 연방정부가 내년말까지 한도 없이 재정지출에 나설 수 있도록 하는 법안을 이번주에 상정키로 함에 따라 위기감은 일부 누그러질 전망이다. 종목별로도 큰 폭의 하락세를 기록한 종목들이 많았다. 포드 자동차가 5% 넘게, 그리고 제너럴모터스(GM)와 보잉이 각각 3.8%, 1.8% 폭락했다. 철강업체 뉴코는 7.6% 폭락했다. 에너지 종목도 추락했다. 미국 유가 기준물인 서부텍사스산원유(WTI)가 2% 가까이급락한 여파로 옥시덴털페트롤리엄, 데본에너지 등이 각각 5% 넘게 폭락했다.  S&P500 지수를 구성하는 11개 업종 가운데 에너지업종은 3% 폭락해 최대 낙폭을 기록했다. 반면 변동성이 높아지면서 안전자산 국채에 돈이 몰려 기준물인 10년물 미 국채 수익률이 하락했다. 가격과 반대로 움직이는 10년만기 미 국채 수익률은 이날 0.06%포인트 내린 1.31%를 기록했다. 국채 수익률이 낮아지면서 예대마진이 좁혀진 은행주가 급락했다. 뱅크오브아메리카(BoA), JP모간체이스 주가가 각각 3.4%, 3% 급락했다. 한편 뉴욕 주식시장이폭락하는 가운데 암호화폐 대장주 비트코인 역시 급락세를 탔다. 비트코인은 낙폭이 최대 10%를 기록하며 4만3000달러 선이 무너졌다.  dympna@fnnews.com 송경재 기자  ▶1500% 가는 '제2의 HMM' 아직 5000원대 황금株, 급등 전 마지막 기회! [클릭] ▶“주식카톡방 완전무료 선언” 파격결정  [ 파이낸셜뉴스 주요뉴스]  → 남편과 사별한 여성, 자기 따라다니던 남자와 결혼했더니.. → ""팬티만 입으라는 지시 받았다"" 그의 소변에는... → 모델 한혜진 ""전 남친, 방송서 男 출연자와 눈 보며 대화했다고.."" → '태아 머리가 보인다' 전주 女 사우나서 일어난 일 → 월급 150만원 39세 여성의 어머니 ""내 딸 정도면.."" → 주식 말고 다른 재테크가 궁금해? [파인애플]  ● 하루만에 高수익 챙길 ‘초대형’ 백신 대장株! 비밀리에 입수! 1200% ↑↑ (CLICK)  ▶▶[무료공개]◀◀ 지금 ""1,000만원""만 있어도 당장 ""이것""부터 사라!! >>> (무료 체험)   ※ 저작권자ⓒ 파이낸셜뉴스. 무단 전재-재배포 금지 "
46,3,"2021-09-21","05:27:53","부채내부 - 9월 20일","Inside Debt - September 20  이 뉴스레터의 PDF 버전에 액세스하려면 여기를 클릭하십시오. https://share.refinitiv.com/assets/newsletters/Inside_Debt/ID_US_Sept_...     TOPNEWS 정부채무페이지를 통해 내부채무를 읽을 수 있다.이메일을 통해 이 뉴스레터를 받고 싶다면,다음 위치에서 등록하십시오. http://solutions.refinitiv.com/InsideDebtSubscriptionpage     뉴스레터 색인을 보려면 다음을 클릭하십시오. NEWSLETTERS      inside.debt@thomsonreuters.com   원문 바로가기    DISCLAIMER  레피니티브의 사전, 서면 승인 없는 톰슨로이터 콘텐츠의 재생산이나 재배포는 금지되어 있습니다. 이 기사의 한국어 번역은 에프앤가이드가 사용하는 기계적 번역에의한 것으로 톰슨로이터와 레피니티브는 번역의 정확성을 보증하지 않습니다."
46,4,"2021-09-21","05:27:46","마이클 조던은 스포츠라다르에 대한 투자를 늘린다.","Michael Jordan increases investment in Sportradar .storyContent * {border-color:inherit !important;outline-color:inherit !important;} 9월 20일(로이터) - 농구계의 거장 마이클 조던이 스포츠라다르 그룹 AG에 대한 투자를 늘릴 예정이다. SRAD.O 스포츠 도박 데이터 회사는 월요일 이 회사의 이사회의 특별 고문으로활동할 것이라고 말했다.     (Reporting by Uday Sampath in Bengaluru; Editing by Krishna Chandra Eluri)  UdaySampath.Kumar@thomsonreuters.com ; within U.S. +1 646 223 8780; Twitter: https://twitter.com/sampath_uday     (c) Copyright Thomson Reuters 2020. Click For Restrictions - https://agency.reuters.com/en/copyright.html        Keywords: SPORTRADAR-MICHAEL JORDAN/ (URGENT)   원문 바로가기    DISCLAIMER  레피니티브의 사전, 서면 승인 없는 톰슨로이터 콘텐츠의 재생산이나 재배포는 금지되어 있습니다. 이 기사의 한국어 번역은 에프앤가이드가 사용하는 기계적 번역에 의한 것으로 톰슨로이터와 레피니티브는번역의 정확성을 보증하지 않습니다."
46,5,"2021-09-21","05:27:29","BRIF-SmileDirectClub, 프랑스 진출로 유럽 진출 확대","BRIEF-SmileDirectClub Furthers Europe Expansion With Entry Into France .storyContent * {border-color:inherit !important;outline-color:inherit !important;} 9월 20일(로이터) - SmileDirectClub Inc. SDC.O:  smiledirectclub은 프랑스 진출로 유럽 진출을 확대했다.   smiledirect club - 2021년 4분기 초에 프랑스에서 출범할 계획   smileirect club - 파리 첫 번째 프랑스 스마일샵에서 프리미엄 클리어 얼라이너, 원격 건강 플랫폼, 미백 시스템 도입    Further company coverage: SDC.O  Reuters.Briefs@thomsonreuters.com        (c) Copyright Thomson Reuters 2020. Click For Restrictions - https://agency.reuters.com/en/copyright.html   원문 바로가기    DISCLAIMER  레피니티브의 사전, 서면 승인 없는 톰슨로이터 콘텐츠의 재생산이나 재배포는 금지되어 있습니다. 이 기사의 한국어 번역은 에프앤가이드가 사용하는 기계적 번역에 의한 것으로 톰슨로이터와 레피니티브는 번역의 정확성을 보증하지 않습니다."
46,6,"2021-09-21","05:27:16","文대통령 영국 총리와 정상회담…北미사일 우려 표시","文대통령 유엔총회 참석차 뉴욕 방문  G7 후 존슨 총리와 100만에 정상회담    문재인 대통령이 20일(현지시각) 뉴욕 주유엔대표부 양자회담장에서 보리스 존슨 영국 총리와 정상회담을 하고 있다. 연합뉴스  [헤럴드경제=박병국 기자]유엔총회 참석차 미국 뉴욕을 방문 중인 문재인대통령은 20일 오후(현지시간) 보리스 존슨 영국 총리과 정상회담을 가졌다. 문 대통령은 북한의 미사일 발사와 관련 우려를 표시하면서 한반도 평화프로세스 진전을 위한 영국의 지속적인 지지를 요청했다.  문 대통령은 이날 주유엔대표부 양자회담장에서 존슨 총리과 만나 한반도 상황과 기후변화 대응 등에 대해 논의했다. 문 대통령과 존슨 총리과의 만남은 지난 6월 13일 주요 7개국(G7) 정상회의 기간 열린 정상회담에 이어 100일 만이다. 영국은 유엔 안전보장이사회 상임이사국이다.  특히 문 대통령은 정세 안정이 매우 긴요한 시점에 이뤄진 북한의 잇따른 미사일 발사에 깊은 우려를 표시했다. 상황의 안정적 관리 및 대화의 조기 재개를 위해 관련국들이 노력해 나가야 한다는 점을강조했다.  북한은 지난 11일과 12일 장거리 순항미사일을, 15일 탄도미사일을 각각 발사했다. 북한의 탄도미사일 발사는 유엔 안전보장이사회 결의 위반이다.  이에 존슨 총리는 한반도 평화프로세스 진전을 위한 한국 정부의 노력에 대한 지지 입장을 재확인하했다. 또 가능한 대북 관여를 모색하기 위해 협력해 나가겠다고 밝혔다.  또 문 대통령과 존슨 총리는 기후변화 대응에 적극 공조해 나가기로 했다. 영국은 11월에 제26차 유엔기후변화협약 당사국회의(COP26)를 개최하며, 한국은 2023년 COP28 개최를 추진 중이다.  이와 관련해 존슨총리는 COP26의 성공적 개최를 위한 한국 측의 적극적인 기여를 당부하는 동시에 11월 1∼2일 열리는 COP26 정상 세션에의 문 대통령의 참석을 요청했다.  문 대통령과 존슨 총리는 코로나19로 인해 지난해 다소 위축된 양국 간 교역·투자가 올해 들어 빠르게 회복되고 있고 지난 1월 발효된 한·영 자유무역협정(FTA)이 안정적으로 운영되고 있다고 평가했다.  cook@heraldcorp.com"
46,7,"2021-09-21","05:27:08","BRIF-Boom Entertainment, 1,500만 달러 인상","BRIEF-Boom Entertainment Raises $15 Mln .storyContent * {border-color:inherit !important;outline-color:inherit !important;} 9월 20일(로이터) - 붐 엔터테인먼트:  붐 엔터테인먼트는 디지털 세상을 위한 스포츠 베팅과 카지노 게임을 재정의하기 위해 1,500만 달러를 모금한다.   붐 엔터테인먼트- 모래 자본이 주도하는 1,500만 달러 시리즈    Reuters.Briefs@thomsonreuters.com        (c) Copyright Thomson Reuters 2020. Click For Restrictions - https://agency.reuters.com/en/copyright.html   원문 바로가기    DISCLAIMER  레피니티브의 사전,서면 승인 없는 톰슨로이터 콘텐츠의 재생산이나 재배포는 금지되어 있습니다. 이 기사의 한국어 번역은 에프앤가이드가 사용하는 기계적 번역에 의한 것으로 톰슨로이터와 레피니티브는 번역의 정확성을 보증하지 않습니다."
47,1,"2021-09-21","05:05:10","Steelcase Inc.는 ?24 센트의 수익을 올릴 것으로 예상됨 - 실적 프리뷰","Steelcase Inc expected to post earnings of?24?cents a share - Earnings Preview .storyContent * {border-color:inherit !important;outline-color:inherit !important;} * 스틸케이스주식회사 SCS.N, SCS 9월 22일에 결과를 보고할 때 분기별 수익이 감소할 것으로 예상된다.   * Refinitiv 데이터에 근거한 4명의 분석가들의 평균 추정치에 따르면 미시간주 그랜드래피츠 사는 1년 전의 8억1880만 달러에서 7억6325만 달러로 6.7%의 매출 감소를 보고할 것으로 예상된다.   ?* Steelcase Inc.에 대한 Refinitiv의 평균 분석가는 주당 24센트의 수익에 대한 것이다. 작년 같은 분기의 동사는 주당 55센트의 수익을 발표했다.  * 현재 주식에 대한 평균 애널리스트 등급은 ""매수""이고 추천 등급은 ""강력 매수"" 또는 ""매수"" 3개, ""보유"" 및 ""강력 매도""가 없다.   * 애널리스트들의 평균 수익 추정치는 지난 3개월 동안 변동이 없었다.  * Steelcase Inc.에대한 월가의 12개월 평균 가격 목표는 18달러?로, 약 24.2% 상승? 마지막 종가 13.64달러야  * 이전 분기 실적(미화 기준 선호 실적 측정 사용)?    쿼터 엔딩  스타미네  Smartestimate®  재초기 ibs 추정치   실제  BEAT, MET, MISS  서프라이즈 %   2021년 5월 31일  -0.31  -0.31  -0.24  비트  21.7   2021년 2월 28일  -0.01  -0.01  0.06  비트  999.6   2020년 11월 30일  0.03  0.03  0.08  비트  166.7?   2020년 8월 31일  0.46  0.37  0.55  비트  48.6   5월 31일? 2020년?  -0.14?  -0.14  -0.18  놓쳤다  -31.7?   2020년 2월 29일  0.32  0.32  0.39  비트  21.9?   2019년 11월 30일  0.35  0.35  0.46  비트  31.4   2019년 8월 31일  0.43  0.43  0.50  비트  16.3   이요약본은 9월 20일 GMT 20:05에 생성되었다. 달리 명시되지 않은 한 모든 수치는 미국 달러로 표시된다.     (c) Copyright Thomson Reuters 2020. Click For Restrictions - https://agency.reuters.com/en/copyright.html        Keywords: STEELCASE-RESULTS/PREVIEW   원문바로가기    DISCLAIMER  레피니티브의 사전, 서면 승인 없는 톰슨로이터 콘텐츠의 재생산이나 재배포는 금지되어 있습니다. 이 기사의 한국어 번역은 에프앤가이드가 사용하는 기계적 번역에 의한 것으로 톰슨로이터와 레피니티브는 번역의 정확성을 보증하지 않습니다."
47,2,"2021-09-21","05:04:22","[속보]뉴욕증시 하락마감...다우 1.78%↓","[머니투데이 뉴욕=임동욱 특파원] 20일(현지시간) 뉴욕증시가 하락 마감했다.   다우지수는 전날보다 614.08포인트(1.78%) 내린 3만3970.80으로 마감했다.   S&P500지수는 75.34포인트(1.70%) 내린 4357.65로 장을 마쳤다.   나스닥지수는 330.06포인트(2.19%) 내린 1만4713.90으로 거래를 마쳤다.      [관련기사] ☞ ""삼촌네 왜 안와요? 엄마만 일하잖아요!"" 시조카가 따지네요 ☞ 타코에 커터칼 세조각 '끔찍'…""배달음식 먹다 입천장 베었다"" ☞ 곽민선 아나, 수원삼성 선수와 열애설…"" 경기 지는데 네 생각"" ☞ ""점점야위어가네""…고현정, 다이어트 성공 후 4개월 변천사 ☞ PC방 여직원 기절시켜 돈훔치고 몹쓸짓까지한 50대   뉴욕=임동욱 특파원 dwlim@mt.co.kr     ▶월 0.3%대 최저금리 적용, 키워드림론 간편 신청으로 수익 극대화하자 (신청하기)   빅 사이클 도래! 실적 발표 기대감! 단타, 중,장기를 모두 잡는 엄청난 종목의 등장! [클릭]   ▶급등임박 종목, 일단 뭔지 확인해보고 시작하자◀     [파워 인터뷰]       30배 박셀바이오, 20배 신풍제약, 그리고 '이바이오 종목'   ▶시세 분출 직전 ! 실적 상승 + 재료임박 + 외인대량매집중인 '이 종목' 긴급공개 ◀   기관 외인 바닥권 대량 매집흔적 발견! 급등 임박 大시세 종목 공개!!       <저작권자 ⓒ '돈이 보이는 리얼타임 뉴스' 머니투데이, 무단전재 및 재배포 금지>"
47,3,"2021-09-21","05:04:18","[속보]뉴욕증시 하락마감...다우 1.78%↓","[머니투데이 뉴욕=임동욱 특파원] 20일(현지시간) 뉴욕증시가 하락 마감했다.   다우지수는 전날보다 614.08포인트(1.78%) 내린 3만3970.80으로 마감했다.   S&P500지수는 75.34포인트(1.70%) 내린 4357.65로 장을 마쳤다.   나스닥지수는 330.06포인트(2.19%) 내린 1만4713.90으로 거래를 마쳤다.      [관련기사] ☞ ""삼촌네 왜 안와요? 엄마만 일하잖아요!"" 시조카가 따지네요 ☞ 타코에 커터칼 세조각 '끔찍'…""배달음식 먹다 입천장 베었다"" ☞ 곽민선 아나, 수원삼성 선수와 열애설…"" 경기 지는데 네 생각"" ☞ ""점점야위어가네""…고현정, 다이어트 성공 후 4개월 변천사 ☞ PC방 여직원 기절시켜 돈훔치고 몹쓸짓까지한 50대   뉴욕=임동욱 특파원 dwlim@mt.co.kr     ▶월 0.3%대 최저금리 적용, 키워드림론 간편 신청으로 수익 극대화하자 (신청하기)   빅 사이클 도래! 실적 발표 기대감! 단타, 중,장기를 모두 잡는 엄청난 종목의 등장! [클릭]   ▶급등임박 종목, 일단 뭔지 확인해보고 시작하자◀     [파워 인터뷰]       30배 박셀바이오, 20배 신풍제약, 그리고 '이바이오 종목'   ▶시세 분출 직전 ! 실적 상승 + 재료임박 + 외인대량매집중인 '이 종목' 긴급공개 ◀   기관 외인 바닥권 대량 매집흔적 발견! 급등 임박 大시세 종목 공개!!       <저작권자 ⓒ '돈이 보이는 리얼타임 뉴스' 머니투데이, 무단전재 및 재배포 금지>"
47,4,"2021-09-21","05:04:17","<표> Nymex 경질원유(Light Crude Oil) 마감 동향 -3-","Jul  '26  52.275  52.275   52.270    52.270   -0.605   52.875  Aug  '26  52.225  52.225   52.220    52.220   -0.605   52.825  Sep  '26  52.050  52.050   52.040    52.040   -0.610   52.650  Oct  '26  51.950  51.960   51.950    51.960   -0.615   52.575  Nov  '26  51.825  51.830   51.825    51.830   -0.620   52.450  Dec  '26  51.700  51.710   51.700    51.710   -0.615   52.325   NOTE: It is possible for a settlement price to fall outside the daily high  and low due to an exchange's specific rules on how a settlement price  is determined.   Write to csstat@dowjones.com       다우존스 제공     2021. September. 20일  미국동부시간 16:04 (표준시 20:04)   ＜ⓒ종합 경제정보 미디어 이데일리 - 무단전재 & 재배포 금지＞"
47,5,"2021-09-21","05:03:43","<표> Nymex 경질원유(Light Crude Oil) 마감 동향 -2-","Jan  '29   50.86   50.86    50.86   50.86     -0.61    51.47   50.86  Feb  '29   50.87   50.87    50.87   50.87     -0.61    51.48   50.87  Mar  '29   50.93   50.93    50.93   50.93     -0.61    51.54   50.93  Apr  '29   50.97   50.97    50.97   50.97     -0.61    51.58   50.97  May  '29   51.01   51.01    51.01   51.01     -0.61    51.62   51.01  Jun  '29   50.95   50.95    50.95   50.95     -0.61    51.56   50.95  Jul  '29   51.00   51.00    51.00   51.00     -0.61    51.61   51.00  Aug  '29   51.02   51.02    51.02   51.02     -0.61    51.63   51.02  Sep  '29   51.04   51.04    51.04   51.04     -0.61    51.65   51.04  Oct  '29   51.06   51.06    51.06   51.06     -0.61    51.67   51.06  Nov  '29   51.07   51.07    51.07   51.07     -0.61    51.68   51.07  Dec  '29   51.07   51.07    51.07   51.07     -0.61    51.68   51.07  Jan  '30   51.14   51.14    51.14   51.14     -0.61    51.75   51.14  Feb  '30   51.19   51.19    51.19   51.19     -0.61    51.80   51.19  Mar  '30   51.21   51.21    51.21   51.21     -0.61    51.82   51.21  Apr  '30   51.23   51.23    51.23   51.23     -0.61    51.84   51.23  May  '30   51.25   51.25    51.25   51.25     -0.61    51.86   51.25  Jun  '30   51.29   51.29    51.29   51.29     -0.61    51.90   51.29  Jul  '30   51.31   51.31    51.31   51.31     -0.61    51.92   51.31  Aug  '30   51.34   51.34    51.34   51.34     -0.61    51.95   51.34  Sep  '30   51.35   51.35    51.35   51.35     -0.61    51.96   51.35  Oct  '30   51.36   51.36    51.36   51.36     -0.61    51.97   51.36  Nov  '30   51.37   51.37    51.37   51.37     -0.61    51.98   51.37  Dec  '30   51.37   51.37    51.37   51.37     -0.61    51.98   51.37  Jan  '31   51.45   51.45    51.45   51.45     -0.61    52.06   51.45  Feb  '31   51.53   51.53    51.53   51.53     -0.61    52.14   51.53  Mar  '31   51.59   51.59    51.59   51.59     -0.61    52.20   51.59  Apr  '31   51.62   51.62    51.62   51.62     -0.61    52.23   51.62  May  '31   51.62   51.62    51.62   51.62     -0.61    52.23   51.62  Jun  '31   51.57   51.57    51.57   51.57     -0.61    52.18   51.57  Jul  '31   51.58   51.58    51.58   51.58     -0.61    52.19   51.58  Aug  '31   51.56   51.56    51.56   51.56     -0.61    52.17   51.56  Sep  '31   51.58   51.58    51.58   51.58     -0.61    52.19   51.58  Oct  '31   51.63   51.63    51.63   51.63     -0.61    52.24   51.63  Nov  '31   51.72   51.72    51.72   51.72     -0.61    52.33   51.72  Dec  '31   51.67   51.67    51.67   51.67     -0.61    52.28   51.67  Jan  '32   51.79   51.79    51.79   51.79     -0.61    52.40   51.79  Feb  '32   51.96   51.96    51.96   51.96     -0.61    52.57   51.96    E-miNY  Contract    Open    High     Low      Last       Chg     Prev   Oct  '21  71.900  71.950   69.925    70.290   -1.685   71.975  Nov  '21  71.800  71.975   69.725    70.700   -1.125   71.825  Dec  '21  71.375  71.475   69.325    70.250   -1.125   71.375  Jan  '22  70.275  70.275   68.950    69.725   -1.075   70.800  Feb  '22  69.000  69.000   68.650    68.650   -1.575   70.225  Mar  '22  68.850  68.850   68.075    68.080   -1.570   69.650  Apr  '22  68.725  68.725   67.450    67.550   -1.550   69.100  May  '22  68.225  68.225   67.025    67.030   -1.520   68.550  Jun  '22  66.500  66.500   66.500    66.500   -1.500   68.000  Jul  '22  66.000  66.000   65.990    65.990   -1.460   67.450  Aug  '22  65.475  65.475   65.470    65.470   -1.455   66.925  Sep  '22  64.975  64.980   64.975    64.980   -1.445   66.425  Oct  '22  64.525  64.525   64.520    64.520   -1.405   65.925  Nov  '22  64.100  64.100   64.090    64.090   -1.385   65.475  Dec  '22  64.350  64.350   63.690    63.690   -1.360   65.050  Jan  '23  63.225  63.230   63.225    63.230   -1.320   64.550  Feb  '23  62.800  62.800   62.790    62.790   -1.285   64.075  Mar  '23  62.350  62.360   62.350    62.360   -1.265   63.625  Apr  '23  61.950  61.960   61.950    61.960   -1.240   63.200  May  '23  61.575  61.575   61.570    61.570   -1.230   62.800  Jun  '23  61.200  61.210   61.200    61.210   -1.190   62.400  Jul  '23  60.825  60.825   60.820    60.820   -1.180   62.000  Aug  '23  60.450  60.450   60.450    60.450   -1.150   61.600  Sep  '23  60.100  60.100   60.100    60.100   -1.150   61.250  Oct  '23  59.775  59.775   59.770    59.770   -1.130   60.900  Nov  '23  59.450  59.460   59.450    59.460   -1.090   60.550  Dec  '23  59.175  59.175   59.170    59.170   -1.055   60.225  Jan  '24  58.825  58.825   58.820    58.820   -1.030   59.850  Feb  '24  58.500  58.500   58.490    58.490   -1.010   59.500  Mar  '24  58.175  58.175   58.170    58.170   -1.005   59.175  Apr  '24  57.875  57.875   57.870    57.870   -0.980   58.850  May  '24  57.600  57.600   57.590    57.590   -0.960   58.550  Jun  '24  57.325  57.325   57.320    57.320   -0.930   58.250  Jul  '24  57.025  57.030   57.025    57.030   -0.895   57.925  Aug  '24  56.750  56.760   56.750    56.760   -0.865   57.625  Sep  '24  56.500  56.510   56.500    56.510   -0.840   57.350  Oct  '24  56.275  56.275   56.270    56.270   -0.830   57.100  Nov  '24  56.050  56.050   56.050    56.050   -0.800   56.850  Dec  '24  55.825  55.825   55.820    55.820   -0.780   56.600  Jan  '25  55.525  56.300   55.520    56.300    0.000   56.300  Feb  '25  55.350  55.350   55.340    55.340   -0.785   56.125  Mar  '25  55.125  55.125   55.120    55.120   -0.780   55.900  Apr  '25  54.900  54.910   54.900    54.910   -0.765   55.675  May  '25  54.625  54.630   54.625    54.630   -0.720   55.350  Jun  '25  54.425  54.425   54.420    54.420   -0.680   55.100  Jul  '25  54.175  54.180   54.175    54.180   -0.670   54.850  Aug  '25  54.050  54.050   54.040    54.040   -0.660   54.700  Sep  '25  53.925  53.925   53.920    53.920   -0.655   54.575  Oct  '25  53.650  53.650   53.640    53.640   -0.635   54.275  Nov  '25  53.525  53.530   53.525    53.530   -0.620   54.150  Dec  '25  53.350  53.360   53.350    53.360   -0.615   53.975  Jan  '26  53.125  53.125   53.120    53.120   -0.605   53.725  Feb  '26  53.075  53.075   53.070    53.070   -0.605   53.675  Mar  '26  52.875  52.880   52.875    52.880   -0.620   53.500  Apr  '26  52.725  52.730   52.725    52.730   -0.620   53.350  May  '26  52.625  52.630   52.625    52.630   -0.620   53.250  Jun  '26  52.450  52.460   52.450    52.460   -0.615   53.075         다우존스 제공     2021. September. 20일  미국동부시간 16:04 (표준시 20:04)   ＜ⓒ종합 경제정보 미디어 이데일리 - 무단전재 & 재배포 금지＞"
47,6,"2021-09-21","05:03:42","[뉴욕증시-1보] 中 헝다 여파에 하락","(뉴욕=연합인포맥스) 윤영숙 특파원 = 뉴욕증시는 중국 헝다 그룹의 디폴트(채무  불이행) 우려로 위험회피 심리가 확산하며 크게 하락했다.      20일(미 동부시간) 장 마감 무렵 뉴욕증권거래소(NYSE)에서 다우존스30산업평균  지수는 전장보다 594.96포인트(1.72%) 하락한 33,989.92를 기록했다.      스탠더드앤드푸어스(S&P)500지수는 전장보다 72.88포인트(1.64%) 밀린 4,360.11 을, 기술주 중심의 나스닥지수는 전장보다 327.54포인트(2.18%) 떨어진 14,716.42를  나타냈다.      ysyoon@yna.co.kr  (끝)  <저작권자(C)연합인포맥스뉴스. 무단 전재-재배포 금지.>"
47,7,"2021-09-21","05:03:01","[뉴욕증시-1보] 中 헝다 여파에 하락","[뉴욕증시-1보] 中 헝다 여파에 하락       (뉴욕=연합인포맥스) 윤영숙 특파원 = 뉴욕증시는 중국 헝다 그룹의 디폴트(채무불이행) 우려로 위험회피 심리가 확산하며 크게 하락했다.      20일(미 동부시간) 장 마감 무렵 뉴욕증권거래소(NYSE)에서 다우존스30산업평균지수는 전장보다 594.96포인트(1.72%) 하락한 33,989.92를 기록했다.      스탠더드앤드푸어스(S&P)500지수는 전장보다 72.88포인트(1.64%) 밀린 4,360.11을, 기술주 중심의 나스닥지수는 전장보다 327.54포인트(2.18%) 떨어진 14,716.42를 나타냈다.      ysyoon@yna.co.kr  (끝)"
48,1,"2021-09-21","05:00:00","이브자리, 기능성 침구류로 가을·겨울 시즌 겨냥","- 메모리폼 베개, 연령대별 높이·크기 세분화…안전 인증도 - 사용자 BMI지수·사용 환경 분석해 적용한 토퍼도 - 소취·항균 등 성능 갖춘 다양한 기능성 침구도 선봬    ▶'2차전지'의 신흥강자! 대규모 공급계약 체결! 800% 극비리 재료株  [이데일리함지현 기자]이브자리가 양질의 수면을 위해 체형·수면 습관 등에 따른 맞춤형 기능성 침구를 선보이고 있다. 기능성 침구란 단계별 구조,고기능 소재 등 특수 제작해 숙면에 도움을 주는 침구류를 의미한다.      이브자리 퓨어 메모리폼 베개(왼쪽)와 이브자리 더뉴본 침구(사진=이브자리)  21일 관련업계에 따르면 이브자리의 퓨어 메모리폼 베개는 성인용 4단계, 어린이용 2단계 등 연령대 별로 높이 및 크기를 세분화한 제품이다. 사용자의 성장 단계에 따른 경추 길이, 신체 구조 등을 고려해 선택 가능하다.   내장된 폼은 각종 유해성분, 알레르기성 염료 등을 조사하는 테스트를 통과해 서티퍼(CertiPUR-US) 안전 인증을 받았다. 추가 구성의 바디베개는 커버 안에 쿠션이 들어있어 부드러운 촉감을 강화했다.   맞춤형 토퍼 ‘시그니처 라인 토퍼’도 있다. 사용자의 BMI 지수와 매트리스, 바닥 등 사용환경을 분석해 부드러운 정도를 3단계로 세분화했다.   대표 제품인 시그니처 하이브리드 토퍼는 상하 2단 구조로 회복력이 빠르고 체압 분산이 균등하게 이뤄져 잦은 뒤척임에도 편안하게 숙면을 취할 수 있다. 또한 높이 구성이 △4T(4㎝) △6T(6㎝) △15T(15㎝)로 매트리스 위, 바닥, 매트리스 대용 등 다양한 환경에서 사용할 수 있다.   이 밖에 이브자리는 올해 하반기 신제품으로 소취, 항균 등의 성능을 갖춘 다양한 기능성 침구를 적극 선보이기도 했다. 면역력이 떨어지기 쉬운 환절기에 위생적이고 청결한 수면환경을 지켜준다.   가을·겨울 시즌 전략제품으로 선정한 더뉴본은 편백나무, 제충국, 로즈제라늄 등 천연 기반 가공제를 처리해 진드기를 차단하는 알러지케어를 적용했다. 또 소취 기능성 가공을 거친 제품으로 신체에서 발생하는 땀의 주성분인 암모니아, 이소길초산, 노네날 등의 불쾌한 냄새를 흡착해 없앤다.   신소재 침구 ‘큐플러스’는 보건용 마스크, 공기청정기 필터 등에 사용되던 항바이러스 기능 섬유 ‘큐프러스(CuPrus)’를 침구 중 최초로 활용했다.   큐프러스는 코오롱글로텍이 나일론에 황화구리 성분을 결합해 개발한 소재로 이브자리는 이 기능성 원사가 함유된 자사만의 항균 침구를 제작했다. 큐플러스 침구는 포도상구균, 대장균, 살모넬라균, 병원균(MRSA) 등 유해균을 99.9% 차단한다고 회사 측은 설명했다.   조은자 이브자리 수면환경연구소 부소장은 “코로나19, 불면 인구 증가 등 영향으로 수면의 중요성이 대두되고 사람들이 수면의 질에 관심을 갖기 시작하며 기능성 침구에 대한 수요가 높아지고 있다”며 “특히 일조량이 줄어들고 잠을 유도하는 멜라토닌 분비가 적어지는 가을·겨울철에 기능성 침구류를 더 많이 찾는 것으로 분석된다”고 말했다.     ※ 주식은 매도가 생명!! 팔기 전 AI비서에게 물어봐!!  ▶ <세계최초>신약재료+美승인!! 1500%↑터질 역대급 바이오株 (종목확인)  ▶1500% 가는 '제2의 HMM' 아직 5000원대 황금株, 급등 전 마지막 기회! [클릭]  ▶▶[무료 공개]◀◀ 지금 ""1,000만원""만 있어도 당장 ""이것""부터 사라!! >>> (무료 체험)  ▶▶주식전문가들의 상승, TOP3 ""테마株"" 종목확인! 선착순 무료! [클릭]         ＜ⓒ종합 경제정보 미디어 이데일리 - 무단전재 & 재배포 금지＞    "
48,2,"2021-09-21","05:00:00","이브자리, 기능성 침구류로 가을·겨울 시즌 겨냥","- 메모리폼 베개, 연령대별 높이·크기 세분화…안전 인증도 - 사용자 BMI지수·사용 환경 분석해 적용한 토퍼도 - 소취·항균 등 성능 갖춘 다양한 기능성 침구도 선봬    ▶'2차전지'의 신흥강자! 대규모 공급계약 체결! 800% 극비리 재료株  [이데일리함지현 기자]이브자리가 양질의 수면을 위해 체형·수면 습관 등에 따른 맞춤형 기능성 침구를 선보이고 있다. 기능성 침구란 단계별 구조,고기능 소재 등 특수 제작해 숙면에 도움을 주는 침구류를 의미한다.      이브자리 퓨어 메모리폼 베개(왼쪽)와 이브자리 더뉴본 침구(사진=이브자리)  21일 관련업계에 따르면 이브자리의 퓨어 메모리폼 베개는 성인용 4단계, 어린이용 2단계 등 연령대 별로 높이 및 크기를 세분화한 제품이다. 사용자의 성장 단계에 따른 경추 길이, 신체 구조 등을 고려해 선택 가능하다.   내장된 폼은 각종 유해성분, 알레르기성 염료 등을 조사하는 테스트를 통과해 서티퍼(CertiPUR-US) 안전 인증을 받았다. 추가 구성의 바디베개는 커버 안에 쿠션이 들어있어 부드러운 촉감을 강화했다.   맞춤형 토퍼 ‘시그니처 라인 토퍼’도 있다. 사용자의 BMI 지수와 매트리스, 바닥 등 사용환경을 분석해 부드러운 정도를 3단계로 세분화했다.   대표 제품인 시그니처 하이브리드 토퍼는 상하 2단 구조로 회복력이 빠르고 체압 분산이 균등하게 이뤄져 잦은 뒤척임에도 편안하게 숙면을 취할 수 있다. 또한 높이 구성이 △4T(4㎝) △6T(6㎝) △15T(15㎝)로 매트리스 위, 바닥, 매트리스 대용 등 다양한 환경에서 사용할 수 있다.   이 밖에 이브자리는 올해 하반기 신제품으로 소취, 항균 등의 성능을 갖춘 다양한 기능성 침구를 적극 선보이기도 했다. 면역력이 떨어지기 쉬운 환절기에 위생적이고 청결한 수면환경을 지켜준다.   가을·겨울 시즌 전략제품으로 선정한 더뉴본은 편백나무, 제충국, 로즈제라늄 등 천연 기반 가공제를 처리해 진드기를 차단하는 알러지케어를 적용했다. 또 소취 기능성 가공을 거친 제품으로 신체에서 발생하는 땀의 주성분인 암모니아, 이소길초산, 노네날 등의 불쾌한 냄새를 흡착해 없앤다.   신소재 침구 ‘큐플러스’는 보건용 마스크, 공기청정기 필터 등에 사용되던 항바이러스 기능 섬유 ‘큐프러스(CuPrus)’를 침구 중 최초로 활용했다.   큐프러스는 코오롱글로텍이 나일론에 황화구리 성분을 결합해 개발한 소재로 이브자리는 이 기능성 원사가 함유된 자사만의 항균 침구를 제작했다. 큐플러스 침구는 포도상구균, 대장균, 살모넬라균, 병원균(MRSA) 등 유해균을 99.9% 차단한다고 회사 측은 설명했다.   조은자 이브자리 수면환경연구소 부소장은 “코로나19, 불면 인구 증가 등 영향으로 수면의 중요성이 대두되고 사람들이 수면의 질에 관심을 갖기 시작하며 기능성 침구에 대한 수요가 높아지고 있다”며 “특히 일조량이 줄어들고 잠을 유도하는 멜라토닌 분비가 적어지는 가을·겨울철에 기능성 침구류를 더 많이 찾는 것으로 분석된다”고 말했다.     ※ 주식은 매도가 생명!! 팔기 전 AI비서에게 물어봐!!  ▶ <세계최초>신약재료+美승인!! 1500%↑터질 역대급 바이오株 (종목확인)  ▶1500% 가는 '제2의 HMM' 아직 5000원대 황금株, 급등 전 마지막 기회! [클릭]  ▶▶[무료 공개]◀◀ 지금 ""1,000만원""만 있어도 당장 ""이것""부터 사라!! >>> (무료 체험)  ▶▶주식전문가들의 상승, TOP3 ""테마株"" 종목확인! 선착순 무료! [클릭]         ＜ⓒ종합 경제정보 미디어 이데일리 - 무단전재 & 재배포 금지＞    "
48,3,"2021-09-21","04:59:53","“카뱅 게 섯거라”..토스뱅크 2.5% 신용대출 앞세워 공세","- 국내 3호 인터넷전문은행 토스 행보 관심    ▶'2차전지'의 신흥강자! 대규모 공급계약 체결! 800% 극비리 재료株       [이데일리 노희준 기자] “토스뱅크 역시 카카오뱅크(323410)나 케이뱅크처럼 초기에는 개인신용대출과 입출금통장과 같이 상대적으로 취급이 용이한 여수신 상품 위주로 영업에 나설 것이다.”  10월부터 영업을 개시할 국내 3 호 인터넷전문은행 토스뱅크의 행보에 관심이 쏠리고 있다. 이런 가운데 이베스트투자증권은 최근 보고서를 통해 토스뱅크의 향후 행보를 이같이 전망했다.   21일 보고서에 따르면, 토스뱅크는 최저 2.5%금리의 신용대출 상품출시를 준비하고 있는 것으로 알려졌다. 이는 현재 은행권의 1~2등급 평균 대출금리 대비 50bp(0.5%p)이상 낮은 수준이다.  토스뱅크 수신상품의 혜택 역시 파격적이다. 우대조건 없이수시입출식 통장에 2%의 이자를 지급한다. 아울러 실적과 무관하게 월 최대 4만6500원의 캐시백(신용카드 사용액 일부 돌려주기)이 가능한 체크카드를 한시적으로 출시했다.  전배승 이베스트증권 연구원은 “인지도가 높은 젊은 층을 대상으로 적극적인 영업에 나설 가능성이높디”며 “토스는 과거 간편송금 등 사업 확대과정에서 무료수수료와 무료서비스 제공, 타 금융회사와의 적극적 제휴 등 과감한 마케팅 전략을 통해 단기간 내 다수의 가입자 확보에 성공한 경험이 있다”고 말했다.   특히 토스뱅크는 타 은행의 가계대출 억제와 대출금리 상승환경을 신규고객 확보 및 자산성장의 기회로 적극 활용할 가능성이 높다는 관측이다. 올해 3월 기준 토스앱 내 대출 서비스를 통해 실행된제휴사의 총여신 규모가 2조6000억원에 달하는 것으로 알려져 있다.  전배승 연구원은 “현재 2500억원 자본금에 추가적으로 2000억원의 자본충원을 가정할 경우 자본비율규제를 준수하면서도 당장 4~5조원 수준까지는 무리 없이 여신성장이 가능하다”며 “토스(비바리퍼블리카)의 지분율이 34%로 이미 보유가능 한도에 도달해 있으나 기타 주주와의 협의를 통한 추가증자가 얼마든지 가능해 대출규모는 케이뱅크(6조원)를 빠르게 추격할 것”이라고 내다봤다.   인터넷전문은행의 경우 최초 3년간은 바젤3 자본규제 적용이 유예되고 바젤1의 적용을 받는다. 따라서 보통주자본비율 규제를 적용 받지 않아 증자 없이도 신종자본증권 발행 등을 통해 추가적인 외형성장을 도모할 수 있다. 레버리지비율과 유동성커버리지비율 기준에서도 상대적으로 자유로워 기존 은행 및 인터넷뱅크(카카오뱅크, 케이뱅크)에 비해 유리한 경쟁환경에 놓여있다고 볼 수 있다는 설명이다.   토스뱅크는 개인신용대출과 입출금통장 위주의 영업에 나선 후에는 소상공인대출과 전세자금대출, 신용카드 서비스 등으로 상품 라인업을 확장할 것으로 전망된다.     ※ 주식은 매도가 생명!! 팔기 전 AI비서에게 물어봐!!  ▶ <세계최초>신약재료+美승인!! 1500%↑터질 역대급 바이오株 (종목확인)  ▶1500% 가는 '제2의 HMM' 아직 5000원대 황금株, 급등 전 마지막 기회! [클릭]  ▶▶[무료 공개]◀◀ 지금 ""1,000만원""만 있어도 당장 ""이것""부터 사라!! >>> (무료 체험)  ▶▶주식전문가들의 상승, TOP3 ""테마株"" 종목확인! 선착순 무료! [클릭]         ＜ⓒ종합 경제정보 미디어 이데일리 - 무단전재 & 재배포 금지＞    "
48,4,"2021-09-21","04:56:52","[사진]연기 피어오르는 라팔마 섬 화산","[쿰브레 비에하 로이터=뉴스핌]김근철 기자=화산 폭발로 주민 대피령이 내려진 스페인령 카나리아제도 라 팔마섬 쿰브레 비에하 국립공원 '카베사데 바카' 구역 내 화산 일대에서 20일(현지시간) 연기가 피어오르고 있다. 2021.09.21 kckim100@newspim.com     kckim100@newspim.com    ▶▶[무료 공개]◀◀ 지금 ""1,000만원""만 있어도 당장 ""이것""부터 사라!! >>> (무료 체험) ▶[급등임박 공개]◀ 2021년 상반기 “정부정책 수해주” TOP 10 긴급공개 >>> (바로확인) ▶역대급! 1,000% 셀트리온 뛰어넘을 외국인+기관 순매수 TOP3 (CLICK) ▶<세계최초>신약재료+美승인!! 1500%↑터질 역대급 바이오株 [종목확인하기]       저작권자(c) 글로벌리더의 지름길 종합뉴스통신사 뉴스핌(Newspim), 무단 전재-재배포 금지"
48,5,"2021-09-21","04:54:53","UPDATE 1-Democrates'의 시간 경색 현상은 이민자 이동이 차단된 후 더욱 강화된다.","UPDATE 1-Democrats' time crunch tightens after immigration move blocked .storyContent * {border-color:inherit !important;outline-color:inherit !important;}   워싱턴, 9월 20일 (로이터) - 한 상원 결정자가 그들의 첫 번째 제안이 의회의 규칙을 어겼다고 말한 후, 미국의회의 민주당원들은 월요일 이민 개혁을 3조 5천억 달러 규모의 사회 지출 법안에 포함시킬 다른 방법을 찾기 위해 안간힘을 쓰고 있었다.  이번 판결은 9월 27일 1조 달러 규모의 상원이 승인한 인프라 법안에 대한 투표를 몇 주 앞두고 조 바이든 대통령의 당이 직면하고 있는 일련의 장애물 중 가장 최근의 것이다. 또한 10월 1일 마감시한은 10월 1일로 연방정부와 정부가 차입상한도를 위반할 것이라는 위협으로 미국의 지불 의무를 불이행할 위험이 있다.  민주당이 소포를 통과하려면 하원에서 3표, 상원에서는 1표도 지지 않을 수 있다. 그러나 당내 중도파와 진보파는 육아, 교육, 주거, 녹색에너지 등을 포함한 3조5천억 달러 규모의 프로그램을 놓고 대립하고 있다.  진보주의자들은 1조 달러의 기반시설법과 3조 5천억 달러의 법안을 동시에 통과시킬 것을 주장하고 있으며 일부는 그렇지 않으면 소규모 법안에 반대표를던지겠다고 위협하고 있다.  온건파 의원들은 더 큰 법안이 아직 작성되지도 않았다고 지적하고 낸시 펠로시 하원의장으로부터 다음 주에 더 작은 초당파 법안에 대한 표결을 위한 동의를 얻어냈다.   민주당 3위인 제임스 클라이번 하원의원은 일요일 더 큰 법안이 통과되려면 손질할 필요가 있다고 인정했다.   가능한 타협안 중 하나는 9월 27일 예정대로 인프라 법안을 표결에 부치는 것이지만 펠로시 의장은 더 큰 법안이 통과될 때까지 바이든 부통령에게 서명하라고 전달하지 않는 것이다.  한 온건파 공화당 하원의원은 월요일 이 법안이 단독으로 발의될 경우 이 법안을 통과시킬 것임을 시사했다.  대니얼 젠슨 베이컨 대변인은 ""베이컨 대표가 3조5000억 달러 규모의 지출 법안과 연계되지 않는 한 초당적 인프라 법안에는 '찬성'을 표결에 부칠 계획""이라고 말했다.   Joe Manchin과 Kyesten Sinema를포함한 온건한 상원 민주당원들은 3조 5천억 달러는 너무 많다고 말하고 Manchin은 그 절반 이하로 지출할 것을 제안한다.   민주당 의원들은 이 법안이 상원에서 통과될 수 있도록 예산안 조정이라는 기구를 사용해 100명의 의회에서 60표를 얻어야 하는 요건을 피할 계획이다.  그러나 그들은 일요일, 소위 ""드림어스""라고 불리는 어린 시절 미국으로 건너온 이민자들을 포함한 수백만 명의 이민자들에게 시민권을 주는 조항은 상원 규정에 포함될 수 없다는 상원 의원이 결정하면서 좌절을 겪었다.  척 슈머 상원 원내총무는 민주당이 대안을모색할 것이라고 말했다.   로버트 메넨데스 상원의원은 월요일 일부 이민자들의 법적 지위 자격을 얻기 위해 미국에 도착한 날짜를 1972년 1월 1일부터 앞당기는 것이 하나의 대안이라고 말했다.  메넨데즈는 기자들과 가진 전화회의에서 ""아니오라고 대답하지는 않을 것"" 이라고 말했다.      부채한도  9월 27일 마감은 스스로 정한 것이지만, 그 다음으로는 경직된 마감일 두 개가 더 온다.  첫 번째는 10월 1일인데, 정부 운영에 대한 재원이 바닥날 때, 이것은 지난 10년 동안 세 번이나 일어났던 것처럼 많은 연방 기능을 중단시킬 것이다.  또 재닛 옐런 미 재무장관은 10월 중 재무부가 28조4000억달러의 연방채무 한도 내에서 현금보유액과 차입능력을 모두소진하고, 한도를 높이기 위한 의회의 조치가 없이는 모든 청구서를 지불하거나 부채를 상환할 수 없게 될 것이라고 경고했다.  펠로시장관과 슈머 장관은 24일 올해 말까지 정부에 자금을 지원해 정부 셧다운을 피하기 위한 입법에도 2022년 12월까지 채무한도 중단을 포함시킬 것이라며 이 두 사안을 하나의 법안으로 포장했다. 그 법안은 이번 주에 하원에 상정될 예정이다.  미국의 채무 불이행은 금융시장을괴롭히고, 서비스와 혜택의 축소로 이어지며, 국가의 신용등급을 강타할 것이다. 그것은 또한 경제를 다시 불경기에 빠뜨릴 수도 있다.  미치 매코넬 상원 공화당 원내대표를 비롯한 공화당 최고위 의원들은 도널드 트럼프 공화당 대통령 시절에도 불구하고 국가채무 한도를 높이기 위해 투표하지 않을 것이라고 경고했다.     (Reporting by Susan Cornwell; Additional reporting by David Morgan; Editing by Scott Malone and Sonya Hepinstall)  susan.cornwell@thomsonreuters.com     (c) Copyright Thomson Reuters 2020. Click For Restrictions - https://agency.reuters.com/en/copyright.html        Keywords: USA-CONGRESS/ (UPDATE 1, PIX)   원문 바로가기    DISCLAIMER  레피니티브의 사전, 서면 승인 없는 톰슨로이터 콘텐츠의 재생산이나 재배포는 금지되어 있습니다. 이 기사의 한국어 번역은 에프앤가이드가 사용하는 기계적 번역에 의한 것으로 톰슨로이터와 레피니티브는 번역의 정확성을 보증하지 않습니다."
48,6,"2021-09-21","04:54:32","文 ""韓, 선진국됐지만 과제 많아…포용성 강화에 힘쓰고 있어""","[머니투데이 뉴욕(미국)=정진우 기자] [[the300]'SDG 모먼트(지속가능발전목표 고위급회의)' 인터뷰]     문재인 대통령이 20일(현지시간) ""한국은 경제성장과 함께 민주주의를 달성해 선진국으로 발전했지만 여전히 많은 과제가 남아 있다""며 """"한국은 현재 코로나19에 따른 사회적 불평등 심화에 '포용성'을 강화하는 일에 힘쓰고 있다""고 밝혔다.   문 대통령은 이날 오전 '제76차 유엔총회' 계기로 미국 뉴욕 유엔본부에서 열린 'SDG 모먼트(지속가능발전목표 고위급회의)' 개회식 참석 후 인터뷰를 갖고 이같이 말했다.   이번 인터뷰는 유엔본부 대표단 라운지에서 20여분간 유엔 글로벌소통국 사무차장인 멜리사 플레밍의 사회로 진행됐다. 이 자리엔 SDG 모먼트 행사에 '미래세대와 문화를 위한 대통령 특별사절' 자격으로 문 대통령과 함께 했던 방탄소년단(BTS)도 동석했다.   문 대통령은 먼저 '경제적 어려움을 극복한 현재에도 지속가능발전목표가 한국에 중요성을 갖는 이유는 무엇인가'란 질문에 ""지속가능발전은 단순한 경제 발전을 넘어 사회의 안정과 통합, 환경의 지속가능성 등을 아우르는 균형적 발전을 의미하는 것으로 우리 모두가 끊임없이 추구해야 할 목표다""며 이같이 답했다.   문 대통령은 특히 ""한국은 반세기 만에 절대 빈곤에서 벗어나 경제성장과 함께 민주주의를 달성해 선진국으로 발전했으나 여전히 많은과제가 남아 있다. 노인 빈곤율이 높고 양극화가 심각해 여성들의 사회활동에 제약이 많고 유리천장이 높다""며 ""더구나 코로나 유행으로 인해 불평등이 더 심해졌다. 그래서 지속가능발전이 매우 중요하다""고 강조했다.   그러면서 ""'누구도 소외되지 않는다'는 지속가능발전의 핵심 원칙은 '사람 중심의 혁신적 포용국가'를 지향하는한국 정부의 정책과 같은 철학을 공유하고 있다""고 말했다.  문 대통령은 또 '팬데믹 상황 속 지속가능발전목표 달성을 위한 한국의 노력과 국제적 기여는 무엇인가'란 질문에 ""한국은 방역 모범국가였지만 그 과정에서 취약계층과 소상공인,자영업자 등의 삶이 더 어려워졌고 돌봄 격차와 교육 격차 문제도 생기고 있다. 위기를 함께 극복하기 위해 한국은 포용성을 강화하고 있다""고 말했다.   문 대통령은 ""확장적 재정으로 취약계층과 소상공인, 자영업자들의 지원을 강화하고 거의 대다수 국민에게 재난지원금을 지급해 위기로부터 함께 회복하기 위해 노력하고 있다""며 ""한국은 125개 국가와 방역 물품을 나누고 방역 경험과 기술을 공유했고 (국제백신협력프로그램) 코백스(COVAX)에 2억 달러 공여를 약속했다. 한국은 지금은 네 종류의 백신을 생산해 세계에 공급하고 있으며 앞으로 글로벌 백신허브에 한축이 돼 더 많은 백신을 공평하게 보급할 수 있도록 노력해 나갈 것""이라고 했다.   그러면서 ""기후 대응에 있어서는 국내 석탄발전소를 조기 폐쇄하고 신규 해외 발전에 대한 공적 금융 지원을 전면 중단했다""며 ""개도국 지원 확대를 위해 기후 관련 ODA(공적개발원조)를 대폭 확대하고 개도국에서 선진국으로 발전한 한국의 경험을 통해 기후변화에개도국이 더 잘 적응할 수 있도록 돕고 있다""고 말했다.   문 대통령은 이밖에 'BTS를 대통령 특사로 임명한 배경이 무엇인가'란 질문에 ""지속가능발전은 미래세대에 매우 중요하고 또 미래는 미래세대의 것""이라며 ""BTS는 코로나로 고통을 겪고 있는 젊은 세대들에게 공감과 희망의 메시지를 전달하고 받은 사랑을선한 영향력으로 돌려준다""고 말했다.   이어 ""(이에 따라) BTS가 미래세대들의 목소리를 대변하고 더 활발한 참여를 이끌어낼 수 있을 것으로 생각했고 그것이 (BTS를) 특별사절로 임명하고 행사에 함께 참여한 이유다""고 덧붙였다.     [관련기사] ☞ ""삼촌네 왜 안와요? 엄마만 일하잖아요!"" 시조카가 따지네요 ☞ 타코에 커터칼 세조각 '끔찍'…""배달음식 먹다 입천장 베었다"" ☞ 곽민선 아나, 수원삼성 선수와 열애설…"" 경기 지는데 네 생각"" ☞ ""점점야위어가네""…고현정, 다이어트 성공 후 4개월 변천사 ☞ PC방 여직원 기절시켜 돈훔치고 몹쓸짓까지한 50대   뉴욕(미국)=정진우 기자 econphoo@mt.co.kr     ▶월 0.3%대 최저금리 적용, 키워드림론 간편 신청으로 수익 극대화하자 (신청하기)   빅 사이클 도래! 실적 발표 기대감! 단타, 중,장기를 모두 잡는 엄청난 종목의 등장! [클릭]   ▶급등임박 종목, 일단 뭔지 확인해보고 시작하자◀     [파워 인터뷰]       30배 박셀바이오, 20배 신풍제약, 그리고 '이바이오 종목'   ▶시세 분출 직전 ! 실적 상승 + 재료임박 + 외인대량매집중인 '이 종목' 긴급공개 ◀   기관 외인 바닥권 대량 매집흔적 발견! 급등 임박 大시세 종목 공개!!       <저작권자 ⓒ '돈이 보이는 리얼타임 뉴스' 머니투데이, 무단전재 및 재배포 금지>"
48,7,"2021-09-21","04:53:54","미국 캐쉬 낟알-옥수수, 미국 서부 중서부 프로세서에서 대두 입찰 하락","U.S. Cash Grains-Corn, soy bids fall at western U.S. Midwest processors .storyContent * {border-color:inherit !important;outline-color:inherit !important;} 시카고, 9월 20일 (로이터) - 월요일 미국 중서부의 일부 가공업체에서 콩과 옥수수의 현물기준 입찰가가 급격히 떨어졌다고 곡물상들이 말했다.  * 두 상품에 대한 현금 기준은 지역 내 엘리베이터에서 균일했다.  * 강을 따라 옥수수 입찰은 변동이 없었고 콩 입찰은 약간 약화되었다.  * 농부들의 판매는 부진했다.  * 대부분의 재배업자들은 수확을 준비하느라 바쁘고 곡물 마케팅에 큰 관심을 보이지 않았다고 오하이오주의 한 딜러는 말했다.  * 농부들은 올해 초 거의 10년 만에 가격이 최고로 급등했을 때 평소보다 많은 양의 곡물을 팔았다.     기준 값은 cts/bu 단위로 CBOT 미래에 대해 인용된다.       현재           이전         엘리베이터  입찰하다           입찰하다            일리노이 주 시카고                           옥수수 가공기  +115  +  z     +115  +  z  UNC   옥수수 엘리베이터  -50  +  z     -50  +  z  UNC   콩 엘리베이터  -40  +  x     -40  +  x  UNC   밀 엘리베이터  -25  +  z     -25  +  z  UNC   밀 가공기  -60  +  z     -60  +  z  UNC   디케이터 IL 옥수수  -10  +  z     -10  +  z  UNC   디케이터 IL 콩  -10  +  x     -10  +  x  UNC   번즈 하버 인 옥수수  -10  +  z     -10  +  z  UNC   번즈 하버 IN 콩  -20  +  x     -20  +  x  UNC   라파예트 IN 콩  -20  +  x     -20  +  x  UNC   톨레도 OH(좌현)                           옥수수  -20  +  z     -20  +  z  UNC   콩  -30  +  x     -30  +  x  UNC   SRW 밀  -20  +  z     -20  +  z  UNC   데이븐포트 IA(리버)                           옥수수  -38  +  z     -38  +  z  UNC   콩  -54  +  x     -53  +  x  DN 1   에반스빌 IN (철도)                         15량 CSX옥수수  UNQ           UNQ        UNC   신시내티 OH(철도)                           3량 옥수수  UNQ           UNQ        UNC   Hereford TX 옥수수  +115  +  z     +115  +  z  UNC   콜럼버스 OH (철도)                           3량 옥수수  UNQ           UNQ        UNC   모리스 IL (리버)                          옥수수  -30  +  z     -30  +  z  UNC   콩  -41  +  x     -40  +  x  DN 1   포트워스 TX 옥수수  +115  +  z     +115  +  z  UNC   블레어 NE 옥수수  +50  +  z     +75  +  z  DN 25   클리프 블러프스, IA(엘리베이터)                            옥수수  +70  +  z     +70  +  z  UNC   콩  -46  +  x     -46  +  x  UNC   데스 모인스 IA 콩  -30  +  x     -20  +  x  DN 10   수우 시 IA 콩  -20  +  x     -20  +  x  UNC   참고: 0 = 옵션 가격, UNC = 변경되지 않음, UNQ = 인용되지 않음,   NC = 비교 불가, DP = 지연 가격, N/A = 사용 불가,  F = 1월, H = 3월, K = 5월, N = 7월, Q = 8월, U =   9월, X = 11월, Z = 12월  -------------------------------------------------------------  링크: 0#USCSHGRN-AM  미국 전달 기반 스프레드시트의 경우 다음을 클릭하십시오.  CORN/BASIS, SOYA/BASIS, WHEAT/BASIS, MILO/BASIS  - CBOT 옥수수 보고서 COR/  - CBOT 콩 보고서 SOY/C  - CBOT 밀 보고서 WHE/C  - 美 곡물 바지선 화물가액 BG/US  - 미국 중서부 현금 곡물 AM   GRA/M  - 美 CIF/FOB 걸프 그레인 GRA/F  (Reporting by Mark WeinraubEditing by Paul Simao)  mark.weinraub@thomsonreuters.com ; +1 313 484 5282; Reuters Messaging: mark.weinraub.thomsonreuters.com@reuters.net     (c) Copyright Thomson Reuters 2020. Click For Restrictions - https://agency.reuters.com/en/copyright.html        Keywords: USA-GRAINS/CASH (TABLE)   원문 바로가기    DISCLAIMER  레피니티브의 사전, 서면 승인 없는 톰슨로이터 콘텐츠의 재생산이나 재배포는 금지되어 있습니다. 이 기사의 한국어 번역은 에프앤가이드가 사용하는 기계적 번역에 의한 것으로 톰슨로이터와 레피니티브는 번역의 정확성을 보증하지 않습니다."
49,1,"2021-09-21","04:37:17","달러화, 혼조…연준 회의 앞두고 헝다 파산설에 안전선호","(뉴욕=연합인포맥스) 배수연 특파원= 달러화 가치가 혼조세로 한 주를 출발했다 . 연방준비제도(Fed·연준)의 통화정책 결정을 앞두고 안전자산 선호 현상이 강화된  영향이다. 중국 부동산 개발업체 헝다(恒大·에버그란데)그룹의 파산 우려가 글로벌  금융시장을 강타하면서다.      연합인포맥스(화면번호 6411)에 따르면 20일 오전 9시 현재(이하 미국 동부시각 ) 뉴욕 외환시장에서 달러화는 109.500엔을 기록, 전장 뉴욕 후장 가격인 109.945엔  보다 0.445엔(0.40%) 하락했다.      유로화는 유로당 1.17120달러에 움직여, 전장 가격인 1.17325달러보다 0.00205달  러(0.17%) 내렸다.      유로는 엔에 유로당 128.26엔을 기록, 전장 128.98엔보다 0.72엔(0.56%) 하락했  다.      주요 6개 통화에 대한 달러 가치를 반영하는 달러 인덱스는 전장 93.196보다 0.  14% 상승한 93.329를 기록했다.      홍콩 증시가 3% 넘게 폭락하면서 외환시장도 요동치고 있다. 중국의 부동산 개발  업체 헝다(恒大·에버그란데)그룹의 파산 우려와 중국 당국의 홍콩 부동산 규제 가능  성 제기 등 악재가 겹치면서다. 홍콩 항셍지수는 이날 장중 4% 가까이 빠졌지만, 낙  폭을 줄이며 3.3% 하락으로 마감했다. 헝다 주가는 장중 한때 19% 가까이 떨어지며 2010년 5월 이후 11년 만에 최저가를 기록하기도 했다.      역외 위안화는 한때 6.488위안에 호가가 제시되는 등 200일 이동평균선을 위로  뚫었다. 기술적으로 5일 이동평균선이 20일 이동평균선을 위로 뚫는 골든크로스를 앞  두는 등 위안화는 상승 압력이 가중된 것으로 풀이됐다. 위안화 환율 상승은 위안화  가 달러화에 대해 약세를 보였다는 의미다.      안전선호 현상이 강화되면서 대표적 안전통화인 일본 엔화가 달러화에 대해 강세  를 보였다. 달러-엔 환율은 한때 109.430엔에 거래되는 등 120일 이동평균선을 아래  로 뚫었다. 달러-엔 환율 하락은 엔화가 달러화에 대해  강세를  보였다는  뜻이다.      유로화도 한때 1.16990달러를 기록하는 등 달러화에 대해 약세를 보이고 있다. 안전자산 선호와 함께 연준의 통화정책 결정 기구인 연방공개시장위원회(FOMC) 정례  회의를 앞두고 긴축에 대한 우려가 다시 불거지면서다. 연준은 자산매입 축소를 일컫  는 테이퍼링의 일정과 함께 점도표 상향 조정 등을 통해 매파적인 행보를 강화할 것  을 점쳐지고 있다.      단스케뱅크의 수석 분석가인 마이클 올라이 밀호이는 연준이 내년 한 번의 금리  인상을 예고하는 '점도표'를 상향조정하고 PMI가 약간 더 낮아질 것이라는 점에서  다소 매파적일 수 있다고 생각한다""고 진단했다.      그는 ""만약 그렇다면, 유로-달러는 아마도 하락세로 주간 단위를 마무리할 것""이  라고 전망했다.      ING의 G10 전략가인 프란체스코 페솔레는 ""외환시장은 중국 부동산 개발업체 헝  다(恒大·에버그란데)그룹 파산과 오는 22일 FOMC 정례 회의에 대한 우려로 엄청난  위협에 직면한 긴장된 기반 위에서 한 주를 시작한다""고 말했다.      neo@yna.co.kr  (끝)  <저작권자(C)연합인포맥스뉴스. 무단 전재-재배포 금지.>"
49,2,"2021-09-21","04:37:16","JPM 자료에 따르면 미국의 또 다른 취약한 일자리 보고서가 앞서고 있다고 한다.","Another weak U.S. jobs report may be ahead, JPM data suggests .storyContent * {border-color:inherit !important;outline-color:inherit !important;}  9월 20일(로이터) - 지난달 미국의 대규모 고용보고 부족을 예측하면서 사실상 다른 모든 예측보다 근접했던 JPMorgan 모델이 노동절 이후 소비자들이 여행과 여가 지출을 뒤로 돌리는 것으로 나타나면서 9월 또 다른 취약한 일자리 수를 가리키고 있다.  체이스 신용 카드 사용량 및 공항 보안 검사량 등 다양한 대체 데이터를 통해 은행 정량 연구팀이 만든 일자리 추적기는 9월 일자리 증가율을 33만3000명으로 추정했다. 그것은 8월의 실망스러운 일자리 증가와 전혀 다른 종류의 반등과는 거리가 멀 것이다. 235,000 - 1월 이후 최저치 - 연방준비제도이사회(Fed·연준) 정책 입안자들이 희망하고 있는 것.  노동부가 9월 3일에 발표한 8월 비농업 급여 보고서에 앞서 JP모건 연구팀의 모델은 그 달에 35만 3천 개의 일자리가 새로 추가될 것으로 추정했다. 이는 JPMorgan Chase의 다른 경제학자들이 예상한 62만5천명의 임금상승률의 절반과 71만8천명을 예상한 경제학자들에 대한 로이터의 80개 전망치보다 낮은 수치다.  퀀텀 팀의 최근 추정치는 2주 전에 비해 거의 25만 달러 감소했으며 체이스 신용카드 사용 데이터를 바탕으로 항공 여행이나 레스토랑과 같은 것에 대한 소비자 지출의 하락을 추적하고 있다.    코로나 바이러스의 델타 변종 확산을 시사하는 다른 데이터에서 최근 드러난 약점과 함께 나타난 이 질병은 COVID-19 예방접종 후 봄과 초여름에 급증했던 다양한 경제활동을 위축시키고 있으며 그 후 상당한 감염이 감소하고 있다. 미국은 평균적으로거의 150,000 new 로이터 통신 추적기에 따르면, 지난 주 하루 동안 감염은 7월 초에 비해 약 10배 정도 증가했다.  예를 들어, 급여 추적 회사인 홈베이스는 약 5만 개의 업소를 표본으로 분석한 결과, 9월 12일까지 8주 연속 중소기업에서 일하는 사람들의 수가 감소했다고 밝혔다.  한편 교통안전청 수치는 지난 주말공항 검문소를 청소하는 여행객들이 평균 7일 기준으로 2019년 수준의 72%로 6월 중순 이후 최저치를 기록한 것으로 나타났다.     이번 소강상태를보이는 것은 연준 관리들이 화요일에 다음 통화정책 회의를 소집하고 18개월 전에 취해진 긴급지원 조치의 시기와 방법에 대한 현재 진행중인 논의에 다시 참여할 것으로 예상되면서부터다. reduction in their asset purchases 금년 말  지난 7월 회의에서 관리들은 회의 후 성명을 통해 경제가 시간이 지남에 따라 평균 2%의 최대 고용과 물가상승이라는 목표를 향해 ""진보를 이룩했다""고 말했다. 앞으로 이틀 동안 이들과 대치하고 있는 핵심 의문은 그들이 최근의 사건 급증과 데이터 실망에 직면하여 더 많은 진전이 이루어졌다고 믿는다는 것을 나타내기 위해 이 진술을 수정하는 것에 동의할 수 있느냐 하는 것이다.            (Reporting by Dan Burns; Additional reporting by Howard Schneider; Editing by Andrea Ricci)  Daniel.Burns@thomsonreuters.com     (c) Copyright Thomson Reuters 2020. Click For Restrictions - https://agency.reuters.com/en/copyright.html        Keywords: USA-ECONOMY/DATA   원문 바로가기    DISCLAIMER  레피니티브의 사전, 서면 승인 없는 톰슨로이터 콘텐츠의 재생산이나 재배포는 금지되어 있습니다. 이 기사의 한국어 번역은 에프앤가이드가 사용하는 기계적 번역에 의한 것으로 톰슨로이터와 레피니티브는 번역의 정확성을 보증하지 않습니다."
49,3,"2021-09-21","04:35:01","1차 접종률 평균 71.1%…지역별 편차 전남 75.5%, 세종 65.5%","1차 접종률 평균 71.1%…지역별 편차 전남 75.5%, 세종 65.5%  ""유의미한 수준 아냐…청장년층 접종 끝나면 대부분 80%에 달할 것""         (서울=연합뉴스) 박규리 기자 = 국민 10명 중 7명이 신종 코로나바이러스 감염증(코로나19) 백신을 한 차례 이상 접종한 가운데 지역별로는 다소간 편차를 보이는 것으로 나타났다.      정부는 18∼49세 연령층의 접종이 마무리되면 대부분 지역의 1차 접종률이 80%에 가까워지면서 자연스럽게 지역 간 편차도 좁혀질 것으로 예상했다.      21일 코로나19 예방접종대응추진단(추진단)에 따르면 전날 0시 기준 누적 1차 접종자는 3천650만5천121명으로, 전체 인구의 71.1%에 달했다.      백신별로 접종 권고 횟수를 다 맞은 접종 완료자는 누적 2천216만9천798명으로, 인구 대비 43.2% 수준이다.      지역별 접종률에는 다소 차이가 있다.      1차 접종률을 보면 전남(75.5%), 전북(73.3%), 강원(72.7%), 충남(72.6%), 충북(72.5%), 서울(72.1%), 경북(71.2%) 등 7개 시도는 전국평균(71.1%)을 웃돈 반면 부산(70.8%), 경기·인천·경남(각 70.5%), 광주(70.0%), 제주(69.2%), 대전(69.0%), 울산(68.9%), 대구(68.0%), 세종(65.5%) 등 10곳은 평균에 못 미쳤다.      1위 전남(75.5%)과 17위 세종(65.5%)의 접종률 차이는 10.0%포인트(p)다.      접종 완료율도 전남이 51.7%로 1위, 세종이 38.3%로 17위였다. 두 지역 간에 13.4%p 차이가 난다.      추진단은 이 같은 접종률 편차의 원인으로 인구구조 차이를 들었다.      올 상반기에 60세 이상 고령층을 중심으로 접종이 진행된 만큼 고령층 인구가 많은 농·어촌 지역은 접종률이 높고, 세종처럼 청장년층인구 비중이 높은 도시는 접종률이 낮다는 것이다.      실제 전날 0시 기준 연령대별 1차 접종률은 50대 이상의 경우 92.1%에 달했으나, 18∼49세는 73.5%에 그쳤다.      추진단 관계자는 연합뉴스와의 통화에서 ""지역 간 편차는 연령층별 접종 순서가 달라서 생긴 차이""라면서 ""10월 2일까지 18∼49세 접종이 끝나면 대부분의 지역의 1차 접종률이 큰 차이 없이 80%에 다다를 것""이라고 말했다.      그는 이어 ""모든 지자체의 접종률이 전반적으로 높은 수준이고, 지역 편차도 유의미한 수준이 아니다""면서 ""다만 접종률이 낮은 지역의경우 혹시 접근성이 떨어져 미처 접종받지 못한 지역 내 인원은 없는지 등을 살펴야 할 것""이라고 덧붙였다.          정부는 18∼49세 연령층의 상당수가 접종에 참여할 것으로 보고 있다.      추진단은 전날 정례 브리핑에서 ""이미 접종을 받았거나 다른 대상군으로 예약한 인원까지 고려하면 18∼49세 인구 2천241만5천명의 84.4%가 접종에 참여할 것으로 보인다""고 전망했다.      정부는 접종률을 끌어올리기 위해 지난 18일부터 18세 이상(2003년 12월 31일 이전 출생자) 미접종자들에게 추가 예약의 기회도 제공하고 있다.      하지만 현재까지 예약률은 저조한 편이다. 전날 0시 기준으로 추가 예약 대상자 577만7천369명 중 0.5%인 2만8천671명만이 예약한 것으로 집계됐다.      미접종자는 오는 30일 오후 6시까지 사전예약시스템(https://ncvr.kdca.go.kr)을 통해 접종 일정을 잡을 수 있다.      추진단은 ""아직 미접종자의 예약률이 1%에 미치지 못하지만, 연휴 이후에 참여율이 올라갈 것으로 기대한다""며 ""18∼49세 연령층 중 접종받지 않은 분들은 미접종자 예약이나 '잔여 백신' 접종을 신청해주시길 바란다""고 당부했다.      curious@yna.co.kr  (끝)      <저작권자(c) 연합뉴스, 무단 전재-재배포 금지>"
49,4,"2021-09-21","04:34:23","英총리 만난 文대통령, 한반도 비핵화 지지 당부","[머니투데이 뉴욕(미국)=정진우 기자] [[the300]]     문재인 대통령이 유엔 안전보장이사회(안보리) 상임이사국인 영국의 보리스 존슨 총리를 만나 양국 현안에 대해 폭넓게 의견을 교환했다.   문 대통령은 미국 뉴욕에서 열리고 있는 '제76차 유엔총회' 참석 중에 영국 측의 요청으로 20일(현지시간) 오후 존슨 총리와 정상회담을 개최했다.   이번 회담에서 두 정상은 △양자 관계 및 실질 협력 △기후변화 및 코로나19 대응 등 글로벌 현안 △한반도 및 지역정세에 대하여 폭넓게 의견을 교환했다.   두 정상이 양자회담을 가진 것은 지난 6월13일 영국 콘월에서 열린 G7 정상회의 계기로 열린 '한-영 정상회담' 이후 100일만이다.   두 정상은 양국이 코로나19 상황 하에서도 올해 6월 문 대통령의 영국 방문 등 활발한 고위급 교류를 지속해오고 있음을 평가하고, 앞으로도 고위급 교류를 활성화하고 협력을 지속 확대·강화해 나가기로 했다.   이들은 또 코로나19의 영향으로 지난해 다소 위축됐던 양국 간 교역 및 투자가 올해 들어 백신 보급 확대에 따른 경제활동의 재개로 빠르게회복되고 있는 점을 긍정적으로 평가했다. 브렉시트 이전 양국 간 적용되던 '한-EU FTA'를 대체해 지난 1월 발효된 '한-영 FTA'가 안정적으로 운영되고 있는 만큼 앞으로 양국 간 교역·투자가 더욱 확대될 것으로 기대한다는 데 의견을 같이 했다.  두 정상은 양국이 올해 G7 정상회의(영국), P4G 정상회의(한국) 등 주요 다자회의 개최를 통해 글로벌 현안에대한 국제사회의 논의에 기여하고 있음을 평가하고, 오는 11월 영국에서 개최될 COP26에서도 기후변화 대응을 위한 국제사회의 의지가 결집되고, 각국의 기후행동이 강화될 수 있도록 적극 공조해 나가기로 했다.   존슨 총리는 자국에서 열리는 COP26이 성공적으로 개최될 수 있도록 우리 정부의 관심과 적극적인 기여를 당부했고, 특히 오는 11월 COP26 정상 세션에 문 대통령의 참석을 요청했다.   문 대통령은 한반도 정세 및 우리의 한반도 비핵화와 평화 정착을 위한 노력에 대해 설명하고, 북한이 조속히 대화에 복귀하여 한반도 평화프로세스가 실질적인 진전을 이룰 수 있도록 유엔 안보리 상임이사국이자 우리의 핵심 우방국인 영국의 지속적인 지지를 당부했다.   이에 존슨 총리는 한반도 평화프로세스 진전을 위한 우리 정부의 외교적 노력에 대한 영국의 지지 입장을 재확인하고, 가능한 대북 관여를모색하기 위해 협력해 나가겠다고 했다.   청와대 관계자는 ""이번 유엔총회 계기 한-영 정상회담은 올해 G7 의장국이자 유엔 안보리 상임이사국인 영국과의 활발한 정상외교를 통해 한-영 양국 간 양·다자 차원에서의 협력 방안에 대해 한층 더 심도 있게 논의하는 계기가 된 것으로 평가된다""고 말했다.      [관련기사] ☞ ""점점 야위어가네""…고현정, 다이어트 성공 후 4개월 변천사 ☞ ""죽을 것 같아 그랬다""는 암투병 불륜 남편..""암 환우 모욕"" 공분 ☞ ""남동생 결혼 못하는 건 너 때문""…이 말에 어머니 살해한 친딸 ☞ 이미래 ""집안일 도맡은 선한 남편, 5년째 코스튬 플레이 차분히 제안"" ☞ 천신만고 끝 그리스行..이재영·다영 쌍둥이 몸값 10분의 1토막   뉴욕(미국)=정진우 기자 econphoo@mt.co.kr     ▶월 0.3%대 최저금리 적용, 키워드림론 간편 신청으로 수익 극대화하자 (신청하기)   빅 사이클 도래! 실적 발표 기대감! 단타, 중,장기를 모두 잡는 엄청난 종목의 등장! [클릭]   ▶급등임박 종목, 일단 뭔지 확인해보고 시작하자◀     [파워 인터뷰]       30배 박셀바이오, 20배 신풍제약, 그리고 '이바이오 종목'   ▶시세 분출 직전 ! 실적 상승 + 재료임박 + 외인대량매집중인 '이 종목' 긴급공개 ◀   기관 외인 바닥권 대량 매집흔적 발견! 급등 임박 大시세 종목 공개!!       <저작권자 ⓒ '돈이 보이는 리얼타임 뉴스' 머니투데이, 무단전재 및 재배포 금지>"
49,5,"2021-09-21","04:34:00","추석 성묘길, 말벌 피하려면 ""향수 뿌리지마""…뱀에 물리면?","[머니투데이 임현정 기자] 추석 연휴에 벌초와 성묘를 하러 산에 간다면 말벌과 뱀을 조심해야 한다.   특히 가을철은 벌의 세력이 확산되는 시기다. 행정안전부에 따르면 2016년부터 지난해까지 벌 쏘임 환자는 총 6만4635명으로 집계됐다. 이 중 절반이 넘는 3만4980명(54.2%)은 8~9월에 발생했다.   벌 중에서도 말벌은 독성도 강한데다 한 마리가 여러 번 침을 쏠 수 있어 매우 위험하다. 그렇다면 어떻게 해야 말벌을 피할 수 있을까.        ━  말벌 피하려면 밝은 옷 입기…향수는 금물  ━       먼저 옷차림이 중요하다. 말벌은 검정색, 갈색 등 짙은 색 옷차림에 공격성이 강하다. 환경부 산하 국립공원관리공단에 따르면 말벌공격성향을 실험해 본 결과 검은색 > 갈색 > 빨간색 > 노란색 및 초록색 순으로 공격성이 강한 것으로 나타났다.   또 말벌은 사람의 가장 높은 부위인 머리 부분을 우선 공격하고, 머리카락 등 검은색 털이 있는 곳을 집중 공격하는 성향이 있다. 때문에 산에 갈 때는 가급적 밝은 옷과 모자 등을 착용하는게 안전하다.   이밖에도 향수를 비롯해 향이 강한 화장품과 샴푸는 꽃에서 나는 향과 비슷해 말벌을 자극할 수 있어 피하는 것이 좋다. 탄산음료 등 단 음식도 벌을 꼬이게 할 수 있다.   만약 벌집을 발견했다면 국립공원사무소나 119에 연락해야 한다. 말벌은 약한 진동에도 수십 마리의 말벌이 벌집 밖으로 나오는 등 민감하게반응하기 때문에 벌집을 자극하거나 스스로 제거하려 하면 안된다. 실수로 벌집을 건드렸다면 그 자리에서 20m 이상 떨어진 곳으로 재빠르게벗어나야 한다. 놀라서 웅크린다면 더욱 공격받기가 쉽다.   말벌에 쏘였다면 쏘인 부위를 깨끗한 물로 씻어주고 얼음주머니 등으로 차갑게 해야 한다. 호흡곤란, 두드러기 등 과민반응이 있으면 즉시 병원으로 가야 한다.       ━  뱀에 물린 부위 째고 입으로 흡입? 큰일납니다  ━       뱀을 피하려면 잡초나 풀이 많은 곳을 긴 막대기로 미리 헤집으며 뱀이 있는지를 눈으로 확인하면서 길을 가는 것이 좋다. 만약의 상황을 대비해 벌초를 할 땐 헬멧, 장갑 등 보호 장비를 착용하는 것도 필요하다.   뱀에 물렸을 경우 상처 부위를 헝겊 등으로 묶어 혈액 순환을 억제하고 3~4시간 내로 최대한 빨리 병원에 가서 치료를 받아야 한다. 자칫 흥분하여 뛰게 되면 혈액 순환이 빨라져 독이 쉽게 퍼질 수 있으므로 침착하게 대응해야한다.   간혹 물린 부위의 독을 빼기 위해 칼로 상처를 내서 독을 빼내려는 경우가 있는데 이는 오히려 위험한 방법이다. 물린 부위에 2차 감염이 발생해 추가 피해가 일어날 수 있다. 또 구강 내 상처가 있는 사람이 상처 부위를 흡입하면 독이 구조자의 몸속으로 유입될 수 있어 위험하다.       [관련기사] ☞ ""삼촌네 왜 안와요? 엄마만 일하잖아요!"" 시조카가 따지네요 ☞ 타코에 커터칼 세조각 '끔찍'…""배달음식 먹다 입천장 베었다"" ☞ 곽민선 아나, 수원삼성 선수와 열애설…"" 경기 지는데 네 생각"" ☞ ""점점야위어가네""…고현정, 다이어트 성공 후 4개월 변천사 ☞ PC방 여직원 기절시켜 돈훔치고 몹쓸짓까지한 50대   임현정 기자 lhjbora2@mt.co.kr    ▶월 0.3%대 최저금리 적용, 키워드림론 간편 신청으로 수익 극대화하자 (신청하기)   빅 사이클 도래! 실적 발표 기대감! 단타, 중,장기를 모두 잡는 엄청난 종목의 등장! [클릭]   ▶급등임박 종목, 일단 뭔지 확인해보고 시작하자◀     [파워 인터뷰]       30배 박셀바이오, 20배 신풍제약, 그리고 '이바이오 종목'   ▶시세 분출 직전 ! 실적 상승 + 재료임박 + 외인대량매집중인 '이 종목' 긴급공개 ◀   기관 외인 바닥권 대량 매집흔적 발견! 급등 임박 大시세 종목 공개!!       <저작권자 ⓒ '돈이 보이는 리얼타임 뉴스' 머니투데이, 무단전재 및 재배포 금지>"
49,6,"2021-09-21","04:31:30","UPDATE 1-Magnesium maelstrom이 자동차 회사들에게 또 다른 장애물을 던져준다.","UPDATE 1-Magnesium maelstrom throws up another roadblock for automakers .storyContent * {border-color:inherit !important;outline-color:inherit !important;}  방갈로르, 9월 20일 - 배출가스 단속과 에너지 부족으로 인해 중국 최고 생산국 내 마그네슘 제련소가 광범위하게 폐쇄되면서 2008년이후 금속 가격이 최고치로 치솟아 자동차 회사들에게 또 다른 골칫거리가 되고 있다.  이미 칩 부족으로 휘청거리고 있는 자동차 부문의 알루미늄 합금을 만들려면 항공우주산업에서도 널리 쓰이는 마그네슘이 필요하다.   금속 가격 MGN-CHINA 국제마그네슘협회(IMA)는 24일(현지시간) 유럽이 13년 만에 최고 수준으로 회복했으며 앞으로 몇 달 동안 더 상승할 것이라고 밝혔다.  릭 맥쿼리 IMA 사장은 성명에서 ""용량 감소와 가격 인상은 거의 전례가 없는 일""이라며 ""우리 산업은 2008년 베이징 올림픽 이후 이런 급격한 시장 변화를 경험하지 못했다""고 말했다.  IMA는 ""마그네슘 사용자들이 현재 상황에도 불구하고 장기적인 관점을 계속 가지고 있을 것""을 촉구했다.  중국 이외의 지역에서는 마그네슘의 생산량이 많지 않으며, 대부분의 생산량은 산시 지역에서 생산된다.   마그네슘은 아연 합금에도 사용되며 공급 부족은 또한 미사일 부품, 노트북, 휴대폰을 만드는 부문을 포함한 부문 전체에 걸쳐 퍼져나갈 수 있다.              (Reporting by Tom Daly in Beijing, Melanie Burton in Melbourne, Mai Nguyen in Hanoi, Bharat Govind Gautam and Arpan Varghese in Bengaluru; Editing by Pratima Desai and Alexander Smith)  arpan.varghese@thomsonreuters.com     (c) Copyright Thomson Reuters 2020. Click For Restrictions - https://agency.reuters.com/en/copyright.html        Keywords: METALS-MAGNESIUM/ (UPDATE 1, PIX)   원문 바로가기    DISCLAIMER  레피니티브의 사전, 서면 승인 없는 톰슨로이터 콘텐츠의 재생산이나 재배포는 금지되어 있습니다. 이기사의 한국어 번역은 에프앤가이드가 사용하는 기계적 번역에 의한 것으로 톰슨로이터와 레피니티브는 번역의 정확성을 보증하지 않습니다."
49,7,"2021-09-21","04:31:26","UPDATE 1-개각 후 신임 장관 취임에 따라 아르헨티나 시장 급락","UPDATE 1-Argentina markets dip as new ministers sworn in after reshuffle .storyContent * {border-color:inherit !important;outline-color:inherit !important;}   부에노스아이레스, 9월 20일 (로이터) - 지난 주 말 정부 예비선거 패배로 개각으로 이어진 후 투자자들이 경제 정책 전망에 대해 불확실성을 유지함에 따라 아르헨티나 증시가 월요일 하락세를 보였다.   알베르토 페르난데스 대통령이 21일오후 신임 장관 선서를 앞두고 장외국채는 평균 1% 이상 하락했고 JP모건 국가위험지수는 49 베이시스 포인트 급등해 1,569대를 기록했다.  S&P 머벌주가지수 .MERV올해 세계 최고 실적자 중 한 명인 에버그란드는 부동산 개발업체인 차이나 에버그란데의 채무 불이행 가능성에 대한 우려에도 불구하고 거의 6% 하락했다.   투자자들은 내각 개편이 여권 내 권력 균형이 지출 부족을 비판해 온 크리스티나페르난데스 데 키르치너 부통령과 연합한 당의 호전적인 세력 쪽으로 기울지 않을까 우려하고 있다.  ""새 내각의 구성은 급진화에 대한시장의 우려를 증가시킬 수 있는 '키르슈네르주의' 기지를 중심으로 대열을 좁히려는 의도를 나타낼 것입니다,""라고 현지 컨설팅 회사인 Portfolio Personal Inversiones는 말했다.  ""재무부가 통화금융을 늘리면서 지출을 늘릴 여지를 얻으면서 경고가 사라지고 있다""고 보고서는 덧붙였다.  페르난데스 데 키르치네르 부통령의 압력에 따른 금요일 밤의 개각은 그녀가 주초에 공개적으로 지지했던 후안 만주르 신임 내각총재를 포함한 많은 동맹국들이 장관직을 맡는 것을 보았다.  그러나 대통령 주변의 보다 온건한 진영과 연합한 몇몇 주요 장관들은 중요한 경제 장관 마틴 구즈만을 포함한 그들의 자리에 그대로 남아 있었다.  한나라당은 11월 중간선거에서 중도우파 야당에 9%포인트 뒤져 있을 것으로 예상되는 결과에 대한 강력한 기소권을 행사한 후 지지를 회복할 방안을 모색하고 있다.  그것은 상원에서 다수당을 잃고 하원에서 가장 큰 블록을 장악하고 있는 것을 볼 수 있다.  안드레스 말라무드 정치분석가는 ""상원을 선출하는 두어 개의 지방에서 결과를 뒤집어야 정족수를 잃지 않는다""고 말했다. ""그러려면 많은 돈을 분배해야 해.""  새로운 장관들에는 내각 책임자로서 만주르, 농업의 줄리안 도밍게스, 안보의 아니발 페르난데스, 교육계의 제이미 퍼지크, 과학계의 다니엘 필무스가 포함되어 있다. 전 관방장관이었던 산티아고 카페에로가 외무장관이 될 것이다.     (Reporting by Walter Bianchi and Nicolas Misculin; Editing by Adam Jourdan and David Gregorio)  adam.jourdan@thomsonreuters.com ; +54 1155446882; Reuters Messaging: adam.jourdan.thomsonreuters.com@reuters.net     (c) Copyright Thomson Reuters 2020. Click For Restrictions - https://agency.reuters.com/en/copyright.html        Keywords: ARGENTINA-POLITICS/ (UPDATE 1)   원문 바로가기    DISCLAIMER  레피니티브의 사전, 서면 승인 없는 톰슨로이터 콘텐츠의 재생산이나 재배포는 금지되어 있습니다. 이 기사의 한국어 번역은 에프앤가이드가 사용하는 기계적 번역에 의한 것으로 톰슨로이터와 레피니티브는 번역의 정확성을 보증하지 않습니다."
50,1,"2021-09-21","04:05:53","포천시 경기형 청정하천 공모선정…100억 확보","박윤국 포천시장 9월9일 ‘경기형 청정하천 공모사업’ 2차 PT 발표. 사진제공=포천시  【파이낸셜뉴스 포천=강근주 기자】 포천시가 경기도 주관 ‘경기형 청정하천 공모사업’에 응모해 본선에서 가평 화악천과 자웅을 겨룬 끝에 최종 대상지로 선정돼 도비 100억원을 확보했다.  포천시는 내년부터 4년간총 224억원(도비100억, 시비124억원)을 투입해 고모천 일대를 지역혁신이 융합된 새로운 도시공간으로 만들어 포천시민은 물론 수도권 주인에게 힐링 공간을 제공할 계획이다.  경기형 청정하천은 본래  시민 휴식공간인 하천 가치를 높이고 지역경제 활성화와 접목하기 위해 경기도가 전국 광역지자체로선 처음으로 시행하는 사업이다.  이번 공모사업에는 14개 시-군 14개 하천이 지원해 치열한경쟁을 벌였다. 포천시는 ‘여가-체육형’ 분야에 고모천을 대상지로 응모했고 가평 화악천과 본선에서 최종 경합을 벌인 끝에 대상지로 선정되는 쾌거를 올렸다.  소흘읍과 가산면을 잇는 고모천은 서울 중심과 불과 30분대에 위치해 있으며, 포천국립수목원, 고모저수지등이 있어 수도권 주민의 새로운 휴식공간으로 각광받고 있다.    포천 고모천 전경. 사진제공=포천시  포천시는 고모천에 제방 보축, 교량 개축 등 하천정비사업과 수변공원, 생활체육공원, 산책로, 자전거도로 등 관광자원을 구축하는 ‘힐링 물길 조성사업’을 추진할 계획이다.  수질개선과 생태계회복사업도 진행한다. 수질정화수로, 비점오염원 저감 식생체류지, 생태습지 등을 조성해 고모천 일대를 청정한 휴식공간과 수려한 자연환경이 어우러진 공간으로 조성한다.  박윤국 포천시장은 20일 “고모천 생태계를 보존하고 포천국립수목원과 고모저수지 등과 연계한특화된 관광 사업을 추진해 ‘찾고 싶고, 머물고 싶은 힐링 도시’를 만들어 가겠다”고 말했다. kkjoo0912@fnnews.com 강근주 기자  ▶1500% 가는 '제2의 HMM' 아직 5000원대 황금株, 급등 전 마지막 기회! [클릭] ▶“주식카톡방 완전무료 선언” 파격결정  [파이낸셜뉴스 주요뉴스]  → 남편과 사별한 여성, 자기 따라다니던 남자와 결혼했더니.. → ""팬티만 입으라는 지시 받았다"" 그의 소변에는... → 모델 한혜진 ""전 남친, 방송서 男 출연자와 눈 보며 대화했다고.."" → '태아 머리가 보인다' 전주 女 사우나서 일어난 일 → 월급 150만원 39세 여성의 어머니 ""내 딸 정도면.."" → 주식으로 속이 답답할 때 [파인애플]  ● 하루만에 高수익 챙길 ‘초대형’ 백신 대장株! 비밀리에 입수! 1200% ↑↑ (CLICK)  ▶▶[무료공개]◀◀ 지금 ""1,000만원""만 있어도 당장 ""이것""부터 사라!! >>> (무료 체험)   ※ 저작권자 ⓒ 파이낸셜뉴스. 무단 전재-재배포 금지 "
50,2,"2021-09-21","04:05:42","CBOT 밀은 단단한 달러, 낮은 옥수수, 그리고 콩에 의해 싸진다.","CBOT wheat ends lower on firm dollar, lower corn and soy  시카고, 9월 20일 (로이터) - 미국 밀선물 약세월요일, 옥수수와 콩 값 하락과 함께, 압력에 의해.달러화 강세, 원유 및 주식시장 하락분석가들은 말했다. CBOT 12월 연한적색 겨울 밀 WZ1 8로 끝났다.1부셸에 7달러에서 3달러/4센트 그 계약은 차트를 밑돌았다.100일 이동 평균에서 핵심 수준 이하로 마감된지원기술 수준 K.C. 12월 경질 적색 겨울 밀 KWZ1 떨어뜨린 13MGEX 12월 봄밀이 1부셸에 7달러에 거래된다. MWEZ1 6-1/2센트가 떨어져 8.94달러가 되었다. 세계 증시는 월요일 폭락했고 달러는 폭락했다.부동산 그룹 차이나 에버그란데의 분쟁은 우려를 불러일으켰다.경제에 대한 위험의 유출에 대해. ( 미국 농무부(USDA)는 다음 달로 예정되어 있다.그 주간 작황 및 상황 보고서를 나중에 발표하다.월요일. 로이터가 조사한 분석가들은 그 보고서가일요일 현재 22%의 겨울 밀 재배가 완료되었다. ( 지난주 미국밀 수출검사 총 56만3390건무역 추정치에 부합하는 톤수 (  (Reporting by Karl Plume; Editing by Peter Cooney)((karl.plume@thomsonreuters.com; +1 313 484 5285; 로이터메시지: karl.plume.thomsonreuters.com@reuters.net        Keywords: USA WHEAT/CBOT   원문 바로가기    DISCLAIMER  레피니티브의 사전, 서면 승인 없는 톰슨로이터 콘텐츠의 재생산이나 재배포는 금지되어 있습니다. 이 기사의 한국어 번역은 에프앤가이드가 사용하는 기계적 번역에 의한 것으로 톰슨로이터와 레피니티브는 번역의 정확성을 보증하지 않습니다."
50,3,"2021-09-21","04:03:27","FORX-Evergrande 신경은 역외 위안화를, 달러는 안전 입찰에서 가장자리에 든다.","FOREX-Evergrande nerves weigh on offshore yuan, dollar edges up on safety bid .storyContent * {border-color:inherit !important;outline-color:inherit !important;}   뉴욕, 9월 20일 (로이터) ­ 부동산 개발업체인 에버그란데의 지불능력 문제로 인한 파장에 대한 우려로 월요일 중국 역외 위안화 가치가 거의 한 달 만에 최저 수준으로 떨어졌다.   많은 대부업체와 공급업체, 투자자들에게 지불할 자금을 마련하기 위해 애쓰고 있는 에버그란데의 잠재적인 전염으로 시장 심리가 동요하고 있다. 채권 중 하나에 대한 8,350만 달러의이자 지불 기한이 목요일에 만료되며, 회사는 3,050억 달러의 부채를 지고 있다.   30일 위안화는 달러당 6.4226원으로 3개월만에 최고치로 강세를 보이다가 에버그랑데의 불안이 악화되자 역전을 시작했다. 이러한 움직임은 월요일 회사의 부실이 안정화되지 않을 경우 중국 금융 시스템의 광범위한 위험을 부채질할 수 있다는 중국 감독당국의 경고 이후 날카로워졌다.   웰스파고의 애널리스트들은21일(현지시간) 달러화가 다음 달 안에 위안화당 6.60달러에 이를 것으로 전망하고 있다. 역외 중국 위안화가 지속되다. CNH= 달러당 6.4839로 달러당 그린백 대비 약세를 보였다.  워싱턴 DC에 있는 웨스턴 유니온 비즈니스 솔루션스의 수석 시장 분석가인 조 마님보는 ""에버그란데에 대한 질서 있는 해결책이 될지 아니면 무질서한 해결책이 될지 어느 정도 명확해질 때까지 달러화로 안전으로 가는 고전적인 비행을 목격하고 있다""고 말했다.   그는 ""위험 자산이 이번 주까지 하락세를 지속할 것으로 예상돼 에버그란데를 투입하게 됐다""고 말했다.  달러와 엔화, 스위스 프랑 등 안전자산 환율은 이날 하루 만에 가장 큰 폭의 S&P 500지수가 11개월 연속 하락했다.   달러지수=USD 유로화 대비 0.025% 상승 EUR= 1.1725달러로 변동이 없다.  중앙은행의 정책 발표가 수요일로 예정되어 있는 가운데 연방준비제도이사회(Fed·연준)가 올해 월별 채권 매입을 축소하기 시작할 것이라는 기대감에 달러화 가치도 강세를 보이고 있다.   연방준비제도이사회(Fed)와는 별도로 이번주 스웨덴영국노르웨이 등 전 세계 여러 중앙은행들이 정책회의를 연다.   일본 엔화는 달러당 109.32원으로 달러당 0.58%나 강세를 보였다. GBP= 이날 0.63% 하락한 1.3656달러에 거래됐다.   위험 심리와도 상관관계가 있는상품통화인 캐나다 달러화는 달러당 1.2895달러까지 약세를 보이며 4주 만에 최저치로 떨어졌다. 달러당 1.28달러로 그린백에 비해 마지막으로 0.42% 하락했다.   캐나다 총선 여론조사는 저스틴 트뤼도 현 총리에게 유리하지만 그가 과반 의석을 차지하지는 않을 것으로 보인다.   가상화폐에서는 비트코인 BTC=BTSP 마지막으로 7.76% 하락한 43,577.67달러를 기록했다.     ========================================================  2시 52분 통화 입찰 가격PM(1852 GMT)    설명  RIC  지난  U.S. Close 이전   세션  Pct 체인지  YTD Pct 변화하다  하이비드  낮은 입찰   달러지수  =USD  93.2330  93.2230  +0.03%  3.614%  +93.4550  +93.1850   유로/달러  EUR=EBS  $1.1727  $1.1726  +0.01%  -4.02%  +$1.1737  +$1.1700   달러/엔  JPY=EBS  109.3350  109.9800  -0.58%  +5.82%  +110.0350  +109.3250   유로/엔  EURJPY=  128.20  128.94  -0.57%  +1.01%  +129.0300  +128.1500   달러/스위스  CHF=EBS  0.9276  0.9325  -0.51%  +4.85%  +0.9333  +0.9271   스털링/달러  GBP=D3  $1.3655  $1.3727  -0.52%  -0.05%  +$1.3740  +$1.3640   달러/캐나다어  CAD=D3  1.2820  1.2768  +0.42%  +0.68%  +1.2895  +1.2762   아우시/달러  AUD=D3  $0.7243  $0.7263  -0.28%  -5.84%  +$0.7268  +$0.7221   유로/스위스  EURCHF=  1.0878  1.0927  -0.45%  +0.66%  +1.0935  +1.0876   유로/스털링  EURGBP=  0.8587  0.8535  +0.61%  -3.92%  +0.8594  +0.8533   NZ 달러/달러  NZD=D3  $0.7022  $0.7035  -0.26%  -2.28%  +$0.7042  +$0.7006   달러/노르웨이  NOK=D3  8.7395  8.7120  +0.28%  +1.74%  +8.7805  +8.7105   유로/노르웨이  EURNOK=  10.2500  10.2008  +0.48%  -2.07%  +10.2815  +10.1995   달러/스웨덴  SEK=  8.6963  8.6787  +0.18%  +6.10%  +8.7459  +8.6644   유로/스웨덴  EURSEK=  10.1986  10.1804  +0.18%  +1.21%  +10.2336  +10.1755          (Reporting by Chuck Mikolajczak;Editing by Bernadette Baum and Cynthia Osterman)  charles.mikolajczak@tr.com ; @ChuckMik;)     (c) Copyright Thomson Reuters 2020. Click For Restrictions - https://agency.reuters.com/en/copyright.html        Keywords: GLOBAL-FOREX/ (UPDATE 5, GRAPHIC)   원문 바로가기    DISCLAIMER  레피니티브의 사전, 서면 승인 없는 톰슨로이터 콘텐츠의 재생산이나 재배포는 금지되어 있습니다. 이기사의 한국어 번역은 에프앤가이드가 사용하는 기계적 번역에 의한 것으로 톰슨로이터와 레피니티브는 번역의 정확성을 보증하지 않습니다."
50,4,"2021-09-21","04:03:17","UPDATE 1-미국 natgas 선물은 온화한 예측으로 일주일 만에 최저치로 떨어졌다.","UPDATE 1-U.S. natgas futures fall to one-week low on milder forecasts .storyContent * {border-color:inherit !important;outline-color:inherit !important;}  9월 20일(로이터) - 미국의 천연가스 선물은 다음 2주 동안 온화한 날씨가 예상됨에 따라 월요일 1주일 만에 최저치로 떨어졌다.  트레이더스는 유럽의 휘발유 가격이 하락했음에도 불구하고 미국 가격이 하락했다고 지적했다. TRNLTTFMc1 아시아와 JKMc1 영국산 화력발전소(mmBtu)가 100만 달러당 25달러를 넘어 사상 최고가를 기록하면서 미국 연료가 5달러에 불과해 전 세계 바이어들이 미국이 생산할 수 있는 액화천연가스(LNG)를 계속 사들였다.  유럽의 문제는 미국이 이미 가능한 한 많은 LNG를 생산하고 있다는 것이다.  데이터제공업체 Refinitiv에 따르면 9월 현재까지 미국 LNG 수출 공장으로 유입되는 가스의 양은 하루 평균 105억 입방피트(bcfd)로 8월과 동일하다. 이는 4월의 월간 기록인 11.5 bcfd와 비교된다.   트레이더스는 미국 LNG 수출이 이달 들어 더 늘었을 것으로 보였으나 열대성 폭풍니콜라스 기간 중 텍사스주 프리포트 LNG 공장에서 잠시 중단되고 월요일 메릴랜드주 버크셔 해서웨이 에너지 코브포인트에서 정비가 시작되면서 감소했다고 밝혔다.   미국 전월 가스 선물 NGc1 12.0센트(2.4%) 떨어진 mmBtu당 4.985달러에 거래를 마쳐 9월 10일이후 이틀째 최저치를 기록했다.  지난 2주 동안 미국의 전월세가 과대평가된 영토에 머문 후, 지난 주 가스 투기꾼들은 예상보다 큰 저장고를 건설한 후 지난 주 후반부터 시작된 가격 하락을 예상하고 8월 이후 처음으로 뉴욕상업과 인터콘티넨탈 거래소의 순장기입장을 줄였다.상품선물거래위원회(CFTC)의 자료에 의거한다. EIA/GAS  그러나 미국의 가스 비축량은 여전히 이맘때의 5년 평균보다 약 7.1% 낮았다. 유럽처럼 낮은 재고는 미국 휘발유 가격을 지난주 초 7년 만에 최고 수준으로 끌어올리는 데 일조했다.  Refinitiv는 미국의하부 48개 주의 가스 생산량이 9월 현재까지 평균 90.6 bcfd로 8월의 92.0 bcfd보다 감소했으며, 이는 걸프만 연안의 아이다 관련 손실 때문이라고 말했다. 이는 2019년 11월 월간 최고 기록인 95.4 bcfd와 비교된다.  미국 멕시코만 가스 생산의 약 27%인 0.6 bcfd가 아이다 이후 폐쇄된 상태로 남아 있다고 정부 자료가 28일 밝혔다.   온화한 날씨가 다가옴에 따라 Refinitiv는 에어컨 사용이 감소함에 따라 수출을 포함한 미국의 평균 가스 수요는 이번 주 86.8 bcfd에서 다음 주 83.4 bcfd로 떨어질 것으로 예상했다. 이번 주 전망치는 금요일 리피니티브가 예상했던 것보다 높았다.         9월 17일(예측) 종료된 주  9월 10일 종료된 주(실제)  1년 전 9월 17일   5년 평균 9월 17일      미국 주간 natgas 스토리지 변경사항(bcf):   68  83  74  70      스토리지 분야의 미국 총 나트가스(bcf):  3,074  3,006  3,671  3,311      미국 전체 스토리지 대 5년 평균 스토리지 비교  -7.2%  -7.1%                                                  글로벌 가스 벤치마크 퓨처스($$mBtu)  현재 날짜  전일  작년 이번 달  전년도 평균 2020  5년 평균(2016-2020)   헨리 허브 NGc1  5.12  5.30  2.28  2.13  2.66   제목 전송 기능(TTF) TRNLTTFMc1  25.18  21.79  3.94  3.24  5.19   재팬 코리아 마커(JKM) JKMc1  25.00  23.42  4.63  4.22  6.49                                         리피니티브 가열(HDD), 냉각(CDD) 및 총 등급 일수       2주 총 예측  현재 날짜  전일  전년도  10년규범  30년규범   미국 GFS HDD  35  34  56  52  58   미국 GFS CDD   87  115  75  94  89   미국 GFS TDD  122  149  131  146  147                      미국 주간 GFS 수급전망 재초기화         이전 주  현재 주  다음 주  작년 이번 주  월 평균 5년   미국 공급(bcfd)   미국 하부 48건조 생산  90.9  91.9  91.8  87.2  82.6   캐나다에서 수입하는 미국   7.2  7.3  7.3  6.1  7.6   미국 LNG 수입량  0.0  0.0  0.0  0.0  0.1   총 미국 공급량  98.1  99.2  99.2  93.3  90.3                      미국 수요(bcfd)                  미국, 캐나다 수출  2.5  2.6  2.6  2.0  2.3   미국, 멕시코 수출  5.7  5.7  5.9  5.8  5.0   미국 LNG수출  10.2  10.1  10.2  5.6  3.1   U.S. Commercommercial  4.7  4.9  5.0  5.1  4.8   미국 주거지  3.8  4.1  4.3  4.5  3.8   미국 발전소  33.5  31.9  28.0  30.8  32.8   미국 공업   20.9  21.0  21.0  21.6  21.1   미국 플랜트 연료  4.5  4.5  4.5  4.5  4.4   미국 파이프 분포  1.8  1.8  1.7  1.8  1.9   미국 자동차 연료   0.1  0.1  0.1  0.1  0.1   총 미국 소비량  69.4  68.4  64.7  68.4  68.9   미국 수요 총계  87.8  86.8  83.4  81.8  79.3                                         SNL 미국 천연가스 차일 가격($mMBtu당)      허브  현재 날짜  전일            헨리 허브 NG-W-HH-SNL   5.32  5.52            트랜스코 Z6 뉴욕 NG-CG-NY-SNL  4.90  5.09            PG&E 시티게이트 NG-CG-PGE-SNL  7.14  7.12            도미니언 남부 NG-PCN-APP-SNL  4.76  4.93            시카고 시티게이트 NG-CG-CH-SNL   5.02  5.26            알곤퀸 시티게이트 NG-CG-BS-SNL  5.00  5.16            소칼 시티게이트 NG-SCL-CGT-SNL  7.19  8.02            와하허브 NG-WAH-WTX-SNL  4.73  5.10                               SNL 미국 전력 차일 가격( 메가와트시당 $$)      허브  현재 날짜  전일            뉴잉글랜드 EL-PK-NPMS-SNL   66.00  63.50            PJM 웨스트 EL-PK-PJMW-SNL  49.00  58.50            에르코트 노스 EL-PK-ERTN-SNL  60.75  63.50            C 중간 EL-PK-MIDC-SNL  64.00  65.00            팔로 베르데 EL-PK-PLVD-SNL  64.25  51.50            SP-15 EL-PK-SP15-SNL  69.00  63.25               (Reporting by Scott DiSavino in New YorkEditing by Mark Potter and Matthew Lewis)  scott.disavino@thomsonreuters.com ; +1 332 219 1922; Reuters Messaging: scott.disavino.thomsonreuters.com@reuters.net  For Refinitiv type ENERGY in Eikon search bar and then go to the GAS dropdown and the NORTH AMERICA dropdown or see: Open For Interactive Map, type 'Interactive Map' in the box at upper left of the Reuters Eikon terminal.				 For graphics on Baker Hughes rig counts, see: http://graphics.thomsonreuters.com/15/rigcount/index.html For next-day SNL U.S. gas prices, see: 0#SNL-NG				 For next-day SNL U.S. power prices, see: 0#SNL-PWR For U.S. natgas price and storage polls, see: NGAS/POLL For U.S. nuclear power outages, see: NUKE/				 For U.S. Northwest hydro power report, see: NWRFC				 For U.S./Canada natural gas rig count vs Henry Hub futures price, see: http://tmsnrt.rs/2eT9k44 For the U.S. natural gas speed guide, see: USGAS For the U.S. power speed guide, see: USPOWER  To determine CFTC managed money net position add (NYMEX Henry Hub options and futures combined 3023651MNET) plus (ICE Henry Hub options and futures combined 3023391MNET divided by four) plus (NYMEX Henry Hub swaps options and futures combined 303565BMNET divided by four) plus (NYMEX Henry Hub penultimate gas swaps 303565CMNET divided by four)  NYMEX Henry Hub options and futures combined 0#3CFTC023651  NYMEX Henry Hub futures only 0#1CFTC023651  ICE Henry Hub options and futures combined 0#3CFTC023391  NYMEX Henry Hub swaps options and futures combined 0#3CFTC03565B  NYMEX Henry Hub Penultimate gas swaps 0#3CFTC03565C     (c) Copyright Thomson Reuters 2020. Click For Restrictions - https://agency.reuters.com/en/copyright.html        Keywords: USA-NATGAS/ (UPDATE 1)   원문 바로가기    DISCLAIMER  레피니티브의 사전, 서면 승인 없는 톰슨로이터 콘텐츠의 재생산이나 재배포는 금지되어 있습니다. 이 기사의 한국어 번역은 에프앤가이드가 사용하는 기계적 번역에 의한 것으로 톰슨로이터와 레피니티브는 번역의 정확성을 보증하지 않습니다."
50,5,"2021-09-21","04:03:09","복싱-유식이는 조슈아와의 싸움보다 아들의 학교생활을 더 걱정한다.","Boxing-Usyk more worried about son's schooling than fighting Joshua .storyContent * {border-color:inherit !important;outline-color:inherit !important;} 런던, 9월 20일 (로이터) - 우크라이나 올렉산드르 우시크는 토요일 런던에서 세계 헤비급 챔피언 앤서니 조슈아와의 링에 오르는 것보다 아들의 학교에서의 첫 날들이 더 걱정된다고 말한다.  조슈아는 토트넘 홋스퍼 스타디움에서 열리는 경기에서 WBA, IBF, WBO, IBO 벨트를 착용할 예정이다.  두 남자 모두 2012년 런던 올림픽에서 금메달을 땄고, 초 헤비급 부문에서 챔피언 조슈아, 헤비급에서 USyk가 금메달을 땄다.  선 신문은우섹의 말을 인용, ""현재 나는 앤서니 조슈아에 대해 생각하지 않는다""고 전했다. ""나는 그가 무엇을 할 것인지, 무엇을 사용할 것인지, 그가 어떻게 권투를 할 것인지에 대해 생각하지 않는다.  그는 ""지금 아들이 1학년을 막 시작했는데 정말 가기 싫어서 학교에서 어떤 기분인지 더 생각해 본다""고 말했다.  34세의 우식이는 전문적으로 무패의 선수로서 논란의 여지가 없는 크루저급 세계 챔피언에서 벗어났다. WBO의 의무 도전자는 월요일 런던으로 날아갔다.  조슈아(31)는 싸움 방송사인 스카이 스포츠 TV와의 인터뷰에서 우식이가 자신이 선호하는 체급 이상의 복싱 선수라고 생각하지 않는다고 말했다.  ""모든 권투선수들은 체중이 올라갈 수 있다. 24승 1패의 프로 전적을 갖고 있는 브리튼은 ""체중이 높아질수록 기분이 좋아지는 선수도 있다""고 말했다.  ""내 마음으로는 그가 순양함급이라는 대화를 없앴다.""  조슈아는 WBC 챔피언 타이슨 퓨리와 사우디에서 열린 WBC 챔피언 타이슨 퓨리와의 우승 후보 단일화가 미국의 중재자 결정으로 취소된 후 우식과 싸우고 있다.  퓨리는 10월 9일 라스베이거스에서 와일더와 맞붙을 예정이다.     (Reporting by Alan Baldwin, editing by Ken Ferris)  alan.baldwin@thomsonreuters.com ; +442075427933; ))     (c) Copyright Thomson Reuters 2020. Click For Restrictions - https://agency.reuters.com/en/copyright.html        Keywords: BOXING-HEAVYWEIGHT-JOSHUA-USYK/ (PIX)   원문 바로가기    DISCLAIMER  레피니티브의 사전, 서면 승인 없는 톰슨로이터 콘텐츠의 재생산이나 재배포는 금지되어 있습니다. 이 기사의 한국어 번역은 에프앤가이드가 사용하는 기계적 번역에 의한 것으로 톰슨로이터와 레피니티브는 번역의 정확성을 보증하지 않습니다."
50,6,"2021-09-21","04:02:22","UPDATE 1-미국, 과테말라, 살바도르 고위 관리들 부패 리스트에 추가","UPDATE 1-U.S. adds top Guatemalan, Salvadoran officials to corruption list .storyContent * {border-color:inherit !important;outline-color:inherit !important;}  멕시코시티, 9월 20일 (로이터) - 미국은 월요일 바이든 정부가 중미 당국에 불만을 품고 있다는 표시로 과테말라 법무장관과 살바도르 대법관 5명을 '비민주적이고 부패한' 공직자 명단에 올렸다고 밝혔다.   안토니우스 블링켄 미 국무장관은 이날 트위터에서 콘수엘로 포라스 과테말라 법무장관의 최고 보좌관도 명단에 올라 양국 간 부정부패 척결에 대한 미국의 우려가 커지고 있다며 이같이 밝혔다.  워싱턴과 긴장 관계를 맺고 있는 엘살바도르 대통령 나이브 부클레는 트위터를 통해 ""명단이 '부패'와 아무런 관련이 없다는 것은 명백하다""고 답했으며, 이는 순수한 정치이며 가장 낮은 종류의 간섭이다.  부클레는 왜 살바도르 야당 인사나 온두라스 정부 출신 인사가 명단에 없는지 의문을 제기했다.  ""정말 이상하군""이라고 썼다.  이달 초 부켈레 일당이 임명한 엘살바도르 대법원의 판사들은 대통령이 2연임할 수 있다고 판결해 2024년 재선에 나설 수 있는 물꼬를 트고 있다. sparking condemnation from Washington.     (Reporting by Mexico City newsroomEditing by Chris Reese)  frank.daniel@thomsonreuters.com ; +52 55 5282 7137; ))     (c) Copyright Thomson Reuters 2020. Click For Restrictions - https://agency.reuters.com/en/copyright.html        Keywords: USA-CENTALAMERICA/CORRUPTION (UPDATE 1)   원문 바로가기    DISCLAIMER  레피니티브의 사전, 서면 승인 없는 톰슨로이터 콘텐츠의 재생산이나 재배포는 금지되어 있습니다. 이 기사의 한국어 번역은 에프앤가이드가 사용하는 기계적 번역에 의한 것으로 톰슨로이터와 레피니티브는 번역의 정확성을 보증하지 않습니다."
50,7,"2021-09-21","04:01:25","BRIFT-벤틱스 Bioscience 파일을 통해 약 5,100만 달러의 주식 금융 자금을 조달했다고 주장 - SEC 제출","BRIEF-Ventyx Biosciences Files To Say It Has Raised About $51 Million In Equity Financing - SEC Filing .storyContent * {border-color:inherit !important;outline-color:inherit !important;} 9월 20일(로이터) - VENTYX BIOSCIES:   Ventyx 바이오시센스 파일들은 그것이 약 5,100만 달러의 주식 금융 자금을 조달했다고 말한다 -sec 제출         Reuters.Briefs@thomsonreuters.com        (c) Copyright Thomson Reuters 2020. Click For Restrictions - https://agency.reuters.com/en/copyright.html   원문 바로가기    DISCLAIMER  레피니티브의 사전, 서면승인 없는 톰슨로이터 콘텐츠의 재생산이나 재배포는 금지되어 있습니다. 이 기사의 한국어 번역은 에프앤가이드가 사용하는 기계적 번역에의한 것으로 톰슨로이터와 레피니티브는 번역의 정확성을 보증하지 않습니다."
51,1,"2021-09-21","03:33:05","마켓워치 ""미 증시, 두 달 만에 최악인 7개의 이유는""","(뉴욕=연합인포맥스) 배수연 특파원= 중국 부동산 개발업체 헝다(恒大·에버그란  데)의 파산에 대한 우려뿐만 아니라 신종 코로나바이러스 감염증(코로나19) 델타 변  이, 테이퍼링 논의, 부채한도 협상, 9월이라는 계절적 특성, 예정된 조정 압력, 인플  레이션 지속, 약화한 저가 매수 등이 미국 증시의 하락세를 부추긴 것으로 마켓워치  가 20일 보도했다.      마켓워치에 따르면 미국 증시에서 주요 지수가 큰 폭 1~2%의 급락세를 보이며 두  달여 만에 최악의 날로 치닫고 있다. 이날 하락세의 직접적인 원인은 헝다 그룹의  파산에 대한 우려가 지목됐지만 다른 일곱 가지 요인도 미국 증시 조정의 원인으로  지목됐다.       ◇ 델타 변이      델타 변이는 세계 최대의 경제 규모를 가진 미국에서 더 많은 확진자를 양산하고  있다.      뉴욕 타임스에 따르면 미국은 3월 1일 이후 가장 많은 매일 평균 2천명 이상의  사망자가 발생하고 있다 대부분이 백신 접종을 받지 않은 사람들이다. 인구의 56%가  백신을 접종한 플로리다는 하루 평균 353명이 사망하고 있다. 매체에 따르면 인구의 50%가 접종된 텍사스는 하루에 286명의 사망자가 발생하고 있다. 두 주는 3월 1일  이후 전체 코로나19 사망자의 30% 이상을 차지했다.       ◇ 테이퍼링 논의      시장은 통화정책 결정을 앞둔 연방준비제도(Fed·연준)의 연방공개시장위원회(F  OMC)에 시선을 고정하고 있다. 연준 관계자들이 경제 회복이 고르지 않아 보이지만  코로나19 팬데믹(대유행) 이후 시장을 지지했던 완화적인 통화정책을 철회할 가능성  에 직면하고 있어서다.      연준은 장기금리를 낮게 유지하고 수요를 늘리기 위해 지난해 6월부터 매달 800 억 달러 규모의 미국 국채와 400억달러 규모의 주택저당증권(MBS)를 매수해 왔다. 연  준은 경제가 인플레이션과 고용시장에서 ""실질적"" 진전이라는 문턱에 도달할 때까지  매입 정책을 유지할 것이라고 밝히고 있다. 시장은 그런 자산 매입을 줄일 시기가  지금인지를 저울질하고 있다.       많은 연준 관계자들은 9월 회의에서 테이퍼링을 발표하고 2022년까지 이를 마무  리하기 위해 연말 전에 이 계획을 시작하기를 희망하고 있다.      투자자들은 그러한 감축 일정에 대해 걱정하고 있으며 2022년 금리 인상에 대한  신호도 예의주시하고 있다.       ◇ 부채한도 협상      지난 주말 재닛 옐런 미 재무장관은 의회에 국가의 부채한도를 얼리거나 일시 유  예하지 않으면 경제 전반에 재앙을 초래할 것이라고 경고했다.      옐런은 월스트리트 저널(WSJ)의 칼럼에서 미국이 채무 불이행 사태를 일으킨 적  이 없다고 지적하면서 지금은 그렇게 될 것이라고 강조했다.      그는 1960년 이후 의회는 부채 한도를 80차례 올리거나 중단했으며, 트럼프 행정  부 시절 민주당은 부채 상한제를 유예하기로 세 차례나 합의했다고 말했다. 미국의  누적 부채는 약 28조 4천억 달러이다.       ◇ 9월이라는 계절적 특성      밸류에이션이 너무 높고 값싼 돈이라는 연준의 펀치볼이 최악의 시기에 치워질  것이라는 우려가 확산되고 있다. 계절적으로, 9월은 주식시장에서 최악의 달들 중 하  나이고 투자자들은 시장이 트렌드에 맞게 거래될 수도 있다고 생각한다.       ◇ 예정된 조정 압력      전략가들은 시장이 상당한 조정을 앞둔 것으로 보고 있다. 스탠더드앤드푸어스( S&P) 500이 최근 최고점에서 5% 이상 끌어내리지 않은 채 200세션 이상을 기록하면서  다. 현재의 고공행진 기조가 2016년에 최저 5%포인트 이상 하락하지 않은 채 404 거  래일을 보낸 이후 가장 길어진 것으로 보고 있어서다.       ◇지속되는 인플레이션       인플레이션이 시장을 계속 괴롭히고 있다. 최근 경제지표에 따르면 미국인들의  생활비는 7개월 만에 가장 낮은 속도로 8월에 올랐다. 큰 폭으로 뛴 올해 인플레이션  이 정점을 찍었는지는 모르지만, 아마도 미국인들은 더 높은 물가로부터 큰 안도감을  곧바로 얻지는 못할 전망이다.      인플레이션은 구매력이 감소하면서 전반적으로 생활비가 상승하는 것으로 정의된  다. 물가가 오르는 것은 드문 일이 아니며 매년 약 2%의 상승은 일반적으로 건강한  경제에 적합한 것으로 여겨진다.      코로나19 팬데믹에 따른 경제적 충격의 여파로 가격 상승은 최근 몇 년 동안보다  더 높았다. 2008년 석유가 급등한 것을 제외하면 올해 소비자물가는 30년 만에 가장 빠른 속도로  올랐다. 그리고 뉴욕 연은이 실시한 새로운 조사에 따르면 소비자들은 향후  12개월  동안 평균 5.2%의 인플레이션을 예상하고 있다.      그러나 시장 참여자들과 기업 임원들은 임금 인플레이션을 포함한 가격 압박의  지속 기간과 그 중 얼마가 고객에게 전달될 수 있는지에 대해서는 제대로 파악하지  못하고 있다.      임금은 10여 년 만에 가장 빠른 속도로 오르고 있다. 회사들은 더 많은 근로자를  고용하기 위해 필사적이며 충분한 자격을 갖춘 지원자를 찾지 못하기 때문에 임금을  올리고 있다.       ◇약해진 저가 매수세       투자자들은 허락할 때 매수에 나서는 저가 매수에 익숙해져 왔다. 그러나 이날  조정과 지난 한 주 동안의 거래는 투자자들이 하락한 주식에 대해 소폭 조정을 거친  뒤 기록적인 상승세를 재개할 것이라는 전망을 바탕으로 매수하기를 꺼린다는  점을  시사하고 있다.      지난 주말 스탠더드앤드푸어스(S&P) 500 지수는 6월경 이후 처음으로 단기 추세  선 아래로 마감했는데 이는 매수세가 꺾인 것을 반영할 수 있다.      neo@yna.co.kr  (끝)  <저작권자(C)연합인포맥스뉴스. 무단 전재-재배포 금지.>"
51,2,"2021-09-21","03:33:04","마켓워치 ""미 증시, 두 달 만에 최악인 7개의 이유는""","마켓워치 ""미 증시, 두 달 만에 최악인 7개의 이유는""       (뉴욕=연합인포맥스) 배수연 특파원= 중국 부동산 개발업체 헝다(恒大·에버그란데)의 파산에 대한 우려뿐만 아니라 신종 코로나바이러스 감염증(코로나19) 델타 변이, 테이퍼링 논의, 부채한도 협상, 9월이라는 계절적 특성, 예정된 조정 압력, 인플레이션 지속, 약화한 저가 매수 등이 미국 증시의 하락세를 부추긴 것으로 마켓워치가 20일 보도했다.      마켓워치에 따르면 미국 증시에서 주요 지수가 큰 폭 1~2%의 급락세를 보이며 두 달여 만에 최악의 날로 치닫고 있다. 이날 하락세의 직접적인 원인은 헝다 그룹의 파산에 대한 우려가 지목됐지만 다른 일곱 가지 요인도 미국 증시 조정의 원인으로 지목됐다.       ◇ 델타 변이      델타 변이는 세계 최대의 경제 규모를 가진 미국에서 더 많은 확진자를 양산하고 있다.      뉴욕 타임스에 따르면 미국은 3월 1일 이후 가장 많은 매일 평균 2천명 이상의 사망자가 발생하고 있다 대부분이 백신 접종을 받지 않은사람들이다. 인구의 56%가 백신을 접종한 플로리다는 하루 평균 353명이 사망하고 있다. 매체에 따르면 인구의 50%가 접종된 텍사스는 하루에 286명의 사망자가 발생하고 있다. 두 주는 3월 1일 이후 전체 코로나19 사망자의 30% 이상을 차지했다.       ◇ 테이퍼링 논의      시장은 통화정책 결정을 앞둔 연방준비제도(Fed·연준)의 연방공개시장위원회(FOMC)에 시선을 고정하고 있다. 연준 관계자들이 경제 회복이 고르지 않아 보이지만 코로나19 팬데믹(대유행) 이후 시장을 지지했던 완화적인 통화정책을 철회할 가능성에 직면하고 있어서다.      연준은 장기금리를 낮게 유지하고 수요를 늘리기 위해 지난해 6월부터 매달 800억 달러 규모의 미국 국채와 400억달러 규모의 주택저당증권(MBS)를 매수해 왔다. 연준은 경제가 인플레이션과 고용시장에서 ""실질적"" 진전이라는 문턱에 도달할 때까지 매입 정책을 유지할 것이라고밝히고 있다. 시장은 그런 자산 매입을 줄일 시기가 지금인지를 저울질하고 있다.       많은 연준 관계자들은 9월 회의에서 테이퍼링을 발표하고 2022년까지 이를 마무리하기 위해 연말 전에 이 계획을 시작하기를 희망하고 있다.      투자자들은 그러한 감축 일정에 대해 걱정하고 있으며 2022년 금리 인상에 대한 신호도 예의주시하고 있다.       ◇ 부채한도 협상      지난 주말 재닛 옐런 미 재무장관은 의회에 국가의 부채한도를 얼리거나 일시 유예하지 않으면 경제 전반에 재앙을 초래할 것이라고 경고했다.      옐런은 월스트리트 저널(WSJ)의 칼럼에서 미국이 채무 불이행 사태를 일으킨 적이 없다고 지적하면서 지금은 그렇게 될 것이라고 강조했다.      그는 1960년 이후 의회는 부채 한도를 80차례 올리거나 중단했으며, 트럼프 행정부 시절 민주당은 부채 상한제를 유예하기로 세 차례나합의했다고 말했다. 미국의 누적 부채는 약 28조 4천억 달러이다.       ◇ 9월이라는 계절적 특성      밸류에이션이 너무 높고 값싼 돈이라는 연준의 펀치볼이 최악의 시기에 치워질 것이라는 우려가 확산되고 있다. 계절적으로, 9월은 주식시장에서 최악의 달들 중 하나이고 투자자들은 시장이 트렌드에 맞게 거래될 수도 있다고 생각한다.       ◇ 예정된 조정 압력      전략가들은 시장이 상당한 조정을 앞둔 것으로 보고 있다. 스탠더드앤드푸어스(S&P) 500이 최근 최고점에서 5% 이상 끌어내리지 않은 채200세션 이상을 기록하면서다. 현재의 고공행진 기조가 2016년에 최저 5%포인트 이상 하락하지 않은 채 404 거래일을 보낸 이후 가장 길어진것으로 보고 있어서다.       ◇지속되는 인플레이션       인플레이션이 시장을 계속 괴롭히고 있다. 최근 경제지표에 따르면 미국인들의 생활비는 7개월 만에 가장 낮은 속도로 8월에 올랐다. 큰폭으로 뛴 올해 인플레이션이 정점을 찍었는지는 모르지만, 아마도 미국인들은 더 높은 물가로부터 큰 안도감을 곧바로 얻지는 못할 전망이다.      인플레이션은 구매력이 감소하면서 전반적으로 생활비가 상승하는 것으로 정의된다. 물가가 오르는 것은 드문 일이 아니며 매년 약 2%의상승은 일반적으로 건강한 경제에 적합한 것으로 여겨진다.      코로나19 팬데믹에 따른 경제적 충격의 여파로 가격 상승은 최근 몇 년 동안보다 더 높았다. 2008년 석유가 급등한 것을 제외하면 올해 소비자물가는 30년 만에 가장 빠른 속도로 올랐다. 그리고 뉴욕 연은이 실시한 새로운 조사에 따르면 소비자들은 향후 12개월 동안 평균 5.2%의 인플레이션을 예상하고 있다.      그러나 시장 참여자들과 기업 임원들은 임금 인플레이션을 포함한 가격 압박의 지속 기간과 그 중 얼마가 고객에게 전달될 수 있는지에대해서는 제대로 파악하지 못하고 있다.      임금은 10여 년 만에 가장 빠른 속도로 오르고 있다. 회사들은 더 많은 근로자를 고용하기 위해 필사적이며 충분한 자격을 갖춘 지원자를 찾지 못하기 때문에 임금을 올리고 있다.       ◇약해진 저가 매수세       투자자들은 허락할 때 매수에 나서는 저가 매수에 익숙해져 왔다. 그러나 이날 조정과 지난 한 주 동안의 거래는 투자자들이 하락한 주식에 대해 소폭 조정을 거친 뒤 기록적인 상승세를 재개할 것이라는 전망을 바탕으로 매수하기를 꺼린다는 점을 시사하고 있다.      지난 주말 스탠더드앤드푸어스(S&P) 500 지수는 6월경 이후 처음으로 단기 추세선 아래로 마감했는데 이는 매수세가 꺾인 것을 반영할 수 있다.      neo@yna.co.kr  (끝)"
51,3,"2021-09-21","03:32:28","美 입국시 코로나 백신 의무화‥중국인 입국 허용되나(상보)","[아시아경제 뉴욕=백종민 특파원] 오는 11월부터 미국에 입국하려면 코로나19 백신을 접종해야 한다. '물 백신'이라는 평가를 받는 중국산 백신을 맞은 이들의 입국 허용 여부가 논란이 될 전망이다.   AP통신에 따르면 제프 지엔츠 백악관 코로나19 대응 조정관은 20일(현지시간) 미국에 입국하는 모든 외국 국적자는 항공기 탑승 전백신 접종 증명서와 3일 이전에 받은 코로나19 음성 결과 증명서를 제출해야 한다고 밝혔다.   기존 코로나19 음성 결과 증명서를 제출하고 미국행 비행기에 탑승할 수 있었던 조건이 강화된 것이다.   대신 미국은 오는 11월부터 유럽과 영국 등 코로나 사태로 입국이 금지된 국가에서 오는 여행객들의 입국을 허용할 방침이다.    코로나19 사태 발발 이후 중단된 중국인의 입국이 허용될지도 관심이다. 미국은 현재 중국에 14일 이상 체류한 이들의 미국 입국을 금지하고 있다.    미 정부는 미국이 승인하지 않은 중국산 백신을 맞은 중국인의 입국을 허용할지에 대해 결론을 내려야 하는 상황이다.   중국 백신을 제한하면 중국산 백신을 접종한 많은 국가 국민의 미국 입국도 제한될 수 있다.   미국 식품의약청(FDA)과 질병통제예방센터(CDC)는 영국이 개발한 아스트라제네카 백신과 중국 및 러시아 개발 백신 사용을 승인하지 않았다.   지엔츠 조정관은 어떤 백신을 접종해야 미국 입국이 허가되는지에 대해서는 ""CDC의 결정에 달려있다""라고만 밝혔다.   미국은 자국민에 대한 규제도 강화할 예정이다. 미 정부는 백신을 접종하지 않은 자국민의 경우 미국행 항공기 탑승 하루 전과 도착 하루 뒤 코로나19 검사를 받도록 강제할 계획이다.    ● [무료공개] 지금 ""1,000만원""만 있어도 당장 ""이것""부터 사라!! >>> (무료 체험)   ● K방역 위기! SK바이오사이언스 1200% 능가할 하반기 역대급 백신株 [지금 확인]  ● 2021년 하반기 실적이 기대되는 저평가 종목 ㅇㅇㅇ 확인하기! [관련기사]  ☞ ""美, 11월 중 유럽인 입국 허용""  ☞ [진단] 中헝다 도산 위기, 세계 경제 성장 둔화 예고편  ☞ 中 위기설에 전세계 증시·상품·가상화폐 폭락세  ☞ 오후 9시 코로나19 신규 확진자 1531명  ☞ 투자 성공의 핵심은 기업분석! 'CORE' 바로가기      뉴욕=백종민 특파원 cinqange@asiae.co.kr   <ⓒ경제를 보는 눈, 세계를 보는 창 아시아경제(www.asiae.co.kr) 무단전재 배포금지>"
51,4,"2021-09-21","03:31:41","""한국 원천기술 가치 37조5천억원 12위…독일·일본보다 높아""","""한국 원천기술 가치 37조5천억원 12위…독일·일본보다 높아"" 미 싱크탱크 랜드연구소 분석…5G 선도국에 한국, 미국, 중국 꼽아         (로스앤젤레스=연합뉴스) 정윤섭 특파원 = 미국 싱크탱크 랜드연구소가 각국 스타트업 등이 개발한 원천기술의 시장 가치를 분석한 결과, 한국이 37조5천억 원으로 12위를 차지했다.      랜드연구소는 이러한 내용의 분석 자료를 내놓았다고 20일(현지시간) 박영선 전 중소벤처기업부 장관이 전했다.      연구소에 따르면 원천기술 시장 가치(5월 기준)를 국가별로 합산한 결과, 한국은 315억5천만 달러(약 37조5천130억 원)로 12위에 올랐다.      이는 독일(13위·250억2천만 달러), 싱가포르(14위·156억 달러), 스웨덴(15위·70억7천만 달러), 일본(16위·42억 달러)보다 앞선 것이다.      미국은 6천370억2천만 달러(757조4천100억 원)로 1위를 차지했고, 중국이 4천348억9천만 달러(517조 원)로 미국을 추격했다.      연구소는 ""미국과 중국이 높은 가치를 가진 스타트업에서 선두를 달리고 있고 중국의 비중이 커지고 있다""며 ""일본은 과거의 선도국이 뒤처질 수 있다는 것을 보여주는 사례""라고 진단했다.      연구소는 이와 함께 5세대 이동통신(5G) 선도국으로 한국과 중국, 미국 등 3개 나라를 꼽았다.         연구소는 한국이 85개 도시에 5G 상용 인프라를 구축했고 중국은 57개 도시, 미국은 50개 도시에 5G 인프라 작업을 완료했다고 분석했다.      이어 세대별 이동통신 주도국은 ▲1G 일본·미국 ▲2G 핀란드 ▲3G 일본·미국 ▲4G 노르웨이·스웨덴이었으나 5G의 경우 한국과 미국,중국 등 3개 나라가 주도하고 있다고 평가했다.      박 전 장관은 ""미국과 중국 패권 경쟁에서 미국이 중국 화웨이를 내칠 수밖에 없었던 이유 중 하나가 5G 시대를 둘러싼 통신장비와 기술상용화 문제""라며 ""세계에서 가장 먼저 5G를 상용화한 한국의 통신 네트워크 브랜드가 현재 미중 갈등 속에서 반도체와 함께 매우 주목받고있다""고 말했다.      박 전 장관은 지난 9일 캘리포니아주 랜드연구소를 방문해 5G 시대 등을 주제로 브리핑을 받았다.      4·7 서울시장 보궐선거에서 고배를 마셨던 그는 당분간 미국에 체류하며 워싱턴DC 소재 싱크탱크인 전략국제문제연구소(CSIS) 수석 고문으로 활동한다.       jamin74@yna.co.kr  (끝)     <저작권자(c) 연합뉴스, 무단 전재-재배포 금지>"
51,5,"2021-09-21","03:30:53","9월 21일 화요일에 시청할 내용","What to Watch in the Day Ahead - Tuesday, September 21 .storyContent * {border-color:inherit !important;outline-color:inherit !important;}  연방준비제도이사회(FRB)는이틀간의 정책회의를 시작하는데, 중앙은행은 이 회의에서 전염병 시대의 경기부양책을 잠재적으로 적용하기로 결정할 것이다.     미 상무부는 미국의 경상수지 적자를 보고할 예정이다. 전 분기(1957억 달러)에서 2분기(1910억 달러)로 좁혀졌을 것으로 보인다.      이 부서는 또한 주택 시운전 데이터를 공개할 것으로 예상된다. 7월 153만4000대가 오른 데 이어 8월에는 계절조정 연간 155만5000대까지 올랐을 가능성이 높다. 건축허가는 전월의 163만채에서 8월에는 166만채로 떨어졌을 가능성이 높다.     미국 식품의약국(FDA)이 흔히 습진이라고 불리는 염증성 피부염을 앓고 있는 청소년과 성인을 치료하기 위해 인키테(Incyte)의 크림 사용을 결정할 예정이다.     일본은행이 이틀 동안 통화정책 관련 회의를 연다. 중앙은행은 정책을 견지할 것으로 널리 예상되지만 COVID-19대유행으로 인한 동남아시아의 공장 폐쇄로 인한 수출과 생산에 대한 타격을 경고할 수도 있다. 쿠로다 하루히코 일본 총재의 회담 후 기자회견에서 일본의 경제 전망에 대한 견해에 초점이 맞춰질 예정이다.     캐나다 통계청은 8월에 새로운 주택 가격을 발표한다.캐나다 신규 주택가격은 6월 0.6% 오른 데 이어 7월에도 0.4% 올랐다.     아르헨티나의 연간 국내총생산(GDP)은 전분기 2.50% 증가에 이어 2분기에는 17.30%까지 상승할 것으로 예상된다.     라이브챗을 통한 글로벌 마켓 포럼   SLC 매니지먼트사의 전무 이사인 Dec Mullkey는 캐나다 선거에 대해 논한다. (0900/1300) 대화에 참여하려면 click here     (Compiled by Anvesh Reddy in Bengaluru; Editing by Krishna Chandra Eluri)  Anvesh.Reddy@thomsonreuters.com     (c) Copyright Thomson Reuters 2020. Click For Restrictions - https://agency.reuters.com/en/copyright.html        Keywords: AMERS-WHATTOWATCH/   원문 바로가기    DISCLAIMER  레피니티브의 사전, 서면 승인 없는 톰슨로이터 콘텐츠의 재생산이나 재배포는 금지되어 있습니다. 이 기사의 한국어 번역은 에프앤가이드가 사용하는 기계적 번역에 의한 것으로 톰슨로이터와 레피니티브는 번역의 정확성을 보증하지 않습니다."
51,6,"2021-09-21","03:30:51","BRIF-Musk, 러시아 내 테슬라 공장 건설에 대해 묻자 아직 4기가 공장 입지는 결정되지 않았다고 말했다.","BRIEF-Musk, When Asked About Building Tesla's Plant In Russia Says, Not Yet Decided On Fourth Gigafactory Location .storyContent * {border-color:inherit !important;outline-color:inherit !important;} 9월 20일 (로이터) -   일론 머스크는 러시아에 테슬라의 공장을 짓는 것에 대해 물었을 때, 테슬라는 아직 네 번째 Gigafactory 위치인 트윗을 결정하지 않았다고 말한다.   Further company coverage: TSLA.O  Reuters.Briefs@thomsonreuters.com        (c) Copyright Thomson Reuters 2020. Click For Restrictions - https://agency.reuters.com/en/copyright.html   원문 바로가기    DISCLAIMER  레피니티브의 사전, 서면 승인 없는 톰슨로이터 콘텐츠의 재생산이나 재배포는 금지되어 있습니다. 이 기사의 한국어 번역은 에프앤가이드가 사용하는 기계적 번역에 의한 것으로 톰슨로이터와 레피니티브는 번역의 정확성을 보증하지 않습니다."
51,7,"2021-09-21","03:30:20","""화이자 백신, 5~11세 어린이에게도 효능..안전성도 입증""","[뉴욕=뉴스핌]김근철 특파원=미국 제약사 화이자가 독일의 바이오엔테크와 공동개발한 코로나19 백신이 5~11세 어린이들에게도 안전하고효과가 높은 것으로 나타났다.   뉴욕타임스(NYT) 등에 따르면 화이자는 이날 발표한 성명과 시험 결과를 통해 자사의 백신이 어린이 연령층에게도 안정성과 효능을 보였다며 이같이 발표했다.   화이자는 유치원생과 초등학생을 상대로한 청소년 또는 성인 기준투여량의 3분1 용량을 접종한 결과, 강한 수준의 바이러스 항체가 형성됐다고 밝혔다.   화이자측은 접종 부위 통증이나 발열 등일반 부작용도 10대 청소년층과 비슷하거나 더 적었고, 심근염 부작용 사례도 없었다고 전했다.   NYT는 최근 델타 변이 확산 속에 미국내 신규 감염자 5명중 1명은 어린이 연령층인 가운데 이는 학교 수업 정상화로 등교하는 어린 학생들 둔 많은 학부무에게 안도가 되는소식이될 것이라고 전했다.   화이자는 미국 식품의약국(FDA)에 관련 자료를 제출, 이달말 사용 승인을 추진하고 있다.    화이자코로나19 백신 일러스트. [자료=로이터 뉴스핌]  kckim100@newspim.com 美, 11월부터 외국인 입국자 백신 접종 의무화..EU등 입국 제한은 해제  美 FDA 자문위, 65세 성인에 대해서만 부스터샷 승인..'16세 이상 성인'은 부결  부스터샷 승인 앞두고 화이자- FDA 미묘한 신경전..""추가접종해야""vs ""입증 부족"" 화이자 ""5세 미만 백신 임상시험 데이터 10월 말에 공개"" 영국, 12~15세 화이자 백신 1회 접종 권고    ▶▶[무료 공개]◀◀ 지금 ""1,000만원""만 있어도 당장 ""이것""부터 사라!! >>> (무료 체험) ▶[급등임박 공개]◀ 2021년 상반기 “정부정책 수해주” TOP 10 긴급공개 >>> (바로확인) ▶역대급! 1,000% 셀트리온 뛰어넘을 외국인+기관 순매수 TOP3 (CLICK) ▶<세계최초>신약재료+美승인!! 1500%↑터질 역대급 바이오株 [종목확인하기]       저작권자(c) 글로벌리더의 지름길 종합뉴스통신사 뉴스핌(Newspim), 무단 전재-재배포 금지"
52,1,"2021-09-21","03:04:17","UPDATE 1-잠비아 광산부 장관이 콘콜라 청산을 목표로 함","UPDATE 1-Zambia mines minister takes aim at Konkola liquidation .storyContent * {border-color:inherit !important;outline-color:inherit !important;}  루사카, 9월 20일 (로이터) - 잠비아의 광산부 장관은 월요일 베단타의 광산을 청산하려는 이전 정부의 노력을 비난했다. VDAN.NS 수년간의 분쟁을 촉발시킨 KCM(Konkola Copper Mines) 부대.  베단타와 정부는 국영광업투자회사 ZCCM-IH를 통해 KCM의 20%를 소유하고 있는잠비아가 사업권을 청산인에게 넘긴 2019년 5월부터 광산과 제련소를 놓고 법적 분쟁을 벌여왔다.  폴 카부스웨는 잠비아의 구리벨트를둘러보며 히칠레마 대통령의 새 행정부가 잠비아 경제의 엔진인 광업 분야에 대한 국가 개입을 철회할 것을 모색할 것임을 시사했다.   카부스웨는 KCM에서 가진 간담회에서 ""우리는 결코 정치를 민간에 들여와서는 안 된다""고 말했다. KCM은 소셜 미디어에 유포되어 광산부로부터 검증을 받았다.   그는 ""우리가 처한 혼란의 일부는 그 청산 과정 때문""이라고 덧붙였다.  국가가 지정한 임시 청산가 밀링고 룬구(Milingo Lungu)는 KCM을 매각하려던 KCM제련소와 콘콜라광물자원유한공사 등 2개 단위로 분할했다.   그러나 모든 구매자들은 법적 분쟁을 경계했는데, 베단타는 분할을 불법이라고 했고, 베단타와 잠비아 사이의 중재도 런던에서 진행 중이다.   카부스웨는 Lungu가 KCM에서 열린 회의에 참석하지 못한 것에 실망했다고 말했다.   루구 장관은 로이터 통신과의 인터뷰에서 월요일 열리는 회담에대해 아무런 공식 의사도 전달받지 못했다고 말했다.  베단타는 이달 초 ZCCM과 대화의 장을 열고 싶다고 밝혔으며 KCM에 15억달러를 투자하겠다고 약속했다.  베단타의 선일 두갈 그룹 회장은 ""우리는 KCM의 현재 상황을 해결하고 ZCCM, 정부 및 모든 이해관계자들과 협력하여 광산을 세계 유수의 구리 생산국 중 하나로 다시 건설하는 데 기여하고 있다""고 말했다.      (Reporting by Chris Mfula in Lusaka; Additional reporting by Helen Reid in Johannesburg; Writing by Helen Reid; Editing by Jan Harvey and Alexander Smith)  Helen.Reid@thomsonreuters.com ; +27 66 156 5214; ))     (c) Copyright Thomson Reuters 2020. Click For Restrictions - https://agency.reuters.com/en/copyright.html        Keywords: ZAMBIA-MINING/ (UPDATE 1)   원문 바로가기    DISCLAIMER  레피니티브의 사전, 서면 승인 없는 톰슨로이터 콘텐츠의 재생산이나 재배포는 금지되어 있습니다. 이 기사의 한국어 번역은 에프앤가이드가 사용하는 기계적 번역에 의한 것으로 톰슨로이터와 레피니티브는 번역의 정확성을 보증하지 않습니다."
52,2,"2021-09-21","03:03:52","검찰, 한달간의 증언 후 R. Kelly에 대한 사건 종결","Prosecutors rest case against R. Kelly after month of testimony .storyContent * {border-color:inherit !important;outline-color:inherit !important;}  뉴욕, 9월 20일 (로이터) - 미국 검찰은 R&B 가수가 여성과 소녀들을 성적으로 학대했다고 고발한 사람들의 종종 불안하고 생생한 증언을 한 후 월요일 R. Kelly에 대한 성 매매 사건을 쉬게 했다.  브루클린 연방법원의 검찰 사건은 지난 금요일 증언대에 선 한 임상심리학자의 증언으로 마무리되었다.  켈리의 변호사 캘빈 스콜라(Calvin Scholar)는 2005년경부터 이 가수를 알고 있으며 그를 ""관찰하고, 배우고, 될"" 멘토로 보고 있으며, 피해자들을 향한 불법 행위를 본 적이 없다고 말한 한 음악 예술가와 함께 변론을 시작했다.  다니라는 이름으로 공연하는 목격자 역시 켈리로부터 켈리의 여자친구들과 성관계를 갖자는 부탁을 받은 적이 없다고 말했다.  마리아 크루즈 멜렌데즈 검사는 증인이 켈리와 그다지 가깝지 않다는 것을 보여주기 위해 대질신문을 시도했고, 결코 구체화되지 않은 자신의 음악 경력을 발전시키기 위해 켈리의 선한 편에 머물기를 원했다.  로버트 실베스터 켈리라는 이름의 켈리는 매춘을 위해 주 경계를 넘어 불법으로 사람들을 수송한 혐의 8개와 1개의 공갈죄에 대해 무죄를 주장했다.  검찰은 54세의 켈리가 1996년 그래미상을 수상한 곡 ""I Believe I Can Fly"" 를 포함한 그의 음악이 그를 유명하게 만들었을 때인 1990년대 중반까지 여성과 소녀들을 손질하고 미리 준비했다고 비난했다.  켈리가1994년 불법 결혼했을 때 15살이었던 가수 알리아도 그의 피해자로 지목됐다. 그 결혼은 나중에 무효화되었고, 알리아씨는 2001년 비행기 사고로 사망했다.  8월 18일 재판이 시작된 이후 배심원들은 수십 명의 여성과 전직 직원들로부터 켈리가 수행원들에 대한 엄격한 통제를유지하고 있다는 증언을 들었다.  몇몇 목격자들은 켈리가 사람들이 화장실에 가거나 다른 사람들과 대화할 수 있는 허가가 필요한 등 ""로브"" 규정을 어기면 화가 났고, 그를 잠재적으로 범죄로부터 용서하기 위해 ""사과 편지""를 쓰도록 고발자들에게 압력을 가했다고 말했다.  목격자들은 켈리가 성관계 전에 자신이 성병에 걸린 헤르페스를 가지고 있다는 사실을 말하지 않았다고 비난했다.  피고측 변호사들은 켈리의 고발자들을 그 가수의 명성을 이용할 수 없게 된 후 실망감을 느낀 팬으로 묘사하려고 노력해왔다.  그들은 또한 고발자들과전직 직원들이 왜 켈리를 더 빨리 떠나지 않았는지 혹은 경찰에 가지 않았는지 의문을 제기했고, 앞으로 나오기를 몇 년 동안 기다렸다.  6명의 증인이 변론을 위해 증언할 수 있다.  2017년 말 #미투 운동이 시작된 뒤 켈리에 대한 정밀 감시가 늘었고, 라이프타임은 2019 년 1월 다큐멘터리 '서바이빙 알 켈리'를 방영했다.  켈리는 브루클린 재판의 결과와 상관없이 여전히 일리노이와 미네소타에서 성 관련 혐의를 받고 있다.     (Reporting by Jonathan Stempel in New York; Editing by Howard Goller)  jon.stempel@thomsonreuters.com ; +1 646 223 6317) )     (c) Copyright Thomson Reuters 2020. Click For Restrictions - https://agency.reuters.com/en/copyright.html        Keywords: PEOPLE-RKELLY/ (PIX)   원문 바로가기    DISCLAIMER  레피니티브의 사전, 서면 승인 없는 톰슨로이터 콘텐츠의 재생산이나 재배포는 금지되어 있습니다. 이 기사의 한국어 번역은 에프앤가이드가 사용하는 기계적 번역에 의한 것으로 톰슨로이터와 레피니티브는 번역의 정확성을 보증하지 않습니다."
52,3,"2021-09-21","03:03:13","BRIF-Neogen, Capinnovett, Inc. 인수","BRIEF-Neogen Acquires Capinnovet, Inc. .storyContent * {border-color:inherit !important;outline-color:inherit !important;} 9월 20일 (로이터) - 네오젠 코퍼레이션 NEOG.O:  네오젠이 카피노브트 주식회사를 인수했다.   neogen company - 합의 조건은 공개되지 않음    Further company coverage: NEOG.O  Reuters.Briefs@thomsonreuters.com        (c) Copyright Thomson Reuters 2020. Click For Restrictions - https://agency.reuters.com/en/copyright.html   원문 바로가기    DISCLAIMER  레피니티브의 사전, 서면 승인 없는 톰슨로이터 콘텐츠의 재생산이나 재배포는 금지되어 있습니다. 이 기사의 한국어 번역은 에프앤가이드가 사용하는 기계적 번역에 의한 것으로 톰슨로이터와 레피니티브는 번역의 정확성을 보증하지 않습니다."
52,4,"2021-09-21","03:02:26","뉴욕의 청정 에너지 전환을 지원하기 위해 BRIFT-Blackstone 재생 에너지 프로젝트 선정","BRIEF-Blackstone Renewable Energy Project Selected To Support New York’S Transition To Clean Energy .storyContent * {border-color:inherit !important;outline-color:inherit !important;} 9월 20일(로이터) - Blackstone Inc. BX.N:  뉴욕의 청정에너지 전환을 지원하기 위해 선정된 블랙스톤 재생에너지 프로젝트   블랙스톤 - 1,250 mw의 청정 전력을 뉴욕 시에 공급하여 화석 연료의 발전을 대체하는 프로젝트    Further company coverage: BX.N  Reuters.Briefs@thomsonreuters.com        (c) Copyright Thomson Reuters 2020. Click For Restrictions - https://agency.reuters.com/en/copyright.html   원문 바로가기    DISCLAIMER  레피니티브의 사전, 서면 승인 없는 톰슨로이터 콘텐츠의 재생산이나 재배포는 금지되어 있습니다. 이 기사의 한국어 번역은 에프앤가이드가 사용하는 기계적 번역에 의한 것으로 톰슨로이터와 레피니티브는 번역의 정확성을 보증하지 않습니다."
52,5,"2021-09-21","03:02:00","USDA 일일 도살 - 가축 119,000마리 및 Hogs 478,000마리","USDA Daily Slaughter - Cattle 119,000 and Hogs 478,000  USDA 일일 학살                CATTLE   CALVES        HOGS     SHEEPMonday 09/20/2021              119,000    2,000     478,000     9,000Week ago                     114,000    2,000     471,000     9,000Year ago (act)                 118,000    1,000     479,000     9,000Previous Day                 Steer & Heifer    Cow & Bull                 Friday         93,000               25,000                 Saturday       51,000               13,000     **개정 토요 소 도살..현재까지 64,000개의 새 주..657,000**           (시카고 상품 데스크(312)408-8720, chicago.commods.newsroom@thomsonreuters.com   원문 바로가기    DISCLAIMER  레피니티브의사전, 서면 승인 없는 톰슨로이터 콘텐츠의 재생산이나 재배포는 금지되어 있습니다. 이 기사의 한국어 번역은 에프앤가이드가 사용하는 기계적 번역에 의한 것으로 톰슨로이터와 레피니티브는 번역의 정확성을 보증하지 않습니다."
52,6,"2021-09-21","03:00:44","BUZ-EUR/USD-달러 불스가 그립을 약간 느슨하게 한다.","BUZZ-EUR/USD-Dollar bulls loosen their grips a bit .storyContent * {border-color:inherit !important;outline-color:inherit !important;} EUR/USD 슬라이드 새벽 연장, EBS에서 20세션 최저치 1.1700 을 기록   뉴욕은 1.1715번지 부근에 문을 열고 일찍 싱크대를 설치하며, 6.4890번지 부근에 미화/CNH를 낮출 수 있도록 도왔다.   주식 ESv1, 기름 LCOc1 방울은 또한 미국/유로화되지만 미끄럼 방지용 스톨도 무겁다.   US$, 엔화매수 감소, 유로화/유로화 대비 짧은 커버 리프트를 포지티브 그라운드까지 페어링    EUR/USD는 1.1740에 근접한 후 세션 후반 1.1725에 가까워졌다.   위험의 3중 위협으로 인해 미국 달러화 대비 유로화의 하방 잠재력이 높아짐    자세한 내용을 보려면 을 클릭하십시오. FXBUZ      (Christopher Romano is a Reuters market analyst. The views expressed are his own)  christopher.romano@thomsonreuters.com        (c) Copyright Thomson Reuters 2020. Click For Restrictions - https://agency.reuters.com/en/copyright.html   원문 바로가기    DISCLAIMER  레피니티브의 사전, 서면 승인 없는 톰슨로이터 콘텐츠의 재생산이나 재배포는 금지되어 있습니다. 이 기사의 한국어 번역은 에프앤가이드가 사용하는 기계적 번역에 의한 것으로 톰슨로이터와 레피니티브는 번역의 정확성을보증하지 않습니다."
52,7,"2021-09-21","03:00:12","<표> 다우존스 인터넷 종합지수: 1091.44 (dn -28.12) : dn -2.51%","Open       High        Low       Last Net Change   % Change    DJ Composite Internet Idx   1,098.78   1,104.83   1,086.55   1,091.44     -28.12      -2.51    DJ Internet Commerce Idx    2,486.77   2,494.83   2,449.37   2,460.67     -73.47      -2.90    DJ Internet Services Idx      421.08     424.99     417.93     420.38      -9.00      -2.10   Source: FactSet      다우존스 제공     2021. September. 20일  미국동부시간 14:00 (표준시 18:00)   ＜ⓒ종합 경제정보 미디어 이데일리 - 무단전재 & 재배포 금지＞"
53,1,"2021-09-21","02:29:47","[유럽증시] 헝다그룹 리스크에 일제히 폭락","[샌프란시스코=뉴스핌]김나래 특파원=유럽 주요국 증시는 20일(현지시간) 일제히 폭락했다.   독일 프랑크푸르트증권거래소 [사진= 로이터 뉴스핌]  이날 범유럽지수인 STOXX 600 지수는 전 거래일 대비 7.72포인트(1.67)% 폭락한 454.12에 마감했고, 독일 프랑크푸르트 증시의 DAX지수는 358.11포인트(2.31%) 급락한 1만51320.06울 기록했다.  또 프랑스 파리 증시의 CAC40지수는 114.38포인트(1.74%) 내린 6455.81, 영국 런던 증시의 FTSE100지수는 59.73(0.86%) 빠진 6903.91에 마감했다.  시장은 이번주 주요국들의 중앙은행 회의가예정돼 있는 가운데 중국 부동산 그룹인 차이나 헝다그룹(에버그란데)에 대한 리스크 우려가 커지면서 공포감에 급락했다. 업종별로는 광산주는 상품 가격 하락으로 3.6% 하락했다. 모든 주요 유럽 하위 지수는 은행이 4.3% 하락하면서 제일 낮은 기록을 보였고, 유틸리티와 식음료 및 부동산은 가장 작은 하락을 기록했다.  아시아 주식은 세계에서 가장 부채가 많은 부동산 개발업체인 헝다그룹의 이슈가 불거지면서 급락했다.  러스 몰드 AJ벨 투자이사는 ""세계 시장의 관점에서 볼 때 더 중요한 것은 거대한 중국 부동산 개발업체인 헝다그룹의 우려되는 상황이며, 이는 광산주에게 특히 나쁜 소식""이라고 밝혔다.  벤치마크 유럽 STOXX 600은 글로벌 성장 둔화, 인플레이션 급등, 지속적으로 높은코로나19 사례 및 중국 기업의 엄격한 규제로 인한 여파에 대한 우려로 3주 연속 하락했다. 미 연준의 정책 회의는 중앙 은행이 대규모 팬데믹 부양책을 완화하기 위한 토대를 마련할 것으로 예상됨에 따라 초점이 맞춰지고 있다. 전체적으로 이번 주 영국, 노르웨이, 스위스, 일본을 포함한 16개 중앙은행이 회의를 가질 예정이다.  시티 인덱스(City Index)의 피오나 신코타 선임 금융 시장 분석가는 ""미국 중앙은행이 채권 매입 축소를 위한 토대를 마련하기 시작할 것이라는 기대가 커지고 있다""고 말했다.  한편, 유럽의 공포 게이지는 거의 8개월 만에 최고치를 기록했다.  ticktock0326@newspim.com BTS, 유엔에서 희망 메시지...""'로스트' 아니라 '웰컴 제너레이션'""    ▶▶[무료 공개]◀◀ 지금 ""1,000만원""만 있어도 당장 ""이것""부터 사라!! >>> (무료 체험) ▶[급등임박 공개]◀ 2021년 상반기 “정부정책 수해주” TOP 10 긴급공개 >>> (바로확인) ▶역대급! 1,000% 셀트리온 뛰어넘을 외국인+기관 순매수 TOP3 (CLICK) ▶<세계최초>신약재료+美승인!! 1500%↑터질 역대급 바이오株 [종목확인하기]       저작권자(c) 글로벌리더의 지름길 종합뉴스통신사 뉴스핌(Newspim), 무단 전재-재배포금지"
53,2,"2021-09-21","02:29:43","[유럽증시] 헝다그룹 리스크에 일제히 폭락","[샌프란시스코=뉴스핌]김나래 특파원=유럽 주요국 증시는 20일(현지시간) 일제히 폭락했다.   독일 프랑크푸르트증권거래소 [사진= 로이터 뉴스핌]  이날 범유럽지수인 STOXX 600 지수는 전 거래일 대비 7.72포인트(1.67)% 폭락한 454.12에 마감했고, 독일 프랑크푸르트 증시의 DAX지수는 358.11포인트(2.31%) 급락한 1만51320.06울 기록했다.  또 프랑스 파리 증시의 CAC40지수는 114.38포인트(1.74%) 내린 6455.81, 영국 런던 증시의 FTSE100지수는 59.73(0.86%) 빠진 6903.91에 마감했다.  시장은 이번주 주요국들의 중앙은행 회의가예정돼 있는 가운데 중국 부동산 그룹인 차이나 헝다그룹(에버그란데)에 대한 리스크 우려가 커지면서 공포감에 급락했다. 업종별로는 광산주는 상품 가격 하락으로 3.6% 하락했다. 모든 주요 유럽 하위 지수는 은행이 4.3% 하락하면서 제일 낮은 기록을 보였고, 유틸리티와 식음료 및 부동산은 가장 작은 하락을 기록했다.  아시아 주식은 세계에서 가장 부채가 많은 부동산 개발업체인 헝다그룹의 이슈가 불거지면서 급락했다.  러스 몰드 AJ벨 투자이사는 ""세계 시장의 관점에서 볼 때 더 중요한 것은 거대한 중국 부동산 개발업체인 헝다그룹의 우려되는 상황이며, 이는 광산주에게 특히 나쁜 소식""이라고 밝혔다.  벤치마크 유럽 STOXX 600은 글로벌 성장 둔화, 인플레이션 급등, 지속적으로 높은코로나19 사례 및 중국 기업의 엄격한 규제로 인한 여파에 대한 우려로 3주 연속 하락했다. 미 연준의 정책 회의는 중앙 은행이 대규모 팬데믹 부양책을 완화하기 위한 토대를 마련할 것으로 예상됨에 따라 초점이 맞춰지고 있다. 전체적으로 이번 주 영국, 노르웨이, 스위스, 일본을 포함한 16개 중앙은행이 회의를 가질 예정이다.  시티 인덱스(City Index)의 피오나 신코타 선임 금융 시장 분석가는 ""미국 중앙은행이 채권 매입 축소를 위한 토대를 마련하기 시작할 것이라는 기대가 커지고 있다""고 말했다.  한편, 유럽의 공포 게이지는 거의 8개월 만에 최고치를 기록했다.  ticktock0326@newspim.com BTS, 유엔에서 희망 메시지...""'로스트' 아니라 '웰컴 제너레이션'""    ▶▶[무료 공개]◀◀ 지금 ""1,000만원""만 있어도 당장 ""이것""부터 사라!! >>> (무료 체험) ▶[급등임박 공개]◀ 2021년 상반기 “정부정책 수해주” TOP 10 긴급공개 >>> (바로확인) ▶역대급! 1,000% 셀트리온 뛰어넘을 외국인+기관 순매수 TOP3 (CLICK) ▶<세계최초>신약재료+美승인!! 1500%↑터질 역대급 바이오株 [종목확인하기]       저작권자(c) 글로벌리더의 지름길 종합뉴스통신사 뉴스핌(Newspim), 무단 전재-재배포금지"
53,3,"2021-09-21","02:29:33","UPDATE 1-Emy Awards 쇼 관객 수 740만 명 증가","UPDATE 1-Audience for Emmy Awards show rises to 7.4 million .storyContent * {border-color:inherit !important;outline-color:inherit !important;}  로스앤젤레스, 9월 20일 (로이터) - 방송인 CBS가 발표한 자료에 따르면 일요일 에미상 시상식의 텔레비전 시청자는 740만 명에 달했다. VIAC.O작년 사상 최저치보다 약 16% 상승했다.  코로나바이러스 대유행으로 사실상 시상식이 열렸던 1년 전만 해도 TV 최고 수상의 관객은 640만 명으로 급감했다.  CBS는 일요일의 TV 시청자가 2018년 이후 가장 많았다고 밝혔다. 이 수치는 집 밖에서 또는 술집과 식당에서 지켜본 사람들을 포함하지 않는다.  모든 수상 쇼의 시청률이 몇 년째 떨어지고 있다. 최근 에미스 산맥의 최고점은 약 1770만 명이 시청한 2013년이었다.  스트리밍 쇼 ""더 크라운""과 코미디 ""테드 라소""가 그 주인공이었다. big winners 일요일에넷플릭스를 주면서 NFLX.O 그리고 애플 TV+ AAPL.O 그들의 첫 메이저 우승. 넷플릭스도 44개로 1년 만에 가장 많은 에미상을 기록한동률을 이뤘다.  NBC 스케치쇼 ""Saturday Night Live""를 제외하고 CBS, ABC, NBC, 폭스 방송의 쇼는 거의 중단되었다.  일요일 로스엔젤레스에서 거행된 기념식은 비록 계속되는 유행병으로 인해 유명인사들과 손님들의 수가 줄기는 했지만, 직접 참석한 축하행사와 레드카펫으로 되돌아가는 계기가 되었다.      (Reporting by Jill Serjeant; Editing by Chris Reese and Jan Harvey)  jill.serjeant1@thomsonreuters.com ; 310 491 7279; ))     (c) Copyright Thomson Reuters 2020. Click For Restrictions - https://agency.reuters.com/en/copyright.html        Keywords: AWARDS-EMMYS/RATINGS (UPDATE 1)   원문 바로가기    DISCLAIMER  레피니티브의 사전, 서면 승인 없는 톰슨로이터 콘텐츠의 재생산이나 재배포는 금지되어 있습니다. 이 기사의 한국어 번역은 에프앤가이드가 사용하는 기계적 번역에 의한 것으로 톰슨로이터와 레피니티브는 번역의 정확성을 보증하지 않습니다."
53,4,"2021-09-21","02:28:45","MEDIA-Short-Seller Chanos는 중국이 미국 투자자들에게 그들의 돈을 보관하는 ""끔찍한 장소""라고 말한다.","MEDIA-Short-seller Chanos says China is a 'terrible place' for U.S. investors to keep their money-CNBC .storyContent * {border-color:inherit !important;outline-color:inherit !important;} -- 원본 링크: https://cnb.cx/3lBVRSK  -- 참고: 로이터통신은 이 사연을 검증하지 않았으며 정확성을 보증하지 않고 있다.     globalnewsmonitoring@thomsonreuters.com        (c) Copyright Thomson Reuters 2020. Click For Restrictions - https://agency.reuters.com/en/copyright.html   원문 바로가기    DISCLAIMER  레피니티브의 사전, 서면 승인 없는 톰슨로이터 콘텐츠의 재생산이나 재배포는 금지되어 있습니다. 이 기사의 한국어 번역은 에프앤가이드가 사용하는 기계적 번역에 의한 것으로 톰슨로이터와 레피니티브는 번역의 정확성을 보증하지 않습니다."
53,5,"2021-09-21","02:25:19","MOVE-Edesa Biethics, Cognyte, Zivo Bioscience, 자동차 제조업체에 대한 미국 주식 보유","BUZZ-U.S. STOCKS ON THE MOVE-Edesa Biotech, Cognyte, Zivo Bioscience, automakers .storyContent * {border-color:inherit !important;outline-color:inherit !important;} 세계 경기 회복 속도에 대한 우려가 연방준비제도이사회(Fed·연준)가 대유행 시대의 경기 부양책을 잠재적으로 적용하기로 결정하면서 월요일 월가의 주요 지수는 급락했다. .N  오후 12시 52분 다우존스 산업평균지수 .DJI 2.09% 하락한 33,860.82를 기록했다. S&P 500 .SPX 2.07% 하락한 4,341.12와 나스닥 종합주가지수를 기록했다. .IXIC 2.61% 하락한 14,651.842를 기록했다.  상위 3대 S&P 500 .PG.INX 백분율 게인자:  ** 인키테 코퍼레이션 오>, 1.5% 올랐다.  ** 도미니언 에너지 주식회사 1.3 상승%  ** 아메리칸 에어라인 그룹 주식회사 , 1.1% 올랐다.  상위 3대 S&P 500 .PL.INX 패자 백분율:  ** 인베스코 주식회사 , 9.1% 하락 ** 누코르 주식회사 , 8.8% 하락 ** APA 주식회사 7.2% 하락  NYSE 상위 2위 .PG.N 백분율 게인자:  ** 스플래시 음료 그룹 Inc , 6.8% 올랐다.  ** IDW Media Holdings Inc. IDW.N, 4.6% 상승.  뉴욕 SE 3위 .PL.N 패자 백분율:  ** 남태재산 주식회사 24% 하락 ** 지후 주식회사 , 17.4% 하락 ** 타쿵아트 주식회사 .N> 14.9 하락%  상위 3위 나스닥.PG.O 백분율 게인자:  ** 지보 바이오사이언스 주식회사 <지보>.오> 149.8 상승%  ** 에데사 바이오테크 주식회사 43.2 상승%  ** 센티지 홀딩스 주식회사 21% 상승   상위 3위 나스닥 .PL.O 패자 백분율:  ** 비욘드프링 주식회사 <비시>오> 30.3 하락%  ** Alfi Inc. Wt  22.5 하락%  ** Aerovate Therapeutics Inc.  21.3 하락%      ** 테슬라 주식회사 TSLA.O: 3.7% 하락  버즈-5일 연속 우승 확정   ** Amazon.com Inc. AMZN.O: 3.4% 하락 ** 페이스북 주식회사 FB.O: 3.2% 하락 ** 넷플릭스 NFLX.O: 다운 2.3%  미국 증시 선물 급락속에 BUZ-헤비급 기술주 하락   ** 싱로직 주식회사 SYBX.O: 10.9% 상승  BUZZ-혈액장애 치료에 대한 유망한 데이터에 대한 업   ** Brooks Automation Inc. BRKS.O: 8.3% 상승  BUZZ-UP, 반도체 자동화 유닛 30억 달러에 매각 예정   ** 주인공 테라피틱스 주식회사 PTGX.O: 19.4% 하락  미국 식품의약국(FDA)이 암 치료를 보류한 후 JPM이 강등됨에 따라 BUZZ-Falls as JPMs downloads    ** 콜게이트팔몰리브코 CL.N: 0.3% 상승  BUZ-Deutsche Bank 업그레이드 ""성장 마인드""    ** 종양 종양학 VSTM.O: 2.2% 상승  폐암 치료제 암겐과 제휴한 버즈-소어즈   ** 미라티 테라피틱스 주식회사 MRTX.O: 4.6% 상승  암 쇼의 약으로 BUZZ-Jumps가 유망하다.    ** JPMorgan Chase & Co JPM.N: 3.5% 하락 ** 씨티그룹 주식회사 C.N: 다운 4.9%  ** 골드만삭스그룹 GS.N: 4.3% 하락 ** 모건 스탠리 MS.N: 3.8% 하락 ** Well Fargo & Co WFC.N: 다운 2.3%  ** 뱅크 오브 아메리카 코퍼레이션 BAC.N: 4.3% 하락  미국 주요 은행들은 수익률 곡선이 무너지면서 하락하고, 에버그란데는 미국 국채 매입을 두려워하고 있다.    ** 클리블랜드-클리프스 주식회사 CLF.N: 9.7% 하락 ** BHP그룹 BHP.N: 3.4% 하락 ** 리오 틴토 plc RIO.N: 4.0% 하락 ** 누코르코퍼레이션 NUE.N: 8.8% 하락 ** TimkenSteel 코퍼레이션 TMST.N: 5.2% 하락  버즈-미국 상장 철광석, 에버그란데의 진동에 덜컹거리는 철강회사들   ** 나이키 주식회사 NKE.N: 1.6% 하락  BUZ-Nike의 강력한 Q1은 불확실성의 영향을받지 않을 것이다.    ** 실버게이트 캐피털 코퍼레이션 SI.N: 7.1% 하락 ** 라이엇 블록체인 주식회사 RIOT.O: 6.5% 하락 ** 미래 핀테크 그룹 주식회사 FTFT.O: 8.1% 하락 ** Overstock.com Inc. OSTK.O: 다운 3.9%  ** SOS Ltd SOS.N: 6.0% 하락 ** 코인베이스 글로벌 주식회사 COIN.O: 5.0% 하락 ** MicroStrategy Inc. MSTR.O: 4.3% 하락 ** 이방인터내셔널 EBON.O: 9.2% 하락 ** 가나안 주식회사 CAN.O: 다운 8.9%  비트코인이 1개월 반 만에 최저치로 떨어지면서 BUZ-Crypto 주가 하락   ** 텔라독 헬스 주식회사 TDOC.N: 다운 4.9%  COO가 진행됨에 따라 BUZZ-Down NextGen Healthcare에서 최고 자리를 차지함   ** Regheron Pharmaceutical Inc. REGN.O: 0.7% 하락  BUZ-Brokerage는 2022년 Regheronon 암 치료제인 사노피에 대해 더 큰 인기를 얻을 것으로 보고 있다.   ** 엑손모빌 XOM.N: 3.2% 하락 ** APA 코퍼레이션 APA.O: 7.2% 하락  ** 쉐브론사 CVX.N:다운 2.9%  ** 오시덴탈 석유 OXY.N: 6.2% 하락 ** 슐럼버거 SLB.N: 4.5% 하락 ** 데본 에너지 코퍼레이션 DVN.N: 다운 6.9%  ** 다이아몬드백 에너지 주식회사 FANG.O: 다운 5.9%  BUZZ-에너지주는 리스크 회피 분위기로 하락, 달러화 강세로 원유가 75달러 아래로 내려간다.    ** BHP그룹 BHP.N: 3.4% 하락 ** 리오 틴토 PLC RIO.N: 4.0% 하락 ** Freeport-McMoRan Inc. FCX.N: 7.0% 하락 ** 서던 코퍼레이션 SCCO.N: 다운 3.9%  ** Teck Resources Ltd. TECK.N: 4.2% 하락  버즈-코퍼 광부들은 에버그란데의 위기가 급증하면서 무너지고 있다.    ** 에데사 바이오텍 주식회사 EDSA.O: 상승 43.2%  BUZZ-안전 패널로 COVID-19 치료 시행 승인   ** 제너럴 모터스 주식회사 GM.N: 다운 5.4%  ** 포드 자동차 회사 F.N: 6.2% 하락 ** 스텔란티스 NV STLA.N: 5.2% 하락  BUZZ-조절기가 개방될 때 3000만 대의 차량에 대한 프로브 작동 중단   ** 지보 바이오사이언스 주식회사ZIVO.O: 149.8 상승%  버즈-볼륨과 함께 공유가 치솟음   ** D.R. 호튼 주식회사 DHI.N: 3.6% 하락  BUZ-연간 예상 삭감 후 미끄러짐   ** 브런즈윅 주식회사 BC.N: 3.6% 하락  BUZ-Acquires SemahTronix, 주식 하락   ** Cognyte 소프트웨어 Ltd CGNT.O: 14.4% 하락  BUZZ-예측 3분기 매출 추정치 이하, 주가 하락   ** 온콜리틱스 바이오테크 주식회사 ONCY.O: 4.1% 상승  BUZ-암 치료제로 쥐에게 유망하다   ** AMC 엔터테인먼트 홀딩스 주식회사 AMC.N: 8.8% 하락 ** 게임스톱 GME.N: 다운 5.3%  BUZZ-광범위한 리스크 심리가 시들해지면서 하락     주요 11개 S&P 500 부문:     통신서비스  .SPLRCL  2.36% 하락   소비자 재량권  .SPLRCD  2.72% 하락   컨슈머 스테이플스   .SPLRCS  0.92% 하락   에너지  .SPNY  3.75% 하락   금융  .SPSY  3.04% 하락   건강  .SPXHC  1.00% 하락   공업  .SPLRCI  1.78% 하락   정보 기술  .SPLRCT  2.39% 하락   자재  .SPLRCM  2.78% 하락   부동산  .SPLRCR  0.75% 하락   유틸리티  .SPLRCU  0.08% 상승      (Compiled by Amruta Khandekar in Bengaluru)  Amruta.Khandekar@thomsonreuters.com     (c) Copyright Thomson Reuters 2020. Click For Restrictions - https://agency.reuters.com/en/copyright.html        Keywords: MARKETS-USA-STOCKS/PULSE   원문 바로가기    DISCLAIMER  레피니티브의사전, 서면 승인 없는 톰슨로이터 콘텐츠의 재생산이나 재배포는 금지되어 있습니다. 이 기사의 한국어 번역은 에프앤가이드가 사용하는 기계적 번역에 의한 것으로 톰슨로이터와 레피니티브는 번역의 정확성을 보증하지 않습니다."
53,6,"2021-09-21","02:24:29","Refinitiv Newscasts - 역사적인 낙태 국민투표가 산마리노를 분열시킨다.","Refinitiv Newscasts - Historic abortion referendum divides San Marino .storyContent * {border-color:inherit !important;outline-color:inherit !important;}   Click the following link to watch video: https://share.newscasts.refinitiv.com/link?entryId=1_ch9ojb41&referenceId=tag:reuters.com,2021:newsml_OVEVJ4417_K15&pageId=RefinitivNewscasts 출처: Thomson Reuters  설명: 산마리노는 낙태 금지를 뒤집을 수 있는 국민투표로 투표하기 위해 일요일(9월 26일) 투표소로 향할 준비를 하고 있다. 레이첼유다가 보고한다. 단축 링크: https://refini.tv/3kqdMws  비디오 대본:  확인된 대본을 사용할 수 없음       (c) Copyright Thomson Reuters 2020. Click For Restrictions - https://agency.reuters.com/en/copyright.html   원문 바로가기    DISCLAIMER  레피니티브의 사전, 서면 승인 없는 톰슨로이터 콘텐츠의 재생산이나 재배포는 금지되어 있습니다. 이 기사의 한국어 번역은 에프앤가이드가 사용하는 기계적 번역에 의한 것으로 톰슨로이터와 레피니티브는 번역의 정확성을 보증하지 않습니다."
53,7,"2021-09-21","02:23:08","보도에 따르면 공동 창업자인 장 류가 사임할 것이라고 한다.","BUZZ-Didi down; report says co-founder Jean Liu intends to step down .storyContent * {border-color:inherit !important;outline-color:inherit !important;} ** 중국승마회사 주식 DIDI.N 7.5% 내린 7.67달러  로이터 통신은 DIDI 공동 설립자 겸 사장인 장 류가 일부 측근들에게 사퇴 의사를 밝혔다고 이 문제에 정통한 소식통 2명을 인용해 보도했다.   ** co는 지난 6월 뉴욕 IPO에 이어 중국 당국의 조사를 앞두고 있다.   ** 류씨는최근 몇 주 동안 일부 관계자들에게 정부가 결국 디디를 장악하고 새로운 경영진을 임명할 것으로 기대한다고 말했다고 이 보고서는 덧붙였다.  ** 중국 알리바바그룹 등 중국 기술기업에 대한 규제 강화가 강화되면서 나타난 현상 BABA.N 그리고 바이두 BIDU.O  ** 한편, 월가의 주요 지수는 연방준비제도이사회(FRB)가 전 세계 경기 회복 속도에 대한 우려로 폭락했다. .N  ** 마지막 마감 기준 DIDI 시장 출시 후 42% 하락     (Reporting by Tiyashi Datta in Bengaluru)  tiyashi.datta@thomsonreuters.com        (c) Copyright Thomson Reuters 2020. Click For Restrictions - https://agency.reuters.com/en/copyright.html   원문 바로가기    DISCLAIMER  레피니티브의 사전, 서면 승인 없는 톰슨로이터 콘텐츠의 재생산이나 재배포는 금지되어 있습니다. 이 기사의 한국어 번역은 에프앤가이드가 사용하는 기계적 번역에 의한 것으로 톰슨로이터와 레피니티브는 번역의 정확성을 보증하지 않습니다."
54,1,"2021-09-21","01:55:38","[유럽증시] 중 부동산 개발사 헝다 위기 주목하며 일제히 하락","[유럽증시] 중 부동산 개발사 헝다 위기 주목하며 일제히 하락         (제네바=연합뉴스) 임은진 특파원 = 유럽 주요국 증시는 20일(현지시간) 일제히 큰 폭으로 하락했다.      영국 런던 증시의 FTSE 100 지수는 전 거래일 종가 대비 0.79% 하락한 6,908.48로, 프랑스 파리 증시의 CAC 40 지수는 1.74% 내린 6,455.81로 거래를 마쳤다.      독일 프랑크푸르트 증시의 DAX 30 지수도 2.31% 내린 15,132.06으로, 범유럽 지수인 유로 Stoxx 50 지수는 2.11% 하락한 4,043.63으로 장을 끝냈다.      시장은 중국 부동산 개발 업체인 헝다(恒大·에버그란데) 그룹의 위기에 주목했다.      헝다 그룹은 총부채가 지난해 말 기준 1조9천500억 위안(약 350조원)에 달하는 데다 중국 당국이 금융 리스크 축소와 주택 가격 안정을위한 각종 조치를 내놓으면서 경영난이 가중된 상태다.      여기에 이번 주 채무에 대한 이자를 지급해야 하지만, 불가능할 것이라는 관측이 지배적이다.      중국 당국은 이미 주요 채권자들에게 채무 상환을 기대하지 말라고 밝힌 것으로 알려졌다.       engine@yna.co.kr  (끝)     <저작권자(c) 연합뉴스, 무단 전재-재배포 금지>"
54,2,"2021-09-21","01:54:53","Refinitiv Newscasts - Breakviews TV: 전원 오류","Refinitiv Newscasts - Breakingviews TV: Power failure .storyContent * {border-color:inherit !important;outline-color:inherit !important;}   Click the following link to watch video: https://share.newscasts.refinitiv.com/link?entryId=1_kmvvo8u6&referenceId=1_kmvvo8u6&pageId=RefinitivNewscasts 출처: 로이터  설명: 영국은 그것의 병든 에너지 분야를 지지해야 할지도 모른다. 치솟는 물가는 세계적인 문제지만, 영국은 자유주의 시장이 더 많고 대체 전력원은 더 적다. 조지 헤이의 주장대로 보리스 존슨이 다른 사람들에게 탄소배출량 감축에 대한 강의를 준비하기 때문에 초라한 모습이다. 단축 링크: https://refini.tv/3CtqBMv  비디오 대본:  확인된 대본을 사용할 수 없음       (c) Copyright Thomson Reuters 2020. Click For Restrictions - https://agency.reuters.com/en/copyright.html   원문 바로가기    DISCLAIMER  레피니티브의 사전, 서면 승인 없는 톰슨로이터 콘텐츠의 재생산이나 재배포는 금지되어 있습니다. 이 기사의 한국어 번역은 에프앤가이드가 사용하는 기계적 번역에 의한 것으로 톰슨로이터와 레피니티브는 번역의 정확성을 보증하지 않습니다."
54,3,"2021-09-21","01:53:32","BRIFT-LendInvest, 대출 포트폴리오 세일 발표","BRIEF-LendInvest Announces Loan Portfolio Sale .storyContent * {border-color:inherit !important;outline-color:inherit !important;} 9월 20일(로이터) - 렌드인베스트 PLC LINV.L:  대출 투자 상품 - 대출 포트폴리오 판매   j.p. morgan에 1억 파운드의 매입-매입 포트폴리오 매각 투자 plc.   대출투자 plc - 매각은 2023년 상반기부터 발생하는 일정 이익을 현재의 회계연도로 가져올 것이다.   대여 투자 plc - board는 fy23 이상에 대한 현재의 시장 기대치에 대해 확신을 가지고 있다.    Further company coverage: LINV.L  Reuters.Briefs@thomsonreuters.com        (c) Copyright Thomson Reuters 2020. Click For Restrictions - https://agency.reuters.com/en/copyright.html   원문 바로가기    DISCLAIMER  레피니티브의 사전, 서면 승인 없는 톰슨로이터 콘텐츠의 재생산이나 재배포는 금지되어 있습니다. 이 기사의 한국어 번역은 에프앤가이드가 사용하는 기계적 번역에 의한 것으로 톰슨로이터와 레피니티브는 번역의 정확성을 보증하지 않습니다."
54,4,"2021-09-21","01:51:11","아이오와 농장 서비스 회사는 사이버 보안 사건을 보고한다.","Iowa farm services company reports cybersecurity incident .storyContent * {border-color:inherit !important;outline-color:inherit !important;} 시카고, 9월 20일 (로이터) ­ 아이오와에 본사를 둔 농업 서비스 업체 NEW Cooperative Inc.는 월요일 자사의 시스템이 ""사이버 보안"" 사건을 억제하기 위해 오프라인 상태였다고 말했다.  이 협동조합은 미국 최고의 옥수수 생산국가에서 곡물저장 엘리베이터를 운영하고 곡물을 사고 팔며 농부들을 위한 기술플랫폼을 소유하고 있다.   NEW Cooperative Incooperation Inc.는 성명에서 ""위협을 억제하기 위해 시스템을 오프라인으로 전환했으며성공적으로 억제되었음을 확인할 수 있다""고 밝혔다. 이어 ""또한 신속히 법 집행을 통보하고 데이터 보안 전문가들과 긴밀히 협력해 실태 조사와 시정을 진행하고 있다""고 덧붙였다.     (Reporting by Karl Plume, Editing by Franklin Paul)  caroline.stauffer@thomsonreuters.com ; +1-757-390-0985; Reuters Messaging: caroline.stauffer.thomsonreuters.com@reuters.net     (c) Copyright Thomson Reuters 2020. Click For Restrictions - https://agency.reuters.com/en/copyright.html        Keywords: CYBER-NEW COOPERATIVE/ (URGENT)   원문 바로가기    DISCLAIMER  레피니티브의 사전, 서면 승인 없는 톰슨로이터 콘텐츠의 재생산이나 재배포는 금지되어 있습니다. 이 기사의 한국어 번역은 에프앤가이드가 사용하는 기계적 번역에 의한 것으로 톰슨로이터와 레피니티브는 번역의 정확성을 보증하지 않습니다."
54,5,"2021-09-21","01:49:50","UPDATE 1-비덴 연설은 미국이 '집약적 외교'에 초점을 맞추도록 강조하기 위한 것이라고 관리는 말한다.","UPDATE 1-Biden speech at U.N. to stress U.S. focus on 'intensive diplomacy,' official says .storyContent * {border-color:inherit !important;outline-color:inherit !important;}   워싱턴, 9월 20일 (로이터) - 조 바이든 미국 대통령은 화요일 유엔에서 연설을 통해 아프가니스탄에서의 군사 활동을 종료하면 ""집약적인 외교""의 새로운 장을 열 것임을 강조할 것이라고 한 행정부 고위 관리가 말했다.  바이든은 아프가니스탄에서 미국의 철군 조치와 프랑스를 화나게 한 호주와의 잠수함 거래에 대한 의문 속에 외교 정책이 지배할 일주일간의 일정을 시작하기 위해 월요일 오후 백악관을 떠나 뉴욕으로 떠날 예정이었다.  바이든은 21일 오후 늦게 안토니오 구테흐스 유엔 사무총장을 만나 11일 오전 중 유엔총회에서 대통령으로서의 첫 연설을 한 뒤 이후 뉴욕에서 스콧 모리슨 호주 총리를 만난 뒤 워싱턴으로 돌아와보리스 존슨 영국 총리를 만날 예정이다.  이 고위 관리는 바이든이 지난주 미국과 호주, 영국이 맺은 핵잠수함에 대한 첨단 기술을 호주에 공급하는 협정에 대한 마크롱의 분노를 논의하기 위해 에마뉘엘 마크롱 프랑스 대통령과 전화통화를 하고 싶다고 기자들에게 말했다.  호주가 인도태평양 지역에서 중국의 영향력 증가에 대처하는 데 도움을 주기 위한 것이지만, 이 협정은 12척의 디젤추진 잠수함을 호주에 공급하기로 한 프랑스의 협정을 훼손했다. 프랑스는 이 협정에 뒤통수를 맞은 기분이라고 불평해 왔다.  바이든은 프랑스의 입장을 이해하지만 이에 동의하지 않는다고 관계자는 말했다. 미국 관리들은 호주가 미국의 기술을 추구했다고 말한다.  바이든 전 부통령은 8월 아프가니스탄 주둔 미군의 철수가 혼란스럽고 계획성이 미흡했다는 국내외 비판에 이어 현재 집권 중인 탈레반으로부터 보복에 직면할 수 있는 일부 미국 시민과 아프간 동맹국들을 뒤로 하고 미국의 외교정책 방향에 대해 이야기할 수 있는 가장 큰 기회를 갖게 됐다.  이 관리는 철수를 통해 미국은 다른 우선 순위에 집중할 수 있다고 말했다.  이 관계자는 ""대통령은 아프가니스탄 전쟁을 종식시키는 것이 전쟁에 초점을 맞춘 장을 마감했다는 메시지를 본질적으로 수용하고 목적 있고 효과적이며 강도 높은 미국 외교에 초점을 맞춘 장을 열 것""이라고 말했다.  이 관계자는 ""바이든 부통령의 만남과 발언은 지금은 '강대국과의 치열한 경쟁' 시대지만 새로운 냉전이 아니라는 메시지를 전달하기 위한 것""이라고 말했다.  바이든은 구체적인 내용은 밝히지 않은 채 기후변화와 COVID-19 백신 기증에 대한 미국의 약속도 높일 것이라고 이 관리는 말했다.  그는 ""바이든 대통령은 세계가 블록으로 나뉘는 새로운 냉전 개념을 믿지 않는다고 내일 소통할 것""이라고 말했다. 그는 분쟁으로 넘어가지 않는 활기차고, 집중적이며, 원칙적인 경쟁을 믿는다""고 이 관계자는 말했다. 바이든은 시진핑 중국 국가주석과의 9월 9일 통화에서 같은 메시지를 강조했다고 이 관계자는 전했다.     (Reporting by Trevor Hunnicutt, Steve Holland and Jeff Mason; editing by Grant McCool)  trevor.hunnicutt@tr.com ; +1 646 223 7914; twitter.com/trhunnicutt; Reuters Messaging: trevor.hunnicutt.thomsonreuters.com@reuters.net     (c) Copyright Thomson Reuters 2020. Click For Restrictions - https://agency.reuters.com/en/copyright.html        Keywords: UN-BIDEN/ (UPDATE 1, PIX)   원문 바로가기    DISCLAIMER  레피니티브의 사전, 서면 승인 없는 톰슨로이터 콘텐츠의 재생산이나 재배포는 금지되어 있습니다. 이 기사의 한국어 번역은 에프앤가이드가 사용하는 기계적 번역에 의한 것으로 톰슨로이터와 레피니티브는 번역의 정확성을 보증하지 않습니다."
54,6,"2021-09-21","01:49:36","UPDATE 1-미국이 텍사스 이주 캠프를 겨냥함에 따라 하이티인들은 멕시코로 돌아간다.","UPDATE 1-Haitians turn back to Mexico as U.S. takes aim at Texas migrant camp .storyContent * {border-color:inherit !important;outline-color:inherit !important;}   9월 20일, 멕시코의 CIUADAD ACUNA (로이터) - 미국 당국이 아이티로 돌아가는 비행기를 조직함에 따라, 수백 명의 아이티인들이 월요일 텍사스 주 델 리오의 국경을 가로질러 무질서하게 뻗어 있는 이주 캠프를 마치고 멕시코로 돌아왔다.   리오 그란데를 가로지르는 다리 밑의 캠프는 갱단 폭력, 극도의 빈곤, 그리고 자연재해에서 탈출하는 이민자들의 흐름을 막으려는 미국 당국자들에게 있어 가장 최근의 번개점이다.  그 first flights carrying migrants 비행 추적 웹사이트 플라이타웨어에 따르면 델 리오 캠프에서 오는 일요일 아이티에 도착했으며, 최소 3명이 월요일 여행을 떠날 예정이라고 한다.   추방될 것이라는 전망은 수용소 주민들을 흥분시켰고, 일부는 국경까지가기 위해 몇 달 동안 대륙을 횡단했다.   아이티의 이주자인 와르 장마리는 23일 오후 복서 반바지만 입고 강을 건너 멕시코 쪽에 서있는 아이티인들은 ""아이티가 어떤 곳인지 모두가 알고 있기 때문에 우리를 아이티로 돌려보낼 수 없다""고 말했다.  흠뻑 젖은 그는 7월 대통령 암살 사건을 아내와 두 살배기 딸과 함께 미주 최빈국으로 돌아가지 않는 이유로 들었다. 아이티도 지난달 대지진이 발생했다.  델 리오 수용소는 한때 1만 2천 명의 이주민들이 임시 거처였다. 많은 사람들이 미국에 망명 보호를 신청하기를 희망하며 칠레 남쪽까지 왔다.  월요일, 아이티 이민자 대부분이 아이티인 블랙의 지속적인 유입이 강을 건너 멕시코로 다시 흘러들어갔으며, 여기에는 어린 자녀를 둔 가족들도 포함된다. 그들은 가방과 가방, 소지품을 비닐봉지에 머리 위로 들어올렸다.  델 리오는 시우다드 아쿠나로부터 국경을넘어 리오 그란데의 멕시코 쪽에 있다.  멕시코를 경유하는 또 다른 아이티인 이주자는 로이터 통신에 자신과 다른 사람들이 델 리오에서 미국의 시행 조치에 대해 들은 후 다음 조치를 위해 멕시코만 연안 항구인 탐피코로 이동하고 있다고 말했다.  그러나 한 남자는 야영지에 있는 가족들에게 가져다줄 음식을 얻기 위해 멕시코로 건너갔다고 말했다. 그는 여전히 미국에 머물기로 결심했다고 말했다.    망명 희망  알레한드로 마요카스 미 국토안보부 장관은 21일 델 리오를 방문해 현지 관계자들을 만날 것으로 알려졌다.  마요르카스는 일요일, 정부가 그들을 추방할 수밖에 없다고 주장하며, 이주자들에게 그들의 북부 트레킹을 포기해 줄 것을 간청했다. L1N2QL0EG  조 바이든 미국 대통령이 올해 초 전임 도널드 트럼프 대통령의 강경 이민 정책을 철회한 가운데 미국과 멕시코 국경을 넘다 붙잡힌 대부분의 이민자들이 재빨리 발길을 돌리는 대유행적 시대의 추방 정책을 시행했다.  그레그 애보트 텍사스 주지사는 월요일 바이든 전 부통령에게 연설한 서한을 발표하여 현재 진행중인 국경위기의 결과로 텍사스주에 대한 긴급선언을 요청했으며 특히 델 리오의 상황을 언급했다. 애보트는 캠프에 있는 사람들의 수가 토요일에 1만 6천 명에 달했다고 말했다.   캠프에 있는 모든 사람들이 그들의 희망을 꺾은 것은 아니었다.  베네수엘라의 이민자 멜빈 아즈아제(31)와 그의 동생 마누엘(11)은 로이터통신과의 인터뷰에서 이들의 망명 신청이 처리된 후 사촌이 기다리고 있던 미국 사우스캐롤라이나주로 향하고 있다고 말했다.  그들의 어머니가 암으로 사망한 후 마누엘을보호받았다고 말한 아즈아제는 그들이 델 리오에서 1주일 이상 지냈다고 말했는데, 먼저 다리 밑에서 이틀을 보낸 후 처리 센터로 옮겨졌다.   멜빈은 야구와 수학을 사랑하는 마누엘이 새로운 삶을 시작하기를 간절히 바란다고 말했다.   그는 일요일 저녁 댈러스 공항을통해 환승하면서 ""소름 돋는다""고 말했다.     (Reporting by Daina Beth Solomon in Ciudad Acuna; Additional reporting by Alexandra Ulmer in Dallas and Lizbeth Diaz in Mexico City; Writing by David Alire Garcia; Editing by Frank Jack Daniel and Alistair Bell)  david.aliregarcia@thomsonreuters.com ; +52 55 5282 7151; Reuters Messaging: david.aliregarcia.thomsonreuters.com@reuters.net     (c) Copyright Thomson Reuters 2020. Click For Restrictions - https://agency.reuters.com/en/copyright.html        Keywords: USA-IMMIGRATION/MEXICO (UPDATE 1, PIX, TV)   원문 바로가기    DISCLAIMER  레피니티브의 사전, 서면 승인 없는 톰슨로이터 콘텐츠의 재생산이나 재배포는 금지되어 있습니다. 이 기사의 한국어 번역은 에프앤가이드가 사용하는 기계적 번역에 의한 것으로 톰슨로이터와 레피니티브는 번역의 정확성을 보증하지 않습니다."
54,7,"2021-09-21","01:48:35","BRIF-비보스 주식회사 FDA의 Radiogel™용 파일 조기 타당성 아이디어 적용","BRIEF-Vivos Inc. Files Early Feasibility Ide Application With FDA For Radiogel™ .storyContent * {border-color:inherit !important;outline-color:inherit !important;} 9월 20일(로이터) - Vivos Inc. RDGL.PK:  Vivos.는 FDA에 Radiogel™용 조기 타당성 아이디어 신청을 제출한다.   비보스(vivos inc. FDA) - 비보와의 지속적인 커뮤니케이션을 촉진하고 검토 프로세스의 효율성을 높이기 위한 권장 경로    Further company coverage: RDGL.PK  Reuters.Briefs@thomsonreuters.com        (c) Copyright Thomson Reuters 2020. Click For Restrictions - https://agency.reuters.com/en/copyright.html   원문 바로가기    DISCLAIMER  레피니티브의 사전, 서면 승인 없는 톰슨로이터 콘텐츠의 재생산이나 재배포는 금지되어 있습니다. 이 기사의 한국어 번역은 에프앤가이드가 사용하는 기계적 번역에 의한 것으로 톰슨로이터와 레피니티브는 번역의 정확성을 보증하지 않습니다."
55,1,"2021-09-21","01:32:13","BRIFT-Streamwide H1 현재 운영수익 230만 유로 증가","BRIEF-Streamwide H1 Current Operating Income Up At 2.3 Million Euros .storyContent * {border-color:inherit !important;outline-color:inherit !important;} 9월 20일(로이터) - 스트림 와이드 SA ALSTW.PA:  h1 순결과 190만 유로, 170만 년 전 유로 대비   h1 수익 790만 유로, 660만 유로 이전대비   2021 회계연도는 매출과 수익의 큰 성장으로 기록될 것이다.   h1 경상 영업이익 230만 유로 대 180만 유로   영업이익률은 2020년에 달성된 수익률에 근접해야 한다.   특히 프랑스에서 강화 팀은 다가오는 중요한 상업적 마감일을 맞출 수 있도록 h2에서도 계속될 것으로 예상된다.    Further company coverage: ALSTW.PA  (Gdansk Newsroom)  gdansk.newsroom@thomsonreuters.com ; +48 58 769 66 00; ))        (c) Copyright Thomson Reuters 2020. Click For Restrictions - https://agency.reuters.com/en/copyright.html   원문 바로가기    DISCLAIMER  레피니티브의 사전, 서면 승인 없는 톰슨로이터 콘텐츠의 재생산이나 재배포는 금지되어 있습니다. 이 기사의 한국어 번역은 에프앤가이드가 사용하는 기계적 번역에 의한 것으로 톰슨로이터와 레피니티브는 번역의 정확성을 보증하지 않습니다."
55,2,"2021-09-21","01:32:09","교황청 소재한 바티칸 ""10월부터 그린패스 제시해야""","교황청 소재한 바티칸 ""10월부터 그린패스 제시해야""         (제네바=연합뉴스) 임은진 특파원 = 교황청이 있는 바티칸 시국에 들어갈 때 다음 달(현지시간)부터 신종 코로나바이러스 감염증(코로나19) 면역 증명서를 제시해야 한다고 AP 통신이 20일(현지시간) 보도했다.      교황청은 이날 성명에서 주민과 노동자, 방문객은 입국 시 코로나19 백신을 접종했거나 진단 결과 음성 혹은 회복됐다는 점을 증명하는 '그린 패스'를 제시해야 한다고 밝혔다.      다만 성 베드로 광장에서 열리는 미사 참석자들은 예외로 한다고 교황청은 덧붙였다.      이들은 그린 패스를 보여줄 필요는 없고, 미사 동안 사회적 거리 두기와 마스크 착용 같은 방역 수칙을 준수하면 된다.      engine@yna.co.kr  (끝)      <저작권자(c) 연합뉴스, 무단 전재-재배포 금지>"
55,3,"2021-09-21","01:31:56","BRIFT-빗첸 예비 H1 운영 결과 740만 즐로티 수익 달성","BRIEF-Wittchen Prelim H1 Operating Result Turns To Profit Of 7.4 Mln Zlotys .storyContent * {border-color:inherit !important;outline-color:inherit !important;} 9월 20일(로이터) - 비트첸 SA WTN.WA:  예비 h1 판매 수익은 9,180만 zlotys로, y/y가 18%   예비 h1 영업 이익 740만 zlotys 대320만 zlotys 손실    Further company coverage: WTN.WA  (Reporting by Gdansk Newsroom)  gdansk.newsroom@thomsonreuters.com        (c) Copyright Thomson Reuters 2020. Click For Restrictions - https://agency.reuters.com/en/copyright.html   원문 바로가기    DISCLAIMER  레피니티브의 사전, 서면 승인 없는 톰슨로이터 콘텐츠의 재생산이나 재배포는금지되어 있습니다. 이 기사의 한국어 번역은 에프앤가이드가 사용하는 기계적 번역에 의한 것으로 톰슨로이터와 레피니티브는 번역의 정확성을 보증하지 않습니다."
55,4,"2021-09-21","01:31:51","BRIF-유니온 잭 오일, 시장 투기 대응 발표","BRIEF-Union Jack Oil Announces Response To Market Speculation .storyContent * {border-color:inherit !important;outline-color:inherit !important;} 9월 20일(로이터) - 유니언 잭오일 PLC UJO.L:  유니온 잭 오일 plc - 시장 투기에 대한 대응   유니언 잭 오일 plc - 제안된 거래의 벤더가 두 개의 북미 금융 실체임을 확인   유니언 잭 오일 plc - 북미 금융 기관은 제한된 캠브리지 석유 로열티와 관련이 없음   유니언 잭 오일 plc - 제안된 거래에 관련 당사자 고려사항이 적용되지 않는다.   유니온 잭 오일 - 클레이모어 파이퍼 콤플렉스 로열티 유닛에 대한 25%의 지분을 가진 판매업체들을 둘러싼 시장 투기가 있었다.    Further company coverage: UJO.L  Reuters.Briefs@thomsonreuters.com        (c) Copyright Thomson Reuters 2020. Click For Restrictions - https://agency.reuters.com/en/copyright.html   원문 바로가기    DISCLAIMER  레피니티브의 사전, 서면 승인 없는 톰슨로이터 콘텐츠의 재생산이나재배포는 금지되어 있습니다. 이 기사의 한국어 번역은 에프앤가이드가 사용하는 기계적 번역에 의한 것으로 톰슨로이터와 레피니티브는 번역의 정확성을 보증하지 않습니다."
55,5,"2021-09-21","01:31:09","폴란드는 우크라이나 영토에서의 러시아 선거가 '불법'이라고 말한다.","Poland says Russian elections in Ukrainian territory are 'unlawful' .storyContent * {border-color:inherit !important;outline-color:inherit !important;} 바르샤바, 9월 20일 (로이터) - 폴란드 외무부는 월요일 우크라이나 영토에서 러시아 선거를 개최한 것은 ""불법""이라고 말했다.  외교부는 성명을 통해 ""외교부는 러시아 연방이 불법 점거하고 있는 크림 반도에서 '선거'를 하는 것은 불법이라고 생각한다""고 밝혔다.   이어 ""또한 우크라이나시민들에게 러시아 여권을 대량으로 부여하는 행위와 돈바스에서의 전자투표 조직을 규탄한다""고 덧붙였다.        (Reporting by Anna Koper and Anna Wlodarczak-Semczuk; Editing by Andrew Heavens)  anna.koper@thomsonreuters.com ; +48 22 104 25 24; Reuters Messaging: anna.koper.reuters.com@thomsonreuters.com     (c) Copyright Thomson Reuters 2020. Click For Restrictions - https://agency.reuters.com/en/copyright.html        Keywords: RUSSIA-ELECTION/ (URGENT)   원문 바로가기    DISCLAIMER  레피니티브의 사전, 서면 승인 없는 톰슨로이터 콘텐츠의 재생산이나 재배포는 금지되어 있습니다. 이 기사의 한국어 번역은 에프앤가이드가 사용하는 기계적 번역에 의한 것으로 톰슨로이터와 레피니티브는 번역의 정확성을 보증하지 않습니다."
55,6,"2021-09-21","01:30:15","UPDATE 1-규제자는 이번 주에 고령의 미국인을 위해 Pfizer 부스터를 사용할 수 있다.","UPDATE 1-Regulators could OK Pfizer boosters for older Americans this week .storyContent * {border-color:inherit !important;outline-color:inherit !important;}   9월 20일(로이터) - 미국 규제당국은 Pfizer Inc.의 부스터 샷을 승인할 수 있다. PFE.N/바이오NTech SE BNTX.O 이번 주 초 정부가 금요일까지 노인들과 고위험군 미국인들을 위한 COVID-19 백신들이 출시될 예정이다.  미 식품의약품안전청은 적어도 이 단체의 3번째 주사는 수요일에 미국 질병관리본부의 고문들이 만나기 전에 승인할 것으로 예상된다. CDC 패널은 샷을 관리하는 방법에 대한 보다 정확한 권장 사항을 논의할 것이다.  금요일, FDA 자문위원회는 65세 이상의 미국인과 심각한 질병에 걸릴 위험이 높은 사람들을 위해 추가 화이저 주사를 긴급 허가할 것을 권고하기로 의결했다. 초기 화이저 백신 접종은 2회 투여로 구성되었다.  조사위는 광범위한 사용을 뒷받침할 증거가 부족하다는 이유로 광범위한 승인을 권고하는 것에 반대하기로 결정했으며 특히 예방접종 후 젊은 층의 심장 염증 위험에 대한 더 많은 안전 데이터를 보고자 했다.   조 바이든 대통령은 전염성이 강한 델타 변종으로 인한 입원및 사망자가 급증하고, 대부분 예방접종을 받지 않은 미국인들 사이에서 획기적인 감염 사례가 증가하고 있는 상황에서 추가 촬영을 추진했다.  FDA는 위원회의 권고를 따를 의무가 없지만 보통 그렇게 한다. 부스터의 롤아웃은 FDA가 주사를 승인하고 CDC 책임자가 주사를 어떻게 투여할 것인지에 대해 서명하는 즉시 시작될 수 있다.  FDA는 나중에 부스터 샷에 대한 접근을 넓힐 수 있을 것이다. FDA의 최고위회원국들은 임시 수장인 자넷 우드콕이 그들을 지지하고 일부 최고 과학자들은 그들이 아직 필요하지 않다고 주장하면서 부스팅의 필요성에대해 의견이 분분했다.  우드콕은 24일 전 바이든 행정부 관리 앤디 슬라빗의 팟캐스트에 출연해 부스터가 전염을 줄임으로써 미국 내대유행을 억제하는 중요한 도구가 될 수 있다고 밝혔다.  ""만약 사람들이 바이러스를 획득하여 퍼뜨리고 있다면, 가능한 한 그 바이러스를 막기를 원할 겁니다. 물론 우리는 마스킹과 같은 완화 조치를 사용하고 있지만 백신 접종이 중요하다""고 그녀는 말했다.  제안된 허가서의 좁은 범위에도 불구하고, 위원회의 권고는 미국 예방접종 캠페인의 초기 단계에서 주사를 맞았고 면역력이 약화되고 있는 대부분의 미국인들을 대상으로 할 것이다.  바이오로직스 컨설팅의 최고 경영자였던 노먼 베일러 전 FDA 백신 연구 및 리뷰 국장은 이번 결정이 부스터 샷을 광범위하게 승인하기 위해 어떤 데이터가 필요한지 FDA가 이해할 수 있는 추가적인 시간을 줄 것이라고 말했다.   ""그것은 그들에게 약간의 공간을 줍니다,""라고 베일러는 말했다.  보건 관계자들은 궁극적으로 광범위한 인구 집단에게 부양제가 권장될 것으로 예상한다고 말했지만, 미국인들은 FDA의 승인을 받기 전에는 부양제를 복용하지 말라고 충고했다.  바이든의 수석 의료 고문인 앤서니 파우치 박사는 23일 CNN과의 인터뷰에서 이 자료는 모데르나 주식회사의 부스터 샷의 권고성을 결정하기 위해 필요하다고 말했다. MRNA.O그리고 존슨앤드존슨 JNJ.N COVID-19 백신이 몇 주 남았다.   이스라엘과 영국을 포함한 일부 국가들은 COVID-19 촉진 캠페인을 시작했다. CDC에 따르면 미국은 지난 달 면역체계가 손상된 사람들을 위해 추가 주사를 맞도록 허가했으며 약 200만명이 이미 세 번째 주사를 맞았다고 한다.     (Reporting by Michael Erman; Editing by Stephen Coates)  michael.erman@thomsonreuters.com     (c) Copyright Thomson Reuters 2020. Click For Restrictions - https://agency.reuters.com/en/copyright.html        Keywords: HEALTH-CORONAVIRUS/USA-BOOSTERS (UPDATE 1, PIX)   원문 바로가기    DISCLAIMER  레피니티브의 사전, 서면 승인 없는 톰슨로이터 콘텐츠의 재생산이나 재배포는 금지되어 있습니다. 이 기사의 한국어 번역은에프앤가이드가 사용하는 기계적 번역에 의한 것으로 톰슨로이터와 레피니티브는 번역의 정확성을 보증하지 않습니다."
55,7,"2021-09-21","01:26:34","UPDATE 1-규제자는 이번 주에 고령의 미국인을 위해 Pfizer 부스터를 사용할 수 있다.","UPDATE 1-Regulators could OK Pfizer boosters for older Americans this week .storyContent * {border-color:inherit !important;outline-color:inherit !important;}   9월 20일(로이터) - 미국 규제당국은 Pfizer Inc.의 부스터 샷을 승인할 수 있다. PFE.N/바이오NTech SE BNTX.O 이번 주 초 정부가 금요일까지 노인들과 고위험군 미국인들을 위한 COVID-19 백신들이 출시될 예정이다.  미 식품의약품안전청은 적어도 이 단체의 3번째 주사는 수요일에 미국 질병관리본부의 고문들이 만나기 전에 승인할 것으로 예상된다. CDC 패널은 샷을 관리하는 방법에 대한 보다 정확한 권장 사항을 논의할 것이다.  금요일, FDA 자문위원회는 65세 이상의 미국인과 심각한 질병에 걸릴 위험이 높은 사람들을 위해 추가 화이저 주사를 긴급 허가할 것을 권고하기로 의결했다. 초기 화이저 백신 접종은 2회 투여로 구성되었다.  조사위는 광범위한 사용을 뒷받침할 증거가 부족하다는 이유로 광범위한 승인을 권고하는 것에 반대하기로 결정했으며 특히 예방접종 후 젊은 층의 심장 염증 위험에 대한 더 많은 안전 데이터를 보고자 했다.   조 바이든 대통령은 전염성이 강한 델타 변종으로 인한 입원및 사망자가 급증하고, 대부분 예방접종을 받지 않은 미국인들 사이에서 획기적인 감염 사례가 증가하고 있는 상황에서 추가 촬영을 추진했다.  FDA는 위원회의 권고를 따를 의무가 없지만 보통 그렇게 한다. 부스터의 롤아웃은 FDA가 주사를 승인하고 CDC 책임자가 주사를 어떻게 투여할 것인지에 대해 서명하는 즉시 시작될 수 있다.  FDA는 나중에 부스터 샷에 대한 접근을 넓힐 수 있을 것이다. FDA의 최고위회원국들은 임시 수장인 자넷 우드콕이 그들을 지지하고 일부 최고 과학자들은 그들이 아직 필요하지 않다고 주장하면서 부스팅의 필요성에대해 의견이 분분했다.  우드콕은 24일 전 바이든 행정부 관리 앤디 슬라빗의 팟캐스트에 출연해 부스터가 전염을 줄임으로써 미국 내대유행을 억제하는 중요한 도구가 될 수 있다고 밝혔다.  ""만약 사람들이 바이러스를 획득하여 퍼뜨리고 있다면, 가능한 한 그 바이러스를 막기를 원할 겁니다. 물론 우리는 마스킹과 같은 완화 조치를 사용하고 있지만 백신 접종이 중요하다""고 그녀는 말했다.  제안된 허가서의 좁은 범위에도 불구하고, 위원회의 권고는 미국 예방접종 캠페인의 초기 단계에서 주사를 맞았고 면역력이 약화되고 있는 대부분의 미국인들을 대상으로 할 것이다.  바이오로직스 컨설팅의 최고 경영자였던 노먼 베일러 전 FDA 백신 연구 및 리뷰 국장은 이번 결정이 부스터 샷을 광범위하게 승인하기 위해 어떤 데이터가 필요한지 FDA가 이해할 수 있는 추가적인 시간을 줄 것이라고 말했다.   ""그것은 그들에게 약간의 공간을 줍니다,""라고 베일러는 말했다.  보건 관계자들은 궁극적으로 광범위한 인구 집단에게 부양제가 권장될 것으로 예상한다고 말했지만, 미국인들은 FDA의 승인을 받기 전에는 부양제를 복용하지 말라고 충고했다.  바이든의 수석 의료 고문인 앤서니 파우치 박사는 23일 CNN과의 인터뷰에서 이 자료는 모데르나 주식회사의 부스터 샷의 권고성을 결정하기 위해 필요하다고 말했다. MRNA.O그리고 존슨앤드존슨 JNJ.N COVID-19 백신이 몇 주 남았다.   이스라엘과 영국을 포함한 일부 국가들은 COVID-19 촉진 캠페인을 시작했다. CDC에 따르면 미국은 지난 달 면역체계가 손상된 사람들을 위해 추가 주사를 맞도록 허가했으며 약 200만명이 이미 세 번째 주사를 맞았다고 한다.     (Reporting by Michael Erman; Editing by Stephen Coates)  michael.erman@thomsonreuters.com     (c) Copyright Thomson Reuters 2020. Click For Restrictions - https://agency.reuters.com/en/copyright.html        Keywords: HEALTH-CORONAVIRUS/USA-BOOSTERS (UPDATE 1, PIX)   원문 바로가기    DISCLAIMER  레피니티브의 사전, 서면 승인 없는 톰슨로이터 콘텐츠의 재생산이나 재배포는 금지되어 있습니다. 이 기사의 한국어 번역은에프앤가이드가 사용하는 기계적 번역에 의한 것으로 톰슨로이터와 레피니티브는 번역의 정확성을 보증하지 않습니다."
56,1,"2021-09-21","01:12:10","UPDATE 1-'Alarm bell'이 유엔 사무총장으로서 울리고, 영국 총리는 기후변화에 관한 지도자들을 소집한다.","UPDATE 1-'Alarm bell' rings as U.N. chief, UK PM convene leaders on climate change .storyContent * {border-color:inherit !important;outline-color:inherit !important;}   유엔, 9월 20일 (로이터) - 보리스 존슨 영국 총리는 미국을 포함한 세계 주요 경제국 지도자들에게 유엔 기후 정상회담까지 6주 이내에 연간 1,000억 달러 규모의 기후 펀드에 대한 약속을 이행할 것을 촉구했다.  존슨 장관과 안토니오 구테흐스 유엔 사무총장은 월요일 배출 목표와 기후 금융에 대한 큰 격차를 해소하기 위해 세계 정상들의 원탁회의를 개최했다.  ""너무 많은 주요 경제국들 - 일부는 오늘날 여기 대표되고 일부는 부재하고 - 너무 많이 뒤쳐지고 있습니다,""라고 Johnson은 말했다. ""나는 다시한 번 강조할 것이다. 이것이 성공하기 위해서는 선진국이 1,000억 달러를 찾아야 한다.""   구테흐스 기후대책 담당 차관보 겸 특별보좌관인 셀윈 하트 유엔총회 수석부대표는 ""유엔 총회 고위급 주간의 비공개 회의에는 선진국, 신흥 경제국, 취약한 개발도상국을 대표하는 수십 개국의 지도자와 대표들이 포함돼 있다""고 말했다.  존슨은 기자들에게 미국이 1,000억 달러의 연간 목표를 향해 분담금 증액을 약속할 수 있기를 희망하지만 ""우리는 전에 이곳에 와본 적이 있다"" ""우리는 닭을 세지 않고 있다""고 말했다.  월요일 회의에서 미국을 대표했던 존 케리 미국 기후 특사는 10월 31일부터 11월 12일까지 스코틀랜드 글래스고에서 열리는 COP26 기후변화회의를 앞두고 미국이 더 많은 기후 지원을 할 것이라고 말했다.  존슨은 ""미국은 결정적으로 중요하다""고 말했다. ""그것은 세계에 엄청나게 강력한 신호를 보낼 것이다.""  그는 지난주 기자들에게 ""경보 벨을 울려야 한다""고 말했다. ""국가는 실제로 이러한 완화, 재정 및 적응의 격차를 해소하기 위한 목표에 도달하지 못하고 있다.""  이번 원탁토론은 주요국들의 배출량 감축 목표와 기후금융 공약이 크게 어긋난다는 최근 보도가 나오더라도 유엔 기후회의에서 성공적인 성과를 거두기 위한 것이다.  원탁회의 참가국에는 미국, 중국, 인도, EU 국가뿐만 아니라 코스타리카, 몰디브, 개발도상국과 중간 소득 국가, 선진국이 섞여 있었다.   유엔.N. analysis of country pledges 금요일 발표된 파리 기후협약에 따르면 2030년에는 전 세계 배출량이 2010년보다 16% 증가할 것으로 나타났으며 이는 과학자들이재앙적인 기후변화를 막기 위해 필요하다고 말하는 2030년까지의 45% 감소량에서 크게 못 미치는 것이다.   경제협력개발기구(OECD)가금요일에 발표한 또 다른 보고서는 부자 나라들이 목표를 달성하지 못했을 가능성이 높다고 말했다. contribute $100 billion 지난 해에는 개발도상국들이 2019년에 2% 미만으로 자금을 증액한 후 기후 변화에 대처할 수 있도록 도왔다.  유엔은 일부 주요국들로부터 배출량 감축 목표를 어떻게 강화할 것인지와 1,000억 달러 목표를 어떻게 달성할 것인지에 대한 새로운 소식을 들을 것으로 기대하고 있다.  구테흐스는 또 기부국들과 다자간 개발은행들이 기후변화 적응을 돕는 데 전념하는 금융 비중을 현재의 21%에서 50%로 늘리겠다는 목표를 달성하기 위한 진전을보여 줄 것을 촉구할 것이라고 하트 연구원은 말했다.  하트는 현재 적응 전용 금융이 연간 약 167억 달러로, 연간 약 700억 달러의 현재 예상 적응비용의 일부라고 말했다.  COP26의 주최국인 존슨은 금요일 주요 경제국 회의에서 세계에서 가장 부유한 국가들은 ""개도국이 그 역할을 하기 위해 필요로 하는 1,000억 달러의 솥을 채우는 것에 대해 진지해져야 한다""고 말했다.  구테흐스는 지난주 로이터 통신과의 인터뷰에서 기후 정상회담이 실패할 위험이 있다고 말했다.   구테흐스 총장은 12일 뉴욕 유엔본부에서 가진 로이터통신과의 인터뷰에서 ""COP26에서 성공하지 못할 위험이 있다고 생각한다""고 말했다. ""북과 남, 선진국과 개도국 사이에는 아직 극복해야 할 불신의 수준이 있다.""     (Reporting by Michelle Nichols at the United Nations and Valerie Volcovici in Washington; Editing by Mary Milliken, Daniel Wallis and Grant McCool)  valerie.volcovici@thomsonreuters.com     (c) Copyright Thomson Reuters 2020. Click For Restrictions - https://agency.reuters.com/en/copyright.html        Keywords: CLIMATE-CHANGE/UN (UPDATE 1, PIX, TV)   원문 바로가기    DISCLAIMER  레피니티브의 사전, 서면 승인 없는 톰슨로이터 콘텐츠의 재생산이나 재배포는 금지되어 있습니다. 이 기사의 한국어 번역은 에프앤가이드가 사용하는 기계적 번역에 의한 것으로 톰슨로이터와 레피니티브는 번역의 정확성을 보증하지 않습니다."
56,2,"2021-09-21","01:11:09","미국 증시는 성장 우려에 2% 하락, 연준에 집중?","US STOCKS-Wall St drops 2% on growth worries; focus turns to Fed? .storyContent * {border-color:inherit !important;outline-color:inherit !important;}    9월 20일(로이터) - 세계 경기 회복 속도에 대한 우려가 연방준비제도이사회(Fed·연준)가 유행병 시대의 경기 부양책을 잠재적으로 모방하기로 결정하는 주초에 업종 간 매도를 촉발하면서 월가의 주요 지수가 월요일 폭락했다.  주요 S&P 11개 업종 가운데 10개 업종이 하락했다. 경제민감산업인 .SPLRCI, 재무 .SPSY 에너지 및 에너지.SPNY 1.7%에서 3.6% 사이로 하락했다.  은행업 하위 지수 .SPXBK 미국 재무부의 수익률이 3.9% 하락하면서 중국 부동산 개발업체인 에버그란데의 채무불이행에 대한 우려가 상품 가치가 떨어지고 채권 안전성에 대한 투자자가 몰리는 등 시장 전반에 영향을 미치는 것으로 나타났다. US/.  기술관련주 마이크로소프트 MSFT.O, Google 소유자 알파벳 Inc. GOOGL.O, Amazon.com Inc. AMZN.O, Apple Inc. AAPL.O, 페이스북 주식회사 FB.O 그리고 테슬라 주식회사 TSLA.O 벤치마크 S&P 500에서 가장 많은 비중을 차지하는비율은 2.2퍼센트에서 4.1퍼센트 사이였다. .SPX 그리고 나스닥지수도 .IXIC.  월가의 주요 지수는 이달 들어 법인세율 인상으로 인해 수익률이 하락할 것이라는 우려로 타격을 입었으며 인플레이션이 최고조에 달했을 것이라는 징후를 무시했다.   S&P 500은 9월2일 장중 사상 최고치보다 4.1% 하락했고 7개월 연속 우승의 길을 걷고 있다.  버지니아주 리치먼드에 있는 해리스 파이낸셜 그룹의 제이미 콕스 매니저는 ""에버그란데의 상황은 비록 크고 충격적이지만, 이 매각의 이유는 아니다""라고 말했다.  그는 ""의회가 부채상한제에 대한 우려와 통화정책의 변화나 실수에 대한 우려, 세금인상안의 난장판이 투자자들의 분위기를 위축시켰다""고 말했다. 이럴 때 보정이 일어난다.""  실제 발표가 11월이나 12월 회의로 미뤄지는 것이 합의사항이지만 중앙은행이 테이퍼링을 위한 토대를 마련할 것으로 예상되는연준의 정책회의에 수요일의 모든 시선이 쏠릴 것이다. [nL1N2QI1L8]  오전 12시 6분 다우존스 산업평균지수 .DJI S&P 500 지수는 33,921.22포인트로 663.66포인트 또는 1.92% 하락했다. .SPX 90.65포인트, 즉 2.04% 하락한 4,342.34를 기록했고 나스닥 종합지수도 하락했다. .IXIC 380.55포인트(2.53%) 내린 14,663.42로 5월 12일 이후 최악의 날을 맞았다.  모건스탠리의 전략가들은 연준이 통화 지원을 풀기 시작하면서 S&P 500에서 10%의 수정을 기대한다며 경제 성장을 지연시킬 조짐이 이를 20%로 심화시킬 수 있다고 말했다.  CBOE 변동성 지수 .VIX월가의 공포 측정기로 알려진, 월스트리트의 공포 측정기는 4개월 만에 최고 수준을 기록했다.  캐리어스 유나이티드 항공 UAL.O델타항공 DAL.N 그리고 아메리칸 에어라인 AAL.O 미국이 11월 초 COVID-19 백신을 접종한 중국, 인도, 영국 및 기타 유럽 국가들로부터 항공 승객에 대한 여행 제한을 완화함에 따라 0.6%에서 1.8% 사이에서 증가했다.  하락하는 이슈는 NYSE에서는 7.40 대 1의 비율로, 나스닥에서는 5.71 대 1의 비율로 조언자들을 앞질렀다.  S&P 지수는 52주 최고치, 최저치 3개를 새로 기록하지 않은 반면 나스닥 지수는 최고치 13개, 최저치 147개를 기록했다.     (Reporting by Devik Jain and Sagarika Jaisinghani in Bengaluru; Editing by Arun Koyyur and Maju Samuel)  sagarika.jaisinghani@thomsonreuters.com     (c) Copyright Thomson Reuters 2020. Click For Restrictions - https://agency.reuters.com/en/copyright.html        Keywords: USA-STOCKS/ (UPDATE 4)   원문 바로가기    DISCLAIMER  레피니티브의 사전, 서면 승인 없는 톰슨로이터 콘텐츠의 재생산이나 재배포는 금지되어 있습니다. 이 기사의 한국어 번역은 에프앤가이드가 사용하는 기계적 번역에 의한 것으로 톰슨로이터와 레피니티브는 번역의 정확성을 보증하지 않습니다."
56,3,"2021-09-21","01:10:39","BRIEF-Freelance.com, 헬리콥터 급료와의 합병을 고려하여 MoU 및 기부 계약 초안 서명","BRIEF-Freelance.com Signs MoU And Draft Contribution Agreement In View Of Merger With Helvetic Payroll .storyContent * {border-color:inherit !important;outline-color:inherit !important;} 9월 20일(로이터) - Freelance.com SA ALFRE.PA:  양해각서의 서명 및 헬리콥터 급료와 기부 계약서 초안 작성   그룹의 수익을 크게 향상시키는 인수는 새로운 은행 대출과 모든 헬리콥터 급료 주주와 증권 교환으로 자금을 조달할 것이다.   헬리콥터 급료 단체와의 합병을 염두에 두고, 조건 판례에 따라, 기부 계약서 초안뿐만 아니라 양해각서를 체결했다고 발표하다.   2021년 프로포마 이직 목표를 620m에서 640m(초기 600m) 사이로 상향 조정했으며, 2025년까지 10억유로의 매출 달성을 거듭목표했다.   이 계획된 인수는 일부는 현금으로, 일부는 freelance.com bas로 결론이 날 것이다.    Further company coverage: ALFRE.PA  (Gdansk Newsroom)  gdansk.newsroom@thomsonreuters.com ; +48 58 7696600; ))        (c) Copyright Thomson Reuters 2020. Click For Restrictions - https://agency.reuters.com/en/copyright.html   원문 바로가기    DISCLAIMER  레피니티브의 사전, 서면 승인 없는 톰슨로이터 콘텐츠의 재생산이나 재배포는 금지되어 있습니다. 이 기사의 한국어번역은 에프앤가이드가 사용하는 기계적 번역에 의한 것으로 톰슨로이터와 레피니티브는 번역의 정확성을 보증하지 않습니다."
56,4,"2021-09-21","01:09:55","춤추는 것을 허락하시겠습니까? 방탄소년단이 유엔을 통해 노래를 부른다.","Permission to Dance? BTS sing their way through United Nations .storyContent * {border-color:inherit !important;outline-color:inherit !important;}  유엔, 9 월 20일 (로이터) - 완전히 백신을 접종한 한국 밴드 방탄소년단이 유엔을 통해 춤을 추며 매년 열리는 유엔 세계 정상들의 모임을 앞두고 가난, 불평등, 불공정, 기후 변화에 대처하는 세계적인 목표를 홍보했다.  7명의 멤버로 구성된 이 그룹은 지난 주말 월드바디 뉴욕 본사에서 'Permission to Dance'라는 곡에 뮤직비디오를 찍으며 총회장을 지나 정원 밖으로 춤을 추었다. 그것은 지속가능발전목표에 관한 행사중에 방송되었다.  멤버 전원이 COVID-19 예방접종을 완전히 맞았다고 선언한 방탄소년단도 문재인 대통령이 소개한 총회 행사에 직접모습을 드러냈다. 이들은 유엔의 미래세대와 문화를 위한 대통령 특사단이다.  이들은 지난 2년, 미래 전 세계 젊은이들의 생각과 생각을 공유하며 대유행 당시 좌절감을 토로했다.  '정국'으로 알려진 전정국은 ""입학과 졸업식이 취소돼야 한다는 말을 듣고 슬펐다""고 말했다. ""이런 순간들은 당신이 축하하고 싶어하고 그들을 놓치는 것이 분명 화가 났을 겁니다. 오랫동안 계획했던 콘서트 투어가 취소되자 가슴이 아팠다고 말했다.   이들은 ""COVID의 잃어버린 세대가 아니다""라며 젊음의 탄력성을 높이 평가했다.  RM으로 알려진 방탄소년단 그룹 리더 김남준은 ""걸은 길이 어른 눈에는 보이지 않는다는 이유만으로 길을 잃었다고 말하는 것은 무리라고 생각한다""고 말했다.  진씨로 알려진 김석진씨는 ""'잃어버린 세대' 대신 '환영하는 세대'가 더 적절한 이름이 될 것""이라고 덧붙였다.     (Reporting by Michelle Nichols and Roselle Chen; Editing by Mary Milliken and Richard Chang)  michelle.nichols@tr.com ; Twitter: https://twitter.com/michellenichols) )     (c) Copyright Thomson Reuters 2020. Click For Restrictions - https://agency.reuters.com/en/copyright.html        Keywords: UN-GLOBALGOALS/BTS (TV, PIX)   원문 바로가기    DISCLAIMER  레피니티브의 사전, 서면 승인 없는 톰슨로이터 콘텐츠의 재생산이나 재배포는 금지되어 있습니다. 이 기사의 한국어 번역은 에프앤가이드가 사용하는 기계적 번역에 의한 것으로 톰슨로이터와 레피니티브는 번역의 정확성을 보증하지 않습니다."
56,5,"2021-09-21","01:09:44","인도는 10월에 첫 J&J COVID 백신 접종을 앞두고 있다고 소식통은 전했다.","India set to get first J&J COVID vaccine doses in October, says source .storyContent * {border-color:inherit !important;outline-color:inherit !important;}  뉴델리, 9월 20일 (로이터) - 인도는 첫 존슨 앤 존슨을 가질 것으로 예상한다. JNJ.N 미국 제약회사의 파트너가 인도에서 채운 COVID-19 백신 투여를 다음달부터 완료했다고 이 사실을 알고 있는 소식통이 월요일 로이터 통신에 말했다.  이 소식통은 인도가 10월에 단발성백신을 4,350만 개에 달할 수 있을 것이라고 말했다. 300 million doses 월중에   인도는 세계에서 백신제조의 가장 큰 중심지다. 자체 수요를 충족하면 지난 4월 중단했던 수출을 재개할 계획이다.  지난달 인도 마약 규제당국은 이 같은 조치를 내렸다. emergency authorisation J&J의 인도 파트너인 Biological E가 수입하거나 현지에서 채워서 마쳤는지 여부에 관계없이 J&J 백신을 구입한다.  그러나 인도 정부는 아직 J&J와 어떤 공급계약도 체결하지 않았다.  언론과의 대화 권한이 없어 익명을 요구한 이 소식통은 ""다음 달부터 J&J 투여가 예상된다""고 말했다. ""바이오 E는 제형을 하고 5ml 바이알을 만들 것이다.""  인도 보건부는 논평 요청에 즉각 반응하지 않았다.  J&J India 대변인은 ""백신 납품 시기에 대해 추측하는 것이 적절하다""고 말했다.     (Additional reporting by Krishna N. Das; Editing by Kevin Liffey)  Krishna.Das@tr.com ; https://twitter.com/krishnadas56     (c) Copyright Thomson Reuters 2020. Click For Restrictions - https://agency.reuters.com/en/copyright.html        Keywords: HEALTH-CORONAVIRUS/INDIA-JOHNSON&JOHNSON   원문 바로가기    DISCLAIMER  레피니티브의 사전, 서면 승인 없는 톰슨로이터 콘텐츠의 재생산이나 재배포는 금지되어 있습니다. 이 기사의 한국어 번역은 에프앤가이드가 사용하는 기계적 번역에 의한 것으로 톰슨로이터와 레피니티브는 번역의 정확성을 보증하지 않습니다."
56,6,"2021-09-21","01:08:57","BRIFT-미국 FDA, Medtronic이 파이프라인 플렉시블 엠볼레이션 장치를 리콜한다고 발표","BRIEF-U.S. FDA Says Medtronic Recalls Pipeline Flex Embolization Devices .storyContent * {border-color:inherit !important;outline-color:inherit !important;} 9월 20일(로이터) - FDA:  FDA에 따르면 메드트로닉은 장치의 배치, 검색 또는 이동 중 전달 시스템 파손의 위험을 위해 파이프라인 플렉시블 색전 장치를 리콜한다고 한다.   FDA는 파이프라인 플렉시블 색전 장치의 식별된 메드트로닉의 리콜을 클래스 I 리콜로 보고한다.   fda는 파이프라인 플렉시블 색전 장치 리콜과 관련해 10명의 중상자와 2명의 사망자가 발생했다고 밝혔다.   FDA는 파이프라인 플렉시블 색전 장치의 리콜과 관련하여 59건의 장치 오작동이 보고됐다고 밝혔다.      Further company coverage: MDT.N  Reuters.Briefs@thomsonreuters.com        (c) Copyright Thomson Reuters 2020. Click For Restrictions - https://agency.reuters.com/en/copyright.html   원문 바로가기    DISCLAIMER  레피니티브의 사전, 서면 승인 없는 톰슨로이터 콘텐츠의 재생산이나재배포는 금지되어 있습니다. 이 기사의 한국어 번역은 에프앤가이드가 사용하는 기계적 번역에 의한 것으로 톰슨로이터와 레피니티브는 번역의 정확성을 보증하지 않습니다."
56,7,"2021-09-21","01:08:12","UPDATE 1-Cycling-Van Dijk가 올림픽 메달리스트를 제치고 타임 트라이얼 타이틀을 거머쥐었다.","UPDATE 1-Cycling-Van Dijk beats Olympic medallists to win time trial title .storyContent * {border-color:inherit !important;outline-color:inherit !important;}  9월 20일 벨기에 KNOKE HEIST - 네덜란드의 엘렌 판 디크(로이터)가 월요일 브루게스에서 열린 로드 사이클 세계선수권대회 여자시간 재판에서 스위스의 메달리스트 말렌 루세르와 동료 애네미크 반 벨레우텐을 제치고 우승했다.  2013년 세계시간대 챔피언 반다이크는 북해 연안의 크노케-히스트에서 브루게스 중심까지 30.3km 평탄한 코스에 36분 5초 28로 시간을 정해 두 번째 무지개 저지를 주장했다.  도쿄 올림픽에서 은메달을 획득한 루저는 10초 이상 뒤진 2위를 차지했고, 두 번의 세계 챔피언과 도쿄 금메달리스트 반 블레우텐은 24초 뒤진 3위를 차지했다.  ""그 세계 타이틀을 다시 따는 것은 너무나 오랜 꿈이었습니다,""라고 반다이크는 말했다.  ""올해는 모든 게 너무 좋았지만 항상 강한 마를렌 루저가 있었다. 나는 내가 정말 좋은 수준을 가지고 있다는 것을 알았지만 그녀가 매우, 매우 강하다는 것도 알았다.  ""지난 2주 동안, 그녀는 매번 재판에서 나를 이겼고 나는 그것이 엄청나게 어려워질 것을 알았다... 호감보다 한 시간 일찍 시작했기 때문에 충분히 좋은지 알 수 없는 게 좋았다고 말했다.  루저는 전반 2개의 체크포인트를 통과한 뒤 후반 3초 가까이 빨라져반다이크가 땀을 흘리게 했지만 스위스는 마지막 구간에서 시간을 잃었다.  미국의 두 차례 세계 챔피언인 앰버 네벤(46)이 4위, 독일의 리사 브레나워가 5위를 차지했다.     (Reporting by Rohith Nair in Bengaluru; Editing by Ed Osmond)  Rohith.Nair@thomsonreuters.com     (c) Copyright Thomson Reuters 2020. Click For Restrictions - https://agency.reuters.com/en/copyright.html        Keywords: CYCLING-WORLD/ (UPDATE 1, PIX)   원문 바로가기    DISCLAIMER  레피니티브의 사전, 서면 승인 없는 톰슨로이터 콘텐츠의 재생산이나 재배포는 금지되어 있습니다. 이 기사의 한국어 번역은에프앤가이드가 사용하는 기계적 번역에 의한 것으로 톰슨로이터와 레피니티브는 번역의 정확성을 보증하지 않습니다."
57,1,"2021-09-21","00:53:25","UPDATE 1-EU 녹색 투자에 대한 모범이 되지 않는다고 감사원은 말한다.","UPDATE 1-EU not leading by example on green investing, auditors say .storyContent * {border-color:inherit !important;outline-color:inherit !important;}   브뤼셀, 9월 20일 (로이터) - 유럽연합은 자체의 지출을 오염 활동으로부터 멀어지게 하거나 녹색 투자에 민간 자금을 동원하는 데 충분하지 않다고 유럽 감사재판소(ECA)가 월요일 말했다.  유럽연합(EU)은 기후변화 목표를 지원하는 사업에 자금을 조달할 수 있도록 금융규제를 개편하고 있는데 여기에는 투자자들에게 어떤 활동이 진정한 녹색인지를 알려주는 복합적인 새 규칙서인 '분류학'이 포함된다.   EU 집행위원회의 제안은 어떤 활동이 지속 가능한지 분명히 해 줄 것이지만, 기후를 해치는 투자를 억제할 정도는아니라고 ECA는 보고서에서 말했다.  보고서를 주도한 ECA 멤버 에바 린드스트로엠은 ""불가정한 활동은 여전히 너무 수익성이 높다""고말했다.   유럽위원회는 감사원의 권고를 받아들이거나 부분적으로 수용하고 있으며, 분류법에 대한 작업이 진행 중이라고 대변인은 덧붙였다.  EU의 지속 가능한 금융 분류법은 회원국들간의 싸움을 촉발시켰는데, 회원국들은 어떤 투자를 ""친환경""이라고 표시해야 하는지에 대해 동의하지 않는다.   브뤼셀은 가스와 핵에너지가 이 규칙에 포함될지에 대한 정치적으로 민감한 결정을 올해 말까지 연기했다. 위원회의 고문들은 가스 발전소가 지속가능한 것으로 간주되어서는 안 된다고 말했으며, 원자력 에너지에 대한 일부 우려를 제기해 왔다.   린드스트로엠은 전문가들의 권고에서 너무 벗어난 분류법은 신뢰를 잃을 수 있다고 말했다.  감사원은 유럽연합 자체 예산으로 일부 오염 활동을 지원하고 있기 때문에 녹색 금융에 대해 EU가 설파하고 있는 것을 실천하지 않고 있다고 말했다.  EU 예산의 일부는 화석연료인 천연가스를 위한 인프라에 사용될 수 있는 반면, 대부분의 EU 지출 프로그램은 개별 투자가 충분히 엄격한 환경 기준에 따라 심사될 것을 요구하지 않는다고 감사원은 말했다.  린드스트로엠은 ""실제적으로 이는 EU가 유해한 활동에 자금을 지원한다는 것을 의미한다""고 말했다.  감사원은 EU의 예산 전반에 걸쳐 일관된 지속가능성 기준을 적용할 것을 권고했다. 예를 들어, EU는 투자가 EU 기후변화 목표를 훼손하는지를 분석하는 분류학에서 ""중대한 위해를 주지 않는다""는 원칙을 적용할 것을 권고했다.   위원회 대변인은 ""위원회는 가능한 경우 택사노미 규정의 측면을 EU 예산에 이미 통합했다""고 말했다.     (Reporting by Kate Abnett; editing by Philip Blenkinsop, Gareth Jones and Bernadette Baum)  Kate.Abnett@thomsonreuters.com     (c) Copyright Thomson Reuters 2020. Click For Restrictions - https://agency.reuters.com/en/copyright.html        Keywords: EU-REGULATION/SUSTAINABLE-FINANCE (UPDATE 1)   원문 바로가기    DISCLAIMER  레피니티브의 사전, 서면 승인 없는 톰슨로이터 콘텐츠의 재생산이나 재배포는 금지되어 있습니다. 이 기사의 한국어 번역은 에프앤가이드가 사용하는 기계적 번역에 의한 것으로 톰슨로이터와 레피니티브는 번역의 정확성을 보증하지 않습니다."
57,2,"2021-09-21","00:53:04","U.S. Commerce는 무역 규칙의 변화가 미국 기업을 보호할 것이라고 말한다.","U.S. Commerce says trade rule changes will protect U.S. firms .storyContent * {border-color:inherit !important;outline-color:inherit !important;} 워싱턴, 9월 20일 (로이터) ­ 미국 상무부는 월요일 시행을 개선하고 ""불공정하고 불법적인 무역 관행으로부터 미국 기업을 보호하기 위해 반덤핑 관세와 상계관세 규정을 개정하고 있다고 말했다.  일부 변경사항은 9월 20일부터 10월 20일까지 발효되며 다른 변경사항은 9월 20일부터 11월 4일까지 시행될 것이라고 이 보고서는 성명에서 밝혔다.     (Reporting by Susan Heavey; Editing by Mark Porter)  sheavey@thomsonreuters.com ; +1-202-898-8300; ))     (c) Copyright Thomson Reuters 2020. Click For Restrictions - https://agency.reuters.com/en/copyright.html        Keywords: USA-COMMERCE/DUTIES (URGENT)   원문 바로가기    DISCLAIMER  레피니티브의 사전, 서면 승인 없는 톰슨로이터 콘텐츠의 재생산이나 재배포는 금지되어 있습니다. 이 기사의 한국어 번역은 에프앤가이드가 사용하는 기계적 번역에 의한 것으로 톰슨로이터와 레피니티브는 번역의 정확성을 보증하지 않습니다."
57,3,"2021-09-21","00:52:54","스타인호프 소유 매트리스 회사 기밀 파일 미국 IPO","Steinhoff-owned Mattress Firm files confidentially for U.S. IPO .storyContent * {border-color:inherit !important;outline-color:inherit !important;} 9월 20일 (로이터) - 남아프리카 소매 그룹 스타인호프의 매트리스 판매 사업인 매트리스 회사 그룹 주식회사는 월요일 미국에서 공모를 위해 규제당국에 비밀리에 서류를제출했다.  스타인호프 인터내셔널 홀딩스 N.V. SNHJ.J 8월에 말했다. evaluating options미국 최고의 전문 매트리스 소매업체인 매트리스 사의 공개 상장을 포함.  텍사스에 본사를 둔 매트리스 emerged from bankruptcy 11장 보호 신청을 한 지 두 달 후인 2018년에 5억 2천 5백만 달러의 출구 자금에 접근할 수 있다. 스타인호프는 당시 ""실적이 저조한 점포 660여 곳도 문을 닫았다""고 말했다.  2017년 대차대조표에 수십억 유로의 구멍이 드러난 스타인호프는 이후 자산매각과 상장 등을 통해 그룹 부채와 자금조달 비용을 줄이고 일부 계열사의 부채를 구조조정하고 있다.  매트리스 회사는 매트리스를 온라인과 미국 49개 주에 걸쳐 2,500개 이상의매장을 통해 판매하고 있는 것으로 2019년 1월 현재 웹사이트에 나타났다.     (Reporting by Sohini Podder in Bengaluru; Editing by Maju Samuel)  Sohini.Podder@thomsonreuters.com     (c) Copyright Thomson Reuters 2020. Click For Restrictions - https://agency.reuters.com/en/copyright.html        Keywords: MATTRESS FIRM GROUP-IPO/   원문 바로가기    DISCLAIMER  레피니티브의 사전, 서면 승인 없는 톰슨로이터 콘텐츠의 재생산이나 재배포는 금지되어 있습니다. 이 기사의 한국어 번역은 에프앤가이드가 사용하는 기계적 번역에 의한 것으로 톰슨로이터와 레피니티브는 번역의 정확성을보증하지 않습니다."
57,4,"2021-09-21","00:51:20","BRIF-FinTech Ventures Says 스포코.앱 8월에 588,602명의 클라이언트 보유","BRIEF-FinTech Ventures Says Spoko.App Has 588,602 Clients In Aug. .storyContent * {border-color:inherit !important;outline-color:inherit !important;} 9월 20일(로이터) - 핀테크벤처스 SA FIVP.WA:  spoko.app은 8월에 588,602개의 클라이언트를 보유하고 있으며, 7월에 599,774개의 클라이언트를 보유하고 있다.    Further company coverage: FIVP.WA  (Reporting by Gdansk Newsroom)  gdansk.newsroom@thomsonreuters.com        (c) Copyright Thomson Reuters 2020. Click For Restrictions - https://agency.reuters.com/en/copyright.html   원문 바로가기    DISCLAIMER  레피니티브의 사전, 서면 승인 없는 톰슨로이터 콘텐츠의 재생산이나 재배포는 금지되어 있습니다. 이 기사의 한국어 번역은 에프앤가이드가 사용하는 기계적 번역에 의한 것으로 톰슨로이터와 레피니티브는 번역의 정확성을 보증하지 않습니다."
57,5,"2021-09-21","00:51:06","BRIFT-Sievi Capital, 라켄넛타자토미스토 htj 인수","BRIEF-Sievi Capital Acquires Rakennuttajatoimisto Htj .storyContent * {border-color:inherit !important;outline-color:inherit !important;} 9월 20일 (로이터) - Siebi Capital Oyj SIEVI.HE:  레그제비 자본은 라켄넛타자토미스트 htj를 취득한다.   sievi - 거래는 새로운 co에 의해 수행될 것이며, co는 sievi의 투자와 은행 대출로 거래에 자금을 조달할 것이다.   sievi 무자본 무채무 매입가격은 1,375만 유로다. 주식의 매입가격은 거래가 완료되면 현금으로 지불될 것이다.    Further company coverage: SIEVI.HE  Reuters.Briefs@thomsonreuters.com ;;))        (c) Copyright Thomson Reuters 2020. Click For Restrictions - https://agency.reuters.com/en/copyright.html   원문 바로가기    DISCLAIMER  레피니티브의 사전, 서면 승인 없는 톰슨로이터 콘텐츠의 재생산이나 재배포는 금지되어 있습니다. 이 기사의 한국어 번역은 에프앤가이드가 사용하는 기계적 번역에 의한 것으로 톰슨로이터와 레피니티브는 번역의 정확성을 보증하지 않습니다."
57,6,"2021-09-21","00:50:57","앨런 스탠포드의 폰지 사기 회복이 10억 달러에 달한다.","Allen Stanford's Ponzi scheme recovery tops $1 billion .storyContent * {border-color:inherit !important;outline-color:inherit !important;}  9월 20일(로이터) - 법원이 지정한 한 수취인이 텍사스 금융업자 앨런 스탠포드 폰지 사기 사건의 피해자들을 위해 10억 달러 이상을 회수했다고 이 수취인의변호사가 월요일 말했다.  스탠퍼드 금융그룹의 수신인인 랄프 얀베이가 수년간의 소송 끝에 지난 1월 최종 법원 승인을 받은 런던 로이드스 등 보험사들과의 2016년 6월 합의금으로 6500만달러를 받자 문턱을 넘었다.  얀베이는 2022년 1분기 결산 자금을 분배할 것으로 기대하고 있다. 지난달 29일 현재 그는 약 5억5000만달러를 분배하는 법원의 승인을 받았으며 4억4300만달러를 분배했다.  한때 억만장자로 여겨졌으나 나중에 가난하다고 선언된 스탠포드(71)는 2012년 약 18,000명의 이전 투자자들에게 영향을 미치는 72억 달러의 폰지 사기 행각을 벌인 혐의로 유죄판결을 받은 후 110년형을 선고받고 복역 중이다.  검찰은 스탠포드가 앤티가 운영하는 스탠포드 국제은행을 통해 허위 고수익 예금 증서를 판매했으며 투자금을 이용해 위험한 투자를 하고 호화로운 생활방식을 자금으로 삼았다고 밝혔다.  이 사기행각은 약 20년 동안 지속되었고, 2009년 2월에 적발되었다.  얀베이를 대표하는 베이커봇츠 파트너 케빈 새들러는 인터뷰에서 ""경영이 시작됐을 때 수취인은 70억 달러 이상을 보유해야 할 은행에서 6,300만 달러만 찾았다""고 말했다. ""12년 이상 걸렸지만 10억 달러를 달성한 것은 의미 있는 성과다.""  더 많은 회복이 가능하다.  얀베이는 콜로라도의 억만장자 게리 매그니스에게 승소한 1억2490만 달러의 판결에 대한 항소를 방어하고 있다.  그는 또한 HSBC를 포함한 전 스탠퍼드 은행 5곳을 상대로 40억 달러 규모의 소송에 대해 공식 스탠퍼드 투자 위원회와 협력하고 있다. HSBA.L, Societe Generale. SOGN.PA 및 TD 은행 TD.TO.   지난 달 댈러스의 데이비드 고드비 미 지방 판사는 HSBC와 소시에테 제네랄의 기각 신청을 기각했다.  마도프의 폰지 사기 수법으로 인한 피해 복구 노력은 180억 달러 이상을 회수했다.   매도프는 150년의 징역형을 받다가 지난 4월 82세의 나이로 세상을 떠났다. 그의 사기는 2008년 12월에 밝혀졌다.        (Reporting by Jonathan Stempel in New YorkEditing by Marguerita Choy)  jon.stempel@thomsonreuters.com ; +1 646 223 6317; Reuters Messaging: jon.stempel.thomsonreuters.com@reuters.net     (c) Copyright Thomson Reuters 2020. Click For Restrictions - https://agency.reuters.com/en/copyright.html        Keywords: USA-CRIME/STANFORD (PIX)   원문 바로가기    DISCLAIMER  레피니티브의 사전, 서면 승인 없는 톰슨로이터콘텐츠의 재생산이나 재배포는 금지되어 있습니다. 이 기사의 한국어 번역은 에프앤가이드가 사용하는 기계적 번역에 의한 것으로 톰슨로이터와 레피니티브는 번역의 정확성을 보증하지 않습니다."
57,7,"2021-09-21","00:50:22","美, 11월에 코로나 백신 접종 외국인 입국 제한 완화","지난 5월24일(현지시간) 미국 로스앤젤레스 톰 브레이디 국제공항 터미널에서 한 승객이 걸어가고 있다.AP뉴시스  미국 정부가 오는 11월부터 코로나19 백신을 접종받은외국인 방문자들에 대한 입국 제한을 완화하기로 했다.   20일(현지시간) 미 백악관은 11월부터 영국과 유럽연합(EU) 주민을 포함외국인들이 백신 접종을 미국행 항공기 탑승전에 증명하도록 하고 자국에서 출국하기 3일전에 코로나 음성 판정을 받을 경우 입국 제한을 대폭 완화할 것이라고 밝혔다.   경제전문방송 CNBC는 이 같은 방침은 11월초에 실시될 것으로 예상되며 순조롭게 진행될 경우 항공사들은 연말 예약이 급증하는 것을 기대할 수 있다고 보도했다.   지난해 코로나19 팬데믹이 발생하자 미국은 30개국 이상 주민들의 입국 조건을 제한해왔다.   영국과 EU는 미국인들의 입국 제한을 완화하면서 미국이 상응하는 조치를 기대해왔다.   백악관의 여행 제한 완화 계획이 전해지자 델타와 아메리칸, 유나이티드 항공사의 주가가 일제히 반등했다.    jjyoon@fnnews.com 윤재준 기자  ▶1500% 가는 '제2의 HMM' 아직 5000원대 황금株, 급등 전 마지막 기회! [클릭] ▶“주식카톡방 완전무료 선언” 파격결정  [파이낸셜뉴스 주요뉴스]  → 남편과 사별한 여성, 자기 따라다니던 남자와 결혼했더니.. → ""팬티만 입으라는 지시 받았다"" 그의 소변에는... → 모델 한혜진 ""전 남친, 방송서 男 출연자와 눈 보며 대화했다고.."" → '태아 머리가 보인다' 전주 女 사우나서 일어난 일 → 월급 150만원 39세 여성의 어머니 ""내 딸 정도면.."" → '주린이'가 먹어야 할 과일은? [파인애플]  ● 하루만에 高수익 챙길 ‘초대형’ 백신 대장株! 비밀리에 입수! 1200% ↑↑ (CLICK)  ▶▶[무료공개]◀◀ 지금 ""1,000만원""만 있어도 당장 ""이것""부터 사라!! >>> (무료 체험)   ※ 저작권자 ⓒ 파이낸셜뉴스. 무단 전재-재배포 금지 "
58,1,"2021-09-21","00:31:25","BRIFT-레전드 그룹이 조건부로 900만 달러에 판매 점유율을 구매할 수 있다고 말한다.","BRIEF-Legendary Group Says Able Glorious To Conditionally Buy Sale Share For Hk$9 Million .storyContent * {border-color:inherit !important;outline-color:inherit !important;} 9 월 20일(로이터) - 레전드 그룹 Ltd 8195.HK:  조건부로 900만 달러에 판매 점유율을 구매할 수 있는 영광스러운 능력   매각 주식은 kc 훈련 회사의 발행 주식 자본 전체를 나타낸다.    Further company coverage: 8195.HK  Reuters.Briefs@thomsonreuters.com        (c) Copyright Thomson Reuters 2020. Click For Restrictions - https://agency.reuters.com/en/copyright.html   원문 바로가기    DISCLAIMER  레피니티브의 사전, 서면 승인 없는 톰슨로이터 콘텐츠의 재생산이나 재배포는 금지되어 있습니다. 이 기사의 한국어 번역은 에프앤가이드가 사용하는 기계적 번역에 의한 것으로 톰슨로이터와 레피니티브는 번역의 정확성을 보증하지 않습니다."
58,2,"2021-09-21","00:31:11","BRIF-중앙 중국 부동산 9월 16일부터 20일까지 Co, In Open Market, 2024년 8월 일부분 220만 달러 어음 환매","BRIEF-Central China Real Estate During Sept 16-20, Co, In Open Market, Repurchased Part Of August 2024 Notes In Amount Of $2.2 Million .storyContent * {border-color:inherit !important;outline-color:inherit !important;} 9월 20일 (로이터) - 센트럴 차이나 부동산 주식회사 0832.HK:  9월 16일부터 20 일까지 오픈마켓에서 2024년 8월 일부를 220만 달러의 금액으로 환매했다.   환매된 선순위 채권을 취소할 수 있을 것으로 예상하다.    Further company coverage: 0832.HK  Reuters.Briefs@thomsonreuters.com        (c) Copyright Thomson Reuters 2020. Click For Restrictions - https://agency.reuters.com/en/copyright.html   원문 바로가기    DISCLAIMER  레피니티브의사전, 서면 승인 없는 톰슨로이터 콘텐츠의 재생산이나 재배포는 금지되어 있습니다. 이 기사의 한국어 번역은 에프앤가이드가 사용하는 기계적 번역에 의한 것으로 톰슨로이터와 레피니티브는 번역의 정확성을 보증하지 않습니다."
58,3,"2021-09-21","00:31:00","오클라호마시티 사료용 가축 경매 오픈","Oklahoma City feeder cattle auction Open  9/20/2021년 가축 가중 평균 보고서 - 예비     옥션                                                           This Week                  Last Reported                 Last Year                                                                                      9/13/2021Total Receipts:                                          7,000                        8,759                       5,559Feeder Cattle:                                      7,000(100.0%)                8,759(100.0%)               5,559(100.0%)     ***열림****     지난주와 비교: 피더 조향기와 하이퍼는 초기 라운드에서 잘 테스트되지않는다. 중용을 요구하다. 공급 포함: 100% 공급기소(58% 스티어, 39% 하이퍼, 3% 불스) 600파운드 이상의 사료용 소의 공급은 59%였다.     사료용 소     STEERS - 중간 및 큰 1(Cwt/실제 Wt)   Head          Wt Range          Avg Wt              Price Range      Avg Price   7                313              313                  207.00          207.00   14               438              438                  164.00          164.00   38             466-478       469               167.00-169.50      168.76   29             511-523            515               165.00-171.00      168.50 45             550-577            567               154.00-163.00      157.28   57             611-634            622 131.00-156.00      149.40  193             651-698            653               140.50-161.00      159.98   26               733           733                  155.75          155.75   36             703-706            705               134.50-135.00      134.69     Unweaned   10               767              767                  153.00          153.00  144             815-820            817               145.00-150.50      148.94   35               850              850                  149.50          149.50   4           904              904                  136.00          136.00   32             950-981            966               134.00-135.50      134.76     STEERS - 중형 및 대형 1-2(Cwt/실제 Wt)   Head            Wt Range          Avg Wt              Price Range      Avg Price   8                329              329                  176.00          176.00   16               365              365                  170.00          170.00   8                468              468          157.00          157.00   46             506-541            521               131.00-165.00      157.95   24             557-582            573               141.00-149.50      144.17   84               610              610                  149.50  149.50   10               704              704                  146.00          146.00STEERS - Medium and Large 2 (Per Cwt / Actual Wt)  Head          Wt Range            Avg Wt              Price Range    Avg Price   10             436                436           135.00        135.00   19             650                650                  135.00        135.00     하이퍼스 - 중간 및 큰 1(Cwt/실제 Wt)   Head          Wt Range            Avg Wt              Price Range Avg Price   17           300-301              300               140.00-156.00    149.40   7              446                446              150.00        150.00   47           456-499              474               141.00-153.00    150.52   79           500-545              531               133.00-156.00    143.29   74           555-591              583               134.00-151.00    144.73   64           610-642              628               138.00-147.00    140.50   12             622                622        132.00        132.00     Unweaned   82           655-693              674                  145.50        145.50   55   700-746              730               126.00-139.00    137.76   6              830                830                  132.00     132.00     하이퍼스 - 중형 및 대형 1-2(Per Cwt / 실제 Wt)   Head          Wt Range          Avg Wt              Price Range    Avg Price   11             362                362                  133.00        133.00   7              424                424                  142.00        142.00   8              462                462    140.00        140.00   81           504-531              517               133.00-160.00    147.80   40           600-648       607               135.00-138.00    137.52   9              655                655                  139.00        139.00     하이퍼스 - 중간 및 큰 2(Cwt/실제 Wt)   Head          Wt Range            Avg Wt   Price Range    Avg Price   9              518                518                  152.00        152.00     BULS - 중간 및 큰 1(Cwt/실제 Wt)   Head          Wt Range            Avg Wt              Price Range    Avg Price   18             501                501                  152.00        152.00     BULS - 중형및 대형 1-2(Cwt/실제 Wt)   Head          Wt Range            Avg Wt              Price Range    Avg Price   5              403                403                  170.00        170.00   17           574-599              589                  138.00        138.00     참고: 위의 USDA LPGMN 가격 보고서는 판매용으로 제공되는 가축의 대다수의 등급과 등급을 반영하고 있다.일부 판매가 보고 지침에 맞지 않아 보고에 포함되지 않는 경우가 있을 수 있다.보도 가격은 달리 명시되지 않는 한 FOB 기준으로 보고된다.              (도움말을 보려면: 데스크 탑에서 ""연락처""를 클릭하십시오.여기를 클릭하세요. HELP 1-800-738-8377로 전화하거나로이터 제품 및 1-888-463-3383Thomson 제품의 경우, 고객 교육의 경우:training.americas@thomsonreuters.com; +1 646-223-5546))        Keywords: MARKETS CATTLE OKLAHOMA/USDA   원문 바로가기    DISCLAIMER  레피니티브의 사전, 서면 승인 없는 톰슨로이터 콘텐츠의 재생산이나 재배포는 금지되어 있습니다. 이 기사의 한국어 번역은 에프앤가이드가 사용하는 기계적 번역에 의한 것으로 톰슨로이터와 레피니티브는 번역의 정확성을 보증하지 않습니다."
58,4,"2021-09-21","00:30:28","매년 늘어나는 치매인구, 건망증 오해 마세요","- 세계 알츠하이머의 날, 2030년에는 치매 환자 수 136만 명 추정    ▶'2차전지'의 신흥강자! 대규모 공급계약 체결! 800% 극비리재료株  [이데일리 이순용 기자] 오늘은 우리의 명절 추석인데다 세계보건기구(WHO)가 정한 세계 알츠하이머의 날(9월21일)이다. 그만큼 치매는 우리 사회에서 흔한 질환으로 자리 잡고 있지만, 적극적인 관리와 치료에 관심을 두는 사람은 많지 않다. 최근에는 고령화 사회로 노인 인구가 늘어나고 있기 때문에 치매 증상에 대해 정확히 이해하고 건강 관리 계획을 세우는 게 중요하다.  중앙치매센터의 ‘치매 유병현황’ 자료에 따르면 지난해 우리나라 65세 이상 인구는 813만 4674명으로 집계됐다. 이 가운데 치매를 앓고 있는 환자는 약 84만명으로 65세 이상 인구 10명 중 1명은 치매 환자인 것으로 나타났다. 특히 노령 인구가 증가하면서 치매 환자 수도 늘어나는 모습을 보이는데 오는 2030년에는 65세 이상 치매 환자 수가 약 136만 명에 달할 것으로 추정됐다.  치매는 기억력 저하와 언어 인지 기능이 감소해일상생활에 어려움을 겪는 경우를 말한다. 조기에 발견하고 치료를 시작하는 게 중요하지만 치매 초기 증상을 대부분 자연스러운 노화 현상, 건망증 등으로 오해해 치료 시기가 늦어지는 사례가 많다. 치매는 건망증과 같은 노화 현상과는 차이가 있기 때문에 구분해 둘 필요가 있다.  건망증은 사건의 세세한 부분에 대해서는 잊어버릴 수 있지만, 전체적인 사건에 대해서는 잘 기억하는 편이다. 하지만 치매는 전체사건에 대해 기억하지 못하는 경우가 많다. 또, 건망증은 주변 사람들이 일어났던 일에 대략적으로 설명을 해주게 되면 다시 기억해내지만 치매 환자는 이를 기억하지 못한다. 그렇다 보니 자신의 치매 환자라는 사실을 인지하지 못하거나 부인하는 경우가 많아 치료에 필요성을 느끼지 못하게 된다. 기억장애가 수개월을 두고 갈수록 심해지거나 판단력의 저하가 동반된다면 치매의 전조증상일 수 있다.  치매의 원인은 대표적으로 알츠하이머병으로 알려진 퇴행성 뇌질환과 뇌혈관 질환으로 인해 발생하는 혈관성 치매를 들 수 있다. 알츠하이머병은 뇌 신경세포가 서서히 쇠퇴하면서 진행돼, 병의 진행 속도가 혈관성 치매보다 느려 병이 상당 부분 진행되고 나서 발견되는 경우가 많다. 반면, 혈관성 치매는 뇌경색, 뇌졸중 등 갑작스럽게 뇌세포에 손상이 생겨 발생하게 된다. 뇌혈관 질환의 병력이 있는 환자라면 평소 생활 습관 개선을통해 혈관성 치매 예방에 관심을 기울여야 한다.  치매의 치료법으로는 약물치료와 비약물 치료법인 인지중재치료법이 있다. 약물치료는 치매 증상을 완화하고 병의 진행속도를 늦추는 것을 목표로 진행된다. 이와 함께 인지중재치료법은 치매로 인해 저하된 기억력, 언어능력등의 인지기능을 훈련을 통해 향상하는 치료법이다. 부작용이 상대적으로 덜하다는 장점이 있으며 이미 인지장애가 진행되고 있는 환자의 증상 악화 지연에 도움이 된다.  세란병원 신경과 권경현 과장은 “치매가 시작되는 경우 본인이 치매라는 사실을 인지하기가 어려워 건망증이나 단순 노화 같은 질병으로 오해하기 쉽다”며 “평소 치매에 대한 증상을 잘 이해했다가 의심스러운 증상이 관찰될 시 조기에 검진을 받아보는 게 바람직하다”고 강조했다. 이어 “치매는 완치하기 쉽지 않은 병이기 때문에 일상생활에서 관심을 가지고 관리해나가는 예방적차원의 접근이 필요하다”며 “적극적인 사고와 취미생활, 균형 잡힌 식사를 통한 영양분 섭취, 흡연과 과음을 피하는 것 등은 기본적이면서도 치매를 예방할 수 있는 가장 좋은 방법이다”고 설명했다.            ※ 주식은 매도가 생명!! 팔기 전 AI비서에게 물어봐!!  ▶ <세계최초>신약재료+美승인!! 1500%↑터질 역대급 바이오株 (종목확인)  ▶1500% 가는 '제2의 HMM' 아직 5000원대 황금株, 급등 전 마지막 기회! [클릭]  ▶▶[무료 공개]◀◀ 지금 ""1,000만원""만 있어도 당장 ""이것""부터 사라!! >>> (무료 체험)  ▶▶주식전문가들의상승, TOP3 ""테마株"" 종목확인! 선착순 무료! [클릭]         ＜ⓒ종합 경제정보 미디어 이데일리 - 무단전재 & 재배포 금지＞    "
58,5,"2021-09-21","00:30:25","EU 작물 감시기가 2021년 옥수수 감축, 봄 보리 수확량 전망","EU crop monitor cuts 2021 maize, spring barley yield forecasts .storyContent * {border-color:inherit !important;outline-color:inherit !important;} 파리, 9월 20일 (로이터) - 올해 유럽연합(EU) 수확량의 평균 곡물 옥수수 수확량은 헥타르당 7.78톤(t/ha)에 달해 8월 예상 수확량 7.90t/ha에서 감소할 것으로 예상된다고 유럽연합 농작물 감시 서비스가 월요일 발표했다.  마스 역시 봄 보리수확률 전망치를 지난달 4.30t/ha에서 4.23t/ha로 낮췄고 EU 사탕무수확 예상치는 75.0t/ha로 변동이 없었다.     (Reporting by Sybille de La Hamaide, editing by Forrest Crellin)  Sybille.deLaHamaide@thomsonreuters.com ; +336 8774 4148; ))     (c) Copyright Thomson Reuters 2020. Click For Restrictions - https://agency.reuters.com/en/copyright.html        Keywords: EU-CROPS/ (URGENT)   원문 바로가기    DISCLAIMER  레피니티브의 사전, 서면 승인 없는 톰슨로이터 콘텐츠의 재생산이나 재배포는 금지되어 있습니다. 이 기사의 한국어 번역은 에프앤가이드가 사용하는 기계적 번역에 의한 것으로 톰슨로이터와 레피니티브는 번역의 정확성을보증하지 않습니다."
58,6,"2021-09-21","00:29:45","팩트박스-미국 헨리허브 연간 가격 전망, 2021년 7년 만에 최고치 경신","FACTBOX-U.S. Henry Hub natgas annual price forecasts, 2021 to rise to 7-year high .storyContent * {border-color:inherit !important;outline-color:inherit !important;} 9월 20일( 로이터) - 루이지애나주 헨리 허브 벤치마크에서 2021년 미국 천연가스 가격이 2014년 이후 최고 수준으로 오를 것으로 보인다. 정부가 폐쇄를 완화하고 수요는 2020년 코로나바이러스 관련 가격 하락 동안 생산자들이 생산량을 회복할 수 있는 속도보다 더 빠르게 증가하기 때문이다.  분석가들은 2020년 25년 만에 최저치로 무너진 뒤 2021년과 2022년에는 영국 화력발전소(mmBtu)당 평균 330달러가 될 것으로 전망했다.  2020년 평균 가격은 mmBtu당 2.03달러로 21% 하락해 1995년 이후 최저치를 기록했다. 이는 5년 평균(2015-19년) 2.77달러, 10년 평균(2010-2019년) 3.31달러와 비교된다. 휘발유 가격은 1995년 평균 1.69달러, 2018년 3.15달러, 2014년 4.39달러였다.   다음은 분석가의 평균 가격 추정치(mmBtu)를 가장 최근의 추정치로 나열한 것이다.      회사  2021  2021  2022  2022  2023  2023  수정 날짜      $/mmBtu  $/mmBtu  $/mmBtu  $/mmBtu  $/mmBtu  $/mmBtu      현재  이전  현재  이전  현재  이전      뱅크 오브 아메리카   3.47  3.10  3.45  2.80  9월 20일   모건스탠리  3.55  2.88  3.75  3.00  2.75  2.75  9월 14일   미국 EIA  3.63  3.42  3.47  3.08  9월 8일   골드만삭스  3.17  2.99  3.37  2.96  2.91  2.84  8 월 23일   ABN암로  3.20  2.90  3.00  2.70  2.70  2.70  8월 19일   JP모건  3.20  2.93  3.14  2.93  7월 29일   레이먼드 제임스  3.50  3.10  4.00  3.30  2.75  2.75  7월 26일   파이퍼 샌들러  3.23  2.74  3.16  2.65  2.75  2.75  7월 22일   미즈호  3.23  2.93  3.10  2.85  3.00  2.75  7월 14일   RBC 자본시장  3.10  2.92  2.95  2.75  2.65  2.50  6월 10일   코웬앤코  2.97  2.74  2.93  2.68  2.72  2.54  6월 9일      (Reporting by Scott DiSavino)  scott.disavino@thomsonreuters.com ; +1 332 219 1922; Reuters Messaging: scott.disavino.thomsonreuters.com@reuters.net     (c) Copyright Thomson Reuters 2020. Click For Restrictions - https://agency.reuters.com/en/copyright.html        Keywords: USA-NATGAS/PRICES (FACTBOX)   원문 바로가기    DISCLAIMER  레피니티브의 사전, 서면 승인 없는 톰슨로이터 콘텐츠의 재생산이나 재배포는 금지되어 있습니다. 이 기사의 한국어 번역은 에프앤가이드가 사용하는 기계적 번역에 의한 것으로 톰슨로이터와 레피니티브는 번역의정확성을 보증하지 않습니다."
58,7,"2021-09-21","00:28:45","데이터 통합 스타트업 파이브트랜이 56억 달러 가치 창출로 5억6500만 달러 달성","Data integration startup Fivetran raises $565 million at $5.6 bln valuation .storyContent * {border-color:inherit !important;outline-color:inherit !important;} 9월 20일(로이터) - 데이터 통합 스타트업 파이브트란은 월요일 벤처캐피털 회사 안드레센 호로위츠가 이끄는 최근 자금조달 라운드에서 5억6500만 달러를 모금해 회사의 총 평가액이 56억 달러에 달했다고 밝혔다.  캘리포니아에 본사를 둔 이 회사는 또한 7억 달러에 달하는 현금과 주식 거래로 HVR을 인수할 것이라고 발표했다.  엔터프라이즈 데이터 복제 서비스를 제공하는 HVR은 오라클, SAP 등의 플랫폼에서 Amazon.com Inc.와 같은 클라우드 타깃으로 데이터를 복제할 수 있도록 지원한다. AMZN.O AWS 및 Microsoft의 제품 MSFT.O 아즈레.  클라우드 업체들은 지난해부터 가정에서의 일과 학습 전환 요건을 충족하기 위해 서비스를 이용하는 기업이 늘어나면서 수요가 급증하고 있다.  의류 소매업체 포에버21과 결제업체 스퀘어 등 고객이 있는 파이브트란 SQ.N이 회사는 이 거래가 10월 초에 끝날 것으로 예상한다고말했다.  기존 투자자 제너럴 촉매(General Catalyst), CEAS Investments(CEAS Investments), 매트릭스 파트너스(Matrix Partners) 등도 펀딩 라운드에 참여했으며 파이브트란은 현재까지 7억3000만 달러를 모금했다.     (Reporting by Nilanjana Basu in Bengaluru; Editing by Maju Samuel)  Nilanjana.Basu@thomsonreuters.com     (c) Copyright Thomson Reuters 2020. Click For Restrictions - https://agency.reuters.com/en/copyright.html        Keywords: FIVETRAN-FUNDING/   원문 바로가기    DISCLAIMER  레피니티브의 사전, 서면 승인 없는 톰슨로이터 콘텐츠의 재생산이나 재배포는 금지되어 있습니다. 이 기사의 한국어 번역은 에프앤가이드가 사용하는 기계적 번역에 의한 것으로 톰슨로이터와 레피니티브는 번역의 정확성을보증하지 않습니다."
59,1,"2021-09-21","00:15:03","표-미국 6개월 어음 비경쟁입찰","Table-Non-competitive bids for U.S. 6-month bills  9월 20일 (로이터) - 아래는 미국 6개월 법안에 대한 비경쟁 입찰에서 얻은 결과물이다.    Security              6-month billsIssue Date    Sept 23, 2021CUSIP                 912796F38Maturity Date         March 24, 2022Offering Amount     $45,000,000,000Non Comps Accepted     $455,843,800Tentative Tendered*    $655,843,800Approximate Comp Remaining     $44,344,156,200SOMA Tendered**      $1,989,939,600     *합격된 비 컴팩트 및 FIMA의 합계**SOMA - 시스템 오픈 마켓 계정에서 연방준비제도이사회로부터 입찰   원문 바로가기    DISCLAIMER  레피니티브의 사전, 서면 승인 없는 톰슨로이터 콘텐츠의 재생산이나 재배포는 금지되어 있습니다. 이 기사의 한국어 번역은 에프앤가이드가 사용하는 기계적 번역에 의한 것으로 톰슨로이터와 레피니티브는 번역의 정확성을 보증하지 않습니다."
59,2,"2021-09-21","00:15:02","BRIFT-Fitch, EU 부채가 회복을 도울 수 있다고 말함, 주권 우발 부채에 추가됨","BRIEF-Fitch Says EU Debt Can Aid Recovery, Adds To Sovereign Contingent Liabilities .storyContent * {border-color:inherit !important;outline-color:inherit !important;} 9월 20일(로이터) - 피치:  피치는 eu의 부채가 회복을 도울 수 있고, 국가 우발부채가 더해진다고 말한다.   피치는 증가하는 eu 부채가 회원국들의 성장전략에 도움을 줄 것이며, 향후 eu 예산 분담금과 우발부채에 더해질 것이라고 말한다.   피치는 eu 수준에서 새로운 세금을 인상함으로써 eu의 부채를 부분적으로 상환하려는 계획이 재정 통합을 심화시킬 것이라고 말한다.   피치는 eu 회원국에 예산 지원금을 지급하기 위해 공통 채무를 발행하는 것은 재정 위험 분담의 중요한 단계라고 말한다.    Reuters.Briefs@thomsonreuters.com        (c) Copyright Thomson Reuters 2020. Click For Restrictions - https://agency.reuters.com/en/copyright.html   원문 바로가기    DISCLAIMER  레피니티브의 사전, 서면 승인 없는 톰슨로이터 콘텐츠의 재생산이나 재배포는 금지되어 있습니다. 이 기사의 한국어 번역은 에프앤가이드가 사용하는 기계적 번역에 의한 것으로 톰슨로이터와 레피니티브는 번역의 정확성을 보증하지 않습니다."
59,3,"2021-09-21","00:14:36","UPDATE 1-글로벌 매각, BoE 불확실성, 휘발유 가격 하락","UPDATE 1-Global sell-off, BoE uncertainty, gas prices push sterling lower .storyContent * {border-color:inherit !important;outline-color:inherit !important;}   런던, 9월 20일 (로이터) - 스털링은 지난 월요일 중국의 에버랜드가 위험지향 통화에 타격을 입으면서 달러대비 1개월 만에 최저치를 기록했고 영국은행의 통화정책에 대한 불확실성과 유가 급등도 영향을 미쳤다.  GMT 1437 파운드 GBP=D3 달러 대비 달러화 대비 0.49% 하락한 1.3659달러로 8월 23일 이후 최저치를 기록했다. 유로 대비 GBPEUR=스털링은 0.52% 떨어진 0.8579펜스로 9월 9일 이후 최저치를 기록하지 못했다.   세계에서 가장 부채가 많은 부동산 개발업체인 중국의 에버그란데를 둘러싼 채무불이행 우려는 국내 증시가 개장하면서 유럽과 월가로 확산된 아시아에서의 매각을 촉발시켰다.   유럽의 은행들 .SX7P 미국에 있는 동안1년 만에 최악의 세션이 진행되었다. .SPXBK 국채의 안전성에 투자자들이 몰려들면서 3% 넘게 하락해 수익률이 급격히 낮아졌다.   외환시장에서 무역상들은 달러화 가치가 4주만에 최고치를 기록한 달러화의 안전한 피난처로 눈을 돌렸다. =USD 93.4를 기록했다.   제러미 스트레치 CIBC 캐피털 마켓츠 G10 FX 전략 담당자는 ""우리가 보고 있는 것은 위험 통화가 전반적으로 타격을 받고 있다는 것""이라고말했다.  그는 또 ""유가 급등으로 추가 역풍이 불면서 영국 통화에도 국내 요인이 작용하고 있다""고 덧붙였다.   영국은 도매가격이 급등하자 에너지 기업에 국가 지원 대출을 제공하는 방안을 검토 중이어서 대형 공급사들이 파산한 기업의 고객들을 떠맡는 비용을 충당하기 위해 정부에 지원을 요청하고 있다.   무역업자들의 또 다른 골칫거리는 목요일 영국은행 회의에서 통화정책의 미래에 대해 나타날 수 있는 것과 관련된 불확실성이었다.  라보뱅크의 전략가인 제인 폴리 씨는 BoE 회의가 끝난 후 그녀의 고객들에게 영국 통화 목표치를 하향 검토할 수도 있다고 말했다.   그는 7월 소매판매 부진 등 거시 지표 약세를 언급하며 ""시장이 기대감 하락을 감수할 것 같다""고 썼다.   COVID-19 경기부양 계획의 조기 종료를 위해 투표하고 싶었을 수도 있는 BoE 금리결정자들은 경기가 둔화되고 있지만 인플레이션이 치솟는 등 까다로운 상황에서 일단 보류할 수도 있다.  지난 달, 마이클 손더스는 영국 중앙은행의 국채 매입에 대한 조기종결에 투표한 유일한 금통위원으로, 지속적인 매수가 향후 보다 적극적인 통화정책 강화의 위험을 무릅쓴다는 것을 근거로 들었다.  이후 앤드루 베일리 BoE 총재는 지난달 투표한 8명의 MPC 위원 중 4명(본인도 포함)이 금리 인상 가능성을 검토하기 위해 일부 초기 조건을 충족했다고 생각했다고 밝혔다.      (Reporting by Julien Ponthus; Editing by Emelia Sithole-Matarise and Ed Osmond)  Joice.Alves@thomsonreuters.com ; +442075422345) )     (c) Copyright Thomson Reuters 2020. Click For Restrictions - https://agency.reuters.com/en/copyright.html        Keywords: BRITAIN-STERLING/ (UPDATE 1, PIX)   원문 바로가기    DISCLAIMER  레피니티브의 사전, 서면 승인 없는 톰슨로이터 콘텐츠의 재생산이나 재배포는 금지되어 있습니다. 이 기사의 한국어 번역은 에프앤가이드가 사용하는 기계적 번역에 의한 것으로 톰슨로이터와 레피니티브는 번역의 정확성을 보증하지 않습니다."
59,4,"2021-09-21","00:14:35","암 치료가 생쥐에게 유망하다는 것을 보여주면서 BUZ-Oncolytics는 이득을 얻는다.","BUZZ-Oncolytics gains as cancer treatment shows promise in mice .storyContent * {border-color:inherit !important;outline-color:inherit !important;} ** 생명공학회사 미국 상장주식 ONCY.O 5.7% 오른 2.12달러  ** 실험용 약물인 펠레로렙이 방사선 치료와 결합되어 종양이 있는 생쥐의 항암 T세포에 침투하는것이 통계적으로 유의미하게 증가하였다고 한다().https://refini.tv/2ZfXM87  ** 조합이 생존율의 수치적 증가로 이어졌다고 함  ** 국제 면역요법 방사선치료 결합 국제회의 자료 제시  ** 재고 감소 ~11% YTD     (Reporting by Mrinalika Roy in Bengaluru)  mrinalika.roy@thomsonreuters.com ; 미국 +1 646 223 8780, 미국 +91 806749 8325; )        (c) Copyright Thomson Reuters 2020. Click For Restrictions - https://agency.reuters.com/en/copyright.html   원문 바로가기    DISCLAIMER  레피니티브의 사전, 서면 승인 없는 톰슨로이터 콘텐츠의 재생산이나 재배포는 금지되어 있습니다. 이 기사의 한국어 번역은 에프앤가이드가 사용하는 기계적 번역에 의한 것으로 톰슨로이터와레피니티브는 번역의 정확성을 보증하지 않습니다."
59,5,"2021-09-21","00:14:15","스가, 측근들에게 ""고노 쪽으로 가라""...反아베 진영 형성","이달 29일 자민당 총재 선거 실시 다음달 4일 새 일본 총리 지명     스가 요시히데 일본 총리. 로이터 뉴스1   고노 다로 일본 행정개혁상. 로이터 뉴스1 【도쿄=조은효 특파원】 스가 요시히데 일본 총리가 차기 자민당 총재 선거를 앞두고 측근들에게 고노 다로행정개혁상을 지원하라는 입장을 전달했다고 20일 교도통신이 보도했다.  이에 따르면 스가 총리는 자신의 측근을 차례로 일본 도쿄 총리 관저로 불러 ""나도 (지지)하니까 고노 쪽으로 가라""고 지시했다. 스가 총리는 이미 지난 17일 총리관저 기자단의 취재에 자민당 총재 선거에서 고노 담당상을 지지한다고 표명한 바 있는데, 나아가 당내 측근들에게 고노에 대한 지원 사격을 요청한 것이다. 고노는 반(反)아베 성향인 이시바 시게루 전 자민당 간사장과 연대한 상태다. 아베 신조 전 총리는 극우 성향의 다카이치 사나에 전 총무상을 밀고 있으며, 자민당 총재 선거가 결선투표로 갈 경우에는 기시다 후미오 전 자민당 정무조사회장을 지원할 것이란 관측이 지배적이다. 스가 총리가 고노의 손을 잡은 것은 사실상 아베 전 총리의 반대편에 선 것으로 풀이된다.  스가 총리가 자민당 내 최대 파벌인 호소다파의 실질적인 지주인 아베 전 총리와의 관계 악화를 무릅쓰고 고노 지원에 적극 나선 것은 자신의 총리 연임에 아베가 협조적이지 않았기 때문이라는 관측이나온다. 스가 총리와 가까운 한 국회의원은 교도통신에 ""아베 씨는 최종 단계에서 스가 총리에 협조적이지 않았다""고 말했다. 이의원은 ""다카이치 씨를 미는 아베 씨와의 싸움에서 이겨 오래 영향력을 확보한다""라는 스가 총리의 고노 지원 의도를 설명했다.  사실상 일본 총리 선거나 다름없는 자민당 총재 선거는 이달 29일 실시된다. 이 선거에서 승리한 후보는 다음 달 4일 소집되는 일본 임시국회에서 새 총리로 지명된다.   일본은 다수당 총재가 총리가 되는 의원내각제 국가다.    ehcho@fnnews.com 조은효 기자  ▶1500% 가는 '제2의 HMM' 아직 5000원대 황금株, 급등 전 마지막 기회! [클릭] ▶“주식카톡방 완전무료 선언” 파격결정  [파이낸셜뉴스 주요뉴스]  → 남편과 사별한 여성, 자기 따라다니던 남자와 결혼했더니.. → ""팬티만 입으라는 지시 받았다""그의 소변에는... → 모델 한혜진 ""전 남친, 방송서 男 출연자와 눈 보며 대화했다고.."" → '태아 머리가 보인다' 전주 女 사우나서 일어난 일 → 월급 150만원 39세 여성의 어머니 ""내 딸 정도면.."" → 한주간 지친 나에게 디저트로 [파인애플]  ● 하루만에 高수익 챙길 ‘초대형’ 백신 대장株! 비밀리에 입수! 1200% ↑↑ (CLICK)  ▶▶[무료공개]◀◀ 지금 ""1,000만원""만 있어도 당장 ""이것""부터 사라!! >>> (무료 체험)   ※ 저작권자 ⓒ 파이낸셜뉴스. 무단 전재-재배포 금지 "
59,6,"2021-09-21","00:13:25","UPDATE 1-Restaurant-Software 공급업체인 Both는 IPO 가격 상승으로 180억 달러의 가치를 창출하고자 함","UPDATE 1-Restaurant-software provider Toast seeks $18 bln valuation with raised IPO price .storyContent * {border-color:inherit !important;outline-color:inherit !important;}  9월 20일 (로이터) - 토스트사는 올해 자본시장에서 기록적인 호황을 누리고 있는 이 레스토랑 소프트웨어 제조업체의 자금조달을 앞두고 있기 때문에 미국에서의 공모가를 인상한 후 최대 180억 달러의 가치평가를 목표로 하고 있다.  식당들이 빠르게 변화하는 비즈니스 요구에 부응할 수 있도록 도와주는 소프트웨어를 판매하는 이 회사는 현재 개당 34달러에서 36달러 사이의 가격으로 거의 2,170만주를 팔려고 하고 있다고 말했다. regulatory filing 월요일에 당초 이 주식의 가격을 각각 30달러에서 33달러 사이로 책정하는 것을 목표로 삼았었다.   보스턴에 본사를 둔 토스트는 새로운 범위의 상위권에 있는 기업공개(IPO)에서 최대 7억8,260만 달러를 모금할 것이다.  TPG, 타이거 글로벌 매니지먼트, 아메리칸 익스프레스 벤처스 등을 투자자로 꼽는 토스트는 대유행 초기 인력을 절반으로 줄일 수밖에 없었다.   동사는 작년에 이러한 서비스에 대한 강한 수요에 따라 배달망과 비접촉식 결제와 같은 상품으로 초점을 전환했다.  토스트는 뉴욕증권거래소에 '토스트(TOST)'라는 상징 아래 자사주를 상장할 예정이다.        (Reporting by Niket Nishant in Bengaluru; Editing by Amy Caren Daniel)  Niket.Nishant@thomsonreuters.com     (c) Copyright Thomson Reuters 2020. Click For Restrictions - https://agency.reuters.com/en/copyright.html        Keywords: TOAST-IPO/ (UPDATE 1)   원문 바로가기    DISCLAIMER  레피니티브의 사전, 서면 승인 없는 톰슨로이터 콘텐츠의 재생산이나 재배포는 금지되어 있습니다. 이 기사의 한국어 번역은 에프앤가이드가 사용하는 기계적 번역에 의한 것으로 톰슨로이터와 레피니티브는 번역의 정확성을 보증하지 않습니다."
59,7,"2021-09-21","00:13:01","BRIF-Goldstone Investment, Xiao Yanming이 전무이사로부터 비상임이사로 재지정됨","BRIEF-Goldstone Investment Says Xiao Yanming Re-Designated From Executive Director To A Non-Executive Director .storyContent * {border-color:inherit !important;outline-color:inherit !important;} 9월 20일(로이터) - Goldstone Investment Group Ltd. 0901.HK:  샤오옌밍 전무에서 비상임이사로 재지정   전무이사로 임명된 웡팡파이      Further company coverage: 0901.HK  Reuters.Briefs@thomsonreuters.com        (c) Copyright Thomson Reuters 2020. Click For Restrictions - https://agency.reuters.com/en/copyright.html   원문 바로가기    DISCLAIMER  레피니티브의 사전, 서면 승인 없는 톰슨로이터 콘텐츠의 재생산이나 재배포는 금지되어 있습니다. 이 기사의 한국어 번역은 에프앤가이드가 사용하는 기계적 번역에 의한 것으로 톰슨로이터와 레피니티브는 번역의 정확성을 보증하지 않습니다."
60,1,"2021-09-21","00:03:48","UPDATE 1-러시아 인터 RAO, 핀란드 전력 공급 확대","UPDATE 1-Russia's Inter RAO boosts power supplies to Finland .storyContent * {border-color:inherit !important;outline-color:inherit !important;}  모스크바, 9월 20일 (로이터) - 러시아 국영 에너지 회사 Inter RAO IRAO.MM 알렉산드라 파니나 경영위원회 위원은 월요일 기자들에게 9월 핀란드에 대한 전력 공급을 전년 대비 2배 증가시킬 것이라고 말했다.  북유럽 시장의 현물 도매 전력 가격은 낮은 수문학적 전력 비축량, 낮은 풍속, 심지어 주변 시장의 높은 가격 때문에 2010년 말 9월 초 이후 최고 수준을 기록했다.   파니나는 인터 RAO도 올해 8월처음으로 벨라루스에 물량을 공급하기 시작했으나 발트해 국가들에 대한 물량이 감소하고 있어 2021년 총 수출 전망치를 190억킬로와트시간으로 유지했다고 말했다.  인터 RAO는 러시아의 전력 수출 독점이다. 리투아니아, 라트비아, 에스토니아는 러시아, 벨로루시와 공통 전력망에 있다.  리투아니아는 벨로루시와의 전력연계의 이전능력을 줄여 9월 중순부터 러시아, 벨로루시와의 발틱 전력교역을 제한하겠다고 밝힌 바 있다.      (Reporting by Anastasia Lyrchikova; writing by Polina Devitt; editing by David Evans)  Polina.Devitt@thomsonreuters.com     (c) Copyright Thomson Reuters 2020. Click For Restrictions - https://agency.reuters.com/en/copyright.html        Keywords: INTER RAO UES-FINLAND/ (UPDATE 1)   원문 바로가기    DISCLAIMER  레피니티브의 사전, 서면 승인 없는 톰슨로이터 콘텐츠의 재생산이나 재배포는 금지되어 있습니다. 이 기사의 한국어 번역은 에프앤가이드가 사용하는 기계적 번역에 의한 것으로 톰슨로이터와 레피니티브는 번역의 정확성을 보증하지 않습니다."
60,2,"2021-09-21","00:03:02","BRIF-Heba, 녹색채 발행 총계 SEK 3억 5천만 달러","BRIEF-Heba Issues Green Bonds Totalling SEK 350 Mln .storyContent * {border-color:inherit !important;outline-color:inherit !important;} 9월 20일(로이터) - HEBA Fastighets AB HEBAb.ST:  만기가 2년인 3억 5천만 달러에 이르는 새로운 녹색 채권을 발행하다.    Further company coverage: [HEBAb.ST]     (Gdansk Newsroom)  gdansk.newsroom@thomsonreuters.com ; +48 58 772 0920; ))        (c) Copyright Thomson Reuters 2020. Click For Restrictions - https://agency.reuters.com/en/copyright.html   원문 바로가기    DISCLAIMER  레피니티브의 사전, 서면 승인 없는 톰슨로이터 콘텐츠의 재생산이나 재배포는 금지되어 있습니다. 이 기사의 한국어 번역은 에프앤가이드가 사용하는 기계적 번역에 의한 것으로 톰슨로이터와 레피니티브는 번역의 정확성을 보증하지 않습니다."
60,3,"2021-09-21","00:03:02","BRIF-Freshworks Inc., IPO 가격이 주당 32달러에서 34달러 사이가 될 것으로 예상","BRIEF-Freshworks Inc Anticipates IPO Price Will Be Between $32.00 And $34.00 Per Share .storyContent * {border-color:inherit !important;outline-color:inherit !important;} 9월 20일(로이터) - Freshworks Inc. FRSH.O:  신규 회사들 - IPO 가격이 주당 32달러에서 34달러 사이가 될 것으로 예상   Further company coverage: FRSH.O  Reuters.Briefs@thomsonreuters.com        (c) Copyright Thomson Reuters 2020. Click For Restrictions - https://agency.reuters.com/en/copyright.html   원문 바로가기    DISCLAIMER  레피니티브의 사전, 서면 승인 없는 톰슨로이터 콘텐츠의 재생산이나 재배포는 금지되어 있습니다. 이 기사의 한국어 번역은 에프앤가이드가 사용하는 기계적 번역에 의한 것으로 톰슨로이터와 레피니티브는 번역의 정확성을 보증하지 않습니다."
60,4,"2021-09-21","00:03:00","추석 전국 빗방울...보름달 볼 수 있을까","/사진=뉴시스  [파이낸셜뉴스] 추석인21일 전국에서 빗방울이 떨어지며 대체로 흐리겠다. 보름달은 오후 7시경 뜰 것으로 예상되지만 전국에서 선명한 보름달을 관측할 수 있을지는 미지수다. 기상청에 따르면 서쪽에서 다가오는 기압골의 영향으로 이날새벽에 강원영동을 제외한 중부지방과 전라권에 비가 시작돼아침에는 그 밖의 지역으로 확대된다. 새벽부터 아침 사이 서쪽지역, 낮 동안 동쪽지역을 중심으로 시간당 30~50㎜의 매우 강한 비가 내리는 곳이 있겠다. 비가 내리는 지역에서는 돌풍과 함께 천둥·번개가 치는 곳도 있겠다. 특히 따뜻하고 습한 공기가 남풍을 타고 유입돼 전남권과 경남권, 제주도에 강하고 많은 비가 내릴 것으로 관측된다. 다만 비는 오후 들어 대부분 지역에서 그친다. 21일 예상 강수량은 중부지방(강원영동 제외), 남부지방(경북동해안 제외), 제주도, 서해5도 등에서 20~70㎜다. 전남권과 경남권, 제주도 등에서는 최대 100㎜ 이상 내리는 곳도 있겠다. 강원영동과 경북동해안, 울릉도와 독도는 5~20㎜의 비가 예상된다. 이어 밤부터 수도권과 강원 영서 지역부터 다시 내리기 시작한 비는 추석 연휴 마지막 날인 22일 전국 대부분 지역으로 확대된다. 이에 따라 추석 선명한 보름달을 관측할 수 있을지는 미지수다. 한국천문연구원에 따르면 서울과 수원, 광주 등은 오후 6시59분, 인천과 제주 등은 오후 7시보름달이 뜰 예정이다. 부산은 오후 6시50분, 강릉은 오후 6시51분, 대구는 오후 6시52분으로 예상된다.    jiany@fnnews.com 연지안 기자  ▶1500% 가는'제2의 HMM' 아직 5000원대 황금株, 급등 전 마지막 기회! [클릭] ▶“주식카톡방 완전무료 선언” 파격결정  [파이낸셜뉴스 주요뉴스]  → 남편과 사별한 여성, 자기 따라다니던 남자와 결혼했더니.. → ""팬티만 입으라는 지시 받았다"" 그의 소변에는... → 모델 한혜진 ""전 남친, 방송서 男 출연자와 눈 보며 대화했다고.."" → '태아 머리가 보인다' 전주 女 사우나서 일어난 일 → 월급 150만원 39세 여성의 어머니 ""내 딸 정도면.."" → 빨간 나라로 가는 노란 티켓 [파인애플]  ● 하루만에 高수익 챙길 ‘초대형’ 백신 대장株! 비밀리에 입수! 1200% ↑↑ (CLICK)  ▶▶[무료공개]◀◀ 지금 ""1,000만원""만 있어도 당장 ""이것""부터 사라!! >>> (무료 체험)   ※ 저작권자 ⓒ 파이낸셜뉴스. 무단 전재-재배포 금지 "
60,5,"2021-09-21","00:02:40","Brief-Aker 솔루션: 노르웨이의 경쟁 기관, 합병에 반대 없음","BRIEF-Aker Solutions: Norwegian Competition Authority Has No Objections To Merger .storyContent * {border-color:inherit !important;outline-color:inherit !important;} 9월 20일( 로이터) - Aker Solutions ASA AKES.OL:  afpen's and aker 솔루션과 관련하여 노르웨이 경쟁 당국의 반대 의견 없음' 공동 벤처 폐로를 제안했다.   aker 솔루션 아사 - 노르웨이의 경쟁 당국은 오늘날 기업들에게 합병에 반대하지 않는다고 통보했다.    Further company coverage: AKES.OL  (Gdansk Newsroom)  Gdansk.newsroom@thomsonreuters.com ; +48 58 769 66 00; ))        (c) Copyright Thomson Reuters 2020. Click For Restrictions - https://agency.reuters.com/en/copyright.html   원문 바로가기    DISCLAIMER  레피니티브의 사전, 서면 승인 없는 톰슨로이터 콘텐츠의 재생산이나 재배포는 금지되어있습니다. 이 기사의 한국어 번역은 에프앤가이드가 사용하는 기계적 번역에 의한 것으로 톰슨로이터와 레피니티브는 번역의 정확성을 보증하지 않습니다."
60,6,"2021-09-21","00:02:24","BLIFT-Marriott International Signs Tosscany의 W호텔 데뷔 계약","BRIEF-Marriott International Signs Agreement To Debut W Hotel In Tuscany .storyContent * {border-color:inherit !important;outline-color:inherit !important;} 9월 20일(로이터) - 매리어트 인터내셔널 주식회사 MAR.O:  토스카나에 있는 최초의 w호텔을 데뷔시키기로 프로게토 장엄한 s.r.l.과 합의된 메리어트 국제 간판들   메리어트 - 2023년 투스카나에서 첫 손님을 맞이할 것으로 예상되는 플로렌스    Further company coverage: MAR.O  Reuters.Briefs@thomsonreuters.com        (c) Copyright Thomson Reuters 2020. Click For Restrictions - https://agency.reuters.com/en/copyright.html   원문 바로가기    DISCLAIMER  레피니티브의 사전, 서면 승인 없는 톰슨로이터 콘텐츠의 재생산이나 재배포는 금지되어 있습니다. 이 기사의 한국어 번역은 에프앤가이드가 사용하는 기계적 번역에 의한 것으로 톰슨로이터와레피니티브는 번역의 정확성을 보증하지 않습니다."
60,7,"2021-09-21","00:02:20","BRIFT-Searchlight Capital 파트너와 BCI, 애덤스 옥외 광고에 대한 전략적 투자 발표","BRIEF-Searchlight Capital Partners And BCI Announce Strategic Investment Into Adams Outdoor Advertising .storyContent * {border-color:inherit !important;outline-color:inherit !important;} 9월 20일(로이터) - Searchlight Capital 파트너:  서치라이트 캐피털 파트너와 bci는 애덤스 옥외 광고에 대한 전략적 투자를 발표한다.   서치라이트 캐피털 파트너 - 거래 조건이 공개되지 않음    Reuters.Briefs@thomsonreuters.com        (c) Copyright Thomson Reuters 2020. Click For Restrictions - https://agency.reuters.com/en/copyright.html   원문 바로가기    DISCLAIMER  레피니티브의 사전, 서면 승인 없는 톰슨로이터 콘텐츠의 재생산이나 재배포는 금지되어 있습니다. 이 기사의 한국어 번역은 에프앤가이드가 사용하는 기계적 번역에 의한 것으로 톰슨로이터와 레피니티브는 번역의 정확성을 보증하지 않습니다."
61,1,"2021-09-21","00:00:00","EU가 녹색 투자에 대해 모범을 보이지 않고 있다고 감사원은 말한다.","EU not leading by example on green investing, auditors say .storyContent * {border-color:inherit !important;outline-color:inherit !important;}  브뤼셀, 9월20일 (로이터) - 유럽연합은 자체의 지출을 오염 활동으로부터 멀어지게 하거나 녹색 투자에 민간 자금을 동원하는 데 충분하지 않다고 유럽감사재판소(ECA)가 월요일 말했다.  유럽연합(EU)은 기후변화 목표를 지원하는 사업에 자금을 조달할 수 있도록 금융규제를 개편하고 있는데 여기에는 투자자들에게 어떤 활동이 진정한 녹색인지를 알려주는 복합적인 새 규칙서인 '분류학'이 포함된다.   EU 집행위원회의 제안은 어떤 활동이 지속 가능한지 분명히 해 줄 것이지만, 기후를 해치는 투자를 억제할 정도는 아니라고 ECA는 보고서에서 말했다.  보고서를 주도한 ECA 멤버 에바 린드스트로엠은 ""불가정한 활동은 여전히 너무 수익성이 높다""고 말했다.   유럽위원회는 논평 요청에 즉각 응답하지 않았다.  EU의 지속 가능한 금융 분류법은 회원국들간의 싸움을 촉발시켰는데, 회원국들은 어떤 투자를 ""친환경""이라고표시해야 하는지에 대해 동의하지 않는다.   브뤼셀은 가스와 핵에너지가 이 규칙에 포함될지에 대한 정치적으로 민감한 결정을 올해 말까지 연기했다. 위원회의 고문들은 가스 발전소가 지속가능한 것으로 간주되어서는 안 된다고 말했으며, 원자력 에너지에 대한 일부 우려를 제기해 왔다.   린드스트로엠은 전문가들의 권고에서 너무 벗어난 분류법은 신뢰를 잃을 수 있다고 말했다.  감사원은 유럽연합 자체 예산으로 일부 오염 활동을 지원하고 있기 때문에 녹색 금융에 대해 EU가 설파하고 있는 것을 실천하지 않고 있다고 말했다.  EU 예산의 일부는 화석연료인 천연가스를 위한 인프라에 사용될 수 있는 반면, 대부분의 EU 지출 프로그램은 개별 투자가 충분히 엄격한환경 기준에 따라 심사될 것을 요구하지 않는다고 감사원은 말했다.  린드스트로엠은 ""실제적으로 이는 EU가 유해한 활동에 자금을 지원한다는 것을 의미한다""고 말했다.  감사원은 EU의 예산 전반에 걸쳐 일관된 지속가능성 기준을 적용할 것을 권고했다. 예를 들어, EU는투자가 EU 기후변화 목표를 훼손하는지를 분석하는 분류학에서 ""중대한 위해를 주지 않는다""는 원칙을 적용할 것을 권고했다.   (Reporting by Kate Abnett; editing by Philip Blenkinsop and Gareth Jones)  Kate.Abnett@thomsonreuters.com     (c) Copyright Thomson Reuters 2020. Click For Restrictions - https://agency.reuters.com/en/copyright.html        Keywords: EU-REGULATION/SUSTAINABLE-FINANCE   원문 바로가기    DISCLAIMER  레피니티브의 사전, 서면승인 없는 톰슨로이터 콘텐츠의 재생산이나 재배포는 금지되어 있습니다. 이 기사의 한국어 번역은 에프앤가이드가 사용하는 기계적 번역에의한 것으로 톰슨로이터와 레피니티브는 번역의 정확성을 보증하지 않습니다."
61,2,"2021-09-20","23:59:58","미국 주간 콩 검사지 - USDA","US weekly soybean inspection destinations - USDA  워싱턴, 9월 20일 (로이터) - 미국 농무부는 이같은 내용을 발표했다.항만별 수출을 위해 검사 및/또는 가중치를 매긴 콩에 대한 주간 데이터목적지 지역 및 국가(톤):     수출용으로 검사 또는 계량된 콩항만 면적 및 목적지 국가별2021년 9월 16일에 끝나는 주에 보고됨-- 미터톤 -- --------------------------------------------------------S. ATLANTIC       MALAYSIA       490       VIETNAM        196     미시시피 R.        ITALY        30815       JAPAN        70205       MEXICO       49252     컬럼비아 R. 중국 64149     실내        CHINA         3649     INDONESIA     2472       JAPAN          562       KOREA REP      954       MALAYSIA      1615       MEXICO       39331       NIGERIA          3       PHILIPPINES   1394       TAIWAN         636       THAILAND      3035       VIETNAM       6411     총계                   275169------------------------------------------------------------INCLUDES SHIPMENTS TO CANADA.        washington.commodsenergy.newsroom@news.reuters.com   원문 바로가기    DISCLAIMER  레피니티브의 사전, 서면 승인 없는 톰슨로이터 콘텐츠의 재생산이나 재배포는 금지되어 있습니다. 이 기사의 한국어 번역은 에프앤가이드가 사용하는 기계적 번역에 의한 것으로 톰슨로이터와레피니티브는 번역의 정확성을 보증하지 않습니다."
61,3,"2021-09-20","23:59:58","지역/항만별 미국 밀 검사 - USDA","US wheat inspections by region/port - USDA  워싱턴, 9월 20일 (로이터) - 미국 농무부는 다음을 발표했다.등급, 지역 및 항만 지역별로 수출을 위해 검사 및/또는 가중치를 매긴 밀에 대한 주간 데이터.     등급, 지역 및 항구 지역별로 수출을 위해 검사 및/또는 가중치를 매긴 밀2021년 9월 16일에 끝나는 주에 보고됨-- 미터톤 -- ------------------------------------------------------------------------------------------                             HARD RED  HARD RED  SOFT RED       SOFT  REGION       PORT AREA       SPRING    WINTER    WINTER      WHITE  DURUM      TOTALS       ST LAWR SWY  MONTREAL               0         0         0          0      0     0             SEAWAY                 0         0         0          0      0           0               SUBTOTAL             0       0         0          0      0           0    LAKES        CHICAGO                0    0       300          0      0         300             DULUTH-SUP         9,240         0         0          0      0       9,240             TOLEDO                 0         0         0          0      0           0             PORT HURON             0 0         0          0      0           0             LAKE ONTARIO           0         0         0          0      0           0          LAKE SUPERIOR          0         0         0          0      0           0             LAKE ERIE              0         0       0          0      0           0               SUBTOTAL         9,240         0       300          0      0       9,540    ATLANTIC     N. ATLANTIC            0         0         0          0      0           0    S. ATLANTIC            0         0    25,978          0      0      25,978               SUBTOTAL             0         0    25,978          0      0      25,978    GULF         MISSISSIPPI R.         0         0         0          0      0           0             EAST GULF              0         0         0          0      0           0             N. TEXAS               0    66,427         0          0      0      66,427             S. TEXAS               0         0         0       0      0           0               SUBTOTAL             0    66,427         0          0      0      66,427    PACIFIC      COLUMBIA R.      103,675   127,955         0    140,480  2,134     374,244             PUGET SOUND            0         0         0          0      0           0             CALIFORNIA             0         0         0 0      0           0               SUBTOTAL       103,675   127,955         0    140,480  2,134     374,244    INTERIOR     INTERIOR          15,795    47,599    21,043      2,764      0      87,201               SUBTOTAL    15,795    47,599    21,043      2,764      0      87,201      TOTAL                       128,710   241,981    47,321    143,244  2,134     563,390----------------------------------------------------------------------------------------------*NOT INCLUDED IN TOTAL INSPECTION FOR EXPORTSWHEAT SHIPPED FOR STORAGE IN CANADA IS REPORTED AT TIME OF SHIPMENT FROM ST LAWR SWY PORTSPRIOR TO MAY 1, 1990, ALL HARD AND SOFT WHITE WHEAT VARIETIES WERE CLASSIFIED AS WHITE WHEAT.        washington.commodsenergy.newsroom@news.reuters.com   원문 바로가기    DISCLAIMER  레피니티브의 사전, 서면 승인 없는 톰슨로이터 콘텐츠의 재생산이나 재배포는 금지되어있습니다. 이 기사의 한국어 번역은 에프앤가이드가 사용하는 기계적 번역에 의한 것으로 톰슨로이터와 레피니티브는 번역의 정확성을 보증하지 않습니다."
61,4,"2021-09-20","23:59:58","지역/국가별 미국 주별 곡물 검사(USDA)","US weekly grain inspections by region/country-USDA  워싱턴, 9월 20일 (로이터) - 미국 농무부는이 같은 내용을 발표했다.수출용으로 검사 및/또는 가중치에 대한 주간 데이터 및목적지 국가:     수출목적지별 수출 검사 및/또는 중량 측정 곡물2021년 9월 16일에 끝나는 주에 보고됨-- 미터톤 --  -------------------------------------------------------------------------------------------                                   CORN   CORN  REGION    COUNTRY      WHEAT   YELLOW  WHITE     SORGHUM  SOYBEANS       TOTALS       LAKES     ITALY          9,240        0      0           0         0          9,240          MEXICO           300        0      0   0         0            300            SUBTOTAL     9,540        0      0           0         0          9,540    ATLANTIC  MALAYSIA           0        0      0           0       490            490          MEXICO        24,998        0      0           0         0         24,998          TAIWAN           980        0      0           0         0    980          VIETNAM            0        0      0           0       196            196            SUBTOTAL    25,978        0   0           0       686         26,664    GULF      CHINA              0  140,245      0        0         0        140,245          ITALY              0        0      0           0    30,815         30,815          JAMAICA            0    7,170      0           0         0          7,170          JAPAN              0   32,273      0           0    70,205        102,478          MADAGASCAR         0        0      0       2,670         0          2,670          MEXICO             0   27,331      0           0    49,252         76,583          NIGERIA       27,500        0      0           0         0         27,500          VENEZUELA     38,927        0      0           0         0         38,927            SUBTOTAL    66,427  207,019      0       2,670   150,272        426,388    PACIFIC   CHINA         67,792        0      0     0    64,149        131,941          EL SALVADOR   45,900        0      0           0         0         45,900          GUATEMALA      2,134        0      0           0         0          2,134          JAPAN         86,392        0      0           0         0         86,392          KOREA REP     61,030        0      0           0         0         61,030          PHILIPPINES   86,606     0      0           0         0         86,606          YEMEN         24,390        0      0           0         0         24,390            SUBTOTAL   374,244        0      0           0    64,149        438,393    INTERIOR  CHINA          1,100        0      0           0     3,649          4,749          HONG KONG          0      660      0  0         0            660          INDONESIA          0        0      0           0     2,472          2,472          JAPAN        0        0      0           0       562            562          KOREA REP        514      318      0           0       954        1,786          MALAYSIA       1,225        0      0           0     1,615          2,840          MEXICO        83,824  191,971    299       4,480    39,331        319,905          NIGERIA            0        0      0           0         3              3        PHILIPPINES        0        0      0           0     1,394          1,394          TAIWAN             0    2,837      0      0       636          3,473          THAILAND         367        0      0           0     3,035          3,402          VIETNAM          171        0      0         980     6,411          7,562            SUBTOTAL    87,201  195,786    299       5,460    60,062        348,808      TOTAL                563,390  402,805    299       8,130   275,169 1,249,793----------------------------------------------------------------------------------------------*NOT INCLUDED IN TOTAL INSPECTION FOR EXPORTSGRAIN SHIPPED FOR STORAGE IN CANADA IS REPORTED AT TIME OF SHIPMENT FROM ST LAWR SWY PORTS     2021년 9월 20일 월요일     이전 출판물에 대한 수정:    FOR CERTDATE 01/10/20 ADD   120 YSB  SOYBEANS FROM INTERIOR       TO VIETNAMFOR CERTDATE 01/24/20 ADD   343 YSB  SOYBEANS FROM INTERIOR       TO VIETNAMFOR CERTDATE 04/10/20 ADD 10977 YC   CORN     FROM INTERIOR       TO MEXICOFOR CERTDATE 04/21/20 ADD 10977 YC   CORN     FROM INTERIOR       TO MEXICOFOR CERTDATE 05/12/20 ADD 10977 YC   CORN     FROM INTERIOR       TO MEXICOFOR CERTDATE 06/04/20 ADD 10977 YC   CORN     FROM INTERIOR       TO MEXICOFOR CERTDATE 06/26/20 ADD 11902 YC   CORN     FROM INTERIOR       TO MEXICOFOR CERTDATE 06/29/20 ADD  1200 YC   CORN     FROM INTERIOR       TO MEXICOFOR CERTDATE 07/04/20 ADD 10977 YC   CORN     FROM INTERIOR       TO MEXICOFOR CERTDATE 07/15/20 ADD   200 OATS OATS     FROM INTERIOR       TO MEXICOFOR CERTDATE 07/17/20 ADD 10977 YC   CORN     FROM INTERIOR       TO MEXICOFOR CERTDATE 07/27/20 ADD 10977 YC   CORN     FROM INTERIOR       TO MEXICOFOR CERTDATE 08/12/20 ADD 10977 YC   CORN     FROM INTERIOR       TO MEXICOFOR CERTDATE 08/19/20 ADD 10977 YC   CORN     FROM INTERIOR       TO MEXICOFOR CERTDATE 08/27/20 ADD  1200 YC   CORN     FROM INTERIOR       TO MEXICOFOR CERTDATE 09/01/20 ADD 10977 YC   CORN     FROM INTERIOR       TO MEXICOFOR CERTDATE 09/03/20 ADD  1500 YC   CORN     FROM INTERIOR       TO MEXICOFOR CERTDATE 09/16/20 ADD  2495 YC CORN     FROM INTERIOR       TO MEXICOFOR CERTDATE 08/03/21 ADD 71403 YC   CORN     FROM MISSISSIPPI R. TO CHINAFOR CERTDATE 08/22/21 ADD 58001 SRW  WHEAT    FROM MISSISSIPPI R. TO TAIWANFOR CERTDATE 08/26/21 ADD  6937 HRS  WHEAT    FROM MISSISSIPPI R. TO EL SALVADORFOR CERTDATE 08/27/21 ADD  7214 YC   CORN     FROM MISSISSIPPI R. TO EL SALVADORFOR CERTDATE 08/27/21 ADD  8352 YC   CORN     FROM S. ATLANTIC    TO VENEZUELAFOR CERTDATE 08/27/21 ADD  2487 YSB  SOYBEANS FROM S. ATLANTIC    TO VENEZUELAFOR CERTDATE 09/03/21 ADD    24 YC   CORN     FROM INTERIOR       TO MEXICOFOR CERTDATE 09/05/21 ADD 74766 YSB  SOYBEANS FROM MISSISSIPPI R. TO CHINAFOR CERTDATE 09/06/21 ADD 20926 YC   CORN     FROM MISSISSIPPI R. TO MEXICOFOR CERTDATE 09/07/21 ADD 12275 YSB  SOYBEANS FROM MISSISSIPPI R. TO MEXICOFOR CERTDATE 09/08/21 ADD   168 YC   CORN     FROM INTERIOR       TO MEXICOFOR CERTDATE 09/08/21 ADD   898 YSB  SOYBEANS FROM INTERIOR       TO MEXICOFOR CERTDATE 09/09/21 ADD 19495 HRS  WHEAT    FROM DULUTH-SUP     TO ITALYFOR CERTDATE 09/09/21 ADD   122 YC   CORN     FROM INTERIOR       TO HONG KONGFOR CERTDATE 09/09/21 ADD   122 YSB  SOYBEANS FROM INTERIOR       TO VIETNAM        washington.commodsenergy.newsroom@news.reuters.com   원문 바로가기    DISCLAIMER  레피니티브의 사전, 서면 승인 없는 톰슨로이터 콘텐츠의 재생산이나 재배포는금지되어 있습니다. 이 기사의 한국어 번역은 에프앤가이드가 사용하는 기계적 번역에 의한 것으로 톰슨로이터와 레피니티브는 번역의 정확성을 보증하지 않습니다."
61,5,"2021-09-20","23:59:58","미국 주간 곡물/양주 수출 검사 - USDA","U.S. weekly grain/soybean export inspections - USDA  9월 20일 (로이터) - 미국 농업의 하이라이트부서의 주별 수출 검사(톤 단위)    WEEK ENDED:    09/16/2021    09/09/2021    09/09/2021    09/17/2020                  Prelim.       Revised      Previous-  Wheat          563,390       567,438       547,943       503,034-  Oats                 0           100           100            48-  Barley               0             0             0             0-  Corn           403,104       159,429       138,189       768,084-  Sorghum          8,130         4,526         4,526        71,844-Soybeans       275,169       193,429       105,368     1,390,521     마케팅 연도별 검사                   Current Year      Last Year-      Wheat      7,713,880      8,664,655-       Oats       200          1,196-     Barley          6,550          5,727-       Corn        601,986      1,991,594-    Sorghum         13,973        177,405-   Soybeans        498,952      3,707,394     주: 마케팅 연도는 밀, 귀리, 보리 6월 1일부터 시작된다.그리고 9월 1일 옥수수, 수수, 콩.        링크: 로이터 곡물 뉴스 GRA CBOT 콩 선물 0#S:  CBOT 옥수수 선물  0#C:  CBOT 밀 선물 0#W:  모든 USDA 수출 검사 게시 날짜:http://www.ams.usda.gov/mnreports/wa_gr101.txt  (워싱턴 상품 데스크, 202 898 8415; 이메일:washington.commodsenergy.newsroom@news.reuters.com        Keywords: FOOD INSPECTIONS USA   원문 바로가기    DISCLAIMER  레피니티브의 사전, 서면 승인 없는 톰슨로이터 콘텐츠의 재생산이나 재배포는 금지되어있습니다. 이 기사의 한국어 번역은 에프앤가이드가 사용하는 기계적 번역에 의한 것으로 톰슨로이터와 레피니티브는 번역의 정확성을 보증하지 않습니다."
61,6,"2021-09-20","23:59:58","지역/항만별 미국 곡물 검사 - USDA","U.S. grain inspections by region/port - USDA  워싱턴, 9월 20일 (로이터) - 미국 농무부는 다음을발표했다.지역별 및 항구 지역별로 수출용으로 검사 및/또는 가중치 부여된 곡물에 대한 주간 데이터:     지역 및 항구 지역별로 수출을 위해 검사 및/또는 가중치를 매긴 곡물2021년 9월 16일에 끝나는 주에 보고됨-- 미터톤 -- -------------------------------------------------------------------------------------------                                        CORN   CORN  REGION    PORT AREA       WHEAT     YELLOW  WHITE     SORGHUM  SOYBEANS       TOTALS       LAKES     CHICAGO             300          0      0           0         0          300          DULUTH-SUP        9,240          0      0           0         0        9,240            SUBTOTAL        9,540          0      0           0         0        9,540    ATLANTIC  S. ATLANTIC      25,978          0      0           0   686       26,664            SUBTOTAL       25,978          0      0           0       686       26,664    GULF      MISSISSIPPI R.        0    199,849      0           0   150,272      350,121          N. TEXAS         66,427      7,170      0       2,670         0       76,267            SUBTOTAL       66,427    207,019      0       2,670   150,272  426,388    PACIFIC   COLUMBIA R.     374,244          0      0           0    64,149      438,393            SUBTOTAL      374,244          0      0           0    64,149      438,393    INTERIOR  INTERIOR         87,201    195,786    299       5,460    60,062      348,808            SUBTOTAL       87,201    195,786  299       5,460    60,062      348,808      TOTAL                   563,390    402,805    299       8,130   275,169    1,249,793-------------------------------------------------------------------------------------------INCLUDES SHIPMENTS TO CANADA AND DOES NOT INCLUDE SHIPMENTS OF U.S. GRAIN FROM THEST. LAWRENCE SEAWAY.MIXED CORN IS INCLUDED IN YELLOW CORN.        washington.commodsenergy.newsroom@news.reuters.com   원문 바로가기    DISCLAIMER  레피니티브의 사전, 서면 승인 없는 톰슨로이터 콘텐츠의 재생산이나 재배포는 금지되어 있습니다. 이 기사의 한국어 번역은 에프앤가이드가 사용하는 기계적 번역에 의한 것으로 톰슨로이터와 레피니티브는번역의 정확성을 보증하지 않습니다."
61,7,"2021-09-20","23:59:40","미국 주간 곡물/양주 수출 검사 - USDA","U.S. weekly grain/soybean export inspections - USDA  9월 20일 (로이터) - 미국 농업의 하이라이트부서의 주별 수출 검사(톤 단위)    WEEK ENDED:    09/16/2021    09/09/2021    09/09/2021    09/17/2020                  Prelim.       Revised      Previous-  Wheat          563,390       567,438       547,943       503,034-  Oats                 0           100           100            48-  Barley               0             0             0             0-  Corn           403,104       159,429       138,189       768,084-  Sorghum          8,130         4,526         4,526        71,844-Soybeans       275,169       193,429       105,368     1,390,521     마케팅 연도별 검사                   Current Year      Last Year-      Wheat      7,713,880      8,664,655-       Oats       200          1,196-     Barley          6,550          5,727-       Corn        601,986      1,991,594-    Sorghum         13,973        177,405-   Soybeans        498,952      3,707,394     주: 마케팅 연도는 밀, 귀리, 보리 6월 1일부터 시작된다.그리고 9월 1일 옥수수, 수수, 콩.        링크: 로이터 곡물 뉴스 GRA CBOT 콩 선물 0#S:  CBOT 옥수수 선물  0#C:  CBOT 밀 선물 0#W:  모든 USDA 수출 검사 게시 날짜:http://www.ams.usda.gov/mnreports/wa_gr101.txt  (워싱턴 상품 데스크, 202 898 8415; 이메일:washington.commodsenergy.newsroom@news.reuters.com        Keywords: FOOD INSPECTIONS USA   원문 바로가기    DISCLAIMER  레피니티브의 사전, 서면 승인 없는 톰슨로이터 콘텐츠의 재생산이나 재배포는 금지되어있습니다. 이 기사의 한국어 번역은 에프앤가이드가 사용하는 기계적 번역에 의한 것으로 톰슨로이터와 레피니티브는 번역의 정확성을 보증하지 않습니다."
62,1,"2021-09-20","23:44:15","NHC 폭풍 조언: 점점 더 적대적인 윈드 시어와 싸우는 피터","NHC STORM ADVISORY: peter battling increasingly hostile wind shear Tropical Storm Peter Advisory Number   8    NWS National Hurricane Center Miami FL       AL162021    1100 AM AST Mon Sep 20 2021     점점 더 적대적인 윈드 시어(Wind Shear)와 싸우는 중...  ...열대성 폭풍이 리워드 섬 북부를 지나갈 것으로 예상됨  이번 주 초에...        오전 11시 요약...1500 UTC...정보     -----------------------------------------------    LOCATION...19.5N 60.9W    ABOUT 170 MI...275 KM ENE OF THE NORTHERN Leeward Islands    MAXIMUM SUSTAINED WINDS...50 MPH...85 KM/H    PRESENT MOVEMENT...WNW OR 290 DEGREES AT 15 MPH...24 KM/H    MINIMUM CENTRAL PRESSURE...1007 MB...29.74 INCHES        시계 및 경고     --------------------    There are no coastal watches or warnings in effect.     북부 리워드 제도, 버진아일랜드에 대한 관심  푸에르토리코는 이 시스템의 진행 상황을 감시해야 한다.        토론 및 전망     ----------------------    At 1100 AM AST (1500 UTC), the center of Tropical Storm Peter was  located near latitude 19.5 North, longitude 60.9 West. Peter is    moving toward the west-northwest near 15 mph (24 km/h). This general motion is expected to continue during the next couple of    days, followed by a turn to the northwest with a decrease in forward speed on Wednesday. On the forecast track, the center of    Peter will pass north of the northern Leeward Islands and Puerto Rico through Tuesday.     공군 예비역 허리케인 헌터 항공기의 데이터는  최대 지속 속도가 85km/h(50mph) 가까이 유지되고 더 높은 상태인지 여부  돌풍. 앞으로 며칠 동안 서서히 약화될 것으로 예상된다.     열대성 폭풍의 세기는 바깥쪽으로 205km (125마일)까지 확장된다.  중심에서     항공기 데이터에 기초하여 추정된 최소 중심 압력은  1007MB(29.74인치)        토지에 영향을 미치는 위험     ----------------------    RAINFALL:  Rainfall around the southern periphery of Tropical Storm    Peter could produce rainfall totals of 1 to 3 inches, with locally    higher amounts possible, across portions of the Northern Leeward Islands, including the Virgin Islands, as well as Puerto Rico and    the northern portions of Hispaniola through Tuesday. This rainfall    may lead to areas of urban and small stream flooding.     서핑: 피터가 발생시킨 팽창은 북부에 영향을 줄 것으로 예상된다.  이번 주 초에 리워드 제도, 그리고 나서 바하마까지 도달한다.  주중에 이런 팽창은 생명을 위협할 수 있는 파도타기를 유발할 수 있다.  현재의 정세 현지 날씨에서 제품을 확인하십시오.  관직의        다음 권고 사항     -------------    Next complete advisory at 500 PM AST.   원문 바로가기    DISCLAIMER  레피니티브의 사전, 서면승인 없는 톰슨로이터 콘텐츠의 재생산이나 재배포는 금지되어 있습니다. 이 기사의 한국어 번역은 에프앤가이드가 사용하는 기계적 번역에의한 것으로 톰슨로이터와 레피니티브는 번역의 정확성을 보증하지 않습니다."
62,2,"2021-09-20","23:43:45","NHC 폭풍 조언: 장미는 훨씬 더 강한 폭풍으로 피지 않을 수도 있다.","NHC STORM ADVISORY: rose might not bloom into a much stronger storm Tropical Storm Rose Advisory Number   6    NWS National Hurricane Center Miami FL       AL172021    1100 AM AST Mon Sep 20 2021     ...장미는 더 강한 폭풍으로 피지 않을지도 모른다...        오전 11시 요약...1500 UTC...정보     -----------------------------------------------    LOCATION...17.3N 33.4W    ABOUT 620 MI...1000 KM WNW OF THE SOUTHERNMOST CABO VERDE ISLANDS    MAXIMUM SUSTAINED WINDS...40 MPH...65 KM/H    PRESENT MOVEMENT...NW OR 320 DEGREES AT 16 MPH...26 KM/H    MINIMUM CENTRAL PRESSURE...1007 MB...29.74 INCHES        시계 및 경고     --------------------    There are no coastal watches or warnings in effect.        토론 및 전망     ----------------------    At 1100 AM AST (1500 UTC), the center of Tropical Storm Rose was    located near latitude 17.3 North, longitude 33.4 West. Rose is    moving toward the northwest near 16 mph (26 km/h), and this    general motion with a slower forward speed is expected over the    next few days.     위성 바람 데이터는 최대 지속 바람이 남아 있음을 나타냄  65km/h에 가까운 속도로 돌풍이 거세다.  힘에는 변화가 거의 없다.  다음 며칠 동안 예측될 수 있고 로즈는 약해질 수 있어  목요일까지 열대성 저기압에 빠졌어     열대성 폭풍의 세기는 55km(35마일)까지 바깥쪽으로 확장된다.  중심에서     추정된 최소 중심 압력은 1007MB(29.74인치)이다.        토지에 영향을 미치는 위험     ----------------------    None.        다음 권고 사항     -------------    Next complete advisory at 500 PM AST.   원문 바로가기    DISCLAIMER  레피니티브의 사전, 서면 승인 없는 톰슨로이터 콘텐츠의 재생산이나 재배포는 금지되어 있습니다. 이 기사의 한국어 번역은 에프앤가이드가 사용하는 기계적 번역에 의한 것으로 톰슨로이터와 레피니티브는 번역의 정확성을 보증하지 않습니다."
62,3,"2021-09-20","23:43:26","BRIFT-Flexopack H1 순이익 430만 유로 YOY로 축소","BRIEF-Flexopack H1 Net Profit Shrinks To EUR 4.3 Million YoY .storyContent * {border-color:inherit !important;outline-color:inherit !important;} 9월 20일(로이터) - Flexopack SA FLXr.AT:  h1 매출액 5,140만 유로 대비 500만 유로   h1 ebitda 유로 850만 유로 대 1,140만 년 전 유로   h1 순이익 430만 유로, 570만 년 전 대비)   원본 텍스트: https://bit.ly/3EzNKPq  Further company coverage: [FLXr.AT]     (Gdansk Newsroom)  Gdansk.newsroom@thomsonreuters.com ; +48 58 769 66 00; ))        (c) Copyright Thomson Reuters 2020. Click For Restrictions - https://agency.reuters.com/en/copyright.html   원문 바로가기    DISCLAIMER  레피니티브의 사전, 서면 승인 없는 톰슨로이터 콘텐츠의 재생산이나 재배포는 금지되어 있습니다. 이 기사의 한국어 번역은 에프앤가이드가 사용하는 기계적 번역에 의한 것으로 톰슨로이터와 레피니티브는 번역의 정확성을 보증하지 않습니다."
62,4,"2021-09-20","23:42:48","[국정농담] 국가원수가 현대차 '캐스퍼'를 '광클'로 산 이유는","문재인 대통령이 현대자동차의 경형 스포츠유틸리티차(SUV) ‘캐스퍼’를 온라인으로 직접 사전 예약한 사실이 알려지면서 그 배경에 관심이 쏠리고 있다. 문 대통령의 캐스퍼구입은 우선 문 대통령이 그간 공 들여 온 ‘광주형 일자리’의 성과물을 자축하고 이를 적극 홍보하겠다는 의미를 갖는다. 또 퇴임 후 경차를 사용하겠다는 메시지를 던지며 노무현 전 대통령과 같은 소탈한 이미지를 구축하려는 의도도 엿보인다. 차량을 인터넷으로 직접 구매하는모습을 알린 것은 국민들에게 친근한 지도자상(像)을 제시하려는 전략으로 읽힌다. ‘성공한 정부’로 남기 위한 나름의 계산된 행보인 셈이다. 물론 이것이 끝은 아니다. 청와대는 앞으로도 정권 말까지 일자리 등 여러 분야에서 문 대통령의 업적을 최대한 강조하는 노선을 따를 것으로 예상된다.      文대통령 ‘캐스퍼’직접 사전예약...“퇴임 후 사용”   박경미 청와대 대변인은 지난 14일 서면 브리핑을 통해 “문 대통령이 온라인 사전예약 신청 첫날 오전 직접 인터넷을 통해 차량을 예약했다”며 “캐스퍼 차량은 문 대통령이 개인적으로 사용하기 위해 구매하는 것으로 퇴임 후에도 계속 사용할 예정”이라고 밝혔다. 박 대변인은 “이번 ‘광주형 일자리’ 생산 차량의 구입 신청은 그동안 문재인 정부가 지역경제 활성화를 위해 추진해온 상생형 지역일자리 정책의 성공적인 정착과 확산을 국민과 함께 응원하기 위한 것”이라며 “‘광주형 일자리’는 제1호 상생형 지역일자리로서 지역의 노·사·민·정이 사회적 대타협을 통해 지역주도의 맞춤형 발전과 노사 간 동반 성장의 새로운 경제모델이다. 2019년 1월 상생협약을 체결한 이후 2년3개월 만인 지난 4월 공장을 준공했고 15일 첫 모델인 ‘캐스퍼’ 차량을 출고할 예정”이라고 말했다.   청와대는 이날 문 대통령이 직접 캐스퍼를 예약하는 사진을 공개하기도 했다. 문 대통령이 캐스퍼 판매에 사실상 힘을 실어준 것이다.   실제로 현대차(005380)는 14일 하루 동안에만 캐스퍼 사전 계약 대수가 1만8,940대로 집계됐다고 15일밝혔다. 첫날 계약 대수로는 현대차 내연기관 차량 가운데 역대 최다다. 이전 기록은 현대차가 지난 2019년 11월 출시한 6세대 그랜저 부분변경(페이스리프트) 차량이었다.   캐스퍼는 현대차그룹의 첫 온라인 판매 차량이기도 했다. 일각에서는 예약 첫날 홈페이지 접속이 어려울 정도로 접속자가 몰린 상황에서문 대통령이 이를 뚫고 예약에 성공하자 놀라는 반응이 나오기도 했다.   캐스퍼는 현대차가 처음으로 선보이는 새로운 차급 ‘엔트리 SUV’다. △개성을 살린 내·외장 디자인과 컬러 △용도에 따라 실내 공간 조절이 가능한 시트 △첨단 운전자 보조시스템과 앞좌석 센터 사이드 에어백 기본 적용으로 안전성 확보 △운전자 중심의 편의 사양 탑재 등이특징이다. 당당함과 견고함을 바탕으로 엔트리 SUV만의 역동적인 감성을 담았고 세계 최초로 운전석 시트가 앞으로 완전히 접히는 풀 폴딩 시트를 적용해 실내 공간 활용성을 확장한 점 등이 기존 SUV와의 차별점이다. 판매 가격은 기본 모델 △스마트 1,385만 원 △모던 1,590만 원△인스퍼레이션 1,870만 원이다.      “캐스퍼, 성능·디자인 매력적...‘광주형 일자리’ 선순환 희망”   문 대통령은 나아가 이달 15일 캐스퍼 출시를 직접 축하하기도 했다. 문 대통령은 이날 ‘광주글로벌모터스(GGM) 양산 1호차 생산 기념행사’ 서면 축사를 통해 “2019년 1월 사회적 대타협부터 신차 출시까지 한마음으로 이뤄낸 일”이라며 “진심으로 축하한다”고 말했다. 이축사는 임서정 청와대 일자리수석이 대신 읽었다.   문 대통령은 “캐스퍼는 광주 시민과 노사, 이용섭 광주시장을 비롯한 지자체 관계자들이 함께 힘을 모아 만든 자동차”라며 “힘차게 상생의 첫걸음을 내디디며 광주가 포용과 나눔의 도시임을 다시 한번 보여주었다”고 평가했다. 이어 “이제 고용 창출 효과도 본격화될 것”이라며 “간접고용까지 포함해 모두 1만2,000개의 일자리가 생겨난다. 청년들에게는 희망이 되고 지역경제에는 활력을 불어넣을 것”이라고 기대했다.   문 대통령은 “성능에서 디자인까지 매력적인 캐스퍼에 국민들도 뜨거운 반응을 보이고 있다. 저도 한 대를 예약했다”며 “‘광주형 일자리’에 대한 애정까지 더해져 국민들의 큰 관심을 불러왔다고 생각한다. 나눔이 협력으로 이어지고, 협력이 능력을 배가시켜 더 좋은 제품을만들고, 국민들은 그 제품을 신뢰하는, 아름다운 선순환이 시작되길 희망한다”고 강조했다.   문 대통령은 또 “‘상생형 지역 일자리’ 협약이 전국 여덟 개 지역으로 퍼져나가 총 51조 원의 투자와 13만 개 일자리를 만들고 있다.지역 주도의 맞춤형 발전은 ‘지역균형 뉴딜’로 이어졌고 노동자와 기업의 동반성장 노력은 ‘휴먼 뉴딜’로 이어졌다”며 “정부는 ‘상생형 지역 일자리’가 더욱 폭넓게 확산되도록 지원할 것이다. 국민과 함께 ‘광주형 일자리’ 1호 신차, ‘캐스퍼’의 힘찬 질주를 응원한다”고 말했다.   청와대는 지난 2019년 8월에도 현대차의 수소차인 ‘넥쏘’를 구입해 현재 문 대통령 전용 관용차로 쓰고 있다.      초대 일자리위 부위원장이 광주시장···이재명 경기도도 3대 구입   문 대통령이 캐스퍼 지원에 나서자 이번에는 민주당 대선 경선 후보인 이재명 경기도지사가 바톤을 이어받았다. 경기도는 17일 “경기도가 경형 SUV ‘캐스퍼’ 3대를 공용 차량으로 구매하기로 결정했다”고 밝혔다. 광주를 제외하고 광역지방자치단체 중 캐스퍼 구매 계획을 밝힌 건 경기도가 처음이었다. 경기도는 캐스퍼 3대를 구입하기 위해 6,000여만 원을 사용하기로 했다. 도청 직원들의 원거리 출장 등에 캐스퍼를 사용한다는 계획이다. 다음 달 중 현대자동차와 구매 계약을 체결할 예정이다.   이 지사는 “1980년대 생명을 건 희생으로 민주주의를 지키고 발전시키는 역사를 쓴 광주가 이번에는 상생형 지역 일자리 사업을 통해 4차 산업 혁명 등 대변화의 시기에 걸맞은 새로운 경제 패러다임을 실험하고 있다”며 “이번 실험이 성공리에 추진되는데 경기도의 지원이 작은 도움이 되길 바란다”고 응원했다. 일각에서는 이 같은 이 지사의 움직임이 오는 25~26일 호남권의 민주당 대선 경선을 염두에 둔 행보라는해석도 나왔다.   ‘광주형 일자리’를 이끈 이용섭 광주시장이 문재인 정부의 초대 일자리위원회 부위원장이었다는 점도 주목할 만한 부분이다. 그는 9개월간 일자리위 부위원장을 맡은 뒤 2018년 2월 곧바로 광주시장 출마를 선언했다. 이후 그해 6월 치러진 제7회 지방선거에서 더불어민주당 후보로 나선 이 시장은 무려 84.07%라는 기록적인 몰표를 받고 당선됐다. 당시 광주시장 선거에서 2위 정의당 나경채 후보는 5.99%, 3위 바른미래당 전덕영 후보는 5.05%, 4위 민중당 윤민호 후보는 4.87%의 득표를 각각 얻는 데 그쳤다.      박수현 “文 캐스퍼, 노무현 자전거 같은 상징 기대”   박수현 국민소통수석이 18일 소셜네트워크서비스(SNS)에서 문재인 대통령과 현대차 ‘캐스퍼’ 탄생의 뒷이야기를 공개했다. 문 대통령은지난 14일 온라인 사전예약 신청 첫날 오전 직접 인터넷을 통해 차량을 사전 예약한 바 있다.   “문재인 대통령도 캐스퍼 판매 첫날 구매한 '찐고객'이 되었다”며 캐스퍼와 문 대통령 간 인연을 재차 홍보했다. 그는 “대통령 사비로구매했고 퇴임 후에는 양산으로 함께 갈 것”이라며 “노무현 대통령의 자전거가 봉하마을의 상징이 되었듯, 캐스퍼는 대한민국 제1호 상생형 지역일자리 모델이자 문재인 대통령의 상징이 되지 않을까 기대하게 된다”고 적었다.   박 수석에 따르면 2017년 3월 당시 문재인 대통령 후보가 내건 광주형 일자리 모델의 확산 공약은 잠정합의안이 협약 유효기간 문제로 여러 차례 위기를 겪었다. 2018년 9월에는 노측이 불참 선언을 하기도 했다. 하지만 경사노위의 3차례 원탁회의 등 지속적인 사회적 대화·타협을 통해 어려움을 극복하고 마침내 2019년 1월 광주시-현대차 투자협약이 타결됐다.   박 수석은 “광주형 일자리 타결 이후 총 8개의 지역으로 상생협약이 확산됐다”며 “8개 지역을 합하면 직접고용 1만2,000명(간접 포함시 13만명)과 51조5,000억원의 투자가 기대된다”고 강조했다. 박 수석은 또 당시 청와대 일자리 수석이었던 정태호 더불어민주당 의원과의 전화통화 내용을 공개하기도 했다. 정 의원은 박 수석에게 “2018년 12월 대통령 참석까지 예정이 됐던 협약식이 하루 전날에 취소되는 일까지벌어졌다”며 “나는 협상결렬과 내일 광주행 일정도 취소해야 한다는 보고를 드리기 위해 대통령께 올라갔다. 발걸음이 천근만근처럼 느껴졌다”고 회상했다. 이어 “대통령께서 ‘일이 이렇게 되도록 무엇을 했는가’라고 물으시며 꾸중을 하실 것만 같았는데 예상과 달리 실망이나안타까움을 표시하지 않았다”며 “‘인내심을 가져야 합니다’ ‘기다려 주어야 합니다’라고 하셨던 말씀이 지금도 또렷하게 기억이 난다. 많은 사람들이 기다림에 지쳐서 더 이상 협상이 진척되기 어렵다고 할 때인데도 대통령은 포기하지 않고 다시 시작할 힘을 주셨다”고 말했다.   문 대통령 임기 말에 새 정책을 꺼내기 어려운 상황에서 현 정부는 지난 4~5년간의 성과를 홍보하는 데 마지막 역량을 집중할 것으로 보인다. 5월6일 해상풍력, 5월14일 K-반도체, 6월29일 해운 재건, 7월8일 K-배터리, 7월14일 한국판 뉴딜, 8월5일 K-글로벌 백신 허브, 8월12일문재인케어, 8월19일 국민청원제도, 8월26일 K+벤처, 9월9일 K-조선 등 잇따르는 문 대통령 성과 홍보 행사가 앞으로 더 압축적으로 이어질수 있다는 것이다. 특히 그 중심에는 ‘일자리’가 자리할 가능성이 크다. 청년층 표심은 정권 재창출 여부에도 중대한 요소인 까닭이다.   ※‘국정농담(國政濃談)’은 행정·외교안보·정치 관련 ‘농도 짙은’ 현장 이야기와 현안 소식을 전달하는 코너입니다.         [서울경제관련뉴스]  [국정농담] 백신 맞아도 '위드마스크', 언제까지 지원금 주려나 [국정농담] 풍산개 보고 '핵 재가동' 北김정은이 평화 떠올릴까 [국정농담] 北지원, 지자체가 '정권 무관' 마음껏 할 수 있다면 [국정농담] 1년 월세 20만원, 청년 투표살이 좀 나아지십니까 [국정농담] 대통령은 왜 '미친 집값'에 3달 넘게 한마디도 않나 [국정농담] 국민 생명보다 중대한 '北과의 평화' 국익이 뭔가요   ▶▶ 코로나19 백신 임상 3상 완료! 박셀바이오 1000% 뛰어 넘는 역대급 바이오! [확인]  ▶▶ [무료공개] 지금 ""1,000만원""만 있어도 당장 ""이것"" 부터 사라!!>>> (무료체험)   ▶▶ [급등임박 공개] ◀◀ 2021년 상반기 ""정부정책 수해주"" TOP 10 긴급공개 >>> (바로확인)     [ⓒ 서울경제, 무단 전재 및 재배포 금지]"
62,5,"2021-09-20","23:42:47","삼성바이오에피스, 안구질환 치료용 바이오시밀러 미국 허가",".ad {text-align:center; font-size:8pt; font-family:돋움;line-height:1.2}.title{font-size:14px;color:#203c76;font-weight:bold;margin-bottom:20px;}a,img {border:0; outline:none; selector-dummy:expression(this.hideFocus=true);}body,td,select,input,div,form,textarea,center,option,pre,blockquote {font-size:9pt; line-height:1.6; font-family:돋움;}table{width:100%; border:0px;}@media (min-width:650px){img {max-width:600px;height:auto}}@media (max-width:650px){img {max-width:500px;height:auto}}@media (max-width:550px){img {max-width:400px;height:auto}}@media (max-width:450px){img {max-width:300px;height:auto}}@media all and (max-width: 400px) {img {max-width:300px;height:auto}.tbl_dmd {width:340;text-align:right;border-collapse:collapse;}}.pv{display:none;}.popup {cursor : pointer;color:#0078c6;}.mttl {color:#821e1e;font-weight:bold;font-size:9pt;}.tldot {font-size:7pt;color:#0078c6;}td.pls {color:#ff3300;}td.mns {color:blue;}td.pls_ar {text-align:right;color:#ff3300;}td.ar {text-align:right;}td.ac {text-align:center;}.tbl_dmd {width:380;text-align:right;border-collapse:collapse;}.tbl_dmd {max-width:400;min-width:340;text-align:right;border-collapse:collapse;}.tbl_dmd td {padding-right:5;border:1px solid #dcdcdc;}.tbl_con {width:340;border-collapse:collapse;text-align:center;}.tbl_con td {padding-right:5;border:1px solid #dcdcdc;}r {display:none;} 제목 : 삼성바이오에피스, 안구질환 치료용 바이오시밀러 미국 허가 삼성바이오에피스 연구원이 연구를 하고 있다. 출처=삼성바이오에피스 [이코노믹리뷰=황진중 기자]삼성바이오에피스가 개발한 안구질환 치료제 '루센티스(주성분 라니비주맙)'바이오시밀러 '바이우비즈(주성분 라니비주맙)'이 미국 식품의약국(FDA)으로부터 허가를 받았다.  20일(현지시간) 삼성바이오에피스 미국 파트너사 바이오젠에 따르면 FDA는 안구질환 치료용 바이오시밀러 바이우비즈를 허가했다.  바이우비즈의 오리지널 의약품인 루센티스는 로슈와 노바티스가 판매하고 있는 황반변성, 당뇨병성 황반부종 치료제다. 지난해 기준 글로벌 매출은 약 4조원에 이른다.  바이우비즈는 미국에서 승인된 최초의 안구질환 치료용 바이오시밀러다. 바이오시밀러는 의료비용 절감에 기여할 수 있다는 장점이 있다. 또 오리지널 의약품과 효능 및 안전성 면에서 유사한 것으로 입증된 의약품이다.  삼성바이오에피스는 지난달 유럽의약품청(EMA)으로부터도 바이우비즈 승인을 획득했다. 영국에서도 허가를 받았다. 미국 물질 특허는 지난해 6월에 만료됐다. 유럽에서는 오는 2022년 7월 종료된다.  김경아 삼성바이오에피스 상무는 ""미국에서는 약 1,100만명이 습성 환반변성(AMD)에 영향을 받고 있으며 인구 고령화로 진행성 AMD의 유병률이 증가하고 있다""면서 ""미국에서 최초로 라니비주맙 바이오시밀러 승인을 받은 것은 망막 혈관 질환을 앓고 있는 사람들에게 기념비 적인 이정표""라고 설명했다.  김경아 상무는 이어 ""바이우비즈 승인은 전 세계적으로 바이오의약품을 접하기 어려운 사람들에게 치료 선택권을제공하기 위한 우리의 지속적인 노력을 보여주는 것""이라고 덧붙였다.  한편 삼성바이오에피스는 총 10종의 바이오시밀러 제품 및 파이프라인을 가지고 있다. 이중 자가면역질환 치료제 3종(레미케이드 바이오시밀러 SB2, 엔브렐 바이오시밀러 SB4, 휴미라 바이오시밀러 SB5)과항암제 2종(허셉틴 바이오시밀러 SB3, 아바스틴 바이오시밀러 SB8)를 유럽에서 판매 중이다.   해당 기사는 이코노믹리뷰(www.econovill.com)에서 제공한 것이며 저작권은 제공 매체에 있습니다. 기사 내용 관련 문의는해당 언론사에 하시기 바랍니다.  ◆ 아직도 싸다! 놓치면 후회 할저평가 우량주 TOP5 ▶▶[무료 참여코드: 7676] 오늘 현재 무료체험 인원 1천 3백명! 기간무제한! 이용료 0원, 선착순마감직전, 지금 바로 입장!! ▶ [완.벽.적.중] 급등임박! 이번주 상한가 예상종목 (클릭) ◆ 4분기 정부 정책 최대 수혜주 TOP 5 (확인) ▶ [참여코드: 0713] 잘 고른 카톡방 하나가 계좌를 바꾼다! (입장하기) >>            Copyright ⓒ True&Live 증시뉴스 점유율1위, 인포스탁(www.infostock.co.kr)"
62,6,"2021-09-20","23:42:41","영국은 올 겨울 가스 비상사태를 예상하지 않는다고 사업부 장관은 말한다.","Britain does not expect gas emergency this winter, says business minister .storyContent * {border-color:inherit !important;outline-color:inherit !important;} 런던, 9월 20일 (로이터) - 영국은 수요를 충족시킬 수 있는 충분한 용량을 가지고 있기 때문에 올 겨울 가스 공급 비상사태를 예상하지 않는다고 콰시 콰르텡비즈니스 장관은 월요일 정부의 우선 순위는 소비자였다고 강조했다.  ""먼저... ""나는 소비자를 보호하는 것이 우리의 최우선이며, 우리의 주된 관심사라는 것을 강조해야 하며, 이 중요한 문제에 대한 우리의 접근 방식을 구체화시킬 것이다.""라고 Kwarteng이 의회에 말했다.  ""둘째는 나도 하원을 안심시키고 싶다... 영국은 다양한 가스 공급원을 보유함으로써 혜택을 받고 있으며, 우리는 수요를 충족시키기 위한 충분한 용량과 그 이상의 용량을 보유하고 있으며, 올 겨울 공급 비상사태가 발생할 것으로 예상하지 않는다.""     (Reporting by Guy Faulconbridge and Paul Sandle, writing by Elizabeth Piper, Editing by Kylie MacLellan)  elizabeth.piper@thomsonreuters.com ; 07979746994; Reuters Messaging: elizabeth.piper.thomsonreuters.com@reuters.net     (c) Copyright Thomson Reuters 2020. Click For Restrictions - https://agency.reuters.com/en/copyright.html        Keywords: POWER-PRICE/BRITAIN-KWARTENG (URGENT)   원문 바로가기    DISCLAIMER  레피니티브의 사전, 서면 승인 없는 톰슨로이터 콘텐츠의 재생산이나 재배포는 금지되어 있습니다. 이 기사의 한국어 번역은 에프앤가이드가 사용하는 기계적 번역에 의한 것으로 톰슨로이터와 레피니티브는 번역의 정확성을 보증하지 않습니다."
62,7,"2021-09-20","23:42:33","신흥시장-중국 에버그란데 전염 공포가 시장 전반에 걸쳐 타격이 되고 있다.","EMERGING MARKETS-China Evergrande contagion fears take toll across markets .storyContent * {border-color:inherit !important;outline-color:inherit !important;}  9월 20일(로이터) - 부동산 개발업체인 차이나 에버그란데의 채무 불이행으로 인한 여파 우려로 월요일 신흥국 채권이 하락세로 돌아섰고 주식과 통화는 한 달 만에 최악의 하락세를 보였다.  브라질과 터키를 포함한 이번 주 중앙은행 회의와 미국 연방준비제도이사회(FRB)의 경기부양책에 대한 단서들도 신흥시장 자산에 매달렸다. MKTS/GLOBFRX/  라탐 통화의 0.2%~0.8% 하락으로 MSCI의 EM 통화 지표의 고통이 심화되었다. .MIEM00000CUS. 브라질의 진짜 BRBY, BRL= 수요일에 예상되는 100 베이시스 포인트 금리 인하를 앞두고 4주간의 최저치에 머물렀다.   자금난에 처한 에버랜드 주식 3333.HK 10년 만에 최저치를 기록했고, 홍콩 부동산 주식도 월요일 타격을 받았다. 그 회사는 자산 관리 상품에 대한 투자자들에게 부동산으로 보답하기 시작했다. .HK  데이비드 반센 더 반센그룹 최고투자책임자는 ""현재로서는 에버그란데 사태에서 세계 경제의 시스템적 리스크를 전혀 보지 못하고 있다""고말했다.  ""그러나 에버그란데의 도전이 세계 경제에 어떤 영향을 미칠지 명확하지 않고 불확실성이 시장을 겁먹게 하기에 충분치 않기때문에 시장에 영향을 미치기 위해 시스템적인 리스크가 있을 필요는 없다.""     중국을 디폴트(채무불이행)에 대비하는 비용이 거의 1년 만에 최고치를 기록한 것으로 IHS마킷 자료에 나타났다.   지난주 기준 아시아 고수익률 부채의 지표 .MERACYC 회사채는 4월 하순까지 떨어졌고, 반면 회사채는 4월 하순까지 떨어졌다. .MEREMHA 2020년 6월 최저치를 기록했다.  중국 시장은 휴일로 휴장했다.  그외 남아프리카공화국, 터키, 스리랑카, 코스타리카, 엘살바도르 채권의 채권이 모두 타격을 입었다.   종목별로는 칠레가 3% 가까이 하락한 반면 브라질은 3% 가까이 하락했다. .BVSP, 남아프리카 공화국 .JTOPI 그리고 폴란드 .WIG20 상파울루 주가 6개월 반 만에최저치를 기록하는 등 2% 넘게 하락했다.  러시아에 있는 사람들 .IMOEX, 터키 .XU100 그리고 멕시코 .MXX 적자가 많이 났다.  통제가 심한 아르헨티나 페소 AES=RASL 알베르토 페르난데스 대통령이 금요일 내각 개편을 단행한 후 정부 내 더 많은 온건파와 호전적인 파벌간의 줄다리기로 인해 약 0.2% 하락했다.      중남미 주요 지수 및 통화 1414 GMT:    주식지수   최신  일일 % 변경   MSCI 신흥 시장 .MSCIEF  1257.24  -1.73   MSCI 라탐 .MILA00000PUS  2264.88  -2.4   브라질 보베스파 .BVSP   108936.46  -2.25   멕시코 IPC .MXX   50842.65  -0.91   칠레 IPSA .SPIPSA  4354.18  -2.49   아르헨티나 머발 .MERV  -  -   콜롬비아 COLCAP .COLCAP  1313.75  -0.61             통화   최신  일일 % 변경   브라질 리얼 BRBY   5.3266  -0.75   멕시코 페소 MXN=D2   20.1496  -0.67   칠레 페소 CLP=CL   787.7  -0.67   콜롬비아페소 COP=  3829.74  -0.12   페루 솔 PEN=PE   4.118  -0.44   아르헨티나 페소(은행간) ARS=RASL   98.4600  -0.10          (Reporting by Susan Mathew in Bengaluru; Editing by Alexander Smith)  susan.mathew@thomsonreuters.com ; +91-80-6287-2704; ))     (c) Copyright Thomson Reuters 2020. Click For Restrictions - https://agency.reuters.com/en/copyright.html        Keywords: EMERGING-MARKETS/LATAM   원문 바로가기    DISCLAIMER  레피니티브의 사전, 서면 승인 없는 톰슨로이터 콘텐츠의 재생산이나 재배포는 금지되어 있습니다. 이 기사의 한국어 번역은 에프앤가이드가 사용하는 기계적 번역에 의한 것으로 톰슨로이터와 레피니티브는 번역의정확성을 보증하지 않습니다."
63,1,"2021-09-20","23:30:08","삼성바이오에피스, 루센티스 바이오시밀러 '바이우비즈' 美 FDA 승인","- 미국서 승인받은 최초 안과 바이오시밀러 - 작년 오리지널 글로벌 매출 약 4조원    ▶'2차전지'의 신흥강자! 대규모 공급계약체결! 800% 극비리 재료株  [이데일리 이광수 기자] 삼성바이오에피스와 바이오젠(티커 BIIB)은 미국 식품의약국(FDA)이 황반변성 치료제 ‘루센티스’ 바이오시밀러 ‘바이우비즈(성분명 라니비주맙)’를 승인했다고 20일(현지시간) 밝혔다. 바이우비즈는 미국에서 승인된 최초의 안과 바이오시밀러가 됐다.        루센티스는 로슈와 노바티스가 판매하고 있는 황반변성, 당뇨병성 황반부종 치료제다. 2020년 기준 글로벌 매출은 약 4조원에 달한다.   작년 6월 미국에 이어 내년 7월에는 유럽에서 물질특허가 만료된다. 바이우비즈는 미국 승인 외에도 지난달 18일 유럽연합(EU) 27개 회원국과 같은 달 31일 영국에서도 승인됐다.   김경아 삼성바이오에피스 개발본부장은 “미국에서 망막혈관 질환을 앓고 있는 사람들에게 기념비적인 이정표”라며 “바이우비즈 승인은 전 세계적으로 바이오 의약품을 접하기 어려운 사람들에게 치료 선택권을 제공하기 위한 우리의 지속적인 노력을 분명히 보여주는 것”이라고 밝혔다.   한편 삼성바이오에피스는 총 10종의 바이오시밀러 제품 및 파이프라인을 가지고 있다. 이중 자가면역질환 치료제 3종( 레미케이드 바이오시밀러 SB2, 엔브렐 바이오시밀러 SB4, 휴미라 바이오시밀러 SB5)과 항암제 2종(허셉틴 바이오시밀러 SB3, 아바스틴 바이오시밀러 SB8)를 유럽에서 판매 중이다.     ※ 주식은 매도가 생명!! 팔기 전 AI비서에게 물어봐!!  ▶ <세계최초>신약재료+美승인!! 1500%↑터질 역대급 바이오株 (종목확인)  ▶1500% 가는 '제2의 HMM' 아직 5000원대 황금株, 급등 전 마지막 기회! [클릭]  ▶▶[무료 공개]◀◀ 지금 ""1,000만원""만있어도 당장 ""이것""부터 사라!! >>> (무료 체험)  ▶▶주식전문가들의 상승, TOP3 ""테마株"" 종목확인! 선착순 무료! [클릭]         ＜ⓒ종합 경제정보 미디어 이데일리 - 무단전재 & 재배포 금지＞    "
63,2,"2021-09-20","23:29:29","가족이 갑자기 아프다면..연휴 문여는 병원·약국","▶'2차전지'의 신흥강자! 대규모 공급계약 체결! 800% 극비리 재료株  [이데일리 김지완 기자] 추석 연휴에 문여는 병원·약국 정보는 응급의료정보센터 누리집을 통해서 확인할 수 있다.      응급의료정보센터 누리집에서 약국 찾기. (갈무리=김지완기자)  응급의료정보센터 누리집에선 병원·약국의 실시간 운영정보와 위치를 알 수 있다. 현재 내 위치나 지역명을 입력하면 반경 1km, 3km, 10km 등의 옵션 설정을 통해 확인할 수 있다. 아울러 누리집에선 응급실 위치정보도 함께 제공한다.   전화로도 관련 정보를 얻을 수 있다. 119(구급상황관리센터), 129(보건복지콜센터)를 이용하면 전화로도 동일한 정보를 안내 받을 수있다. 또 시·자치구 홈페이지와 응급의료포털에서 확인할 수 있고 스마트폰 애플리케이션 ‘응급의료정보제공’을 활용하면 사용자 위치를파악해 주변에 문 여는 의료기관이나 약국을 지도로 확인할 수 있다.     ※ 주식은 매도가 생명!! 팔기 전 AI비서에게 물어봐!!  ▶<세계최초>신약재료+美승인!! 1500%↑터질 역대급 바이오株 (종목확인)  ▶1500% 가는 '제2의 HMM' 아직 5000원대 황금株, 급등 전 마지막 기회! [클릭]  ▶▶[무료공개]◀◀ 지금 ""1,000만원""만 있어도 당장 ""이것""부터 사라!! >>> (무료 체험)  ▶▶주식전문가들의 상승, TOP3 ""테마株"" 종목확인! 선착순 무료! [클릭]         ＜ⓒ종합 경제정보 미디어 이데일리 - 무단전재 & 재배포 금지＞    "
63,3,"2021-09-20","23:29:27","BUZ-Bitcoin은 광범위한 리스크 매각으로 인해 일일 클라우드에 깊숙이 침투한다.","BUZZ-Bitcoin dips deep into daily cloud amid broad risk selloff .storyContent * {border-color:inherit !important;outline-color:inherit !important;} BTC=BTSP 6.7%에서 44.1k로 미끄러짐; 월요일 범위는 74.3k-42.5k   크립토는 위험 부담이 큰 가운데 뒷걸음질치고 있어, 에버그란데 관련, 매각   BTC는 일일 클라우드(45.8-39.9k)로 미끄러져 들어가고, 눈은 41.1k에서 29.3-53k의 50% Fib를 본다.   100-DMA에서 50.77k로 50% 미만Fib supt 및 일일 클라우드 기반 39.9k   200-DMA 45.8k, 10-DMA 46.6k 및 9월 18일 48.8k의 최신 동향   9월 초53k로 상승했음에도 불구하고 50k를 앞둔 저항은 여전히 견고하다.   ETHBTC=BTSP 최근 9월 초순의 0.08에서 지금 0.07로후퇴했다.    BTC daily range pops abv 55-DMA, 9월 7일 이후 최대 하락폭   자세한 내용을 보려면 을 클릭하십시오. FXBUZ        (Paul Spirgel is a Reuters market analyst. The views expressed are his own)  paul.spirgel@thomsonreuters.com        (c) Copyright Thomson Reuters 2020. Click For Restrictions - https://agency.reuters.com/en/copyright.html   원문 바로가기    DISCLAIMER  레피니티브의 사전, 서면 승인 없는 톰슨로이터 콘텐츠의 재생산이나 재배포는 금지되어 있습니다. 이 기사의 한국어 번역은 에프앤가이드가사용하는 기계적 번역에 의한 것으로 톰슨로이터와 레피니티브는 번역의 정확성을 보증하지 않습니다."
63,4,"2021-09-20","23:29:19","UPDATE 1-미국 원전 가동 중단","UPDATE 1-U.S. nuclear power plant outages .storyContent * {border-color:inherit !important;outline-color:inherit !important;}  9월 20일(로이터) - 미국 원자력규제위원회(Nuclear Regulatory Commission)의 일일 데이터에 따르면, 다음 표에는 미국의 총 원자력 발전 용량과 계획되지 않은 이유로 인한 오프라인 용량이 나열되어 있다.     총 용량 EL-USTOTCAP-MW ......... 95,296 MW   오늘 총계 EL-USOUTAGE-MW ........7,593 MW(8%)  전일 합계 .................. 7,399 MW(8%)  토탈 아웃 년도 ...................... 9,699 MW(10%)  5년 평균 아웃 ...................... 9,158 MW(9%)  전년 대비 변화율 ............ -22%   5-yr avg ............ -17.1%에서 변화        현재 운영 중단    구성 단위  연산자  MW  주  셧다운  다시 시작                      북동부(NPCC)                                     PJM                  노스애나 1호  도미니언  948  VA  9월 13일  9월 25일    바이런 1호  엑셀론  1,164  IL  9월 13일  9월 25일                       미연속                  세인트루시2길  넥스트에라  987  FL  8월 30일  9월 18일                      남동부(SERC)                  보글 1호  남부  1,150  GA  9월 13일  9월 25일   와츠 바 2  TVA  1,122  TN  9월 13일  9월 25일   맥과이어 2  듀크  1,158  NC  9월 13일  9월 25일          SPP                                     에르코트                   WEST (WECC)                              (Reporting by Bengaluru Commodities Desk)  BLRCEEditorial@thomsonreuters.com        (c) Copyright Thomson Reuters 2020. Click For Restrictions - https://agency.reuters.com/en/copyright.html   원문 바로가기    DISCLAIMER  레피니티브의 사전, 서면 승인 없는 톰슨로이터 콘텐츠의 재생산이나 재배포는 금지되어 있습니다. 이 기사의 한국어 번역은 에프앤가이드가 사용하는 기계적 번역에 의한 것으로 톰슨로이터와 레피니티브는 번역의 정확성을 보증하지 않습니다."
63,5,"2021-09-20","23:28:47","Table-U.S. 오프라인 원자력 발전 용량은 월요일 7,593 MW로 증가한다.","TABLE-U.S. nuclear power generation capacity offline Monday rises to 7,593 MW .storyContent * {border-color:inherit !important;outline-color:inherit !important;} 9월 20일(로이터) - 미국 원자력규제위원회(Nuclear Regulatory Commission)의 일일 데이터에 따르면, 다음 표에는 미국의 총 원자력 발전 용량과 계획되지 않은 이유로 인한 오프라인 용량이 나열되어 있다.     총 용량 EL-USTOTCAP-MW ......... 95,296 MW   오늘 총계 EL-USOUTAGE-MW ........7,593 MW(8%)  전일 합계 .................. 7,399 MW(8%)  토탈 아웃 년도 ...................... 9,699 MW(10%)  5년 평균 아웃 ...................... 9,158 MW(9%)  전년 대비 변화율 ............ -22%   5-yr avg ............ -17.1%에서 변화              (Reporting by Bengaluru Commodities Desk)  BLRCEEditorial@thomsonreuters.com        (c) Copyright Thomson Reuters 2020. Click For Restrictions - https://agency.reuters.com/en/copyright.html   원문 바로가기    DISCLAIMER  레피니티브의 사전, 서면 승인 없는 톰슨로이터 콘텐츠의 재생산이나 재배포는 금지되어 있습니다. 이 기사의 한국어 번역은 에프앤가이드가 사용하는 기계적 번역에 의한 것으로 톰슨로이터와 레피니티브는 번역의 정확성을 보증하지 않습니다."
63,6,"2021-09-20","23:28:15","RPT-바티칸은 거주자, 방문객을 위한 COVID-19 건강 출입증을 요구한다고 말한다.","RPT-Vatican says to require COVID-19 health pass for residents, visitors .storyContent * {border-color:inherit !important;outline-color:inherit !important;}  바티칸 시티, 9월 20일 (로이터) - 10월 1일자로 COVID-19의 면역 증명이 증명된 건강 증명서가 바티칸에 입성하도록 요구될 것이라고 바티칸 시 당국이 월요일 발표했다.   ""주민, 노동자, 방문객들은 이미 이탈리아 주변 지역에서 널리 사용되고 있는 ""그린 패스""라고 불리는 공동의 ""그린 패스""를 소지해야 할 것이다""라고 교황청은 성명에서 말했다.   미사에 참석하는 사람들은 ""의례에 엄격히 필요한 시간 동안"" 예외로 할 것이다.  원래 유럽 연합 국가들 간의 여행을 용이하게 하기 위해 고안된 그린 패스(Green Pass)는 누군가가 백신 접종을 받았거나 음성 판정을 받았거나 최근 코로나바이러스로부터 회복했음을 보여준다.  목요일에 이탈리아 정부는 예방접종 캠페인을 강화하기 위해 10월 15일자로 모든 근로자들에게 증명서를 보여 줄 것을 의무화했다.   (Reporting by Angelo Amante, editing by Gavin Jones)  Angelo.Amante@thomsonreuters.com     (c) Copyright Thomson Reuters 2020. Click For Restrictions - https://agency.reuters.com/en/copyright.html        Keywords: VATICAN-GREEN PASS/ (REPEAT)   원문 바로가기    DISCLAIMER  레피니티브의 사전, 서면 승인 없는 톰슨로이터 콘텐츠의 재생산이나 재배포는 금지되어 있습니다. 이 기사의 한국어 번역은 에프앤가이드가 사용하는 기계적 번역에 의한 것으로 톰슨로이터와 레피니티브는 번역의 정확성을 보증하지 않습니다."
63,7,"2021-09-20","23:28:08","BRIFT-Albotch, 제안된 Humira 바이오시밀러 적용에 대한 조치를 회피한다고 말한다","BRIEF-Alvotech Says FDA Defers Action on Application For Proposed Humira Biosimilar .storyContent * {border-color:inherit !important;outline-color:inherit !important;} 9월 20일(로이터) - 앨버텍:  albotch는 avt02에 대한 FDA 조치의 최신 정보를 제공한다. humira®와 고농도 바이오시밀러 제안(adimumab)   albotch: fda는 시설 평가가 완료될 때까지 humira와 바이오시밀러인 avt02 신청에 대한 조치를 연기한다.   투표: 안전하고 적절한 방식으로 필요한 검사를 조정하기 위해 FDA와 계속 협력    Further company coverage: ABBV.N  bangalore.newsroom@thomsonreuters.com        (c) Copyright Thomson Reuters 2020. Click For Restrictions - https://agency.reuters.com/en/copyright.html   원문 바로가기    DISCLAIMER  레피니티브의 사전, 서면 승인 없는 톰슨로이터 콘텐츠의 재생산이나 재배포는 금지되어 있습니다. 이 기사의 한국어 번역은 에프앤가이드가 사용하는 기계적 번역에 의한 것으로 톰슨로이터와 레피니티브는 번역의 정확성을 보증하지 않습니다."
64,1,"2021-09-20","23:17:00","크루거 에너지 온타리오 101 MW 포트 알마 1 풍력발전소가 서비스 복귀 - 온타리오 IESO","Kruger Energy Ontario 101 MW Port Alma 1 wind power plant returns to service - Ontario IESO  9 월 20일 (로이터) - 크루거 에너지 온타리오 101 MW 포트 알마 1 풍력발전소가 다시 가동된다고 온타리오 IESO가 월요일 발표했다.(북미 파워 데스크: 휴스턴 +1 713 210 8522, 뉴욕 +646 223 6072, 벵갈루 +91 80 6749 1298)        Keywords: UTILITIES-ONTARIOIESO/   원문 바로가기    DISCLAIMER  레피니티브의 사전, 서면 승인 없는 톰슨로이터 콘텐츠의 재생산이나 재배포는 금지되어 있습니다.이 기사의 한국어 번역은 에프앤가이드가 사용하는 기계적 번역에 의한 것으로 톰슨로이터와 레피니티브는 번역의 정확성을 보증하지 않습니다."
64,2,"2021-09-20","23:16:30","BUZZ-COMMENT-위험 매도와 매파적인 BoE의 재고해보기","BUZZ-COMMENT-Sterling slides on broad risk selloff and hawkish BoE rethink .storyContent * {border-color:inherit !important;outline-color:inherit !important;} 9월 20일(로이터) - 중국 에버그란데 그룹의 지불능력에 대한 우려에 시장이 반응함에 따라 다른 주요 통화보다 큰 폭으로 앞서는 슬라이드에서 스털링은 월요일 1.3668로 0.43% 하락했다. 3333.HK9월 말 만기 채권 상환과 중국 및 세계 금융시장의 연쇄효과에 앞서.  이번 하락은 목요일의 MPC 금리 발표를 앞두고 매파적 BoE의 예상을 누그러뜨린 일련의 취약한 자료에 이은 것이다. BoE에서 2022년 초까지 요금변동이 예상되지는않았지만 0#BOEWATCH이번 주 회의에서는 전염병 시대의 숙소를 줄이기 위해 투표하는 BoE 회원들의 물결이 높아질 것으로 보인다.   이전 MPC 회의는 테이퍼링을 시작하기 위해 한 표를 던졌다. BoE 주지사 Andrew Bailey의 최근 생각에 따르면, 투표자 8명 중 4명은 하이킹비율을 시작하기 위한 조건이 충족되었다고 생각했다. 이러한 매파적 어조는 COVID의 델타 변종 사례가 다시 나타나고 경제성장률이 둔화됨에 따라 완화되어 6월 1일 기준 최고치인 1.4250에서 미국 파운드화 대비 영국 파운드화를 더욱 앞당길 수 있었다.  월요일 최저치인 1.3648로 4주 만에 최저치인 7월 20일 최저치인 1.3573에서 1.3240과 1.3162로 100과 200-DMA로 가는 길에 연속 최저치를 기록했다.   자세한 내용을 보려면 을 클릭하십시오. FXBUZ        (Paul Spirgel is a Reuters market analyst. The views expressed are his own)  Paul.Spirgel@thomsonreuters.com        (c) Copyright Thomson Reuters 2020. Click For Restrictions - https://agency.reuters.com/en/copyright.html   원문 바로가기    DISCLAIMER  레피니티브의 사전, 서면 승인 없는 톰슨로이터 콘텐츠의 재생산이나 재배포는 금지되어 있습니다. 이 기사의 한국어 번역은 에프앤가이드가 사용하는 기계적 번역에 의한 것으로 톰슨로이터와 레피니티브는 번역의 정확성을 보증하지 않습니다."
64,3,"2021-09-20","23:15:53","표-USDA 곡물 수출 검사에 대한 무역 추정치","TABLE-Trade estimates for USDA grain export inspections .storyContent * {border-color:inherit !important;outline-color:inherit !important;} 9월 20일 (로이터) - 미국 농무부는 월요일 오전 10시 CDT (1500 GMT)에 주간 곡물과 기름종자 수출검사 보고서를 발표할 예정이다. USDA/I  무역업계 분석가에 따르면 미국산 곡물과 콩의 수출 검사 추정치는 톤수로 환산하면 다음과 같다.        범위  전주   밀  350,000-600,000  547,943   옥수수  150,000-450,000  138,189   콩  100,000-400,000  105,368      (Reporting by Karl Plume)  karl.plume@thomsonreuters.com ; +1 313 484 5285; Reuters Messaging: karl.plume.thomsonreuters.com@reuters.net     (c) Copyright Thomson Reuters 2020. Click For Restrictions - https://agency.reuters.com/en/copyright.html        Keywords: USDA-GRAINS/EXPORTS (TABLE)   원문 바로가기    DISCLAIMER  레피니티브의 사전, 서면 승인 없는 톰슨로이터 콘텐츠의 재생산이나 재배포는 금지되어 있습니다. 이 기사의 한국어 번역은 에프앤가이드가 사용하는 기계적 번역에 의한 것으로 톰슨로이터와 레피니티브는 번역의 정확성을 보증하지 않습니다."
64,4,"2021-09-20","23:14:54","코로나19 확진 20일 오후9시 1531명…21일 1600명 안팎 전망","서울 653명 발생   [파이낸셜뉴스]    사진=뉴시스.   추석을 하루 앞둔 20일 전국 곳곳에서 코로나19 확진자가 잇따르고 있다.   20일 방역당국과 서울시 등 각 지방자치단체에 따르면 이날 0시부터 오후 9시까지 전국에서 코로나19 양성 판정을 받은 신규 확진자는 총 1531명으로 집계됐다. 이는 전날 같은 시간에 집계된 1534명보다 3명 적다.   시도별로는 서울 653명, 경기 359명, 인천 133명, 부산·충남 각 45명, 대전 44명, 대구·광주 각 40명, 강원 39명, 경북·충북 각 27명, 경남 25명, 전북 24명, 울산 16명, 전남·제주 각 7명이다.  세종을 제외한 전국 16개 시도에서 확진자가 나왔다.  집계를 마감하는 자정시간까지 신규 확진자 수를 포함하면 21일 0시 기준으로 1600명대 초반에 달할 것으로 예상된다.    이날 전체 확진자 수는 21일 0시 기준으로 정리돼 오전에 발표된다.  kjw@fnnews.com 강재웅 기자  ▶1500% 가는 '제2의 HMM' 아직 5000원대 황금株, 급등 전 마지막 기회! [ 클릭] ▶“주식카톡방 완전무료 선언”파격결정  [파이낸셜뉴스 주요뉴스]  → 남편과 사별한 여성, 자기 따라다니던 남자와 결혼했더니.. → ""팬티만 입으라는 지시 받았다"" 그의 소변에는... → 모델 한혜진 ""전 남친, 방송서 男 출연자와 눈 보며 대화했다고.."" → '태아 머리가 보인다' 전주 女 사우나서 일어난 일 → 월급 150만원 39세 여성의 어머니 ""내 딸 정도면.."" → 빨간 나라로 가는 노란 티켓 [파인애플]  ● 하루만에 高수익 챙길 ‘초대형’ 백신 대장株! 비밀리에 입수! 1200% ↑↑ (CLICK)  ▶▶[무료공개]◀◀ 지금 ""1,000만원""만 있어도 당장 ""이것""부터 사라!! >>> (무료 체험)   ※ 저작권자 ⓒ 파이낸셜뉴스. 무단 전재-재배포 금지 "
64,5,"2021-09-20","23:14:43","어드벤트 지원 결제 회사 Xplor는 미국 IPO를 위해 기밀 문서로 제출함","Advent-backed payments firm Xplor files confidentially for U.S. IPO .storyContent * {border-color:inherit !important;outline-color:inherit !important;} 9월 20일 (로이터) - 사모펀드 회사인 어드벤트 인터내셔널의 지원을 받는 결제 회사인 Xplor Technologies LLC는 월요일 미국에서 공개 공모를 위한 서류를 비밀리에제출했다.   애틀랜타에 본사를 둔 이 회사는 어드벤트 이후 설립되었다. merged 2020년 270억 달러 이상의 지불을 함께 처리한 두 포트폴리오 지불 회사인 TSG(Transaction Services Group)와 클레렌트는 올해 초 Xplor를 설립했다.   블룸버그 통신은 Xplor가 40억 달러에서 60억 달러의 평가액을 가져올 수 있다고 보도했다. reported 8월에 그 일에 정통한 사람들을 인용하여   클라우드 기반 결제 처리 플랫폼을 운영하는 이 회사는 교육, 건강, 피트니스, 부티크 웰니스, 현장 서비스, 개인 서비스 등 5개 산업 수직계열에서 사용되는 기업용 소프트웨어 솔루션도 만든다.           (Reporting by Sohini Podder in Bengaluru; Editing by Shinjini Ganguli)  Sohini.Podder@thomsonreuters.com     (c) Copyright Thomson Reuters 2020. Click For Restrictions - https://agency.reuters.com/en/copyright.html        Keywords: XPLOR-IPO/   원문 바로가기    DISCLAIMER  레피니티브의 사전, 서면 승인 없는 톰슨로이터 콘텐츠의 재생산이나 재배포는 금지되어있습니다. 이 기사의 한국어 번역은 에프앤가이드가 사용하는 기계적 번역에 의한 것으로 톰슨로이터와 레피니티브는 번역의 정확성을 보증하지 않습니다."
64,6,"2021-09-20","23:13:58","최근 7년간 산업재해로 인한 경제손실 추정액 159조원","[파이낸셜뉴스]     추석 연휴를 앞둔 지난해 9월2일 오전 평택고덕신도기 공사현장에서 건설용 리프트가 추락해 작업자 2명이 숨졌다. /사진=뉴시스  2015년 이후 산업재해로 인해 발생한 경제적손실 추정액이 159조원에 달하는 것으로 나타났다.   20일 국회 산업통상자원중소벤처기업위원회 이장섭 의원이고용노동부로부터 받은 자료에 따르면 2015년부터 2020년까지 매년 산업재해로 인한 경제적손실 추정액은 증가하고 있다.   산업재해로 인한 경제적손실추정액은 2015년 20조원, 2016년 21조원, 2018년 22조원, 2018년 25조원, 2019년 29조원, 2020년 30조원, 2021년(5월말) 13조원으로 추정된다.   산업재해로 인한 재해자수도 증가추세를 보이고 있다. 산업재해자수는 2017년 8만9848명에서 2018년 10만 2305명, 2019년 10만9242명, 2020년 10만8379명으로 2018년 이후 매년 10만명 이상의 산업재해자가 발생하고 있다. 올해는 5월말 기준 4만7807명의 재해자가 발생했다.  산업재해로 인한 전체 사망자수는 2015년 1810명, 2016년 1777명, 2017년 1957명, 2018년 2142명, 2019년 2020명, 2020년 2062명으로 나타났다. 사망자의 구분별로는 질병사망자가 6715명, 사고사망자는 5983명으로 나타났다.   사고사망자를 산업별로 분석하면 최근 7년간 건설업이 2813명으로 절반 가까이를 차지하고 있다. 제조업이 1393명, 서비스업 876명 순이다.   중대산업사고도 매년 10건 이상으로 발생하고 있다. 중대사고는 2018년과 2019년에 12건에서 작년 15건으로 증가했다. 올해도 상반기기준으로 벌써 8건의 중대산업사고가 발생했다. 최근 7년간 산재미보고도 6655건에 달했다.  이장섭 의원은 “산업 발달의 선결조건은 안전인 만큼 노동자들이 보다 쉽게 치료와 보상을 받을 수 있도록 제도를 개선해 가야 한다”면서“내년 초 시행될 중대재채처벌법 관련한 철저한 준비는 물론, 산업재해 미보고에 대한 강력 제재 등 산업안전감독을 강화할 필요가 있다”고 말했다.  hwlee@fnnews.com 이환주 기자  ▶1500% 가는 '제2 의 HMM' 아직 5000원대 황금株, 급등 전 마지막 기회! [클릭] ▶“주식카톡방 완전무료 선언” 파격결정  [파이낸셜뉴스 주요뉴스]  → 남편과 사별한 여성, 자기 따라다니던 남자와 결혼했더니.. → ""팬티만 입으라는 지시 받았다"" 그의 소변에는... → 모델 한혜진 ""전 남친, 방송서 男 출연자와 눈 보며 대화했다고.."" → '태아 머리가 보인다' 전주 女 사우나서 일어난 일 → 월급 150만원 39세 여성의 어머니 ""내 딸 정도면.."" → 빨간 나라로 가는 노란 티켓 [파인애플]  ● 하루만에 高수익 챙길 ‘초대형’ 백신 대장株! 비밀리에 입수! 1200% ↑↑ (CLICK)  ▶▶[무료공개]◀◀ 지금 ""1,000만원"" 만 있어도 당장 ""이것""부터 사라!! >>> (무료 체험)   ※ 저작권자 ⓒ 파이낸셜뉴스. 무단 전재-재배포 금지 "
64,7,"2021-09-20","23:13:35","버즈-코퍼 광부들은 에버그란데의 위기가 급증하면서 무너지고 있다.","BUZZ-Copper miners fall as Evergrande crisis spurs selling .storyContent * {border-color:inherit !important;outline-color:inherit !important;}  ** 구리 광부 주가 하락, 금속 가격 하락 추적   ** 중국 부동산 개발업체 에버그랑데 그룹의 채무불이행 전망이 금융시장 전반의 매도에 기름을 부었고 투자자들이 안전한 달러 강세로 향하면서 구리 가격이 한 달 만에 최저치로 떨어졌다.  ** 벤치마크 구리 CMCU3 런던금속 거래소에서 1.9% 하락한 9,131달러에 거래되었다. MET/L  ** Freeport-McMoRan FCX.N, S&P 500 지수 상위 pct 선언자들 중. .SPX, 4.8% 하락  ** 광산 거인 리오 틴토 RIO.L, RIO.AX, RIO.N 및 BHP 그룹 BHP.AX, BHP.N 각각 3.6%와 3.1% 감소했다.  ** 남동주 SCCO.N, 및 Teck 리소스 TECKb.TO, TECK.N 3.2%에서 4% 사이로 미끄러지다  ** 제1차 양자광물 FM.TO 그리고 에로 코퍼 ERO.TO 3.6% 하락했다.  ** 니켈과 함께 다른 금속 가격도 하락 CMNI3 1.7% 감소, LME 알루미늄 CMAL3 1.9%, 아연 CMZN3 1.9% 및 리드 CMPB3 0.7%     (Reporting by Arunima Kumar and Sahil Shaw in Bengaluru)  Arunima.Kumar@thomsonreuters.com ; Twitter: https://twitter.com/Aru_Kumar94        (c) Copyright Thomson Reuters 2020. Click For Restrictions - https://agency.reuters.com/en/copyright.html   원문 바로가기    DISCLAIMER  레피니티브의 사전, 서면 승인 없는 톰슨로이터 콘텐츠의 재생산이나 재배포는 금지되어 있습니다. 이 기사의 한국어 번역은 에프앤가이드가 사용하는 기계적 번역에 의한 것으로 톰슨로이터와 레피니티브는 번역의 정확성을 보증하지 않습니다."
65,1,"2021-09-20","23:05:32","BRIF-Good Meat, Inc.의 Eat Just 부문, 2억 6천 7백만 달러 모금","BRIEF-Good Meat, A Division Of Eat Just, Inc., Raises $267 Million .storyContent * {border-color:inherit !important;outline-color:inherit !important;} 9월 20일 (로이터) -   좋은 고기는, 단지 먹는 것의 일부인, 주식회사에서 2억 6천 7백만 달러를 모금한다.    Reuters.Briefs@thomsonreuters.com        (c) Copyright Thomson Reuters 2020. Click For Restrictions - https://agency.reuters.com/en/copyright.html   원문 바로가기    DISCLAIMER  레피니티브의 사전, 서면 승인 없는 톰슨로이터 콘텐츠의 재생산이나 재배포는 금지되어 있습니다. 이 기사의 한국어 번역은 에프앤가이드가 사용하는 기계적 번역에 의한 것으로 톰슨로이터와 레피니티브는 번역의 정확성을 보증하지 않습니다."
65,2,"2021-09-20","23:05:20","라이브 마켓-이것은 초기 무역 압력밥솥이다.","LIVE MARKETS-It's an early-trade pressure cooker .storyContent * {border-color:inherit !important;outline-color:inherit !important;}     초기 무역 압력솥(0957 edt/1357 gmt)  경기 회복 속도에 대한 우려가 제기되는 가운데 월가의 주요 지수가 월요일 압박을 받고 있다. 이 조치는 연방준비제도이사회(Fed·연준)가 대유행 시대의 경기부양책을 잠재적으로 모방하기로 결정하는 일주일간의 시작이다. .N  다우지수 .DJI, S&P 500 .SPX 그리고 나스닥 종합주가지수 .IXIC 모두 1.2%에서 1.7%로 하락하고 있다. 그렇긴 하지만, 그들은 하루 중 최악의 수준을 벗어났다.  물론, IICXI는 50일 이동 평균(DMA) 이하로 떨어진 SPX에 합류하고 있다. 9월 9일 50-DMA 이하로 마감된 다우지수는 현재 100-DMA를 밑돌고 있다.  모든 주요 S&P 500 부문은 에너지와 같이 경제적으로 민감한 그룹들로 적자다. .SPNY 금융 및 금융 .SPSY 최고 히트곡들을 찍으면서. 방어 채권 대리점 또한 하락했지만, 훨씬 더 강화된 손실로 인해.  금요일장중 한때 1.3850%를 기록한 뒤 미국 10년물 재무부 수익률은 1.3850%를 기록했다. US10YT=RR 다시 1.33%대로 떨어졌다.  초기 거래에서 시장이 서는 곳은 다음과 같다.          (테렌스 가브리엘)  *****     다우 산업은 실제 다운로어(0900 edt/1300 gmt)에 개장을 앞두고 있다.  지난주 다우존스 산업평균지수의 폭락장세가 나타났다. .DJI 발전하는 쇠퇴의 일시적 현상일 뿐이다. 이것은 CBT e-미니 다우 선물이다. 1YMcv1 현재 우량주 평균은 거의 2% 또는 600포인트 이상 하락할것으로 보인다. 이는 다우지수가 2020년 6월 11일 개장 이후 2.6% 700포인트 이상 붕괴된 이후 최악의 개장일 것이다.  만약 그렇다면다우존스는 월요일 정기적인 세션거래를 시작하게 될 것이며 8월 16일 사상 최고치에서 4% 이상 하락할 것이며 4주 연속 하락세를 보일 것이다.  개방 구간이 낮아질 것으로 예상됨에 따라 DJI는 많은 주요 지지 수준을 위협할 수 있다.          여기에는 7 월말과 6월의 최저치인 33,741.76/33,271.93을 비롯해 현재 지지되고 있는 1929년의 끊어진 로그-척도 저항선, 지난주 33,325로 끝난 40주 이동평균선 등이 포함된다.  다우지수는 올해 초 90년 이상 지속된 저항선을 돌파한 이후 이 선을 향해 떨어지거나 테스트할 때마다 긍정적인 반응을 보이고 있다.  따라서 매주 끊어진 저항선 아래로 근접하는 것은 뒤집기를 시사할 수 있어 지수가 훨씬 더 큰 폭 하락에 취약하다.  이 경우 2020년 초 최고치(2만9568.57), 지난해 11월 초보다 2만8495.05로 하락해야 하는 주간 격차가 여전히 벌어지고 있는것이 그 다음 유의미한 자석일 수 있다.  물론 주간 모멘텀은 다우존스 8월 정점에 진입했으며, 여전히 뒷걸음질치고 있다. 주간 MACD는 금요일 10개월 만에 최저치로 끝났다.     (테렌스 가브리엘)  *****     0900 edt/1300 gmt 이전 월요일의 라이브 마켓' 게시물 - 여기를 클릭하십시오.                               (c) Copyright Thomson Reuters 2020. Click For Restrictions - https://agency.reuters.com/en/copyright.html        Keywords: GLOBAL-STOCKS/   원문 바로가기    DISCLAIMER  레피니티브의 사전, 서면 승인 없는 톰슨로이터 콘텐츠의 재생산이나 재배포는 금지되어 있습니다. 이 기사의 한국어 번역은 에프앤가이드가 사용하는 기계적 번역에 의한 것으로 톰슨로이터와 레피니티브는 번역의 정확성을 보증하지 않습니다."
65,3,"2021-09-20","23:03:56","세라젬, 척추 의료가전 효과 SCIE급 학술지 게재","세라젬 V6. 세라젬 제공.   [파이낸셜뉴스]세라젬 척추 의료가전의 면역력 증진 효과를 밝힌 연구 논문이 SCIE급 학술지에 게재됐다.  20일 세라젬은 ‘척추 온열 마사지에 의한 인간 면역 상태의 조절’ 연구 결과가 SCIE급 학술지 ‘시그나 비테(Signa Vitae)’에 소개됐다고 밝혔다. 세라젬에 따름녀 이번 연구는 세라젬 척추 의료가전이 노년층의 면역세포 증진 역할을 통해 바이러스 감염 예방 등 가능성을 보여줬다는 내용이 담겼다.   이번 연구는 비무작위 임상 대조시험을 통해 통증이나 장애가 있는 고령 환자 대상 세라젬 의료가전을 활용한 척추온열마사지의 면역 조절과 통증 완화 효과를 평가했다. 시험은 두 그룹으로 나눠 8주 동안 진행됐으며 실험군은 주 5회 척추온열마사지와 표준재활치료를 받고 대조군은 표준재활치료만 진행해 그 결과를 비교 분석했다.  임상 시험 결과 실험군에서 대조군 대비 면역 반응에서 중요한 역할을 하는 단핵구(Monocyte)와 NK세포(Natural Killer Cell)의 비율이 유의미하게 상승했으며 사이토카인 생성이 관찰되는 등 NK세포의 기능 활성화도 확인했다. 단핵구는 병원체 인식과 제거 등 면역 반응에서 중요한 역할을 하며 NK세포는 바이러스에 감염된 세포나 암세포를 직접 파괴하는 면역세포다.  통증 완화 측면에서도 평가 변인인 △통증 숫자평가 척도(PNRS) △요통 장애 지수(ODI) △일상 생활 장애 설문(RMDQ)에서 통계적으로 유의한 감소를 나타냈으며 설문을 통해 측정한 삶의 질 수준도 유의하게 증가했다.  세라젬 관계자는 “이번결과는 의료가전이 기존에 효능을 인정받았던 척추질환 치료와 근육 통증 완화, 혈액순환 개선 외에 면역세포 증진과 기능 활성을 통한 질병예방 가능성을 공신력 있는 학술지를 통해 확인했다는 점에서 의미가 있다”며 “연구 결과를 토대로 앞으로도 소비자들이 건강한 삶을 영위하는 데 도움을 줄 수 있는 다양한 혁신 제품을 지속 개발하기 위해 노력하겠다”고 말했다.      junjun@fnnews.com 최용준 기자  ▶1500% 가는 '제2의 HMM' 아직 5000원대 황금株, 급등 전 마지막 기회! [클릭] ▶“주식카톡방 완전무료 선언” 파격결정  [파이낸셜뉴스 주요뉴스]  → 남편과 사별한 여성, 자기 따라다니던 남자와 결혼했더니.. → ""팬티만 입으라는 지시 받았다"" 그의 소변에는... → 모델 한혜진 ""전 남친, 방송서 男 출연자와 눈 보며 대화했다고.."" → '태아 머리가 보인다' 전주 女 사우나서 일어난 일 → 월급 150만원 39세 여성의 어머니 ""내 딸 정도면.."" → 한주간 지친 나에게 디저트로 [파인애플]  ● 하루만에 高수익 챙길 ‘초대형’ 백신 대장株! 비밀리에 입수! 1200% ↑↑ (CLICK)  ▶▶[무료공개]◀◀ 지금 ""1,000 만원""만 있어도 당장 ""이것""부터 사라!! >>> (무료 체험)   ※ 저작권자 ⓒ 파이낸셜뉴스. 무단전재-재배포 금지 "
65,4,"2021-09-20","23:03:51","폴란드의 C.Banker Gatnar는 금리가 천천히 상승하기 시작해야 한다고 반복한다.","Polish c.banker Gatnar reiterates rates should start rising slowly .storyContent * {border-color:inherit !important;outline-color:inherit !important;} 바르샤바, 9월 20일 (로이터) - 폴란드의 몇몇 통화정책위원회 위원들은 금리가 천천히 상승하기 시작해야 한다고 믿고 있다고 중앙은행가인 유제니우스즈 개트나르가월요일 말했다.  개트나르는 회의에서 ""나와 몇몇 다른 MPC 회원들은 완만한 정상화 과정이 시작되어야 한다고 제안한다""고 말했다.   폴란드의 중앙은행은 인플레이션이 2분기 만에 최고치를 기록했음에도 불구하고 기준금리를 사상최저인 0.1%로 유지했다.        (Reporting by Pawel Florkiewicz; Writing by Anna Wlodarczak-Semczuk, Editing by Alex Richardson)  anna.wlodarczak@thomsonreuters.com ; +48226539700; Reuters Messaging: anna.wlodarczak.thomsonreuters.com@reuters.net     (c) Copyright Thomson Reuters 2020. Click For Restrictions - https://agency.reuters.com/en/copyright.html        Keywords: POLAND-RATES/GATNAR (URGENT)   원문 바로가기    DISCLAIMER  레피니티브의 사전, 서면 승인 없는 톰슨로이터 콘텐츠의 재생산이나 재배포는 금지되어 있습니다. 이 기사의 한국어 번역은 에프앤가이드가 사용하는 기계적 번역에 의한 것으로 톰슨로이터와 레피니티브는 번역의 정확성을 보증하지 않습니다."
65,5,"2021-09-20","23:02:42","캐나다 스톡스-TSX 유가가 하락하면서 한 달 만에 최저치 기록, 선거 집중","CANADA STOCKS-TSX hits one-month low as oil prices slide; election in focus .storyContent * {border-color:inherit !important;outline-color:inherit !important;}   9월 20일(로이터) - 저스틴 트뤼도 총리가 과반수를 얻으려는 듯 보였지만 권력에 집착할 수 있는 연방 선거를 투자자들이 주시하면서 월요일 캐나다의 주요 지수는 유가 하락에 의해 한 달 만에 최저치를 기록했다.  오전 9시46분 ET(1346 GMT) 토론토 증권거래소 S&P/TSX 종합지수 .GSPTSE 1.27% 하락했고 7월 이후 최악의 경기였다.  캐나다 증시는 9월 연방 선거와 관련된 국내 불확실성이 상품 가격 하락에 대한 불안감과 글로벌 성장 둔화 조짐으로 더해지면서 7개월 연속 상승세를 탈 것으로 보인다.  소수정부를 갖고 있는 트뤼도는 지난달 여론 조사에서 야당보다 훨씬 앞서 있는 것으로 나타나면서 2년 일찍 투표를 촉발시켰다. 그러나 조기통화에 대한 불만이 커지면서 큰 선두를 유지하지 못했다.   ""우리 모두는 오늘 캐나다에서 선거를 기다리고 있지만 많은 일들이 일어나고 있다. 토론토에 있는 ABC 펀드의 포트폴리오 매니저인 어윈 마이클은 ""부동산 회사와 함께 중국에서""라고 말했다.  미국 증시도1% 이상 폭락했는데 이는 중국 부동산 개발업체인 에버그란데의 잠재적 채무 불이행으로 인한 유출 우려 때문이다. .N  ""매우 혼란스러운 시기여서 시장에 영향을 미치고 있다. 마이클은 ""우리는 여전히 유리잔이 반 정도 차 있고, 모든 것이 회복될 것이라고 믿고 있다""고말했다.  에너지 부문 .SPTTEN 미국 원유로 3.1% 하락했다. CLc1 국제 성장 우려에 따라 가격은 배럴당 1.5% 하락했다. O/R     하이라이트  * NFI 그룹 Inc. NFI.TO 증권사들이 주식에 대한 그들의 가격 목표치를 인하한 후 TSX의 바닥까지17.1퍼센트 하락했다. 리튬 아메리카 LAC.TO 6.9% 하락한 2차 선언기였습니다.   * 모든 캐나다 이슈에서 52주 최고치 4개와 최저치 23개가 새로 발행되었으며, 총 거래량은 6,940만주였습니다.     (Reporting by Sagarika Jaisinghani and Medha Singh in Bengaluru; Editing by Amy Caren Daniel)  sagarika.jaisinghani@thomsonreuters.com     (c) Copyright Thomson Reuters 2020. Click For Restrictions - https://agency.reuters.com/en/copyright.html        Keywords: CANADA-STOCKS/ (UPDATE 1)   원문 바로가기    DISCLAIMER  레피니티브의 사전, 서면 승인 없는 톰슨로이터 콘텐츠의 재생산이나 재배포는 금지되어 있습니다. 이 기사의 한국어 번역은 에프앤가이드가 사용하는 기계적 번역에 의한 것으로 톰슨로이터와 레피니티브는 번역의 정확성을 보증하지 않습니다."
65,6,"2021-09-20","23:02:27","유럽연합(EU)이 예멘의 후티스에 의한 9명의 사형 집행에 대해 항의하고 있다.","EU joins outcry over execution of nine men by Yemen's Houthis .storyContent * {border-color:inherit !important;outline-color:inherit !important;} 아덴, 9월 20일 (로이터) - 유럽연합(EU)은 이 단체의 최고 민간인 지도자를 살해하는 데 관여한 유죄 판결에 따라 예멘에서 이란과 제휴한 후티 운동에 의해 9명이 처형된것에 대해 국제적인 비난의 합창에 동참했다.  예멘 북부 대부분을 운영하는 후티 통제 행정부에서 대통령직을 맡고 있던 살레 알 사마드는 2018년 4월 예멘 서해안의 항구도시 호데이다에서 사우디 주도의 연합공습을 받아 사망했다.  후티 법원은 체포 당시 미성년자였던 1명을 포함해 9명이 사우디 주도의 연합군과 민감한 정보를 공유하고 스파이 행위를 한 혐의를 유죄로 판단했다. 그들은 토요일에 총살형에처해졌다.   사형의 사진과 동영상은 소셜 미디어에 널리 공유되어 왔는데, 이 동영상은 사나의 중앙 공공 광장에서 군 장교들이 9 명의 뒤를 향해 총을 쏘는 것을 보여주었다.  사형 집행을 규탄하는 성명에서 EU 대변인은 사법처리 과정에서의 비리와 학대 의혹에 대한 보고도 있었다고 말했다.  ""유럽연합은 항상 그리고 모든 상황에서 사형제도에 강력히 반대한다. 그것은 잔인하고 비인간적인 처벌이다""라고 말했다.  이에 앞서 안토니오 구테흐스 유엔 사무총장은 비슷한 내용의 성명을 내고 예멘의 사형제 사용 유예와 분쟁의 평화적인 해결을 촉구하기도 했다.  예멘 주재 미국 대사관은 후티스에 의한 ""수년간의 고문과 학대에 이은 위장 재판""이라고 비난했다. 영국은 사형 집행이 ""인간의 존엄성과 공정한 재판과 적법한 절차에 대한 노골적인 무시""를 입증했다고 말했다.   후티스의 외무부는 이러한 비판을 ""내정에 대한 간섭""이라고 일축하고 유엔과 서방이 ""연합의 범죄""를 묵인하고 있다고 비난했다.   사마드는 남부 항구도시 아덴에 근거지를 두고 국제적으로 인정받는 정부에 충성하고 있는 후티족들이 수년 간의 전쟁에서 연합군에 의해 살해된 가장 고위 관료였다.     (Reporting by Mohamed Ghobari 아지즈 엘 야아쿠비 작문 Gareth Jones 편집)  aziz.elyaakoubi@thomsonreuters.com ; +971552994086; Reuters Messaging: aziz.elyaakoubi.reuters.com@reuters.net     (c) Copyright Thomson Reuters 2020. Click For Restrictions - https://agency.reuters.com/en/copyright.html        Keywords: YEMEN-SECURITY/EXECUTION (PIX)   원문 바로가기    DISCLAIMER  레피니티브의 사전, 서면 승인 없는 톰슨로이터 콘텐츠의 재생산이나 재배포는 금지되어 있습니다. 이 기사의 한국어 번역은 에프앤가이드가 사용하는 기계적 번역에 의한 것으로 톰슨로이터와 레피니티브는 번역의 정확성을 보증하지 않습니다."
65,7,"2021-09-20","23:02:25","배타적 디디 공동 설립자인 류씨는 동료들에게 그녀가 정보원을 떠날 계획이라고 말했다.","EXCLUSIVE-Didi co-founder Liu told associates she plans to leave- sources .storyContent * {border-color:inherit !important;outline-color:inherit !important;} 홍콩/상하이, 9월 20일 (로이터) - 디디 글로벌 주식회사 DIDI.N 이 문제에 정통한 두 소식통은 올해 초 뉴욕상장에 이어 중국의 승차거부 대기업이 강력한규제 감시에 직면해 있기 때문에 공동 창업자 장 류 회장이 일부 측근들에게 사임할 의사가 있다고 말했다.  리우(43)씨는 최근 몇 주동안 일부 관계자들에게 정부가 결국 디디를 장악하고 새로운 경영진을 임명할 것으로 기대한다고 말했다고 두 소식통은 전했다.   전골드만삭스 그룹 주식회사 GS.N ""월스트리트 은행에서 디디에 합류하기 위해 그녀를 따라온 사람들을 포함하여 최근 몇 주 동안 그녀와가까운 몇몇 임원들에게 은행원은 그녀가 떠날 계획을 세우고 그들에게도 새로운 기회를 찾도록 격려했다""고 이 문제에 대해 보고를 받은 한소식통은 말했다.  이 소식통은 ""이들 중 일부는 이후 업계에 취업 리드를 문의해 왔다""고 말했다.  로이터통신은 류 위원장이 공식 사임서를 제출했는지, 떠날 날짜를 잡았는지 등 자세한 내용은 알 수 없었다.  디디는 ""사이버 보안 검토에 적극적이고 전적으로 협조하고 있다""고 말했다. 로이터 통신의 경영 변화에 대한 루머는 사실이 아니며 근거가 없다.""   류 대변인은 회사 대변인을 통해 전달된 로이터통신의 논평 요청에 응하지 않았다.   때때로 중국의 우버로 불리기도 하는 디디는 7월 초부터 중국 당국의 집중적인 조사를 받고 있다. 서비스, 가격 결정 메커니즘, 그리고 경쟁 관행의 사용자들의 개인 데이터 수집과 사용에 대해서 말이다.  관계자들은빅데이터를 통제하고 독점 관행을 타파하기 위해 기술 분야 기업 등 민간 기업에 대한 대대적인 단속에 나섰다.   디디의 44억 달러 데뷔와 같은 유명 인사들에 의해 채굴된 억만장자들은 시진핑 주석이 한국의 엄청난 소득 불평등을 경고하면서 인기가 떨어졌다.   디디는 지난달 30일 중국 사이버보안청(CAC)에서 데이터 보안에 대한 검토를 진행하면서 규제당국이 보류하라고 촉구했음에도 불구하고 강력한 사이버행정국(CAC)에 발목이 잡혔다고 이 사실을 아는 사람들은 전했다.  상장 직후 CAC는 디디에 대한 조사를 발표했고, 이후 중국 내 다운로드를 위한 앱을 삭제하라고 지시했다. 적어도 6개 부서의 관계자들도 연루되었다.   로이터통신은 규제 당국이 류 회장의 퇴진을 요구했는지, 디디 회장과 윌 쳉 최고경영자(CEO) 등 다른 임원들에게 어떤 일이 일어날지 알 수 없었다.   류의 계획에 정통한 소식통 중 한 명은 레노버 그룹 창업자 류촨지의 하버드 동문이자 딸인 류촨쯔가 현재의 규제 위기 이전 몇 년 동안 디디를 떠나 새로운것을 시도하는 것에 대해서도 이야기했다고 말했다.  CAC는 로이터통신의 논평 요청에 응하지 않았고 디디는 구체적인 질문에 답변하지않았다.   류는 2014년 디디에 입단했다. 이 회사의 전망에 따르면 그녀는 현재 약 6억 4천만 달러에 달하는 1.6%의 지분을 보유하고 있으며 이중 등급의 지분 구조 덕분에 23%의 득표율을 차지하고 있다.  그녀는 알리바바 그룹 홀딩스와의 합병 등 이 회사의 주요 기업 재무 결정에 깊이 관여해 왔다. 9988.HK- 2015년 쿠에이디 지원, 우버테크놀로지 인수 UBER.N 중국 기업 및 애플 등 투자자들의 자금조달 AAPL.O.   류는 디디의 인적 자원을 포함한 다른 기업 문제들을 감독하며 특히 위기 상황에서 외부 커뮤니케이션에서 회사를대표한다.      (Reporting by Julie Zhu in Hong Kong and Zhang Yan in Shanghai; Editing by Sumeet Chatterjee and Edward Tobin)  julie.zhu1@thomsonreuters.com ; +852 2843 6519; Reuters Messaging: julie.zhu1.thomsonreuters.com@reuters.net     (c) Copyright Thomson Reuters 2020. Click For Restrictions - https://agency.reuters.com/en/copyright.html        Keywords: CHINA-REGULATION/DIDI (EXCLUSIVE, PIX)   원문 바로가기    DISCLAIMER  레피니티브의 사전, 서면 승인 없는 톰슨로이터 콘텐츠의 재생산이나 재배포는 금지되어 있습니다. 이 기사의 한국어 번역은 에프앤가이드가 사용하는 기계적 번역에 의한 것으로 톰슨로이터와 레피니티브는 번역의 정확성을보증하지 않습니다."
66,1,"2021-09-20","22:53:07","""춤추는데 허락은 필요없죠"" 유쾌하게 유엔총회장 누빈 BTS","""춤추는데 허락은 필요없죠"" 유쾌하게 유엔총회장 누빈 BTS 총회장 연단·유엔본부 배경으로 '퍼미션 투 댄스' 퍼포먼스  연설에선 '팬데믹 속 청년세대' 목소리 전달…문대통령이 직접 소개        (서울=연합뉴스) 김효정 오보람 기자 = 유엔 총회에 청년세대 대표로 참석한 방탄소년단(BTS)이 각국 정상들이 연설하는 유엔 총회장을누비며 유쾌한 화합의 무대를 선사했다.      BTS는 20일(현지시간) 뉴욕 유엔 총회장에서 열린 지속가능발전목표 고위급 회의(SDG 모멘트) 행사에서 사전 녹화된 '퍼미션 투 댄스'(Permission to Dance) 퍼포먼스 영상을 공개했다.      BTS가 지난 7월 발표한 '퍼미션 투 댄스'는 '춤추는 데 허락은 필요 없다'는 메시지와 팬데믹 종식에 대한 희망을 표현한 곡이다. 이번퍼포먼스 영상은 실제 총회장을 비롯한 뉴욕 유엔본부에서 녹화가 이뤄져 의미를 더한다.      카메라가 유엔 엠블럼을 비춘 뒤 총회장 연단에서 수트를 입은 정국과 RM이 '퍼미션 투 댄스' 도입부를 부르며 등장했다. 이른바 '외교의 슈퍼볼'로 불리는 유엔 총회에서 매년 9월 각국 정상들이 발언하는 곳이다.      이어 RM과 주먹인사를 나누며 등장한 지민 등 멤버들이 한 명씩 합류해 유쾌하게 퍼포먼스를 펼쳤다. 이들은 각국 대표들이 앉는 회의장좌석을 경쾌하고 자유롭게 누볐다.      멤버들은 총회장 문을 열고 나와 로비를 거쳐 야외로 이동한 뒤 유엔본부 건물을 배경으로 군무를 선보였다.      탁 트인 잔디밭으로 나가자 청명한 하늘과 유엔본부 건물, 뉴욕의 마천루가 펼쳐졌고, 곳곳에 있던 다양한 인종의 사람들이 BTS와 어울려 마음껏 춤을 추기 시작했다.      BTS와 댄서들은 '퍼미션 투 댄스'의 메시지처럼 유엔본부를 배경으로 흥겹게 춤사위를 펼쳤다. 국제 수어를 활용해 '즐겁다', '춤추다', '평화'의 뜻을 표현해 사회적 울림을 줬던 '퍼미션 투 댄스' 후렴 퍼포먼스도 함께 했다.      문재인 대통령에게 '미래세대와 문화를 위한 대통령 특별사절'로 임명된 BTS는 이날 퍼포먼스 영상 공개에 앞서 총회장 연단에서 연설을하며 팬데믹 시대 청년들에게 ""가능성과 희망을 믿자""는 메시지를 건넸다.      문 대통령은 ""전 세계 청년들과 교감하고 있는 탁월한 청년들"", ""이 시대에 최고로 사랑받는 아티스트""라며 이들을 직접 소개하고 박수로 맞았다.      먼저 연설에 나선 안토니우 구테흐스 유엔 사무총장도 BTS의 참여에 대해 ""아주 훌륭한 도움을 줬다""(fantastic contribution)고 언급했다.      말쑥한 수트 차림으로 연단에 오른 BTS 멤버들은 한국어로 한 명씩 돌아가며 차분하게 준비한 메시지를 전했다.       앞서 두 번의 유엔 연설에서 BTS 자신들의 실제 경험을 풀어냈다면, 이번 연설에선 청년 세대의 대표로서 이들이 전해온 목소리를 전달하는 데 비교적 집중했다.      BTS는 총회 참석에 앞서 지난 13일부터 '#유스투데이'(#YouthToday·오늘날의 청년들)라는 해시태그로 젊은 세대의 팬데믹 경험을 듣는 SNS 캠페인을 벌였다.      이들은 ""유엔에서 여러분의 이야기가 시작된다""며 ""여러분의 세상을 이루고 있는 소중한 것들 또는 현재의 나를 자유롭게 표현해 달라""고 요청했고, 많은 팬들이 자신의 이야기를 공유하며 화답했다.      진과 지민 등 멤버들은 이렇게 모인 청년들의 경험담과 사진을 직접 소개하며 이야기를 풀어나갔다. BTS는 전 세계적으로 수많은 팬 '아미'를 보유하기 때문에 청년 당사자의 경험을 모으는 구심점 역할도 할 수 있었던 것으로 풀이된다.      멤버들이 백신 접종 사실을 연설에서 직접 공개한 것도 눈길을 끈다. 이는 팬들에게 백신 접종을 간접적으로 독려하는 효과도 있을 것으로 보인다.      제이홉은 ""저희가 유엔에 온다는 소식을 듣고 백신 접종을 했는지 궁금해하는 분들이 많았는데, 이 자리를 빌려 말씀드리면 저희 일곱 명 모두 백신을 맞았다""고 말했고, RM은 ""우리는 우리가 지금 할 수 있는 것들을 하는 중""이라고 덧붙였다.      이날 온라인으로 생중계된 SDG 모멘트 행사는 유엔 공식 유튜브 계정에서만 100만 명 가까운 인원이 실시간으로 지켜보는 등 뜨거운 호응을 얻었다.      트위터에서는 유엔 총회를 의미하는 'UNGA'와 '아워 프라이드 BTS'(우리의 자랑 BTS) 해시태그를 단 팬들의 게시물이 쏟아지기도 했다.    BTS가 유엔 총회에서 연설한 것은 이번이 세 번째다.       지난 2018년 9월에는 유엔본부 신탁통치이사회 회의장에서 열린 유니세프 청년 어젠다 '제너레이션 언리미티드'(Generation Unlimited)발표 행사에 참석, RM이 대표로 ""스스로를 사랑하고 목소리를 내자""는 연설을 했다.      지난해 9월에는 온라인으로 진행된 유엔 보건안보 우호국 그룹 고위급 회의에 특별 연사로 나서 팬데믹 상황에 놓인 미래 세대에게 응원을 건넸다.      kimhyoj@yna.co.kr  (끝)     <저작권자(c) 연합뉴스, 무단 전재-재배포 금지>"
66,2,"2021-09-20","22:52:47","층간소음, 민원 5년간 7%만 기준 충족…”기준 현실화해야”","층간소음 © News1 DB /사진=뉴스1    [파이낸셜뉴스]  최근 5년간 한국환경공단이 층간 소음 민원을 접수해 현장 측정에 나선 건수 중 환경부가 정한 기준을 초과한 것은 7.4%에 불과한 것으로 나타났다. 지난 2014년 제정된 층간소음 기준을 현실화해야 한다는 지적이 나온다. 20일 노웅래 더불어민주당 의원이 한국환경공단 층간소음 이웃사이센터로부터 제출받은 자료에 따르면, 최근 5년간 층간소음 문제로 총 14만6521건의 상담(전화상담+인터넷상담)이 이뤄졌다. 전화상담에 만족하지 못해 현장진단 서비스를 신청한 건수는 4만5308건이고, 이 역시 만족하지 못해 소음을 직접 측정한 건수는 1654건으로 집계됐다. 하지만 1654건 중 환경부가 정한 기준을 초과한 것은 122건(7.4%)에 불과했고, 나머지 1532건은 모두 기준 이내인 것으로 나타났다. 연도별 층간소음 기준을 초과했다고 인정된 사례는 △2017년 26건(6.4%) △2018년 2건(7.6%) △2019년 35건(7.6%) △2020년 18건(9.8%) △2021년 1~6월 11건(6.1%) 등이다. 층간소음을 구분하는 기준은 환경부와 국토부가 2014년공동으로 제정한 '공동주택 층간소음의 범위와 기준에 관한 규칙'에 따른 것이다. 층간소음 측정결과는 소음 관련 분쟁·조정을위한 자료로 활용되며, 피해 배상에도 활용된다. 환경부는 층간소음 기준을 초과한 비율이 매년 10%를 넘기지 않았는데도, 여태껏 별도 조치를 하지 않은 것으로 확인됐다. 노웅래 의원은 ""층간소음 측정결과는 층간소음 피해를 입증할 수 있는 객관적 기준""이라며 ""환경부는 국민 눈높이에 맞도록 층간소음 측정기준을 엄격하게 재설정해야 한다""고 강조했다.  onsunn@fnnews.com 오은선 기자  ▶1500% 가는 '제2의 HMM' 아직 5000원대 황금株, 급등 전 마지막 기회! [클릭] ▶“주식카톡방 완전무료 선언” 파격결정  [파이낸셜뉴스 주요뉴스]  → 남편과 사별한 여성, 자기 따라다니던 남자와 결혼했더니.. → ""팬티만 입으라는 지시 받았다"" 그의 소변에는... → 모델 한혜진 ""전 남친, 방송서 男 출연자와 눈 보며 대화했다고.."" → '태아 머리가 보인다' 전주 女 사우나서 일어난 일 → 월급 150만원 39세 여성의 어머니 ""내 딸 정도면.."" → 주식 말고 다른 재테크가 궁금해? [파인애플]  ● 하루만에 高수익 챙길 ‘초대형’ 백신 대장株! 비밀리에 입수! 1200% ↑↑ (CLICK)  ▶▶[무료공개]◀◀ 지금 ""1,000만원""만있어도 당장 ""이것""부터 사라!! >>> (무료 체험)   ※ 저작권자 ⓒ 파이낸셜뉴스. 무단 전재-재배포금지 "
66,3,"2021-09-20","22:52:07","훨훨 나는 유가 전망에도 원유ETF 자금은 반토막","국제 유가가 한 달 여 만에 70달러 선을 회복했지만, 원유를 추종하는 상장지수펀드(ETF) 들의 자금은 반토막 나고 있다. 업계에서는 유가가 하향할 것이라는 전망에 자금이 유출하고 있는 것으로 풀이했다.   21일 펀드평가사에 따르면 지난 20일 기준 원유를 추종하는 ETF 6종의 순자산총액이 한 달 새 449억원 줄어든 것으로 나타났다. 6개월 사이에는 2,284억원, 연초 이후에는 5,039억원 감소했다.   지난 20일(현지 시간) 10월물 미국 서부텍사스산원유(WTI) 가격은 배럴당 72.34달러를 기록, 북해산 브렌트유 11월물은 2.38달러 올라 배럴당 74.56달러로 체결됐다. 유가가 상승함에도 불구하고 원유ETF에서는 꾸준히 자금 유출이 이어지고 있다. 한 달 새 400억원 이상 자금 유출이 발생한 것이다. 현재 국내 상장된 원유 ETF 6개의 순자산은 총 3,200억원 수준이다.   수익률은 나쁘지 않았다. 한 달 새 5~8% 수준의 성과를 냈다. KBKBSTAR미국S&P원유생산기업증권ETF(주식-파생)(합성H)은 한 달 새 8.54%의 성과를 냈고, 삼성WTI원유특별자산1(WTI원유-파생)(A)와 미래에셋TIGER원유선물특별자산상장지수(원유-파생)는 각각 5.2%~5.1% 수준의성과를 거뒀다.   당분간 업계에서는 연말까지 유가 강세가 이어질 것으로 내다봤다. 뱅크오브아메리카(BoA)는 공급이 제한된 상황에서 겨울 한파가 예상보다 강할 경우 유가가 최대 배럴당 100달러까지 오를 것이라고 전망했다. BoA의 프란시스코 블랜치 상품 전략가는 “겨울에 한파가 발생할 경우 난방용 석유 사용이 급증할 수 있다”며 “최근 천연가스, 석탄 등 다른 에너지 가격이 계속 오르는 가운데 유가도 상승할 가능성이 높다”고 했다. 골드만삭스도 유가가 올 4분기 배럴당 80달러까지 오를 것으로 내다봤다. OPEC+ 산유국의 증산량이 기대에 못 미치고, 아이다로인해 미국의 원유 생산량이 부족하다는 이유에서다. 다만 골드만삭스는 유가가 올 4분기를 정점으로 내년부터는 하락할 것으로 전망했다.   업계 관계자는 “원유 가격이 상승할 것이라는 전망에도 불구하고 자금 유출이 이어지는 것은 유가가 하향할 수도 있다는 가능성 때문”이라며 “원유 ETF 대신 유가 안정화 수혜가 예상되는 XLE(에너지), XLB(기초소재) 등의 ETF를 추천한다”고 말했다.   ▶▶ 코로나19 백신 임상 3상 완료! 박셀바이오1000% 뛰어 넘는 역대급 바이오! [확인]  ▶▶ [무료공개] 지금 ""1,000만원""만 있어도 당장 ""이것"" 부터 사라!!>>> (무료체험)   ▶▶ [급등임박 공개] ◀◀ 2021년 상반기 ""정부정책 수해주"" TOP 10 긴급공개 >>> (바로확인)     [ⓒ 서울경제, 무단 전재 및 재배포 금지]"
66,4,"2021-09-20","22:51:59","최근 7년 산업재해 경제적손실 159조 추정","2018년 이후 산업재해자수 매년 10만명 이상 발생 이장섭 의원, “노동자 보다 쉽게 치료 보상을 받을 수 있어야”  [파이낸셜뉴스]    더불어민주당 이장섭 국회의원. 사진=뉴스1   최근 7년간 산업재해로 인한 경제적 손실이 159조원에 이르는 것으로 조사됐다.   20일 국회 산업통상자원중소벤처기업위원회 이장섭의원이 고용노동부로부터 받은 2015년 이후 산업재해 현황자료를 분석한 결과 이같이 나타났다.  이 의원실에 따르면 산업재해로 인한 경제적손실추정액은 2015년 20조원에서 2016년 21조, 2017년 22조, 2018년 25조, 2019년 29조, 2020년 30조원, 2021년(5월말) 13조원 으로 최근 7년간 꾸준한 증가세를 보이고 있는 것으로 나타났다.  산업재해로 인한 재해자수도 증가추세를 보이고 있다. 산업재해자수는 2017년 8만9848명에서 2018년 10만2305명, 2019년 10만9242명, 2020년 10만8379명으로 2018년 이후 매년 10만명 이상의 산업재해자가 발생하고 있다. 올해도 5월말 기준 벌써 4만7807명의 재해자가 발생했다.   산업재해로 인한 전체 사망자수는 2015년 1810명, 2016년 1777명, 2017년 1957명, 2018년 2142명, 2019년 2020명, 2020년 2062명으로 나타났다. 사망자의 구분별로는 질병사망자가 6715명, 사고사망자는 5983명으로 나타났다. 사망만인율은 2019년 1.08?p에서 2020년 1.09?로 증가추세를 보이고 있다.  사망만인율(?)은 근로자 1만명당 발생하는 사망자수의 비율을 말한다.  사고사망자를 산업별로 분석하면 최근 7년간 건설업이 2813명으로 절반 가까이를차지하고 있으며 제조업이 1393명, 서비스업 876명 등이 그 뒤를 잇고 있다.   중대산업사고도 매년 10건 이상으로 발생하고 있다. 중대사고는 2018년과 2019년에 12건에서 작년 15건으로 증가했다. 올해도 상반기 기준으로 벌써 8건의 중대산업사고가 발생했다. 최근 7년간 산재미보고도 6655건에 달했다.  이장섭 의원은“산업 발달의 선결조건은 안전인 만큼 노동자들이 보다 쉽게 치료와 보상을 받을수 있도록 제도를 개선해 가야 한다”면서“내년 초 시행될 중대재채처벌법 관련한 철저한 준비는 물론, 산업재해 미보고에 대한 강력 제재등 산업안전감독을 강화할 필요가 있다”고 말했다.  kjw@fnnews.com 강재웅 기자  ▶1500% 가는 '제2의 HMM' 아직 5000원대 황금株, 급등 전 마지막 기회! [클릭] ▶“주식카톡방 완전무료 선언” 파격결정  [파이낸셜뉴스 주요뉴스]  → 남편과 사별한 여성, 자기 따라다니던 남자와 결혼했더니.. → ""팬티만 입으라는 지시 받았다"" 그의 소변에는... → 모델 한혜진 ""전 남친, 방송서 男 출연자와 눈 보며 대화했다고.."" → '태아 머리가 보인다' 전주 女 사우나서 일어난 일 → 월급 150만원 39세 여성의 어머니 ""내딸 정도면.."" → 주식 말고 다른 재테크가 궁금해? [파인애플]  ●하루만에 高수익 챙길 ‘초대형’ 백신 대장株! 비밀리에 입수! 1200% ↑↑ (CLICK)  ▶▶[무료공개]◀◀ 지금 ""1,000만원""만 있어도 당장 ""이것""부터 사라!! >>> (무료 체험)   ※ 저작권자 ⓒ 파이낸셜뉴스. 무단 전재-재배포 금지 "
66,5,"2021-09-20","22:51:56","뉴욕증시, 중국發 우려·FOMC 경계에 하락 출발","(뉴욕=연합뉴스) 윤영숙 연합인포맥스 특파원 = 뉴욕증시는 중국 부동산 업체 헝  다(恒大·에버그란데) 그룹에 대한 우려로 위험회피 심리가 확산한 데다 연방준비제  도(연준·Fed)의 연방공개시장위원회(FOMC) 정례회의를 앞둔 경계감에  하락했다.      20일(미 동부시간) 오전 9시 40분 현재 뉴욕증권거래소(NYSE)에서 다우존스30산  업평균지수는 전장보다 467.87포인트(1.35%) 하락한 34,117.01을 기록했다.      스탠더드앤드푸어스(S&P)500지수는 전장보다 60.50포인트(1.36%) 밀린 4,372.49 를, 기술주 중심의 나스닥지수는 전장보다 247.74포인트(1.65%) 떨어진 14,796.23을  나타냈다.      앞서 아시아 시장에서 홍콩증시는 헝다 그룹이 오는 23일 도래하는 채권 이자를  내지 못할 수 있다는 우려에 3% 이상 하락 마감했다.      헝다 그룹의 부채는 전 세계 상장된 부동산 개발회사 중에서 가장 크며, 투자자  들 사이에서는 중국 정부가 헝다를 파산하게 둘 수 있다는 우려가  커지고  있다.      헝다가 파산하면 하청업체가 공사 대금 등을 회수하지 못하고, 은행들은 대출금  을 제대로 회수하지 못해 충격이 중국 경제 전반에 연쇄적으로 퍼질 가능성이 있다.       중국 증시가 중추절 연휴로 휴장한 가운데 홍콩증시의 여파가 그대로 글로벌 증  시에 영향을 미치는 모습이다.      유럽 증시가 2% 이상 크게 하락 중이며, 비트코인은 10% 이상 하락했고, 원유 가  격도 밀리고 있다.      중국 기업의 파산이 미국 증시에 미치는 영향은 제한되겠지만, FOMC 회의를 앞두  고 긴축 우려가 커지는 상황에서 글로벌 위험회피 심리가 확산하면 9월 조정설이 탄  력을 받을 수 있다.      특히 투자자들은 이번 주 22일 연준이 자산 매입 프로그램을 축소하는 테이퍼링  에 대해 어떤 신호를 줄지 주목하고 있다. 또한 연준 위원들의 금리 전망치를 담은  점도표에도 변화가 나타날 가능성이 있어 투자자들의 경계감이 커지고 있다.      S&P500지수의 변동성지수(VIX)는 5포인트 이상 오른 26.52를 기록하며 5월 이후  최고치를 경신했다.      미국 10년물 국채금리는 4bp 이상 밀리고 있다. 금리 하락은 가격은 오르고 있다  는 의미다.      업종별로 유틸리티를 제외한 10개 업종이 모두 하락 중이다. 에너지와 금융주가 2% 이상 하락하며 약세를 주도하고 있다.      뉴욕증시 전문가들은 시장에 위험 요인이 상당히 많은 상황이라고  지적했다.      아바트레이드의 나임 아슬람 수석 시장 애널리스트는 마켓워치에 ""주가 하락은  실적 예상치 둔화, 통화정책 변화 대한 불확실성, 세계에서 두 번째로 큰 중국 경제  에 대한 불안 등 다양한 요인들 때문에 나타나고 있다""라고 말했다.      유럽 증시는 하락했다.      독일 DAX지수는 2.56% 하락했고, 영국 FTSE100지수는 1.42% 떨어졌다. 범유럽 지  수인 STOXX600지수는 2.06% 밀리고 있다.      국제 유가도 동반 약세를 보였다.      10월물 서부텍사스산원유(WTI) 가격은 전장보다 1.61% 하락한 배럴당 70.81달러  에, 11월물 브렌트유 가격은 1.26% 떨어진 74.39달러에 거래됐다.      ysyoon@yna.co.kr  (끝)  <저작권자(C)연합인포맥스뉴스. 무단 전재-재배포 금지.>"
66,6,"2021-09-20","22:51:55","뉴욕증시, 중국發 우려·FOMC 경계에 하락 출발","뉴욕증시, 중국發 우려·FOMC 경계에 하락 출발       (뉴욕=연합뉴스) 윤영숙 연합인포맥스 특파원 = 뉴욕증시는 중국 부동산 업체 헝다(恒大·에버그란데) 그룹에 대한 우려로 위험회피 심리가 확산한 데다 연방준비제도(연준·Fed)의 연방공개시장위원회(FOMC) 정례회의를 앞둔 경계감에 하락했다.      20일(미 동부시간) 오전 9시 40분 현재 뉴욕증권거래소(NYSE)에서 다우존스30산업평균지수는 전장보다 467.87포인트(1.35%) 하락한 34,117.01을 기록했다.      스탠더드앤드푸어스(S&P)500지수는 전장보다 60.50포인트(1.36%) 밀린 4,372.49를, 기술주 중심의 나스닥지수는 전장보다 247.74포인트(1.65%) 떨어진 14,796.23을 나타냈다.      앞서 아시아 시장에서 홍콩증시는 헝다 그룹이 오는 23일 도래하는 채권 이자를 내지 못할 수 있다는 우려에 3% 이상 하락 마감했다.      헝다 그룹의 부채는 전 세계 상장된 부동산 개발회사 중에서 가장 크며, 투자자들 사이에서는 중국 정부가 헝다를 파산하게 둘 수 있다는 우려가 커지고 있다.      헝다가 파산하면 하청업체가 공사 대금 등을 회수하지 못하고, 은행들은 대출금을 제대로 회수하지 못해 충격이 중국 경제 전반에 연쇄적으로 퍼질 가능성이 있다.      중국 증시가 중추절 연휴로 휴장한 가운데 홍콩증시의 여파가 그대로 글로벌 증시에 영향을 미치는 모습이다.       유럽 증시가 2% 이상 크게 하락 중이며, 비트코인은 10% 이상 하락했고, 원유 가격도 밀리고 있다.      중국 기업의 파산이 미국 증시에 미치는 영향은 제한되겠지만, FOMC 회의를 앞두고 긴축 우려가 커지는 상황에서 글로벌 위험회피 심리가 확산하면 9월 조정설이 탄력을 받을 수 있다.      특히 투자자들은 이번 주 22일 연준이 자산 매입 프로그램을 축소하는 테이퍼링에 대해 어떤 신호를 줄지 주목하고 있다. 또한 연준 위원들의 금리 전망치를 담은 점도표에도 변화가 나타날 가능성이 있어 투자자들의 경계감이 커지고 있다.      S&P500지수의 변동성지수(VIX)는 5포인트 이상 오른 26.52를 기록하며 5월 이후 최고치를 경신했다.      미국 10년물 국채금리는 4bp 이상 밀리고 있다. 금리 하락은 가격은 오르고 있다는 의미다.      업종별로 유틸리티를 제외한 10개 업종이 모두 하락 중이다. 에너지와 금융주가 2% 이상 하락하며 약세를 주도하고 있다.      뉴욕증시 전문가들은 시장에 위험 요인이 상당히 많은 상황이라고 지적했다.      아바트레이드의 나임 아슬람 수석 시장 애널리스트는 마켓워치에 ""주가 하락은 실적 예상치 둔화, 통화정책 변화 대한 불확실성, 세계에서 두 번째로 큰 중국 경제에 대한 불안 등 다양한 요인들 때문에 나타나고 있다""라고 말했다.      유럽 증시는 하락했다.      독일 DAX지수는 2.56% 하락했고, 영국 FTSE100지수는 1.42% 떨어졌다. 범유럽 지수인 STOXX600지수는 2.06% 밀리고 있다.      국제 유가도 동반 약세를 보였다.       10월물 서부텍사스산원유(WTI) 가격은 전장보다 1.61% 하락한 배럴당 70.81달러에, 11월물 브렌트유 가격은 1.26% 떨어진 74.39달러에 거래됐다.      ysyoon@yna.co.kr  (끝)     <저작권자(c) 연합뉴스, 무단 전재-재배포 금지>"
66,7,"2021-09-20","22:51:55","뉴욕증시, 중국發 우려·FOMC 경계에 하락 출발","뉴욕증시, 중국發 우려·FOMC 경계에 하락 출발       (뉴욕=연합뉴스) 윤영숙 연합인포맥스 특파원 = 뉴욕증시는 중국 부동산 업체 헝다(恒大·에버그란데) 그룹에 대한 우려로 위험회피 심리가 확산한 데다 연방준비제도(연준·Fed)의 연방공개시장위원회(FOMC) 정례회의를 앞둔 경계감에 하락했다.      20일(미 동부시간) 오전 9시 40분 현재 뉴욕증권거래소(NYSE)에서 다우존스30산업평균지수는 전장보다 467.87포인트(1.35%) 하락한 34,117.01을 기록했다.      스탠더드앤드푸어스(S&P)500지수는 전장보다 60.50포인트(1.36%) 밀린 4,372.49를, 기술주 중심의 나스닥지수는 전장보다 247.74포인트(1.65%) 떨어진 14,796.23을 나타냈다.      앞서 아시아 시장에서 홍콩증시는 헝다 그룹이 오는 23일 도래하는 채권 이자를 내지 못할 수 있다는 우려에 3% 이상 하락 마감했다.      헝다 그룹의 부채는 전 세계 상장된 부동산 개발회사 중에서 가장 크며, 투자자들 사이에서는 중국 정부가 헝다를 파산하게 둘 수 있다는 우려가 커지고 있다.      헝다가 파산하면 하청업체가 공사 대금 등을 회수하지 못하고, 은행들은 대출금을 제대로 회수하지 못해 충격이 중국 경제 전반에 연쇄적으로 퍼질 가능성이 있다.      중국 증시가 중추절 연휴로 휴장한 가운데 홍콩증시의 여파가 그대로 글로벌 증시에 영향을 미치는 모습이다.      유럽 증시가 2% 이상 크게 하락 중이며, 비트코인은 10% 이상 하락했고, 원유 가격도 밀리고 있다.      중국 기업의 파산이 미국 증시에 미치는 영향은 제한되겠지만, FOMC 회의를 앞두고 긴축 우려가 커지는 상황에서 글로벌 위험회피 심리가 확산하면 9월 조정설이 탄력을 받을 수 있다.      특히 투자자들은 이번 주 22일 연준이 자산 매입 프로그램을 축소하는 테이퍼링에 대해 어떤 신호를 줄지 주목하고 있다. 또한 연준 위원들의 금리 전망치를 담은 점도표에도 변화가 나타날 가능성이 있어 투자자들의 경계감이 커지고 있다.      S&P500지수의 변동성지수(VIX)는 5포인트 이상 오른 26.52를 기록하며 5월 이후 최고치를 경신했다.      미국 10년물 국채금리는 4bp 이상 밀리고 있다. 금리 하락은 가격은 오르고 있다는 의미다.      업종별로 유틸리티를 제외한 10개 업종이 모두 하락 중이다. 에너지와 금융주가 2% 이상 하락하며 약세를 주도하고 있다.      뉴욕증시 전문가들은 시장에 위험 요인이 상당히 많은 상황이라고 지적했다.      아바트레이드의 나임 아슬람 수석 시장 애널리스트는 마켓워치에 ""주가 하락은 실적 예상치 둔화, 통화정책 변화 대한 불확실성, 세계에서 두 번째로 큰 중국 경제에 대한 불안 등 다양한 요인들 때문에 나타나고 있다""라고 말했다.      유럽 증시는 하락했다.      독일 DAX지수는 2.56% 하락했고, 영국 FTSE100지수는 1.42% 떨어졌다. 범유럽 지수인 STOXX600지수는 2.06% 밀리고 있다.      국제 유가도 동반 약세를 보였다.      10월물 서부텍사스산원유(WTI) 가격은 전장보다 1.61% 하락한 배럴당 70.81달러에, 11월물 브렌트유 가격은 1.26% 떨어진 74.39달러에 거래됐다.      ysyoon@yna.co.kr  (끝)"
67,1,"2021-09-20","22:44:03","UPDATE 1-트위터는 2016년 8억 달러에 대한 집단소송 해결을 모색한다.","UPDATE 1-Twitter seeks to settle 2016 class action lawsuit for $800 mln .storyContent * {border-color:inherit !important;outline-color:inherit !important;}  9월 20일(로이터) - Twitter Inc. TWTR.N 월요일 2016년부터 주주 집단소송을 해결하기 위해 8억 9,950만 달러를 지불할 것이라고 밝혔다.  ""피고인과 트위터는 위법행위나 기타 부적절한 행위를 계속 부인하고 있다""고 회사측은 규제자료를 통해 밝혔다.  마이크로블로그 사이트는 결제금액을 현금으로 지불할 수 있을 것으로 예상한다며 이 금액은 올해 4분기에 지급될 것이라고 덧붙였다.  트위터는 또 3분기 중 이 합의안에 대한 요금을 기록할 것으로 예상한다고 밝혔다.  트위터는 소송에 대한 더 자세한 내용에 대해 즉각 언급할 수 없었다.  이 사건은 2016년 캘리포니아 북부지방법원에서 시작됐다.     (Reporting by Nivedita Balu in Bengaluru; Editing by Saumyadeb Chakrabarty)  Nivedita.Balu@thomsonreuters.com ; Twitter: https://twitter.com/niveditabalu; ))     (c) Copyright Thomson Reuters 2020. Click For Restrictions - https://agency.reuters.com/en/copyright.html        Keywords: TWITTER-LAWSUIT/ (UPDATE 1)   원문 바로가기    DISCLAIMER  레피니티브의 사전, 서면 승인 없는 톰슨로이터 콘텐츠의 재생산이나 재배포는 금지되어 있습니다. 이 기사의 한국어 번역은 에프앤가이드가 사용하는 기계적 번역에 의한 것으로 톰슨로이터와 레피니티브는 번역의 정확성을 보증하지 않습니다."
67,2,"2021-09-20","22:43:09","카자흐 알마티서 강제퇴거 집행관-거주자 총격전…""5명 사망""","카자흐 알마티서 강제퇴거 집행관-거주자 총격전…""5명 사망""       (모스크바=연합뉴스) 유철종 특파원 = 중앙아시아 카자흐스탄 제2도시 알마티에서 20일(현지시간) 강제 퇴거 명령을 집행하던 법원 집행관과 주택 거주자 간에 총격전이 벌어져 최소 5명이 숨졌다고 현지 경찰이 밝혔다.      현지 언론을 인용한 인테르팍스 통신 보도에 따르면 이날 총격 사건은 개인 주택에서 거주자를 강제로 몰아내는 과정에서 발생했다.      알마티 경찰은 ""오후 5시께 알마티 알라타우의 아크불락 구역에서 개인 주택 거주자에 대한 법원의 강제 퇴거 명령을 집행하는 과정에 54세 남성 거주자가 반발하면서 법원 집행관과 지역 경찰관 등에게 총격을 가했다""고 전했다.      경찰은 법원 집행관과 경찰관 2명 등을 포함해 5명이 현장에서 사망했으며, 범인은 무장 해제돼 체포됐다고 소개했다.      총격전에 따른 부상자도 있는 것으로 알려졌으나 정확한 숫자는 알려지지 않았다.       cjyou@yna.co.kr  (끝)      <저작권자(c) 연합뉴스, 무단 전재-재배포 금지>"
67,3,"2021-09-20","22:41:30","BRIF-Biomed Lublin, 선별된 주주들로부터 빌린 주식 매각으로 1,340만 명의 Zlotys를 부양하다","BRIEF-Biomed Lublin Raises 13.4 Mln Zlotys From Sale Of Shares Loaned From Selected Shareholders .storyContent * {border-color:inherit !important;outline-color:inherit !important;} 9월 20일(로이터) - 바이오메이드 루블린 와이트워니아 수로윅 i Szczepionek SA BML.WA:  선별된 주주들로부터 대출받은주식의 매각으로 1,340만 명의 zlotys가 증가한다고 말한다.   onko bcg 프로젝트에 사용될 수익금을 말한다.   ipopema 또는 ipopema에 의해 명명된 엔터티에 제공될 1,265,190개의 주식을 발행할 것이라고 한다.   신규 주식 발행 후 등록주식은 주식을 빌려준 주주들에게 반환될 것이라고 말한다.      Further company coverage: BML.WA  (Gdansk Newsroom)  gdansk.newsroom@thomsonreuters.com ; +48 58 769 66 00; ))        (c) Copyright Thomson Reuters 2020. Click For Restrictions - https://agency.reuters.com/en/copyright.html   원문 바로가기    DISCLAIMER  레피니티브의 사전, 서면 승인 없는 톰슨로이터 콘텐츠의 재생산이나 재배포는 금지되어 있습니다. 이 기사의 한국어 번역은 에프앤가이드가 사용하는 기계적 번역에 의한 것으로 톰슨로이터와 레피니티브는 번역의 정확성을 보증하지 않습니다."
67,4,"2021-09-20","22:41:19","BRIFT-러시아의 UTAR는 10월 말까지 로시야 은행과 신디케이트 대출 상환 조건에 합의할 것으로 예상하고 있다.","BRIEF-Russia's UTair Expects To Agree Terms To Repay Syndicated Loans With Rossiya Bank By End-Oct .storyContent * {border-color:inherit !important;outline-color:inherit !important;} 9월 20일(로이터) - UTAR UTAR.MM:  로시야 은행과의 이전 신디케이트 대출을 10월 말까지 상환할 수 있는 조건을 정산할 것이라고 한다.      Further company coverage: UTAR.MM  (Gdansk Newsroom)  Gdansk.newsroom@thomsonreuters.com ; +48 58 778 51 10; ))        (c) Copyright Thomson Reuters 2020. Click For Restrictions - https://agency.reuters.com/en/copyright.html   원문 바로가기    DISCLAIMER  레피니티브의 사전, 서면 승인 없는 톰슨로이터 콘텐츠의 재생산이나 재배포는 금지되어 있습니다. 이 기사의 한국어 번역은 에프앤가이드가 사용하는 기계적 번역에 의한 것으로 톰슨로이터와 레피니티브는번역의 정확성을 보증하지 않습니다."
67,5,"2021-09-20","22:40:49","[속보]뉴욕증시 하락출발...다우 1.39%↓","[머니투데이 뉴욕=임동욱 특파원] 뉴욕증시가 하락 출발했다.   20일(현지시간) 오전 9시39분 현재 다우지수와 S&P500지수는 각각 1.39%, 1.37% 하락하고 있다.   나스닥지수는 1.64% 하락 중이다.      [관련기사] ☞ ""삼촌네 왜 안와요? 엄마만 일하잖아요!"" 시조카가 따지네요 ☞ 타코에 커터칼 세조각 '끔찍'…""배달음식 먹다 입천장 베었다"" ☞ 곽민선 아나, 수원삼성 선수와 열애설…"" 경기 지는데 네 생각"" ☞ ""점점야위어가네""…고현정, 다이어트 성공 후 4개월 변천사 ☞ PC방 여직원 기절시켜 돈훔치고 몹쓸짓까지한 50대   뉴욕=임동욱 특파원 dwlim@mt.co.kr     ▶월 0.3%대 최저금리 적용, 키워드림론 간편 신청으로 수익 극대화하자 (신청하기)   빅 사이클 도래! 실적 발표 기대감! 단타, 중,장기를 모두 잡는 엄청난 종목의 등장! [클릭]   ▶급등임박 종목, 일단 뭔지 확인해보고 시작하자◀     [파워 인터뷰]       30배 박셀바이오, 20배 신풍제약, 그리고 '이바이오 종목'   ▶시세 분출 직전 ! 실적 상승 + 재료임박 + 외인대량매집중인 '이 종목' 긴급공개 ◀   기관 외인 바닥권 대량 매집흔적 발견! 급등 임박 大시세 종목 공개!!       <저작권자 ⓒ '돈이 보이는 리얼타임 뉴스' 머니투데이, 무단전재 및 재배포 금지>"
67,6,"2021-09-20","22:40:43","한국, 글로벌 혁신 지수 '세계 5위'","이재용 삼성전자 부회장이 삼성전자 시안 반도체 사업장을 찾아 생산 라인을 살펴보고 있다. /사진=뉴시스   [파이낸셜뉴스]한국이 세계지식재산기구(WIPO)의 글로벌 혁신 지수(Global Innovation Index) 평가에서 세계 5위를 차지했다. 20일 산업통상자원부에 따르면 WIPO는 이날 이런 내용을 담은 2021년 글로벌 혁신 지수 평가 결과를 내놨다. 이 지수는 WIPO가 프랑스 인시아드(INSEAD)·미국 코넬대학교 등과 함께 각국의 혁신 역량을 측정해 순위를 매기는 평가 지표다. 132개국을 평가한 올해는 스위스·스웨덴·미국·영국이 1~4위를 차지했다. 아시아 국가 중에서는 한국의 순위가 가장 높다. 싱가포르가 8위, 중국이 12위, 일본이 13위에 올랐다. 지난 2012년 21위에 그쳤던 한국은 2015년 14위까지 뛰어오른 뒤 2018년에는 12위, 2019년에는 11위, 지난해에는 10위를 기록했다가 올해 순위가 껑충 뛰어올랐다. 평가 결과가 상위 20개국 중 전년 대비 가장 큰 폭으로 개선됐다. 산업부는 ""어려운 대내·외 여건 속에서도 미래에 대한 투자를 계속한 것이무형 자산의 창출·확산으로 활발하게 이어진 결과""라고 자평했다.  beruf@fnnews.com 이진혁 기자  ▶1500% 가는 '제2의 HMM' 아직 5000원대 황금株, 급등 전 마지막 기회! [클릭] ▶“주식카톡방 완전무료 선언” 파격결정  [파이낸셜뉴스 주요뉴스]  → 남편과 사별한 여성, 자기 따라다니던 남자와 결혼했더니.. → ""팬티만 입으라는 지시 받았다"" 그의 소변에는... → 모델 한혜진 ""전 남친, 방송서 男 출연자와 눈 보며 대화했다고.."" → '태아 머리가 보인다' 전주 女 사우나서 일어난 일 → 월급 150만원 39세 여성의 어머니 ""내 딸 정도면.."" → 주식 말고 다른 재테크가 궁금해? [파인애플]  ● 하루만에 高수익 챙길 ‘초대형’ 백신 대장株! 비밀리에 입수! 1200% ↑↑ (CLICK)  ▶▶[무료공개]◀◀ 지금 ""1,000만원""만 있어도 당장 ""이것""부터 사라!! >>> (무료 체험)   ※ 저작권자 ⓒ 파이낸셜뉴스. 무단 전재-재배포 금지 "
67,7,"2021-09-20","22:40:06","CME 린 호그 지수 가격","CME lean hog index price  CME 희박 호그 지수:       for the 2 days ending            09/16/2021          94.26       for the 2 days ending            09/15/2021          94.45                 관련 뉴스 및 가격을 보려면 대괄호 안의 코드를 클릭하십시오. US HOG CARCASS 값 스냅샷        각주:     선물 & 옵션 거래: CME그룹은 세계에서 가장 앞서고 다양한 파생상품 시장으로서 리스크를관리하게 되는 곳이다. CME 그룹 거래소는 금리, 지분 지수, 외환, 에너지, 농산물, 금속, 날씨, 부동산에 기반한 선물과 옵션을 포함한 모든 주요 자산 등급에 걸쳐 가장 광범위한 글로벌 벤치마크 상품을 제공한다. CME 그룹은 뉴욕과 시카고의 CME Globex 전자 거래 플랫폼과 거래시설을 통해 구매자와 판매자를 하나로 모은다. CME그룹은 또 세계 최대 중앙 거래처 청산 서비스 중 하나인 CME 클리어(Clearing)를 운영하고 있는데, CME 클리어포트를 통한 장외파생상품 거래뿐만 아니라 거래소 거래에 대해서도 청산 및 결제 서비스를 제공하고 있다.     아이디어 교환: Idea Exchange는 cmegroup.com을 만드는 제품 관리자, 마케터 및 개발 팀과의 직접 연결로기능 검토, 포커스 참여 및 향후 웹 이니셔티브에 대한 피드백 제공(/회사/증권거래소.cdv)     연락처: CME 그룹/시카고 HQ:로컬: +1 312 930 1000(전화:0013129301000)무료 요금: +1 866 716 7274(전화:0018667167274)글로벌 고객 연락처(/tools-정보/콘택트 목록.html#global)부서별 추가 CME 그룹 직통 전화 목록(/tools-정보/컨택트-list.html)     CME 그룹은 세계에서 가장 앞서고 가장 다양한 파생상품 시장이다. 이 회사는 4개의 지정 계약 시장(DCM)으로 구성되어 있다. 각 거래소의 규칙 및 제품 목록에 대한 자세한 내용은 CME(/company/cme.html), CBOT(/company/cbot.html), NYMEX(/company/nymex.html) 및 COMEX(/company/company/comx.html) 링크를 클릭하여 확인할 수 있다.   원문 바로가기    DISCLAIMER  레피니티브의 사전, 서면 승인 없는 톰슨로이터 콘텐츠의 재생산이나 재배포는 금지되어 있습니다. 이 기사의 한국어 번역은 에프앤가이드가 사용하는 기계적 번역에 의한 것으로 톰슨로이터와 레피니티브는 번역의 정확성을 보증하지 않습니다."
68,1,"2021-09-20","22:30:25","신세계푸드, 노브랜드+대체육으로 실적 개선세 지속-하나금투","[파이낸셜뉴스]하나금융투자는 20일 신세계푸드에 대해 올해 3·4분기에도 상반기에 이어 신사업 순항 등으로 실적 개선세가 이어질 것이라며 투자의견 '매수', 목표주가 14만원을 제시했다.  신세계푸드의 3·4분기 연결 기준 매출액과 영업이익은 각각 3429억원, 70억원으로 추정된다. 이는 전년 동기 대비 각각 6.8%, 55.9% 증가한 수치다. 심은주 하나금융투자 연구원은 ""3·4분기는 2·4분기 대비 영업일수가 적어 영업이익이 전분기 대비 소폭 감소할 것""이라면서도 ""다만 실적 개선세가 지속되면서 전년 동기 대비로는 큰 폭으로 개선될 것""이라고 말했다. 매출 성장은 제조 및 베이커리 부문이 견인하는 가운데 급식 및 외식 부문의 수익성 개선이 진행 중이다. 급식 매출은 저수익처를 구조조정하는 반면 대형 고객사를 수주하면서 수익성이 빠르게 개선 중이다. 외식 적자도 전년 동기 대비 대폭 개선될 것으로 기대된다. 심 연구원은 ""노브랜드 버거 가맹점이 8월 기준 100개 근접한 것으로 파악되며 노브랜드 버거 가맹으로 제조 매출도 동반 성장 중""이라며 ""스타벅스향 매출도 여전히 견조해 3·4분기도 전년 동기 대비두 자리수 매출 성장이 예상된다""고 분석했다. 신사업도 순항 중이다. 노브랜드 버거 가맹점 수는 연말 100개를 돌파할 것으로 전망된다. 심 연구원은 ""내년은 로열티 수취와 제조공장 가동률 상승(패티, 햄버거빵, 양상추 등 공급)에 따른 이익 레버리지가 본격화될 것""이라며 ""노브랜드 버거 가맹 사업의 이익 기여도는 올해 10%에서 내년 26%까지 상승할 것으로 추산된다""고 설명했다. 대체육 사업도 순항 중이다. 7월 스타벅스에 대체육 샌드위치를 출시했다. 향후 햄 및 소세지 등 포트폴리오 확대를 통해 B2C(기업·소비자간 거래) 채널로의 판매 영역을 넓혀나갈 것으로 기대된다. 심 연구원은 ""최저임금 인상 및 코로나19로 부진했던 기존사업부(급식·외식)는 자체 구조조정을 통해 유의미한 수익성 회복을 보여주고 있다""면서 ""노브랜드 버거 가맹이 확대되면서 내년 이익 체력이 더욱 강해질 것으로 기대되는 등 신사업도 순항 중으로 구조적 체력 증진을 긍정적으로 평가한다""고 말했다.  kmk@fnnews.com 김민기 기자  ▶1500% 가는 '제2의 HMM' 아직 5000원대 황금株, 급등 전 마지막 기회! [클릭] ▶“주식카톡방 완전무료 선언” 파격결정  [파이낸셜뉴스 주요뉴스]  → 남편과 사별한 여성, 자기 따라다니던 남자와 결혼했더니.. → ""팬티만 입으라는 지시 받았다"" 그의 소변에는... → 모델 한혜진 ""전 남친, 방송서 男 출연자와 눈 보며 대화했다고.."" →'태아 머리가 보인다' 전주 女 사우나서 일어난 일 → 월급 150만원 39세 여성의 어머니 ""내 딸 정도면.."" → 주식으로 속이 답답할 때 [파인애플]  ● 하루만에 高수익 챙길 ‘초대형’ 백신 대장株! 비밀리에 입수! 1200% ↑↑ (CLICK)  ▶▶[무료공개]◀◀ 지금 ""1,000만원""만 있어도 당장 ""이것""부터 사라!! >>> (무료 체험)   ※ 저작권자 ⓒ 파이낸셜뉴스.무단 전재-재배포 금지 "
68,2,"2021-09-20","22:30:03","BRIF-토론토 증권거래소 비공식 휴장","BRIEF-Toronto Stock Exchange unofficially closes down  토론토, 9월 20일 (로이터) - 토론토 증권거래소 S&P/TSX 종합지수 .GSPTSE:    204.75포인트, 즉 1.00%포인트 하락한 20,285.61포인트.토론토, 9월 20일 (로이터) - 토론토 증권거래소 S&P/TSX 종합지수 .GSPTSE: 비공식적으로 343.34포인트(1.68%) 내린 20,147.02로 마감했다.   원문 바로가기    DISCLAIMER  레피니티브의 사전,서면 승인 없는 톰슨로이터 콘텐츠의 재생산이나 재배포는 금지되어 있습니다. 이 기사의 한국어 번역은 에프앤가이드가 사용하는 기계적 번역에 의한 것으로 톰슨로이터와 레피니티브는 번역의 정확성을 보증하지 않습니다."
68,3,"2021-09-20","22:29:51","BUZ-EUR/GBP 클라우드 부리 중요, 상승 제어","BUZZ-EUR/GBP Cloud beak significant; bulls in control .storyContent * {border-color:inherit !important;outline-color:inherit !important;} 구름은 우리의 운명을 봉인하고 우리의 0.8575 스톱은 걸려 넘어진다.   클라우드 상위 0.8560, 현재 지원: 클라우드 중요도보다 높음   Thurs 해머 신호와 Confirmation Frid가 정확함을 증명함   최근 0.8614-0.8501에서 마지막 피보는 0.8587로 떨어졌다.   우리는 강세가 기대지만더 강한 신호를 기다리는 것을 선호한다.     자세한 내용을 보려면 을 클릭하십시오. FXBUZ                                                 (Peter Stoneham is a Reuters market analyst. The views expressed are his own.)  peter.stoneham@thomsonreuters.com        (c) Copyright Thomson Reuters 2020. Click For Restrictions - https://agency.reuters.com/en/copyright.html   원문 바로가기    DISCLAIMER  레피니티브의 사전, 서면 승인 없는 톰슨로이터 콘텐츠의 재생산이나 재배포는 금지되어 있습니다. 이 기사의 한국어 번역은 에프앤가이드가 사용하는 기계적 번역에 의한 것으로 톰슨로이터와 레피니티브는 번역의 정확성을 보증하지 않습니다."
68,4,"2021-09-20","22:29:47","매트리스 펌, 비공개로 IPO 신청","[다우존스/이데일리] 매트리스 판매 업체 매트리스 펌 그룹(Mattress Firm Group Inc.)이 비공개로 주식 신규 상장(IPO)을 신청, 기업 공개를 위한 첫 발걸음을 옮겼다고 월요일 발표했다.  매트리스 펌은 잠재적 IPO를 고려하면서 증권거래위원회(SEC)에 비공개로 S-1 등록신청서를 접수했다고 밝혔다.  매트리스 펌은 얼마나 많은 주식을 매각할 것인지, 또는 IPO를 통해 자금을 얼마나 조성할 것인지에 대해서는 공개하지 않았다.  회사측은 ""주식 공모는 SEC의 검토 과정이 끝난 뒤 시장 및 기타 상황에 따라 이뤄질 것""이라고 밝혔다.   ＜ⓒ종합 경제정보 미디어 이데일리 - 무단전재 & 재배포 금지＞"
68,5,"2021-09-20","22:29:44","BRIF-Pan 아프리카 자료에서 COO가 범죄 사건으로 중상을 입었다고 진술하다","BRIEF-Pan African Resources Says COO Seriously Injured In Criminal Incident .storyContent * {border-color:inherit !important;outline-color:inherit !important;} 9월 20일(로이터) - 범아프리카 자원 PLC PAFR.L:  범아프리카 자원 plc - 범아프리카 자원 최고운영책임자(COO)가 범죄사건으로 중상을 입었다.   범아프리카 자원 plc - 모든 운영에 필요한 계획을 수립하여 비즈니스 연속성을 보장함    Further company coverage: PAFR.L  Reuters.Briefs@thomsonreuters.com        (c) Copyright Thomson Reuters 2020. Click For Restrictions - https://agency.reuters.com/en/copyright.html   원문 바로가기    DISCLAIMER  레피니티브의 사전, 서면 승인 없는 톰슨로이터 콘텐츠의재생산이나 재배포는 금지되어 있습니다. 이 기사의 한국어 번역은 에프앤가이드가 사용하는 기계적 번역에 의한 것으로 톰슨로이터와 레피니티브는 번역의 정확성을 보증하지 않습니다."
68,6,"2021-09-20","22:29:31","오후 9시까지 코로나 확진자 1531명...전주 대비 112명↑","[세종=뉴스핌] 신성룡 기자 = 추석 전날인 20일 하루 전국 코로나19 신규 확진자가 1531명에 달한 것으로 나타났다.   20 일 방역당국과 서울시 등 전국 지방자치단체에 따르면 이날 0시부터 오후 9시까지 전국에서 코로나19 진단 검사 결과 양성 판정을 받은 신규확진자는 1531명이다.    강원 인제군 북면 한 아파트에 설치한 선별진료소에서 주민이 검사를 받고 있다.[사진=인제군]2020.11.16 grsoon815@newspim.com  이는 전일 대비 3명이 적은 규모다. 다만 지난주 월요일(13일)과 비교할 때 112명이 더 늘어난 수준이다.  지역별로 보면 서울 653명이고 경기 359명, 인천 133명으로 수도권에서 1145명(74.8%) 발생했다. 비수도권에서는 부산·충남 각 45 명, 대전 44명, 대구 40명, 광주 40명, 강원 39명, 경북 27명, 충북 27명, 경남 25명, 전북 24명, 울산 16명, 전남 7명, 제주 7명으로 386명(25.2%)이다.   집계를 마감하는 0시까지 신규 확진자는 1600명대에 달할 것으로 예상된다. 검사 건수가 상대적으로 감소하는'연휴 효과'에도 지난 6일의 1597명인 월요일 최대치를 넘을 가능성도 있다.  dragon@newspim.com 코로나19 신규 확진 1605명…일요일 기준 최다 '먹는 코로나 치료제' 기대감...국내 1호 개발사, 누가될까 코로나 전 2019년 비해 2021년 보건소 초과근무 105% 늘었다 두번째 '코로나 추석' 대구·경북, 저녁에 비그쳐 보름달 볼 수 있을 듯 인천 거세진 코로나19 확산세...183명 신규 확진 하루 역대 최다    ▶▶[무료 공개]◀◀ 지금 ""1,000만원""만 있어도 당장 ""이것""부터 사라!! >>> (무료 체험) ▶[급등임박 공개]◀ 2021년 상반기 “정부정책 수해주” TOP 10 긴급공개 >>> (바로확인) ▶역대급! 1,000% 셀트리온 뛰어넘을 외국인+기관 순매수 TOP3 (CLICK) ▶<세계최초>신약재료+美승인!! 1500%↑터질 역대급 바이오株 [종목확인하기]       저작권자(c) 글로벌리더의 지름길 종합뉴스통신사 뉴스핌(Newspim), 무단 전재-재배포 금지"
68,7,"2021-09-20","22:29:28","BRIF-Merit Medical Systems Inc., RAPSODY Cell-Infermefectures에 대한 인간 최초 연구에서 긍정적인 결과를 발표하다","BRIEF-Merit Medical Systems Inc Announces Positive Results In First-In-Human Study Of WRAPSODY Cell-Impermeable Endoprosthesis .storyContent * {border-color:inherit !important;outline-color:inherit !important;} 9월 20일(로이터) - Merit Medical Systems Inc. MMSI.O:  우수 의학은 랩소디™ 셀-배출성 내동상구체의 인체 최초 연구에서 긍정적인 결과를 발표한다.   우수 의료 시스템 - 장치 배치 후 처음 30일 동안 한 대상을 제외한 모든 대상자가 안전 이벤트를 받지 않았다(97.8%)   우수 의료 시스템 - 안전 이벤트는 기기 또는 연구 절차와 관련이없는 것으로 판단됨   우수 의료 시스템 - 나머지 연구 기간 동안 장치와 관련된 것으로 판단되는 한 가지 부작용 사례가 있었다.   우수 의료 시스템 - 기기 배치 후 6개월 후 tlpp 비율이 97.7%, 기기 배치 후 12개월 후 84.6%   유공 의료 시스템 - 6개월 및 12개월 acpp 비율이 각각 84.4%, 65.9%로 나타났다.    Further company coverage: MMSI.O        (c) Copyright Thomson Reuters 2020. Click For Restrictions - https://agency.reuters.com/en/copyright.html   원문 바로가기    DISCLAIMER  레피니티브의 사전, 서면 승인 없는 톰슨로이터 콘텐츠의 재생산이나 재배포는 금지되어 있습니다. 이 기사의한국어 번역은 에프앤가이드가 사용하는 기계적 번역에 의한 것으로 톰슨로이터와 레피니티브는 번역의 정확성을 보증하지 않습니다."
69,1,"2021-09-20","22:22:03","BRIF-Twitter Inc., 통합 집단 소송의 해결 제안 발표","BRIEF-Twitter Inc Announces Proposed Settlement Of Consolidated Class Action Lawsuit .storyContent * {border-color:inherit !important;outline-color:inherit !important;} 9월 20 일(로이터) - Twitter Inc. TWTR.N:  트위터가 통합 집단소송의 해결안을 발표하다.   Twitter inc - 2016년 미국 지방 법원에서 시작된 통합 집단 소송의 해결을 위한 구속력 있는 합의 체결   트위터 주식회사 - 트위터가 클레임에 대해 8억 9,950만 달러를 지불할 것   Twitter Inc. - 회사는 수중에 현금을 사용하여 결제 금액을 지불할 계획이며, 2021년 4분기에 지불될 것으로 예상된다.   Twitter Inc. - 회사는 2021년 3분기 동안 결제 수수료를 기록할 것으로 예상함   Twitter Inc. - 제안된 해결책은 동료, 기타 지명 피고인에 대한 모든 주장을 해결함   트위터 - 트위터 및 개인 피고인들이 ""비판적인 행동""을 계속 부인함    Further company coverage: TWTR.N        (c) Copyright Thomson Reuters 2020. Click For Restrictions - https://agency.reuters.com/en/copyright.html   원문 바로가기    DISCLAIMER  레피니티브의 사전, 서면 승인 없는 톰슨로이터 콘텐츠의 재생산이나 재배포는 금지되어 있습니다. 이 기사의 한국어 번역은 에프앤가이드가 사용하는 기계적 번역에 의한 것으로 톰슨로이터와 레피니티브는 번역의 정확성을 보증하지 않습니다."
69,2,"2021-09-20","22:21:49","BRIFT-서비스현재 2030년까지 온실가스 순제로 배출 달성 약속","BRIEF-ServiceNow Commits To Achieve Net-Zero Greenhouse Gas Emissions By 2030 .storyContent * {border-color:inherit !important;outline-color:inherit !important;} 9월 20일(로이터) - ServiceNow Inc. NOW.N:  servicenow는 과학 기반의 목표를 달성하고 2030년까지 온실 가스 배출량을 순제로 달성하기로약속한다.    Further company coverage: NOW.N  Reuters.Briefs@thomsonreuters.com        (c) Copyright Thomson Reuters 2020. Click For Restrictions - https://agency.reuters.com/en/copyright.html   원문 바로가기    DISCLAIMER  레피니티브의 사전, 서면 승인 없는 톰슨로이터 콘텐츠의 재생산이나 재배포는 금지되어 있습니다. 이 기사의 한국어 번역은 에프앤가이드가 사용하는기계적 번역에 의한 것으로 톰슨로이터와 레피니티브는 번역의 정확성을 보증하지 않습니다."
69,3,"2021-09-20","22:21:42","BRIF-eHealth Inc., Christine Janofsky를 최고 재무 책임자로 임명","BRIEF-eHealth Inc Appoints Christine Janofsky As Chief Financial Officer .storyContent * {border-color:inherit !important;outline-color:inherit !important;} 9월 20일(로이터) - eHealth Inc. EHTH.O:  ehealth는 Christine Janofsky를 최고재무책임자로 임명    Further company coverage: EHTH.O        (c) Copyright Thomson Reuters 2020. Click For Restrictions - https://agency.reuters.com/en/copyright.html   원문 바로가기    DISCLAIMER  레피니티브의 사전, 서면 승인 없는 톰슨로이터 콘텐츠의 재생산이나 재배포는 금지되어있습니다. 이 기사의 한국어 번역은 에프앤가이드가 사용하는 기계적 번역에 의한 것으로 톰슨로이터와 레피니티브는 번역의 정확성을 보증하지 않습니다."
69,4,"2021-09-20","22:21:41","백신을 접종한 승객을 위한 EU 및 영국 여행 제한을 완화하는 BRIF-U.S - FT","BRIEF-U.S To Relax EU And UK Travel Restrictions For Vaccinated Passengers - FT .storyContent * {border-color:inherit !important;outline-color:inherit !important;} 9월 20일 (로이터) -   예방접종 승객을 위한 eu 및 uk 여행 제한 완화 - ft   바이든 행정부, 11월부터 시행되는 새로운 여행 정책 발표         Reuters.Briefs@thomsonreuters.com        (c) Copyright Thomson Reuters 2020. Click For Restrictions - https://agency.reuters.com/en/copyright.html   원문 바로가기    DISCLAIMER  레피니티브의 사전, 서면 승인 없는 톰슨로이터 콘텐츠의 재생산이나 재배포는 금지되어 있습니다. 이 기사의 한국어 번역은 에프앤가이드가 사용하는 기계적 번역에 의한 것으로 톰슨로이터와 레피니티브는 번역의 정확성을 보증하지 않습니다."
69,5,"2021-09-20","22:21:27","백신을 접종한 승객을 위한 EU 및 영국 여행 제한을 완화하는 BRIF-U.S - FT","BRIEF-U.S To Relax EU And UK Travel Restrictions For Vaccinated Passengers - FT .storyContent * {border-color:inherit !important;outline-color:inherit !important;} 9월 20일 (로이터) -   예방접종 승객을 위한 eu 및 uk 여행 제한 완화 - ft   바이든 행정부, 11월부터 시행되는 새로운 여행 정책 발표         Reuters.Briefs@thomsonreuters.com        (c) Copyright Thomson Reuters 2020. Click For Restrictions - https://agency.reuters.com/en/copyright.html   원문 바로가기    DISCLAIMER  레피니티브의 사전, 서면 승인 없는 톰슨로이터 콘텐츠의 재생산이나 재배포는 금지되어 있습니다. 이 기사의 한국어 번역은 에프앤가이드가 사용하는 기계적 번역에 의한 것으로 톰슨로이터와 레피니티브는 번역의 정확성을 보증하지 않습니다."
69,6,"2021-09-20","22:21:13","BUZ-리듬제약이 비만치료제 확대 적용 후 상승","BUZZ-Rhythm Pharma rises after applying for expanded use of obesity drug .storyContent * {border-color:inherit !important;outline-color:inherit !important;} ** 제약회사 주식 RYTM.O 13.56달러 선불로 2% 상승   ** Co는 두 가지 매우 희귀한 유전 질환을 가진 환자들을 대상으로 비만 치료제인 임시브리의 확대 사용을 위한 신청서를 FDA에 제출했다고 밝혔다.   ** BBS(Bardet-Bedel Syndrome) 환자 비만 치료를 추구하는 RYTM, 환자에게는 참을 수 없는 배고픔이나 비만을 유발할 수 있는 알스트롬 증후군   ** Co는 신청서에 대한 우선순위 검토를 요청했으며, Co는 신청서가 접수된 날로부터 6개월의 목표 FDA 검토 기간을 부여할 수 있다.  ** 임시브리는 특정 유형의 유전적 질환을 가진 비만 환자를 치료한 혐의로 지난해 FDA로부터 승인을 받았다.   ** 금요일 마감까지 주식은 55.30% YTD 하락      (Reporting by Oishee Majumdar in Bengaluru)  oishee.majumdar@thomsonreuters.com        (c) Copyright Thomson Reuters 2020. Click For Restrictions - https://agency.reuters.com/en/copyright.html   원문 바로가기    DISCLAIMER  레피니티브의 사전, 서면 승인없는 톰슨로이터 콘텐츠의 재생산이나 재배포는 금지되어 있습니다. 이 기사의 한국어 번역은 에프앤가이드가 사용하는 기계적 번역에 의한것으로 톰슨로이터와 레피니티브는 번역의 정확성을 보증하지 않습니다."
69,7,"2021-09-20","22:20:46","BRIP-Brunswick Corporation의 Advanced Systems Group, Semahtronix 인수","BRIEF-Brunswick Corp's Advanced Systems Group Acquires Semahtronix .storyContent * {border-color:inherit !important;outline-color:inherit !important;} 9월 20일(로이터) - 브런즈윅 주식회사 BC.N:  브런즈윅사의 고급 시스템 그룹이 세마크로닉스 인수   브런즈윅 주식회사 - 금융 거래 조건은 공개되지 않았다.    Further company coverage: BC.N        (c) Copyright Thomson Reuters 2020. Click For Restrictions - https://agency.reuters.com/en/copyright.html   원문 바로가기    DISCLAIMER  레피니티브의 사전, 서면 승인 없는 톰슨로이터 콘텐츠의 재생산이나 재배포는 금지되어 있습니다. 이 기사의 한국어 번역은 에프앤가이드가 사용하는 기계적 번역에 의한 것으로 톰슨로이터와 레피니티브는 번역의 정확성을 보증하지 않습니다."
70,1,"2021-09-20","22:09:11","文 ""최고의 민간 특사 BTS…지속가능발전 향한 행동 결집""","유엔총회 참석차 미국을 방문중인 문재인 대통령이 20일(현지시간) ""한국 국민들은 포용적 국제 협력의 여정에 언제나 굳건한 동반자로 함께할 것""이라고 밝혔다.  문 대통령은 이날 ‘지속가능 발전목표(SDG) 모멘트’ 연설에서 ""얼마 전 UN대학의 연구소는‘지구촌의 모든 재난은 서로 연결되어 있다’는 연구보고서를 발표했다""며 ""예를 들면,북극의 폭염과 미국 텍사스의 한파, 코로나 팬데믹과 방글라데시의 사이클론이 탄소 배출과 환경 파괴를 고리로 밀접하게 이어져 있다는 것""이라고 말했다. 이어 ""문제가 연결되어 있다면, 해법도 연결되어 있을 것""이라며 ""인류가 국경을 넘어 협력하는 것이야말로 위기 극복의 첫걸음""이라고 했다.   문 대통령은 ""우리는 단지 위기 극복을 넘어서서 ‘보다 나은 회복과 재건’을 이루어야한다""며 ""서로 연결된 공동의 실천이 이뤄진다면 분명 우리는 해낼 수 있다""고 했다. 그러면서 ""포용과 상생의 마음을지금 즉시, 함께 행동으로 옮겨야 한다""고 강조했다. 문 대통령은 ""코로나 백신에 대한 국제사회의 공평한 접근과 배분이 시작""이라며 ""한국은 G7 정상회의에서 코백스 2억 달러 공여를 약속했다""고 말했다. 또 ""글로벌 백신허브의 한 축으로서 백신 보급과 지원을 늘리려는 노력도 계속하고 나아가 WHO를 비롯한 국제 보건 협력 강화에 적극 기여하겠다""고 했다.  문 대통령은 또 ""국경을 넘는 협력으로 기후위기에 대응해야 한다""고 강조했다. 문 대통령은 ""탄소중립 목표에 선진국과 개도국이 보조를 맞추어야 한다""며 ""그러기 위해서는 기후 선진국들의 경험과 기술이 개도국들과 공유되고, 전수되고, 협력이 이뤄져야 한다""고 말했다. ""지속가능한 발전을 위해 4차 산업혁명 시대의 기술을 적극 활용해야 한다""고도 했다. 문 대통령은 ""디지털 기술과 인프라는 한편으로 새로운 격차와 불평등을 낳고 있다""며 ""디지털 격차와 불평등을 해소하는 것이 또 하나의 시대적 과제""라고 강조했다.   문 대통령은 ""마지막으로, 미래세대를 존중하며 세대 간 공존의 지혜를 모아야 한다""고 밝혔다. 문대통령은 ""세대 간 생각과 문화의 차이를 넘어서야 한다""며 ""모든 세대는, 국적과 인종, 성별을 뛰어넘어 서로 소통하고 교감하는 ‘지구공동체의 일원’이라는 인식을 가져야 한다""고 했다. 문 대통령은 ""오늘 이 자리에는 전 세계 청년들과 교감하고 있는 탁월한 청년들, BTS가 ‘미래세대와 문화를 위한 대통령 특별사절’로 함께하고 있다""며 ""최고의 민간 특사 BTS와 함께하는 오늘의 자리가 지속가능발전을 향한 미래세대의 선한 의지와 행동을 결집하는 계기가 되기를 바란다""고 했다. 임도원 기자 van7691@hankyung.com    관련기사 '영끌' 빚폭탄 떠안은 3040…""이러다 큰일난다"" ""르노·GM은 하는데 못한다""…현대차·기아 '눈물' 소시 윤아도 당황…Z세대는 안 입는다는 그 바지 ""한두 번도 아니고…"" 또 한국 외면한 애플 ""세월호 스티커 때문에 테러 당했습니다""    ⓒ 한국경제 & hankyung.com, 무단전재 및 재배포 금지"
70,2,"2021-09-20","22:08:27","BRIFT-Wohas 8월 매출 2330만 Zlotys, Y/Y 12.4% 증가","BRIEF-Wojas Aug Sales Revenue At 23.3 Mln Zlotys, Up 12.4% Y/Y .storyContent * {border-color:inherit !important;outline-color:inherit !important;} 9월 20일(로이터) - 워하스 SA WOJ.WA:  매출액을 전년 대비 12.4% 증가한 2,330만 zlotys로 확대    Further company coverage: WOJ.WA  (Reporting by Gdansk Newsroom)  gdansk.newsroom@thomsonreuters.com        (c) Copyright Thomson Reuters 2020. Click For Restrictions - https://agency.reuters.com/en/copyright.html   원문 바로가기    DISCLAIMER  레피니티브의 사전, 서면 승인 없는 톰슨로이터 콘텐츠의 재생산이나 재배포는 금지되어 있습니다. 이 기사의 한국어 번역은 에프앤가이드가 사용하는 기계적번역에 의한 것으로 톰슨로이터와 레피니티브는 번역의 정확성을 보증하지 않습니다."
70,3,"2021-09-20","22:08:25","BRIF-모건스탠리 9월 16일 현재 메기트 지분 5.141779% 공개","BRIEF-Morgan Stanley Discloses 5.141779% Stake In Meggitt As Of Sept. 16 .storyContent * {border-color:inherit !important;outline-color:inherit !important;} 9월 20일 (로이터) -   모건스탠리는 9월 16일 현재 메기트의 지분 5.141779%를 공개하고 있다.    Further company coverage: MGGT.L  Reuters.Briefs@thomsonreuters.com        (c) Copyright Thomson Reuters 2020. Click For Restrictions - https://agency.reuters.com/en/copyright.html   원문 바로가기    DISCLAIMER  레피니티브의 사전, 서면 승인 없는 톰슨로이터 콘텐츠의 재생산이나 재배포는 금지되어 있습니다. 이 기사의 한국어 번역은 에프앤가이드가 사용하는 기계적 번역에 의한 것으로 톰슨로이터와 레피니티브는 번역의 정확성을 보증하지 않습니다."
70,4,"2021-09-20","22:08:08","비트코인, 위험회피 심리에 8% 급락","(뉴욕=연합인포맥스) 윤영숙 특파원 = 비트코인이 글로벌 위험회피 심리와 규제  강화 우려에 8% 이상 하락했다.      20일(현지시간) CNBC에 따르면 미 동부시간 오전 8시 58분 현재 코인메트릭스 기  준 비트코인 가격은 전장보다 8.46% 하락한 43,508.75달러를 기록했다.      이날 비트코인 가격은 한때 10% 이상 떨어져 42,634달러까지 밀렸다.      이더리움 가격도 12% 하락한 2,985.95달러까지 하락했다.      글로벌 증시가 중국의 부동산 그룹 헝다에 대한 우려로 하락 마감한 것이 투자  심리 악화에 일조했다.      헝다는 이번 주 채무에 대한 이자를 지급해야 하지만, 불가능할 것이라는 관측이  지배적이다.      헝다의 파산 우려감에 홍콩 증시가 3% 이상 하락했고, 유럽증시도 2% 이상 하락  중이다.      중국 증시와 한국, 대만 증시 등은 연휴로 휴장했다.      뉴욕타임스가 주말 동안 스테이블코인에 대한 규제가 강화될 것이라고 보도한 점  도 가상화폐에 대한 우려를 키웠다.      매체는 미 금융안정감독위원회(FSOC)가 스테이블코인을 시스템상 위험한 통화로  지정할 수 있다고 보도했다. 이 경우 규제가 강화될 수 있다.      FSOC는 금융 시스템에 대한 위험을 판단할 권한을 갖고 있으며 스테이블코인에  대한 금융 안정성 위험에 대한 심사에 착수한 바 있다.      ysyoon@yna.co.kr  (끝)  <저작권자(C)연합인포맥스뉴스. 무단 전재-재배포 금지.>"
70,5,"2021-09-20","22:07:36","문대통령 “韓 백신협력, 녹색회복, 디지털 격차 해소 등 역할 할 것”","'SDG 모멘트' 연설서 ""한국, 포용적 국제협력 여정에 굳건한 동반자""  백신협력·녹색회복 공유·디지털격차 해소 약속  BTS 언급하며…""미래세대 행동 결집 계기되길""     문재인 대통령이 20일(현지시각) 뉴욕 유엔본부 총회장에서 열린 제2차 SDG Moment(지속가능발전목표 고위급회의) 개회식에서 발언하고 있다. [연합]  [헤럴드경제=나은정 기자] 문재인 대통령이 20일(현지시간) ""한국 국민들은 모두가 안전하지 않으면 누구도 안전하지 않다는 생각으로 '누구도 소외되지 않는' 포용적 국제 협력의 여정에 언제나 굳건한 동반자로 함께할 것""이라고 밝혔다. 백신 협력, 녹색 회복, 디지털 격차 해소 등의 분야에서 한국이 역할을 할 것임을 분명히 했다.  문 대통령은 이날 미국 뉴욕 유엔 총회장에서 열린 '지속가능발전목표 고위급 회의(SDG 모멘트)'에 참석해 ""인류가 국경을 넘어 협력하는 것이야말로 위기 극복의 첫걸음""이라며 이같이 말했다.  문 대통령은 전날 제76차 유엔총회 참석을 위해 뉴욕에 도착했다. SDG 모멘트 연설은 문 대통령의 이번 유엔 방문의 첫 일정이다. 이번 SDG 모멘트에 국가 정상 자격으로 연설한 것은 문 대통령이 유일하다.  문 대통령은 지난 2015년 유엔이 합의한 지속가능발전목표를 '포용적 미래를 향한 인류의 발걸음'이라고 평가했다. 그는 ""코로나로 인해 지체됐지만, 목표의 중요성을 더욱 절실하게 일깨워줬다""면서""위기 극복을 넘어 보다 나은 회복과 재건을 이뤄야 한다""고 강조했다.  문 대통령은 ""포용과 상생을 즉시 행동으로 옮겨야 한다""면서 특히 백신 협력, 녹색 회복, 디지털 격차 해소 등의 분야에서 대한민국이 역할을 할 것임을 약속했다.  그는 ""코로나 백신에 대한 공평한 접근과 배분이 시작""이라면서 ""한국은 코백스(COVAX·코로나 백신 공동구매 프로젝트) 2억 달러 공여를 약속했고, 글로벌 백신허브의 한 축으로서 백신 보급과 지원을 늘리는 노력도 계속할 것""이라고 밝혔다.  또 ""국경을 넘는 협력으로 기후위기에 대응해야 한다""고 강조했다. 문대통령은 한국의 10월 말 2050 탄소중립 시나리오 확정, 국가 온실가스 감축목표(NDC) 상향 제출, 그린 뉴딜 ODA(공적개발원조) 확대 계획 등을 소개하며 ""개도국의 녹색 회복과 탄소중립을 적극 돕겠다""고밝혔다.  아울러 ""지속가능한 발전을 위해 4차 산업혁명 시대의 기술을 적극 활용해야 한다. 하지만 디지털 기술과 인프라는 새로운 격차와 불평등을 낳고 있다""고 짚으면서 ""포용적인 디지털 전환과 그린 전환을 이루지 않으면 안된다""고 했다.  문대통령은 ""세대 간 공존의 지혜를 모아야 한다""고도 강조했다. 그는 ""빈곤과 불평등, 기후변화 같은 기성세대가 해결하지 못한 위기에 대해 미래세대의 목소리에 더 귀 기울이는 것은 기성세대의 의무""라면서 이날 행사에 함께한 방탄소년단(BTS)을 언급했다. 문대통령은 ""최고의 민간 특사 BTS와 함께하는 오늘의 자리가 지속가능발전을 향한 미래세대의 선한 의지와 행동을 결집하는 계기가 되기를 바란다""고 했다."
70,6,"2021-09-20","22:07:30","리장타오 부주석 내정 중국 투자개발","BRIEF-China Investment Development Says Li Jiangtao Appointed As Vice-Chairman .storyContent * {border-color:inherit !important;outline-color:inherit !important;} 9월 20일 (로이터) - 중국 투자 개발 주식회사 0204.HK:  부위원장으로 임명된 장타오   공동 이사장으로 임명된 가오윤    Further company coverage: 0204.HK  Reuters.Briefs@thomsonreuters.com        (c) Copyright Thomson Reuters 2020. Click For Restrictions - https://agency.reuters.com/en/copyright.html   원문 바로가기    DISCLAIMER  레피니티브의 사전, 서면승인 없는 톰슨로이터 콘텐츠의 재생산이나 재배포는 금지되어 있습니다. 이 기사의 한국어 번역은 에프앤가이드가 사용하는 기계적 번역에의한 것으로 톰슨로이터와 레피니티브는 번역의 정확성을 보증하지 않습니다."
70,7,"2021-09-20","22:07:29","열과 낮은 습도로 인해 억제된 브라질 식물은 콩 면적의 0.1%를 차지한다고 AgRural은 말한다.","Deterred by heat, low humidity, Brazil plants 0.1% of soy area, says AgRural .storyContent * {border-color:inherit !important;outline-color:inherit !important;}  상파울루, 9월 20일 (로이터) - 브라질 농부들은 지난 주말까지 콩 면적의 0.1%를 심었다고 농업 컨설턴트 회사인 AgRural이 월요일 기름씨앗 재배자들을 단념시키는 열과 낮은 습도를 예로 들며 말했다.  아그루랄은 파종 대부분이 파라나와 마토 그로소 주에서 발생했다고 말했다.   브라질의 콩 면적은 올 시즌 3.6% 증가한 3991만ha가 될 것으로 전망되며, 생산량은 2021/2022 사이클에서 1억4,120만t으로 추산된다.   애그루랄은 ""최근 비가 내렸음에도 불구하고 대부분의 생산지에서는 여전히 습도가 작업을 시작하기에 부족하다""고말했다. ""대부분의 농부들은 이후에 모내기를 가속화하기 위해 예보가 개선되기를 기다리는 경향이 있을 것이다.""   아그루랄은 농부들이 지금 모내기 위험을 감수한다면 다시 심어야 할 것이며 이는 생산비용이 급격히 증가한 1년 안에 바람직하지 않을 것이라고 말했다.  콩 재배농가들이 기다리는 동안 최초의 옥수수 재배농가들이 중남부에 22%의 밭을 심었다고 컨설턴트가 말했다.   여름 옥수수라고도알려진 첫 번째 옥수수가 다음 시즌에 미국 전체 생산량의 약 30%를 차지할 것으로 정부 자료에 나타났다.   (Reporting by Ana Mano; editing by Barbara Lewis)  ana.mano@thomsonreuters.com ; Tel: +55-11-5644-7704; Mob: +55-119-4470-4529; Reuters Messaging: ana.mano.thomsonreuters.com@reuters.net     (c) Copyright Thomson Reuters 2020. Click For Restrictions - https://agency.reuters.com/en/copyright.html        Keywords: BRAZIL-GRAINS/   원문 바로가기    DISCLAIMER  레피니티브의 사전, 서면 승인 없는 톰슨로이터 콘텐츠의 재생산이나 재배포는 금지되어 있습니다. 이 기사의 한국어 번역은 에프앤가이드가 사용하는 기계적 번역에 의한 것으로 톰슨로이터와 레피니티브는 번역의 정확성을 보증하지 않습니다."
71,1,"2021-09-20","22:01:35","화천대유 대표 ""권순일·박영수 일했다..자문료 월 1500만원 지급""","[머니투데이 김상준 기자] '대장동 개발 사업' 투자에 참여한 민간 업체 화천대유자산관리(화천대유) 자문단에 권순일 전 대법관, 박영수 전 특검 등 이재명 경기지사와 직·간접적인 관계가 있다고 평가받는 법조계 유력 인사들이 포함돼 논란이 커지고 있다. 화천대유 대표는 이에 대해 '로비 차원'이 아니라 '실제 업무' 차원에서 영입했다고 주장했다.   이성문 화천대유 대표는 20일 한국일보 인터뷰를 통해 ""권 전 대법관과 박 전 특검은 사회적 크레딧(지위)을 감안해 한 달에 약 1500만원 정도, 연봉으로 2억원 정도를 드렸다""며 ""다들 그에 상응하는 업무를 했다. 일 안하고 월급 받고 그랬던 게 아니다""라고말했다.   권 전 대법관은 이재명 경기지사의 '친형 정신병원 강제 입원' 논란 등 선거법 위반 관련 대법원 판결에서 무죄 취지 의견을 낸 바 있다. 박 전 특검은 '최순실 국정농단' 사건 특검 임명 전까지 화천대유에서 고문을 맡았다. 정치권은 대장동 개발 사업이 이 지사가 성남시장인 시절 진행됐다는 점을 들어 연루 의혹을 제기하고 있는 상황이다.   이 대표는 권 전 대법관에 대해 ""대장지구 북측 송전탑 지하화 문제를 해결하기 위해 안목 있는 대법관 출신을 영입하기로 하면서 모시게 된 것""이라고 말했다. 박 전 특검에 대해선 ""과거 우리금융지주 이사회 의장을 한 적이 있어서 금융권 사정에 밝다""며 ""프로젝트 파이낸싱(PF) 관련해 은행권과 관공서의 문화, 그 쪽 사람들과의 관계 설정 등에 대해 조언해주셨다""고 말했다.   이 지사와의 연관성에 대해서도 부인했다. 이 대표는 권 전 대법관이 이 지사의 선거법 위반 사건에서 무죄 취지 의견을 낸 것을 두고 ""대장동 개발사업과 관련해 이 지사의 혐의는 이미 1·2심에서 무죄가 나왔고, 대법원에서 무죄로 뒤집힌 건 '친형 강제입원' 사건""이라며 ""그런데도 권 전 대법관이 대법원 전원합의체에 있었다는 이유만으로 대장동 사업과 관계가 있다고 주장하는 건 있을 수 없는 일""이라고 말했다.   이 대표는 또 강찬우 전 수원지검장에 대해선 ""(화천대유에) 실질적인 법률 자문을 해줬다""며 ""(자문료는) 매달 수백만원으로 기억한다""고 말했다. 강 전 지검장은 이 지사의 사법연수원 동기로, 이 지사가 '친형 정신병원 강제 입원' 논란 등 선거법위반 혐의로 수사를 받을 때 변호를 맡았다.      [관련기사] ☞ ""삼촌네 왜 안와요? 엄마만 일하잖아요!"" 시조카가 따지네요 ☞ 타코에 커터칼 세조각 '끔찍'…""배달음식 먹다 입천장 베었다"" ☞ 곽민선 아나, 수원삼성 선수와 열애설…"" 경기 지는데 네 생각"" ☞ ""점점야위어가네""…고현정, 다이어트 성공 후 4개월 변천사 ☞ PC방 여직원 기절시켜 돈훔치고 몹쓸짓까지한 50대   김상준 기자 awardkim@mt.co.kr    ▶월 0.3%대 최저금리 적용, 키워드림론 간편 신청으로 수익 극대화하자 (신청하기)   빅 사이클 도래! 실적 발표 기대감! 단타, 중,장기를 모두 잡는 엄청난 종목의 등장! [클릭]   ▶급등임박 종목, 일단 뭔지 확인해보고 시작하자◀     [파워 인터뷰]       30배 박셀바이오, 20배 신풍제약, 그리고 '이바이오 종목'   ▶시세 분출 직전 ! 실적 상승 + 재료임박 + 외인대량매집중인 '이 종목' 긴급공개 ◀   기관 외인 바닥권 대량 매집흔적 발견! 급등 임박 大시세 종목 공개!!       <저작권자 ⓒ '돈이 보이는 리얼타임 뉴스' 머니투데이, 무단전재 및 재배포 금지>"
71,2,"2021-09-20","22:01:12","라이브 마켓-다우 산업계가 본격적인 하락세로 문을 연다.","LIVE MARKETS-Dow Industrials set to open on a real downer .storyContent * {border-color:inherit !important;outline-color:inherit !important;}     다우 산업은 실제 다운로어(0900 edt/1300 gmt)에 개장을 앞두고 있다.  지난주 다우존스 산업평균지수의 폭락장세가 나타났다. .DJI 발전하는 쇠퇴의 일시적 현상일 뿐이다. 이것은 CBT e-미니 다우 선물이다. 1YMcv1 현재 우량주 평균은 거의 2% 또는 600포인트 이상 하락할 것으로 보인다. 이는 다우지수가 2020년 6월 11일 개장 이후 2.6% 700포인트 이상 붕괴된 이후 최악의 개장일 것이다.  만약 그렇다면 다우존스는 월요일 정기적인 세션거래를 시작하게 될 것이며 8월 16일 사상 최고치에서 4% 이상 하락할 것이며 4주 연속 하락세를 보일 것이다.  개방 구간이 낮아질 것으로 예상됨에 따라 DJI는 많은 주요 지지 수준을 위협할 수 있다.          여기에는 7월말과 6월의 최저치인 33,741.76/33,271.93을 비롯해 현재 지지되고 있는 1929년의 끊어진 로그-척도 저항선, 지난주 33,325로 끝난 40주 이동평균선 등이 포함된다.  다우지수는 올해 초 90년 이상 지속된 저항선을 돌파한 이후 이 선을 향해 떨어지거나 테스트할 때마다 긍정적인 반응을 보이고 있다.  따라서 매주 끊어진 저항선 아래로 근접하는 것은 뒤집기를 시사할 수 있어 지수가 훨씬 더 큰폭 하락에 취약하다.  이 경우 2020년 초 최고치(2만9568.57), 지난해 11월 초보다 2만8495.05로 하락해야 하는 주간 격차가 여전히 벌어지고 있는 것이 그 다음 유의미한 자석일 수 있다.  물론 주간 모멘텀은 다우존스 8월 정점에 진입했으며, 여전히 뒷걸음질치고 있다. 주간 MACD는 금요일 10개월 만에 최저치로 끝났다.     (테렌스 가브리엘)  *****     0900 edt/1300 gmt 이전 월요일의 라이브 마켓' 게시물 - 여기를 클릭하십시오.                               (c) Copyright Thomson Reuters 2020. Click For Restrictions - https://agency.reuters.com/en/copyright.html        Keywords: GLOBAL-STOCKS/   원문 바로가기    DISCLAIMER  레피니티브의 사전, 서면 승인 없는 톰슨로이터 콘텐츠의 재생산이나재배포는 금지되어 있습니다. 이 기사의 한국어 번역은 에프앤가이드가 사용하는 기계적 번역에 의한 것으로 톰슨로이터와 레피니티브는 번역의 정확성을 보증하지 않습니다."
71,3,"2021-09-20","22:00:25","文대통령과 함께 유엔 무대…BTS가 전한 희망, 연설 어땠나","[머니투데이 뉴욕(미국)=정진우 기자] [[the300]문재인 대통령과 유엔본부에서 열린 '제2차 SDG Moment(지속가능발전목표 고위급회의)' 행사참석]   방탄소년단(BTS)이 20일(현지시간) 전세계 젊은 세대에게 ""우리의 미래에 대해 너무 어둡게만 생각하진 않았으면 좋겠다""며 ""앞으로의 세상을 위해 직접 고민하면서 길을 찾고 있는 분들도 있다. 우리가 주인공인 이야기의 페이지가 한참 남았는데, 엔딩이 정해진 것처럼 말하진 않았으면 좋겠다는 생각이 들었다""고 밝혔다.   BTS는 이날 오전 유엔본부에서 열린 '제2차 SDG Moment(지속가능발전목표 고위급회의)' 행사에서 지속가능발전을 위한 희망의 메시지를 전달하면서 이같이 말했다.   문재인 대통령은 BTS를 '미래세대와 문화를 위한 대통령 특별사절'(문화특사)로 임명했고, BTS는 미국 뉴욕에서 열리는 '제76차 유엔총회'에 문 대통령과 함께 참석했다.   BTS 멤버 7명은 각각 한두마디씩 이어가며 연설을 했다.   먼저 'RM'은 ""저희는 오늘 미래세대의 이야기를 전하려고 왔다""며 ""이 자리에 오기 전에 전 세계 10대, 20대들에게 지난 2년은 어땠고, 지금은 어떤 세상을 살아가고 있는지 물어봤다""고 말했다.    '진'은 #youthtoday SNS 캠페인 결과물로 작업한 폼포드 2개 중 워드클라우드 폼보드를 가리키며 ""지난 2년은 사실 저도 당혹스럽고 막막한 기분이 들 때가 있었는데 그렇더라도 Let's live on! 지금을 잘 살아가자! 라고 외치는 분들이 있었다""고 강조했다.   그러자 '지민'은 ""가장 다양한 도전을 할 수 있는 시기에 멈춰만 있을 순 없다""며 ""솔직히 처음엔 누굴 탓할 수도없고, 억울하기도 하셨을 거다. 나는 어제와 똑같은데, 한순간에 평행세계에 온 것처럼 세상이 변해 버렸다""고 말했다.   '정국'은 ""입학식, 졸업식이 취소됐다는 소식도 안타까웠다.인생에서 꼭 기념하고픈 순간을 놓쳐 많이 아쉬우셨을 것 같다""며 ""저희들 같은 경우엔 오랫동안 준비한 콘서트 투어가 취소돼서속상도 했고, 우리가 완성하고 싶었던 순간을 한동안 그리워했던 것 같다""고 했다.   이어 '슈가'는 ""코로나로 잃어버린 것들에 대한, 일종의 애도가 필요한 시간이었다""며 ""그동안 당연하게 여겼던 순간 순간의 소중함을 깨닫는 시간이기도 했다""고 말했다.    '제이홉'은 ""지구에서 우리에게 남은 시간이 얼마 안 남은 것 같은 불안감이 들어서인 걸까? 방금 우리가 애도해야 했던 것들에 대해 얘기했는데, 지구에 대한 애도는 정말 생각하고 싶지도 않다""며 ""기후변화가 중요한 문제라는 건 다들 공감하시지만 어떤게 최선의 해결 방법이라고 이야기하는 건 정말 쉽지 않다. 단정 지어 말하기엔 어려운 주제인 것 같다""고 강조했다.   특히 '뷔'는 ""우리의 미래에 대해 너무 어둡게만 생각하진 않았으면 좋겠다. 앞으로의 세상을 위해 직접 고민하며 길을 찾고 있는 분들도 있다""며 ""엔딩이 정해진 것처럼 말하진 않았으면 좋겠다는 생각이 들었다""고 했다.    'RM'은 ""그래서 지금의 10대, 20대들을 '코로나 로스트 제너레이션'으로 부르기도 한다고 들었다""며 "" 가장 다양한 기회와 시도가 필요한 시기에 길을 잃게 되었단 의미에서다. 그런데 어른들 눈에 보이지 않는다고 해서 길을 잃었다고 말할 순없지 않을까""라고 언급했다.   그러자 '지민'은 ""온라인 공간에서 새로운 방식으로 친구들과 만남을 이어가고, 새로운 공부를 시작하고, 더 건강하게 살아가기 위한 노력들을 하는 분들이 많다""며 ""길을 잃었다기보다는 새롭게 용기 내고, 도전 중인 모습으로 보인다""고 했다.    '진은 ""그런 의미에서 '로스트 제너레이션'이 아니라 '웰컴 제너레이션'이라는 이름이 더 어울리는 것 같다""며 ""변화에 겁먹기보단 '웰컴'이라고 말하면서 앞으로 걸어 나가는 세대라는 의미다""고 강조했다.   끝으로 ' RM'은 ""세상이 멈춘 줄 알았는데, 조금씩 앞으로 나아가고 있다""며 ""모든 선택은 변화의 시작이라고 믿는다. 엔딩이 아니다""고 했다.   BTS는 ""새롭게 시작되는 세상에서 서로에게 '웰컴!'이라고 말해줬으면 좋겠다. 이제 들려드릴 'Permission to Dance'는 모두에게 미리 전하고픈 저희의 웰컴 인사다""며 유엔본부에서 사전에 찍은 'Permission to Dance' 영상을 공개했다.      [관련기사] ☞ ""삼촌네 왜 안와요? 엄마만 일하잖아요!"" 시조카가 따지네요 ☞ 타코에 커터칼 세조각 '끔찍'…""배달음식 먹다 입천장 베었다"" ☞ 곽민선 아나, 수원삼성 선수와 열애설…"" 경기 지는데 네 생각"" ☞ ""점점야위어가네""…고현정, 다이어트 성공 후 4개월 변천사 ☞ PC방 여직원 기절시켜 돈훔치고 몹쓸짓까지한 50대   뉴욕(미국)=정진우 기자 econphoo@mt.co.kr     ▶월 0.3%대 최저금리 적용, 키워드림론 간편 신청으로 수익 극대화하자 (신청하기)   빅 사이클 도래! 실적 발표 기대감! 단타, 중,장기를 모두 잡는 엄청난 종목의 등장! [클릭]   ▶급등임박 종목, 일단 뭔지 확인해보고 시작하자◀     [파워 인터뷰]       30배 박셀바이오, 20배 신풍제약, 그리고 '이바이오 종목'   ▶시세 분출 직전 ! 실적 상승 + 재료임박 + 외인대량매집중인 '이 종목' 긴급공개 ◀   기관 외인 바닥권 대량 매집흔적 발견! 급등 임박 大시세 종목 공개!!       <저작권자 ⓒ '돈이 보이는 리얼타임 뉴스' 머니투데이, 무단전재 및 재배포 금지>"
71,4,"2021-09-20","22:00:20","'피어나라 대한민국, 심수봉' 43년 음악사+음악적 매력과 반전 응축","[헤럴드경제 = 서병기 선임기자]KBS ‘2021 한가위 대기획 〈피어나라 대한민국, 심수봉〉’ 심수봉이 영혼을 울리는 목소리로 감동과 전율을 배가시키며 전 국민과 하나된 시간을 가졌다. 그들의 꿈과 사랑을 담아 새로운 희망을이야기하는 어머니의 마음 같은 한가위 콘서트에 현재까지도 뜨거운 반응이 이어지고 있다.  지난 19일(일)에 방송된 KBS ‘2021한가위 대기획 〈피어나라 대한민국, 심수봉〉’(연출 이태헌 편은지)은 세대를 관통하고 대한민국이 사랑하는 심수봉의 26년만의 단독TV쇼로 뜨거운 관심을 받았다. 특히 KBS와 함께 위기의 순간을 함께 견디며 대한민국의 저력을 보여준 국민들에게 희망을 전하는 언택트 공연이자 본 공연이 아니면 다시는 못 볼 심수봉의 특별한 한가위 선물이라는 소식에 방송 전부터 시청자들의 기대지수를 높였던 상황.  이에 KBS ‘2021 한가위 대기획 〈피어나라 대한민국, 심수봉〉’ 시청률은 수도권 12.1%, 전국 11.8%를 기록하며 동 시간대 1위를차지했다. (닐슨코리아)  이날 심수봉은 1,000명 언택트 관객의 뜨거운 환호성 아래 그녀의 데뷔곡이자 1978년 MBC 대학가요제에서 심수봉의 이름 석자를 알린 ‘그때 그 사람’으로 공연의 포문을 열었다. 이후 심수봉의 리프트 드레스가 돋보였던 ‘사랑밖엔 난 몰라’, 심수봉이 노래하는 과거와 현재 모습을 교차 편집한 ‘남자는 배 여자는 항구’ 등 도입부만 들어도 가사가 절로 나올 만큼 전 세대의 사랑을 받고 있는 레전드곡을 메들리로 선보여 오프닝부터 시청자들의 가슴을 떨리게 했다.  이와 함께 ‘로맨스 그레이’에서는 숨겨뒀던 댄스 실력을 뽐내고 열정적인 드럼 퍼포먼스로 강렬한 임팩트를 안겼으며 웅장한 오케스트라 연주가 돋보였던 ‘올 가을엔 사랑할 거야‘로 시청자들을 감성에 젖게 만들었다. 이에 댄스, 힙합 등 뭐든 다 되는 장르 소화제 활약은 물론 추억의 곡을 트렌디하게 재해석해 음악적 반전을 시도하는 등 1분 1초도 눈을 뗄 수 없게 만들었다.  뿐만 아니라 후배 가수들과의 장르를 초월한 컬래버레이션도 눈길을 끌었다. 첫 타자 잔나비 최정훈과 부른 ‘여자이니까’, 양동근과 함께 한 ‘YOU’, ‘후회’, MC 김승우의 추천곡 ‘개여울’, 포르테 디 콰트로와 완벽한 앙상블을 이룬 ‘나의 신부여’ 그리고씨앤블루(CNBLUE) 정용화와의 듀엣곡 ‘비나리’까지 후배들과 함께한 컬래버레이션으로 심수봉의 색다른 매력을 뽐냈다.  또한 ‘무궁화’, ‘조국이여’, ‘아리랑’ 메들리 무대에서는 절로 시청자의 가슴을 뭉클하게 했다. 우리 민족의 시작과 고난을 알리는 ‘무궁화’, 어머니를 위한 사모곡 ‘조국이여’ 그리고 ‘아리랑’을 부르며 우리의 아픔을 위로하고 하나되어 찬란하게 빛나는 날을 맞이하기를 희망했다. 특히 이날 공연의 백미이자 엔딩이었던 ‘백만송이 장미’에서는 무대 위에 백만송이 장미를 꽃피워 시청자들의 가슴에도 백만송이 장미를 활짝 피우는 등 2시간 넘게 완창하며 뜨거운 박수 갈채를 이끌어냈다.  그런 가운데 심수봉은 “이렇게 큰 무대에서 여러분을 뵙다니 꿈인가 싶다. 너무 오랜만에 뵈었어요”라며관객들과 직접 소통하지 못한 아쉬움을 드러내는 한편 “위기에도 굴라지 않는 것이 제 음악쇼의 컨셉이다. 무섭고 암담한 코로나 시대에 노래와 음악으로 던지는 응원. 제가 아직 살아있어 할 수 있는 전부다. 푹 쉬시면서 제 음악으로 위로 삼으세요”라고 말해 1,000명언택트 관객에 이어 시청자들을 환호하게 하며 안방극장을 뜨겁게 달궜다.  또한 심수봉은 “저는 제 노래가 감히 이 어려운 때에(국민들에게 위로가 될) 선물이 될 수 있을지 잘 모르겠다. 그래도 오늘 열심히 달렸고 제 노래를 좋아하시는 분들이 계신다면 큰 힘을 얻으셨기를 바란다. 꼭 힘내시라 말씀드리고 싶다”며 마지막까지 먹먹한 울림과 가슴 벅찬 감동을 일으켰다.  이처럼 KBS ‘2021 한가위 대기획 〈피어나라 대한민국, 심수봉〉’은 대한민국이 사랑하는 심수봉의 노래로 전 세대를 아우르고 함께 즐기는 대축제를 선보였다. 특히 어느 때보다 따뜻한 말 한마디, 포옹이 필요한 시국을 맞아 정성으로 공연을 준비한 심수봉과 그런 심수봉을 응원하는 1,000명언택트 관객이 하나된 모습이 돋보였다. 노래하는 심수봉의 뒤로 설치된 대형 스크린에 온 가족이 함께 응원하고 심수봉의 노래를 따라 부르는 등 공연을 다양하게 즐기는 모습이 비춰진 것.  ‘험난했던 운명과 당당히 맞선 아이콘’ 심수봉과 전 국민이 노래에 담긴 희로애락을 함께 공유하는 감동의 순간이 새로운 희망까지 꿈꾸게 하며 잊을 수 없는 소중한 추억을 선물했다.  시청자들의 반응 또한뜨거웠다. 각종 커뮤니티 사이트에서는 “오프닝에서 엔딩까지 명곡파티. 한국의 폴 매카트니답다”, “심수봉 목소리 들으면 몸에 소름이 돋는다. 가늠하기 힘든 깊이가 느껴져”, “스케일도 크고 전 연령 아우르는 느낌이 좋다”, “심수봉의진가를 알게 해준 콘서트”, “심수봉 노래는 가슴을 후벼 파는 무언가가 있다. 노래 들을 때마다 왜 이렇게 눈물이 나냐”, “심수봉이 코로나 제발 가라고 타이르는 느낌”, “노래가 그 어떤 방송보다 감동적. 이런 공연 자주 해주길”, “가장 대박은 대부분의 곡들이 작사작곡 심수봉의 위엄! 아는 노래도 있고 모르는 노래도 있지만 모든 노래 장르가 심수봉이었다. 21일 특별판도 꼭 봐야지” 등 댓글을 남기며 안방극장에 사랑, 희망, 꿈을 아름답게 피워낸 심수봉의 목소리와 공연이 남긴 여운을 이어갔다.  KBS ‘2021 한가위 대기획 〈피어나라 대한민국, 심수봉〉’은 심수봉과 KBS가 코로나를 이겨내고 있는 국민들에게 즐거움과위로, 희망을 선사하기 위해 준비한 한가위 선물로 지난 19일(일) 방송됐다. 한편 공연 뒷이야기를 담은 특별판이 9월 21일 화요일 밤 10시 10분에 방송된다."
71,5,"2021-09-20","22:00:20","<표> ICE 천연가스(Natural Gas) 선물 가격","Last     Change       High        Low     Previous                                                                       Settlement    Natural Gas    UK NG Oct21              182.00     +19.20     188.10     165.50       162.80    UK NG Nov21              187.00     +18.85     193.00     176.00       168.15    UK NG Dec21              188.97     +19.25     193.45     179.42       169.72    UK NG Jan22              190.05     +19.99     193.50     183.89       170.06    UK NG Feb22              192.00     +22.58     192.00     184.00       169.42   Note: Prices are delayed by 10 minutes.  Source: FactSet      다우존스 제공     2021. September. 20일  미국동부시간 09:00 (표준시 13:00)   ＜ⓒ종합 경제정보 미디어 이데일리 - 무단전재 & 재배포 금지＞"
71,6,"2021-09-20","22:00:18","""시댁 제사 준비를 제가 왜?""…20대가 제사를 거부하는 이유","- 20대 중 64% ""제사 지내지 않겠다""  - 요즘 트렌드는 ""효도도 셀프로""  - 코로나로 제사 문화 변화 앞당겨져    ▶'2차전지'의 신흥강자! 대규모 공급계약 체결! 800% 극비리 재료株  “전통적인 제사는 하지 않을 거 같아요. 돌아가신 분을 기억하는 것에만 초점을 맞추면 된다고 생각합니다.”  어머니가 제사 준비로 고통받는 것을 지켜보기 힘들었다는 대학생 이연지 (24)은 차례 문화에 대해 이렇게 말했다. MZ세대는 추석 차례 등 제사는 절차보다 고인을 기억하는 데 의미를 둬야한다고 생각한다. 제사상을 차리고 절을 올리는 게 불필요한 형식일 뿐이라고 생각하는 이들이 많다.  올해 5월 정부가 발표한 4차 가족실태조사 결과에 따르면 20대의 64%가 제사를 지내지 않는 것에 동의했고, 일가 친척과 함께가 아닌 각자 가족과 명절을 보내는 것에 대해서도 20대의 48% 이상이 동의했다.    “제사상에 뿌링클 말고 황금올리브”  이 씨의 어머님은 본인은 뿌링클 보다는황금 올리브 치킨을 좋아하니 제사상에 그것만 올려주면 된다고 말한다고 한다.  이 씨는 “차례를 준비하는 것 자체가 사실 여자들에게 부담이 편중돼 있다. “아무래도 딸이 당신과 똑같은 고생을 하는 것도 속상하셔서 우스갯소리로라도 저렇게 말하시는 것 같다”고 말했다.  고인을 추모한다는 의미를 살리는 것이 의례적인 전통보다 우선이라는 것이다.  돌아가신 할머니 ‘심시선’의 단한번 뿐인제사를 특별하게 지내는 내용을 담은 장편 소설 ‘시선으로부터,’는 2030 세대에게 큰 공감을 받으며 작년 베스트셀러 순위에 이름을 올렸다.  생전 제사를 거부했던 할머니를 위해 가족들은 그가 살았던 하와이를 여행한 뒤 가장 기뻤던 순간을 모아 제사상에 올리는 방식으로 그를 기억한다.  최희연 씨 (27)는 “솔직히 결혼 후 시댁 제사를 지내는 건 남편의 가족을 위한 것 아니냐”고 반문했다.  최 씨는 이어 “효도 셀프인 시대”라며 “결혼한 후에 남편이 제사를 반드시 지내야된다고 한다면, 보조자로 도움만 줄 것이다. 주도적으로 할 생각은 결코 없다”고 말했다.  비대면 성묘, 밀키트 차례상 등 바뀌는 제사문화   코로나 시국은 제사 문화의변화를 앞당겼다. 감염 위험으로 추석 연휴동안 폐쇄하는 추모공원이 늘었고 정부 역시 비대면 성묘를 권장했다. ‘e하늘 장사정보시스템’을 통해 진행되는 온라인 추모 성묘는 추모관 꾸미기, 추모관 관리, 차례상 꾸미기 등 다양한 서비스를 제공한다.  지난해 추석에는 23만 명 넘게, 올해 설에는 24만 명 넘게 이용했다.  코로나 이전에는 가족이 매년마다 거창하게 제사를 준비했다는 직장인 김혜지(34). 그는 부모님들도 코로나로 제사에 대한 생각이 바뀌었다고 했다.  김씨는 “저희 부모님은 제사를 지내지 않는다는 생각 자체를 못하셨는데, 코로나로 제사를 지내기 어려워지자 생각 바뀌셨다”고 말하며 “온라인 성묘를 소개해드렸는데 실제로 준비도 간소화할 수 있고, 추모의 의미도 담겨있어서 좋아하셨다”고 말했다.  부모님에게 밀키트 등 간편하게 마련할 수 있는 차례음식을 소개하는 MZ세대도 늘었다.  올해 초 설 명절을 앞두고 이마트의 자체 브랜드인 피코크의 간편 제수용품 매출은 직전년도 같은 기간보다 21.2% 늘었다. 같은 기간롯데마트에서도 간편식과 밀키트 매출이 전년 같은 기간보다 각각 26.7%, 30% 증가했다.  2030를 주 이용자로 둔 모바일 장보기앱인 마켓컬리는 추석을 앞두고 ‘추석 선물 세트’ 탭에서 간편식, 반찬 카테고리를 새로 만들었으며, 차례상 차림에 필요한 갈비찜, 전, 잡채 등이 들어있는 상차림 세트도 판매하고 있다.  최 씨는 ""요즘 모둠 육전이나 잡채 등 명절 음식도 간편식으로 잘 나와서 이번 추석때는 어머니 대신 밀키트 위주로 차례상 장을 봤다""고 말하며 ""차례상 음식을 일일히 재료를 사 장만하는 것은 금전적으로나 시간적, 체력적으로나비효율적""이라고 말했다.     ※ 주식은 매도가 생명!! 팔기 전 AI비서에게 물어봐!!  ▶ <세계최초>신약재료+美승인!! 1500%↑터질역대급 바이오株 (종목확인)  ▶1500% 가는 '제2의 HMM' 아직 5000원대 황금株, 급등 전 마지막 기회! [클릭]  ▶▶[무료 공개]◀◀ 지금 ""1,000만원""만 있어도 당장 ""이것""부터 사라!! >>> (무료 체험)  ▶▶주식전문가들의 상승, TOP3 ""테마株"" 종목확인! 선착순 무료! [클릭]         ＜ⓒ종합 경제정보 미디어 이데일리 - 무단전재 & 재배포금지＞    "
71,7,"2021-09-20","22:00:16","BRIF-Accenture PLC 중남미 전역에서 경험 및 상업 플랫폼 역량 확장","BRIEF-Accenture PLC To Acquire Experity To Scale Its Experience And Commerce Platform Capabilities Across Latin America .storyContent * {border-color:inherit !important;outline-color:inherit !important;} 9월 20일(로이터) - Accenture PLC ACN.N:  경험을 습득하여 그 경험과 상업적 플랫폼 능력을 라틴 아메리카에 걸쳐 확장하도록 강조하다.   액센츄어 plc - 거래 조건은 공개되지 않는다.    Further company coverage: ACN.N        (c) Copyright Thomson Reuters 2020. Click For Restrictions - https://agency.reuters.com/en/copyright.html   원문 바로가기    DISCLAIMER  레피니티브의 사전, 서면 승인 없는 톰슨로이터 콘텐츠의 재생산이나 재배포는 금지되어 있습니다. 이 기사의 한국어 번역은 에프앤가이드가 사용하는 기계적 번역에 의한 것으로 톰슨로이터와 레피니티브는 번역의 정확성을 보증하지 않습니다."
72,1,"2021-09-20","21:51:23","BRIF-AAR사는 국가 원자력 안전 보장국이 4,100만 달러의 재구축된 수송기 제공 계약을 체결했다.","BRIEF-AAR Corp Awarded $41M Contract By National Nuclear Security Administration To Provide A Reconfigured Transport Aircraft .storyContent * {border-color:inherit !important;outline-color:inherit !important;} 9월 20일(로이터) - AAR 코퍼레이션 AIR.N:  aar는 재구성된 수송기를 제공하기 위해 국가원자력 안전 관리국이 4,100만 달러의 계약을 체결했다.    Further company coverage: AIR.N        (c) Copyright Thomson Reuters 2020. Click For Restrictions - https://agency.reuters.com/en/copyright.html   원문 바로가기    DISCLAIMER  레피니티브의 사전, 서면 승인 없는 톰슨로이터 콘텐츠의 재생산이나 재배포는 금지되어 있습니다. 이 기사의 한국어 번역은 에프앤가이드가 사용하는 기계적 번역에 의한 것으로 톰슨로이터와 레피니티브는 번역의 정확성을 보증하지 않습니다."
72,2,"2021-09-20","21:51:15","비트코인이 1개월 반 만에 최저치로 떨어지면서 BUZ-Crypto 주가 하락","BUZZ-Crypto stocks slide as bitcoin sinks to 1-1/2 month low .storyContent * {border-color:inherit !important;outline-color:inherit !important;} ** 암호화폐 및 블록체인 관련 기업의 주가가 비트코인으로 프리마케트 하락 BTC=BTSP 9.5% 대 42,745.25달러.   ** 비트코인 뱅크 실버게이트 캐피털 SI.N 5.9% 하락, 암호화폐 채굴자 라이엇 블록체인 RIOT.O 및 마라톤 특허 그룹 MARA.O 각각 6.9%와 9%의 미끄러짐  ** 중국 기반 미래핀테크 그룹 주식회사 FTFT.O 3% 미끄러지다  ** Overstock.com의 주식 OSTK.O온라인 소매업체 및 블록체인 기술 투자자, 3.1% 감소, 중국 중심의 SOS SOS.N 크립토 거래소 코인베이스 글로벌 주식 6% 하락 COIN.O 4.6% 하락하다  ** MicroStrategy Inc. MSTR.O고도로 활용된 BTC 구매자 및 비즈니스 인텔리전스 소프트웨어 회사 , 7.2% 감소   ** 비트코인 채굴기계 제조업체 이방인터내셔널 EBON.O 그리고 가나안 주식회사 CAN.O 각각 5.6%와 6.4% 하락했다.   ** 비트코인이 9.7% 하락한 42,660달러로 광범위한리스크 오프 심리에 타격을 입은 8월 7일 이후 최저치   ** BTC는 YTD 46% 상승, 암호화 관련 주식의 시장가치를 크게 상승     (Reporting by Aaron Saldanha)  Aaron.Saldanha@thomsonreuters.com ; +91 9810644993; Reuters Messaging: Aaron.Saldanha@thomsonreuters.com @reason.net))        (c) Copyright Thomson Reuters 2020. Click For Restrictions - https://agency.reuters.com/en/copyright.html   원문 바로가기    DISCLAIMER  레피니티브의 사전, 서면 승인 없는 톰슨로이터 콘텐츠의 재생산이나 재배포는 금지되어 있습니다. 이 기사의 한국어 번역은 에프앤가이드가 사용하는 기계적 번역에 의한 것으로 톰슨로이터와 레피니티브는 번역의 정확성을 보증하지 않습니다."
72,3,"2021-09-20","21:51:02","UPDATE 1-러시아의 난맥상은 국회의원 선거가 끝난 후 3주 만에 최저치로 떨어졌다.","UPDATE 1-Russian rouble sinks to 3-week low after parliamentary election .storyContent * {border-color:inherit !important;outline-color:inherit !important;}  모스크바, 9월 20일 (로이터) - 3일간의 의회 선거 결과가 최종 확정되면서 러시아 분쟁은 월요일 달러 대비 3주간의 최저치로 떨어졌다.   러시아 퍼머시의 한 대학에서 총기 난사 사건이 발생해 최소 6명이 숨지고 많은 사람들이 다쳤다는 보도가 나온 후 이미 이날약해진 난투극은 설 자리를 더 잃었다.   1228년 GMT가 달러화에 대해 73.49로 0.9% 하락했다. RUBUTSTN=MCX앞서 1% 이상 하락한 73.59를 기록, 8월 30일 이후 가장 낮은 수치를 기록했다.   유로화 대비 86.05로 무역에서 0.7% 하락했다. EURRUBTN=MCX.  BCS글로벌마켓은 ""성장 동력이 거의 없고, 좋지 않은 대외 배경, 지수가 사상 최고치에 육박하는 상황에서 이번 주 국내 시장 전망은 희박해 보인다""고 말했다.   블라디미르 푸틴 대통령을 지지하는 러시아의 집권 통합러시아당은 선거와 비판자들에 대한 전면적인 탄압 이후 의회 다수당을 유지했지만 반대자들은 광범위한 사기 행각을 벌이고 있다고 주장했다.   라코인베스트의 드미트리 폴보이 투자자들에게 보낸 쪽지에서 ""시장들은 (있을 것 같지 않은) 불수용에 대한 서방의 진술이 뒤따르지 않는 한 주 두마 선거 결과를 무시할 것 같다""고썼다.  ""선거 이후 시위 정서가 증가할 수도 있다는 점도 분쟁에 해를 끼칠 것""이라고 앨러 브로커는 쪽지를 통해 말했다.   투자자들은 미국 연방준비제도이사회(FRB)의 9월 21~22일 회의에 집중하면서 연준이 테이퍼링 경기부양에 한 발짝 더 나설 것을 대비하고 있다.  브렌트 원유 LCOc1러시아의 주요 수출품의 세계적인 벤치마크인 이 나라는 배럴당 73.73달러로 2.2% 하락했다.   리스크 회피심리도 러시아 증시를 끌어내리고 있었다.   달러 표시 RTS 지수 .IRTS 2.7% 하락한 1,697.2포인트를 기록했다. 루블 기반 MOEX 러시아 지수 .IMOEX 지난주 사상 최고치인 4,081.98포인트에서 더 떨어져 3,958.4포인트로 1.9% 하락했다.   특히 금속과 광산업체들이 큰 타격을 입었다. 러시아 정부는 주 예산에 수십억 루블을 추가할 수 있는 광물추출세(MET)를 부과하는 방안을 검토하고 있다고 소식통이 로이터 통신에 전했다.   러시아어 주식 가이드는 다음을 참조하십시오. RU/EQUITY  러시아 국고채의 경우 다음을참조하십시오. 0#RUTSY=MM  (Reporting by Alexander Marrow; Editing by Toby Chopra and Hugh Lawson)  alexander.marrow@thomsonreuters.com     (c) Copyright Thomson Reuters 2020. Click For Restrictions - https://agency.reuters.com/en/copyright.html        Keywords: RUSSIA-MARKETS/ (UPDATE 1)   원문 바로가기    DISCLAIMER  레피니티브의 사전, 서면 승인 없는 톰슨로이터 콘텐츠의 재생산이나 재배포는 금지되어 있습니다. 이 기사의 한국어 번역은에프앤가이드가 사용하는 기계적 번역에 의한 것으로 톰슨로이터와 레피니티브는 번역의 정확성을 보증하지 않습니다."
72,4,"2021-09-20","21:50:38","이노티브 첫 투자등급 매수 ... 주가 목표 45달러: 크레이그-핼럼","[다우존스/이데일리] 크레이그-핼럼이 이노티브 주식 평가를 시작하면서 첫 투자등급을 매수로 결정했다. 또 주가 목표를 45달러로 발표했다.   ＜ⓒ종합 경제정보 미디어 이데일리 - 무단전재 & 재배포 금지＞"
72,5,"2021-09-20","21:50:30","BLIFT-Illumina Ventures 3억2500만 달러 펀드 폐쇄","BRIEF-Illumina Ventures Closes $325 Million Fund .storyContent * {border-color:inherit !important;outline-color:inherit !important;} 9월 20일 (로이터) -   일루미네이션 벤처스는 3억 2천 5백만 달러의 펀드를 마감한다.          (c) Copyright Thomson Reuters 2020. Click For Restrictions - https://agency.reuters.com/en/copyright.html   원문 바로가기    DISCLAIMER  레피니티브의 사전, 서면 승인 없는 톰슨로이터 콘텐츠의 재생산이나 재배포는 금지되어 있습니다. 이 기사의 한국어 번역은 에프앤가이드가 사용하는 기계적 번역에 의한 것으로 톰슨로이터와 레피니티브는 번역의 정확성을 보증하지 않습니다."
72,6,"2021-09-20","21:50:09","“삼성, '갤럭시M52' 이달 내 공개된다”","[아시아경제 구은모 기자] 삼성전자의 보급형 스마트폰 ‘갤럭시 M52 5G’가 이달 내 공개될 것이라는 관측이 나온다.   20일(현지시간) IT전문매체 샘모바일은 아마존 웹사이트의 휴대폰 티저 페이지를 인용해 갤럭시 M52가 오는 28일 공개될 것이라고 보도했다.   샘모바일은 당초 M52는 지난 19일 인도를 시작으로 시장에 선보일 것으로 예상됐지만 출시가 열흘 가량 연기된 것으로 보인다고 전했다.이달 출시한 ‘갤럭시 A52s’와 전반적으로 유사한 스펙으로 예상되는 M52는 가격 면에서 A52s보다 저렴한 선택지가 될 수 있을 것으로 보인다.   M52의 애플리케이션 프로세서(AP)는 퀄컴의 스냅드래곤 778G가 탑재되고, 6GB·8GB 램(RAM), 128GB 저장용량이 채택될 전망이다. 스냅드래곤 778G는 TSMC의 6나노미터(nm) 공정기술을 사용해 구축된 고급 프로세서다. 스냅드래곤 778G는 트리플 이미지신호프로세서(ISP)를 통해 광각, 초광각, 줌 등 총 3개의 사진 또는 영상을 동시 촬영하는 기능을 제공한다.   디스플레이는 120헤르츠(Hz)가 지원되는 6.7인치 슈퍼 아몰레드(AMOLED) 인피니티-O 디스플레이가 채택되고, 카메라는 전면에 3200만화소의 셀피카메라, 후면에는 광학식흔들림보정(OIS) 기능을 지원하는 6400만화소 메인 카메라를 비롯해 1200만화소 초광각 카메라, 500만화소 매크로 카메라 등 트리플 카메라가 탑재된다.   다만 배터리 용량은 당초 예상보다 적은 5000밀리암페어시(mAh)로 예상되며, 25와트(W)의 고속충전 기능을 함께 지원할 것으로 보인다. 지난해 8월 출시된 전작 ‘갤럭시M51’은 7000mAh 대용량 배터리로 주목받았던 모델이다.   이밖에 M52는 블랙, 블루, 화이트 등 3가지 색상으로 출시될 예정이며, GPS, 듀얼 SIM 카드 슬롯, 5G, 와이파이6, 블루투스 5.0, NFC, USB 타입-C 포트 및 3.5mm 헤드폰 잭이 포함될 전망이다.    ● [무료공개] 지금 ""1,000만원""만 있어도 당장 ""이것""부터 사라!! >>> (무료 체험)   ● K방역 위기! SK바이오사이언스 1200% 능가할 하반기 역대급 백신株 [지금 확인]  ● 2021년 하반기 실적이 기대되는 저평가 종목 ㅇㅇㅇ 확인하기! [관련기사]  ☞ ""갤럭시S22 크기 작아진다"" 6인치 ' 미니' 나오나  ☞ 갤럭시아메타버스, 국내 NFT 플랫폼최초 SBS미디어넷과 NFT 사업 협력  ☞ 노트북 저리 가라…""갤탭 S8 울트라, 14.6인치 대화면""  ☞ 중국 전용 갤럭시Z폴드3 'W22 5G' 나온다...렌더링 유출  ☞ 투자 성공의 핵심은 기업분석! 'CORE' 바로가기      구은모 기자 gooeunmo@asiae.co.kr   <ⓒ경제를 보는 눈, 세계를 보는 창 아시아경제(www.asiae.co.kr) 무단전재 배포금지>"
72,7,"2021-09-20","21:49:24","BRIF-Xylem Inc., 골드만삭스, ESG-Linked Demand 예금 계좌 최초 출시","BRIEF-Xylem Inc, Goldman Sachs Launch First Esg-Linked Demand Deposit Account .storyContent * {border-color:inherit !important;outline-color:inherit !important;} 9월 20일(로이터) - 자일름 주식회사 XYL.N:  xylem, 골드만삭스, ESG 연계 수요예금 계좌 최초 출시    Further company coverage: XYL.N        (c) Copyright Thomson Reuters 2020. Click For Restrictions - https://agency.reuters.com/en/copyright.html   원문 바로가기    DISCLAIMER  레피니티브의 사전, 서면 승인 없는 톰슨로이터 콘텐츠의 재생산이나 재배포는 금지되어 있습니다. 이 기사의 한국어 번역은 에프앤가이드가 사용하는 기계적 번역에 의한 것으로 톰슨로이터와 레피니티브는 번역의 정확성을 보증하지 않습니다."
73,1,"2021-09-20","21:43:17","글로벌 조세협정에 대한 아일랜드의 반대는 변함없이 미국을 주시하고 있다.","Irish opposition to global tax deal unchanged, watching U.S. closely .storyContent * {border-color:inherit !important;outline-color:inherit !important;} DUBLIN, 9월 20일 (로이터) - 아일랜드는 다음 달 최종 합의안을 앞두고 글로벌 법인세법 개편안에 대한 반대는 변하지 않았으며 미국의 개혁 추이를 예의주시하고있다고 파스찰 도노회 재무장관이 월요일 말했다.  도노회는 24일 파올로 겐틸로니 EU 경제 집행위원과의 공동기자회견에서 ""아일랜드는 협정에 가입할 수 있을지 여부에 초점을 맞추고 있다""고 밝혔다.  그는 ""미국의 참여는 합의가 이루어질 수 있는지에 절대적으로 필수적이며 앞으로 몇 주 동안 바이든 대통령의 행정부에 정치적 초점이 맞춰져 있는 것으로 알고 있다""고 말했다. 최종 합의가 가능한지 살펴보며 우리 모두 그 과정의 상황을 보고 싶어할 것 같다.""     (Reporting by Padraic Halpin; editing by Michael Holden)  michael.holden@thomsonreuters.com ; +44 207 542 3213; Reuters Messaging: michael.holden.thomsonreuters.com@reuters.net     (c) Copyright Thomson Reuters 2020. Click For Restrictions - https://agency.reuters.com/en/copyright.html        Keywords: GLOBAL-TAX/IRELAND (URGENT)   원문 바로가기    DISCLAIMER  레피니티브의 사전, 서면 승인 없는 톰슨로이터 콘텐츠의 재생산이나 재배포는 금지되어 있습니다. 이 기사의 한국어 번역은 에프앤가이드가 사용하는 기계적 번역에 의한 것으로 톰슨로이터와 레피니티브는 번역의 정확성을 보증하지 않습니다."
73,2,"2021-09-20","21:43:02","軍 코로나19 신규 확진 2명...누적, 완치 1652명·치료 중 41명","군 장병 코로나19 진단검사. 사진=뉴스1 [파이낸셜뉴스] 군에서 20일 오후 2시 기준, 2명의 코로나19 확진자가 신규 보고됐다. 국방부는 이로써 군 내 코로나19 누적 확진자수가 1699명으로 집계됐다고 밝혔다. 이 중 가운데 완치된 사례는 1652명, 치료·관리 중인 사례는 47명이다. 신규 보고된 코로나19 확진자는 경기도 양주 육군부대 소속 간부 1명과 경남 창원시 진해구 해군부대 소속 간부 1명이며 해군 간부는 휴가 복귀 전 실시한 코로나19 진단검사 결과 확진 판정을 받았다.  wangjylee@fnnews.com 이종윤 기자  ▶1500% 가는 '제2의 HMM' 아직 5000원대 황금株, 급등 전 마지막 기회! [클릭] ▶“주식카톡방 완전무료 선언” 파격결정  [파이낸셜뉴스 주요뉴스]  → 남편과 사별한 여성, 자기 따라다니던 남자와 결혼했더니.. → ""팬티만 입으라는 지시 받았다"" 그의 소변에는... → 모델 한혜진 ""전 남친, 방송서 男 출연자와 눈 보며 대화했다고.."" → '태아 머리가 보인다' 전주 女 사우나서 일어난 일 → 월급 150만원 39세 여성의 어머니 ""내 딸 정도면.."" → 빨간나라로 가는 노란 티켓 [파인애플]  ● 하루만에 高수익 챙길 ‘초대형’ 백신 대장株! 비밀리에 입수! 1200% ↑↑ (CLICK)  ▶▶[무료공개]◀◀ 지금 ""1,000만원""만 있어도 당장 ""이것""부터 사라!! >>> (무료 체험)   ※ 저작권자 ⓒ 파이낸셜뉴스. 무단 전재-재배포 금지 "
73,3,"2021-09-20","21:42:59","BTS JK ""우리가 완성하고 싶었던 순간 한동안 그리워했다""","[아시아경제 류정민 기자]     ● [무료공개] 지금 ""1,000만원""만 있어도 당장 ""이것""부터 사라!! >>> (무료 체험)   ● K방역 위기! SK바이오사이언스 1200% 능가할 하반기 역대급 백신株 [지금 확인]  ● 2021년 하반기 실적이 기대되는 저평가 종목 ㅇㅇㅇ 확인하기! [관련기사]  ☞ BTS V ""다시 얼굴 마주하고 만날 날도 멀지 않은 것 같다""  ☞ 中 규제에 수난 겪는 엔터株…시장선 ""저점매수 기회로""  ☞ BTS '다이너마이트', 롤링스톤 '위대한 노래 500곡'에 선정돼  ☞ '추석연휴' 文대통령 유엔총회 참석…베트남, 슬로베니아와 정상회담 (종합)  ☞ 투자 성공의 핵심은 기업분석! 'CORE' 바로가기      류정민 기자 jmryu@asiae.co.kr   <ⓒ경제를 보는 눈, 세계를 보는 창 아시아경제(www.asiae.co.kr) 무단전재 배포금지>"
73,4,"2021-09-20","21:42:57","분석-유럽연합(EU)은 탈레반과의 외교를 아프간 지원으로 제한하고 있다.","ANALYSIS-From Doha, EU limits diplomacy with Taliban to Afghan aid .storyContent * {border-color:inherit !important;outline-color:inherit !important;}  브뤼셀, 9월 20일 (로이터) - 유럽연합은 안전한 지원 통로를 확보하기 위해 아프가니스탄의 새로운 통치자들과 비공식적인 합의를 목표로 탈레반에 대처하는 방법을 알아내면서 인도주의적 지원에 초점을 맞출 것이라고 4명의 외교관과 2명의 관리가 말했다.  카불에서 서방의 무질서한 철군 이후 이슬람 무장세력이 장악한지 한 달여 만에 유럽연합(EU) 정부들도 탈레반이 대표로 있는 카타리 수도 도하로 주둔을 제한하고 있다.   이러한 야망 감소는 탈레반의 지도자들이 세계 강대국들의 포용적 팀에 대한 호소에 역행하는 여성 없는 임시정부를 발표한 이후 탈레반에서 누구를 상대해야 할지에 대한 안보 우려와 혼란을 반영하고 있다.  탈레반과 강경파로 구성된 정부 구성과 인권 유린에 대한 광범위한 보도는 그들이 1996년에서 2001년 사이에 국가를 운영한 이후 변화해 온 낙관론을 위축시켰다고 외교관은 말했다.  EU의 한 외교관은 ""탈레반은 돈과 고립 사이에서 선택을 해야 할 것""이라며 ""그러나 우리는 이들에 대한 기대가 거의 없다""고 말했다. ""오늘은 아무런 신호도 없다.""   8월 15일 탈레반이 집권한 이후 유엔난민기구를 통해 빈곤과 굶주림이 극심해진 아프가니스탄에 구호물자 호송대가 속속 도착하고 있다. 유엔난민기구(UNHCR)의 필리포 그란디 대표도 지난주 카불에서 탈레반과 만났다.   그러나 세계최대 기부국인 EU가 3억 유로(약 3억5100만 달러)의 아프가니스탄 지원책을 마련함에 따라 탈레반을 인권을 유지하기 위한 지렛대로 삼기를원하고 있다.  파키스탄과 아랍에미리트에서 비행기가 도착하면 믿을 수 있는 탈레반 관계자들의 이름과 전화번호도 필요하다.   EU 고위 외교관은 이날 도하에서 열린 EU와 탈레반 간 협의에 대해 ""우리는 공격으로부터 자유롭고 간섭이 없으며 여성이 참여할 수 있는 인도주의적 지원 경로에 대한 보증을 찾고 있다""고 말했다.  EU의 주요 요구 사항은 비정부 지원 단체들의 보호, 탈레반이 소속팀 여성들에게 허용, 카불 공항에서 구호물품이 압류되지 않을 것, 그리고 탈레반이 어떤 지역이나 지역에서 원조를 받을지 결정하지 않을 것 이라고 외교관은 말했다.      미션 가능?  요제프 보렐 EU 외교정책 대표는 지난주 EU가 아프가니스탄에서 임무를 재개하기를 원했다고 말했다. 페카 하비스토 핀란드 외무장관은 로이터 통신과의 인터뷰에서 EU의 인도주의 지원 부대가 그곳에서 활동할 것이라고 말했다.  그는 ""우리는 상황에 대한 직접 정보와 지원이 가장 어려운 사람들에게 어떻게 도움이 될 수 있는지에 대한 탈레반과의 기술적 논의를 가질 것""이라고 말했다.  탈레반이 완전한 교전을 위해 반드시 충족시켜야 할 5가지 목표에 대한 EU의 합의에도 불구하고, 보다 광범위한 외교의 대부분은 파키스탄, 이란, 타지키스탄, 투르크메니스탄, 우즈베키스탄 등 아프가니스탄의 이웃 국가들에 초점을 맞출 가능성이 높다. 그들은 유럽으로 도망치는 난민들을 막기 위한 열쇠로 여겨지고 있다.  EU 지도자들은 이번 주 뉴욕에서 미국 및 다른 서방 정부와그들의 접근법을 논의할 것이다. 탈레반이 그들만의 유엔 특사를 내세울지는 분명치 않았다.     보안 부족, 신뢰  토마스 니콜라손 아프가니스탄 EU 특별대표는 이달 초 도하에서 셰르 무하마드 압바스 스타니크자이 정치위원회 부위원장을 만나 EU가 카불에서환영할 것이라는 말을 들었다고 외교관은 전했다.  그러나 스타니크자이를 개별적으로 만난 많은 EU 외무장관들은 그가 카불과 칸다하르에서 탈레반을 대변하는지 알지 못한다. 왜냐하면 가장 영향력 있는 지도자들은 카타르가 아니라 아프가니스탄에 있기 때문이다.   탈레반 정부의 구성과 인권 문제로 브뤼셀에서의 논의의 범위가 제한되었다. EU 대사들은 아프가니스탄의 급여를 직접 지불하는 것과 같은 문제들에 대해 논의하지 않았다.  탈레반이 덴마크와 EU가 아닌 노르웨이 등 카불의 유럽 대사관에 침입한 상황에서 카불 복귀도 물류상 어렵다.   EU는 자국의 인원들이 도하에 근거지를 두고 회의를 위해 카불을 방문하는 것에 그칠 것으로 예상하고 있다. 한 외교관은 EU 국가들이 서방의 안보 동맹에 의존하기 보다는 그들만의 안보를 제공하거나 계약자를 고용할 필요가 있을 것이라고 말했다.  또 다른 EU 외교관은 ""영구적으로 소수의 사람들만 카불에 보내려면 그들이 안전하게 일할 수 있는지 확인해야 한다""고 말했다. ""그러나 그것은 매우 초기단계다. 나는 우리가 어떤 종류의 돌파구에도 근접했다고 생각하지 않는다.""  ($1 = 0.8542유로)     (Additional reporting by John Irish in Paris, Essi Lehto in Helsinki and Sabine Siebold in Berlin; Editing by Angus MacSwan)  robin.emmott@thomsonreuters.com ; +32 2 287 6835; Reuters Messaging: robin.emmott.thomsonreuters.com@reuters.net     (c) Copyright Thomson Reuters 2020. Click For Restrictions - https://agency.reuters.com/en/copyright.html        Keywords: AFGHANISTAN-CONFLICT/EU (ANALYSIS, PIX)   원문 바로가기    DISCLAIMER  레피니티브의 사전, 서면 승인 없는 톰슨로이터 콘텐츠의 재생산이나 재배포는 금지되어 있습니다. 이 기사의 한국어 번역은 에프앤가이드가 사용하는 기계적 번역에 의한것으로 톰슨로이터와 레피니티브는 번역의 정확성을 보증하지 않습니다."
73,5,"2021-09-20","21:42:44","BRIF-Mirati 치료법, Krasg12c-Muted Advanced Non-Small Cell Lung Canc 환자에서 아다그라시브 조사를 위한 양성 단계 2 토플라인 결과 발","BRIEF-Mirati Therapeutics Announces Positive Phase 2 Topline Results For Investigational Adagrasib In Patients With Krasg12c-Mutated Advanced Non-Small Cell Lung Cancer .storyContent * {border-color:inherit !important;outline-color:inherit !important;} 9월 20일(로이터) - Mirati Therapeutics:  미라티 치료법은 크라스그12c가 투여된 비소세포 폐암 환자의 조사 아다그라시브에 대한 양성 2단계 결과를 발표한다.   미라티 치료법 - 2022년 초 의료 회의에서 발표를 위한 2단계 등록-인증 코호트의 세부 결과 제출   미라티 치료제 - 아다그라시브 600mg의 입찰이 43%, 질병 통제율이 80%인 것으로 나타난 실험 대상 모집단에서 분석을 완료했다.   Further company coverage: MRTX.O  Reuters.Briefs@thomsonreuters.com        (c) Copyright Thomson Reuters 2020. Click For Restrictions - https://agency.reuters.com/en/copyright.html   원문 바로가기    DISCLAIMER  레피니티브의 사전, 서면 승인 없는 톰슨로이터 콘텐츠의 재생산이나 재배포는 금지되어 있습니다. 이 기사의 한국어 번역은 에프앤가이드가 사용하는 기계적 번역에 의한 것으로 톰슨로이터와 레피니티브는 번역의 정확성을 보증하지 않습니다."
73,6,"2021-09-20","21:42:40","BRIF-Sera Prognostics Inc가 Russell 2000 지수에 추가될 예정","BRIEF-Sera Prognostics Inc To Be Added To Russell 2000 Index .storyContent * {border-color:inherit !important;outline-color:inherit !important;} 9월 20일(로이터) - 세라 프로그노스틱스 주식회사 SERA.O:  러셀 2000 지수에 추가될 세라 예측    Further company coverage: SERA.O        (c) Copyright Thomson Reuters 2020. Click For Restrictions - https://agency.reuters.com/en/copyright.html   원문 바로가기    DISCLAIMER  레피니티브의 사전, 서면 승인 없는 톰슨로이터 콘텐츠의 재생산이나 재배포는 금지되어 있습니다. 이기사의 한국어 번역은 에프앤가이드가 사용하는 기계적 번역에 의한 것으로 톰슨로이터와 레피니티브는 번역의 정확성을 보증하지 않습니다."
73,7,"2021-09-20","21:42:35","BTS JIN ""Let's live on! 지금을 잘 살아가자""","[아시아경제 류정민 기자]     ● [무료공개] 지금 ""1,000만원""만 있어도 당장 ""이것""부터 사라!! >>> (무료 체험)   ● K방역 위기! SK바이오사이언스 1200% 능가할 하반기 역대급 백신株 [지금 확인]  ● 2021년 하반기 실적이 기대되는 저평가 종목 ㅇㅇㅇ 확인하기! [관련기사]  ☞ 中 규제에 수난 겪는 엔터株…시장선 ""저점매수 기회로""  ☞ BTS '다이너마이트', 롤링스톤 '위대한 노래 500곡'에 선정돼  ☞ '추석연휴' 文대통령 유엔총회 참석…베트남, 슬로베니아와 정상회담 (종합)  ☞ [조용준의 여행만리] 폭포소리에 시름 떨쳐내고~ 공기마을 편백숲, 맑은 공기 마음껏~  ☞ 투자 성공의 핵심은 기업분석! 'CORE' 바로가기      류정민 기자 jmryu@asiae.co.kr   <ⓒ경제를 보는 눈, 세계를 보는 창 아시아경제(www.asiae.co.kr) 무단전재 배포금지>"
74,1,"2021-09-20","21:35:14","Gaotu Techedu Inc.는 주당 1.44엔의 손실을 기록할 것으로 예상됨 - 수익 미리보기","Gaotu Techedu Inc expected to post a loss of CNY1.44 a share - Earnings Preview .storyContent * {border-color:inherit !important;outline-color:inherit !important;} * 가오투테체두 주식회사 GOTU.N, GOTU.K 9월 22일에 결과를 보고할 때 분기별 수익이 증가할 것으로 예상된다.   * 베이징에 본사를 둔 이회사는 Refinitiv 데이터에 근거한 5명의 분석가들의 평균 추정치에 따르면 1년 전의 16억 5천만 위안에서 51.3%의 매출 증가를 24억 9,700만 위안으로 보고할 것으로 예상된다.   ?* Refinitiv의 Gaotu Techedu Inc.에 대한 평균 분석가는 주당 CINY1.44의 손실에 대한 것이다. 작년 같은 분기의 동사는 주당 29펜의 수익을 발표했다.  * 현재 주식에 대한 평균 애널리스트 등급은 ""보유""로, 추천 등급은 ""강력 매수"" 또는 ""매도"" 2개, ""보유"" 3개, ""강력 매도"" 또는 ""강력 매도"" 4개로 구분된다.   * 애널리스트들의 평균 수익 추정치는 지난 3개월동안 변동이 없었다.  * 가오투테슈두 주식회사의 12개월 평균 가격 목표는 19.5달러인데, 약 87%가 상회? 그것의 마지막 종가 2.54 달러?  *이전 분기실적(중국 위안화 렌민비 우선수익척도 사용) ?    쿼터 엔딩  스타미네  Smartestimate®  재초기 ibs 추정치   실제  BEAT, MET, MISS  서프라이즈 %   2021년 3월 31일  -2.43  -2.44  -5.20  놓쳤다  -113.4   2020년 12월 31일  -2.38  -2.49  -2.29  비트  8   2020년 9월 30일  -2.91  -2.04  -3.62  놓쳤다  -77.8?   2020년 6월 30일  0.38  0.38  0.29  놓쳤다  -24.3   2020년 3월 31일?  0.57?  0.57  0.76  비트  34.1?   2019년 12월 31일  0.61  0.62  0.79  비트  27.4?   2019년 9월 30일  0.09  0.09  0.01  놓쳤다  -88.9   2019년 6월 30일  0.12  0.12  0.01  놓쳤다  -66.7   이 요약본은 9월 20일 12시 34분 GMT에서 생성된 기계로, 달리 명시되지 않은한 중국 위안화 렌민비의 모든 수치를 나타낸다.     (c) Copyright Thomson Reuters 2020. Click For Restrictions - https://agency.reuters.com/en/copyright.html        Keywords: GAOTU TECHEDU-RESULTS/PREVIEW   원문 바로가기    DISCLAIMER  레피니티브의 사전, 서면 승인 없는 톰슨로이터 콘텐츠의 재생산이나 재배포는 금지되어 있습니다. 이 기사의 한국어 번역은 에프앤가이드가 사용하는 기계적 번역에 의한 것으로 톰슨로이터와 레피니티브는 번역의 정확성을 보증하지않습니다."
74,2,"2021-09-20","21:35:07","文대통령 ""포용과 상생, 함께 행동으로…코로나백신 공평한 접근이 시작""","[아시아경제 류정민 기자]     ● [무료공개] 지금 ""1,000만원""만 있어도 당장 ""이것""부터 사라!! >>> (무료 체험)   ● K방역 위기! SK바이오사이언스 1200% 능가할 하반기 역대급 백신株 [지금 확인]  ● 2021년 하반기 실적이 기대되는 저평가 종목 ㅇㅇㅇ 확인하기! [관련기사]  ☞ 文대통령 ""BTS와 함께하는 오늘, 미래세대 선한의지 결집 계기 되기를""  ☞ 文대통령 ""한가위 보름달 소원은 국민 건강과 안전""  ☞ 문대통령 ""어려운 분 많지만 격려하는 명절""  ☞ 미사일 발사 나선 남북, 한반도 긴장 관계 심화되나  ☞ 투자 성공의 핵심은 기업분석! 'CORE' 바로가기      류정민 기자 jmryu@asiae.co.kr   <ⓒ경제를 보는 눈, 세계를 보는 창 아시아경제(www.asiae.co.kr) 무단전재 배포금지>"
74,3,"2021-09-20","21:35:02","문대통령·BTS 초청 유엔 SDG란…""미래비전 제시 최적 무대""","문대통령·BTS 초청 유엔 SDG란…""미래비전 제시 최적 무대""  ""누구도 소외않는다""…빈곤종식·불평등 완화·코로나 극복 논의         (뉴욕=연합뉴스) 김범현 임형섭 기자 = 문재인 대통령과 방탄소년단(BTS)이 20일(현지시간) 미국 뉴욕에서 열린 '지속가능발전목표 고위급 회의(SDG 모멘트)'에 나란히 참석했다.      SDG는 2015년 유엔 개발정상회의에서 채택된 인류의 2016∼2030년 공동 비전으로, '누구도 소외시키지 않는다'는 슬로건 아래 인간·지구·번영·평화·파트너십 등 5개 영역에서 인류가 나가야 할 방향이 17개 항목의 목표로 정리돼 있다.      이 목표에는 ▲ 모든 곳에서 모든 형태의 빈곤 종식 ▲ 기아 종식 ▲ 모든 사람의 건강한 삶 보장 및 복리증진 ▲ 공평한 교육 보장 ▲양성평등 달성 ▲ 국가 간 불평등 완화 ▲ 기후변화 대응을 위한 긴급행동 등이 포함됐다.      유엔은 지난해를 2030년까지 SDG를 달성하기 위한 '행동의 10년' 원년으로 발표하면서 유엔 사무총장 주도로 각국의 이행상황을 점검하기 위한 고위급 회의 SDG 모멘트를 연례적으로 열기로 했다.      화상으로 열린 지난해 1차 회의는 모두 21개국 정상들이 참여했으며 에르나 솔베르그 노르웨이 총리가 회원국 대표 자격으로 발언을 했다.      올해는 문 대통령이 유일한 국가 정상으로 참여해 대표발언을 맡았고, 여기에 방탄소년단 역시 대통령 특사이자 청년 대표로 나란히 초청돼 발언 및 영상 퍼포먼스를 펼쳤다.      청와대에서는 인류 보편의 목표를 두고 각국이 머리를 맞대는 무대에 문 대통령과 방탄소년단이 나란히 대표로 참여한다는 것 자체가 큰의미를 갖는다고 평가하고 있다.      특히 유엔이 코로나19의 여파로 국제사회가 목표 달성에 차질을 빚고 있다고 평가하는 상황에서 코로나 극복, 포용적 회복, 지속가능 개발 등 미래 비전을 한국이 주도해가겠다는 의지를 보여주기에도 최적의 무대라는 것이 청와대의 기대다.      kbeomh@yna.co.kr      hysup@yna.co.kr  (끝)     <저작권자(c) 연합뉴스, 무단 전재-재배포 금지>"
74,4,"2021-09-20","21:34:57","BLIFT-NXT-ID Inc.는 역주식 분할에 대한 특별 주주총회 개최일자를 수정한다.","BRIEF-NXT-ID Inc Revises Date For Special Shareholder Meeting To Vote On Reverse Stock Split .storyContent * {border-color:inherit !important;outline-color:inherit !important;} 9월 20일(로이터) - NXT-ID Inc. NXTD.O:  nxt-id, Inc.는 중요한 역주분할에 대한 투표를 위해 특별 주주총회 날짜를 수정한다.    Further company coverage: NXTD.O        (c) Copyright Thomson Reuters 2020. Click For Restrictions - https://agency.reuters.com/en/copyright.html   원문 바로가기    DISCLAIMER  레피니티브의 사전, 서면 승인 없는톰슨로이터 콘텐츠의 재생산이나 재배포는 금지되어 있습니다. 이 기사의 한국어 번역은 에프앤가이드가 사용하는 기계적 번역에 의한 것으로 톰슨로이터와 레피니티브는 번역의 정확성을 보증하지 않습니다."
74,5,"2021-09-20","21:34:32","文대통령 ""한국, 2050 탄소중립 시나리오 10월 말 확정""","[아시아경제 류정민 기자]     ● [무료공개] 지금 ""1,000만원""만 있어도 당장 ""이것""부터 사라!! >>> (무료 체험)   ● K방역 위기! SK바이오사이언스 1200% 능가할 하반기 역대급 백신株 [지금 확인]  ● 2021년 하반기 실적이 기대되는 저평가 종목 ㅇㅇㅇ 확인하기! [관련기사]  ☞ 文대통령 ""BTS와 함께하는 오늘, 미래세대 선한의지 결집 계기 되기를""  ☞ 文대통령 ""한가위 보름달 소원은 국민 건강과 안전""  ☞ 문대통령 ""어려운 분 많지만 격려하는 명절""  ☞ 미사일 발사 나선 남북, 한반도 긴장 관계 심화되나  ☞ 투자 성공의 핵심은 기업분석! 'CORE' 바로가기      류정민 기자 jmryu@asiae.co.kr   <ⓒ경제를 보는 눈, 세계를 보는 창 아시아경제(www.asiae.co.kr) 무단전재 배포금지>"
74,6,"2021-09-20","21:34:14","프레스 다이제스트-캐나다 - 9월 20일","PRESS DIGEST-Canada - Sept. 20 .storyContent * {border-color:inherit !important;outline-color:inherit !important;} 9월 20일 (로이터) - 다음은 선정된 캐나다 신문의 톱기사들이다. 로이터는 이러한 이야기들을 검증하지 않았고 정확성을 보증하지 않는다.        지구본 및 메일  ** 코러스엔터테인먼트 CJRb.TO 쇼커뮤니케이션즈 인수 제안이 말했다. SJRb.TO 로저스커뮤니케이션사 RCIb.TO 쇼에서 코러스의 글로벌 뉴스 텔레비전 네트워크로의 연간 지불이 중단되기 때문에 국내 뉴스 생산에 ""세부적인 영향""을 미칠 것이다. https://tgam.ca/3Am3Vx4      보니 헨리 도 보건관은 ""브리티시 컬럼비아인들은 대유행으로 인한 혹독한 가을과 겨울을 대비해야 하며 내년 어느 시점까지 정상과 비슷한 수준으로 회복될 것으로 기대해서는 안 된다""고 말했다. https://tgam.ca/3znh6fN      ** 제이슨 케니 알버타 총리는 보건 관계자들에게 자연적으로 획득한 COVID-19 항체의 증거가 도의 새로운 여권 시스템 하에서 백신을 증명하는 대신에 사용될 수 있는지 조사해 줄 것을 요청했다고 말했다. https://tgam.ca/3lFYMtD               (Compiled by Bengaluru newsroom)  globalnewsmonitoring@thomsonreuters.com     (c) Copyright Thomson Reuters 2020. Click For Restrictions - https://agency.reuters.com/en/copyright.html        Keywords: PRESS-DIGEST-CANADA/   원문 바로가기    DISCLAIMER  레피니티브의 사전, 서면 승인 없는 톰슨로이터 콘텐츠의 재생산이나 재배포는 금지되어 있습니다. 이 기사의 한국어 번역은 에프앤가이드가 사용하는 기계적 번역에 의한 것으로 톰슨로이터와 레피니티브는 번역의 정확성을 보증하지 않습니다."
74,7,"2021-09-20","21:34:13","'검은 태양' 홍석우 부장, ""남궁민은 한지혁 그 자체…기대  이상""","[헤럴드경제 = 서병기 선임기자]MBC 첫 금토드라마 ‘검은 태양’(극본 박석호 / 연출 김성용)이‘19금 편성’이라는 경쟁작 대비 불리한 여건 속에서도 첫 방송 최고 시청률 12.2%(닐슨 수도권 가구 기준)에 이어 단 2회 만에금토드라마 1위를 기록하며 돌풍을 일으키고 있다.  특히, ‘검은 태양’은 김성용 감독의 세련된 연출과 MBC 드라마극본공모 수상작다운 박석호 작가의 탄탄한 대본, 장르가 곧 배우인, 남궁민의 흡입력 있는 연기까지 3박자가 완벽한 조화를 이루며 이후 방송에 대한 기대감이 높아지고 있는 가운데, ‘검은 태양’을 기획하고 제작을 진두지휘하고 있는 MBC 드라마본부 홍석우 부장에게 ‘검은 태양’에 대한 몇 가지 질문을 전했다.  홍 부장은 첫 방송에 대한 시청자의 뜨거운 반응에 감사의 인사를 전하며 작품을 선보이기 전부터 자신감이 있었던 이유를 표했다.  “‘검은 태양’ 작품 퀄리티에 대한 자신은 있었어요. 이미 OTT 플랫폼을 통해 다양한 국가의 정보기관을 다루는 드라마나 영화가 소비되고 있는 상황이기도 하구요. 특히, 한국의 지정학적 위치와 군사적인 특수성을 고려할 때 대한민국처럼 정보기관의 활약이 중요한 나라는 없는 데, 이런 상황을 담은 첩보물이 한동안 안방극장에서 찾아볼 수가 없었죠. 그래서 한국형 첩보물의 정통을 이으면서도 요즘 시청자들의 눈높이에 맞는 드라마를 선보이고 싶었습니다. 분명히 시청자들에게 통할 거라는 자신도 있었구요.”  하지만 그에게도 걱정은 있었다. “전작이 없는 상황에서 시청자들에게 조금 낯선 시간인 금토 밤10시 첫 주자라는 점은 부담은 되었습니다. 여기에 다소 무거운 이야기의 질감, 낯설게 느껴질 수 있는 요소들이 있어 노심초사하며 시청자분들의 반응을 기다렸었죠. 다행히 이렇게 좋은 반응을 보여주셔서 감격스럽습니다. 다음 주부터는 본격적인 이야기가 전개되고, 볼거리도 더욱 풍성해질 예정이라 분명히 더 좋아하실 것 같습니다.”  ‘검은 태양’은 ‘나쁜 형사’ 이후 MBC가 3년 만에 19금으로 편성된 드라마다. 다만 ‘나쁜 형사’는 시민의 안전을 지켜야 할 형사가 이를 외면하고 응징을 한다는 설정이 19금의 이유였지만, 이에 반해 ‘검은 태양’은 표현이 매우 리얼해 다소 수위가 높았다. 또 범죄 집단에 대한 표현이 매우 구체적이어서 일부 장면은 불편하다는 시청자의 의견도 있었다. 19금으로 편성한 특별한 이유가 있는지, 혹시 ‘나쁜 형사’처럼 전편 19금으로 제작할 계획인지 물었다.  “19금이라는 등급과 수위로 주목받고 싶은 의도는 전혀 없었어요. 다만 다뤄지는 소재와 에피소드들을 시청자의 눈높이에 맞게 최대한 현실적으로 구현하고 싶었죠. 표현 수위 자체가 캐릭터의 설득력과 이야기의 개연성을 부여하는 요소가 될수 있었기 때문에 작품의 완성도를 양보할 수는 없었습니다. 이후 방송될 회차도 작품의 완성도를 높일 수 있는 표현의 수위를 고려할 예정입니다. 이에 따라 시청등급도 15세와 19금을 넘나들 것으로 생각됩니다.”  또 경찰관을 살해하고 경찰서를 습격하는 등 파격적인장면과 해당 범죄 집단의 표현에 대해서도 그는 “해당 에피소드뿐만 아니라 마약 사건 등 실제 벌어졌던 사건을 모티브로 삼아 표현한것도 분명 있습니다. 하지만 기본적으로 ‘검은 태양’에 등장하는 화양파를 비롯한 범죄집단들은 모두 픽션입니다. 따라서 특정국가나 집단이 아닌 국경을 넘나드는 국제적 범죄집단을 대표하는 극적 설정으로 봐주시면 좋을 것 같습니다.”  이처럼 이유 있는 19금 선택이지만 시청자층 확대에는 유리하진 않을 것 같다. 이에 대한 생각도 물었다. “지상파는 물론, 종편, 케이블 등 드라마 제작진 모두가 시청률에 자유로울 수는 없습니다. 그래서 드라마를 기획할 땐 늘 가장 많은 시청자들이 볼 수 있어야 한다는 고민이 있죠. 하지만, 그런 계산법이 ‘검은 태양’에는 오히려 작품의 방향성과 완성도를 흐트리는 요소가 될 수 있다는 결론을 얻었습니다. 결국 가장 중요한 본질은 좋은 작품을 선보이면 많은 시청자분들이 선택하실 거라는 확신이었습니다.”  이를 위해 ‘검은 태양’은 OTT 플랫폼 웨이브와도 현명한 상생의 방법을 찾았다. 분량 및 수위상 TV에서 선보일 수 없는 장면을 포함한 무삭제판을 웨이브를 통해서비스하는 것.  “우리 시청자들은 이미 다양한 플랫폼을 통해 콘텐츠를 접하는 데 능숙하며, 교차 시청도 상황에 따라 자유롭게선택합니다. 본방송을 통해 보고 싶으신 분은 당연히 저희 채널을 선택하실 것이고, 다시 보기나 몰아보기를 원하시는 분들은 또 그에 맞는방법을 선택하시겠죠. 가장 중요한 것은 결국 작품의 완성도이고, 저나 제작진 모두 이것을 최우선 고려요소로 드라마 제작에 만전을 기하고있습니다.”  방송 첫 주 이후 ‘검은 태양’은 ‘남궁민의 남궁민에 의한 남궁민의 드라마’라고 느껴질 정도로 남궁민의 연기는 기대 이상이었다고 평가되고 있다. 그에 비해 박하선, 김지은, 장영남 등 기대를 모았던 여성 배우들의 분량이 너무 적지 않았냐는 시청자 의견에도 조심스레 입을 열었다.  “‘믿고 보는 배우’라는 수식에 걸맞게 남궁민은 한지혁의 혼란스럽고 날카로운 심리는 물론, 외형적인 면에서도 ‘압도적인 능력의 살수’라는 한지혁의 모습을 그대로 구현해냈습니다. 기대했었지만 기대 이상이었습니다. 남궁민이 곧 한지혁 그 자체”라며 만족감을 표했다.  또한 여성 캐릭터의 분량에 대해서도 “ 아직 드라마가 초반인터라 한지혁에 비해 다른 캐릭터의 분량이 적다고 여기실 수는 있을 겁니다. 하지만 회차가 진행될수록 한지혁을 둘러싼 인물들의 비밀이 드러나고 그들의 캐릭터가 입체적으로 표현되며 이야기가 탄력을 받을 것으로 기대합니다. 특히, 드라마의 중요한 키를 쥔박하선의 서수연 캐릭터, 현장 요원으로 성장해 가는 김지은의 유제이 캐릭터와 그리고 흔치 않은 여성 차장으로서 카리스마를 보여줄 장영남의 도진숙 캐릭터 등 오히려 여성 캐릭터들의 활약이 뒤로 갈수록 빛날 예정이라 기대하셔도 좋을 것 같습니다.”  '검은 태양’은 방송 전부터 드라마 제작 간 국정원의 전폭적인 지원을 받아 화제가 되었다. 이에 홍 부장은 “국정원의 적극적인 지원과협조로 그간 베일에 가려져 있던 국정원의 모습을 담을 수 있었고 특히 복장, 말투, 건물 구조 등등 디테일이 살아있는 생생한 드라마를 구현하는 데 큰 도움이 되었습니다. 이 자리를 빌려 도움을 주신 국정원 측에 감사의 말씀을 드립니다.”라는 인사를 전했다.  홍석우부장은 시청자들과 아직 드라마를 보지 못한 예비 시청자들을 위해 드라마에 대한 관전 포인트도 잊지 않았다. “‘검은 태양’은 회차별로 범죄 스릴러, 첩보액션 등 다른 장르의 영화를 보는 듯한 느낌을 받으실 겁니다. 제작진 사이에서도 각자 최애 회차가 갈릴 정도로 다양한 면모를 가진 드라마죠. 여기에 국정원 최고의 현장 요원인 한지혁의 히어로적인 활약상이 화려한 액션과 다양한 볼거리를 통해계속 펼쳐질 예정이니 기대해주시기 바랍니다. 또한 박하선, 김지은은 물론, 중, 후반부로 갈수록 점점 존재감을 드러내는 배우들의 활약상을 보는 것도 드라마를 재미있게 보는 또 다른 관전 포인트가 될 수 있을 것 같습니다. 여기에 국가 안보 상황을 반영한 드라마인만큼 실제 사건이 연상되는 에피소드들도 계속 다뤄질 예정이라 실제 사건과 드라마 속 에피소드의 연결고리를 찾아가는 재미도 있을 것이라 생각합니다.”  마지막으로 그는 시청자께 감사의 인사도 잊지 않았다. “‘검은 태양’은 국정원 자체를 조명한 이야기지만 넓게 보면 조직과 개인의 이야기이기도 하죠. 개인에게 조직은, 조직에게 개인은 어떤 존재와 의미인지 이야기 속 여러 인물 군상과 상황들을통해 계속 질문을 던지게 될 것입니다. 그 과정을 통해 시청자께 울림을 남겨 특별한 기억으로 남는 드라마가 될 수 있으면 합니다.”  '검은 태양' 속 한지혁으로 완벽 변신한 남궁민은 야성미, 고독함, 냉소적인 태도 등 다채로운 모습들을 탁월하게 소화해내며 독보적인 존재감을 과시 시청자의 전폭적인 지지를 받고 있다. 이처럼 남궁민의 열연이 안방극장을 뒤흔든 가운데, 2회 엔딩에서는 화양파두목 황모술이 자신의 아들을 살해한 한지혁을 향해 복수극을 준비하고 있음이 밝혀져 앞으로의 전개에도 시선이 집중되고 있다.  한편, MBC의 첫 금토드라마 ‘검은 태양’은 박석호 작가의 2018년 MBC 드라마 극본 공모전 수상작으로, 일 년 전 실종됐던 국정원 최고의 현장 요원이 자신을 나락으로 떨어뜨린 내부 배신자를 찾아내기 위해 조직으로 복귀하면서 벌어지는 이야기다.  세련된 연출과 탄탄한 대본, 남궁민을 비롯한 배우들의 흡입력 있는 연기로 단 2회 만에 안방 극장의 판도를 바꾸고 있는 금토드라마 ‘검은 태양’은 오는 금요일(24일) 밤 10시에 3회가 방송되며, 국내 최대 규모 온라인 동영상 서비스 플랫폼 wavve를 통해서도 시청할 수 있다."
75,1,"2021-09-20","21:26:01","글로벌 시장-중국 에버그란데 전염 공포가 높아지면서 세계 주식도 하락","GLOBAL MARKETS-World shares skid as China Evergrande contagion fears rise .storyContent * {border-color:inherit !important;outline-color:inherit !important;}  9월 20일(로이터) - 투자자들이 글로벌 중앙은행 회의로 가득 찬 한 주를 주시하면서 부동산 그룹 차이나 에버그란데의 분쟁으로 인한 세계 경제에 대한 유출 위험에 대해 불안해하면서 월요일 세계 주식들이 폭락하고 달러가 폭락했다.   중국 국가신용디폴트스왑은 시장에 파급되는 위험 회피의신호로, CNGV5YUSAC=MG 유럽 회사채 채무불이행 방지 비용이 5월 말 이후 가장 높은 수준으로 치솟은 반면, 거의 1년 만에 최고치를 기록했다.   유럽 주식 .STOXX 달러화 가치가 4주 가까이 치솟으면서 에너지와 광업주가 폭락하면서 12월 이후 최악의 기간인 2.3% 폭락했다. .EU  일본, 중국, 한국의 휴일은 아시아에서 무역이 적다는 것을 의미했고, 캐나다와 독일의 선거가 이번 주를 예약하면서 정치는 추가적인 불확실성을 더했다.  중화인민공화국의 주식 3333.HK 일찍이 19%에서 11년 만에 최저치를 기록한 후 10.2% 급락했다. 투자자들은 이 부동산 개발업자가 이번 주 목요일 만기가 돌아오는 3,050억 달러의 부채 중 작은 부분을 상환할 수 있는 능력에 대해 우려함에 따라 이 회사의 상장사들도 하락했다.   에버그란데의 고민은 최근 중국이 기술기업에 대한 단속을 실시한 이후 중국경제의 건강에 대한 불안감을 가중시키고 있다. 항셍지수 .HSI 3.3% 하락했다.  MSCI의 일본 외 아시아 태평양 주식에 대한 가장 광범위한 지수 .MIAPJ0000PUS 호주 주식으로 8월 24일 이후 최저치로 1.7% 하락했다. .AXJO 거의 7개월 만에 최악의 회기를 겪으며 2.1%나 폭락했다.  MSCI 전 국가 지수 .MIWD00000PUS 0.6% 하락해 한 달 만에 최저치에 근접했고 이달 초 사상 최고치에서 더 떨어졌다.  TS 롬버드의 래리 브레인러드와 존 해리슨은 전략 노트에서 ""중국의 대표 부동산 회사의 곧 사망은 전염의 위험과 경제와 세계 경기회복에 대한 파급 효과에 대한 의문을 제기한다""고 썼다.  ""중국은 에버그란데 위기를 '긴장'하는 쪽으로 공격적으로 나아가 2022년에는 성장이 제 궤도에 오르게 할 것""이라고 그들은 썼다.  중국 국가신용부도스와프(CDS) CNGV5YUSAC=MG IHS마킷 자료에 따르면 10월초 이후 최고치인 45bps에서 9bp(bps)나 급등했고 브라질 등 신흥시장 거물들의 CDS도 상승했다. BRGV5YUSAC=MG 그리고 터키 TRGV5YUSAC=MG, 또한 수개월 만에 최고치로 올랐다.     치솟는 기름값과 인플레이션으로 이어질 가능성이 상인들에게 또 다른 골칫거리가 되었다.   세계적인 도매 전력과 가스 가격 인상으로 인해 영국에서는 이미 일부 에너지 공급이 중단되어 높은 겨울 에너지 요금과 공급 부족에 대한 우려가 높아지고 있다.   다우존스 선물 YMc1 S&P 500 선물은 1.6%, S&P 500은 1.6% 하락했다. ESc1 3개 월가 지수가 요일 난기류에 이어 금요일 주간 손실을 기록한 후 1.4% 하락했다. .N  연준은 실제 발표가 11월이나 12월 회의로 미뤄지는 것이 합의사항이지만 화요일과 수요일의 정책회의에서 테이퍼링을 위한 토대를 마련할 것으로 보인다.  10년 만기 국채 수익률 US10YT=TWEB 6bps 떨어진 1.31%로 5타수 만에 가장 큰 폭으로 하락했고 회의를 앞두고 곡선이 평평해졌다.   2년 수익률 US2YT=RRFRB의 금리 인상에 대한 트레이더들의 기대감으로 상승하고 있는 FRB는 완화되기 전인 8월 27일 이후 최고치를 기록했다. US/  타파스 스트릭랜드 미국 연방준비제도이사회(NAB) 경제국장은 ""수익률 곡선이 평탄하다는 것은 연방준비제도(Fed)가 하이킹 사이클을 과도하게 할 수 있다는 우려를 시사한다""고 말했다.  그는 FOMC 위원 중 2-3명만이 2022년 도트 플롯을 중앙값으로 올려야 할 것이라고 말했다.  유로존의 벤치마크인 독일의 10년 수익률은 5bps 이상 하락한 -0.33%로 7월 이후 가장 큰 폭의 하락을 기록했으며 유럽중앙은행(ECB)이 2025년까지 물가 목표치를 달성할 것으로 예상한다는 보고서를 발표한 후 금요일 10주 만에 최고치를 경신했다.  ECB 이사장인 이자벨 슈나벨은 채권 매입 속도가 더 떨어질 것으로 보이는 논평에서 경제 전망이 개선됨에 따라 ECB의 채권 매입량이 ""덜 중요해지고 있다""고 말했다.   투자자들은 또한일본, 인도네시아, 필리핀, 대만, 영국, 스위스, 스웨덴, 노르웨이, 브라질, 남아프리카, 터키, 헝가리에 걸쳐 있는 십여 개의 다른 중앙은행 회의를 주시하고 있었다.  노지스 은행은 목요일에 금리를 인상하는 최초의 G10 중앙은행이 될 것으로 예상된다.   미국의 높은 수익률과 일반적 위험 회피는 달러를 보냈다. USD= 다른 통화 바스켓과 비교해서 4주만에 최고치로 올라섰다. 미 달러화 지수는 93.386으로 꼴찌였다. FRX/   달러는 엔화 대비 109.52엔의 범위였다. JPY=유로화가 1.1706달러로 8월 27일 이후 최저치를 기록한 반면, EUR= 독일 선거를 앞둔 불확실성 때문에   역외 중국 위안화 CNH= 달러당 6.4698위안까지 떨어지며 3주 만에최저치로 떨어졌다.  캐나다 CAD= 경선이 너무 임박해서 월요일에 투표하러 간다.   달러화 강세는 석유를 압박했고, 미국 멕시코만의 에너지 회사들도 이 지역의 허리케인이 연속적으로 생산을 중단한 후 생산을 재개했다. O/R  브렌트 LCOc1 배럴당74.06달러로 1.7% 하락한 반면 미국 원유는 1.7% 하락했다. CLc1 2퍼센트 하락한 70.5달러에 거래되었다.  금값은 5주 이상 최저치를 기록한 뒤 온스당 1757달러로 0.2% 상승했다. XAU=. GOL/   (Reporting by Tom Arnold in London, Anushka Trivedi in Bengaluru and Wayne Cole in SydneyGraphic by Sujata Rao Editing by Jane Merriman and Mark Potter)  Anushka.Trivedi@thomsonreuters.com ; +918061823241; ))  To read Reuters Markets and Finance news, click on  https://www.reuters.com/finance/markets For the state of play of Asian stock markets please click on: 0#.INDEXA      (c) Copyright Thomson Reuters 2020. Click For Restrictions - https://agency.reuters.com/en/copyright.html        Keywords: GLOBAL-MARKETS/ (WRAPUP 6)   원문 바로가기    DISCLAIMER  레피니티브의 사전, 서면 승인 없는 톰슨로이터 콘텐츠의 재생산이나 재배포는 금지되어 있습니다. 이 기사의 한국어 번역은 에프앤가이드가 사용하는기계적 번역에 의한 것으로 톰슨로이터와 레피니티브는 번역의 정확성을 보증하지 않습니다."
75,2,"2021-09-20","21:25:20","모건스탠리, 美 증시 20% 하락할 가능성 경고","(뉴욕=연합인포맥스) 정선영 특파원 = 모건스탠리가 미국 주식시장이 일부 경제  지표가 악화되면서 큰 폭으로 하락할 수 있다고 경고했다.      20일(현지시간) CNBC에 따르면 마이크 윌슨 모건스탠리 전략가는 ""증시가 불과  얼음의 갈림길에 있으며, 부정적인 길로 가기 시작한 것으로 보인다""고 언급했다.      그는 ""얼음 쪽의 시나리오가 가능성이 높아 보이기 시작했다""며 ""더 파괴적인 결  과가 나올 수 있고, 즉 20% 이상의 조정이 나타날 수 있다""고 내다봤다.      시장이 비정상적으로 긴 간격 동안 최소 5%의 하락세도 없었던 점도 시장이 약세  를 보일 수 있는 배경으로 꼽혔다.      그는 ""실적 하향 조정, 소비자 신뢰 약화, 구매관리자 지수 하락 등이 시장의 하  락을 연장할 수 있다""며 ""팬데믹안정프로그램이 종료되면서 경제가 정상화되는 전환  이 시장의 예상보다 거칠 수 있다""고 내다봤다.      모건스탠리는 ""경기침체 동안 이례적인 재정부양책이 이뤄진 점을 고려하면, 언  제든 예상할 수 있는 성장 둔화가 최근 예상했던 것보다 더 심각할 수도 있다""고 우  려했다.      윌슨 전략가는 올해 연말 S&P500지수의 목표치를 4000으로 설정했다.      이는 S&P500지수의 지난 17일 종가인 4,432.99보다 낮은 수준이다. 봄과 여름의  경제 반등 기간을 지나면서 어느 정도 순환하는 조정을 보게 될 것이라고 그는 예상  했다.      syjung@yna.co.kr  (끝)  <저작권자(C)연합인포맥스뉴스. 무단 전재-재배포 금지.>"
75,3,"2021-09-20","21:25:08","UPDATE 1-헝가리 PM, 20억 달러의 세금 환급과 함께 가족 대상 선거 캠페인 시작","UPDATE 1-Hungary PM launches election campaign with $2 bln tax refund for families .storyContent * {border-color:inherit !important;outline-color:inherit !important;}  부다페스트, 9월 20일 (로이터) - 헝가리 정부는 2022년 초에 가족들에게 소득세 20억 달러를 환급하고 최저임금도 대폭인상할 계획이라고 빅토르 오르반 총리가 월요일 의회 개회식에서 말했다.  내년에 10년 만에 처음으로 경쟁적 선거로 형성되는 선거를앞두고 있는 오르반은 대유행으로 인한 경제의 급격한 반등은 이 조치들을 위한 예산에 여지를 제공했다고 말했다.  그는 올해 경제가 5.5% 이상의 성장을 할 예정이었고, 이미 노동력 부족이 있었다고 말했다.  정부는 내년 2월 모든 가정에 세금 환급 조치를 내릴 예정이다. 그 지급액은 평균 임금을 버는 사람이 내는 소득세 수준으로 제한될 것이다.  오르반은 의회에 ""세무당국은 총 190만 명의 부모에게 6000억 달러를 환급해 줄 것""이라고 말했다.  오르반은 또 내년에 25세 미만자에 대한 개인소득세 면제가 시행될 것이라고 거듭 강조했다.  오르반은 ""연금 수급자들도 물가 상승으로 인해 추가 급여를 받게 될 것""이라고 말했다.  그는 현재 16만7,400명의 고용주와의 대화가 진행 중이고 합의의 '기회'가 있다며 최저임금을 20만명으로 인상할 것을 예고했다.  전통적인 기독교적 가치라는 것을 서구자유주의로부터 보호하기 위해 사회정책에 점점 급진적으로 발전해 온 오르반은 EU 지도자들이 동성애자와 트랜스젠더들을 차별하고 EU의 가치에 반한다고 말하는 법에 대한 지지를 재확인했다.  지난 6월 통과된 이 법은 18세 이하 청소년들의 동성애 표시와 홍보를 금지하고있다.   오르반은 ""어린이를 대상으로 한 어떤 종류의 성적 선전에도 여지를 허용하지 않는다""고 말했다.  ($1 = 301.88)     (Reporting by Krisztina Than and Gergely Szakacs; Editing by Kevin Liffey)  krisztina.than@thomsonreuters.com     (c) Copyright Thomson Reuters 2020. Click For Restrictions - https://agency.reuters.com/en/copyright.html        Keywords: HUNGARY-ORBAN/ (UPDATE 1, PIX)   원문 바로가기    DISCLAIMER  레피니티브의 사전, 서면 승인 없는 톰슨로이터 콘텐츠의 재생산이나 재배포는 금지되어 있습니다. 이 기사의 한국어 번역은 에프앤가이드가 사용하는 기계적 번역에 의한 것으로 톰슨로이터와 레피니티브는 번역의 정확성을 보증하지 않습니다."
75,4,"2021-09-20","21:25:02","Jacqueline Hunt Jacqueline Hunt MEDIA-Allianz 자산운용본부장, WSJ","MEDIA-Allianz Asset Management Head Jacqueline Hunt in talks to depart - WSJ .storyContent * {border-color:inherit !important;outline-color:inherit !important;} -- 원본 링크: https://on.wsj.com/39ivRWV  -- 참고: 로이터통신은 이 사연을 검증하지 않았으며 정확성을 보증하지 않고 있다.     globalnewsmonitoring@thomsonreuters.com        (c) Copyright Thomson Reuters 2020. Click For Restrictions - https://agency.reuters.com/en/copyright.html   원문 바로가기    DISCLAIMER  레피니티브의 사전, 서면 승인 없는 톰슨로이터 콘텐츠의 재생산이나 재배포는 금지되어 있습니다. 이 기사의 한국어 번역은 에프앤가이드가 사용하는 기계적 번역에 의한 것으로 톰슨로이터와 레피니티브는 번역의 정확성을 보증하지 않습니다."
75,5,"2021-09-20","21:24:50","문대통령 ""글로벌 혁신지수 세계 5위...아시아에선 당당히 1위""","[서울=뉴스핌] 이영섭 기자 = 문재인 대통령은 20일 유엔 산하 '세계지식재산기구(WIPO)'에서 발표한 '2021년 글로벌 혁신지수'에서우리나라가 세계 5위를 차지한 것과 관련, ""스위스, 스웨덴, 미국, 영국 다음이다. 아시아에선 당당히 1위""라고 말했다.   문 대통령은 이날 SNS 메시지를 통해 ""뉴욕에서 자랑할 만한 소식을 들었다. 유엔 산하 '세계지식재산기구(WIPO)'에서 발표한 '2021년 글로벌 혁신지수'에서 우리나라가 세계 5위를 차지했다""며 이같이 밝혔다.    [서울=뉴스핌] 이영섭 기자 = 문재인 대통령과 김정숙 여사가 뉴욕에 도착한후 인사하고 있다. [사진=청와대] 2021.09.20 nevermind@newspim.com  문 대통령은 ""지난해 10위에서 무려 다섯 계단 상승했고, 아시아 1위를 한 것도 최초""라며 ""혁신 역량 상위 20개국 중 가장 큰 상승을 이룬 것으로, WIPO는 '눈부신 도약(Spectacular Jump)!'이라고 극찬했다. '혁신강국 대한민국'의 위상을 확고히 하게 되었다""고 언급했다.   특히 ""미래를 위한 투자로 평가되는 '인적자본 및 연구' 분야에서 3년 연속 세계 1위를 차지했고, GDP 대비 특허 출원, 정부 온라인 서비스, 하이테크 수출 비중 등 9개의 상세지표에서도 세계 1위를 차지했다""며 ""코로나 등 안팎으로 어려운 여건 속에서 우리의 과감한 혁신과 미래 준비가 이룬 성과다. 반도체, 이차전지와 같은 첨단산업, K-팝과 K-영화 등 한류 문화, R&D 투자와 IT 인프라, 디지털 뉴딜 등 정부의 혁신성장 정책과 민간의 기술혁신이 함께 어우러져 이룩한 결과""라고 강조했다.   이어 ""대한민국은 끊임없는 혁신으로 확실한 선도국가로 도약할 것""이라며 ""코로나 위기 극복과 기후위기 대응 등 인류 공동의 과제를 풀어 나가는 데도 선도적 역할을 다하겠다""고 다짐했다.   nevermind@newspim.com 문대통령 부부, 전용기에서 추석인사 ""점차 일상 되찾게 될 것""  [여론조사] 문대통령 지지율, 2.5%p 하락한 40.2%...北 미사일 도발 영향 문대통령, 美 뉴욕 도착...BTS와 SDG모먼트 참석으로 일정 시작 문대통령, 美 뉴욕에서 존슨 영국 총리와 정상회담  문대통령, 유엔총회 참석차 출국...경색된 남북관계 풀 메시지 나올까    ▶▶[무료 공개]◀◀ 지금 ""1,000만원""만 있어도 당장 ""이것""부터 사라!! >>> (무료 체험) ▶[급등임박 공개]◀ 2021년 상반기 “정부정책 수해주” TOP 10 긴급공개 >>> (바로확인) ▶역대급! 1,000% 셀트리온뛰어넘을 외국인+기관 순매수 TOP3 (CLICK) ▶<세계최초>신약재료+美승인!! 1500%↑터질 역대급 바이오株 [종목확인하기]       저작권자(c) 글로벌리더의 지름길 종합뉴스통신사 뉴스핌(Newspim), 무단 전재-재배포 금지"
75,6,"2021-09-20","21:24:31","BRIF-BlackRock Inc. 장기 민간 자본, 정상 기업 인수","BRIEF-BlackRock Inc Long Term Private Capital Acquires Summit Companies .storyContent * {border-color:inherit !important;outline-color:inherit !important;} 9월 20일 (로이터) -   블랙록 장기 민간자본이 정상급 기업을 인수하다    Further company coverage: [ ]           (c) Copyright Thomson Reuters 2020. Click For Restrictions - https://agency.reuters.com/en/copyright.html   원문 바로가기    DISCLAIMER  레피니티브의 사전, 서면 승인 없는 톰슨로이터 콘텐츠의 재생산이나 재배포는 금지되어 있습니다. 이 기사의 한국어 번역은 에프앤가이드가 사용하는 기계적 번역에 의한 것으로 톰슨로이터와 레피니티브는 번역의 정확성을 보증하지 않습니다."
75,7,"2021-09-20","21:24:19","라이브 마켓-유럽은 10월 이후 최악의 세션으로 설정","LIVE MARKETS-Europe set for its worst session since October .storyContent * {border-color:inherit !important;outline-color:inherit !important;}         유럽은 12월(124gmt) 이후 최악의 세션에 돌입했다.   유럽에서는 STOX 600이 2020년 10월 이후 최악의 회기로 접어들면서 2.3% 이상의 손실을 입으면서 매도가 점차 가속화되고 있다.   현재 월가의 선물은 1.7%에서 1.9% 사이 하락하고 있어 오후 늦게 거래될 가능성이 있다.  중국 에버그란데에 대한 디폴트 우려가 모든 자산 등급, 특히 유로존 수익률 하락과 함께 고정수익 등을 통해 세계 시장을 강타하고 있지만 주식은 확실히 최전방에 있다.  일반적으로 생필품에 굶주린 중국에 노출되어 있는 광부들이 주요 타격을 입을 것처럼 보였지만, 그 고통은 전 분야로 퍼졌다.   은행(-4%)과 금융권이 사실상 범유럽 지수에서 가장 많은 포인트를 가져가고 있는 반면 자동차(-4.3%)도 만만치 않다.   지역 증시 중에서는 프랑크푸르트와 파리가 각각 2.9%와 2.7%의 하락폭을 기록하며 각광받고 있다.         (줄리앙 폰투스)   *****         중국에 가장 많이 노출된 사람은?(1121gmt)   중국 전염은 개발업체인 에버그란데가 최근 중국 정부의 규제 강화에 이어 또 한 겹의 안개를 더해 채무불이행 우려가 있고 세계 2위 경제대국이 둔화되고 있다는 징후를 보이고 있어 오늘경기 명칭이다.  채권에서 통화에 이르는 자산들은 중국으로부터 열기를 느끼고 있지만 투자자들은 무엇이 위험에 처해 있는지 보다 세밀하게 볼 수 있는 것이 주식 시장에 있다.   이런 점에서 유럽은 수출 지향적인 경제를 감안할 때 특히 취약한 것으로 평가된다.  그렇다면 중국 매출에 크게 의존하는 유럽 광부와 고급 주택의 주가가 오늘 아침 큰 매도 압력을 받고 있다는 것은 놀랄 일이 아니다.  하지만 그것은 단지 기본적인 자원과 핸드백만이 아니다. 이 모건스탠리 표를 확인해 보십시오. 중국에 가장 높은 수익을 올리는 유럽 50대주식.  MS에 따르면 유럽 주식회사는 미국 기업의 4%와 일본 기업의 6%, EM 기업의 3.6%에 불과한 데 비해 중국에 대한 노출도는 8%에이른다. 중국 기업들은 수익의 86%를 자국 시장에서 끌어낸다.     (다니엘로 메이슨리)  *****      지방 및 플랫(111 GMT)   골드만삭스의 새로운 전략 논문은 지난 월요일 포스트 펀더멘탈 세계의 주식 시장에서의 투자 수익률이 ""뚱뚱하고 평평할 것""이라고 말했다.   1900년 이후 주식시장 사이클을 타파한 미국 투자은행은 2차 대전 이후 세 가지 강력한 세속적 주식시장 슈퍼 사이클이 존재한다는 것을 발견했다: 1945-1968년, 1982-2000년, 2009-2020년 각각은 매우 강한 성장, 낮은 이자율, 낮은 출발 가치등이 복합적으로 작용했다.이윤이 증가하여  그러나 고금리, 고평가, 고마진 등의 고금리 상황에서 시작된 후 경기순환은 비록 수익률이 채권보다 높을 가능성이 높지만 이전 경제체제보다 낮은 장기수익률을 의미한다.  따라서 수익 프로파일은 ""기간 동안 낮지만 긍정적인 총 수익률이 있는 뚱뚱하고 평평하지만 큰 주기적 변동으로 끝이 난다""고 설명된다.   피터 오펜하이머가 이끄는 전략가 팀은 메모에서 ""우리는 기록적인 저금리와 인플레이션 기대감, 높은 가치와 마진을 가진 '슈퍼 사이클'의 반대편에 있다""고 말했다. 그는 ""최근 수십년간누려온 주식 수익률의 후폭풍 중 상당수는 반복될 것 같지 않고 심지어 어느 정도 역전되기 시작할 수도 있다""고 말했다.  게다가 지정학적 압력과 공급망 붕괴는 세계화보다는 온-쇼어링으로 가는 경향을 증가시켰고 미국의 법인세율은 세계 최저 법인세율에 합의하기 위한 진전을 보이고 있다고 그들은 말했다.         사이카트 채터지)   *****        광부들이 stoxx 600~2개월 최저(0911gmt)를 끌고 가다.  채굴주들은 중국 경제의 건전성에 대한 우려에 부동산그룹 차이나 에버그란데의 부채 문제가 더해지자 원자재 가격 하락으로 STOX600을 끌어내리고 있다.   기본 리소스 인덱스 .SXPP 플럼메트가 4.6%로 2월 이후 최저치를기록하면서 범유럽 지수를 밀어내고 있다. .STOXX 중국 시장의 암울과 암울에 이어 1.9% 하락한 두 달 만에 최저치를 기록했다.  중국은 세계 구리 및 철광석의 약 55%를 소비하고 있으며, 니켈의 약 60%, 리튬의 약 50%를 소비하고 있다.   고급주 역시 LVMH가 2.3% 하락하는 등 중국 노출로 인해 홍콩 상장주들의 약세를 추적하고 있다.  투자자들은 또한 주요 중앙은행들이 이번 주 여러 회의에서그들의 유행병 시대의 경기부양 프로그램을 테이퍼링하는 것에 대한 단서를 제공하기 시작할지를 주시하고 있다.   독일 선거를 앞두고DAX .GDAXI 2.1% 하락해 7월 이후 최저치를 기록했다.  단일 종목으로 보면 영국 보험사 프루덴셜 주식 PRU.L 동사가 홍콩 증권거래소에 대한 동시 공매도와 국제지분을 통해 225억 홍콩달러(29억 달러)를 조달할 계획이라고 밝힌 후 7% 하락했다.     (Joice Alves)  *****        치솟는 기름값(0709gmt)을 지켜보다.  16개 중앙은행들이 회의를 열고 선진국인 노르웨이에서 첫 금리인상을 단행하는 등 통화정책이 일주일째 계속되고 있다. 다른 사람들이 곧 따라올 것이라는 말은 아니다; 예를 들어연방준비제도이사회(Federal Federation)는 자체 금리 인상을 멀리할 수도 있다. 스위스나 일본과 같은 다른 나라들은 단호하게 비둘기파적인 태도를 유지할 것 같다.  한편 다른 sagas들은 투자자들의 마음을 집중시키고 있다. 중국 부동산 개발업체 에버그란데의 거침없는 디폴트 행보는 홍콩 주식(본토 시장은 문을 닫았다)의 침체로 중국 정크 채권의 수익률이 거의 10년 만에 최고인 14%를 기록했다. .   따라서 S&P 500 지수가 거의 한 달 만에 최저치로 폭락하고 VIX 변동성 측정기가 한 달 만에 최고치로 치솟았던 금요일의 암울한 회기에 이어 유럽과 미국 증시의 선물 가치가 1% 하락하면서 월요일에는 확실한 리스크오프다. .SPX.   물론 그 대부분은 경제 성장과 인플레이션에 대한 우려, 의회의 부채상한제 논쟁, 그리고 끈질기게 높은 COVID 건수들의 우려에 기인한다.   오늘의 또 다른 이슈로, 치솟는휘발유 가격과 인플레이션에 미칠 수 있는 잠재적 영향.  이미, 이것들은 일부 전력 생산자들을 폐업시키고 영국의 비료 공장들을 폐쇄시켰다. 도축장에서 슈퍼마켓까지, 그리고 높은 겨울 난방비와 함께, 연쇄반응은 불가피해 보인다. .  영국이 기업과 소비자를 보호하기 위한 조치를 계획하고 있고 미국 제조업체들은 액화 가스(LNG) 수출 억제를 촉구하고 있다. 정치도 등장 - EU 의원들은 러시아의 가즈프롬에 대한 시장조작을 조사하라고 당국에 요구해 왔다. .     월요일 시장에 더 많은 방향을 제공해야 하는 주요 개발:   -에버그랜드의 대부업체들이 대출손실을 저울질하며 신용을 넘나든다.   -Lufthansa 25억 달러의 권리금 발행으로 주가가 2.3% 하락   -영국 집값 9월 우경화  -독일 생산자물가 8월  -러시아 친푸틴당이 선거 과반을 얻지만 어느 정도 설 자리를 잃음  -캐나다인들이 사선투표   - 유엔 총회 시작(9월 24일까지)    (스자타라오)  *****           중앙은행 회의를 앞두고 적자 유럽 선물  부동산 개발업체인 차이나 에버그란데가 홍콩 증시를 1년 만에 최저치로 끌어내리고 일주일 앞으로다가온 글로벌 중앙은행 회의를 앞두고 아시아 증시에서 유럽 증시가 강세를 보였다.  연방준비제도이사회(Fed·연준)는 13, 18일 정책회의에서 테이퍼링을 위한 토대를 마련할 것으로 보인다. 투자자들은 영국, 일본, 스위스, 스웨덴, 노르웨이를 포함한 12개의 다른 중앙은행회의도 소화해야 할 것이다.   노지스 은행은 목요일에 금리를 인상하는 최초의 G10 중앙은행이 될 것으로 예상된다.   캐나다와독일의 선거는 이번 주에 추가적인 불확실성을 더하고 있다.  영국에서는 보리스 존슨 영국 총리가 천연가스 가격이 급등하는 가운데 소비자의 니즈가 충족될 수 있도록 정부가 가스 회사와 협력할 것이라고 말했다고 블룸버그통신이 보도했다.   영국이 국제 여행자들을 위한 COVID-19 규정을 완화한 후에 여행주식이 상승할 수 있을 것이다.   (Joice Alves)  *****               (c) Copyright Thomson Reuters 2020. Click For Restrictions - https://agency.reuters.com/en/copyright.html        Keywords: GLOBAL-STOCKS/   원문 바로가기    DISCLAIMER  레피니티브의 사전, 서면 승인 없는 톰슨로이터 콘텐츠의 재생산이나 재배포는 금지되어 있습니다. 이 기사의 한국어 번역은 에프앤가이드가 사용하는 기계적 번역에 의한 것으로 톰슨로이터와 레피니티브는 번역의 정확성을 보증하지 않습니다."
76,1,"2021-09-20","21:14:48","BRIFT-셀룰러리티에 따르면 Co와 Oncternal Therapeutics가 표적항암-유래세포 치료법을 평가하기 위해 공동 연구를 시작한다.","BRIEF-Celularity Says Co And Oncternal Therapeutics Enter Into Research Collaboration To Evaluate Targeted Placental-Derived Cellular Therapies .storyContent * {border-color:inherit !important;outline-color:inherit !important;} 9월 20일(로이터) - 셀룰러리티 주식회사 CELU.O:  셀룰러리티와 원액세일 치료법은 표적항암 세포치료법을 평가하기 위해 연구협업을 시작한다.    Further company coverage: CELU.O        (c) Copyright Thomson Reuters 2020. Click For Restrictions - https://agency.reuters.com/en/copyright.html   원문 바로가기    DISCLAIMER  레피니티브의 사전, 서면 승인 없는 톰슨로이터 콘텐츠의 재생산이나 재배포는 금지되어 있습니다. 이 기사의 한국어 번역은 에프앤가이드가 사용하는 기계적 번역에 의한 것으로 톰슨로이터와 레피니티브는 번역의 정확성을 보증하지 않습니다."
76,2,"2021-09-20","21:14:41","일본, 이달 말 끝으로 긴급사태 전면 해제 검토","스가 총리, 이번 주 후반 방미 후 최종 판단 예정     일본 정부가 이달 말 기한을 맞이하는 19개 광역자치단체(도도부현)에 대한 긴급사태를 해제하는 방향으로 검토에 돌입했다. 최종 결정은 스가 요시히데 일본 총리가이번 주 후반 미국 방문에서 귀국한 뒤 내릴 예정이다.   20일 일본 민영 방송사 뉴스네트워크 JNN에 따르면 스가 총리는 전날 도쿄 총리 공관에서 관계 부처 간부들과 현재 신종 코로나바이러스 감염증(코로나19) 감염 상황을 분석했다.   관계자 중 한 명은 신규 감염자 수가 전국적으로 감소 추세를 나타내고 있다면서, 긴급사태 선언에 대해 “완전히 해제할지 아니면 만연 방지 등 중점조치로 이행할 것인지를 논의하고 있다”고 설명했다.   하지만 다른 정부 관계자는 오키나와에서는 인구 10만 명당 신규 감염자 비율이 여전히 높은 것 등을 살펴봤을 때 여전히 경계가 필요하다고지적했다.   JNN은 이번 주 후반 미국을 방문할 스가 총리가 일본에 돌아온 뒤 긴급사태 선언 해제에 대해 최종 판단을 내리게 될 것이라고 전했다.   한편 이날 오후 6시 30분 기준 일본의 신규 코로나19 확진자 수는 2224명을 기록해 약 두 달 만에 2000명대로 내려왔다고 NHK는 집계했다.   변효선 기자(hsbyun@etoday.co.kr)   [오늘의 핫클릭] ●[오늘 날씨] 20일 전국 대체로 맑음…큰 일교차 ‘주의’ ●“윤석열 28%·이재명 23%…尹, 4주 만에 지지율 역전”  ●▶▶주식 30만원으로 시작한다면 꼭 '이렇게' 해라! [클릭] ●통장에 50만원 있다면 ""이종목"" 꼭 매수해라!! [클릭] ●▶美 FDA 임상3 상완료! 2000조 시장 거머쥘 바이오 新대장주 [확인] ●▶기관, 외인 2000만주 이상 거침없는 대규모 매집! ""o o o"" 인수전 시작! (확인) ●▶최종목표1500%! 美 FDA 임상3상 긴급승인! 잭팟 터질 바이오株! [클릭]        이투데이(www.etoday.co.kr), 무단전재 및 수집, 재배포금지   프리미엄 경제신문 이투데이    "
76,3,"2021-09-20","21:14:26","BRIFT-SYNEX는 Indeni가 Co와 파트너십을 맺고 보안 인프라 자동화 솔루션 확장","BRIEF-SYNNEX Says Indeni Partnered With Co To Expand Security Infrastructure Automation Solutions .storyContent * {border-color:inherit !important;outline-color:inherit !important;} 9월 20일(로이터) - SYNEX 코퍼레이션 SNX.N:  보안 인프라 자동화 솔루션을 확장하기 위해 Synnex Corporation과 협력    Further company coverage: SNX.N        (c) Copyright Thomson Reuters 2020. Click For Restrictions - https://agency.reuters.com/en/copyright.html   원문 바로가기    DISCLAIMER  레피니티브의 사전, 서면 승인 없는 톰슨로이터 콘텐츠의 재생산이나 재배포는 금지되어 있습니다. 이 기사의 한국어 번역은 에프앤가이드가 사용하는 기계적 번역에 의한 것으로 톰슨로이터와 레피니티브는 번역의 정확성을 보증하지 않습니다."
76,4,"2021-09-20","21:13:18","화이자 ""코로나19 백신, 5~11세에도 효과""","화이자 ""코로나19 백신, 5~11세에도 효과"" 초등생 등 2천여명 대상 임상실험 결과 발표…안정성도 확인 주장         (서울=연합뉴스) 김지연 기자 = 화이자는 20일(현지시간) 바이오엔테크와 공동 개발한 신종 코로나바이러스 감염증(코로나19) 백신이 5~11세 연령대에도 효과를 보였다고 발표했다.      화이자는 이날 기자회견에서 이 같은 임상시험 결과를 공개하고 안정성도 확인됐다고 밝혔다.      해당 임상시험에서는 유치원생과 초등학생 2천268명을 대상으로 10대 및 성인 기준 정량의 3분의 1에 달하는 접종분을 3주 간격으로 투여했고, 2차 접종 뒤 이들한테도 10대와 성인만큼 강한 바이러스 항체 수준이 나타났다고 밝혔다.      또 접종 부위 통증이나 발열 등 보통 10대들에서 나타나는 부작용과 비슷하거나 더 적다며 백신의 안전성도 확인됐다고 강조했다.      회사 측은 이른 시일 내 관련 자료를 식품의약국(FDA)에 제출해 해당 연령대에 대한 접종 승인을 요청할 계획이다.      화이자 백신은 현재 미국에서 16세 이상은 정식 승인을, 12∼15세는 긴급사용 승인을 받은 상태다.      미국을 비롯해 서방 국가 상당수가 12세 이상 연령대에 백신 접종을 허용하고 있다.       쿠바의 경우 지난 16일 2∼10세 어린이들에 접종을 개시했고, 중국은 지난 6월 자국산 백신 시노백과 시노팜의 3∼17세 접종을 승인했다.      최근 미국에서는 델타 변이 확산 추세가 계속되는 와중에 학교 개학 시기까지 겹치면서 어린이 확진자 수도 급격하게 증가하고 있다.      미국소아과학회(AAP)에 따르면 현재까지 500만명이 넘는 아이들이 코로나19에 확진, 최소 460명이 사망했다.      한편 경쟁사 모더나도 초등학생 연령대에 대한 백신 접종을 연구하고 있는 것으로 알려졌다.      kite@yna.co.kr  (끝)     <저작권자(c) 연합뉴스, 무단 전재-재배포 금지>"
76,5,"2021-09-20","21:13:02","화천대유 대표 “권순일, 송전탑 지하화 해결하려 영입···연봉은 2억”","‘대장동’ 의혹의 중심에 있는 이성문 화천대유 대표가 20일 권순일(62·사법연수원 14기) 전 대법관의 고문변호사 영입 이유에 대해 “대장지구 북측 송전탑 지하화 문제를 해결하기 위해안목 있는 대법관 출신을 영입하기로 하면서 모시게 된 것”이라고 밝혔다.   화천대유는 이재명 경기도지사 지사가 성남시장 시절인 2015년 추진한 대장동 개발사업(성남판교대장 도시개발사업) 컨소시엄에 자산관리회사(AMC) 자격으로 참여한 회사다. 화천대유와 그 투자사인 천화동인이 최근 3년간 총 4,040억 원을 배당받은 사실이 알려지며 특혜 의혹이불거졌다.   이 대표는 지난 18일 한국일보와의 인터뷰에서 ‘부동산·금융 전문가라고 보기 어렵고 개발사업에 대한 이해도도 높지 않을 것 같은 권전 대법관을 영입한 이유’에 대해 이같이 답했다.   대장지구 프로젝트파이낸싱회사(PFV) 성남의뜰은 성남시와 행정소송을 진행 중이다. 성남시가 지역 주민들로부터 대장지구 북측 송전탑 지중화 민원을 받고 성남의뜰에 이행 계획 수립을 지시했기 때문이다. 성남의뜰은 송전탑 지중화로 인해 1,000억 원 가량의 비용을 지출하게 된 것으로 알려졌다.   권 전 대법관은 지난해 10월 대법관 은퇴 뒤 화천대유 고문으로 영입됐다. 대주주 김모씨의 인연으로 영입했다는 게 이 대표의 설명이다. 김씨는 모 경제지 법조팀장 출신이다. 이 대표는 “김씨가 법조기자로 출입할 때부터 이들과 인연이 오래됐다”며 “순전히 개인적인 친분,그 이상도 이하도 아니다”고 말했다. 권 전 대법관 급여에 대해서는 “사회적 크레딧(지위)을 감안해 한 달에 약 1,500만 원 정도, 연봉으로 2억 원 정도 드렸다”고 말했다.   권 전 대법관은 고문직을 맡은 사실이 알려진 지 하루 만인 17일 고문직을 사임했다. 권 전 대법관은 연세대 법학전문대학원 석좌교수로재직 중이다.   정치권에서는 권 전 대법관이 지난해 대법원 전원합의체에서 이 지사의 공직선거법 위반 사건에 무죄 취지의 다수 의견을 냈기에 대가성으로 영입한 것 아니냐는 의혹이 나온다. 권 전 대법관이 사건 심리 과정에서 이 사건을 인지했을 가능성도 제기됐다. 해당 사건 1·2심에서 ‘대장동 개발 업적 과장’ 의혹이 다뤄졌고 판결문에도 이와 관련된 사실이 적시됐기 때문이다.   이 대표는 이와 관련해 “대장동 개발사업과 관련해 이 지사의 혐의는 이미 1·2심에서 무죄가 나왔고 대법원에서 무죄로 뒤집힌 건 ‘친형 강제입원’ 사건”이라며 “그런데도 권 전 대법관이 대법원 전원합의체에 있었다는 이유만으로 대장동 사업과 관계가 있다고 주장하는 건 있을 수 없는 일”이라고 반박했다.  /조권형 기자 buzz@sedaily.com   ▶▶ 코로나19 백신 임상 3상 완료! 박셀바이오 1000% 뛰어 넘는 역대급 바이오! [확인]  ▶▶ [무료공개] 지금 ""1,000만원""만 있어도 당장 ""이것"" 부터 사라!!>>> (무료체험)   ▶▶ [급등임박 공개] ◀◀ 2021년 상반기 ""정부정책 수해주"" TOP 10 긴급공개 >>> (바로확인)     [ⓒ 서울경제, 무단 전재 및 재배포 금지]"
76,6,"2021-09-20","21:12:37","BRIF-Kratos, 미 육군의 전술 인텔리전스 타겟팅 액세스 노드(Titan) 프로토타입 프로그램을 위해 Northrop Grumman에게 첫 주문 전달","BRIEF-Kratos Delivers First Order To Northrop Grumman For U.S. Army’S Tactical Intelligence Targeting Access Node (Titan) Prototype Program .storyContent * {border-color:inherit !important;outline-color:inherit !important;} 9월 20일(로이터) - Kratos Defense and Security Solutions Inc. KTOS.O:  크라토스는 접근 노드(접근 노드) 프로토타입 프로그램을 타깃으로 하는 미군의 전술 인텔리전스에 대해 Northrop Grumman에게 첫 주문을 전달한다.    Further company coverage: KTOS.O        (c) Copyright Thomson Reuters 2020. Click For Restrictions - https://agency.reuters.com/en/copyright.html   원문 바로가기    DISCLAIMER  레피니티브의 사전, 서면 승인 없는 톰슨로이터 콘텐츠의 재생산이나 재배포는 금지되어 있습니다. 이 기사의 한국어 번역은 에프앤가이드가 사용하는 기계적 번역에 의한 것으로 톰슨로이터와 레피니티브는 번역의 정확성을 보증하지 않습니다."
76,7,"2021-09-20","21:12:33","현재까지 7만 5천 T의 우크라이나 설탕 생산량 2021/22 - 유니온","Ukraine sugar output at 75,000 T so far 2021/22 -union .storyContent * {border-color:inherit !important;outline-color:inherit !important;} KYIV, 9월 20일 (로이터) - 우크라이나설탕 정제소는 2021/22 정제기에 현재까지 62만 9천 8백 톤의 사탕무에서 약 7만 5천 톤의 백설탕을 생산했다고 월요일 전국 설탕 조합이 발표했다.  설탕 정제소는 2020/21 공정 시즌에 770만 톤의 사탕무로부터 약 100만 톤의 백설탕을 생산했다. 시즌은 9월 1일에 시작한다.  우크라이나는 사탕무 밑 면적을 지난해 20만1600ha에서 2021년 22만7100ha로 늘렸다. 2021/22년에는 사탕무에서 당분 생산량을 약 3분의 1로 늘려 140만톤을 생산할 계획이다.     (Reporting by Pavel Polityuk; editing by Jason Neely)  pavel.polityuk@tr.com ; +380 44 2449150; Reuters Messaging: pavel.polityuk.thomsonreuters.com@reuters.net     (c) Copyright Thomson Reuters 2020. Click For Restrictions - https://agency.reuters.com/en/copyright.html        Keywords: UKRAINE-SUGAR/   원문 바로가기    DISCLAIMER  레피니티브의 사전, 서면 승인 없는 톰슨로이터 콘텐츠의 재생산이나재배포는 금지되어 있습니다. 이 기사의 한국어 번역은 에프앤가이드가 사용하는 기계적 번역에 의한 것으로 톰슨로이터와 레피니티브는 번역의 정확성을 보증하지 않습니다."
77,1,"2021-09-20","21:00:20","<표> ICE 브랜트 원유 선물 가격","Last     Change       High        Low     Previous                                                                       Settlement    Brent Crude    Nov21                     73.97      -1.37      75.40      73.75        75.34    Dec21                     73.18      -1.38      74.63      73.00        74.56    Jan22                     72.39      -1.37      73.80      72.23        73.76    Feb22                     71.66      -1.38      73.04      71.53        73.04    Mar22                     71.04      -1.38      72.40      70.93        72.42    Apr22                     70.44      -1.42      71.84      70.39        71.86    May22                     70.03      -1.34      71.07      69.91        71.37    Jun22                     69.55      -1.35      70.88      69.46        70.90   Note: Prices are delayed by 10 minutes.  Source: FactSet      다우존스 제공     2021. September. 20일  미국동부시간 08:00 (표준시 12:00)   ＜ⓒ종합 경제정보 미디어 이데일리 - 무단전재 & 재배포 금지＞"
77,2,"2021-09-20","21:00:08","글로벌 시장-중국 에버그란데 전염 공포가 높아지면서 세계 주식도 하락","GLOBAL MARKETS-World shares skid as China Evergrande contagion fears rise .storyContent * {border-color:inherit !important;outline-color:inherit !important;}  9월 20일(로이터) - 투자자들이 글로벌 중앙은행 회의로 가득 찬 한 주를 주시하면서 부동산 그룹 차이나 에버그란데의 분쟁으로 인한 세계 경제에 대한 유출 위험에 대해 불안해하면서 월요일 세계 주식들이 폭락하고 달러가 폭락했다.   중국 국가신용디폴트스왑은 시장에 파급되는 위험 회피의신호로, CNGV5YUSAC=MG 유럽 회사채 채무불이행 방지 비용이 5월 말 이후 가장 높은 수준으로 치솟은 반면, 거의 1년 만에 최고치를 기록했다.   유럽 증시는 1.9% 하락해 2개월 만에 최저치로 떨어졌으며 달러화 가치가 4주 만에 최고치를 경신하면서 에너지와 광업주가 폭락했다.  일본, 중국, 한국의 휴일은 아시아에서 무역이 적다는 것을 의미했고, 캐나다와 독일의 선거가 이번 주를 예약하면서정치는 추가적인 불확실성을 더했다.  중화인민공화국의 주식 3333.HK 일찍이 19%에서 11년 만에 최저치를 기록한 후 10.2% 급락했다. 투자자들은 이 부동산 개발업자가 이번 주 목요일 만기가 돌아오는 3,050억 달러의 부채 중 작은 부분을 상환할 수 있는 능력에 대해 우려함에 따라 이 회사의 상장사들도 하락했다.   에버그란데의 고민은 최근 중국이 기술기업에 대한 단속을 실시한 이후 중국 경제의 건강에 대한 불안감을 가중시키고 있다. 항셍지수 .HSI 3.3% 하락했다.  MSCI의 일본 외 아시아 태평양 주식에 대한 가장 광범위한 지수 .MIAPJ0000PUS 호주 주식으로 8월 24일 이후 최저치로 1.7% 하락했다. .AXJO 거의 7개월 만에 최악의 회기를 겪으며 2.1%나 폭락했다.  MSCI 전 국가 지수 .MIWD00000PUS 0.6% 하락해 한 달 만에 최저치에 근접했고 이달 초 사상 최고치에서 더 떨어졌다.  TS 롬버드의 래리 브레인러드와 존 해리슨은 전략 노트에서 ""중국의 대표 부동산 회사의 곧 사망은 전염의 위험과 경제와 세계 경기 회복에 대한 파급 효과에 대한 의문을 제기한다""고 썼다.  ""중국은 에버그란데 위기를 '긴장'하는 쪽으로 공격적으로 나아가 2022년에는 성장이 제 궤도에 오르게 할 것""이라고 그들은 썼다.  중국 국가신용부도스와프(CDS) CNGV5YUSAC=MG IHS마킷 자료에 따르면 10월 초 이후 가장 높은 45 베이시스 포인트에서 9 베이시스 포인트로 뛰어올랐으며 브라질 등 신흥시장 거물들의 CDS는 4 베이시스 포인트로 나타났다. BRGV5YUSAC=MG 그리고 터키 TRGV5YUSAC=MG, 또한 수개월 만에 최고치로 올랐다.     치솟는 기름값과 인플레이션으로 이어질 가능성이 상인들에게 또다른 골칫거리가 되었다.   세계적인 도매 전력과 가스 가격 인상으로 인해 영국에서는 이미 일부 에너지 공급이 중단되어 높은 겨울 에너지 요금과 공급 부족에 대한 우려가 높아지고 있다.   다우존스 선물 YMc1 S&P 500 선물은 1.6%, S&P 500은 1.6% 하락했다. ESc1 3개 월가 지수가 요일 난기류에 이어 금요일 주간 손실을 기록한 후 1.4% 하락했다. .N  연준은 실제 발표가 11월이나 12월 회의로 미뤄지는 것이 합의사항이지만 화요일과 수요일의 정책회의에서 테이퍼링을 위한 토대를 마련할 것으로 보인다.  10년 만기 국채 수익률 US10YT=TWEB 1.3231%로 2개월 만에 최고치에서 떨어졌고 회의 전에 커브가 평평해졌다.   트레이더들의 연방기금 금리 인상에 대한 기대감으로 상승하는 2년간의 수익률이 완화되기 전인 8월 27일 이후 최고치를 기록했다. US/  타파스 스트릭랜드 미국연방준비제도이사회(NAB) 경제국장은 ""수익률 곡선이 평탄하다는 것은 연방준비제도(Fed)가 하이킹 사이클을 과도하게 할 수 있다는 우려를시사한다""고 말했다.  그는 FOMC 위원 중 2-3명만이 2022년 도트 플롯을 중앙값으로 올려야 할 것이라고 말했다.  유럽중앙은행(ECB)이 2025년까지 인플레이션 목표치를 달성할 것으로 전망한다는 보고서를 발표한 이후 유로존의 벤치마크인 독일의 10년 수익률은 -0.319로기준점 이상 하락했다.  ECB 이사장인 이자벨 슈나벨은 채권 매입 속도가 더 떨어질 것으로 보이는 논평에서 경제 전망이 개선됨에 따라 ECB의 채권 매입량이 ""덜 중요해지고 있다""고 말했다.   투자자들은 또한 일본, 인도네시아, 필리핀, 대만, 영국, 스위스, 스웨덴, 노르웨이, 브라질, 남아프리카, 터키, 헝가리에 걸쳐 있는 십여 개의 다른 중앙은행 회의를 주시하고 있었다.  노지스 은행은 목요일에 금리를 인상하는 최초의 G10 중앙은행이 될 것으로 예상된다.   미국의 높은 수익률과 일반적 위험 회피는 달러를 보냈다. USD= 다른 통화 바스켓과 비교해서 4주만에 최고치로 올라섰다. 미 달러화 지수는 93.386으로 꼴찌였다. FRX/   달러는 엔화 대비 109.52엔의 범위였다. JPY=유로화가 1.1706달러로 8월 27일 이후 최저치를 기록한 반면, EUR= 독일 선거를 앞둔 불확실성 때문에   역외 중국 위안화 CNH= 달러당 6.4698위안까지 떨어지며 3주 만에 최저치로 떨어졌다.  캐나다 CAD= 경선이 너무임박해서 월요일에 투표하러 간다.   달러화 강세는 석유를 압박했고, 미국 멕시코만의 에너지 회사들도 이 지역의 허리케인이 연속적으로 생산을 중단한 후 생산을 재개했다. O/R  브렌트 LCOc1 배럴당 74.06달러로 1.7% 하락한 반면 미국 원유는 1.7% 하락했다. CLc1 2퍼센트 하락한 70.5달러에 거래되었다.  금값은 5주 이상 최저치를 기록한 뒤 온스당 1757달러로 0.2% 상승했다. XAU=. GOL/   (Reporting by Tom Arnold in London, Anushka Trivedi in Bengaluru and Wayne Cole in SydneyGraphic by Sujata Rao Editing by Jane Merriman and Mark Potter)  Anushka.Trivedi@thomsonreuters.com ; +918061823241; ))  To read Reuters Markets and Finance news, click on  https://www.reuters.com/finance/markets For the state of play of Asian stock markets please click on: 0#.INDEXA      (c) Copyright Thomson Reuters 2020. Click For Restrictions - https://agency.reuters.com/en/copyright.html        Keywords: GLOBAL-MARKETS/ (WRAPUP 5)   원문 바로가기    DISCLAIMER  레피니티브의 사전, 서면 승인 없는 톰슨로이터 콘텐츠의 재생산이나 재배포는 금지되어 있습니다. 이 기사의 한국어 번역은 에프앤가이드가 사용하는 기계적 번역에 의한 것으로 톰슨로이터와 레피니티브는번역의 정확성을 보증하지 않습니다."
77,3,"2021-09-20","21:00:01","글로벌 시장-중국 에버그란데 전염 공포가 높아지면서 세계 주식도 하락","GLOBAL MARKETS-World shares skid as China Evergrande contagion fears rise .storyContent * {border-color:inherit !important;outline-color:inherit !important;}  9월 20일(로이터) - 투자자들이 글로벌 중앙은행 회의로 가득 찬 한 주를 주시하면서 부동산 그룹 차이나 에버그란데의 분쟁으로 인한 세계 경제에 대한 유출 위험에 대해 불안해하면서 월요일 세계 주식들이 폭락하고 달러가 폭락했다.   중국 국가신용디폴트스왑은 시장에 파급되는 위험 회피의신호로, CNGV5YUSAC=MG 유럽 회사채 채무불이행 방지 비용이 5월 말 이후 가장 높은 수준으로 치솟은 반면, 거의 1년 만에 최고치를 기록했다.   유럽 증시는 1.9% 하락해 2개월 만에 최저치로 떨어졌으며 달러화 가치가 4주 만에 최고치를 경신하면서 에너지와 광업주가 폭락했다.  일본, 중국, 한국의 휴일은 아시아에서 무역이 적다는 것을 의미했고, 캐나다와 독일의 선거가 이번 주를 예약하면서정치는 추가적인 불확실성을 더했다.  중화인민공화국의 주식 3333.HK 일찍이 19%에서 11년 만에 최저치를 기록한 후 10.2% 급락했다. 투자자들은 이 부동산 개발업자가 이번 주 목요일 만기가 돌아오는 3,050억 달러의 부채 중 작은 부분을 상환할 수 있는 능력에 대해 우려함에 따라 이 회사의 상장사들도 하락했다.   에버그란데의 고민은 최근 중국이 기술기업에 대한 단속을 실시한 이후 중국 경제의 건강에 대한 불안감을 가중시키고 있다. 항셍지수 .HSI 3.3% 하락했다.  MSCI의 일본 외 아시아 태평양 주식에 대한 가장 광범위한 지수 .MIAPJ0000PUS 호주 주식으로 8월 24일 이후 최저치로 1.7% 하락했다. .AXJO 거의 7개월 만에 최악의 회기를 겪으며 2.1%나 폭락했다.  MSCI 전 국가 지수 .MIWD00000PUS 0.6% 하락해 한 달 만에 최저치에 근접했고 이달 초 사상 최고치에서 더 떨어졌다.  TS 롬버드의 래리 브레인러드와 존 해리슨은 전략 노트에서 ""중국의 대표 부동산 회사의 곧 사망은 전염의 위험과 경제와 세계 경기 회복에 대한 파급 효과에 대한 의문을 제기한다""고 썼다.  ""중국은 에버그란데 위기를 '긴장'하는 쪽으로 공격적으로 나아가 2022년에는 성장이 제 궤도에 오르게 할 것""이라고 그들은 썼다.  중국 국가신용부도스와프(CDS) CNGV5YUSAC=MG IHS마킷 자료에 따르면 10월 초 이후 가장 높은 45 베이시스 포인트에서 9 베이시스 포인트로 뛰어올랐으며 브라질 등 신흥시장 거물들의 CDS는 4 베이시스 포인트로 나타났다. BRGV5YUSAC=MG 그리고 터키 TRGV5YUSAC=MG, 또한 수개월 만에 최고치로 올랐다.     치솟는 기름값과 인플레이션으로 이어질 가능성이 상인들에게 또다른 골칫거리가 되었다.   세계적인 도매 전력과 가스 가격 인상으로 인해 영국에서는 이미 일부 에너지 공급이 중단되어 높은 겨울 에너지 요금과 공급 부족에 대한 우려가 높아지고 있다.   다우존스 선물 YMc1 S&P 500 선물은 1.6%, S&P 500은 1.6% 하락했다. ESc1 3개 월가 지수가 요일 난기류에 이어 금요일 주간 손실을 기록한 후 1.4% 하락했다. .N  연준은 실제 발표가 11월이나 12월 회의로 미뤄지는 것이 합의사항이지만 화요일과 수요일의 정책회의에서 테이퍼링을 위한 토대를 마련할 것으로 보인다.  10년 만기 국채 수익률 US10YT=TWEB 1.3231%로 2개월 만에 최고치에서 떨어졌고 회의 전에 커브가 평평해졌다.   트레이더들의 연방기금 금리 인상에 대한 기대감으로 상승하는 2년간의 수익률이 완화되기 전인 8월 27일 이후 최고치를 기록했다. US/  타파스 스트릭랜드 미국연방준비제도이사회(NAB) 경제국장은 ""수익률 곡선이 평탄하다는 것은 연방준비제도(Fed)가 하이킹 사이클을 과도하게 할 수 있다는 우려를시사한다""고 말했다.  그는 FOMC 위원 중 2-3명만이 2022년 도트 플롯을 중앙값으로 올려야 할 것이라고 말했다.  유럽중앙은행(ECB)이 2025년까지 인플레이션 목표치를 달성할 것으로 전망한다는 보고서를 발표한 이후 유로존의 벤치마크인 독일의 10년 수익률은 -0.319로기준점 이상 하락했다.  ECB 이사장인 이자벨 슈나벨은 채권 매입 속도가 더 떨어질 것으로 보이는 논평에서 경제 전망이 개선됨에 따라 ECB의 채권 매입량이 ""덜 중요해지고 있다""고 말했다.   투자자들은 또한 일본, 인도네시아, 필리핀, 대만, 영국, 스위스, 스웨덴, 노르웨이, 브라질, 남아프리카, 터키, 헝가리에 걸쳐 있는 십여 개의 다른 중앙은행 회의를 주시하고 있었다.  노지스 은행은 목요일에 금리를 인상하는 최초의 G10 중앙은행이 될 것으로 예상된다.   미국의 높은 수익률과 일반적 위험 회피는 달러를 보냈다. USD= 다른 통화 바스켓과 비교해서 4주만에 최고치로 올라섰다. 미 달러화 지수는 93.386으로 꼴찌였다. FRX/   달러는 엔화 대비 109.52엔의 범위였다. JPY=유로화가 1.1706달러로 8월 27일 이후 최저치를 기록한 반면, EUR= 독일 선거를 앞둔 불확실성 때문에   역외 중국 위안화 CNH= 달러당 6.4698위안까지 떨어지며 3주 만에 최저치로 떨어졌다.  캐나다 CAD= 경선이 너무임박해서 월요일에 투표하러 간다.   달러화 강세는 석유를 압박했고, 미국 멕시코만의 에너지 회사들도 이 지역의 허리케인이 연속적으로 생산을 중단한 후 생산을 재개했다. O/R  브렌트 LCOc1 배럴당 74.06달러로 1.7% 하락한 반면 미국 원유는 1.7% 하락했다. CLc1 2퍼센트 하락한 70.5달러에 거래되었다.  금값은 5주 이상 최저치를 기록한 뒤 온스당 1757달러로 0.2% 상승했다. XAU=. GOL/   (Reporting by Tom Arnold in London, Anushka Trivedi in Bengaluru and Wayne Cole in SydneyGraphic by Sujata Rao Editing by Jane Merriman and Mark Potter)  Anushka.Trivedi@thomsonreuters.com ; +918061823241; ))  To read Reuters Markets and Finance news, click on  https://www.reuters.com/finance/markets For the state of play of Asian stock markets please click on: 0#.INDEXA      (c) Copyright Thomson Reuters 2020. Click For Restrictions - https://agency.reuters.com/en/copyright.html        Keywords: GLOBAL-MARKETS/ (WRAPUP 5)   원문 바로가기    DISCLAIMER  레피니티브의 사전, 서면 승인 없는 톰슨로이터 콘텐츠의 재생산이나 재배포는 금지되어 있습니다. 이 기사의 한국어 번역은 에프앤가이드가 사용하는 기계적 번역에 의한 것으로 톰슨로이터와 레피니티브는번역의 정확성을 보증하지 않습니다."
77,4,"2021-09-20","21:00:00","[오늘의 증시 관심주] 뱅크 오브 아메리카, 마라톤 오일, 리 오토, 아스트라제네카, 비트코인 채굴업체 등","[다우존스/이데일리] 월요일 뉴욕 증시 주가 지수 선물이 중국 부동산 개발사 헝다 그룹의 부채 위기 여파로 하락세를 보이고 있다. 다음은이날 개장 전 관심 종목들.  Cboe 변동성지수: 월가의 공포 지수로 불리는 Cboe 변동성지수(VIX)가 25.44%로 상승, 5월 중순 이후 최고를 기록했다.  경제 상황에 가장 민감하게 반응하는 경향이 있는 은행과 금융 서비스 기업 주가가 하락했다. 뱅크 오브 아메리카와 골드만 삭스 주가가 각기 2.6% 후퇴했다.  국제 원유 가격이 하락하면서 에너지 기업 주가도 약세를 나타냈다. 옥시덴탈 피트롤리엄은 4.9% 떨어졌다. 드본 에너지는 4%, 마라톤 오일은 3.3% 내렸다.  비트코인 가격이 하락하면서 비트코인 채굴업체들 주가도 약세다. 헛 8 마이닝 주가는 5.6% 내렸다. 마라톤 디지털 홀딩은 6.1% 후퇴했다. 비트코인 가격은 미국 동부 시간 기준 일요일 오후 5시 대비 5.6% 하락, 4만4916.26달러를 가리켰다.  미국 증시에 상장된 중국 전기차 기업 리 오토 주가가 3.8% 하락했다. 리 오토는 코로나 19로 인한 말레이시아에서의 칩 생산 차질 때문에 3 분기 자동차 인도 물량 전망치를 하향 조정했다.  미국 증시에 상장된 아스트라제네카 주식은 증시의 전반적 약세 흐름을 깨고 월요일 개장 전 2% 올랐다. 아스트라제네카는 지난 주말 열린 대규모 의학  컨퍼런스에서 새로운 유방암 치료제 엔허투(Enhertu)에 대한 강력한 데이터를 공유했다.   ＜ⓒ종합 경제정보 미디어 이데일리 - 무단전재 & 재배포 금지＞"
77,5,"2021-09-20","21:00:00","홍준표의 작심발언 ""집권하면 1년간 '문 정권 부정부패' 청소""","[머니투데이 김상준 기자] 국민의힘 대권주자 홍준표 의원이 ""(집권한다면) 문재인 정권에 있었던 모든 민생 관련 부정부패를 1년만 깨끗이 청소하겠다""고 밝혔다.   홍 의원은 20일 오후 유튜브 라이브 방송 '무야홍과 함께'에서 이같이 밝혔다. 특혜 의혹이 일고 있는 경기 성남시 대장동 개발 현장을 방문한 뒤 쏟아낸 작심발언이다.   앞서 홍 의원은 이날 자신의 페이스북에도 ""대장동 비리 사건을 접하면서 착잡한 마음을 금할 길이 없다""며 ""정치 보복은 안한다고 약속했지만, 문 정권의 비리와 적폐는 반드시 바로잡아야겠다""고 적었다.   홍 의원은 라이브 방송에서 ""생각이 좀 바뀌었다""며 ""정치 보복으로 느껴지지 않도록 민생 관련 부분에 대해선 가차없이 청소를 해 새 세상을 만드는 게 옳지 않겠느냐""고 재차 강조했다.    '사형제 부활'의 필요성도 다시 주장했다. 홍 의원은 이를 두고 국민의힘 대선 경선 경쟁 후보인 윤석열 전 검찰총장이 '두테르테식'이라고 지적한 데 대해 ""대통령이 되면 법대로 하겠다는 것""이라고 반박했다. 그는 ""사형 집행을 안 하는 것은법무부 장관의 직무유기""라며 ""형사소송법상 사형 확정시 6개월내 집행하는 것이 법무부 장관의 의무""라고 했다.   군 복무 제도 개편에 대해선 단계적 모병제 전환 방안을 제시했다. 홍 의원은 ""5년간 모병제와 지원병제, 징병제를 동시 실시했다가 그다음에 모병제·지원병제로 바꿔서 전문적인 강군을 만들어봤으면 한다""며 ""모병제가 본격화하면 국방세가 엄청 늘어나는데 20세이상부터는 국방세를 부과하겠다""고 말했다.   한편 홍 의원은 이날 경기 성남시 대장동 개발 현장을 둘러본 뒤 기자들과 만나 ""이재명 경기지사가 관련이 됐으면 사퇴할 일이 아니라감옥에 갈 일""이라며 ""특검을 시작하면 3∼4개월 내 진상을 밝힐 수 있을 것""이라고 말했다.     [관련기사] ☞ ""삼촌네 왜 안와요? 엄마만 일하잖아요!"" 시조카가 따지네요 ☞ 타코에 커터칼 세조각 '끔찍'…""배달음식 먹다 입천장 베었다"" ☞ 곽민선 아나, 수원삼성 선수와 열애설…"" 경기 지는데 네 생각"" ☞ ""점점야위어가네""…고현정, 다이어트 성공 후 4개월 변천사 ☞ PC방 여직원 기절시켜 돈훔치고 몹쓸짓까지한 50대   김상준 기자 awardkim@mt.co.kr    ▶월 0.3%대 최저금리 적용, 키워드림론 간편 신청으로 수익 극대화하자 (신청하기)   빅 사이클 도래! 실적 발표 기대감! 단타, 중,장기를 모두 잡는 엄청난 종목의 등장! [클릭]   ▶급등임박 종목, 일단 뭔지 확인해보고 시작하자◀     [파워 인터뷰]       30배 박셀바이오, 20배 신풍제약, 그리고 '이바이오 종목'   ▶시세 분출 직전 ! 실적 상승 + 재료임박 + 외인대량매집중인 '이 종목' 긴급공개 ◀   기관 외인 바닥권 대량 매집흔적 발견! 급등 임박 大시세 종목 공개!!       <저작권자 ⓒ '돈이 보이는 리얼타임 뉴스' 머니투데이, 무단전재 및 재배포 금지>"
77,6,"2021-09-20","21:00:00","바이어 <BAYGn.DE>","BAYER  EXTENDS CLINICAL DEVELOPMENT PROGRAM FOR FINERENONE WITH PHASE III STUDY IN PATIENTS WITH NON-DIABETIC CHRONIC KIDNEY DISEASE .storyContent * {border-color:inherit !important;outline-color:inherit !important;} 9월 20일(로이터) - 바이엘 AG BAYGn.DE:  비임상 만성 신장 질환 환자의 임상 3상 연구를 통해 파인레논에 대한 임상 개발 프로그램을 확대한다.   3단계 연구는 콩팥과 심혈관 결과에 대한 파인레논의 영향을 조사할 것이라고 말한다.   Further company coverage: BAYGn.DE  (Reporting by Frankfurt Newsroom)  frankfurt.newsroom@thomsonreuters.com        (c) Copyright Thomson Reuters 2020. Click For Restrictions - https://agency.reuters.com/en/copyright.html   원문 바로가기    DISCLAIMER  레피니티브의 사전, 서면 승인 없는 톰슨로이터 콘텐츠의 재생산이나 재배포는 금지되어 있습니다. 이 기사의 한국어 번역은 에프앤가이드가 사용하는 기계적 번역에 의한 것으로 톰슨로이터와 레피니티브는 번역의 정확성을 보증하지 않습니다."
77,7,"2021-09-20","20:59:14","RPT-CULN-Iron 광석은 보다 정상적인 가격 수준으로 무분별하게 후퇴한다. 러셀","RPT-COLUMN-Iron ore makes unruly retreat to more normal price levels: Russell .storyContent * {border-color:inherit !important;outline-color:inherit !important;}   호주, 9월 20일 (로이터) - 지난 5월 철광석이 사상 최고치로 치솟은 것이 과대평가된 랠리였듯이, 지난주 급락은 무질서한 후퇴였으며, 수요와 공급의 기초에 의해 어느 움직임도 완전히 정당화되지 않았다.  북중국으로의 배송을 위한 현물 철광석 가격 MTIOQIN62=ARG상품 가격 보고 기관인 Argus가 평가한 바에 따르면, 9월 17일 톤당 100.45달러로 전주에 비해 22.2% 폭락했다.  제철소재는 5월 12일에 도달한 사상 최고가인 톤당 235.55달러보다 57.4% 하락했다.  5월에 정점을 찍은 랠리는 펀더멘털에의해 지지되었고 최근의 하락 역시 탄탄한 추진력을 가지고 있지만, 가격 움직임은 과도했고 아마도 전통적으로 대형주, 광부, 제철소의 전유물이었던 시장에 대한 투기꾼들의 관심이 증가했다는 신호일 것이다.  가격 폭락의 주요 요인은 전 세계 해저 철광석의 3분의 2 정도를사들이는 중국이 2021년 하반기 철강 생산량을 줄이려는 움직임으로, 전년도 생산량이 작년부터 10억6500만톤을 넘지 않도록 하기 위해서였다.  당국은 특히 열 석탄과 천연가스 같은 발전 연료의 가격이 급등하고 있는 점을 감안할 때 오염과 에너지 사용을 줄이기 위해 철강 생산을 제한하고 싶어한다.  한편 철광석 공급은 최고 수출국인 호주의 기상악화와 브라질의 2번째 선주에서의 코로나바이러스 발생 이후최근 몇 달 동안 개선되었다.  그러나 전 세계 철광석 흐름의 움직임은 가격 움직임만큼 극적이지 않다.  세관 자료에 따르면 올들어 8월까지 중국의 철광석 수입량은 7억4645만t으로 2020년 같은 기간보다 1.7% 줄었다.  8월 수입량은 9749만t으로 4월 이후 가장 많고 공급이 회복되고 있다는 신호다.  9월에는 리피니티브 선박 추적 데이터가 이달에 1억1,100만톤에 달할 것으로 추산되고, 상품 컨설턴트인 크플러는 1억1,660만톤으로 더욱 강세를 보일 것으로 예상된다.  지금까지, 수입량이 증가함에 따라, 컨설턴트인 SteelHome에 의해 감시된 항만 재고량이 증가하지는 않고 있다. SH-TOT-IRONINV 9월 17일까지 7일간 1억310만톤으로 2주째 하락하고 있다.  이로써 2020년 같은 주 1억8,830만톤을 상회하는 셈이지만, 중국의 항만 재고량은 보통 겨울로 향하는 계절적 패턴으로, 날씨가 따뜻해지면서 건설활동이 재개되면서 추운 기간 이후 감소하는 추세다.     공급 회복  공급 측면에서는 상위 화주들의 수출이 8월 7601만t, 7월 731만t에 비해 줄어든 7522만t을 수출할 것으로 커플러는 전망했다.  브라질은 9월 2954만t을 수출해 8월 3439만t보다 1년 만에최대치를 기록할 전망이다.  3위 수출국인 남아프리카공화국은 9월(490만t) 수출이 지난해 8월 562만t에서 12월 이후 최대치를 기록한 490만t으로 전망됐다.  전반적으로 공급이 차질을 빚고 중국의 철강 생산량이 월간 신기록을 경신하던 올해 초보다 시장 균형이 고르게잡힌 것으로 보인다.  이것은 1톤에 100달러 정도가 철광석의 정확한 가격이라는 것을 의미하는가?  역사적으로 볼 때, 철광석은공급 차질을 최소화하고 중국은 2020년 수준을 넘지 않는 철강 생산량을 제한하겠다는 목표를 고수하고 있어, 그 위보다 톤당 100달러 이하로 더 많은 시간을 소비할 가능성이 높다.  스폿철광석은 중국 여름철강 수요가 톤당 125달러에 달했던 2019년 5월부터 8월까지 3개월이라는 짧은 기간을 제외하고 2020년 6월까지 6년 남짓 동안 톤당 100달러를 밑돌았다.      (Editing by Simon Cameron-Moore)  clyde.russell@thomsonreuters.com )( +61 437 622 448) (Reuters Messaging: clyde.russell.thomsonreuters.com@reuters.net     (c) Copyright Thomson Reuters 2020. Click For Restrictions - https://agency.reuters.com/en/copyright.html        Keywords: COLUMN-RUSSELL/IRONORE (COLUMN)   원문 바로가기    DISCLAIMER  레피니티브의 사전, 서면 승인 없는 톰슨로이터 콘텐츠의 재생산이나 재배포는 금지되어있습니다. 이 기사의 한국어 번역은 에프앤가이드가 사용하는 기계적 번역에 의한 것으로 톰슨로이터와 레피니티브는 번역의 정확성을 보증하지 않습니다."
78,1,"2021-09-20","20:47:26","UPDATE 1-보크사이트 열차는 러시아 루살사가 기니에서 충돌해 1명이 사망했다.","UPDATE 1-Bauxite trains operated by Russia's Rusal collide in Guinea, killing one .storyContent * {border-color:inherit !important;outline-color:inherit !important;}   CONKARY, 9월 20일 (로이터) - 러시아 알루미늄 거인 루살에서 운행하는 열차 2대 RUAL.MM, 0486.HK 기니의 수도 코나크리에서 29일(현지시간) 충돌해 최소 1명이 숨지고 여러 명이 다쳤다고 목격자들이 밝혔다.  세계에서 세 번째로 큰 알루미늄 생산국은 세 개의 보크사이트 광산과 알루미나 정제소를 서아프리카 연안 국가에서 운영하고 있다. 기니 광산들은 현재 루살 총 보크사이트 용량의 42%를 차지하고 있다.   루살은 논평 요청에 즉각 대답하지 않았다.  수도 외곽에서 사고가 발생한인근 주민인 라미네 카마라 씨는 로이터통신에 ""이것은 부서져 주차된 다른 열차와 충돌한 움직이는 열차였다""고 전했다.   또 다른 목격자도 비슷한 진술을 했다.  소셜미디어에 공유된 영상에는 탈선된 열차 차량 여러 대가 서로 위로 쌓여 있고 짙은 회색 연기가 피어올랐다. 소방관들은 구조대원들이 하얀 시트로 덮인 시체를 구급차로 옮기는 동안 부서진 잔해를 파헤쳤다.  이 러시아 회사는 소련 시절부터 기니에 강한 존재였다. 북한은 9월 5일 알파 콘데를 전복시킨 군사 쿠데타에도 불구하고 그 곳에서 작전을 유지할 것이라고 말했다.     (Reporting by Saliou Samb; Additional reporting by Polina Devitt in Moscow; Writing by Cooper Inveen; Editing by Jason Neely and Alison Williams)  cooper.inveen@thomsonreuters.com ; +221 78 546 9850; ))     (c) Copyright Thomson Reuters 2020. Click For Restrictions - https://agency.reuters.com/en/copyright.html        Keywords: GUINEA-TRAIN/ (UPDATE 1, TV, PIX)   원문 바로가기    DISCLAIMER  레피니티브의 사전, 서면 승인 없는 톰슨로이터 콘텐츠의 재생산이나 재배포는 금지되어 있습니다. 이 기사의 한국어 번역은 에프앤가이드가 사용하는 기계적 번역에 의한 것으로 톰슨로이터와 레피니티브는 번역의 정확성을 보증하지 않습니다."
78,2,"2021-09-20","20:47:15","Russell Microcap Index에 BRIF-Miromatrix Medical 추가","BRIEF-Miromatrix Medical Added To Russell Microcap Index .storyContent * {border-color:inherit !important;outline-color:inherit !important;} 9월 20일(로이터) - Miromatrix Medical Inc. MIRO.O:  러셀 마이크로캡® 인덱스에 miromatrix medical 추가    Further company coverage: MIRO.O  Reuters.Briefs@thomsonreuters.com        (c) Copyright Thomson Reuters 2020. Click For Restrictions - https://agency.reuters.com/en/copyright.html   원문 바로가기    DISCLAIMER  레피니티브의 사전, 서면 승인 없는 톰슨로이터 콘텐츠의 재생산이나 재배포는 금지되어 있습니다. 이 기사의 한국어 번역은 에프앤가이드가 사용하는 기계적 번역에 의한 것으로 톰슨로이터와 레피니티브는 번역의 정확성을 보증하지 않습니다."
78,3,"2021-09-20","20:47:03","BRIFT-Beigen, FTSE 러셀 지수 편입 발표","BRIEF-Beigene Announces Inclusion In FTSE Russell Indices .storyContent * {border-color:inherit !important;outline-color:inherit !important;} 9월 20일 (로이터) - Beigene Ltd. 6160.HK:  베이긴은 ftse 러셀 지수에 포함되었다고 발표한다.    Further company coverage: 6160.HK  Reuters.Briefs@thomsonreuters.com        (c) Copyright Thomson Reuters 2020. Click For Restrictions - https://agency.reuters.com/en/copyright.html   원문 바로가기    DISCLAIMER  레피니티브의 사전, 서면 승인 없는 톰슨로이터 콘텐츠의 재생산이나 재배포는 금지되어 있습니다. 이 기사의 한국어 번역은 에프앤가이드가 사용하는 기계적 번역에 의한 것으로 톰슨로이터와 레피니티브는 번역의 정확성을 보증하지 않습니다."
78,4,"2021-09-20","20:46:38","영국 왕실, 제임스 본드 월드 시사회 의료인 합류 예정","British royals to join health workers at James Bond world premiere .storyContent * {border-color:inherit !important;outline-color:inherit !important;} 런던, 9월 20일 (로이터) - 영국의 찰스 왕세자와 그의 아들 윌리엄이 제임스 본드 영화가 지연 개봉하는 다음 주 ""죽을 시간이 없다""의 세계 시사회에서 의료 종사자들과 군인들 사이에 합류할 것이다.  이 영화에서 다섯 번째이자 마지막인 007 에이전트 역을 맡은 다니엘 크레이그는 9월 28일 런던 로열 앨버트 홀에서 레드카펫에서 라미 말렉, 리아 세이두, 라샤나 린치, 벤 위쇼, 나오미 해리스의 공동 주연을 맡을 것이다.  찰스' 클라렌스 하우스 사무소는 그와 윌리엄 왕자가 초연에 부인 카밀라와 캐서린과 함께 참석할 것이라고 말했다.  유니버설 픽처스와 MGM 영화는 당초 2020년 4월 개봉을 앞두고 있었으나 COVID-19 대유행으로 전 세계 영화관들이 문을 닫도록 강요하고 관객 수용량 제한이 가해져 여러 차례 연기됐다.  제임스 본드 영화는 할리우드에서 가장 큰 영화 체인점 중 하나로 2015년 '스펙트르'는 전세계 박스 오피스에서 8억 8천만 달러를 벌었고 2012년 '스카이폴'은 전세계적으로 10억 달러 이상을 벌어들였다.  이 왕실들은 캐리 조지 후쿠나가 감독, 이 영화의 주제곡을 부르는 빌리 에일리쉬, 그리고 프로듀서 마이클 지뿐만 아니라 일부 출연자들을 만날 것이다. 윌슨과 바바라 브로콜리.  007 공식 웹사이트는 전세계적으로 처음으로 본드 홍보 행사 중 첫 번째인 이번 시사회에서는 영국 특수부대의 전현직 회원들을 지원하는 자선단체인 비밀정보국(Secret Intelligence Service), 보안국(Security Service), GCHQ(Government Communications 본사)가 혜택을 받게 될 것이라고 밝혔다.  의료 종사자들은 또한 대유행 동안 열심히 일한 것에 대한 경의의 표시로 시사회에도 초대되었다.   ""No Time To Die""는 다음 주 후반에 세계 영화 개봉을 시작할 것이다.     (Reporting by Marie-Louise GumuchianEditing by Gareth Jones)  Marie-Louise.Gumuchian@thomsonreuters.com     (c) Copyright Thomson Reuters 2020. Click For Restrictions - https://agency.reuters.com/en/copyright.html        Keywords: BRITAIN-ROYALS/NO TIME TO DIE (PIX)   원문 바로가기    DISCLAIMER  레피니티브의 사전, 서면 승인 없는 톰슨로이터 콘텐츠의 재생산이나 재배포는 금지되어 있습니다. 이 기사의 한국어 번역은 에프앤가이드가 사용하는 기계적 번역에 의한 것으로 톰슨로이터와 레피니티브는 번역의정확성을 보증하지 않습니다."
78,5,"2021-09-20","20:46:33","BRIF-범용 스테인리스, 롱 제품에 대한 기본 가격 인상 발표","BRIEF-Universal Stainless Announces Base Price Increase On Long Products .storyContent * {border-color:inherit !important;outline-color:inherit !important;} 9월 20일(로이터) - 범용 스테인리스 및 알로이 제품 Inc. USAP.O:  범용 스테인리스가 긴 제품의 기본 가격 인상을 발표하다.   범용 스테인리스 및 합금 제품 주식회사 - 모든 롱 제품에 대해 기본 가격 3%~10% 인상 발표   범용 스테인리스 및 합금 제품 인크- 모든 신규 주문에 대해 즉시 증가 유효   범용 스테인리스 및 합금 제품(현재 소재 및 에너지 할증료)은 계속 유효함    Further company coverage: USAP.O  Reuters.Briefs@thomsonreuters.com        (c) Copyright Thomson Reuters 2020. Click For Restrictions - https://agency.reuters.com/en/copyright.html   원문 바로가기    DISCLAIMER  레피니티브의 사전, 서면 승인 없는 톰슨로이터 콘텐츠의 재생산이나 재배포는 금지되어 있습니다. 이 기사의 한국어 번역은 에프앤가이드가 사용하는 기계적 번역에 의한 것으로 톰슨로이터와 레피니티브는 번역의 정확성을 보증하지 않습니다."
78,6,"2021-09-20","20:46:18","크론병 오밀랑코르에 대한 2단계 연구를 위해 BLIFT-Landos Biopharma와 함께 협력할 것인가?아이칸 의과대학","BRIEF-Landos Biopharma To Collaborate On A Phase 2 Study Of Omilancor In Crohn’S Disease With The?Icahn School Of Medicine .storyContent * {border-color:inherit !important;outline-color:inherit !important;} 9월 20일(로이터) - 란도스 바이오파마 주식회사 LABP.O:  랜도스 바이오파마(landos biopharma)는 산 시나이에서 아이칸 의대와 크론병 오밀란코르의 2단계 연구를 공동 연구한다.   란도스 바이오파마 주식회사 - 이 연구를 후원하기 위해 미국 국립 당뇨병과 소화기 및 신장 질환 연구기관으로부터 300만 달러의 보조금을 받았다.   landos biopharma inc. - 크론병(cd)의 오밀란코르 2단계 재판, 2021년부터 시작될 것으로 예상    Further company coverage: LABP.O  Reuters.Briefs@thomsonreuters.com        (c) Copyright Thomson Reuters 2020. Click For Restrictions - https://agency.reuters.com/en/copyright.html   원문 바로가기    DISCLAIMER  레피니티브의 사전, 서면 승인 없는 톰슨로이터 콘텐츠의 재생산이나 재배포는금지되어 있습니다. 이 기사의 한국어 번역은 에프앤가이드가 사용하는 기계적 번역에 의한 것으로 톰슨로이터와 레피니티브는 번역의 정확성을 보증하지 않습니다."
78,7,"2021-09-20","20:46:10","모닝 뉴스 콜 - 미국, 9월 20일","Morning News Call - U.S., September 20 .storyContent * {border-color:inherit !important;outline-color:inherit !important;} 이 뉴스레터의 PDF 버전에 액세스하려면 click here  TOPNEWS U.S. Companies 페이지를 통해 미국 모닝 뉴스 콜을 읽을 수 있다.  이메일을 통해 이 뉴스레터를 받으려면 다음 웹 사이트에 등록하십시오.  https://solutions.refinitiv.com/MorningNewsCallENsubscriptionpage  캐나다 모닝 뉴스 콜의 경우 - 거래일의 시장 이동 뉴스 미리보기:  - Eikon 사용자인 경우 뉴스 브라우저에 CA/MNC를 입력하거나, Thomson One 사용자인 경우 뉴스 브라우저에 RT/CA/MNC를 입력하십시오.     아침 뉴스 콜 캐나다인(프랑스어)의 경우 - 거래일에 시장이 움직이는 뉴스의미리보기:  - Eikon 사용자인 경우 뉴스 브라우저에 CA/MNC를 입력하거나, Thomson One 사용자인 경우 뉴스 브라우저에 RT/CA/MNC를 입력하십시오.     다음 거래일의 미리 보기 및 그날의 이벤트를 재점검하는 경우:  - Eikon 사용자인 경우 뉴스 브라우저에 DAY/US를 입력하고, Thomson One 사용자인 경우 뉴스 브라우저에 RT/DAY/US를 입력하십시오.     뉴스레터 색인을 보려면다음을 클릭하십시오. NEWSLETTERS        (c) Copyright Thomson Reuters 2020. Click For Restrictions - https://agency.reuters.com/en/copyright.html   원문 바로가기    DISCLAIMER  레피니티브의 사전, 서면 승인 없는 톰슨로이터 콘텐츠의 재생산이나 재배포는 금지되어 있습니다. 이 기사의 한국어 번역은 에프앤가이드가 사용하는 기계적 번역에 의한 것으로 톰슨로이터와 레피니티브는 번역의 정확성을 보증하지 않습니다."
79,1,"2021-09-20","20:38:22","문재인 대통령 ""추석 전 코로나 백신 1차 접종률 70% 달성…큰 산 넘었다""","유엔 총회 참석을 위해 미국 뉴욕을 방문 중인 문재인 대통령이 영상 메시지를 통해 국민들에게 추석 인사를 전했다.   문 대통령은 20일(현지시간) 영상 메시지에서 ""큰 산 하나를 넘어 추석을 맞았다""라며 ""추석 전 코로나19 백신 1차 접종률 70%를 달성해 조금이나마 걱정을 덜었다""고 말했다.   이어 ""다음 달이면 접종 완료율도 세계에서 앞서 가게 될 것이고 우리는 점차 일상을 되찾게 될 것""이라며 ""힘들어도 조금만 더 힘내달라. 애써준 의료진과 방역진, 인내로 이겨온 국민들에게 감사하다""고 덧붙였다.   문 대통령은 유엔 총회에 대해서도 ""이번에도 추석 연휴에 유엔 총회에 참석하게 됐다. 유엔 총회를 무사히 마치고 더 큰 희망과 함께 돌아오겠다""고 전했다.   김정숙 여사도 ""가족과 이웃을 사랑하는 마음이 백신 접종 속도를 빠르게 올렸다고 생각한다""며 ""어려운 상황이지만 이웃과 더 많이 나누면좋겠다""고 언급했다.   이어 ""가족은 언제나 든든하다. 힘든 나날 속에서도 둥근 달은 변함없이 동산에 뜨고 가족을 사랑하는 마음도 그대로""라며 ""예년 같지 않아도 환한 내일을 기대하며 행복한 시간을 보내시길 바란다""고 밝혔다.   한편, 문 대통령은 20일(현지시간) 오전 첫 일정으로 '지속가능 발전목표(SDG) 모멘트' 행사에서 연설에 나선다. 특히 이 행사에는 '미래세대와 문화를 위한 대통령 특별사절'로 임명된 방탄소년단(BTS)도 참석해 연설 및 영상 퍼포먼스를 선보일 예정이다.   이재영 기자(ljy0403@etoday.co.kr)   [오늘의 핫클릭] ●MZ세대가 꽂힌 명품 ‘블랙 백팩’은?…프라다·버버리·구찌 ●[오늘 날씨] 20일 전국 대체로 맑음…큰 일교차 ‘주의’  ●▶▶주식 30만원으로 시작한다면 꼭 '이렇게' 해라! [클릭] ●통장에 50만원 있다면 ""이종목"" 꼭 매수해라!! [클릭] ●▶美 FDA임상3상완료! 2000조 시장 거머쥘 바이오 新대장주 [확인] ●▶기관, 외인 2000만주 이상 거침없는 대규모 매집! ""o o o"" 인수전 시작! (확인) ●▶최종목표 1500%! 美 FDA 임상3상 긴급승인! 잭팟 터질 바이오株! [클릭]        이투데이(www.etoday.co.kr), 무단전재 및 수집, 재배포금지   프리미엄 경제신문 이투데이    "
79,2,"2021-09-20","20:38:16","BLIFT-Uniper와 øedded to 공동 개발 수소와 함께 해상풍 공동 개발","BRIEF-Uniper And Ørsted To Jointly Develop Offshore Wind With Hydrogen .storyContent * {border-color:inherit !important;outline-color:inherit !important;} 9월 20일(로이터) - UNIPIER SE UN01.DE:  østed 및 uniper 전략적 파트너십 탐색   양해각서(MOU)에서 uniper와 oirsted 기업들은 대규모의 수소와 함께 해상풍력 공동개발을 목표로 노력했다.   이는 특히 빌헬름스헤이븐 현장에서 해상풍력으로부터 수소를 직접 생산하는 시스템 서비스형 직통합을 통해 달성될 예정이다.   Further company coverage: UN01.DE  (Gdansk Newsroom)  gdansk.newsroom@thomsonreuters.com ; +48 58 769 66 00; ))        (c) Copyright Thomson Reuters 2020. Click For Restrictions - https://agency.reuters.com/en/copyright.html   원문 바로가기    DISCLAIMER  레피니티브의 사전, 서면 승인 없는 톰슨로이터 콘텐츠의 재생산이나 재배포는 금지되어 있습니다. 이 기사의 한국어 번역은 에프앤가이드가 사용하는 기계적 번역에 의한 것으로 톰슨로이터와 레피니티브는 번역의 정확성을 보증하지 않습니다."
79,3,"2021-09-20","20:38:11","BRIFT-Weatherford, 5억 달러 선순위 담보권 발행 개시","BRIEF-Weatherford Commences $500 Mln Senior Secured Notes Offering .storyContent * {border-color:inherit !important;outline-color:inherit !important;} 9월 20일(로이터) - 웨더포드 인터내셔널 PLC WFRD.O:  Weatherford International PLC는 5억 달러의 선순위 담보권 발행의 시작을 알린다.   Weatherford - 보안 노트는 발행자의 8.75% 선순위 담보 채권 2024년 만기일을 보증하는 회사와 동일한 자회사에 의해 보증된다.   Weatherford - 제공 및 현금에 따른 순이익을 사용하여 현재 보유 중인 2024개의 담보어음을 모두 상환하고 관련 수수료 및 비용을 지불할 계획   Weatherford International PLC - 또한 현금을 사용하여 2024년 12월 1일 만기 11.0% 선순위 채권 중 2억달러 원금을 상환할 계획이다.    Further company coverage: WFRD.O  Reuters.Briefs@thomsonreuters.com        (c) Copyright Thomson Reuters 2020. Click For Restrictions - https://agency.reuters.com/en/copyright.html   원문 바로가기    DISCLAIMER  레피니티브의 사전, 서면 승인 없는 톰슨로이터 콘텐츠의 재생산이나 재배포는 금지되어 있습니다. 이 기사의 한국어 번역은 에프앤가이드가사용하는 기계적 번역에 의한 것으로 톰슨로이터와 레피니티브는 번역의 정확성을 보증하지 않습니다."
79,4,"2021-09-20","20:37:47","BRIF-Extreme Networks, NFL 파트너십 2024년까지 연장","BRIEF-Extreme Networks, National Football League Extend Partnership Through 2024 .storyContent * {border-color:inherit !important;outline-color:inherit !important;} 9월 20일(로이터) - Extreme Networks Inc. EXTR.O:  익스트림 네트워크 - 국가 축구 리그와 익스트림 네트워크는 2024년까지 파트너십을확장한다.    Further company coverage: EXTR.O  Reuters.Briefs@thomsonreuters.com        (c) Copyright Thomson Reuters 2020. Click For Restrictions - https://agency.reuters.com/en/copyright.html   원문 바로가기    DISCLAIMER  레피니티브의 사전, 서면 승인 없는 톰슨로이터 콘텐츠의 재생산이나 재배포는 금지되어 있습니다. 이 기사의 한국어 번역은 에프앤가이드가 사용하는기계적 번역에 의한 것으로 톰슨로이터와 레피니티브는 번역의 정확성을 보증하지 않습니다."
79,5,"2021-09-20","20:37:02","PAE 첫 투자등급 매수 ... 주가 목표 8달러 - B of A 증권","[다우존스/이데일리] B of A 증권이 PAE 주식 평가를 시작하면서 첫 투자등급을 매수로 결정했다. 또 주가 목표를 8달러로 발표했다.   ＜ⓒ종합 경제정보 미디어 이데일리 - 무단전재 & 재배포 금지＞"
79,6,"2021-09-20","20:36:50","홍콩 증시 3% 급락…헝다 파산설·부동산 규제 우려에 '빨간불'","홍콩 증시가 3% 넘게 급락했다. 부동산 개발업체 헝다(恒大·에버그란데)그룹의 파산 우려감 확산과 중국 당국의 홍콩 부동산 규제가능성 제기 등 악재가 겹치면서다.  홍콩 항셍지수는 20일 전일 대비 3.3% 하락으로 마감했다.  헝다 주가는 장중 한때 19% 가까이 떨어지며 2010년 5월 이후 11년 만에 최저가를 기록했다. 종가는 10.24% 하락 마감했다.  이날 뉴월드(新世界)·순훙카이(新鴻基·SHKP)·청쿵(長江·CK) 등 홍콩의 다른 부동산 업체 주가도 10% 안팎의 하락세를 보였다. 홍콩에 상장된 중국 부동산개발업체 시닉 홀딩스는 이날 오후 투매가 나오면서 주가가 87%나 급락, 결국 거래가 중단되기도 했다.  헝다는 이번 주 채무에 대한 이자를 지급해야 한다. 하지만 이가 불가능할 것이라는 관측이 지배적이다. 헝다의 총부채는 작년 말 기준 1조9500억 위안(약 350조원)이다. 중국 당국이 금융 리스크 축소와 주택 가격 안정을 위한 각종 조치를 내놓으면서 경영난이 가중된 상황이다.  중국 정부가 홍콩 지역으로 부동산 규제를 확대할 가능성이 제기된 것도 시장에 영향을 미쳤다는 분석도 나온다. 홍콩매체 사우스차이나모닝포스트(SCMP)는 헝다 파산설 확산에 따라 중국 부동산 개발업체들의 차입 비용이 늘어나는 등 경영 압박이 커질 수 있다고 내다봤다.  또 SCMP는 헝다뿐만 아니라 최근 부동산 판매실적이 부진하고 신용등급이 내려간 광저우 푸리(廣州富力·R&F)와 화양녠(花樣年·Fantasia) 그룹의 상황도 더 어려워질 가능성을 제기했다.  신현보 한경닷컴 기자 greaterfool@hankyung.com    관련기사 '영끌' 빚폭탄 떠안은 3040…""이러다 큰일난다"" ""세월호 스티커 때문에 테러 당했습니다"" ""이렇게 하면 사망위험 70% 감소""…서프라이즈 ""한두 번도 아니고…"" 또 한국 외면한 애플 소시 윤아도 당황…Z세대는 안 입는다는 그 바지    ⓒ 한국경제 & hankyung.com, 무단전재 및 재배포 금지"
79,7,"2021-09-20","20:36:49","15살인데 벌써 227cm…서장훈 김연경보다 20cm 이상 큰 캐나다 중학생, 기네스북 올라","캐나다의 15살 중학생이 '10대 세계 최장신'으로 기네스북에 올랐다. 이 소년의 키는 국내 장신 운동선수로 알려진 전 농구선수서장훈(207cm)보다 20cm, 배구여제 김연경(192cm)보다 30cm 이상 크다.  20일 기네스북에 따르면 캐나다의 올리비에 리우스는 키가 무려226.9cm로 '2022년 기네스 10대 세계 최장신'으로 등재됐다. 10대 세계 최장신 심사 대상은 13~18세 사이다. 올리비에는 상대적으로 성장속도가 빨랐다. 그는 3.4kg로 태어나 생후 첫 달만에 7.25kg으로 빠르게 성장했다.  올리비에의 가족들도 모두 키가 큰 편이었다. 의사들은 올리비에의 키가 최고 198.12cm까지 클 것이라고 예상했지만 현재 이보다 30cm 가량 훌쩍 커버렸다. 올리비에는 어린시절 기네스 세계기록을 살펴보면서 가장 키가 큰 사람을 찾아보고 연구하기도 했다. 또 세계기록 보유자들과 자신의 키를 비교하기도 했다. 올리비에 이전의 세계 10대 최장신은 중국의 15살 소년 샤오위(221.03cm)였다. 샤오위는 초등학교 재학 시절인 지난 2018년 벌써 키가 206cm였다. 샤오위의 부모도 모두 190cm의 장신이고 외조부모도 180cm를 넘는 것으로 알려졌다. [변덕호 매경닷컴 기자]    ☞ [매경증권센터] 이시각 증시는? ☞ [이시각 증시는] 거래소, 코스닥 시황 종합 ☞ [이 시각 특징주] 투자자별 매매동향, 이슈 테마!! ☞ [증권사 리포트] 최신 증권사 리포트 요약 ☞ 동학개미운동! 주식 초보투자자들의 성공백서! 톡스타!! ☞ 수익률 & 성공투자! ""톡스타""가 함께 합니다   [ⓒ 매일경제 & mk.co.kr, 무단전재 및 재배포 금지]"
80,1,"2021-09-20","20:29:40","미국 주식-미래는 성장 우려에 1% 이상 하락, Fed에 집중","US STOCKS-Futures drop over 1% on growth worries; focus turns to Fed .storyContent * {border-color:inherit !important;outline-color:inherit !important;}    9월 20일(로이터) - 미국 증시의 선물은 월요일 연방준비제도(Fed·연준)가 대유행 시대의 경기 부양책을 잠재적으로 테이퍼링하기로 결정하는 주초에 경기 회복 속도에 대한 우려가 에너지와 은행주를 강타하면서 1% 이상 하락했다.  선물추적 우량 다우 지수 1YMcv1주로 꾸준한 경기 회복에 의존하는 주식으로 구성된 주식은 오전 6시 51분에 1.6% 하락했다. ET는 7월 20일 이후 최저치를 기록했다.  Chevron을 포함한 에너지 점유율 CVX.N 엑손 모빌과 XOM.N 산업용 보잉사가 선두주자인 반면, 프리마켓 거래의 하락을 주도했다. BA.N 그리고 캐터필러 주식회사 CAT.N 각각 1.8%, 1.9% 하락했다. O/R  월가의 주요 지수는 이달 들어 법인세율 인상으로 인해 수익률이 하락하고 노동시장이 고르지 못할 것이라는 우려로 타격을 입었다. 벤치마크 S&P 500 .SPX 7개월 연속 상승세를 탈 것으로 보인다.  실제 발표가 11월이나 12월 회의로 미뤄지는 것이 합의사항이지만 중앙은행이 테이퍼링을 위한 토대를 마련할 것으로 예상되는 연준의 정책회의에 수요일의 모든 시선이 쏠릴 것이다. [nL1N2QI1L8]  베렌버그 애널리스트는 ""연준 회의를 앞두고 투자자들이 불안해하고 변동성이 커지면 연준이 완강하게 놀라며 변동성이 다시 감소한다""고썼다.  채권 매입이 축소될 수 있도록 시장이 잘 준비돼 있고 당장 될 것 같지 않다는 점에서 이번에도 비슷한 패턴을 예상할 수 있을것이다.  CBOE 변동성 지수 .VIX월가의 공포 측정기로 알려진, 월스트리트의 공포 측정기는 두 달 만에 최고 수준을 기록했다.  S&P 500 e-minis EScv1 57.5포인트, 즉 1.3% 하락했고 나스닥 100 e-minis NQcv1 152.75포인트, 즉 1%포인트 하락했다.  최근 중국 에버그란데의 골칫거리 심화에 원자재 등 세계 시장도 긴장하고 있다. 3333.HK세계에서 가장 많은 빚을 지고 있는 부동산 개발업자. MKTS/GLOB [nL1N2QM02L]  모건스탠리 등 경제연계은행주 MS.N, JPMorgan Chase & Co. JPM.N 그리고 뱅크 오브 아메리카 BAC.N 미 재무부의 수익률을 추적하는 2.2%와 3% 사이에서 하락했다. US/  웨이보 등 미국 상장 중국 주식 슬레이트 WB.O,빌리빌리 주식회사 BILI.O, Vipshop Holdings Ltd. VIPS.N 그리고 핀두두오 주식회사 PDD.O 중국의 규제 단속이 확대되는 가운데 3.4%에서 5.4% 사이 하락하였다.  크루젤리너스 RCL.N, NCLH.K CCL.N 항공사 유나이티드 항공이 약 3% 하락하는 동안 UAL.O아메리칸항공 AAL.O 그리고 델타항공 DAL.N COVID-19의 증가가 여행 수요의 회복 지연에 대한 우려를 불러일으키면서 2% 하락했다.     (Reporting by Devik Jain and Sagarika Jaisinghani in Bengaluru; Editing by Arun Koyyur and Maju Samuel)  sagarika.jaisinghani@thomsonreuters.com     (c) Copyright Thomson Reuters 2020. Click For Restrictions - https://agency.reuters.com/en/copyright.html        Keywords: USA-STOCKS/ (UPDATE 1)   원문 바로가기    DISCLAIMER  레피니티브의 사전, 서면 승인 없는 톰슨로이터 콘텐츠의 재생산이나 재배포는 금지되어 있습니다. 이 기사의 한국어 번역은 에프앤가이드가 사용하는 기계적 번역에 의한 것으로 톰슨로이터와 레피니티브는 번역의 정확성을 보증하지 않습니다."
80,2,"2021-09-20","20:29:13","추석인 내일 오전 전국 흐리고 비…""보름달은 볼 수 있어""","추석 당일인 내일 오전은전국이 대체로 흐리고 비가 오겠다. 새벽에 중부지방과 전라권, 제주도에서 시작된 비는 전국으로 확대되다가 오후께부터 차차 맑겠다. 예상 강수량은 중부지방·남부지방·제주도 20∼70㎜, 강원 영동·경북 동해안 5∼20㎜다. 아침 최저 기온은 18∼23도, 낮 최고 기온은 25∼29도로 예보됐다. 추석 보름달이 뜨는 시각은 서울 오후 6시 59분, 인천 오후 7시, 수원 오후 6시 59분, 강릉 오후 6시 51분, 춘천 오후 6시 56분, 대전 오후 6시 57분, 청주 오후 6시 57분, 대구 오후 6시 52분, 부산 오후 6시 50분, 울산 오후 6시 49분, 광주 오후 6시 59분, 전주 오후 6시 58분, 제주 오후 7시 등이다. 미세먼지 농도는 전 권역이 '좋음' 수준을 보이겠다. 서해 먼바다는 아침까지 바람이매우 강하게 불고 물결이 높게 일겠으니 항해나 조업하는 선박은 주의해야 한다. 바다의 물결은 동해 앞바다에서 0.5∼2.5ｍ, 서해 앞바다에서 0.5∼3.0ｍ, 남해 앞바다에서 0.5∼1.5ｍ로 일겠다. 안쪽 먼바다(해안선에서 약 200㎞ 내의 먼바다)의 파고는 동해 1.0∼3.5ｍ,서해 1.5∼4.0ｍ, 남해 1.0∼3.0ｍ로 예상된다. [류영상 매경닷컴 기자]    ☞ [매경증권센터] 이시각 증시는? ☞ [이시각 증시는] 거래소, 코스닥 시황 종합 ☞ [이 시각 특징주] 투자자별 매매동향, 이슈 테마!! ☞ [증권사 리포트] 최신 증권사 리포트 요약 ☞ 동학개미운동! 주식 초보투자자들의 성공백서! 톡스타!! ☞ 수익률 & 성공투자! ""톡스타""가 함께 합니다   [ⓒ 매일경제 & mk.co.kr, 무단전재 및 재배포 금지]"
80,3,"2021-09-20","20:29:07","BUZ-위험 회피에 대한 저비용 보호 고려","BUZZ-Consider low cost protection against more risk aversion .storyContent * {border-color:inherit !important;outline-color:inherit !important;} 위험 회피는 일반적으로 JPY와 그 변동성 측정치를 상승시킨다.    소액 선불 수수료의 경우, JPY 통화/USD put 옵션 혜택 두 가지 결과 모두 제공   실질 및묵시적 변동성 증가 및 낮은 지점 감소로 인한 이익   최근 유행병의 낮은 잠재된 변동성은 손실 가능성이 제한됨을 의미한다.    최근 옵션 차질을 이용한 사람들은 이미 보호되고 있다.    미화/JPY에 더 큰 차질이 우려되는 사람들은 여전히 이익을 얻을 수 있으며, 단지 프리미엄을 감수할 뿐이다.   관련 의견    자세한 내용을 보려면 을 클릭하십시오. FXBUZ  (Richard Pace is a Reuters market analyst. The views expressed are his own)  Richard.Pace@thomsonreuters.com        (c) Copyright Thomson Reuters 2020. Click For Restrictions - https://agency.reuters.com/en/copyright.html   원문 바로가기    DISCLAIMER  레피니티브의 사전, 서면 승인 없는 톰슨로이터 콘텐츠의 재생산이나 재배포는 금지되어 있습니다. 이 기사의 한국어 번역은 에프앤가이드가 사용하는 기계적 번역에 의한 것으로 톰슨로이터와 레피니티브는 번역의정확성을 보증하지 않습니다."
80,4,"2021-09-20","20:29:05","문재인 대통령 ""추석 전 접종률 70% 달성…걱정덜 수 있게 됐다""","제76차 유엔총회 참석차 미국 뉴욕을 방문 중인 문재인 대통령과 부인 김정숙 여사가 추석을 하루 앞둔 20일 영상 메시지를 통해 국민들에게 추석 인사를 전했다. 문 대통령은 이날 ""큰 산 하나를 넘어 추석을 맞이했다""며 ""국민들께 약속한 추석 전 백신 1차 접종률 70%를 달성해 조금이나마 걱정을 덜 수 있게 됐다""고 말했다. 이어 ""다음달이면 접종 완료율도 세계에서 앞서가게 될 것이고 우리는 점차 일상을 되찾게 될 것""이라며 ""힘들어도 조금만 더 힘내시기를 바란다. 애써주신 의료진과 방역진, 인내로 이겨온 국민들께 감사드린다""고 밝혔다. 문 대통령과 부인 김정숙 여사는 19일 미국으로 출발하기 전 서울공항에서 전용기에 탑승한 채 이 영상을 녹화했다.뉴욕 도착 후 편집을 거쳐 추석 하루 전인 이날 공개한 것으로 알려졌다. 문 대통령은 ""한가위 보름달은 소원을들어준다. 저희 부부는 국민 한 분 한 분의 건강과 안전을 빌 것""이라며 ""명절을 잘 보내자고 하기도 어려울 만큼 힘든 분이 많지만 어려워도 가족 간, 이웃 간의 사랑은 줄지 않는다. 서로 격려해주고 격려받는 명절이 되길 바란다""고 했다. [류영상 매경닷컴 기자]    ☞ [매경증권센터] 이시각 증시는? ☞ [이시각 증시는] 거래소, 코스닥 시황 종합 ☞ [이 시각 특징주] 투자자별 매매동향, 이슈 테마!! ☞ [증권사 리포트] 최신 증권사 리포트 요약 ☞ 동학개미운동! 주식 초보투자자들의 성공백서! 톡스타!! ☞ 수익률 & 성공투자! ""톡스타""가 함께 합니다   [ⓒ 매일경제 & mk.co.kr, 무단전재 및 재배포 금지]"
80,5,"2021-09-20","20:28:55","BRIF-Verastem, KRAS G12C-Mutant 비소세포폐암 환자에서 LUMAKRASTM과 함께 VS-6766 평가 파트너","BRIEF-Verastem, Amgen Partner To Evaluate VS-6766 In Combination With LUMAKRASTM In Patients With KRAS G12C-Mutant Non-Small Cell Lung Cancer .storyContent * {border-color:inherit !important;outline-color:inherit !important;} 9월 20일(로이터) - Verastem Inc. VSTM.O:  kras g12c-medant 비소세포폐암 환자의 루마크래스트름(소토라시브)과 함께 6766 대 6766을 평가하는 verastem oncology 및 암겐 파트너   verastem inc - 2021년 말까지 6766 및 루마크라(tm) 대비 임상시험을 시작할 것으로 예상    Further company coverage: VSTM.O  Reuters.Briefs@thomsonreuters.com        (c) Copyright Thomson Reuters 2020. Click For Restrictions - https://agency.reuters.com/en/copyright.html   원문 바로가기    DISCLAIMER  레피니티브의 사전, 서면 승인 없는 톰슨로이터 콘텐츠의 재생산이나 재배포는 금지되어 있습니다. 이 기사의 한국어 번역은 에프앤가이드가 사용하는 기계적 번역에 의한 것으로 톰슨로이터와 레피니티브는 번역의 정확성을 보증하지 않습니다."
80,6,"2021-09-20","20:28:54","美 떠나는 전용기에서 추석인사 文 ""다음달 일상 찾을 것""","문재인 대통령은 20일 ""다음달이면 접종 완료율도 세계에서 앞서가게 될 것이고 우리는 점차 일상을 되찾게 될 것""이라고 밝혔다. 제76차 유엔총회 참석차 미국을 방문중인 문대통령은 이날 공개된 추석 영상 메시지를 통해 ""국민들께 약속한 추석 전 백신 1차 접종률, 70%를 달성해조금이나마 걱정을 덜 수 있게 되었다""며 이같이 말했다. 문대통령은 ""큰 산 하나를 넘어 추석을 맞이하게 되었다""며 ""힘들어도 조금만 더 힘을 내달라""고 당부했다. 김정숙 여사도 ""아직은 어려운 상황이지만 가족을 믿고, 이웃과 더 많이 나누면 좋겠다""며 ""함께하는 마음으로 차분히 대응해온 만큼 결실도 값질 것""이라고 강조했다.    특히 문대통령은 ""명절을 잘 보내자고 하기도 어려울 만큼 힘든 분이 많다""고 위로하며 ""올해는 서로 격려해주고격려받는 명절이 되길 바란다""고 말했다. 끝으로 문대통령과 김정숙 여사는 ""한가위 보름달은 사람들의 소원을 들어준다""며 ""저희 부부는 국민 한분한분의 건강과 안전을 빌겠다""고 말했다. 문대통령은 21일(현지시간) 유엔총회 기조연설 등의 일정을 소화하고 23일 귀국한다.  [임성현 기자]    ☞ [매경증권센터] 이시각 증시는? ☞ [이시각 증시는] 거래소, 코스닥 시황 종합 ☞ [이 시각 특징주] 투자자별 매매동향, 이슈 테마!! ☞ [증권사 리포트] 최신 증권사 리포트 요약 ☞ 동학개미운동! 주식 초보투자자들의 성공백서! 톡스타!! ☞ 수익률 & 성공투자! ""톡스타""가 함께 합니다   [ⓒ 매일경제 & mk.co.kr, 무단전재 및 재배포 금지]"
80,7,"2021-09-20","20:28:18","""쓰레기 넘어와"" 고물상들에 흉기 휘두른 60대 영장","피해자 생명 지장은 없어   [연합]  [헤럴드경제=홍승희 기자]서울 양천경찰서는 흉기를 휘둘러 4명을 다치게 한 혐의(특수상해)로 60대 남성의 구속영장을 신청했다고 20일 밝혔다.  A(67)씨는 전날 오전 11시께 서울 양천구 신월동의 한 고물상 앞에서 고물상 주인을 흉기로 내리치고 인근에 있던 폐지 줍는 노인 등 3명을 흉기로 찌른 혐의를 받는다.  A씨는 고물상의 종이나 비닐 등이 여러 차례 자신의 집 주차장 쪽으로 넘어온 것에 불만을 품고 범행을 한 것으로 전해졌다.  피해자들은 각각 손과 가슴, 다리 등을 다쳐 병원으로 옮겨졌으나, 생명에 지장은 없는 것으로 알려졌다.  경찰은 A씨를 현행범으로 체포한 뒤 조사를 진행 중이다.     했다고 주장한다. 증언과 증거가 있다고 한다”고 지적했다. 이어 “그렇다면 얼른 수사기관에 고발하고 증거를 제출하라. 제가 정말로 잘못을 했다면 법정에서 진위를 가리는 것이 훨씬 빠르고 편한 길 아니겠느냐”고 덧붙였다.  그는 “법정에 갈 자신이없으니 서명을 받고 기자회견을 하는 등 여론 몰이를 하는 것 아니냐”며 “분명히 말씀드리지만 저는 어느 누구에게도 성희롱이나 성추행을 하지 않았고, 상대가 그렇게 느낄만한 행동도 결코 하지 않았다”고 강조했다.  이어 “공동행동은 제가 2차 가해를 한다고 주장하는데 허위사실을 유포하고 2차 가해를 하는 쪽은 공동행동 측”이라며 “무엇 하나 사실이 없다. 피해자를 색출하기 위해 제3자를 통해 연락을 했다는 주장도 사실이 아니다”고 덧붙였다.  앞서 피해자 측을 대변하는 공동행동은 16일 기자회견을 통해 “A 교수가 피해자들에게 지속적으로 연락하고 있다”며 “이러한 2차 가해를 즉시 멈춰야 한다”고 촉구했다.  공동행동은 “A 교수가 언론에 입장문을 통해 허위사실을 유포하거나 제3자를 통해 피해 당사자들에게 연락을 시도하고 있다”며 “이러한 A 교수의 지속적인 2차 가해 행위를 규탄하며, 폭력적 대응을 즉각 중단할 것을 촉구한다”고 밝혔다. 공동행동에따르면 8일 A 교수 가해 폭로 회견 이후 15일 오후까지 A 교수 파면과 관련, 1만9470명의 지지 서명을 받았고 29건의 추가 피해 신고를 접수했다.  이 단체는 “29건의 추가 피해 사례의 경우, 공동행동이 폭로한 사실관계와 유사한 것이 많았고, 훨씬 심각한 수위의 증언도 있었다”며 “직접적 성추행이 있었다는 증언도 다수 확보했다”고 전했다. 또 “피해 당사자 증언을 뒷받침할 증거또한 다수 확보하고 있으며, 이는 수사기관 등에 제출될 예정”이라며 “그럼에도 A 교수는 피해 당사자의 보호를 위해 증거를 함부로 공개할 수 없는 상황을 악용해 증언을 거짓으로 반박하고 2차 가해를 지속하고 있다”고 비판했다.  아울러 공동행동은 “법률대리인과 함께 준비를 거쳐 10월까지 형사고발할 예정이고, 그 이전에 국가인권위원회에 진정을 접수할 예정”이라며 “학교 측이 교수 징계를 위한 절차를 신속히 할 수 있도록 압박해 나갈 것”이라고 밝혔다.  학내에서는 진상 규명을 촉구하는 목소리가 나오고 있다. 홍익대 3학년 김모 씨는 “서로 입장이 이렇게 아예 상반된다면, 누군가는 정말 뻔뻔하게 거짓말을 하는 것 아니냐”며 “하루빨리 조속히 진상을 규명하는 게 서로에게 좋을 것 같다”고 말했다.  이 학교 4학년 권모 씨는 “단순히 누구 말이 진짜냐는 공방을 넘어 학내 성폭력과 폭언 문화에 대해 다시 한번 따져보는 계기가 될 수 있도록 해야 한다”고 지적했다."
81,1,"2021-09-20","20:13:40","보잉사는 유럽 승객들이 향후 20년간 매년 3%씩 성장할 것으로 전망하고 있다.","Boeing forecasts European passengers will grow 3% per year over next 20 years .storyContent * {border-color:inherit !important;outline-color:inherit !important;} 런던, 9월 20일 (로이터) - 보잉사의 상업적 마케팅 부사장은 월요일 유럽의 여객 트래픽이 향후 20년간 매년 3.1% 증가할 것으로 전망하고 COVID-19 회복이 진행됨에 따라 이 지역의 항공기에 대한 수요가 계속 증가할 것이라고 말했다.   미국 플랜메이커 보잉사의 상업 마케팅 부사장인 대런 헐스트는 유럽 지역에서 노후화된 비행대 때문에 가까운 시일 내에 700대의 항공기를 교체해야 할 것이라고 말했다.     (Reporting by Sarah Young; editing by Michael Holden)  sarah.young@thomsonreuters.com ; +44 20 7542 1109; Reuters Messaging: sarah.young.thomsonreuters@reuters.net     (c) Copyright Thomson Reuters 2020. Click For Restrictions - https://agency.reuters.com/en/copyright.html        Keywords: BOEING-BRITAIN/ (URGENT)   원문 바로가기    DISCLAIMER  레피니티브의 사전, 서면 승인 없는 톰슨로이터 콘텐츠의 재생산이나 재배포는 금지되어 있습니다. 이 기사의 한국어 번역은 에프앤가이드가 사용하는 기계적 번역에 의한 것으로 톰슨로이터와 레피니티브는 번역의 정확성을 보증하지 않습니다."
81,2,"2021-09-20","20:13:31","Refinitiv Newscasts - Evergrande 주식은 디폴트 리스크가 증가함에 따라 폭락했다.","Refinitiv Newscasts - Evergrande shares plummet as default risk mounts .storyContent * {border-color:inherit !important;outline-color:inherit !important;}   Click the following link to watch video: https://share.newscasts.refinitiv.com/link?entryId=1_ts7t6rqi&referenceId=tag:reuters.com,2021:newsml_OVEVJ3ZBF_930&pageId=RefinitivNewscasts 출처: 로이터   설명: 부실채권에 대한 우려가 높아지면서 병든 중국 부동산 개발업체 에버그란데의 주가는 월요일 11년 만에 최저치로 곤두박질쳤다. 줄리안 새터스와이트가 보고한다. 단축 링크: https://refini.tv/3koJQRj  비디오 대본:  확인된 대본을 사용할 수 없음       (c) Copyright Thomson Reuters 2020. Click For Restrictions - https://agency.reuters.com/en/copyright.html   원문 바로가기    DISCLAIMER  레피니티브의 사전, 서면 승인 없는 톰슨로이터 콘텐츠의 재생산이나 재배포는 금지되어 있습니다. 이 기사의 한국어 번역은 에프앤가이드가 사용하는 기계적 번역에 의한 것으로 톰슨로이터와 레피니티브는 번역의 정확성을 보증하지 않습니다."
81,3,"2021-09-20","20:13:10","루마니아 2028채 7억600만 리 판매, 수익률 상승 - 첸뱅크","Romania sells 706 mln lei of 2028 bonds, yields rise - cenbank .storyContent * {border-color:inherit !important;outline-color:inherit !important;} 부쿠레슈티, 9월 20일 (로이터) - 루마니아 재무부는 월요일 2028년 국고채 7억 6천 6백만 리(1억 6,720만 달러)를 계획보다 더 많이 팔아치웠으며, 중앙은행 자료에 따르면 평균 3.65%의 수익률을 기록했다.   월요일 3억 리의 논문을 팔 계획이었던 부채 관리자들은 7월에 평균 3.08%의 수익률로 그것을 마지막으로 팔았다.  국내 시장에서 약 410억 리와 16억5000만 유로의 국내 채권을 판매했고, 연초 이후 외부적으로 2030년, 2033년, 2041년 유로본드 70억 유로를 판매했다.       시리즈: ROAW5KY5CD78   발행일자  22/09/2021  12/07/2021   경매일자  20/09/2021  08/07/2021   성숙도  26/01/2028  26/01/2028   평균수율(pct)  3.65  3.08   평균가  102.7828  106.2371   최고허용수익률  3.65   3.09   꼬리( 최고수익률 - 평균수익률)  0.00  0.01   입찰 총액  11억510만 리  43430만 리   할당됨  7억 6천 5십만 리  2억 9천 6백 3십만 리   매입-투-커버 비율  1.70  1.47         ($1 = 4.226 레이)     (Reporting by Radu Marinas)  radu.marinas@thomsonreuters.com ; +40 21 527 04 33) )     (c) Copyright Thomson Reuters 2020. Click For Restrictions - https://agency.reuters.com/en/copyright.html        Keywords: ROMANIA-DEBT/BONDS (URGENT)   원문 바로가기    DISCLAIMER  레피니티브의 사전, 서면 승인 없는 톰슨로이터 콘텐츠의 재생산이나 재배포는 금지되어 있습니다.이 기사의 한국어 번역은 에프앤가이드가 사용하는 기계적 번역에 의한 것으로 톰슨로이터와 레피니티브는 번역의 정확성을 보증하지 않습니다."
81,4,"2021-09-20","20:13:10","추석 전국 흐리고 비…오후 7시쯤 보름달","추석 당일인 21일은 전국이 대체로 흐리고 비가 내릴 것으로 예보됐다. 새벽에 중부지방과 전라권, 제주도에서 시작된 비는 아침부터 전국 대부분 지역으로 확대되겠다.   예상 강수량은 중부지방·남부지방·제주도 20∼70㎜, 강원 영동·경북 동해안 5∼20㎜다.    아침 최저 기온은 18∼23 도, 낮 최고 기온은 25∼29도로 예보됐다. 한가위 보름달이 뜨는 시각은 서울 오후 6시 59분, 인천 오후 7시, 수원 오후 6시 59분, 강릉 오후 6시 51분, 춘천 오후 6시 56분, 대전 오후 6시 57분, 청주 오후 6시 57분, 대구 오후 6시 52분, 부산 오후 6시 50분, 울산 오후 6시 49분, 광주 오후 6시 59분, 전주 오후 6시 58분, 제주 오후 7시 등이다.    미세먼지 농도는 전 권역이 ‘좋음’ 수준을보이겠다. 서해 먼바다는 아침까지 바람이 매우 강하게 불고 물결이 높게 일겠으니 항해나 조업하는 선박은 주의해야 한다. 바다의 물결은 동해 앞바다에서 0.5∼2.5ｍ, 서해 앞바다에서 0.5∼3.0ｍ, 남해 앞바다에서 0.5∼1.5ｍ로 일겠다. 안쪽 먼바다(해안선에서 약200㎞ 내의 먼바다)의 파고는 동해 1.0∼3.5ｍ, 서해 1.5∼4.0ｍ, 남해 1.0∼3.0ｍ로 예상된다.  정해용 기자 jhy@chosunbiz.com   Copyrights ⓒ ChosunBiz.com"
81,5,"2021-09-20","20:12:58","브라질의 노보노르는 M&A 실패 후 브라스켐 지분을 팔 수도 있다.","Brazil's Novonor may sell Braskem stake in follow on after M&A failure .storyContent * {border-color:inherit !important;outline-color:inherit !important;} 상파울루, 9월 20일 ( 로이터) - 브라질 재벌 노보노르, 석유화학 회사 브라셈 SA의 지배주주 BRKM5.SA 브라질 신문인 발레 이코노코노(Valor Economico)는 24 일(현지시간) 주식 공모 지분을 매각할 수 있다고 보도했다.  과거 오데브레히트로 알려진 노보노르는 경쟁 M&A 과정에서 브라셈 입찰자를 유치하지 못하자 이 같은 방안을 검토 중이다. 그 회사는 사업의 일부분만을 입찰받았다.  노보노르는 언급을 피했다.     (Reporting by Tatiana Bautzer, Editing by Louise Heavens)  tatiana.bautzer@tr.com ; Tel: +55-11-5644-7756; Mob: +55-119-4210-4173; Reuters Messaging: tatiana.bautzer.thomsonreuters.com@reuters.net     (c) Copyright Thomson Reuters 2020. Click For Restrictions - https://agency.reuters.com/en/copyright.html        Keywords: BRASKEM-DIVESTITURE/   원문 바로가기    DISCLAIMER  레피니티브의 사전, 서면 승인 없는 톰슨로이터 콘텐츠의 재생산이나 재배포는금지되어 있습니다. 이 기사의 한국어 번역은 에프앤가이드가 사용하는 기계적 번역에 의한 것으로 톰슨로이터와 레피니티브는 번역의 정확성을 보증하지 않습니다."
81,6,"2021-09-20","20:12:43","버즈-미 FX 시장 개장 - 9월 20일","BUZZ-U.S. FX Markets Open - September 20 .storyContent * {border-color:inherit !important;outline-color:inherit !important;}  안전지대가 달러와 엔화의 밑바탕을 이루고 있다.     마켓 브리프스 ?/euro -0.12%, $/jpy -0.27%, gbp/sv -0.4%%, 유로/gbp 0.25%  ? DXY 0.18%, DAX -2.16%, FTSE -1.58%, 브렌트 -1.91%, 금 0.23%  Fed, 금리 인상 시기에 대비해 투자자들과 함께 새로운 전망 발표 Biden의 의제와 부채 한도를 놓고의회의 시간을 경색한다.  ? 미 재무부 옐런: 채무 불이행은 미국을 '영구적으로' 약화시킬 것이다. EU는 브렉시트 이후의 무역에대한 장기적인 해결책을 원한다고 외교관은 말한다. 캐나다의 트뤼도는 선거에서 권력에 집착할 수도 있지만 과반수를 확보할 것 같지않다. 그리스 경상수지는 7월 흑자 전환, 관광수입 증가  중국 에버그란데 주가는 디폴트 리스크가 커지면서 11년 만에 최저치로 폭락했다.   ? 위험 회피 분위기로 석유 하락 74달러, 미국 걸프 생산량     미래를 내다보기 - 경제 데이터(GMT)   ? 9월 14일 오후 20시 미국 9월 NAHB 주택시장 인덱스, 74 f'cast, 75 preved.     미래를 내다보기 - 이벤트, 기타 릴리스(GMT)   ? 10:35 ECB의 이사벨 슈나벨이 프랑크푸르트 라트비아 중앙은행이 주최한 회의에서 연설을 하고 있다.  ? 10:50 ECB의 이사벨 슈나벨이 프랑크푸르트 라트비자스 뱅카 경제회의에서 패널 토론에 참여함. 17:00 BoE의 Anna Sweeney가 Climate에 참가함런던 보험 규제기관의 업무 리더십    해설 및 분석     설정에는 약하지만, 미국/유럽연합(EUR)의 반등을 예상할 수 있는 현명한 시간  ? Fed가 오늘 1.1710 EBS에 도달하기 전에 미국 달러화 대비 유로화가 꾸준히 하락했다.   ? 향후 11일 동안 NFP가 1.67% 하락한 후 초과 구매한 페어  무역상들은 순장기가 소폭 증가하면서 하락세를 매수했다. EUR/USD가 1.1714로 20일 동안볼링거 밴드 베이스 아래로 떨어졌다.  ? 1.1713보다 낮으면 1.1664보다 약간 낮거나 약간 낮을 수 있음 ? FX 쌍이 대역 외 이동을오래 유지하는 경우는 거의 없음 ? 하락이 반등을 희미하게 할 수 있는 기회를 찾을 수 있음(센터 밴드 1.1804)  Bulls는 L-임기 상승 추세를 재개하기 전에 이러한 움직임을 최저치에 근접할 수 있다.     엔화에 대한 달러화의 상승 제한 ? 일일 클라우드에 따라 USD/JPY가 계속 제한될 것임 ? 현재 109.76-110.19 지역에 걸친 일일 클라우드 저항 ? EBS 가격에 따르면 USD/JPY는 월요일 109.63-110.03을 기록했다.  ? 리스크 회피 모드에 있는 아시아, 도쿄 휴일 무역 감소  엔화는 달러에 대해 더 오를 수 있다.  ? USD/JPY 하이와의 EUR/JPY의 상관관계, 60일 로그는 +0.62이다. 두 통화 쌍은 매일 같은 방향으로 닫힌다.      유럽 증시가 하락함에 따라 미국 달러당 GBP는 4주 만에 최저치로 떨어졌다.  ? 유럽 주가 하락에 따라 케이블이 1.362까지남하 ?1.362는 8월 23일 이후 최저치(1.3610은 그날 최저치) 유럽 주식 약세는 항셍이 에버그란데에 대한 두려움에 따른 것이다.  ? GBP는 위험에 민감한 통화로, USD는 안전한 통화로,  ? 1.3700은 이제 1.3727 이전, 미국 내 저항 수준임(금요일 낮음) IMM투기꾼들은 9월 14일에 마감된 주에 오랫동안 순 GBP로 전환했다.      AUD/USD는 위험 회피 상태에서 거의 3주 동안 최저 수준을 유지한다.  ? 0.7243은 아시아에서 0.7227을 기록한 이후 AUD/USD의 높은 수치다.  ? 홍콩 주식 폭락과 상품 가격 하락의 영향을 받아 0.7227로 하락  항셍은 3.3% 하락하며 11개월 만에 최저치를 기록했다.  ? 0.7227은 8월 27일 이후 가장 낮은 수준이다.  호주의 통상장관은 프랑스 회의를 원한다. IMM 투기세력이 보유한 순 AUD 단축 사상 최고치 기록     파생 모델 플래시 FX 변동성 경고 신호 FX 옵션 할증료는 리스크 식욕이 시들할 때, 그리고 딜러들이 실제 변동성이 더 많을 것으로 생각할 때 오르는경향이 있기 때문에 그들의 최근 상승과 수요 증가는 FX 거래자들에게 경고 신호를 보내야 한다. 묵시적 변동성은 옵션 프리미엄의 주요 구성요소로서 옵션 수명에 대한 실제 변동성 기대치를 측정한다. 실제 변동성이 묵시적인 것보다 크다고 베팅하는 사람들은 옵션을 살 것이고, 그 반대의 경우도 마찬가지일 것이다. 단기적인 변동성 확대로 인해 만기일이 단축된 옵션이 가장 큰 혜택을 받고 있으며, 여기서 가장 큰 암시적인 변동성 이득을 볼 수 있다. 미국 연방준비제도(Fed·연준) 리스크를 반영하기 위해 1주일 만기 옵션이 목요일보다 높게 표시됐지만 이후 프리미엄이 더해졌다. 벤치마크 1개월 만기 옵션은 주식, 상품 및 전반적인 위험 심리에 대한 민감도가 높다는 점을 감안할 때 지난 주 미국 달러화 대비 유로화가 4.8에서 5.2로, 영국 파운드화 대비 5.9에서 6.6으로, AUD/USD가 8.5에서 9.5로 가장 큰 폭으로 상승하면서, 거의 전세계 유행병 시대의 낮은 수준에서 암시적 변동성이 증가했다. https://tmsnrt.rs/39i2fZL https://tmsnrt.rs/2Z7BZiF      달러화의 강세 사이클이 8월 정점을 조사할 것으로 보인다. 투기성 달러는 최근 하락해 남아있는 상승들이 그린백을 더 높게 가져갈 수 있는 공간을 제공했다. 중기 기술도는 기초적인 강세 시장 구조를 보강해 상승 잠재력을 더하고있다. 상품선물거래위원회 자료에 따르면 9월 14일 마감되는 한 주 동안 투기꾼들이 보유한 순달러화 가치는 전주(109억3000만달러)에서 99억9000만달러로 떨어졌다. 달러화를 6개 통화로 추적하는 미국 달러화 지수는 몇 주 전 89.533대 93.734대(8월)의 38.2%인 92.129 피보나치 수준에서 하락세를 보였다. 베어 트랩은 시장이 기술 수준 이하로 부서졌다가 나중에 역전될 때 설정된다. 그것은 93.734년 8월 최고점까지 계속될 것으로 보이는 강세 사이클로 이어졌다. 투자자들은 이번 주 연방준비제도이사회(FRB)가 테이퍼링에 한 발짝 더 다가설 것에 대비하는가운데 부채가 많은 개발업체인 차이나 에버그란데의 재앙이 조심스러운 분위기에 더해지면서 달러화 가치가 아시아에서 한 달 만에 최고치를 기록했다. https://tmsnrt.rs/3zu8UdH https://tmsnrt.rs/2VTYUwK   최신 FX 뉴스및 분석 서비스를 읽으려면 FXBUZ  ifr.fx@thomsonreuters.com        (c) Copyright Thomson Reuters 2020. Click For Restrictions - https://agency.reuters.com/en/copyright.html   원문 바로가기    DISCLAIMER  레피니티브의 사전, 서면 승인 없는 톰슨로이터 콘텐츠의 재생산이나 재배포는 금지되어 있습니다. 이 기사의 한국어 번역은 에프앤가이드가 사용하는 기계적 번역에 의한 것으로 톰슨로이터와 레피니티브는 번역의 정확성을 보증하지 않습니다."
81,7,"2021-09-20","20:12:42","라이브 마켓-지방 및 평탄","LIVE MARKETS-Fat and flat .storyContent * {border-color:inherit !important;outline-color:inherit !important;}         지방 및 플랫(111 GMT)   골드만삭스의 새로운 전략 논문은 지난 월요일 포스트 펀더멘탈 세계의 주식 시장에서의 투자 수익률이 "" 뚱뚱하고 평평할 것""이라고 말했다.   1900년 이후 주식시장 사이클을 타파한 미국 투자은행은 2차 대전 이후 세 가지 강력한 세속적 주식시장 슈퍼 사이클이 존재한다는 것을 발견했다: 1945-1968년, 1982-2000년, 2009-2020년 각각은 매우 강한 성장, 낮은 이자율, 낮은 출발가치 등이 복합적으로 작용했다.이윤이 증가하여  그러나 고금리, 고평가, 고마진 등의 고금리 상황에서 시작된 후 경기순환은 비록 수익률이 채권보다 높을 가능성이 높지만 이전 경제체제보다 낮은 장기수익률을 의미한다.  따라서 수익 프로파일은 ""기간 동안 낮지만 긍정적인 총 수익률이 있는 뚱뚱하고 평평하지만 큰 주기적 변동으로 끝이 난다""고 설명된다.   피터 오펜하이머가 이끄는 전략가 팀은 메모에서 ""우리는 기록적인 저금리와 인플레이션 기대감, 높은 가치와 마진을 가진 '슈퍼 사이클'의 반대편에 있다""고 말했다. 그는 ""최근 수십년간 누려온 주식 수익률의 후폭풍 중 상당수는 반복될 것 같지 않고 심지어 어느 정도 역전되기 시작할 수도 있다""고 말했다.  게다가지정학적 압력과 공급망 붕괴는 세계화보다는 온-쇼어링으로 가는 경향을 증가시켰고 미국의 법인세율은 세계 최저 법인세율에 합의하기 위한 진전을 보이고 있다고 그들은 말했다.         사이카트 채터지)   *****        광부들이 stoxx 600~2개월 최저(0911gmt)를 끌고 가다.  채굴주들은 중국 경제의 건전성에 대한 우려에 부동산그룹 차이나 에버그란데의 부채문제가 더해지자 원자재 가격 하락으로 STOX600을 끌어내리고 있다.   기본 리소스 인덱스 .SXPP 플럼메트가 4.6%로 2월 이후 최저치를 기록하면서 범유럽 지수를 밀어내고 있다. .STOXX 중국 시장의 암울과 암울에 이어 1.9% 하락한 두 달 만에 최저치를 기록했다.  중국은 세계 구리 및 철광석의 약 55%를 소비하고 있으며, 니켈의 약 60%, 리튬의 약 50%를 소비하고 있다.   고급주 역시 LVMH 가 2.3% 하락하는 등 중국 노출로 인해 홍콩 상장주들의 약세를 추적하고 있다.  투자자들은 또한 주요 중앙은행들이 이번 주 여러 회의에서 그들의 유행병 시대의 경기부양 프로그램을 테이퍼링하는 것에 대한 단서를 제공하기 시작할지를 주시하고 있다.   독일 선거를 앞두고 DAX .GDAXI 2.1% 하락해 7월 이후 최저치를 기록했다.  단일 종목으로 보면 영국 보험사 프루덴셜 주식 PRU.L 동사가 홍콩 증권거래소에 대한 동시 공매도와 국제지분을 통해 225억 홍콩달러(29억 달러)를 조달할 계획이라고 밝힌 후 7% 하락했다.     (Joice Alves)  *****        치솟는 기름값(0709gmt)을 지켜보다.  16개 중앙은행들이 회의를 열고 선진국인 노르웨이에서 첫 금리인상을 단행하는 등 통화정책이 일주일째 계속되고 있다. 다른 사람들이 곧 따라올 것이라는 말은 아니다; 예를들어 연방준비제도이사회(Federal Federation)는 자체 금리 인상을 멀리할 수도 있다. 스위스나 일본과 같은 다른 나라들은 단호하게 비둘기파적인 태도를 유지할 것 같다.  한편 다른 sagas들은 투자자들의 마음을 집중시키고 있다. 중국 부동산 개발업체 에버그란데의 거침없는 디폴트 행보는 홍콩 주식(본토 시장은 문을 닫았다)의 침체로 중국 정크 채권의 수익률이 거의 10년 만에 최고인 14%를 기록했다. .   따라서 S&P 500 지수가 거의 한 달 만에 최저치로 폭락하고 VIX 변동성 측정기가 한 달 만에 최고치로 치솟았던 금요일의 암울한 회기에 이어 유럽과 미국 증시의 선물 가치가 1% 하락하면서 월요일에는 확실한 리스크오프다. .SPX.   물론 그 대부분은 경제 성장과인플레이션에 대한 우려, 의회의 부채상한제 논쟁, 그리고 끈질기게 높은 COVID 건수들의 우려에 기인한다.   오늘의 또 다른 이슈로,치솟는 휘발유 가격과 인플레이션에 미칠 수 있는 잠재적 영향.  이미, 이것들은 일부 전력 생산자들을 폐업시키고 영국의 비료 공장들을 폐쇄시켰다. 도축장에서 슈퍼마켓까지, 그리고 높은 겨울 난방비와 함께, 연쇄반응은 불가피해 보인다. .  영국이 기업과 소비자를 보호하기 위한 조치를 계획하고 있고 미국 제조업체들은 액화 가스(LNG) 수출 억제를 촉구하고 있다. 정치도 등장 - EU 의원들은 러시아의 가즈프롬에 대한 시장조작을 조사하라고 당국에 요구해 왔다. .     월요일 시장에 더 많은 방향을 제공해야 하는 주요개발:   -에버그랜드의 대부업체들이 대출손실을 저울질하며 신용을 넘나든다.   -Lufthansa 25억 달러의 권리금 발행으로 주가가 2.3% 하락   -영국 집값 9월 우경화  -독일 생산자물가 8월  -러시아 친푸틴당이 선거 과반을 얻지만 어느 정도 설 자리를 잃음   -캐나다인들이 사선투표   - 유엔 총회 시작(9월 24일까지)    (스자타라오)  *****           중앙은행 회의를 앞두고 적자 유럽 선물  부동산 개발업체인 차이나 에버그란데가 홍콩 증시를 1년 만에 최저치로 끌어내리고 일주일앞으로 다가온 글로벌 중앙은행 회의를 앞두고 아시아 증시에서 유럽 증시가 강세를 보였다.  연방준비제도이사회(Fed·연준)는 13, 18 일 정책회의에서 테이퍼링을 위한 토대를 마련할 것으로 보인다. 투자자들은 영국, 일본, 스위스, 스웨덴, 노르웨이를 포함한 12개의 다른 중앙은행 회의도 소화해야 할 것이다.   노지스 은행은 목요일에 금리를 인상하는 최초의 G10 중앙은행이 될 것으로 예상된다.   캐나다와 독일의 선거는 이번 주에 추가적인 불확실성을 더하고 있다.  영국에서는 보리스 존슨 영국 총리가 천연가스 가격이 급등하는 가운데 소비자의 니즈가 충족될 수 있도록 정부가 가스 회사와 협력할 것이라고 말했다고 블룸버그통신이 보도했다.   영국이 국제 여행자들을 위한 COVID-19 규정을 완화한 후에 여행주식이 상승할 수 있을 것이다.   (Joice Alves)  *****               (c) Copyright Thomson Reuters 2020. Click For Restrictions - https://agency.reuters.com/en/copyright.html        Keywords: GLOBAL-STOCKS/   원문 바로가기    DISCLAIMER  레피니티브의 사전, 서면 승인 없는 톰슨로이터 콘텐츠의 재생산이나 재배포는금지되어 있습니다. 이 기사의 한국어 번역은 에프앤가이드가 사용하는 기계적 번역에 의한 것으로 톰슨로이터와 레피니티브는 번역의 정확성을 보증하지 않습니다."
82,1,"2021-09-20","20:00:01","한국, 글로벌 혁신지수 132개국 중 5위…역대 최고","한국, 글로벌 혁신지수 132개국 중 5위…역대 최고  특허출원·전자정부 등 9개 세부 지표에서 1위        (서울=연합뉴스) 조재영 기자 = 한국이 유엔 산하 세계지식재산기구(WIPO)가 20일 발표한 '글로벌 혁신지수' 평가에서 역대 최고인 5위에 올랐다.      산업통상자원부와 특허청에 따르면 132개국을 대상으로 진행된 이번 평가에서 한국은 스위스, 스웨덴, 미국, 영국에 이어 5위를 차지했다.      작년보다 5계단 상승하며 상위 20개국 중 혁신역량이 가장 많이 개선된 국가로 평가됐다.      스위스, 스웨덴, 미국, 영국은 작년에 이어 올해도 1∼4위를, 아시아에서는 한국에 이어 싱가포르가 8위, 중국과 일본이 각각 12위와 13 위를 차지했다.      글로벌 혁신지수는 WIPO, 유럽경영대학원(INSEAD) 등이 WIPO 회원국을 대상으로 경제발전의 중요 요소인 혁신역량을 측정해 각국 공공정책 또는 경영전략 수립에 필요한 정보를 제공하기 위해 2007년 도입했다.      산업부 관계자는 이번 성과에 대해 ""어려운 대내외 여건 속에서도 미래에 대한 투지를 지속하고, 이러한 투자가 무형 자산의 창출과 확산으로 활발히 이어진 덕분""이라고 분석했다.         우리나라는 투입부문 5개(제도, 인적자본·연구, 인프라, 시장 고도화, 기업 고도화), 산출부문 2개(지식·기술 산출, 창의적 산출) 등총 7개의 평가 분야 가운데 미래에 대한 투자를 평가하는 인적자본·연구 분야에서 3년 연속 세계 1위를 지켰다.      국내외 지식재산권 출원 증가 등을 평가하는 산출 부문 2개 분야에서는 작년 10등에서 올해 5등으로 크게 뛰었다.      실제로 지난해 국내 지식재산권 출원은 코로나19 상황 속에서도 전년보다 9.1% 증가했다. WIPO 국제특허 출원도 전년 대비 5.2% 증가하며 독일을 제치고 11년 만에 국제특허출원 순위 4위를 차지했다.      81개 세부지표 별로 살펴보면 한국은 특허출원, 전자정부 등 작년보다 5개 많은 9개 지표에서 세계 1위에 올랐다.      fusionjc@yna.co.kr  (끝)      <저작권자(c) 연합뉴스, 무단 전재-재배포 금지>"
82,2,"2021-09-20","20:00:01","독감 시즌에 앞서 25,000명을 고용하는 CVS Health, COVID-19 부스터","CVS Health to hire 25,000 ahead of flu season, COVID-19 boosters .storyContent * {border-color:inherit !important;outline-color:inherit !important;} 9월 20일(로이터) - CVS Health Corp CVS.N 월요일, 독감 시즌을 앞두고 25,000개의 임상 및 소매 일자리를 채울 것이며, 미국이 보조 COVID-19 백신 주사를 맞을 준비를 하고 있다고 말했다.  회사 측은 가용한 일자리의 대부분이 정규직, 파트타임, 임시면허 약사, 약사, 간호사 등이었다며 소매점 경영을 도울 직원도 찾고 있다고 밝혔다.  CVS는 최근 미국 전역의 소매상들이 COVID-19 대유행으로 인한 전국적인 노동력 부족 속에서 더 많은 사람들을 다시 일터로 끌어들이기 위해 몸부림치자 직원들의 시간당 최저 임금을 인상했다.  CVS, 라이벌 월그린 부츠 얼라이언스 WBA.O 부스터를 관리할 계획인 다른 약국들은 11월과 1월 사이에 더 많은 교통 체증을 보일 가능성이 높기 때문에 고용과 고용 유지에대한 압박이 가중되고 있다.  월요일 CVS는 9월 24일 가상 채용 캠페인이 아직 예방접종을 받지 못한 사람들에게 백신은 물론 COVID-19 검사를 계속 제공하고 있기 때문에 규제 승인을 기다리는 동안 추가 촬영을 하는 데 도움이 될 것이라고 말했다.   바이든 행정부는 9월 20일 주에 부스터 샷을 널리 보급할 계획이었으나 지난주 미국 식품의약국(FDA)의 자문위원들은 더 광범위한 승인을 거부해 미국 65세이상과 중증 질환 위험자에게 사용을 권고했다.   3400만 개 이상의 COVID-19 백신을 투여하고 3200만 개 이상의 검사를 실시한 CVS는 지난해 3월 코로나바이러스 발생 당시 환자와 고객을 돕기 위해 5만 명의 직원을 고용하겠다고 발표했다. 2020년 4분기에 1만5000명을 추가 채용했다.     (Reporting by Amruta Khandekar; Editing by Maju Samuel)  Amruta.Khandekar@thomsonreuters.com     (c) Copyright Thomson Reuters 2020. Click For Restrictions - https://agency.reuters.com/en/copyright.html        Keywords: CVS HEALTH-JOBS/   원문 바로가기    DISCLAIMER  레피니티브의 사전, 서면 승인 없는 톰슨로이터 콘텐츠의 재생산이나 재배포는 금지되어 있습니다. 이 기사의 한국어 번역은 에프앤가이드가 사용하는기계적 번역에 의한 것으로 톰슨로이터와 레피니티브는 번역의 정확성을 보증하지 않습니다."
82,3,"2021-09-20","20:00:00","韓, 글로벌 혁신지수 세계 5위·아시아 1위","- 상위 20개국 중 가장 큰 폭으로 순위 상승(10→5위) - 특허출원, 전자정부 등 9개 세부지표에서 1위 차지    최근 5년간 우리나라 주요평가결과(종합순위 및 대분류지표) [파이낸셜뉴스 대전=김원준 기자] 특허청은유엔(UN)산하기구인 세계지식재산기구(WIPO)가 20일 오후(한국시간) 발표한 글로벌 혁신지수(Global Innovation Index)에서 우리나라가 역대최고 순위인 세계 5위를 차지했다고 밝혔다. 아시아에서도 싱가포르와 중국, 일본 등을 넘어 혁신 최강국으로 발돋움했다.   전세계 132개국을 대상으로 진행된 이번 평가에서는 스위스와 스웨덴, 미국, 영국이 지난해에 이어 올해도 1위부터 4위를 차지했다. 아시아에서는 한국에 이어 싱가포르가 8위, 중국과 일본이 각각 12위, 13위에 올랐다.   우리나라는 지난해보다 5계단 상승하며, 상위 20개국중 혁신역량이 가장 많이 개선된 국가로 평가됐다.   우리나라가 평가가 개선된 것은 어려운 대내외 여건 속에서도 미래에 대한 투자를 지속하고 있는 것은 물론, 투자가 무형자산의 창출 및 확산으로 활발히 이어졌기 때문인 것으로 분석된다.   우리나라는 투입부문 5개, 산출부문 2개 등 모두 7개의 평가분야 가운데 미래에 대한 투자를 평가하는 인적자본·연구 분야에서 3년 연속 세계 1위를지켰다.   또한 코로나19 상황 속에서도 국내·외 지식재산권 출원 증가 등으로 혁신활동의 성과를 측정하는 산출부문 2개평가분야가 지난해 10등에서 올해 5등으로 크게 올랐다.   81개 세부지표 별로 보면 우리나라는 지난해보다 5개 많은 9개 지표에서 세계 1위를 차지했다. 그 중 지식재산 관련 지표는 국내총생산(GDP) 대비 특허출원 등 4개에 달했고, 정부 온라인 서비스, 하이테크 수출비중 등도 새롭게 추가됐다.   한편, 이날 오후 8시(한국시간) 열린 '2021년 글로벌 혁신지수' 발표행사에서는 우리나라를 비롯, 이번 글로벌 혁신지표에서 우수한 평가를 받은 스위스, 스웨덴 등 6개 국가의 장관급 인사들이 각국의 혁신정책과 경험을 공유하는 시간도 마련됐다.   이 자리에서 문승욱 산업통산자원부장관은 영상메세지를 통해 K-방역과 반도체·이차전지 세계시장 점유율 1위 등으로 대표되는 우리나라의 혁신노력과 성과 등을 설명했다. 또 친환경 정책을 통한 탄소중립과 '데이터·네트워크·인공지능(D·N·A)', 로봇·드론 등 미래유망산업에 대한 투자 확대 등 디지털 전환을 위한 우리정부의 향후 계획 등을 소개하고 국제사회의 관심과 협력을 요청했다.   김용래 특허청장은 “코로나19속에도 글로벌 혁신지수가 상승할 수 있었던 것은 혁신적인 노력과이에 따른 성과가 좋은 평가를 받았기 때문”이라면서 “앞으로도 특허청은 지식재산권을 효과적으로 활용하고 보호할 수 있는 제도적 기반을 구축해 혁신과 경제발전이 선순환할 수 있는 생태계 조성에 앞장서겠다”고 말했다.   kwj5797@fnnews.com 김원준 기자  ▶1500% 가는 '제2의 HMM' 아직 5000원대황금株, 급등 전 마지막 기회! [클릭] ▶“주식카톡방 완전무료 선언” 파격결정  [파이낸셜뉴스 주요뉴스]  → 남편과 사별한 여성, 자기 따라다니던 남자와 결혼했더니.. → ""팬티만 입으라는 지시 받았다"" 그의 소변에는... → 모델 한혜진 ""전 남친, 방송서 男 출연자와 눈 보며 대화했다고.."" → '태아 머리가 보인다' 전주 女 사우나서 일어난 일 → 월급 150만원 39세 여성의 어머니 ""내 딸 정도면.."" → 빨간 나라로 가는 노란 티켓 [파인애플]  ● 하루만에 高수익 챙길 ‘초대형’ 백신 대장株! 비밀리에 입수! 1200% ↑↑ (CLICK)  ▶▶[무료공개]◀◀ 지금 ""1,000만원""만 있어도 당장 "" 이것""부터 사라!! >>> (무료 체험)   ※ 저작권자 ⓒ 파이낸셜뉴스. 무단 전재-재배포 금지 "
82,4,"2021-09-20","20:00:00","한국 글로벌 혁신지수 세계 10위→5위 '역대 최고'","유엔산하기구인 세계지식재산기구 혁신지수 발표 아시아지역은 싱가포르, 중국, 일본 넘어 혁신 최강국     2021년 글로벌 혁신지수 상위 10개국          국가’21년 순위’20년 순위전년대비  스위스11- 스웨덴22- 미국33- 영국44- 한국5105↑ 네덜란드651↓ 핀란드77- 싱가포르88- 덴마크963↓ 독일1091↓  (산업통상자원부)  [파이낸셜뉴스] 대한민국의 글로벌 혁신지수(Global Innovation Index)가 지난해 세계 10위에서 역대 최고인 5위로 5계단 껑충 뛰었다. 아시아지역에선 싱가포르, 중국, 일본 등을 넘어 혁신최강국으로 도약했다.  산업통상자원부와 특허청은 유엔산하기구인 세계지식재산기구(WIPO, World Intellectual Property Organization)가 20일 발표한 2021년 글로벌 혁신지수(Global Innovation Index)에서 대한민국이 역대 최고인 5위를 차지했다고 밝혔다. 우리나라는 지난해보다 5계단 상승하며, 상위 20개국 중 혁신역량이 가장 많이 개선된 국가로 평가됐다. 한국은 그동안 2012년21위, 2015년 14위, 2018년 12위, 2019년 11위, 2020년 10위로 지속적인 상승세를 보였다.  132개국 대상 평가에서 스위스, 스웨덴, 미국, 영국은 지난해에 이어 올해도 1위~4위를 기록했다. 아시아에선 한국에 이어 싱가포르가 8위, 중국과 일본이 각각 12위, 13위를 차지했다. 우리나라가 좋은 평가를 받은 이유는 미래 투자를 지속하고, 투자가 무형자산의 창출·확산으로 활발히 이어졌기 때문이다.  우리나라는 투입부문 5개·산출부문 2개 등 총 7개 평가분야 중 미래 투자를 평가하는 인적자본·연구 분야에서 3년 연속 세계 1위를 지켰다. 또 국내외 지식재산권 출원 등으로 혁신활동 성과를 측정하는 산출부문 2개 평가분야는 지난해 10위에서 올해 5위로 크게 올랐다.  국내 지식재산권 출원은 2020년 전년대비 9.1% 증가했다. 국제특허출원도 5.2% 증가해 독일을 제치고 11년만에 국제특허출원 순위 4위를 차지했다.  혁신지수 평가분야는 투입부문 5개 분야(△제도 △인적자본·연구 △인프라 △시장 고도화 △기업 고도화와산출부문 2개 분야(△지식·기술 산출, △창의적 산출)로 나뉜다.  81개 세부지표 별로 보면 우리나라는 지난해보다 5개 많은 9개 지표에서 세계 1위를 차지했다. 세계 1위 세부지표는 국내총생산(GDP) 대비 특허출원, GDP 대비 국제특허(PCT)출원, GDP 대비 특허패밀리(2개국 이상 출원), GDP 대비 디자인출원, 인구 대비 연구원, 인구 대비 기업연구원, 정부 온라인 서비스, 전자정부 온라인 참여, 하이테크 수출 비중 등이다.  그중 지식재산 관련 지표는 GDP 대비 특허출원 등 4개에 달했고 정부 온라인 서비스, 하이테크 수출비중 등도 새롭게 추가됐다. 한편 지난 20일 개최된 2021년 글로벌 혁신지수 발표행사에서 우수한 평가를 받은 한국, 스위스, 스웨덴 등 6개 국가의 장관급 인사들이 각국의 혁신정책과 경험을 공유했다.  문승욱 산업통산자원부장관은 영상메세지에서 ""K-방역과 반도체·2차전지 세계시장 점유율 1위 등 혁신노력을 했다""며 ""친환경 정책으로 탄소중립과 D.N.A(데이터, 네트워크, 인공지능), 로봇·드론 등 미래유망산업 투자확대 등 디지털 전환을 위한 노력할 것""이라고 밝혔다.     lkbms@fnnews.com 임광복 기자  ▶1500% 가는 '제2의 HMM' 아직5000원대 황금株, 급등 전 마지막 기회! [클릭] ▶“주식카톡방 완전무료 선언” 파격결정  [파이낸셜뉴스 주요뉴스]  → 남편과 사별한 여성, 자기 따라다니던 남자와 결혼했더니.. → ""팬티만 입으라는 지시 받았다"" 그의 소변에는... → 모델 한혜진 ""전 남친, 방송서 男 출연자와 눈 보며 대화했다고.."" → '태아 머리가 보인다' 전주 女 사우나서 일어난 일 → 월급 150만원 39세 여성의 어머니 ""내 딸 정도면.."" → 한주간 지친 나에게 디저트로 [파인애플]  ● 하루만에 高수익 챙길 ‘초대형’ 백신 대장株! 비밀리에 입수! 1200% ↑↑ (CLICK)  ▶▶[무료공개]◀◀ 지금 ""1,000만원""만 있어도당장 ""이것""부터 사라!! >>> (무료 체험)   ※ 저작권자 ⓒ 파이낸셜뉴스. 무단 전재-재배포 금지 "
82,5,"2021-09-20","20:00:00","한국, 글로벌 혁신지수 세계 5위·아시아 1위…일본 12위·중국 13위","[세종=뉴스핌] 임은석 기자 = 한국이 글로벌 혁신지수에서 역대 최고인 세계 5위를 달성했다. 지난해(10위)보다 5계단 상승해 상위 20개국 중 가장 큰 폭으로 순위가 상승했다. 아시아에서는 1위를 차지했다(표 참고).  산업통상자원부와 특허청은 UN산하기구인 세계지식재산기구(WIPO)가 20일 오후 8시(한국시간) 발표한 글로벌 혁신지수(Global Innovation Index)에서 대한민국이 역대 최고인 5위를 차지했다고 밝혔다. 아시아 지역에서도 싱가포르, 중국, 일본 등을 넘어 혁신최강국으로 발돋움했다고 밝혔다.  글로벌 혁신지수는 WIPO, 유럽경영대학원(INSEAD) 등이 전세계 WIPO 회원국을 대상으로 미래 경제발전 등의 주요 원동력이 되는 혁신역량을 측정하는 지수다. 각 국에 공공정책 또는 경영전략 수립 등에 필요한 정보를 제공하기 위해 2007년부터 시작됐다.  132개국을 대상으로 진행된 이번 평가에서는 스위스, 스웨덴, 미국, 영국이 작년에 이어 올해도 1위부터 4위를 차지했다. 아시아에서는 한국에 이어 싱가포르가 8위, 중국과 일본이 각각 12위, 13위를 기록했다.   [자료=산업통상자원부] 2021.09.19 dream@newspim.com  한국은 작년보다 5계단 상승, 상위 20개국 중 혁신역량이 가장 많이 개선된 국가로 평가됐다. 한국이 이번에 좋은 평가를 받은 이유는 어려운 대내외 여건 속에서도 ▲미래에 대한 투자를 지속하고▲이러한 투자가 무형자산의 창출, 확산으로 활발히 이어졌기 때문인 것으로 보인다.  한국은 투입부문 5개, 산출부문 2개 등 총 7개의평가분야 가운데 미래에 대한 투자를 평가하는 인적자본·연구 분야에서 3년 연속 세계 1위를 지켰다.  또한 코로나19 상황 속에서도 국내외 지식재산권 출원 증가 등으로 혁신활동의 성과를 측정하는 산출부문 2개 평가분야가 작년 10등에서 올해 5등으로 크게 올랐다.  81개 세부지표 별로 살펴보면 한국은 작년보다 5개 많은 9개 지표에서 세계 1위를 차지했다. 그중 지식재산 관련 지표는 GDP 대비 특허출원 등4개에 달했고 정부 온라인 서비스, 하이테크 수출비중 등도 새롭게 추가됐다.  김용래 특허청 청장은 ""앞으로도 특허청은 창의적인 아이디어와 혁신의 결과물인 지식재산권을 효과적으로 활용하고 보호할 수 있는 제도적 기반을 구축하여 혁신과 경제발전이 선순환할 수 있는 생태계 조성에 앞장서겠다""고 밝혔다.  한편, 이날 개최된 2021년 글로벌 혁신지수 발표행사에서는 한국 비롯해여 이번 글로벌 혁신지표에서 우수한 평가를 받은 스위스, 스웨덴 등 6개 국가의 장관급 인사들이 각국의 혁신정책과 경험을 공유하는 시간이 마련됐다.  이 자리에서 문승욱 산업부 장관은 K-방역과 반도체·이차전지 세계시장 점유율 1위 등으로 대표되는 우리나라의 혁신노력과 성과 등을 설명했다.  또 친환경 정책을 통한 탄소중립과 데이터·네트워크·인공지능(D·N·A), 로봇·드론 등 미래유망산업에 대한 투자 확대 등 디지털 전환을 위한 우리정부의 향후 계획 등을 소개하면서 국제사회의 관심과 협력을 요청했다.  fedor01@newspim.com 경남대 대학혁신지원사업 성과평가 2년 연속 최우수 A등급 [플랫폼 독점 논란] '혁신의 상징' 카카오, 어쩌다 '공공의 적' 됐나 청주대 '대학혁신지원사업 평가' A등급 획득 고승범 ""빅테크 규제…금융혁신이 여전히 중요"" 서울과기대, 대학혁신지원사업 최우수 등급 선정    ▶▶[무료 공개]◀◀ 지금 ""1,000만원""만 있어도 당장 ""이것""부터 사라!! >>> (무료 체험) ▶[급등임박 공개]◀ 2021년 상반기 “정부정책 수해주” TOP 10 긴급공개 >>> (바로확인) ▶역대급! 1,000% 셀트리온 뛰어넘을 외국인+기관 순매수 TOP3 (CLICK) ▶<세계최초>신약재료+美승인!! 1500%↑터질 역대급 바이오株 [종목확인하기]       저작권자(c) 글로벌리더의지름길 종합뉴스통신사 뉴스핌(Newspim), 무단 전재-재배포 금지"
82,6,"2021-09-20","20:00:00","한국, 글로벌 혁신지수 세계 5위","작년 10위서 껑충… 亞 1위 인적자본·연구 3년째 정상   대한민국의 글로벌 혁신지수(Global Innovation Index)가 지난해 세계 10위에서 역대 최고인 5위로 5단계 껑충 뛰었다. 아시아 지역에선 싱가포르, 중국, 일본 등을 넘어 혁신 최강국으로 도약했다. 대한민국이 이처럼 우수한 평가를 받은 것은 미래투자 지속과 무형자산 창출·확산이 활발한 데 따른 것이다.   산업통상자원부와 특허청은 유엔 산하기구인 세계지식재산기구(WIPO)가 발표한 2021년 글로벌 혁신지수에서 대한민국이 역대 최고인 5위를 차지했다고 지난 20일 밝혔다. 우리나라는 지난해보다 5단계 상승하며, 상위 20개국 중 혁신역량이 가장 많이 개선된 국가로 평가됐다. 한국은 그동안 2012년 21위, 2015년 14위, 2018년 12위, 2019년 11위, 2020년 10위로 지속적인 상승세를 보였다.   132개국 대상 평가에서 스위스, 스웨덴, 미국, 영국은 지난해에 이어 올해도 1~4위를 기록했다. 아시아에선 한국에 이어 싱가포르가 8위, 중국과 일본이 각각 12위, 13위를 차지했다.   우리나라가 좋은 평가를 받은 이유는 미래투자를 지속하고, 투자가 무형자산 창출·확산으로 활발히 이어졌기 때문이다. 우리나라는 투입부문 5개, 산출부문 2개 등 총 7개 평가분야 중 미래투자를 평가하는 인적자본·연구 분야에서 3년 연속 세계 1위를 지켰다. 혁신지수 평가분야는 투입부문 5개 분야(△제도 △인적자본·연구 △인프라 △시장 고도화 △기업 고도화와 산출부문 2개 분야(△지식·기술 산출 △창의적 산출)로 나뉜다. 또 국내외 지식재산권 출원 등으로 혁신활동 성과를 측정하는 산출부문 2개 평가분야는 지난해 10위에서 올해 5위로 크게 올랐다. 국내 지식재산권 출원은 2020년 전년 대비 9.1% 증가했다. 국제특허출원도 5.2% 증가해 독일을 제치고 11년 만에 국제특허출원 순위 4위를 차지했다.    lkbms@fnnews.com 임광복 기자   ▶1500% 가는 '제2의 HMM' 아직 5000원대 황금株, 급등 전 마지막 기회! [클릭] ▶“주식카톡방 완전무료 선언” 파격결정  [파이낸셜뉴스 주요뉴스]  → ""돈으로 푸는 성욕 안돼""…'20년 성매매' 그의 고발 → ""새어머니 여러 명"".. 토니안 뜻밖의 가정사 → '190cm 센터' 양효진 ""남편과 8cm 차이, 직업은.."" → ""팬티만 입으라는 지시 받았다"" 그의 소변에는... → 테슬라, K5와 충돌 …""어떻게 피하냐"" 논란 → 한주간 지친 나에게 디저트로 [파인애플]  ● 하루만에 高수익 챙길 ‘초대형’ 백신 대장株! 비밀리에 입수! 1200% ↑↑ (CLICK)  ▶▶[무료공개]◀◀ 지금 ""1,000만원""만 있어도 당장 ""이것""부터 사라!! >>> (무료 체험)   ※ 저작권자 ⓒ 파이낸셜뉴스. 무단 전재-재배포 금지 "
82,7,"2021-09-20","20:00:00","[날씨] 추석 전국 흐리고 비…오후 7시께 보름달","[날씨] 추석 전국 흐리고 비…오후 7시께 보름달         (서울=연합뉴스) 오주현 기자 = 추석 당일인 21일은 전국이 대체로 흐리고 비가 내리겠다.      새벽에 중부지방과 전라권, 제주도에서 시작된 비는 아침부터 전국 대부분 지역으로 확대되겠다.      예상 강수량은 중부지방·남부지방·제주도 20∼70㎜, 강원 영동·경북 동해안 5∼20㎜다.      아침 최저 기온은 18∼23도, 낮 최고 기온은 25∼29도로 예보됐다.      한가위 보름달이 뜨는 시각은 서울 오후 6시 59분, 인천 오후 7시, 수원 오후 6시 59분, 강릉 오후 6시 51분, 춘천 오후 6시 56분, 대전오후 6시 57분, 청주 오후 6시 57분, 대구 오후 6시 52분, 부산 오후 6시 50분, 울산 오후 6시 49분, 광주 오후 6시 59분, 전주 오후 6시 58 분, 제주 오후 7시 등이다.      미세먼지 농도는 전 권역이 '좋음' 수준을 보이겠다.      서해 먼바다는 아침까지 바람이 매우 강하게 불고 물결이 높게 일겠으니 항해나 조업하는 선박은 주의해야 한다.      바다의 물결은 동해 앞바다에서 0.5∼2.5ｍ, 서해 앞바다에서 0.5∼3.0ｍ, 남해 앞바다에서 0.5∼1.5ｍ로 일겠다.       안쪽 먼바다(해안선에서 약 200㎞ 내의 먼바다)의 파고는 동해 1.0∼3.5ｍ, 서해 1.5∼4.0ｍ, 남해 1.0∼3.0ｍ로 예상된다.      다음은 21일 지역별 날씨 전망. [오전, 오후](최저∼최고기온) <오전, 오후 강수 확률>      ▲ 서울 : [흐리고 비, 구름많고 한때 비] (21∼26) <70, 70>      ▲ 인천 : [흐리고 가끔 비, 구름많고 한때 비] (22∼25) <90, 70>      ▲ 수원 : [흐리고 비, 구름많고 한때 비] (21∼27) <70, 60>      ▲ 춘천 : [흐리고 비, 구름많고 가끔 비] (20∼26) <80, 70>      ▲ 강릉 : [흐리고 가끔 비, 구름많음] (21∼28) <70, 20>      ▲ 청주 : [흐리고 비, 구름많고 한때 비] (21∼27) <80, 60>      ▲ 대전 : [흐리고 가끔 비, 구름많음] (22∼26) <90, 20>      ▲ 세종 : [흐리고 가끔 비, 구름많고 한때 비 곳] (22∼26) <70, 60>      ▲ 전주 : [흐리고 가끔 비, 구름많음] (22∼27) <80, 20>      ▲ 광주 : [흐리고 비, 구름많음] (21∼27) <90, 10>      ▲ 대구 : [흐리고 가끔 비, 구름많고 한때 비] (21∼27) <80, 60>      ▲ 부산 : [흐리고 한때 비, 구름많고 한때 비] (23∼25) <80, 70>       ▲ 울산 : [흐리고 한때 비, 구름많고 한때 비] (22∼25) <80, 70>      ▲ 창원 : [흐리고 한때 비, 구름많고 한때 비] (22∼26) <80, 70>      ▲ 제주 : [흐리고 가끔 비, 맑음] (24∼28) <60, 10>      viva5@yna.co.kr       ※ 이 기사는 엔씨소프트의 인공지능 기술인 자연어처리기술(NLP)과의 협업을 통해 제작되었습니다. 인공지능이 쓴 초고와 기상청 데이터 등을 토대로 취재 기자가 최종 기사를 완성했으며 데스킹을 거쳤습니다.      기사의 원 데이터인 기상청 기상예보는 웹사이트(https://www.weather.go.kr)에서도 확인할 수 있습니다.  (끝)     <저작권자(c) 연합뉴스, 무단 전재-재배포 금지>"
83,1,"2021-09-20","19:52:10","UPDATE 1-베스타를 스페인, 독일 및 덴마크의 공장 폐쇄","UPDATE 1-Vestas to shut plants in Spain, Germany and Denmark .storyContent * {border-color:inherit !important;outline-color:inherit !important;}  코펜하겐, 9월 20일 (로이터) - 풍력 터빈 제조업체 베스타스 VWS.CO 스페인, 독일, 덴마크 등 3개 공장에 대한 생산을 중단한다고 21일 밝혔다.  이번 조치로 독일 로슈함메르, 스페인 비베이로, 덴마크 에스베르크에 위치한 베스타스' 공장의 직원 650여명이 영향을 받게 될 것이라고 회사측은 밝혔다.  토미 라벡 닐슨 최고운영책임자(COO)는 성명에서 ""오늘날 빠르게 움직이는 에너지 전환, 신제품의 빠른 도입, 최근 육상과 해양 사업의 통합으로 공급망 네트워크와 제조 풋프린트를 더욱 성숙하고 진화시킬 필요가 있다""고 밝혔다.   베스타스는지난해 미쓰비시중공업과의 해상 합작법인을 완전 장악했다. 7011.T 배기가스를 낮추고 기후변화 목표치를 충족시키기 위해 전세계 정부로부터 더 많은 관심을 받고 있는 해상풍노출을 증가시키기 위해.   각각 115명과 460명의 직원이 근무하고 있는 스페인과 독일의공장은 올해 말까지 폐쇄하고 75명의 직원이 근무하는 덴마크 사이트는 2022년 상반기 중에 폐쇄할 예정이라고 밝혔다.  베스타스는 직원 중 몇 명이 해고될지는 확실하지 않다고 말했다.  ""베스타스는 제조와 서비스 활동 전반에 걸쳐 유럽에서 강한 발자취를 남기겠지만, 베스타스의 선하고 열심히 일하는 동료들에게 부정적인 영향을 미치는 결정을 내리는 것은 항상 어렵다""고 닐슨은 말했다.  폐쇄 이후베스타스는 유럽 전역의 12개 공장에서 육상 및 해상 풍력 터빈을 계속 생산할 예정이다.            (Reporting by Jacob Gronholt-Pedersen, Editing by Louise Heavens and David Evans)  copenhagen.newsroom@thomsonreuters.com ; +45 3274 2001; Reuters Messaging: jacob.pedersen.thomsonreuters.com@reuters.net     (c) Copyright Thomson Reuters 2020. Click For Restrictions - https://agency.reuters.com/en/copyright.html        Keywords: VESTAS WIND-FACTORIES/ (UPDATE 1, PIX)   원문 바로가기    DISCLAIMER  레피니티브의 사전, 서면 승인 없는 톰슨로이터 콘텐츠의 재생산이나 재배포는 금지되어 있습니다. 이 기사의 한국어 번역은 에프앤가이드가 사용하는 기계적 번역에 의한 것으로 톰슨로이터와 레피니티브는 번역의 정확성을 보증하지 않습니다."
83,2,"2021-09-20","19:51:42","""세월호 스티커 때문에 자동차가 테러를 당했습니다"" [아차車]","아직도... 돈내고 추천주를 받으세요?         추석 연휴 동안자신의 차가 칼자국 테러를 당했다는 사연이 공개됐다.  차주 A 씨는 19일 저녁 자동차 커뮤니티에 글을 올려 ""명절 인사드리러 다녀온 사이 누군가 차를 칼로 긁어놨다""면서 ""아파트 주차장에서 그런 거 같은데 너무 무섭다""고 적었다.  A씨는 ""3개월밖에 되지 않은 신차라 눈물이 난다""면서 ""경찰이 와서 밝은 불빛으로 보니 리본 부분에 잔 흠집이 가득하다. 전에도 리본에 그을음이 있어서 배기가스인 줄 알고 물티슈로 닦았는데 라이터로 지진 모양이다""라고 설명했다.  이어 ""차는 둘째 치고 운전대 잡기가 손이 떨린다""면서 ""세월호 추모 스티커를 붙인 게 이런 테러까지 당할 일인가""라고 하소연했다.    네티즌들은 ""꼭 잡아서 형사고소하길"", ""몇 년이 지났는데 아직 슬픔을 강요하는 사회"", ""당신의 가족이 비극적인 일을 당했어도 그런 소리를 할 수 있나"" 등 갑론을박을 벌였다.  이미나 한경닷컴 기자 helper@hankyung.com     ▶▶[무료 공개]◀◀ 지금 “1,000만원“만 있어도 당장 “이것“부터사라!! >>> (무료 체험)  박셀바이오 2,000%를 넘어설 21년 하반기 바이오 1등 종목은?  ▶▶ 월0.2%대 최저금리 X 주식자금 4배 X 100%집중투자 => 부자네스탁론  신용·미수보다 저렴한 금리로 종목 매수를 원한다면, 온라인으로 간편하게 자금 마련하자!  ◆최소 1000%, 그 이상도간다! 현대차 수소 생태계 74억달러 “승부수“ 친환경 대장株! [확인]  ▶[급등임박 공개]◀ 2021년 하반기 “정부정책 수해주” TOP 10 긴급공개 >>> (바로확인)           관련기사 '영끌' 빚폭탄 떠안은 3040…""이러다 큰일난다"" ""세월호 스티커 때문에 테러 당했습니다"" ""이렇게 하면 사망위험 70% 감소""…서프라이즈 ""한두 번도 아니고…"" 또 한국 외면한 애플 소시 윤아도 당황…Z세대는 안 입는다는 그 바지    ⓒ 한국경제 & hankyung.com, 무단전재 및 재배포 금지"
83,3,"2021-09-20","19:51:30","캐나다 주식-오일 슬라이드 TSX 선물 하락으로 두 달 만에 최저치, 초점 선거","CANADA STOCKS-Oil slide drags TSX futures to two-month low; election in focus .storyContent * {border-color:inherit !important;outline-color:inherit !important;} 9월 20일(로이터) - 유가가 떨어지면서 캐나다 선물지수가 월요일 두 달 만에 최저치로 폭락했고, 한편 모든 시선은 저스틴 트뤼도 총리가 권력에 매달릴수 있는 연방선거에 쏠렸으나 과반수를 얻으려는 듯 보였다.  S&P/TSX지수 9월 선물 SXFc1 오전 6시 44분에 1.5% 하락했다. ET, 7월 하순에 마지막으로 관측된 최저치.  슬라이드 S&P/TSX 종합 지수 설정 .GSPTSE 투자자들은 또한 중국의 규제 단속과 경제 성장 둔화 조짐에 대한 우려로 세계 증시를 투매하면서 금요일 4주간의 저조한 실적에서 하락세를 연장했다. .TO  월요일 다우 e-minis 1YMcv1 544포인트(1.58%) 떨어진 반면 S&P 500 e-minis는 1.58% 하락했다. EScv1 58.5포인트 하락(1.32%), 나스닥 100 e-minis NQcv1 163.75포인트, 즉 1.07% 하락했다. .N    톱스토리 TOP/CAN  트뤼도는 월요일 선거에서 권력에 집착할 수도있지만 설득력 있는 승리에 대한 그의 희망을 무산시킨 힘든 선거 운동 이후 의회 다수당 후보 자리를 잃을 것으로 보인다.   Teamsters Union은 미국 전자상거래 회사인 Amazon.com의 적어도 9개의 캐나다 시설에서 직원들을 조직하기 위한 캠페인을 시작했다. AMZN.O로이터 통신의 노조 관계자 인터뷰에 따르면.     분석 연구 하이라이트 RCH/CA  캐나다국유철도 CNR.TO: 캐나다 국립은행이 C$144에서 C$151로 PT 상승  Integrra Resources ITR.V: 캐나다 국립은행이 최고 등급으로 커버리지 재개  라이트스피드 커머스 LSPD.TO: CIBC가 C$155에서 C$195로 가격 목표 상승    오전 6시 44분 물품 목록 ET   금선물 GCc2: $1,757.5; +0.46% GOL/  미국 원유 CLc1: $70.55; -1.97% O/R  브렌트유 LCOc1: $74.09; -1.66% O/R  미국 경제 자료 월요일까지 제출 예정  9월 주택시장지수 1000NAHB : 예상 74; 이전 75     캐나다 시장 뉴스를보려면 코드를 클릭하십시오.  TSX 시장 보고서 .TO  캐나다 달러 및 채권 보고서 CAD/ CA/  로이터 통신 글로벌 증시 캐나다 여론조사 EQUITYPOLL1, EPOLL/CA  캐나다 시장 디렉토리 CANADA  (1=C$1.28)     (Reporting by Sagarika Jaisinghani in Bengaluru; editing by Uttaresh.V)  sagarika.jaisinghani@thomsonreuters.com     (c) Copyright Thomson Reuters 2020. Click For Restrictions - https://agency.reuters.com/en/copyright.html        Keywords: CANADA-STOCKS/   원문 바로가기    DISCLAIMER  레피니티브의 사전, 서면 승인 없는 톰슨로이터 콘텐츠의 재생산이나 재배포는 금지되어 있습니다. 이 기사의 한국어 번역은 에프앤가이드가 사용하는 기계적 번역에 의한 것으로 톰슨로이터와 레피니티브는 번역의 정확성을 보증하지 않습니다."
83,4,"2021-09-20","19:51:18","우크라이나는 12월 31일까지 COVID-19 규제를 연장한다.","Ukraine extends COVID-19 restrictions until Dec.31 .storyContent * {border-color:inherit !important;outline-color:inherit !important;} KYIV, 9월 20일 (로이터) - 우크라이나는 감염 급증에 대처하기 위해 지역 당국이 2021년 말까지 COVID-19 규제를 부과할 수 있는 비상사태를 연장했다고 월요일 정부가 발표했다.  보고서는 성명에서 ""전염병 상황이 악화됨에 따라 정부는 임시회의에서 적응방역을 2021년 12월 31일까지 연장하기로 결정했다""고 밝혔다.  국가 비상사태는 9월 말에 만료될 예정이었다.     (Reporting by Natalia Zinets; Editing by Alex Richardson)  Natasha.Zinets1@thomsonreuters.com     (c) Copyright Thomson Reuters 2020. Click For Restrictions - https://agency.reuters.com/en/copyright.html        Keywords: HEALTH-CORONAVIRUS/UKRAINE (URGENT)   원문 바로가기    DISCLAIMER  레피니티브의 사전, 서면 승인 없는 톰슨로이터 콘텐츠의 재생산이나 재배포는 금지되어 있습니다. 이 기사의 한국어 번역은 에프앤가이드가 사용하는 기계적 번역에 의한 것으로 톰슨로이터와 레피니티브는 번역의 정확성을 보증하지 않습니다."
83,5,"2021-09-20","19:51:11","BRIF-Haydale Graphene Industries, 510만 Stg를 소매 상품으로 인상","BRIEF-Haydale Graphene Industries Raises 5.1 Mln Stg Via Retail Offer .storyContent * {border-color:inherit !important;outline-color:inherit !important;} 9월 20일(로이터) - Haydale Graphene Industries PLC HAYD.L:  헤일데일 그래핀 인데 - 과다한 기부금 모집 결과   헤일데일 그래핀 산업 plc - 초과 모집된 기금 모금을 성공적으로 완료하고 현재 마감되었다.   헤일데일 그래핀 산업 - 모금활동으로 85,055,893 개의 보통주 신규 공모, 배정 및 청약으로 510만 파운드가 증가했다.    Further company coverage: HAYD.L  Reuters.Briefs@thomsonreuters.com        (c) Copyright Thomson Reuters 2020. Click For Restrictions - https://agency.reuters.com/en/copyright.html   원문 바로가기    DISCLAIMER  레피니티브의 사전, 서면 승인 없는 톰슨로이터 콘텐츠의 재생산이나 재배포는 금지되어 있습니다. 이 기사의 한국어 번역은 에프앤가이드가 사용하는 기계적 번역에 의한 것으로 톰슨로이터와 레피니티브는 번역의 정확성을 보증하지않습니다."
83,6,"2021-09-20","19:51:02","BRIX-Brooks Automation To Siloth H에 반도체 솔루션 그룹 사업부 매각 리 파트너스","BRIEF-Brooks Automation To Sell Semiconductor Solutions Group Business To Thomas H. Lee Partners .storyContent * {border-color:inherit !important;outline-color:inherit !important;} 9월 20일(로이터) - Brooks Automation Inc. BRKS.O:  보도 자료 - Brooks Automation에서 자사의 반도체 솔루션 그룹 사업을 Thomas H. Lee 파트너에게 판매하기로 합의 발표   Brooks Automation Inc. - 2021년 5월에 발표된 두 개의 독립 및 공개상거래 기업으로의 분리를 더 이상 추구하지 않을 것   브룩스 자동화 - 반도체 자동화 사업이 브룩스 자동화 이름 및 브랜드와 함께 소유권 전환   브룩스 자동화 - 새로운 이름으로 독립형 공개 생명과학 주식회사로 운영될 남은 생명과학 사업    Further company coverage: BRKS.O  Reuters.Briefs@thomsonreuters.com        (c) Copyright Thomson Reuters 2020. Click For Restrictions - https://agency.reuters.com/en/copyright.html   원문 바로가기    DISCLAIMER  레피니티브의 사전, 서면 승인없는 톰슨로이터 콘텐츠의 재생산이나 재배포는 금지되어 있습니다. 이 기사의 한국어 번역은 에프앤가이드가 사용하는 기계적 번역에 의한것으로 톰슨로이터와 레피니티브는 번역의 정확성을 보증하지 않습니다."
83,7,"2021-09-20","19:50:28","BRIF-토마스 H. Brooks Automation에서 30억 달러에 자동화 비즈니스 구매 파트너로 선정","BRIEF-Thomas H. Lee Partners To Buy Automation Business From Brooks Automation For $3 Bln .storyContent * {border-color:inherit !important;outline-color:inherit !important;} 9 월 20일(로이터) - Brooks Automation Inc. BRKS.O:  Thomas h. Lee 파트너, 현금 30억 달러에 Brooks 자동화로부터 자동화 사업 인수   Thomas h. Lee 파트너 - 거래는 2022년 상반기에 종료될 것으로 예상됨    Further company coverage: BRKS.O  Reuters.Briefs@thomsonreuters.com        (c) Copyright Thomson Reuters 2020. Click For Restrictions - https://agency.reuters.com/en/copyright.html   원문 바로가기    DISCLAIMER  레피니티브의 사전, 서면 승인 없는 톰슨로이터 콘텐츠의 재생산이나 재배포는 금지되어 있습니다. 이 기사의 한국어 번역은 에프앤가이드가 사용하는 기계적 번역에 의한 것으로 톰슨로이터와 레피니티브는번역의 정확성을 보증하지 않습니다."
84,1,"2021-09-20","19:40:31","BRIFT-Bioretec 계획, 최대 400만 유로 발행 공유","BRIEF-Bioretec Plans Share Issue Of Up To EUR 4 Mln .storyContent * {border-color:inherit !important;outline-color:inherit !important;} 9월 20일 (로이터) -   바이오레텍은 최대 400만 유로의 주식 발행을 계획하고 있으며, 150만 유로의 청약 약속을 받고 주식에 대한 유동성 제공 서비스에 합의했다.   주식 발행으로, 회사는 기관 투자자와 제한된 수의 다른 투자자들에게 최대 1,333,333주의 신규 주식을 제안할 것이다.   주당 최소 3.00유로의 가입 가격    Further company coverage: [ ]     (Gdansk Newsroom)  Gdansk.newsroom@thomsonreuters.com ; +48 58 769 66 00; ))        (c) Copyright Thomson Reuters 2020. Click For Restrictions - https://agency.reuters.com/en/copyright.html   원문 바로가기    DISCLAIMER  레피니티브의 사전, 서면 승인 없는 톰슨로이터 콘텐츠의 재생산이나 재배포는 금지되어 있습니다. 이 기사의 한국어 번역은 에프앤가이드가 사용하는 기계적 번역에 의한 것으로 톰슨로이터와 레피니티브는 번역의 정확성을 보증하지 않습니다."
84,2,"2021-09-20","19:39:24","에버그란데가 분위기를 상하게 한 후 버즈-GBP/USD는 1.37 미만으로 유지된다.","BUZZ-GBP/USD holds below 1.37 after Evergrande sours the mood .storyContent * {border-color:inherit !important;outline-color:inherit !important;} 1.3700은 위험 회피 적하 1.3662로 떨어지기 때문에 케이블의 경우 높음   1.362 = 4주 최저. 1.3700은 이전의 지지점(1.3701 = 아시아 최저)   증가하는 Evergrande 디폴트 공포로 인한 위험 회피    스털링은 위험에 민감한 통화인 반면 미화는 안전한 통화다.   1.3727( 금요일 최저치) 및 1.3750은 1.37을 초과하는 GBP/USD 저항 수준이다.   IMM 사양은 9월 14일의 주에 순 GBP 긴 위치로 전환됨      (Robert Howard is a Reuters market analyst. The views expressed are his own)  robert.howard@thomsonreuters.com        (c) Copyright Thomson Reuters 2020. Click For Restrictions - https://agency.reuters.com/en/copyright.html   원문 바로가기    DISCLAIMER  레피니티브의 사전, 서면 승인 없는 톰슨로이터 콘텐츠의 재생산이나 재배포는 금지되어 있습니다. 이 기사의 한국어 번역은 에프앤가이드가 사용하는 기계적 번역에 의한 것으로 톰슨로이터와 레피니티브는 번역의 정확성을 보증하지 않습니다."
84,3,"2021-09-20","19:38:54","Brooks Automation, 30억 달러에 자동화 비즈니스 판매","Brooks Automation to sell its automation business for $3 bln .storyContent * {border-color:inherit !important;outline-color:inherit !important;} 9월 20일(로이터) - Brooks Automation Inc. BRKS.O 월요일 그것은 반도체 자동화 사업을 사모펀드 회사인 토마스 H에 매각할 것이라고 말했다. LP파트너스로 현금 30억달러.     (Reporting by Akanksha Rana in Bengaluru; editing by Uttaresh.V)  akanksha.rana@thomsonreuters.com ; ; Twitter: https://twitter.com/AkankshaRanaa; ))     (c) Copyright Thomson Reuters 2020. Click For Restrictions - https://agency.reuters.com/en/copyright.html        Keywords: BROOKS AUTOMATION-THOMAS H LEE/ (URGENT)   원문 바로가기    DISCLAIMER  레피니티브의 사전, 서면 승인 없는 톰슨로이터 콘텐츠의 재생산이나 재배포는 금지되어 있습니다. 이 기사의 한국어 번역은 에프앤가이드가 사용하는 기계적 번역에 의한 것으로 톰슨로이터와 레피니티브는 번역의 정확성을 보증하지 않습니다."
84,4,"2021-09-20","19:38:51","귀성길 극심한 정체 해소 양상…서울→부산 4시간30분","20일 오전 경부고속도로 잠원IC인근 하행선(부산방향, 오른쪽)이 귀성길 차량으로 정체되고 있다. 추석을 하루 앞둔 20일 귀성길 방향 정체가 집중돼 고속도에서 평소 토요일보다 혼잡한 수준의 정체가 나타날 전망이다. /사진=뉴스1  20일 귀성길 방향 고속도로는 평소 토요일보다 혼잡한 수준을 보이고 있으나 극심한 정체는 조금씩 풀리는 분위기다.  한국로도공사에 따르면 이날 오후 5시 기준 서울에서 부산까지(요금소 출발) 4시간30분이 걸릴것으로 예상된다. 이날 오전 10시 기준 5시간20분이었던 예상 시간이 50분가량 줄어든 것이다.  오후 5시 요금소 출발 기준 서울에서 지방까지 걸리는 예상 시간은 △부산 4시간30분 △울산 4시간10분 △강릉 2시간40분 △양양 1시간50분(남양주 출발) △대전 1시간30분 △광주 3시간20분 △목포 3시간40분(서서울 출발) △대구 3시간30분이다.  같은 시각 지방에서 서울까지 예상 시간은 △부산 4시간30분 △울산 4시간10분 △강릉 2시간40분 △양양 1시간50분(남양주 도착) △대전 1시간40분 △광주 3시간20분 △목포 3시간40분(서서울 도착)△대구 3시간30분이다.  오후 4시30분 기준 현재 경부선 부산방향은 잠원IC 부근에서 평균 속도 시속 22.02km로 정체를 보이고 있으며 한남IC, 반포IC, 서초IC, 신갈 분기점, 오산IC, 영락IC 부근에서 거북이 주행을 하고 있다.  서해안선 목포방향은 금천IC 부근과 발안IC 부근에서 시속 80km 미만 서행하고 있는 것을 제외하면 통행이 원활한 상태다.  중부선 남이방향은 진천IC 부근에서평균 속도 시속 30km의 정체가 빚어지고 있으며, 일죽IC 부근을 통과하는 차량들이 서행하고 있다. 귀성방향 정체는 오후 7~8시쯤 해소될 것으로 보인다.  한편 이날 전국에서 전날보다 10만대 줄어든 405만대의 차량이 고속도로를 이용할 전망이다. 수도권에서 지방 방향으로 39만대, 지방에서 수도권 방향으로 41만대가 이동할 전망이다.  banaffle@fnnews.com 윤홍집 기자  ▶1500% 가는 '제2의 HMM' 아직 5000원대 황금株, 급등 전마지막 기회! [클릭] ▶“주식카톡방 완전무료 선언” 파격결정  [파이낸셜뉴스 주요뉴스]  → 남편과 사별한 여성, 자기 따라다니던 남자와 결혼했더니.. → ""팬티만 입으라는 지시 받았다"" 그의 소변에는... → 모델 한혜진 ""전 남친, 방송서 男 출연자와 눈 보며 대화했다고.."" → '태아 머리가 보인다' 전주 女 사우나서 일어난 일 → 월급 150만원 39세여성의 어머니 ""내 딸 정도면.."" → 주식으로 속이 답답할 때 [파인애플]  ● 하루만에 高수익 챙길 ‘초대형’ 백신 대장株! 비밀리에 입수! 1200% ↑↑ (CLICK)  ▶▶[무료공개]◀◀ 지금 ""1,000만원""만 있어도 당장 ""이것""부터 사라!! >>> (무료 체험)   ※ 저작권자 ⓒ 파이낸셜뉴스. 무단 전재-재배포 금지 "
84,5,"2021-09-20","19:38:29","기대치가 낮은 BUZ-Lufthansa 현금통화, 점유율 상승","BUZZ-Lufthansa cash call at low end of expectations, shares up .storyContent * {border-color:inherit !important;outline-color:inherit !important;} ** 루프트한자 주식 LHAG.DE 독일 항공사가 기대 이하의 낮은 수준에서 21억 4천만 유로의 유상증자를 발표함에 따라 변동성 있는 무역이 증가하다.   ** 더나아가 루프트한자의 행보가 추가 기업행동을 위한 첫걸음이 될 수도 있다.  *** Lufthansa의 움직임은 ""유지관리 사업(Technik)을 수익화하고 나머지 케이터링 사업(LSG)을 매각하는 등 다른 기업의 단순화 계획을 가능하게 하기 위해 국가 원조를 재융자하는 것을 목표로 하고있다""고 베렌버그는 말했다.   ** Citi는 ""추정된 자본 확충은 예상된 50억 유로보다 적으며, 우리는 이를 단기 압류 가능성이 있는긍정적인 결과로 본다""고 말한다.   ** ""투자 등급의 대차대조표를 적용하지 않기 위해 (증자 규모가) 다소 미미한 것으로 보인다. 이는 2022년 예상되는 우리의 예상 자유현금 유출액과 거의 일치한다""고 베렌버그는 말한다.  ** UBS는 Lufthansa의 움직임이 EPS 희석성이지만 대차대조표를 강화할 것임을 강조한다.  ** 루프트한자 4.5% 상승, 오픈 딜 약 3% 하락 후 0.4% 상승      (Reporting by Stefano Rebaudo in Milan)  stefano.rebaudo@tr.com        (c) Copyright Thomson Reuters 2020. Click For Restrictions - https://agency.reuters.com/en/copyright.html   원문 바로가기    DISCLAIMER  레피니티브의 사전, 서면 승인 없는 톰슨로이터 콘텐츠의 재생산이나 재배포는 금지되어 있습니다. 이 기사의 한국어 번역은 에프앤가이드가 사용하는 기계적 번역에 의한 것으로 톰슨로이터와 레피니티브는 번역의 정확성을 보증하지 않습니다."
84,6,"2021-09-20","19:37:57","[영상]文대통령 ""뉴욕가는 비행기 안에서 추석인사 올립니다""","[머니투데이 뉴욕(미국)=정진우 기자] [[the300]]   문재인 대통령과 김정숙 여사가 추석 명절을 맞아 국민들에게 ""한가위 보름달은 사람들의 소원을 들어준다""며 ""저희 부부는 국민 한 분 한 분의 건강과 안전을 빌겠다""고 인사를 했다.   문 대통령은 20일 공개된 영상메시지를 통해 ""명절을 잘 보내자고 하기도 어려울 만큼 힘든 분이 많다. 올해는 서로 격려해주고 격려받는 명절이 되길 바란다""며 ""어려워도 가족 간, 이웃 간의 사랑은 줄지 않는다""고 강조했다.   문 대통령 부부는 지난 19일 '제76차 유엔총회' 참석차 경기 성남 서울공항에서 공군1호기를 타고 미국 뉴욕으로 출국하기 직전 이 영상을 찍었다.   문 대통령은 ""국민 여러분, 이번에도 추석 연휴에 유엔 총회에 참석하게 됐다""며 ""뉴욕으로 떠나는 비행기 안, 제 좌석에서국민 여러분께 추석 인사를 드린다""고 설명했다.   김 여사는 ""가족은 언제나 든든하다""며 ""힘든 나날 속에서도 둥근 달은 변함없이 동산에 뜨고, 가족을 사랑하는 마음도 그대로다""고 강조했다.   그러면서 ""따뜻한 마음과 응원의 말로 서로의 마음을 품다 보면 사랑도 더 커질 것""이라며 ""예년 같지는 않더라도 더 밝고 환한 내일을 기대하면서 모두가 즐겁고 행복한 시간을 보내시길 바란다""고 했다.    문 대통령은 ""큰 산 하나를 넘어 추석을 맞이하게 됐다""며 ""국민들께 약속한 추석 전 백신 1차 접종률, 70%를 달성해 조금이나마 걱정을 덜 수 있게 됐다""고 말했다.   문 대통령은 특히 ""다음 달이면 접종 완료율도 세계에서 앞서가게 될 것이고, 우리는 점차 일상을 되찾게 될 것""이라며 ""힘들어도 조금만 더 힘을 내시기 바란다. 애써주신 의료진과 방역진, 인내로 이겨오신 국민들께 감사드린다""고 했다.   김 여사는 ""가족과 이웃을 사랑하는 마음이 우리나라 백신 접종 속도를 빠르게 올렸다고 생각한다""며 ""아직은 어려운 상황이지만 가족을 믿고, 이웃과 더 많이 나누면 좋겠다. 함께하는 마음으로 차분하게 대응해온 만큼, 결실도 값질 것""이라고 했다.   문 대통령은 끝으로 ""국민 여러분, 유엔 총회를 무사히 마치고 더 큰 희망과 함께 돌아오겠다""며 ""감사하다""고 인사를했다.        [관련기사] ☞ 타코에 커터칼 세조각 '끔찍'…""배달음식 먹다 입천장 베었다"" ☞ 곽민선 아나, 수원삼성 선수와 열애설…""경기 지는데 네 생각"" ☞ ""점점 야위어가네""…고현정, 다이어트 성공 후 4개월 변천사 ☞ PC방 여직원 기절시켜 돈훔치고 몹쓸짓까지한 50대 ☞ ""용돈 좀"" ""옷 입어라""…목숨 앗아간 명절 칼부림   뉴욕(미국)=정진우 기자 econphoo@mt.co.kr     ▶월 0.3%대 최저금리 적용, 키워드림론 간편 신청으로 수익 극대화하자 (신청하기)   빅 사이클 도래! 실적 발표 기대감! 단타, 중,장기를 모두 잡는 엄청난 종목의 등장! [클릭]   ▶급등임박 종목, 일단 뭔지 확인해보고 시작하자◀     [파워 인터뷰]       30배 박셀바이오, 20배 신풍제약, 그리고 '이바이오 종목'   ▶시세 분출 직전 ! 실적 상승 + 재료임박 + 외인대량매집중인 '이 종목' 긴급공개 ◀   기관 외인 바닥권 대량 매집흔적 발견! 급등 임박 大시세 종목 공개!!       <저작권자 ⓒ '돈이 보이는 리얼타임 뉴스' 머니투데이, 무단전재 및 재배포 금지>"
84,7,"2021-09-20","19:37:51","미국 증시 선물 급락 속에 BUZ-헤비급 기술주 하락","BUZZ-Heavyweight tech firms fall amid sharp declines in U.S. stock futures .storyContent * {border-color:inherit !important;outline-color:inherit !important;} ** FAANG 주식 전거래에서 1% 하락   ** Apple Inc. 주식 AAPL.O Amazon.com Inc.는 1.2% 하락한 $118을 기록했다. AMZN.O 1.3% 하락한 3,416.60달러를 기록했다.  ** 소셜 미디어 거대 기업 페이스북 FB.O 1.1% 하락한 360.68달러 - 4회 연속 하락세 설정  ** 넷플릭스 NFLX.O 0.6% 하락   ** 경기불확실성 시대에 더 좋은 실적을 보이는 경향이 있었던 FAANG 주식은 가장 작은 발표자 중 하나였습니다.  ** 미국 주가 지수 선물은 투자자들이 COVID-19 사례의 상승과 연준이 대규모 유행병 시대의 경기 부양책을 잠재적으로 테이퍼링하기로 결정하는 주초 경제 성장 속도에 대해 우려하면서 1% 이상 하락했다. .N  ** 다우선물 등 경기연계은행과 산업주가 하락세를 주도하고 있었다. 1YMcv1 1.6% 할인  ** 지난 마감 기준 올해 NFLX, AMZN, AAPL은 6%~10% 상승했고, GUGL, FB는 61%~34% 상승     (Reporting by Tiyashi Datta in Bengaluru)  tiyashi.datta@thomsonreuters.com        (c) Copyright Thomson Reuters 2020. Click For Restrictions - https://agency.reuters.com/en/copyright.html   원문 바로가기    DISCLAIMER  레피니티브의 사전, 서면 승인 없는 톰슨로이터 콘텐츠의 재생산이나 재배포는 금지되어 있습니다. 이 기사의 한국어 번역은 에프앤가이드가 사용하는기계적 번역에 의한 것으로 톰슨로이터와 레피니티브는 번역의 정확성을 보증하지 않습니다."
85,1,"2021-09-20","19:23:18","러시아 중부 대학서 총기 난사…최소 8명 사망, 20여명 부상","러시아 중부의 한 대학에서 20일(현지시각) 총기 난사 사건이 발생해 최소 8명이 목숨을 잃었다. 타스 통신 등에 따르면 중대범죄 수사를 담당하는 러시아 연방수사위원회는 이날 오전 11시쯤 중부 도시 페름의 국립연구대학에서 한 재학생이 총기를 난사해 8명이 숨지고 여러명이 부상했다고 밝혔다.      현지 보건부는 부상자가 24명이며 그 가운데 19명은 총상을 입었고, 나머지는 창문을 통해 뛰어내리는 과정 등에서 부상했다고 밝혔다.    현장에서 체포된 총격범은 신원이 확인됐으며, 체포 과정에서 저항하다 부상했다고 수사위원회는 설명했다. 현지 언론은 총격범이 이 학교 재학생으로 파악됐다고 보도했다.그는 캠퍼스에서 총을 쏘다, 뒤이어 강의동으로 들어가 무차별 총격을 이어간 것으로 전해졌다. 총격 당시 대학에는 약 3000명의 학생이 수업 중이었으며, 총격 소리가 들리자 일부 학생들은 강의실 문을 잠그고 몸을 피했고, 일부는 창문을 통해 뛰어내려 도피했다.    AFP통신 등은 총격범이 터키제 반자동 산탄총을 사용했으며, 소셜 미디어에는 학생들이 검은색 전술복을 입은 범인을 피해 도망가는 영상이 유포됐다고 보도했다. 러시아 당국은 총격범이 허가를 받고 총기를 소지해왔다고 밝혔다.    AFP는 수사위원회를 인용해 총격범이 정신질환을 앓고 있었으나 총기 소지 허가를 받는 데는문제가 없었던 것으로 보인다고 보도했다.  총격 학생의 범행 동기는 알려지지 않았다. 수사당국은 총격범을 다중 살해 혐의로 입건하고 정식 수사에 착수했다.  정해용 기자 jhy@chosunbiz.com   Copyrights ⓒ ChosunBiz.com"
85,2,"2021-09-20","19:23:11","""가족이 파괴됐다""…동급생 살해한 총격범, 징역 1282년 선고","희생자 부모 ""참을 수 없는 슬픔과 사투 중""     9명의 사상자를 냈던 총격범에게 미국 법원이 징역 1282년을 선고했다.  18일(현지 시간) CNN 등 현지 매체에 따르면 2019년 콜로라도주의 한 학교에서 총기를 난사한 혐의로 기소된 데본 에릭슨(20)에게 법원이 이 같은 판결을 내렸다.  미국 법원은 2019년 콜로라도주 덴버 하이드 랜치 소재 '스템 스쿨' 총격 사건을 일으킨 데본에게 가석방 없는 징역 1282년의 종신형을 선고했다.  데본은 1급 살인, 1급 살인 공모, 30건의 1급 살인 미수, 무기 소지 등 46가지 혐의로 기소됐다.   앞서 17일 열린 선고 공판에는스템 스쿨 학생과 교사, 피해 학생 부모 등 20명이 참석해 증언했다. 데본의 총격으로 사망한 켄드릭 레이 카스티요의 부모는 ""참을 수없는 슬픔과 매일 사투를 벌이고 있다. 그 일로 우리 가족은 파괴됐다""고 법정에서 눈물을 흘렸다.  유일한 사망자인 카스티요( 당시 18세)는 수업 중 교실로 들어온 총격범에게 달려들어 더 큰 참사를 막은 것으로 전해졌다.  법정에서 데본은 무덤덤한 얼굴로 앉아 있었다는 게 현지 매체의 전언이다. 이날 재판부는 ""본인 가족 진술에만 감정을 드러내는 등 타인을 교묘하게 조작하는 교활함을가졌다. 피의자의 행동으로 인해 총격 희생자들은 정신적 충격으로 영원히 고통받을 것""이라면서 데본에게 징역 1282년을 선고했다.  한편, 해당 사건의 공범인 알렉 맥키니에게는 지난해 7월 38년 복역 후 가석방 자격이 주어지는 종신형이 선고됐다.  김정호 한경닷컴 객원기자 newsinfo@hankyung.com    관련기사 '영끌' 빚폭탄 떠안은 3040…""이러다 큰일난다"" ""세월호 스티커 때문에 테러 당했습니다"" ""이렇게 하면 사망위험 70% 감소""…서프라이즈 ""한두 번도 아니고…"" 또 한국 외면한 애플 소시 윤아도 당황…Z세대는 안 입는다는 그 바지    ⓒ 한국경제 & hankyung.com, 무단전재 및 재배포 금지"
85,3,"2021-09-20","19:23:10","BRIF-첫 번째 주간 밴크시스템, 거래 종료 시 GWB에 1억 500만 달러의 수수료가 지불될 것이라고 발표","BRIEF-First Interstate Bancsystem Says Fee Of $105 Mln Will Be Payable To GWB Upon Deal Termination .storyContent * {border-color:inherit !important;outline-color:inherit !important;} 9월 20일(로이터) - 첫 번째 주간 BancSystem Inc. FIBK.O:  첫 번째 주간 방크시스템 주식회사 - 거래가 종료될 때, 1억 2천만 달러의 수수료는 gwb에 의해 지불될 것이다/ 7천만 달러는 gwb에 의해 지불될 것이다.   Further company coverage: FIBK.O  Reuters.Briefs@thomsonreuters.com        (c) Copyright Thomson Reuters 2020. Click For Restrictions - https://agency.reuters.com/en/copyright.html   원문 바로가기    DISCLAIMER  레피니티브의 사전, 서면 승인 없는 톰슨로이터 콘텐츠의 재생산이나 재배포는 금지되어 있습니다. 이 기사의 한국어 번역은 에프앤가이드가 사용하는 기계적 번역에 의한 것으로 톰슨로이터와 레피니티브는 번역의 정확성을 보증하지 않습니다."
85,4,"2021-09-20","19:21:12","독일 정부는 코로나바이러스 쿠르브 해제를 위한 목표일은 없다고 밝혔다.","No target date for lifting coronavirus curbs, German govt says .storyContent * {border-color:inherit !important;outline-color:inherit !important;} 베를린, 9월 20일 (로이터) -독일 정부는 올 겨울 대유행병이 어떻게 전개될지에 대한 확신이 없었기 때문에 코로나바이러스 관련 사회 거리 규제 해제를 위한 목표 날짜를 제시하지 않고 있다고 월요일 대변인이 말했다.  로버트 코흐 감염병연구소에 따르면 독일은 24일 3736명의 코로나바이러스 감염자가 새로 발생했으며 7일 동안 인구 10만명당 71명의 발병률을 기록했다.     (Reporting by Andreas Rinke 리함 알쿠사아의 글 토마스 에스크리트 편집)  Riham.Alkousaa@thomsonreuters.com     (c) Copyright Thomson Reuters 2020. Click For Restrictions - https://agency.reuters.com/en/copyright.html        Keywords: HEALTH-CORONAVIRUS/GERMANY (URGENT)   원문 바로가기    DISCLAIMER  레피니티브의 사전, 서면 승인 없는 톰슨로이터 콘텐츠의 재생산이나 재배포는 금지되어 있습니다. 이 기사의 한국어 번역은 에프앤가이드가 사용하는 기계적 번역에 의한 것으로 톰슨로이터와 레피니티브는 번역의 정확성을 보증하지 않습니다."
85,5,"2021-09-20","19:20:57","BRIF-유니버설 오토파운드리, 보너스 주식 발행 고려","BRIEF-Universal Autofoundry Says To Consider Issue Of Bonus Shares .storyContent * {border-color:inherit !important;outline-color:inherit !important;} 9월 20일(로이터) - 유니버설 오토파운드리 Ltd. UNVE.BO:  보편적 자동결함 - 보너스 주식의 발행을 고려한다.    Further company coverage: UNVE.BO  Reuters.Briefs@thomsonreuters.com        (c) Copyright Thomson Reuters 2020. Click For Restrictions - https://agency.reuters.com/en/copyright.html   원문 바로가기    DISCLAIMER  레피니티브의 사전, 서면 승인 없는 톰슨로이터 콘텐츠의 재생산이나 재배포는 금지되어 있습니다. 이 기사의 한국어 번역은 에프앤가이드가 사용하는 기계적 번역에 의한 것으로 톰슨로이터와 레피니티브는 번역의 정확성을 보증하지 않습니다."
85,6,"2021-09-20","19:20:48","IAEA 사무총장 ""北, 우라늄 농축 등 핵 프로그램 전력""","우라늄 농축 공장 재가동 징후   [연합]  [헤럴드경제=홍승희 기자]라파엘 그로시 국제원자력기구(IAEA)사무총장은 20일(현지시간) 북한이 핵 프로그램에 ""전력을 기울이고 있다""고 평가했다.  그는 이날 열린 제65차 IAEA 총회에서 ""북한에서 플루토늄 분리와 우라늄 농축, 다른 활동들에 대한 작업이 전속력으로 진행되고 있다""고 밝혔다고 로이터 통신이 보도했다.  앞서 그로시 사무총장은 지난 13일 IAEA 이사회에서 영변 핵시설 원자로 재가동 조짐이 심각한 문제라고 지적하면서 우라늄 농축 공장의 재가동 징후도 공개했다.  아울러 북한 강선 지역에 위치한 핵시설에서 계속되는 활동 징후가 있었다면서 ""북한의 핵 프로그램 지속은 유엔 안전보장이사회의 관련 결의안을 명백히 위반하는 것으로 매우 유감스럽다""고 말했다.  IAEA는 지난달 발간한보고서에서 북한 영변 핵시설 내 5MW 원자로와 관련해 ""2021년 7월 초부터 냉각수 배출을 포함해 원자로 가동과 일치하는 정황들이 있었다""고 밝혔다. 5MW 원자로는 북한의 핵무기 제작과 관련된 핵심 시설로, 여기에서 가동 후 나오는 폐연료봉을 재처리하면 핵무기 원료인 플루토늄이 추출된다.  이와 함께 IAEA는 올해 2월 중순부터 7월 초까지 5MW 원자로 근처에 있는 폐연료봉 재처리 시설인 방사화학 연구소가 가동된 정황도 있다고 전했다.  한편, IAEA 사찰단은 2009년 4월 추방된 이후 북한 핵 시설에 직접 접근을 하지 못하고 있다.  이 때문에 IAEA는 북핵 프로그램 감시를 위해 정보 수집을 강화하고 고해상도 상업 위성의 이미지 수집과 분석을 확대하고 있다."
85,7,"2021-09-20","19:20:43","'대장동 내전' 격화…명-낙측, 서로에 ""내부총질 말라""(종합)","'대장동 내전' 격화…명-낙측, 서로에 ""내부총질 말라""(종합) 명측 ""野 대변인인가·나쁜 후보"" vs 낙측 ""원팀부정·국힘 공격하라"" 이재명캠프 성명발표 ""이낙연, 오해 풀고 국힘 토건게이트 직시해달라""         (서울=연합뉴스) 윤지현 기자 = 더불어민주당 대선 경선의 최대 승부처로 꼽히는 호남 경선을 앞두고 이재명 경기도지사와 이낙연 전 대표 측이 '성남 대장지구 의혹'을 둘러싼 거친 장외 설전을 이어갔다.      '원팀 협약' 이후 한동안 네거티브 휴전을 선언했던 양측 캠프의 갈등이 이번 의혹을 계기로 재점화하는 양상이다.      이 전 대표 캠프의 정무실장인 윤영찬 의원은 20일 페이스북에서 이 지사 캠프를 향해 ""이 전 대표를 국민의힘과 엮으려는 프레임을 당장 멈추기를 바란다""고 촉구했다.      윤 의원은 ""이 지사와 캠프가 이 전 대표에게 '국민의힘과 한배를 타는 것인가'라며 공격했다""며 ""왜 한배를 타고 있는 민주당 내부에 총을 겨누는 것이냐. 이는 원팀 훼손을 넘어 원팀 정신 자체를 부정하는 행위""라고 비판했다.      이어 ""대장동 의혹이 '국민의힘 게이트'라고 주장하려면 국민의힘을 공격하라""고 꼬집었다.       같은 캠프의 오영훈 수석대변인도 논평을 내 ""불난 집에서 밤을 구워 먹을 생각은 추호도 없다. 아무리 형편이 급하다고 제집 불난 것을놓고 옆집 탓을 해서 되겠느냐""며 가세했다.      오 대변인은 ""이 지사 측은 야당과 보수언론의 주장에 편승했다고 나쁜 후보라고 한다""며 ""그렇다면 (이번 의혹에 대해) '비상식적'이라고 답변한 김부겸 총리는 '나쁜 총리', 의혹을 보도한 모든 언론은 '나쁜 언론', 고개를 갸웃거리는 국민들은 '나쁜 국민'이냐""고 반문했다.     전날 이낙연 캠프를 향해 '야당과 한배를 타려는 것이냐'고 공격했던 이 지사 캠프의 현근택 대변인은 페이스북을 통해 ""이 전 대표를 야당과 엮는 것이 문제가 아니라, 이 전 대표가 야당의 주장에 동조하는 게 문제가 아니냐""고 역공했다.      이어 이 전 대표가 전날 토론회에서 이 지사에게 국감 증인 출석과 국정조사에 응하라고 한 것에 대해 ""이 전 대표는 야당 대변인이 되려는 것이냐""며 ""특검에도 응하라고 할 거냐""고 쏘아붙였다.      같은 캠프의 전략본부장인 민형배 의원도 전날 ""이 전 대표의 태도는 도대체 이분이 어느 당 소속인지 의구심을 불러일으킨다""며 ""물리쳐야 할 '나쁜 후보'가 되어가고 있는 게 아닌지 크게 염려한다""고 직격했다.      공방이 격화되자 이재명 열린캠프는 이날 오후 성명을 발표, ""이 전 대표는 오해를 풀고 '국민의힘 토건 게이트'의 진실을 직시해달라""고 호소했다.      캠프의 박찬대 수석대변인은 국회에서 발표한 성명에서 대장동 개발에 대해 ""토건 게이트를 막으면서 가진 권한으로 최대치의 공익을 환수한 이재명 스타일 모범행정""이라며 ""이 전 대표가 그 성과를 주목하지 않으니 안타깝다""고 했다.       이어 ""이 전 대표가 주장하는 대장동 사업의 과장된 허구의 수익률은 어떻게 계산된 것인지 궁금하다""며 ""또 '언론이 보도하면 문제가 있는 것'이라는 논리를 펴는데 광주 5·18 민주화운동 당시 전 언론은 이를 '폭도의 만행'이라고 보도했는데 그게 진실은 아니지 않느냐""고 조목조목 따지기도 했다.      박 대변인은 ""우리는 개혁진영이자 민주당 '원팀'""이라며 ""토건 게이트의 본진인 국민의힘에 문제 제기를 해달라""고 촉구했다.      전날 진행된 광주·전남·전북 TV토론에서도 이 전 대표가 대장지구 의혹을 직접 문제 삼고 이에 이 지사가 적극적으로 반박하며 정면충돌 양상이 빚어진 바 있다.      yjh@yna.co.kr  (끝)     <저작권자(c) 연합뉴스, 무단 전재-재배포 금지>"
86,1,"2021-09-20","19:05:19","BRIFT-Altana AI, GV가 주도하는 1,500만 달러 시리즈 A 자금 조달","BRIEF-Altana AI Raises $15 Mln Series A Funding, Led By GV .storyContent * {border-color:inherit !important;outline-color:inherit !important;} 9월 20일(로이터) - 알타나 AI:  altana ai는 전 세계 공급망에서 진실의 단일한 원천을 구축하기 위해 1,500만 달러의 투자를 유치한다.   altana ai - gv(이전의 구글 벤처) 주도로 1500만 달러의 자금을 시리즈로 확보했다.   altana ai - 유동 지점, 능선 파트너, 기존 투자자아마데우스 자본 파트너 및 도식화된 벤처 등이 라운드에 합류했다.    Reuters.Briefs@thomsonreuters.com        (c) Copyright Thomson Reuters 2020. Click For Restrictions - https://agency.reuters.com/en/copyright.html   원문 바로가기    DISCLAIMER  레피니티브의 사전, 서면 승인 없는 톰슨로이터 콘텐츠의 재생산이나 재배포는 금지되어 있습니다. 이 기사의 한국어 번역은 에프앤가이드가 사용하는 기계적 번역에 의한 것으로 톰슨로이터와 레피니티브는 번역의 정확성을 보증하지 않습니다."
86,2,"2021-09-20","19:05:14","오디오콘텐츠 확보 나선 스트리밍플랫폼…""Z세대 잡아라“","아직도... 돈내고 추천주를 받으세요?       멜론 지니뮤직 플로 등 국내 주요 음원 스트리밍 플랫폼들이 오디오 콘텐츠 확보전에 열을 올리고 있다. 차세대 문화 소비 권력으로 부상한 Z세대(1994~2010년생)를 사로잡기 위해서다. 이들 플랫폼은 자체 오디오 콘텐츠 제작부터 관련 기업 인수까지 전방위 노력을 기울이고 있다.  스트리밍 플랫폼 오디오콘텐츠 확보전 최근 가장 강수를 둔 것은 지니뮤직이다. 지난 10일 국내 구독형 전자책 1위 기업 '밀리의 서재' 지분을 대거 인수해 1대주주로 올랐다. 이를 기반으로 국내 최고 AI 오디오 플랫폼 기업으로 큰다는 게 목표다.  지니뮤직은 464억원을 들여 밀리의 서재 지분 38.6%를 인수했다. 조훈 지니뮤직 대표는 ""음악 스트리밍 시장 성장세가 둔화된 와중에 글로벌 기업들과의 경쟁에서 우위를 점하기 위해 밀리의 서재 인수 결정을내렸다""며 ""앞으로 인공지능(AI) 기술을 활용해 창의적인 오디오 콘텐츠를 제공하고, 커넥티드 영역까지 서비스를 넓힐 것""이라고 설명했다.   지니뮤직은 연내 밀리의 서재가 보유한 오디오북 콘텐츠를 지니를 통해 서비스할 예정이다. 지니뮤직 주주사인 KT, LG유플러스, CJ ENM 등과의 협력도 추진한다.   플로는 최근 자체 오디오 콘텐츠를 대거 확충하고 있다. 올해부터 3년간 음악콘텐츠와 자체 오디오 콘텐츠 확보에 2000억원을 투입한다는 계획이다.   요즘엔 오디오 드라마 제작 프로젝트도 벌이고 있다. 영화감독 장항준과 손잡았다. 지난 7월 공모전을 통해 본선에 진출한 작가들과 장 감독이 함께 스릴러, 판타지, 로맨스, 코미디 등 각 장르별드라마 작업을 벌였다.   플로는 이들 오디오 드라마를 20일부터 매일 한 편씩 공개한다. 다음달 12일까지 우승작 투표를 실시해 최종 우승작을 선정할 예정이다. 최송 우승작은 3부작 오디오 드라마로 제작한다.   멜론은 추석 연휴를 맞아 오리지널 오디오 콘텐츠를 대거 선보인다. 오는 20일부터 22일까지 새 콘텐츠를 하루에 두 편씩 공개한다.   내용도 추석 연휴 분위기를 살렸다. 박선영 아나운서의 영화음악 프로그램 ‘영화&박선영입니다’에선 청취자들이 추천한 가족 영화와 그에 얽힌 사연을 소개한다. 영화 OST도 들려준다.   멜론스테이션 프로그램 ‘뽀로로의뽈륨을 높여요’를 통해선 ‘풍요롭다! 한가위’편을 내보낸다. 뽀로로가 송편과 강강술래, 각 나라별 추석과 비슷한 명절 등의 이야기를 들려주는 내용이다.  오디오 콘텐츠에 몰리는 Z세대  글로벌 투자은행(IB) UBS는 2019년부터 2024년까지 글로벌 팟캐스트 시장 성장률이 연평균 22%에 달할 것으로 추산하고 있다. 같은 기간 청취자 수는 1억4200만 명에서 3억200만 명으로 두 배 이상으로 늘어날 전망이다.  이를 주도하는 것은 Z세대다. 이들의 오디오 콘텐츠 소비 선호는 뚜렷하다. 국내 개인 오디오방송 플랫폼 스푼라디오에 따르면 전체 이용자 중 54.3%가 18~23세다. 그 다음으로 이용률이 높은 25~34세 비중은 23.2%다.   이들은 스푼라디오 플랫폼에서 음성과 텍스트로만 소통한다. 음악 선곡 이외에도 단순 수다, 일상 공유, 연애·고민 상담, 유머 이야기 등 다양한 분류를 두고 서비스를 즐기는게 특징이다.   국내 얘기만이 아니다. 올 초 미국 시장조사기업 와이펄스의 조사에 따르면 13~39세 소비자의 62%가 팟캐스트를 듣는다고 응답했다. 이중 26%는 매주 팟캐스트를 듣는 것으로 나타났다.   플랫폼업계에선 Z세대들이 오디오 콘텐츠에 주목하는 이유를 ‘자유도’ 때문이라고 설명한다. 영상 콘텐츠를 즐기기 위해선 일정 시간 모니터를 보면서 집중해야 하지만 오디오 콘텐츠는 다르다. 오디오를 켜놓은 채 방 청소를 하면서 이따금씩 친구와 메신저로 이야기를 할 수도 있다.   한 정보통신(IT) 컨설턴트는 “Z세대는 아주 어렸을 때부터 인터넷과 스마트폰을 이용한 첫 세대”라며 “이 덕분에 특정 행위 사이 사이를 빠르게 전환하고 한번에 다양한 일을 하는 멀티태스킹을 선호한다”고 설명했다.   오디오 콘텐츠의 ‘사회적 자유’도 Z세대에겐 매력이다. 오디오 콘텐츠는 쌍방 소통을 하는 경우에도 자신의얼굴이나 생활 모습을 공개할 필요가 없다. 유튜브 브이로그 등과 다른 점이다. 자신의 사생활을 중요하게 생각하면서도 삶의 특정 측면을 공유하고 싶어하는 Z세대 입맛에 오디오 콘텐츠가 맞는 이유다.  카카오·네이버도 오디오콘텐츠 서비스  음원 플랫폼 외 IT 기업들도 오디오 콘텐츠 서비스를 확장하고 있다. 카카오는 지난 7월 음성기반소셜미디어 ‘음’을 출시했다. 오디오 콘텐츠 전문 크리에이터를 모집·육성하고, 카카오톡과의 연계를 늘려 이용자를 확보한다는 계획이다.   카카오는 '음'에 최태원 SK그룹 회장, 이우현 OCI 부회장, 이한주 베스핀글로벌 대표 등 ‘빅샷’ 연사를 초빙해 라이브 토크쇼를 열기도 했다.   네이버는 최근 나우, 바이브, 오디오클립 등 자사 오디오 콘텐츠 관련 조직을 한데 모아 사내 독립기업 ‘튠CIC’를 설립했다.   선한결 기자 always@hankyung.com     ▶▶[무료 공개]◀◀ 지금 “1,000만원“만 있어도 당장 “이것“부터 사라!! >>> (무료 체험)  박셀바이오 2,000%를 넘어설 21년 하반기 바이오 1등 종목은?  ▶▶ 월0.2%대 최저금리 X 주식자금4배 X 100%집중투자 => 부자네스탁론  신용·미수보다 저렴한 금리로 종목 매수를원한다면, 온라인으로 간편하게 자금 마련하자!  ◆최소 1000%, 그 이상도 간다! 현대차 수소 생태계 74억달러 “승부수“ 친환경 대장株! [확인]  ▶[급등임박 공개]◀ 2021년 하반기 “정부정책 수해주” TOP 10 긴급공개 >>> (바로확인)           관련기사 '영끌' 빚폭탄 떠안은 3040…""이러다 큰일난다"" ""세월호 스티커 때문에 테러 당했습니다"" ""이렇게 하면 사망위험 70% 감소""…서프라이즈 ""한두 번도 아니고…"" 또 한국 외면한 애플 소시윤아도 당황…Z세대는 안 입는다는 그 바지    ⓒ 한국경제 & hankyung.com, 무단전재 및 재배포 금지"
86,3,"2021-09-20","19:04:53","BRIF-Equinor가 트롤, 오세베르크 가스 배출량을 올리라고 한다.","BRIEF-Equinor says to raise Troll, Oseberg gas output .storyContent * {border-color:inherit !important;outline-color:inherit !important;} 9월 20일(로이터) - 이퀴노르 EQNR.OL:  에퀴노르는 10월 1일부터 시작되는 가스 연도 동안 트롤, 오세베르크 가스 생산량을 합계 2 bcm까지 올릴 수 있는 허가를 얻었다고 말한다.   에퀴노르는 오세베르크 필드가 이미 최대 용량으로 생산되고 있는 반면 트롤 필드는 약 일주일 안에 최대 용량에 도달할 것으로 예상된다고 말한다.   에퀴노르는 10월 1일부터 시작되는 가스 연도에 트롤의 생산량이 37 bcm, 오세버그는 6 bcm로 증가할 것이라고 말한다.   에퀴노르는 노르웨이의 해상 파이프라인 시스템에 유럽으로의 공급을 증가시키기 위한 여분의 용량이 있다고 말한다.   에퀴노르는 3단계 개발 프로젝트 완료에 따라 트롤 생산량이 급증하고 있으며, 10월 1일부터는 고원 생산에 도달할 것으로 예상하고 있다.   에퀴노르는 또한 열량을 증가시키는 방법을 포함하여 가스 출력을 증가시키는 다른방법들을 살펴본다고 말한다.   에퀴노르는 우리가 일을 다르게 하고 더 많은 가스를 생산하기 위해 구체적인 프로젝트를 검토하고 있는 몇몇 분야를 가지고 있다고 말한다.   Equinor는 해머페스트 lng 발전소가 2022년 3월말에 재가동될 수 있도록 궤도에 남아있다고 말한다.   Further company coverage: EQNR.OL  (Reporting By Terje Solsvik, editing by Gwladys Fouche)  terje.solsvik@thomsonreuters.com        (c) Copyright Thomson Reuters 2020. Click For Restrictions - https://agency.reuters.com/en/copyright.html   원문 바로가기    DISCLAIMER  레피니티브의 사전, 서면 승인 없는 톰슨로이터 콘텐츠의 재생산이나 재배포는 금지되어 있습니다. 이 기사의 한국어 번역은 에프앤가이드가 사용하는 기계적 번역에 의한 것으로 톰슨로이터와 레피니티브는 번역의 정확성을 보증하지 않습니다."
86,4,"2021-09-20","19:04:25","선선한 날씨에 부진했던 롯데하이마트, B2B 사업 모델로 살아날까","[아시아경제 공병선 기자] 대형가전과 계절성 가전의 부진 때문에 롯데하이마트의 올해 3분기 실적은 시장전망치(컨센서스)를 하회할 것으로 전망된다. 다만 기업간 거래(B2B) 사업 모델이 강화된다면 장기적인 사업 전략을 구축할 수 있다는 관측도 나온다.   20일 한화투자증권은 롯데하이마트의 3분기 매출을 전년 동기 대비 2% 감소한 1조259억원, 영업이익을 같은 기간 9.9% 줄어든 504억원으로 추정했다. 이는 각각의 컨센서스 1조1057억원, 634억원을 7.2%, 20.5% 하회하는 수준이다.   대헝가전 부문과 계절성 가전 부문의 판매량 둔화가 올 3분기 실적 부진으로 이어졌다. 올 2분기 기준 롯데하이마트 매출의 47% 이상이 대형가전이지만 가전시장은 둔화되는 추세다. 대형가전의 주요 판매채널인 오프라인 가전시장은 지난해 3분기 정점을 찍은 후 침체되고 있다.   올 여름 선선했던 날씨도 롯데하이마트 입장에선 부정적 요소다. 당초 올 3분기 대형가전 판매량이 둔화되더라도 계절성 가전이 만회할 것이란 전망이 증권가에서 나왔다. 하지만 선선한 날씨 탓에 계절성 가전의 판매량은 예상보다 부진할 것으로 추정된다.   다만 단기적 부진 속에서도 B2B 사업 모델은 강화될 것으로 전망된다. 롯데그룹은 한샘 인수에 대한 지분 투자를 결정했고 이는 B2B 매출확대로 이어질 가능성이 높다. 실제로 롯데하이마트는 연간 2조원을 상회하는 가전매입력을 보유하는 등 B2B향 상품 구매 경쟁력을 지니고 있다. 아울러 장기적으론 기업과 소비자간 거래(B2C) 부문 공급도 이뤄질 것으로 보인다.   남성현 한화투자증권 연구원은 “프리미엄 가전을 선호하는 소비자들의 경향이 확대되고 있고 그 중 단순 가전이 아닌 공간인테리어 가전에 대한 선호도가 높아지고 있다”며 “한샘과의 협업관계가 구축될 경우 빌트인 부문에서 차별적 모델을 구축할 것”이라고 설명했다.  이에 한화투자증권은 롯데하이마트의 투자의견 ‘매수’와 목표주가 4만원을 유지했다. 지난 17일 종가는 3만1050원이다.    ● [무료공개] 지금 ""1,000만원""만 있어도 당장 ""이것""부터 사라!! >>> (무료 체험)   ● K방역 위기! SK바이오사이언스 1200% 능가할 하반기 역대급 백신株 [지금 확인]  ● 2021년 하반기 실적이 기대되는 저평가 종목 ㅇㅇㅇ 확인하기! [관련기사]  ☞ [e공시 눈에 띄네] 코스피-7일☞ 롯데하이마트, 창사 이래 첫 자사주매입…185억 규모  ☞ 롯데하이마트, 1분기 영업이익 257억…전년比 31.8%↑   ☞ ""백화점서 미술품 팔고 평생교육 사업까지"" … 유통가 신사업 발굴중  ☞ 투자 성공의 핵심은 기업분석! 'CORE' 바로가기      공병선 기자 mydillon@asiae.co.kr   <ⓒ경제를 보는 눈, 세계를 보는 창 아시아경제(www.asiae.co.kr) 무단전재 배포금지>"
86,5,"2021-09-20","19:04:14","BUZ-COMMENT-남아프리카 대륙은 더 떨어질지도 모른다.","BUZZ-COMMENT-South Africa's rand may have further to fall .storyContent * {border-color:inherit !important;outline-color:inherit !important;} 9월 20일 (로이터) - 달러화가 랜드대비 강세를 보였으며 추가 상승은 이번 주 미국 연방준비제도이사회(FRB) 정책회의로 향할 것으로 보인다.   리스크 혐오, 달러 강세, 그리고 다가오는 FOMC는 리스크 시장을 뒷걸음질치게 했고 남아프리카 공화국의 랜드마크는 9월 10일 이후 6% 가까이 떨어졌다.   USD/ZAR에 대한 건설적인 기술 그림은 추가적인 이득을 가져다 주지만 아마도 FOMC 이후 조정 후에만 가능하다. 9월 9일과 10일, 앞뒤 해머 양초와 9월 13일, 강우량 양초의 조합은 오늘날의 14.8600까지 5일 동안 가파른 상승의 전조가 되었다.   8월 20일부터 9월 10일까지 15.3950 에서 14.0650으로 떨어진 14.7300에서 50%의 피보나치 재추적 수준을 금요일 위반했다. 완전한 재추적이 진행 중이라는 좋은 징후. 다음 피보나치 수준은 현재 최고 추세를 약간 넘어선 14.8869이다.   중요한 지원 수준은 더 낮은 수준의 수정을 방해할 수 있다. 일일 이치모쿠 클라우드 상단은 14.5800, 200일 이동 평균은 14.5660이다.     자세한 내용을 보려면 을 클릭하십시오. FXBUZ   (Peter Stoneham is a Reuters market analyst. The views expressed are his own)  peter.stoneham@thomsonreuters.com        (c) Copyright Thomson Reuters 2020. Click For Restrictions - https://agency.reuters.com/en/copyright.html   원문 바로가기    DISCLAIMER  레피니티브의 사전, 서면 승인 없는 톰슨로이터 콘텐츠의 재생산이나 재배포는 금지되어 있습니다. 이 기사의 한국어 번역은 에프앤가이드가 사용하는 기계적 번역에의한 것으로 톰슨로이터와 레피니티브는 번역의 정확성을 보증하지 않습니다."
86,6,"2021-09-20","19:04:00","IAEA ""北, 핵개발 전속력으로 진행중"" 경고","라파엘 그로시 국제원자력기구(IAEA) 사무총장. 로이터뉴스1   [파이낸셜뉴스] 국제원자력기구(IAEA)의 라파엘 그로시 사무총장이 20 일(현지시간) 북한의 핵프로그램을 언급하고 북한 정권이 핵개발을 멈추지 않고 전력으로 서두르고 있다고 주장했다.  힌두스탄타임스 등 외신들에 따르면 그로시는 이날 제65차 IAEA 총회에서 ""북한에서 플루토늄 분리와 우라늄 농축, 다른 활동들에 대한 작업이 전속력으로 진행되고 있다""고 말했다.   그는 이날 발표에 앞서 지난 13일 IAEA 이사회에 참석해 북한 영변 핵시설 원자로 재가동 조짐이 심각한 문제라고 지적하면서 우라늄 농축 공장의 재가동 징후도 공개했다. 이어 북한 강선 지역의 핵시설에서 계속되는 활동 징후가 있었다면서 ""북한의 핵 프로그램 지속은 유엔 안전보장이사회의 관련 결의안을 명백히 위반하는 것으로 매우 유감스럽다""고 지적했다.  북한 핵개발의 이상 징후는 이미 지난달부터 빨간불이었다. IAEA는 지난달 27일 보고서를 통해 ""북한이 올해 2월 중순부터 7월 초까지 방사화학실험실을 운영한 징후가 있었다""고 지적했다. 당시 IAEA는 ""이 기간(5개월)은 북한이 이전에 밝힌 5MW(메가와트) 원자로 가동 후 폐연료봉 재처리에 걸리는 기간'과 일치한다""고 경고했다. 이와 관련해 그로시는 ""7월 초부터 5MW 원자로 가동 징후도 있었다""고 밝혔다.  5MW 원자로는 북한의 핵무기 제작과 관련된 핵심 시설로, 여기에서 가동 후 나오는 폐연료봉을 재처리하면 핵무기 원료인 플루토늄이 추출된다.  현재 IAEA의 핵시설 사찰단은 2009년 4월 북한에서 추방된 이후 북한 핵시설에 직접 접근을 하지 못하고 있다. 이 때문에 IAEA는 북핵 프로그램 감시를 위해 정보 수집을 강화하고 고해상도 상업 위성의 이미지 수집과 분석을 확대하고 있다.      pjw@fnnews.com 박종원 기자  ▶1500% 가는 '제2의 HMM' 아직 5000원대 황금株, 급등 전 마지막 기회! [클릭] ▶“주식카톡방 완전무료 선언” 파격결정  [파이낸셜뉴스 주요뉴스]  → 남편과 사별한 여성, 자기 따라다니던 남자와 결혼했더니.. → ""팬티만 입으라는 지시 받았다"" 그의 소변에는... → 모델 한혜진 ""전 남친, 방송서 男 출연자와 눈 보며 대화했다고.."" → '태아 머리가 보인다' 전주 女 사우나서 일어난일 → 월급 150만원 39세 여성의 어머니 "" 내 딸 정도면.."" → 주식으로 속이 답답할 때 [파인애플]  ● 하루만에 高수익 챙길 ‘초대형’ 백신 대장株! 비밀리에 입수! 1200% ↑↑ (CLICK)  ▶▶[무료공개]◀◀ 지금 ""1,000만원""만 있어도 당장 ""이것""부터 사라!! >>> (무료 체험)   ※ 저작권자 ⓒ 파이낸셜뉴스. 무단 전재-재배포 금지 "
86,7,"2021-09-20","19:03:44","데이 머거 및 인수 거래","Deals of the day-Mergers and acquisitions .storyContent * {border-color:inherit !important;outline-color:inherit !important;} 9월 20일 (로이터) - 월요일 1000 GMT에 의해 다음과같은 입찰, 인수, 처분 사례가 보고되었다.     ** 남아프리카 금융 서비스 지주회사 랜드 머천트 인베스트먼트 RMIJ.J 국내 주요 보험사 두 곳의 지분을 분산시키고 주식과 장부가격의 할인 폭을 좁히기 위해 권리 문제를 수행할 것이라고 말했다.   **오스트레일리아의 AusNet 서비스 AST.AX 캐나다 인프라 투자자인 브룩필드자산운용이 95억7000만달러(69억5000만달러)의 높은 구속력이없는 인수제안을 받은 후 캐나다 인프라 투자자인 브룩필드자산운용의 계열사에 장부를 공개했다고 밝혔다.   ** 오스트레일리아 Transurban Group이 이끄는 컨소시엄 TCL.AX 호주에서 가장 긴 자동차 터널망의 절반에 가까운 지분으로 111억 달러(약 80억6000만 달러)를 지불해 시드니 유료도로망의 전 소유권과 지배권을 갖게 된다.     ** 미국 사모펀드 어드벤트 인터내셔널이 인도 가전 브랜드 유레카 포브스의 지배지분을 440억 루피(5억9700만 달러)에 인수한다고 모기업 샤포르지 팔론지그룹이 밝혔다.   (Compiled by Rajarshi Roy and Deborah Sophia in Bengaluru)  DeborahMary.Sophia@thomsonreuters.com     (c) Copyright Thomson Reuters 2020. Click For Restrictions - https://agency.reuters.com/en/copyright.html        Keywords: DEALS-DAY/   원문 바로가기    DISCLAIMER  레피니티브의 사전, 서면 승인 없는 톰슨로이터 콘텐츠의 재생산이나 재배포는 금지되어 있습니다. 이 기사의 한국어 번역은 에프앤가이드가 사용하는 기계적 번역에 의한 것으로 톰슨로이터와 레피니티브는 번역의 정확성을 보증하지 않습니다."
87,1,"2021-09-20","18:57:09","한낮에 거래 요약: BUX 2.37pct 하락","TRADING SUMMARY AT MIDDAY: BUX down 2.37 pct  부다페스트, 9월 20일 (로이터) ? 부다페스트 SE에대한 한낮 데이터 (모든 변경사항은 공개 가격에 대해 계산됨)    INDEX        VALUE    LAST VALUE / OPENING             (pts.)      (pct. change)BUX       51,135.51            -2.37BUMIX      4,242.66            -3.65    TOTAL ISSUES          LAST VALUE / OPENINGIssues advanced                  1Issues declined     27Issues unchanged                 7Issues not traded               19        백분율 이득자    COMPANY'S NAME    PCT. CHANGE      LAST VALUEDMKER  3.12              66        패자 비율    COMPANY'S NAME    PCT. CHANGE      LAST VALUEOXO TECHNOLOGIES     -7.14           5,200MEGAKRAN             -6.82      8DUNA HOUSE           -6.67             420DELTA TECH           -5.14              70SET GROUP            -4.85              47   원문 바로가기    DISCLAIMER  레피니티브의 사전, 서면 승인 없는 톰슨로이터 콘텐츠의 재생산이나 재배포는 금지되어 있습니다. 이 기사의 한국어 번역은 에프앤가이드가 사용하는 기계적 번역에 의한 것으로 톰슨로이터와 레피니티브는 번역의 정확성을 보증하지 않습니다."
87,2,"2021-09-20","18:56:59","UPDATE 1-화산 폭발에도 불구하고 카나리아 공역 개방, 취소된 항공편은 거의 없음","UPDATE 1-Canaries airspace open despite volcano eruption, few flights cancelled .storyContent * {border-color:inherit !important;outline-color:inherit !important;}  마드리드, 9월 20일 (로이터) - 스페인 민간 항공 당국 에네르는 화산 폭발에도 불구하고 카나리아 제도 위 공역이 개방된 반면, 국내 항공사에 의해 일부 항공편만 취소되었다고 월요일 말했다.  이 군도의 지역 항공사 빈터는 월요일 4편의 항공편을 취소했지만, 이날 오후 다른 항공편을 예약했다.  이 항공사는 23일 오후 연기와 화산재 플룸을 촬영한 영상을 공개하며 이번 폭발의 결과로 취소가 이루어졌다고 밝혔다.   그것은 트위터를 통해 비록 지연될 수 있다고 경고했지만 라 고메라를 오가는 항공편은 월요일 늦게 재개될 것이라고 말했다. 콜센터에서는 라팔마와 라 고메라로 가는 오후 비행기 표를 제공하고 있었다.  에네르는 공역을 개방한 상태로유지했으며 월요일 아침 일찍 라 고메라나 라 팔마로의 이동에는 아무런 제약이 없다고 말했다.   에네어 관계자는 ""시정에는 문제가 없다""고 덧붙이며 항공사들이 계획을 바꿀지 결정하는 것은 항공사들의 몫이라고 에네어네어 관계자는 말했다.      (Reporting by Inti Landauro and Corina Pons, Writing by Corina Pons, Editing by Nathan Allen and Ingrid Melander)  Inti.Landauro@thomsonreuters.com     (c) Copyright Thomson Reuters 2020. Click For Restrictions - https://agency.reuters.com/en/copyright.html        Keywords: SPAIN-VOLCANO/AIRLINES (UPDATE 1)   원문 바로가기    DISCLAIMER  레피니티브의 사전, 서면 승인 없는 톰슨로이터 콘텐츠의 재생산이나 재배포는 금지되어 있습니다. 이 기사의 한국어 번역은에프앤가이드가 사용하는 기계적 번역에 의한 것으로 톰슨로이터와 레피니티브는 번역의 정확성을 보증하지 않습니다."
87,3,"2021-09-20","18:56:16","BUZ-FX 옵션에서 미국/유럽연합(EUR) 감소의 인식 깊이를 나타냄","BUZZ-FX options show perceived depth of EUR/USD decline .storyContent * {border-color:inherit !important;outline-color:inherit !important;} 옵션 트레이더들은 월요일 1.1750-1.1700에서 더 많은반바지를 취급했다.   이러한 옵션은 변동성 증가/현금성 감소의 이점을 얻을 수 있다.   하지만, 아직 1.1650-00 이하로 다루기에는 큰 관심이 없었다.   이러한 수준 이하로 확장될 경우 인식된 EUR 리스크가 여전히 낮다는 것을 시사할 수있음   8월 1.164로 11월 1.1602 이후 최저치를 기록했다. 옵션 장벽 1.1650-1.1600   50억의 막대한 11억 7천 7 백-50 사후 Fed 만료 옵션에는 아직 포함되어 있을 수 있다.    그러나, 만족스럽지 않은 광범위한 옵션 - FX 리스크를 반영한다.    자세한 내용을 보려면 을 클릭하십시오. FXBUZ  (Richard Pace is a Reuters market analyst. The views expressed are his own)  Richard.Pace@thomsonreuters.com        (c) Copyright Thomson Reuters 2020. Click For Restrictions - https://agency.reuters.com/en/copyright.html   원문 바로가기    DISCLAIMER  레피니티브의 사전, 서면 승인 없는 톰슨로이터 콘텐츠의 재생산이나 재배포는 금지되어 있습니다. 이 기사의 한국어 번역은 에프앤가이드가 사용하는 기계적 번역에 의한 것으로 톰슨로이터와 레피니티브는 번역의 정확성을 보증하지 않습니다."
87,4,"2021-09-20","18:56:12","체코 중앙은행 니데츠키 : 연말까지 100bps의 긴축을 상상할 수 있다 - DenikN 인터뷰","Czech central banker Nidetzky: I can imagine 100 bps tightening by year-end - DenikN interview .storyContent * {border-color:inherit !important;outline-color:inherit !important;} 프라하, 9월 20일 (로이터) - 체코 중앙은행이 연말까지 금리를 1% 포인트 인상할 수 있다고 중앙은행 부행장 토마스 니데츠키는 월요일발표된 인터뷰에서 말했다.  ""시장 기대치는 연말까지 1%포인트 상승하는 겁니다. 니데츠키는 ""이것은 우리의 전망과 거의 일치한다""고말했다.  ""연말까지는 시장이 기대하는 금리 수준에 도달할 수 있을 것이라고 상상할 수 있다.""  한은은 6월 이후 기준금리를 0.75%로 두 차례 인상했으며 인플레이션의 빠른 상승으로 9월 30일 열리는 차기 통화정책회의에서 기준금리를 50포인트 더 올릴 수 있다는 기대감이 나오고 있다.      (Reporting by Jan Lopatka)  jan.lopatka@thomsonreuters.com ; +420 234 721 614; Reuters Messaging: jan.lopatka.thomsonreuters.com@reuters.net     (c) Copyright Thomson Reuters 2020. Click For Restrictions - https://agency.reuters.com/en/copyright.html        Keywords: CZECH-CENBANK/NIDETZKY (URGENT)   원문 바로가기    DISCLAIMER  레피니티브의 사전, 서면 승인 없는 톰슨로이터 콘텐츠의 재생산이나 재배포는 금지되어 있습니다. 이 기사의 한국어 번역은 에프앤가이드가 사용하는 기계적 번역에 의한 것으로 톰슨로이터와 레피니티브는 번역의 정확성을 보증하지 않습니다."
87,5,"2021-09-20","18:55:50","IAEA 사무총장 ""북한, 우라늄 농축 등 핵 프로그램 전속력 진행""","[아시아경제 박형수 기자] 라파엘 그로시 국제원자력기구(IAEA) 사무총장은 북한이 핵 프로그램에 ""전력을 기울이고 있다""고 밝혔다.  라파엘 그로시 사무총장은 20일 열린 제65차 IAEA 총회에서 ""북한에서 플루토늄 분리와 우라늄 농축, 다른 활동에 대한 작업이 전속력으로 진행되고 있다""고 강조했다.   앞서 그로시 사무총장은 지난 13일 IAEA 이사회에서 영변 핵시설 원자로 재가동 조짐이 심각한 문제라고 지적하면서 우라늄 농축 공장의재가동 징후도 공개했다.   북한 핵시설에서 활동 징후가 있다면서 ""북한의 핵 프로그램 지속은 유엔 안전보장이사회의 관련 결의안을 명백히 위반하는 것으로 매우유감스럽다""고 우려했다.   IAEA는 지난달 발간한 보고서를 통해 북한 영변 핵시설 내 5MW 원자로와 관련해 ""2021년 7월 초부터 냉각수 배출을 포함해 원자로 가동과일치하는 정황이 있었다""고 공개했다.   북한의 핵무기 제작과 관련된 핵심 시설인 5MW 원자로에서 가동 후 나오는 폐연료봉을 재처리하면 핵무기 원료인 플루토늄이 추출된다.   IAEA는 올해 2월 중순부터 7월 초까지 5MW 원자로 근처에 있는 폐연료봉 재처리 시설인 방사화학 연구소가 가동된 정황도 있다고 전했다.    ● [무료공개] 지금 ""1,000만원""만 있어도 당장 ""이것""부터 사라!! >>> (무료 체험)   ● K방역 위기! SK바이오사이언스 1200% 능가할 하반기 역대급 백신株 [지금 확인]  ● 2021년 하반기 실적이 기대되는 저평가 종목 ㅇㅇㅇ 확인하기! [관련기사]  ☞ [속보] IAEA 사무총장 ""북한 핵 개발 전력 질주""  ☞ 미사일 발사 나선 남북, 한반도 긴장 관계 심화되나  ☞ 아사히 ""한반도 평화 위해 日 적극관여 필요""  ☞ 中, 베이징서 北 정권수립 73주년 축하 연회  ☞ 투자 성공의 핵심은 기업분석! 'CORE' 바로가기      박형수 기자 Parkhs@asiae.co.kr   <ⓒ경제를 보는 눈, 세계를 보는 창 아시아경제(www.asiae.co.kr) 무단전재 배포금지>"
87,6,"2021-09-20","18:55:40","Jaipur Rapseed, Rapseed Oil, Rapseed Meet - 9월 20일","Jaipur Rapeseed, Rapeseed oil, Rapeseed Meal - Sep 20  자이푸르 라피제드, 라피제드 오일, 라피제드 밀  9월 20일(로이터) 자이푸르 주(州)를 포함한 인도 북부 라자스탄 주(州)의 가격이 하락세를 나타냈다고 월요일 트레이더들이 말했다.오늘 주 전체 도착자는 85kg의 8만~10만 봉지로 추산되었다.               *              *              *  랩시드: 자이푸르, 알와르, 바라트푸르, 코타, 케를리 가격은 차익예약에서 완화되었다.라자스탄 주요 시장에서 100kg당 개장 가격과 85kg 봉투에 담긴 도착 가격:     Market                 Arrivals          Today's price       Previous closing price    Alwar         NA           8,325-8,330            8,425-8,430    Bharatpur                  NA           8,210-8,215            8,230-8,235    Kota (2020-21)             NA           7,500-7,505            7,525-7,530       RAPESEED PLANT DELIVERY prices, in rupees/100 kg, in key Rajasthanproducing areas. Prices for seeds with 42% oil content, unless otherwisestated. Plant prices include transportation costs:    Mills at                     Today's prices      Previous prices    Jaipur (2020-21)            8,700--8,705 8,750-8,755    RAPESEED MARKET DELIVERY (NEW) prices, in rupees/100 kg, in key Rajasthan producing areas:    Markets  Today's pri1ces     Previous closing prices    Alwar                    8,655-8,705        8,700-8,750    Bharatpur 8,650-8,700        8,690-8,740    Kherli                   8,650-8,700        8,690-8,740    BRANDED OIL PRICES, in rupees per 15-kg tins, in Jaipur:    Brand                        Today's prices   Previous prices    Hanuman refined soyoil                 NA      NA    Chambal refined soyoil                 NA          NA    Tagore mustard oil                  2,021        2,021    Veer Balak mustard oil              2,400        2,400    Sona Sikka Groundnut refined        2,750        2,750     100 킬로그램당 루피 단위로 표시되는 식사 가격:                                        Today's prices   Previous prices  플랜트 배송     Mill delivery Guar, Jodhpur             NA           NA    Mill Delivery Guar-gum, Jodhpur         NA           NA    NA--not available    NQ--not quoted           (방갈로어 상품 데스크, +91-080 67491361, e-메일) commodities@refinitiv.com   원문 바로가기    DISCLAIMER  레피니티브의 사전, 서면 승인 없는 톰슨로이터 콘텐츠의 재생산이나 재배포는 금지되어 있습니다. 이 기사의 한국어 번역은 에프앤가이드가 사용하는 기계적 번역에 의한 것으로 톰슨로이터와 레피니티브는 번역의 정확성을 보증하지 않습니다."
87,7,"2021-09-20","18:54:16","남양주시 4대 혁신공간 어린이집 역사교육 연계","남양주시 15일 ‘통(?)-통(通) 성장공감융합소통 프로젝트’ 시작. 사진제공=남양주시  【파이낸셜뉴스 남양주=강근주 기자】 남양주시가 관내 어린이집 원장을 대상으로 ‘남양주시 영유아, 공간혁신을 누리다!’라는 주제로 ‘통(?)-통(通) 성장공감융합소통 프로젝트’를 15일 이석영신흥상회에서 시작했다.  남양주시는 대표 혁신공간 4곳(이석영신흥상회, REMEMBER1910, 이석영뉴미디어도서관, 펀그라운드)을 월별로 어린이집 종사자에게 소개하며 혁신공간 의미를 공유한다.  혁신공간 4곳은 민선7기 출범 이후 3년간 변화-발전된 남양주 모습을 그대로 반영하고 있다. 남양주시는 다가올 ‘위드 코로나’ 시대에 어린이집 교육 프로그램에 혁신공간 4곳과 접목해 지역 역사와 문화를 홍보하고 전파하는 기회를 제공한다는 방침이다.  통통 프로젝트는 코로나19 사회적 거리두기에 따라 소규모 그룹으로 진행되며 ‘시설투어(지역문화 이해)-미니특강(창의적 사고)-체험(공감 힐링)’ 프로그램으로 구성됐다. 이에 따라 코로나19로 장기간 휴원 및 긴급보육, 자발적 선제검사 등 방역관리로 고생한 어린이집 종사자에게 휴식 힐링과 지역문화 중요성을 동시에 안겨줄 전망이다.    남양주시 15일 ‘통(?)-통(通) 성장공감융합소통 프로젝트’ 시작. 사진제공=남양주시  통통 프로젝트에 참여한 한 원장은 “모두가 힘든 시간을 보내고 있는 가운데 잠시나마 힐링이 되고 새로운 생각을 할 수 있는 경험과 기회를 마련해줘 선물을 받은 것 같다”며 “우리 시에 좋은 공간이 많이 생겨 자랑스럽고, 많은 보육 교직원과 가정에서도 이런 혁신공간을 알 수 있도록 적극 안내하고 관련된 프로그램에 꼭 반영하고 싶다”고 말했다.  한편 9월 신흥상회, 10월 Remember1910, 11월 이석영뉴미디어도서관, 12월 펀그라운드에서 매주 1회 진행될 이번 프로젝트는 어린이집 보육통합정보시스템을 통해 신청할 수 있다. 세부사항은 남양주시 보육정책과 보육사업팀으로 문의하면 안내받을 수 있다. kkjoo0912@fnnews.com 강근주 기자  ▶1500% 가는 '제2의 HMM' 아직 5000원대 황금株, 급등 전 마지막 기회! [클릭] ▶“주식카톡방 완전무료 선언” 파격결정  [파이낸셜뉴스 주요뉴스]  → 남편과 사별한 여성, 자기 따라다니던 남자와 결혼했더니.. → ""팬티만 입으라는 지시 받았다"" 그의 소변에는... → 모델 한혜진 ""전 남친, 방송서 男 출연자와 눈 보며 대화했다고.."" → '태아 머리가 보인다' 전주 女사우나서 일어난 일 → 월급 150만원 39세 여성의 어머니 ""내 딸 정도면.."" → 주식으로 속이 답답할 때 [파인애플]  ● 하루만에 高수익 챙길 ‘초대형’ 백신 대장株! 비밀리에 입수! 1200% ↑↑ (CLICK)  ▶▶[무료공개]◀◀ 지금 ""1,000만원""만 있어도 당장 ""이것""부터 사라!! >>> (무료 체험)   ※ 저작권자 ⓒ 파이낸셜뉴스. 무단 전재-재배포 금지 "
88,1,"2021-09-20","18:40:40","EU는 브렉시트 이후의 무역을 위한 장기적인 해결책을 원한다고 외교관은 말한다.","EU wants long-term solutions for post-Brexit trade, says diplomat .storyContent * {border-color:inherit !important;outline-color:inherit !important;} 브뤼셀, 9월 20일 (로이터) - 화요일에 열리는 유럽연합 각료회의에서 영국과 북아일랜드의 무역을 둘러싼 런던과의 긴장을 완화하는 방안에 대해 논의할 예정이지만, 유럽연합은 브렉시트 이혼 협정에 합의한 민감한 국경에 대한 조항을 재협상하지는 않을 것이라고 월요일 EU 고위 외교관이 말했다.   블록 27개 회원국을 대표해 런던과 협상을 벌이고 있는 EU 집행부는 브렉시트 이후 상품 이동을 촉진하는 내용의 9월 말까지 윤곽이 드러날 것으로 보인다. L8N2QG2MO  (Reporting by Gabriela Baczynska)  gabriela.baczynska@thomsonreuters.com ; +32 2 287 68 39; Reuters Messaging: gabriela.baczynska.thomsonreuters.com@reuters.net     (c) Copyright Thomson Reuters 2020. Click For Restrictions - https://agency.reuters.com/en/copyright.html        Keywords: BRITAIN-EU/IRELAND (URGENT)   원문 바로가기    DISCLAIMER  레피니티브의 사전, 서면 승인 없는 톰슨로이터 콘텐츠의 재생산이나 재배포는 금지되어 있습니다. 이 기사의 한국어 번역은 에프앤가이드가 사용하는 기계적 번역에 의한 것으로 톰슨로이터와 레피니티브는 번역의 정확성을 보증하지 않습니다."
88,2,"2021-09-20","18:40:29","러시아 총선에서 푸틴 집권 여당 승리, 독자 개헌 가능해져","19일(현지시간) 러시아 모스크바의 카잔스키 기차역에서 선거 당국 직원들이 개표를 위해 총선 투표함을 비우고 있다.로이터뉴스1   [파이낸셜뉴스] 지난 17~19일(현지시간) 치러진 러시아 총선 결과 블라디미르 푸틴 러시아 대통령을 지지하는 통합러시아당이 하원의 약3분의 2를 차지했다. 이로써 푸틴의 집권 여당은 독자적으로 개헌이 가능해졌다.   AFP통신에 따르면 안드레이 투르차크 통합러시아당 사무총장은 20일 ""3분의 2 의석(300석)을 확보했다. 450석 중 315석을 차지해 총선에서 승리했다""고 밝혔다. 같은날 현지 중앙선거관리위원회는 오전 기준 80% 개표 상황에서 통합러시아당이 49.4%의 득표율을 기록했다고 발표했다.   러시아 하원은 5년 임기의 의원 450명으로 구성된다. 이 중 절반인 225명은 지역구별 의원 후보에게 직접 투표하는 지역구제로 선출되고, 나머지 225명은 정당에대한 투표 결과를 바탕으로 각 정당이 득표한 비율에 따라 일정 수의 의석을 배분받는 비례대표 정당명부제로 뽑힌다.   다만 통합러시아당은 지난 2016년 총선 때에 비해선 의석수가 줄어들 전망이다. 지난 2016년 선거에선 54.2%의 정당 득표율로 343석을 확보했다. 이번선거에서 2위는 제도권 제 1야당인 공산당(19.8%)이 차지했으며 극우민족주의 성향의 자유민주당이 7.5%, 사회민주주주의 성향 정당인 '정의러시아당-진실을 위하여'가 7.3%를 득표한 것으로 파악됐다.   푸틴의 최대 정적으로 불리는 알렉세이 나발니의 야권 진영은 이번총선에서 나발니의 투옥과 푸틴 정부의 출마 방해 공작으로 힘든 싸움을 벌였다. 나발니 진영은 여당 재집권만은 피해야 한다며 통합러시아당과 암묵적인 공생관계인 공산당 등 다른 야당 후보를 지지하는 ‘스마트 보팅’ 운동을 펼쳤다. 그러나 스마트 보팅을 도와주는 어플리케이션은 푸틴 정부의 압박으로 주요 플랫폼에서 내려갔다.   당국에 의해 외국대행기관으로 지정된 독립적 선거감시기구 '골로스'는 전국 투표소에서 약 5000건의 부정이 있었다고 지적했다. 나발니 진영을 중심으로 한 야권은 허위 기재 투표용지 투입, 공무원들에 대한 투표강요 등 심각한 선거법 위반 사례들이 드러났다고 주장했다.       pjw@fnnews.com 박종원 기자  ▶1500% 가는 '제2의 HMM' 아직 5000원대 황금株, 급등 전 마지막 기회! [클릭] ▶“주식카톡방 완전무료 선언” 파격결정  [파이낸셜뉴스 주요뉴스]  → 남편과 사별한 여성, 자기 따라다니던 남자와 결혼했더니.. → ""팬티만 입으라는 지시 받았다"" 그의 소변에는... → 모델 한혜진 ""전 남친, 방송서 男 출연자와 눈보며 대화했다고.."" → '태아 머리가 보인다' 전주 女 사우나서 일어난 일 → 월급 150만원 39세 여성의 어머니 ""내 딸 정도면.."" → 주식으로 속이 답답할 때 [파인애플]  ● 하루만에 高수익 챙길 ‘초대형’ 백신 대장株! 비밀리에 입수! 1200% ↑↑ (CLICK)  ▶▶[무료공개]◀◀ 지금 ""1,000만원""만 있어도 당장 ""이것""부터 사라!! >>> (무료 체험)   ※ 저작권자 ⓒ 파이낸셜뉴스. 무단 전재-재배포 금지 "
88,3,"2021-09-20","18:40:00","[내일 날씨] 추석 전국 요란한 비…최고 100mm 이상","[머니투데이 박효주 기자] 추석인 내일(21일)은 전국이 대체로 흐린 가운데 대부분 지역에 비가 내릴 전망이다.   기상청에 따르면 내일 새벽에 중부와 호남 지역에 비가 시작돼 아침에는 전국 대부분 지역에서 비가 내리겠다.   비는 내일 오후까지 이어지다 저녁에 그칠 전망이다. 다만 내일 밤 또 다른 기압골이 북서쪽에서 남하하면서 수도권과 강원영서, 충남서해안부터 또 비가 내리겠다.   예상 강수량은 중부지방(강원영동제외), 남부지방(경북동해안제외), 서해5도 20~70㎜, 강원영동, 경북동해안, 울릉도·독도 5~20㎜, 제주도100㎜다.   추석 주요 도시 달 뜨는 시각은 △서울 18:59 △인천 19:00 △수원 18:59 △강릉 18:51 △춘천 18:56 △대전 18:57 △청주 18:57 △대구 18:52 △부산 18:50 △울산 18:49 △광주 18:59 △전주 18:58 △제주 19:00다.   중부지방(강원동해안제외)의 낮 기온은 25도 이상, 강원동해안과 남부지방은 25~29도로 오늘과 비슷하겠다. 아침 기온은 모레까지 전국 대부분 지역에서 20도 내외가 예상된다.   지역별 아침 최저기온은 △서울 21도 △춘천 20도 △강릉 21도 △대전 22도 △청주 21도 △대구 21도 △광주 21도 △전주 22도 △부산 23도△제주 23도 △울릉도·독도 22도 등이다.   낮 최고기온은 △서울 26도 △춘천 26도 △강릉 28도 △대전 26도 △청주 27도 △대구 26도 △광주 27도 △전주 27도 △부산 25도 △제주 27 도 △울릉도·독도 23도 등이다.   미세먼지 농도는 모든 지역에서 '좋음'이다.     [관련기사] ☞ 타코에 커터칼 세조각 '끔찍'…""배달음식 먹다 입천장 베었다"" ☞ 곽민선 아나, 수원삼성 선수와 열애설…""경기 지는데 네 생각"" ☞ ""점점 야위어가네""…고현정, 다이어트 성공 후 4개월 변천사 ☞ PC방 여직원 기절시켜 돈훔치고 몹쓸짓까지한 50대 ☞ ""용돈 좀"" ""옷 입어라""…목숨 앗아간 명절 칼부림   박효주 기자 app@mt.co.kr     ▶월 0.3%대 최저금리 적용, 키워드림론 간편 신청으로 수익 극대화하자 (신청하기)   빅 사이클 도래! 실적 발표 기대감! 단타, 중,장기를 모두 잡는 엄청난 종목의 등장! [클릭]   ▶급등임박 종목, 일단 뭔지 확인해보고 시작하자◀     [파워 인터뷰]       30배 박셀바이오, 20배 신풍제약, 그리고 '이바이오 종목'   ▶시세 분출 직전 ! 실적 상승 + 재료임박 + 외인대량매집중인 '이 종목' 긴급공개 ◀   기관 외인 바닥권 대량 매집흔적 발견! 급등 임박 大시세 종목 공개!!       <저작권자 ⓒ '돈이 보이는 리얼타임 뉴스' 머니투데이, 무단전재 및 재배포 금지>"
88,4,"2021-09-20","18:39:16","오후 6시까지 서울 437명 확진…전날보다 52명↓","오후 6시까지 서울 437명 확진…전날보다 52명↓         (서울=연합뉴스) 임화섭 기자 = 월요일인 20일 0시부터 오후 6시까지 18시간 동안 서울에서 신종 코로나바이러스 감염증(코로나19) 신규확진자가 437명으로 중간집계됐다고 서울시가 밝혔다.      같은 시간대로 비교해 전날(19일) 489명과 지난주 월요일(13일) 458명보다는 각각 52명, 21명 적다. 하루 24시간 전체로 따진 확진자 수최종집계치는 19일 583명, 13일 539명이었다.      20일 서울 신규확진자 중간집계치가 전날이나 1주 전보다 줄어든 것은 추석 연휴로 검사 인원이 평상시 대비 급감했기 때문으로 풀이된다. 연휴 둘째 날이었던 19일의 검사 인원은 3만5천423명으로, 이달 5일(3만5천345명) 후 2주 만에 가장 적었다.      이날 오후 6시 기준 서울 신규확진자 중 주요 집단감염으로 추가된 환자는 중구 중부시장 32명, 송파구 가락시장 22명, 송파구 실내체육시설 2명, 강동구 고교 2명 등이었고 기타 집단감염으로 13명이 나왔다.      이에 따라 중구 중부시장은 최소 93명, 송파구 가락시장은 최소 363명으로 관련 확진자 전국 누적 집계치가 늘었다.      집단감염으로 관리되지 않는 신규사례 중 선행확진자 접촉이 확인된 경우가 213명, 감염경로가 불명확해 조사 중인 사례가 152명이었다.      국내 감염이 아닌 해외 유입 사례는 1명 있었다.      이 시각 기준 서울의 코로나19 확진 누적인원은 9만2천293명이다. 이 중 8만518명은 완치 판정을 받고 퇴원했고, 격리치료 대상은 1만1천155명이다. 사망자 수는 18시간 동안 2명이 추가로 파악돼 620명으로 늘었다.      이날 확진자 수 최종 집계치는 다음날인 21일 0시 기준으로 정리돼 오전에 발표된다.      limhwasop@yna.co.kr  (끝)     <저작권자(c) 연합뉴스, 무단 전재-재배포 금지>"
88,5,"2021-09-20","18:38:07","[속보]IAEA 사무총장 ""북한 핵 개발 전력 질주···우려""","라파엘 그로시 국제원자력기구(IAEA) 사무총장이 20일(현지시간) ""북한이 핵 프로그램에 전력을 기울이고 있다”고 평가했다.   그는 이날 열린 ‘제65차 IAEA 총회’에서 “북한에서 플루토늄 분리와 우라늄 농축, 다른 활동들에 대한 작업이 전속력으로 진행되고 있다”고 밝혔다고 로이터 통신이 보도했다.   지난 13일 그로시 사무총장은 IAEA 이사회에서 “영변 핵시설 원자로 재가동 조짐이 보인다. 이는 심각한 문제”라며 북한에 핵 활동 제한에 관한 국제적 의무 준수를 촉구했다.   ▶▶ 코로나19 백신 임상 3상 완료! 박셀바이오 1000% 뛰어 넘는 역대급 바이오! [확인]  ▶▶ [무료공개] 지금 ""1,000만원""만 있어도 당장 ""이것"" 부터 사라!!>>> (무료체험)   ▶▶ [급등임박 공개] ◀◀ 2021년 상반기 ""정부정책 수해주"" TOP 10 긴급공개 >>> (바로확인)     [ⓒ 서울경제, 무단 전재 및 재배포 금지]"
88,6,"2021-09-20","18:37:27","버즈-에너지주는 달러화 강세로 하락, 미국 걸프 생산량 감소로 원유 가격 하락","BUZZ-Energy stocks fall as firm dollar, U.S. Gulf output send crude prices lower .storyContent * {border-color:inherit !important;outline-color:inherit !important;} ** 미국 에너지주가 유가 약세로 인해 하락했는데, 이는 위험 회피가 증시를 짓누르고 달러를 상승시켰으며, 걸프만 석유 생산량이 두 차례의 허리케인의 여파로 다시 온라인으로 돌아옴에 따른 것이다.  ** 브렌트유 LCOc1 2% 하락한 73.87달러, WTI 원유 CLc1 2.3% 하락한 70.31달러에 거래 O/R  ** 석유 메이저 회사인 쉐브론 CVX.N 엑손모빌사 XOM.N 각각 1.6%와 1.9% 감소했다.   ** 석유 및가스 생산업체 대륙 자원 CLR.N, 코노코필립스 COP.N, 다이아몬드백 에너지 FANG.O, 데본 에너지 DVN.N, 마라톤 오일 MRO.N, 오시덴탈 석유 OXY.N 그리고 캘런 석유회사 CPE.N 1.4%에서 5.5% 사이 하락  ** 오일필드 서비스 코스 핼리버튼사 HAL.N 슐럼버거 NV SLB.N 각각 2%와 2.3% 하락했다.  ** 미 달러화 강세는 다른 통화 보유자의 그린백 가격 석유를 더 비싸게 만들며일반적으로 고위험 기피현상을 반영하여 유가에 부담을 주는 경향이 있다.     (Reporting by Arunima Kumar in Bengaluru)  Arunima.Kumar@thomsonreuters.com ; Twitter: https://twitter.com/Aru_Kumar94        (c) Copyright Thomson Reuters 2020. Click For Restrictions - https://agency.reuters.com/en/copyright.html   원문 바로가기    DISCLAIMER  레피니티브의 사전, 서면 승인 없는 톰슨로이터 콘텐츠의 재생산이나 재배포는 금지되어 있습니다. 이 기사의 한국어 번역은 에프앤가이드가 사용하는 기계적 번역에 의한 것으로 톰슨로이터와 레피니티브는 번역의 정확성을 보증하지 않습니다."
88,7,"2021-09-20","18:36:17","BRACKIVIEWS-영국 전력시장 결함 발생 시 빨간불이 켜짐","BREAKINGVIEWS-UK power market deficiencies flash red at bad time .storyContent * {border-color:inherit !important;outline-color:inherit !important;}   런던, 9월 20일 (로이터 브레이킹뷰) - 영국은 에너지 분야를 부양하는 데 수억 파운드를 쓸지도 모른다. 치솟는 물가는 세계적인 문제지만, 영국은 자유주의 시장이 더 많고 대체 전력원은 더 적다. 보리스 존슨이 다른 사람들에게 탄소배출량 감축에 대해 강의할 준비를 하고 있기 때문에 이것은 초라한 모습이다.  전체 뷰가 곧 발행될 것이다.  Follow @gfhay 트위터로     컨텍스트 뉴스  - 영국의 최대 에너지 공급업체가 고유가로 촉발된 위기를 해결하기 위해 정부에 수십억 파운드 규모의 지원책을 추진했다고 파이낸셜 타임스가 9월 20일 보도했다.  - 한 가지 제안은 부실 공급업체로부터 수익성이 없는 고객을 상대할 '배드뱅크'를 만들자는 것이다. 또 다른 선택은 대형 공급업체가고객을 인수함으로써 손실을 입게 된다면 정부가 부채를 상환하는 것이다.  - 업종 내 55개 기업 중 연말까지 6~10개 기업만 서 있을 수 있다고 업계 관계자들은 보고 있다.  - 현물시장에서 평균 가구를 공급하기에 충분한 도매 가스와 전기를 구입하는 데 드는 비용은 연간 약 1,600 파운드로 추산되며, 산업 규제 기관인 Ofgem이 정한 에너지 요금 상한선은 현재 1,277 파운드로 지난달 139 파운드가 인상되었다.            (Editing by Peter Thal Larsen and Karen Kwok)  HAY/  http://bit.ly/BVsubscribe | george.hay@thomsonreuters.com ; Reuters Messaging: george.hay.thomsonreuters.com@reuters.net     (c) Copyright Thomson Reuters 2020. Click For Restrictions - https://agency.reuters.com/en/copyright.html        Keywords: BRITAIN-ENERGY/BREAKINGVIEWS   원문 바로가기    DISCLAIMER  레피니티브의 사전, 서면 승인 없는 톰슨로이터 콘텐츠의 재생산이나 재배포는 금지되어 있습니다. 이 기사의 한국어 번역은 에프앤가이드가 사용하는 기계적 번역에 의한 것으로 톰슨로이터와 레피니티브는 번역의 정확성을 보증하지 않습니다."
89,1,"2021-09-20","18:25:48","광명도시공사 추석명절 공영주차장 무료개방","광명시 공영주차장. 사진제공=광명시  【파이낸셜뉴스 광명=강근주 기자】 광명도시공사가 추석명절을 맞이해 지역주민 및 귀성객 주차 편의를 위해 관내 총 9개 공영 및 부설주차장을 무료 개방한다.   무료로 운영되는 주차장은 철산동 상업지역 제1-2를 비롯해 △철산동 등기소 주변 △철산동 중앙로 주변△하안동 자동차경매장 △하안동 상업지역 제1-2 △광명시청 부설주차장 △광명시민체육관 부설주차장 등 9곳이다. 추석명절 기간인 20일부터 22일까지 3일간 이들 주차장은 무료로 이용할 수 있다.   무료개방 기간에는 주차관리원 없이 자율 운영되니 공영주차장을 이용하는 경우 코로나19 방역수칙 준수, 주차질서 준수, 안전사고 유의, 쓰레기 가져가기 등에 협조해야 한다.  김종석 광명도시공사 사장은 20일 “광명시민과 광명을 방문하는 많은 귀성객이 편리하게 공영주차장을 이용하길 바란다”며 “코로나19 방역지침을 준수하면서 가족과 함께 편안하고 즐거운 한가위를 보내시길 바란다”고 추석인사를 전했다. kkjoo0912@fnnews.com 강근주 기자  ▶1500% 가는 '제2의 HMM' 아직 5000원대 황금株, 급등전 마지막 기회! [클릭] ▶“주식카톡방완전무료 선언” 파격결정  [파이낸셜뉴스 주요뉴스]  → 남편과 사별한 여성, 자기 따라다니던 남자와 결혼했더니.. → ""팬티만 입으라는 지시 받았다"" 그의 소변에는... → 모델 한혜진 ""전 남친, 방송서 男 출연자와 눈 보며대화했다고.."" → '태아 머리가 보인다' 전주 女 사우나서 일어난 일 → 월급 150만원 39세 여성의 어머니 ""내 딸 정도면.."" → 빨간 나라로 가는 노란 티켓 [파인애플]  ● 하루만에 高수익 챙길 ‘초대형’ 백신 대장株! 비밀리에 입수! 1200% ↑↑ (CLICK)  ▶▶[무료공개]◀◀ 지금 ""1,000만원""만 있어도 당장 ""이것""부터 사라!! >>> (무료 체험)   ※ 저작권자 ⓒ 파이낸셜뉴스. 무단 전재-재배포 금지 "
89,2,"2021-09-20","18:25:23","BRIFT-Macau Property Opportunity Fund, 카지노 규정 업데이트 제공","BRIEF-Macau Property Opportunities Fund Provides Update On Casino Regulations .storyContent * {border-color:inherit !important;outline-color:inherit !important;} 9월 20일 (로이터) - 마카오 부동산 기회 기금 Ltd. MPO.L:  마카오 프로펠러 opp 펀드 - 마카오 카지노 규제 관련 업데이트   마카오 부동산 기회 기금 - 최근 개발이 회사 포트폴리오에 미치는 직간접적인 영향을 면밀하게 검토 중   마카오 부동산 기회펀드 Ltd - 불확실성이 마카오에 입국하는 중국 본토 관광객 수에 부정적인 영향을 미치지 않을 것으로 예상됨   마카오 부동산 시장의 자금 조달은 마카오의 국경을 지역 내, 내부 방문객들에게 계속 개방할 것으로 보인다.    Further company coverage: MPO.L  Reuters.Briefs@thomsonreuters.com        (c) Copyright Thomson Reuters 2020. Click For Restrictions - https://agency.reuters.com/en/copyright.html   원문 바로가기    DISCLAIMER  레피니티브의 사전, 서면 승인 없는 톰슨로이터 콘텐츠의 재생산이나 재배포는 금지되어 있습니다. 이 기사의 한국어 번역은 에프앤가이드가 사용하는 기계적 번역에 의한 것으로 톰슨로이터와 레피니티브는번역의 정확성을 보증하지 않습니다."
89,3,"2021-09-20","18:25:13","BUZ-독일 선거는 ESG 점수가 낮은 사람들에게 높은 압박감을 주었다 - JPM","BUZZ-German elections put high pressure on low ESG scorers - JPM .storyContent * {border-color:inherit !important;outline-color:inherit !important;} ** JP모건, 기후변화와 에너지 정책이 다가오는 선거를 앞두고 독일 주식, 특히 환경, 사회, 기업 지배구조(ESG)에서 점수가 좋지 않은 사람들이 영향을 미칠 가능성이가장 높다고 함  ** JPM은 ""우리가 보기에 독일 사회민주당(SPD)+녹색+좌파연합은 독일 기후법 시행을 크게 가속화할 가능성이 가장 높은 연합일 것""이라고 밝혔다.   ** 또한, 핵 유출 정책의 강화뿐만 아니라 더 이른 석탄 출구가 이러한 당사자들의 주요 목표가 될 것이라고 덧붙인다.  ** JPM은 자동차 분야에서 가장 찾기 어려운 절충안을 제시하면서 ""우리는 ESG 점수가 가장 낮은 기업들이 가속화된에너지 전환에 의해 부정적인 영향을 받을 가능성이 높다고 생각한다""고 말했다.  ** 독일의 유틸리티 RWE와 같이 석탄 화력 발전 장치를 보유한 주식들이 여전히 보유하고 있다고 중개업자는 말한다. RWEG.DE, 철강회사 Salzgitter SZGG.DE, 및 티센크루프 TKAG.DE 가장 많이 노출된 만큼 눈에 띄다.  ** BASF를 포함한 화학분야의 리스크를 강조함 BASFn.DE 그리고 화분 광부 K+S. SDFGn.DE  ** 유기농업 확대에 관한 녹색/좌파 의제가 구체화되면 온실가스 가격 상승과 잠재적 수요 위험으로 인해 비료 기업의 리스크가 훨씬더 높아졌다고 JPM은 덧붙였다.   ** BMW BMWG.DE 그리고 랑세스 LXSG.DE JPM은 두 가지 모두 문제가 발생할 가능성이 높은 부문에서 작동하고 있음에도 불구하고 ESG 등급에서 두각을 나타낸다고 말했다.  ** SAP가 표시됨 SAPG.DE 녹색 및 FDP 선거 플랫폼의 일부인 ""디지털화 및 기후 투자""에 초점을 맞출 가능성이 있음     (Reporting by Bartosz Dabrowski)  bartosz.dabrowski@thomsonreuters.com ; +48 58 7696560; ))        (c) Copyright Thomson Reuters 2020. Click For Restrictions - https://agency.reuters.com/en/copyright.html   원문 바로가기    DISCLAIMER  레피니티브의 사전, 서면 승인 없는 톰슨로이터 콘텐츠의 재생산이나 재배포는 금지되어 있습니다. 이 기사의 한국어 번역은 에프앤가이드가 사용하는 기계적 번역에 의한 것으로 톰슨로이터와 레피니티브는 번역의 정확성을 보증하지 않습니다."
89,4,"2021-09-20","18:25:04","BUZ-노르드 보험사: CS는 긍정적인 P&C 추세 속에서 젠시디지를 선호한다.","BUZZ-Nordic insurers: CS prefers Gjensidige amid positive P&C trends .storyContent * {border-color:inherit !important;outline-color:inherit !important;} ** Credit Suisse에 따르면 Gjensidige와 함께 매우 높은 유지율의 도움을 받아 북유럽 지역에 대한 재산 및 상해 추세가 특히 긍정적이라고 한다. GJES.OL 주요수혜자로서.  ** 증권사는 노르웨이 보험사에 대한 선호도를 ""우수""로 재차 강조하여, 해외 영업에서의 이익 개선 잠재력과 강력한 노르웨이 프리미엄 성장세에 영향을 미치고 있다.   ** Gjensidige와 함께 CS는 핀란드 삼포라는 이름을 붙였다. SAMPO.HE 그리고 덴마크의 트리그 TRYG.CO 비록 스웨덴의 인플레이션 압력이 그들 둘 다의 걱정거리이긴 하지만, 그들의 각 가정 시장에서 큰 동료를 능가하는 보험사들로서.  ** 그럼에도 불구하고 중개업소에서 Tryg를 업그레이드함 TRYG.CO 회사의 RSA 인수에 더 긍정적이라고 말하면서 "" 성능 저하""에서 ""중립""으로 전환 그리고 그 회사는 보험금 인플레와 금리 인상에 가장 긍정적으로 적합한 회사라고 본다.  ** 삼포에서는 노르데아 자본수익이 가격이 책정되고 Gjensidige에 비해 조합비 전망이 약해 '중립' 상태를 유지하고 있으며, Topdanmark 등급은 Topdanmark TOP.CO ""성능 저하""는 취약한 인수 진행과 지속적인 시장 점유율 손실로 인한 것이다.             (Reporting by Tommy Lund)  Tommyalexander.lund@thomsonreuters.com        (c) Copyright Thomson Reuters 2020. Click For Restrictions - https://agency.reuters.com/en/copyright.html   원문 바로가기    DISCLAIMER  레피니티브의 사전, 서면 승인 없는 톰슨로이터 콘텐츠의 재생산이나 재배포는 금지되어 있습니다. 이 기사의 한국어 번역은 에프앤가이드가 사용하는기계적 번역에 의한 것으로 톰슨로이터와 레피니티브는 번역의 정확성을 보증하지 않습니다."
89,5,"2021-09-20","18:24:09","이재명측 ""국힘·토건 야합""…추석민심·호남경선 악재 차단","이재명측 ""국힘·토건 야합""…추석민심·호남경선 악재 차단 ""대장동 공영개발, 방화범 잡아 불 끈 것…국힘 커넥션 수사"" 연일 역공         (서울=연합뉴스) 윤지현 기자 = 더불어민주당 대권주자인 이재명 경기도지사 캠프는 20일 대장동 개발 의혹에 대한 야당의 공세에 ""대장동의 실체는 온통 '국민의힘 게이트'""라며 역공을 이어갔다.      이 지사 캠프 측은 호남 경선을 앞둔 시점에서 이번 의혹이 자칫 추석 연휴 밥상머리 민심에 악재가 될 수 있다는 판단에서 파장 확산을차단하기 위해 연일 힘을 쏟고 있다.      특히 대장동 개발 의혹에 국민의힘 의원들이 다수 '연루'된 것을 집중적으로 들추며 사건의 성격을 바꿔놓는데 주력하는 모습이었다.      캠프 송평수 대변인은 이날 논평을 통해 ""성남시 대장동 개발사업과 관련, 이 지사와의 연결고리는 단 하나도 없고, 국민의힘과의 연결고리는 넘쳐나고 있다""고 주장했다.      송 대변인은 국민의힘과 일부 언론이 허위 주장과 허위 보도를 했다고 주장하면서 신영수 전 의원의 동생 관련 업자들, 곽상도 의원 아들, 원유철 전 의원이 각각 투자자나 직원·고문으로 연루됐다는 점을 재차 끄집어냈다.       그러면서 ""이 지사가 민간개발을 그대로 놔뒀으면 신 전 의원 동생과 그 일당이 막대한 개발 이익을 100% 독식했을 것이 명백하다""며 ""국민의힘 세력이 일부 토건 세력과 야합해 대장동을 먹잇감으로 삼은 것""이라고 비판했다.      이어 ""이 지사는 당시 성남시장으로서 그것을 막고 5천503억원 상당액을 성남시민에게 돌려드렸다. 특혜를 준 게 아니다""라며 ""방화범을잡아서 불끈 소방관을 비난할 수는 없는 일""이라고 강조했다.      그러면서 ""속임수는 더 이상 통하지 않는다""며 ""대장동 사업 관련 국민의힘 커넥션과 비리 정황을 수사해 분명히 밝혀야 한다""고 주장했다.      앞서 이 지사 선거대책위는 전날 ""이 지사의 당선을 방해할 목적으로 진위가 확정되지 않은 사실을 사실인 것처럼 공표했다""며 국민의힘김기현 원내대표, 윤창현 의원, 장기표 전 후보를 검찰에 고발하는 등 반격을 이어가고 있다.      이 지사는 이날 ""민간개발 특혜 사업을 막고 5천503억 원을 시민의 이익으로 환수한 '대장동 민간참여 공영개발 사업'에 대해 쏟아지는마타도어를 보며 결심했다""면서 ""아예 법과 제도를 바꿔 택지개발의 공영 개발을 제도화하겠다""며 정면돌파에 나서기도 했다.      yjh@yna.co.kr  (끝)      <저작권자(c) 연합뉴스, 무단 전재-재배포 금지>"
89,6,"2021-09-20","18:23:45","국가도 신용대출을 하나요…새 투자지표로 뜨는 ESG란?","- [기재부 유튜브 ‘야! 너두 경제 알 수 있어’] 국가신용등급 - 국가 신용도 평가…기업·금융기관에도 큰 영향 미쳐 - 한국 ESG 1등급 수준…정보공시 의무화제도 점진 확대    ▶'2차전지'의 신흥강자! 대규모 공급계약 체결! 800% 극비리 재료株  [세종=이데일리 이명철 기자] 기획재정부가 운영하는 유튜브 채널에는 정부의 경제 정책 뿐 아니라 일상생활에서 알아두면 유용한 경제 상식도 소개하고 있다. 최근 핫한 메타버스를 비롯해 기준금리, 국가신용등급 등 유튜브에서 안내하는 콘텐츠를 정리해봤으니 추석 연휴 동안 지식을 뽐내보자.  3년째 백수로 생활하고 있는 하세월(가명)군과 회사를 다니는 직장인 나취직(가명)양이 있다. 하세월군은 살고 있던 전셋집에서 보증금을 올려달라고 해 은행에 대출을 알아봤지만 거절당했다. 반면 나취직양은 비슷한 시기 은행에서 대출을 받아 더 큰집으로 이사하는데 성공했다.     (사진=이미지투데이)    이들이 은행에서 대출을 받거나 받지 못한 결정적 이유는 신용점수의 차이다. 금융회사를 이용하는 사람이라면 누구나 카드 이용 실적, 대금 납부나 연체, 은행 대출 여부 등 일정기간의 거래 행태를 분석해 평점을 매기게 된다. 다시 말해 경제 활동 여부에 따라 신용도가 매겨지고 금융권에서 대출을 받는 지표가 되는 셈이다.  코로나 사태에서 한국 대외신용도 선방  개인 뿐 아니라 국가간에도 신용등급이 있다. 정부가 도로나 철도, 학교 등사회간접자본(SOC)을 세우는 등 예산을 집행하려면 막대한 자금을 투입해야 하는데 사정이 여의치 않으면 외국에서 돈을 빌려야 한다.  만약 돈을 빌려간 나라가 만기가 왔을 때 갚지 못하는 상황에 처할 수도 있는데 국가신용등급이란 이러한 채무 불이행 가능성을 평가하는 것이다.  국가신용등급을 평가하는 3대 신용평가기관은 미국 스탠다드앤푸어스(S&P)와 무디스, 영국 피치가 있다.  이들은 다양한요소를 분석해 국가들의 장·단기 신용등급 평가한다. 등급 항목은 크게 투자적격과 투자부적격으로 나뉘고 10등급으로 세분화한다.   국가신용등급은 사실상 국가의 종합 성적표로 해당 국가 기업이나 금융기관 신용등급에도 큰 영향을 미친다. 국가신용등급이 낮은 평가를 받으면 기업이나 재정이 건전해도 좋은 평가를 받기가 어렵다.  한국의 경우 지난해 코로나19 여파에 외환위기 사태 이후 22년만에 역성장했는데 S&P는 대부분 고소득국가에 비해 양호한 수준이라며 현재 국가신용등급인 AA(안정적)를 유지했다.  반면 작년말 일본·프랑스·벨기에 등 107개 국가의 신용등급은 하향 조정된 바 있다.     기획재정부 유튜브 화면 갈무리. (이미지=기재부 유튜브 채널)    국가신용등급과 관련해 신용부도스와프(CDS) 프리미엄도 알아볼 필요가 있다. CDS 프리미엄이란 부도에 대비한 보험료 성격의 수수료를 의미한다.  국가 신용 위험도가 낮으면 CDS 프리미엄도 낮아지는데 자동차 보험 등 사고 확률이 높을수록 보험료가 비싸지는 것과 비슷한 이치다.   한국의 CDS 프리미엄은 2008년 이후 최저치인데 이를 다시 말하자면 2008년금융위기 이후 한국의 대외 신용도가 최고 수준이라는 것이다. 결국 채권발행자의 신용 위험이 낮아지고 있는 셈이다.  다른 나라와 비교했을 때 한국의 CDS 프리미엄은 17위권이다. 프랑스보다는 낮고 캐나다와 비슷한 수준이다.  일상생활 속 ESG등급 높이기 위한 팁은  최근에는 ESG가 새로운 투자 지표로 떠오르고 있다. ESG란 환경(Environment), 사회(Social), 지배구조(Governance)의 앞글자를 따서 만든용어다.  사회 구조가 빠르게 변화하는 가운데 국가나 기업에 투자하려면 국내총생산(GDP), 매출, 부채 같은 재무정보만으로는 지속 성장을 판단하기 어려워지면서 환경 파괴는 하지 않는지, 사회적 책임을 다하는 지 등 비재무적 요소의 반영 필요성이 높아지고 있다.     기획재정부 유튜브 화면 갈무리. (이미지=기재부 유튜브 채널)    무디스는 최근 전세계 144개국의 ESG 평가보고서 발표한 바 있다. 환경·사회·지배구조 각분야별 세부항목을 나눠 평가하고 점수를 매겨 국가 신용에 미치는 영향을 종합적으로 고려해 ESG 신용영향점수를 5개 등급으로 나눴다. 한국은 미국·일본 등을 제치고 최고등급인 1등급 받았다.   환경·사회 제도에 대한 관심이 커지면서 EGS는 국가신용등급 평가의 주요 지표로 반영될 가능성이 높아졌다.  이미 영국을 시작으로 스웨덴·독일·캐나다·프랑스 등은 ESG 정보공시 의무제도를 도입했다. 국제연합(UN)은 2006년 출발한 유엔책임투자원칙을 통해 ESG를 고려한 사회책임 투자를 장려하고 있다.  우리나라도 2025년부터 자산총액 2조원 이상 유가증권시장(코스피) 상장사에 ESG 정보공시 의무화를 도입한다. 2030년에는 전체 코스피 상장사로 확대한다.  우리도 생활 속에서 ESG를 실천할 수 있다. 에코백·텀블러 등 친환경 제품을 자주사용하면 해당 기업들의 ESG 지표가 높아지고 결국 국가 ESG 지표 또한 올라간 수 있다는 말이다.     ※ 주식은 매도가 생명!! 팔기 전 AI비서에게 물어봐!!  ▶ <세계최초>신약재료+美승인!! 1500%↑터질 역대급 바이오株 (종목확인)  ▶1500% 가는 '제2의 HMM' 아직 5000원대 황금株,급등 전 마지막 기회! [클릭]  ▶▶[무료 공개]◀◀ 지금 ""1,000만원""만 있어도 당장 ""이것""부터 사라!! >>> (무료 체험)  ▶▶주식전문가들의 상승, TOP3 ""테마株"" 종목확인! 선착순 무료! [클릭]         ＜ⓒ종합 경제정보 미디어 이데일리 - 무단전재 & 재배포 금지＞    "
89,7,"2021-09-20","18:22:59","[2보] IAEA 사무총장 ""북한, 핵 프로그램에 전력""","[2보] IAEA 사무총장 ""북한, 핵 프로그램에 전력""         (제네바=연합뉴스) 임은진 특파원 = 라파엘 그로시 국제원자력기구(IAEA) 사무총장은 20일(현지시간) 북한이 핵 프로그램에 ""전력을 기울이고 있다""고 평가했다.      그는 이날 열린 제65차 IAEA 총회에서 ""북한에서 플루토늄 분리와 우라늄 농축, 다른 활동들에 대한 작업을 전속력으로 진행되고 있다""고 밝혔다고 로이터 통신이 보도했다.      앞서 그로시 사무총장은 지난 13일 IAEA 이사회에서 영변 핵시설 원자로 재가동 조짐이 심각한 문제라면서 북한에 핵 활동 제한에 관한국제적 의무 준수를 촉구했다.      engine@yna.co.kr  (끝)      <저작권자(c) 연합뉴스, 무단 전재-재배포 금지>"
90,1,"2021-09-20","18:14:31","유승민 ""'홍준표 지지' 일시적…민주당에겐 내가 더 두렵다""","[머니투데이 김상준 기자] 국민의힘 대권주자 유승민 전 의원이 홍준표 의원의 지지율 상승세에 대해 ' 일시적인 현상'이라고 평가하며 ""민주당 후보들에겐 제가 더 두려운 상대""라고 말했다.   유 전 의원은 20일 대구 불로시장을 방문한 뒤 기자들과 만나 ""최근 2~3주 사이 (홍 의원 지지율이) 많이 올랐는데, 민주당 지지나 젊은층 지지가 일시적으로 몰렸다""고 주장했다.   이어 ""국민의힘 후보 중 윤석열 후보나 홍준표 후보에 비해 아직은 좀 뒤처진다는 것을 안다""면서도 ""홍 후보나 윤석열 후보에 비해 민주당 후보들에게 더 두려운 상대""라고 말했다.   박정희 전 대통령 생가 방문 당시 본인에게 물리력을 행사해 고발당한 시민에 대해선 경찰에 선처를 요청했다고 밝혔다. 앞서 유 전 의원은전날(19일) 경북 구미 박 전 대통령의 생가를 찾았다가 우리공화당·박근혜 전 대통령 지지자들에게 입장을 방해받는 등 곤욕을 치렀다.   유 전 의원은 ""구미경찰서에서 연락이 왔는데, 아마 화면을 보고 누군가 그 분을 고발한 것 같다""며 ""경찰에 '그 분 신원만 파악해두고 선처하시라, 그 분도 추석을 맞으셔야 되는데 추석 직전에 경찰에서 조사받는 모양을 당하지 않도록 그 분은 선처해달라'는 분명한 말씀을 구미경찰서 쪽에 전달했다""고 말했다.   자신을 ""대구의 아들""로 칭하며 대구·경북 지역(TK) 표심에 대한 호소도 이어갔다. 유 전 의원은 ""저는 대구에서 태어나고학교를 다니고, 대구에서 정치한 여야 통틀어 유일한 후보인데, TK에서 지지해주시면 남은 한 달 반동안 충분히 큰 변화가 가능하다""며""마음을 열어주시면 국민의힘 후보가 돼서 반드시 정권을 되찾아 여러분의 한을 풀어드리겠다""고 말했다.     [관련기사] ☞ 타코에 커터칼 세조각 '끔찍'…""배달음식 먹다 입천장 베었다"" ☞ 곽민선 아나, 수원삼성 선수와 열애설…""경기 지는데 네 생각"" ☞ ""점점 야위어가네""…고현정, 다이어트 성공 후 4개월 변천사 ☞ PC방 여직원 기절시켜 돈훔치고 몹쓸짓까지한 50대 ☞ ""용돈 좀"" ""옷 입어라""…목숨 앗아간 명절 칼부림   김상준 기자 awardkim@mt.co.kr    ▶월 0.3%대 최저금리 적용, 키워드림론 간편 신청으로 수익 극대화하자 (신청하기)   빅 사이클 도래! 실적 발표 기대감! 단타, 중,장기를 모두 잡는 엄청난 종목의 등장! [클릭]   ▶급등임박 종목, 일단 뭔지 확인해보고 시작하자◀     [파워 인터뷰]       30배 박셀바이오, 20배 신풍제약, 그리고 '이바이오 종목'   ▶시세 분출 직전 ! 실적 상승 + 재료임박 + 외인대량매집중인 '이 종목' 긴급공개 ◀   기관 외인 바닥권 대량 매집흔적 발견! 급등 임박 大시세 종목 공개!!       <저작권자 ⓒ '돈이 보이는 리얼타임 뉴스' 머니투데이, 무단전재 및 재배포 금지>"
90,2,"2021-09-20","18:14:30","버즈-코퍼 광부들은 달러화 약세로 추락하고, 에버랜드의 우려는 금속 가격을 짓누르고 있다.","BUZZ-Copper miners fall as firm dollar, Evergrande worries weigh on metal prices .storyContent * {border-color:inherit !important;outline-color:inherit !important;} ** 미국 상장 구리 광부들의 전매도 거래에서 하락하여 부분적으로 달러 강세에 따른 금속 가격 약세를 추적함  ** mkt도 중국 부동산개발업체 차이나에버그랑데그룹에 대한 우려로 불안감 해소 3333.HK 지불 능력  ** 런던금속거래소 3개월 구리 CMCU3 8월 23일 이후 최저가인 톤당 9,092달러로 2.4% 하락했다가 GMT 기준으로 톤당 9,113.50달러로 소폭 상승했다. MET/L  ** 광산 거인 리오 틴토 RIO.L, RIO.AX, RIO.N 6% 하락한 63.96달러를 기록했다.  ** 남동주 SCCO.N, Freeport-McMoran FCX.N 및 Teck Resources TECKb.TO, TECK.N 1.6%에서 4.2% 사이에서 미끄러지다  ** 니켈과 함께 다른 금속 가격도 하락 CMNI3 감소 2%, LME 알루미늄CMAL3 배출 1.5%, 아연 CMZN3 1.8%의 미끄러짐 및 리드 CMPB3 6월 23일 이후 최저치를 기록했다.     (Reporting by Arunima Kumar in Bengaluru)  Arunima.Kumar@thomsonreuters.com ; Twitter: https://twitter.com/Aru_Kumar94        (c) Copyright Thomson Reuters 2020. Click For Restrictions - https://agency.reuters.com/en/copyright.html   원문 바로가기    DISCLAIMER  레피니티브의 사전, 서면 승인 없는 톰슨로이터 콘텐츠의 재생산이나 재배포는 금지되어 있습니다. 이 기사의 한국어 번역은 에프앤가이드가 사용하는 기계적 번역에 의한 것으로 톰슨로이터와 레피니티브는 번역의 정확성을 보증하지 않습니다."
90,3,"2021-09-20","18:14:05","BRIF-GSK, 재생 에너지 및 탄소 감축에 5천만 파운드 투자 발표","BRIEF-GSK Announces ￡50m Investment In Renewable Energy And Carbon Reduction .storyContent * {border-color:inherit !important;outline-color:inherit !important;} 9월 20일(로이터) - GlaxoSmithKline PLC GSK.L:  보도자료: gsk는 주요 재생 에너지 투자 및 저탄소 흡입기 프로그램을 발표하며, 생명 과학 분야에서는 nyc 기후 주간에 '영원한' 경쟁률을 보이고 있다.   gsk - 재생 에너지 및 탄소 감축에 대한 5천만 파운드 투자 발표   gsk - 또한 gsk의 탄소 배출의 45%를 책임지는 구조 계량 흡입기로 인한 온실가스 배출 감소 발표   gsk -새로운 프로그램은 2030년까지 기후에 대한 순 제로 영향과 자연에 대한 순 긍정적 영향 달성을 위한 gsk 목표의 전달을 지원한다.    Further company coverage: GSK.L  Reuters.Briefs@thomsonreuters.com        (c) Copyright Thomson Reuters 2020. Click For Restrictions - https://agency.reuters.com/en/copyright.html   원문 바로가기    DISCLAIMER  레피니티브의 사전, 서면 승인 없는 톰슨로이터 콘텐츠의 재생산이나 재배포는 금지되어 있습니다. 이 기사의 한국어 번역은 에프앤가이드가 사용하는 기계적 번역에 의한 것으로 톰슨로이터와 레피니티브는 번역의 정확성을 보증하지 않습니다."
90,4,"2021-09-20","18:13:42","태국 SCG 패키징 3억5300만 달러 베트남 확장 계획","Thailand's SCG Packaging plans $353 mln Vietnam expansion .storyContent * {border-color:inherit !important;outline-color:inherit !important;} 방콕, 9월 20일(로이터) - 태국의 SCG 포장 PCL(SCGP) SCGP.BK 월요일 베트남에서 118억 바트(3억5,393만 달러)의 포장지 사업 확장을 발표하며 수요 증가를 예상했다.   SCGP는 성명에서 ""베트남 북부 빈푹주에 새로운 시설을 건설해 2024년 초에 가동을 시작해 연간 87만톤의 포장지를 생산할 것""이라고 밝혔다.   SCG 패키징과 일본 렝고컴퍼니의 합작사인 비나 크래프트 페이퍼가 운영한다. 3941.T이 중 70%를 SCGP가 보유하고 있다.   위찬 지푸크데 사장은 ""베트남은 내수가 강하고 이 지역에서 중요한 수출기지로서 다국적 기업들이 현지 투자를 하기에는 큰 매력이 있다""고 말했다.   위찬은 2025년까지 베트남 수요가 연평균 6%~7% 성장할 것으로 예상했다.   태국 최대 산업 대기업인 시암시멘트 pcl의 계열사인 SCGP SCC.BK그는 확장 자금을 조달하기 위해 현금과 부채를 사용할 것이라고 말했다.  이 시설은 태국 기업이 동남아시아에서 확장하려는 가장 최근의 움직임으로, 9천8백만 인구의 빠른 성장 국가인 베트남이 가장 바람직한 국가 중 하나이다.   아유디야 Pcl 대출은행 BAY.BK 지난 달은 그렇게 하겠다고 말했다. acquire a consumer finance company, SHB Finance 베트남에서 1억 5천 5백만 달러를 받고   그 대유행은 태국의 대유행을 심하게 강타했다. 8월에 government cut 2021년 경제성장률 전망치는 1.5~2.5%에서 0.7~1.2%로 세 번째다.   지난해 태국 경제는 6.1% 폭락했다.   베트남의 전망은 다음과 같았다. brighter 정부는 최대 4%의 성장을 예상하고 있다.   (Reporting by Chayut Setboonsarng; Editing by Martin Petty)  chayut.setboonsarng@tr.com , Twitter: https://twitter.com/ChayutSet; +66854849033; ))     (c) Copyright Thomson Reuters 2020. Click For Restrictions - https://agency.reuters.com/en/copyright.html        Keywords: SCG PACKAGING-VIETNAM/   원문 바로가기    DISCLAIMER  레피니티브의 사전, 서면 승인 없는 톰슨로이터 콘텐츠의 재생산이나 재배포는 금지되어 있습니다. 이 기사의 한국어 번역은 에프앤가이드가 사용하는 기계적 번역에 의한 것으로 톰슨로이터와 레피니티브는 번역의 정확성을 보증하지 않습니다."
90,5,"2021-09-20","18:13:07","BREAKINGVIEWS-Aussie subs는 전지구적 긴장을 위한 피뢰침이다.","BREAKINGVIEWS-Aussie subs are lightning rod for global tensions .storyContent * {border-color:inherit !important;outline-color:inherit !important;}   멜버른, 9월 20일 (로이터 브레이킹뷰) - 프랑스는 미국에 400억 달러의 방위 계약을 빼앗긴 것에 분개하고 영국은 캔버라와의 EU 무역 협정을 위태롭게 할 수도 있다. 동맹국들간의 마찰은 상업상 중국에 대항하는 연합전선을 형성하는 것을 더 어렵게 만든다.그리고 새로운 안보 조약은 중-미 관계를 녹이려는 시도를 방해한다.  전체 뷰가 곧 발행될 것이다.  Follow @AntonyMCurrie 트위터로    컨텍스트 뉴스   - 9월 20일 댄 테한 호주 통상장관은 400억 달러 규모의 잠수함 거래를 폐기하기로 한 캔버라의 결정에 대한 긴장 완화를 위해 프랑스 외무장관과의 회담을 모색할 것이라고 말했다.   -프랑스는 지난 9월 16일 호주가 2016년 미국과 영국 기술에 기반한 핵추진 선박에 유리한 디젤잠수함에 대해 프랑스와 체결한 계약을 파기하고 나서 호주, 미국과의 관계가 위기에 처했다고 격분했다. 그것은 호주, 영국, 미국을 위해 AUKUS라고 불린 세 나라 사이의 새로운 3국 안보 협정의 일부분이다.   - 9월 17일 프랑스는 미국과 호주에서 온 자국 대사들을 소환하여 호주가 유럽과의 자유무역협정(FTA) 체결에 대한 우려를 불러일으켰다.   -프랑스는 이번 주 런던에서 열릴 예정이던 플로렌스 팔리 미 육군 장관과 벤 월리스 영국 국방장관의 회담을 취소했다고 로이터통신이 2명의 소식통을 인용해 19일 보도했다.      (Editing by Swaha Pattanaik and Katrina Hamlin)  CURRIE/  http://bit.ly/BVsubscribe | antony.currie@thomsonreuters.com ; Reuters Messaging: antony.currie.thomsonreuters.com@reuters.net     (c) Copyright Thomson Reuters 2020. Click For Restrictions - https://agency.reuters.com/en/copyright.html        Keywords: AUSTRALIA-POLITICS/BREAKINGVIEWS   원문 바로가기    DISCLAIMER  레피니티브의 사전, 서면 승인 없는 톰슨로이터 콘텐츠의 재생산이나 재배포는 금지되어 있습니다. 이 기사의 한국어 번역은 에프앤가이드가 사용하는 기계적 번역에 의한 것으로 톰슨로이터와 레피니티브는 번역의 정확성을 보증하지 않습니다."
90,6,"2021-09-20","18:12:22","1000가구 이상 대단지 아파트 연이은 '흥행'","[파이낸셜뉴스] 최근 분양시장에서 1000가구 이상 대단지 아파트들이 1순위 마감 행진을 이어가고 있다. 20일 한국부동산원 청약홈에 따르면 지난 6월부터 지난달까지 1순위청약을 실시한 1000가구 이상의 대단지 10여 곳을 전수 조사한 결과, 단 한곳을 제외한 모든 단지들이 1순위 마감에 성공했다. 2000가구 이상이 넘는 초대형 단지는 모두 1순위 마감했다. 대단지 아파트들의 주거 쾌적성과 우수한 커뮤니티 및 편의시설을 갖춘 것이 주요인으로분석된다. 1000가구 이상 대단지 아파트는 '도시공원 및 녹지 등에 관한 법률'에 따라 개발 부지의 5% 또는 가구당 3㎡이상을 의무적으로 공원이나 녹지로 조성해야 한다. 주거 생활의 필수 요소로 떠오른 조경시설과 녹지환경을 더욱 크게 누릴 수 있는 셈이다. 또 대단지 아파트는 가구 수가 월등하게 많아 소규모 단지에 비해 관리비가 저렴하다. 이를 바탕으로 소규모 단지와는 비교가 안되는 차별화된 커뮤니티와 편의시설들이 단지내 조성될 수 있다. 소규모 단지와 비교했을 때 압도적인 규모와 외관을 자랑하는 것도 한 요인이다. 부동산업계 관계자는 ""1000가구 이상의 대단지는 높은 주거 쾌적성과 대부분의 단지에서는 보기 힘든 다채로운 커뮤니티와 편의시설을 필두로인기를 이어가고 있다""며 ""특히 대단지 아파트들의 경우 지역을 대표하는 랜드마크로 자리잡으며, 풍부한 대기 수요를 갖춰 지역시세를 견인하는 경우가 많다""고 말했다. 올 가을에도 2000가구 이상의 대단지 아파트가 공급을 앞두고 있어 1순위 마감 행진을이어갈 지 주목된다.계룡건설 컨소시엄은 오는 10월 대전 동구 천동3구역 주거환경개선사업을 통해 '리더스시티'를 공급한다.  ssuccu@fnnews.com 김서연 기자  ▶1500% 가는 '제2의 HMM' 아직 5000원대 황금株, 급등 전 마지막 기회! [클릭] ▶“주식카톡방 완전무료 선언” 파격결정  [파이낸셜뉴스주요뉴스]  → 남편과 사별한 여성, 자기 따라다니던 남자와 결혼했더니.. → ""팬티만 입으라는 지시 받았다"" 그의 소변에는... → 모델한혜진 ""전 남친, 방송서 男 출연자와 눈 보며 대화했다고.."" → '태아 머리가 보인다' 전주 女 사우나서 일어난 일 → 월급 150만원 39세 여성의 어머니 ""내 딸 정도면.."" → 빨간 나라로 가는 노란 티켓 [파인애플]  ● 하루만에 高수익 챙길 ‘초대형’ 백신 대장株! 비밀리에 입수! 1200% ↑↑ (CLICK)  ▶▶[무료공개]◀◀ 지금 ""1,000만원""만 있어도 당장 ""이것""부터 사라!! >>> (무료 체험)   ※ 저작권자 ⓒ 파이낸셜뉴스.무단 전재-재배포 금지 "
90,7,"2021-09-20","18:12:10","BUZ-유럽 명품주 슬라이드 추적 HK 또래들","BUZZ-European luxury stocks slide tracking HK peers .storyContent * {border-color:inherit !important;outline-color:inherit !important;} ** 유럽 명품주 월요일 2%~4% 하락, 홍콩내 동종주 추적  ** 홍콩 상장 명품주 프라다 주식 1913.HK, , 루크후크 0590.HK, 주태 1929.HK 황제의 시계와 보석류 0887.HK 부동산 개발업체인 차이나 에버그랑드 그룹의 애로사항으로 3.1~4.7% 하락했다. 3333.HK 다른 부문에 쏟아진.   ** "" 럭셔리도 때렸나? 닐 윌슨 Markets.com은 ""중국 투자자들은 모피코트에 비해 포트폴리오가 크게 타격을 받고 있다""고 말했다.  ** JP Morgan은 ""지난주의 하락폭은 소매판매 데이터 약세, COVID-19 발생, 마카오 규제 증가, 현 거래에 대한 우려 등으로 중국 뉴스 흐름에 대한 불안감에 이끌려 7% 하락하는 사치성 이름을 추가했다""고 밝혔다.  ** 리치몬트 CFR.S스와치 UHR.S에르메스 HRMS.PA버버리 BRBY.L, LVMH LVMH.PA, Tod's TOD.MI, 케링 PRTP.PA 모두 2-4% 하락했다.     anna.pruchnicka@tr.com        (c) Copyright Thomson Reuters 2020. Click For Restrictions - https://agency.reuters.com/en/copyright.html   원문 바로가기    DISCLAIMER  레피니티브의 사전, 서면 승인 없는 톰슨로이터 콘텐츠의 재생산이나 재배포는 금지되어 있습니다. 이 기사의 한국어 번역은 에프앤가이드가 사용하는 기계적 번역에 의한 것으로 톰슨로이터와 레피니티브는 번역의 정확성을 보증하지 않습니다."
91,1,"2021-09-20","18:00:00","메르켈의 투표에 의해 그녀의 후계자를 선택하도록 허락된 시리아 이주민들","Syrian migrants allowed in by Merkel vote to choose her successor .storyContent * {border-color:inherit !important;outline-color:inherit !important;}  베를린, 9월 20일 (로이터) - 타렉 사드는 고국에서 전쟁을 피해 탈출한 다른 시리아 난민들이 독일에 새로운 터전을 마련할수 있도록 돕는데 열심이고, 그는 9월 26일 연방선거를 바로 그런 기회로 보고 있다.  사드는 시리아에서 살아남은 두 발의 총상을 입고 독일에 도착한 지 2년 만인 2016년 입당한 사민당(SPD)을 위해 발트해 연안의 자신이 입양한 주 슐레스비히홀슈타인에서 선거운동을 하고 있다.  ""내 삶을 힘들게 하는 것들이 다른 사람들도 괴롭히고 있을 거라고 생각했어. 이들을 최대한 빨리 극복하려면 정당에 있어야 한다""고 말했다.  ""우리 부모님은 (시리아에서) 오랜 시간 동안 다른 정치 체제 아래서 살았었는데... 많은 난민을 좋아하는 사드는 독일 시민권자로서 처음으로 투표할 것이라며 (독일에서는) 새로운 세대를 발전시킬 수 있는 기회라고 말했다.  앙겔라 메르켈 총리가 2015년수십만 명의 시리아 난민에게 문호를 개방하기로 한 것은 2017년 독일의 마지막 연방선거 캠페인의 결정적 쟁점이었다.  새로 귀화한 모든 난민들이 그들의 투표 의도에 대해 Saad만큼 명확한 것은 아니다.  스위스 국경 인근 싱겐 마을에 사는 마허 오바이드(29)는 ""이번기회를 갖게 돼 기쁘지만 조심스럽고 어쩌면 투표하지 않을 수도 있다""고 말했다.  2019년 귀화한 오바이드는 외교정책 문제, 특히 시리아에 대한 당사국들의 명확성 부족이 그의 망설임 이면에 있다고 말했다.     참여하기  독일 시민권을 취득한 시리아인의 수는 2020년 6700명으로 74%나 증가한 것으로 연방 통계에 나타났다. 시리아 난민 총수는 70만 명이 넘을 정도로 훨씬 많을 것으로 추산되지만 시민권을 얻으려면 시간과 노력이 필요하다.  통합 및 이주에 관한 전문가 협의회(SVR)의 2020년 조사 결과 2017년 이주 경험이 있는 독일인의 65%만이 투표한 것으로 나타났으며, 독일 태생의 86%는 반대였다.  언어 유창성과 사회경제적 상황은 체류 기간과 함께 이주민의 참여를 결정하는 두 가지 요인이었던 것으로 이 연구는 밝혀냈다.  ""사람이 독일에 오래 있을수록... 그들은 이해심을 느끼고 정치생활에 참여할 수 있는 가능성이 더 높다""고 이 보고서는 말했다.  역사적으로 게스트 직원으로 온 남유럽과 터키 출신 이민자들은 사민당을 자신들의 이익을 가장 잘 대변하는 정당으로 본 것으로 DIW 연구소의 연구결과 나타났다.  이와는 대조적으로 시리아인들은 대다수가 독일에 도착한 2013년부터 2016년까지 이주 정책을 수립한 메르켈의 보수주의자들을 지지할 가능성이 더 높았던 것으로 이 연구는 밝혀냈다.   그러나 메르켈 총리가 16년 만에 정계에서 물러나면서 많은 시리아인들은 이제 다른 계산을 하고 있다.   ""시리아인들은매우 똑똑해야 한다... 2019년 귀화한 라이프치히의 압둘아지즈 라마단 이주통합기구 대표는 메르켈 총리가 한 일은 맞지만 후임은 뭘 하고있느냐고 물었다.  '시리아 이민자' 단체 회원들간의 비공식 여론조사는 만약 그들이 투표할 자격이 있다면 대부분이 SPD에 투표할 것이고, 그 다음이 그린스에 투표할 것이라는 것을 보여주었다. '상관없다'는 옵션이 세 번째 선택이었다.  남서부 프리부르크시에 살고 있는 의사 마흐무드 알 쿠타판은 2017년 선거에서 투표하기 위해 제때 귀화한 몇 안 되는 시리아인 중 한 명이다.  ""감정 때문에 그때 나는 부인의 파티에 투표했다. 메르켈 총리는 난민을 지지했기 때문이라고 말했다.   그는 그 결정을 후회하지는 않았지만, 다른 많은 독일 유권자들이 Merkel 이후의 시대를 하락하락이 생각하는 것처럼, 이번에는 어떻게 투표해야 할지 확신하지 못한다.   ""선거일이다가오고 있지만 나는 솔직히 아직 결정하지 않았다.""      (Reporting by Riham AlkousaaEditing by Tomasz Janowski and Gareth Jones)  Riham.Alkousaa@thomsonreuters.com     (c) Copyright Thomson Reuters 2020. Click For Restrictions - https://agency.reuters.com/en/copyright.html        Keywords: GERMANY-ELECTION/SYRIANS (TV, PIX)   원문 바로가기    DISCLAIMER  레피니티브의 사전, 서면 승인 없는 톰슨로이터 콘텐츠의 재생산이나 재배포는 금지되어 있습니다. 이 기사의 한국어 번역은 에프앤가이드가 사용하는 기계적 번역에 의한 것으로 톰슨로이터와 레피니티브는 번역의 정확성을보증하지 않습니다."
91,2,"2021-09-20","17:59:18","MEDIA-Blueground는 WestCap, Geolo 투자로서 7억 5천만 달러의 가치를 평가한다 - 블룸버그 뉴스","MEDIA-Blueground nabs $750 mln valuation as WestCap, Geolo invest - Bloomberg News .storyContent * {border-color:inherit !important;outline-color:inherit !important;} -- 원본링크: https://bloom.bg/3AsxVHw  -- 참고: 로이터통신은 이 사연을 검증하지 않았으며 정확성을 보증하지 않고 있다.     globalnewsmonitoring@thomsonreuters.com        (c) Copyright Thomson Reuters 2020. Click For Restrictions - https://agency.reuters.com/en/copyright.html   원문 바로가기    DISCLAIMER  레피니티브의 사전, 서면 승인 없는 톰슨로이터 콘텐츠의 재생산이나 재배포는 금지되어 있습니다. 이 기사의 한국어 번역은에프앤가이드가 사용하는 기계적 번역에 의한 것으로 톰슨로이터와 레피니티브는 번역의 정확성을 보증하지 않습니다."
91,3,"2021-09-20","17:59:08","위기의 20대 '은행 빚만 33조'···치솟는 전월세에 '휘청'","코로나19 발생 이후 20대의 가계대출 잔액이 전체 세대에 견줘 2배 넘게 빠르게 늘었다. 특히 치솟는 전월세 비용을 마련하기 위한 대출이 급증했다. 전월세 가격은 지난해 새 임대차법 시행 이후 가파르게 상승하고 있다.    20일 국회 정무위원회 소속 더불어민주당 소속 민형배 의원이 공개한 금융감독원의 자료를 보면 올해 6월 말 현재 만 19세 이상 만 29세미만의 은행권 가계대출잔액은 33조 4,166억원이다. 코로나19 확산 이전인 2019년 말 현재 잔액 24조 7,243억원보다 35.2% 급증한 규모다.   20대의 대출 증가는 다른 연령대에 비해 가파르다. 이 기간 전체 연령대의 가계대출 대출잔액은 765조 6,000억원에서 879조 원으로 14.8% 증가했다.   눈길을 끄는 것은 20대가 주택임차(전·월세)에 쓴다고 밝힌 대출의 잔액은 15조 4,949억원으로 1년 반 만에 59.4% 불었다. 치솟는 전월세에 주거비 대출이 크게 늘어난 것이다.   코로나19 이후 30대 대출잔액 증가 속도는 20대보다는 낮았지만 추이는 비슷하게 나타났다.   만 29세 이상 39세 미만의 은행권 가계대출 잔액은 2019년 말 163조 7,000억원에서 올해 6월 말 202조 5,000억원으로 23.7% 증가했다. 전체 세대 증가율의 2배에 가깝다.            ▶▶ 코로나19 백신 임상 3상 완료! 박셀바이오 1000% 뛰어 넘는 역대급 바이오! [확인]  ▶▶ [무료공개] 지금 ""1,000만원""만 있어도 당장 ""이것"" 부터 사라!!>>> (무료체험)   ▶▶ [급등임박 공개] ◀◀ 2021년 상반기 ""정부정책 수해주"" TOP 10 긴급공개 >>> (바로확인)     [ⓒ 서울경제, 무단 전재 및 재배포 금지]"
91,4,"2021-09-20","17:56:39","위기의 20대 '은행 빚만 33조'···치솟는 전월세에 '휘청'","Global sell-off, BoE uncertainty, gas prices push sterling lower .storyContent * {border-color:inherit !important;outline-color:inherit !important;}  런던, 9월 20일 (로이터) - 스털링은 지난 월요일 중국의 에버랜드가 위험지향 통화에 타격을 입으면서 달러 대비 1개월 만에 최저치를 기록했고 영국은행의 통화정책에 대한 불확실성과 유가 급등도 영향을 미쳤다.  GMT 0827 파운드 GBP=D3 달러 대비 약 0.5% 하락한 1.362달러로 8월 23일 이후 최저치를 기록했다. 유로 대비 GBPEUR=스털링은 0.32% 내린 0.8561펜스로 9월 9일 이후 최저치를 기록하지 못했다.   세계에서 가장 부채가 많은 부동산 개발업체인 중국의 에버랜드가 11년 만에 최저치로 폭락한 아시아에서의 매각이 범유럽 STOXX 600으로유럽으로 확산되었다. .STOXX 1.90%, 런던 FTSE 100 1.55% 하락.   투자자들은 달러와 함께 4주만에 최고치를 기록한 그린백의 안전한 피난처로 눈을 돌렸다. =USD 지수 93.4.   제러미 스트레치 CIBC 캐피털 마켓츠 G10 FX 전략 담당자는 ""우리가 보고 있는 것은 위험 통화가 전반적으로 타격을 받고 있다는 것""이라고 말했다.  그는 또 ""유가 급등으로 추가 역풍이 불면서 영국 통화에도 국내 요인이 작용하고 있다""고 덧붙였다.   영국은 도매가격이 급등하자 에너지 기업에 국가 지원 대출을 제공하는 방안을 검토 중이어서 대형 공급사들이 파산한 기업의 고객들을 떠맡는 비용을 충당하기 위해 정부에 지원을 요청하고 있다.   무역업자들의 또 다른 골칫거리는 목요일 영국은행 회의에서 통화정책의 미래에 대해 나타날 수 있는 것과 관련된 불확실성이었다.  스트레이트는 ""시장은 BoE의 비교적 매파적인 어조를 예상해 왔다""면서 ""최근 경기회복에 대한 리스크가 서서히 증가하고 있으며 투자자들이 통화강화에 대한 장기 베팅을재고할 수도 있다""고 덧붙였다.   다음 주에 COVID-19 경기부양 계획의 조기 종료를 위해 투표할 유혹을 받을 수도 있는 BoE 금리결정자들은 경기가 둔화되고 있지만 인플레이션이 치솟는 등 당분간 보류할 가능성이 높다.  지난 달, 마이클 손더스는 영국 중앙은행의 국채매입에 대한 조기 종결에 투표한 유일한 금통위원으로, 지속적인 매수가 향후 보다 적극적인 통화정책 강화의 위험을 무릅쓴다는 것을 근거로 들었다.  이후 앤드루 베일리 BoE 총재는 지난달 투표한 8명의 MPC 위원 중 4명(본인도 포함)이 금리 인상 가능성을 검토하기 위해 일부 초기 조건을 충족했다고 생각했다고 밝혔다.   (Reporting by Julien Ponthus; Editing by Emelia Sithole-Matarise)  Joice.Alves@thomsonreuters.com ; +442075422345) )     (c) Copyright Thomson Reuters 2020. Click For Restrictions - https://agency.reuters.com/en/copyright.html        Keywords: BRITAIN-STERLING/ (PIX)   원문 바로가기    DISCLAIMER  레피니티브의 사전, 서면 승인 없는 톰슨로이터 콘텐츠의 재생산이나 재배포는 금지되어 있습니다. 이기사의 한국어 번역은 에프앤가이드가 사용하는 기계적 번역에 의한 것으로 톰슨로이터와 레피니티브는 번역의 정확성을 보증하지 않습니다."
91,5,"2021-09-20","17:56:01","슈퍼마켓·잡화점 판매액 5개월만에 증가세…대형마트보단 적어","슈퍼마켓과 잡화점 판매액이 5개월 만에 증가했지만 백화점 등 대형 유통업체보다는 증가 폭이 작은 것으로 나타났다.  20일 통계청에 따르면 지난 7월 소매판매액은 43조3000억원으로 지난해 같은 달보다 11.6% 증가했다. 올해 1월부터 7개월 연속 증가세다.이중 슈퍼마켓과 잡화점의 7월 판매액은 3조9000억원으로 4.0% 늘어 증가 폭이 가장 작았다. 슈퍼마켓과 잡화점의 월별 판매액은 올해 3월부터6월까지 4개월 연속 감소하다가 5개월 만에 증가세로 돌아섰다.반면 인터넷쇼핑·홈쇼핑·배달 등 무점포소매 판매액이 9조4000억원으로 18.2% 늘어 증가 폭이 가장 컸다. 무점포소매 판매액은 지난해 12월(9조6000억원)에 이어 역대 두 번째로 많았다.이어 대형마트(12.4%), 백화점(12.1%), 편의점(7.7%), 전문소매점(7.2%), 면세점(5.2%) 등의 순으로 판매액 증가율이 높았다. 백화점과 대형마트, 면세점 등 대형 유통업체들의 월별 판매액은 지난 2월부터 6개월 연속 증가세를 지속했다.  정해용 기자 jhy@chosunbiz.com   Copyrights ⓒ ChosunBiz.com"
91,6,"2021-09-20","17:55:36","[속보] IAEA 사무총장 ""북한 핵 개발 전력 질주""","[최기성 매경닷컴 기자]    ☞ [매경증권센터] 이시각 증시는? ☞ [이시각 증시는] 거래소, 코스닥 시황 종합 ☞ [이 시각 특징주] 투자자별 매매동향, 이슈 테마!! ☞ [증권사 리포트] 최신 증권사 리포트 요약 ☞ 동학개미운동! 주식 초보투자자들의 성공백서! 톡스타!! ☞ 수익률 & 성공투자! ""톡스타""가 함께 합니다   [ⓒ 매일경제 & mk.co.kr, 무단전재 및 재배포 금지]"
91,7,"2021-09-20","17:55:32","BUZ-COMMENT-스펙레이터는 GBP가 재산 경고를 전달하기를 원할 수 있다.","BUZZ-COMMENT-Speculators may wish GBP carried a wealth warning .storyContent * {border-color:inherit !important;outline-color:inherit !important;} 9월 20일 (로이터) - 담배갑은흡연이 건강에 해롭다는 경고를 오랫동안 지니고 있었지만, 일부 외환 투기꾼들은 흡연이 당신의 재산에 해로울 수 있다는 경고를 지니고 있기를 바랄지도 모른다.   금요일의 공정위의 자료에 따르면 IMM 투기꾼들은 9월 14일에 마감된 주에 4주 동안 순 GBP 장기로 전환했으며 총 GBP 장수는 4만 4,161건으로 14,813건 증가했으며 총 GBP 반바지는 3만 9,371건으로 14,501건 감소했다고 한다.   2020 년 7월 이후 가장 큰 순 GBP에서 순 GBP 장점으로의 전환은 9월 14일 5주 반 만에 최고치인 1.3913에서 월요일에는 4주 만에 최저치인 1.362 로 떨어지기 전이었다.   GBP/USD는 연방준비제도이사회(Federal Federation)와 영국은행(Bank of England)이 각각 수요일과 목요일에발표한 통화정책 발표 덕분에 이번 주 후반 추가 변동성을 예상하고 있다.   관련 주석/열:     자세한 내용을 보려면 을 클릭하십시오. FXBUZ   (Robert Howard is a Reuters market analyst. The views expressed are his own)  robert.howard@thomsonreuters.com        (c) Copyright Thomson Reuters 2020. Click For Restrictions - https://agency.reuters.com/en/copyright.html   원문 바로가기    DISCLAIMER  레피니티브의 사전, 서면 승인 없는 톰슨로이터 콘텐츠의 재생산이나 재배포는 금지되어 있습니다. 이 기사의 한국어 번역은 에프앤가이드가 사용하는 기계적 번역에 의한 것으로 톰슨로이터와 레피니티브는 번역의 정확성을 보증하지 않습니다."
92,1,"2021-09-20","17:40:02","BISM-Repsol, 바스크 지역의 페트로노르 정유소에 2.5MW급 전해액 설치","BRIEF-Repsol To Install 2.5 MW Electrolyzer At Its Petronor Refinery In Basque Country-Region .storyContent * {border-color:inherit !important;outline-color:inherit !important;} 9월 20일(로이터) - Repsol SA REP.MC:  페트로노르 정유 공장에서 재생 가능한 수소를 생산하기 위해 바스크에 2.5 mw 용량의 첫 번째 전해액을 설치한다.   전해질에는 890만 유로가 투자되며 2022년 하반기부터 가동될 예정이다.   Further company coverage: REP.MC  (Gdansk Newsroom)  gdansk.newsroom@thomsonreuters.com ; +48 58 769 66 00; ))        (c) Copyright Thomson Reuters 2020. Click For Restrictions - https://agency.reuters.com/en/copyright.html   원문 바로가기    DISCLAIMER  레피니티브의 사전, 서면 승인 없는 톰슨로이터 콘텐츠의 재생산이나 재배포는 금지되어 있습니다. 이 기사의 한국어 번역은 에프앤가이드가 사용하는 기계적 번역에 의한 것으로 톰슨로이터와 레피니티브는 번역의 정확성을 보증하지 않습니다."
92,2,"2021-09-20","17:39:26","Brief-Monto TV, C.B.와 함께 MeteoHeroes에 대한 판매 계약서 서명f","BRIEF-Mondo TV Signs Licensing, Merchandising Deal On MeteoHeroes With C.B.F. .storyContent * {border-color:inherit !important;outline-color:inherit !important;} 9월 20일(로이터) - 몬도 TV 스파 MTV.MI:  C.B.F. & 풍선 공장과의 이탈리아 라이센스 및 판매 계약   기상 TV 시리즈의 등장인물이 등장하는 ""파티"" 카테고리의 일부 제품 라이센스 하에 제작 및 마케팅을 다룬다.    Further company coverage: MTV.MI  (Gdansk newsroom)  Gdansk.newsroom@thomsonreuters.com ; +48 58 7696600; ))        (c) Copyright Thomson Reuters 2020. Click For Restrictions - https://agency.reuters.com/en/copyright.html   원문 바로가기    DISCLAIMER  레피니티브의 사전, 서면 승인 없는 톰슨로이터 콘텐츠의 재생산이나 재배포는 금지되어 있습니다. 이 기사의 한국어 번역은 에프앤가이드가 사용하는 기계적 번역에 의한 것으로 톰슨로이터와 레피니티브는 번역의 정확성을 보증하지 않습니다."
92,3,"2021-09-20","17:39:12","홍준표 ""대장동 특검"" 이재명 ""공영개발 제도화"" 맞불","'대장동 개발 논란'이 추석 연휴 민심을 흔들고 있다. 국민의힘 대선주자인 홍준표 의원은 20일 대장동 개발 현장을 찾아 '몸통은 이재명'이라며 특검을 주장했다. 반면 '후보 사퇴'까지 내건 이재명 경기도지사는 전날 김기현 국민의힘 원내대표 등을 고발한데 이어 대장동 개발 모델을 전국으로 확대해 실시하겠다며 맞불을 놓았다. 이날 홍준표 의원은 경기도 성남시 분당구 대장동을 찾아 ""LH 신도시 투기사건 보다더 정교한 성남시 주도의 조직적 비리로 보여진다""며 ""대통령이 되면 관련자는 그 누구라도 모두 엄단하고 부당이득은 모두 국고로 환수 하도록 하겠다""고 말했다.  그는 ""제가 대통령이 되면 정치보복 안한다고 했다. 그런데 이 사건 만큼은 대통령이 되면 여야 가리지 않겠다""며 ""지금이라도 특검을 시작을 하면 3~4개월 내 이 진상을 밝힐 수 있을 것""이라고 했다. 그는 현장 방문전 페이스북을 통해선 ""누가 뭐래도 대장동 비리의 핵심은 그걸 추진한 주체인 바로 그대(이재명 지사)""라며 ""결백 하다면 스스로 특검을 국회에 요청하라""고 촉구했다. 또한""(이 지사 윤석열 전 검찰총장을)윤 십원이라고 그렇게 야유하고 놀리더니 자칫하다간 이 일원이 되는 수도 있다""고 비꼬기도 했다. 이런 압박에 대해 이재명 경기도지사는 대장동 논란과의 연관성을 부인하면서 정면돌파 의지를 보였다. 대장동 사업 모델을 전국 택지 개발로 확대하겠다고 약속한 것이다. 이 지사는 앞서 대장동 사업이 민간개발이익을 공공으로 환수한 '모범행정'이라고 강조해온 바 있다. 이 지사는 이날 페이스북에서 ""민간개발특혜 사업을 막고 5503억 원을 시민의 이익으로 환수한 '대장동 민간참여 공영개발 사업'에 대해 쏟아지는 마타도어를 보며 결심한다""며 ""아예 법과 제도를 바꿔 택지개발의 공영 개발을 제도화하겠다""고 밝혔다.  그는 ""경기도에서 제도화한 '공공개발이익 도민환원제'가 전국 표준이 될 수 있도록 하겠다""며 ""성남시장, 경기도지사로서 일관되게 지켜온 그 원칙, 이제 대한민국에서 실현해보겠다""고 했다. 이재명 캠프 수석대변인인 박찬대 대변인은 전날 밤 서울중앙지방검찰청을 방문해 의혹을 제기에 동참한 김기현 원내대표, 윤창현 의원, 장기표 전 국민의힘 대선 후보를 고발했다. 이 지사의 당선 방해를 목적으로 허위사실을 유포해 공직선거법과 정보통신망법을 위반했다는 것이다.  이처럼 양측이 치열하게 공방을 벌이는 이유는 이른바 추석 '밥상머리' 민심을 의식한 것으로 풀이된다. 이 지사의 경우 더불어민주당 대선 경선의 분수령이 될 호남 지역 투표가 당장 21일부터 시작된다. 야권뿐만 아니라 당내 경쟁자인 이낙연 전 민주당 대표 측의 공세까지 더해진 상황에서 여론전에서 밀리지 않기 위함으로 보인다. 홍 의원 역시 윤 전 검찰과의 경쟁에서 앞서 나가기 위해'이재명 때리기'의 선봉 역할을 하는 모양새다.  [이석희 기자]    ☞ [매경증권센터] 이시각 증시는? ☞ [이시각 증시는] 거래소, 코스닥 시황 종합 ☞ [이 시각 특징주] 투자자별 매매동향, 이슈 테마!! ☞ [증권사 리포트] 최신 증권사 리포트 요약 ☞ 동학개미운동! 주식 초보투자자들의 성공백서! 톡스타!! ☞ 수익률 & 성공투자! ""톡스타""가 함께 합니다   [ⓒ 매일경제 & mk.co.kr, 무단전재 및 재배포 금지]"
92,4,"2021-09-20","17:38:47","""걸음마 수준 부실한 무기""…한국 SLBM 깎아내린 北","북한이 우리 군의 잠수함발사탄도미사일(SLBM)에 대해 ""위협적인 수단으로 받아들일 단계는 아니라""며 평가절하했다. 또한 미국이 호주에 핵잠수함 건조기술을 이전하기로 한 것에 대해선 맹비난하며 대응조치를 내놓을 수 있다고 경고했다. 최근 한미의 군사 행동에 불편한 기색을숨기지 않는 모양새다. 20일 북한 국방과학원의 장창하 원장은 조선중앙통신에 ""남조선이 공개한 자국 기술의 잠수함발사탄도미사일은 전쟁에서 효과적인 공격 수단으로는 될 수 없을 것""이라며 ""전략 전술적인 가치가 있는 무기로 받아들일 단계는 아니다""라고 했다. 장 원장은 ""초보적인 걸음마 단계 수준에 불과하다""며 ""분명 잠수발사 탄도미사일이 아니었다. 사거리가 500㎞ 미만인 전술탄도미사일로 판단한다""고 평가절하했다.  그러나 우리 군이 지난 15일 공개한 SLBM 발사시험은 수중에서 발사돼 목표물을 명중시켰다. SLBM 수중발사 성공은 세계에서 7번째다.  한편 북한은 미국의 핵잠수함 기술 이전에 대해서도 날카로운 반응을 보였다. 외무성 대외보도실장은 이날 조선중앙통신과의 문답 기사에서 ""미국이 영국, 호주와 3자 안보협력체를 수립하고 호주에 핵추진잠수함 건조 기술을 이전하기로 한 것은 아태지역의 전략적 균형을 파괴하고 연쇄적인 핵 군비 경쟁을 유발시키는 매우 재미없고 위험천만한 행위""라고 비난했다.  그러면서 ""우리는 미국이 이러한 결정을 내린 배경과 전망에 대하여 엄밀히 분석하고 있으며 우리 국가의 안전에 조금이라도 부정적 영향을 미치는 경우 반드시 상응한 대응을 하게 될 것""이라고 밝혔다. 미국은 지난 15일(현지시간) 영국, 호주와 안보동맹 '오커스(AUKUS)'를 결성하면서 호주 해군에 핵잠수함기술을 이전하기로 한 바 있다. 이에 대응해 북한 역시 핵기술 이전에 나서거나 중단했던 ICBM 등의 시험발사에 나서는 것이 아니냐는 우려가 제기되고 있다.  [이석희 기자]    ☞ [매경증권센터] 이시각 증시는? ☞ [이시각 증시는] 거래소, 코스닥 시황 종합 ☞ [이 시각 특징주] 투자자별 매매동향, 이슈 테마!! ☞ [증권사 리포트] 최신 증권사 리포트 요약 ☞ 동학개미운동! 주식 초보투자자들의 성공백서! 톡스타!! ☞ 수익률 & 성공투자! ""톡스타""가 함께 합니다   [ⓒ 매일경제 & mk.co.kr, 무단전재 및 재배포 금지]"
92,5,"2021-09-20","17:38:17","""테슬라 경고""…美교통당국, 자율주행 확대에 제동걸었다","테슬라가 자율주행 소프트웨어인 오토파일럿을 대대적으로 업그레이드하겠다고 밝히자, 미국 정부가 경고장을 보냈다. 사고가 잇따르고 있지만 대책이 미비하다는 지적이다. 19 일(현지시간) 월스트리트저널(WSJ)에 따르면, 일론 머스크 테슬라 최고경영자(CEO)는 지난주 소비자들이 '완전자율주행'(Full Self-Driving) 업그레이드 버전을 곧 신청할 수 있을 것이라고 밝혔다. 다만 테슬라의 완전자율주행은 레벨5의 완전자율주행(High Automation)를 가리키는것이 아닌 고속도로에 적용하던 운전보조 기능을 도시 주행에도 확대 적용하는 수준이라고 WSJ는 설명했다. 테슬라는 작년 하반기에 직원과 일부 고객 약 2000명을 상대로 이러한 도시 운전 보조 기능을 제공한 바 있다. 테슬라의 이러한 패키지에는 앞차와 간격이 가까워지면 속도를 줄이거나 정차하는 TACC(Traffic Aware Cruise Control), 차선 유지를 돕는 '오토스티어(Autosteer) 등이 포함돼 있다. 하지만 미국 연방교통안전위원회(NTSB)은 이러한 테슬라의 행보에 제동을 걸었다. 제니퍼 호멘디 NTSB 위원장은 WSJ를 통해 ""테슬라가 결함을 해결하기전까지 도시 운전 보조 기능을 출시해서는 안 된다""고 지적했다. 그러면서 그는 ""테슬라가 도시로 자율주행 기능을 확대하기 이전에 안전 문제부터 해결해야 한다""면서 ""완전자율주행이라는 용어도 고객을 오도하는 무책임한 표현""이라고 꼬집었다.  테슬라의 자율주행 서비스에교통당국과 정치권도 지적을 하고 나선 상태다. 캘리포니아주 차량국은 테슬라가 '자율주행'으로 거짓 광고해 주법을 위반했을 가능성을 조사 중이며 민주당 의원들은 연방거래위원회(FTC)에 테슬라의 기만적인 마케팅 관행 여부를 조사하라고 촉구한 바 있다. 또 도로교통안전국(NHTSA)도 최근 테슬라의 자율주행 보조 기능인 '오토파일럿'과 관련된 교통사고들을 조사중이다. [실리콘밸리 = 이상덕 특파원]    ☞ [매경증권센터] 이시각 증시는? ☞ [이시각 증시는] 거래소, 코스닥 시황 종합 ☞ [이 시각 특징주] 투자자별 매매동향, 이슈 테마!! ☞ [증권사 리포트] 최신 증권사 리포트 요약 ☞ 동학개미운동! 주식 초보투자자들의 성공백서! 톡스타!! ☞ 수익률 & 성공투자! ""톡스타""가 함께 합니다   [ⓒ 매일경제 & mk.co.kr, 무단전재 및 재배포 금지]"
92,6,"2021-09-20","17:37:59","""직장인 밥값 부담 커졌다""…햄버거 김밥에 구내식당 식비까지 줄줄이 인상","햄버거, 김밥, 치킨 등 인기 외식 품목 물가가 줄줄이 오르고 있다.  20일 통계청 국가통계포털에 따르면 지난달 외식 물가는 지난해 8월보다 2.8% 올랐다. 외식물가 상승률은 지난 5월 2.1%를 기록해 2019년 4월(2.0%) 이후 2년 1개월만에 2%대로 올라섰다. 이후 상승률은 6월 2.3%, 7월 2.5%, 8월 2.8% 등으로 점차 오름폭이 커지고 있다. 1년 전과 비교해 가장 많이 오른 외식 상품은 햄버거(9.2%)인 것으로 나타났다. 죽(7.6%)이 그 다음으로 많이 올랐고, 생선회(7.4%) 막걸리(6.5%) 갈비탕(6.2%) 김밥(5.0%) 등이 1년 전보다 5% 이상 오르며 서민들의 외식비 부담이 커지고 있다.  외식 품목 가운데 물가에 기여하는 비중이 가장 큰 구내식당 식사비 역시 4.2% 올랐다. 소고기(3.8%), 치킨(2.6%) 등의 가격도 크게 상승했다. 39개 품목 가운데 1년 전보다 가격이 하락한 것은 무상급식 영향을 받은 학교 급식비(-100%)와 피자(-1.4%) 뿐이다. 외식 물가가 뛰는 것은 곡물가 인상, 유가 상승 탓에 농축수산물, 가공식품 등 원재료 가격이 오르고 있기 때문이다. 기획재정부는 최근 발간한 최근 경제동향(그린북) 9월호를 통해 ""개인 서비스는 외식물가 제외 물가 상승 폭은 둔화했으나, 원재료 상승 등으로 외식 물가가 상승해 오름폭을 유지했다""고 분석했다. 주요 외식 가격 인상에 따라 소비자들은 나가서 외식을 하는 것은 물론 집에서 직접 차려 먹는 '집밥' 비용에도 부담을 느끼고 있다는 분석이다.  통계청에 따르면 지난달 식료품·비주류 음료 소비자물가지수는 1년 전보다 5.6%올랐다. 품목별로는 과일이 25%나 상승해 상승률 1위다. 우유·치즈와 계란(10.6%), 육류(8.4%), 빵과 곡물(7.3%), 식용유·식용지방(6.3%)등도 6% 이상 올랐다.  [문일호 기자]    ☞ [매경증권센터] 이시각 증시는? ☞ [이시각 증시는] 거래소, 코스닥 시황 종합 ☞ [이 시각 특징주] 투자자별 매매동향, 이슈 테마!! ☞ [증권사 리포트] 최신 증권사 리포트 요약 ☞ 동학개미운동! 주식 초보투자자들의 성공백서! 톡스타!! ☞ 수익률 & 성공투자! ""톡스타""가 함께 합니다   [ⓒ 매일경제 & mk.co.kr, 무단전재 및 재배포 금지]"
92,7,"2021-09-20","17:37:33","BRIF-모네타 머니뱅크, 부실채권 포트폴리오 또 처분 발표","BRIEF-Moneta Money Bank Announces Another Disposal Of Non-Performing Loan Portfolio .storyContent * {border-color:inherit !important;outline-color:inherit !important;} 9월 20일 (로이터) - 모네타 머니 뱅크는 MONET.PR:  모네타 머니 은행은 또 다른 부실채권 포트폴리오의 폐기를 발표한다.   모네타 머니 은행은 부실채권포트폴리오(""npl"")의 추가 처분에 대해 czk 1억1000만 czk의 명목가치로 결론을 내렸다고 말한다.   모네타 머니 은행은 세전이익 2천만 czk를 처분할 때 실현했다고 말한다.   모네타 머니 은행은 2021년 현재까지 총 명목 가치인 129만3천개의 npl 포트폴리오를 처분했으며, 그 결과 세전 이익은 1억3천6백만 czk라고 밝혔다.    Further company coverage: MONET.PR  jason.hovet@thomsonreuters.com        (c) Copyright Thomson Reuters 2020. Click For Restrictions - https://agency.reuters.com/en/copyright.html   원문 바로가기    DISCLAIMER  레피니티브의 사전, 서면 승인 없는 톰슨로이터 콘텐츠의 재생산이나 재배포는 금지되어 있습니다. 이 기사의 한국어 번역은 에프앤가이드가 사용하는 기계적 번역에 의한 것으로 톰슨로이터와 레피니티브는번역의 정확성을 보증하지 않습니다."
93,1,"2021-09-20","17:26:36","고속도로 오후부터 정체 해소…서울→대구 3시간 30분","추석 전날인 20일 오후 전국 고속도로 귀성 방향 정체가 해소됐다.  한국도로공사에 따르면 이날 오후 5시에 승용차로 서울 요금소를 출발해 전국 주요 도시까지 걸리는 시간은 부산 4시간 30분, 울산 4시간 10 분, 대구 3시간 30분, 광주 3시간 20분, 대전 1시간 30분으로 예보됐다.이날 오전부터 귀성 차량으로 전국 고속도로 곳곳에서 빚어졌던 정체는 오후들어 점차 풀렸다.도로공사는 이날 전국적으로 405만대가 고속도로를 이용할 것으로 예상했다. 이 중 수도권에서 지방으로 39만대, 지방에서 수도권으로 41만대가 이동할 것으로 도로공사는 예상했다.도로공사에 따르면 오후 4시 10분 기준 경부고속도로 부산 방향 한남∼서초4㎞ 구간과 서울 방향 청주∼옥산, 안성분기점∼남사, 양재부근∼반포 등 16㎞ 부근에서 차량이 일부 정체하고 있다.서해안고속도의 경우 서울 방향은 당진부근∼서해대교, 서평택분기점∼서평택분기점부근, 발안∼화성 부근 등 총 28㎞ 구간이 거북이 걸음이다. 도로공사는 오후 7∼8시쯤 고속도로 정체가 모두 풀릴 것으로 예상했다.  정해용 기자 jhy@chosunbiz.com   Copyrights ⓒ ChosunBiz.com"
93,2,"2021-09-20","17:26:07","FORX-Evergrande 우려로 위험 FX 하락, 달러화 대비 안전 입찰 획득","FOREX-Evergrande worries drag risk FX lower, dollar catches safety bid .storyContent * {border-color:inherit !important;outline-color:inherit !important;}  런던, 9월 20일 (로이터) - 중국 역외 위안화가 월요일 3주 최저치로 미끄러져 다른 위험과 상품 통화를 끌어내렸고, 반면 중국 부동산 개발업체인 에버그란데의 지불능력에 대한 우려로 안전지대의 달러화는 금융시장을 두렵게 만들었다.  금요일에만 위안화가달러당 6.4297달러로 석 달 만에 최고치를 기록했다. 월요일 급격한 통화 폭락은 에버그란데의 부실이 안정화되지 않을 경우 중국 금융시스템에 더 큰 위험을 일으킬 수 있다는 중국 감독당국의 경고에 따른 것이다.   에버그란드는 많은 대부업체, 공급업체, 투자자들에게지불할 자금을 마련하기 위해 앞다퉈 노력해 왔다. 회사가 이번 주에 채권자들에게 이자를 지불해야 할 마감일이 다가오고 있다.  8월 31일 이후 최저치인 달러당 6.4698위안으로 떨어진 위안화 환율도 호주달러, 뉴질랜드달러, 노르웨이달러 등 3주 만에 최저치를 기록했다. FRX/  안전 입찰의 혜택을 받는 달러 지수를 막기에는 역부족이었지만, 일본 엔화는 달러당 109.72엔으로 0.2% 상승했다.   동년배들을 상대로 그린백은 이날 거의 0.2% 상승해 4주 만에 최고치를 기록했다. =USD 대서양 전역에서는 이날 유로화가 1.1707달러로 0806 GMT 기준 0.15% 하락했다.  프란체스코 페솔 ING 전략가는 ""FX 시장은 중국 부동산 개발업체인 에버그란데의 고행과 수요일 FOMC(Federal Open Markets Committee) 회의로 가장 큰 위협이 닥친 긴장된 입장에서 이번 주를 시작한다""고 말했다.  그는 또 ""오늘은 캐나다선거도 빡빡한데다 상품단지가 부담을 느끼고 있어 확실한 결과를 얻지 못하면 이미 압박을 받고 있는 CAD에 도움이 되지 않을 수도 있다""고말했다.  위험 심리와 상관관계가 있는 상품통화인 캐나다 달러화가 달러당 1.2815달러로 4주 만에 최저치를 기록했다.  캐나다 총선 여론조사는 저스틴 트뤼도 현 총리에게 유리하지만 그가 소수정부를 이끌 가능성이 높다는 점을 지적하고 있다.   중앙은행 초점  이번 주에 12개 이상의 중앙은행들이 회의를 열지만 트레이더들의 최우선 관심사는 테이퍼링 신호에 대한 기대감이 달러화 유치를 지속시키고 있는 연준에 있다.   연준은 수요일 이틀간의 회의를 마치고 올해 테이퍼링에 대한 광범위한 계획을 고수하겠지만 세부 사항이나 시간표 제공은 최소한 한 달 동안 보류하기로 합의했다.  그러나 10년 테너였던 미국의 지난 주 수익률은 4주 연속 상승했다. US10YT=RR매파적 기습이나 전망 전환의 위험성을 지적하고 있는데, 이는 둘 다 달러화를 지지할 수 있는 2022년 빠른 시일 내에 인상될 것으로 보인다.  그는 ""연준이 내년 한 차례 금리인상을 예고하는 '점'을 인상하고 PMI가 조금 더 하락할 가능성이 있다는 점에서다소 매파적인 태도를 보일 것으로 의심한다""고 말했다. 단스케은행의 미카엘 올라이 밀호예 수석 애널리스트는 ""만약 그렇다면 유로/달러 역시 한 주를 더 낮게 마칠 것""이라고 말했다.  다른 주요 중앙은행들 중에서는 영국은행이 정책 설정을 변경하지 않고 그대로 둘 것으로예상되지만, 거래자들은 은행이 매파적인 어조를 채택하거나 더 많은 회원들이 자산 매입 테이퍼링을 요구할 경우 파운드화의 이득이 있을 것으로 보고 있다.  17일 결연한 일본은행(Bank of Japan)에서 정책 전환은 기대하지 않지만 하루 뒤 노르웨이 노르주은행이 처음으로 금리를 인상하는 G10 중앙은행이 될 전망이다.  비트코인이 한때 5% 이상 하락한 4만4773달러를 기록하는 등 가상화폐가 하락했다. BTC=BTSP   (Reporting by Ritvik CarvalhoEditing by Gareth Jones)  Ritvik.Carvalho@thomsonreuters.com ; +44 2075429406; Reuters Messaging: ritvik.carvalho.thomsonreuters@reuters.net ; Twitter https://twitter.com/ritvikcarvalho) )     (c) Copyright Thomson Reuters 2020. Click For Restrictions - https://agency.reuters.com/en/copyright.html        Keywords: GLOBAL-FOREX/ (UPDATE 2, PIX)   원문 바로가기    DISCLAIMER  레피니티브의 사전, 서면 승인 없는 톰슨로이터 콘텐츠의 재생산이나 재배포는 금지되어 있습니다. 이 기사의 한국어 번역은 에프앤가이드가 사용하는 기계적 번역에 의한 것으로 톰슨로이터와 레피니티브는 번역의 정확성을 보증하지 않습니다."
93,3,"2021-09-20","17:26:06","국힘 “이재명 국감 세울 것”…‘대장동 게이트’ 공세","홍준표 “관련자 엄단·부당이익 환수”  유승민 “내로남불 시즌2 찍나”   더불어민주당 대선 예비후보인 이재명 경기도지사가 지난 18일 오전 광주 남구 한 미혼모 시설을 방문한 뒤 취재진의 질문에 답하고 있다. [연합]  [헤럴드경제=홍승희 기자]20일 국민의힘은 이재명 경기지사의 성남시장 재임 시절 대장동 개발 사업 특혜 의혹을 '이재명 게이트'로 규정하고 국정감사 증인 출석 등 검증 공세를 예고하고 나섰다. 특검 도입까지 언급하고 있다.   전주혜 원내대변인은 이날 논평에서 이 후보 캠프가 특혜 의혹을 제기한 김기현 원내대표 등을 고발한데 대해 ""적반하장도 유분수""라고 비판했다.  그러면서 ""이번 게이트의 본질은 대장동 개발 사업이 납득하기 어려운 연유로 특정인에게 엄청난 이익을 주는 방식으로 설계됐다는 점""이라며 ""이 후보는 남 탓하지 말고 이재명 게이트의 진실을 밝혀야한다""고 말했다.  대권주자들도 일제히 가세했다.  홍준표 의원은 직접 대장동 개발 현장을 찾아 ""이 프로젝트를 추진한 사람은 성남시장으로, (당시 성남시장인 이 지사가) 사업자 선정 과정에 관여했고 주도한 것""이라며 ""관련자를 엄단하고, 부당이익을 전부 국고로 환수해야 한다""고 밝혔다.  원희룡 전 제주지사는 김 원내대표 등에 대한 이 후보 캠프 고발장에 대해 ""대장동 개발 의혹 전반에 관한 내용은 쏙 빠진 '빗겨치기 고발장'""이라며 ""보여주기식 고발로, 뭔가 켕겨도 단단히 켕기는 모양""이라고 언급했다.  유승민 전 의원은 SNS에서 ""이 지사는 내로남불 시즌2를 찍고 있나""라며 ""일산대교와 같이 국민연금이 하는 민자사업은 안되고, 이 지사 측근이 어마어마한 특혜를 보는 민자사업은 되는 것이냐""고 비판했다.  곽상도 의원은 이 지사를 향해 ""'곽상도에게 물어보라'는 덮어씌우기 전략이 잘 먹혀 들고 있느냐""고 말했다. 이 지사 측이 곽 의원 아들의 화천대유 근무 이력 등을 고리로 삼아 '국민의힘 게이트'라고 반격한 것을 되받아친 것이다.  곽 의원은 ""2015년 5월경 화천대유를 우선 사업자로 선정한 것은 이재명 당시 성남시장과 성남시 관계자들이고 수익 분배 구조를 이 후보가 직접 설계했다. 제 아들은 사업자 선정이 끝난 이후인 2015년 6월경 입사했다""며 사업자 선정 과정을 밝히라고 이 지사에게 촉구했다.  이 지사가'1원이라도 이득을 봤다면 사퇴하겠다'고 발언한 일을 두고도 야당의 비판이 쏟아졌다.  조수진 최고위원은 ""의혹을 추궁받자 '1원 어쩌고'로 틀어막으려 한 것""이라며 ""'무상 연애' 논란을 추궁당하자 '바지를 한 번 더 내리면 되겠냐'는 황당 대꾸를 한 식""이라고 지적했다.  홍 의원은 ""사퇴할 일이 아니라 감옥에 갈 일""이라고 일침을 놨다.  이 지사가 이날 대장동 사업 논란과 관련해 ""경기도에서 제도화한 '공공개발이익 도민환원제'가 전국 표준이 될 수 있도록 하겠다""고 선언한 것에 대해서도 비판이 나왔다.  하태경 의원은 ""이 판국에 화천대유 돈벼락 사태를 국가 차원에서 제도화해서 전국 표준화하겠다니 가히 '히틀러급 똘끼'가 아닐 수 없다""며 ""사기 칠 궁리 그만하고 즉각 후보직을 사퇴하라""고 촉구했다."
93,4,"2021-09-20","17:26:00","상반기 중대형 OLED 출하량 천만대 돌파","[파이낸셜뉴스] 스마트폰 시장 성장 정체 속에서 유기발광다이오드(OLED) 스마트폰 역시 성장세가 주춤하고 있는 것으로 나타났다. 유비리서치가 20일 발간한 '2021 중대형 OLED 디스플레이 반기 보고서'에 의하면 2021년 상반기에 판매된 태블릿PC, 노트북등 IT용 OLED와 TV용 OLED 출하량은 처음으로 천만대를 돌파하고 1029만대의 실적을 기록했다. 올해 상반기 IT용과 TV용 OLED 매출액은 290억달러로서 작년 상반기 138.6억 달러에 비해 2배 이상의 성장세를 기록했다. 보고서에 따르면 IT용 OLED 시장 성장에 힘입어 삼성디스플레이는 태블릿 PC와 노트북용 OLED 생산량을 증가 시키기 위해 A2 리지드 OLED 라인의 스마트폰용 패널 생산 캐파를 IT용으로 점차 확대하고 있다. 하반기에는 40~50K의 A2 라인이 IT용 OLED 생산에 투입될 전망이다. 또한 애플의 아이패드용 OLED 생산도 연말부터 예상되고 있어, 2022년은 IT용 OLED 시장의 폭발적인 성장이 예상되고 있다. 이러한 추세에 조기에 대응하기 위해 삼성디스플레이는 IT용 8.5G 라인 투자를 서두르고 있다. 보고서는 LG디스플레이도 IT용 OLED 시장을 확보하기 위해 파주에 6G 라인 투자를 확정했다고 분석했다. OLED TV 시장은 상상을 초월하게 급 팽창하고 있다. 작년 상반기에는 126만대에 출하량이었지만, 올해 상반기에는 340만대를 기록하고 있다. 하반기에는 블랙프라이 데이가 있어 상반기보다 출하량이 더 늘어날 것으로 예상했다.     ahnman@fnnews.com 안승현 기자  ▶1500% 가는 '제2의 HMM' 아직 5000원대 황금株, 급등 전마지막 기회! [클릭] ▶“주식카톡방 완전무료 선언” 파격결정  [파이낸셜뉴스 주요뉴스]  → 남편과 사별한 여성, 자기 따라다니던 남자와 결혼했더니.. → ""팬티만 입으라는 지시 받았다"" 그의 소변에는... → 모델 한혜진 ""전 남친, 방송서 男 출연자와 눈 보며 대화했다고.."" → '태아 머리가 보인다' 전주 女 사우나서 일어난 일 → 월급 150만원 39세여성의 어머니 ""내 딸 정도면.."" → '주린이'가 먹어야 할 과일은? [파인애플]  ● 하루만에 高수익 챙길 ‘초대형’ 백신 대장株! 비밀리에 입수! 1200% ↑↑ (CLICK)  ▶▶[무료공개]◀◀ 지금 ""1,000만원""만 있어도 당장 ""이것""부터 사라!! >>> (무료 체험)   ※ 저작권자 ⓒ 파이낸셜뉴스. 무단 전재-재배포 금지 "
93,5,"2021-09-20","17:25:57","BUZ-Chinese 암울한 유럽 기본 자원 주식으로 유출","BUZZ-Chinese gloom spills over to European basic resources stocks .storyContent * {border-color:inherit !important;outline-color:inherit !important;} ** STOXX 600 기본자원지수4.6%로 2월 이후 최저치를 기록, 중국 시장의 불황에 이어 STOX 600은 1.9% 하락  ** 단일 종목 중 앵글로 아메리칸 종목 AAL.L 거의 7% 하락, ArcelorMital MT.LU 6% 이상, 리오 틴토 RIO.L, 글렌코어 GLEN.L, 노르스크 하이드로 NHY.OL 5% 정도 손해를 보다  ** 티센크루프 TKAG.DE 그리고 메츠오우토텍 MOCORP.HE 또한 4%에서 5%로 하락했다.  ** 궁지에 몰린 부동산 개발업체 차이나 에버그란데 그룹의 폭락으로 홍콩 주가가 하락하고 역외 위안화 약세 3333.HK 그 부문의 다른 종목들을 하락으로 이끌었다.   ** ""메츠오우토텍의 중국에 대한 직접 노출은 비교적 작지만… 인드레스의 분석가 에르크키 비솔라는 핀란드의 광산 장비 제조업체에 대해 ""간접적 노출은 상당하다""고 말했다.  ** ""헨스, 중국 전망이 어두워지면 메츠오토텍의 광산 고객들의 생산량이 타격을 받을지도 모른다... 새로운 채굴 프로젝트들이 보류될 수 있는 것은 말할 것도 없다""고 Veisola는 말한다.  ** 런던, LME 알루미늄에서 구리가 2% 이상 하락하는 등 금속 가격도 하락 CMAL3 1.5%, 아연 CMZN3 1.8% 하락, 리드 CMPB3 6월 23일 이후 최저치를 기록했다.   ** 중국은 전 세계 구리 및 철광석의 약 55%를 소비하고 있으며, 니켈의 약 60%, 리튬의 약 50%를 소비하고 있다고 Veisola는 덧붙였다.        (Reporting by Boleslaw Lasocki)  boleslaw.lasocki@tr.com        (c) Copyright Thomson Reuters 2020. Click For Restrictions - https://agency.reuters.com/en/copyright.html   원문 바로가기    DISCLAIMER  레피니티브의 사전, 서면 승인 없는 톰슨로이터 콘텐츠의 재생산이나 재배포는 금지되어 있습니다. 이 기사의 한국어 번역은 에프앤가이드가 사용하는기계적 번역에 의한 것으로 톰슨로이터와 레피니티브는 번역의 정확성을 보증하지 않습니다."
93,6,"2021-09-20","17:25:53","가자 예술가는 발레 그림에서 아름다움과 고통을 섞는다.","Gaza artist mixes beauty with pain in her ballet paintings .storyContent * {border-color:inherit !important;outline-color:inherit !important;}  가자, 9월 20일 (로이터) - 팔레스타인 화가 아베르 제브릴의 어두운 색의 그림들이 보여준다.   발레리나들은 철조망에 묶여 있거나, 바위 위에서춤을 추거나, 가자지구에 있는 여성들의 ""치킨 폭탄"" 현실을 반영하기 위해 바리케이드를 마주하고 있다.  그녀는 자신의 초상화가 2백만 명의 사람들이 살고 있고 전쟁과 경제적 제약으로 인해 황폐화된 가자지구에서 여성들이 직면하고 있는 사회적, 정치적 문제에 관심을 가져오기를 희망한다.  이 예술가는 또한 2007년 이후 이슬람교 하마스 집단에 의해 지배된 전통적으로 보수적인 영토인 가자지구에서 여성들이 가족과 공동체 안에서 직면하는 제한을 묘사하고 있다고 말했다.  프랑스 인상파 화가인 에드거 드가에게서 영감을 받은 제브릴은 발레 무용수가 아름답고 자유롭고 힘있고 운동적인 여성들을 묘사하고 있다고 말했다.  ""내가 발레 무용수를 선택한 이유는 그녀를아름다움과 힘의 아이콘으로 보기 때문이다. 제브릴(35)은 가자시티의 자택에서 로이터통신과의 인터뷰에서 ""그래서 나는 그녀를 내 작품의영웅이 되기 위해 선택했다""고 말했다.  ""이것은 그녀가 느끼는 감정, 삶, 얼굴, 그리고 그녀가 어떻게 사슬에 묶여 있는지 보여주며,그것은 그녀가 가자에서 느끼는 감정을 청중들에게 보여준다,""라고 그녀는 그녀의 그림들 앞에 앉아 말했다.  한 그림은 한 무용수가 철조망에 발이 묶여 있는 모습을 그리고 있다. 또 다른 것은 세 번째 여성이 수류탄을 몸에 감는 동안 바위를 밟는 것이다.  제브릴은 이집트와 함께 가자지구에 엄격한 국경 제한을 가하는 이스라엘을 언급하며 ""남녀 모두 점령하에 묶여 있다""고 말했다.  그녀는 또한 그녀의 그림들이 ""여성이 남성들의 지배와 중요한 문제에 대한 발언권을 갖지 못해 어떻게 고통받고 있는지""를 조명한다고 말했다.  제브릴은 ""가자에서는 똑딱거리는 폭탄 속에서 살고 있다""고 말했으며, 그 다음에 무슨 일이 일어날지 알지 못했다.  제브릴은 세계적인 발레댄서들과 발레를 추는 11살짜리 딸 마야의 움직임에서 자신의 그림에 대한 아이디어를 얻었다고 말했다.  화가의 칼을 이용해 만든 그녀의 포타츠가 유럽과 아랍 일부 국가의 갤러리에 전시되어 있다.  ""(가자) 밖에 전시된 그림들을 보면서 절망감을 느꼈고, 거기에 있을수 없었다. 나는 그들 옆에 서있기를 간절히 바랐다.""라고 그녀가 말했다.             (Writing by Nidal AlmughrabiEdited by Jeffrey Heller and Angus MacSwan)  nidal.almughrab@thomsonreuters.com ; 00970599401958; Reuters Messaging: nidal.almughrabi.reuters.com@reuters.net     (c) Copyright Thomson Reuters 2020. Click For Restrictions - https://agency.reuters.com/en/copyright.html        Keywords: PALESTINIANS-ARTIST/BALLET (TV, PIX)   원문 바로가기    DISCLAIMER  레피니티브의 사전, 서면 승인 없는 톰슨로이터 콘텐츠의 재생산이나 재배포는 금지되어 있습니다. 이 기사의 한국어 번역은 에프앤가이드가 사용하는 기계적 번역에 의한 것으로 톰슨로이터와 레피니티브는 번역의정확성을 보증하지 않습니다."
93,7,"2021-09-20","17:25:30","안철수 ""文, 코로나 백신 1차 접종률 강조는 국민을 속이는 것""","안철수 ""2차 접종 완료율 높이는 걸 목표로""   ""백신 충분하지 않은 것 비판 받지 않으려 강조""      ""경제협력개발기구(OECD) 국가 가운데 인구 34만 명의 아이슬란드를 제외하고 최단기간 70% 접종 기록입니다. 속도에서는타의 추종을 불허하는 대한민국의 저력을 백신 접종에서도 여지없이 보여줬습니다.""   안철수 국민의당 대표는 19일 문재인 대통령이 국내 코로나19 백신 1차 접종률이 17일 70%를 돌파한 것을 두고 ""놀라운 접종 속도""라고 평가하자 ""1차접종률 강조는 국민을 속이는 것이다""라고 말했다.  안 대표는 이날 페이스북에 ""어제 서울 중구보건소 선별진료소에서의료봉사를 하고 나서 문 대통령이 '전 국민의 70%가 백신 1차 접종한 것은 놀라운 속도'라고 말했다는 소식을 접했다""면서 이같이 밝혔다.  안 대표는 한마디로 ""어이가 없었다""고 평가하면서 ""코로나19 백신 1차 접종률 강조는 국민을 속이는 것이다. 1차 접종으로는 제대로 된 방어력이 생기지 않는다""면서 ""2차 접종까지 마쳐야 감염이나 중증, 사망을 최소화할 수 있다. 따라서 2차 접종까지 마친 접종 완료율을 높이는 것을 목표로 삼아야 하는 것은 너무나도 당연하다""고 지적했다.  이어 ""그런데도 문 대통령은 백신을 충분히 구매하지 못한 데 대한 비판을 받지 않으려고, 1차 접종률을 계속 강조하고 있다""면서 ""심지어 2차 접종자가 맞을 백신을 1차 접종률을 늘리는 데 사용해버려서, 1차와 2차 간의 접종 간격이 늘어나는 일까지 있었다""고 비판했다.    그러면서 ""2차 접종 분을 1차 접종률 늘리려고 사용하는 것은 한마디로, 이 정권 홍보를 위해 고위험군국민을 위험에 빠트리는 일이다""라며 ""정부는 고위험군 접종 완료에 집중할 것을 촉구한다""고 강조했다.  안 대표는 ""접종속도가 빠른 것은 우리 국민의 적극적인 협조와 보건의료진의 헌신, 그리고 역대 여러 정부에 걸쳐 발전하고 쌓아온 우리의 보건의료 시스템 덕분이다""라면서 ""이 정권이 낮았던 보건의료 시스템의 수준을 갑자기 높인 것이 아니다""라고 꼬집었다.  이어 ""우리 국민은 세계 어느 나라보다 백신 접종에 적극적으로 협조하고 있다""면서 ""만약 제가 작년 5월 '빠르면연말에 백신이 나올 테니, 정부는 미리 대비해야 한다'라고 충고한 말을 듣고 그때부터 백신을 충분히 계약했다면, 우리는 전 세계 어느나라보다도 먼저 70~80% 접종 완료율에 도달했을 것이다""라고 했다.  그러면서 ""문재인 정권이 해야 할 일은 백신을 제때 충분히 구해오는 것뿐이었다""라며 ""그랬다면 우리는 이미 일상생활로 돌아갔을 것이다""라고 지적했다.  아울러""가게들이 문을 열고 영업을 할 수 있어서, 지금처럼 자영업자들이 고통받고 자살하는 일도 없었을 것""이라며 ""전적으로 국민께서 적극적으로 참여해서 만든 ‘세계적인 접종속도’에 대통령과 정부가 습관적으로 숟가락 얹는 일은 제발 멈추기 바란다""라고 했다.  앞서 코로나19 예방접종대응추진단은 17일 참고자료를 통해 ""오후 5시 현재 누적 1차 접종자 수가 3600만4101명으로 집계돼 접종률이 전체 인구 대비 70.1%를 기록했다""면서 ""(접종 대상인) 18세 이상 기준으로는 81.5%에 해당한다""고 밝혔다.  이에 문 대통령은 이날 SNS에 목표 달성했다는 소식을 국민들에게 전하면서 ""속도에서는 타의 추종을 불허하는 대한민국의 저력을 백신 접종에서도 여지없이 보여줬다""며 ""우리나라의 우수한 접종 인프라와 의료진의 헌신적인 노력, 국민들의 높은 참여 의식이 함께한 덕분""이라면서 감사를 표했다.  이미나 한경닷컴 기자 helper@hankyung.com    관련기사 '영끌' 빚폭탄 떠안은 3040…"" 이러다 큰일난다"" ""이렇게 하면 사망위험 70% 감소""…서프라이즈 소시 윤아도 당황…Z세대는 안 입는다는 그 바지 ""한두 번도 아니고…"" 또 한국 외면한 애플 추석 때 넋 놓고 놀다가 '로또' 놓친다    ⓒ 한국경제 & hankyung.com, 무단전재 및 재배포 금지"
94,1,"2021-09-20","17:11:50","금리 계속 오르는데…집 사야하나 기다려야 할까","지금 내 집 마련을 해야 할까, 아니면 좀 더 기다려야 하나. 최근 이 같은 고민을 하는 사람이 적지 않다. 잇따른 은행권 대출 제한과 사전청약 물량 확대, 금리 인상에도 수도권을중심으로 집값 오름세가 이어지고 있기 때문이다. 오히려 추가 기준금리 인상 예고에도 집값 상승세는 견고한 모습이다. 일부 전문가들은 연내 기준금리 추가 인상 정도만으로 당장 집값이 꺾이긴 어렵다고 전망한다. 이런 상황에서 내 집 마련을 한다면 어떤 전략을 세워야 할까. 당연한 이야기지만 청약통장 납입액이 많거나 특별공급 배점이 높다면 청약통장을 적극 활용할 필요가 있다. 특히 사전청약 물량은 당초 예정된 것보다 10만1000가구가 더 늘어나 총 16만3000가구가 공급된다. 그만큼 사전청약 기회가 늘어나는 셈이다. 아울러 3기 신도시 아파트는주변 시세의 60~80%에서 공급될 예정이어서 내 집 마련 비용도 크게 낮출 수 있다. 최근 한국토지주택공사(LH)가 1차 사전청약 일반공급당첨 커트라인을 분석한 결과 평균 납입금액이 1945만원을 기록했다. 다자녀 특별공급은 당첨 커트라인이 75~85점이었다. 다자녀 특별공급은배점(100점 만점)에 따라 당첨자가 결정된다. 신혼부부 특별공급(가점 13점 만점)의 경우 인기 지역은 10점이 넘어야 당첨 안정권에 들어갈것으로 예상된다.  이르면 11월부터 1인 가구와 자녀가 없는 신혼부부, 소득이 높은 맞벌이부부도 특별공급을 통해 내 집 마련이 가능해진다. 따라서 대상자들은 이를 적극 활용해보는 것이 좋다. 민간분양 물량 중에서는 신혼부부·생애최초 특별공급의 30%가량을 추첨을 통해공급하는데, 생애최초 특별공급 물량의 30%에 대해 소득 수준과 상관없이 1인 가구도 지원할 수 있도록 당첨 기회를 확대했고, 신혼부부 특별공급에도 추첨제가 새로 도입돼 자녀가 없는 신혼부부 역시 신청이 가능해졌다.  한편 청약제도가 무주택자 중심으로 개편되다 보니 가점이 낮은 사람은 사실상 청약을 통해 내 집을 마련하기가 쉽지 않다. 아울러 신규 분양 아파트에 관심이 커지면서 인기 단지는 가점이 60점대후반은 돼야 안정권에 들 수 있어 진입장벽 또한 높아졌다. 기존 아파트값도 크게 올라 매입 부담이 만만치 않은 상황이다. 가점이 낮은 수요자는 아파트 분양권 매입을 고려할 수 있지만 분양권 전매제도 강화로 이마저도 여의치 않은 상황이다. 이 경우 새 아파트에 입주할 수 있는방법으로 재개발 지역 아파트 입주권을 매입하는 방법을 생각해볼 수 있다. 재개발 사업이 추진되고 있는 다세대 주택을 매입하면 재건축 추진 단지나 기존 아파트에 비해 초기 투자금이 적게 드는 장점이 있다. 다만 재개발 투자는 추진 절차가 복잡해 단기 투자에 따른 위험 부담이 큰 만큼 사업 추진 속도나 조합 내부 사정 등을 꼼꼼히 확인해볼 필요가 있다.  [임병철 부동산114 리서치팀장]    ☞ [매경증권센터] 이시각 증시는? ☞ [이시각 증시는] 거래소, 코스닥 시황 종합 ☞ [이 시각 특징주] 투자자별 매매동향, 이슈 테마!! ☞ [증권사 리포트] 최신 증권사 리포트 요약 ☞ 동학개미운동! 주식 초보투자자들의 성공백서! 톡스타!! ☞ 수익률 & 성공투자! ""톡스타""가 함께 합니다   [ⓒ 매일경제 & mk.co.kr, 무단전재 및 재배포 금지]"
94,2,"2021-09-20","17:10:12","그리스 경상수지는 7월에 흑자로 돌아섰고, 관광수입은 증가했다.","Greek current account turn to surplus in July, tourism revenues up .storyContent * {border-color:inherit !important;outline-color:inherit !important;} 아테네, 9월 20일 (로이터) - 그리스의 경상수지는 관광수입이 크게 증가함에 따라 작년 같은 달에 비해 7월에 흑자로 돌아섰다고 그리스 은행이 월요일 발표했다.  중앙은행 자료에 따르면 2020년 7월 7억9700만 유로의 적자에서 15억3800만 유로의 흑자를 기록했다.     (Reporting by Lefteris Papadimas, Angeliki Koutantou)  lefteris.papadimas@thomsonreuters.com ; +30 210 3376477; Reuters Messaging: lefteris.papadimas.reuters.com@reuters.net     (c) Copyright Thomson Reuters 2020. Click For Restrictions - https://agency.reuters.com/en/copyright.html        Keywords: GREECE-ECONOMY/CURRENTACCOUNT (URGENT)   원문 바로가기    DISCLAIMER  레피니티브의 사전, 서면 승인 없는 톰슨로이터 콘텐츠의 재생산이나 재배포는 금지되어 있습니다. 이 기사의 한국어 번역은 에프앤가이드가 사용하는 기계적 번역에 의한 것으로 톰슨로이터와 레피니티브는 번역의 정확성을 보증하지않습니다."
94,3,"2021-09-20","17:10:00","이재명측 '고발전'..홍준표, 대장동서 ""李, 관련됐다면 감옥"" 맞불","[머니투데이 이원광 기자] [[the300](종합)]     국민의힘 대권주자인 홍준표 의원이 20일 '대장동 개발사업' 현장을 찾아 더불어민주당 대권주자인 이재명 경기도지사를 겨냥해 ""사퇴 여부의 문제가 아니고 관련이 됐으면 감옥에 가야 한다""고 밝혔다.   해당 사업을 둘러싼 특혜 및 이 지사와 연관성 의혹 등을 염두에 둔 발언이다. 이 지사와 이 지사 측 열린캠프는 해당 사업을 공공개발 전환으로 5503억원을 확보한 성과로 규정하며 허위 사실를 공표한 혐의로 김기현 원내대표 등 국민의힘 인사들을 검찰에 고발한 상황이다.        ━  홍준표 ""감옥 가야지 사퇴할 일인가""  ━       홍 의원은 이날 오후 경기 성남시 분당구 대장동 개발 현장에서 기자들과 만나 ""감옥에 가야지 사퇴할 일인가""라며 이같이 말했다. 이 지사는 전날 민주당 대선경선 후보자 토론회에서 각종 의혹 제기에 ""부정을 하거나 단 1원이라도 부당한 이익을 취했다면 후보직과공직 모두 사퇴하겠다""고 밝혔다.   홍 의원은 ""(이 지사) 통장에는 안들어왔을지 모르나 박근혜 전 대통령이 구속돼 20여년을 구형받을 때 박 대통령에게 1원이라도 간 것이 있나""라며 ""똑같은 식으로 변명하면서 빠져나가려고 한다""고 했다.   그러면서 대장동 개발사업 과정에서 설립된 자산관리회사(AMC) 화천대유(자산관리)를 두고 ""(주역에서) 사람과 재물을 모아 천하를 거머쥔다는 뜻""이라며 ""이것은 이미 대선 프로젝트가 아니었나 의심된다""고 주장했다.   이어 ""(당시) 성남시장이 사업자 선정과정에 전부 관여했다""며 ""이 사건이 터지니까 오히려 국민의힘 당협위원장을 했던 사람과 전직 의원을 물고 늘어지는 것을 보면서 뻔뻔스럽다(고 생각했다)""고 말했다. 그러면서도 ""만약 그렇게 서로 공모했다면 우리당 출신이어도 용서할 일이 아니""라고도 했다.   홍 의원은 또 ""의외로 이 사건을 복잡하게 안 본다""며 ""400억원의 출처하고 (이 돈이) 어디로 로비하러 들어갔는지만 알면 쉽게 밝혀진다""고 주장했다. 지난해말 기준 화천대유 감사보고서에 따르면 회사와 특수관계자 간 채권·채무 내역으로 최대주주가 회사로부터 473억원의 장기대여금을 빌린 내용이 있다.   홍 의원은 ""제가 대통령이 되면 '칼잡이 대통령'이 되려고는 안했다. 정치보복을 안한다 했다""면서도 ""그런데 이사건 만큼은 제가 대통령이 되면 여야 가리지 않겠다. 서민들 피를 빠는 거머리 떼를 어떻게 놔둘 수 있는가""라고 주장했다.          ━  이재명, 대장동 '공영개발' 전환…5503억원 환수 입장 강조  ━       반면 이 지사는 대장동 개발사업을 공영개발로 전환하면서 사업 이익 중 약 5503억원을 성남시에 환수했다는 일관된 입장을 견지한다. 사업자가 △2761억원로 추산된 성남시 1공단 공원조성사업 △920억원 규모의 사업지 인근 터널공사를 책임지고 △1822억원 규모의 대장동 A11 블록임대부지를 제공하는 내용이다.   이 지사에 따르면 민간사업자들은 2009년 새누리당의 신 전 의원 동생과 LH(한국주택토지공사) 출신 인사들에게 수억원대 뇌물을 주며 대장동 사업 관련 공영개발 포기를 로비했다. 이에 LH는 2010년 6월 공영개발을 포기했는데 이 지사가 2010년 6월 성남시장에 당선되면서 대장동 사업을 공영개발로 전환했다는 게 이 지사의 핵심 주장이다.   이후 성남시 산하 성남도시개발공사는 자금조달과 사업위험 부담 등을 고려해 특수목적법인(SPC)을 통한 개발 방식을 결정했다. 공모 끝에 5503억원 상당의 개발이익 환수를 보장하는 하나은행 주관 컨소시엄이 민간 참여사업자로 선정됐다는 설명이다.   이어 성남도시개발공사가 '50%+1주'를, 하나은행 주관 컨소시엄에 참여한 주체들이 '50% -1주'를 투자하는 방식으로 SPC인 성남의뜰과 자산관리회사 화천대유를 설립했다. 그 결과 지난해말 성남의뜰 감사보고서에 따르면 △화천대유는 보통주의 14.28%(9999주) △SK증권은 보통주 85.72%(6만주)를 △성남도시개발공사는 우선주의 53.76%(50만1주) △KEB하나은행은 우선주 15.06%(14만주) △국민은행과 IBK기업은행, 동양생명보험은 각각 우선주 8.6%(8만주)씩을 △하나자산신탁은 우선주 5.38%(5만주)를 보유하고 있다.          ━  이재명 ""택지 공영개발 제도화"" 선언…'허위사실' 혐의 野 고발  ━       그러면서 이 지사는 이날 SNS(사회관계망서비스)에 ""법과 제도를 바꿔 택지 개발의 공영 개발을 제도화하겠다""고 선언했다. 이른바 '공공개발이익 도민환원제'를 전국 표준 모델로 도입한다는 취지다. 대장동 개발사업의 공영개발 전환으로 사업 이익 중 5503억원을 확보했다는 성과를 재차 강조하는 한편 해당 사업을 둘러싼 특혜 논란 및 자신과 연관성 의혹 등을 정면 돌파하는 시도다.   이 지사는 ""민간 개발특혜 사업을 막고 5503억원을 시민의 이익으로 환수한 '대장동 민간참여 공영개발 사업'에 대해 쏟아지는 마타도어(흑색선전)를 보며 결심한다""며 ""이는 토건 기득권 해체의 신호탄이 될 것""이라고 강조했다.   이 지사의 열린캠프는 또 전날 허위 사실을 반복적으로 공표한 혐의(공직선거법, 정보통신망 이용촉진 및 정보보호 등에 관한 법 위반)로 국민의힘 김기현 원내대표와 윤창현 의원, 장기표 전 대선 경선 예비후보 등을 검찰에 고발했다.   열린캠프 법률지원단은 ""이들 3명이 이 후보의 당선을 방해할 목적으로 진위 여부가 확정되지 않은 사실을 사실인 것처럼 공표한 것으로 판단했다""며 ""이들의 행위가 국민의힘 소속 의원들의 조직적 공모 및 허위사실 유포 행위로 발전하는 만큼 더이상 이런 상황을 두고 볼수 없어 부득이하게 고발 조치를 취하게 됐다""고 했다.         [관련기사] ☞ 타코에 커터칼 세조각 '끔찍'…""배달음식 먹다 입천장 베었다"" ☞ 곽민선 아나, 수원삼성 선수와 열애설…""경기 지는데 네 생각"" ☞ ""점점 야위어가네""…고현정, 다이어트 성공 후 4개월 변천사 ☞ PC방 여직원 기절시켜 돈훔치고 몹쓸짓까지한 50대 ☞ ""용돈 좀"" ""옷 입어라""…목숨 앗아간 명절 칼부림   이원광 기자 demian@mt.co.kr     ▶월 0.3%대 최저금리 적용, 키워드림론 간편 신청으로 수익 극대화하자 (신청하기)   빅 사이클 도래! 실적 발표 기대감! 단타, 중,장기를 모두 잡는 엄청난 종목의 등장! [클릭]   ▶급등임박 종목, 일단 뭔지 확인해보고 시작하자◀     [파워 인터뷰]       30배 박셀바이오, 20배 신풍제약, 그리고 '이바이오 종목'   ▶시세 분출 직전 ! 실적 상승 + 재료임박 + 외인대량매집중인 '이 종목' 긴급공개 ◀   기관 외인 바닥권 대량 매집흔적 발견! 급등 임박 大시세 종목 공개!!       <저작권자 ⓒ '돈이 보이는 리얼타임 뉴스' 머니투데이, 무단전재 및 재배포 금지>"
94,4,"2021-09-20","17:08:52","[아시아 마감] 헝다그룹 급락 속 홍콩 3%↓…FOMC 경계","[시드니=뉴스핌] 권지언 특파원 = 20일 아시아 주식시장은 한산한 분위기 속에 아래를 향했다.  중국과 한국이 추석 연휴와 중추절로 휴장하고 일본도 경로의 날을 맞아 휴장한 가운데, 헤드라인을 장식한 곳은 홍콩이었다.  채무불이행 위기에 내몰린 헝다그룹 ( 차이나 에버그란데 그룹)의 주가가 이날도 11% 넘게 빠지며 부동산 섹터 전반이 짓눌렸고, 항셍지수는 3% 넘게 하락했다.  특히 중국 본토 자본 기반의 부동산 우량주들이 무더기로 하락했고, 과학기술주와 중국 본토 대형 보험사들도 아래를 향했다.   [사진 = 바이두]  현재까지 알려진 헝다그룹의 총 부채는 1조9500억 위안으로, 중국 부동산 업체 부채 규모 중 가장 많은 것으로 전해졌다. 이는 지난 2014년 중국 75개 부동산 기업의 총 부채 규모(1조9000억원)와 맞먹는 수준이다.  앞서 18일 헝다그룹은 '헝다 자산 투자상품 상환 방안'에 근거해 부동산으로 대체 상환하는 작업에 착수했다고 밝혔지만 투자자들의 불안감은 사그라들지 않는 모습이다.  데이터 제공업체 윈드에 따르면 인민은행도 지난 금요일과 토요일 역레포(역환매조건부 채권) 거래를 통한 공개시장 조작을 통해 1900억위안의 유동성을 투입했지만 시장을 진정시키기에는 역부족이었다.  시장 참가자들은 21일부터 시작되는 연방공개시장위원회(FOMC) 정례회의에도 촉각을 곤두세우며 테이퍼링(자산매입 축소) 개시에 관한 구체적 단서가 나올지 예의주시하고 있다.  인도 주식시장도 하락 중으로, 금속 업종이 개장초부터 아래를 향하며 소비재 관련주 상승을 상쇄하는 모습이다.  한국시간 기준 오후 4시 51분 현재 니프티50 지수는 0.2% 하락 중이며, S&P BSE 센섹스 지수는 0.1% 정도 내리고 있다.  이날 인도 증시에서 금속 업종은 3% 넘게 빠졌는데, 타타스틸이 6% 이상 밀리며하락 분위기를 주도하고 있고, 경쟁 업체인 JSW스틸도 3% 내리고 있다.  반면 소비재 관련주는 위를 향하고 있는데, 인도 최대 농업 비즈니스 기업인 ITC그룹이 2% 가까이 뛰고 있다. IDBI 캐피탈 리서치 대표인 AK 프라바카르는 코로나 백신 접종으로 관광객 유입이 늘어날 것이란 기대감이 ITC 주가를 밀어 올리고 있다고 설명했다.  한편 투자자들은 미 의회의 정부 부채 한도 논란과 조 바이든 대통령이 추진하는 4조달러 예산 처리 상황 역시 긴장감 속에 지켜보고 있다.  전날 미국 투자 전문매체 마켓워치의 마크 헐버트 칼럼니스트는 미국정치권에서 정부 부채 한도 논란이 거세지면서 앞으로 2주 동안 주식 시장이 하락할 것이란 전망을 내놓기도 했다.  kwonjiun@newspim.com [9/16 홍콩증시종합] '1%대 하락', 헝다 디폴트 우려 '부동산株' 급락세 지속  헝다 위기속 '부동산 사업' 철수 광우발전 주가 일주 연속 상한가 중국금융위기 뇌관 우려? 헝다부동산 어떤 기업    ▶▶[무료 공개]◀◀ 지금 ""1,000만원""만 있어도 당장 ""이것""부터 사라!! >>> (무료 체험) ▶[급등임박 공개]◀ 2021년 상반기 “정부정책 수해주” TOP 10 긴급공개 >>> (바로확인) ▶역대급! 1,000% 셀트리온 뛰어넘을 외국인+기관 순매수 TOP3 (CLICK) ▶<세계최초>신약재료+美승인!! 1500%↑터질 역대급 바이오株 [종목확인하기]       저작권자(c) 글로벌리더의 지름길 종합뉴스통신사 뉴스핌(Newspim), 무단 전재-재배포 금지"
94,5,"2021-09-20","17:08:47","FRB-COMMENT-FX의 움직임은 위험 회피와 배치된다.","BUZZ-COMMENT-Ahead of Fed, FX movement contradicts talk of risk aversion .storyContent * {border-color:inherit !important;outline-color:inherit !important;} 9월 20일(로이터) - 트레이더들은 올해 가장 중요한 연방준비제도이사회(Federal Federal Federation) 회의와 많은 다른 대형 중앙은행 결정이 통화의 위험 전망에 미칠 영향에 대해 우려하고 있다. 그러나 그것은 그들의 가격 행동에 반영되지 않았고, 그 중 많은 부분이 긍정적이다.  유로, 엔화, 스위스 프랑과 같은 안전하다고 생각되는 통화는 하락하고 있으며 프랑화는 몇 달 동안 상승했다가 명백히 위험을 꺼리는 기간에 하락하는놀라운 반전을 보이고 있다.  금은 또한 떨어졌는데, 이것은 여전히 금속이 보통 울타리로 보이는 인플레이션에 대한 높은 공포를 감안할 때 낯선 것이다.  만약 위험 회피가 미국 중앙은행이 경기부양을 줄이고 다른 은행들이 긴축이나 인상률을 이야기한다면, 최근의 움직임은 테이퍼에 대한 위험 혐오 반응을 악화시킬 것이다.  만약 터키가 9월 23일에 금리를 인하한다면, 이 부정적인 반응은 안전자산에 대한 수요를 더욱 증가시킬 것이다.   자세한 내용을 보려면 을 클릭하십시오. FXBUZ        (Jeremy Boulton is a Reuters market analyst. The views expressed are his own)  jeremy.boulton@thomsonreuters.com        (c) Copyright Thomson Reuters 2020. Click For Restrictions - https://agency.reuters.com/en/copyright.html   원문바로가기    DISCLAIMER  레피니티브의 사전, 서면 승인 없는 톰슨로이터 콘텐츠의 재생산이나 재배포는 금지되어 있습니다. 이 기사의 한국어 번역은 에프앤가이드가 사용하는 기계적 번역에 의한 것으로 톰슨로이터와 레피니티브는 번역의 정확성을 보증하지 않습니다."
94,6,"2021-09-20","17:08:02","푸틴 이끄는 통합러시아당, 총선서 압승…""3분의 2 의석 확보할 듯""","기존 대비 의석수는 줄어들 듯…생활 수준 둘러싼 유권자 불만 반영        블라디미르 푸틴 러시아 대통령이 끄는 통합러시아당이 하원 의원 선출을 위해 지난 17일부터 19일까지 치러진 총선에서 3분의 2 의석을 확보하면서 압승을 거둔 것으로 알려졌다. 다만 기존 대비 의석수는 소폭 줄어들 전망이다.   블룸버그통신은 20일 러시아 중앙선거관리위원회를 인용, 개표가 75% 진행된 시점에서 통합러시아당이 하원 의석(정수 450석)의 3분의 2 정도를 차지할 전망이라고 보도했다. 이 당은 대부분 지역에서 승리를 거뒀지만, 시베리아 일부 지역에서는 제1야당인 공산당에 패했다.   75% 이상의 투표 결과에 따르면 통합러시아당은 정당명부투표에서 49%의 득표율을 획득, 20%의 지지율을 확보한 공산당을 앞섰다. 비례대표와 같은 225석을 다투는 지역 경선 결과를 합하면 통합러시아당은 전체 450석 가운데 304석을 확보할 전망이라고 타스통신이 전했다.   이는 현재 통합러시아당이 하원 전체 의석에서 차지하고 있는 334석에서 소폭 감소한 규모다. 총선에서 승리는 거뒀지만, 기존에 갖고 있던의석이 줄어든 셈이다.   블룸버그통신은 “여론조사에서 푸틴 대통령 본인은 광범위한 국민의 지지를 유지하고 있지만, 그가 이끄는 통합러시아당의 지지율은 올해 들어 약 10년 만에 낮은 수준으로 떨어져 있었다”며 “여기에는 생활 수준을 둘러싼 유권자들의 불만 등이 배경에 있다”고 설명했다.   변효선 기자(hsbyun@etoday.co.kr)   [오늘의 핫클릭] ●추석맞이 장보기, 대형마트 휴무일 확인하세요 ●국산 코로나19 치료제 개발 ‘속도’...어디까지 왔나  ●▶▶주식 30만원으로 시작한다면 꼭 '이렇게' 해라! [클릭] ●통장에 50만원 있다면 ""이종목"" 꼭 매수해라!! [클릭] ●▶美 FDA 임상3상완료! 2000 조 시장 거머쥘 바이오 新대장주 [확인] ●▶기관, 외인 2000만주 이상 거침없는 대규모 매집! ""o o o"" 인수전 시작! (확인) ●▶최종목표 1500%! 美 FDA 임상3상 긴급승인! 잭팟 터질 바이오株! [클릭]         이투데이(www.etoday.co.kr), 무단전재 및 수집, 재배포금지   프리미엄 경제신문 이투데이    "
94,7,"2021-09-20","17:07:36","자산에 대해 10달러를 조언하는 투자 컨설턴트가 기후 이니셔티브를 시작함","Investment consultants advising $10 trln in assets launch climate initiative .storyContent * {border-color:inherit !important;outline-color:inherit !important;} 런던, 9월 20일(로이터) - 연기금과 보험회사에 10조 달러의 자산에 대해 조언을 하는 12개의 투자 컨설팅 회사가 함께 '넷제로 투자 컨설턴트'의 이니셔티브를 시작했다고 월요일 컨설턴트들이 말했다.  컨설턴트들은 2050년까지 전 세계 순 제로 배출 목표를 위해 유엔의 ""레이스 투 제로""캠페인에 의해 지지된 약속을 하고 있다고 그들은 성명에서 말했다.              (Reporting by Carolyn Cohn; editing by Tom Wilson)  carolyn.cohn@thomsonreuters.com ; 44 207 513 4391; ))     (c) Copyright Thomson Reuters 2020. Click For Restrictions - https://agency.reuters.com/en/copyright.html        Keywords: CLIMATECLIMATE /INVESTMENT-CONSULTANTS (URGENT)   원문 바로가기    DISCLAIMER  레피니티브의 사전, 서면 승인 없는 톰슨로이터 콘텐츠의 재생산이나 재배포는 금지되어 있습니다. 이 기사의 한국어 번역은 에프앤가이드가 사용하는 기계적 번역에 의한 것으로 톰슨로이터와 레피니티브는 번역의 정확성을 보증하지 않습니다."
95,1,"2021-09-20","16:59:51","BUZ-COMMENT-달러의 불 사이클이 8월 정점을 탐사할 것으로 보인다.","BUZZ-COMMENT-Dollar's bull cycle looks set to probe the August peak .storyContent * {border-color:inherit !important;outline-color:inherit !important;} 9월 20일 - 투기성 달러화 기간이 최근 감소하여 남아 있는 상승들이 그린백을 더 높이 차지할 수 있는 공간을 제공했다. 중기 기술도는 기초적인 강세 시장 구조를 보강해 상승 잠재력을 더하고 있다.   상품선물거래위원회 자료에 따르면 9월 14일 마감되는 한 주 동안 투기꾼들이 보유한 순달러화 가치는 전주(109억3000만달러)에서 99억9000만달러로 떨어졌다.  달러화를 6개 통화로 추적하는 미국 달러화 지수는 몇 주 전 89.533대 93.734대(8월)의 38.2%인 92.129 피보나치 수준에서 하락세를 보였다. 베어 트랩은 시장이 기술 수준 이하로 부서졌다가 나중에 역전될 때 설정된다. 그것은 93.734년 8월 최고점까지 계속될 것으로 보이는 강세 사이클로 이어졌다.  투자자들은 이번 주 연방준비제도이사회(FRB)가테이퍼링에 한 발짝 더 다가설 것에 대비하는 가운데 부채가 많은 개발업체인 차이나 에버그란데의 재앙이 조심스러운 분위기에 더해지면서달러화 가치가 아시아에서 한 달 만에 최고치를 기록했다.       자세한 내용을 보려면 을 클릭하십시오. FXBUZ   (Martin Miller is a Reuters market analyst. The views expressed are his own)  martin.miller@thomsonreuters.com        (c) Copyright Thomson Reuters 2020. Click For Restrictions - https://agency.reuters.com/en/copyright.html   원문 바로가기    DISCLAIMER  레피니티브의 사전, 서면 승인 없는 톰슨로이터 콘텐츠의 재생산이나 재배포는 금지되어 있습니다. 이 기사의 한국어 번역은 에프앤가이드가 사용하는 기계적 번역에 의한 것으로 톰슨로이터와 레피니티브는 번역의 정확성을 보증하지 않습니다."
95,2,"2021-09-20","16:59:47","BUZ-Japan의 엔화는 상당한 가치 상승을 위해 무르익었다.","BUZZ-Japan's yen is ripe for a significant rise in value .storyContent * {border-color:inherit !important;outline-color:inherit !important;} FX 거래자들은 안전자산인 엔화가 많이 부족하다. IMM/FX   대부분의 주식시장의 급격한 하락에서 리스크 기피 현상이 뚜렷하다.    엔화는 다년간의 하락세의 근저에 근접했다.   엔화가 극도로 약해 싸고 트레이더도 부족하다.   엔화가 위험 회피에 대한 최적의 회피 방법인것 같다.   2020-21 손실을 시정하기 위해서는 4.5%의 엔 상승이 필요하다.               (Jeremy Boulton is a Reuters market analyst. The views expressed are his own)  jeremy.boulton@thomsonreuters.com        (c) Copyright Thomson Reuters 2020. Click For Restrictions - https://agency.reuters.com/en/copyright.html   원문 바로가기    DISCLAIMER  레피니티브의 사전, 서면 승인 없는 톰슨로이터 콘텐츠의 재생산이나 재배포는 금지되어 있습니다. 이 기사의 한국어 번역은 에프앤가이드가 사용하는 기계적 번역에 의한 것으로 톰슨로이터와 레피니티브는 번역의 정확성을 보증하지 않습니다."
95,3,"2021-09-20","16:59:35","터키서 로마 시대 문화재 80여 건 반출 시도한 밀수업자 체포","터키서 로마 시대 문화재 80여 건 반출 시도한 밀수업자 체포         (이스탄불=연합뉴스) 김승욱 특파원 = 터키에서 로마 시대 문화재 80여 건을 밀반출하려던 업자가 경찰에 체포됐다.      터키 관영 아나돌루 통신에 따르면 터키 경찰은 20일(현지시간) 올리브 통에 문화재를 숨겨 국외로 반출하려고 한 혐의로 O·E로 알려진남성을 체포했다.      경찰은 이스탄불 캬흐타네와 베이오을루 지역의 창고를 급습해 로마 시대 동전 30개와 놀이 도구 등 86건의 문화재를 압수했다.      터키 당국은 문화재 밀반출을 막기 위해 불가리아, 크로아티아, 세르비아 등과 국제 공조 수사를 펼쳐 올해 들어서만 4천122건의 문화재를 회수했다.      아울러 밀수업자 76명을 체포하고 92명에 대해 체포영장을 발부받았다.      터키는 히타이트·그리스·로마 유적지를 비롯해 초기 기독교 관련 유물이 국토 전역에 산재해 있어 문화재 도굴·밀반출이 빈번하게 이뤄지며, 이를 막기 위해 당국도 적극적인 단속을 벌이고 있다.      kind3@yna.co.kr   (끝)     <저작권자(c) 연합뉴스, 무단 전재-재배포 금지>"
95,4,"2021-09-20","16:59:00","BUZ-Sopra Steria는 Atos를 목표로 하고 있다고 언론에 보도되었다.","BUZZ-Sopra Steria falls on media report it's targeting Atos .storyContent * {border-color:inherit !important;outline-color:inherit !important;} ** 소프라 스토리아 주식 SOPR.PA BFM 사업 후 7% 하락 reported 프랑스 IT 회사및 방위 그룹 탈레스 TCFP.PA IT 컨설팅 그룹 Atos를 주시하고 있었다. ATOS.PA, 이름 없는 출처를 인용하며  ** Invest Securities, Oddo BHF의 분석가들은 Sopra Steria가 Atos 전체를 대상으로 할 가능성은 낮다고 보고 있으며, Oddo는 Atos가 일부 자산을 매각하는것에 의해 연료가 공급될 수 있다는 루머에 대해 회의적이다.  ** 오도 BHF는 ""탈레스와 같은 여러 플레이어가 아토스의 사이버 보안 활동에 관심을 갖는 것은 논리적으로 보인다""면서 ""그러나 이 그룹은 특히 재무 상황이 위험하지 않기 때문에 판매할 준비가 되지 않은 것 같다""고 말했다.  ** Invest Securities' Matthieu Lavilluniere는 Sopra Steria-Atos의 합병만이 유일한 가능성이라고 믿고 있지만, 이는 Sopra의 성장을 방해할 수 있다.   ** 협상은 상당한 시너지 효과를 가져올 수 있다고 그는 말하며, 프랑스에서의 아토스의 상대적으로작은 직책은 프랑스에서의 ""지배적 지위""에 대한 질문을 제한할 것이라고 덧붙였다.  ** Thales의 주가는 1.8% 하락했고 Atos는 1.8% 상승     (Reporting by Sarah Morland)  sarah.morland@tr.com        (c) Copyright Thomson Reuters 2020. Click For Restrictions - https://agency.reuters.com/en/copyright.html   원문 바로가기    DISCLAIMER  레피니티브의 사전, 서면 승인 없는 톰슨로이터 콘텐츠의 재생산이나 재배포는 금지되어 있습니다. 이 기사의 한국어 번역은 에프앤가이드가 사용하는 기계적 번역에의한 것으로 톰슨로이터와 레피니티브는 번역의 정확성을 보증하지 않습니다."
95,5,"2021-09-20","16:58:55","20일 오후 고속도로 정체 일부 해소…서울→부산 '4시간 30분'","추석을 하루 앞둔 20일 오후 전국 고속도로 귀성 방향 정체가 일부 해소됐다.   한국도로공사에 따르면 이날 오후 4시 10분 기준 경부고속도로 부산 방향은 한남∼서초 4㎞ 구간에서 차들이 서행 중이다.   서울 방향은 청주~옥산, 안성분기점~남사, 양재 부근~반포 등 16㎞ 구간에서 정체되고 있다.    서해안고속도로 서울 방향은 당진 부근~서해대교, 서평택분기점~서평택분기점 부근, 발안~화성 부근 등 28㎞ 구간에서 차량이 늘어 제 속도를 내지 못하고 있다. 목포 방향은 교통이 원활하다.   수도권제1순환고속도로는 구리 방향 수락산터널∼사패산터널, 중동~송내 등 13㎞ 구간에서, 일산 방향은 소래터널 부근∼송내 3㎞ 구간에서차량들이 가다 서기를 반복 중이다.   영동고속도로 강릉 방향은 차랑 흐름이 원활하지만, 인천 방향은 진부 부근∼진부2터널, 턱평 부근~양재터널 등 17㎞ 구간에서 답답한 흐름을 보인다.   중부고속도로는 남이 방향 호법분기점∼모가 부근 2㎞ 구간과 하남 방향 서청주∼오창, 경기 광주IC~중부1터널 등 12㎞ 구간에서 차량 운행이 지체되고 있다.   이날 고속도로 전국 교통량은 405만 대로 예보됐다. 이 중 수도권에서 지방으로 39만 대, 지방에서 수도권으로 41만 대가 이동할 것으로 도로공사는 예상했다.   오후 5시 기준 서울 요금소를 출발해 전국 주요 도시까지 걸리는 시간은 부산 4시간 30분, 울산 4시간 10분, 대구 3시간 30분, 광주 3시간 20분, 대전 1시간 30분, 강릉 2시간 40분으로 예보됐다.   도로공사는 귀성 방향 경우 오후 7∼8시께 정체가 해소될 것으로 내다봤다.   이재영 기자(ljy0403@etoday.co.kr)   [오늘의 핫클릭] ●추석맞이 장보기, 대형마트 휴무일 확인하세요 ●국산 코로나19 치료제 개발 ‘속도’...어디까지 왔나  ●▶▶주식 30만원으로 시작한다면 꼭 '이렇게' 해라! [클릭] ●통장에 50만원 있다면 ""이종목"" 꼭 매수해라!! [클릭] ●▶美 FDA 임상3상완료! 2000 조 시장 거머쥘 바이오 新대장주 [확인] ●▶기관, 외인 2000만주 이상 거침없는 대규모 매집! ""o o o"" 인수전 시작! (확인) ●▶최종목표 1500%! 美 FDA 임상3상 긴급승인! 잭팟 터질 바이오株! [클릭]         이투데이(www.etoday.co.kr), 무단전재 및 수집, 재배포금지   프리미엄 경제신문 이투데이    "
95,6,"2021-09-20","16:58:48","수도권 수급 불균형 지속...매물 감추고, 집값 상승 여전 '이중고'",".ad {text-align:center; font-size:8pt; font-family:돋움;line-height:1.2}.title{font-size:14px;color:#203c76;font-weight:bold;margin-bottom:20px;}a,img {border:0; outline:none; selector-dummy:expression(this.hideFocus=true);}body,td,select,input,div,form,textarea,center,option,pre,blockquote {font-size:9pt; line-height:1.6; font-family:돋움;}table{width:100%; border:0px;}@media (min-width:650px){img {max-width:600px;height:auto}}@media (max-width:650px){img {max-width:500px;height:auto}}@media (max-width:550px){img {max-width:400px;height:auto}}@media (max-width:450px){img {max-width:300px;height:auto}}@media all and (max-width: 400px) {img {max-width:300px;height:auto}.tbl_dmd {width:340;text-align:right;border-collapse:collapse;}}.pv{display:none;}.popup {cursor : pointer;color:#0078c6;}.mttl {color:#821e1e;font-weight:bold;font-size:9pt;}.tldot {font-size:7pt;color:#0078c6;}td.pls {color:#ff3300;}td.mns {color:blue;}td.pls_ar {text-align:right;color:#ff3300;}td.ar {text-align:right;}td.ac {text-align:center;}.tbl_dmd {width:380;text-align:right;border-collapse:collapse;}.tbl_dmd {max-width:400;min-width:340;text-align:right;border-collapse:collapse;}.tbl_dmd td {padding-right:5;border:1px solid #dcdcdc;}.tbl_con {width:340;border-collapse:collapse;text-align:center;}.tbl_con td {padding-right:5;border:1px solid #dcdcdc;}r {display:none;} 제목 : 수도권 수급 불균형 지속...매물 감추고, 집값 상승 여전 '이중고'  [이코노믹리뷰=권일구 기자]올 가을 수도권 아파트분양시장에는 약 2만8,000여 가구의 일반 분양 물량이 쏟아질 전망이다. 수도권은 천정부지로 치솟는 아파트를 매매하기에는 자금에 대한 부담이 큰 만큼, 많은 실수요자들이 보다 합리적인 청약으로 몰릴 것으로 예상된다. 사진=이코노믹리뷰 박재성 기자 20일 부동산 정보업체 부동산인포에 따르면 분양 성수기인 9~10월 수도권에서는 총 2만8,417가구가 일반분양에 나설 예정이다.  수도권 물량의 약 73%가 경기(2만672가구) 에서 쏟아져 나오고, 인천 7,097가구, 서울 648가구 등이다. 특히 서울의 물량 대다수는 정비사업을 통해 나올 것으로 보인다.  수도권아파트의 매매가는 연일 상승세를 기록하고 있다. KB부동산 리브온 자료에 따르면 올해 1~8월까지 수도권 아파트 매매가격은 15.9% 상승했다. 이는 지난해 동기간 동안 6.3% 상승한 것과 비교하면, 올해는 9.0% 포인트 넘게 상승폭을 키운 것이다. 지역별로는 ▲인천 20.5% ▲경기 18.7% ▲서울 9.8% 순이다.  다만 매수세를 한풀 꺾인 모습이다. 부동산인포가 한국부동산원 아파트 매매 거래량 자료를 분석한 결과 올 상반기 수도권 아파트는 총 16만7,220건이 매매됐다. 지난해 상반기(23만7,720건) 대비 29.7% 급감한 수치다. 이 중 서울은 동 기간 4만8,298건에서 2만9,399건으로 무려 39.1% 감소했다. 이어 경기 27.9%(14만9,511건→10만7,811건), 인천 24.8% (3만9,911건→3만10건) 순이다.  이처럼 아파트값이 치솟자, 매수세는 크게 감소한 상황이다. 이에 실수요자와 무주택자들은 매매보다는 청약을 내집마련 하기에 최선의 방법으로 꼽고있다.  주택도시보증공사(HUG)의 자료에 따르면 수도권의 중형 면적기준 ㎡당 평균 분양가는 598만1667원으로, ㎡당 평균 매매가(873만7,336원, KB부동산 리브온) 보다 31.5% 저렴한 것으로 나타났다.  부동산인포는 ""수도권은 아파트 수요를 공급이 따라가지 못하는 수급불균형이 지속되면서 집값 상승세가 좀처럼 가라앉지 않고 있고 매물도 자취를 감추면서 실수요자들은 이중고를 겪고 있다""며 ""여기에 금리 인상으로 아파트 매매를 위한 신규 대출 부담이 커질 것이라는 예측도 등장하고 있는 만큼 수도권 실수요자들은 분양을 눈 여겨 봐야할 것""이라고 말했다.   해당 기사는 이코노믹리뷰(www.econovill.com)에서 제공한 것이며 저작권은 제공 매체에 있습니다. 기사 내용 관련 문의는 해당 언론사에 하시기 바랍니다.  ▶ [완.벽.적.중] 급등임박! 이번주 상한가 예상종목 (클릭) ◆ 4분기 정부 정책 최대 수혜주 TOP 5 (확인) ▶ [참여코드: 0713] 잘 고른 카톡방 하나가 계좌를 바꾼다! (입장하기) >> ◆ 아직도 싸다! 놓치면 후회 할 저평가 우량주 TOP5 ▶▶[무료 참여코드: 7676] 오늘 현재 무료체험 인원 1천 3백명! 기간무제한! 이용료 0원, 선착순마감직전, 지금 바로 입장!!            Copyright ⓒ True&Live 증시뉴스 점유율1위, 인포스탁(www.infostock.co.kr)"
95,7,"2021-09-20","16:56:23","중국 중추절 연휴, 푸젠성 코로나 확진자 364명으로 늘어","[서울=뉴스핌] 배상희 기자 = 중국 푸젠(福建)성 내 신종 코로나 바이러스 확진자 수가 열흘 만에 364명을 넘어섰다.   20일 중국 푸젠성 보건당국은 지난 9월 10일 0시부터 이날 오전 8시까지 푸젠성 확진자 수가 누적 기준 364명 발생했다고 밝혔다.  그 중푸톈(田)시가 191명으로 가장 많았고, 이어 샤먼(廈門)시 147명, 취안저우(泉州)시 23명, 장저우(州)시 3명의 순이었다.  중국 푸성 당국은 중추절(추석)과 국경절 연휴를 맞이해 푸젠발 델타변이 바이러스가 다른 지역으로 확산되는 것을 막기 위해 샤먼시와 푸톈시로 이어지는 여객운송을 중단하는 등 사실상 봉쇄 조치에 돌입했다.   전날 24시까지 푸톈, 취안저우, 샤먼, 장저우시에서 진행된 핵산검사 샘플 채취 건수는 연인원 3068만9000여 건이고, 연인원 2783만1000여 건이 검사를 완료했다.    [푸젠성 신화사 = 뉴스핌 특약]  pxx17@newspim.com    ▶▶[무료 공개]◀◀ 지금 ""1,000만원""만 있어도 당장 ""이것""부터 사라!! >>> (무료 체험) ▶[급등임박 공개]◀ 2021년 상반기 “정부정책 수해주” TOP 10 긴급공개 >>> (바로확인) ▶역대급! 1,000% 셀트리온 뛰어넘을 외국인+기관 순매수 TOP3 (CLICK) ▶<세계최초>신약재료+美승인!! 1500%↑터질 역대급 바이오株 [종목확인하기]       저작권자(c) 글로벌리더의 지름길 종합뉴스통신사 뉴스핌(Newspim), 무단 전재-재배포 금지"
96,1,"2021-09-20","16:39:18","캐나다 리서치 라운드업-캐나다 국가철도, 인트그레이 자원, 광속상업","CANADA RESEARCH ROUNDUP-Canadian National Railway, Integra Resources, Lightspeed Commerce .storyContent * {border-color:inherit !important;outline-color:inherit !important;} 9 월 20일(로이터) - 증권 분석가들은 월요일 캐나다 국영 철도, Integrra Resources 및 광속 무역을 포함한 몇몇 캐나다 기업에 대한 등급과가격 목표를 수정했다.      하이라이트     * 캐나다 국립 철도 회사 CNR.TO: 캐나다 국립은행이 C$144에서 C$151로 PT 상승   * Integrra 리소스 ITR.V: 캐나다 국립은행이 최고 등급으로 커버리지 재개   * Lightspeed Commerce Inc. LSPD.TO: CIBC가 C$155에서 C$195로 가격 목표 상승      로이터통신이 24일 보도한 캐나다 기업에 대한 연구활동 요약본은 다음과 같다. 재고품목의 순서는 알파벳순으로 되어 있다.        * 오로라 대마초 주식회사 ACB.TO: MKM 파트너, C$9에서 C$6으로 가격 목표 인하    * 캐나다 국립 철도 회사 CNR.TO: 캐나다 국립은행이 C$144에서 C$151로 PT 상승    * 화강암 리트 GRT_u.TO: 캐나다 국립은행, C$94에서 C$105로 목표가격 인상    * I-80 골드 코퍼레이션 IAU.TO: RBC는 최고 등급으로 시작, 가격 목표 C$5    * Integrra 리소스 ITR.V: 캐나다 국립은행이 최고 등급으로 커버리지 재개   * Integrra 리소스 ITR.V: 캐나다 국립은행이 C$6.50 PT로 커버리지 재개   * Lightspeed Commerce Inc. LSPD.TO: CIBC가 C$155에서 C$195로 가격 목표 상승    * NFI 그룹 Inc. NFI.TO: Atb Capital Markets, 목표 가격 C$38에서 C$34로 인하    * NFI 그룹 Inc. NFI.TO: CIBC가 C$34에서 C$30으로 가격 목표인하       (Compiled by Bengaluru Newsroom)  Diaries@thomsonreuters.com     (c) Copyright Thomson Reuters 2020. Click For Restrictions - https://agency.reuters.com/en/copyright.html        Keywords: RESEARCH-CANADA/   원문 바로가기    DISCLAIMER  레피니티브의 사전, 서면 승인 없는 톰슨로이터 콘텐츠의 재생산이나 재배포는 금지되어 있습니다. 이 기사의 한국어 번역은 에프앤가이드가 사용하는 기계적 번역에 의한 것으로 톰슨로이터와 레피니티브는 번역의 정확성을 보증하지 않습니다."
96,2,"2021-09-20","16:39:05","BUZ-Prudential 슬럼프, 홍콩 주식 매각 29억 달러 마련 계획","BUZZ-Prudential slumps, plans to raise $2.9 bln in Hong Kong share sale .storyContent * {border-color:inherit !important;outline-color:inherit !important;} ** 영국 보험사 주식PRU.L 5% 하락한 1,371펜스, 영국 우량지수 1위 하락 종목 중 주가 .FTSE  ** 1월 28일 이후 최대 일일 손실 기록  ** PRU는 토요일에 홍콩 증권 거래소에 대한 동시 공매도와 국제 주식 배분을 통해 225억 홍콩달러(약 28억9,000만 달러)를 조달할 계획이라고 밝혔다.  ** 발행된 주식 자본의 5%인 1억 380만주를 주당 172달러로 제공   ** 신주 3270만주 추가 발행 가능 - co     ($1 = 7.7876 홍콩 달러)     (Reporting by Priyanshi Mandhan in Bengaluru)  Priyanshi.Mandhan@thomsonreuters.com ; +91 9650985606; ))        (c) Copyright Thomson Reuters 2020. Click For Restrictions - https://agency.reuters.com/en/copyright.html   원문 바로가기    DISCLAIMER  레피니티브의 사전, 서면 승인 없는 톰슨로이터 콘텐츠의 재생산이나 재배포는 금지되어 있습니다. 이 기사의 한국어 번역은 에프앤가이드가 사용하는 기계적 번역에 의한 것으로 톰슨로이터와 레피니티브는 번역의정확성을 보증하지 않습니다."
96,3,"2021-09-20","16:38:52","신흥시장-아시아 FX, 연준으로 인해 주가가 주춤하고, 또래들이 주목받게 된다.","EMERGING MARKETS-Asia FX, stocks falter as Fed, peers come into focus .storyContent * {border-color:inherit !important;outline-color:inherit !important;}  9월 20일 (로이터) - 말레이시아 링깃은 월요일, 미국 달러화가 적어도 12개의 중앙은행 회의가 지배할 예정이었던 일주일 초에 폭락하면서 2개월 반 만에 가장 큰 폭의 하락과 지역 통화의 손실을 주도할 준비가 되어 있었다.  필리핀 증시는 휴일로 인한거래로 아시아 증시가 큰 폭으로 하락하며 아시아 증시의 상승폭을 키웠다. .PSI태국. .SETI 그리고 싱가폴도 .STI 0.6%와 0.8% 사이에서 텀블링.  미국 연방준비제도이사회(Fed·연준)가 주도하고 있는 중국, 일본, 대만, 인도네시아, 필리핀의 중앙은행 정책회의가 이번 주에 열릴 예정이다.  인도네시아 주식 .JKSE 1% 이상 잃었고 루피아도 잃었다. IDR= 화요일로 예정된 Bank Indiansia (BI) 회의를 앞두고 약세를 보였는데, 이 회의에서는 중앙은행이 기준금리를 안정되게 유지할 것이라는 전망이 우세하다.   BI는연방준비제도이사회(Fed·연준)의 경기부양 논의 속에 경기회복과 루피아에 가해지는 압박의 균형을 맞추기 위해 노력하면서 지난 2월 이후최저금리를 유지하고 있다.  앤서니 케빈 미래에셋세쿠리타스 이코노미스트는 ""루피아(rupia)의 비교적 강한 위치를 유지하기 위해 중앙은행이 안전하게 플레이할 것으로 판단해 정책금리가 안정적으로 유지될 것으로 기대한다""고 말했다.  루피아는 올해 약 1.5% 약세를 보였지만 대부분의 동료들보다 훨씬 잘 해냈다.  달러화 강세로 신흥국 통화가 약세를 면치 못하면서 부채가 많은 개발업체 차이나에버그란데에 대한 우려가 커지고 있다. 3333.HK 상인들이 위험을 피하도록 자극했다. FRX/  에버그란데의 임박한 지불 의무 이행 능력에 대한 우려는 최근 몇 주 동안 아시아 시장에 그림자를 드리우고 있는데, 이는 중국의 금융 시스템에 더 광범위한 위험을 내포하고 있기때문이다.   말레이시아 링깃 MYR= 쿠알라룸푸르의 주식은 7월 8일 이후 최저치로 0.4% 하락했다. .KLSE 거의 한 달 만에최저치를 기록하다  부패혐의로 유죄판결을 받은 나지브 라작 전 말레이시아 총리는 23일 로이터통신과의 인터뷰에서 ""의회 재선 도전을 배제하지 않았다""고 밝혀 정치적 불확실성이 더욱 커질 것으로 우려된다.   말레이시아의 전통적인 집권당인 통합말레이스 국가기구는 연합군이 무히딘 야신 총리를 내친 후 지난 달 권좌에 복귀했다.  필리핀 페소 PHP= 이번 주 방코 센트랄 ng필리피나스(BSP) 회의를 앞두고 0.2% 하락했다.  네덜란드 은행 ING의 애널리스트들은 중앙은행이 최근의 COVID-19 억제 이후 정책을 수용하겠다고 다짐했지만 ""현재 비우호적인 인플레이션 상황을 감안할 때 BSP가 추가로 완화될 가능성은 매우 희박하다""고 말했다.  지난주 BSP는 전염성이 높은 COVID-19 변종의 출현에 따른 위험을 이유로 올해 경상수지 흑자 전망치를 대폭 낮추고 내년에는 적자를 전망하고 있다.   주요 내용:  ** 태국 10년 기준 수익률 TH10YT=RR 1.8%로 4 베이시스 포인트 하락.  ** 자카르타 주가 지수 1위 탈락자 .JKSE 베톤자야 마농갈이다 BTON.JK, 6.9% 하락했다.  ** 필리핀의 경우, 기준지수의 상위 탈락자는 Alliance Global Group AGI.PS, 5.2% 하락했다.        아시아 증시와 통화, GMT 0653            컨트리  FX RIC  FX Daily %  FX YTD %  색인  주식 데일리 %  주식 YTD %   일본.  JPY=  +0.11  -6.01  .N225  0.00  11.13   인도  INR=IN  -0.24  -0.79  .NSEI  -0.35  25.33   인도네시아  IDR=  -0.11  -1.40  .JKSE  -1.15  1.40   말레이시아  MYR=  -0.47  -4.05  .KLSE  -0.83  -5.62   필리핀  PHP=  -0.24  -4.29  .PSI  -0.79  -3.95   싱가포르  SGD=  -0.22  -2.29  .STI  -0.66  7.28   태국.  THB=TH  -0.39  -10.19  .SETI  -0.59  11.50       (Reporting by Shashwat Awasthi; Editing by Sherry Jacob-Phillips)  Shashwat.Awasthi@tr.com     (c) Copyright Thomson Reuters 2020. Click For Restrictions - https://agency.reuters.com/en/copyright.html        Keywords: EMERGING-MARKETS/ASIA   원문 바로가기    DISCLAIMER  레피니티브의 사전, 서면 승인 없는 톰슨로이터 콘텐츠의 재생산이나 재배포는 금지되어 있습니다. 이 기사의 한국어 번역은 에프앤가이드가 사용하는 기계적 번역에 의한 것으로 톰슨로이터와 레피니티브는 번역의 정확성을 보증하지 않습니다."
96,4,"2021-09-20","16:38:06","추석 고향 방문 원희룡 “대한민국 미래를 여는 제주 만들 것”","20일 제주지역 기자간담회, ‘잘 준비된 후보’ 지지 호소     국민의힘 대선 경선 후보인 원희룡 전 제주도지사가 20일 오전 제주시 연동 국민의힘 제주도당 회의실에서 기자간담회를 하고 있다.2021.9.20/뉴스1  ■ 공항 선별진료소 격려, 4·3평화공원 참배   [제주=좌승훈 기자] 대권 도전을 위해 국민의힘 경선에 나선 원희룡 후보가 추석을 앞두고 20일 고향 제주를 찾았다. 지난 8월 11일 제주지사 직을 중도에 사퇴한 후 40일 만의 공식 일정이다.   원 후보는 2차 컷오프 경선 진출자(8명) 명단에 이름을 올린 가운데, 이날 오전 국민의힘 제주도당에서 기자간담회를 갖고 모든 면에서 가장 준비가 잘된 후보임을 강조하며 지지를 호소했다.   원 후보는 먼저 “정권 교체를 위해, 보다 잘 살고 희망이 있는 대한민국을 만들기 위해 제주의 아들로서 분명히 해야 될 몫과 할 수 있는 기회가 있다”며 “제주도민께서 변함없는 더 소중한 성원으로 도와 달라”고 말했다.    원 후보는 특히 “지난 7년 1개월 동안의 제주지사 직을 수행하며 중국 자본으로부터 난개발을 차단하고 탄소 없는 섬과 블록체인을 통한 디지털 혁신도시와 같은 제주의 청사진을 그려왔다“며 ”그동안 쌓은 경험을 토대로 제주를 대한민국의 미래를 가장 먼저 실천하는 지역으로 만들기위해서 노력하겠다”고 밝혔다.   이어 “제주 제2공항과 신항만 사업을 비롯해 청정제주 송악선언이 변함없이 이어가야 한다”며“조만간 대선 공약에 담아 제주도민들께 설명하겠다” 덧붙였다.     20일 원희룡 국민의힘 대선 경선 후보가 제주4·3평화공원에서 참배하고 있다.2021.9.20/뉴스1    20일 원희룡 국민의힘 대선 경선 후보가 제주4·3평화공원에서 참배후 방명록을 쓰고 있다. 이날 원 후보는 “4·3의 평화, 상생 정신이 다음 세대가 더 잘 사는 대한민국의 미래를 여는 힘이 될 것입니다.”라고 썼다.2021.9.20/뉴스1  고향인데도 지지율이 낮다는 지적에 대해서는 “출발점에서의 현실을 냉철하게 인식하고 있다. 여론이라는 것은 변하기 때문에 제주도민들의 마음에 다가가는 과정이 더 치열하게 필요하다는 것으로 받아들이고 있다”고 말했다.   원 후보는 이어 “현재까지 순위에 큰 변동이 없지만, 2차 경선과 6번의 토론, 그리고 당 투표와 3차 경선을 진행하다 보면, 10회 이상의 토론을 진행하게 된다”며 “특히 더불어민주당 후보가 확정된 상태라면, 본선 경쟁력과 국정 운영 준비 등으로 초점이 옮겨가기 때문에 국민들에게 평가를 받으며 변할 수 있는 과정이 남았다고 생각한다”고 자신감을 내비쳤다.   국민 여론조사 70%, 당원투표 30%를 반영해 4명을 가려내는 2차 컷오프는 오는 10월 8일 발표한다. 2차 컷오프에서는 1차 컷오프보다 당원 비율이 높아져당심 잡기가 한층 중요해졌다.   원 후보는 이날 기자간담회에 앞서 제주국제공항 워크스루 선별진료소를 방문해 의료진을 격려한뒤 제주4·3평화공원을 방문해 4·3영령들을 참배했다. 이어 추석 당일인 21일 서귀포시에 있는 본가를 방문한 뒤 상경한다.   jpen21@fnnews.com 좌승훈 기자  ▶1500% 가는 '제2의 HMM' 아직 5000원대 황금株, 급등 전 마지막 기회! [클릭] ▶“주식카톡방 완전무료 선언” 파격결정  [파이낸셜뉴스 주요뉴스]  → 시댁 돈 노리는 아내와 형수, 둘 관계가..소름 → 김부선, 의미심장한 고백 ""이재명, 점 안 뺐다. 제주도에서.."" → '불임 치료' 아내, 아들 2명 출산.. DNA 검사 해보니 → 사법고시 5번 떨어진 홍준표 ""윤석열 후보는.."" → 미모의 시골 교사, 10년간 받은 기부금이 무려.. → 빨간 나라로 가는 노란 티켓 [파인애플]  ● 하루만에 高수익 챙길 ‘초대형’ 백신 대장株! 비밀리에 입수! 1200% ↑↑ (CLICK)  ▶▶[무료공개]◀◀ 지금 ""1,000만원""만있어도 당장 ""이것""부터 사라!! >>> (무료 체험)   ※ 저작권자 ⓒ 파이낸셜뉴스. 무단 전재-재배포금지 "
96,5,"2021-09-20","16:36:17","Equinor는 트롤, 오세베르크 가스 수출에 대한 허가를 얻었다고 DN이 보도했다.","Equinor wins permission to hike Troll, Oseberg gas exports, DN reports .storyContent * {border-color:inherit !important;outline-color:inherit !important;} 오슬로, 9월 20일 (로이터) - 노르웨이의 에퀴노르 EQNR.OL 토니 틸러 노르웨이 석유 및 에너지부 차관은 24일(현지시간) 대겐스 내링슬리브 신문과의 인터뷰에서 ""유럽에 대한 송유관 가스 수출을 늘리기 위한 허가를 받았다""고 밝혔다.     (Reporting by Terje Solsvik, editing by Gwladys Fouche)  terje.solsvik@thomsonreuters.com ; +47 918 666 70) )     (c) Copyright Thomson Reuters 2020. Click For Restrictions - https://agency.reuters.com/en/copyright.html        Keywords: EQUINOR-GAS/ (URGENT)   원문 바로가기    DISCLAIMER  레피니티브의 사전, 서면 승인 없는 톰슨로이터 콘텐츠의 재생산이나 재배포는 금지되어 있습니다. 이 기사의 한국어 번역은 에프앤가이드가 사용하는 기계적 번역에 의한 것으로 톰슨로이터와 레피니티브는 번역의 정확성을 보증하지 않습니다."
96,6,"2021-09-20","16:36:10","인도레 콩, 콩기름, 콩밥 오픈 - 9월 20일","Indore Soybean, Soy oil, Soy meal Open - Sep 20  인도르 콩, 콩기름, 콩기름-9월 20일 오픈       인도르 만디에서는 오늘 콩 가격이 약세로 개장했는데, 이는 더 높은 가격에 구매 지원이 부진한 탓이다. 콩 유가는 판매 증가에 대한 낮은 매수 지지에 약세로 개장했다. 한정된 구매 문의에 콩값이 약세를 보였다.  콩 가격 인도어(평균)(5% GST 제외), 루피/톤:     콩노랑                        Monday's           PreviousMarket delivery     55,000-69,900      65,000-79,900(Auction prices)Market delivery     55,200-70,000      65,200-80,000(Traders' prices)     콩 노란색으로 색상이표시되고 루피/톤으로 표시된 시장 가격이 표시됨인도르, 무역 소식통에 따르면                  Arrivals     Auction price     Traders' price    Indore               450       55,000-69,900          55,200-70,000     톤당 루피(수분 10%, 토양 2%, 피해 상태 2%)로 환산한 월요일 콩 공장 인도 가격(5% GST 5% 제외:    Adani Export          --Agrawal oil Rau       --Agrawal oil Neemuch   --Ambika Solvex         --Amrit Mandsour        --AV Agri               --Bansal Bhopal         --Betul Oil             --Coronation Biaora     --Dhanuka Neemuch       64,000General Foods         57,500 (1-10 October delivery)Gujarat Ambuja        --Itarsi Oil&Flours     71,000ITC          --Khandwa Oils          --Kriti Ind.            70,000KP Solvex Newari      --Laxmi Solvex          --Living Food  --Mahakali              71,000Maloo Ind.            --Mittal Soya           --MS Neemuch            --MS Pachore            --Prakash Solvex        71,000Prestige Foods        --Rama                  --RH SeoniRuchi                 57,500 (1-10 October delivery)Sawariya Itarasi      74,000Simran                --Sonic Biochem         --Vippy                 --        인도어의 루피/톤 단위의 콩 기름 가격(평균): (5% GST 제외)                                            Monday's open        Previous closeSoyoil solvent crushing plant delivery  1,27,600-1,27,700    1,28,100-1,28,200market delivery                         1,27,900-1,28,000    1,28,400-1,28,500Soyoil refined crushing plant delivery# 1,34,200-1,34,300    1,35,000-1,35,100Soyoil refined market delivery#         1,34,400-1,34,500    1,35,200-1,35,300     15리터짜리 주석당 루피(5 % GST 포함)로 된 콩기름의 평균 가격 범위,Indore의 시장 제공:                                          Monday's open      Previous close    Soyoil refined (most brands)    2020-2110            2020-2110  Soyoil refined (premium brands)   2120-2170            2120-2170     루피/톤 단위의 콩밀 옐로 오프닝 평균 가격: 5% GST 제외)                                              Monday's open       Previous        Spot delivery(45-46% protein)            73,000-73,050       83,000-83,050    Spot (48 % protein)                      73,100-73,150       83,100-83,150           참고: (운송은 공장 인도 가격에서 제외되지만 포함됨시가로)        (방갈로어 상품 데스크, +91-080 67491361, e-메일) commodities@refinitiv.com   원문바로가기    DISCLAIMER  레피니티브의 사전, 서면 승인 없는 톰슨로이터 콘텐츠의 재생산이나 재배포는 금지되어 있습니다. 이 기사의 한국어 번역은 에프앤가이드가 사용하는 기계적 번역에 의한 것으로 톰슨로이터와 레피니티브는 번역의 정확성을 보증하지 않습니다."
96,7,"2021-09-20","16:35:33","안선희 릴리커버 대표 인터뷰 '대구 스케일업(SCALE-UP) 콘퍼런스 2021'","▶▶▶ 선취없이 월0.2%대 최저금리 부자네스탁론, 한도소진 임박!!!      안녕하세요 글로벌 뷰티 테크 스타트업 주식회사 릴리 커버 대표 안선희입니다. 저희는 피부를 진단하고 진단에 맞춘 결과를 토대로 맞춤형 화장품을 구독형으로 사용자 집 앞까지 배송해드리는 서비스를 하고 있고요. 그와 더불어서 온라인상으로 피부 관리를 할 수 있는 온라인 매칭 플랫폼까지 확대하고 있습니다.   Q. 창업을 하게 된 계기가 무엇인가요 제 백그라운드는 소프트웨어 개발자로서 컴퓨터공학을 전공했습니다. 그러던 와중에 제가 병원에서 오랫동안 근무를 하면서 임상지원팀장이란 직책을 맡으면서 피부과, 성형외과와 함께 협업하는 기회들이 많았었는데요. 그때 제가 많이 접한 분들이 화상치료를 필요로 하는 환자분들이셨어요 그때 제가 느꼈던 건 피부에 대한, 조직에 대한 공부를 하면서도 그분들이 대할 때 늘 느껴지던 것이 피부에 건강하면 자신감과 직결된다는 것이었고, 그때 제가 가장 잘 할 수 있는 방법으로 피부를 진단에서 솔루션까지 확대하는 거를 해 보자 해서 창업을 하게 되었습니다  Q. 새로운 비즈니스 모델을 창출하고 계신 것으로 알고 있는데 릴리 커버의 비즈니스 모델에 대해 설명 부탁드릴게요 저희는 ict 융합 산업 속에서 사용자 맞닿은 접점을 스킨케어 분야로 좁힌 거라고 이해해 주시면 좋겠는데요. 저희는 하드웨어, 소프트웨어 그리고 빅데이터, 인공지능 모두 다 아우르는 ict 융합 기술을 가지고 사용자들과는 맞춤형 화장품과 피부 진단이라는 서비스로 만나고 있습니다. 저희는 핸드헬드 타입의 디바이스를 가지고 피부를 진단하고 또 관리할 수 있는 기능을 가지고 있는데요 첫 번째 진단 기능은나의 애플리케이션에서 릴리 커버 전용 애플리케이션과 연결을 하면 내 피부 확대된 이미지를 볼 수 있고 몇 군데를 찍고 나면 저희는 모공, 주름, 홍조, 민감성 등에 대한 요소를 분석해드립니다. 그리고 그 분석을 넘어서 저희는 그 데이터를 기반으로 해서 로봇이 즉석 제조하는 맞춤형 화장품까지 제조해서 바로 고객분들께 배달을 해 드리고요. 그리고 진단하는 기능으로는, 플라스마 마사지 기능을 함께 쓰실 수 있도록진단과 관리하는 기능이 함께 들어가 있습니다.  릴리 커버는 피부를 진단하고 그 결과를 바탕으로 바로 개개인에게 맞는 소량 맞춤 유연 생산을 할 수 있는 시스템을 모두 구축했습니다. 지금 보고 있는 것이 저희가 바로 내게 맞는 화장품을 즉석에서 2~3분 안에 제조할수 있는 로봇을 포함한 시스템이고요. 뮬리를 가지고 하든, 아니면 없이 하든, 그리고 집에 있던, 또는 여기 와서 하시든 모두 다 가능하신상태로 피부를 진단하고 맞춤 화장품을 바로 가져가시거나 배송받을 수 있는 시스템을 만들어 두었습니다. 그러면 제가 한번 해 보도록 하겠습니다.  뮬리를 가지고 피부를 진단을 하고요. 이렇게 60배 확대된 피부 사진이 보이게 되고 그럼 이제 저희가 피부과 전문의분들과 같이 개발하는 설문을 하게 됩니다. 이렇게 하면 (입력 데이터를 기반으로) 저희 알고리즘을 통과하여 수치화되어서 피부를 이렇게 진단해 드리게 되고요. 거기에 맞춰서 내게 맞는 에센스와 로션을 추천을 해 드리게 됩니다. 여기서 고객들은 이걸 보고 내게 맞는 제품을 바로 즉석에서 이렇게 추천을 해 드리거든요. 그럼 이거 선택하거나, 또는 다른 거 선택할 수 있지만 대부분은 모두 다 저희가 추천하는 성분을 선택하시게 됩니다. 제가 구매를 하게 되고요, 그러면 저희가 페이와 카드 중에 선택을 하게 되고 이렇게 결제가 되어서 나오게 됩니다. 그리고이제 라벨링이 바로 자동으로 되어서 나오는데요. 이렇게 보시면 제 피부 타입과 그리고 제 이름과 그리고 현재 제가 만들게 되는 화장품의성분들이 자동으로 찍히게 됩니다. 그리고 지금 이 병이 도출되는 것부터 시작해서 정량 도출되는 것까지 약 2분 만에 내게 맞는 화장품이 만들어지게 됩니다.  아까 저희가 진단한 결과를 바탕으로 저희 로봇 시스템이 바로 2분 안에 맞춤 에센스를 하나 만들어 냈고요. 그 맞춤 에센스에 저희 라벨링을 붙여서 고객들에게 발송해 드릴 겁니다. 저희들이 릴리 커버는 릴리와 리커버의 합성으로 릴리라고 생각하면저희가 쉽게 떠올릴 수 있는 백합의 순수한 이미지 그 본연의 가지고 있는 피부 상태를 리커버 하는, 재회복하고 재생시켜 드리겠다는 의미로 저희 회사 사명은 실리와 리커버의 합성한 릴리 커버입니다. 오늘도 여러분들이 주문을 해주셨고, 저희는 여기서, 맞춤 시스템에서 만들어져서 오늘도 전국으로 배송이 될 예정입니다.  저희가 만들 수 있는 건 한 제품당 2만 5천 가지 이상의 제품군을 저희 로봇 생산이가능한 상태로 자동으로 생산되는 시스템을 갖추고 있습니다. 저희가 현재 서비스해드리는 제품은 얼굴에 집중적으로 스킨케어할 수 있는 에센스와 로션인데요. 에센스, 로션 각 한 종류당 25,000 가지 이상의 배합이 되는데 그 배합은 저희가 피부를 진단하는 모공, 주름, 홍조, 민감성, 유수분밸런스 등을 포함하는 그것과 연관되어서 원료가 배합되는 로직으로 만들어지고 있고 현재는 저희가 로션과 에센스에 국한되어있지만 다음 달, 10월부터는 두피를 진단에서 맞춤 샴푸 그리고 뿌리는 미스트 그리고 스킨케어에서도 스킨토너 같은 케어용 화장품들 세 종류가 더 추가로 생산될 예정입니다  Q. 현재까지의 성취는 어떻게 되시나요? 저희가 창업을 한 이후에 사실 크고 작은 상들을 많이 감사하게도 많이 받았습니다. 대구시장상 그리고 중소기업 벤처 장관상 그리고 과기부 장관상 등을 포함해서 국내에서도 저희를 주목을 해 주셨고 그리고 중국의 홍콩 글로벌 소서스 같은 곳에서도 저희가 베스트 테크놀로지 어워드 등을 수상을 해 봤습니다. 최근에는 존슨앤드존슨 그리고 니베아 같은 글로벌 스킨케어 컴퍼니에서 저희와 함께 협업을 제안했고 또다시, 지멘스라는 큰 글로벌 기업에서 디지털 트윈이라는 기술을 저희에게 전수를 하는 과제까지 받게 되었습니다.  Q. 많은 기업들이 수도권에서 창업하는데 대구에서 창업하신 이유는 무엇인가요? 제가 토박이 대구 사람이고, 대구에서 나고 자랐고 대구시 그리고 대구시에 여러 기관들로부터 저희가 창업하는데 큰 도움을 받았습니다. 저희가 스케일업을 하기에 아주 적절한 환경을 갖추고 있고 저희가 조금 더 잘 된다고 해서 사실, 대구를 떠나고 싶은 마음은 전혀 없습니다.  Q. 앞으로의 목표는 어떻게 되시나요? 저희의 목표는 2023년도에 ipo를 하는 것이 저희의 목표입니다. 감사하게도 저희가 이번에 좀 더 스케일업을 하기 위해서 2021년 봄부터 투자유치를 시작했는데 저희가 목표한 금액을 아주 웃도는 금액으로 47억 5천만 원의 시리즈 A의 투자를 마무리하였고요. 관련해서는 저희 작년부터 올해까지존슨앤드존슨, 니베아, 지멘스로부터 기술협력과 R&D를 함께 하고자 하는 제안들을 적극적으로 받고 있는 상태입니다. 디지털 뷰티를 구현하고 싶어 하는 글로벌 회사들도 그리고 국내외 크고 작은 회사들도 많이 있습니다. 그런데 여전히 저희가 걱정하는 부분은 완전한 디지털 뷰티를 구현한 회사는 아직까지 없고 저희가 조금 조금씩 이렇게 만들어 내고 있는 그 성과들이 아주 괄목할만한 부분이라고 감히 말씀드리고 싶고 저희가 만들어내는 성과들로 인해서 다른 산업 전체의 디지털 뷰티 산업이 조금 더 활성화가 되었으면 하는 바람입니다. 물론 화장품 산업은 앞으로도 발전이 될 거고 저 역시 그 산업들을 점점 더 발달 시킬 건데요, 단순하게 화장품 회사로 봐 주신 게 약간 섭섭하고 저희는 그기저에 소프트웨어 빅데이터를 가지고 있는 ICT 융합 산업을 이끄는 뷰티 테크 스타트업이 되고 싶은 것이 저희 소망이고, 앞으로 저희가 대구 그리고 서울, 한국을 넘어서서 글로벌로 나가는 모습을 잘 지켜봐 주시면 감사하겠습니다.  한경닷컴 뉴스룸 allmice@hankyung.com     ▶▶[무료 공개]◀◀ 지금 “1,000만원“만 있어도 당장 “이것“부터 사라!! >>> (무료 체험)  박셀바이오 2,000%를 넘어설 21년 하반기 바이오 1등 종목은?  ▶▶ 월0.2%대 최저금리 X 주식자금 4배 X 100%집중투자 => 부자네스탁론  신용·미수보다 저렴한 금리로 종목 매수를 원한다면, 온라인으로 간편하게 자금 마련하자!  ◆최소 1000%, 그 이상도 간다!현대차 수소 생태계 74억달러 “승부수“ 친환경 대장株! [확인]  ▶[급등임박 공개]◀ 2021년 하반기 “정부정책 수해주” TOP 10 긴급공개 >>> (바로확인)           관련기사 ""르노·GM은 하는데 못한다""…현대차·기아 '눈물' '영끌' 빚폭탄 떠안은 3040…""이러다 큰일난다"" 추석 식탁서 주의해야 할 칼로리 폭탄 음식은? ""한두 번도 아니고…"" 또 한국 외면한 애플 추석 때 넋 놓고 놀다가 '로또' 놓친다    ⓒ 한국경제 & hankyung.com, 무단전재 및 재배포 금지"
97,1,"2021-09-20","16:22:00","캠퍼스멘토, 호치민시한국국제학교 대상 '온라인 진로캠프'","[머니투데이 윤숙영 기자] 진로교육 전문기업 캠퍼스멘토(대표 안광배)가 최근 베트남 소재 호치민시한국국제학교의 중·고등학생 약 800여명을 대상으로 '온라인 진로캠프'를 진행했다고 20일 밝혔다.   이번 캠프는 호치민시한국국제학교가 주최하고 캠퍼스멘토가 기획한 온라인 진로체험 프로그램이다. 기업가정신을 발휘할 수 있는 사례를 살펴보고 자신의 기업가정신 역량을 알아보는 시간으로 구성됐다.   신선호 호치민시한국국제학교 교장은 ""본교는 여건상 한정된 인프라와 정보로 인해 진로 교육을 접할 수 있는 기회가 적었다""면서 ""이번 기업가정신 진로캠프를 통해 자신의 진로를 고민하고 탐구할 수 있는 소중한 시간을 가졌다""고 말했다.   문태준 캠퍼스멘토 교육팀장은 ""오랜 기간 캠퍼스멘토가 다져 놓은 진로수업 노하우를 바탕으로 온라인 진로캠프를 준비한 만큼 만족도도 높았다""고 했다.         [관련기사] ☞ 곽민선 아나, 수원삼성 선수와 열애설…""경기 지는데 네 생각"" ☞ ""점점 야위어가네""…고현정, 다이어트 성공 후 4개월 변천사 ☞ PC방 여직원 기절시켜 돈훔치고 몹쓸짓까지한 50대 ☞ ""용돈 좀"" ""옷 입어라""…목숨 앗아간 명절 칼부림 ☞ 수면내시경후 잠든 여성 31명 준강간·촬영…20대 간호조무사   윤숙영 기자 tnrdud0304@mt.co.kr     ▶월 0.3%대 최저금리 적용, 키워드림론 간편 신청으로 수익 극대화하자 (신청하기)   빅 사이클 도래! 실적 발표 기대감! 단타, 중,장기를 모두 잡는 엄청난 종목의 등장! [클릭]   ▶급등임박 종목, 일단 뭔지 확인해보고 시작하자◀     [파워 인터뷰]       30배 박셀바이오, 20배 신풍제약, 그리고 '이바이오 종목'   ▶시세 분출 직전 ! 실적 상승 + 재료임박 + 외인대량매집중인 '이 종목' 긴급공개 ◀   기관 외인 바닥권 대량 매집흔적 발견! 급등 임박 大시세 종목 공개!!       <저작권자 ⓒ '돈이 보이는 리얼타임 뉴스' 머니투데이, 무단전재 및 재배포 금지>"
97,2,"2021-09-20","16:20:46","층간소음에 문 흠집낸 노인 ""장애아들 부양""… 法, '장발장법' 적용 선처","[아시아경제 김대현 기자] 층간소음 갈등에 윗집 현관문을 빗자루로 두드려 흠집을 냈다가 재물손괴 혐의로 재판을 받게 된 80대 노인을법원이 선처했다. 정신건강에 어려움을 겪는 아들을 수십년간 홀로 부양해 온 점 등이 참작됐다.   20일 법조계에 따르면 서울중앙지법 형사25단독 고소영 판사는 재물손괴 혐의로 기소된 A씨(80·여)에게 최근 벌금 50만원에 집행유예 1년을 선고했다.   앞서 A씨는 지난 3월5일 오후 10시쯤 서울 중구 자신이 살던 아파트에서 위층 주민이 계속 층간소음을 일으킨다는 이유로 플라스틱 재질인 빗자루 손잡이로 윗집 철재 현관문을 수회 두들겨 찌그러지게 한 혐의로 재판에 넘겨졌다.   현행 형법 제366조는 '타인의 재물, 문서 또는 전자기록 등에 대해 손괴 또는 은닉, 기타 방법으로 그 효용을 해한 사람은 3년 이하의 징역 또는 700만원 이하의 벌금에 처한다'고 규정하고 있다.   법정에서 A씨 측 변호인은 ""(층간소음에 화가 나) 현관문에 흠집을 낸 점을 인정한다""면서도 ""현관문의 효용을 해치는 정도가 아니어서 손괴죄가 성립하지 않는다""고 주장했다. A씨는 ""정신장애를 앓고 있는 아들을 집 밖에 한발도 나가지 못한 채 30년간 보호 중이다""며 선처를 호소했다.   재판부는 ""현관문에 생긴 여러개의 흠집은 일상적인 이용 과정에서 생길 수 있는 경미한 수준이라고 보기 어렵다""며 A씨의 혐의를 유죄로인정했다. 이어 ""피고인이 현관문을 물리적으로 훼손했다는 게 넉넉히 인정되고, 피해자가 이후 현관문을 교체하지 않았다는 사정만으론 손괴죄 성립에 영향을 미치지 않는다""고 밝혔다.   재판부는 다만 ""이 사건 손괴의 정도가 비교적 경미하고, 정신장애를 앓고 있는 아들을 부양하고 있다""며 ""생계급여 수급자로서 생계가 매우 어려운 점 등 모든 양형요소를 고려했다""고 덧붙였다.   지난 2015년 국회에선 벌금형에도 집행유예를 선고할 수 있도록 한 형법 개정안, 이른바 '장발장법'이 통과됐다. 현행 형법 제62조 1항은'3년 이하의 징역이나 금고 또는 500만원 이하의 벌금의 형을 선고할 경우 1년 이상 5년 이하의 기간 형의 집행을 유예할 수 있다'고 규정하고 있다.    ● [무료공개] 지금 ""1,000만원""만 있어도 당장 ""이것""부터 사라!! >>> (무료 체험)   ● K방역 위기! SK바이오사이언스 1200% 능가할 하반기 역대급 백신株 [지금 확인]  ● 2021년 하반기 실적이 기대되는 저평가 종목 ㅇㅇㅇ 확인하기! [관련기사]  ☞ 매물부족에 대출규제까지…추석 후 '전세 고통' 본격화 우려  ☞ 강서구 아파트값 상승률 0.29%… 2주 연속 서울 내 1위 기록  ☞ 손흥민·태연이 소유한 강북 아파트…30평 전세 '25억' 넘었다  ☞ 공인중개사들 추석연휴 후 3일간 '소등시위'…""중개보수 못낮춰""  ☞ 투자 성공의 핵심은 기업분석! 'CORE' 바로가기      김대현 기자 kdh@asiae.co.kr   <ⓒ경제를 보는 눈, 세계를 보는 창 아시아경제(www.asiae.co.kr) 무단전재 배포금지>"
97,3,"2021-09-20","16:20:45","광부, 금융업계가 FTSE 100에서 2개월 만에 최저치, 프루덴셜 최고치 기록","Miners, financials pull FTSE 100 to two-month low; Prudential top drag .storyContent * {border-color:inherit !important;outline-color:inherit !important;}  9월 20일(로이터) - 런던의 FTSE 100지수는 월요일 헤비급 광부들과 금융주들에 의해 질질 끌려 두 달 만에 최저치로 떨어졌고,인플레이션에 대한 우려 또한 이번 주 영국은행(BoE)의 금리 결정을 앞두고 지수를 짓눌렀다.  우량 FTSE 100 지수 .FTSE 0.9% 하락했다. 광부 글렌코어 GLEN.L 그리고 리오 틴토 RIO.L 그리고 금융주 프루덴셜 PRU.L 그리고 HSBC 홀딩스 HSBA.L 하락을 이끌었다.  영국의 프루덴셜 PLC PRU.L FTSE 100에서 4.6% 하락한 1위는 지난 토요일 홍콩 증권거래소에 대한 동시 공매도와 국제지분을 통해 225억 홍콩달러(29억 달러)를 조달할 계획이라고 밝힌 이후 하락했다.   국내중점형중형지수 .FTMC 여행주식과 함께 0.8% 하락했다. .FTNMX405010 가장 지루한 일 중의 일원이 되는 것.  투자자들은 공급망 붕괴와 에너지 가격 상승으로 인한 가격 압박이 가중되고 있는 상황에서 대규모 전염병 경기부양 완화 계획에 대한 일정을 잡기 위해 이번 주 BoE의 정책회의를 기다리고 있다.   에너지 주식 .FTNMX601010 헤비급 선수인 로열 더치셸의 지분과 함께 최고 패자 중 한 명이기도 했다. RDSa.L 그리고 BP BP.L 각각 1.2%, 0.7% 하락했다.                  (Reporting by Shashank Nayar in Bengaluru; editing by Uttaresh.V)  Shashank.Nayar@thomsonreuters.com ;; 미국 +1 646 223 8780, 미국 외부 +91 80 6182 2256; ))  For related prices, Reuters users may click on - *  UK stock report     .L     FTSE index:         0#.FTS6  techMARK 100 index: .FTT1X         FTSE futures:     0#FFI:  Gilt futures:       0#FLG:         Smallcap index:    .FTSC  FTSE 250 index:     .FTMC          FTSE 350 index:    .FTLC  Market digest:      .AD.L          Top 10 by vol:   .AV.L  Top price gainers:  .NG.L          Top % gainers:     .PG.L  Top price losers:   .NL.L          Top % losers:      .PL.L      * For related news, click on - * UK hot stocks:      HOT and GB     Wall Street:          .N Gilts report:       GB/            Euro bond report GVD/EUR Pan European stock report: .EU Tokyo stocks:       .T        HK stocks:           .HK Sterling report:    GBP/           Dollar report:      USD/     * For company prices, click on - * Company directory:  UKEQ          By sector:          FTAX      * For pan-European market data, click on - * European Equities speed guide................ EUR/EQUITY  FTSE Eurotop 300 index........................... .FTEU3  DJ STOXX index................................... .STOXX  Top 10 STOXX sectors........................ .PGL.STOXXS  Top 10 EUROSTOXX sectors................... .PGL.STOXXES  Top 10 Eurotop 300 sectors.................. .PGL.FTEU3S  Top 25 European pct gainers.................... .PG.PEUR  Top 25 European pct losers..................... .PL.PEUR      (c) Copyright Thomson Reuters 2020. Click For Restrictions - https://agency.reuters.com/en/copyright.html        Keywords: BRITAIN-STOCKS/ (URGENT)   원문 바로가기    DISCLAIMER  레피니티브의 사전, 서면 승인 없는 톰슨로이터 콘텐츠의 재생산이나 재배포는 금지되어 있습니다. 이 기사의 한국어 번역은 에프앤가이드가 사용하는 기계적 번역에 의한 것으로 톰슨로이터와 레피니티브는 번역의 정확성을 보증하지 않습니다."
97,4,"2021-09-20","16:20:37","추석 맞는 청년·청소년 “걱정 대신 일상 얘기 하고 싶어요”[촉!]","코로나 속 추석이지만 어느 때보다 일상적 대화 원해   수험생 “결과와 무관하게 힘이 될 좋은 말 듣고 싶어”   “가족여행 계획·요즘 좋아하는 것 관련 이야기 하길”  혹시 모를 갈등 위해 ‘집콕’ 택하는 청년도 있어   추석 가족 모임 관련 이미지. [게티이미지뱅크]  [헤럴드경제=김희량 기자] 신종 코로나바이러스 감염증(코로나19) 상황 속에서도 귀성 분위기가 조성되고 있는 가운데 추석 기간 완화된 방역지침에 따라 이전보다는 더 많은 가족들이 서로의 얼굴을 볼 것으로 기대되고 있다.  헤럴드경제는 추석을 하루 앞둔 20일 청년과 청소년을만나 이들이 가족과 나누고 싶은 이야기를 들어봤다. 이들은 취업, 연애, 출산 여부 등을 묻는 질문보다 일상적인 대화를 원하고 있었다.  시험을 앞둔 수험생들은 격려와 위로의 말을 기대했다. 올해 대학수학능력시험을 앞두고 있는 고교생 류모(18) 양은 “어떤 말을 하든 진로 얘기를 하실 거 같아 걱정이 되지만 이왕 대화를 한다면 ‘결과가 좋든 안 좋든 넌 항상 잘해 온 아이니까 앞으로 좋은 일이 꼭 생길 거다’ 같은, 수험 생활을 이끌어 갈 원동력이 될 수 있는 말을 듣고 싶다”고 했다.  취업준비를 위해 서울에서 지내다 귀성한다는 권모(27) 씨는 “근황도 나눠야겠지만 사실 멀리서 혼자 지내고 있는 만큼 ‘고생했다. 조금만 더 힘내자’는얘기도 들어보고 싶다”면서 “다음 명절이 아버지 환갑이라 가족끼리 한라산 등반을 가기로 했는데 여행 계획을 짜 본다거나 나름대로 희망찬 얘기를 나누고 돌아오고 싶다”고 말했다.  오랜만에 만난 가족이지만 특별한 이야기보다는 평범한 대화를 하고 싶어하는 청년들도 있었다. 마지막 학기를 앞둔 대학원생 이모(25·여) 씨는 “할머니를 오랜만에 뵙는데 코로나19 때 심심하셨을 것같아 어떻게 그 시간을 보내셨는지 여쭤볼 계획”이라며 “미래 얘기보다는 요즘 친구들과는 잘 지내는지, 학교에서는 어떤 걸 배우는지 마치 초등학생 때 편하게 가족들과 나눴던 소소한 대화들로 시간을 보내고 오고 싶은 마음”이라고 설명했다.  신혼 2년차인 ‘딩크족’ 박모(31·남) 씨도 “명절 때 손주 얘기가 빠지질 않는데 아직 자녀 계획이 없다는 걸 확실히 전달하진못한 상태다. 이번에도 아이 얘기가 나오면 대충 둘러대고 넘어가게 될까 걱정되기도 한다”고 말했다. 서울 마포구에 사는 정모(25·여) 씨는 “먹고 사는 얘기도 나누게 되겠지만 꼭 진지한 얘기를 나눠야 깊은 사이는 아니라고 생각한다”며 “요즘엔 무엇을 좋아하고 즐기고 있는지, 이번 추석에는 가족끼리 뭘 하며 시간을 보내고 싶은지 들어주고 많이 웃고 돌아왔으면 좋겠다”고 말했다.  21학번으로 대학 생활을 시작한 김모(19) 씨는 “비대면 수업을 하고 있긴 해도 생애 첫 대학 생활이라 보고 느낀 점을 나누고 싶기도 하다”면서 “사실 어떤 주제든 상관이 없는데 다만 어떤 뉘앙스로 저한테 질문을 하는지가 중요한 거 같다”고 말했다.  추석이지만 혹시 모를 갈등을 대비해 가족들과 만나지 않기로 한 청년들도 있다. 부산에 거주하는 법학전문대학원생 A(32) 씨는“적지 않은 나이에 공부를 하고 있어 경제 활동을 하지 못하는 것에 대한 심적 부담이 있다. 어른들이 압박을 하지 않아도 스스로 만들어내는 부담이 있어 명절 내내 공부에 집중할 계획”이라고 토로했다.  경남에서 공무원시험을 준비 중인 B(27·여) 씨도 “안정적인 일자리를 위해 시험을 준비하는 상황이지만 ‘빨리 돈 벌러 안 가냐’고 잔소리하시는 어른이 있다. 무슨 말씀인지이해는 하지만 서로 마음이 상할까봐 추석에 가지 않기로 했다”고 털어놨다."
97,5,"2021-09-20","16:20:08","현대차 ‘캐스퍼’ㆍ벤츠 중고차, 온라인 판매에 열",".ad {text-align:center; font-size:8pt; font-family:돋움;line-height:1.2}.title{font-size:14px;color:#203c76;font-weight:bold;margin-bottom:20px;}a,img {border:0; outline:none; selector-dummy:expression(this.hideFocus=true);}body,td,select,input,div,form,textarea,center,option,pre,blockquote {font-size:9pt; line-height:1.6; font-family:돋움;}table{width:100%; border:0px;}@media (min-width:650px){img {max-width:600px;height:auto}}@media (max-width:650px){img {max-width:500px;height:auto}}@media (max-width:550px){img {max-width:400px;height:auto}}@media (max-width:450px){img {max-width:300px;height:auto}}@media all and (max-width: 400px) {img {max-width:300px;height:auto}.tbl_dmd {width:340;text-align:right;border-collapse:collapse;}}.pv{display:none;}.popup {cursor : pointer;color:#0078c6;}.mttl {color:#821e1e;font-weight:bold;font-size:9pt;}.tldot {font-size:7pt;color:#0078c6;}td.pls {color:#ff3300;}td.mns {color:blue;}td.pls_ar {text-align:right;color:#ff3300;}td.ar {text-align:right;}td.ac {text-align:center;}.tbl_dmd {width:380;text-align:right;border-collapse:collapse;}.tbl_dmd {max-width:400;min-width:340;text-align:right;border-collapse:collapse;}.tbl_dmd td {padding-right:5;border:1px solid #dcdcdc;}.tbl_con {width:340;border-collapse:collapse;text-align:center;}.tbl_con td {padding-right:5;border:1px solid #dcdcdc;}r {display:none;} 제목 : 현대차 ‘캐스퍼’ㆍ벤츠 중고차, 온라인 판매에 열   [e대한경제=이근우 기자]현대자동차와 메르세데스-벤츠가 코로나19 여파로 비대면(언택트) 마케팅에 나서며 온라인 플랫폼을 활용한판매에 열을 올리고 있다.  20일 업계에 따르면 현대차는 ‘광주형 일자리’ 사업으로 탄생한 경형 스포츠유틸리티차량(SUV) ‘캐스퍼’를 기존 영업망이 아닌 온라인 웹사이트를 통해 사전계약을 받고 있다.   현대차가 서울 삼성역 중심 영동대로 옥외광고 자유표시구역 K-POP 스퀘어에서 ‘캐스퍼’의 다양한 모습을 3D 광고로 연출하고 있다. [현대차 제공]  온라인 홈페이지를 통한 고객직접판매(D2C) 방식을 도입한 것은 국내 브랜드 중에서 현대차가 처음이다.  캐스퍼는 사전계약 첫날 온라인 홈페이지 서버가 다운될 정도로 계약 신청이 폭주해 1만8940대의 계약 대수를 기록했으며 온라인 접속자는 13일 만에 70만명에 달했다.  벤츠 코리아는 지난 15일 공식 온라인 판매 플랫폼 ‘메르세데스 온라인 숍’을 열고 인증 중고차부터 온라인 판매를 시작하겠다고 밝혔다.아울러 올해 안에 신차 영역까지 온라인 판매를 확장하며 비대면 판매 체계를 본격적으로 가동한다는 복안이다.  업계 관계자는 “해외 완성차 업체는 온라인 판매 확대에 적극적으로 나서고 있다”며 “캐스퍼의 흥행으로 국내 자동차 브랜드의 온라인 판매 채널 확대 움직임에도 속도가 붙을 수 있을 것”이라고 내다봤다.  다만 “국내 완성차 업계의 경우 자동차 판매 노조의 반발이 커 온라인 판매 방식으로의 전환이 쉽지 않을 것”이라고 덧붙였다.  이근우기자 gw89@  〈ⓒ e대한경제신문(www.dnews.co.kr), 무단전재 및 수집, 재배포금지〉    해당 기사는 e대한경제(www.dnews.co.kr)에서 제공한 것이며 저작권은 제공 매체에 있습니다. 기사 내용 관련 문의는 해당 언론사에 하시기 바랍니다.  ▶▶[무료 참여코드: 7676] 오늘 현재 무료체험 인원 1천 3백명! 기간무제한! 이용료 0원, 선착순마감직전, 지금 바로 입장!! ▶ [완.벽.적.중] 급등임박! 이번주 상한가 예상종목 (클릭) ◆ 4분기 정부 정책 최대 수혜주 TOP 5 (확인) ▶ [참여코드: 0713] 잘 고른 카톡방 하나가 계좌를 바꾼다! (입장하기) >> ◆ 아직도 싸다! 놓치면 후회 할 저평가 우량주 TOP5            Copyright ⓒ True&Live 증시뉴스 점유율1위, 인포스탁(www.infostock.co.kr)"
97,6,"2021-09-20","16:19:58","UPDATE 1-터키의 리라화가 요금 결정 전에 7월 수준으로 미끄러짐","UPDATE 1-Turkey's lira slides to July levels ahead of rate decision .storyContent * {border-color:inherit !important;outline-color:inherit !important;}   이스탄불, 9월 20일 (로이터) - 터키 리라화는 달러 강세와 일부의 압력으로 월요일 거의 1%를 잃고 7월 8일 이후가장 약한 수준을 기록했다. concerns over a premature rate cut by Turkey's central bank 이번주   리라 TRYTOM=D3 금요일 종가 8.65에서 8.7250까지 약세를 보였으며, 3번의 거래에서 그린백에 대해 3% 이상 하락하였다. 올해 들어 현재까지 14% 하락했고 6월에는 사상 최저치인 8.88을 기록했다.   최근 사합 카비오글루 주지사의 발언이 갑작스런 조기 완화에 대한 투자자들의 우려를 불러일으켰음에도 불구하고 터키 중앙은행은 목요일에 1주일의 이자율을 19%로 동결할 것으로 로이터는 여론 조사에 나타났다.   한 외환딜러는 이날 금리결정 회의에서 리라화 약세는 달러화 강세와 한은의 정책 실수 우려에 따른 것이라고말했다.  그는 ""최근 리라화 가치 하락에 지역적 우려가 분명한 영향을 미쳤다고 볼 수 있다""고 말했다.  부채가 있는 개발업체인중국 에버그란지 미결제 투자자들의 재앙이 다가오는 가운데 달러화 가치가 이번 주 연방준비제도이사회(FRB)가 테이퍼링을 위한 또 다른 조치를 취할 준비를 하면서 아시아에서 한 달 만에 최고치를 기록했다.   올해 연준이 유행병 시대의 경기부양을 축소할 준비를 하고 있고 터키 중앙은행의 인플레이션 인하 약속에 대한 우려가 여전함에 따라 리라화는 압박을 받고 있다.  터키의 정책금리 TRINT=ECI 올 3월부터 19%로 유지되고 있는 반면 8월 물가상승률은 예상을 웃도는 19.25%를 기록했다.  지난 주 카브시오글루의 정책은 인플레이션보다 높은 금리를 유지하겠다는 공약이 누락된 것과 함께 지난 분기에 인플레이션을 끌어내릴 만큼 빡빡하다는 발언은 경제학자들을 통화완화가 진행되고 있다는 추측을 하게 만들었다.  카브시오글루도 이 사실을 강조했다. importance of core inflation8월에는 헤드라인 가격 대책보다는 연간 17% 이하로 떨어졌다.  골드만삭스는 주석을 통해 최근 근원 인플레이션의 하락은 물가가 폭등할 위험을 감안할 때 중앙은행(TCMB)이 9월부터 금리인하에 착수하기에는 충분하지 않을 것이라고 말했다.   월가 은행은 올해 50 베이시스 포인트만삭감할 것으로 보고 있으며 11월에는 헤드라인 인플레이션이 완화될 것이라고 언급했다.   또 ""올해 마지막 MPC 회의에서 TCMB가 금리를 낮출 수 있는 여지를 어느 정도 만들 것으로 보인다""고 밝혔다. 그러나 TCMB의 금리인하 위험은 예상보다 빠르거나 빠르게 보고 있다""고 말했다.       (Reporting by Nevzat Devranoglu and Daren Butler; Editing by Jonathan Spicer)  daren.butler@tr.com ; +90-212-350 7053; Reuters Messaging: daren.butler.thomsonreuters.com@reuters.net     (c) Copyright Thomson Reuters 2020. Click For Restrictions - https://agency.reuters.com/en/copyright.html        Keywords: TURKEY-CURRENCY/ (UPDATE 1)   원문 바로가기    DISCLAIMER  레피니티브의 사전, 서면 승인 없는 톰슨로이터 콘텐츠의 재생산이나 재배포는 금지되어 있습니다. 이 기사의 한국어 번역은 에프앤가이드가 사용하는기계적 번역에 의한 것으로 톰슨로이터와 레피니티브는 번역의 정확성을 보증하지 않습니다."
97,7,"2021-09-20","16:19:45","인천서 검거된 불법체류자 2명 달아났다가 잇따라 붙잡혀(종합)","인천서 검거된 불법체류자 2명 달아났다가 잇따라 붙잡혀(종합) 1명 30여 분만에 검거…나머지 1명도 조력자들과 도주하다 덜미         (인천=연합뉴스) 윤태현 기자 = 인천에서 검거된 베트남 불법체류자 2명이 인천출입국외국인청에 인계되는 과정에서 달아났다가 잇따라붙잡혔다.      인천 서부경찰서는 출입국관리법 위반 혐의로 검거됐다가 달아났던 베트남 국적의 20대 남성 A씨와 B씨 등 2명을 붙잡았다고 20일 밝혔다.      또 A씨의 신병을 인천출입국외국인청에 인계했으며 B씨는 조력자 3명과 함께 조사하고 있다고 덧붙였다.      이들은 불법체류자로 이날 오전 6시 10분께 인천시 서구 공촌동 한 빌라에서 소란을 피우다가 신고를 받고 출동한 경찰이 신원을 확인하는 과정에서 다른 베트남 불법체류자 1명과 함께 검거됐다.      경찰은 관련 법규에 따라 신병을 인계하기 위해 중구 인천출입국외국인청 앞까지 이들을 데리고 왔지만, 이들은 차량에서 내리던 중 수갑을 찬 상태로 경찰관들을 밀치고 그대로 달아났다.       이들 중 A씨는 사건 발생 30여 분만인 오전 6시 40분께 중구 인하대병원 인근 골목에서 수갑을 찬 상태로 웅크리고 있다가 경찰에 붙잡혔다. 이어 곧바로 인천출입국외국인청에 인계됐다.      B씨는 경찰 추적을 피해 도주하던 중 사건 발생 8시간 20여 분만인 오후 3시께 서구 공촌사거리에서 한 차량에 타고 있다가 추적에 나선경찰에 붙잡혔다.      그는 절단기로 수갑을 끊고 조력자 3명과 함께 도주하다가 덜미를 잡혔다.      경찰은 B씨와 조력자 3명을 상대로 정확한 도주 경위를 조사하고 있다.      경찰 관계자는 ""이들은 돈을 벌기 위해 국내로 입국해 불법으로 체류하다가 경찰에 적발되자 달아났던 것으로 추정된다""며 ""B씨와 조력자 3명을 상대로 도주 경로 등을 자세한 경위를 조사하고 있다""고 말했다.      tomatoyoon@yna.co.kr  (끝)     <저작권자(c) 연합뉴스, 무단 전재-재배포 금지>"
98,1,"2021-09-20","16:05:42","미국 리서치 라운드업-보그워너, 도마홀딩스, 비스트온","U.S. RESEARCH ROUNDUP- BorgWarner, Doma Holdings, Visteon .storyContent * {border-color:inherit !important;outline-color:inherit !important;} 9월 20일(로이터) - 월가 증권 애널리스트들은 월요일 보그워너, 도마홀딩스, 비스트온 등 몇몇 미국 상장사에 대한 등급과 가격 목표를 수정했다.      하이라이트    * 보그워너 주식회사 BWA.N: Jefferies는 구매를 보류하기 위해 인하하고, PT를 55달러에서 47달러로 인하   *도마홀딩스 주식회사 DOMA.N: Oppenheimer는 최고 등급으로 시작, 가격 목표 $11   * 비스톤 코퍼레이션 VC.O: Jefferies는 보류 상태에서 구입하기 위해인상; PT를 122달러에서 116달러로 인하     로이터통신이 24일 보도한 미국 기업에 대한 연구활동 요약은 다음과 같다. 재고품목의 순서는 알파벳순으로 되어 있다.        * Aptiv PLC APTV.N: 제프리스는 목표 가격을 $190에서 $184로 인하   * 보그워너 주식회사 BWA.N: Jefferies는 구매를 보류하기 위해 인하하고, PT를 55달러에서 47달러로 인하   * Brp 그룹 Inc. BRP.O: JP모건, 가격 목표 33달러에서 36달러로 인상   *도마홀딩스 주식회사 DOMA.N: Oppenheimer는 최고 등급으로 시작, 가격 목표 $11   * 에보카 워터 테크놀로지스 AQUA.N: 가격 목표를 41달러에서 45달러로 인상   * 포럼 에너지 기술 주식회사 FET.N: Piper Sandler가 목표 가격을 28달러에서 30달러로 인상   * 겐텍스 코퍼레이션 GNTX.O: 제프리스는 목표 가격을 39달러에서 38달러로 인하   * 선천적제약 SA IPHA.O: 에버코어 ISI 목표가격 6달러에서 10달러로 인상   * Leap Therapeutics Inc. LPTX.O: Piper Sandler가 목표 가격을 $4에서 $5로 인상   * 리어 코퍼스 LEA.N: Jefferies 구매 보류, 목표 가격 200달러에서171달러로 인하   * 링컨 내셔널 코퍼레이션 LNC.N: 에버코어 ISI, 목표가격 86달러에서 90달러로 인상   * 링컨 내셔널 코퍼레이션 LNC.N: Piper Sandler가 70달러에서 73달러로 가격 목표 상승   * 미룸제약 MIRM.O: JP모건, 과체중 등급으로 시작; PT 30달러   * 몰리나 헬스케어 주식회사 MOH.N: 크레디트스위스가 가격 목표치를 $280에서 $318로 인상   * One Group Passment Inc. STKS.O: Piper Sandler는 중립에서 과체중으로 상승   * One Group Passment Inc. STKS.O: Piper Sandler가 목표 가격을 12달러에서 17달러로 인상   * 오스카 헬스 주식회사 OSCR.N: 크레디트 스위스는 가격 목표를 34달러에서 26달러로 인하   * 주인공 테라피틱스 주식회사 PTGX.O: 제프리스가 목표가격 60달러에서 29달러로 인하   * 주인공 테라피틱스주식회사 PTGX.O: JP모건, 가격 목표 60달러에서 49달러로 인하   * 주인공 테라피틱스 주식회사 PTGX.O: JP 모건 과체중에서 중립으로 삭감   *루스의 환대 그룹 주식회사 RUTH.O: Piper Sandler는 중립에서 과체중으로 상승   *루스의 환대 그룹 주식회사 RUTH.O: Piper Sandler가 목표 가격을 25달러에서 28달러로 인상   * 스프라우드 소셜 주식회사 SPT.O: BTIG 가격 목표치 110달러에서 150달러로 상향 조정   * TCR2 Therapeutics Inc. TCRR.O: SVB 리링크가 가격 목표를 31달러에서 18달러로 인하   * TCR2 Therapeutics Inc. TCRR.O: 웨드부시는 45달러에서 11달러로 가격 목표 인하   * TCR2 Therapeutics Inc. TCRR.O: Wedbush 컷에서 중립으로 상향 조정   * 써모 피셔 사이언티픽 주식회사 TMO.N: JP모건 가격 목표 600달러에서 700달러로 인상   * 비스톤 코퍼레이션 VC.O: Jefferies는 보류 상태에서 구입하기 위해 인상; PT를 122달러에서 116달러로 인하       (Compiled by Bengaluru Newsroom)  Diaries@thomsonreuters.com     (c) Copyright Thomson Reuters 2020. Click For Restrictions - https://agency.reuters.com/en/copyright.html        Keywords: RESEARCH-US/   원문 바로가기    DISCLAIMER  레피니티브의 사전, 서면 승인 없는 톰슨로이터 콘텐츠의 재생산이나 재배포는 금지되어 있습니다. 이 기사의 한국어 번역은 에프앤가이드가 사용하는 기계적 번역에 의한 것으로 톰슨로이터와 레피니티브는 번역의 정확성을 보증하지 않습니다."
98,2,"2021-09-20","16:04:52","러시아 대학에서 총격 사건이 발생하다 - 이팩스","Fatal shooting incident takes place at Russian university - Ifax .storyContent * {border-color:inherit !important;outline-color:inherit !important;} 모스크바, 9월 20일 (로이터) - 익명의 한 개인이 월요일 러시아 퍼머시의 한 대학에서 총격을 가해 부상자와 사망자가 발생했다고 인테르팍스 통신이 소식통을 인용해 월요일 보도했다.   타스 통신은 이 대학의 언론 서비스는 한 명이 부상을 입었으며 일부 학생과 교사들이 교실에 갇혀 있었다고 보도했다.   영상에는 사람들이 건물을 탈출하기 위해 1층 창문에서 뛰어내리는 모습이 담겼다.      (Reporting by Anton Kolodyazhnyy; Writing by Alexander MarrowEditing by Andrew Osborn)  alexander.marrow@thomsonreuters.com     (c) Copyright Thomson Reuters 2020. Click For Restrictions - https://agency.reuters.com/en/copyright.html        Keywords: RUSSIA-SHOOTING/ (URGENT)   원문 바로가기    DISCLAIMER  레피니티브의 사전, 서면 승인 없는 톰슨로이터 콘텐츠의 재생산이나 재배포는 금지되어 있습니다. 이 기사의 한국어 번역은 에프앤가이드가 사용하는 기계적 번역에 의한 것으로 톰슨로이터와 레피니티브는 번역의 정확성을 보증하지 않습니다."
98,3,"2021-09-20","16:03:42","'수면내시경' 女환자 31명 준강간 男 간호조무사, 재취업 문제없다고?","수면내시경 검사를받고 잠든 여성을 상대로 추행과 불법 촬영을 일삼아 구속된 남성 간호조무사에게 피해를 입은 여성이 19명 더 늘어나 31명이 됐다는 보도가나왔다.  19일 SBS에 따르면 서울 서초구의 한 병원에서 간호조무사로 일하다 준유사강간, 준강제추행 등 혐의로 구속된 남성 A씨(24)에게 피해를 입은 여성이 기존 12명에서 31명으로 늘었다.  보도에 따르면 A씨는 지난해 10월부터 6개월간 서초구 한 병원에서 수면내시경검사를 받고 잠든 여성들을 상대로 상대로 추행과 불법 촬영을 일삼아 준유사강간한 혐의를 받고 있다.  19차례에 걸쳐 여성들의 신체 일부를 만지고 22차례에 걸쳐 피해자들이 누워있는 모습 등을 촬영한 것으로 알려졌다. 당시 경찰 조사에서 피해자는 최소 12명에 달했던 것으로 밝혀졌다. 이같은 A씨 행각이 알려지면서 해당 병원에서 치료를 받았던 환자는 '내가 될 수도 있겠다'는 두려움에 떨어야만 했다. 신체 일부를 촬영한 사진만으로는 피해자 특정이 어려웠지만, 검찰이 혐의 사실에 성명 불상의 피해자 19명을 추가했다.  한편 SBS는 A씨가 성범죄를 저질러 처벌을 받더라도 다시 의료기관에 취업할 수 있다고 전했다. 성범죄자 취업 제한 직종에 의료인이 포함돼 있지만 의료법상간호조무사는 의료인에 포함되지 않아서다. [최현주 매경닷컴 기자]    ☞ [매경증권센터] 이시각 증시는? ☞ [이시각 증시는] 거래소, 코스닥 시황 종합 ☞ [이 시각 특징주] 투자자별 매매동향, 이슈 테마!! ☞ [증권사 리포트] 최신 증권사 리포트 요약 ☞ 동학개미운동! 주식 초보투자자들의 성공백서! 톡스타!! ☞ 수익률 & 성공투자! ""톡스타""가 함께 합니다   [ⓒ 매일경제 & mk.co.kr, 무단전재 및 재배포 금지]"
98,4,"2021-09-20","16:01:30","아침 비드-급등하는 기름값 지켜보기","MORNING BID-Watch those spiralling gas prices .storyContent * {border-color:inherit !important;outline-color:inherit !important;} 스자타 라오에서 앞날을 보라.      16개 중앙은행들이 회의를 열고 선진국인 노르웨이에서 첫 금리인상을 단행하는 등 통화정책이 일주일째 계속되고 있다. 다른 사람들이 곧따라올 것이라는 말은 아니다; 예를 들어 연방준비제도이사회(Federal Federation)는 자체 금리 인상을 멀리할 수도 있다. 스위스나 일본과같은 다른 나라들은 단호하게 비둘기파적인 태도를 유지할 것 같다.  한편 다른 sagas들은 투자자들의 마음을 집중시키고 있다. 중국부동산 개발업체 에버그란데의 거침없는 디폴트 행보는 홍콩 주식(본토 시장은 문을 닫았다)의 침체로 중국 정크 채권의 수익률이 거의 10년만에 최고인 14%를 기록했다. .   따라서 S&P 500 지수가 거의 한 달 만에 최저치로 폭락하고 VIX 변동성 측정기가 한 달 만에 최고치로 치솟았던 금요일의 암울한 회기에 이어 유럽과 미국 증시의 선물 가치가 1% 하락하면서 월요일에는 확실한 리스크오프다. .SPX.   물론 그 대부분은 경제 성장과 인플레이션에 대한 우려, 의회의 부채상한제 논쟁, 그리고 끈질기게 높은 COVID 건수들의 우려에 기인한다.   오늘의 또 다른 이슈로, 치솟는 휘발유 가격과 인플레이션에 미칠 수 있는 잠재적 영향.  이미, 이것들은 일부 전력 생산자들을 폐업시키고 영국의 비료 공장들을 폐쇄시켰다. 도축장에서 슈퍼마켓까지, 그리고 높은 겨울 난방비와 함께, 연쇄반응은 불가피해 보인다. .  영국이 기업과 소비자를 보호하기 위한 조치를 계획하고 있고 미국 제조업체들은 액화 가스(LNG) 수출 억제를 촉구하고 있다. 정치도 등장 - EU 의원들은 러시아의 가즈프롬에 대한 시장조작을 조사하라고 당국에 요구해 왔다. .        월요일 시장에 더 많은 방향을 제공해야 하는 주요 개발:   -에버그랜드의 대부업체들이 대출손실을 저울질하며 신용을 넘나든다.   -Lufthansa 25억 달러의 권리금 발행으로 주가가 2.3% 하락   -영국 집값 9월 우경화  -독일 생산자물가 8월  -러시아 친푸틴당이 선거 과반을 얻지만 어느 정도 설 자리를 잃음   -캐나다인들이 사선투표   - 유엔 총회 시작(9월 24일까지)        (Reporting by Sujata Rao)  sujata.rao@thomsonreuters.com ; +44 207 542 6176 / 020 7536 7473 / 44 7990567646) )     (c) Copyright Thomson Reuters 2020. Click For Restrictions - https://agency.reuters.com/en/copyright.html        Keywords: MARKETS-EUROPE/VIEW   원문 바로가기    DISCLAIMER  레피니티브의 사전, 서면 승인 없는 톰슨로이터 콘텐츠의 재생산이나 재배포는 금지되어 있습니다. 이 기사의 한국어 번역은에프앤가이드가 사용하는 기계적 번역에 의한 것으로 톰슨로이터와 레피니티브는 번역의 정확성을 보증하지 않습니다."
98,5,"2021-09-20","16:01:19","BUZ-FX 옵션은 주식 전염과 위험 회피 불안감을 반영한다.","BUZZ-FX options reflect stock contagion and risk aversion angst .storyContent * {border-color:inherit !important;outline-color:inherit !important;} 외환옵션의 내재적 변동성은 종종 더 넓은 위험 욕구를 반영한다.   전염병적 저조로 인해 그것은 이제 점점 더 높아지고 있다 - 국기가 점점 더 위험성을 싫어한다.   낮은 레벨은 가치 추구자들을 끌어모으고 있지만 여전히 그럴 수 있다.    에버그랜드 사태, 증시 좌초, FX 전염 위험    암시적 변동성 플래그가 높아져 실제 변동성 위험이 증가함    불리한 FX 이동으로부터 보호할 수 있는 옵션 비용 상승              자세한 내용을 보려면 을 클릭하십시오. FXBUZ   (Richard Pace is a Reuters market analyst. The views expressed are his own)  Richard.Pace@thomsonreuters.com        (c) Copyright Thomson Reuters 2020. Click For Restrictions - https://agency.reuters.com/en/copyright.html   원문 바로가기    DISCLAIMER  레피니티브의 사전, 서면 승인 없는 톰슨로이터 콘텐츠의 재생산이나 재배포는 금지되어 있습니다. 이 기사의 한국어 번역은 에프앤가이드가 사용하는 기계적 번역에 의한 것으로 톰슨로이터와 레피니티브는 번역의 정확성을 보증하지 않습니다."
98,6,"2021-09-20","16:01:14","""전셋값만 5억 넘는데 대출까지 막겠다고?""…무주택자 '분통'","▶▶▶ 선취없이 월0.2%대 최저금리 부자네스탁론, 한도소진 임박!!!     추석 이후 가계대출 추가규제에 시선집중      가계대출을 억누르기 위한 정부의 추가 대책이 추석 연휴 이후로 예고된 가운데 전세대출에 대한 추가 규제 가능성에 관심이 모이고 있다. 가계대출 억제를 위해서는 증가세를 주도하고 있는 전세대출을 죄는 것이 효율적이지만, 정부로서도 무주택자가 주로 쓰는 실수요 대출의 대표 격인 전세대출에 섣불리 손을 대기는 어렵다.  더욱이 집값을 따라 전셋값이 폭등한 상황에서 전세대출까지 조이면 무주택자들의 불만은 더 커질 수밖에 없다. 금융위원회 관계자는 ""올해 가계대출 증가세의 3대 축은 전세대출, 정책모기지, 집단대출인데 이게 우리가 통상 말하는 '실수요' 대출""이라며 ""정책적으로 진퇴양난에 빠져 있다""고 했다. 가계대출 증가세 '주축' 전세대출 ""관리 부실·갭투자 악용 위험도"" 고승범 금융위원장은 지난 15일 국회 경제분야 대정부질문에서 ""이번 달까지 가계대출 동향을 감안해 실수요자를 위한 가계부채 보완대책을 추석 연휴 이후 발표하겠다""고 밝혔다. 그는 전세대출을 꼭 집어 ""최근 전세대출을 비롯한 실수요자 대출이 늘고 있는데이 부분을 관리하는 것이 어렵고 중요하다""고 했다.   전세대출의 가파른 증가세는 금융당국이 전세대출 규제를 검토하는 첫 번째 이유다. 지난 8월 은행권 전세대출 증가액은 2조6000억원으로 전체 은행권 가계대출 증가액(6조2000억원)의 42%였다. 이런 추세는 올해 내내 이어졌다. 올 1~8월 국민·신한·하나·우리·농협 등 5대 은행에서 늘어난 가계대출 잔액의 절반이 전세대출이었다.  전세대출은 올 7월부터 본격 시행된 차주별 총부채원리금상환비율(DSR) 규제에서도 제외되고 있다. 전세대출자의 대부분을 차지하는 무주택 실수요자를 보호하기 위한 방안이지만 이런 예외 때문에 일부 전문가들 사이에서는 가계대출 규제의 '구멍'이 되고 있다는 지적도 나왔다.   전세대출 제도 자체에 대한 고민도 있다. 전세대출은 오랜 기간 금융당국의 ‘뜨거운 감자’였다. 대출액의 90~100%에 대해 한국주택금융공사·SGI서울보증보험 등이 사실상의 공적 보증을 서기 때문에 거액의 대출이 비교적쉽게 이뤄지고, 그만큼 리스크 관리에도 허점이 많다는 지적이 이어져 왔다. 무주택 실수요자가 전세대출로 마련한 보증금을 집주인이 받아어떻게 사용하는지를 알 수 없는 만큼 '갭투자' 등을 부추긴다는 비판도 만만치 않았다.   '초저금리'도 기름을부었다. 전세대출을 연 2%대 금리로 빌릴 수 있다 보니 실제 필요한 금액보다 전세대출을 더 내는 대출자들이 적지 않다는 게 정부 안팎의 인식이다. 최대 한도로 대출을 받아 전세보증금을 내고, 여윳돈으로는 주식 등에 투자하는 게 대출이자를 내는 것보다 이득이라고 생각하는 대출자들이 있다는 것이다.   하준경 한양대 교수는 지난 7일 금융연구원 토론회에서 ""한국은 다른 나라에는 없는 전세란 제도가 있고 부동산보유세가 낮은 편이다. 금리가 돈의 사용 비용이라고 한다면 (이런 환경과 초저금리로 인해) 부동산의 금융화를 넘어 화폐화가 이뤄질 수 있는 셈""이라고 말했다. 그는 이어 ""전세대출은 소득과 거의 상관없이 나가기 때문에 전세대출과 신용대출을 합치면 전세를 끼고 집 사기가 쉬웠던 게 사실이었고, 그러다 보니 통제가 안 됐다""며 ""그동안은 대출 접근성을 높이는 데에 정책의 방점을찍고 문제가 생기면 그 위험은 소비자가 지라고 해왔지만 앞으로는 이런 관행에 변화가 필요하다""고 강조했다.  무주택 실수요자 피해 불보듯 ""대출없이 급등한 전셋값 어쩌란 말이냐"" 문제는 지나치게 치솟은 전셋값이다. 제도에 일부 허점이 있다고 해도 전셋값이 단기간 내 감당하기 어려울 만큼 급등한 현 시점에 강한 대출 규제를 강행하는 것은 실수요자 피해를 일으킬 수밖에 없다는 부담이 크다. 금융당국은 ""실수요자에게 피해가 가지 않도록 하겠다""는 입장을 강조하고 있지만 현장에서 실수요자만 가려내기란 쉽지 않다.   더욱이 전세대출은 대부분 무주택자가 대상이다. 앞선 부동산 대책들로 1주택자가 전세대출을 받을 수 있는 요건이 크게 강화됐다. 이렇다 보니 당장 전세대출에 섣불리 칼을 댔다가는 집값 급등으로 내 집 마련 대신 세를 살 수밖에 없는 무주택자들의 불만이 폭발할 가능성이 있다. 한 30대 직장인은 ""불과 1~2년 전 매매가가 4~5억 원이었던 아파트가 이제 전셋값만 5억 원을 넘는다""며 ""전세를 살고 싶어서 사는 게 아닌데 대출까지 막히면 어떻게 하라는 것이냐""고 토로했다.   금융권에서는 정부가 우선 은행을 통해 간접적으로 전세대출 관리를 강화하고, 그럼에도 증가세가 잦아들지 않는다면 직접 규제에 나설 가능성도 점치고 있다.   은행들은 올 하반기 들어 일제히 전세대출 금리를 높이고 한도를 줄이는 등 본격적인 대출 죄기에 나섰다. 농협·우리·신한·국민은행 등 주요 은행이 모두 전세대출 우대금리를 대폭 줄이고가산금리를 높이는 방식으로 대출금리를 높였다. 농협은행은 오는 11월까지 전세대출 취급을 한시 중단했고 국민은행은 지난 16일부터 전세대출 가운데 '생활안정자금대출' 항목의 DSR 상한선을 기존 100%에서 70%로 낮췄다. 그만큼 대출자가 받을 수 있는 한도가 줄게 된다.  이처럼 대출자가 체감하는 대출 문턱을 높여도 전세대출 증가세가 잡히지 않을 경우 금융당국이 직접적인 규제에 나설 가능성도있다. 전문가들은 DSR 규제에 전세대출을 포함시키는 방안을 거론하고 있다. 금융위 관계자는 ""지금 (가계대출) 풍선의 바람이 빵빵하게 들어가 있는데, 이를 조금이라도 빼놔야 나중에 충격이 왔을 때 반감시킬 수 있을 것""이라고 말했다.  빈난새 기자 binthere@hankyung.com     ▶▶[무료 공개]◀◀ 지금 “1,000만원“만 있어도 당장 “이것“부터 사라!! >>> (무료 체험)  박셀바이오 2,000%를 넘어설 21년 하반기 바이오 1등 종목은?  ▶▶ 월0.2%대 최저금리 X 주식자금 4배 X 100%집중투자 => 부자네스탁론  신용·미수보다 저렴한 금리로 종목 매수를 원한다면, 온라인으로 간편하게 자금 마련하자!  ◆최소 1000%, 그 이상도 간다! 현대차 수소 생태계 74억달러 “승부수“ 친환경 대장株! [확인]  ▶[급등임박 공개]◀ 2021년 하반기 “정부정책 수해주” TOP 10 긴급공개 >>> (바로확인)           관련기사 ""르노·GM은 하는데 못한다""…현대차·기아 '눈물' '영끌' 빚폭탄 떠안은 3040…""이러다 큰일난다"" 추석 때 넋 놓고 놀다가 '로또' 놓친다 ""한두 번도 아니고…"" 또 한국 외면한 애플 ""이 정도 일줄은…"" 日서 '인기폭발'한 한국 스타    ⓒ 한국경제& hankyung.com, 무단전재 및 재배포 금지"
98,7,"2021-09-20","16:01:07","한국은 미국이 호주를 둘러싼 '위험한 핵 군비 경쟁'에 대한 위험을 경고한다.","N.Korea warns U.S. risks 'dangerous nuclear arms race' over Australia subs .storyContent * {border-color:inherit !important;outline-color:inherit !important;}  서울, 9월 20일 (로이터) - 북한은 월요일 미국이 호주에 잠수함 기술을 제공함으로써 위험한 핵 군비 경쟁을 위험에 빠뜨렸다고 경고하면서 ""이중 기준""을 비판하고 대응책을 천명했다.   지난 주, 미국은 적어도 8척의 핵추진 잠수함을 건조하기 위해 호주에 기술적 지원을 제공하기 위해 영국이 참여하는 새로운 3국 안보 협력 관계를 체결했다.   북한이 가입했다 China 미국의 결정을 지역의 평화와 안정을 파괴하고 세계 비확산 노력을 파괴하는 ""무책임한 결정""이라고 비난하면서   북한 외무성은 관영 KCNA 통신이 전한 논평에서 ""이러한 행위들은 아시아 태평양 지역의 전략적 균형을 뒤엎고 연쇄적인 핵 군비 경쟁을촉발시킬 극도로 바람직하지 않고 위험한 행위""라고 말했다.   북한은 미국의 이중적 태도를 비판하며 이를 비난했다. White House spokeswoman Jen Psaki's remarks 중국과 갈등을 일으키지는 않지만 지역 안보를 강화하기로 결정했다.   산자부는 ""어떤 나라도 자국의 이익이 된다면 핵기술을 전파할 수 있다는 입장""이라며 ""이는 미국이 국제 핵비확산 체제를 무너뜨리는 주범임을 보여준다""고 말했다.   그는 ""미국의 결정 배경을 면밀히 들여다보고 있으며, 만약 그것이 우리 나라의 안보에 조금이라도 악영향을 미칠 경우에 대비해 그에상응하는 대응조치를 취할 것""이라고 말했다.   김정은 북한 국무위원장이 도널드 트럼프 당시 미국 대통령과의 정상회담에서 한반도 비핵화와 새로운 관계 수립을 위해 노력하기로 합의했지만 2019년 이후 협상이 교착상태에 빠졌다.   북한은 북한의 프로그램이 지역 평화와 안보에 대한 위협이라고 비난하면서 미국과 동맹국들의 무기 개발을 지지하고 있다고 맹비난했다.   북한 관영매체들은 28일 미국의이중 잣대와 적대적 정책이 비핵화 회담 재개에 걸림돌이 됐다고 평가했다.   (Reporting by Hyonhee Shin; Editing by Raju Gopalakrishnan)  hyonhee.shin@thomsonreuters.com ; 822 6936 1474; ))     (c) Copyright Thomson Reuters 2020. Click For Restrictions - https://agency.reuters.com/en/copyright.html        Keywords: USA-SECURITY/AUSTRALIA-NORTHKOREA   원문 바로가기    DISCLAIMER  레피니티브의 사전, 서면 승인 없는 톰슨로이터 콘텐츠의 재생산이나 재배포는 금지되어 있습니다. 이 기사의 한국어 번역은 에프앤가이드가 사용하는 기계적 번역에 의한 것으로 톰슨로이터와 레피니티브는 번역의 정확성을 보증하지 않습니다."
99,1,"2021-09-20","15:54:51","BRIFT-Flexion 모바일 사인이 자사의 가장 큰 게임 출판사와 거래함","BRIEF-Flexion Mobile Signs Deal With Its Biggest Us Game Publisher .storyContent * {border-color:inherit !important;outline-color:inherit !important;} 9월 20일(로이터) - Flexion Mobile PLC FLEXM.ST:  간판들은 그것의 가장 큰 우리 게임 출판사를 다룬다.   새로운 계약은 6개의 기존 게임과 1개의 새로운 최고 수익 게임을 포함한다.    Further company coverage: FLEXM.ST  (Gdansk Newsroom)  Gdansk.newsroom@thomsonreuters.com ; +48 58 778 51 10; ))        (c) Copyright Thomson Reuters 2020. Click For Restrictions - https://agency.reuters.com/en/copyright.html   원문바로가기    DISCLAIMER  레피니티브의 사전, 서면 승인 없는 톰슨로이터 콘텐츠의 재생산이나 재배포는 금지되어 있습니다. 이 기사의 한국어 번역은 에프앤가이드가 사용하는 기계적 번역에 의한 것으로 톰슨로이터와 레피니티브는 번역의 정확성을 보증하지 않습니다."
99,2,"2021-09-20","15:54:31","BLIFT-Toleranzia 시리즈 To3의 약 95.7%가 가입되어 있었다.","BRIEF-Toleranzia About 95.7% Of Warrants Of Series To3 Were Subscribed .storyContent * {border-color:inherit !important;outline-color:inherit !important;} 9월 20일(로이터) - 톨레란지아 AB TOLE.ST:  시리즈 to3의 약 95.7%의 영장이 청부되었다.   약 msek 27.5를 받게 될 것이다.    Further company coverage: TOLE.ST  (Gdansk Newsroom)  Gdansk.newsroom@thomsonreuters.com ; +48 58 778 51 10; ))        (c) Copyright Thomson Reuters 2020. Click For Restrictions - https://agency.reuters.com/en/copyright.html   원문 바로가기    DISCLAIMER  레피니티브의 사전, 서면 승인 없는 톰슨로이터 콘텐츠의 재생산이나 재배포는 금지되어 있습니다. 이 기사의 한국어 번역은 에프앤가이드가 사용하는 기계적 번역에 의한 것으로 톰슨로이터와 레피니티브는 번역의 정확성을 보증하지 않습니다."
99,3,"2021-09-20","15:53:45","영국, 벨기에 및 네덜란드로 향하는 TABLE-LNG 유조선","TABLE-LNG tankers heading to Britain, Belgium and the Netherlands .storyContent * {border-color:inherit !important;outline-color:inherit !important;}  9월 20일 (로이터) - 다음의 액화천연가스(LNG) 유조선들이 앞으로 수주 안에 영국, 벨기에, 네덜란드에 도착할 것으로 예상된다.  항만 당국과 Refinitiv Eikon의 AIS Live 선박 추적 데이터에 의해 종종 수정된 예상 도착 날짜는 아래에 업데이트된다.  벨기에와 영국으로 향하는 일부 탱커들이 터미널에 짐을 싣고 있을 수도 있다. 로딩이 예상되는 경우는 (L)로 표시한다.  선박 대 선박 양도를 수행할가능성이 있는 자는 (STS)와 함께 표시된다. 도킹한 탱커는 (A)와 함께 표시된다.    로이터 LNG 가이드를 보려면 여기를 클릭하십시오. LNG/GUIDE     LNG 유조선  용량(입방 미터)  예상 도착  From  포트   영국               메탄 리돈 볼니  143,000  9월 29일  미국  그레인 섬    벨기에               벨리키 노브고로드  170,000  9월 21일 (L)  이집트  지브루게   클린오션   159,000  9월 21일  러시아  지브루게   알카티야  206,000  9월 23일  카타르  지브루게   알 카라나  206,000  10월 1일  카타르  지브루게   메사이머  212,000  10월 6일  카타르  지브루게    네덜란드               앰버잭 LNG  174,000  9월 20일 (A)  미국  로테르담    출처: 포트, AIS Live 선박 추적, Refinitiv Eikon 데이터.  (^) 부분하역  (*) www.searates.com을 이용하여 평균 13.5노트의 속도로 계산한 도착일     (Reporting By Susanna Twidale)  susanna.twidale@thomsonreuters.com ; +44 207 5424753; ))     (c) Copyright Thomson Reuters 2020. Click For Restrictions - https://agency.reuters.com/en/copyright.html        Keywords: LNG-ARRIVALS/ATLANTIC (TABLE)   원문 바로가기    DISCLAIMER  레피니티브의 사전, 서면 승인 없는 톰슨로이터 콘텐츠의 재생산이나 재배포는 금지되어 있습니다. 이 기사의 한국어 번역은 에프앤가이드가 사용하는 기계적 번역에 의한 것으로 톰슨로이터와 레피니티브는 번역의 정확성을 보증하지 않습니다."
99,4,"2021-09-20","15:53:23","세계의 날씨(9월20일)","세계의 날씨(9월20일)                                                                        (15:00)  ┌───────┬────┬─────┬───────┬────┬─────┐  │   주요도시   │기온(℃)│  날　씨  │   주요도시   │기온(℃)│  날　씨  │  ├───────┼────┼─────┼───────┼────┼─────┤  │암 스 테 르 담│ 10∼ 19│ 구름조금 │멜    버    른│  9∼ 13│  소나기  │  │아    테    네│ 22∼ 36│   맑음   │멕 시 코 시 티│  9∼ 17│흐려져 비 │  │방          콕│ 25∼ 32│   뇌우   │마  이  애  미│ 25∼ 31│   뇌우   │  │베    이    징│ 16∼ 22│    비    │몬  트  리  올│ 11∼ 26│   맑음   │  │베 오 그 라 드│ 15∼ 17│    비    │모  스  크  바│  5∼  6│    비    │  │베    를    린│  8∼ 15│   흐림   │나  이  로  비│ 15∼ 26│   흐림   │  │브    뤼    셀│ 12∼ 20│   흐림   │뉴    델    리│ 27∼ 35│   흐림   │  │부 다 페 스 트│ 12∼ 18│   흐림   │뉴          욕│ 17∼ 22│   맑음   │   │붸노스아이레스│ 14∼ 20│    비    │파          리│ 14∼ 20│  소나기  │  │카    이    로│ 19∼ 36│   맑음   │프    라    하│  9∼ 15│   흐림   │  │더    블    린│ 12∼ 19│   흐림   │리우데자네이루│ 20∼ 35│   안개   │  │프랑크  푸르트│ 11∼ 19│   흐림   │로          마│ 17∼ 26│    비    │  │제    네    바│ 11∼ 16│    비    │샌  프란시스코│ 14∼ 24│   안개   │  │하    노    이│ 25∼ 31│    비    │상  파  울  루│ 17∼ 35│   안개   │  │홍          콩│ 28∼ 32│  소나기  │싱  가  포  르│ 25∼ 34│ 구름조금 │  │호  놀  룰  루│ 23∼ 31│  소나기  │스  톡  홀  름│  5∼ 11│   흐림   │  │이  스  탄  불│ 19∼ 29│   흐림   │시    드    니│ 13∼ 27│ 구름조금 │  │자  카  르  타│ 25∼ 33│흐려져 비 │타  이  베  이│ 25∼ 31│   흐림   │  │요하 네스 버그│ 11∼ 28│ 구름조금 │테    헤    란│ 18∼ 30│   맑음   │  │쿠알라  룸푸르│ 25∼ 34│   흐림   │텔  아  비  브│ 23∼ 31│   맑음   │  │리          마│ 12∼ 22│   맑음   │도          쿄│ 18∼ 27│   맑음   │  │리    스    본│ 17∼ 26│   맑음   │토    론    토│ 15∼ 25│ 구름조금 │   │런          던│ 14∼ 20│   흐림   │밴    쿠    버│ 11∼ 17│ 구름조금 │  │로스  앤젤레스│ 16∼ 29│   맑음   │바  르  샤  바│  6∼ 10│   맑음   │  │마  드  리  드│ 16∼ 23│   맑음   │워    싱    턴│ 17∼ 27│   맑음   │  │마    닐    라│ 23∼ 28│  소나기  │취    리    히│ 10∼ 15│    비    │  └───────┴────┴─────┴───────┴────┴─────┘   (자료=웨더아이)                                             (서울=연합뉴스)  (끝)     <저작권자(c) 연합뉴스, 무단 전재-재배포 금지>"
99,5,"2021-09-20","15:53:09","“윤석열 28%·이재명 23%…尹, 4주 만에 지지율 역전”","차기 대권 주자 적합도 조사에서 윤석열 전 검찰총장이 4주 만에 이재명 경기지사를 앞섰다는 여론조사 결과가 나왔다.   20일 한국사회여론연구소(KSOI)가 TBS 의뢰로 지난 17~18일 전국 만 18세 이상 1004명을 대상으로 조사한 결과, 윤 전 총장은 전주보다 2.4% 포인트(p) 오른 28.8%, 이 지사는 4.2%포인트 내린 23.6%를 기록했다. 윤 전 총장이 이 지사에 앞선 것은 지난달 20~21일 조사 이후 4주 만이다.   이 지사는 대장지구 의혹으로 야권뿐 아니라 여당 경쟁 상대로부터도 포화를 받고 있다. 윤 전 총장은 ‘고발 사주’ 의혹이 제기된 가운데이른바 박지원 국정원장의 개입설을 요체로 하는 '제보 사주' 의혹으로 맞불을 놨다.   6주 연속 상승세를 보였던 홍준표 국민의힘 의원은 전주 대비 1.0%p 내린 15.4%로 3위를 차지했다. 다음으로는 민주당 이낙연 전 대표가 2.6%p 하락한 13.7%로 4위로 나타났다.   이어 유승민 전 의원(2.9%)과 추미애 전 법무부 장관(2.9%), 국민의당 안철수 대표(2.4%), 정의당 심상정 의원(2.1%), 최재형 전 감사원장(1.6%) 순으로 조사됐다.   범진보 진영 차기 대선후보 적합도 조사에서는 이 지사가 28.6%로 선두를 지킨 가운데 이 전 대표가 22.6%로 추격했다. 이어서 추 전 장관(5.8%), 민주당 박용진 의원(5.2%), 심 의원(3.5%) 순이었다.   범보수권 차기 대선후보 적합도 조사에서는 홍 의원이 30.0%를 기록해 윤 전 총장(29.5%)과 초박빙의 접전을 벌이며 오차범위 내에서 윤 전총장을 2주 연속 앞섰다. 이어 유 전 의원(9.8%), 안 대표(4.1%), 김동연 전 경제부총리(2.8%) 순이었다.   정당 지지도는 국민의힘이 전주보다 2.9%p 상승한 39.0%의 지지를 받아 해당 조사가 시작된 지난 2월 이후 최고치를 기록했다. 민주당은 4.3% 하락한 29.4%로 13주 만에 처음으로 30% 선 아래로 떨어졌다.   이번 조사의 표본오차는 95% 신뢰수준에 ±3.1%포인트다. 자세한 내용은 중앙선거여론조사심의위원회 홈페이지를 참조하면 된다.   정용욱 기자(dragon@etoday.co.kr)   [오늘의 핫클릭] ●추석맞이 장보기, 대형마트 휴무일 확인하세요 ●국산 코로나19 치료제 개발 ‘속도’...어디까지 왔나  ●▶▶주식 30만원으로 시작한다면 꼭 '이렇게' 해라! [클릭] ●통장에 50만원 있다면 ""이종목"" 꼭 매수해라!! [클릭] ●▶美 FDA 임상3상완료! 2000 조 시장 거머쥘 바이오 新대장주 [확인] ●▶기관, 외인 2000만주 이상 거침없는 대규모 매집! ""o o o"" 인수전 시작! (확인) ●▶최종목표 1500%! 美 FDA 임상3상 긴급승인! 잭팟 터질 바이오株! [클릭]         이투데이(www.etoday.co.kr), 무단전재 및 수집, 재배포금지   프리미엄 경제신문 이투데이    "
99,6,"2021-09-20","15:53:08","TABLE-노르웨이 가스 유럽 딥 후보","TABLE-Norwegian gas nominations to Europe dip .storyContent * {border-color:inherit !important;outline-color:inherit !important;} 9월 20일(로이터) - 다음 표는 노르웨이의 가스관 후보지명을 보여주고 있으며, 전날 후보지명과 비교해 하루 수백만 입방미터로 측정된다.      목적지  현재일  전일  변화하다   영국  49  55  -6   독일과 네덜란드  140  145  -5   프랑스.  50  52  -2   벨기에  42  41  1   합계  281  293  -12      참고: 12월 1일 가스코 웹사이트를 개편하고 실시간 물리적 흐름대신 통합된 일일 지명, 즉 화주들의 가스 운송을 위한 공식 요청만을 발표하는데, 이는 화주들이 현재의 가스 날에 얼마나 많은 용량을 예약했는지를 나타낸다.   (Reporting by Bengaluru Commodities Desk)  BLRCEEditorial@thomsonreuters.com  All European gas news    NGSUK natural gas prices   0#TRGBNBP:National Grid instant flows    0#NGRID-FLOW-RT National Grid gas demand       0#NGRID-DSR-DEM North Sea gas and power maintenance   NSEA/AM     (c) Copyright Thomson Reuters 2020. Click For Restrictions - https://agency.reuters.com/en/copyright.html        Keywords: NORWAY-GAS/ (TABLE)   원문 바로가기    DISCLAIMER  레피니티브의 사전, 서면 승인 없는 톰슨로이터 콘텐츠의 재생산이나 재배포는 금지되어 있습니다. 이 기사의 한국어 번역은 에프앤가이드가 사용하는 기계적 번역에 의한 것으로 톰슨로이터와 레피니티브는 번역의 정확성을 보증하지 않습니다."
99,7,"2021-09-20","15:51:51","BLIFT-인도 cenbank는 9월 18일 2669억6,000만루피에 달하는 리파이낸싱이 가능하다고 밝혔다.","BRIEF-India cenbank says Sept 18 refinance 266.96 bln rupees  9월 20일(로이터) - 인도준비은행:     인도 cenbank, 9월 18일 리파이낸싱 2669억6,000만루피     원본텍스트 - (https://www.rbi.org.in/Scripts/BS_PressReleaseDisplay.aspx     (벵갈루루 뉴스룸) ReutersIndia.snapping@thomsonreuters.com; +91 80 6749 1310))   원문 바로가기    DISCLAIMER  레피니티브의 사전, 서면 승인 없는 톰슨로이터 콘텐츠의 재생산이나 재배포는 금지되어 있습니다. 이 기사의 한국어 번역은 에프앤가이드가 사용하는 기계적 번역에 의한 것으로 톰슨로이터와 레피니티브는 번역의 정확성을 보증하지 않습니다."
100,1,"2021-09-20","15:47:36","BUZ-인디안 뉴스 미디어 회사 NDTV는 아다니 매수 투기에 뛰어들었다.","BUZZ-Indian news media firm NDTV jumps on Adani buyout speculation .storyContent * {border-color:inherit !important;outline-color:inherit !important;} ** 델리 소재 언론사 주식NDTV.NS 10%나 치솟아 79.85루피까지 치솟다.   ** 주식 상회로를 강타하여 거래 중단됨  ** 에 따르면 The Economic Times언론 보도는 아다니 그룹이 델리에 본사를 둔 미디어 회사를 인수하려고 한다고 주장했는데, 많은 사람들은 NDTV로 추측하고 있다.  ** 출판물은 이 개발을 보고한 언론매체를 명시하지 않았다.  ** 아다니 기업 ADEL.NS NDTV는 로이터 통신의 논평 요청에 즉각 응답하지 않았다.  ** NDTV 주식은 거의 3주 만에 최고치를 기록했으며 6주 이상만에 최고의 날을 맞이하게 되었다.  ** Nifty Media 인덱스 .NIFTYMED 무려 3.46%나 뛰어 1,994.20포인트.  ** 세션의 상승을 포함하면, NDTV 주식은 올해 두 배 이상 증가하여, YTD 상승률의 20%를 상회했다. .NIFTYMED  (Reporting by Shivani Singh in Bengaluru)  ShivaniSingh1@thomsonreuters.com ; +91 89 6969 2349) )        (c) Copyright Thomson Reuters 2020. Click For Restrictions - https://agency.reuters.com/en/copyright.html   원문 바로가기    DISCLAIMER  레피니티브의 사전, 서면 승인 없는 톰슨로이터 콘텐츠의 재생산이나 재배포는 금지되어 있습니다. 이 기사의 한국어 번역은 에프앤가이드가 사용하는 기계적 번역에 의한 것으로 톰슨로이터와 레피니티브는 번역의 정확성을 보증하지 않습니다."
100,2,"2021-09-20","15:47:34","BRIF-Mirriad 광고, 영향력 있는 사람들과의 파트너십 협정 발표","BRIEF-Mirriad Advertising Announces Partnership Agreement With Influential .storyContent * {border-color:inherit !important;outline-color:inherit !important;} 9월 20일(로이터) - 미르리아드 광고 PLC MIRI.L:  신기루 광고 - 영향력 있는 사람과의 파트너십 협정   미러드 광고 plc - 계약체결로 빠르게 성장하고 광범위한 인플루언서 마케팅 부문에서 미러드 액세스가 가능한 재고 범위가 확대됨   미러드 광고 plc - 독점 계약에는 영향력 있는 인력과 두 회사의 고객을 위한 표적형 소개 전략이 포함되어 있다.    Further company coverage: MIRI.L  Reuters.Briefs@thomsonreuters.com        (c) Copyright Thomson Reuters 2020. Click For Restrictions - https://agency.reuters.com/en/copyright.html   원문 바로가기    DISCLAIMER  레피니티브의 사전, 서면 승인 없는 톰슨로이터 콘텐츠의 재생산이나 재배포는 금지되어 있습니다. 이 기사의 한국어 번역은 에프앤가이드가 사용하는 기계적 번역에 의한 것으로 톰슨로이터와 레피니티브는 번역의 정확성을 보증하지 않습니다."
100,3,"2021-09-20","15:47:17","BRIF-슈퍼마켓 수입 리츠, 슈퍼마켓 6곳을 1억1,310만 파운드에 사들","BRIEF-Supermarket Income REIT Buys 6 Supermarkets For ￡113.1 Mln .storyContent * {border-color:inherit !important;outline-color:inherit !important;} 9월 20일(로이터) - 수퍼마켓 소득 REIT PLC SUPR.L:  슈퍼마켓 리트 리트 - 6개 슈퍼마켓 인수   슈퍼마켓 소득 리트 plc - 총 구매 가격 110만 파운드, 여러 공급업체로부터 취득    Further company coverage: SUPR.L  Reuters.Briefs@thomsonreuters.com        (c) Copyright Thomson Reuters 2020. Click For Restrictions - https://agency.reuters.com/en/copyright.html   원문 바로가기    DISCLAIMER  레피니티브의 사전, 서면 승인 없는 톰슨로이터 콘텐츠의 재생산이나 재배포는 금지되어 있습니다. 이 기사의 한국어 번역은 에프앤가이드가 사용하는 기계적 번역에 의한 것으로 톰슨로이터와 레피니티브는 번역의 정확성을 보증하지 않습니다."
100,4,"2021-09-20","15:46:53","BRIFT-빅스, 래리 펜츠 후임으로 비비안 콕스 회장 내정자 임명","BRIEF-Victrex Appoints Vivienne Cox Chair-Designate To Succeed Larry Pentz .storyContent * {border-color:inherit !important;outline-color:inherit !important;} 9월 20일(로이터) - 빅트렉스 PLC VCTX.L:  빅터 plc - 의장 지명자 임명   빅트렉스 plc - 래리 펜츠의 뒤를 이을 비상임이사 겸의장 지명자로 Vivienne cox cbe를 임명한다.   빅터 plc - 래리가 2022년 연례 총회에서 하차할 예정이다.    Further company coverage: VCTX.L  Reuters.Briefs@thomsonreuters.com        (c) Copyright Thomson Reuters 2020. Click For Restrictions - https://agency.reuters.com/en/copyright.html   원문바로가기    DISCLAIMER  레피니티브의 사전, 서면 승인 없는 톰슨로이터 콘텐츠의 재생산이나 재배포는 금지되어 있습니다. 이 기사의 한국어 번역은 에프앤가이드가 사용하는 기계적 번역에 의한 것으로 톰슨로이터와 레피니티브는 번역의 정확성을 보증하지 않습니다."
100,5,"2021-09-20","15:46:35","BRIF-Sourcebio International은 PCR 기술에서 횡류 기술로의 전환에 따른 여행 관련 수요의 물질적 비율을 보고 있다.","BRIEF-Sourcebio International Sees Material Proportion Of Travel-Related Demand To Switch From PCR Technology To Lateral Flow Technology .storyContent * {border-color:inherit !important;outline-color:inherit !important;} 9월 20일(로이터) - Sourcebio International PLC SBI.L:  sourcebio intl plc - 문장이 covid-19 여행 테스트로 변경됨   sourcebio 국제 - 여행 관련 수요의 물질적 비율이 pcr 기술에서 횡방향 흐름 기술로 전환될 것으로 예상    Further company coverage: SBI.L  Reuters.Briefs@thomsonreuters.com        (c) Copyright Thomson Reuters 2020. Click For Restrictions - https://agency.reuters.com/en/copyright.html   원문 바로가기    DISCLAIMER  레피니티브의 사전, 서면 승인 없는 톰슨로이터 콘텐츠의 재생산이나 재배포는 금지되어 있습니다. 이 기사의 한국어 번역은 에프앤가이드가 사용하는 기계적 번역에 의한 것으로 톰슨로이터와 레피니티브는 번역의 정확성을 보증하지 않습니다."
100,6,"2021-09-20","15:46:08","지열지구난방 프로젝트 롤아웃을 위한 SSE 열망을 이용한 MoU 내 BRIG-IGAS 에너지","BRIEF-IGas Energy In MoU With SSE Heat Networks For Roll-Out Of Geothermal District Heating Project .storyContent * {border-color:inherit !important;outline-color:inherit !important;} 9월 20일(로이터) - IGas Energy PLC IGAS.L:  igas 에너지 plc - 지열 지역 난방 프로젝트 롤아웃을 위한 sse 열 네트워크 제한(""sse"")을 포함한 양해각서(""mou)""    Further company coverage: IGAS.L  Reuters.Briefs@thomsonreuters.com        (c) Copyright Thomson Reuters 2020. Click For Restrictions - https://agency.reuters.com/en/copyright.html   원문 바로가기    DISCLAIMER  레피니티브의 사전, 서면 승인 없는 톰슨로이터 콘텐츠의 재생산이나 재배포는 금지되어 있습니다. 이 기사의 한국어번역은 에프앤가이드가 사용하는 기계적 번역에 의한 것으로 톰슨로이터와 레피니티브는 번역의 정확성을 보증하지 않습니다."
100,7,"2021-09-20","15:45:57","예견된 푸틴의 승리…러시아 총선서 집권여당 48% 선두","[머니투데이 박가영 기자] [2016년 총선보다 득표율 줄어]   러시아에서 하원의원 선출을 위한 사흘간의 총선 투표가 종료된 가운데 블라디미르 푸틴 대통령이 이끄는 통합러시아당이 40% 이상의 득표율로 선두를 달리고 있다.   20일 AFP통신, 러시아 관영 타스통신 등에 따르면 러시아 중앙선거관리위원회는 지난 17~19일 진행된 총선 개표가 70.67% 진행된 상황에서 통합러시아당이 48.56% 득표율로 앞서고 있다고 밝혔다.   이어 제1야당인 공산당이 20.25%, 자유민주당이 7.68%, 정의러시아당이 7.42%의 득표율을 얻은 것으로 나타났다.   투표 종료 직후 발표된 사회마케팅연구소의 출구 조사 결과에서도 통합러시아당이 45.2%의 득표율로 공산당(21%), 자유민주당(8.7%), 정의러시아당(7.9%) 등을 크게 앞질렀다.   2024년 러시아 대선의 전초전 성격을 띠고 있는 이번 총선에서 통합러시아당의 승리가 확실시되면서 지지자들은 푸틴 대통령을 연호하며 환호했다. 통합러시아당의 당무를 총괄하고 있는 안드레이 투르차크 사무총장은 ""깨끗하고 정직한 승리""라며 자축했다.   총선을 앞두고 푸틴 대통령의 정적으로 유명한 알렉세이 나발니의 측근의 체포 명령이 떨어지는 등 야권 인사에 대한 압박이 강해지면서 집권당의 승리는 일찌감치 예견됐다. 다만 지난 총선에 비해 지지율이 크게 줄어든 것으로 나타났다. 2016년 선거에서 통합러시아당은 54.2%의 득표율로 개헌선(300석)을 웃돈 343석을 확보했다. 아직 개표가 완료되지는 않았지만 이번 선거에서는 이보다 적은 의석수를 확보할 것으로 보인다.   AFP는 현재 투옥 중인 나발니가 벌인 조직적인 투표 운동이 득표율 하락에 영향을 줬을 것이라고 분석했다. 나발니는 이번 선거를 앞두고 '스마트 보팅' 운동을 벌였다. 스마팅 보팅 앱을 다운받으면 선거구별로 여당 후보를 막을 수 있는 최적의 후보를 추천받을 수 있다. 하지만 이 앱은 러시아 규제 당국 압박에 선거를 앞두고 구글과 애플 스토어에서 삭제됐다.   나발니 진영은 전자 투표 결과발표가 반복적으로 지연되고 있다는 점을 지적하며 이번 투표가 대규모로 조작됐다는 의혹을 제기하기도 했다. 또 코로나19 확산 우려로 인파를 최소화하고자 투표 기간을 사흘로 늘린 조치도 조작 위험을 확대할 수 있다고 지적했다.   나발니의 핵심 보좌관 레오니드 볼코프는 유튜브 생방송을 통해 ""우리는 그들의 정치 체제를 흔들었다. 우리는 그들이 패배를 인정하거나 모든 사람 앞에서 뻔뻔하게 거짓말을 하도록 했다""고 말했다.     [관련기사] ☞ 곽민선 아나, 수원삼성 선수와 열애설…""경기 지는데 네 생각"" ☞ ""점점 야위어가네""…고현정, 다이어트 성공 후 4개월 변천사 ☞ PC방 여직원 기절시켜 돈훔치고 몹쓸짓까지한 50대 ☞ ""용돈 좀"" ""옷 입어라""…목숨 앗아간 명절 칼부림 ☞ 수면내시경후 잠든 여성 31명 준강간·촬영…20대 간호조무사   박가영 기자 park0801@mt.co.kr     ▶월 0.3%대 최저금리 적용, 키워드림론 간편 신청으로 수익 극대화하자 (신청하기)   빅 사이클 도래! 실적 발표 기대감! 단타, 중,장기를 모두 잡는 엄청난 종목의 등장! [클릭]   ▶급등임박 종목, 일단 뭔지 확인해보고 시작하자◀     [파워 인터뷰]       30배 박셀바이오, 20배 신풍제약, 그리고 '이바이오 종목'   ▶시세 분출 직전 ! 실적 상승 + 재료임박 + 외인대량매집중인 '이 종목' 긴급공개 ◀   기관 외인 바닥권 대량 매집흔적 발견! 급등 임박 大시세 종목 공개!!       <저작권자 ⓒ '돈이 보이는 리얼타임 뉴스' 머니투데이, 무단전재 및 재배포 금지>"
101,1,"2021-09-20","15:39:01","대장동 찾은 홍준표…""이재명, 관련 됐으면 감옥에 가야""","- ""대통령 되면 특검할 것…부당이득 전액 환수""    ▶'2차전지'의 신흥강자! 대규모 공급계약 체결! 800% 극비리 재료株     국민의힘 대선주자 홍준표 의원이 20일 경기도 성남시 대장동 택지개발 현장에서 기자들의 질의에 답하고 있다.(사진=홍준표의원 페이스북)  [이데일리 정다슬 기자] 국민의힘 대선주자 홍준표 경선후보가 20일 개발비리 의혹이 나오고 있는 경기 성남구 대장동 택지 개발 현장을 찾아 “이재명 경기도지사의 사퇴 여부가 문제가 아니고 관련이 됐으면 감옥에 가야 한다”고 주장했다.  홍 후보는 이날 대장동에서 기자들과 만나 “칼잡이 대통령은 하지 않겠다고 약속했지만 이 사건은 서민들의 피를 빠는거머리떼들이라고 보여지기 때문에, 내가 대통령이 되면 관련자는 그 누구라도 모두 엄단하고 부당이득은 모두 국고로 환수할 것”이라고 단언했다.  그는 대선까지 진상규명이 가능하냐는 질문에 “지금이라도 특검을 시작하면 3~4개월 내 진상을 밝힐 수 있을 것”이라며 “의외로 이 사건은 복잡하지 않다. 400억 출처와 어디로 로비하러 들어왔는지만 알면 쉽게 밝혀진다”며 강조했다.  홍 의원은 또 이 지사가 전날 ‘제가 부정하거나 단 1원이라도 부당한 이익을 취했으면 후보직과 공직에서 사퇴하고 다 그만두도록 하겠다’고 한 것에 대해 “자기 통장에는 돈이 안 들어왔을지 모르겠지만, 박근혜 전 대통령이 구속되고 20년씩 구형받을 때 단돈 1원이라도 박 전 대통령에게 간 일이있냐”며 “같은 식의 변명을 하며 빠져나가려고 한다”고 말했다.  홍 의원은 “90년도 수서 택지 비리 사건 보다 규모가 더 큰 것으로 보여진다”며 “성남시장이 사업자 선정 과정에서 전부 관여했고 지금 와서 이 사건이 터지니 오히려 국민의힘 당협위원장 했던 사람, 전직 의원들을 물고 늘어지는 걸 보면 참 뻔뻔스럽다”고 지적했다.  그러면서 “화천대유, 천화동인이라는 이름을 지을 때부터 이미 이것은 대선 프로젝트가 아닌가 하는 의심을 했다. 대선 자금과 그것을 모으려고 하지 않았나 의심이 강하게 간다”고 주장했다.     ※ 주식은 매도가 생명!! 팔기 전 AI비서에게 물어봐!!  ▶ <세계최초>신약재료+美승인!! 1500%↑터질 역대급 바이오株 (종목확인)  ▶1500% 가는 '제2의 HMM' 아직 5000원대 황금株, 급등 전 마지막 기회! [클릭]  ▶▶[무료 공개]◀◀ 지금 ""1,000만원""만 있어도 당장 ""이것""부터 사라!! >>> (무료 체험)  ▶▶주식전문가들의 상승, TOP3 ""테마株"" 종목확인! 선착순 무료! [클릭]         ＜ⓒ종합 경제정보 미디어 이데일리 - 무단전재 & 재배포 금지＞    "
101,2,"2021-09-20","15:38:27","BRIF-Philip Morris International Inc., 10월 19일 오전 8시부터 벡투라 상장 취소 효력이 발생한다고 발표하다","BRIEF-Philip Morris International Inc Says Cancellation Of Vectura Listing Expected To Take Effect From 8.00 Am On Oct. 19 .storyContent * {border-color:inherit !important;outline-color:inherit !important;} 9월 20일 (로이터) - 필립 모리스 인터내셔널 PM.N:  필립모리스 인터내셔널 - 벡투라 상장 취소는 2021년 10월 19일 오전 8시부터 시행될 예정이다.    Further company coverage: PM.N  Reuters.Briefs@thomsonreuters.com        (c) Copyright Thomson Reuters 2020. Click For Restrictions - https://agency.reuters.com/en/copyright.html   원문 바로가기    DISCLAIMER  레피니티브의 사전, 서면 승인 없는 톰슨로이터 콘텐츠의 재생산이나 재배포는 금지되어 있습니다. 이 기사의 한국어 번역은 에프앤가이드가 사용하는 기계적 번역에 의한 것으로 톰슨로이터와 레피니티브는 번역의 정확성을 보증하지 않습니다."
101,3,"2021-09-20","15:38:23","뉴질랜드, 오클랜드 코로나19 봉쇄령 22일 해제","뉴질랜드가 오클랜드 지역에 내려진 코로나19 경보 4단계 봉쇄령을 22일부터 해제한다고 20일 밝혔다.   오클랜드는 지난달 17일 델타 변이 바이러스가 발견되며 봉쇄령에 들어갔었다.   뉴질랜드 언론에 따르면 저신다 아던 총리는 이날 각료회의 후 기자회견을 하고 오클랜드 지역에 대한 봉쇄령을 21일 자정을 기해 경보 3 단계로 내려 최소한 2주간 유지할 것이라고 밝혔다.   오클랜드를 제외한 지역에 내려져 있는 경보 2단계는 같은 기간 동안 그대로 유지된다. 다만 감염사례가 새로 나온 와이카토 일부 지역에대해서는 잠정적인 봉쇄령을 내린다고 아던 총리는 밝혔다.   아던 총리는 오클랜드 지역에 대한 경보단계를 낮추는 것은 모든 일이 잘돼서도 아니고 코로나19 퇴치라는 목표가 달성 될 수 없다고 생각해서도 아니라고 설명했다. 경보 4단계에서처럼 3단계에서도 바이러스를 차단하기 위한 규정들이 잘 지켜져야 한다는 의미다.   그는 특히 오클랜드 지역의 가구 단위 생활 방식은 3단계에서도 그대로 유지돼야 한다며 친구와 이웃을 방문하거나 아이들이 어울려 노는것은 안 된다고 강조했다.   뉴질랜드에서는 이날 오클랜드에서 19건, 와이카토 지역에서 3건 등 22건의 지역사회 감염 사례가 나와 지난달 중순 이후 델타 변이 바이러스에 의한 전체 지역회 확진자 수는 1,068명으로 늘었다. 이 가운데 694명은 이미 회복됐다.   ▶▶ 코로나19 백신 임상 3상 완료! 박셀바이오 1000% 뛰어 넘는 역대급 바이오! [확인]  ▶▶ [무료공개] 지금 ""1,000만원""만 있어도 당장 ""이것"" 부터 사라!!>>> (무료체험)   ▶▶ [급등임박 공개] ◀◀ 2021년 상반기 ""정부정책 수해주"" TOP 10 긴급공개 >>> (바로확인)     [ⓒ 서울경제, 무단 전재 및 재배포 금지]"
101,4,"2021-09-20","15:37:56","BRIF-텐 라이프스타일 그룹, 바클레이스 은행과 계약 확대","BRIEF-Ten Lifestyle Group Expands Contract With Barclays Bank UK Plc .storyContent * {border-color:inherit !important;outline-color:inherit !important;} 9월 20일(로이터) - 텐라이프스타일 그룹 PLC TENG.L:  10개의 라이프스타일 그룹 - 10개의 바클레이 은행과 계약 확장 uk plc    Further company coverage: TENG.L  Reuters.Briefs@thomsonreuters.com        (c) Copyright Thomson Reuters 2020. Click For Restrictions - https://agency.reuters.com/en/copyright.html   원문 바로가기    DISCLAIMER  레피니티브의 사전, 서면 승인 없는 톰슨로이터 콘텐츠의 재생산이나 재배포는 금지되어 있습니다. 이 기사의 한국어 번역은 에프앤가이드가 사용하는 기계적 번역에 의한 것으로 톰슨로이터와 레피니티브는 번역의 정확성을 보증하지 않습니다."
101,5,"2021-09-20","15:37:45","대장지구 여파? 윤석열 28%, 이재명 23%…尹 4주만에 역전","[연합뉴스]  [헤럴드경제]차기 대권주자 적합도에서 윤석열 전 검찰총장이 4주 만에 이재명 경기지사를 앞섰다는 여론조사 결과가 20일 나왔다. 대장지구 의혹 여파라는 분석이 나오고 있다.  한국사회여론연구소(KSOI)가 TBS 의뢰로 지난 17~18일 전국 만 18세 이상 1004명을 대상으로 조사한 결과, 윤 전 총장은 전 주보다 2.4%포인트 오른 28.8%, 이 지사는 4.2%포인트 내린 23.6%를 각각 받아 오차범위 내 접전을 보였다.  윤 전 총장이 이 지사에 앞선 것은 8월 20~21일 조사 이후 4주 만이다.  이 지사는 대장지구 의혹으로 야권 뿐 아니라 여당 경쟁진영으로부터도 집중공격을 받는 상황이다.  윤 전 총장은 ‘고발 사주’ 의혹이제기된 가운데 이른바 박지원 국정원장의 개입설을 요체로 하는 ‘제보 사주’ 의혹으로 맞불을 놓으며 국면전환을 기해왔다.  6주 연속 상승세를 보였던 국민의힘 홍준표 의원은 전주 대비 1.0%포인트 내린 15.4%로 3위를 차지했다. 다음으로는 민주당 이낙연 전 대표가 2.6%포인트 하락한 13.7%로 4위였다.  다음으로는 유승민 전 의원(2.9%), 추미애 전 법무부 장관(2.9%), 국민의당 안철수 대표(2.4%), 정의당 심상정 의원(2.1%), 최재형 전 감사원장(1.6%) 순이었다.  범진보권 차기 대선후보 적합도 조사에서는 이 지사가 28.6%로 선두를 지킨 가운데 이 전 대표가 22.6%로 추격세를 이어갔다.  지난 13일 정세균 전 국무총리가 사퇴한 후 실시된 이번 조사에서 이 지사는 전주보다 0.1%포인트, 이 전 대표는 2.5%포인트 각각 하락한 것으로 나타났다.  그 외에 추 전 장관(5.8%), 민주당 박용진 의원(5.2%), 심 의원(3.5%) 순이었다.  민주당 대선 경선의 최대 승부처로 꼽히는 호남 경선을 앞둔 가운데 이번 조사에서는 민주당의 텃밭의 민심도 요동치는 것으로 나타났다.  광주·전라 지역에서 이 지사가 36.2%로 전주보다 7.0%포인트 내린 반면 이 전 대표는 34.0%로 2.5%포인트 상승했다.  추 전 장관도 7.0%포인트 뛰어오른 9.1%의 지지율을 보였다.  범보수권 차기 대선후보 적합도 조사에서는 홍의원이 30.0%를 기록, 윤 전 총장(29.5%)과 초박빙의 접전을 벌이며 오차범위 내에서 윤 전 총장을 2주 연속 앞섰다.  이어 유 전 의원(9.8%), 안 대표(4.1%), 김동연 전 경제부총리(2.8%) 순이었다."
101,6,"2021-09-20","15:37:30","세인트 조지 스트리트 캐피탈과 BRIFT-시글 바이오테크놀로지","BRIEF-Cizzle Biotechnology In Agreement With St George Street Capital .storyContent * {border-color:inherit !important;outline-color:inherit !important;} 9월 20일(로이터) - 시즐 바이오테크놀로지 홀딩스 PLC CIZ.L:  지글지글한 생명공학 - 조지 거리의 수도와의 합의   지글지글한 생명공학 보유 - 당뇨병 환자에 대한 잠재적 19개 치료와 추가 치료 가능성에 대한 협정 체결    Further company coverage: CIZ.L  Reuters.Briefs@thomsonreuters.com        (c) Copyright Thomson Reuters 2020. Click For Restrictions - https://agency.reuters.com/en/copyright.html   원문 바로가기    DISCLAIMER  레피니티브의 사전, 서면 승인 없는 톰슨로이터 콘텐츠의 재생산이나 재배포는 금지되어 있습니다. 이 기사의 한국어 번역은 에프앤가이드가 사용하는 기계적 번역에 의한 것으로 톰슨로이터와 레피니티브는 번역의 정확성을 보증하지 않습니다."
101,7,"2021-09-20","15:37:18","현명한 사업체를 168만 파운드에 판매하는 BRIF-K3 버스 기술 그룹","BRIEF-K3 Bus Technology Group Sells Sage Business For ￡1.68 Mln .storyContent * {border-color:inherit !important;outline-color:inherit !important;} 9월 20일(로이터) - K3 비즈니스 기술 그룹 PLC KBT.L:  k3 버스 기술자 grp plc - 168만 파운드의 현금에 현업 판매    Further company coverage: KBT.L  Reuters.Briefs@thomsonreuters.com        (c) Copyright Thomson Reuters 2020. Click For Restrictions - https://agency.reuters.com/en/copyright.html   원문 바로가기    DISCLAIMER  레피니티브의 사전, 서면 승인 없는 톰슨로이터 콘텐츠의 재생산이나 재배포는 금지되어 있습니다. 이 기사의 한국어 번역은 에프앤가이드가 사용하는 기계적 번역에 의한 것으로 톰슨로이터와 레피니티브는 번역의 정확성을 보증하지 않습니다."
