page,row,date,time,title,body
34,1,"2019-02-05","08:34:37","미주 11개국, 베네수 과이도 지지 재확인","유럽연합(EU) 주요국가들에 이어 미주 주요국들도 베네수엘라의 임시 대통령 선언을 한 후안 과이도 국회의장에 대한 지지 입장을 거듭 확인했다.   베네수엘라 사태 해법을 논의하려고 미주 국가들이 2017년 구성한 리마그룹 14개 회원국 중 11개국은 이날 캐나다 오타와에서 회의를 열고 "" 무력 사용 없이 정치·외교적 수단을 통한 평화적인 정권 이양 절차를 지지한다는 입장을 거듭 강조한다""며 과이도를 임시 대통령으로 인정한다는 입장을 재확인하는 공동성명을 채택했다.   리마그룹은 공동성명에서 ""베네수엘라 군이 야권 지도자 과이도를 임시 대통령으로 지지해야 한다""면서 ""군은 인도주의적 원조의 국내 반입과 이송을 막지 말아야 한다""고 촉구했다.   이어 ""마두로 정권이 해외에서 진행하는 금융과 무역 거래를 막아달라고 국제사회에 촉구한다""면서 ""우리는 민주적으로 선출된 새 정부가 추진할 경제회복을 지원할 준비가 돼 있다""고 덧붙였다.   14개 회원국 중 아르헨티나, 브라질, 캐나다, 칠레, 콜롬비아, 코스타리카, 과테말라, 온두라스, 파나마, 파라과이, 페루 등 11개국은 공동서명에 서명했지만 멕시코, 가이아나, 세인트루시아 등 3개국은 빠졌다.   이날 리마그룹 회의에는 미주와 유럽 등 20여 개국에서 온 외교부 장관과 대사, 정부 관계자들이 참석했다.    [디지털뉴스국]      ☞ 조용히 사서 묻어놔라! 2月 정말 큰돈 된다! ☞ 지금 500만원 있으면, 조용히사둬라! 2월 정말 큰돈 된다! ☞ 매수하면 바로터질, 2월 최고종목 소개합니다!! ☞ 명절직후 무섭게 폭발할 10조원대 독점수혜주!!!      [ⓒ 매일경제 & mk.co.kr, 무단전재 및 재배포 금지]"
34,2,"2019-02-05","08:34:25","설 귀성ㆍ귀경 정체 시작…오후 4시께 절정 이룰 듯","<사진>설 연휴 사흘째인 지난 4일 오후 경기도 성남시 서울요금소에서 바라본 경부고속도로 상하선 위로 차량들이 지나고 있다. [제공=연합뉴스]  -연휴 중 가장 많은 575만대 교통량 예상   [헤럴드경제] 설 당일인 5일은 전국의 교통량이 최고 수준을 보일 것으로 예상되는 가운데 오후 4~5시께 가장 극심한 정체를 이룰 전망이다.   귀성방향 정체는 오전 6시께부터 시작돼 오후 11시께 해소될 것으로 보인다. 귀경방향 정체는 오전 7시께 시작해 다음 날까지 이어질 것으로 관측된다.  이날 한국도로공사에 따르면 오전 9시 승용차로 서울요금소를 출발해 전국 주요 도시까지 도착하는 데 걸리는 시간은부산 5시간, 목포 4시간, 광주 3시간 20분, 울산 4시간 40분, 대구 3시간 40분, 강릉 2시간 40분, 대전 1시간 40분이다.  각 주요도시에서 서울요금소까지 도착하는 데 걸리는 시간은 부산 5시간 10분,목포 6시간, 광주 5시간 10분, 울산 4시간 50분, 대구 4시간, 강릉 2시간 40분, 대전 1시간 50분으로 예상된다.  이날 오전 8시 기준으로 경부고속도로 서울방향에서는 기흥나들목에서 수원신갈나들목까지 5.1㎞ 구간 등 총 8.4㎞에서 차들이 시속 40㎞ 이하로 서행하고 있다. 부산 방향도 잠원나들목부터 반포나들목까지 1.0㎞ 구간에서 정체가 발생하고 있는 것으로 전해졌다.   도로공사는 이날 전국에서 연휴 기간 가장 많은 575만대의 교통량을 보일 것으로 전망했다. 수도권에서 지방 방향으로 51만대, 지방에서 수도권 방향으로 51만대가 도로에 나올 것으로 예상된다.   도로공사 관계자는 “ 귀성과 귀경이 혼재해 귀성은 오전부터늦은 밤까지, 귀경은 오전부터 다음날 밤까지 혼잡이 극심할 것으로 보인다”고 밝혔다.  onlinenews@heraldcorp.com          [프리미엄 링크] ◆ [평생무료] ""주식카톡방"" 대박주를 추천받는데 100원도 안낸다~ ◆ 무료O, 회원가입X. 바로보는 증권전문가의 실시간 라이브방송. ◆ <긴급> 세력 매집 포착, 지금 매수하면 200% 투자수익 달성!  10%수익을 40%로 만들어 준다고?? 영웅스탁론이라면 가능~! [영웅스탁론]효과적인 레버리지를 이용하여 수익률을 4배로!!   2019년은 바이오株! 셀트리온 160배 능가할 제2의 셀트리온?!   삼성이 탐내는 바이오기업! 3000%↑실적폭증! 전세계 30조 시장선점! 10년만의 대박기회!!   [오늘의 인기기사] ◆ [국대스탁론]업계 최저금리 2.29%! 100%한종목 투자가능+신용/ 미수 대환가능 ◆ [마감임박] '급등주 문자메시지' 100% 무료로 받아보기! ◆ ‘더 빠질 곳이 없는’ 초저평가 숨은 南北경협 테마株! ◆ 똑똑해진 소비자..한국도 이젠 소형차 시대 ◆ 2020년 한국 TV 2대중 1대 인터넷 연결된다"
34,3,"2019-02-05","08:32:58","김어준 “손석희 사건, 배후세력이 조종한다” 음모론 주장","[사진=연합뉴스] [헤럴드경제=모바일섹션] 방송인 김어준이 손석희 JTBC 대표이사 사장과 관련된 의혹에 ‘배후세력이 있다’라고 음모론을 제기했다.  tbs교통방송 ‘김어준의 뉴스공장’ 진행자인 시사평론가 김어준은 최근 전파를 탄 ‘다스뵈이다’ 48회에서 손석희 JTBC사장과 관련된 일들을 언급했다.  김어준은 “ 손석희 사건의 본질은 누군가 걸림돌이 되는 손을 제거하려 하는 것”이라며 “동승자가 있냐 없냐, 뺑소니냐 아니냐, 폭행이냐 아니냐는 다 곁가지”라고 주장했다.   김어준은 “손석희가 없어지길 바라는 세력이 너무 많다. 그 중 1위는 삼성”이라며 “관음증을 에너지로 잡음을 계속 만들어 손석희가 뉴스를 진행하면 시끄러울 정도로 끌고 가면 성공하는 것”이라고 주장했다.  그는 근거 없는 음모론을 주장하며 손 사장을 음해하려는 세력의 음모론을 제기했다.  김어준은 “삼성의아킬레스건은 삼성바이오로직스 분식회계다. 이 사건은 계열사 중 하나가 곤경에 처한 게 아니라 이재용 삼성 승계와 직접 연결되며 이재용이 다시 감옥에 갈 수도 있는 사건이다. 그런데 영향력·신뢰도 1위 JTBC가 이 사건을 다루며 굉장히 곤혹스러울 것”이라고 주장했다.  아울러 “손석희 사이즈 정도면 마음대로 없앨 수 없다”며 일종의 음모론을 제기했다.   김어준은 2017년 접촉사고와 관련해선 김웅 씨에게 정보를 준 ‘제보자’에 주목했다. 김씨는 “김 기자가 접촉사고가 나고 1년이 지나서접촉사고 정보를 받았다. 김 기자도 장기판의 말일 뿐이다. 김 기자를 선택한 누군가가 있을 것”이라고 주장했다. 김웅씨는 견인차 운전자를 만난 적이 없고 본인 역시 믿을 만한 제보자를 통해 관련 사실을 알게 됐다고 밝힌 바 있다.  김어준은 김 씨가 폭행을 주장한 녹음파일을 가리켜 “김 기자는 오버했다. 여기서 사건을 만들고 헤어지려는 목적이었다“라고 해석했다.  김어준은 이어 “(손석희 관련) 소스를 다 풀고 있는 곳이 TV조선이다. 제안을 한 곳 1순위로 TV조선을 추정한다”며 TV조선과 김 씨 사이의 커넥션 의혹을 제기하기도 했다.  onlinenews@heraldcorp.com          [프리미엄 링크] ◆ [평생무료] ""주식카톡방"" 대박주를 추천받는데 100원도 안낸다~ ◆ 무료O, 회원가입X. 바로보는 증권전문가의 실시간 라이브방송. ◆ <긴급> 세력 매집 포착, 지금 매수하면 200% 투자수익 달성!  10%수익을 40%로 만들어 준다고?? 영웅스탁론이라면 가능~! [영웅스탁론]효과적인 레버리지를 이용하여 수익률을 4배로!!   2019년은 바이오株! 셀트리온 160배 능가할 제2의 셀트리온?!   삼성이 탐내는 바이오기업! 3000%↑실적폭증! 전세계 30조 시장선점! 10년만의 대박기회!!   [오늘의 인기기사] ◆ [국대스탁론]업계 최저금리 2.29%! 100%한종목 투자가능+신용/ 미수 대환가능 ◆ [마감임박] '급등주 문자메시지' 100% 무료로 받아보기! ◆ ‘더 빠질 곳이 없는’ 초저평가 숨은 南北경협 테마株! ◆ 똑똑해진 소비자..한국도 이젠 소형차 시대 ◆ 2020년 한국 TV 2대중 1대 인터넷 연결된다"
34,4,"2019-02-05","08:32:19","저축은행, 성장 잠재력 갖춘 해외 시장 `노크` 눈길","저축은행 업계가 해외투자 출자비율 제한 규제로 인해 해외진출이 녹록지 않자 모그룹의 네트워크를 활용해 해외 계열사와 국내 계열사 간 인적 교류를 바탕으로 글로벌 역량 강화에 나서고 있다.   ■J 트러스트, 해외 계열사 교류 통해 인재 양성 주력   JT친애저축은행, JT저축은행, JT캐피탈 등 국내 서민 금융회사를 기반으로 진출한 J트러스트 그룹은 지난해 캄보디아와 몽골 등 동남아시아각 국에 진출하며 해외 진출에 적극적인 행보를 보여 왔다. 이미 인도네시아 상업은행인 ‘J트러스트 뱅크’를 운영 중인 J트러스트는 지난해 인수를 추진했던 캄보디아 ‘ANZ로얄 은행’ 인수 절차를 올해 5월 안으로 마무리할 계획이다. 이를 토대로 해외 계열사와 국내 계열사 간국경을 뛰어넘는 물적•인적 교류를 통해 글로벌 인재 양성과 글로벌 역량을 키워 나갈 방침이다.   이에 맞춰 지난해 4월에는 국내 3개사 계열사 우수사원들이 인도네시아 자카르타의 ‘J트러스트 뱅크’ 본점을 찾아 현지 금융 시장의 성장가능성과 특성 등을 습득하는 시간을 갖기도 했다. 올해 1월에는 인도네시아의 또 다른 계열사 ‘J트러스트 올림핀도’ 임직원들이 4박5일 일정으로 한국을 찾아 국내 계열사의 선진 금융 시스템에 대해 학습하고 글로벌 금융 마인드를 강화하는 신년 특강에 참석하기도 했다.   J트러스트 그룹 관계자는 “해외 시장 진출에 성공하기 위해서는 무엇보다 ‘현지화’가 핵심이라고 보고 진출 시장의 현황과 더불어 문화적차이를 이해하는 것을 가장 중요하게 여기고 있다”며 “이를 해결할 수 있는 핵심 역량은 글로벌 인재 양성에 있다는 판단하에 그룹 차원의교류와 지원을 강화해 나갈 예정”이라고 말했다.   ■DB저축은행, 현지 저축은행과 협력 관계 구축   DB저축은행은 지난 2010년 2월부터 태국 국립저축은행과 업무협력 제휴를 맺고 지속적인 교류를 이어오고 있다. 지난 2003년에 세계저축은행협회(WSBI) 정회원으로 가입한 DB저축은행은 그동안 유럽을 비롯한 동남아 저축은행과 업무제휴를 체결해 직원 연수를 통한 인재 교류를 진행하는 한편 사업 컨설팅 및 벤치마킹을 통해 협력 관계를 확대해 오고 있다.   특히 지난 2017년 12월에는 이러한 해외 네트워크를 기반으로 소액 해외송금업자로 등록하며 사업 진출을 시도하고 있다. 당시 DB저축은행은소액 해외송금 전문 핀테크 기업 ‘센트비’와 글로벌 금융네트워크 공유 및 해외 신사업 모델 발굴을 위한 업무협약(MOU)을 체결하며 시장진출에 적극 나섰으며, 이후 지난해 8월에 인도네시아 국립주택저축은행(BNT)과 국내에 거주하고 있는 인도네시아 근로자에 대한 금융서비스시장조사 및 공동투자 방안 등에 대한 업무협약을 체결하기도 했다.   ■웰컴저축은행•OK저축은행, 사회공헌으로 신뢰 쌓기 나서    웰컴저축은행과 OK저축은행은 사업적인 교류 이외에 그룹의 계열사가 진출해 있는 시장에서 적극적인 사회공헌 활동을 이어가며 한국 기업에대한 긍정적 이미지 만들기에 힘쓰고 있다. 웰컴저축은행은 고객 자녀 대상 학자금 지원 프로그램 ‘방정환장학금’을 해외법인이 있는 필리핀으로까지 확장해 현지법인을 통해 고객 자녀에게 2년째 장학금을 전달하고 있다. 또한, 웰컴저축은행은 지난 2016년 진출한 라오스에 지난해 8월 홍수 피해가 발생하자 현지 고용복지부에 복구 지원금 1만 달러를 전달하기도 했다.   OK저축은행은 재일동포 3•4세 학생들을 위한 글로벌 멘토링 프로젝트 ‘국인 글로벌 멘토링 사업’을 8년째 운영하고 있으며, OK 저축은행의 ‘OK배정장학재단’은 지난 2017년에 인도네시아 해외봉사단을 파견해 해외 사회공헌활동을 진행했다.   저축은행 관계자는 “인도네시아, 캄보디아, 라오스 등 아세안 지역은 평균 경제성장률이 5%를 웃돌 만큼 세계적으로 그 성장과 변화가 주목받고 있는 시장”이라며 “국내 저축은행들이 현지 시장에서 수요가 높은 소비자금융 시장에 특화된 노하우를 보유하고 있는 만큼 관련 규제가 완화된다면 성공 사례를 만들어 갈 수 있을 것”이라고 말했다.    [디지털뉴스국 전종헌 기자]      ☞ 조용히 사서 묻어놔라! 2月 정말 큰돈 된다! ☞ 지금 500만원 있으면, 조용히사둬라! 2월 정말 큰돈 된다! ☞ 매수하면 바로터질, 2월 최고종목 소개합니다!! ☞ 명절직후 무섭게 폭발할 10조원대 독점수혜주!!!      [ⓒ 매일경제 & mk.co.kr, 무단전재 및 재배포 금지]"
34,5,"2019-02-05","08:31:02","광주교육청 '엘리트 체육교육' 혁신 방안 마련…TF 가동","광주교육청 '엘리트 체육교육' 혁신 방안 마련…TF 가동    (광주=연합뉴스) 손상원 기자 = 광주시교육청이 '메달 지상주의'인 엘리트 체육교육을 혁신하는 방안을 마련한다.  5일 광주시교육청에 따르면 혁신 방안을 수립할 '엘리트 체육교육 혁신 태스크포스(TF)'가 이달 중순부터 가동된다.  TF에는 일선 학교 교사, 시민단체, 교육과정 담당자, 시교육청 성인식 개선팀 관계자 등으로 구성된다.  TF는 교사(감독) 인사 가산점, 운동부 지도자 포상금, 학교 운동부 운영, 운동부 학생 성희롱ㆍ성폭력 실태, 체육 시설 운영 등 현황을파악하고 개선점과 보완책을 찾게 된다.  시교육청은 TF는 물론 정책 간담회, 공청회 등을 통해 나온 의견을 수렴해 상반기 중 혁신 방안을 마련하기로 했다.  광주시교육청 관계자는 ""교육부도 고강도 대책을 마련하고 있는 만큼 긴밀하게 소통해 실효성 있는 방안을 찾겠다""며 ""메달 중심 엘리트체육에서 교육과정 중심 학교 체육으로 전환을 시도할 것""이라고 말했다.  sangwon700@yna.co.kr   (끝)    <긴급속보 SMS 신청> <포토 매거진> < M-SPORTS >   <저작권자(c) 연합뉴스, 무단 전재-재배포 금지>"
34,6,"2019-02-05","08:31:00","설연휴 이후 분양 성수기 시작…전국 4만여가구 공급","설연휴 이후 분양 성수기 시작…전국 4만여가구 공급   서울 등 수도권 물량이 절반 이상…""입지ㆍ가격 따라 양극화""      (서울=연합뉴스) 고은지 기자 = 설 연휴가 끝나고 본격적인 분양 성수기가 시작될 전망이다.  5일 부동산114 등에 따르면 2~3월 전국 아파트 분양 예정 물량은 4만4천459가구로, 지난해 같은 기간(2만7천518가구)보다 약 1.6배 많다.  특히 서울 등 수도권에서는 전체 물량의 절반이 넘는 2만4천785가구가 분양을 계획하고 있다. 지난해 같은 기간보다는 41.3% 늘어난 수준이다.  수도권 예정 물량의 절반가량인 1만2천452가구는 재개발ㆍ재건축 정비사업을 통해 공급된다.  분양을 앞둔 물량의 상당수는 지난해 잇따라 나온 부동산 대책과 청약제도 변경 등으로 공급이 지연됐던 단지다.  주택도시보증공사(HUG)의 분양가 승인이 까다로워진 데다가 무주택자의 당첨 기회를 늘린 청약제도 개정으로 분양승인이 한동안 이뤄지지 않으면서 다수 물량이 원래 계획대로 분양되지 못하고 올해로 밀렸다.  설 연휴 직후인 2월 분양을 앞둔 단지로는 동대문구 용두동 '청량리역 해링턴 플레이스'와 전농동 '롯데캐슬SKY-L65', 서대문구 홍제3동'홍제역 해링턴 플레이스', 송파구 거여동 '거여 2-1 롯데캐슬', 경기 남양주시 '남양주더샵퍼스트시티, 안양시 '평촌래미안푸르지오', 인천서구 '검단센트럴푸르지오' 등이 있다.  3월에는 은평구 응암동 '녹번역 e편한세상 캐슬 2차', 서초구 방배동 '방배그랑자이', 동대문구 용두동 '청량리동부청과한양수자인', 경기 광명시 '광명철산주동7단지재건축', 하남시 '위례신도시우미린1차'와 '위례신도시중흥S클래스' 등의 분양이 이뤄질 예정이다.     지난해 정부의 강력한 규제로 아파트 매매시장은 급속히 냉각된 것과 달리 서울 등 인기 지역의 분양시장은 그 어느 때보다 뜨거웠다.  2018년 연간 서울에서 일반공급된 분양단지의 평균 경쟁률은 전년의 2배가 넘는 30.5대 1에 달했다.  하지만 올해 들어 분양시장에서도 변화가 감지된다.  지난달 말 분양한 서울 광진구 화양동 'e편한세상 광진 그랜드파크'는 전날 진행한 1순위 청약에서 전용 115㎡ 주택형 4개 모두 미달했다.  서울에서 1순위 청약이 미달한 것은 2017년 9월 이후 처음이다.  주변 시세와 비교할 때 비교적 높은 분양가와 대출 규제가 영향을 미친 것으로 파악됐다.  부동산114 윤지해 수석연구원은 ""청약 시장은 무주택자 우선 공급과 분양권 소유자의 주택 소유 간주, 전매제한 강화와 의무거주 요건 강화 등으로 분양권 프리미엄을 노린 투자수요 진입이 사실상 차단됐다""고 설명했다.  직방 함영진 빅데이터랩장은 ""분양시장이 무주택 실수요자 중심의 시장이 되면서 가격에 대한 민감도가 커졌다""며 ""입지와 가격에 따라양극화가 나타날 것""이라고 말했다.  eun@yna.co.kr   (끝)    <긴급속보 SMS 신청> <포토 매거진> < M-SPORTS >   <저작권자(c) 연합뉴스, 무단 전재-재배포 금지>"
34,7,"2019-02-05","08:30:57","해상자위대(?) 일본은 이미 '해군의 나라'","[머니투데이 서동욱 기자] [[the300][서동욱의 더(the) 밀리터리]초계기 갈등으로 본 일본 군사력]   지난해 12월 말부터 한 달 넘게 계속된 '초계기' 갈등은 우리에게 무엇을 남겼을까. 우선 한일 양국의 해군력 격차를 다시 한번 확인하는 계기가 됐다. 일본의 군사대국화에 대한 경계가 필요하다는 점도 확실하게 각인됐다.   더욱 주목할 부분은 일본 스스로가 해상자위대를 해군으로 부르고 있다는 점이다. 일본 정부가 해상자위대 P-1 초계기의 광개토대왕함 근접저공 비행사건과 관련해 공개한 동영상에서 일본 초계기는 스스로를 '일본 해군'으로 지칭했다.   태평양전쟁 패전 후 미국 주도의 연합국 군정체제에서 제정된 일본헌법은 무력행사를 영구히 포기하도록 했다. 일본 자위대는 이러한 헌법적제약 때문에 무력적 기능을 희석하는 용어를 사용한다.         ◇일본, 이미 해군의 나라 = 해상자위대(Japan Maritime Self-Defense Force·JMSDF)가 아닌 Japan Navy(일본 해군)로 부른다는 것은 일본이 개헌을 통해 일본을 '전쟁 가능한 국가'로 변신시키려는 의도가 담겨있다.   군사 전문가들은 일본 군사력이 이미 자국 방위의 개념을 넘어선지 오래라고 말한다. 용어야 어떻든 이미 세계 3~4권의 해군력을 보유하고 있다고 분석한다.   국방기술품질원이 지난달 23일 발간한 '2018 세계 방산시장 연감'에 따르면 일본의 국방비 지출(2017년 기준)은 454억 달러로 세계 8위를 기록했다. 우리나라 392억 달러(세계 10위) 보다 59억 달러 많다.   글로벌 군사력 평가기관인 GFP에 따르면 일본은 이미 항공모함 보유국가다. 전투기가 아닌 헬기탑재 항모이긴 하지만 헬기 항모 4척과 이지스구축함 6척, 구축함 36척 등으로 4개의 호위대군을 구성하고 있다.   섬나라 일본은 역사적으로도 해군의 나라였다. 세계 전쟁자를 보면 일본은 19세기 후반 서구열강의 아시아 침략이 진행되면서 부국강병의 군비확장 노선을 채택했다.   러일전쟁 시작 무렵에는 군함 152척을 보유했다. 1차 세계대전 이후 미국과 건감함경쟁을 벌이기도 했다. 1930년대 이미 항공모함 보유국 대열에 올랐는데 1941년 일본은 항모 10척을 보유하고 있었다.   ◇육군 편중, 대한민국의 딜레마 = 문제는 한일 해군력의 차이가 앞으로도 쉽게 좁혀지지 않을 것이란 점이다. 일본 정부가 지난해 말 확정한 중기방위력정비 계획’에 따르면 일본은 2019년부터 2023년까지 5년 동안 27조엔(한화 약 267조원)을 쓰기로 했다.   이는 지난 2014~18년 중기방위 계획 때 정한 방위비 총액(24조6700억엔)보다 2조엔 이상 증액된 액수다. 연평균 방위비 증가율도 지난 중기방위 계획 땐 0.8%였으나 이번에는 1.1%로 늘어난다.   이에 따라 일본은 2023년까지 이지스 구축함을 6척에서 8척으로 늘린다. 여기에 헬기항모 4척 등으로 구성된 4개 호위대군(기동전단)을 이 기간에 완성할 계획이다. 1개 호위대군은 항모형 호위함 1척, 이지스함 2척, 구축함 5척으로 구성된다.   우리 해군도 군사력을 보강하고 있지만 일본에 견줄만한 수준은 못된다. 해군은 현재 3척인 이지스함을 2020년대 후반까지 추가로 3척을 더건조할 계획이다. 세종대왕급 이지스 구축함(760톤급)보다 작은 600톤급 미니 이지스함 6척을 건조할 예정이지만 구축함 전력은 여전히 일본의 3분의 1 수준이다.        ◇원자력 잠수함 도입 논의할 때 = 일본에 비해 우리나라 해군력이 열세인 가장 큰 이유는 역시 육군 위주의 군사비 지출때문이다. 군 당국도 '3군 균형발전'에 동의하지만 육군 위주의 군사비 지출을 단기간에 바꾸기는 쉽지 않다.   이 때문에 우리 군이 개발 중인 3000톤급 잠수함을 원자력 추진 방식으로 전환, 시간과 반경을 늘려야 한다는 주장이 제기된다. 함정 건조등 전통적인 방식으로 일본의 해상위협을 견제하기는 어렵기 때문이다.   군사 전문가들은 잠수함이 해군력 열세인 국가의 전략적 '게임 체인저'가 될 수 있다고 말한다. 2차 세계대전이 끝난 뒤 미 해군 니미츠 제독은 ""과거의 해전은 전함이 주도했고 현재는 항공모함이 주도하고 있지만 미래에는 잠수함이 주도하게 될 것""이라고 말했다.   현재 한일간 해군력에서 그마나 잠수함 전력차는 크지 않다. 한국은 10여척 일본이 20여척을 보유하고 있는데 우리 해군이 2015년 창설한 잠수함사령부는 1200톤급과 1800톤급 잠수함 10여 척을 운영하고 있다. 도산안창호함을 포함한 3000톤급 잠수함(배치-Ⅰ) 3척은 2023년까지 해군에 인도된다.   3600톤급 잠수함인 배치-Ⅱ 3척이 2028년까지 추가 인도되면 우리 해군 잠수함은 24척으로 늘어난다. 이 기간 일본 역시 잠수함 전력을 증강시키겠지만 우리 해군이 원자력 잠수함을 보유할 경우 일본과의 전략적 균형이 어느정도 유지될 수 있다고 군사 전문가들은 평가한다.   원자력 잠수함은 핵 연료를 함정의 추진체계로 사용한다. 핵무기를 싣고 다니는 잠수함으로 오해할 가능성이 있어 원자력 추진 잠수함이라고표현한다. 원자력 잠수함은 지금의 디젤 잠수함과 비교할 수 없을 정도로 어마어마한 전투능력을 가지고 있다.   가장 큰 장점은 속도와 잠항능력이다. 특히 수심 몇 미터까지 잠수할 수 있고 얼마나 오랜기간 수중에 머물 수 있는 능력인 잠항능력은 잠수함이 갖는 핵심 전투능력이다. 원자력 잠수함은 무제한의 잠항능력을 가지고 있다.   원자력 잠수함은 초계기에 노출되지도 읺는다. 디젤잠수함은 항상 축전지 충전을위해 주기적으로 물밖에 나와야 한다. 원자력잠수함은미국 러시아 중국 등 전 세계에서 6개 국가만 운용하고 있다.   한국형 원자력 잠수함의 가장 큰 걸림돌은 군사적 목적으로는 무기로든 연료로든 원자력의 사용을 금지한 한미 원자력 협정을 개정하던가 아니면 이에 대한 미국의 이해를 구해야 한다는 점이다.   해군 제독 출신의 한 인사는 ""핵연료를 오로지 함정의 추진체계로 사용하고 핵무기 개발계획이 전혀 없음을 국제사회에 선포한 뒤 추진할 수있을 것으로 본다""면서 ""독자개발을 고수할 게 아니라 원자력 잠수함을 건조한 나라들과 공동개발하는 방안도 진지하게 고려해야 한다""고 말했다.      ▶▶[급등임박] 2019년 정부정책 최대수혜주 Top5 (바로확인)   ※주목※ 총 수수료 0원+월 0.4%대 금리 ▶ 저비용고수익 실현해볼까? (바로 가기)     [파워 인터뷰]      [관련기사] ☞ SKY캐슬 윤세아♥김병철 중년 로맨스…'4살 나이 차' ☞ 만원짜리 땅이 21배 껑충...시골 땅이 금싸라기 된 이유 ☞ '승리 사임' 버닝썬 ""물게 골뱅이 구함""…성관계 영상도 촬영 ☞ 아픈데 ""자고 가라""는 시어머니…남편이 나섰다 ☞ 공매도의 '멘붕'…삼성전자·하이닉스 반등에 ""앗뜨거""      ▶▶[급등임박] 2018년 하반기 ""정부정책"" 수혜주 TOP 10 긴급공개(바로확인)   저금리 고수익의 비밀, 1644-6960 키워드림론에서확인       서동욱 기자 sdw70@mt.co.kr    <저작권자 ⓒ '돈이 보이는 리얼타임 뉴스' 머니투데이, 무단전재 및 재배포 금지>"
35,1,"2019-02-05","08:10:58","쿠바 아바나에 `시속 420㎞` 토네이도…사망자 6명","최근 쿠바 수도 아바나를 강타한 초강력 회오리바람(토네이도)으로 인한 사망자가 6명으로 늘었다.   4일(현지시간) 쿠바비시온 등 현지 관영매체에 따르면 토네이도 탓에 중상을 입고 병원서 치료 중이던 13명 가운데 2명이 지난 2일 사망했다.   앞서 지난 28일 아바나에 폭우를 동반한 토네이도가 몰아쳐 최소 4명이 숨지고 170여명이 다쳤다.   시속 420㎞의 강풍을 동반한 F4 등급의 토네이도가 아바나를 강타한 것은 500년 전에 도시가 세워진 이후 처음인 것으로 알려졌다.    [디지털뉴스국]      ☞ 조용히 사서 묻어놔라! 2月 정말 큰돈 된다! ☞ 지금 500만원 있으면, 조용히사둬라! 2월 정말 큰돈 된다! ☞ 매수하면 바로터질, 2월 최고종목 소개합니다!! ☞ 명절직후 무섭게 폭발할 10조원대 독점수혜주!!!      [ⓒ 매일경제 & mk.co.kr, 무단전재 및 재배포 금지]"
35,2,"2019-02-05","08:10:00","안동시, 투자유치 통해 지역경제 활성화 총력","안동문화관광단지 워터파크 올해 착공 협의    경북바이오산업단지 전경. 사진=안동시 제공 【안동=김장욱 기자】안동시가 투자유치 통해 지역경제 활성화에 총력을 기울인다. 안동시는 올해을 투자유치를 통한 일자리 창출과 지역경제 활성화에 총력을 쏟는 한 해로 만들계획이라고 5일 밝혔다. 시는 지난해 민선 7기 시작과 함께 '사람과 부가 모이는 안동, 일할 맛 나는 안동'을 만들기 위해 공직자투자유치 활성화 워크숍을 실시하는 등 투자 마인드 함양에 최선을 다했고, 올해 이를 바탕으로 실질적인 투자유치로 가시적인 성과를 낼 수있도록 할 방침이다. 지난해 경북바이오산업단지에 입주한 SK바이오사이언스가 앞으로 1000억원대의 대규모 투자를 하기로 협약함에 따라 올해 실질적인 성과가 나올 수 있도록 총력을 기울일 예정이다. 또 현재 조성 중인 경북바이오 2차 일반산업단지에 바이오, 백신 및 식품 등 시에 특화된 기업들이 입주할 수 있도록 기업체를 방문, 투자유치를 적극 홍보할 계획이다. 풍산농공단지 등 3개소의 농공단지 활성화를 위해는 입주 가능성이 높은 기업을 방문, 투자를 홍보하고 이를 통해 농공단지 3개소와 경북바이오산업단지 등에 100여명의 신규일자리를 창출할 예정이다. 권영세 시장은 ""기업은 곧 지역의 기둥""이라며 ""시는 각종 인센티브 지원을 통한 우량기업유치와 더불어 기존 관내기업에 대한 밀착지원을 통해 청년(人)과 경제(富)가 융성하는 부자도시로 거듭나도록 최선을 다 하겠다""고 강조했다. 한편 관광 분야의 활성화를 위해 지난해 도청 신도시에 'CM파크호텔'이 오픈한 데 이어 올해 한옥형 호텔인 '스탠포드호텔'이공사를 착공할 수 있도록 도울 계획이다. 또 안동문화관광단지 내 종합휴양시설부지에 들어설 워터파크 사업은 지역 대형 건설사가 2017년 경북문화관광공사로부터 부지를 매입해 현재 일부 인근 부지 추가 매입을 추진 중이다. 상반기 중 매입 계획으로 완료되면, 하반기 실시설계 등을 추진할 계획이다. 워터파크 시설이 완공되면 안동문화관광단지는 그야말로 가족이 함께하는 전국 최고의 휴양형 문화관광타운으로 조성될 것으로 전망된다. 이외 오는 2020년 개통 예정인 중앙선 복선전철화 사업이 완료되면 청량리에서 안동까지 1시간18분이면 도착할 수 있어 인구 유입은 물론 다양한 분야의 기업투자가 이뤄질 것으로 기대된다.gimju@fnnews.com 김장욱 기자  ▶▶2019년 상반기 ""정부정책"" 최대수혜주 TOP 10 긴급공개(바로확인) ▶▶[초대박종목 실시간 공유]◀◀ ""누적수익률 343.9%"" 공짜로 확인!!→<<즉시 무료발송!>>  [파이낸셜뉴스 주요뉴스]  → 백두산 폭발? 산 주변서 일어나는 불길한 징조 → 65세 노인 시가 5억원 집 맡기면 주택연금 얼마나 받나 → 민주당 지지율 38.2%로 하락.. 한국당은 ""이럴 수가"" → 18년된 로또, 최저 당첨금 4억.. 최고액은 무려 → 심장에 박혔던 이쑤시개 발견.. 알고보니 4년 전에  ▶ 이 종목 하나면 억대계좌 달성가능!<3시간만 무료공개>  ▶▶[급등임박 공개]◀◀ 2019년 상반기 ""정부정책"" 수혜주 TOP 10 긴급공개 >>> (바로확인)  ※ 저작권자 ⓒ 파이낸셜뉴스. 무단 전재-재배포 금지 "
35,3,"2019-02-05","08:10:00","화재사고 KT, 작년 통신재난관리 투자 전년비 36% 급감","화재사고 KT, 작년 통신재난관리 투자 전년비 36% 급감   박대출 의원 자료…2017년 1천273억원→2018년 809억원   (서울=연합뉴스) 김연정 기자 = 작년 말 통신 대란을 불러온 KT 아현지사 통신구 화재사고가 인재(人災)라는 지적이 제기된 가운데 지난해 KT 통신재난관리 투자가 전년 대비 36.4%나 감소한 것으로 나타났다고 자유한국당 박대출 의원이 5일 밝혔다.  국회 과학기술정보방송통신위원회 소속인 박 의원이 과학기술정보통신부와 KT에서 제출받은 자료에 따르면, 지난해 KT 통신재난관리 투자 실적은 809억원으로, 2017년 1천273억원보다 464억원(36.4%) 줄었다.  KT는 2015년 1천145억원, 2016년 1천181억원, 2017년 1천273억원 등 3년간 비슷한 투자 실적을 유지해왔으나, 지난해 투자 규모를 대폭줄였다.  박 의원은 ""KT 아현지사 화재사고는 그동안 KT가 안전에 대한 투자는 기피하고 비용 절감에만 급급해 온 결과라 할 수 있다""며 ""앞으로안전은 비용이 아니라 투자라는 인식을 갖고, 각종 재난에 철저히 대비해야 한다""고 말했다.    yjkim84@yna.co.kr   (끝)    <긴급속보 SMS 신청> <포토 매거진> < M-SPORTS >   <저작권자(c) 연합뉴스, 무단 전재-재배포 금지>"
35,4,"2019-02-05","08:09:06","[설날 건강하게 나기④]설날, 우리 아이 응급상황 발생 시 대처법은?","[헤럴드경제=김태열 기자] 어린아이를 가진 부모는 설날에 음식 준비하랴 친척 맞이하랴 정신없이 하루를 보내기 때문에 아이 건강 상태를 꼼꼼히 신경 쓰기 어렵다. 아이들에게 설날은 설레는 명절이기도 하지만 낯선 환경에 장기간 놓이는 때이기도 해, 아이의 긴장상태나 스트레스, 신체 변화 등에 부모가 각별히 주의를 기울여야 한다. 충분한 여벌옷과 멀미약, 소화제, 해열제 등 아이에게 맞는 상비약을 준비해가길 권장한다. 혹시 모를 응급상황이 발생한 경우라면 아래 내용을 숙지해 신속하고 정확하게 대처하자.  ▶화상을 입으면 차가운 얼음물을 30분 이상 흘려 데인 부위 식혀주기=아이 피부는 성인과 달리 연약하여 화상을 입을 경우 손상이 크므로, 설음식을 조리하는 부엌에는 되도록 들어오지 못하게 단단히 주의시켜야 한다. 하지만 불가피하게 화상을 입은 경우라면 가장 먼저 할 일은 데인 부위를 수돗물로 30분(최소 15분) 이상 식혀주는 것이다.끓는 물이 옷 위에 쏟아졌을 경우 옷과 수포가 달라붙어 피부가 벗겨질 수 있다. 따라서 옷을 벗기지 말고 옷 위에 수돗물을 바로 흘려 온도를 낮춰준다. 아동이 심하게 떨거나 저체온이 의심될 경우는 멈추도록 한다. 물집은 터트리지 않는 것이 감염예방에 좋다.  ▶다쳐서 피가 나면 상처부위를 심장보다 높이고 깨끗한 천으로 감싸 압박하기=설 명절동안 새로운 공간에 익숙하지 않은 아이는 날카로운 가구에베이기도 하고, 호기심에 새로 발견한 위험한 물건을 또래 친척들과 가지고 놀기 쉽다. 만약 다쳐서 피가 난다면 상처부위를 심장보다 높게하고 거즈나 깨끗한 수건, 화장지 등을 이용해 손가락이나 손으로 압박한다. 출혈이 지속되면 거즈나 천을 제거하지 말고 그 위에 덧대는 방식으로 눌러준다. 손에 힘이 빠지거나 쥐가 나서 누르기 힘들 때는 탄력 붕대 또는 천 등을 감아준다. 피가 멈춘 경우 수돗물로 상처를 깨끗이 세척하고 자택 치료 또는 응급실 치료를 받게 한다. 출혈이 많아 걱정될 때는 직접압박을 하면서 즉시 119에 연락한다.  ▶겨울철 유행하는 노로바이러스 장염에 주의, 심한 탈수 진행 시 병원 내원하기=기름진 설음식을 평소보다 많이 먹다보면 소화능력이 약한 아이는배탈이 나기 쉽다. 게다가 설은 겨울에 있어, 아이가 이 시기 유행하는 노로바이러스 장염에 걸리면 타지에서 설사와 구토 증세로 더욱 고생하기 쉽다. 어린 아이들은 발열과 설사 없이 구토만 짧은 시간에 몰아서 하다가 다음 날 저절로 좋아지는 경우도 많다. 하지만 큰 아이들이나 어른이 옮을 경우 고열과 설사를 할 수 있어 보호자도 아이를 만진 후 손을 바로 씻는 등 접촉에 주의해야 한다.   만약 아이의설사가 멈추지 않는다면 탈수 진행여부를 꼭 확인해야 한다. 심한 탈수일 경우 혀가 건조하며 거칠고, 복부 피부탄력도가 떨어져 접힌 피부가 빨리 펴지지 않는다. 이 경우 반드시 병원에 내원해 전문의의 진찰을 받는 것이 좋다.  심한 탈수가 아니라면, 충분한 수분과 영양섭취가 필요하다. 설사에 대한 잘못된 오해로 아이를 오랫동안 금식시키면, 탈수가 악화될 수 있고 회복이 더딜 수 있다. 설사를 멈추기 위해 투여하는 지사제도 경과를 잠시 좋아 보이게 할 수는 있으나, 탈수가 지속되는 경우가 있어 주의하며 투여해야 한다. 설사 중에는 쌀미음, 무첨가 플레인 요구르트, 바나나, 채소와 같은 음식 섭취를 권장한다.  ▶떡이 기도에 걸리면 기침을 시키고, 심각하면 복부 밀어내기법 실시하기=돌 전 아기들에게는 입천장이나 입 점막에 달라붙는 떡, 송편 등이나 부수지 않은 김 등도 덩어리째 먹이지 않도록 주의해야 한다. 또한 만 3세 이하 어린이가 1cm 이하의 조각으로 된 장난감을 삼키지 않도록 각별히 살펴야 한다. 혹시라도 이물질에 의해 기도가 막히면 기침을 시켜 이물질을 뱉도록 유도한다. 이때 부모는 절대 방해하지 말아야 한다. 하지만 아이가 소리를 못 내고 기침이 옅어지는 경우에는, 부모가 나서서 복부 밀어내기법(하임리히법)을 바로 실시해야 한다. 아이 뒤에 서서 손을 아이의 가슴과 명치 중간 지점에서 맞잡고 위로 강하게 쳐낸다. 단, 1세 이하의 소아는 머리를 아래로 하여 등을 두드리거나 가슴을 밀어내는 방법을 시행한다.  /kty@heraldcorp.com          [프리미엄링크] ◆ [평생무료] ""주식카톡방"" 대박주를 추천받는데 100원도 안낸다~ ◆ 무료O, 회원가입X. 바로보는 증권전문가의 실시간 라이브방송. ◆ <긴급> 세력 매집 포착, 지금 매수하면 200% 투자수익 달성!  10%수익을 40%로 만들어 준다고?? 영웅스탁론이라면 가능~! [영웅스탁론]효과적인 레버리지를 이용하여 수익률을 4배로!!   2019년은 바이오株! 셀트리온 160배 능가할 제2의 셀트리온?!   삼성이 탐내는 바이오기업! 3000%↑실적폭증! 전세계 30조 시장선점! 10년만의 대박기회!!   [오늘의 인기기사] ◆ [국대스탁론]업계 최저금리 2.29%! 100%한종목 투자가능+신용/ 미수 대환가능 ◆ [마감임박] '급등주 문자메시지' 100% 무료로 받아보기! ◆ ‘더 빠질 곳이 없는’ 초저평가 숨은 南北경협 테마株! ◆ 똑똑해진 소비자..한국도 이젠 소형차시대 ◆ 2020년 한국 TV 2대중 1대 인터넷 연결된다"
35,5,"2019-02-05","08:08:55","[설날 건강하게 나기 ③] 장시간 운전, 요리할때  ‘눈 건강’ 챙기세요","[헤럴드경제=김태열 기자] 설 연휴 고향에 가기 위해 장거리 운전을 해야 하는 사람이라면, 눈 건강을 위해 선글라스를 착용하길 권장한다. 고속도로를 달리다보면 빛이 운전자 앞 유리로 강하게 쏟아지는 경우가 많은데, 시야 확보에도 불편할뿐더러 계속 운전하면 눈에 무리가 올 수 있다. 눈이 자외선에 장시간 노출되면 수정체가 혼탁해지는 백내장 위험이 높고, 갑자기 노출됐을 때는 각막염이 유발될 수 있다. 겨울이라 해서 자외선 수치가 마냥 낮다고 생각하면 안 된다. 이번 설 연휴에는 고향 길에 오르기 전 미리 선글라스를 준비해 놓자.  그렇다면 눈 건강에 도움이 되는 선글라스는 어떻게 골라야 할까? 렌즈 색깔이 진할수록 자외선 차단 효과가 높다고 여기는 사람이 많은데, 이는 잘못된 정보다. 자외선 차단 정도와 렌즈 색깔은 큰 관계가 없다. 오히려 너무 진한 렌즈 색깔은 우리 눈이 어둠으로 인식해 동공을 확장시킨다. 색깔보다는 자외선 차단 기능 렌즈인지를 먼저 확인하고 구입해야 한다. 또 선글라스를 착용할 때는 눈 보호를 위해 코끝이 아닌 눈에 가깝게 걸친다. 한편 오랜 시간 착용하면 코팅막이 손상되어 자외선 차단 기능이 떨어질 수 있으므로, 이 경우에는 선글라스를 교체하는 것이 좋다.  장시간 설음식을 조리하면서 한 곳에 집중할 경우에도 눈 피로도가 급격히 높아진다. 겨울철 실내는 특히 건조하고, 생선이나 고기를 구울 때 발생하는 연기 등을 지속적으로 쐬면 눈이 금세 뻑뻑하고 아프기 쉽다. 심하면 안구건조가 올 수 있는데, 건조함, 통증, 이물감, 충혈 등이 점차 심해진다면 안과에 내원해야 한다.  평소 안구건조 증상이 있다면, 인공눈물을 미리 챙겨가 틈틈이 넣어주는 것이 좋다. 이때 방부제 없이 소량씩 포장된 인공눈물을 추천한다. 하지만 현재 시판되는 인공눈물이 ‘천연눈물’을 대체하기는 어렵기 때문에, 설음식을 준비하는 과정에서 눈이 건조해지는 환경을 피하는 것이 가장 중요하다. 특히 겨울에는 난방으로 인해 실내가 더욱 건조해질 수 있으므로 가습기를 사용하는 것이 좋다. 가습기가 실내습도를 조절함으로써 눈물 증발을 막을 수 있다. 장시간 집중하여 눈을 사용하는 경우에는 일 사이사이에 휴식시간을 가져야 안구건조를 막을 수 있다.  /kty@heraldcorp.com          [프리미엄 링크] ◆ [평생무료] ""주식카톡방"" 대박주를 추천받는데 100원도 안낸다~ ◆ 무료O, 회원가입X. 바로보는 증권전문가의 실시간 라이브방송. ◆ <긴급> 세력 매집 포착, 지금 매수하면 200% 투자수익 달성!  10%수익을 40%로 만들어 준다고?? 영웅스탁론이라면 가능~! [영웅스탁론]효과적인 레버리지를 이용하여 수익률을 4배로!!   2019년은 바이오株! 셀트리온 160배능가할 제2의 셀트리온?!   삼성이 탐내는 바이오기업! 3000%↑실적폭증! 전세계 30조 시장선점! 10년만의 대박기회!!   [오늘의 인기기사] ◆ [국대스탁론]업계최저금리 2.29%! 100%한종목 투자가능+신용/ 미수 대환가능 ◆ [마감임박] '급등주 문자메시지' 100% 무료로 받아보기! ◆ ‘더 빠질 곳이 없는’ 초저평가 숨은 南北경협 테마株! ◆ 똑똑해진 소비자..한국도 이젠 소형차 시대 ◆ 2020년 한국 TV 2대중 1대 인터넷 연결된다"
35,6,"2019-02-05","08:08:43","[설날 건강하게 나기②]   명절일손 거두며 “목·허리·손목 건강 지키기 따라해보세요”","[헤럴드경제=김태열 기자] 설날에는 좁은 부엌보다 넓은 거실 바닥에 다 같이 앉아 음식을 준비하는 경우가 많은데, 가급적 식탁이나 탁자에 앉아서 할 것을 권장한다. 식탁에 앉을 때에는 의자 등받이 깊숙이 엉덩이를 밀어 넣고 허리를 곧게 편 채, 무릎 높이가 엉덩이보다 높게 하는 것이 좋다. 발밑에 적당한 높이의 받침을 놓으면 편하다.   [사진설명1: 어깨 벌리며 목 뒤로 젖히기( ① 양팔을 짧게 펴고 견갑골이 모아지는 느낌으로 가슴을 활짝 열고 허리를 편다.  ② 목을 자연스럽게 뒤로 젖힌다.③ 숨을 크게 들이마시며 10초 정도 자세를 유지한다. ※ 위 동작을 1~2회 반복한다]  ▶ 목 건강: 어깨를 벌리면서 목을 뒤로 젖혀, 목 디스크로 영양분 보내기=불가피하게 바닥에서 조리할 경우, 고개가 앞으로 숙여지는 자세를 장시간 유지하지 않도록 한다. 적어도 30분에 한 번씩 휴식을 갖고 목을 가볍게 좌우로 돌려준다. 어깨를 벌리면서 목을 뒤쪽으로 젖혀주어, 목 디스크로 영양분이 갈 수 있게 한다. 또한 어깨를 가볍게 으쓱하듯이 돌리는 것도 근 긴장을 푸는데 도움이 된다. 목을 푼다고 뚝뚝 소리가 날 정도로 비트는 동작은 당시에는 시원하게 느껴질지 몰라도 목 디스크와 관절 노화를 조장할 수 있어 피해야 한다. 긴 휴식을 취할 때는 앞쪽으로 볼록한 C자형 목뼈를 유지하면서, 목이 긴장하지 않고 편안히 이완되는 자세를 취한다.(사진설명1,2)   [사진설명2:목으로 천천히 원 그리기 (고개를 들고 목을 좌우, 앞뒤로 가볍게 돌린다)]  ▶허리 건강: 등받이 의자 사용하고, 허리 가볍게 돌리거나 10초간 뒤로 젖히기=허리를 구부리는 자세는 허리 디스크에 압력을 가해서 손상을 줄 수 있기 때문에, 쪼그리고 앉아 장시간 일을 하거나 무거운 짐을 드는 것을 피해야 한다. 명절 준비를 장시간 앉아서 해야 하는 경우에는 중간에 틈틈이 일어나서 가볍게 걸어준다. 허리를 가볍게 돌리거나 통증이 없는 범위에서 뒤로 젖히는 등배운동을 하는 것도 허리디스크와 주변 근육을 쉴 수 있게 돕는다. 바닥에 앉아서 설 명절을 준비할수밖에 없는 상황이라면 아래에 적당한 높이의 받침대를 놓고 그 위에서 일을 하도록 하자. 등받이가 있는 좌식의자를 이용하고 일거리 밑에적당한 높이의 받침대를 놓는 것도 허리 통증 예방에 좋다.(사진설명3)   [사진설명3 :가볍게 허리로 원 그리기(선 자세에서 두 손을 허리에 얹고 가볍게 엉덩이를 원을 그리면서 돌려준다. 5-10회 반복하고, 한 방향으로 반복이 끝나면, 반대 방향으로도 돌려준다] / 서울아산병원 제공  ▶손목 건강: 손목이 약한 사람은 반복 동작을 피하고 손목보호대 착용하기=설음식을 만들고음식을 담은 그릇을 쉴 새 없이 나르다보면, 손목과 팔꿈치에 피로가 누적돼 통증이 유발된다. 특히 손가락 감각이 달라지거나 저린 느낌이들면‘손목터널증후군’을 의심해봐야 한다. 30~60세 사이에서 가장 흔히 발생하고, 여성의 경우 남성보다 5~6배 더 많이 발생한다. 그 외에도 손목을 반복적으로 움직이는 일을 많이 하면 손목주변의 힘줄이나 관절에 염증이 발생할 수 있으니, 평소에 손목통증이 있는 환자는 명절에 무리한 일을 하지 않아야 한다. 부득이한 경우에는 손목 보호대를 하는 것이 도움이 될 수 있다.    /kty@heraldcorp.com          [프리미엄 링크] ◆ [평생무료] ""주식카톡방"" 대박주를 추천받는데 100원도 안낸다~ ◆ 무료O, 회원가입X. 바로보는 증권전문가의 실시간 라이브방송. ◆ <긴급> 세력 매집 포착, 지금 매수하면 200% 투자수익 달성!  10%수익을 40%로 만들어 준다고?? 영웅스탁론이라면 가능~! [영웅스탁론]효과적인 레버리지를 이용하여 수익률을 4배로!!   2019년은 바이오株! 셀트리온 160배 능가할 제2의 셀트리온?!   삼성이 탐내는 바이오기업! 3000% ↑실적폭증! 전세계 30조 시장선점! 10년만의 대박기회!!   [오늘의 인기기사] ◆ [국대스탁론]업계 최저금리 2.29%! 100%한종목 투자가능+신용/ 미수 대환가능 ◆ [마감임박] '급등주 문자메시지' 100% 무료로 받아보기! ◆ ‘더 빠질 곳이 없는’ 초저평가 숨은 南北경협 테마株! ◆ 똑똑해진 소비자..한국도 이젠 소형차 시대 ◆ 2020년 한국 TV 2대중 1대 인터넷연결된다"
35,7,"2019-02-05","08:08:08","새해부터 뜨거운 신차 경쟁..주요 브랜드 알아보니","- 쌍용 '렉스턴 스포츠 칸' - 현대 '더 뉴 아이오닉' '쏘울 부스터' 등 - BMW '뉴X7' 재규어 'I-PACE' 등     현대자동차가 출시한 ‘더 뉴 아이오닉’ 플러그인 하이브리드  [이데일리 임현영 기자] 새해 벽두부터 신차가 쏟아지고 있다. 전세계적인 인기를 끌고 있는 스포츠유틸리티차량(SUV)부터 세단까지 전기차·하이브리드 등 친환경차도 다양하게 출시되고 있다.  포문을 연 것은 쌍용차 ‘렉스턴 스포츠 칸’이다. 픽업트럭 렉스턴 스포츠보다 적재공간을 75%늘렸다. 최대 700kg의 화물을 싣을 수 있다는 것이 업체 측 설명이다. 3월엔 코란도C 후속도 출시될 예정이다.  기아차는 6년만에 3세대 쏘울을 내놨다. 별칭은 ‘쏘울부스터’다. 이름답게 주행성능을 끌어올린 것이 특징이다. 여기에 SUV를 연상케하는 디자인도 강점이다. 2월 중 전기차 모델도 출시해 친환경차 트렌드에도 적극 뛰어든다. 1회 충전 시 386km 달릴 수 있다.  현대차는 내·외장 디자인이 싹 달라진 ‘더 뉴 아이오닉’ HEV(하이브리드)·PHEV(플러그인 하이브리드)를 출시했다. 동급 최초로 10.25인치 내비게이션을 탑재했으며 △차로 유지 보조(LFA) △고속도로 주행 보조(HDA) 등도 적용해 상품성을 높였다.  수입차의 공세도 만만치않다.   BMW 코리아는 플러그인 하이브리드 스포츠카 ‘i8 로드스터’를 시작으로 내달엔 대형 SUV ‘뉴 X5’, 3월 준중형 세단 ‘뉴 3시리즈’를 내놓는다. 하반기에는 플래그십 대형 세단 ‘뉴 7시리즈’ 부분변경 모델과 국내에 첫선을 보이는 고성능 SUV ‘뉴 X3 M’ ‘뉴 X4 M’ 판매에 돌입할 예정이다.  재규어는 첫 순수전기차 ‘I-페이스(PACE)’을 출시했다. 프리미엄 전기차SUV를 표방하며 1회 충전으로 최장 333km를 주행할 수 있다. 인피니티는 프리미엄 중형 SUV ‘올 뉴 QX50’, 포르쉐코리아도 신형 카이엔을 공식 출시했다.     BMW가 최근 출시한 ‘뉴 X7’       ▶[무료추천] 개인정보 수집없는 카카오톡방 입장하기!  ▶ 하이스탁론, 선취수수료 없는 월 0.3%대 최저금리 상품 출시   ＜ⓒ종합 경제정보 미디어 이데일리 - 무단전재 & 재배포 금지＞    "
36,1,"2019-02-05","08:03:00","날개단 새만금, ""투자유치 단비"" vs ""제2의 무안공항""","[머니투데이 김희정 기자] [편집자주] 정부가 24조원 규모의 예비타당성조사(예타) 면제대상 사업을 발표하면서 엇갈린 평가가 나오고 있다. 경제성이 떨어진다 해도 국가균형발전을 위해 필요한 결정이라는 평가가 있는가 하면 2020년 총선을 겨냥한 선심성 정책이라는 비난도 만만치 않다. 머니투데이가 예타 면제대상 사업을 꼼꼼히 살펴봤다.    [[예타면제사업 뜯어보기-새만금국제공항](1)2023년 세계잼버리대회 전 개항 목표, '새만금 살리기' 일환… 지방공항 실패 답습 우려도]      #전북 군산에 사는 이 모 씨는 최근 제주도로 가족여행을 가려다 군산공항에서 비행기가 연착돼 낭패를 봤다. 이스타항공과 대한항공이 각각하루에 왕복 1회만 운행해 최악의 경우 다음 날 비행기를 타야 하기 때문이다.   새만금 국제공항사업이 최근 정부의 예비타당성(예타) 조사를 면제받자 전북도가 쌍수를 들고 환영하고 있다. 도민들의 항공교통 편의가 개선됨은 물론 민간투자 유치와 MICE·관광 등 연관산업 활성화를 기대할 수 있게 됐기 때문이다.   5일 새만금개발청과 전라북도 등에 따르면 국토교통부가 발주한 새만금 국제공항사업의 사전타당성 검토 용역이 오는 6월 중 마무리된다. 해당 용역결과에 따라 새만금 국제공항 부지가 확정될 전망이다.   전라북도가 '새만금 내' 공항부지를 가정해 예타 면제를 신청한 만큼 새만금사업 기본계획(MP)에 따라 확보한 6㎢ 규모의 새만금 내 부지가유력하다. 새만금~대야 복선전철도 이를 전제(군산공항역)로 노선을 계획하고 있다.   새만금국제공항은 현 군산공항을 새만금 내 공항부지로 이전·확장해 전북권 국제공항을 조성하는 것이 골자다. 군산공항은 현재 미군공항으로 이용되고 있어 확장이 어렵다.   전라북도는 2023년 새만금에서 열리는 세계잼버리대회 개최 전 개항을 목표로 하고 있다. 전 세계 5만여명의 청소년들이 새만금을 방문하는 만큼 국제공항을 통해 이동 편의를 높인다는 방침이다.   전라북도 공항하청과 강훈 주무관은 ""당장 세계 잼버리대회 개최도 중요하지만 새만금에 항공인프라를 조성하면 국·내외 교류와 민간투자 유치가 한층 촉진될 수 있다""며 ""기본계획수립과 확정 고시까지 속도를 낼 것""이라고 밝혔다.   하지만 무안공항과 양양공항 등 지방공항들의 실패사례를 답습할 것이란 우려도 있다. 새만금사업 완료 시기가 2030년인 데다 군산을 비롯해지역경기 불황으로 항공수요를 끌어올리는데 한계가 있다는 지적이다. 8000억원의 총사업비는 물론 운영적자까지 떠안을 수 있다는 것.   2017년 12월 국토부가 발주한 한서대 산학협력단의 '새만금 신공항 항공수요 조사연구' 최종 보고서에 따르면 새만금 국제공항의 국제선 수요는 새만금 개발이 계획대로 진행된다는 긍정적 가정하에 2025년 38만명에 이어 2055년 117만명으로 예상됐다.   반면 새만금 개발이 예상보다 축소되고 육상교통 발달로 수요 감소 효과가 있다면 2025년 25만명, 2055년 76만명 등으로 무안공항의 국제선수요예측규모보다 약간 많은 수준에 그치게 된다.   이에 대해 소병칠 새만금개발청 기반시설과 서기관은 ""새만금을 황해권 경제중심지로 개발하려면 육·해·공 3개 물류 교통망이 갖춰져야 한다""며 ""지역 수요에만 의지하는 무안공항과 단순비교해 사업성이 없다고 보는 건 적절치 않다""고 말했다.    30여년에 걸쳐 추진된 새만금사업은 총 409㎢ 면적으로 서울의 3분의 2, 전주의 2배 규모다. 하지만 현재 입주기업은 4곳뿐. 토지 임대료를 낮췄으나 교통 등 기반인프라가 부족해 입주를 꺼리는 기업들이 적지 않다.   이 때문에 재정성과연구원은 '새만금 미래비전 연구용역 보고서'를 통해 ""내부간선도로(동서와 남북 각 2축) 및 고속도로, 항만, 국제공항 등 기본 인프라를 갖추도록 정부가 선도적으로 투자해야 새만금 내부 개발을 앞당길 수 있다""고 밝히기도 했다.   새만금국제공항에 앞서 새만금신항은 2만톤급 선박 4척이 접안할 수 있는 1단계 사업에 착수했다. 대야~새만금신항까지 연결하는 새만금철도는 국토부가 사전타당성 조사를 진행하고 있다.      ▶▶[급등임박] 2019년 정부정책 최대수혜주 Top5 (바로확인)   ※주목※ 총 수수료 0원+월 0.4%대 금리 ▶ 저비용고수익 실현해볼까? (바로 가기)     [파워 인터뷰]      [관련기사] ☞ 잘나가는 한국 사업 때문에…日데상트 '진흙탕 싸움' ☞ 인구500만에 공항만 5개, ""공항은 정치거물 전쟁터"" ☞ '이영자픽 국밥' 있는곳…덕평휴게소 알바 해보니 ☞ ""퇴직금 없는데…"" 자영업자가 직장인보다 노후준비 '한숨' ☞ 안희정 재판부, '여중생 성관계' 60대 남성은 무죄      ▶▶[급등임박] 2018년 하반기 ""정부정책"" 수혜주 TOP 10 긴급공개(바로확인)   저금리 고수익의 비밀, 1644-6960 키워드림론에서확인       김희정 기자 dontsigh@mt.co.kr    <저작권자 ⓒ '돈이 보이는 리얼타임 뉴스' 머니투데이, 무단전재 및 재배포 금지>"
36,2,"2019-02-05","08:03:00","""넷플릭스 주식 사볼까"" 올해도 해외주식 직구 증가","""넷플릭스 주식 사볼까"" 올해도 해외주식 직구 증가  1월 매수액 전월보다 40.3% 늘어…증권사 해외주식 영업 잇따라 강화    (서울=연합뉴스) 임미나 기자 = 올해도 국내에서 해외주식을 직접 사고파는 '주식 직구'가 늘고 있다.  최근 세계 주요 증시가 상승세를 타는 데다가 해외 투자에 대한 일반인들의 관심도 높아지고 있는 데 따른 것으로 보인다.  증권사들도 이런 추세를 반영해 해외주식 영업을 한층 더 강화하고 있다.  ◇ 1월 해외주식 매수 늘고 매도 줄어  5일 한국예탁결제원 증권정보 포털에 따르면 지난 1월 중 예탁원을 통한 외화주식 결제금액은 총 22억8천530만 달러(약 2조5천억원)로 전월(22억1천140만 달러)보다 3.2% 증가했다.  결제대금은 주식을 사고판 거래금액 개념이다.  매수와 매도로 나눠서 보면 1월 외화주식 매수금액은 13억4천667만 달러로 전월(9억5천988만 달러)보다 40.3%나 늘어났다.  매도금액은 9억3천865만 달러로 전월(12억5천154만 달러)보다 25.0% 줄었다.  올해 들어 글로벌 증시가 반등하면서 주식 매수 심리가 살아난 것으로 보인다.    [표] 월별 외화주식 결제금액 증감 추이(단위: 백만 달러)  ┌──┬───────────┬───────────┬──────────┐   │ │2019년 1월 　 │2018년 12월 　 │전월 대비 증감률(%) │   │ ├───────┬───┼───────┬───┼──────┬───┤   │ │매도/매수 │합계 │매도/매수 │합계 │매도/매수 │합계 │   ├──┼───────┼───┼───────┼───┼──────┼───┤   │유로│0.02/29.59 │29.6 │1.53/1.11 │2.6 │-98.7/2565.8│1038.5│   ├──┼───────┼───┼───────┼───┼──────┼───┤   │미국│725.31/1047.41│1772.7│1001.26/780.68│1781.9│-27.6/34.2 │-0.5 │   ├──┼───────┼───┼───────┼───┼──────┼───┤   │일본│21.30/35.68 │56.98 │42.77/24.64 │67.4 │-50.2/44.8 │-15.5 │   ├──┼───────┼───┼───────┼───┼──────┼───┤   │홍콩│144.67/156.97 │301.6 │106.52/69.81 │176.3 │35.8/125.9 │71.1 │   ├──┼───────┼───┼───────┼───┼──────┼───┤   │중국│17.74/46.49 │64.23 │47.91/41.65 │89.6 │-63.0/11.6 │-28.3 │   ├──┼───────┼───┼───────┼───┼──────┼───┤   │기타│29.60/30.53 │60.13 │51.53/41.99 │93.5 │-42.6/-27.3 │-35.7 │   ├──┼───────┼───┼───────┼───┼──────┼───┤   │합계│938.65/1346.67│2285.3│1251.54/959.88│2211.4│-25.0/40.3 │3.2 │   └──┴───────┴───┴───────┴───┴──────┴───┘  시장별 매수액을 보면 유로시장이 2천959만 달러로 전월보다 2천565.8% 늘었고 미국(34.2%), 일본(44.8%), 홍콩(125.9%), 중국(11.6%) 등도 증가했다.  종목별 결제대금은 아마존이 1위였다. 다만 매도액(840만 달러)이 매수액(599만 달러)보다 컸다.  결제액 상위 10위권에는 아마존 이외에 마이크로소프트(5위)와 넷플릭스(6위), 엔비디아(7위), 텐센트(8위), 테슬라(10위) 등이 포함됐다.   ◇ 증권사들 해외주식 영업에 박차   이처럼 해외주식 거래가 늘자 이에 대응하는 증권사들의 발걸음도 빨라지고 있다.  삼성증권은 올해초부터 영업 캐치프레이즈의 하나로 '해외투자 2.0 시대'를 내걸었다. 해외주식 투자를 경험하는 단계를 넘어 달러채권, 해외 대안상품 등 '전 국민 자산관리의 글로벌화'를 추구한다는 목표다.  이를 위해 작년 말께 해외자산 관련 리서치 부문을 개편하고 세계 30개국의 글로벌 상장지수펀드(ETF)와 주식 등 다양한 상품을 구비했다.  KB증권은 지난 1월 고객들이 해외주식을 번거로운 환전 절차 없이 원화로 쉽게 거래할 수 있도록 지원하는 '글로벌 원마켓' 통합증거금서비스를 개시했다.  또 미국ㆍ중국ㆍ홍콩ㆍ일본 등 4개 지역 주식 거래에 대한 온ㆍ오프라인 최소매매수수료도 폐지했다.  NH투자증권은 이미 작년 9월부터 미국ㆍ중국ㆍ일본ㆍ홍콩의 온ㆍ오프라인 해외주식 매매 최소수수료를 폐지했다.  또 신한금융투자는 미국에 상장된 52개 종목을 0.01주 단위로 구매할 수 있게 한 '소수점 주식 구매 서비스'를 작년 10월 도입했다.    [표] 올해 1월 해외주식투자 결제대금 상위 10개 종목(단위 달러)  ┌──┬──┬──────────┬────────────────────┐   │순위│국가│ 종목명 │결제금액 　 　 │   │ │ │ ├──────┬──────┬──────┤   │ │ │ │매수 │매도 │전체 │   ├──┼──┼──────────┼──────┼──────┼──────┤   │1 │미국│아마존 │59,907,978 │84,037,949 │143,945,927 │   ├──┼──┼──────────┼──────┼──────┼──────┤   │2 │홍콩│CHINA AMC CSI 300 IN│49,445,195 │49,135,069 │98,580,264 │   │ │ │DEX ETF │ │ │ │   ├──┼──┼──────────┼──────┼──────┼──────┤   │3 │미국│ISHARES T PLS ISHA │61,063,187 │31,832,874 │92,896,061 │   ├──┼──┼──────────┼──────┼──────┼──────┤   │4 │미국│PROSHARES ULTRAPRO S│34,896,351 │17,598,115 │52,494,466 │   │ │ │HORT QQQ │ │ │ │   ├──┼──┼──────────┼──────┼──────┼──────┤   │5 │미국│마이크로소프트 │35,335,189 │12,558,402 │47,893,591 │   ├──┼──┼──────────┼──────┼──────┼──────┤   │6 │미국│넷플릭스 │24,557,649 │22,242,509 │46,800,158 │   ├──┼──┼──────────┼──────┼──────┼──────┤   │7 │미국│엔비디아 │29,288,312 │13,631,001 │42,919,313 │   ├──┼──┼──────────┼──────┼──────┼──────┤   │8 │홍콩│텐센트 │23,477,977 │18,234,366 │41,712,343 │   ├──┼──┼──────────┼──────┼──────┼──────┤   │9 │미국│VELOCITYSHARES 3X IN│18,653,329 │22,042,431 │40,695,760 │   │ │ │VERSE NA │ │ │ │   ├──┼──┼──────────┼──────┼──────┼──────┤   │10 │미국│테슬라 │24,561,683 │15,279,841 │39,841,524 │   └──┴──┴──────────┴──────┴──────┴──────┘   mina@yna.co.kr   (끝)    <긴급속보 SMS 신청> <포토 매거진> < M-SPORTS >   <저작권자(c) 연합뉴스, 무단 전재-재배포 금지>"
36,3,"2019-02-05","08:01:08","정부서울청사서 사라진 일회용 종이컵","(강경민 금융부 기자) 지난해 말부터 서울 광화문 정부서울청사에선 각 부처마다 일회용 종이컵 찾기 전쟁이 벌어지고 있습니다. 각 부서 사무실 한켠에설치된 정수기 옆에서도 일회용 종이컵을 찾기 어렵죠. 이렇다보니 믹스커피 한 잔을 마시기 위해 주변 동료들에게 일회용 종이컵을 구하는공무원들도 어렵지 않게 찾아볼 수 있습니다. 이렇다보니 집에서 일회용 종이컵을 아예 가져오는 공무원들도 있다고 하네요.  이유가 뭘까요. 환경부는 지난해 7월 공공기관을 대상으로 ‘공공부문 일회용품 사용 줄이기 실천지침’을 시행하고 있습니다. 청사 등 사무실 내에서 일회용 종이컵 등 일회용컵 사용을 금지하고, 회의나 행사 때도 일회용품 대신 다회용품을 적극 사용해야 한다는 내용의 지침입니다. 지난해부터 환경보호를 위해 커피숍 등 민간 부문을 대상으로 일회용품 규제에 나서고 있는 상황에서 정부가 앞장서겠다는 취지죠.  각 정부 부처에선 일회용 종이컵 등 일회용품 구매가 대폭 줄어들었습니다. 공무원들은 일회용 종이컵 대신 개인 통컵(텀블러) 등을 사용해 물을 마시고 있습니다. 요새는 장·차관 주재 회의에서도 일회용 종이컵을 거의 찾아보기 어렵습니다. 예를 들어 지난달 27 일 정부서울청사에선 금융당국 관계자들과 시중은행장이 참석한 가계부채관리 점검회의가 열렸는데요. 이날 회의장 책상에서도 생수병과 함께 일회용 종이컵 대신 유리잔이 놓여져 있었습니다.  지난해 환경부의 지침에도 불구하고 일부 정부 부처들이 장·차관 주재회의 때마다 일회용 종이컵을 여전히 사용하고 있다는 사실이 언론을 통해 알려지자 거센 비난 여론이 일었죠. 이 때문에 각 부처는 각종 회의 때도 일회용 종이컵 사용을 사실상 금지하고 있습니다.  물론 하루 아침에 일회용품에 대한 사용을 줄이기는 쉽지 않은 게 현실입니다. 정부서울청사를 출입하고 있는 기자도 불편을 느낄 때가 적지 않죠. 하지만 환경 보호를 위해서라도 조금의 불편은 참는 게 당연한도리가 아닐까 싶네요. 불편을 감수하고 환경보호에 앞장서는 공무원들에게도 박수를 보내고 싶습니다. (끝) / kkm1026@hankyung.com    관련기사 행안부, 지자체 저출산 우수시책 경진대회 개최 플라스틱 컵 피했더니…종이컵도 환경 문제는 마찬가지 리페이퍼, 썩는 종이컵으로 유럽 시장 뚫었다 투썸 ""종이컵 사용 27% 줄었다"" 지진대피훈련, ""훈련이 장난인가요?""    ⓒ한국경제 & hankyung.com, 무단전재 및 재배포 금지"
36,4,"2019-02-05","08:01:04","“스타트업서 일하는 여성들, ‘스여일삶’에서 함께 고민해요”","(김남영 IT과학부 기자) 스타트업(신생 벤처기업) 업계에는 다양한 형태로 조직된 커뮤니티가 많습니다. 기업 규모가 상대적으로 작다보니 기업 밖에서 교류하는 문화가 자연스럽게 생겨났습니다. 그 중에선 스타트업 여성들을 위한 커뮤니티도 있습니다. 바로 ‘스타트업 여성들의 일과 삶( 스여일삶)’입니다.  스여일삶은 결혼, 출산, 육아 등의 문제들을 스타트업계 내의 여성들끼리 공감하고 나누기 위해 2017년시작된 온라인 커뮤니티입니다. 이를 만든 운영자 김지영씨(30)도 스타트업에서 오랫동안 일한 여성입니다. 페이스북 그룹 형태로 만들어진이 커뮤니티는 현재 약 1700명이 활동하고 있습니다. 남성 회원도 적게나마 있습니다.  스여일삶의 주된 활동은 한 달에 한 번 열리는 점심 번개입니다. 일반적인 스타트업 네트워킹 모임은 주로 평일 저녁에 이뤄집니다. 문제는 기혼 여성, 특히 자녀가 있어 육아를 해야하는 여성은 저녁에 시간을 내기 어렵습니다. 자연스럽게 네트워크에서 배제되는 것입니다. 스여일삶은 기혼 여성들도 편히 참여할 수 있는시간을 배려해 점심 번개를 갖고, 모임에는 통상 10명에서 20명 사이의 멤버들이 참여합니다. 꼭 결혼?출산?육아 문제가 아니더라도 승진?이직 등 커리어적인 측면에 대한 고민을 털어놓는 분들도 많다고 합니다. 이외에 온라인에서 직무 관련된 책을 같이 읽는 모임, 글쓰기 모임 등 취미활동으로도 커뮤니티 활동이 이뤄지고 있습니다.  스타트업 여성들에게 힘을 실어주고 한국 스타트업 생태계를 건강하게 만들자는 비전이 통했는지 스여일삶은 작년 페이스북의 우수 커뮤니티 115개 중 하나로 선정되기도 했습니다. 한국 커뮤니티로선 유일합니다. 선정된 커뮤니티는 1년간 페이스북으로부터 지원금과 각종 교육 프로그램 등을 받습니다. 스여일삶은 이 지원금을 기반으로 올 하반기 대규모행사를 기획중입니다.  올해 스여일삶은 스타트업 여성들을 인터뷰해 글?영상으로 남기는 일을 시작합니다. 스타트업 예비 창업자나 창업자들이 겪는 법률문제를 해소하기 위한 무료 법률상담도 준비하고 있습니다. 이 역시 스여일삶 내 스타트업 전문 변호사와 함께 한다고 합니다. (끝)nykim@hankyung.com    ▶▶[급등임박 공개]◀◀ 2019년 상반기 ""정부정책""수혜주 TOP 10 긴급공개 >>> (바로확인) ▷▷[주식 AI시대 개막]◁◁ 매수·매도 자동 프로그램으로 ""月300만원""씩 버는 회사원 화제! 최저금리로 갈아탈 수 있는 마지막 버스, 신용·미수·예담 대환하고취급수수료 할인 받자! [ 무료 주식 카톡방 ] 국내 최초, 카톡방 신청자수 38만명 돌파 < 업계 최대 카톡방 > --> 카톡방 입장하기!! ▶▶▶[초대박종목 실시간 공유]◀◀◀ ""누적 수익률 343.9%"" 공짜로 확인!!→<<즉시 무료발송!>>     관련기사 보안 스타트업 시큐레터, 우리은행서 투자 유치 스켈터랩스, 효성에 AI 대화엔진공급 스타일쉐어, 편의점 현금결제 도입… 중고등학생 공략 굿닥, 설날에도 진료하는 병원 찾아준다 ‘도티 소속사’ 샌드박스, 250억 투자 유치    ⓒ 한국경제 & hankyung.com, 무단전재 및 재배포 금지"
36,5,"2019-02-05","08:01:01","[fn마켓워치] ""달러표시채권 환노출 투자, 수익성+안정성 매력""","주식 변동성이 커지는 국내외 환경에서 한국 달러표시채권(KP)이 수익성과 안정성을 모두 취할 수 있는 대안 상품으로 주목받고 있다.   박태근 삼성증권 연구원은 5일 '한국 달러채권' 관련 보고서에서 ""우리나라 은행과 기업들이 발행한 우량 KP물에 대한 투자 수요와 관심이 꾸준히 이어지고 있다""며 ""달러시채권인 KP물 금리가 국내 원화 우량채 금리보다 높다""고 말했다.  그는 ""최근 만기 3~4년 정도 국내 원화 우량 회사채 금리가 2~3%수준인 데 반해 글로벌 신용평가 등급 A~BBB 기준 동일 만기 KP물 금리는 3~5% 수준으로 높다""고 소개했다.  또 일반 투자자 입장에서는 해외 기업보다 국내 기업들의 펀더멘털 상황을 좀 더 잘 이해할 수 있다는점에서 KP물에 대한 상대적 선호도는 높다고 덧붙였다.   박 연구원은 ""향후 1~2년 내 미국 연방준비제도의 제한적 기준금리인상과 긴축 스탠스 완화로 미국 국채금리의 박스권이 지속된다고 본다""며 ""고금리 KP물 신용스프레드는 추가로 축소(KP물 금리의상대적 하락)될 가능성도 있다""고 설명했다. 이에 따라 중장기적으로 KP물 투자 시 추가 수익에 대한 기대는 유효하다고 조언했다.   그러면서 그는 ""KP채권은 외화자산인 만큼 투자자 입장에서 환율 전망과 대응이 중요하다""고 말했다.   이어 ""통상 보험사 등 기관투자자들은 만기시점까지 환헤지 후 원화환산 기준 투자를 우선한다""며 ""반면 위험선호 통화 및 자산중심의 개인 투자자들은 전체자산 중 달러자산(채권) 비중에 제한적인 만큼 환헤지 대신 헤지를 하지 않는 환노출 투자를 이행할 필요가 있다""고 설명했다.  khj91@fnnews.com 김현정 기자  ▶▶2019년 상반기 ""정부정책"" 최대수혜주 TOP 10 긴급공개(바로확인) ▶▶[초대박종목 실시간 공유]◀◀ ""누적수익률 343.9%"" 공짜로 확인!!→<<즉시 무료발송!>>  [파이낸셜뉴스 주요뉴스]  → 백두산 폭발? 산 주변서 일어나는 불길한 징조 → 65세 노인 시가 5억원 집 맡기면 주택연금 얼마나 받나 → 민주당 지지율 38.2%로 하락.. 한국당은 ""이럴 수가"" → 18년된 로또, 최저 당첨금 4억.. 최고액은 무려 → 심장에 박혔던 이쑤시개 발견.. 알고보니 4년 전에  ▶ 이 종목 하나면 억대계좌 달성가능!<3시간만 무료공개>  ▶▶[급등임박 공개]◀◀ 2019년 상반기 ""정부정책""수혜주 TOP 10 긴급공개 >>> (바로확인)  ※ 저작권자 ⓒ 파이낸셜뉴스. 무단 전재-재배포 금지 "
36,6,"2019-02-05","08:01:01","스타가 발품팔아 소개하는 월셋집…MBC '구해줘! 홈즈'","스타가 발품팔아 소개하는 월셋집…MBC '구해줘! 홈즈'     (서울=연합뉴스) 송은경 기자 = MBC TV는 국내 최초로 부동산을 소재로 한 예능 '구해줘! 홈즈'를 5일 오후 9시 50분, 6일 오후 10시에방송한다고 이날 밝혔다.   '구해줘! 홈즈'는 바쁜 의뢰인들을 대신해 스타들이 직접 발품을 팔아 집을 구해주는 예능 프로그램이다. 의뢰를 받은 출연자들은 다양한 전ㆍ월세 집들을 소개하며 세입자를 안내한다.  출연자는 복(福)팀과 덕(德)팀으로 나뉘어 의뢰인 조건에 맞는 여러 집을 둘러본 후 의뢰인의 선택을 놓고 대결을 펼치게 된다.  이날 방송에는 복팀ㆍ덕팀 팀장으로 희극인 박나래와 김숙이 나선다. 방송인 이상민과 노홍철 또한 각각 복팀과 덕팀 코디로 웃음을 안겨줄 예정이다.  norae@yna.co.kr   (끝)    <긴급속보 SMS 신청> <포토 매거진> < M-SPORTS >   <저작권자(c) 연합뉴스, 무단 전재-재배포 금지>"
36,7,"2019-02-05","08:00:57","그랜드캐년 추락 등 해외 사고…정부가 어디까지 도와줄까","[머니투데이 최태범 기자] [[the300]2021년 시행 영사조력법, 항공료 등 '긴급지원'...영사콜센터 반드시 기억해야]    지난해 말 미국 애리조나주 그랜드캐년에서 추락사고를 당한 20대 한국 청년이 아직 의식불명 상태에서 깨어나지 못하고 있다.   가족들은 그의 한국 귀국을 희망하고 있지만 10억원에 달하는 병원비와 2억원 가량의 이송비, 여행사와의 법률적인 문제 등으로 인해 이러지도 저러지도 못하는 상황이다.   그의 삼촌은 지난 17일 청와대 국민청원 게시판에 ‘25살 대한민국의 청년을 조국으로 데려 올 수 있게 도와주세요’라는 사연을 올려 2만여명이 넘는 동의를 얻었다. 하지만 개인의 부주의까지 국가가 책임지는 것은 문제가 있다는 반론도 만만치 않다.    그랜드캐년 추락사고 사례처럼 우리 국민들이 해외에서 사건·사고를 겪었을 때 정부가 제공할 수 있는 영사조력의 범위는 어디까지일까.   ◇외교부에 규정된 영사조력 범위는   4일 외교부에 따르면 우리 정부의 영사조력 범위는 ▲사건·사고 발생시 현지 경찰에 신고하는 방법 안내 ▲여권을 분실한 여행객의 여권 재발급 또는 여행증명서 발행 ▲현지 의료기관 정보 제공 ▲현지 사법체계나 재판기관, 변호사 등에 대한 정보 제공 등이다.   또 ▲체포·구금시 현지 국민에 비해 차별적이거나 불합리한 대우를 받지 않도록 현지 당국에 요청 ▲여행자의 국내 연고자에게 연락 및 필요시 긴급 여권발급 지원 ▲긴급 상황 발생시 우리 국민의 안전확인 및 피해자 보호지원 등도 영사조력에 포함돼 있다.   영사조력에서 제외되는 업무는 ▲금전대부·지불보증·벌금대납·비용지불(의료비·변호사비 등) ▲예약 대행(숙소·항공권 등) ▲각종 신고서 발급 및 제출 대행 ▲병원과 의료비 교섭 ▲사건·사고 관련 보험회사와의 보상교섭 ▲구금자 석방·감형을 위한 외교적 협상 등이다.   ◇‘긴급지원비’ 있지만 그랜드캐년 추락사고는 해당 안 돼   지난해 말 국회에서 ‘재외국민 보호를 위한 영사조력법’이 통과돼 해외체류·여행 중인 우리 국민을 보호해야 하는 국가의 책무가 법률로서 규정됐다.   영사조력법 제정은 헌법 2조2항에 명시된 ‘국가는 법률이 정하는 바에 의하여 재외국민을 보호할 의무가 있다’는 내용을 보다 구체화·체계화해 강화된 영사조력을 제공한다는 목표로 추진됐다. 지난 15일 공포돼 2년이 경과한 2021년 1월 16일부터 본격 시행된다.   다만 영사조력법 19조1항에 따르면 재외국민은 자신의 생명·신체·재산의 보호에 드는 비용을 자신이 부담하도록 되어 있다. 재외국민을 긴급히 보호할 필요가 있을 때만 정부가 그 비용을 ‘긴급지원비’로 부담한다는 원칙이다.   예를 들어 강진·쓰나미·폭우 등으로 인해 민간항공기가 뜨지 않는 상황에서 정부가 투입하는 수송기의 비용, 사고를 당한 한국인 본인이나국내 연고자가 무자력(無資力·경제력이 없음) 상황일 때 정부가 대신 부담하는 항공료 등이다.   정부 관계자는 그러나 “그랜드캐년 사고는 긴급지원비 요건과 맞지 않는다”며 “국내에서 산악 도중 떨어졌다고 해서 소방당국이나 지방자치단체 등이 사고자의 치료비를 보상해주지 않는 것과 같은 이치”라고 설명했다.   그랜드캐년 사고의 경우 가족들의 경제적 사정에 따라 국내 이송비 정도는 지원이 가능할 것이란 관측이 나온다. 하지만 치료비 부담 및 보험회사와의 보상 협상 등의 절차를 감안하면 정부가 먼저 나서서 지원여부를 결정하기는 어려울 것으로 보인다.   ◇해외 사건·사고, 가장 먼저 연락할 곳은 외교부 ‘영사콜센터’   정부는 해외 체류·여행 중인 우리 국민의 보호를 위해 24시간 동안 외교부 영사콜센터와 해외안전지킴센터를 가동하고 있다. 업무시간 중에는 해당지역 대사관의 비상연락망도 운영된다.   반드시 기억해야 할 곳은 영사콜센터(+82-2-3210-0404)다. 외교부 당국자는 “해외에서 사건·사고를 겪은 국민은 초동단계에서 영사콜센터에 연락하는 것이 가장 중요하다”고 강조했다.   영사콜센터는 해외 사건·사고 또는 자연재해 등 긴급한 상황에 처한 국민을 위해 24시간 전화 상담서비스를 제공한다. 외교부 직원 등 50여명이 교대로 자리를 지킨다.   영어·중국어·일본어·프랑스어·러시아어·스페인어에 대한 '3자 통화' 통역 상담 서비스가 제공된다. 통역상담사가 민원인과 통화 후 현지 관계자에게 통역해 통화하는 방식으로 운영된다. 올해부터는 베트남어 통역 서비스도 추가됐다.   해외여행시 소지품 도난·분실로 인해 금전적 어려움에 처하게 될 경우 국내 연고자가 보낸 돈을 재외공관을 통해 받는 ‘신속해외송금’도 있다. 국내 가족은 미화 최대 3000달러까지 보낼 수 있다.   지난해 5월 개소한 해외안전지킴센터는 외교부·경찰청·해군·해양수산부·국토교통부 등 유관기관 공무원들로 구성돼 있다. 국민들이 직접접근하진 못하지만 재외공관과 함께 365일 24시간 모니터링하며 해외 사건·사고 대응의 컨트롤타워 역할을 하고 있다.   외교부는 또 사건사고가 상대적으로 많이 발생하는 재외공관에 사건사고 담당영사를 증원했다. 지난해 65명에서 올해 98명으로 늘었고, 연내19명이 증원될 예정이다. 이들의 활동비도 전년 대비 32% 증액됐다.   이외에도 외교부는 TV·라디오 등 방송매체를 비롯해 국제선을 운영하는 항공사의 탑승권·수하물표, 공행 내 전광판 등 다양한 경로를 통해해외안전여행 정보를 제공하고 있다.      ▶▶[급등임박] 2019년 정부정책 최대수혜주 Top5 (바로확인)   ※주목※ 총 수수료 0원+월 0.4%대 금리 ▶ 저비용고수익 실현해볼까? (바로 가기)     [파워 인터뷰]      [관련기사] ☞ SKY캐슬 윤세아♥김병철 중년 로맨스…'4살 나이 차' ☞ 만원짜리 땅이 21배 껑충...시골 땅이 금싸라기 된 이유 ☞ '승리 사임' 버닝썬 ""물게 골뱅이 구함""…성관계 영상도 촬영 ☞ 아픈데 ""자고 가라""는 시어머니…남편이 나섰다 ☞ 공매도의 '멘붕'…삼성전자·하이닉스 반등에 ""앗뜨거""      ▶▶[급등임박] 2018년 하반기 ""정부정책"" 수혜주 TOP 10 긴급공개(바로확인)   저금리 고수익의 비밀, 1644-6960 키워드림론에서확인       최태범 기자 bum_t@mt.co.kr    <저작권자 ⓒ '돈이 보이는 리얼타임 뉴스' 머니투데이, 무단전재 및 재배포 금지>"
37,1,"2019-02-05","08:00:00","'시계 제로' 알뜰폰, 지난해 800만 고지 못넘었다","[아시아경제 황준호 기자] 알뜰폰이 800만 가입자 돌파를 앞두고 올해를 맞았다. 지난해 연내 800만 고지를 넘을 것으로 예상됐지만 결과는 예상치에 미치지 못했다. 이동통신 3사가 보편요금제 도입을 막기 위해 내놓은 각종 요금제 여파가 알뜰폰 생태계에 영향을 미친 결과로분석된다. 정부가 자급제 활성화와 알뜰폰 지원책 마련에 나서고 있지만 알뜰폰의 시계는 불투명한 상황이다.    과학기술정보통신부가 매월초 발표하는 무선 통신서비스 현황에 따르면 지난해 12월 알뜰폰 가입자수는 798만9453명이었다. 9월 790만명대 진입한 뒤 4개월째 790만명대를 지키고 있다. 알뜰폰은 연내 800만 가입자 돌파와 점유율 15% 달성을 외쳤지만 어느 하나 달성한 것이 없다. 12월 현재 점유율은 12%대다. 알뜰폰은 이통 3사에 망을 빌려 가입자를 모집하는 사업자다.    특히 알뜰폰 가입자 증가세는 둔화되는 모습을 보이고 있다. 8월말 LG유플러스를 끝으로 이통 3사의 저가 요금제 개편이 마무리됐는데, 알뜰폰 가입자 증가세는 기하급수적으로 줄기 시작했다. 9월 3만7224명 늘던 것이, 10월 3만1155명, 11월 2만5633명, 12월 3388명으로 쪼그라들었다.      알뜰폰 업계는 성장 둔화의 이유로 이통 3사의 저가 요금 경쟁을 꼽는다. 정부는 이통 3사의 저가 요금 경쟁을 유발시키기 위해 보편요금제를 발의했고, 이통 3사는 이를 막기 위해 자발적으로 보편요금제와 비슷한 요금제를 속속 출시했다.    정부의 보편요금제는 월 2만원대에 음성 150~210분, 데이터 900MB~1.2GB를 제공하는 요금제다. 이통 3사는 이 요금제 자체보다 정부가 요금 설정권을 가져갈 수 있다는 점에서 보편요금제보다 혜택이 더 많이 실린 요금제들을 속속 내놨다. 이통 3사는 선택약정 25% 할인 적용시 2만원 대에 음성·문자 무제한, 데이터 1~1.3GB(KT 1GB, SK텔레콤 1.2GB, LG유플러스 1.3GB)를 제공하는 요금제를 냈다.    문제는 이 요금제들이 알뜰폰에서 판매 중인 요금제보다 저렴하다는데 있다. 예를 들어 T플랜 스몰(1.2GB)의 경우 선택약정시 월 2만2500 원을 받지만 CJ헬로의 더 착한 데이터 1.2G는 월 2만5200원이다.    정부도 알뜰폰 업계의 고충에 공감하고 최근 알뜰폰도 개편된 이통 3사의 요금제를 팔 수 있도록 했다. 또 제도 개선 전담반을 만들어 회의를 시작했다. 올해부터는 자급제 폰의 출시를 늘리는 등 자급제도 활성화한다는 방침이다.    하지만 알뜰폰 업계는 좀더 구체적인 안이 빠른 시일 내에 나와야 한다는 입장이다. 특히 이통 3사는 요금제를 개편하면서 가족간 결합시혜택을 크게 늘렸다. 알뜰폰으로 빠져나올 수 있는 길을 막힌 만큼 고가 요금제를 판매할 수 있는 길도 열려야 한다고 말한다. 업계 관계자는 ""3월 5G가 개통되고 LTE보다 요금이 더 높게 책정될 수 있다는 전망이 나오는 상황에서, 가입자들이 더 저렴한 비용으로 데이터를 자유롭게쓸 수 있는 방안이 마련되기를 기대한다""고 말했다.    ●2019년 정부정책 테마株 Top.5 전격 공개 [Click] ●'부자네스탁론' 월 0.4%대 금리, 100% 집중투자까지 ●'대박스탁론' 수수료없이 월 0.4%대 금리, 100% 집중투자까지 ●또 터질 수 밖에 없는 제2의 신라젠! 최소 “800%” 상승 예정! ●정부 수소차 대규모 확대 정책 ! ‘上’ 터질 종목은 ?   주식 자동 프로그램으로""月300만원""버는 男화제 최근 오토레이더라는 주식 자동매매 태블릿을 사용하며 매달 300만원씩 꾸준히 수익을...    올해주목받는 ""유망株"" 이슈종목 무료 공개! 증시 변동이 지속되는 가운데, 올해 들어서며 저평가되던 유망주들에 대한 투자자들의 관심이 날로 뜨거워지는…   황준호 기자 rephwang@asiae.co.kr   <ⓒ경제를 보는 눈, 세계를 보는 창 아시아경제(www.asiae.co.kr) 무단전재 배포금지>"
37,2,"2019-02-05","08:00:00","[fn마켓워치]보령 웨스토피아 매각 사수생 되나","보령 웨스토피아 리조트(대천리조트)가 매각 사수생이 될지 고민하고 있다. 번번히 매각에 실패해 일부 출자기관이 워크아웃 과정 중 매각이 더 유리할 수 있다는 의견을 제시했기 때문이다.  5일 투자은행(IB) 업계에 따르면 오는 12일 워크아웃 기간 종료를 앞두고 보령 웨스토피아 리조트 채권단은 매각 방향을 결정할 계획이다.  앞서 이뤄진 세 차례의 매각작업에서 보령 웨스토피아에 관심을 보인 원매자는 2~3곳 가량이다. 이들은 기존에 영위하던 리조트 사업을 확장하기 위해 웨스토피아 리조트 인수를 검토해온 것으로 알려졌다. 하지만 가격 문제로 거래는 불발됐다.  이에 네 번째 매각이 성공하려면 채권단의 희망가격이 낮아져야 한다는 시각이 나온다. 워크아웃 실사를 맡은 삼일PwC가 산정한 웨스토피아 리조트의 청산가치는 240억원수준으로, 출자기관들이 원해온 가격수준은 최소 300억원 이상이다. 3번째 매각때는 400억~500억원선을 희망했었다.  매각주간사를 선정하면 워크아웃 실사를 맡은 삼일PwC가 될 가능성이 높다. 기존 주간사는 삼정KPMG였다.  보령 웨스토피아 리조트는 지난 2011년 폐광지역 대체사업으로 건설됐다. △콘도미니엄(100실) △대중제 골프장(9홀) △레일바이크 체험장 등을 갖춘 종합 리조트다. 그러나 무리한 시설투자로 진 채무를 감당할 수 없자 출자기관들이 자체 워크아웃을 신청했다. 보령 시가지와 붙어있어 고객 유치에 용이하고, 부지 자체의 가치도 낮지 않다는 것이 투자 포인트다. ggg@fnnews.com 강구귀 기자  ▶▶2019년 상반기 ""정부정책"" 최대수혜주 TOP 10 긴급공개(바로확인) ▶▶[초대박종목 실시간 공유]◀◀ ""누적수익률 343.9%"" 공짜로 확인!!→<<즉시 무료발송!>>  [파이낸셜뉴스 주요뉴스]  → 백두산 폭발? 산 주변서 일어나는 불길한 징조 → 65세 노인 시가 5억원 집 맡기면 주택연금 얼마나 받나 → 민주당 지지율 38.2%로 하락.. 한국당은 ""이럴 수가"" → 18년된 로또, 최저 당첨금 4억.. 최고액은 무려 → 심장에 박혔던 이쑤시개 발견.. 알고보니 4년 전에  ▶ 이 종목 하나면 억대계좌 달성가능!<3시간만 무료공개>  ▶▶[급등임박 공개]◀◀ 2019년 상반기 ""정부정책""수혜주 TOP 10 긴급공개 >>> (바로확인)  ※ 저작권자 ⓒ 파이낸셜뉴스. 무단 전재-재배포 금지 "
37,3,"2019-02-05","08:00:00","새해 다이어트 계획…체중감량 목표치 얼마로?","[머니투데이 김유경 기자] [성인의 경우 체질량지수(BMI)가 18.5~22.9 이면 정상…BMI=체중(㎏)/키(㎡)]   새해 목표 중 하나로 다이어트를 계획하는 사람들이 많다. 특히 직장인들 중 지난해 연말 건강검진에서 과체중 이상으로 분류된 사람들이라면 올해 체중 감량 목표치를 체질량지수(BMI) 분류에 따라 세울 필요가 있다.   체질량지수는 몸무게(㎏)를 키의 제곱(㎡)으로 나눈 값이다. 비만 여부를 쉽게 측정할 수 있고 시간 변화에 따른 변화를 측정하는 데에 유용해 가장 널리 사용되는 비만 측정법이다.   국민건강보험공단이 WTO 서태평양지역사무처(WPRO)의 기준을 준용해 사용하는 체질량지수 분류에 따르면 정상 체질량지수 범위는 18.5~22.9이며, 과체중은 23~24.9, 비만은 25~29.9, 고도비만은 30~34.9, 초고도비만은 35이상이다.   이를테면 키 1.9m에 몸무게 137㎏인 사람의 체질량지수는 38.95로 초고도비만이다. 같은 키에 몸무게가 73㎏이라면 체질량지수는 20.22로 정상에 해당한다.   체질량지수 분류에 따라 체중감량 목표치를 세우고 매일 몸무게를 재며 음식조절에 신경 쓴다면 체중감량 목표 달성에 도움이 될 수 있다.   체질량지수를 포털사이트에서 검색하면 키와 체중, 나이만 입력하면 자동으로 계산해주는 계산기가 바로 나오므로 간편하게 확인할 수도 있다.   또한 스마트폰 앱과 연동해 매일 측정한 체질량지수를 자동으로 기록·분석해주는 체중계도 있다. 아이에스동서가 지난해 출시한 이누스의 스마트 체중계 '제라100(XERA100)'은 스마트폰 이누스헬스 앱과 연동해 체중과 체지방, 체질량지수는 물론 수분, 골격량, 기초대사량, 근육량, 내장지방 등 8가지 데이터를 제공해 유용하다.      ▶▶[급등임박] 2019년 정부정책 최대수혜주 Top5 (바로확인)   ※주목※ 총 수수료 0원+월 0.4%대 금리 ▶ 저비용고수익 실현해볼까? (바로 가기)     [파워 인터뷰]      [관련기사] ☞ SKY캐슬 윤세아♥김병철 중년 로맨스…'4살 나이 차' ☞ 만원짜리 땅이 21배 껑충...시골 땅이 금싸라기 된 이유 ☞ '승리 사임' 버닝썬 ""물게 골뱅이 구함""…성관계 영상도 촬영 ☞ 아픈데 ""자고 가라""는 시어머니…남편이 나섰다 ☞ 공매도의 '멘붕'…삼성전자·하이닉스 반등에 ""앗뜨거""      ▶▶[급등임박] 2018년 하반기 ""정부정책"" 수혜주 TOP 10 긴급공개(바로확인)   저금리 고수익의 비밀, 1644-6960 키워드림론에서확인       김유경 기자 yunew@mt.co.kr    <저작권자 ⓒ '돈이 보이는 리얼타임 뉴스' 머니투데이, 무단전재 및 재배포 금지>"
37,4,"2019-02-05","08:00:00","외국인노동자 100만시대…노동 '수입>수출' 고착화","해당 자료가 없습니다."
37,5,"2019-02-05","08:00:00","정유 4사, 작년 4분기 합산 1조원대 ‘동반 적자’","- 4사 합산 영업손실 규모 1조원 초과  - 올해는 ‘IMO 2020’ 효과 선제 반영 기대     [사진=SK이노베이션 울산콤플렉스 전경]  [헤럴드경제=이세진 기자] 작년 4분기 국내 정유 4사가 사상 최초로 동반 적자를 기록했다.   5일 관련 업계에 따르면 SK이노베이션과 GS칼텍스, S-OIL, 현대오일뱅크 등 정유 4사의 지난해 4분기 합산 영업손실 규모는 1조136억여원에 달했다.   3분기까지 무난한 실적을 유지하던 정유업계는 4분기 국제유가 급락과 정제마진 악화로 실적 직격탄을 맞았다.   국제유가는 작년 3분기 배럴당 70달러 중반까지 올랐다가 이후로 급락했다. 정제마진도 손익분기점을 하회하면서 실적에 악영향을 미친 것으로 나타났다.   SK이노베이션은 4분기 매출액 13조9481억원을 기록했지만 영업손실은 2789억원이었다. GS칼텍스는 2670억원, 현대오일뱅크는 1753억원의 영업손실을 각각 기록했다. S-OIL은 같은 기간 2924억원의 영업손실을 기록했다.  이는 2014년 국제유가가 급락하며 대규모 영업손실을 기록한지 4년여만의 ‘적자 쇼크’다. 당시 적자 행진에현대오일뱅크는 빗겨갔지만 이번엔 예외가 없었다.  실적부진은 4분기 유가 급락에 따른 대규모 재고평가 손실이 반영된데다 정제마진도 대폭 하락해 정유 사업의 수익성이 크게 악화된 데 따른 결과다.   실제로 작년 4분기 평균 국제유가는 WTI 기준 58.7달러, 두바이유는 67.3달러로 전분기에 비해 큰 폭 하락해 재고평가 손실에 큰 영향을 미쳤다.  정유사 이익과 직결되는 정제마진 역시2~3달러 대 최저선을 유지하며 손익분기점을 밑돌고 있어 적자가 불가피한 상황이 지속됐다.   정유업계 관계자는 “유가하락으로 재고평가 손실분이 크게 부각됐지만 이보다 중대한 요인은 정제마진 하락이었다”며 “겨울철 난방 수요로 정제마진 정상화를 기대했지만 반등 기미가 보이지 않았고, 근본적으로 경기하락 국면에 있다는 위기감이 큰 상황”이라고 설명했다.  작년 4분기 실적 바닥을 찍은 정유사들은 올해 반전을 희망하고 있다.   실제 연말 OPEC을 비롯한 산유국의 감산이 진행되며 국제유가가 소폭 반등추세를 보이고 있다.   또 내년 1월부터 시행되는 ‘IMO 2020’에 대비해 선제적으로 준비한 고부가 저유황유 생산이 실적을 견인할 것이라는 기대도 크다. 국제해사기구(IMO)가 선박 황산화물 규제에 나서겠다고 밝히면서 국내 정유 4사는 저유황유 생산시설에 선제적으로 투자해 왔다.   업계 관계자는 “봄철 드라이빙 시즌에 들어서며 정제마진이 회복하고 하반기부터 IMO 황함량 규제에 대한 가수요가 발생하기 시작하면 실적 회복이 가시화될 것”이라고 설명했다.  jinlee@heraldcorp.com          [프리미엄 링크] ◆ [평생무료] ""주식카톡방"" 대박주를 추천받는데 100원도 안낸다~ ◆ 무료O, 회원가입X. 바로보는 증권전문가의 실시간 라이브방송. ◆ <긴급> 세력 매집 포착, 지금 매수하면 200% 투자수익 달성!  10%수익을 40%로 만들어 준다고?? 영웅스탁론이라면 가능~! [영웅스탁론]효과적인 레버리지를 이용하여 수익률을 4배로!!   2019년은 바이오株! 셀트리온 160배 능가할 제2의 셀트리온?!   삼성이 탐내는 바이오기업! 3000%↑실적폭증! 전세계 30조 시장선점! 10년만의 대박기회!!   [오늘의 인기기사] ◆ [국대스탁론]업계 최저금리 2.29%! 100%한종목 투자가능+신용/ 미수 대환가능 ◆ [마감임박] '급등주 문자메시지' 100% 무료로 받아보기! ◆ ‘더 빠질 곳이 없는’ 초저평가 숨은 南北경협 테마株! ◆ 똑똑해진 소비자..한국도 이젠 소형차 시대 ◆ 2020년 한국 TV 2대중 1대 인터넷 연결된다"
37,6,"2019-02-05","08:00:00","중국의 AI 굴기…미국도 추월했다","지난해 의사 자격시험에 합격한 인공지능 로못 ‘샤오이’ [연합]  [헤럴드경제=정순식 기자]중국의 AI(인공지능) 산업이 비약적으로 발전하고 있다.  5일 산업은행미래전략연구소의 중국 AI 발전 현황 및 시사점 보고서에 따르면 2017년 중국 정부는 AI를 국가전략산업으로 채택하고 AI 발전 3단계 목표를 제시하고 있다. 오는 2020년까지 AI 기술응용 선진국(연관산업 매출액 1500억 위안)으로 육성한 뒤, 2025년 AI 기초이론 및 기술 선도국가(연관산업 매출액 4000억 위안), 2030년 글로벌 AI 혁신 강국(연관산업 매출액 1조 위안, 생산유발효과 10조 위안)에 도달한다는 목표다.  이 정책추진에 힘입어 공공기관을 시작으로 컴퓨터비전 등 AI 기술 응용이 가속화하고 있다.   중국 정부는 공공안전 프로젝트 추진의 일환으로 전국 범위에 컴퓨터비전 기술을 적용한 영상감시 네트워크를 구축하고 알리바바, 화웨이 등과 협력하여 스마트 시티 건설을 추진 중이다.  금융 분야의 AI 응용(AI 리스크관리, 로보어드바이저 등)도 증가하고 있다. AI 알고리즘 업체 4Paradigm은 5대 국유은행으로부터 공동 투자를 유치하기도 했다.   이에 지난해 중국 AI 시장규모(매출기준)는 약 339억 위안, 그 중 컴퓨터비전 및 음성 인식 기술 시장 규모가 전체 AI 시장의 59% 차지한다.  중국 정부는 바이두, 텐센트 등 대기업을 AI 혁신플랫폼으로 선정해 자율주행, 스마트의료 등 첨단 분야에서의 기술개발 추진 및 중소기업과의 협력을 유도한다는 계획이다.  바이두는 스마트카 중심의 AI 생태계 구축 전략인 ‘All-in-AI’를통해 자율주행 시스템 Apollo, 음성인식시스템 DuerOS, 클라우드 AI칩 쿤룬 등을 개발 중이다. 텐센트는 의료와 AI 기술의 융합을 목표로 2016년 iCarbonX, VoxelCloud 등 AI 의료업체에 투자했고, 화웨이는 AI칩 설계업체 Cambricon과 협력해 2017년 글로벌 최초로 NPU(신경망 연산전용 프로세서)를 탑재한 Kirin970를 개발했다.  이에 지난해 1월부터 9월 사이 바이두, 텐센트, 알리바바, 앤트파이낸셜의 AI 투자는 128억 달러에 달한다. 이는 미국 경쟁업체 알파벳(구글), 아마존, 애플, 페이스북의 투자 합계(17억 달러)를 크게 초과(Pitchbook, 2018년 10월)하는 규모다.  실제 중국은 정부 지원과 대기업의 AI 기술투자 급증 등에 힘입어 2017년 중국 AI 스타트업에 대한 투자규모가 미국을 추월한 상태다. 2017년 전세계 AI 스타트업에 투자된 152억 달러 가운데 중국은 48%를 차지하며 미국(38%)을 추월(CB Insights, 2018년 2월)했고, 2015년 이후 중국 AI 분야 PE/VC 투자규모는 연평균 70%의 높은 증가세를 보이고 있다.  중국의 AI 발전에는 정부의 전폭적인 지원과 신성장 기업들의 적극적인 기술 투자가 큰 역할을 발휘했다는 분석이다.  연구소의 김 서 중국리서치팀 연구원은 “한국은 AI 기술 경쟁에서 주도권 확보를 위해 정부의 장기적이고 체계적인 지원과 함께 한국 기업의 혁신기반과 높은 자동화 생산성에 입각한 맞춤형 발전 방안을 마련할 필요가 있다”고 설명했다.  sun@heraldcorp.com          [프리미엄링크] ◆ [평생무료] ""주식카톡방"" 대박주를 추천받는데 100원도 안낸다~ ◆ 무료O, 회원가입X. 바로보는 증권전문가의 실시간 라이브방송. ◆ <긴급> 세력 매집 포착, 지금 매수하면 200% 투자수익 달성!  10%수익을 40%로 만들어 준다고?? 영웅스탁론이라면 가능~! [영웅스탁론]효과적인 레버리지를 이용하여 수익률을 4배로!!   2019년은 바이오株! 셀트리온 160배 능가할 제2의 셀트리온?!   삼성이 탐내는 바이오기업! 3000%↑실적폭증! 전세계 30조 시장선점! 10년만의 대박기회!!   [오늘의 인기기사] ◆ [국대스탁론]업계 최저금리 2.29%! 100%한종목 투자가능+신용/ 미수 대환가능 ◆ [마감임박] '급등주 문자메시지' 100% 무료로 받아보기! ◆ ‘더 빠질 곳이 없는’ 초저평가 숨은 南北경협 테마株! ◆ 똑똑해진 소비자..한국도 이젠 소형차시대 ◆ 2020년 한국 TV 2대중 1대 인터넷 연결된다"
37,7,"2019-02-05","08:00:00","수소차 시대 앞당긴다는데…현실화까진 ‘산 넘어 산’","- 수소 압축방식에도 저장 탱크 용량 제한적 - 방열면적 키우려 차체 키울 수도 없는 노릇 - 효율 높이고 원가 낮춰야 경쟁력 확보 가능    수소전기차 넥쏘의 충전 모습[현대차 제공]  [헤럴드경제=정찬수기자]정부의 ‘수소경제 활성화 로드맵’에 따라 현대자동차가 수소차에 대한 대규모 투자계획을 발표한 가운데 장기적으로 부담요인이 될 수 있다는 주장이 나왔다. 주행 성능 등 상품성에서 전기차에 뒤처져 있고, 기술이 발전하더라도 태생적인 한계 때문에 전기차 수요를 넘어설 수 없다는 논리다.  한화투자증권은 최근 ‘수소전기차 스트레스 테스트(Stress Test)’ 보고서를 통해 수소차에 대한 투자 확대가 현대차와 관련 부품사들에 장기적인 부담감으로 작용할 가능성이 높다고 분석했다.      [한화투자증권 제공]  수소 저장 탱크의 한계가 첫 번째 이유다.   수소전기차는 자연계에서 가장 가벼운 물질인 수소를 주입해 달린다. 충분한질량을 위해 저장공간의 대형화는 필수적이다. 이를 완성차 업체들은 수소를 고압으로 압축하는 방식을 채택했다.  탱크의 제한적인 공간은 주행거리의 효율성을 떨어뜨린다. 주입 압력이 높을수록 열에너지는 증가하지만, 용량은 늘지 않는다.   고압저장 탱크의 수를 늘리는 것이 대안이다. 실제 투싼에는 저장 탱크가 2개, 넥쏘엔 3개가 탑재돼 있다. 저장 탱크의 증가는 원가 증가로 이어진다.  열관리 기술의 개선도 시급하다.   같은 출력에서 수소차는 내연기관보다 라디에이터의 방열 면적이 4배에 달한다. 차량에다수의 라디에이터를 배치하기엔 구조적으로 불가능하다.   결국 연료전지의 출력이 높을수록 방열 면적은 비례해야 한다. 수소차가 큰 차체에 비해 출력이 낮은 이유다.   결과적으로 차체는 무겁고 동력성능은 나빠지는 악순환을 초래할 수 있다. 차세대 연료전지가 개발되면 출력 밀도가 높아지겠지만, 방열 문제는 아직 완성차 업계의 ‘넘어야 할 산’이다.  태생적으로 낮은효율도 수소경제와 모순되는 요소다.   수소를 전기 에너지로 생산한다는 점을 고려하면 결국 같은 전기로 운행할 수 있는 전기차가 수소차보다 우위에 설 수밖에 없다. 고비용 인프라에도 태양광이나 풍력 등 친환경 발전소에서 생산한 전기로 전기차를 운용하는 것이 경제적이란 결론에 도달한다.  유지 관리 비용도 만만찮다. 연료전지는 배터리처럼 영구적으로 사용할 수 없다. 냉각수 교환 비용은전기차와 내연기관에 비교가 되지 않을 정도로 비싸다. 보증기간이 길더라도 전용 화학 필터 교환 비용 역시 운전자에겐 부담이다.  결국 수소차의 대중화로 원가가 얼마나 떨어지느냐가 관건이다.   현대차가 50만대 생산체계를 갖추는 2030년엔 연료전지 촉매인 백금류 사용량이 줄어 원가가 1kW당 30달러에 수렴할 것으로 전망된다. 관련 부품과 소모품의 가격이 얼마나 낮아질지는 미지수다.   류연화 한화투자증권 연구원은 “전기차의 40% 수준인 에너지 효율을 개선하고, 전기 분해 열손실을 20%에서 10% 이하로 줄이는 것이 수소차 대중화의 현실적인 과제”라며 “수소차가 경제성이 있다는 판단에 정부의 로드맵과 현대차의 대규모 투자 결정이 이뤄졌겠지만, 2030년에 가서 더 발전한 전기차와 경쟁하기엔 버거울 수있다”고 분석했다.  andy@heraldcorp.com          [프리미엄 링크] ◆ [평생무료] ""주식카톡방"" 대박주를 추천받는데 100원도 안낸다~ ◆ 무료O, 회원가입X. 바로보는 증권전문가의 실시간 라이브방송. ◆ <긴급> 세력 매집 포착, 지금 매수하면 200% 투자수익 달성!  10%수익을 40%로 만들어 준다고?? 영웅스탁론이라면 가능~! [영웅스탁론]효과적인 레버리지를 이용하여 수익률을 4배로!!   2019년은 바이오株! 셀트리온 160배 능가할 제2의 셀트리온?!   삼성이 탐내는 바이오기업! 3000%↑실적폭증! 전세계 30조 시장선점! 10년만의 대박기회!!   [오늘의 인기기사] ◆ [국대스탁론]업계 최저금리 2.29%! 100%한종목 투자가능+신용/ 미수 대환가능 ◆ [마감임박] ' 급등주 문자메시지' 100% 무료로 받아보기! ◆ ‘더 빠질 곳이 없는’ 초저평가 숨은 南北경협 테마株! ◆ 똑똑해진 소비자..한국도 이젠 소형차 시대 ◆ 2020년 한국 TV 2대중 1대 인터넷 연결된다"
38,1,"2019-02-05","07:44:41","CNN ""한미, 주한미군 방위비 잠정합의""","한국과 미국이 주한미군 방위비 분담금에 대한 잠정 합의에 도달했다고 미국 CNN방송이 4일(현지시간) 보도했다.  CNN은 두명의 국무부 관리를 인용해 새 한미방위비분담금특별협정(SMA)에 따라 한국은 분담금을 10억달러에 가까운 규모로 확대하기로 했으며, 이는한국이 지난 5년간 부담해온 연간 약 8억 달러보다 증가한 것이라고 전했다.  계약 기간은 1년이며 1년 더 연장할 가능성이 있다고 이 방송은 국무부 소식통을 인용해 보도했다.  이에 따라 한미 당국은 올해 하반기 같은 문제로 또다시 협상 테이블에 앉아야 하고, 트럼프 행정부는 또다시 추가 분담을 요청할 가능성이 있다고 CNN은 전했다.  CNN에 따르면 국무부 한 관리는 ""(한미) 양측 모두 가급적 빨리 남아 있는 기술적 문제들을 조율하는 데 전념하고 있다""고 밝혔다.  이번 한미 간 합의로 도널드 트럼프 미국 대통령이 김정은 북한 국무위원장과 다가오는 2차 북미 정상회담에서 주한미군 철수 결정을 할 수 있다는 트럼프 대통령 참모들의 걱정을 일단 덜게 됐다고 CNN은 분석했다. 그러나 CNN은 트럼프 대통령이 이 합의를 재가했는지는 불투명하다고 보도했다.  한경닷컴뉴스룸 open@hankyung.com     관련기사 비건 ""주한미군 철수 논의한 적 없어…논의대상 아냐"" 美하원 ""주한미군, 트럼프맘대로 못 줄인다""…감축 제한법 초당적 발의 진통 겪는 '방위비 협상'…韓·美, 총액형→소요형 전환해 출구 찾나 美하원 '주한미군 감축제한' 초당파 발의…""2만2000명 이하 불가"" 빌리언 vs 밀리언…막판 '단위싸움' 돌입한 한·미 방위비 분담금 협상    ⓒ 한국경제 & hankyung.com,무단전재 및 재배포 금지"
38,2,"2019-02-05","07:44:00","마세라티, 2월 한 달간 '로맨틱 캠페인' 진행","마세라티가 발렌타인데이를 맞이해 전국 10개 전시장에서 고객에게 다양한 선물을 증정하는 '로맨틱 캠페인'을 2월 한 달 동안 진행한다. 우선 마세라티는 행사 기간 신차를 구매하는 고객을 대상으로 각 전시장별 1명을 추첨해 럭셔리 호텔 숙박권과 뮤지컬 VIP 공연 관람권을 증정하는 '마세라티 로맨틱 패키지'를 마련했다. 연인과 함께 럭셔리한 호텔에서 휴식을 취하고 문화생활을 보다 즐겁게 누릴 수 있는 기회를 제공한다. 이 외에도 오는 10일까지 전시장방문 및 시승 고객에게 영화 관람권을 증정하고, 11~28일까지는 마세라티 고급 수제 초콜릿을 선물한다. 이번 캠페인에 대한 자세한 내용은 전국 10개 마세라티 전시장을 통해 상담 받을 수 있다. longss@fnnews.com 성초롱 기자  ▶▶2019년 상반기 ""정부정책"" 최대수혜주 TOP 10 긴급공개(바로확인) ▶▶[초대박종목 실시간 공유]◀◀ ""누적수익률 343.9%"" 공짜로 확인!!→<<즉시 무료발송!>>  [파이낸셜뉴스 주요뉴스]  → 백두산 폭발? 산 주변서 일어나는 불길한 징조 → 65세 노인 시가 5억원 집 맡기면 주택연금 얼마나 받나 → 민주당 지지율 38.2%로 하락.. 한국당은 ""이럴 수가"" → 18년된 로또, 최저 당첨금 4억.. 최고액은 무려 → 심장에 박혔던 이쑤시개 발견.. 알고보니 4년 전에  ▶ 이 종목 하나면 억대계좌 달성가능!<3시간만 무료공개>  ▶▶[급등임박 공개]◀◀ 2019년 상반기 ""정부정책""수혜주 TOP 10 긴급공개 >>> (바로확인)  ※ 저작권자 ⓒ 파이낸셜뉴스. 무단 전재-재배포 금지 "
38,3,"2019-02-05","07:41:00","폭스바겐, 제네바 모터쇼서 순수 전기 컨셉카 최초 공개","폭스바겐은 미국식 듄 버기(Dune Buggy)를 모델로 한 순수 전기 컨셉카를 오는 3월 열리는 2019 제네바 모터쇼에서 세계 최초로 선보인다.  5일 업계에 따르면 폭스바겐이 새롭게 선보이는 이 컨셉카는 전기차 전용 MEB 플랫폼을 기반으로 설계됐다.  순수 전기차 버기의 컨셉은 캘리포니아에서 큰 인기를 끌었던 역사적인 이전 세대에 바탕을 두고 있다. 완전히 재해석돼 탄생한 전기차 버기는 고정된 지붕이나 일반적인 형태의 문을 없앰과 동시에 오프로드 타이어가 장착된 독립형 휠과 오픈 사이드 실을 장착해 이전 세대의 스타일을 충실히 살린 전체적인 외관을 완성한 것이 특징이다. 폭스바겐의 클라우스 비숍 디자인 부문 책임자는 “버기의 속성을 고스란히 ‘e-버기‘에 구현했는데, 이는 클래식 차량에 대한 현대적인 새로운 해석이며, 무엇보다 e-모빌리티가 창출해낼 수 있는 감성적인 유대감이 무엇인지를 보여준다“고 설명했다.  longss@fnnews.com 성초롱 기자  ▶▶2019년 상반기 ""정부정책"" 최대수혜주 TOP 10 긴급공개(바로확인) ▶▶[초대박종목 실시간 공유]◀◀ ""누적수익률 343.9%"" 공짜로 확인!!→<< 즉시 무료발송!>>  [파이낸셜뉴스 주요뉴스]  → 백두산 폭발? 산 주변서 일어나는 불길한 징조 → 65세 노인 시가 5억원 집 맡기면 주택연금 얼마나 받나 → 민주당 지지율 38.2%로 하락.. 한국당은 ""이럴 수가"" → 18년된 로또, 최저 당첨금 4억.. 최고액은 무려 → 심장에 박혔던 이쑤시개 발견.. 알고보니 4년 전에  ▶ 이 종목 하나면 억대계좌 달성가능!<3시간만 무료공개>  ▶▶[급등임박 공개]◀◀ 2019년 상반기 ""정부정책""수혜주 TOP 10 긴급공개 >>> (바로확인)  ※ 저작권자 ⓒ 파이낸셜뉴스. 무단 전재-재배포 금지 "
38,4,"2019-02-05","07:40:27","'자유무역' 매개로 가까워진 독일과 일본","아베 신조(安倍晋三) 일본 총리와 앙겔라 메르켈 독일 총리가 정상회담을 갖고 기밀정보 교환이 가능한 정보보호 협정을 체결하기로 큰 틀에서 합의했다. 특히 미·중 무역갈등 등 보호무역주의 움직임이 가속되는 가운데 제조업 강국인 독일과 일본이 ‘자유무역’ 을 매개로 경제분야 협력을 강화키로 나서 주목된다.  5일 일본 주요 언론에 따르면 아베 총리와 메르켈 총리는 전날 오후 도쿄에있는 총리관저에서 회담하고 안보와 경제 분야 협력을 강화키로 합의했다. 안보 분야에선 정보보호 협정을 체결키로 한 점이 눈에 띈다. 협정이 체결되면 양국 간 군사기밀과 테러 정보 등의 교환이 용이하게 된다.  경제 분야 협력도 가속화될 전망이다. 아베 총리는 “자유롭고 열린 경제 시스템을 유지하고 강화하기 위해 일본과 독일이 긴밀하게 협력해 갈 것”이라고 말했다. 메르켈 총리도 “ 독일과 일본은 규칙에 근거한 질서를 대표하는 국가”라며 “양국간 협력은 매우 중요하다”고 말했다.  니혼게이자이신문은 메르켈 총리가 3년만의 일본 방문에서 일본과의 경제협력을 더 갈구하는 모습이었다고 분석했다. 지금까지는 일본 보다 중국을 우선시하는 정책을 취해왔지만 자유무역을 지키기 위해 힘을 합칠 상대로 일본을 중시하기 시작했다는 것이다. 중국에서 기술유출 우려가 커지는 점도 추가적인 친중국 행보를 가로막는 요인으로 거론됐다. 지금까지 메르켈 총리는 2005년 집권 이후 중국은 11번 방문했지만 일본은 5번 방문하는데 그쳤다.  양국은 또 차세대 경제 경쟁력을 좌우하는 인공지능(AI)과 빅데이터 분야에서도 보조를 맞추기로 했다.  도쿄=김동욱 특파원 kimdw@hankyung.com    관련기사 '입주 폭탄' 이제 시작인데…전세가 2억씩 폭락 '우군' 일본회의가 아베 총리에 유감 표명, 왜? 5000원짜리 호두과자 팔아 번 돈이 무려… ""결혼 후 매달 용돈 50만 원씩보내라구요?"" 日아베·獨메르켈, 기밀정보 교환 협정 체결 큰 틀 합의    ⓒ 한국경제 & hankyung.com, 무단전재 및 재배포 금지"
38,5,"2019-02-05","07:40:01","명절 후 찐 살, 이제부터 다이어트하려면","설 명절이 지나면 쉬는 동안 지속적으로 음식을 섭취하기 때문에 2~3㎏은 금세 늘어난다. 이 때문에 명절이 지나면 다이어트를 하려는 사람들이 늘어나게 된다.  서울아산병원 영양팀 윤수영 과장은 ""평소에도 살이 찌지 않기 위해서는 채소를 먼저 섭취하고 고기, 밥, 디저트 순으로 먹는 것이 좋다""며 ""나물은 육적이나 어적 등의 고기반찬과 함께 섭취하면 식이섬유로 인해 포만감이 생기기 때문에 살이 덜 찔 수 있다""고 설명했다.  일반적으로 다이어트를 시작하면 굶는 방법을 선택하는 사람이 많다. 이 방법은 일시적으로 체중감량을 할 수 있지만 체지방보다는 대부분 근육과 수분이 빠진다. 또 칼슘이 빠져나가면서 골밀도 감소가 발생하는 것도 문제다.  물론 명절 때 급하게 찐 살은 다이어트를 하면 대부분 이전 체중으로 돌아오는 경우가 많다. 따라서 며칠간 식이조절을 하는 것이 좋다.  ■적절한 음식 섭취와 운동이 중요  하지만 살을 빼기 위해 보조제 섭취로 다이어트를 대신하는 것도 건강에는 좋지 않다. 다이어트보조제의 경우 식욕억제, 탄수화물 흡수 억제, 포만감 등 다양한 방법으로 체중감량에 도움을 준다. 하지만 보통 식이조절에 집중돼 있고 부족한 영양섭취는 결국 뼈 건강에악영향을 미치게 된다.  운동을 하지 않는 다이어트 또한 기초대사량을 떨어뜨려 실패로 이어질 확률이 높다. 적은 음식섭취에도 체중이 증가하게 되면서 더욱 무리한 식이조절을 유발하는 악순환만 초래할 뿐이다.  또 지나친 유산소운동도 금물이다. 과도한 땀 배출은 칼슘배출도 늘리기 때문에 골밀도 감소로 이어질 수 있다. 지나치게 운동을 많이 하면 살이 빨리, 많이 빠질 것 같지만 그렇지 않은 경우도 있다. 피로물질인 젖산의 축적이 가속화되며 근육의 피로가 누적되는 과정에서 지방분해가 더 어려워지기도 한다. 따라서 평소보다적게 음식을 섭취하고 몸에 무리가 가지 않을 정도의 유산소운동을 하는 게 좋다.  ■다이어트 정체기 극복해야  바노바기 성형외과 반재상 대표원장은 ""다이어트 초기에는 비교적 체중 감량의 속도가 빠르다""며 ""하지만 몸무게가 줄었다고 살이 빠진 것이 아니기 때문에 체지방 감소를 돕는 유산소 운동을 꾸준히 해야 한다""고 설명했다.  운동과 식이요법을 통해 성공적으로 다이어트를 이어가더라도 누구나 한 번은 고비를 만난다. 바로 체중이 더 이상 빠지지 않는 '다이어트 정체기'가 오는 것이다.이는 우리 몸이 체내 세균수 등 신체의 각종 상태를 늘 일정하게 유지하려는 항상성을 가지기 때문이다. 이러한 성질은 체중에도 적용된다.체중을 일정하게 유지하려는 신체 항상성 때문에 다이어트 정체기를 겪고 체중이 제자리로 돌아가게 된다. 이 정체기를 잘 극복해야 자신이원하던 건강하고 아름다운 몸매를 얻을 수 있다.  다이어트 정체기를 잘 극복하기 위해서는 기초대사량을 늘려야 한다. 기초대사량 감소는 먹는 양이 줄면서 오는데, 이럴 때는 단백질이 풍부한 음식을 먹고 설탕, 백미, 빵, 등 탄수화물의 섭취는 피해야 한다.     pompom@fnnews.com 정명진 기자  ▶▶2019년 상반기 ""정부정책"" 최대수혜주 TOP 10 긴급공개(바로확인) ▶▶[초대박종목 실시간 공유]◀◀ ""누적수익률 343.9%"" 공짜로 확인!!→<<즉시 무료발송!>>  [파이낸셜뉴스 주요뉴스]  → 백두산 폭발? 산 주변서 일어나는 불길한 징조 → 65세 노인 시가 5억원 집 맡기면 주택연금 얼마나 받나 → 민주당 지지율 38.2%로하락.. 한국당은 ""이럴 수가"" → 18년된 로또, 최저 당첨금 4억.. 최고액은 무려 → 심장에 박혔던이쑤시개 발견.. 알고보니 4년 전에  ▶ 이 종목 하나면 억대계좌 달성가능!<3시간만 무료공개>  ▶▶[급등임박 공개]◀◀ 2019년 상반기 ""정부정책""수혜주 TOP 10 긴급공개 >>> (바로확인)  ※ 저작권자 ⓒ 파이낸셜뉴스. 무단 전재-재배포 금지 "
38,6,"2019-02-05","07:39:59","<표> Nymex Harbor RBOB Gasoline 체결가","YEAR           OPEN            OPEN     HIGH      LOW   SETTLE     CHG     HIGH      LOW        INT  MAR 19  1.4752   1.4850   1.4074   1.4323  -.0046   1.4850   1.2790    144,566  APR 19  1.6442   1.6562   1.5959   1.6200  -.0148   1.6693   1.4624     73,990  MAY 19  1.6569   1.6699   1.6122   1.6374  -.0130   1.6833   1.4751     46,445  JUN 19  1.6640   1.6759   1.6198   1.6447  -.0125   1.6878   1.4811     45,411  JLY 19  1.6644   1.6747   1.6196   1.6446  -.0121   1.6840   1.4890     25,608  AUG 19  1.6428   1.6480   1.6159   1.6370  -.0111   1.6718   1.4813     13,283  SEP 19  1.6191   1.6308   1.5962   1.6202  -.0096   1.6534   1.4612     19,326  OCT 19  1.5273   1.5273   1.4836   1.5090  -.0078   1.5391   1.3541     11,294  NOV 19  1.5058   1.5058   1.4650   1.4903  -.0068   1.5188   1.3377      6,760  DEC 19  1.4917   1.5000   1.4483   1.4789  -.0060   1.5086   1.3074     18,816  JAN 20  1.4666   1.4750   1.4614   1.4771  -.0053   1.5050   1.3881      6,567  Est vol 184,006    open int 413,796      다우존스 제공     2019. February. 04일  미국동부시간 17:40 (표준시 22:40)   ＜ⓒ종합 경제정보 미디어 이데일리 - 무단전재 & 재배포 금지＞"
38,7,"2019-02-05","07:39:52","<표> Nymex 원유(Crude Oil) 체결가","YEAR           OPEN            OPEN     HIGH      LOW   SETTLE     CHG     HIGH      LOW        INT  MAR 19   55.24    55.75    53.29    54.56   -0.70    55.75    44.67    457,940  APR 19   55.54    56.05    53.62    54.89   -0.66    56.05    45.07    181,412  MAY 19   55.87    56.40    54.01    55.29   -0.59    56.40    45.52    149,105  JUN 19   56.23    56.74    54.41    55.70   -0.51    56.74    45.92    237,769  JLY 19   56.46    56.99    54.75    56.05   -0.45    56.99    46.35    151,026  AUG 19   56.65    57.05    55.05    56.33   -0.38    57.05    46.60     75,922  SEP 19   56.79    57.20    55.23    56.51   -0.30    57.20    46.87     88,739  OCT 19   56.72    56.98    55.72    56.58   -0.24    57.02    47.09     65,167  NOV 19   57.00    57.15    55.41    56.58   -0.18    57.15    47.27     50,758  DEC 19   56.69    57.18    55.12    56.52   -0.13    57.18    47.40    175,754  JAN 20   56.02    56.50    55.67    56.43   -0.07    56.60    47.83     42,394  FEB 20   55.86    56.28    55.50    56.32   -0.02    56.46    47.96     21,310  MAR 20   56.30    56.30    55.36    56.20   +0.01    56.30    50.39     43,820  JUN 20   55.83    56.22    54.48    55.89   +0.06    56.22    48.19     61,102  DEC 20   55.36    55.60    54.00    55.32     ...    55.60    48.97     98,869  JUN 21   54.91    54.91    53.95    54.75   -0.02    55.48    49.83     16,683  DEC 21   54.53    54.55    53.33    54.43   -0.06    55.60    50.27     25,305  DEC 22   54.11    54.11    53.15    54.03   -0.16    55.71    51.24     11,658  Est vol 1,130,565    open int 2,073,508      (END) Dow Jones Newswires     2019. February. 04일  미국동부시간 17:40 (표준시 22:40)   ＜ⓒ종합 경제정보 미디어 이데일리 - 무단전재 & 재배포 금지＞"
39,1,"2019-02-05","07:10:05","[전망썰쩐]5대 증권사 ""SK텔레콤·스튜디오드래곤 투자유망""","SK텔레콤, 3월 5G 스마트폰 출시로 실적 상승 '예상'  스튜디오드래곤, 글로벌 OTT 사업자들과 콘텐츠 제작 등 '사업 확장' 기대     주요 5대 증권사 리서치센터장들이 2019년 구정 이후 투자유망주로 SK텔레콤을 선정했다. 5명 중 3명이 꼽았다. 오리온과 LG화학도 각각 두 표씩을 받았다. 코스닥시장에선 스튜디오드래곤을 주목하는 증권사가 많았다.    ◆유가증권시장 주인공은 'SK텔레콤'…오리온·신세계도 주목  5일 미래에셋대우 삼성증권 NH투자증권 KB증권 한국투자증권 등 국내 초대형 투자은행(IB)의 리서치센터장들에게 연휴 이후 '최선호주(톱픽)'에 대해 물었다. 삼성증권 NH투자증권 KB증권이 SK텔레콤을 유가증권시장 톱픽으로 선정했다.   SK텔레콤은 5세대(5G) 통신 시대의 도래로 수혜를 받을 것이란 전망이다. 다음달 이후 5G 스마트폰 출시가 본격화하면서 가입자 증가와 실적 상승이점쳐진다.   오현석 삼성증권 리서치센터장은 ""5G 시대 개막으로 수혜를 볼 것""이라며 ""지배구조 개편과 모빌리티·콘텐츠 사업 선도에 대한 기대감도 유효하다""고 말했다.   지난달 31일 실적설명회에서 SK텔레콤은 지배구조 개편과기업가치 제고를 지속적으로 검토하고 있다고 발표했다. 회사 측은 ""정보통신기술(ICT) 사업을 강화하고 있으며 11번가 구조재편과 투자유치, ADT캡스 및 인포섹 인수 등으로 자생 가능한 성장 기반을 마련했다""며 ""ICT 구축이 완료되는 시기에 지배구조 변화를 마무리할 것""이라고 밝혔다.   올해 배당금이 늘어난다는 점도 긍정적이다. 그간 반영하지 않았던 SK하이닉스의 배당을 SK텔레콤의배당과 연계하는 방안을 검토 중이다. 기말배당은 9000원을 유지하고, 중간배당은 자회사 수익의 일정부분을 제공해 기존(1000원)보다 더 많은 금액을 배정할 계획이다. NH투자증권은 중간배당이 2000원으로 정해질 것으로 예상했다. 이는 배당수익률로 4.4% 수준이다.  오리온과 신세계도 투자유망주로 꼽혔다. 오리온은 삼성증권과 NH투자증권이, 신세계는 NH투자증권과 한국투자증권이 각각 추천했다.   오리온은 다양한 제품 구성으로 세계 전 지역에서 고른 실적 성장이 기대된다는 평가를 받았다. 이창목 NH투자증권 리서치센터장은 ""올해는 고고도 미사일방어체계(사드)로 인해 감소했던 중국 매출이 완연하게 회복할 것으로 전망되며, 베트남과 러시아도 고성장을 유지할 것""이라며 ""고정비 감소로 매출 증가에 따른 영업이익 확장은 더 두드러지며 국내에서도 안정적으로 성장할 것""이라고 분석했다.   신세계는 중국 관광객의 수혜가 기대된다. 윤희도 한국투자증권 리서치센터장은 ""소비 양극화 수혜 산업인 백화점 중 대형 점포를 다수 보유해 탄탄한 실적을 나타낼 것""이라며 ""단체관광 재개 시 명동 면세점의 지리적 이점이 다시 부각될 것""이라고 예상했다.   이창목 센터장도 ""올해 중국의 한국행 온라인 단체관광상품 판매와 크루즈, 전세기 노선 증가로 중국인 입국자수가 의미있게 증가할 것""이라며 ""일반 관광객 유입으로 매출이 다변화되며 면세점 관련주의 변동성도 줄어들 것""이라고전망했다.   이 외 LG화학도 삼성증권과 한국투자증권이 추천했다. 윤희도 센터장은 ""배터리 부문의 깜짝실적으로 석유화학의 부진을 만회할 전망""이라며 ""다각화된 석유화학 제품으로 실적의 하방경직성을 보유하고 있고, 배터리 시설투자(Capex) 자금을 경쟁사와 달리 내부에서 조달할 수 있다""고 했다.    ◆코스닥시장에선 '스튜디오드래곤' 독무대  코스닥시장유망주로는 스튜디오드래곤이 선정됐다. 미래에셋대우 NH투자증권 KB증권은 투자유망주로 스튜디오드래곤을 꼽았다. 이 외의 복수 추천종목은 없었다.   스튜디오드래곤은 세계 온라인동영상서비스(OTT) 사업자들과의 콘텐츠 제작 등 사업 확장 기대감이 있다. OTT가 확장되는 시기에 국내 드라마에 대한 수요 증가는 지적재산권(IP) 판매 및 콘텐츠 제작물량 증가로 이어질 것이란 예상이다.   구용욱 센터장은 ""글로벌 OTT 경쟁이 확대되는 가운데 콘텐츠에 대한 가치가 상승할 것""이라며 ""올해도 고성장을 지속할 것으로 보인다""고 내다봤다.   OTT 사업자들이 원하는 역량을 갖춘 만큼 마진이 좋은 드라마 비중이 높아질 것이라는 관측도 나온다. 이창목 센터장은 ""연간 물리적 제작 능력은 26편 이상으로 일반 제작사 대비 4배 이상이며, 작가 및 연출 역량도 경쟁사 대비 우위에 있다""며 ""자본력을 지닌 글로벌 OTT로 해외 선판매가 늘어나면서 텐트폴(고예산·고마진) 드라마의 비중 확대가 가능하며, 이는 수익성 개선으로 이어질 것""이라고 전망했다.   KB증권은 같은 미디어업종인 CJ ENM을 투자유망주로 선정했다. 서영호 KB증권리서치센터장은 ""콘텐츠 중심의 고성장을 지속할 것""이라고 예상했다.   올해도 콘텐츠 경쟁력을 중심으로 광고매출이성장할 것이란 판단이다. 지난해 방송광고 매출 성장률은 20%로 종편·케이블 시장 성장률 3%를 크게 웃돌았다. '미스터선샤인' 흥행을 통해 경쟁력 있는 콘텐츠 광고단가는 여전히 상승여력이 높다는 것도 입증했다.  5대 증권사의 리서치센터장등은 바이오및 의료기기 종목에도 주목했다. 한국투자증권은 아이센스와 바텍을 선정했다. KB증권은 원자현미경 수요가 증가한다는 점에서 파크시스템스를 유망주로 꼽았다.  윤희도 센터장은 ""아이센스는 국내 스트립 방식 혈당측정기 시장점유율 1위 기업으로 미국 아시아 유럽 등에서 고성장하고 있다""며 ""바텍은 선진 시장에서 브랜드 가치가 상승 중이며 급성장하고 있는 중국 시장에서 전략제품이 효과를 거두고 있다""고 했다.   고은빛 한경닷컴 기자 silverlight@hankyung.com     ▶▶[ 급등임박 공개]◀◀ 2019년 상반기 ""정부정책""수혜주 TOP 10 긴급공개 >>> (바로확인) ▷▷[주식 AI시대 개막]◁◁ 매수·매도 자동 프로그램으로 ""月300만원""씩 버는 회사원 화제! 최저금리로 갈아탈 수 있는 마지막 버스, 신용·미수·예담 대환하고 취급수수료 할인 받자! [ 무료 주식 카톡방 ] 국내 최초, 카톡방 신청자수 38만명 돌파 < 업계 최대 카톡방 > --> 카톡방 입장하기!! ▶▶▶[초대박종목 실시간 공유]◀◀◀ ""누적 수익률 343.9%"" 공짜로 확인!!→<< 즉시 무료발송!>>     관련기사 비행기 표 지금 사면 당신은 '호갱' SKT, '멜론' 멤버십 할인혜택 없앤다…자사 플랫폼 '플로' 띄우기? 5000원짜리 호두과자 팔아 번 돈이 무려… 증권사 추천종목 사봤더니…""아!마이너스"" ""결혼 후 매달 용돈 50만 원씩 보내라구요?""    ⓒ 한국경제 & hankyung.com, 무단전재 및 재배포 금지"
39,2,"2019-02-05","07:09:01","부경대 평생교육원, 135개 강좌 수강생 모집","부경대 평생교육원은 올해 신규 강좌를 대폭 확충하고 2019학년도 1학기(제39기) 수강생 2798명을 모집하고 있다고 5일 밝혔다.  개설강좌는 △건강 △예술Ⅰ(미술·공예·사진) △예술Ⅱ(음악) △외국어 △전문 △재테크 △문화생활 등 7개 과정에 총 135개 강좌다.  부경대는 올해 사회변화에 따른 신규 강좌 개설요청을 적극 수용해 ‘공인·호신태권도’를 비롯, ‘신변안전’, ‘우쿨렐레’, ‘웰빙과 웰다잉을 위한 정통 SATI 명상’, ‘목소리를 바꾸니 자신감이 생겼다’, ‘사물인터넷과 아두이노 생활코딩’, ‘푸드테라피상담’ 등 23개의 강좌를 확충했다.  10년 이상 꾸준히 인기를 모으고 있는 장수 강좌들도 문을 연다. 예술 I 과정의 ‘수채화 교실’, ‘연필정밀’, ‘디지털사진예술과활용(기초)’, ‘사군자와문인화’ 등 강좌를 비롯해 예술II과정의 ‘부경성악클래스’, ‘바이올린’, 문화생활 과정의 ‘부경생활한자’, ‘수필창작’, ‘생활역학’ 등이 열린다.  생활을 풍요롭게 만들 수 있도록 외국어과정의 ‘여행영어 100일의 기적’, ‘여행일본어’, ‘스페인어 입문’ 등과 재테크과정의 ‘부동산재테크종합과정’, ‘실전수익형부동산투자전략’, ‘실전고급부동산경매의기초와사례’, ‘증권대학’ 등의 과정도 마련됐다.  각종 전문 자격증을 취득할 수 있는 전문교육과정으로 ‘원예치료사’, ‘노래지도강사’, ‘인지재활지도사’, ‘직업상담사’, ‘푸드예술심리상담사’, ‘생활인두화 체험버닝 지도사’, ‘독서지도사’, ‘선천적성진로상담사’, ‘한자능력검정’ 등을 개설, 자격증 취득을 돕는다.  부경대 평생교육원 강좌 수강생에게는 과정 수료 시 총장명의의 수료증을 수여하고, 수강기간 동안 부경대 도서관의 도서대출 서비스 이용 혜택도 주어진다. 수강 신청은 홈페이지나 전화로 할 수 있다.  sr52@fnnews.com 강수련 기자  ▶▶2019년 상반기 ""정부정책"" 최대수혜주 TOP 10 긴급공개(바로확인) ▶▶[초대박종목 실시간 공유]◀◀ ""누적수익률 343.9%"" 공짜로 확인!!→<<즉시 무료발송!>>  [파이낸셜뉴스 주요뉴스]  → 주목받는 '노니', 이정도 효과였어? 6주간 꾸준히 먹었더니.. → 88세에 이혼소송 제기한 할머니의 서글픈 사연 ""남편은.."" → 韓 배치될 F-35A의 가공할 능력, 출격하면 北수뇌부가.. → '몰카 유포' 논란에 다급히 귀국하는 정준영, 결국... → 한국에서 中유학생끼리 칼부림.. 마신 소주량이  ▶ 이 종목 하나면 억대계좌 달성가능!<3시간만 무료공개>  ▶▶[급등임박 공개]◀◀ 2019년 상반기 ""정부정책""수혜주 TOP 10 긴급공개 >>> (바로확인)  ※ 저작권자 ⓒ 파이낸셜뉴스. 무단 전재-재배포 금지 "
39,3,"2019-02-05","07:06:53","<딜링룸 24시…챙겨봐야할 국제경제뉴스>","-""中경제둔화…증시 기반영 vs 부양여력 줄었다"" 의견 분분      중국 경제 둔화 우려는 계속되지만, 미국과 중국 증시에 미칠 영향에 대해서는  전문가들 의견이 다소 엇갈리고 있다고 4일 월스트리트저널(WSJ)이 보도했다.      뱅크오브아메리카메릴린치(BAML) 펀드매니저 설문조사에 따르면 투자자들은 지난  해 8월부터 전달까지 중국 성장 둔화와 무역 전쟁을 증시의 가장 큰 위험 요소로 꼽  았다.      http://news.einfomax.co.kr/news/articleView.html?idxno=4015136       -WSJ ""MSCI 中비중 확대 검토 중…이번달 결정 예정""      모건스탠리캐피털인터내셔널(MSCI)의 중국 A주 비중확대 결정이 이번 달에 이뤄  질 것이라고 월스트리트저널(WSJ)이 4일 보도했다.      지난해 9월 MSCI는 MSCI 신흥국(EM) 지수에서 중국 비중을 4배로 늘리는 계획 제  안을 담은 성명을 발표했다.      저널은 ""결과가 이번 달에 나올 것으로 보인다""며 ""만약 4배로 늘어나면 중국의 7조 달러 증시에 또 다른 외국인 자금 물결이 일 수 있다""고 말했다.      http://news.einfomax.co.kr/news/articleView.html?idxno=4015138       -슈머-샌더스, 기업 자사주 매입제한 법안 추진      척 슈머 미국 민주당 상원 원내대표와 버니 샌더스 상원의원이 기업들의 자사주  매입을 제한하는 법안 발의를 추진한다.      슈머 대표와 샌더스 의원은 뉴욕타임스(NYT)에 기고한 기고문을 통해 ""기업들의  자사주 매입과 관련해 직원들과 장기적 기업을 위한 투자 등을 선제조건으로 하는  최소의 요구사항을 포함할 것""이라면서 ""법안의 목표는 자사주 매입에 대한 지나친  의존을 최소화하고 기업 자산과 관련한 생산적인 투자를 장려하기 위함""이라고 강조  했다.      http://news.einfomax.co.kr/news/articleView.html?idxno=4015141       -나스닥지수, 약세장 탈출 직전      나스닥 지수가 약세장을 벗어나 강세장에 진입하기 직전이라고 마켓워치가 4일  보도했다.      크리스마스이브에 나스닥 지수는 6,192.92까지 내렸지만, 저점을 찍고 현재 18.  2% 상승했다.      전고점 대비 20% 이상 하락하면 일반적으로 약세장 진입으로 분류된다.      http://news.einfomax.co.kr/news/articleView.html?idxno=4015142       -美 주식형펀드로 4년래 최대 자금 유입…ETF서 기록적 유출      미국 주식형 공모펀드로 33억 달러의 신규 자금이 지난달 유입된 것으로 나타났  다.      4일 트림탭스 인베스트먼트 리서치에 따르면 지난달 미국 주식형 공모펀드로 유  입된 신규 자금 규모는 2015년 2월 이후 가장 많다.      글로벌 주식형 공모펀드로도 78억 달러의 자금이 들어왔다. 2018년 3월 이후 최  대다.      http://news.einfomax.co.kr/news/articleView.html?idxno=4015135       -JP모건 ""현금부자 애플, 전략적 인수해야…넷플릭스도 그 대상""      JP모건은 현금 부자 애플이 전략적인 인수를 고려해야 한다고 주장했다. 그 대상  으로 JP모건은 넷플릭스, 액티비전 블리자드, 소노스 등 3곳을 지목했다.      애플은 2천500억 달러에 가까운 현금을 보유하고 있다고 공시했다.      JP모건은 ""애플이 그 자금을 비디오 콘텐츠 생산자로서 지위를 강화하기 위해 넷  플릭스를 인수하는 데 써야 한다""고 주장했다.      http://news.einfomax.co.kr/news/articleView.html?idxno=4015124       -1분기 S&P 500 EPS 증가율 전망치 '마이너스' 전환      올해 1분기 스탠더드앤드푸어스(S&P) 500 기업의 주당순이익(ESP) 증가율 전망치  가 마이너스(-)로 전환했다고 마켓워치가 4일 보도했다.      마켓워치는 시장의 전망이 실현된다면 약 3년 만에 기업 수익이 역성장하는 것이  된다고 설명했다.      팩트셋은 지난 1일 자로 집계된 S&P 500 포함 기업의 올해 1분기 EPS에 대한 시  장의 전망치가 -0.9%를 기록했다고 밝혔다.      http://news.einfomax.co.kr/news/articleView.html?idxno=4015122       -채권시장의 전설…'채권왕' 빌 그로스 은퇴      채권시장의 살아 있는 전설이자 원조 '채권왕'으로 불리는 빌 그로스가 야누스  헨더슨을 떠나 시장에 이별을 알렸다.      주요 외신에 따르면 야누스 헨더슨은 그로스가 본인의 자선 재단과 개인 자산 등  의 운영에 집중하기 위해 회사를 떠나기로 했다고 발표했다.      CNBC는 최고위 정책 결정권자들도 그의 발언에 귀를 기울였던 채권시장의 전설이 74살을 기해 이력에 마침표를 찍기로 했다고 평가했다.      http://news.einfomax.co.kr/news/articleView.html?idxno=4015120       -EU 대표 ""재협상 불가…전환 기간에 '안전장치' 대안 찾을 것""      유럽연합(EU)은 4일 영국의 EU 탈퇴(브렉시트) 합의문에 대해 재협상할 수는 없  지만, 브렉시트 전환 기간에 논란이 되는 아일랜드 국경문제의 '안전장치(Backstop)  '를 대체할 해법을 찾기 위해 노력할 것이라고 밝혔다.      미셸 바르니에 EU 측 브렉시트 협상 수석대표는 이날 네덜란드 헤이그에서 마르  크 뤼테 총리를 만난 뒤 트위터에 올린 글에서 이같이 말했다.      https://www.yna.co.kr/view/AKR20190205004700098?section=news       -""미국인 43%, 트럼프 행정부 업무수행 '생애 최악' 평가""      미국인 10명 중 4명가량은 도널드 트럼프 행정부의 업무수행 성과를 자신이 평생  겪은 정부 중 최악으로 평가하는 것으로 나타났다.      또한 트럼프 대통령이 국경장벽 예산을 놓고 민주당과 기 싸움을 이어가면서 국  가비상사태를 선포할 가능성이 거론되는 가운데 미국민은 비상사태 선포에 부정적 견  해를 가진 것으로 조사됐다.      https://www.yna.co.kr/view/AKR20190205002700071?section=news  (끝)  <저작권자(C)연합인포맥스뉴스. 무단 전재-재배포 금지.>"
39,4,"2019-02-05","07:05:02","기아차, 2020년형 쏘렌토 출시기념 경품 행사","기아차 2020년형 쏘렌토  기아차는 2020년형 쏘렌토 출시 기념으로 오는 28일까지 '패밀리 러브 마스터'행사를 진행한다고 5일 밝혔다.  2020년형 쏘렌토 구입고객중 추첨을 통해 바디프렌드 안마의자, LG 프라엘 LED 마스크, 닌텐도 스위치, 파리바게뜨 방품권 등 푸짐한 경품을 제공한다. 당첨자는 오는 3월 20일 기아차 홈페이지를 통해 공지된다. 2020년형 쏘렌토는 신규 다크 크롬 라디에이터그릴과 휠을 장착하고 첨단 지능형 주행안전 기술(ADAS)를 기본화해 상품성이 대폭 강화됐다.  winwin@fnnews.com 오승범 기자  ▶▶2019년 상반기 ""정부정책"" 최대수혜주 TOP 10 긴급공개(바로확인) ▶▶[초대박종목 실시간 공유]◀◀ ""누적수익률 343.9%"" 공짜로 확인!!→<<즉시 무료발송!>>  [파이낸셜뉴스 주요뉴스]  →  백두산 폭발? 산 주변서 일어나는 불길한 징조 → 65세 노인 시가 5억원 집 맡기면 주택연금 얼마나 받나 → 민주당 지지율 38.2%로 하락.. 한국당은 ""이럴 수가"" → 18년된 로또, 최저 당첨금 4억.. 최고액은 무려 → 심장에 박혔던 이쑤시개 발견.. 알고보니 4년 전에  ▶ 이 종목 하나면 억대계좌 달성가능!<3시간만 무료공개>  ▶▶[급등임박 공개]◀◀ 2019년 상반기 ""정부정책""수혜주 TOP 10 긴급공개 >>> (바로확인)  ※ 저작권자 ⓒ 파이낸셜뉴스. 무단 전재-재배포 금지 "
39,5,"2019-02-05","07:05:01","현대차, '블루멤버스 중고차 매매' 최대 10만포인트 적립","현대차는 블루멤버스로 중고차를 매매하는 고객들에게 최대 10만포인트의 적립금을 부여한다고 5일 밝혔다.  지난 2007년부터 시작된 현대차 종합 고객 서비스 브랜드인 블루멤버스에서 중고차는 안전하게 매매하고 포인트도 적립할 수 있는 행사다. 블루 멤버스 홈페이지를 통해 신청한 정회원에게는 최대 10만 포인트의 적립금이 부여된다.  블루 멤버스 중고차 내차팔기 프로세스는 홈페이지를 통한 상담 신청 후 전문상담사가 상담을 진행해 고객을 방문한다. 이어 면밀한 차량평가 후 최종 구입가격을 제시, 거래가 성사되면 차량 계약 및 차량 인수 및 명의이전 결과를 통보하게 된다. winwin@fnnews.com 오승범 기자  ▶▶2019년 상반기 ""정부정책"" 최대수혜주 TOP 10 긴급공개(바로확인) ▶▶[초대박종목 실시간 공유]◀◀ ""누적수익률 343.9%"" 공짜로 확인!!→<<즉시 무료발송!>>  [파이낸셜뉴스 주요뉴스]  → 백두산 폭발? 산 주변서 일어나는 불길한 징조 → 65세 노인 시가 5억원 집 맡기면 주택연금 얼마나 받나 → 민주당 지지율 38.2%로 하락.. 한국당은 ""이럴 수가"" → 18년된 로또, 최저 당첨금 4억.. 최고액은 무려 → 심장에 박혔던 이쑤시개 발견.. 알고보니 4년 전에  ▶ 이 종목 하나면 억대계좌 달성가능!<3시간만 무료공개>  ▶▶[급등임박 공개]◀◀ 2019년 상반기 ""정부정책""수혜주 TOP 10 긴급공개 >>> (바로확인)  ※ 저작권자 ⓒ 파이낸셜뉴스. 무단 전재-재배포 금지 "
39,6,"2019-02-05","07:05:00","[MUFFLER] ""설 세뱃돈, 얼마나 주고받으면 될까요?""","[머니투데이 김현아 기자, 박광범 기자, 홍재의 기자, 신선용 인턴디자이너] [전문가피셜 ""돈 주고받은 건 일제강점기부터…세뱃돈 금액은 지폐 변화와 함께""]      민족 최대의 명절 설. 해마다 설날 아침이 되면 으레 치르는 행사가 있어. 할아버지, 할머니, 어머니, 아버지께 '새해 복 많이 받으세요' 인사하며 세배를 드리는 행사 말이야. 한복 예쁘게 차려 입고 큰절을 올리고 나면 어른들께서 새해에도 건강하고 공부 열심히 하라는 덕담과 함께 세뱃돈을 챙겨 주시곤 했지.   두근두근. 과연 얼마나 들었을까 궁금해 하며 봉투를 열어보면 곧바로 만기와 이자율을 절대 알 수 없는 '엄마은행'에 저축되곤 했지만 그래도 세뱃돈이란 거, 받을 때마다 얼마나 설레게요? 설 연휴가 끝나고 학교로 돌아가면 친구들과 함께 누가누가 세뱃돈 많이 받았나 배틀도 펼쳐지곤 했다구.      하지만 이건 다 옛날 이야기. 어느덧 세뱃돈을 받기보다 줘야 하는 나이가 됐어. 애증의 조카들에게 세뱃돈을 챙겨주자니 얼마씩 줘야 할지고민이지? 액수를 생각하다보니 세뱃돈이란 거, 언제부터 왜 주기 시작했는지도 궁금할 거야. 그래서 정연학 국립민속박물관 연구관에게 '세뱃돈'에 대해 물어봤어. ""세뱃돈, 언제부터 주기 시작했나요? 적절한 금액은 얼마인가요?""      정연학 연구관에 따르면 세배를 받고 나서 '돈'을 주는 풍습은 우리나라 전통이 아니래. 조선 말기 문신이자 서예가인 최영년의 시집 '해동죽지'(1925)에 보면 '아이들이 어른에게 세배하면 돈을 준다'는 얘기가 처음으로 나오는데 이건 곧 일제강점기에 세뱃값을 주기 시작했다는 거.   더 옛날로 거슬러 가면 조선시대 양반 가문의 여성들은 자유롭게 외출할 수가 없었잖아? 그래서 새해가 되면 여자 노비를 잘 단장시켜 대신세배를 드리고 오게 했대. 오늘날의 대리운전 기사와 같은 거지. 이 노비를 가리켜 '문안비'라 부르는데 문안비에 대한 기록은 '동국세시기' 에도 나올 만큼 오래된 이야기야. 하지만 문안비에게 '돈'을 줬다는 기록은 없대.   하지만 우리나라 인심이 어디 가겠어? 문안비가 새해 인사를 전하고 돌아가는 길에 먹을 것이든, 돈이든 뭔가를 쥐어주지 않았겠나 싶은 게일부 사람들의 해석이야. 어쨌거나 세뱃돈 문화는 개항으로 인해 우리나라로 들어와 살게 된 중국인, 일본인들로부터 전해졌다는 게 대체적인 의견이고.      세뱃돈은 동전이 아닌 지폐로 주는 게 보통. 그래서 시대별 세뱃돈 금액은 우리나라 지폐의 변화와 맞물리곤 해. 1962년에 10원짜리 지폐가나오면서 세뱃돈으로 10원 지폐를 주다가 1966년에 10원이 동전으로 바뀌면서 '10원 세뱃돈'의 시대가 끝난 것처럼 말이야. 1973년에 500원지폐가 등장하면서 500원을 주고받다가 1980년대엔 1000원 지폐가 오가곤 했지.   그러다 1988년 서울 올림픽을 계기로 경제가 성장하고 물가가 오르면서 5000원으로 금액이 뛰었어. 그러다가 1994년부터는 만원권이, 2009년부턴 5만원권이 세뱃돈으로 쓰이기 시작했지. 이러한 흐름으로 봤을 때 앞으로 10만권 지폐가 나오게 되면 우리가 주고받게 될 세뱃돈도 10만원 단위가 된다는 얘기…      이쯤되면 궁금한 것 한 가지. 과연 전문가는 조카들에게 세뱃돈을 얼마나 줄까? 정연학 연구관의 기준은 뚜렷했어. 초등학생과 중학생은 5만원, 고등학생은 10만원, 취업 못한 대학생은 20만원을 세뱃돈으로 준대. 조카들 세뱃돈으로만 100만원 정도를 지출하고, 여기에 양가 부모님께 드리는 새해 용돈까지 더하면 ㄷㄷㄷ. 나이들수록 설날 세뱃값 지출도 어마어마.      전문가의 설명과 사례를 듣고나니 설날 세뱃돈, 얼마나 주고받을지 결정할 수 있겠지? 세뱃돈은 지폐로 줘야 하고 봉투에 담아 주는 게 모양새가 좋겠지. 가족, 친척들과 함께 새해 덕담 나누며 행복한 시간 보내길 바라고 모두들 세뱃돈도 새해 복도 많이 받길!       <저작권자 ⓒ '돈이 보이는 리얼타임 뉴스' 머니투데이>"
39,7,"2019-02-05","07:04:05","[김동욱의 일본경제 워치] 새로운 공장을 짓고, 또 짓겠다는 日 시세이도","일본 화장품 제조업체 시세이도가 5000억 원 가량을 투자해 일본 후쿠오카현에 신규 제조공장을 건설키로 했습니다. 이미 오사카와 도치기현에 생산시설 증설에 나서기로했지만 그에 만족하지 않고 추가적으로 생산시설을 키우고 나선 것입니다. 일본을 방문하는 관광객이 늘면서, 관광객들이 귀국 후에도 지속적으로 일본산 화장품을 구입하고 나서면서 기존 생산시설로는 수요를 따라갈 수 없기 때문이라고 합니다.  니혼게이자이신문에 따르면 시세이도는 2021년까지 후쿠오카현 구르메시에 스킨케어 제품을 생산하는 신공장을 건설키로 했습니다. 이미 10만㎡ 규모 부지 확보에 나섰습니다. 신공장에 대한 투자규모는 400억~500억 엔(약 4109억~5137억 원)에 이를 것으로 추산됐습니다. 이 공장에선 연간 1억4000만개 가량의 중급 이상 가격대의 스킨케어 제품이 생산될 예정입니다.   앞서 시세이도는 2019년 도치기현에 36년 만에 신 공장을 가동키로 했고, 2020년에는 오사카 인근에 새로운 공장을 돌린다는 계획이었지만 한 층 더 공격적인 행보에 나선 것입니다.  오사카와 도치기현 신공장에 이어 후쿠오카현 신공장까지 가동될 경우, 시세이도의 화장품 생산능력은 현재 대비 거의 두 배 가까이가 될 전망입니다. .  시세이도가 향후 2~3년 안에 몸집을 두 배 가까이키우려는 이유는 일본을 방문하는 관광객이 늘면서 ‘메이드 인 재팬’ 화장품의 인기도 높아졌기 때문이라고 합니다. 일본 방문의 주류를 이루는 아시아 주요국으로 수출을 충족하기 위해 생산시설을 국내로 복귀시키고 있다는 것입니다. 최근 방일 여행객 수요가 늘고, 아시아 각국으로 수출이 늘면서 시세이도는 2017회계 연도(2017년 4월~2018년 3월)에 사상 처음으로 매출이 1조엔(약 10조2745억 원)을 넘어섰고, 2018회계연도(2018년 4월~2019년 3월)에도 사상 최대 영업이익을 거둘 것으로 기대되고 있습니다. 현재에도 오사카 등에 일본 내 3개 공장이 풀가동되고 있다는 설명입니다. 시세이도는 한국, 중국 등 아시아 대륙과 가까운 규수지역 후쿠오카에 공장을 세워 수출거점으로서의 이점을 최대한 활용키로 했습니다.  지난해 일본 화장품 업계의 해외 수출은 전년 대비 4%증가한 5260억 엔(약 5조4043억 원)으로 6 년 연속으로 사상 최고치를 갈아치웠습니다. 일본 관광을 경험했던 중국 등 아시아 수요가 일본 화장품 업계의 재생을 이끌고 있는 것입니다. 관광산업이 일회성 효과로 끝나는 것이 아니라 화장품 등 제조업 분야로 미치는 파급효과가 적지 않은 모습입니다. 일본 관광업과 화장품 업계의 상승작용이 언제까지 이어질 것인지 결과가 주목됩니다.  도쿄=김동욱 특파원 kimdw@hankyung.com    관련기사 일본서고액권 지폐발행 15년만에 최소라는데 비행기 표 지금 사면 당신은 '호갱' 한·일 관계 개선에 발 벗고 나선 한·일 경제인들 5000원짜리 호두과자 팔아 번 돈이 무려… ""결혼 후 매달 용돈 50만 원씩 보내라구요?""    ⓒ 한국경제 & hankyung.com, 무단전재 및 재배포 금지"
40,1,"2019-02-05","07:00:00","[그래픽] LG디스플레이 분기별 실적 추이","[뉴스핌 Newspim] 홍종현 미술기자 (cartoooon@newspim.com) [종합] 'TV·가전' 앞세운 LG전자...""프리미엄 전략 강화"" LG전자, 美 냉동공조협회 ‘퍼포먼스 어워드’ 6개 수상 LG전자, 목표가 8만3000원 유지...전일종가 6만6600원 -NH證 LG전자, 목표가 10만원 유지...전일종가 6만6600원 -키움證 LG전자, 목표가 8만원 유지...전일종가 6만6600원 -KB證 LG전자, 목표가 9만원 유지...전일종가 6만6600원 -한화證 LG전자, 목표가 11%↓ 8만원 제시-KTB證 LG전자, 목표가 9만원 유지...전일종가 6만6600원 -이베스트證 LG전자, 목표가 8만4000원 유지...전일종가 6만6600원 -유진證    ★오늘 사면 내일 상한가 터질 대박주 100% 무료 공개! (선착순 5명)  ▶ 주식 자동 프로그램으로""月300만원""버는 男화제  ★세력 입성 전, 집중공략! 20인의 전문가가 만장일치한 급등 유력株 ""오늘""만 전격공개!"
40,2,"2019-02-05","07:00:00","새 기능 쓰고 싶어? 신제품 구매 대신 SW업데이트로 해결","- SW업데이트로 사후지원 강화하는 IT업계 - LG전자, 작년 4월 SW업그레이드센터 개설…OS·보안패치 업데이트 제공 - 소니·니콘 등도 펌웨어 업그레이드 제공…소비자 불만 해소 주력  [이데일리 박철근 기자] 최근 IT(정보기술) 기기의 가격은 천정부지로 치솟고 있다. 프리미엄 스마트폰의 가격은 이미 100만원을 넘어선 지 오래됐다. 스마트폰 카메라의 고사양으로 상대적으로 인기가 시들해진 디지털 카메라도 더 높은 사양이나 기능을 탑재해 바디(본체) 가격만 200만원이 넘는다.  예전에는 전자제품을 한 번 산 뒤 새로운 기술이 개발될 경우 다시 최신 제품을 사야하는 게 일반적인 상식이었다. 하지만 점점 IT 기기의 가격이 높아지면서 소비자들은 부담을 느낄 수밖에 없는 상황이다.  이같은 소비자의 부담을 깬 것이 바로 스마트폰과 카메라다. 스마트폰의 경우 OS(운영체제) 업데이트를 비롯해 애플리케이션 업데이트가 매우 일반적이 되면서 소프트웨어(SW) 업데이트를 통해 고객의 요구를 반영하고 개선하는 것이 당연한 일이 됐다. 카메라도 마찬가지다. 카메라도 고급화되면서 ‘펌웨어 업데이트’를 통해 새로운 기능 추가 및 불만사항 개선 등이 일반화되어 가고 있다.     LG전자가 지난 5일부터 선보인 스마트폰 소프트웨어 업데이트 주제 TV 광고 스틸컷.(사진= LG전자)  LG전자(066570)는 지난해 4월 SW업그레이드센터를 개소하고 OS, SW 업데이트 등 스마트폰 사후지원을 지속적이고 안정적으로 제공하고 있다.  블로거나 LG 스마트폰 사용 고객 등을 대상으로 스마트폰에 대한 의견을 듣고 소통하는 자리도 수 차례 열면서 고객 소리에 귀를 기울이고 있다. 이외에도 스마트폰 사후지원 관련 모든 OS 업그레이드 일정 및 SW 업데이트 계획을 홈페이지에 공지하고 있다.   지난 5일부터는 SW 업데이트를 통해 지난 2017년 출시한 LG G6에 인공지능(AI) 카메라 기능을 새롭게 추가했다는 내용의 CF를 시작하기도 했다.  삼성전자는 이달 1일부터 국내에서 스마트폰 개통 1년 내 제품에 한해 화면 번인(burn-in,잔상)으로 인한 디스플레이 무상 교체 횟수를 기존1회에서 무제한으로 늘렸다.     소니는 풀프레임 미러리스 카메라 ‘a9’, ‘a7R III’, ‘a7 III’ 등의 제품을 대상으로 오는 3~4월에 펌웨어 업데이트를 실시해 AI(인공지능) 기반의 피사체 인식기술을 탑재한다. (사진= 소니코리아)  소니는 이달 중순 펌웨어 업데이트를 실시하기로 하고 풀프레임 미러리스 카메라 ‘a9’, ‘a7R III’, ‘a7 III’ 제품을 대상으로 하며 올해 3월과 4월에 걸쳐 진행키로 했다.  회사 관계자는 “a9에는 새롭게 개발된 AI(인공지능) 기반 피사체 인식 기술을 탑재해 모든 피사체를 매우 정확하고 정밀하게 잡아낼 수 있는 ‘리얼타임 트래킹’ 기능을 추가할 예정”이라며 “세 제품 모두 ‘리얼타임 Eye-AF(피사체의 눈에 초점을 맞추는 기능)’ 및 ‘인터벌 레코딩(압축촬영방식으로 단시간 내 사물의 변화를 관찰이 가능)’ 기능을 추가할 예정”이라고 설명했다.  ‘리얼타임 Eye-AF’는 기존 소니의 ‘Eye-AF’의 한단계 진화된 기술로 사람의 눈을 실시간으로 감지하고 처리하는 것으로 AF의 정확성, 속도, 및 트래킹 성능을 향상시켰다.   이외에도 동물의 눈을 인식해 초점을 맞추는 ‘동물 눈 AF(Eye-AF for Animal)’ 기능도 올 여름에 펌웨어 업데이트를 통해 제공, 야생 동물이나 반려동물 촬영에 매우 이상적인 기능이 될 것으로 전망하고 있다.  니콘도 ‘Z6’와 ‘Z7’ 풀프레임 미러리스 카메라의 펌웨어 업데이트 계획을 발표해 제품을 교체하지 않고도 SW 업데이트를 통해 기능 보완을 할 수 있도록 했다.  업계 관계자는 “SW업데이트 강화는 1~2가지 새로운 기능을 추가해 신제품을 출시하는 것에 대한 소비자 불만을 줄이기 위한 것”이라며 “지속적인 사후관리를 통해 자사 제품에 대한 로열티(충성도)를 갖도록 하기 위한 것도 또 다른 이유”라고 설명했다.     ▶[무료추천] 개인정보 수집없는 카카오톡방 입장하기!  ▶ 하이스탁론, 선취수수료 없는 월 0.3%대 최저금리 상품 출시   ＜ⓒ종합 경제정보 미디어 이데일리 - 무단전재 & 재배포 금지＞    "
40,3,"2019-02-05","07:00:00","기름진 음식 가득한 명절, 체중 관리할 저칼로리 식단은?","- 나물·두부 등 포만감 주는 음식 위주 섭취 - 남은 과일·채소로 뚝딱, ‘속풀이 해장 주스’     설 명절 대표음식(사진=롯데쇼핑)  [이데일리 이윤화 기자] 전, 송편, 잡채, 갈비찜 등 기름진 명절음식. 입에는 맛있지만 연휴 내내 먹다보면 속이 더부룩하고 소화가 잘 되지 않는 느낌이 든다. 설에 먹는 한 끼의 칼로리가 일일 권장 섭취량(기준 2000㎉)의 약 74%에이른다. 설 명절 대표 음식인 떡국(1인분, 640g) 457㎉, 잡채(1/2인분, 100g) 148㎉, 완자전(중, 5개) 140㎉, 새우튀김(3개) 301㎉ 등이다.설 명절 주로 한 끼에 갖춰 먹는 음식 열량을 합치면 1400㎉가 넘는다.   무작정 굶자니 배가 고프고, 간단하게 먹자니 어떤 메뉴를 택해야 할지 모르겠다면 남은 식재료를 활용해 ‘저칼로리 식단’을 짜보자. 남겨진 차례 음식·식재료 해결과 건강관리 두 마리 토끼를 잡을수 있다.   우선 명절 음식을 만들 때 사용하는 기름의 양을 줄이면 열량을 낮출 수 있다. 팬에 기름을 직접 두르지 않고 키친타월을이용해 코팅하듯 사용하는 것이다. 식사 전 물을 1~2컵 정도 마시거나 두부, 과일 등을 먼저 먹어 공복감을 줄이면 과식을 막는데 도움이 된다.   상에 차려진 여러 음식들 중에서는 나물 등 채소 위주의 무침 요리를 먼저 먹는 것이 좋다. 섬유소가 많은 채소나 나물이 포만감을 주고 포도당의 흡수 속도를 낮춰준다.   또 전이나 국, 동그랑땡 등에 활용하는 ‘두부’를 넉넉히 준비해 채소와 함께 샐러드를만들어 먹는 것도 좋다.      CJ프레시웨이는 명절에 남은 ‘과일’과 ‘채소’를 활용해 손쉽게 만들 수 있는 ‘속풀이 해장주스’를 제안했다. (사진=CJ프레시웨이)  연휴기간 반주나 차례 뒤 음복으로 마시는 약주가 자칫 과음으로 이어지는 경우 활용하기 좋은 음료도 있다. CJ그룹의 식자재 유통 및 단체급식 전문기업 CJ프레시웨이는 명절에 남은 과일과 채소를 활용해 손쉽게 만들 수 있는 ‘속풀이 해장 주스’를 제안했다.   속풀이 해장 주스는 1인 기준으로 △사과 1/2개 △배 1/2개 △물 1/2컵(100㎖) △시금치 20g △도라지 20g △숙주 20g을 믹서기에 함께 넣고 갈아주면 손쉽게 완성된다.   배에는 수분과 아스파라긴산이 풍부해 알코올을 분해하는데 탁월하고, 사과는 간의 독소 배출을 돕는 ‘펙틴(Pectin)’ 성분이 함유돼 숙취 해소를 돕는다. 시금치는 체내 노폐물을 제거하고, 손상된 간세포를 생성해주는 베타카로틴(Beta-Carotene)이 풍부하며, 도라지의 이눌린(Inulin) 성분도 체내 해독 작용에 탁월하다. 숙주 역시 간을 해독하고 알코올로 인한 숙취 해소에 좋다.  김혜경 CJ프레시웨이 푸드스타일리스트는 “기호에 따라 귤을 첨가해 한 번 더 갈아주면 단맛을 더하고, 귤 속의 비타민과 플라보노이드 성분이 몸속 신진대사를 도와 콜레스테롤 수치를 낮추는데 도움이 된다”고 전했다.     ▶[무료추천] 개인정보 수집없는 카카오톡방 입장하기!  ▶ 하이스탁론, 선취수수료 없는 월 0.3%대 최저금리 상품 출시   ＜ⓒ종합 경제정보 미디어 이데일리 - 무단전재 & 재배포 금지＞    "
40,4,"2019-02-05","06:59:00","꽁꽁 언 주택시장 설 이후 향배는…""급매물 늘고 가격하락 지속""","꽁꽁 언 주택시장 설 이후 향배는…""급매물 늘고 가격하락 지속""  이사철 반짝 수요 있겠지만 거래 증가 예년 못미칠 듯  ""4월 말 공시가격 발표 전후 매물 증가…가격 폭락 가능성은 작아""      (서울=연합뉴스) 서미숙 고은지 기자 = 주택시장이 꽁꽁 얼어붙은 가운데 설 이후 주택시장 움직임에 관심이 쏠린다.  통상 설 연휴가 지나면 이사철이 본격화되면서 주택 거래가 늘고 가격도 다소 상승 기조를 보이는 게 보통이다.  그러나 올해는 정부의 강력한 규제대책과 4월 공동주택ㆍ개별 단독주택 공시가격 발표를 앞두고 매수세가 위축돼 있어 과거와는 다른 양상을 보일 가능성이 크다고 전문가들은 예상한다.   ◇ 공시가격 발표 변수…급매물 늘어날 듯   설 이후 주택시장을 가를 가장 큰 변수는 보유세다. 올해부터 규제지역내 종합부동산세 세율이 높아진데다 2주택 이상자부터는 세율이 중과된다.  특히 올해 보유세의 근간인 주택 공시가격이 큰 폭으로 오르면서 보유세 인상 효과는 배가될 전망이다.  이 때문에 전문가들은 기존 주택시장의 침체가 설 이후 더욱 가속화할 것으로 내다본다.  국민은행 WM스타자문단 박원갑 수석부동산전문위원은 5일 ""공시가격 압박에 대해 수요자들이 생각보다 민감하게 반응하고 있다""며 ""4월말 공시가격 발표 뒤 유주택자들이 얼마나 보유세 부담을 감내할 수 있을지가 관건이 될 것""이라고 말했다.  일단 설 이후 급매물 출시가 본격화될 것이라는 예상이 많다.  작년 9ㆍ13대책 이후 재건축 대상의 급매물이 늘었다면, 앞으로는 보유세 부담을 버티지 못하고 나오는 일반주택으로 급매물이 확대될 수 있다.  다주택자들은 절세를 위해 양도차익이 적은 주택이나 양도세가 중과되지 않는 비규제지역의 주택부터 팔아 주택수를 줄이려고 할 것으로보인다.  일정 소득이 없는 은퇴자 가운데 고가주택을 보유한 사람들도 보유세 부담을 줄이기 위해 '주택 다운사이징'에 나설 공산이 크다.  박원갑 위원은 ""재건축에 비해 일반 아파트는 아직 가격이 상대적으로 덜 빠져서 설 이후 본격적으로 약세를 보일 것""이라며 ""단기적으로는 고점에서 20%가량 빠진 지역에서는 낙폭이 제한적이고 이보다 덜 빠진 곳에서 추가 하락이 예상된다""고 말했다.   건국대 부동산학과 심교언 교수는 ""공시가격 변수가 커서 4월 말 공시 전까지 종전과 같은 거래 침체와 가격 하락세가 유지될 것으로 보인다""며 ""설 이후 이사수요가 일부 움직이겠지만 예년보다 적은 수준이고, 공시가격 발표 이후에는 급매물도 늘어날 것""이라고 전망했다.   ◇ 매수자는 관망세 기조…거래 얼어붙지만 집값급락 가능성 낮아   급매물이 늘어나는데도 매수자들 입장에선 집값이 추가 하락할 것으로 보고 관망하는 기조가 주류를 이루면서 거래 자체가 크게 증가하긴 어려울 것으로 전문가들은 예상한다.  특히 규제지역은 양도세 중과 조치로 다주택자들의 급매물 출시도 제한적일 수밖에 없다. 대출 원리금이나 보유세 부담이 불가능한 한계가구를 제외하고는 섣불리 매도에 나서진 않을 것이라는 관측이다.  우리은행 부동산투자자문센터 안명숙 부장은 ""올해 보유세 부담이 커지긴 하지만 실질적인 체감 증가는 주로 고가주택 보유자와 다주택자에 한정되고, 보유세가 급증하는 첫 해인만큼 일단 버텨보려는 사람도 적지 않을 것""이라며 ""매물이 증가하긴 해도 한꺼번에 급증하진 않을것으로 본다""고 말했다.  집값이 급락할 가능성도 작다는 의견이 많다.  직방 함영진 빅데이터랩장은 ""금리 인상이 겹친다면 모르겠지만 미국도 금리 인상보다는 경기부양을 고려하는 분위기이고 우리 정부도 예비타당성 면제까지 해주면서 지역 경기를 살리겠다는 입장""이라며 ""지방과 달리 서울ㆍ수도권은 급매물이 속출하고 가격이 급락할 정도는 아닌 것 같다""고 진단했다.  주택산업연구원 김덕례 주택정책실장은 ""최근 시장 가격은 정상적인 거래를 통해 형성된 것이 아닌 급매물 위주의 거래여서 급매물이 소진되고 나면 가격도 계속해서 떨어지진 않을 것""으로 내다봤다.  4월 말 공시가격 인상 전 임대사업자 등록을 하려는 수요도 계속 증가할 전망이다.  김종필 세무사는 ""작년 9ㆍ13대책으로 신규 매입 주택에 대한 임대사업자 세제 혜택은 대폭 축소됐지만 전용면적 85㎡ 이하, 공시가격 6 억원 이하 기존 보유주택에 대한 혜택은 여전히 유효하다""며 ""임대사업 등록을 하거나 사전 증여를 하는 다주택자들이 계속해서 늘어날 것""이라고 말했다.  특히 종부세는 6월1일 기준으로 산정ㆍ부과되는 만큼 임대사업자 등록을 하려는 수요는 5월 말까지 계속 이어질 것으로 보인다.   ◇ 전셋값 안정세 지속…분양시장은 차별화 확대   올해 서울과 수도권의 입주 물량이 늘면서 설 이후에도 전세시장은 대체로 안정세를 보일 전망이다.  부동산114 조사에 따르면 올해 강남권 입주 물량은 지난달부터 입주가 시작된 송파 헬리오시티 9천510가구를 포함해 총 2만6천가구에 달한다.   지난 2017년 강남4구의 입주물량이 헬리오시티를 제외하고 6천300여가구 정도였던 것을 감안하면 크게 늘어난 수치다.  강남구 개포동의 한 중개업소 대표는 ""이달 1천957가구의 래미안블레스티지 입주를 앞두고 전세물건도 적체되고 있다""며 ""예년 같으면 봄 이사철을 앞두고 전세가 움직여야 할 시기인데 올해는 매매는 물론 전세도 움직임이 거의 없다""고 전했다.  다만 이사철이 시작되며 입주물량 영향을 덜 받는 지역과 단지별로 수요가 늘면서 국지적 가격 상승세는 나타날 수 있다. 반포 주공1단지 등 대규모 단지에 대한 재건축 이주도 일시적인 전셋값 불안으로 이어질 전망이다.  연초 주춤하던 분양시장은 본격적인 성수기에 접어들면서 2~4월에 걸쳐 새 아파트 분양이 쏟아질 전망이다.  특히 청약제도 개편으로 무주택자들의 당첨 확률이 높아지고 분양가는 시세보다 낮게 책정되는 곳이 늘어나 인기지역의 청약열기는 여전히 높을 것으로 예상된다.  다만 분양가격과 입지 여건에 따라 양극화는 종전보다 더욱 심화할 전망이다.  지난달에는 서울에서도 청약 미달이 발생하면서 앞으로 전국 어디서든 1순위 마감을 장담할 수 없게 됐다. 3기 신도시 건설로 수도권 외곽의 청약에도 비상이 걸린 상태다.  한 대형 건설사 관계자는 ""정부 대출 규제 여파로 중도금 대출이 중단된 9억원 초과 주택은 소위 말하는 '로또 아파트'가 아닌 이상 미계약 리스크를 걱정해야 한다""며 ""시세차익이 보장된 인기지역 아파트에는 청약예정자들이 대거 몰리겠지만 그렇지 않은 곳은 청약률에서 희비가 엇갈릴 것""이라고 말했다.  sms@yna.co.kr, eun@yna.co.kr   (끝)    <긴급속보 SMS 신청> <포토 매거진> < M-SPORTS >   <저작권자(c) 연합뉴스, 무단 전재-재배포 금지>"
40,5,"2019-02-05","06:56:57","`스페이스X 창립자` 일론 머스크 ""달·화성에 100명 보낼 것""","스페이스X 창립자 일론 머스크가 민간 최초로 인류를 달과 화성에 보낼 원대한 프로젝트를 위해 제작한 유인우주선 '스타십'(Starship)의 '랩터(Raptor) 엔진'에 불을 붙였다.   머스크는 3일 밤(현지시간) 트위터에 미 캘리포니아주 호손의 스페이스X 본사에서 텍사스주 맥그리거의 발사대로 옮겨온 랩터 엔진을 테스트하는 사진과 영상을 올렸다.   스페이스X가 유인우주선 엔진 시제품을 시험한 적은 있지만 '발사 준비가 완료된'(flight ready) 엔진을 가동해본 것은 이번이 처음이다.   머스크는 ""스페이스X 팀의 위대한 업적에 자부심을 느낀다""라고 말했다.   스페이스X는 랩터 엔진을 탑재한 유인우주선으로 달은 물론 화성에 100명을 실어 보내려는 계획을 세워두고 있다고 미 경제매체 CNBC가 4일전했다.   스페이스X의 달 탐사 프로젝트에 최초로 탑승할 민간인으로는 일본인 억만장자 마에자와 유사쿠(前澤友作·43)가 선정된 상태다.   달 여행 왕복 거리는 47만5000 마일(약 76만4000㎞)로 5일이 걸릴 것으로 보이며, 스페이스X는 2023년을 첫 여행 시점으로 잡아두고 있다.    [디지털뉴스국]      ☞ 조용히 사서 묻어놔라! 2月 정말 큰돈 된다! ☞ 지금 500만원 있으면, 조용히사둬라! 2월 정말 큰돈 된다! ☞ 매수하면 바로터질, 2월 최고종목 소개합니다!! ☞ 명절직후 무섭게 폭발할 10조원대 독점수혜주!!!      [ⓒ 매일경제 & mk.co.kr, 무단전재 및 재배포 금지]"
40,6,"2019-02-05","06:56:39","""美 FBI, 화웨이 연구소 급습·함정수사…기술절취 시도 혐의""","[아시아경제 조슬기나 기자] 미국 연방수사국(FBI)이 또 다른 '기술절취' 시도 혐의로 중국 통신장비업체 화웨이를 수사 중이라고 블룸버그 비즈니스위크가 4일(현지시간) 보도했다.   보도에 따르면 미국이 화웨이와 멍완저우(孟晩舟) 부회장에 대한 기소를 발표하던 당일인 지난달 28일 FBI는 캘리포니아주 샌디에이고에있는 화웨이 연구소를 급습했다.    화웨이 연구소는 미국의 '아칸 반도체'(Akhan Semiconductor)가 개발한 인공 다이아몬드 박막기술을 훔치려 한 혐의를 받고 있는 것으로알려졌다. 블룸버그 비즈니스위크는 ""이번 급습은 압수수색 차원""이라며 ""아칸 반도체가 보낸 제품샘플이 지난해 8월 심하게 훼손된 채 반납됐다""고 전했다.   해당 제품샘플인 '미라지 다이아몬드 글라스'는 기존 스마트폰에 사용되는 스크린보다 가볍고 얇으면서도 강도가 6배 이상 센 것으로 알려졌다.   또한 FBI는 지난달 라스베이거스에서 열린 세계 최대 전자쇼 'CES 2019'에서 아칸 반도체 관계자가 화웨이측 인사와 접촉해 대화내용을 녹음하는 등 함정수사를 벌인 것으로 전해졌다.    블룸버그 비즈니스위크는 ""FBI가 함정수사를 통해 화웨이 측 인사들이 아칸 반도체와의 계약과 미국 수출통제법 위반을 인정하도록 하는데 성공했다""고 전했다.    ●2019년 정부정책 테마株 Top.5 전격 공개 [Click] ●'부자네스탁론' 월 0.4%대 금리, 100% 집중투자까지 ●'대박스탁론' 수수료없이 월 0.4%대 금리, 100% 집중투자까지 ●또 터질 수 밖에 없는 제2의 신라젠! 최소 “800%” 상승 예정! ●정부 수소차 대규모 확대 정책 ! ‘上’ 터질 종목은 ?   주식 자동 프로그램으로""月300만원""버는 男화제 최근 오토레이더라는 주식 자동매매 태블릿을 사용하며 매달 300만원씩 꾸준히 수익을...    올해주목받는 ""유망株"" 이슈종목 무료 공개! 증시 변동이 지속되는 가운데, 올해 들어서며 저평가되던 유망주들에 대한 투자자들의 관심이 날로 뜨거워지는…   조슬기나 기자 seul@asiae.co.kr   <ⓒ경제를 보는 눈, 세계를 보는 창 아시아경제(www.asiae.co.kr) 무단전재 배포금지>"
40,7,"2019-02-05","06:56:27","올브라이트 ""트럼프, 주한미군 철수·훈련중단 약속하면 안돼""","매들린 올브라이트 전(前) 미국 국무장관은 2차 북미정상회담에서 도널드 트럼프 미국 대통령이 한미연합군사훈련 전면 중단 혹은 주한미군 철수를 김정은 북한 국무위원장에게 약속할 것을 우려했다.  빌 클린턴 정부에서 국무장관을 역임한 올브라이트 전 장관은 4 일(현지시간) 미 매체 '살롱'과의 인터뷰에서 이달 말 예정인 2차 북미정상회담에 대해 ""차기 정권 입장에서 어려운 점은 트럼프 대통령이 무엇을 약속할지 알 수 없다는 것""이라며 이같이 말했다.  올브라이트 전 장관은 ""트럼프 대통령이 동맹국들과 어떠한 (군사)훈련도 절대로 하지 않을 것이라고 말하거나, 한국에서 미군을 철수할 것이라는 약속을 하거나, 향후에 영향이 있는 일은하지 않길 바란다""라고 말했다.  이는 2차 북미정상회담에서 북한 비핵화 조치에 대한 상응조치로 한미연합훈련 전면 중단이나 주한미군 철수 카드를 내줘선 안 되며, 차기 미 행정부에 부담을 줄 수 있는 조치가 있어서도 안 된다는 의미로 풀이된다.  그는 주한미군 문제와 관련, ""내가 북한에서 김정일 국방위원장을 만났을 때, 그는 우리가 한국에 군대를 주둔시키는 것에 아무런 문제가없다고 말했다""면서 ""내가 걱정하는 것은 김정은에게 우쭐해지려는 하나의 노력으로 트럼프 대통령이 다음 정권에 장기적인 영향을 미칠 수 있는 무언가를 내주는 것""이라고 말했다.  올브라이트 전 장관은 2000년 재직 당시 미 각료로는 처음 북한을 공식방문해 김정일 국방위원장과 회담했다.  그는 트럼프 행정부의 북핵 해결 노력에 대해서는 ""나는 외교를 믿는다""면서도""그러나 나 역시 준비된 외교를 믿는다""고 비판했다.  또 지난해 6월 싱가포르에서 열린 1차 북미정상회담에 대해서는트럼프 대통령과 김 위원장 모두가 승자인 '윈-윈(win-win)'이 아니라 김 위원장의 승리를 의미하는 '김정은 윈'이라고 규정했다.  올브라이트 전 장관은 ""왜냐면 트럼프 대통령은 우리 동맹국인 한국과 일본과 하는 몇몇 훈련을 취소했지만, 북한이이에 부응한 것이 무엇인지, 무엇을 주었는지가 분명하지 않기 때문""이라고 설명했다.  그는 ""특히 북한은 그들이 무엇을 가졌는지를 파악할 수 있는 목록이나 국제적인 비핵화 측정 방법에 대해서는 합의하지 않았다""고 덧붙였다.  한경닷컴 뉴스룸 open@hankyung.com     관련기사 메디톡스, 美국제무역위원회에 대웅제약 제소 러 의회 대표단 3~4월 잇따라 방북…""양자·다자 협력방안 논의"" 美 대학서 석사 이상 받으면 '취업비자' 받을 확률 높아진다 북, 실무협상 앞두고 제재 완화 촉구…""미국, 실천적 행동 해야"" 유럽, 對이란 교역 전담 금융사 설립…美 제재에 반기    ⓒ 한국경제 & hankyung.com, 무단전재 및 재배포 금지"
41,1,"2019-02-05","06:36:33","설날 아침 기온 '쌀쌀'…서울 미세먼지 보통","설날인 5일 아침은 중부내륙과 경북북부내륙이 영하 10도 내외로 추울 전망이다.  반면 이날 낮 최고기온은 평년보다 높은 7~14도로 예보됐다.  전국이 대체로 맑은 가운데 오후 3시께부터는 구름이 많아지겠다.  미세먼지 농도는 강원영동·대전·전북·경북이 '나쁨', 그 밖의 권역은 '보통'으로 예보됐다.  다만 광주·영남·제주권은 오전에, 세종·충북·충남은 오후에 '나쁨' 수준으로 올라갈 수 있겠다.  강원도 산지를 중심으로강한 바람이 불겠고, 동쪽 지방을 중심으로 대기가 건조해져 시설물 관리와 산불 예방에 주의가 필요할 전망이다. 동해안에는 오후까지 너울로 인해 물결이 높아 해안가 안전사고에 유의해야 한다.  한경닷컴 뉴스룸 open@hankyung.com     ▶▶[급등임박 공개]◀◀ 2019년 상반기 ""정부정책""수혜주 TOP 10 긴급공개 >>> (바로확인) ▷▷[주식 AI시대 개막]◁◁매수·매도 자동 프로그램으로 ""月300만원""씩 버는 회사원 화제! 최저금리로 갈아탈 수 있는 마지막 버스, 신용·미수·예담 대환하고 취급수수료 할인 받자! [ 무료 주식 카톡방 ] 국내 최초, 카톡방 신청자수 38만명 돌파 < 업계 최대 카톡방 > --> 카톡방 입장하기!! ▶▶▶[초대박종목 실시간 공유]◀◀◀ ""누적 수익률 343.9%"" 공짜로 확인!!→<<즉시 무료발송!>>     관련기사 비나 눈 오후부터 그쳐…밤부터 기온 '뚝' 설날 큰 일교차…남부 미세먼지 '나쁨' 설날 아침 기온 '쌀쌀'…낮부터 포근해져 오늘 날씨, 아침 기온 '뚝'…호남권 미세먼지 ' 나쁨' '쌀쌀한 입춘' 서울 체감온도 -7…남부 미세먼지 '나쁨'    ⓒ 한국경제 & hankyung.com, 무단전재 및 재배포 금지"
41,2,"2019-02-05","06:34:00","재테크 작심삼일은 그만…고금리 예적금 인기","[서울=뉴스핌] 최유리 기자 = 새해 들어 가장 많이 하는 다짐 중 하나는 '목돈 마련'이다. 그러나 다짐이 작심삼일에 그쳐 '텅장'(텅 빈 통장)만 남기 일쑤다. '황금돼지해'인 기해년( 己亥年)에는 목표 달성을 위해 은행권 고금리 예적금 상품에 관심을 가져보는 것은 어떨까. 은행별로 연 금리 2~3%대부터 최고 6%대 상품까지 찾아볼 수 있다.   우리은행은 지난 1일부터 '우리 120년 고객동행 정기 예적금'을 추가 판매하고있다. 예금(1년)은 연 최고 2.6%, 적금(1년)에는 3.2% 금리 혜택을 부여한다.  지난 1월에도 출시된 이상품은 2주도 안 돼 예금 2조원, 적금 5만좌 한도가 모두 소진됐다. 이번 추가 판매 한도는 예금 1조원, 적금 4만좌다.  IBK기업은행은 새해 특별판매 예금으로 'IBK W특판예금'을 내놨다. 연 최고 2.28% 금리를 제공하며 3조원 한도로 오는 3월 말까지 판매한다. 만기를 30일부터 1년까지 다양하게 설정할 수 있어 자금 운용 목적에 따라 장단기 운용이 가능하다.    여행 자금을 마련하고싶다면 우리은행 여행적금에 눈길을 줄만하다. 가입기간 2년 기준으로 기본금리  1.8%에 우대금리 4.2%포인트를 더해 최고금리가 연 6.0%다.  첫 거래 고객, 급여나 연금 수령, 공과금 자동이체, 신용카드 이용액 등 우대 조건이 까다롭지만인기가 높다. 지난 11월 16일 출시된 이후 지난달 말까지 8만 계좌를 넘어섰다. 한 달 여 만에 10만좌 한도 중 80%를 채운 셈이다. 우대 금리가 높은 데다 항공권 할인권, 면세점 적립금, 백화점 제휴 서비스 등 여행 관련 부가 서비스를 제공한다는 점도 인기를 끈 요인이다.  복잡한 우대 금리 조건이 골치아프다면, 인터넷전문은행 예적금이 적합하다.  케이뱅크 '코드케이 정기예금'은 조건 없이 연 2.55%의 금리를 준다. 카카오뱅크 정기예금과 자유적금도 특별한 조건 없이 만기가 1년 넘는 상품에 2.5% 이상의 금리를 제공한다.  시중은행 관계자는 ""부동산 시장이 얼어붙으면서 예·적금으로 돈이 몰리고 있다""며 ""은행은 내년 새 예대율(예금 대비 대출 비율) 규제를 앞두고 있어 올해 연중에도 지속적으로 고금리 특판 상품을 내놓을 가능성이 있다""고 말했다.   yrchoi@newspim.com 우리은행, 금리 '0.4%p‘ 우대 120년 고객동행 예·적금’ 판매 우리은행, '우리 120년 고객동행 예·적금' 출시 11월 통화량 6.8%↑…정기예적금 16개월 연속 늘어 통화량 증가율 21개월래 최대…정기예적금에 몰려     ★오늘 사면 내일 상한가 터질 대박주 100% 무료 공개! (선착순 5명)  ▶ 주식 자동 프로그램으로""月300만원""버는 男화제  ★세력 입성 전, 집중공략! 20인의 전문가가 만장일치한 급등 유력株 ""오늘""만 전격공개!"
41,3,"2019-02-05","06:33:09","달러, '美 잡 서프라이즈'에 강세···110엔 돌파","[머니투데이 뉴욕(미국)=이상배 특파원]         달러화가 이틀째 강세를 이어갔다. 엔/달러 환율은 장중 한때 110엔을 돌파하기도 했다.   4일(현지시간) 오후 4시20분 현재 뉴욕외환시장에서 달러 인덱스(DXY)는 전일 대비 0.25% 오른 95.84를 기록했다. 달러 인덱스는 유로, 엔 등 주요 6개 통화를 기준으로 달러가치를 지수화한 것이다.   달러화 강세에 엔/달러 환율(엔화 기준 달러화 가치)은 한때 110엔을 넘어선 뒤 현재 전일 대비 0.38% 오른 109.93엔을 기록 중이다(엔화 가치 하락). 대표적 안전자산인 엔화의 가치가 떨어진다는 것은 시장의 위험선호 경향이 강해졌음을 뜻한다.   현재 시간 기준으로 달러/유로 환율(달러화 기준 유로화 가치)은 1.1436달러로 전일 대비 0.20% 내렸다. 달러/파운드 환율(달러화 기준 파운드화 가치)도 전날에 비해 0.32% 떨어진 1.3040달러를 기록 중이다.   미국의 강력한 고용지표가 달러화 가치를 끌어올렸다. 지난 1일 미 노동부는 1월 비농업 부문의 일자리 증가폭이 30만4000개에 달했다고 발표했다. 이는 지난해 12월의 22만2000개를 크게 웃도는 것으로, 블룸버그의 전망치(16만5000개)도 가볍게 뛰어넘은 수준이다. 특히 지난달까지35일간 지속된 사상 최장기 연방정부의 '셧다운'(일시적 업무정지) 상황에서 기록한 수치라는 점에서 의미가 작지 않다.   ISM(전미 공급관리협회)의 1월 제조업 구매관리자지수(PMI) 역시 56.6을 기록하며 전월 54.3보다 개선됐다.   캠브리지 글로벌페이먼츠의 칼 샤모타 수석전략가는 ""예상을 뛰어넘은 미국의 경제지표가 발표된 뒤 시장의 위험선호 경향이 다시 강해지고있다""고 분석했다.       ▶▶[급등임박] 2019년 정부정책 최대수혜주 Top5 (바로확인)   ※주목※ 총 수수료 0원+월 0.4%대 금리 ▶ 저비용고수익 실현해볼까? (바로 가기)     [파워 인터뷰]      [관련기사] ☞ SKY캐슬 윤세아♥김병철 중년 로맨스…'4살 나이 차' ☞ 만원짜리 땅이 21배 껑충...시골 땅이 금싸라기 된 이유 ☞ 아픈데 ""자고 가라""는 시어머니…남편이 나섰다 ☞ '승리 사임' 버닝썬 ""물게 골뱅이 구함""…성관계 영상도 촬영 ☞ 공매도의 '멘붕'…삼성전자·하이닉스 반등에 ""앗뜨거""      ▶▶[급등임박] 2018년 하반기 ""정부정책"" 수혜주 TOP 10 긴급공개(바로확인)   저금리 고수익의 비밀, 1644-6960 키워드림론에서확인       뉴욕(미국)=이상배 특파원 ppark140@gmail.com    <저작권자 ⓒ '돈이 보이는 리얼타임 뉴스' 머니투데이, 무단전재 및 재배포 금지>"
41,4,"2019-02-05","06:31:07","먼지 제거 스프레이 사용하다 차량 폭발…1명 부상","먼지 제거 스프레이 사용하다 차량 폭발…1명 부상     (인천=연합뉴스) 강종구 기자 = 인천 도로변에 주차된 승용차에서 폭발사고가 발생해 1명이 다쳤다.  5일 인천 계양경찰서에 따르면 4일 오후 11시께 인천시 계양구 작전공원 인근 도로에 주차된 혼다 어코드 승용차에서 폭발사고가 일어나차주 A(49)씨가 화상을 입고 병원에서 치료를 받고 있다.  A씨는 경찰에서 ""밀폐된 차량 내부에서 먼지 제거용 스프레이 1통을 뿌린 뒤 아로마 향에 불을 붙이려 라이터 불을 켰는데 차가 갑자기폭발했다""고 진술했다.  이날 폭발 충격으로 차량 천장과 프레임이 완파했지만, 다행히 A씨는 생명에 지장이 없는 것으로 알려졌다.  경찰 관계자는 ""차량 윗부분은 완전히 부서졌지만, 타이어와 차량 엔진 등 하부는 멀쩡하다""며 ""아마 먼지 제거용 스프레이 가스가 차량천장 쪽으로 몰려 있는 상태에서 폭발사고가 발생해 A씨도 최악의 상황은 면한 것으로 보인다""고 말했다.  경찰은 차량에서 사용하지 않는 먼지 제거용 스프레이 6통을 회수하고 정확한 사고 원인을 조사하고 있다.    inyon@yna.co.kr   (끝)    <긴급속보 SMS 신청> <포토 매거진> < M-SPORTS >   <저작권자(c) 연합뉴스, 무단 전재-재배포 금지>"
41,5,"2019-02-05","06:30:01","김광수 NH농협금융 회장, 구제역 방역현황 점검 나서","김광수 NH농협금융지주 회장(왼쪽에서 세 번째)이 지난 4일 남양주시 거점방역초소를 방문해 방역시설물을 점검하고 있다.   NH농협금융지주가 설 연휴 기간 구제역 확산 방지에 적극 나서고 있다. 5일 농협금융에 따르면 김광수 회장은 지난 4일 남양주를 방문해 구제역 방역현황을 점검했다. 남양주시 거점방역초소를 방문한 김 회장은 방역시설물을 직접 점검하는 한편, 설 연휴 기간에도 구제역 확산 방지를 위해 근무하는 직원들을 격려하고 위로 물품을 전달했다. 김 회장은 ""농협금융은 구제역 확산 방지를 위한 방역업무에 적극 동참하고 피해를 입은 축산 농가에 지원을 아끼지 않겠다""고강조했다. 농협은 범농협적으로 계통 조직을 활용해 지도 및 홍보, 축산사업장에서는 일제소독을 실시하는 등 특별 소독활동 전개하고있다. 아울러 설 연휴기간 시·도 단위 구제역 비상상황실 운영도 하고 있다. 한편, 농협은행은 거래량이 집중되는 설 연휴기간동안 비상근무를 실시하고 있다. 특히 NH통합IT센터는 금융거래현황을 집중 모니터링하며 예기치 못한 돌발상황에 즉각 대응할 수 있는 비상체제에 돌입했다. 고객행복센터는 비대면 채널 고객을 위해 휴일 심야시간에도 원활한 상담 및 지원이 가능하도록 직원과 상담사들이 비상근무를 할 예정이다. 아울러 농협은행은 오는 8일까지 '안심서비스'를 실시한다. 이용을 원하는 고객들은 인근 영업점에 방문해 대여금고 보유 여부, 보호예수 절차 등을 사전 문의 후 이용할 수 있다. 농협은행은 전국 194개 영업점에서 대여금고를 운영 중에 있으며 연휴 안심서비스 실시 기간 동안에는 이용수수료가 면제된다.  cjk@fnnews.com 최종근 기자  ▶▶2019년 상반기 ""정부정책"" 최대수혜주 TOP 10 긴급공개(바로확인) ▶▶[초대박종목 실시간 공유]◀◀ ""누적수익률 343.9%"" 공짜로 확인!!→<<즉시 무료발송!>>  [파이낸셜뉴스 주요뉴스]  → 백두산 폭발? 산 주변서 일어나는 불길한 징조 → 65세 노인 시가 5억원 집 맡기면 주택연금 얼마나 받나 → 민주당 지지율 38.2%로 하락.. 한국당은 ""이럴 수가"" → 18년된 로또, 최저 당첨금 4억.. 최고액은 무려 → 심장에 박혔던 이쑤시개 발견.. 알고보니 4년 전에  ▶ 이 종목 하나면 억대계좌 달성가능!<3시간만 무료공개>  ▶▶[급등임박 공개]◀◀ 2019년 상반기 ""정부정책""수혜주 TOP 10 긴급공개 >>> (바로확인)  ※ 저작권자 ⓒ 파이낸셜뉴스. 무단 전재-재배포 금지 "
41,6,"2019-02-05","06:30:00","고용부, 취약계층 노동자 '따뜻한 설연휴' 체불임금 청산 총력","[머니투데이 세종=최우영 기자] [설연휴 직전 임금체불청산 기동반 운영, 체불임금 청산제도 개편방안도 연내 추진]      #대구의 한 전기업체는 거래업체에서 대금을 받지 못하면서 퇴직자들의 임금·퇴직금을 1억3000만원 가량 지급하지 못해 지방노동청에 12건의 신고가 접수됐다. 근로감독관이 사업주에게 설 이전에 이를 청산하도록 지도해 지난달 18일 체불금 전액을 지급했다.    #경기 안산의 한 운수업체는 경영이 악화되며 사업장을 양도하는 과정에서 일괄 퇴사한 근로자 77명의 퇴직금 15억원을 지급하지 않았다. 지방고용노동청에서 사업주에게 회사 부지 매각 이후 청산하겠다는 약속을 받았다. 근로감독관은 부지 인수자를 설득해 지난달 31일 매각대금을 미리 지급하게 하고 즉시 사업주가 체불된 퇴직금을 청산하도록 했다.   고용노동부가 임금 체불에 시달리는 노동자들이 따뜻한 설 연휴를 보낼 수 있도록 체불임금 청산에 총력을 기울이고 있다. 체불노동자와 사업주에 대한 융자금리도 일시적으로 내려주는 등 생활안정도 지원한다.   고용부는 설 연휴 취약계층 노동자의 소득보호를 위해 지난달 14일~이달 1일까지 임금체불 예방 집중지도기간을 운영했다. 그동안 임금체불이 많이 발생했던 사업장, 사회보험료 체납사업장 등 임금체불 위험이 있는 사업장 3만3000여곳을 선정해 체불이 발생하지 않도록 사전 지도를강화했다.   집중 지도기간 중 전국 47개 지방노동관서에서 임금체불 신고에 신속하게 대응하기 위한 현장 관리체계를 만들어 운영했다. 지방노동청별로 '체불청산 기동반'을 운영해 건설현장 체불 등 신속한 조치가 필요한 경우 바로 현장에 출동해 해결했다. 휴일 및 야간에 긴급하게 발생할 수있는 임금체불 신고에 신속히 대응하기 위해 전국의 근로감독관들이 비상근무를 실시했다.   일시적인 경영난으로 체불이 발생한 사업주와 임금을 지급받지 못해 어려움을 겪는 노동자에 대한 융자제도의 이자율도 한시적으로 내려 노동자 생활안정 지원도 강화했다. 체불임금 청산 의지가 있는 사업주를 지원하기 위한 '체불사업주 융자제도' 이자율을 집중 지도기간 동안 한시적으로 1%p 내렸다. 체불 노동자 생활안정 지원을 위해 운영하고 있는 '임금체불 생계비 융자제도' 이자율도 같은 기간 동안 한시적으로 1%p 내렸다.   고용부는 설 이후에도 체불노동자의 생계보장을 강화하기 위해 임금체불 청산제도 개편을 추진한다. 법원 판결을 기다리느라 그동안 7개월 가량 걸리던 소액체당금 지급기간을 지방노동청 체불확인서 발급만으로 가등하도록 바꿔 지급기간을 2개월로 단축한다. 현재 퇴직자에게만 지원되는 소액체당금을 가동중인 사업장의 재직자에게도 적용한다.   현재 400만원인 소액체당금 상한액도 올해 7월부터 최대 1000만원으로 늘린다. 도산한 사업장의 퇴직자에게 지급되는 일반체당금의 지원한도액도 2020년 중 1800만→2100만원으로 늘린다.   이재갑 고용부 장관은 ""노동의 대가인 임금은 노동자 한 사람, 한사람의 소득 기반이자 부양가족과 가족공동체의 생활을 유지하게 해주는 생계의 원천""이라며 ""임금체불 노동자의 생계를 신속하고 실질적으로 보장하는 한편, 체불사업주의 임금지급책임은 끝까지 묻겠다""고 강조했다.       ▶▶[급등임박] 2019년 정부정책 최대수혜주 Top5 (바로확인)   ※주목※ 총 수수료 0원+월 0.4%대 금리 ▶ 저비용고수익 실현해볼까? (바로 가기)     [파워 인터뷰]      [관련기사] ☞ SKY캐슬 윤세아♥김병철 중년 로맨스…'4살 나이 차' ☞ 만원짜리 땅이 21배 껑충...시골 땅이 금싸라기 된 이유 ☞ 아픈데 ""자고 가라""는 시어머니…남편이 나섰다 ☞ '승리 사임' 버닝썬 ""물게 골뱅이 구함""…성관계 영상도 촬영 ☞ 공매도의 '멘붕'…삼성전자·하이닉스 반등에 ""앗뜨거""      ▶▶[급등임박] 2018년 하반기 ""정부정책"" 수혜주 TOP 10 긴급공개(바로확인)   저금리 고수익의 비밀, 1644-6960 키워드림론에서확인       세종=최우영 기자 young@    <저작권자 ⓒ '돈이 보이는 리얼타임 뉴스' 머니투데이, 무단전재 및 재배포 금지>"
41,7,"2019-02-05","06:30:00","<경제지표> 호주 AIG 서비스업지수 44.3","<경제지표> 호주 AIG 서비스업지수 44.3      [경제지표] 2019/02/05 06:30        (끝)  <저작권자(c)연합인포맥스. 무단 전재-재배포 금지.>"
42,1,"2019-02-05","06:08:11","<표> Nymex 경질원유(Light Crude Oil) 마감 동향 -2-","Jun  '26   54.21   54.21    54.21   54.21     -0.20    54.41   54.21  Jul  '26   54.27   54.27    54.27   54.27     -0.20    54.47   54.27  Aug  '26   54.27   54.27    54.27   54.27     -0.20    54.47   54.27  Sep  '26   54.28   54.28    54.28   54.28     -0.20    54.48   54.28  Oct  '26   54.30   54.30    54.30   54.30     -0.20    54.50   54.30  Nov  '26   54.36   54.36    54.36   54.36     -0.20    54.56   54.36  Dec  '26   54.34   54.34    54.34   54.34     -0.20    54.54   54.34  Jan  '27   54.29   54.29    54.29   54.29     -0.20    54.49   54.29  Feb  '27   54.30   54.30    54.30   54.30     -0.20    54.50   54.30  Mar  '27   54.27   54.27    54.27   54.27     -0.20    54.47   54.27  Apr  '27   54.27   54.27    54.27   54.27     -0.20    54.47   54.27  May  '27   54.25   54.25    54.25   54.25     -0.20    54.45   54.25  Jun  '27   54.22   54.22    54.22   54.22     -0.20    54.42   54.22  Jul  '27   54.25   54.25    54.25   54.25     -0.20    54.45   54.25  Aug  '27   54.24   54.24    54.24   54.24     -0.20    54.44   54.24  Sep  '27   54.22   54.22    54.22   54.22     -0.20    54.42   54.22  Oct  '27   54.22   54.22    54.22   54.22     -0.20    54.42   54.22  Nov  '27   54.25   54.25    54.25   54.25     -0.20    54.45   54.25  Dec  '27   54.24   54.24    54.24   54.24     -0.20    54.44   54.24  Jan  '28   54.16   54.16    54.16   54.16     -0.20    54.36   54.16  Feb  '28   54.17   54.17    54.17   54.17     -0.20    54.37   54.17    E-miNY  Contract    Open    High     Low      Last       Chg     Prev   Mar  '19  55.300  55.750   53.275    54.750   -0.500   55.250  Apr  '19  55.475  56.075   53.625    55.025   -0.525   55.550  May  '19  55.925  56.100   54.050    55.400   -0.475   55.875  Jun  '19  56.450  56.550   54.500    55.900   -0.300   56.200  Jul  '19  56.475  56.475   55.000    56.250   -0.250   56.500  Aug  '19  56.325  56.330   56.325    56.330   -0.370   56.700  Sep  '19  56.500  56.510   56.500    56.510   -0.290   56.800  Oct  '19  56.575  56.580   56.575    56.580   -0.245   56.825  Nov  '19  56.800  57.025   55.800    56.580   -0.170   56.750  Dec  '19  56.900  57.175   56.000    56.520   -0.130   56.650  Jan  '20  56.425  56.430   56.425    56.430   -0.070   56.500  Feb  '20  56.325  56.325   56.320    56.320   -0.030   56.350  Mar  '20  56.200  56.200   56.200    56.200    0.000   56.200  Apr  '20  56.075  56.080   56.075    56.080    0.030   56.050  May  '20  55.975  55.980   55.975    55.980    0.030   55.950  Jun  '20  55.825  55.900   55.825    55.890    0.065   55.825  Jul  '20  55.750  55.760   55.750    55.760    0.060   55.700  Aug  '20  55.650  55.650   55.640    55.640    0.040   55.600  Sep  '20  55.550  55.550   55.550    55.550    0.050   55.500  Oct  '20  55.450  55.460   55.450    55.460    0.035   55.425  Nov  '20  55.400  55.400   55.390    55.390    0.015   55.375  Dec  '20  55.325  55.325   55.320    55.320   -0.005   55.325  Jan  '21  55.200  55.200   55.200    55.200    0.000   55.200  Feb  '21  55.100  55.100   55.100    55.100    0.000   55.100  Mar  '21  55.000  55.010   55.000    55.010   -0.015   55.025  Apr  '21  54.925  54.925   54.920    54.920   -0.005   54.925  May  '21  54.825  54.825   54.820    54.820   -0.030   54.850  Jun  '21  54.750  54.750   54.750    54.750   -0.025   54.775  Jul  '21  54.650  54.650   54.650    54.650   -0.025   54.675  Aug  '21  54.600  54.610   54.600    54.610   -0.015   54.625  Sep  '21  54.550  54.560   54.550    54.560   -0.015   54.575  Oct  '21  54.500  54.500   54.500    54.500   -0.050   54.550  Nov  '21  54.450  54.450   54.450    54.450   -0.050   54.500  Dec  '21  54.425  54.430   54.425    54.430   -0.070   54.500  Jan  '22  54.350  54.350   54.350    54.350   -0.075   54.425  Feb  '22  54.275  54.275   54.270    54.270   -0.080   54.350  Mar  '22  54.200  54.200   54.190    54.190   -0.085   54.275  Apr  '22  54.150  54.150   54.140    54.140   -0.110   54.250  May  '22  54.100  54.100   54.100    54.100   -0.100   54.200  Jun  '22  54.075  54.080   54.075    54.080   -0.120   54.200  Jul  '22  54.050  54.050   54.050    54.050   -0.125   54.175  Aug  '22  54.025  54.030   54.025    54.030   -0.120   54.150  Sep  '22  54.025  54.025   54.020    54.020   -0.130   54.150  Oct  '22  54.025  54.025   54.020    54.020   -0.130   54.150  Nov  '22  54.025  54.030   54.025    54.030   -0.145   54.175  Dec  '22  54.025  54.030   54.025    54.030   -0.170   54.200  Jan  '23  54.000  54.000   53.990    53.990   -0.160   54.150  Feb  '23  53.950  53.960   53.950    53.960   -0.165   54.125  Mar  '23  53.950  53.950   53.940    53.940   -0.160   54.100  Apr  '23  53.925  53.930   53.925    53.930   -0.170   54.100  May  '23  53.925  53.930   53.925    53.930   -0.170   54.100  Jun  '23  53.925  53.930   53.925    53.930   -0.170   54.100  Jul  '23  53.925  53.930   53.925    53.930   -0.170   54.100  Aug  '23  53.950  53.950   53.940    53.940   -0.160   54.100  Sep  '23  53.950  53.960   53.950    53.960   -0.165   54.125  Oct  '23  54.000  54.000   53.990    53.990   -0.160   54.150  Nov  '23  54.025  54.030   54.025    54.030   -0.170   54.200  Dec  '23  54.050  54.060   54.050    54.060   -0.190   54.250  Jan  '24  54.075  54.075   54.070    54.070   -0.205   54.275  Feb  '24  54.050  54.060   54.050    54.060   -0.190   54.250  Mar  '24  54.000  54.000   54.000    54.000   -0.200   54.200  Apr  '24  54.000  54.000   54.000    54.000   -0.200   54.200  May  '24  54.000  54.010   54.000    54.010   -0.190   54.200  Jun  '24  54.050  54.050   54.040    54.040   -0.210   54.250  Jul  '24  54.050  54.050   54.050    54.050   -0.200   54.250  Aug  '24  54.050  54.050   54.050    54.050   -0.200   54.250  Sep  '24  54.050  54.050   54.040    54.040   -0.210   54.250  Oct  '24  54.050  54.050   54.050    54.050   -0.200   54.250  Nov  '24  54.100  54.100   54.100    54.100   -0.200   54.300  Dec  '24  54.150  54.150   54.150    54.150   -0.200   54.350   NOTE: It is possible for a settlement price to fall outside the daily high  and low due to an exchange's specific rules on how a settlement price  is determined.       다우존스 제공     2019. February. 04일  미국동부시간 16:09 (표준시 21:09)   ＜ⓒ종합 경제정보 미디어 이데일리 - 무단전재 & 재배포 금지＞"
42,2,"2019-02-05","06:08:01","부산 남구, 2·14 안중근의 날 행사 개최","부산 남구는 안중근 의사 순국 110년을 맞아 오는 14일 오전 10시 30분 청사 1층 대강당에서 제2회 ‘2·14 도마 안중근의 날’ 제정결의대회를 연다고 5일 밝혔다.  이 행사는 1부 기념식·선포문낭독에 이어 2부는 안중근과 어머니 조마리아 여사를 다룬 연극공연이 마련된다. 남구청 관계자는 “올해는 3.1운동 및 대한민국임시정부수립 100주년으로, 하얼빈 의거를 일으킨 안중근 의사가 일본 법정으로부터 사형 선고를 받은 2월 14일에 안중근의사 추모단체를 중심으로 ‘안중근의 날’ 제정 결의대회와 백운포 천주교묘지에 안장된 안중근 의사의 여동생 안성녀 여사의 서훈 촉구 서명활동도 함께 전개되는 뜻깊은 행사”라며 “지역주민과 학생들의 많은 참여로 나라의 독립을 위해 몸 바친 애국자의 노력함과 숭고함을 되새기는 산 교육장이 될 예정이다”고 말했다. sr52@fnnews.com 강수련 기자  ▶▶2019년 상반기 ""정부정책"" 최대수혜주 TOP 10 긴급공개(바로확인) ▶▶[초대박종목 실시간 공유]◀◀ ""누적수익률 343.9%"" 공짜로 확인!!→<<즉시 무료발송!>>  [파이낸셜뉴스 주요뉴스]  → 백두산 폭발? 산 주변서 일어나는 불길한 징조 → 65세 노인시가 5억원 집 맡기면 주택연금 얼마나 받나 → 민주당 지지율 38.2%로 하락.. 한국당은 ""이럴 수가"" → 18년된 로또, 최저 당첨금 4억.. 최고액은 무려 → 심장에 박혔던 이쑤시개 발견.. 알고보니 4년 전에  ▶ 이 종목 하나면 억대계좌 달성가능!<3시간만 무료공개>  ▶▶[급등임박 공개]◀◀ 2019년 상반기 ""정부정책""수혜주 TOP 10 긴급공개 >>> (바로확인)  ※ 저작권자 ⓒ 파이낸셜뉴스. 무단 전재-재배포 금지 "
42,3,"2019-02-05","06:07:47","[뉴욕증시] IT 강세, 나스닥 베어마켓 탈출 코앞","[뉴욕=뉴스핌] 황숙혜 특파원 = IT 대형주가 강한 상승 탄력을 보인 가운데 뉴욕증시가 오름세를 나타냈다.  지난해 말 8월 고점 대비 20% 이상 하락하며 베어마켓에 진입한 나스닥 지수가 연초 이후 가파르게 반등, 베어마켓 탈피를 목전에 둔 상황이다.   뉴욕증권거래소(NYSE)를 중심으로 한 뉴욕의 금융가 [사진=블룸버그]  투자자들은 3월1일 미국과 중국의 무역 협상 시한 종료를 앞두고 양국의행보에 촉각을 세우는 모습이다. 아울러 기업 실적과 경제 지표 향방이 주가의 단기 흐름에 결정적인 변수로 작용할 전망이다.  4일(현지시각) 다우존스 지수가 175.48포인트(0.70%) 오른 2만5239.37에 마감했고, S&P500 지수는 18.34포인트(0.68%) 상승한 2724.87에 거래를 마쳤다. 나스닥 지수는 83.67포인트(1.15%) 랠리하며 7347.54에 거래됐다.  이에 따라 나스닥 지수는 지난 12월24일 기록한 저점 6192.92에서 18% 가량 뛰었다. 지수가 7431.50을 뚫고 오르면 베어마켓을 벗어나는 셈이 된다.  장 마감 후 구글 모기업인 알파벳의 4분기 실적 발표를 앞둔 가운데 투자자들은 IT 대장주의 실적에 대체로 만족스럽다는 평가를 내놓았다.  다만, 1분기 이후 이익을 둘러싼 경계감이 작지 않다. 이날 영국 파이낸셜타임스(FT)는 월가의 애널리스트가 올해 1분기 S&P500 기업의 이익이 전년 동기 대비 0.8% 감소할 것으로 내다보고 있다.  투자자들이 이익 감소를 점친 것은 3년만에 처음이다. 이와 별도로 월스트리트저널(WSJ)은 애플부터 쓰리엠, 존슨앤 존슨 등 중국 매출 의존도가 높은 기업이 경기 한파에 따른 충격을 받을 것이라고 경고했다.  시장 전문가들은 당분간 주가 상승폭이 제한될 가능성에 무게를 두고 있다. FTSE 러셀의 알렉 영 이사는 마켓워치와 인터뷰에서 “연초 이후 급등한 증시가 감속하는 움직임”이라며 “미국과 중국의 무역 협상 돌파구가 마련되지 않으면 또 한 차례 강한 모멘텀을 기대하기는 어렵다”고 말했다.  90일 시한 종료를앞두고 도널드 트럼프 미국 대통령과 시진핑 중국 국가주석이 2차 담판을 갖기로 해 회동 결과에 관심이 집중됐다.  중국의 사우스 차이나 모닝 포스트(SCMP)는 최근 양국 정책자들이 시한 종료에 앞서 협상 연장 방안을 논의할 것이라고 보도했다.  종목별로는 실적 발표를 앞둔 알파벳이 1% 선에서 상승했고, 파파존스는 스타보드 밸류의 2억달러 투자 소식에 9% 가량 랠리했다.  테슬라는 배터리 개발 업체멕스웰 테크놀로지 인수 계획을 밝힌 가운데 1% 이내로 상승했고, 멕스웰은 40% 이상 폭등했다.  이 밖에 애플은 JP모간이 넷플릭스 인수 가능성을 제시한 가운데 3% 가까이 상승했다.  경제 지표는 부진했다. 11월 공장 주문이 0.6% 감소해 시장 예상치인 0.2%에 비해 큰폭으로 후퇴했다.      higrace@newspim.com 크렘린궁 ""푸틴·김정은 정상회담 구체사항 정해진 바 없어""  연준 긴축 ‘브레이크’에 뜨는 달러..월가 반전 경고 유가 하락에 베팅하던 월가 '백기' 힘받는 강세론    ★오늘 사면 내일 상한가 터질 대박주 100% 무료 공개! (선착순 5명)  ▶ 주식 자동 프로그램으로""月300만원""버는 男화제  ★세력 입성 전, 집중공략! 20인의 전문가가 만장일치한 급등 유력株 ""오늘""만 전격공개!"
42,4,"2019-02-05","06:05:01","하나금투 ""반도체 수출 2개월째 하락, 역성장 완화시기 주목""","반도체 수출 부진이 이어지고 있는 것으로 나타났다. 올해 1월 반도체 수출액이 23.4% 줄어들어 전달인 지난해 12월 8.3% 감소한 데 이어 두달 연속 감소했다. 상반기 하락폭 완화 시점을 주목해야한다는 평가다. 5일 하나금융투자 분석에 따르면 1월 반도체 수출액은 74억2000 만 달러로 2개월째 역성장을 나타내고 있다. 데이터센터 시설투자가 연기되고 고객사 재고 정리와 제품 가격 하락으로 지난 1월 수출액이 23.4% 감소했다. 중국, 베트남 수출이 부진해 각각 40.0%, 19.2%씩 줄어들었다. 단, 미국, 인도 수출은 양호해 각각 75.5%, 79.7% 증가했다. D램 수출 역시 16억7000만달러로 전년 ?은 기간보다 33.0% 줄어 2개월째 역성장했다. 12월 30.3% 줄어든 데 이은 감소세로 제품가격하락 때문으로 분석됐다. 다만 지표상으로 바닥 국면이라는 평가다. 2012년 이후 D램 수출 증감률이 가장 부진했을 때가 2012년 4월(-25.3%), 2015년 12월(-30.8%), 2016년 7월(-28.8%)로 마이너스 30% 내외 수준을 크게 하회하지 않는다는 것이다. SSD 수출도 2억9000만달러로 전년보다 53.5% 줄어 4개월째 줄었다. 제품가격 하락과 비수기 영향에 따른 출하 둔화가 영향을 미쳤다.  김경민 하나금투 연구원은 ""시가총액 대비 수출데이터의 후행성 때문으로 삼성전자와 SK하이닉스의 시총은 각각 2018년 4월과 5월에 정점을 기록해 반도체 수출금액의 역성장은 이보다 7~8개월 뒤인 12월부터 시작된다""며 ""3월에 수출 데이터의 하락폭이 완화된다면 반도체 대형주주가에도 긍정적인 영향이 가능하다. 2019년 상반기에 역성장폭이 완화되는 시점을 주목해야 한다고 판단된다""고 분석했다.  jiany@fnnews.com 연지안 기자  ▶▶2019년 상반기 ""정부정책"" 최대수혜주 TOP 10 긴급공개(바로확인) ▶▶[초대박종목 실시간 공유]◀◀ ""누적수익률 343.9%"" 공짜로 확인!!→<<즉시 무료발송!>>  [파이낸셜뉴스 주요뉴스]  → 백두산 폭발? 산 주변서 일어나는 불길한 징조 → 65세 노인 시가 5억원 집 맡기면 주택연금 얼마나 받나 → 민주당 지지율 38.2%로 하락.. 한국당은 ""이럴 수가"" → 18년된 로또, 최저 당첨금 4억.. 최고액은 무려 → 심장에 박혔던 이쑤시개 발견.. 알고보니 4년 전에  ▶ 이 종목 하나면 억대계좌 달성가능!<3시간만 무료공개>  ▶▶[급등임박 공개]◀◀ 2019년 상반기 ""정부정책""수혜주 TOP 10 긴급공개 >>> (바로확인)  ※ 저작권자ⓒ 파이낸셜뉴스. 무단 전재-재배포 금지 "
42,5,"2019-02-05","06:05:00","지난해 서울 원룸 월세 변동폭 '용산' 최고…서남권·동북권 부담 적어","[아시아경제 임철영 기자] 지난해 서울 원룸 월세 변동폭이 가장 큰 지역은 용산구인 것으로 나타났다. 월세 최고는 69만원, 최저는 46만원으로 23만원에 달했다.   5일 부동산 O2O 플랫폼 다방 데이터 분석센터에 따르면 지난해 서울지역(25개 구) 월간 원룸 월세 추이를 조사한 결과 6월 원룸 월세가 가장 낮았고 12월 월세는 가장 높았던 것으로 나타났다. 일반적으로 대학생과 사회 초년생의 방 구하기가 시작되는 12월에 월세가 상승하고 4월에는 월세가 하락하는 추세를 보인다.   지난 한해 원룸 월세 변동폭이 제일 컸던 지역은 용산이었다. 용산의 평균 월세는 6월 69만원, 10월 46만원으로 최고와 최저의 차이가 23 만원인 것으로 나타났다. 월세변동성(표준편차)으로 환산하면 6.14로 25개 구 중 가장 큰 변동 폭이다. 전체 평균이 2.32였다. 이어 노원 3.37, 서초 3.35, 중랑 3.08 등이 뒤를 이었다. 약 100만개 원룸 매물(전용면적 33㎡이하)을 전수 조사한 후 보증금을 1000만 원으로 일괄 조정해 산출한 결과다.   월세변동성이 낮은 지역은 미아, 장위, 수유 등 강북구로 월세변동성이 0.37에 불과했다. 최고와 최저 월세의 차이가 1만원으로 상대적으로 안정된 가격을 보였다. 서울 서남권에 속하는 강서, 관악, 구로, 금천의 월세변동성도 1에 근접해 변동폭이 크지 않았다. 금천의 경우 최고값은 36만원, 최저값은 33만원이었다.   가장 월세가 높았던 지역은 강남, 서초, 송파, 강동 등인 것으로 나타났다. 특히 강남과 서초는 월세가 가장 낮았던 4월과 5월에도 각각 56만원, 55만원을 기록했다. 다른 지역 평균 값 대비 30% 이상 높은 수준이다. 서울 서남권과 동북권이 상대적으로 월세 부담이 적은 셈이다.   강규호 다방 데이터 분석센터 파트장은 “원룸 월세 시장은 아파트 전월세, 매매 시장과 는 다른 양상을 보이는 경우가 많다”면서 “정부 정책이나, 부동산 시장의 영향보다는 주 수요층인 2030세대의 대학 입학, 취업, 결혼 등 라이프스타일에 맞춰 변동이 크다”고 설명했다.    ●2019년 정부정책 테마株 Top.5 전격 공개 [Click] ●'부자네스탁론' 월 0.4%대 금리, 100% 집중투자까지 ●'대박스탁론' 수수료없이 월 0.4%대 금리, 100% 집중투자까지 ●또 터질 수 밖에 없는 제2의 신라젠! 최소 “800%” 상승 예정! ●정부 수소차 대규모 확대 정책 ! ‘上’ 터질 종목은 ?  [관련기사]  ☞ 지난달(01월) 아파트 월세 실거래가  ☞ 용인경전철 하루 이용객 '3만명 시대' 열어  ☞ 다방-신한은행, 전월세보증금 대출 한도 조회 서비스  ☞ 신한은행-부동산플랫폼 다방, 전세대출 한도 조회 서비스  ☞ ♥심심타파♥ 또 봐도 재밌는 레전드 만화 보기!    주식 자동 프로그램으로""月300만원""버는 男화제 최근 오토레이더라는 주식 자동매매 태블릿을 사용하며 매달 300만원씩꾸준히 수익을...    올해주목받는 ""유망株"" 이슈종목 무료 공개! 증시 변동이 지속되는 가운데, 올해 들어서며 저평가되던 유망주들에 대한 투자자들의 관심이 날로 뜨거워지는…   임철영 기자 cylim@asiae.co.kr   <ⓒ경제를 보는 눈, 세계를 보는 창 아시아경제(www.asiae.co.kr) 무단전재 배포금지>"
42,6,"2019-02-05","06:04:11","국제유가, 경기 우려 속 하락…WTI 1.3%↓","국제유가는 4일(현지시간) 하락세를 나타냈다.  뉴욕상업거래소(NYMEX)에서 3월 인도분 서부 텍사스산 원유(WTI)는 전 거래일보다 배럴당 0.70달러(1.3%) 하락한 54.56달러에 거래를 마쳤다.  런던 ICE 선물거래소의 4월물 브렌트유도 오후 2시 50분 현재 배럴당 0.31달러(0.49%) 내린 62.44달러에 거래되고 있다.   미국의 경기둔화 우려가 부각되면서 유가를 끌어내렸다는 분석이다.   미 상무부에 따르면 지난해 11월 공장재 수주는 전월보다 0.6% 감소하면서 두 달 연속 하락세를 기록했다.   지난 1일 탄탄한 고용지표에 힘입어, 국제유가가 3% 안팎 급등한 탓에 가격 부담도 부각된 것으로 보인다.  한경닷컴 뉴스룸 open@hankyung.com     ▶▶[급등임박 공개]◀◀ 2019년 상반기 ""정부정책""수혜주 TOP 10 긴급공개 >>> (바로확인) ▷▷[주식 AI시대 개막]◁◁ 매수·매도 자동 프로그램으로 ""月300만원""씩 버는 회사원 화제! 최저금리로 갈아탈 수 있는 마지막 버스, 신용·미수·예담 대환하고 취급수수료할인 받자! [ 무료 주식 카톡방 ] 국내 최초, 카톡방 신청자수 38만명 돌파 < 업계 최대 카톡방 > --> 카톡방 입장하기!! ▶▶▶[초대박종목 실시간 공유]◀◀◀ ""누적 수익률 343.9%"" 공짜로 확인!!→<<즉시 무료발송!>>     관련기사 뉴욕증시 다우 0.75%↑…美셧다운 해소에 일제히 상승 뉴욕증시, 비둘기 FOMC에 환호…다우 1.77% 상승 마감 뉴욕증시, FOMC·무역협상 관망…다우 0.21%↑ 나스닥 0.81%↓ 뉴욕증시, 애플·아마존 실적 발표…FOMC 회의 주목 FOMC·무역협상·애플 실적…빅이벤트 봇물    ⓒ 한국경제 & hankyung.com, 무단전재 및 재배포 금지"
42,7,"2019-02-05","06:03:20","뛰던 유가, 美 원유 재고 증가에 숨 고르기","[머니투데이 뉴욕(미국)=이상배 특파원]     국제유가가 하락했다. 최근 급등으로 조정이 불가피한 가운데 미국의 산업지표 부진과 원유 재고 증가 소식이 기름값을 짓눌렀다.   4일(현지시간) 뉴욕상업거래소에서 3월분 WTI(서부텍사스산원유)는 전일 대비 배럴당 0.70달러(1.3%) 하락한 54.56달러에 장을 마쳤다.   국제유가의 기준물인 4월분 북해산 브렌트유는 뉴욕 현지시간 오후 3시40분 현재 전일보다 배럴당 1센트(0.02%) 내린 62.73달러를 기록 중이다. 미국 상무부에 따르면 지난해 11월 미국의 공장재 수주 실적은 전월보다 0.6% 줄었다. 당초 월스트리트저널(WSJ)은 0.1% 증가한 것으로추정했다.   시장조사업체 젠스케이프에 따르면 미국의 원유 수송 거점인 오클라호마 쿠싱 지역의 원유 재고는 지난 1일까지 일주일 간 94만3000배럴 이상 늘어났다.        ▶▶[급등임박] 2019년 정부정책 최대수혜주 Top5 (바로확인)   ※주목※ 총 수수료 0원+월 0.4%대 금리 ▶ 저비용고수익 실현해볼까? (바로 가기)     [파워 인터뷰]      [관련기사] ☞ SKY캐슬 윤세아♥김병철 중년 로맨스…'4살 나이 차' ☞ 만원짜리 땅이 21배 껑충...시골 땅이 금싸라기 된 이유 ☞ 아픈데 ""자고 가라""는 시어머니…남편이 나섰다 ☞ '승리 사임' 버닝썬 ""물게 골뱅이 구함""…성관계 영상도 촬영 ☞ 공매도의 '멘붕'…삼성전자·하이닉스 반등에 ""앗뜨거""      ▶▶[급등임박] 2018년 하반기 ""정부정책"" 수혜주 TOP 10 긴급공개(바로확인)   저금리 고수익의 비밀, 1644-6960 키워드림론에서확인       뉴욕(미국)=이상배 특파원 ppark140@gmail.com    <저작권자 ⓒ '돈이 보이는 리얼타임 뉴스' 머니투데이, 무단전재 및 재배포 금지>"
43,1,"2019-02-05","06:00:00","설연휴 다양한 이벤트와 볼거리가 있는 박물관과 미술관은 어디","[서울=뉴스핌] 이현경 기자 = 한 숨 쉬어갈 수 있는 선 연휴 기간, 다양한 전시가 관람객들을 기다리고 있다.  바쁜 일상에서 벗어나 지친 마음을 해소할 기회이기도 한 설 연휴, 미술관과 박물관은 마음의 양식을 재충전할 수 있는 전시를 다양하게 마련했다. 전시와 함께 알차게 준비된 이벤트까지 거머쥔다면 알찬 연휴는 따놓은 당상이다.  ◆ 올해는 기해년…국립민속박물관에서 복 받으세요   산제, 19-20세기, ∥ 숭실대, 학교 한국기독교박물관 [사진=국립민속박물관]  국립민속박물관은 돼지띠 해를 맞이 기획전시실2에서 오는 3월1일까지 '행복한 돼지'특별전을 연다. 이번 전시에서는 '해신 비갈라대장'을 비롯해 '(저팔계)잡상' '십이지번(돼지)' '시정, 돼지저금통' 등 유물과 사진, 동영상 등 약 70여 점을 선보인다.  이번 특별전은 돼지에 대해 몰랐던 다양한 의미를 알아볼 수 있는 전시다. '인간의 수호신' 역할을 한 돼지, 마을 공동체의 결속을 다니는 제의에 사용되는 등 선조들의 동반자로서의 의미를 지녔던 돼지의 이야기를 들여다볼 수 있다. 또 '이발소 돼지 그림', '기문둔갑첩', '돼지저금통' 등을 통해 다사단난했던 현대사를 반영한 돼지의 모습도 공개된다.  국립민속박물관은 6일과 7일, 돼지띠 관람객에게 황금돼지띠 해의 기운이 담긴 복주머니를 선착순으로 나눠주는 이벤트도 진행한다. 복을 담아가고 싶은 관람객을 위해 복주머니, 복조리, 돼지모양 가습기, 한지쟁반, 연 등 직접 만들어보는 체험 마당도 준비했다.  ◆ 서울미술관…전시도 보고 석파정도 보고   김환기 [사진=서울미술관]  서울미술관은 지난해 12월 말 신관 M2를 개관했다. 이를 기념하는 전시로 서울미술관 설립자인 안병관 회장이 직접 기획한 '거인(去人)'전이 펼쳐지고 있다. '거인'은 '묵묵히 꿈을 향해 걸어가는 사람'의 뜻을 담고 있으며 본 전시는 김환기, 서세옥, 정상화 등 한국 근현대 회화 대가들의 대형 회화 작품을 볼 수 있다. 여기에 한국 전통도자의 명맥을 이어가는이천도예명장 권영배의 달항아리 작품도 소개한다.  이번 전시에서는 김환기의 '십만 개의 점 04-73 #316'(1973)이 서울미술관 설립 이래로 최초 공개된다. 뉴욕에서 고국을 그리워하는 마음으로 수를 놓듯 캔버스에 점을 그린 '십만 개의 점'에서 점찍기 이상의 고뇌와 집중의흔적을 찾아 볼 수 있다. 그림 앞에 놓인 의자에 앉아 작품을 편하게 바라볼 수 있다. 아울러 김광섭의 시 '저녁에'를 낭독하는 배우 최불암의 목소리가 더해진 내레이션으로 깊이 있는 감상을 제안한다.   서울미술관 야외공원 [사진=서울미술관]  두 번째 기획 전시도준비됐다. 바로 '다색조선: 폴 자쿨레'으로 '아시아를 그린 서양화가'로 알려진 폴 자쿨레의 작업 세계를 엿볼 수 있다. 폴 자쿨레는 프랑스출신 작가로 아시아에서 평생을 보내며 아시아인들의 문화에 관심을 갖고 화폭에 이를 담아냈다. 이번 전시에서는 조선 후기부터 20세기 초까지 한국의 모습을 그린 다양한 작품을 감상할 수 있다.  서울미술관을 들리면서 석파정도 둘러보는 것을 추천한다. 석파정은 조선말기흥선대원군의 별장이었고 현재는 서울시 유형문화재 제26호다. 서울미술관은 2010년 문화재 복원사업을 시작으로 현재까지 문화재 상태 그대로 보존하고 연구하고 있다. 안 회장은 조경을 위해 모과나무, 산수유, 회화나무 등을 옮겨 심어왔다. 전시를 즐긴 후 석파정 야외공원에서자연을 만끽하는 여유도 느낄 수 있다.  ◆ 키스해링전…눈이 즐거워지는 팝전시   키스해링의 '피플' [사진=서울디자인재단]  디자인에 눈을 키우고 싶다면 동대문디자인플라자(DDP) 배움터 지하 2층에서 열리고 있는 '키스해링, 모두를 위한 예술을 꿈꾸다' 전(展)을 추천한다. 전시 주최측에 따르면 지난해 11월24일을 시작으로 올해 1월 말까지 집계된 관람객수가 15만명에 달하는 등 뜨거운 인기를 얻고 있다.   키스해링은 그래피티 아티스트로 하위문화인 낙서화의 형식을 빌려 새로운 회화 양식을 창조했다. 강렬한 원색과 재치와 유머 넘치는 표현으로 폭넓은 대중의 사랑을 받고 있는 현대미술 아티스트 중 한 명이다.  키스해링재단과 나카무라 키스해링컬렉션에서 키스해링 탄생 60주년을 기념해 마련된 이 전시에서는 세계평화, 인종차별 철폐, 핵 반대 등의 작가의 소신 있는 사회적 메시지를 주요작품 175점을 볼 수 있다. 나카무라 키스해링컬렉션 카오루 야나세 수석 큐레이터는 '지하철드로잉'과 대형 캔버스 '피플', '블루 프린트 드로잉'을 추천했다. 그러니 전시장에서 이 작품만큼은 집중해서 관람하길 바란다.  키스해링전은 2일~6일까지 신한카드 결제 시 추가 10% 할인을 받을 수 있다. 기본 20%까지 할인 헤택이 주어진다. 5일과 6일에는 신한카드 룰렛이벤트도 진행한다.  전시와 함께 DDP에서 진행하는 설날 이벤트도 관람객을 즐겁게 할 예정이다. 6일 오전 12시30분~오후 6시30분까지 DDP 디자인장터에서 윷놀이 이벤트와 민속놀이 체험이 펼쳐진다. 윷놀이 이벤트는 디자인장터 이용 고객을 대상으로 진행되며 윷놀이를통해 디자인장터 음료권과 티켓을 받을 수 있다. 디자인장터 방문 고객 대상으로 펼쳐지는 민속놀이체험에서는 투호, 제기차기 등을 해볼 수있다.  89hklee@newspim.com    ★오늘 사면 내일 상한가 터질 대박주 100% 무료 공개! (선착순 5명)  ▶ 주식 자동 프로그램으로""月300만원""버는 男화제  ★세력 입성 전, 집중공략! 20인의 전문가가 만장일치한 급등 유력株 ""오늘""만 전격공개!"
43,2,"2019-02-05","06:00:00","'극한직업'부터 '뺑반'까지…설 연휴 볼만한 영화는","[서울=뉴스핌] 장주연 기자 = 추석, 겨울 극장가 여파일까. 매년 많은 자본과 시간을 투자한 대작들이 쏟아지던 설 극장가가 달라졌다. 양보다는 질로 승부를 보겠다는 듯 작지만 알찬 영화들이 관객의 선택을 기다리고 있다. 코미디부터 SF까지 장르도 다양하다.   영화 '극한직업' 스틸 [사진=CJ ENM]  본격적인 연휴가 시작되기도 전에 500만 관객을 돌파하며 흥행 질주 중인 ‘극한직업’은 설 ‘필람 무비’로 손꼽히고 있다. 영화는 마약반에서 범죄조직 소탕을 위해 위장 창업한 ‘마약치킨’이 맛집으로 입소문을 타면서 벌어지는 에피소드를 다뤘다. 원 시나리오를 바탕으로 ‘완벽한 타인’(2018) 배세영 작가가 초고를쓰고 이병헌 감독이 각색과 연출을 맡았다.  이 감독의 전작 ‘스물’(2015)이 젊음의 찬란함으로 20대를 웃기고 ‘바람 바람 바람’(2018)이 기혼자들의 로망으로 중년을 웃겼다면, 이번에는 전 세대를 웃긴다. 그것도 처음부터 끝까지, 작정한 듯, 쉴 새 없이 몰아친다. 여기에 시원한 액션과 통쾌한 결말, 류승룡, 이하늬, 진선규, 이동휘, 공명 등 배우들의 맛깔나는 연기는 보너스다.   영화 '뺑반' 스틸 [사진=㈜쇼박스]  ‘극한직업’이 시원하게 웃긴다면 ‘뺑반’은 시원하게 내달린다. 뺑소니 전담반을 뜻하는 ‘뺑반’은 통제 불능 스피드광 사업가를 쫓는 뺑소니 전담반 뺑반의 고군분투 활약을 그린 범죄오락액션물이다. 대역 없이 배우들이 90% 이상 직접 소화한 자동차 추격전이 백미다. 대단히 화려하진 않지만, 제법 속도감이 있다.  4DX 버전은 레이싱카의 진동, 모션효과가 더해져 보다 실감나는 재미를 챙길 수 있다. 공효진과 조정석의 연기는 물론, 캐릭터의 극과 극 면모를 자유자재로 오가며 보여주는 류준열의 열연이 돋보인다. ‘차이나타운’(2014) 한준희 감독의 신작이다.    영화 '드래곤 길들이기3' 스틸 [사진=UPI 코리아]  어린이, 가족 관객에게는 영화 ‘드래곤 길들이기3’가 제격이다. 할리우드 애니메이션 명가 드림웍스의 대표작인 ‘드래곤 길들이기’ 시리즈의 마지막편이다. 이번에는 바이킹 족장으로 거듭난 히컵과 그의 영원한 친구 투슬리스가 누구도 찾지 못했던 드래곤의 파라다이스 히든월드를 찾아 떠나는 모험을 담았다.  1, 2편에 이어 딘 데블로이스가 각본, 감독을 맡아 시리즈를 향한 각별한 애정을 드러냈다. 화려한 고공 액션과활공 액션이 시선을 사로잡는다. 6만5000마리의 드래곤이 등장하는 장면은 특히 압권이다.     영화 '알리타: 배틀 엔젤' 스틸 [사진=이십세기폭스코리아㈜]  SF를 즐기는 관객이라면 ‘알리타: 배틀 엔젤’도 연휴 영화로 좋을 듯하다. 공중도시와 고철도시로나뉜 26세기 미래 사회를 배경으로 사이보그 소녀 알리타가 자신을 위협하는 악의 세력에 맞서는 이야기를 담았다.  제임스 캐머런 감독이 영화 ‘아바타’(2009)를 만들기 전부터 준비해 온 작품으로 직접 제작에 참여했다. 이야기를 이끄는 알리타는 100% 컴퓨터그래픽(CG)으로 구현했다. 스토리보다는 액션이 관전 포인트다.    영화 '러브 유어셀프 인 서울' 스틸 [사진=CJ CGV 스크린X]  콘서트장의 열기를 느끼고 싶은 관객에게는 방탄소년단(BTS)의 두 번째 영화 ‘러브 유어셀프 인 서울(LOVE YOURSELF IN SEOUL)’를 추천한다. 전세계 20개 도시 42회 공연 규모로 열린 ‘러브 유어셀프’ 투어의 출발점인 서울 콘서트 실황을 스크린에 펼친 작품이다.  방탄소년단의 화려한 퍼포먼스부터 멤버 RM, 진, 슈가, 제이홉, 지민, 뷔, 정국의 7인 7색 솔로 무대까지 만날 수 있다. 다면상영특별관 스크린X 버전은영화를 더욱 흥미롭게 볼 수 있는 팁이다. 콘서트 현장을 스크린X 카메라(ScreenX-CAM)로 직접 촬영해 거대한 스케일과 무대의 열기를 고스란히 전달한다.  jjy333jjy@newspim.com '극한직업',개봉 10일 만에 500만 돌파…'7번방의 선물'보다 빠르다 '드래곤 길들이기3', 역대 4DX 애니메이션 최고 오프닝 기록 [스타인터뷰] 사무치면 꽃이 핀다, 윤계상 ""노래 따라부르고 응원봉도 흔들고""…극장 문화가 달라졌다 '사바하' 이정재 ""박정민, 담백하면서도 뜨거운 배우…부럽다""    ★오늘 사면 내일 상한가 터질 대박주 100% 무료 공개! (선착순 5명)  ▶ 주식 자동 프로그램으로""月300만원""버는 男화제  ★세력 입성 전, 집중공략! 20인의 전문가가 만장일치한 급등 유력株 ""오늘""만 전격공개!"
43,3,"2019-02-05","06:00:00","'서머너즈 워' 랭커되니 게임회사 입사...""좋아하는 거 일로 하는 게 축복""","해당 자료가 없습니다."
43,4,"2019-02-05","06:00:00","[전욱휴의 골프 레슨] 중력 스피드를 이용한 50야드 피치샷!","[뉴스핌] 전욱휴 전문위원·특파원 = 50야드 전후 거리에서 핀을 공략 하게 될때 많은 마음에 부담을 가질수 있다. 바로 핀에 가까이 붙여야 한다는 생각 때문이다.    동영상 보러가기 ▼ 중력 스피드를 이용한 50야드 피치샷!    대부분 긴장 상태에서 샷을 하게 되면 팔에 의존된 샷이 만들어 질수 있다. 하지만 다운 스윙시에 몸의 흐름을 시작으로 스윙을 하면 정확한 샷을 만들수 있다. 영상에서는 중력이라는 표현을 가지고 몸의 움직임과 함께 하는 스윙을 설명하고 있다.  Chungolf@gmail.com    ★오늘 사면 내일 상한가 터질 대박주 100% 무료 공개! ( 선착순 5명)  ▶ 주식 자동 프로그램으로""月300만원""버는 男화제  ★세력 입성 전, 집중공략! 20인의 전문가가 만장일치한 급등 유력株 ""오늘""만 전격공개!"
43,5,"2019-02-05","06:00:00","[짐싸는 은행원]⑤김영대 KB 경력컨설팅센터장의 '냉정한 조언'","- 김영대 KB 경력컨설팅센터장 인터뷰 - ""30여년 은행 생활 후…재취업 막막"" - ""스스로 발로 뛰자, 강사로 자리잡아"" - ""수십년 금융 노하우 활용 고민할때"" - ""재취업자 스스로 마음가짐 바꿔야""     김영대 KB국민은행 경력컨설팅센터장이 최근 서울 동작구 사당동에 위치한 사무실에서 이데일리와 인터뷰 이후 포즈를 취하고 있다. (사진=김영대 센터장 제공)    [이데일리 김정남 기자] 김영대(58) KB국민은행 경력컨설팅센터장은 스스로를 ‘재취업자’라고 말한다. 은행원 생활 30여년 후별다른 준비없이 맞게 된 2016년 7월 명예퇴직. 이후 2년반은 고난의 연속이었다.  “실업급여를 받으며 쉬는 동안 여기저기 기웃대며퇴직한 동료들을 만났습니다. 여러 정보를 접했지만 막상 재취업을 할 곳은 안 보이더라고요. 한때 창업도 생각했습니다. 에어컨 실외기에 다는 에너지저감장치 사업을 해볼까 조사도 했는데, 전문가들은 다 말리더라고요. 그 즈음부터 불안했던 것 같습니다. 은행에서 쌓은 지식이 쓸모가 없구나 생각도 많이 했습니다.”  김 센터장은 특히 2017년 3월의 그날이 아직도 생생하다. 명예퇴직 후 8개월, 마지막 실업급여를 받은 날이다. 그는 “실업급여마저 끊기니 마음이 조급해졌다. 실업급여가 현실에 안주하게 하는 게 오히려 독이 됐다”며 “재취업은 가능한 빨리 준비하는 게 좋다는 교훈을 그때 얻었다”고 했다.  그래도 김 센터장은 운이 좋은 편이다. 실업급여가 끊긴 직후 노사발전재단 금융특화센터의 강사 관련 전직지원 프로그램을 알게 되면서다. 그는 “금융전문강사 과정을 마쳤는 데도 강의를 해달라는 곳이 아무 곳도 없어 그마저 포기하려 했다”며 “수십군데 지원을 하고 강의할 곳을 찾아다녔다. 정말 힘들었다”고 회고했다. 고생 끝에 낙이 온 걸까. “어느날 서울 목동에 있는 한 초등학교에 금융 교육을 나갔어요. 1학년 아이들한테 4시간 교육을 하고 나오려는데 20명가량 되는 반 전체 아이들이 복도에 쫙 서서 사인을 해달라고 하는 겁니다. 너무 기뻤어요.”  그렇게 강사로 조금씩 자리 잡아가던 중 국민은행 경력컨설팅센터장에 지원해 적임자로 낙점됐고, 지난해 11월부터 다시 평생을 일한 은행에서 일하고 있다. KB경력컨설팅센터는 국민은행이 2016년 11월퇴직자 재취업을 위해 설립한 기관이다.  김 센터장은 “퇴직 금융인들은 금융에 여러 분야를 융합할 수 있는 능력이 있는 인재”라며“수십년 금융 노하우의 활용을 고민할 때가 됐다”고 강조했다. 그는 “(현실적으로) 민간보다는 공공 쪽에서 먼저 해나갈 필요가 있다”며“실업급여를 받기 위해 어쩔 수 없이 가야만 하는 정부의 각 지역 고용센터에서 전직과 관련한 인력과 프로그램을 더 확대해야 한다”고 했다. 김 센터장은 아울러 “전직에 대비하는 건 사전교육이 가장 중요하다”며 “지금은 각 금융사의 전직 지원이 미미하지만 관련 프로그램의 의무화도 생각해봐야 한다”고 했다.   김 센터장은 아울러 퇴직을 앞두고 있거나, 퇴직을 이미 한 이들에게도 조언이 있다고 했다.  “금융 퇴직자의 재취업률은 매우 낮은 편입니다. 직장 생활을 할 때의 사고에서 벗어나 스스로 인식을 바꾸려는 습관을 들여야 해요. 저도 퇴직 후 처음에는 좌충우돌 했거든요. 마음가짐을 바꾸면 재취업에 성공할 가능성도 높아집니다.”     ▶[무료추천] 개인정보 수집없는 카카오톡방 입장하기!  ▶ 하이스탁론, 선취수수료 없는 월 0.3%대 최저금리 상품 출시   ＜ⓒ종합 경제정보 미디어 이데일리 - 무단전재 & 재배포 금지＞    "
43,6,"2019-02-05","06:00:00","[짐싸는 은행원]②""결국 또 치킨집""…금융권 구조조정 경착륙 주의보","- 구조조정 경착륙, 금융권 예외 아냐 - 치킨집·빵집 '서비스업종' 비중 높아 - 시중은행 전직 지원, 생색내기 그쳐 - ""40대 이상사전교육 연계성 높여야""         [이데일리 김정남 기자] 한국 경제를 뒤덮고 있는 ‘구조조정’ 키워드는 금융권도 예외가 아니다. 특히 민간 금융사를 중심을 짐을 싸는 퇴직자만 매년 수천명에 달하고 있다. 오히려 다른업계보다 구조조정 강도는 더 세다.  어떤 구조조정이든 다 똑같다. 최대한 연착륙하는 방안을 사회가 고민해야 하는 게 포인트다. 요즘 제조업도 그렇고, 자영업도 그렇다. 다만 금융권에서 퇴직자들에 대한 실질적인 활용 방안은 체계화된 게 전무하다. 수십년간 쌓인 금융노하우가 사장되고 있는 것이다. 이 때문에 금융권 내에서 계속 버티려는 중장년과 치고 올라오는 청년간 세대 갈등만 커지고, 금융사 체질개선은 더뎌지고 있다는 지적이 나온다.  ◇구조조정 경착륙, 금융권도 예외 아냐  은행연합회에서 상무이사를 지낸 마상천(62)씨는 스스로를 ‘프로 N잡러’로 부른다. 대한민국산업현장 교수직을 비롯한 여러 직업을 가졌다는 의미에서 스스로 이름 붙인 직업이다. 현직 때 임원까지 지냈기 때문에 퇴직 이후도 평탄했을 것이라고 생각하면 오산이다.  마씨는 “2013년 10월 명예퇴직을했을 때만 해도 금융권에서 다시 자리를 잡을 수 있으리라 생각했다. 금융계에서 은행과 정부기관, 언론까지 아우르며 30여년을 일한만큼 경험과 능력에서 자신이 있었다”며 “그런데 여러 이력서를 돌려봐도 정규 취업으로 이어지지는 않았다. 좌절의 연속이었고, 이러다 정말 백수가 되나 겁이 났다”고 했다. 마씨처럼 작더라도 여러 일을 하겠다는 전향적인 자세라면 퇴직 이후도 사회에 기여하며 살 수 있지만, 실상은대부분 그렇지 않다.  김옥경 노사발전재단 금융특화센터 컨설턴트는 “금융권 퇴직자는 강사 혹은 상담사를 특히 선호하고 법정관리사와 공인중개사도 많이 얘기한다”면서도 “현직에 있을 때 혜택을 받았으니 금융 지식을 사회에 환원하고 싶다는 뜻을 전하지만, 실제 재취업률은 다른 업종들에 비해 매우 낮은 편”이라고 말했다. 금융권 인사들의 ‘눈높이’를 채워줄 만한 일자리를 찾기 어려운 탓이다.   이데일리가 지난해 말과 올해 초에 걸쳐 KB국민·신한·우리·KEB하나·NH농협은행 등 5대 시중은행의 명예퇴직자를 계산해보니, 2088명으로파악됐다. 국민은행이 615명으로 가장 많았고, NH농협은행도 597명에 달했다. 증권사 등 다른 업권을 더하면 그 규모는 훨씬 커진다. 해마다수천명이 거리로 쏟아져 나오는데, 이들 중 대다수는 방황만 하고 있는 것이다. 금융권 한 관계자는 “최근 국민은행 파업 때 봤듯 금융권의더 큰 도전은 디지털화”라며 “퇴직자가 훨씬 더 많아지는 구조조정의 경착륙이 이른 시기에 올 수 있다”고 했다. 100여개의 거점 영업점만 있어도 되는 시대가 머지 않았다는 게 이 관계자의 말이다. 현재 주요 시중은행의 영업점은 1000개 안팎에 달한다.  현재 금융권 인사들의 재취업은 관련 통계가 없다. 다만 노사발전재단 금융특화센터의 통계를 보면 유추는 가능하다. 센터가 출범 초기인 2015~2016년 재취업현황을 자체 집계해보니, 60대 이상 연령층은 기타 서비스 업종에서 일자리를 가장 많이(30명) 찾았다. △경비·청소 관련직 △미용·숙박·여행·오락·스포츠 관련직 △운전·운송 관련직 △음식서비스 관련직 등이다.  국세청에 따르면 지난해 10월 기준 60세 이상~70세 미만의 서비스업 창업 증가율은 전년 동월 대비 11.44%를 기록했다. 모든 연령대를 통틀어 가장 높은 수치다. 통계청 자료를 보면 2017년 말 기준 대표자의 연령이 60세 이상인 사업체는 87만5299개로 1년새 5만1998개 증가했다. 1년간 늘어난 사업체 수의 약 74%다. 하지만 시중은행 한 관계자는 “치킨집 창업도 5억원 이상은 투자해야 한다고 한다”며 “섣불리 창업에 나섰다가 실패했다는 사례가 다반사”라고 했다. 퇴직을 앞둔 한 금융인은 “요즘은 가만히 있는 게 돈을 버는 것이라는 말이 많다”고 토로했다.  ◇정부·금융사 전직 지원, 생색내기 그쳐  상황이 이런데도 금융권은 전직 지원에 손을 놓고 있다. 금융위원회가 은행연합회, 금융투자협회, IBK기업은행 등과 함께 문을 연 ‘금융전문인력 채용관’은 발길이 끊겨 문을 닫은 상태다. 기업은행의 한 담당자는 “2012년 말 제도 시행 이후 실질적으로운영이 잘 안 됐다”며 “지금은 새로 오픈을 준비하고 있는데, 언제 다시 시작할 지는 예정돼 있지 않다”고 했다. 지난 6년여간 기업에 실제 매칭한 집계도 없다. 6년여 전 함께 사업에 참여했던 은행연합회의 인사팀 관계자는 “지금은 기업은행만 추진하고 있는 걸로 안다”고 했다. 보여주기식(式) 전시 행정의 전형적인 사례다.  주요 시중은행들도 사정은 마찬가지다. KB국민은행 정도가 40세 이상 직원을 대상으로 5년 단위로 끊어 재취업 프로그램을 운영하고 있지만, 정착됐다고 평가하기는 어렵다. 경력개발컨설팅센터를 둔 곳도 국민은행과 신한은행 정도에 불과하다. 다른 은행들은 사실상 재직자를 위한 사전교육이 미미한 실정이다.  김영대 KB국민은행 경력컨설팅센터장은 “전직 지원을 위한 사전교육은 일단 공공기관에서 확대하고, 그에 못지않게 민간에서도 추진해야 한다”며 “예컨대 45세 이후로, 일정 연령대이후 연속적인 전직 교육으로 연계성을 높이는 방안을 의무화할 필요가 있다”고 했다.  퇴직 금융인 스스로 변화가 필요하다는 조언도 적지 않다. 임희정 노사발전재단 금융특화센터 소장은 “퇴직자들이 가장 많이 묻는 게 ‘어떤 자격증을 따야 하는가’인데, 자격증만 딴다고 재취업에 도움이 되지는 않는다”며 “퇴직 전에 정말 하고 싶은 일이 무엇인지 고민하는 시간을 미리 가져야 한다”고 했다.     ▶[무료추천] 개인정보 수집없는 카카오톡방 입장하기!  ▶ 하이스탁론, 선취수수료 없는 월 0.3%대 최저금리 상품 출시   ＜ⓒ종합 경제정보 미디어 이데일리 - 무단전재 & 재배포 금지＞    "
43,7,"2019-02-05","06:00:00","[짐싸는 은행원]③최근 10년간 은행 직원 1만7천명 줄었다","- 최근 10년새 은행원 1만7천명 급감 - 증권사·보험사도 구조조정 한복판에 - 핀테크 혁명에 2차 베이비부머 등장 - 추후 금융권구조조정 더 격화할듯     2005년 이후 국내 일반은행(시중은행·지방은행·인터넷전문은행)의 매해 3분기 기준 임직원 수 추이다. 글로벌 금융위기를 기점으로 은행권의 ‘다운 사이징(몸집 줄이기)’이 급격하게 일어나고 있다. 출처=금융감독원·한국은행    [이데일리 김정남 기자] 금융권의 다운사이징(몸집 줄이기)’ 화두는 어제오늘 얘기가 아니다. 베이비부머(1955~1963년생)의 은퇴와 함께 4차 산업혁명의 파고까지 닥치면서다. 금융위기 이후 금융업권을 가리지 않고 상시 구조조정 국면에 접어들었다.  5일 금융감독원 등에 따르면 국내 일반은행의 임직원 수는 지난 2008년 4분기 10만6635명을 정점으로 계속 하락하고 있다. 지난해 3분기 현재 8만9589명으로 10년간 1만7046명이 감소했다. 그 사이 점포 수(5725개→4887개)도 838개 줄었다.  이를테면 KB국민은행의 총임직원은 2008년 3분기 기준 2만3143명에 달했으나, 지난해 3분기 1만6858명까지 쪼그라들었다. KEB하나은행의 경우 2015년 통합은행 출범 당시 1만6000명에 육박햇으나, 현재는 1만3000명에 미치지 못하고 있다.  은행뿐만 아니다. 증권사 임직원 수는 2011년 4분기만 해도 4만2759명까지 확대됐지만, 지난해 3분기 3만5502명으로 감소했다. 한때 2000개에 육박했던 점포 수도 1100여개로 줄었다. 예컨대 삼성증권의 임직원은 2010년대 초반 당시 3000명이 넘었다. 그러나 지금은 2300명을 밑돌고 있다. 나머지 증권사들의 사정도 비슷하다. 이외에 생명보험업계도 최근 5년째 몸집 줄이기에 나서고 있다.  문제는 금융권의 구조조정이 앞으로 더 격화할 수 있다는 점이다. 금융권 인사는“요즘 젊은층일수록 지점에 가서 은행원을 만난다는 생각 자체를 하지 않는다”며 “사람이 점차 필요 없어지는 것”이라고 했다.  게다가 1차 베이비부머에 이어 2차 베이비부머(1968~1974년생)도 기다리고 있다. 사회적인 청년 일자리 창출 분위기와 함께 중장년층의 고용 문제는 뒷전으로 밀릴 가능성이 높아지고 있다.     ▶[무료추천] 개인정보 수집없는 카카오톡방 입장하기!  ▶ 하이스탁론, 선취수수료 없는 월 0.3%대 최저금리 상품 출시   ＜ⓒ종합 경제정보 미디어 이데일리 - 무단전재 & 재배포 금지＞    "
44,1,"2019-02-05","05:24:03","건물주 더 이상 조물주 위에 있지 않다...부자들 건물·상가 투자 의향 대폭 감소","(구민기 건설부동산부 기자)부자들이 향후 건물·상가 투자를 줄일 것이라는 보고서가 나왔습니다. 하나금융그룹에서 매년 연초 발간하는 '한국 부자들의 자산관리 방식 및 라이프스타일' 보고서입니다. 보고서는 10억원 이상 보유한 자산가 922명을 상대로 설문한 내용을 토대로 만들어졌습니다.  보고서에 따르면 응답자의 36.5%가 가장 투자하고자 하는 부동산으로 건물·상가를 선택했습니다. 이는 작년 건물·상가를 선택한 47.6%에 비하면 11.1%포인트 떨어진 수치고 재작년 57%에 비하면 20.5%포인트 떨어진 수치입니다. 매년 10%포인트씩 떨어지는 셈이니 부자들이 빠르게 건물·상가 투자 의향을 접고 있는 것으로 보입니다.  이는 상가의 소득수익률이 하락하는 것과 관련있습니다. 보통 부자들이 상가에 투자하는 목적은 자본이득보다는 안정적인 소득원을 확보하기 위한 것입니다. 대규모 자본이득을 위해 투자하는 주택과 토지와는 사뭇 다른 느낌이죠. 그런데 30일 발표된 한국감정원에 따르면 임대료의 하락으로 중대형 상가와 소규모 상가의 소득수익률은 최근 몇년간 점점 떨어지고 있는 것으로 나타났습니다. 2015년 4.71%였던 중대형 상가의 소득수익률은 계속 악화되며 2018년에는 4.27%를 기록했고 소규모 상가는 4.21%에서 3.79%로 하락했습니다.  향후 실물경기는 더 안좋아 질 것으로 보여 소득수익률은 더욱 하락할 것으로 예상됩니다. 부자들 중 24%가 경기가 빠르게 침체될 것이라고 내다봤고 32%는 완만하게 침체될 것이라고 답했습니다. 34%는 현 상태로 정체될 것이라고 전망했습니다. 응답자의 대부분이 경기가 회복되지 않을 것이라고 생각하고 있습니다. 이 상황에서최저임금인상, 52시간 근로제로 인한 회식수요 감소 등은 자영업자 불황을 악화시키고 있습니다. 자영업 불황은 임대료 하락압박을 불러와 소득수익률은 더욱 하락할 것으로 보입니다.  물론 상가의 자본수익률은 상승하고 있습니다. 중대형상가와 소규모상가의 자본수익률은 2.56%, 2.49%를 기록했는데 이는 전년에 비해 각각 0.35%포인트, 0.2%포인트 개선된 수치입니다. 하지만 건물·상가의 가격은 장기적으로 보았을 때 임대수익이 하락하면 같이 하락할 수 있습니다. 소득수익률의 하락이 자본수익률의 하락을 유도하는 겁니다. 자본수익률이상승하는 상황이 건물·상가의 투자매력도를 크게 높이지 못하는 이유입니다.  내수경기 침체, 최저임금인상, 52시간 근로제 등 현재 자영업자들은 이중고를 넘어 삼중고에 시달리고 있습니다. 이 상황에서 건물주들은 임대료 수익을 챙기기가 쉽지 않을 겁니다. 이제 소위 '조물주 위의 건물주'라는 말이 유행했던 시기만큼 건물·상가 투자가 매력적이지 않게 된 것일지 귀추가 주목됩니다.( 끝) / kook@hankyung.com    ▶▶[급등임박 공개]◀◀ 2019년 상반기 ""정부정책""수혜주 TOP 10 긴급공개 >>> (바로확인) ▷▷[주식 AI시대 개막]◁◁ 매수·매도 자동 프로그램으로 ""月300만원""씩 버는 회사원 화제! 최저금리로 갈아탈 수 있는 마지막 버스, 신용·미수·예담 대환하고 취급수수료 할인 받자! [ 무료 주식 카톡방 ] 국내 최초, 카톡방 신청자수 38만명 돌파 < 업계 최대 카톡방 > --> 카톡방 입장하기!! ▶▶▶[초대박종목 실시간 공유]◀◀◀ ""누적 수익률 343.9%"" 공짜로 확인!!→<<즉시 무료발송!>>     관련기사 창덕궁 근처에 문화공간 연 김상헌 ""한국학 도서관으로 키울 것"" 이용호 ""홍종학, '내로남불' 우승 후보감…인사참사 진행형"" 케이피에프, 89억 규모 토지·건물 취득 결정 2억에 사서 3억에 팔았다…건물에 투자하는 이유 서울 용산서 4층 건물 무너져 60대 여성 부상    ⓒ 한국경제 & hankyung.com, 무단전재 및 재배포 금지"
44,2,"2019-02-05","05:17:34","'벼랑 끝' 마두로 ""나는 카톨릭 신자""…교황에 'SOS'","- ""베네수엘라 위기 해결 중재..긍정 답변 기다릴 것"" - 교황, 5일 로마 돌아올 때 답변 내놓을 듯..회의적     사진=AFP  [뉴욕=이데일리 이준기 특파원] 사상 초유의 ‘한 나라 두 대통령’ 사태를 겪고 있는 베네수엘라의 니콜라스 마두로 대통령이 프란치스코(사진) 교황에게 도움의 손길을 내밀었다. 미국은 물론, 유럽 주요국가들로부터 ‘사퇴 압력’이 거세지자, 종교의 힘을 빌려 난국을 뚫어보겠다는 의지로 읽힌다. 다만, 프란치스코 교황이 어느 한 쪽의 손을 들어주기는 쉽지 않을것이라는 전망이 지배적이어서 마두로 대통령은 점점 더 궁지에 몰릴 것이라는 관측이 나온다.   마두로 대통령은 4일(현지시간) 이탈리아 스카이TG24와의 인터뷰에서 “카톨릭 신자인 내가 교황에게 교리 등 대의명분을 따르고 있다고 (서한을 통해) 말했다. (베네수엘라 정정불안을 종식하기 위한) 대화 조성 과정에서 교황에게 도움을 달라고 부탁했다”고 밝혔다. 그러면서 “긍정적인 답변을 교황에게서 받길 고대한다”고 희망했다. 멕시코와 우루과이는 오는 7일 우루과이 수도 몬테비데오에서 베네수엘라 사태의 평화적 해법을 모색하기 위해 중립적인입장인 국가나 기구가 참여하는 회의를 소집했는데, 이에 대해 자신의 퇴진 운동을 주도해온 야권 지도자인 후안 과이도 의장이 불참 의사를밝히자, 이를 대신 설득해 달라는 취지다.  이날 마두로 대통령의 SOS는 독일은 물론 프랑스, 영국 등 유럽연합(EU) 주요 회원국들은이날 과이도 의장을 베네수엘라의 임시 대통령으로 공식 인정한다고 일제히 선언한 직후 나온 것이어서 주목된다. 앞서 독일 등 주요국들은지난달 26일 마두로 대통령에게 새로운 대선 시행 계획을 밝히라며 8일간의 말미를 주고 최후통첩을 보낸 바 있다.   문제는 프란치스코 교황이 마두로 대통령의 손을 들어줄 공산이 희박하다는 데 있다. 교황은 지난달 28일 파나마에서 열린 가톨릭 세계청년대회에 참석한 뒤귀국하는 비행기에서 진행한 기자회견에서는 “베네수엘라 국민 전체를 지지한다”며 어느 한 쪽 편을 들지 않을 것이라고 못 박은 바 있다. 지난 3일 역대 교황 가운데 사상 처음으로 이슬람 종교가 태동한 땅인 아라비아반도에 발을 디딘 교황은 5일 다시 로마로 돌아오는 길에 마두로 대통령의 SOS에 대한 답변을 내놓을 것으로 관측된다.     ▶[무료추천] 개인정보 수집없는 카카오톡방 입장하기!  ▶ 하이스탁론, 선취수수료 없는 월 0.3%대 최저금리 상품 출시   ＜ⓒ종합 경제정보 미디어 이데일리 - 무단전재 & 재배포 금지＞    "
44,3,"2019-02-05","05:11:33","<표> CME Group 농산물 예측 거래량 - 3:00 P.M. EST","Source: CME Group   Commodity                      Exchange   Futures &  Call       Put      Total                                            Options  Volume    Volume     Volume  SOYBEAN MEAL FUTURES               CBT     FUT         0          0      96511  SOYBEAN OIL FUTURES                CBT     FUT         0          0     102302  ROUGH RICE FUTURES                 CBT     FUT         0          0        418  BLACK SEA WHEAT FIN STL PLATTS     CBT     FUT         0          0        420  CORN FUTURES                       CBT     FUT         0          0     279556  KC  HRW WHEAT FUTURES              CBT     FUT         0          0      59634  OATS FUTURES                       CBT     FUT         0          0        494  SOYBEAN FUTURES                    CBT     FUT         0          0     163779  UREA (GRANULAR) FOB U.S. GULF S    CBT     FUT         0          0         15  UAN FOB NOLA SWAP                  CBT     FUT         0          0         45  WHEAT FUTURES                      CBT     FUT         0          0     152553  MINI-SIZED CORN FUTURES            CBT     FUT         0          0        279  MINI-SIZED SOYBEANS FUTURES        CBT     FUT         0          0        609  MINI-SIZED WHEAT FUTURES           CBT     FUT         0          0        152  LIVE CATTLE FUTURES                CME     FUT         0          0      79485  FEEDER CATTLE FUTURES              CME     FUT         0          0      18436  CASH BUTTER FUTURES                CME     FUT         0          0        127  USD MALAYSIAN CRUDE PALM CAL FU    CME     FUT         0          0        320  CASH CHEESE FUTURES                CME     FUT         0          0        438  CLASS IV MILK FUTURE               CME     FUT         0          0         39  CME DRY WHEY FUTURES               CME     FUT         0          0         12  S&P-GSCI COMMODITY INDEX FUTURE    CME     FUT         0          0         29  LUMBER110  FUTURES                 CME     FUT         0          0        504  LEAN HOG FUTURES                   CME     FUT         0          0      70893  NONFAT DRY MILK FUTURES            CME     FUT         0          0        358  CLASS III MILK FUTURES             CME     FUT         0          0        732  SOYBEAN MEAL OPTIONS               CBT     OPT      2095       2246       4341  SOYBEAN OIL OPTIONS                CBT     OPT      2037       2380       4417  CORN OPTIONS                       CBT     OPT     32975      12787      45762  CORN OLD/NEW CROP CALENDAR SPREAD  CBT     OPT        50          0         50  SHORT DATED CORN OPTIONS           CBT     OPT       674        338       1012  SOYBEAN OPTIONS                    CBT     OPT         1          0          1  SOYBEAN OPTIONS                    CBT     OPT       627        331        958  SOYBEAN OPTIONS                    CBT     OPT         2         52         54  KC HRW WHEAT OPTIONS               CBT     OPT       740        790       1530  OATS OPTIONS                       CBT     OPT         1          0          1  CORN OPTIONS                       CBT     OPT      1100          0       1100  CORN OPTIONS                       CBT     OPT      2392        726       3118  CORN OPTIONS                       CBT     OPT        37         10         47  SOYBEAN OPTIONS                    CBT     OPT     14776      12909      27685  SHORT DATED SOYBEAN OPTIONS        CBT     OPT       522        580       1102  WHEAT OPTIONS                      CBT     OPT     23856      14757      38613  WHEAT OPTIONS                      CBT     OPT         1         51         52  WHEAT OPTIONS                      CBT     OPT       163        135        298  WHEAT NEW CROP CALENDAR SPREAD     CBT     OPT         0         70         70  LIVE CATTLE OPTIONS                CME     OPT      2401       4099       6500  FEEDER CATTLE OPTIONS              CME     OPT       609        516       1125  CASH BUTTER OPTIONS                CME     OPT        10         15         25  CASH CHEESE OPTIONS                CME     OPT       641        856       1497  CLASS IV MILK OPTIONS              CME     OPT        45          0         45  LUMBER110 OPTIONS                  CME     OPT        24          8         32  LEAN HOG OPTIONS                   CME     OPT      6409       7160      13569  NONFAT DRY MILK                    CME     OPT        69        325        394  CLASS III MILK OPTIONS             CME     OPT       779        561       1340  Write to Rodney Christian at csstat@dowjones.com      다우존스 제공     2019. February. 04일  미국동부시간 15:12 (표준시 20:12)   ＜ⓒ종합 경제정보 미디어 이데일리 - 무단전재 & 재배포 금지＞"
44,4,"2019-02-05","05:10:10","[호주의 커피피플] (1) 강병우 에이커피 대표 ""우린 카페가 아닌 커피 회사""","2006년 호주서 바리스타로 시작한 1세대    세인트알리 마켓레인 등 톱 로스터리 근무  10년 만에 호주 대표 로스터리 '에이커피' 창업      스타벅스를 무릎 꿇린 나라. 호주의 커피문화는 단연 세계 최고 수준이다. 1950년대 이탈리아 이민자들은 호주에 에스프레소를 퍼뜨렸다. 1970년대 보헤미안 예술가들은 멜버른을 중심으로 그들만의 커피를, 동네 카페에서 마시기 시작했다. 호주식 커피인 플랫화이트와 롱블랙은 세계 주요 도시에서 쉽게 볼 수 있는 글로벌 커피 메뉴가 됐다. 카페라떼와 아메리카노와 비슷한 형태지만 맛은 전혀 다른 맛을 낸다. 이유는 싱싱한 생두에 있다. 오늘도 멜버른 항구에는 하루 300만 명이 마실 수 있는 생두가 들어온다. 도시에는 수백 개 카페와 로스터리가 각각의 개성으로 공존한다. 스페셜티 커피 문화도 10여년 전 일찌감치 시작됐다.  이런 커피강국에서 4~5년 전부터 한국인들의 이름이 오르내리기 시작했다. 호주 국가대표 커피 챔피언은 수년 째 한국인이 차지하고 있고, 이름난 카페와 로스터리에서 한국 청년들을 만나는 건 어렵지 않다. 자신의 브랜드를 창업한 이들도생겨나고 있다. 멜버른과 시드니에서 한국인 바리스타와 로스터들을 인터뷰했다.   ①강병우 에이커피 대표  한여름의 강한 햇살이 내리쬐는호주 멜버른 콜링우드. 지난 29일 이곳에 자리한 ‘에이커피’를 찾았다. 에이커피는 한국인 바리스타 겸 로스터인 강병우 씨(38) 가 2017년 창업한 로스터리다. 큰 창고를 개조한 듯 보이는 에이커피에 들어서자 바닥부터 천장까지 새하얀 공간, 그 안에 놓인 긴 커피바가시선을 압도했다. 공간 안쪽에는 빗자루를 들고 땀을 흘리며 바닥을 쓸고 있는 한 남자가 보였다. 강병우 에이커피 대표(38)다. 일주일에 두번. 월요일과 화요일에 그는 오로지 로스팅에만 몰두한다고 했다.  호주 바리스타와 로스터 중 그의 이름을 모르는 사람은 거의 없다. 호주 스페셜티 커피의 시작을 알린 로스터리 ‘세인트알리’, 이와 양대산맥인 ‘마켓레인’에서 로스터와 바리스타, 트레이너 등으로 일했다. 호주의 한국인 바리스타들에겐 롤모델이 된 인물이자, 호주 주류 커피세계에 발을 들인 한국인 1세대다. 2014년호주 국가대표를 뽑는 커피대회에서 테이스팅 부문 우승을 했고, 이후 커피 대회의 심사위원이 됐다. 2017년 4월에는 자신의 브랜드 ‘ 에이커피’를 창업했다. 현재 호주 커피 업계에서 수준급 로스터리로 호평받고 있다.   “2004년 워킹홀리데이를 왔다가 멜버른에 반해 2006 년 정식으로 유학을 왔어요. 그때는 사진을 공부하던 때였고, 2005년 잠깐 한국 스타벅스에서 파트타임으로 일해본 게 다였어요.”  호주의 카페에서 일하기 시작한 건 유학생 신분으로 아르바이트를 하면서다. 호주에서 바리스타로 사는 건 고된 일이다. 새벽잠을 물리치고 일어나 아침 6시30분에 카페 문을 열면 하루 종일 손님들이 들이닥친다. 하루 평균 바리스타 1인당 300~500잔, 많게는 1000잔까지도만든다. 그럼에도 다른 아르바이트보다 더 많은 돈을 벌 수 있어 현지 예술대 학생들이나 유학생들이 많이 몰린다.  “2006년엔 여기 호주에도 에스프레소 문화가 거의 전부였어요. 그러다가 멜버른 최초의 스페셜티 커피 로스터리 카페인 세인트알리를 가게 됐지요.충격 받았어요. 커피를 수백 잔씩 내리지만, 이 커피가 어디서 왔는 지 어떻게 만들어졌는 지 알 수 없었거든요.”  생두가가득 담긴 커피 포대, 그 위에 적혀있는 원산지와 생산자의 이름은 그를 매혹했다. 거대한 로스팅 기기 속에서 막 멜버른 항구에서 들여온 생두가 수 없이 많은 향을 뿜어내며 볶아질 때 그는 결심했다. ‘이거다, 한번 해보자.’    세인트알리에 여러 번 지원한 끝에 그는 당시 이 회사의 유일한 동양인으로 입사했다. 바리스타, 트레이너, 로스터로서 일했다. 몇 년 뒤 이 회사는 호주 커피씬에서 최초이자, 최대인 로스터리로 성장했다. 다른로스터리들도 속속 생겨났다. 커피에 대한 수준이 높은 호주인들은 스페셜티 커피 문화도 금방 흡수했다. 2012년 그는 또다른 대형 로스터리인 ‘마켓레인’으로 자리를 옮겼다.  “바리스타는 한계를 느낄 때가 있어요. 와인은 생산자가 병에 와인을 담아마개를 닫는 작업까지 하는데, 커피는 그렇지 않아요. 너무 많은 단계를 거쳐 한 잔의 커피가 완성되지요. 너무 손이 많이 가요. 생산자, 수확하는 사람, 생두를 보관하고 유통하는 사람, 이를 로스팅하고 갈아서 커피를 만들기까지 수십 단계가 있지요. 보다 더 앞 단계로 다가가는게 로스터 일의 매력이었어요.”   2014년 그는 호주 국가대표 커피 테이스터가 됐다. 커피업계와 미디어 등 많은 이들의 주목을 받았다. 커피대회 심사위원으로도 위촉됐다. 그러다 슬럼프가 찾아왔다. 한국을 떠난 지 10년차였다.  “그냥 한국으로 돌아가서 해볼까 하는생각도 잠깐 했어요. 어느 정도 이룬 것 같고, 그럼에도 뭔가 내 것을 해야겠다는 생각이 들었죠. 그때 스스로 이렇게 질문했어요. 기왕이면‘커피의 수도’ 멜버른에서 한번 해보는 건 어때?”  진짜 경쟁이 시작됐다. 2016년 로스터기도 사고, 브랜드명도 많들었지만 외국인이 창업을 하고, 상업 공간을 꾸리는 일은 생각보다 쉽지 않았다. 예상보다 1년 정도가 더 지난 2017년 4월 지금의 ‘에이커피’에 터를 잡고 본격적인 일을 시작했다. 그 사이 결혼을 하고, 아이도 낳았다.   “에이커피를 창업한 건 내 모든 걸 건 커피회사를 만들고 싶다는 생각 때문이었어요. 카페가 아니라 커피회사를 만들고 싶었죠.”  에이커피는 로스팅 회사인 에이커피의 철학을 보여주는 일종의 ‘쇼룸’이다. 카페처럼 커피를 주문해 바에서 마실 수도 있지만 이 공간의 주 목적은 에이커피의 원두를 찾는 사람들이 직접 와서 커피를 경험해보고 공간을 느끼는 것. 호주는 브런치 문화가 탄탄해서 베이커리나 샌드위치 등을 함께 팔지 않는 건일종의 모험이다. 한 잔에 3000~4000원 사이의 커피는 도심에서 하루 수백잔 씩을 팔아야 겨우 수익이 나는 구조다.  “한없이 투명하고, 깨끗한 커피를 만드는 것이 저의 고민이자, 철학이에요. 원두 B2B 시장이 아니라, 홈브루어들을 위한 B2C 시장을 들여다보고 있어요. 많은 이들이 에이커피를 ‘커피 데스티네이션’으로 알아주길 바랍니다.”   창업할 때 이름도 직관적으로 결정했다. 커피 한잔이라는 뜻의 ‘어 컵 오브 커피(A CUP OF COFFEE)’를 줄여 ACOFFEE로 했다. 그가 직접 로스팅한 원두 ‘울리추 와추(에티오피아 구지)’에서는 딸기와 멜론, 복숭아 향이 가득했다 ‘가치라고(케냐 무랑가 카운티)’에서는 여러가지 베리의 향이, ‘로스 캐퓰린(과테말라 후에후에테낭고)’에서는 부드러운 바닐라와 달콤한 설탕의 뒷맛이 올라왔다. 강 대표의 로스팅 원칙은 두 가지다. 에이커피의 원두 패키지에도 적혀있는 말. ‘Preserve natural flavours(내추럴한 향은 지키고), Enhance distinctive characteristics(특별한 개성은 최고로 끌어올릴 것).’   ■ 강병우(BW Kang) 대표 주요 경력 2016년 멜버른 ACOFFEE 창업 2015년 호주국가대표 커피대회 테이스팅 챔피언 코치 2014년 호주국가대표 커피대회 테이스팅 챔피언 1위 2014년 월드바리스타챔피언십(WBC) 호주 국가대표 출전, 테이스팅 챔피언십서 5위 2012년 멜버른 로스터리 ‘마켓레인’ 수석 로스터 2011년 멜버른 큐그레이더(생두감별사)자격 보유 2006년 멜버른 로스터리 ‘세인트알리’ 바리스타 겸 로스터  멜버른=김보라 기자destinybr@hankyung.com     ▶▶[급등임박 공개]◀◀ 2019년 상반기 ""정부정책""수혜주 TOP 10 긴급공개 >>> (바로확인) ▷▷[ 주식 AI시대 개막]◁◁ 매수·매도 자동 프로그램으로 ""月300만원""씩 버는 회사원 화제! 최저금리로 갈아탈 수 있는 마지막 버스, 신용·미수·예담 대환하고 취급수수료 할인 받자! [ 무료주식 카톡방 ] 국내 최초, 카톡방 신청자수 38만명 돌파 < 업계 최대 카톡방 > --> 카톡방 입장하기!! ▶▶▶[초대박종목 실시간 공유]◀◀◀ ""누적 수익률 343.9%"" 공짜로 확인!!→<<즉시 무료발송!>>     관련기사 (2) 멜버른 10대 커피 '듀크스'의 간판…제주청년의호주 정복기 비행기 표 지금 사면 당신은 '호갱' '스벅' 퇴출시킨 콧대 높은 호주인들, 한국인 바리스타 커피엔 '엄지척' 5000원짜리 호두과자 팔아 번 돈이 무려… ""결혼 후 매달 용돈 50만 원씩 보내라구요?""    ⓒ 한국경제 & hankyung.com, 무단전재 및 재배포 금지"
44,5,"2019-02-05","05:09:35","[호주의 커피피플] (2) 멜버른 10대 커피 '듀크스'의 간판…제주청년의 호주 정복기","2015년과 2016년 호주 테이스터스컵 챔피언  100년 원두 무역기업인 '베넷'에 근무하며   멜버른 듀크스커피 바리스타로 활약       ②고현석 듀크스커피 바리스타  스타벅스를 무릎 꿇린 나라. 호주의 커피 문화는 단연 세계 최고 수준이다. 1950년대 이탈리아 이민자들은 호주에 에스프레소를 퍼뜨렸다. 1970년대 보헤미안 예술가들은 멜버른을 중심으로 그들만의 커피를, 동네 카페에서 마시기 시작했다. 호주식 커피인 플랫화이트와 롱블랙은 세계 주요 도시에서 쉽게 볼 수 있는 글로벌 커피 메뉴가 됐다. 카페라떼와 아메리카노와 비슷한 형태지만 맛은 전혀 다른맛을 낸다. 이유는 싱싱한 생두에 있다. 오늘도 멜버른 항구에는 하루 300만 명이 마실 수 있는 생두가 들어온다. 도시에는 수백 개 카페와로스터리가 각각의 개성으로 공존한다. 스페셜티 커피 문화도 10여년 전 일찌감치 시작됐다. 이런 커피강국에서 4~5년 전부터 한국인들의 이름이 오르내리기 시작했다. 호주 국가대표 커피 챔피언은 수년 째 한국인이 차지하고 있고, 이름난 카페와 로스터리에서 한국 청년들을만나는 건 어렵지 않다. 자신의 브랜드를 창업한 이들도 생겨나고 있다. 멜버른과 시드니에서 한국인 바리스타와 로스터들을 인터뷰했다.      멜버른의 아침은 커피와 함께 깨어난다. 동네 카페들은 오전 7시면 모든 준비를 마친다. 사람들은 출근길에 단골 카페에 들러 ‘모닝 커피’로 하루의 에너지를 채운다. 카페가 문 닫는 4~5시까지 발길은 끊이지 않는다. 하루 서너 번씩 같은 카페에서 같은 메뉴를 주문하는 사람들도 많다. 멜버른 10대 카페를꼽으면 늘 상위권에 드는 곳. 플린더스레인에 있는 듀크스커피 로스터스(Dukes Coffee Roasters)얘기다. 이 카페의 커피바는 수년 째 ‘해리’가 지키고 있다. 해리는 2012년 호주로 건너간 12년차 바리스타 고현석 씨(35)다.    멜버른에 며칠 머무는 동안 그를 두 번 만났다. 처음 만난건 보크스트리트의 ‘카페내틱스’에서다. 고 씨는 후배 김민기 씨가 수석 바리스타로 있는 이 카페를 잠시 빌려 2주 뒤 있을 호주커피챔피언십 준비에 열중하고 있었다. 같은 원두를 각각 미세하게 달리 추출해 맛과 향과 수율 등을 체크하고 있었다. 방해하는 것 같아 인터뷰를 머뭇거리자 그는 “어차피 자정까지 할 거라서 괜찮다”며 시원하게 웃었다.    그는 2015년과 2016년에 이미 컵테이스터스 부문에서 두차례나 호주 국가대표로 선발돼 세계 대회에 출전했다. 컵테이스터스는 아주 비슷한 3잔의 커피를 놓고 맛을 본 뒤 커피의 종류를 정확히 구분해내는 대회다. 셀 수 없는 연습은 물론 완벽한 컨디션 조절로 대회 당일 미각을 완전히 깨워야 한다. 총 8번의 기회가 있는데 고씨는 대회 당시 8개를 순서대로 모두 정확하게 맞췄다. 그는 언젠가부터 매년 열리는 바리스타 대회가 가까워지면 몇 주에 걸쳐 미각을 예민하게 유지하기 위해 향과 간이 거의 배제된 ‘무미(無味)’의 음식을 먹는다. 대회가 가까워지면 얼굴이 핼쑥해지고, 끝난 뒤에 다시 살이오르는 걸 반복한다. 다음 주에 열리는 대회에서 그는 필터커피를 내리고 이를 심사위원들에게 프레젠테이션하는 ‘브루어스컵’에 도전한다.    고씨가 처음부터 호주에서 커피로 이름을 알렸던 건 아니다. 제주 출신인 그는 커피와 와인에 관심이 많아 20대 중반쯤 무작정 서울로 왔다. 한국의 한 로스팅 카페에서 우연히 일하게 됐고, 4년 만에 점장 자리에 올랐다. 서른 살이 가까워지자 한국을 벗어나 막연히 다른 경험을 해보고 싶었다. 워킹홀리데이로 호주에 와 자신 있게 카페에 이력서를 냈다. (물론 커피농장, 바나나 농장 등에서 일한 경험도 있다.)    “서울의 카페에서 점장까지 지냈는데 그때는 술술 잘 될 줄 알았어요. (멜버른이 그렇게 커피로 유명한 도시인 줄도 모르고) 무모했던 거죠. 영어가 가장큰 벽이었어요. 카페 대표들은 이력서 보고 일단 와서 해보라고 한 뒤 2시간 정도 실제 커피바에서 일하는 걸 지켜보거든요. 말을 제대로 못하니 사실 처음엔 여러 번 퇴짜도 맞았습니다.”    오기가 생겼다. 허드렛일부터 다시 시작했다. 마치 한국에서의 시간은 존재하지 않았던 것처럼. 그는 “호주에서 바리스타라는 직업은 서비스업보다는 전문기술직에 가깝다”고 했다. 다른 일자리보다 더 많은 월급을 받는 것도 이 때문이다. 서울에서 바리스타 1명이 하루 커피 몇 십 잔 내릴 때 멜버른에선 1명이 300~500잔 만드는 건 기본이다. 숨쉴 틈도 주지 않는다. 숙련되지 않으면 할 수 없는 일이고, 반대로 한 번 마음먹고 시작하면 단기간에 실력이 크게 오르는 일이기도 하다. 먼저 호주에서 바리스타로 일하고 싶어하는 후배들에게 “필드에 뛰어들려면 영어 공부는 아무리 더 하고 오라고 강조해도 모자라지 않는다”고 했다.    카페 견습생부터 시작해 온갖 허드렛일을 하던 그는 조용히 챔피언십을 준비했다. 2014년 컵테이스터스 챔피언인 강병우 에이커피 대표에게 많은 것들을 배웠다. 그 배움의 시간이 쌓인 결과, 2015년과 2016년 그에게 호주 챔피언 타이틀이 돌아왔다.  한 번도 어렵다는 챔피언 타이틀을2년 연속 따내고도 그는 계속 도전 중이다. 한 번의 우승은 대형 로스터리의 스카우트 계약, 월드 투어 등의 기회가 자연스레 찾아온다. 그에게도 그랬다. 한 순간에 삶이 달라졌고, 동료들과 카페 손님들의 시선도 바뀌었다. 하지만 그는 우승한 뒤 더 겸손해졌다. 그 타이틀에 걸맞게 더 커피를 공부하고 연구해야겠다는 생각을 했을 뿐이라고 했다. 스카우트 제의 등을 모두 거절하고 그는 호주 커피 문화의 뿌리가 되는회사에 들어갔다. 호주의 100년 기업으로 커피 생두와 차 무역을 하는 ‘베넷’에서 생두 트레이더, 샘플 커퍼와 로스터 등의 여러 역할을 맡고 있다. 목요일과 토요일에는 새벽잠을 떨치고 일어나 듀크스커피로 향한다. 그의 계속되는 대회 출전은 아마도 남을 이기기 위한 승부욕 때문이 아니라 나를 스스로 검증하고 나아가게 하려는 목적이 아닐까.  목요일 늦은 오후 듀스크커피의 커피바 안에는 전혀 다른 모습의 해리가 있었다. 카페를 찾는 사람들은 반갑게 그의 이름을 부르며 안부를 묻고 인사를 했다. “오랜만에 온 단골인가보다”고 살짝 물었다. 웃으며 돌아온 그의 대답은. “저 분은, 오늘만 다섯 번째 오는 거에요.”  멜버른=김보라 기자 destinybr@hankyung.com    ▶▶[급등임박 공개]◀◀ 2019년 상반기 ""정부정책""수혜주 TOP 10 긴급공개 >>> (바로확인) ▷▷[주식AI시대 개막]◁◁ 매수·매도 자동 프로그램으로 ""月300만원""씩 버는 회사원 화제! 최저금리로 갈아탈 수 있는 마지막 버스, 신용·미수·예담 대환하고 취급수수료 할인 받자! [ 무료 주식카톡방 ] 국내 최초, 카톡방 신청자수 38만명 돌파 < 업계 최대 카톡방 > --> 카톡방 입장하기!! ▶▶▶[초대박종목 실시간 공유]◀◀◀ ""누적 수익률343.9%"" 공짜로 확인!!→<<즉시 무료발송!>>     관련기사 (1) 강병우 에이커피 대표 ""우린 카페가 아닌 커피 회사"" 비행기 표 지금 사면 당신은 '호갱' 5000원짜리 호두과자 팔아번 돈이 무려… ""결혼 후 매달용돈 50만 원씩 보내라구요?"" 봄 성수기 앞두고 발포주 시장 '전운'…수성·도전 갈림길    ⓒ 한국경제 & hankyung.com, 무단전재 및 재배포 금지"
44,6,"2019-02-05","05:08:40","[유럽마감] 경기침체 우려+브렉시트 불확실성에 '혼조'","[머니투데이 뉴욕(미국)=이상배 특파원]      유럽증시가 혼조세로 마감했다. 경기침체 우려와 '브렉시트' 관련 불확실성(영국의 유럽연합 탈퇴) 관련 불확실성이 증시를 짓눌렀다.     4일(현지시간) 유럽증시에서 범유럽지수인 스톡스유럽600지수는 전일 대비 0.06% 오른 359.92로 거래를 마쳤다. 영국 FTSE100지수도 7034.13 으로 전일에 비해 0.20% 상승했다.    반면 프랑스 CAC40지수는 0.38% 떨어진 5000.19로, 독일 DAX지수는 직전 거래일 대비 0.04% 내린 1만1176.58로 장을 마쳤다.   영국의 1월 건설업 구매관리자지수(PMI)는 50.6로, 지난해 3월 이후 최저 수준으로 떨어졌다. 브렉시트 관련 불확실성이 건설업에 악재로 작용하고 있다는 분석이다.       ▶▶[급등임박] 2019년 정부정책 최대수혜주 Top5 (바로확인)   ※주목※ 총 수수료 0원+월 0.4%대 금리 ▶ 저비용고수익 실현해볼까? (바로 가기)     [파워 인터뷰]      [관련기사] ☞ SKY캐슬 윤세아♥김병철 중년 로맨스…'4살 나이 차' ☞ 만원짜리 땅이 21배 껑충...시골 땅이 금싸라기 된 이유 ☞ 아픈데 ""자고 가라""는 시어머니…남편이 나섰다 ☞ '승리 사임' 버닝썬 ""물게 골뱅이 구함""…성관계 영상도 촬영 ☞ 공매도의 '멘붕'…삼성전자·하이닉스 반등에 ""앗뜨거""      ▶▶[급등임박] 2018년 하반기 ""정부정책"" 수혜주 TOP 10 긴급공개(바로확인)   저금리 고수익의 비밀, 1644-6960 키워드림론에서확인       뉴욕(미국)=이상배 특파원 ppark140@gmail.com    <저작권자 ⓒ '돈이 보이는 리얼타임 뉴스' 머니투데이, 무단전재 및 재배포 금지>"
44,7,"2019-02-05","05:05:54","연준 긴축 ‘브레이크’에 뜨는 달러..월가 절벽 경고","[뉴욕=뉴스핌] 황숙혜 특파원 = 미국 연방준비제도(Fed)의 긴축 사이클 ‘브레이크’와 이에 따른 미 국채 수익률 하락에도 달러화가 상승 탄력을 받고 있어 주목된다.  헤지펀드를 중심으로 투기 거래자들의 상승 베팅이 대폭 늘어난 가운데 달러/엔 환율이 지난해 말 이후 처음으로 110엔 선을 뚫고 오르는 등 주요 통화에 대한 달러화 강세 흐름이 두드러진다.   달러화 [사진=블룸버그]  미국 경제의 상대적인 저항력과 중국의 유동성 공급에 따른 달러화 수요 증가, 여기에 1월 고용 지표 호조가 달러화에 상승 동력을 제공했다는 분석이다.  다만, 월가의 일부 투자은행(IB)은 급격한 반전 가능성을 경고하고 있다.  올 연말 달러/엔 환율이 102엔선까지 밀리는 한편유로/달러가 1.31달러까지 뛸 것이라는 전망이다.  4일(현지시각) 뉴욕외환시장에서 달러/엔 환율이 110엔 선을 상회, 장중 한 때 110.12엔까지 올랐다. 달러/엔이 110엔 선을 넘은 것은 지난해 12월28일 이후 처음이다.  달러화는 유로화와 파운드화에 대해서도 0.3% 내외로 상승했고, 6개 바스켓 통화에 대한 달러 가치를 반영하는 달러 인덱스 역시 0.3% 가량 오르며 95.85에 거래됐다.  연준의 정책 기조반전에 약세 흐름을 보였던 달러화가 모멘텀을 회복, 월가의 뜨거운 감자로 부상했다.  이날 미 상품선물거래위원회(SEC)에 따르면 투기 거래자들의 달러화 상승 베팅이 2015년 12월 이후 최고치를 기록했다.  토론토 소재 캠브리지 글로벌 페이먼트의 칼 샤모타 전략가는 CNBC와 인터뷰에서 “달러화 반전이 뚜렷하다”며 “연준의 비둘기파 기조에 국채 수익률 전망이 후퇴했지만 미국의 상대적인 경제 펀더멘털호조가 탄력을 제공하는 상황”이라고 설명했다.  지난주 미 노동부가 발표한 1월 비농업 부문 신규 고용은 정부 셧다운 사태에도 30만4000건에 달했고, 기업 4분기 실적 역시 긍정적이라는 평가다.  반면 독일을 필두로 한 유럽 경제 지표 둔화가 유로화에 하락 압박을 가하고 있고, 이는 상대적으로 달러화를 밀어올리는 효과를 내고 있다는 분석이다.  연준이 긴축 사이클을 중단했다는 의견에 힘이 실리면서 위험자산에 대한 투자자들의 ‘입질’이 재개된 상황은 엔화에 대한 달러화 강세의 배경으로 꼽힌다.  하지만 달러화가 정점을 찍고하락할 것이라는 주장이 나와 관심을 끌고 있다. 모간 스탠리는 투자 보고서를 내고 “미국 자산에 대한 헤지 비용이 역대 최고치로 뛰었고, 이 때문에 해외 투자자들이 달러 자산을 팔아치우면서 달러화 강세 흐름에 제동이 걸릴 것”이라고 전망했다.  모간 스탠리는 연말 달러/엔 환율과 유로/달러 환율을 각각 102엔과 1.31달러로 제시했다. 달러화가 올해 말까지 엔화와 유로화에 대해 각각 7%와 15% 내외로 급락할것이라는 얘기다.  노무라 역시 해외 투자자들의 달러화 자산 매도 가능성을 점치고 있다. 해외 투자자들의 달러 자산 매입이 미국 투자자의 해외 자산 매입보다 기우는 양상을 보이고 있어 수급 불균형에 따른 달러화 하락이 불가피하다는 판단이다.  이 밖에 블룸버그는미국 경제 지표의 둔화와 연준의 금리인상 중단에 따른 국채 수익률 후퇴가 궁극적으로 달러화에 악재로 작용할 것이라고 강조했다.     higrace@newspim.com 3년 연속 오른 엔화 2019년도 '날개' 월가 장밋빛 전 세계 中銀들 금 사재기...무역긴장 속 미달러 탈피 움직임 美 셧다운 장기화, 미달러와 국채 수요 하방 리스크 연준 긴축사이클 ‘종료’ 월가 금리인하 베팅 봇물 美 연준 금리인상 사실상 '브레이크' 월가 축포    ★오늘 사면 내일 상한가 터질 대박주 100% 무료 공개! (선착순 5명)  ▶ 주식 자동 프로그램으로""月300만원""버는 男화제  ★세력입성 전, 집중공략! 20인의 전문가가 만장일치한 급등 유력株 ""오늘""만 전격공개!"
45,1,"2019-02-05","04:05:04","'바닥 잡은' 베스파, 하반기 신작 출시로 성장 '시동'","[머니투데이 박계현 기자] [12월 코스닥 상장 이후 공모가 하회…""PER 7.5배 수준 저평가""]      '킹스레이드' 개발사 베스파가 올해 신작 출시로 최소 20% 이상 매출 성장을 목표로 하고 있다. 대표작인 '킹스레이드' 역시 일본 시장에서흥행을 이어가고 있으며 북미·중국 등으로 시장을 점차 확대해 나간다는 계획이다.   5일 관련업계에 따르면 베스파는 올해 하반기부터 개발 자회사인 넥사이팅스튜디오와 사내 개발조직인 마트료시카스튜디오가 개발한 신작을선보일 계획이다.   마트료시카 스튜디오는 북미·유럽 시장을 겨냥한 캐주얼 전쟁게임 '프로젝트S'를 개발하고 있으며 올해 3분기 출시될 예정이다. 넥사이팅스튜디오는 일본 시장을 타깃으로 수비형 RPG(역할수행게임)를 개발하고 있다. 오는 2020년 1분기 출시 예정이다.   지난해 12월 3일 코스닥 시장에 상장한 모바일게임 전문 개발사인 베스파는 지난해까지 매출액 전액을 모바일게임 '킹스레이드'에서 벌어들였다. 지난해 3분기 누적 기준 매출액 816억원, 영업이익 215억원, 당기순이익 39억원을 기록했다. 전체 매출 비중의 88%가 해외에서 벌어들이는 금액이다.   회사는 공모가 3만5000원으로 상장했지만 지난 1일 종가 기준 2만4200원으로 공모가를 44.6% 밑돌고 있다.   증권시장 전문가들은 하반기 게임업종 투자심리가 악화되며 베스파 주가가 업종 대비 지나치게 저평가됐다고 보고 있다. 게임업종 평균 PER( 주가수익비율)이 30배에 형성되는데 비해 베스파의 지난해 연환산순이익을 반영한 PER는 7.5배 수준에 불과하다.   심의섭 유안타증권 연구원은 ""RCPS(상황전환우선주)의 보통주 전환에 따른 평가손실액 1333억원을 제외하면 지난해 순이익 반영시 PER이 7.5 배까지 낮아진 상황""이라며 ""올해 '킹스레이드'의 안정적인 매출 성장세와 신작 기대감이 더해질 경우 기업가치 재평가가 이뤄질 것으로 보인다""고 전망했다.   대표작인 '킹스레이드'는 일본 애니메이션 그래픽 스타일을 채용해 ARPU(객단가)가 높은 시장으로 꼽히는 일본 시장에서 지난 3분기 기준 매출액 204억원을 기록했다. 3분기 매출액의 50.2%가 일본 시장이다.   베스파 관계자는 ""일본 시장은 매출 탄력성이 뛰어난 시장으로 영웅 수집형 RPG 특성상 캐릭터·게임에 충성도가 높은 이용자층을 확보했다"" 며 ""성장세가 회사 예상보다 훨씬 견조하다""고 설명했다.   회사는 자체 배급(퍼블리싱) 역량을 쌓아 향후 북미시장의 이용자층을 넓혀갈 계획이다. 3분기 기준 북미 매출은 54억원으로 전체의 13% 수준이었다.   성현동 KB증권 연구원은 ""'킹스레이드'는 제품수명주기(PLC) 장기화에 유리한 수집형 RPG""이라며 ""향후 양질의 서비스와 운영 제공 여부에 따라 안정적인 매출을 지속할 가능성이 높다""고 분석했다.      ▶▶[급등임박] 2019년 정부정책 최대수혜주 Top5 (바로확인)   ※주목※ 총 수수료 0원+월 0.4%대 금리 ▶ 저비용고수익 실현해볼까? (바로 가기)     [파워 인터뷰]      [관련기사] ☞ 삼성전자, 18년 만에 갈아치운 증시 신기록 ☞ 활주로엔 비행기 대신 '고추'…정기노선도 없는 국제공항 ☞ 안희정 재판부, '여중생 성관계' 60대남성은 무죄… 왜? ☞ '이영자픽 국밥' 있는 곳…덕평휴게소 알바 해보니 ☞ 인구500만에 공항만 5개, ""공항은 정치거물 전쟁터""      ▶▶[급등임박] 2018년 하반기 ""정부정책"" 수혜주 TOP 10 긴급공개(바로확인)   저금리 고수익의 비밀, 1644-6960 키워드림론에서확인       박계현 기자 unmblue@    <저작권자 ⓒ '돈이 보이는 리얼타임 뉴스' 머니투데이, 무단전재 및 재배포 금지>"
45,2,"2019-02-05","04:01:26","'채권왕' 빌 그로스, 48년 몸담았던 채권시장과 작별..'은퇴'","- ""그동안 신뢰·지지 보내준 고객들에 감사"" - '갈등' 핌코 측도 ""채권관리 선구자"" 칭송     사진=AFP  [뉴욕=이데일리 이준기 특파원] ‘채권왕’으로 불렸던 빌 그로스(75·사진)가 채권시장에 작별을 고했다. 채권시장의 한 시대가 막을 내리게 된 셈이다.  빌 그로스가 재직 중인 야누스 헨더슨 캐피털 그룹은 4일(현지시간) “그로스가 내달 1일 자로 은퇴한다”고 공식 발표했다. 그로스도 별도의 성명을 내어 “지난 40여 년간 멋진 여행을 했다. 항상 고객 이익을 위해 노력했고, 액티브 채권투자 기법을 새롭게 개발하려고 했다”며 “그동안 고객들이 보내준 신뢰와 지지에 감사할 뿐”이라고 전했다.  그로스는 1971년 핌코(PIMCO)를 공동 설립, 세계 최대 채권투자 회사로 키운 인물로 유명하다. 그가 운용한 토털리턴 펀드는 한때 15년간 연평균 6.22%에 달하는 수익률을 기록, 자산이 3000억달러에 달하면서 ‘채권왕’이라는 별명을 얻었다. 핌코와의 내부 갈등으로 회사를 나온 그로스는 2014년 야누스 헨더슨에 합류했다. 그러나 예전 같은 예측력을 발휘하지 못하면서 ‘채권왕’ 타이틀을 제프라 건들락 더블라인캐피털 최고경영자(CEO)에게 빼앗기기도 했다.   그럼에도, 월가(街)에서 그로스가 차지하는 영향력은 막대했다. 한때 보너스·보상금 등을 놓고법정 공방을 벌였던 핌코 측은 이날 “그로스는 액티브 채권관리의 선구자”라고 치켜세운 뒤 “잘 지내길 바란다”고 밝혔다. 핌코는 ‘빌그로스 상(award)’을 제정, 매년 시상할 예정이다.  평소 그로스와 냉담한 사이였던 엘 엘리언 알리안츠 수석경제자문도 “빌 그로스는 많은 투자자가 오늘날에도 여전히 사용하고 있는 투자접근법과 프레임워크 혁명을 남긴 인물”이라고 회고했다.     ▶[무료추천] 개인정보 수집없는 카카오톡방 입장하기!  ▶ 하이스탁론, 선취수수료 없는 월 0.3%대 최저금리 상품 출시   ＜ⓒ종합 경제정보미디어 이데일리 - 무단전재 & 재배포 금지＞    "
45,3,"2019-02-05","04:00:11","NBER ""완화적 통화 정책, 기업 독점 초래""","(뉴욕=연합인포맥스) 곽세연 특파원 = 미국 국가경제연구국(NBER)은 초저금리가  예상치 못한 방법으로 경제에 피해를 줬다고 주장했다.      4일 월스트리트저널에 따르면 NBER의 보고서는 ""금융위기 동안과 그 이후에 주요  중앙은행들이 추구했던 통화 정책이 기업들의 독점력을 키웠다""고 지적했다.      NBER은 ""대기업은 값싼 대출 비용을 이용하는 데 더 좋은 위치에 있었고, 이런  점 때문에 중소기업에 대한 지배력을 키우는 데 도움이 됐다""며 ""그 결과 생산성 약  화, 경제의 역동성 감소가 나타났다""고 지적했다.      저널은 NBER의 논문이 이 부분에 초점을 맞추고 있는 것은 아니지만, 강한 고용  시장에도 임금 상승이 그렇게 약한지는 설명하는 데 도움이 된다고 지적했다.      sykwak@yna.co.kr  (끝)  <저작권자(C)연합인포맥스뉴스. 무단 전재-재배포 금지.>"
45,4,"2019-02-05","04:00:00","뜨거워지는 몽골 하늘길 쟁탈전…물밑 신경전 가열","[아시아경제 유제훈 기자] 인천(서울)~몽골 울란바토르 항공운수권을 둘러싼 업계의 쟁탈전이 점차 격화되고 있다. 업계에선 ""몽골의 특성상 언제 다시 하늘길이 확대될 지 장담할 수 없다""며 사활을 거는 양상이다.   5일 업계에 따르면 항공업계는 오는 2~3월 중 실시될 인천~몽골 운수권 배분을 둔 물밑경쟁을 이어가고 있다. 인천~몽골 노선은 몽골 당국의 정책에 따라 지난 20년간 대한항공과 몽골 측 미야트몽골항공이 독점 운항 해 왔다.   업계의 신경전이 치열하게 전개되고 있는 이유로는 몽골 노선의 사업성이 꼽힌다. 국토교통부에 따르면 지난해 한국~몽골 여객수요는 33만명에 달했고, 연평균 여객성장률 역시 11%에 육박한다.   항공업계 한 관계자는 ""몽골 노선은 비수기 탑승률은 50~60% 안팎이지만 성수기엔 90%대로 껑충 뛰어오른다""면서 ""한국을 찾는 몽골인, 환승객 수요 등을 감안하면 성장성이 높은 노선 중 하나""라고 설명했다.   300여만명 수준에 그치는 몽골의 인구, 항공산업 기반 등을 감안할 때 노선 확대가 쉽지 않으리라는 점 역시 각 사의 경쟁을 부추키는 요소다. 또 다른 업계 관계자는 ""비슷한 시기 노선이 확대되는 싱가포르의 경우 신규 터미널 공사가 완료되면 추후에도 노려볼 수 있는 여지가있는 반면, 몽골의 경우 공항 규모도 작고 시장도 작아 언제 노선이 추가로 열릴지 기약하기 어려운 상황""이라고 밝혔다.   그런만큼 업계는 최근 몽골과의 인연을 부쩍 강조하고 있다. 부정기편 취항이력을 꺼내드는 한편, 몽골에서의 사회공헌 활동을 부각시키기도 한다. 운수권 배분에서 유리한 고지를 점유하기 위해서다.   업계 일각에선 늘어난 좌석 수(주3회, 870여석)을 감안할 때 대형항공사가 유리한 고지를 점할 수 있다는 주장이 제기된다. 현재 저비용항공사(LCC) 들이 주력기로 사용 중인 B737-800NG는 최대 좌석수가 189석에 그치는 반면, 대형항공사는 200~300석 규모의 중·대형기 역시 운용하고 있는 까닭이다.   하지만 단순히 여객기 규모로만 노선을 배분할 수 없다는 주장도 거세다. 수요자들에게도 가격 등 다양한 선택권이 보장돼야 한다는 주장이다. 국토부 관계자는 ""각 업체에서 나름의 강점을 드러내고는 있으나 현재로선 결정된 것이 없다""면서 ""항공교통심의위원회에서 구체적으로 심사하게 될 것""이라고 밝혔다.    ●2019년 정부정책 테마株 Top.5 전격 공개 [Click] ●'부자네스탁론' 월 0.4%대 금리, 100% 집중투자까지 ●'대박스탁론' 수수료없이 월 0.4%대 금리, 100% 집중투자까지 ●또 터질 수 밖에 없는 제2의 신라젠! 최소 “800%” 상승 예정! ●정부 수소차 대규모 확대 정책 ! ‘上’ 터질 종목은 ?  [관련기사]  ☞ 성동구, 자매도시 몽골 바이양갈구 대표단 방문 맞아  ☞ [火요일에 읽는 전쟁사]칭기스칸, 지구온난화 200년 늦춰준 '환경전사'?  ☞ 몽골 ""추위 때문에 어려워""…북·미회담 장소 '베트남' 무게추  ☞ 베트남 ""제2차 북·미정상회담은 다낭에서""  ☞ ♥심심타파♥ 또 봐도 재밌는 레전드 만화 보기!    주식 자동 프로그램으로""月300만원""버는 男화제 최근 오토레이더라는 주식 자동매매 태블릿을 사용하며 매달 300만원씩꾸준히 수익을...    올해주목받는 ""유망株"" 이슈종목 무료 공개! 증시 변동이 지속되는 가운데, 올해 들어서며 저평가되던 유망주들에 대한 투자자들의 관심이 날로 뜨거워지는…   유제훈 기자 kalamal@asiae.co.kr   <ⓒ경제를 보는 눈, 세계를 보는 창 아시아경제(www.asiae.co.kr) 무단전재 배포금지>"
45,5,"2019-02-05","03:59:40","WSJ ""MSCI 中비중 확대 검토 중…이번달 결정 예정""","(뉴욕=연합인포맥스) 곽세연 특파원 = 모건스탠리캐피털인터내셔널(MSCI)의 중국 A주 비중확대 결정이 이번 달에 이뤄질 것이라고 월스트리트저널(WSJ)이 4일 보도했  다.      지난해 9월 MSCI는 MSCI 신흥국(EM) 지수에서 중국 비중을 4배로 늘리는 계획 제  안을 담은 성명을 발표했다.      저널은 ""결과가 이번 달에 나올 것으로 보인다""며 ""만약 4배로 늘어나면 중국의 7조 달러 증시에 또 다른 외국인 자금 물결이 일 수 있다""고 말했다.      지난해 여름 MSCI의 글로벌 벤치마크에 중국 증시는 포함됐다.      이 영향으로 수십억 달러의 자금이 중국 증시로 유입됐다. 더 많은 외국인 투자  자를 시장으로 유치하려는 중국의 계획에 한 단계 진전이 있었다.      저널은 익명의 관계자를 인용해 ""당시 MSCI가 사업 축소라는 중국 정부로부터의  강한 압력을 받고 있던 가운데 이런 결정이 나왔다""고 설명했다.      MSCI의 결정에 대해 일부 투자자들은 중국 증시의 건전성과 투명성을 우려하는  목소리가 나오기도 했다.      편입 이후 중국 증시는 하락했지만, MSCI나 글로벌 자산운용사들의 중국 사업은  번창했다.      중국 규제 당국은 MSCI 인덱스를 따르는 상장지수펀드(ETF) 9개를 승인했다. 그  전에는 1개만 존재했다.      MSCI EM 지수를 추종하는 자금은 2조 달러 정도로, 가장 광범위하게 사용되는 벤  치마크다.      저널은 패시브 투자 붐이 커져 MSCI의 시장 지배력이 커지는 상황에서 MSCI의 독  립성이 흔들릴 수 있다는 데 의문이 제기될 수 있다고 지적했다.      실제, 2018년 기준 13조9천억 달러 이상의 투자자금이 MSCI 지수 구성을 모방하  거나 이를 수익률 잣대로 사용하는 주식 포트폴리오를 가지고 있다. 또 거의 모든 미  국 연금펀드의 글로벌 주식 투자가 MSCI 인덱스를 벤치마크하고 있다.      MSCI는 ""모든 지수 결정은 자산운용 매니저, 브로커, 지역 당국, 규제 기관, 증  권거래소 등 광범위한 글로벌 시장 참여자들의 협의와 피드백을 받은 후에 이뤄진다 ""고 말했다.      sykwak@yna.co.kr  (끝)  <저작권자(C)연합인포맥스뉴스. 무단 전재-재배포 금지.>"
45,6,"2019-02-05","03:59:10","[Gold Krugerrand 기준가] 온스 당 $1300.20 (Prev. $1304.20)","Source: SIX Financial Information      다우존스 제공     2019. February. 04일  미국동부시간 14:00 (표준시 19:00)   ＜ⓒ종합 경제정보 미디어 이데일리 - 무단전재 & 재배포 금지＞"
45,7,"2019-02-05","03:57:58","<뉴욕 금가격> 달러 강세에 0.2% 하락","(뉴욕=연합인포맥스) 우성문 통신원 = 뉴욕 금 가격은 달러 강세 영향으로 0.2% 하락했다.      4일 뉴욕상품거래소에서 4월물 금 가격은 전장보다 2.80달러(0.2%) 내린 1,319.  30달러에 마감했다.      지난주 미국의 1월 고용지표가 호조세를 보이며 달러가 강세를 나타내고  있다.      주요 6개국 통화 대비 달러 가치를 나타내주는 ICE 달러지수는 0.26% 오른 95.8  5에 거래되고 있다.      금은 달러화로 거래되기 때문에 달러화 가치가 상승하면 금의 상대적인 가격 매  력이 낮아져 수요가 감소한다.      RBC 웰스매니지먼트의 조지 게로 상무이사는 ""미국 주식과 채권 수익률이 다른  국가보다 높아 투자가 들어오고 있고, 달러 수요가 높아지고 있다""고 분석했다.      게로 이사는 다만 ""중국 수요를 둘러싼 불확실성, 미국과 중국 간의 무역 전쟁  등 이슈로 금 트레이더들은 기다려보자는 입장을 취하고 있다""고 말했다.      딜론게이지메탈스의 월터 페오위치 부회장은 ""현재로서 투자자들은 주식 등을 팔  고 금 등 안전자산 투자로 옮겨가야 할 필요성을 못 느끼고 있다""면서 ""미 연방준비  제도(Fed·연준)가 금리 인상과 관련해 참을성 있는 모습을 보이겠다고 말한 것 역시  위험 선호 심리를 높였다""고 말했다.      RJO퓨처스의 대니얼 파빌로니스의 선임 시장 전략가는 ""기술적으로 금의 상승 저  항선은 첫 1,330달러, 이후 1,338달러가 될 것""이라고 분석했다.      여전히 금에 강세장 의견을 유지한다는 분석도 나왔다.      인시그니아컨설턴트의 친탄 카나니 수석 시장 전략가는 ""금에 강세 의견을 유지  하고 가파른 조정이 올 경우 투자 기회로 활용할 것을 추천한다""고 전했다.      smwoo@yna.co.kr  (끝)  <저작권자(C)연합인포맥스뉴스. 무단 전재-재배포 금지.>"
46,1,"2019-02-05","01:14:14","<표> 런던 금 & 은 기준가 - 1515 GMT","Current Bid-Ask             Previous                         ---------------             --------     Gold                 1314.31-1315.11      1317.61-1318.40    Silver                   15.89-15.94          15.96-16.01   Source: SIX Financial Information      다우존스 제공     2019. February. 04일  미국동부시간 11:15 (표준시 16:15)   ＜ⓒ종합 경제정보 미디어 이데일리 - 무단전재 & 재배포 금지＞"
46,2,"2019-02-05","01:10:46","美 주식형펀드로 4년래 최대 자금 유입…ETF서 기록적 유출","(뉴욕=연합인포맥스) 곽세연 특파원 = 미국 주식형 공모펀드로 33억 달러의 신규  자금이 지난달 유입된 것으로 나타났다.      4일 트림탭스 인베스트먼트 리서치에 따르면 지난달 미국 주식형 공모펀드로 유  입된 신규 자금 규모는 2015년 2월 이후 가장 많다.      글로벌 주식형 공모펀드로도 78억 달러의 자금이 들어왔다. 2018년 3월 이후 최  대다.      지난해 12월에는 글로벌 주식형 공모펀드에서 893억 달러가량의 자금이 유출돼  월간 최대 기록을 세웠다. 새해 들어 자금 흐름이 급변했다.      이와 대조적으로 1월 상장지수펀드(ETF)에서는 261억 달러가 유출됐다. 이 역시  월간으로는 최대 기록이다.      트림탭스의 데이비드 산츠치 유동성 분석 디렉터는 ""지난달과 달리 자금 흐름이  극적으로 변했다""며 ""개인투자자들은 수익률을 단순히 따르는 경향이 있는데,  연준  의 시장을 달래는 단어에 다시 확신을 갖게 됐고 시장의 높은 변동성 속에서 패시브  보다는 액티브 운용을 원한 결과로 보인다""고 설명했다.      지난달 S&P500은 7.9% 올랐다. 12월에는 9.2% 급락했다.      sykwak@yna.co.kr  (끝)  <저작권자(C)연합인포맥스뉴스. 무단 전재-재배포 금지.>"
46,3,"2019-02-05","01:08:00","美 슈머·샌더스, 기업 자사주매입 제한 입법 추진","[뉴욕=뉴스핌] 김민정 특파원 = 미국 민주당의 척 슈머(뉴욕) 상원의원과 무소속 버니 샌더스(버몬트) 상원의원이 기업들의 자사주 매입(바이백)을 제한하는 법안 발의를 준비 중이다. 이번 법안을 통해 기업들이 자사주 매입 전에 직원들의 복지 향상에 자금을 쓸 수 있도록 유도한다는 계획이다.  전날(3일) 슈머 의원과 샌더스 의원은 뉴욕타임스(NYT) 기고문을 통해 이 같은 계획을 밝혔다. 이번 법안을 통해 두 의원은 기업들이 자사주를 매입할 수 전제 조건을 부과한다는 방침이다. 이들은 “목표는 자사주매입에 대한 과도한 의존도를 줄이는 동시에 기업들이 자본을 생산적으로 투자하도록 유인하는 것”이라고 설명했다.  CNBC 에 따르면 지난해 미국 대기업들은 1조 달러 이상의 자사주 매입 계획을 밝혔다. 지난 2017년 도널드 트럼프 정부의 감세 이후 기업들은 직원의 급료를 올리거나 설비에 투자하기보다 적극적으로 바이백에 나섰다.   버니 샌더스 미국 상원의원(버몬트)[사진=로이터 뉴스핌]  슈머 의원과 샌더스 의원은 일부 기업들이 수십억 달러의 자사주 매입을 결정하면서도 직원들을 해고하거나 사업장을 폐쇄했다고 강조했다. 예를 들어 ‘유통 공룡’ 월마트는 200억 달러의 자사주 매입을 발표하는 동안 수백 명의 직원을 해고하고 회원제로 운영하는 마트 체인샘스클럽의 일부 점포를 폐점했다. 두 의원은 루스벨트 인스티튜트의 분석을 인용해 월마트가 자사주 매입 대신 직원들의 급료를 시간당 15달러로 올릴 수 있었다고 주장했다.  오토바이 회사 할리 데이비드슨도 1500만 주의 자사주를 매입했는데 이 회사는 캔자스시티의 공장을닫았다. 미국계 은행 웰스파고 역시 수십억 달러의 자금을 자사주에 썼지만, 직원 10%를 감원했다.  기고문에서 두 의원은 “소득과 부의 불평등이 엄청난 때에 미국인들은 수익을 내는 기업들이 직원들을 해고하고 얼마 안 되는 부자들을 더 부자로 만들기 위해 자사의 주가를올리려고 엄청난 돈을 쓰고 있다는 사실에 분노해야 한다”고 주장했다.  의회의 진보계 인사들이 기업들의 자사주 매입을 제한하려고한 것은 이번이 처음은 아니다. 지난해 태미 볼드윈(위스콘신) 상원의원은 공개시장에서 같은 근거로 자사주 매입 금지를 추진했으며 지난해6월에도 슈머 의원과 볼드윈 의원을 포함한 수십 명의 의원들은 미 증권거래위원회(SEC) 제이 클레이튼 위원장에게 서한을 보내 자사주 매입에 대한 공청회를 실시할 것을 요구했다.  브루킹스연구소에 따르면 미국 대기업들은 2004년부터 2014년까지 이익의 51%를 자사주 매입에 썼다.     mj72284@newspim.com 네이버, 자사주 73만주 취득 결정 ‘침체 온다’ 투자 꺼리는 美 기업 자사주 매입 올인 워런 버핏 ""2012년 이후 처음 자사주 매입…채권보다 주식""    ★오늘 사면 내일 상한가 터질 대박주 100% 무료 공개! (선착순 5명)  ▶ 주식 자동 프로그램으로""月300만원""버는 男화제  ★세력 입성 전, 집중공략! 20인의 전문가가 만장일치한 급등 유력株 ""오늘""만 전격공개!"
46,4,"2019-02-05","01:05:34","모건스탠리 ""애플, 미디어통합 서비스 선보이면 주가 급등""","(뉴욕=연합인포맥스) 우성문 통신원 = 모건스탠리는 애플이 올해 비디오 스트리  밍 등 새로운 서비스를 출시할 경우 주가가 급등할 수 있다고 분석했다.      4일 CNBC에 따르면 모건스탠리의 케이티 휴버티 전략가는 ""애플이 올봄에 새롭게  출시하는 비디오 스트리밍 서비스를 애플 뮤직 등 다른 서비스 등과 엮어 '미디어통  합' 서비스를 제공할 것으로 기대한다""면서 ""여기에 애플 결제 및 광고 사업의 확장  도 곧 있을 것""이라고 말했다.      휴버티 전략가는 ""미디어통합 서비스는 2025년까지 서비스 매출에 2%포인트 기여  할 수 있을 것""이라면서 ""이는 2023년까지 매출의 5%를 책임지고 주당순이익(EPS) 연  간 성장률의 12%를 책임질 것""이라고 말했다.      최근 공개한 지난 분기 실적에서 애플은 중국 성장 둔화 등을 이후로 아이폰 성  장 전망을 하향 조정했다.      이로 인해 아이폰 매출 부진에 대한 우려의 목소리가 나오고 있다.      휴버티 전략가는 ""아이폰 매출이 안정되는 단계""라면서 ""아이폰 교체 주기가 이  제 성숙기를 맞은 만큼 향후 몇 년간은 성장의 안정화를 의미한다""고 말했다.      모건스탠리는 애플의 12개월 목표 주가를 211달러로 제시하고 있다. 이는 마지막  거래일 애플의 마감 가격보다 27% 높은 것이다.      또 모건스탠리는 올해 애플이 자사주 매입에 나서며 애플의 주가가 더욱 오를 수  있다고 전망했다.      휴버티 전략가는 ""지난 12월 분기 애플이 88억 달러의 자사주 매입에 나섰고, 올  해는 더 활발한 자사주 매입 프로그램이 단행될 것""이라고 덧붙였다.      smwoo@yna.co.kr  (끝)  <저작권자(C)연합인포맥스뉴스. 무단 전재-재배포 금지.>"
46,5,"2019-02-05","01:02:32","마두로, 교황에 SOS…""베네수엘라 위기 해결 중재 요청""","마두로, 교황에 SOS…""베네수엘라 위기 해결 중재 요청""   ""나는 가톨릭 신자…대화 자리 마련에 있어 교황 도움 기대""    (로마=연합뉴스) 현윤경 특파원 = 미국을 비롯한 서방 주요 국가들로부터 사퇴 압력에 직면한 니콜라스 마두로 베네수엘라 대통령이 프란치스코 교황에게 긴급 지원 요청을 보냈다.  마두로 대통령은 4일(현지시간) 이탈리아 뉴스채널 스카이TG24와의 인터뷰에서 자신을 신실한 가톨릭 신자라고 소개하며, 교황에게 서한을 보내 자국의 정치적 혼란을 타개하는 데 중재 역할을 해줄 것을 요청했다고 밝혔다.     그는 ""나는 (편지에서) 교황에게 기독교의 대의 명분을 따르고 있다고 말했고, 이런 측면에서 교황이 (위기 해결을 위한) 대화를 위한 과정에 도움을 줄 것을 부탁했다""고 설명했다.  이어 그는 ""교황으로부터 긍정적인 답변을 받기를 기대한다""고 덧붙였다.  마두로 대통령이 교황에게 서한을 발송한 사실을 공개한 것은 베네수엘라 사상 초유의 '두 명의 대통령' 사태와 관련, 미국, 캐나다, 호주 등에 이어 독일, 프랑스 등 유럽 주요국가들 역시 야권 지도자인 후안 과이도 국회의장을 베네수엘라의 임시대통령으로 공식 인정한 가운데 이뤄진 것이다.  과이도 의장에 대한 주요 국가들의 지지 표명이 잇따름에 따라 베네수엘라 야권으로부터 퇴진 요구를 받고 있는 마두로 대통령은 국내에서뿐만 아니라 국제사회로부터 퇴진 및 대선 재실시에 대한 더 큰 압박에 처했다는 해석을 낳고 있다.  마두로 대통령은 앞서 멕시코와 우루과이가 오는 7일 우루과이 수도 몬테비데오에서 베네수엘라 사태의 평화적 해법을 모색하기 위해 중립적인 입장인 국가나 기구가 참여하는 회의를 소집하자 이에 대한 지지 의사를 표명한 바 있다.  하지만, 과이도 의장은 멕시코와 우루과이의 중재안을 거부하며, 이 회의에 이미 불참 의사를 밝혔다.  지난 3일 아랍에미리트(UAE)에 도착, 역대 교황 가운데 사상 처음으로 이슬람 종교가 태동한 땅인 아라비아반도에 발을 디딘 프란치스코교황은 5일 다시 로마로 돌아갈 예정인 가운데, 교황이 마두로의 요청에 어떤 대답을 내놓을지에 관심이 모아진다.     앞서 교황은 지난 달 28일 파나마에서 열린 가톨릭 세계청년대회에 참석한 뒤 귀국하는 비행기에서 연 기자회견에서는 ""베네수엘라 국민전체를 지지한다""며 어느 한쪽 편을 들지는 않을 것이라고 못박았다.  교황은 당시 현재 자신의 가장 큰 걱정거리는 베네수엘라의 유혈 참상 가능성이라며 ""공정하고 평화로운 해결책이 도출돼야 한다""면서도, ""한쪽 편을 드는 것은 목회자로서 경솔하고, 해를 미치는 행동이 될 것""이라고 설명했다.  ykhyun14@yna.co.kr   (끝)    <긴급속보 SMS 신청> <포토 매거진> < M-SPORTS >   <저작권자(c) 연합뉴스, 무단 전재-재배포 금지>"
46,6,"2019-02-05","01:01:41","하셋 “ 트럼프, 3월 1일 전 미중무역 협상 타결 기대‥협상 더 지켜봐야”","[뉴욕=뉴스핌]김근철 특파원=캐빈 하셋 백악관 경제자문위원회 위원장은 4일(현지시간) 도널드 트럼프 대통령은 미중협상 시한으로 설정된 3월 1일 이전에 타결이 이뤄지길 기대하고 있다고 말했다.   하셋 위원장은 이날 CNBC 방송과의 인터뷰를 갖고 지난주 워싱턴DC 에서 열린 미중 고위급 무역 협상과 향후 중국을 방문하는 스티븐 므누신 미국 재무장관과 로버트 라이트하이저 무역대표부(USTR) 대표가 어떤 성과를 거둘지는 좀 더 지켜봐야 한다며 이같이 밝혔다.   케빈 하셋 백악관 경제자문위원장 [사진=로이터 뉴스핌]  그는 베이징 당국과의 협상에 대해 여전히 희망적이며 논의가 계속 이어지는 것을 기쁘게 생각한다면서도 “아직도 여전히 해야할 일은 많이 있다”고 말했다.   트럼프 대통령은 지난달 31일 백악관에서 류허 중국 부총리가 이끄는 고위급 무역협상 대표들을 만난 뒤 미중 무역협상이 엄청난 진전을 이뤘으며 머지않아 시진핑 중국 국가주석을 만날 것이라고밝힌 바 있다.     kckim100@newspim.com ""트럼프·시진핑, 2월말 베트남 다낭서 정상회담 고려"" 미중 무역협상, 진전됐다지만 할일 산적..트럼프-시진핑 결판내나 트럼프 ""美·中 무역협상, '빅 딜' 원해…안되면 연기 가능성""    ★오늘 사면 내일 상한가 터질 대박주 100% 무료 공개! (선착순 5명)  ▶ 주식 자동 프로그램으로""月300만원""버는 男화제  ★세력 입성 전, 집중공략! 20인의 전문가가 만장일치한 급등 유력株 ""오늘""만 전격공개!"
46,7,"2019-02-05","01:00:00","새 유전자 가위 나왔다…사람ㆍ세균 유전자교정 가능","새 유전자 가위 나왔다…사람ㆍ세균 유전자교정 가능  美 UC버클리 연구진, 국제학술지 '네이처'에 결과 발표   (서울=연합뉴스) 신선미 기자 = '크리스퍼'(CRISPR) 유전자 가위는 질병 치료법을 개발하거나 품종을 개량하는 연구에 널리 쓰이고 있다. 유전자 가위는 유전물질인 DNA(디옥시리보핵산)에서 원하는 부위를 마치 '가위'처럼 잘라 내는 교정 기법을 뜻한다. 이런 가운데 최근 새 크리스퍼 유전자 가위가 등장했다. 기존 유전자 가위 '도구함'에 새 도구가 추가된 셈이다.  미국 버클리 캘리포니아대(UC버클리) 연구진은 'CasX'라고 불리는 효소의 기능과 구조를 분석했다고 5일 밝혔다. 연구 결과는 이날 국제학술지 '네이처'(Nature)에 실렸다.  크리스퍼 가위는 편집해야 할 타깃 DNA를 찾아 주는 '가이드 RNA(리보핵산)'와 타깃을 자르는 '절단효소'로 구성된다. 'Cas9'이라는 절단효소를 쓰는 '크리스퍼-Cas9'은 학계에서 가장 널리 사용되는 유전자 가위다. Cas9 효소 대신 Cpf1(Cas12a) 효소를 붙인 '크리스퍼-Cpf1'도있다.   연구진은 이번 연구에서 'CasX'라는 또 다른 Cas 효소의 특징을 규명했다. 이 효소는 지하수에 사는 미생물에서 분리됐다.  효소는 사람세포와 대장균에서 표적 DNA를 자를 수 있었다. Cas9, Cas12a 효소처럼 크리스퍼 가위에서 '가위 날' 역할을 하는 셈이다.  CasX는 앞서 발견된 두 효소에 비해 크기가 작다. 986개 아미노산으로 구성됐는데, 이런 작은 크기는 유전자 치료 연구 등에는 장점이 된다.  연구진은 ""이번 결과가 새 크리스퍼 플랫폼을 자리 잡게 하는 데 기여하리라 본다""며 ""CasX는 전달력과 안전성이 높은 치료법을 개발하는 데 가능성을 제공할 것""이라고 의의를 밝혔다.  sun@yna.co.kr   (끝)    <긴급속보 SMS 신청> <포토 매거진> < M-SPORTS >   <저작권자(c) 연합뉴스, 무단 전재-재배포 금지>"
47,1,"2019-02-05","00:29:20","<표> NYMEX Globex 에너지 선물가격 (시간당 업데이트)","Last     Change       High        Low     Previous                                                                       Settlement    Crude Oil Mar19           53.57      -1.69      55.75      53.29        55.26    Crude Oil Apr19           53.88      -1.67      56.05      53.62        55.55    Crude Oil May19           54.34      -1.54      56.40      54.01        55.88    Crude Oil ($/bbl.)     NY Harbor ULSD ($/gal.)    Mar19                      1.89      -0.02       1.94       1.88         1.91    Apr19                      1.88      -0.03       1.93       1.87         1.91    May19                      1.88      -0.03       1.93       1.87         1.90     RBOB Gasoline ($/gal.)    Mar19                      1.41      -0.03       1.49       1.41         1.44    Apr19                      1.60      -0.03       1.66       1.60         1.63    May19                      1.62      -0.03       1.67       1.61         1.65     Natural Gas ($/mmBtu)    Mar 19                     2.66      -0.07       2.73       2.66         2.73    Apr 19                     2.65      -0.05       2.70       2.64         2.70    May 19                     2.66      -0.05       2.71       2.66         2.71   Data delayed at least 10 minutes  Prices in U.S. Dollars  Source: SIX Financial Information      다우존스 제공     2019. February. 04일  미국동부시간 10:30 (표준시 15:30)   ＜ⓒ종합 경제정보 미디어 이데일리 - 무단전재 & 재배포 금지＞"
47,2,"2019-02-05","00:29:15","<표> NYMEX/Comex Globex 금속 선물가격 (시간당 업데이트)","Last     Change       High        Low     Previous                                                                       Settlement    Gold ($/troy oz.)    Feb 2019                1311.30      -5.60    1318.10    1308.30      1316.90    Mar 2019                1314.20      -5.10    1320.20    1310.00      1319.30    Apr 2019                1317.20      -4.90    1323.60    1312.70      1322.10     Copper ($/lb.)    Feb 2019                   2.76      -0.01       2.77       2.76         2.78    Mar 2019                   2.76      -0.01       2.77       2.75         2.77    Apr 2019                   2.77      -0.01       2.78       2.76         2.78     Silver ($/troy oz.)    Feb 2019                    ...        ...        ...        ...          ...    Mar 2019                  15.85      -0.09      15.94      15.69        15.93    Apr 2019                  15.83      -0.15      15.83      15.83        15.98     Platinum ($/troy oz.)    Feb 2019                 823.00      +0.40     823.00     823.00       822.60    Mar 2019                 816.00      -8.90     816.00     814.90       824.90    Apr 2019                 819.90      -6.80     829.70     816.40       826.70   Data delayed at least 10 minutes  Prices in U.S. Dollars  Source: SIX Financial Information      다우존스 제공     2019. February. 04일  미국동부시간 10:30 (표준시 15:30)   ＜ⓒ종합 경제정보 미디어 이데일리 - 무단전재 & 재배포 금지＞"
47,3,"2019-02-05","00:25:30","러 경제, 건설 호조로 지난해 6년래 가장 큰 폭 성장","KALININGRAD, RUSSIA - OCTOBER 4, 2017: Cranes by Kaliningrad Stadium, a venue for 2018 FIFA World Cup matches, under construction. Vitaly Nevar/TASS  /사진=연합 지면외신화상   지난해 러시아 경제가 건설 붐과 시베리아 천연가스 개발로 인해 지난 6년 중 가장 큰 폭으로 성장한 것으로 나타났다.  4일(현지시간) 러시아 연방통계국이 공개한 첫 기대치에서 러시아 월드컵대회 관련 건설과 시베리아 가스 개발로 러시아 경제가 2.3% 성장했다고 공개했다.  이는 블룸버그가 애널리스트들을 대상으로 실시한 설문 조사에서 나온 1.9%를 상회하고 가장 큰 전망치였던 2.2% 보다도 높은 것이다.  러시아 월드컵 대회로 호텔과 요식업계에도 6.1% 성장했다.  그러나 경제전문가들은 270억달러 규모의 야말 액화천연가스(LNG) 개발 프로젝트가 성장률을 크게 끌어올린것으로 보면서 계속 이어질지에는 회의적인 반응을 보이고 있다.  블룸버그통신은 특히 임금 상승이 저조하고 물가도 상승하는 등정작 소비자들은 수혜를 받지 못한다는 지적이 나오고 있다고 보도했다. jjyoon@fnnews.com 윤재준 기자  ▶▶2019년 상반기 ""정부정책"" 최대수혜주TOP 10 긴급공개(바로확인) ▶▶[초대박종목실시간 공유]◀◀ ""누적수익률 343.9%"" 공짜로 확인!!→<<즉시 무료발송!>>  [파이낸셜뉴스 주요뉴스]  → 백두산 폭발? 산 주변서 일어나는 불길한 징조 → 65세 노인 시가 5억원 집 맡기면 주택연금 얼마나 받나 → 민주당 지지율 38.2%로 하락.. 한국당은 ""이럴 수가"" → 18년된 로또,최저 당첨금 4억.. 최고액은 무려 → 심장에 박혔던 이쑤시개 발견.. 알고보니 4년 전에  ▶ 이 종목 하나면 억대계좌 달성가능!<3시간만 무료공개>  ▶▶[급등임박 공개]◀◀ 2019년 상반기 ""정부정책""수혜주 TOP 10 긴급공개 >>> (바로확인)  ※ 저작권자 ⓒ 파이낸셜뉴스. 무단 전재-재배포 금지 "
47,4,"2019-02-05","00:22:27","유럽국가들, '과이도 임시대통령' 잇따라 인정…EU 차원은 무산(종합2보)","유럽국가들, '과이도 임시대통령' 잇따라 인정…EU 차원은 무산(종합2보)  獨 佛 英 스페인 등 14개국 연쇄 지지…伊, 'EU 차원 지지성명' 반대     (파리ㆍ브뤼셀=연합뉴스) 김용래 김병수 특파원 = 베네수엘라 사상 초유의 '두 명의 대통령' 사태와 관련, 유럽국가들이 4일(현지시간)야권 지도자인 후안 과이도 국회의장을 베네수엘라의 임시대통령으로 잇따라 공식 인정했다.  이에 따라 야권으로부터 퇴진 요구를 받는 니콜라스 마두로 베네수엘라 현 대통령은 국내에서뿐만 아니라 국제사회로부터 퇴진 및 대선재실시에 대한 더 큰 압박에 직면하게 됐다.  하지만 유럽연합(EU)이 EU 차원에서 추진했던 '과이도 임시대통령 공식 인정' 성명은 이탈리아 등 일부 회원국의 반대로 성사되지 못했다.  지난달 26일 마두로 대통령에게 8일간의 말미를 주고 새로운 대선 실시 계획을 밝히라고 압박했던 독일, 프랑스, 영국, 스페인, 스웨덴등 EU 주요국가들은 마두로 대통령이 이를 거부하자 이날 과이도 국회의장을 베네수엘라의 임시대통령으로 인정한다고 발표했다.  페드로 산체스 스페인 총리는 이날 기자들을 만난 자리에서 ""스페인 정부는 베네수엘라 국회의장인 과이도를 베네수엘라의 임시대통령으로 공식 인정한다""고 밝혔다고 AFP 통신 등 외신이 전했다.  산체스 총리는 과이도 임시대통령에게 조속히 베네수엘라의 대통령 선거 계획을 마련해달라고 촉구했다.  일본을 방문 중인 앙겔라 메르켈 독일 총리는 과이도 국회의장은 ""베네수엘라의 합법적인 임시대통령""이라고 말하며 과이도에 대한 지지를 공개적으로 표명했다.  테리사 메이 영국 총리의 제임스 슬랙 대변인은 영국이 베네수엘라의 변화를 돕기 위해 제재를 부과하는 방안을 고려하고 있다고 밝혔다.  장이브 르드리앙 프랑스 외교장관은 베네수엘라의 조기 대통령 선거가 베네수엘라 위기사태의 평화로운 해결을 보장한다며 조기 대선 실시를 촉구했다.  마르고트 발스트룀 스웨덴 외교장관은 작년 5월 마두로 대통령이 재선된 베네수엘라의 대선은 자유롭지도 공정하지도 않았다며 베네수엘라는 자유롭고 공정한 대선을 다시 실시해야 한다고 주장했다.  독일, 프랑스, 영국, 스페인, 스웨덴에 이어 오스트리아, 덴마크, 네덜란드, 리투아니아, 라트비아, 핀란드, 체코, 포르투갈, 룩셈부르크 등도 잇따라 과이도 국회의장을 베네수엘라 임시대통령으로 공식 인정하고 나섰다.  그러나 EU 차원에서 추진된 과이도 임시대통령 인정 성명은 이탈리아 등의 반대에 부딪혀 무산됐다고 로이터통신이 외교소식통을 인용해보도했다.  EU는 그동안 베네수엘라 사태가 악화하자 이에 대한 입장을 어떻게 정할지를 놓고 협의해왔다.  이탈리아를 비롯한 일부 회원국들은 '임시대통령'을 자처하고 나선 과이도 국회의장을 인정하는 데 대해 신중한 입장을 보인 것으로 전해졌다.  또 이들 국가는 베네수엘라에서 마두로 대통령과 과이도 국회의장을 놓고 미국과 러시아가 대리전 양상을 벌이는 점에 대해서도 우려해소극적인 태도를 견지한 것으로 분석된다.  앞서 미국, 캐나다, 호주, 남미 국가들은 과이도 국회의장을 베네수엘라 임시대통령으로 인정했지만, 러시아와 이란 등은 마두로 대통령에 대한 지지를 공개적으로 표명한 바 있다.  베네수엘라의 마두로 대통령은 작년 5월 치러진 대선에서 68% 득표율로 재선에 성공했지만, 야권은 유력후보들이 가택연금과 수감 등으로 선거에 나설 수 없는 상황에서 치러진 대선은 무효라며 마두로의 정통성을 인정하지 않고 있다.  마두로 정권의 퇴진 요구를 주도해온 과이도는 지난달 23일 대규모 반정부 시위현장에서 자신을 '임시대통령'으로 선언한 뒤 반정부 운동을 이끌어 왔다.   bingsoo@yna.co.kr   (끝)    <긴급속보 SMS 신청> <포토 매거진> < M-SPORTS >   <저작권자(c) 연합뉴스, 무단 전재-재배포 금지>"
47,5,"2019-02-05","00:19:23","미 1월 고용추세지수 전월비 축소…전년비 3.4%↑","(뉴욕=연합인포맥스) 곽세연 특파원 = 지난 1월 미국의 고용추세지수(ETI)가 10  9.56으로, 전월 대비 다시 하락했다고 콘퍼런스보드가 4일 발표했다.      지난해 12월 ETI는 종전 111.61에서 110.96으로 하향 조정됐다.      1월 ETI는 전년 같은 기간 대비 3.4% 올랐다.      개드 레바논 콘퍼런스보드 북미 수석 경제학자는 ""정부 셧다운 등으로 ETI 구성  요소 일부가 빠졌거나 치우친 만큼 이번 달 하락을 다소 주의 깊게 봐야 한다""며  "" 다만 지난 여름 이후 지수가 둔화하고 있는 것은 사실이고, 이는 고용시장이 올해 후  반에 둔화할 것이라는 점을 시사한다""고 말했다.      그는 ""전반적으로 지난해 말까지 경제 활동이 빠르게 성장해 올해 초까지 고용  성장도 탄탄할 것으로 보인다""며 ""고용시장 성장 둔화는 오랜 기간 경제가 팽창하고  실업률이 이렇게 낮은 경제 상황에서는 예상하기 어렵다""고 설명했다.      sykwak@yna.co.kr  (끝)  <저작권자(C)연합인포맥스뉴스. 무단 전재-재배포 금지.>"
47,6,"2019-02-05","00:18:44","환절기, 영유아에 많이 발병하는 ‘가와사키병’ 주의","[이데일리 이순용 기자]이름조차 생소한 ‘가와사키병’은 영유아에서 발생하는 원인 불명의 급성 열성 혈관염이다. 주로 5세 이하의 아이에서 겨울과 봄에 많이 발병한다. 가와사키병이 가장 많이 발생하고 있는 우리나라를 포함하여 일본, 대만, 중국에서는 2~3년마다 주기적으로역학조사를 시행하고 있다. 1994년부터 가와사키병 연구회를 중심으로 조사된 자료에 따르면, 2013년부터는 인구 10만 명당 200명에 가까운발병률을 보이고 있다.  이선향 순천향대 부천병원 소아청소년과 교수는 “가와사키병은 한 가지 검사로 알 수 없으며, 증상이 다양하게 나타나기 때문에 정밀 검사를 시행하거나 전문가에게 진료를 받고 나서야 진단되는 경우가 많아 주의해야 한다”고 말했다.   원인은 여러 요인이 관여해 아직 불명확하지만, 현재까지는 유전학적 요인이 있는 아이에서 병원체에 감염되면 과민반응 또는 비정상적인 면역반응을 일으켜 전신의 작은 혈관에 염증이 발생한다고 추측하고 있다.  증상은 처음에는 일반적인 감기처럼 시작해 39도 이상의 고열이지속되면서 해열제를 먹어도 열이 쉽게 떨어지지 않고 아이는 매우 보챈다. 발열이 시작된 후, 어느 시기라도 ▲전신적 발진, ▲눈 충혈, ▲입술과 혀의 변화(입술의 홍조, 딸기 모양의 혀, 입안 점막의 발적), ▲손과 발의 변화(급성기의 부종 및 발적, 회복기에 손가락 끝 피부가허물처럼 벗겨지는 막양 낙설), ▲경부 림프절 비대 등, 5가지의 전형적인 증상이 나타날 수 있다.  다른 원인이 없는 발열이 지속되면서 5가지 증상이 모두 나타나면 ‘완전 가와사키병’이라고 진단하며, 대부분 혈액 검사에서 염증 수치가 상당히 증가한 것을 확인할 수 있다. 또, 간 수치와 황달 수치, 빈혈 수치, 심근 효소 수치의 상승, 무균성 뇌수막염, 요로감염 의심 소견 등의 증상도 동반될 수 있다. 그러나일부 아이에서는 5가지 증상이 모두 나타나지 않고, 1~2가지만 나타면서 원인 불명의 발열이 지속되는 경우가 있는데, 이는 ‘불완전 가와사키병’으로 본다. 불완전 가와사키병은 원인 불명의 발열이 5일 이상 지속되는 경우, 검사실 소견과 심초음파 소견을 참고하여 진단한다. 불완전 가와사키병은 2010년 이후 점차 증가하고 있다.  가와사키병을 치료하는 목적은 관상동맥 합병증을 줄이기 위해서다. 심장의 중요한 혈관인 관상동맥은 한 번 변형되면 회복이 불가능하다. 합병증을 예방할 수 있는 유일한 방법은 발열 증상 10일 이내에 면역글로불린으로치료하는 것이다.   이선향 교수는 “아이에게서 가와사키병과 비슷한 증상이 나타날 경우, 가와사키병을 의심해 보고 조기에 병원을찾아 진단받고 치료하는 것이 무엇보다 중요하다”고 조언했다.     ▶[무료추천] 개인정보 수집없는 카카오톡방 입장하기!  ▶ 하이스탁론, 선취수수료 없는 월 0.3%대 최저금리 상품 출시   ＜ⓒ종합 경제정보 미디어 이데일리 - 무단전재 & 재배포 금지＞    "
47,7,"2019-02-05","00:13:43","미 11월 공장재수주 0.6%↓…월가 예상 하회(상보)","(뉴욕=연합인포맥스) 오진우 특파원 = 지난 11월 미국의 공장재 수주 실적이 두  달 연속 하락했으면, 시장 예상도 밑돌았다.      4일 미 상무부는 11월 공장재 수주 실적이 전월보다 0.6% 감소했다고 발표했다. 월스트리트저널(WSJ) 조사치는 0.1% 증가였다.      지난 10월 공장재 수주 실적은 기존 2.1% 감소가 수정되지 않았다. 이에따라 공  장재 수주는 두 달 연속 하락세를 기록했다.      변동성이 큰 운송 부문을 제외한 11월 공장재 수주는 전월대비 1.3%  감소했다.      11월 국방을 제외한 공장재 수주는 1.1% 감소했다.      11월 내구재 수주는 0.8% 증가에서 0.7% 증가로 하향 조정됐다.      한편 11월 공장재수주는 당초 지난달 7일 발표될 예정이었지만, 미 정부의 부분  폐쇄(셧다운)로 발표가 지연됐다.      jwoh@yna.co.kr  (끝)  <저작권자(C)연합인포맥스뉴스. 무단 전재-재배포 금지.>"
48,1,"2019-02-05","00:00:30","미국 중간선거…민주당, 8년 만에 하원 '탈환' 유력","6일(현지시간) 치러진 미국 중간선거 개표 초반 민주당이 하원에서 우위를 보이고 있다. 공화당은 상원에서 유리한 모양새다. 그러나주요 경합 지역을 중심으로 접전이 이어지고 있어 결과를 속단하긴 어려워 보인다.  이날 오후 9시20분 기준 개표 결과에 따르면최대 승부처로 꼽히는 하원에서 민주당 바람이 거세게 불고 있다. 이에 민주당이 8년 만에 하원을 탈환할 가능성이 높다는 분석이 나온다.  하원 선거의 경우 같은 시각 개표가 완료됐거나 진행 중인 130개 지역구 가운데 민주당은 2곳에서 승리하고 61곳에서 앞서고 있다.  공화당은 이보다 많은 67곳에서 앞서고 있다.  그러나 민주당이 승리한 2곳과 앞서고 있는 21곳은 공화당이 현역 의원인 지역구다. 이에 민주당의 하원 다수당 등극이 가시권에 들어왔다는 분석이 나오고 있다. 미 NBC뉴스와 폭스뉴스 등은 민주당의 하원 승리예측 발표를 내놨다.  상원에서는 공화당이 주요 승부처에서 박빙의 리드를 지키고 있다.   대표적인 경합 지역인 인디애나주에서 마이크 브라운 공화당 후보가 54.9%를 득표했다. 41.0%를 얻은 조 도넬리 민주당 의원을 크게 앞서고 있다. 개표율은 62%로 집계됐다.  또 다른 승부처인 테네시주에서는 마샤 블랙번 공화당 후보가 61%를 획득, 필 브레드슨 민주당 후보(36.9%)를 멀찌감치 따돌렸다.  공화당 대선 후보였던 테드 크루즈 의원과 민주당의 베토 오루어크 후보가 맞붙은 텍사스, 릭 스콧 공화당 후보와 빌 넬슨 민주당 의원이 맞붙은 플로리다주는 최대 승부처로 떠올랐다.  크루즈 의원과 오브루크 후보는 54%의 개표가 진행된 가운데 각각 49.6%와 49.7%를 얻어 초박빙 승부를 펼치고 있다.  플로리다에서도 스콧 후보(50.4%)와 넬슨 의원(49.6%)이 앞서거니 뒤서거니를 거듭하고 있다.  민주당은 버지니아주의 팀 케인 상원의원, 매사추세츠 엘리자베스 워런 의원을 비롯한 현역의원들이 '텃밭'을 성실히 지켜냈다.  그러나 노스다코타에서 민주당 하이디 하이트캠프 의원이 33.8%에 그치며, 공화당의 케빈 크래머 후보(66.2%)에 크게 밀리고 있다.  이에 따라 지금의 판세가 이어진다면 공화당이 가까스로 과반을 수성할 가능성이 커 보인다.  이런 가운데 이번 선거의 대표적 격전지로 떠오른 플로리다는 상원 선거뿐 아니라 주지사 자리를 놓고도 치열한 경합이 펼쳐지고 있다.  '친(親) 트럼프' 인사로 분류되는 공화당의 론 드샌티스 연방 하원의원과 흑인 최초의 플로리다 주지사를 노리는 민주당의 앤드루 길럼 탤러해시 시장이 맞붙었다.  민주당의 길럼 후보가 50.6%, 공화당의 드샌티스 후보가 48.4%를 기록 중이다.  한경닷컴 뉴스룸 open@hankyung.com     관련기사 美 중간선거 투표시작…'트럼프-反트럼프' 대결 속 투표율 높을 듯 '美 중간선거' 10·20대 젊은층 투표 참여율 기록적 수준 CNN 美 중간선거 출구조사…""56%, 잘못된 방향으로 가고 있다"" 미국 중간선거 개표 초반…공화당 '상원'·민주당 '하원' 선전 이종혁·김성혜 등 北 최고위급 7명 다음주 訪南    ⓒ 한국경제 & hankyung.com, 무단전재 및 재배포 금지"
48,2,"2019-02-05","00:00:25","[초점]미국 중간선거 이후의 시장 대응법","미국 중간선거가 진행 중이다. 결과에 따라 미중 무역분쟁 및 트럼프 행정부 경제정책의 양상이 달라질 수 있어, 세계의 이목이집중돼 있다.  7일 오전 10시26분 현재 코스피지수는 전날보다 10.60포인트(0.51%) 오른 2100.22를 기록하고 있다. 투자자들의 중간선거 눈치보기가 극심하다. 이날 코스피는 0.09% 하락하다가 한때 0.86%까지 상승하는 등 얇은 매수세에 따라 출렁이고 있다.  시장에서는 상원은 공화당, 하원은 민주당의 승리를 점치고 있다. 결과에 따른 증시 영향에 대해서는 해석이 엇갈리고 있는 상황이다. 시장예상대로 양원이 분열될 경우 하원을 차지한 민주당이 도널드 트럼프 미 대통령의 독단적인 관세부과 등에 제동을 걸 것으로 보고 있다. 이경우 미중 무역분쟁 우려가 완화될 것이란 관측이다.  양원을 공화당이나 민주당이 가져가는 것은 시장이 원치 않은 시나리오다.   강승원 NH투자증권 연구원은 ""공화당이 양원을 장악하는 경우의 가장 큰 문제점은 아직 시장 가격에 관련 기대 및 우려가 충분히 반영되지 않았다는 것""이라며 ""공화당이 양원을 차지하면 성장정책 기대감 등으로 미국채 금리가 상승폭을 키울 수 있다""고 우려했다. 민주당의 양원 장악은 성장정책의 속도 둔화가 예상돼 부정적이다.  동부에서 서부로 순차적으로 진행되는 이날 중간선거는 한국시간으로 오후 2시 알래스카주를 마지막으로 종료된다.  중간선거의 결과가 증시에 큰 영향을 미치지 않을 것이란 해석도 있다. 미중 무역협상과 관련한 일정 등이 대기하고 있기 때문이다. 고승희 미래에셋대우 연구원은 ""미중 정상회담 전까지는 기대와 우려가 공존할 것""이라며 ""국내 증시의 하락세는 진정될 것이나 반등의 강도도 강하지 않을 것""이라고 전망했다.   미중 무역협상에 대한 불확실성을 감안하면 실적과 배당 등 숫자가 확실하게 확인되는 업종 및 기업에 집중하라는 권고다.  대외 불확실성 확대에 지난달 이차전지, MLCC(적층세라믹콘덴서) 관련 기업들의 주가도 부진했다. 그러나 삼성전기와 삼성SDI는 지난 3분기에 깜짝실적을 기록했고, 내년 영업이익 전망치도 높아지고 있다. LG화학도 전기차용 배터리에 대한 목표치를 상향했다. 배당주 역시 배당락이 2개월도 남지 않은 가운데 시장 대비 탄탄한 모습을 이어갈 것이란 예상이다.  고 연구원은 ""필수소비재도 실적이 안정적이고 주가수준 매력이 있기 때문에 관심이 필요하다""며 ""필수소비재는 26개 업종 중 실적의 안정성이 두번째로 높고, 주가수준이 15년래최저를 기록하고 있다""고 했다.     한민수 한경닷컴 기자 hms@hankyung.com     ▶▶[급등임박 공개]◀◀ 2019년 상반기 ""정부정책""수혜주 TOP 10 긴급공개 >>> (바로확인) ▷▷[주식 AI시대 개막]◁◁ 매수·매도 자동 프로그램으로""月300만원""씩 버는 회사원 화제! 최저금리로 갈아탈 수 있는 마지막 버스, 신용·미수·예담 대환하고 취급수수료 할인 받자! [ 무료 주식 카톡방 ] 국내 최초, 카톡방 신청자수 38만명 돌파 < 업계 최대 카톡방 > --> 카톡방 입장하기!! ▶▶▶[초대박종목 실시간 공유]◀◀◀ ""누적 수익률 343.9%"" 공짜로 확인!!→<<즉시 무료발송!>>     관련기사 '트럼프 패배' 오판 재연할까 두려운 美언론사…확정발표 늦출듯 비행기 표 지금 사면 당신은 '호갱' 5000원짜리 호두과자 팔아 번 돈이 무려… ""결혼 후 매달 용돈 50만 원씩 보내라구요?"" 美중간선거 개표 초반…공화 상원-민주 하원 ' 선전'    ⓒ 한국경제 & hankyung.com, 무단전재및 재배포 금지"
48,3,"2019-02-05","00:00:21","뉴욕 증시에 최악의 중간선거 결과 나오나","김현석의 월스트리트나우     6일(현지시간) 미국의 중간선거 투표가 뜨거운 열기 속에 진행되고 있습니다. '막말의 전도사' 트럼프 대통령까지 조금이라도 더 표를 모으기 위해 자신이 내뱉었던 강경 발언까지 반성할 정도로 중간선거에 올인하고 있습니다. 뉴욕 증시도 이틀째 중간선거 결과를 주시하며 소폭 상승세를 이어갔습니다.  현재 여론조사는 공화당이 상원, 민주당이 하원을 차지하는 것으로 나오고 있습니다. 이는 뉴욕 증시에 어떤 영향을 줄까요.  펜실베이니아대학 워튼스쿨의 제레미 시걸 교수는 CNBC 인터뷰에서 현재 여론조사처럼 민주당이 435석인 하원에서 약 30석 차이로 다수당을 차지하고, 공화당은 상원 다수당을 지키는 경우는 나쁜 게 아니라고 밝혔습니다.  통상공화당 대통령 밑에서 의회가 나눠져 있을 때 증시 수익률이 좋았다는 겁니다. 클린턴 대통령때인 90년대 말 강세장을 예로 들었습니다.   뉴욕 증시에있어 최악의 중간선거 결과는 무엇일까요. 시걸 교수는 블루웨이브(민주당 바람)로 인해 민주당이 하원에서 공화당보다 45석 이상 많은 슈퍼다수당을 차지하는 경우, 그리고 상원까지도 민주당이 차지하는 경우를 최악의 케이스라고 설명했습니다  이렇게 되면 2020년 대선에서 유리한 고지를 차지하기 위한 백악관과 의회의 정쟁이 본격화되면서 의회가 법인세 감세, 규제 완화 등을 되돌릴 수 있다고 봤습니다.감세 덕분에 급등한 뉴욕 증시는 내릴 수 밖에 없습니다.   또 민주당이 대통령 탄핵에 필요한 상원 3분의 2는 차지하지 못하더라도 꾸준히 탄핵을 시도할 수 있고, 로버트 뮬러 특검도 다시 활기를 되찾을 수 있습니다.  인터액티브 브로커의 토마스 피터파이도 민주당이 하원과 상원을 석권할 경우 증시가 15% 하락할 수 있다고 내다봤습니다.  피터파이 대표는 민주당이 하원만 장악할 경우에는 2~3% 정도 하락할 것으로 내다봤습니다. 그는 공화당이 상하원 다수당을 유지하면 곧바로 주식을 사야 한다고 주장했습니다. 증시가 이전 고점으로 다시돌아갈 수 있다고 봤습니다.    뉴욕=김현석 특파원 realist@hankyung.com    ▶▶[급등임박 공개]◀◀ 2019년 상반기 ""정부정책""수혜주 TOP 10 긴급공개 >>> (바로확인) ▷▷[주식 AI시대 개막]◁◁ 매수·매도 자동 프로그램으로 ""月300만원""씩 버는 회사원 화제! 최저금리로 갈아탈 수 있는 마지막버스, 신용·미수·예담 대환하고 취급수수료 할인 받자! [ 무료 주식 카톡방 ] 국내 최초, 카톡방 신청자수 38만명 돌파 < 업계 최대 카톡방 > --> 카톡방 입장하기!! ▶▶▶[초대박종목 실시간 공유]◀◀◀ ""누적 수익률 343.9%"" 공짜로 확인!!→<<즉시 무료발송!>>     관련기사 비행기 표 지금사면 당신은 '호갱' 5000원짜리호두과자 팔아 번 돈이 무려… 美중간선거 D데이…텍사스·애리조나·조지아 등 격전지 '주목' 美 중간선거 '결전의날' 밝았다…하원-민주, 상원-공화 승리 전망 ""결혼 후 매달 용돈 50만 원씩 보내라구요?""    ⓒ 한국경제 & hankyung.com, 무단전재 및 재배포 금지"
48,4,"2019-02-05","00:00:13","테드 크루즈, 기사회생…민주당 스타 베토 오루어크 간신히 제쳐","떠오르는 민주당 정치 스타 베토 오루어크의 도전으로 ‘안방’에서 몰락할뻔했던 테드 크루즈 텍사스주 상원의원(공화당)이 기사회생했다.  크루즈 의원은 6일(현지시간) 연방 상원의원 선거에서 51.1%를 득표, 48.2%를 얻은 오루어크 후보를 간신히 제쳤다. 크루즈 의원은 2016년 공화당 대선후보 경선에서 도널드 트럼프 대통령(당시 대선후보)에 이어 2위에 오른 거물이다. 경선이 끝난 후에도 온전히 승복하지 않아 트럼프 대통령과 불편한 사이였다.  하지만 오루어크의 거센 상승세로 위기에 몰리자 ‘정적’인 트럼프 대통령에게 ‘SOS(구조 신호)’를 쳐야 했다. ‘친트럼프’ 성향 유권자의 표를 모으기 위해서였다. 결과적으로 트럼프 대통령의 지지가 없었다면 승리를 장담하기 어려웠다는게 선거 결과 드러났다.  ‘흑인 대 친트럼프’ 후보의대결로 관심을 모은 플로리다주 주지사 선거도 친트럼프를 표방한 론 드샌티스 후보의 승리로 끝났다. 드샌티스는 막판까지 앤드루 길럼 민주당 후보와 엎치락뒤치락 접전 끝에 승리했다. 득표율은 드샌티스가 49.9%, 길럼이 48.9%였다.  워싱턴=주용석 특파원 hohoboy@hankyung.com    관련기사 비행기 표 지금 사면 당신은 '호갱' '하얏트 호텔 소유' 제이 로버트 프리츠커, 일리노이 주지사 확실시 5000원짜리 호두과자 팔아 번 돈이 무려… ""결혼 후 매달 용돈 50만 원씩 보내라구요?"" 美선거사상 최다 개인돈 투입 프리츠커, 일리노이주지사 당선    ⓒ 한국경제 & hankyung.com, 무단전재 및 재배포 금지"
48,5,"2019-02-05","00:00:00","[오늘의 경기] 2월 5일(화)","◆ 2월5일 (화)  ▲ 프로배구  OK저축은행 vs KB손해보험(안산상록수체육관·14:00)  현대건설 vs GS칼텍스(수원체육관·16:00)  ▲ 프로농구  고양 오리온 vs 원주 DB(고양체육관)  서울 삼성 vs 서울 SK(잠실실내체육관·이상 15:00)  안양 KGC vs 인천 전자랜드(안양실내체육관·17:00)  ▲ 씨름  2019 설날장사씨름대회(정읍국민체육센터)    ★오늘 사면 내일 상한가 터질 대박주 100% 무료 공개! (선착순 5명)  ▶ 주식 자동 프로그램으로""月300만원""버는 男화제  ★세력 입성 전, 집중공략! 20인의 전문가가 만장일치한 급등 유력株 ""오늘""만 전격공개!"
48,6,"2019-02-04","23:57:20","까치 까치 설날은","설날을 하루 앞둔 입춘인 4일 과천 서울대공원 호수 주변에 까치들이 설날 잔치라도 하는 듯 짓어대고 있다. 사진=박범준 기자   artpark@fnnews.com 박범준 기자     ▶▶2019년 상반기 ""정부정책"" 최대수혜주 TOP 10 긴급공개(바로확인) ▶▶[초대박종목 실시간 공유]◀◀ ""누적수익률 343.9%"" 공짜로 확인!!→<< 즉시 무료발송!>>  [파이낸셜뉴스 주요뉴스]  → 백두산 폭발? 산 주변서 일어나는 불길한 징조 → 65세 노인 시가 5억원 집 맡기면 주택연금 얼마나 받나 → 민주당 지지율 38.2%로 하락.. 한국당은 ""이럴 수가"" → 18년된 로또, 최저 당첨금 4억.. 최고액은 무려 → 심장에 박혔던 이쑤시개 발견.. 알고보니 4년 전에  ▶ 이 종목 하나면 억대계좌 달성가능!<3시간만 무료공개>  ▶▶[급등임박 공개]◀◀ 2019년 상반기 ""정부정책""수혜주 TOP 10 긴급공개 >>> (바로확인)  ※ 저작권자 ⓒ 파이낸셜뉴스. 무단 전재-재배포 금지 "
48,7,"2019-02-04","23:55:54","입춘인 까치 설날","까치설날이며 입춘인 4일 과천 서울대공원 호수 주변에 까치들이 설날 잔치라도 하는 듯 모여 있다. 사진=박범준 기자   artpark@fnnews.com 박범준 기자     ▶▶2019년 상반기 ""정부정책"" 최대수혜주 TOP 10 긴급공개(바로확인) ▶▶[초대박종목 실시간 공유]◀◀ ""누적수익률 343.9%"" 공짜로 확인!!→<<즉시 무료발송!>>  [파이낸셜뉴스 주요뉴스]  → 백두산 폭발? 산 주변서 일어나는 불길한 징조 → 65세 노인 시가 5억원 집 맡기면 주택연금 얼마나 받나 → 민주당 지지율 38.2%로 하락.. 한국당은""이럴 수가"" → 18년된 로또, 최저 당첨금 4억.. 최고액은 무려 → 심장에 박혔던 이쑤시개 발견..알고보니 4년 전에  ▶ 이 종목 하나면 억대계좌 달성가능!<3시간만 무료공개>  ▶▶[급등임박 공개]◀◀ 2019년 상반기 ""정부정책""수혜주 TOP 10 긴급공개 >>> (바로확인)  ※ 저작권자 ⓒ 파이낸셜뉴스. 무단 전재-재배포 금지 "
49,1,"2019-02-04","22:59:17","<표> ICE 가스 오일(Gasoil) 선물 가격","Last     Change       High        Low     Previous                                                                       Settlement    Gas Oil    Low Slfr Gasoil Feb19     580.00      +1.75     590.75     579.75       578.25    Low Slfr Gasoil Mar19     578.25      +1.50     589.50     577.50       576.75    Low Slfr Gasoil Apr19     577.00      +1.00     587.75     576.50          576    Low Slfr Gasoil May19     576.50      +0.75     587.25     576.25       575.75    Low Slfr Gasoil Jun19     577.00      +0.50     587.75     577.00        576.5    Low Slfr Gasoil Jul19     579.25      +0.75     589.25     579.00        578.5    Low Slfr Gasoil Aug19     581.50      +0.75     591.75     581.50       580.75    Low Slfr Gasoil Sep19     584.00      +0.75     594.00     584.00       583.25    Low Slfr Gasoil Oct19     586.75      +0.75     596.75     586.75          586    Low Slfr Gasoil Nov19     587.75      +1.00     597.50     587.75       586.75   Note: Prices are delayed by 10 minutes.  Source: SIX Financial Information      다우존스 제공     2019. February. 04일  미국동부시간 09:00 (표준시 14:00)   ＜ⓒ종합 경제정보 미디어 이데일리 - 무단전재 & 재배포 금지＞"
49,2,"2019-02-04","22:52:33","[사진] UAE 이슬람 사원 방문하는 교황","[아부다비 로이터=뉴스핌] 김근철 기자=가톨릭과 이슬람 간 화해와 협력을 위해 역대 교황중 처음으로 아랍에미리트(UAE)를 방문한 프란치스코 교황이 4일(현지시간) 이슬람 성직자(왼쪽)의 안내를 받으며 아부다비의 쉐이크 자예드그랜드 모스크를 방문하고 있다. 2019.2.4.     kckim100@newspim.com    ★오늘 사면 내일 상한가 터질 대박주 100% 무료 공개! (선착순 5명)  ▶ 주식 자동 프로그램으로""月300만원""버는 男화제  ★세력 입성 전, 집중공략! 20인의 전문가가 만장일치한 급등 유력株 ""오늘""만 전격공개!"
49,3,"2019-02-04","22:50:02","Sysco Corporation      2Q EPS 13.64% ↓","Sysco Corporation     (NYS:SYY) 2Q 실적발표  매출은 147억70백만 달러로 전년동기 대비 2.50% 소폭 증가했고, 시장전망치 147억80백만달러를 부합 했다. EPS는 0.75달러로 전년동기 대비 13.64% 상승했고,시장전망치 0.73달러를 상회했다."
49,4,"2019-02-04","22:49:18","소말리아서 알샤바브 자처 폭탄ㆍ총격 테러…11명 사망","소말리아서 알샤바브 자처 폭탄ㆍ총격 테러…11명 사망     (테헤란ㆍ나이로비=연합뉴스) 강훈상 특파원 우만권 통신원 = 4일(현지시간) 오전 아프리카 동부 소말리아 수도 모가디슈에서 차량 폭탄테러가 일어나 최소 11명이 숨지고 10명이 다쳤다고 AFP 등 주요 외신이 보도했다.  보도에 따르면 모가디슈 시내 중심부의 관공서와 상점이 모인 지역에 주차된 자동차 1대에 실린 폭발물이 터져 인근 건물 1채가 무너지면서 사상자가 발생했다.  알카에다와 연계된 소말리아 이슬람 극단주의 테러조직 알샤바브는 웹사이트를 통해 ""공무원과 군경이 모인 장소를 겨냥해 작전을 폈다"" 며 배후를 자처했다.  같은 날 소말리아 북동부 반(半)자치주 푼틀란드의 보사소 항구에서 아랍에미리트(UAE) 두바이 정부 소유의 항만 운영사 P&O포트 소속의몰타인 직원 1명이 무장 괴한의 총격으로 숨지고 3명이 다쳤다. 괴한은 보안부대에 의해 사살됐다.  알샤바브는 이 테러 역시 자신들의 소행이라면서 이 직원이 '점령자'의 회사를 위해 일했기 때문에 표적이 됐다고 주장했다.  P&0포트는 2017년 푼틀란드 주와 30년간 보사소 항구를 개발ㆍ운영하는 계약을 맺었다. UAE는 동부 아프리카의 물류, 군사적 요충지인 소말리아에 최근 몇 년간 항만 투자와 군대 주둔을 늘리고 있다.  hskang@yna.co.kr   (끝)    <긴급속보 SMS 신청> <포토 매거진> < M-SPORTS >   <저작권자(c) 연합뉴스, 무단 전재-재배포 금지>"
49,5,"2019-02-04","22:44:47","1분기 S&P 500 EPS 증가율 전망치 '마이너스' 전환","(뉴욕=연합인포맥스) 오진우 특파원 = 올해 1분기 스탠더드앤드푸어스(S&P) 500 기업의 주당순이익(ESP) 증가율 전망치가 마이너스(-)로 전환했다고 마켓워치가 4일  보도했다.      마켓워치는 시장의 전망이 실현된다면 약 3년 만에 기업 수익이 역성장하는 것이  된다고 설명했다.      팩트셋은 지난 1일 자로 집계된 S&P 500 포함 기업의 올해 1분기 EPS에 대한 시  장의 전망치가 -0.9%를 기록했다고 밝혔다.      지난 1월 11일 집계에서는 1.9% 성장이 예상됐고, 지난해 9월 30일에는 6.6% 성  장이 예상됐던 바 있다.      팩트셋은 현재 한창 발표가 진행 중인 지난해 4분기 기업의 EPS 증가율 전망치는 12.4%를 기록 중이라고 밝혔다. 지난 1월 11일 전망 10.6%보다 다소 높아진  수준이  다.      기업들이 예상보다 양호한 실적을 내놓고 있기 때문으로 풀이된다.      JP모건체이스는 지난주까지 실적을 발표한 기업의 72%가 시장의 예상을 뛰어넘는  순익을 발표했다고 분석했다.      마켓워치는 하지만 기업들의 올해 실적 가이던스의 하향 조정 등으로 1분기 EPS 기대가 낮아지고 있다고 진단했다.      시장의 예상이 현실이 된다면 올해 1분기는 2016년 2분기 EPS가 2.5% 하락한 이  후 약 3년 만에 기업 실적이 둔화하는 것이 된다고 설명했다.      한편 기업의 매출 증가율 기대도 하향 조정되고 있는 것으로 나타났다.      팩트셋에 따르면 지난 1일 기준 1분기 매출 증가율 전망치는 5.8%를 기록했다. 지난 1월 11일 집계 당시는 6.3% 성장이 예상됐다.      jwoh@yna.co.kr  (끝)  <저작권자(C)연합인포맥스뉴스. 무단 전재-재배포 금지.>"
49,6,"2019-02-04","22:43:40","미 국채가, 연준 위원 발언 대기 하락","(뉴욕=연합인포맥스) 곽세연 특파원 = 미 국채 가격은 연방준비제도(Fed·연준) 위원들의 연설을 주시하며 소폭 하락했다.      마켓워치·다우존스-트레이드웹에 따르면 4일 오전 8시(이하 미 동부시간) 무렵  뉴욕 채권시장에서 10년 만기 국채수익률은 전장 종가보다 0.5bp 상승한 2.695%를  기록했다.      국채 30년물 수익률은 전날보다 0.6bp 오른 3.036%를 나타냈다.      통화 정책에 민감한 2년 만기 국채수익률은 전 거래일보다 0.4bp 상승한 2.512% 에 거래됐다.      10년물과 2년물 가격 격차는 전일 18.2bp에서 이날 18.3bp로 확대됐다. 국채수익  률은 가격과 반대로 움직인다.      이날 국채시장은 주요 연준 위원들의 발언을 기다리며 방향성을 모색하고 있다. 지난주 국채수익률이 가파르게 내렸던 만큼 상승 폭을 소폭 되돌렸다.      연준이 연방공개시장위원회(FOMC) 회의에서 추가 금리 인상을 결정할 때까지 더  인내심을 가지겠다는 신호를 준 뒤 나오는 연준 위원들의 공개 발언이라 관심이  높  다.      미 연방정부 부분폐쇄(셧다운)가 해소된 뒤 연기됐던 경제지표가 잇따라 발표되  고 있어 지표 민감도도 높아졌다. 연준의 1월 FOMC 회의 이후 올해 후반에나 있을 금  리 인상을 앞두고 투자자들의 관망세가 짙다.      이번 주 닐 카시카리 미니애폴리스 연은 총재, 로레타 메스터 클리블랜드 연은  총재 등의 발언이 예정돼 있다.      특히 메스터 총재의 경우 연방공개시장위원회(FOMC) 위원들 가운데 몇 안 되는  매파 중 한 명이어서 더 관심이 쏠린다. 더 비둘기파적인 연준의 변신이 연준 위원들  전반으로 퍼졌는지 단서를 제공할 것으로 전망된다.      주 후반에는 제롬 파월 연준 의장이 타운홀 미팅을 주재한다.      BMO 캐피털의 이안 린젠 미국 금리 전략 대표는 ""FOMC가 지나갔고, 이제는 다양  한 연준 위원들의 발언에서 연준의 의도를 읽으려 할 것""이라며 ""시장은 올해 첫 금  리 결정 회의의 비둘기파적인 해석을 완화할지, 한발 뒤로 물러날지 결정할 것""이라  고 말했다.      그는 ""메스터 총재는 올해 투표위원은 아니지만, 그의 매파적인 성향이 다소 누  그러진 것 같다""며 ""메스터 총재의 발언에서 새로운 매파 구성에 대한 시험을 할 수  있을 것""이라고 내다봤다.      미 국채시장은 주요 국채의 입찰도 앞두고 있다.      미 재무부는 이번 주 840억 달러의 3년과 10년, 30년 만기 국채 입찰을 할 예정  이라고 밝혔다.      sykwak@yna.co.kr  (끝)  <저작권자(C)연합인포맥스뉴스. 무단 전재-재배포 금지.>"
49,7,"2019-02-04","22:40:26","채권시장의 전설…'채권왕' 빌 그로스 은퇴","(뉴욕=연합인포맥스) 오진우 특파원 = 채권시장의 살아 있는 전설이자 원조 '채  권왕'으로 불리는 빌 그로스가 야누스 헨더슨을 떠나 시장에 이별을 알렸다.      4일 CNBC 등 주요 외신에 따르면 야누스 헨더슨은 그로스가 본인의 자선 재단과  개인 자산 등의 운영에 집중하기 위해 회사를 떠나기로 했다고 발표했다.      CNBC는 최고위 정책 결정권자들도 그의 발언에 귀를 기울였던 채권시장의 전설이 74살을 기해 이력에 마침표를 찍기로 했다고 평가했다.      그로스는 지난 1971년 핌코를 공동으로 설립했다. 핌코는 이후 세계 최대의 채권  펀드로 성장했고, 그로스는 '채권왕'이란 칭호를 얻었다.      그는 2014년 핌코를 떠나 야누스 헨더슨에서 글로벌 무제한 채권 펀드를 운용했  다. 하지만 이 펀드는 최근 수년간 좀처럼 양호한 실적을 내지 못한 것으로 알려졌다 .      그로스는 이날 발표된 성명을 통해 ""지난 40년 이상 환상적인 경력을 쌓았다""면  서 ""항상 고객의 이익을 최우선에 두려고 노력했으며, 적극적인 채권 운용 방식을 혁  신하고 또 혁신했다""고 말했다.      jwoh@yna.co.kr  (끝)  <저작권자(C)연합인포맥스뉴스. 무단 전재-재배포 금지.>"
50,1,"2019-02-04","21:44:36","[포토]농협, 드론 활용하여 항공방제","[이데일리 노진환 기자] 농협이 4일 안성시 양성면 구제역 발생지역을 중심으로 드론 및 광역살포기를 활용한 항공방제를 실시했다. 농협은 구제역 확산방지와 조기종식을 위해 설 연휴기간 가용 가능한 소독장비를 총 동원하여 방역소독을 실시하였으며, 특히 축사밀집지역, 축산관련 차량 이동이 잦은 지역을 중점적으로 방제활동을 전개하고 있다. (사진=농협)     ▶[무료추천] 개인정보 수집없는 카카오톡방 입장하기!  ▶ 하이스탁론, 선취수수료 없는 월 0.3%대 최저금리 상품 출시   ＜ⓒ종합 경제정보 미디어 이데일리 - 무단전재 & 재배포 금지＞    "
50,2,"2019-02-04","21:44:06","부산 사상구, ‘더(The) 감면 알리미 서비스' 실시","부산 사상구(구청장 김대근)는 시간이 지나 감면요건을 기억하지 못하는 납세자를 위한 ‘더(The) 감면 알리미 서비스‘를 실시하고 있다고 4일 밝혔다. 이 서비스는 부동산을 취득하고 감면요건에 따라 취득세를 감면받았다가 일정 기간 이후 감면요건 위반으로 감면받은 세액을 다시 납부해야 하는 납세자를 위해 매년 한 번 더(The) 감면주의사항을 알려주는 서비스다. 감면사유별 맞춤알림서비스로 행정서비스의 신뢰도 향상과 납세자와의 소통에 기여하며 납세자들로부터 큰 호응을 얻고 있다. 구 관계자는 “납세자의 입장에서 편리하게 알아서 알려주는 서비스 방안을 찾다보니 실시하게 된 서비스로 납세자보다 먼저 납세자의 입장을 배려할 수 있도록 더욱 노력하겠다”고 말했다. sr52@fnnews.com 강수련 기자  ▶▶2019년 상반기 ""정부정책"" 최대수혜주 TOP 10 긴급공개(바로확인) ▶▶[초대박종목 실시간 공유]◀◀ ""누적수익률 343.9%"" 공짜로 확인!!→<<즉시 무료발송!>>  [파이낸셜뉴스 주요뉴스]  → 백두산 폭발? 산 주변서일어나는 불길한 징조 → 65세 노인 시가 5억원 집 맡기면 주택연금 얼마나 받나 → 민주당 지지율 38.2%로 하락.. 한국당은 ""이럴 수가"" → 18년된 로또, 최저 당첨금 4억.. 최고액은 무려 → 심장에 박혔던 이쑤시개 발견.. 알고보니 4년 전에  ▶ 이 종목 하나면 억대계좌 달성가능!<3시간만 무료공개>  ▶▶[급등임박 공개]◀◀ 2019년 상반기 ""정부정책""수혜주 TOP 10 긴급공개 >>> (바로확인)  ※저작권자 ⓒ 파이낸셜뉴스. 무단 전재-재배포 금지 "
50,3,"2019-02-04","21:44:04","[포토]농협, 드론 및 광역살포기를 활용하여 항공방제","[이데일리 노진환 기자] 농협이 4일 안성시 양성면 구제역 발생지역을 중심으로 드론 및 광역살포기를 활용한 항공방제를 실시했다. 농협은 구제역 확산방지와 조기종식을 위해 설 연휴기간 가용 가능한 소독장비를 총 동원하여 방역소독을 실시하였으며, 특히 축사밀집지역, 축산관련 차량 이동이 잦은 지역을 중점적으로 방제활동을 전개하고 있다. (사진=농협)     ▶[무료추천] 개인정보 수집없는 카카오톡방 입장하기!  ▶ 하이스탁론, 선취수수료 없는 월 0.3%대 최저금리 상품 출시   ＜ⓒ종합 경제정보 미디어 이데일리 - 무단전재 & 재배포 금지＞    "
50,4,"2019-02-04","21:41:56","[포토]김용우 육군참모총장, '부상 장병들 격려'","[이데일리 노진환 기자] 김용우 육군참모총장(왼쪽)이 민족의 명절인 설을 앞둔 4일 국군대전병원에 입원중인 부상장병을 찾아 격려하며 셀카촬영을 하고 있다. (사진=육군)     ▶[무료추천] 개인정보 수집없는 카카오톡방 입장하기!  ▶ 하이스탁론, 선취수수료 없는 월 0.3%대 최저금리 상품 출시   ＜ⓒ종합 경제정보 미디어 이데일리 - 무단전재 & 재배포 금지＞    "
50,5,"2019-02-04","21:40:47","[포토]'부상장병 격려하는 김용우 육군참모총장'","[이데일리 노진환 기자] 김용우 육군참모총장(왼쪽)이 민족의 명절인 설을 앞둔 4일 국군대전병원에 입원중인 부상장병을 찾아 화이팅을 전하고 있다. (사진=육군)     ▶[무료추천] 개인정보 수집없는 카카오톡방 입장하기!  ▶ 하이스탁론, 선취수수료 없는 월 0.3%대 최저금리 상품 출시   ＜ⓒ종합 경제정보 미디어 이데일리 - 무단전재 & 재배포 금지＞    "
50,6,"2019-02-04","21:39:24","[포토]'참전용사 위문하는 김용우 육군참모총장'","[이데일리 노진환 기자] 김용우 육군참모총장(왼쪽)이 민족의 명절인 설을 앞둔 4일 대전보훈병원에서 투병중인 참전용사를 찾아 거수 경례로 인사하고 있다. (사진=육군)     ▶[무료추천] 개인정보 수집없는 카카오톡방 입장하기!  ▶ 하이스탁론, 선취수수료 없는 월 0.3%대 최저금리 상품 출시   ＜ⓒ종합 경제정보 미디어 이데일리 - 무단전재 & 재배포 금지＞    "
50,7,"2019-02-04","21:39:00","알프스서 잇단 산사태로 스키 관광객 최소 10명 숨져","[사진=123rf]  [헤럴드경제=모바일섹션] 최근 알프스 산간 지역에서 산사태가 잇따라 스키를 즐기던 관광객 최소 10명이 숨지는 사고가 발생했다. 　 4일(현지시간) AFP통신에 따르면 유럽 각국에 걸쳐있는 알프스산맥에서 주말 동안연이어 발생한 산사태로 이탈리아와 프랑스, 스위스, 오스트리아에서 최소 10명이 숨지고 일부가 실종되는 등 인명피해가 잇따랐다. 　 인명피해가 컸던 이탈리아 북서부 발다오스타 주에서는 스키를 즐기던 관광객 4명이 눈에 휩쓸려 실종됐으나 이 중 3명이 숨진 채 발견됐다. 　 산악구조대에 따르면 영국과 프랑스 출신으로 알려진 이들은 수 미터 눈더미 아래 파묻힌 채로 발견됐으며, 탐지견과 헬리콥터를 동원해 나머지 실종자 1명을 수색하고 있다고 밝혔다. 　 스위스와 접경한 산악 지대인 이탈리아 롬바르디아주의 북부 손드리오에서는 눈사태로 스노보드를 타던 벨기에 국적의 24세 청년이 목숨을 잃었고, 볼차노에서도 스키를 타던 18세 청소년이 눈사태로 사망했다. 　 지난 2일 프랑스 사부아 지역에서는 산악 스키를 즐기던 관광객이 눈사태로 숨졌으며, 같은 날 스위스 베른에서도 산사태가 스키를 타던 남녀를 덮쳐 1명은 숨지고, 다른 1명은 병원으로 이송돼 치료를 받는 것으로 알려졌다. 　 오스트리아에서도 두 건의 산사태로 52세 남성이 사망했으며, 관광객 10명이 구조됐다. 　 onlinenews@heraldcorp.com 　          [프리미엄 링크] ◆ [평생무료] ""주식카톡방"" 대박주를 추천받는데 100원도 안낸다~ ◆ 무료O, 회원가입X. 바로보는 증권전문가의 실시간 라이브방송. ◆ <긴급> 세력 매집 포착, 지금 매수하면 200% 투자수익 달성!  10%수익을 40%로 만들어 준다고?? 영웅스탁론이라면 가능~! [영웅스탁론]효과적인 레버리지를 이용하여 수익률을 4배로!!   2019년은 바이오株! 셀트리온 160배 능가할 제2의 셀트리온?!   삼성이 탐내는 바이오기업! 3000%↑실적폭증! 전세계 30조 시장선점! 10년만의 대박기회!!   [오늘의 인기기사] ◆ [국대스탁론]업계 최저금리 2.29%! 100%한종목 투자가능+신용/ 미수 대환가능 ◆ [마감임박] '급등주 문자메시지' 100% 무료로 받아보기! ◆ ‘더 빠질 곳이 없는’ 초저평가 숨은 南北경협 테마株! ◆ 똑똑해진 소비자..한국도 이젠 소형차 시대 ◆ 2020년 한국 TV 2대중 1대 인터넷 연결된다"
51,1,"2019-02-04","20:59:17","<표> ICE 브랜트 원유 선물 가격","Last     Change       High        Low     Previous                                                                       Settlement    Brent Crude    Brent Cr Oil Lead Cntrct        ...        ...       0.00       0.00    Apr19                     62.92      +0.17      63.63      62.42        62.75    May19                     62.93      +0.14      63.63      62.47        62.79    Jun19                     62.94      +0.09      63.64      62.53        62.85    Jul19                     62.87      +0.07      63.54      62.54         62.8    Aug19                     62.78      +0.02      63.46      62.49        62.76    Sep19                     62.68      +0.01      63.35      62.44        62.67    Oct19                     62.60      +0.01      63.22      62.34        62.59    Nov19                     62.51       UNCH      63.12      62.31        62.51    Dec19                     62.38      -0.03      63.02      62.14        62.41   Note: Prices are delayed by 10 minutes.  Source: SIX Financial Information      다우존스 제공     2019. February. 04일  미국동부시간 07:00 (표준시 12:00)   ＜ⓒ종합 경제정보 미디어 이데일리 - 무단전재 & 재배포 금지＞"
51,2,"2019-02-04","20:53:24","日아베ㆍ獨메르켈, 기밀정보 교환 협정 체결 큰 틀 합의","日아베ㆍ獨메르켈, 기밀정보 교환 협정 체결 큰 틀 합의   (도쿄=연합뉴스) 김정선 특파원 = 아베 신조(安倍晋三) 일본 총리와 앙겔라 메르켈 독일 총리가 기밀정보 교환이 가능한 정보보호 협정을 체결하기로 큰 틀에서 합의했다고 교도통신이 4일 전했다.  보도에 따르면 아베 총리와 메르켈 총리는 이날 오후 도쿄(東京)에 있는 총리관저에서 회담하고 안보 분야 협력을 강화하기 위해 이같이합의했다.  아베 총리는 회담 후 공동 기자회견에서 ""정보보호 협정 체결을 위해 협상하기로 큰 틀에서 합의하고 방위 분야 협력을 진행하기로 했다""고 말했다.    정보보호 협정을 체결하게 되면 양국 간 군사기밀과 테러 정보 등의 교환이 용이하게 된다.  아베 총리는 또한 ""자유롭게 열린 경제 시스템을 유지, 강화하기 위해 일본과 독일이 긴밀하게 협력해 갈 것""이라고 말했다.  유럽연합(EU)과 일본 간 자유무역협정(FTA) 격인 경제동반자협정(EPA)은 지난 1일 발효됐다.  메르켈 총리는 아베 총리와의 회담에서 ""일본은 독일과 함께 규칙에 근거한 질서를 대표하는 국가로, 양국의 협력은 매우 중요하다""고 말했다.  메르켈 총리가 일본을 방문한 것은 2016년 미에(三重)현에서 열린 주요 7개국(G7) 정상회담 참석 이후 3년 만이다.  jsk@yna.co.kr   (끝)    <긴급속보 SMS 신청> <포토 매거진> < M-SPORTS >   <저작권자(c) 연합뉴스, 무단 전재-재배포 금지>"
51,3,"2019-02-04","20:52:33","심승섭 해군참모총장, 설연휴 軍대비태세 점검","[머니투데이 주명호 기자] 심승섭 해군참모총장이 설 연휴인 4일 해군 1 함대를 방문해 군사대비태세를 점검하고 장병들을 격려했다.   해군본부는 이날 심 참모총장이 1함대 108조기경보전대와 전진기지, 고속정편대를 방문했다고 밝혔다.   심 참모총장은 ""설 연휴에도 두 눈을 부릅뜨고 국민의 생명과 영해를 지키는 것이 우리 군의 사명이요, 군복을 입은 군인의 본분""이라며 ""24 시간 깨어있는 상황실 근무자의 초기대응이 작전 성공을 보장하는 만큼 신속하고 정확한 상황보고 체계를 확립해달라""고 당부했다.   이어 ""고속정의 근무환경이 열악하지만 우리에게 주어진 임무와 역할 속에서 소중한 가치와 숭고한 의미를 찾을 수 있기를 바란다""고 덧붙였다.      ▶▶[급등임박] 2019년 정부정책 최대수혜주 Top5 (바로확인)   ※주목※ 총 수수료 0원+월 0.4%대 금리 ▶ 저비용고수익 실현해볼까? (바로 가기)     [파워 인터뷰]      [관련기사] ☞ '승리 사임' 버닝썬 ""물게 골뱅이 구함""…성관계 영상도촬영 ☞ 공매도의 '멘붕'…삼성전자·하이닉스 반등에 ""앗뜨거"" ☞ ""잔소리 피하고, 30만원 벌자""…설 알바 찾는 사람들 ☞ 광주 아파트 화재… 불길 피하려던 60대 추락사 ☞  ""부주의했다""…러블리즈 생방송 욕설 사고 사과      ▶▶[급등임박] 2018년 하반기 ""정부정책"" 수혜주 TOP 10 긴급공개(바로확인)   저금리 고수익의 비밀, 1644-6960 키워드림론에서확인       주명호 기자 serene84@mt.co.kr    <저작권자 ⓒ '돈이 보이는 리얼타임 뉴스' 머니투데이, 무단전재 및 재배포 금지>    이재은 기자 jennylee11@mt.co.kr    <저작권자 ⓒ '돈이 보이는 리얼타임 뉴스' 머니투데이, 무단전재 및 재배포 금지>"
51,4,"2019-02-04","20:51:26","설 전날 귀성길 정체 모두 해소…서울→부산 4시간 30분","[머니투데이 주명호 기자] 설 연휴 셋째날인 4일 귀성길 정체가 해소돼 전국적으로 원활한 교통상황이 나타나고 있다.   한국도로공사에 따르면 이날 오후 8시 요금소 출발 기준 서울에서 부산까지 걸리는 시간은 4시간30분으로 나타났다. 이외 전국 주요 도시의도착시간은 △대구 3시간30분 △울산 4시간10분 △광주 3시간20분 △대전 1시간30분 △ 강릉 2시간40분 △목포 3시간40분이다.   오전 7시부터 이어졌던 고속도로 정체도 모두 사라졌다. 오후 7시50분 기준 서행(시속 40km~80km) 또는 정체(시속 40km 미만) 구간은 모두 해소돼 원활한 소통이 이루어지고 있다.   설날인 5일은 오전 9시부터 귀성·귀경길 모두 정체가 시작될 것으로 예상된다. 한국도로공사는 부산→서울 방향의 경우 오후 12시 예상평균소요시간이 8시간30분으로 정체가 절정에 달할 것으로 전망했다. 정체는 오후 10시쯤 해소될 것으로 예상된다.   서울→부산 방향은 오후 12시~1시 예상 소요시간이 8시간으로 가장 막힐 것으로 전망됐다. 귀성길 정체는 이날 오후 8시쯤 해소될 것으로 예상된다.      ▶▶[급등임박] 2019년 정부정책 최대수혜주 Top5 (바로확인)   ※주목※ 총 수수료 0원+월 0.4%대 금리 ▶ 저비용고수익 실현해볼까? (바로 가기)     [파워 인터뷰]      [관련기사] ☞ '승리 사임' 버닝썬 ""물게 골뱅이 구함""…성관계 영상도촬영 ☞ 공매도의 '멘붕'…삼성전자·하이닉스 반등에 ""앗뜨거"" ☞ ""잔소리 피하고, 30만원 벌자""…설 알바 찾는 사람들 ☞ 광주 아파트 화재… 불길 피하려던 60대 추락사 ☞  ""부주의했다""…러블리즈 생방송 욕설 사고 사과      ▶▶[급등임박] 2018년 하반기 ""정부정책"" 수혜주 TOP 10 긴급공개(바로확인)   저금리 고수익의 비밀, 1644-6960 키워드림론에서확인       주명호 기자 serene84@mt.co.kr    <저작권자 ⓒ '돈이 보이는 리얼타임 뉴스' 머니투데이, 무단전재 및 재배포 금지>"
51,5,"2019-02-04","20:50:02","Clorox Company (The)      2Q EPS 13.82%","Clorox Company (The)    (NYS:CLX) 2Q 실적발표  매출은 14억70백만 달러로 전년동기 대비 3.52% 소폭 증가했고, 시장전망치 14억70백만달러를 부합 했다. EPS는 1.4달러로 전년동기 대비 13.82% 상승했고,시장전망치 1.3달러를 대폭 상회했다."
51,6,"2019-02-04","20:50:01","알렉시온 파마수티컬      4Q EPS 44.59% ↑","알렉시온 파마수티컬    (NAS:ALXN) 4Q 실적발표  매출은 11억30백만 달러로 전년동기 대비 24.16% 상승했고, 시장전망치 10억60백만달러를 대폭 상회했다. EPS는 2.14달러로 전년동기 대비 44.59% 대폭 상승했고,시장전망치 1.82달러를 대폭 상회했다."
51,7,"2019-02-04","20:48:50","바이낸스 랩, 인큐베이션 프로그램 시즌 2 참가자 추가 모집","세계 최대 암호화폐 거래소 바이낸스가 블록체인 기술 인프라를 만들기 위해 만든 바이낸스 랩(Labs)이 자체 인큐베이션 프로그램 시즌 2 참가자를 추가 모집한다고 4일 밝혔다.       지난해 12월 샌프란시스코에서 시즌 1에 참여한 8개 팀의 데뷔 무대를 성공적으로 마친 바이낸스 랩은 오는 3월 미국 샌프란시스코를 비롯해 라고스, 홍콩, 싱가포르, 베를린, 부에노스 아이레스 등 6개 도시를 거점으로 인큐베이션 프로그램 시즌 2를 진행한다.   바이낸스 랩은 오는 14일부터 18일까지 인큐베이션 프로그램 시즌 2의 2차 신청을 받는다. 이후 전 세계에서 유망한 블록체인 기반 스타트업(창업초기기업) 13곳을 선정해 빠르게 성장하도록 지원·육성할 예정이다. 또 시즌 2 기간에도 지난해 시즌 1에서 선발된 블록체인 스타트업 8곳에 대한 지원과 육성이 계속된다.  인큐베이션 프로그램은 약 10주간 ▲10%의 지분과 토큰 판매 풀의 10%에 해당하는 투자금지원 ▲스타트업 분야 구루로부터의 멘토링 ▲업계 선두업체와의 광범위한 네트워킹 ▲법률, 고용, 기술, 마케팅, 자금 조달과 다양한 부분에 대한 지원 등을 제공한다. 선정된 업체들은 아프리카, 아시아, 유럽, 북미지역, 남아메리카의 거점도시에서 7주간의 지역 멘토링을 받은 후, 3주간 싱가포르에서 최종 멘토링을 받게 된다.   바이낸스 랩 관계자는 “블록체인 업계 성장을 위해서는 장기적인 생태계 조성이 반드시 필요하다고 생각해 이번 프로그램을 기획했다”면서 “숨어있는 보석 같은 많은 스타트업들의 지원을 기다린다”고 말했다.     elikim@fnnews.com 김미희 기자  ▶▶2019년 상반기 ""정부정책"" 최대수혜주 TOP 10 긴급공개(바로확인) ▶▶[초대박종목 실시간 공유]◀◀ ""누적수익률 343.9%"" 공짜로 확인!!→<<즉시 무료발송!>>  [파이낸셜뉴스 주요뉴스]  → 백두산폭발? 산 주변서 일어나는 불길한 징조 → 65세 노인 시가 5억원 집 맡기면 주택연금 얼마나 받나 → 민주당 지지율 38.2%로 하락.. 한국당은 ""이럴 수가"" → 18년된 로또, 최저 당첨금 4억.. 최고액은 무려 → 심장에 박혔던 이쑤시개 발견.. 알고보니 4년 전에  ▶ 이 종목 하나면 억대계좌 달성가능!<3시간만 무료공개>  ▶▶[급등임박 공개]◀◀ 2019년 상반기 ""정부정책""수혜주 TOP 10 긴급공개 >>> (바로확인)  ※ 저작권자 ⓒ 파이낸셜뉴스. 무단 전재-재배포 금지 "
52,1,"2019-02-04","20:05:51","도봉산서 50대 여성 추락 사망…""등산로 줄 잡고있다 놓쳐(종합)","도봉산서 50대 여성 추락 사망…""등산로 줄 잡고있다 놓쳐(종합)     (서울=연합뉴스) 최평천 기자 = 4일 오전 10시 46분께 도봉산에서 등산객이 추락해 사망했다.  소방당국에 따르면 50대 여성 A씨가 서울 도봉구 도봉산 자운봉 인근 Y계곡에서 30m 아래로 추락해 사망했다. 사고 현장은 줄을 잡고 등산해야 하는 험한 지역이다.  다른 등산객의 신고를 받고 출동한 산악구조대는 구조 작업을 진행했고, 현장에서 A씨의 사망을 확인했다.  소방당국 관계자는 ""'A씨가 등산로의 줄을 잡고 있다 놓치며 추락했다'는 신고를 받았다""며 ""전날 내린 눈과 비가 얼어 바닥이 미끄러운상태였다""고 설명했다.  pc@yna.co.kr   (끝)    <긴급속보 SMS 신청> <포토 매거진> < M-SPORTS >   <저작권자(c) 연합뉴스, 무단 전재-재배포 금지>"
52,2,"2019-02-04","20:05:33","헝가리로 도주한 마케도니아 전 총리 ""생명 위협 느껴 망명""","헝가리로 도주한 마케도니아 전 총리 ""생명 위협 느껴 망명""  망명 이후 첫 언론 인터뷰…""언젠가는 고국 돌아갈 것""    (로마=연합뉴스) 현윤경 특파원 = 직권 남용 혐의로 유죄를 선고받고 투옥되기 직전 헝가리로 도주해 망명한 마케도니아의 전 총리가 생명의 위협을 느껴 고국을 떠났다고 주장했다.  4일 AP통신 등에 따르면 니콜라 그루에브스키(48) 전 마케도니아 총리는 지난 2일 마케도니아 시텔TV와의 인터뷰에서 이 같이 밝혔다.     도주ㆍ망명 이후 처음으로 언론과 공식 인터뷰를 한 그는 ""나에 대한 선고가 아무런 법적 근거 없는 '미친 판결'이었지만, 복역을 할 생각이었다. 그러나, 누군가가 감방에서 나를 제거하려고 하고 있다는 정보를 입수한 뒤 마음을 바꿨다""고 설명했다.  우파 성향의 민족주의 정당 국내혁명기구-민족연합민주당(VMRO-DPMNE)을 이끌며 2006년부터 10년간 마케도니아 총리를 지낸 그루에브스키는 2016년 집권당이 주요 야당 인사들을 무차별 도청한 의혹이 폭로되자 사퇴했다.  10년 만에 정권 교체를 이루고 올 초 집권한 중도 좌파 사회민주당 정부는 출범 직후 직권남용, 부패, 선거부정, 도청 등 광범위한 혐의로 그루에브스키에 대한 수사를 진행했고, 작년 말 그에게 관용 고급 벤츠 차량을 개인적인 용도로 쓰는 등 직권 남용을 저지른 혐의로 징역2년을 선고한 바 있다.  그러자 그는 수감을 앞두고 작년 11월 헝가리로 달아났다. 그루에브스키는 민족주의 계열 정당인 피데스를 이끄는 빅토르 오르반 헝가리총리와 가까운 사이로 알려져 있다.  알바니아와 몬테네그로, 세르비아를 거쳐 헝가리로 간 그의 도주 과정에서 헝가리 외교 차량이 동원됐다는 보도가 나오며 헝가리가 그의도피를 사실상 도왔다는 의혹이 일기도 했다.  그는 이날 인터뷰에서 ""누가 나를 죽이려는 음모를 꾸미고 있었는지는 공개할 수 없다""며 ""현재 시점에서 이를 증명할 수 없기 때문""이라고 말했다.  그는 또 ""언젠가는 마케도니아에 돌아가려 한다""고 강조했다.  한편, 마케도니아 정부는 그루에브스키 전 총리의 도주 직후 그에 대한 국제 체포영장을 발부하고, 헝가리 정부에 그를 즉각 송환할 것을 요구하고 있다.  또한, 최근 마케도니아 특별검찰은 VMRO-DPMNE를 위한 불법 자금 조달 및 불법 당사 건축 혐의로 그를 추가로 기소했다.  ykhyun14@yna.co.kr   (끝)    <긴급속보 SMS 신청> <포토 매거진> < M-SPORTS >   <저작권자(c) 연합뉴스, 무단 전재-재배포 금지>"
52,3,"2019-02-04","20:05:00","[뉴스8 단신] 문재인 대통령 지지율 48.8%로 반등","여론조사 기관 리얼미터는 문재인 대통령의 지지율이 48.8%로 지난 2주 동안의 내림세를 멈추고 반등했다고 밝혔습니다.반면 여당인 더불어민주당의 지지율은 전주보다 0.5%p 낮은 38.2%로 3주 연속 하락세를 기록했습니다.   ▶ 고아라 ""조인성과 멜로 원한다""…정일우는 '당황'    ▶ [영상] '왁자지껄' 모처럼 들뜬 전통시장…연휴 극장 나들이    ▶ 러블리즈, 생방송 중 욕설 논란… ""왜 XX냐""    ▶ 김보성, 격파神 위엄…""기왓장 18장 기록 갖고 있어""            ▶MBN의 실시간 방송을 고화질로 즐겨보세요  ▶MBN의 밀착취재!"
52,4,"2019-02-04","20:05:00","[뉴스8 단신] 현금 사용 급감에…지난해 화폐 제조비용 역대 최소","한국은행에 따르면 지난해 화폐 제조비용은 1천104억 원으로 역대 최소를 기록한 것으로 나타났습니다.이는 신용카드 사용 등으로 현금 사용이 급감하고 간편한 모바일 계좌이체 서비스가 확산한 여파로 분석됩니다.   ▶ 고아라 ""조인성과 멜로 원한다""…정일우는 '당황'    ▶ [영상] '왁자지껄' 모처럼 들뜬 전통시장…연휴 극장 나들이    ▶ 러블리즈, 생방송 중 욕설 논란… ""왜 XX냐""    ▶ 김보성, 격파神 위엄…""기왓장 18장 기록 갖고 있어""            ▶MBN의 실시간 방송을 고화질로 즐겨보세요  ▶MBN의 밀착취재!"
52,5,"2019-02-04","20:02:07","UAE, 이슬람 발상지 첫 방문 교황 '최고의 환대'","UAE, 이슬람 발상지 첫 방문 교황 '최고의 환대'      (테헤란=연합뉴스) 강훈상 특파원 = 아랍에미리트(UAE) 정부는 이슬람 발상지인 아라비아반도를 처음으로 방문한 프란치스코 교황을 여느 국가의 정상 못지않게 환대해 가톨릭 수장에 대한 예우를 갖췄다.  UAE의 국가 원수라고 할 수 있는 셰이크 무함마드 빈 자예드 알나흐얀 아부다비 왕세제는 3일(현지시간) 밤 공항에 직접 나가 교황을 영접했다.  교황은 4일 낮 대통령 궁에서 열린 환영식을 시작으로 공식 일정에 들어갔다.  UAE 정부는 교황의 동선에 맞춰 대통령궁 광장에 붉은 카펫을 깔고 의장대 도열, 군악대 연주로 교황을 맞이했다. 이 자리에는 아부다비, 두바이 등 UAE 7개 에미리트의 군주와 귀족이 대부분 참석했다.  대통령 궁에 교황이 도착하자 예포가 발사됐고, 교황청 깃발을 상징하는 노란색, 흰색 연막을 내뿜으며 공군 전투기 편대가 공중 분열식을 했다.  UAE의 대규모 환대와 대조적으로 교황은 기아자동차의 준중형차 '쏘울'을 타고 대통령 궁에 다다랐다.  UAE 현지 언론들은 ""과시를 꺼리는 교황의 선택은 5만2천 디르함(약 1천600만원)짜리 조그맣고 소박한 쏘울이었다. 서울과 우간다 방문때도 같은 차종이었다""고 소개했다.  교황은 전날 공항에 내려 UAE 정부가 제공한 메르세데스-벤츠 방탄 자동차를 사양하고 일행과 함께 버스로 이동했다.  UAE 정부는 4일 하루 각급 학교에 임시 휴교령을 내려 교황의 방문을 경축했다.  교황은 이날 오후 UAE 정치 지도자들을 접견한 뒤 이슬람 원로단을 만날 예정이다.  교황의 UAE 방문에 맞춰 이슬람 수니파 신학의 총본산인 이집트 알아즈하르 사원의 대이맘 셰이크 아흐메드 엘타예브도 이곳을 찾았다.     hskang@yna.co.kr   (끝)    <긴급속보 SMS 신청> <포토 매거진> < M-SPORTS >   <저작권자(c) 연합뉴스, 무단 전재-재배포 금지>"
52,6,"2019-02-04","20:00:00","[날씨] 설날 큰 일교차…남부 미세먼지 '나쁨'","[날씨] 설날 큰 일교차…남부 미세먼지 '나쁨'     (서울=연합뉴스) 최평천 기자 = 설날인 5일 일교차가 큰 가운데 남부지방은 미세먼지 농도가 다소 높을 전망이다.  미세먼지 농도는 광주에서 '나쁨', 그 밖의 권역에서 '보통' 수준을 보이겠다. 단, 충청권ㆍ호남권ㆍ영남권ㆍ제주권은 오전에 '나쁨' 수준의 농도가 나타날 수 있다.  국립환경과학원은 ""황사 잔류와 대기 정체로 오전에 남부, 오후에 중서부 지역을 중심으로 농도가 높을 수 있다""고 설명했다.  전국이 대체로 맑다가 오후부터 구름이 많아진다. 강원 영서 북부에는 새벽부터 아침 사이 눈이 날리는 곳이 있겠다.  중부 내륙과 경북 북부 내륙을 중심으로 아침 기온이 -10도 내외로 떨어지는 곳이 있겠다. 낮부터 대부분 지역의 기온이 5도 이상으로 오르며 낮과 밤의 기온 차가 크겠다.  아침 최저 기온은 -7~3도, 낮 최고 기온은 6~14도로 예보됐다.  강원 영동에는 바람이 강하게 불고, 그 밖의 지역에도 바람이 약간 강하게 불겠다.  먼바다를 중심으로 바람이 강하게 불고 물결이 높아 항해나 조업을 하는 선박은 조심해야 한다.  바다의 물결은 서해ㆍ남해 앞바다 0.5~1.0ｍ, 동해 앞바다 0.5~2.0ｍ로 일겠다. 먼바다 파고는 서해ㆍ남해 0.5~2.0ｍ, 동해 1.0~2.5ｍ다.  다음은 5일 지역별 날씨 전망. [오전, 오후] (최저~최고기온) <오전, 오후 강수 확률>  ▲ 서울 : [구름조금, 구름조금] (-3~9) <10, 10>   ▲ 인천 : [구름조금, 구름조금] (-1~8) <10, 10>   ▲ 수원 : [구름조금, 구름많음] (-3~10) <10, 20>   ▲ 춘천 : [구름조금, 구름조금] (-7~9) <10, 10>   ▲ 강릉 : [맑음, 구름많음] (1~13) <0, 20>   ▲ 청주 : [구름조금, 구름많음] (-4~11) <10, 20>   ▲ 대전 : [구름조금, 구름많음] (-4~12) <10, 20>   ▲ 세종 : [구름조금, 구름많음] (-7~11) <10, 20>   ▲ 전주 : [구름조금, 구름많음] (-3~12) <10, 20>   ▲ 광주 : [구름조금, 구름많음] (-3~14) <10, 20>   ▲ 대구 : [맑음, 구름많음] (-4~13) <0, 20>   ▲ 부산 : [맑음, 구름많음] (3~12) <0, 20>   ▲ 울산 : [맑음, 구름많음] (-3~13) <0, 20>   ▲ 창원 : [맑음, 구름많음] (0~11) <0, 20>   ▲ 제주 : [구름조금, 흐림] (4~14) <10, 30>   pc@yna.co.kr   (끝)    <긴급속보 SMS 신청> <포토 매거진> < M-SPORTS >   <저작권자(c) 연합뉴스, 무단 전재-재배포 금지>"
52,7,"2019-02-04","19:59:15","결혼 문제로 다투다…어머니 목 졸라 살해한 30대 긴급체포","결혼 문제로 다투다…어머니 목 졸라 살해한 30대 긴급체포    (익산=연합뉴스) 임채두 기자 = 결혼 문제로 다투다 어머니를 목 졸라 살해한 30대가 경찰에 긴급체포됐다.  전북 익산경찰서는 존속살해 혐의로 A(39)씨를 붙잡아 조사하고 구속영장을 신청할 예정이라고 4일 밝혔다.  A씨는 지난 2일 오전 7시께 익산시 한 아파트에서 어머니 B(66)씨와 다투던 중 목을 졸라 살해한 혐의를 받고 있다.  그는 범행 후 사건을 은폐하기 위해 베란다로 시신을 옮긴 것으로 조사됐다.  이날 온종일 어머니가 연락을 받지 않자 A씨 동생은 경찰에 가출신고를 하고 수사를 의뢰했다.  수사에 착수한 경찰은 A씨 가방에 남아 있는 혈흔 등을 수상하게 여겨 그를 추궁, 범행을 자백받았다.  A씨는 ""중국인 여성과 결혼 문제로 어머니와 다투다 일을 벌였다""고 진술했다.  경찰은 A씨를 상대로 사건 경위를 조사하고 있다.  doo@yna.co.kr   (끝)    <긴급속보 SMS 신청> <포토 매거진> < M-SPORTS >   <저작권자(c) 연합뉴스, 무단 전재-재배포 금지>"
53,1,"2019-02-04","19:30:13","유럽국가들, 베네수엘라 임시대통령으로 과이도 공식 인정(종합)","유럽국가들, 베네수엘라 임시대통령으로 과이도 공식 인정(종합)  스페인, 프랑스, 스웨덴, 영국 이어 덴마크도 발표     (파리ㆍ브뤼셀=연합뉴스) 김용래 김병수 특파원 = 베네수엘라 사상 초유의 '두 명의 대통령' 사태와 관련, 유럽국가들이 4일(현지시간)야권 지도자인 후안 과이도 국회의장을 베네수엘라의 임시대통령으로 잇따라 공식 인정했다.  먼저 스페인, 프랑스, 스웨덴, 영국 등 4개국이 이날 과이도 국회의장을 베네수엘라의 임시대통령으로 인정했다.  페드로 산체스 스페인 총리는 이날 기자들을 만난 자리에서 ""스페인 정부는 베네수엘라 국회의장인 후안 과이도를 베네수엘라의 임시대통령으로 공식 인정한다""고 밝혔다고 AFP 통신 등 외신이 전했다.  산체스 총리는 과이도 임시대통령에게 조속히 베네수엘라의 대통령 선거 계획을 마련해달라고 촉구했다.  프랑스, 영국, 스웨덴도 동시에 과이도를 베네수엘라 임시대통령으로 인정한다고 발표했다.  앞서 프랑스, 스페인 등 유럽연합(EU) 국가들은 지난달 26일 베네수엘라가 8일 이내에 대선 재실시 계획을 발표하지 않으면 과이도 국회의장을 임시 대통령으로 인정하겠다는 입장을 밝힌 바 있다.  이어 덴마크 정부도 베네수엘라에서 새로운 대선이 실시될 때까지 과이도 국회의장을 임시대통령으로 인정한다고 발표했다.  앤더스 사무엘센 덴마크 외교장관은 이날 브뤼셀에서 EU 회원국 장관들과 회동하기에 앞서 트위터에 올린 글에서 ""덴마크는 베네수엘라에서 자유롭고 민주적인 새로운 대선이 실시될 때까지 과이도 국회의장을 (임시대통령으로) 인정한다""고 밝혔다.  베네수엘라의 니콜라스 마두로 대통령은 작년 5월 치러진 대선에서 68% 득표율로 재선에 성공했지만, 야권은 유력후보들이 가택연금과 수감 등으로 선거에 나설 수 없는 상황에서 치러진 대선은 무효라며 마두로의 정통성을 인정하지 않고 있다.  마두로 정권의 퇴진 요구를 주도해온 과이도는 지난달 23일 대규모 반정부 시위현장에서 자신을 '임시대통령'으로 선언한 뒤 반정부 운동을 이끌어 왔다.  앞서 미국을 비롯한 남미 국가들은 과이도 국회의장을 임시대통령으로 인정했지만 러시아와 이란 등은 마두로 대통령에 대한 지지를 표명했다.  yonglae@yna.co.kr   (끝)    <긴급속보 SMS 신청> <포토 매거진> < M-SPORTS >   <저작권자(c) 연합뉴스, 무단 전재-재배포 금지>"
53,2,"2019-02-04","19:30:06","알렉산드리아 리얼이스테이트 에퀴티즈  배당(분기) 정정 ↓ -0.81%","2월4일 변경 내용 공시(최초 공시일자: 3월6일) 주당 0.9 달러를 지급하며, 배당기산일은 3월28일, 지급 예정일은 4월16일 이다."
53,3,"2019-02-04","19:30:06","아메리칸 에셋 트러스트     배당(분기) 정정 ↓ -0.79%","2월4일 변경 내용 공시(최초 공시일자: 2월14일) 주당 0.27 달러를 지급하며, 배당기산일은 3월14일, 지급 예정일은 3월29일 이다."
53,4,"2019-02-04","19:30:05","Host Hotels & Resorts Inc.    배당(분기) 정정","2월4일 변경 내용 공시(최초 공시일자: 2월22일) 주당 0.2 달러를 지급하며, 배당기산일은 3월28일, 지급 예정일은 4월16일 이다."
53,5,"2019-02-04","19:30:05","에섹스 프로퍼티 트러스트     배당(분기) 정정 ↓ -0.41%","2월4일 변경 내용 공시(최초 공시일자: 2월22일) 주당 1.86 달러를 지급하며, 배당기산일은 3월28일, 지급 예정일은 4월16일 이다."
53,6,"2019-02-04","19:30:05","Diamondrock Hospitality Company   배당(분기)","2월4일 변경 내용 공시(최초 공시일자: 12월14일) 주당 0.125 달러를 지급하며, 배당기산일은 12월28일, 지급 예정일은 1월12일 이다."
53,7,"2019-02-04","19:30:04","Equity Residential of Beneficial Intere","2월4일 변경 내용 공시(최초 공시일자: 3월16일) 주당 0.54 달러를 지급하며, 배당기산일은 3월23일, 지급 예정일은 4월13일 이다."
54,1,"2019-02-04","18:59:22","韓美, '비핵화-상응조치' 사전조율…北美, 이르면 내일 실무협상(종합)","韓美, '비핵화-상응조치' 사전조율…北美, 이르면 내일 실무협상(종합)  어제 방한 비건 美대북특별대표, 정의용 靑안보실장과 면담   비건, 5일 또는 6일 北김혁철과 실무협상할 듯…판문점 또는 평양서 회동 전망     (서울=연합뉴스) 이정진 이상헌 기자 = 제2차 북미정상회담 준비를 위한 실무협상이 이르면 5일부터 열릴 것으로 예상되는 가운데, 한미는 4일 북미협상의 핵심의제인 비핵화 조치와 상응 조치에 대한 사전조율을 진행했다.  3일 방한한 스티븐 비건 미 대북특별대표는 4일 오후 청와대를 방문해 정의용 국가안보실장을 면담했다.  정 실장은 북미 실무협상을 앞두고 미국 측의 입장을 청취하고, 우리 정부가 생각하는 현 단계의 상황 평가와 앞으로 해야 할 과제 등에대한 의견을 전달했다고 김의겸 청와대 대변인이 서면 브리핑에서 전했다.  양측은 북한 비핵화와 한반도 평화체제 구축, 북미관계 정상화 등 북미정상회담에서 논의할 주요 의제와 관련, 북한과 미국이 서로 주고받을 사항들에 대해 의견을 교환하고 전략을 조율했을 것으로 관측된다.  특히 한반도 비핵화 과정의 핵심인 영변 핵시설 폐기에 따라 미국이 취할 상응조치에 대해 한미가 집중적으로 협의했을 것으로 보인다. 미국은 연락사무소 설치, 인도적 대북 지원 확대, 종전선언 등을 상응 조치로 고려하는 것으로 전해졌지만, 북한은 제재 완화를 요구하는 것으로 알려졌다.  아울러 대북제재 면제 문제가 걸려 있는 개성공단과 금강산관광 재개 등에 대한 우리 정부의 입장도 비건 대표에게 전했을 가능성이 있다.     비건 대표는 전날 오후 만났던 우리측 북핵협상 수석대표인 이도훈 외교부 한반도평화교섭본부장과도 수시로 소통하고 있는 것으로 전해졌다.  외교 소식통은 ""비건 대표가 북측과의 실무협상을 위해 출발하기 전 이도훈 본부장과 추가로 만날 가능성이 있다""고 말했다.  비건 대표는 이르면 5일부터 북측 카운터파트인 김혁철 전 주(駐)스페인 대사와 만나 실무협상을 진행할 것으로 보인다. 장소로는 판문점 또는 평양이 거론되는 가운데 아직 북미 양측에서 구체적 언급이 없는 상황이다.  실무협상에서는 2차 북미정상회담에서 채택될 합의 문서에 담길 비핵화와 상응 조치에 대한 논의가 집중적으로 이뤄질 예정으로, 북미 간 이견이 적지 않아 협상이 단기간에 끝나지 않을 가능성도 거론된다.  북미는 지난해 6월 열린 1차 정상회담을 앞두고도 판문점에서 '출퇴근' 방식으로 수일간 성 김 필리핀 주재 미국대사와 최선희 북한 외무성 부상 간 실무협상을 진행한 바 있다.    transil@yna.co.kr   honeybee@yna.co.kr   (끝)    <긴급속보 SMS 신청> <포토 매거진> < M-SPORTS >   <저작권자(c) 연합뉴스, 무단 전재-재배포 금지>"
54,2,"2019-02-04","18:59:14","<표> ICE 천연가스(Natural Gas) 선물 가격","Last     Change       High        Low     Previous                                                                       Settlement    Natural Gas    UK NG Mar19               49.35      -0.72      49.56      48.20        50.07    UK NG Apr19             4830.00     -42.00    4830.00    4750.00         4872   Note: Prices are delayed by 10 minutes.  Source: SIX Financial Information      다우존스 제공     2019. February. 04일  미국동부시간 05:00 (표준시 10:00)   ＜ⓒ종합 경제정보 미디어 이데일리 - 무단전재 & 재배포 금지＞"
54,3,"2019-02-04","18:59:14","<표> ICE 가스 오일(Gasoil) 선물 가격","Last     Change       High        Low     Previous                                                                       Settlement    Gas Oil    Low Slfr Gasoil Feb19     588.50     +10.25     588.50     580.50       578.25    Low Slfr Gasoil Mar19     586.75     +10.00     587.00     579.00       576.75    Low Slfr Gasoil Apr19     585.50      +9.50     585.75     578.25          576    Low Slfr Gasoil May19     584.75      +9.00     585.00     578.00       575.75    Low Slfr Gasoil Jun19     585.75      +9.25     586.00     578.75        576.5    Low Slfr Gasoil Jul19     587.75      +9.25     587.75     581.00        578.5    Low Slfr Gasoil Aug19     590.00      +9.25     590.00     583.50       580.75    Low Slfr Gasoil Sep19     592.50      +9.25     592.50     586.00       583.25    Low Slfr Gasoil Oct19     595.00      +9.00     595.00     589.00          586    Low Slfr Gasoil Nov19     594.50      +7.75     595.00     590.25       586.75   Note: Prices are delayed by 10 minutes.  Source: SIX Financial Information      다우존스 제공     2019. February. 04일  미국동부시간 05:00 (표준시 10:00)   ＜ⓒ종합 경제정보 미디어 이데일리 - 무단전재 & 재배포 금지＞"
54,4,"2019-02-04","18:59:14","<표> ICE 브랜트 원유 선물 가격","Last     Change       High        Low     Previous                                                                       Settlement    Brent Crude    Brent Cr Oil Lead Cntrct        ...        ...       0.00       0.00    Apr19                     63.39      +0.64      63.41      62.42        62.75    May19                     63.39      +0.60      63.41      62.47        62.79    Jun19                     63.40      +0.55      63.43      62.53        62.85    Jul19                     63.31      +0.51      63.33      62.54         62.8    Aug19                     63.24      +0.48      63.25      62.49        62.76    Sep19                     63.14      +0.47      63.15      62.44        62.67    Oct19                     63.04      +0.45      63.04      62.34        62.59    Nov19                     62.89      +0.38      62.90      62.31        62.51    Dec19                     62.82      +0.41      62.83      62.14        62.41   Note: Prices are delayed by 10 minutes.  Source: SIX Financial Information      다우존스 제공     2019. February. 04일  미국동부시간 05:00 (표준시 10:00)   ＜ⓒ종합 경제정보 미디어 이데일리 - 무단전재 & 재배포 금지＞"
54,5,"2019-02-04","18:57:52","김용우 육군총장, 설맞아 참전용사·부상 장병 위문","- 육군, '위국헌신 전우사랑 기금' 올해부터 운용     김용우 육군참모총장이 4일 대전보훈병원에서 투병 중인 참전용사 등 국가유공자를 찾아 거수경례로 인사하고 있다. [사진=육군]  [이데일리 김관용 기자] 김용우 육군참모총장이 설 연휴인 4일 대전보훈병원에 투병 중인 참전용사와 국군대전병원에서 입원하고 있는 부상 장병을 찾아 위문했다.  대전보훈병원에서 김 총장은 베트남전에서 부상을 입고 입원 중인 참전용사인 김흥국(85)옹 등 6명의 선배 전우들을 일일이 찾아 거수경례로 인사하며 존경과 예우를 표했다. 환자들을 위문하면서 “조속히 쾌차하셔서 후배 장병들 앞에 강건한 표상으로 우뚝 서 주시길 기원한다”고 위로했다. 특히 참전용사들과 이야기를 나누며 김 총장은 ”국가를 위해 헌신·희생한 분들께 최고의 존경과 예우를 다하는 것이야말로 우리 군이 반드시지켜나가야 할 소중한 가치”라며 “안타까운 희생이 발생하지 않도록 안전한 육군을 만들어 가겠다”고 밝혔다.  또 국군대전병원에서는 훈련 중 부상을 입은 최민석(22) 하사 등 7명의 장병을 위문했다. 이 자리에서 김 총장은 “건강히 복무하고 가족의 품으로 돌아가야 하는데, 명절 연휴 간 이렇게 입원해 있는 것을 보니 마음이 안타깝다”며 “지금의 어려움은 여러분을 더 강하게 만들고 미래의 꿈을 펼치는데소중한 밑거름이 될 것”이라고 쾌유를 기원했다.  한편, 육군은 지난해부터 모금해 온 위국헌신 전우사랑 기금을 올해부터 활용할 예정이다. 현재까지 모금액은 13억 원으로 군에 복무 중 국가를 위해 헌신·희생한 장병과 가족들에게 사용한다는 계획이다.      김용우 육군참모총장이 4일 국군대전병원에 입원 중인 부상 장병들과 함께 휴대폰으로 사진촬영을 하고 있다. [사진=육군]       ▶[무료추천] 개인정보 수집없는 카카오톡방 입장하기!  ▶ 하이스탁론, 선취수수료 없는 월 0.3%대 최저금리상품 출시   ＜ⓒ종합 경제정보 미디어 이데일리 - 무단전재 & 재배포 금지＞    "
54,6,"2019-02-04","18:57:00","러블리즈, 욕설 논란 사과…""걱정 끼쳐 죄송, 앞으로 더 신중할 것""(공식입장)","[서울=뉴스핌] 이지은 기자 = 걸그룹 러블리즈가 팬들과 소통하는 실시간 생방송에서 욕설 논란에 휩싸이자 소속사가 입장을 밝혔다.  소속사 울림엔터테인먼트는 4일 ""전날 멤버들이 일본 프로모션을 마치고 숙소에서 휴식을 취하고 있었는데, 일상 대화를 나누다가 부주의하게 그런 상황이 발생했다""고 설명했다.   걸그룹 러블리즈 [사진=뉴스핌DB]  이어 ""팬들에게 걱정을 끼쳐 죄송하다. 앞으로 더 신중하게 행동할 것""이라며 사과했다.  앞서 러블리즈 멤버 이미주는 지난 3일네이버 V앱을 통해 팬들과 실시간 소통하는 시간을 가졌다.  방송 도중 악성 댓글이 이어이자, 이미주는 잠시 말을 멈췄고, 멤버 중 한명은 ""저 XX 왜 혼자 XX이야""라는 욕설을 내뱉어 논란이 일었다.  현재 해당 장면은 V라이브에서 삭제됐으나, 편집 영상이 빠르게 확산되고 있다.  러블리즈는 2014년 데뷔한 8인조 그룹으로, 베이비소울 유지애 진 이미주 서지수 케이 류수정 정예인 등으로 구성됐다.  alice09@newspim.com    ★오늘 사면 내일 상한가 터질 대박주 100% 무료 공개! (선착순 5명)  ▶ 주식자동 프로그램으로""月300만원""버는 男화제  ★세력 입성 전, 집중공략! 20인의 전문가가 만장일치한 급등 유력株 ""오늘""만 전격공개!"
54,7,"2019-02-04","18:55:00","올해 군 입대하는 아이돌은 누구…로꼬·한해·이민혁·키 등 ""충성! 다녀오겠습니다""","[서울=뉴스핌] 이지은 기자 = 기해년이 시작하면서 아이돌들의 입대 소식이 끊이지 않고 있다. 그중에서도 유독 가요계에서 입대 러시가 시작된다. 상반기에는 남자 아이돌의 입대 소식이 계속해서 이어질 전망이다.  ◆ 2월 의경으로 입대…로꼬·한해·비투비 이민혁  설 연휴가 끝난 직후 국방의 의무에 임하는 가수는 3명이다. 래퍼 로꼬와 한해, 비투비 멤버 이민혁이 오는 7일 동반 입소한다. 같은 날 입소하는 세 사람 모두 의무경찰에 합격했다.  이민혁은 지난달 15일 솔로 앨범 ‘허타존(HUTAZONE)’을 발매, 지난 2~3일 양일간 ‘2019 이민혁 단독 콘서트 허타존-투나잇’을 개최하고 팬들과 마지막 인사를 나눴다. 이번 만남은 데뷔 7년 만에 갖는 첫 번째 단독 콘서트이자 입대 전 마지막 콘서트다.   2월, 3월에 입대를 앞둔 이민혁(왼쪽),정진운 [사진=뉴스핌DB]  그는 “난 내가 목표하는 것은 성취하는 사람이다. 그런 의미에서 나는 의경도 잘 할 것이다.여러분이 걱정하고 우려하시는 것 잘 안다. 내게 해주시는 말씀들이 ‘가서 너무 열심히 하지마’라고 하셨다. 내가 잘한다는 이야기는 목숨걸고 최선을 다해서 거기서도 죽기 살기로 하겠다는 것이 아니라 다치지 않고 건강하고 씩씩하게 잘 다녀오겠다는 말”이라고 말했다.  아울러 “더 멋있어져서 돌아오겠다. 더 늠름하게 돌아오겠다는 의미에서 의경을 잘하겠다는 말”이라며 남다른 각오를 다졌다.  로꼬와 한해 역시 입대 전 콘서트로 팬들과 만났다. 한해는 지난달 27일 첫 번째 단독 콘서트이자 입대 전 마지막 콘서트 ‘어바웃 타임(About Time)’을 진행했다.  한해는 팬텀으로 데뷔해 불렀던 곡들은 물론 자신의 솔로곡, 쇼미더머니를 통해 선보였던 곡들까지 총망라해 버벌진트, 다이나믹듀오, 조우찬, 레디, 노엘, 예지, 김기리, 어글리덕, 디기리, 키겐 등 화려한 게스트진과 함께 열정적인 무대를 선사했다.  로꼬는 지난 2일 ‘2019 리스펙’ 콘서트를 통해 팬들에게 입대 전 마지막 인사를 전했다. 로꼬는 다양한 아티스트들이 함께 꾸미는 공연을진행한 만큼, 특별한 입대 소감은 전하지 않고 공연에만 집중하며 팬들과 즐기는 시간을 가졌다.  ◆ 군악대로, 3월 입대…샤이니 키·정진운·빅스 엔  2월이 의경으로 입대하는 가수들 차례라면, 3월에는 군악대에 합격한 샤이니 키, 정진운, 빅스 엔 순서다.   3월에 군악대로 입대하는 빅스 엔(왼쪽)과 샤이니 키 [사진=뉴스핌DB, 엔 인스타그램]  키는 다음달 4일 입대하며, 같은 그룹 온유에 이어 두 번째로 군대에 가게 된다. 멤버 민호 역시 올해 상반기 군 입대를 준비 중이며, 아직 정확한 일정은 나오지 않은 상태이다.  키와 입대 동기는 빅스 엔이다. 엔 역시 같은 날, 군악대에서 국방의 의무를 시작하게 된다. 특히 빅스에서는 엔이 첫 번째로입대, 팬카페를 통해 입대 소식을 전했다.  엔은 “한동안 못 본다고 생각하면 아쉽고 서운한 마음도 크지만 대한민국 국민으로서 책임을 다하는 것 뿐이니까 갑작스러운 이야기에 놀라고 당황스럽겠지만, 지금껏 그래줬던 것처럼 묵묵히 응원을 보내주면 큰 힘이 될 것 같다”고 당부했다.  정진운도 군악대에 지원했으나, 아직 합격 결과는 알려지지 않았다. 다만 그는 군악대에 불합격하더라도 3월에 입대하겠다는 뜻을 내비쳤다. 그는 최근 열린 한 제작발표회 현장에서 “아쉽고 시원섭섭하다. 많이 미루고 군대에 가기 때문에 한편으로는 빨리 다녀오고 싶다는 생각도 든다”는 소감을 밝히기도 했다.  한 연예계 관계자는 “대한민국에서 ‘군대’는 굉장히 예민한 문제이다. 예전에많은 배우와 가수들이 병역 기피 논란으로 뭇매를 맞아 모든 명예를 실추하기도 했다. 그러기에 요즘에는 다수으 소속사와 연예인들이 군대와 관련된 사소한 논란조차 만들지 않으려고 노력하는 상황”이라고 설명했다.  이어 “가수들은 특기를 살려 군악대에 많이 지원을 하고있는 상황이다. 군악대에서도 음악을 주로 다루기 때문에 많은 가수들이 희망하는 곳이다. 단, 많은 가수들이 지원을 하고 합격을 예상하고다수의 활동을 하다가 불합격 통보를 받고 급하게 군대에 가는 경우가 있다. 군 입대를 앞둔 많은 연예인들이 조금 더 경각심을 갖고 활동에임해야 할 필요가 있다”고 충고했다.  alice09@newspim.com 박지훈 측 ""JTBC '꽃파당' 출연 제안 받았으나 정해지진 않았다""(공식입장) 콘텐츠와이 ""구하라, 1월말 전속계약 종료…재계약 없다""(공식입장) 윤지성, 글로벌 팬미팅 투어 'Aside' 개최…아시아 7개국 8도시 팬들 만난다 [스타톡] 'SKY캐슬' 김서형 ""김주영 연기어려웠지만 배우로서 복은 있는 것 같다""    ★오늘사면 내일 상한가 터질 대박주 100% 무료 공개! (선착순 5명)  ▶ 주식 자동 프로그램으로""月300만원""버는 男화제  ★세력 입성 전, 집중공략! 20인의 전문가가 만장일치한 급등 유력株 ""오늘""만 전격공개!"
55,1,"2019-02-04","18:23:30","`北비핵화 - 상응조치` 숨가쁜 韓美조율","5일 예정된 미·북 실무협상을 앞두고 한미 양국이4일 '비핵화-상응조치' 관련 사전조율에 전념했다. 미·북 간 쉽지 않은 담판이 예정된 가운데 협상 전략을 최종 점검하고 한미 공조를 재확인하는 차원의 '다지기 작업'이 이뤄진 것으로 풀이된다.   미국 실무협상 대표로 방한한 스티븐 비건 미 국무부 대북정책특별대표는 4일 오후 4시 청와대를 방문해 정의용 국가안보실장과 50분간 면담을 가졌다.   정 실장은 면담에서 북미 실무협상과 관련 미국 측의 입장을 청취하고, 우리 정부가 생각하는 현단계의 상황평가와 향후 과제 등에 대해 의견을 전달했다. 정 실장은 ""북미 실무협상이 내실있게 진행돼 미북정상회담의 성공적 개최로 이어지기를 기대한다""는 뜻을 전달했다고 청와대는 밝혔다.   양측은 또 대북제재 면제 문제가 걸려 있는 개성공단과 금강산 관광 재개에 대해서도 논의했을 것으로 보인다. 비건 대표의 청와대 방문은 지난해 12월 21일에 이어 한 달 반여 만이다.   이에앞서 비건 대표는 이날 오전 일찍부터 바쁜 일정을 소화했다. 오전 7시께 비건 대표가 묵고 있는 종로구 포시즌스 호텔에 해리 해리스 주한 미국대사가 부인 브루니 브래들리 여사와 함께 방문한 것이 확인됐다.   최근 강경화 외교부 장관·정경두 국방부 장관 등과 잇따라 회동하며 비핵화 전략을 논의하기도 했던 해리스 대사는 비건 대표와 미북 실무협상에 앞서 마지막 의견 조율을 했을 것으로 보인다.   비건 대표는 이어 오전 9시께 해리스 대사의 관용 차량인 캐딜락을 타고 숙소를 떠나는 모습이 목격됐다. 어디로 가는지는 확인되지 않았으나 서울 시내 모처에서 실무협상 관계자들과 함께 비핵화 협상 전략을 다시 한 번 가다듬었을 것으로 추정된다. 이때 비건 대표의 한국측 카운터파트인 이도훈 외교부 한반도평화교섭본부장과 회동했을 가능성이 거론된다.   비건 대표와 이 본부장은 당초 이날 만나기로 예정돼 있었으나 하루 일찍 일정을 앞당겨 3일 오후에도 만남을 가졌다. 하루로는 실무협상 전략을 조율하기 빠듯하다는 판단을 했던 것으로 보인다.   비건 대표는 북한과 실무협상을 마치고 난 뒤에도 다시 이 본부장을 만나 협상 내용을 공유할 가능성이 있는 것으로 전해졌다.   비건 대표는 한미 간 협의를 거친 후 이르면 5일 판문점에서 김혁철 전 스페인 주재 북한대사와 만나 실무협상 담판을 벌인다. 특히 이번 회담은 비건 대표의 북측 카운터파트가 최선희 외무성 부상에서 김 전 대사로 바뀐 이후 처음으로 진행되는 만남으로, 김 전 대사가 어떤 의제를 들고 나와 어떤 방식으로 협상에 임할 지도 큰 관심을 모은다.   이번 실무협상의 성공 여부는 북한 핵능력의 약 80%가 집약된 것으로 평가되는 영변 핵시설에 대한 폐기 및 검증·사찰에 북한이 동의하느냐에 달렸다고 평가된다. 외교부 당국자는 지난달 31일 한미 모두 영변이 북한 핵 프로그램의 중심으로, 이를 폐기하는 것은 중요한 진전이라고 평가한다며 미국도 이에 상응해 ""상당한 조치를 많이 할 것""이라고 말했다.   비건 대표는 지난달 31일(현지시간) 미국 스탠퍼드대 강연에서 김정은 북한 국무위원장이 미국의 상응 조치를 조건으로 플루토늄과 우라늄 농축시설의 해체를 약속했다고 밝혔다. 이 시설의 대부분은 영변에 위치해 있다.   그외 김정은 북한 국무위원장이 약속한 풍계리 핵실험장과 동창리 미사일 시험장의 폐기 및 검증·사찰은 합의를 볼 가능성이 높은 것으로 관측된다. 미국이 강하게 요구하고 있는 것으로 알려진 대륙간탄도미사일(ICBM) 폐기 혹은 반출도 의제에 포함될지 관심거리다.   이에 상응한 미국의 조치로는 종전선언, 미북 연락사무소 개설, 인도적 지원 확대 등이 꼽힌다. 그러나 북한 협상단은 대북제재 완화를 강하게 원하는 것으로 전해져 실무협상이 순탄하게 이뤄질지는 여전히 불투명한 상황이다. 미국도 이러한 분위기를 감안한 듯 비건 대표의 복귀일시에 대해서는 언급을 삼가고 있다.   상황에 따라선 비건 대표가 장기간 국내에 머물며 판문점을 수차례 더 오고가는 '마라톤 협상'이 전개될 가능성도 제기된다. 미국과 북한은지난해 6월 열린 1차 정상회담을 앞두고도 성 김 필리핀 주재 미국대사와 최선희 북한 외무성 부상이 판문점을 오가며 수일 간 실무협상을 진행한 적이 있다.    [안정훈 기자]      ☞ 조용히 사서 묻어놔라! 2月 정말 큰돈 된다! ☞ 지금 500만원 있으면, 조용히사둬라! 2월 정말 큰돈 된다! ☞ 매수하면 바로터질, 2월 최고종목 소개합니다!! ☞ 명절직후 무섭게 폭발할 10조원대 독점수혜주!!!      [ⓒ 매일경제 & mk.co.kr, 무단전재 및 재배포 금지]"
55,2,"2019-02-04","18:21:40","""종교 화합의 역사적 순간"" 아부다비서 14만명 미사","프란치스코 교황이 역대 교황 중에서 최초로 이슬람교의 발상지인 아라비아반도를 방문해 UAE 역사상 최대 규모 미사를 집전한다.   프란치스코 교황은 3일(현지시간) 아랍에미리트(UAE) 수도 아부다비에 도착했다고 AP통신과 로이터통신 등이 보도했다. 교황은 가톨릭과 이슬람이라는 서로 다른 종교 간 화해와 협력을 도모할 목적으로 이날부터 5일까지 사흘간 UAE에 머무른다. 역대 교황 중 이슬람교의 발상지인 아라비아반도에 발을 내디딘 것은 프란치스코 교황이 최초여서 역사적인 방문으로 주목된다.   교황이 탄 전세기가 이날 오후 9시 30분께 아부다비의 공항에 착륙하자 셰이크 무함마드 빈자예드 알나흐얀 아부다비 왕세자가 공항에 나와영접했고, UAE 장관들 여러명과 가톨릭·이슬람교 대표자들이 교황과 인사를 나눴다.   프란치스코 교황은 즉위 후 이집트와 터키 등의 다른 이슬람 국가를 방문해 가톨릭과 이슬람 간 화해를 촉구하고, 종교의 이름으로 벌어지는테러 등 폭력 행위를 규탄한 바 있다. 교황은 4일에는 아부다비에서 열리는 서로 다른 종교 간 교류 촉진을 위해 마련된 국제회의에도 참석해 연설했다. 이 자리에는 이슬람, 기독교 등 다양한 종교의 대표 수백 명이 함께 했다. 교황은 또 5일 로마로 귀국하기 전 아부다비의 자이드스포츠시티 경기장에서 UAE 역대 최대 규모 미사를 집전한다. 인근 국가의 가톨릭 신자들까지 총 13만5000명이 참석할 예정이다. UAE의 인구970만명 중 80%가 이민자이다. UAE의 가톨릭 인구는 필리핀 이민자들 중심으로 약 100만명으로 추산된다.   마이크 폼페이오 미 국무장관은 ""교황의 UAE 도착은 종교의 자유를 위한 역사적 순간""이라며 ""아라비아반도에서 교황이 처음으로 집전하는 미사는 두 종교 사이의 평화와 이해를 증진할 것""이라고 트위터를 통해 밝혔다.   UAE 외무담당 국무장관인 안와르 가르가시도 ""교황의 방문은 인도적 가치가 크다""며 ""UAE는 우애와 관용에 관한 역사의 장을 새로 추가했다"" 고 밝혔다.   교황이 이번 방문에서 예멘 내전 사태를 비롯해 인권문제를 언급할지에 관심이 쏠린다. UAE는 예멘 내전에서 사우디아라비아가 이끄는 아랍동맹군의 주축 역할을 하고 있으며, UAE가 지원하는 병력이 구금된 예멘 반군들을 고문했다는 의혹이 인권 단체들에 의해 제기된 상황이다. 교황은 아부다비로 출발하기 직전 예멘사태를 언급하며 ""당사국들과 국제사회는 휴전협정을 시급히 준수해야 한다""고 촉구했다.    [이한나 기자]      ☞ 조용히 사서 묻어놔라! 2月 정말 큰돈 된다! ☞ 지금 500만원 있으면, 조용히사둬라! 2월 정말 큰돈 된다! ☞ 매수하면 바로터질, 2월 최고종목 소개합니다!! ☞ 명절직후 무섭게 폭발할 10조원대 독점수혜주!!!      [ⓒ 매일경제 & mk.co.kr, 무단전재 및 재배포 금지]"
55,3,"2019-02-04","18:20:51","구제역 나흘째 잠잠…고비 넘기나","지난달 31일 충북 충주시 주덕읍의 한우 농가에서 발생한 구제역이 나흘째 조용한 모습이다. 설 명절 대이동으로 확산 우려가 커졌지만 4일오후 현재까지 더 이상 타 지역으로 전파되는 모습은 보이지 않고 있다.   4일 충청북도 관계자는 ""발생 농가 반경 3㎞ 안쪽의 140개 농가와 나머지 충주시 전체 1137개 농가를 대상으로 전화 조사를 하고 있으나 구제역 의심증상은 나타나지 않았다""고 말했다. 충북도는 구제역 발생 후 축산 차량·가축 이동제한 명령을 발생 농가 반경 3㎞에 국한하지 않고시 전역에 내린 효과가 나타나고 있는 것으로 보고 있다. 또 구제역이 주변 농가로 수평 전파되지 않았다고 판단하고 충주시 전역에 내린 이동제한을 발생 농가 반경 3㎞ 이내로 축소하는 방안을 검토 중이다. 충북도 관계자는 ""의심 신고가 추가로 접수되지 않는다면 백신 항체 형성 기간 등을 종합적으로 검토해 충주 일부 지역을 제외하고 시 전역에 내려진 이동제한 명령을 이르면 오는 6일께 해제할 계획""이라고 말했다.    [박준형 기자]      ☞ 조용히 사서 묻어놔라! 2月 정말 큰돈 된다! ☞ 지금 500만원 있으면, 조용히사둬라! 2월 정말 큰돈 된다! ☞ 매수하면 바로터질, 2월 최고종목 소개합니다!! ☞ 명절직후 무섭게 폭발할 10조원대 독점수혜주!!!      [ⓒ 매일경제 & mk.co.kr, 무단전재 및 재배포 금지]"
55,4,"2019-02-04","18:20:40","美 비건·韓 정의용 50분 면담 ""내실 있는 북미 실무협상 기대""","[서울=뉴스핌] 채송무 기자 = 정의용 청와대 국가안보실장이 4일 오후 4시부터 약 50분 동안 청와대에서 방한한 스티븐 비건 미국 국무부 대북특별대표와 면담했다.  비건 특별대표는 이날 북미 실무협상을 앞두고 미국 측의 입장을 이야기했고, 정 실장은 우리 정부가 생각하는 현 단계의 상황 평가와 앞으로 해야 할 과제 등에 대해 의견을 전달했다.   정의용 국가안보실장과 스티븐 비건 미 국무부 대북특별대표가 청와대에서 면담했다. [사진=청와대]  정 실장은 아울러 예정된북미 실무협상이 내실있게 진행돼 북미 정상회담의 성공적 개최로 이어지기를 기대한다고 전달했다.  비건 대표는 지난 3일 방한해 이도훈 외교부 한반도평화교섭본부장과 회동했다. 비건 대표는 이날 해리 해리스 주한미대사를 만난 후 오후 청와대로 들어와 정 실장과 면담했다.  이날 한미 양국은 2월 말로 예정된 2차 북미정상회담이 핵심 의제인 북한 비핵화 방안과 미국의 상응조치와 관련해 논의했을 가능성이 크다. 한미는 대북 제재 해제와 관련된 논의도 진행했을 전망이다.  비건 대표는 한미 간의 논의를 거쳐 5일 김혁철 전 스페인 주재북한대사와 만나 2차 북미정상회담을 위한 실무협상에 나설 예정이다.  비건 대표는 지난달 31일 미 스탠퍼드대 연설에서 김정은 북한국무위원장이 마이크 폼페이오 미 국무장관의 4차 방북 당시 플루토늄 및 우라늄 농축시설의 폐기와 파기를 약속했다고 밝힌 바 있다.   dedanhi@newspim.com 비건 美 대북특별대표, 오늘오후 정의용 靑 국가안보실장 만난다 외교부 ""비건, 오늘 이도훈과 면담""…예정보다 일정 빨라져 [종합] 비건 美대표 입국…이르면 내일 북미 실무협상 비건 美특별대표 오늘 오후 방한…내일 北 김혁철 만난다 美언론, 비건 발언서 ‘北 핵신고 유연화‘에 주목...""협상태도 유연해졌다""    ★오늘 사면 내일 상한가 터질 대박주 100% 무료 공개! (선착순 5 명)  ▶ 주식 자동 프로그램으로""月300만원""버는 男화제  ★세력 입성 전, 집중공략! 20인의 전문가가 만장일치한 급등 유력株 ""오늘""만 전격공개!"
55,5,"2019-02-04","18:20:33","삼성전자, 美네티즌 선정 호감가는 브랜드 4위","삼성전자가 지난해 미국 네티즌들이 평가한 '브랜드 호감도' 순위에서 4위에 오른 것으로 나타났다.   4일 업계에 따르면 글로벌 인터넷 여론조사 업체 '유고브(YouGov)'가 최근 발표한 '2018년 톱 버즈 랭킹(Top Buzz Rankings 2018)'에서 삼성전자는 평점 22.3점을 얻어 4위를 차지했다. 1위는 미국의 온라인 동영상 스트리밍 서비스인 '넷플릭스(33점)'였고, 전자상거래 업체 '아마존(29.3점)'과 아마존의 유료 회원 서비스인 '아마존 프라임(28점)'이 2, 3위를 차지했다.   유고브의 '버즈 랭킹'은 지난 1년간 매일 수천명의 네티즌들을 상대로 '최근 2주간 뉴스나 광고, 입소문을 통해서 특정 브랜드를 들어본 적이 있느냐'고 물어본 뒤 그 내용이 긍정적인지 부정적인지를 평가하게 해 그 결과를 바탕으로 매긴 점수에 따라 정해진다.    [박준형 기자]      ☞ 조용히 사서 묻어놔라! 2月 정말 큰돈 된다! ☞ 지금 500만원 있으면, 조용히사둬라! 2월 정말 큰돈 된다! ☞ 매수하면 바로터질, 2월 최고종목 소개합니다!! ☞ 명절직후 무섭게 폭발할 10조원대 독점수혜주!!!      [ⓒ 매일경제 & mk.co.kr, 무단전재 및 재배포 금지]"
55,6,"2019-02-04","18:14:38","설날, 서울 암사동 유적에서 펼쳐지는 전통놀이 한마당","강동구는 민족 최대 명절인 설을 맞아 2월 5일~6일 오전 10시부터 오후 5시까지 서울 암사동 유적에서 '2019 설날 전통놀이 한마당'을 연다고 4일 밝혔다. 2월 5일과 6일, 유적지에 방문하면 전통놀이 한마당과 함께 선사 시대 체험을 할 수 있다. 암사동선사유적박물관 앞광장에서는 굴렁쇠 굴리기, 윷놀이, 투호놀이, 팽이치기, 제기차기 등 전통놀이 체험을 무료로 운영한다. 빗살무늬 토기와 움집 만들기, 토기 조각 맞추기 등 선사 만들기 체험은 선사체험교실에서 유료(4000원)로 진행된다. 행사가 열리는 이틀 동안 암사동 유적 입장료는 무료다. 문화유산해설 프로그램을 이용하면 명절이 더 유익해진다. 전문 해설가와 암사동 유적지와 박물관, 체험마을들을 돌아보며 신석기 문화에대해 알고, 암사동 유적의 가치와 소중함을 느낄 수 있다. 설 연휴 기간인 2월 1일부터 6일에도 운영하며, 홈페이지를 통해 방문 1일 전에 사전 예약하면 된다. 이정훈 강동구청장은 ""서울 암사동 유적에서 사랑하는 가족과 함께 선사시대 선조들의 생활상부터 전통놀이까지 다양한 프로그램을 체험하며 풍성하고 즐거운 설 명절을 보내시길 바란다""고 전했다. ahnman@fnnews.com 안승현 기자  ▶▶2019년 상반기 ""정부정책"" 최대수혜주 TOP 10 긴급공개(바로확인) ▶▶[초대박종목 실시간 공유]◀◀ ""누적수익률 343.9%"" 공짜로 확인!!→<<즉시 무료발송!>>  [파이낸셜뉴스 주요뉴스]  → 백두산 폭발? 산 주변서 일어나는 불길한 징조 → 65세 노인시가 5억원 집 맡기면 주택연금 얼마나 받나 → 민주당 지지율 38.2%로 하락.. 한국당은 ""이럴 수가"" → 18년된 로또, 최저 당첨금 4억.. 최고액은 무려 → 심장에 박혔던 이쑤시개 발견.. 알고보니 4년 전에  ▶ 이 종목 하나면 억대계좌 달성가능!<3시간만 무료공개>  ▶▶[급등임박 공개]◀◀ 2019년 상반기 ""정부정책""수혜주 TOP 10 긴급공개 >>> (바로확인)  ※ 저작권자 ⓒ 파이낸셜뉴스. 무단 전재-재배포 금지 "
55,7,"2019-02-04","18:12:36","서울광장 스케이트장,  전통팽이·제기 만들기 강습등 이벤트 개최","서울시는 전일 우천으로 인해 전 회차 운영 중단되었던 서울광장 스케이트장이 2월 4일 오전 10시부터 운영을 재개한다고 4일 밝혔다. 서울광장 스케이트장은 기해년 설 연휴 동안 다양한 즐길 거리를 무료로 제공한다. 야외 이벤트 존에서 상설 이벤트로 전통놀이체험(널뛰기, 제기차기, 대형 윷놀이, 투호 던지기)을 진행하며, 체험을 마친 분들에게는 행운의 포춘 쿠키와 돼지 저금통도 증정한다. 일자별 특별이벤트도 진행된다. 첫 날인 2월 4일은 전통팽이·제기 만들기 강습 및 타로운세 보기, 2월 5일에는 사주 신년운세 보기, 안전 양궁 체험을 운영하며, 연휴 마지막 날인 6일에는 전통 복주머니 만들기, 지문 적성검사가 진행된다. 이 외에도 VR 기기를 이용한 동계 스포츠(스키, 봅슬레이) 체험 및 SNS 사진 인화 서비스도 상설 이벤트존에서 진행된다. 설 연휴 동안 서울광장 스케이트장은 오전 10시부터 1시간 30분 간격으로 9회차 까지 운영하며, 대기질 및 기상악화로 운영 중단 또는 운영 재개 할 경우 사전에 홈페이지를 통해 공지하고 있다. ahnman@fnnews.com 안승현 기자  ▶▶2019년 상반기 ""정부정책"" 최대수혜주 TOP 10 긴급공개(바로확인) ▶▶[초대박종목 실시간 공유]◀◀ ""누적수익률 343.9%"" 공짜로 확인!!→<<즉시 무료발송!>>  [파이낸셜뉴스 주요뉴스]  → 백두산 폭발? 산 주변서 일어나는 불길한 징조 → 65세 노인 시가 5억원 집 맡기면 주택연금 얼마나 받나 → 민주당 지지율 38.2%로 하락.. 한국당은 ""이럴 수가"" → 18년된 로또, 최저 당첨금 4억.. 최고액은 무려 → 심장에 박혔던 이쑤시개 발견.. 알고보니 4년 전에  ▶ 이 종목 하나면 억대계좌 달성가능!<3시간만 무료공개>  ▶▶[급등임박 공개]◀◀ 2019년 상반기 ""정부정책""수혜주 TOP 10 긴급공개 >>> (바로확인)  ※ 저작권자 ⓒ 파이낸셜뉴스. 무단 전재-재배포 금지 "
56,1,"2019-02-04","17:48:01","정의용, 靑서 비건 대표 면담...""美 입장 청취 및 의견 전달""","-비건 대표 5일 판문점서 북측과 협상할 듯    정의용 청와대 국가안보실장과 스티븐 비건 미국 국무부 대북특별대표는 4일 청와대에서 만나 이달말로 예정되어 있는 2차 북미 정상회담에 대한 의견을 교환했다. 사진=청와대 제공    정의용 청와대 국가안보실장과 스티븐 비건 미국 국무부 대북특별대표가 4일 청와대에서 만나 이달말로 예정되어 있는 2차 북미 정상회담에 대한 의견을 교환했다.  김의겸 청와대 대변인은 이날 취재진에게 보낸 메시지에서 ""정의용 실장은 오늘 오후 4시부터 50분동안 청와대에서 비건 대표와 면담을 가졌다""고 밝혔다. 김 대변인은 ""정 실장은 북미 실무협상을 앞두고 미국 측의 입장을 청취하고, 우리 정부가 생각하는 현단계의 상황평가와 앞으로 해야 할 과제 등에 대해 의견을 전달했다""며 ""정 실장은 아울러 예정된 북미 실무협상이 내실있게 진행돼서 북미 정상회담의 성공적 개최로 이어지기를 기대한다는 뜻도 전달했다""고 전했다.  비건 대표의 청와대 방문은 지난해 12월 21일에이어 한 달 반여 만이다. 당시에도 비건 대표는 정 실장과 만나 비핵화 문제를 협의하는 동시에 한반도 평화 정착을 위한 한미 간 공조 방안을 논의했다. 전날 인천공항을 통해 입국한 비건 대표는 청와대 방문에 앞서 서울 시내 모처에서 우리측 북핵 협상 수석대표인 이도훈외교부 한반도평화교섭본부장과도 회동한 것으로 알려졌다. 비건 대표는 5일 실무협상의 북측 카운터파트인 김혁철 전 스페인 대사와 판문점에서 만나 2차 북미정상회담에서 채택될 합의에 담길 비핵화 및 상응 조치를 집중적으로 논의할 것으로 전해졌다.  fnkhy@fnnews.com 김호연 기자  ▶▶2019년 상반기 ""정부정책"" 최대수혜주 TOP 10 긴급공개(바로확인) ▶▶[초대박종목 실시간 공유]◀◀ ""누적수익률 343.9%"" 공짜로 확인!!→<<즉시 무료발송!>>  [파이낸셜뉴스 주요뉴스]  → 65세 노인 시가 5억원 집 맡기면 주택연금얼마나 받나 →민주당 지지율 38.2%로 하락.. 한국당은 ""이럴 수가"" → 백두산 폭발? 산 주변서 일어나는 불길한 징조 → 가혹행위 숨기려 유서 불태운 막장 중대장.. 결국 → 심장에 박혔던 이쑤시개 발견.. 알고보니 4년 전에  ▶ 이 종목 하나면 억대계좌 달성가능!<3시간만 무료공개>  ▶▶[급등임박 공개]◀◀ 2019년 상반기 ""정부정책""수혜주 TOP 10 긴급공개 >>> (바로확인)  ※ 저작권자 ⓒ 파이낸셜뉴스. 무단 전재-재배포 금지 "
56,2,"2019-02-04","17:43:55","나경원 ""협정으로 평화지켜진 예 없어…힘 우위로 억제력 가져야""","[머니투데이 이재원 기자] [[the300]""북미회담서 종전선언 카드 우려…종전선언 후 주한미군 철수 문제 나올 것""]      나경원 자유한국당 원내대표가 2월말 개최가 유력한 제2차 북미정상회담과 관련 ""평화협정으로 평화가 지켜진 예는 전 세계에서 한 번도 없었다""고 지적했다.   나 원내대표는 이날 유튜브 채널 '신의한수'와의 인터뷰에서, 전날 방한한 스티브 비건 미 국무부 대북정책특별대표를 거론 ""비건 대표의 스탠퍼드 대학교 강연 내용을 들어보면 이번 미북정상회담에서 종전선언 카드를 내놓지 않을까 한다""며 이렇게 말했다.   그러면서 나 원내대표는 ""평화는 우리가 힘의 우위를 갖고 억제력을 가져야만 가능하다""며 ""종전선언으로 내딛고 있는 미북회담에 우리 정부가 조장하고 있는 부분이 매우 우려된다""고 주장했다.   나 원내대표는 ""지난번 (1차 남북정상회담 당시) 판문점 선언에서 종전선언을 연내에 한다고 했을 때 굉장히 우려한 부분이 있다""며 ""우리 정부나 소위 진보진영에선 종전선언은 법적효력이 없기 때문에 아무 의미 없다, 종전선언하고 북한으로부터 무엇을 받으면 된다고 한다""고 전했다.   그는 그러나 ""종전선언은 법적효력이 없다고 하지만 종전선언이 됨으로써 평화협정의 문을 여는 효과가 있다""며 ""결국 종전선언 이후 이미 전쟁이 끝났는데 주한미군이 있을 필요가 있느냐는 문제가 제기될 것이고, 그 다음에는 한미군사훈련 중단 문제가 나올 것""이라고 주장했다.   나 원내대표는 ""미국에 우리 보수의 목소리를 전달하기 위해 노력하겠다""며 ""앞으로 미북정상회담을 예의주시해야 한다고 생각한다""고 밝혔다.      ▶▶[급등임박] 2019년 정부정책 최대수혜주 Top5 (바로확인)   ※주목※ 총 수수료 0원+월 0.4%대 금리 ▶ 저비용고수익 실현해볼까? (바로 가기)     [파워 인터뷰]      [관련기사] ☞ SKY캐슬 윤세아♥김병철 중년 로맨스…'4살 나이 차' ☞ 만원짜리 땅이 21배 껑충...시골 땅이 금싸라기 된 이유 ☞ '승리 사임' 버닝썬 ""물게 골뱅이 구함""…성관계 영상도 촬영 ☞ 공매도의 '멘붕'…삼성전자·하이닉스 반등에 ""앗뜨거"" ☞ ""잔소리 피하고, 30만원 벌자""…설 알바 찾는 사람들      ▶▶[급등임박] 2018년 하반기 ""정부정책"" 수혜주 TOP 10 긴급공개(바로확인)   저금리 고수익의 비밀, 1644-6960 키워드림론에서확인       이재원 기자 jaygoo@mt.co.kr    <저작권자 ⓒ '돈이 보이는 리얼타임 뉴스' 머니투데이, 무단전재 및 재배포 금지>"
56,3,"2019-02-04","17:43:52","폭우로 물에 잠긴 호주 북동부, 떠내려오는 악어에 골머리","[헤럴드경제=이슈섹션]전례 없는 폭우로 주민들이 대피한 호주 북동부에서 시내로 떠내려오는 악어 처리 문제가 또 다른 걱정거리로 떠올랐다.  4일(현지시간) AFP 등 외신은 지난 며칠간 호주 퀸즐랜드주 타운즈빌 지역에 쏟아진 폭우로 인근 로스강이 범람한 가운데 이 일대 주택가에 악어가 출몰해 주민들의 안전을 위협하고 있다고 전했다.  이 지역에 사는 한 주민은 현지 언론에 “전날 밤 아버지의 집 앞에서 1~2m 길이의 악어를 봤다”며 “(악어나 뱀에게)잡아먹힐까 봐 두렵다”고 말했다.  또 다른 주민 앤드류 로버츠는 “타운즈빌에 홍수가 나면 악어들이 물로 흘러들기 때문에 조금 무섭다”며 “내 가장 큰 걱정은 잡아먹히는 것”이라고 말했다.    물에 잠긴 호주 타운즈빌 [제공=연합뉴스] 타운즈빌 지역에서는지난 며칠간 1ｍ가 넘는 기록적인 폭우가 쏟아지면서 수천여채의 가옥이 침수되고, 1000여 가구가 대피했으며, 1만6000여 가구에 전기가 끊기는피해를 입었다.  당국은 지난 3일 쏟아진 폭우로 댐이 감당할 수 있는 수준을 넘어섰다며 수문을 개방한 것으로 알려졌다. 당국은 군병력을 동원해 지역 주민들에 대한 구조 작업에 나섰다.  정부 관계자는 “100년 만에 한 번 일어날 만한 재해”라면서 “위력적인 돌풍과 폭우가 며칠간 계속될 것으로 예상한다”며 시민들에게 주의를 당부했다.  onlinenews@heraldcorp.com                 [프리미엄 링크] ◆ [평생무료] ""주식카톡방"" 대박주를 추천받는데 100원도 안낸다~ ◆ 무료O, 회원가입X. 바로보는 증권전문가의실시간 라이브방송. ◆ <긴급> 세력 매집 포착, 지금 매수하면 200% 투자수익 달성!  10%수익을 40%로 만들어 준다고?? 영웅스탁론이라면 가능~! [영웅스탁론]효과적인 레버리지를 이용하여 수익률을 4배로!!   2019년은 바이오株! 셀트리온 160배 능가할 제2의 셀트리온?!   삼성이 탐내는 바이오기업! 3000%↑실적폭증! 전세계 30조 시장선점! 10년만의 대박기회!!   [오늘의인기기사] ◆ [국대스탁론]업계 최저금리 2.29%! 100%한종목 투자가능+신용/ 미수 대환가능 ◆ [마감임박] '급등주 문자메시지' 100% 무료로 받아보기! ◆ ‘더빠질 곳이 없는’ 초저평가 숨은 南北경협 테마株! ◆ 똑똑해진 소비자..한국도 이젠 소형차 시대 ◆ 2020년 한국 TV 2대중 1대 인터넷 연결된다"
56,4,"2019-02-04","17:43:30","깔끔형, 안전제일형… 스타일에 따라 찾는 간식이 다르다?","식음료업계, 성향별 ‘드라이빙 간식’ 제안 운전자·동승자 간식 준비, 안전운행 도움     왼쪽부터 시계방향으로 하이트진로음료, 돌코리아,롯데제과 제품들.   지치는 귀성·귀경길에서는 차량 안에서 간편하게 마실 수 있는 음료나 간식만 잘 준비해도 더 안전하고 즐겁게 보낼 수 있다. 특히 운전자 및 동승자들의 성향에 맞게 간식을 준비해 본다면 더욱 효과적으로 컨디션 관리를 할 수 있다. ■'깔끔이들'을 위한 한입 사이즈, 미니 사이즈  4일 업계에 따르면 요새는 차량에서 간식을 흘리는 것을 극도로 싫어하는 ‘깔끔형’ 귀성·귀경객이 많다. 차량 안에서 무엇인가를 먹을 때 부스러기나 내용물이 바닥에 떨어지는 것을 참지 못하는 깔끔한 타입의 사람이라면, 한입 사이즈, 미니 사이즈의 간식을 준비해 보는 것이 큰 도움이 된다. 돌(Dole)의 '미니트리플바'는 아몬드, 땅콩, 호박씨 등 3가지 견과와 3가지 씨앗, 그리고 건과일을 하나로 합친 바 타입의 제품이다. 블루베리,크랜베리, 스트로베리 총 3종의 제품을 한 팩에 담은 버라이어티팩 패키지로 출시돼 3가지 제품을 따로 구매할 필요 없이 한 번에 즐길 수 있다. 한 입 사이즈(11.9g)로 소포장 된 것이 특징으로, 일반 바 제품이나 스낵과 달리 부스러기 없이 깔끔하게 먹을 수 있다. 삼립식품의 ‘쇼콜라 딸기파이’는 진한 초콜릿 파이 속에 딸기 잼이 듬뿍 들어있어 달콤함과 상큼한 맛을 동시에 느낄 수 있는 디저트다. 특히 한 입에 쏙 들어가는 미니 디저트 콘셉의 제품으로 출시되어 달콤한 초코 파이를 부스러기 걱정 없이 즐길 수 있다. ■잠을 깰 수 있는 껌이나 상큼한 음료 자극 귀경 귀성길 운전 시간은 평소에 비해 2~3배 가량 더 소요되기 때문에 졸음과 집중력의 싸움이라고 해도 과언이 아니다. 안전을 중시하고, 졸음에 약한 타입의 사람이라고 한다면 본인과 가족의 안전을 위해 잠을 깰 수 있는 껌이나 상큼한 음료 등을 섭취해 신체에 자극을 주는 것이 좋다. 롯데제과 ‘졸음번쩍껌’은 혈액순환과 뇌활동을 촉진시키는 과라나와 상쾌한 느낌을 주는 멘톨, 페파민트 등이 들어 있는 제품이다. 강력한 휘산 작용으로 입안과 목, 코 속을 시원하게 해주고 피로와 졸음을 쫓아 주는 효과가 있다. 코카-콜라사의 세계적인 주스음료 브랜드 미닛메이드가 선보인 ‘미닛메이드 스파클링’ 2종은 과즙에 트렌디한 스파클링이 더해져 톡 쏘는 청량감과 과일의 달콤상큼함을 함께 즐길 수 있다. ‘톡 쏘는 과일맛’ 음료 제품으로 상쾌한 자극을 줘 귀성길 기분 전환 및 졸음 해결에 도움이 될 수 있다. ■열량은 낮으면서도 스트레스 해소에 제격 간혹 장시간 운전시 피로와 스트레스를 음식으로 푸는 사람들이 있다. 특히 명절 기간 동안 음식도 많이 먹어 체중 증가를 걱정하는 사람들이라면 이동 하는 차 안에서는 가벼운 간식을 준비해 주는 것이 좋다. 열량은 낮으면서도 운전자의 잠을 깰 수 있게 도와주는 간식은 큰 도움이 될 수 있다. CJ제일제당의 ‘비비고 김스낵’은 김에 쌀 칩을접합하는 한편, 튀기지 않고 오븐에 굽는 방식으로 만든 웰빙 과자 제품이다. 20g 제품 기준 90kcal 미만의 저칼로리 식품으로 한 봉을 다 먹어도 부담스럽지 않다. 하이트진로음료의 프리미엄 탄산수 ‘디아망’은 상쾌한 청량감을 주면서도 당분과 칼로리가 없어 탄산음료 대신 즐기기에 좋다. 한 손에 들어오는350 mL 소용량 페트로도 출시돼 이동 중 간편하게 즐기기 좋은 것도장점이다.  win5858@fnnews.com 김성원 기자     ▶▶2019년 상반기 ""정부정책"" 최대수혜주 TOP 10 긴급공개(바로확인) ▶▶[초대박종목 실시간 공유]◀◀ ""누적수익률 343.9%"" 공짜로 확인!!→<<즉시 무료발송!>>  [파이낸셜뉴스 주요뉴스]  → 65세 노인 시가 5억원집 맡기면 주택연금 얼마나 받나 → 민주당 지지율 38.2%로 하락.. 한국당은 ""이럴 수가"" → 백두산폭발? 산 주변서 일어나는 불길한 징조 → 가혹행위 숨기려 유서 불태운 막장 중대장.. 결국 → 심장에 박혔던이쑤시개 발견.. 알고보니 4년 전에  ▶ 이 종목 하나면 억대계좌 달성가능!<3시간만 무료공개>  ▶▶[급등임박 공개]◀◀ 2019년 상반기 ""정부정책""수혜주 TOP 10 긴급공개 >>> (바로확인)  ※ 저작권자 ⓒ 파이낸셜뉴스. 무단 전재-재배포 금지 "
56,5,"2019-02-04","17:43:15","[포토뉴스]정의용, 비건과 면담…북ㆍ미 실무협상 ‘사전 협의’","정의용 국가안보실장이 4일 청와대 본관 귀빈대기실에서 스티븐 비건 미 대북특별대표와 면담을 나누고 있다. 정 실장은 이날 북미 실무협상을 앞두고 미국 측의 입장을 청취하고, 우리 정부가 생각하는 현단계의 상황평가와 앞으로 해야 할 과제 등에 대해 의견을 전달했다. [청와대 제공]          [프리미엄 링크] ◆ [평생무료] ""주식카톡방"" 대박주를 추천받는데 100원도 안낸다~ ◆ 무료O, 회원가입X. 바로보는 증권전문가의 실시간 라이브방송. ◆ <긴급> 세력 매집 포착, 지금 매수하면 200% 투자수익 달성!  10%수익을 40%로 만들어 준다고?? 영웅스탁론이라면 가능~! [영웅스탁론]효과적인 레버리지를 이용하여 수익률을 4배로!!   2019년은 바이오株! 셀트리온 160배 능가할 제2의 셀트리온?!   삼성이 탐내는 바이오기업! 3000%↑실적폭증! 전세계 30조 시장선점! 10년만의 대박기회!!   [오늘의 인기기사] ◆ [국대스탁론]업계 최저금리 2.29%! 100%한종목 투자가능+신용/ 미수 대환가능 ◆ [마감임박] '급등주 문자메시지' 100% 무료로 받아보기! ◆ ‘더 빠질 곳이 없는’ 초저평가 숨은 南北경협 테마株! ◆ 똑똑해진 소비자..한국도 이젠 소형차 시대 ◆ 2020년 한국 TV 2대중 1대 인터넷 연결된다"
56,6,"2019-02-04","17:41:10","[취재hu]헬조선을 돌아보다 3 -캄보디아 출장 후기","#. 편집자주: '취재hu'는 기자가 취재 이후 느낀 후일담, '휴'하고 한 숨 돌린 이야기 등을 기사가 아닌 에세이 형식으로 풀어낸 글입니다.  지난 2016년 방문했던 캄보디아는 내게 몇몇의 장면으로 각인돼 있다. 상하수도 시설이 없어 집집마다 빗물을 받기 위해 비치한 커다란항아리, 가축이라고 부르기엔 미안할 정도로 비쩍 마른 개와 닭, 앙코르 와트에서 관광객을 상대로 물건을 파는 어린 아이들 등등. 국가가 월급을 제대로 주지 않아 경찰들은 관광객을 상대로 교통 법규 위반 딱지를 끊기 위해 잠복근무를 하기도 했다.  하지만 이것은 외부인의시선으로 매우 편협하게 그 나라의 단면을 재단한 것에 불과하다. 수상가옥에 사는 그들은 그물 침대 위에서 편안하게 휴식을 취하고 있었고, 도시의 쇼핑몰은 한국과 크게 다르지 않았다.  낮은 국민 소득, 불편한 생활 인프라, 지도자의 부패, 글로벌 대기업 자본의 깊숙한 침투와 같은 것들이 안타까웠던 것은 나만의 생각이었다. 한국인 통역을 맡은 현지인 친구가 ""(경제적으로 더 풍요로울지 몰라도) 한국인이 여기 사람들보다 더 자살을 많이 하지 않느냐""라며 ""여기 사람들은 그래도 행복하다""고 웃으며 말할 때는 크게 한 방 맞은 느낌이었다.  꽤나 시차를 두고 작성된 앞선 2편의 글에 달린 댓글은 대체로 ""더 못사는 나라와 비교해서 도대체 무슨 말이 하고싶은 거냐. '그 나라보다 잘 사니 우리나라는 좋은 나라야', 라고 꼰대질이 하고 싶은 거냐""처럼 부정적인 내용이 대부분이었다.  세상의 모든 꼰대들이 그러는 것처럼 나 역시 스스로는 꼰대가 아니라고 생각하며, (지금 꼰대가 아니라는 가정 하에) 가능하다면 앞으로도꼰대가 되고 싶진 않다. 다만 내가 말하고 싶었던 것은 삶에 존재하는 수많은 가능성과, 운이 좋아서 우연히 이번 생의 내게 주어진 것, 혹은 운이 나빠 내게 던져진 것을 한 번쯤 돌이켜보고 생각하는 시간을 가져보면 좋지 않을까, 하는 것이었다.  만약 내가 태어난 날이 1985년이 아니라 1952년 이었다면, 내가 태어난 곳이 대한민국이 아니라 캄보디아의 시골이었다면, 만약 지금 이곳이 아닌 또 다른 평행우주에 나와 다른 내가 있다면 등등을 한번쯤 생각해 보자고 얘기하고 싶었다.  ""도대체 그런 생각을 해서 무슨 소용이냐""고 말하는 사람이 있을지 모르지만 때때로 세상은 이런 쓸데없는 생각이 모여 가끔은 아주 쓸모가 있는 일도 생기기 마련이다.  최근 대단원의 막을내린 '스카이캐슬'의 아이들이 불행한 것은 그들에게 이런 쓸데없는 생각을 할 수 있는 기회가 많이 주어지지 않았기 ?문일지도 모른다.  대학시절 소설가 공지영이 모교의 중앙도서관에서 강연을 한 적이 있다. 공지영은 당시 특수 교육시설에서 만났던 한 아이의 이야기를 들려줬다. ""소설의 역할은 무엇인가?""라는 한 학생의 질문에 공지영은 그 이야기를 꺼냈다. 스카이캐슬의 '케이'와 같은 아이였다.  공지영이 취재를 위해 방문한 특수교육 시설의 복도에서 우연히 마주친 예닐곱 살난 여자아이는 마치 미국인처럼 유창하게 영어를 말했다. 하지만 그 아이는 보통의 아이들과는 많이 달랐다. 엄마의 뱃속에 있을 때부터 태교로 영어 비디오를 듣고 걸음마를 때면서 부터는 집, 영어학원만 왕복했다. 영상과 글, 소리로만 세상을 접한 그 아이는 세상에 있는 다른 친구들이란 '변수'를 배우지 못했다. 사람과 사람이 만나면있기 마련인 대립, 갈등 등의 상황을 이해하지 못했다. 내 앞에 있는 아이(친구)가 예측을 벗어난 행동을 하면 어쩔 줄을 몰랐다. 사람과 사람이 만나 발생하는 변수에 대한 경험이 없었기 때문이다.  ""소설을 통해 다른 사람의 입장이 돼보는 것. 소설의 역할이란 '배려' 를 배우기 위한 것 아닐까요.""라고 공지영은 말했다.  캄보디아라는 낯선 나라로의 출장 후기를 통해 ""그 나라보다 우리나라는 더 잘 사니까 더 노~오력해""라고 말하자는 추호의 의도도 없었고, 그럴 자격도 더욱이 내게는 없다.  hwlee@fnnews.com 이환주 기자  ▶▶2019년 상반기 ""정부정책"" 최대수혜주 TOP 10 긴급공개(바로확인) ▶▶[초대박종목 실시간 공유]◀◀ ""누적수익률 343.9%"" 공짜로 확인!!→<<즉시 무료발송!>>  [파이낸셜뉴스 주요뉴스]  → 백두산 폭발? 산 주변서 일어나는 불길한 징조 → 65세 노인 시가 5억원 집 맡기면 주택연금 얼마나 받나 → 민주당 지지율 38.2%로 하락.. 한국당은 ""이럴 수가"" → 18년된 로또, 최저 당첨금 4억.. 최고액은 무려 → 심장에 박혔던 이쑤시개 발견.. 알고보니 4년 전에  ▶ 이 종목 하나면 억대계좌 달성가능!<3시간만무료공개>  ▶▶[급등임박 공개]◀◀ 2019년 상반기 ""정부정책""수혜주 TOP 10 긴급공개 >>> (바로확인)  ※ 저작권자 ⓒ 파이낸셜뉴스. 무단 전재-재배포 금지 "
56,7,"2019-02-04","17:38:22","‘성주 화재’ 꽃 포장재 공장서 불…9명 대피 소동ㆍ1억 원 재산피해","경북 성주군 한 수출용 고급꽃 포장재공장에서 화재가 발생해 직원들이 대피하고 1억원대 재산피해가 발생했다. 그러나 인명 사고는 없었다.  4일 오후 1시 20분께 경북 성주군 선남면 한 수출용 고급꽃 포장재공장에서 화재가 발생했다.   불은 공장건물과 내부 기계설비 등을 태우고 소방서 추산 약 1억5000만 원의 재산피해를 냈다.   소방당국은 소방대원 50여 명, 헬기 1대, 소방차 20여 대 등을 동원해 진화작업을 벌였고 불은 1시간 30분 만에 진화됐다.   화재 당시 직원 9명이 건물 내부에 있었으나 모두 안전하게 대피한 것으로 전해졌다.   소방당국과 경찰은 정확한 화재 원인을 조사하고 있다.   김진희 기자(jh6945@etoday.co.kr)   [오늘의 핫클릭] ●독일 명품 '에어프라이어' 57%할인 '84,000 원' 판매! ●이영자·한국도로공사가 꼽은 휴게소 맛집 '톱10'은? ●""초딩도 현금으론 안 받아요""…세뱃돈도 모바일 시대 열렸다 ●[단독] 디에스네트웍스, 토러스證 임직원 3개월 고용계약 강요 ‘논란’ ●명품 '금장퍼터' 71%할인 '99,000원' 선착순 20명!        Copyrightⓒ이투데이, All rights reserved. (무단 전재 및 재배포 금지)   프리미엄 경제신문 이투데이    "
57,1,"2019-02-04","17:15:54","황교안 ""문 정부 폭정 극심…국민 승리하는 정치 하겠다""","[머니투데이 이재원 기자] [[the300]설 하루 앞두고 페이스북 글…""제발 바꿔달라고들 말한다""]      자유한국당 당대표에 도전하는 황교안 전 국무총리가 ""국민이 승리하는 정치를 하겠다""고 말했다.   황 전 총리는 4일 페이스북에 올린 글에서 ""연휴 현장에서 많은 이야기를 듣고 보니, 하나같이 살기 어려워 제발 바꿔달라고들 한다""며 이같이 밝혔다.   황 전 총리는 ""설 대목이 이제 옛말이 되었고, 자영업자들은 설연휴에 인건비라도 아껴야겠다고 문을 닫았다""며 ""경제 지표들이 심각한 수준""이라고 지적했다.   황 전 총리는 경제성장률, 실업률, 소득분배 등 수치를 나열한 뒤 ""급격한 최저임금 인상 등 이념 편향적 포퓰리즘 경제정책의 부작용이 속출하고 있다""며 ""문 정부는 민생경제를 해결할 의지가 전혀 없다""고 비판했다.   그는 ""오만과 폭주가 극에 달했다""며 ""문 정부는 김경수 지사의 댓글여론조작 사건 또한 사법부를 적폐세력으로 몰아가고 있다""고 지적했다.   황 전 총리는 ""적반하장이 따로 없다""고 지적하며 ""삼권분립의 헌법가치를 부인하는 독재적 발상""이라고 비판했다.   그는 ""희망의 메시지는 국민 스스로 만들어가고, 대한민국 국민이 소리 없이 세상을 변화시키고 있다""며 ""우리나라의 정치에 새로운 변화가시작되고 있다""고 밝혔다.   마지막으로 황 전 총리는 ""저와 자유한국당은 국민의 뜻을 받들기 위해 성찰하고, 통합하고, 새로운 희망과 비전을 보여드리겠다""며 ""강력하고 성숙한 대안 정당의 모습을 통해 문재인 정부의 폭정을 막아내겠다""고 지지를 호소했다.      ▶▶[급등임박] 2019년 정부정책 최대수혜주 Top5 (바로확인)   ※주목※ 총 수수료 0원+월 0.4%대 금리 ▶ 저비용고수익 실현해볼까? (바로 가기)     [파워 인터뷰]      [관련기사] ☞ SKY캐슬 윤세아♥김병철 중년 로맨스…'4살 나이 차' ☞ 만원짜리 땅이 21배 껑충...시골 땅이 금싸라기 된 이유 ☞ '승리 사임' 버닝썬 ""물게 골뱅이 구함""…성관계 영상도 촬영 ☞ 공매도의 '멘붕'…삼성전자·하이닉스 반등에 ""앗뜨거"" ☞ 삼전·하이닉스 따라 웃는 코스닥 반도체주      ▶▶[급등임박] 2018년 하반기 ""정부정책"" 수혜주 TOP 10 긴급공개(바로확인)   저금리 고수익의 비밀, 1644-6960 키워드림론에서확인       이재원 기자 jaygoo@mt.co.kr    <저작권자 ⓒ '돈이 보이는 리얼타임 뉴스' 머니투데이, 무단전재 및 재배포 금지>"
57,2,"2019-02-04","17:14:49","오후 6시 귀성길 정체 차츰 해소…서울→부산 4시간 30분","[머니투데이 주명호 기자] 설 연휴 셋째 날이자 설 전날인 4일 귀성길 정체가 차츰 해소되고 있다.   한국도로공사에 따르면 오후 6시 요금소 출발 기준 서울에서 부산까지 걸리는 시간은 4시간30분으로 나타났다. 앞서 오후 3시 기준 예상시간인 5시간20분에서 50분이 줄어들었다.   부산 외 전국 주요 도시의 도착 예상시간은 △대전 1시간30분 △ 강릉 2시간40분 △광주 3시간20분 △대구 3시간30분 △울산 4시간10분 △목포 3시간40분이다.   정체 구간도 크게 줄었다. 경부고속도로의 경우 오후 4시55분 기준 잠원나들목에서 반포나들목 1.0km 구간에서 시속 40km 미만 서행 중이다.   서해안 고속도로 정체구간은 서울방향 △송악나들목~행담도휴게소 △소하분기점~금천나들목 등 5.7km, 중부내륙고속도로는 창원방향 △노은분기점~충주휴게소 △충주휴게소~충주나들목 구간과 양평방향 북충주나들목~충주분기점 구간에서 총 7.6km의 정체가 나타나고 있다.   한국도로공사는 이날 하루 46만대의 차량이 서울을 빠져나가는 등 전국정으로 401만대의 차량이 고속도로를 이용할 것으로 전망했다.      ▶▶[급등임박] 2019년 정부정책 최대수혜주 Top5 (바로확인)   ※주목※ 총 수수료 0원+월 0.4%대 금리 ▶ 저비용고수익 실현해볼까? (바로 가기)     [파워 인터뷰]      [관련기사] ☞ SKY캐슬 윤세아♥김병철 중년 로맨스…'4살 나이 차' ☞ 만원짜리 땅이 21배 껑충...시골 땅이 금싸라기 된 이유 ☞ '승리 사임' 버닝썬 ""물게 골뱅이 구함""…성관계 영상도 촬영 ☞ 공매도의 '멘붕'…삼성전자·하이닉스 반등에 ""앗뜨거"" ☞ 홍준표 ""이명박·박근혜 석방 운동 하겠다""      ▶▶[급등임박] 2018년 하반기 ""정부정책"" 수혜주 TOP 10 긴급공개(바로확인)   저금리 고수익의 비밀, 1644-6960 키워드림론에서확인       주명호 기자 serene84@mt.co.kr    <저작권자 ⓒ '돈이 보이는 리얼타임 뉴스' 머니투데이, 무단전재 및 재배포 금지>"
57,3,"2019-02-04","17:13:58","캐딜락, SUV '에스컬레이드 플래티넘' 출시","캐딜락이 럭셔리 대형 스포츠유틸리티차(SUV) '에스컬레이드 플래티넘(사진)'을 국내 출시했다. 1999년 최초 출시 후 4세대에 걸쳐 선보여진 에스컬레이드에 최고급 럭셔리 사양을 대거 추가한 모델이다.  5180㎜의 전장과 1900㎜의 전고, 2045㎜의 전폭 등 차체에 촘촘히 구성된 크롬 라인의 22인치 휠이플래티넘 전용으로 적용됐다.  또 운전자가 가장 많이 이용하는 인스트루먼트 패널과 콘솔 및 도어 상단을 수작업 방식인 컷 앤 소운(Cut-and-sewn) 공법을 통해 제작한 최상급 가죽으로 마감했다. 특히 1열 및 2열 시트는 촉감이 뛰어나고 강한 내구성으로 관리가 수월한세미 아닐린 가죽으로 제작돼 최적의 착좌감을 발휘한다. 이 외에도 운전석과 조수석 모두에 18방향 조절 기능과 롤링, 주무르기, 피로회복모드가 포함된 마사지기능을 기본적으로 탑재함으로써 장거리 운전시에도 피로감을 줄일 수 있도록 배려했다. 여기에 탑승자 전원의 편의성을 고려해 총 3개의 스크린을 적용, 탑승자 각자가 원하는 컨텐츠를 자유롭게 이용할 수 있도록 업그레이드됐다. 3~ 4℃를 유지하는 '센터 콘솔 쿨러'도 갖췄다.  에스컬레이드 플래티넘 가격은 1억3817만원이다. longss@fnnews.com 성초롱 기자  ▶▶2019년 상반기 ""정부정책"" 최대수혜주 TOP 10 긴급공개(바로확인) ▶▶[초대박종목 실시간 공유]◀◀ ""누적수익률 343.9%"" 공짜로 확인!!→<<즉시 무료발송!>>  [파이낸셜뉴스 주요뉴스]  → 65세 노인 시가 5억원 집 맡기면 주택연금 얼마나 받나 → 민주당 지지율 38.2%로 하락.. 한국당은 ""이럴 수가"" → 백두산 폭발? 산 주변서 일어나는 불길한 징조 → 가혹행위 숨기려 유서 불태운 막장 중대장.. 결국 → 심장에 박혔던 이쑤시개 발견.. 알고보니 4년 전에  ▶ 이 종목 하나면 억대계좌 달성가능!<3시간만 무료공개>  ▶▶[급등임박 공개]◀◀ 2019년 상반기 ""정부정책""수혜주 TOP 10 긴급공개 >>> (바로확인)  ※ 저작권자 ⓒ 파이낸셜뉴스. 무단 전재-재배포 금지 "
57,4,"2019-02-04","17:10:35","홍남기 부총리, 설연휴 남동공단 찾아 ""수출활력 마련 중""","홍남기 부총리 겸 기획재정부 장관이 4일 인천 남동공단 내 수출중소기업 ㈜거산테크를 방문해 수출물량을 맞추려고 휴일에 일하는 직원들을 격려하고 애로사항을 들었다.   휴대전화에 들어가는 전자부품과 자동차부품 제조·판매업체인 거산테크 직원들은 이날 부총리와의 오찬간담회에서 기술개발과 국내외 시장개척 등의 어려움을 제기했다.   홍 부총리는 간담회와 현장방문 등으로 기업 애로를 파악해 수출 활력 회복방안을 마련하고 있다면서, 연초 수출 부진 우려에 대응해 기업들도 수출 경쟁력을 높이고 역량 강화를 위해 힘써달라고 당부했다고 기재부는 전했다.    [디지털뉴스국]      ☞ 조용히 사서 묻어놔라! 2月 정말 큰돈 된다! ☞ 지금 500만원 있으면, 조용히사둬라! 2월 정말 큰돈 된다! ☞ 매수하면 바로터질, 2월 최고종목 소개합니다!! ☞ 명절직후 무섭게 폭발할 10조원대 독점수혜주!!!      [ⓒ 매일경제 & mk.co.kr, 무단전재 및 재배포 금지]"
57,5,"2019-02-04","17:07:57","화폐제조비용 10년 만에 반토막...간편결제 일상화 덕분","돈을 찍어내는 데 들어가는 비용이 10년 만에 반토막이 났다. 신용·체크카드에 이어 간편결제 서비스가 일상화되면서 화폐 사용이 급감한 여파로 보인다.  4일 한국은행에 따르면 지난해 지폐와 동전 등 화폐 제조비용은 1,104억원으로 집계됐다. 2008년 2,243억원에 비해 절반 수준으로 떨어졌으며 현재 유통되는 5천원권, 1만원권, 5만원권 등의 신권이 나온 이래 가장 낮은 수준이다.  화폐 발행추이를 보면 5만원권 발행액은 전년보다 2.2% 감소했다. 3년간 두자릿수 증가세를 이어오다가 4년 만에 줄어든 것이다.  1만원권 발행액은 20.4% 감소했다. 5만원권이 나온 2009년(-18%)보다 더 큰 폭으로 줄어들었다.  동전 제조도 줄어 500원짜리는 -20.2%, 100원짜리는-8.5%를 기록했다.   다만 0원과 10원짜리는 각각 36.6%와 26.6% 증가했다. 2년 연속 20∼30% 감소한 뒤 반등으로 보인다.  현금 이외의 카드와 계좌이체 등 지급수단 결제금액은 올해 상반기 하루 평균 81조4,000억원으로 전년보다 7% 늘었다. 신용·체크·선불카드 등은 4.4%, 모바일뱅킹 등 계좌이체는 9.8% 늘었다.  /연유진기자 economicus@sedaily.com    ▶▶ [TOP SECRET] 2019년 정부 정책 최대 수혜주 TOP 10 大공개! (바로 확인)  ▶▶ 매수하면 100%수익! 인생역전 가능한 종목! (막차 타실 분 클릭)  ▶▶ [증시 이벤트] 2月 상승유력 ""저평가 우량株"" 선착순 공개 [확인]    [ⓒ 서울경제, 무단 전재 및 재배포 금지]"
57,6,"2019-02-04","17:07:35","[내일 날씨]일교차 큰 설날…서울 아침 -3도","[머니투데이 이재은 기자] 설날인 내일(5일)은 맑고 일교차가 크겠다.   4일 기상청에 따르면 5일 남부지방에서 동진하는 고기압의 영향을 받다가 그 가장자리에 들어 전국이 대체로 맑다가 오후부터 구름이 많아지겠다. 강원영서북부에는 새벽부터 아침 사이 눈이 오는 곳이 있을 것으로 보인다.   기온은 낮과 밤의 차이가 클 전망이다. 아침 최저기온은 △서울 -3도 △대전 -4도 △대구 -4도 △전주 -3도 △광주 -3도 △부산 3도 △춘천 -7도 △강릉 1도 △제주 2도 △울릉도·독도 2도, 낮 최고기온은 △서울 9도 △대전 11도 △대구 12도 △전주 11도 △광주 14도 △부산 12도△춘천 8도 △강릉 11도 △제주 14도 △울릉도·독도 10도 등이다.   미세먼지 농도는 전 권역이 '보통'으로 예상된다. 다만, 황사 잔류 영향과 대기 정체로 인해 오전에는 남부지방, 오후에는 중부지방에서 '나쁨' 수준의 농도가 나타날 수 있다.   미세먼지는 호흡기·심장·뇌혈관질환 등의 발생 위험을 높이고 건강에 악영향을 미친다. 미세먼지 농도가 나쁠 때는 노약자나 유아 등 민감군은 실외활동을 자제하는 게 좋다. 어쩔 수 없이 외출할 때는 마스크를 착용해야 한다.   기상청 관계자는 ""당분간 대기가 매우 건조하니 산불 등 각종 화재 예방에 각별히 유의하라""고 당부했다.      ▶▶[급등임박] 2019년 정부정책 최대수혜주 Top5 (바로확인)   ※주목※ 총 수수료 0원+월 0.4%대 금리 ▶ 저비용고수익 실현해볼까? (바로 가기)     [파워 인터뷰]      [관련기사] ☞ SKY캐슬 윤세아♥김병철 중년 로맨스…'4살 나이 차' ☞ 만원짜리 땅이 21배 껑충...시골 땅이 금싸라기 된 이유 ☞ '승리 사임' 버닝썬 ""물게 골뱅이 구함""…성관계 영상도 촬영 ☞ 공매도의 '멘붕'…삼성전자·하이닉스 반등에 ""앗뜨거"" ☞ 광주 아파트 화재… 불길 피하려던 60대 추락사      ▶▶[급등임박] 2018년 하반기 ""정부정책"" 수혜주 TOP 10 긴급공개(바로확인)   저금리 고수익의 비밀, 1644-6960 키워드림론에서확인       이재은 기자 jennylee11@mt.co.kr    <저작권자 ⓒ '돈이 보이는 리얼타임 뉴스' 머니투데이, 무단전재 및 재배포 금지>"
57,7,"2019-02-04","17:04:40","[Asia 마감]日 상승 마감…亞 대부분 설연휴 '휴장'","[머니투데이 김성은 기자] 4일 아시아 대부분 증시가 설 연휴를 맞아 휴장한 가운데 일본 증시는 상승 마감했다. 일본은 음력 설 대신 양력설을 지낸다.   이날 닛케이225 지수는 전일 대비 0.46% 오른 2만883.77에 장을 마쳤다. 도쿄증권거래소 1부 지수인 토픽스는 1.07% 오른 1581.33에 마감했다.   니혼게이자이신문은 ""지난 주말 발표된 1월 미국 고용통계가 호재로 작용했다""고 분석했다.   앞서 미국 노동부는 1월 비농업 부문의 일자리 증가폭이 30만4000개에 달했다고 발표했다. 이는 지난해 12월의 22만2000개를 크게 웃도는 것으로, 블룸버그의 전망치(16만5000개)도 가볍게 뛰어넘는 수준이다. ISM(전미 공급관리협회)의 1월 제조업 구매관리자지수(PMI) 역시 56.6을기록하며 전월 54.3보다 개선됐다.   홍콩 항셍지수는 오후 5시3분(한국시간) 현재 0.21% 오른 2만7990.21을 나타내는 중이다.   한편 이날 중국, 한국, 대만 주식시장은 설 연휴를 맞아 휴장했다.      ▶▶[급등임박] 2019년 정부정책 최대수혜주 Top5 (바로확인)   ※주목※ 총 수수료 0원+월 0.4%대 금리 ▶ 저비용고수익 실현해볼까? (바로 가기)     [파워 인터뷰]      [관련기사] ☞ SKY캐슬 윤세아♥김병철 중년 로맨스…'4살 나이 차' ☞ 만원짜리 땅이 21배 껑충...시골 땅이 금싸라기 된 이유 ☞ '승리 사임' 버닝썬 ""물게 골뱅이 구함""…성관계 영상도 촬영 ☞ 공매도의 '멘붕'…삼성전자·하이닉스 반등에 ""앗뜨거"" ☞ 광주 아파트 화재… 불길 피하려던 60대 추락사      ▶▶[급등임박] 2018년 하반기 ""정부정책"" 수혜주 TOP 10 긴급공개(바로확인)   저금리 고수익의 비밀, 1644-6960 키워드림론에서확인       김성은 기자 gttsw@mt.co.kr    <저작권자 ⓒ '돈이 보이는 리얼타임 뉴스' 머니투데이, 무단전재 및 재배포 금지>"
58,1,"2019-02-04","16:51:24","“구제역 확산을 막아라” 설 연휴도 잊은 방역…오늘 ‘전국 일제 소독의 날’","이개호 농림축산식품부 장관이 4일 충남 논산을 찾아 거점소독시설을 찾아 방역현장을 살피고 있다.［농림축산식품부 제공］ 이개호 농식품부 장관, 충남 논산 방역 현장 점검    ［헤럴드경제=배문숙 기자］방역 당국이 올해 겨울 경기 안성과 충북 충주에서 발병한 구제역의 추가 확산을 막기 위해 설 연휴도 일제 소독 등 현장 점검에 나서고 있다.  농림축산식품부는 4일을 ‘전국 일제 소독의 날’로 정하고, 전국 모든 우제류(소와 돼지 등 발굽이 2개인 포유류) 농장을 대상으로 일제 소독을 벌인다고 밝혔다.  농식품부는 “오늘은 전날 비 때문에 동원하지 못한 드론 55대, 광역방제기 90대, 과수원용 고압분무기 95대 등 소독 차량·장비 1317대를 총동원해 농가와 시설을 소독한다”고 설명했다.  특히 구제역이 발생한 안성과 충주는 농협 생활물자 배송 차량까지 투입해 생석회 260t을 공급했다. 이를 받은 농가는 농장 입구와 축사 사이 등에 생석회를 뿌려 바이러스를 없앤다.  방역 당국은 발생지역과 인접한 11개 시·군에도 이날 중으로 생석회 729t을 공급해 ‘차단 방역 벨트’를 만들 방침이다. 농식품부는 올겨울 구제역이 첫 발생한 이후 지금까지 소독 차량·장비 5072대를 동원해 농가·시설 10만9318곳을 소독했다.  농식품부는 “전날 비가 내림에 따라 사용하던 소독액을 교체하고, 축사 내·외부를 집중적으로 소독할 계획”이라며 “한우·한돈협회는 문자메시지나 SNS 등으로 농가에 소독 참여를 독려하고, 지역 축협은 축산농가를 가가호호 방문해 현장 지도를 펼친다”고 전했다.  농식품부는 이와 함께 사람이 많이 모이는 곳에는 발판 소독조를 반드시 설치하고, 축산 관계자는 사람이 많은 곳에 방문을 자제해달라고 당부했다.  또 외국인 근로자가 일하는 농장은 설 전후로 가족·친지가 방문한 경우나 근로자가 고국을 다녀온 뒤에는 특별히 철저한 소독에 힘을 기울여 달라고 강조했다.  한편, 이개호 농식품부 장관은 설 연휴 사흘째인 이날도 연휴를 반납하고 방역 현장을 점검했다. 이 장관은 이날 충남 논산을 찾아 거점소독시설을 확인하고 관계자를 격려하며 연휴 기간 철저한 방역태세를 당부했다.  oskymoon@heraldcorp.com          [프리미엄 링크] ◆ [평생무료] ""주식카톡방"" 대박주를 추천받는데 100원도 안낸다~ ◆ 무료O, 회원가입X. 바로보는 증권전문가의 실시간 라이브방송. ◆ <긴급> 세력 매집 포착, 지금 매수하면 200% 투자수익 달성!  10%수익을 40%로 만들어 준다고?? 영웅스탁론이라면 가능~! [영웅스탁론]효과적인 레버리지를 이용하여 수익률을 4배로!!   2019년은 바이오株! 셀트리온 160배 능가할 제2의 셀트리온?!   삼성이 탐내는 바이오기업! 3000%↑실적폭증! 전세계 30조 시장선점! 10년만의 대박기회!!   [오늘의 인기기사] ◆ [국대스탁론]업계 최저금리 2.29%! 100%한종목 투자가능+신용/ 미수 대환가능 ◆ [마감임박] '급등주 문자메시지' 100% 무료로 받아보기! ◆ ‘더 빠질 곳이 없는’ 초저평가 숨은 南北경협 테마株! ◆ 똑똑해진 소비자..한국도 이젠 소형차시대 ◆ 2020년 한국 TV 2대중 1대 인터넷 연결된다"
58,2,"2019-02-04","16:51:19","설에도 ‘용광로’ 지키는 사람들…1년 365일 상시 가동중","- “맡은 바 책임 다해야죠” - 제철소 고로 조업 특성상 24시간 가동 - 휴일 없어 교대인원 6000여명 근무 - “현장에선 안전 최우선, 자부심 느껴”     포항 4고로에서 출선 업무를 맡고 있는 김승훈 대리가 쇳물 출선 후 후속작업을 하고 있다.(사진=포스코 뉴스룸).  [이데일리 김미경 기자] 민족 최대의 명절 설이 찾아왔지만 평소와 마찬가지로 묵묵히 맡은 바 책임을 다하고 있는 사람들이 있다. 제철소에는 휴일이 없다. 제철소는 고로가 가동되는 한 조업을 멈출 수 없다. 고로 가동을 멈추면 다시 온도를 끌어올리기까지 최소 5개월이 걸려서다.  쇳물을 생산하는 고로부터 제강, 연주, 열연, 냉연, 도금까지 순차적으로 이뤄지는 조업 공정은 어느 한군데도 쉴 수 없다. 이러한 업무 특성상 설과 추석 명절 연휴를 포함한 1년 365일, 24시간, 제철소는 상시 가동 중이다.  4일 포스코 뉴스룸에 따르면 생산 현장에는 설비 가동을 위한 교대 인원으로 포항제철소 약 3500명, 광양제철소 약 3100명 등 총 6600여명의 직원이 근무하고 있다.   포항제철소 제선부 4고로에서 근무 중인 김승훈 대리는 올해로 입사 9년차다. 이번 설 연휴에도 고로를 지킨다. 그가 맡은 업무는 고로에서 용선을 배출시키는 ‘출선’이다. 고로는 조업 특성상 24시간 가동해야 하기 때문에 명절에도 교대 근무자들이 평상시와 똑같이 근무한다. 돌발 상황을 대비해 각 파트의 상주 근무자도 한 명씩 대기 근무를 한다.  김승훈 대리는 “365일 매 순간 긴장을 늦출 수 없는 업무지만, 고로에서 힘차게 배출되는 쇳물을 보면 포스코인이라는 자부심을 느낀다”며 “평소보다 더 현장을살피고, 점검도 더 꼼꼼하게 한다. 안전이 언제나 최우선”이라고 말했다.  명절 근무에 불만을 가져본 적은 없다. 철강업계 한 관계자는 “교대 근무는 공휴일과 관계없이 배정되기 때문에 남들이 쉴 때 일하기도 하지만, 남들이 일할 때 쉬기도 한다”면서 “내가 쉴 때 조업현장을 든든하게 지켜주는 동료 덕에 편안하게 쉴 수 있다. 아울러 국가의 중요한 기초 소재산업인데 이왕이면 즐겁게 일한다”고 웃었다.     ▶[무료추천] 개인정보 수집없는 카카오톡방 입장하기!  ▶ 하이스탁론, 선취수수료 없는 월 0.3%대 최저금리 상품 출시   ＜ⓒ종합 경제정보 미디어 이데일리 - 무단전재 & 재배포 금지＞    "
58,3,"2019-02-04","16:50:43","‘광주아파트 화재’ 14층서 탈출 시도하다 추락사…“경위 조사 중”","60대 남성이 불이 난 아파트에서 탈출하려다 추락해 숨졌다   4일 오후 1시 1분께 광주시 광산구 한 아파트 14층에서 화재가 발생했다.   60대 남성 A 씨 등 2명은 아파트 안에 있다가 불이 나자 베란다 창문을 통해 아랫집으로 탈출을 시도했다. A씨는 이 과정에서 1층으로 떨어져 사망했다.   화재는 신고를 받고 출동한 소방관에 의해 16분 만에 진압됐다.   경찰과 소방당국은 사고 과정과 화재 원인 등을 조사하고 있다.   김진희 기자(jh6945@etoday.co.kr)   [오늘의 핫클릭] ●독일 명품 '에어프라이어' 57%할인 '84,000 원' 판매! ●이영자·한국도로공사가 꼽은 휴게소 맛집 '톱10'은? ●[고속도로 교통상황] 막바지 귀성길 정오쯤 정체 절정…오전 10시 서울→부산 6시간 ●[단독] 디에스네트웍스, 토러스證 임직원 3개월 고용계약 강요 ‘논란’ ●명품 '금장퍼터' 71%할인 '99,000원' 선착순 20명!        Copyrightⓒ이투데이, All rights reserved. (무단 전재 및 재배포 금지)   프리미엄 경제신문 이투데이    "
58,4,"2019-02-04","16:50:37","귀성길 정체 여전…오후 8시께야 해소될 듯","[이데일리 윤필호 기자] 설 연휴 사흘째인 4일 오후 들어서도 전국 고속도로 귀성길 정체는 여전하다. 이르면 오후 7~8시에야 해소될 전망이다.  이날 한국도로공사에 따르면 오후 3시 승용차로 서울 요금소를 출발해 전국 주요 도시까지 도착하는 데 걸리는 시간은 부산 5시간 20분, 울산 4시간 30분, 대구 4시간 10분, 목포 4시간, 광주 3시간 50분, 강릉 3시간, 대전 2시간 30분으로 예상된다.  이날 전국 교통량은 401만 대로 평소 토요일보다 다소 적은 수준이다. 하지만 정체는 토요일보다 혼잡한 모습이다. 도로공사는 수도권에서 지방으로 46만대, 지방에서 수도권으로 36만 대가 각각 이동할 것이라고 예상했다.  이날 오전 11∼12시께 절정에 이른 귀성 방향 정체는 오후 7∼8 시께는 돼야 해소될 것으로 보인다. 오후 12∼1시께 가장 심했던 귀경 방향 소통은 비교적 원활한 수준으로 오후 5∼6시께 해소될 것으로 예상된다.     ▶[무료추천] 개인정보 수집없는 카카오톡방 입장하기!  ▶ 하이스탁론, 선취수수료 없는 월 0.3%대 최저금리 상품 출시   ＜ⓒ종합 경제정보 미디어 이데일리 - 무단전재 & 재배포 금지＞    "
58,5,"2019-02-04","16:48:37","""저출산 고령화, 아이 안 낳는 게 문제"" 日 아소 다로 실언","‘망언 제조기’로 불리는 아소 다로 일본 부총리 겸 재무상이 저출산·고령화에 대해 “아이를 낳지 않는 쪽이 문제”라고 발언해 물의를 빚고 있다.  4일 요미우리신문은 아소 부총리가 전날 후쿠오카현에서 강연을 하며 “지금 노인이 나쁜 것 같다고 말하는이상한 사람이 많지만 (이것은) 잘못됐다”며 “아이를 낳지 않는 쪽이 문제”라고 주장했다.  그러자 제1야당인 입헌민주당의 쓰지모토 기요미 국회대책위원장은 “매우 큰 문제로, 인권의식이 전혀 없다”고 지적했다. 쓰지모토 위원장은 “아이를 낳을 수 없는 사람, 갖지않는 사람에 대한 배려가 없을 뿐 아니라 문제의 본질을 전혀 모르고 있다”고 비판했다.  아소 부총리는 해당 발언에 대해 비판이 이어지자 “오해를 줬다면 철회하겠다”고 말했다.   아소 부총리는 과거에도 말실수로 여러 차례 물의를 빚은 바 잇다. 지난해 문제가된 재무성 차관의 여기자 성희롱 의혹에 대해 “성희롱이라는 죄는 없다”. “함정에 빠졌다는 의견도 있다”고 두둔한 바 있다. /연유진기자 economicus@sedaily.com    ▶▶ [TOP SECRET] 2019년 정부 정책 최대 수혜주 TOP 10 大공개! (바로 확인)  ▶▶ 매수하면 100%수익! 인생역전 가능한 종목! (막차 타실 분 클릭)  ▶▶ [증시 이벤트] 2月 상승유력 ""저평가 우량株"" 선착순 공개 [확인]    [ⓒ 서울경제, 무단 전재 및 재배포 금지]"
58,6,"2019-02-04","16:48:25","광주 아파트 화재… 불길 피하려던 60대 추락사","[머니투데이 이재은 기자]  광주의 한 아파트에서 화재가 발생, 불을 피하려던 남성이 추락해 사망하는 사고가 발생했다. 4일 오후 1시쯤 광주 광산구의 한 아파트14층 A씨(60)의 집에서 불이 났다. 불은 출동한 소방당국에 의해 16분 만에 진화됐으나 불을 피하려던 A씨는 추락해 사망했다. A씨는 베란다를 통해 대피하려다가 변을 당했다. 경찰과 소방당국은 A씨의 정확한 사망 경위와 화재 원인을 조사하고 있다.      ▶▶[급등임박] 2019년 정부정책 최대수혜주 Top5 (바로확인)   ※주목※ 총 수수료 0원+월 0.4%대 금리 ▶ 저비용고수익 실현해볼까? (바로 가기)     [파워 인터뷰]      [관련기사] ☞ SKY캐슬 윤세아♥김병철 중년 로맨스…'4살 나이 차' ☞ 만원짜리 땅이 21배 껑충...시골 땅이 금싸라기 된 이유 ☞ '승리 사임' 버닝썬 ""물게 골뱅이 구함""…성관계 영상도 촬영 ☞ 공매도의 '멘붕'…삼성전자·하이닉스 반등에 ""앗뜨거"" ☞  ""부주의했다""…러블리즈 생방송 욕설 사고 사과      ▶▶[급등임박] 2018년 하반기 ""정부정책"" 수혜주 TOP 10 긴급공개(바로확인)   저금리 고수익의 비밀, 1644-6960 키워드림론에서확인       이재은 기자 jennylee11@mt.co.kr    <저작권자 ⓒ '돈이 보이는 리얼타임 뉴스' 머니투데이, 무단전재 및 재배포 금지>"
58,7,"2019-02-04","16:46:54","엘살바도르, 37세 군소정당 출신 대통령 당선","[머니투데이 김성은 기자] [나이브 부켈레, 30년 양당 구도 깨고 당선…부패척결·범죄와의 전쟁 선포]     엘살바도르에서 30대 후반의 한 군소정당 후보가 30년 이어온 양당구도를 깨고 대통령에 당선됐다.   4일 로이터통신에 따르면 국민통합대연맹(GANA) 소속 나이브 부켈레(37)가 대선에서 88% 개표 결과 54%의 표를 얻어 대선에서 승리가 확실시됐다. 공식 개표결과는 이틀 이내 발표될 예정이다. GANA는 2010년 만들어진 정당으로 중도 보수 성향으로 분류된다.   로이터는 ""두 개의 주류 정당이 부켈레에게 패배했다""고 전했다.   엘살바도르는 지난 30년간 두 주요 정당에 의해 지배돼 왔다. 좌파 집권당이었던 민족해방전선(FMLN)과 보수 우파 정당인 민족공화연맹(ARENA)이다.   부켈레는 엘살바도르가 살인율이 높은 나라라는 오명을 입게 된 데 책임이 있는 범죄조직과 싸우는 한편 부패를 척결하겠다 약속했다. 이민억제와 경제 활성화 등도 공약으로 내걸었다.   그는 당선이 확실시 된 후 ""오늘 우리는 첫번째 라운드에서 우승했고 우리는 역사를 만들었다""고 말했다.   부켈레는 지난 2015~2018년, 엘살바도르의 수도인 산살바도르의 시장을 역임했다. 홍보대행사를 설립한 경험이 있는 기업인 출신이기도 하다.       ▶▶[급등임박] 2019년 정부정책 최대수혜주 Top5 (바로확인)   ※주목※ 총 수수료 0원+월 0.4%대 금리 ▶ 저비용고수익 실현해볼까? (바로 가기)     [파워 인터뷰]      [관련기사] ☞ SKY캐슬 윤세아♥김병철 중년 로맨스…'4살 나이 차' ☞ 만원짜리 땅이 21배 껑충...시골 땅이 금싸라기 된 이유 ☞ '승리 사임' 버닝썬 ""물게 골뱅이 구함""…성관계 영상도 촬영 ☞ 공매도의 '멘붕'…삼성전자·하이닉스 반등에 ""앗뜨거"" ☞  ""부주의했다""…러블리즈 생방송 욕설 사고 사과      ▶▶[급등임박] 2018년 하반기 ""정부정책"" 수혜주 TOP 10 긴급공개(바로확인)   저금리 고수익의 비밀, 1644-6960 키워드림론에서확인       김성은 기자 gttsw@mt.co.kr    <저작권자 ⓒ '돈이 보이는 리얼타임 뉴스' 머니투데이, 무단전재 및 재배포 금지>"
59,1,"2019-02-04","16:21:42","폭스바겐 아테온, 40대 사이서 인기몰이","[이데일리 이소현 기자] 폭스바겐코리아가 지난해 12월 출시한 아테온이 이른바 ‘영포티(Young 40s)’세대 사이에서 인기몰이 하고 있다고 4일 밝혔다.  최근 자동차 시장뿐만 아니라 전체 소비 시장을 가장 주도하고 있는 구매층이 바로 영포티 세대이다. 영포티 세대는 과거의 중년과 다르게 트렌드에 민감하면서도 실속 있는 소비를 중시한다. 가성비는 물론 가심비까지 따지며 구매력을 바탕으로 자신에 대한 투자도 아끼지 않고, 라이프스타일이 선명한 만큼 소비 행위를 통해 자신의 가치관, 신념을 드러내는 것을 꺼리지 않는 세대로 알려져 있다.  서울의 한 폭스바겐 전시장 지점장은 “폭스바겐은 티구안, 골프, 제타 등의 인기로 전시장을 찾는 고객들의 연령대가 20대부터 50대까지 다양했다면, 파사트GT에 이어 아테온이 출시되면서 확실히 30대 후반부터 40대 초반의 남성 고객들의 문의가 급증했다“며, “특히 전문직 싱글 남성과 본인의 라이프스타일이 분명한 기혼 남성 고객들이 아테온을 많이 구매하는 편이다“라고 말했다.  40대의 마음을 사로잡은 아테온은 우아한 디자인과 강력한 성능, 탁월한 경제성까지 모두 갖춘 진정한 프리미엄세단이다. 또한 우아하고 유려하면서도 다이내믹한 디자인, 넉넉한 실내공간, 탄탄한 주행성능, 안락한 승차감, 탁월한 경제성 등 세단이 갖춰야 할 미덕을 모두 갖춘 프리미엄 세단으로, 폭스바겐 세단 라인업의 최상위 역할을 맡고 있다. 아테온의 이러한 강점들이 트렌디 하면서도 가치 소비를 중시하는 영포티 세대에게 적중한 것이다.  지난 12월에 아테온을 구매한 직장인 A씨는 “처음엔 남다른 디자인과 가격대비 내가 원하는 편의 사항들이 잘 갖춰져 있는 것이 마음에 들어 선택했는데 타면 탈 수록 더 마음에 드는 차“라며, “어댑티브 크루즈 컨트롤, 레인 어시스트 등의 첨단사양과 넉넉한 실내와 트렁크 공간, 안정적인 승차감, 고급차에만 있다는 서스펜션 조절 기능, 그리고 표시 연비를 웃도는 실 연비까지 어느 하나 빠지지 않아 아주 만족하며 타고 있다“라고 말했다.  한편 아테온은 지난 12월 출시래 고객인도를 시작했으며, 2018년형 모델의 판매가 종료된 이후에는 옵션 및 편의사양이 업그레이드 된 2019년형 아테온이 출시될 예정이다.            ▶[무료추천] 개인정보 수집없는 카카오톡방 입장하기!  ▶ 하이스탁론, 선취수수료 없는 월 0.3%대 최저금리 상품 출시   ＜ⓒ종합 경제정보 미디어 이데일리 - 무단전재 & 재배포 금지＞    "
59,2,"2019-02-04","16:21:35","성주 꽃포장재 공장서 불…1억5천만원 재산피해(종합)","성주 꽃포장재 공장서 불…1억5천만원 재산피해(종합)      (성주=연합뉴스) 홍창진 기자 = 4일 오후 1시 20분께 경북 성주군 선남면 한 수출용 고급꽃 포장재공장에서 불이 났다.  이 불은 공장건물과 내부 기계설비 등을 태워 1억5천만원(소방서 추산)가량의 재산피해를 낸 뒤 1시간 30분 만에 꺼졌다.  소방당국은 소방대원 50여 명, 헬기 1대, 소방차 20여 대 등을 동원해 진화작업을 벌였다.  화재 당시 직원 9명이 건물 내부에 있었으나 모두 안전하게 대피했다.  소방당국과 경찰은 정확한 화재 원인 등을 조사 중이다.  realism@yna.co.kr   (끝)    <긴급속보 SMS 신청> <포토 매거진> < M-SPORTS >   <저작권자(c) 연합뉴스, 무단 전재-재배포 금지>"
59,3,"2019-02-04","16:18:01","""올해 중국 음료시장 매출 2억톤 넘을 것""","올해 중국 음료시장이 매출이 2억톤을 넘어설 것으로 전망됐다. 중국 상업 연구원의 빅 데이터 분석에 따르면 지난해 11월 중국 음료 생산량은 962만톤으로 전년동기 대비 2.7% 증가했다. 1월~11월 총 생산량은 1만4449만톤으로 전년도 같은 기간 대비 5.8% 늘었다. 올해도 이같은 추세가 이어지며 생산량이 2억톤을 초과할 것으로 내다봤다. 2017년 중국의 음료 매출은 전년대비 1.3% 줄어든 1억7699만톤이었지만지난해에는 1억9000만톤으로 회복된 것으로 추정했다.  중국 상업연구원은 ""건강의식이 강조되면서 식물성 단백질 음료, 잡곡음료, 저당음료, 발효성 음료, 영양성분 강화 음료 등 기능성 음료제품들의 시장이 확대될 것""이라며 ""그중 생물성 발효 공법을 응용한제품들이 앞으로 이슈품목이 될 것""이라고 전망했다. 이와함께 인터넷 플랫폼을 이용한 매출이 증가할 것으로 내다봤다. 맞춤형 제품 제작, 개성을 강조한 포장 디자인 등 창의적인 아이디어들은 소비자들의 구매 욕망을 자극하고 QR코드 등록, 온라인 구매 등 마켓팅 영업방법으로 인해 음료 제품의 매출은 계속 증가하게 될 것으로 추정했다.  또 음료 제품들이 점점 더 소비자 수요에 맞춰지면서 제품 과잉 현상이 완화되고 다른 업계와의 합작을 통해 음료업계 발전을 이끌 것으로 전망했다.   cynical73@fnnews.com 김병덕 기자  ▶▶2019년 상반기 ""정부정책"" 최대수혜주 TOP 10 긴급공개(바로확인) ▶▶[초대박종목 실시간 공유]◀◀ ""누적수익률 343.9%"" 공짜로 확인!!→<<즉시 무료발송!>>  [파이낸셜뉴스 주요뉴스]  → 65세 노인 시가 5억원 집 맡기면 주택연금 얼마나 받나 → 민주당 지지율 38.2%로 하락.. 한국당은 ""이럴 수가"" → 백두산 폭발? 산 주변서 일어나는 불길한 징조 → 가혹행위 숨기려 유서 불태운 막장 중대장.. 결국 → 심장에 박혔던 이쑤시개 발견.. 알고보니 4년 전에  ▶ 이 종목 하나면 억대계좌 달성가능!<3시간만 무료공개>  ▶▶[급등임박 공개]◀◀ 2019년 상반기 ""정부정책""수혜주 TOP 10 긴급공개 >>> (바로확인)  ※ 저작권자 ⓒ 파이낸셜뉴스. 무단 전재-재배포 금지 "
59,4,"2019-02-04","16:18:00","중국 1선 대도시 베이징 상하이 광저우 선전의 숨은 경쟁력","[서울=뉴스핌] 이미래 기자 = 지방 양회에서 2018~2019년 경제 성적과 목표가 공개되면서 중국 '4대 경제 메카' 1선 대도시 베이징(北京) 상하이(上海) 광저우(廣州) 선전(深)의 경제 상황이 주목받고 있다. 상하이의 작년GDP는 3조3000억위안으로 4대 1선 도시중 1위를 기록했고, 베이징은 3조 위안으로 2위에 올랐다. 혁신 도시로 거듭나고 있는 선전은 1선도시중 유일하게 7%대 성장률을 기록해 여전히 높은 성장세를 과시했다.  ◆ GDP    2018년 기준 상하이는 국내총생산(GDP) 규모 1위를 차지, '경제 수도' 로서의 위상을 과시했다.  지역별 통계국에 따르면 지난해 상하이 GDP는 3조2700억 위안으로 1선도시 중 가장 큰 규모를 보였다.베이징은 3조 위안으로 2위에 올랐으며, 선전(2조4000억 위안)과 광저우(2조3000억 위안)가 그 뒤를 이었다.  반면 GDP 성장률로는 ‘젊은 도시’ 선전이 7.5%로 선두에 올랐다. ‘오래된 도시’ 상하이 베이징 광저우는 각각 6.6% 6.6% 6.5%로, 전국 평균 수준에 그쳤다.  21징지왕(21經濟網)은 “상하이 베이징 광저우는 성장률 유지가 다른 도시보다 어렵다”고 밝혔다. 매체는 “도시 규모가 크고 경제발전이 성숙 단계에 접어들수록 문제는 더욱 많아진다”며 “산업 효율성 제고를 위해 규모를 축소하는 것도 필요하다”고 설명했다. 실제로 베이징은지난해에만 361개의 제조업 소매업 숙박업 요식업 기업을 폐쇄 및 이전시켰다.   베이징의 경우 상주인구 감소로 인한 산업 활성화 둔화가 우려된다 [사진=바이두]  2018년 GDP 성장률 6.6%에 그친 베이징의 경우 상주인구 감소로 인한 산업 활성화 둔화가 우려된다고 매체는 설명했다.  중국 통계국에 따르면 2018년 말 베이징의상주인구는 2154만2000명으로 전년 동기 대비 0.8%(16만5000명) 줄어들었다. 2017년에 이어 2년 연속 감소세를 보인 것. 이는 베이징 판자촌개조 정책에 따라 불법 단층 주택이 철거된 것과 지난해 폭등한 부동산 가격을 기인한다.  전문가들은 “상주인구 감소로 인구 활성화지수가 낮아졌다”고 평가했다.  반면 선전은 중국판 실리콘밸리라는 명성답게 산업 발전을 주도하고 있다. 특히 텐센트(Tencent, 騰訊) 화웨이(華) ZTE(中興, 중싱) 등 글로벌 기업 및 벤처기업의 요람으로 중국 IT 발전을 이끌고 있다. 앞서 선전은 7년 만에 GDP 2조 위안을 달성해 ‘선전쑤두(深速度, 선전속도)’라는 신조어를 만들어 내기도 했다.  한편 베이징 상하이 광저우는 올해 GDP 성장률 목표치를 6.0~6.5%로, 선전은 7% 좌우로 설정했다.  ◆ 산업    21징지왕은 ""1선도시의 경우 금융업 비즈니스서비스업 등의 강세가 두드러진 만큼 3차 산업 집중도가 경제 성장력에 주는 영향이 크다""고 강조했다. 3차산업 집중도가 가장 높은 도시는 베이징이다.  통계국에 따르면 과거 서비스업개방 시범도시였던 베이징의 3차산업이 GDP에서 차지하는 비중은 81%로 1선도시 중 가장 높다. 올해 교육 의료 등 서비스 강화 계획을 밝힌만큼 해당 비중은 더 올라갈 것으로 전망된다.  뿐만 아니라 베이징은 올해 더 많은 해외 금융기관의 독자 사업을 허용할 계획이다. 최근 인민은행은 미국 신용평가사 스탠다드앤푸어스(S&P)에 협력 방식이 아닌 독자적으로 신용평가 서비스를 할 수 있는 라이센스를 내줬다. 이와 함께 베이징에 세운 S&P 자회사 등록이 수리됐다.  2018년 광저우 상하이 선전 3차산업의 GDP 비중은 각각 70.01% 69.9% 59.7%다.  또 업계 전문가는 ""올해의 경우 첨단 제조업 위주의 경제활성화가 기대된다""고 밝혔다. 최근 중국 당국이 가전제품 구입에보조금을 지급하는 ‘이구환신(以久換新)’ 정책을 시행하는 등 제조업 위주 경기부양 의지를 밝힌 것.  이러한 첨단 제조업 강화에 가장 눈에 띄는 1선도시는 선전이다.    선전의 경우 제조업이 경제발전에서 차지하는 비중이 여전히 높다 [사진=바이두]  매체에 따르면 2018년 상반기 기준 선전의 1 2 3차산업 비중은 0.1 : 39.6 : 60.3이다. 산업 비중이 현대화 산업으로 이동하고 있지만 전자통신, 자동차 등 제조업의 강세가 여전하다는게 업계의 설명이다.  이러한 가운데 선전은 2019년 주요 과제로 웨강아오대만구(港澳大灣區, 광둥 홍콩 마카오를 아우는 빅베이) 프로젝트를 제시했다. 선전은""새로운 자원 개발을 위해 홍콩 마카오와의 대화를 강화할 것""이라며 ""첨단 제조업 위주의 경제 활성화를 유도하겠다""고 밝혔다.     leemr@newspim.com [미리보는 양회] 지방정부 GDP 성장 목표치로 내다본 2019년 중국 경제 [그래픽 중국경제] 2018년 GDP 성장률 6.6%, 한눈에 보는 2018 주요 경제지표 중국 주요 경제 지표 악화, 뚜렷해지는 경기하강 국면     ★오늘 사면 내일 상한가 터질 대박주 100% 무료 공개! (선착순 5명)  ▶ 주식 자동 프로그램으로""月300만원""버는 男화제  ★세력 입성 전, 집중공략! 20인의 전문가가 만장일치한 급등 유력株 ""오늘""만 전격공개!"
59,5,"2019-02-04","16:17:37","강원 설 연휴 사흘째 도로 원활…설 당일 2~4도 낮을 듯","4일 강원도 내 고속도로 및 국도 등 주요 도로는 대체로 원활한 차량 흐름을 보인다.   한국도로공사 강원본부에 따르면 이날 오후 3시 30분 현재 중앙고속도로 부산방면 만종분기점에서 만종터널까지 1km 구간에서 답답한 흐름을보일 뿐 도내 전 구간이 막힘없이 소통되고 있다.   46번 국도와 44번 국도 등 수도권과 연결되는 국도들도 차량 통행이 늘어났지만, 원활한 차량 흐름을 보인다. 연휴를 맞아 도내 스키장과 유명산, 역과 터미널은 북적이는 모습이다.   국립공원 설악산에 오후 3시 30분 현재 9000여명이 넘는 등산객이 찾아 건강을 다졌다. 오대산 국립공원에도 3900여명이 찾아 평소 주말 수준을 보였다.   기상청은 강원지역의 경우 설인 5일 아침 기온이 복사냉각으로 오늘보다 2∼4도 가량 낮아 추울 것으로 예상했다.   북부 내륙과 산지는 5일 오전 3시부터 오전 9시 사이 산발적으로 눈이 날리는 곳도 있을 것으로 예보했다.   기상청은 이날 오후 5시를 기해 동해 중부 먼바다에 내렸던 풍랑주의보를 해제했다.    [디지털뉴스국]      ☞ 조용히 사서 묻어놔라! 2月 정말 큰돈 된다! ☞ 지금 500만원 있으면, 조용히사둬라! 2월 정말 큰돈 된다! ☞ 매수하면 바로터질, 2월 최고종목 소개합니다!! ☞ 명절직후 무섭게 폭발할 10조원대 독점수혜주!!!      [ⓒ 매일경제 & mk.co.kr, 무단전재 및 재배포 금지]"
59,6,"2019-02-04","16:17:16","SK이노베이션, 실적 부진에도 850% 성과급 지급","- 작년 영업이익 34% 줄어든 2.1兆 - 포트폴리오 확장…딥체인지 성과 - 지난해 성과급 1000% 보단 줄어     자료=SK이노베이션  [이데일리 김미경 기자] SK이노베이션이 실적 부진에도 월 기본급의 850%에 해당하는 성과급을 지급한 것으로 알려졌다. 지난해 4분기 정제마진 급락 등 석유사업부문 악재에도 불구하고, 배터리 사업 등 SK그룹이 전사적으로 추구하는비즈니스모델(BM) 혁신 성과를 낸 점을 감안해 이 같은 수준의 성과급을 지급한 것으로 풀이된다.  4일 정유업계에 따르면 SK이노베이션은 지난달 31일 실적발표에 맞춰 월 기본급 850% 수준의 지난해 연말 성과급을 설 전에 지급했다. 다만 조직 및 개인 평가에 따라 차등 지급, 사원 월 기본급이 200만원 초반대인 점을 감안하면 전 직원에게 최소 2000만원 이상의 성과급이 지급된 것으로 추정된다.  2016년과 2017년 연말 성과급으로 1000%가 지급된 것에 비하면 줄어든 액수다. 이는 실적 악화에 따른 자연스러운 결과다.   SK이노베이션은지난해 영업이익이 2조1202억원으로 전년 대비 34.2% 줄었다. 당기순익은 1조6871억원으로 21.3% 줄었다. 매출액은 54조5108억원으로 18.1%늘었다. 2018년 4분기엔 글로벌 경기둔화와 유가 급락 여파로 2789억원 적자를 기록했다. 사업다각화에 집중했지만 4분기 석유시장 환경이 급변하면서 적자를 피하지 못했다.   SK이노베이션이 통 큰 성과급을 지급할 수 있었던 것은 실적 외에도 SK그룹이 전사적으로 추진하고 있는 딥체인지에서 성과가 나타났기 때문이라는 분석이다. 회사 관계자는 “딥체인지2.0의 강력한 추진에 따른 의미 있는 변화들이 있었다”며 “직원들의 많은 노력을 보상하는 차원”이라고 설명했다.  최태원 SK그룹 회장은 경영철칙으로 ‘딥체인지’(근본적인 변화)를 강조하고 있다. 이에 대한 구체적인 실행방안으로는 비즈니스 모델(BM)혁신을 주문하고 있다. 이에 따라 K이노베이션은 에너지 중심의 사업 포트폴리오를 고부가 화학과 배터리사업 등으로 확장, 미래 성장 동력을 키워왔다.  배터리사업을 포함한 화학, 윤활유, 석유개발, 소재사업 등 비정유부문이 2018년 연간 실적에서 차지하는 비중은 75.6%로 집계됐다. 배터리사업 영업손실이 증가했음에도 불구하고 주목할만한변화다.   회사 관계자는 “4분기 시황 악화로 석유사업이 적자를 기록했지만 비즈니스 모델 혁신에 힘입어 연간 실적 선방을 이뤄 낼 수 있었다”며 “배터리?소재 등 미래 성장 동력에 대한 적극적인 투자를 바탕으로 회사 수익 구조를 더욱 고도화 해 나갈 것”이라고 말했다.     ▶[무료추천] 개인정보 수집없는 카카오톡방 입장하기!  ▶ 하이스탁론, 선취수수료 없는 월 0.3%대 최저금리 상품 출시   ＜ⓒ종합 경제정보 미디어 이데일리 - 무단전재 & 재배포 금지＞    "
59,7,"2019-02-04","16:15:31","""부동산 안 산다""...매수지수 6년만에 최저","자료사진  최근 집값 하락과 거래 실종이 통계지표로도 나타나고 있다. 부동산 시장이 냉각되면서 부동산을 살려는 사람보다 팔려는 사람이 6년 만에 최고치를 기록하고 있다.  4일 KB부동산주간 주택시장 동향 조사결과에 따르면 1월 마지막주 기준 전국 아파트 매수우위지수는 26.1로 2013년 2월 셋째 주(25.3)이후 약 5년 11개월만에 최저치를 기록했다.  매도자와 매수자간의 우열을 나타내는 매수우위지수는 100보다 크면 매수자가 상대적으로 많다는 의미다. 100이하면 매도자가 많다는 뜻이다.  매수우위지수는 지난해 9월 10일까지만 하더라도 72.7이었으나 9·13대책 발표 후 지속해서 급락하고 있다. 특히 강남 11개구의 지수는 46.0으로 2016년 3월 21일(45.6) 수준으로 떨어졌다.  거래도 줄었다. 지난달 2~4주 전국 아파트 매매거래지수는 3.7로 2012년 8월 셋째 주(3.2) 이래 약 6년 반 만에 최저를 기록했다. 매매거래지수는 KB국민은행이 부동산 중개업체를대상으로 주택 거래의 빈도를 조사한 수치다. 0~200까지 거래의 활발함을 나타낸다. 특히 서울 매매거래지수는 1월 셋째 주에는 0.7로 거의바닥을 쳤다.  9·13대책의 영향으로 다주택자의 추가 대출이 사실상 불가능해졌고 앞서 양도세 중과, 보유세 인상 등의 조치가연이어 발생한 탓으로 풀이된다. hwlee@fnnews.com 이환주 기자  ▶▶2019년 상반기 ""정부정책"" 최대수혜주 TOP 10 긴급공개(바로확인) ▶▶[초대박종목 실시간 공유]◀◀ ""누적수익률 343.9%"" 공짜로 확인!!→<<즉시 무료발송!>>  [파이낸셜뉴스 주요뉴스]  → 65세 노인 시가 5억원 집 맡기면 주택연금 얼마나 받나 → 민주당 지지율 38.2%로 하락.. 한국당은 ""이럴 수가"" → 백두산 폭발? 산 주변서 일어나는 불길한 징조 → 가혹행위 숨기려 유서 불태운 막장 중대장.. 결국 → 심장에 박혔던 이쑤시개 발견.. 알고보니 4년 전에  ▶ 이 종목 하나면 억대계좌 달성가능!<3시간만 무료공개>  ▶▶[급등임박 공개]◀◀ 2019년 상반기 ""정부정책""수혜주 TOP 10 긴급공개 >>> (바로확인)  ※ 저작권자 ⓒ 파이낸셜뉴스. 무단 전재-재배포 금지 "
60,1,"2019-02-04","15:45:39","""초딩도 현금으론 안 받아요""…세뱃돈도 모바일 시대 열렸다","#. 이미애(가명/32) 씨는 설을 맞아 고향에 내려가 열 살난 조카에게 세뱃돈을 주려다 당황했다. 조카가 목에 걸고 있는 티머니카드를 내밀며 세뱃돈을 충전해주길 요청했기 때문이다. 이씨는 조카와 함께 인근 편의점을 찾아 티머니를 충전해줬다.    #. 올해 대학에 들어간 김지헌(19)씨는 카카오계좌를 개설하고 집안 어르신들께 간편계좌를 알려주느라 바빴다. 번거롭게 현금을 들고 다니기보다 언제든 결제가 간편한 카카오계좌를 통해 세뱃돈을 받기 위해서였다.    '세뱃돈=현금'이라는 공식이 깨지고 있다. 각종 결제 수단의 증가로 현금을 대신할 수 있는 세뱃돈이 크게 늘었기 때문이다.  통장을 개설한 미성년자의 경우 카카오머니나 토스로 세뱃돈을 이체받거나 아예 카카오 선물하기나 기프티콘 등 모바일 상품권으로 세뱃돈을대체해주길 원하는 경우가 늘고 있다.   4일 한국은행에 따르면 최근 현금 사용이 급감하면서 지난해 화폐제조 비용이 역대 최소 수준인 1104억원으로 줄어들었다.   지난해 화폐 발행추이에서도 현금 사용이 줄어든 수치를 가늠할 수 있다. 5만원권 발행액은 전년보다 2.2% 감소했다. 5만원권 발행액은 4년만에 감소세로 돌아섰다. 1만원권 발행액도 전년대비 20.4% 감소했다.   네이버페이, 카카오페이, 토스 등 간편결제 시장의 성장은 곳곳에서 감지되고 있다.   한국은행이 발표한 '2018년 상반기 중 지급결제동향'에 따르면 2018년 2분기 중 간편송금 서비스의 일평균 이용실적은 132만건, 911억원에 달했다. 금액만 놓고 보면 전분기 대비 19%나 증가한 수치다.   모바일 상품권도 증가세도 가파르다. 과학기술정보통신부에 따르면 모바일상품권 시장 규모는 지난 2017년 1조 2000억 원까지 성장했다. 2020년에는 2조원 규모로 커질 전망이다.   유현희 기자(yhh1209@etoday.co.kr)   [오늘의 핫클릭] ●독일 명품 '에어프라이어' 57%할인 '84,000 원' 판매! ●구리 신생아 RSV 추가 확진…2명 격리 치료 ●2월코스피 단기 조정 불가피…높아진 PER·중국 MSCI 변수 ●[단독] 디에스네트웍스, 토러스證 임직원 3개월 고용계약 강요 ‘논란’ ●명품 '금장퍼터' 71%할인 '99,000원' 선착순 20명!        Copyrightⓒ이투데이, All rights reserved. (무단 전재 및 재배포 금지)   프리미엄 경제신문 이투데이    "
60,2,"2019-02-04","15:45:13","여당 ""사법농단 연루 판사들 업무 배제해야""","[이데일리 유현욱 기자] 여당은 설 연휴인 4일에도 사법농단에 관여한 세력에 대해 압박을 이어갔다.  홍익표 더불어민주당 수석대변인은 4일 낸 서면 브리핑에서 “사법부 스스로 적극적인 적폐청산과 개혁조치를 통해 국민신뢰를 회복해야 한다”고 일갈했다.  홍 수석대변인은 “양승태 전 대법원장 하에서 이뤄진 사법농단에 직간접적으로 연루된 법관이 100여명에 달하고 이중 상당수가 여전히 법원 내 요직을 차지하고 있다”며 “사법농단으로 인해 실추된 사법부의 권위와 국민신뢰 회복을 위해서는 이들이 누구인지 국민에게 밝히고 이른 시일내에 이들을 재판업무에서 배제해야 한다”고 말했다.  그는 “사법권 독립이라는 미명 하에 사법농단 연루판사들이 자신들의 기득권과 지위를 유지하려는 움직임이 있다. (오히려) 사법농단의 실체를 처음 밝혔던 이탄희 판사가 사표를 제출했다”며 “진정 있어야 할 판사는떠나고 사라져야 할 판사들은 여전히 뒤에 숨은 채 자리를 보전하고 있다”고 지적했다.  홍 수석대변인은 “사법부가 적극적인 인적청산과 개선조치들을 제시해야 한다”며 “당 역시 탄핵과 함께 사법부의 개혁을 위한 법제도 개선방안 마련에 온 힘을 다하겠다”고 했다.  이를 위해 ‘사법농단세력 및 적폐 청산 대책위원회’를 구성하고 박주민 최고위원에 위원장을 맡겼다.     ▶[무료추천] 개인정보 수집없는 카카오톡방 입장하기!  ▶ 하이스탁론, 선취수수료 없는 월 0.3%대 최저금리 상품 출시   ＜ⓒ종합 경제정보 미디어 이데일리 - 무단전재 & 재배포 금지＞    "
60,3,"2019-02-04","15:45:02","中 ‘AI 감시 시스템’ 7년간 비리 공무원 8700명 적발","[이데일리 윤필호 기자] 중국 정부가 인공지능(AI) 감시 시스템으로 지난 7년간 8700명의 비리 공무원을 적발한 것으로 알려졌다.  4일(현지시간) 홍콩 사우스차이나모닝포스트(SCMP) 보도에 따르면 중국 정부는 지난 2012년 AI 기술을 이용해 공무원의 비리 행위를 감시하는 ‘제로 트러스트’(Zero Trust) 시스템을 도입했다.  시스템은 중국과학원이 개발했으며, 중국 중앙정부나 지방정부가 보유한 150가지 데이터베이스 시스템과 연동돼 공무원의 비리를 감시한다. 특정 공무원의 은행 계좌 잔액이 부자연스럽게 변동하거나, 공무원의 친구나 친척 이름으로 정부 계약에 응찰 등의 행위를 적발한다.  재산 이전, 토지 인수, 주택 철거 등의 행위에 연루될 경우에도 적발할 수 있다. 인공위성이 촬영한 사진 등을 분석해 도로나 교량 건설에 쓰여야 할 예산이 제대로 집행되지 않는 경우도 찾아낸다.  AI 시스템은 문제행위를 관련 사정 당국에 통보하고 사정 당국은 인력을 동원해 추가 조사에 나선다. 이를 통해 횡령, 권력 남용, 정실 인사 등의 비리가 적발된 비리 공무원은 7년간 8721명에 달했다.  다만 AI 시스템이 도입된 시(市), 현(縣) 등의 행정구역은 30여 곳으로, 중국 전체 행정구역의 1%에 불과하다.     ▶[무료추천] 개인정보 수집없는 카카오톡방 입장하기!  ▶ 하이스탁론, 선취수수료 없는 월 0.3%대 최저금리 상품 출시   ＜ⓒ종합 경제정보 미디어 이데일리 - 무단전재 & 재배포 금지＞    "
60,4,"2019-02-04","15:43:38","시진핑, 새해 인사…""탈빈곤·군사개혁·대국외교"" 강조","춘제(중국의 설)를 맞아 시진핑 중국 국가주석과 중국 최고 지도부가 지난 3일 대국민 단배식(단체 새해 인사)에서 탈빈곤과 대국외교를 강조했다고 중국공산당 기관지 인민일보가 4일 보도했다. 인민일보에 따르면, 시 주석은 단배식 연설에서 탈빈곤, 국방·군대 개혁심화, 중국 특색 대국관계, 전면적인 종엄치당(엄격한 당 관리) 등을 강조했다. 시주석은 ""우리는 지난 한 해 동안 분투했고, 수많은 어려움을 이겨냈다""면서 ""적지 않는 난관과 고난을 거쳐 왔다""고 말했다. 시 주석은 또 ""당과 국가사업 발전의 모든 성과가 인민에게 돌아가야 한다""며 ""인민에게 의지해야만 비로소 고난을 극복할 수 있고, 원대한 대업을 이룰 수 있다""면서 민생의 중요성을 강조했다. 시 주석은 아울러 ""당과 전군, 전국 각 민족이 중국공산당의 영도 아래 한마음 한뜻으로 앞으로나아가야 한다""면서 ""계속해서 세계 각국 국민과 한마음으로 인류 운명 공동체를 건설해야 한다""고 역설했다. 글로벌콘텐츠부  ▶▶2019년 상반기 ""정부정책"" 최대수혜주 TOP 10 긴급공개(바로확인) ▶▶[초대박종목 실시간 공유]◀◀ ""누적수익률 343.9%"" 공짜로 확인!!→<<즉시 무료발송!>>  [파이낸셜뉴스 주요뉴스]  → 65세 노인 시가 5억원 집 맡기면 주택연금 얼마나 받나 → 민주당 지지율 38.2%로 하락.. 한국당은 ""이럴 수가"" → 백두산 폭발? 산 주변서 일어나는 불길한징조 → 가혹행위 숨기려 유서 불태운 막장 중대장.. 결국 → 심장에 박혔던 이쑤시개 발견.. 알고보니 4년 전에  ▶ 이 종목 하나면 억대계좌 달성가능!<3시간만 무료공개>  ▶▶[급등임박 공개]◀◀ 2019년 상반기 ""정부정책""수혜주 TOP 10 긴급공개 >>> (바로확인)  ※ 저작권자 ⓒ 파이낸셜뉴스. 무단 전재-재배포 금지 "
60,5,"2019-02-04","15:43:03","시진핑의 새해 인사···""탈빈곤·군사개혁·대국외교"" 강조","중국 최대 명절인 춘제를 맞아 시진핑 중국 국가주석과 중국 최고 지도부가 3일 대국민 단배식(단체 새해 인사)을 했다.  4일 중국공산당 기관지 인민일보에 따르면 시 주석은 단배식 연설에서 “우리는 지난 한 해 동안 분투했고, 수많은 어려움을 이겨냈다”면서 “적지 않는 난관과 고난을 거쳐 왔다”고 말했다. 그러면서 탈빈곤, 국방·군대 개혁 심화, 중국 특색 대국관계, 전면적인 종엄치당(從嚴治黨·엄격한 당 관리) 등을 강조했다.  또 민생의 중요성을 강조하면서 “당과 국가사업 발전의 모든 성과가 인민에게 돌아가야 한다”며 “인민에게 의지해야만 비로소 고난을 극복할 수 있고, 원대한 대업을 이룰 수 있다”고 말했다.  그는 “춘제는 옛것과 이별하고 새것을 맞는 아름다운 절기”라며 “올해 중화인민공화국 건국 70주년을 맞아 새로운 여정에 들어섰고, 새로운 발전 기회와 새로운 도전이있을 수 있다”고 덧붙였다.  이날 단배식에는 시 주석을 비롯해 리커창 총리, 왕치산 국가부주석 등 중국 최고 지도부를 비롯해 2,000여 명의 각계인사가 참석했다. /연유진기자 economicus@sedaily.com    ▶▶ [TOP SECRET] 2019년 정부 정책 최대 수혜주 TOP 10 大공개! (바로 확인)  ▶▶ 매수하면 100%수익! 인생역전 가능한 종목! (막차 타실 분 클릭)  ▶▶ [증시 이벤트] 2月 상승유력 ""저평가 우량株"" 선착순 공개 [확인]    [ⓒ 서울경제, 무단 전재 및 재배포 금지]"
60,6,"2019-02-04","15:42:18","대만, `음주 사망사고에 고의살인죄 적용` 추진","작년 12월 한국에서 음주 운전자에 대한 처벌을 강화하는 '윤창호 법'이 시행되고 있는 가운데 대만도 연이은 음주운전 사고 방지를 위해 법률 개정을 추진 중이다.   4일 자유시보 등 대만언론에 따르면 대만 법무부는 음주운전 처벌 강화를 위해 음주운전 사망사고의 경우 고의적 살인죄에 준해 처벌하는 법률 개정을 검토하고 있다고 보도했다.   이어 법무부는 관련 부처와 같이 음주 운전자를 교도소에 수감해 교정치료 및 처벌, 지속적인 단속강화를 의논할 것이라고 부연했다.   아울러 교통부는 운전자가 음주 시 아예 시동을 걸 수 없도록 하는 '알코 가드(Alcoguard)'를 설치해 음주 운전을 막는 방안을 검토할 것이라고 밝혔다.   대만 내정부 경정서(警政署)의 통계에 따르면 지난해 음주운전 사망사고는 총 96건, 사망자는 100명으로 2017년에 비해 11건, 13명이 늘어났다.   대만의 현행 도로교통관리처벌조례에 따르면 음주운전은 최고 9만 대만달러(약 327만원)의 벌금을 부과하고 운전면허 정지 1년을 처분할 수있다. 또 사망이나 중상 등의 인명피해가 발생하면 운전면허가 취소되고 재취득을 할 수 없다.   5년 내 두 차례 이상의 음주운전 혹은 음주측정 거부 시에는 9만 대만달러의 벌금을 즉시 부과할 수 있다.    [디지털뉴스국]      ☞ 조용히 사서 묻어놔라! 2月 정말 큰돈 된다! ☞ 지금 500만원 있으면, 조용히사둬라! 2월 정말 큰돈 된다! ☞ 매수하면 바로터질, 2월 최고종목 소개합니다!! ☞ 명절직후 무섭게 폭발할 10조원대 독점수혜주!!!      [ⓒ 매일경제 & mk.co.kr, 무단전재 및 재배포 금지]"
60,7,"2019-02-04","15:40:00","호주 퀸즐랜드, 홍수로 '비상'…뱀과 악어까지 출몰","[시드니=뉴스핌] 권지언 특파원 = 호주 퀸즐랜드 북부 타운스빌 지역에 기록적인 홍수가 내리면서 2만 가구가 강제로 대피하는 한편, 길거리로 뱀과 악어들이 떠내려와 비상이 걸렸다.   홍수로 물에 잠긴 타운스빌의 한 주택가 [사진=로이터 뉴스핌]  4일(현지시각) CNN은 호주 현지 세븐뉴스(7News)를 인용, 타운스빌 대부분이 물에 잠겼으며, 전력이 끊기고 일부 주민들은 주택 지붕으로 대피해 구조를 요청했다고 전했다.  전날 내린 집중 호우로 퀸즐랜드 당국은 로스 리버 댐 수문을 열어 초당 약 1900 입방미터(약 50만갤런)의 물을 방출했다.  아나스타샤 팔라셰이 주 총리는 이번 폭우를 두고 “20년 만에 한 번이 아닌 10년에 한 번 있을 일”이라면서 앞으로 며칠 동안 폭우가 더 쏟아질 것이며 강풍도 불 예정이어서 안전에 유의해 달라고 당부했다.  호주 나인뉴스(9News)는 가뜩이나 주민들이 겁에 질려 집을 떠나고 있는데, 불어난 물에 휩쓸린 악어와 뱀들을 목격했다는 증언들도 쏟아지고 있어 비상이라고 전했다.  한 주민은 나인뉴스와의 인터뷰에서 전날 밤 아버지의 집 앞에서 “크기가 거의 1~2m 정도인 악어를 봤다”고 말했다.     kwonjiun@newspim.com 국지성 호우·홍수에 안전한 하천 만든다 필리핀 열대폭풍 홍수·산사태 사망자 85명으로 늘어 [사진] 호주 중앙은행 건물 지나가는 회사원 [줌인] 호주오픈 드라마... ‘강심장’ 오사카와 ‘기적의 재활’ 크비토바 [사진] 호주오픈 우승 트로피 들어올린 日 오사카 나오미 [사진] 조코비치, 나달 꺾고 ‘역대 최다’ 7번째 호주오픈 우승    ★오늘 사면 내일 상한가 터질 대박주100% 무료 공개! (선착순 5명)  ▶ 주식 자동프로그램으로""月300만원""버는 男화제  ★세력 입성 전, 집중공략! 20인의 전문가가 만장일치한급등 유력株 ""오늘""만 전격공개!"
