page,row,date,time,title,body
244,1,"2018-05-23","08:59:00","[아연] 톤당 3038.5달러…1.92%↓","[5월 핵심유망주]무료 청취 ☎ 1577-1114     [아이투자 이주현 연구원]런던금속거래소(LME) 기준 아연 현물 가격은 22일(현지시각) 전일 대비 1.92%(59.5달러) 내린 톤당 3038.5달러를 기록했다.         이 기사는 투자 참고용으로 이를 근거로 한 투자손실에 대해 책임을 지지 않습니다. 기사는 아이투자(www.itooza.com)가 제공한 것으로 저작권은 아이투자에 있습니다. 기사 내용 관련 문의는 아이투자로 문의하시기 바랍니다.    [포착] 내일 급등 유망주, 지금 알려드리고 있습니다.        "
244,2,"2018-05-23","08:59:00","[구리] 톤당 6931.5달러…1.03%↑","[5월 핵심유망주]무료 청취 ☎ 1577-1114     [아이투자 이주현 연구원]런던금속거래소(LME) 기준 구리 현물 가격은 22일(현지시각) 전일 대비 1.03%(70.5달러) 오른 톤당 6931.5달러를 기록했다.         이 기사는 투자 참고용으로 이를 근거로 한 투자손실에 대해 책임을 지지 않습니다. 기사는 아이투자(www.itooza.com)가 제공한 것으로 저작권은 아이투자에 있습니다. 기사 내용 관련 문의는 아이투자로 문의하시기 바랍니다.    [포착] 내일 급등 유망주, 지금 알려드리고 있습니다.        "
244,3,"2018-05-23","08:58:56","경기도, 워킹맘 고충 상담 '전문가 지원단' 운영","[수원=장충식 기자] 경기도는 워킹맘들의 눈높이에 맞는 다양한 고충상담을 위해 전문가 지원단을 구성해 운영한다고 23일 밝혔다. 이를 위해 경기도와 경기도경제과학진흥원은 총 8명의 ‘일가정양립 전문가 지원단’ 구성을 완료하고, 도내 워킹맘들의 직장 내 고민 상담이나경력(커리어)·마음·부모 코칭 등 4개 분야 집중 상담을 진행한다.  또 여성 인력에 대한 관심과 지원이 높은 기업이나 도내 희망 지역모임을 대상으로는 ‘찾아가는 멘토링 프로그램’도 실시한다. 강의 내용은 ‘맞벌이 부부로 살아가기’, ‘워킹맘들의 퇴근시간 후 활용법’ 등 맞춤형 주제로 5~10인 이내 소규모로 운영될 예정이다. 기업방문은 주로 점심시간을 이용하고, 지역모임은 아이돌봄 강사를 파견해 프로그램이 진행되는 동안 돌봄서비스를 병행해 참가자들이 안심하고 참여할 수 있도록 배려한다는 방침이다.  상담이나 참여를 원하는 워킹맘이나 기업은 전화, 온라인(네이버 카페 ‘워킹맘 정보창고’), 이메일, 카카오톡 오픈채팅 중에서 편리한 방법으로 신청하거나 상담 받으면 된다. 이와 더불어 직장맘을 위한 ‘토요 집중 코칭 프로그램’을 통해 5월과 9월, 12월에 일하는 여성으로서의 자존감을 높여줄 수 있는 다양한 주제의 코칭 프로그램도 시행한다. 이에 앞서 도가 워킹맘들을 대상으로 설문조사를 벌인 결과, 일가정 양립 확산을 위한 정책 1순위로 ‘여성의 경력 유지 및 지원정책’이 꼽혔다. 한편, 여성 고용안정을 위한 경기도의 정책이나 고민상담 방법, 신청 등에 관한 자세한 내용은 네이버 카페 ‘워킹맘 정보창고’를 참조하면 된다.  jjang@fnnews.com 장충식 기자  ▶'모멘텀 집중' 저가에서 매집해둬야 할 상반기 유망주 3선 (지금 확인)   [파이낸셜뉴스 주요뉴스]  → '공천갈등 진화' 나선 바른미래 지도부..살얼음판 여전 → 靑, 드루킹-'親文' 송인배 연루설에 '당혹'‥적극 해명 → 일주일 사이에 로또 1등 2번 당첨된 40대 남성 → 초등생 고속도 휴게소 방치 혐의 교사 벌금 800만원 → 심부전 위험 줄이려면, 일주일간 150분 운동하라  ▶ <긴급공개> 억대계좌 이종목에서 또 터진다!    ※ 저작권자 ⓒ 파이낸셜뉴스. 무단 전재-재배포 금지 "
244,4,"2018-05-23","08:58:50","삼정KPMG, ‘IFRS 16 도입 전략 세미나’ 개최","- 내년부터 ‘IFRS 16’ 의무적용 ... “항공사, 제조기업 등 기업 재무제표에 큰 변화 올 것” - 대부분리스거래 사용권자산 및 리스부채로 인식 ... 부채비율ㆍ영업손익 등에 영향  [헤럴드경제=김지헌 기자] 삼정KPMG(대표이사 김교태)가 오는 25일 롯데호텔서울 크리스탈볼룸에서 기업 담당자를 대상으로 ‘IFRS 16(새 리스기준서) 도입 전략 세미나’를개최한다고 23일 밝혔다.  현행 리스기준에서는 운용리스의 경우 전체 리스기간에 지급할 리스료를 리스부채로 인식하지 않고 발생시점에 비용처리를 하였다. 그러나 내년 1월부터 의무 적용되는 ‘새 리스기준서’가 도입되면, 리스 이용자는 대부분의 리스에 대해 전체 리스기간의 리스료를 사용권자산(리스자산)과 리스부채로 인식해야 한다.  IFRS 16은 항공사뿐만 아니라 전용선을 이용하는 기업, 사무실, 데이터센터를임대하는 기업 등 자산을 임대하여 사용하는 대부분의 기업들의 재무제표에 변화를 가져온다. 이러한 영향은 리스계약뿐만 아니라 장기운송계약 등에서 특정자산을 독점적으로 이용하는 경우에도 ‘새 리스기준서’에서 규정하는 리스계약의 정의에 해당한다면 관련 자산과부채를 인식해야 하기 때문에 많은 제조기업들에게도 영향을 미칠 것으로 예상된다.   이에, 삼정KPMG는 부채비율과 영업손익뿐만 아니라, 재무비율과 핵심성과지표(KPI), 차입약정, 법규상 요구지표, 나아가 리스정보관리와 IT시스템에도 변화를 가져 올 ‘‘IFRS 16(새 리스기준서)’에 대해 설명하고 실무적인 대응방안을 전하는 자리를 마련했다.  이번 세미나에서는 회계기준위원회 위원이자 회계기준원 새 리스기준서 정착지원 TF 위원장인 정석우 고려대학교 교수가 ‘IFRS 16 도입으로 인한 재무적 영향과 회사의 대응방안’에 대해 설명한다. 박은숙 삼정KPMG 품질관리실 이사는 ‘IFRS 16 기준에 대한 이해’를 주제로 발표한다.  IFRS 16 도입에 따른 ‘IT시스템 대응방안’은 정윤호 삼정KPMG 컨설팅본부 상무가 소개한다. 특히 자산의 이용과 관련된모든 계약서를 분석하여 리스정보를 추출하고, 새 리스회계처리를 수행할 수 있는 IT시스템을 갖추는 데에도 상당한 시간이 소요돼 실무적인어려움이 예상된다. 이어, 삼정KPMG의 각 산업별 회계감사 전문가들이 발표자로 나서 새 리스기준서 도입에 대한 산업별 영향과 함께 사례를중심으로 대응방안을 안내할 예정이다.  변영훈 삼정KPMG IFRS 16 TFT 리더는 “리스 이용자인 기업은 기존 운용리스에서 리스부채를 인식하지 않고 발생한 리스료만을 비용인식하는 혜택이 줄어들게 되는 만큼, 관련되는 거래에 대해 사전 검토하고 재무비율ㆍ영업손익 등 기업의 재무상황의 변화를 고려해 새로운 회계기준의 도입을 위한 준비가 필요하다”며, “급변하는 회계환경 속에서 새로운 회계기준의 철저한 도입준비는 기업 회계정보의 신뢰성과 기업 경영의 투명성을 인정 받을 수 있는 핵심적인 방법”이라고 전했다.  한편, 삼정KPMG IFRS 16 TFT는 새 리스기준서의 변화에 정확하고 빠르게 대응하고자 금융, 소비재(유통), 물류(운송, 해운, 항공 등), 에너지, 정보통신, 서비스 및 일반제조 등 각 산업별로 IFRS 16 도입 영향을 면밀히 분석하였고 글로벌 KPMG와 협력해 새 리스기준서의 예상 이슈 별 대응방안도 마련했다. 삼정KPMG IFRS 16 TFT는 여러 기업의 자문용역 경험을 바탕으로 IFRS 16 도입 관련 업무프로세스의 설계부터 구축 및 운영까지 원스탑 서비스를 제공하고 있다.  raw@heraldcorp.com   [프리미엄 링크] ◆ [평생무료] ""주식카톡방"" 대박주를 추천받는데 100원도 안낸다~ ◆ 무료O, 회원가입X. 바로보는 증권전문가의 실시간 라이브방송.  10%수익을 40%로 만들어 준다고?? 영웅스탁론이라면 가능~! [영웅스탁론]효과적인 레버리지를 이용하여 수익률을 4배로!!    이 종목 미리 알았더라면.. 화제의 급등주검색기 실전투자 300%비법 무료체험 3일신청시 [즉시공개!]    김태희, 로또 대박?! 20억 당첨금 공개..    테마주!외국인+기관 쌍끌이 매집중인 종목 전문가들도 탐내는 급등주 공식 무료배포! [클릭]    [오늘의 인기기사] ◆ [국대스탁론]업계 최저금리 2.29%! 100%한종목 투자가능+신용/ 미수 대환가능 ◆ [국민스탁론]저렴한 연2.7% 금리로 최대 4배 투자 가능 ◆ [마감임박] '급등주 문자메시지' 100% 무료로 받아보기! ◆ [상한가속출] ""깜짝놀랐다"" 카톡무료체험으로 3000만원 수익달성!  ◆[밴드스탁론] 연 2%대 금리, 신용 미수 대환 가능, 주식자금 전문 ☏ 1899-9044 ◆똑똑해진 소비자..한국도 이젠 소형차 시대 ◆2020년 한국 TV 2대중 1대 인터넷 연결된다"
244,5,"2018-05-23","08:58:47","삼성 파운드리 포럼 2018서 3나노 공정 로드맵 공개","정은승 삼성전자 파운드리사업부 사장이 파운드리 사업전략에 대해 발표하고 있다. 삼성전자가 3나노 파운드리(반도체 위탁생산) 공정 로드맵을 공개했다.  삼성전자는 22일(현지시간) 미국산타클라라 메리어트 호텔에서 '삼성 파운드리 포럼 2018'을 열었다. 이 자리에서 회사는 파운드리 사업전략과 첨단 공정 로드맵, 응용처별 솔루션에 대해 발표했다.  이 포럼 은 팹리스(반도체 설계회사) 업계 고객사, 파트너사, 애널리스트 등약 500명이 참석했다.  특히 삼성전자는 주력 양산 공정인 14·10나노 공정, 극좌외선(EUV)를 활용한 7·5·4나노 공정에서 새롭게 3나노 공정까지의 로드맵을 공개했다. 향후 광범위한 첨단 공정 개발과 설계 인프라, SAFE(Samsung Advanced Foundry Ecosystem)의 확장이 가능하다고 회사는 설명했다.  배영창 삼성전자 파운드리 사업부 전략마케팅팀장(부사장)은 ""지난 한 해, EUV 공정을 적용한 포트폴리오를 강화하는 데 주력해왔다""며 ""향후 GAA(Gate-All-Around) 구조를 차세대 공정에 적용해 단순히 기술 리더십을 선도할 뿐 아니라 좀 더 스마트하며 기기 간의 연결성을 강화한 새 시대를 열어갈 수 있을 것으로 본다""고 말했다.  삼성 파운드리 포럼 2018은 이번 미국 포럼을 시작으로 6월 중국 상하이, 7월 한국 서울, 9월 일본 도쿄, 10월 독일 뮌헨으로 이어질 예정이다. km@fnnews.com 김경민 기자  ▶'모멘텀 집중' 저가에서 매집해둬야 할 상반기 유망주 3선 (지금 확인)   [파이낸셜뉴스 주요뉴스]  → '공천갈등 진화' 나선 바른미래 지도부..살얼음판 여전 → 靑, 드루킹-'親文' 송인배 연루설에 '당혹'‥적극 해명 → 일주일 사이에 로또 1등 2번 당첨된 40대 남성 → 초등생 고속도 휴게소 방치 혐의 교사 벌금 800만원 → 심부전 위험 줄이려면, 일주일간 150분 운동하라  ▶ <긴급공개> 억대계좌 이종목에서 또 터진다!    ※ 저작권자 ⓒ 파이낸셜뉴스. 무단 전재-재배포 금지 "
244,6,"2018-05-23","08:58:24","SKC코오롱PI, 폴더블 스마트폰 수혜 가능성↑","[팍스넷데일리 고종민 기자] SKC코오롱PI가 폴더블 스마트폰 출시 수혜 가능성이 제기됐다.   삼성전자를 비롯해 주요 기업들이 올해 말 또는 내년 초 폴더블 스마트폰 시제품 출시를 할 것으로 예상되는 가운데 SKC코오롱PI는 플렉서블OLED 패널 하단의 PI베이스 필름을 공급할 전망이다.   하나금융투자 김현수 연구원은 23일 “베이스 필름 시장은 폴더블 스마트폰과 관련해 신규로 개화하는 시장 중에 가장 실적 가시성이 높을것”이라며 “일반적으로 신규 스마트폰 모델 부품 공급 스케줄에 선행해 관련 부품 업체들의 주가가 반응하는 만큼 지금이 매수 적기”라고말했다.   이어 “SKC코오롱PI의 목표주가와 투자의견은 각각 6만5000원과 매수를 유지한다”며 “목표주가는 올해 예상 주당순이익(EPS)에 목표 주가수익배율(PER) 42배를 적용(경쟁사 2017년 PER 평균)했다”고 설명했다.   SKC코오롱PI의 프리미엄 이유는 현재 실질 가동률 100%를 유지하고 있는 가운데, 추가 설비 투자와 실적 개선 모두 진행되고 있기 때문이다. 하나금융투자에 따르면 SKC코오롱PI는 전방산업의 가파른 확장 속에서 글로벌 PI필름 시장 점유율 1위를 유지하며(M/S 28%) 양산 라인 풀 가동이 1년 째 유지되고 있다.   현재 PI필름 생산능력(CAPA)은 최대 3300톤까지 생산 가능한 것으로 추정된다. 판가의 경우 모든 제품 가격을 전년 대비 10% 높이면서 전사제품 판매 단가는 kg당 8만2000원 수준까지 상승할 것으로 예상된다. 실질 CAPA 3300톤에 kg당 판가 8만2000원 가정하면 매출 2710억원 달성은 무난할 것으로 예상되는 상황이다. 아울러 향후 계획된 설비 투자와 신규 매출 제품군 확대가 프리미엄 요인으로 작용하고 있다.   고종민 기자 kjm@paxnet.kr    ●남북경협株 선취매 all 포착.. 실적 기반 차기 주도주 '바로' 이종목! (클릭) ●'부자네스탁론' 3년 고정금리 4.15% 100% 집중투자까지 ●'대박스탁론' 3년 고정금리 3.99% 100% 집중투자까지   퇴직 후 백만원으로 ""35억""번 60대男 화제! 60대 김모씨가 퇴직 후 하게 된""이것""이 35억의 대박을...    단돈 100만원만 있어도! 지금 바로 확인해라! 특히 이 종목은, 시장과 무관하게 매수 직후부터 바로 수익이...    <ⓒ세계를 보는 창 경제를 보는 눈, 아시아경제(www.asiae.co.kr) 무단전재 배포금지>"
244,7,"2018-05-23","08:58:11","와이제이엠게임즈, ‘오버턴 : 파이널 오퍼레이션’ VR카페 독점 서비스","[팍스넷데일리 공도윤 기자] 와이제이엠게임즈가 퍼블리싱하는 VR게임 ‘오버턴 : 파이널 오퍼레이션이 오프라인 VR카페에 독점 서비스를 개시했다.   ‘오버턴 : 파이널 오퍼레이션’은 스팀 VR차트 톱 셀러(Top Seller) 1위를 기록한 인기 게임 ‘오버턴’의 세계관에, 최대 4명까지 전세계플레이어들과 협력 플레이를 즐길 수 있는 멀티플레이 FPS VR게임이다. 이야기는 ‘오버턴’의 끝부분에서 시작되며, 몰려 오는 적들과, 모든 능력을 잃어 더 이상 싸울 수 없게 된 신비의 소녀 ‘마기’, 그런 그녀 앞에 정체를 알 수 없는 안드로이드들이 돌연 나타나, 적과 싸우게된다.   플레이어는 게임 속 안드로이드가 되어 동료들과 함께 ‘마기’를 보호하면서, 동료들과 함께 적들을 물리치며 탈출을 시도한다. 플레이 중에는 ‘마기’로부터 HP 물약, 연사 레이저 총, 보호막 등 유용한 아이템을 제공받아 사용할 수 있으며, 동료들과 음성채팅 기능으로 수시로 커뮤니케이션하며 게임을 진행하는 등 전략적인 플레이를 즐길 수 있다.   본 게임은 오프라인 VR카페 ‘ENTER VR’, ‘VRIZ VR’에서 플레이할 수 있다.   공도윤 기자 dygong@paxnet.kr    ●남북경협株 선취매 all 포착.. 실적 기반 차기 주도주 '바로' 이종목! (클릭) ●'부자네스탁론' 3년 고정금리 4.15% 100% 집중투자까지 ●'대박스탁론' 3년 고정금리 3.99% 100% 집중투자까지  [관련기사]  ☞ 와이제이엠게임즈, VR 게임 ‘오버턴’…삼성·MS와 협업 “오딧세이 기본 탑재”  ☞ 와이제이엠게임즈 VR게임 오버턴, HTC VIVE와 한정판 번들팩 출시    퇴직 후 백만원으로 ""35억""번 60대男 화제! 60대 김모씨가 퇴직 후 하게 된""이것""이 35억의 대박을...  단돈 100만원만 있어도! 지금 바로 확인해라! 특히 이 종목은, 시장과 무관하게 매수 직후부터 바로 수익이...    <ⓒ세계를 보는 창 경제를 보는 눈, 아시아경제(www.asiae.co.kr) 무단전재 배포금지>"
245,1,"2018-05-23","08:55:00","카카오스탁 누적 거래액 32조 돌파","국민 증권 앱으로 인기를 끌고 있는 소셜 트레이딩 1위 ‘카카오스탁’의 누적 거래액이 전년 동기 대비 2배 이상 높은 성장세를 기록해 눈길을 끈다.  카카오스탁을 운영중인 핀테크 전문기업 두나무(대표 이석우)는 올해 1월 말 기준 카카오스탁의 누적 거래액이 32조원을 기록, 전년 1월 말 누적 15조원 대비 2.16배 증가했다고 7일 밝혔다.  월간 거래액도 2.99배 상승한 것으로 나타났다. 올해 1월 한 달 간 카카오스탁에서 발생한 거래대금은 2조6390억원으로, 이는 지난해 1월 8824억원을 훌쩍 뛰어넘는 수치다.  일간 순 방문자수(DAU)와누적 다운로드 수 역시 각각 31만명, 225만9천건을 기록해 전년 동기 17만6천명, 164만7천건 대비 1.75배, 1.37배 상승한 것으로 조사됐다.  ▶주식투자자의 대세 어플 “카카오스탁” 다운로드 ==> 무료 투자정보 확인하기  이 같은 성과는 △지난 1년간 코스피 및 코스닥 지수의 높은 상승률과 그에 따른 주식 거래량 증가, △모바일 서비스에 익숙한 2030 세대의 투자 관심도 확대, △모바일 거래에 최적화 된 카카오스탁 앱의 편리함과 안정성 등에 따른 것으로 분석된다.  특히, 카카오스탁은 최근 한국거래소가 밝힌 전체 모바일거래시스템(MTS) 사용 증가량(코스피 시장 33.8%, 코스닥 시장 39.6%) 보다도 2.5~3배 이상 높은 급등세를 보인 것으로 나타나 앞으로의 성장성에 귀추가 주목된다.  이석우 두나무 대표는 “카카오스탁은 모바일 주식 거래에 최적화 된 서비스 환경 지원과 함께 철저한 보안 안정성과 맞춤 콘텐츠 제공 등으로 이용자 만족도를 높여 나가고 있다”며, “앞으로도 고도화 된 핀테크 기술을 바탕으로 대한민국은 물론, 세계 무대에서 모바일 주식 거래 플랫폼의 표준이 될 수 있도록 최선을 다할 것“이라고 전했다.  한편, 카카오스탁은 2014년 2월 탄생한 모바일 증권 앱으로, 국내 최초로 시도된 카카오톡과의 MTS(모바일 트레이딩 시스템) 연동, 11개 증권사를 아우르는 모바일 플랫폼 서비스를 선보이며 국내 MTS 시장에 새로운 화두를 던진 바 있다. 카카오스탁을   이용하면 고급 투자정보 확인은 물론, 실제 유저들의 투자결과를 기반으로 한 소셜 트레이딩 랭킹, 테마별토픽 등 다양한 주식 정보 등을 제공 받을 수 있다  ▶카카오스탁에서 최적의 매매타이밍 잡기 ==> 바로확인 ▶주식투자자의 대세 어플 “카카오스탁” 다운로드 ==> 무료 투자정보 확인하기  [카카오스탁 관심종목] 녹십자셀(031390), 유한양행(000100), 아미노로직스(074430), 에스맥(097780), 이에스브이(223310)      [본 글은 투자 참고용으로 이를 근거로 한 투자 손실에 대해 책임을 지지 않습니다. 해당 홍보용 기사는 이데일리와 무관합니다.]  ▶계좌회복프로젝트! 상위 전문가의 투자전략 및 추천종목‘[무료확인]’ ▶14년 연속 1위, 대한민국 대표 스탁론 하이스탁론 '    ' ＜ⓒ종합 경제정보 미디어 이데일리 - 무단전재 & 재배포 금지＞   "
245,2,"2018-05-23","08:54:26","광주은행, 지역어린이들과 멘토링 봉사활동 실시","@media all and (max-width: 400px) {img{max-width:340;height:auto;}}.dayTBL a:link {font-family: 돋움;font-size: 11px;line-height: 18px;color:#666666;text-decoration: none}.dayTBL a:visited {font-family: 돋움;font-size: 11px;line-height: 18px;color: #666666;text-decoration: none}.dayTBL a:hover {font-family: 돋움;font-size: 11px;line-height: 18px;color: #840000;text-decoration: none}.dayTBL nobr {width:85px; text-overflow:ellipsis; overflow:hidden; cursor:pointer; float:left}.todayBDb {border-bottom: #000000 0.5pt solid}.tblGrp{padding:0; border-spacing:0; border-collapse:collapse; border:0;vertical-align:top;width:279px}.tblGrp td{vertical-align:top}.dayTBL {width:93px; padding:0; border-spacing:0; border-collapse:collapse; vertical-align:top; border:0}.dayTBL td{font-size:12px; font-family:돋움; color:#333333;line-height:18px;padding:0}.divSch1{float:left}.divSch2{float:left}.tdSch{border: #E6E6E6 0.1pt solid;height:75;padding:0}.tdSchToday {border: #000000 1pt solid;height:75;background-color:#fffff0;padding:0}.tdSchTomorrow {border-left:0}.tdSchYesterday {border-right:0}.tdDate{background-color:#c8e7ff;height:10;text-align:center}.ad {text-align:center; font-size:8pt; font-family:돋움;line-height:1.2}.lg {margin-bottom:20px;}.title{font-size:15px;color:#203c76;font-weight:bold;margin-bottom:20px;}a,img {border:0; outline:none; selector-dummy:expression(this.hideFocus=true);}body,td,select,input,div,form,textarea,center,option,pre,blockquote {font-size:9pt; line-height:1.6; font-family:돋움;}table{border:0px;}r {display:none;}    제목 : 광주은행, 지역어린이들과 멘토링 봉사활동 실시   사진=광주은행.  [매일일보 복현명 기자] 광주은행은 지난 21일 광주은행 본점에서 지역아동센터 어린이 20명을 초청해 문화 체험 멘토링 봉사활동을 실시했다.  이날 봉사는 야외 체험과 문화 활동을 통한 어린들의 재능발굴과 사회성 증진  향상을 위래 마련됐으며 광주은행의 꾸준한 지원 사업으로 인연을 맺은 ‘희망이  꽃피는 공부방’의 어린이들과 함께 했다.  특히 희망이 꽃피는 공부방은 지역 아동들의 열악한 학습 환경을 개선해주는 봉사 프로그램으로 환경 개선이 일회성 지원으로 끝나지 않고 지속적으로 교류할 수 있도록 돕는다.  광주은행 관계자는 “소외된 지역 아동들에게 다양한 체험활동을 선사해 미래 사회의 꿈나무로 성장할 수 있도록 돕겠다”며 “기존에 진행하고 있는 봉사활동 외에도 다양한 봉사활동 프로그램을 준비해 광주·전남의 대표은행으로 사명감을 갖고 사회공헌 활동에 앞장서겠다”고 말했다.   해당 기사는 매일일보(www.m-i.kr)에서 제공한 것이며 저작권은 제공 매체에 있습니다. 기사 내용 관련 문의는 해당 언론사에 하시기 바랍니다.  ■[하이스탁론] 주식자금이 필요할 땐 ☎ 1599-6222 연 3% 업계 최저금리, 자기자본 포함 최대 4배, 연장수수료 無 주식 매도 없이 미수, 신용 대환/ 마이너스통장식 / 기대출자도 가능 ☞ 14년 연속 스탁론 점유율 1위, 노주현이 추천하는 [하이스탁론 바로가기]  ▶【급등임박株】 “정책+실적+수급분석 완료” 주도주 '2선' 추천받기  ◆""숨은 진주발굴"" 당뇨치료제 상용화 임박! <재료주공개>   [이슈&섹터 스케줄]    2018-05-21 - 독일 증시 휴장 - 여야, 특검·추경 동시 처리 예정 - 2018년 AfDB 연차총회 개최 예정   2018-05-22 - 석가탄신일 - 국내, 홍콩 증시 휴장 - 韓-美 정상회담   2018-05-23 - 월드IT쇼(WIS) 개최 - 2018 글로벌 액셀러레이터 컨퍼런스 & 데모데이 개최 - 폼페이오, 美 하원 청문회 출석 예정(현지시간)      2018-05-24 - 금융통화위원회 - 文 대통령, 정부 개헌안 국회 표결 예정 - 韓-中 산업장관 회의 개최 예정   2018-05-25 - 미국 제외 이란 핵 합의 당사국 이행 문제 논의 예정(현지시간) - 삼성전자, 갤럭시S9·S9+ 버건디레드 출시 예정 - 삼성바이오로직스 감리위 2차회의   2018-05-26 - 동원 보호예수 해제 - 오늘의 프로야구      Copyright ⓒ True&Live 증시뉴스 점유율1위, 인포스탁(www.infostock.co.kr) 인터넷신문(경기아51008)/무단전재 및 배포금지   본 뉴스(정보)는 해당종목의 매수/매도신호가 아니며, 이를 근거로행해진 거래에 대해 책임을 지지 않습니다."
245,3,"2018-05-23","08:54:24","“너희는 손실? 나는 매일 수익!” 수익의 중심, 무료주식카톡방","뛰어난 종목발굴로 여의도 증권가에서 경악을 금치 못하고 있는 주식카톡방 서비스가 있다고 하여 화제가 되고 있다.  이 주식카톡방은 회원들에게 무료추천해 준 종목들이 연이은 상한가를 기록하며 회원들의 칭찬을 아낌없이 받고 있다고 한다.  ▶ 정말 이런 대박주 추천해주는데 공짜야? 의심말고 바로입장! (바로가기)  이러한 높은 적중률에는 국내1위를 지키는 최정상 전문가들의 완벽한 종목분석 후, 추천이라는비결이 담겨있다. 이렇게 선정된 종목을 무료로 받아보는 방법은 매우 간단하다.  ▶ 회원님들의 계좌를 위해 좋은종목, 무료로 드립니다! (참여하기)  헤럴드증권방송 홈페이지에서 30여명의 전문가 중 원하는 전문가를 선택하여 신청만 하면 내 핸드폰으로 전문가와 만날 수 있는 카톡방주소가 도착한다.    ▶ 더 이상의 고민은 사치다! 후회말고 지금 바로 수익챙기자!  (바로가기)  물린종목도 많고, 손실도 많은 계좌를 가지고 있다면, 지금 바로 헤럴드증권방송의 무료카톡방을 이용하여 수익계좌를 가진 슈퍼매매자로 탈바꿈하길 바란다.  -최근 핫이슈 종목  우리종금 아모텍 국일제지 KEC 태양금속        윤병찬 기자 / yoon4698@heraldcorp.com    [프리미엄 링크] ◆ [평생무료] ""주식카톡방"" 대박주를 추천받는데 100원도 안낸다~ ◆ 무료O, 회원가입X. 바로보는 증권전문가의 실시간 라이브방송.  10%수익을 40%로 만들어 준다고?? 영웅스탁론이라면 가능~! [영웅스탁론]효과적인 레버리지를 이용하여 수익률을 4배로!!    이 종목 미리 알았더라면.. 화제의 급등주검색기 실전투자 300%비법 무료체험 3일신청시 [즉시공개!]    김태희, 로또 대박?! 20억 당첨금 공개..    테마주!외국인+기관 쌍끌이 매집중인 종목 전문가들도 탐내는 급등주 공식 무료배포! [클릭]    [오늘의 인기기사] ◆ [국대스탁론]업계 최저금리 2.29%! 100%한종목 투자가능+신용/ 미수 대환가능 ◆ [국민스탁론]저렴한 연2.7% 금리로 최대 4배 투자 가능 ◆ [마감임박] '급등주 문자메시지' 100% 무료로 받아보기! ◆ [상한가속출] ""깜짝놀랐다"" 카톡무료체험으로 3000만원 수익달성!  ◆[밴드스탁론] 연 2%대 금리, 신용 미수 대환 가능, 주식자금 전문 ☏ 1899-9044 ◆똑똑해진 소비자..한국도 이젠 소형차 시대 ◆2020년 한국 TV 2대중 1대 인터넷 연결된다"
245,4,"2018-05-23","08:54:00","SK텔레콤, 세계표준 ‘HD 맵’ 위한 '유럽·중국·일본 연합군' 결성","- 서울·파리·LA 연결하는 ‘자율주행용 지도’ 나온다 - 유럽 히어 · 중국 내브인포 · 일본 파이오니아와 제휴 - 2020년 글로벌 HD 맵 목표 - 5G망으로 실시간 업데이트 - 자율주행차 업체와 위치기반 서비스 업체에 ‘표준 HD맵’ 공급  [이데일리 김현아 기자]     SK텔레콤(017670)(대표이사 사장 박정호)이 유럽 · 중국 · 일본 초정밀 지도 대표 기업들과 세계 표준 HD맵 서비스 출시를 위한 「원맵 얼라이언스(OneMap Alliance)」를 결성했다.  「원맵 얼라이언스」에 참여한 기업은 한국 SK텔레콤 · 유럽 히어(HERE) · 중국 내브인포(NavInfo) · 일본 파이오니아(Pioneer) 등 4개 회사다.  ‘히어’는 대표적인 초정밀 지도 및 위치서비스 기업이다. 북미/유럽 등 전 세계 200 여개 국가에 내비게이션, 실시간 교통정보, 실내 지도를 제공한다. ‘내브인포’는 중국 대표 내비게이션용 지도회사다. ‘파이오니아’는 일본 대표 자동차 전장제품 업체로 자회사를 통해 고화질 지도 서비스를 제공 중이다.  파트너십에 따라 「원맵 얼라이언스」는 2020년까지 하나의 표준 기반으로 북미, 유럽, 아시아 HD맵을 제작한다. 추후 자율주행차 제조사와 위치기반 서비스 기업 등에 글로벌 표준 HD맵을 공급할 계획이다.  글로벌 표준 HD맵을 만들기 위해 SK텔레콤은 5G · 모바일 내비게이션 기술 · T맵 실시간 교통 정보 등 핵심 경쟁력과 인프라를 공유한다. ‘히어’는 HD맵 솔루션과 기술 표준을 제공한다. ‘내브인포’와 ‘파이오니아’는 자사가 보유하고 있는 중국 · 일본의 정밀 지도 정보를 공유한다.  ◇실시간 지도 업데이트 HD맵에 탑재..5G로 업로드  실시간 지도 업데이트 솔루션을 HD맵에 탑재할 예정이다. 이솔루션을 활용하면 서베이카는 물론 일반 자율주행 차량이 인식한 주변 사물의 변화를 실시간으로 5G 망을 통해 HD맵에 업로드 할 수 있다.  HD 맵은 기존 디지털 지도와 달리 센티미터 단위 정밀 측위 정보, 정교한 차선 정보, 주변 사물 · 가드레일 · 신호등 정보 등을 모두   담는다. 자율주행차는 이들 정보를 기반으로 실시간 주행 경로를 판단한다. HD 맵이 필수적인 자율주행 기술로 평가받는 이유이다.  ◇자율차 회사나 지도업체, 특정 국가의 지역HD맵 구매할 필요없어  「원맵 얼라이언스」 4社는 높은 품질과 범용성을 기반으로 글로벌 HD맵 시장을 본격 공략할 계획이다. 세계 대부분 지역에서 활용할 수 있기 때문에 특정 국가 또는 지역 HD맵을 별도 구매할 필요가 없다.  SK텔레콤 허일규 IoT/DATA 사업부장은 “실시간으로 주변 정보를 전달하는 5G와 경로 판단 기반이 되는 HD맵은 자율주행차의 핵심 기술”이라며, “HD맵과 연계한 차량 관제 · 스마트시티 등 서비스를 통합해 제공해 나갈 계획”이라고 밝혔다.  히어의 랄프 헤르트비히(Ralf Herrtwich) 부사장은 “자율주행차 업체들은 글로벌 시장을 고려해 글로벌 표준 HD맵을 원하고 있다”며, “「원맵 얼라이언스」의 HD맵을 통해 자율주행 업체들은 개별적으로 HD맵 구축하기 위한 비용과 시간을 절약할 수 있을 것”이라고 말했다.  ▶계좌회복프로젝트!상위 전문가의 투자전략 및 추천종목‘[무료확인]’ ▶14년 연속 1위, 대한민국 대표 스탁론 하이스탁론 '    ' ＜ⓒ종합 경제정보 미디어 이데일리 - 무단전재 & 재배포 금지＞   "
245,5,"2018-05-23","08:54:00","위메프, 포괄임금제 전격 폐지…“실질급여 상승 효과”","[서울=뉴스핌] 박준호 기자 = 위메프가 포괄임금제를 폐지한다. 주 40시간이라는 정해진 시간에 업무에 몰입하도록 하고 야근이나 휴일근무를 지양, 기존의 일하는 방식을 완전히 바꾸겠다는 의지다.  위메프는오는 7월부터 시행되는 근로시간 단축 제도의 본래 취지를 잘 살리는 동시에 임직원의 실질 급여 감소 등 부작용을 차단하기 위해 포괄임금제 폐지를 결정했다고 23일 밝혔다.  이번 포괄임금제 폐지는 6월부터 바로 적용된다. 위메프는 내부 캠페인 진행, 임직원 의견 취합 등을 거쳐 미흡한 부분을 보완할 예정이다.  위메프 관계자는 “24시간 운영되는 서비스 특성상 포괄임금제 폐지는 임금 상승 부담이 있지만 포괄임금제 유지가 근로시간 단축의 긍정적 취지와 상충되는 부분이 있어 과감히 현 제도를 폐지하는 게 바람직하다고 판단했다”고 폐지 배경을 설명했다.  포괄임금제는 근로형태나 업무 특성상 근무시간 산정이 어려운 직종을 대상으로 계산상 편의를 위해 연장·야간 근로등 예정돼 있는 시간 외 근로 시간을 미리 정한 후 매월 일정액을 급여에 포함시켜 지급하는 제도다. 하지만 일부 야근이 잦은 직종에서는 사실상 임금 제약, 장시간 근로 강제 등 악용의 여지가 있다는 지적이 있어 왔다.  ▶ [평생무료] 매일 실시간 방송♠국내 최정상 전문가의 종목 공개♠유료보다 더 좋은 무료 강좌 및 프리미엄전략! ☞[무료확인]  ▶ 국내최고 전문가 수익률대결종목! 실시간으로 알려드립니다※바로신청※  위메프가 이번 포괄임금제 폐지를 결정하며 심혈을 기울인 사안은 근로시간 단축 제도의 조기 정착과 함께 실질 급여 감소를 차단하는 것. 이를 위해 위메프는 기존 제도 폐지 후에도 시간 외 근로 수당을 포함한 기존 급여액과 동일한 수준의 급여를 지급한다. 또한 업무특성상 부득이하게 40시간 이상 초과 근무를 할 경우에도 이에 해당하는 초과수당은 별도로 지급한다.  아울러 업무시간 단축에 따른 시간당 업무량 증가는 신규인력 충원 및 주 40시간 내 업무시간에 역량을 집중할 수 있는 환경 조성을 병행해 해결한다는 방침이다.  실제로 위메프는 올해 상반기 80여명의 정규직 신입사원을 공개 채용했고 하반기에도 50명 이상의 신입사원을 채용할 계획이다. 전체 임직원 수도 지난해 말 기준 1485명에서 5월 현재 1637명으로 10% 이상 늘렸다.  위메프 하홍열 경영지원실장은 “근로시간 준수가 중장기적으로 회사와 구성원 모두에 도움이 된다고 판단해 포괄임금제 폐지를 과감히 결정했다”며 “앞으로도 직원들의 가정과 일의 조화를 위해 회사 차원의 지원을 아끼지 않을 것”이라고 말했다.   박은상 위메프 대표 <사진=위메프>  jun@newspim.com      ▶ 500만원으로 3억만들기 50번째 주인공 탄생! [확인]  좋은 상품 다 아는 곳! 안다쇼핑!  / 최저금리맞춤서비스 진행중 / 10분이면 4배자금가능 / 24시간 친절상담센터 1522-3233 / 씽크풀  충격! 여의도 세력들의 극비종목 무료 공개!"
245,6,"2018-05-23","08:54:00","[영상] 靑 ""6.12북미정상회담 이후 '남북미 3국 종전선언' 추진""","[워싱턴 로이터=뉴스핌] 홍형곤 기자 = 미국을 방문 중인  문재인 대통령은 22일(미국 현지시각) 트럼프 미국 대통령과 정상회담을 갖고 6월12일로 예정된 북미정상회담이 차질 없이 진행될 수 있도록 최선을 다하자는 데 의견을 모았다.  윤영찬 청와대 국민소통수석은 브리핑을 통해 ""양국 정상은 판문점 선언에서 남북이 합의했던 종전선언을 북미정상회담 이후 남북미 3국이 함께 선언하는 방안에 대해서도  의견을 교환했다""고 전했다.  ▶ [평생무료] 매일실시간 방송♠국내 최정상 전문가의 종목 공개♠유료보다 더 좋은 무료 강좌 및 프리미엄전략!☞[무료확인]  ▶ 국내최고 전문가 수익률대결종목! 실시간으로 알려드립니다※바로신청※     동영상 보러가기(클릭)   honghg0920@newspim.com [한미정상회담] 문대통령, 95분간 트럼프 의구심 해소에 안간힘..""김정은 북미정상회담 의지 의심할 필요없어"" [한미정상회담]트럼프 ""북미정상회담 6월에 안 열릴 수 있어..조건 충족돼야"" (종합) 트럼프 ""결국 남과 북이 하나의 한국으로 돌아가길 기대"" (속보) 트럼프 ""한, 중, 일 모두 북한 돕기 위해엄청난 재원을 마련하기로 약속"" (속보 ) 트럼프 ""북핵 비핵화 일괄 타결이 바람직..짧은 시간내 해결해야"" (속보)      ▶ 500만원으로 3억만들기 50번째 주인공 탄생! [확인]  좋은 상품 다 아는 곳! 안다쇼핑!  / 최저금리 맞춤서비스 진행중 / 10분이면 4배자금가능 / 24시간 친절상담센터 1522-3233 / 씽크풀  충격! 여의도 세력들의 극비종목 무료 공개!"
245,7,"2018-05-23","08:53:27","삼성전자, 파운드리 사업부 실적 개선 기대 - NH","삼성전자(005930)가 올해 파운드리 사업 실적 개선으로 새로운 성장 국면을 맞이할 전망이다.   NH투자증권은 23일 삼성전자에 대해 “파운드리 사업부가 향후 두각을 나타내며 새로운 성장 동력이 될 가능성이 높다”며 목표주가 7만원과 투자의견 ‘매수’를 유지한다고 밝혔다.   도현우 NH투자증권 연구원은 이 날 보고서를 통해 “삼성전자 파운드리 시장 점유율은 1위 업체 TSMC의 10분의 1 수준에 불과하지만 최근 공정 경쟁력이 상승하고 있고 생태계가 확충되고 있다”며 “파운드리 부문이 전사 실적에 차지하는 비중이 작지만 글로벌 관점에선 비메모리 반도체가 메모리 반도체보다 시장 규모가 훨씬 크다”고 설명했다. 그는 “삼성전자 파운드리약점이었던 소규모 고객에 대한 서비스가 강화되고 있다”며 “올해 하반기 7nm공정 양산을 시작하고 전세계 최초로 EUV 장비를 적용해 경쟁사 대비 원가 경쟁력이 뛰어날 것으로 전망한다”고 말했다.   /서지혜기자 wise@sedaily.com    ▶▶ 2018년 정부 정책 수혜주 TOP 10 大공개! (바로 확인)  ▶▶ 재료노출 임박한 상위1%의 극비정보 30명한정 공개(무료)    [ⓒ 서울경제, 무단 전재 및 재배포 금지]"
246,1,"2018-05-23","08:51:57","코디엠 ""페프로민바이오, 내년 임상승인 후 美 현지임상 속도""","[서울=뉴스핌] 김양섭 기자 = 바이오 플랫폼 기업인 코디엠이 투자한 ‘페프로민바이오(PeproMene Bio Inc.)’가 지난 21일 서울 삼성동 파르나스 호텔에서 과학기술자문(SAB) 회의를 개최했다.  이 날 SAB에서는 암면역학계의 세계적 권위자로 ‘2016년 호암의학상’을 수상한 래리 곽(Larry Kwak) 박사와 면역시스템 연구로 2011년 노벨 생리의학상을 받고, 현재 페프로민 바이오의 과학 고문을 담당하고 있는 면역학의 대가 ‘브루스 보이틀러(Bruce Beutler)’ 박사, 미국 시티오브호프(COH) 병원 종합 암센터 학장인 스티븐 T.로젠 박사를 비롯해 주요 주주 및 투자자 등 약 40여 명이 참석했다.  통상 미국 바이오 기업들의 SAB 가 과학기술 고문 및 최고 경영자들만 참여해 비공개로 이루어지는 반면, 코디엠은 미국 기업인 페프로민바이오에 익숙하지 않은 한국 투자자들을 고려해 주주총회와 유사한 방식으로 진행했다고 설명했다.  페프로민바이오는 이날 SAB를 통해 자사 파이프라인의 과학적 우수성과 시장 가능성에 대해 상세히 설명했다. 더불어 페프로민바이오가 도입할 신규 파이프라인과 임상 일정 등에 대해서도 언급했다.  페프로민 바이오의 가치가 매우 큰 이유는, 최근 암 치료 분야에서 가장 큰 화제인 차세대 면역항암제 ‘CAR-T(키메라 항체 수용체 T-세포)’ 치료제야 말로 암 환자에 맞춤형 치료를 제공할 수 있는 가장 효과적이고 안전한 방식이기 때문이다.  ‘페프로민 바이오’가 개발 중인 ‘CAR-T’ 치료제는 환자 본인의 면역세포(T세포)를 추출하여 유전공학적 기술을 통해 더 강한 면역세포로 만든 후 다시 환자에 주입함으로 암세포를 공격·사멸시킨다. 지난 2011년 만성 백혈병 환자 완치를 성공시키면서 세상에 이름을 알린 CAR-T 치료제는 새로운 암세포가 발생해도끝까지 암세포를 찾아서 파괴시킨다는 장점이 있어 현재까지 암 치료제 중 가장 진화한 형태로 평가되고 있다.  무엇보다 지난 해 3월미국에서 설립된 기업이지만 이미 4,000만 달러(약 423억원)의 투자금을 유치했을 정도로 주목받고 있다. 특히 코디엠은 지난 해 하반기 투자 검토를 시작으로 올 초까지 페프로민 바이오에 두 차례에 걸친 선제적 투자를 진행했다. 점점 커지는 CAR-T 치료제 시장의 비전을 일찌감치주목한 코디엠에 이어 바이넥스·메디포스트 등 유수 국내 바이오 기업들도 페프로민바이오와 투자 협약을 맺고 공동 연구개발에 뛰어들었다.  ▶ [평생무료] 매일 실시간 방송♠국내 최정상 전문가의 종목 공개♠유료보다 더 좋은 무료 강좌 및 프리미엄전략!☞[무료확인]  ▶ 국내최고 전문가 수익률대결종목! 실시간으로 알려드립니다※바로신청※  페프로민바이오는 연내 전임상 시험을 완료하고, ‘CAR-T’ 치료제에 대한 임상시험계획(IND) 승인을 거친 후 미국 현지 임상기간을 앞당기기 위해 속도를 낼 예정이다.  2020년 미국 임상을 책임질 로젠 박사는 시티오브호프의 경험을 통해 CAR-T 치료 시 나타날 수 있는 부작용을 최소화할 수 있다고 설명했다. 또 브루스 보이틀러 박사는 “환자의 선천적 면역성을 높여 면역항암제의 암 치료 효과를 확대하는 치료제를 개발 중”이라며 “향후 이분야에서 페프로민바이오, 코디엠 등 다양한 기업들과 협력할 수 있다”고 말했다.  이에 최근 총 350억원 규모의 바이오 신사업 자금을 대거 확보한 코디엠은, CAR-T 치료제가 이미 출시된 치료제들의 대안이자 효과가 높은 암 치료 접근법인 만큼, 앞으로도 페프로민바이오와같은 우량 바이오 기업에 대한 지속적인 R&D 투자를 통해 면역 항암제 시장의 새로운 가능성을 알린다는 각오다.  또한 코디엠은 지난해 사내이사로 영입한 북미지역 다국적 제약사 머크의 인수합병(M&A) 총괄 담당인 제임스 필립슨 수석 부사장과 함께 자사가 확보한 파이프라인을 성공적으로 라이선스 아웃하기 위해 총력을 기울일 예정이다.  코디엠 관계자는 “CAR-T 치료제는 이미 여러 다른 타입으로개발되는 등 글로벌 대형 제약사를 중심으로 폭발적인 집중을 받고 있다”며 “현재까지 투자를 마친 기업들뿐 아니라 향후 시장성 있는 기업들을 발굴해 글로벌 바이오 플랫폼 기업으로의 입지를 다지겠다”고 밝혔다.  ssup825@newspim.com      ▶ 500만원으로 3억만들기 50번째 주인공 탄생! [확인]  좋은 상품 다 아는 곳! 안다쇼핑!  / 최저금리 맞춤서비스 진행중 / 10분이면 4배자금가능 / 24 시간 친절상담센터 1522-3233 / 씽크풀  충격! 여의도 세력들의 극비종목 무료 공개!"
246,2,"2018-05-23","08:51:48","맥쿼리인프라 보유 민자도로 고액통행료 논란 재점화","민자도로의 최소수입보장제(Minimum Revenue Guarantee), 비싼 통행요금 등으로 논란의 중심에 섰던 맥쿼리가 또 다시 주목 받고 있다. 이번에는 맥쿼리한국인프라투융자회사(이하 맥쿼리인프라)의 고액 운용보수로 민자도로 통행료 정상화에 걸림돌이 되고 있다는 지적이다. 맥쿼리인프라는 한국거래소에 상장된 인프라펀드로 펀드 정관에 따라 맥쿼리자산운용에 의해 운용되며 맥쿼리자산운용에 매분기 운용보수를 지급한다.   22일 SBS의 취재에 따르면 전국 18개 주요민자도로 중 맥쿼리인프라가 보유한 5개 민자 유료도로의 통행요금은 재정도로 대비 1.92배로 타 13개 민자도로의 1.23배 대비해서도 지나치게 높은 수준이다.   이러한 고액의 요금에서 발생하는 이자와 배당수익중 약25%가 실제로는 주주들이 아닌 맥쿼리계열의 자산운용사에 보수로 지급돼 왔다.   한편 국토교통부는 논란이 일고 있는 고액통행료를 징수중인 민자도로에 대해 '동일서비스-동일요금제' 추진을 선언하고, 사업기간을 연장하고 요금을 인하하는 방식의 이른바 '재구조화'를 도입하기로 했다. 실제 올해 3월 국민연금이 대주주로 있는 서울외곽순환도로의 경우 사업기간을 20년 연장하고 요금을 33%인하하는 방식으로 재구조화를 단행했다.   그러나 서울-춘천고속도로, 천안-논산고속도로 등 맥쿼리가 대주주로 참여하고 있는 사업의 경우는 협상이 지지부진한 것으로 알려졌다.   업계 전문가는 ""맥쿼리자산운용의 운용보수는 투자금대비 3% 수준으로 통상 7~8%의 인프라 배당수익 대비 지나치게 높은 수준""이라며 ""맥쿼리자산운용입장에서는 연간 300억원에서 800억원에 이르는 고정비성 고액의 운용보수를 유지하기 위하여 통행료인하에 구조적으로 소극적일 수밖에 없다""고 지적했다.   김경율 경제개혁센터소장은 이와 관련, ""SBS와의 인터뷰에서 (맥쿼리자산운용이) 고정비로 많은 수수료를 가져가기 때문에 요금인하에 장벽으로 작용한다""며 ""정책적 대응이 필요하다""고 말했다.    [디지털뉴스국 이상규 기자]      ☞ 4,000% 산성앨엔에스 급등스토리 재현할 초대박 종목!!! ☞ 세계최초 신약개발! 돈벼락 맞은 이 종목을 주목해라!! ☞ 지금 사두면 큰돈 될! 2018년 Best종목! ☞ 5月반드시 주목해야될 종목!!      [ⓒ 매일경제 & mk.co.kr, 무단전재 및 재배포 금지]"
246,3,"2018-05-23","08:51:47","[외환-전망] 달러화 강세 둔화...달러/원 하락 압력 받을 듯","23일 서울환시에서 달러/원은 글로벌 달러화 약세 영향으로 제한적인 하락 압력을 받을 것으로 예상된다.   글로벌 달러화 가치지표인 달러인덱스가 최근 상승 랠리를 접은 가운데 주요 통화들이 가치 회복세에 나선 것에 동조하는 움직임이 유력하다.   달러/원은 지난 14일 1068.00원 종가를 기록한 후에 21일 1085.40원으로 급등해, 5거래일만에 레벨을 17원 가량 높였다. 미국 국채 금리 상승세에 연동됐던 글로벌 달러화 강세가 달러/원 환율의 최근 상승 흐름을 주도했다.   그런데 달러인덱스는 미국 국채 금리 하락과 미연준 5월 회의 의사록 대기에 따른 장내 관망세로 가치가 하락했다. 7거래일 만에 하락세로 전환된 것이다.   주요기관들은 글로벌달러화 강세가 한풀 꺾인 가운데 수급상 네고물량 우위로 달러/원이 하락 압력을 받을 것으로 내다봤다.   삼성선물은 ""미국채금리 상승과 강달러가 진정세를 나타내며 달러/원 환율도 상승세가 진정될 듯 하다""며 ""지난 월요일 거래가 제한되며 1080원대도 매물 부담이 크지 않았는데 매물 소화가 상당히 진행된 것인지 업체들의 부재 탓인지 향후 지켜볼 필요가 있다""고 분석했다.   전승지 삼성선물 연구원은 ""문재인 대통령이 방미를 마친 가운데 남북 고위급 회담 등이 예정돼 있어 대북 이슈에 시장이 주목할듯 하다""면서 ""이날 아시아 환시 움직임을 주목하며 1070원대 중후반 중심 등락할 것""으로 예상했다.   우리은행은 영국 파운드화 강세로 미 달러화 강세가 주춤할 수 있다는 것에 주목했다.   민경원 우리은행 이코노미스트는 ""마크 카니 총재의 매파적 발언이 경기 둔화 우려로 통화정책 정상화 경로에서 일시 이탈했던 BOE의 귀환을 암시했다""며 ""이는 미연준의 나홀로 긴축에 기댄 강달러 압력을 완화시키는 요인이 됐다""고 관측했다.   그는 ""역내에선 징검다리 연휴로 부재했던 수출 네고가 뒤늦게 환율 하락을 좇아 유입될 가능성이 농후하다""며 ""다만 북미정상회담을 앞두고 이상 기류가 관찰되면서 지정학 리스크 경계 심리가 상존하는 것은 하방 경직 요인이 될 수 있다""고 전망했다.   우리은행은 달러/원이 갭다운 개장한 후, 외국인 자금 및 아시아 환시 동향에 주목하면서 수급상 네고 우위, 롱스탑 물량 주도하에 제한적 하락 압력이 우위에 설 것으로 내다봤다.   kmkim@fnnews.com 김경목 기자  ▶'모멘텀 집중' 저가에서 매집해둬야 할 상반기 유망주 3선 (지금 확인)   [파이낸셜뉴스 주요뉴스]  → '공천갈등 진화' 나선 바른미래 지도부..살얼음판 여전 → 靑, 드루킹-'親文' 송인배 연루설에 '당혹'‥적극 해명 → 일주일 사이에 로또 1등 2번 당첨된 40대 남성 → 초등생 고속도 휴게소 방치 혐의 교사 벌금 800만원 → 심부전 위험 줄이려면, 일주일간 150분 운동하라  ▶ <긴급공개> 억대계좌 이종목에서 또 터진다!    ※ 저작권자 ⓒ 파이낸셜뉴스. 무단 전재-재배포 금지 "
246,4,"2018-05-23","08:51:27","[#그녀의_창업을_응원해] 잘 나가는 대기업 그만 두고 모바일 영어 교육에 뛰어든 사","강원도에서 태어나 중고등학교 시절까지 보냈다. 서울로 대학 진학을 한 후엔 고향을 떠났다. 사교육의 수혜를 거의 받지 않았지만 오히려 적극적으로 학업에 몰입하게 했던 이유가 됐다고 한다. 홈쇼핑업체와 인터넷 포털업체에서 직장 생활을 하면서 남들보다 짜임새 있게 업무를 처리하는 스킬, 조직을 관리하고 상대방을 설득하는 기술, 원만한 커뮤니케이션 능력 등을 익혔다.그러다 지난 2008년 인생의 전환기를 맞이하게 된다. 미국 여행길에서 20년 넘게 배운 영어가 아무런 쓸모가 없다는 사실을 깨닫게 된 것. 자신처럼 쓰라린 좌절을 경험했던 이들에게 쉽고 편하게 현지인과 소통할 수 있게 돕고 싶었다. 심여린(37) 스터디맥스 대표가 모바일 영어 교육 사업에 뛰어든 이유다.  ◇나만의 방식으로 해법을 찾다   평생 농업에 종사해 온 부친 밑에서 3남매 중 맏딸로 성장했다. 동생들을 챙기느라 맏이한테 신경을 쓸 여유가 없었던 어머니를 헤아려 스스로 챙기고, 해결했던 독립적인 아이였다. 그늘진 구석은 찾기 힘든쾌활한 성격 덕분에 또래 사이에서 인기가 많았고, 자연스럽게 반장, 부반장을 도맡아 하면서 리더십을 키웠다.  혼자 있을 때는 스케치북을 펴 놓고 그림을 그리곤 했다. 머릿속에서 상상하던 것이 손 끝에서 선과 색으로 나타나는 것을 보면 희열을 느끼곤 했다. 공부도 곧잘 했는데, 여학생들이 어렵게 여기는 수학에서 남다른 재능을 보였다.   “수학이 다른 과목과 다른 점은 정답을 찾아가는 과정이 하나만이 아니라는 거죠. 나만의 방식으로 풀어서 정답을 맞췄을 땐 정말 기뻐요. 모범 답안지에 있는 풀이보다 내가 더 잘 풀었을 때 느끼는 희열은 말로 표현할 수 없을 정도죠.”  여고 2학년 때 대학 전공을 놓고 진지하게 고민했다. 미술을 좋아하고 수학도 곧잘 하니 건축학과에 도전하고 싶었다. 하지만 여학생이 건축을 선택하면 힘들다며 만류하는 이들이 많았다. 디자인도 할 수 있고, 공학 이론을 접목할 수 있는 의류학과가 눈에 들어왔다. 서울대 의류학과 99학번으로 새내기 생활을 시작했다.  대치동이나 목동처럼 사교육의 수혜를 받지 못한 환경에서 특별한 성적을 유지했던 비결이 궁금했다. 심 대표는 ‘궁하면 통한다’고 답했다.  “과외 교사나 유명 학원 같은 사교육시스템이 부족하니까 스스로 해결해야 한다는 생각이 어릴 적부터 자리 잡았던 것 같아요. 부모님도 공부하라는 말씀을 하신 적이 없이 시간배분을 자식들한테 온전히 맡겨 놓는 편이셨죠. 그래서 놀 때는 놀고, 공부할 때는 공부하는 게 몸에 밴 것 같아요. 누군가가 하라고 해서 하는 공부가 아닌, 내가 해야겠다고 판단해서 하는 공부니까 당연히 능동적일 수 밖에 없구요.”  이러한 성향은 고도의 문제해결능력을요구하는 수학에서 더욱 빛을 발했다. 무난히 대학에 진학했을 뿐만 아니라 대학 시절 내내 수학 과외가 떨어지지 않을 정도로 과외 교사로도 인기가 높았다.  ◇벤처 붐의 한복판에 있었던 대학 시절  그녀의 대학 시절은 벤처 붐이 일었던 시기이기도 하다. 네이버 창업자 이해진 의장은 서울대 컴퓨터공학과 86학번, 김범수 카카오 의장은 서울대 산업공학과 86학번 출신으로, 이들이 창업에 나서며 국내 정보기술(IT) 산업의 변혁기가 가시화되고 있을 때다. 국내 주요 대학에서도 각종 벤처동아리가 생겨나면서 창업의 열망을 품은 젊은이들이 삼삼오오 모여 사업 아이템을 놓고 열띤 토론을 벌였다.   동시대의 변화를 온 몸으로 느꼈던 심 대표 역시 경영을 복수 전공하며 ‘서울대학생벤처네트워크’라는 이름의 벤처동아리에서 활동했다. 심 대표의 남편이자 인터넷 수능강의업체 이투스를 창업한 이비호 대표, 게임빌의송병준 대표 등이 함께 했던 동아리 멤버들이다.   “경영학을 복수 전공한 것이나 벤처동아리에 들어간 건 의류와 관련된 세일즈를 하면 재미 있겠다는 막연한 생각에서였습니다. 말이 벤처동아리지 지금처럼 체계화된 커리큘럼이 있었던 것도 아니고 사업적인 시도가 있었던것도 아니었어요. 이런 사업을 하면 어떨까 하는 아이디어 교류 차원이었지요. 하지만 당시 우리 세대가 아날로그와 디지털이 결합됐던 환경에 있었던 만큼 벤처라는 생태계에서 조금씩 싹을 틔웠던 게 아닌가 싶습니다.”  졸업 시즌이 되자 컨설팅이나 은행 등 연봉이 높은직장을 선택하는 친구들도 있고, 행정고시를 준비하며 공무원의 꿈을 꾸는 친구들도 있었다. 심 대표는 막연히 의류와 정보기술(IT)을 접목한 일이면 좋겠다는 생각을 갖고 있었다.  심 대표는 자신의 판단대로 CJ그룹 공채로 입사해 CJ오쇼핑(당시 CJ홈쇼핑) MD로 들어갔다. 2003년 12월, 처음으로 사회에 발을 내딛었다. 그는 “CJ오쇼핑이 큰 회사는 아니었지만, TV 채널이 아닌 인터넷 사업부에 관심이 있었고 앞으로 엄청나게 성장할 이커머스를 개척하고 싶었다”고 말했다.  ◇닥치면 무조건 했다. 그래서 해냈다    입사 1년 차, 막내 사원인 그에게 중요한 업무는 주어지지 않은 채 업무 보조를 하면서 하루하루 지나갔다. 그러던 어느 날보석시계 카테고리가 그녀에게 배정됐다. 상대적으로 매출이 약한 곳이었다. 어떻게 하면 제대로 띄울 수 있을까 몇날며칠을 고민하던 그는연예인 파파라치를 내세운 방송을 기획했다.   그는 “당시만 해도 보석시계 매출이 많지 않아서 홈쇼핑 카테고리에서는 주목을 받지못했다”며 “어떻게 하면 잘 팔 수 있을까 고민했는데, 머리맡에 메모지를 두고 자다가 아이디어가 생각나면 메모를 하곤 했다”고 말했다.  지금은 유명 연예인들이 제품을 시연하는 모습이 홈쇼핑을 통해 노출되는 일이 많지만 당시만 해도 쇼호스트가 제품 특징을 설명하는수준에 그칠 뿐 몸값 비싼 연예인을 활용한다는 건 상상도 못했다. 보석이라는 아이템 자체가 화려한 소비재인 만큼 돋보이고 싶은 소비 심리를 자극할 수 있는 방식을 고민했다. 그러한 고민의 결과가 연예인 파파라치였던 것이다. 당시 핫한 스타였던 변정수, 정려원, 정지영 씨 등이 길거리에서 보석을 착용하고 있는 모습을 자연스럽게 연출해 방송을 통해 내보내는 방식이었다. 결과는 기대 이상이었다. 방송이 히트 친것은 물론 이후 홈쇼핑에서 스타 마케팅을 하는 계기가 됐다.   당시만 해도 MD 연봉은 2,000만원 수준으로 업무 부담에 비해서는 결코 많은 금액이 아니었다. 하지만 그는 직업이 갖고 있는 자율성과 창의성에 큰 매력을 느꼈다고 한다.   “MD라는 직업은 처음부터 내가 상품을 기획하고 소싱하며 매출을 내는 모든 과정을 책임지게 됩니다. 마치 내 사업처럼 전적으로 내 책임과 내 판단 하에서 이뤄지게 되지요.”  그녀는 태스크포스(TF)에 차출됐던 일이 잦았던 것도 돌이켜보면 큰 자산이 됐다는 말을 덧붙였다. “시스템 개발을 위해 각 팀에서 인력이 차출될 때 막내라는 이유로, 혹은 발 빠르게 일을 진행한다는 이유로 선택되곤 했습니다. 내가 진행해야 하는 고정적인 일은 그대로인데, 새로운 일까지 떠맡으니 힘들 때도 많았지만, 오히려 그러한 과정에서 많이 배웠던 것 같아요. 기술팀이나 서비스팀 등 다른 팀에서 어떻게 생각하고 접근하는지, 서로간에 다른 의견을 어떻게 조율하는지 등등을 다양한 부서의 사람들을 한 자리에서 만나서 겪을 수 있으니까요. 그래서 저는 지금도 아끼는 후배한테는 TF팀에 차출되면 불만을 갖지 말고 오히려 적극적으로 임하라고 조언하곤 합니다. 일이 있으면 닥치는 대로 하라는 겁니다. 그러면 본인한테 어떤 형태로는 남는다는 거죠.”  이커머스에서 돈을 버는 방식은 제품을 직접 판매해 수익을 얻는 구조다. 심 대표는 광고를 통해 돈을 버는 채널에 대해서도 직접 경험하고 싶었다. 2006년까지 일하다가 네이버(당시 NHN)로 옮겼다. 디스플레이 광고(DA)를 주로 다루는 비즈니스 플랫폼 파트였다. 이번에는 자신이 계획한 플랜의 일환이었다.  “직장 생활을 시작했을 때 10년 후에는 내 사업을 해야겠다고 결심했었죠. 10년 후 내 사업을 할거면 이커머스 뿐만 아니라 DA 파트도 직접 익혀야 한다고 생각했습니다. 그로부터 3년간 죽어라 일을 했습니다. 최선을 다해 일을 한다는 건 회사에만 도움이 되는 게 아니라 나만의 커리어를 쌓는 데도 큰 힘이 된다고 봅니다. 내 플랜을 위해 전진하는 과정인 만큼 직장 생활의 하루하루가 무척이나 소중한 시간입니다. 직장 생활 6년 동안 하루도 허투루 쓰지 않겠다고 굳게 결심하고 열심히 살았죠.”  ◇20년간 배운 영어가 아무 소용이 없었다?    2006년 결혼한 심 대표는 지금은 초등학교 4년 아들과 6살짜리 딸을 두고 있다. 2008년 회사를 그만 두고 경영전문대학원(MBA) 진학을 위해 미국으로 건너갔다. 인생의 전환점은 미국 공항의 입국 심사대에서 찾아왔다.  수학 못지 않게 영어를 좋아했고, 대학 시절 영어학원도 숱하게 다녔던 만큼 영어 회화만큼은 남들 못지 않을 거라 내심 자신했다. 하지만 미국 입국 심사대부터 말이 막혔다. 심사원이 무슨 말을 하는지 제대로 들리지 않았던 것이다.   “우리가 학교 다니면서, 학원 다니면서 배웠던 영어는 아나운서처럼 공식화된 발음인데, 실제로 부딪혀보면 일반인들이 쓰는 단어, 일반인들이 쓰는 액센트가 따로 있었어요. 더구나 우리는 시험 위주의 영어에 익숙했던 세대였죠. 원어민 친구들과 만나 얼굴을 마주하고 얘기를 하니까 그들의 입 모양이 보이더군요. 그 입 모양을 보고 발음을 따라서 해보니 조금씩 입도 열리고, 귀도 열리는 거에요. 일반인의 영어를 배운 경험이 정말 부족했다는 깨달음을 얻었고, 바로 이 지점이 내가 도전해야 할 파트라고 여겼죠.”  ◇스피킹맥스, 닻을 올리다  심 대표는 유학보다는 미국 현지인들과 어울리며 따라 하는 회화 공부에몰두했다. 그렇게 며칠이 지나자 어렵게만 생각했던 영어 회화가 편해졌다. 이 때부터 심 대표는 미국 현지인들의 다양한 대화 장면을 녹화하기 시작했다. 용감하게 현지인을 섭외해 녹화했던 수많은 자료가 현재의 스피킹맥스의 데이터베이스가 됐다.   2008년 7월 ‘스픽케어(현재의 스터디맥스)’라는 이름으로 회사를 세웠다. 미국 현지에 거주하는 고학력 미국인과의 1대1 첨삭지도 서비스인 ‘스픽케어(SPEAKCARE ·2010년)’를 시작으로 대중적인 영어회화 프로그램 ‘스피킹맥스(SPEAKINGMAX·2011년)’, 영단어 학습프로그램 ‘맥스보카(MAXVOCA·2014 년)’, 중국어 학습프로그램 ‘차이나맥스(CHINAMAX·2016년)’를 잇달아 출시했다. ‘스터디맥스’란 학습자에 내재된 학습 능력을 최대한끌어내자는 의미를 담고 있다. 지난 2011년 매출액 20억원에서 2015년에는 85억원, 2016년 142억원, 지난해에는 153억원을 달성할 만큼 선풍적인 인기를 끌고 있다.   이처럼 폭발적인 반응을 불러 일으킨 비결은 무엇일까.   “우리가 영어를 학습하는 방식은 어려운 문법부터 배우는 암기식 교육입니다. 이게 회화의 장벽을 높인 주범이었죠. 젊은 층 패턴에 맞춰 스마트폰과 태블릿을 이용한 것도 회원 확보에 큰 도움이 됐다는 평가입니다. 스마트 기기에 익숙한 젊은이들은 장소나 시간과 상관없이 영어를 접하고 공부할 수 있게 됐으니까요.”  모바일 영어 교육 업체는 수 백 곳에 달한다. 심 대표는 꾸준한 자료 업데이트가 스피킹맥스의 중요한 경쟁력이라고 보고 있다. 실제로 스피킹맥스는 5월 현재 66만명의 회원을 확보하며 가시적인 성과를 내고 있다. 이러한 성과를 위해 직원들은 해외에 상당 시간 머물며 현지인들의 대화를 촬영하고 있다. 기존 영상을 재활용하는 게 아닌 새로운 동영상 자료를 고객에게 선보이는 것이다. 동부와 서부, 남부 지역의 미세한 차이를 고려해 지역별로 다른 억양을 접할 수 있다는 점도 매력 포인트다.   ◇게임을 하듯 즐기는 영어 왕국이 탄생하기까지    요즘 심 대표가 가장 심혈을 기울이는 서비스는 온라인 게임에 영어 학습을 접목한 ‘스피킹덤’이다. 이는 아이들에게 호기심과 흥미를 유발하는 캐릭터 시뮬레이션 게임 형식의 온라인 영어 학습 서비스다. 컴퓨터나 스마트폰, 태블릿PC 등 인터넷만 연결되면 언제 어디서든 게임을 하듯 영어를 배울 수 있다.   그런데 스피킹덤이 세상의 빛을 보기까지 5년이란 시간이 걸렸다. 왜일까. 여기에는 심 대표의 교육 철학이 중요한 역할을 한다.  심 대표는 두 자녀를 영어 학원에 보낸 적이 없다. 획일적인 학원 수업이 오히려 영어에 대한 관심과 흥미를 잃게 할 수 있기 때문이다. 대신 아이가 어릴 때부터 책을 많이 읽어줬다.   “아이가 책과 친해져야 합니다. 큰 아이가 여섯 살이 되면서부터 한글책이든 영어책이든 스토리 위주의 책을 많이 읽어줬습니다. 그러면서 아이가 무엇에 반응하고, 어떤 것을 좋아하고 싫어하는지 파악했어요. 아이의 취향과 성향, 습성 등을 정확히 파악하고 아이의 성향에 맞게 아이가 좋아하는 책을 읽어줬습니다.”  직장 생활, 그것도 스타트업 대표가 매일 아이에게 책을 읽어주기 위해 시간을 투자하는 건 절대로 쉬운일이 아니다. 하지만 심 대표는 아이에게 책을 읽어주는 일정만큼은 최우선 순위에 놓고 배정했다. 아이가 초등학교에 입학하자 기존 학원 방식과는 다른 영어 학습법을 고민하다가 직접 만들기로 결심했다. 성인용 회화 서비스인 ‘스피킹맥스’처럼 아이들도 게임을 하듯 ‘즐기는’ 영어 학습이라면 통할 거라고 확신했던 것이다.  “영어를 ‘공부’나 ‘학습’의 도구가 아닌, ‘재미’나 놀이‘의 공간으로 만들고 싶었습니다. 초등생 영어는 무조건 재미 있어야 하고, 아이 혼자서 스스로 할 수 있을 만큼 간결해야 되니 온라인 게임 형식으로 만들기로한 거죠.”  그런 생각을 가졌던 게 2012년 초였고 공식 서비스 출시가 2017년 8월이었으니, 영어학습서비스를 개발하는데 꼬박 5년이걸린 셈이다. 심 대표는 “프로그램 개발이 어려워서가 아니라, 초등생의 시선에 맞추면서 흥미를 잃지 않을 구성으로 다듬는 과정이 오래 걸렸다”며 “테스터를 자처한 아이들의 반응과 태도를 살피며 이를 다시 반영하는 과정을 수백 번 거쳤다”고 말했다.  스피킹덤은 스토리를 토대로 말하기 중심의 게임적 요소를 강조하는 동시에 원어민의 생생한 발음과 억양을 접하는 데 중점을 뒀다. 직원들이 미국을 오가며100명 이상의 현지인을 만나 그들의 발음으로 500여 개의 스토리를 하나하나 녹음했다. 이렇게 촬영한 영상 자료를 모두 각색, 편집해 캐릭터 이미지 및 애니메이션과 함께 재구성했다. 저사양 PC나 스마트폰, 태블릿PC에서도 큰 무리 없이 실행되도록, 스터디맥스 자체 영상압축 기술을 통한 최적화 작업도 거쳤다.  스피킹덤 에피소드 한 개의 학습 분량은 30분 내외에 불과하다. 일반 초등학생이 특정 콘텐츠에 집중할 수 있는 한계 시간을 고려한 분량이다. 하루에 한두 에피소드를 진행한다면 1시간 이내에 영어 학습이 이뤄질 수 있다.  심 대표는이 지점에서 영어 학습에 대한 확고한 철학을 밝혔다.   “초등 저학년의 영어 학습은 점수나 성적이 중요한 게 아닙니다. 어려운 단어 몇 개 더 암기하는 것보다는 영어에 대한 거부감이나 두려움을 없애고, 영어와 친해지는 게 가장 중요합니다. 기본기를 튼튼히 해야만 중학교, 고등학교에 진학한 후에도 흔들리지 않는 법입니다.”  ◇스터디맥스, 더 큰 미래를 꿈꾸다    출시 이후 지금까지 4개의 랜드 스토리를 완성한 스피킹덤은 4월 현재 1만여명이 가입하면서 가시적인 성과를 보이고 있다. 심 대표는 올해 스피킹덤을 고도화하는 데 힘을 쏟겠다는 각오다.  그는 “스피킹덤을 개선하면서 학습 데이터를 차곡차곡 쌓아갈 것”이라며 “사용자인 아이들의 발음, 억양, 학습 상태 등이 고스란히 저장돼 빅데이터를 이루게 된다”고 말했다. 스터디맥스는 이렇게 쌓인 빅데이터를 분석해 쌍방향 학습에 접목하는 등 다양한 방식으로 발전시킨다는 계획이다. 특히 인공지능(AI)이나 사물인터넷(IoT), 가상현실(VR) 등4차 산업혁명 기술을 적용해 미래형 영어 학습 서비스로 진화시킨다는 각오다.  심 대표는 최첨단 IT 기술을 기반으로 독창적인 교육콘텐츠를 만들어 ’학습과 놀이의 경계‘를 허무는 것을 궁극적인 목표로 삼고 있다. 스피킹맥스나 스피킹덤처럼 영어 학습 서비스에서 한 발 더 나아가 사회, 문화, 역사, 과학 등 여타 교육 콘텐츠로도 영역을 확장할 수 있다고 보고 있다. 심 대표는 “스피킹맥스나 스피킹덤이 보여주는 가상의 환경(미국 현지, 가상의 왕국)을 VR이나 AR을 통해 실감나게 체험하며 영어를 배울 수 있는 것처럼 역사나 사회 등 교육 콘텐츠들도 이러한 기술을 통해 충분히 학습 효과를 극대화할 수 있다”며 “우리가 지향하는 미래형 학습 서비스는 누구나 게임을 하듯 즐기면서도 필요한 지식을 습득할 수 있는 능동적인 교육 환경을 구축하는 것”이라고 강조했다.  스터디맥스는 국내를 넘어 해외 시장도 노크하고 있다. 2013년에 이미 일본 앱스토어에서 1위를 차지해 해외 진출 가능성을 확인했다. 스마트기기 학습이 중심인 만큼 해외에서도 통할것으로 보고 있다. 올 하반기에는 중국과 홍콩 등 중화권에 진출할 계획이다. 이와 함께 연내 기업공개(IPO)를 통해 규모의 경제를 갖춘다는복안이다.  심 대표는 “5년 후쯤에는 어학뿐만 아니라 사람이 배울 수 있는 모든 콘텐츠를 탑재하고 싶다”면서 “성인은 물론 어린아이와 어르신까지 연령을 가리지 않고 모두가 배움의 즐거움을 누릴 수 있는 교육 업체가 되고 싶다”고 포부를 밝혔다.  /정민정기자 jminj@sedaily.com    ▶▶ 2018년 정부 정책 수혜주 TOP 10 大공개! (바로 확인)  ▶▶ 재료노출 임박한 상위1%의 극비정보 30명한정 공개(무료)    [ⓒ 서울경제, 무단 전재 및 재배포 금지]"
246,5,"2018-05-23","08:51:12","상한가 예고! 이건 완벽한 재료주다!","▶ 변동성 증시!! 지금이 바로 저점 매수 타이밍!>>>>>>[바로확인]  이번에 소개해 드릴 종목은 상당한 기간조정을 지나 그 동안의 매물을 모두 소화한 끼있는 테마주입니다. 현재 장단기 이평선이 모두 밀집된 구간에서 상승에너지를 대량 응축한 모습이니 작은 재료라도 불기둥을 만들 태세입니다. 대량거래량과 상한가가 첫 시세의 시발점으로 조만간 나올 예정이니 이때 단기시세에 만족하지 마시고 꼭 붙들고 계십시오!  이곳에서는투자자들 사이에서 기대감이 증폭되고 있다. 증시스케줄과 관련 모멘텀 등 미리 사전에 점검함으로써 급등 전에 종목 선취매하면서 화제가 되었다. 이번에도 주도주 발굴과 단기 테마가 효과를 발휘했다는 설명이다.  “주식시장에서 성공하려면 준비를 많이 해야 합니다.순간적으로 뇌동매매하고 감정에 휘둘려 투기하면 수식간에 원금이 반토막 나기 쉬우니 사전에 계획된 투자를 하셔야 합니다!” 라면 일반투자자들을 위해 조언도 아끼지 않았다. 확실한 정보로 정확한 분석으로 추천합니다   ▶ 대박 수익률 안겨줄 “VIP 급등 특급재료 주도주” >>>>[바로확인]  다시 한번 뛰어난 종목발굴로 회원들의 칭찬을 아낌없이 받고 있다. 저점에서 연이어 급등주를 잡아내면서 화제가 되고 있다!  벨류에이션, 모멘텀 등 주가를 상승시키는 요인은 많습니다. 그러나 역시 핵심은 수급입니다! 수급분석이 끝난 종목에 상승의 명분이 중첩된 종목들로 접근하니 시장과 상관없이 급등시세로 연결되고 있습니다."" 특별한 매매기법으로 언제나 수익을 내는 방법에는 분명 한계가 있다. 따라서수급주체들의 생각을 읽을 수 있는 인적네트워크를 갖추는 것도 주식시장에서 살아남는 중요한 경쟁력이다.   ▶ 1조 글로벌 시장 진출 ! 저평가 우량기업기업공개 !>>>>[바로확인]  장세전환의 초입임을 전망하면서 금번 장세에서  발빠르게 포트폴리오를 변경하여 가는 종목에 집중투자함으로써 그 동안 손실을만해하고 단기간에 수익률을 회복할 수 있는 전략을 구사해야 한다고 강조한다. 단순한 낙폭과대주에 투자하면 안된다.  특히 물린 종목에서 본전심리에 의해 본의 아니게 장기투자자가 되는 악순환에서 빠져나와야 한다. 낡아빠진 재료주와 테마주가 아닌 신선하고 확실한 모멘텀을 보유한 개별종목이나 종목군을 압축하여 집중 투자해야 빠른 수익률 복구가 가능하다.    [Hot Issue] 깨끗한나라 캐스텍코리아 에프앤씨애드컬쳐 나노스 오르비텍  본 기사는 투자 참고용이므로 이를 근거로 한 투자손실에 대해 책임을 지지 않습니다.       윤병찬 기자 / yoon4698@heraldcorp.com       [프리미엄 링크] ◆ [평생무료] ""주식카톡방"" 대박주를 추천받는데 100원도 안낸다~ ◆ 무료O, 회원가입X. 바로보는 증권전문가의 실시간 라이브방송.  10%수익을 40%로 만들어 준다고?? 영웅스탁론이라면 가능~! [영웅스탁론]효과적인 레버리지를 이용하여 수익률을 4배로!!    이 종목 미리 알았더라면.. 화제의 급등주검색기 실전투자 300%비법 무료체험 3일신청시 [즉시공개!]    김태희, 로또 대박?! 20억 당첨금 공개..    테마주!외국인+기관 쌍끌이 매집중인 종목 전문가들도 탐내는 급등주 공식 무료배포! [클릭]    [오늘의 인기기사] ◆ [국대스탁론]업계 최저금리 2.29%! 100%한종목 투자가능+신용/ 미수 대환가능 ◆ [국민스탁론]저렴한 연2.7% 금리로 최대 4배 투자 가능 ◆ [마감임박] '급등주 문자메시지' 100% 무료로 받아보기! ◆ [상한가속출] ""깜짝놀랐다"" 카톡무료체험으로 3000만원 수익달성!  ◆[밴드스탁론] 연 2%대 금리, 신용 미수 대환 가능, 주식자금 전문 ☏ 1899-9044 ◆똑똑해진 소비자..한국도 이젠 소형차 시대 ◆2020년 한국 TV 2대중 1대 인터넷 연결된다"
246,6,"2018-05-23","08:51:08","파워넷, 고부가가가치 시장 진입…해외 사업 실적 기여 전망-BNK투자증권","BNK투자증권은 23일 파워넷에 대해 고부가가치 시장 진입과 더불어 해외 사업이 실적에 기여할 전망이라고 밝혔다. 파워넷은 오는 6월 7일 코스닥시장 상장을 앞두고 있다. 파워넷은 전력변환장치(SMPS) 제조와 판매를 담당하는 기업이다. 최종경 BNK투자증권 연구원은 ""SMPS는 전원의 변환을 제어해 고효율, 소형, 경량화에 장점을 갖는 전원장치""라며 ""중국 선양과 칭다오에 생산공장을 기반으로 삼성전자, 코웨이, 한화테크윈 등 다양한 산업군의 고객사에 장기간 거래를 이어가고 있다""고 말했다. 최 연구원은 파워넷의 예상 시가총액을 661억~781억원으로 예상했다. 그는 ""2018년형 삼성전자 퀀텀닷TV 단독 수주 등 고부가제품 확대와 HP 신형 복합기 300만대 수주 등 신규 수주가 파워넷의 실적에 기여할 것""이라며 ""일본 프린터 시장 단독 진출에 따른 수익성 확대도 긍정적 요소""라고 설명했다. ethica@fnnews.com 남건우 기자  ▶'모멘텀 집중' 저가에서 매집해둬야 할 상반기 유망주 3선 (지금 확인)   [파이낸셜뉴스 주요뉴스]  → '공천갈등 진화' 나선 바른미래 지도부..살얼음판 여전 → 靑, 드루킹-'親文' 송인배연루설에 '당혹'‥적극 해명 → 일주일 사이에 로또 1등 2번 당첨된 40대 남성 → 초등생 고속도 휴게소 방치혐의 교사 벌금 800만원 → 심부전 위험 줄이려면, 일주일간 150분 운동하라  ▶ <긴급공개> 억대계좌 이종목에서 또 터진다!    ※ 저작권자ⓒ 파이낸셜뉴스. 무단 전재-재배포 금지 "
246,7,"2018-05-23","08:51:00","“파자마 입고 월드컵 응원하자”…현대차 팬파크 이벤트","[이데일리 피용익 기자] 현대자동차가 2018 러시아 월드컵 개막을 앞두고 고객과 함께하는 색다른 응원 이벤트를 마련한다.  현대차는러시아 월드컵 기간 동안 대한민국 축구 국가대표팀 본선 경기인 스웨덴·멕시코·독일 전(戰) 일정에 맞춰 전국 곳곳에 6가지 테마의 팬파크를 마련하고, 고객을 초청해 경기를 함께 관람하는 이벤트를 실시한다고 23일 밝혔다.  국제축구연맹(FIFA) 공식 후원사인 현대차(005380)는 월드컵 경기 당일 고객들이 원하는 장소에서 여러 사람들과 함께 경기를 관람하며 전 세계인의 축제를 특별하게 즐길 수 있도록 했다.  국가대표팀 첫 경기인 스웨덴 전이 열리는 6월18일에는 파자마를 입고 집처럼 편안하게 휴식을 취하며 경기를 관람할 수 있는 ‘파자마 팬파크’를 서울과 부산 2곳에서 운영하며, 광주와 충남 아산에서는 애견인들이 반려견과 함께 경기를 즐길 수 있는 ‘애견 팬파크’를 운영한다.  멕시코 전이 열리는 6월24일에는 전 국가대표인 하석주 아주대 감독이 진행하는 해설과 함께 월드컵 경기를 관람할 수 있는‘하석주 팬파크’가 이태원에 마련되며, 축구를 사랑하는 청각장애인들이 월드컵을 즐길 수 있도록 수어 중계를 제공하는 ‘수화 해설 팬파크’를 현대 모터스튜디오 고양에서 운영한다.  6월27일 독일 전에는 여의도 한강 유람선에서 혼자 축구 보기 외로운 선남선녀 50쌍을초대해 경기 관람을 비롯해 스피드 미팅 등 다양한 이벤트가 준비된 ‘사랑의 유람선 팬파크’와 강남 영동대로에서 인기 아이돌 그룹 우주소녀와 함께 경기를 관람할 수 있는 ‘우주소녀 옆자리 팬파크’를 운영한다.  현대차는 6가지 다양한 팬파크 이벤트 외에도 고객이 원하는 장소에 나만의 팬파크를 만들어주는 ‘만들고 싶은 팬파크 이벤트’도 진행한다. 사연을 신청해 선정된 고객들이 원하는 곳에 빔프로젝터, 스크린, 현대자동차 브랜딩 응원도구, 야식 등을 지원해준다. 6월27일까지 현대자동차 팬파크 사이트에서 신청하면 된다.  현대차 관계자는 “세계인의 축제인 월드컵을 원하는 장소에서 더욱 재미있게 즐길 수 있도록 이번 이벤트를 마련했다”며 “월드컵 공식 후원사로서   한국 국가대표팀의 선전과 러시아 월드컵의 성공적인 개최는 물론 월드컵 열기를 통해 온 국민이 하나로 뭉치는 계기가 되길 바란다”고 말했다.        ▶계좌회복프로젝트! 상위 전문가의 투자전략 및 추천종목‘[무료확인]’ ▶14년 연속 1위, 대한민국 대표 스탁론 하이스탁론 '    ' ＜ⓒ종합 경제정보 미디어 이데일리 - 무단전재 & 재배포 금지＞   "
247,1,"2018-05-23","08:49:00","뉴욕증권거래소 새 CEO 커닝햄…226년 역사 최초","[서울=뉴스핌] 이홍규 기자 = 뉴욕증권거래소(NYSE) 226년 역사상 최초로여성 최고경영자(CEO)가 탄생했다.  22일(현지시간) 미국 공영방송 NPR과 경제매체 CNBC뉴스는 오는 25일부터 스테이시 커닝햄이 토마스 팔리의 뒤를 이어 NYSE의 CEO가 될 것이라고 모기업 인터콘티넨털 익스체인지(ICE)의 발표를 인용해 보도했다.  지난 1994년 여름 인턴으로 NYSE 경력을 시작한 커닝햄은 현재 최고운영책임자(COO)를 맡고 있다.   스테이시 커닝햄 뉴욕증권거래소 최고운영책임자 [사진= 로이터 뉴스핌]     ▶ [평생무료] 매일실시간 방송♠국내 최정상 전문가의 종목 공개♠유료보다 더 좋은 무료 강좌 및 프리미엄전략!☞[무료확인]  ▶ 국내최고 전문가 수익률대결종목! 실시간으로 알려드립니다※바로신청※  bernard0202@newspim.com     [뉴욕증시] 美-中 무역전쟁 '휴전'에 다우 300P 상승 [뉴욕증시] 불확실성 재점화에 전강후약 [뉴욕전망] FOMC 의사록·한미 정상회담 '촉각'      ▶ 500만원으로 3억만들기 50번째 주인공 탄생! [확인]  좋은 상품 다 아는 곳! 안다쇼핑!  / 최저금리 맞춤서비스 진행중 / 10분이면 4배자금가능 / 24시간 친절상담센터 1522-3233 / 씽크풀  충격! 여의도 세력들의 극비종목 무료 공개!"
247,2,"2018-05-23","08:48:59","빙그레, 반려동물식품 브랜드 ‘에버그로’ 론칭","첫 제품은 반려견 전용 펫밀크 3종  건국대 수의과대학과 공동연구해 반려동물 전용 유산균 개발        [아시아경제 이선애 기자] 빙그레가 반려동물식품 브랜드 ‘에버그로(ever grow)’를 론칭하고 첫 제품으로 반려견 전용 펫밀크 3종을출시한다고 23일 밝혔다. 이번에 출시하는 에버그로 펫밀크 3종은 직관적으로 제품 특징을 알 수 있도록 제품명도 ‘눈관절’(150㎖), ‘피부모발’(150㎖), ‘홈사이즈(초유함유 250㎖)’로 만들었다.   빙그레는 그 동안 건국대 수의과대학과의 공동연구를 통해 반려동물의 장에서 분리 배양해 얻은 반려동물전용 유산균주 2종에 대해 특허를 취득하고 반려견이 섭취하기 쉽도록 열처리해 첨가했다. 유산균에 대한 임상실험 결과 유해균의 번식을 억제하고 장 내부를 유익한 환경으로 조성해 면역력이 증가하는 효과를 확인했다. 특히 반려동물의 장에서 분리한 유산균이기 때문에 장 내 상피세포에 부착능력이 우수하고 낮은 pH와 담즙산에도 잘 견디는 장점이 있다.   에버그로 펫밀크는 영양적 측면도 고려해 미국사료관리협회(AAFCO)의 권고량에 맞춘 12종의 비타민과 12종의 미네랄을 함유하고 있어 반려견의 성장발달과 건강유지에 도움을 준다. 또 유당 소화하지 못하는 반려견을 위해 유당분해 우유를 사용하고 변 냄새 개선에 도움이 되는 열대성식물인 유카추출물을 배합해 반려견의 주거환경개선 효과도 거둘 수 있다. 영양성분 농도 역시 적정비율인 13%를 유지해 영양성분 농도에따른 탈수현상, 배변문제, 영양부족 등을 방지하고 영향 불균형을 최소화 했다.   에버그로 펫밀크 3종은 반려동물 관련 제품 판매 전문업체인 부명(펫클럽)과 파트너십을 맺고 전국 매장 및 온라인에서 판매를 진행할 예정이며 이달 28일부터 카카오톡 선물하기를 통해 구매할 수 있다.    ●남북경협株 선취매 all 포착.. 실적 기반 차기 주도주 '바로' 이종목! (클릭) ●'부자네스탁론' 3년 고정금리 4.15% 100% 집중투자까지 ●'대박스탁론' 3년 고정금리 3.99% 100% 집중투자까지   퇴직 후 백만원으로 ""35억""번 60대男 화제! 60대 김모씨가 퇴직 후 하게 된""이것""이 35억의 대박을...    단돈 100만원만 있어도! 지금 바로 확인해라! 특히 이 종목은, 시장과 무관하게 매수 직후부터 바로 수익이...   이선애 기자 lsa@asiae.co.kr   <ⓒ세계를 보는 창 경제를 보는 눈, 아시아경제(www.asiae.co.kr) 무단전재 배포금지>"
247,3,"2018-05-23","08:48:47","현대글로비스, 분할·합병 연기로 불확실성 증대…목표가↓-대신증권","대신증권은 23일 현대글로비스에 대해 현대차그룹의 지배구조 개편안 재검토로 주가의 단기 불확실성이 확대됐다며 투자의견 '매수'를 유지하고 목표주가를 17만원으로 하향조정했다.  양지환 대신증권 연구원은 ""현대차그룹의 사업 및 지배구조 개편안 재검토로 현대글로비스의 단기적인 주가 조정이 예상된다""며 ""분할합병안이 재추진되더라도 기존주주들의 수혜는 원안대비 감소할 것""이라고 전망했다.  양 연구원은 ""분할 모비스와 글로비스의 합병비율 재검토시 합병 신주가 증가할 가능성이 높다""며 ""새로운 사업및 지배구조 개편안 추진시 불확실성 증가라는 측면도 주가에 부담""이라고 판단했다.  mjk@fnnews.com김미정 기자  ▶'모멘텀 집중' 저가에서 매집해둬야 할상반기 유망주 3선 (지금 확인)   [파이낸셜뉴스 주요뉴스]  → '공천갈등 진화' 나선 바른미래 지도부..살얼음판 여전 → 靑, 드루킹-'親文' 송인배 연루설에 '당혹'‥적극 해명 → 일주일사이에 로또 1등 2번 당첨된 40대 남성 → 초등생 고속도 휴게소 방치 혐의 교사 벌금 800만원 → 심부전 위험줄이려면, 일주일간 150분 운동하라  ▶ <긴급공개> 억대계좌 이종목에서 또 터진다!    ※ 저작권자 ⓒ 파이낸셜뉴스. 무단 전재-재배포 금지 "
247,4,"2018-05-23","08:48:41","우리은행,지주사 전환은 장기호재...단기 목표가는 하향-키움","키움증권은 23일 우리은행(000030)이 지주회사로 전환하는 것은 앞으로 주가 상승의 변수가 되겠지만 단기적으로는 부동산 임대업 비중이 높아 리스크가 커질 수 있다면서 목표주가를 내렸다.   서영수 연구원은 우리 은행의 목표주가를 2만원에서 1만 9,000원으로 내렸다. 현 주가는 1만 5,750원이다.   서 연구원은 지주회사로 전환하고 인수합병을 통해 비은행 분야 역량을강화할 것으로 증권사 인수를 1순위로 둘 것이며 경쟁사 잇는 증권사 인수 성공 여부에 따라 주가 상승이 달라질 것으로 전망했다. 우리은행은 비은행 분야의 취약점이 다른 은행금융 그룹보다 주가 측면에서 할인 요인으로 작용해왔다.   다만 원화 대출금 대비 부동산 임대업 비중이 13.8%로 KEB하나은행에 이어 두 번째로 높다. 다만 상대적으로 여신 성장률이 높지 않아 위험 수준은 하나금융과 KB금융보다는 낮을것으로 서 연구원은 진단했다.   서 연구원은 지주회사 전환 후 증권 등 인수를 통해 성공적으로 비은행 부문을 강화하면 목표가를 올릴 것이라고 밝혔다.  /임세원기자 why@sedaily.com    [서울경제 관련뉴스] 우리은행 '지주사' 전환, 블록체인 사업에 훈풍 불까?  ""우리은행 지주사 전환 후 지분가치 최대한 높여 정리"" 우리은행, ""내년초 출범 목표 지주사 전환"" 우리은행, 지주사 전환시 비은행 강화-메리츠종금 ‘사업권 청탁’ 대가 수억 수수혐의 우리은행 부행장 집유   ▶▶ 2018년 정부 정책 수혜주 TOP 10 大공개! (바로 확인)  ▶▶ 재료노출 임박한 상위1%의 극비정보 30명한정 공개(무료)    [ⓒ 서울경제, 무단 전재 및 재배포 금지]"
247,5,"2018-05-23","08:48:37","‘드루킹 특검’에 수십억 소요 추산… ’최순실 특검‘ 방불 전망","-특검 ‘고검장급’ 대우, 인건비만 20억 규모 예상 -임대료, 활동비 포함 수십억 예비비 지출 불가피   [헤럴드경제=좌영길 기자] 공식 출범을 앞둔 ‘드루킹 특검’ 운영에 수십억 원의 예산이 소요될 전망이다.  23일 국회예산정책처에 따르면 김성태 자유한국당 의원이 발의했던 드루킹 특검법안에 대한 총 비용은 67억800만 원으로 추산됐다. 다만 이 비용은 수사 기간과 수사팀 규모를 최대치로 잡았을 때를 가정한 것으로, 실제 비용은 이보다는 줄어들 것으로 보인다.  21일 국회를 통과한 드루킹 특검법은 특검과 특검보 3명, 파견검사 13명, 특별수사관 35명, 파견 공무원 35명 등을 더해 최대 최대 87명 규모로 꾸려질수 있다. 준비 기간 20일을 포함한 60일 동안 수사할 수 있고, 필요시 30일 연장이 가능하다. 이에 비해 예산정책처 산정은 김 의원이 발의했던 법안을 기준으로 한 것으로, 특별수사관 규모 40명, 수사기간 최대 140일, 공소 유지 기간을 7개월로 잡았다.     [사진=연합뉴스]  주된 항목은 인건비와 사무실 임대료다. 법률에 의해 특검은 고검장급, 특검보는 검사장급, 특별수사관은 3급에서 5급 사이의 별정직 국가공무원 대우를 받는다. 정부는 예비비에서 필요한 경비를 지급하도록 돼 있다.   법무부에 따르면 가장 최근 사례인 ‘최순실 특검’의 경우 박영수 특별검사가 924만 2000 원, 특별검사보가 831만 9000 원의 월급을 받았다. 특별수사관에도 3급 대우를 해 558만 2000 원의 월 급여를 지급했다. 수사기간인 2016년 12월1일부터 지난해 2월28일까지 지급된 인건비는 월 2억1560만 원이었고, 이후 공소유지기간 동안에도 매월 9830만 원이 소요됐다. 서울 대치동에 마련됐던 사무실 임대료와 리모델링비용 등 시설비도 수사기간 동안 월 평균 4억2200만 원이 들었다.   예산정책처는 이를 토대로 드루킹 특검 수사 기간 동안 13억1800만 원, 공소 유지 기간 7억3100만 원의 인건비가 소요될 것으로 내다봤다. 직무활동비와 사무실 임대료 등을 추산한 금액도 46억5900만 원에 달했다.   대한변호사협회는 다음달 4일께 특검 후보추천위원회를 열어 4명을 국회에 추천할 예정이다. 자유한국당과 바른미래당 등은 이 중 2명을 추려 문재인 대통령에게재차 추천하고, 이 중 1명을 골라 임명할 것을 요청한다. 대한변협에는 30명 이상의 후보자가 추천됐지만, 본인 의사와 무관한 사례가 적지 않은 것으로 알려졌다. 이미 전주지검장 출신의 민유태(62·사법연수원 14기) 변호사가 서울지방변호사회의 추천을 받았지만, 본인이 고사했다. 이밖에 대검 중수부장 출신의 김경수(58·17기) 변호사, 대검 반부패부장을 지낸 강찬우(55·18기) 변호사도 거론되지만 역시 본인들이 난색을 표하고 있는 것으로 전해졌다.  특정 정당의 당적을 보유했던 경력이 있거나, 임명일을 기준으로 1년 내에 공직에 있던 사람은 특검으로 임명될 수 없다. 특검은 특검보 후보자 6명 추천권도 갖는다. 특검이 추천하면 문 대통령이 그 중 3명을 특검보로 임명한다. 특검에서 기소한 사건은 1심 3개월, 항소심과 상고심은 각각 2개월 이내에 선고해야 한다.   jyg97@heraldcorp.com    [프리미엄 링크] ◆ [평생무료] ""주식카톡방"" 대박주를 추천받는데 100원도 안낸다~ ◆ 무료O, 회원가입X. 바로보는 증권전문가의 실시간 라이브방송.  10%수익을 40%로 만들어 준다고?? 영웅스탁론이라면 가능~! [영웅스탁론]효과적인 레버리지를 이용하여 수익률을 4배로!!    이 종목 미리 알았더라면.. 화제의 급등주검색기 실전투자 300%비법 무료체험 3일신청시 [즉시공개!]    김태희, 로또 대박?! 20억 당첨금 공개..    테마주!외국인+기관 쌍끌이 매집중인 종목 전문가들도 탐내는 급등주 공식 무료배포! [클릭]    [오늘의 인기기사] ◆ [국대스탁론]업계 최저금리 2.29%! 100%한종목 투자가능+신용/ 미수 대환가능 ◆ [국민스탁론]저렴한 연2.7% 금리로 최대 4배 투자 가능 ◆ [마감임박] '급등주 문자메시지' 100% 무료로 받아보기! ◆ [상한가속출] ""깜짝놀랐다"" 카톡무료체험으로 3000만원 수익달성!  ◆[밴드스탁론] 연 2%대 금리, 신용 미수 대환 가능, 주식자금 전문 ☏ 1899-9044 ◆똑똑해진 소비자..한국도 이젠 소형차 시대 ◆2020년 한국 TV 2대중 1대 인터넷 연결된다"
247,6,"2018-05-23","08:48:20","""에쓰오일, 시설 완공으로 연간 6500억원 실적 상승 전망""","@media all and (max-width: 400px) {img{max-width:340;height:auto;}}.dayTBL a:link {font-family: 돋움;font-size: 11px;line-height: 18px;color:#666666;text-decoration: none}.dayTBL a:visited {font-family: 돋움;font-size: 11px;line-height: 18px;color: #666666;text-decoration: none}.dayTBL a:hover {font-family: 돋움;font-size: 11px;line-height: 18px;color: #840000;text-decoration: none}.dayTBL nobr {width:85px; text-overflow:ellipsis; overflow:hidden; cursor:pointer; float:left}.todayBDb {border-bottom: #000000 0.5pt solid}.tblGrp{padding:0; border-spacing:0; border-collapse:collapse; border:0;vertical-align:top;width:279px}.tblGrp td{vertical-align:top}.dayTBL {width:93px; padding:0; border-spacing:0; border-collapse:collapse; vertical-align:top; border:0}.dayTBL td{font-size:12px; font-family:돋움; color:#333333;line-height:18px;padding:0}.divSch1{float:left}.divSch2{float:left}.tdSch{border: #E6E6E6 0.1pt solid;height:75;padding:0}.tdSchToday {border: #000000 1pt solid;height:75;background-color:#fffff0;padding:0}.tdSchTomorrow {border-left:0}.tdSchYesterday {border-right:0}.tdDate{background-color:#c8e7ff;height:10;text-align:center}.ad {text-align:center; font-size:8pt; font-family:돋움;line-height:1.2}.lg {margin-bottom:20px;}.title{font-size:15px;color:#203c76;font-weight:bold;margin-bottom:20px;}a,img {border:0; outline:none; selector-dummy:expression(this.hideFocus=true);}body,td,select,input,div,form,textarea,center,option,pre,blockquote {font-size:9pt; line-height:1.6; font-family:돋움;}table{border:0px;}r {display:none;}"
247,7,"2018-05-23","08:48:06","울산상공회의소, 내달 17일 로봇경진대회 개최","-초ㆍ중ㆍ고교생 대상, 이달 30일까지 접수  [헤럴드경제(울산)=이경길 기자] 울산상공회의소(회장 전영도) 울산지식재산센터는 로봇산업의 저변 확대와 4차 산업혁명을 이끌어갈 미래 인재 양성을 위해 다음달 17일 종하체육관에서 ‘제16회 울산로봇경진대회’를 개최한다고 23일 밝혔다.  울산시가 주최하고, 울산시교육청과 특허청, 한국발명진흥회가 후원하며 울산상공회의소 울산지식재산센터와 (사)울산지식산업로봇진흥회가 공동 주관하는 이 대회는 매년 개최해 울산지역 초ㆍ중ㆍ고 학생들의 창의성과 미래 산업에 대한 꿈을 장려하고 있다.     방과후 배틀로봇 1대1 밀어내기 경기장면.  본 대회는 경기, 창작, 시범 3개 부문 5개 종목으로 나눠 진행된다.  경기 부문은 주어진 미션을 수행하는 미션로봇, 미션트랜스퍼, 미션서바이벌 등 3개 종목이고, 창작 부문은 창의적 로봇작품을 제작해 디자인과 기능, 창의성, 작동성을 종합적으로 심사하는 종목이다. 시범 부문은 2대2 또는 1대1로 상대를 제압하는 로봇배틀경기다.  입상자에게는 울산시장상, 특허청장상, 울산시교육감상, 울산상공회의소회장상, 발명진흥회장상, 로봇진흥회장상이 각각 주어진다. 울산지역 초ㆍ중ㆍ고등학교 재학생이면 각 학교장의 추천을 받아 누구나 참가할 수 있고, 신청은 (사)울산지식산업로봇진흥회 홈페이지에서 신청서를 다운 받아 이메일로 접수하면 된다.   hmdlee@heraldcorp.com    [프리미엄 링크] ◆ [평생무료] ""주식카톡방"" 대박주를 추천받는데 100원도 안낸다~ ◆ 무료O, 회원가입X. 바로보는 증권전문가의 실시간 라이브방송.  10%수익을 40%로 만들어 준다고?? 영웅스탁론이라면 가능~! [영웅스탁론]효과적인 레버리지를 이용하여 수익률을 4배로!!    이 종목 미리 알았더라면.. 화제의 급등주검색기 실전투자 300%비법 무료체험 3일신청시 [즉시공개!]    김태희, 로또 대박?! 20억 당첨금 공개..    테마주!외국인+기관 쌍끌이 매집중인 종목 전문가들도 탐내는 급등주 공식 무료배포! [클릭]    [오늘의 인기기사] ◆ [국대스탁론]업계최저금리 2.29%! 100%한종목 투자가능+신용/ 미수 대환가능 ◆[국민스탁론]저렴한 연2.7% 금리로 최대 4배 투자 가능 ◆ [마감임박] '급등주 문자메시지' 100% 무료로 받아보기! ◆ [상한가속출] ""깜짝놀랐다"" 카톡무료체험으로 3000만원 수익달성!  ◆[밴드스탁론] 연 2%대 금리, 신용 미수 대환 가능, 주식자금 전문 ☏ 1899-9044 ◆똑똑해진 소비자..한국도 이젠 소형차 시대 ◆2020년 한국 TV 2대중 1대 인터넷 연결된다"
248,1,"2018-05-23","08:45:22","""조산아 탯줄 1분만 늦게 잘라도 사망 위험 30%↓""","""조산아 탯줄 1분만 늦게 잘라도 사망 위험 30%↓""  뉴질랜드 오클랜드대 연구진, 1천600명 산모 대상 조사   (오클랜드=연합뉴스) 고한성 통신원 = 출산 즉시 자르던 조산아의 탯줄을 1분만 늦게 잘라도 사망 위험을 30% 가량 줄일 수 있다는 연구결과가 나왔다.  22일 뉴스허브 등 뉴질랜드 매체에 따르면 오클랜드대학 연구진은 1천600여 명의 뉴질랜드와 호주 산모들을 대상으로 조산아 탯줄 자르기를 늦추는 효용성을 조사한 끝에 이런 사실을 확인했다.  이는 태반에서 더 많은 혈액이 공급돼 아기가 스스로 숨 쉴 수 있도록 도와주기 때문이라고 연구진은 설명했다.  이에 따라 뉴질랜드 내 병원들은 조산아들의 생명을 구하기 위해 탯줄을 1분 늦게 자르는 새로운 방식을 쓰고 있다고 뉴스허브 등은 전했다.  연구진은 이와 관련해 오클랜드에 사는 케이티 솔터의 조산아 출산 사례로 소개했다.  솔터는 임신 23주 만에 낳은 딸이 탯줄을 늦게 자르는 방식 덕분에 목숨을 구해 지금은 건강한 두 살짜리 아이로 자라고 있다며 딸이 무럭무럭 자랄 수 있게 된 게 60초 덕분으로 생각한다고 밝혔다.  연구를 담당했던 오클랜드대학 리긴스 연구소의 케이티 그룸 박사는 ""우리가 답을 모르는 문제가 있었다""며 그건 태어나자마자 탯줄을 자르느냐, 아니면 아기에게 더 많은 시간을 주어야 하는 것이었다고 말했다.  그룸 박사는 아주 일찍 태어난 조산아들이 스스로 숨을 쉬고 움직이고 반응할 수 있다는 걸 보고 놀라움을 금할 수 없었다며 이런 연구가 처음은 아니나 뉴질랜드에서는 이제 탯줄 늦게 자르기가 표준 방식이 되고 있다고 밝혔다.  그는 그러면서 이런 새로운 방식이 비용도 들이지 않으면서 수많은 조산아를 살릴 수 있는 손쉬운 방법이라고 강조했다.   koh@yna.co.kr   (끝)    <긴급속보 SMS 신청> <포토 매거진> < M-SPORTS >   <저작권자(c) 연합뉴스, 무단 전재-재배포 금지>"
248,2,"2018-05-23","08:45:08","삼성전자, 국내 500대 기업 중 경영평가 '최우수'","CEO스코어 8개 부문 경영지표 분석       삼성전자가 국내 500대 기업 가운데 글로벌 경쟁력, 일자리창출, 양성평등, 사회공헌 등의 경영평가에서 최우수 기업으로 선정됐다. 현대자동차와 네이버가 그 뒤를 이었고 SK하이닉스와 유한양행, 엔씨소프트 등도 각 부문에서 높은 점수를 받았다.   기업 경영성과 평가사이트 CEO스코어는 “국내 매출액 상위 500개 기업을 대상으로 글로벌 경쟁력, 투자, 일자리창출, 고속성장, 건실경영, 투명경영, 양성평등, 사회공헌 등 8개 부문에 걸쳐 각종 경영 데이터를 평가한 결과, 삼성전자가 종합 1위에 올랐다”고 23일 밝혔다.   삼성전자는 800점만점에 최고점인 712.9점을 받았다. 글로벌 경쟁력 부문 1위를 비롯해 투자(2위), 고속성장(3위), 건실경영(4위), 일자리창출(4위) 부문에서‘톱5’에 들었다.  현대차와 네이버가 각각 604.0점과 583.4점을 획득하며 삼성전자에 이어 2·3위를 차지했다.  현대차는 글로벌 경쟁력 부문에서 2위에 오른 것을 비롯해 각 부문에서 고른 평가를 받았다. 지난해 삼성전자를 제치고 종합 1위에 올랐던 네이버는 투자, 건실경영, 사회공헌 부문에서 선두였지만 종합 순위는 3위로 밀렸다.   이어 에쓰오일과 LG디스플레이, SK하이닉스, KT&G, 삼성전기, 대상, 현대모비스가 우수기업 ‘톱10 리스트’에 이름을 올렸다.   8개 부문별 경영평가에서는 각 업종 대표기업이 상위권에 대거 포진했다.  업종별 글로벌 1위 기업 대비 매출액과 연구개발(R&D) 비중을 기준으로 한 글로벌 경쟁력 부문에서는 삼성전자를 비롯해 현대차와 LG전자, 대상 등이 우수기업에 포함됐다.  매출액 대비 유·무형 자산및 R&D 투자 비중을 기준으로 평가한 투자 부문에서는 네이버, 삼성전자, KT, 아모레퍼시픽 등이 상위에 랭크됐다.   일자리 창출부문에서는 엔씨소프트, 포스코, SPC삼립, 삼성전자 등이 고용증가율, 기간제 근로자 비중, 근속연수, 연봉 등을 종합 평가한 결과 우수기업으로 선정됐다.  고속성장 부문의 경우 매출 10조원 이상 기업 가운데서는 SK하이닉스가, 10조원 미만 기업 중에서는 엔씨소프트가 가장 우수한 점수를 받았다.   건실경영 부문은 네이버, 투명경영 부문은 유한양행, 양성평등 부문은 현대그린푸드, 사회공헌 부문은 네이버가 각각 1위에 올랐다.   이진욱 한경닷컴 기자 showgun@hankyung.com 기사제보 및 보도자료 open@hankyung.com     기업의 환율관리 필수 아이템! 실시간 환율/금융서비스 한경Money [ 무료 주식 카톡방 ] 국내 최초, 카톡방 신청자수 38만명 돌파 < 업계 최대 카톡방 > --> 카톡방 입장하기!!     관련기사 ""정말 이례적인 일"" 망연자실한 신혼부부들 왜? 돈방석 앉은 연예인들…1인 방송 BJ 수입 어떻길래 삼성전자·현대차·네이버, 500대 기업 중 경영평가 '톱3' SK브로드밴드 애니메이션, 삼성전자 스마트 레이저빔에서 무료 ""셈하기도 어렵다"" 방탄소년단 경제적 가치가 무려    ⓒ 한국경제 & hankyung.com, 무단전재 및 재배포 금지"
248,3,"2018-05-23","08:45:03","하나금투 ""코리안리는 숨겨진 남북 경협 수혜주""","하나금투 ""코리안리는 숨겨진 남북 경협 수혜주""      (서울=연합뉴스) 유현민 기자 = 하나금융투자는 23일 코리안리[003690]가 숨겨진 남북 경제협력 수혜주라며 커버리지(기업 분석)를 개시하고 이 회사에 대한 투자의견과 목표주가를 각각 '매수'와 1만6천원으로 제시했다.  오진원 연구원은 ""남북 경협과 관련해 공단, 자원, 항만, 철도 등 어떤 사업의 본격화를 가정하더라도 일반보험과 재보험에 미치는 승수효과는 충분히 클 것""며 ""미약한 국내 시장의 성장 한계를 바탕으로 해외 수재 확대를 꾀했던 코리안리에는 큰 성장의 기회""라고 분석했다. 그는 북한과 미국의 제네바 합의 이후 북한에 경수로 2기 건설사업이 전개된 1994년을 사례로 들며 ""당시 보험료 규모가 약 900억원대로추산되는데 1994년 국내 기업성 보험시장 규모가 1조2천억원에 불과했음을 고려할 때 상당히 큰 규모""라고 설명했다.  오 연구원은 ""현재 코리안리의 주가는 주가순자산비율(PBR) 0.6배 수준으로 역사적 하단""이라고 덧붙였다.  hyunmin623@yna.co.kr   (끝)    <긴급속보 SMS 신청> <포토 매거진> < M-SPORTS >   <저작권자(c) 연합뉴스, 무단 전재-재배포 금지>"
248,4,"2018-05-23","08:44:42","[실적 공시] Hewlett Packard Enterprise(HPE),","Hewlett Packard Enterprise는 FY18 2분기(2018년 2~4월) 실적을 다음과 같이 발표했다.  ▲ 매출 74.7억 달러(전년 동기 대비 +9.9%)를 기록했다. 이는 컨센서스를 0.9억 달러 상회한 것이다.  ▲ 비GAAP EPS 0.34달러(전년 동기 대비 +100%)를 기록했다. 이는 컨센서스를 0.03달러 상회한 것이다.  ▲ 동사의 주가는 애프터마켓에서 0.23%의 상승세를 기록 중이다.  동사의 FY18 2분기 사업별 매출을 살펴보면 하이브리드 IT 부문이 전년 동기 대비 7% 증가한 60억 달러를 기록했고, 인텔리전트 에지(Intelligent Edge) 부문이 17% 늘어난 7.1억 달러를 기록했다.  금융 서비스 부문 매출은 9.16억 달러로 전년 동기 대비 5% 증가했다. 사업간 매출 제외분은 1.8억 달러였다.  2분기 비GAAP 영업이익률은 8.6%로 전년 동기 대비 2.7%p 상승했다.   동사는 FY18 비GAAP EPS 가이던스를 1.35~1.45달러에서 1.40~1.50달러로 상향 조정했다.  해당 범위 중간값은 컨센서스 1.41달러 보다 높은 것이다."
248,5,"2018-05-23","08:44:41","23일 코스닥 시초가 강보합 예상-동시호가","[머니투데이 송선옥 기자] 23일 코스닥 시초가 출발은 강보합이 예상된다.   미래에셋대우에 따르면 오전 8시40분 동시호가 현재 코스닥 시가총액 상위종목에 매수 우위의 종목이 다수다.   업종별로는 섬유의류 기타서비스 운송장비부품이 상대적인 강세다.   시총 상위종목 중에서는 셀트리온헬스케어 신라젠 나노스 등으로 매수세가 유입되고 있다.     주식담보대출도 이제 부담없는 금리로 가능(안내: 02-3775-1497)   ▶▶ 2018년 상반기 급등 예상 종목 BEST 10 (바로 확인)   <키워드림론> 최저금리로 신용·미수 대환 하는 유일한 방법은    [파워 인터뷰]      [관련기사] ☞ 오는 10일 이건희 삼성회장 '와병 만4년'…장비없이 자가호흡 ☞ 아들 곁으로 간 구본무 회장…슬픔 이기고 LG 24년 이끌어 ☞ ""김앤장만 믿었다가""…현대차, 소통 실패의 천문학적 비용  ☞ ""할아버지, 존경해요""…구본무 회장 향한 추모들 ☞ 자연으로 돌아간 구본무 회장 마지막길…소리없는 '울음바다'      주식매입자금? 전화 한통화면 당신은 스마트컨슈머!    최저금리로 신용·미수 대환 하는 가장 경제적인 방법 (바로 확인)   ‘개미’말고 ‘슈퍼 투자자’되고 싶다면?...‘이것’만 잘 이용해도 가능해요!       송선옥 기자 oops@mt.co.kr    <저작권자 ⓒ '돈이 보이는 리얼타임 뉴스' 머니투데이, 무단전재 및 재배포 금지>"
248,6,"2018-05-23","08:44:37","23일 코스피 시초가 강보합 예상-동시호가","[머니투데이 송선옥 기자] 23일 코스피 시초가 출발은 강보합이 예상된다.   미래에셋대우에 따르면 오전 8시40분 동시호가 현재 코스피 시가총액 상위종목에 매수 우위의 종목이 다수다.   업종별로는 종이목재 섬유의복 은행이 상대적인 강세다.   시총 상위종목 중에서는 삼성전자 삼성전자우 SK하이닉스 등으로 매수세가 유입되고 있다.     주식담보대출도 이제 부담없는 금리로 가능(안내: 02-3775-1497)   ▶▶ 2018년 상반기 급등 예상 종목 BEST 10 (바로 확인)   <키워드림론> 최저금리로 신용·미수 대환 하는 유일한 방법은    [파워 인터뷰]      [관련기사] ☞ 오는 10일 이건희 삼성회장 '와병 만4년'…장비없이 자가호흡 ☞ 아들 곁으로 간 구본무 회장…슬픔 이기고 LG 24년 이끌어 ☞ ""김앤장만 믿었다가""…현대차, 소통 실패의 천문학적 비용  ☞ ""할아버지, 존경해요""…구본무 회장 향한 추모들 ☞ 자연으로 돌아간 구본무 회장 마지막길…소리없는 '울음바다'      주식매입자금? 전화 한통화면 당신은 스마트컨슈머!    최저금리로 신용·미수 대환 하는 가장 경제적인 방법 (바로 확인)   ‘개미’말고 ‘슈퍼 투자자’되고 싶다면?...‘이것’만 잘 이용해도 가능해요!       송선옥 기자 oops@mt.co.kr    <저작권자 ⓒ '돈이 보이는 리얼타임 뉴스' 머니투데이, 무단전재 및 재배포 금지>"
248,7,"2018-05-23","08:44:27","김포 고촌 '캐슬앤파밀리에 시티 2차' 6월 분양 예정","전체 4665가구 중 전용 74~125㎡ 총 2255가구 공급   인도어 골프연습장, 실내체육관, 러닝트랙 등 스포츠 특화      롯데건설과 신동아건설이 오는 6월 김포 고촌에서 ‘캐슬앤파밀리에 시티 2차’를 분양한다.  ‘캐슬앤파밀리에 시티 2차’는 경기도 김포시 고촌읍 신곡리 940번지 일원에 조성되고 있는 도시개발사업인 김포신곡6지구다. 김포신곡6지구는 전체 5113가구 조성되며 캐슬앤파밀리에 시티는 4665가구가 순차적으로 공급중이다. 작년 12월 1차분 1872가구가 분양을 마친데 이어 2차에는 2255가구가 분양될 예정이다.  2차분은 지하 2층~지상 16층 36개동으로 구성된 2255가구다. 전용면적별로는 △74㎡ 157가구 △80㎡ 330가구 △84㎡ 1293가구 △99㎡ 439가구 △111㎡ 4가구 △125㎡ 32가구 등이다. 실수요자들이 선호하는 전용 85㎡ 이하 중소형타입 비중이 약 80%에 달한다.   단지가 들어서는 김포 고촌은 김포대로를 통해 서울 도심과 연결되는 올림픽대로와 강변북로, 자유로 등의 진입이 수월하다. 서울외곽순환고속도로 김포IC와 인천국제공항고속도로 고촌IC를 통해 수도권 전역으로 빠르게 이동 가능하다.  내년 개통을 앞두고 있는 김포도시철도 고촌역이 단지와 인접했다. 고촌역에서 한 정거장만 지나면 5·9호선과 공항철도를 환승할 수 있는 김포공항역과 연결된다. 서울마곡지구까지 10분대, 여의도와 서울역(급행기준)은 20분대로 도달 가능하다. 신논현역도 9개 정거장(급행기준)이면 도착할 수 있어 강남권으로 이동도 수월하다.  단지 주변 신곡리에서는 주거, 의료, 한류 문화시설 등이 어우러진 김포 고촌 복합개발사업지구가 2024년까지 조성될 예정이다. 2개 구역으로 나뉘며 분양·기업형 임대아파트를 비롯해 교육·문화·관광시설, 정보 바이오 등 첨단산업관련 기업이 들어설 예정이다.  인근 걸포지구에는 교육, 문화 복합단지인 한강M-CITY가 조성될 계획이다. 고촌읍 인근에 창조형 미래도시 한강시네폴리스 개발도 예정됐다. 한강시네폴리스는 약 112만㎡ 규모의 문화콘텐츠 생산과 첨단 기술이 융합된 도시로 주거·산업·상업 등의 분야가 총망라된 복합공간을 목표로 조성될 계획이다.   풍부한 생활인프라도 돋보인다. 차량으로 약 10분이면 현대프리미엄 아울렛 김포점과 롯데몰 김포공항점을 이용할 수 있다. 단지 바로 앞에 초등학교 부지가 계획됐고 유치원도 신설될 예정이다. 신곡초교, 신곡중교 등이 인접하고 고등학교도 예정돼 교육여건도 우수하다.  단지는 한강과 불과 2km 정도 떨어져 있고, 사업지구 내 국제규격 축구장 약 7.5배 규모의 공원까지 조성된다. 조경면적이 약 33.75%에 달하는 공원형 단지로 자연친화적인 요소를 더욱 높였다.  단지는 전문화된 스포츠 커뮤니티시설을 서리할 예정이다. 입주자들의 여가활동을 위해 인도어 골프연습장, 실내체육관, 러닝트랙 등 건강 및 체력관리를 돕는 각종 스포츠시설도 들어설 예정이다. SK텔레콤의 사물인터넷(IoT) 스마트홈 서비스도 제공된다  모델하우스는 서울 강서구 마곡동 727-675번지(마곡역 1번 출구 인근)에 마련될 예정이며, 현재 경기도 김포시 김포대로 827 DS프라자 5층과 서울 강서구 마곡서로 101 동익 드미라벨 213호에서 분양홍보관을 운영 중이다.   김하나 한경닷컴 기자 hana@hankyung.com     기업의 환율관리 필수 아이템! 실시간 환율/금융서비스 한경Money [ 무료 주식 카톡방 ] 국내 최초, 카톡방 신청자수 38만명 돌파 < 업계 최대 카톡방 > --> 카톡방 입장하기!!     관련기사 스마트폰도 되는데…방수 카메라 꼭 써야하는 이유 댓글 남기자마자 ""10만원 주겠다""…대체 어디길래 ""정말 이례적인 일"" 망연자실한 신혼부부들 왜? 돈방석 앉은 연예인들…1인 방송 BJ 수입 어떻길래 ""셈하기도어렵다"" 방탄소년단 경제적 가치가 무려    ⓒ 한국경제 & hankyung.com, 무단전재 및 재배포 금지"
249,1,"2018-05-23","08:41:03","우리은행, 목표가 5%↓ 1만9000원 제시-키움證","[서울=뉴스핌] 로보뉴스 = 키움증권은 23일 우리은행에 대한 투자의견을 매수, 목표주가를 1만9000원으로 제시했다. 이날 제시한 목표주가는 이전에 키움증권이 제시한 목표주가 2만원 대비 5% 낮은 수준이다.     【4월 핵심유망주】무료 청취 ☎ 1577-1114    우리은행은 국내 주요 은행 중 하나. 예금보험공사가 최대주주다. 키움증권 유근탁 애널리스트가 작성한 우리은행 리포트 주요내용은 아래와 같다.  ▶ 지주회사 전환, 향후 Valuation 할인 해소 요인 ▶ 부동산 임대업 익스포저가 상대적으로 많은 점은 향후 주가 상승의 제약 요인 ▶ 투자의견 BUY를 유지하나 목표주가는 19,000원으로 하향 조정  지난 21일 주가는 전일대비 3.62% 상승한 1만5750원으로 마감했다.      【포착】 내일 급등 유망주, 지금 알려드립니다!"
249,2,"2018-05-23","08:41:00","비비안, 한부모 가정에 임부용 속옷 지원","- 홀로 아이 낳는 엄마 위해 임산부 전용 속옷 후원      비비안이 두리모(비혼모)를 위한 임부용 속옷 전달식을 열었다고 23일 밝혔다. (사진=남영비비안)[이데일리 성세희 기자] 속옷 브랜드 비비안이 두리모(비혼모)에게 임부용 속옷을 지원한다고 23일 밝혔다.   ‘두리모’란 ‘둥글다’, ‘둘레’의의미인 ‘두리’에 한자 어머니 모(母)자를 결합한 신조어로 홀로 아이를 낳아 키우는 여성을 뜻한다. 2011년 서울시 한부모가족지원센터와미혼모지원단체협의체에서 공모해 선정된 이름이다.   지원 물품은 임부용 브래지어·팬티 세트와 산전·산후용 거들로 임산부에게 필요한 전문 속옷이다. 이번 지원은 한국미혼모지원네트워크를 통해 진행됐다.  한국미혼모지원네트워크는 2007년 설립된 비영리기구(NGO)로 사회적 편견을 극복하고 아이 양육을 책임지는 두리모를 지원한다.   비비안은 2014년부터 한부모 가정 청소년과 홀몸 노인, 저소득층 유방암 환자 등 도움이 필요한 여성 계층을 위한 속옷을 지원했다. 더불어 공식 페이스북를 통해 ‘육아 팁’을 공유하는 사회관계망서비스(SNS) 이벤트를 시행해 두리모와 이 내용을 공유할 예정이다.  이정은 남영비비안(002070) 홍보마케팅실 과장은 “사회적 편견과제도적 미비로 어려움을 겪는 두리모에게 전문 속옷으로 실질적인 도움을 줄 수 있어서 기쁘다”라며 “앞으로도 전문성 있는 자사제품으로소외 여성 계층을 위한 속옷 지원 사업을 활발히 전개할 계획”이라고 밝혔다.  ▶계좌회복프로젝트! 상위 전문가의 투자전략 및 추천종목‘[무료확인]’ ▶14년 연속 1위, 대한민국 대표 스탁론 하이스탁론 '    ' ＜ⓒ종합 경제정보 미디어 이데일리 -  무단전재 & 재배포 금지＞   "
249,3,"2018-05-23","08:41:00","[퀵리포트] 우리은행, ""매수"" 유지..목표가 5%↓ 1만9000원-키움證","[5월 핵심유망주]무료 청취 ☎ 1577-1114     [아이투자 고상한 기자]키움증권은 23일 우리은행(000030)에 대한 투자의견을 매수, 목표가를 1만9000원으로 제시했다. 이번 목표가는 이전에 제시한 목표가 2만원 대비 5% 하향했다.  키움증권 유근탁 연구원이 작성한 우리은행 리포트 주요내용은 아래와 같다.  ▶ 지주회사 전환, 향후 Valuation 할인 해소 요인  ▶ 부동산 임대업 익스포저가 상대적으로 많은 점은 향후 주가 상승의 제약 요인  ▶ 투자의견 BUY를 유지하나 목표주가는 19,000원으로 하향 조정  지난 21일 주가는 전일대비 3.62% 상승한 1만5750원으로 마감했다.→ [바로가기] 전 증권사 보고서 원문서비스‘와이즈리포트’  http://www.wisereport.co.kr/   이 기사는 투자 참고용으로 이를 근거로 한 투자 손실에 대해 책임을 지지 않습니다. 기사는 아이투자(www.itooza.com)가 제공한 것으로 저작권은 아이투자에 있습니다. 기사 내용 관련 문의는 아이투자로 문의하시기 바랍니다.    [포착]내일 급등 유망주,지금 알려드리고 있습니다.        "
249,4,"2018-05-23","08:40:58","네오팜, 2분기 호실적 달성 기대감↑","[팍스넷데일리 권준상 기자] 네오팜이 1분기 호실적 달성에 이어 2분기에도 양호한 실적을 달성할 전망이다. 네오팜은 1분기 매출액이 전년동기 대비 27.1% 증가한 166억원, 영업이익은 33.9% 늘어난 57억원을 기록했다.   메리츠종금증권 양지혜 연구원은 23일 “병의원 전문 브랜드인 제로이드가 전년동기 대비 81% 성장해 외형 성장과 이익률 상승을 이끌었고,비중은 작지만 수출과 면세점에서도 70%대 성장으로 호실적에 기여했다”며 “1분기에 이어 2분기에도 매출액이 163억원으로 전년동기 대비 25.5%, 영업이익은 46억원으로 30.5% 증가하며 양호한 성장이 이어질 전망”이라고 분석했다.   양 연구원은 전 세계 더마 코스메틱의 높은 성장에 주목했다. 그는 “개인화된 소비 트렌드 변화로 더마 코스메틱의 높은 성장은 글로벌 화장품 시장에서 공통적으로 뚜렷하게 나타나고 있다”며 “지난해 국내 화장품 시장의 성장이 정체한 가운데 더마 코스메틱 시장은 26% 성장했는데, 한국 더마 코스메틱 시장은 상대적으로 대만 대비 비중이 작은 편이어서 향후 확장의 여지가 많다”고 전망했다.   그는 이어 “네오팜은 MLE((Multi-lamellar emulsion)라는 차별화된 R&D 경쟁력으로 더마 코스메틱 고성장의 수혜를 온전히 흡수하고 있다”며 “하반기부터 중국 등 해외 관련 실적이 의미 있게 올라오기 시작하면서 주가 상승 모멘텀이 재개될 것”이라고 내다봤다.   권준상 기자 kwanjjun@paxnet.kr    ●남북경협株 선취매 all 포착.. 실적 기반 차기 주도주 '바로' 이종목! (클릭) ●'부자네스탁론' 3년 고정금리 4.15% 100% 집중투자까지 ●'대박스탁론' 3년 고정금리 3.99% 100% 집중투자까지  [관련기사]  ☞ '사드'로 실적 감소한 'K-뷰티', 2분기부터 살아나나  ☞ 네오팜, 1Q 연결 잠정 영업익 57억…전년比 33.9%↑   ☞ [클릭 e종목]""네오팜, 여러 브랜드 고루 성장…목표가↑""   ☞ 네오팜, 엄마들의 '잇템' 아토팜으로中 진출 기대 '상승'  ☞ 네오팜, 3Q 영업익 18% 증가한 25억    퇴직 후 백만원으로 ""35억""번 60대男 화제! 60대 김모씨가 퇴직 후 하게 된""이것""이 35억의 대박을...  단돈 100만원만 있어도! 지금 바로 확인해라! 특히 이 종목은, 시장과 무관하게 매수 직후부터 바로 수익이...    <ⓒ세계를 보는 창 경제를 보는 눈, 아시아경제(www.asiae.co.kr) 무단전재 배포금지>"
249,5,"2018-05-23","08:40:55","한화건설, ‘일과 후 수업’ 인기… 임직원 자기개발 힘써","즐거운 조직문화 구축 노력  [헤럴드경제=김성훈 기자] 한화건설은 임직원들의 자기개발을 지원하고 즐거운 직장 분위기를 조성 하기 위해 ‘일과 후 수업’을 확대 실시할 계획이라고 23일 밝혔다.  한화건설은 이달부터 임직원 대상 어학수업을 개설해 퇴근 후 교육을 진행하고 있다. 외국어 회화 시험인 오픽(OPIC) 난이도에 따라 2단계 수업을 개설했으며, 수강신청 접수이틀 만에 마감되는 등 임직원들의 호응이 뜨겁다. 수강비 90%를 회사에서 지원하며, 토론식 수업으로 지루하지 않게 진행하여 실력 향상에크게 도움이 된다는 게 수강생들의 반응이다.     한화건설 임직원들이 업무시간 이후 회사에서 진행하는 OPIC 강의를 듣고 있다.  최광호 대표는 ‘조직 문화가 곧 기업 경쟁력’ 이라며, 상시로 임직원들의 의견을 수렴하고 조직문화에 반영하라고 지시해 왔다. 금번 교육 프로그램도 임직원 설문조사를 반영해 개설됐다. 향후 업무상 글쓰기 및 커뮤니케이션, 프레젠테이션(PT) 기법, 캘리그래피 등 다양한 교육 프로그램을 운영할 예정이다.   한화건설은 또 딱딱한 업무 분위기를 개선하고 즐거운 조직문화를 만들기 위해 다양한 제도들을 시행하고 있다. 과장~상무보 승진 시 1개월 간의 유급휴가를 제공하는 ‘안식월 제도’와 오전 7~9시 중 출근시간을 선택하고 정해진 근무시간 이후에는 자유롭게 퇴근 할 수 있는 ‘유연근무제’ 등에 대한평가가 좋다.   그 외에도 기존에 실시되던 ‘비즈니스 캐주얼 착용’과 ‘홈데이(오후 5시 퇴근)’를 주 2회로 확대해 보다 젊고 유연한 기업으로 변화를 시도하고 있다. 야근을 최소화하기 위한 ‘야근신고제’를 도입하고, 야근이 지속되는 팀의 원인을 분석해 멘토링하는 ‘업무클리닉’을 함께 운영해 실효성을 높일 수 있도록 했다.   최 대표는 “ 임직원들의 직장 내 만족도가 곧 회사의 경쟁력”이라며 “젊고 미래지향적인 기업문화구축을 통해 ‘누구나 다니고 싶고, 일하고 싶은 직장’으로 만들어 갈 것”이라고 말했다.   paq@heraldcorp.com    [프리미엄 링크] ◆ [평생무료] ""주식카톡방"" 대박주를 추천받는데 100원도 안낸다~ ◆ 무료O, 회원가입X. 바로보는 증권전문가의 실시간 라이브방송.  10%수익을 40%로 만들어 준다고?? 영웅스탁론이라면 가능~! [영웅스탁론]효과적인 레버리지를 이용하여 수익률을 4배로!!    이 종목 미리 알았더라면.. 화제의 급등주검색기 실전투자 300%비법 무료체험 3일신청시 [즉시공개!]    김태희, 로또 대박?! 20억 당첨금 공개..    테마주!외국인+기관 쌍끌이 매집중인 종목 전문가들도 탐내는 급등주 공식 무료배포! [클릭]    [오늘의 인기기사] ◆ [국대스탁론]업계 최저금리 2.29%! 100%한종목 투자가능+신용/ 미수 대환가능 ◆ [국민스탁론]저렴한 연2.7% 금리로 최대 4배 투자 가능 ◆ [마감임박] '급등주 문자메시지' 100% 무료로 받아보기! ◆ [상한가속출] ""깜짝놀랐다"" 카톡무료체험으로 3000만원 수익달성!  ◆[밴드스탁론] 연 2%대 금리, 신용 미수 대환 가능, 주식자금 전문 ☏ 1899-9044 ◆똑똑해진 소비자..한국도 이젠 소형차 시대 ◆2020년 한국 TV 2대중 1대 인터넷 연결된다"
249,6,"2018-05-23","08:40:52","가족과의 대화 시간 하루 20분도 안돼","우리나라 10대~50대 이상 남녀 10명 중 7명은 가족과 함께 살며, 이중 37.8%는 가족과 하루 20분 미만 대화하거나 아예 하지 않는 것으로 조사됐다.  대한민국 대표 구인·구직아르바이트 전문 포털 알바천국이 지난 4월 26일부터 5월 14일까지 전국 10대~50대 이상 남녀 회원 3343명을 대상으로 ‘가족과 얼마나 대화하세요’를 주제로 설문조사를 진행했다고 23일 밝혔다.  설문 결과 전체 응답자의 77.7%가 현재 “가족과 함께 살고 있다”고 답했으며, 이 중 37.8%는 가족과의 대화시간이 하루 20분도 채 되지 않는 것으로 나타났다.  대화시간을 자세히 살펴보면 “하루 20 분 미만”이 36.4%로 가장 많았으며, “하루 30분 이상 1시간 미만(19.7%)”, “1시간 이상 2시간 미만(15.6%)”, “하루 20분 이상 30분 미만(14%)”, “2시간 이상(12.9%)”순으로 답했다.  “아예 하지 않는다”고 답한 응답자는 1.4% 였다.  가족과 함께 살면서도 아예 대화를 하지 않는다고 답한 응답자에게 그 이유를 물었더니 “이야기를 해도 가족이 들어주지 않는 것 같지 않아서(35.1%)”라는 답변이 가장 많았다.  이어 “가족과 마주칠 시간이 없어서(18.9%)”, “기타(18.9%)”, “가족과 함께하기 보다 혼자만의 시간만 갖고 싶어서(13.5%)”, “이야기 하고 싶은 주제가 너무 달라서(13.5%)” 등의 이유가 있었다.  가족이 함께 모여있을 때에도 대화보다 다른 활동을 한다는 의견이 많았다.  가족이 함께 모였을 때 하는 활동으로 “식사(47.3%)”와 “TV시청(26.4%)”이 가장높은 비율을 차지 했으며, “대화(18.1%)”, “기타(5.9%)”, “여행(1.5%)”, “운동(0.8%)”순으로 조사됐다.  전체 응답자의 66%는 가족 관계를 멀어지게 하는 요인이 있다고 생각했으며, 주요 요인으로 “바쁜 개인 일정(34.8%)”과 “TV, 스마트폰 등 전자기기 이용 증가(26.4%)”를 꼽았다.  기타 요인으로는 “공감대 형성이 어려운 대화주제(16.1%)”, “개인주의(11%)”, “기타(9.2%)”, “면대면 대화를 대신하는 메신저 등 소통수단의 증가(2.4%)” 등이 있었다.    yutoo@fnnews.com 최영희 중소기업전문기자  ▶'모멘텀 집중' 저가에서 매집해둬야 할 상반기 유망주 3선 (지금 확인)   [파이낸셜뉴스 주요뉴스]  → '공천갈등 진화' 나선 바른미래 지도부..살얼음판 여전 → 靑, 드루킹-'親文' 송인배 연루설에 '당혹'‥적극 해명 → 일주일 사이에 로또 1등 2번 당첨된 40대 남성 → 초등생 고속도 휴게소 방치 혐의 교사 벌금 800만원 → 심부전 위험 줄이려면, 일주일간 150분 운동하라  ▶ <긴급공개> 억대계좌 이종목에서 또 터진다!    ※ 저작권자 ⓒ 파이낸셜뉴스. 무단 전재-재배포 금지 "
249,7,"2018-05-23","08:40:47","아프리카TV, 콘텐츠 다양화로 성장기 재진입","[팍스넷데일리 이정희 기자] 아프리카TV가 연예인 개인방송, e스포츠 중계 등 콘텐츠 다양화를 통해 두 번째 성장기를 맞이할 전망이다.   김성은 한국투자증권 연구원은 23일 “아프리카TV는 부가 수익 창출과 인지도 상승을 위해 개인 방송 플랫폼 진출을 본격적으로 추진하고 있다”며 “신규 이용자 유입이 빨라질 전망”이라고 내다봤다.   현재 아프리카TV는 게임 콘텐츠 트래픽과 e스포츠 영향력 확대에 주력하고 있다. 이를 기반으로 가파른 MUV(월별 순방문자) 증가를 예상했다.   이어 관련 콘텐츠 확대로 여성, 장년층 방문자 비중도 늘어날 것으로 전망했다. 지난해 3분기 기준 아프리카TV의 여성, 30대 이상 이용자 비중은 각각 20%, 22% 수준이었다.   김성은 연구원은 “뷰티 등 여성 관련 콘텐츠와 스포츠 관련 스트리밍 콘텐츠의 인지도가 높아지면서 이용자수도 늘어날 것으로 보인다”며투자의견 ‘매수’, 목표주가는 5만6000원으로 상향 조정한다고 덧붙였다.   이정희 기자 mango@paxnet.kr    ●남북경협株 선취매 all 포착.. 실적 기반 차기 주도주 '바로' 이종목! (클릭) ●'부자네스탁론' 3년 고정금리 4.15% 100% 집중투자까지 ●'대박스탁론' 3년 고정금리 3.99% 100% 집중투자까지   퇴직 후 백만원으로 ""35억""번 60대男 화제! 60대 김모씨가 퇴직 후 하게 된""이것""이 35억의 대박을...    단돈 100만원만 있어도! 지금 바로 확인해라! 특히 이 종목은, 시장과 무관하게 매수 직후부터 바로 수익이...    <ⓒ세계를 보는 창 경제를 보는 눈, 아시아경제(www.asiae.co.kr) 무단전재 배포금지>"
250,1,"2018-05-23","08:39:03","기업은행, 목표가 9%↑ 2만3000원 제시-키움證","[서울=뉴스핌] 로보뉴스 = 키움증권은 23일 기업은행에 대한 투자의견을 매수, 목표주가를 2만3000원으로 제시했다. 이날 제시한 목표주가는 이전에 키움증권이 제시한 목표주가 2만1000원 대비 9% 높은 수준이다.      【4월 핵심유망주】무료 청취 ☎ 1577-1114    기업은행은 정부가 출자한 중소기업 전문은행이다. 키움증권 유근탁 애널리스트가 작성한 기업은행 리포트 주요내용은 아래와 같다.  ▶ 남북 관계 개선으로 개성공단 운영 재개,제 2 공단 활성화 시 수혜 폭 클 전망 ▶ 부동산 시장 침체 영향, 상대적으로 적은은행 ▶ 목표주가를 23,000원으로 상향, 업종 내 Top-Pick 의견으로 제시함  지난 21일 주가는 전일대비 0.91% 하락한 1만6400원으로 마감했다.      【포착】 내일 급등 유망주, 지금 알려드립니다!"
250,2,"2018-05-23","08:39:01","일본 임금인상률 지난해 수준 상회..비제조업 인상률 2.8%로 제조업 웃돌아 <국금센","국제금융센터는 23일 ""일본의 임금인상률이 국내외 경기회복세에 따른 기업실적 호조와 인력난 심화 등으로 오름폭을 키웠다""고 밝혔다.   센터의 박진혁 연구원은 ""일본경제는 작년 4분기까지 8분기 연속 플러스 성장을 기록하는 등 제2차 세계대전 이후 일본 최대 장기 호황기였던 이자나미 경기(2002년 1월~2008년 2월, 73개월)에 이어 두 번째로 긴 장기 호황(2012년 12월~2018년 2월, 63개월)을 지속되고 있는 상황""이라며 이같이 밝혔다.   박 연구원은 ""정부의 일관된 양적완화 정책과 글로벌 수요 증가, 기업 수익성 향상 등으로 실적이 개선되면서 임금 인상 여건이 조성됐다""면서 ""그동안 기업들은 고정비용 증가에 따른 부담을 우려해 기본급 인상보다는 성과급 등의 비중을 늘리는 추세였으나 2018년도 임금 협상에서는 기본급을 인상한 기업 비율이 84.5%로 최근 10년 중 가장 높은 수준을 기록했다""고 지적했다.   그는 ""일본은 실업률이 완전고용 수준으로 하락한 가운데 기업들은 타이트한노동 수급 여건에 따라 인력 확보를 위해 적극적으로 임금을 인상하고 있다""면서 ""기업들의 실적개선 등으로 노동수요는 증가하는반면 인구가 감소하면서 인력 부족현상이 이어지고 있는 가운데 특히 비제조업 및 서비스업 부문을 중심으로 인력난이 심화됐다""고 밝혔다.   박 연구원은 ""자동화 확대 등으로 상대적으로 인력 의존도가 제한적인 제조업과는 달리 인력난이 심화되고 있는 비제조업 분야에서는 기업들의 적극적인 임금 인상으로 이어지면서 21년 만에 비제조업 인상률(2.79%)이 제조업(2.27%)을 상회했다""고 밝혔다.   그는 ""기업들은 보다 우수한 인재를 확보하기 위해 대졸 신입사원과 60세 이상 시니어도 임금 인상 대상에 포함하는 움직임을 보이고 있다""고 덧붙였다.   한편 일본경제신문이 지난달 15일 발표한 임금협상 중간집계를 보면 주요 기업들의 평균 임금인상률은 2.41%로 2017년(2.11%) 대비 0.30%p 올랐다.  taeminchang@fnnews.com 장태민 기자    ▶'모멘텀 집중' 저가에서 매집해둬야 할 상반기 유망주 3선 (지금 확인)   [파이낸셜뉴스 주요뉴스]  → '공천갈등 진화' 나선 바른미래 지도부..살얼음판 여전 → 靑, 드루킹-'親文' 송인배 연루설에 '당혹'‥적극 해명 → 일주일 사이에 로또 1등 2번 당첨된 40대 남성 → 초등생 고속도 휴게소 방치 혐의 교사 벌금 800만원 → 심부전 위험 줄이려면, 일주일간 150분 운동하라  ▶ <긴급공개> 억대계좌 이종목에서 또 터진다!    ※ 저작권자 ⓒ 파이낸셜뉴스. 무단 전재-재배포 금지 "
250,3,"2018-05-23","08:39:01","[포토] 이명박 전 대통령, 첫 재판 취재를 위해","이명박 전 대통령이 구속후 62일 만에 처음으로 자신의 재판에서 모습을 드러낸다. 110억 원대 뇌물수수와 350억 원대 다스 횡령 등 혐의로 구속기소 된 이 전 대통령의 1차 공판이 예정된 23일 오전 서울중앙지방법원 호송차량 출입구에 이른 아침부터 취재 자리 선점을 위한 사다리들이 놓여있다. 한편, 이전 대통령은 이날 법정에서 모두진술을 통해 자신의 입장을 밝힐 계획이다. 오승현 기자 story@   오승현 기자(story@etoday.co.kr)   [오늘의 핫클릭]  ☞퇴직 후 백만원으로 35억 벌게 된 60대 남성 화제!  ☞비트코인, 양자컴퓨터 나오면 탈탈 털린다  ☞하숙정 수도요리학원 이사장 별세… ' 故 하선정 동생'·'요리계 대모'  ☞'노무현 9주기 추도식'… 시민에 개방한 '노무현 대통령의 집' 모습은  ☞떨어지는 재계 별들...이건희 건강 상태는?    ☞[주간 증시일정] 5월 21~25일 넥센테크?텔콘 상호변경, 디에스티로봇 주주총회 등  ☞[카톡방] 무료 주식 카톡방 신청자수 38만 명 돌파 <업계 최대 카톡방> →카톡방 입장하기!         Copyrightⓒ이투데이, All rights reserved. (무단 전재 및 재배포 금지)   프리미엄 경제신문 이투데이    "
250,4,"2018-05-23","08:39:00","야놀자, 11번가와 함께 국내관광기획전 마련","[이데일리 김유성 기자] 여가 플랫폼 기업 야놀자가 11번가와 함께 지역경제 활성화를 위한 국내 관광 기획전을 마련했다.  야놀자와 11번가는 국내 숨겨진 관광지를 소개해 여행 활성화에 기여하고 지역민들에게도 실질적인 도움을 주기 위해 이번 기획전을 준비했다. ‘잠깐여행사’를 콘셉트로 전국의 알려지지 않은 관광지들을 매월 도 단위로 선별, 해당 지역의 투어패스와 숙박상품을 선보일 예정이다. 가정의 달5월에는 군산, 부안, 무주를 포함한 전라북도편, 6월에는 경기도편, 7월에는 충청남도편을 진행한다.  이달 잠깐여행사 전라북도편에서는 군산, 부안, 무주 지역의 호텔, 리조트, 모텔, 펜션, 게스트하우스 등 다양한 가격대와 시설의 숙소들을 두루 소개한다. 또한 레저큐의 전북투어패스, 군산투어패스, 무주투어패스, 부안투어패스 등 지역 관광패스와 각종 문화·레저시설 입장권 및 체험권 등을 판매한다.        ▶계좌회복프로젝트! 상위 전문가의 투자전략 및 추천종목‘[무료확인]’ ▶14년 연속 1위, 대한민국 대표 스탁론 하이스탁론 '    ' ＜ⓒ종합경제정보 미디어 이데일리 - 무단전재 & 재배포 금지＞   "
250,5,"2018-05-23","08:39:00","[퀵리포트] 기업은행, ""매수"" 유지..목표가 9%↑ 2만3000원-키움證","[5월 핵심유망주]무료 청취 ☎ 1577-1114     [아이투자 강해자 기자]키움증권은 23일 기업은행(024110)에 대한 투자의견을 매수, 목표가를 2만3000원으로 제시했다. 이번 목표가는 이전에 제시한 목표가 2만1000원 대비 9% 상향했다.  키움증권 유근탁 연구원이 작성한 기업은행 리포트 주요내용은 아래와 같다.  ▶ 남북 관계 개선으로 개성공단 운영 재개, 제 2 공단 활성화 시 수혜 폭 클 전망  ▶ 부동산 시장 침체 영향, 상대적으로 적은 은행  ▶ 목표주가를 23,000원으로 상향, 업종 내 Top-Pick 의견으로 제시함  지난 21일 주가는 전일대비 0.91% 하락한 1만6400원으로 마감했다.→ [바로가기] 전 증권사 보고서원문서비스 ‘와이즈리포트’  http://www.wisereport.co.kr/   이 기사는 투자 참고용으로 이를 근거로 한 투자 손실에대해 책임을 지지 않습니다. 기사는 아이투자(www.itooza.com)가 제공한 것으로 저작권은 아이투자에 있습니다. 기사 내용 관련 문의는 아이투자로 문의하시기 바랍니다.    [포착]내일 급등 유망주, 지금 알려드리고 있습니다.        "
250,6,"2018-05-23","08:38:34","인천시, 지역 공동체 일자리사업 참여자 모집","인천시는 취업 취약계층의 생계안정과 취업기회를 제공하기 위해 지역공동체 일자리 사업에 참여할 구직자를 모집한다. 이번 일자리사업은 7 월부터 12월까지 이며 마을가꾸기 및 지역유휴공간 시설활용 사업, 자전거 수리 센터, 다문화가정 지원 사업 등 64개 사업장이며 268명이다. 근로조건은 65세 미만 주 30시간, 65세 이상 주 15시간이며 임금은 올해 최저임금수준인 시간당 7,530원이다. 참여자격은 만 18세 이상 근로능력자로 가구소득이 기준 중위 소득 60% 이하 이면서 재산이 2억원 이하인 자이다. 접수는 주소지 동 주민센터 또는 워크넷 홈페이지 (www.worknet.go.kr)로 신청하면 된다. /장현일기자 hichang@sedaily.com    ▶▶ 2018년 정부 정책 수혜주 TOP 10 大공개! (바로 확인)  ▶▶ 재료노출 임박한 상위1%의 극비정보 30명한정 공개(무료)    [ⓒ 서울경제, 무단전재 및 재배포 금지]"
250,7,"2018-05-23","08:38:25","저커버그, 유럽 지도자들 만나 '페이스북 정보유출' 사과","세계적인 소셜미디어 업체인 페이스북의 마크 저커버그 최고경영자(CEO)가 22일 유럽의회 지도자들에게 자사의 대규모 개인정보유출 사건에 대해 공식 사과했다.  저커버그는 이날 브뤼셀에서 유럽의회 지도자들과 만나 지난 2016년 미국 대선 때 영국 회사 케임브리지 애널리티카에 유럽 고객 270만명을 포함해 페이스북 이용자 8,700만명의 개인정보가 유출된 사건에 관련해 설명하면서 이같이 말했다.케임브리지 애널리티카는 도널드 트럼프 당시 공화당 후보의 선거를 도운 바 있다.   흰셔츠에 넥타이를 매고 양복을 입은 채 EU 의회지도자들과 원탁에 앉은 저커버그는 오프닝 연설에서 “우리는 지난 몇 년간 우리가 구축한 도구들이 해롭게 사용될 수 있는 것을 막기 위해충분한 조치를 하지 않았다는 것이 명확해졌다”고 문제를 시인했다. 그러면서 “선거에 외국세력이 끼어들어 방해하거나, 개발자들이 이용자 정보를 오용했지만 우리는 우리의 책임을 다하지 못했다. 그것은 실수였고 죄송하다”고 밝혔다.   저커버그는 앞서 지난 4월 11일 미 의회 청문회에 출석해 페이스북의 이용자 개인정보 유출 파문에 대해 사과했다. 그러나 그의 사과에도 불구하고 페이스북에서 어떻게 정보유출이 발생했는지, 재발방지를 위해 충분한 조치를 했는지는 여전히 의문으로 남아 있다. 저커버그의 이날 유럽의회 증언은 개인정보 보호를 대폭 강화한 EU 법안의 발효를 3일 앞두고 이뤄져 이목이 집중됐다.  EU의 새로운 개인정보보호법안에 따르면 이를 위반한 회사는 최대로 전 세계 연간 매출의 4%에 해당하는 벌금을 부과받는다. 저커버그는 이날 유럽의회 지도자들과의 회동에서 페이스북이 올해 연말까지 유럽에서 1만 명을 고용할 것이라는 약속을 거듭 강조하며 유럽의 성난 민심을 달래고자 안간힘을 썼다. 저커버그는 또 보안에 대한 투자는 페이스북의 채산성에 상당한 영향을 미칠 수 있지만 “고객들을 안전하게 하는 것이 우리의 이윤을 극대화하는 것보다 중요하다”고도 밝혔다.  저커버그는 23일엔 에마뉘엘 마크롱 프랑스 대통령을 만날 계획이지만 영국 의회의 출석 요구엔 계속 거부하고 있다.  /한상헌인턴기자 aries@sedaily.com    ▶▶ 2018년 정부 정책 수혜주 TOP 10 大공개! (바로 확인)  ▶▶ 재료노출 임박한 상위1%의극비정보 30명한정 공개(무료)    [ⓒ 서울경제, 무단 전재 및 재배포 금지]"
251,1,"2018-05-23","08:35:03","베네수엘라, 미 제재에 외교관 2명 추방 ‘맞불’","베네수엘라가 자국의 대선 직후 취해진 미국의 추가 금융제재에 반발, 자국에 주재하는 미국 외교관을 추방했다.  또 미국의 추가금융제재에 대해 “국제법을 위반한 반인륜 범죄”라며 강력히 비난했다.  니콜라스 마두로 베네수엘라 대통령은 22일(현지시간) 수도카라카스 선거관리위원회에서 열린 당선증 수여 행사에서 “토드 로빈슨 미 대사 직무 대행과 선임 외교관인 브라이언 나랑호가 군사적인 음모에 연루된 만큼 48시간 내 출국을 명령했다”고 밝혔다.  마두로 대통령은 “자국에 있는 미국 대사관이 그간 군사, 경제, 정치 문제에 개입해왔다”며 “조만간 증거를 제시할 것”이라고 설명했다. 그러면서 “미국은 음모나 제재로 베네수엘라를 저지할 수 없을 것”이라고 덧붙였다. 베네수엘라와 미국은 상대국에서 대사를 철수시킨 2010년 이후 서로 대사를 파견하지 않고 있다.   베네수엘라 외교부도 이날 낸 성명에서 “우리는 정당한 투표권을 행사한 베네수엘라 국민을 처벌하기 위해 체계적으로 이뤄진 미국의 공격과 적대 행위를 다시 한번 비난한다”고 밝혔다. 그러면서 “임의적이고 일방적인 미국의 제재는 반인륜 범죄이자 정치·경제적 폭력”이라며 “미국의 봉쇄는 베네수엘라인들이 기초 생필품에 접근할 기회를 막고 있다”고 비판했다.   이에 대해 미국은 대사 추방에 대한 보복 조치를 경고했다. 미국무부 관계자는 “외교 채널을 통해 베네수엘라로부터 통보를 받지 못했다”면서도 “추방이 확인된다면 미국은 적절한 보복 조치를 취할 것”이라고 말했다.   한편 유럽연합(EU)도 베네수엘라 대선을 인정하지 않고 추가 제재 검토에 나섰다. 페데리카 모게리니 EU 외교·안보 고위대표는 “이번 대선은 다원주의, 민주주의, 투명성과 법치에 대한 존중 없이 이뤄졌다”며 “신뢰할만한 절차를 위한 최소한의 국제기준도 준수하지 않았다”고 밝혔다. EU는 앞서 베네수엘라 고위층 인사 7명에 대해 역내 자산을 동결하고 여행을 금지한 바 있다. 베네수엘라에 대한 무기 수출도 막고 있다. /이현호기자 hhlee@sedaily.com    ▶▶ 2018년 정부 정책 수혜주 TOP 10 大공개! (바로 확인)  ▶▶ 재료노출 임박한 상위1%의 극비정보 30명한정 공개(무료)    [ⓒ 서울경제, 무단 전재 및 재배포 금지]"
251,2,"2018-05-23","08:35:03","동욱광전(000413.SZ), 완전 출자 자회사 보조금 2.42억 위안","동욱광전(000413.SZ)의 완전 출자 자회사가 보조금 2.42억 위안을 받았다.   23일 동사 공시에 따르면 동사는 ‘재정부 2016년 신에너지 자동차 보조자금 청산을 위한 에너지 절약 및 온실가스 감축 보조자금 하달 관련통지’를 받았다.   해당 ‘통지’에 따르면 2018년 5월 21일 동사의 완전 출자 자회사인 상해신용버스유한회사는 상해시 재정국으로부터 2016년도 신에너지 자동차 보급 응용 제2차 보조금 2.42억 위안을 받았다.   해당 보조금으로 동사의 현금 유동량이 개선되며 향후 동사 발전에 긍정적인 영향이 발생할 것으로 기대된다.    위와 같은 소식이 향후 동사 주가에 어떠한 영향을 미칠지 관심이 모아진다.   searchmchina@searchmchina.com"
251,3,"2018-05-23","08:35:02","더블유게임즈, 목표가 8만3000원 유지...전일종가 5만8500원 -키움證","[서울=뉴스핌] 로보뉴스 = 키움증권은 23일 더블유게임즈에 대한 투자의견을 매수, 목표주가를 8만3000원으로 유지했다.      더블유게임즈는 2012년 4월 온라인 게임 및 개발서비스를 주 사업목적으로 어퓨굿소프트(afewgoodsoft)를 설립하였으며, 2013년 8월 더블유게임즈(DoubleU Games)로 상호를 변경이다. 키움증권 김학준 애널리스트가 작성한 더블유게임즈 리포트 주요내용은 아래와 같다.  ▶ 1차 리뉴얼의 성과는 조금씩 나타나 ▶ 2차 리뉴얼이 기폭제가 될 것으로 기대 ▶ Take5의 상승세  더블유게임즈는 올해 1분기 연결기준 잠정 매출액이 1139억2500만원으로 전년 동기 413억9600만원 대비 175.2% 늘었다. 같은기간 영업이익은 260억1800만원으로 전년 동기 167억8100만원 대비 55% 늘었다. 지배지분 순이익은 137억6700만원으로 전년 동기 111억3600만원 대비 23.6% 늘었다.      【4월 핵심유망주】무료 청취 ☎ 1577-1114    지난 21일 주가는 전일대비 1.02% 하락한 5만8500원으로 마감했다.      【포착】 내일 급등 유망주, 지금 알려드립니다!"
251,4,"2018-05-23","08:35:00","[퀵리포트] 더블유게임즈, ""매수"" 유지..목표가 8만3000원 유지-키움證","[5월 핵심유망주]무료 청취 ☎ 1577-1114     [아이투자 한정석 기자]키움증권은 23일 더블유게임즈(192080)에 대한 투자의견을 매수, 목표가를 8만3000원으로 제시했다. 이 증권사가 제시한 이전 목표가는 이번과 동일한 8만3000원이다.  키움증권 김학준 연구원이 작성한 더블유게임즈 리포트 주요내용은 아래와 같다.  ▶ 1차 리뉴얼의 성과는 조금씩 나타나  ▶ 2차 리뉴얼이 기폭제가 될 것으로 기대  ▶ Take5의 상승세            지난 21일 주가는 전일대비 1.02% 하락한 5만8500원으로 마감했다.→ [바로가기] 전 증권사 보고서 원문서비스‘와이즈리포트’  http://www.wisereport.co.kr/   이 기사는 투자 참고용으로 이를 근거로 한 투자 손실에 대해 책임을 지지 않습니다. 기사는 아이투자(www.itooza.com)가 제공한 것으로 저작권은 아이투자에 있습니다. 기사 내용 관련 문의는 아이투자로 문의하시기 바랍니다.    [포착]내일 급등 유망주,지금 알려드리고 있습니다.        "
251,5,"2018-05-23","08:34:52","""두산엔진, 신조선 수요증가·환경규제 강화가 수혜포인트""","@media all and (max-width: 400px) {img{max-width:340;height:auto;}}.dayTBL a:link {font-family: 돋움;font-size: 11px;line-height: 18px;color:#666666;text-decoration: none}.dayTBL a:visited {font-family: 돋움;font-size: 11px;line-height: 18px;color: #666666;text-decoration: none}.dayTBL a:hover {font-family: 돋움;font-size: 11px;line-height: 18px;color: #840000;text-decoration: none}.dayTBL nobr {width:85px; text-overflow:ellipsis; overflow:hidden; cursor:pointer; float:left}.todayBDb {border-bottom: #000000 0.5pt solid}.tblGrp{padding:0; border-spacing:0; border-collapse:collapse; border:0;vertical-align:top;width:279px}.tblGrp td{vertical-align:top}.dayTBL {width:93px; padding:0; border-spacing:0; border-collapse:collapse; vertical-align:top; border:0}.dayTBL td{font-size:12px; font-family:돋움; color:#333333;line-height:18px;padding:0}.divSch1{float:left}.divSch2{float:left}.tdSch{border: #E6E6E6 0.1pt solid;height:75;padding:0}.tdSchToday {border: #000000 1pt solid;height:75;background-color:#fffff0;padding:0}.tdSchTomorrow {border-left:0}.tdSchYesterday {border-right:0}.tdDate{background-color:#c8e7ff;height:10;text-align:center}.ad {text-align:center; font-size:8pt; font-family:돋움;line-height:1.2}.lg {margin-bottom:20px;}.title{font-size:15px;color:#203c76;font-weight:bold;margin-bottom:20px;}a,img {border:0; outline:none; selector-dummy:expression(this.hideFocus=true);}body,td,select,input,div,form,textarea,center,option,pre,blockquote {font-size:9pt; line-height:1.6; font-family:돋움;}table{border:0px;}r {display:none;}"
251,6,"2018-05-23","08:34:45","P2P금융 1위 테라펀딩, 상반기 공채","@media all and (max-width: 400px) {img{max-width:340;height:auto;}}.dayTBL a:link {font-family: 돋움;font-size: 11px;line-height: 18px;color:#666666;text-decoration: none}.dayTBL a:visited {font-family: 돋움;font-size: 11px;line-height: 18px;color: #666666;text-decoration: none}.dayTBL a:hover {font-family: 돋움;font-size: 11px;line-height: 18px;color: #840000;text-decoration: none}.dayTBL nobr {width:85px; text-overflow:ellipsis; overflow:hidden; cursor:pointer; float:left}.todayBDb {border-bottom: #000000 0.5pt solid}.tblGrp{padding:0; border-spacing:0; border-collapse:collapse; border:0;vertical-align:top;width:279px}.tblGrp td{vertical-align:top}.dayTBL {width:93px; padding:0; border-spacing:0; border-collapse:collapse; vertical-align:top; border:0}.dayTBL td{font-size:12px; font-family:돋움; color:#333333;line-height:18px;padding:0}.divSch1{float:left}.divSch2{float:left}.tdSch{border: #E6E6E6 0.1pt solid;height:75;padding:0}.tdSchToday {border: #000000 1pt solid;height:75;background-color:#fffff0;padding:0}.tdSchTomorrow {border-left:0}.tdSchYesterday {border-right:0}.tdDate{background-color:#c8e7ff;height:10;text-align:center}.ad {text-align:center; font-size:8pt; font-family:돋움;line-height:1.2}.lg {margin-bottom:20px;}.title{font-size:15px;color:#203c76;font-weight:bold;margin-bottom:20px;}a,img {border:0; outline:none; selector-dummy:expression(this.hideFocus=true);}body,td,select,input,div,form,textarea,center,option,pre,blockquote {font-size:9pt; line-height:1.6; font-family:돋움;}table{border:0px;}r {display:none;}    제목: ""두산엔진, 신조선 수요증가·환경규제 강화가 수혜포인트""  아시아투데이 강중모 기자 = 하나금융투자는 23일 최근 선박 해체가 늘어나고 있는 가운데 환경 및 안전규제가 강화되고 있고 신조선박 교체수요가 발생하고 있다면서 선박엔진을 생산하는 두산엔진이 수혜를 볼 가능성이 있다고 판단했다.   이 증권사는 두산엔진에 대한 목표주가로 9000원, 투자의견으로 매수를 유지했다.  박무현 하나금융투자 연구원은 “후판가격과 철광석 가격 상승으로 선박 해체선가가 오르고 있고 이는 해체되는 선박의 수를 높이고 있다”면서 이는 새로운 선박의 건조로 연결되고 있다고 설명했다.  최근 선박엔진은연비의 중요성이 강화되고 있고 환경규제와 안전규제도 강화되고 있는 상황이다. 2020년 시행예정인 ‘황산화물(SOx) 규제’는 LNG추진선 수요를 대폭 늘리는 기폭제가 될 수 있다는 전망도 나오고 있다.  박 연구원은 “이미 2010년부터 배출규제지역(ECAs) 지역에서는 엔진손상과 선박정지 현상 유발을 막기 위해 황 함유량 1.0% 미만 저유황 사용 규제를 시작했다”면서 이런 문제로 선박연료가 석유에서 LNG로 바뀌어가고 있다고 말했다.  이어 “LNG를 연료로 쓰는 디젤엔진인 ME-GI 엔진은 점차 벌크선·탱커·컨테이너선에 탑재될 것”이라면서“ME-GI 수주가 늘어날수록 두산엔진의 수익성이 개선될 것”으로 내다봤다.    해당 기사는 아시아투데이(www.asiatoday.co.kr)에서 제공한 것이며 저작권은 제공 매체에 있습니다. 기사 내용 관련 문의는 해당 언론사에 하시기 바랍니다.  [이슈&섹터 스케줄]    2018-05-21 - 독일 증시 휴장 - 여야, 특검·추경 동시 처리 예정 - 2018년 AfDB 연차총회 개최 예정   2018-05-22 - 석가탄신일 - 국내, 홍콩 증시 휴장 - 韓-美 정상회담   2018-05-23 - 월드IT쇼(WIS) 개최 - 2018 글로벌 액셀러레이터 컨퍼런스 & 데모데이 개최 - 폼페이오, 美 하원 청문회 출석 예정(현지시간)      2018-05-24 - 금융통화위원회 - 文 대통령, 정부 개헌안 국회 표결 예정 - 韓-中 산업장관 회의 개최 예정   2018-05-25 - 미국 제외 이란 핵 합의 당사국 이행 문제 논의 예정(현지시간) - 삼성전자, 갤럭시S9·S9+ 버건디레드 출시 예정 - 삼성바이오로직스 감리위 2차회의   2018-05-26 - 동원 보호예수 해제 - 오늘의 프로야구      Copyright ⓒ True&Live 증시뉴스 점유율1위, 인포스탁(www.infostock.co.kr) 인터넷신문(경기아51008)/무단전재 및 배포금지   본 뉴스(정보)는 해당종목의 매수/매도신호가 아니며, 이를 근거로행해진 거래에 대해 책임을 지지 않습니다."
251,7,"2018-05-23","08:34:43","<거래정지/거래재개> 5월 23일","<거래정지>   북특테크놀로지(603009.SH): 3자 배정 유상증자 계획을 이유로 5월 23일부터 거래정지   <거래재개>   절강항민(600987.SH): 5월 23일부터 거래재개       searchmchina@searchmchina.com"
252,1,"2018-05-23","08:31:46","[한경로보뉴스]전일, 기관 거래소에서 롯데케미칼(+1.95%), 삼성엔지니어링(-6.68%) 등 순매수","기관 투자자는 21일 거래소에서 롯데케미칼, 삼성엔지니어링, SK하이닉스 등을 중점적으로 사들인 것으로 나타났다.  기관 투자자의 순매수 상위 20개 종목은 롯데케미칼, 삼성엔지니어링, SK하이닉스, 삼성전자, 삼성전기, KODEX 코스닥150 레버리지, 한미약품, 이마트, 대웅제약, KODEX 레버리지등이다.  이중에 전기,전자 업종에 속한 종목이 5개 포함되어 있다.  롯데케미칼, SK하이닉스, 삼성전자 등은 전일 대비 주가가 상승했고, 삼성엔지니어링, KODEX 코스닥150 레버리지, 현대엘리베이 등은 주가가 하락했다.  [05월21일]거래소기관 순매수 상위 종목       한경로보뉴스  이 기사는 한국경제신문과 씽크풀이 공동 개발한 기사 자동생성 알고리즘에 의해 실시간으로 작성된 것입니다. - 기사관련문의 02-3277-9940    기업의 환율관리 필수 아이템! 실시간 환율/금융서비스 한경Money [ 무료 주식 카톡방 ] 국내 최초, 카톡방 신청자수 38만명 돌파 < 업계 최대 카톡방 > --> 카톡방 입장하기!!     ⓒ 한국경제 & hankyung.com, 무단전재 및 재배포 금지"
252,2,"2018-05-23","08:31:39","직장인 5명 중 3명, 이직 후 텃세 시달려","이직 경험이 있는 직장인 5명 중 3명은 회사를 옮긴후 텃세에 시달린 경험이 있는 것으로 조사됐다.  구인구직 매칭플랫폼 사람인이 이직 경험이 있는 직장인 658명을 대상으로 ‘이직 후 텃세 경험’에 대해 조사한 결과, 62%가 ‘있다’라고 답했다고 23일 밝혔다.  이직 후 이들이 경험한 텃세로는 ‘업무 자료를 공유하지 않음’(54.4%, 복수응답)이 1위를 차지했다.  다음으로 ‘업무 스타일이나 방식을 무시할 때’(42.9%), ‘작은 실수도 확대해서 말할 때’(37.3%), ‘대화에 참여시켜주지 않을 때’(30.6%), ‘나와 관련된 뒷담화를 들었을 때’(28.9%), ‘처음부터 과도한 업무를 부여할 때’(27%) 등의 순이었다.   주로 텃세를 주도한 사람은 ‘같은 직급의 동료’(50.7%, 복수응답)인 것으로 나타났다. 이어 ‘직속 상사’(48.8%), ‘직급이 낮은 부하 직원’(17.4%), ‘타 부서 상사’(14%), ‘타 부서 팀원’(10.5%) 등이 이어졌다.   텃세가 지속된 기간은 ‘1개월~3개월’(47.3%)이라는 답변이 가장 많았고, ‘4개월~6개월’(24%), ‘퇴사할 때까지 계속 됨’(12.7%), ‘10개월~12개월’(8.8%), ‘7개월~9개월’(5.9%), ‘1년 이상 지속’(1.2%) 순으로 답했다.  그렇다면 동료들의 텃세는 이직 후 직장생활에 어떤 영향을 미쳤을까.  텃세를 경험한 직장인들은 ‘재이직에 대해 고민’(60%, 복수응답)을 첫 번째로 꼽았다. 계속해서 ‘직장 만족도 감소’(57.1%), ‘업무 집중력 저하’(44.6%), ‘업무 성과 저하’(40.4%), ‘우울증 등 정신적 고통’(33.6%), ‘소화불량 등 질병’(27.2%) 등의 의견이 이어졌다.   또, 텃세를 견디지 못해 다시 이직한 경험이 있는 응답자도 35.8%로 집계됐다.   한편, 이직 후 텃세를 극복하기 위한 노력으로는 ‘인정받기 위해 열심히 일함’(56.6%, 복수응답)이 가장 많았다. 다음으로 ‘최대한 튀지 않게 행동함’(43.6%), ‘먼저 말을 거는 등 적극성을 보임’(42.6%), ‘가급적 반대의견을 제시하지 않음’(35.5%), ‘술자리, 회식 등 빠짐 없이 참석함’(20.1%), ‘노하우를 공유하는 등 도움을 줌’(18.1%) 등의 순이었다.   사람인 임민욱 팀장은 “직장인들은 더 좋은 조건에서 일하기 위해 이직을 꿈꾸지만, 기존 직원들의 배타적인 태도나 자신과 맞지 않는 조직 문화 등으로 인해 적응에 어려움을 겪는 경우가 많다”라며 “이직 후에는 기존 직원들의 업무 방식이나 조직문화를 배우려는 모습과 먼저 다가가는 등 적극적으로 융화하려는 태도를 취하는 것이 필요하다.”고 조언했다.  yutoo@fnnews.com 최영희 중소기업전문기자  ▶'모멘텀 집중' 저가에서 매집해둬야 할 상반기 유망주 3선 (지금 확인)   [파이낸셜뉴스 주요뉴스]  → '공천갈등 진화' 나선 바른미래 지도부..살얼음판 여전 → 靑, 드루킹-'親文' 송인배 연루설에 '당혹'‥적극 해명 → 일주일 사이에 로또 1등 2번 당첨된 40대 남성 → 초등생 고속도 휴게소 방치 혐의 교사 벌금 800만원 → 심부전 위험 줄이려면, 일주일간 150분 운동하라  ▶ <긴급공개> 억대계좌 이종목에서 또 터진다!    ※ 저작권자 ⓒ 파이낸셜뉴스. 무단전재-재배포 금지 "
252,3,"2018-05-23","08:31:36","[한경로보뉴스]전일, 외국인 거래소에서 SK하이닉스(+1.37%), 삼성전기(+4.58%) 등 순매수","외국인 투자자는 21일 거래소에서 SK하이닉스, 삼성전기, LG전자 등을 중점적으로 사들인 것으로 나타났다.  외국인 투자자의 순매수상위 20개 종목은 SK하이닉스, 삼성전기, LG전자, POSCO, 삼성전자, 대웅제약, SK, 신세계, 하나금융지주, 신한지주등이다.  이중에 전기,전자 업종에 속한 종목이 6개 포함되어 있다.  SK하이닉스, 삼성전기, LG전자 등은 전일 대비 주가가 상승했고, TIGER 코스닥150,호텔신라, 삼성증권 등은 주가가 하락했다.  [05월21일]거래소 외국인 순매수 상위 종목       한경로보뉴스  이 기사는 한국경제신문과 씽크풀이 공동 개발한 기사 자동생성 알고리즘에 의해 실시간으로 작성된 것입니다. - 기사관련문의 02-3277-9940    기업의 환율관리 필수 아이템! 실시간 환율/금융서비스 한경Money [ 무료 주식 카톡방 ] 국내 최초, 카톡방 신청자수 38만명 돌파 < 업계 최대 카톡방 > --> 카톡방 입장하기!!     ⓒ 한국경제 & hankyung.com, 무단전재 및 재배포 금지"
252,4,"2018-05-23","08:31:14","""LG그룹 승계 이슈"" 차기주도株 TOP3","@media all and (max-width: 400px) {img{max-width:340;height:auto;}}.dayTBL a:link {font-family: 돋움;font-size: 11px;line-height: 18px;color:#666666;text-decoration: none}.dayTBL a:visited {font-family: 돋움;font-size: 11px;line-height: 18px;color: #666666;text-decoration: none}.dayTBL a:hover {font-family: 돋움;font-size: 11px;line-height: 18px;color: #840000;text-decoration: none}.dayTBL nobr {width:85px; text-overflow:ellipsis; overflow:hidden; cursor:pointer; float:left}.todayBDb {border-bottom: #000000 0.5pt solid}.tblGrp{padding:0; border-spacing:0; border-collapse:collapse; border:0;vertical-align:top;width:279px}.tblGrp td{vertical-align:top}.dayTBL {width:93px; padding:0; border-spacing:0; border-collapse:collapse; vertical-align:top; border:0}.dayTBL td{font-size:12px; font-family:돋움; color:#333333;line-height:18px;padding:0}.divSch1{float:left}.divSch2{float:left}.divLink{float:left;margin-right:10px;margin-bottom:5px;}.tdSch{border: #E6E6E6 0.1pt solid;height:75;padding:0}.tdSchToday {border: #000000 1pt solid;height:75;background-color:#fffff0;padding:0}.tdSchTomorrow {border-left:0}.tdSchYesterday {border-right:0}.tdDate{background-color:#c8e7ff;height:10;text-align:center}.ad {text-align:center; font-size:8pt; font-family:돋움;line-height:1.2}.lg {margin-bottom:20px;}.title{font-size:15px;color:#203c76;font-weight:bold;margin-bottom:20px;}a,img {border:0; outline:none; selector-dummy:expression(this.hideFocus=true);}body,td,select,input,div,form,textarea,center,option,pre,blockquote {font-size:9pt; line-height:1.6; font-family:돋움;}table{width:100%; border:0px;}@media (min-width:650px){img {max-width:600px;height:auto}}@media (max-width:650px){img {max-width:500px;height:auto}}@media (max-width:550px){img {max-width:400px;height:auto}}@media (max-width:450px){img {max-width:300px;height:auto}}@media all and (max-width: 400px) {img {max-width:300px;height:auto}.tbl_dmd {width:340;text-align:right;border-collapse:collapse;}}.pv{display:none;}.popup {cursor : pointer;color:#0078c6;}.mttl {color:#821e1e;font-weight:bold;font-size:9pt;}.tldot {font-size:7pt;color:#0078c6;}td.pls {color:#ff3300;}td.mns {color:blue;}td.pls_ar {text-align:right;color:#ff3300;}td.ar {text-align:right;}td.ac {text-align:center;}.tbl_dmd {width:380;text-align:right;border-collapse:collapse;}.tbl_dmd {max-width:400;min-width:340;text-align:right;border-collapse:collapse;}.tbl_dmd td {padding-right:5;border:1px solid #dcdcdc;}.tbl_con {width:340;border-collapse:collapse;text-align:center;}.tbl_con td {padding-right:5;border:1px solid #dcdcdc;}r {display:none;}"
252,5,"2018-05-23","08:31:14","【남북경협株】 ""건설 인프라"" 최대 수혜株","@media all and (max-width: 400px) {img{max-width:340;height:auto;}}.dayTBL a:link {font-family: 돋움;font-size: 11px;line-height: 18px;color:#666666;text-decoration: none}.dayTBL a:visited {font-family: 돋움;font-size: 11px;line-height: 18px;color: #666666;text-decoration: none}.dayTBL a:hover {font-family: 돋움;font-size: 11px;line-height: 18px;color: #840000;text-decoration: none}.dayTBL nobr {width:85px; text-overflow:ellipsis; overflow:hidden; cursor:pointer; float:left}.todayBDb {border-bottom: #000000 0.5pt solid}.tblGrp{padding:0; border-spacing:0; border-collapse:collapse; border:0;vertical-align:top;width:279px}.tblGrp td{vertical-align:top}.dayTBL {width:93px; padding:0; border-spacing:0; border-collapse:collapse; vertical-align:top; border:0}.dayTBL td{font-size:12px; font-family:돋움; color:#333333;line-height:18px;padding:0}.divSch1{float:left}.divSch2{float:left}.divLink{float:left;margin-right:10px;margin-bottom:5px;}.tdSch{border: #E6E6E6 0.1pt solid;height:75;padding:0}.tdSchToday {border: #000000 1pt solid;height:75;background-color:#fffff0;padding:0}.tdSchTomorrow {border-left:0}.tdSchYesterday {border-right:0}.tdDate{background-color:#c8e7ff;height:10;text-align:center}.ad {text-align:center; font-size:8pt; font-family:돋움;line-height:1.2}.lg {margin-bottom:20px;}.title{font-size:15px;color:#203c76;font-weight:bold;margin-bottom:20px;}a,img {border:0; outline:none; selector-dummy:expression(this.hideFocus=true);}body,td,select,input,div,form,textarea,center,option,pre,blockquote {font-size:9pt; line-height:1.6; font-family:돋움;}table{width:100%; border:0px;}@media (min-width:650px){img {max-width:600px;height:auto}}@media (max-width:650px){img {max-width:500px;height:auto}}@media (max-width:550px){img {max-width:400px;height:auto}}@media (max-width:450px){img {max-width:300px;height:auto}}@media all and (max-width: 400px) {img {max-width:300px;height:auto}.tbl_dmd {width:340;text-align:right;border-collapse:collapse;}}.pv{display:none;}.popup {cursor : pointer;color:#0078c6;}.mttl {color:#821e1e;font-weight:bold;font-size:9pt;}.tldot {font-size:7pt;color:#0078c6;}td.pls {color:#ff3300;}td.mns {color:blue;}td.pls_ar {text-align:right;color:#ff3300;}td.ar {text-align:right;}td.ac {text-align:center;}.tbl_dmd {width:380;text-align:right;border-collapse:collapse;}.tbl_dmd {max-width:400;min-width:340;text-align:right;border-collapse:collapse;}.tbl_dmd td {padding-right:5;border:1px solid #dcdcdc;}.tbl_con {width:340;border-collapse:collapse;text-align:center;}.tbl_con td {padding-right:5;border:1px solid #dcdcdc;}r {display:none;}    제목: 【남북경협株】 ""건설 인프라"" 최대 수혜株 <!--@media all and (max-width: 400px) {img{max-width:340;}}--> TODAY ‘핫 토픽’ <주식 투자 포인트>    ☞ 【테마주】 2018년 상반기! 상한가 예상 주도株 TOP 5 (확인)   엑스원에서는 증권사 리포트 분석과 함께 기업 탐방 그리고 AI 머신 러닝 기술을 바탕으로 추천주를 포착해주고 있다. 오늘의 추천주도 알고리즘 시스템에서 상승 예상 1위 종목으로 꼽힌 종목이다.   링크를 눌러오늘의 추천주 수신신청을 하면 1) 매수가 2) 목표가 3) 손절가 까지 한번에 받아 초보투자자, 직장인들 역시도 쉽고 빠르게 매매가 가능하다.   마이너스 계좌로 힘들었던 지난 나날, 검증 된 상승 유망주 1개로 수익 전환해보길 바란다.    오늘의 관심종목 현대로템, 현대건설, 삼성전자, 삼성바이오로직스, 에이치엘비   ☞ 【POINT】 中 ‘시진핑 시대’ 정부 정책 최대수혜주 TOP 10 (확인)   ☞ 긴급 - 올해 평균 82% 급등… 2018년 분기별 시장 주도 섹터는 (바로 확인)             <본 내용은 해당업체에서 제공한 내용입니다.>    [이슈&섹터 스케줄]    2018-05-21 - 독일 증시 휴장 - 여야, 특검·추경 동시 처리 예정 - 2018년 AfDB 연차총회 개최 예정   2018-05-22 - 석가탄신일 - 국내, 홍콩 증시 휴장 - 韓-美 정상회담   2018-05-23 - 월드IT쇼(WIS) 개최 - 2018 글로벌 액셀러레이터 컨퍼런스 & 데모데이 개최 - 폼페이오, 美 하원 청문회 출석 예정(현지시간)      2018-05-24 - 금융통화위원회 - 文 대통령, 정부 개헌안 국회 표결 예정 - 韓-中 산업장관 회의 개최 예정   2018-05-25 - 미국 제외 이란 핵 합의 당사국 이행 문제 논의 예정(현지시간) - 삼성전자, 갤럭시S9·S9+ 버건디레드 출시 예정 - 삼성바이오로직스 감리위 2차회의   2018-05-26 - 동원 보호예수 해제 - 오늘의 프로야구      Copyright ⓒ True&Live 증시뉴스 점유율1위, 인포스탁(www.infostock.co.kr) 인터넷신문(경기아51008)/무단전재 및 배포금지   본 뉴스(정보)는 해당종목의 매수/매도신호가 아니며, 이를 근거로행해진 거래에 대해 책임을 지지 않습니다."
252,6,"2018-05-23","08:31:10","해설위원 제안 수락·시계 선물…박지성·배성재 ‘특별한 인연’화제","[헤럴드경제=이슈섹션] SBS 러시아 월드컵 해설위원으로 변신한 박지성이 ‘본격연예 한밤’에 출연해 화제다. 더구나 배성재 아나운서와의 특별한 인연이 알려지면서 오늘(23일) 오전 주요포털 실검으로 등극했다.  전날 방송된 SBS ‘본격연예 한밤’에서는 2018 러시아월드컵 중계를 맡은 박지성과 배성재 아나운서와의 인터뷰가 공개됐다. 박지성은 이 자리에서 월드컵 해설위원으로 데뷔한 이유에 대해 “SBS 측에서 계속 제안이 있었고 배 아나운서의 권유와 설득도 수차례 들었다”며 뒷얘기를 공개했다.  배 아나운서는 박지성과 김민지를 이어준 ‘사랑의 오작교’이기도 하다. 배 아나운서는 두 아이의 아빠가 된 박지성이 최근 차지한 포지션은 바로 ‘부엌형 미드필더’라고 전하며 일상에서의 친분을 드러내기도 했다.    배성재 아나운서의 SNS캡처.  배 아나운서는 “박지성은 집안일도 잘 돕고 정말 자상하다. 박지성에게 아빠가 뭘 해야 하고 남편이 뭘 해야 하는 지를 많이 배웠다”고 말해 눈길을 끌었다.  이런 가운데 배 아나운서는 박지성 해설위원에게 받은 선물을 자신의 SNS에 올려 화제가 되기도 했다. 배 아나운서는 자신의 인스타그램에 “박지성 해설위원의 선물#에헴”이라는 글과 함께한 장의 사진을 올렸다.  사진 속에는 선물 받은 시계를 찬 배 아나운서의 즐거운 모습과 그 뒤로 박지성의 모습이 눈길을 끈다.  onlinenews@heraldcorp.com    [프리미엄 링크] ◆ [평생무료] ""주식카톡방"" 대박주를 추천받는데 100원도 안낸다~ ◆ 무료O, 회원가입X. 바로보는 증권전문가의 실시간 라이브방송.  10%수익을 40%로 만들어 준다고?? 영웅스탁론이라면 가능~! [영웅스탁론]효과적인 레버리지를 이용하여 수익률을 4배로!!    이 종목 미리 알았더라면.. 화제의 급등주검색기 실전투자 300%비법 무료체험 3일신청시 [즉시공개!]     김태희, 로또 대박?! 20억 당첨금 공개..    테마주!외국인+기관 쌍끌이 매집중인 종목 전문가들도 탐내는 급등주 공식 무료배포! [클릭]    [오늘의 인기기사] ◆ [국대스탁론]업계 최저금리 2.29%! 100%한종목 투자가능+신용/ 미수 대환가능 ◆ [국민스탁론]저렴한 연2.7% 금리로 최대 4배 투자 가능 ◆ [마감임박] '급등주 문자메시지' 100% 무료로 받아보기! ◆ [상한가속출] ""깜짝놀랐다"" 카톡무료체험으로 3000만원 수익달성!  ◆[밴드스탁론] 연 2%대 금리, 신용 미수 대환 가능, 주식자금 전문 ☏ 1899-9044 ◆똑똑해진 소비자..한국도 이젠 소형차 시대 ◆2020년 한국 TV 2대중 1대 인터넷 연결된다"
252,7,"2018-05-23","08:31:03","컴투스, 목표가 21만5000원 유지...전일종가 17만7000원 -키움證","[서울=뉴스핌] 로보뉴스 = 키움증권은 23일 컴투스에 대한 투자의견을 매수, 목표주가를 21만5000원으로 유지했다.      컴투스는 서머너즈워, 컴투스 프로야구 등 국내 대표 모바일 게임 제작사다. 키움증권 김학준 애널리스트가 작성한 컴투스 리포트 주요내용은 아래와 같다.  ▶ 기대되는 2Q실적 ▶ 스카이랜더스의 CBT성과 ▶ 상반기분수령이 될 스카이랜더스 CBT  컴투스는 올해 1분기 연결기준 잠정 매출액이 1140억1300만원으로 전년 동기 1202억5900만원 대비 5.1% 감소했다. 같은기간 영업이익은 394억1900만원으로 전년 동기 500억7700만원 대비 21.2% 줄었다. 지배지분 순이익은 364억9600만원으로 전년 동기 366억9300만원 대비 0.5% 감소했다.      【4월 핵심유망주】무료 청취 ☎ 1577-1114    지난 21일 주가는 전일대비 3.21% 상승한 17만7000원으로 마감했다.      【포착】 내일 급등 유망주, 지금 알려드립니다!"
253,1,"2018-05-23","08:28:01","5월 23일 장전 조회상위 Top 20종목","장전 조회상위 Top 20종목   <!--.tbl1 {FONT-SIZE:9pt;border-collapse:collapse;text-align:center;margin-top:7px;width:340px;}.tbl1 td {FONT-SIZE:9pt;border:1px solid #dcdcdc;padding:3px;}-->   순위종목명종목코드  1삼성전자005930 2현대로템064350 3대아티아이045390 4현대건설000720 5보락002760 6깨끗한나라004540 7빅텍065450 8셀트리온068270 9삼성바이오로직스207940 10현대엘리베이017800 11에스모073070 12신라젠215600 13우리종금010050 14국일제지078130 15아난티025980 16파미셀005690 17동양철관008970 18SK하이닉스000660 19현대시멘트006390 20에코마이스터064510     07:00 ~ 08:20 집계 기준    * 본 정보는 키움빅데이터의 추정치로 투자자의 관심이 증가한 종목군을 의미할 뿐 상승이나 하락의 신호로 볼 수없는 단순 참고자료이며, 이를 근거로 행해진 거래에 대해서는 책임을 지지 않습니다."
253,2,"2018-05-23","08:27:58","한화생명, 단기 모멘텀 제한적…목표가 하향-하나금융","[뉴스토마토 신송희 기자] 하나금융투자는 23일 한화생명(088350)에 대해 저평가 매력은 충분하나단기 모멘텀은 제한적이라며 목표주가를 8000원으로 하향했다. 투자의견은 매수를 유지했다.     오진원 하나금융투자 연구원은 “금리고정형 준비금 비중 및 평균예정이자율이 높다는 점에서 글로벌 금리 상승의 관점에서는 긍정적 변화”라면서도 “이차스프레드의 개선이 손익계산서에서 확인되려면 내년 하반기는 돼야 확인이 가능하다”고 말했다.     오 연구원은 “단기적으로는 증시 부진으로 인해 올해 변액보증 준비금의 환입 규모 축소가 불가피하다”고 분석했다.     한화생명의 1분기 순이익은 전년대비 37% 줄어든 1146억원을 기록해 컨센서스를 하회했다. 그는 “변액보증 준비금의 효과 감소와 투자이익률의 하락 때문”이라고 평가했다.     그는 “보험손익 개선과 중장기 이차손익의 개선 여력을 감안할 때 저평가 매력은 분명하다”며 “다만 단기적으로 실적 기고효과와 예금보험공사의 추가적인 지분 매각 불확실성은 부담요인”이라고 평가했다.     신송희 기자 shw101@etomato.com [관련기사] · 보험주, 금리 상승으로 보유가치 확대…주가 모멘텀 회복 가능 · 지급여력비율 관리에 생보업계 '빅3'도 고심 [신송희 기자의 다른 뉴스] · (e종목Why)증시에 안착한 ‘테슬라1호’ 카페24  · 21일 코스닥 순매매 개인 상위종목(확정) [이 시각 주요뉴스] · 트럼프 ""북미회담 안 열려도 괜찮아…김정은, 시진핑 만나고 변해"" · 캐피탈 업계, 금융당국 압박에 기존 24% 초과 대출 금리 인하키로  -경제전문 멀티미디어 뉴스통신 뉴스토마토 저작권자(c)뉴스토마토통신. 무단전재-재배포 금지-"
253,3,"2018-05-23","08:27:46","미-캐나다의 40개 관련 감독당국 암호화폐 사기 공동조사","@media all and (max-width: 400px) {img{max-width:340;height:auto;}}.dayTBL a:link {font-family: 돋움;font-size: 11px;line-height: 18px;color:#666666;text-decoration: none}.dayTBL a:visited {font-family: 돋움;font-size: 11px;line-height: 18px;color: #666666;text-decoration: none}.dayTBL a:hover {font-family: 돋움;font-size: 11px;line-height: 18px;color: #840000;text-decoration: none}.dayTBL nobr {width:85px; text-overflow:ellipsis; overflow:hidden; cursor:pointer; float:left}.todayBDb {border-bottom: #000000 0.5pt solid}.tblGrp{padding:0; border-spacing:0; border-collapse:collapse; border:0;vertical-align:top;width:279px}.tblGrp td{vertical-align:top}.dayTBL {width:93px; padding:0; border-spacing:0; border-collapse:collapse; vertical-align:top; border:0}.dayTBL td{font-size:12px; font-family:돋움; color:#333333;line-height:18px;padding:0}.divSch1{float:left}.divSch2{float:left}.tdSch{border: #E6E6E6 0.1pt solid;height:75;padding:0}.tdSchToday {border: #000000 1pt solid;height:75;background-color:#fffff0;padding:0}.tdSchTomorrow {border-left:0}.tdSchYesterday {border-right:0}.tdDate{background-color:#c8e7ff;height:10;text-align:center}.ad {text-align:center; font-size:8pt; font-family:돋움;line-height:1.2}.lg {margin-bottom:20px;}.title{font-size:15px;color:#203c76;font-weight:bold;margin-bottom:20px;}a,img {border:0; outline:none; selector-dummy:expression(this.hideFocus=true);}body,td,select,input,div,form,textarea,center,option,pre,blockquote {font-size:9pt; line-height:1.6; font-family:돋움;}table{border:0px;}r {display:none;}    제목 : 미-캐나다의 40개 관련 감독당국 암호화폐 사기 공동조사  (뉴욕=박재형 특파원) 미국과 캐나다 증권감독 당국이 암호화폐 투자관련 공동 조사를 통해 다양한 범법행위들을 적발하고 있다.  미국과 캐나다의 40개 관계 당국으로 구성된 북미증권관리자협회(NASAA) 는 21일(현지시간) 보도자료를 통해, 의심스러운 암호화폐 투자 단속을 위해 ‘크립토스윕 작전’을 실시하고 있다고 발표했다.  보도자료에 따르면, 양국 중앙정부 및 지방정부의 증권감독 당국은 5월부터 시작된 단속을 통해 70건 가까운 혐의들을 조사해, 그 중 35건에 대한 사법처리를 완료 또는 진행 중이다.  NASAA는 올해 초 암호화폐와 ICO(암호화폐공개) 관련 주요 투자자들의 주의를 요구한 바 있으며, 이번 조사는 그 중 의심스러운 ICO들에 초점을 맞추고 있다고 밝혔다.  사기 위험이 있는 것으로 조사된 ICO들은 주로 사업체의 허위주소지, 하루 최대 4%의 수익률 보장 등의 수법을 사용한 것으로 드러났다.  특히 일부 사기성 ICO는 유명인의 사진을 도용해 그들이자사의 상품을 보증하는 것처럼 보이도록 하는 방법까지 동원했다.  NASSA의 조셉 브로그 회장은 모든 암호화폐 투자 또는 ICO가 사기는 아니라면서, 협회 소속 기관들은 이와 관련된 잠재적 범법행위 방지를 위해 최선을 다하고 있다고 강조했다.  블록미디어 제공/ 박재형 특파원 jhppol@blockmedia.co.kr https://www.blockmedia.co.kr/news/article_view/?gCode=AB100&idx=1690   해당 기사는 아이뉴스24(www.inews24.com)에서 제공한것이며 저작권은 제공 매체에 있습니다. 기사 내용 관련 문의는 해당 언론사에 하시기 바랍니다.  ■[하이스탁론] 주식자금이 필요할 땐 ☎ 1599-6222 연 3% 업계 최저금리, 자기자본 포함 최대 4배, 연장수수료 無 주식 매도 없이 미수, 신용 대환 / 마이너스통장식 / 기대출자도 가능 ☞ 14년 연속 스탁론 점유율 1위, 노주현이 추천하는 [하이스탁론 바로가기]  ▶【급등임박株】 “정책+실적+수급분석 완료” 주도주 '2선' 추천받기  ◆""숨은 진주발굴"" 당뇨치료제 상용화 임박! <재료주공개>   [이슈&섹터 스케줄]    2018-05-21 - 독일 증시 휴장 - 여야, 특검·추경 동시 처리 예정 - 2018년 AfDB 연차총회 개최 예정   2018-05-22 - 석가탄신일 - 국내, 홍콩 증시 휴장 - 韓-美 정상회담   2018-05-23 - 월드IT쇼(WIS) 개최 - 2018 글로벌 액셀러레이터 컨퍼런스 & 데모데이 개최 - 폼페이오, 美 하원 청문회 출석 예정(현지시간)      2018-05-24 - 금융통화위원회 - 文 대통령, 정부 개헌안 국회 표결 예정 - 韓-中 산업장관 회의 개최 예정   2018-05-25 - 미국 제외 이란 핵 합의 당사국 이행 문제 논의 예정(현지시간) - 삼성전자, 갤럭시S9·S9+ 버건디레드 출시 예정 - 삼성바이오로직스 감리위 2차회의   2018-05-26 - 동원 보호예수 해제 - 오늘의 프로야구      Copyright ⓒ True&Live 증시뉴스 점유율1위, 인포스탁(www.infostock.co.kr) 인터넷신문(경기아51008)/무단전재 및 배포금지   본 뉴스(정보)는 해당종목의 매수/매도신호가 아니며, 이를 근거로행해진 거래에 대해 책임을 지지 않습니다."
253,4,"2018-05-23","08:27:45","통신서비스, 5G 비판적인 인식 주파수 경매 이후 본격 개선 전망","@media all and (max-width: 400px) {img{max-width:340;height:auto;}}.dayTBL a:link {font-family: 돋움;font-size: 11px;line-height: 18px;color:#666666;text-decoration: none}.dayTBL a:visited {font-family: 돋움;font-size: 11px;line-height: 18px;color: #666666;text-decoration: none}.dayTBL a:hover {font-family: 돋움;font-size: 11px;line-height: 18px;color: #840000;text-decoration: none}.dayTBL nobr {width:85px; text-overflow:ellipsis; overflow:hidden; cursor:pointer; float:left}.todayBDb {border-bottom: #000000 0.5pt solid}.tblGrp{padding:0; border-spacing:0; border-collapse:collapse; border:0;vertical-align:top;width:279px}.tblGrp td{vertical-align:top}.dayTBL {width:93px; padding:0; border-spacing:0; border-collapse:collapse; vertical-align:top; border:0}.dayTBL td{font-size:12px; font-family:돋움; color:#333333;line-height:18px;padding:0}.divSch1{float:left}.divSch2{float:left}.tdSch{border: #E6E6E6 0.1pt solid;height:75;padding:0}.tdSchToday {border: #000000 1pt solid;height:75;background-color:#fffff0;padding:0}.tdSchTomorrow {border-left:0}.tdSchYesterday {border-right:0}.tdDate{background-color:#c8e7ff;height:10;text-align:center}.ad {text-align:center; font-size:8pt; font-family:돋움;line-height:1.2}.lg {margin-bottom:20px;}.title{font-size:15px;color:#203c76;font-weight:bold;margin-bottom:20px;}a,img {border:0; outline:none; selector-dummy:expression(this.hideFocus=true);}body,td,select,input,div,form,textarea,center,option,pre,blockquote {font-size:9pt; line-height:1.6; font-family:돋움;}table{border:0px;}r {display:none;}"
253,5,"2018-05-23","08:27:39","파이브지티, 치매 환자 집안 출입 돕는 ‘유페이스키’ 동행 캠페인 실시","국내 최초로 아파트에 얼굴 인식 보안솔루션을 도입한 파이브지티가 치매노인을 돕기 위해 얼굴인식 보안 로봇 ‘유페이스키(Ufacekey)’를 무료로 제공해 설치하는 동행 캠페인을 실시한다고 23일 밝혔다.  이번 행사는 치매노인이 있는 가정에서 일어나는 문제로 가족들의 어려움을 해결하기 위해 마련했다.   유페이스키는 치매노인이 비밀번호를 잊어버린 경우 집안 출입을 못하는 상황을 해결할 수 있어 가족에게 일어나는 스트레스와 걱정을 줄여준다. 또한 치매노인이 실종됐을 때 유페이스키 출입기록에 따라 치매노인의 집안 출입 이력을 바로 확인할 수 있어 응급상황에 더욱 효과적으로 대응할 수 있다.  행사 참여는 치매노인이 있는 모든 가정을 대상으로 한다.  치매노인을 돌보는 가족이유페이스키가 필요한 이유와 사연을 적어 파이브지티 홈페이지 팝업창에 게시된 캠페인 행사 소개에 있는 이메일 주소로 응모하면 된다.   7월 초 1차로 사연을 선정한 후, 파이브지티의 유페이스키 설치 담당자가 당첨된 가정을 방문해 설치환경을 확인해 7월 중순 2차 최종 당첨자를 발표한다. 사연 응모는 오는 6월 말까지 진행되며 당첨자는 개별 공지할 예정이다.  파이브지티 정규택 대표는 “치매노인이 있는 가정에 얼굴인식 보안 로봇 유페이스키를 설치하면 치매노인들이 비밀번호를 잊어버려도 집안 출입이 가능할 뿐만 아니라 출입기록도 확인할 수 있어 가족들이 외부에서도 안심할 수 있다”며 “이번 행사를 통해 치매노인 집안 출입, 실종 등 사회적 문제를 해결할 수있는 안전망 구축을 확대하는 계기가 되길 바란다”고 말했다.  한편, 가정용 얼굴인식 보안 로봇 유페이스키(Ufacekey, 모델명: GTFR-6000S)는 사용자의 얼굴에서 4 만여 개의 특징을 포착해 얼굴을 인식해 화면을 바라보면 1초 이내에 인증이 완료되어 문을 열어준다. 적외선 카메라를 사용해 어두운 환경에서도 얼굴인식이 가능하다. 위급 상황 경보 시스템이 탑재되어 있어 사전에 등록한 표정 변화에 따라 위급 상황으로 인지할 수 있어 가족 등 지정된 스마트폰과 경비실 PC, 경찰서 등에 위급 상황 알람을 전송한다. 또한 신속히 주변에 위급한 상황을 알릴 수 있어 범죄 대처에 빠르다. 보안 사각지대에 있는 일반 주거 지역은 물론 최근 여성 1인 가구에서 일어나는 범죄 예방에도 효과적이다. 사전에 얼굴 인식 등록 시 표정 변화에 따른 특징점의 가중치를 높이는 기술을 이용해 평상시 출입을 위한 일반 등록한 표정 외에 놀람, 무서움 등 다양한 얼굴 표정을 위급 상황 얼굴인식 등록이 가능하다.  yutoo@fnnews.com 최영희 중소기업전문기자  ▶'모멘텀 집중' 저가에서 매집해둬야 할상반기 유망주 3선 (지금 확인)   [파이낸셜뉴스 주요뉴스]  → '공천갈등 진화' 나선 바른미래 지도부..살얼음판 여전 → 靑, 드루킹-'親文' 송인배 연루설에 '당혹'‥적극 해명 → 일주일사이에 로또 1등 2번 당첨된 40대 남성 → 초등생 고속도 휴게소 방치 혐의 교사 벌금 800만원 → 심부전 위험줄이려면, 일주일간 150분 운동하라  ▶ <긴급공개> 억대계좌 이종목에서 또 터진다!    ※ 저작권자 ⓒ 파이낸셜뉴스. 무단 전재-재배포 금지 "
253,6,"2018-05-23","08:27:13","위메프, ‘포괄임금제 폐지···동일 수준 급여 제공’","이커머스 기업 위메프가 포괄임금제를 폐지한다.   위메프는 오는 7월부터 시행되는 근로시간 단축에 맞춰 임직원의 실질 급여 감소 등 부작용을 차단하기 위해 포괄임금제 폐지를 결정했다고 23일 밝혔다. 이번 포괄임금제 폐지는 6월부터 바로 적용된다. 위메프는 내부 캠페인 진행, 임직원 의견 취합 등을 거쳐 미흡한 부분을 보완할 예정이다.  위메프 관계자는 “24시간 운영되는 서비스특성상 포괄임금제 폐지는 임금 상승 부담이 있지만 포괄임금제 유지가 근로시간 단축의 긍정적 취지와 상충되는 부분이 있어 과감히 현 제도를 폐지하는 게 바람직하다고 판단했다”고 폐지 배경을 설명했다.   포괄임금제는 근로형태나 업무 특성상 근무시간 산정이 어려운 직종을 대상으로 계산상 편의를 위해 연장·야간 근로 등 예정돼 있는 시간 외 근로 시간을 미리 정한 후 매월 일정액을 급여에 포함시켜 지급하는 제도다. 하지만 일부 야근이 잦은 직종에서는 사실상 임금 제약, 장시간 근로 강제 등 악용의 여지가 있다는 지적이 있어왔다.   위메프가 이번 포괄임금제 폐지를 결정하며 심혈을 기울인 사안은 근로시간 단축 제도의 조기 정착과 함께 실질 급여 감소를 차단하는 것. 이를 위해 위메프는 기존 제도 폐지 후에도 시간 외 근로 수당을 포함한 기존 급여액과 동일한 수준의 급여를 지급한다. 또한 업무특성상 부득이하게 40시간 이상 초과 근무를 할 경우에도 이에 해당하는 초과수당은 별도로 지급한다.  아울러 업무시간 단축에 따른 시간당 업무량 증가는 신규인력 충원 및 주40시간 내 업무시간에 역량을 집중할 수 있는 환경 조성을 병행해 해결한다는 방침이다.   실제로 위메프는 올해 상반기 80여명의 정규직 신입사원을 공개채용했고 하반기에도 50명 이상의 신입사원을 채용할 계획이다. 전체 임직원 수도 지난해말 기준 1,485명에서 5월 현재 1,637명으로 10% 이상 늘렸다. /이재유기자 0301@sedaily.com    ▶▶ 2018년 정부 정책 수혜주 TOP 10 大공개! (바로 확인)  ▶▶ 재료노출 임박한 상위1%의 극비정보 30명한정 공개(무료)    [ⓒ 서울경제, 무단 전재 및 재배포 금지]"
253,7,"2018-05-23","08:26:58","생보업계 1분기 순익, 전년보다 22% 줄어…숨은보험금 영향","금융감독원은 국내 생명보험사들이 올해 1분기에 전년 동기 대비 22% 감소한 1조2324억원의 순이익을 낸 것으로 잠정 집계됐다고 23일 밝혔다.  생보사들은 보험영업에서 5조6733억원 손실을 냈고, 투자영업 이익 5조9722억원으로 이를 메웠다. 이 밖에 영업외이익이 1조3442억원, 법인세비용이 4107억원이다.   보험영업손실이 5664억원 늘어난 반면 투자영업이익은 623억원 줄어 순이익 감소로 이어졌다.  금감원은 ""저축성보험의 수입보험료가 2조7000억원 줄었고 숨은 보험금 찾아주기 캠페인 등으로 지급보험금이 1조9000억원 늘어난 게 보험영업 손실의 큰 요인""이라고 설명했다.  금감원은 숨은 보험금의 전체 규모가 7조4000억원에 이를 것으로 추정한 바 있다.  투자영업이익 감소는 금리 상승으로 유가증권 처분·평가이익이 줄어든 탓이다. 삼성·한화·교보 등 3개 대형사(7245억원)와 8개 외국계 생보사(2839억원)의 순익은 2667억원(26.9%)과 1082억원(27.6%)씩 줄었다.  6개 중소형사(1452억원)와 7개 은행계 생보사(788억원)의 순이익은 각각 283억원(24.3%)과 49억원(6.6%) 증가했다.  여전히 대형사가 시장의58.8%를 차지한 가운데 외국계 23.0%, 중소형 11.8%, 은행계 6.4%의 시장 점유율을 보였다.  1분기 수입보험료는 26조1154억원으로 지난해 같은 기간보다 2조4860억원(8.7%) 감소했다. 보장성이 39.4%, 저축성이 33.0%, 변액이 19.3%, 퇴직연금·보험이 8.3%다. 2011 년 1분기 이후 처음으로 저축성 수입보험료가 보장성보다 적었다. '국제회계기준(IFRS) 17' 등 자본규제 강화에 대비해 생보사들이저축성 상품 판매를 줄이고 보장성 판매를 늘린 결과다.  총자산이익률(ROA)은 0.59%로 지난해 1분기보다 0.21%포인트 하락했다.자기자본이익률(ROE)도 7.03%로 2.38%포인트 하락했다.  한경닷컴 뉴스룸 open@hankyung.com     기업의 환율관리 필수 아이템! 실시간 환율/금융서비스 한경Money [ 무료 주식 카톡방 ] 국내 최초, 카톡방 신청자수 38만명 돌파 < 업계 최대 카톡방 > --> 카톡방 입장하기!!     관련기사 금리 0.5%p 상승하면 생보업계 7조 평가손 KB·신한, ING생명 인수전 '격돌'…생보업계 지각변동 예고 ""숨은 보험금 7.4조 찾아가세요""    ⓒ 한국경제 & hankyung.com, 무단전재 및 재배포 금지"
254,1,"2018-05-23","08:23:00","""美 시장 부진 속 돋보인 IT·산업재 섹터 비중 확대""","[이데일리 안혜신 기자] 유안타증권은 미국시장 부진 속에서도 신뢰가 유지됐던 사안과 관련된 섹터에 관심을 높여야한다고 주장했다.  조병현 유안타증권 연구원은 23일 “연초 이후 증시가 지지부진한 흐름을 보이는데 영향을 미친 몇 가지 소재들은 그 효과가 소진되고 있다”며 “국내 증시에서도 미국 시장 부진 속에서도 신뢰가 유지됐던 사안과 관련된 섹터에 대한 관심을 가져 볼 필요가 있다”고 말했다.  1월 말 급락 이후 국내 증시나 미국 증시 모두 지지부진한 흐름에서 쉽게 벗어나지 못하고 있다. 미국 증시의 연 중 섹터별 퍼포먼스를 기준으로 보면 통신, 유틸, 필수 소비재의 부진이 특징적으로 나타나고 있다. 즉, 전반적으로 경기 방어주의 부진이 뚜렷하게 확인되고 있는 만큼 경기민감주 투자 컨셉이 유지되고 있는 것이다.  미국 증시에서도 가장 강한 흐름을 보였던 것은 에너지 섹터다. 에너지섹터는 정유 등 다각화된 기업 보다는 추출 기업들의 퍼포먼스가 좀 더 강했다. 유가 상승에 대한 기대를 반영한 모습으로 풀이된다. IT 섹터의 경우 등락은 있었지만 고점을 조금씩이나마 높여가는 견조한 흐름이 확인되고 있다. 엔비디아 등 신기술 관련주 뿐만 아니라 마이크론 같이 국내 IT 업황과 밀접한 연관성을 지닌 기업들의 퍼포먼스도 양호했다.  조 연구원은 “나쁘지 않은 글로벌 업황과 이익 리비전의 바닥 통과, 환 부담의 완화, 벨류에이션 메리트 등을 향유할 수 있는 IT 섹터에 대한 관심이 필요하다”며 “미국 시장이 지지부진한 흐름을 경험하는 가운데서도 신뢰도가 높게 유지됐던 유가 상승을 향유할 수 있는 산업재에 대한 비중 확대 역시 유효한 투자 전략”이라고 주장했다.  ▶계좌회복프로젝트! 상위 전문가의 투자전략 및 추천종목‘[무료확인]’ ▶14년 연속 1위, 대한민국 대표 스탁론 하이스탁론 '     >' ＜ⓒ종합 경제정보 미디어 이데일리 - 무단전재 & 재배포 금지＞   "
254,2,"2018-05-23","08:22:51","대통령 찾은 대한제국공사관, 박물관으로 첫발","대통령 찾은 대한제국공사관, 박물관으로 첫발   옛 공관 복원해 정식 개관…113년 만에 태극기 게양     (서울=연합뉴스) 박상현 기자 = 대한제국이 미국에서 자주 외교 노력을 펼친 현장인 워싱턴 주미대한제국공사관이 22일(현지시간) 정식개관했다.  문재인 대통령은 이날 도널드 트럼프 미국 대통령과 정상회담을 한 뒤 회담 장소인 백악관에서 약 1.5㎞ 떨어진 공사관을 찾아 전시실을둘러봤다.  2012년 문화재청이 매입한 주미대한제국공사관에 대한민국 대통령이 방문한 일은 처음이다.  오전에 열린 개관식에는 한국과 미국 정부 관계자, 주미대한제국공사관 공관원이던 박정양ㆍ이상재ㆍ장봉환 후손, 재미교포 대표와 현지주민 대표가 참석했다. 우리 정부는 1905년 을사늑약 이후 113년 만에 태극기를 게양하며 공사관이 대한민국 역사와 한미관계사를 알리는 역사박물관으로 첫발을 내디뎠음을 선포했다.  워싱턴 로건 서클에 있는 공사관은 1877년 빅토리아양식으로 지은 지하 1층, 지상 3층 건물이다. 이하영 대리공사가 1889년 2월 입주한뒤 일제가 대한제국 외교권을 박탈한 을사늑약까지 주미공관으로 사용됐다.  그러나 1910년 경술국치 이후 일제가 5달러에 사들인 뒤 미국인에게 10달러에 팔아넘기면서 외국인 손에 넘어갔다. 이후 미군 휴양시설과 화물운수노조 사무소로 쓰이면서 내부가 훼손됐다.     문화재청과 국외소재문화재재단은 보수 공사를 통해 내부를 최대한 옛 모습에 가깝게 되살리고, 건물 외부에는 불로문(不老門)과 박석(薄石)을 갖춘 한국 정원을 마련했다.  1층에는 접견실인 객당(客堂)과 사교장 기능을 하는 식당(食堂), 중앙 홀이 시카고 만국박람회가 열린 1893년 모습대로 복원됐다.  공사관 업무공간이던 2층에서는 공사 집무실, 서재, 침실, 욕실을 볼 수 있고 3층은 공사관 설치와 변천 과정, 주재원 일상생활 등을 보여주는 자료와 유물로 꾸몄다.  공사관은 화~일요일 오전 10시부터 오후 5시까지 공개되며, 관람료는 없다. 한국어와 영어 해설사가 안내한다. 예약은 공사관 누리집(www.oldkoreanlegation.org)에서 할 수 있다.  문화재청 관계자는 ""주미대한제국공사관은 대한제국 외교공관 가운데 유일하게 원형을 간직한 건물이라는 점에서 문화재적 가치가 매우크다""며 ""임금이 있는 궁을 향해 예를 올리는 망궐례 재연, 로건 서클 역사지구 관람, 외교사 탐방로 체험 등 다양한 프로그램을 개발해 선보일 것""이라고 말했다.  psh59@yna.co.kr   (끝)    <긴급속보 SMS 신청> <포토 매거진> < M-SPORTS >   <저작권자(c) 연합뉴스, 무단 전재-재배포 금지>"
254,3,"2018-05-23","08:22:40","""SK머티리얼즈, 원재료가 하락…수익회복 기대""","@media all and (max-width: 400px) {img{max-width:340;height:auto;}}.dayTBL a:link {font-family: 돋움;font-size: 11px;line-height: 18px;color:#666666;text-decoration: none}.dayTBL a:visited {font-family: 돋움;font-size: 11px;line-height: 18px;color: #666666;text-decoration: none}.dayTBL a:hover {font-family: 돋움;font-size: 11px;line-height: 18px;color: #840000;text-decoration: none}.dayTBL nobr {width:85px; text-overflow:ellipsis; overflow:hidden; cursor:pointer; float:left}.todayBDb {border-bottom: #000000 0.5pt solid}.tblGrp{padding:0; border-spacing:0; border-collapse:collapse; border:0;vertical-align:top;width:279px}.tblGrp td{vertical-align:top}.dayTBL {width:93px; padding:0; border-spacing:0; border-collapse:collapse; vertical-align:top; border:0}.dayTBL td{font-size:12px; font-family:돋움; color:#333333;line-height:18px;padding:0}.divSch1{float:left}.divSch2{float:left}.tdSch{border: #E6E6E6 0.1pt solid;height:75;padding:0}.tdSchToday {border: #000000 1pt solid;height:75;background-color:#fffff0;padding:0}.tdSchTomorrow {border-left:0}.tdSchYesterday {border-right:0}.tdDate{background-color:#c8e7ff;height:10;text-align:center}.ad {text-align:center; font-size:8pt; font-family:돋움;line-height:1.2}.lg {margin-bottom:20px;}.title{font-size:15px;color:#203c76;font-weight:bold;margin-bottom:20px;}a,img {border:0; outline:none; selector-dummy:expression(this.hideFocus=true);}body,td,select,input,div,form,textarea,center,option,pre,blockquote {font-size:9pt; line-height:1.6; font-family:돋움;}table{border:0px;}r {display:none;}"
254,4,"2018-05-23","08:22:38","전일자 증권사 투자의견(하향)","@media all and (max-width: 400px) {img{max-width:340;height:auto;}}.dayTBL a:link {font-family: 돋움;font-size: 11px;line-height: 18px;color:#666666;text-decoration: none}.dayTBL a:visited {font-family: 돋움;font-size: 11px;line-height: 18px;color: #666666;text-decoration: none}.dayTBL a:hover {font-family: 돋움;font-size: 11px;line-height: 18px;color: #840000;text-decoration: none}.dayTBL nobr {width:85px; text-overflow:ellipsis; overflow:hidden; cursor:pointer; float:left}.todayBDb {border-bottom: #000000 0.5pt solid}.tblGrp{padding:0; border-spacing:0; border-collapse:collapse; border:0;vertical-align:top;width:279px}.tblGrp td{vertical-align:top}.dayTBL {width:93px; padding:0; border-spacing:0; border-collapse:collapse; vertical-align:top; border:0}.dayTBL td{font-size:12px; font-family:돋움; color:#333333;line-height:18px;padding:0}.divSch1{float:left}.divSch2{float:left}.divLink{float:left;margin-right:10px;margin-bottom:5px;}.tdSch{border: #E6E6E6 0.1pt solid;height:75;padding:0}.tdSchToday {border: #000000 1pt solid;height:75;background-color:#fffff0;padding:0}.tdSchTomorrow {border-left:0}.tdSchYesterday {border-right:0}.tdDate{background-color:#c8e7ff;height:10;text-align:center}.ad {text-align:center; font-size:8pt; font-family:돋움;line-height:1.2}.lg {margin-bottom:20px;}.title{font-size:15px;color:#203c76;font-weight:bold;margin-bottom:20px;}a,img {border:0; outline:none; selector-dummy:expression(this.hideFocus=true);}body,td,select,input,div,form,textarea,center,option,pre,blockquote {font-size:9pt; line-height:1.6; font-family:돋움;}table{width:100%; border:0px;}@media (min-width:650px){img {max-width:600px;height:auto}}@media (max-width:650px){img {max-width:500px;height:auto}}@media (max-width:550px){img {max-width:400px;height:auto}}@media (max-width:450px){img {max-width:300px;height:auto}}@media all and (max-width: 400px) {img {max-width:300px;height:auto}.tbl_dmd {width:340;text-align:right;border-collapse:collapse;}}.pv{display:none;}.popup {cursor : pointer;color:#0078c6;}.mttl {color:#821e1e;font-weight:bold;font-size:9pt;}.tldot {font-size:7pt;color:#0078c6;}td.pls {color:#ff3300;}td.mns {color:blue;}td.pls_ar {text-align:right;color:#ff3300;}td.ar {text-align:right;}td.ac {text-align:center;}.tbl_dmd {width:380;text-align:right;border-collapse:collapse;}.tbl_dmd {max-width:400;min-width:340;text-align:right;border-collapse:collapse;}.tbl_dmd td {padding-right:5;border:1px solid #dcdcdc;}.tbl_con {width:340;border-collapse:collapse;text-align:center;}.tbl_con td {padding-right:5;border:1px solid #dcdcdc;}r {display:none;}   <!--.ttl {font-weight:bold;FONT-SIZE:9pt;}.tbl {border-collapse:collapse;text-align:center;FONT-SIZE:9pt;}.tbl td {border:1px solid #dcdcdc;FONT-SIZE:9pt;padding:2px;}td.pls {color:#ff3300;FONT-SIZE:9pt;}td.prt {color:#ff3300;text-align:right;FONT-SIZE:9pt;}td.plsb {color:#ff3300;font-weight:bold;FONT-SIZE:9pt;}td.brt {color:#ff3300;font-weight:bold;text-align:right;FONT-SIZE:9pt;}td.mns {color:blue;FONT-SIZE:9pt;}td.mrt {color:blue;text-align:right;FONT-SIZE:9pt;}td.rt {text-align:right;FONT-SIZE:9pt;}td.old {color:#BDBDBD;FONT-SIZE:9pt;}--> 제목 : 전일자 증권사 투자의견(하향)  종목명증권사변경 후변경 전 투자의견목표주가투자의견목표주가  비아트론(141000)하나금융투자BUY23,000BUY32,000 세아베스틸(001430)유진투자Hold28,000Hold34,000 SK(034730)현대차투자BUY350,000BUY370,000      ■[하이스탁론] 주식자금이 필요할 땐 ☎ 1599-6222 연 3% 업계 최저금리, 자기자본 포함 최대 4배, 연장수수료 無 주식 매도 없이 미수, 신용 대환 / 마이너스통장식 / 기대출자도 가능 ☞ 14년 연속 스탁론 점유율 1위, 노주현이 추천하는 [하이스탁론 바로가기]  ▶【급등임박株】 “정책+실적+수급분석 완료” 주도주 '2선' 추천받기  ◆""숨은 진주발굴"" 당뇨치료제 상용화 임박! <재료주공개>   [이슈&섹터 스케줄]    2018-05-21 - 독일 증시 휴장 - 여야, 특검·추경 동시 처리 예정 - 2018년 AfDB 연차총회 개최 예정   2018-05-22 - 석가탄신일 - 국내, 홍콩 증시 휴장 - 韓-美 정상회담   2018-05-23 - 월드IT쇼(WIS) 개최 - 2018 글로벌 액셀러레이터 컨퍼런스 & 데모데이 개최 - 폼페이오, 美 하원 청문회 출석 예정(현지시간)      2018-05-24 - 금융통화위원회 - 文 대통령, 정부 개헌안 국회 표결 예정 - 韓-中 산업장관 회의 개최 예정   2018-05-25 - 미국 제외 이란 핵 합의 당사국 이행 문제 논의 예정(현지시간) - 삼성전자, 갤럭시S9·S9+ 버건디레드 출시 예정 - 삼성바이오로직스 감리위 2차회의   2018-05-26 - 동원 보호예수 해제 - 오늘의 프로야구      Copyright ⓒ True&Live 증시뉴스 점유율1위, 인포스탁(www.infostock.co.kr) 인터넷신문(경기아51008)/무단전재 및 배포금지   본 뉴스(정보)는 해당종목의 매수/매도신호가 아니며, 이를 근거로행해진 거래에 대해 책임을 지지 않습니다."
254,5,"2018-05-23","08:22:31","오늘의 증시 일정-23일","[머니투데이 김도윤 기자] ◇주요 경제지표  -美 MBA주택융자신청지수  -美 5월 마킷제조업PMI  -美 4월 신규주택매매  -유럽 5월 마킷제조업PMI  -유럽 5월 소비자기대지수  -日 5월 닛케이제조업PMI  -日 전체산업활동지수   ◇유상증자  -아이엠   ◇상호변경  -텔콘RF제약(변경전 텔콘)   ◇추가·변경상장  -솔트웍스(국내CB)  -코센(국내CB)  -피앤텔(국내CB)  -DB(국내CB)  -KMH(국내CB)  -지트리비앤티(스톡옵션행사)  -인크로스(스톡옵션행사)  -JYP Ent.(스톡옵션행사)  -두산인프라코어(신주인수권행사)  -오리엔트바이오(신주인수권행사)      주식담보대출도 이제 부담없는 금리로 가능(안내: 02-3775-1497)   ▶▶ 2018년 상반기 급등 예상 종목 BEST 10 (바로 확인)   <키워드림론> 최저금리로 신용·미수 대환 하는 유일한 방법은    [파워 인터뷰]      [관련기사] ☞ 오는 10일 이건희 삼성회장 '와병 만4년'…장비없이 자가호흡 ☞ 아들 곁으로 간 구본무 회장…슬픔 이기고 LG 24년 이끌어 ☞ ""김앤장만 믿었다가""…현대차, 소통 실패의 천문학적 비용  ☞ ""할아버지, 존경해요""…구본무 회장 향한 추모들 ☞ 자연으로 돌아간 구본무 회장 마지막길…소리없는 '울음바다'      주식매입자금? 전화 한통화면 당신은 스마트컨슈머!    최저금리로 신용·미수 대환 하는 가장 경제적인 방법 (바로 확인)   ‘개미’말고 ‘슈퍼 투자자’되고 싶다면?...‘이것’만 잘 이용해도 가능해요!       김도윤 기자 justice@    <저작권자 ⓒ '돈이 보이는 리얼타임 뉴스' 머니투데이, 무단전재 및 재배포 금지>"
254,6,"2018-05-23","08:22:27","전자ㆍ게임 산업 전방위로 번지는 AI인재 확보전","- 삼성전자, 글로벌 AI 네트워크 확대해 1000명 이상 확보 - 5개국에 AI 연구센터 마련  - LG전자, 상시 채용ㆍ소싱 병행 - 통신ㆍ게임업계 AI연구조직 확대 통해 AI콘텐츠 개발 박차  [헤럴드경제=이승환ㆍ박세정 기자] 통신업계를 중심으로 촉발된 AI(인공지능) 인재 확보 경쟁이 최근 가전, 게임 등 전 산업분야로 빠르게 확산되고 있다.   4차 산업혁명과 맞물리며 글로벌 시장에서 AI 신기술을 앞세운 차세대 기술경쟁을 치열해지면서다.   이에 국내 전자업계 양대산맥인 삼성전자와 LG전자는 국내외 AI 인재 확보에 사활을 걸고 있다. 특히 삼성전자는 영국, 캐나다, 러시아 등 전 세계에 AI 네트워크를 구축키로 해 주목된다. 게임업계도 AI콘텐츠 개발을 위한 연구조직 확대에 박차를 가하고 있다.     22일(현지시간) 열린 영국 케임브리지 AI 센터의 개소식에서 김현석 삼성전자 대표이사(가운데)와 케임브리지 AI 센터의 리더인 앤드류 블레이크(Andrew Blake) 박사가 담소를 나누고 있다.   22일(현지시간) 열린 영국 케임브리지 AI 센터 개소식에서 참석자들이 세레모니를 하고 있다.  ▶삼성ㆍLG, AI 인재 확보에 사활= 삼성전자와 LG전자는 올해 출시하는 모든 가전제품에 사실상 AI기술을 적용한다.   이를 위해 양사는 현재 별도의 AI 연구조직을 운영하는 동시에 각 사업부별로 AI전문인력을 투입해 제품 개발에힘을 쏟고 있다. 외부에 공개하지 않는 양사의 AI인력 규모는 수백명에 달하는 것으로 알려졌다.   업계 관계자는 “전자업계에서 AI 기능을 탑재 안한 신제품 출시를 생각하기 어려운 현실”이라며 “전 세계적으로 AI 인력이 부족한 상황에서 한발 앞서 인재를 확보하는데 기업들이 사활을 걸고 있는 상황”이라고 말했다.   삼성전자는 글로벌 AI 연구 역량 강화를 위해 우리나라와 미국에 이어 영국, 캐나다, 러시아에 글로벌 인공지능(AI) 연구센터를 신설한다. 22일(현지시간) 영국 케임브리지에서 유럽 첫 AI센터 개소식을 열었다. 오는 24일에는 캐나다 토론토, 29일에는 러시아 모스크바에 AI센터를 개설해 이미 본격적인 AI 연구가 진행 중인 미국 실리콘밸리와 함께 AI 전 세계 네트워크 구축을 완성할 예정이다.   삼성전자는 글로벌 AI 네트워크를 중심으로 2020년까지 1000명 이상의 AI 인력을 확보하겠다는 목표를 세웠다.   김현석 삼성전자 CE(소비자가전)부문 사장은 최근 가진 ‘삼성 홈IoT&빅스비 미디어데이’에서 “1000명 이상의 (AI 전문)엔지니어를 확보해야 앞으로 우리가 추구하는 AI 분야 기술 발전을 만들어 낼 수있다고 생각한다”고 말했다.   삼성전자는 연구기관을 통한 인재 수혈은 물론 AI 기술력을 보유하고 있는 기업과의 M&A(인수합병)도 적극적으로 추진할 예정이다.   삼성전자 관계자는 “작은 회사라도 AI 기술력을 인정받은 곳과 적극적으로 협력을 모색하고 있다”며 “이는 그 회사의 제품보다도 회사 구성원들을 자연스럽게 채용해 AI전문인력을 확충하겠다는 의미가 크다”고 말했다.   LG전자는 구체적인 인력 확충 규모를 정하기보다 지속적으로 AI인력을 늘려나가겠다는 방침이다. 현재 LG전자는 해외연구소와의 협력을 강화하며 AI연구 기능을 강화하는데 주력하고 있다.   실제 LG전자는 CTO부문 산하 인공지능연구소와 미국, 러시아, 인도 등에 있는 해외 연구소 사이의 긴밀한 협력관계를 구축하고 있다.   LG전자 관계자는 “지난해 신설한 인공지능연구소와 각 사업부별로 AI인력을 계속 확보하고 있는 상황”이라며 “당장 필요한 추가 인력은 소싱(sourcing)을 통해 해결하면서도 사실상 AI인력을 상시적으로 채용하고 있다”    서울 우면동에 위치한 ‘삼성 서울 R&D 캠퍼스’ 사진  ▶IT업계, AI 연구조직 몸집 키우기= 최근 AI분야를 신규 먹거리로 주목하고 있는 게임업계도 AI연구 조직의 몸집을 키우고 인재 확보에 나선 상태다.  AI콘텐츠 플랫폼 사업에 힘을 싣고 있는 엔씨소프트의 경우 2011 년 초 1명으로 시작한 AI 인력을 현재 100여명까지 확보했다.  이재준 엔씨소프트 AI센터장은 지난 2월 기자들과 만난 자리에서 “한 명 한 명을 여러 차례 만나고 직접 뽑은 인재들”이라며 AI 인재 확보의 중요성을 강조하기도 했다.  AI플랫폼 ‘콜롬버스’를 개발 중인 넷마블도 매년 상하반기 각 500명의 AI 신규 인력 확보를 목표로, AI 인재 확보전에 나선 상태다.  통신사들은 일찌감치 거물급 AI 인재를 영입하고 연구 조직을 키우고 있다.  SK텔레콤은 애플의 음성인식 서비스 ‘시리’의 개발을 담당한 김윤 박사를 지난해 12월 신설한 AI리서치센터장으로 영입했다. 직접 인재를 육성하기 위한 움직임도 활발하다.  최근 SK텔레콤은 김윤 AI리서치센터장을 비롯해 AI분야 주요 임원들이 직접 대학 캠퍼스를 찾아 ‘토크콘서트’ 형식의 설명회를 개최한 바 있다.   KT도 지난 3월 AI 인력 양성을 위한 ‘AI 아카데미’ 교육생 27명을 선발해 본격적인 교육에 나섰다. KT는 교육부와 함께 AI 분야의 한국형 나노디그리(단기 교육과정 인증제도) 업무 협약을 맺고 기업에 필요한 AI 실무형 인재 양성에 힘을 싣고 있다.  nice@heraldcorp.com    [프리미엄 링크] ◆ [평생무료] ""주식카톡방"" 대박주를 추천받는데 100원도 안낸다~ ◆ 무료O, 회원가입X. 바로보는 증권전문가의 실시간 라이브방송.  10%수익을 40%로 만들어 준다고?? 영웅스탁론이라면 가능~! [영웅스탁론]효과적인 레버리지를 이용하여 수익률을 4배로!!    이종목 미리 알았더라면.. 화제의 급등주검색기 실전투자 300%비법 무료체험 3일신청시 [즉시공개!]    김태희, 로또 대박?! 20억 당첨금 공개..    테마주!외국인+기관 쌍끌이 매집중인 종목 전문가들도 탐내는 급등주 공식 무료배포! [클릭]    [오늘의 인기기사] ◆ [국대스탁론]업계 최저금리 2.29%! 100%한종목 투자가능+신용/ 미수 대환가능 ◆ [국민스탁론]저렴한 연2.7% 금리로 최대 4배 투자 가능 ◆ [마감임박] '급등주 문자메시지' 100% 무료로 받아보기! ◆ [상한가속출] ""깜짝놀랐다"" 카톡무료체험으로 3000만원 수익달성!  ◆[밴드스탁론] 연 2%대 금리, 신용 미수 대환 가능, 주식자금 전문 ☏ 1899-9044 ◆똑똑해진 소비자..한국도 이젠 소형차 시대 ◆2020년한국 TV 2대중 1대 인터넷 연결된다"
254,7,"2018-05-23","08:22:26","대유위니아, 성남시 소외시설에 공기청정기 100대 기증","대유위니아, 성남시 소외시설에 공기청정기 100대 기증   (서울=연합뉴스) 이승관 기자 = 대유위니아[071460]는 경기도 성남시에 신제품 공기청정기 100대를 기증했다고 23일 밝혔다.  비정부기구(NGO)인 월드휴먼브리지와 함께 하는 '좋은 공기 나눠 마시기' 캠페인의 하나로, 사회적 약자인 소외시설 거주자들에게 쾌적한 환경을 제공하자는 취지에서 기획됐다.  기증된 제품은 대유위니아의 '위니아' 공기청정기와 대우전자의 '클라쎄' 공기청정기로, 성남시청이 선정한 시설에 배송된다.  회사 관계자는 ""지난해에도 서울대병원과 연세대 세브란스병원에 공기청정기를 기부하는 등 사회공헌활동에 꾸준히 참여하고 있다""면서 ""앞으로도 쾌적한 실내 공기 환경을 만들기 위해 다양한 활동을 이어갈 것""이라고 말했다.  지난 21일 성남시청에서 열린 기증식에는 김재현 대유위니아 대표이사와 김병삼 성남월드휴먼브리지 대표, 이재철 성남시장 권한대행 부시장 등이 참석했다.   humane@yna.co.kr   (끝)    <긴급속보 SMS 신청> <포토 매거진> < M-SPORTS >   <저작권자(c) 연합뉴스, 무단 전재-재배포 금지>"
255,1,"2018-05-23","08:20:00","[큰 손된 홈族④]""싸고 편리하네""…피부관리·네일케어도 집에서 한다","올해 1~5월 피부관리기기 매출 300% 이상 급증  지난해 피부관리기기 매출, 5년 전보다 2배가량 증가  손톱관리도 '홈케어' … 올 1분기 매출 전년比 48% 늘어  저렴하고 편리하면서도 '가심비'로 취향 저격     [아시아경제 박미주 기자]#직장인 한모(41)씨 부부 집에서는 저녁 9시만 되면 진풍경이 벌어진다. 한씨는 LED 마스크를, 그녀의 남편은 머리에 탈모 방지를 위한 헬멧을 착용한다. 한씨는 ""잠깐의 투자로 젊음을 유지할 수 있다는 기대감에 관리하는 시간이 즐겁다""고 말했다.   최근 집에서 관리하는 '홈케어' 시장이 급부상하고 있다. 피부관리기기, 마사지기 같은 뷰티 디바이스들이 인기를 끌고 있으며 '셀프 네일', 족욕기기 등의 판매량도 증가하고 있다. 비교적 저렴한 가격에 집에서 편히 관리할 수 있다는 장점에서다.   23일 온라인쇼핑사이트 G마켓에 따르면 지난해 피부관리기기 매출은 전년보다 34% 늘었다. 5년 전인 2013년과 비교하면 92%나 증가했다. 5년새 2배 가까이 매출이 늘어난 셈이다. 항목별로는 얼굴마사지기(갈바닉 포함)가 93%, 탈모관리기기는 32% 늘어났다. 롯데닷컴에서도 올해 1월1일부터 지난 15일까지 피부관리기기 피부관리기기 판매량이 전년 동기보다 314%나 증가했다. 일부 인기 상품은 주문량 폭주로 배송이1주일 이상 소요되는 경우도 있는 것으로 파악됐다.     대표 인기 제품으로는 LED마스크를 꼽을 수 있다. 레드 LED와 IR LED 2개 광원이 시너지 효과를 내 하루 9분 사용으로 피부의 여러 깊이에 골고루 침투해 투명하고 탄력 있는 피부로 가꿔주는 안경형 마스크다. 주름이 잘 생기는 이마, 눈가, 볼 주위 피부를 집중 관리할 수 있다.   이밖에 얼굴마사지기, 전동 발각질제거기, 전동 피지흡입기, 전동세안기 등의 제품들이 인기 상위권에 오르며 판매되고 있다. 또 발모효과를기대할 수 있는 탈모 치료 기기와 착용하는 것만으로 다이어트 효과를 기대할 수 있는 관리기기도 나와 있다.   트러블과 재생케어 효과가 있다는 한 LED 마스크를 사용하고 있다는 김모(29)씨는 ""3만9000원가량에 기기를 샀는데 실제 여드름이 잘 안나고있어 효과를 보고 있다""며 ""피부과에서 관리 한 번만 받으려 해도 10만원 정도는 드는 것을 생각하면 '가성비'가 좋다""고 말했다.     G마켓 관계자는 ""전문기관에서 관리를 받는 것처럼 집에서 간단히 관리할 수 있다는 장점 때문에 피부관리기기의 인기가 꾸준히 높아지고 있다""며 ""저렴한 것에서부터 100만원이 훌쩍 넘는 것까지 가격과 관계없이 두루 좋은 반응을 얻고 있고 최근에는 남성 구매자들도 많아지고 있는 추세""라고 설명했다.   업계에 따르면 국내 뷰티 디바이스 시장은 해마다 10% 이상 고속성장을 거듭하며 올해는 5000억원에 달할 전망이다. 김소영 롯데닷컴 가전팀상품기획자(MD)는 ""피부 홈케어 영역이 기능성 화장품에서 최근에는 관리기기로 확장되면서 피부관리기기 시장이 더욱 커질 것으로 예상된다""며 ""피지흡입기, 각질제거기는 물론 전문 에스테틱이나 피부과에서 사용하는 기기들도 집에서 사용할 수 있는 제품들이 속속 출시될 예정""이라고 전했다.   피부관리뿐 아니라 손톱 관리도 집에서 하는 것이 대세가 됐다. 비교적 저렴한 가격에 기분을 전환할 수 있는 '붙이는 네일 제품'이 인기 아이템으로 떠올랐다. 헬스앤뷰티(H&B)스토어 롭스에서 판매하는 '데싱디바', '젤라또팩토리', '다이애나 젤팁' 3가지 브랜드의 올해 1분기 매출이 지난해 같은 기간 대비 48% 증가했다.     가장 큰 장점은 네일아트에 비해 비용이 저렴하다는 것. 통상 네일숍에서 관리 받을 때 기본이 4만~5만원이다. 손톱 끝만 색칠하는 '프렌치' 는 6만~7만원, 거기에 아트와 보석 등의 '파츠'가 추가될 경우 비용은 10만원에 달하기도 한다. 그런데 붙이는 네일의 경우 모바일 쇼핑몰에서 손톱 크기의 30개 제품이 1만원 안팎이다. 짧은 시간에 간편하게 관리할 수 있다는 것도 인기 요인이다.   직장인 조모(35)씨는 ""직접 붙이는 네일스티커로 손톱을 꾸몄는데 저렴하고 예쁘기도 해 기분전환이 된다""며 ""붙이는 것도 생각보다 어렵지않고 간편하다""고 만족감을 드러냈다.   업계 관계자는 ""1인 가구의 증가와 '욜로(YOLO, You Only Live Once)' 등의 소비트렌드와 맞물려 홈케어 뷰티시장은 앞으로도 꾸준히 성장할것""이라고 내다봤다.    ●남북경협株 선취매 all 포착.. 실적 기반 차기 주도주 '바로' 이종목! (클릭) ●'부자네스탁론' 3년 고정금리 4.15% 100% 집중투자까지 ●'대박스탁론' 3년 고정금리 3.99% 100% 집중투자까지  [관련기사]  ☞ [큰 손된 홈族①]밥은 안 해도 집은꾸민다…홈퍼니싱 열풍  ☞ [큰 손된 홈族③]직장인도 주부도 혼술로 푼다…닭발+한잔에 스트레스 확  ☞ [큰 손된 홈族②]""운동은 장비발""…홈트레이닝 열풍에 매출 '쑥쑥'  ☞ 눈팅만 하던 '수입 명품 식기'…마트가 진입장벽 허물었다  ☞ 이니스프리, 얇아진 ‘젤 네일 디자인 팁’ 출시    퇴직 후 백만원으로 ""35억""번 60대男 화제! 60대 김모씨가 퇴직 후 하게 된""이것""이 35억의 대박을...  단돈 100만원만 있어도! 지금 바로 확인해라! 특히 이 종목은, 시장과 무관하게 매수 직후부터 바로 수익이...   박미주 기자 beyond@asiae.co.kr   <ⓒ세계를 보는 창 경제를 보는 눈, 아시아경제(www.asiae.co.kr) 무단전재 배포금지>"
255,2,"2018-05-23","08:20:00","[큰 손된 홈族①]밥은 안 해도 집은 꾸민다…홈퍼니싱 열풍","소득수준 높아질수록 집 꾸미기에 투자하는 소비자 늘어   백화점, 가전·가구·주방용품 등 생활용품 두자릿수 매출 상승   온라인몰은 그림, 마트에선 수입그릇 열풍…안마의자 구입도 늘어      [아시아경제 심나영 기자] 워킹맘(37) 이은지씨는 밥은 안 해도 집은 꾸민다. 끼니는 외식 혹은 간편식으로 해결할 수 있지만, 집은 직접 꾸미지 않고선 방법이 없기 때문이다. 계절이 바뀔 때마다 소파 쿠션과 커튼, 식탁보를 바꿔 달고 침실 분위기를 바꾼다. 화분을 사고, 예쁜 식기를 챙기는 게 그녀의 소소한 즐거움이다. 큰 가구는 때마다 새로 들이진 못하지만 비교적 가격이 디자인 수납장 정도는 구입한다. 이씨는 ""40평 남짓한 공간은 나와 가족들이 편안하게 시간을 보내야 하는 안식처인 만큼 집 꾸미는 데 공을 들이고 있다""고 말했다.   과거 먹고 입는 소비 중심에서 개인의 삶의 질을 올리는데 중점을 둔 소비가 늘어남에 따라 주거 공간을 꾸미는 홈퍼니싱(Home Furnishing)열풍이 불고 있다. 홈퍼니싱이란 집을 뜻하는 홈(Home)과 꾸민다는 가구나 비품을 뜻하는 퍼니싱(Furnishing)을 합친 말로, 소형가구와 조명, 인테리어 소품 등을 활용해 스스로 집을 꾸미는 것을 뜻한다.   1인당 국민소득 3만 달러 시대 진입을 코앞에 두고 집 꾸미기에 투자하는 이들이 늘며 유통업계 관련 매출도 껑충 뛰고 있다. 일본의 경우 소득 3만 달러 시대에 들어선 1992년부터 10여 년간 인테리어 산업이 두 자릿수로 성장했다. 한국도 올해 3만불 시대 진입이 예상되는 만큼 홈퍼니싱 시장이 급성장할 것으로 보인다.   23일 신세계백화점에 따르면 생활부문(가전·가구·주방)의 매출 신장률은 매해 두자릿 수 성장을 이어오고 있다. 전년 대비 2016년엔 13.0%, 2017년 22.9% 올랐다. 올해 5월 20일까진 지난해 동기 대비 17.2% 성장률을 기록했다. 신세계백화점 관계자는 ""집에 돈을 들이는 홈 퍼니싱의 개념을 넓게 보면 가전까지 포함되는데, '예쁜 집' 뿐 아니라 '건강한 집'을 꾸미기 위한 소비가 늘어나고 있다""며 ""공기청정기, 빨래 건조기, 무선 청소기까지 선택 가전들이 필수 가전이 되면서 많이 구매하고 있는 추세""라고 말했다. 같은 기간, 가전제품 매출 신장률이 23.3%, 33.1%, 25.1%씩 성장한 것만 봐도 알 수 있다.      최근에는 백화점들의 리빙페어도 단순히 할인 혜택을 제공하는 것을 넘어 콘셉트까지 내세우고 있다. 올해 3월 신세계백화점 영국 대사관과손잡고 '작은영국'을 주제로 리빙페어를 진행했다. 영국풍 라이프 스타일로 집안 분위기를 바꾸고 싶어 하는 고객들의 수요가 늘어남에 따라영국 유명 식품·생활 브랜드를 대거 참여하도록 해 리빙페어도 특화시킨 것이다.    온라인몰 역시 홈퍼니싱 바람이 불고 있다. 이진영 G마켓 리빙레저 실장은 “가족들은 물론 1인 가구들까지 최근 소파 커버나 띠 벽지, 그림등 소품을 활용해 가격 부담 없이 인테리어에 작은 변화를 주는 것을 즐기는 추세”라며 “최근에는 집안에서 자연의 느낌을 받을 수 있는 소품들이 인기인데 특히 여름을 앞두고 청량감을 줄 수 있는 라탄, 린넨 소재의 제품 선호도가 높은 편”이라고 말했다.   G마켓이 최근 한달간(4월21일~5월20일)까지 지난해 같은 기간 대비 홈퍼니싱 관련 매출을 분석한 결과 가장 많이 매출이 신장한 제품 중 하나는 팝아트 갤러리(그림)이다. 매출 신장율이 291% 뛰었다. 띠 벽지도 224%, 페인트 시공은 198% , 패브릭·캔버스(그림)도 182% 성장했다.   대형마트에선 수입 명품 식기 판매가 크게 늘어나고 있다. 근사한 한 끼 식사를 위한다는 측면에선 음식을 담아내는 식기가 중요하기 때문.수입 명푼 식기는 백화점에서 사지 않고 보기만 하는 '눈팅'의 대명사였지만 대형마트에서 가격을 낮춰 판매하면서 중년 주부들이 지갑을 열기 시작했다. 이마트에선 포트메리온ㆍ빌레로이앤보흐ㆍ덴비 등 '브랜드 식기(32%)'가 지난해 처음으로 대형마트 식기 최강자인 '코렐(23%)'을 앞질렀다.      롯데마트 역시 2016년 연간 브랜드 식기 매출은 전년 대비 49% 늘었고, 지난해에는 16.7% 증가했다. 올해 1~4월까지 매출은 전년보다 9.6% 신장했다. 서울 영등포구에 사는 최금희(59)씨 ""요즘엔 마트에 장 보러 들를 때마다 주방코너에 들러 찜 해놨던 명품 식기를 하나씩 사 모으는 재미가 쏠쏠하다""며 ""지난 30여년간 코렐 말고 다른 그릇은 쳐다보지도 않았는데 백화점에서만 보던 포트메리온를 필요한 사이즈로만 낱개로 구매할 수 있어서 만족스럽다""고 전했다.    조금은 '사치스러운 휴식'을 위해서 집안에 안마의자를 마련하는 소비자들도 늘고 있다. 전자랜드에 따르면 올해 1월 1일부터 5월 20일 사이안마의자 판매량은 지난해 같은 기간 대비 9% 늘어났다. 안마의자 전문생산업체 바디프랜드 고객 가운데 30대와 40대의 비중은 63%를 차지한다. 3040세대가 중심 소비자로 떠오르면서 디자인도 다양해졌다. ‘어벤져스’ 캐릭터인 스파이더맨과 캡틴아메리카 디자인을 적용한 안마의자까지 등장했다. 1인 가구가 증가에 따라 업체들은 일반 안마의자보다 크기도 작고 무게도 가벼운 소형 모델을 내놓고 있다.   유통업계 관계자는 ""미세먼지, 워라벨과 같은 환경적, 사회적 요인들로 실내에서 생활하는 시간이 길어지며 집에 투자하는 소비자들이 점점더 늘어날 것""이라며 ""작은 소품 하나부터 비싼 가전까지 홈퍼니싱의 영역도 점점 넓어지며 관련 산업도 성장할 것""이라고 말했다.    ●남북경협株 선취매 all 포착.. 실적 기반 차기 주도주 '바로' 이종목! (클릭) ●'부자네스탁론' 3년 고정금리 4.15% 100% 집중투자까지 ●'대박스탁론' 3년 고정금리 3.99% 100% 집중투자까지  [관련기사]  ☞ [큰 손된 홈族③]직장인도 주부도 혼술로 푼다…닭발+한잔에 스트레스 확  ☞ [큰 손된 홈族④]""집에서 관리 한다"" …피부관리기기·네일스티커 '인기'  ☞ [큰 손된 홈族②]""운동은 장비발""…홈트레이닝 열풍에 매출 '쑥쑥'    퇴직 후 백만원으로 ""35억""번 60대男 화제! 60대 김모씨가 퇴직 후 하게 된""이것""이 35억의 대박을...  단돈 100만원만 있어도! 지금 바로 확인해라! 특히 이 종목은, 시장과 무관하게 매수 직후부터 바로 수익이...   심나영 기자 sny@asiae.co.kr   <ⓒ세계를 보는 창 경제를 보는 눈, 아시아경제(www.asiae.co.kr) 무단전재 배포금지>"
255,3,"2018-05-23","08:19:38","[한미정상회담] 트럼프 “특정 조건 충족 안되면 북미회담 안할 것”(종합)","@media all and (max-width: 400px) {img{max-width:340;height:auto;}}.dayTBL a:link {font-family: 돋움;font-size: 11px;line-height: 18px;color:#666666;text-decoration: none}.dayTBL a:visited {font-family: 돋움;font-size: 11px;line-height: 18px;color: #666666;text-decoration: none}.dayTBL a:hover {font-family: 돋움;font-size: 11px;line-height: 18px;color: #840000;text-decoration: none}.dayTBL nobr {width:85px; text-overflow:ellipsis; overflow:hidden; cursor:pointer; float:left}.todayBDb {border-bottom: #000000 0.5pt solid}.tblGrp{padding:0; border-spacing:0; border-collapse:collapse; border:0;vertical-align:top;width:279px}.tblGrp td{vertical-align:top}.dayTBL {width:93px; padding:0; border-spacing:0; border-collapse:collapse; vertical-align:top; border:0}.dayTBL td{font-size:12px; font-family:돋움; color:#333333;line-height:18px;padding:0}.divSch1{float:left}.divSch2{float:left}.tdSch{border: #E6E6E6 0.1pt solid;height:75;padding:0}.tdSchToday {border: #000000 1pt solid;height:75;background-color:#fffff0;padding:0}.tdSchTomorrow {border-left:0}.tdSchYesterday {border-right:0}.tdDate{background-color:#c8e7ff;height:10;text-align:center}.ad {text-align:center; font-size:8pt; font-family:돋움;line-height:1.2}.lg {margin-bottom:20px;}.title{font-size:15px;color:#203c76;font-weight:bold;margin-bottom:20px;}a,img {border:0; outline:none; selector-dummy:expression(this.hideFocus=true);}body,td,select,input,div,form,textarea,center,option,pre,blockquote {font-size:9pt; line-height:1.6; font-family:돋움;}table{border:0px;}r {display:none;}    제목 : [한미정상회담] 트럼프 “특정 조건 충족 안되면 북미회담 안할 것”(종합)  [매일일보 박숙현 기자] 도널드 트럼프 미국 대통령은 22일(현지시간)은 문재인 대통령과의 네 번째 회담에서 다음달 12일로 예정된 북미정상회담이 특정한 조건들이 충족되지 않는다면 회담을 하지 않을 수 있다는 의사를 내비쳤다. 최근 김계관 북한 외무제1부상이 리비아식 모델 등을 비난하며 회담 철회 가능성을 언급한 데 대한 맞불이다. 동시에 트러프 대통령은 빠른 시일 내의 일괄타결식 비핵화가 이뤄질 경우 한국, 중국, 일본 3국의 경제지원이 있을 것이라고도 강조했다.  이날 백악관에 따르면 한미 정상은 확대회담에 앞서 열린 공동기자회견에서 북미 정상회담 전망에 대해 사뭇 다른 분위기를 보였다. 트럼프 대통령은 ""한반도 비핵화가 반드시 이뤄져야 한다""고 강조하면서도 ""우리가 원하는 특정한 조건들이 충족되지 않으면 회담을 안 할 것""이라며 ""(회담이)이번에 열리지 않으면 다음에 열릴 것""이라며 특히 ""6월에 (회담이) 진행되지 않을 상당한 가능성이 있다""고 했다. 북미 정상회담 이후 처음으로 회담 연기 가능성을 언급한 셈이다.  이에 대해 문 대통령은 “저는 북미정상회담이 예정대로 제대로 열릴 것이라고 확신한다”며 “저의 역할은 미국과 북한 사이의 중재를 하는 입장이라기보다는 북-미정상회담의 성공을 위해서, 또 그것이 한반도와 대한민국의 운명에 지대한 영향을 미치기 때문에 미국과 함께 긴밀하게 공조하고 협력하는 관계라고 말씀드리고 싶다”고 했다.  트럼프 대통령은 또 북한이 북미회담에 나설 경우에는 대대적인 경제지원이 있을 것이라며 '당근'을 꺼내들었다. 북한의 체제안전을 보장하겠느냐는 질문에 ""처음부터  보장하겠다고 얘기했다. 김정은은 안전하고 기쁘고 번영할 것""이라면서 ""김정은(위원장)은 역사상 없었던 가장 큰 기회를 갖고 있다. 북한 국민들뿐만 아니라 전세계 한반도를 위해 좋은 일을 할 수 있는 기회가 지금 김 위원장 손 안에 있다""며 ""한국, 중국, 일본 3국이 북한을 아주 위대한 국가로 만들도록 많은  지원을 약속했다""고 했다.  비핵화 로드맵 방식에 대해선 여전한 이견차가 보였다. 트럼프 대통령은 “한꺼번에 일괄타결되는 것이 바람직하고 더 낫다. 완전히 그렇게 해야 한다는 것은 아니지만 전체적으로 봤을 때 한꺼번에 빅딜로 타결되는 것이 바람직하다”고 했다. 그러면서 “그러나 한꺼번에 이뤄진다는 것은 물리적 여건으로 봤을 때 불가능할 수도 있으니 아주 짧은 시간에 빅딜이 이뤄졌으면 한다”고 덧붙였다. 그동안 전문가들 사이에서 전망됐던 트럼프 대통령의 첫 번째 임기가 완료되는 2020년내 비핵화 완료설을 뒷받침하는 대목이다.    한편 그는 지난 7~8일 중국 다롄에서 있었던 시진핑 중국 국가주석과 김정은 북한 국무위원장의 만남이 깜짝 회동이었다며 불편한 기색도 드러냈다.  트럼프 대통령은 ""시 주석과 두 번째 만난 이후 김정은의 태도가 조금 변했다""며 ""나는 시 주석과 좋은 관계를 유지하고 있기 때문에 그 만남이 좋지 않고 그것 때문에 태도변화가 생긴 게 아니길 바란다""고 했다.  이어 '북한이 시 주석과의 만남 때 미국과의 관계에 대해 부정적으로 얘기했다고 생각하는지'를 묻는 질문에는 ""알 수 없지만, 시 주석은 세계 최고의 도박사, 포커플레이어다""며 ""어쩌면 거기서 아무 일도 일어나지 않았을 수도 있지만 중요한 건 시 주석과 김정은 위원장의 만남에 대해 아무도 몰랐다는 것, 그리고 어느 정도 태도 변화가 있었던 것이 사실인 것만은 틀림없다""고 했다.   해당 기사는 매일일보(www.m-i.kr)에서 제공한 것이며 저작권은 제공 매체에 있습니다. 기사 내용 관련 문의는 해당 언론사에 하시기 바랍니다.  ■[하이스탁론] 주식자금이 필요할 땐 ☎ 1599-6222 연 3% 업계 최저금리, 자기자본 포함 최대 4배, 연장수수료 無 주식 매도 없이 미수, 신용 대환/ 마이너스통장식 / 기대출자도 가능 ☞ 14년 연속 스탁론 점유율 1위, 노주현이 추천하는 [하이스탁론 바로가기]  ▶【급등임박株】 “정책+실적+수급분석 완료” 주도주 '2선' 추천받기  ◆""숨은 진주발굴"" 당뇨치료제 상용화 임박! <재료주공개>   [이슈&섹터 스케줄]    2018-05-21 - 독일 증시 휴장 - 여야, 특검·추경 동시 처리 예정 - 2018년 AfDB 연차총회 개최 예정   2018-05-22 - 석가탄신일 - 국내, 홍콩 증시 휴장 - 韓-美 정상회담   2018-05-23 - 월드IT쇼(WIS) 개최 - 2018 글로벌 액셀러레이터 컨퍼런스 & 데모데이 개최 - 폼페이오, 美 하원 청문회 출석 예정(현지시간)      2018-05-24 - 금융통화위원회 - 文 대통령, 정부 개헌안 국회 표결 예정 - 韓-中 산업장관 회의 개최 예정   2018-05-25 - 미국 제외 이란 핵 합의 당사국 이행 문제 논의 예정(현지시간) - 삼성전자, 갤럭시S9·S9+ 버건디레드 출시 예정 - 삼성바이오로직스 감리위 2차회의   2018-05-26 - 동원 보호예수 해제 - 오늘의 프로야구      Copyright ⓒ True&Live 증시뉴스 점유율1위, 인포스탁(www.infostock.co.kr) 인터넷신문(경기아51008)/무단전재 및 배포금지   본 뉴스(정보)는 해당종목의 매수/매도신호가 아니며, 이를 근거로행해진 거래에 대해 책임을 지지 않습니다."
255,4,"2018-05-23","08:19:38","[한미정상회담] 靑 ""北美정상회담 개최 가능성 크다""","@media all and (max-width: 400px) {img{max-width:340;height:auto;}}.dayTBL a:link {font-family: 돋움;font-size: 11px;line-height: 18px;color:#666666;text-decoration: none}.dayTBL a:visited {font-family: 돋움;font-size: 11px;line-height: 18px;color: #666666;text-decoration: none}.dayTBL a:hover {font-family: 돋움;font-size: 11px;line-height: 18px;color: #840000;text-decoration: none}.dayTBL nobr {width:85px; text-overflow:ellipsis; overflow:hidden; cursor:pointer; float:left}.todayBDb {border-bottom: #000000 0.5pt solid}.tblGrp{padding:0; border-spacing:0; border-collapse:collapse; border:0;vertical-align:top;width:279px}.tblGrp td{vertical-align:top}.dayTBL {width:93px; padding:0; border-spacing:0; border-collapse:collapse; vertical-align:top; border:0}.dayTBL td{font-size:12px; font-family:돋움; color:#333333;line-height:18px;padding:0}.divSch1{float:left}.divSch2{float:left}.tdSch{border: #E6E6E6 0.1pt solid;height:75;padding:0}.tdSchToday {border: #000000 1pt solid;height:75;background-color:#fffff0;padding:0}.tdSchTomorrow {border-left:0}.tdSchYesterday {border-right:0}.tdDate{background-color:#c8e7ff;height:10;text-align:center}.ad {text-align:center; font-size:8pt; font-family:돋움;line-height:1.2}.lg {margin-bottom:20px;}.title{font-size:15px;color:#203c76;font-weight:bold;margin-bottom:20px;}a,img {border:0; outline:none; selector-dummy:expression(this.hideFocus=true);}body,td,select,input,div,form,textarea,center,option,pre,blockquote {font-size:9pt; line-height:1.6; font-family:돋움;}table{border:0px;}r {display:none;}    제목 : [한미정상회담] 靑 ""北美정상회담 개최 가능성 크다""   미국을 방문 중인 문재인 대통령과 도널드 트럼프 미 대통령은 22일(현지시간) 북한의 체제 불안 해소방안에 대해 논의하면서 다음  달 12일로 예정된 북미정상회담이 차질없이 진행되도록 노력하기로 했다. 사진=연합뉴스  [매일일보 윤슬기 기자] 미국을 방문 중인 문재인 대통령과 도널드 트럼프 미  대통령은 22일(현지시간) 북한의 체제 불안 해소방안에 대해 논의하면서 다음 달 12일로 예정된 북미정상회담이 차질없이 진행되도록 노력하기로 했다.  두 정상은 이날 백악관에서 열린 단독 및 확대 회담에서 이같이 의견을 교환했다고 윤영찬 청와대 국민소통수석이 브리핑을 통해 밝혔다.  윤 수석은 ""양 정상은 최근 북한이 보인 한미 양국에 대한 태도에 대해 평가하고, 북한이 처음으로 완전한 비핵화를 천명한 뒤 가질 수 있는 체제 불안감의 해소방안 등에 대해 논의했다""고 말했다.  문 대통령은 ""북미정상회담 개최에 대한 북한 의지를 의심할 필요가 없다""며 ""북미 간 실질적·구체적인 비핵화와 체제안전에 대한 협의가 필요하다""고 강조했다.  이와 관련, 청와대 고위관계자는 기자들에게 ""완전한 비핵화에 대한 북한의 불안감은 결국 체제보장 부분일 수밖에 없고, 이를 위해 북한이 확신할 수 있게 체제보장과 안전 부분에 대해 논의가 필요하다는 얘기들이 있었다""며 ""결국 북미정상회담 개최 가능성은 크다고 본다""고 했다.  양 정상은 회담에서 북한의 비핵화 조치에 따른 단계별 보상이라는 구체적인 안을 논의하지는 않은 것으로 전해졌다.  청와대 관계자는 ""오늘은 구체적 안을 놓고 '이것을 하면 이것을 줄 거냐' '이 단계에서 이것을 하겠다' 등의 얘기가 오간 게 아니라 전체 흐름에 대한 점검과 방향성에 대해 봐야 하지 않겠느냐는 얘기가 있었다""고 말했다.  두 정상은 판문점선언에서 남북이 합의했던 종전선언을 북미정상회담 이후 3국이 함께  선언하는 방안에 대해서도 의견을 교환했다고 윤 수석은 말했다.  청와대 관계자는 ""트럼프 대통령도 종전선언에 부정적이지 않았다""며 ""다만 어떤 결론을 낸 것은 아니며, 의견 교환이 있었다""고 전했다.  아울러 문 대통령은 ""북한이 비난한 맥스선더 한미연합 군사훈련의 종료일인 25일 이후 남북 고위급회담을 비롯한 대화 재개가 이뤄질 것""이라고 관측했다.  청와대 고위관계자는 ""북한의 생각이나 성명을 분석했을 때 맥스선더 기간에 대화가 어렵고, 이게 끝나면 대화가 재개될 것으로 판단했다""고 말했다.  회담에서 트럼프 대통령은 북한의 핵실험장 폐기 이벤트 취재에 한국 기자들도 가느냐며 관심을 보였고, 문 대통령은 포기하지 않고 열심히 하고 있다고 답했다.  트럼프 대통령이 북미정상회담이 열리지 않을 가능성을 언급한 데 대해 이 관계자는 ""상황을 어떻게 보느냐에 관한 문제로, 북미회담을 개최해야 한다 아니다에 대한 게 아니다""라며 ""평가에 대한 관점은 다를 수 있지만, 트럼프 대통령도  북미회담이 성공적으로 열리도록 하자는 데 이견이 없다""고 말했다.  북한이 비핵화할 경우 한중일 3국이 경제적 지원과 체제보장에 나설 것이라는 취지의 트럼프 대통령의 언급에 대해선 ""사전협의를 했던 것은 아니다""라며 ""다만 양국 정상이 북한의 완전한 비핵화를 이룬다면 밝은 미래를 보장해야 한다는 데  의견을 같이하고 있어서 트럼프 대통령이 비핵화 후 어떤 방식을 취할지 구상을 말한 게 아닌가 생각한다""고 밝혔다.   해당 기사는 매일일보(www.m-i.kr)에서 제공한 것이며 저작권은 제공 매체에 있습니다. 기사 내용 관련 문의는 해당 언론사에 하시기 바랍니다.  ■[하이스탁론] 주식자금이 필요할 땐 ☎ 1599-6222 연 3% 업계 최저금리, 자기자본 포함 최대 4배, 연장수수료 無 주식 매도 없이 미수, 신용 대환/ 마이너스통장식 / 기대출자도 가능 ☞ 14년 연속 스탁론 점유율 1위, 노주현이 추천하는 [하이스탁론 바로가기]  ▶【급등임박株】 “정책+실적+수급분석 완료” 주도주 '2선' 추천받기  ◆""숨은 진주발굴"" 당뇨치료제 상용화 임박! <재료주공개>   [이슈&섹터 스케줄]    2018-05-21 - 독일 증시 휴장 - 여야, 특검·추경 동시 처리 예정 - 2018년 AfDB 연차총회 개최 예정   2018-05-22 - 석가탄신일 - 국내, 홍콩 증시 휴장 - 韓-美 정상회담   2018-05-23 - 월드IT쇼(WIS) 개최 - 2018 글로벌 액셀러레이터 컨퍼런스 & 데모데이 개최 - 폼페이오, 美 하원 청문회 출석 예정(현지시간)      2018-05-24 - 금융통화위원회 - 文 대통령, 정부 개헌안 국회 표결 예정 - 韓-中 산업장관 회의 개최 예정   2018-05-25 - 미국 제외 이란 핵 합의 당사국 이행 문제 논의 예정(현지시간) - 삼성전자, 갤럭시S9·S9+ 버건디레드 출시 예정 - 삼성바이오로직스 감리위 2차회의   2018-05-26 - 동원 보호예수 해제 - 오늘의 프로야구      Copyright ⓒ True&Live 증시뉴스 점유율1위, 인포스탁(www.infostock.co.kr) 인터넷신문(경기아51008)/무단전재 및 배포금지   본 뉴스(정보)는 해당종목의 매수/매도신호가 아니며, 이를 근거로행해진 거래에 대해 책임을 지지 않습니다."
255,5,"2018-05-23","08:19:26","폼페이오 ""북미 회담 아직까진 계획대로""","[머니투데이 김영선 기자] [로이터 ""폼페이오, 실제 개최될지 여부 예측 거부""…트럼프 ""6월 12일 열리지 않을 수 있어"" 발언 염두에 둔 듯]  마이크 폼페이오 미국 국무장관이 내달 12일 예정된 북미 정상회담과 관련, 개최를 확신한다고 밝혔다.   폼페이오 장관은 22일(현지시간) 언론브리핑에서 ""미국은 아직 6월 12일 북미 정상회담을 계획하고 있다""면서 ""도널드 트럼프 미 대통령과 김정은 북한 국무위원장의 회담이 성공하도록 미국은 필요한 일을 할 것""이라고 강조했다.   이어 ""결국 우린 그곳(싱가포르)에 갈 것으로 확신한다""고 덧붙였다. 워싱턴 안팎에서 나오는 북미 정상회담에 대한 회의론을 불식시킬 의도로 해석된다.   폼페이오 장관은 그러나 북미 정상회담이 실제 개최될지 여부를 예측하는 건 거부했다고 로이터통신은 전했다. 앞서 트럼프 대통령의 발언을염두에 둔 것으로 해석된다.   트럼프 대통령은 이날 백악관에서 문재인 대통령과 만나 ""북미 정상회담이 열리지 않을 상당한 가능성이 있다""면서 ""6월 12일에 열리지 않을수 있다""고 말했다.   그는 북미 정상회담이 예정된 시기에 열릴지 여부가 ""매우 곧"" 결정될 것이라고 역설했다.   트럼프 대통령은 ""회담이 (6월 12일에) 열리지 않는다면 아마도 다음에 열릴 것""이라며 회담 무산이 아닌 연기에 무게를 뒀다.   그는 ""우리가 원하는 특정한 조건들이 있고 이들 조건을 얻지 못한다면 우린 회담을 갖지 않을 것""이라며 ""북한은 위대한 나라가 될 기회를잡아야 한다""고 주문했다.      주식담보대출도 이제 부담없는 금리로 가능(안내: 02-3775-1497)   ▶▶ 2018년 상반기 급등 예상 종목 BEST 10 (바로 확인)   <키워드림론> 최저금리로 신용·미수 대환 하는 유일한 방법은    [파워 인터뷰]      [관련기사] ☞ 오는 10일 이건희 삼성회장 '와병 만4년'…장비없이 자가호흡 ☞ 아들 곁으로 간 구본무 회장…슬픔 이기고 LG 24년 이끌어 ☞ 성공을 부르는 말하기? ""목소리를 낮게 내보세요"" ☞ "" 김앤장만 믿었다가""…현대차, 소통 실패의 천문학적 비용  ☞ ""할아버지, 존경해요""…구본무 회장 향한 추모들      주식매입자금? 전화 한통화면 당신은 스마트컨슈머!    최저금리로 신용·미수 대환 하는 가장 경제적인 방법 (바로 확인)   ‘개미’말고 ‘슈퍼 투자자’되고 싶다면?...‘이것’만 잘 이용해도 가능해요!       김영선 기자 ys8584@mt.co.kr    <저작권자 ⓒ '돈이 보이는 리얼타임 뉴스' 머니투데이, 무단전재 및 재배포 금지>"
255,6,"2018-05-23","08:19:18","아프리카TV, 제2의 성장기 진입…목표가'상향'-한국투자","[뉴스토마토 심수진 기자] 한국투자증권은 23일 아프리카TV(067160)에 대해 콘텐츠 다양화로 제 2의 성장기에 진입했다며 목표주가를 5만6000원으로 기존대비 27.3% 상향했다. 투자의견은 매수를 유지했다.     김성은 한국투자증권 연구원은 ""연예인 및 다수의 전문가들이 부가 수익 창출과 인지도 상승을 위해 개인 방송 플랫폼 진출을 본격화하면서 아프리카TV도 과거에 비해 다양한 콘텐츠를 제공할 수 있어 신규 이용자의 유입이 가속화될 전망""이라며 ""게임 콘텐츠 트래픽 또한 e스포츠 영향력 확대를 기반으로 지속적인 상승세를 시현할 것으로 예상돼가파른 MUV(월간 순 방문자) 증가가 예상된다""고 말했다.     김 연구원은 이어 ""지난해를 기점으로 월간 ARPPU(1인당 평균 결제 금액)와 결제 이용자 비율이 빠르게 상승함에 따라 지속적인 실적 개선 또한 기대된다""고 덧붙였다.     심수진 기자 lmwssj0728@etomato.com    [관련기사] · e스포츠를 잡자…IT·게임업계, 프로게임단 창단 봇물 · 아프리카TV, 지난해 영업익 183억…전년비 14% 증가 [심수진 기자의 다른 뉴스] · 'IB강화' 유안타증권, 1분기에 작년 순익 절반 벌었다 · 코스피 상장사, 올 들어 재무건전성 다소 악화  [이 시각 주요뉴스] · 트럼프 ""북미회담 안 열려도 괜찮아…김정은, 시진핑 만나고 변해"" · 보험주, 금리 상승으로 보유가치 확대…주가 모멘텀 회복 가능  -경제전문 멀티미디어 뉴스통신 뉴스토마토 저작권자(c)뉴스토마토통신. 무단전재- 재배포 금지-"
255,7,"2018-05-23","08:18:57","미국시장 섹터시황","@media all and (max-width: 400px) {img{max-width:340;height:auto;}}.dayTBL a:link {font-family: 돋움;font-size: 11px;line-height: 18px;color:#666666;text-decoration: none}.dayTBL a:visited {font-family: 돋움;font-size: 11px;line-height: 18px;color: #666666;text-decoration: none}.dayTBL a:hover {font-family: 돋움;font-size: 11px;line-height: 18px;color: #840000;text-decoration: none}.dayTBL nobr {width:85px; text-overflow:ellipsis; overflow:hidden; cursor:pointer; float:left}.todayBDb {border-bottom: #000000 0.5pt solid}.tblGrp{padding:0; border-spacing:0; border-collapse:collapse; border:0;vertical-align:top;width:279px}.tblGrp td{vertical-align:top}.dayTBL {width:93px; padding:0; border-spacing:0; border-collapse:collapse; vertical-align:top; border:0}.dayTBL td{font-size:12px; font-family:돋움; color:#333333;line-height:18px;padding:0}.divSch1{float:left}.divSch2{float:left}.divLink{float:left;margin-right:10px;margin-bottom:5px;}.tdSch{border: #E6E6E6 0.1pt solid;height:75;padding:0}.tdSchToday {border: #000000 1pt solid;height:75;background-color:#fffff0;padding:0}.tdSchTomorrow {border-left:0}.tdSchYesterday {border-right:0}.tdDate{background-color:#c8e7ff;height:10;text-align:center}.ad {text-align:center; font-size:8pt; font-family:돋움;line-height:1.2}.lg {margin-bottom:20px;}.title{font-size:15px;color:#203c76;font-weight:bold;margin-bottom:20px;}a,img {border:0; outline:none; selector-dummy:expression(this.hideFocus=true);}body,td,select,input,div,form,textarea,center,option,pre,blockquote {font-size:9pt; line-height:1.6; font-family:돋움;}table{width:100%; border:0px;}@media (min-width:650px){img {max-width:600px;height:auto}}@media (max-width:650px){img {max-width:500px;height:auto}}@media (max-width:550px){img {max-width:400px;height:auto}}@media (max-width:450px){img {max-width:300px;height:auto}}@media all and (max-width: 400px) {img {max-width:300px;height:auto}.tbl_dmd {width:340;text-align:right;border-collapse:collapse;}}.pv{display:none;}.popup {cursor : pointer;color:#0078c6;}.mttl {color:#821e1e;font-weight:bold;font-size:9pt;}.tldot {font-size:7pt;color:#0078c6;}td.pls {color:#ff3300;}td.mns {color:blue;}td.pls_ar {text-align:right;color:#ff3300;}td.ar {text-align:right;}td.ac {text-align:center;}.tbl_dmd {width:380;text-align:right;border-collapse:collapse;}.tbl_dmd {max-width:400;min-width:340;text-align:right;border-collapse:collapse;}.tbl_dmd td {padding-right:5;border:1px solid #dcdcdc;}.tbl_con {width:340;border-collapse:collapse;text-align:center;}.tbl_con td {padding-right:5;border:1px solid #dcdcdc;}r {display:none;}"
256,1,"2018-05-23","08:14:03","[Hot-Line] ""현대글로비스, 단기 주가 변동성 확대""","한국투자증권은 23일 현대글로비스에 대해 단기적으로 주가 변동성이 확대될 것이라고 분석했다. 투자의견은 '매수', 목표주가는 21만원을 유지했다.   현대차그룹은 21일 장 종료 후 현대모비스·현대글로비스의 분할합병 계획을 철회하기로 결정했다. 국내외 주요 의결권 자문기관들이 반대의견을 권고하는 등 모비스 주총 가결 가능성이 불확실해짐에 따라 현재 제안된 분할합병 방안을 보완하기 위해서다.   현대차그룹은 시장의 신뢰와 지지를 확보하지 않고서는 지배구조 개편을 추진하기 어렵다는 판단 아래 이번 분할합병안을 재검토할 방침이다. 글로벌 사업경쟁력과 지배구조의 투명성을 높일 수 있도록 개편방안을 개선해 재추진할 계획이다.   최고운 한국투자증권 연구원은 ""재추진 시점은 불확실하나 모비스와 글로비스 중심의 방향성에서는 크게 벗어나지 않을 것으로 예상한다""면서 ""이번 분할합병안을 통해 제시한 중장기 비전을 스스로 뒤집기보다 주주친화적 노력을 구체화하는 데 좀더 고심할 것으로 보인다""고 말했다.   단기적으로 주가 변동성은 커질 것이라고 내다봤다. 지배구조 개편 관련 불확실성이 커지면 그룹 내에서 상대적으로 소외받는 글로비스의 투자심리는 약화되기 때문이다. 오너 일가의 지분교환이 어려워짐에 따라 일감몰아주기 규제 리스크 해소 역시 지연될 전망이다.   최 연구원은 ""지배구조 개편에서 글로비스의 투자 포인트는 일감몰아주기 규제 리스크와 불확실성 해소에 따른 본연의 경쟁력 회복""이라면서""모비스에 우호적으로 바뀌면 글로비스에게 불리할 것이란 이분법은 경계할 필요가 있으며 향후 주주환원 노력 강화에 주목해야 한다""고 설명했다.    [디지털뉴스국 김경택 기자]      ☞ 5月 반드시 주목해야될 종목!! ☞ 5月 큰 수익 원한다면, 이 종목부터 빨리 매수해라!!! ☞ 지금 100만원 있다면, 이 종목부터 사라! ☞ ""세계최초 신약개발"" 드디어 올것이 왔다! 주목해라!!      [ⓒ 매일경제 & mk.co.kr, 무단전재 및 재배포 금지]"
256,2,"2018-05-23","08:14:02","롯데푸드, 수익성 회복 기대-NH","NH투자증권은 23일 롯데푸드에 대해 편의 식품 매출 확대 등에 따라 수익성 회복의 한 해가 될 것으로 전망했다. 목표주가를 기존 70만원에서 85만원으로 상향하고 투자의견 '매수'를 유지했다.  한국희 NH투자증권 연구원은 ""동사의 올해 매출액과 영업이익은 각각 1조8796억원, 771억원으로 전망된다""며 ""매출 성장 폭은 크지 않으나 주요 사업 부문의 마진 개선 가시성이 높다""고 분석했다. 한 연구원은 지난해 3.6%로 악화됐던 영업이익률은 올해 4.1% 수준으로 회복될 것이라고 예상했다.  올 1·4분기 매출액과 영업이익은 각각 4308억원, 159억원으로 기대치를 충족할 것으로 전망했다. 영업이익 개선의 주요 배경으로는 신규 설비 가동 시작한 즉석 식품 부문에서 판매량 성장에 따른 가동률 개선과 편의점향 식품류의 납품가 인상이 주효했다는 분석이다. 한 연구원은 ""2·4분기이후에도 영업이익 회복세 지속될 전망""이라며 ""편의 식품 매출 확대에 따른 수익성 개선은 연중 지속되고 2·4분기부터는수출 분유의 기저 효과와 원화 강세에 따른 원재료 안정화 효과가 본격화될 것""이라고 내다봤다. ggg@fnnews.com 강구귀 기자  ▶'모멘텀 집중' 저가에서 매집해둬야 할 상반기 유망주 3선 (지금 확인)   [파이낸셜뉴스 주요뉴스]  → '공천갈등 진화' 나선 바른미래 지도부..살얼음판 여전 → 靑, 드루킹-'親文' 송인배 연루설에 '당혹'‥적극 해명 → 일주일 사이에 로또 1등 2번 당첨된 40대 남성 → 초등생 고속도 휴게소 방치 혐의 교사 벌금 800만원 → 심부전 위험 줄이려면, 일주일간 150분 운동하라  ▶ <긴급공개> 억대계좌 이종목에서 또 터진다!    ※ 저작권자 ⓒ 파이낸셜뉴스. 무단 전재-재배포 금지 "
256,3,"2018-05-23","08:13:53","지배구조 개편 잠정 중단 '현대차그룹', 개선안에 비율 재조정 VS 구조 변경","[아시아경제 임철영 기자] 기존 지배구조 개편안을 철회한 현대차그룹이 새로운 개편안에 어떤 내용을 담을 지 주목된다. 현대차그룹은 주주들과의 소통 부족을 절감했다며 오는 29일로 예정된 현대모비스와 현대글로비스의 '분할·합병' 임시 주주총회를 취소했다.   23일 SK증권은 현대차그룹이 단기에 새로운 지배구조 개편안을 내놓기 어려울 가능성이 높은 가운데 새로운 개편안에 기존 구조를 유지한 채분할 비율을 재조정하는 방안 또는 분할·합병의 구조 자체를 변경하는 방안을 담을 것이라는 관측을 내놨다.   외국인과 국내 주주에 영향력이 큰 ISS, 글래스루이스, 기업지배구조원 등 주요 의결권 자문사의 반대 권고와 이에 따른 특별결의 가결요건의 충족 여부, 분할합병 거래종결 불확실성이 철회의 이유인 만큼 이를 보완할 가능성이 높다.   이들 의결권 자문기관의 반대권고 주요 골자는 현대모비스의 국내외 모듈, A/S 사업부 분할합병의 근거 부족과 이에 따른 분할비율, 분할 이후 전망과 사업에 대한 불충분한 청사진 제시 등으로 요약된다.   분할합병 비율을 재조정할 경우 기존안과 1분기 차이에 불과해 큰 폭의 변경을 기대하기 어려운 상황이다. 분할합병 구조 자체를 변경하는 경우 합병 글로비스로 이전되는 모듈과 A/S, 핵심 부품 변경과 같은 사업부문 변경과 분할 이후 합병과 같은 시점 변경 등이 검토될 수 있지만이번 사례와 반대로 글로비스 주주총회 통과 여부가 불투명해질 수 있다.   권순우 연구원은 ""신규 개편안 도입의 경우 엘리엇이 제시했던 방식과 시장이 거론했던 3사 분할합병 등이 있겠지만 순환출자 해소와 현대차금융계열사나 증손회사 지분 문제 등을 해소하면서 법적, 행정적 절차를 만족하기까지 상당한 시간이 소요될 것""이라고 분석했다.   이어 ""기존 개편안이 주주들의 높은 반대 가능성으로 철회됐다는 점을 염두할 필요가 있다""며 ""순환출자 해소와 지배구조 개편, 이해관계자와 강화된 주주권익을 동시에 만족시키기 위한 현대차그룹의 신중한 검토가 필요한 시점""이라고 덧붙였다.   기존 개편안 철회로 현대모비스는 단기 관점에서 긍정적이지만 일방적인 수혜를 기대하기 어렵다고 진단했다.   권 연구원은 ""현대차그룹은 철회와 관련한 입장문을 통해 주주환원 정책을 강조한 만큼 그룹사 내에 상대적으로 배당여력이 존재하는 현대차의 배당확대 가능성은 높은 상황""이라며 ""단기간에 재실행될 가능성이 낮다면 결국 자동차섹터의 투자포인트는 본업과 배당으로 이동할 수 밖에 없고 그룹사 내에서는 상대적으로 지배구조 이슈에서 자유롭고 본업의 회복이 빠른 기아차와 배당확대 기대감에 따른 수혜가 예상되는 현대차 우선주에 관심이 필요하다""고 설명했다.    ●남북경협株 선취매 all 포착.. 실적 기반 차기 주도주 '바로' 이종목! (클릭) ●'부자네스탁론' 3년 고정금리 4.15% 100% 집중투자까지 ●'대박스탁론' 3년 고정금리 3.99% 100% 집중투자까지  [관련기사]  ☞ 자문기관 '반대' 권고에 부담, 현대차그룹 지배구조 개편안 잠정중단…""소통 부족 절감""    퇴직 후 백만원으로 ""35억""번 60대男 화제! 60대 김모씨가 퇴직 후 하게 된""이것""이 35억의 대박을...  단돈 100만원만 있어도! 지금 바로 확인해라! 특히 이 종목은, 시장과 무관하게 매수 직후부터 바로 수익이...   임철영 기자 cylim@asiae.co.kr   <ⓒ세계를 보는 창 경제를 보는 눈, 아시아경제(www.asiae.co.kr) 무단전재 배포금지>"
256,4,"2018-05-23","08:13:43","아프리카TV,연예인·전문가 콘텐츠로 제2성장기-한국투자","한국투자증권은 23일 아프리카TV(067160)에 대해 연예인과 다양한 분야의 전문가들이 개인 방송 플랫폼 진출을 본격화하면서 신규 이용자 유입이 가속화될 것이라고 전망했다.   김성은 연구원은 아프리카TV 목표주가를 27% 올린 5만 6,000원으로 제시하고 매수의견을 유지했다. 현 주가는 3만 9,250원이다.  아이돌 그룹 멤버와 배우 등 다양한 분야의 연예인들이 아프리카TV 에 진출함에 따라 양질의 콘텐츠가 증가할 전망이다. 실제로 2017년 아프리카 TV방송을 시작한 배우 강은비의 5월 첫째주 환전액은 1,290만원에 달하며 크레용팝의 엘린과 엠블랙의 정지오는 동기간 각 각 914만원과 770만원의 수익을 올렸다.   2017년 3·4분기 기준 아프리카TV의 여성과 30대 이상의 이용자 비중은 각각 20%와 22%로 제한적이었다. 하지만 뷰티 등 여성 관련 콘텐츠와 스포츠 관련 스트리밍 콘텐츠들의 인지도가 높아짐에 따라 여성과 장년층의 비중이 상승할 것으로 김 연구원은 내다봤다.   게임 콘텐츠 트래픽도 e스포츠 영향력 확대를 기반으로 지속적인 상승세를 시현할 것으로 예상했다.  /임세원기자 why@sedaily.com    [서울경제 관련뉴스] 아프리카TV, 플랫폼 가치 상승···목표주가↑ - 신영  아프리카TV 자회사 프릭, 개념원리와 수학 교육 MOU 체결  아프리카TV, 6일·10일 ASL 시즌5 4강 진행  류현진 생중계 어디서? 모바일은 “네이버, 다음 등” 아프리카TV 가능 “팀 투수 중 가장 좋은 성적” 글램 다희, BJ로 새출발..아프리카TV 개인방송 개설   ▶▶ 2018년 정부 정책 수혜주 TOP 10 大공개! (바로 확인)  ▶▶ 재료노출 임박한 상위1%의 극비정보 30명한정 공개(무료)    [ⓒ 서울경제, 무단 전재 및 재배포 금지]"
256,5,"2018-05-23","08:13:34","현대차그룹, 지배 구조 개편 ‘설왕설래’…결국 좌초","@media all and (max-width: 400px) {img{max-width:340;height:auto;}}.dayTBL a:link {font-family: 돋움;font-size: 11px;line-height: 18px;color:#666666;text-decoration: none}.dayTBL a:visited {font-family: 돋움;font-size: 11px;line-height: 18px;color: #666666;text-decoration: none}.dayTBL a:hover {font-family: 돋움;font-size: 11px;line-height: 18px;color: #840000;text-decoration: none}.dayTBL nobr {width:85px; text-overflow:ellipsis; overflow:hidden; cursor:pointer; float:left}.todayBDb {border-bottom: #000000 0.5pt solid}.tblGrp{padding:0; border-spacing:0; border-collapse:collapse; border:0;vertical-align:top;width:279px}.tblGrp td{vertical-align:top}.dayTBL {width:93px; padding:0; border-spacing:0; border-collapse:collapse; vertical-align:top; border:0}.dayTBL td{font-size:12px; font-family:돋움; color:#333333;line-height:18px;padding:0}.divSch1{float:left}.divSch2{float:left}.tdSch{border: #E6E6E6 0.1pt solid;height:75;padding:0}.tdSchToday {border: #000000 1pt solid;height:75;background-color:#fffff0;padding:0}.tdSchTomorrow {border-left:0}.tdSchYesterday {border-right:0}.tdDate{background-color:#c8e7ff;height:10;text-align:center}.ad {text-align:center; font-size:8pt; font-family:돋움;line-height:1.2}.lg {margin-bottom:20px;}.title{font-size:15px;color:#203c76;font-weight:bold;margin-bottom:20px;}a,img {border:0; outline:none; selector-dummy:expression(this.hideFocus=true);}body,td,select,input,div,form,textarea,center,option,pre,blockquote {font-size:9pt; line-height:1.6; font-family:돋움;}table{border:0px;}r {display:none;}    제목 : 현대차그룹, 지배 구조 개편 ‘설왕설래’…결국 좌초 현대자동차그룹의 지배 구조 개편이 또 다시 재계 뜨거운 이슈로 떠올랐다.  23일 업계에 따르면 현대모비스는 오는 29일 임시 주주총회를 열고 현대글로비스와의 분할·합병안을 안건으로 올려 표결을 진행할 예정이었으나 결국 일정을 취소하기로 결정했다.  앞서 현대차그룹은 지배 구조 개선을 위해 모비스의 ‘투자 및 핵심부품 사업 부문’과 ‘모듈 및 애프터서비스(AS) 부품 사업 부문’을 인적분할한 후 모듈 및 AS부품 사업 부문을 글로비스와 합병할 계획이었다.  이후 정몽구 회장과 정의선 부회장이 기아차에 합병 글로비스 지분을 매각하고 이 자금으로 계열사들로부터 모비스 지분을 매입해 지배구조를 ‘대주주-모비스-완성차-개별 사업군’으로 단순화 할 방침이었다.  그동안 현대차그룹 측은 이번 지배 구조 개편을 계기로 주주친화 정책, 미래 경쟁력 확보, 사회적 책임 이행 등에 집중할 것이라고 거듭 강조해왔다.   이에 정 부회장은 미국에서 가능한 모든 수단을 동원해 모비스 주주들의 의결권 위임을 권유했고, 이원희 현대차 사장과 임영득 모비스 사장도 각각 입장문을 발표하며 지지를 호소하기도 했다.  하지만 미국계 행동주의 펀드 엘리엇을 비롯해 글로벌 의결권 자문사 ISS, 글래스루이스가 반대하고 나서며 합병비율의 적정성, 합병 목적,합병 후의 효율성 등을 문제 삼았다. 국내 자문사인 서스틴베스트, 대신기업지배구조연구소, 한국기업지배구조원도 반대 의견을 권고하면서발목을 잡았다.   독립계 자산운용사인 트러스톤자산운용, 키움자산운용이 찬성 입장을 전하긴 했지만 시장에서의 일부 부정적인 반응으로 인해 48.6%에 이르는 외국인 주주들의 찬성을 기대하기 힘들어지자 현대차그룹이 부담을 느낀 것으로 보인다.  현대차그룹과 오너일가가 보유하고 있는 모비스 지분은 지난 1분기 말 기준 30.17%(기아차 16.88%, 정 회장 6.96%, 현대제철 5.66%, 글로비스 0.67%)다. 특수관계인 외에 가장 많은 지분을 가진 투자자는 국민연금공단(9.82%), 국내 소액투자자는 12% 수준의 지분을 갖고 있는 것으로추정된다.  정 부회장은 지난 21일 ‘구조개편 안에 대해 말씀 드립니다’는 자료를 통해 “이번 방안을 추진하면서 여러 주주 분들 및 시장과 소통이 많이 부족했음을 절감했다”며 “더욱 심기일전하는 마음으로 여러 의견과 평가들을 전향적으로 수렴해 사업경쟁력과 지배구조를 개선하고 기업가치를 높일 수 있도록 지배구조 개편방안을 보완해 개선하겠다”고 전했다.  업계에서는 현대차그룹이 지배 구조 개편안을 보완·개선하기 쉽지 않을 것이라고 내다봤다. 엘리엇이 너무 다양하고 노골적인 요구를 하고있어 보완이 쉽지 않을 것이라고 예상했다.  이와 관련 엘리엇은 당초 현대차그룹에 ▲현대차와 모비스 간 합병을 통한 지주사 전환 ▲현대차와 모비스의 초과보유 현금 축소를 통한 수익성 개선 ▲기아차가 보유한 모비스·글로비스 주식에 대한 적정가치 검토 및 자산화 ▲자사주 소각 ▲순이익의 40~50%까지 배당률 상향 조정▲해외 기업운영 경험이 있는 3명의 독립적 사외이사 추가 선임 등을 요구했다.  일각에서는 기업 보호를 위해 선진국 수준의 경영권 방어수단 도입이 시급하다고 주장했다. 한국상장회사협의회와 코스닥협회는 공동으로 ‘경영권 방어제도 도입 촉구를 위한 상장회사 호소문’을 내놓은 바 있다.  한편 현대차그룹 관계자는 “현재로서는 일단 시장상황을 봐가며 숨고르기를 하려고 한다”며 “아직 모든게 다 불투명하기 때문에 방법, 일정 등 어떤 것도 특정할 수 없다”고 말했다. 이근우 기자 lgw909@electimes.com  해당 기사는 전기신문(www.electimes.com)에서 제공한 것이며 저작권은제공 매체에 있습니다. 기사 내용 관련 문의는 해당 언론사에 하시기 바랍니다.  ■[하이스탁론] 주식자금이 필요할 땐 ☎ 1599-6222 연 3% 업계 최저금리, 자기자본 포함 최대 4배, 연장수수료 無 주식 매도 없이 미수, 신용 대환 / 마이너스통장식 / 기대출자도 가능 ☞ 14년 연속 스탁론 점유율 1위, 노주현이 추천하는 [하이스탁론 바로가기]  ▶【급등임박株】 “정책+실적+수급분석 완료” 주도주 '2선' 추천받기  ◆""숨은 진주발굴"" 당뇨치료제 상용화 임박! <재료주공개>   [이슈&섹터 스케줄]    2018-05-21 - 독일 증시 휴장 - 여야, 특검·추경 동시 처리 예정 - 2018년 AfDB 연차총회 개최 예정   2018-05-22 - 석가탄신일 - 국내, 홍콩 증시 휴장 - 韓-美 정상회담   2018-05-23 - 월드IT쇼(WIS) 개최 - 2018 글로벌 액셀러레이터 컨퍼런스 & 데모데이 개최 - 폼페이오, 美 하원 청문회 출석 예정(현지시간)      2018-05-24 - 금융통화위원회 - 文 대통령, 정부 개헌안 국회 표결 예정 - 韓-中 산업장관 회의 개최 예정   2018-05-25 - 미국 제외 이란 핵 합의 당사국 이행 문제 논의 예정(현지시간) - 삼성전자, 갤럭시S9·S9+ 버건디레드 출시 예정 - 삼성바이오로직스 감리위 2차회의   2018-05-26 - 동원 보호예수 해제 - 오늘의 프로야구      Copyright ⓒ True&Live 증시뉴스 점유율1위, 인포스탁(www.infostock.co.kr) 인터넷신문(경기아51008)/무단전재 및 배포금지   본 뉴스(정보)는 해당종목의 매수/매도신호가 아니며, 이를 근거로행해진 거래에 대해 책임을 지지 않습니다."
256,6,"2018-05-23","08:13:32","SK플래닛, 캐리어·선글라스 등 바캉스 용품 최대 65% 할인","[아시아경제 지연진 기자] SK플래닛이 운영하는 오픈마켓 11번가는 다음달 3일까지 여름 휴가철 여행 필수 아이템인 캐리어와 모자, 선글라스 등을 최대 65%까지 할인 판매한다고 23일 밝혔다.    대표 상품은 메탈 컬러와 노란색 로고가 포인트인 내셔널지오그래픽 ‘여행 캐리어(20인치)’가 14만5000원, 깔끔한 짐 정리로 캐리어내 공간 활용을 높여주는 '모노폴리 여행 파우치’ 9000원, 남녀노소 부담 없이 착용 가능한 동대문 자체 제작 ‘수제 모자’ 1만원부터 등이다.    최근 일찌감치 휴가를 떠나는 얼리버드 여행족을 비롯헤 공휴일 연휴를 이용해 나들이를 즐기는 고객들로 여름 휴가 상품 판매가 급증하고 있다. 최근 50일간(4월1일~5월20일) 매출 조사 결과 전년 동기대비 래쉬가드는 21%, 물안경은 33%, 여름용 모자는 27% 등 늘었다. 레이저 제모기 매출은 29%, 다이어트 보조식품은 25% 증가했다.     ●남북경협株 선취매 all 포착.. 실적 기반 차기 주도주 '바로' 이종목! (클릭) ●'부자네스탁론' 3년 고정금리 4.15% 100% 집중투자까지 ●'대박스탁론' 3년 고정금리 3.99% 100% 집중투자까지  [관련기사]  ☞ ‘ASL 8강’ 장윤철, 1세트 이영호에승리  ☞ 캐리어에어컨, 80℃ 고온출수 인버터하이브리드 보일러 출시  ☞ 1위가 판을 뒤엎고 있다…혼돈의 이통시장  ☞ 캐리어에어컨, 2018년형 공기청정기·제습기 출시  ☞ 오텍, 교체수요에 에어컨 판매량 증가 기대    퇴직 후 백만원으로 ""35억""번 60대男 화제! 60대 김모씨가 퇴직 후 하게 된""이것""이 35억의 대박을...  단돈 100만원만 있어도! 지금 바로 확인해라! 특히 이 종목은, 시장과 무관하게 매수 직후부터 바로 수익이...   지연진 기자 gyj@asiae.co.kr   <ⓒ세계를 보는 창 경제를 보는 눈, 아시아경제(www.asiae.co.kr) 무단전재 배포금지>"
256,7,"2018-05-23","08:13:00","[스냅타임] “5분 자리 비운게 큰 잘못인가요?”","대학 2학년 때 시작한 첫 알바였어. 큰 프랜차이즈 음식점이라 직원도 많고 홀도 넓은 곳이었지. 공간도 크고 사람도 많아 무전기까지 차고 있어야 했어. 난 그때 오후 5시에서 11시까지 일했어. 일하는 시간이 짧지 않고, 일이 워낙 많아서 중간에 물 한 컵은 꼭 마셔야 살것 같았어.   나는 10명 가까이 되는 홀 알바 중 한 명이었어. 내가 맡고있는 구역에도 나 말고 3~4명이 더 있었지. 한 번은 중간에화장실이 너무 급해 잠시 다녀왔는데 자리로 복귀하자마자 매니저한테 혼났어. 근무할 때 화장실에 너무 오래 있었다는 거야. 그분 말로는 5 분이 넘었다는데 나는 맹세코 그렇게 오래 있진 않았거든. 그리고 설령 5분 넘게 있었다 해도 그게 잘못된 거야? 정말 급하면 충분히 그럴수도 있지, 무슨 10분, 15분도 아니고 5분 가지고 혼내니까 진짜 억울하더라.   지금 같으면 화장실 자유롭게 갈 시간도 없냐며 한마디는 했을 텐데, 그땐 첫 알바이기도 하고 아무것도 몰라서 그냥 듣고만 있고 ‘죄송하다’는 말 밖에 못했어. 아직도 억울하네.        프랜차이즈업체를 중심으로 사업주 및 지점 매니저가 아르바이트생들에게 근로시간 자리지킴을 강요하는 것으로 나타났다. (사진=이미지투데이)  아르바이트생들은 근무시간에 화장실도 마음 놓고 다녀오지 못하는 경우가 적지 않다. 박모(22)씨도 그 중 한 명이었다. 화장실을 다녀오는 시간이든담배를 피우러 잠시 건물 외부로 나갔다가 들어오는 시간을 5분 이내로 제한하는 것은 알바생에게 과도한 처사일까. 김원기 노무법인 산하 대표에게 물었다.    Q. 알바생이 화장실 가는 시간은 근로시간에 포함되는가?  A. 기본적으로 점심시간 등 정해져 있는 휴게시간을 제외하곤 근로시간에 포함된다.  Q. 그렇다면 사업주가 화장실 가는 시간, 담배 피우는 시간을 제한할 수도 있는가?  A. 원칙적으로 할 수 있다. 근로시간 중 돈을 주는 시간에 대해서는 회사 입장에서 지시·감독을 할 권리가 있다.  Q. 화장실 다녀오는   시간을 5분으로 제한하는 것은 사업주 또는 매니저의 부당한 행위로 간주할 수 있는가?   A. 사업주가 가급적 자리비우는 시간을 5분안으로 해달라고 요구할 수 있다. 다만 알바생이 갑자기 배가 아파 10분 정도를 비울 수도 있다. 이런 부분들을 사업주가 억압하면 헌법상 신체의 자유를 억압하는 결과가 될 수 있고, 인권유린으로도 접근할 수도 있다. 그런데도 사업주가 제재를 가한다고 하면, 노동자 입장에선 법적으로 다퉈볼 만하다. 또 이것은 인권의 문제가 될 수 있는 만큼 국가인권위원회를 통해 구제받을 수도 있을 것이다.  Q. 부당행위라면 사업주나 매니저에게 법적인 책임을 물을 수 있나?  A. 법적으로 다퉈봐야 할 텐데 법원에서 근로자 주장이 맞다고 한다면 그에 상응하는 강제근로금지 조항(근로기준법), 신체의 자유(헌법) 등 관련법에 따라 처벌할 수 있다. 하지만 그런 부분들을 입증하는 것은 쉽지 않을 것이다. 또 인권위는 노동자(알바생)의 인권이 유린당했다고 판단했을 때에는 해당 사업장을 대상으로 지도·감독을 할 수 있다. 특히 상당한 인권 침해적 소지가 있고, 민사상 불법행위에 해당한다고 판결이 나면 손해배상청구도 할 수 있다.  Q. 알바생은 어디에 어려움을 호소할 수 있는가?  A. 일단 근로관계 관련 건이라고 판단되면 관할 지방고용노동청에 가서 구제받으면 된다. 혹 임금을 주지 않았다면 이 또한 노동청에 민원을 넣으면 된다. 만약 사업주나 매니저가 알바생에 폭행을 가했다면 형법으로 처리할 수도 있다.  Q. 예방책은 없는가?  A. 알바생은 기본적으로 근로시간에는 사업주의 지시·감독에서 벗어날 수 없다. 노동자 측면에서는 억울할 수도 있지만이런 부분을 감수할 의무가 있다. 다만 이번 사례와 같이 알바생이 부당하다고 느끼지 않기 위해서는 근로계약서를 쓰기 전 사업주와 사전협의를 하는 것이 좋다. 근로계약은 임금 지급시기 및 계산방법 등 최소한의 의무조항 외에는 노동자와 사용자(사업주) 간 자율적으로 내용을정할 수 있다는 ‘사적자치의 원리’를 활용할 수 있기 때문이다.        알바생이 사업주로부터 부당한 대우를 받지 않기 위해서는 근로계약서를 통해 각종 항목에 대해 사전협의를 하는 것이 좋다고 노무사는 조언했다.(이미지=이미지투데이)  ▶계좌회복프로젝트! 상위 전문가의 투자전략및 추천종목‘[무료확인]’ ▶14년 연속 1위, 대한민국 대표 스탁론 하이스탁론 '    ' ＜ⓒ종합 경제정보 미디어 이데일리 - 무단전재 & 재배포 금지＞   "
257,1,"2018-05-23","08:08:00","[연속 순매도 종목 매력도] 기관, 태평양물산 9일째 팔아","[5월 핵심유망주]무료 청취 ☎ 1577-1114     [아이투자 김가혜 연구원] 23일 증권업계에 따르면 기관 투자자는 전일까지 태평양물산(007980) 지분을 9일 연속 순매도했다. 이 기간 동안 3억3800만원에 달하는 10만8956주를 팔았다.  전일까지 기관 투자자가 9일 이상 연속 순매도한 종목은 태평양물산 포함 모두 64개다. 선창산업(002820)(65일), 세중(039310)(36일), 서연탑메탈(019770)(32일) 등이 상위권에 올랐다. 새로 목록에 포함된 기업은 대한화섬(003830), 엘오티베큠(083310) 등 총 9개다.  태평양물산의 주식MRI 평가 종합점수는 25점 만점 중 17점을 받았다. 주식MRI는 한국투자교육연구소(KIERI)가 개발한 기업의 투자 매력도를측정하는 솔루션이다. 전체 목록 중 주식MRI 종합 점수가 15점 이상을 기록한 기업은 현대비앤지스틸(004560), 엔에스쇼핑(138250), 유나이티드제약(033270) 등 총 18개다.        주식MRI 분석은 재무건전성을 포함해 수익성장성, 사업독점성, 현금창출력, 밸류에이션 등 5가지 측면에서 개별 주식의 매력도를 측정해 점수화한 것이다. 모두 5가지 부문에서 5점 만점, 총 25점 만점이다. 일반적으로 총점이 15점 이상이면 투자 검토대상, 20점 이상이면 투자 매력이 있는 것으로 판단한다.    이 기사는 투자 참고용으로 이를 근거로 한 투자 손실에 대해 책임을 지지 않습니다. 기사는 아이투자(www.itooza.com)가 제공한 것으로 저작권은 아이투자에 있습니다. 기사 내용 관련 문의는 아이투자로 문의하시기 바랍니다.    [포착]내일 급등 유망주, 지금 알려드리고있습니다.        "
257,2,"2018-05-23","08:07:54","[클릭 e종목]스튜디오드래곤, 하반기 모멘텀 풍부…목표가↑","[아시아경제 권성회 기자] 신한금융투자는 23일 스튜디오드래곤에 대해 하반기 기대할 만한 모멘텀이 풍부하다며 목표주가를 기존 11만8000원에서 13만2000원으로 올렸다. 투자의견은 '매수'를 유지했다.   우선 하반기부터 드라마 해외 수주가 본격화된다. 동남아와 중국 시장을 노리는 글로벌 플랫폼들의 수주가 집중될 가능성이 높다. 홍세종 연구원은 ""하반기에 2편의 추가 수주를 기대하고 있다""며 ""북미 사업자로부터 1편, 중국을 포함한 아시아 사업자로부터 1편""이라고 설명했다. 넷플릭스에 대한 판권 판매도 가속화된다. 이미 올해 1분기 100억원 이상의 판권 수익이 추정되고, 올해 총 470억원의 수익이 예상된다.   중국에 대한 수출 기대감도 여전하다. 홍 연구원은 ""미디어는 한류 경쟁력의 원천을 제공하는데, 중국이 대내외 불확실성이 확대되면 한류 미디어를 가장 먼저 차단하는 이유""라며 ""반대로 불확실성이 완화되면 미디어는 가장 마지막에, 그리고 가장 강한 주가 상승을 보이기 때문에 면세점．화장품의 반등이 반갑다""고 분석했다. 그는 한국물에 대한 중국의 쿼터 허용이 빠르면 6월, 늦어도 하반기에 이뤄질 것으로 전망했다.   3분기부터 영업이익이 급격히 증가할 것이라는 관측도 내놨다. 7월 '미스터 선샤인', 4분기 '알함브라 궁전의 추억' 등 대작들이 기다리고 있다. 이 같은 주력 작품들의 해외 판매가 본격화되면 실적이 크게 늘어날 것이라는 얘기다. 특히 미스터 선샤인은 김은숙 작가가 가진영향력을 감안하면 사상 최대 판권 가격을 경신한 가능성도 높게 점쳐진다.   올해 전체 매출액은 전년 대비 27.9% 늘어난 3667억원, 영업이익은 100.4% 증가한 661억원으로 예측됐다. 홍 연구원은 ""30%에 달하는 연간 매출액 증감률, 유통 매출액의 증가를 앞세워 100% 증가하는 영업이익, 임박한 중국 수익 인식을 근거로 미디어 최선호주(Top Pick) 관점을 유지한다""고 덧붙였다.    ●남북경협株 선취매 all 포착.. 실적 기반 차기 주도주 '바로' 이종목! (클릭) ●'부자네스탁론' 3년 고정금리 4.15% 100% 집중투자까지 ●'대박스탁론' 3년 고정금리 3.99% 100% 집중투자까지  [관련기사]  ☞ ""한국 드라마, 넷플릭스 수혜 입고 내년 이후에도 간다""  ☞ 날개 꺾인 스튜디오드래곤…'용두사미'  ☞ 스튜디오드래곤, 실적 회복 관건은 中 콘텐츠 판매  ☞ [특징주] 스튜디오드래곤, 글로벌 역강 강화 기대감…↑   ☞ [클릭 e종목] 스튜디오드래곤, 가파른 실적 성장세 지속…목표가↑    퇴직 후 백만원으로 ""35억""번 60대男 화제! 60대 김모씨가 퇴직 후 하게 된""이것""이 35억의 대박을...  단돈 100만원만 있어도! 지금 바로 확인해라! 특히 이 종목은, 시장과 무관하게 매수 직후부터 바로 수익이...   권성회 기자 street@asiae.co.kr   <ⓒ세계를 보는 창 경제를 보는 눈, 아시아경제(www.asiae.co.kr) 무단전재 배포금지>"
257,3,"2018-05-23","08:07:45","NDF, 1075.90원...전장보다 -8.50원","뉴욕 차액결제선물환(NDF) 시장에서 달러/원 1개월물이 전장대비 8.50원 하락했다.   글로벌 달러화 강세가 주춤한 가운데 미중간 무역분쟁 위기감이 완화되면서 위험자산 선호도가 확대됐기 때문이다.   22일(현지시간) 달러/원 1개월물은 1075.90원에서 최종호가됐다. 최근 1개월물 스왑포인트(-1.00원)를 반영하면 전거래일 서울환시 현물환 종가(1085.40원)보다 8.50원 내린 것이다.   글로벌 달러화는 이날 미국 국채 금리 하락과 미연준 5월 회의 의사록 대기에 따른 장내 관망세로 가치가 하락했다.   주요 6개국 통화에 대한 달러 가치를 보여주는 달러 인덱스가 전일대비 0.22% 하락한 93.5683을 기록했다. 최근 6거래일 연속 오름세를 접고 잠시 휴식기를 갖는 움직임을 보였다. 오전 7시45분 전일보다 0.01% 하락한 93.5599에 호가됐다.   달러와 비교해서 유로화는 약세, 엔화는 강세를 보였다. 코스콤CHECK에 따르면 유로/달러는 22일 기준으로 전일보다 0.10% 하락한 1.1781달러에 거래됐다. 달러/엔은 0.18% 하락한 110.812엔을 기록했다.        kmkim@fnnews.com 김경목 기자  ▶'모멘텀 집중' 저가에서 매집해둬야 할 상반기 유망주 3선 (지금확인)   [파이낸셜뉴스 주요뉴스]  → '공천갈등 진화' 나선 바른미래 지도부..살얼음판 여전 → 靑, 드루킹-'親文' 송인배 연루설에 '당혹'‥적극 해명 → 일주일 사이에 로또 1등 2번 당첨된 40대 남성 → 초등생 고속도 휴게소 방치 혐의 교사 벌금 800만원 → 심부전 위험 줄이려면, 일주일간 150분 운동하라  ▶ <긴급공개> 억대계좌 이종목에서 또 터진다!    ※ 저작권자 ⓒ 파이낸셜뉴스. 무단전재-재배포 금지 "
257,4,"2018-05-23","08:07:30","관악구, 학교와 함께하는 ‘생필품 공유마켓’ 열어","[헤럴드경제=장연주 기자]서울 관악구(구청장 유종필)가 학교 내 공유문화 확산을 위해 학생들이 가정에서 사용하지 않는 생필품을 어려운 이웃에게 나누는 이른바 ‘학교와 함께하는 생필품 공유마켓’을 연다고 23일 밝혔다.  생필품이 부족해 곤란을 겪는 가정도 있는 반면, 1+1 마트 행사물품이나 명절선물로 받은 생필품을 묵혀 두었다가 그대로 버리는 가정도 많은 실정이다.  이에 관악구는 교육의 현장인 학교를 주축으로 가정에서 사용하지 않는 생필품을 이웃과 나눌 수 있는 생필품 공유마켓을 운영해, 학생들에게 공유체험의 기회를 제공하고 공유가 일상생활에 자연스럽게 자리잡을 수 있는 환경을 조성하는데 앞장선다.    [제공=관악구]  구와 관악푸드뱅크마켓이 주관하는 이번 행사는 오는 30일까지 관악구 기획예산과에서 유선으로 참여희망 학교를 신청받는다.   이후 6월에서 9월 중 희망학교 학생을 대상으로 공유마인드 사전 교육을 실시하고, 학교별로 생필품 공유의 날을 정해 생필품 공유마켓을 개최한다. 모아진 물품은 신원동 소재 관악푸드뱅크마켓으로 보내져 독거어르신 등 생필품을 필요로 하는 이웃가정에 전달될 예정이다.   /yeonjoo7@heraldcorp.com    [프리미엄 링크] ◆ [평생무료] ""주식카톡방"" 대박주를 추천받는데 100원도안낸다~ ◆ 무료O, 회원가입X. 바로보는 증권전문가의 실시간 라이브방송.  10%수익을 40%로 만들어 준다고?? 영웅스탁론이라면 가능~! [영웅스탁론]효과적인 레버리지를 이용하여 수익률을 4배로!!    이 종목 미리 알았더라면.. 화제의급등주검색기 실전투자 300%비법 무료체험 3일신청시 [즉시공개!]    김태희, 로또 대박?! 20억 당첨금 공개..    테마주!외국인+기관 쌍끌이 매집중인 종목 전문가들도 탐내는 급등주 공식 무료배포! [클릭]    [오늘의 인기기사] ◆ [국대스탁론]업계 최저금리 2.29%! 100%한종목 투자가능+신용/ 미수 대환가능 ◆ [국민스탁론]저렴한 연2.7% 금리로 최대 4배 투자 가능 ◆ [마감임박] '급등주 문자메시지' 100% 무료로 받아보기! ◆ [상한가속출] ""깜짝놀랐다"" 카톡무료체험으로 3000만원 수익달성!  ◆[밴드스탁론] 연 2%대 금리, 신용 미수 대환 가능, 주식자금 전문 ☏ 1899-9044 ◆똑똑해진 소비자..한국도 이젠 소형차시대 ◆2020년 한국 TV 2대중 1대 인터넷 연결된다"
257,5,"2018-05-23","08:07:24","보험사 초장기채 수요 다소 완화-DB금융투자","[머니투데이 조한송 기자] DB투자증권은 23일 장기투자기관의 초장기채 수요가 과거 대비 완화됐다는 의견을 제시했다.   문홍철 연구원은 ""장기투자기관의 초장기채 매입이 스프레드(가격 차이)나 과거 매수 금액을 살펴보면 상대적으로 줄었다""며 ""최근 감독당국규제가 더욱 강해지고 있고 해외투자 환경은 악화되고 있는 상황에서 나타나는 현상이라 이례적""이라고 평가했다.   문 연구원은 최근 장기투자기관인 보험사의 원화 초장기채 수요가 줄어드는 원인을 크게 세가지로 들었다.   그는 ""보험사가 저축성 보험 판매를 줄이면서 매수 자금이 상대적으로 줄었다""며 ""그나마 들어오는 자금들마저 채권보다는 대출로 진행되고있기 때문""이라고 분석했다.   또 ""만기보유 증권이 없는 보험사가 전체 보험사의 절반 가까이 된다""며 ""이 경우 금리 상승기에 초장기 채권을 매수하면 RBC(지급여력)가 하락하기 때문에 부담이 따르는 것""이라고 분석했다.   이에 DB금융투자는 초장기채의 강세를 그간 10으로 봤다면 이를 6~7정도로 완화하는 정도로 전망을 수정했다.   문 연구원은 ""초장기채 강세 요인을 일부 누그러뜨리는 반대요인도 있어 기존 전망을 소폭 수정한다""며 ""기존에는 10년물 대비 30년물 스프레드를 0~-20bp로 봤다면 –8~-4bp 정도를 제시한다""고 언급했다.      주식담보대출도 이제 부담없는 금리로 가능(안내: 02-3775-1497)   ▶▶ 2018년 상반기 급등 예상 종목 BEST 10 (바로 확인)   <키워드림론> 최저금리로 신용·미수 대환 하는 유일한 방법은    [파워 인터뷰]      [관련기사] ☞ 오는 10일 이건희 삼성회장 '와병 만4년'…장비없이 자가호흡 ☞ 아들 곁으로 간 구본무 회장…슬픔 이기고 LG 24년 이끌어 ☞ 성공을 부르는 말하기? ""목소리를 낮게 내보세요"" ☞ "" 할아버지, 존경해요""…구본무 회장 향한 추모들 ☞ ""김앤장만 믿었다가""…현대차, 소통 실패의 천문학적 비용       주식매입자금? 전화 한통화면 당신은 스마트컨슈머!    최저금리로 신용·미수 대환 하는 가장 경제적인 방법 (바로 확인)   ‘개미’말고 ‘슈퍼 투자자’되고 싶다면?...‘이것’만 잘 이용해도 가능해요!       조한송 기자 1flower@    <저작권자 ⓒ '돈이 보이는 리얼타임 뉴스' 머니투데이, 무단전재 및 재배포 금지>"
257,6,"2018-05-23","08:07:18","베네수엘라 원유생산 100만배럴 초반까지 줄 가능성..유가 상방압력 <국금센터>","국제금융센터는 23일 ""베네수엘라의 석유산업 퇴조가 단기간 내 해소되기 어려운 구조적 문제에 기인하는 만큼 금년말 원유생산이 일일100만배럴 초반 수준까지 감소할 가능성이 있다""고 분석했다.   국금센터는 ""생산 감소세가 세계 수요 회복세, 對이란제재 재개와 결부되면 글로벌 수급은 공급부족 폭이 커지고 국제유가의 상방압력이 증대될 수 있다""면서 이같이 내다봤다.   정치·경제 위기로 베네수엘라의 원유 생산은 33년래 최저 수준으로 급감한 상태다. 지난 2015년말 일일 236만배럴에서 2018년 3월 151만배럴로 급락하며 1985년 수준(156만배럴)으로 감소했다. 4월에 155만배럴로 소폭 증가했으나 전년동월대비로는 22% 줄어들었다.    원유수출 4월 일일 110만배럴로 전년동기대비 40% 급감했다. 최근 미국의 경제제재 강화로 대미수출이 전년대비 절반 가까이 감소한 데 주로 기인한다.   국금센터는 원유생산 감소는 ▲사회주의 정권의 석유산업 국유화 ▲투자 감소 ▲경제 실패 및 디폴트 위기 ▲미국의 제재강화 등에 기인한다고 밝혔다.   센터는 ""과거 차베스 사회주의 정권 출범 이후 PDVSA를 국유화해 통제권을 강화하고 비전문가인 친정부 인사 위주로 경영진을 구성하면서 석유산업이 퇴조했다""고 지적했다.   센터는 ""베네수엘라 석유생산 및 판매 수입이 선심성 무상복지 정책에 낭비되면서 석유산업에 대한 투자가 감소하고 기술발전이 정체됐다""면서 ""부분적 디폴트 상태인 PDVSA의 해외 채권자들은 최근 베네수엘라 원유가 실린 유조선, 정유시설, 석유제품 등의 압류를 개시했다""고 밝혔다.   이어 ""마두로 대통령이 지난해 8월 제헌의회를 구성한 이후 미국은 일련의 금융제재 조치를 발표했으며, 베네수엘라의 국제사회 고립 심화 속에 자금조달 어려움은 가중됐다""고 덧붙였다.  taeminchang@fnnews.com 장태민 기자    ▶'모멘텀 집중' 저가에서 매집해둬야 할 상반기 유망주 3선 (지금 확인)   [파이낸셜뉴스 주요뉴스]  → '공천갈등 진화' 나선 바른미래 지도부..살얼음판 여전 → 靑, 드루킹-'親文' 송인배 연루설에 '당혹'‥적극 해명 → 일주일 사이에 로또 1등 2번 당첨된 40대 남성 → 초등생 고속도 휴게소 방치 혐의 교사 벌금 800만원 → 심부전 위험 줄이려면, 일주일간 150분 운동하라  ▶ <긴급공개> 억대계좌 이종목에서 또 터진다!    ※ 저작권자 ⓒ 파이낸셜뉴스. 무단 전재-재배포 금지 "
257,7,"2018-05-23","08:07:08","성북구, 한방(韓方)난임 지원사업 추진…임신성공률 19.4%","[헤럴드경제=장연주 기자]서울 성북구(구청장 김영배)는 2017년부터 서울시 최초로 난임 부부에 대한 한방 치료비 지원사업을 추진하고 있다고 23일 밝혔다.  성북구가 행복한 임신과 건강한 출산을 통한 삶의 질 향상 및 출산율 증가를 도모하기 위해 추진한 한방(韓方)난임 지원사업의 성과로 2017년부터 사업에 참여해 치료를 종결한 대상자 중 2018년 2월까지 보고된 대상자의 임신성공률은 19.4%이다.  그 사례로 2017년 한방치료 종료 후 올해 1월 체외수정을 시도해 임신에 성공해 5월 초 관계자들에게 감사의 인사를 전한 한 모(38)씨의경우가 한방 지원사업의 필요성과 효과를 잘 보여준다.    성북구청사[제공=성북구청]  한 씨는 “첫째 아이를 체외수정으로 임신해 출산한 뒤 2013년부터 둘째임신을 위해 체외수정을 8회 시행했지만 모두 실패한 상황이었다”며 “임신가능성이 희박했지만 한약 및 침 치료를 꾸준히 받았고, 1월에 시험관 시술을 시행해 기적적으로 임신에 성공했다”고말했다.   이처럼 한방 난임치료는 자연임신을 유도할 뿐만 아니라 산부인과적 보조생식술을 시행할 때에도 한방치료를 병행한 경우 더욱 높은 성공률을 거둘 수 있다는 근거가 기존 논문을 통해서도 충분히 확보된 바 있다. 이번 지원사업을 통해서도 긍정적인 결과가 보고되고 있어 보조생식술을 계획하는 부부에게도 시술 받기 전 한방치료를 고려해 볼 만하다고 성북구 측은 설명했다.  /yeonjoo7@heraldcorp.com    [프리미엄 링크] ◆ [평생무료] ""주식카톡방"" 대박주를 추천받는데 100원도 안낸다~ ◆ 무료O, 회원가입X. 바로보는 증권전문가의 실시간 라이브방송.  10%수익을 40%로 만들어 준다고?? 영웅스탁론이라면 가능~! [영웅스탁론]효과적인 레버리지를 이용하여 수익률을 4배로!!    이 종목 미리 알았더라면.. 화제의 급등주검색기 실전투자 300%비법 무료체험 3일신청시 [즉시공개!]    김태희, 로또 대박?! 20억 당첨금 공개..    테마주!외국인+기관 쌍끌이 매집중인 종목 전문가들도 탐내는 급등주 공식 무료배포! [클릭]    [오늘의 인기기사] ◆ [국대스탁론]업계 최저금리 2.29%! 100%한종목 투자가능+신용/ 미수 대환가능 ◆ [국민스탁론]저렴한 연2.7% 금리로 최대 4배 투자 가능 ◆ [마감임박] '급등주 문자메시지' 100% 무료로 받아보기! ◆ [상한가속출] ""깜짝놀랐다"" 카톡무료체험으로 3000만원 수익달성!  ◆[밴드스탁론] 연 2%대 금리, 신용 미수 대환 가능, 주식자금 전문 ☏ 1899-9044 ◆똑똑해진 소비자..한국도 이젠 소형차 시대 ◆2020년 한국 TV 2대중 1대 인터넷 연결된다"
258,1,"2018-05-23","08:03:00","뉴욕증시 마감시황","@media all and (max-width: 400px) {img{max-width:340;height:auto;}}.dayTBL a:link {font-family: 돋움;font-size: 11px;line-height: 18px;color:#666666;text-decoration: none}.dayTBL a:visited {font-family: 돋움;font-size: 11px;line-height: 18px;color: #666666;text-decoration: none}.dayTBL a:hover {font-family: 돋움;font-size: 11px;line-height: 18px;color: #840000;text-decoration: none}.dayTBL nobr {width:85px; text-overflow:ellipsis; overflow:hidden; cursor:pointer; float:left}.todayBDb {border-bottom: #000000 0.5pt solid}.tblGrp{padding:0; border-spacing:0; border-collapse:collapse; border:0;vertical-align:top;width:279px}.tblGrp td{vertical-align:top}.dayTBL {width:93px; padding:0; border-spacing:0; border-collapse:collapse; vertical-align:top; border:0}.dayTBL td{font-size:12px; font-family:돋움; color:#333333;line-height:18px;padding:0}.divSch1{float:left}.divSch2{float:left}.divLink{float:left;margin-right:10px;margin-bottom:5px;}.tdSch{border: #E6E6E6 0.1pt solid;height:75;padding:0}.tdSchToday {border: #000000 1pt solid;height:75;background-color:#fffff0;padding:0}.tdSchTomorrow {border-left:0}.tdSchYesterday {border-right:0}.tdDate{background-color:#c8e7ff;height:10;text-align:center}.ad {text-align:center; font-size:8pt; font-family:돋움;line-height:1.2}.lg {margin-bottom:20px;}.title{font-size:15px;color:#203c76;font-weight:bold;margin-bottom:20px;}a,img {border:0; outline:none; selector-dummy:expression(this.hideFocus=true);}body,td,select,input,div,form,textarea,center,option,pre,blockquote {font-size:9pt; line-height:1.6; font-family:돋움;}table{width:100%; border:0px;}@media (min-width:650px){img {max-width:600px;height:auto}}@media (max-width:650px){img {max-width:500px;height:auto}}@media (max-width:550px){img {max-width:400px;height:auto}}@media (max-width:450px){img {max-width:300px;height:auto}}@media all and (max-width: 400px) {img {max-width:300px;height:auto}.tbl_dmd {width:340;text-align:right;border-collapse:collapse;}}.pv{display:none;}.popup {cursor : pointer;color:#0078c6;}.mttl {color:#821e1e;font-weight:bold;font-size:9pt;}.tldot {font-size:7pt;color:#0078c6;}td.pls {color:#ff3300;}td.mns {color:blue;}td.pls_ar {text-align:right;color:#ff3300;}td.ar {text-align:right;}td.ac {text-align:center;}.tbl_dmd {width:380;text-align:right;border-collapse:collapse;}.tbl_dmd {max-width:400;min-width:340;text-align:right;border-collapse:collapse;}.tbl_dmd td {padding-right:5;border:1px solid #dcdcdc;}.tbl_con {width:340;border-collapse:collapse;text-align:center;}.tbl_con td {padding-right:5;border:1px solid #dcdcdc;}r {display:none;}"
258,2,"2018-05-23","08:03:00","롯데푸드, 신규 진출 편의식품 매출 확대..목표가↑-NH","@media all and (max-width: 400px) {img{max-width:340;height:auto;}}.dayTBL a:link {font-family: 돋움;font-size: 11px;line-height: 18px;color:#666666;text-decoration: none}.dayTBL a:visited {font-family: 돋움;font-size: 11px;line-height: 18px;color: #666666;text-decoration: none}.dayTBL a:hover {font-family: 돋움;font-size: 11px;line-height: 18px;color: #840000;text-decoration: none}.dayTBL nobr {width:85px; text-overflow:ellipsis; overflow:hidden; cursor:pointer; float:left}.todayBDb {border-bottom: #000000 0.5pt solid}.tblGrp{padding:0; border-spacing:0; border-collapse:collapse; border:0;vertical-align:top;width:279px}.tblGrp td{vertical-align:top}.dayTBL {width:93px; padding:0; border-spacing:0; border-collapse:collapse; vertical-align:top; border:0}.dayTBL td{font-size:12px; font-family:돋움; color:#333333;line-height:18px;padding:0}.divSch1{float:left}.divSch2{float:left}.divLink{float:left;margin-right:10px;margin-bottom:5px;}.tdSch{border: #E6E6E6 0.1pt solid;height:75;padding:0}.tdSchToday {border: #000000 1pt solid;height:75;background-color:#fffff0;padding:0}.tdSchTomorrow {border-left:0}.tdSchYesterday {border-right:0}.tdDate{background-color:#c8e7ff;height:10;text-align:center}.ad {text-align:center; font-size:8pt; font-family:돋움;line-height:1.2}.lg {margin-bottom:20px;}.title{font-size:15px;color:#203c76;font-weight:bold;margin-bottom:20px;}a,img {border:0; outline:none; selector-dummy:expression(this.hideFocus=true);}body,td,select,input,div,form,textarea,center,option,pre,blockquote {font-size:9pt; line-height:1.6; font-family:돋움;}table{width:100%; border:0px;}@media (min-width:650px){img {max-width:600px;height:auto}}@media (max-width:650px){img {max-width:500px;height:auto}}@media (max-width:550px){img {max-width:400px;height:auto}}@media (max-width:450px){img {max-width:300px;height:auto}}@media all and (max-width: 400px) {img {max-width:300px;height:auto}.tbl_dmd {width:340;text-align:right;border-collapse:collapse;}}.pv{display:none;}.popup {cursor : pointer;color:#0078c6;}.mttl {color:#821e1e;font-weight:bold;font-size:9pt;}.tldot {font-size:7pt;color:#0078c6;}td.pls {color:#ff3300;}td.mns {color:blue;}td.pls_ar {text-align:right;color:#ff3300;}td.ar {text-align:right;}td.ac {text-align:center;}.tbl_dmd {width:380;text-align:right;border-collapse:collapse;}.tbl_dmd {max-width:400;min-width:340;text-align:right;border-collapse:collapse;}.tbl_dmd td {padding-right:5;border:1px solid #dcdcdc;}.tbl_con {width:340;border-collapse:collapse;text-align:center;}.tbl_con td {padding-right:5;border:1px solid #dcdcdc;}r {display:none;}    제목 : 뉴욕증시 마감시황 5월22일(현지시간) 뉴욕주식시장은 北美 정상회담 및 美中 무역협상 불확실성 등으로 하락.  이날 뉴욕증시는北美 정상회담 개최에 대한 불확실성이 커진 가운데, 미국과 중국간의 무역협상 우려 등으로 3대 지수 모두 하락. 다우지수가 0.72% 하락했으며, 나스닥지수와 S&P500지수가 0.21%, 0.31% 하락 마감.  오는 6월12일 北美 정상회담 개최를 앞두고 도널드 트럼프 美 대통령의 발언 이후 불확실성이 커진 모습. 트럼프 대통령은 이날 워싱턴D.C 백악관에서 열린 문재인 대통령과의 정상회담 자리에서 “우리가 원하는 특정한 조건들이 충족되지 않으면 회담을 하지 않을 것”이라며, 北美 정상회담 연기 가능성을 언급함.  아울러 미국과 중국이 지난주 무역협상에서 상호간 관세 부과 보류에 합의했지만, 트럼프 대통령이 중국과의 무역협상 결과에 불만족스럽다고 발언하면서 무역전쟁에 대한 우려가 재부각되는 모습.  한편, 중국 재정부는 이날 관세 항목에 따라 25% 또는 20%였던 기존 자동차 수입 관세를 오는 7월 1일부터 15%로 내린다고 밝혔으며, 미국도 중국 통신업체인 ZTE에 대한 제재를 벌금과 회사의 경영진 교체 등을 조건으로 완화해 줄 것이란 소식이 전해짐. 다만, 트럼프 대통령은 중국과 ZTE 제재 문제에 대해 합의하지 않았다고 반박했으며, ZTE에 13억 달러 규모의 벌금 부과도 생각하고 있다고 밝힘.  업종별로는 하락 업종이 우세한 가운데, 소매, 경기관련 소비재, 산업서비스, 에너지, 소프트웨어/IT서비스, 화학, 복합산업, 의료 장비/보급 업종 등의 하락세가 두드러짐. 반면, 자동차, 은행 업종은 상승. 종목별로는 J.C.페니가 마빈 엘리슨 최고경영자(CEO) 사임 속에 6.00% 하락했으며, 콜스는 실적 부진 여파 등으로 7.42% 하락. 반면, 美 하원이 이번주 중소형 은행에 대한 규제 완화 방안을 담은 법안을 통과시킬 것이란 소식이 전해지면서 은행주가 상승한 가운데, 뱅크오브아메리카와 씨티그룹이 1.11%, 0.92% 상승했으며, 중국 정부의 자동차 수입 관세 인하 결정 속에 제너럴모터스와 포드가 각각 0.50%, 0.09% 상승.  다우 -178.88(-0.72%) 24,834.41, 나스닥 -15.58(-0.21%) 7,378.46, S&P500 2,724.44(-0.31%), 필라델피아반도체 1,366.97(+0.56%)      ■[하이스탁론] 주식자금이 필요할땐 ☎ 1599-6222 연 3% 업계 최저금리, 자기자본 포함 최대 4배, 연장수수료 無 주식매도 없이 미수, 신용 대환 / 마이너스통장식 / 기대출자도 가능 ☞ 14년 연속 스탁론 점유율 1위, 노주현이 추천하는 [하이스탁론 바로가기]  ▶【급등임박株】 “정책+실적+수급분석 완료” 주도주 '2선' 추천받기  ◆""숨은 진주발굴"" 당뇨치료제 상용화 임박! <재료주공개>   [이슈&섹터 스케줄]    2018-05-21 - 독일 증시 휴장 - 여야, 특검·추경 동시 처리 예정 - 2018년 AfDB 연차총회 개최 예정   2018-05-22 - 석가탄신일 - 국내, 홍콩 증시 휴장 - 韓-美 정상회담   2018-05-23 - 월드IT쇼(WIS) 개최 - 2018 글로벌 액셀러레이터 컨퍼런스 & 데모데이 개최 - 폼페이오, 美 하원 청문회 출석 예정(현지시간)      2018-05-24 - 금융통화위원회 - 文 대통령, 정부 개헌안 국회 표결 예정 - 韓-中 산업장관 회의 개최 예정   2018-05-25 - 미국 제외 이란 핵 합의 당사국 이행 문제 논의 예정(현지시간) - 삼성전자, 갤럭시S9·S9+ 버건디레드 출시 예정 - 삼성바이오로직스 감리위 2차회의   2018-05-26 - 동원 보호예수 해제 - 오늘의 프로야구      Copyright ⓒ True&Live 증시뉴스 점유율1위, 인포스탁(www.infostock.co.kr) 인터넷신문(경기아51008)/무단전재 및 배포금지   본 뉴스(정보)는 해당종목의 매수/매도신호가 아니며, 이를 근거로행해진 거래에 대해 책임을 지지 않습니다."
258,3,"2018-05-23","08:02:59","""나도 최고의 포커 플레이어""…트럼프, 北에 '당근'과 '최후통첩'","[머니투데이 최경민 기자] [[the300]CVID 일괄 타결 강조…조건 안 맞으면 정상회담 백지화 '경고']     ""시진핑 중국 국가주석은 세계 최고의 포커 플레이어다. 나도 마찬가지이고.""   도널드 트럼프 미국 대통령이 22일(현지시간) 미국 워싱턴D.C. 백악관에서 가진 문재인 대통령과의 정상회담에서 한 말이다. 김정은 북한 국무위원장이 최근 한미연합훈련과 미국의 CVID(완전하고 검증 가능하며 불가역적 비핵화) 방식을 비난하고 있는 것의 배후에 중국이 있는 듯하다는 점을 지적하며 나온 발언이다.   트럼프 대통령은 자신 역시 최고의 '포커 플레이어'라는 점을 강조하며 반드시 이 게임에서 칩을 쓸어 담겠다는 의지를 우회적으로 밝혔다. '당근'을 주면서, '최후통첩'을 동시에 보내는 방식을 이 '포커 플레이어'는 택했다.   북한에 대해서는 제공할 수 있는 '밝은 미래'를 정확하게 언급했다. 그는 ""북한이 CVID를 택할 경우 김 위원장은 안전할 것이고, 굉장히 기쁠 것이다. 북한은 굉장히 번영할 것""이라고 설명했다. ""미국은 아시다시피 지금까지 한국에 수조 달러의 지원을 해왔다""며 북한 역시 '마샬 플랜'에 버금가는 수혜를 받을 수 있음을 언급했다.   트럼프 대통령은 ""한국, 중국, 일본 3국과 내가 다 대화를 했다""며 ""이 3국 모두 북한을 도와서, 북한을 위대한 국가로 만들기 위한 아주 많은 지원을 지금 약속하고 있다""고 강조하기도 했다.    '딜'의 성사 조건이 '속전속결 CVID'임을 분명히 했다. 트럼프 대통령은 ""한꺼번에 일괄 타결되는 것이 바람직하다. 그것이 더욱 더 낫겠다"" 며 ""전체적으로 봤을 때 한꺼번에 빅딜로 타결되는 것이 바람직하다""고 밝혔다. 다만 ""완전히 그렇게 해야 된다는 것은 아니다. 한꺼번에 이뤄진다는 것은 물리적인 여건으로 봤을 때 불가능할 수도 있다""고 하며 '속전속결' 와중에 단계적으로 보상을 주고받는 방식에 대한 가능성을 열었다는 분석도 있다.    '최후통첩'도 동시에 보냈다. '시간 낭비'라 판단이 되면 정상회담 자체를 취소할 수 있음을 강조했다. 협상이 결렬된 상황에 대해서는 전날마이크 펜스 부통령이 언급했던 바 있다. 펜스 부통령은 ""김 위원장이 협상을 하지 않으면 리비아 식으로 끝날 수밖에 없다""고 했다. ""군사옵션은 배제된 적이 없다""며 김 위원장과 비참한 최후를 맞은 리비아의 독재자 무아마르 카다피를 동일 선상에 놓았다.   트럼프 대통령은 ""만약에 협상이 잘 이뤄지지 않는다면 솔직하게 말해서 김 위원장은 그렇게 기쁘지 않을 것이라고 생각이 든다""며 ""섣불리말하기 어렵다. 여러가지를 고민하고 있는데, 시간 낭비를 원하지 않는다""고 말했다.   그는 ""(김 위원장과) 싱가포르 회담이 열릴지 안 열릴지는 두고 봐야 할 것이다. 열린다면 북한에게도 좋은 일이 될 것""이라며 ""(싱가포르 회담이 예정된) 다음달 12일이 아니더라도 북한과 협상은 언제든 가능하다. 원하는 조건이 충족되지 않으면 하지 않아도 좋다""고 밝혔다.    '경고'의 메시지는 중국에게도 향했다. 트럼프 대통령은 ""김 위원장이 두 번째로 시 주석과 만난 다음에 김 위원장의 태도가 좀 변했다""며 "" 별로 좋은 느낌이 아니다. 그렇지 않기를 바란다""고 설명했다. ""중요한 것은 시 주석과 김 위원장의 만남에 대해서 아무도 몰랐다는 사실""이라며 ""그리고 어느 정도 태도 변화가 있었다라는 논란이 사실인 것은 틀림없다""고 강조했다.   중국에 대한 견제구는 테이블을 일단 '남북미'에 맞춰 협상을 빠르게 진행하려는 의도로 해석된다. 북한이 미국과 중국간의 기싸움 사이에서실익만 취하려는 것을 원천 차단하겠다는 전략이기도 하다. 중국을 통해 북한이 '최대한도의 압박'을 해제할 수 있다는 우려가 나오는 시점이었다. 북한에 대한 경제지원을 골자로 한 체제보장과 완전한 비핵화가 논의되던 국면에서, 북측이 불쑥 한미연합훈련을 거론한 것 역시 중국의 입김이 아니냐는 분석이 나오는 중이다.   종합적으로 볼 때 트럼프 대통령은 아직 '북핵 포커' 판을 떠날 생각이 없는 것으로 분석된다. 오히려 현재 상황을 타계하기 위한 가장 강력한 수를 두며 협상에 대한 의지를 피력했다.   그는 ""나는 이런 협상에 대해서 상당히 많은 경험을 가지고 있다. 어떤 경우에는 협상에 들어감에 있어서 가능성이 '0'이었는데도 '100'으로협상이 이뤄지는 경우도 있고, 가능성이 굉장히 컸다가도 전혀 이뤄지지 않는 경우도 있다""며 ""그래서 일단 가봐야 되겠다""고 말했다.      주식담보대출도 이제 부담없는 금리로 가능(안내: 02-3775-1497)   ▶▶ 2018년 상반기 급등 예상 종목 BEST 10 (바로 확인)   <키워드림론> 최저금리로 신용·미수 대환 하는 유일한 방법은    [파워 인터뷰]      [관련기사] ☞ 오는 10일 이건희 삼성회장 '와병 만4년'…장비없이 자가호흡 ☞ ""우리 아들과 결혼? 재산분할 포기각서써라"" ☞ 아들 곁으로 간 구본무 회장…슬픔 이기고 LG 24년 이끌어 ☞ ""김앤장·삼일만 믿었다가""…기업 '소통 리스크' 부각 ☞ ""할아버지, 존경해요""…구본무 회장 향한 추모들      주식매입자금? 전화 한통화면 당신은 스마트컨슈머!    최저금리로 신용·미수 대환 하는 가장 경제적인 방법 (바로 확인)   ‘개미’말고 ‘슈퍼 투자자’되고 싶다면?...‘이것’만 잘 이용해도 가능해요!       최경민 기자 brown@mt.co.kr    <저작권자 ⓒ '돈이 보이는 리얼타임 뉴스' 머니투데이, 무단전재 및 재배포 금지>"
258,4,"2018-05-23","08:02:49","""아프리카TV, 제2의 성장기 진입…목표가↑""-한국","한국투자증권은 23일 아프리카TV에 대해 콘텐츠 다양화로 제2의 성장기에 진입했다며 목표주가를 종전 4만4000원에서 5만6000원으로 상향 조정했다. 투자의견은 '매수'를 유지했다.  김성은 연구원은 ""연예인들 및 다양한 분야의 전문가들이 부가 수익 창출과 인지도 상승을 위해 개인 방송 플랫폼 진출을 본격화하고 있다""며 ""아프리카TV도 과거 대비 다양한 콘텐츠를 제공할 수 있어 신규 이용자의 유입이 가속화될 전망이고, 월평균 방문자 수(MUV)의 가파른 증가가 예상된다""고 밝혔다.  뷰티 등 여성 관련 콘텐츠와 스포츠 관련 스트리밍 콘텐츠의 인지도가 높아지면서 여성 및 장년층의 비중 확대가 나타날 것이란 전망이다. 지난해 3분기 기준 아프리카TV의 여성 및 30대 이상의 이용자 비중은 각각 20%와 22%로 제한적이었지만 점차 개선될 것으로 내다봤다.  김 연구원은 "" 하루 결제 한도 하향과 유명 BJ 이탈에 따른 MUV의 감소 등의 악재는 이미 반영돼 향후 다운 리스크는 극히 제한적""이라며 ""6월을시작으로 일 결제 한도가 기존 3000만원에서 100만원으로 하향될 예정이지만 전체 이용자 중 극단적으로 결제 이용자 당 평균 매출(ARPPU)가높은 비중이 제한적이기 때문에 실제 매출에 미치는 영향은 3% 내외일 것""이라고 예상했다.  그는 ""여성 이용자를 중심으로 결제 이용자 비중이 상승하고 있어 결제 한도 하향에 따른 매출 감소도 최소화될 것""이라며 ""최근 주가 상승에도 올해 실적기준 예상 주가수익비율(PER)은 18.4배로 추가적인 상승 여력은 충분하다""고 진단했다.  오정민 한경닷컴 기자 blooming@hankyung.com     기업의 환율관리 필수 아이템! 실시간 환율/금융서비스 한경Money [ 무료 주식 카톡방 ] 국내 최초, 카톡방 신청자수 38만명 돌파 < 업계 최대 카톡방 > --> 카톡방 입장하기!!     관련기사 '열흘 만에 3천만원도' 1인방송 BJ 변신 후 부와 인기 거머쥔 스타들 ""정말 이례적인 일"" 망연자실한 신혼부부들 왜? 돈방석 앉은 연예인들…1인 방송 BJ 수입 어떻길래 ""셈하기도 어렵다"" 방탄소년단 경제적 가치가 무려    ⓒ 한국경제 & hankyung.com, 무단전재 및 재배포 금지"
258,5,"2018-05-23","08:02:26","코리안리, 재보험요율 반등 · 중장기 남북경협 따른 성장기회 포착","@media all and (max-width: 400px) {img{max-width:340;height:auto;}}.dayTBL a:link {font-family: 돋움;font-size: 11px;line-height: 18px;color:#666666;text-decoration: none}.dayTBL a:visited {font-family: 돋움;font-size: 11px;line-height: 18px;color: #666666;text-decoration: none}.dayTBL a:hover {font-family: 돋움;font-size: 11px;line-height: 18px;color: #840000;text-decoration: none}.dayTBL nobr {width:85px; text-overflow:ellipsis; overflow:hidden; cursor:pointer; float:left}.todayBDb {border-bottom: #000000 0.5pt solid}.tblGrp{padding:0; border-spacing:0; border-collapse:collapse; border:0;vertical-align:top;width:279px}.tblGrp td{vertical-align:top}.dayTBL {width:93px; padding:0; border-spacing:0; border-collapse:collapse; vertical-align:top; border:0}.dayTBL td{font-size:12px; font-family:돋움; color:#333333;line-height:18px;padding:0}.divSch1{float:left}.divSch2{float:left}.tdSch{border: #E6E6E6 0.1pt solid;height:75;padding:0}.tdSchToday {border: #000000 1pt solid;height:75;background-color:#fffff0;padding:0}.tdSchTomorrow {border-left:0}.tdSchYesterday {border-right:0}.tdDate{background-color:#c8e7ff;height:10;text-align:center}.ad {text-align:center; font-size:8pt; font-family:돋움;line-height:1.2}.lg {margin-bottom:20px;}.title{font-size:15px;color:#203c76;font-weight:bold;margin-bottom:20px;}a,img {border:0; outline:none; selector-dummy:expression(this.hideFocus=true);}body,td,select,input,div,form,textarea,center,option,pre,blockquote {font-size:9pt; line-height:1.6; font-family:돋움;}table{border:0px;}r {display:none;}"
258,6,"2018-05-23","08:02:26","한화생명, 변액보증준비금 환입 규모 축소에 따른 이익 모멘텀 둔화","@media all and (max-width: 400px) {img{max-width:340;height:auto;}}.dayTBL a:link {font-family: 돋움;font-size: 11px;line-height: 18px;color:#666666;text-decoration: none}.dayTBL a:visited {font-family: 돋움;font-size: 11px;line-height: 18px;color: #666666;text-decoration: none}.dayTBL a:hover {font-family: 돋움;font-size: 11px;line-height: 18px;color: #840000;text-decoration: none}.dayTBL nobr {width:85px; text-overflow:ellipsis; overflow:hidden; cursor:pointer; float:left}.todayBDb {border-bottom: #000000 0.5pt solid}.tblGrp{padding:0; border-spacing:0; border-collapse:collapse; border:0;vertical-align:top;width:279px}.tblGrp td{vertical-align:top}.dayTBL {width:93px; padding:0; border-spacing:0; border-collapse:collapse; vertical-align:top; border:0}.dayTBL td{font-size:12px; font-family:돋움; color:#333333;line-height:18px;padding:0}.divSch1{float:left}.divSch2{float:left}.tdSch{border: #E6E6E6 0.1pt solid;height:75;padding:0}.tdSchToday {border: #000000 1pt solid;height:75;background-color:#fffff0;padding:0}.tdSchTomorrow {border-left:0}.tdSchYesterday {border-right:0}.tdDate{background-color:#c8e7ff;height:10;text-align:center}.ad {text-align:center; font-size:8pt; font-family:돋움;line-height:1.2}.lg {margin-bottom:20px;}.title{font-size:15px;color:#203c76;font-weight:bold;margin-bottom:20px;}a,img {border:0; outline:none; selector-dummy:expression(this.hideFocus=true);}body,td,select,input,div,form,textarea,center,option,pre,blockquote {font-size:9pt; line-height:1.6; font-family:돋움;}table{border:0px;}r {display:none;}    제목: 한화생명, 변액보증준비금 환입 규모 축소에 따른 이익 모멘텀 둔화  (서울=NSP통신) 김희진 기자 = 한화생명(088350)의 1분기 순이익은 1146억원(YoY -37%)으로 컨센서스를 하회했다.   위험손해율이 79.2%로 전년 동기 대비 2.3%p 개선되며 사차익이 15% 증가했음에도 전년 대비 감익의 이유는 변액보증 준비금 효과 감소 및 투자이익률 하락의 영향이다.   투자이익률은 전년 동기 대규모 채권 매각익이 반영되어 0.2%p 전년 동기 대비 하락했다.   사업비율은 신계약비 집행 효율성 강화로 전년 동기 대비 0.6%p 개선됐다. 보장성 APE는 4650억원으로 전년 동기 대비 16.4% 감소했는데 이는 지난해 1분기 기고효과의 영향으로 지난해 분기 평균과 유사한 수준의 매출였다.  한화생명은 금리고정형 준비금 비중 및 평균예정이율이 가장높다는 점에서 글로벌 금리 상승은 중장기적 관점에서 분명 긍정적인 환경 변화이다.   그러나 이차스프레드의 개선이 손익계산서에서 확인되려면 신규이원과 보유이원과의 스프레드와 보유 채권의 장기 듀레이션 속성을 고려시 2019년 하반기는 되어야 가능할 것으로 보인다.   오진원 하나금융투자 애널리스트는 “단기적으로는 변액보증 준비금 환입에 따른 손익 변동이 보다 큰데 전년 대비 증시 부진으로 인해 올해변액보증준비금 환입 규모의 축소가 불가피해 보인다“고 예상했다. 본 정보(기사)는 해당 업체에서 제공한 투자 참고용 자료로 NSP통신 의견과는 다를 수 있습니다. 이를 근거로 한 투자손실에 대해서는 책임을 지지 않습니다.  NSP통신/NSP TV 김희진 기자, ang0919@nspna.com 저작권자ⓒ 한국의 경제뉴스통신사 NSP통신·NSP TV. 무단전재-재배포 금지.    해당 기사는 NSP통신(www.nspna.com)에서 제공한 것이며저작권은 제공 매체에 있습니다. 기사 내용 관련 문의는 해당 언론사에 하시기 바랍니다.  ■[하이스탁론] 주식자금이 필요할 땐 ☎ 1599-6222 연 3% 업계 최저금리, 자기자본 포함 최대 4배, 연장수수료 無 주식 매도없이 미수, 신용 대환 / 마이너스통장식 / 기대출자도 가능 ☞ 14년 연속 스탁론 점유율 1위, 노주현이 추천하는 [하이스탁론 바로가기]  ▶【급등임박株】 “정책+실적+수급분석 완료” 주도주 '2선' 추천받기  ◆""숨은 진주발굴"" 당뇨치료제 상용화 임박! <재료주공개>   [이슈&섹터 스케줄]    2018-05-21 - 독일 증시 휴장 - 여야, 특검·추경 동시 처리 예정 - 2018년 AfDB 연차총회 개최 예정   2018-05-22 - 석가탄신일 - 국내, 홍콩 증시 휴장 - 韓-美 정상회담   2018-05-23 - 월드IT쇼(WIS) 개최 - 2018 글로벌 액셀러레이터 컨퍼런스 & 데모데이 개최 - 폼페이오, 美 하원 청문회 출석 예정(현지시간)      2018-05-24 - 금융통화위원회 - 文 대통령, 정부 개헌안 국회 표결 예정 - 韓-中 산업장관 회의 개최 예정   2018-05-25 - 미국 제외 이란 핵 합의 당사국 이행 문제 논의 예정(현지시간) - 삼성전자, 갤럭시S9·S9+ 버건디레드 출시 예정 - 삼성바이오로직스 감리위 2차회의   2018-05-26 - 동원 보호예수 해제 - 오늘의 프로야구      Copyright ⓒ True&Live 증시뉴스 점유율1위, 인포스탁(www.infostock.co.kr) 인터넷신문(경기아51008)/무단전재 및 배포금지   본 뉴스(정보)는 해당종목의 매수/매도신호가 아니며, 이를 근거로행해진 거래에 대해 책임을 지지 않습니다."
258,7,"2018-05-23","08:02:07","민주당,오늘 봉하마을 집결… 노무현 전 대통령 추도식","[헤럴드경제=이슈섹션] 더불어민주당 지도부와 소속 의원들은 23일 고(故) 노무현 전 대통령 서거 9주기 추도식에 대거 참석해 고인을 추모한다.  이날 오후 2시 경남 김해 봉하마을에서 열리는 추도식에는 추미애 대표와 홍영표 원내대표를 비롯한 당 지도부는 물론 의원수십 명과 당직자들이 참석할 예정이다.  ‘노무현의 마지막 비서관’이라 불리는 김경수 경남지사 후보 등 6·13 지방선거에 출마한 후보들도 전국에서 모여들 것으로 보인다.     정세균 국회의장은 추도식에서 공식 추도사를 낭독한다.  민주평화당 장병완 원내대표와 김경진 상임선대위원장, 정의당 이정미 대표와 노회찬 원내대표도 추도식에 참석한다.  onlinenews@heraldcorp.com    [프리미엄 링크] ◆ [평생무료] ""주식카톡방"" 대박주를 추천받는데 100원도 안낸다~ ◆ 무료O, 회원가입X. 바로보는 증권전문가의 실시간 라이브방송.  10%수익을 40%로 만들어 준다고?? 영웅스탁론이라면 가능~! [영웅스탁론]효과적인 레버리지를 이용하여 수익률을 4배로!!    이 종목 미리 알았더라면.. 화제의 급등주검색기 실전투자 300%비법 무료체험 3일신청시 [즉시공개!]    김태희, 로또 대박?! 20억 당첨금 공개..    테마주!외국인+기관 쌍끌이 매집중인 종목 전문가들도 탐내는 급등주 공식 무료배포! [클릭]    [오늘의 인기기사] ◆ [국대스탁론]업계 최저금리 2.29%! 100%한종목 투자가능+신용/ 미수 대환가능 ◆ [국민스탁론]저렴한 연2.7% 금리로 최대 4배 투자 가능 ◆ [마감임박] '급등주 문자메시지' 100% 무료로 받아보기! ◆ [상한가속출] ""깜짝놀랐다"" 카톡무료체험으로 3000만원 수익달성!  ◆[밴드스탁론] 연 2%대 금리, 신용 미수 대환 가능, 주식자금 전문 ☏ 1899-9044 ◆똑똑해진 소비자..한국도 이젠 소형차 시대 ◆2020년 한국 TV 2대중 1대 인터넷 연결된다"
259,1,"2018-05-23","07:59:56","서울시, 한달 간 장마 취약시설 7600곳 점검","-6월22일까지 ‘붕괴ㆍ침수 취약시설 사전점검’  [헤럴드경제=장연주 기자]매년 장마철에는 침수, 지반의 약화나 붕괴, 건축물 균열 등 집중호우로 인한 다양한 재난 발생이 되풀이되곤 한다. 장마철을 앞두고 서울시가 집중호우ㆍ강풍에 취약한 시설 점검에 나선다.   서울시는 다음 달 22일까지 공사장, 노후 건축물, 하천 및 수방시설, 도로, 교량 등 7594곳을 점검한다고 23일 밝혔다.   점검 대상은 건설공사장 699곳, 급경사지 769곳, 교량ㆍ터널ㆍ지하차도 등 도로시설 576곳, 노후 건축물 4104곳이다.  공사장 주변의 지반 침하ㆍ흙막이 시설 상태, 급경사 지역의 낙석 위험, 배수시설ㆍ배수로 정비 상태를 점검한다. 도로 침수방지 시설 상태, 축대와 옹벽의 파손 여부, 빗물펌프장 가동 상태도 살펴본다.  점검 결과 정비가 필요한 곳은 즉시 보수하도록한다. 위험도가 높다고 판단되면 정밀안전진단을 통해 사용 제한ㆍ금지 조처, 대피명령 등을 내린다.   서울시는 시민 스스로 생활 주변에 위험한 곳이 있는지 살펴보고, 이상 징후가 발견되면 즉시 다산콜센터나 안전신문고로 신고해달라고 당부했다.  고인석 안전총괄본부장은 “장마철은 폭우, 강풍으로 인한 침수, 붕괴 등 대형 재난이 발생할 수 있는 가장 취약한 시기로 시설물 관리자와시민이 각별히 관심을 갖고, 이상 징후가 발견되면 다산콜센터나 안전신문고로 신고해 줄 것“을 당부했다.  /yeonjoo7@heraldcorp.com    [프리미엄 링크] ◆ [평생무료] ""주식카톡방"" 대박주를 추천받는데 100원도 안낸다~ ◆ 무료O, 회원가입X. 바로보는 증권전문가의 실시간 라이브방송.  10%수익을 40%로 만들어 준다고?? 영웅스탁론이라면 가능~! [영웅스탁론]효과적인 레버리지를 이용하여 수익률을 4배로!!    이 종목 미리 알았더라면.. 화제의 급등주검색기 실전투자 300%비법 무료체험 3일신청시 [즉시공개!]    김태희, 로또 대박?! 20억 당첨금 공개..    테마주!외국인+기관 쌍끌이 매집중인 종목 전문가들도 탐내는 급등주 공식 무료배포! [클릭]    [오늘의 인기기사] ◆ [국대스탁론]업계 최저금리 2.29%! 100%한종목 투자가능+신용/ 미수 대환가능 ◆ [국민스탁론]저렴한 연2.7% 금리로 최대 4배 투자 가능 ◆ [마감임박] '급등주 문자메시지' 100% 무료로 받아보기! ◆ [상한가속출] ""깜짝놀랐다"" 카톡무료체험으로 3000만원 수익달성!  ◆[밴드스탁론] 연 2%대 금리, 신용 미수 대환 가능, 주식자금 전문 ☏ 1899-9044 ◆똑똑해진 소비자..한국도 이젠 소형차 시대 ◆2020년 한국 TV 2대중 1대 인터넷 연결된다"
259,2,"2018-05-23","07:59:54","<기사>마켓토크: 캐나다달러, 밤사이 하락","[다우존스/이데일리] 22일(현지시간) 북미 거래에서 캐나다달러는 미달러에 대해 하락했다.  원유 가격 하락이 캐나다달러에 부담이 된 하루였다.  미달러는 캐나다달러에 대해 0.3% 상승해 1.2822캐나다달러를 나타냈다.  원유 가격은 0.2% 하락한 배럴당 72.20달러를 기록했다.   ＜ⓒ종합 경제정보 미디어 이데일리 - 무단전재 & 재배포 금지＞"
259,3,"2018-05-23","07:59:51","정세현 “한미정상회담, 혹 떼러 갔다가”… 文 대통령, 부담 커졌다 분석","- 文 대통령, 美 ‘조건’ 맞춰야 하는 부담 안고 귀국 - 美 시진핑 만난 뒤 북한 태도 변화에 南 압박  [헤럴드경제=홍석희 기자] 미국 시각으로 지난 21일 열린 문재인 대통령과 도널드 트럼프 미국 대통령의 한미정상회담 결과와 관련 ‘한국 정부에게 부담이 커졌다’는 분석이 나왔다. 트럼프 대통령이 북미정상회담과 관련 ‘안열릴 수도 있다’는 발언은 문 대통령에 대한 사실상의 위협이라는 설명이다.  정세현 전 통일부 장관은 23일 오전 tbs 라디오에 출연, 한미정상회담 결과와 관련해 “우리에게 부담이 많이 넘어왔다. 트럼프 대통령은 시진핑을 만난 이후에 북한의 태도가 변했다고 자꾸 말을 하는데, 북한의 태도가 변했기 때문에 ‘남한이 북한의 태도를 다시 변화 시키라’는 트럼프 대통령의 주문으로 보인다”고 말했다.     정 전 장관은 “ 미국은 북한의 태도가 변했다고 불만을 얘기하는데 이는 사실 볼턴의 발언 때문에 김정은이 놀라서 시진핑에게 쫓아간 것이다”며 “회담장에는 못들어오지만 중국에게 (북한을) 응원 해달라는 것”이라며 “원인제공은 미국이 해놓고 북한의 태도 변화가 있었다고 불평을 한국에 하면서 결과를 가지고 한국을 압박하는 것”이라고 비판했다.  그는 이어 “트럼프 대통령이 ‘ 조건이 맞아야 (북미정상회담을) 한다’는 얘기는 북미정상회담을 할 수 있는 조건을 남한 정부가 만들어 내라는 의미다. 한미정상회담이 사실 혹 떼러 갔는데 (문 대통령의) 부담이 많아 진 것 같다”고 말했다.  그러면서 정 전 장관은 “문 대통령이 김정은 위원장을 달래거나 설득을 하는 카드를 트럼프가 줬어야 했다. 리비아 식이 아니라면 트럼프 식은 무엇인지를 (문 대통령에게) 알려줬어야 한다”며 “군사적으로 치지 않겠다고 약속 하든지, 경제적으로 한국만큼 살 수 있겠다는 얘기 등이다”고 강조했다.  정 전 장관은 북한이 풍계리 핵실험장 폐기 관련해 남한 기자들을 불허한 것에 대해서도 “북한 측도 문 대통령이 일을 제대로할 수 있도록 해주는 것이 필요하다”며 “남한 기자들 풍계리 가는 것을 이렇게 하는 것은 아니다. 남한 국민 여론이 역류 하도록 북한이 그렇게 하면 안된다. 북한이 몇가지 불만 있다고 해서 이렇게 드러내놓고 한국 정부를 망신주고 어렵게 하면 되겠나. 지금 한국 여론조사 하면 북한에 대한 인식이 나빠졌을 것”이라고 말했다.  정 전 장관은 또 한국과 미국이 방위비 분담금 협상과 무역협상 등도 함께 진행중인데, 이 모든 것을 테이블 위에 올려놓고 미국은 한국을 압박하고 있다고 분석했다.   hong@heraldcorp.com   [프리미엄 링크] ◆ [평생무료] ""주식카톡방"" 대박주를 추천받는데 100원도 안낸다~ ◆ 무료O, 회원가입X. 바로보는 증권전문가의 실시간 라이브방송.  10%수익을 40%로 만들어 준다고?? 영웅스탁론이라면 가능~! [영웅스탁론]효과적인 레버리지를이용하여 수익률을 4배로!!    이 종목 미리 알았더라면.. 화제의 급등주검색기 실전투자 300%비법 무료체험 3일신청시 [즉시공개!]    김태희, 로또 대박?! 20억 당첨금 공개..    테마주!외국인+기관 쌍끌이 매집중인 종목 전문가들도 탐내는 급등주 공식 무료배포! [클릭]    [오늘의 인기기사] ◆ [국대스탁론]업계 최저금리 2.29%! 100%한종목 투자가능+신용/ 미수 대환가능 ◆ [국민스탁론]저렴한 연2.7% 금리로 최대 4배 투자 가능 ◆ [마감임박] '급등주 문자메시지' 100% 무료로 받아보기! ◆ [상한가속출] ""깜짝놀랐다"" 카톡무료체험으로 3000만원 수익달성!  ◆[밴드스탁론] 연 2%대 금리, 신용 미수 대환 가능, 주식자금 전문 ☏ 1899-9044 ◆똑똑해진 소비자..한국도 이젠 소형차 시대 ◆2020년 한국 TV 2대중 1대 인터넷 연결된다"
259,4,"2018-05-23","07:59:39","위메프의 근로문화 혁신 실험…‘포괄임금제 첫 폐지’","-근로시간 단축 제도 앞두고 6월부터 적용 -실질급여 유지…40시간 초과시 수당 지급 -업무량 증가는 신규채용 등으로 보완 방침  [헤럴드경제=이혜미 기자] 이커머스 기업 위메프가 국내 주요 기업 가운데 처음으로 포괄임금제 폐지를 공식 선언했다. 근로시간 단축으로 일과 삶의 균형을 지향하는 사회적 분위기에 발 맞추기 위해 선제적 행보에 나선 것으로 풀이된다.   위메프는 오는 7월 시행되는 근로시간 단축(사무직 주 40시간, 생산직 주 52시간) 제도의 취지를 살리는 동시에 임직원의 실질 급여 감소 등 부작용을 막기 위해 포괄임금제 폐지를 결정했다고 23일 밝혔다. 포괄임금제 폐지는 6월부터 바로 적용된다.     위메프가근로시간 단축제 시행을 앞두고 포괄임금제 도입 기업 가운데 처음으로 제도 폐지에 나섰다. 사진은 위메프 신사옥 전경. [제공=위메프]  위메프 측은 24시간 운영되는 서비스 특성상 포괄임금제 폐지가 임금 상승 부담을 안고 있지만, 현행 제도가 정부의 근로시간 단축 취지와 상충되는 면이 있어 폐지를 결정한 것이라고 설명했다.   포괄임금제는 근로 형태나 업무 특성상 근무시간 산정이 어려운 직종을 대상으로 계산상 편의를 위해 연장ㆍ야간 근로 등 예정돼 있는 시간 외 근로 시간을 미리 정한 후 매월 일정액을 급여에 포함시켜 지급하는 제도다. 하지만 야근이 잦은 직종에서는 사실상 임금 제약, 장시간 근로 강제 등 부작용에 대한 지적이 제기돼 왔다.   위메프는 기존 제도 폐지 후에도 시간 외 근로 수당을 포함한 기존 급여액과 동일한 수준의 급여를 지급한다는 방침이다. 업무특성상 부득이하게 40시간 이상 초과 근무를 할 경우에는 이에 해당하는 초과수당을 별도 지급하기로 했다.   예컨대 포괄임금제에 따라 기본급 500만원+추가근무수당 100만원, 총 600만원 월급여를 받았던 임직원은 제도가 폐지되는 6월에도 기본급은 600만원(40시간 기준) 그대로 받는다. 주 40시간 이상 근무 시 초과 근무수당은 별도로 지급받게 돼 임금 상승 효과가 있다는 것이 위메프 측 설명이다.   다만 근로시간 단축 취지를 살리기 위해 주 40시간 넘는 초과 근무는 최대한 지양한다는 방침이다. 돌발 사고가 발생했다든지초과 근무가 불가피한 경우에도 주 52시간은 넘기지 않는 것을 목표로 하기로 했다. 주 52시간 이상 근무하는 직원에 대해선 부서장이 강제로 휴가를 부여(재량휴가)할 수 있다.   업무시간 단축에 따른 시간당 업무량 증가는 신규 인력 충원과 근로환경 개선을 병행해 해결한다는 계획이다. 앞서 위메프는 올해 상반기 정규직 신입사원 82명을 공개 채용했고 하반기에도 50명 이상 신입사원 채용을 계획하고 있다.   하홍열 위메프 경영지원실장은 “근로시간 준수가 중장기적으로 회사와 구성원 모두에 도움이 된다고 판단해 포괄임금제 폐지를 과감히 결정했다”며 “앞으로도 직원들의 가정과 일의 조화를 위해 회사 차원의 지원을 아끼지 않을 것”이라고 말했다.  위메프는 포괄 임금제 폐지와 관련해 내부 캠페인을 진행하고 임직원 의견을 듣는 과정을 거쳐 미흡한 부분을 보완해갈 예정이다.   ham@heraldcorp.com   [프리미엄 링크] ◆ [평생무료] ""주식카톡방"" 대박주를 추천받는데 100원도 안낸다~ ◆ 무료O, 회원가입X. 바로보는 증권전문가의 실시간 라이브방송.  10%수익을 40%로 만들어 준다고?? 영웅스탁론이라면 가능~! [영웅스탁론]효과적인 레버리지를 이용하여 수익률을 4배로!!    이 종목 미리 알았더라면.. 화제의 급등주검색기 실전투자 300%비법 무료체험 3일신청시 [즉시공개!]    김태희, 로또 대박?! 20억 당첨금 공개..    테마주!외국인+기관 쌍끌이 매집중인 종목  전문가들도 탐내는 급등주 공식 무료배포! [클릭]    [오늘의 인기기사] ◆ [국대스탁론]업계 최저금리 2.29%! 100%한종목 투자가능+신용/ 미수 대환가능 ◆ [국민스탁론]저렴한 연2.7% 금리로 최대 4배 투자 가능 ◆ [마감임박] '급등주 문자메시지' 100% 무료로 받아보기! ◆ [상한가속출] ""깜짝놀랐다"" 카톡무료체험으로 3000만원 수익달성!  ◆[밴드스탁론] 연 2%대 금리, 신용 미수 대환 가능, 주식자금 전문 ☏ 1899-9044 ◆똑똑해진 소비자..한국도 이젠 소형차 시대 ◆2020년 한국 TV 2대중1대 인터넷 연결된다"
259,5,"2018-05-23","07:59:26","강원도청 박범승 담당, 토목시공기술사 합격","[헤럴드경제(춘천)=박준환 기자]강원도청 공무원이 기술분야의 박사급 전문가임을 인정받는 토목시공기술사에 합격해 화제다. 주인공은 레고랜드지원과 박범승(53) 담당이다.  박 담당은 한국산업인력공단이 실시한 제114회 토목시공기술사 시험에 최종 합격통보를 받았다.  박범승 담당은 올해3월 레고랜드지원과로 발령 후 엘엘개발(주)로 파견돼 개발본부장으로서 레고랜드 테마파크 및 춘천하중도 관광지 조성의 중책을 맡고 있다. 토목시공기술사 취득으로 박 본부장은 고도의 전문지식과 실무경험을 바탕으로 세계적인 수준의 레고랜드 테마파크 조성과 춘천호반 관광지조성에 최선을 다할 계획이다.  한편, 박범승 담당은 양구 출신으로 양구고와 강원대를 졸업했다. 1993년 공직에 입문해 도로교통과, 도로관리사업소 북부지소, 치수과 등에서 근무했다.  pjh@heraldcorp.com   [프리미엄 링크] ◆ [평생무료] ""주식카톡방"" 대박주를 추천받는데 100원도 안낸다~ ◆ 무료O, 회원가입X. 바로보는 증권전문가의 실시간 라이브방송.  10%수익을 40%로 만들어 준다고?? 영웅스탁론이라면 가능~! [영웅스탁론]효과적인 레버리지를 이용하여 수익률을 4배로!!    이 종목 미리 알았더라면.. 화제의 급등주검색기 실전투자 300%비법 무료체험 3일신청시 [즉시공개!]    김태희, 로또 대박?! 20억 당첨금 공개..    테마주!외국인+기관 쌍끌이 매집중인 종목 전문가들도 탐내는 급등주 공식 무료배포! [클릭]    [오늘의 인기기사] ◆ [국대스탁론]업계 최저금리 2.29%! 100%한종목 투자가능+신용/ 미수 대환가능 ◆ [국민스탁론]저렴한 연2.7% 금리로 최대 4배 투자 가능 ◆ [마감임박] '급등주 문자메시지' 100% 무료로 받아보기! ◆ [상한가속출] ""깜짝놀랐다"" 카톡무료체험으로 3000만원 수익달성!  ◆[밴드스탁론] 연 2%대 금리, 신용 미수 대환 가능, 주식자금 전문 ☏ 1899-9044 ◆똑똑해진 소비자..한국도 이젠 소형차 시대 ◆2020년 한국 TV 2대중 1대 인터넷 연결된다"
259,6,"2018-05-23","07:59:23","애플, 6월 4일 WWDC 행사 초청장 발송","@media all and (max-width: 400px) {img{max-width:340;height:auto;}}.dayTBL a:link {font-family: 돋움;font-size: 11px;line-height: 18px;color:#666666;text-decoration: none}.dayTBL a:visited {font-family: 돋움;font-size: 11px;line-height: 18px;color: #666666;text-decoration: none}.dayTBL a:hover {font-family: 돋움;font-size: 11px;line-height: 18px;color: #840000;text-decoration: none}.dayTBL nobr {width:85px; text-overflow:ellipsis; overflow:hidden; cursor:pointer; float:left}.todayBDb {border-bottom: #000000 0.5pt solid}.tblGrp{padding:0; border-spacing:0; border-collapse:collapse; border:0;vertical-align:top;width:279px}.tblGrp td{vertical-align:top}.dayTBL {width:93px; padding:0; border-spacing:0; border-collapse:collapse; vertical-align:top; border:0}.dayTBL td{font-size:12px; font-family:돋움; color:#333333;line-height:18px;padding:0}.divSch1{float:left}.divSch2{float:left}.tdSch{border: #E6E6E6 0.1pt solid;height:75;padding:0}.tdSchToday {border: #000000 1pt solid;height:75;background-color:#fffff0;padding:0}.tdSchTomorrow {border-left:0}.tdSchYesterday {border-right:0}.tdDate{background-color:#c8e7ff;height:10;text-align:center}.ad {text-align:center; font-size:8pt; font-family:돋움;line-height:1.2}.lg {margin-bottom:20px;}.title{font-size:15px;color:#203c76;font-weight:bold;margin-bottom:20px;}a,img {border:0; outline:none; selector-dummy:expression(this.hideFocus=true);}body,td,select,input,div,form,textarea,center,option,pre,blockquote {font-size:9pt; line-height:1.6; font-family:돋움;}table{border:0px;}r {display:none;}    제목 : 애플, 6월 4일 WWDC 행사 초청장 발송  [아이뉴스24 안희권 기자] 애플이 다음달 4일 열릴 세계개발자회의(WWDC 2018) 행사의 초청장을 보내고 차세대 운영체제(OS)의 발표준비에 들어갔다.   맥루머스 등의 주요외신들에 따르면 애플은 22일(현지시간) 미디어를 대상으로 WWDC 2018 행사 초청장을 발송했다.   이날 행사는 6월 4일 오전 10시, 한국시간 6월 5일 새벽 2시 미국 산호세 맥에너리 컨벤션센터에서 열린다.   애플은 이날 첫날 행사인 기조연설에서 팀 쿡 애플 최고경영자(CEO)나 필 쉴러 마케팅 부사장같은 임원들이 참석해 핵심 소프트웨어인 iOS와 맥OS, tvOS, 워치OS 등의 차세대 버전을 소개한다.   애플이 이날 소프트웨어와 함께 아이패드 프로나 맥신모델도 발표할 것으로 예상된다. 차세대 아이패드 프로 모델은 아이폰X(텐)처럼 베젤리스 디자인으로 홈버튼이 없어지며 안면인식 기술인페이스ID를 채용할 것으로 알려졌다.       다만 이 제품이 WWDC 2018 행사에서 공개될지 확실치 않다. 애플이 올 연말까지 이 제품을 출시하기 힘들 것이라는 전망이 제기되고 있기 때문이다.   애플은 매년 이 행사에서 맥과 아이맥, 맥북프로 등의 신모델을 업데이트해왔다. 따라서 올해도 애플이 2018년형 모델을 선보일 가능성이 높아 보인다.   또한 애플이 이날 행사에서 그동안 기다려왔던 무선 충전기 에어파워를 발표할 것으로보인다. 에어파워는 아이폰X와 아이폰8, 8플러스, 에어팟, 애플워치3 등을 동시에 무선방식으로 충전할 수 있다.   애플은 지난 3월 올 WWDC 행사를 미국 캘리포니아 산호세 맥에너리 컨벤션센터에서 개최한다고 발표했다. 이는 이곳에서 열리는 두번째 행사이다. WWDC 행사는그동안 미국 샌프란시스코 모스콘센터에서 열렸다.   한편 이날 행사는 애플 WWDC 2018 웹사이트나 iOS용 WWDC 앱을 통해 실시간으로시청할 수 있다.  /안희권기자 argon@inews24.com   해당 기사는 아이뉴스24(www.inews24.com)에서 제공한것이며 저작권은 제공 매체에 있습니다. 기사 내용 관련 문의는 해당 언론사에 하시기 바랍니다.  ■[하이스탁론] 주식자금이 필요할 땐 ☎ 1599-6222 연 3% 업계 최저금리, 자기자본 포함 최대 4배, 연장수수료 無 주식 매도 없이 미수, 신용 대환 / 마이너스통장식 / 기대출자도 가능 ☞ 14년 연속 스탁론 점유율 1위, 노주현이 추천하는 [하이스탁론 바로가기]  ▶【급등임박株】 “정책+실적+수급분석 완료” 주도주 '2선' 추천받기  ◆""숨은 진주발굴"" 당뇨치료제 상용화 임박! <재료주공개>   [이슈&섹터 스케줄]    2018-05-21 - 독일 증시 휴장 - 여야, 특검·추경 동시 처리 예정 - 2018년 AfDB 연차총회 개최 예정   2018-05-22 - 석가탄신일 - 국내, 홍콩 증시 휴장 - 韓-美 정상회담   2018-05-23 - 월드IT쇼(WIS) 개최 - 2018 글로벌 액셀러레이터 컨퍼런스 & 데모데이 개최 - 폼페이오, 美 하원 청문회 출석 예정(현지시간)      2018-05-24 - 금융통화위원회 - 文 대통령, 정부 개헌안 국회 표결 예정 - 韓-中 산업장관 회의 개최 예정   2018-05-25 - 미국 제외 이란 핵 합의 당사국 이행 문제 논의 예정(현지시간) - 삼성전자, 갤럭시S9·S9+ 버건디레드 출시 예정 - 삼성바이오로직스 감리위 2차회의   2018-05-26 - 동원 보호예수 해제 - 오늘의 프로야구      Copyright ⓒ True&Live 증시뉴스 점유율1위, 인포스탁(www.infostock.co.kr) 인터넷신문(경기아51008)/무단전재 및 배포금지   본 뉴스(정보)는 해당종목의 매수/매도신호가 아니며, 이를 근거로행해진 거래에 대해 책임을 지지 않습니다."
259,7,"2018-05-23","07:59:19","현대글로비스, 단기 주가 변동성 확대·성장성 여전-미래에셋대우","[머니투데이 배규민 기자] 미래에셋대우는 23일 현대글로비스의 현대모비스와의 분할합병 계약해지와 관련해 단기적인 주가 변동성 확대가 예상되지만 장기적인 성장성 개선 기대감은 유효하다고 진단했다.   류제현 미래에셋대우 연구원은 ""향후 보완·개선을 통해 지배구조 개편 재추진이 예상된다""며 ""가능한 시나리오로는 현대모비스의 인적 분할과 대주주와 기아차 간의 주식 교환을 통해 순환 출자를 해소한 뒤 지배회사 지분을 확보할 것으로 예상한다""고 밝혔다.   류 연구원은 ""이후 현대모비스 신설 법인(AS/모듈부문)과 현대글로비스의 합병을 추진 할 것으로 예상된다""며 ""이 경우 대주주 이해관계에 따른 시장의 의구심을 피할 수 있고 현대모비스 신설법인의 시장가가 형성되며 합병비율에 대한 논란도 극복할 수 있을 것""이라고 기대했다.   그는 ""대주주 지분 해소에 따른 일감몰아주기 규제 해소와 성장을 위한 투자와 신산업에 대한 기대는 유효하다""며 ""시너지가 기대되는 현대모비스 신설법인의 합병 역시 주주의견에 따라 장기전으로 바뀔 가능성이 있으나 여전히 기대해 볼 수 있다""고 판단했다.   다만 ""이번 결정으로 현대글로비스의 단기적으로 주가 변동성 확대가 예상된다""며 ""현대글로비스 주주의 입장에서 현대모비스와의 분할합병비율이 기존 안보다 후퇴할 가능성도 존재한다""고 예상했다.     주식담보대출도 이제 부담없는 금리로 가능(안내: 02-3775-1497)   ▶▶ 2018년 상반기 급등 예상 종목 BEST 10 (바로 확인)   <키워드림론> 최저금리로 신용·미수 대환 하는 유일한 방법은    [파워 인터뷰]      [관련기사] ☞ 오는 10일 이건희 삼성회장 '와병 만4년'…장비없이 자가호흡 ☞ 아들 곁으로 간 구본무 회장…슬픔 이기고 LG 24년 이끌어 ☞ 성공을 부르는 말하기? ""목소리를 낮게 내보세요"" ☞ "" 김앤장만 믿었다가""…현대차, 소통 실패의 천문학적 비용  ☞ ""할아버지, 존경해요""…구본무 회장 향한 추모들      주식매입자금? 전화 한통화면 당신은 스마트컨슈머!    최저금리로 신용·미수 대환 하는 가장 경제적인 방법 (바로 확인)   ‘개미’말고 ‘슈퍼 투자자’되고 싶다면?...‘이것’만 잘 이용해도 가능해요!       배규민 기자 bkm@mt.co.kr    <저작권자 ⓒ '돈이 보이는 리얼타임 뉴스' 머니투데이, 무단전재 및 재배포 금지>"
260,1,"2018-05-23","07:56:04","""에쓰오일, RUC/ODC 가동으로 내년 이익 대폭 개선""-한화","한화투자증권이 에쓰오일에 데해 2019년 큰 폭의 이익 개선이 가능하다고 23일 밝혔다. 투자의견 '매수'를 제시하고 목표주가는 11만3000원에서 12만9000원으로 상향했다.  에쓰오일은 2015년 시작한 잔사유 고도화 콤플렉스·올레핀 다운스트림 콤플렉스(RUC/ODC) 프로젝트 가동을 앞두고 있다. 박영훈 한화투자증권 연구원은 ""4조8000억원이 투자된 HS FCC완공으로 운전비용 등을 감안하더라도 2019년부터 연간 6500억원 내외의 이익 개선이 예상된다""고 말했다.  박 연구원은 ""중국 파라자일렌(PX) 증설로 인해에쓰오일 수익성 부진 우려가 있어왔다""며 ""해당 위험을 충분히 완화시킬 정도""라고 내다봤다. 또 ""해당 설비는 프로필렌이 10% 정도 더 생산되는데, 요즘 시황이 좋은 편""이라고 덧붙였다.  재료가 되는 컨덴세이트(초경질유) 조달에 어려움이없는 점도 에쓰오일의 강점이다. 박 연구원은 ""경쟁사들이 이란에서 원유를 조달하고 있는데, 미국의 제재 재개 가능성이 제기되고 있다""며 ""에쓰오일은 대주주가 사우디국영석유공사(아람코)인 탓에 이란 원유를 아예 수입하지 않아왔다. 이란 재제가 재개되더라도 원유 수입을 못하는 어려움은 없을 것""이라고 분석했다.  오세성 한경닷컴 기자 sesung@hankyung.com     기업의 환율관리 필수 아이템! 실시간 환율/금융서비스 한경Money [ 무료 주식 카톡방 ] 국내 최초, 카톡방 신청자수 38만명 돌파 < 업계 최대 카톡방 > --> 카톡방 입장하기!!     관련기사 ""정말 이례적인 일"" 망연자실한 신혼부부들 왜? ""고유가에 원가 맞추기 걱정""… LPG로 눈 돌리는 석유화학업계 돈방석 앉은 연예인들…1인 방송 BJ 수입 어떻길래 UAE ""48兆 정유단지 조성""… 떨고 있는석유화학사 ""셈하기도 어렵다""방탄소년단 경제적 가치가 무려    ⓒ 한국경제 & hankyung.com, 무단전재 및 재배포 금지"
260,2,"2018-05-23","07:56:00","폼페이오 ""美, 6·12 북미회담 개최 위해 노력하고 있어""","[서울=뉴스핌] 이홍규 기자 = 마이크 폼페이오 미국 국무장관이 22일(현지시간) 미국은 다음 달 12일 북한과의 정상회담 개최를 위해 노력하고 있다고 말했다.  폼페이오 장관은 이날 도널드 트럼프 미국 대통령이 한국 문재인 대통령과 가진 정상회담에서 북미 정상회담이 지연될 수 있다고 말한 뒤 이같이 말했다고 워싱턴포스트(WP)와 AP통신이 보도했다.  다만 폼페이오 장관은 북미 정상회담 개최 가능성에 대해선 평가하지 않았다.  또 폼페이오 장관은 북한이 비핵화한다면 미국의 투자와 기술로 혜택을 입을 것이라고 재차 강조했다.  ▶ [평생무료] 매일 실시간 방송♠국내 최정상 전문가의 종목 공개♠유료보다 더 좋은 무료 강좌 및 프리미엄전략!☞[무료확인]  ▶ 국내최고 전문가 수익률대결종목! 실시간으로 알려드립니다※바로신청※  그는 ""비핵화를 제대로 이뤄낸다면, 미국은 북한 주민들의 삶을 더 나아지게 할 많은 것들을 충분히 그들에게 전달할 수 있을 것""이라고 말했다.   마이크 폼페이오 미국 국무장관[사진=로이터 뉴스핌]     bernard0202@newspim.com   [한미정상회담] 문 대통령, 95분간 트럼프 의구심 해소에 안간힘..""김정은 북미정상회담 의지 의심할 필요없어"" [한미정상회담] 청와대 ""북미정상회담통한 北 비핵화 위해 긴밀 공조키로""  [한미정상회담] 한미 정상, 北 체제 불안 해소와 북미정상회담 차질없는 진행 논의  [한미정상회담]트럼프 ""북미정상회담 6월에 안 열릴 수 있어..조건 충족돼야"" (종합) [한미정상회담]문 대통령 ""북미정상회담 통해 북미수교까지 확신""      ▶ 500만원으로 3억만들기 50번째 주인공 탄생! [확인]  좋은 상품 다 아는 곳! 안다쇼핑!  / 최저금리 맞춤서비스 진행중 / 10분이면 4배자금가능 / 24시간 친절상담센터 1522-3233 / 씽크풀  충격! 여의도 세력들의 극비종목 무료 공개!"
260,3,"2018-05-23","07:55:56","“신맛이 강한 껌”…오리온, ‘아이셔 껌’ 출시","[아시아경제 이선애 기자] 오리온은 기존 ‘아이셔 츄잉캔디’를 껌 형태로 구현한 신제품 ‘아이셔 껌’을 출시했다고 23일 밝혔다.   아이셔 껌은 바삭하게 깨지는 코팅 껌 안에 새콤한 파우더가 가득 들어있는 것이 특징. 사과, 청포도, 레몬 등 인기 있는 세가지 과일 맛으로 구성되어 아이셔 껌만의 다양한 맛을 느낄 수 있다. 세가지 맛 중에 모양은 같지만 신맛이 2배 더 강한 ‘슈퍼 레몬맛’이 숨겨져 있어 ‘복불복’의 재미까지 더했다.   제품 개발단계에서 실시한 소비자 조사에서도 “신맛이 강한 껌이 없었는데 씹어보고 싶다”, “친구들과 게임할 때 나눠 씹으면 재미있을 것 같다” 등의 다양한 반응을 보였다는 게 회사 측 설명이다.   1988년 첫 선을 보인 이래 올해로 출시 30주년을 맞이한 아이셔는 맛에 재미를 더한 과자로 어린이들과 중·고등학생들로부터 꾸준한 사랑을받고 있다. 기존 츄잉캔디 외에 껌까지 출시하며 소비자 선택의 폭을 넓히는 한편, 파우치 및 용기 형태 포장으로 편의성도 더했다.    ●남북경협株 선취매 all 포착.. 실적 기반 차기 주도주 '바로' 이종목! (클릭) ●'부자네스탁론' 3년 고정금리 4.15% 100% 집중투자까지 ●'대박스탁론' 3년 고정금리 3.99% 100% 집중투자까지   퇴직 후 백만원으로 ""35억""번 60대男 화제! 60대 김모씨가 퇴직 후 하게 된""이것""이 35억의 대박을...    단돈 100만원만 있어도! 지금 바로 확인해라! 특히 이 종목은, 시장과 무관하게 매수 직후부터 바로 수익이...   이선애 기자 lsa@asiae.co.kr   <ⓒ세계를 보는 창 경제를 보는 눈, 아시아경제(www.asiae.co.kr) 무단전재 배포금지>"
260,4,"2018-05-23","07:55:11","'무릎 부상' 이근호, 월드컵 대표팀 낙마… 신태용호 비상","[머니투데이 이재은 기자] 무릎 부상으로 이근호(33)가 월드컵 대표팀에서 낙마했다. 신태용호에 비상이 걸렸다.   지난 22일 오전 대한축구협회는 이근호가 지난 19일 K리그 창원 경남FC전 도중 무릎을 다쳤다고 발표했다. 이근호는 정밀 검사 결과 우측 무릎 내측부 인대 파열 진단을 받았다. 회복까지 6주간 안정가료를 해야한다는 진단에 따라 소집명단에서 제외됐다. 축구협회는 ""추가 대체발탁 없이 26명으로 23일부터 정상훈련을 진행할 예정""이라고 밝혔다.   앞서 대표팀 핵심 수비수 김민재(전북 현대)를 비롯 염기훈(수원 삼성), 권창훈(디종)도 부상으로 낙마했다. 역시 부상을 입은 김진수(전북) 도 출전 가능성이 불투명하고 장현수(FC도쿄)도 부상을 안고 있어 전략 수정이 불가피한 상황이다.   신태용 감독은 ""상당히 답답한 마음을 이루 말할 수 없다""고 토로하면서도 ""문선민, 이승우, 구자철이 투톱을 만들 수 있다""고 밝혔다. 그는""다같이 공유할 수 있는 전술을 만들어 놔서 그런 부분은 걱정 없다. 추가 발탁 없이 잘 조화시켜 운영할 것""이라고 설명했다.   다음달 14일 개막하는 러시아 월드컵의 일환으로 신태용호는 오는 28일 대구에서 온두라스와 평가전을 갖는다. 다음달 1일에는 보스니아-헤르체고비나와 평가전이 예정돼있다.      주식담보대출도 이제 부담없는 금리로 가능(안내: 02-3775-1497)   ▶▶ 2018년 상반기 급등 예상 종목 BEST 10 (바로 확인)   <키워드림론> 최저금리로 신용·미수 대환 하는 유일한 방법은    [파워 인터뷰]      [관련기사] ☞ 오는 10일 이건희 삼성회장 '와병 만4년'…장비없이 자가호흡 ☞ 아들 곁으로 간 구본무 회장…슬픔 이기고 LG 24년 이끌어 ☞ 성공을 부르는 말하기? ""목소리를 낮게 내보세요"" ☞ "" 김앤장만 믿었다가""…현대차, 소통 실패의 천문학적 비용  ☞ ""할아버지, 존경해요""…구본무 회장 향한 추모들      주식매입자금? 전화 한통화면 당신은 스마트컨슈머!    최저금리로 신용·미수 대환 하는 가장 경제적인 방법 (바로 확인)   ‘개미’말고 ‘슈퍼 투자자’되고 싶다면?...‘이것’만 잘 이용해도 가능해요!       이재은 기자 jennylee11@mt.co.kr    <저작권자 ⓒ '돈이 보이는 리얼타임 뉴스' 머니투데이, 무단전재 및 재배포 금지>"
260,5,"2018-05-23","07:54:53","CJ, 주요 지주사 대비 매력적인 밸류에이션 '매수'-현대차투자證","[머니투데이 송선옥 기자] 현대차투자증권은 23일 CJ가 주요 지주사 대비 매력적인 밸류에이션을 보유하고 있다며 투자의견 ‘매수’ 목표주가 19만5000원을 유지한다고 밝혔다.   조용선 현대차투자증권 연구원은 “지난해 지주사중 수익률 하회를 기록했음에도 연초 이후에도 8.8% 하락을 기록하고 있다”며 “NAV(순자산가치) 중 고비중을 차지하는 CJ제일제당과 CJ E&M의 주가 약세, CJ올리브네트웍스의 추가 성장성에 대한 불안 요인이 복합 반영된데 따른 것”이라고 말했다.   조 연구원은 “주요 계열사 실적 악영향으로 전년 고점대비 24.8% 하락한 상황이나 상관계수가 높은 핵심 계열사 CJ제일제당의 최근 실적부합과 주가 반등세를 주목할 만하다”며 “CJ오쇼핑 역시 TV 모바일 취급액 증가와 판촉비 절감으로 양호한 실적을 시현했으며 CJ CGV는 1분기중국 터키 등 해외 자회사의 고른 실적 증가에 이어 2분기 국내부문 영화 흥행과 티켓가격 인상효과를 기대할 수 있다”고 설명했다.     주식담보대출도 이제 부담없는 금리로 가능(안내: 02-3775-1497)   ▶▶ 2018년 상반기 급등 예상 종목 BEST 10 (바로 확인)   <키워드림론> 최저금리로 신용·미수 대환 하는 유일한 방법은    [파워 인터뷰]      [관련기사] ☞ 오는 10일 이건희 삼성회장 '와병 만4년'…장비없이 자가호흡 ☞ 아들 곁으로 간 구본무 회장…슬픔 이기고 LG 24년 이끌어 ☞ 성공을 부르는 말하기? ""목소리를 낮게 내보세요"" ☞ "" 김앤장만 믿었다가""…현대차, 소통 실패의 천문학적 비용  ☞ ""할아버지, 존경해요""…구본무 회장 향한 추모들      주식매입자금? 전화 한통화면 당신은 스마트컨슈머!    최저금리로 신용·미수 대환 하는 가장 경제적인 방법 (바로 확인)   ‘개미’말고 ‘슈퍼 투자자’되고 싶다면?...‘이것’만 잘 이용해도 가능해요!       송선옥 기자 oops@mt.co.kr    <저작권자 ⓒ '돈이 보이는 리얼타임 뉴스' 머니투데이, 무단전재 및 재배포 금지>"
260,6,"2018-05-23","07:54:31","케이씨텍, 리스크 적고 소재 부문 지속 성장…최선호주-한화","한화투자증권은 23일 케이씨텍에 대해 D램과 낸드용 화학기계연마(CMP)장비를 모두 보유해 리스크가 적고 소재 부문이 지속 성장하고 있다고평가했다. 업종 내 최선호주로 제시하고 목표주가 3만3000원, 투자의견 '매수'를 유지했다.  이순학 한화투자증권 연구원은 ""케이씨텍은 지난 1분기 사상 최대 CMP장비 매출액을 기록해 '깜짝 실적'(어닝 서프라이즈)를 나타냈음에도 불구하고 주가는 크게 반등하지 못하고 있다""며 ""내년도 삼성전자의 D램 투자가 감소할 수 있다는 우려 때문""이라고 설명했다.  회사의 1분기 매출액은 1092억원, 영업이익은 211억원을 기록해 한화투자증권의 실적 추정치 매출액 1001억원, 영업이익 168억원을 크게 웃돌았다. 이 중 CMP장비 매출액은 340억원으로 분기 사상 최고치를 기록해 D램램 투자에 따른 수혜를 입은 것으로 추정된다.  이 연구원은 ""이외에 디스플레이 장비 510억원, 소재 200억원의 매출액을 달성했는데, 반도체 관련 매출액 비중이 50%를 웃돌아 앞으로 평가 할인 요인은 점차 사라질 것""이라고 덧붙였다.  한화투자증권은 케이씨텍의 올해 매출액은 3925억원, 영업이익은 750억원에 달할것으로 전망했다. 이 연구원은 ""이는 지난번 전망치에 비해 매출액은 소폭 낮아지는 반면 영업이익은 상향 조정되는 것""이라며 ""디스플레이 업황 악화에 따라 중국 패널업체와 LG디스플레이의 장비 발주가 당초 계획 대비 줄어드는 것을 반영한 반면 반도체 장비와 소재 매출액은 더욱 늘어나 수익성은 개선될 것""이라고 분석했다.  그는 ""내년도 삼성전자의 설비투자 규모가 축소될 것이라는 우려로 인해 장비 업체들의 주가는 약세를 면치 못하고 있지만 내년에는 D램램 투자가 감소하더라도 낸드 투자는 늘어날 수 있어 D램램과 낸드용 CMP장비를 모두 보유한 케이씨텍에는 문제될 것이 없다""며 ""고객사의 생산능력(캐파) 증가로 인해 소재 매출액도 성장하고 있어 다른 순수 장비업체들에 비해 리스크가 적은 편""이라고 강조했다.  김소현 한경닷컴 기자 ksh@hankyung.com    기업의 환율관리 필수 아이템! 실시간 환율/금융서비스 한경Money [ 무료 주식 카톡방 ] 국내 최초, 카톡방 신청자수 38만명 돌파 < 업계 최대 카톡방 > --> 카톡방 입장하기!!     관련기사 케이씨텍, 주당 180원 현금배당 결정 ""정말 이례적인 일"" 망연자실한 신혼부부들 왜? 기업 분할 케이씨텍…""예상 기업가치 1조"" 돈방석 앉은 연예인들…1인 방송 BJ 수입 어떻길래 ""셈하기도 어렵다"" 방탄소년단 경제적 가치가 무려    ⓒ 한국경제 & hankyung.com, 무단전재 및 재배포 금지"
260,7,"2018-05-23","07:53:59","'힐스테이트 금정역', 편의·개방감 높인 팔색조 설계","[머니투데이 김지훈 기자] [[2018 대한민국 주거서비스 대상] 설계 부문 최우수상- 현대건설]     현대건설이 선보이는 '힐스테이트 금정역'이 '2018 대한민국 주거서비스대상'에서 '설계 부문 최우수상'을 수상했다. 입주민의 이용 편의와실내 개방성을 고려해 주거 만족도를 높인 설계가 호평을 받았다.   힐스테이트 금정역은 초역세권인 경기도 군포시 금정역 일대 도심 전경의 조망권을 자랑하는 주상복합단지다. 경기도 군포시 금정동 689번지일대(옛 보령제약 안양공장 부지)에 지하 6층~지상 49층 5개동(오피스텔 1개동 포함) 규모로 건립된다. 72~84㎡(이하 전용면적) 주택형(아파트) 843가구와 24~84㎡ 오피스텔 639실 등으로 구성된다.    주택형 전 가구에 조망과 채광이 우수한 4베이 구조가 적용된다. 실내는 거실과 주방이 이어지는 오픈형 주방설계가 적용된다. 일부 가구에는 대형 드레스룸, 팬트리, 알파룸 등이 제공돼 공간활용이 극대화된다. 주택형 84㎡B 가구에는 3면 발코니가 채택돼 발코니 면적이 약 47㎡ 규모로 제공된다. 확장 시에는 중대형 못잖은 실내 사용면적이 확보된다.   오피스텔은 원룸형부터 주거 대체형 평면, 테라스 특화 평면 등으로 다채롭게 설계했다. 오피스텔 24㎡ 타입은 주변에 산업단지가 풍부한 점을 고려해 임대수익을 목적으로 한 스튜디오형(원룸)으로 구성했다.   39㎡․44㎡․48㎡는 거실과 주방, 침실 1개 구조로 임대와 실수요를 모두 겨냥한 구조를 적용했다. 39㎡T에는 테라스가 제공돼 공간 활용도가 극대화된다. 84㎡는 거실, 주방, 욕실 2개, 방 3개의 평면 설계로 소형아파트를 대체한다.   연면적( 건축물 바닥 면적의 합) 3만6000여㎡, 지하 1층~지상 최고 4층 규모의 쇼핑몰도 단지 내부에 지어진다. 경기도 안양·군포시 최초로 스트리트몰과 인도어몰이 결합된 하이브리드형 쇼핑몰로 건립된다. 서울지하철 1, 4호선 환승역인 금정역과 단지가 2층 데크로 직접 연결된다.     주식담보대출도 이제 부담없는 금리로 가능(안내: 02-3775-1497)   ▶▶ 2018년 상반기 급등 예상 종목 BEST 10 (바로 확인)   <키워드림론> 최저금리로 신용·미수 대환 하는 유일한 방법은    [파워 인터뷰]      [관련기사] ☞ 오는 10일 이건희 삼성회장 '와병 만4년'…장비없이 자가호흡 ☞ 아들 곁으로 간 구본무 회장…슬픔 이기고 LG 24년 이끌어 ☞ 성공을 부르는 말하기? ""목소리를 낮게 내보세요"" ☞ "" 김앤장만 믿었다가""…현대차, 소통 실패의 천문학적 비용  ☞ ""할아버지, 존경해요""…구본무 회장 향한 추모들      주식매입자금? 전화 한통화면 당신은 스마트컨슈머!    최저금리로 신용·미수 대환 하는 가장 경제적인 방법 (바로 확인)   ‘개미’말고 ‘슈퍼 투자자’되고 싶다면?...‘이것’만 잘 이용해도 가능해요!       김지훈 기자 lhshy@mt.co.kr    <저작권자 ⓒ '돈이 보이는 리얼타임 뉴스' 머니투데이, 무단전재 및 재배포 금지>"
261,1,"2018-05-23","07:48:17","<오늘의 주요 국제금융뉴스>(23일)","▲<뉴욕전문가 시각> 트럼프와 북한…다시 커진 불확실성      ▲<뉴욕채권> 국채가, 입찰 수요 확인 속 보합      ▲美, EU의 대미 철강·알루미늄 수출 10% 감축 추진      ▲<뉴욕환시> 달러화, 지정학적 우려 속 보합      ▲뉴욕증시 中·北 불확실성 재부상…다우 0.72% 하락 마감      ▲CNBC ""미 변동성 지수, 주가 상승에도 크게 안 내려""      ▲<뉴욕유가> 가격 부담·원유재고 대기 0.2% 하락      ▲연준 설문조사 ""미 경제 전망 밝지만, 취약성 지속""      ▲<뉴욕 금가격> 달러 약세 전환에 0.08% 상승      ▲피치 ""에르도안 통화 정책 개입 발언, 등급 압력""      ▲트럼프 ""ZTE 중국과 합의 안 해…10억달러 이상 벌금""(상보)      ▲브라질 중앙은행 ""경제 회복 둔화하고 있어""      ▲뉴욕증권거래소, 226년 역사상 첫 여성 수장      ▲달러화, 미 국채금리 따라 보합      ▲美 자동차주, 中 자동차 관세 인하 조치에 강세      ▲브렌트유, 글로벌 공급 차질 우려에 배럴당 80弗 상회(상보)      ▲5월 리치먼드연은 제조업지수 16…월가 예상 상회(상보)      ▲마이크론, 자사주매입 계획 소식에 주가 급등      ▲뉴욕증시, 무역갈등 완화 지속 강보합 출발      ▲SG, 유로화 伊-獨국채 스프레드 확대시 1.15달러로 하락      ▲TJX, 1분기 실적 예상 상회에 주가 강세      ▲JC페니, CEO 사임에 개장전 8.8% 하락…로우스 2.6% 상승      ▲ING, 유로화 1.1717달러서 지지 전망      ▲신흥시장 통화, 리라화 등 제외하고 숨 고르기      ▲미 국채가, 입찰 앞두고 하락      ▲어드밴스 오토 파츠, 매출 부진에 개장전 2.5% 하락      ▲톨브라더스, 실적 부진에 개장전 5% 하락      ▲BOE 총재, 몇 달 안에 금리 인상 가능      ▲콜스, 실적 전망 상향에 개장전 5% 상승  (끝)  <저작권자(C)연합인포맥스뉴스. 무단 전재-재배포 금지.>"
261,2,"2018-05-23","07:48:17","<오늘의 주요 국제금융뉴스>(23일)","<오늘의 주요 국제금융뉴스>(23일)       ▲<뉴욕전문가 시각> 트럼프와 북한…다시 커진 불확실성      ▲<뉴욕채권> 국채가, 입찰 수요 확인 속 보합      ▲美, EU의 대미 철강·알루미늄 수출 10% 감축 추진      ▲<뉴욕환시> 달러화, 지정학적 우려 속 보합      ▲뉴욕증시 中·北 불확실성 재부상…다우 0.72% 하락 마감      ▲CNBC ""미 변동성 지수, 주가 상승에도 크게 안 내려""      ▲<뉴욕유가> 가격 부담·원유재고 대기 0.2% 하락      ▲연준 설문조사 ""미 경제 전망 밝지만, 취약성 지속""      ▲<뉴욕 금가격> 달러 약세 전환에 0.08% 상승      ▲피치 ""에르도안 통화 정책 개입 발언, 등급 압력""      ▲트럼프 ""ZTE 중국과 합의 안 해…10억달러 이상 벌금""(상보)      ▲브라질 중앙은행 ""경제 회복 둔화하고 있어""       ▲뉴욕증권거래소, 226년 역사상 첫 여성 수장      ▲달러화, 미 국채금리 따라 보합      ▲美 자동차주, 中 자동차 관세 인하 조치에 강세      ▲브렌트유, 글로벌 공급 차질 우려에 배럴당 80弗 상회(상보)      ▲5월 리치먼드연은 제조업지수 16…월가 예상 상회(상보)      ▲마이크론, 자사주매입 계획 소식에 주가 급등      ▲뉴욕증시, 무역갈등 완화 지속 강보합 출발      ▲SG, 유로화 伊-獨국채 스프레드 확대시 1.15달러로 하락      ▲TJX, 1분기 실적 예상 상회에 주가 강세      ▲JC페니, CEO 사임에 개장전 8.8% 하락…로우스 2.6% 상승      ▲ING, 유로화 1.1717달러서 지지 전망      ▲신흥시장 통화, 리라화 등 제외하고 숨 고르기      ▲미 국채가, 입찰 앞두고 하락      ▲어드밴스 오토 파츠, 매출 부진에 개장전 2.5% 하락       ▲톨브라더스, 실적 부진에 개장전 5% 하락      ▲BOE 총재, 몇 달 안에 금리 인상 가능      ▲콜스, 실적 전망 상향에 개장전 5% 상승  (끝)"
261,3,"2018-05-23","07:48:04","바이오니아, 목표가 1만8000원 신규제시...전일종가 1만900원 -SK證","[서울=뉴스핌] 로보뉴스 = SK증권은 23일 바이오니아에 대한 투자의견을 매수, 목표주가를 1만8000원으로 신규 제시했다.      바이오니아는 유전자연구용 기초 소재 및 유전자 장비 제조 업체다. SK증권 서충우애널리스트가 작성한 바이오니아 리포트 주요내용은 아래와 같다.  ▶ 세계적으로 희소한 체지방감소 유산균(BNR17) 해외진출 본격화 ▶ 분자진단 사업부문 초고성장 전망 ▶ RNAi 기반 신약개발 사업부문에 주목!!  바이오니아는 지난해 4분기 연결기준 매출액이57억8192만원으로 전년 동기 64억6698만원 대비 10.5% 감소했다. 같은기간 영업이익은 -20억4169만원으로 전년 동기 -26억6779만원에 이어 적자를 지속했다. 지배지분 순이익은 -69억4259만원으로 전년 동기 -16억5119만원에 이어 적자를 지속했다.      【4월 핵심유망주】무료 청취 ☎ 1577-1114    지난 21일 주가는 전일대비 0.46% 하락한 1만900원으로 마감했다.      【포착】 내일 급등 유망주, 지금 알려드립니다!"
261,4,"2018-05-23","07:48:00","[퀵리포트] 바이오니아, ""매수""..목표가 1만8000원 신규제시-SK證","[5월 핵심유망주]무료 청취 ☎ 1577-1114     [아이투자 현명한 기자]SK증권은 23일 바이오니아(064550)에 대한 투자의견을 매수로 신규 제시했다. 목표가는 1만8000원으로 산정했다.  SK증권 서충우 연구원이 작성한 바이오니아 리포트 주요내용은 아래와 같다.  ▶ 세계적으로 희소한 체지방감소 유산균(BNR17) 해외진출 본격화  ▶ 분자진단 사업부문 초고성장 전망  ▶ RNAi 기반 신약개발 사업부문에 주목!!                    지난 21일 주가는 전일대비 0.46% 하락한 1만900원으로 마감했다.→ [바로가기] 전 증권사 보고서 원문서비스 ‘와이즈리포트’  http://www.wisereport.co.kr/   이기사는 투자 참고용으로 이를 근거로 한 투자 손실에 대해 책임을 지지 않습니다. 기사는 아이투자(www.itooza.com)가 제공한 것으로 저작권은 아이투자에 있습니다. 기사 내용 관련 문의는 아이투자로 문의하시기 바랍니다.    [포착]내일 급등 유망주, 지금 알려드리고 있습니다.        "
261,5,"2018-05-23","07:47:51","현대모비스, 새 지배구조 개편안은 더 유리할 것 - 미래에셋대우","[머니투데이 김훈남 기자] 미래에셋대우는 23일 현대모비스에 대해 ""현대차 그룹 지배구조 개편안은 기존안보다 현대모비스에 유리할 것""이라고 밝혔다. 투자의견은 매수, 목표주가는 30만원을 유지했다.   박인우 연구원은 ""현대차그룹 지배구조 개편 기존안이 주주와 시장의 지지를 얻지 못한 이유는 합병비율""이라며 ""분할비율의 가치를 9조2700 억원으로 보수적으로 평가한 것이 문제가 됐다""고 설명했다.   박 연구원은 ""현대차그룹의 순환출자 해소 및 일감몰아주기 논란 해소 등 지배구조 개편 필요성은 바뀌지 않는다""며 ""합병비율을 재산정하거나 분할·합병·지분교환의 순서를 바꾸는 방법 등이 가능하고, 현대모비스에 기존안보다 유리한 방안일 것""이라고 전망했다.     주식담보대출도 이제 부담없는 금리로 가능(안내: 02-3775-1497)   ▶▶ 2018년 상반기 급등 예상 종목 BEST 10 (바로 확인)   <키워드림론> 최저금리로 신용·미수 대환 하는 유일한 방법은    [파워 인터뷰]      [관련기사] ☞ 오는 10일 이건희 삼성회장 '와병 만4년'…장비없이 자가호흡 ☞ 아들 곁으로 간 구본무 회장…슬픔 이기고 LG 24년 이끌어 ☞ 성공을 부르는 말하기? ""목소리를 낮게 내보세요"" ☞ "" 할아버지, 존경해요""…구본무 회장 향한 추모들 ☞ ""김앤장만 믿었다가""…현대차, 소통 실패의 천문학적 비용       주식매입자금? 전화 한통화면 당신은 스마트컨슈머!    최저금리로 신용·미수 대환 하는 가장 경제적인 방법 (바로 확인)   ‘개미’말고 ‘슈퍼 투자자’되고 싶다면?...‘이것’만 잘 이용해도 가능해요!       김훈남 기자 hoo13@mt.co.kr    <저작권자 ⓒ '돈이 보이는 리얼타임 뉴스' 머니투데이, 무단전재 및 재배포 금지>"
261,6,"2018-05-23","07:47:15","트럼프, '통일' 첫 언급…""남북 원하면 '원 코리아' 좋다""","트럼프, '통일' 첫 언급…""남북 원하면 '원 코리아' 좋다""   ""언젠가 통일…매우 성공적인 두 한국 보게 될 것""    (서울=연합뉴스) 김영현 기자 = 다음 달 12일 북미 정상회담을 앞둔 도널드 트럼프 미국 대통령이 공식석상에서 처음으로 남북 통일을 언급했다.  22일(현지시간) 백악관에서 문재인 대통령과 한미정상회담을 시작하기에 앞서 기자들과 문답하는 과정에서였다.  트럼프 대통령은 '두 개의 한국이 평화롭게 공존하는 것이 당신이 추구하는 비전이냐. 장래 어느 시점에 통일될 것이라고 보는가'라는 질문에 ""그들은 함께 합치게 될 것(get together)이며 '원코리아'(one Korea)로 돌아갈 것""이라고 말했다.     트럼프 대통령은 이어 ""두 한국이 원하기만 한다면 나는 좋다""고 덧붙였다.  트럼프 대통령이 북한 비핵화 문제와 종전 선언을 넘어 남북 통일을 언급한 것은 이번이 처음이다.  남북관계 개선에 대한 기대감을 반영한 수사(修辭)일 수도 있지만, 한반도의 운명을 좌우할 역사적 첫 북미정상회담을 앞둔 민감한 시점에서 나온 발언이라는 점에서 크게 주목된다.  다만 트럼프 대통령은 통일이 당장 현실화될 가능성에 대해서는 확답을 내놓지 않았다.  그는 통일 시점에 대해서 ""지금은 아닐지라도 미래 언젠가""라고 설명했다.  트럼프 대통령은 ""우리는 지금 확실히 두 개의 매우 성공적인 한국을 보고 있다""며 ""매우, 매우 성공적인 북한을 보게 될 것이고, 동시에 이미 성공했으며 매우 성공할 남한도 보게 될 것""이라고 강조했다.  이어 ""남한도 과거에는 북한처럼 상황이 좋지 않았다""며 ""지금은 삼성, LG를 비롯해 그들이 지은 배를 볼 수 있다. 그들이 이룬 성과는믿기지 않을 정도""라고 높이 평가했다.  cool@yna.co.kr   (끝)    <긴급속보 SMS 신청> <포토 매거진> < M-SPORTS >   <저작권자(c) 연합뉴스, 무단 전재-재배포 금지>"
261,7,"2018-05-23","07:47:03","주네덜란드 대사 ""북한, 中지원 얻으면 美대화 소극적일수도""","주(駐)네덜란드 한국 대사관은 4.27 남북정상회담에 이어 내달 12일 역사적인 미북정상회담을 앞두고 22일(현지시간) 헤이그에서 네덜란드 라이덴대학 아시아센터와 국제문제 싱크탱크인 클린헌달연구소와 공동으로 한반도 상황에 대한 세미나를 개최했다.   이날 세미나장에는 네덜란드 정부 관계자를 비롯해 학자, 국제관계 전문가, 한반도 관련 업무 종사자 등 80여 명이 참석해 최근 한반도 정세에 관한 많은 관심을 반영했다.   이윤영 주네덜란드 대사는 ""지난 4월 27일 남·북한 두 정상은 분단과 대결의 상징인 판문점에서 오랜 대결을 끝내고 한반도의 영구적인 평화를 향한 새로운 여정을 시작하기로 합의했다""면서 ""지난해까지 북한의 계속되는 핵실험과 미사일 발사로 인한 긴장을 고려하면 최근 한반도의 진전상황은 놀라운 반전""이라고 말했다.   이 대사는 이어 ""오는 6월 12일 싱가포르에서 개최될 예정인 미북정상회담은 남북정상회담과 함께 또 하나의 역사적인 순간이 될 것""이라며 ""한반도 비핵화의 실질적인 진전과 평화체제 구축을 위해서는 국제사회의 강한 지지와 긴밀한 협력이 어느 때보다 요구된다""며 국제사회의 전폭적인 지원을 당부했다.   남북정상회담 자문단으로 활동한 전봉근 국립외교원 교수는 현재 한반도 진전 상황이 과거와 다른 점은 ""주도세력이 관료나 외교관이 아니라정치지도자들이라는 점""이라면서 도널드 트럼프 미국 대통령은 '자신에 찬 협상가', 문재인 대통령은 '단호한 피스 메이커', 김정은 북한 국무위원장은 '야심 있는 독재자'라고 평가했다.   다만 그는 ""(현 상황은) 정치적 과정이기 때문에 변화가 빠르고 광범위하며, 아주 유동적""이라고 진단했다.   특히 최근 북한이 순항하는 듯하던 미북정상회담을 위협하고 나선 데 대해 ""존 볼턴 백악관 국가안보보좌관이 리비아식 비핵화 모델과 CVID( 완전하고 검증 가능하며 불가역적인 비핵화)를 언급함으로써 김 위원장이 내세운 '단계적 동시적 접근'에 도전했기 때문""이라고 분석했다.   또 전 교수는 ""만약 북한이 중국으로부터 체제안전보장과 경제적 지원에 대한 약속을 확보하면 북한은 너무 많은 것을 요구하는 미국과의 대화에 나서려고 하지 않을 수 있다""며 '중국 변수'를 지적했다.   그러면서 북한이 계속 대화에 나서도록 하기 위한 방안으로 전 교수는 강한 제재 압박과 함께 인센티브를 제시할 것과 비핵화 진전과 평화체제협상을 병행할 것 등을 제안했다.    [디지털뉴스국]      ☞ 5月 반드시 주목해야될 종목!! ☞ 5月 큰 수익 원한다면, 이 종목부터 빨리 매수해라!!! ☞ 지금 100만원 있다면, 이 종목부터 사라! ☞ ""세계최초 신약개발"" 드디어 올것이 왔다! 주목해라!!      [ⓒ 매일경제 & mk.co.kr, 무단전재 및 재배포 금지]"
262,1,"2018-05-23","07:42:03","롯데푸드, 목표가 86만원 유지...전일종가 72만9000원 -케이프證","[서울=뉴스핌] 로보뉴스 = 케이프투자증권은 23일 롯데푸드에 대한 투자의견을 매수, 목표주가를 86만원으로 유지했다.      롯데푸드는 구구콘, 마아가린, 육가공(햄) 제품을 생산 판매하는 롯데계열 식품업체다. 케이프투자증권 조미진 애널리스트가 작성한 롯데푸드 리포트 주요내용은 아래와 같다.  ▶ 투자의견 Buy, 목표주가 860,000원 유지 ▶ 1분기 매출액 4,308억원(-1.5%YoY), 영업이익 159억원(+12.8%YoY) 시현. IFRS 15 도입에 따라 매출액이 전년대비 감소한 것처럼 나타남. 동일 회계기준 적용 시 매출액은 전년대비 0.9% 증가한 4,412억 원임 ▶ 연간 수익성 개선 전망(OPM 3.6% → 4.0% 향상 예상)  롯데푸드는 지난해 4분기 개별기준 매출액이 3875억7589만원이다. 같은기간 영업이익은 50억4594만원이다. 당기순이익은 655억5825만원이다.      【4월 핵심유망주】무료 청취 ☎ 1577-1114    지난 21일 주가는 전일대비 3.40% 상승한 72만9000원으로 마감했다.      【포착】 내일 급등 유망주, 지금 알려드립니다!"
262,2,"2018-05-23","07:42:00","[퀵리포트] 롯데하이마트, ""매수"" 유지..목표가 9만원 유지-메리츠證","[5월 핵심유망주]무료 청취 ☎ 1577-1114     [아이투자 송민경 기자]메리츠종금증권은 23일 롯데하이마트(071840)에 대한 투자의견을 매수, 목표가를 9만원으로 제시했다. 이 증권사가 제시한 이전 목표가는 이번과 동일한 9만원이다.  메리츠종금증권 양지혜 연구원이 작성한 롯데하이마트 리포트 주요내용은 아래와 같다.  ▶ 2분기 지난해 에어컨 역기저에도 TV 및 백색가전, 생활가전의 양호한 성장 예상  ▶ 온라인 경쟁력을 강화하는 동시에 카테고리 특화샵과 체험형 매장에 안정적 투자  ▶ 2018년 옴니스토어 10개 이상 확보하고 온라인 매출 비중은 25%에 이를 전망  ▶ 고수익 상품 비중 확대와 함께 국내 가전소비 사이클 회복 수혜 전망  ▶ 투자의견 Buy 와 적정주가 90,000 원 유지                    지난 21일 주가는 전일대비 0.63% 하락한 7만8500원으로 마감했다.→ [바로가기] 전 증권사 보고서 원문서비스 ‘와이즈리포트’  http://www.wisereport.co.kr/   이 기사는 투자 참고용으로 이를 근거로 한 투자 손실에 대해 책임을 지지 않습니다. 기사는 아이투자(www.itooza.com)가 제공한 것으로 저작권은 아이투자에 있습니다. 기사 내용 관련 문의는 아이투자로 문의하시기 바랍니다.    [포착]내일 급등 유망주, 지금 알려드리고 있습니다.        "
262,3,"2018-05-23","07:42:00","[퀵리포트] 네오팜, ""매수"" 유지..목표가 6만5000원 유지-메리츠證","[5월 핵심유망주]무료 청취 ☎ 1577-1114     [아이투자 한정석 기자]메리츠종금증권은 23일 네오팜(092730)에 대한 투자의견을 매수, 목표가를 6만5000원으로 제시했다. 이 증권사가 제시한 이전 목표가는 이번과 동일한 6만5000원이다.  메리츠종금증권 양지혜 연구원이 작성한 네오팜 리포트 주요내용은 아래와 같다.  ▶ 1분기 매출액 166억원 (+27.1% YoY), 영업이익 57억원 (+33.9% YoY) 기록  ▶ 병의원 전문 브랜드인 제로이드와 수출 및 면세점의 높은 성장으로 호실적 달성  ▶차별화된 R&D 경쟁력으로 더마 코스메틱 고성장의 수혜를 온전히 흡수하고 있음  ▶ 하반기부터 해외 실적이 보다 의미있게 올라오면서 주가 상승 모멘텀 재개될 전망  ▶ 투자의견 Buy 와 적정주가 65,000 원 유지                    지난 21일 주가는 전일대비 0.36% 상승한 5만6100원으로 마감했다.→ [바로가기] 전 증권사 보고서 원문서비스 ‘와이즈리포트’  http://www.wisereport.co.kr/   이 기사는 투자 참고용으로 이를 근거로 한 투자 손실에 대해 책임을 지지 않습니다. 기사는 아이투자(www.itooza.com)가 제공한 것으로 저작권은 아이투자에 있습니다. 기사 내용 관련 문의는 아이투자로 문의하시기 바랍니다.    [포착]내일 급등 유망주, 지금 알려드리고 있습니다.        "
262,4,"2018-05-23","07:42:00","[퀵리포트] 롯데푸드, ""매수"" 유지..목표가 86만원 유지-케이프證","[5월 핵심유망주]무료 청취 ☎ 1577-1114     [아이투자 김주식 기자]케이프투자증권은 23일 롯데푸드(002270)에 대한 투자의견을 매수, 목표가를 86만원으로 제시했다. 이 증권사가 제시한 이전 목표가는 이번과 동일한 86만원이다.  케이프투자증권 조미진 연구원이 작성한 롯데푸드 리포트 주요내용은 아래와 같다.  ▶ 투자의견 Buy, 목표주가 860,000원 유지  ▶ 1분기 매출액 4,308억원(-1.5%YoY), 영업이익 159억원(+12.8%YoY) 시현. IFRS 15 도입에 따라 매출액이 전년대비 감소한 것처럼 나타남. 동일 회계기준 적용 시 매출액은 전년대비 0.9% 증가한 4,412억 원임  ▶ 연간 수익성 개선 전망(OPM 3.6% → 4.0% 향상 예상)                    지난 21일 주가는 전일대비 3.40% 상승한 72만9000원으로 마감했다.→ [바로가기] 전 증권사 보고서 원문서비스 ‘와이즈리포트’  http://www.wisereport.co.kr/   이 기사는 투자 참고용으로 이를 근거로 한 투자 손실에 대해 책임을 지지 않습니다. 기사는 아이투자(www.itooza.com)가 제공한 것으로 저작권은 아이투자에 있습니다. 기사 내용 관련 문의는 아이투자로문의하시기 바랍니다.    [포착]내일 급등 유망주, 지금 알려드리고 있습니다.        "
262,5,"2018-05-23","07:41:03","국내 주식형 펀드, 하루만에 자금 순유입","국내 주식형 펀드, 하루만에 자금 순유입   (서울=연합뉴스) 김아람 기자 = 국내 주식형 펀드에 하루 만에 다시 자금이 들어왔다.  23일 금융투자협회에 따르면 지난 18일 상장지수펀드(ETF)를 제외한 국내 주식형 펀드에 84억원이 순유입했다.  543억원이 새로 설정됐고, 459억원이 환매로 빠져나갔다.  코스피가 오르자 추가 상승 기대감에 투자금이 몰린 것으로 풀이된다.  해외 주식형 펀드는 575억원이 이탈하며 7거래일째 순유출세를 이어갔다.  수시 입출금식 상품인 머니마켓펀드(MMF)에서는 7천297억원이 순유출됐다.  MMF 설정액은 126조877억원, 순자산은 126조9천502억원으로 각각 줄었다.   rice@yna.co.kr   (끝)    <긴급속보 SMS 신청> <포토 매거진> < M-SPORTS >   <저작권자(c) 연합뉴스, 무단 전재-재배포 금지>"
262,6,"2018-05-23","07:41:00","케이씨텍, 반도체 호조로 실적개선 기대-한화","[이데일리 오희나 기자] 한화투자증권은 23일 케이씨텍(281820)에 대해 반도체 호조세 지속으로 실적개선이 기대된다며 투자의견 ‘매수’,목표주가 3만3000원을 유지했다.   이순학 한화투자증권 연구원은 “1분기 실적은 매출액 1092억원, 영업이익 211억원으로 추정치를 크게 상회했다”며 “CMP 장비 매출액은 340억원으로 분기 사상 최고치를 기록하면서 디램 투자에 따른 수혜를 확실히 누리고 있다는 점을 입증했다”고 말했다.  이어 “이외에 디스플레이 장비 510억 원, 소재 200억 원의 매출액을 달성했는데 반도체 관련 매출액 비중이 50%를상회함에 따라 앞으로 밸류에이션 디스카운트 요인은 점차 사라질 것으로 기대한다”고 덧붙였다.   이 연구원은 “올해 동사의 실적으로 매출액 3925억원, 영업이익 750억원을 전망한다”며 “디스플레이 업황 악화에 따라 중국 패널 업체와 LG디스플레이의 장비 발주가 당초계획 대비 줄어들고 있는 것을 반영했지만 반도체 장비와 소재 매출액은 더욱 늘어날 것으로 예상돼 수익성은 개선될 것으로 판단한다”고 강조했다.   이 연구원은 또 “내년도 삼성전자의 설비투자 규모가 축소될 것이라는 우려로 인해 장비 업체들의 주가는 약세를 면치 못하고 있다”며 “하지만 내년에는 디램 투자가 감소하더라도 낸드 투자는 늘어날 수 있어 디램과 낸드용 CMP 장비를 모두 보유한 동사에게는 문제가 될 것이 없다”고 말했다.   이어 “고객사의 캐파 증가로 인해 소재 매출액도 성장하고 있어 다른 순수 장비 업체들에 비해 리스크가 적은 편”이라며 “밸류에이션 또한 주가수익비율(PER) 7배로 업종 내에서 가장 싸다는 점도 매력적”이라고 판단했다.  ▶계좌회복프로젝트! 상위 전문가의 투자전략 및 추천종목‘[무료확인]’ ▶14년 연속 1위, 대한민국 대표 스탁론 하이스탁론 '       ' ＜ⓒ종합 경제정보 미디어 이데일리 - 무단전재 & 재배포 금지＞   "
262,7,"2018-05-23","07:40:27","한미정상, 미북정상회담 성공 노력…北체제불안 해소방안 논의","미국을 방문 중인 문재인 대통령과 도널드 트럼프 미국 대통령이 22일(현지시간) 정상회담을 하고 내달로 예정된 미북정상회담이 차질없이 진행되도록 노력하기로 뜻을 모았다.   특히 한미정상은 비핵화 이후 북한이 느낄 수 있는 체제 불안 해소방안에 대해 논의하면서 한반도 비핵화의 이행방안에 대해 의견을 나눴다.  트럼프 대통령은 회담장에서 '북한이 CVID(완전하고 검증 가능하며 불가역적인 비핵화)를 할 경우 북한 정권의 안전을 보장할 것이냐'는 취재진의 질문에 ""나는 그(김정은 북한 국무위원장)의 안전을 보장할 것이다""라고 밝혔다.   그러면서 트럼프 대통령은 한국이 미국으로부터 수조 달러를 지원받아 '가장 놀라운 나라 중 하나'로 발전했다고 설명하면서 북한도 한국과 ""같은 민족""이라고 반복해 강조했다.   문 대통령 역시 회담 모두발언에서 ""미북정상회담 개최에 대한 북한 의지를 의심할 필요가 없다""며 ""미북 간 실질적·구체적인 비핵화와 체제안전에 대한 협의가 필요하다""고 강조했다.   트럼프 대통령은 기자들과의 문답에서 북한 비핵화 방식에 대해 ""일괄타결이 좋다""며 ""완전히 그렇게 해야 한다는 것은 아니지만, 그것이 더낫다. 전체적으로 봤을 때 한꺼번에 일괄타결하는 것이 바람직하다""고 말했다.   이어 ""그런데 정확히 그렇게 하는 게 불가능할 수도 있는 어떤 물리적 이유가 있다""며 ""(비핵화에) 아주 짧은 시간이 걸릴 수 있지만 본질적으로 그것은 일괄타결일 것""이라고 강조했다.   트럼프 대통령이 그러나 ""우리가 원하는 어떤 조건들이 있고 그러한 조건들이 충족될 것으로 생각한다""며 조건들이 충족되지 않으면 회담이연기 또는 취소될 가능성을 시사하기도 했다.   그는 ""회담이 열리지 않을 가능성이 상당히 있다. 그렇다면 그것도 괜찮다. 그것이 한동안 열리지 않을 것이란 뜻은 아니다""며 ""그러나 6월12일 회담이 열리지 않을 수도 있다. 그러나 우리가 회담을 열 좋은 기회가 있다""고 말했다.    [디지털뉴스국]          ☞ 5月 반드시 주목해야될 종목!! ☞ 5月 큰 수익 원한다면, 이 종목부터 빨리 매수해라!!! ☞ 지금 100만원 있다면, 이 종목부터 사라! ☞ ""세계최초 신약개발"" 드디어 올것이 왔다! 주목해라!!      [ⓒ 매일경제 & mk.co.kr, 무단전재 및 재배포 금지]"
263,1,"2018-05-23","07:34:04","클래시스, 목표가 9500원 유지...전일종가 5350원 -하나금투","[서울=뉴스핌] 로보뉴스 = 하나금융투자는 23일 클래시스에 대한 투자의견을 매수, 목표주가를 9500원으로 유지했다.      【4월 핵심유망주】무료 청취 ☎ 1577-1114    클래시스는 병원시술, 에스테틱용 미용의료기기 제조 업체다. 하나금융투자 이정기 애널리스트가 작성한 클래시스 리포트 주요내용은 아래와 같다.  ▶ 투자의견 BUY, 목표주가 9,500원 유지  ▶ 1Q18 Review: 탑라인 견조, 일회성 비용과 역기저효과 영향  ▶2018년 영업이익 131억원 기록 전망  클래시스는 지난해 분기 연결기준   지난 21일 주가는 전일대비 1.29% 하락한 5350원으로마감했다.      【포착】 내일 급등 유망주, 지금 알려드립니다!"
263,2,"2018-05-23","07:34:04","알에프에이치, 목표가 3만1600원 신규제시...전일종가 2만3200원 -토러스證","[서울=뉴스핌] 로보뉴스 = 토러스투자증권은 23일 RFHIC에 대한 투자의견을 매수,목표주가를 3만1600원으로 신규 제시했다.      RFHIC는 방송 및 무선 통신장비 제조업체다. 토러스투자증권 전상용 애널리스트가 작성한 RFHIC 리포트 주요내용은 아래와 같다.  ▶ 기존 LDMOS 트랜지스터 GaN 트랜지스터로 대체 전망  ▶ 2018 창립 최대 실적 시현 전망  ▶ 투자의견 BUY, 목표주가 31,600 (Upside +36.2%)  RFHIC는 올해 1분기 연결기준 잠정 매출액이 220억6500만원으로전년 동기 97억8200만원 대비 125.5% 늘었다. 같은기간 영업이익은 48억4600만원으로 전년 동기 3억5900만원 대비 1,249.8% 늘었다. 지배지분 순이익은 46억5800만원으로 전년 동기 9억6500만원 대비 382.6% 늘었다.      【4월 핵심유망주】무료 청취 ☎ 1577-1114    지난 21일 주가는 전일대비 2.52% 하락한 2만3200원으로 마감했다.      【포착】 내일 급등 유망주, 지금 알려드립니다!"
263,3,"2018-05-23","07:34:00","[표]유럽 주요기업 주가(5/22)","[이데일리 증권시장부]        ▶계좌회복프로젝트! 상위 전문가의 투자전략 및 추천종목‘[무료확인]’ ▶14년 연속 1위, 대한민국 대표 스탁론 하이스탁론 '    ' ＜ⓒ종합 경제정보 미디어 이데일리 - 무단전재 & 재배포 금지＞   "
263,4,"2018-05-23","07:32:25","中, 7월부터 자동차 수입 관세 대폭 인하","[머니투데이 베이징(중국)=진상현 특파원] [20~25%에서 15%로, 자동차 부품은 8~25%에서 6%로…中 ""개혁개방 확대 차원"" ]        중국이 오는 7월부터 자동차 수입 관세를 대폭 낮춘다. 지난주 미중간의 무역 분쟁 합의에 따른 후속 조치로 보인다.   중국 재정부는 22일 7월 1일부터 자동차 수입 관세는 20~25%에서 15%로, 자동차 부품 수입 관세는 8~25%에서 6%로 낮춘다고 발표했다. 앞서시진핑 중국 국가주석은 지난 4월 10일 보아오 포럼 개막식 기조연설에서 올해안에 자동차 수입관세를 상당폭 내리겠다고 밝혔다. 이후 블룸버그통신은 지난달 26일 중국이 완성차 수입관세율을 10~15%로 낮출 예정이라고 보도했다.   이번 인하 후 중국의 자동차 수입 관세율 15%는 유럽연합(10%), 한국(8%), 미국(2.5%)보다 여전히 높은 수준이다. 도널드 트럼프 대통령은 미국의 자동차 수입관세는 2.5%인데 중국은 25%라며 불공정 교역이라고 지적한 바 있다.   중국 재정부는 이번 조치에 대해 ""개혁개방을 한층 확대하고 공급 구조 문제를 해결하기 위한 것""이라면서 ""중국 자동차산업의 업그레이드 촉진하고 인민의 소비 수요 충족을 위한 것이기도 하다""고 설명했다.   중국 상무부 관계자도 ""다자무역 체계를 보호하면서 이번 자동차 수입 관세를 낮추는 것은 중국의 개혁개방 확대에 필요하다""면서 ""관세 인하 후 중국 자동차의 전체 평균 세율은 13.8%, 차 부품은 6%로 이는 중국 자동차산업 현실에 부합한다""고 말했다.   이번 수입 관세 인하는 BMW, 다임러, 토요타 등의 수입 자동차들이 중국 내에서 생산되는 자동차들에 대해 가격 경쟁력이 높아지는 계기가 될 전망이다. 외국 자동차 회사들은 그동안 중국 내에서 생산을 하지 않더라도 세계 최대 자동차시장인 중국에서 입지를 강화할 수 있도록 수입 관세를 낮출 것을 요구해왔다. 특히 고급 차종일수록 중국에서 생산되는 비율이 낮기 때문에 관세인하의 혜택을 볼 가능성이 더 높다. 가령토요타의 렉서스는 중국 내에서 생산되지 않고, 생산 계획도 없는 프리미엄 일본 차종이다. 중국은 지난해 122만대의 자동차를 수입했다. 이는 2890만대 판매를 기록한 중국 전체 자동차 시장의 4.2% 수준이다.       주식담보대출도 이제 부담없는 금리로 가능(안내: 02-3775-1497)   ▶▶ 2018년 상반기 급등 예상 종목 BEST 10 (바로 확인)   <키워드림론> 최저금리로 신용·미수 대환 하는 유일한 방법은    [파워 인터뷰]      [관련기사] ☞ 오는 10일 이건희 삼성회장 '와병 만4년'…장비없이 자가호흡 ☞ 아들 곁으로 간 구본무 회장…슬픔 이기고 LG 24년 이끌어 ☞ 성공을 부르는 말하기? ""목소리를 낮게 내보세요"" ☞ "" 할아버지, 존경해요""…구본무 회장 향한 추모들 ☞ ""김앤장만 믿었다가""…현대차, 소통 실패의 천문학적 비용       주식매입자금? 전화 한통화면 당신은 스마트컨슈머!    최저금리로 신용·미수 대환 하는 가장 경제적인 방법 (바로 확인)   ‘개미’말고 ‘슈퍼 투자자’되고 싶다면?...‘이것’만 잘 이용해도 가능해요!       베이징(중국)=진상현 특파원 jisa@mt.co.kr    <저작권자 ⓒ '돈이 보이는 리얼타임 뉴스' 머니투데이, 무단전재 및 재배포 금지>"
263,5,"2018-05-23","07:32:00","[퀵리포트] 현대모비스, ""매수"" 유지..목표가 30만원 유지-미래에셋대우","[5월 핵심유망주]무료 청취 ☎ 1577-1114     [아이투자 현명한 기자]미래에셋대우는 23 일 현대모비스(012330)에 대한 투자의견을 매수, 목표가를 30만원으로 제시했다. 이 증권사가 제시한 이전 목표가는 이번과 동일한 30만원이다.  미래에셋대우 박인우 연구원이 작성한 현대모비스 리포트 주요내용은 아래와 같다.  ▶ 현대모비스-현대글로비스 분할합병안 해제 후 재추진 결정  ▶ 향후 재추진 방안과 일정은 불투명. 하지만 기존 안의 일부 조정 가능성이 높음  ▶ 개편 안은 기존 안보다 현대모비스에 유리할 것. 투자의견 매수와 목표주가 30만원 유지                    지난 21일 주가는 전일대비 1.05% 상승한 24만1500원으로 마감했다.→ [바로가기] 전 증권사 보고서 원문서비스 ‘와이즈리포트’  http://www.wisereport.co.kr/   이 기사는 투자 참고용으로 이를 근거로 한 투자 손실에 대해 책임을 지지 않습니다. 기사는 아이투자(www.itooza.com)가 제공한 것으로 저작권은 아이투자에 있습니다. 기사 내용 관련 문의는 아이투자로 문의하시기 바랍니다.    [포착]내일 급등 유망주, 지금 알려드리고 있습니다.         "
263,6,"2018-05-23","07:32:00","[퀵리포트] 녹십자, ""매수"" 유지..목표가 26만원 유지-한투證","[5월 핵심유망주]무료 청취 ☎ 1577-1114     [아이투자 현명한 기자]한국투자증권은 23 일 녹십자(006280)에 대한 투자의견을 매수, 목표가를 26만원으로 제시했다. 이 증권사가 제시한 이전 목표가는 이번과 동일한 26만원이다.  한국투자증권 진홍국 연구원이 작성한 녹십자 리포트 주요내용은 아래와 같다.  ▶ 해외 투자자들의 주요 관심사는 단연 미국진출  ▶ 올해 하반기 FDA 승인을 받게 된다면 4분기부터 매출발생 예상  ▶ 미국진출 가시화될 경우 valuation 부담은 한층 완화될 전망                    지난 21일 주가는 전일대비 1.33% 하락한 22만2500원으로 마감했다.→ [바로가기] 전 증권사 보고서 원문서비스 ‘와이즈리포트’  http://www.wisereport.co.kr/   이 기사는 투자 참고용으로 이를 근거로 한 투자 손실에 대해 책임을 지지 않습니다. 기사는 아이투자(www.itooza.com)가 제공한 것으로 저작권은 아이투자에 있습니다. 기사 내용 관련 문의는 아이투자로 문의하시기 바랍니다.    [포착]내일 급등유망주, 지금 알려드리고 있습니다.         "
263,7,"2018-05-23","07:32:00","[퀵리포트] 현대글로비스, ""매수"" 유지..목표가 미제시-미래에셋대우","[5월 핵심유망주]무료 청취 ☎ 1577-1114     [아이투자 강해자 기자]미래에셋대우는 23 일 현대글로비스(086280)에 대한 투자의견을 매수로 유지했다. 이번 보고서에 목표가는 제시하지 않았고, 이전 보고서에서 제시한 목표가는 21만원이다.  미래에셋대우 류제현 연구원이 작성한 현대글로비스 리포트 주요내용은 아래와 같다.  ▶ 현대모비스와의 분할합병계약 해제   ▶ 보완, 개선을 통한 지배 구조 개편 재추진 예상: 향후 시나리오는?   ▶ 아쉽지만 성장성에 대한 기대감은 유지                    지난 21일 주가는 전일대비 0.67% 상승한 15만500원으로 마감했다.→ [바로가기] 전 증권사 보고서 원문서비스‘와이즈리포트’  http://www.wisereport.co.kr/   이 기사는 투자 참고용으로 이를 근거로 한 투자 손실에 대해 책임을 지지 않습니다. 기사는 아이투자(www.itooza.com)가 제공한 것으로 저작권은 아이투자에 있습니다. 기사 내용 관련 문의는 아이투자로 문의하시기 바랍니다.    [포착]내일 급등 유망주,지금 알려드리고 있습니다.         "
264,1,"2018-05-23","07:29:02","현대차그룹 주총 철회…글로비스 단기 조정-KB","KB증권은 23일 현대모비스와 현대글로비스가 임시주주총회를 철회했지만 양사 주가에 큰 영향을 주지 않을 것으로 판단했다. 현대모비스 주가는 하락하지 않겠지만 현대글로비스 주가는 단기 하락할 수 있을 것으로 봤다.  현대모비스와 현대글로비스가 5월 29일 소집할 예정이었던 임시 주주총회를 철회하기로 공시했다. 양사는 철회의 이유를 밝히면서 '국내외 의결권 자문기관의 반대의견 권고', 이에따른 '특별결의 가결요건의 충족 여부 및 분할합병 거래종결의 불확실성'을 들었다.  KB증권은 ""현대모비스와 현대글로비스의 주가가 이미 분할합병안 부결 가능성을 상당부분 반영하고 있는 것으로 보고 있다""며 ""현대모비스의 경우 분할합병이 주주에게 유리한지의 여부가 치열한 논쟁거리였던 만큼, 분할합병안건이 무산된다고 해서 주가가 하락하지는 않을 것""이라고 했다.  또 ""현대글로비스는 분할합병안 부결 시의 목표주가 (15만2792원)와 가결 시의 목표주가 (24만4313원) 간 차이가 컸으므로 실망하는 투자자들에 의해 주가가 단기 하락할 수는 있다""며 ""그러나 이미 현대글로비스의 지난 21일 종가 기준 주가는 15만500원으로 이미 KB증권이 제시했던 부결 시의 목표주가 이하로 낮아진 상황""이라고 전했다.  현대차그룹이 지배구조 변화를 계속 추진할것이라는 예상이다.  이 증권사는 ""'순환출자 해소', '일감몰아주기 논란 탈피' 등과 더불어 현대차그룹은 '경영권 승계'라는 중요한 목표를 갖고 있다""며 ""향후 현대차그룹의 영업상황이 호전되고 주요 업체 주가가 반등하기 전에지배구조변화를 마무리하는 것이 현대차그룹으로서는 비용측면에서 유리하다""고 분석했다. 정부(공정위)도 현대차그룹의 지배구조 변화를 지지할 것으로 예상했다.  향후 나올 대안은 기존의 방안을 큰 틀에서 유지하면서 현대모비스 분할합병부문과 현대글로비스 간의 주식 교환 비율, 또는 주주환원 정책 보강하는 내용으로 제시될 가능성이 있다고 판단했다. 지주회사체제로의 전면적인 계획 수정은 금융계열사 문제, 증손회사 지분율 문제 등을 생각해볼 때 어려울 것으로 보여서다.  이어 ""현대모비스와 현대글로비스가 제시했던 미래 비전의 주요 내용은 계속 유지될 가능성이 높아 보인다""며 ""어떤 시나리오라 할지라도 ‘경영권 승계’와 ‘일감몰아주기 논란 탈피’에 모두 연관되어 있는 현대글로비스의 역할은 중요할 것""이라고 덧붙였다.  정형석 한경닷컴 기자 chs8790@hankyung.com     기업의 환율관리 필수 아이템! 실시간 환율/금융서비스 한경Money [ 무료 주식 카톡방 ] 국내 최초, 카톡방 신청자수 38만명 돌파 < 업계 최대 카톡방 > --> 카톡방 입장하기!!     관련기사 스마트폰도 되는데…방수 카메라 꼭 써야하는 이유 댓글 남기자마자 ""10만원 주겠다""…대체 어디길래 ""정말 이례적인 일"" 망연자실한 신혼부부들 왜? 돈방석 앉은 연예인들…1인 방송 BJ 수입 어떻길래 ""셈하기도 어렵다"" 방탄소년단 경제적 가치가 무려    ⓒ 한국경제 & hankyung.com, 무단전재 및 재배포 금지"
264,2,"2018-05-23","07:29:00","[표]SK이노베이션 등 코스피 자사주 신청내역(23일)","[이데일리 증권시장부]        ▶계좌회복프로젝트! 상위 전문가의 투자전략 및 추천종목‘[무료확인]’ ▶14년 연속 1위, 대한민국 대표 스탁론 하이스탁론 '    ' ＜ⓒ종합 경제정보 미디어 이데일리 - 무단전재 & 재배포 금지＞   "
264,3,"2018-05-23","07:29:00","[표]에스에프에이 등 코스닥 자사주 신청내역(23일)","[이데일리 증권시장부]        ▶계좌회복프로젝트! 상위 전문가의 투자전략 및 추천종목‘[무료확인]’ ▶14년 연속 1위, 대한민국 대표 스탁론 하이스탁론 '    ' ＜ⓒ종합 경제정보 미디어 이데일리 - 무단전재 & 재배포 금지＞   "
264,4,"2018-05-23","07:29:00","[표]코스피 외국인 연속 순매수 종목(22일)","[이데일리 증권시장부]        ▶계좌회복프로젝트! 상위 전문가의 투자전략 및 추천종목‘[무료확인]’ ▶14년 연속 1위, 대한민국 대표 스탁론 하이스탁론 '    ' ＜ⓒ종합 경제정보 미디어 이데일리 - 무단전재 & 재배포 금지＞   "
264,5,"2018-05-23","07:29:00","[표]코스피 외국인 연속 순매도 종목(22일)","[이데일리 증권시장부]        ▶계좌회복프로젝트! 상위 전문가의 투자전략 및 추천종목‘[무료확인]’ ▶14년 연속 1위, 대한민국 대표 스탁론 하이스탁론 '    ' ＜ⓒ종합 경제정보 미디어 이데일리 - 무단전재 & 재배포 금지＞   "
264,6,"2018-05-23","07:29:00","[표]코스닥 외국인 연속 순매수 종목(22일)","[이데일리 증권시장부]        ▶계좌회복프로젝트! 상위 전문가의 투자전략 및 추천종목‘[무료확인]’ ▶14년 연속 1위, 대한민국 대표 스탁론 하이스탁론 '    ' ＜ⓒ종합 경제정보 미디어 이데일리 - 무단전재 & 재배포 금지＞   "
264,7,"2018-05-23","07:29:00","[표]코스닥 외국인 연속 순매도 종목(22일)","[이데일리 증권시장부]        ▶계좌회복프로젝트! 상위 전문가의 투자전략 및 추천종목‘[무료확인]’ ▶14년 연속 1위, 대한민국 대표 스탁론 하이스탁론 '    ' ＜ⓒ종합 경제정보 미디어 이데일리 - 무단전재 & 재배포 금지＞   "
265,1,"2018-05-23","07:19:01","정부, 北에 기자단 명단 재전달 시도…수용하면 직항로로 원산행","정부가 풍계리 핵실험장 폐기 행사 취재를 위한 우리측 기자단 명단을 23일 북한에 전달하려 다시 시도할 예정이다.  통일부 당국자는 ""오늘 오전 9시 판문점 연락 채널이 개시된 직후에 우리측 취재진 명단을 전달할 예정""이라며 ""북한이 수용한다면 남북 직항로를 이용해 원산으로 이동할 수 있을 것""이라고 말했다.  북한이 직항로를 통한 방북을 수용한다면 우리 취재진은 이르면 23일, 늦어도 24일에는 방북할 것으로 예상된다.  미국과 영국, 러시아, 중국 등 4개국 외신기자단은 핵실험장 폐기행사 취재를 위해 이미 전날 베이징에서 고려항공 전세기를 통해 원산으로 들어갔다. 남측 취재진 8명도 전날 베이징에서 판문점 채널을 통한 남북 협의 과정을 지켜보며 공항에서 대기했지만, 무위에 그치자 귀국했다.  앞서 북한은 지난 12일 외무성 공보를 통해 23∼25일 풍계리 핵실험장 폐기 의식을 진행한다며 남측과 미국, 영국, 중국, 러시아 언론에 취재를 허용할 용의가 있다고 밝힌 바 있다.  한경닷컴 뉴스룸 open@hankyung.com     관련기사 北, 南 취재진 명단 접수 없이 판문점채널 종료 北 풍계리 '한국 패싱'에 속절없이 당한 정부 외신 원산공항 도착…재팬패싱인 줄 알았더니 코리아패싱 '한국 기자단 제외' CNN ""원산 공항엔 우리가 타고 온 비행기뿐"" 베이징서 문전박대 당하고도… 정부 ""北 수용땐 23일이라도 원산 직행""    ⓒ 한국경제 & hankyung.com, 무단전재 및 재배포 금지"
265,2,"2018-05-23","07:17:00","쿠팡, 협력사 대금 결제 지연...유동성 괜찮나?","[서울=뉴스핌] 박효주 기자 = ""작년 5월부터 로켓배송 제품을 납품하고 대금을 받지 못했습니다. 500개 제품을 납품했는데 400개만 입고가 (확인)된 상태입니다. 납품한지 1년이 다 되가는데..(중략) 고통스럽습니다.""  쿠팡에 제품을 납품하는 한 협력사 대표 A씨의 하소연이다.  21일 관련 업계에 따르면 쿠팡이 지난해부터 최근까지 협력사에 대금 결제를 지연하는 일이 빈번해지면서 협력업체들의 불만이 높아지고 있다.  특히 쿠팡의 대표 서비스인 로켓배송에 대해 협력사들의항의가 빗발치고 있다. 로켓배송은 쿠팡이 협력사에 제품을 직접 매입해 물류센터에 적재한 후 소비자가 주문하면 익일 배송하는 서비스다.  쿠팡은 타사와 차별화 전략으로 로켓배송 규모를 빠르게 키우고 있다. 실제 지난해 쿠팡의 전체 매출액(2조6846억원) 대비 직매입 비중은 2조4600여억원을 기록해 약 91%대를 보였다.   문제는 로켓배송 서비스 특성 상 재고를 보유하고 있어야 하지만 협력사에제 때 대금을 지급할 여력이 되지 않는 상황에도 제품을 사들이고 있다는 점이다.  하도급법에 따르면 발주자는 제품을 수령한 날부터 60일 이내 가능한 짧은 기한으로 정한 지급기일까지 대금을 지급해야 한다.  하지만 쿠팡은 협력사로부터 받은 제품의 입고 전산 처리를지연하는 등 방법으로 대금 결제 시기를 늦추고 있다. 한 협력사의 경우 일 년여가 지난 현재까지도 제품 입고 확인을 받지 못한 상황이 벌어질 정도다.  대금 정산이 늦어지면서 작년 쿠팡의 단기성 채무(매입채무+미지급금)도 전년 대비 무려 60% 가량 치솟았다(이하 K-IFRS 별도 기준). 지난해 쿠팡의 매입채무는 4488억원, 미지급금은 4510억원으로 합산 8998억원을 기록했다. 이는 전년 동기 5606억원 보다 3400억원이 늘어난 금액이다.   <사진=쿠팡>  이에 관련 업계에서는 쿠팡의 현금 유동성에 문제가 있는 것 아니냐는 우려가 나오고있다. 쿠팡은 2013년 설립 이래 당기 순손실을 기록 중이며 2015년 이후 영업현금 흐름도 마이너스를 이어가고 있다.  이를 두고 쿠팡측은 “계획된 적자”라는 주장이지만 증자 및 차입금 확대 등 방법으로 매년 자금을 조달하는 상태다. 지난해 쿠팡은 우리은행과 싱가폴 소재 투자사 머서 인베스트먼트로부터 장·단기 차입금 3400억원을 조달 받은 바 있다.  ▶ [평생무료] 매일 실시간 방송♠국내 최정상 전문가의 종목 공개♠유료보다 더 좋은 무료 강좌 및 프리미엄전략!☞[무료확인]  ▶ 국내최고 전문가 수익률대결종목! 실시간으로 알려드립니다※바로신청※  또 쿠팡은 올해 모회사인 미국 법인 쿠팡앨앤씨를 통한 유상증자로 5000억원 가량 자금을 추가 조달했다.  8400억원 가량의 현금성 자산이 있는 셈이다.   그러나 쿠팡의 지출액을 감안하면 이정도로는 충분치않다는 지적이다. 쿠팡은 지난해 말 기준 판관비로만 매달 950억원 가량을 고정 지출하고 있다. 여기에다 제품 구매 혹은 제조에 따른 매출원가로 매달 1800억원 가량을 지출하고 있다.   매달 판관비와 매출원가로 빠져 나가는 금액이 2750억원에 달한다.  또 쿠팡이지난해말 기준 보유한 현금성자산(현금성 자산+단기금융자산+기타유동금융자산+기타유동자산)은 3421억원이지만 이 가운데 단기금융자산 1268억원의 대부분은 은행담보 설정 등으로 사용이 제한돼 있다. 단기성채무(매입채무+미지급금) 8998억원은 고려되지 않았다.    한편 쿠팡은 공정거래위원회로부터 지난 3월 납품업체 대금 지연 등 불공정 혐의에 대한 현장 조사를 받았다. 쿠팡은 지난 2016년에도납품업체를 상대로 대금 지급을 미루고 납품계약서를 제대로 작성하지 않은 혐의 등으로 공정위 조사를 받은 바 있다.     hj0308@newspim.com    쿠팡, 협력사 대금 결제지연...유동성 괜찮나? [단독] 쿠팡 덕평물류센터, 연약지반에 '부등침하' 가능성…옹벽 붕괴 위험      ▶ 500만원으로 3억만들기 50번째 주인공 탄생! [확인]  좋은 상품 다 아는 곳! 안다쇼핑!  / 최저금리 맞춤서비스 진행중 / 10분이면 4배자금가능 / 24시간 친절상담센터 1522-3233 / 씽크풀  충격! 여의도 세력들의 극비종목 무료 공개!"
265,3,"2018-05-23","07:17:00","<기사> 달러, 미 연준 의사록 앞두고 보합","[다우존스/이데일리] 22일(현지시간) 뉴욕 거래에서 달러는 거의 변동없는 흐름이었다.  투자자들은 미국 연준의 정책회의 의사록 발표를 앞두고 관망세를 유지했다.  주요 16개 통화들 대비 달러의 가치를 나타내는 WSJ 달러 인덱스는 87.01로 보합했다.  23일 공개되는 연준 의사록은 예상보다 비둘기파적일 경우 달러의 최근 랠리에 타격을 줄 수 있다.  TD 증권은 달러의 랠리에 피로 신호가 나타나기 시작하고 있다고 전했다.   ＜ⓒ종합 경제정보 미디어 이데일리 - 무단전재 & 재배포 금지＞"
265,4,"2018-05-23","07:15:09","23일 경제부처 일정(기재부, 한은)","▲기획재정부  - AfDB 연차총회 개회식(오전 11시)  - 김용진 제2차관 AfDB 연차총회 참석(오후 2시30분)  - 제5회 찾아가는 재정현장컨설팅 서비스(제주)(오후 3시)  - 면세점 제도개선 TF: 「면세점제도 개선 권고안」 선정, 「면세점제도 개선 권고안」에 따른 정부 입장 발표  - AfDB 연차총회 1차 거버너 회의  - WB 아프리카 과학기술 인력양성 지원 신탁기금 출연 MOU 체결(이상 배포시)   ▲한국은행  - 2018년 1/4분기중 가계신용(잠정)(정오)   kmkim@fnnews.com김경목 기자  ▶'모멘텀 집중' 저가에서 매집해둬야 할상반기 유망주 3선 (지금 확인)   [파이낸셜뉴스 주요뉴스]  → '공천갈등 진화' 나선 바른미래 지도부..살얼음판 여전 → 靑, 드루킹-'親文' 송인배 연루설에 '당혹'‥적극 해명 → 일주일사이에 로또 1등 2번 당첨된 40대 남성 → 초등생 고속도 휴게소 방치 혐의 교사 벌금 800만원 → 심부전 위험줄이려면, 일주일간 150분 운동하라  ▶ <긴급공개> 억대계좌 이종목에서 또 터진다!    ※ 저작권자 ⓒ 파이낸셜뉴스. 무단 전재-재배포 금지 "
265,5,"2018-05-23","07:14:50","중국발 황사, 24일까지 한반도 덮친다","[ 박진우 기자 ] 중국발 황사가 23~24일 이틀 동안 한반도를 덮칠 전망이다.  22일 기상청은 “하루 전부터 이틀에 걸쳐 중국 북부지방과 고비사막에서 황사가 발생했다”고 밝혔다. 이 황사는 기압골 후면을 따라 남동진해 23일 오후 서해5도를 시작으로 밤에 서해안과 일부 내륙에 영향을 미칠 것이란 게 기상청의 예보다. 이번 황사는 24일까지 이어질 것으로 전망된다.  상황에 따라서는 황사 지속 기간이 더 길어질 수도 있다는 게 기상청의 관측이다. 기상청 관계자는 “중국에서의 추가 발생량과 우리나라 주변 기류에 따라 황사가 나타나는 지역과 기간이 매우 유동적이겠지만, 이번 황사가 더 오랫동안 지속될 가능성도 있다”고 내다봤다.  올해황사 발생은 그리 많지 않은 상황이다. 서울에서 황사가 관측된 날은 지난 4월 이틀에 그쳤다. 지난해 서울의 황사 관측 일수는 열흘이었다. 문제는 5월이다. 작년에 황사가 발생한 열흘 중 절반인 닷새가 5월에 집중됐다.  박진우 기자 jwp@hankyung.com     기업의 환율관리 필수 아이템! 실시간환율/금융서비스 한경Money [ 무료 주식 카톡방 ] 국내 최초, 카톡방 신청자수 38만명 돌파 < 업계 최대 카톡방 > --> 카톡방 입장하기!!     관련기사 오전에 비 그치고 맑아져…밤부터 황사 주의 ""정말 이례적인 일"" 망연자실한 신혼부부들 왜? 돈방석 앉은 연예인들…1인 방송 BJ 수입 어떻길래 전국 비 그치고 오전부터 맑아져…밤부터 황사 주의 ""셈하기도 어렵다"" 방탄소년단 경제적 가치가 무려    ⓒ 한국경제 & hankyung.com, 무단전재 및 재배포 금지"
265,6,"2018-05-23","07:14:28","[미국주식] 美 3대지수 하락...미중 무역분쟁 우려 여전해","22일(현지시간) 미국 주식시장에선 3대지수가 하락 마감했다.   미국 주식은 도널드 트럼프 미국 대통령이 중국과 무역협상 결과가 만족스럽지 못하다고 밝힌 영향으로 하락 마감했다. 내달로 예정된 북미정상회담이 연기될 가능성도 배제할 수 없다는 언급도 악재가 됐다.   미중 무역분쟁 해결 기대감이 전일 살아났지만 구체적인 수치가 없는 원론적인 협상에 그친 탓, 트럼프가 협상에 부정적인 의사를 내비친 점, 북미정상회담 불확실성 등에 위험자산 투자심리가 위축된 것으로 풀이된다.   다우존스산업평균지수는 전날보다0.72%(178.88포인트) 하락한 2만4834.41포인트로 장을 마감했다. S&P 500 지수 역시 전날대비 0.31%(8.57포인트) 내린 2724.44로 거래를마쳤고, 기술주 중심의 나스닥 지수는 전일대비 0.21%(15.58포인트) 떨어진 7378.46으로 마감했다.   트럼프 대통령은 중국과 무역 협상에 대해서도 ""협상은 갈길이 멀다. 협상이 빨리 진행되기를 바란다""고 말했다. 그는 중국 통신장비업체 ZTE(중싱통신) 사안과 연관해 중국 정부와는 어떤 거래도 하지 않았다고 덧붙였다.   그는 ""내달 싱가포르에서 김정은 북한 국무위원장과 회담이 이뤄지지 않을 수도 있다""며 ""최근 돌변한 김 위원장의 태도가 실망스러우며, 일괄 비핵화라는 전제 없이는 회담 개최를 하는것에는 의미가 없다""고 말했다.   미중 무역분쟁 해결 기대감으로 미국주식 3대지수는 21일 장에서는 상승 흐름을 보였다.무역분쟁이 재차 확대될 수는 있지만 투자자들이 당분간 미중간 무역 갈등이 소강상태를 보일 것이라는 기대감이 살아난 결과였다.   21일(현지시각) 다우존스 지수가 298.20 포인트(1.21%) 뛴 2만5013.29에 거래됐고, S&P500 지수는 20.04포인트(0.74%) 오른 2733.01 을 나타냈다. 나스닥 지수는 39.70포인트(0.54%) 상승한 7394.04에 거래를 마쳤다.   스티븐 므누신 미 재무장관이 천문학적인 관세를 상호 보류하기로 했다고 발표해 투자 심리 개선을 주도했다. 중국이 미국산 농산물 수입 확대 의사를 밝힌 데 이어 도널드 트럼프 대통령이 트윗을 통해 중국이 ‘엄청난’ 규모의 농산물을 사들일 것이라며 이를 확인 시켜줬다.   한 연구원은 “주말에 나온 소식이 무역전쟁을 둘러싼 투자자들의 경계감을 완화시켰다”며 “하지만 양국의 무역 갈등이 앞으로도 지속될 것”이라고 내다봤다. 미국 경제 기초체력이 탄탄하기 때문에 무역전쟁 리스크가 진정된 데 따른 상승 탄력이 당분간 이어질 것이라는 의견에 힘이 실렸다. 미국주식 3대지수가하루만에 반락하면서 상승 모멘텀 지속이란 주장이 무색하게 됐다.    미국대표 항공사인 보잉이 2.5%, 중장비 제조업체인캐터필러가 1.7% 하락으로 장세 부진을 주도했다. 다수 업종지수가 하락한 가운데 금융 업종지수는 0.6% 상승했다.   kmkim@fnnews.com 김경목 기자  ▶'모멘텀 집중' 저가에서 매집해둬야 할 상반기 유망주 3선 (지금 확인)   [파이낸셜뉴스 주요뉴스]  → '공천갈등 진화' 나선 바른미래 지도부..살얼음판 여전 → 靑, 드루킹-'親文' 송인배 연루설에 '당혹'‥적극해명 → 일주일 사이에 로또 1등 2번 당첨된 40대 남성 → 초등생 고속도 휴게소 방치 혐의 교사 벌금 800만원 → 심부전 위험 줄이려면, 일주일간 150분 운동하라  ▶ <긴급공개> 억대계좌 이종목에서 또 터진다!    ※ 저작권자 ⓒ 파이낸셜뉴스. 무단 전재-재배포 금지 "
265,7,"2018-05-23","07:14:27","*달러-리라, 2.8% 급등…4.7956리라(07:13)","(끝)  <저작권자(C)연합인포맥스뉴스. 무단 전재-재배포 금지.>"
266,1,"2018-05-23","07:01:01","매경이 전하는 세상의 지식(매-세-지, 5월 23일)","매경이 전하는 세상의 지식(매-세-지, 5월 23일)   1. 획일적인 주 52시간 적용을 앞둔 가운데 구글, 애플 등 실리콘밸리 기업들의 생산성이 월등히 높은 이유에 관심이 쏠림. 이는 노동시간이적어서가 아니라 자신이 원하는 수준의 근로에 합당한 보상이 주어지는 '자유와 책임'의 문화와 제도 때문이라는 분석이 나옴.    2. 민주노총이 노사정대표자회의는 물론 새 출발을 앞둔 사회적 대화기구인 경제사회노사정위원회에 모두 참여하지 않기로 입장을 바꿈. 민주노총 대화 거부에 따라 최저임금 인상 등 노동현안에대한 갈등 심화가 예상됨.   3. 문재인 대통령이 21일(현지시간) 미국 워싱턴DC에 도착해 미·북 중재외교에 나섬. 문 대통령은 22일 도널드 트럼프 미국 대통령과 취임후 네 번째 정상회담을 갖고 한반도 비핵화 방안을 논의하는 동시에 최근 북측의 태도 돌변 관련 의견을 전함.   4. 삼성전자가 인공지능을 차세대 성장산업으로 꼽고 실리콘밸리를 필두로 전세계에 걸친 AI 네트워크 구축에 나섰음. 삼성전자는 22일 영국케임브리지에 이어 오는 24일에는 캐나다 토론토, 29일에는 러시아 모스크바에 AI센터를 개설함.    5. '강북의 판교'로 급부상한 고양 삼송지구에 들어서는 초대형 복합건물 'MBN 미디어센터'의 시공사로 포스코건설이 최종 확정됨. 방송센터 및 관련시설은 MBN이 보유하고 주거용 오피스텔과 상업시설은 다음달 분양에 나설 예정임.   6. 국토교통부가 혼잡해진 동남아시아 항로에서 서울-대만 구간(1466㎞)을 24일부터 복선항로 방식으로 운영한다고 밝힘. 국토교통부는 ""항공기 비행속도가 빨라져 비행시간이 단축되고 비행 안정성도 향상될 것""이라고 설명함.   7. 국제유가 급등으로 생산자물가도 오르며 '스몰 스태그플레이션(경기침체+인플레이션)' 우려가 고개를 들고 있음. 특히 제조업은 최저임금인상, 근로시간 단축에 유가 상승이라는 추가 비용 부담으로 직격탄을 맞을 수도 있다는 전망도 나옴.   8. 24년 간 LG그룹을 이끌었던 고 구본무 회장이 영면에 들면서 후계자 구광모 LG전자 상무의 역할이 주목을 받음. 40세인 구 상무는 젊은 총수에 대한 시장 불안감 불식, 그룹 미래사업 발굴, 혁신·연구개발 전략 수립, 지배구조 선진화 등 과제를 안게 됨.      ☞ 5月 반드시 주목해야될 종목!! ☞ 5月 큰 수익 원한다면, 이 종목부터 빨리 매수해라!!! ☞ 지금 100만원 있다면, 이 종목부터 사라! ☞ ""세계최초 신약개발"" 드디어 올것이 왔다! 주목해라!!      [ⓒ 매일경제 & mk.co.kr, 무단전재 및 재배포 금지]"
266,2,"2018-05-23","07:00:49","MSD, 노바티스, 사노피 등 의약품 잇단 품절","@media all and (max-width: 400px) {img{max-width:340;height:auto;}}.dayTBL a:link {font-family: 돋움;font-size: 11px;line-height: 18px;color:#666666;text-decoration: none}.dayTBL a:visited {font-family: 돋움;font-size: 11px;line-height: 18px;color: #666666;text-decoration: none}.dayTBL a:hover {font-family: 돋움;font-size: 11px;line-height: 18px;color: #840000;text-decoration: none}.dayTBL nobr {width:85px; text-overflow:ellipsis; overflow:hidden; cursor:pointer; float:left}.todayBDb {border-bottom: #000000 0.5pt solid}.tblGrp{padding:0; border-spacing:0; border-collapse:collapse; border:0;vertical-align:top;width:279px}.tblGrp td{vertical-align:top}.dayTBL {width:93px; padding:0; border-spacing:0; border-collapse:collapse; vertical-align:top; border:0}.dayTBL td{font-size:12px; font-family:돋움; color:#333333;line-height:18px;padding:0}.divSch1{float:left}.divSch2{float:left}.tdSch{border: #E6E6E6 0.1pt solid;height:75;padding:0}.tdSchToday {border: #000000 1pt solid;height:75;background-color:#fffff0;padding:0}.tdSchTomorrow {border-left:0}.tdSchYesterday {border-right:0}.tdDate{background-color:#c8e7ff;height:10;text-align:center}.ad {text-align:center; font-size:8pt; font-family:돋움;line-height:1.2}.lg {margin-bottom:20px;}.title{font-size:15px;color:#203c76;font-weight:bold;margin-bottom:20px;}a,img {border:0; outline:none; selector-dummy:expression(this.hideFocus=true);}body,td,select,input,div,form,textarea,center,option,pre,blockquote {font-size:9pt; line-height:1.6; font-family:돋움;}table{border:0px;}r {display:none;}    제목 : MSD, 노바티스, 사노피 등 의약품 잇단 품절 ［메디컬투데이 지용준 기자］ 글로벌제약사들의 의약품들이 잇따라 품절되고 있다.  21일 업계에 따르면 MSD를 비롯해 노바티스, 사노피 아벤티스 등이의약품 품절로 인해 재공급 예상 시점을 유통업체에게 공지했다.  MSD의 레메론 솔탭정 15mg과 30mg, 노바티스의 맥시트롤 안연고 3.5mg 사노피-아벤티스의 복통약 부스코판 당의정 500정 등이 공급이 중단된상태다.   MSD의 레메론 솔탭정의 경우 생산 공정에서 품질관리 기간 연장으로 공급 시기가 지연되고 있다.현재 해당 의약품은 제고에는 문제가 없으나 재공급 시점이 오는 6월 말 경으로 예상되고 있다.  노바티스의 맥시트롤 안연고는 일시 품절된 상태다. 노바티승의 맥시트롤 안연고도 국내 품질관리를 진행중으로 오는 6월 중순경 공급이 재개될 것으로 알려졌다.  사노피-아벤티스의 복통약 부스코판 당의정 500정 단위 품목이 공급중단됐다. 품질검사가 새롭게 개정되며 이에 따라 용출시험 기준에 부합하는 제품만 출고해 불가피하게 품절된 상황이다. 해당 의약품은 이달 말 공급이 재개될 예정이다.  해당 기사는 메디컬투데이(www.mdtoday.co.kr)에서 제공한 것이며 저작권은 제공매체에 있습니다. 기사 내용 관련 문의는 해당 언론사에 하시기 바랍니다.  ■[하이스탁론] 주식자금이 필요할 땐 ☎ 1599-6222 연 3% 업계 최저금리, 자기자본 포함 최대 4배, 연장수수료 無 주식 매도 없이 미수,신용 대환 / 마이너스통장식 / 기대출자도 가능 ☞ 14년 연속스탁론 점유율 1위, 노주현이 추천하는 [하이스탁론 바로가기]  ▶【급등임박株】 “정책+실적+수급분석 완료” 주도주 '2선' 추천받기  ◆""숨은 진주발굴"" 당뇨치료제 상용화 임박! <재료주공개>   [이슈&섹터 스케줄]    2018-05-21 - 독일 증시 휴장 - 여야, 특검·추경 동시 처리 예정 - 2018년 AfDB 연차총회 개최 예정   2018-05-22 - 석가탄신일 - 국내, 홍콩 증시 휴장 - 韓-美 정상회담   2018-05-23 - 월드IT쇼(WIS) 개최 - 2018 글로벌 액셀러레이터 컨퍼런스 & 데모데이 개최 - 폼페이오, 美 하원 청문회 출석 예정(현지시간)      2018-05-24 - 금융통화위원회 - 文 대통령, 정부 개헌안 국회 표결 예정 - 韓-中 산업장관 회의 개최 예정   2018-05-25 - 미국 제외 이란 핵 합의 당사국 이행 문제 논의 예정(현지시간) - 삼성전자, 갤럭시S9·S9+ 버건디레드 출시 예정 - 삼성바이오로직스 감리위 2차회의   2018-05-26 - 동원 보호예수 해제 - 오늘의 프로야구      Copyright ⓒ True&Live 증시뉴스 점유율1위, 인포스탁(www.infostock.co.kr) 인터넷신문(경기아51008)/무단전재 및 배포금지   본 뉴스(정보)는 해당종목의 매수/매도신호가 아니며, 이를 근거로행해진 거래에 대해 책임을 지지 않습니다."
266,3,"2018-05-23","07:00:30","아령 이어 식칼 떨어져…아파트 단지 걷기 불안","[헤럴드경제=이슈섹션]최근 경기도 평택의 아파트에서 아령이 떨어져 입주민이 다치는 사고가 발생한 가운데, 이번엔 충남 천안의 한 아파트단지에 식칼이 떨어져 경찰이 수사에 나섰다.  지난 22일 충남 천안서북경찰서에 따르면 지난 20일 천안 서북구 한 아파트 단지에30㎝ 길이 식칼이 떨어졌다.  칼이 떨어진 곳에 사람이 없어서 다행히 다친 사람은 없었다.  주변 의자에 앉아 담배를피우고 있던 아파트 주민이 이를 발견해 경찰에 신고했다.   사진제공=연합뉴스  이 주민은 떨어진 칼을 발견한 뒤 아파트 위를 올려다보니 누군가 창문을 닫았다고 경찰에 진술했다.  경찰은 이 칼을 국과수에 보내 유전자(DNA)감식을 의뢰했고, 주변 CCTV를 확인하고 탐문수사를 통해 칼을 떨어트린 사람을 찾고 있다.  onlinenews@heraldcorp.com     [프리미엄 링크] ◆ [평생무료] ""주식카톡방"" 대박주를 추천받는데 100원도 안낸다~ ◆ 무료O, 회원가입X. 바로보는 증권전문가의 실시간 라이브방송.  10%수익을 40%로 만들어 준다고?? 영웅스탁론이라면 가능~! [영웅스탁론]효과적인 레버리지를이용하여 수익률을 4배로!!    이 종목 미리 알았더라면.. 화제의 급등주검색기 실전투자 300%비법 무료체험 3일신청시 [즉시공개!]    김태희, 로또 대박?! 20억 당첨금 공개..    테마주!외국인+기관 쌍끌이 매집중인 종목 전문가들도 탐내는 급등주 공식 무료배포! [클릭]    [오늘의 인기기사] ◆ [국대스탁론]업계 최저금리 2.29%! 100%한종목 투자가능+신용/ 미수 대환가능 ◆ [국민스탁론]저렴한 연2.7% 금리로 최대 4배 투자 가능 ◆ [마감임박] '급등주 문자메시지' 100% 무료로 받아보기! ◆ [상한가속출] ""깜짝놀랐다"" 카톡무료체험으로 3000만원 수익달성!  ◆[밴드스탁론] 연 2%대 금리, 신용 미수 대환 가능, 주식자금 전문 ☏ 1899-9044 ◆똑똑해진 소비자..한국도 이젠 소형차 시대 ◆2020년 한국 TV 2대중 1대 인터넷 연결된다"
266,4,"2018-05-23","07:00:17","하나금투 CME 해외선물·옵션거래 두달 중단","하나금융투자를 통한 시카고상품거래소(CME) 해외선물·옵션거래가 2개월간 중지된다. 양측이 고객정보 제공을 둘러싸고 입장 차를 좁히지 못한 탓이다.   하나금융투자는 자사 홈트레이딩시스템(HTS)·모바일트레이딩시스템(MTS)을 이용한 CME 해외선물과 옵션거래의 신규 주문이 22일부터 60일간 중지된다고 밝혔다. 현재 투자자가 보유 중인 포지션은 하나금융투자 해외증권실을 거쳐 유선 주문으로만 청산할 수 있다.   이번 거래 중단의 원인은 고객정보다. CME는 지난해부터 일부 투자자의 매매 행태에 대한 조사를 진행하면서 고객정보를 수집해왔다. 이와 관련해 하나금융투자는 정보 제공에 동의하지 않은 자사 고객의 정보를 전달할 수 없다는 입장을 CME 측에 전달해왔다. 국내법에 위반되기 때문이다. 양측이 이 문제로 갈등을 겪으면서 결국 CME는 이날 오전6시20분께 하나금융투자에 거래 중단을 통보했다. 이와 관련해 CME 거래가 정지되지 않은 다른 증권사 역시 같은 문제로 CME와 다소 갈등을 겪고 있는 것으로 알려졌다.   하나금융투자 측은 CME 선물·옵션 포지션을 보유한 투자자들의 청산을 지원하는 한편 이번 거래 중단으로 인한 투자자들의 손해를 적극적으로 보상할 방침이다. 하나금융투자 관계자는 “거래 정상화를 위해 CME와 협의를 계속할 것”이라고 덧붙였다. /유주희기자 ginger@sedaily.com    ▶▶ 2018년 정부 정책 수혜주 TOP 10 大공개! (바로 확인)  ▶▶ 재료노출 임박한 상위1%의 극비정보 30명한정 공개(무료)    [ⓒ 서울경제, 무단 전재 및 재배포 금지]"
266,5,"2018-05-23","07:00:16","[얼마집] 한강 조망 47층 고급아파트 성수동 '트리마제'","서울 성동구 성수동1가 트리마제는 한강 조망이 뛰어난 고급아파트단지다.  오세훈 서울시장 시절 ‘한강르네상스 사업’의 일환으로, 이촌동 래미안첼리투스와 함께 한강변 35층 규제를 피했다. 지하 3층 지상 45~47층 4개동 688가구로 101동과 102동의 최고높이는 148m에 달한다. 인근의 갤러리아 포레와 함께 성동구의 랜드마크다.  2017년 5월 입주했다. 전용면적 25~216㎡의 11개 주택형으로 구성됐다. 전용216㎡ 펜트하우스는 4가구뿐이다.  평일 산책과 주말 나들이를 즐길 수 있는 서울숲이 바로 옆이고, 대부분 가구에서 남향으로 한강 조망을 즐길 수 있다.  지난 2014년 공급 당시 서울숲 트리마제의 분양가는 3.3㎡당 평균 3888만원(3200만~4800만원 선)으로 최대 42억원에 달했다. 높은 분양가로 상당기간 미분양 상태였으나, 입주 시점에는 프리미엄만 2억원 이상 붙기도 했다. 40~50대 고소득 전문직이나 연예인들이 다수 거주하는 것으로 알려졌다.  강변북로에 접해있어 서울 주요지역으로 이동이 편리하다. 영동대교 건너 강남으로 바로 연결되고 청담대교를 통해 분당수서간고속화도로를 이용할 수 있다. 서울 지하철 분당선 서울숲역이 걸어서 5분 거리다.  초등학생 자녀는 100ｍ 거리에 있는 경일초에 배정된다. 경일중 경일고 성수고 성수공고 건국대 한양대 등 교육시설이 인근이다.  롯데백화점 건국대병원 뚝섬한강공원 성동구민종합체육센터 등 생활편의시설이 갖춰져 있다. 지하철 분당선 한 정거장 거리 압구정로데오역에 갤러리아백화점과 압구정 로데오거리가 있다.  조식서비스를 비롯해 청소, 린넨, 발렛, 포터, 컨시어지 등 호텔식의 주거서비스가 제공된다. 컨시어지 서비스는 일반적으로 호텔에서 투숙객들의 편의를 위해 제공하는 심부름 대행서비스로 교통·호텔·레스토랑 예약, 모닝콜, 세탁물 배달, 파티플랜, 관공서 업무대행 등 편리한 혜택이 ‘트리마제’ 입주민들에게 제공된다.  트리마제가 들어선 성수동 1가 547-1일대는 300가구 안팎의 단독주택이 밀집한 지역이었다. 2005년 지역조합주택 방식으로 사업이 시작됐다. 2007년 220가구를 일반분양할 계획이었다. 분양가상한제 적용으로 사업진척에 어려움을 겪자 일반분양이 예정된 220가구도 조합원 추가 모집으로 방향을 틀었다. 그러나 부지확보가 93%에 머물면서 사업이 늦어졌고 금융위기가 터지면서 주택조합이 부도나는 상황을 맞았다. 이 과정에서 주택조합원들의 분양권리가 사라졌다. 2012년 사실상 두산중공업의 사업으로 재개되면서 사업계획을 승인받았다.  서울부동산정보광장에 따르면 전용 84㎡ 가 3월에 20억8000만원(33층)에 실거래됐다. 1월에는 전용 69㎡가 15억3000만원, 136㎡가 28억~31억원, 140㎡는 26억~26억5000만원에 손바뀜했다.  심재문 기자 psim@hankyung.com    기업의 환율관리 필수 아이템! 실시간 환율/금융서비스 한경Money [ 무료 주식 카톡방 ] 국내 최초, 카톡방 신청자수 38만명 돌파 < 업계 최대 카톡방 > --> 카톡방 입장하기!!     관련기사 '신촌그랑자이' 전용 84㎡ 분양권 호가 13억 ""정말 이례적인 일"" 망연자실한신혼부부들 왜? 재건축 부담금첫 부과…용산구 '한남파라곤' 돈방석 앉은 연예인들…1인 방송 BJ 수입 어떻길래 ""셈하기도 어렵다"" 방탄소년단 경제적 가치가 무려    ⓒ 한국경제 & hankyung.com, 무단전재 및 재배포 금지"
266,6,"2018-05-23","07:00:00","文대통령, ‘고종 자주외교 상징’ 주미대한제국공사관 시찰","- 22일 트럼프 대통령과 정상회담 이후 공사관 시설 시찰 - 113년 만의 재개관 계기에 공관원 후손들과 환담 및 전시 관람 - “한미동맹 65주년 기념해 한미 양국의 역사와 우정 부각”      [이데일리 김성곤 기자] 문재인 대통령은 현지시간 22일 고종의 자주·자강외교 정신을 상징한다는 평가를 받고 있는 주미대한제국공사관을 방문했다.   미국을 실무방문한 문 대통령은 도널드 트럼프 대통령과의 정상회담 이후 워싱턴에 위치한 공사관을 방문, 박정양 초대공사 등 공관원 후손들과 환담하고 전시실 등 공사관 시설을 시찰했다.  이날 행사에는 공관원 후손으로 박혜선(초대공사 박정양 손녀), 이상구(공사관 서기관 이상재 증손), 장한성(공사관 서기관 장봉환 증손) 씨 등이 참석했다. 이날 재개관한 주미대한제국공사관은 1889년 2월 우리 역사상 최초로 서양국가에 설치한 외교공관으로 조선 후기 동북아시아의 구질서를 극복하고 더 큰 외교적 지평을 열고자 했던 자주외교의 상징이다.   특히 이 공사관은 세계에 현존하는 우리나라 근대 외교공관 중 원형을 간직한 유일한 단독건물이다. 미국 워싱턴에 남아있는 19세기 외교공관 중 내·외부의 원형이 남아 있는 유일한 건물이다.   청와대 관계자는 문 대통령의이번 방문과 관련, “올해 조미수호통상조약 체결 136주년 및 한미 동맹 65주년을 기념해 한미 양국의 역사와 우정을 부각하고 한미 동맹의굳건함을 재확인했다는 데 의미가 있다”고 평가했다.  ▶계좌회복프로젝트! 상위 전문가의 투자전략 및 추천종목‘[무료확인]’ ▶14 년 연속 1위, 대한민국 대표 스탁론 하이스탁론 '    ' ＜ⓒ종합 경제정보 미디어 이데일리 - 무단전재 & 재배포 금지＞     "
266,7,"2018-05-23","06:59:49","JW중외 제피드정, 사용상 주의사항 '안면부종' 추가","@media all and (max-width: 400px) {img{max-width:340;height:auto;}}.dayTBL a:link {font-family: 돋움;font-size: 11px;line-height: 18px;color:#666666;text-decoration: none}.dayTBL a:visited {font-family: 돋움;font-size: 11px;line-height: 18px;color: #666666;text-decoration: none}.dayTBL a:hover {font-family: 돋움;font-size: 11px;line-height: 18px;color: #840000;text-decoration: none}.dayTBL nobr {width:85px; text-overflow:ellipsis; overflow:hidden; cursor:pointer; float:left}.todayBDb {border-bottom: #000000 0.5pt solid}.tblGrp{padding:0; border-spacing:0; border-collapse:collapse; border:0;vertical-align:top;width:279px}.tblGrp td{vertical-align:top}.dayTBL {width:93px; padding:0; border-spacing:0; border-collapse:collapse; vertical-align:top; border:0}.dayTBL td{font-size:12px; font-family:돋움; color:#333333;line-height:18px;padding:0}.divSch1{float:left}.divSch2{float:left}.tdSch{border: #E6E6E6 0.1pt solid;height:75;padding:0}.tdSchToday {border: #000000 1pt solid;height:75;background-color:#fffff0;padding:0}.tdSchTomorrow {border-left:0}.tdSchYesterday {border-right:0}.tdDate{background-color:#c8e7ff;height:10;text-align:center}.ad {text-align:center; font-size:8pt; font-family:돋움;line-height:1.2}.lg {margin-bottom:20px;}.title{font-size:15px;color:#203c76;font-weight:bold;margin-bottom:20px;}a,img {border:0; outline:none; selector-dummy:expression(this.hideFocus=true);}body,td,select,input,div,form,textarea,center,option,pre,blockquote {font-size:9pt; line-height:1.6; font-family:돋움;}table{border:0px;}r {display:none;}    제목 : JW중외 제피드정, 사용상 주의사항 '안면부종' 추가 ［메디컬투데이 지용준 기자］ JW중외제약의 발기부전치료제 제피드정(아바나필)이 시판후 조사결과 '안면부종'이 부작용으로 가추가됐다.  식품의약품안전처에 따르면 최근 아바나필 단일제와 경구제 100mg·200mg에 대한 국내 시판후 조사결과 이 같은 부작용으로 사용상주의사항에 신설됐다.  국내에서 재심사를 위하여 약 6년 동안 4330명을 대상으로 실시한 시판 후 조사 결과, 이상사례의 발현율은 인과관계와 상관없이 1.2%(53/4330명, 총 55건)로 보고됐다.  이에 인과관계와 상관없는 예상하지 못한 이상사례로 안면부종이 추가됐다.  또하이 중 인과관계와 상관 없는 중대한 이상사례 및 인과관계를 배제할 수 없는 중대한 약물이상반응은 보고되지 않았다.   한편 이번 허가사항 변경안은 오는 6월 15일부터 적용될 예정이다.  해당 기사는 메디컬투데이(www.mdtoday.co.kr)에서 제공한 것이며 저작권은 제공 매체에 있습니다. 기사 내용 관련 문의는 해당 언론사에 하시기 바랍니다.  ■[하이스탁론] 주식자금이 필요할 땐 ☎ 1599-6222 연 3% 업계 최저금리, 자기자본 포함  최대 4배, 연장수수료 無 주식 매도 없이 미수, 신용 대환 / 마이너스통장식 / 기대출자도 가능 ☞ 14년 연속 스탁론 점유율 1위, 노주현이 추천하는 [하이스탁론 바로가기]  ▶【급등임박株】 “정책+실적+수급분석 완료” 주도주 '2선' 추천받기  ◆""숨은 진주발굴"" 당뇨치료제 상용화 임박! <재료주공개>   [이슈&섹터 스케줄]    2018-05-21 - 독일 증시 휴장 - 여야, 특검·추경 동시 처리 예정 - 2018년 AfDB 연차총회 개최 예정   2018-05-22 - 석가탄신일 - 국내, 홍콩 증시 휴장 - 韓-美 정상회담   2018-05-23 - 월드IT쇼(WIS) 개최 - 2018 글로벌 액셀러레이터 컨퍼런스 & 데모데이 개최 - 폼페이오, 美 하원 청문회 출석 예정(현지시간)      2018-05-24 - 금융통화위원회 - 文 대통령, 정부 개헌안 국회 표결 예정 - 韓-中 산업장관 회의 개최 예정   2018-05-25 - 미국 제외 이란 핵 합의 당사국 이행 문제 논의 예정(현지시간) - 삼성전자, 갤럭시S9·S9+ 버건디레드 출시 예정 - 삼성바이오로직스 감리위 2차회의   2018-05-26 - 동원 보호예수 해제 - 오늘의 프로야구      Copyright ⓒ True&Live 증시뉴스 점유율1위, 인포스탁(www.infostock.co.kr) 인터넷신문(경기아51008)/무단전재 및 배포금지   본 뉴스(정보)는 해당종목의 매수/매도신호가 아니며, 이를 근거로행해진 거래에 대해 책임을 지지 않습니다."
267,1,"2018-05-23","06:39:39","‘제2의 프라이탁’ 꿈꾸는 한국 업사이클링","모어댄, 폐차 카시트로 가방 제조·에코파티메아리, 뉴욕 현대미술관 진출  트럭에서 떼어낸 방수(防水)천으로 가방 몸통을 만들었다. 끈은 자동차 안전띠, 접합부는 자전거 고무튜브다. 코를 대면 화학약품 냄새 풀풀난다. 곳곳엔 흠집투성이다. 그런데 50만원임에도 불티나게 팔려나간다.   스위스의 ‘업사이클링(Upcycling·디자인 등을 더해 재활용 이상의 가치를 만드는 것)’ 대표 주자, 가방브랜드 ‘프라이탁(Freitag)’의 얘기다.       이상 모어댄이 버려지는 카시트를 가방으로 만드는 과정(위쪽)과 뉴욕 현대미술관(MOMA)에 입점한 에코파티메아리.  쓰레기가 명품으로 만들어져 팔리고 있다. 연매출 700억원을 넘었다. 매년 20만개 가량이 팔려나간다. 프라이탁의 인기비결은 희소성.   가방의 주재료인 방수천은 최소 5년 이상 사용된 것으로 쓴다. 방수천을 떼어내 세척한 뒤 재단사들은 방수천 원래의 디자인과 색감을 고려해 가방을 디자인한다. 서로 다른 방수천이 원단이다 보니 만들어지는 가방도 유일무이하다. 모든 가방이 한정판이다.   ‘이 세상에 단 하나밖에 없는 가방’이라는 이미지에 더해 어느 트럭에서 사용됐는지를 의미하는 스토리까지 입혀 대박을 쳤다. 방수천의 흠집을 남겨두는 이유다. 모든 가방이 ‘한정판’인 만큼 전 세계적으로 수많은 마니아들이 생겼다.  국내에도 제2의 프라이탁을 꿈꾸는 업체들이 속속 나타나고 있다. 5년 전 10여개 안팎에 불과하던 국내 업사이클링 업체는 2016년 150개로 늘었다. 시장은 2017년 200억원 규모로 추산된다. 2013년 25억원, 2014년 40억원 수준이었던 것에 비하면 성장세가 가파르다.   가장 눈길을 끄는 업체 중 하나는 ‘모어댄’이다. 폐차장에서 나오는 카시트 가죽과 안전벨트, 에어백 등을 이어 붙여 가방으로 재탄생시킨다. 지난 3월 김동연 경제부총리 겸 기획재정부 장관이 SK와간담회에서 모어댄이 만든 백팩을 구입하면서 관심을 모았다. 빌보드를 석권한 케이팝 아이돌그룹 방탄소년단의 리더 랩몬스터(RM)가 모어댄백팩을 구입한 사실이 알려지면서 유명세는 한층 더해졌다.   버려지는 행사용 그늘막을 수거해 가방으로 재탄생시키는 ‘에코파티메아리’도 눈길을 끈다. 이 회사가 만든 가방들은 2009년 뉴욕 현대미술관(MOMA)에 전시되기도. 원단 재질의 화려한 색감, 쓰여있던 한글 등으로 인해 ‘팝아트적이다’는 호평을 받았다. 다음카카오에서 운영하는 ‘메이커스 위드 카카오’에도 입점해 주문생산 체계를 마련했다. 에코파티메아리 측 관계자는 “카카오에서 최단시간 품절, 매회 앵콜요청을 받고 있는 인기상품으로 자리매김하고 있다”고 했다.  이 외에도 코오롱에서 운영하는 업사이클링 브랜드 ‘래코드’, 폐기되는 자전거를 분해, 재조립해 인테리어 조명으로 탄생시키는 ‘세컨드비’, 버려지는 목재 팔레트를 활용해 가구를 만드는 ‘러스틱아일랜드’도 화제를 모은다.  이처럼 급성장하는 업사이클링은 그러나 한계도 있다. 업계 특성상 폐기물 수급, 소재 세척, 제품 가공의 과정을 거쳐야 하는데, 이를 대량으로 할 수 있는 시스템이 아직은 부족하다. 또 생산과정 자체가 대부분 수작업으로 이뤄져 기계화하기어렵다는 한계도 있다.  한국업사이클링협회 관계자는 “폐자원 수거에 적지 않은 인력이 투입되는 만큼 업사이클링 시스템을 위한 정부의 정책적 지원이 필요하다”고 밝혔다.  김진원 기자/jin1@heraldcorp.com   [프리미엄 링크] ◆ [평생무료] ""주식카톡방"" 대박주를 추천받는데 100원도 안낸다~ ◆ 무료O, 회원가입X. 바로보는 증권전문가의 실시간 라이브방송.  10%수익을 40%로 만들어 준다고?? 영웅스탁론이라면 가능~! [영웅스탁론]효과적인 레버리지를 이용하여 수익률을 4배로!!    이 종목 미리 알았더라면.. 화제의 급등주검색기 실전투자 300%비법 무료체험 3일신청시 [즉시공개!]    김태희, 로또 대박?! 20억 당첨금 공개..    테마주!외국인+기관 쌍끌이 매집중인 종목 전문가들도 탐내는 급등주 공식 무료배포! [클릭]    [오늘의 인기기사] ◆ [국대스탁론]업계 최저금리 2.29%! 100%한종목 투자가능+신용/ 미수 대환가능 ◆ [ 국민스탁론]저렴한 연2.7% 금리로 최대 4배 투자 가능 ◆ [마감임박] '급등주 문자메시지' 100% 무료로 받아보기! ◆ [상한가속출] ""깜짝놀랐다"" 카톡무료체험으로 3000만원 수익달성!  ◆[밴드스탁론] 연 2%대 금리, 신용 미수 대환 가능, 주식자금 전문 ☏ 1899-9044 ◆똑똑해진 소비자..한국도 이젠 소형차 시대 ◆2020년 한국 TV 2대중 1대 인터넷 연결된다"
267,2,"2018-05-23","06:38:19","저출산·인구감소 위기 기업들 동물로 눈돌려","내수형 소비재산업 수요부진 여파 펫산업서 돌파구 찾기 한창   저출산에 따른 인구증가율 둔화가 국내 산업에본격적으로 영향을 미치고 있다. 특히, 내수형 소비재 분야 산업에선 인구위기 돌파를 위해 동물 분야로 눈을 돌리는 상황이다.   23일 산업계에 따르면, 인테리어·생활용품 관련 기업들이 애완동물 분야로 사업영역을 확대하고 있다.     삼광글라스의 오펫 ‘플러스볼’ ‘스윙볼’(왼쪽 위부터 시계방향),에넥스 ‘펫토리’, 신일산업 ‘펫공기청정온풍기’, 위닉스 ‘펫공기청정기’.  저출산과 핵가족화로 인해 가정내 소비제품의 양과규모가 줄어 기업들은 수요감소를 걱정해야 하는 처지다. 이런 상황에서 성장성 있는 펫 산업은 기업들에 새로운 돌파구로 인식되고 있다.   업체 관계자는 “인구감소 위기가 닥치고 있는 탓도 있지만 펫 시장이 워낙 커지고 있다. 사람을 대상으로 하는 시장은 성장성이 낮거나 정체인 반면 동물시장은 매년 이 보다 배 이상 커지는 추세”라고 전했다.   가구업체 에넥스는 지난 2015년 업계 최초로 동물가구를 내놓았다. 강아지 전용가구 ‘펫토리’에 이어 고양이 전용가구 ‘캣토’를 내놓고 온라인에서 판매 중이다. 삼나무 원목에 모듈형 디자인으로 실내 인테리어효과를 고려한, 신경 쓴 제품들이다.   주방용품 업체 삼광글라스는 반려동물 전용 유리식기 ‘오펫’을 2016년 출시해 호응을 얻고 있다. 출시 이후 누적 3만개 이상 판매된 것으로 전해진다. 오펫은삼광글라스가 열강화유리 기술력을 접목해 만든 반려동물 전용 식기로, 세척이 간편하고 플라스틱 식기의 위생문제를 없앴다는 평가다.   생활가전 기업 위닉스는 반려동물 전용 공기청정기 ‘위닉스 펫’을 업계 최초로 내놓고 일찌감치 동물분야로 영역을 넓혔다. 반려동물의 털 날림에 최적화된 펫전용 필터를 갖췄으며, 공기청정기 원격제어 기능도 탑재됐다.   신일산업은 동물가전 제품을 가장 많이 갖춘 업체다. 반려동물가전을 새 성장동력으로 삼고 펫 가전 브랜드 ‘퍼비’를 지난해 출범시키고 배변훈련기·공기청정온풍기·항균탈취스프레이·향균탈취 휘산기를 판매 중이다.   이밖에 유아동복 업체들은 애견패션으로 눈을 돌리거나 의약품업체들은 동물용 건강기능식품에도 잇따라 발을 들여놓고 있다. 좁은 내수시장에서 신규수요 창출이 어렵거나 한계에 부딪히자 선택한 것으로 보인다.   일반적으로 기업은 성장을 통해 기업가치와 이익을 확대할 수 있다. 하지만 기술격차가 적은 분야에서 경쟁자를 따돌리고 성장성을 확보하는 게 호락호락하지 않다. 특히, 동물분야에서 특화된 기술력을 확보하고 경쟁자를 물리치기란 쉽지 않다는 분석도 있다. 자칫 주력산업의 이미지를 훼손시킬 수도 있다는 위험도 있다는 지적이다.   생활용품업체 관계자는 “기업이 수요감소를 극복할 수 있는 길은 수요자 니즈에 부합하는 새로운 가치를 창출하는 길인데, 그것이 쉽지 않다. 현재로선 펫산업이 성장세가 높아 위험을 무릅쓰고라도 해보는 수밖에 없다”고 말했다.   또 다른 업체 관계자는 “수요감소 또는 수요증가 둔화는 저출산측 요인과 소비행태의 변화, 경제난에 따른 내수부진 등이 복합돼 있다. 다양성이 확대되는 동시에 선진국형 산업구조로 전환하는단계로 볼 수도 있다”고 분석했다.   한편 반려동물 관련 시장은 2012년 9000억원에서 2015년 1조8000억원, 2016년 2조3000 억원으로 성장했다. 2020년 5조8000억원에 이를 것으로 전망된다. 반려동물을 키우는 인구는 지난해 1000만명을 돌파했다.   조문술 기자/freiheit@heraldcorp.com    ▶반려동물 관련 시장추이   2012년 9000억원, 2015년 1조8000억원, 2016년 2조3000억원, 2020년 5조8000억원   *자료=2017 5월 업계 종합      [프리미엄 링크] ◆ [평생무료] ""주식카톡방"" 대박주를 추천받는데 100원도 안낸다~ ◆ 무료O, 회원가입X. 바로보는 증권전문가의 실시간 라이브방송.  10%수익을 40%로 만들어 준다고?? 영웅스탁론이라면 가능~! [영웅스탁론]효과적인 레버리지를 이용하여 수익률을 4배로!!    이 종목 미리 알았더라면.. 화제의 급등주검색기 실전투자 300%비법 무료체험 3일신청시[즉시공개!]    김태희, 로또 대박?! 20억 당첨금 공개..    테마주!외국인+기관 쌍끌이 매집중인 종목 전문가들도 탐내는 급등주 공식 무료배포! [클릭]    [오늘의 인기기사] ◆ [국대스탁론]업계 최저금리 2.29%! 100%한종목 투자가능+신용/ 미수 대환가능 ◆ [국민스탁론]저렴한 연2.7% 금리로 최대 4배 투자 가능 ◆ [마감임박] '급등주 문자메시지' 100% 무료로 받아보기! ◆ [상한가속출] ""깜짝놀랐다"" 카톡무료체험으로 3000만원 수익달성!  ◆[밴드스탁론] 연 2%대 금리, 신용 미수 대환 가능, 주식자금 전문 ☏ 1899-9044 ◆똑똑해진 소비자..한국도 이젠 소형차 시대 ◆2020년 한국 TV 2대중 1대 인터넷 연결된다"
267,3,"2018-05-23","06:38:08","'1000억원 규모' 작품 속 고뇌와 연구, 민족애 담겨","[머니투데이 대구=배영윤 기자] [대구미술관, 추상미술 선구자 김환기 최대규모 기획전…초창기 구상부터 전면점화까지 108점 전시]      ""내가 그리는 선, 하늘 끝에 더 갔을까. 내가 찍은 점, 저 총총히 빛나는 별만큼이나 했을까. 눈을 감으면 환히 보이는 무지개보다 더 환해지는 우리 강산.""(1970년 1월27일)   ""미학도 철학도 문학도 아니다. 이 자연과 같이 점(點) 이외에 아무것도 아니다. 그림일 뿐이다.""(1974년 6월28일)   한국 추상미술의 선구자 김환기 화백(1913-1974)이 미국 뉴욕에서 쓴 일기 중 일부가 전시장 벽면에 시처럼 내려앉았다. 뉴욕은 김환기 예술세계 정수를 보여주는 전면점화(全面點畵) 작품이 완성된 곳이다. 한국 근현대 미술 경매 낙찰가 '톱5' 안에 드는 작품 모두 김환기의 뉴욕시절 작품이다.   개막을 하루 앞둔 21일 찾은 대구미술관은 ‘김환기 기획전’ 개막 준비에 한창이었다. 대구 외곽에 위치한 미술관 주변은 푸른 산이 감싸고있었다. 미세먼지도 없었고 고요했다. 평생 우리 강산과 민족을 향한 향수를 화폭에 담았던 김환기 화백의 작품 세계를 온전히 감상하기에 더없이 좋은 공간이었다.   전시장엔 초창기 구상 작품부터 전면 점화에 이르기까지 김환기 작품 세계의 변화 과정을 한눈에 볼 수 있는 다양한 작품이 빼곡히 들어섰다. 시대별 작품 108점과 작가의 진솔한 삶을 돌아볼 수 있는 아카이브 100여점, 다큐멘터리 영상 등이 한자리에 모인 것. 한국적 서정성을 세련되고 정제된 조형언어로 승화시켜 독자적인 예술세계를 정립한 면모가 확인된 순간이었다.   1917년 전라남도 신안군 기좌도에서 부농의 아들로 태어난 김환기는 미술 공부를 위해 1931년 일본 유학을 떠났다. 일본대학 미술학부에 다니며 서양화를 본격적으로 배우며 활발하게 활동했고, 이후 서울과 프랑스 파리, 다시 서울, 그리고 1963년부터 10년간 미국 뉴욕에 정착하며세상을 떠나기 전까지 작업에만 몰두했다. 서양화지만 화폭에 우리 강산과 섬마을의 푸른 하늘, 달항아리, 매화 등 고국산천을 그리워하는 마음과 민족의 얼이 담기지 않은 곳이 없다.     전시장은 △PART 1. 시대별 조형세계(2전시실) △PART 2 아카이브(3전시실) 등 크게 두 부분으로 나눴다. 시대별 조형세계는 △일본 동경 시대(1933-1937)와 서울 시대(1937-1956) △파리 시대(1956―1959)와 서울 시대(1959-1963) △뉴욕시대(1963-1974) 세 시기로 구분해 유화, 드로잉, 과슈(Gouache, 불투명수채) 작품 등 시간순으로 평면작품 108점을 배치했다.   대구미술관 2층 제2, 3전시실 입구에 거대한 김환기의 사진이 관람객을 맞는다. 높은 천장, 넓은 전시 공간은 김환기의 40여 년 예술 여정을천천히 곱씹으며 따라가기에 안성맞춤이다.     첫 작품 '집'(1936)은 일본에서 서양미술을 익히던 시절 그린 것으로 이번 전시 중 유일한 일본 시절 그림이다. 작은 화폭에 계단, 나무 창살로 이뤄진 문, 항아리 등 한국적인 정서를 추상적으로 표현했다.   서울시대 작품들은 김용준 등 문인들과 교류하면서 한국 정체성과 고유의 미를 작품에 투영시키려 했던 작가의 노력이 고스란히 느껴진다. 이 섹션에서 눈길을 사로잡는 작품은 '항아리와 시'(1954)다. 매화가 꽂힌 항아리 그림 옆에 서정주의 시 '기도'를 적었다. 당대 최고의 화백과 문인이 만난 작품인 셈이다. 지난 3월 서울옥션 홍콩경매에서 김환기 구상 작품 중 최고가(39억3000만원)를 기록해 화제가 됐다.     파리시대 작품들에서도 우리 민족 고유의 정서를 담은 자연 소재와 색채를 이어갔다. 삼성미술관 리움의 소장품인 '영원한 노래'(1957)는 단골로 등장하는 항아리를 비롯해 영원을 의미하는 십장생, 매화 등 그가 사랑하는 대상들을 한 폭에 담은 반추상 작품이다. '섬의 달밤'(1959)은 작가의 고향 기좌도를 표현했다. 이 시기 김환기는 산, 달, 구름 등 한국의 자연을 푸른빛으로 간결하게 그렸다. 1963년 상파울로비엔날레에 3점을 출품해 명예상을 수상한 작품이다. 국제무대에 우리 고유의 것을 알리고자 했던 작가의 정신을 읽을 수 있다.   이번 전시의 가장 많은 작품(73점)으로 구성된 시기는 뉴욕시대 섹션. '최고가 작품'이 탄생하기까지 멀리 이국에서 뼈를 깎는 노력과 연구를 거듭한 행보가 느껴진다. 김환기는 상파울로비엔날레에서 고국으로 돌아오지 않고 미국으로 넘어갔다. 언제나 새로운 도전과 모험을 두려워하지 않았던 그가 세계 미술의 중심지에서 새로운 자극을 받고 자신만의 작품 세계를 만들어가고자 했던 의지는 50세가 넘은 나이에도 꺼지지 않았던 것.   뉴욕시대 초창기 열악한 상황 속에서도 그림을 향한 열정은 신문과 잡지 위에 그린 작품들을 통해 짐작해볼 수 있다. 그 밖에 종이 위에 펜과 색연필, 과슈 등으로 그린 스케치 작품들은 대형 점화가 탄생하기까지의 고민과 연구의 흔적을 여실히 보여준다.   전시의 절정은 가장 마지막 별도 전시 공간에 있는 푸른 전면점화 작품 5점이다. 유화물감을 사용했지만 캔버스가 아닌 광목천 위에 그려 수묵화의 스밈과 번짐, 농담의 조절, 겹침의 기법 등 동양적 기풍이 풍긴다. 이곳에 전시된 '10-VIII-70 #185'는 1970년 제1회 한국미술대상전에서 대상을 받은 '어디서 무엇이 되어 다시 만나랴'의 연작 중 하나로, 최대 규모 작품이다.   같은 공간에 전시된 '듀엣 22-IV-74 #331'은 뇌출혈로 세상을 떠난 해에 그린 작품. 이전 작품에서 사용하던 푸른색보다 어두운 푸른색을 사용한 것이 눈길을 끈다. 이 공간 입구에 전시된 붉은색 점화 '1-VⅡ-71 #207'은 이번 전시를 통해 일반에 최초로 공개됐다.     이번 전시는 작품 가격만 따져봐도 1000억 원을 호가하는 대규모 전시다. 최승훈 대구미술관장은 ""김환기 화백은 우리 미술의 새로운 시도를위해 평생을 몰두했던 작가""라며 ""환기미술관과 유관기관, 개인 소장가 등 많은 분이 한마음으로 자료를 제공해 예산 3억 원으로도 작가의 면면을 알 수 있는 대규모 전시를 열 수 있었다""고 말했다.   이번 전시를 기획한 유은경 대구미술관 학예연구사는 ""서구 학풍을 습득하고서도 우리의 고유성과 정체성을 찾고자 항아리, 매화, 산, 달 등'한국'을 계속 그린 화가""라며 ""최고의 정수를 보여주는 점화작품 역시 자연에 근간을 두고 있고, 고향에 두고 온 친구들과 자식을 그리워했던 향수를 압축된 점들로 표현했다""고 설명했다. 유 학예연구사는 ""작가가 평생 담고자 했던 우리 민족의 정체성을 관람객이 가슴 속으로 느꼈으면 좋겠다""고 덧붙였다.   김환기 연표, 그가 사용했던 화구를 비롯해 도록, 서적, 사진 등 100여 점의 아카이브 전시 관람도 빼놓을 수 없다. 제2, 3전시실 중간에 마련된 영상룸에서 상영되는 다큐멘터리 등도 김환기의 작품 세계를 이해하는 데 도움이 된다. 전시는 22일부터 오는 8월 19일까지. 입장료는 1000원.         주식담보대출도 이제 부담없는 금리로 가능(안내: 02-3775-1497)   ▶▶ 2018년 상반기 급등 예상 종목 BEST 10 (바로 확인)   <키워드림론> 최저금리로 신용·미수 대환 하는 유일한 방법은    [파워 인터뷰]      [관련기사] ☞ 오는 10일 이건희 삼성회장 '와병 만4년'…장비없이 자가호흡 ☞ 아들 곁으로 간 구본무 회장…슬픔 이기고 LG 24년 이끌어 ☞ 성공을 부르는 말하기? ""목소리를 낮게 내보세요"" ☞ "" 김앤장만 믿었다가""…현대차, 소통 실패의 천문학적 비용  ☞ 자연으로 돌아간 구본무 회장 마지막길…소리없는 '울음바다'      주식매입자금? 전화 한통화면 당신은 스마트컨슈머!    최저금리로 신용·미수 대환 하는 가장 경제적인 방법 (바로 확인)   ‘개미’말고 ‘슈퍼 투자자’되고 싶다면?...‘이것’만 잘 이용해도 가능해요!       대구=배영윤 기자 young25@    <저작권자 ⓒ '돈이 보이는 리얼타임 뉴스' 머니투데이, 무단전재 및 재배포 금지>"
267,4,"2018-05-23","06:37:55","<뉴욕전문가 시각> 트럼프와 북한…다시 커진 불확실성","(뉴욕=연합인포맥스) 오진우 특파원 = 월가 전문가들은 22일 도널드 트럼프의 북  미 정상회담 관련 발언과 중국과 무역협상에 대한 불만으로 시장의 불확실성이 다시  커졌다고 진단했다.      알랜 B.어소시에이츠의 알랜 랜츠 대표는 ""시장은 여전히 북한 관련 상황에 따른  제약에 처해있다""며 ""명확한 결과를 보기 전에는 뚜렷한 시장의 촉매제를 찾기 어려  울 것""이라고 말했다.      빙햄, 오스본 앤드 스크라보로의 제니퍼 엘리슨 대표는 ""현재 시장의 불확실성이  너무 크다""며 ""이는 최근 몇 달간 보아온 좁은 거래 범위를 반영하는 것""이라고  진  단했다.      알비온 파이낸셜 그룹의 제이슨 웨이어 수석 투자 책임자는 ""경제 성장과 사업  사이클과 관련된 것은 모든 것이 긍정적이다""며 ""무역전쟁 우려도 앞선 것 보다는 덜  한 위험요인""이라고 진단했다.      그는 다만 ""(미·중이) 문제가 '보류'된 것이라고 제시했다""며 ""이 문제의 확산  은 글로벌 경기와 증시에 진정으로 부정적일 것""이라고 덧붙였다.      US뱅크 웰쓰매니지먼트의 제프 크라베츠 투자 전략가는 ""투자자들은 당분간 중국  과의 무역협상과 다른 지정학적 이슈에 대해 관망세를 취하는 것으로 보인다""고 말했  다.      그는 ""북한과 이란 관련 이슈 등은 경제에 큰 영향을 미친다기보다 심리적인 문  제지만 투자자들은 매우 우려하는 중""이라며 ""주가가 연말까지 오르겠지만, 변동성은  심할 것""이라고 덧붙였다.      jwoh@yna.co.kr  (끝)  <저작권자(C)연합인포맥스뉴스. 무단 전재-재배포 금지.>"
267,5,"2018-05-23","06:37:55","<뉴욕전문가 시각> 트럼프와 북한…다시 커진 불확실성","<뉴욕전문가 시각> 트럼프와 북한…다시 커진 불확실성       (뉴욕=연합인포맥스) 오진우 특파원 = 월가 전문가들은 22일 도널드 트럼프의 북미 정상회담 관련 발언과 중국과 무역협상에 대한 불만으로 시장의 불확실성이 다시 커졌다고 진단했다.      알랜 B.어소시에이츠의 알랜 랜츠 대표는 ""시장은 여전히 북한 관련 상황에 따른 제약에 처해있다""며 ""명확한 결과를 보기 전에는 뚜렷한 시장의 촉매제를 찾기 어려울 것""이라고 말했다.      빙햄, 오스본 앤드 스크라보로의 제니퍼 엘리슨 대표는 ""현재 시장의 불확실성이 너무 크다""며 ""이는 최근 몇 달간 보아온 좁은 거래 범위를 반영하는 것""이라고 진단했다.      알비온 파이낸셜 그룹의 제이슨 웨이어 수석 투자 책임자는 ""경제 성장과 사업 사이클과 관련된 것은 모든 것이 긍정적이다""며 ""무역전쟁 우려도 앞선 것 보다는 덜 한 위험요인""이라고 진단했다.      그는 다만 ""(미·중이) 문제가 '보류'된 것이라고 제시했다""며 ""이 문제의 확산은 글로벌 경기와 증시에 진정으로 부정적일 것""이라고 덧붙였다.      US뱅크 웰쓰매니지먼트의 제프 크라베츠 투자 전략가는 ""투자자들은 당분간 중국과의 무역협상과 다른 지정학적 이슈에 대해 관망세를 취하는 것으로 보인다""고 말했다.       그는 ""북한과 이란 관련 이슈 등은 경제에 큰 영향을 미친다기보다 심리적인 문제지만 투자자들은 매우 우려하는 중""이라며 ""주가가 연말까지 오르겠지만, 변동성은 심할 것""이라고 덧붙였다.      jwoh@yna.co.kr  (끝)"
267,6,"2018-05-23","06:36:15","트럼프 ""무역협상 불만족""…사흘만에 불안해진 미중합의(종합)","트럼프 ""무역협상 불만족""…사흘만에 불안해진 미중합의(종합)  북미 여건따라 미중 갈등 재점화 가능성도…""ZTE엔 13억달러 벌금""    (뉴욕=연합뉴스) 이준서 특파원 = 도널드 트럼프 미국 대통령이 22일(현지사긴) 두 차례 고위급 논의 끝에 합의문을 끌어낸 미ㆍ중 무역협상에 대해 ""불만족스럽다""는 입장을 밝혔다.  트럼프 대통령은 이날 백악관에서 문재인 대통령과의 정상회담 모두발언에서 ""(미국처럼) 연간 5천억 달러를 무역에서 손해를 보는 상황이라면 협상에서 잃을 게 없다""면서 ""협상에서 이기기 쉽다""고 말했다.  트럼프 대통령은 ""갈 길이 멀고, 협상이 빨리 진행되기를 바란다""면서 ""최종 협상을 위한 시작에 불과하다""고도 강조했다.  그러면서 ""(협상 결과에) 만족스럽지 않다""면서 ""우리는 301조를 할 수 있다. 협상이 작동하지 않는다면 항상 가능성이 있는 것""이라고덧붙였다.  향후 중국의 대미(對美) 흑자감축 노력이 미흡하다면, 미 무역법 301조에 근거해 중국의 지식재산권 침해 사례를 조사할 수 있다는 경고성 발언으로 해석된다. 트럼프 대통령의 이번 메시지는 미ㆍ중 협상단이 지난 19일 공동합의문을 내놓으면서 무역갈등을 자제하기로 약속한지 사흘 만에 나왔다.  공동합의문에서 중국 측이 ""대미 무역흑자를 줄이겠다""고 밝혔지만, 미국이 요구했던 2천억 달러의 목표치가 반영되지 않은 것과 무관치않아 보인다.  무엇보다 트럼프 대통령이 북미정상회담 대책을 논의하기 위해 문 대통령을 만나는 자리에서 나온 발언이어서 주목된다. 트럼프 대통령은 ""우리가 원하는 특정한 조건들이 충족되지 않으면 회담을 안 할 것""이라고 말했다.  이와 관련, 트럼프 대통령은 ""내가 중국과의 무역을 생각할 때 그들(중국)이 북한과의 평화에 있어 무엇을 도울 수 있는지를 함께 생각한다""면서 ""이는 매우 중요한 요소""라고 말했다.  그러면서 ""시진핑 주석은 세계 최고의 포커 플레이어""라며 ""나 역시 그가 하는 것과 같은 것을 하고 있을지 모른다""고도 말했다.  성공적인 북미정상회담을 위해서라도 미ㆍ중 무역협상을 계속 '지렛대'로 사용하겠다는 취지가 아니겠느냐는 해석이 가능한 대목이다.     한편, 트럼프 대통령은 중국의 대표적 통신장비업체 ZTE(중싱ㆍ中興 통신)에 대해 '1조원대 벌금'과 경영진 교체를 요구했다.  트럼프 대통령은 ZTE 제재완화 문제와 관련, ""아직 중국과 합의에 이른 게 아니다""라면서 ""내가 구상하는 것은 10억 달러 이상의 매우 많은 벌금이다. 아마도 13억 달러(1조4천110억 원)가 될 수 있다""고 말했다.  그러면서 ""새로운 경영진, 새로운 이사회, 매우 엄격한 보안 규정에 대해서도 생각하고 있다""면서 ""그들은 미국 업체의 부품과 장치를 많이 사들여야 할 것""이라고 덧붙였다.  앞서 미 상무부는 ZTE에 대해 대북 및 대이란 제재를 위반했다는 이유로 7년간 미국 기업과 거래하지 못하게 하는 조처를 내렸다. 존폐위기에 놓인 ZTE의 정상화 여부는 중국에서도 촉각을 세우는 사안이다.  지난 주말 2차 무역협상의 공동발표문에는 언급되지 않았지만, 무역협상 합의와 맞물려 자연스럽게 ZTE 제재도 완화될 것이라는 분위기다.  jun@yna.co.kr   (끝)    <긴급속보 SMS 신청> <포토 매거진> < M-SPORTS >   <저작권자(c) 연합뉴스, 무단 전재-재배포 금지>"
267,7,"2018-05-23","06:35:00","[재미있는 오늘의 운세] 2018년 5월23일(수요일·음력 4월9일, 오늘의 띠별운세/생년월일 운세)","[재미있는 오늘의 운세] 2018년 5월23일(수요일·음력 4월9일, 오늘의 띠별운세/생년월일 운세)  *재미있는 오늘의 운세는 각 출생년을 양(陽)인 봄, 여름(3월~8월生)과 음(陰)인 가을, 겨울(9월~2월生)으로 세분화해 더 자세한 오늘의 운세를 띠별로 제공합니다. 가산(嘉山) 사주연구소   ◆ 쥐띠(子)  60년생 : 陽-결심하는 것이 좋겠다. 陰-미루는 것이 좋겠다. 72년생 : 陽-기다리는것이 좋겠다. 陰-다음을 기약하는 것이 좋겠다. 84년생 : 陽-행동하는 것이 좋겠다. 陰-빠른 것이 좋겠다.   ◆ 소띠(丑)  61년생 : 陽-잘 풀리겠다. 陰-낮추는 것이 좋겠다. 73년생 : 陽-밀고나가라. 陰-직진이 답이다. 85년생 : 陽-어려움이 해결되겠다. 陰-좋은 소식이 있을 수 있겠다.   ◆ 범띠(寅)  50년생 : 陽-좋은 소식이 있을 수 있겠다. 陰-좋은 일이 생기겠다. 62년생 : 陽-천천히 가라. 陰-사람으로 인해 돈이 나갈 수 있겠다. 74년생 : 陽-일이 꼬이겠다. 陰-낭패스러운 일을 당하겠다. 86년생 : 陽-깊은 사랑을 하겠다. 陰-결혼수가 들어오겠다.   ◆ 토끼띠(卯)  51년생 : 陽-돈이 잘 풀리겠다. 陰-이끌고 가는 것이 좋겠다. 63년생 : 陽-하는 일이 물처럼 흘러가겠다. 陰-순조롭겠다. 75년생 : 陽-도움을 받겠다. 陰-좋은 소식이 있을 수 있겠다. 87년생 : 陽-어려운 일을 만날 수 있겠다. 陰-꼬일 수 있겠다.   ◆ 용띠(辰)   52년생 : 陽-생각하지 못했던 일이 생길 수 있겠다. 陰-난관이 나타날 수 있겠다. 64년생 : 陽-소탐대실을 경계하는 것이 좋겠다. 陰-멀리 보고 가는 것이 좋겠다. 76년생 : 陽-주변에 도움을 주는 것이 좋겠다. 陰-돈 관련 좋은 소식이 있을 수 있겠다. 88년생 : 陽-시스템에 맡기는 것이 좋겠다. 陰-일을 벌이지 않는 것이 좋겠다.   ◆ 뱀띠(巳)  53년생 : 陽-좋은 소식이 있을 수 있겠다. 陰-경사스런 일이 생길 수 있다. 65년생 : 陽-좋은 소식이 들려오겠다. 陰-기분 좋은 일이 연이어 생기겠다. 77년생 : 陽-원칙을 지키는 것이 좋겠다. 陰-매사 명확하게 하는 것이 좋겠다. 89 년생 : 陽-좋은 소식이 올 수 있겠다. 陰-남 덕을 본다.  ▶ [평생무료] 매일 실시간 방송♠국내 최정상 전문가의 종목 공개♠유료보다 더 좋은 무료 강좌 및 프리미엄전략!☞[무료확인]  ▶ 국내최고 전문가 수익률대결종목! 실시간으로 알려드립니다※바로신청※   ◆ 말띠(午)  54년생 : 陽-극복할 수도 있겠다. 陰-좋은 소식이 있을 수 있겠다. 66년생 : 陽-하는 일마다 좋은 소식이 있을 수 있겠다. 陰-꼬였던 일이 술술 풀려 나가겠다. 78년생 : 陽-새로운 인연으로 좋은 일이 생기겠다. 陰-새로운 일을 시작하겠다. 90년생 : 陽-신중을 기하는 것이 좋겠다. 陰-지금 하는 일에 만족하는 것이 좋겠다.   ◆ 양띠(未)  55년생 : 陽-철학대로 하는 것이 좋겠다. 陰-고집피우면 피울수록 좋겠다. 67년생 : 陽-기회를잡는 것이 좋겠다. 陰-기회를 용기 내어 잡는 것이 좋겠다. 79년생 : 陽-다음의 기회가 좋을 것 같다. 陰-돌아가는 것도 하나의 방책이될 수 있겠다. 91년생 : 陽-돈 나갈 일이 생기겠다. 陰-돈을 쓰지 않는 것이 좋겠다.   ◆ 원숭이띠(申)  56년생 : 陽-축하 받을 일이 생기겠다. 陰-돈도 벌고 인심도 얻겠다. 68년생 : 陽-칭찬 받고 돈도 벌겠다. 陰-돈 벌고 인심도얻겠다. 80년생 : 陽-매사 조신하는 것이 좋겠다. 陰-다음으로 미루는 것이 좋겠다. 92년생 : 陽-사건 사고에 휘말릴 수 있겠다.陰-돈 나갈 일이 생기겠다.   ◆ 닭띠(酉)  57년생 : 陽-신중하게 처리하는 것이 좋겠다. 陰-다음으로 미루는 것이 좋겠다. 69년생 : 陽-출발하면 좋겠다. 陰-모험하면 좋겠다. 81년생 : 陽-성과가 더디겠다. 陰-성과가 배가 될 수 있겠다. 93년생 : 陽-성과가 미흡하겠다. 陰-사업이 미흡하겠다.   ◆ 개띠(戌)  58년생 : 陽-하는 일 마다 잘되겠다. 陰-일이 순조롭겠다. 70년생 : 陽-뜻대로 하는 것이 좋겠다. 陰-좋은 결과가 주어지겠다. 82년생 : 陽-밀고 가는 것이 좋겠다. 陰-피력할 필요가 있겠다.   ◆ 돼지띠(亥)  59년생 : 陽-여행을 떠나는 것도 좋겠다. 陰-혼자서 즐기는 것이 좋겠다. 71년생 : 陽-조심하는 것이 좋겠다. 陰-오해 받겠다. 83년생 : 陽-속맘을 말하지 않는 것이 좋겠다. 陰-구설수가 따를 수 있겠다.          ▶ 500만원으로 3억만들기 50번째 주인공 탄생! [확인]  좋은 상품 다 아는 곳! 안다쇼핑!  / 최저금리 맞춤서비스 진행중 / 10분이면 4배자금가능 / 24시간 친절상담센터 1522-3233 / 씽크풀  충격! 여의도 세력들의 극비종목 무료 공개!"
268,1,"2018-05-23","06:19:40","이주 앞둔 방배6구역 '막바지 진통'","상가 소유자 등 '보상대책' 요구   서초구, 갈등 중재 협의체 가동     [ 선한결 기자 ] 서울 서초구 방배6구역이 재건축 사업 마무리 단계에서 진통을 겪고 있다. 작년 12월 관리처분인가를 받아 재건축초과이익환수제 적용을 피했지만 이주를 앞두고 조합과 일부 상가 소유자 등 사이에 갈등이 지속되고 있다.  방배6구역은 방배동 818의 14 일대 약 6만3200㎡ 규모다. 사무실이나 상가로 쓰이는 비주거용 건물이 많은 점이 갈등의 원인이 됐다. 건물 251개 동 중 수익형 근린상가 건물이 53개 동을 차지한다.  기존 상가 소유자와 세입자들은 재건축 사업으로 재산권 침해를 받았다며 사업에 제동을 걸고 나섰다. 조합원 아파트 입주권을 놓고 갈등이 크다. ‘도시 및 주거환경정비법’에 따르면 일정 조건을 충족한 상가 조합원은 상가 대신 아파트를 분양받을 수있다. 방배6구역은 조합원 분양가(전용면적 59㎡ 기준 약 7억7000만원)에 해당하는 지분을 가진 상가 소유자들에게 아파트를 배정받을 수 있도록 했다. 감정평가금액이 이를 충족하지 못하는 조합원 일부가 이의를 제기하며 조합을 상대로 민사소송을 제기했다. 상가 세입자 일부도 “이주 단계에서 영업손실이 예상된다”며 보상 대책 마련을 주장하고 있다.  상가 소유자와 세입자 일부는 지난 2월 서울시에 방배6구역 관리처분계획인가 취소를 요구하는 행정심판도 청구했다. 정비구역 지정고시를 위해 추진위원회가 입안한 계획안에 이들 건물에 관한 내용이 빠졌다는 것이 이들의 주장이다. 행정심판 결과는 아직 나오지 않았다. 방배6구역 조합 관계자는 “분양 대상자 분류는 도시 및 주거환경정비법과 서울시 조례 등에 의해 처리했고, 규정상 현금청산 대상자를 조합이 임의 처리해 아파트 분양 대상자로 돌릴 수는 없다”고 설명했다.  갈등이 이어지자 서초구가 중재에 나섰다. 서초구는 이르면 이달 중 ‘방배6구역 협의체 운영주민설명회’를 열 예정이다. 협의체를 구성해 이주대책, 손실보상·현금청산 방안 등을 의논하도록 할 계획이다. 당초 지난 19일 개최가 예정됐으나 민간 전문가 섭외 등의 이유로 한 차례 미뤄졌다.  방배6구역은 2015년 조합을 설립해 재개발 사업을 벌이고있다. 기존 건물과 주택 약 250가구를 헐고 16개 동 1111가구를 새로 지을 예정이다. 시공사는 대림산업이다. 대림산업은 이 구역에 ‘ 아크로파크브릿지’란 단지명을 붙일 계획이다.  선한결 기자 always@hankyung.com     기업의 환율관리 필수 아이템! 실시간 환율/금융서비스 한경Money [ 무료 주식 카톡방 ] 국내 최초, 카톡방 신청자수 38만명 돌파 < 업계 최대 카톡방 > --> 카톡방 입장하기!!     관련기사 ""정말 이례적인일"" 망연자실한 신혼부부들 왜? 경기도로 옮겨 붙은 재개발·재건축 '붐' 돈방석 앉은 연예인들…1인 방송 BJ 수입 어떻길래 ""셈하기도 어렵다"" 방탄소년단 경제적 가치가 무려 마포·성동구 1억↓… ""목동선 집주인이 5000만원 낮춰 불러""    ⓒ 한국경제 & hankyung.com, 무단전재 및 재배포 금지"
268,2,"2018-05-23","06:19:12","""그래도 재건축""… 5곳 강화된 안전진단","방배삼호, 서울서 첫 신청     [ 김형규 기자 ] 지난 3월 재건축 안전진단이 강화된 이후 서울에서 처음으로 정밀안전진단을 시행하는 단지가 나왔다. 이를 포함해 총 5개단지가 4~5월에 안전진단 용역업체 모집에 나섰다.  22일 정비업계에 따르면 서울 서초구 방배동 ‘방배삼호’ 아파트는 지난달 30일 안전진단 용역업체 모집 공고를 냈다. 이번주 안으로 용역업체와 계약을 마친 뒤 정밀안전진단에 들어갈 방침이다. 이 단지는 1975년 준공된 43년차 아파트다. 주민들은 아파트가 낡아 강화된 안전진단도 수월하게 통과할 것으로 예상하고 있다. 안전진단 기준이 완화되길 기다리면서 녹슨 아파트에 거주할 수 없다는 생각이다. 김종인 방배삼호 재건축준비위원장은 “녹물이 나올 정도로 많이 낡다 보니구조 안전성에도 문제가 있을 것이라 보고 신청했다”며 “이 단지가 통과되지 않으면 앞으로 어떤 아파트도 재건축을 시작하기 힘들 것”이라고 말했다. 이 단지는 안전진단 기준 정상화 방안이 고시된 지난 2월28일 처음 안전진단을 신청했다. 3월 강화된 기준이 시행되자 입찰 공고를 취소한 뒤 두 달이 지나서 다시 냈다.  경기 부천시 심곡본동과 괴안동 아파트 단지 세 곳은 지난 10일 일제히 용역업체 모집공고를 냈다. 18일 업체 선정을 마치고 정밀 안전진단에 들어갔다. 이들 단지는 시에서 정비구역 기본계획 수립을 위해 재건축 안전진단 공고를 냈다. 비용은 시에서 부담하며, 올해부터 정비사업을 진행할 방침이다. 이들 단지 역시 강화된 안전진단 기준을 적용받는다.  지방에서도 안전진단 신청 단지가 나왔다. 전북 익산시 남중동 ‘장미그린빌라’는 지난달 5일 안전진단 용역업체 모집 공고를 냈다. 1983년 준공된 아파트다.  김형규 기자 khk@hankyung.com     기업의 환율관리 필수 아이템! 실시간 환율/금융서비스 한경Money [ 무료 주식 카톡방 ] 국내 최초, 카톡방 신청자수 38만명 돌파 < 업계 최대 카톡방 > --> 카톡방 입장하기!!     관련기사 송파구 '가락미륭' 안전진단 통과… 재건축 가능 마장동 '세림' 재건축 정밀안전진단 통과 ""정말 이례적인 일"" 망연자실한 신혼부부들 왜? 돈방석 앉은 연예인들…1인 방송 BJ 수입 어떻길래 ""셈하기도 어렵다"" 방탄소년단 경제적 가치가 무려    ⓒ 한국경제 & hankyung.com, 무단전재 및 재배포 금지"
268,3,"2018-05-23","06:19:00","""스테이크 짝꿍 술은 와인 아닌 소주""","""스테이크 짝꿍 술은 와인 아닌 소주""  GS리테일 분석…""저렴한 가격ㆍ낮은 도수 제품 영향""    (서울=연합뉴스) 이유미 기자 = 스테이크와 어울리는 술은 와인이라는 고정관념을 깨는 매출 통계가 나왔다.  GS리테일이 운영하는 편의점 GS25는 지난달부터 이달 15일까지 1인용 스테이크 제품인 '한 끼 스테이크'와 함께 구매한 주류를 살펴본 결과 1~3위 모두 소주로 나타났다고 23일 밝혔다.  GS25는 편의점을 이용하는 1~2인 가구 소비자가 비교적 가격이 비싼 와인보다 저렴하면서도 익숙한 소주를 선택한 것으로 분석했다.  최근 낮은 도수의 소주가 잇따라 출시되는 점도 평상시 소주를 즐길 수 있는 문화를 조성하는 데 한몫했다고 설명했다.  주류가 아닌 일반 상품 중 한 끼 스테이크와 가장 많이 구매한 상품은 '얼음 컵'(일회용 컵 용기에 얼음이 들어있는 제품)이었다.  이는 소주를 얼음 컵에 부어 알코올 농도를 낮추면서 시원하게 마시는 유행이 반영된 것 같다고 GS25가 설명했다.  소주에 이은 스테이크 짝꿍 주류 4, 5위는 맥주로 나타났다.     이런 현상은 GS수퍼마켓에서도 마찬가지였다.  같은 기간 GS수퍼마켓이 스테이크용 정육과 함께 구매한 주류를 분석한 결과 소주가 1~2위를 차지했다.  GS25와 GS수퍼마켓 모두 스테이크와 구매한 주류 순위에서 와인은 10위권 밖이었다.  GS25에서 와인을 사면서 가장 많이 구매한 상품은 와인 따개(오프너)와 치즈로 나타났다.  지난달 4일 출시된 한 끼 스테이크는 호주산 소고기를 1인분 용량으로 두툼하게 썰어 급속 냉동한 스테이크용 정육이다. 편의점 업계에서 스테이크용 정육을 판매한 것은 GS25가 처음이다.  GS리테일 관계자는 ""멀리 있는 마트에 가지 않고도 가까운 편의점에서 스테이크를 간편하게 구매할 수 있게 되면서 한 끼 스테이크는 출시 한 달 반 만에 22만 개가 판매됐다""고 밝혔다.    gatsby@yna.co.kr   (끝)    <긴급속보 SMS 신청> <포토 매거진> < M-SPORTS >   <저작권자(c) 연합뉴스, 무단 전재-재배포 금지>"
268,4,"2018-05-23","06:18:54","'북한강 동연재' 목조주택 진수 선보인다","25일부터 4일간 오픈하우스     [ 김형규 기자 ] 경기도시공사가 경기 가평군 남이섬 인근에 조성 중인 국내 최대의 북미식 전원주택 단지 ‘북한강 동연재’(사진)가 오는 25일부터 4 일간 오픈하우스 행사를 연다. 캐나다 목조주택의 진수를 보여주는 다양한 형태의 주택을 선보이는 ‘오픈하우스 축제’다.  북한강 동연재는 경기도시공사와 드림사이트코리아가 민간참여 공동개발 방식으로 조성 중인 목조주택단지다. 총 154가구로 이뤄져 있다. 1단계 분양을 마무리해 50가구가 이미 입주했다. 현재는 2단계 61가구(단독주택 47가구, 합벽식 공동주택 14가구)를 분양 중이다. 이번 행사에서는 3개 동의 상설 샘플하우스와 함께 입주민이 실제 거주하는 2개 동 주택을 일반에 공개한다. 골조 공사가 끝난 20동의 주택을 같이선보인다. 행사 기간에는 전원생활에 필요한 정원용 소품, 텃밭 재배용품 등을 판매한다. 목공예 체험 행사, 즉석 스테이크를 맛볼 수 있는푸드트럭 등도 준비했다.  북한강 동연재는 도시가스·상하수도·전기·통신 등 모든 기반시설의 지중화공사를마쳤다. 단지 중앙에는 카페, 게스트룸, 이벤트 홀 등 커뮤니티센터가 캐나다 앨버타 주정부의 지원으로 들어섰다.  경춘선 가평역이 걸어서 15분 거리다. 급행전철(ITX)을 이용하면 서울 용산역까지 55분, 청량리역까지 40분에 도달할 수 있다.  김형규 기자 khk@hankyung.com     기업의 환율관리 필수 아이템! 실시간 환율/금융서비스 한경Money [ 무료 주식 카톡방 ] 국내 최초, 카톡방 신청자수 38만명 돌파 < 업계 최대 카톡방 > --> 카톡방 입장하기!!     관련기사 대모산 품은 '강남 전원마을'이 젊어진다 ""쉿"" 장관님도 이사 오는 강남 전원마을 ""정말 이례적인 일"" 망연자실한 신혼부부들 왜? 돈방석 앉은 연예인들…1인 방송 BJ 수입 어떻길래 ""셈하기도 어렵다"" 방탄소년단 경제적 가치가 무려    ⓒ 한국경제 & hankyung.com, 무단전재 및재배포 금지"
268,5,"2018-05-23","06:17:44","오늘 노무현 전 대통령 서거 9주기…봉하마을서 추도식","더불어민주당 지도부와 소속 의원들은 23일 고(故) 노무현 전 대통령 서거 9주기 추도식에 대거 참석해 고인을 추모한다.   이날 오후 2시 경남 김해 봉하마을에서 열리는 추도식에는 추미애 대표와 홍영표 원내대표를 비롯한 당 지도부는 물론 의원 수십 명과 당직자들이 참석할 예정이다.    '노무현의 마지막 비서관'이라 불리는 김경수 경남지사 후보 등 6·13 지방선거에 출마한 후보들도 전국에서 모여들 것으로 보인다.   정세균 국회의장은 추도식에서 공식 추도사를 낭독한다.   민주평화당 장병완 원내대표와 김경진 상임선대위원장, 정의당 이정미 대표와 노회찬 원내대표도 추도식에 참석한다.    [디지털뉴스국]      ☞ 5月 반드시 주목해야될 종목!! ☞ 5月 큰 수익 원한다면, 이 종목부터 빨리 매수해라!!! ☞ 지금 100만원 있다면, 이 종목부터 사라! ☞ ""세계최초 신약개발"" 드디어 올것이 왔다! 주목해라!!      [ⓒ 매일경제 & mk.co.kr, 무단전재 및 재배포 금지]"
268,6,"2018-05-23","06:15:37","트럼프 ""北비핵화 방식 일괄타결이 바람직""","도널드 트럼프 미국 대통령은 22일(현지시간) 김정은 북한 국무위원장이 '완전하고 검증 가능하며 돌이킬 수 없는 비핵화'(CVID)를 수용할 경우 체제안전을 보장하겠다고 약속하고, 한국과 같은 경제적 번영을 이루도록 대폭적 지원에 나설 뜻을 밝혔다.   북한 비핵화 방식으로는 단계적 해결이 아닌 '일괄타결'이 바람직하다는 입장을 거듭 확인했다.   트럼프 대통령은 이날 백악관에서 문재인 대통령과 한미정상회담을 시작하기에 앞서 모두발언과 기자들과의 문답을 통해 이같이 말했다.   트럼프 대통령은 북미정상회담 개최 여부에 대해 ""우리가 원하는 어떤 조건들이 있고 그러한 조건들이 충족될 것으로 생각한다""며 ""조건들이충족되지 않으면 회담이 열리지 않겠지만, 솔직히 북한과 세계를 위한 위대한 회담이 열릴 가능성이 있다""고 밝혔다.   북한비핵화 방식에 대해서는 ""일괄타결이 좋다""며 ""완전히 그렇게 해야 한다는 것은 아니지만 그것이 더 낫다. 전체적으로 봤을때 한꺼번에 일괄타결하는 것이 바람직하다""고 말했다.  이어 ""정확히 그렇게 하는 게 불가능할 수도 있는 어떤 물리적이유가 있다""며 ""(비핵화에) 아주 짧은 시간이 걸릴 수 있지만 본질적으로 그것은 일괄타결일 것""이라고 강조했다.  비핵화가 단기간 또는 짧은 단계를 거쳐 이뤄질 수 있으나 기본적으로 일괄타결의 틀 내에서 이뤄질 것임을 강조한 것으로 볼 수 있다.   트럼프 대통령은 북미정상회담 이후 남북정상회담이 추가로 열릴 가능성에 대해서는 ""문 대통령은 김정은과 회담을 할 수도 있고 안 할 수도 있다""고 했다.   한경닷컴 뉴스룸 open@hankyung.com     관련기사 트럼프가 ""구멍 뚫렸다""는 北·中 접경지 무슨 일이… 베이징서 문전박대 당하고도… 정부 ""北 수용땐 23일이라도 원산 직행"" ""시진핑, 김정은에 비핵화 합의 시 경제지원 약속"" 펜스 ""北, 합의 안하면 리비아처럼 끝날 수 있다"" 트럼프 ""김정은 CVID 수용시 체제보장…일괄타결 비핵화 바람직""    ⓒ 한국경제 & hankyung.com, 무단전재 및 재배포 금지"
268,7,"2018-05-23","06:15:26","[오늘날씨] 수요일(23일), 전국 약한 비…황사 조심 하세요","@media all and (max-width: 400px) {img{max-width:340;height:auto;}}.dayTBL a:link {font-family: 돋움;font-size: 11px;line-height: 18px;color:#666666;text-decoration: none}.dayTBL a:visited {font-family: 돋움;font-size: 11px;line-height: 18px;color: #666666;text-decoration: none}.dayTBL a:hover {font-family: 돋움;font-size: 11px;line-height: 18px;color: #840000;text-decoration: none}.dayTBL nobr {width:85px; text-overflow:ellipsis; overflow:hidden; cursor:pointer; float:left}.todayBDb {border-bottom: #000000 0.5pt solid}.tblGrp{padding:0; border-spacing:0; border-collapse:collapse; border:0;vertical-align:top;width:279px}.tblGrp td{vertical-align:top}.dayTBL {width:93px; padding:0; border-spacing:0; border-collapse:collapse; vertical-align:top; border:0}.dayTBL td{font-size:12px; font-family:돋움; color:#333333;line-height:18px;padding:0}.divSch1{float:left}.divSch2{float:left}.tdSch{border: #E6E6E6 0.1pt solid;height:75;padding:0}.tdSchToday {border: #000000 1pt solid;height:75;background-color:#fffff0;padding:0}.tdSchTomorrow {border-left:0}.tdSchYesterday {border-right:0}.tdDate{background-color:#c8e7ff;height:10;text-align:center}.ad {text-align:center; font-size:8pt; font-family:돋움;line-height:1.2}.lg {margin-bottom:20px;}.title{font-size:15px;color:#203c76;font-weight:bold;margin-bottom:20px;}a,img {border:0; outline:none; selector-dummy:expression(this.hideFocus=true);}body,td,select,input,div,form,textarea,center,option,pre,blockquote {font-size:9pt; line-height:1.6; font-family:돋움;}table{border:0px;}r {display:none;}    제목 : [오늘날씨] 수요일(23일), 전국 약한 비…황사 조심 하세요"
269,1,"2018-05-23","06:10:32","엘리엇, 현대차 현금 12조 '눈독'···특별배당 요구 등 총공세 나서나","미국계 행동주의 헤지펀드 엘리엇매니지먼트의 의도대로 현대자동차그룹이 추진하던 지배구조 개편안이 전면 중단됐다. 1차 목표를 이룬 엘리엇은 단기 수익 극대화를 위해 목소리를 높일 가능성이 크다. 현대차(005380)그룹의 지배구조 개편 작업뿐 아니라 대차대조표·주주환원정책·이사회·경영구조 등 전 분야에서 폭격 수준의 총공세에 나설 것으로 예상된다. 최종 목표는 주가 상승에 따른 이익 실현이다. 현대차를 압박해 주가 상승을 유도하는 결정을 하도록 강요한 후 떠나면 그만이다. 재계 고위 관계자는 “주주 가치 제고라는 명분으로 주도권을 잡은 엘리엇이 본인들의 요구를 들어주지 않으면 현대차그룹이 다시 내놓을 지배구조개편안에도 몽니를 부릴 것이 틀림없다”고 말했다.  22일 투자은행(IB) 업계에 따르면 엘리엇은 아직 현대차그룹의 지배구조 개편 중단과 관련해 별도 입장을 내지 않고 있다. IB 업계 고위 관계자는 “현대차그룹의 지배구조 개편 중단은 엘리엇이 요구했던 다양한 조건 중하나에 불과하다”며 “환영한다 등의 입장을 아직 낼 이유가 전혀 없다”고 분석했다.  엘리엇은 현대차그룹이 지배구조 개편 추진을밝힌 지난 3월28일 이후 여러 차례 자신들의 요구 사항을 알려왔다. 지배구조는 현대차그룹이 제안한 지배회사가 아니라 현대차와 현대모비스(012330)를 합병해 지주회사로 전환하라고 요구했다. 주총이 취소된 만큼 엘리엇은 현대차그룹이 새로운 지배구조 개편안을 마련할 때까지 지배구조에 대해서는 좀 더 지켜볼 것으로 예상된다.  지배구조 개편을 지켜보며 엘리엇은 현대차·기아차·모비스 등 핵심 계열사에 대해 “주가를 올려 주주 가치를 제고해야 한다”며 더 과감한 조치를 요구할 가능성이 높다. 전문가들은 엘리엇이 12조원에 달하는 현대차그룹의 현금을 노리고 있다고 지적한다. 엘리엇은 현대차와 모비스의 유보금을 적극 활용해 추가 자사주 소각을 요구했다. 또 기아차가 보유한 모비스 및 글로비스의 주식에 대한 처분 등을 강요했다. 가장 핵심은 막대한 배당요구다. 현대차 8조원 이상(특별배당 6조원, 기말배당 2조원 이상), 현대모비스 7조원 이상(특별배당 6조원, 기말배당 1조원 이상)을 요구했다. 지난해 배당총액인 현대차 1조800억원, 현대모비스 3,207억원보다 최대 8배나 많다. 배당성향도 지난 3년 평균인 20% 수준에서 40~50%로 높일 것을 요구했다. 이유는 단순하다. 글로벌 기업 수준에 맞추라는 논리지만 모든 요구는 주가를 올리는 재료다.   엘리엇은 요구사항 관철을 위한 핵심 조건인 이사회 재구성에 특히 집중할 것으로 예상된다. 엘리엇은 현대차그룹에 다국적 자동차 및 부품사 경험이 풍부한 사외이사 세 명을 선임하라고 밝힌 바 있다. 앞서 엘리엇이 “세계적 자동차 브랜드 위상에 맞는 글로벌 기준과 이에 부합하는 경영구조 실현을 위해 추가 방안을 채택해달라”고 밝힌 만큼 알려진 내용 외의 추가 요구 사항을 발표할 것으로 보인다.   현대차그룹이 엘리엇의 다양한 요구를 다 받을이유는 없다. 배당 확대나 이사회 재구성 등 일정 부분은 주주 가치 개선을 위해 필요하다지만 엘리엇의 요구는 단기간에 주가를 띄우기 위한 무리한 깜짝 이벤트성 성격이 짙기 때문이다. 그렇다고 현대차그룹이 엘리엇의 요구를 전면 거부할 수도 없다. 향후 진행할 지배구조 개편안에 엘리엇이 또 어깃장을 놓을 수 있기 때문이다. 정부의 지배구조 개선 압박과 엘리엇 사이에서 울며 겨자 먹기로 불합리한 조건들을 들어줘 기업 가치가 훼손될 수밖에 없다. 한 재계 관계자는 “엘리엇과 같은 헤지펀드에 유리한 지금의 국내 제도와 경영 상황에서는 장기 발전을위한 방안 마련이 사실상 불가능하다”며 “주식 보유 기간에 따른 의결권 차등 부여와 같은 경영권 방어 제도 등 기본적인 방패라도 마련해야 한다”고 말했다. /강도원기자 theone@sedaily.com    ▶▶ 2018년 정부 정책 수혜주 TOP 10 大공개! (바로 확인)  ▶▶ 재료노출 임박한 상위1%의 극비정보 30명한정 공개(무료)    [ⓒ 서울경제, 무단 전재 및재배포 금지]"
269,2,"2018-05-23","06:10:22","CU 전통음료 3종 파우치 제품 출시","[ 류시훈 기자 ] 편의점 CU가 식혜·수정과·쌍화차 등 전통음료 3종을 파우치 상품으로 22일 출시했다.  순 국내산재료만을 사용한 ‘델라페 유기농 식혜’는 쌀알이 없는 맑은 타입 제품이다. 광동제약의 대표 상품인 ‘광동 쌍화차’ 를 파우치에 담은 ‘광동 냉쌍화’는 CU가 업계 단독으로 선보였다. 주로 겨울에 마시는 쌍화차를 여름에도 즐길 수 있도록 맛과성분을 살려 파우치에 담았다.  ‘델라페 햇살 수정과’는 자연광으로 건조한 계피를 전통방식으로 달여낸 제품이다. CU 관계자는 “지난해 파우치 매출 중 40대 이상 고객 비중이 38.4%로 가장 많은 점을 고려해 전통음료 라인업을 강화했다”고 말했다.  류시훈 기자 bada@hankyung.com     기업의 환율관리 필수 아이템! 실시간 환율/금융서비스 한경Money [ 무료 주식 카톡방 ] 국내 최초, 카톡방 신청자수 38만명 돌파 < 업계 최대카톡방 > --> 카톡방 입장하기!!     관련기사 '유커'는 아직… 큰손 싼커 먼저 돌아왔다 ""정말 이례적인 일"" 망연자실한 신혼부부들 왜? CU, 불족발 도시락 돈방석 앉은 연예인들…1인 방송 BJ 수입 어떻길래 ""셈하기도 어렵다"" 방탄소년단 경제적 가치가 무려    ⓒ 한국경제 & hankyung.com,무단전재 및 재배포 금지"
269,3,"2018-05-23","06:10:02","우리銀 지주사 전환...우리종금 백조 될까","우리은행(000030)이 지주사 전환을 공식 선언함에 따라 우리종금(010050)이주목받고 있다. 우리종금이 증권사 전환이나 자본금 확충 등을 통해 지주 내 비은행 사업의 중심축이 될 것이라는 예상이다.   22일 한국거래소에 따르면 지난 21일 유가증권시장에서 우리종금은 장 초반부터 급등해 가격제한폭(29.92%)까지 치솟아 상한가(786원)를 기록했다.이날 우리은행이 “종합금융그룹 경쟁력 확보를 위해 지주체제 전환이 필요하다고 판단해 내년 초 출범을 목표로 지주회사 설립을 추진할 것”이라고 밝히며 투자자들의 매수심리를 자극했다. 외국인과 기관은 각각 224만주와 24만주를 사들였다.   우리종금이 시장의 주목을받는 것은 우리은행이 지주사로 전환하면 자회사 투자 한도가 늘어나 우리종금을 중심으로 비은행권 사업 영역이 확대될 것이라는 분석이 나오고 있기 때문이다. 메리츠종금은 “지주사 전환 후 우리은행의 다음 행보는 필연적으로 증권·부동산신탁·자산운용사 등 적극적인 비은행자회사 강화 움직임으로 연결될 가능성이 높다”고 내다봤다.  초대형 투자은행(IB)이 출범하는 등 자본시장 규모가 커지면서 이미 지주체제를 갖춘 KB·신한·하나금융 등은 금융투자 분야에서 두드러진 성장세를 보이고 있다. 우리은행은 현재 전체 수익의 90%가량을 은행에서 내고 있을 만큼 비은행 부문이 상대적으로 약해 우리종금의 역할이 커질 수밖에 없다.  가장 유력한 시나리오는 우리종금의 증권사전환이다. 우리종금은 유일한 전업 종합금융사로 증권사 업무 중 일부가 가능하지만 금융투자 관련 업무 등을 위해 인가를 받아야 한다.  문제는 금융당국의 징계다. 우리종금은 1994년 투자금융사에서 종금사로 전환하면서부터 종합금융사 법에 따라 외환·장외파생 관련 업무를 해왔다. 그러다가 2007년 자본시장법이 바뀌면서 종금사가 금융투자업을 하려면 금융당국에 겸업 업무 신고를 해야 했는데 우리종금이 이를 누락하고 영업한 것이 문제가 됐다. 금감원 금융투자검사국의 한 관계자는 “검사는 마쳤으며 징계수위를 검토하고 있다”고 밝혔다. 이르면 다음달 징계 여부와 수위가 결정될 것으로 전망된다. 증권 업계에서는 최악의 경우 중징계를 받더라도 시일의 문제일 뿐 우리종금의 증권사 전환을 가로막지는 못할 것으로 보고 있다. 금감원의 또 다른 관계자도 “수위가 세더라도 (증권사 전환을 원할 경우) 기간이 더 길어지겠지만 원천적으로 증권사 전환이 안 되는 것은 아니다”라고 설명했다. KB증권이 합병 전 현대증권 시절의 징계로 발행어음 인가를 받지 못하고 있는 것과 마찬가지라는 것이다.  다른 증권사를 인수합병(M&A)하거나 새로운 증권사 라이선스를 받는 것에 물리적·시간적 어려움이 따르는 만큼 우리종금이 결국은 증권사로 전환할 것이라는 시각이 우세하다. 이와 관련해 우리은행 관계자는 “증권사로 전환되면 할 수있는 역할이 많아질 수 있다는 기대감은 알지만 아직까지 금융당국의 징계도 나오지 않았고 증권사 전환은 검토 중인 사안으로 확정된 것이없다”고 전했다. /김광수기자 bright@sedaily.com    ▶▶ 2018년 정부 정책 수혜주 TOP 10 大공개! (바로 확인)  ▶▶ 재료노출 임박한 상위1%의 극비정보 30명한정 공개(무료)    [ⓒ 서울경제, 무단 전재 및 재배포 금지]"
269,4,"2018-05-23","06:09:51","""보이스커머스로 가자""… AI 투자 나선 유통사들","네이버 AI 쇼핑 서비스에   위기감 커진 롯데·신세계     자체 개발에 구글과 제휴   국내 통신사와 연합 전선     [ 이유정 기자 ] 생수가 다 떨어진 소비자가 네이버의 인공지능(AI) 스피커 ‘클로바’에 “클로바, 생수 주문해줘”라고 말한다. 클로바는네이버페이로 대금을 결제하고 소비자가 미리 설정해 놓은 배송지로 제주 삼다수를 배달시킨다. 배송까지 걸리는 시간도 클로바가 따로 설명해준다.  네이버가 자체 개발한 AI 스피커로 이달부터 음성쇼핑 테스트를 시작했다. 소비자들은 식품과 세탁세제 물티슈 화장지 등 생활용품, 피자나 치킨 같은 배달 음식을 말 한마디로 구매할 수 있다.  음성명령으로 주문과 결제, 배송까지 끝내는 ‘보이스커머스’ 시장이 뜨거워지고 있다. 국내 1위 유통업체 롯데가 이 분야에 대대적인 투자를 선언했다. 11번가 이베이 등 이커머스(전자상거래) 기업과 네이버 카카오 등 정보기술(IT) 기업도 제휴나 자체 개발을 통해 보이스커머스 분야 기반을 다지고 있다.  ◆AI 투자 확대하는유통 대기업  쇼핑은 소비자들이 더 편리하게 제품을 구매할 수 있는 방향으로 발전해왔다. 오프라인 쇼핑에서 온라인과모바일로 이동한 데 이어 앞으로는 AI 음성쇼핑이 대세로 자리잡을 것이란 전망이 나온다.  최근 3조원의 온라인사업 투자계획을발표한 롯데는 미래 성장동력의 하나로 보이스커머스를 꼽았다. 온·오프라인 시장에서 수년간 축적한 소비자 데이터와 지난해 12월 롯데백화점에서 선보인 AI 챗봇(소프트웨어) ‘로사’ 등을 통해 보이스커머스 시장의 주도권을 확보하겠다는 전략이다.  김근수 롯데백화점 AI팀장은 “기존 유통업은 오프라인에서 이뤄진 카드사용 정보를 활용하는 데 주력했다”며 “로사는 고객과의 대화로 데이터를 축적하면서 고객의 상품 구매 특성을 알아낼 뿐 아니라 어떤 서비스를 원하는지도 분석할 수 있다”고 말했다.  롯데는 연내 자체 개발한 AI 스피커 베타버전(테스트제품)을 내놓고, 2020년까지 모든 쇼핑이 음성으로 이뤄질 수 있는 시스템을 갖출 계획이다.  이커머스에 1조원을 투자키로 한 신세계도 지난달 자체 기술로 개발한 1 대 1 상담톡 ‘챗봇’ 서비스를 쓱닷컴(SSG.com)을 통해 시작했다. 챗봇은 배송, 취소, 환불, 이벤트, 교환 및 반품, 회원정보, 쇼핑통장, 영수증 등 다양한 문의에 대응할 수 있을 뿐 아니라 학습을 통해 서비스를 업그레이드한다. 유통업계에선 이마트가 구글의 AI 스피커 ‘구글홈’의 국내 판매를 검토하고 있는 만큼 SSG 닷컴과 구글홈의 보이스커머스 관련 제휴도 가능할 것으로 예상한다.  현대백화점그룹도 자체 개발한 AI와 음성인식 기술을 활용한 ‘헤이봇’ 서비스를 더현대닷컴에서 운영 중이다.  ◆유통사-IT업체 제휴 봇물  글로벌시장에서 음성쇼핑 시대를 본격적으로 연 기업은 아마존이다. 2014년 11월 AI 스피커 ‘에코’를 출시한 이래 자체 소비자 데이터를 바탕으로 음성쇼핑을 강화하고 있다. 국내에선 SK텔레콤, KT, 네이버, 카카오 등 정보통신기술(ICT) 회사들이 2016년부터 AI 스피커를 앞다퉈 선보였다.  서비스를 차별화해야 하는 유통업계와 AI 스피커 시장의 외연을 확대해야 하는 IT업계의 이해가 맞물리면서 국내보이스커머스 시장도 꿈틀대고 있다.  11번가가 지난해 3월 처음으로 SK텔레콤의 AI 스피커 ‘누구’를 활용해 일부 품목에서 음성쇼핑을 시작했다. 올해 4월 T커머스 K쇼핑이 KT의 인공지능TV인 ‘기가지니’와 손잡고 음성 결제 서비스를 선보였다. 이달엔 쇼핑으로 영역을 확장하고 있는 네이버가 자체 플랫폼을 활용한 테스트 서비스에 나섰다. 롯데닷컴은 연내 KT 기가지니와 제휴해 롯데슈퍼의 신선식품과 생활용품 등을 배송하는 ‘음성 장보기’ 서비스를 시작할 예정이다.  유통업계 관계자는 “올해는 유통 분야에 인공지능, 보이스커머스 등 IT가 본격적으로 접목되는 원년이 될 것”이라며 “보이스커머스를 선점해야 이커머스 시장에서도 우위를 점할 수 있는 시대”라고 말했다. 글로벌 컨설팅업체 OC&C에 따르면 현재 20억달러 수준인 음성쇼핑 시장 규모는2022년에는 400억달러로 크게 늘어날 전망이다.  이유정 기자 yjlee@hankyung.com     기업의 환율관리 필수 아이템! 실시간 환율/금융서비스 한경Money [ 무료 주식 카톡방 ] 국내 최초, 카톡방 신청자수 38만명 돌파 < 업계 최대 카톡방 > --> 카톡방 입장하기!!     관련기사 과학이 정치에 휘둘려서는 'AI 강국' 어림없다 ""정말 이례적인 일"" 망연자실한 신혼부부들 왜? 국산 AI 의료기기가 病 진단하는 시대 '활짝' 돈방석 앉은 연예인들…1인 방송 BJ 수입 어떻길래 ""셈하기도 어렵다"" 방탄소년단 경제적 가치가 무려    ⓒ 한국경제& hankyung.com, 무단전재 및 재배포 금지"
269,5,"2018-05-23","06:09:00","한국, 세계 최대 R&D네트워크 ‘유레카’ 파트너국 승격","- 비유럽 국가 최초, 670개 유럽 기술파트너와 공동연구  [세종=이데일리 김상윤 기자] 한국이 비(非) 유럽 국가 최초로 세계 최대의공동 연구개발(R&D) 네트워크 유레카(EUREKA)에서 파트너국의 지위를 얻었다.  산업통상자원부는 23일(현지시각) 핀란드 헬싱키에서 한국이 비유럽 국가로는 최초로 유레카 파트너국으로 승격하는 서명을 체결했다고 밝혔다. 이로써 한국은 유레카에서 주요 정책 결정 시 의결권을 갖게 됐고, 3년마다 해야 했던 준회원국 지위 갱신을 면제받아 사실상 정회원국과 동등한 위치를 갖게 됐다.  유레카는 1985년 독일·프랑스 주도로 시장 지향적 산업기술개발 공동체 조성을 목표로 설립된 세계 최대 연구개발(R&D) 네트워크다. 총 45개국이 참여하는 세계최대 연구개발(R&D) 네트워크로 성장했다. 한국은 2009년 비유럽국 최초로 유레카에 준회원국으로 가입한 바 있다.  한국은 유레카에서 지난 10년간 총 111개 과제에 약 880억원을 지원했고, 2010년부터 매년 ‘코리아 유레카데이’를 개최하는 등의 활동을 해왔다. 산업부는 유레카 내 파트너국으로서의 위상 강화에 걸맞게 유레카에 대한 정부 지원을 2025년까지 2배로 늘리고 기술 강점을 활용한 유레카 클러스터를구성하는 등 지원을 확대하기로 했다.  ▶계좌회복프로젝트! 상위 전문가의 투자전략 및 추천종목‘[무료확인]’ ▶14년 연속 1위, 대한민국 대표 스탁론 하이스탁론 '    ' ＜ⓒ종합 경제정보 미디어 이데일리 - 무단전재 & 재배포 금지＞   "
269,6,"2018-05-23","06:08:30","美, EU의 대미 철강·알루미늄 수출 10% 감축 추진","(뉴욕=연합인포맥스) 오진우 특파원 = 미국이 유럽연합(EU)의 철강과 알루미늄  대미 수출을 10% 감축하는 방안을 추진 중이라고 월스트리트저널(WSJ)이 22일 보도했  다.      저널은 미국이 EU의 철강 및 알루미늄 제품 수출 규모를 2017년 대비 90%로 제한  하는 쿼터 방식과 관세를 통해 결과적으로 대미 수출을 10% 줄이는 방안 등을 EU에  제시했다고 전했다.      저널은 폴란드의 기술기업부 장관인 야드비가 에밀리비치는 EU 회원국과 회의를  마친 이후 이런 내용을 공개했다고 밝혔다.      세실리아 말스트롬 EU 통상담당 집행위원도 ""미국이 어떻게든 EU의 철강과 알루  미늄의 대미 수출을 제한하려는 인상을 받고 있다""고 말했다.      한편 미 상무부는 이런 내용에 대한 논평을 거부했다고 WSJ은 덧붙였다.      jwoh@yna.co.kr  (끝)  <저작권자(C)연합인포맥스뉴스. 무단 전재-재배포 금지.>"
269,7,"2018-05-23","06:08:20","오늘 전국이 맑음…낮 최고기온 19~27도","수요일인 23일 전국 대부분 지역에서 차츰 비가 그치고 오전부터 맑아지겠다.   전날 오후부터 이날 오전 4시까지 누적된 강수량은 서울 19㎜, 수원 20.2㎜, 춘천 14㎜, 전주 28.8㎜ 등이다.   기상청은 경상도, 울릉도·독도에 5∼10㎜, 강원 남부, 충북, 전라 동부, 제주도 산지에 5㎜ 미만의 비가 더 올 것으로 내다봤다.   최근 중국에서 발생한 황사의 영향으로 밤부터 황사가 나타나는 곳이 있겠다. 황사의 영향이 매우 유동적이어서 향후 기상정보를 참고해야 한다고 기상청은 당부했다.   미세먼지 농도는 수도권과 강원 영서, 충청권, 호남권에서 '나쁨', 그 밖의 권역은 '보통'으로 예상된다. 모든 권역에서 '나쁨' 또는 '매우나쁨' 수준이 나타날 가능성도 있다.   오전 5시 현재 기온은 서울 14.6도, 인천 14.1도, 수원 15.2도, 춘천 15.8도, 강릉 15.2도, 청주 16.7도, 대전 16.7도, 전주 16.6도, 광주 16.8도, 제주 16.9도, 대구 16.1도, 부산 16.7도, 울산 16.7도, 창원 15.8도 등이다.   낮 최고기온은 19∼27도로 예보됐다.    [디지털뉴스국]      ☞ 5月 반드시 주목해야될 종목!! ☞ 5月 큰 수익 원한다면, 이 종목부터 빨리 매수해라!!! ☞ 지금 100만원 있다면, 이 종목부터 사라! ☞ ""세계최초 신약개발"" 드디어 올것이 왔다! 주목해라!!      [ⓒ 매일경제 & mk.co.kr, 무단전재 및 재배포 금지]"
270,1,"2018-05-23","06:01:01","""미북회담 99.9% 성사…트럼프, 文에 따졌다는 언론보도 사실무근""","◆ 文, 트럼프 만나 중재외교 ◆    정의용 청와대 국가안보실장이 지난 21일 ""한미 정상은 6월 12일 싱가포르에서 열리는 미·북정상회담을 어떻게 성공시키고 중요한 합의를 이룰 수 있게 될지, 합의를 이룰 경우 어떻게 잘 이해할 것인지에 대해 허심탄회하게 논의한다""고 밝혔다.   정 실장은 한미정상회담 참석을 위해 미국 워싱턴DC로 향하는 공군 1호기에서 이날 기내간담회를 열고 ""한미 간에는 긴밀히 공조하고 모든 정보를 공유하고 있다""며 이같이 말했다. 이어서 ""북한이 우리가 원하는 방향으로 나오도록 서로 어떻게 협력하고 어떤 것을 어떻게 해줘야 하는지 다양한 논의가 실무 차원에서 있었으나 이번에 정상 차원에서 좋은 이야기가 많이 있을 것으로 기대한다""고 강조했다.   정 실장은 ""6·12 싱가포르 정상회담이 반드시 우선 성사돼야 한다""고 했다. 그러면서 ""그다음에 우리가 바라는 방향으로 합의가 이뤄지길 기대하고 있다""고 말했다. 미·북정상회담 가능성에 대해서는 ""지금 99.9% 성사된 것으로 보지만 여러 가능성이 있을 수 있기 때문에 대비를 하는 것""이라고 설명했다. 최근 북한의 태도 변화와 관련해서는 ""북한 측 입장에서 우리가 좀 이해를 하는 방향으로 저희가 고민을 하고 있다"" 고 답했다.   도널드 트럼프 미국 대통령이 미·북정상회담을 꼭 해야 하는지 참모들에게 묻고 있다는 외신 보도에 대해서는 ""저희가 감지하는 건 없다""며""미국 국가안보회의(NSC)에서 협의하는 과정이나, 전날 한미 정상 간 통화 분위기에서는 그런 느낌은 못 받고 있다""고 잘라 말했다. 또 트럼프 대통령이 문 대통령과 지난 20일 전화 통화할 때 ""한국 측 설명과 북한 태도가 왜 다르냐""고 질문했다는 외신 보도와 관련해서는 ""제가 정상 통화에 배석했는데 그런 것은 없었다""고 부인했다.   정 실장은 이번 한미정상회담에 대해 ""과거와 달리 (배석자 없이) 두 정상 간 만남을 위주로 하기로 했다""며 ""짜인 각본도 없다""고 말했다.문 대통령과 트럼프 대통령이 충분한 시간을 갖고 솔직하게 의견 교환을 한다는 뜻이다.    [워싱턴 = 강계만 기자]      ☞ 5月 반드시 주목해야될 종목!! ☞ 5月 큰 수익 원한다면, 이 종목부터 빨리 매수해라!!! ☞ 지금 100만원 있다면, 이 종목부터 사라! ☞ ""세계최초 신약개발"" 드디어 올것이 왔다! 주목해라!!      [ⓒ 매일경제 & mk.co.kr, 무단전재 및 재배포 금지]"
270,2,"2018-05-23","06:01:00","삼성전자ㆍ현대차ㆍ네이버, 500대 기업 중 경영평가 '톱3'","삼성전자ㆍ현대차ㆍ네이버, 500대 기업 중 경영평가 '톱3'   CEO스코어 8개 부문 경영지표 분석…삼성전자, 5개 부문 우수기업   (서울=연합뉴스) 이승관 기자 = 삼성전자가 국내 500대 기업 가운데 글로벌 경쟁력, 일자리창출, 양성평등, 사회공헌 등의 경영평가에서가장 우수한 기업으로 선정됐다.  현대자동차와 네이버가 그 뒤를 이었고, SK하이닉스와 유한양행, 엔씨소프트 등도 각 부문에서 탁월한 점수를 받았다.  기업 경영성과 평가사이트 CEO스코어(대표 박주근)는 23일 ""국내 매출액 상위 500개 기업을 대상으로 글로벌 경쟁력, 투자, 일자리창출, 고속성장, 건실경영, 투명경영, 양성평등, 사회공헌 등 8개 부문에 걸쳐 각종 경영 데이터를 평가한 결과 삼성전자가 종합 1위에 올랐다""고밝혔다.  삼성전자는 800점 만점에 최고점인 712.9점을 받았다. 글로벌 경쟁력 부문 1위를 비롯해 투자(2위), 고속성장(3위), 건실경영(4위), 일자리창출(4위) 부문에서 '톱5'에 들었다.  현대차와 네이버가 각각 604.0점과 583.4점을 획득하며 삼성전자에 이어 2ㆍ3위를 차지했다.  현대차는 글로벌 경쟁력 부문에서 2위에 오른 것을 비롯해 각 부문에서 고른 평가를 받았다. 지난해 삼성전자를 제치고 종합 1위에 올랐던 네이버는 투자, 건실경영, 사회공헌 부문에서 선두였지만 종합 순위는 3위로 밀렸다.  이어 에쓰오일과 LG디스플레이, SK하이닉스, KT&G, 삼성전기, 대상, 현대모비스가 우수기업 '톱10 리스트'에 이름을 올렸다.  8개 부문별 경영평가에서는 각 업종 대표기업이 상위권에 대거 포진했다.  업종별 글로벌 1위 기업 대비 매출액과 연구개발(R&D) 비중을 기준으로 한 글로벌 경쟁력 부문에서는 삼성전자를 비롯해 현대차와 LG전자, 대상 등이 우수기업에 포함됐다.  매출액 대비 유ㆍ무형 자산 및 R&D 투자 비중을 기준으로 평가한 투자 부문에서는 네이버, 삼성전자, KT, 아모레퍼시픽 등이 상위에 랭크됐다.  문재인 정부의 최대 화두인 일자리 창출 부문에서는 엔씨소프트, 포스코, SPC삼립, 삼성전자 등이 고용증가율, 기간제 근로자 비중, 근속연수, 연봉 등을 종합 평가한 결과 우수기업으로 선정됐다.  고속성장 부문의 경우 매출 10조원 이상 기업 가운데서는 SK하이닉스가, 10조원 미만 기업 중에서는 엔씨소프트가 가장 우수한 점수를 받았다.  건실경영 부문은 네이버, 투명경영 부문은 유한양행, 양성평등 부문은 현대그린푸드, 사회공헌 부문은 네이버가 각각 1위에 올랐다.      [표] 국내 500대 기업 중 경영평가 우수기업  ┌─────────┬─────────┬────────┬────────┐   │종합 순위 │1위: 삼성전자 │2위: 현대자동차 │3위: 네이버 │   └─────────┴─────────┴────────┴────────┘    ┌─┬───────┬───────────────────────────┐   │ │평가항목 │우수기업 │   ├─┼───────┼──────┬──────┬─────┬───────┤   │1 │글로벌경쟁력 │삼성전자 │현대차 │LG전자 │대상 │   ├─┼───────┼──────┼──────┼─────┼───────┤   │2 │투자 │네이버 │삼성전자 │KT │아모레퍼시픽 │   ├─┼───────┼──────┼──────┼─────┼───────┤   │3 │일자리창출 │엔씨소프트 │포스코 │SPC삼립 │삼성전자 │   ├─┼───────┼──────┼──────┼─────┼───────┤   │4 │고속성장 │SK하이닉스 │신한은행 │삼성전자 │하나은행 │   │ │(10조 이상) │ │ │ │ │   │ ├───────┼──────┼──────┼─────┼───────┤   │ │고속성장 │엔씨소프트 │한화토탈 │에쓰오일 │메리츠화재 │   │ │(10조 미만) │ │ │ │ │   ├─┼───────┼──────┼──────┼─────┼───────┤   │5 │건실경영 │네이버 │한전KPS │가스공사 │삼성전자 │   ├─┼───────┼──────┼──────┼─────┼───────┤   │6 │투명경영 │유한양행 │LG유플러스 │KT │농심 │   ├─┼───────┼──────┼──────┼─────┼───────┤   │7 │양성평등 │현대그린푸드│코웨이 │네이버 │오뚜기 │   │ │ │ │ │ │ │   ├─┼───────┼──────┼──────┼─────┼───────┤   │8 │사회공헌 │네이버 │SK텔레콤 │신한은행 │우리은행 │   └─┴───────┴──────┴──────┴─────┴───────┘   humane@yna.co.kr   (끝)    <긴급속보 SMS 신청> <포토 매거진> < M-SPORTS >   <저작권자(c) 연합뉴스, 무단 전재-재배포 금지>"
270,3,"2018-05-23","06:00:41","씨마른 빅히트 장외지분 '부르는 게 값'","글로벌 보이그룹 방탄소년단(BTS) 인기에 투자자들의 수익도 천정부지로 치솟고 있다. 방탄소년단 소속사 빅히트엔터테인먼트의 장외 지분거래는매물이 사라져 부르는 게 값이다.   방탄소년단은 20일(현지시간) 미국 라스베이거스에서 열린 ‘2018 빌보드 뮤직 어워드’에서 ‘톱소셜 아티스트(Top social artist)’ 부문을 수상했다. 빌보드 뮤직 어워드 2년 연속 수상 기록이다. 지난 18일 국내 발매한 정규 3집도 선주문 144만장을 돌파하며 역대 두 번째 밀리언셀러 달성을 기록했다.  방탄소년단의 폭발적인 인기는 고스란히 투자자들의 수익에 반영되고 있다. 특히 이미 장외시장에서는 기업공개(IPO) 이전 지분을 사려는 투자자들이 몇 배의 호가를 부르고 있지만 거래 자체가 없다. 인기 아파트처럼 거래는 없고 호가만 천정부지로 올라 있다. 호가는 공개되지도 않는다.   22일 투자은행(IB) 업계 분석에 따르면 빅히트엔터테인먼트의 올해 예상 기업가치는 1조원을 훌쩍 뛰어넘을 것으로 전망된다. 국내 엔터사 중 가장 높은 몸값이다. 올 3월 넷마블게임즈가 빅히트엔터 지분 일부를 매입할 때 평가받은 빅히트의 기업가치는 약 8,000억원이다. 이기훈 하나금융투자연구원은 “1년 내 상장을 가정하면 주가수익비율(PER) 40배 적용은 당연하다”며 “올해 예상실적 대비 적정 기업가치는 최소 1조2,000억원 수준”이라고 밝혔다. 이는 국내 최대엔터테인먼트 기업인 SM엔터테인먼트보다 4,000억원(21일 기준) 더 비싼 수준이다. SM엔터의 지난해 영업이익은 109억원에 그친 데 비해 빅히트엔터는 방탄소년단의 인기로 SM의 3배 수준인 325억원을 기록한 바 있다.   공급 측면에서 빅히트엔터의 지분은 시간이 갈수록 씨가마르고 있다. 빅히트엔터는 유상증자나 구주 매각 등 신규 투자를 위한 방침이 없는 것으로 알려졌다. IB 업계의 한 관계자는 “방탄소년단의 큰 인기로 현금 유입이 대폭 개선돼 추가 투자는 필요없는 상황”이라고 덧붙였다. 이에 빅히트엔터의 지분거래는 IPO까지 매도자 우위 시장이 될 것이라는 분석이 나온다. 매도할 지분이 없는 만큼 매수자들이 가격을 더 높이 부를 수밖에 없는 상황이다.  특히 올 초 일부 벤처캐피털(VC)이 보유하고 있던 지분을 넷마블게임즈가 전량 사들이며 빅히트엔터의 지분매물은 거의 사라졌다는 평가다. 빅히트엔터의 주요주주들은 방탄소년단의 전 세계적인 인기에 보유지분을 움켜쥐고 있다. 지난해 빅히트엔터의 지분 2.36%를 보유하고 있는 한국투자증권 측은“현재까지 빅히트엔터 지분을 매각할 생각은 없다”고 밝혔다.   투자자들의 수익률 또한 천정부지로 치솟고 있다. 4월 넷마블에 지분을 매각한 LB인베스트먼트는 100% 넘는 수익을 거뒀고 지난해 빅히트엔터의 기업가치를 3,000억원으로 산정해 지분투자를 한 한투증권은 1년만에 3배 가까운 수익을 올린 것으로 알려졌다. 한투증권은 지난해 70억원 규모 소수지분 투자를 진행한 것으로 알려졌다. 13.25%를 보유한중국의 레전드캐피털도 2배 이상의 수익을 올리고 있다.   거래가 없음에도 빅히트엔터에 대한 투자 러브콜은 여전히 진행 중이다. 올초에는 북미 지역 대형 사모투자펀드(PEF)가 빅히트엔터 지분투자를 진행하려 했지만 좌절된 바 있다. IB 업계 관계자는 “국내 기관들도 지난해 말부터 빅히트엔터에 러브콜을 보냈지만 국내 중형급 이하 기관들은 투자설명 기회조차 얻을 수 없을 정도”라고 전했다.  /박호현기자 greenlight@sedaily.com    ▶▶ 2018년 정부 정책 수혜주 TOP 10 大공개! (바로 확인)  ▶▶ 재료노출 임박한 상위1%의극비정보 30명한정 공개(무료)    [ⓒ 서울경제, 무단 전재 및 재배포 금지]"
270,4,"2018-05-23","06:00:31","생보사 1분기 순익 전년비 22% 급락... 회계기준 변경 파장","생명보험사의 올해 1분기 순이익이 급락했다. 보험사들이 새회계기준(IFRS17) 도입에 대비하면서 저축성 보험 판매 규모를 줄였으나 보장성보험의 판매량이 크게 늘지 않았다.   금융감독원은 생보사의 올해 1분기 당기순이익이 1조2324억 원으로 전년 동기 대비 21.7%(3416억 원) 감소했다고 23일 밝혔다.   특히 삼성생명, 한화생명, 교보생명 등 대형 3사의 순이익은 7245억 원으로 전년 동기보다 26.9%(2667억 원) 줄었다. 동양생명, ABL, 매트라이프, 라이나 등 외국계 8사도 지난해 같은 기간 보다 27.6%(1082억 원) 줄어든 2839억 원의 순이익을 기록했다.   반면 중소형사(1452억 원)와 은행계(788억 원)는 당기순이익이 각각 24.3%(283억 원), 6.6%(49억 원) 증가했다.   생보업계의 순이익이 줄어든 데는 수입보험료가 줄어든 영향이 컸다. 수입보험료 규모는 26조1154억 원으로 지난해 같은 기간(28조6014억 원) 대비 8.7%(2조4860억 원) 감소했다. 특히 지난 2011년 1분기 이후 처음으로 저축성 수입보험료가 보장성을 하회했다. 1분기 수입보험료 구성은 보장성 39.4%, 저축성 33%, 변액 19.3%, 퇴직연금·보험 8.3% 등으로 집계됐다.   금감원 관계자는 ""새 회계기준(IFRS17) 등 자본규제 강화에 대비해 저축성보험 판매가 크게 줄어든 반면, 보장성보험의 매출 신장은 상대적으로 저조했다""고 설명했다.     저축성보험 수입보험료는 8조6287억 원으로 지난해 같은 기간(11조2950억 원)보다 23.6%(2조6663억 원) 줄었다. 저축성의 신계약보험료도 1조587억 원으로 60.8%(1조6389억 원) 축소됐다. 반면 보장성보험 수입보험료는 10조2997억 원으로 2%(2054억 원) 증가하는데 그쳤다.   퇴직연금·보험의 수입보험료는 2조1569억 원으로 3.4%(758억 원) 감소했고, 변액보험(5조301억 원)은 1%(507억 원) 늘었다.   전체 보험사의 보험영업손실은 5조7000억 원으로 11.1%(5664억 원) 손실이 확대됐다. 저축성 수입보험료는 줄어든 반면 숨은 보험금 찾아주기 캠페인 등에 따른 지급보험금은 1조9000억 원 증가했다.   또 투자영업이익은 6조 원으로 1%(623억 원) 줄었다. 금리상승에 따른 유가증권 처분·평가이익이 1560억 원 감소한 영향이다. 자본 증감 항목(처분시 손익 익식)에 해당하는 매도가능 증권 평가이익은 2조7000억 원 감소했다.   다만 변액보험 판매 호조에 따른 수수료수입(특별계정)이 2267억 원 증가하면서 영업외이익은 1조3000억 원으로 25.6%(2744억 원) 늘어났다.   당기순이익이 감소하면서 수익성도 악화됐다. 1분기 총자산이익률(ROA)은 0.59%로 전년 동기 대비 0.21%포인트 하락했다. 자기자본이익률(ROE)은 7.03%로 전년 동기 대비 2.38%포인트 하락했다.   정수천 기자(int1000@etoday.co.kr)   [오늘의 핫클릭]  ☞퇴직 후 백만원으로 35억 벌게 된 60대 남성 화제!  ☞유튜버 성추행ㆍ촬영 협박 의혹 스튜디오 실장, 경찰조사서 혐의 부인  ☞bhc 점주, 단체행동 돌입… 본사에 식자재 단가 인하ㆍ원가 공개 요구  ☞[내일 날씨] 전국 비 오다 오전에 그쳐...미세먼지는 오후부터 '나쁨'  ☞떨어지는 재계 별들...이건희 건강 상태는?    ☞[주간 증시일정] 5월 21~25일 넥센테크?텔콘 상호변경, 디에스티로봇 주주총회 등  ☞[카톡방] 무료 주식 카톡방 신청자수 38만 명 돌파 <업계 최대 카톡방> →카톡방 입장하기!         Copyrightⓒ이투데이, All rights reserved. (무단 전재 및 재배포 금지)   프리미엄 경제신문 이투데이    "
270,5,"2018-05-23","06:00:26","트럼프, 文대통령 중재력에 ""A+ 주겠다""…""유능하고 좋은 친구""","트럼프, 文대통령 중재력에 ""A+ 주겠다""…""유능하고 좋은 친구""   ""北과 합의 이루도록 도와"" 중재역할 평가…""한국이 文대통령 가진 건 행운"" 덕담  '좋은 친구' 칭찬 이어간 뒤 文대통령 보며 ""나 잘했냐…A+ 점수 준 것""      (워싱턴=연합뉴스) 송수경 특파원 = 도널드 트럼프 미국 대통령은 22일(현지시간)문재인 대통령에 대해 ""굉장히 신뢰하고 있다""고 말했다.  트럼프 대통령은 이날 백악관에서 진행된 한미정상회담에서 한반도 문제 해결과 관련, 문 대통령의 중재자 역할을 얼마나 신뢰하고 있느냐는 한국 기자의 질문에 ""그는 북한과의 대화에 있어 다른 시각을 보여왔다. 그는 합의를 성사시킬 수 있기를 바라고 있다""며 이같이 밝혔다.  이어 ""한국에는 이전에 매우 (북한에 대해) 강경한 정권들이 있었고 지금은 문 대통령이 있다""며 ""문 대통령 전에도 비슷한 (대북) 태도를 취했던 정권들이 있었다""고 덧붙였다.  그러면서 옆자리에 앉아있던 문 대통령을 향해 ""그는 매우 유능하고 역량이 있는 사람이라고 생각한다. 그리고 매우 좋은 사람이라고 생각한다""며 ""그는 단지 북한이나 한국이 아니라 전체 한반도를 위해 좋은 일을 이루기 위해 노력하고 있다""고 문 대통령의 중재 노력을 평가했다.  이어 ""그래서 나는 문 대통령을 엄청나게 신뢰하고 있다""며 ""지금 그(문 대통령이)가 하는 방식이 우리가 합의를 이룰 수 있도록 정말로도와주고 있다""고 강조했다.  트럼프 대통령은 북한과의 비핵화 협상 전망과 관련, ""과연 합의가 이뤄질지 안 이뤄질지는 누가 알겠는가. 협상이란 게 그런 거다. 누가 알겠는가. 협상이란 게 어떻게 될지는 결코 알 수 없다""라며 ""100% 확실해 보이는 협상도 깨질 수 있고 가능성이 없어 보이는 협상이 어떨때는 쉽게 타결되기도 한다""고 말했다.  그러면서 ""나는 협상에 대해 경험이 많다. 누구보다도 잘 안다고 생각한다""며 다시 문 대통령을 가리켜 ""좋은 사람이며 매우 유능한 사람이다. 나는 문 대통령이 대통령인 것이 한국으로선 아주 행운이라고 생각한다""고 언급했다.  트럼프 대통령은 문 대통령에 대한 칭찬을 이어가던 중간에 ""이해할 수 있도록 통역을 해 주겠느냐""고 통역에게 말하기도 했다.  이어 트럼프 대통령은 문 대통령을 보며 ""나 잘 했느냐. 더 이상 더 좋게 말할 수 없을 것 같다. 'A+(플러스)' 점수를 준 것""이라고 웃었다. 두 정상은 웃으며 악수를 했다.  트럼프 대통령은 북미정상회담 준비와 관련 문 대통령으로부터 특별히 어떤 조언을 듣고 싶으냐는 질문에 ""그게 우리가 여기 함께 있는이유이다. 그가 가졌던 회담(남북정상회담)에 대해 논의할 것""이라며 ""우리는 통화로 많은 이야기를 나누기 때문에 그동안 이야기를 안 한 것이 많지 않다""고 친밀감을 표했다.  트럼프 대통령은 또한 북한의 태도 돌변과 관련, 시진핑(習近平) 중국 국가주석의 영향력 행사 가능성을 거듭 제기하면서 ""문 대통령은시 주석과 김정은의 두 번째 만남에 대해 나와 다른 생각을 가질 수도 있을 것이다. 다른 의견이 있으면 듣고 싶다""며 ""중국 이웃 나라에 사는 만큼 곤란하게 하고 싶지는 않다""고 '배려'하기도 했다.  트럼프 대통령은 앞서 모두발언에서도 ""문 대통령과 꽤 긴 시간 알고 지냈고 아주 좋은 친구가 됐다""고 문 대통령을 '아주 좋은 친구'라고 칭하며 ""우리는 여러 문제에 대해 협력하고 있다. 물론 북한 문제가 단연 큰 협력 대상""이라고 말했다.    hanksong@yna.co.kr   (끝)    <긴급속보 SMS 신청> <포토 매거진> < M-SPORTS >   <저작권자(c) 연합뉴스, 무단 전재-재배포 금지>"
270,6,"2018-05-23","06:00:14","'콜옵션' 행사 공식화한 바이오젠, '삼성' 분위기 바꾸는데 성공할까?","@media all and (max-width: 400px) {img{max-width:340;height:auto;}}.dayTBL a:link {font-family: 돋움;font-size: 11px;line-height: 18px;color:#666666;text-decoration: none}.dayTBL a:visited {font-family: 돋움;font-size: 11px;line-height: 18px;color: #666666;text-decoration: none}.dayTBL a:hover {font-family: 돋움;font-size: 11px;line-height: 18px;color: #840000;text-decoration: none}.dayTBL nobr {width:85px; text-overflow:ellipsis; overflow:hidden; cursor:pointer; float:left}.todayBDb {border-bottom: #000000 0.5pt solid}.tblGrp{padding:0; border-spacing:0; border-collapse:collapse; border:0;vertical-align:top;width:279px}.tblGrp td{vertical-align:top}.dayTBL {width:93px; padding:0; border-spacing:0; border-collapse:collapse; vertical-align:top; border:0}.dayTBL td{font-size:12px; font-family:돋움; color:#333333;line-height:18px;padding:0}.divSch1{float:left}.divSch2{float:left}.tdSch{border: #E6E6E6 0.1pt solid;height:75;padding:0}.tdSchToday {border: #000000 1pt solid;height:75;background-color:#fffff0;padding:0}.tdSchTomorrow {border-left:0}.tdSchYesterday {border-right:0}.tdDate{background-color:#c8e7ff;height:10;text-align:center}.ad {text-align:center; font-size:8pt; font-family:돋움;line-height:1.2}.lg {margin-bottom:20px;}.title{font-size:15px;color:#203c76;font-weight:bold;margin-bottom:20px;}a,img {border:0; outline:none; selector-dummy:expression(this.hideFocus=true);}body,td,select,input,div,form,textarea,center,option,pre,blockquote {font-size:9pt; line-height:1.6; font-family:돋움;}table{border:0px;}r {display:none;}"
270,7,"2018-05-23","06:00:14","SK E&S, 도미니카 LNG 사업 수주 기대…美 사업장과 시너지 효과","@media all and (max-width: 400px) {img{max-width:340;height:auto;}}.dayTBL a:link {font-family: 돋움;font-size: 11px;line-height: 18px;color:#666666;text-decoration: none}.dayTBL a:visited {font-family: 돋움;font-size: 11px;line-height: 18px;color: #666666;text-decoration: none}.dayTBL a:hover {font-family: 돋움;font-size: 11px;line-height: 18px;color: #840000;text-decoration: none}.dayTBL nobr {width:85px; text-overflow:ellipsis; overflow:hidden; cursor:pointer; float:left}.todayBDb {border-bottom: #000000 0.5pt solid}.tblGrp{padding:0; border-spacing:0; border-collapse:collapse; border:0;vertical-align:top;width:279px}.tblGrp td{vertical-align:top}.dayTBL {width:93px; padding:0; border-spacing:0; border-collapse:collapse; vertical-align:top; border:0}.dayTBL td{font-size:12px; font-family:돋움; color:#333333;line-height:18px;padding:0}.divSch1{float:left}.divSch2{float:left}.tdSch{border: #E6E6E6 0.1pt solid;height:75;padding:0}.tdSchToday {border: #000000 1pt solid;height:75;background-color:#fffff0;padding:0}.tdSchTomorrow {border-left:0}.tdSchYesterday {border-right:0}.tdDate{background-color:#c8e7ff;height:10;text-align:center}.ad {text-align:center; font-size:8pt; font-family:돋움;line-height:1.2}.lg {margin-bottom:20px;}.title{font-size:15px;color:#203c76;font-weight:bold;margin-bottom:20px;}a,img {border:0; outline:none; selector-dummy:expression(this.hideFocus=true);}body,td,select,input,div,form,textarea,center,option,pre,blockquote {font-size:9pt; line-height:1.6; font-family:돋움;}table{border:0px;}r {display:none;}    제목: SK E&S, 도미니카 LNG 사업 수주 기대…美 사업장과 시너지 효과  아시아투데이 김윤주 기자 = SK E&S가 도미니카공화국 LNG발전 사업 수주에 공을 들이며 중남미 시장 공략에 박차를 가하고 있다. 이를 통해 인접한 미국 사업장과의 시너지 효과도 기대된다.  22일 금융감독원에 따르면 SK E&S는 지난해 9월 27일 도미니카공화국에 자본금 3억원 규모의 현지 법인 ‘SK E&S Dominicana S.R.L’을 설립했다. 법인 설립 목적은 도미니카공화국에서 진행 예정인 LNG발전소 사업을 수주하기 위해서다. SK E&S는 14억 달러 규모의 해당 사업 수주를 위해 미국 기업과 경쟁하고 있다.  현재는 도미니카공화국에 법인 등록만 해놓은 상태이며 올해나 내년까지 장기적 관점에서 인력 및 건물 등을 차근차근 마련해 나갈 계획이다. 구체적인 사업계획이나 수주 일정 등은 아직 정해지지 않았지만 LNG발전이라는 사업 방향은 구상해 놓은 상태다.  앞서 지난 3월 15일에는 이낙연 국무총리도 도미니카공화국을 방문했다. 이 총리는 당시 에너지 분야에서 우리나라의 경험과 기술을 도미니카공화국과 공유하고, 발전에 함께하길 바란다고 당부했다. 해당 자리에는 유정준 SK E&S 사장도 동행해 도미니카공화국과의 경제 협력 활성화를 도모했다. 추후 수주 일정이 구체화되면 유 사장이 또다시 도미니카를 방문하는 등 적극적 행보가 이뤄질 것으로 보인다.  정부 차원에서 협력을 당부한 만큼 SK E&S의 기대도 크다. 사업 수주에 성공하면 지리적으로 가까운 미국의 오클라호마주 우드포드 가스전, 텍사스의 프리포트 터미널과의 시너지 극대화도 기대할 수 있다. SK E&S는 우드포드 가스전의 가스를 텍사스의 프리포트 터미널에서 액화할 계획도 세우고 있다. 이후 액화된 가스를 도미니카에 공급하게 된다면 경쟁력 강화에 도움이 될 전망이다.  특히 도미니카공화국은 중남미 지역 최고 경제성장률을 기록하는 등 중산층의 경제력이 확대되며 개발도상국 중에서 새로운 소비시장으로 떠오르고 있다. 이에 따라 SK E&S는 전력 수요가 급속히증가하고 있는 해당 시장 환경을 감안해 현지 법인 설립 전략을 세운 것으로 풀이된다.  SK E&S 관계자는 “도미니카 프로젝트는정부 간 협력 사업으로 입찰이 개시되면 구체적인 윤곽이 드러날 것으로 보인다”며 “글로벌 에너지 사업의 일환으로 도미니카 사업을 추진하는 데 총력을 다할 것”이라고 말했다.    해당 기사는 아시아투데이(www.asiatoday.co.kr)에서 제공한 것이며 저작권은 제공 매체에 있습니다. 기사 내용 관련 문의는 해당 언론사에 하시기 바랍니다.  [이슈&섹터 스케줄]    2018-05-21 - 독일 증시 휴장 - 여야, 특검·추경 동시 처리 예정 - 2018년 AfDB 연차총회 개최 예정   2018-05-22 - 석가탄신일 - 국내, 홍콩 증시 휴장 - 韓-美 정상회담   2018-05-23 - 월드IT쇼(WIS) 개최 - 2018 글로벌 액셀러레이터 컨퍼런스 & 데모데이 개최 - 폼페이오, 美 하원 청문회 출석 예정(현지시간)      2018-05-24 - 금융통화위원회 - 文 대통령, 정부 개헌안 국회 표결 예정 - 韓-中 산업장관 회의 개최 예정   2018-05-25 - 미국 제외 이란 핵 합의 당사국 이행 문제 논의 예정(현지시간) - 삼성전자, 갤럭시S9·S9+ 버건디레드 출시 예정 - 삼성바이오로직스 감리위 2차회의   2018-05-26 - 동원 보호예수 해제 - 오늘의 프로야구      Copyright ⓒ True&Live 증시뉴스 점유율1위, 인포스탁(www.infostock.co.kr) 인터넷신문(경기아51008)/무단전재 및 배포금지   본 뉴스(정보)는 해당종목의 매수/매도신호가 아니며, 이를 근거로행해진 거래에 대해 책임을 지지 않습니다."
271,1,"2018-05-23","06:00:00","생보사, '보험영업 악화'로 1분기 순익 20% 감소한 1.2조","[아시아경제 권해영 기자] 보험영업실적 악화로 올해 1분기 생명보험회사의 당기순이익이 전년 대비 20% 이상 감소했다.   23일 금융감독원이 발표한 '2018년 1분기 생명보험회사 영업실적'에 따르면 생보사는 지난 1분기 당기순이익이 1년 전보다 21.7%(3416억원)줄어든 1조2324억원을 달성했다.   보험영업손실은 5조7000억원으로 전년 보다 손실폭이 11.1%(5664억원) 확대됐다. 저축성 수입보험료가 2조7000억원 감소했고 숨은 보험금 찾아주기 캠페인으로 지급 보험금이 1조9000억원 증가한 탓이다.   투자영업이익은 금리상승에 따른 유가증권 처분, 평가이익 감소로 같은 기간 1%(623억원) 줄어든 6조원을 기록했다. 영업외이익은 변액보험판매 호조에 따른 수수료 증가로 25.6%(2744억원) 늘어난 1조3000억원으로 집계됐다.   회사 규모별 당기순이익은 삼성·한화·교보 등 대형사가 7245억원, 외국계가 2839억원을 기록해 전년 대비 각각 26.9%, 27.6% 줄었다. 반면 중소형사는 1452억원, 은행계는 788억원으로 같은 기간 각각 24.3%, 6.6% 늘었다.   총자산이익률(ROA)은 1분기 기준 0.59%로 나타났다. 당기순이익 감소로 전년 대비 0.21%포인트 내렸다. 자기자본이익률(ROE)은 같은 기간 2.38%포인트 하락한 7.03%를 기록했다.   수입보험료는 1분기 총 26조1154억원으로 집계돼 전년 대비 8.7%(2조4860억원) 줄었다. 보장성 10조2997억원(39.4%), 저축성 8조6287억원(33%), 변액 5조301억원(19.3%), 퇴직연금·보험 2조1569억원(8.3%)로 구성돼 지난 2011년 1분기 이후 처음으로 저축성 수입보험료가 보장성 수입보험료를 하회했다.   금감원 관계자는 ""IFRS17 등 자본규제 강화에 대비해 저축성보험 판매가 크게 줄어든 반면 보장성보험 매출 신장은 상대적으로 저조했다""고설명했다.    ●남북경협株 선취매 all 포착.. 실적 기반 차기 주도주 '바로' 이종목! (클릭) ●'부자네스탁론' 3년 고정금리 4.15% 100% 집중투자까지 ●'대박스탁론' 3년 고정금리 3.99% 100% 집중투자까지  [관련기사]  ☞ ""금융상품정보 정확성, 신뢰성이 가장 큰 문제""  ☞ 바이오젠, 돌발 '콜옵션'에 설왕설래…핵심 쟁점 영향 미미  ☞ 국내 재보험사 당기순이익 30% ↓…재보험거래는 22.3조  ☞ 금감원, 대학생 금융교육 봉사단 모집  ☞ 65세 이상, 파생증권 투자 비중 30%돌파…불완전판매 우려 ↑    퇴직 후 백만원으로 ""35억""번 60대男 화제! 60대 김모씨가 퇴직 후 하게 된""이것""이 35억의 대박을...  단돈 100만원만 있어도! 지금 바로 확인해라! 특히 이 종목은, 시장과 무관하게 매수 직후부터 바로 수익이...   권해영 기자 roguehy@asiae.co.kr   <ⓒ세계를 보는 창 경제를 보는 눈, 아시아경제(www.asiae.co.kr) 무단전재 배포금지>"
271,2,"2018-05-23","06:00:00","韓, 비유럽 국가 최초로 '유레카 파트너국' 승격","[아시아경제 이광호 기자]우리나라가 비유럽 국가로는 최초로 유레카 파트너국(Partner Country)으로 승격하는 서명을 체결했다.   산업통상자원부는 22∼23일(현지시간) 핀란드 헬싱키 핀란디아홀에서 한국과 유럽간 기술협력 네트워킹을 위한 '2018 코리아 유레카데이' 개최 계기, 우리나라가 비유럽국 최초로 파트너국의 지위를 획득했다고 밝혔다.   우리나라는 2009년에 유레카에 준회원국으로 가입한 이후 유레카와의 협력을 확대해 왔으며, 활동 10년이 되는 올해 유레카 준회원국에서 파트너국으로 승격됐다.   지난 10년간 총 111개 과제에 약 880억원을 지원했고, 2010년부터 매년 코리아 유레카데이를 개최하는 등 유레카 내에서 활발한 기술협력 활동을 펼쳐왔다.   우리나라는 이번 파트너국 승격을 통해 유레카 내 주요 정책결정에서 의결권을 확보하고, 매 3년마다 준회원국 지위 갱신이 면제되는 등의 권한을 갖게 돼 사실상 정회원국과 동등한 위치를 갖게 됐다.   이상훈 산업부 산업기술정책관은 ""4차 산업혁명으로 기술혁신 속도가 가속화되고 기술수명 주기가 단축되는 상황에서는 글로벌 기술협력을 통한 개방형 혁신이 중요하다""며 ""이번 유레카 파트너국 승격을 계기로, 한-유럽 기업간 기술협력이 한층 강화될 수 있도록 유레카 내 역할을더욱 확대하겠다""고 말했다.   산업부는 유레카 내 파트너국으로서의 위상 강화에 걸맞게 유레카에 대한 정부 지원을 2025년까지 2배로 확대하고, 우리나라의 강점 기술을활용한 유레카 클러스터를 구성하는 등 정부 차원의 지원을 확대할 계획이다.    ●남북경협株 선취매 all 포착.. 실적 기반 차기 주도주 '바로' 이종목! (클릭) ●'부자네스탁론' 3년 고정금리 4.15% 100% 집중투자까지 ●'대박스탁론' 3년 고정금리 3.99% 100% 집중투자까지   퇴직 후 백만원으로 ""35억""번 60대男 화제! 60대 김모씨가 퇴직 후 하게 된""이것""이 35억의 대박을...    단돈 100만원만 있어도! 지금 바로 확인해라! 특히 이 종목은, 시장과 무관하게 매수 직후부터 바로 수익이...   이광호 기자 kwang@asiae.co.kr   <ⓒ세계를 보는 창 경제를 보는 눈, 아시아경제(www.asiae.co.kr) 무단전재 배포금지>"
271,3,"2018-05-23","06:00:00","무보, '쿠웨이트 LNG 터미널건설'에 1조2000억 금융 제공","[아시아경제 이광호 기자]한국무역보험공사는 23일 쿠웨이트 액화천연가스(LNG) 터미널 건설에 참여하는 국내 기업들을 위해 수출입은행과 공동으로 11억5000만달러(한화 약 1조2000억원) 규모의 금융을 제공한다고 밝혔다.   쿠웨이트 LNG 터미널 건설 프로젝트는 쿠웨이트 국영석유회사(KIPIC)가 남부 알주르 산업단지에 LNG 터미널을 건설하는 사업이다. 지난 2016 년 현대엔지니어링·현대건설·한국가스공사가 컨소시엄을 구성해 수주했다.   이번 건설에는 한국산 기자재 11억달러가 사용될 예정이다. 이중 6억달러는 130여 개 국내 중소·중견 기자재업체 수출이다.   무보 관계자는 ""해당 프로젝트 수주 1년 전 KIPIC의 모회사 석유기업인 쿠웨이트 국영석유공사(KPC)와 60억달러(약 6조4000억원) 규모의 금융을 제공하는 업무협약을 맺었다""며 ""이렇게 미리 해둔 금융 제공 약속이 이후 수주경쟁에서 결정적 역할을 했다""고 말했다.   문재도 무보 사장은 ""앞으로도 세계 주요 발주처에 선제적으로 금융을 제공해 우리 건설사 수주 증대와 중소·중견기업 기자재 수출 확대를뒷받침할 것""이라며 ""이를 통해 올해 수출 증가세가 유지되도록 모든 역량을 집중하겠다""고 강조했다.    ●남북경협株 선취매 all 포착.. 실적 기반 차기 주도주 '바로' 이종목! (클릭) ●'부자네스탁론' 3년 고정금리 4.15% 100% 집중투자까지 ●'대박스탁론' 3년 고정금리 3.99% 100% 집중투자까지   퇴직 후 백만원으로 ""35억""번 60대男 화제! 60대 김모씨가 퇴직 후 하게 된""이것""이 35억의 대박을...    단돈 100만원만 있어도! 지금 바로 확인해라! 특히 이 종목은, 시장과 무관하게 매수 직후부터 바로 수익이...   이광호 기자 kwang@asiae.co.kr   <ⓒ세계를 보는 창 경제를 보는 눈, 아시아경제(www.asiae.co.kr) 무단전재 배포금지>"
271,4,"2018-05-23","06:00:00","서울시, 위례신도시↔동부간선 연결램프 상판 설치…교통 통제","[아시아경제 최동현 기자] 서울시는 위례신도시(장지지하차도)에서 동부간선도로로 진출입 램프(ramp)를 설치하기 위한 상판 설치공사를 위해 새말교차로 주변 도로를 오는 6월부터 전면차단(총 12회·1회 10분간) 및 부분 통제한다고 23일 밝혔다.   도로 전면차단은 도심지역의 교통체증이 없도록 차량 통행이 적은 심야시간(오후 11시~오전 5시)에 6월 한 달 동안 실시되며, 시민 편의를 위해 한번 통제 시 10분을 넘기지 않을 계획이다.   공사는 지난해 6월 착공해 연결램프 교량 하부공사 및 기초·교각 21개소를 지난달 말까지 모두 설치·완료하고 최근엔 상부공사를 위한 강교(steel bridge)를 조립하고 있다.   조립된 강교를 교각위로 거치하는 공종은 오는 8월까지 마무리되며, 콘크리트 타설과 교량 및 하부도로 정비 등이 끝나는 2019년 7월 완공을목표로 공사 중이다.   출?퇴근 시간이 되면 송파구 장지동 주변에서 도심으로 접근하기 위해 동부간선도로 자곡IC를 이용하는 차량이 늘어 자곡IC 부근의 상습 지·정체 현상이 발생한다. 특히, 위례신도시와 문정지구의 업무?상업시설 입주로 인해 교통량이 더욱 늘어나면서 자곡IC 이용차량의 대기행렬이새말로, 헌릉로 등 주변도로까지 영향을 주고 있는 실정이다.   장지지하차도와 동부간선도로 진출입 램프가 개통되면 송파구 장지동, 위례신도시에서 빠르고 편리하게 동부간선도로에 접근할 수 있게 되어장거리 통행 여건이 한층 개선될 것으로 기대하고 있다. 또, 자곡IC로 집중되는 교통량이 분산되어 주변 상습 지·정체 구간의 교통 혼잡이완화될 것으로 기대된다.   김학진 서울시 도시기반시설본부장은 ""위례신도시와 연결은 물론 송파구 일대 교차로 대기시간이 단축돼 교통난 해소에 크게 도움이 될 것""이라며 ""강교 조립·거치를 위한 차량 통제가 불가피한 만큼 시민들의 많은 양해와 협조를 당부 드린다""고 말했다.    ●남북경협株 선취매 all 포착.. 실적 기반 차기 주도주 '바로' 이종목! (클릭) ●'부자네스탁론' 3년 고정금리 4.15% 100% 집중투자까지 ●'대박스탁론' 3년 고정금리 3.99% 100% 집중투자까지  [관련기사]  ☞ ‘우리오빠쇼’ 백지영이 부른 OST 중 돈 되는 곡은? ‘그 여자’    퇴직 후 백만원으로 ""35억""번 60대男 화제! 60대 김모씨가 퇴직 후 하게 된""이것""이 35억의 대박을...  단돈 100만원만 있어도! 지금 바로 확인해라! 특히 이 종목은, 시장과 무관하게 매수 직후부터 바로 수익이...   최동현 기자 nell@asiae.co.kr   <ⓒ세계를 보는 창 경제를 보는 눈, 아시아경제(www.asiae.co.kr) 무단전재 배포금지>"
271,5,"2018-05-23","06:00:00","""역시 믿을 건 IT주""...실적 개선 훈풍 타고 주도주 복귀 채비","남북 경제협력 관련주가 시장을 흔드는 가운데 발 빠른 큰손들이 정보기술(IT) 관련주를 지속적으로 사들이고 있다. 분위기에 휩쓸리기 쉬운 테마주보다도 실적 전망이 가장 나은 IT에 의지하는 심리다. 증권가에서도 “결국 믿을 건 IT”라는 반응이 나온다. 다만업종 전체보다는 이익 전망과 밸류에이션을 고려한 종목 선택이 필요하다는 지적이다.   22일 한국거래소에 따르면 이달 들어 코스피지수가 약세를 보인 와중에 SK하이닉스(000660)는 5.6%, 삼성SDI(006400)가 7.6%, LG이노텍(011070)이 9%의 상승률을 올리며 선방한 것으로 나타났다. IT 업종에서도 상대적으로 저평가됐다는 공통점을 가진 종목들이다. 같은 기간 코스피지수는 1.98% 떨어졌다. 미국에서도 페이스북·애플·아마존·넷플릭스·구글 등 ‘FAANG’으로 대변되는 기술주가 지난달 말부터 재차 상승세를 이어오고 있다. 김병연 NH투자증권 연구위원은 “미국 국채 금리 상승에도 FAANG이 오르면서 주도주인 기술주의 고점 논란이 완화되고 있다”고 설명했다.   이 때문에 최근 남북 경협주에 관심이 집중된 시장에서도IT의 주도주 복귀가 점쳐진다. 앞서 지난해 증시 상승을 주도했던 IT주의 가장 큰 매력은 실적이다. 올해도 증시 전반의 실적 개선을 이끌 것이라는 믿음이 단단하다. 서정훈 삼성증권 연구원은 “IT 업종의 확고한 이익창출능력은 1·4분기 실적에서도 확인됐다”며 “글로벌 대형 IT 기업의 적극적인 투자에 힘입어 2·4분기에도 이익 증가가 이어질 가능성이 높다”고 전망했다.   에프앤가이드에 따르면 삼성전자(005930)의 올해 순이익 전망치는 49조6,270억원으로 전년보다 20.03% 늘어날 것으로 분석된다. SK하이닉스는39.46% 성장한 14조8,410억원이 제시되고 있다. 코스피 상장사 전체의 순이익 증가율(15.45%)을 넘어서는 수치다. 삼성전기(009150)(전년 대비 210.23%), 삼성에스디에스(018260)(21.47%) 등도 큰 폭의 순이익 증가가 기대된다.   다만 업황과 실적 전망, 밸류에이션을 감안한 옥석 가리기가 중요하다는 지적이 나온다. 박강호 대신증권 연구원은 “스마트폰 시장의 역성장, 프리미엄 스마트폰 판매 부진을 감안해 스마트폰의 하드웨어 변화, 전장 확대에 따른 수혜 종목으로 투자 대상을 압축해야 한다”며 삼성전기와 LG이노텍 등을 꼽았다.   특히 삼성전기는 증권가에서 최근 가장 선호하는 IT 종목으로 꼽힌다. 도현우 NH투자증권 연구위원도 “스마트폰 시장 자체는 중장기 성장성이 둔화되는 모습이지만 수급 불균형이 발생하면서 적층세라믹콘덴서(MLCC)는 여전히 성장할 것”이라고 설명했다.   SK하이닉스는 삼성전자 대비 낮은 밸류에이션으로 매력이 높다. 미래에셋대우는 SK하이닉스의 현재 주가순자산비율(PBR)이 1.2배 수준으로 미국 마이크론(1.4배) 등보다 저평가 상태인 것으로 분석했다. 삼성전자도 부담스러운 가격은 아닌데다 실적 전망 역시 밝지만 오는 6월1일 마무리될 모건스탠리캐피털인터내셔널 지수의 리밸런싱에 따른 외국인 매도가 우려 요인으로 지목됐다. 다만 양호한 메모리 수급, 서버 수요 증가세 등을 근거로 여전히 삼성전자를 추천주로 제시하는 증권사들도 적지 않다. 현재 삼성전자 주가는 주당 5만원으로 지난해 최고점(5만7,520원)에 비하면 13% 낮은 상태다.   큰손들은 SK하이닉스·삼성전기·삼성SDI 등을 집중적으로 매수하고 있다. 외국인투자가들은 이달 들어 삼성전자 주식을 3,000억원 가까이 순매도한 반면 SK하이닉스(2,886억원), 삼성전기(1,613억원), LG전자(066570)(759억원), 삼성에스디에스(625억원) 등을 사들이고 있다. 기관투자가들도 7,358억원규모의 삼성전자 주식을 순매도하고 삼성SDI(1,709억원), SK하이닉스(1,480억원) 등을 순매수한 것으로 나타났다.  /유주희기자 ginger@sedaily.com    ▶▶ 2018년 정부 정책 수혜주 TOP 10 大공개! (바로 확인)  ▶▶ 재료노출 임박한 상위1%의 극비정보 30명한정공개(무료)    [ⓒ 서울경제, 무단 전재 및 재배포 금지]"
271,6,"2018-05-23","06:00:00","위안부 피해자 65%, 외상후 스트레스 심각…""아직도 고통""","위안부 피해자 65%, 외상후 스트레스 심각…""아직도 고통""  이소영 교수팀 조사…""홀로코스트 생존자, 유병률보다 높은 수준""    (서울=연합뉴스) 김잔디 기자 = 일본군 위안부 피해자 할머니의 대다수가 70여 년이 지난 지금까지도 외상 후 스트레스 장애(PTSD)에 시달리고 있다는 연구결과가 나왔다.  순천향대 부천병원 이소영 정신건강의학과 교수 연구팀은 국내 거주하는 위안부 피해 할머니 20명을 대상으로 개별 면담한 결과 이러한사실을 확인했다고 23일 밝혔다.  연구 결과는 대한신경정신의학회 국제학술지 '정신의학 연구'(Psychiatry Investigation) 4월호에 게재됐다.  면담은 할머니 1명당 정신건강의학과 전문의 2명 또는 정신건강의학과 전문의 1명과 임상심리학자 1명으로 구성된 연구팀이 진행했다. 면담 대상은 2016년 현재 생존한 위안부 피해자 38명 중 면담이 가능한 20명으로 추렸다. 위안부 피해자는 조사 후 잇따라 숨져 올해 5월 기준생존자는 28명으로 줄었다.  연구결과 대상자의 65%(13명)가 현재 PTSD를 앓는 것으로 진단됐다. 이들의 PTSD 평생 유병률(평생에 한 번 이상 질환이 발생한 비율)은90%에 달했다. 위안부 피해자의 대부분이 평생에 한 번 이상 PTSD에 시달렸으며, 절반 이상은 지금도 PTSD로 고통받는다는 뜻이다.  연구팀은 위안부 피해자의 PTSD 유병률이 2차 세계대전 생존자나 홀로코스트 생존자를 웃도는 심각한 수준이라고 설명했다.  연구팀에 따르면 해외에서 진행된 선행 연구에서 평균 나이 81.8세의 2차 세계대전 생존자 316명의 현재 PTSD 유병률은 1.9%였고, 홀로코스트 생존자 170명의 PTSD 유병률은 42.35%(72명)였다. 2003년 60세 이상의 홀로코스트 생존자 100명을 대상으로 진행된 연구에서도 현재 PTSD 유병률은 39.0%로 보고됐다.  연구팀은 ""방법과 대상이 달라 단순 비교는 어렵지만 이번 연구에서 위안부 피해자의 PTSD 유병률은 다른 외상 피해자보다 높게 나타났다""며 ""전쟁 생존자이면서 반복적인 성폭행 피해자인 데다 대상자들의 피해 시기가 12~19세로 아동ㆍ청소년기이기 때문일 것""이라고 진단했다.  아동ㆍ청소년기의 외상은 뇌 발달에 문제를 초래할 뿐 아니라 장기적인 정신적 후유증을 초래하는 것으로 알려져 있다.  특히 가해자의 반성과 사과가 제대로 이뤄지지 않는 현실이 PTSD에 영향을 미쳤을 것으로 봤다. 가해자의 반성과 사과, 가해자에 대한 적절한 처벌은 외상 피해자의 치유와 극복에 적잖은 영향을 끼친다.  이 교수는 ""잘못을 인정하고 사죄한 독일 정부와 달리 일본 정부는 위안부 강제 동원에 대한 반성과 사과를 하지 않고 있다""며 ""사회적이슈화가 반복되지만 해결되지 않는 상황이 지속하면서 오히려 피해자들은 반복적인 트라우마 재경험에 노출되는 상황""이라고 지적했다.  그러면서 ""70년이 지난 현재까지도 위안부 피해자의 고통은 지속하고 있다""며 ""주요 우울장애, 신체장애, 사회불안 장애 등도 국내 여성노인 인구의 유병률을 크게 웃도는 것으로 보이는 등 평생을 수치심과 낙인으로 인해 고통받는 삶을 보낸 것으로 보인다""고 말했다.   jandi@yna.co.kr   (끝)    <긴급속보 SMS 신청> <포토 매거진> < M-SPORTS >   <저작권자(c) 연합뉴스, 무단 전재-재배포 금지>"
271,7,"2018-05-23","06:00:00","[오늘 날씨] 비 낮부터 '뚝'…""마스크 쓰세요""","[머니투데이 남형도 기자] 오늘(23일)은 전국에 내리던 비가 낮부터 그치겠다. 미세먼지는 황사로 인해 수도권과 강원 영서, 충청, 호남권 등에서 '나쁨'을보이겠다.   기상청은 이날 서쪽에서 다가오는 기압골의 영향을 받아 아침까지 비가 내린 후 낮부터 그치겠다고 예보했다.   이날 아침까지 예상 강수량은 전국(강원 영동 제외)·서해5도·울릉도·독도·북한 5~40㎜, 강원 영동 5㎜ 내외다.   아침 최저기온은 13~17도, 낮 최고기온은 19~27도로 평년과 비슷한 분포를 보이겠다.   지역별 아침 최저기온은 △서울 14도 △춘천 15도 △대전 16도 △대구 16도 △부산 16도 △전주 15도 △광주 17도, 낮 최고기온은 △서울 22 도 △춘천 24도 △대전 23도 △대구 26도 △부산 24도 △전주 23도 △광주 24도다.   바다 물결은 서해와 남해 앞바다에서 0.5~1.5m, 동해 앞바다에서 0.5~2m, 전해상 먼바다에서 최고 2.5m로 예상된다.   미세먼지 농도는 황사의 영향으로 수도권·강원 영서·충청권·호남권은 '나쁨' 수준을, 그 밖의 권역은 '보통' 수준을 보이곘다. 오후부터는 전국 대부분 권역에서 미세먼지 농도가 높을 것으로 보인다.   기상청 관계자는 ""서해안을 중심으로 바람이 강하게 불어 시설물 관리에 유의해야 한다""고 말했다.      주식담보대출도 이제 부담없는 금리로 가능(안내: 02-3775-1497)   ▶▶ 2018년 상반기 급등 예상 종목 BEST 10 (바로 확인)   <키워드림론> 최저금리로 신용·미수 대환 하는 유일한 방법은    [파워 인터뷰]      [관련기사] ☞ 오는 10일 이건희 삼성회장 '와병 만4년'…장비없이 자가호흡 ☞ 아들 곁으로 간 구본무 회장…슬픔 이기고 LG 24년 이끌어 ☞ 성공을 부르는 말하기? ""목소리를 낮게 내보세요"" ☞ 자연으로 돌아간 구본무 회장 마지막길…소리없는 '울음바다' ☞ ""할아버지, 존경해요""…구본무 회장 향한 추모들      주식매입자금? 전화 한통화면 당신은 스마트컨슈머!    최저금리로 신용·미수 대환 하는 가장 경제적인 방법 (바로 확인)   ‘개미’말고 ‘슈퍼 투자자’되고 싶다면?...‘이것’만 잘 이용해도 가능해요!       남형도 기자 human@    <저작권자 ⓒ '돈이 보이는 리얼타임 뉴스' 머니투데이, 무단전재 및 재배포 금지>"
272,1,"2018-05-23","06:00:00","[현장에서]오해와 불신이 낳은 1만 여성 혜화역 시위","[이데일리 이슬기 기자] 아무도 예상하지 못했다. 경찰은 기껏해야 500명 정도가 모일 것이라고 예상했다. 주최측도 많이 모여야 5000명 정도일 것으로 예상했다. 그러나 여성들의 분노는 경찰과 주최 측의 예상을 뛰어넘을 만큼 컸다.   지난 19일 서울 종로구 혜화역 앞엔 붉은 옷을 입은 여성 1만 2000명이 몰려들었다. 경찰은 혜화역 2번 출구 앞이 마비되자 당황했다. 통제구간을 인도에서 버스전용차선으로, 버스전용차선에서 그 옆 차선으로 점차 넓혔다. 혜화동에서 여성단체들이 개최한 ‘불법촬영 성 편파수사 규탄 시위’ 얘기다. 이들은 경찰이 성범죄 수사에 남성엔 관대하고 여성에는 엄격한 이중잣대를 들이대고 있다고 주장한다.   그러나 그들을 바라보는 세상의 눈빛은 싸늘하기만 하다. 몰카사건의 남성 피의자 구속률이 여성 피의자보다 3배나 높고 사건에 따라 하루나 이틀만에 검거하기도 한다며 이들이 ‘오바’한다고 비난하는 목소리도 나온다.   경찰은 이번 홍대 누드모델 사건은 한정된 장소에서 제한된 인원이 참석한 가운데 벌어진 일이라피의자 특정이 쉬웠고 휴대전화를 한강에 버리는 등 증거를 인멸해 구속했을 뿐이라고 설명한다. 피의자가 여성이어서 특별히 수사력을 집중하거나 구속한 게 아니란 것이다.   사실 이번 사건의 핵심에는 독자의 관심 끌기에 급급한 언론과 언론의 눈치를 보는 경찰이 있다.홍대 누드모델 불법촬영 피의자가 포토라인에도 서고 관련 수사가 12일 만에 신속하게 마무리된 것도 언론의 영향이 컸다. 언론 종사자들에게 불법촬영 피해자의 10명 중 8명이 여성이라는 사실은 여성이 피해자인 몰카범죄는 “기사꺼리가 안 된다”는 말과 같은 얘기다.  ‘NEWS’. 말 그대로 ‘새로운 것’이다. 언론종사자들은 보다 신선한 얘깃거리를 퍼 올려 기사로 쓴다. 언론이 수많은 여성 피해자들의 목소리보다 남성 피해자들의 목소리에 주목하는 것은 ‘드문’ 일이어서다. 여성 치마 속을 불법 촬영한 의학전문대학원생 기사는 25건밖에 안 되지만 홍대 누드모델 기사가 1000건이 넘는 이유도 그래서다.  언론이 주목하면 경찰은 긴장한다. 온 세상이 주목하고 있는데 수사가 지   연되거나 제대로 성과를 내지 못하면 망신을 당할 수 있어서다. 그러다 보니 경찰 수뇌부도 자연스레 사건에 관심을 갖는다. “피해자가 남자라서 빨리 해결됐다”는 말은 그래서 반은 맞고 반은 틀리다.   여성들의 오해를 바로잡아야 하는 것은 성범죄 기사를 자극적으로 보도해 어떻게든 독자를 끌어보려는 언론과 그런 언론이 만든 여론의 눈치를 보며 부랴부랴 수사하는 경찰의 몫이다. 1만 여성을 손가락질하기 전에 그들이 세상을 믿지 못하게 만든 우리의 행태를 돌아볼 때다.  ▶계좌회복프로젝트! 상위 전문가의 투자전략 및 추천종목‘[무료확인]’ ▶14년 연속 1위, 대한민국 대표 스탁론 하이스탁론 '    ' ＜ⓒ종합 경제정보 미디어 이데일리 - 무단전재 & 재배포 금지＞   "
272,2,"2018-05-23","06:00:00","[사설] 일자리 추경, 신속하고 꼼꼼히 집행해야","우여곡절 끝에 3조 8000억원 규모의 추경 예산안이 그제 국회를 통과했다. 문재인 정부 들어 2번째 추경 편성이다. 이른바 ‘일자리 추경’으로 명명된 것이나 국회 제출 45일 만에 가까스로 처리된 게 작년 7월의 첫 추경과 비슷하다. 정부가 부랴부랴 심야 임시국무회의를 열고 추경 공고안과 배정계획안을 심의·의결한 데서도 사안이 그만큼 다급하다는 정황이 읽혀진다.  실제로 돌아가는 여건이 만만치 않다. 지난 3월 실업률(4.5%)이 17년 만의 최고치로 치솟고 4월에는 약간 둔화됐다지만 실업자가 100만명을 넘어선 단계다. 월별 취업자 증가도 3개월째 10만명대에 머무는 등 글로벌 금융위기 이후 최악의 상황으로 치닫고 있다. 일자리위원회와 청와대 일자리수석실을 신설하면서까지 취업 정책에 매달려온 현 정부로서는 몹시 민망한 실적이다. 정부가 조바심치는 것도 충분히 이해할 만하다.  그렇다고 전쟁이나 자연재해 등으로 추경 편성을 한정한 국가재정법을 무시하고 툭하면 나라 곳간을 풀어 문제를 해결하려는 자세는 바람직하지 않다. ‘고용 없는 성장’이 대세인 구조적 요인을 외면하고 최저임금 대폭 인상 등의 친(親)노동 정책으로 기업의 채용 기피와 자동화 대체를 부추겼으니 고용 사정이나아질 리 만무하다.   여야의 ‘드루킹 특검’ 힘겨루기에 밀려 추경안 심사를 사흘 만에 벼락치기로 해치운 것도 문제다. 관련 상임위 10개 중 절반은 추경안을 상정조차 못한 채 원안 그대로 예결위원회로 넘겼다. 그 와중에서도 원안에 없던 도로·철도 건설과 경로당·어린이집의 공기청정기 보급 등 엉뚱한 지역 민원들이 추가됐다니, 마구잡이 야합으로 예산을 끼워 넣은 국회의원들의 후안무치에 분노가 치민다.  기왕에 편성된 추경인 만큼 당초 취지를 살리려면 신속하고 꼼꼼한 집행이 필수다. 내달부터 일자리가 본격 회복될 것이라는 청와대의 전망과 맞물려 마중물 구실을 다하도록 최선의 노력을 기울여야 한다. 특히 주력산업의 구조조정 여파로 지역경제가 침체된 군산과 통영에 집중 지원이 필요하다. 예산집행 과정에서 한 푼의 누수현상이 없도록 관련 부처와 지자체의 철저한 사전 현장조사도 이뤄져야 할 것이다.    ▶계좌회복프로젝트! 상위 전문가의 투자전략 및 추천종목‘[무료확인]’ ▶14년 연속 1위, 대한민국 대표 스탁론 하이스탁론 '    ' ＜ⓒ종합 경제정보 미디어 이데일리 - 무단전재 & 재배포 금지＞   "
272,3,"2018-05-23","06:00:00","[사설] 아파트값 오른 만큼 더 떨어져야 한다","부동산 시장이 얼어붙고 있다고 여기저기 아우성이다. 호가를 낮춰 급매물이 쏟아져 나오는데도 거래가 끊어진 상태라고 한다. 불과 두어 달전까지만 해도 아파트값이 하루가 다르게 치솟던 서울 지역에서는 충격이 더할 수밖에 없다. 지난달부터 다주택자에 대한 양도세가 중과되고강남권 재건축 아파트에 예상을 훨씬 뛰어넘는 부담금이 고지되면서 나타난 현상이다. 조만간 보유세가 강화되는 방향으로 개편되면 부동산시장은 더욱 위축될 것이다.  그러나 과열 현상을 보이던 상황과 비교하면 지금은 오히려 정상으로 되돌아가는 과정이 아닌가 판단된다. 몇몇 재개발 아파트 단지에서는 호가가 2억~3억원이나 떨어진 매물이 나오고 있다지만 최근 몇 달 사이 급등했던 가격이 제자리를 찾고 있는 셈이다. 지금껏 천정부지로 올랐던 자체가 비정상적이다. 더구나 전국적인 집계로는 주택가격이 하락하기보다는 상승세가 꺾인 정도에 지나지 않는다. 부동산 시장이 위축된다고 해서 크게 걱정할 단계까지 이른 것은 아니라는 뜻이다.  그나마 전방위에 걸쳐 정부 규제가추진되고 있는 결과다. 일부 지역에서 신규분양 아파트에 당첨되면 마치 복권에 당첨된 것처럼 횡재한 듯이 부러움을 사는 지금 모습은 잘못돼도 한참 잘못됐다. 삶의 거주공간인 주택이 과도한 재산증식의 투기수단으로 변질돼서는 우리 사회의 병리 현상만 가중될 뿐이다. 더구나최근의 아파트값 급등세가 실수요 요인에 의해서가 아니라 투기 심리에 의해 초래됐다는 점에서 단속의 손길이 필요한 상황이었다. 지금 이뤄지는 일련의 정부 조치가 불가피했다는 얘기다.  물론 경기 변동에 따라 집값이 오르거나 내릴 수 있다. 하지만 상식을 뛰어넘는 과도한 급등은 누구에게도 바람직하지 않다. 이런 상황에서 정부 규제가 과연 얼마나 지속적으로 이뤄질 수 있느냐 하는 것이 중요하다. 요즘의시장 위축이 단속을 피해 잠시 숨을 돌리고 있는 것이라는 사실을 감안할 필요가 있다. 규제가 느슨해지면 다시 아파트값 폭등 현상이 재발할 우려가 충분하다. 선거철마다 여야 정치권이 선심 공약을 경쟁적으로 제시했던 기억도 없지 않다. 일관성을 지키지 못한다면 부동산 정책은   실패하기 마련이다.  ▶계좌회복프로젝트! 상위 전문가의 투자전략 및 추천종목‘[무료확인]’ ▶14년 연속 1위, 대한민국 대표 스탁론 하이스탁론 '    ' ＜ⓒ종합 경제정보 미디어 이데일리 - 무단전재 & 재배포 금지＞   "
272,4,"2018-05-23","06:00:00","[명사의서가]①윤철호 회장 ""출판사도 탄탄해져야 좋은 책 나오죠""","- 윤철호 대한출판문화협회 회장 - 추천도서 '성공하는 기업들의 8가지 습관' - ""기업활동과 가치추구하는 삶 연결돼 있어"" - ""올해 '책의 해'…국민들 책과 가까워지길""      윤철호 대한출판문화협회 회장은 “책과 사유는 떼려야 뗄 수 없는 관계”라며 “책읽는 습관이 깊이있는 나라를 만들고 나아가 튼튼한 민주주의의 발판이 된다”고 강조했다(사진=방인권 기자).  [이데일리 이윤정 기자] “내가 생각했던 바람직한 삶의 모델은 사장님이라고 불리는 것과는 거리가 멀었다. 하지만 출판사가 흥하고 망하는 걸 보니 정신이 번쩍 들더라. 좋은 기업을 만드는 것이 곧 훌륭한삶을 사는 것이고 그게 큰 의미가 있다는 생각이 들었다.”   윤철호(57) 대한출판문화협회 회장은 평생을 책과 함께 동고동락해온 ‘출판쟁이’다. 흔히 출판이라고 하면 정적이고 고지식한 이미지를 떠올린다. 하지만 윤 회장의 삶은 그야말로 롤러코스터를 탄 것처럼 파란만장했다. 군부 독재 시절 학생운동을 하다 세 번이나 수감됐고, 출판사를 운영하면서 한 때 성공도 했으나 두 번의 위기도 맛봤다.   그때마다 그를 다시 일으켜 세운 건, 또 책이었다. 윤 회장이 인생의 책으로 꼽는 ‘성공하는 기업들의 8가지 습관’(짐 콜린스·제리 포라스저·김영사·2002)은 출판경영인으로서 삶을 재정비하게 만들었다. 윤 회장은 “내가 출판사를 하면서 ‘돈을 벌어야 한다’는 생각이 부족했기 때문에 실패도 경험했다”며 “‘성공하는 기업들의 8가지 습관’은 중소기업사장으로서 처음으로 현대화 훈련을 하게 해 준 책”이라고소개했다.   △월간지 창간했지만 ‘빚더미’  윤 회장이 어린 시절을 보냈던 1970년대의 김포는 당시만 해도 농촌이었다. 막연히 꿈과 희망을 향해 열심히 살아야 한다는 생각으로 공부만 파고들었다. 대학생이 되고 난 후에는 역사의 소용돌이에 휘말려 어려움도 겪었다. 1980년대 군부 독재 시절 대학을 다니던 윤 회장은 학생운동을 하다가 구속과 출소를 반복했다. 그 사이 정권이 바뀌면서 민주화의 물결   이 밀려왔고, 당시 진보적인 학문을 고민하던 사람들과 함께 1990년대 초반 월간 ‘사회평론’을 만들었다.  “이전에는 각종 탄압으로 할 수 없던 일들을 합법적으로 할 수 있게 되면서 노동 운동 하던 사람들이 의견을 모았다. 당시는 ‘신동아’나 ‘월간조선’ 등 정치 월간지의 전성시대였다. 우리도 전달해야 할 진실과 관점이 있다고 생각해 월간지 작업을 시작하게 됐다.”   현실은 녹록지 않았다. 사무실을 얻으려고 3억원을 모았다가 몇 달 만에 빈털털이가 됐다. 여기저기 돈을 꾸러 다녔다. “적자가 계속되면서 빚어 불어나 사채까지 끌어다 썼다. 아침에 눈 뜨기가 싫어서 그대로 죽었으면 좋겠다는 마음으로 몇 년을 살았다.”  △“경영철학과 리더십 일깨워준 경영서”  부도 위기에서 단행본 출판에 본격적으로 뛰어든 후 ‘영어공부 절대로 하지마라’를 냈는데 소위 대박이 났다. 200만부 가까이 팔리면서 빚도 다 갚고 돈도 좀 쌓았다. 사업을 확장하면서 두 번째 위기가 찾아왔다. 그때 만난 책이 ‘성공하는 기업들의 8가지 습관’이다. 미국의 저명한 경영컨설턴트인 짐 콜린스가 쓴 책으로 한계를 뛰어넘은 ‘위대한 기업’이 어떻게 생겨났는지를 개념적으로 정리해 큰 반향을일으켰다.  “오래가는 기업을 만드는 방법을 이야기하는 코너로 ‘이윤추구를 넘어서’란 항목이 있다. 자선활동도 돈을 벌고 난 다음에 하라고 하더라. 그동안 내가 배웠던 기본상식으론 기업의 이윤추구는 인간다운 삶과는 거리가 멀다고 생각했다. 하지만 책을 읽고 나니 ‘돈을 번다는 행위도 정당하구나’ 하는 생각이 들었다.”   책은 겸손함과 불굴의 의지를 가진 리더십, 적합한 인재 배치, 냉혹한 현실 직시는 ‘위대한 기업’으로 도약하기 위한 축적 과정이라고 말한다. “당신이 가치있는 삶을 원한다면 그 삶의 방식이 ‘일’이 될 수도 있다는 이야기를 하고 있다. 기업활동과 가치를 추구하는 삶이 떨어져 있는 게 아니란 얘기다. 일과 삶을 통일할 수 있어야 직원들에게 ‘열심히 하자’고 독려하는 것도 의미가 있을 수 있다고 하더라.”   이후 목표가 달라졌다. 오랫동안 함께 일할 수 있는 좋은 회사를 만들   기 위해 노력했다. “장기적인 관점에서 경영을 고민하면서 오히려 베스트셀러를 안 내는 전략을 궁리했다. 중소기업 사장을 직접 하면서 경영서를 읽어보니 경험이 정리되는 효과를 봤다. 돈을 벌어보려고 애쓰고 사람을 내보내기도 해봐서 내용이 더 와 닿더라. 책을 통해 경영의혁신을 생각해볼 수 있게 됐다.”  △ ‘2018 책의 해’ …“독서하는 힘이 건강한 미래 만들어”  올해는 정부가 1993년 이후 25년 만에 지정한 ‘책의 해’다. 윤 회장은 ‘2018 책의 해’ 조직위원장을 맡고 있다. 당장 6월에 ‘서울국제도서전’과 함께 9월 ‘대한민국 독서대전’, 10월 ‘전국도서관 대회’, 11월 ‘서점의 날’ 등 챙겨야 할 일들이 많다.   “올해 ‘책의 해’를 통해 국민이 책을사랑하고 가깝게 할 수 있는 계기를 만들려 한다. 책을 봐야 생각이 깊어지고 삶에 자극을 받는다. 책 읽는 문화 확산을 위해서는 민·관이함께 노력해야 한다. 결국 독서하고 사유하는 힘이 건강한 대한민국을 만든다고 믿는다.”  윤 회장은 ‘문화강국’을 만들기 위해서는 제도적인 뒷받침이 필수적이라고 역설했다. “출판의 질이 높아지고 출판사도 커져야 좋은 책을 많이 제공할 수 있다. 그러려면 저작권법과도서관법 등 법개정은 물론 ‘문(文)’에 투자를 아끼지 말아야 한다. ‘책의 해’를 계기로 책 읽는 문화를 만들고 출판산업도 함께 성장할수 있길 바란다.”  ◇윤철호 회장 약력   △1962년 경기 부천 출생 △1985년 서울대 철학과 졸업 △1991년 월간 ‘길을 찾는 사람들’ 편집장 △1992년~현재 사회평론 대표이사 △2011년 한국출판인회의 부회장 △2014 대한출판문화협회 48대 이사 △2015 한국출판인회의 회장, 한국출판문화진흥재단 이사 △2016년 출판도시문화재단 이사 △2017년 대한출판문화협회 회장, ‘2018 책의 해’ 조직위원장      윤철호 대한출판문화협회 회장이서울 종로구 삼청로 대한출판문화협회 사무실에서 이데일리와 인터뷰를 하고 있다(사진=방인권 기자).  ▶계좌회복프로젝트! 상위 전문   가의 투자전략 및 추천종목‘[무료확인]’ ▶14년 연속 1위, 대한민국 대표 스탁론 하이스탁론 '    ' ＜ⓒ종합 경제정보 미디어 이데일리 - 무단전재 & 재배포 금지＞   "
272,5,"2018-05-23","06:00:00","전국신인무용대회 대상 이태웅 ""한국무용의 어벤져스 되겠다""","제55회 전국신인무용대회에서 ‘탄하여 보내옵노니’로 대상을 수상한 무용가 이태웅이 10일 서울 중구 이데일리 본사에서 인터뷰에 앞서 포즈를 취하고 있다.(사진=신태현기자)[이데일리 고규대 기자] “8번의 콩쿠르 도전 끝에 대상을 받은 다음날, 세상이 하루 전과 달라 보였어요.” 무용수의 삶은 녹록치 않다. 경쟁은 치열하고 노력은 성공을 보장하지 않는다. 운도 따라야 하고, 인맥도 좋아야 한다. 무용수 이태웅(27)은 (사)한국무용협회가 주최·주관한 제55회 전국신인무용대회에서 한국무용창작부문에서 ‘女, 탄(彈)하여 보내옵노니’라는 작품으로 금상을 수상했고, 이 대회에 참가한 한국무용 전통·한국무용 창작·현대무용·발레 등 각 부문 금상 수상자 8명이 겨루는 경연에서 대상의 영광을 안았다.  “솔직히 힘도 없고 배경없는 무용수죠. 도전할 때마다 달걀로 바위치는 것이니 포기하고 군대에 가라는 말도 많이 들었어요. 그런데 바위를 깨뜨린 거잖아요. 대상을 받은 게 기적이라고 주위에서 응원을 많이 해줬어요. 대상 수상 후에 열심히 하는 무용수를 지키겠다는 조남규 한국무용협회 이사장의 말을 듣고, 작은 도전이 큰 결과를 낳는구나라는 희망을 믿게 됐죠.”  이태웅은 한성대 무용과를 졸업한 넉넉지 않은 살림살이의 무용수다. 가진 것 하나 없이 배경조차 없다. 콩쿠르 나갈 때마다 안무·의상·분장 비용으로 빚도 쌓인다. 많게는 몇 천만원이 든다는 안무도 지인의 도움으로 적은 돈을 들여 만들어냈다. 보이지 않는 인맥과 파벌을 뚫고 얻은 결과여서 더 값지다. 기회는 평등하고, 과정은 공정하고, 결과는 정의로운 성과를 일궜다는 게 그의 속내였다. 앞으로 아르바이트를 해서라도 갚아야 할 돈이 남았지만, 꿈으로마 여겼던 대상이니 모든 걸 다 얻은 기분이다.      무용수 이태웅의 ‘女, 탄(彈)하여 보내옵노니’의 한 장면.“2016년 동상, 2017년 은상, 2018년 금상까지 차례대로 올라왔어요. 그런   데 대상까지 받게 되다니... 오른쪽 어깨 탈골로 지난해 관절을 철실로 묶는 부상을 딛고 무대에 올라 몸이 부서져라, 춤을 췄던 게 좋은 결과를 만든 거 같아요.”  이태웅은 이번 대회에서 전통과 현대를 조화롭게 구성한 안무와 기승전결로 표현된 한국적 정서를 표현해 높은 평가를 받았다. 거문고를 여자로 의인화해서 사랑하는 여자를 거문고 연주와 함께 저승으로 떠나 보내는 애틋함을 담아냈다. 4분30초 분량의 안무와, 거문고 연주와 여자의 구음으로 음악을 만들었다.   “한국무용 창작 부문은 뛰고 뒹구는 현대적 스타일의 춤이 많이 가미되곤 해요. 한국적 춤사위를 강조한 대목을 의도적으로 구성했어요. 4장으로 무용을 나눠 2장에서 전통 무용을 떠올리는 춤사위를 담아내 과거와 현대를 모두 담아낸 창작 아이디어를 낸 게 효과적이었나 봐요.”  이태웅은 이번 대회에서 대상을 받으면서 군 면제의 혜택을 받게 됐다. 시간을 벌게 돼 서울시립무용단 입단 등 자신이 꿈꿔온 무용수의 행보를 걷고 있다. 안무 등 다른 분야보다 무용수로 당분간 활동하고 싶다는 게 그의 포부다.   “한국 무용의 어벤저스 멤버가 되고 싶어요. 우리 설화에서 나오는 고유의 인물을 무용으로 만들기도 하고, 한국적 서사를 가진 무용을 맡아보고 싶습니다.”    제55회 전국신인무용대회에서 ‘탄하여 보내옵노니’로 대상을 수상한 무용가 이태웅이 10일 서울 중구 이데일리 본사에서 인터뷰에 앞서 포즈를 취하고 있다.(사진=신태현 기자)  ▶계좌회복프로젝트! 상위 전문가의 투자전략 및 추천종목‘[무료확인]’ ▶14년 연속 1위, 대한민국 대표 스탁론 하이스탁론 '    ' ＜ⓒ종합 경제정보 미디어 이데일리 - 무단전재 & 재배포 금   지＞   "
272,6,"2018-05-23","06:00:00","[명사의서가]②수동적인 삶 벗어나 비판적 사고 가져라","- 비판적인 사유하고 싶다면…윤철호 회장 추천책 - 경영자 역할 강조 '경영의 실제' - 가치관 변화를 준 '전환시대의 논리'      윤철호 대한출판문화협회 회장이서울 종로구 삼청로 대한출판문화협회 사무실에서 이데일리와 인터뷰를 하고 있다(사진=방인권 기자).  [이데일리 이윤정 기자] 윤철호 회장은 출판도 경영의 측면에서 생각해 볼 필요가 있다고 강조했다. 윤 회장은 “함께 일하기 좋은 회사를 만드는 게 경영자가 할 일”이라며 피터 드러커의 ‘경영의 실제’를 읽어볼만한 책으로 추천했다. 또한 대학시절 가치관 형성에 영향을 준 ‘전환시대의 논리’도 한번 읽어보기를 권했다.      △경영의 실제(피터 드러커·한국경제신문사)  2005년 11월 11일 타계한 세계적인 경영학자인 피터 드러커의 역작. 현대 기업의 등장과 경영자역할을 예견한 최초의 저서로 목표관리는 물론 경영자의 직무, 조직구조, 의사결정 동기부여, 조직문화, 경영자 개발 등 현대 경영학의 바이블로 통하고 있다.   경제학에 대해 종합적이면서도 이해하기 쉽게 설명했고, 경영현장의 실무자들과 기업, 공공기관, 경영자가 되려는 사람에게 균형있는 경제관을 제시한다. 기존의 경영서들이 경영의 한 가지 측면만을 제시하고 있는 데 반해 기업의 세 가지 측면인 기업, 조직, 사회적 기관을 다루고 있다. 드러커가 직접 체험하고 경험한 시어스 백화점, 포드 자동차, IBM 등의 기업사례를 바탕으로 하고 있어 더욱 흥미롭다.  윤 회장은 “회사의 목표를 세우고 나아갈 방향을 정한다는 점에서 출판도 기업경영과 크게 다르지 않다”며 “한 권의 베스트셀러를 내는 데 집착하는 게 아니라 게 아니라 훌륭한 기업을 만드게 중요하다는 생각이 들었다”고 말했다.      △전환시대의 논리(리영희·창비)  1970년대   현대사와 국제정치의 현실을 보는 시각에 ‘코페르니쿠스적 전환(기존 견해와 가치관이 180도 전환되는 것)’을 불러일으킨 현대적 고전. 사회주의 중국을 바라보는 왜곡된 시각을 교정하고 중국관계, 베트남전쟁, 일본의 재등장 문제 등을 새로운 시각에서 분석하며 신선한 충격을안겼다.   박정희 군부정권이 영구집권을 위해 유신헌법을 제정하고 국민의 민주적 권리를 박탈하는 것을 본격화하던 1974년 봄에 출간됐다. 냉전적 허위의식을 타파하는 현실인식과 편협한 반공주의를 거부하는 넓은 세계적 관점을 심어준 것은 물론 민주적 시민운동에 앞장서는 이론적 역할을 수행했다는 평가를 받았다.  윤 회장은 “반공사상을 중심으로 이데올로기 교육을 받았던 내 삶의 가치관에 변화를준 책”이라며 “수용적인 삶의 태도를 바꿔 비판적인 사유가 필요하다는 걸 깨닫게 해줬다”고 설명했다.  ▶계좌회복프로젝트! 상위전문가의 투자전략 및 추천종목‘[무료확인]’ ▶14년 연속 1위, 대한민국 대표 스탁론 하이스탁론 '    ' ＜ⓒ종합 경제정보 미디어 이데일리 - 무단전재 & 재배포 금지＞   "
272,7,"2018-05-23","06:00:00","[목멱칼럼]은행의 사회적 책임","- [이대훈 NH농협은행장] - 국가경제 성장 구심점에서 - 국민경제 균형발전 눈 돌려 - 소외계층에 금융기회 제공 - 같이 잘사는사회 만들어야      [이대훈 NH농협은행장] 르네상스가 태동할 무렵인 13세기 지중해 연안에서는 상업적 교역이 활발했다. 이와 함께 무역상의 금화를 보관해주는 금화 보관소와 여러 종류의 화폐를 교환해주는 환전상이 성행했는데 이것이 은행의 시초가 됐다. 당시 은행가들은 길거리에서 탁자를 놓고 영업을 해서 뱅크(Bank)의 어원이 이탈리아어로 ‘탁자’라는 의미인 ‘방코(Banco)’로부터 유래된 연유다.  현대적 은행의 형태는 이보다 한세기 이후인 14세기 이탈리아에서 시작됐다. 이때부터 예금을 받아 대출을 해주는 자금중개 역할을 하는 은행이 등장했고 이로 인해 국가 간교역은 더욱 활성화됐다.  세계 경제사에서 은행은 경제 성장의 주춧돌 역할을 해왔다. 자금을 과잉된 곳에서 필요로 하는 곳으로 순환시킴으로써 국가 경제를 발전시켰다. 우리나라에서도 1960~70년대 개발경제 시기에 은행들이 자금지원을 통해 경제성장 기틀을 조성하는데 커다란 이바지를 했다.  이처럼 은행은 국가 경제에서 큰 축을 담당하고 있다. 그러나 최근 들어 은행을 바라보는 사회적 시선은 곱지만은 않다. 국내 은행들의 올해 1분기 순이익은 4조4000억원으로 지난해에 이어 호실적을 이어오고 있다. 이를 두고 일각에서는 은행들이 ‘이자놀이’에만 급급하고 있다는 비판의 목소리가 커지고 있다.  은행은 왜 우리 사회의 ‘공공의 적’으로 몰리고 있는가? 은행은 국가경제의 핵심으로 공적 기능을 해왔으며 금융 서비스는 모두가 누릴 수 있는 공공재 성격에 가깝다. 공공재는 사회구성원이 고르게 이용할 수있을 때에 그 가치를 발휘하는데, 은행이 지적받는 이유는 다양한 수요자들에게 골고루 제공돼야 하는 금융혜택의 수준이 사회적 기대에 못미치기 때문일 것이다.  그렇다면 은행에게 무엇이 필요한가? 이제는 은행이 기존의 금융 서비스를 넘어 사회적 약자와 금융 취약계층   에게 금융 이용의 기회가 균등하게 돌아가도록 앞장서 나가야 한다.  노벨경제학상 수상자인 아마르티아 센은 사회의 균형 발전을 위해 사회·경제적 약자의 권리와 역량을 높여야 한다고 강조했다. 이를 위해 취약계층의 자생력을 키워주는 사회적 기업이 필요하다고 말했다.은행도 사회적 약자에 대한 금융 지원을 통해 이런 기여를 담당할 수 있다고 본다. 이제 은행은 국가 경제 성장을 이끄는 구심점일 뿐만 아니라 우리 사회가 건강하게 유지될 수 있도록 사회안전망을 적극적으로 맡아야 할 시점이다.  필자가 몸담은 은행도 오랜 기간 농업인과사회·경제적 약자 지원에 힘써오고 있다. 과거 농촌에 고리대금업이 만연해 농촌경제가 피폐해졌을 때 저리(低利)의 자금대출로 고리채를 해소하고 농촌 삶의 질 개선에 크게 노력해왔다. 또한 서민층을 위한 금융지원을 확대해 국민 경제의 균형 발전에 공헌해오고 있다.  앞으로 은행이 담당해야 하는 공적 기능은 ‘다 같이 잘사는 사회’를 만들기 위한 단초를 제공하는 것이다. 금융 서비스의 사각지대가 없도록사회 소외계층에 대한 포용적 금융에 힘써야 하며 생산적 분야로의 자금 지원을 통해 경제 혁신과 일자리 창출을 도모해야 한다. 이같이 은행이 사회적 책임 이행에 최선을 다할 때 비로소 은행에 대한 국민들의 신뢰가 회복되고 우리 사회는 보다 건강해질 수 있다고 생각한다.  ‘Bank’는 ‘은행’이라는 의미 이외에 홍수로부터 강의 범람을 막아주는 ‘둑’이라는 뜻도 가지고 있다. 이처럼 은행은 줄곧 고객의 자산을 외부의 위험으로부터 안전하게 지키는 역할을 해왔다. 이제는 은행이 고객의 자산을 지키는 일 외에도 사회적 약자의 권리를 보장하는보호막이 되어 국민들에게 사랑받는 사회적 기업이 되기를 기대한다.  ▶계좌회복프로젝트! 상위 전문가의 투자전략 및 추천종목‘[무료확인]’ ▶14년 연속 1위, 대한민국 대표 스탁론 하이스탁론 '     ' ＜ⓒ종합 경제정보 미디어 이데일리 - 무단전재 & 재배포 금지＞   "
273,1,"2018-05-23","05:41:56","車 수출 대수 줄었지만 단가는 높아져","평균 단가 1만5000弗대 진입   완성차업체 수익성 확보 도움     [ 박종관 기자 ] 올 들어 승용차 수출 대수가 작년보다 감소했지만 대당 평균 단가는 오히려 높아진 것으로 나타났다. 수출 부진을 겪는 완성차 업체들의 수익성 확보에도 도움이 될 전망이다.  22일 한국자동차산업협회에 따르면 올해 1분기 현대·기아자동차, 한국GM, 르노삼성자동차, 쌍용자동차 등 국내 완성차 5개사의 전체 수출 대수는 57만3430대로 지난해 같은 기간보다 8.6% 줄었다. 같은 기간 승용차 누적 수출액도 88억6595만달러로 6.0% 감소했다.  반면 올해 1분기 승용차 평균 수출단가(수출 금액/총수출 대수)는 1만5500달러로 작년 동기 대비 2.9% 늘었다. 평균 수출 단가는 2010년 1만2000달러를 기록한 뒤로 꾸준히 상승했으며, 작년(1만5100달러)에 사상 처음으로 1만5000달러대에 진입했다.  수출량 감소 속에서도 대당 단가가 상승한 것은 스포츠유틸리티차량(SUV)과 고급차 수출이 늘어났기 때문이다. 대당 수출 단가가 가장 많이 오른 업체는 쌍용차였다. 올해 1분기 쌍용차의 승용차 수출 단가는 1만8200달러로 작년 같은 기간과 비교해 16.2% 올랐다.  업계 관계자는 “업체들이 고부가가치 차종 수출을 늘리는 데 주력하고 있다”며 “대당 수출 단가가 오르면 업체 수익성 확보와 실적 개선에 도움이 될 것”이라고 내다봤다.  박종관 기자 pjk@hankyung.com     기업의 환율관리 필수 아이템! 실시간 환율/금융서비스 한경Money [ 무료 주식 카톡방 ] 국내 최초, 카톡방 신청자수 38만명 돌파 < 업계 최대 카톡방 > --> 카톡방 입장하기!!     관련기사 ""정말 이례적인 일"" 망연자실한 신혼부부들 왜? 국산차 1월 성적표 양호… 내수 회복·수출 감소폭 개선 돈방석 앉은 연예인들…1인 방송 BJ 수입 어떻길래 車 수출 2분기째 줄어…대미 수출은 6분기 만에 최대 감소 ""셈하기도 어렵다"" 방탄소년단 경제적 가치가 무려    ⓒ 한국경제 & hankyung.com, 무단전재 및 재배포 금지"
273,2,"2018-05-23","05:41:35","음악감상도 멜론보다 유튜브… 국내 음원시장까지 잠식 우려","이용자 비율 43%까지 올라   멜론 28%·네이버 6% '고전'      [ 김주완 기자 ] 국내 모바일 서비스 이용자 절반 정도가 구글의 동영상 서비스인 유튜브를 음악 감상용으로 쓰고 있는 것으로 나타났다. 막강한 동영상 플랫폼을 앞세운 유튜브가 국내 음원시장까지 급격히 잠식하고 있다는 우려의 목소리가 나온다.  22일 한국인터넷기업협회가 내놓은 ‘모바일 이용행태 보고서’에 따르면 지난 3월 전국 만 15세 이상 1000명을 설문조사한 결과 ‘모바일 서비스로 음악 감상 시 주로 유튜브 앱을 이용한다’고 응답한 비율이 43.0%에 달했다. 이어 카카오M의 멜론(28.1%), KT의 지니뮤직(7.7%), 네이버의 네이버뮤직(6.5%) 등의 순이었다.  복수응답(1·2순위 합산)의 경우 유튜브 이용자 비율이 75.4%까지 치솟았다. 멜론(47.4%), 네이버뮤직(28.0%) 등이 뒤를 이었다. 연령대별로는 15~18세는 유튜브 다음으로 멜론(64.4%), 40대(32.8%)와 50대(34.1%)는 유튜브다음으로 네이버뮤직을 선호했다.  유튜브의 가장 큰 장점은 ‘무료’ 서비스라는 것이다. 유튜브에서는 별도의 비용 없이 뮤직비디오나 이용자가 올린 동영상에서 나온 음원 등으로 멜론의 스트리밍(실시간 감상) 서비스처럼 음악을 즐길 수 있다.  정보기술(IT)업계 관계자는 “유튜브가 무료로 서비스하는 대신 동영상에 붙이는 광고로 이용자를 유인하고 있다”며 “무료 서비스로 시장점유율을 높인 다음 유료 이용으로 유도할 것”이라고 내다봤다.  최근 유튜브는 동영상에 노출하는 광고 수를 대폭 늘리면서도 광고 없이 동영상이나 음원을 즐길 수 있는 ‘유튜브 프리미엄’, 유튜브 뮤직 프리미엄’ 등의 새로운 유료서비스를 내놨다.  유튜브가 국내 음원 서비스 시장까지 장악하면서 국내 인터넷 서비스 사업자들 입지는 그만큼 좁아지고 있다.  포털업체 관계자는 “국내외 업체 간 음원 저작권료 차별 등 각종 불공정한 정책이 구글 등에 유리하게 작용해 해외 업체의배만 불리고 있다”고 토로했다.  김주완 기자 kjwan@hankyung.com     기업의 환율관리 필수 아이템! 실시간 환율/금융서비스 한경Money [ 무료 주식 카톡방 ] 국내 최초, 카톡방신청자수 38만명 돌파 < 업계 최대 카톡방 > --> 카톡방 입장하기!!     관련기사 한복 세계화 이끈 '바람의 옷' 디자이너 이영희 씨 별세 ""정말 이례적인 일"" 망연자실한 신혼부부들 왜? SKT, 유튜브 광고 조회 수 2000만건 돌파 돈방석 앉은 연예인들…1인 방송 BJ 수입 어떻길래 ""셈하기도 어렵다"" 방탄소년단 경제적 가치가 무려    ⓒ 한국경제 & hankyung.com, 무단전재 및 재배포 금지"
273,3,"2018-05-23","05:40:56","LG전자, 세계 최대 정원박람회 '첼시 플라워쇼' 참가","친환경 정원 '에코시티' 선봬     [ 고재연 기자 ]  LG전자가 22일 영국 런던에서 열린 세계 최대 정원·원예 전시회인 ‘첼시 플라워쇼’에 친환경 정원인 ‘LG 에코시티’(사진)를 선보였다. 오는 26일까지 열리는 이번 전시회에 참가한 국내 기업은 LG전자가 유일하다. 유명 정원디자이너 겸 조경건축가인 황혜정 작가와 함께 조성한 친환경 주방공간을 소개했다.  LG 에코시티에는 이탈리아 명품 주방가구 브랜드 ‘보피’와 LG전자의 프리미엄 빌트인 가전 ‘시그니처 키친스위트’ 제품이 설치됐다. 회사 관계자는 “LG시그니처 올레드TV와 씽큐 스피커, LG 퓨리케어 360도 공기청정기 등 프리미엄 제품들을 단풍나무와 틸란드시아 아이비 등 대기오염을 줄이는 식물들과 함께 전시했다”고 설명했다.  LG전자는 관람객에게 스마트폰 ‘LG G7 씽큐’를 통해 주위의 공기질 상태를 확인하고 공기청정기 풍량을 조절할 수 있는 사물인터넷(IoT) 체험 기회도 제공했다. 고효율 태양광 모듈인 ‘네오2 블랙’을 설치해 태양광에너지를 식물 성장에 활용하는 조명기술도 선보였다.  고재연 기자 yeon@hankyung.com     기업의 환율관리 필수 아이템! 실시간 환율/금융서비스 한경Money [ 무료 주식 카톡방 ] 국내 최초, 카톡방 신청자수 38만명 돌파 < 업계 최대 카톡방 > --> 카톡방 입장하기!!     관련기사 LG전자, 14㎏ 대용량 트롬 건조기 출시 ""정말 이례적인 일"" 망연자실한 신혼부부들 왜? 돈방석 앉은 연예인들…1인 방송 BJ 수입 어떻길래 'LG 그램' 100만대 기념… 한정판 노트북 출시 ""셈하기도 어렵다"" 방탄소년단 경제적 가치가 무려    ⓒ한국경제 & hankyung.com, 무단전재 및 재배포 금지"
273,4,"2018-05-23","05:38:27","오전에 비 그치고 맑아져…밤부터 황사 주의","오전에 비 그치고 맑아져…밤부터 황사 주의    (서울=연합뉴스) 황재하 기자 = 수요일인 23일 전국 대부분 지역에서 차츰 비가 그치고 오전부터 맑아지겠다.  전날 오후부터 이날 오전 4시까지 누적된 강수량은 서울 19㎜, 수원 20.2㎜, 춘천 14㎜, 전주 28.8㎜ 등이다.  기상청은 경상도, 울릉도ㆍ독도에 5~10㎜, 강원 남부, 충북, 전라 동부, 제주도 산지에 5㎜ 미만의 비가 더 올 것으로 내다봤다.  최근 중국에서 발생한 황사의 영향으로 밤부터 황사가 나타나는 곳이 있겠다. 황사의 영향이 매우 유동적이어서 향후 기상정보를 참고해야 한다고 기상청은 당부했다.  미세먼지 농도는 수도권과 강원 영서, 충청권, 호남권에서 '나쁨', 그 밖의 권역은 '보통'으로 예상된다. 모든 권역에서 '나쁨' 또는 '매우 나쁨' 수준이 나타날 가능성도 있다.  오전 5시 현재 기온은 서울 14.6도, 인천 14.1도, 수원 15.2도, 춘천 15.8도, 강릉 15.2도, 청주 16.7도, 대전 16.7도, 전주 16.6도, 광주 16.8도, 제주 16.9도, 대구 16.1도, 부산 16.7도, 울산 16.7도, 창원 15.8도 등이다.  낮 최고기온은 19~27도로 예보됐다.  서해안과 서해, 제주도 해상에서 바람이 강하게 불 것으로 보여 시설물 관리와 항해ㆍ조업하는 배의 안전에 유의할 필요가 있다.  바다의 물결은 동해 먼바다에서 0.5~2.5m, 서해ㆍ남해 먼바다에서 0.5~2m로 일겠다.  jaeh@yna.co.kr   (끝)    <긴급속보 SMS 신청> <포토 매거진> < M-SPORTS >   <저작권자(c) 연합뉴스, 무단 전재-재배포 금지>"
273,5,"2018-05-23","05:38:17","[한미정상회담] 청와대 ""북미정상회담 통한 北 비핵화 위해 긴밀 공조키로""","[워싱턴=뉴스핌]김근철 특파원=미국을 방문중인 문재인 대통령은 22일(현지시각) 미국 백악관에서 열린 도널드 트럼프 대통령과의 정상회담에서 다음 달 12일 예정돼 있는 북미정상회담에서 북한의 비핵화를 이끌어내기 위한 한미간 공조를 긴밀히 하는데 뜻을 같이했다고 청와대가 밝혔다.  청와대는 이날 백악관에서 열린 문 대통령과 트럼프 대통령의 단독및 업무 오찬을 겸한 확대회담 이후 발표한 보도자료를 통해 이같이 전했다.   22일 백악관에서 회담을 갖는 문재인 대통령과 트럼프 대통령 [사진=로이터 뉴스핌]  청와대는 ""두 정상이 특히 판문점선언 내용에 따라 '완전한 비핵화'를 이행했을 때 북한에 밝은 미래를제공하기 위한 구체적 방안들에 대해서도 밀도 있게 협의했다""고 설명했다.  두 정상은 북핵 문제가 조기에 해결되도록 한미가 중심이돼 주변국들과 지속해 협의한다는 데도 의견을 모았다.  문 대통령과 트럼프 대통령은 한미 동맹이 북핵문제 해결뿐만 아니라 한반도 및 역내 평화와 안정에 중추적 역할을 담당해 온 핵심축임을 재확인했다고 청와대는 전했다.  양 정상은 지난해 6월 한미정상회담 당시 발표한 공동성명에서 발표한 대로 한미 동맹이 더 위대한 동맹으로 발전해 나갈 수 있도록 외교·국방·안보 당국 간 공조를 강화해 나가기로했다.  ▶ [평생무료] 매일 실시간 방송♠국내 최정상전문가의 종목 공개♠유료보다 더 좋은 무료 강좌 및 프리미엄전략!☞[무료확인]  ▶ 국내최고 전문가 수익률대결종목! 실시간으로 알려드립니다※바로신청※  문 대통령은 ""판문점선언에서 남북 정상이 합의한 대로 남북관계를 지속적으로 발전시켜 가고자 하는 뜻에 변함이 없으며, 이러한 남북관계 진전에 있어 미측과 계속 긴밀히 소통하고 공조해 나가겠다""고 밝혔다.  청와대는 문 대통령이 이밖에 ""역사적 전기를 맞은 한반도 평화와 미래에 대해 트럼프 대통령과 허심탄회하게 의견을 교환할 수 있어 기쁘다""고 말했다고 전했다.  한편 트럼프 대통령은 ""조만간 문 대통령과 다시 만날 수있기를 고대한다""고 말했다고 전했다.       kckim100@newspim.com      ▶ 500만원으로 3억만들기 50번째 주인공 탄생! [확인]  좋은 상품 다 아는 곳! 안다쇼핑!  / 최저금리 맞춤서비스 진행중 / 10분이면 4배자금가능 / 24시간 친절상담센터 1522-3233 / 씽크풀  충격! 여의도 세력들의 극비종목 무료 공개!"
273,6,"2018-05-23","05:37:52","[빚에 포박당한 2030] 인서울 vs 탈서울?… ‘선택지’는 없다","@media all and (max-width: 400px) {img{max-width:340;height:auto;}}.dayTBL a:link {font-family: 돋움;font-size: 11px;line-height: 18px;color:#666666;text-decoration: none}.dayTBL a:visited {font-family: 돋움;font-size: 11px;line-height: 18px;color: #666666;text-decoration: none}.dayTBL a:hover {font-family: 돋움;font-size: 11px;line-height: 18px;color: #840000;text-decoration: none}.dayTBL nobr {width:85px; text-overflow:ellipsis; overflow:hidden; cursor:pointer; float:left}.todayBDb {border-bottom: #000000 0.5pt solid}.tblGrp{padding:0; border-spacing:0; border-collapse:collapse; border:0;vertical-align:top;width:279px}.tblGrp td{vertical-align:top}.dayTBL {width:93px; padding:0; border-spacing:0; border-collapse:collapse; vertical-align:top; border:0}.dayTBL td{font-size:12px; font-family:돋움; color:#333333;line-height:18px;padding:0}.divSch1{float:left}.divSch2{float:left}.tdSch{border: #E6E6E6 0.1pt solid;height:75;padding:0}.tdSchToday {border: #000000 1pt solid;height:75;background-color:#fffff0;padding:0}.tdSchTomorrow {border-left:0}.tdSchYesterday {border-right:0}.tdDate{background-color:#c8e7ff;height:10;text-align:center}.ad {text-align:center; font-size:8pt; font-family:돋움;line-height:1.2}.lg {margin-bottom:20px;}.title{font-size:15px;color:#203c76;font-weight:bold;margin-bottom:20px;}a,img {border:0; outline:none; selector-dummy:expression(this.hideFocus=true);}body,td,select,input,div,form,textarea,center,option,pre,blockquote {font-size:9pt; line-height:1.6; font-family:돋움;}table{border:0px;}r {display:none;}    제목 : [빚에 포박당한 2030] 인서울 vs 탈서울?… ‘선택지’는 없다 ‘머니S’는 2018년 연중기획 시리즈 ‘혼돈의 2030, 길을 찾아라’를 진행한다. 생활비푸어, 웨딩푸어, 하우스푸어, 베이비푸어, 메디푸어 등 벗어나기 어려운 가난의 질곡 속에서 살아가는 이땅의 젊은이들. 정부와 지자체는 부채에 미래를 저당 잡힌 청년층을 위해 금융지원과신용회복제도 등을 운영하지만 구조적인 문제 해결에는 다가서지 못한 수준이다. 대학 등록금 대출로 시작해 평생 빚에 포박돼 살아가야 하는 푸어세대의 실태를 들춰봤다. - 편집자 -   안정적인 생활을 위한 ‘주거’는 빚의 가장 큰 원인이다. 게다가 그 부채 규모는 직장생활을 평생 해도 갚기 힘든 천문학적 액수다. 생존을 위한 주택담보대출이 외려 삶을 짓누르는 양태를 보인다. 많은 것을 포기하게 하는 주거빈곤이 2030세대 삶의 질을 어떻게 떨어뜨리는지 두 부부의 생활을 따라가 봤다.  /사진=뉴시스 박주성 기자  # 정윤정·인도연씨(가명) 부부는 누가 봐도 사회적 성공이 보장된 중산층이다. 둘이합해 1억원 넘는 연간 소득과 대기업 직장, 서울에 사둔 30평대 아파트, 자녀까지…. 특히 결혼 후 대출 받아 산 아파트 가격이 두배 가까이 올라 주변사람들은 종종 “대단하다”, “부럽다”며 정씨 부부를 치켜세운다.  하지만 이들에게는 남모르는 고민이 있다.매달 대출원리금으로 빠져나가는 돈이 한사람의 월급이다 보니 아이 보조양육비와 생활비까지 경제사정이 빠듯하다. 결국은 집을 월세로 임대하고 인근 작은 빌라를 얻어 살게 됐다. 아이는 비좁은 집에서 힘들게 키우기 싫어 부모님 집으로 보냈다. 대출 부담이 적은 집으로 이사하는 방법도 알아봤지만 집값이 오른 건 정씨네만이 아니라서 쉽지 않다.  # 김대민·임수정씨(가명) 부부는 외벌이로 두 아이를 키운다. 서울 강남의 회사를 다니며 다 쓰러져가는 8평짜리 전셋집에 살던 김씨는 아이들이 커가면서 비싼 집세를 피해 경기도 광주로 이사했다. 집주인이 전세금을 3000만원 올려달라고 한 것이 결정적인 이유였다.  김씨는 월급의 30%를 대출원리금으로 낸다. 그나마 광주라서 이만한 비용으로 이만한 집에 살 수 있다는 사실을 위안 삼는다. 넓은 새집에서 뛰노는 아이들을 볼 때는 행복감도 느낀다. 하지만 한편으로는 하루 4시간의 출퇴근길 때문에 오전 5시에 기상해 밤 11시가 돼야 귀가하고 아이들의 잠든 모습밖에 볼 수 없는 현실이 슬프기도 하다. ‘나 하나 희생하면 온가족이 편하다’는 생각으로 내린 결정이지만 육아로 경력단절된 아내가 우울증까지 겪자 과연 누구를 위한 선택이었는지 회의가 들 때가 많다.  ◆임대주택·특공청약의 허울  공공임대아파트나 신혼부부 특별공급 청약 등 사회보장주택이 버젓이 있는데도 이들 두 부부가 이렇게 힘든 선택을 한 이유는 무엇일까.  김씨는 “신혼부부 청약을 여러차례 시도했지만 실패했고 임대주택도 우리나라에서 평생 안정적인 주거생활을 보장받는 데는 아직 불안한 요소가 많다”고 했다. 그는 “뉴스를 봐도 임대주택 사는 초등학생들이 따돌림 당하는 세상이라 선뜻 결정하기 어려운 문제”라고 덧붙였다.  실제로 한국토지주택공사(LH) 임대아파트는 거주 도중 연봉 인상 등의 이유로 소득이 기준치를 초과하면 재계약이 거절될 수 있다. 신혼부부·장애인·저소득층 등 경제적 기반이 취약한 청년에게 우선청약권을 주는 특별공급도 최근에는 소득 허위신고와 대리청약 등의 ‘금수저 위장청약’ 논란에 휩싸였다. 또 아파트가 성공적인 재테크를 위한 필수수단으로 인식돼 임대주택을 선호하지 않는다는 의견도 있다.  정씨는 “아파트는 단순히 주거수단일 수도 있지만 재테크로서의 기능이 커 재매각이 수월한 대단지아파트여야 하고 아이 교육환경을 위해서는 필수라고 생각한다”고 말했다.     # 정씨는 두 사람이 열심히 일하다 보면 빚을 다 갚을 날이 온다는 희망으로 버틴다.  아이가 아직은 어려서 고생을 감수할 만하지만 매일매일 커가는 모습을 지켜보지 못해 마음이 아프다. 대출원리금 걱정으로밤잠을 이루지 못하는 날도 많다.  # 김씨의 요즘 걱정은 아이들이 학교에 진학한 뒤다. 교육환경이 더 나은 서울로 언젠가는 돌아가야 한다는 생각은 아내도 마찬가지다. 무엇보다 아이를 낳기 전 초등학교 방과후 영어교사를 하던 아내가 다시 경력을 살릴 수 있는 일자리가 광주에는 없다. 결국 좁고 낡은 서울의 전셋집을 다시 찾을 수밖에 없다. 2~3년 안에 수억원을 모을 수없다면 말이다.  ◆주거빈곤이 중산층 이탈 가속화  주거문제 해결이 늦어질수록 중산층 붕괴와 사회적빈곤화는 빨라진다. <머니S>와 인크루트가 지난달 공동진행한 설문조사에서 안정적인 자녀양육을 위해 가장 필요한 요소로 ‘주거안정’을 꼽는 사람은 전체 응답자 900여명의 22.3%에 달했다.  국토교통부와 국토연구원이 최근 발표한 ‘2017년 주거실태조사’에 따르면 청년가구의 최저 주거기준 미달비율은 10.5%로 10명 중 1명이 주방과 화장실이 미비한 14㎡(4평대) 이하의 공간에 사는 것으로 나타났다.   천주교 서울대교구 빈민사목위원회 등 20개 단체가 참여하는 ‘주거권 실현을 위한 한국 NGO모임’은 최근 유엔에 ‘2018 한국 주거권보고서’를 전달했다. 보고서는 적절한 주거의 정의를 ‘비용과 환경’ 두가지 요건이 갖춰진 상태로 명시하면서 한국사회에서 가난한 사람을 위한 주거권이 없다고 밝혔다.  최은영 한국도시연구소 연구위원은 “박근혜정부의 국책사업이던 뉴스테이만 봐도 임대주택이 투자자인 대기업의 이윤을 위해 존재하지 다양한 계층의 주거권을 보장하지 않는다”고 지적했다.  ☞ 본 기사는 <머니S> 제541호(2018년 5월23~29일)에 실린 기사입니다.   ☞ ""수지, 무심코 던진 돌멩이에 개구리 죽어""… 무슨 일? ☞ 충격적인 이연걸 근황, 투병 중인 액션 스타 ☞ 노사연 아들, ""DNA의 혁명""… 얼마나 훈남이길래? ☞ 이서원, 성추행 후 SNS에 사진… 누리꾼들 ""무서운 인간"" ☞ 걸그룹 출신 연예인 A씨 집짓기에 주민들 뿔났다     해당 기사는 머니S(moneys.mt.co.kr)에서 제공한 것이며 저작권은 제공 매체에 있습니다. 기사 내용 관련 문의는 해당 언론사에 하시기 바랍니다.  ■[하이스탁론] 주식자금이 필요할 땐 ☎ 1599-6222 연 3% 업계 최저금리, 자기자본 포함 최대 4배, 연장수수료 無 주식 매도 없이 미수, 신용 대환 / 마이너스통장식 / 기대출자도 가능 ☞ 14년 연속 스탁론 점유율 1위, 노주현이 추천하는 [하이스탁론 바로가기]  ▶【급등임박株】 “정책+실적+수급분석 완료” 주도주 '2선' 추천받기  ◆""숨은 진주발굴"" 당뇨치료제 상용화 임박! <재료주공개>   [이슈&섹터 스케줄]    2018-05-21 - 독일 증시 휴장 - 여야, 특검·추경 동시 처리 예정 - 2018년 AfDB 연차총회 개최 예정   2018-05-22 - 석가탄신일 - 국내, 홍콩 증시 휴장 - 韓-美 정상회담   2018-05-23 - 월드IT쇼(WIS) 개최 - 2018 글로벌 액셀러레이터 컨퍼런스 & 데모데이 개최 - 폼페이오, 美 하원 청문회 출석 예정(현지시간)      2018-05-24 - 금융통화위원회 - 文 대통령, 정부 개헌안 국회 표결 예정 - 韓-中 산업장관 회의 개최 예정   2018-05-25 - 미국 제외 이란 핵 합의 당사국 이행 문제 논의 예정(현지시간) - 삼성전자, 갤럭시S9·S9+ 버건디레드 출시 예정 - 삼성바이오로직스 감리위 2차회의   2018-05-26 - 동원 보호예수 해제 - 오늘의 프로야구      Copyright ⓒ True&Live 증시뉴스 점유율1위, 인포스탁(www.infostock.co.kr) 인터넷신문(경기아51008)/무단전재 및 배포금지   본 뉴스(정보)는 해당종목의 매수/매도신호가 아니며, 이를 근거로행해진 거래에 대해 책임을 지지 않습니다."
273,7,"2018-05-23","05:37:45","유가 최근 고공행진에 '숨고르기'...보합권서 혼조","국제유가는 22일(현지시간) 보합권에서 혼조 양상을 보였다. 세계 최대 원유매장국인 베네수엘라에 대한 미국의 경제제재 움직임에주목하면서 숨 고르기 장세를 연출했다는 분석이다.   미 서부텍사스산 원유(WTI) 6월 인도분은 이날 뉴욕상업거래소(NYMEX)에서 0.11 달러(0.2%) 하락한 72.13달러에 거래를 마쳤다.  런던 ICE 선물거래소의 6월물 브렌트유는 소폭 오름세를 보였다.   브렌트유는이날 장중 한 때 배럴당 80달러를 넘기도 했지만 상승 폭을 줄여 0.25달러(0.32%) 상승한 79.47달러에 거래됐다.   국제 금값은 소폭올랐다. 이날 뉴욕상품거래소에서 6월물 금 가격은 온스당 1.10달러(0.08%) 오른 1,292달러에 거래를 마쳤다. 금값은 별다른 재료 없이 보합권에서 움직였다.  /뉴욕 = 손철 특파원 runiron@sedaily.com    ▶▶ 2018년 정부 정책 수혜주 TOP 10 大공개! (바로 확인)  ▶▶ 재료노출 임박한 상위1%의 극비정보 30명한정 공개(무료)    [ⓒ 서울경제, 무단 전재 및 재배포 금지]"
274,1,"2018-05-23","05:27:38","'거짓 핑계'로 계약해제 막은 상조업체","공정위, 부실업체 첫 적발     [ 임도원 기자 ] 거짓 핑계로 계약을 해제해주지 않은 상조업체가 공정거래위원회에 처음으로 적발됐다.  공정위는 폐업 위기에 처하자 부당하게 소비자의 계약 해제를 방해한 상조업체들을 할부거래법 위반 혐의로 제재하기로 했다고 22일 밝혔다. 공정위에 따르면 A상조업체는 올초 회생절차 개시 신청이 법원에서 기각됐는데도 법정관리 중인 것으로 속여 소비자의 계약 해제 신청을 거부했다. 공정위는 이 같은행위를 할부거래법상 금지된 ‘계약의 해제를 방해하는 행위’로 판단했다.  소비자가 계약 해제를 신청했다면 상조업체가 망했더라도 낸 금액의 85%까지 예치금 등을 통해 받을 수 있다. 그러나 신청하지 않았다면 낸 금액의 최대 50%까지만 보상받을 수 있다.  임도원 기자 van7691@hankyung.com     기업의 환율관리 필수 아이템! 실시간 환율/금융서비스 한경Money [ 무료 주식 카톡방 ] 국내 최초, 카톡방 신청자수 38만명 돌파 < 업계 최대 카톡방 > --> 카톡방 입장하기!!     관련기사 ""인천공항공사·면세점 담합 무혐의"" ""정말 이례적인 일"" 망연자실한 신혼부부들 왜? 어쩐지 계약파기 어렵더라니…계약해제 부당 회피한 상조업체 적발 돈방석 앉은연예인들…1인 방송 BJ 수입 어떻길래 ""셈하기도 어렵다"" 방탄소년단 경제적 가치가 무려    ⓒ 한국경제 & hankyung.com, 무단전재 및 재배포 금지"
274,2,"2018-05-23","05:25:29","브라질축구협회 ""2022 카타르 월드컵까지 치치 감독 유임""","브라질축구협회 ""2022 카타르 월드컵까지 치치 감독 유임""    (상파울루=연합뉴스) 김재순 통신원 = 브라질 축구대표팀을 이끄는 치치 감독이 2022년 카타르 월드컵 때까지 지휘봉을 잡을 것으로 보인다.  22일(현지시간) 브라질 언론에 따르면 브라질축구협회(CBF)는 2018 러시아 월드컵 성적과 관계없이 치치 감독 체제를 유지하기로 했다고밝혔다.  협회 지도부는 조만간 치치 감독을 만나 지난 2016년에 맺은 계약을 연장하는 문제를 협의할 것으로 알려졌다.  치치 감독이 유임되면 자갈루 감독과 텔레 산타나 감독에 이어 브라질 축구 사상 세 번째로 월드컵을 두 차례 연달아 치르는 사령탑이 된다.  자갈루 감독은 1970년 멕시코 월드컵과 1974년 독일 월드컵, 산타나 감독은 1982년 스페인 월드컵과 1986년 멕시코 월드컵에서 대표팀을이끌었다.     브라질 최고 인기 클럽인 코린치안스의 감독이었던 치치는 브라질이 2016 남미축구선수권대회(코파 아메리카) 조별리그에서 탈락한 이후카를루스 둥가로부터 대표팀 감독직을 넘겨받았다.  치치가 감독을 맡으면서 브라질은 2018 러시아 월드컵 남미예선에서 연승을 이어가 일찌감치 본선 진출을 확정했다.  치치 감독은 2018 러시아 월드컵에서 브라질을 가장 강력한 우승후보 가운데 하나로 꼽는 등 통산 여섯 번째 우승에 대한 열망을 숨기지않고 있다.  브라질은 2018 러시아 월드컵 본선 E조에서 스위스, 코스타리카, 세르비아와 경쟁한다.  브라질은 1930년 1회 우루과이 월드컵부터 2018년 21회 러시아 월드컵까지 유일하게 개근한 나라다.  브라질은 역대 월드컵에서 5차례(1958년ㆍ1962년ㆍ1970년ㆍ1994년ㆍ2002년) 정상에 올랐다. 2002년 한일월드컵 우승 이후 치른 3차례 월드컵에서 두 차례 8강(2006년ㆍ2010년)과 한 차례 준결승(2014년)에 머문 브라질은 이번 러시아 월드컵을 통해 16년 만에 정상 복귀를 노린다.  fidelis21c@yna.co.kr   (끝)    <긴급속보 SMS 신청> <포토 매거진> < M-SPORTS >   <저작권자(c) 연합뉴스, 무단 전재-재배포 금지>"
274,3,"2018-05-23","05:23:35","브라질축구협회 ""2022 카타르 월드컵까지 치치 감독 유임""","韓 실업률 4%…0.4%P↑   17년 만에 가장 높아   청년 실업률 11.1% 달해  ""반도체 부진땐 더 악화""      [ 임도원/김일규 기자 ] 경제협력개발기구(OECD) 회원국 중에서 지난 3월 실업률이 오른 국가는 한국과 스웨덴밖에 없는 것으로 나타났다. 주요 7개국(G7)을 비롯한 선진국은 경제 호조 등에 힘입어 실업률이 하락한 반면 한국은 급격한 최저임금 상승, 부동산 규제 등의 여파로 고용이 악화됐다. 지난 1년간 정부의 고용정책 실패가 글로벌 통계로 여실히 드러났다는 지적이 나온다.  22일 OECD에 따르면 35개 전체 회원국의 3월 평균실업률(계절조정)은 5.4%로 전달과 같았다. 미국 일본 영국 프랑스 독일 이탈리아 캐나다 등 G7 국가의 평균 실업률은 4.7%에서 4.6%로 낮아졌다. 다른 G7 국가의 수치는 그대로인 가운데 독일이 3.5%에서 3.4%로, 프랑스가 8.9%에서 8.8%로 하락한 결과였다. 독일은 1990년 10월 통일 이후 최저치를 경신하고 있고, 프랑스는 2009년 이후 가장 낮은 수치를 기록 중이다. 미국은 4.1%로 전달과 같았지만 지난달 속보치에서는 3.9%를 기록해 4월 기준 수치는 하락할 전망이다. 도널드 트럼프 대통령의 감세 정책으로 기업 실적이 호전된 데 힘입은 17년 만의 최저치라는 분석이 나온다.  이 밖에 네덜란드가 2월 4.1%에서 3월 3.9%로 떨어진 것을 비롯해 같은 기간 포르투갈(7.6%→7.4%) 핀란드(8.3%→8.2%) 덴마크(4.9%→4.8%) 스페인(16.2%→16.1%) 슬로베니아(5.3%→5.2%) 이스라엘(3.8%→3.6%) 멕시코(3.3%→3.2%) 등 국가도 실업률이 하락했다.  반면 한국은 3.6%에서 4.0%로 상승했다. 한국 실업률은 3월 기준으로 2001년에 이어 17년만에 가장 높은 수치로 치솟았다. 한국 외에 실업률이 오른 회원국은 스웨덴(5.9%→6.2%)밖에 없었다. 청년(15~24세) 실업률도 OECD 평균이 11.2%에서 11.1%로 낮아진 반면 한국은 9.9%에서 11.1%로 높아졌다. 기획재정부 관계자는 “부동산 규제로 인해 건설 부문에서 일자리가 줄어든 데 이어 제조업 분야도 고용이 위축되는 추세”라며 “반도체 호황이 끝나 수출에 타격을 입으면 고용 상황이 걷잡을수 없이 악화될 가능성이 있다”고 말했다.  임도원/김일규 기자 van7691@hankyung.com     기업의 환율관리 필수 아이템! 실시간 환율/금융서비스 한경Money [ 무료 주식 카톡방] 국내 최초, 카톡방 신청자수 38만명 돌파 < 업계 최대 카톡방 > --> 카톡방 입장하기!!     관련기사 ""정말 이례적인 일"" 망연자실한 신혼부부들 왜? 인구구조에 책임 돌리는 靑 돈방석 앉은 연예인들…1인 방송 BJ 수입 어떻길래 다우 8일 연속 상승, 하지만 경고음 쏟아낸 월가 ""셈하기도 어렵다"" 방탄소년단 경제적 가치가 무려    ⓒ 한국경제 & hankyung.com, 무단전재 및 재배포 금지"
274,4,"2018-05-23","05:22:15","생계형 적합업종 법제화… ""中企 M&A활로 막힐 것""","국회 산자위 '생계형 적합업종 특별법' 통과 논란     동반성장위 위상 추락할 듯   합의 통한 상생 노력에 '찬물'    총 73개 적합업종 품목 중   중기부 장관이 심의 후 지정  5년간 대기업 진입 금지   위반 땐 시정명령·벌금 부과     골판지 1위 태림포장 인수전   대기업 참여 막힐 수도     [ 김진수 기자 ] “동반성장위원회가 중소기업적합업종 제도를 운영할 때는 그래도 중소기업 대기업 사람들이 같이 현장에 가보고 언성높이며 토론도 했습니다. 논란은 많았지만 자율적 합의라는 것도 해보고….”  대기업 관계자의 말이다. ‘소상공인 생계형 적합업종 특별법’(생계형 적합업종)이 28일 국회 본회의를 통과할 것이 확실시되고 있다. 사회적 합의는 사라지고 모든 것을 법적으로 해결하는 분위기가 더 커질 게 안타깝다는 얘기였다. 생계형 적합업종 논란은 여기서 그치지 않는다. 골판지 등 인수합병(M&A) 작업도 차질을 빚을 것으로 보인다. 중소·중견기업을 인수하려는 대기업 진입이 원천 봉쇄되기 때문이다.    ◆동반성장위 위상 축소되나  동반성장위는 ‘대·중소기업 상생협력 촉진에 관한 법’에 따라 2011년부터 중소기업적합업종 제도를 운영하고 있다. 많은논란이 있었지만 기본 정신은 합의를 통한 상생이었다. 중소기업들이 적합업종 지정을 요구하면 대기업, 중소기업이 머리를 맞대고 논의했다. 서로의 생각을 경청하기도 했다. 불만은 있었지만 그래도 받아들였다. 하지만 앞으로 이런 자리는 사실상 사라질 것으로 보인다. 적합업종으로 지정되면 대기업 진입이 5년간 원천적으로 금지되기 때문이다. 또 위반하면 중소벤처기업부 장관이 시정명령을 내리고, 매출의 5% 이내에서 이행강제금을 부과할 수 있는 조항이 추가됐다.  형식적으로는 동반성장위 역할이 남아 있다. 소상공인 단체가 현행 중소기업적합업종 품목에 포함된 73개 업종을 중심으로 생계형 적합업종 지정을 요구하면 동반성장위가 중기부 장관에게 이를 신청할 수 있도록 해놨다. 하지만 다음 절차가 다르다. 동반성장위에서 논의하는 것이 아니다. 중기부 장관이 15명으로 이뤄진 심의위원회의 의결에 따라 적합업종을지정하게 된다. 동반성장위가 중소기업적합업종을 계속 담당한다고 하지만 사회적 합의를 지향했던 동반성장위는 신청 창구로 전락할 수밖에없는 셈이다.  업계 관계자는 “동반성장위가 (생계형 적합업종) 신청을 추천하지만 형식적인 절차”라며 “강력한 보호막인 생계형 적합업종을 선호할 수밖에 없을 것”이라고 말했다. 이에 따라 동반성장위가 지정한 적합업종 가운데 기간이 만료된단체가 우선적으로 생계형 적합업종 신청에 나설 가능성이 높다고 업계는 보고 있다. 중소기업적합업종 73개 가운데 전통떡 순대 두부 등 47 개 품목이 지정 만료된 상태다.  ◆생계형 적합업종 시장 위축될 듯  업계에서는 생계형 적합업종으로 지정되면 시장 규모가 축소될 것으로 우려하고 있다. 시장 확장 능력이 있는 대기업의 신규 시장 진입이 금지되는 데다 기존에 진입한 기업이 규모를 확장하는 것도 어려워질 가능성이 높기 때문이다.  골판지업계에서는 태림포장 영풍제지 등의 M&A에 생계형 적합업종 지정이 주요 변수가 될 것으로 보고 있다. 지난해 매출 5657억원을 기록한 태림포장은 골판지 시장 점유율 20%선을 기록하고 있는 국내 1위 업체다. 택배 수요가 많은 대기업과 아세아제지 등 동종업계에서 관심을 나타내고 있다. 한 골판지 업체 관계자는 “골판지는 택배 수요증가 등에 힘입어 매년 성장세를 보이는 분야”라며 “생계형 적합업종으로 지정되면 대기업의 인수전 참여가 사실상 막힌다”고 말했다.  김진수 기자 true@hankyung.com     기업의 환율관리 필수 아이템! 실시간 환율/금융서비스 한경Money [ 무료 주식 카톡방 ] 국내 최초, 카톡방 신청자수 38만명 돌파 < 업계 최대 카톡방 > --> 카톡방 입장하기!!     관련기사 생계형 적합업종 '法으로 대못' 논란 ""정말 이례적인 일"" 망연자실한 신혼부부들 왜? '생계형 적합업종 법제화'해야 하나 돈방석 앉은 연예인들…1인 방송 BJ 수입 어떻길래 ""셈하기도 어렵다"" 방탄소년단 경제적 가치가 무려    ⓒ 한국경제 & hankyung.com, 무단전재 및 재배포 금지"
274,5,"2018-05-23","05:20:00","""30대 같이 생겼는데""…담배 사고 편의점 신고한 고교생","[머니투데이 나단경 변호사 ] [편집자주] 외부 기고는 머니투데이 the L의 편집 방향과 다를 수 있습니다. 기고문은 원작자의 취지를 최대한살리기 위해 가급적 원문 그대로 게재함을 알려드립니다.    [[the L] [나단경 변호사의 법률사용설명서]]            최근 외관상 30대처럼 보이는 청소년에게 신분증 검사 없이 담배를 판매한 편의점 점주에게 내려진 구청의 영업정지처분이 문제가 되었습니다.       이 사안은 2015년 11월 해당 편의점에서 일하던 고등학교 2학년 아르바이트생이 돈 문제로 점주와 다투고 일을 그만두면서 악의를 품은 것에서 시작되었습니다. 이 아르바이트생은 키 190㎝ 몸무게 105㎏의 친구에게 말해 신분증 검사 없이 해당 편의점에서 담배를 사게하고 이를 경찰에 스스로 신고했습니다.       오늘은 청소년에게 담배를 판매하게 되면 어떤 법 위반이 되고, 이 경우에 어떻게 구제받을 수 있는지에 대해 알아보고자 합니다.       1. 청소년에게 담배를 판매하면 청소년보호법 위반의 형사처벌을 받을 수 있습니다.            누구든지 청소년을 대상으로 하여 담배를 판매해서는 안 됩니다(「청소년 보호법」 제28조제1항 본문). 이를 위반하여 청소년에게 담배를 판매한 자는 2년 이하의 징역 또는 2천만원 이하의 벌금에 처해집니다(「청소년 보호법」 제59조제8호). 담배를 판매하려는 자는그 상대방의 나이 및 본인 여부를 확인해야 합니다(「청소년 보호법」 제28조제3항).       2. 청소년보호법 위반의 형사처벌과 별개로 담배사업법 위반으로 영업정지 처분 등을 받을 수 있습니다.       「담배사업법」 제17조 제2항 제7호 및 같은 법 시행규칙 [별표3]에 의거, 소매인이 청소년에게 담배를 판매한 때에는 1차 위반 시 2개월, 2차 위반 시 3개월의 영업정지가 부과될 수 있습니다.       3. 억울하게 청소년에게 담배를 판매한 편의점 점주의 구제방법은?       청소년에게 담배를 판매하여 문제가 된 소매인은 벌금 등의 형사처벌에 대해서는 정식 형사재판 청구를 통해, 영업정지 등의 행정처분에 대해서는 행정심판 청구 및 집행정지 신청 등을 통해 구제받아야 합니다.       해당 사안에서는 형사절차에서 검찰은 담배를 산 학생의 외모가 30대 후반으로 보이는 점 등을 받아들여 편의점 점주의 청소년보호법 위반 혐의를 기소유예했습니다. 한편 구청은 이와는 별개로 편의점 점주에게 영업정지처분을 내렸고 이를 소송을 통해 다투게 되었습니다.       4. 영업정지처분을 소송으로 다투게 되면 공익과 사익을 비교형량하여 판단하게 됩니다.       영업정지처분을 소송을 통해 구제받기 위해서는 해당 처분이 재량권의 범위를 넘어선 위법한 처분으로 인정받을 수 있어야 합니다.       우리 판례는 “일반적으로 제재적 행정처분이 재량권의 범위를 일탈한 것인가의 여부는 처분사유로 된 위반행위의 내용과 당해처분에 의하여 달성하려는 공익목적 및 이에 따르는 제반사정을 객관적으로 심리하여 공익침해의 정도와 그 처분으로 인하여 개인이 입게 될불이익을 비교교량하여 판단한다”고 판시하고 있습니다(대법원 1993. 10. 26 선고 93누5185 판결 참조).       해당 사안에서 편의점 점주는 담배를 산 학생의 외관이 성인의 외모였다면서 성인인지 확인할 의무를 소홀했다고 탓할 수 없을정도의 정당한 사유가 있었다고 주장했습니다. 재판부는 이러한 주장을 받아들여 담배를 산 학생의 외모가 성인처럼 보이는 데다 계획적으로성인 행세를 해 청소년임을 알기는 어려웠다고 판단했습니다. 결국 법원은 청소년에게 담배를 판 위반 행위의 내용을 토대로 해당 사안에서공익의 침해 정도보다 그 처분으로 인해 개인인 편의점 점주가 입게 될 불이익이 크다고 보아 영업정지처분을 취소했고 점주가 구제받을 수있었습니다.        [나단경 변호사는 임대차, 이혼, 사기 등 누구나 겪게 되는 일상 속의 사건들을 주로 맡습니다. 억울함과 부당함을 조금이라도 덜어드리는 것이 변호사의 의무라고 생각합니다. ​나만큼 당신을 생각하는 '나단경 법률사무소'를 운영 중입니다.]          주식담보대출도 이제 부담없는 금리로 가능(안내: 02-3775-1497)   ▶▶ 2018년 상반기 급등 예상 종목 BEST 10 (바로 확인)   <키워드림론> 최저금리로 신용·미수 대환 하는 유일한 방법은    [파워 인터뷰]       [관련기사] ☞ 오는 10일 이건희 삼성회장 '와병 만4년'…장비없이 자가호흡 ☞ 아들 곁으로 간 구본무 회장…슬픔 이기고 LG 24년 이끌어 ☞ 성공을 부르는 말하기? ""목소리를 낮게 내보세요"" ☞ 자연으로 돌아간 구본무 회장 마지막길…소리없는 '울음바다' ☞ ""할아버지, 존경해요""…구본무 회장 향한 추모들      주식매입자금? 전화 한통화면 당신은 스마트컨슈머!    최저금리로 신용·미수 대환 하는 가장 경제적인 방법 (바로 확인)   ‘개미’말고 ‘슈퍼 투자자’되고 싶다면?...‘이것’만 잘 이용해도 가능해요!       나단경 변호사   <저작권자 ⓒ '돈이 보이는 리얼타임 뉴스' 머니투데이, 무단전재 및 재배포 금지>"
274,6,"2018-05-23","05:16:58","국제유가, 이란 등 지정학적 우려 속에 혼조...WTI, 0.2%↓","[머니투데이 뉴욕(미국)=송정렬 특파원]  국제유가가 혼조세를 보였다. 미국의 원유생산량 증가세가 지속되는 가운데 이란과 베네수엘라에 대한 지정학적 우려도 커지면서다.    22일(현지시간) 뉴욕상업거래소에서 6월분 서부텍사스산원유(WTI)는 전일대비 배럴당 11센트(0.2%) 떨어진 72.13달러로 거래를 마쳤다.   런던 선물거래소에서 7월분 북해산 브렌트유는 전일대비 배럴당 35센트(0.4%) 상승한 79.57달러로 장을 끝냈다. 2014년 11월말 이후 최고가다.   이란과 베네수엘라에 대한 지정학적 우려들이 유가 상승을 주도하고 있다. 마이크 폼페이오 미 국무부장관은 전날 이란에 12가지 요구사항을담은 새로운 합를 받아들이지 않을 경우 최대의 압박을 가하겠다고 밝혔다.   미 에너지정보청(EIA)는 23일 주간 원유재고량을 발표할 예정이다. S&P 글로벌 플래츠 조사에서 전문가들은 170만 배럴 감소를 전망했다.      주식담보대출도 이제 부담없는 금리로 가능(안내: 02-3775-1497)   ▶▶ 2018년 상반기 급등 예상 종목 BEST 10 (바로 확인)   <키워드림론> 최저금리로 신용·미수 대환 하는 유일한 방법은    [파워 인터뷰]      [관련기사] ☞ 오는 10일 이건희 삼성회장 '와병 만4년'…장비없이 자가호흡 ☞ 아들 곁으로 간 구본무 회장…슬픔 이기고 LG 24년 이끌어 ☞ 성공을 부르는 말하기? ""목소리를 낮게 내보세요"" ☞ 자연으로 돌아간 구본무 회장 마지막길…소리없는 '울음바다' ☞ ""할아버지, 존경해요""…구본무 회장 향한 추모들      주식매입자금? 전화 한통화면 당신은 스마트컨슈머!    최저금리로 신용·미수 대환 하는 가장 경제적인 방법 (바로 확인)   ‘개미’말고 ‘슈퍼 투자자’되고 싶다면?...‘이것’만 잘 이용해도 가능해요!       뉴욕(미국)=송정렬 특파원 songjr@mt.co.kr    <저작권자 ⓒ '돈이 보이는 리얼타임 뉴스' 머니투데이, 무단전재 및 재배포 금지>"
274,7,"2018-05-23","05:16:00","5월 23일 글로벌시장 동향(주간)","2018년 5월23일   2018년 5월22일   2018년 5월19일   2018년 5월18일   2018년 5월17일    [뉴스핌 국제부]    ▶ [평생무료] 매일 실시간 방송♠국내 최정상 전문가의 종목 공개♠유료보다 더 좋은 무료 강좌 및 프리미엄전략!☞[무료확인]  ▶ 국내최고 전문가 수익률대결종목! 실시간으로 알려드립니다※바로신청※      ▶ 500만원으로 3억만들기 50번째 주인공 탄생! [확인]  좋은 상품 다 아는 곳! 안다쇼핑!  / 최저금리 맞춤서비스 진행중 / 10분이면 4배자금가능 / 24시간 친절상담센터 1522-3233 / 씽크풀  충격! 여의도 세력들의 극비종목 무료 공개!"
275,1,"2018-05-23","05:02:00","[200자 책꽂이] 3년 후 부의 흐름이 보이는 경제지표… 외","▲3년 후 부의 흐름이 보이는 경제지표 정독법(김영익│348쪽│한스미디어)  서강대와 한국금융연수원의 강좌인 ‘경제지표 강의’를 토대로 현재경제를 진단하고 미래경제를 전망했다. 경기순환과 경기변동의 원인을 설명한 것은 물론 ‘산업활동 동향’ ‘국내총생산’ ‘수출입 동향’ ‘기업·소비자실사지수’ ‘고용’ ‘자금순환’ ‘환율’ 등의 경제지표를 정리했다. 각각을 분석해 시사점을 찾고 대응방안을 세우는 방법론까지 알려준다.       ▲중국을 빚어낸 여섯 도읍지 이야기(이유진│524쪽│메디치미디어)  역대 도읍지를 통해 중국의 3000년 역사를 살폈다. ‘삼국지연의’ 낙양으로 잘 알려진 뤄양, 송나라의 카이펑, 소동파의 고장 항저우, 근현대사 비극을 간직한 난징과 베이징까지 망라했다. 도읍지는 각 시대의 정치·경제·문화를 집약한 곳이자 중국인의 영광과 고난의 기억을 응집한 곳. 대표 사건과 인물, 장소를 다루며 이면에 숨은 의미까지 전달한다.       ▲인생은 짧다 카르페 디엠(로먼 크르즈나릭│416쪽│더퀘스트)  ‘현재에 충실하라’ ‘오늘을 붙잡아라’는 의미의 ‘카르페 디엠’이 고대부터 오늘날에까지 어떻게 변주해 왔는지 살폈다. 미술·과학·문학·대중문화에서 ‘카르페 디엠’의 쓰임을 연구한 결과 ‘기회 포착하기’ ‘마음 챙김을 넘어서기’ 등 다섯 가지 의미로 해석됐다. 단순히 ‘오늘을 즐기자’는 뜻을 넘어 ‘삶을 선택하는 기술’로서 ‘카르페 디엠’을 말한다.       ▲김우재의 초파리 사생활 엿보기(원종우·김우재│128쪽│동아시아)  수컷 초파리의 10%는 수컷 초파리의 꽁무니를 좇으며 오리엔테이션을 한다. 수컷이 동성애 성향을 갖는다   는 것인데, 이는 동성애가 유전적 질환이 아니라 자연스러운 변이의 일종이란 결정적 근거다. ‘초파리는 인간과 닮았다?’ ‘더 많은 개체를 남긴 유전자가 더 많이 살아남는다’ 등 김우재 오타와대 교수가 초파리 유전학이야기를 흥미롭게 들려준다.  ▶계좌회복프로젝트! 상위 전문가의 투자전략 및 추천종목‘[무료확인]’ ▶14년 연속 1위, 대한민국 대표 스탁론 하이스탁론 '    ' ＜ⓒ종합경제정보 미디어 이데일리 - 무단전재 & 재배포 금지＞   "
275,2,"2018-05-23","05:02:00","[200자 책꽂이] 청년 목수 외","▲청년 목수(김현민│180쪽│라온북)  대기업에 취업해 평생직장을 보장받던 시대는 끝났다. 월 실수령액 400만원, 4시 50분 칼퇴근, 야근수당 1.5배 이상을 받는 ‘인테리어 목수’가 자신의 경험담을 전한다. ‘레드오션 속 블루오션’ ‘상사와 조직의 눈치를 보지 않는 전문직’ 등 목수 편견 깨기부터‘주눅 들지 마라’ ‘최소한의 정신무장을 해라’ 등 성장형 목수가 되는 7가지 방법을 알려준다.       ▲한번은 한문 공부(정춘수│312쪽│부키)  오늘날에도 유용한 336구의 명언·명구를 통해 한문독해에 필요한 기초 교양과 문법을 설명했다. 논어를 비롯한 유가 경전, 시경·장자·노자·한비자·난중일기 등에서 가려 뽑은 49개의 구문은 어휘의 개념과 의미의 변천 과정, 현재의 쓰임까지 두루 보여준다. ‘맹자’ ‘논어’ 등 한문고전에서 가려낸 286구의 연습문제를 통해 독해실력을 점검케 했다.      ▲술 잡학사전(클레어 버더│288쪽│문예출판사)  술의 역사와 제조법, 애주가와 주류업계의 평가, 술을 고르는 요령, 어울리는 음식까지 술 정보를 망라했다. 짙은 색 맥주일수록 더 묵직한 느낌이 드는지, 진과 보드카의 차이는 무엇인지등 술에 관한 궁금증을 해소할 수 있다. 제조부터 마실 때까지의 과정을 그림으로 표현해 이해를 돕는 한편 ‘혼자 알기 아까운 영화 속 그술’ 등으로 흥미를 더 했다.       ▲강냉이(권정생│44쪽│사계절)  전쟁의 아픔을 동심으로 바라본 그림책. ‘강아지똥’ ‘몽실언니’의 작가로 잘 알려진 권정생(1937∼2007) 선생은 13세에 한국전쟁을 겪었다. 책은 당시 그가 쓴 시에 유화그림을 덧붙여 엮은 것. 전쟁은 평온하던 마을을 잿더미로 만   들고 어린 권정생이 소중하게 여긴 강냉이도 빼앗아 갔다. 한 아이가 느낀 감정과 바람이 짙은 감동으로 다가온다.  ▶계좌회복프로젝트! 상위 전문가의 투자전략 및 추천종목‘[무료확인]’ ▶14년 연속 1위, 대한민국 대표 스탁론 하이스탁론 '    ' ＜ⓒ종합 경제정보 미디어 이데일리 - 무단전재 & 재배포 금지＞   "
275,3,"2018-05-23","05:01:10","문재인 대통령, 트럼프에 ""北 체제보장+α필요"" 설득","韓·美 정상, 한반도 비핵화 머리 맞댄 '워싱턴 담판'    北 비핵화 CVID원칙 재확인  ""조건없는 핵폐기 고집말고    보상카드로 北 끌어들여야    한·미간 공조 빛 샐 틈 없어""    '도보다리 밀담' 트럼프에 전달     정의용 청와대 안보실장   ""미·북 정상회담 99.9% 성사  北 입장에서 이해하려 고민""      [ 손성태 기자 ] 취임 후 세 번째로 미국을 방문한 문재인 대통령은 22일(현지시간) 워싱턴DC 백악관에서 도널드 트럼프 대통령과 정상회담을 하고, 사상 첫 미·북 정상회담 성공을 위한 세부적인 의제를 집중 논의했다.  문 대통령은 이날 단독 및 확대 정상회담에앞서 한 인사말에서 “우리는 어렵게 마련된 이 기회를 놓치지 말아야 할 것”이라며 “한국과 미국은 완전하고, 검증 가능하며, 불가역적인 한반도 비핵화라는 공동의 목표를 평화적인 방식으로 달성하기 위해 빛 샐 틈 없는 공조하에 과감하고 실용적인 전략을 추진해오고 있다”고 강조했다.  문 대통령은 이날 회담에서 북한에 대한 ‘체제 보장+알파(α)’의 보상책을 꺼내 들고 트럼프 대통령을 적극적으로 설득한 것으로 전해졌다. 최근 북한이 ‘선(先) 핵폐기, 후(後) 보상’이라는 미국 비핵화 방법론에 강력 반발함에 따라 ‘단계적·동시적 비핵화’ 카드를 꺼내 들어 적극적 중재자 역할을 자임한 것으로 풀이된다.  정의용 청와대 국가안보실장은 “미·북 정상회담 성사 가능성은 99.9%”라며 “다만 여러 가능성이 있을 수있어 대비하고 있다”고 말했다. 그러면서 “북한 입장에서 우리가 좀 이해하는 방향으로 고민하고 있다”고 덧붙였다.  현 단계에서 미·북 정상회담의 성공을 담보하려면 비핵화 방법론에 대한 압박보다는 북한의 비핵화 조치에 따른 보상 논의가 선행돼야 한다는 게 문 대통령과 청와대의 판단이다. 문 대통령은 트럼프 대통령과의 정상회담에서 북측 반발을 무마하고, 미·북 정상회담의 실질적 성과를 이끌어내기 위한 대북 보상 카드를 꺼내야 한다고 설득한 것으로 전해졌다. 청와대 관계자는 “북측을 협상 테이블에 끌어내기 위해선 무조건적인 핵폐기 요구보다는 회유책을 함께 논의해야 한다”고 말했다. 만남 그 자체가 목적이 아니라 정상회담이후 상황을 어떻게 잘 이끌어갈 것이냐에 대한 정상 차원의 솔직한 의견 교환이 주목적이었다는 설명이다.  이날 정상회담 진행방식도 이에 맞췄다. 과거와는 달리 배석자 없는 정상 간 만남 위주로 짜였다. 그는 “애초부터 이번 정상회담은 짜인 각본이 없다”며 “미·북 정상회담을 어떻게 성공적으로 성사시키고, 중요한 합의를 이룰 수 있게 할지, 그 합의를 어떻게 잘 이행할 것인가에 대한 허심탄회한 논의가 이뤄졌다”고 덧붙였다. 이번 대통령 순방단에 장하성 청와대 정책실장과 이태호 청와대 통상비서관이 포함된 것도 북한과의 실질적인 경제협력 논의를 진전시키기 위한 것으로 관측된다. 문 대통령은 4·27 남북한 정상회담 당시 ‘도보다리 회담’에서 주고받은 김정은 북한 국무위원장의 진의를 트럼프 대통령에게 전달했다.  청와대 관계자는 “미국에서 미·북 정상회담에 대한 회의론이 제기되고 있지만 ‘판’을 흔들 만한 중대 변수는 없다”면서 “트럼프 대통령이 미·북 외교 성과에 큰 기대를 걸고 있어 문 대통령의 ‘당근책’을 긍정적으로 검토할 가능성이 크다”고 내다봤다.  워싱턴=손성태 기자 mrhand@hankyung.com    관련기사 ""정말 이례적인 일"" 망연자실한 신혼부부들 왜? CNN ""원산 공항엔 우리가 타고 온 비행기뿐"" 베이징서 문전박대 당하고도… 정부 "" 北 수용땐 23일이라도 원산 직행"" 돈방석 앉은 연예인들…1인 방송 BJ 수입 어떻길래 ""셈하기도 어렵다"" 방탄소년단 경제적 가치가 무려    ⓒ 한국경제 & hankyung.com, 무단전재 및 재배포 금지"
275,4,"2018-05-23","05:01:02","트럼프 ""여건 안되면 北과 회담 안할 것""","◆ 文, 트럼프 만나 중재외교 ◆   문재인 대통령이 22일(현지시간) 도널드 트럼프 미국 대통령을 만나 ""한국과 미국은 완전하고 검증 가능하며 불가역적인(CVID) 한반도 비핵화라는 공동의 목표를 평화적인 방식으로 달성하기 위해 빛 샐 틈 없는 공조하에 과감하고 실용적인 전략을 추진해 오고 있다""고 밝혔다. 미국의 비핵화 방식인 CVID(Complete Verifiable Irreversible Dismantlement)에 문 대통령 역시 공감과 지지를 표명한 것이다. 그러나 트럼프대통령은 ""상황변화가 있다""며 회담 연기가능성을 언급했다.   문 대통령은 이날 미국 워싱턴DC 백악관에서 한미정상회담을 하고 ""지금 한반도는 불과 몇 달 전 전쟁의 공포에서 벗어나 대화를 통한 완전한 비핵화와 평화체제 구축의 길을 시작하게 되었다""고 말했다. 이어 ""이러한 긍정적 상황 변화는 트럼프 대통령의 과감한 결단과 지도력하에국제사회가 일치단결하여 공조하고 협력한 결과라고 본다""며 ""두 정상이 굳은 우정과 신뢰를 바탕으로 함께 협력해 왔다는 점을 매우 자랑스럽게 생각한다""고 강조했다. 또 ""'힘을 통한 평화'라는 (트럼프) 대통령의 비전과 리더십 덕분에 사상 최초의 북·미정상회담이 열리게 되었고, 한반도의 완전한 비핵화와 세계평화라는 꿈에 다가설 수 있게 되었다""면서 트럼프 대통령에게 모든 공적을 넘겼다. 문재인정부 출범 이후 한미정상회담은 이번이 네 번째다.   북한 비핵화에 따른 체제 보장과 안전도 다시 한 번 언급됐다. 문 대통령은 ""트럼프 대통령과 나는 작년 6월 워싱턴에서 가진 첫 번째 정상회담 때 채택한 한미 공동성명을 통해 북한이 올바른 선택 시 밝은 미래가 열려 있음을 분명히 했다""며 ""이를 기초로 북핵 문제를 해결하고 한반도의 진정한 평화를 만들기 위해 긴밀한 공조를 지속해 오고 있다""고 설명했다. 문 대통령은 ""트럼프 대통령의 강력한 리더십과 이에 호응한 북한 김정은 위원장의 결단에 의해 북핵 문제 해결의 실마리가 마련되었다""며 ""우리는 어렵게 마련된 이 기회를 놓치지 말아야 할 것""이라고 강조했다.   트럼프 대통령은 ""김정은 위원장이 비핵화에 대해 진지하게 생각하고 있다고 본다""며 ""비핵화는 반드시 이뤄져야 한다""고 말했다. 또 ""원하는 여건들이 충족되지 않으면 회담하지 않을 것""이라고 미·북정상회담 연기 가능성을 공식 언급했다. 이어 ""지금 미·북정상회담이 열리지 않으면 아마 다음번에 열릴 것""이라고 전망했다.   문 대통령은 백악관 방명록에 '평화와 번영을 향한 한미동맹, 세계사에 위대한 발자취를 남기길!'이라고 적었다.    [워싱턴 = 강계만 기자 / 서울 = 오수현 기자]      ☞ 5月 반드시 주목해야될 종목!! ☞ 5月 큰 수익 원한다면, 이 종목부터 빨리 매수해라!!! ☞ 지금 100만원 있다면, 이 종목부터 사라! ☞ ""세계최초 신약개발"" 드디어 올것이 왔다! 주목해라!!      [ⓒ 매일경제 & mk.co.kr, 무단전재 및 재배포 금지]"
275,5,"2018-05-23","05:01:00","아령에 '30cm 식칼'까지…왜 자꾸 떨어질까?","[머니투데이 남형도 기자] [아파트 주민들 '물건 투척 포비아'…전문가 ""내재된 스트레스, 익명성 숨어 풀려는 심리""]     최근 사흘새 아파트 단지에서 잇따라 물건이 떨어지는 사건이 발생해 주민들이 불안에 떨고 있다. 이른바 '물건 투척 포비아(공포증)'다. 맞을 경우 심하면 사망까지 이를 수 있기 때문. 그럼에도 마땅한 대응책조차 없다. 이에 주민들 사이에선 ""하늘만 보고 다녀야겠다""는 말이 나올 정도다. 전문가들은 내재된 스트레스를 익명성에 숨어서 풀려는 심리라고 분석했다.   지난 19일 경기 평택의 한 고층 아파트에서는 아령이 떨어졌다. 이날 낮 12시40분쯤 평택시 안중읍에 소재한 20층짜리 아파트 앞에서 주차를하고 내리던 A씨가 이를 피하지 못해 맞았다.   떨어진 아령은 2개로 각각 1.5㎏짜리였다. 이중 1개가 주차 후 차량에서 내리던 A씨에게 떨어졌다. A씨는 갈비뼈 등이 부러지는 상처를 입고인근 병원으로 옮겨져 치료를 받고 있다.   이어 지난 20일 충남 천안의 한 아파트 단지에서는 식칼이 투척됐다. 30㎝ 길이의 식칼이었다. 칼이 떨어진 곳에 행인이 없어 다행히 다친사람은 없었다. 경찰은 '떨어진 칼이 바닥에서 튕겨졌다'는 목격자 등의 진술을 토대로 수사하고 있다. 칼을 국과수에 보내 유전자(DNA) 감식 의뢰와 함께 주변 CCTV 탐문 수사도 진행 중이다.    잇따른 유사 사건에 아파트 주민들의 불안도 커지고 있다. 물건이 떨어질 경우 중력 가속도가 붙어 맞으면 사망까지 이를 수 있기 때문이다.   실제 2015년 10월8일 오후 4시39분쯤 용인시의 한 18층짜리 아파트 화단에서 박모(55)씨와 박모(29)씨가 함께 고양이집을 만들던 중 아파트상층부에서 떨어진 벽돌에 맞았다. 이 사고로 50대 박씨는 숨졌고 20대 박씨는 머리를 다쳤다. 당시 가해 초등학생들은 학교에서 배운 중력실험 놀이를 하다 사고를 낸 것으로 전해졌다.   하지만 뾰족한 대책도 없다. 이에 주민들 사이에서는 조심하는 수밖에 없다는 이야기만 나온다. 서울 양천구 아파트단지 주민 김모씨(33)는 ""하늘에서 물건이 떨어진다고 생각하면 막연하게 정말 불안해진다""며 ""하늘만 보고 다녀야하나 싶다""고 말했다. 서울 마포구 아파트단지 주민서모씨(39)도 ""어렸을 때 길을 걷다 돌멩이가 떨어진 적이 있는데 정말 무서웠다""며 ""비슷한 사건이 발생하니 대책 마련이 필요하다""고 말했다.   전문가들은 물건을 불특정 다수를 향해 투척하는 행위가 익명에 숨어 일종의 스트레스를 푸는 심리라고 분석했다.   오윤성 순천향대 경찰행정학과 교수는 ""그걸 던진 사람이 어른이건 어린이건 개인이 가지고 있는 내재된 스트레스가 있다""며 ""근데 그걸 직접 공격하지 못할 때 공격 대상을 바꾼다. '공격 대상의 전환'이라 한다""고 설명했다.   이어 ""누군가를 겨냥하는 것이 아니라 위에서 그냥 던지면서 익명성에 숨고 죄책감을 덜게 된다""며 ""이게 변형되면 동물학대와 비슷하다. 최근에 공기총으로 유기견을 쏜 사건이 있었는데, 주인이 없는 개를 노렸다. 피흘리는 것을 보며 심리적 만족감을 얻는 것""이라고 덧붙였다.      주식담보대출도 이제 부담없는 금리로 가능(안내: 02-3775-1497)   ▶▶ 2018년 상반기 급등 예상 종목 BEST 10 (바로 확인)   <키워드림론> 최저금리로 신용·미수 대환 하는 유일한 방법은    [파워 인터뷰]      [관련기사] ☞ 오는 10일 이건희 삼성회장 '와병 만4년'…장비없이 자가호흡 ☞ 아들 곁으로 간 구본무 회장…슬픔 이기고 LG 24년 이끌어 ☞ 잠실5단지는 '초고층 성냥갑?'… 설계공모작 논란 ☞ ""김앤장·삼일만 믿었다가""…기업 '소통 리스크' 부각 ☞ LG 4세 구광모 '부친상 3일장' 마치자마자 출근      주식매입자금? 전화 한통화면 당신은 스마트컨슈머!    최저금리로 신용·미수 대환 하는 가장 경제적인 방법 (바로 확인)   ‘개미’말고 ‘슈퍼 투자자’되고 싶다면?...‘이것’만 잘 이용해도 가능해요!       남형도 기자 human@    <저작권자 ⓒ '돈이 보이는 리얼타임 뉴스' 머니투데이, 무단전재 및 재배포 금지>"
275,6,"2018-05-23","05:00:49","<뉴욕증시-1보> 북·미 정상회담 불확실성에 하락","(뉴욕=연합인포맥스) 오진우 특파원 = 뉴욕증시에서 주요지수는 오는 6월 예정된  북미 정상회담 개최와 관련한 불확실성이 커진 데 따라 하락했다.      22일(미국시간) 장 마감 무렵 뉴욕증권거래소(NYSE)에서 다우존스 30 산업평균지  수는 전장보다 192.86포인트(0.77%) 하락한 24,820.43에 거래됐다.      스탠더드앤드푸어스(S&P) 500 지수는 전장보다 10.21포인트(0.37%) 내린 2722.8  0에, 기술주 중심의 나스닥 지수는 20.56포인트(0.28%) 하락한 7,373.48에 거래됐다 .      jwoh@yna.co.kr  (끝)  <저작권자(C)연합인포맥스뉴스. 무단 전재-재배포 금지.>"
275,7,"2018-05-23","05:00:49","<뉴욕증시-1보> 북·미 정상회담 불확실성에 하락","<뉴욕증시-1보> 북·미 정상회담 불확실성에 하락       (뉴욕=연합인포맥스) 오진우 특파원 = 뉴욕증시에서 주요지수는 오는 6월 예정된 북미 정상회담 개최와 관련한 불확실성이 커진 데 따라하락했다.      22일(미국시간) 장 마감 무렵 뉴욕증권거래소(NYSE)에서 다우존스 30 산업평균지수는 전장보다 192.86포인트(0.77%) 하락한 24,820.43에거래됐다.      스탠더드앤드푸어스(S&P) 500 지수는 전장보다 10.21포인트(0.37%) 내린 2722.80에, 기술주 중심의 나스닥 지수는 20.56포인트(0.28%) 하락한 7,373.48에 거래됐다.      jwoh@yna.co.kr  (끝)"
276,1,"2018-05-23","04:50:34","'죽음의 땅'에 생명을 불어넣는 '오염토 박사'","[머니투데이 김지훈 기자] [[피플] 정준교 현대건설 기술사업실장 ]      ""오염된 물질이 무엇인가에 따라 최적의 정화기술이 달라집니다. 병들어 가는 흙을 되살려 생명을 불어넣는 것이 무엇보다 중요하죠.""   정준교 현대건설 기술사업실장(사진)은 '건설회사 직원' 하면 떠오르는 이미지와 달리 부드럽고 섬세한 인상이다. 거대한 크레인과 빼곡한 철재가 늘어서는 건설현장뿐 아니라 비커와 플라스크, 전자장비들이 들어선 연구소가 활동무대다. 냉철한 분석과 '현대맨'다운 저돌적 추진력으로 '죽음의 땅'을 정화하는 일에 앞장서고 있다.   정 실장은 토양의 오염 물질을 정화하는 기술을 연구·개발해 사업화하는 업무를 맡고 있다. 2015년 현대건설이 국내 최초로 대규모 중금속에 오염된 토양을 정화하는데 성공한 장항제련소 사업은 정 실장을 비롯해 현대건설 기술사업실 직원들의 연구결과가 결정적 역할을 했다. 암발생률이 높아 '죽음의 땅'으로 불린 제련소 주변을 정화해 세간의 주목을 받았다.   정 실장은 ""오염된 토양을 치유하는 방법은 여러 가지지만 '흙을 세탁하는 방법'이 친환경적이고 효율적""이라며 ""흙에 붙은 오염물질을 떼어내는데 적합한 플랜트를 만드는게 핵심""이라고 설명했다. 플랜트가 설치되면 현장전문가들에 의해 오염된 흙이 깨끗한 흙으로 탈바꿈된다.   현대건설은 최근 개발한 독자기술로 국내건설사로는 최초로 해외정부기관과 오염토양 및 준설토의 정화사업을 추진하고 있다. 작년에는 싱가포르 현지 실증을 성공적으로 수행했다. 이를 기반으로 국내 건설사 최초로 싱가포르 토양 오염 정화시장에 첫발을 내디딜 전망이다.   차분하고 지적인 이미지의 정 실장이지만, 업무를 위해서는 앞뒤를 가리지 않고 도전하는 터프가이다. 오염된 죽음의 땅에 생명을 불어넣기위해서라면 거리낄 게 없다. 그는 ""오염물질을 다루는 것은 크게 걱정하지 않는다""며 ""땅을 정화해서 새 생명이 찾아들게 하는 일에서 보람을 느낀다""고 말했다.   정 실장은 환경공학을 전공한 '오염 정화 박사'다. 고교 시절 이공계였던 그는 자연의 문제를 해결하는 매력에 이끌려 진로를 결정했다. 조직원들과 함께 오염물질 정화에 있어 '글로벌 톱' 수준의 역량을 갖추겠다는 포부다.    ""오염토양 정화는 제가 가장 많은 애착과 정성을 들여온 분야입니다. 거창한 표현이지만 제 삶에서 가장 중요한 미션이기도 합니다. 앞으로해외시장 진출을 통해 중소기업과의 상생은 물론 산업발전에 이바지하겠습니다.""      주식담보대출도 이제 부담없는 금리로 가능(안내: 02-3775-1497)   ▶▶ 2018년 상반기 급등 예상 종목 BEST 10 (바로 확인)   <키워드림론> 최저금리로 신용·미수 대환 하는 유일한 방법은    [파워 인터뷰]      [관련기사] ☞ 오는 10일 이건희 삼성회장 '와병 만4년'…장비없이 자가호흡 ☞ 아들 곁으로 간 구본무 회장…슬픔 이기고 LG 24년 이끌어 ☞ ""할아버지, 존경해요""…구본무 회장 향한 추모들 ☞ 성공을부르는 말하기? ""목소리를 낮게 내보세요"" ☞ 자연으로 돌아간 구본무 회장 마지막길…소리없는 '울음바다'      주식매입자금? 전화 한통화면 당신은 스마트컨슈머!    최저금리로 신용·미수 대환 하는 가장 경제적인 방법 (바로 확인)   ‘개미’말고 ‘슈퍼 투자자’되고 싶다면?...‘이것’만 잘 이용해도 가능해요!       김지훈 기자 lhshy@mt.co.kr    <저작권자 ⓒ '돈이 보이는 리얼타임 뉴스' 머니투데이, 무단전재 및 재배포 금지>"
276,2,"2018-05-23","04:49:36","[유럽마감]유럽증시, 伊정세 우려에도 상승...英, 사상 최고가","[머니투데이 뉴욕(미국)=송정렬 특파원]  유럽증시가 이탈리아 정세에 대한 우려 속에서도 상승했다.   22일(현지시간) 유럽증시에서 범유럽지수인 스톡스유럽600지수는 전일대비 0.3% 오른 396.94로 거래를 마쳤다. 1월 29일 이후 최고치다.   독일 DAX30지수는 전일대비 0.7% 오른 1만3169.92로, 프랑스 CAC40지수는 전일대비 0.1% 상승한 5640.10으로 장을 끝냈다. 영국 FTSE100지수는 전일대비 0.2% 오른 7877.45로 사상 최고가 행진을 이어갔다.   미중간 무역갈등 완화가 유럽증시에도 긍정적인 영향을 미쳤다. 또한 유로약세도 지수 상승을 도왔다. 달러/유로 환율은 이날 전일대비 0.1% 하락했다.      주식담보대출도 이제 부담없는 금리로 가능(안내: 02-3775-1497)   ▶▶ 2018년 상반기 급등 예상 종목 BEST 10 (바로 확인)   <키워드림론> 최저금리로 신용·미수 대환 하는 유일한 방법은    [파워 인터뷰]      [관련기사] ☞ 오는 10일 이건희 삼성회장 '와병 만4년'…장비없이 자가호흡 ☞ 아들 곁으로 간 구본무 회장…슬픔 이기고 LG 24년 이끌어 ☞ ""할아버지, 존경해요""…구본무 회장 향한 추모들 ☞ 성공을부르는 말하기? ""목소리를 낮게 내보세요"" ☞ 자연으로 돌아간 구본무 회장 마지막길…소리없는 '울음바다'      주식매입자금? 전화 한통화면 당신은 스마트컨슈머!    최저금리로 신용·미수 대환 하는 가장 경제적인 방법 (바로 확인)   ‘개미’말고 ‘슈퍼 투자자’되고 싶다면?...‘이것’만 잘 이용해도 가능해요!       뉴욕(미국)=송정렬 특파원 songjr@mt.co.kr    <저작권자 ⓒ '돈이 보이는 리얼타임 뉴스' 머니투데이, 무단전재 및 재배포 금지>"
276,3,"2018-05-23","04:46:23","손학규, 6년 만에 금배지 도전하나","바른미래 송파을 공천 여부 결정     [ 박종필 기자 ] 바른미래당이 23일 최고위원회의에서 서울 송파을 국회의원 재선거 공천 전략을 결정한다. 원칙대로 경선으로 후보를 정해야 한다는 유승민 공동대표와 손학규 선거대책위원장(사진)을 전략공천해야 한다는 안철수 서울시장 후보가 평행선을 달리고 있어 접점을 찾을지 주목된다.  당초 송파을 재선거에는 예비후보 4명이 등록했으나 전략공천 주장이 제기된 이후 당에 실망했다며 2명이 자진사퇴했다. 남은 2명의 후보를 대상으로 지난 20~21일 이틀간 전화 여론조사 경선을 치렀다. 아직 당원 모집 가산점 부여 여부 등을 결정하는 절차가 남아 있지만, 바른정당 인재영입 1호 출신인 박종진 전 종합편성채널 앵커가 우세한 결과가 나올 가능성이 큰 것으로 알려졌다. 이에 따라 유 공동대표는 최고위에서 여론조사 경선에서 이긴 박 전 앵커의 공천을 의결해야 한다고 주장할 가능성이 크다. 이에 맞서 안 후보는 ‘3등 후보’가 아니라 ‘이기는 후보’를 내야 한다며 손 위원장을 후보로 추대해야 한다고 주장하고 있다.  유공동대표는 22일 조계사에서 열린 부처님오신날 행사에서 “경선이 끝났고 그 결과에 따라 최고위에서 의결해야 한다”고 말했다. 반면 안 후보는 “지도부가 서울시장 선거에도 도움이 되도록 가장 경쟁력 있는 후보를 공천하는 현명한 판단을 해줄 것으로 믿는다”고 대립각을 세웠다.  당에서는 지난주에 이어 이번주 초까지 여러 차례 최고위를 열었음에도 송파을 공천과 관련해 결론을 못낸 만큼 23일 최고위에서도 의견이 대립, 결국 표결할 가능성도 거론된다. 다만 당 지도부 8명 중 국민의당 출신이 4명, 바른정당 출신이 4명이어서 표결을 통한 결론도 쉽지 않다는 관측도 나온다.  박종필 기자 jp@hankyung.com    관련기사 바른미래당 ""송인배·드루킹 만남…대선 의혹 거세졌다"" ""정말 이례적인 일"" 망연자실한 신혼부부들 왜? 돈방석 앉은 연예인들…1인 방송 BJ 수입 어떻길래 바른미래 당내갈등 증폭… 유승민·안철수 파워게임 하나 ""셈하기도 어렵다"" 방탄소년단 경제적 가치가 무려    ⓒ 한국경제 & hankyung.com, 무단전재 및 재배포 금지"
276,4,"2018-05-23","04:45:55","'e편한세상 양주신도시 4차', 4베이로 개방감 'Up'","[머니투데이 신희은 기자] [[2018 대한민국 주거서비스 대상] 디자인 부문 최우수상-대림산업]     대림산업이 경기 양주신도시 옥정지구에 분양 중인 'e편한세상 양주신도시 4차'가 '2018 대한민국 주거서비스대상' 디자인부문 최우수상을 거머쥐었다. 양주신도시 e편한세상은 1~4차 총 5525가구 대단지로 명실상부한 'e편한세상 브랜드 타운'으로 자리매김하고 있다.   e편한세상 양주신도시 4차는 지하 1층~지상 최고 25층, 24개동, 전용면적 66~84㎡, 총 2038가구로 조성된다. 모든 가구가 전용 85㎡ 이하 중소형 평형으로 앞서 1차 761가구가 입주를 마쳤고 2차 1160가구 입주가 이달 시작됐다. 3차 1566가구도 내년 3월에 이사를 시작한다.    오는 2020년 6월로 입주가 예정된 4차까지 이사를 마치면 경기 동북부 2기 신도시인 양주신도시를 대표하는 대단지의 위용을 갖추게 된다. 규모에 걸맞게 풍부한 편의시설을 갖춰 실수요자들의 관심이 높다.   무엇보다 양주신도시 대표 단지답게 설계 단계부터 디자인에 공을 들여 수요자의 호평을 받았다. 모든 가구를 4베이(Bay) 판상형으로 설계하고 남향 위주로 배치해 일조권과 개방감을 극대화했다.   건폐율이 13.7%에 불과한 반면 녹지율은 46%에 달해 주거환경이 쾌적하다. 동간 거리가 넓어 사생활이 보호되고, 단지 남측이 탁 트여 시야를 방해받지 않는다.   전용 84㎡는 5.1m 광폭 거실 디자인을 적용해 실제 면적보다 넓어 보인다. 발코니 확장 시 실사용 면적이 눈에 띄게 증가한다. 집안 모든 면에 끊김이 없는 단열을 적용하고 거실과 주방 바닥에는 침실보다 2배 두꺼운 60mm 층간소음 저감바닥재를 사용한다.   개발 호재도 풍부하다. 양주신도시 초입까지 이어지는 서울지하철 7호선 연장노선이 빠르면 올해 착공한다. 개통 시 강남구청역까지 50분대에 이동할 수 있다. 합리적 분양가에 서울 출퇴근도 용이해 젊은층의 실수요가 높다. 경기 북부 2차 테크노밸리도 올 하반기 착공에 들어가 수요를 뒷받침할 것으로 기대된다. 입주 예정일은 오는 2020년 6월이다.       주식담보대출도 이제 부담없는 금리로 가능(안내: 02-3775-1497)   ▶▶ 2018년 상반기 급등 예상 종목 BEST 10 (바로 확인)   <키워드림론> 최저금리로 신용·미수 대환 하는 유일한 방법은    [파워 인터뷰]      [관련기사] ☞ 오는 10일 이건희 삼성회장 '와병 만4년'…장비없이 자가호흡 ☞ 아들 곁으로 간 구본무 회장…슬픔 이기고 LG 24년 이끌어 ☞ 성공을 부르는 말하기? ""목소리를 낮게 내보세요"" ☞ "" 할아버지, 존경해요""…구본무 회장 향한 추모들 ☞ 자연으로 돌아간 구본무 회장 마지막길…소리없는 '울음바다'      주식매입자금? 전화 한통화면 당신은 스마트컨슈머!    최저금리로 신용·미수 대환 하는 가장 경제적인 방법 (바로 확인)   ‘개미’말고 ‘슈퍼 투자자’되고 싶다면?...‘이것’만 잘 이용해도 가능해요!       신희은 기자 gorgon@mt.co.kr    <저작권자 ⓒ '돈이 보이는 리얼타임 뉴스' 머니투데이, 무단전재 및 재배포 금지>"
276,5,"2018-05-23","04:45:23","트럼프 “비핵화 일괄 타결 바람직…한ㆍ중ㆍ일 모두 많은 지원 약속”","도널드 트럼프 대통령은 22 일(미국 현지시간) “(비핵화가) 일괄 타결되는 것이 바람직하다”며 “한국과 중국, 일본 3국 모두 북한을 도와서 북한을 아주 위대한 국가로 만들기 위한 아주 많은 지원을 지금 약속하고 있다”고 밝혔다.   트럼프 대통령은 이날 낮 워싱턴 백악관에서 미국을 공식 실무방문 중인 문재인 대통령과 가진 단독회담에서 기자들의 기습 질문에 이같이 말하며 “문 대통령의 능력을 굉장히 신뢰하고 있다”고 얘기했다.   그러면서 트럼프 대통령은 “한국에는 예전에도 많은 대통령이 있었다”며 “그렇지만 우리가 여기까지 올 수 있었던 것은 문 대통령의 기여가 아주 컸던 것이고, 능력이 있으시고, 또 아주 좋은 사람이다”고 평가했다.   문 대통령 신뢰 이유에 대해 트럼프 대통령은 “지금 문 대통령이 아니면 비핵화 문제가 여기까지 오지 않았을 것이다”며 “지금 문 대통령은 이번의 협상을 한국이라든지, 북한을 위해서만 하는 것이 아니라 전체 한반도, 전체를 위해서 노력을 하고 있어 아주 큰 신뢰를 하고 있다”고 말했다.   트럼프 대통령은 “과연 북한과의 협상이 잘 이뤄질 것이냐 안 이뤄질 것이냐는 두고 봐야 한다”며 “나는 이런 협상에 대해서 상당히 많은경험이 있다”고 자신했다. 특히 트럼프 대통령은 “한국은 문 대통령이 대통령인 것이 아주 운이 좋다고 생각한다”고 말하며 시종일관 화기애애한 분위기를 이어 갔다.   트럼프 대통령은 북한이 CVID(완전하고 검증 가능하며 불가역적 비핵화)를 결정한다면 북한 정권의 안전을 보장하겠다는 의지도 나타냈다. 트럼프 대통령은 “김정은 국무위원장은 안전할 것이고 굉장히 기쁠 것이다”며 “북한은 굉장히 번영될 것이고, 북한 국민을 위해서 또 한국을 위해서도 상당히 좋은 일이 될 것이다”고 강조했다.   아울러 트럼프 대통령은 “미국은 아시다시피 지금까지 한국에 수조 달러의 지원을 해왔다”며 “지금 한국을 보시면 얼마나 세계에서 훌륭한 국가인지 다 아실 것이다”고 밝혀 북한에 대한 경제적 지원의 뜻을 나타냈다.   트럼프 대통령은 “지금 김 위원장은 역사상 없는 가장 큰 기회를 가지고 있다”며 “그러므로 이번에 협상이 잘 이뤄진다면 김정은 굉장히기쁘게 할 것이고 만약에 이뤄지지 않는다면 내가 솔직히 말해서 김 위원장은 그렇게 기쁘지 않으리라고 생각이 든다”고 밝혔다.   중국에 대해 트럼프 대통령은 “김 위원장이 두 번째 시진핑 주석과 만난 다음에 내가 보기에는 김정은의 태도가 좀 변했다는 생각이 든다”며 “그렇지 않기를 바란다”고 얘기했다.   이어 트럼프 대통령은 “김 위원장이 중국을 두 번째 방문하고 떠난 다음에, 태도 변화가 있었던 것은 사실이다”며 “시 주석은 세계 최고의 도박사, 포커페이스 플레이어라고 볼 수 있다. 나도 마찬가지다”고 말해 중국에 대해 불만을 토로했다.   워싱턴=신동민 기자(lawsdm@etoday.co.kr)   [오늘의 핫클릭]  ☞퇴직 후 백만원으로 35억 벌게 된 60대 남성 화제!  ☞유튜버 성추행ㆍ촬영 협박 의혹 스튜디오 실장, 경찰조사서 혐의 부인  ☞bhc 점주, 단체행동 돌입… 본사에 식자재 단가 인하ㆍ원가 공개 요구  ☞안철수 ""드루킹 사건 문고리 권력 연루… 송인배, 소환조사 응해야""  ☞떨어지는 재계 별들...이건희 건강 상태는?    ☞[주간 증시일정] 5월 21~25일 넥센테크?텔콘 상호변경, 디에스티로봇 주주총회 등  ☞[카톡방] 무료 주식 카톡방 신청자수 38만 명 돌파 <업계 최대 카톡방> →카톡방 입장하기!         Copyrightⓒ이투데이, All rights reserved. (무단 전재 및 재배포 금지)   프리미엄 경제신문 이투데이    "
276,6,"2018-05-23","04:43:23","'시흥 목감 호반베르디움 5차', 놀이동산급 조경","[머니투데이 신희은 기자] [[2018 대한민국 주거서비스대상] 조경 부문 최우수상-호반건설]     호반건설이 경기 시흥시 목감지구에 짓는 '시흥 목감 호반베르디움 5차' 단지는 차별화된 설계와 조경으로 신개념 감성공간을 제공했다는 점에서 높은 평가를 받았다.   시흥 목감 호반베르디움 5차 단지는 지하 2층~지상 25층, 11개동, 총 968가구로 구성된다. 모든 가구가 실수요자들이 선호하는 전용면적 84㎡로만 설계됐다. 단지는 앞서 분양한 시흥 목감 호반베르디움 1차 580가구, 2차 766가구, 3차 415가구와 함께 총 2729가구 '호반베르디움 브랜드타운'을 형성하게 된다.    대단지에 걸맞게 피트니스센터, 키즈클럽, 1인 독서실을 포함한 작은 도서관, 실내 골프장 등 다양한 편의시설을 갖췄다. 무엇보다 다른 단지에서 찾아보기 어려운 조경이 눈길을 끈다. 국내 조경실적 1위 업체인 삼성에버랜드 조경팀과 협업해 산책로와 정원을 조성한 덕분이다.   조경은 공간별로 5가지 테마(Healing, Play, Water, Extreme, Sense)로 나눠 만들어진다. 놀이터와 잔디광장을 하나로 통합한 놀이공원 형태의 공간에서 아이들이 창의적 놀이를 즐길 수 있도록 했다.   가족들이 즐거운 시간을 보낼 수 있는 '수'(水) 공간도 마련된다. 아이들의 감성을 자극할 수 있는 감성공원과 여유를 만끽할 수 있는 힐링산책로도 들어선다. 따로 놀이공원이나 근린공원을 찾지 않아도 단지 안에서 편리하게 친환경적인 여가 생활을 누릴 수 있어 수요자들의 호평을 받았다.   지상에차량이 없는 단지로 조성해 쾌적한 주거환경도 확보했다. 단지 앞에는 대형근린공원, 물왕저수지 등이 있어 다양한 여가생활이 가능하다. 입주는 내년 4월부터다.   송종민 호반건설 대표이사는 ""특화된 단지 설계와 조경으로 거주민들의 삶의 만족도가 높을 것""이라고 기대했다.     주식담보대출도 이제 부담없는 금리로 가능(안내: 02-3775-1497)   ▶▶ 2018년 상반기 급등 예상 종목 BEST 10 (바로 확인)   <키워드림론> 최저금리로 신용·미수 대환 하는 유일한 방법은    [파워 인터뷰]      [관련기사] ☞ 오는 10일 이건희 삼성회장 '와병 만4년'…장비없이 자가호흡 ☞ 아들 곁으로 간 구본무 회장…슬픔 이기고 LG 24년 이끌어 ☞ ""할아버지, 존경해요""…구본무 회장 향한 추모들 ☞ 성공을부르는 말하기? ""목소리를 낮게 내보세요"" ☞ 자연으로 돌아간 구본무 회장 마지막길…소리없는 '울음바다'      주식매입자금? 전화 한통화면 당신은 스마트컨슈머!    최저금리로 신용·미수 대환 하는 가장 경제적인 방법 (바로 확인)   ‘개미’말고 ‘슈퍼 투자자’되고 싶다면?...‘이것’만 잘 이용해도 가능해요!       신희은 기자 gorgon@mt.co.kr    <저작권자 ⓒ '돈이 보이는 리얼타임 뉴스' 머니투데이, 무단전재 및 재배포 금지>"
276,7,"2018-05-23","04:42:03","한미정상, 北체제불안 해소방안 논의…차질없는 북미회담 노력","한미정상, 北체제불안 해소방안 논의…차질없는 북미회담 노력   문대통령 ""북한의 북미정상회담 개최 의지 의심할 필요 없어""  문대통령 ""북미간 구체적인 비핵화ㆍ체제안전 협의 필요""  한미정상, 북미정상회담 이후 남북미 종전선언 방안 협의     (워싱턴=연합뉴스) 이상헌 박경준 기자 = 미국을 방문 중인 문재인 대통령과 도널드 트럼프 미 대통령은 22일(현지시간) 북한의 체제 불안 해소방안에 대해 논의하면서 다음 달 12일로 예정된 북미정상회담이 차질없이 진행되도록 노력하기로 했다.  두 정상은 이날 백악관에서 단독 및 확대 회담을 하고 나서 이같이 의견을 나눴다고 윤영찬 청와대 국민소통수석이 브리핑을 통해 밝혔다.  윤 수석은 ""양 정상은 최근 북한이 보인 한미 양국에 대한 태도에 대해 평가하고, 북한이 처음으로 완전한 비핵화를 천명한 뒤 가질 수있는 체제 불안감의 해소방안 등에 대해 논의했다""고 말했다.  이와 관련, 문 대통령은 ""북미정상회담의 개최에 대한 북한의 의지를 의심할 필요가 없다""며 ""북미 간에 실질적이고 구체적인 비핵화와체제안전에 대한 협의가 필요하다""고 강조했다.  또 ""북한이 비난한 맥스선더 한미연합 군사훈련의 종료일인 25일 이후 남북 고위급회담을 비롯한 대화 재개가 이뤄질 것""이라고 관측했다.  두 정상은 판문점선언에서 남북이 합의했던 종전선언을 북미정상회담 이후 3국이 함께 선언하는 방안에 대해서도 의견을 교환했다고 윤수석은 말했다.  honeybee@yna.co.kr   (끝)    <긴급속보 SMS 신청> <포토 매거진> < M-SPORTS >   <저작권자(c) 연합뉴스, 무단 전재-재배포 금지>"
277,1,"2018-05-23","04:30:02","Advance Auto Parts Inc Advance Auto Part","Advance Auto Parts Inc Advance Auto Part(NYS:AAP) 배당(분기) 0.06 달러를 지급 5월22일 관련 내용 공시. 배당기산일은 6월21일, 지급 예정일은 7월6일 이다."
277,2,"2018-05-23","04:30:01","文대통령, 트럼프 설득 통했나...북미담판 20일전 워싱턴 회동","靑 ""완전한 비핵화 이행시 北보상방안 구체적 논의"" ""北 이해하는 방향으로 고민 중""    문재인 대통령과 도널드 트럼프 미국 대통령이 지난해 11월 8일 청와대에서 정상회담을 하고 있다. /사진=청와대 제공  【워싱턴DC(미국)=조은효 기자】문재인 대통령은 22일(현지시간)오후 도널드 트럼프 미국 대통령과 네번째 양자 정상회담을 갖고, 북한의 완전한 비핵화 로드맵과 한반도 평화정착 방안 대해 집중 논의했다.  문 대통령은 백악관 내 대통령 집무실인 오벌 오피스(Oval Office)에서 이뤄진 트럼프 대통령과의 단독회담에서 북한이 정권 붕괴로 이어진 리비아식 비핵화 모델에 반발하는 이유, 김정은 북한 국무위원장의 비핵화에 대한 진정성 여부를 설명하는 데 상당 시간 할애한 것으로 보인다. 앞서 지난 21일(한국시간)문 대통령의 워싱턴 방문을 수행하고 있는 정의용 청와대 국가안보실장은 대통령 전용기 안에서 최근 북한이 한·미를 동시에 비난하고 있는 것과 관련 ""북한의 입장을 우리가 좀 이해하는 방향으로 고민하고 있다""고 말했다. 이는 이번 문 대통령의 방미가 트럼프 대통령을 '설득'하는 데 초점이 맞춰져 있음을 시사한다.  문 대통령은 북·미 정상회담을 성공적으로 만들기 위해선 핵포기 대가로 체제 보장과 경제적 지원을 요구하는 북한의 입장을 반영하는 방향으로 비핵화 로드맵을 만들어야 한다는 점을 강조한 것으로 파악된다. 동시에 북핵 문제 해결 뿐만 아니라 한반도 평화체제 구축 및 역내 평화와 안정에 한·미 동맹이 핵심 축(린치핀)이라는 점을 미 측에 거듭 재확인시켜준 것으로 보인다. 평화체제 전환시 주한미군을 철수해야 할 것이라는 국내 일부 시각을 직접 부인한 것이다.   청와대는 ""두 정상은남북이 판문점에서 합의한 대로 '완전한 비핵화' 이행시 북한에 밝은 미래를 제공하기 위한 구체적인 방안들을 밀도있게 협의했다""고 말했다. 회담 말미에 문 대통령은 ""역사적 전기를 맞고 있는 한반도의 평화와 미래에 대해 트럼프 대통령과 허심탄회하게 의견을 교환할수 있어 무엇보다 기쁘다""는 취지로 말했으며, 트럼프 대통령도 ""조만간 문 대통령과 다시 만날 수 있기를 고대한다""고 답한것으로 전해졌다.  단독회담에 이어 열린 확대 정상회담 및 업무오찬엔 미국 측에선 초강경파인 마이크 펜스 부통령, 존 볼턴 백악관 국가안보보좌관을 비롯 현재 북·미 대화를 주도하고 있는 마이크 폼페이오 국무장관, 존 켈리 백악관 비서실장, 매튜 포틴저 백악관 아시아담당 선임보좌관, 엘리슨 후커 백악관 한국담당 보좌관 등 미국 외교안보라인내 핵심인사들이 총출동했다.    ehcho@fnnews.com 조은효 기자  ▶'모멘텀 집중' 저가에서 매집해둬야 할 상반기 유망주 3선 (지금 확인)   [파이낸셜뉴스 주요뉴스]  → '공천갈등 진화' 나선 바른미래 지도부..살얼음판 여전 → 靑, 드루킹-'親文' 송인배 연루설에 '당혹'‥적극 해명 → 일주일 사이에 로또 1등 2번 당첨된 40대 남성 → 초등생 고속도 휴게소 방치 혐의 교사 벌금 800만원 → 심부전 위험 줄이려면, 일주일간 150분 운동하라  ▶ <긴급공개> 억대계좌 이종목에서 또 터진다!    ※ 저작권자 ⓒ 파이낸셜뉴스. 무단 전재-재배포 금지 "
277,3,"2018-05-23","04:30:01","서울 서남권 마지막 공공택지 '친환경 주거단지'","[머니투데이 유엄식 기자] [[2018 대한민국 주거서비스 대상] 공공부문 대상-SH공사, '항동 공공주택지구 3단지']     서울주택도시공사(SH공사)의 '항동 공공주택지구 3단지 아파트'가 '2018년 대한민국 주거서비스대상'에서 공공부문 대상에 선정됐다.   서울 서남권 마지막 공공택지인 구로구 항동 지구에 짓는 이 단지는 주변 천왕산, 역곡천 등 자연환경에 어울리는 '친환경 전원형 주거단지' 를 콘셉트로 설계했다.   항동 공공주택지구 중심부 대지면적 5만79㎡ 부지에 지하 2층~지상 18층, 12개 동으로 조성되며 국민임대 438세대, 분양 732세대로 구성된 ' 소셜믹스(Social mix)' 단지다.   임대주택은 전용 39~59㎡형으로 제공되며, 분양주택은 전용 59㎡(398가구), 74㎡(216가구), 84㎡(118가구)가 공급된다. 분양주택 물량의 80% 는 기관추천자, 철거민, 신혼부부, 다자녀 등을 위한 특별공급이며 나머지 20%를 일반에 분양한다.   SH공사가 항동 지구에서 시행한 단지 가운데 단일 규모로 가장 크고 총공사비는 1365억원이 투입됐다. 분양가는 확정되지 않았다. 다만 앞서분양된 항동지구 민간 아파트 분양가가 3.3㎡당 1380만~1460만원이라는 점을 고려하면 이보다 약 10~20% 낮은 수준이 예상된다.   항동 공공주택지구 3단지는 디자인 설계 단계부터 심혈을 기울였다. 서울의 마지막 개발지라는 상징성이 반영된 특화 디자인, 골조및 발코니 창 변화를 통한 독창적 입면 요소를 반영했다.   모든 세대에 무량판(건축물 뼈대를 구성하는 방식으로 보가 없이 기둥과 슬래브로 구성된 것) 구조가 적용돼 향후 리모델링이 용이하도록 가변성을 확보했다. 층간소음을 줄이는 중공슬래브도 적용했다.   주변 자연과 어울리는 스카이라인을 유도하면서 시점에 따라 변화하는 다양한 경관 이미지를 구상했다. 특히 보행자 통행이 많은 생활가로변를 고려해 주동 기단부 및 측벽특화, 공중 휴게정원 등을 계획했다.   단지 안에 어린이집, 경로당, 도서관, 휘트니스센터 등 다양한 부대시설도 만들 예정이다. 입주 시기에 맞춰 인근에 초등학교와 중학교도 신설된다.   항동 공공주택지구 3단지는 동쪽에 천왕산과 건지산, 서쪽에 역곡천과 범박산이 있는 ‘숲세권’ 아파트다. 도보 거리에 구로구 관광명소인푸른수목원과 항동철길도 있다.   인근 서울외곽순환도로 시흥IC, 서해안로, 부광로 등을 통해 지방으로 이동이 편리하고 반경 1.5km 이내에 서울지하철 1호선 역곡역과 온수역, 7호선 천왕역이 있다. 단지와 지하철을 잇는 버스노선도 신설될 예정이다.   부천 생활권과 연계돼 인근 홈플러스, CGV 등 대형 편의시설도 편리하게 이용할 수 있다. 항동 지구에 오는 2020년까지 5000여 가구가 입주할 예정이어서 자체 상권도 점차 확산될 전망이다.      주식담보대출도 이제 부담없는 금리로 가능(안내: 02-3775-1497)   ▶▶ 2018년 상반기 급등 예상 종목 BEST 10 (바로 확인)   <키워드림론> 최저금리로 신용·미수 대환 하는 유일한 방법은    [파워 인터뷰]      [관련기사] ☞ 오는 10일 이건희 삼성회장 '와병 만4년'…장비없이 자가호흡 ☞ 아들 곁으로 간 구본무 회장…슬픔 이기고 LG 24년 이끌어 ☞ 성공을 부르는 말하기? ""목소리를 낮게 내보세요"" ☞ "" 할아버지, 존경해요""…구본무 회장 향한 추모들 ☞ ""김앤장만 믿었다가""…현대차, 소통 실패의 천문학적 비용       주식매입자금? 전화 한통화면 당신은 스마트컨슈머!    최저금리로 신용·미수 대환 하는 가장 경제적인 방법 (바로 확인)   ‘개미’말고 ‘슈퍼 투자자’되고 싶다면?...‘이것’만 잘 이용해도 가능해요!       유엄식 기자 usyoo@    <저작권자 ⓒ '돈이 보이는 리얼타임 뉴스' 머니투데이, 무단전재 및 재배포 금지>"
277,4,"2018-05-23","04:30:00","은행권 채용비리 피해자 구제방안, 현행법 위반 소지 '논란'","[머니투데이 이학렬 기자] [채용절차법에 따라 6개월후 채용서류 파기 원칙…은행들, 탈락자 개인정보 보존 근거 없어 난감]     은행권이 추진하고 있는 채용비리에 따른 피해자 구제 방안이 현행법을 위반할 소지가 있어 논란이 예상된다.   22일 금융권에 따르면 은행연합회를 중심으로 마련중인 '은행권 채용절차 모범규준'에는 채용비리에 따른 피해자를 구제할 수 있는 방안이 담긴다. 이를 위해 예비합격자를 두도록 했다. 예비합격자를 두는 등 피해자를 구제하기 위해서는 일정 기간 이상 탈락자의 개인정보를 은행이가지고 있어야 한다.   문제는 은행이 탈락자의 개인정보를 보관해야 할 의무가 없다는 점이다. 오히려 현행법은 탈락자의 개인정보를 파기하도록 규정하고 있다. 채용절차의 공정화에 관한 법률(채용절차법)에 따르면 채용 여부가 확정된 날 이후 180일이 지나면 개인정보보호법에 따라 채용서류를 파기해야 한다. 은행들은 그동안 채용절차법에 따라 채용서류를 파기했다.   시중은행 고위 관계자는 ""피해자 구제를 위해서는 채용서류를 오랫동안 보관하고 있어야 한다""며 ""채용서류를 파기하도록 돼 있는 채용절차법을 위반할 소지가 있어 고민""이라고 말했다.   공공기관도 채용비리 피해자 구제 방안을 마련하고 있지만 현행법 위반 소지는 없다. 공공기관은 공공기록물 관리에 관한 법률(공공기록물법)에 따라 채용서류를 영구 보존할 수 있다. 정부는 공공기관에 대해 예비합격자를 두는 등 채용비리 피해자를 구제하는 방안을 마련하도록 하는 동시에 기록물 보존 규정을 바꿔 채용서류를 영구 보존하도록 지침을 내렸다.   고용노동부 관계자는 ""공공기관의 채용서류는 공공기록물법에 따라 기관장이 영구 보존하는 것으로 정하면 영구 보존할 수 있다""고 말했다.  하지만 은행 등 사기업에는 공공기록물법을 적용할 수 없다. 고용부도 사기업이 탈락자의 채용서류를 보존하기 위해서는 채용절차법 등의 개정 필요성을 인정하고 있다. 고용부 관계자는 ""채용절차법은 구직자의 개인정보를 보호하기 위한 조치”라며 “사기업이 탈락자의 개인정보를 오랫동안 가지고 있으려면 법 개정이 필요하다""고 말했다.   채용절차법을 위반하지 않고 피해자를 구제하기 위해 예비합격자로부터 별도의 개인정보 수집 등에 동의를 얻어 관리하는 방법도 제기된다.구직자가 지푸라기라도 잡고 싶은 심정으로 개인정보 수집 등에 동의할 수 있으나 구직자에게 ‘희망고문’이 될 수 있고 실제 피해자가 구제되기까지는 오랜 시간이 걸리는 만큼 실효성이 떨어진다는 지적도 나온다.   시중은행 관계자는 “개인정보를 제공하는 것에 대해 반발이 있는 만큼 얼마나 많은 예비합격자가 개인정보 동의를 할지 의문”이라고 말했다.        주식담보대출도 이제 부담없는 금리로 가능(안내: 02-3775-1497)   ▶▶ 2018년 상반기 급등 예상 종목 BEST 10 (바로 확인)   <키워드림론> 최저금리로 신용·미수 대환 하는 유일한 방법은    [파워 인터뷰]      [관련기사] ☞ 오는 10일 이건희 삼성회장 '와병 만4년'…장비없이 자가호흡 ☞ 아들 곁으로 간 구본무 회장…슬픔 이기고 LG 24년 이끌어 ☞ 성공을 부르는 말하기? ""목소리를 낮게 내보세요"" ☞ "" 할아버지, 존경해요""…구본무 회장 향한 추모들 ☞ 자연으로 돌아간 구본무 회장 마지막길…소리없는 '울음바다'      주식매입자금? 전화 한통화면 당신은 스마트컨슈머!    최저금리로 신용·미수 대환 하는 가장 경제적인 방법 (바로 확인)   ‘개미’말고 ‘슈퍼 투자자’되고 싶다면?...‘이것’만 잘 이용해도 가능해요!       이학렬 기자 tootsie@    <저작권자 ⓒ '돈이 보이는 리얼타임 뉴스' 머니투데이, 무단전재 및 재배포 금지>"
277,5,"2018-05-23","04:29:14","트럼프 ""김정은 CVID 수용시 체제보장…일괄타결 비핵화 바람직""","트럼프 ""김정은 CVID 수용시 체제보장…일괄타결 비핵화 바람직""  한미정상회담 후 기자회견…""김정은, 비핵화시 안전하고 굉장히 행복할 것""    (워싱턴=연합뉴스) 강영두 특파원 = 도널드 트럼프 미국 대통령은 22일(현지시간) 김정은 북한 국무위원장이 '완전하고 검증 가능하며 돌이킬 수 없는 비핵화'(CVID)를 수용할 경우 체제안전을 보장하겠다고 밝혔다.  또 북한 비핵화 방식으로는 단계적 해결이 아닌 일괄타결(all-in-one)이 바람직하다는 입장을 확인했다.  트럼프 대통령은 이날 백악관에서 문재인 대통령과 정상회담을 한 뒤 기자회견을 가진 자리에서 이같이 말했다.  트럼프 대통령은 북한 비핵화 방식에 대해 ""한꺼번에 일괄타결되는 것이 바람직하다""며 ""완전히 그렇게 해야 한다는 것은 아니지만 그것이 더 낫다. 전체적으로 봤을 때 한꺼번에 '빅딜'로 타결되는 것이 바람직하다""고 말했다.  트럼프 대통령은 이어 ""그런데 한꺼번에 이뤄진다는 것은 물리적인 여건으로 봤을 때 불가능할 수도 있다""며 ""물리적인 이유로 (비핵화에) 아주 짧은 시간이 걸릴 수 있지만 본질적으로 그것은 일괄타결""이라고 강조했다.  트럼프 대통령은 ""김 위원장은 비핵화가 이뤄질 경우 안전할 것이고 굉장히 행복할 것""이라며 ""그의 국가는 부유해질 것이고 매우 번영할 것""이라고 밝혔다.  k0279@yna.co.kr   (끝)    <긴급속보 SMS 신청> <포토 매거진> < M-SPORTS >   <저작권자(c) 연합뉴스, 무단 전재-재배포 금지>"
277,6,"2018-05-23","04:28:16","국제유가 '베네수엘라 제재' 주시…브렌트유 또 장중 80달러","국제유가 '베네수엘라 제재' 주시…브렌트유 또 장중 80달러   (뉴욕=연합뉴스) 이준서 특파원 = 국제유가는 22일(현지시간) 보합권에서 혼조 양상을 보였다. 산유국인 베네수엘라에 대한 미국의 경제제재 움직임에 주목하면서 숨 고르기 장세를 연출한 모양새다.  이날 뉴욕상업거래소(NYMEX)에서 6월 인도분 서부 텍사스산 원유(WTI)는 전날보다 0.11달러(0.2%) 하락한 72.13달러에 거래를 마쳤다.  런던 ICE 선물거래소의 6월물 브렌트유는 소폭 오름세를 보였다.  미 동부시간 오후 3시 20분 현재 배럴당 0.25달러(0.32%) 상승한 79.47달러에 거래되고 있다. 장중 한때 80달러를 넘어섰다가 상승 폭을줄였다. 브렌트유는 지난주에도 장중 80달러를 넘어선 바 있다.  국제금값은 소폭 올랐다.  이날 뉴욕상품거래소에서 6월물 금 가격은 전날보다 온스당 1.10달러(0.08%) 오른 1천292달러에 거래를 마쳤다.  금값은 별다른 재료 없이 보합권에서 움직였다.     jun@yna.co.kr   (끝)    <긴급속보 SMS 신청> <포토 매거진> < M-SPORTS >   <저작권자(c) 연합뉴스, 무단 전재-재배포 금지>"
277,7,"2018-05-23","04:27:33","피치, 터키에 '중앙은행 독립성' 경고등 …리라 또 최저","피치, 터키에 '중앙은행 독립성' 경고등 …리라 또 최저  ""에르도안 발언, 정책 불확실성 키워""    (이스탄불=연합뉴스) 하채림 특파원 = 레제프 타이이프 에르도안 터키 대통령의 통화정책 개입 의지에 신용평가업계가 경고등을 켰다.  터키리라화는 또다시 역대 최저치로 추락했다.     신용평가업체 피치는 22일(현지시간) ""중앙은행의 독립성을 흔드는 노골적인 위협은 정책 결정 여건과 정책 효과에 부정적인 영향을 미친다""고 경고했다.  피치는 에르도안 대통령이 최근 인터뷰에서 통화정책에 개입 확대 방침을 시사하고서 일주일 만에 이런 성명을 냈다.  에르도안 대통령은 이달 15일 공개된 인터뷰에서 ""대통령이 통화정책에서 영향을 발휘한다는 인상을 국민에 주어야 한다""고 말하고, ""국민은 대통령에게 책임을 묻기 때문""이라고 덧붙였다.  피치는 에르도안 대통령의 발언이 터키 대선ㆍ총선 이후 통화정책을 비롯한 전체적인 경제정책의 예측성을 떨어뜨릴 우려가 있다고 지적했다.  이날 피치의 경고 후 터키리라화 환율은 1미달러당 4.63리라까지 치솟으며 또다시 역대 최고치를 갈아치웠다.     리라화 가치는 에르도안 대통령이 금리나 통화정책 관련 발언을 할 때마다 추락을 거듭, 지난 한달 새 달러 대비 14.9%나 절하됐다.  에르도안 대통령은 금리인상이 고물가를 부추긴다는 독특한 경제관을 역설하며, 금리인상에 공공연히 거부감을 나타냈다.  전문가들은 선거가 끝날 때까지 리라화 불안이 계속될 것으로 전망했다.  블룸버그이코노믹스의 중동경제 전문가 지아드 다우드는 ""투자자들은 정부가 통화정책에 개입해 중앙은행의 독립성을 흔드는 것을 염려한다""며 ""에르도안 대통령의 발언은 스스로 말한 대로 정말로 사람들을 '불편하게' 할 것""이라고 지적했다.  삭소뱅크 덴마크 헬레루프 지점의 외환 전문가 존 하디는 블룸버그통신에 ""리라화 약세는 최소한 선거가 끝날 때까지 계속될 것 같다""고예측하고, ""에르도안 대통령이 비생산적인 시도를 한다면 그 후에도 악순환이 벌어지고, 시장이 리라를 벌할 것""이라고 경고했다.  tree@yna.co.kr   (끝)    <긴급속보 SMS 신청> <포토 매거진> < M-SPORTS >   <저작권자(c) 연합뉴스, 무단 전재-재배포 금지>"
278,1,"2018-05-23","04:06:27","[한미정상회담] '적신호' 켜진 북미정상회담...기로에 선 文대통령 중재외교","트럼프 대통령 ""6월에 북미정상회담 진행되지 않을 수 있다"" ""회담  안열려도 괜찮다""     문재인 대통령이 22일 오후(현지시간) 백악관 오벌오피스에서 열린 한·미 정상 단독회담에서 도널드 트럼프 미 대통령과 환담하고 있다. 연합뉴스    【워싱턴DC(미국)=조은효기자】 20일 앞으로 다가온 북·미 정상회담 개최에 적신호가 켜졌다. 도널드 트럼프 미국 대통령이 북·미 중재에 나선 문재인 대통령의 면전에서 북·미 정상회담을 열지 않을 수도 있다고 밝혔다. 북·미가 회담의 주도권을 놓고 막판 신경전에 돌입한 것으로 풀이된다. 북·미의 샅바싸움에 문 대통령의 북·미 중재외교 역시 시험대에 섰다.   트럼프 미국 대통령은 22일 낮(현지시간)백악관 집무실인 오벌 오피스에서 한·미 단독 정상회담을 시작하며 모두 발언을 하던 중 갑작스럽게 이뤄진 '북·미 정상회담 개최'에 대한 기자들의 질문에 대해 ""우리가 원하는 특정한 조건들이 충족되지 않으면 북·미 정상회담을 하지 않겠다""고 말했다. 트럼프 대통령은 특히, ""6월에 (북·미 정상회담이)진행되지 않을 상당한 가능성이 있다""고 했다. 또 ""싱가포르 회담(북·미 정상회담)이 열릴지 안 열릴 지는 두고 봐야 될 것""이라며 ""만일 열린다면 아주 좋은 일이고 북한에도 좋은 일이 될 것이나 안 열려도 괜찮다""고 답했다. 트럼프 대통령이 북·미 정상회담을 취소하거나 연기할 수 있다는 점을 공개적으로 언급한 건 이번이 처음이다.    문 대통령은 트럼프 대통령의 이런 발언에 대해 ""북·미 정상회담이 성공할 수 있을 것인가, 그리고 북한의 완전한 비핵화라는 것이 과연 실현될 것인가, 여기에 대해 회의적인 시각이 미국 내에 있는거 잘 알고 있다""면서도 ""그러나 과거에 실패했었다고 이번에도 실패할 것이라고 미리 비관한다면 역사의 발전 같은 것은 있을 수 없을 것""이라고 강조했다. 문 대통령은 ""북미정상회담이 예정대로 제대로 열릴 것이라고 확신한다""며 ""최선을 다해 북·미 정상회담의 성공을 돕겠다""며 ""트럼프 대통령과 언제까지나 함께할 것""이라고 밝혔다.  트럼프 대통령이 '회담 무산 카드'를 던짐에 따라 ""핵 포기만 강요하면 북·미 정상회담을 재고할 수 있다""고 배수의 진을 쳤던 김정은 북한 국무위원장의 셈법에도 변화가 있을 것으로 관측된다. 다만, 트럼프대통령이 김 위원장의 태도가 시진핑 중국 국가주석을 만난 뒤 변했다고 언급하면서도 김 위원장의 비핵화 의지에 대해 ""매우 진지하다고 생각한다""고 평가한 점을 미뤄 볼 때 미국 역시 아직은 판을 깨진 않겠다는 입장인 것으로 파악된다.     당초 통역 외에 배석자 없이 두 정상간 솔직하고 내밀한 대화가 오갈 것으로 기대를 모은 단독 정상회담은 모두 발언 단계에서 미국기자들의 돌발 질문 세례와 트럼프 대통령의 작심 발언으로 회담을 시작하기도 전에 사실상 기자회견으로 전환됐다. 질의응답은 약 40분간 진행됐다. 문 대통령으로선 존 볼턴 백악관 국가안보보좌관 등 대북 강경 매파들에 둘러싸인 트럼프 대통령을 단독으로 만나 북한을 비핵화로 견인하기 위해선 체제 보장 문제를 우려하는 북한을 이해해야 한다는 취지로 설명, 설득할 계획이었으나 북.중과 주도권 싸움에 돌입한 트럼프 대통령의 언론을 통한 역공작전으로 메시지 관리에 차질을 빚은 것으로 보인다. 예상시간인 30분을 훌쩍 넘을 것으로 보였던 단독 정상회담은 20분만에 종료된 뒤 양국의 참모진들까지 참여하는 비공개 확대정상회담 및 업무오찬으로 전환됐다.  ehcho@fnnews.com 조은효 기자  ▶'모멘텀 집중' 저가에서 매집해둬야 할 상반기 유망주 3선 (지금 확인)   [파이낸셜뉴스 주요뉴스]  → ' 공천갈등 진화' 나선 바른미래 지도부..살얼음판 여전 → 靑, 드루킹-'親文' 송인배 연루설에 '당혹'‥적극 해명 → 일주일 사이에 로또 1등 2번 당첨된 40대 남성 → 초등생 고속도 휴게소 방치 혐의 교사 벌금 800만원 → 심부전 위험 줄이려면, 일주일간 150분 운동하라  ▶ <긴급공개> 억대계좌 이종목에서 또 터진다!    ※ 저작권자 ⓒ 파이낸셜뉴스. 무단 전재-재배포 금지 "
278,2,"2018-05-23","04:06:10","트럼프 ""김정은 CVID 수용시 체제안전 보장""(속보)","트럼프 ""김정은 CVID 수용시 체제안전 보장""(속보)   (끝)    <긴급속보 SMS 신청> <포토 매거진> < M-SPORTS >   <저작권자(c) 연합뉴스, 무단 전재-재배포 금지>"
278,3,"2018-05-23","04:06:06","생계형 적합업종 '法으로 대못' 논란","[ 김진수 기자 ] 국회 산업통상자원중소벤처기업위원회를 지난 21일 통과한 ‘소상공인 생계형 적합업종 특별법’(생계형 적합업종)에 대한 논란이 이어지고 있다. 합의를 목표로 했던 동반성장위원회의 역할이 축소되고, 적합업종에 대기업이 진입하는 것이 막혀 진행 중인 인수합병에도 차질이 생길 가능성이 있기 때문이다.  국회 본회의 통과(28일)가 확실시되는 이 법안의 핵심은 적합업종에 대해 5 년간 대기업 진입을 막고, 어기면 매출의 5%를 이행강제금으로 부과하는 것이다. 동반위가 담당하는 73개 업종이 주요 대상이다. 업계 관계자는 “대부분 업종단체는 법적으로 해결할 수 있는 생계형 적합업종 지정을 요구할 것이 확실하다”며 “동반위는 신청 창구로 전락할 것”이라고 말했다. 중견기업들도 반발하고 있다. 대기업보다 적합업종에서 부딪칠 가능성이 높기 때문이다. 중견기업연합회 관계자는 “법제화하더라도 최소화해 제도를 운용해야 한다”고 말했다.  김진수 기자 true@hankyung.com     기업의 환율관리 필수 아이템! 실시간 환율/금융서비스 한경Money [ 무료 주식 카톡방 ] 국내 최초, 카톡방 신청자수 38만명 돌파 < 업계 최대 카톡방 > --> 카톡방 입장하기!!     관련기사 ""정말 이례적인 일"" 망연자실한 신혼부부들 왜? '생계형 적합업종 법제화'해야 하나 돈방석 앉은 연예인들…1인 방송 BJ 수입 어떻길래 생계형 적합업종 법제화… ""中企 M&A활로 막힐 것"" ""셈하기도 어렵다"" 방탄소년단 경제적 가치가 무려    ⓒ 한국경제 & hankyung.com, 무단전재 및 재배포 금지"
278,4,"2018-05-23","04:05:00","[MT리포트]넷플릭스, 韓 콘텐츠 시장 지원군? 점령군?","[머니투데이 김은령 기자] [편집자주] ‘콘텐츠 공룡’ 넷플릭스의 공습이 시작됐다. 지난해 개봉한 영화 ‘옥자’에 이어 드라마와 예능 프로그램까지 한국 콘텐츠 투자에 전방위적으로 나서고 있다. 가입자 확대를 위해 일부 케이블TV에 이어 통신사와도 손을 잡았다. 국내 콘텐츠 미디어 생태계 전반을 쥐고 흔들기 시작한 넷플릭스의 심상찮은 움직임을 짚어봤다.     [[넷플릭스 韓대공습]②콘텐츠 제 값 받기 기반 될 것 VS 韓 방송사업자 콘텐츠 투자 감소 우려]   넷플릭스가 국내 시장에 본격적으로 나서기 시작하면서 미디어 ·콘텐츠 업계가 예의 주시하고 있다. 콘텐츠 업계에절대 ‘갑’이었던 플랫폼 사업자와 대등하게 협상을 진행하는 공룡의 등장으로 콘텐츠 제값 받는 환경이 조성될 것이란 기대와 플랫폼들의콘텐츠 투자가 줄어들고 대신 해외 자본 종속이 심화될 것이라는 우려가 공존한다.   ◇콘텐츠 제값 받는 기회 될까=방송업계 등에 따르면 넷플릭스는 플랫폼 사업자와의 제휴 시 글로벌 공통 정책으로 9대 1 수익배분을요구한다. 넷플릭스가 2016년 한국어 서비스 이후 국내 방송·통신 업계를 대상으로 제휴사를 물색했지만 초반에 어려움을 겪었던 것도 이같은 수익배분 정책 때문이다. 국내에서 일반적으로 콘텐츠 사업자와의 수급 배분은 5대5 수준인 것으로 알려져 있다.   방송 프로그램 제작사, 방송채널사용사업자(PP), 콘텐츠제공업체(CP) 등 방송 플랫폼 사업자들에게 ‘을’ 취급을 받아왔던 콘텐츠 사업자들의 입장은 다르다. 넷플릭스의 영향력이 커질수록 ‘콘텐츠 제값 받기’에 대한 기대가 크다. 넷플릭스가 자체가 중요한 콘텐츠 시장이기도하다.   특히 전세계 190개국에 서비스되는 글로벌 플랫폼이라는 점도 국내 콘텐츠 사업자들에겐 상당한 매력으로 작용하고 있다. 2016년 사드 사태로 중국 수출길이 좁아진 국내 제작사 입장에서 전세계에 한류 콘텐츠를 유통할 수 있는 대안이 되기 때문이다.   한 드라마 제작사 관계자는 “넷플릭스는 국내 콘텐츠업체에 또 다른 시장이 될 뿐 아니라 콘텐츠 대가에 있어서 긍정적인 레퍼런스가 될 수있어 주목하고 있다”고 말했다.   콘텐츠 제작업계도 반색하고 있다. 넷플리스가 투자한 ‘범인은 바로 너’ 예능 프로그램의 조효진 PD는 “런닝맨 특집극 수준의 제작비를 매회 투입할 수 있었다”고 말하기도 했다. 또다른 넷플릭스 투자 드리마 ‘킹덤’의 회당 제작비는 15억~20억원 수준이다. 국내 드라마 제작현실은 많아야 회당 수억원에 그친다.    ◇국내 콘텐츠 산업, 넷플릭스 하청기업화 될 수도…=넷플릭스의 막강한 자본력에 대한 우려도 있다. 넷플릭스는 지난해 오리지널 콘텐츠 120여편을 제작했고 올해 콘텐츠에 80억 달러(약 8조6000억원)을 투자할 계획이다. 국내 콘텐츠 시장의 10배에 달하는 규모다. 한국 콘텐츠 투자도 대폭 늘리고 있다. 한동안 넷플릭스와의 제휴에 냉랭했던 국내 미디어 플랫폼 기업들이 다시 발길을 돌리는 이유다.   그러나 플랫폼 사업자들이 손쉽게 콘텐츠를 확보하기 위해 넷플릭스에 의존한다면 중장기적으로 플랫폼 업계 뿐 아니라 콘텐츠 시장에 독이될 수 있다는 지적이다. 콘텐츠 제작 산업에 대한 투자가 그만큼 줄어들기 때문이다. 방송업계에선 콘텐츠 수급 시장에서의 주도권을 완전히잃을 수도 있다는 위기감도 감돌고 있다. 한국방송협회는 성명서를 통해 “국내 콘텐츠 제작산업은 넷플릭스의 생산 하청기지로 전락하고, 한류의 해외 확산 기회를 해외 거대 콘텐츠 사업자가 빼앗아 가도록 내버려두는 우를 범해선 안된다”고 지적했다.   넷플릭스 점유율이 높아진 미국, 유럽 등의 국가에서는 넷플릭스 견제 움직임이 가시화 되고 있다. 디즈니는 내년부터 넷플릭스에 콘텐츠 제공을 중단하고 자체적인 온라인 유통 통로를 강화하겠다고 선언했다. 유럽연합(EU)은 지난해 5월 VOD 서비스 사업자가 30% 이상을 유럽 영화를 제공해야 한다는 VOD 쿼터제를 도입했다. 넷플릭스 독점 공급 구조를 깨기 위한 응급처방이다.   글로벌미디어조사업체 디지털TV리서치에 따르면 전세계 유료 VOD 시장에서 넷플릭스는 36%를 점유하고 있고 미국, 유럽에서는 각각 48%, 45% 를 차지한다. 한국을 비롯한 아시아태평양지역의 점유율은 9%에 불과해 향후 넷플릭스의 집중 공략대상 지역이 되고 있다. 특히 한류 콘텐츠는 아시아 지역을 뚫기 위한 비장의 무기가 될 수 있다. 국내 콘텐츠 시장을 넷플릭스가 좌우할 수 있다는 게 기우만은 아닌 셈이다.     주식담보대출도 이제 부담없는 금리로 가능(안내: 02-3775-1497)   ▶▶ 2018년 상반기 급등 예상 종목 BEST 10 (바로 확인)   <키워드림론> 최저금리로 신용·미수 대환 하는 유일한 방법은    [파워 인터뷰]      [관련기사] ☞ 오는 10일 이건희 삼성회장 '와병 만4년'…장비없이 자가호흡 ☞ 아들 곁으로 간 구본무 회장…슬픔 이기고 LG 24년 이끌어 ☞ 성공을 부르는 말하기? ""목소리를 낮게 내보세요"" ☞ "" 할아버지, 존경해요""…구본무 회장 향한 추모들 ☞ 자연으로 돌아간 구본무 회장 마지막길…소리없는 '울음바다'      주식매입자금? 전화 한통화면 당신은 스마트컨슈머!    최저금리로 신용·미수 대환 하는 가장 경제적인 방법 (바로 확인)   ‘개미’말고 ‘슈퍼 투자자’되고 싶다면?...‘이것’만 잘 이용해도 가능해요!       김은령 기자 taurus@mt.co.kr    <저작권자 ⓒ '돈이 보이는 리얼타임 뉴스' 머니투데이, 무단전재 및 재배포 금지>"
278,5,"2018-05-23","04:02:04","美 뉴욕증권거래소, 226년만에 첫 여성수장 탄생","[아시아경제 뉴욕 김은별 특파원] 세계 최대 증권거래소인 미국 뉴욕증권거래소(NYSE)의 첫 여성 수장이 탄생했다. 1792년 뉴욕증권거래소 출범 이후 226년만에 처음이다.   22일(현지시간) 월스트리트저널(WSJ) 등에 따르면 뉴욕증권거래소의 모기업인 인터콘티넨털 익스체인지(ICE)는 스태이시 커닝햄 최고운용책임자(COO)를 차기 거래소 최고경영자(CEO)로 임명했다. 커닝햄은 현 토아스 팔리 대표의 뒤를 잇게 된다.   지난 1994년 여름 인턴으로 거래소 객장에 첫발을 디딘 커닝햄은 24년간 거래소에서만 경력을 쌓았다. 객장 트레이더, 호가 책임자 등을 거쳐 임원 자리까지 올랐다.   WSJ은 ""커닝햄 발탁은 남성 중심의 월스트리트 문화에서 벗어나려는 시도""라고 평가했다.   이에 따라 미국의 주요 거래소 2곳을 모두 여성이 이끌게 됐다. 앞서 지난해 1월에는 여성인 아데나 프리드먼이 나스닥의 대표로 임명된 바 있다.    ●남북경협株 선취매 all 포착.. 실적 기반 차기 주도주 '바로' 이종목! (클릭) ●'부자네스탁론' 3년 고정금리 4.15% 100% 집중투자까지 ●'대박스탁론' 3년 고정금리 3.99% 100% 집중투자까지   퇴직 후 백만원으로 ""35억""번 60대男 화제! 60대 김모씨가 퇴직 후 하게 된""이것""이 35억의 대박을...    단돈 100만원만 있어도! 지금 바로 확인해라! 특히 이 종목은, 시장과 무관하게 매수 직후부터 바로 수익이...   뉴욕 김은별 특파원 silverstar@asiae.co.kr   <ⓒ세계를 보는 창 경제를 보는 눈, 아시아경제(www.asiae.co.kr) 무단전재 배포금지>"
278,6,"2018-05-23","04:01:18","김정숙 여사, 워싱턴서 美 부통령 부인과 오찬…남북 위해 기도","미국을 공식 실무방문 중인 문재인 대통령과 동행한 김정숙 여사는 22일 11시 30분(현지시간) 워싱턴의 디케이터 하우스에서 카렌 펜스 미국 부통령 부인을 만나 전시를 함께 보고, 오찬을 했다. 김 여사와 펜스 여사의 만남은 지난해 6월 방미 시 미국 부통령 관저에서 진행된 두 여사 간 오찬과 평창올림픽 개막식 계기로 마이크 펜스 부통령 내외가 방한해 만난 이후 세 번째라고 청와대는 밝혔다.   이날 행사가 진행된 디케이터 하우스는 워싱턴에서 가장 오래된 저택으로 미국 건축의 아버지라 불리는 벤저민 헨리 라트로브가 설계한 미국역사 유적지이다. 두 여사는 백악관역사협회 선임역사가인 매튜 코스텔로 박사의 안내로 디케이터 하우스에 전시된 고가구와 백악관 식기 등전시물을 둘러 봤다. 2층에서 오찬을 가지며 하프 연주를 감상하는 등 공통의 관심사인 문화예술을 매개로 우애를 다졌다.   김 여사는 펜스 여사에게 “짧은 일정이지만 여사와의 만남을 고대했다”며 “유서 깊은 디케이터 하우스 초청에 감사하다”고 인사했다. 이에 펜스 여사는 “평창올림픽 때 뵙고 다시 만났는데, 올림픽 끝나고 좀 여유가 생기셨는지”라며 안부를 물었다.   김 여사는 “지난 2월 평창올림픽 개막식에서 뵌 이후, 남북정상회담과 앞으로 있을 북미 정상회담까지 한반도에 평화 정착의 기회가 온 것같다”며 “이 여정에는 트럼프 대통령 내외와 펜스 부통령 내외의 결단력 있는 지지에 깊이 감사한다”고 말했다.   이에 펜스 여사는 펜스 부통령의 아버지가 한국전에 참전했었고 한국 방문 시 DMZ에 갔던 기억이 특히나 인상적이었는데, 한반도의 평화가 찾아오길 고대한다”며 “남북을 위해 함께 기도하자”고 즉석에서 제안하기도 했다.   김 여사는 또한 도널드 트럼프 대통령의 부인인 멜라니아 여사의 안부를 묻고 빠른 쾌유를 함께 기원했다. 오찬을 마치고 펜스 여사는 디케이터 하우스에서 숙소인 영빈관까지 함께 걸으며 김정숙 여사를 배웅했다.      워싱턴=신동민 기자(lawsdm@etoday.co.kr)   [오늘의 핫클릭]  ☞퇴직 후 백만원으로 35억 벌게 된 60대 남성 화제!  ☞유튜버 성추행ㆍ촬영 협박 의혹 스튜디오 실장, 경찰조사서 혐의 부인  ☞bhc 점주, 단체행동 돌입… 본사에 식자재 단가 인하ㆍ원가 공개 요구  ☞北 풍계리 한국 취재 배제… 민주 “마부작침” vs 한국 “현실직시”  ☞떨어지는 재계 별들...이건희 건강 상태는?    ☞[주간 증시일정] 5월 21~25일 넥센테크?텔콘 상호변경, 디에스티로봇 주주총회 등  ☞[카톡방] 무료 주식 카톡방 신청자수 38만 명 돌파 <업계 최대 카톡방> →카톡방 입장하기!         Copyrightⓒ이투데이, All rights reserved. (무단 전재 및 재배포 금지)   프리미엄 경제신문 이투데이    "
278,7,"2018-05-23","04:01:05","[분양 하이라이트] 화성 향남라일플로리스","직장과 가까운 오피스텔에 수요자 관심이 쏠리고 있다. 라일건설은 경기도 화성시 향남 발안산업단지와 제약산업단지 내 소형 오피스텔 향남 라일플로리스 오피스텔을 특별한 조건으로 분양한다. 현재 제약회사 등 기업체와 관련 업종 종사자들에게 임대가 완료돼 즉각적인 임대 수익 창출을 기대할 수 있다.    [특별취재팀 = 이지용 차장 / 최재원 기자 / 박인혜 기자 / 전범주 기자 / 손동우 기자 / 정순우 기자 / 용환진 기자 / 추동훈 기자 / 김강래 기자]        ☞ 5月 반드시 주목해야될 종목!! ☞ 5月 큰 수익 원한다면, 이 종목부터 빨리 매수해라!!! ☞ 지금 100만원 있다면, 이 종목부터 사라! ☞ ""세계최초 신약개발"" 드디어 올것이 왔다! 주목해라!!      [ⓒ 매일경제 & mk.co.kr, 무단전재 및 재배포 금지]"
279,1,"2018-05-23","04:01:03","[분양 하이라이트] 홍천 아리주말농장","국내 별장형 주말농장 1위 기업인 (주)아리는 강남에서 1시간 이내 거리에 위치한 친환경 '그린홈' 홍천 대곡리 힐링마을 90가구를 분양하고 있다.   배산임수 환경을 갖춘 아리농장은 자연경관을 모두 갖춘 홍천군 서면 대곡리에 들어선다. 아울러 대곡 힐링 3단지는 전문 관리인이 있어 집을 비울 때도 안심할 수 있다.    [특별취재팀 = 이지용 차장 / 최재원 기자 / 박인혜 기자 / 전범주 기자 / 손동우 기자 / 정순우 기자 / 용환진 기자 / 추동훈 기자 / 김강래 기자]        ☞ 5月 반드시 주목해야될 종목!! ☞ 5月 큰 수익 원한다면, 이 종목부터 빨리 매수해라!!! ☞ 지금 100만원 있다면, 이 종목부터 사라! ☞ ""세계최초 신약개발"" 드디어 올것이 왔다! 주목해라!!      [ⓒ 매일경제 & mk.co.kr, 무단전재 및 재배포 금지]"
279,2,"2018-05-23","04:01:03","[분양 하이라이트] 대명리조트 회원권 모집","대명리조트는 골프, 스키, 오션월드를 회원권 하나로 즐길 수 있는 통합 회원권을 모집하고 있다. 패밀리 회원권 공유제 분양가(소유권 이전등기)는 회원제 대비 약 5% 더 저렴한 일시불 할인기준으로 기명은 2530만원, 무기명은 3160만원이다. 스위트 회원권 일시불 분양가격은 기명은 3600만원, 무기명은 4500만원이다.    [특별취재팀 = 이지용 차장 / 최재원 기자 / 박인혜 기자 / 전범주 기자 / 손동우 기자 / 정순우 기자 / 용환진 기자 / 추동훈 기자 / 김강래 기자]        ☞ 5月 반드시 주목해야될 종목!! ☞ 5月 큰 수익 원한다면, 이 종목부터 빨리 매수해라!!! ☞ 지금 100만원 있다면, 이 종목부터 사라! ☞ ""세계최초 신약개발"" 드디어 올것이 왔다! 주목해라!!      [ⓒ 매일경제 & mk.co.kr, 무단전재 및 재배포 금지]"
279,3,"2018-05-23","04:01:03","[아파트 분양] HDC아이앤콘스 `제주 아이파크 스위트`","현대산업개발그룹 계열사인 HDC아이앤콘스가 '제주아이파크 스위트'를 이달 분양한다. 제주영어교육도시에 들어서는 첫 생활형 숙박시설이다.   제주 아이파크 스위트는 제주영어교육도시 F-3-1블록, E-1-1·2·4블록에 총 145실(전용면적 116~135㎡) 규모로 조성한다. 지하 1층~지상 1층에는 상업시설인 '아이파크 스토어'가 43실 규모로 들어선다. 생활숙박시설은 취사시설 등이 설치될 예정이다. 개별 등기가 가능하고 청약 통장 없이 분양받을 수 있다. 분양권 전매제한도 없다.   특히 제주 아이파크 스위트가 들어설 제주영어교육도시는 자녀 교육을 위해 이사 온 부모들이나 교육기관 종사자가 많아 수요가 풍부할 전망이다. 제주영어교육도시는 2011년 첫 입주가 시작됐으며, 4개(KIS, BHA, NLCS, SJA)의 국제학교가 운영 중이다. 또한 싱가포르 ACS, 홍콩 라이프트리(Life Tree)와 국제학교 설립을 위한 MOU가 체결된 상태다. 우수한 교통 환경도 장점이다. 제주영어교육도시는 제주공항에서 자동차를 타면 50분 안에 도착이 가능하다. 제주혁신도시가 위치한 서귀포시에서는 중산간도로를 이용하면 30분대 거리다. 이 밖에 영어교육도시로진입하는 도로가 조성 중이고, 제주공항까지 이동할 수 있는 시외버스 1개 노선과 해당 권내를 순환하는 순환버스 3개 노선이 신설될 예정이다. 제주도가 갖춘 쾌적한 자연환경도 가까이서 누릴 수 있다. 단지 주변에는 2조9000억원이 투입되는 제주신화역사공원(약 250만㎡)이 1차개장했고, 2019년 완전 개장을 목표로 공사 중이다. 서귀포 관광미항, 제주헬스케어타운, 제주신공항 등 대형 개발 호재도 풍부하다.   제주 아이파크 스위트는 일반 아파트에 적용되는 4베이 구조로 대부분 설계됐다. 전후면 발코니 설계(일부 가구) 등을 통해 쾌적함을 극대화했다. 또 모든 호실에 개방형 테라스 공간을 도입했다. 여기에다 워크인 현관 수납장, 호텔식 대형 파우더룸, 팬트리, 드레스룸 등을 도입해아파트 이상으로 수납 공간을 늘렸다.   상업시설인 아이파크 스토어는 유럽풍 테라스형 스트리트 상가로 꾸며진다.   견본주택은 서귀포시 대정읍 구억리 1110 일대에 문을 열 예정이다.    [특별취재팀 = 이지용 차장 / 최재원 기자 / 박인혜 기자 / 전범주 기자 / 손동우 기자 / 정순우 기자 / 용환진 기자 / 추동훈 기자 / 김강래 기자]          ☞ 5月 반드시 주목해야될 종목!! ☞ 5月 큰 수익 원한다면, 이 종목부터 빨리 매수해라!!! ☞ 지금 100만원 있다면, 이 종목부터 사라! ☞ ""세계최초 신약개발"" 드디어 올것이 왔다! 주목해라!!      [ⓒ 매일경제 & mk.co.kr, 무단전재 및 재배포 금지]"
279,4,"2018-05-23","04:01:02","[분양 하이라이트] 한강미사 아이에스비즈타워, 지하철 9호선 연장땐 강남까지 20분대","강남까지 환승 없이 20분대에 도달할 수 있는 아이에스동서의 '한강미사 아이에스비즈타워'가 공급 중이다.   경기도 하남시 미사강변도시 자족용지 25-1BL에 들어서는 '한강미사 아이에스비즈타워'는 대지면적 8295㎡, 연면적 6만6088㎡, 지하 4층~지상 10층 규모로 근린생활시설과 기숙사 등 지원시설이 함께 들어서는 복합업무시설이다. 이 지식산업센터는 입주기업체들을 위한 다양한 시설이 마련돼 있고, 입지가 좋아 기업체와 투자자들의 관심이 높다.    '한강미사 아이에스비즈타워'와 같은 지식산업센터에는 아파트 등에 비해 규제가 덜한 데다 과거 오피스에서 보기 힘들었던 피트니스센터, 회의실, 상업시설 등 다양한 편의시설이 제공되는 복합업무공간이라는 점에서 매력적이다. 근로자들의 근무환경과 업무 효율을 높이고자 사무실 건물과 별도로 오피스텔과 비슷한 평면구조인 오피스텔형 기숙사도 들어선다. 다양한 편의시설로 인해 입주기업체들은 쾌적한 환경에서 근무 효율까지 높일 수 있어 일석이조다.   세제 혜택도 눈에 띈다. 지식산업센터는 분양가의 최대 70%까지 장기 융자가 가능하며 2019년 말까지 지식산업센터를 최초로 분양받은 입주자가 1년 이내 직접 사용할 경우 취득세의 50%, 재산세의 37.5%를 면제받는다.    '한강미사 아이에스비즈타워'가 들어서는 미사강변도시는 다양한 교통 호재가 예정돼 있어 서울 접근성도 대폭 향상돼 근로자들의 출퇴근도원활하다. 이 지식산업센터에는 지하철 5호선 연장선(개통 예정)인 풍산역, 미사역과 인접해 있으며 지하철 9호선 연장사업(계획)도 예정돼있다. 현재 1·2단계(개화~잠실운동장) 연장구간을 개통한 지하철 9호선이 미사까지 연장될 예정으로 사업이 완료되면 강남까지 환승 없이 20분대에 이동할 수 있을 전망이다. 서울~춘천 고속도로와 서울외곽순환도로, 구리~포천 고속도로가 개통됐고 제2경부고속도로 건설사업 등 교통 호재가 이어질 전망이다. 서울양양고속도로, 서울외곽순환고속도로, 올림픽대로, 강동대교도 인접해 있으며, 서울 동남부와 연결되는 버스 노선도 많다. '한강미사 아이에스비즈타워'는 3면이 트여있어 우수한 파노라마 한강 조망권을 자랑한다. '한강미사 아이에스비즈타워'의 홍보관은 경기도 하남시 조정대로 40(풍산동 218-10)에 위치한다.    [특별취재팀 = 이지용 차장 / 최재원 기자 / 박인혜 기자 / 전범주 기자 / 손동우 기자 / 정순우 기자 / 용환진 기자 / 추동훈 기자 / 김강래 기자]        ☞ 5月 반드시 주목해야될 종목!! ☞ 5月 큰 수익 원한다면, 이 종목부터 빨리 매수해라!!! ☞ 지금 100만원 있다면, 이 종목부터 사라! ☞ ""세계최초 신약개발"" 드디어 올것이 왔다! 주목해라!!      [ⓒ 매일경제 & mk.co.kr, 무단전재 및 재배포 금지]"
279,5,"2018-05-23","04:01:02","[분양 하이라이트] 인천국제수산물타운, 국내최대 어시장…수익률 '살아있네'","▷ 주식매입자금은 1년고정 3.7%(DSR 미적용) 야호스탁론으로!     국내 최대 규모 수산물타운이 인천 연안부두에 들어선다. 인천시 중구 항동에 조성 중인 '인천국제수산물타운'은 대지면적 1만1000㎡, 건축연면적은 축구장 4배 규모인 5만7550㎡에 달하는 초대형 상업시설이다. 지하 3개 층엔 냉동·냉장창고와 497대 규모 대형 주차장이 들어서고 1층은 수산물 도·소매를 주축으로 한 수산물(활어·선어·어패류·건어물·젓갈류 등) 판매점들이 입점할 예정이다.  2층은 활어 전문 양념식당으로 채워질 전망이다. 서울 노량진 수산시장이나 가락동 수산시장처럼 1층에서 구입한 생선을 2층에서 바로 먹을수 있다.  수산물시장의 가장 큰 장점은 바다에서 나는 다양한 해산물을 살아 있는 상태부터 조리하는 과정까지 원스톱으로 볼 수 있어 생동감을 준다. 그 자리에서 횟감을 골라 2층 양념식당가에서 저가로 회를 즐기려는 사람들로 사계절 문전성시를 이룬다. 해당 사업지 옆에 있는 인천종합어시장은 인천항을 통해 들어오는 중국인 단체관광객의 필수 코스로 자리 잡은 지 오래다. 양념식당 월매출액만 따져도 웬만한 중소기업 이상이라는 말이 있을 정도로 수입이 괜찮은 편이다. 인천국제수산물타운 사업 예정지에서 걸어서 5분 거리에는 인천에서 가장 오래된 수산물 전통시장인 종합어시장이 있어 인근 종합어시장과 시너지 효과도 예상된다.  외식 고객을 상대하는 종합어시장 상인이 만성적인 주차난을 일거에 해결할 수 있는 국제수산물타운으로 이전되고, 기존 상인들은 본연의 수산물 도매에 집중하면 효율성이 높아질 것이라는 기대가 크다. 인천 국제수산물타운은 수익형 부동산으로서 투자가치도 인정받고 있다. 최첨단 정보통신기술이 집약된 테마형 복합상가임에도 분양가는 인천종합어시장과 유사한 수준으로 맞췄다. 특히 2014년 분양한 타 지역 수산물센터 분양가보다도 10% 정도 싸다. 분양 관계자는 ""인천어시장은 임차 수요가 워낙 풍부하기 때문에 일부 어시장 중 억대 웃돈이 붙은 상가들이 많다""면서 ""웃돈 정도의 돈만 있으면 국제수산물타운에서 상가 하나를 분양받을 수 있는 셈""이라고 설명했다. 분양홍보관은 인천시청역 인근에 있으며 방문 전 청약금을 입금하면 원하는 층과 호실을 우선 지정받을 수 있다.   [특별취재팀 = 이지용 차장 / 최재원 기자 / 박인혜 기자 / 전범주 기자 / 손동우 기자 / 정순우 기자 / 용환진 기자 / 추동훈 기자 / 김강래 기자]        ☞ 수천원대 황금종목! 조용히 사서 묻어놔라! 3月 정말 큰돈 된다! ☞ 조용히 사서 묻어놔라! 3月 정말 큰돈 된다! ☞ 큰 수익안겨줄 3月 Best 종목!! ☞ 대규모 기술이전 터진다! 큰 돈 될 종목! ☞ 동학개미운동! 주식 초보투자자들의 성공백서! 톡스타!! ☞ 수익률 & 성공투자! ""톡스타""가 함께 합니다 ☞     [ⓒ 매일경제 & mk.co.kr, 무단전재 및 재배포 금지]"
279,6,"2018-05-23","04:01:02","[분양 하이라이트] 월악 하늘재 하우스, 1억대 가능 청정휴식처…월악산내 명당","천혜의 자연환경이 그대로 보존된 월악산 국립공원내에 최상의 조망과 최고의 자연, 최대의 투자가치를 올릴 수 있는 별장형 빌라가 있어 주목을 끈다.   분양 중인 충청북도 충주시 월악산 국립공원 내에 위치한 '월악 하늘재하우스'다. '월악 하늘재하우스'는 수려한 자연경관을 자랑하는 월악산 자락에 유일하게 허가받아 희소성 가치가 높다. 앞으로는 신령스러운 기운의 월악산 영봉을 가슴에 품고, 뒤로는 빌라 전용 휴식처인 자연청청의 계곡이 휘감고 있다. 도보 10분 거리에는 자연환경 명소 100선 중 10걸로 선정된 하늘과 맞닿았다는 하늘재를 내 집 앞마당처럼 옆에 끼고 있다. 사람이 가장 살기 좋다는 해발 600m에 위치해 쾌적한 자연의 숨결을 고스란히 느낄 수 있는 최고 웰빙 라이프 명당이다.   또 지난해 개통한 성남~여주 복선 전철이 충주까지 이어지고 이천~충주~문경의 중부내륙철도가 2019년 개통될 예정이어서 앞으로 서울까지 1 시간대로 이동할 수 있는 수도권 생활 영역으로 변모한다. 의료 환경 또한 충주에 1만평 규모 중부권통합의학센터가 2019년 완공될 예정이며5만㎡ 용지에 500병실 규모의 충북대(분원)도 건립될 예정이다. 기존 건국대병원도 있다. 생활편의시설은 롯데마트, 이마트 등 대형 쇼핑몰이 근접해 있다. 사계절을 오롯이 느끼며 즐길 수 있는 월악 하늘재하우스는 '왕의 온천'이라는 국내 최고 온천 단지인 수안보온천과 사계절 아름다운 풍광인 해피로드, 충주호 등을 끼고 있다. 소나무 향기를 느낄 수 있는 송계계곡과 미륵사지도 지척이어서 자연과 힐링을 제대로 누리며 즐기는 국내 최고의 위치다. 월악 하늘재하우스는 다채로운 활용가치를 지니고 있다. 직접 주거, 주말 별장, 수익 펜션, 투자가치 등 1석4조 효과를 기대할 수 있다. 건강과 자연을 누림과 동시에 수익과 투자가치까지 얻을 수 있다는 큰 장점이 있는 것이다. 현재 준공이 완료돼언제든지 입주하거나 펜션으로 활용할 수 있다. 타입은 전용면적 48·68·73·86㎡ 등 4가지로 1·2층 총 16가구다. 분양가는 1억원 초반~2억원 미만으로 다양하며 중도금 대출은 50%까지 가능하다. 특히 희소성이 강한 위치의 대지지분이 분양 평수의 250% 내외라는 것도 큰 투자 강점이다.   월악 하늘재하우스는 충북 충주시 수안보면 미륵리 248-22 일대에 있다.    [특별취재팀 = 이지용 차장 / 최재원 기자 / 박인혜 기자 / 전범주 기자 / 손동우 기자 / 정순우 기자 / 용환진 기자 / 추동훈 기자 / 김강래 기자]        ☞ 5月 반드시 주목해야될 종목!! ☞ 5月 큰 수익 원한다면, 이 종목부터 빨리 매수해라!!! ☞ 지금 100만원 있다면, 이 종목부터 사라! ☞ ""세계최초 신약개발"" 드디어 올것이 왔다! 주목해라!!      [ⓒ 매일경제 & mk.co.kr, 무단전재 및 재배포 금지]"
279,7,"2018-05-23","04:01:01","[분양 하이라이트] 해운대 센텀호텔, 벡스코가 코앞…10년전 분양가로 선봬","부산 센텀시티 중심의 최고 위치를 자랑하는 해운대 센텀호텔 내 시공사 보유분 객실이 특별 할인가에 분양된다. 10년 전 분양가인 3.3㎡당 700만원대, 주변 시세의 절반 가격에 공급된다. 해운대는 높은 땅값으로 체인형 콘도가 들어서기엔 사업성이 부족하다는 평가를 받고 있다. 최근 신규 체인형 콘도를 찾아볼 수 없는 이유다. 이런 가운데 10년 전 분양가로 공급되는 이번 물건은 객실 크기도 대형인 전용 178㎡로, 콘도미니엄보다 넓다. 따라서 가족 단위 이용이 가능하다. 법인이 구입할 경우 개별등기가 가능하고 별장처럼 이용할 수 있다. 타 콘도들의 약점인 예약의 불편으로부터 벗어날 수 있는 것이다.   아울러 국내 휴양지 중 최고의 선호도를 자랑하는 해운대 주변에 자리 잡고 있다는 것도 큰 장점이다. 지하철 센텀시티역에서 도보로 1분 거리에 있어 세 정거장이면 해운대에 도착할 수 있다. 호텔 주변에는 세계 최대의 백화점인 신세계 센텀시티점, 롯데백화점, 홈플러스 등이 있다. 길 건너편에 위치한 벡스코와도 가깝다.   이번 분양 물건은 주거용 레지던스다. 오피스텔처럼 개별등기와 전입신고를 할 수 있다. 개인과 법인 모두 분양 후 직접 거주도 가능하다.   스위트룸의 경우 4면 코너에 위치하고 있어 조망권이 매우 뛰어나다. 최고급 풀옵션(빌트인 냉장고, 침대, 붙박이장, 욕조, 스파 등)으로 내부 리모델링을 마친 상태라 최고의 시설로 제공된다.   분양 관계자는 ""주변 분양가 대비 50%의 분양 가격과 뛰아난 입지 조건, 최고의 조망권 등을 고려하면 상당한 시세 차익도 누릴 수 있을 전망""이라고 설명했다.    [특별취재팀 = 이지용 차장 / 최재원 기자 / 박인혜 기자 / 전범주 기자 / 손동우 기자 / 정순우 기자 / 용환진 기자 / 추동훈 기자 / 김강래 기자]        ☞ 4,000% 산성앨엔에스 급등스토리 재현할 초대박 종목!!! ☞ 세계최초 신약개발! 돈벼락 맞은 이 종목을 주목해라!! ☞ 지금 사두면 큰돈 될! 2018년 Best종목! ☞ 5月반드시 주목해야될 종목!!      [ⓒ 매일경제 & mk.co.kr, 무단전재 및 재배포 금지]"
280,1,"2018-05-23","03:38:58","<속보> Nymex 배럴 당 0.15% 하락한 72.13달러 마감","[다우존스/이데일리]   ＜ⓒ종합 경제정보 미디어 이데일리 - 무단전재 & 재배포 금지＞"
280,2,"2018-05-23","03:38:53","트럼프 “조건 충족 안되면 북미정상회담 안해"" 초강수","도널드 트럼프 미국 대통령이 내달 12일로 예정된 북미정상회담에 대해 “우리가 원하는 특정한 조건들이 충족되지 않으면 회담을 안 할 것”이라고 말했다.   지난주 북한이 북미회담 개최를 볼모로 ‘완전한 비핵화’에서 후퇴하려는 모습을 보이자 강력한 경고장을 날린 것이란 분석이다.   트럼프 대통령은 22일(현지시간) 워싱턴D.C의 백악관에서 문재인 대통령과 정상회담을 한 자리에서 이같이 밝혔다고 로이터통신이 보도했다. 그는 이어 “회담이 안 열리면 아마도 다음에 열릴 것”이라며 “열리면 좋을 것이고 안 열려도 괜찮다”고 말한 것으로 알려졌다.     트럼프 대통령이 비록 조건부이지만 북미정상회담 개최 일정이 확정된 후 회담을 취소하거나 연기할 가능성을 공식적으로 언급한 것은 이번이 처음이다.   특히 트럼프 대통령은 “6월에 (회담이) 진행되지 않을 상당한 가능성이 있다”고 밝혔다. 그러면서 그는 “북한의 비핵화가 반드시 이뤄져야 한다”고 강조했다.  다만 트럼프 대통려은 김정은 북한 국무위원장의 비핵화의지에 대해서는 “그가 틀림없이 매우 진지하다고 생각한다”며 긍정적으로 평가했다.  /뉴욕 = 손철 특파원 runiron@sedaily.com    ▶▶ 2018년 정부 정책 수혜주 TOP 10 大공개! (바로 확인)  ▶▶ 재료노출 임박한 상위1%의 극비정보 30명한정 공개(무료)    [ⓒ 서울경제, 무단 전재 및 재배포 금지]"
280,3,"2018-05-23","03:37:38","양대노총·경총 반대에도… 국회, 예정대로 최저임금 논의","산으로 가는 최저임금 개편     환노위, 24일 회의 재개     [ 박재원 기자 ] 국회 환경노동위원회는 24일 최저임금 산입범위 조정 문제를 재논의할 계획이다. 쟁점은 최저임금 산입범위에 정기상여금을포함시킬지 여부와 복리후생비 포함 및 통상임금과의 일치 시점 등이다. 지난 21~22일 이틀에 걸쳐 환노위는 고용노동소위를 열어 ‘11 시간 마라톤 회의’를 했지만 찬반 양쪽의 현격한 견해차만 확인한 채 산회했다.  자유한국당 소속 임이자 고용노동소위원장은 “정기상여금을 포함하는 부분과 복리후생비까지 포함하자는 의견이 팽팽하게 맞서 합의를 도출하기가 굉장히 어려웠다”고 전했다.  최저임금법 개정안이 이달 국회에서 통과될지는 미지수다. 개정안이 소위를 통과하려면 전체 의원의 동의가 필요하다. 고용노동소위는 그동안 안건 심사 시 전원 합의를 관행으로 삼아왔다. 공동교섭단체 ‘평화와 정의의 의원모임’ 간사인 이정미 정의당 의원은 “이해당사자 간 논의가 필요하다고 문제 제기를 했음에도 다수당이 일방적으로 처리하는 데는 유감을 표한다”고 밝혔다.  하지만 끝까지 의견차를 좁히지 못하면 표결 처리 가능성도 제기된다. 표결로 이어지면 개정안은 가결될 가능성이 높다. 소위는더불어민주당과 한국당이 각 4명, 바른미래당 2명, 평화와 정의의 의원모임 1명으로 구성돼 있다. 민주당에서 이탈표가 나오더라도 표결 처리에는 문제가 없다는 분석이다. 환노위 전체의 구성도 민주당 7명, 한국당 4명, 바른미래당 3명, 평화와 정의의 의원모임 1명으로 돼 있어 무난하게 처리될 전망이다.  박재원 기자 wonderful@hankyung.com     관련기사 '최저임금 국회 논의' 판 깬 경총… 中企 ""양대노총과 야합, 배신 당했다"" ""정말 이례적인 일"" 망연자실한 신혼부부들 왜? 노동계 출신 與원내대표 ""고집불통 민노총에 최저임금 결정 못맡겨"" 돈방석 앉은 연예인들…1인 방송 BJ 수입 어떻길래 ""셈하기도 어렵다"" 방탄소년단 경제적 가치가 무려    ⓒ 한국경제 & hankyung.com, 무단전재 및 재배포 금지"
280,4,"2018-05-23","03:37:06","'최저임금 국회 논의' 판 깬 경총… 中企 ""양대노총과 야합, 배신 당했다""","산으로 가는 최저임금 개편     경총 ""국회 대신 최저임금委서 재논의""   ""국회안대로 산입범위 확대 땐 임금격차 확대""  전문가 ""최저임금委로 되돌리면 아무것도 못해""   ""경총 수뇌부, 사회적 대화 코드 맞추기"" 지적도     [ 백승현/도병욱/문혜정/좌동욱 기자 ]  “한국경영자총협회는 도대체 왜?”  최저임금 산입범위 개편 논의 막바지에 불쑥 튀어나온 ‘ 경총발(發) 미스터리’에 경제계가 충격에 빠졌다. 국회의 산입범위 확대를 촉구해온 경총이 지난 21일 돌연 입장을 바꿔 ‘국회논의를 중단하고 다시 최저임금위원회에서 논의하자’고 요구하는 양대 노총(한국노동조합총연맹·전국민주노동조합총연맹)과 손을 잡았기 때문이다. 이로 인해 국회에서 여야 합의로 가닥이 잡혀가던 산입범위 개편 논의는 한순간 방향이 틀어져버렸다.  경총이 하루아침에 입장을 바꾼 것도 문제지만 최저임금 이슈의 가장 큰 당사자인 중소기업중앙회 등과는 전혀 상의도 하지 않은 채 양대 노총과슬그머니 합의한 사실이 알려지면서 경제단체 간 내분 조짐마저 보이고 있다. 일각에서는 ‘경총의 배신’이라는 말까지 나온다.   경총에 도대체 무슨 일이…  경총은 22일 ‘최저임금 산입범위 입법에 대한 경총 입장’이라는 자료를내고 뒤늦게 해명에 나섰다. “국회에서 논의하고 있는 최저임금 산입범위 확대 방안(상여금+현금성 숙식비)은 임금 격차를 확대시키는결과를 초래하는 안이기 때문에 동의할 수 없다”는 게 경총 논리다. 경총 관계자는 “현재 수준의 산입범위 확대안은 무의미하다고 본다”며 “양대 노총과 원하는 방향은 다르지만 국회에서 논의 중인 방안을 수용할 수 없다는 점에서는 의견이 같아 합의한 것”이라고 말했다.  하지만 국회가 아니라 최저임금위에서 논의를 다시 시작하면 산입범위 확대 자체가 불가능해질 가능성이높다는 점에서 설득력이 떨어진다는 평가다. 다른 경제단체 관계자는 “이미 최저임금위에서 태스크포스(TF)까지 꾸려 작년부터 8개월간 논의했지만 한발짝도 양보 못하겠다는 노동계 반발로 무산돼 결국 국회로 공이 넘어간 것 아니냐”며 “이제 와서 다시 최저임금위로 논의 주체를 옮긴다는 것은 아무것도 안 하고 노동계 요구대로 따르겠다는 것과 다를 바 없다”고 비판했다.  익명을 요구한 한 노동경제학자는 “갑작스러운 입장 변화에 대한 해명은 견강부회 그 자체다. 기업 입장을 대변한다는 경영자단체로서 수치스러운 수준이다. 이럴 바엔 경총은 문을 닫는 게 낫다”고 원색적인 표현을 써가며 비난했다.  일각에서는 경총이 산입범위 확대를 양보하는 대신 최저임금 인상폭을 줄이려는 전략을 세운 게 아니냐는 분석도 있다. 하지만 경총이 지난해 최저임금 협상 당시 16.4% 인상률에 동의하면서 전제 조건으로 ‘산입범위 확대’를 강하게 주장했다는 점에서 앞뒤가 맞지 않는다는 지적이 나온다.  경총의 ‘코드 맞추기’인가?  경총의 ‘돌발 행동’은 손경식 회장과 송영중 상임부회장이 “사회적 대화는 이어가야 한다”고 강하게 밀어붙인 결과라는 해석이 지배적이다. 이번 입장 변경 과정에서 경총 실무진은 “지금 최저임금위에서 논의를 다시 시작하면 연내 산입범위 확대는 물 건너간다”고 현실론을 들어 반대했지만 송 부회장이 묵살한 것으로 알려졌다. 일각에서는 고용노동부 출신인 송 부회장이 사회적 대화를 중시하는 정부와 코드를 맞추기 위해 결정을 주도한 것 아니냐는의구심이 제기된다.  손 회장이 ‘사회적 대화 사수’라는 명분에 매몰돼 안이하게 판단했다는 지적도 나온다. 한 경제단체 관계자는 “경총은 6월까지 최저임금 산입범위 논의를 마치겠다는 민주노총의 약속을 믿고 이들의 제안을 수용했다고 한다” 며 “이런 공허한 약속을 철석같이 믿은 것 자체가 문제”라고 말했다.  “배신당했다” 격앙된 중기중앙회  중기중앙회와 산하 협동조합은 경총과 양대 노총의 합의를 ‘배신’으로 규정하고 거센 비난을 쏟아내고 있다. 중기중앙회 관계자는 “최저임금의 영향을 받는 기업은 대부분 중소기업인데 경총이 우리와 아무런 상의 없이 양대 노총과 야합을 했다”며 “이번 일로 경총과 중소기업계의 신뢰도 깨졌다”고 말했다. 최저임금의 영향을 받는 사업장은 30인 미만인중소기업과 소상공인이 전체의 84.5%를 차지한다.  중기중앙회는 산입범위 확대 없이는 내년도 최저임금 결정을 위한 사회적 합의(최저임금위)에 동참하지 않겠다는 뜻을 밝혔다. 중소기업계가 이처럼 반발하는 것은 국회에서 산입범위 매듭이 지어지지 않은 채 다시 최저임금위로 공이 넘어가면 산입범위 확대는커녕 내년에도 인상률만 더 높아질 것이라는 우려 때문이다. 한 협동조합 이사장은 “아무것도 안 되는 최악의 경우보다 차라리 차악이지만 국회에서 산입범위 조정이 어느 정도 이뤄진 뒤 인상폭을 낮추는 식으로 가는 게 낫다”고 말했다.  대한상공회의소 등 다른 경제단체들도 한결같이 “당혹스럽다”는 반응이다. 박용만 대한상의 회장은 경총의 움직임과 관련해 ‘상황 파악’을 지시한 것으로 알려졌다.  백승현/도병욱/문혜정/좌동욱 기자 argos@hankyung.com     기업의 환율관리 필수 아이템! 실시간 환율/금융서비스 한경Money [ 무료 주식 카톡방 ] 국내 최초, 카톡방 신청자수 38만명 돌파 < 업계 최대 카톡방 > --> 카톡방 입장하기!!     관련기사 양대노총·경총 반대에도 … 국회, 예정대로 최저임금 논의 ""정말 이례적인 일"" 망연자실한 신혼부부들 왜? 노동계 출신 與원내대표 ""고집불통 민노총에 최저임금 결정 못맡겨"" 돈방석 앉은 연예인들…1인 방송 BJ 수입어떻길래 ""셈하기도 어렵다"" 방탄소년단 경제적 가치가 무려    ⓒ 한국경제 & hankyung.com, 무단전재 및 재배포 금지"
280,5,"2018-05-23","03:37:01","김정숙 여사, 美부통령 부인과 오찬…""한반도 평화정착 기회""","김정숙 여사, 美부통령 부인과 오찬…""한반도 평화정착 기회""  펜스 여사 ""한국 방문 때 DMZ 방문 인상적…평화 고대""      (워싱턴ㆍ서울=연합뉴스) 이상헌 임형섭 박경준 기자 = 문재인 대통령의 미국 방문에 동행 중인 김정숙 여사는 22일(현지시간) 미국 워싱턴DC 디케이터 하우스에서 카렌 펜스 미국 부통령 부인을 만나 오찬을 했다.  김 여사와 펜스 여사의 만남은 지난해 6월 방미 때 미국 부통령 관저에서 오찬을 한 것과 올해 2월 평창동계올림픽 개막식을 계기로 마이크 펜스 부통령 부부가 방한해 만난 것에 이어 세 번째라고 청와대는 서면브리핑을 통해 밝혔다.  오찬에서 김 여사는 ""짧은 일정이지만 여사님과의 만남을 고대했다. 유서 깊은 디케이터 하우스 초청에 감사하다""고 인사를 했다.  그러면서 ""남북정상회담과 앞으로 있을 북미정상회담 등으로 한반도에 평화정착의 기회가 온 것 같다""며 ""이 여정에서 도널드 트럼프 대통령 내외와 펜스 부통령 내외의 결단력 있는 지지에 대해 깊이 감사드린다""고 말했다.  이에 펜스 여사는 ""평창동계올림픽 때 뵙고 다시 만났는데 올림픽 끝나고 좀 여유가 생기셨나""라고 안부를 물었다.  펜스 여사는 ""펜스 부통령의 아버지가 한국전에 참전하셨고 한국 방문 때 비무장지대(DMZ)에 갔던 기억이 특히 인상적이었는데, 한반도의 평화가 찾아오길 고대한다""며 남북을 위해 함께 기도하자고 즉석에서 제안했다.  김 여사는 트럼프 대통령의 부인인 멜라니아 여사가 신장 수술을 받고 퇴원한 것과 관련해선 빠른 쾌유를 함께 기원했다고 청와대는 전했다.  이날 오찬 장소인 디케이터 하우스는 워싱턴에서 가장 오래된 저택으로, 두 여사는 백악관역사협회 선임역사가인 매튜 코스텔로 박사의안내로 내부에 전시된 고가구와 식기 등을 둘러봤으며 하프 연주를 함께 감상했다.  오찬 후에는 펜스 여사가 디케이터 하우스에서 숙소인 영빈관까지 함께 걸으며 김 여사를 배웅했다.  hysup@yna.co.kr   (끝)    <긴급속보 SMS 신청> <포토 매거진> < M-SPORTS >   <저작권자(c) 연합뉴스, 무단 전재-재배포 금지>"
280,6,"2018-05-23","03:34:05","문대통령ㆍ트럼프 회담 종료…21분간 단독ㆍ65분간 확대회담","문대통령ㆍ트럼프 회담 종료…21분간 단독ㆍ65분간 확대회담     (워싱턴=연합뉴스) 이상헌 박경준 기자 = 문재인 대통령과 도널드 트럼프 미국 대통령은 22일(현지시간) 오후 단독회담에 이은 오찬을 겸한 확대회담을 종료했다.  배석자 없이 이뤄진 단독회담은 21분간, 참모들이 배석한 확대회담은 65분간 각각 진행돼 두 정상은 한반도 비핵화 문제를 놓고 1시간 26분간 머리를 맞댔다.  이날 단독회담은 낮 12시 7분께 시작됐으나 두 정상의 모두발언을 취재하기 위해 회담장에 있던 취재진의 돌발 질문이 쇄도하는 바람에실제 단독회담은 12시 42분부터 1시 3분까지 이어졌다.  두 정상은 곧바로 확대회담으로 전환, 오후 2시 8분께 회담을 마쳤다.  두 정상은 단독 및 확대 회담에서 북한의 대남ㆍ대미 비난으로 경색된 한반도 정세에도 북한의 북미정상회담 테이블로 예정대로 견인해북미가 한반도 비핵화 로드맵에 합의할 수 있도록 하는 방안을 심도 있게 논의한 것으로 알려졌다.  honeybee@yna.co.kr   kjpark@yna.co.kr   (끝)    <긴급속보 SMS 신청> <포토 매거진> < M-SPORTS >   <저작권자(c) 연합뉴스, 무단 전재-재배포 금지>"
280,7,"2018-05-23","03:32:37","한미 정상, 예정에 없던 질문 쏟아져 즉석서 '기자회견'","한미 정상, 예정에 없던 질문 쏟아져 즉석서 '기자회견'  모두발언 후 북미정상회담 등 현안 질문에 양 정상 답변   중요문답 봇물… 이어진 확대정상회담 30분가량 늦어져     (워싱턴=연합뉴스) 이상헌 박경준 기자 = 미국을 공식 실무방문 중인 문재인 대통령과 도널드 트럼프 미국 대통령 간 정상회담에서는 예정에 없던 기자들의 질문이 쏟아지면서 즉석에서 기자회견과 같은 분위기가 연출됐다.  애초 배석자도 없는 양 정상의 단독정상회담에서 한반도 비핵화의 구체적 방법론과 같은 내밀한 논의가 장시간 이뤄질 것으로 예상됐으나 취재진과의 문답이 이어지면서 진정한 의미의 단독정상회담은 20분 남짓 진행됐다.  양 정상은 22일 정오께 워싱턴DC 백악관 집무실이 오벌 오피스에서 만나 악수하며 인사를 나눴다.  한미 정상은 드레스코드를 맞춘 듯 모두 감색 정장에 흰색 셔츠, 붉은색 스트라이프 넥타이를 착용했다.  두 대통령은 단독정상회담에 앞서 한미 취재진 앞에서 모두발언을 했다.  먼저 모두발언을 한 트럼프 대통령은 ""아주 중요한, 싱가포르(에서 열리는 북미정상) 회담에 대해서 논의할 것""이라며 ""싱가포르 회담이열릴지 안 열릴지는 두고 봐야 할 것""이라고 말했다.  트럼프 대통령이 북미정상회담이 열리지도 않을 가능성을 공식적으로 처음 언급한 터라 외신 등은 이 발언을 긴급뉴스로 전했다.  이어 모두발언에 나선 문 대통령은 ""한반도의 운명과 미래가 걸려 있는 일이기 때문에 나도 최선을 다해 북미정상회담의 성공을 돕고 트럼프 대통령과 언제까지나 함께할 것""이라고 밝혔다.  청와대와 백악관 실무진은 두 정상의 모두발언이 끝난 뒤 취재진을 물리고 통역만 둔 채 배석자 없이 단독회담으로 이어가고자 했다.  그러나 취재진이 북미정상회담 성사 여부 등을 묻는 말에 트럼프 대통령이 답변하기 시작하면서 계획은 어그러지고 말았다.  트럼프 대통령은 자신에게 집중된 질문에 ""원하는 조건이 충족되지 않으면 회담하지 않을 것"", ""6월에 회담 열리지 않을 상당한 가능성이 있다"" 등의 답변을 내놨다.  트럼프 대통령은 취재진과의 문답 중 최근 김정은 북한 국무위원장이 시진핑(習近平) 중국 국가주석을 만난 뒤 비핵화와 관련한 입장이달라졌다는 취지로 말한 뒤 ""다른 의견이 있다면 말씀하셔도 좋다""며 답변 기회를 문 대통령에게 넘겼다.  문 대통령은 ""북미정상회담이 성공할 수 있을 것인가에 대해 회의적 시각이 미국 내에 있는 것을 잘 알고 있다""면서도 ""과거에 실패했다고 이번에도 실패할 것이라고 미리 비관하면 역사의 발전은 있을 수 없을 것""이라고 강조했다.  문 대통령은 ""최근 북한의 태도 변화 때문에 북미정상회담이 제대로 이뤄질 수 있을지 걱정하는 게 있는데 저는 북미정상회담이 예정대로 제대로 열릴 것이라고 확신한다""고 말했다.  다소 뉘앙스가 다른 두 정상의 발언에 긴장이 감도는 분위기였으나 트럼프 대통령이 ""문 대통령이 대통령인 것은 한국에 아주 운이 좋다""고 말하는 대목에서는 장내에 폭소가 터지기도 했다.  이런 과정을 거치면서 12시 5분에 시작돼 12시 35분까지 진행하기로 돼 있던 단독정상회담은 두 사람의 모두발언에 이은 질의응답만 12시 42분까지 진행됐다.  이후에야 비로소 열린 단독회담은 오후 1시 3분께 종료돼 애초 30분간으로 예정됐던 두 정상만의 회담도 21분밖에 이어지지 않았다. 별도의 기자회견은 계획하지도 않았던 청와대와 백악관으로서는 전혀 예상하지 못한 상황이었다.  단독정상회담에 이어 양측 수행원들이 배석한 가운데 열린 확대정상회담은 예정된 시각보다 30분 남짓을 넘겨 시작될 수 있었다.  kjpark@yna.co.kr   (끝)    <긴급속보 SMS 신청> <포토 매거진> < M-SPORTS >   <저작권자(c) 연합뉴스, 무단 전재-재배포 금지>"
281,1,"2018-05-23","03:09:13","연 2% 달러예금으로 틈새수익 노려볼까","미국 달러 가치가 강세를 지속하면서 국내 '달러 예금' 증가세가 주춤하고 있다. 22일 한국은행에 따르면 지난 4월 말 국내 거주자의 달러 예금 잔액은 663억5000만달러로 한 달 사이에 37억3000만달러가 줄어들었다. 최근 달러 값이 오르자 기업과 개인이 환차익을 올리기 위해 예치해뒀던 달러를 팔아 치운 것으로 전문가들은 보고 있다. 달러 대비 원화 환율(종가 기준)은 3월 말 1063.5원에서 지난 21일에는 1085.4원까지 올랐다.    현재로선 미국이 금리를 더 올릴 것으로 보여 달러 값이 오를 가능성이 높지만, 약세로 돌아설 가능성을 완전히 배제할 수 없다. 그래서 '달러에 투자할 시기를 놓친 것이 아니냐'는 얘기가 투자자들 사이에 나온다. 지금 달러를 샀다가 달러 값이 떨어지면 환차손을 볼 수도 있기 때문이다. 전문가들은 ""은행들이 내놓고 있는 연 2% 이상의 높은 금리를 주는 달러 정기예금을 이용하면 '틈새 수익'을 노려볼 수 있다""고 조언한다. SC제일은행 관계자는 ""달러 예금이 원화 예금보다 금리가 더 높기 때문에 자녀 유학 등으로 만기 시점에 바로 원화 환전할 필요가 없는 고객들에겐 더욱 유리하다""며 ""환차손이 나더라도 이자 수익으로 어느 정도 만회할 수 있다""고 말했다.  현재 시중 은행에서 '달러 예금'에 가입하면 최고 연 2% 중반대의 금리를 받을 수 있다. SC제일은행은 6월 29일까지 '미 달러 정기예금 특별금리 이벤트'를 진행한다. 이 기간 중 달러 정기예금(1년 만기)에 가입하면 연 2.5%의 특별 금리를 준다. 전월 기준으로 SC제일은행에 달러예금을 보유하지 않았던 개인 고객만 가입 가능하다.  광주은행은 6월 22일까지 최고 연 2.4% 금리를 주는 '특판 외화정기예금(미 달러)'을 판매하고 있다. 1년 만기 상품에 연 2.1% 금리를 주는데, 신규로 5000달러 이상 가입하거나 광주은행에서 환전·해외 송금 실적이 1000달러 이상이면 우대 금리를 줘 최고 연 2.4%까지 받을 수 있다. SH수협은행은 최근 수산업과 어업에 종사하는 개인 고객을 대상으로 연 2.85%의 고금리를 주는 '나눔으로 함께海 외화예금' 상품을 출시했다.       김민정 기자 mjkim@chosun.comCopyrights ⓒ ChosunBiz.com"
281,2,"2018-05-23","03:09:13","유가 오를땐 자원 부국 러시아·브라질이 최고 투자처?","석유수출국기구(OPEC)가 주도한 산유국 감산 합의, 미국의 이란 제재 등에 따른 공급 차질 우려 등이 겹치면서 국제 유가가 고공 행진하고 있다. 2016년 초 배럴당 30달러 밑으로 떨어졌던 미국 서부텍사스산 원유(WTI) 6월물은 이달 들어 70달러를 웃돌고 있다. WTI 6월물은 지난 7일 뉴욕상업거래소(NYMEX)에서 2014년 11월 이후 처음으로 배럴당 70달러를 넘겼다. 북해산 브렌트유 7월물은 지난 17일 장중 배럴당 80달러를넘어서기도 했다. 2014년 11월 이후 3년 6개월 만이다.  과거 유가 상승기에는 원유 펀드 및 상장지수펀드(ETF), 러시아·브라질 등 에너지 수출국에 투자하는 펀드, 조선·건설업종 주식이 유망 투자처로 꼽혀왔다. 하지만 이번 유가 상승기에는 신흥국 위기설, 셰일가스 등 에너지 패러다임의 변화 등 여러 변수가 있는 만큼, 투자를 결정하기 전에 꼼꼼하게 살펴야 한다.  ◇위험 선호 성향 따라, 원유 DLS·ETF ·레버리지 ETN 고려해야   가장 쉬운 원유 투자법은 최근 오름세인 석유 가격을 벤치마크하는 금융상품에 투자하는 것이다. 보통 국제 유가 중 WTI와 브렌트유를 추종하는 경우가 많다. 우리나라에서 수입하는 두바이유는 선물 시장이 없고, 현물 거래만 이뤄지고 있다. 이중호 KB증권 연구원은 ""원금 손실을 피하고 싶은 보수적인 투자자는 원유 DLS(파생결합증권), 원유가 오르는 만큼 수익을 가져가고 싶다면 원유 ETF(상장지수펀드)·ETN(상장지수증권), 더 큰 수익을 노린다면 레버리지를 고려하라""고 조언했다.  전문가들은 유가에는 관심이 있지만 원금 손실은 피하고 싶은 투자자라면 원유 DLS(파생결합증권)를 추천한다. ELS(주가연계증권)처럼 유가가 일정 수준 밑으로 떨어지지 않으면 연 5~8% 수준의 수익을 주는 비교적 안전한 상품이다.  다음으로 자산운용사가 만드는 원유 선물 ETF와 증권사가 발행하는 원유 선물 ETN은 모두 원유 가격 움직임에 따라 수익을 올리도록 설계돼있다. 다만 ETF는 기초 자산이 같은 원유라도 자산 운용사에 따라 매일 1~2%씩 등락률 차이가 나고, ETN은 기초 자산만 같으면 발행사가 달라도 거의 똑같은 성과를 낸다. HTS(홈 트레이딩 시스템)나 MTS(모바일 트레이딩 시스템)를 통해 실시간으로 쉽게 거래할 수 있다.  또한 유가 상승에 대한 확고한 믿음이 있고, 높은 수익률을 추구한다면 레버리지 ETN 등도 고려할 만하다. 원유 가격 등락폭의 두 배 수준에서 수익률이 정해지는 '신한 레버리지 WTI 원유 선물 ETN(H)'의 6개월 수익률은 60%가 넘는다.  ◇유가 상승 반사이익 보는 에너지 기업 투자     유가 상승으로 에너지 산업 업황이 좋아질 것이라고 본다면 에너지 기업에 투자하는 것도 방법이다. 개별 기업 주식을 직접 살 수 있고, 글로벌 에너지 기업에 분산 투자하는 펀드에 투자하는 방법도 있다. 미국 원유 생산 기업에 투자하는 KB자산운용의 'KBSTAR 미국원유생산기업 ETF'는 3개월 수익률이 27.49%를 기록 중이다. 미국 셰일가스와 원유 관련 송유관, 저장 시설 등 인프라 사업을 운영하는 미국 MLP에 투자하는 MLP (마스터합자조합·Master Limited Partnership)펀드는 유가가 오르면서 최근 1개월 수익률이 5% 안팎으로 올랐다.  유가 상승 시 수혜주로 꼽히던 조선업, 건설업은 주가가 오르는 것을 확인하고 투자하라는 의견이 많다. 과거에는 유가가 오르면 유조선, 시추선, 플랜트 등의 발주가 늘어나고, 기업 실적도 좋아졌지만 아직까지는 이런 움직임이 보이지 않기 때문이다. 또 정유업의 경우 유가보다이윤을 남길 수 있는 정제 마진의 향방에 주목할 필요가 있다.  ◇러시아·브라질 '원유강세 vs 환율약세'  러시아와 브라질도 원자재 상승의 수혜를 보는 대표적인 신흥국으로 꼽힌다. 러시아 펀드의 경우 1개월 수익률이 7.65%를 기록하며 반등 기미를 보이고 있지만, 브라질은 아직 마이너스 수익률을 기록 중이다. 이들 국가의 경우경제위기 이슈로 현지 통화 가치가 하락할 가능성이 있는 만큼, 투자 의견이 갈리고 있다. 김성봉 삼성증권 WM리서치 팀장은 ""신흥국 환율이 향후 세계 경기를 앞서 반영한 것인지, 단기적인 정치적이벤트가 신흥국 시장에 과도한 영향을 준 것인지 견해가 나뉜다""며 ""전자일 경우 앞으로 원자재 가격이 하락할 것이고, 후자일 경우 신흥국환율 약세가 중단될 수 있다""고 했다.       양모듬 기자 modyssey@chosun.comCopyrights ⓒ ChosunBiz.com"
281,3,"2018-05-23","03:09:13","[기업 브리핑] 러닝화 최대 40% 할인행사 외","러닝화 최대 40% 할인행사   롯데백화점은 23일부터 31일까지 '여름을 달리다'를 주제로 최대 40%의 러닝화 할인 행사를 진행한다고 22일 밝혔다.   1조2000억 규모 수출금융 제공   한국무역보험공사는 쿠웨이트 남부 알주르 산업단지 액화천연가스(LNG) 터미널 건설에 참여하는 국내 기업들을 위해 1조2000억원 규모의 수출금융을 제공한다고 22일 밝혔다.   300가지 해외명품 최대 80% 할인   신세계백화점은 오는 25일부터 300여 가지 해외 명품을 최대 80% 할인 판매하는 시즌 오프 행사를 연다고 22일 밝혔다. Copyrights ⓒ ChosunBiz.com"
281,4,"2018-05-23","03:09:13","자동차 수출량은 줄었지만 수출단가는 올라","올해 국내 완성차 업체들의 자동차 수출 대수는 작년보다 줄었지만 대당 평균 단가는 상승했다. 차량 가격이 비싼 고급 차와 SUV(스포츠유틸리티 차량) 수출 비중이 높아졌기 때문이다.  22일 한국자동차산업협회에 따르면 올 1분기 현대차·기아차·한국GM 등 국내 완성차 5사의 수출 대수는 57만3430대로 작년 1분기(62만7704대)보다 8.6% 감소했다. 르노삼성(수출 대수 12.9% 증가)을 제외한 모든 업체의 수출이 줄었다. 특히 쌍용차의 수출 대수 감소 폭(-32.4%)이 컸고 다음으로는 기아차(-19.3%), 한국GM(-4.9%), 현대차(-1%) 순이었다. 수출 물량이 감소하면서 누적 수출액도 작년보다 6% 줄었다.  반면 수출하는 차량의 평균 단가는 올랐다. 올 1분기 국내 완성차 5사의 평균 수출 단가는 1만5500달러로 작년 1분기(1만5000달러)보다 3.3% 높았다. 이는 연간 누계 기준 역대 최대치다. 평균 수출 단가는 2010년 1만2000달러를 기록한 후 꾸준히 상승 중이다.  수출량이 감소함에도 대당 수출 단가가 상승하는 이유는 완성차 업체들이 중소형 세단 중심 수출 구조에서 벗어나 대형 고급 차와 SUV 수출에 집중하고 있기 때문이다. 세단의 인기가 식고 SUV의 판매량이 급증하는 세계적인 트렌드와도 밀접한 관계가 있다. 현대차의 경우 올 1분기코나·투싼·싼타페 등 SUV 수출이 작년 1분기보다 18.6% 늘었다.  평균 수출 단가의 상승은 국내 완성차 업체의 수익성 개선에 도움이 될 것으로 보인다.   김성민 기자 dori2381@chosun.comCopyrights ⓒ ChosunBiz.com"
281,5,"2018-05-23","03:09:13","LG이노텍, 인공지능 양계장 만든다","LG이노텍은 농촌진흥청, 국립축산과학원과 공동연구 업무협약(MOU)을 맺고 인공지능(AI)을 적용한 스마트 양계장을 개발한다고 22일 밝혔다. 이번에 LG이노텍이 개발하는 AI 양계장에는 카메라, 센서 등이 장착돼 닭 수만 마리의 건강 상태와 날씨 등의 환경 변화를 실시간으로 수집해 분석한다. AI는 닭이 건강하게 자랄 수 있도록 양계장 온도와 습도를 자동 제어하고, 언제 출하하는 것이 가장 가치가 높을지도 판단한다.또 조류인플루엔자 같은 양계 농가의 전염병 피해를 줄이는 데도 AI 양계장을 활용할 계획이다. AI 양계장에서 관리하는 닭이 감염 증세를 보이면 즉시 양계 농가에 AI가 감염 의심 닭의 상태와 위치를 알려줘 빠르게 방역할 수 있도록 한다는 것이다. LG이노텍 권일근 최고기술책임자(CTO)는 ""스마트 양계장을 시작으로 AI를 적용해 농축산업을 혁신하고 농가 수익을 늘릴 수 있는 기술 개발에 박차를 가하겠다""고 말했다.   강동철 기자 charley@chosun.comCopyrights ⓒ ChosunBiz.com"
281,6,"2018-05-23","03:09:13","크기조절 자유자재, 투명한 화면… 삼성·LG, 차세대 디스플레이 공개","한국 대표 디스플레이 기업인 삼성디스플레이와 LG디스플레이가 22일(현지 시각)부터 26일까지 미국 로스앤젤레스(LA) 컨벤션센터에서 열리는 세계 최대 디스플레이 전시회 'SID(국제정보디스플레이학회) 2018'에 참가해 차세대 디스플레이 제품을 선보인다.  삼성디스플레이는 올해 SID에서 둘둘 말 수 있는 롤러블(rollable) 기술을 적용한 자동차용 디스플레이 패널을 공개한다. 자동차 내비게이션, 엔터테인먼트용으로 쓰는 이 제품은 화면 크기를 9인치에서 14인치까지 자유자재로 조절할 수 있는 것이 특징이다. 또 S자 모양으로 두 번구부려 유려한 디자인을 구현한 차량용 디스플레이 패널과 3D(입체) 영상을 계기판에 보여주는 기술도 선보인다. 삼성디스플레이 관계자는 "" 자동차용 패널은 디스플레이 업계에서 차세대 시장으로 주목받고 있다""며 ""빠른 신제품 공개와 출시를 통해 시장 선점에 나설 것""이라고 말했다.  LG디스플레이는 작년 세계 최초로 개발한 77인치 크기의 투명 플렉시블(flexible·휘어지는) 디스플레이를 선보인다. 이 제품은 UHD(초고화질) 영상을 구현하며 TV를 보지 않을 때에는 창문처럼 활용할 수 있다. LG는 화면의 떨림으로 소리를 내는 크리스털 사운드 OLED(유기발광다이오드) 디스플레이와 자동차용 디스플레이 제품도 대거 선보였다. LG디스플레이는 실제 자동차를 전시장에 갖다 놓고 내부에 계기판용 고해상도 디스플레이, 조수석용 16.2인치 디스플레이 등을 장착해 관람객들이 써볼 수 있도록 했다. LG디스플레이 강인병 최고기술책임자(CTO)는 "" 세계 최초로 개발한 차세대 디스플레이와 함께 미래 시장을 선도할 다양한 제품을 선보이겠다""고 말했다.       강동철 기자 charley@chosun.comCopyrights ⓒ ChosunBiz.com"
281,7,"2018-05-23","03:09:13","글쓰는 '파워블로거'보다 영상찍는 '인플루언서'","""세척 사과라 그냥 먹어도 된대요. 아침에 먹는 사과가 꿀사과예요.""  온라인 방송 진행자 고말숙(본명 장하늘)씨가 사과를 맛있게 한입 베어 물자 방송 채팅창에는 곧바로 ""추석 선물 결정"" ""이미 두 박스 주문했어요"" 등의 시청자 반응이 올라왔다. 현대H몰이 지난 20일부터 운영하고 있는 동영상 리뷰 코너 '히든박스'에 올라온 장면이다. 고씨의 표정과 탄성 하나하나에도 시청자들은 ""사과를 사고 싶다""는 글을 채팅창에 올렸다. 고씨는 인스타그램·페이스북 등에 팔로어 40만명 이상을 거느린 '인플루언서(influencer)'다. 인플루언서란 인터넷TV나 유튜브·인스타그램을 중심으로 팔로어 수십만을 거느린 SNS(소셜미디어) 유명인을 뜻한다. 고씨가 영상을 올렸던 더허브스킨의 크레이지화이트 크림은 '말숙이 크림'으로 불리며 유명세를 타기도 했다.  22일 오전 서울 소공동 롯데백화점 본점 2층 팝업스토어(한시 운영 매장) '우주미녀'에는 인플루언서인 매장 운영자 이지연씨의 팔로어 수십명이 몰렸다. 이씨가 온라인에서만 판매하던 의류를 직접 입어 보고 구매할 기회가 생기자 팔로어들이 백화점을 찾은 것이다. 롯데백화점 측은 ""우주미녀를 찾은 손님 대부분이 평소에는 백화점에 잘 오지 않는 20대층""이라며 ""인플루언서와 협업을 통해 젊은 고객을 유치할 것""이라고 했다.  ◇""블로그보다 동영상""… 파워블로거 대신 인플루언서 찾는 유통 업체   유통업계가 인플루언서 잡기에 나섰다. 그동안 네이버·다음 등 포털 사이트의 블로그·카페에서 영향력이 있는 '파워블로거'를 활용한 마케팅을 벌여 오던 유통업계는 최근 유튜브·인스타그램을 기반으로 활동하는 인플루언서로 방향을 틀었다.  파워블로거와 인플루언서 모두 온라인상에서 영향력을 갖는다는 점에서는 비슷하지만, 활동 방식에선 큰 차이를 보인다. 파워블로거는 사진과 짧은 글을 주로 올리지만, 인플루언서는 동영상을 촬영해 올린다. 유통업계 관계자는 ""화장품의 경우 파워블로거는 제품에 대해 구체적인 설명을 할 수는 있지만, 실제 화장품을 시연해 보고 그 과정을 살필 수 있다는 점에선 인플루언서가 훨씬 효과적""이라고 했다.    인플루언서가 마케팅에 활용되기 시작한 것은 2016년 이후다. 에미레이트항공은 2016년 유튜브 인기 스타인 케이시 네이스탯(미국)에게 1등석 항공권을 제공하며 ""솔직한 사용 후기를 유튜브에 올려 달라""고만 부탁했다. 네이스탯은 퍼스트클래스의 좌석과 식사, 부대 편의 시설을 즐기는 모습을 영상에 담아 올렸고, 이 영상을 전 세계 5200만명이 시청했다. 에미레이트항공 측은 ""1등석 항공권 하나로 50억원대 모델이 출연한 광고의 9배 효과를 봤다""고 했다. 미국의 마케팅 업체 미디어킥스에 따르면 2016년 인스타그램을 통한 글로벌 인플루언서 마케팅 시장 규모는 1조800억원이었지만, 2019년엔 2배인 2조1700억원에 달할 것으로 추산된다.  국내 기업도 인플루언서 마케팅을 강화하고 있다. LG생활건강의 편집숍 네이처컬렉션은 지난해 11월 인플루언서 '윤짜미'와 화장품 시연기를담은 동영상 3편을 내놓았다. 조회 수는 20만회에 달했다. 신세계백화점은 지난 3월 화장품 편집숍 시코르에 인플루언서 '이사배'를 초청해실시간 라이브 중계를 하기도 했다. 이사배의 팔로어는 170만명이다. 홈쇼핑 업계에선 인플루언서를 쇼호스트로 방송에 출연시키기도 했다. ◇""젊은 소비자 잡으려면 인플루언서 잡아야""  기업이 파워블로거보다 인플루언서를 선호하는 이유 중에는 인플루언서의 팔로어 연령대가 더 젊다는 점도 있다. 30~50대층은 파워블로거에익숙하지만, 10~30대는 인플루언서를 선호한다는 것이다. 현대백화점 관계자는 ""파워블로거 마케팅비 지출은 점점 줄이고, 인플루언서는 반대로 점점 늘리는 추세""라며 ""40~50대가 주로 구매하는 주방용품이나 생활용품 등에서만 파워블로거 마케팅을 유지하고 있다""고 했다.  유명 인플루언서를 연예인처럼 관리하는 소속사도 등장했다. 작년 설립된 인플루언서 관리 회사인 스타일디(D)의 진솔 대표는 ""패션·뷰티뿐아니라 음식 방송, 다이어트 방송 등을 통한 마케팅도 점차 증가할 것""이라고 했다.       김충령 기자 chung@chosun.comCopyrights ⓒ ChosunBiz.com"
282,1,"2018-05-23","02:50:00","트럼프 ""조건 충족 안되면 北美정상회담 안열릴 수도""","[뉴욕=이데일리 이준기 특파원] 도널드 트럼프 미국 대통령은 22일(현지시간) 내달 12일 싱가포르에서 열릴 예정된 북·미 정상회담과 관련, “우리가 원하는 조건들이 충족되지 않으면 회담을 안 할 것”이라고 말했다.  트럼프 대통령은 이날 백악관에서 문재인 대통령과 정상회담을 한 자리에서 이처럼 밝혔다고 로이터통신이 보도했다.  ▶계좌회복프로젝트! 상위 전문가의 투자전략 및 추천종목‘[무료확인]’ ▶14년 연속 1위, 대한민국 대표 스탁론 하이스탁론 '    ' ＜ⓒ종합 경제정보 미디어 이데일리 - 무단전재 & 재배포금지＞   "
282,2,"2018-05-23","02:43:10","문대통령 ""북미회담 성공으로 평화체제 수립ㆍ북미수교 확신""","문대통령 ""북미회담 성공으로 평화체제 수립ㆍ북미수교 확신""  한미정상회담서 취재진 앞에 두고 언급…""트럼프, 대전환 위업 이룰 것""   ""회의적 시각 美내 많다는 것 알아…미리 비관하면 역사 발전 없어""   ""북미 정상 간 합의 도모는 사상 처음…트럼프가 상황 변화 이끌어""  트럼프 ""김정은, 시진핑 만난 뒤 태도 변한 것은 사실""      (워싱턴=연합뉴스) 이상헌 박경준 기자 = 문재인 대통령은 22일(현지시간) ""저는 트럼프 대통령이 북미정상회담을 반드시 성공시켜 65년동안 끝내지 못했던 한국전쟁을 종식시키고 북한의 완전한 비핵화를 이룸과 동시에 한반도의 항구적 평화체제를 구축하고 북미 간에도 수교하는 등 정상적 관계를 수립해내실 것으로 확신한다""고 말했다.  미국을 공식실무방문 중인 문 대통령은 이날 오후 백악관에서 도널드 트럼프 대통령과 회담한 자리에서 이같이 언급한 뒤 ""그것은 세계사에서 엄청난 대전환이 될 것이며, 그 엄청난 대전환의 위업을 트럼프 대통령이 반드시 이룰 것이라는 믿음이 있고 저도 거기에 최선을 다해협조할 것""이라고 밝혔다.  문 대통령의 언급은 회담장에 있던 취재진의 '중국이 북미관계 (개선)에 부정적이라고 생각하느냐'는 질문에 답한 트럼프 대통령이 ""나와 다른 생각을 하실 수 있다, 문 대통령이 다른 의견이 있으시면 말씀하셔도 좋다""고 하면서 나온 것이다.  트럼프 대통령은 취재진 질문에 ""알 수 없다""면서도 ""어쨌든 (김정은 국무위원장과 시진핑 국가주석이) 만난 뒤 태도가 변한 것은 사실이다. 어떤 일이 있었을 수도, 없었을 수도 있으나 시 주석과 김 위원장의 만남을 아무도 몰랐다는 게 중요하다. 그 뒤에 어느 정도 태도 변화가 있었던 것만은 사실""이라고 말했다.  문 대통령은 ""북미정상회담이 성공할 수 있을 것인가, 북한의 완전한 비핵화라는 게 과연 실현될 것인가에 대해 회의적인 시각이 미국 내에 많이 있다는 사실을 잘 안다""며 ""그러나 과거에 실패했다고 이번에도 실패할 것이라고 미리 비관한다면 역사의 발전이란 있을 수 없을 것""이라고 강조했다.  그러면서 ""지금까지 북미 간 여러 합의가 있었지만, 정상 간 합의가 도모되는 것은 이번이 사상 최초이며, 더구나 그 정상회담을 이끄는분이 바로 트럼프 대통령""이라며 ""트럼프 대통령이 극적이며 긍정적인 상황 변화를 이끌어냈다""고 했다.  honeybee@yna.co.kr   (끝)    <긴급속보 SMS 신청> <포토 매거진> < M-SPORTS >   <저작권자(c) 연합뉴스, 무단 전재-재배포 금지>"
282,3,"2018-05-23","02:39:01","트럼프 ""북미회담 무를수도""…文대통령 ""북미회담 해내야""","[머니투데이 최경민 기자] [[the300]트럼프 돌발발언…""시진핑 만난 후 김정은 변해, 시간 낭비 안돼""]     도널드 트럼프 미국 대통령이 다음달 12일 예정된 싱가포르 북미 정상회담의 개최를 무를 수 있다는 발언을 직접했다. 김정은 북한 국무위원장이 시진핑 중국 국가주석과 2차회담을 한 직후 협상 태도가 변했음을 지적했다. 문재인 대통령은 북미 정상회담 성사의 중요성을 트럼프 대통령에게 강조했다.   트럼프 대통령은 22일(현지시간) 미국 워싱턴 D.C. 백악관에서 진행된 문 대통령과의 정상회담에서 ""싱가포르 북미정상회담 개최 여부에 대해 논의를 할 것""이라고 밝혔다. 이미 본인이 발표했던 싱가포르 회담의 진행 여부를 다시 한 번 문 대통령과 논의하겠다는 것이다.   트럼프 대통령은 ""(싱가포르 북미 정상회담이) 개최가 된다면 북한을 위해 훌륭한 일이 될 것""이라면서도 ""혹시 개최되지 못한다고 하더라도상관이 없다고 생각한다""고 말했다.   트럼프 대통령은 문 대통령과의 정상회담 전 기자들의 질문을 20분 가까이 받으며 북핵 관련 문제를 추가로 언급했다.   북한이 최근 한미 군사연합훈련과, 존 볼턴 백악관 국가안보보좌관이 거론한 CVID(완전하고 검증 가능하며 불가역적 비핵화) 방식을 비난하고 있는 상황에서 북미 정상회담을 미룰 수 있다는 뜻을 재차 밝혔다.   트럼프 대통령은 ""다음달 12일이 아니더라도 북한과 협상은 언제든 가능하다""고 강조했다.   이어 ""섣불리 말하기 어렵다. 여러가지를 고민하고 있다""며 ""나도 상대방도 시간 낭비를 원하지 않는다. 시간이 남아있지만, 시간이 걸릴 수도 있다""고 설명했다.   그는 ""북핵은 일괄타결을 원한다. 한번에 다 완전한 비핵화를 달성하는 게 낫다""며 ""단기적으로 타결이 된다면 좋겠다""고 말했다.   김 위원장의 배후로는 중국을 지목했다. 트럼프 대통령은 ""김 위원장과 시 주석의 2차회담 이후 김 위원장의 태도가 변했다""며 ""기쁘다고 말할 수 없다. 그렇지 않기를 바란다""고 밝혔다.   그는 ""시 주석과 나는 좋은 관계를 맺고 있다. 좋은 친구""라면서도 ""시 주석은 대단한 포커플레이어임이 분명하다""고 지적했다.   다만 여전히 북미 정상회담의 가능성은 열어뒀다. 김 위원장이 CVID를 택했을 경우에 대해 ""안전을 보장할 것이다. 김 위원장은 안전할 것""이라고 답했다. 그는 ""김 위원장이 협상을 타결하면 만족한 결과를 얻을 수 있다""며 ""김 위원장도 과거에 해보지 못한 훌륭한 위업을 얻을 기회가 될 것""이라고 설명했다.   문 대통령은 트럼프 대통령의 이같은 돌발발언에 대해 북미 정상회담의 중요성을 강조하는 것으로 대응했다.   문 대통령은 ""북미 정상회담이 성공할 것인가, 북한의 완전한 비핵화라는 것이 실현될 것인가, 여기에 대해 미국에 회의적인 시각이 있다는것을 안다""고 말했다.   문 대통령은 ""과거에 실패했었다고 이번에도 실패한다고 한다면 역사의 발전은 없을 것""이라며 ""지금까지 북미간 여러 합의가 있었지만 정상간 합의는 이번이 처음이 될 것""이라고 설명했다.   아울러 ""더구나 북미 정상회담을 이끄는 분이 트럼프 대통령이다. 트럼프 대통령은 지금의 이 극적인 변화, 긍정적인 상황변화를 이끌었다""며 ""트럼프 대통령이 북미 정상회담도 반드시 성공해서 65년 동안 못끝낸 한국전쟁을 종식시키고, 비핵화를 이루고, 항구적 평화체제를 구축하고, 북미간에도 수교하는 등 정상적 관계를 만들 것이라 본다""고 강조했다.   문 대통령은 ""'힘을 통한 평화'라는 트럼프 대통령의 비전과 리더십 덕분에 사상 최초의 북미 정상회담이 열리게 되었고, 한반도의 완전한 비핵화와 세계평화라는 꿈에 다가설 수 있게 되었다""고 밝혔다.   문 대통령은 ""바로 트럼프 대통령이기 때문에 지난 수십 년 간 아무도 해내지 못했던 일을 해내리라 믿는다""고 설명했다.      주식담보대출도 이제 부담없는 금리로 가능(안내: 02-3775-1497)   ▶▶ 2018년 상반기 급등 예상 종목 BEST 10 (바로 확인)   <키워드림론> 최저금리로 신용·미수 대환 하는 유일한 방법은    [파워 인터뷰]      [관련기사] ☞ 오는 10일 이건희 삼성회장 '와병 만4년'…장비없이 자가호흡 ☞ 아들 곁으로 간 구본무 회장…슬픔 이기고 LG 24년 이끌어 ☞ 성공을 부르는 말하기? ""목소리를 낮게 내보세요"" ☞ "" 할아버지, 존경해요""…구본무 회장 향한 추모들 ☞ 자연으로 돌아간 구본무 회장 마지막길…소리없는 '울음바다'      주식매입자금? 전화 한통화면 당신은 스마트컨슈머!    최저금리로 신용·미수 대환 하는 가장 경제적인 방법 (바로 확인)   ‘개미’말고 ‘슈퍼 투자자’되고 싶다면?...‘이것’만 잘 이용해도 가능해요!       최경민 기자 brown@mt.co.kr    <저작권자 ⓒ '돈이 보이는 리얼타임 뉴스' 머니투데이, 무단전재 및 재배포 금지>"
282,4,"2018-05-23","02:38:18","베네수엘라 ""미국 금융제재, 국제법 어긴 반인륜 범죄""","베네수엘라 ""미국 금융제재, 국제법 어긴 반인륜 범죄""  외교부, 강력 비난…러시아 ""미국 제재 안 따를 것""      (멕시코시티=연합뉴스) 국기헌 특파원 = 베네수엘라가 자국의 대선 직후 취해진 미국의 추가 금융제재에 대해 ""국제법을 위반한 반인륜범죄""라며 강력히 반발했다.  베네수엘라 외교부는 22일(현지시간) 낸 성명에서 ""우리는 정당한 투표권을 행사한 베네수엘라 국민을 처벌하기 위해 체계적으로 이뤄진미국의 공격과 적대 행위를 다시 한 번 비난한다""고 밝혔다.  그러면서 ""임의적이고 일방적인 미국의 제재는 반인륜 범죄이자 정치ㆍ경제적 폭력""이라며 ""미국의 봉쇄는 베네수엘라인들이 기초 생필품에 접근할 기회를 막고 있다""고 비판했다.  앞서 미국은 베네수엘라 대선 다음 날인 21일 '엉터리 선거'라고 비난하고 니콜라스 마두로 정권에 대한 금융제재를 추가로 단행했다.  도널드 트럼프 미 대통령은 베네수엘라 정부의 국유재산과 국채 매각을 어렵게 만드는 조치를 담은 행정명령에 서명했다.  이 행정명령은 베네수엘라 정부가 석유 등 보유자산을 담보로 차용증서를 발급받는 것을 차단하는 내용인 것으로 알려졌다.  그러나 러시아는 미국의 이번 제재를 부정적으로 보고 있다면서 준수하지 않을 것이라는 입장을 밝혔다고 인테르팍스 통신이 전했다.  마두로 대통령은 그간 국내 우파 보수세력이 석유 이권을 노린 미국과 결탁해 벌인 경제전쟁 탓에 경제위기에 처했다며 자신이 외세의 개입을 물리치고 경제전쟁의 승리를 이끌 적임자라는 주장을 펴왔다.  마두로 대통령은 지난 20일 주요 야당의 선거 보이콧 속에 치러진 대선에서 68%를 득표해 6년 임기의 재선에 성공했다. 새 임기는 내년 1월부터 시작된다.  penpia21@yna.co.kr   (끝)    <긴급속보 SMS 신청> <포토 매거진> < M-SPORTS >   <저작권자(c) 연합뉴스, 무단 전재-재배포 금지>"
282,5,"2018-05-23","02:37:18","트럼프 ""ZTE 중국과 합의 안 해…10억달러 이상 벌금""(상보)","(뉴욕=연합인포맥스) 이종혁 오진우 특파원 = 도널드 트럼프 미국 대통령은 중국  과 통신장비업체인 ZTE(중싱·中興 통신) 제재 문제에 관해 합의하지 않았다고 밝혔  다.      그는 다만 ZTE가 경영진을 바꿔야 하며, 10억 달러 이상 대규모 벌금 부과도 고  려하고 있다면서 미국 내 판매 중단 조치가 해제될 가능성을 시사했다.      트럼프 대통령은 또 다음 달 예정된 북한과의 정상회담이 연기될 가능성도 상당  하다는 견해를 밝혔다.      트럼프 대통령은 22일 워싱턴에서 열린 문재인 대통령과 정상회담 모두발언에서  이같이 말했다.      미 경제방송 CNBC에 따르면 트럼프 대통령은 우선 ZTE 문제와 관련해 아직 합의  에 도달한 것은 아니라고 밝혔다.      미국과 중국이 ZTE의 미국내 제품 판매 중단 조치를 해제하는 대신 경영진 교체  와 벌금 부과 선으로 제재를 완화하는 데 합의했다는 이전 보도들에 대한 반발로 풀  이됐다.      이같은 보도가 나오면서 미국 의회에서는 여야를 막론하고 제재 원칙을 훼손하는  것이란 비판이 나왔다.      지난 4월 미국 상무부는 미국의 대북 및 대이란 제재를 위반한 혐의로 ZTE에 대  해 7년 동안 미국 기업과 거래하지 못하게 하는 경제 제재를 가했다.      트럼프 대통령은 또 본인은 지난주 중국과의 무역회담 결과에 만족하지 못하며, 미 행정부는 중국과 무역 불균형을 해소하는 최종 합의를 위한 작업을 지속할  것이  라고 덧붙였다.      트럼프 대통령은 하지만 이어진 발언에서 ZTE에 대한 벌금 부과 방침 등을 언급  했다.      월스트리트저널(WSJ)에 따르면 그는 ""ZTE는 반드시 회사의 새로운 리더십을 도입  해야 한다""며 ""미국산 제품도 더 사야 한다""고 말했다.      그는 또 ""ZTE에 10억 달러 이상의 대규모 벌금 부과를 생각하고 있다""며 ""아마도 13억 달러에 달할 것""이라고 덧붙였다.      벌금 및 경영진 교체, 미국 제품 수입 확대 등으로 ZTE에 대한 제재를 갈무리할  수 있다는 점을 시사한 셈이다.      한편 트럼프 대통령은 북미 정상회담의 연기 가능성도 언급했다.      그는 """"우리가 원하는 특정한 조건들이 충족되지 않으면 회담을 안 할 것""이라며 ""6월에 (회담이) 진행되지 않을 가능성도 상당히 있다""고 말했다.      그는 ""(6월에)회담이 안 열리면 아마도 다음에 열릴 것""이라며 ""열리면 좋을 것  이고 안 열려도 괜찮다""고도 했다.      트럼프 대통령은 또 ""북한의 비핵화가 반드시 이뤄져야 한다""고 강조했다.      jwoh@yna.co.kr  (끝)  <저작권자(C)연합인포맥스뉴스. 무단 전재-재배포 금지.>"
282,6,"2018-05-23","02:28:17","트럼프 ""결국 남과 북이 하나의 한국으로 돌아가길 기대"" (속보)","[워싱턴=뉴스핌]김근철 특파원=   kckim100@newspim.com  ▶ [평생무료] 매일 실시간 방송♠국내 최정상 전문가의 종목 공개♠유료보다 더 좋은 무료 강좌 및 프리미엄전략!☞[무료확인]  ▶ 국내최고 전문가 수익률대결종목! 실시간으로 알려드립니다※바로신청※      ▶ 500만원으로 3억만들기 50번째 주인공 탄생! [확인]  좋은 상품 다 아는 곳! 안다쇼핑!  / 최저금리 맞춤서비스 진행중 / 10분이면 4배자금가능 / 24시간 친절상담센터 1522-3233 / 씽크풀  충격! 여의도 세력들의 극비종목 무료 공개!"
282,7,"2018-05-23","02:23:36","문 대통령 ""북미정상회담, 한반도 운명 걸린 일…최선 다해 돕겠다""","[워싱턴=아시아경제 황진영 기자] 미국을 방문 중인 문재인 대통령은 22일(현지시각) ""한반도의 운명과 미래가 걸려 있는 일이기 때문에 나도 최선을 다해 북미정상회담의 성공을 돕고 트럼프 대통령과 언제까지나 함께할 것""이라고 말했다.   문 대통령은 이날 낮 백악관에서 도널드 트럼프 미국 대통령과의 단독회담 모두 발언에서 ""트럼프 대통령이시기 때문에 지난 수십 년 간 아무도 해내지 못했던 위업을 해내시리라 믿는다""며 이 같이 말했다.   문 대통령은 ""힘을 통한 평화라는 대통령님의 비전과 리더십 덕분에 사상 최초의 북미정상회담이 열리게 됐고 한반도의 완전한 비핵화와 세계평화라는 꿈에 성큼 다가설 수 있게 됐다""는 말도 했다.   문 대통령의 이런 언급은 북한의 태도 돌변으로 무산 가능성이 거론되는 북미 정상회담을 반드시 성사시켜 한반도 평화체제 구축의 토대를 만들겠다는 의지를 드러낸 것으로 해석된다.    ●남북경협株 선취매 all 포착.. 실적 기반 차기 주도주 '바로' 이종목! (클릭) ●'부자네스탁론' 3년 고정금리 4.15% 100% 집중투자까지 ●'대박스탁론' 3년 고정금리 3.99% 100% 집중투자까지  [관련기사]  ☞ 김명진 “한미정상회담, 북핵 해결 전환점 기대”  ☞ 정의용 ""한미 정상회담 목적은 북미정상회담 성사시키는 것""(종합)  ☞ 정의용 ""한미 정상회담 목적은 북미정상회담 성사시키는 것""  ☞ 美 ""북미정상회담, 아직까진 변동 없어""  ☞ 문 대통령, 워싱턴 도착…내일 트럼프와 배석자 없이 단독 회담    퇴직 후 백만원으로 ""35억""번 60대男 화제! 60대 김모씨가 퇴직 후 하게 된""이것""이 35억의 대박을...  단돈 100만원만 있어도! 지금 바로 확인해라! 특히 이 종목은, 시장과 무관하게 매수 직후부터 바로 수익이...   워싱턴=황진영 기자 young@asiae.co.kr   <ⓒ세계를 보는 창 경제를 보는 눈, 아시아경제(www.asiae.co.kr) 무단전재 배포금지>"
283,1,"2018-05-23","01:32:00","트럼프 ""문 대통령, 나보다 먼저 김정은과 다음 회담 가질 수도,아닐 수도 있어""  (속보)","[워싱턴=뉴스핌]김근철 특파원=   kckim100@newspim.com  ▶ [평생무료] 매일 실시간 방송♠국내 최정상 전문가의 종목 공개♠유료보다 더 좋은 무료 강좌 및 프리미엄전략!☞[무료확인]  ▶ 국내최고 전문가 수익률대결종목! 실시간으로 알려드립니다※바로신청※      ▶ 500만원으로 3억만들기 50번째 주인공 탄생! [확인]  좋은 상품 다 아는 곳! 안다쇼핑!  / 최저금리 맞춤서비스 진행중 / 10분이면 4배자금가능 / 24시간 친절상담센터 1522-3233 / 씽크풀  충격! 여의도 세력들의 극비종목 무료 공개!"
283,2,"2018-05-23","01:31:01","트럼프 ""조건 충족 안되면, 북미회담 안할수도…추후에도 가능""","[머니투데이 최경민 기자] [[the300]]    22일(현지시간) 문재인 대통령과 한미정상회담      주식담보대출도 이제 부담없는 금리로 가능(안내: 02-3775-1497)   ▶▶ 2018년 상반기 급등 예상 종목 BEST 10 (바로 확인)   <키워드림론> 최저금리로 신용·미수 대환 하는 유일한 방법은    [파워 인터뷰]      [관련기사] ☞ 오는 10일 이건희 삼성회장 '와병 만4년'…장비없이 자가호흡 ☞ 아들 곁으로 간 구본무 회장…슬픔 이기고 LG 24년 이끌어 ☞ 성공을 부르는 말하기? ""목소리를 낮게 내보세요"" ☞ 나경원비서, 중학생에 욕설…나경원 ""제 불찰"" 사과 ☞ 자연으로 돌아간 구본무 회장 마지막길…소리없는 '울음바다'      주식매입자금? 전화 한통화면 당신은 스마트컨슈머!    최저금리로 신용·미수 대환 하는 가장 경제적인 방법 (바로 확인)   ‘개미’말고 ‘슈퍼 투자자’되고 싶다면?...‘이것’만 잘 이용해도 가능해요!       최경민 기자 brown@mt.co.kr    <저작권자 ⓒ '돈이 보이는 리얼타임 뉴스' 머니투데이, 무단전재 및 재배포 금지>"
283,3,"2018-05-23","01:30:20","트럼프 ""북미회담 열리면 좋고 안 열려도 괜찮다""…연기 가능성 시사","[워싱턴=아시아경제 황진영 기자] 도널드 트럼프 미국 대통령은 22일(현지시간) 다음 달 12일 예정된 북미정상회담 연기 가능성을 시사했다.  트럼프 대통령은 이날 오후 백악관에서 문재인 대통령과 단독 회담을 하기에 앞서 기자들의 질문을 받고 ""우리가 원하는 특정한 조건들이 충족되지 않으면 회담을 안 할 것""이라고 말했다.   조건부이기는 하지만 트럼프 대통령이 북미 정상회담 연기 가능성을 공개적으로 언급한 것은 이번이 처음이다.   트럼프 대통령이 백악관 오벌 오피스(Oval Office)에서 문 대통령과 배석자 없는 단독회담을 하기 위해 자리를 잡자 기자들이 질문을 했고 트럼프 대통령이 질문에 답을 하면서 예정에 없던 기자 회견이 됐다.   그는 또 ""회담이 지금 안 열리면 회담은 다음에 열릴 것""이라며 ""열리면 좋을 것이고 안 열려도 괜찮다""고 말했다.        ●남북경협株 선취매 all 포착.. 실적 기반 차기 주도주 '바로' 이종목! (클릭) ●'부자네스탁론' 3년 고정금리 4.15% 100% 집중투자까지 ●'대박스탁론' 3년 고정금리 3.99% 100% 집중투자까지  [관련기사]  ☞ 트럼프 ""美中무역협상 불만족…ZTE 제재합의 안 했다""  ☞ 문 대통령 ""북·미 정상회담 성공 위한 김정은 의지 분명""(종합)  ☞ 문 대통령, 폼페이오 국무장관·볼튼국가안보보좌관 접견  ☞ 靑 ""'드루킹 특검법' 관례 따라 29일국무회의서 처리""  ☞ 김명진 “한미정상회담, 북핵 해결 전환점 기대”    퇴직 후 백만원으로 ""35억""번 60대男 화제! 60대 김모씨가 퇴직 후 하게 된""이것""이 35억의 대박을...  단돈 100만원만 있어도! 지금 바로 확인해라! 특히 이 종목은, 시장과 무관하게 매수 직후부터 바로 수익이...   워싱턴=황진영 기자 young@asiae.co.kr   <ⓒ세계를 보는 창 경제를 보는 눈, 아시아경제(www.asiae.co.kr) 무단전재 배포금지>"
283,4,"2018-05-23","01:30:11","로이터 ""트럼프 '한중일, 北 잘살도록 기꺼이 돕고 투자할 것'""(속보)","로이터 ""트럼프 '한중일, 北 잘살도록 기꺼이 돕고 투자할 것'""(속보)   (끝)    <긴급속보 SMS 신청> <포토 매거진> < M-SPORTS >   <저작권자(c) 연합뉴스, 무단 전재-재배포 금지>"
283,5,"2018-05-23","01:28:36","파나마 대통령 ""1994년 21명 사망 항공기 추락원인은 테러""","파나마 대통령 ""1994년 21명 사망 항공기 추락원인은 테러""      (멕시코시티=연합뉴스) 국기헌 특파원 = 1990년대 파나마에서 발생한 소형 항공기 추락사고는 테러 탓에 일어났다는 주장이 제기됐다고라 프렌사 등 현지 언론이 22일(현지시간) 보도했다.  후안 카를로스 바렐라 파나마 대통령은 전날 ""작년 말 이스라엘 정보 당국으로부터 추락사고가 테러리스트의 공격 탓에 일어났다는 명백한 증거를 전달받았다""며 당국에 재조사를 명령했다고 밝혔다.  그러면서 ""파나마 정부는 이스라엘은 물론 국제 관련 당국과도 회의를 열어 공식 재조사를 요청할 예정""이라고 덧붙였다.  이번 발표는 바렐라 대통령이 지난주 이스라엘을 방문, 베냐민 네타냐후 총리와 회담하고 귀국한 직후 이뤄졌다.  1994년 7월 19일 항공기가 파나마 카리브 해 연안 콜론 주에 있는 엔리케 히메네스 공항을 이륙한 직후 추락, 21명이 사망했다.  사망자 대부분은 콜론 자유무역지대에서 사업을 운영하는 유대인이었다.  당시 추락사고의 원인은 명확하게 규명되지 않았다.  일각서는 레바논계 테러범이 자살폭탄을 터트렸다는 추측이 나오기도 했다.  추락사고가 공교롭게 아르헨티나에서 폭탄테러 사건이 난 지 하루 만에 발생했기 때문이었다.  1994년 7월 18일 부에노스아이레스 시내 아르헨티나-유대인 친선협회(AMIA)에서 폭탄테러가 발생, 85명이 숨지고 300여 명이 다쳤다.  penpia21@yna.co.kr   (끝)    <긴급속보 SMS 신청> <포토 매거진> < M-SPORTS >   <저작권자(c) 연합뉴스, 무단 전재-재배포 금지>"
283,6,"2018-05-23","01:28:25","[한미정상회담] 文대통령 백악관서 트럼프와 '배석자 없이' 단독 정상회담 시작","【워싱턴DC(미국)=조은효기자】 문재인 대통령은 22일(현지시간) 낮 12시 7분께 백악관에서 도널드 트럼프 미국 대통령과 단독 정상회담에 돌입했다.   전날 미국 워싱턴DC에 도착한 문 대통령은 이날 통역을 제외한 배석자 없는 단독회담을 시작으로 핵심 참모들이 참석하는 오찬을 겸한 확대 정상회담을 한다.  두 정상은 최근 남북, 북·미 관계가 경색됐음에도 북한을 북미 정상회담테이블로 견인하는 한편, 북한 비핵화 방안에 대해  의견을 주고받을 것으로 보인다.   한편 문 대통령은 단독 정상회담에 앞서 백악관 방명록에 '평화와 번영을 향한 한미동맹, 세계사에 위대한 발자취를 남기길!' 이라고 썼다.            ehcho@fnnews.com 조은효 기자  ▶'모멘텀 집중' 저가에서 매집해둬야 할 상반기 유망주 3선 (지금 확인)   [파이낸셜뉴스 주요뉴스]  → '공천갈등 진화' 나선 바른미래 지도부..살얼음판 여전 → 靑, 드루킹-'親文' 송인배 연루설에 '당혹'‥적극 해명 → 일주일 사이에 로또 1등 2번 당첨된 40대 남성 → 초등생 고속도 휴게소 방치 혐의 교사 벌금 800만원 → 심부전 위험 줄이려면, 일주일간 150분 운동하라  ▶ <긴급공개> 억대계좌 이종목에서 또 터진다!    ※ 저작권자 ⓒ 파이낸셜뉴스. 무단 전재-재배포 금지 "
283,7,"2018-05-23","01:27:32","트럼프 ""(북미정상회담) 지금 열리지 않으면 아마 다음에 열릴 것""...로이터 (속보)","[워싱턴=뉴스핌]김근철 특파원=   kckim100@newspim.com  ▶ [평생무료] 매일 실시간 방송♠국내 최정상 전문가의 종목 공개♠유료보다 더 좋은 무료 강좌 및 프리미엄전략!☞[무료확인]  ▶ 국내최고 전문가 수익률대결종목! 실시간으로 알려드립니다※바로신청※      ▶ 500만원으로 3억만들기 50번째 주인공 탄생! [확인]  좋은 상품 다 아는 곳! 안다쇼핑!  / 최저금리 맞춤서비스 진행중 / 10분이면 4배자금가능 / 24시간 친절상담센터 1522-3233 / 씽크풀  충격! 여의도 세력들의 극비종목 무료 공개!"
284,1,"2018-05-23","01:03:15","""소말리아 해상서 작년 해적 행위 두 배 증가""","""소말리아 해상서 작년 해적 행위 두 배 증가""    (나이로비=연합뉴스) 우만권 통신원 = 지난해 소말리아 해역에서 발생한 해적 행위가 직전 연도의 2배에 이른 것으로 국제해사기구의 한보고서가 밝혔다.  국제해사기구 원어스퓨처(OneEarth Future)는 22일 작년 한 해 동아프리카 해상에서 발생한 선박 납치 건수가 2016년에 비해 두 배로 증가했다고 발표한 것으로 BBC가 보도했다.  이날 '해적 행위 현황'이라는 연례보고서를 발표한 원어스퓨처의 메이시 피전은 성명에서 ""2017년에 보고된 해적 행위 건수를 통해 이들해적이 아직도 선박을 대상으로 조직적이고 섬세한 공격을 펼칠 능력이 있다는 사실을 엿볼 수 있다""라고 말했다.  컨테이너선 운영자 조합의 필 벨처는 특히 예멘에서 진행 중인 내전으로 소위 '아프리카의 뿔'로 불리는 아프리카 북동부 해상을 항해하는 선박들이 위협을 받고 있다고 지적했다.  그는 ""우리는 회원사들에 더욱 다양한 위험에 대해 숙고해 보라고 조언하고 있다""라고 전했다.  보고서는 또 해적 행위가 서아프리카 기니만(灣) 해상에서도 기승을 부리고 있어 연안국들과 해상안전 기업들의 폭넓은 대응책이 무색할지경이라고 털어놨다.  보고서는 그러나 최근 수년간 소말리아 해역에서 해적 행위가 많이 줄어든 원인으로 국제함대의 해상경계활동 강화와 현지 어촌에 대한적절한 지원을 들었다.  앞서 해적 행위가 정점에 이른 지난 2011년에는 해적의 공격이 무려 237건을 기록한 가운데 국제사회는 연간 80억 달러의 비용을 투입했다.   airtech-kenya@yna.co.kr   (끝)    <긴급속보 SMS 신청> <포토 매거진> < M-SPORTS >   <저작권자(c) 연합뉴스, 무단 전재-재배포 금지>"
284,2,"2018-05-23","00:59:47","[한미정상회담]文대통령, '초강경파' 볼턴에 ""이번엔 기만당했다는 과거 협상과 달라","文대통령 트럼프 대통령과 정상회담 직전  볼턴-폼페이오 2인 별도로 만나 트럼프 정부 주변 '잡음' 정리     문재인 대통령이 22일 오전(현지시간) 미국 워싱턴 영빈관에서 마이크 폼페이오 미국 국무장관(왼쪽 두 번째)과 존 볼턴 백악관 국가안보보좌관(왼쪽)을 만나 얘기를 나누고 있다. 연합뉴스  【워싱턴DC(미국)=조은효기자】문재인 대통령은 22일(현지시간) 대북초강경파인 존 볼턴 백악관 국가안보보좌관과 현재 북·미 대화를 주도하고 있는 마이크 폼페이오 국무장관을 동시에 만나 ""최근보여준 북한의 태도에도 불구하고 북·미 정상회담의 성공을 위한 김정은 북한 국무위원장의 의지가 분명하다""고 강조한 뒤 ""흔들림 없이 차분하게 북·미 정상회담 준비에 매진해 달라고 당부했다. 문 대통령이 도널드 트럼프 미국 대통령의 외교안보 핵심 참모인 볼턴·폼페이오 두 사람을 별도로 접견한 건 최근 북한의 태도 변화 이후 미국 내에서 확산되고 있는 북·미 회담에 대한회의적 시각을 서둘러 차단하고, 북·미 담판의 동력 다시 주입하기 위한 것으로 풀이된다.   문 대통령은 이날 트럼프 미국 대통령과의 정상회담에 앞서 백악관 영빈관에서 볼턴·폼페이오 두 사람을 접견한 자리에서 ""많은 사람들이 지난 25년간북한과의 협상에서 기만당했다는 회의적 시각을 가지고 있으나 이번은 역사상 최초로 '완전한 비핵화'를 공언하고 체제 안전과 경제발전을 희망하는 북한의 최고지도자를 대상으로 협상한다는 점에서 이전의 협상과는 차원이 다르다""고 말했다. 그러면서 현 상황에 대해 한반도의 역사의 진로를 한반도 비핵화와 항구적 평화 정착의 길로 바꿀 수 있는 전례없는, 절대 놓쳐서는 안될 기회라고 강조했다. 이는 강경파 중에서도 '초강경파', '슈퍼 매파', '극단적 네오콘' 등으로 불리는 볼턴 보좌관을 겨냥한 말로 해석된다. 과거 2000년대 중반 부시 정부 당시 국무부 차관을 지낸 볼턴은 북한의 핵포기에 대해 회의적 시각을 가진 인물로 분류된다. 최근 북·미, 남북간 신경전도 볼턴이 연일 미국 언론을 통해 '리비아식 비핵화 모델'을 강조하고 나서자 북한이 ""핵포기만 강요한다면 북·미 회담을 재고할 것""이라고 김계관 외무성 제1부상의 담화로 맞받아치면서 촉발됐다.    문 대통령은 ""앞으로 북한과의 협상은 지난한 여정이돨 것인 만큼 우리는 많은 인내심을 가지고 함께 고민해야하며 트럼프 대통령이 이 쉽지않은 과정을 넘어 전 세계에 희망의 새 시대를 여는역사적 위업을 이루도록 두 분이 잘 보좌해 달라""고 당부했으며, 특히, 볼턴 보좌관에겐 ""북·미 정상회담의 성공을 위해 트럼프 대통령을 잘 보좌해 달라""고 거듭 강조했다.   문 대통령 접견 모두 발언에서도 ""한국이나 한반도의 어떤 운명이나 미래를 좌우하는 시기이기 때문에 우리 한국 국민들이 두 분에게 거는 기대가 아주 크다. 잘 부탁한다""고 인사를 건네는 등 시종일관 볼턴·폼페이오 두 사람의 역할을 강조했다. 이날 접견은 당초 예정 시간을 넘겨 50분간이나 진행됐다. ehcho@fnnews.com 조은효 기자  ▶'모멘텀 집중' 저가에서 매집해둬야 할 상반기 유망주 3선 (지금 확인)   [파이낸셜뉴스 주요뉴스]  → '공천갈등 진화' 나선 바른미래 지도부..살얼음판 여전 → 靑, 드루킹-'親文' 송인배 연루설에 '당혹'‥적극 해명 → 일주일 사이에 로또 1등 2번 당첨된 40대 남성 → 초등생 고속도 휴게소 방치 혐의 교사 벌금 800만원 → 심부전 위험 줄이려면, 일주일간 150분 운동하라  ▶ <긴급공개> 억대계좌 이종목에서 또 터진다!    ※ 저작권자 ⓒ 파이낸셜뉴스. 무단 전재-재배포 금지 "
284,3,"2018-05-23","00:59:00","北핵실험장 취재 러 RT방송 ""현장까지 16시간…비 때문에 지연""","北핵실험장 취재 러 RT방송 ""현장까지 16시간…비 때문에 지연""    (모스크바=연합뉴스) 유철종 특파원 = 북한의 풍계리 핵실험장 폐쇄 공개 행사를 취재하기 위해 22일(현지시간) 북한 원산에 도착한 외국 취재단이 기상 사정 때문에 방북 이튿날 핵실험장으로 출발할 예정이라고 취재단에 참여 중인 러시아 RT 방송 기자가 현지발로 보도했다.  관영 뉴스전문 채널 RT의 이고리 즈다노프 기자는 이날 미국, 영국, 중국 기자 20여 명과 함께 중국 베이징에서 원산에 도착한 뒤 모스크바 시간 오후 5시(한국시간 오후 11시) 뉴스를 통해 현지 상황을 소개했다.  즈다노프 기자는 ""베이징에서 비행기로 2시간을 날아 북한 동남부 도시 원산에 도착했으며 이후 현지 리조트 호텔에 투숙했다""면서 ""당초 오늘 밤에 곧바로 (풍계리) 핵실험장으로 출발할 예정이었으나 여행이 취소됐다""고 전했다.  그는 비가 내리는 현지 상황을 설명하며 ""기상 상황 때문에 여행이 취소된 것으로 보인다""면서 ""핵실험장이 있는 산악 지대에는 날씨가더 안 좋을 것""이라고 추정했다.  즈다노프는 ""핵실험장까지는 11시간 기차를 타고 가 다시 4시간가량을 차량으로 이동한 뒤 1시간 정도 더 걸어야 도착할 수 있다""고 설명했다.  그는 ""아직 핵실험 폭파 행사가 언제 열릴지 확실치 않지만 향후 며칠 내가 될 것은 분명하다""고 예상했다.  이번 풍계리 핵실험장 폐쇄 행사에 러시아에서는 RT 방송 외에 관영 타스 통신 기자도 초대받은 것으로 알려졌으나 별도의 기사는 송고하지 않았다.     cjyou@yna.co.kr   (끝)    <긴급속보 SMS 신청> <포토 매거진> < M-SPORTS >   <저작권자(c) 연합뉴스, 무단 전재-재배포 금지>"
284,4,"2018-05-23","00:56:44","텍사스 총격범, 경찰과 25분간 총격전…교실ㆍ복도서 총격","텍사스 총격범, 경찰과 25분간 총격전…교실ㆍ복도서 총격   (로스앤젤레스=연합뉴스) 옥철 특파원 = 지난 18일(이하 현지시간) 미국 텍사스 주 산타페 고교에서 일어난 총격에 대응한 경찰이 총격범 디미트리오스 파구어티스(17)와 25분간 총격전을 벌였다고 헨리 트로체셋 갤버스턴 카운티 경찰국장이 22일 밝혔다.  NBC 뉴스에 따르면 트로체셋 국장은 사건 브리핑에서 ""10명의 희생자 가운데 경찰과 총격범 사이의 십자포화에 의해 사망한 사람은 없는것으로 보고 있다. 정확한 것은 부검이 완료돼야 알 수 있다""고 말했다.  트로체셋은 ""우리 쪽, 경찰관 쪽에서 발사된 탄환은 최소한도였다. 총격범은 경관들을 겨냥해서 계속 쐈다""고 말했다.  당시 현장에 출동한 학교 지원 경찰관은 총격이 있고 4분 만에 희생자들이 나온 미술교실에 나타났으며, 곧바로 총격범과 교전했다고 트로체셋 국장은 말했다.  학교 지원 경찰관인 존 반스는 어깨에 총상을 입었다.  트로체셋 국장은 ""범인이 구금될 때까지 총격이 계속됐다. 사망자가 늘어나지 않은 것은 운이 좋았다. 총격범은 교실에 있었고 경관들은복도에 있었다""라고 설명했다.  파구어티스는 아버지가 소유한 레밍턴 870 엽총과 38구경 로시 리볼버(회전식 연발 권총)를 난사해 학생 8명과 교사 2명 등 10명을 숨지게 한 혐의(가중처벌 살인)로 갤버스턴 카운티 구치소에 수감됐다.  파구어티스는 또 학교 곳곳에 크리켓밤이라고 불리는 사제폭탄을 던진 것으로 조사됐다. 이 폭탄은 화약과 탄산가스, 퓨즈를 파이프 형태의 탄약통(카트리지)에 넣고 뚜껑을 닫는 식으로 제작됐다고 경찰은 말했다.  한편, 경찰은 총격범의 범행동기를 확실히 찾아내지 못하고 있다고 NBC 뉴스는 전했다.  파구어티스의 변호사는 파구어티스가 4개월 간 쫓아다닌 여학생에게 퇴짜를 맞은 데 분개해 이 여학생을 비롯해 학생들을 향해 총기를 난사했다는 주장을 부인했다. 변호인 측은 파구어티스가 학교에서 괴롭힘 또는 왕따를 당했다는 주장을 펴고 있으나 학교 측은 부인하고 있다.   oakchul@yna.co.kr   (끝)    <긴급속보 SMS 신청> <포토 매거진> < M-SPORTS >   <저작권자(c) 연합뉴스, 무단 전재-재배포 금지>"
284,5,"2018-05-23","00:55:21","美 'ZTE 제재완화' 강행 예고…""안보 위험"" 거센 반발","美 'ZTE 제재완화' 강행 예고…""안보 위험"" 거센 반발   재무장관 ""ZTE 망하는게 우리 목적 아냐""…민주 ""국가안보 위험"" 반대     (뉴욕=연합뉴스) 이준서 특파원 = 중국의 대표적 통신장비업체인 ZTE(중싱ㆍ中興 통신)에 대한 제재완화 문제를 놓고 미국 내 논쟁이 다시 증폭하고 있다.  앞서 미 상무부는 ZTE에 대해 대북 및 대이란 제재를 위반했다는 이유로 7년간 미국 기업과 거래하지 못하게 하는 조처를 내렸다. 존폐위기에 놓인 ZTE의 정상화 여부는 중국에서도 촉각을 세우는 사안이다.  지난 주말 미ㆍ중 2차 무역협상의 공동발표문에는 언급되지 않았지만, 무역협상 타결과 맞물려 자연스럽게 ZTE 제재도 완화될 것이라는 분위기다. 실제로 일정 부분 '페널티'를 부과하는 조건으로 ZTE의 미국업체 거래를 허용하는 방안이 논의되고 있다고 일간 월스트리트저널(WSJ)이 보도했다.  미국 당국도 사실상 ZTE 제재완화 방침을 확인했다.  스티븐 므누신 재무장관은 22일(현지시간) 상원 세출위원회 소위원회에 ""ZTE 제재에 대해 어떤 변화가 이뤄진다면, 그 목적은 ZTE를 망하게 하는 게 아니라 미국의 제재프로그램을 확실히 준수하게 하는 것""이라고 말했다.  므누신 장관은 ""상무부가 어떤 결정을 내리든지, 미국의 국가안보 이슈를 단속할 수 있을 것으로 자신한다""고 강조했다.  ZTE가 미국업체와 다시 거래하더라도 미국 국가안보를 저해할 우려는 적다는 의미로, ZTE 제재완화를 사실상 예고한 것으로 해석된다.  미국 내에서는 반발이 적지 않은 분위기다. 특히 민주당 지도부가 비판의 목소리를 높이고 있다.  상원에서 민주당의 원내 정책을 지휘하는 척 슈머 민주당 원내대표는 이날 ZTE 제재완화에 반대한다는 입장을 재확인했다고 로이터통신은 전했다.  슈머 원내대표는 상원 ""모든 미국인은 도널드 트럼프 대통령이 ZTE의 미국 시장 진입을 허용할 수 있다는 언론 보도에 경각심을 가져야한다""고 발언했다.  특히 ""(중국으로부터) 작은 통상 양보를 얻어내는 대가로 국가안보를 위험에 빠뜨리는 것은 매우 근시안적""이라고 비판했다.  ZTE는 중국을 대표하는 통신장비업체로, 스마트폰 판매에서 세계 9위의 시장점유율을 기록하고 있다. ZTE 제재완화는 중국 당국에서도 민감하게 여기는 사안이라는 점에서, 미ㆍ중 통상관계를 가늠할 수 있는 주요 이슈로 꼽힌다.  jun@yna.co.kr   (끝)    <긴급속보 SMS 신청> <포토 매거진> < M-SPORTS >   <저작권자(c) 연합뉴스, 무단 전재-재배포 금지>"
284,6,"2018-05-23","00:52:00","피치 “중앙은행 독립성 우려”…터키 리라 사상 최저","[뉴욕=뉴스핌] 김민정 특파원 = 터키 리라 가치가 22일(현지시간) 사상 최저치로 떨어졌다. 내달 터키에서 치러지는 조기 대선을 앞두고 국제 신용평가사피치(Fitch)가 중앙은행의 독립성을 우려하면서 투자자들은 터키 리라를 매도했다.      터키 리라[사진=블룸버그]  이날 외환시장에 따르면 달러/리라 환율은 장중 4.6484리라로 전날보다 1.4% 상승해 달러화 대비 리라 가치가 사상 최저치로 하락했다. 리라화는 이달 들어 달러화 대비 13%나 가치가 하락하며 큰 폭의 약세를 보이고 있다.   이날 리라는 피치가 중앙은행 독립성 경고 카드를 꺼내면서 급락했다. 피치는 성명을 통해 다음 달 선거 이후중앙은행의 자유 재량적 정책 결정이 압박을 받을 것이며 이것이 터키의 신용을 위협할 수 있다고 설명했다.   지난주 레제프 타이이프 에르도안터키 대통령은 블룸버그TV와 인터뷰에서 대통령이 통화정책에 영향력을 발휘한다는 인상을 국민에게 줘야 한다며 중앙은행의 독립성을 위협했다.   성명에서 피치는 “터키의 통화정책은 오랫동안 정치적 제약을 받아왔지만, 중앙은행의 독립성을 후퇴시키겠다는 분명한 위협은 정책 결정여건과 정책 효과성의 위험을 증가시킨다”고 지적했다.   리라화 약세로 금융시장 전문가들은 터키 중앙은행이 결국 대응에 나설 것으로 전망한다.    브라운브라더스해리먼 앤 코의 윈 틴 전략가는 블룸버그통신에 “리라의 움직임은 정도를 넘어서고 있다”면서 “리라화 가치가 계속해서 자유낙하 한다면 중앙은행이 결국 개입해 기준금리를 급격히 올릴 수밖에 없어 여기서 매도하고 싶지는 않다”고 말했다.  ▶ [평생무료] 매일 실시간 방송♠국내 최정상 전문가의 종목 공개♠유료보다 더 좋은 무료 강좌 및 프리미엄전략!☞[무료확인]  ▶ 국내최고 전문가 수익률대결종목! 실시간으로 알려드립니다※바로신청※     mj72284@newspim.com 유엔, 이스라엘 ‘끔찍한 폭력’ 규탄..터키 “이스라엘과 국교 재검토해야” 터키, 이슬람협력기구 긴급회의 소집…가자지구 유혈사태 논의 터키, 6월 조기 대선·총선 치른다 신흥국 '팔자' 월가 포트폴리오 교체 잰걸음 [돌아온 슈퍼달러] ""신흥국 긴축 발작? 일시적인 현상일 뿐""      ▶ 500만원으로 3억만들기 50번째 주인공 탄생! [확인]  좋은 상품다 아는 곳! 안다쇼핑!  / 최저금리 맞춤서비스 진행중 / 10분이면4배자금가능 / 24시간 친절상담센터 1522-3233 / 씽크풀  충격! 여의도 세력들의 극비종목 무료 공개!"
284,7,"2018-05-23","00:50:55","문대통령 ""놓쳐선 안 될 기회…김정은 북미회담 성공의지 분명""(종합2보)","문대통령 ""놓쳐선 안 될 기회…김정은 북미회담 성공의지 분명""(종합2보)  폼페이오ㆍ볼턴과 50분간 접견…""김정은, '완전한 비핵화' 공언""   ""이전 협상과 차원 달라…북미정상회담 준비 매진해달라"" 당부   폼페이오 ""북미회담 매우 중요…한국ㆍ미국ㆍ전세계 위해 잘 해내길 기대""    (워싱턴=연합뉴스) 이상헌 박경준 기자 = 문재인 대통령은 22일(현지시각) 김정은 북한 국무위원장의 북미정상회담 성공의지가 분명하다는 점을 미 외교안보팀에 전하고 전례 없는 기회를 놓쳐서는 안 된다며 회담 준비에 매진해달라고 당부했다.  도널드 트럼프 미 대통령과 정상회담을 위해 워싱턴DC를 방문 중인 문 대통령은 이날 백악관 영빈관에서 마이크 폼페이오 미 국무장관과존 볼턴 백악관 국가안보보좌관을 접견한 자리에서 이같이 밝혔다.     문 대통령은 예정시간을 넘겨 50분간 진행된 접견에서 정상회담을 준비 중인 미 외교안보팀의 노력을 치하하고 ""북미정상회담의 성공을위해 흔들림 없이 차분하게 북한과의 협의에 매진해 달라""고 주문했다고 윤영찬 청와대 국민소통수석이 서면브리핑을 통해 전했다.  문 대통령은 그러면서 ""우리 정부도 북미정상회담이 성공적으로 개최되도록 지원과 노력을 아끼지 않겠다""고 강조했다.  문 대통령은 특히 ""최근 보여준 북한의 태도에도 불구하고 북미정상회담의 성공을 위한 김정은 북한 국무위원장의 의지는 분명하다""면서""한반도의 긍정적 상황변동은 한미 양국 모두에 한반도 역사의 진로를 '한반도의 비핵화와 항구적 평화 정착'의 길로 바꿀 수 있는 전례 없는, 절대 놓쳐서는 안 될 기회의 창을 제공해주고 있다""고 진단했다.  이어 ""많은 사람이 지난 25년간 북한과의 협상에서 기만당했다는 회의적 시각을 가지고 있으나 이번은 역사상 최초로 '완전한 비핵화'를공언하고 체제 안전과 경제발전을 희망하는 북한의 최고지도자를 대상으로 협상한다는 점에서 이전 협상과는 차원이 다르다""고 짚었다.  문 대통령은 ""북한과의 협상은 지난한 여정이 될 것인 만큼 우리는 많은 인내심을 가지고 함께 고민해야 하며 트럼프 대통령께서 쉽지 않은 과정을 넘어 전 세계에 희망의 새 시대를 여는 역사적 위업을 이루도록 두 분께서 잘 보좌해 달라""고 당부했다.  문 대통령은 ""한국으로서는 한국이나 한반도 운명과 미래를 좌우하는 중요한 시기여서 한국민이 두 분에게 거는 기대가 아주 크다""며 ""두 분은 미국의 외교와 안보에서 아주 핵심적인 역할을 맡고 있다""고도 평가했다.  폼페이오 장관은 ""대단히 감사하다""며 ""지금 저는 서훈 국정원장과 굉장히 잘 협력하고 있고 북한 문제에 대해서 많은 협력과 토론을 하고 있다""고 말했다.  폼페이오 장관은 특히 ""저희가 (북미정상회담에) 매우 큰 중요성을 두고 있고 한국, 미국, 그리고 전 세계를 위해서 우리가 이것을 잘해내기를 바란다""며 ""서 원장과 더불어 문 대통령과의 더 많은 협조로 긍정적인 결과가 있기를 바란다""고 강조했다.  볼턴 보좌관은 ""대통령님을 오늘 만나서 매우 영광""이라며 ""지금 한국 측과 상당히 좋은 협력을 하고 있다""고 밝혔다.  그는 ""강경화 장관과 정의용 안보실장, 워싱턴의 한국대사 등 우리가 상대한 모든 분이 대단히 협조적이었고 투명했고 많은 도움을 주셨다""며 ""저희 역시 여러분에게 그러했기를 원하며, 오늘 긍정적인 결과가 있기를 바란다""고 말했다.  kjpark@yna.co.kr   (끝)    <긴급속보 SMS 신청> <포토 매거진> < M-SPORTS >   <저작권자(c) 연합뉴스, 무단 전재-재배포 금지>"
285,1,"2018-05-23","00:10:34","[PRNewswire] WCG(WIRB코페르니쿠스그룹) 임상서비스부문, 일본에 사무소 개설",""
285,2,"2018-05-23","00:10:00","[판 커지는 바이오시밀러]①LG화학·종근당 등 진출…1년새 2배 '껑충'","- 10여 곳 개발제품 합치면 40개 훌쩍 - 작년 수출 1조4690억…1년새 2배↑      [이데일리 문승용 기자][이데일리 강경훈 기자] 종근당(185750)은 지난달 미국계 글로벌 제약사의 일본법인에 빈혈치료제 바이오시밀러(생물학적 의약품 복제약) ‘CKD-11101’을 수출키로 계약을 체결했다. 이 약은 미국 암젠과 일본 교와하코기린이 공동개발한 ‘네스프’의 바이오시밀러로 전 세계 매출은 연간 3조원 규모다. 종근당은 앞서 지난해 12월 국내에서 CKD-11101에 대한 임상3상을 마친 후 현재 식품의약품안전처의 허가를 기다리는 중이다. 허가를 받을 경우 종근당은 세계 최초로 네스프의 바이오시밀러를 상용화하게 된다.  LG화학(051910)은 지난 3월 자가면역질환치료제 ‘엔브렐’(암젠)의 바이오시밀러 ‘유셉트’에 대한 식약처 허가를 받았다. LG화학은 올해 상반기 안에 유셉트를 국내시장에 출시할 계획이다. 엔브렐은 지난해 82억 6200만달러(약 9조원)의 매출을 올리며 약 20조원을 벌어들인 ‘휴미라’(애브비)에 이어 두 번째로 많이 팔린 약으로 기록됐다. 유셉트는 이미 지난 1월 일본에서 시판허가를 받아 글로벌 진출도 추진 중인 상황이다.  국내 바이오시밀러 산업의 판이 커지고 있다. 22일 업계에 따르면 바이오시밀러 분야에 종근당과 LG화학, CJ헬스케어, 동아에스티(170900) 등 상위 제약사들이 잇달아 진출했다. 에이프로젠, 폴루스, 알테오젠(196170), 펜젠,프레스티지바이오 등 벤처기업들도 바이오시밀러 상용화를 준비 중이다. 이미 이 분야에 진출해 성과를 올리는 셀트리온(068270)과 삼성바이오에피스까지 포함할 경우 바이오시밀러 업체들은 국내에서만 10곳 이상이다.  단순히 바이오시밀러 회사만 늘어나는 것이 아니다. 지금까지 국내에서 바이오시밀러는 휴미라와 엔브렐, ‘레미케이드’ 등 자가면역질환치료제를 중심으로 개발이 진행됐다. 하지만 최근에는 빈혈치료제와 황반변성치료제, 항암제, 내분비질환치료제 등 다양한 바이오의약품 분야로 영역을 확대하는 추세다.  수출도 급증하는 추   세다. 관세청에 따르면 지난해 바이오시밀러 수출액은 13억 6213만달러(약 1조 4690억원)로 전년 6억 9230만달러(약 7466억원)보다 97%나 증가했다. 올해 1분기 바이오시밀러 수출액 역시 3억 5596만달러(약 3935억원)로 전년 동기 1억 5998만달러(약 1725억원)보다 두배 이상 늘었다.  업계에서는 그동안 제네릭(화학적 복제약)에 주력해온 국내 제약·바이오산업에 있어 바이오시밀러는 신약 개발과 함께 차세대 먹거리가 될 것으로 내다보고 있다. 업계 관계자는 “바이오시밀러는 신약과 비교해 투자비가 적게 들고 실패할 위험도 낮은 반면, 제네릭보다는부가가치가 훨씬 높다”면서 “값비싼 오리지널 바이오의약품으로 인한 의료비 부담 때문에 바이오시밀러 수요가 빠르게 늘어나는 반큼 국내바이오시밀러 산업 전망도 밝다”고 말했다.  ▶계좌회복프로젝트! 상위 전문가의 투자전략 및 추천종목‘[무료확인]’ ▶14년 연속 1 위, 대한민국 대표 스탁론 하이스탁론 '    ' ＜ⓒ종합 경제정보 미디어 이데일리 - 무단전재 & 재배포 금지＞   "
285,3,"2018-05-23","00:10:00","[e갤러리] 죽어도 못갈 '금빛 저쪽 물가'…임진성 '몽유금강도'","- 2018년 작 - 먹빛 화폭에 금분 수직내리친 산봉우리 - 현실과 이상 경계서 줄타기하는 산수화      임진성 ‘몽유금강도’(사진=갤러리그림손)  [이데일리오현주 문화전문기자] ‘피안’이란 말이 있다. 저쪽 물가란 뜻이다. 불교에선 해탈의 경지라고 했다. 진리를 깨달은 뒤에야 도달할 수 있다는 이상세계. 만약 피안이 정말 있다면 저 너머가 아닐까. 꿈에서나 볼 법한 아득히 떨어진 물 건너 저곳.   작가 임진성(51)은 산수를 그린다. 산은 산이고 물은 물인데 단순치가 않다. 수직으로 내리친 금빛 산봉우리를 안개처럼 뿌연 물 위에 둥둥 띄웠으니. 옛 화가·문인이 그토록 찾아 헤매던 낙원 ‘도원경’일지도 모른다.   ‘몽유금강도’(2018)는 금강산을 배경으로 작업한 연작 중 한 점. 그윽한 먹빛에 금분을 그어 완성했다. 덕분에 작가의 산수화는 현실과 이상, 존재와 비존재, 경계와 비경계에 걸려 줄타기 중. 조선후기 겸재 정선이 그린 금강산도를 이상·비존재·비경계로 한걸음씩 움직인 형태라고 할까.   29일까지 서울 종로구 인사동10길 갤러리그림손서 여는 개인전 ‘몽·유’에서 볼 수 있다. 화선지에 수묵채색과 니금. 138×230㎝. 작가 소장. 갤러리그림손 제공.  ▶계좌회복프로젝트! 상위 전문가의 투자전략 및 추천종목‘[무료확인]’ ▶14년 연속 1위, 대한민국 대표 스탁론 하이스탁론 '    ' ＜ⓒ종합 경제정보 미디어 이데일리 - 무단전재 & 재배포 금지＞   "
285,4,"2018-05-23","00:09:48","배명진, ‘PD수첩’ 제작진 향해 “의혹으로 무시하겠다고?” 발끈","[헤럴드경제=이슈섹션] 음향 분석전문가 배명진 숭실대학교 교수에 대한 의혹이 한 시사고발 프로그램을 통해 공개되면서 이목을 끌고 있다.  숭실대학교 소리공학연구소장 배명진 교수는 25년간 언론에 약 7000번 출연하며 국내 최고의 음향전문가로 알려졌다.  22일 방송된 ‘PD수첩’에서는 배명진 교수의 분석이 빗나갔던 사례들을 공개하며 그가 ‘미제 사건’에 영향을 미쳤던사건들도 소개했다.   배명진 교수. [사진=MBC]   배명진 교수는 PD의 데이터 베이스 요청에대해 “여기에 대해 왜 대답을 해야되는지 모르겠다. 백업 데이터를 보면 PD님이 이해할 수 있나”고 말했다.  이어 “음성학자, 그 사람한테 가서 물어봐라”라고 언성을 높였다. 또 “하지 마세요. 꺼요”라며 카메라를 뺏으려고 했다.   배명진 교수는 “25년 전문가를 의혹으로 무시하겠다고? 당신 그럴 권한 있어?”라며 “25년 되면 한마디씩만 해도의혹이 생길 수 있다. 빨리 나가라. 안 그러면 경찰이 오게 되어 있다”라고 화를 냈다.   onlinenews@heraldcorp.com     [프리미엄 링크] ◆ [평생무료] ""주식카톡방"" 대박주를 추천받는데 100원도 안낸다~ ◆ 무료O, 회원가입X. 바로보는 증권전문가의 실시간라이브방송.  10%수익을 40%로 만들어 준다고?? 영웅스탁론이라면 가능~! [영웅스탁론]효과적인 레버리지를 이용하여 수익률을 4배로!!    이 종목 미리 알았더라면.. 화제의 급등주검색기 실전투자 300%비법 무료체험 3일신청시 [즉시공개!]    김태희, 로또 대박?! 20억 당첨금공개..    테마주!외국인+기관 쌍끌이 매집중인 종목 전문가들도 탐내는 급등주 공식 무료배포! [클릭]    [오늘의 인기기사] ◆ [국대스탁론]업계 최저금리 2.29%! 100%한종목 투자가능+신용/ 미수 대환가능 ◆ [국민스탁론]저렴한 연2.7% 금리로 최대 4배 투자 가능 ◆ [마감임박] '급등주 문자메시지' 100% 무료로 받아보기! ◆ [상한가속출] ""깜짝놀랐다"" 카톡무료체험으로 3000만원 수익달성!  ◆[밴드스탁론] 연 2%대 금리, 신용 미수 대환 가능, 주식자금 전문 ☏ 1899-9044 ◆똑똑해진 소비자..한국도 이젠 소형차 시대 ◆2020년 한국 TV 2대중 1대 인터넷 연결된다"
285,5,"2018-05-23","00:07:02","브릭스, 브라질에 신개발은행 미주지역 사무소 설치 결정","브릭스, 브라질에 신개발은행 미주지역 사무소 설치 결정   올해 안에 상파울루나 리우에 들어설 듯   (상파울루=연합뉴스) 김재순 통신원 = 브라질ㆍ러시아ㆍ인도ㆍ중국ㆍ남아프리카공화국 등 5개국으로 이루어진 브릭스(BRICS)가 브라질에신개발은행(NDB) 미주지역 사무소를 설치하기로 했다.  22일(현지시간) 국영 뉴스통신 아젠시아 브라질에 따르면 NDB의 K.V. 카마트 총재는 중국 상하이에서 알로이지우 누네스 브라질 외교장관을 만나 올해 안에 미주지역 사무소를 브라질에 설치할 계획이라고 밝혔다.  NDB 미주지역 사무소는 상파울루나 리우데자네이루 시에 들어설 가능성이 크다.  미주지역 사무소는 지난해 남아공 요하네스버그에 설치된 아프리카지역센터와 함께 NDB의 역할을 확대하는 주요 거점이 될 것으로 보인다.  NDB는 지난 2015년 7월 중국 상하이에서 정식으로 발족했으며, 신흥국과 개도국의 인프라 확충을 위한 금융지원에 주목적을 두고 있다. NDB는 중국이 주도하는 아시아인프라투자은행(AIIB)과도 긴밀하게 협력할 것으로 보인다.     앞서 NDB의 K.V. 카마트 총재는 지난해 4월 브라질리아에서 미셰우 테메르 브라질 대통령을 만나 중남미개발은행(CAF) 등 지역 금융기구와 협력을 통해 남미 각국의 인프라 프로젝트에 투자를 확대할 계획이라고 밝혔다.  카마트 총재는 또 장기적으로 브라질에 대한 투자 러시가 재현될 것으로 보고 있다면서 NDB도 투자 대열에 동참할 것이라고 말했다.  한편, 브릭스 5개국의 인구는 전 세계의 42%에 해당하며, 세계 경제에서 차지하는 비중은 지난 10년 사이 12%에서 23%로 높아졌다.  fidelis21c@yna.co.kr   (끝)    <긴급속보 SMS 신청> <포토 매거진> < M-SPORTS >   <저작권자(c) 연합뉴스, 무단 전재-재배포 금지>"
285,6,"2018-05-23","00:06:46","문대통령 ""폼페이오ㆍ볼턴 두 분에 거는 기대 아주 커…잘 부탁""","문대통령 ""폼페이오ㆍ볼턴 두 분에 거는 기대 아주 커…잘 부탁""  한미정상회담前 접견…""두 사람은 美 외교안보서 핵심 역할""  폼페이오 ""서훈과 北문제 많은 협력"", 볼턴 ""오늘 긍정 결과 기대""      (워싱턴=연합뉴스) 이상헌 박경준 기자 = 문재인 대통령은 22일(현지시간) 마이크 폼페이오 미국 국무장관과 존 볼턴 백악관 국가안보보좌관을 만나 ""한국으로서는 한국이나 한반도 운명과 미래를 좌우하는 중요한 시기이기 때문에 한국민이 두 분에게 거는 기대가 아주 크다""고말했다.  미국 워싱턴을 공식실무방문 중인 문 대통령은 이날 도널드 트럼프 대통령과의 정상회담 직전 영빈관에서 이들을 접견하고 ""두 분은 미국의 외교와 안보에서 아주 핵심적인 역할을 맡고 있다""며 이같이 밝혔다.  그러면서 ""두 분께 잘 부탁드린다""고 했다.  이에 폼페이오 장관은 ""대단히 감사하다""며 ""지금 저는 서훈 국정원장과 굉장히 잘 협력하고 있고 북한 문제에 대해서 많은 협력과 토론을 하고 있다""고 말했다.  볼턴 보좌관은 ""대통령님을 오늘 만나서 매우 영광""이라며 ""지금 한국 측과 상당히 좋은 협력을 하고 있다""고 밝혔다.  그는 ""강경화 장관과 정의용 안보실장, 워싱턴의 한국대사 등 우리가 상대한 모든 분이 대단히 협조적이었고 투명했고 많은 도움을 주셨다""며 ""저희 역시 여러분에게 그러했기를 원하며, 오늘 긍정적인 결과가 있기를 바란다""고 말했다.  honeybee@yna.co.kr   kjpark@yna.co.kr   (끝)    <긴급속보 SMS 신청> <포토 매거진> < M-SPORTS >   <저작권자(c) 연합뉴스, 무단 전재-재배포 금지>"
285,7,"2018-05-23","00:05:50","달러화, 미 국채금리 따라 보합","(뉴욕=연합인포맥스) 이종혁 특파원 = 달러화는 미국 국채금리가 보합권에서 움  직이는 가운데 혼조세를 보였다.      연합인포맥스(6411)에 따르면 22일 오전 10시 56분(현지시각) 무렵 뉴욕 외환시  장에서 달러화는 엔화에 달러당 110.99엔을 기록해 전장 뉴욕 후장 가격인 111.02엔  보다 내렸다.      유로화는 달러화에 유로당 1.1770달러에 움직여 전장 가격인 1.1786달러보다 하  락했다.      유로화는 엔화에 유로당 130.66엔을 기록, 전장 가격인 130.85엔보다 낮아졌다.      시장은 미국의 무역협상 영향, 한미정상회담 및 북미정상회담 진행 과정, 뉴욕증  시와 국채금리 동향 등을 주목하고 있다.      달러화는 미 경제지표 발표가 거의 없는 가운데 엔화에 하락 출발했다가 낙폭을  줄이는 등 왔다 갔다 했다.      전날 달러화는 미국과 중국의 무역협상 타결 속에 엔화에 오르고, 유로화에는 내  리는 혼조세를 보였다.      10년 만기 미 국채금리는 국제유가 급등과 국채 입찰을 앞둔 부담에도 3.07% 수  준에서 등락해, 전장 종가 3.065%에서 큰 변동이 없다.      이날 오후 미 재무부가 국채 입찰에 나선 후 시장 금리 움직임이 중요하다.      이날 브렌트유 가격이 지난주에 이어 배럴당 80달러 선을 다시 넘어섰다.      달러 지수(DXY)는 전장보다 0.2% 내린 93.524에서 거래됐다.      IG의 크리스 보샹 수석 시장 분석가는 ""최근 달러 약세가 지난 몇 달간의 강세장  의 정점인지 명확하지 않다""며 ""하지만 시장은 여전히 달러 과매도 상태이기 때문에  다음날 연방공개시장위원회(FOMC) 정례회의 의사록이 전적으로 매파적이 아니더라도  달러가 다시 오르는 것을 상상하는 게 쉽다""고 강조했다.      유로화도 이탈리아 정치 불안 속에 10년물 이탈리아와 독일 국채수익률 격차가 173bp로 줄면서 달러화에 1.1829로 반등했다가 오름폭을 낮추는  등  오락가락했다.      이탈리아의 정치 불안이 지속하고 있지만, 이탈리아 국채수익률의 급등은 주춤해  지는 숨 고르기 국면을 보인다.      지난 18일 공동 정부 운영안을 타결 지었던 이탈리아의 두 포퓰리즘 정당 오성운  동과 동맹이 연정 구성의 가장 큰 걸림돌이던 총리 후보를 전날 결정했지만, 정부 구  성의 최종 권한이 있는 대통령의 총리 신임 결정이 아직 나오지 않고 있다.      이탈리아 대통령은 상하원 지도자들과 이날 만나 회담을 할 예정이며, 최종 결정  은 이번 주 후반에 나올 것으로 예상되고 있다.      이날 10년 만기 이탈리아 국채수익률은 8bp 내린 2.293%에서 거래됐다.      프랑스은행 소시에테제네랄(SG)은 이탈리아와 독일 국채 격차가 다시 213bp로 확  대된다면 유로화가 1.15달러로 하락할 수 있다고 진단했다.      은행은 유로화의 약세가 멈춰진 것처럼 보인다며 유로화의 전술적인 반등 후에  다음날 나오는 FOMC 정례회의 의사록과 유로존(유로화 사용 19개국)의 구매관리자지  수(PMI)가 중요하다고 설명했다.      FX 스트레지의 보리스 슐로스버그 매니징 디렉터는 ""최근 유로화의 반등은 '숏  커버링'과 차익실현 이상의 것이 아니다""라며 ""다만 유로-달러가 지난 두 달간 많이  빠졌기 때문에 추가 반등이 있을 수 있다""고 내다봤다.      파운드화는 영국 중앙은행 영란은행 총재의 매파 발언에 달러화에 한때 1.3490달  러까지 올랐다가 내려섰다.      영란은행의 마크 카니 총재 등이 이날 의회에서 영국 경제가 1분기 부진에서 탈  출하면 몇 달 안에 기준금리를 인상할 수 있다는 견해를 보였다.      이달 중앙은행은 연초 예고했던 것과 달리 1분기 성장 둔화가 일시적인지 아닌지  알기 위해 기다리겠다며 기준금리를 동결했다.      liberte@yna.co.kr  (끝)  <저작권자(C)연합인포맥스뉴스. 무단 전재-재배포 금지.>"
286,1,"2018-05-22","23:54:14","""김정은, 협상 안하면 리비아처럼 된다""...'카다피 종말' 끄집어낸 美","6·12 북미 정상회담이 코앞으로 다가왔지만 양국은 이견을 좁히기는커녕 한층 치열한 주도권 싸움을 벌이고 있다. 미국의 ‘2인자’ 마이크 펜스 부통령은 도널드 트럼프 대통령이 북미 회담장을 박차고 나갈 수 있다고 밝혔고 이란에도 새로운 핵 협상을 받아들이지 않으면 역사상 가장 강력한 제재를 하겠다며 북한에 우회 경고를 날렸다. 반면 북한은 풍계리 핵시설 폐기에 남측 취재단만 쏙 빼며 “북미 협상 판도 남북처럼 흔들릴 수 있다”고 맞불 메시지를 내놓았다. 북미 회담을 둘러싼 ‘터뷸런스(난기류)’가 심해지는 분위기다.   우선 북미 회담과 관련해 그동안 침묵하던 펜스 부통령이 포문을 열었다. 그는 21일(현지시간) 폭스뉴스와의 인터뷰에서 “김정은 북한 국무위원장이 트럼프를 속일 수 있다고 생각하면 큰 실수일 것”이라며 “김정은이 협상을 하지 않으면 리비아 모델처럼 끝날 수밖에 없다”고 강조했다. 비핵화 후 시민군에 의해 무참하게 살해된 리비아 통치자 무아마르 카다피의 전철을 밟을 수 있다는 것으로 리비아 모델을 다시 끄집어내 북한에 고강도 경고를 한 것이다. 펜스 부통령은 “(대북 군사 옵션은 테이블에서) 내려온 적이 없었다”며 “트럼프 대통령은북한이 미국을 위협하는 핵무기와 탄도미사일을 보유하지 못하게 할 것이라는 점을 명확히 했다”고 경고했다.    마이크 폼페이오 미 국무장관은 이란에 새 비핵화 기준을 제시하며 받아들이지 않으면 강력한 제재를 하겠다고 밝혔다. 그는 이날 싱크탱크헤리티지재단에서 한 연설에서 모든 핵시설 완전 접근 허용을 핵심으로 한 12개의 요구 사안을 공개했다. 세부적으로 △우라늄 농축 중단 △플루토늄 사전 처리 금지 △탄도미사일 개발 금지 등이다. 그는 이란이 협상 테이블에 나오지 않는다면 전례 없는 금융압박을 가할 것이며 이는 “역사상 가장 강력한 제재가 될 것”이라고 경고했다. 폼페이오 장관은 “그러나 새 핵 합의를 체결하면 모든 대이란 제재를 해제하고 외교적·상업적 유대관계를 회복하는 것과 더불어 이란의 현대화를 지지할 의사가 있다. 경제적 번영을 이루도록 돕겠다”고 강조했다. 북한에도 완벽한 비핵화를 하면 최고의 보상을 하겠지만 그렇지 않으면 압박이 더 심해질 수 있음을 암시한 것으로 풀이된다.   이런 가운데북한은 풍계리 폐기에 남측 취재단 참석을 끝내 허용하지 않았다. 남북 고위급회담을 일방적으로 연기한 데 이어 대남 강공책을 구사하고 있는 것이다. 미국·영국·러시아·중국 등 4개국 외신 기자단은 23~25일 사이에 진행될 행사 취재를 위해 22일 베이징에서 원산으로 들어갔지만 남측 취재단 8명은 북한이 명단을 접수하지 않아 무산됐다. 조명균 통일부 장관은 입장문에서 “안타깝고 유감스럽다”며 “그럼에도 폐기가 예정대로 진행되고 있는 점에 주목하며 이번 조치가 북미 회담의 성공적 개최로 이어지기를 기대한다”고 밝혔다.   이는 한미 정상회담, 북미 회담을 앞두고 북한이 대미 협상력을 끌어올리기 위한 조치라는 분석이 많다. 홍민 통일연구원 연구위원은 “북미 관계를 직접 흔들기는 부담스럽기 때문에 남북 관계를 흔들어 대미 협상력을 높이려는 의도”라며 “미국에 ‘우리 체제를 존중하지 않으면 언제든 (남한처럼) 판이 흔들릴 수 있다’고 경고하고 한국에도 한미 정상회담에서 북측을 배려하는 메시지를 강화하라는 메시지를 준 것”이라고 해석했다. 한편 일본 도쿄신문은 22일 북중 관계 소식통을 인용해 “지난 7~8일 다롄에서 열린 북중 정상회담에서 김 위원장이 비핵화를 완료하면 미국이 진짜 제재 해제와 경제 지원에 응할지 불신감을 토로하며 비핵화 합의 시 중국이 독자적인 경제 지원을 해달라고 요청했다”고 전했다. 이에 시진핑 중국 국가주석은 “북한이 북미 회담에서 비핵화 관련 합의를 하면 북한에 단계적인 경제 지원을 할 수 있다”고 말했다고 신문은보도했다.  /뉴욕=손철특파원 이태규기자 classic@sedaily.com    ▶▶ 2018년 정부 정책 수혜주 TOP 10 大공개! (바로 확인)  ▶▶ 재료노출 임박한 상위1%의 극비정보 30명한정 공개(무료)    [ⓒ 서울경제, 무단전재 및 재배포 금지]"
286,2,"2018-05-22","23:53:07","중국의 실리콘밸리 '선전' 기업탐방 참가자 모집합니다","한국경제신문사와 중국 인민일보 인민망, 프리미엄패스 인터내셔널이 ‘중국의 실리콘밸리’로 불리는 광둥성 선전(深?)의 주요 기업체를 탐방하는 산업관광 프로그램 참가자를 모집합니다. 선전은 중국 정보기술(IT)산업의 중심이자 4차 산업혁명 시대 중국의 미래로 꼽히는 대표 도시입니다.    이번 탐방은 중국을 넘어 글로벌 무대에서 활약 중인 대표 기업 10곳을 직접 방문하는 일정으로 짜여 졌습니다. 중국 IT산업을 대표하는 화웨이와 텐센트를 비롯해 드론계의 애플 다장(DJI), 세계 1위 전기자동차 기업 비야디(BYD), 중국 최대 벤처지원 집적시설인 선전만 벤처플라자,중국 스타트업(신생 벤처기업)의 전초기지 역할을 하는 아이메이커베이스(iMakerbase) 등을 방문합니다.    현지에선 각 탐방 기업별로 대표 임원이 직접 나와 자신들의 혁신 전략을 직접 들려주는 간담회도 진행됩니다. 우난 화웨이 대외협력 이사, 딩하이먀오 비야디 아태지역 부사장, 리사오슝 선전시 총상공회의소 부회장 등이 간담회 형태로 열리는 세미나에 연사로 나섭니다. 한국에선 정상기 국립외교원 중국센터 고문(겸임교수)과 저우위보 인민일보 인민망 한국지사 대표, 한국경제신문 기자가 전 일정 동행해 가이드이자 멘토 역할을 맡습니다.    탐방 일정은 6월19일부터 23일까지(4박5일). 선전 현지 기업과 비즈니스 교류, 협력을 원하는 기업과 기관 관계자는 누구나 참여할 수 있습니다. 모집 인원은 선착순 30명, 신청은 오는 25일까지. 참가비는 항공과 호텔 등 포함 360만원. 프로그램과 관련한 자세한 내용은 홈페이지(tothepp.com/edm/2018/china/ppi/)에서 확인할 수 있습니다. (02)360-4521    이선우 기자 seonwoo.lee@hankyung.com    기업의환율관리 필수 아이템! 실시간 환율/금융서비스 한경Money [ 무료 주식 카톡방 ] 국내 최초, 카톡방 신청자수 38만명 돌파 < 업계 최대 카톡방 > --> 카톡방 입장하기!!     관련기사 스마트폰도 되는데…방수 카메라 꼭 써야하는 이유 댓글 남기자마자 ""10만원 주겠다""…대체 어디길래 ""정말 이례적인 일"" 망연자실한 신혼부부들 왜? 돈방석 앉은 연예인들…1인 방송 BJ 수입 어떻길래 ""셈하기도 어렵다"" 방탄소년단경제적 가치가 무려    ⓒ 한국경제 & hankyung.com, 무단전재 및 재배포 금지"
286,3,"2018-05-22","23:52:51","文대통령, 폼페이오-볼턴 동시 접견…북미회담 성공 당부","[머니투데이 최경민 기자] [[the300]]     문재인 대통령은 22일(현지시간) 미국 워싱턴 D.C. 백악관에서 마이크 폼페이오 국무장관과 존 볼턴 국가안보보좌관을 함께 접견했다.   문 대통령은 최근 미국인 억류자 3명이 무사히 귀환해 성공적인 북미 정상회담을 위한 긍정적 분위기를 조성하는데 있어 폼페이오 장관의 역할을 높이 평가했다.   또 볼턴 보좌관에게는 양국 NSC 채널 간 소통이 매우 원활하고 긴밀한 점을 높이 평가하면서, 역사적 기회인 북미 정상회담의 성공을 위해 도널드 트럼프 대통령을 잘 보좌해 줄 것을 당부했다.   문 대통령은 다음달 북미 정상회담 개최를 준비하고 있는 미 외교‧안보팀의 노력도 치하했다. 이번 북미 정상회담이 성공적으로 개최될 수 있도록 남은 기간 동안 준비 노력을 가속화해 달라고 부탁했다.   특히 북미 정상회담의 성공을 위해 흔들림 없이 차분하게 북한과의 협의에 매진해 나갈 것을 언급하면서, 우리 정부도 이번 북미 정상회담이성공적으로 개최될 수 있도록 지원과 노력을 아끼지 않을 것이라는 점을 강조했다.      주식담보대출도 이제 부담없는 금리로 가능(안내: 02-3775-1497)   ▶▶ 2018년 상반기 급등 예상 종목 BEST 10 (바로 확인)   <키워드림론> 최저금리로 신용·미수 대환 하는 유일한 방법은    [파워 인터뷰]      [관련기사] ☞ 오는 10일 이건희 삼성회장 '와병 만4년'…장비없이 자가호흡 ☞ 아들 곁으로 간 구본무 회장…슬픔 이기고 LG 24년 이끌어 ☞ 성공을 부르는 말하기? ""목소리를 낮게 내보세요"" ☞ "" 할아버지, 존경해요""…구본무 회장 향한 추모들 ☞ 자연으로 돌아간 구본무 회장 마지막길…소리없는 '울음바다'      주식매입자금? 전화 한통화면 당신은 스마트컨슈머!    최저금리로 신용·미수 대환 하는 가장 경제적인 방법 (바로 확인)   ‘개미’말고 ‘슈퍼 투자자’되고 싶다면?...‘이것’만 잘 이용해도 가능해요!       최경민 기자 brown@mt.co.kr    <저작권자 ⓒ '돈이 보이는 리얼타임 뉴스' 머니투데이, 무단전재 및 재배포 금지>"
286,4,"2018-05-22","23:52:35","SM그룹 '부부의 날' 8군단에 깜짝 선물","SM그룹은 지난 21일 부부의 날을 맞아 육군 8군단 부대 장병들의 사기 진작을 위해 부부 10쌍이 이용할 수 있는 계열사 TOPS10호텔 숙박권을기증했다. SM그룹과 8군단은 지난해 12월 국방부와 한국경제신문사가 함께 추진하는 ‘1사1병영’ 협약을 맺었다. 8군단은 전투력향상과 평창동계올림픽 경비작전 등에 기여한 장병 10명을 선정해 포상했다. 박경선 TOPS10호텔 사장(왼쪽)이 황인권 부대장에게 숙박권을 전달하고 있다.  연합뉴스     기업의 환율관리 필수 아이템! 실시간 환율/금융서비스 한경Money [ 무료 주식 카톡방 ] 국내 최초, 카톡방 신청자수 38만명 돌파 < 업계 최대 카톡방 > --> 카톡방 입장하기!!     관련기사 SM그룹 ""SM상선, 북미 서안노선 5월부터 운항"" 86년 된 온양관광호텔 법정관리 돌입 ""정말 이례적인 일"" 망연자실한 신혼부부들 왜? 돈방석 앉은 연예인들…1인 방송 BJ 수입 어떻길래 ""셈하기도 어렵다"" 방탄소년단 경제적 가치가 무려    ⓒ 한국경제 & hankyung.com, 무단전재 및 재배포 금지"
286,5,"2018-05-22","23:48:50","질서경제학회, 25일 '춘계 심포지엄'","한국질서경제학회(회장 김강식 한국항공대 경영학부 교수·사진)는 오는 25일 국회의원회관 회의실에서 ‘2018 춘계정책심포지엄’을 연다. 한국경제신문사 후원으로 열리는 이 행사에서는 좌승희 전 경기연구원장이 ‘헌법과 경제질서’를 주제로 기조 강연을 한다. 신도철 숙명여대 교수가 ‘우리나라 헌법 경제조항의 연혁과 개정 방향’, 배진영 인제대 교수가 ‘대통령 헌법 개정안에 담긴 한국 경제질서 변화의 방향과 특징’을 발표한다.     기업의 환율관리 필수 아이템! 실시간 환율/금융서비스 한경Money [ 무료 주식 카톡방 ] 국내 최초, 카톡방 신청자수 38만명 돌파 < 업계 최대 카톡방 > --> 카톡방 입장하기!!     관련기사 댓글 남기자마자 ""10만원 주겠다""…대체 어디길래 ""정말 이례적인 일"" 망연자실한 신혼부부들 왜? 김강식 질서경제학회 회장 선출 돈방석 앉은 연예인들…1인 방송 BJ수입 어떻길래 ""셈하기도 어렵다"" 방탄소년단 경제적 가치가 무려    ⓒ 한국경제 & hankyung.com, 무단전재 및 재배포 금지"
286,6,"2018-05-22","23:48:08","팔레스타인, 국제형사재판소에 ""이스라엘 범죄 조사해달라""","팔레스타인, 국제형사재판소에 ""이스라엘 범죄 조사해달라""    (카이로=연합뉴스) 노재현 특파원 = 팔레스타인자치정부(PA)는 22일(현지시간) 국제형사재판소(ICC)에 가자지구 유혈사태 등에 대한 진상조사를 요청했다고 타임스오브이스라엘 등 이스라엘 언론이 전했다.  리아드 말키 팔레스타인자치정부 외무장관은 이날 네덜란드 헤이그에서 파토우 벤소우다 ICC 검사장을 만나 이런 뜻을 전달했다고 밝혔다.  말키 장관은 2014년 6월부터 팔레스타인 자치령인 요르단강 서안과 가자지구, 동예루살렘에서 일어난 이스라엘 정책을 즉시 조사해달라고 요구했다.  여기에는 최근 가자지구 유혈사태와 이스라엘의 정착촌 확대 등이 포함된다.  말키 장관은 ""(국제사회에는) 팔레스타인인들에 대한 이스라엘의 범죄에 대해 처벌하지 않는 문화가 있다""며 이번 조사 요구가 ICC의 책임에 대한 중요한 시험대라고 강조했다.   지난 14일 가자지구 분리장벽(보안장벽) 근처에서는 이스라엘 주재 미국대사관의 이스라엘 이전에 항의하는 팔레스타인 시위가 대규모로열렸고 이스라엘군의 실탄 진압으로 64명이 숨졌다.  팔레스타인자치정부의 ICC 조사 요청에 대해 이스라엘 정부는 ""터무니없는 일""이라며 반발했다.  이스라엘 외무부는 ""ICC와 ICC의 검사들이 팔레스타인의 압력에 굴복하지 않기를 바란다""며 팔레스타인이 테러를 선동하고 여성과 어린이들을 '인간방패'로 삼았다고 비난했다.  또 이스라엘은 ICC 회원국이 아니므로 ICC가 이스라엘 문제를 다룰 권한이 없다고 주장했다.  앞서 유엔인권이사회는 지난 18일 가자지구 유혈사태를 조사할 독립조사위원회를 파견하기로 했지만 이스라엘 정부는 이를 거부한 바 있다.  nojae@yna.co.kr   (끝)    <긴급속보 SMS 신청> <포토 매거진> < M-SPORTS >   <저작권자(c) 연합뉴스, 무단 전재-재배포 금지>"
286,7,"2018-05-22","23:48:01","폼페이오, 볼턴 만난 문 대통령 ""북미회담 성공 위해 北 협의 매진해달라"" 당부","방미 이틀째인 문재인 대통령은 22일(현지시간) 백악관에서 한미정상회담을 열기 전 마이크 폼페이오 국무장관, 존 볼턴 국가안보보좌관을 함께 접견했다.   문 대통령은 각각 지난 4월 26일과 같은 달 9일 취임한 폼페이오 장관, 볼턴 보좌관에게 축하의 말을 건냈다. 또한 북미정상회담 개최를 준비하고 있는 미국 외교·안보팀의 노력을 치하하고 이번 북미정상회담이 성공적으로개최될 수 있도록 남은 기간 동안 준비 노력을 가속화해 줄 것을 당부했다.   문 대통령은 특히 북미 정상회담의 성공을 위해 흔들림없이 차분하게 북한과의 협의에 매진해 나갈 것을 당부하고, 우리 정부로서도 이번 북미 정상회담이 성공적으로 개최될 수 있도록 지원과 노력을 아끼지 않을 것이라는 점을 강조했다. 아울러 최근 미국인 억류자 3명이 무사히 귀환해 성공적인 북미 정상회담을 위한 긍정적 분위기를 조성하는데 있어 폼페이오 장관의 역할을 높이 평가했다. 볼턴 보좌관에 대해서도 문 대통령은 양국 NSC 채널 간 소통이 매우 원활하고 긴밀한 점을 높이 평가하면서, 역사적 기회인 북미 정상회담의 성공을 위해 트럼프 대통령을 잘 보좌해 줄 것을 당부했다. /워싱턴DC=민병권기자newsroom@sedaily.com    ▶▶ 2018년 정부 정책 수혜주 TOP 10 大공개! (바로 확인)  ▶▶ 재료노출 임박한 상위1%의 극비정보 30명한정 공개(무료)    [ⓒ 서울경제, 무단 전재 및 재배포 금지]"
287,1,"2018-05-22","23:24:36","브렌트유, 글로벌 공급 차질 우려에 배럴당 80弗 상회(상보)","(뉴욕=연합인포맥스) 오진우 특파원 = 런던 ICE 선물거래소에서 브렌트유 가격이  배럴당 80달러 선을 다시 넘어섰다고 월스트리트저널(WSJ)이 22일 보도했다.      브렌트유는 지난주 2014년 11월 이후 처음으로 배럴당 80달러 선을 일시적으로  상회한 이후 소폭 반락해 거래됐었다.      저널은 이란과 베네수엘라에 대한 경제 제재 우려가 다시 커지면서 브렌트유 가  격을 밀어 올렸다고 진단했다.      미국은 전일 자국민이 베네수엘라 채권을 사지 못하도록 제재한다고 밝혔다. 이  는 이미 큰 폭 줄어든 베네수엘라의 산유량을 더 위축시킬 수 있는 조치다.      마이크 폼페이오 미 국무장관은 또 이란이 미국이 제시한 새로운 핵 협상 조건을  받아들이지 않으면 어느 때보다 강한 경제 제재를 가할 것이라고 경고했다.      코메르츠방크는 이날 보고서에서 ""베네수엘라는 이미 글로벌 공급 감소의 주요  원인이었다""며 ""석유수출국기구(OPEC)는 아직 베네수엘라 산유량 감소를 보충하지 않  고 있다""고 진단했다.      은행은 ""여기에 이란발 추가 공급 감소 우려도 있다""고 덧붙였다.      jwoh@yna.co.kr  (끝)  <저작권자(C)연합인포맥스뉴스. 무단 전재-재배포 금지.>"
287,2,"2018-05-22","23:23:39","하나금투 HTS로 해외선물·옵션 투자 못해","시카고상품거래소 60일간 거래 중단  ""하나금투, 정보요청에 불성실 대응""     보유 포지션 청산은 전화로 가능     [ 임근호 기자 ] 시카고상품거래소(CME)가 하나금융투자를 통한 거래를 60일간 중지한다고 22일 통보했다. 이에 따라 하나금융투자 홈트레이딩시스템(HTS)과 모바일트레이딩시스템(MTS)에서 CME 해외선물·옵션거래가 이날부터 이뤄지지 않았다.  하나금융투자는 HTS와 MTS에 안내문을 띄워 CME 거래소의 조치로 CME 해외선물상품에 대한 신규 주문이 불가능하게 됐으며, 현재 보유 포지션의 경우 유선 주문을 통한 청산만 가능하다고 밝혔다. 박선태 하나금융투자 해외증권실장은 “22일 오전 6시20분께 CME로부터 거래 중단 통보를 받았고, 7시 CME 개장에 맞춰 바로 안내 공지를 띄웠다”며 “신규 주문은 할 수 없지만 보유 포지션 청산은 유선으로 할 수 있도록 조치를했다”고 설명했다.  하나금융투자 HTS를 이용하는 한 투자자는 “22일 오전에 팔고자 하는 포지션에 도달했는데 HTS로거래가 되지 않아 큰 불편을 겪었다”고 말했다. 박 실장은 “신속한 대응으로 포지션 청산에 최선을 다하고 있지만 혹시 손해를입은 투자자들에게는 적극적으로 보상할 방침”이라고 말했다.  CME는 이날 하나금융투자에 60일 거래 중지를 통보하며 ‘고객정보 제공 요청에 대한 불성실한 대응’을 제재 원인으로 꼽은 것으로 전해졌다. 하나금융투자 관계자는 “국내법상 정보 제공을 위해서는 고객의 동의가 필요하다”며 “정보 제공에 동의하지 않은 고객에 대한 정보를 주지 않은 것을 CME가 문제 삼은 것으로 보인다”고 말했다. 이 관계자는 “문제를 해결하기 위해 CME 측과 이른 시간 내에 협의에 나설 것”이라고 덧붙였다.  임근호 기자 eigen@hankyung.com     기업의 환율관리 필수 아이템! 실시간 환율/금융서비스 한경Money [ 무료 주식 카톡방 ] 국내 최초, 카톡방 신청자수 38만명 돌파 < 업계 최대 카톡방 > --> 카톡방 입장하기!!     관련기사 ""정말 이례적인 일"" 망연자실한 신혼부부들 왜? 시카고상품거래소, 하나금융투자에 '60일 거래중지' 통보 돈방석 앉은 연예인들…1인 방송 BJ 수입 어떻길래 하나금융투자, 시카고상품거래소 거래중지 통보에 '비상' ""셈하기도 어렵다"" 방탄소년단 경제적 가치가 무려    ⓒ 한국경제 & hankyung.com, 무단전재 및 재배포 금지"
287,3,"2018-05-22","23:19:55","5월 리치먼드연은 제조업지수 16…월가 예상 상회(상보)","*그림1*        (뉴욕=연합인포맥스) 이종혁 특파원 = 5월 리치먼드 지역의 제조업 활동이 급등  했다.      22일 리치먼드 연방준비은행은 5월 제조업지수가 전월의 마이너스(-) 3에서 16으  로 올랐다고 발표했다. 전월은 2015년 9월 이후 처음으로 마이너스를 보였다.      지수는 제로(0)를 기준으로 확장과 위축을 가늠한다.      5월 출하지수는 전월의 -8에서 15로 상승했다.      5월 신규 수주지수는 전월의 -9에서 16으로 높아졌다.      5월 고용 지수는 12에서 18로 올랐다.      5월 수주 잔량 지수는 -4에서 7로 올랐다.      리치먼드 연은은 제조업체들이 계속 자본 지출을 늘렸으며 지불 가격지수가 계속  오르지만, 기업은 소비자에게 상승폭을 전가할 수 있는 것처럼 보인다고  설명했다.      리치먼드 연은의 담당 지역은 메릴랜드, 노스캐롤라이나, 사우스캐롤라이나, 버  지니아, 워싱턴DC를 포함한다.      liberte@yna.co.kr  (끝)  <저작권자(C)연합인포맥스뉴스. 무단 전재-재배포 금지.>"
287,4,"2018-05-22","23:19:55","5월 리치먼드연은 제조업지수 16…월가 예상 상회(상보)","5월 리치먼드연은 제조업지수 16…월가 예상 상회(상보)       *그림1*        (뉴욕=연합인포맥스) 이종혁 특파원 = 5월 리치먼드 지역의 제조업 활동이 급등했다.      22일 리치먼드 연방준비은행은 5월 제조업지수가 전월의 마이너스(-) 3에서 16으로 올랐다고 발표했다. 전월은 2015년 9월 이후 처음으로 마이너스를 보였다.      지수는 제로(0)를 기준으로 확장과 위축을 가늠한다.      5월 출하지수는 전월의 -8에서 15로 상승했다.      5월 신규 수주지수는 전월의 -9에서 16으로 높아졌다.      5월 고용 지수는 12에서 18로 올랐다.      5월 수주 잔량 지수는 -4에서 7로 올랐다.      리치먼드 연은은 제조업체들이 계속 자본 지출을 늘렸으며 지불 가격지수가 계속 오르지만, 기업은 소비자에게 상승폭을 전가할 수 있는  것처럼 보인다고 설명했다.      리치먼드 연은의 담당 지역은 메릴랜드, 노스캐롤라이나, 사우스캐롤라이나, 버지니아, 워싱턴DC를 포함한다.      liberte@yna.co.kr  (끝)"
287,5,"2018-05-22","23:15:24","[선택 6.13] 이필운 안양시장 후보 공약카드 SNS ‘후끈’","이필운 안양시장 후보 공약카드. 사진제공=이필운 후보 캠프    이필운 안양시장 후보 공약카드.    이필운 안양시장 후보 공약카드.   이필운 안양시장 후보 공약카드.    이필운안양시장 후보 공약카드.   이필운 안양시장 후보 공약카드.   이필운 안양시장 후보 공약카드.   [안양=강근주 기자] 이필운 안양시장 후보(자유한국당)의 공약카드가 뜨거운 호응을 얻으며 SNS(사회관계망서비스)에서 빠른속도로 확산되고 있다.  네티즌은 공약카드에 대해 “재미있어 좋다”, “딱딱하거나 고루하지 않고 젊은 느낌이다”, “공약 내용이 쉽게 다가온다” 등 대체로 신선하다는 반응을 드러내고 있다.  이필운 후보는 개인 블로그나 페이스북 등 다양한 SNS에 공약카드를 올려놓고 있다. 디지털 시대, 4차 산업혁명 시대에 걸맞은 선거운동이란 평가가 흘러나온다.   이필운 후보 캠프 관계자는 22일 “공약카드 반응이 좋아 더욱 적극적으로 전파하려 한다”며 “이필운 후보는 정치용어와 거짓만 난무하는 구시대적 선거에서 벗어나 시민과 함께하는 편안하고, 깨끗한 선거를 소구하기 있다“고 말했다.   공약카드는 말 그대로 이필운 후보의 공약을 한 장 한 장 누구나 이해하기 쉽게 카드 형태로 정리돼 있다.   스무장이 넘는 공약카드에는 모두 이필운 후보가 등장하는데, 공약과 연관해 후보의 다양한 캐리커쳐를 감상하는 재미도 쏠쏠하다. kkjoo0912@fnnews.com 강근주 기자  ▶'모멘텀 집중' 저가에서 매집해둬야 할 상반기 유망주 3선 (지금 확인)   [파이낸셜뉴스 주요뉴스]  → '공천갈등 진화' 나선 바른미래 지도부..살얼음판 여전 → 靑, 드루킹-'親文' 송인배 연루설에 '당혹'‥적극 해명 → 일주일 사이에 로또 1등 2번 당첨된 40대 남성 → 초등생 고속도 휴게소 방치 혐의 교사 벌금 800만원 → 심부전 위험 줄이려면, 일주일간 150분 운동하라  ▶ <긴급공개> 억대계좌 이종목에서 또 터진다!    ※ 저작권자 ⓒ 파이낸셜뉴스. 무단 전재-재배포 금지 "
287,6,"2018-05-22","23:15:06","5월 22일 주요 종목에 대한 IB 투자의견","▲ Raytheon(RTN): Credit Suisse는 군수 섹터의 상승여력이 제한적이라고 보고, 항공/군수 섹터에서는 군수보다 민간항공 기업들을 선호한다고 밝혔다. 이에 따라 동사에 대한 투자의견을 outperform에서 중립으로, 목표주가를 250달러에서 219달러로 하향 조정했다.  ▲ Anheuser-Busch InBev(BUD): RBC Capital은 최근 동사 주가가 underperform했지만 배당 리스크는 제한적이라고 언급하면서, 투자의견을 sectorperform으로 상향 조정했다.  ▲ Adobe Systems(ADBE): Stifel은 Magento Commerce 인수 발표와 자사주 매입 확대 발표를 긍정적으로 평가했다. 투자의견 매수, 목표주가 250달러를 유지했다.  ▲ Ferrari(RACE): Morgan Stanley는 전기차 포트폴리오 확충을 위해 수익성이 타격을 받고 있다고 분석했다. 투자의견 비중축소를 유지하면서 목표주가를 105달러에서 110달러로 상향 조정했다.  ▲ Macy's(M): Susquehanna는 동사 영업 모멘텀이 개선되면서 방문객 유인과 동일매장매출 성장이 나타나고 있다고 분석했으며, 이것이향후 2~3년간 주가배수 리레이팅으로 나타날 것으로 전망했다. 투자의견을 중립적에서 긍정적 전망으로, 목표주가를 25달러에서 43달러로 상  향 조정했다.  ▲ General Electric(GE): J.P. Morgan은 운송 사업부와 Wabtec(WAB)의 M&A가 성공적으로 이루어진다고 하더라도, 동사의 현금흐름이 매우 제한적이기 때문에 약 320억 달러의 자본을 확보해야 할 필요가 있다고 지적했다. 투자의견 비중축소, 목표주가 11달러를 유지했다.  ▲ Apple(AAPL): Macquarie는 서비스 사업이 전년 동기 대비 31% 성장하는 모습을 보이면서 '12년 이후 가장 빠른 성장세가 나타나고 있다고 언급했으며, 모바일 게임과 Apple Care, Google 검색엔진 라이선싱 등이 이를 견인하고 있다고 분석했다. 투자의견 outperform, 목표주가 197달러를 유지했다.  ▲ Finisar(FNSR): MKM Partners는 동사 사업이 저조한 모습을 이어가면서, 다음 실적 발표에서도 투자자들을 실망시키는 수준의 저조한 실적이 발표될 것으로 예상했다. 평균판매단가 하락과 이익률 악화 등을 근거로 제시했다. 하지만 저점 이후에는 반등할 수 있을 것으로 보고, 매수 의견을 유지했다. 목표주가는 22달러로 유지했다.  ▲ GrubHub(GRUB): Mizuho는 제휴 확대에 따른 수익성 개선과 전국적 점유율 확대에 따른 경쟁력 확보를 긍정적으로 평가했다. 투자의견 매수  를 유지하면서 목표주가를 105달러에서 115달러로 상향 조정했다."
287,7,"2018-05-22","23:10:34","김기수, 팬 가장한 안티 향해 쓴소리","[헤럴드경제=이슈섹션] 방송인 김기수가 팬을 가장한 안티에게 따끔한 일침을 날렸다.  김기수는 22일 오후 자신의 인스타그램에 “이러려고 우당탕 뛰어오시면서 사진 찍어 달라하셨어요?”라는 글에 한 장의 사진을 첨부했다.   김기수. [사진=OSEN]  김기수가 올린 사진 속에서는 팬인 줄 알고 찍었던 사람이 자신의 인스타그램에 사진을 게재한 후 댓글을 통해 김기수를 향한 인신공격성 표현을 했다.   글에서 김기수는 “참 이쁘신 분이셔서 맘도 이쁘시겠다했는데. 사진 찍을 때손모양도 이쁘게 하시고, 예쁘게 사진 찍고, 감사하다고 세 번 말씀하시고 90도 인사하고 가시던 예의바르고 이쁜 뒷모습이 생각나네요. 그거 아세요. 저 트라우마 덕분에 생겼네요. 사진 찍어 달라고 하시는 분들 의심병 생기겠어요. 사진도 함부로 못 찍겠어요. 일단 회사측에 캡쳐넘겼으니 여기 찾아오지 마세요”라고 했다.  onlinenews@heraldcorp.com     [프리미엄 링크] ◆ [평생무료] ""주식카톡방"" 대박주를 추천받는데 100원도 안낸다~ ◆ 무료O, 회원가입X. 바로보는 증권전문가의 실시간 라이브방송.  10%수익을 40%로 만들어 준다고?? 영웅스탁론이라면 가능~! [영웅스탁론]효과적인 레버리지를 이용하여 수익률을 4배로!!    이 종목 미리 알았더라면.. 화제의 급등주검색기 실전투자 300%비법 무료체험 3일신청시 [즉시공개!]    김태희, 로또 대박?! 20억 당첨금 공개..    테마주!외국인+기관 쌍끌이 매집중인 종목 전문가들도 탐내는 급등주 공식 무료배포! [클릭]    [오늘의 인기기사] ◆ [국대스탁론]업계 최저금리 2.29%! 100%한종목 투자가능+신용/ 미수 대환가능 ◆ [국민스탁론]저렴한 연2.7% 금리로 최대 4배 투자 가능 ◆ [마감임박] '급등주 문자메시지' 100% 무료로 받아보기! ◆ [상한가속출] ""깜짝놀랐다"" 카톡무료체험으로 3000만원 수익달성!  ◆[밴드스탁론] 연 2%대 금리, 신용 미수 대환 가능, 주식자금 전문 ☏ 1899-9044 ◆똑똑해진 소비자..한국도 이젠 소형차 시대 ◆2020년 한국 TV 2대중 1대 인터넷 연결된다"
288,1,"2018-05-22","22:44:35","美 오바마 부부, 책 발간 대신 넷플릭스로","버락 오바마 전 미국 대통령과 그의 아내 미셸 여사가 넷플릭스와 계약해 직접 컨텐츠를 제작한다.  파이낸셜타임스(FT)는 넷플릭스가 오바마 부부와의 계약 체결 사실을 21일(현지시간) 발표했다고 보도했다. 오바마 부부는 넷플릭스와 다년 계약을 맺었다. 오바마 부부는 앞서콘텐츠 제작사인 ‘하이어 그라운드 프로덕션’을 설립했다.  통신에 따르면 ‘오바마표 TV쇼’는 도널드 트럼프 대통령 비판 등의 정치색 짙은 내용이 아닌, 대통령 재임 시절 주력했던 사회적 이슈들을 다루는 내용일 가능성이 높다. 콘텐츠는 다큐멘터리 등 교양 색채가 짙을 것으로 알려졌다. 방영 시점은 2019년 이후로 예상된다.  오바마의 넷플릭스행은 퇴임 뒤 주로 강연이나 저서 집필 활동을 해온 다른 전직 대통령들과 비교하면 독특한 행보이다.  오바마 전 대통령은 이날 성명을 내고 “우리는 사람들의 동정심과 이해심을 증진시킬 수 있는 창조적이고 유능한 사람들의 목소리에 힘을 실어주고 싶다”면서 “그들의 이야기를 전 세계에 알리는데 도울 것”이라고 밝혔다.  일각에서는 오바마 전 대통령이 넷플릭스를 통해 도널드 트럼프 미국 대통령에게 쓴소리를 할 것이라는 관측이 나오고 있다. 다만 오바마 전 대통령은 트럼프 대통령을 비판하는 콘텐츠와는 선을 그은 바 있다고 FT는 전했다. /변재현기자 humbleness@sedaily.com    ▶▶ 2018년 정부 정책 수혜주 TOP 10 大공개! (바로 확인)  ▶▶ 재료노출 임박한 상위1%의 극비정보 30명한정 공개(무료)    [ⓒ 서울경제, 무단 전재 및 재배포 금지]"
288,2,"2018-05-22","22:43:34","'핵실험장 南취재진' 직항방북 시도 가능성…""아직 시간 남아""(종합2보)","'핵실험장 南취재진' 직항방북 시도 가능성…""아직 시간 남아""(종합2보)  남북당국 간 취재진 방북 두고 의견 접근 이뤄졌을 수도   통일부 ""내일 판문점 통해 명단 다시 전달…北수용시 직항로로 원산 이동 가능""    (서울=연합뉴스) 이정진 정빛나 기자 = 풍계리 핵실험장 폐기 행사 취재를 위한 남측 기자단이 직항을 통해 원산으로 방북할 가능성이 제기되고 있다.  통일부는 22일 밤 기자들에 배포한 공지를 통해 ""북측이 밝힌 풍계리 핵실험장 폐기 행사 일정에는 아직 시간이 남아있는 만큼 내일 아침 판문점을 통해 우리측 취재단 명단을 다시 전달할 예정""이라고 밝혔다.  통일부는 이어 ""북측이 수용한다면 지난 평창올림픽 전례에 따라 남북 직항로를 이용하여 원산으로 이동할 수 있을 것""이라고 덧붙였다. 남측 스키선수 등 우리 대표단 45명은 지난 1월 31일 남북 스키선수 공동훈련을 위해 전세기를 이용, 양양공항을 출발해 원산 갈마공항으로 향한 바 있다.  통일부 당국자는 이와 관련, ""아직 시간이 있으니까 마지막까지 최선을 다한다는 취지""라고 말했다.  그러나 통일부가 밤늦게 이런 공지를 한 점에 미뤄 남북 간에 원산 이동에 대해 상당한 의견 접근이 이뤄졌을 가능성이 작지 않아 보인다.  앞서 북한 노동신문 베이징 특파원인 원종혁 기자는 이날 베이징 서우두 공항에서 취재진과 만나 개인 의견임을 전제로 ""제가 보기에는희망을 품고 내일까지 기다려 보면 좋은 소식이 있지 않을까 생각한다""고 말하기도 했다.  일각에서는 우리 시간으로 23일 새벽에 열리는 한미정상회담 결과를 보고 북한이 남측 취재진의 방북 여부를 최종적으로 결정할 가능성도 제기하고 있다.  북한이 직항로를 통한 방북을 수용한다면 우리 취재진은 이르면 23일, 늦어도 24일에는 방북할 것으로 예상된다.  정부는 이날도 판문점 채널을 통해 남측 언론인 명단을 북측에 전달하려 했지만, 북한은 이를 접수하지 않았다.  이에 따라 남측을 제외한 미국과 영국, 러시아, 중국 등 4개국 외신기자단만 핵실험장 폐기행사 취재를 위해 이날 오전 베이징에서 고려항공 전세기를 통해 원산으로 떠났다.  정부는 오전까지만 해도 남측 취재진의 방북은 무산된 것으로 판단하고 유감을 표명하기도 했다.  정부는 조명균 통일부 장관 명의의 입장문에서 ""풍계리 핵실험장 폐기행사에 우리측 기자단을 초청하였음에도 불구하고, 북측의 후속조치가 없어 기자단의 방북이 이루어지지 못한 데 대해 안타깝고 유감스럽게 생각한다""고 밝혔다.  북한은 지난 12일 외무성 공보를 통해 23~25일 풍계리 핵실험장 폐기 의식을 진행한다며 남측과 미국, 영국, 중국, 러시아 언론에 취재를 허용할 용의가 있다고 밝힌 바 있다.  transil@yna.co.kr   (끝)    <긴급속보 SMS 신청> <포토 매거진> < M-SPORTS >   <저작권자(c) 연합뉴스, 무단 전재-재배포 금지>"
288,3,"2018-05-22","22:41:11","강원랜드 수사단 '셀프 고발장' 논란","강원랜드 채용비리 관련 수사단(단장 양부남 광주지검장)이 시민단체가 낸 고발장을 대신 써줬다는 논란에 휩싸였다. 수사단은 “고발장에 기재된 내용에 의해 수사 대상이 결정되는 것은 아니다”라고 해명했지만 위법행위로 드러날 경우 수사단이 역으로 수사 대상이 될 수 있다는지적이다.  22일 법조계에 따르면 지난 2월 시민단체 서민민생대책위원회의 김순환 사무총장이 경찰에 제출한 강원랜드 채용비리 의혹사건 고발장은 수사단에 소속된 소속관이 대필했다. 당초 김 사무총장은 권성동·염동열 자유한국당 의원과 최종원 전 춘천지검장 등 3명만경찰에 고발했으나 수사단은 그것만으로는 안미현 검사의 폭로 내용을 다 담을 수 없다고 판단했다는 것이다.  수사단은 김 사무총장을 고발인 자격으로 불러 조사하는 과정에서 그가 언론 보도를 일부만 접했음을 의식하고 추가 고발장 제출의 필요성을 제기했다. 김 사무총장은 이에 “집에 가서 추가 고발장을 쓰겠다”고 답했으나 수사단은 “오신 김에 여기서 대신 써주겠다”며 그를 붙잡았다. 이후 수사 검사가기사 출력물을 가져와 “고발하고 싶은 내용이 맞느냐”며 김 사무총장에게 하나하나 묻고 확인하기 시작했다. 그 결과 김수남 전 검찰총장과 이영주 춘천지검장 등 피고발인 4명이 추가된 A4용지 3장 분량의 추가 고발장이 수사단에 의해 대신 작성됐다.   수사단은 이에 대해“고발인에게 편의를 제공하기 위해서 수사관이 타이핑을 해줬을 뿐”이라고 해명했다. 수사단의 한 관계자는 “고발인이 확인한 진술 조서내용에 따라 추가 고발장이 작성됐고 서명 날인까지 했다”며 “강원랜드 채용비리 외압 수사는 시민단체 고발인의 주장이나 진술에 의해 진행된 수사가 아니다”라고 강조했다.  법조계에서는 그러나 이번 고발장 대필 사건이 곧장 위법 논란으로 번질 가능성이 높다고 보고있다. 검찰이 직접 고발장을 작성해 사건의 수사 범위를 ‘셀프’로 확대한 것은 문제시할 수밖에 없다는 지적이다. 이에 따라 대검찰청 차원의 감찰·징계는 물론 수사단에 대한 역수사 가능성도 제기된다. 또 외압 논란으로 궁지에 몰렸던 문무일 검찰총장의 수사지휘 행위도 적절했다는 평가에 힘이 실릴 것으로 보인다.  한 사정기관 관계자는 “통상 고발인을 조사하다가 추가 사실이 나오면 서류로 남길 뿐인데 이번 사건은 수사단이 아예 고발장을 대신 써줬다는 점에서 상황이 심각해 보인다”고 말했다.  /윤경환·안현덕기자 ykh22@sedaily.com    ▶▶ 2018년 정부 정책 수혜주 TOP 10 大공개! (바로 확인)  ▶▶ 재료노출 임박한 상위1%의 극비정보 30명한정 공개(무료)    [ⓒ 서울경제, 무단 전재 및 재배포 금지]"
288,4,"2018-05-22","22:39:38","통일부 ""우리측 취재진 명단 내일 다시 북에 전달 예정""","[뉴스토마토 박주용 기자] 정부는 북한 풍계리 핵실험장 폐기 취재와 관련해 23일 판문점 채널을 통해 북측에 우리 측 취재진 명단을 다시 전달할 예정이라고 밝혔다.     통일부 당국자는 22일 “북측이 밝힌 풍계리 핵실험장 폐기 행사 일정에는 아직 시간이 남아있는 만큼 내일 아침 판문점을 통해 우리 측 취재단 명단을 다시 전달할 예정”이라고 전했다. 그러면서 “북측이 수용한다면 지난 평창올림픽 전례에 따라남북 직항로를 이용하여 원산으로 이동할 수 있을 것”이라고 덧붙였다.     앞서 북측은 이날까지 우리 측 취재단 명단 접수를 거부했으며 우리 측 취재진을 제외한 미국, 영국, 중국, 러시아 취재진은 이날 오후 원산에 도착했다. 이들은 23일에서 25일 중 진행 예정인 풍계리 핵실험장 폐기 현장을 취재할 예정이다.        풍계리 핵시설 폐쇄 공동취재단이 21일 중국 베이징 서우두 공항에 도착한 모습. 사진/뉴시스     박주용 기자 rukaoa@etomato.com [관련기사] · 북한, 남북고위급회담 29일 판문점 개최 동의 · ""예술단 평양공연, 대중음악 중심""…남북, 20일 판문점서 실무접촉  [박주용 기자의 다른 뉴스] · 6월 재보선 최대승부처도 '수도권·부울경' · 여야 ""5·18 광주민주화운동 영령 추모"" 한 목소리 [이 시각 주요뉴스] · (단독)SK해운·에너지, '세금회피 혐의' 재판 중 · 우리은행, 외국인 위한 '평택외국인일요송금센터' 개점  -경제전문 멀티미디어 뉴스통신 뉴스토마토 저작권자(c)뉴스토마토통신. 무단전재-재배포 금지-"
288,5,"2018-05-22","22:39:02","인공지능으로 닭 키우는 스마트 양계장 나온다","[ 좌동욱 기자 ] 닭의 상태를 실시간으로 감지·분석해 축사의 온도와 습도를 자동 제어하고 방역까지 관리하는 ‘인공지능 스마트팜 기술’이 개발된다.  LG이노텍은 22일 농촌진흥청 국립축산과학원과 함께 양계 환경을 무인화하는 ‘인공지능 스마트팜 기술’ 개발에 나선다고 발표했다. 양계산업 경쟁력을 높이고 농가 복지를 증진하기 위해서는 효율적이고 전문화된 사육 시스템이필요하다는 판단에서다.  LG이노텍과 국립축산과학원은 양계 생산성을 높이는 무인 관리를 목표로 인공지능 스마트팜 기술을 개발한다. 가금류 빅데이터를 활용한 딥러닝 기술과 카메라 센싱 기술 등을 융·복합해 추진한다. 이 스마트팜 기술이 개발되면 카메라와각종 센서가 수만 마리 닭의 상태와 날씨 등 환경 변화를 자동 분석하고, 인공지능 기술로 양계장 온도와 습도를 자동 제어할 수 있게 된다. 닭의 발육 상태를 분석해 출하 시점을 예측할 수도 있다.  이를 위해 국립축산과학원은 식별 기준이 되는 닭의 성장 단계별 행동분석 연구 및 관련 표준 개발을 담당한다. LG이노텍은 카메라 및 온·습도 센서 등으로 이뤄진 계측 시스템과 축산과학원이 제공한 표준화 정보를 바탕으로 질병이 의심되는 증상을 식별하는 딥러닝 알고리즘을 개발한다.  좌동욱 기자 leftking@hankyung.com     기업의 환율관리 필수 아이템! 실시간 환율/금융서비스 한경Money [ 무료 주식 카톡방 ] 국내 최초, 카톡방 신청자수 38만명 돌파 < 업계 최대 카톡방 > --> 카톡방 입장하기!!     관련기사 울산 '스마트팜혁신밸리 사업' 접수 ""정말 이례적인 일"" 망연자실한 신혼부부들 왜? 돈방석 앉은 연예인들…1인 방송 BJ 수입 어떻길래 스마트팜 면적 2배로 '껑충'…7월 혁신밸리 2곳 선정 ""셈하기도 어렵다"" 방탄소년단 경제적 가치가 무려    ⓒ 한국경제 & hankyung.com, 무단전재 및 재배포 금지"
288,6,"2018-05-22","22:38:10","脫석탄·脫원전에 일감 뚝… 두산重, 해상풍력에서 '길'을 찾다","子회사 실적 호조에 이익 늘었지만    본업인 플랜트 수주는 급감   정부, 신재생공급 인센티브 상향   해상풍력 매년 1GW 이상 발주     제주 탐라해상풍력단지 조성 등   두산重, 국내 유일 사업실적 보유  美서 ESS도 잇따라 수주 '자신감'      [ 김보형 기자 ]  정부의 탈(脫)석탄·탈원전 정책으로 발전사업 일감이 줄면서 어려움을 겪고 있는 두산중공업이 신재생에너지 사업에서 돌파구를 찾고 있다. 초점은 해상풍력발전에 맞췄다. 국내 기업 중 유일하게 건설 경험이 있어 수주 가능성이 높다는 판단이다. 정부가 풍력발전에 대한 인센티브를 확대하기로 결정하면서 수익성 개선 기대감도 높아졌다.  ◆해상풍력 사업성 높아져  두산중공업의 지난 1분기 연결기준 매출(3조5737억원)과 영업이익(3053억원)은 작년보다 각각 9.2%, 31.7% 증가했다. 시장 예상치를 웃도는 실적이었다. 하지만 회사 임직원의 표정은 밝지 못했다. 자회사 두산인프라코어가 중국의 굴착기 판매 호조로 사상 최대 실적을 내면서 두산중공업(모회사) 실적을 끌어올렸기 때문이다. 두산중공업의 본업인 발전 플랜트는 수주 부진 여파로 1분기 매출(1조2650억원)과 영업이익(543억원)이오히려 지난해 같은 기간보다 각각 7.8%, 21.8% 줄었다.  두산중공업은 반전의 기회를 해상풍력발전에서 모색할 방침이다. 정부 정책도 우호적으로 바뀌고 있다. 22일 업계에 따르면 정부는 신재생에너지 발전 비중을 확대하기 위해 해상풍력발전의 신재생공급인증서(REC) 가중치를 기존 1.5~2에서 2~3.5로 높이기로 했다.  국내 21개 석탄·원자력발전 사업자들은 의무적으로 태양광과 풍력 등 신재생 발전으로 일정량의 전력을 생산해야 한다. REC는 의무공급량을 좌우하는 핵심 요소다. 예컨대 REC 가중치가 2인 풍력 발전소가 2㎿h의 전력을 생산했다면 4㎿h의 신재생 발전을 한 것으로 인정해준다. 의무공급량을 초과한 전력은 다른 발전소에 팔아 수익을 낼 수도 있다. REC 가중치가 높은 신재생발전일수록 사업성이 좋아지는 구조다.  정부는 2030년까지 전체 전력량의 20%를 신재생에너지로 공급하기 위해 12GW 규모의 해상풍력 발전소를 건설한다는 목표다. 현재 운영 중인 해상풍력 발전소는 0.038GW에 불과하다. 매년 1GW 이상의 풍력발전기가 발주될 것으로 업계가 기대하는 이유다. 해상풍력발전은 육상풍력발전의 단점으로 꼽히는 소음 민원 문제에서도 자유롭다. 민가에서 멀리 떨어진 데다 바닷바람과 파도 소리가 발전기 돌아가는 소리를 잡아주기 때문이다.  두산중공업은 국내 기업 가운데 유일하게 해상풍력발전 사업 실적을 보유하고 있다. 이 회사는 작년 11월 제주 현경면 인근 해역에 30㎿ 규모의 국내 최대 풍력단지인 ‘탐라해상 풍력발전단지’를 준공했다. 여기에 자체 개발한 3㎿급 풍력발전기 10기를 설치해 8만5000㎿h의 전력을 생산한다. 2만4000여 가구가 1년간 사용할 수 있는 규모다. 작년 5월엔 현대일렉트릭으로부터 5.5㎿ 해상풍력발전 기술까지 인수해 경쟁력을 한층 끌어올렸다.  ◆ESS 수주도잇달아  두산중공업은 해상풍력발전 확대가 또 다른 사업부문인 에너지저장장치(ESS)의 수주 증가로 이어질 것으로 기대하고 있다. 날씨 문제로 출력이 일정하지 않은 풍력과 태양광 같은 신재생에너지는 ESS를 통한 안정적인 전력 공급이 필수다.  두산중공업은 2016년 미국의 ESS 소프트웨어 원천기술 보유업체인 원에너지시스템즈를 인수해 두산그리드텍을 세웠다. 지난 13일 SK그룹의 발전 계열사인 SK E&S와 ‘전력수요 관리용 ESS’ 설비 공급계약도 맺었다. 지난달엔 미국 미시간주 칼라마주 변전소에 들어갈 ESS사업을 따내는 등 국내외에서 잇달아 수주 실적을 올리고 있다. 에너지시장 분석업체인 블룸버그뉴에너지파이낸스(BNEF)에 따르면 글로벌 ESS 시장 규모는 2019년 39억달러에서 2024년 82억달러로 두 배 이상 급성장할 전망이다. 박지원 두산중공업 회장은 “신성장동력인 해상풍력발전과 ESS 수주를 늘려 올해 매출 6조600억원과 영업이익 3030억원을 달성하겠다”고 말했다.  김보형 기자 kph21c@hankyung.com     기업의 환율관리 필수 아이템! 실시간 환율/금융서비스 한경Money [ 무료 주식 카톡방 ] 국내 최초, 카톡방 신청자수 38만명 돌파 < 업계 최대 카톡방 > --> 카톡방 입장하기!!     관련기사 두산중공업 ""정말 이례적인 일"" 망연자실한 신혼부부들 왜? 돈방석 앉은 연예인들…1인 방송 BJ 수입 어떻길래 ""셈하기도 어렵다"" 방탄소년단 경제적 가치가 무려 두산重, ESS 사업 잇단 수주    ⓒ 한국경제& hankyung.com, 무단전재 및 재배포 금지"
288,7,"2018-05-22","22:36:00","[산업 포커스] 모바일용 D램 1분기 매출 최대","시장조사업체 D램익스체인지에 따르면 올 1분기 세계 모바일용 D램 시장 매출은 84억3500만달러로 사상 최대치를 기록했다. 삼성전자와 SK하이닉스가 각각 47억6600만달러(56.5%)와 21억2200만달러(25.2%)로 ‘투톱 체제’를 유지했다. 스마트폰 제조회사의 주문이 늘어나고 있어 D램 매출은 당분간 증가세를 유지할 것으로 전망됐다.     기업의 환율관리 필수 아이템! 실시간 환율/금융서비스 한경Money [ 무료 주식 카톡방 ] 국내 최초, 카톡방 신청자수 38만명 돌파 < 업계 최대 카톡방 > --> 카톡방 입장하기!!     관련기사 ""정말 이례적인 일"" 망연자실한 신혼부부들 왜? 흔하디 흔한 질소가 없어서 반도체 생산 못한다고? 돈방석 앉은 연예인들…1인 방송 BJ 수입 어떻길래 “너는 우주로 가라”…SK하이닉스 광고, SNS에서 ‘대박’ ""셈하기도 어렵다"" 방탄소년단 경제적 가치가 무려    ⓒ 한국경제 & hankyung.com, 무단전재 및 재배포 금지"
289,1,"2018-05-22","22:09:30","佛 법원, 마크롱 장관시절 특혜의혹 관련 현직 장관 소환조사","佛 법원, 마크롱 장관시절 특혜의혹 관련 현직 장관 소환조사   페니코 노동장관 예심재판부 출석해 참고인 조사받아   마크롱이 장관 시절 정부산하기관이 佛 홍보대행사에 수의계약 몰아준 의혹     (파리=연합뉴스) 김용래 특파원 = 에마뉘엘 마크롱 프랑스 대통령이 경제장관 재임 당시 정부산하기관이 기업에 특혜를 제공했다는 의혹과 관련, 프랑스 사법당국이 현직 장관을 소환 조사했다.  아직 당국이 마크롱 대통령을 정조준한 것은 아니지만, 수사 방향에 따라 마크롱 정부의 국정 추진에 악영향을 줄 수도 있는 사안으로 보인다.  22일(현지시간) 르몽드에 따르면, 예심 재판부는 이날 뮈리엘 페니코 노동장관을 참고인으로 불러 2016년 미국 라스베이거스 가전박람회(CES)의 프랑스 홍보대행사 아바스(Havas)에 대한 특혜의혹에 대해 조사했다.  검찰은 프랑스 정부 산하의 투자진흥기관인 '비즈니스 프랑스'가 2016년 CES의 행사를 경쟁입찰 없이 아바스에 수의계약으로 몰아준 의혹을 조사해왔다.  의혹이 제기된 시점의 재정경제부 장관은 바로 마크롱 대통령이었다. 라스베이거스에서 아바스가 주관한 프랑스 정부의 행사 '프렌치 테크'에는 마크롱 대통령이 당시 직접 참석해 기조강연을 했었다.  당시 비즈니스 프랑스의 대표가 바로 이날 소환된 페니코 노동장관이다.  행사는 최고급 호텔에서 500여 명이 참석한 가운데 열렸으며 38만 유로(4억원 상당)의 비용이 든 것으로 파악됐다.    폭로전문 주간지 르 카나르 앙셰네의 보도로 의혹이 처음 제기된 이후 검찰은 아바스가 사업을 따낸 것이 부정청탁에 따른 특혜 제공일가능성이 있다고 보고 지난 작년 3월부터 내사를 벌여왔다.  작년 6월에는 검찰이 아바스와 비즈니스 프랑스의 사무실을 압수수색을 했고 법원은 작년 7월 이 사건에 대한 예심 결정을 내렸다.  페니코 장관은 ""절차적인 실수였을 뿐""이라고 주장하고 있다.  프랑스 정부도 마크롱의 장관 사임 후 전 정권에서 이 사건에 대해 재조사를 진행했지만, 장관이나 정부의 잘못이 없으며 비즈니스 프랑스의 실책이라고 결론 내렸다.  그러나 프랑스 정부는 사태를 예의 주시하고 있다.  페니코 장관이 마크롱 대통령의 중점 과제인 노동구조 개편을 주도하는 핵심 각료인 데다가 관련 보도가 나올 때마다 빠짐없이 대통령이거론되고 있기 때문이다.  르몽드는 이런 의미에서 ""이 사건은 두 가지 측면에서 정치적으로 민감한 문제""라고 평가했다.  yonglae@yna.co.kr    (끝)    <긴급속보 SMS 신청> <포토 매거진> < M-SPORTS >   <저작권자(c) 연합뉴스, 무단 전재-재배포 금지>"
289,2,"2018-05-22","22:08:24","Target(TGT), FY 1분기 호실적 기대, 여러 성장동력에도 주목","Bank of America는 ""Target의 FY 1분기 실적은 우수했을 것으로 기대되며, 다수의 성장동력을 확보하고 있는 점에 주목해야 한다""고 발언했다.   ""FY 1분기에는 부활절 연휴가 평년보다 짧았고, 기온이 평년보다 낮게 나타나는 등의 악재가 있었다. 하지만 그럼에도 불구하고, Target FY 1분기 실적 발표에서는 매출 성장 모멘텀이 견고하게 유지되고 있는 모습을 확인할 수 있을 전망이다""고 언급했다.   ""또한 FY19 성장동력을 견인할 수 있는 정책들이 성과를 거두고 있는 것으로 보인다""고 전했다.  동사는 ""밀레니얼 세대와 베이비 부머 세대의 소비 성향, Target 실적과 상당한 상관관계를 보이는 주택 시장 사이클, 경쟁사 매장 폐쇄에 따른 점유율 확대, 옴니채널 전략, 인플레이션 호재 등은 Target의 실적 전망에 기여하고 있다""고 강조했다.  Bank of America는 이에 따라 Target을 향후 5~10년간 할인매장 섹터 top pick으로 선정했다. 또한 투자의견 매수, 목표주가 86달러를 유지했다.   Target은 오는 5월 23일(수) 실적 발표를 진행할 예정이다."
289,3,"2018-05-22","22:06:48","통일부, 취재진 명단 23일 재전달...北수용시 직항으로 원산行","/사진=연합뉴스 통일부는 22일 풍계리 핵실험장 폐기 행사취재를 위한 남측 언론인 명단을 23일 북측에 다시 전달을 시도할 예정이라고 밝혔다. 통일부는 ""북측이 밝힌 풍계리 핵실험장 폐기 행사 일정에는 아직 시간이 남아있는 만큼 내일 아침 판문점을 통해 우리측 취재단 명단을 다시 전달할 예정""이라고 설명했다.  이어 ""북측이 수용한다면 지난 평창올림픽 전례에 따라 남북 직항로를 이용하여 원산으로 이동할 수 있을 것""이라고 덧붙였다. 정부는 이날도 판문점 채널을 통해 남측 언론인 명단을 북측에 전달하려 했지만 북한은 이를 접수하지 않았다. 이에 따라 남측을 제외한 미국과 영국, 러시아, 중국 등 4개국 외신기자단만 핵실험장 폐기행사 취재를 위해 이날 오전 베이징에서 고려항공 전세기를 통해원산으로 떠났다.  ggg@fnnews.com 강구귀 기자  ▶'모멘텀 집중' 저가에서 매집해둬야 할 상반기 유망주 3선 (지금 확인)   [파이낸셜뉴스 주요뉴스]  → '공천갈등 진화' 나선 바른미래 지도부..살얼음판 여전 → 靑, 드루킹-'親文' 송인배 연루설에 '당혹'‥적극 해명 → 일주일 사이에 로또 1등 2번 당첨된 40대 남성 → 초등생 고속도 휴게소 방치 혐의 교사 벌금 800만원 → 심부전 위험 줄이려면, 일주일간 150분 운동하라  ▶ <긴급공개> 억대계좌 이종목에서 또 터진다!    ※ 저작권자 ⓒ 파이낸셜뉴스. 무단 전재-재배포 금지 "
289,4,"2018-05-22","22:03:56","<경제지표> 러시아 소매매출(전년대비) 2.4%↑","<경제지표> 러시아 소매매출(전년대비) 2.4%↑      [경제지표] 2018/05/22 22:03        (끝)  <저작권자(c)연합인포맥스. 무단 전재-재배포 금지.>"
289,5,"2018-05-22","22:02:08","'ICT 미래인재포럼' 23~26일 코엑스..""29개대 37개 ITRC 연구성과 공유해요""","과학기술정보통신부(장관 유영민)는 23일부터 26일까지 서울 코엑스에서 대학 정보통신기술(ICT) 인재양성사업의 성과 확산과 공유를 위해 ‘ICT 미래인재포럼 2018’을 개최한다.  ICT 미래인재포럼은 대학ICT연구센터(ITRC)와 창의ICT융합인재분야로 구성돼 주요 연구성과를 전시하고 심포지엄을 개최하는 등 3박 4일간 다채롭게 운영된다.  우선 ‘대학ICT연구센터 분야’는 대학ICT연구센터의 연구역량의 우수성을 홍보하고 ITRC 참여 학생의 산업계로의 채용·연계를 위해 연구성과물 전시와 리쿠르팅 페어가 이뤄진다. 전시관은 전국 29개 대학 총 37개 대학ICT연구센터의 연구 성과를 쉽게 이해하고 체험할 수 있도록 생활밀착형 ICT기술을 6개 분야로 그룹화해 테마 중심으로 구성했다. 6개 분야는 미래사회 산업ICT융합, 안전·보안, 스마트라이프·헬스, 스마트인프라, 스마트 콘텐츠·웨어러블, 지능형 플랫폼·서비스이다.  리쿠르팅 페어는 삼성전자, LG전자 등 대기업과 우수 중소·중견기업 등 20여사의 채용 관계자와 ITRC 참여 학생 간 만남의 장으로 꾸며진다.  ‘창의ICT융합인재 분야’는 ICT명품인재양성의 참여 학생들이 창의 융합교육의 결과물을 대중들에게 선보이고 함께 호흡하기 위한 자리로 마련된다. 포스텍-한국뉴욕주립대의 미래IT융합연구원과 연세대 글로벌융합기술원 학생들의 다학제적 융합연구와 자기 주도 연구에서 나온 성과 25건을 소개한다. 창의·융합교육 확산을 위해 대학별 창의융합 교육과 미래 기술 연구를소개하는 심포지엄도 열린다.   대통령 직속 4차산업혁명위원회 장병규 위원장이 ‘4차 산업혁명과 자기개발’을, 아마존 웹서비스 윤정원 대표가 ‘아마존의 웹서비스 기술’을 각각 발표한다.  23일 개회식에서는 ICT분야 연구센터 성과 평가에서 우수한 성과를 거둔금오공대 ICT융합특성화연구센터와 카이스트 박사과정 김현준 씨 등 7명이 과기정통부 장관상을 수상한다.  ‘ICT미래인재 포럼 2018’ 행사준비에 주도적으로 참여한 석제범 정보통신기술진흥센터장은 “ICT 청년인재들이 대학의 연구성과를 체험하고 다양한 아이디어를 공유해 4차 산업혁명을 선도할 창의·융합형 인재로 성장하는 계기가 됐으면 한다”고 힘줘 말했다. 용홍택 과기정통부 정보통신산업정책관은 “이번 포럼을 통해 청년들이 연구·교육성과를 체험하고 아이디어를 공유해 4차 산업혁명에 걸맞는 인재로 성장하기를 바란다”고 강조했다.  한편 ICT미래인재포럼 2018 행사에는 김용수 과학기술정보통신부 제2차관과 여현 대학정보통신연구센터(ITRC)협의회장, 이영임 순천향대 교수 등 다수의 ICT 전문가가 참여한다. /고광본 선임기자 kbgo@sedaily.com    ▶▶ 2018년 정부 정책 수혜주 TOP 10 大공개! (바로 확인)  ▶▶ 재료노출 임박한 상위1%의 극비정보 30명한정 공개(무료)    [ⓒ 서울경제, 무단 전재 및 재배포 금지]"
289,6,"2018-05-22","22:01:29","女心 제대로 읽은 K뷰티, 세계 화장품 '대세' 되다","""뛰어난 품질·아이디어 사자""  글로벌 자금 몰리고 창업 붐     [ 민지혜 기자 ] 스페인의 한 피부과병원 관계자들이 며칠 전 한국콜마 공장을 방문했다. 미백, 진정 등 병원 판매용 기능성 화장품 제조 의뢰를 타진하기 위해서였다. 이 병원 관계자는 “천편일률적이던 스페인 화장품시장에서 K뷰티는 신선한 아이디어 상품으로 인기를 끌고 있다”며 “제조 능력과 품질은 물론 색다른 아이디어를 갖춘 한국 화장품을 배우러 온 것”이라고 했다. K뷰티가 완제품뿐 아니라 제조기술 수출로 이어지고 있는 사례다.  K뷰티가 500조원 규모의 글로벌 화장품시장을 흔들고 있다는 평가가 나온다. 세계 1위 화장품업체 로레알그룹은 지난달 국내 화장품 브랜드 3CE를 보유한 스타일난다를 약 6000억원에 사들였다. K뷰티를 교두보로 중국 시장을 공략하기 위해서다. 지난해 유니레버는 AHC를 보유한 카버코리아를 3조원에 인수했다.  K뷰티는 중국 동남아시아에 이어 미국 유럽 중남미 시장까지본격 진출하면서 연간 수출액이 6조원에 육박한다. 최근 3년간 세 배가량 증가했다.  K뷰티 바람은 ‘창업 붐’으로 이어지면서 돈과 자금이 몰리고 있다. 매일 다섯 개 회사가 새로 생긴다. 포니, 이사배, 씬님 등 유명 뷰티 인플루언서가 등장하면서 5분 만에국내외에서 1억원어치 제품을 판매하기도 했다. 화장품 제조 인프라와 아이디어, 마케팅 능력을 갖춘 K뷰티가 세계 화장품시장의 판도를 바꾸고 있다는 분석이다.  민지혜 기자 spop@hankyung.com     기업의 환율관리 필수 아이템! 실시간 환율/금융서비스 한경Money [ 무료 주식 카톡방 ] 국내 최초, 카톡방 신청자수 38만명돌파 < 업계 최대 카톡방 > --> 카톡방 입장하기!!     관련기사 ""정말 이례적인 일"" 망연자실한 신혼부부들 왜? 돈방석 앉은 연예인들…1인 방송 BJ 수입 어떻길래 뉴욕·파리·도쿄·두바이 핫플레이스 장악… '해가 지지 않는' K뷰티 ""이젠 뷰티""… 패션·유통 업체들도 속속 진출 ""셈하기도 어렵다"" 방탄소년단 경제적 가치가 무려    ⓒ 한국경제 & hankyung.com, 무단전재 및 재배포 금지"
289,7,"2018-05-22","22:01:02","삼성의 `AI 시프트`…이재용 해외출장 두달만에 판 깔았다","◆ 삼성 글로벌 AI 네트워크 ◆     ""스마트폰이 대중화해 더 이상 고수익을 내기 어려운 시대가 되면서 삼성전자 역시 반도체에 수익의 75%를 의존하면서 위기감이 높아져왔다. 1년 동안 경영공백기를 가졌던 이재용 부회장이 더 이상 늦기 전에 기존의 판을 뒤집어 인공지능(AI) 주도권을 잡아 승부를 내야 할 때가 왔다고 판단한 것 같다.""   22일 삼성전자가 전 세계에 AI센터를 개설하고 주도권을 잡아나가겠다고 선언한 것은 이 부회장이 승부수를 던진 것이라는 분석이 재계에서나오고 있다. 최순실 국정농단 사태에 휘말린 1년 동안 글로벌 기업들의 경쟁 패러다임이 바뀐 것을 확인한 이 부회장이 AI를 신성장동력으로 발굴한 후, 삼성 특유의 스피드 있는 전략 추진에 나섰다는 것이다.   삼성전자가 해외 AI센터를 설립한 곳은 미국 서부의 실리콘밸리, 영국 케임브리지, 캐나다 토론토, 러시아 모스크바 등 4곳이다. 이에 따라서울 우면동의 세트부문 선행연구소인 삼성리서치(SR) 산하에 지난해 11월 개설한 한국 AI총괄센터를 거점으로 두고 올해 1월 설립된 실리콘밸리 AI연구센터를 비롯해 5개의 글로벌 AI 네트워크를 가동하게 됐다.   서울 우면동 외에 4곳의 연구시설이 자리잡은 지역은 전 세계 AI 핵심 브레인들이 모두 모여 연구에 총력을 기울이고 있는 곳이다. 지난 2월최순실 국정농단 항소심에서 집행유예로 풀려난 이 부회장이 첫 해외 출장지로 둘러본 곳들이기도 하다.   이날 개소식을 한 영국 케임브리지도 유럽의 AI 두뇌들이 몰린 곳이다. 이를 반영하듯 이날 개소식에는 AI 분야 권위자인 주빈 가라마니 케임브리지대학 교수, 반도체 칩 설계회사인 ARM 설립자 헤르만 하우저 등이 참석했다. 영국 AI센터의 리더를 맡은 앤드루 블레이크 박사는 글로벌 소프트웨어 기업인 마이크로소프트(MS)에 있을 때부터 명성을 날렸던 인물이다. 그는 인공지능 기반 감정인식 연구로 유명한 마야 판티치교수(임페리얼 칼리지 런던) 등과 협업해 선행연구를 진행할 예정이다. 블레이크 박사는 이날 ""AI센터를 통해 인간의 행동을 이해하고 의사소통 경계를 확대해 편리한 삶을 제공할 수 있는 연구를 수행할 것""이라고 각오를 밝혔다.   캐나다 토론토와 러시아 모스크바도 AI 연구에 있어서는 세계 최고의 두뇌들이 밀집한 곳이다. 캐나다 토론토센터는 삼성전자의 첫 해외 AI센터가 있는 실리콘밸리센터의 리더이자 음성인식 전문가인 래리 헥 전무가 리더로 겸직할 예정이다. 캐나다의 토론토는 전 세계 AI 연구의 중심지로 떠오르고 있는 곳으로 삼성전자는 지난해 토론토대학과 공동으로 AI랩을 개설해 운영 중이다. 이 부회장도 지난 3월 해외출장 당시 토론토에서 적지 않은 시간을 머물며 AI 연구와 트렌드를 살펴보기도 했다. 삼성전자가 토론토에 전격 AI센터를 만든 것은 촌각을 다투는 경쟁에서 글로벌 IT기업에 밀리지 않겠다는 의지를 반영한 것으로 풀이된다.   모스크바는 수학 물리학 등 기초·원천기술에 있어 세계 최고 수준의 경쟁력을 가진 곳이다. 모스크바 AI센터에는 드미트리 베트로프 고등경제대학(HSE) 교수와 빅토르 렘피츠키 스콜테크 교수 등이 리더를 맡아 AI 핵심기술인 알고리즘 연구에 집중할 예정이다. 모스크바 개소식에는 니콜라이 니키포로프 러시아통신부 장관, 빅토르 사도프니치 모스크바국립대 총장 등 주요 인사들이 대거 참석한다.   삼성전자는 우면동 AI총괄센터가 전 세계 AI 연구의 허브 역할을 수행하도록 글로벌 네트워크와 산학협력을 수행할 예정이다. 이를 통해 2020년까지 국내 600명, 해외 400명 등 총 1000명의 AI 핵심 인재를 확보할 계획이다. 삼성 관계자는 ""새롭게 떠오르는 AI 산업을 한국의 인재들이 주도할 수 있도록 국내 거점을 해외와 연결하는 방식으로 센터를 구축했다""고 강조했다.   AI센터를 김현석 소비자가전(CE) 부문장이 총괄하는 삼성리서치(SR) 산하에 둔 것은 AI를 기반으로 세트부문의 경쟁력을 동시에 높이겠다는전략으로 풀이된다. 삼성전자는 이날 AI 추진 전략으로 철저하게 개인화한 서비스를 제공하고, 스마트폰 TV 가전 등 멀티 디바이스를 지원하고, 사용자의 개입을 최소화하는 방향으로 진행하겠다고 강조했다. 아울러 프라이버시를 보호하는 방향으로 연구를 진행하겠다는 의사도 분명히 밝혔다.   삼성전자의 전방위적인 AI 전략 추진은 2000년대 초반 아날로그에서 디지털로 바뀐 것과 같은 거대한 패러다임 변화가 진행되고 있다고 판단한 이 부회장이 전폭적으로 힘을 실어준 것이라는 평가다.   재계 관계자는 ""이 부회장이 지난 3월 유럽과 캐나다를 둘러본 후 1년 동안의 경영공백 기간 중에 AI로의 패러다임을 놓쳤다고 판단한 것 같다""고 설명했다.   실제로 삼성전자는 지난해 1년 동안 전체 수익성은 좋아졌지만 D램 낸드플래시 등 메모리 반도체에 대한 의존도가 크게 높아졌고, 인도 중국등 주요 시장의 스마트폰 경쟁에서 밀리면서 내부적으로 전략수립에 상당한 고민을 해왔다.   또 다른 재계 관계자는 ""이번 결정은 이재용 부회장의 전폭적인 지원 약속이 있었을 것""이라며 ""반도체와 스마트폰 이후 성장동력을 찾고 있는 삼성전자가 이 부회장의 본격적인 경영 행보를 계기로 특유의 스피드 경영에 나선 것""이라고 평가했다.    [황형규 기자]      ☞ 5月 반드시 주목해야될 종목!! ☞ 5月 큰 수익 원한다면, 이 종목부터 빨리 매수해라!!! ☞ 지금 100만원 있다면, 이 종목부터 사라! ☞ ""세계최초 신약개발"" 드디어 올것이 왔다! 주목해라!!      [ⓒ 매일경제 & mk.co.kr, 무단전재 및 재배포 금지]"
290,1,"2018-05-22","21:53:22","*브렌트유, 80달러로 상승","(끝)  <저작권자(C)연합인포맥스뉴스. 무단 전재-재배포 금지.>"
290,2,"2018-05-22","21:53:21","경찰, `국회 기습진입` 민주노총 2명 구속영장 검토","서울 영등포경찰서는 국회의 최저임금 산입범위 조정 논의 중단을 촉구하면서 청사 안에 들어갔다가 체포된 전국민주노동조합총연맹(민주노총) 조합원 2명에 대해 구속영장 신청을 검토 중이라고 22일 밝혔다.   경찰에 따르면 두 사람은 무단 진입을 막아선 경비망을 뚫고 국회에 기습적으로 진입하는 과정에서 제지하던 경찰관과 국회 사무처 직원에게폭력을 행사한 혐의(공무집행방해)를 받고 있다.   민주노총은 21일 오후 1시께부터 국회 정문 앞에서 '최저임금 산입범위 확대 개악 저지 결의대회'를 열었다. 이 과정에서 국회 담을 넘어들어간 혐의(공동 건조물침입)로 체포된 조합원 12명은 구로·양천경찰서 등에서 조사받고 이날 귀가했다.    [디지털뉴스국]      ☞ 5月 반드시 주목해야될 종목!! ☞ 5月 큰 수익 원한다면, 이 종목부터 빨리 매수해라!!! ☞ 지금 100만원 있다면, 이 종목부터 사라! ☞ ""세계최초 신약개발"" 드디어 올것이 왔다! 주목해라!!      [ⓒ 매일경제 & mk.co.kr, 무단전재 및 재배포 금지]"
290,3,"2018-05-22","21:50:57","통일부 ""北수용시 내일 南취재진 직항으로 원산이동 가능""","통일부 ""北수용시 내일 南취재진 직항으로 원산이동 가능""   ""내일 판문점 통해 남측 취재진 명단 다시 전달 예정""    (서울=연합뉴스) 이정진 기자 = 통일부는 22일 풍계리 핵실험장 폐기 행사 취재를 위한 남측 언론인 명단을 23일 북측에 다시 전달을 시도할 예정이라고 밝혔다.  통일부는 이날 기자들에 배포한 공지를 통해 ""북측이 밝힌 풍계리 핵실험장 폐기 행사 일정에는 아직 시간이 남아있는 만큼 내일 아침 판문점을 통해 우리측 취재단 명단을 다시 전달할 예정""이라고 밝혔다.  통일부는 이어 ""북측이 수용한다면 지난 평창올림픽 전례에 따라 남북 직항로를 이용하여 원산으로 이동할 수 있을 것""이라고 덧붙였다. 정부는 이날도 판문점 채널을 통해 남측 언론인 명단을 북측에 전달하려 했지만 북한은 이를 접수하지 않았다.  이에 따라 남측을 제외한 미국과 영국, 러시아, 중국 등 4개국 외신기자단만 핵실험장 폐기행사 취재를 위해 이날 오전 베이징에서 고려항공 전세기를 통해 원산으로 떠났다.  transil@yna.co.kr   (끝)    <긴급속보 SMS 신청> <포토 매거진> < M-SPORTS >   <저작권자(c) 연합뉴스, 무단 전재-재배포 금지>"
290,4,"2018-05-22","21:47:52","정부 ""北 우리기자단 수용시 남북 직항로 통해 원산이동""","[머니투데이 박소연 기자] [[the300]]    22일 통일부.      주식담보대출도 이제 부담없는 금리로 가능(안내: 02-3775-1497)   ▶▶ 2018년 상반기 급등 예상 종목 BEST 10 (바로 확인)   <키워드림론> 최저금리로 신용·미수 대환 하는 유일한 방법은    [파워 인터뷰]      [관련기사] ☞ 오는 10일 이건희 삼성회장 '와병 만4년'…장비없이 자가호흡 ☞ 아들 곁으로 간 구본무 회장…슬픔 이기고 LG 24년 이끌어 ☞ 성공을 부르는 말하기? ""목소리를 낮게 내보세요"" ☞ 자연으로 돌아간 구본무 회장 마지막길…소리없는 '울음바다' ☞ ""할아버지, 존경해요""…구본무 회장 향한 추모들      주식매입자금? 전화 한통화면 당신은 스마트컨슈머!    최저금리로 신용·미수 대환 하는 가장 경제적인 방법 (바로 확인)   ‘개미’말고 ‘슈퍼 투자자’되고 싶다면?...‘이것’만 잘 이용해도 가능해요!       박소연 기자 soyunp@mt.co.kr    <저작권자 ⓒ '돈이 보이는 리얼타임 뉴스' 머니투데이, 무단전재 및 재배포 금지>"
290,5,"2018-05-22","21:46:52","정부 ""내일 北에 풍계리 취재 기자단 명단 다시 전할 것""","[머니투데이 박소연 기자] [[the300]]    22일 통일부.      주식담보대출도 이제 부담없는 금리로 가능(안내: 02-3775-1497)   ▶▶ 2018년 상반기 급등 예상 종목 BEST 10 (바로 확인)   <키워드림론> 최저금리로 신용·미수 대환 하는 유일한 방법은    [파워 인터뷰]      [관련기사] ☞ 오는 10일 이건희 삼성회장 '와병 만4년'…장비없이 자가호흡 ☞ 아들 곁으로 간 구본무 회장…슬픔 이기고 LG 24년 이끌어 ☞ 성공을 부르는 말하기? ""목소리를 낮게 내보세요"" ☞ 자연으로 돌아간 구본무 회장 마지막길…소리없는 '울음바다' ☞ ""할아버지, 존경해요""…구본무 회장 향한 추모들      주식매입자금? 전화 한통화면 당신은 스마트컨슈머!    최저금리로 신용·미수 대환 하는 가장 경제적인 방법 (바로 확인)   ‘개미’말고 ‘슈퍼 투자자’되고 싶다면?...‘이것’만 잘 이용해도 가능해요!       박소연 기자 soyunp@mt.co.kr    <저작권자 ⓒ '돈이 보이는 리얼타임 뉴스' 머니투데이, 무단전재 및 재배포 금지>"
290,6,"2018-05-22","21:46:35","성추행·협박 의혹 스튜디오 실장 혐의 부인","3년 전 비공개 촬영회에서 발생한 모델 성추행과 협박에 가담한 의혹을 받는 모 스튜디오 실장 A씨가 22일 경찰 조사에서 혐의를 부인했다.  서울 마포경찰서는 유튜버 양예원씨와 동료 이소윤씨가 고소한 A씨를 이날 오전 불러 조사했다. A씨는 당시 촬영회 참석자 모집 역할을 맡은 또 다른 피고소인 B씨와 함께 경찰 조사를 받았다. B씨는 오전 경찰서에 출석하면서 검은색 선글라스와 마스크로 얼굴을 가린 채 나와 '양예원씨와 이소윤씨에게 노출사진을 강요한 게 맞는지' '혐의자로 지목된 심정이 어떤지' 등 취재진 질문에 아무런 대답 없이 조사실로 향했다.  경찰은 A씨와 B씨를 상대로 촬영 당시 성추행이 있었는지, 양씨 등이 거부 의사를 밝혔음에도 강압적으로 촬영을 요구했는지 등을 집중적으로 캐물었다.  B씨는 이날조사에서 관련 혐의를 부인했으며, A씨도 출석에 앞서 언론 인터뷰 등에서 밝힌 대로 ""성추행이나 강압은 없었다""는 주장을 유지한 것으로 알려졌다. 경찰은 양씨 등의 사진을 유포한 용의자를 찾는 데도 수사력을 집중하고 있다.   A씨와 B씨 등 피고소인을 조사하면서 당시 촬영에 참석한 사진가들을 상대로 최초 유포자를 찾고 있다.   경찰은 또 양씨 등의 사진이 처음 올라온 음란 사이트폐쇄 조치에 착수한 뒤에도 다른 파일 공유 사이트에 관련 사진과 동영상이 다수 업로드된 점을 확인해 파일 유포자를 추적 중이다.   solidkjy@fnnews.com 구자윤 기자    ▶'모멘텀 집중' 저가에서 매집해둬야 할 상반기 유망주 3선 (지금 확인)   [파이낸셜뉴스 주요뉴스]  → '공천갈등 진화' 나선 바른미래 지도부..살얼음판 여전 → 靑, 드루킹-'親文' 송인배 연루설에 '당혹'‥적극 해명 → 일주일 사이에 로또 1등 2번 당첨된 40대 남성 → 초등생고속도 휴게소 방치 혐의 교사 벌금 800만원 → 심부전 위험 줄이려면, 일주일간 150분 운동하라  ▶ <긴급공개> 억대계좌 이종목에서 또 터진다!    ※ 저작권자 ⓒ 파이낸셜뉴스. 무단 전재-재배포 금지 "
290,7,"2018-05-22","21:46:00","정부 ""23일 판문점채널 통해 南취재단 명단 北에 전달""","- ""남북 직항로 이용해 원산 이동 가능성 있어""  [이데일리 원다연 기자] 정부는 북한 풍계리 핵실험장 폐기 취재와 관련해 23일 판문점 채널을 통해 북측에 우리측 취재진 명단을 다시 전달할 예정이라고 밝혔다.   통일부 당국자는 22일 저녁 “북측이 밝힌 풍계리 핵실험장 폐기 행사 일정에는 아직 시간이 남아있는 만큼 내일(23일) 아침 판문점을 통해 우리측 취재단 명단을 다시 전달할 예정”이라고 밝혔다.   이 당국자는 이어 “북측이 수용한다면 지난 평창올림픽 전례에 따라 남북 직항로를 이용해 원산으로 이동할 수 있을 것”이라고 덧붙였다.  한편 이날까지 북측은 우리측 취재단 명단 접수를 거부했으며 우리측 취재진을 제외한 미국, 영국, 중국, 러시아 취재진은 이날 오후 원산에 도착했다. 이들은 일기 상황에 따라 23일~25일 중 진행 예정인 풍계리 핵실험장 폐기 현장을 취재하게 된다.  ▶계좌회복프로젝트! 상위 전문가의 투자전략 및 추천종목‘[무료확인]’ ▶14년 연속 1위, 대한민국 대표 스탁론 하이스탁론 '    ' ＜ⓒ종합 경제정보 미디어 이데일리 - 무단전재 & 재배포 금지＞   "
291,1,"2018-05-22","21:14:33","이스라엘군 ""F-35 전투기 처음으로 실전 투입""","이스라엘이 최첨단 스텔스 전투기인 F-35기를 처음으로 실전에 투입했다고 발표하면서 중동 지역의 긴장이 높아지고 있다.  예루살렘포스트에 따르면 아미캄 노르킨 이스라엘 공군 사령관은 22일(현지시간) “우리 F-35기가 처음으로 서로 다른 전선에서 두 차례 공격을 수행했다”며 “우리는 F-35를 중동 전역으로 날려 보내고 있고 그것은 우리의 작전 능력의 한 부분이 됐다”고 말했다.  이스라엘군은 F-35 전투기가 레바논 수도 베이루트 상공을 비행하는 사진을 공개했지만, 촬영 날짜는 따로 언급하지 않았다. 현지 언론은 이스라엘이 F-35기를 실전에 투입한 첫번째 국가라고 전했다.  앞서 작년 12월 초 도널드 트럼프 대통령이 예루살렘을 이스라엘 수도로 선언한 뒤 중동권의 긴장이 고조됐을 때 노르킨 사령관은 F-35기를 실제 작전에 투입할 수 있다고 선언한 바 있다.  이스라엘은 중동에서 처음으로 F-35기를 도입한 국가다. F-35기는 탁월한 스텔스 기능을 갖추고 있어 레이더에 탐지되지 않고 적국 깊숙이 침투할 수 있는 게 장점으로 평가된다. 이스라엘은 2016년 12월 미국으로부터 F-35기 두 대를 처음으로 인수했고 2024년까지 모두 50대를 도입할 예정이다.  이스라엘군이 F-35기 실전 투입을 밝힌 것은 최근 골란고원 등에서 이란과 갈등이 깊어진 상황에서 군사력을 과시하는 차원으로 풀이된다. 이달 초 이스라엘군은 분쟁지역인 골란고원에 있는 초소들이 이란의 공격을 받았다며 이에 대한 보복으로 시리아의 이란 시설을 공습했다고 주장했다. /변재현기자 humbleness@sedaily.com    ▶▶ 2018년 정부 정책 수혜주 TOP 10 大공개! (바로 확인)  ▶▶ 재료노출 임박한 상위1% 의 극비정보 30명한정 공개(무료)    [ⓒ 서울경제, 무단 전재 및 재배포 금지]"
291,2,"2018-05-22","21:13:48","오바마 부부, 넷플릭스와 손잡고 콘텐츠 제작 나선다","오바마 부부, 넷플릭스와 손잡고 콘텐츠 제작 나선다   넷플릭스 콘텐츠 공급계약 체결…영화ㆍTV쇼ㆍ다큐멘터리 등 공급     (서울=연합뉴스) 박인영 기자 = 버락 오바마 전 미국 대통령 부부가 온라인 스트리밍업체 넷플릭스와 계약을 맺고 영화와 다큐멘터리 등콘텐츠 제작에 뛰어든다.  넷플릭스는 21일(현지시간) 성명을 내고 오바마 전 대통령, 부인 미셸과 계약을 맺고 다년간 이들이 제작한 영화, TV쇼, 다큐멘터리 등의 콘텐츠를 공급받기로 했다고 밝혔다.  넷플릭스는 세계적으로 1억2천500만여 명의 가입자를 보유한 세계 최대 동영상 스트리밍업체다.  BBC방송, 월스트리트저널(WSJ) 등에 따르면 오바마 부부는 넷플릭스와의 계약에 앞서 콘텐츠 제작사 '하이어 그라운드 프로덕션'(Higher Ground Productions)을 설립했다.  계약 내용을 잘 아는 익명의 관계자는 오바마 부부가 콘텐츠 제작에 직접 관여하고 일부 프로그램에는 출연도 할 예정이라고 전했다.  이날 오바마 전 대통령은 성명을 통해 ""공직 생활을 하면서 우리의 기쁨 중 하나는 사회 각계각층에서 수많은 매력적인 사람들과 만나고그들이 더 많은 이들과 자신의 경험을 나눌 수 있도록 돕는 것이었다""며 ""미셸과 내가 넷플릭스와 협력하게 된 데 흥분하는 것도 그런 이유"" 라고 밝혔다.  미셸 여사도 ""넷플릭스의 비교 불가한 서비스는 우리가 나누고 싶은 이야기들과 잘 들어맞는다. 흥미롭고 새로운 파트너십의 시작을 고대한다""고 밝혔다.  오바마 부부와 넷플릭스가 체결한 계약의 구체적인 내용은 발표되지 않았으나 오바마 부부가 제작한 첫 콘텐츠는 2019년 5월 이후에나 방영될 예정인 것으로 알려졌다.  오바마 부부는 공급할 콘텐츠의 주제에 대해 언급하지는 않았으나 정치적 사안을 직접적으로 다루지는 않을 것이라는 관측도 나온다.  넷플릭스의 테드 서랜도스 콘텐츠 최고 책임자는 성명에서 ""우리는 그들(오바마 부부)이 엄청난 스토리텔링 능력을 발휘할 플랫폼으로 넷플릭스를 선택한 데 대해 매우 자랑스럽게 생각한다""고 환영했다.  mong0716@yna.co.kr   (끝)    <긴급속보 SMS 신청> <포토 매거진> < M-SPORTS >   <저작권자(c) 연합뉴스, 무단 전재-재배포 금지>"
291,3,"2018-05-22","21:09:37","'모델 성추행 의혹' 스튜디오 실장, 조사 마치고 귀가","[머니투데이 이영민 기자] [피고소인·혐의자 2명 노출 강요·강제추행 혐의 부인…귀갓길 '묵묵부답']     유명 유튜버(유튜브 영상 제작자) 양예원씨와 배우 지망생 이소윤씨에게 노출 사진을 강요하고 성추행을 한 의혹을 받는 스튜디오 운영자 A씨가 10시간에 걸친 조사를 받고 귀가했다. A씨는 경찰 조사에서 성추행, 강제 촬영 등 혐의를 전면 부인했다.   모 스튜디오 실장 A씨는 22일 서울 마포경찰서에서 오전 10시부터 조사를 받고 오후 8시10분쯤 경찰서를 나섰다. 벙거지 모자와 마스크로 얼굴을 가린 채였다. A씨는 양씨로부터 성폭력범죄특례법 위반(카메라 등 이용촬영)·강제추행·협박 혐의로 고소당했다.   A씨는""노출 촬영을 알고 피해자를 끌어들였나"" ""스튜디오를 자물쇠로 잠갔나"" ""성추행을 했냐""는 취재진의 질문에 답을 하지 않고 자리를 떠났다. A씨는 이날 출석할 때도 취재진을 피해 예정된 시간보다 2시간20분 빠른 오전 7시40분쯤 혼자 경찰서로 왔다.    이날 경찰은 양씨의 피해 현장에 있었던 B씨도 소환 조사했다. 경찰에 따르면 B씨는 문제의 촬영 동호회 모집책 역할을 맡았다.   A씨보다 1시간 가량 이른 오후 7시14분쯤 조사를 마치고 나온 B씨는 ""혐의를 인정하느냐""는 취재진의 질문에 아무 답을 하지 않고 차량에 몸을 실었다. B씨는 모자 위에 후드 모자를 겹쳐 쓰고 마스크, 선글라스로 얼굴을 가렸다. 당초 알려졌던 것과 달리 A씨뿐 아니라 B씨도 변호인을 대동한 채 조사에 임했다.  경찰은 두 사람을 상대로 촬영회 모집 경위를 확인했다. 또 촬영 당시 성추행과 협박·감금이 있었는지, 촬영 전 피해자들과 노출 수위 등을합의했는지와 사진을 무단 유포했는지 등을 집중 수사했다.    경찰에 따르면 두 사람은 피해자들이 제기한 의혹을 전면 부인했다. 신체노출 촬영을 한 것은 맞지만 강압이나 성추행은 없었다는 주장이다. 경찰 관계자는 ""향후 진술 내용을 분석하고 당시 촬영장에 있던 참고인들 조사를 이어나갈 방침""이라고 밝혔다.    피해자 양씨는 17일 오전 자신의 페이스북과 유튜브 계정에 '저는 성범죄 피해자입니다. 꼭 한 번만 제 이야기를 들어주세요'라는 제목의 글과 영상을 올려 3년 전 집단 성추행을 당했다고 밝혔다.   양씨는 ""2015년 7월 서울 합정역 인근 한 스튜디오에 피팅 모델로 지원했다가 성기가 보이는 속옷을 촬영 의상이라고 줘서 거부했더니 협박을 했다""고 주장했다. 또 ""남성들이 날 둘러싸고 사진을 찍다가 포즈를 잡아주겠다며 다가와 여러 사람이 번갈아가며 내 가슴과 성기를 만졌다""고 말했다.   배우 지망생 이씨도 같은 날 페이스북에 비슷한 피해를 고백했다. 이씨는 단순 '콘셉트 사진촬영'이라고 속은 채 간 스튜디오에서 남성 20명정도에 둘러싸여 강압적인 노출 촬영을 했으며 결국 사진이 음란 사이트에 유포됐다고 밝혔다.       주식담보대출도 이제 부담없는 금리로 가능(안내: 02-3775-1497)   ▶▶ 2018년 상반기 급등 예상 종목 BEST 10 (바로 확인)   <키워드림론> 최저금리로 신용·미수 대환 하는 유일한 방법은    [파워 인터뷰]      [관련기사] ☞ 오는 10일 이건희 삼성회장 '와병 만4년'…장비없이 자가호흡 ☞ 아들 곁으로 간 구본무 회장…슬픔 이기고 LG 24년 이끌어 ☞ 성공을 부르는 말하기? ""목소리를 낮게 내보세요"" ☞ "" 할아버지, 존경해요""…구본무 회장 향한 추모들 ☞ 자연으로 돌아간 구본무 회장 마지막길…소리없는 '울음바다'      주식매입자금? 전화 한통화면 당신은 스마트컨슈머!    최저금리로 신용·미수 대환 하는 가장 경제적인 방법 (바로 확인)   ‘개미’말고 ‘슈퍼 투자자’되고 싶다면?...‘이것’만 잘 이용해도 가능해요!       이영민 기자 letswin@    <저작권자 ⓒ '돈이 보이는 리얼타임 뉴스' 머니투데이, 무단전재 및 재배포 금지>"
291,4,"2018-05-22","21:09:37","이탈리아 극우당 '파죽지세'…총선 이어 지방선거서도 약진","이탈리아 극우당 '파죽지세'…총선 이어 지방선거서도 약진   동맹, 발다오스타 주의회 선거에서 20년 만에 원내진입   (로마=연합뉴스) 현윤경 특파원 = 반(反)이민 정서에 편승해 지난 3월 총선에서 약진한 이탈리아 극우 정당의 상승세가 심상치 않다.  22일 일간 코리에레 델라 세라에 따르면 지난 20일 치러진 북서부 자치주 발다오스타 주 지방선거 개표 결과, 마테오 살비니(45)가 이끄는 극우정당 동맹(Lega)이 지역 터줏대감으로 인식되는 정당의 득표율을 턱밑까지 뒤쫓으며 20여년 만에 원내에 진출했다.     동맹은 35명의 주의원을 뽑기 위해 치러진 이번 선거에서 17.1%를 득표, 7명의 의원을 당선 시켰다. 동맹은 이로써 '북부동맹'으로 주의원을 배출했던 1993년 이후 처음으로 이 지역 주의원을 배출하게 됐다.  동맹의 득표율은 이 지역의 맹주인 발다오스타연맹(UVㆍ19.2%)에 이어 2위에 해당하는 것이다. 5년 전 선거 때 33.4%의 표를 얻었던 UV는 지지세가 크게 축소됐다.  3월 총선에서 33%에 육박하는 득표율로 이탈리아 최대 정당으로 떠오른 오성운동은 10.4%의 표를 얻어 발다오스타 주의회에서 4명의 의원을 확보했다. 오성운동의 이 같은 득표율은 3월 총선 당시 이 지역에서 기록한 24.1%에 비해 절반 이상 빠진 것이다.  3월 총선에서 약 19%를 득표해 참패를 당한 중도좌파 민주당은 발다오스트 선거에서도 5.4%의 표를 얻는 데 그쳐, 원내 진입에 실패했다.  실비오 베를루스코니 전 총리가 이끄는 중도우파 전진이탈리아(FI), 극우 성향의 이탈리아형제(FDI)가 주축이 된 우파연합 역시 2.9%의저조한 득표율로 주의원을 당선시키지 못했다.  한편, 5년 전 총선에서 득표율 4%에 머물러 군소 정당으로 분류되던 동맹은 지난 3월 총선에서 17%를 웃도는 표를 얻은 깜짝 선전을 펼쳤고, 최근 여론 조사에서는 지지율이 약 25%까지 치솟은 상황이다. 연일 '이탈리아 우선'을 외치며 유럽연합(EU)과 각을 세우고 있는 살비니대표가 이 같은 지지율 상승세를 이끌고 있다는 분석이다.  반면, 동맹과 손잡고 연정을 출범시키려 하고 있는 오성운동의 지지율은 총선 때의 득표율과 비슷한 32%선을 답보하고 있다.  ykhyun14@yna.co.kr   (끝)    <긴급속보 SMS 신청> <포토 매거진> < M-SPORTS >   <저작권자(c) 연합뉴스, 무단 전재-재배포 금지>"
291,5,"2018-05-22","21:07:09","獨법원, 보석 석방 중인 푸지데몬 구속영장 청구 기각","獨법원, 보석 석방 중인 푸지데몬 구속영장 청구 기각     (베를린=연합뉴스) 이광빈 특파원 = 독일 법원은 구금됐다가 석방된 카를레스 푸지데몬 전 스페인 카탈루냐 자치정부 수반에 대한 검찰의 구속영장 청구를 기각했다.  슐레스비히홀슈타인 주(州) 법원은 22일(현지시간) 스페인 당국으로부터 새로운 증거를 보강해 청구한 검찰의 영장에 대해 ""도주 위험이높아지지 않았다""며 기각 결정을 내렸다.  푸지데몬 전 수반은 지난 3월 말 핀란드에서 덴마크와 독일을 거쳐 벨기에로 가려다 독일 경찰에 체포됐다.  검찰은 스페인 법원으로부터 반역 및 횡령 혐의로 유럽연합(EU) 내 체포영장이 발부된 푸지데몬 전 수반을 상대로 범죄인 인도 영장을 청구했으나 법원은 이를 기각하고 보석으로 석방했다.  법원은 푸지데몬의 혐의가 폭력과 협박을 동반해야 성립되는 독일 형법의 반역죄에 해당되지 않는다고 판결했다.  그러면서 반역죄가 성립되지 않아 도주의 위험성이 줄어들었다며 횡령 혐의에 대한 판결이 내려질 때까지 독일 체류 조건으로 보석을 결정했다.  법원은 푸지데몬 전 수반이 독일에 머무르는 동안 정기적으로 경찰에 거주 상황을 보고하도록 했다.  lkbin@yna.co.kr   (끝)    <긴급속보 SMS 신청> <포토 매거진> < M-SPORTS >   <저작권자(c) 연합뉴스, 무단 전재-재배포 금지>"
291,6,"2018-05-22","21:06:40","성추행·협박 의혹 스튜디오실장 혐의 부인(종합)","3년 전 비공개 촬영회에서 발생한 모델 성추행과 협박에 가담한 의혹을 받는 모 스튜디오 실장 A씨가 22일 경찰 조사에서 혐의를 부인했다. 서울 마포경찰서는 유튜버 양예원씨와 동료 이소윤씨가 고소한 A씨를 이날 오전 불러 조사했다. A씨는 당시 촬영회 참석자 모집 역할을맡은 또 다른 피고소인 B씨와 함께 경찰 조사를 받았다. B씨는 오전 경찰서에 출석하면서 검은색 선글라스와 마스크로 얼굴을 가린 채 나와 '양예원씨와 이소윤씨에게 노출사진을 강요한 게 맞는지' '혐의자로 지목된 심정이 어떤지' 등 취재진 질문에 아무런 대답 없이 조사실로 향했다. 경찰은 A씨와 B씨를 상대로 촬영 당시 성추행이 있었는지, 양씨 등이 거부 의사를 밝혔음에도 강압적으로 촬영을 요구했는지 등을집중적으로 캐물었다. B씨는 이날 조사에서 관련 혐의를 부인했으며, A씨도 출석에 앞서 언론 인터뷰 등에서 밝힌 대로 ""성추행이나 강압은 없었다""는 주장을 유지한 것으로 알려졌다. 경찰은 양씨 등의 사진을 유포한 용의자를 찾는 데도 수사력을 집중하고 있다. A 씨와 B씨 등 피고소인을 조사하면서 당시 촬영에 참석한 사진가들을 상대로 최초 유포자를 찾고 있다. 경찰은 또 양씨 등의 사진이 처음 올라온 음란 사이트 폐쇄 조치에 착수한 뒤에도 다른 파일 공유 사이트에 관련 사진과 동영상이 다수 업로드된 점을 확인해 파일 유포자를 추적중이다.  앞서 양씨는 지난 17일 자신의 페이스북에 '저는 성범죄 피해자입니다'라는 제목의 글과 관련 동영상을 올려 3년 전 비공개 촬영회에서 모델로 촬영하는 도중 성추행을 당했고, 당시 찍힌 사진이 최근 유출되는 피해를 봤다고 호소했다. solidkjy@fnnews.com 구자윤 기자       ▶'모멘텀 집중' 저가에서 매집해둬야 할 상반기 유망주 3선 (지금 확인)   [파이낸셜뉴스 주요뉴스]  → '공천갈등 진화' 나선 바른미래 지도부..살얼음판 여전 → 靑, 드루킹-'親文' 송인배 연루설에 '당혹'‥적극 해명 → 일주일 사이에 로또 1등 2번 당첨된 40대 남성 → 초등생 고속도 휴게소 방치 혐의 교사 벌금 800만원 → 심부전 위험 줄이려면, 일주일간 150분 운동하라  ▶ <긴급공개> 억대계좌 이종목에서 또 터진다!    ※ 저작권자 ⓒ 파이낸셜뉴스. 무단 전재-재배포 금지 "
291,7,"2018-05-22","21:05:23","합병비율 7:3 조정... 글로비스 이익 2,000억 포기할 수도","정의선 현대자동차 부회장이 현대차(005380)그룹 지배구조 개편 과정에서 그룹 경영 전면에 공식적으로 나섰다는 해석이 나온다. 그동안은 자신이 속한 현대차의 부회장으로서 역할에 집중했지만 앞으로는 정몽구 현대차그룹 회장을 대신해 그룹 경영 전반을 주도할 것으로 예상된다. 새롭게 시도할 지배구조 개편은 정 부회장의 작품이 될 것이라는 분석이 우세하다.   정 부회장은 지난 21일 ‘현대차그룹 구조개편안에 대해 말씀드립니다’ 제하의 입장문을 발표하고 기존 개편안을 접고 새 방안을 연구하겠다고 밝혔다.   재계는 정 부회장이 자신의 이름으로 된 입장문을 내자 적지 않게 놀랐다. 정 부회장이 그룹 중대 사안에 대해 직접 입장을 밝힌 것은 이번이 처음이기 때문이다. 그간의 관례대로라면 이 같은 그룹 중대 사안에 대한 결정과 입장 발표는 정 회장이 해왔다. 지금까지 현대차그룹에서는 신차 차명을 비롯한 모든 주요 사안의 최종 결정을 정 회장이 했다. 정 부회장이나 경영진이 결정한 사안이라고 할지라도외부에 발표할 때는 정 회장 명의로 하는 식이었다. 그런데 이번에는 관례를 깨고 정 부회장이 직접 입장문을 낸 것이다.  이런 흐름을 볼 때 현대차그룹의 새로운 지배구조 개편안은 정 부회장이 주도할 것으로 예상된다. 현대차그룹의 지배구조 개편은 순환출자 고리를 끊는것뿐만 아니라 정 회장 부자가 그룹을 안정적으로 지배하는 것이 핵심이다. 향후 승계 문제도 고려해야 해 정 부회장이 키를 잡고 사안을 챙길 가능성이 크다. 현대차그룹은 당초 지배구조 개편안을 짤 때 40여가지 시나리오를 검토한 뒤 하나를 고른 것으로 그룹 안팎에 알려져 있다. 당시 정 부회장은 승계와 연결하지 말고 순환출자 고리부터 끊는 데 집중하는 한편 대주주 일가보다는 소액주주의 이익을 높이는 방안이어야 한다는 원칙을 제시한 것으로 전해졌다. 정 부회장은 이번에도 소액 투자자의 주주 가치를 높이면서도 순환출자 고리를 끊는 방안을 연구할 것으로 예상된다. 승계는 이번에도 ‘차후의 사안’으로 미뤄둘 것으로 관측된다. 정 부회장도 입장문에서 “사업 경쟁력과 지배구조를 개선하고 기업 가치를 높일 수 있도록 지배구조 개편방안을 보완해 개선하도록 하겠다”고 밝혔다.  시장에서는 현대차그룹이 향후 선택할 지배구조 개편 시나리오를 3개 정도로 보고 있다. 현대모비스(012330)의 분할 비율과 현대글로비스(086280)와의 합병 비율을 재산정하거나 분할 모비스를 증시에 상장해 시장가치를 평가받은 후 현대글로비스와의 합병을 추진하는 방안이 우선 거론된다. 엘리엇의 요구나 그간 증권가에서 제기돼왔던 지주사 전환도 대안 중 하나다. 현대차그룹 안팎에서는 이 중 비율 재산정이 유력한 것으로 보고 있다. 현대차그룹은 분할 모비스와 글로비스의 합병 비율을 6대4로 산정했지만 글로벌 의결권 자문사인 ISS는 7대3이 적정하다고 판단한 바 있다. 모듈과 AS 부품이라는 알짜 사업을 보유한 만큼 분할 모비스의 가치를 더 높게 봐야 한다는 것이다.  결단은 결국 정 부회장의 몫이다. 분할 모비스의 가치를 높게 평가할수록 현대글로비스 주주 입장에서는 손해다. 정 부회장은 현대글로비스 지분 23.29%를 쥐고 있는 최대주주다. 증권가에서는 기존 합병 비율을 토대로 분할 모비스와 현대글로비스가 합병하면 현대글로비스 주주들이 1조원 안팎의 이익을 볼 것으로 추산한다. 합병 비율을 조정하면 정 부회장으로서는 2,000억원가량의 이익을 포기해야 하는 셈이다. 대신 대주주보다 소액주주의 이익을 우선 고려하겠다는 뜻은 더욱 분명해진다.  증권업계의 한 고위 관계자는 “엘리엇의공격이라는 측면도 있지만 현대차그룹이 지배구조 재편 계획을 일단 거둬들인 것은 시장에서의 눈높이를 충족시키지 못했기 때문”이라며 “새 방안 역시 일부 주주들은 반대하더라도 주요 자문사들을 설득할 수 있을 정도의 타당성을 확보하지 못하면 실패할 수밖에 없다”고 내다봤다. 재계의 한 고위 관계자는 “현대차그룹의 지배구조 개편은 순환출자 고리를 끊는 것뿐 아니라 향후 승계를 위한 사전 정지 작업의 성격도 있다”며 “플랜B마저 실패하면 정 부회장으로서는 상당히 난처한 상황에 처할 수 있다”고 말했다.  /맹준호·조민규기자 next@sedaily.com    ▶▶ 2018년 정부 정책 수혜주 TOP 10 大공개! (바로 확인)  ▶▶ 재료노출 임박한 상위1%의 극비정보 30명한정 공개( 무료)    [ⓒ 서울경제, 무단 전재 및 재배포 금지]"
292,1,"2018-05-22","20:33:29","한국 여자배구, 독일 상대로 짜릿한 역전승","@media all and (max-width: 400px) {img{max-width:340;height:auto;}}.dayTBL a:link {font-family: 돋움;font-size: 11px;line-height: 18px;color:#666666;text-decoration: none}.dayTBL a:visited {font-family: 돋움;font-size: 11px;line-height: 18px;color: #666666;text-decoration: none}.dayTBL a:hover {font-family: 돋움;font-size: 11px;line-height: 18px;color: #840000;text-decoration: none}.dayTBL nobr {width:85px; text-overflow:ellipsis; overflow:hidden; cursor:pointer; float:left}.todayBDb {border-bottom: #000000 0.5pt solid}.tblGrp{padding:0; border-spacing:0; border-collapse:collapse; border:0;vertical-align:top;width:279px}.tblGrp td{vertical-align:top}.dayTBL {width:93px; padding:0; border-spacing:0; border-collapse:collapse; vertical-align:top; border:0}.dayTBL td{font-size:12px; font-family:돋움; color:#333333;line-height:18px;padding:0}.divSch1{float:left}.divSch2{float:left}.tdSch{border: #E6E6E6 0.1pt solid;height:75;padding:0}.tdSchToday {border: #000000 1pt solid;height:75;background-color:#fffff0;padding:0}.tdSchTomorrow {border-left:0}.tdSchYesterday {border-right:0}.tdDate{background-color:#c8e7ff;height:10;text-align:center}.ad {text-align:center; font-size:8pt; font-family:돋움;line-height:1.2}.lg {margin-bottom:20px;}.title{font-size:15px;color:#203c76;font-weight:bold;margin-bottom:20px;}a,img {border:0; outline:none; selector-dummy:expression(this.hideFocus=true);}body,td,select,input,div,form,textarea,center,option,pre,blockquote {font-size:9pt; line-height:1.6; font-family:돋움;}table{border:0px;}r {display:none;}    제목 : 한국 여자배구, 독일 상대로 짜릿한 역전승    환호하는 한국 여자배구팀. 사진=연합뉴스  한국 여자배구가 독일을 상대로 짜릿한 역전승을 거뒀다.  대표팀은 22일 경기도 수원시 수원체육관에서 열린 2018 국제배구연맹(FIVB) 발리볼네이션스리그(VNL) 대회 2주차 6조 1차전에서 독일(공동 13위)에 세트 스코어 3-1(23-25 26-24 25-16 25-16)로 승리했다.  지난주 중국에서 열린 1주차 3경기에서 2승 1패를 거두고 2주차 경기가 열리는 한국에 돌아온 대표팀은 승점 3을 보태며 3승 1패, 승점 8 이 됐다.  한국은 독일 상대 4연승을 거두며 통산 전적 20승 5패로 절대 우위를 유지했다.  1승 3패가 된 독일은 승점 3에 머물렀다.  이날 1세트부터 한국은 독일과 팽팽한 접전을 벌였다. 21-23에서 이재영(흥국생명)의 디그가 처음에는 인정되지 않아 21-24 세트 포인트가 됐지만, 한국 벤치의 챌린지 요청이 받아들여져 독일의 득점은 무효가 됐다.  이어 김연경(엑자시바시)이 이다영(현대건설)의 토스를 받아 독일 코트를 강타하는 공격에 성공했다. 그러나 한국은 22-23에서 이다영의서브 범실이 나왔고, 23-24에서는 양효진(현대건설)의 블로킹이 우리 코트에 떨어져 1세트를 내줬다.  한국은 2세트 중반까지 9-14로 끌려가며 분위기를 찾아오지 못했다. 이때 경기 흐름을 바꾼 것은 에이스 김연경이다.  박정아(한국도로공사)의 오픈 공격으로 10-14를 만든 한국은 김연경의 라인에 걸치는 절묘한 서브 에이스로 흐름을 탔다. 다시 1점을 내준 뒤에는 이재영의 오픈 공격과 양효진의 블로킹, 그리고 김연경의 강스파이크로 14-15 한 점 차로 따라갔다.  곧이어 김수지(IBK기업은행)의 블로킹과 상대 범실로 동점을 만든 뒤 다시 김연경의 스파이크로 역전에 성공했다.  이후 시소게임을 거듭한 한국은 24-24에서 상대 범실로 한발 앞서간 뒤 김연경이 오픈 공격으로 24-26을 만들며 2세트에 마침표를 찍었다.  상승세를 탄 한국은 3세트 짜임새 있는 수비와 김연경·이재영의 고른 활약에 20-10 더블 스코어로 앞서갔다. 그러나 21-11에서 독일에 5연속 득점을 허용, 21-16까지 쫓겼다.  이번에는 박정아가 해결사로 나섰다. 박정아는 코트 오른쪽에서 왼쪽으로 때리는 대각 공격으로 연속 실점을 끊었다.  그리고 3연속 서브 에이스에 성공해 3세트 막판 4연속 득점을 올려 25-16으로 마침표를 찍었다. 4세트 역시 김연경의 오픈 공격으로 문을연 한국은 김수지의 서브 에이스와 가로막기 득점까지 연달아 터지며 흐름을 탔다.  독일은 세터까지 공격에 가담하는 등 전력으로 맞섰지만, 한국은 4세트도 25-16으로 손쉽게 따내 수원에서의 첫 경기에서 기분 좋은 승리를 거뒀다.  한국은 23일 같은 장소에서 러시아(5위)와 일전을 벌인다.  한편, 앞서 열린 경기에서는 러시아가 이탈리아(7위)를 3-0(26-24 25-12 25-23)으로 완파했다.  이진영 기자 truelee@bstoday.kr      해당 기사는 BS투데이(www.bstoday.kr)에서 제공한 것이며 저작권은 제공 매체에 있습니다. 기사 내용 관련 문의는 해당 언론사에 하시기 바랍니다.  ■[하이스탁론] 주식자금이 필요할 땐 ☎ 1599-6222 연 3% 업계 최저금리, 자기자본 포함 최대 4배, 연장수수료 無 주식 매도 없이 미수, 신용 대환 / 마이너스통장식 / 기대출자도 가능 ☞ 14년 연속 스탁론 점유율 1위, 노주현이 추천하는 [하이스탁론 바로가기]  ▶【급등임박株】 “정책+실적+수급분석 완료” 주도주 '2선' 추천받기  ◆""숨은 진주발굴"" 당뇨치료제 상용화 임박! <재료주공개>   [이슈&섹터 스케줄]    2018-05-21 - 독일 증시 휴장 - 여야, 특검·추경 동시 처리 예정 - 2018년 AfDB 연차총회 개최 예정   2018-05-22 - 석가탄신일 - 국내, 홍콩 증시 휴장 - 韓-美 정상회담   2018-05-23 - 월드IT쇼(WIS) 개최 - 2018 글로벌 액셀러레이터 컨퍼런스 & 데모데이 개최 - 폼페이오, 美 하원 청문회 출석 예정(현지시간)      2018-05-24 - 금융통화위원회 - 文 대통령, 정부 개헌안 국회 표결 예정 - 韓-中 산업장관 회의 개최 예정   2018-05-25 - 미국 제외 이란 핵 합의 당사국 이행 문제 논의 예정(현지시간) - 삼성전자, 갤럭시S9·S9+ 버건디레드 출시 예정 - 삼성바이오로직스 감리위 2차회의   2018-05-26 - 동원 보호예수 해제 - 오늘의 프로야구      Copyright ⓒ True&Live 증시뉴스 점유율1위, 인포스탁(www.infostock.co.kr) 인터넷신문(경기아51008)/무단전재 및 배포금지   본 뉴스(정보)는 해당종목의 매수/매도신호가 아니며, 이를 근거로행해진 거래에 대해 책임을 지지 않습니다."
292,2,"2018-05-22","20:32:59","‘스튜디오 성추행 의혹’ 실장 등 피고소인 혐의 부인","[헤럴드경제] 3년 전 스튜디오에서 촬영을 하면서 여성 모델을 성추행하고 강압적으로 촬영을 진행했다는 의혹을 받고 있는 피고소인 2명이경찰 조사에서 혐의를 부인한 것으로 알려졌다.   서울 마포경찰서는 22일 오전 유튜버 양예원 씨와 동료 이소윤 씨가 고소한 스튜디오 실장 A씨와 양 씨 등을 조사하는 과정에서 혐의자로 특정된 다른 스튜디오 실장 B씨 등 2명을 소환 조사했다. 당시 촬영에서 B씨는 참석할 사진가들을 모집하는 역할을 맡은 것으로 알려졌다.   B씨는 오후 7시 10분께 조사를 마치고 경찰서를 떠났고, A씨에 대한 조사는 진행 중이다.       경찰은 조사에서 A씨와 B씨를 상대로 촬영 당시 성추행이 있었는지, 강압적으로 촬영을 요구했는지 등을 집중적으로 캐물었다.  B씨는 이날 조사에서 관련 혐의를 부인했고, A씨도 성추행이나 강압이 없었다는 입장인 것으로 알려졌다.   한편 경찰은 양씨 등의 사진을 유포한 용의자를 찾는 데도 수사력을 집중, 당시 촬영에 참석한 사진가들을 상대로 최초 유포자를 찾고 있다.  앞서 양 씨는 지난 17일 자신의 페이스북에 ‘저는 성범죄 피해자입니다’라는 제목의 글과 관련 동영상을 올려 3년 전 비공개촬영회에서 모델로 촬영하는 도중 성추행을 당했으며, 당시 찍힌 사진이 최근 유출돼 피해를 입었다고 밝혔다.  onlinenews@heraldcorp.com     [프리미엄 링크] ◆ [평생무료] ""주식카톡방"" 대박주를 추천받는데 100원도 안낸다~ ◆ 무료O, 회원가입X. 바로보는 증권전문가의 실시간 라이브방송.  10%수익을 40%로 만들어 준다고?? 영웅스탁론이라면 가능~! [영웅스탁론]효과적인 레버리지를 이용하여 수익률을 4배로!!    이 종목 미리 알았더라면.. 화제의 급등주검색기 실전투자 300%비법 무료체험 3일신청시 [즉시공개!]    김태희, 로또 대박?! 20억 당첨금 공개..    테마주!외국인+기관 쌍끌이 매집중인 종목 전문가들도 탐내는 급등주 공식 무료배포! [클릭]    [오늘의 인기기사] ◆ [국대스탁론]업계 최저금리 2.29%! 100%한종목 투자가능+신용/ 미수 대환가능 ◆ [국민스탁론]저렴한 연2.7% 금리로 최대 4배 투자 가능 ◆ [마감임박] '급등주 문자메시지' 100% 무료로 받아보기! ◆ [상한가속출] ""깜짝놀랐다"" 카톡무료체험으로 3000만원 수익달성!  ◆[밴드스탁론] 연 2%대 금리, 신용 미수 대환 가능, 주식자금 전문 ☏ 1899-9044 ◆똑똑해진 소비자..한국도 이젠 소형차 시대 ◆2020년 한국 TV 2대중 1대 인터넷 연결된다"
292,3,"2018-05-22","20:32:40","'북한강 동연재' 목조주택 진수 선보인다","25일부터 4일간 오픈하우스     [ 김형규 기자 ] 경기도시공사가 경기 가평군 남이섬 인근에 조성 중인 국내 최대의 북미식 전원주택 단지 ‘북한강 동연재’(사진)가 오는 25일부터 4 일간 오픈하우스 행사를 연다. 캐나다 목조주택의 진수를 보여주는 다양한 형태의 주택을 선보이는 ‘오픈하우스 축제’다.  북한강 동연재는 경기도시공사와 드림사이트코리아가 민간참여 공동개발 방식으로 조성 중인 목조주택단지다. 총 154가구로 이뤄져 있다. 1단계 분양을 마무리해 50가구가 이미 입주했다. 현재는 2단계 61가구(단독주택 47가구, 합벽식 공동주택 14가구)를 분양 중이다. 이번 행사에서는 3개 동의 상설 샘플하우스와 함께 입주민이 실제 거주하는 2개 동 주택을 일반에 공개한다. 골조 공사가 끝난 20동의 주택을 같이선보인다. 행사 기간에는 전원생활에 필요한 정원용 소품, 텃밭 재배용품 등을 판매한다. 목공예 체험 행사, 즉석 스테이크를 맛볼 수 있는푸드트럭 등도 준비했다.  북한강 동연재는 도시가스·상하수도·전기·통신 등 모든 기반시설의 지중화공사를마쳤다. 단지 중앙에는 카페, 게스트룸, 이벤트 홀 등 커뮤니티센터가 캐나다 앨버타 주정부의 지원으로 들어섰다.  경춘선 가평역이 걸어서 15분 거리다. 급행전철(ITX)을 이용하면 서울 용산역까지 55분, 청량리역까지 40분에 도달할 수 있다.  김형규 기자 khk@hankyung.com    기업의 환율관리 필수 아이템! 실시간 환율/금융서비스 한경Money [ 무료 주식 카톡방 ] 국내 최초, 카톡방 신청자수 38만명 돌파 < 업계 최대 카톡방 > --> 카톡방 입장하기!!     관련기사 대모산 품은 '강남 전원마을'이 젊어진다 ""쉿"" 장관님도 이사 오는 강남 전원마을 ""정말 이례적인 일"" 망연자실한 신혼부부들 왜? 돈방석 앉은 연예인들…1인 방송 BJ 수입 어떻길래 ""셈하기도 어렵다"" 방탄소년단 경제적 가치가 무려    ⓒ 한국경제 & hankyung.com, 무단전재 및 재배포 금지"
292,4,"2018-05-22","20:31:46","이주 앞둔 방배6구역 '막바지 진통'","상가 소유자 등 '보상대책' 요구   서초구, 갈등 중재 협의체 가동     [ 선한결 기자 ] 서울 서초구 방배6구역이 재건축 사업 마무리 단계에서 진통을 겪고 있다. 작년 12월 관리처분인가를 받아 재건축초과이익환수제 적용을 피했지만 이주를 앞두고 조합과 일부 상가 소유자 등 사이에 갈등이 지속되고 있다.  방배6구역은 방배동 818의 14 일대 약 6만3200㎡ 규모다. 사무실이나 상가로 쓰이는 비주거용 건물이 많은 점이 갈등의 원인이 됐다. 건물 251개 동 중 수익형 근린상가 건물이 53개 동을 차지한다.  기존 상가 소유자와 세입자들은 재건축 사업으로 재산권 침해를 받았다며 사업에 제동을 걸고 나섰다. 조합원 아파트 입주권을 놓고 갈등이 크다. ‘도시 및 주거환경정비법’에 따르면 일정 조건을 충족한 상가 조합원은 상가 대신 아파트를 분양받을 수있다. 방배6구역은 조합원 분양가(전용면적 59㎡ 기준 약 7억7000만원)에 해당하는 지분을 가진 상가 소유자들에게 아파트를 배정받을 수 있도록 했다. 감정평가금액이 이를 충족하지 못하는 조합원 일부가 이의를 제기하며 조합을 상대로 민사소송을 제기했다. 상가 세입자 일부도 “이주 단계에서 영업손실이 예상된다”며 보상 대책 마련을 주장하고 있다.  상가 소유자와 세입자 일부는 지난 2월 서울시에 방배6구역 관리처분계획인가 취소를 요구하는 행정심판도 청구했다. 정비구역 지정고시를 위해 추진위원회가 입안한 계획안에 이들 건물에 관한 내용이 빠졌다는 것이 이들의 주장이다. 행정심판 결과는 아직 나오지 않았다. 방배6구역 조합 관계자는 “분양 대상자 분류는 도시 및 주거환경정비법과 서울시 조례 등에 의해 처리했고, 규정상 현금청산 대상자를 조합이 임의 처리해 아파트 분양 대상자로 돌릴 수는 없다”고 설명했다.  갈등이 이어지자 서초구가 중재에 나섰다. 서초구는 이르면 이달 중 ‘방배6구역 협의체 운영주민설명회’를 열 예정이다. 협의체를 구성해 이주대책, 손실보상·현금청산 방안 등을 의논하도록 할 계획이다. 당초 지난 19일 개최가 예정됐으나 민간 전문가 섭외 등의 이유로 한 차례 미뤄졌다.  방배6구역은 2015년 조합을 설립해 재개발 사업을 벌이고있다. 기존 건물과 주택 약 250가구를 헐고 16개 동 1111가구를 새로 지을 예정이다. 시공사는 대림산업이다. 대림산업은 이 구역에 ‘ 아크로파크브릿지’란 단지명을 붙일 계획이다.  선한결 기자 always@hankyung.com    기업의 환율관리 필수 아이템! 실시간 환율/금융서비스 한경Money [ 무료 주식 카톡방 ] 국내 최초, 카톡방 신청자수 38만명 돌파 < 업계 최대 카톡방 > --> 카톡방 입장하기!!     관련기사 ""정말 이례적인 일"" 망연자실한 신혼부부들 왜? '진퇴양난' 재건축… 사업포기 '퇴로'도 막혔다 돈방석 앉은 연예인들…1인 방송 BJ 수입 어떻길래 ""셈하기도 어렵다"" 방탄소년단 경제적 가치가 무려 마포·성동구 1억↓… ""목동선 집주인이 5000만원 낮춰 불러""    ⓒ 한국경제 & hankyung.com, 무단전재 및 재배포 금지"
292,5,"2018-05-22","20:30:08","""그래도 재건축""… 5곳 강화된 안전진단","방배삼호, 서울서 첫 신청     [ 김형규 기자 ] 지난 3월 재건축 안전진단이 강화된 이후 서울에서 처음으로 정밀안전진단을 시행하는 단지가 나왔다. 이를 포함해 총 5개단지가 4~5월에 안전진단 용역업체 모집에 나섰다.  22일 정비업계에 따르면 서울 서초구 방배동 ‘방배삼호’ 아파트는 지난달 30일 안전진단 용역업체 모집 공고를 냈다. 이번주 안으로 용역업체와 계약을 마친 뒤 정밀안전진단에 들어갈 방침이다. 이 단지는 1975년 준공된 43년차 아파트다. 주민들은 아파트가 낡아 강화된 안전진단도 수월하게 통과할 것으로 예상하고 있다. 안전진단 기준이 완화되길 기다리면서 녹슨 아파트에 거주할 수 없다는 생각이다. 김종인 방배삼호 재건축준비위원장은 “녹물이 나올 정도로 많이 낡다 보니구조 안전성에도 문제가 있을 것이라 보고 신청했다”며 “이 단지가 통과되지 않으면 앞으로 어떤 아파트도 재건축을 시작하기 힘들 것”이라고 말했다. 이 단지는 안전진단 기준 정상화 방안이 고시된 지난 2월28일 처음 안전진단을 신청했다. 3월 강화된 기준이 시행되자 입찰 공고를 취소한 뒤 두 달이 지나서 다시 냈다.  경기 부천시 심곡본동과 괴안동 아파트 단지 세 곳은 지난 10일 일제히 용역업체 모집공고를 냈다. 18일 업체 선정을 마치고 정밀 안전진단에 들어갔다. 이들 단지는 시에서 정비구역 기본계획 수립을 위해 재건축 안전진단 공고를 냈다. 비용은 시에서 부담하며, 올해부터 정비사업을 진행할 방침이다. 이들 단지 역시 강화된 안전진단 기준을 적용받는다.  지방에서도 안전진단 신청 단지가 나왔다. 전북 익산시 남중동 ‘장미그린빌라’는 지난달 5일 안전진단 용역업체 모집 공고를 냈다. 1983년 준공된 아파트다.  김형규 기자 khk@hankyung.com    기업의 환율관리 필수 아이템! 실시간 환율/금융서비스 한경Money [ 무료 주식 카톡방 ] 국내 최초, 카톡방 신청자수 38만명 돌파 < 업계 최대 카톡방 > --> 카톡방 입장하기!!     관련기사 송파구 '가락미륭' 안전진단 통과… 재건축 가능 마장동 '세림' 재건축 정밀안전진단 통과 ""정말 이례적인 일"" 망연자실한 신혼부부들 왜? 돈방석 앉은 연예인들…1인 방송 BJ 수입 어떻길래 ""셈하기도 어렵다"" 방탄소년단 경제적 가치가 무려    ⓒ 한국경제 & hankyung.com, 무단전재 및 재배포 금지"
292,6,"2018-05-22","20:30:00","제 2의 ‘나노스’ 동급 재료주 오늘만 무료공개! (선착순 10명)","이번주 이슈! 남은 5월 거침없이 상승할 재료주!!!  강력한 실적 모멘텀 & 기관 매집! 실적대비 저평가 종목만 선별!  ◆ 연일 수익! 시장을 능가하는 급등주 제대로 잡아드립니다!? [종목 무료 공개] ◆   **안정된 꾸준한 수익을 내시려면 상승하기 전 미리 선취매 매매로 접근!   ** VIP 회원 생생 후기 **  “정말 수익이 날까 하는 마음으로 무료 체험 신청시 조금씩 매수했는데 정말 수익이 나는군요. 이번에 주신 삼화전기도 대박입니다 3S도 수익 잘 챙겼습니다. 회원비는 벌써 뽑았네요 앞으로도 잘 부탁드립니다.” (vip 김미자 회원)  ◆ 시크릿 정보 +재료주 ! 상승전 정확한 타이밍에 매수 싸인 ! ◀   재료와 수급을 파악해 급등 전 선취매 하는 전략으로 고수익!  매수 후 3일 만에 급등할 종목 100% 무료로 드립니다.  추격매수 절대 無!! 감정에 휘둘리지 않는 인공지능 매매!    ◆ 터지기 전, 잡아라!! 이번주 상승할 후속 재료주 바로 신청하세요! → [ ▶ 선착순 10명 무료공개 ◀ ]   [ 인공지능 검색기 최근수익 ]  * 3S 40% ( 수익 )  * 고려개발 50% ( 수익 )  * 국영지앤엠 50% ( 수익 )  * 푸른기술 125% ( 수익 )  * 매직마이크로 610% ( 수익 )  * 한국특수형강 90% ( 수익 )  * 특수건설 70% ( 수익 )  * 인디에프 120 % ( 수익 )  * 컨버즈 310% ( 수익 )   ◆ 더 늦으면 후회 VIP 추천주 직접 수익 받아보자!! => 무료체험 신청!   저평가 된 종목을 매수 할 기회가 얼마 남지 않았다. 이번 후속 공략 종목으로 ‘삼화전기’, ‘3S’, ‘고려개발’, ‘국영지앤엠 외 다수의 추천 종목을 발굴하며 놀라운 수익을 안겨주어 개인투자자들에게 극찬을 받고 있는 스탁인데일리에서 다음주 급등이 예상되는 종목을 공개한다고 한다. 막막한 손실의 늪에서 미쳐 빠져 나오지 못한 투자자라면, 이번 공략주를 통해 계   좌역전에 기회를 절 때 놓치지 말길 바란다   ▶▶ 시장과 상관없다! 정확한 정보 재료주! => 빠른 신청!(선착순 10명) ◀◀  ◆ 다음주 급등 후속주 지금 바로 공개합니다 ◆   [ 인공지능 관심종목 ]  네패스(033640), 아우딘퓨쳐스(227610), 에프엔씨애드컬쳐(063440), 대양제지(006580), 매일홀딩스(005990), 나노(187790)켐텍, 현우산업(092300), 컬러레이(900310)         [본 글은 투자 참고용으로 이를 근거로 한 투자 손실에 대해 책임을 지지 않습니다. 해당 홍보용 기사는 이데일리와 무관합니다.]                                                                                                                                                                                                          .  ▶계좌회복프로젝트! 상위 전문가의 투자전략 및 추천종목‘[무료확인]’ ▶14년 연속 1위, 대한민국 대표 스탁론 하이스탁론 '<  br>   ' ＜ⓒ종합 경제정보 미디어 이데일리 - 무단전재 & 재배포 금지＞   "
292,7,"2018-05-22","20:29:50","성북4구역 '매몰비용 갈등' 3년 만에 해결","현대건설, 9억6000만원 채권 포기     [ 최진석 기자 ] 재개발지역(정비예정구역)에서 해제된 이후 17억원의 매몰 비용을 둘러싸고 소송까지 벌어졌던 서울 성북구 ‘성북4구역’ 갈등이 3년 만에 해결됐다.  서울시는 최근 성북4구역 시공사인 현대건설과 재개발 추진위원회 연대보증인(지역 내 토지 소유자)이 ‘매몰비용 갈등조정 합의이행 협약’을 맺었다고 22일 발표했다. 성북4구역은 2004년 주택재개발 정비예정구역으로 지정됐으나 사업 추진에 난항을 겪었고, 2015년 초 정비예정구역에서 해제됐다. 이후 현대건설은 추진위와 연대보증인에게 대여 원리금과 법정이자, 지연손해금 반환을 청구하는 소송을 제기해 지난 2월 대법원에서 17억2715만원의 채권을 확정받았다.  서울시와 성북구는 이 지역의 주거환경 개선을 위한 첫 단계로 갈등 해소에 나섰다. 이들은 12차례 심층면담과 갈등조정협의회 개최 등으로 입장 차이를 좁혔다.결국 추진위 연대보증인들이 채권 총 17억원 중 4억원을 분담해 다음달까지 현대건설에 내기로 합의했다. 나머지 채권 13억2700만원 가운데 25.7%(3억6400만원)는 성북구가 법인세·지방세 감면을 통해 현대건설에 보전해주기로 했다. 현대건설은 9억6000만원가량의 채권을 포기했다.  최진석 기자 iskra@hankyung.com    기업의 환율관리 필수 아이템! 실시간 환율/금융서비스 한경Money [ 무료 주식 카톡방 ] 국내 최초, 카톡방 신청자수 38만명 돌파 < 업계 최대 카톡방 > --> 카톡방 입장하기!!     관련기사 ""정말 이례적인 일"" 망연자실한 신혼부부들 왜? 아이에게 세계 식문화 알려주는 '가나다 밥상 프로젝트' 돈방석 앉은 연예인들…1인 방송BJ 수입 어떻길래 '국제공모' 잠실5 설계 당선작 공개 … 조합원 찬반 논쟁 ""셈하기도 어렵다"" 방탄소년단 경제적 가치가 무려    ⓒ 한국경제 & hankyung.com, 무단전재 및 재배포 금지"
293,1,"2018-05-22","19:59:43","펜스 ""김정은, 합의 않으면 北 '리비아 모델'처럼 끝난다""(종합3보)","펜스 ""김정은, 합의 않으면 北 '리비아 모델'처럼 끝난다""(종합3보)  트럼프 발언 다시 소개…""군사옵션 테이블서 내린 적 없어""   ""트럼프 속이려 들면 큰 실수""…핵ㆍ탄도미사일 불허 방침 재확인  ""김정은, 기회 잡길 희망…트럼프, 이미 한중일 경제지원 조직""      (워싱턴ㆍ서울=연합뉴스) 이승우 특파원 차대운 장재은 기자 = 마이크 펜스 미국 부통령이 비핵화 협상이 이뤄질 북미정상회담을 앞두고""북한이 리비아처럼 끝날수 있다""고 말했다.  이는 독재자이던 무아마르 카다피가 이끌던 리비아 정권이 전복되는 과정을 암시한 것으로, 북한에 대한 강력한 경고이자 위협으로 받아들여지고 있다.  펜스 부통령은 21일(현지시간) 미국 폭스뉴스 인터뷰에서 ""지난주 리비아 모델과 관련한 어떤 얘기가 있었다""며 ""알다시피 (도널드 트럼프) 대통령이 분명히 밝힌 것처럼 만약 김정은(북한 국무위원장)이 합의를 하지 않는다면 이번 사안은 리비아 모델이 끝난 것처럼 끝나고 말것""이라고 말했다.  그는 리비아와 북한에 대한 이 비교가 위협처럼 들린다는 인터뷰 진행자의 말에 ""글쎄, 나는 그게 (위협이라기보다) 사실에 더 가까운 것 같다""고 굳이 부인하지 않았다.  트럼프 미국 대통령은 펜스 부통령이 언급한 것처럼 지난 17일 백악관에서 기자들과 만나 '리비아 모델'을 거론했다.  그는 ""리비아에서 우리는 그 나라를 초토화했다. 카다피를 지키는 합의가 없었다. 우리는 가서 그를 학살했다""며 ""만약 (비핵화) 합의를이루지 못하면 그(리비아) 모델이 발생할 것이지만 합의한다면 김정은은 매우 매우 매우 행복할 것""이라고 말했다.     비핵화 협상을 앞두고 '리비아 모델'은 핵무기 개발 프로그램을 미리 완전히 폐기하고 나중에 그 대가를 보상하는 일괄타결 프로세스를의미했다.  이 모델을 거론해 논란을 일으킨 존 볼턴 백악관 국가안보보좌관도 최소한 표면적으로는 2003년 당시 합의 프로세스를 '리비아 모델'로언급했다.  그러나 트럼프 대통령은 2011년 서방의 침공으로 리비아 정권이 무너지고 카다피가 미국이 지지하는 반군에 잡혀 살해된 사례를 '리비아모델'로 지목했다.  이날 인터뷰에서 펜스 부통령은 대북 군사옵션과 관련해 ""그건 (테이블에서) 내려온 적이 없었다""며 ""트럼프 대통령은 미국 행정부가 우리 국민과 미국을 위협하는 핵무기와 탄도미사일을 북한이 보유하는 것을 용납하지 않을 것이라는 점을 명확히 했다""고 말했다.  도발적 경고를 쏟아내는 다른 한편으로 펜스 부통령은 합의가 이뤄질 경우 뒤따를 지원책도 제안했다.  그는 리비아 모델을 거론하면서 ""우리는 정말로 김정은이 자신의 핵무기 프로그램을 폐기하고 이를 평화적 수단으로 이행할 기회를 잡길희망한다""고 강조했다.  트럼프 대통령이 CVID(완전하고 검증가능하며 불가역적인 비핵화)를 원한다며 이를 이루면 경제적 이익이 뒤따를 것이라고 강조하기도 했다.  펜스 부통령은 ""트럼프 대통령이 명확히 했다""며 ""우리가 돌아올 수 없는 지점(비핵화를 번복할 수 없는 상황)에 도달하기만 하면, 우리가 적합한 검증, 완전한 투명성과 함께 핵무기 프로그램을 폐기하는 지점에 이르기만 하다면 북한에는 기회와 혜택이 있다""고 말했다.  특히 펜스 부통령은 김정은 정권의 밝은 미래를 창출하기 위한 재원을 만들기 위해 트럼프 대통령이 이미 한국, 일본 뿐만 아니라 중국까지 포함한 역내 국가들로부터 지원을 조직해놓았다고 설명했다.     펜스 부통령은 내달 12일 북미정상회담에서 북한의 제의가 불만족스러우면 형식적 합의에 연연하지 않겠다는 트럼프 대통령의 의지도 소개했다.  특히, 비핵화에 이르지 못한 전임 행정부의 대북협상 결과를 비판하며 ""김정은이 트럼프를 상대로 장난을 칠 수 있다고 생각한다면 큰 실수일 것""이라고 말했다.  그러면서 트럼프 대통령이 북미회담장에서 테이블을 박차고 나올 준비가 돼 있느냐는 질문에는 ""의심의 여지가 없다""고 강조했다.  미국에서는 트럼프 대통령이 북한 비핵화와 관련해 만족할 성과를 얻지 못하면 정치적 후폭풍을 맞을 것이라는 관측이 고개를 들고 있다.  트럼프 대통령이 노벨평화상을 염두에 두고 이번 회담을 지나치게 갈망하는 듯한 신호를 보이면서 북한이 정상회담 무산 가능성을 내비치는 등 대화의 유리한 고지를 선점할 수 있게 하는 우를 범했다는 비판도 나온다.  이에 대해 펜스 부통령은 ""나는 트럼프 대통령이 (북미정상회담 치적) 홍보를 생각하고 있다고 여기지 않는다""며 ""트럼프 대통령은 평화를 생각하고 있다""고 강조했다.  그는 남북 정상회담과 같은 최근 수개월 간의 진전을 언급하며 미국이 원하는 접근법은 평화적 해결이라는 점을 다시 강조했다.  펜스 부통령은 ""미국이 평화적 해법을 희망한다는 게 현실""이라며 ""트럼프 대통령은 북미정상회담이 개최되는 데 열린 자세를 유지하고있고 우리는 비핵화 목표, 극한의 압박작전을 견지하는 가운데서도 그 경로를 계속 추구할 것""이라고 말했다.  leslie@yna.co.kr   (끝)    <긴급속보 SMS 신청> <포토 매거진> < M-SPORTS >   <저작권자(c) 연합뉴스, 무단 전재-재배포 금지>"
293,2,"2018-05-22","19:57:31","드루킹 세번째 변호사도 특검 앞두고 사임","[헤럴드경제=이슈섹션] 드루킹 김동원 씨의 세 번째 변호사가 특검을 앞두고 사임했다.   22일 법원 등에 따르면 그간 드루킹의 변호를 맡았던 법무법인 화담의 오정국 변호사는 전날 서울중앙지법에 사임계를 제출했다. 오 변호사는 지난 주말 드루킹 측에 사임의 뜻을 전한 것으로 알려졌다.   오 변호사는 국민일보와 통화에서 “한 달 정도 됐는데 그 외에 맡은 사건을 제대로 하지 못했다. 쏟아지는 기자들의 취재 요청도 (대응하기) 힘이 들었다”고 그만둔 이유를 밝혔다.   김동원 씨. [사진=연합뉴스]  드루킹의 핵심 측근으로 알려진 서유기 박 모씨의 변호사 역시 재판이 시작되면서 사임계를 제출했다.  댓글조작 의혹과 관련해 선임된 변호사가 모두 사임한 가운데 드루킹 측 법률 대응은 다시 경제적공진화모임(경공모)의 법무 스태프였던 윤평 변호사가 총괄하는 모양새다.  onlinenews@heraldcorp.com     [프리미엄 링크] ◆ [평생무료] ""주식카톡방"" 대박주를 추천받는데 100원도 안낸다~ ◆ 무료O, 회원가입X. 바로보는 증권전문가의 실시간 라이브방송.  10%수익을 40%로 만들어 준다고?? 영웅스탁론이라면 가능~! [영웅스탁론]효과적인 레버리지를 이용하여 수익률을 4배로!!    이 종목 미리 알았더라면.. 화제의 급등주검색기 실전투자 300%비법 무료체험 3일신청시 [즉시공개!]    김태희, 로또 대박?! 20억 당첨금 공개..    테마주!외국인+기관 쌍끌이 매집중인 종목  전문가들도 탐내는 급등주 공식 무료배포! [클릭]    [오늘의 인기기사] ◆ [국대스탁론]업계 최저금리 2.29%! 100%한종목 투자가능+신용/ 미수 대환가능 ◆ [국민스탁론]저렴한 연2.7% 금리로 최대 4배 투자 가능 ◆ [마감임박] '급등주 문자메시지' 100% 무료로 받아보기! ◆ [상한가속출] ""깜짝놀랐다"" 카톡무료체험으로 3000만원 수익달성!  ◆[밴드스탁론] 연 2%대 금리, 신용 미수 대환 가능, 주식자금 전문 ☏ 1899-9044 ◆똑똑해진 소비자..한국도 이젠 소형차 시대 ◆2020년 한국 TV 2대중1대 인터넷 연결된다"
293,3,"2018-05-22","19:56:40","생계형 적합업종 법제화… ""中企 M&A활로 막힐 것""","국회 산자위 '생계형 적합업종 특별법' 통과 논란     동반성장위 위상 추락할 듯   합의 통한 상생 노력에 '찬물'    총 73개 적합업종 품목 중   중기부 장관이 심의 후 지정  5년간 대기업 진입 금지   위반 땐 시정명령·벌금 부과     골판지 1위 태림포장 인수전   대기업 참여 막힐 수도     [ 김진수 기자 ] “동반성장위원회가 중소기업적합업종 제도를 운영할 때는 그래도 중소기업 대기업 사람들이 같이 현장에 가보고 언성높이며 토론도 했습니다. 논란은 많았지만 자율적 합의라는 것도 해보고….”  대기업 관계자의 말이다. ‘소상공인 생계형 적합업종 특별법’(생계형 적합업종)이 28일 국회 본회의를 통과할 것이 확실시되고 있다. 사회적 합의는 사라지고 모든 것을 법적으로 해결하는 분위기가 더 커질 게 안타깝다는 얘기였다. 생계형 적합업종 논란은 여기서 그치지 않는다. 골판지 등 인수합병(M&A) 작업도 차질을 빚을 것으로 보인다. 중소·중견기업을 인수하려는 대기업 진입이 원천 봉쇄되기 때문이다.  ○동반성장위 위상 축소되나  동반성장위는 ‘대·중소기업 상생협력 촉진에 관한 법’에 따라 2011년부터 중소기업적합업종 제도를 운영하고 있다. 많은 논란이 있었지만 기본 정신은 합의를 통한 상생이었다. 중소기업들이 적합업종 지정을 요구하면 대기업, 중소기업이 머리를 맞대고 논의했다. 서로의 생각을 경청하기도 했다. 불만은 있었지만 그래도 받아들였다. 하지만 앞으로 이런 자리는 사실상 사라질 것으로 보인다. 적합업종으로 지정되면 대기업 진입이 5년간 원천적으로 금지되기 때문이다. 또 위반하면 중소벤처기업부 장관이 시정명령을 내리고, 매출의 5% 이내에서 이행강제금을 부과할 수 있는 조항이 추가됐다.  형식적으로는 동반성장위 역할이 남아 있다. 소상공인 단체가 현행 중소기업적합업종 품목에 포함된 73개 업종을 중심으로 생계형 적합업종 지정을 요구하면 동반성장위가 중기부 장관에게 이를 신청할 수 있도록 해놨다. 하지만 다음 절차가 다르다. 동반성장위에서 논의하는 것이 아니다. 중기부 장관이 15명으로 이뤄진 심의위원회의 의결에 따라 적합업종을 지정하게 된다. 동반성장위가 중소기업적합업종을 계속 담당한다고 하지만 사회적 합의를 지향했던 동반성장위는 신청 창구로 전락할 수밖에 없는 셈이다.  업계 관계자는 “동반성장위가 (생계형 적합업종) 신청을 추천하지만 형식적인 절차”라며 “강력한 보호막인 생계형 적합업종을 선호할 수밖에 없을 것”이라고 말했다. 이에 따라 동반성장위가 지정한 적합업종 가운데 기간이 만료된 단체가 우선적으로 생계형 적합업종 신청에 나설 가능성이 높다고 업계는 보고 있다. 중소기업적합업종 73개 가운데 전통떡 순대 두부 등 47개 품목이 지정 만료된 상태다.  ○생계형 적합업종 시장 위축될 듯  업계에서는 생계형 적합업종으로 지정되면 시장 규모가 축소될 것으로 우려하고 있다. 시장 확장 능력이 있는 대기업의 신규 시장 진입이 금지되는 데다 기존에 진입한 기업이 규모를 확장하는 것도 어려워질 가능성이 높기 때문이다.  골판지업계에서는 태림포장 영풍제지 등의 M&A에 생계형 적합업종지정이 주요 변수가 될 것으로 보고 있다. 지난해 매출 5657억원을 기록한 태림포장은 골판지 시장 점유율 20%선을 기록하고 있는 국내 1위업체다. 택배 수요가 많은 대기업과 아세아제지 등 동종업계에서 관심을 나타내고 있다. 한 골판지 업체 관계자는 “골판지는 택배 수요 증가 등에 힘입어 매년 성장세를 보이는 분야”라며 “생계형 적합업종으로 지정되면 대기업의 인수전 참여가 사실상 막힌다”고 말했다.  김진수 기자 true@hankyung.com    기업의 환율관리 필수 아이템! 실시간 환율/금융서비스 한경Money [ 무료 주식 카톡방 ] 국내 최초, 카톡방 신청자수 38만명 돌파 < 업계 최대 카톡방 > --> 카톡방 입장하기!!     관련기사 ""정말 이례적인 일"" 망연자실한 신혼부부들 왜? 회수 힘든 외상대금에 대출 실시 평일 낮 함께 영화보는 라인메쎄 돈방석 앉은 연예인들…1인 방송 BJ 수입 어떻길래 ""셈하기도 어렵다"" 방탄소년단 경제적 가치가 무려    ⓒ 한국경제 & hankyung.com, 무단전재 및 재배포 금지"
293,4,"2018-05-22","19:55:45","中도 노동력 부족에 두손...산아제한 전면 폐지한다","세계 최강 인구대국 중국에서 노동인구 부족에 대한 공포가 커지자 당국이 지난 40여년 동안 유지해온 자녀 수 제한정책을 전면 폐지하는 방안을 검토하고 나섰다. 시진핑 지도부는 지난 2015년부터 한 자녀 정책을 폐지하고 두 자녀를 허용하고 있지만 기대보다 출산율이 늘지않는 반면 인구 고령화는 급속히 진행되면서 세계 최대 인구가 경제성장을 짓누르는 짐이 될 수 있다는 우려가 고조되고 있다. 당국은 산아제한 전면폐지를 염두에 두고 있지만 이미 적절한 시점을 놓쳤다는 경고의 목소리가 크다.   블룸버그통신은 22일(현지시간) 최근 중국국무원이 전문 연구기관에 자녀 수 제한정책 폐지가 사회에 미치는 영향에 대한 연구를 위탁했다며 중국이 산아제한 폐지안을 이르면 올해 안이나 늦어도 내년 초 전면 도입할 수 있다고 전했다.  중국 사회가 이미 ‘루이스 전환점(농촌에서 노동 공급이 중단돼 임금이 급등하는 시기)’을 넘어선 상태에서 인구 한계의 장벽에까지 부딪칠 경우 시 국가주석이 꿈꾸는 ‘샤오캉’ 사회(국민 모두가 편안하고 풍족한 사회)와 초강대국 실현의 꿈도 멀어질 것이라는 경고가 나오면서 당국이 서둘러 비상대책 마련에 나선 모양새다.   블룸버그는 한 자녀정책 폐지 이후에도 당초 기대만큼 신생아 수가 늘지 않으면서 근로인구 감소 우려에 따른 경제성장률 둔화 가능성이 고조된 것이 전면적인산아제한 철폐정책을 도입한 배경이라고 설명했다. 두 자녀 정책 시행 첫해인 2016년 중국 신생아는 1,786만명으로 전년 대비 130만명 늘었지만 지난해에는 당국의 기대치였던 2,000만명에 훨씬 못 미치는 1,723만명에 그쳤다.   시진핑 지도부는 지난해 신생아 수가 전년 대비오히려 3.5% 줄어들자 큰 충격을 받은 것으로 알려졌다. 앞서 2015년 출생인구가 전년(1,687만명)보다 32만명 줄어든 1,655만명으로 집계되자 시진핑 지도부는 서둘러 한 자녀 정책 전격폐지 정책을 발표한 바 있다.   중국 지도부에서는 급속한 고령화와 인구성장 정체가 겹치면서 노동인구 감소는 물론 경제성장률 저하, 연금기금 고갈, 복지비용 급증 등 많은 문제가 증폭될 수 있다는 위기의식이 고조되고 있다. 글로벌 시장에서도 중국의 급속한 고령화와 임금 상승에 따른 경쟁력 저하를 염려하는 목소리가 커지고 있다. 무디스 같은 글로벌 신용평가사는 지난해 중국의 국가신용등급을 낮추면서 중국의 급속한 고령화와 생산인구 감소 우려를 주원인으로 꼽기도 했다. 최근 월스트리트저널(WSJ) 은 중국의 60세 이상 인구 수가 10년 안에 미국 전체 인구 수보다 많아질 것이라며 낮은 출산율이 결국 노동력을 저하시켜 중국의 경제성장을 위협할 것이라고 분석했다.   인구학자들 사이에서는 중국 당국의 산아정책 폐기 움직임에도 노동인구 감소 추세를 뒤집을 골든타임이 이미 지나갔다는 주장도 나온다. 중국 국가위생계획출산위원회에서 활동했던 첸지앤 중국경제개혁학회 부회장은 “중국의 산아제한 정책 철폐 시점은 중국의 출생률 감소를 막기에 너무 늦었다”면서 “중국의 인구 문제는 오는 2035년까지 현대화한 사회주의 국가를 구축하겠다는시 주석의 꿈에 큰 장애물이 될 것”이라고 경고했다.  중국은 급속한 인구 증가를 막기 위해 1978년 강제 시행한 한 자녀 정책을 2015년 폐지하고 2016년부터 두 자녀를 허용했지만 중국 가족계획법에는 여전히 세 자녀 이상을 출산하는 가정에 벌금을 물릴 수 있도록 규정돼있다. /베이징=홍병문특파원 hbm@sedaily.com    ▶▶ 2018년 정부 정책 수혜주 TOP 10 大공개! (바로 확인)  ▶▶ 재료노출 임박한 상위1%의 극비정보 30명한정 공개(무료)    [ⓒ 서울경제, 무단 전재 및 재배포금지]"
293,5,"2018-05-22","19:55:43","OECD 3월 실업률… 한국·스웨덴만 상승","韓 실업률 4%… 0.4%P↑   17년 만에 가장 높아   청년 실업률 11.1% 달해  ""반도체 부진땐 더 악화""      [ 임도원/김일규 기자 ] 경제협력개발기구(OECD) 회원국 중에서 지난 3월 실업률이 오른 국가는 한국과 스웨덴밖에 없는 것으로 나타났다. 주요 7개국(G7)을 비롯한 선진국은 경제 호조 등에 힘입어 실업률이 하락한 반면 한국은 급격한 최저임금 상승, 부동산 규제 등의 여파로 고용이 악화됐다. 지난 1 년간 정부의 고용정책 실패가 글로벌 통계로 여실히 드러났다는 지적이 나온다.  22일 OECD에 따르면 35개 전체 회원국의 3월 평균 실업률(계절조정)은 5.4%로 전달과 같았다. 미국 일본 영국 프랑스 독일 이탈리아 캐나다 등 G7 국가의 평균 실업률은 4.7%에서 4.6%로 낮아졌다. 다른 G7 국가의 수치는 그대로인 가운데 독일이 3.5%에서 3.4%로, 프랑스가 8.9%에서 8.8%로 하락한 결과였다. 독일은 1990년 10월 통일 이후 최저치를 경신하고 있고, 프랑스는 2009년 이후 가장 낮은 수치를 기록 중이다. 미국은 4.1%로 전달과 같았지만 지난달 속보치에서는 3.9%를 기록해 4월 기준 수치는 하락할 전망이다. 도널드 트럼프 대통령의 감세 정책으로 기업 실적이 호전된 데 힘입은 17년 만의 최저치라는 분석이 나온다.  이 밖에 네덜란드가 2월 4.1%에서 3월 3.9%로 떨어진 것을 비롯해 같은 기간 포르투갈(7.6%→7.4%) 핀란드(8.3%→8.2%) 덴마크(4.9%→4.8%) 스페인(16.2%→16.1%) 슬로베니아(5.3%→5.2%) 이스라엘(3.8%→3.6%) 멕시코(3.3%→3.2%) 등 국가도 실업률이 하락했다.  반면 한국은 3.6%에서 4.0%로 상승했다. 한국 실업률은 3월 기준으로 2001년에 이어 17년만에 가장 높은 수치로 치솟았다. 한국 외에 실업률이 오른 회원국은 스웨덴(5.9%→6.2%)밖에 없었다. 청년(15~24세) 실업률도 OECD 평균이 11.2%에서 11.1%로 낮아진 반면 한국은 9.9%에서 11.1%로 높아졌다. 기획재정부 관계자는 “부동산 규제로 인해 건설 부문에서 일자리가 줄어든 데 이어 제조업 분야도 고용이 위축되는 추세”라며 “반도체 호황이 끝나 수출에 타격을 입으면 고용 상황이 걷잡을수 없이 악화될 가능성이 있다”고 말했다.  임도원/김일규 기자 van7691@hankyung.com    기업의 환율관리 필수 아이템! 실시간 환율/금융서비스 한경Money [ 무료 주식 카톡방 ] 국내최초, 카톡방 신청자수 38만명 돌파 < 업계 최대 카톡방 > --> 카톡방 입장하기!!     관련기사 ""정말 이례적인 일"" 망연자실한 신혼부부들 왜? 인구구조에 책임 돌리는 靑 돈방석앉은 연예인들…1인 방송 BJ 수입 어떻길래 다우 8일 연속 상승, 하지만 경고음 쏟아낸 월가 ""셈하기도 어렵다"" 방탄소년단 경제적 가치가 무려    ⓒ 한국경제 & hankyung.com, 무단전재 및 재배포 금지"
293,6,"2018-05-22","19:55:09","伊 포퓰리즘 연정, 총리후보에 콘테","이탈리아정부 구성에 합의한 포퓰리즘 정당 오성운동과 극우동맹이 차기 총리 후보로 정치 신인인 주세페 콘테(54)를 추천했다.   21일(현지시간) AP통신 등은 이날 루이지 디마이오 오성운동 대표가 로마 대통령궁에서 세르조 마타렐라 대통령과 면담한 뒤 법학자인 콘테를 총리 후보로 천거했다고 전혔다. 디마이오 대표는 “이번 선택에 자부심을 느낀다”며 “콘테는 오성운동과 동맹이 합의한 연정의 수장이 될 것이며 그는 이탈리아인들을 배신하지 않을 것”이라고 말했다.   총리 후보에 오른 콘테는 대중에게 이름이 거의 알려지지 않은 변호사 겸 법학 교수로 오성운동 당원이다. 현재 로마에서 법률사무소를 운영하며 피렌체대와 로마 루이스대에서 사법과목을 가르치고 있다.   현지언론에 따르면 이날 마타렐라 대통령은 디마이오 대표와 마테오 살비니 동맹 대표를 차례로 만나 총리 후보와 더불어 내각명단도 공식 보고받았다. 디마이오 대표는 오성운동의 대표공약인 ‘빈민을 위한 기본소득 도입’을 실천하기 위해 노동·복지장관으로, 반난민 정서를 등에 업고 부상한 살비니 대표는 이민정책을 총괄하는 내무장관 후보로 각각 거론되는 것으로 알려졌다. 마타렐라 대통령이 두 정당 간 합의 내용을승인하면 이탈리아는 지난 3월 총선 이후 약 11주에 걸친 무정부 상태에 종지부를 찍고 서유럽 최초의 포퓰리즘 정부를 맞게 된다. 오성운동과 동맹은 3월 총선에서 각각 33%와 17%의 득표율을 기록해 합산 의석이 절반을 넘긴 만큼 이들의 연정은 의회 신임투표를 무난히 통과할 것으로 관측된다.   다만 마타렐라 대통령이 정부 구성안을 순순히 받아들일지는 미지수다. 현지 언론들은 그가 각 정당에 책임감 있는정책제시를 주문해온데다 친유럽연합(EU) 노선을 포함해 일관성 있는 외교정책이 유지돼야 한다고 강조해왔다며 막대한 재정지출이 뒤따르고반EU 정책을 천명하는 포퓰리즘 정부 구성안을 쉽게 수용하기는 어려울 것으로 보고 있다.   금융시장도 포퓰리즘 정권 출범을 앞두고민감하게 반응하고 있다. 이날 밀라노 증시의 FTSE MIB지수는 1.52% 하락했으며 이탈리아와 독일 국채 10년물 스프레드(금리차)는 11개월 만에 최고치인 189bp(1bp=0.01%포인트)까지 치솟았다.  /박홍용기자 prodigy@sedaily.com    [서울경제 관련뉴스] 伊 오성운동 돌풍 디마이오 대표 “차기 정부 우리가 운영해야” 세계 이목 쏠린 伊총선...투표장 들어서는 디마이오·베를루스코니 伊 오성운동 돌풍뒤엔 31세 디마이오 있었다  이탈리아 집단 성폭행, 호텔 직원들이 투숙객에... 충격  이탈리아, 러시아 외교관 2명 추방키로···""영국에 연대 표시""   ▶▶ 2018년 정부 정책 수혜주 TOP 10 大공개! (바로 확인)  ▶▶ 재료노출 임박한 상위1%의 극비정보 30명한정 공개(무료)    [ⓒ 서울경제, 무단 전재 및 재배포 금지]"
293,7,"2018-05-22","19:54:26","경기도 '業 창조오디션' 참가사 모집","경기도는 23일부터 다음달 24일까지 ‘2018년 제2회 업(業·UP) 창조오디션’ 참가 기업을 모집한다고 22일 밝혔다.  업 창조오디션은스타트업이 업계 전문가와 투자자 앞에서 사업모델을 설명하고 사업성을 검증받는 행사다. 도는 1·2차 면접심사를 통과한 5개 내외 기업을대상으로 발표컨설팅을 한 후 오는 7월31일 최종 본선을 개최할 예정이다.   본선에 진출한 팀은 투자자와 만남의 시간을 통한 상호 정보 교류와 창업자금·기술보증 등 공공기관의 자금 지원에 대해 상담받을 수 있다. 최종 우승 1개 팀에는 1,000만원의 시상금과 함께 크라우드펀딩 등록비용(50%), 기업 홍보 등의 혜택이 제공된다. /윤종열기자 yjyun@sedaily.com    ▶▶ 2018년 정부 정책 수혜주 TOP 10 大공개! (바로 확인)  ▶▶ 재료노출 임박한 상위1%의 극비정보 30명한정 공개(무료)    [ⓒ 서울경제, 무단 전재 및 재배포 금지]"
294,1,"2018-05-22","19:45:30","""중국 인권운동가 부인 류샤 '강제 여행' 가능성""","""중국 인권운동가 부인 류샤 '강제 여행' 가능성""  톈안먼 사태 29주년 앞두고 최근 수일간 연락두절     (홍콩=연합뉴스) 안승섭 특파원 = 지난해 7월 간암으로 별세한 중국 인권운동가이자 노벨평화상 수상자 류샤오보(劉曉波)의 부인 류샤(劉霞)가 '강제 여행'을 당했을 가능성이 있다고 홍콩 명보가 22일 보도했다.  명보에 따르면 홍콩 인권단체인 중국인권민운정보센터는 지금껏 류샤와 꾸준히 연락을 취해왔으나, 최근 수일간 베이징 하이뎬(海淀) 구에 있는 류샤 자택에서 아무도 전화를 받지 않아 연락두절 상태가 됐다.  센터는 류샤의 동생 류휘(劉暉)에게 전화한 결과, 류샤가 자택은 물론 동생의 집에도 없다는 것을 확인했다.  이어 류샤의 친척 2명에게도 연락했지만, 류샤가 어디로 갔는지 알지 못한다는 답변만을 들었다.  이에 류샤가 지난해처럼 중국 당국에 의해 강제 여행을 갔을 가능성이 제기된다.  류샤는 류샤오보의 사망 후 외국으로 이주하길 원했으나, 지난해 7월 15일 남편의 장례식 직후 중국 당국에 의해 윈난(雲南) 성 다리(大理) 시로 강제 여행을 가면서 외부와 40여 일간 연락이 끊겼다.  이후 베이징의 자택으로 돌아왔으나, 정부에 의해 가택연금을 당해 외출조차 쉽지 않은 상황이다.  미국과 독일, 프랑스 정부는 류샤의 출국을 촉구하고 있으나, 중국 정부는 ""류샤는 중국인으로서, 중국법에 따라 관련 사안을 처리하겠다""는 원론적인 답변만을 하고 있다.  일부에서는 톈안먼(天安門) 사태 29주년이 다가오면서 중국 민주화 운동의 상징과 같은 류샤를 중국 정부가 강제로 여행시킨 것 아니냐는 의혹도 제기한다.  톈안먼 사태는 중국 정부가 1989년 6월 4일 베이징 톈안먼 광장에서 민주화를 요구하던 학생과 시민 100만여 명을 무력으로 진압해 많은사람이 목숨을 잃은 사건을 말한다.  ssahn@yna.co.kr   (끝)    <긴급속보 SMS 신청> <포토 매거진> < M-SPORTS >   <저작권자(c) 연합뉴스, 무단 전재-재배포 금지>"
294,2,"2018-05-22","19:45:06","中CCTV ""외신기자단, 오늘 오후 7시 풍계리로 출발 예정""","북한의 풍계리 핵실험장 폐쇄 공개 행사를 취재하기 위해 도착한 외신 취재진이 22일 오후 7시 풍계리 현장으로 출발할 예정이다.  중국 중앙(CC)TV는 이날 “외신기자단 전체가 오후 7시(북한시간 기준) 취재 현장인 북쪽으로 이동할 것 같다”며 “최종 일정은 북한 측의 통지를 지켜봐야 한다”고 보도했다.  CCTV에 따르면, 북한 당국은 원산 갈마 비행장에서 도착한 외신 기자 22명을 비행장 인근 숙소로 안내한 뒤 원활한 취재를 위해 인터넷과 휴대전화 서비스를 개통했다. CCTV 기자는 “인터넷, 휴대전화, 숙소 등 취재 환경이 양호한 편”이라며 “북한 당국 각 부문이 취재 지원을 위해 상당히 신경을 쓰고 있다”고 소개했다. /변재현기자 humbleness@sedaily.com    ▶▶ 2018년 정부 정책 수혜주 TOP 10 大공개! (바로 확인)  ▶▶ 재료노출 임박한 상위1%의 극비정보 30명한정 공개(무료)    [ⓒ 서울경제, 무단 전재 및 재배포 금지]"
294,3,"2018-05-22","19:45:00","프랑스 공무원, 마크롱 대통령과 또 충돌…총파업 나서","- 공무원 감축, 국철 개편 반발…9개 노조 동참 호소  [이데일리 뉴스속보팀] 에마뉘엘 마크롱 프랑스 대통령 취임 이후 공무원과의 갈등이 심화되고 있다.   22일(현지시간) 프랑스 노동계에 따르면 프랑스 전역에서는 마크롱 대통령의 공무원 감축과 국철 개편 등에 반발한 공무원들이 하루 총파업을 벌였다. 이날 전역에서 130~140개의 공무원 파업 집회가 열리고 있으며 국공립학교 교사들과 공립병원 직원, 공항 관제사 등이 파업에 동참했다. 이번 파업에는 노동총동맹(CGT), 민주노동동맹(CFDT), 노동자의 힘(FO) 등 공무원 가입 노조 9개가 모두파업 동참을 호소하고 있다. 공무원 노조의 총파업은 작년 5월 마크롱의 취임 이후 이번이 세 번째다.  프랑스 공무원들은 마크롱 대통령의 공무원 감축과 계약직 확대 등에 반대하고 있는 것으로 전해졌다. 마크롱 대통령은 프랑스 공공부문 개혁을 위해 2022년까지 공무원 12 만명을 감축하겠다고 밝힌 바 있다. 공무원 조직을 줄여 마련한 예산은 경제 활력 제고르 활용하겠다는 복안이다. 국가공무원 계약직 비중 확대, 실적에 따른 차등 보상 등도 추진하고 있다.  이에 대해 공무원 노조들은 프랑스의 공공부문을 해체하려는 시도라며 국가공무원의종신고용 체제가 위협받을 것으로 우려하고 있다. 임금동결과 공무원의 사회보장세(CSG) 증액 등도 반발하고 있다.  ▶계좌회복프로젝트! 상위 전문가의 투자전략 및 추천종목‘[무료확인]’ ▶14년 연속 1위, 대한민국 대표 스탁론 하이스탁론 '    ' ＜ⓒ종합 경제정보 미디어 이데일리 - 무단전재 & 재배포 금지＞   "
294,4,"2018-05-22","19:44:57","금융위, '시중은행 지역대출 의무화' 추진 않기로","文 정부 국정과제 중 하나   일정비율 지역에 대출하는 제도  ""자율성 침해하고 부작용 크다""  금융연구원 우려 등 반영     [ 강경민 기자 ] 금융위원회는 문재인 정부의 국정과제 중 하나인 ‘시중은행의 지역 내 대출 의무화’ 제도를 도입하지 않기로 했다. 이 제도는 시중은행이 지역에서 받은 예금의 일정 비율을 해당 지역 내 중소기업이나 영세상공인 등에게 의무적으로 대출해 주자는 것으로 문 대통령이 2012년에 이어 지난해 대선 때 내놓은 공약이다. 하지만 이를 시행할 경우 은행의 자율성을 침해하는 등 부작용이 클 수 있다는 것이 금융위의 판단이다.  금융위 관계자는 “지난해부터 시중은행의 지역대출 의무화에 따른 영향을 검토한 결과 편익보다는 부작용이 크다는 판단에 따라 추진하지 않기로 실무차원에서 방침을 정했다”고 22일 말했다. 금융위는 부작용이 더 크다는 내용이 담긴 ‘지역금융 활성화를 위한 제도 개선 방안’ 연구용역 최종결과를 금융연구원으로부터 제출받았다.  문재인 정부의 인수위원회 역할을 맡은 국정기획자문위원회는 지난해 7월 시중은행의 지역대출 의무화를 골자로 하는 지역재투자제도를 도입하겠다는 방침을 밝혔다. 현행법상 저축은행은 상호저축은행법에 따라 전체 대출의 50% 이상을 본점이 속한 권역에 내줘야 한다.  하지만 시중은행은 이런 제한을 받지 않는다. 이렇다 보니 서울을 비롯한 수도권엔 실물경제 규모에 비해 더 많은 자금이 유입되지만, 지방은 실물경제보다 적은 자금이 공급된다는 것이 국정위의 논리였다. 이에 금융위는 지난해 9월 지역재투자제도의 영향 등에 대한 연구용역을 금융연구원에발주했다.  하지만 금융위는 수개월간 논의를 거친 끝에 시중은행의 지역 내 대출 의무화는 바람직하지 않다는 결론을 내린 것으로 전해졌다. 은행의 자율성을 해치고 시장원리를 위배할 수 있는 데다 전국을 기반으로 하는 시중은행에 지역 단위 규제를 두는 것은 논리적으로 타당하지 않다는 판단에서다. 금융권에서도 ‘시중은행에 지역 금융회사의 부담을 떠넘기는 것’이라는 비판이 많았다.  이에 따라 금융위는 수도권을 제외한 지역에 일정 비율 이상의 대출을 내주는 시중은행엔 인센티브를 주기로 방침을 바꿨다. 금융위 관계자는 “지방 대출 비중이 지나치게 낮은 시중은행에는 불이익을 주는 방안도 검토하고 있다”고 말했다.  강경민 기자 kkm1026@hankyung.com    기업의환율관리 필수 아이템! 실시간 환율/금융서비스 한경Money [ 무료 주식 카톡방 ] 국내 최초, 카톡방 신청자수 38만명 돌파 < 업계 최대 카톡방 > --> 카톡방 입장하기!!     관련기사 금융위 ""개인회생 변제기간 단축으로 신용위축 우려"" 은행 외국지점 낼때 자기자본 1% 이하 투자면 사후보고 ""정말 이례적인 일"" 망연자실한 신혼부부들 왜? 돈방석 앉은 연예인들…1인 방송 BJ 수입어떻길래 ""셈하기도 어렵다"" 방탄소년단 경제적 가치가 무려    ⓒ 한국경제 & hankyung.com, 무단전재 및 재배포 금지"
294,5,"2018-05-22","19:44:38","캐피털업계도 年 24% 초과금리 소급 인하","이달 말부터 적용  14만명 금리인하 혜택  ""당국 압박 따라 불가피""      [ 윤희은 기자 ] 법정 최고금리인 연 24%를 초과한 금리로 캐피털업체를 이용해 온 대출자 중 14만 명이 인하된 금리 혜택을 받을 수 있게 된다.  여신금융협회는 현대·KB·아주 등 협회 소속 캐피털업체들이 법정 최고금리(연 24%)를 넘어서는 일부 기존 대출의 적용금리를 이달 말부터 내리기로 했다고 22일 발표했다.  대상은 개정 대부업법 시행령이 시행된 지난 2월8일을 기준으로 대출 기간이 절반 이상 지났으며 연체한 적이 없는 대출자와 지난해 8월7일 개정 대부업법 시행령 입법예고 이후 연 24% 이상의 금리로 신규 대출, 만기 연장한 대출자다. 적용 시기는 이달 말부터다. 금리 인하를 위한 전산 개발이 필요한 회사는 관련 개발이 완료되는 시점에 적용할 예정이다.  여신금융협회 관계자는 “최고금리 인하는 2월8일 이후 신규 대출자에게 적용되기 때문에 기존 고객의 금리를 낮춰주는 것은 법적 의무가 아니다”면서도 “정부의 포용적 금융정책에 적극 동참하기 위해 별도의 고객 신청 절차 없이 인하된 금리를 적용하기로 했다”고 말했다.  법정 최고금리 인하에 따른 기존 고객 소급적용은 올 들어 저축은행·신용카드사 등에서 차례로 이뤄져 왔다. 법적 의무사항이 아님에도 금융회사들이 이 같은 조치를 취하는 것은 무언(無言)의 정부 압박이 있었기 때문으로금융계는 보고 있다.  윤희은 기자 soul@hankyung.com    기업의 환율관리 필수 아이템! 실시간 환율/금융서비스 한경Money [ 무료 주식 카톡방 ] 국내 최초, 카톡방 신청자수 38만명 돌파 <업계 최대 카톡방 > --> 카톡방 입장하기!!     관련기사 ""정말 이례적인 일"" 망연자실한 신혼부부들 왜? 연매출 5억 이하 가맹점도 'IC단말기' 지원금 받는다 금감원 혼란 여파… 2금융권 협회 부회장 '2년째 공석' 돈방석 앉은 연예인들…1인 방송 BJ 수입 어떻길래 ""셈하기도 어렵다"" 방탄소년단 경제적 가치가 무려    ⓒ 한국경제 & hankyung.com, 무단전재 및 재배포 금지"
294,6,"2018-05-22","19:44:16","차기 금융학회장에 정지만 상명대 교수","[ 정지은 기자 ] 신임 한국금융학회장에 정지만 상명대 금융경제학과 교수(사진)가 내정됐다.  한국금융학회 관계자는 “최근 차기 학회장 투표에서 정 교수가 97%의 지지를 얻었으며 다음달 정기총회에서 공식 선임될 것”이라고 22일 말했다. 정 교수는 서울대 경제학과를 졸업했다. 같은 대학에서 석사 학위를 받고 미국 예일대에서 경제학 박사 학위를 취득했다. 금융연구원에서 근무하다가 1995년부터 상명대 교수로 재직 중이다.  정 교수의 주요 연구분야는 화폐금융론과 투자론이다. 2010년 현 윤석헌 금융감독원장과 함께 ‘시스템리스크와거시건전성 정책체계’를 발표하기도 했다. 당시 발표에선 중앙은행과 감독기구 간 분리체제를 유지하면서 감독기구의 거시건전성 감독기능을 강화해야 한다고 주장했다. 지난해 10월에는 금융위원회로부터 공적자금관리위원회 민간위원으로 위촉됐다. 정 교수의 임기는 오는 7 월1일부터 1년간이다.  정지은 기자 jeong@hankyung.com    기업의 환율관리 필수 아이템! 실시간 환율/금융서비스 한경Money [ 무료 주식 카톡방 ] 국내 최초, 카톡방 신청자수 38만명 돌파 < 업계 최대 카톡방 > --> 카톡방 입장하기!!     관련기사 스마트폰도 되는데…방수 카메라 꼭 써야하는 이유 댓글 남기자마자 ""10만원 주겠다""…대체 어디길래 ""정말 이례적인 일"" 망연자실한 신혼부부들 왜? 돈방석 앉은 연예인들…1인 방송 BJ 수입 어떻길래 ""셈하기도 어렵다"" 방탄소년단 경제적 가치가 무려    ⓒ 한국경제 & hankyung.com, 무단전재 및 재배포 금지"
294,7,"2018-05-22","19:43:51","이스라엘군 ""F-35 전투기 처음으로 실전 투입""","이스라엘군 ""F-35 전투기 처음으로 실전 투입""  공군 사령관 ""중동에서 2차례 공격작전 수행""    (카이로=연합뉴스) 노재현 특파원 = 이스라엘군은 22일(현지시간) 최첨단 스텔스 전투기인 F-35기를 처음으로 실전에 투입했다고 발표했다.  아미캄 노르킨 이스라엘 공군 사령관은 이날 이스라엘 헤르질야에서 열린 공군 회의에서 ""우리는 F-35를 중동 전역으로 날려 보내고 있고 그것은 우리의 작전 능력의 한 부분이 됐다""고 말했다고 예루살렘포스트 등 이스라엘 언론이 보도했다.  노르킨 사령관은 ""우리 F-35기가 처음으로 서로 다른 전선에서 두 차례 공격을 수행했다""고 설명했다.  그러면서 이스라엘군 F-35 전투기가 레바논 수도 베이루트 상공을 비행하는 사진을 공개했지만, 촬영 날짜는 따로 언급하지 않았다.  앞서 작년 12월 초 도널드 트럼프 대통령이 예루살렘을 이스라엘 수도로 선언한 뒤 중동권의 긴장이 고조됐을 때 노르킨 사령관은 F-35기를 실제 작전에 투입할 수 있다고 선언한 바 있다.  F-35기는 탁월한 스텔스 기능을 갖추고 있어 레이더에 탐지되지 않고 적국 깊숙이 침투할 수 있는 게 장점이다.   이스라엘은 중동에서 처음으로 F-35기를 도입한 국가다.  이스라엘은 2016년 12월 미국으로부터 F-35기 두 대를 처음으로 인수했고 2024년까지 모두 50대를 도입할 예정이다.  이스라엘군이 F-35기 실전 투입을 밝힌 것은 최근 골란고원 등에서 이란과 갈등이 깊어진 상황에서 군사력을 과시하는 차원으로 풀이된다.  이날 노르킨 사령관은 지난 10일 시리아 내 목표물들을 공격했을 때 지대공 미사일을 100발 쐈다고 밝혔다.  당시 이스라엘군은 분쟁지역인 골란고원에 있는 초소들이 이란의 공격을 받았다며 이에 대한 보복으로 시리아의 이란 시설을 공습했다고주장했다.  nojae@yna.co.kr   (끝)    <긴급속보 SMS 신청> <포토 매거진> < M-SPORTS >   <저작권자(c) 연합뉴스, 무단 전재-재배포 금지>"
295,1,"2018-05-22","19:26:01","음악감상도 멜론보다 유튜브, 국내 음원시장까지 잠식 우려","이용자 비율 43%까지 올라   멜론 28%·네이버 6% '고전'      [ 김주완 기자 ] 국내 모바일 서비스 이용자 절반 정도가 구글의 동영상 서비스인 유튜브를 음악 감상용으로 쓰고 있는 것으로 나타났다. 막강한 동영상 플랫폼을 앞세운 유튜브가 국내 음원시장까지 급격히 잠식하고 있다는 우려의 목소리가 나온다.  22일 한국인터넷기업협회가 내놓은 ‘모바일 이용행태 보고서’에 따르면 지난 3월 전국 만 15세 이상 1000명을 설문조사한 결과 ‘모바일 서비스로 음악 감상 시 주로 유튜브 앱을 이용한다’고 응답한 비율이 43.0%에 달했다. 이어 카카오M의 멜론(28.1%), KT의 지니뮤직(7.7%), 네이버의 네이버뮤직(6.5%) 등의 순이었다.  복수응답(1·2순위 합산)의 경우 유튜브 이용자 비율이 75.4%까지 치솟았다. 멜론(47.4%), 네이버뮤직(28.0%) 등이 뒤를 이었다. 연령대별로는 15~18세는 유튜브 다음으로 멜론(64.4%), 40대(32.8%)와 50대(34.1%)는 유튜브다음으로 네이버뮤직을 각각 선호했다.  유튜브의 가장 큰 장점은 ‘무료’ 서비스다. 유튜브에서는 별도의 비용 없이뮤직비디오나 이용자가 올린 동영상에서 나온 음원 등으로 멜론의 스트리밍(실시간 감상) 서비스처럼 음악을 즐길 수 있다.  정보기술(IT)업계 관계자는 “유튜브가 무료로 서비스하는 대신 동영상에 붙이는 광고로 이용자를 유인하고 있다”며 “무료 서비스로 시장점유율을 높인 다음 유료 이용으로 유도할 것”이라고 내다봤다.  최근 유튜브는 동영상에 노출하는 광고 수를 대폭 늘리면서도 광고 없이 동영상이나 음원을 즐길 수 있는 ‘유튜브 프리미엄’, 유튜브 뮤직 프리미엄’ 등의 새로운 유료 서비스를 내놨다.  유튜브가 국내 음원 서비스 시장까지 장악하면서 국내 인터넷 서비스 사업자들 입지는 그만큼 좁아지고 있다.  포털업체 관계자는 “국내외 업체 간 음원 저작권료 차별 등 각종 불공정한 정책이 구글 등에 유리하게 작용해 해외 업체의 배만 불리고 있다”고 토로했다.  김주완 기자 kjwan@hankyung.com    기업의 환율관리 필수 아이템! 실시간 환율/금융서비스 한경Money [ 무료 주식 카톡방 ] 국내 최초, 카톡방 신청자수38만명 돌파 < 업계 최대 카톡방 > --> 카톡방 입장하기!!     관련기사 中 동영상 앱 열풍… 더우인 '틱톡' 유튜브제쳤다 ""정말 이례적인 일"" 망연자실한 신혼부부들 왜? SKT, 유튜브 광고 조회 수 2000만건 돌파 돈방석 앉은 연예인들…1인 방송 BJ 수입 어떻길래 ""셈하기도 어렵다"" 방탄소년단 경제적 가치가 무려    ⓒ 한국경제 & hankyung.com, 무단전재 및 재배포 금지"
295,2,"2018-05-22","19:26:00","하나금투, CME로부터 2개월 거래 중지 통보","- HTS·MTS 신규 주문 불가…유선 청산만 가능 - CME, 고객 정보 제공 요청 불성실 대응 지적  [이데일리 이명철 기자] 하나금융투자가 시카고상품거래소(CME)의 해외선물·옵션거래가 중단되면서 고객 불편을 겪고 있는 것으로 나타났다.  22일 금융투자업계에 따르면 이날 하나금융투자는 이날 오전 흠트레이딩시스템(HTS)과 모바일트레이딩시스템(MTS) 안내문을 통해 CME 거래소 조치사항으로 CME 해외선물상품 신규 주문이 불가하며 현재 보유포지션의 경우 유선 주문을 통한 청산만 가능하다고 밝혔다.   이는 CME가 하나금투를 통한 거래를 이날부터 60일간 중지한다고 통보한데 따른 것이다. 하나금투는 이날 오전 7시CME 개장에 맞춰 안내 공지를 띄웠으며 보유 포지션 청산은 유선으로 가능토록 조처했다.  CME는 거래 중지를 통보의 이유로 ‘고객 정보 제공 요청에 대한 불성실한 대응’을 이유로 꼽았다는 게 회사측 설명이다. CME가 투자자 동향 조사를 벌이는데 하나금투가 이에 성실히 조사에 응하지 않았다는 것이다.   회사 관계자는“국내법상 정보 제공을 위해 고객의 동의가 필요하기 때문에 동의를 받은 것을 먼저 전달하고 동의하지 않은 고객 정보를 아직 보내지 않은부분을 문제 삼은 것으로 보인다”며 “한국 시간으로 오후 10시 현지 담당자가 업무를 시작하는 만큼 문제 해결을 위해 협의해나갈 것”이라고 말했다.  ▶계좌회복프로젝트! 상위 전문가의 투자전략 및 추천종목‘[무료확인]’ ▶14년 연속 1위, 대한민국 대표 스탁론 하이스탁론 '    ' ＜ⓒ종합 경제정보 미디어 이데일리 - 무단전재 & 재배포 금지＞   "
295,3,"2018-05-22","19:25:53","新국군병사적금 7월 출시…금리 연 7%대 효과","[아시아경제 구채은 기자] 국군병사 적금상품을 업그레이드한 병사 목돈마련 신규 적금상품이 7월에 출시된다.   재정·세제 인센티브를 추가한 이 상품은 사실상 연 7%대의 효과를 내는 상품이다. 월 적립한도는 40만원으로 늘어난다.   금융위원회와 국방부, 기획재정부 등은 청년병사가 전역 후 취업준비나 학업 등에 필요한 목돈을 마련하는 것을 돕고자 국군병사 적금상품을확대·개편한다고 22일 밝혔다.   정부는 병사 급여인상 추이를 감안해 기존의 은행별 병사 적금 월 적립한도를 10만원에서 20만원으로 상향조정하기로 했다.   병사 개인당 최대 월 적립한도는 기존 20만원(2개 은행 가입시)에서 40만원으로 늘린다. 한도는 추후 단계적으로 더 올릴 예정이다.   올해 국군 병사의 월 급여는 이병 30만원, 병장 40만원 수준이다. 2020년에는 이병 41만원, 병장 54만원 수준으로 올라간다.   금리는 기존 국군병사 적금상품인 연 5.5% 안팎으로 책정됐지만 여기에 재정·세제 인센티브를 추가했다.   정부 재정으로 1%포인트 금리를 추가로 지급하고 이자소득세 15.4%를 비과세하면 연 7.5% 적금 상품과 같은 수준의 이자를 받게 된다.   연 5.5% 상품에 1%포인트 추가 금리를 받고 이자소득에 대한 비과세를 적용받을 경우 월 40만원 한도를 채운 병사는 전역 때 890만원을 수령할 수 있다.   정부는 내년 예산안과 세법개정안에 이런 내용을 반영할 계획이다. 이 때문에 재정·세제 인센티브가 반영되는 시점은 내년 1월1일 이후 만기가 도래하는 적금부터다.   병사 적금은 7월부터 14개 시중은행에서 가입할 수 있다.   일부 은행은 병사 적금 가입자에게 금융거래 수수료를 면제해주거나 상해보험에 가입해주는 등 부가 서비스를 제공할 예정이다.   서민금융진흥원이 주축이 돼 1년 이상 성실 납입자에게는 미소금융 창업자금이나 취업성공대출, 청년·대학생 햇살론 상품의 금리를 낮춰줄계획이다.   정부는 비과세 혜택을 관리하기 위해 은행연합회를 중심으로 병사별 상품가입 현황 관리시스템을 구축하기로 했다. 병사 개인별 은행권 전체연간 적금 납입한도인 480만원을 관리하려는 취지다.   여러 적금상품을 한눈에 비교할 수 있도록 통합 공시사이트도 구축할 예정이다.   이곳에 은행별 적금상품 우대금리와 추가금리 제공조건, 부가서비스 상세 정보를 담을 계획이다.    ●남북경협株 선취매 all 포착.. 실적 기반 차기 주도주 '바로' 이종목! (클릭) ●'부자네스탁론' 3년 고정금리 4.15% 100% 집중투자까지 ●'대박스탁론' 3년 고정금리 3.99% 100% 집중투자까지   퇴직 후 백만원으로 ""35억""번 60대男 화제! 60대 김모씨가 퇴직 후 하게 된""이것""이 35억의 대박을...    단돈 100만원만 있어도! 지금 바로 확인해라! 특히 이 종목은, 시장과 무관하게 매수 직후부터 바로 수익이...   구채은 기자 faktum@asiae.co.kr   <ⓒ세계를 보는 창 경제를 보는 눈, 아시아경제(www.asiae.co.kr) 무단전재 배포금지>"
295,4,"2018-05-22","19:25:37","車 수출 대수 줄었지만 단가는 높아져","평균 단가 1만5000弗대 진입   완성차업체 수익성 확보 도움     [ 박종관 기자 ] 올 들어 승용차 수출 대수가 작년보다 감소했지만 대당 평균 단가는 오히려 높아진 것으로 나타났다. 수출 부진을 겪는 완성차 업체들의 수익성 확보에도 도움이 될 전망이다.  22일 한국자동차산업협회에 따르면 올해 1분기 현대·기아자동차, 한국GM, 르노삼성자동차, 쌍용자동차 등 국내 완성차 5개사의 전체 수출 대수는 57만3430대로 지난해 같은 기간보다 8.6% 줄었다. 같은 기간 승용차 누적 수출액도 88억6595만달러로 6.0% 감소했다.  반면 올해 1분기 승용차 평균 수출단가(수출 금액/총수출 대수)는 1만5500달러로 작년 동기 대비 2.9% 늘었다. 평균 수출 단가는 2010년 1만2000달러를 기록한 뒤로 꾸준히 상승했으며, 작년(1만5100달러)에 사상 처음으로 1만5000달러대에 진입했다.  수출량 감소 속에서도 대당 단가가 상승한 것은 스포츠유틸리티차량(SUV)과 고급차 수출이 늘어났기 때문이다. 대당 수출 단가가 가장 많이 오른 업체는 쌍용차였다. 올해 1분기 쌍용차의 승용차 수출 단가는 1만8200달러로 작년 같은 기간과 비교해 16.2% 올랐다.  업계 관계자는 “업체들이 고부가가치 차종 수출을 늘리는 데 주력하고 있다”며 “대당 수출 단가가 오르면 업체 수익성 확보와 실적 개선에 도움이 될 것”이라고 내다봤다.  박종관 기자 pjk@hankyung.com    기업의 환율관리 필수 아이템!실시간 환율/금융서비스 한경Money [ 무료 주식 카톡방 ] 국내 최초, 카톡방 신청자수 38만명 돌파 < 업계 최대 카톡방 > --> 카톡방 입장하기!!     관련기사 ""정말 이례적인 일"" 망연자실한 신혼부부들 왜? 국산차 1월 성적표 양호… 내수 회복·수출 감소폭 개선 돈방석 앉은 연예인들…1인 방송 BJ 수입 어떻길래 車 수출 2분기째 줄어…대미 수출은 6분기 만에 최대 감소 ""셈하기도 어렵다"" 방탄소년단 경제적 가치가 무려    ⓒ 한국경제 & hankyung.com, 무단전재 및 재배포 금지"
295,5,"2018-05-22","19:25:07","LG전자, 세계 최대 정원박람회 '첼시 플라워쇼' 참가","친환경 정원 '에코시티' 선봬     [ 고재연 기자 ]  LG전자가 22일 영국 런던에서 열린 세계 최대 정원·원예 박람회인 ‘첼시 플라워쇼’에 친환경 정원인 ‘LG 에코시티’(사진)를 선보였다. 오는 26일까지 열리는 이번 박람회에 참가한 국내 기업은 LG전자가 유일하다. 유명 정원디자이너 겸 조경건축가인 황혜정 작가와 함께 조성한 친환경 주방공간을 소개했다.  LG 에코시티에는 이탈리아 명품 주방가구 브랜드 ‘보피’와 LG전자의 프리미엄 빌트인 가전 ‘시그니처 키친스위트’ 제품이 설치됐다. 회사 관계자는 “LG시그니처 올레드TV와 씽큐 스피커, LG 퓨리케어 360도 공기청정기 등 프리미엄 제품들을 단풍나무와 틸란드시아 아이비 등 대기오염을 줄이는 식물들과 함께 전시했다”고 설명했다.  LG전자는 관람객에게 스마트폰 ‘LG G7 씽큐’를 통해 주위의 공기질 상태를 확인하고 공기청정기 풍량을 조절할 수 있는 사물인터넷(IoT) 체험 기회도 제공했다. 고효율 태양광 모듈인 ‘네오2 블랙’을 설치해 태양광에너지를 식물 성장에 활용하는 조명기술도 선보였다.  고재연 기자 yeon@hankyung.com    기업의 환율관리 필수 아이템! 실시간 환율/금융서비스 한경Money [ 무료 주식 카톡방 ] 국내 최초, 카톡방 신청자수 38만명 돌파 < 업계 최대 카톡방 > --> 카톡방 입장하기!!     관련기사 LG전자, 14㎏대용량 트롬 건조기 출시 ""정말이례적인 일"" 망연자실한 신혼부부들 왜? 돈방석 앉은 연예인들…1인 방송 BJ 수입 어떻길래 LG전자, 'G7 씽큐' AI 카메라가 알아서 찰칵찰칵 ""셈하기도 어렵다"" 방탄소년단 경제적 가치가 무려    ⓒ 한국경제 & hankyung.com, 무단전재 및 재배포 금지"
295,6,"2018-05-22","19:24:29","KT 기가지니 ""부모님 목소리로 동화 읽어드려요""","개인화 음성합성 기술 적용   연예인 목소리도 활용 가능     [ 이정호 기자 ] KT는 특정 인물 목소리로 음성을 합성할 수 있는 ‘개인화 음성합성(P-TTS)’ 기술을 인공지능(AI) 스피커 기가지니에 적용했다고 22일 밝혔다.  P-TTS 기술은 딥러닝 기술을 이용해 며칠간 수집한 음성 데이터만으로 특정 인물의 목소리를 합성해 낼 수 있다. 이 기술을 활용하면 단순히 문장을 발음하는 수준을 넘어 개인별 발화 패턴이나 억양까지 학습해 사람처럼 자연스럽게 말할수 있다. AI 스피커에 P-TTS 기술을 상용화한 것은 국내 처음이라는 게 회사 측 설명이다.  KT 관계자는 “그동안 나온 기술은 제한된 문장만을 합성하거나 음성을 합성한 뒤 데이터를 정제하는 후처리 과정이 필요했다”며 “KT가 개발한 P-TTS 기술은 어떤 문장이라도 합성해 낼 수 있고 문장당 1초 안에 합성이 가능해 후처리 과정이 필요하지 않다”고 설명했다. KT는 P-TTS 기술을 활용해 기가지니 목소리를 연예인 음성으로 바꿀 수 있도록 하거나 부모 목소리로 동화구연을 할 수 있는 서비스도 제공할 방침이다.  KT는 오는 25일 기가지니에서 P-TTS 기술을 적용한 ‘박명수를 이겨라’ 퀴즈 게임을 선보인다.  이정호 기자 dolph@hankyung.com    기업의 환율관리필수 아이템! 실시간 환율/금융서비스 한경Money [ 무료 주식 카톡방 ] 국내 최초, 카톡방 신청자수 38만명 돌파 < 업계 최대 카톡방 > --> 카톡방 입장하기!!     관련기사 80만명이 선택한 AI… 거실 넘어 자동차·호텔로 서비스 확대 KT, 미세먼지 측정 등 실생활에 접목된 '5G 기술' ""정말 이례적인 일"" 망연자실한 신혼부부들 왜? 돈방석 앉은 연예인들…1인 방송 BJ 수입 어떻길래 ""셈하기도 어렵다"" 방탄소년단 경제적 가치가 무려    ⓒ 한국경제 & hankyung.com, 무단전재 및 재배포 금지"
295,7,"2018-05-22","19:24:16","정치권 '오락가락 법안'에 멍드는 항공산업","대한항공 비난 여론 들끓자…與 ""항공시장 진출 문턱 낮추겠다""    LCC 진입 가로막았던 항공법   여당 '과당경쟁 우려' 삭제 추진     법개정 외면하더니 2년만에 손질   항공산업 발전 골든타임만 놓쳐     [ 박재원 기자 ] 여당이 철옹성 같은 국내 항공시장의 신규 진출 문턱을 낮추기 위해 항공사업법 개정을 추진한다. 모호한 항공법을 근거 삼아 “정부가 대한항공·아시아나항공 등 기존 항공사의 밥그릇을 지켜주는 것 아니냐”는 논란이 잇따르자 2년 만에 법안을손질하는 셈이다. 하지만 ‘갈지(之)자 법안’에 골든타임을 놓친 항공산업만 엉뚱하게 피해를 보고 있다는 지적이 나온다.   22일 국회에 따르면 변재일 더불어민주당 의원은 항공사업법 일부개정법률안을 발의하기 위한 ‘협조 요청’ 작업을 진행 중이다. 법안 발의를 위해서는 의원 10명 이상이 서명해야 한다.  개정안의 핵심은 국내항공운송사업과 국제항공운송사업의 면허 기준에서 ‘사업자간 과당 경쟁 우려가 없을 것’이란 내용을 삭제하는 것이다. 2016년 항공법 개정 당시 신규 사업자 면허를 심사하는 기준으로 넣은 ‘과당경쟁 우려’라는 표현을 다시 없애자는 취지다.  실제 국토교통부는 지난해 12월 “국적사 간 과당 경쟁 우려가 크다”며 플라이양양과 에어로K가 신청한 항공운송사업자 면허를 반려했다. 과당 경쟁이라는 표현이 기존 업체를 보호하는 명분일 뿐모호하다는 지적이 잇따랐지만 국토부는 항공법을 근거 삼아 신규 사업자의 시장 진입을 가로막았다.  변 의원은 “‘과당 경쟁 우려’는 자의적인 판단의 여지가 크고 면허권자에게 광범위한 재량을 허용한다”며 “기존 사업자를 과도하게 보호하고 신규 사업자의 시장 진입을 가로막는 근거로 악용될 소지가 있다”고 설명했다. 또 “최근 국토부가 과당 경쟁을 이유로 새로 시장에 진입하려는 저비용항공사(LCC)의 면허 신청을 잇달아 반려했다”며 “국토부가 3년 전 대기업 계열사의 LCC 면허 심사에서 최근 5년간 과당 경쟁 염려가 없다고 판단해 면허를 승인한 것과 대조된다”고 덧붙였다.  전문가들은 대한항공 대주주가 ‘갑질 논란’에 휩싸여 비난 여론이 거센 데다 공정거래위원회도 현행법이 공정한 시장 진출을 가로막는다고 지적하고 있어 법안 발의 시 통과 가능성이 높다고 보고 있다. 공정위는 올해 추진하는 ‘경쟁제한적 규제 개선 과제’ 41개 중 하나로 LCC 진입 규제 강화를 다룰 것으로 알려져 있다.  하지만 법 개정을 촉구하는 목소리를 외면하던 국회가 대한항공 비난 여론에 편승해 뒤늦게 나섰다는 비판도 적지 않다. 업계 관계자는 “당초 아무 근거 없이 ‘과당 경쟁 우려’를 법안에 포함한 정치권이 지난 2년간 국내 항공산업 발전을 가로막았다는 책임을 피하기 어려울 것”이라고 지적했다.  박재원 기자 wonderful@hankyung.com    관련기사 '갑질' 이명희 이사장 28일 경찰소환 앞두고 합의 안간힘…피해자 10여명 확보 관세청, 조양호 일가 '밀수 의심' 2.5t 현물 압수… 수사 급물살 ""정말 이례적인 일"" 망연자실한 신혼부부들 왜? 돈방석 앉은 연예인들…1인 방송 BJ 수입 어떻길래 ""셈하기도 어렵다"" 방탄소년단 경제적 가치가 무려    ⓒ 한국경제 & hankyung.com, 무단전재 및 재배포 금지"
296,1,"2018-05-22","19:10:00","한화 이글스, 3661일만에 프로야구 단독 2위... KIA는 4연승","[서울=뉴스핌] 김용석 기자 = 한화 이글스가 3661일 만에 단독 2위로 올라섰다.  프로야구 구단 한화는 5월22일 대전 한화생명 이글스 파크에서 열린 2018 신한은행 MY CAR KBO리그 홈 경기에서 연장 11회말 송광민의 끝내기 안타로 두산에 8-7로 승리했다.   한화가 송광민의 극적인 끝내기 안타에 힘입어 프로야구 단독 2위로 올라섰다. <사진= 한화 이글스>  시즌 27승째(19패)를 올린 한화는 이날 넥센에 패한 SK(26승 20패)를 제치고 단독 2위로 도약했다.한화가 5월에단독 2위에 오른 것은 2008년 5월13일(당시 22승 17패로 2위) 이후 3661일 만이다.  드라마는 9회말 부터였다. 2사 주자 없는 상황에서제러드 호잉의 극적인 동점 솔로 홈런으로승부를 연장전으로 이끌었다.  7-7으로 맞선 연장 11회말 한화는 극적인 드라마를 매듭 지었다. 선두타자 이용규가 볼넷으로 출루한데 이어 정근우가 희생번트를 했다. 이는 악송구로 이어졌다. 당황한 상대 투수 김정후가 선행주자를 잡기 위해 2루로 던진 공이 악송구가 됐다. 상대 실책으로 무사 2, 3루를 엮은 한화는 송광민의 끝내기 안타로 천금 같은 1점을 따냈다.  LG 트윈스는 2연승을 내달렸다.  잠실구장에서 열린 홈경기에서 NC 다이노스를 상대로 6-1로 승리한 LG는 시즌24승째(25패)로 승률 5할을 눈앞에 뒀다. 선발 임찬규는 6이닝 동안 5피안타 5사사구 5탈삼진 1실점으로 시즌 6승(3패)째를 올렸다.  ▶ [평생무료] 매일 실시간 방송♠국내 최정상 전문가의 종목 공개♠유료보다 더 좋은무료 강좌 및 프리미엄전략!☞[무료확인]  ▶ 국내최고 전문가 수익률대결종목! 실시간으로 알려드립니다※바로신청※  이날 김현수는 0-1로 뒤진 4회말 동점 희생플라이에 이어 6회말에도 희생플라이로 역전 결승점을 뽑았다.  KIA 타이거즈는 4연승을 질주했다. 이범호와 김주찬이 스리런포를 터트린 KIA는 kt를 8-5로 제압했다. 선발 한승혁은 6이닝 동안 3피안타(1피홈런), 2볼넷을 내주고 4실점(3자책점)으로 시즌 2승(2패)째를 챙겼다.  삼성라이온즈는 시즌 20승 고지를 밟았다.  삼성은 강민호의 결승 투런포에 힘입어 롯데 자이언츠를 상대로 10-4로 역전승, 10개 구단 중 9 번째로 시즌 20승(28패) 고지를 밟았다. 선발 윤성환에 이어 7회 등판해 1이닝 동안 1피안타 1탈삼진 무실점으로 막은 김승현은 2016년 데뷔후 첫 승리투수가 됐다.  공동2위를 달리던 SK는 6연패를 당했다. 넥센 히어로즈는 SK 와이번스를 10-4로 꺾었다. 선발 신재영은 6이닝 동안 피홈런 1개, 5피안타와 2사사구 3실점으로 시즌 3승(4패)째를 신고했다. 나머지 3이닝동안 1점만을 내준 김동준은 2012년 데뷔 이후 첫 세이브를 올렸다.      fineview@newspim.com 한화 이글스, 10년만의 프로야구 2위... 롯데 채태인은 7년만의 만루홈런 LG 트윈스의 ‘슬픔을 이기는 법’... ‘한화 징크스’를 넘다 [구본무 별세] 20년전 고인이 남긴 LG 트윈스, 금고 8000만원짜리 시계      ▶ 500만원으로 3억만들기 50번째 주인공 탄생! [확인]  좋은 상품 다 아는 곳! 안다쇼핑!  / 최저금리 맞춤서비스 진행중 / 10분이면 4배자금가능 / 24시간 친절상담센터 1522-3233 / 씽크풀  충격! 여의도 세력들의 극비종목 무료 공개!"
296,2,"2018-05-22","19:09:39","'귀한 몸'된 테킬라… 가격 오를 듯","뉴스 카페     원료 아가베 값 2년간 6배↑   2021년까지 공급 부족 우려     [ 김보라 기자 ] 멕시코가 원산지인 테킬라 가격이 오를 전망이다. 원료인 아가베 부족 현상이 심화되면서다. 업계에선 멕시코의 아가베 공급량이 수요의 30% 이하로 떨어지면서 올해 가격이 크게 오를 것으로 예상하고 있다. ㎏당 아가베 가격은 2년간 6배 상승했다.  아가베는 선인장과의 용설란이다. 테킬라는 자란 지 7년 정도 되는 아가베로 만든다. 멕시코 서부의 단 5개 지역에서 나는 원료로 만들어야 테킬라로 부를 수 있다. 40년 정도 살고 한번 꽃을 피운 뒤 죽는 탓에 새로 심어 수요를 맞추려면 최소 7년은 걸린다.  로이터통신은 “아가베 부족이계속돼 세계적으로 가격이 계속 오르고 있다”며 “원산지 명칭보호제도에 따라 특정 지역에서 나는 원료로만 제조할 수 있어 2021년까지도 공급 부족이 해소되지 않을 것”이라고 전했다.  한때 테킬라는 낮은 가격과 높은 도수 때문에 ‘빨리 취하려고 마시는 술’로 통했다.  하지만 최근 10년 사이 테킬라가 프리미엄 술로 탈바꿈하면서 위상이 바뀌었다. 플라타, 실버 등급 등 일반 테킬라와 달리 프리미엄 등급은 위스키처럼 오크통 숙성을 거친다. 기간에 따라 레포사도(2개월~1년), 아녜호(1~3년), 엑스트라아녜호(3년 이상) 등으로 등급이 나뉜다. 프리미엄인 엑스트라 아녜호 등급 중에는 한 병에 10억원이 넘는 것도 있다. 호세 쿠엘보, 페이트런, 1800, 바리케 드 폰시아노 프로피디오 등이 대표적인 브랜드다.  테킬라가 전 세계에서 매년 두 자릿수 성장하며 위스키, 럼 등과 비교해 높은 성장률을 기록하면서 투자도 활발하다. 영화배우 조지 클루니는 2013년 ‘카사미고스’라는 프리미엄 테킬라 브랜드를 만들어 지난해 디아지오에 1조원 넘는 가격에 매각했다. 럼 전문 브랜드인 바카디는 올 들어 페이트런 지분 30%를 인수했다.  김보라 기자 destinybr@hankyung.com    기업의 환율관리 필수 아이템! 실시간 환율/금융서비스 한경Money [ 무료 주식 카톡방 ] 국내 최초, 카톡방 신청자수 38만명 돌파 < 업계 최대 카톡방 > --> 카톡방 입장하기!!     관련기사 '이마트 덕후'들이 추천하는 히트상품은 ""정말 이례적인 일"" 망연자실한 신혼부부들 왜? 돈방석 앉은 연예인들…1인 방송 BJ 수입 어떻길래 ""창업 실패해 본 기업가 찾아요"" ""셈하기도 어렵다"" 방탄소년단 경제적 가치가 무려    ⓒ 한국경제 & hankyung.com, 무단전재 및 재배포 금지"
296,3,"2018-05-22","19:09:36","에너지, Tech 섹터 주가 상승 견인하고 있지만 배경은 서로 달라 -","Wall Street Journal은 ""에너지 섹터와 Tech 섹터 모두 주가 상승세가 나타나고 있지만 그 동력은 서로 상이하다""고 보도했다.   ""지난 2년간 증시 상승세에 크게 기여한 것은 에너지 섹터와 Tech 섹터이다. '16년 1월 유가 저점 이후, 글로벌 석유, Tech 섹터의 수익률은 80% 이상이다. 증시 전반적 수익률 53%를 크게 상회하는 것이다""고 언급했다.   ""에너지 섹터는 물론 유가가 폭락한 이후 반등하면서 상승세가 계속되고 있는 점이 이러한 주가 상승의 배경이다. 유가는 저점 대비 3배 이상 상승했다. Tech 섹터의 경우에는 미래 사용이 더욱 확대될 것이라는 낙관적 전망이 기여하고 있다""고 전했다.   ""현재 사이클 후기에 있다는 점을 고려할 때, 두 섹터의 상승세는 앞으로도 계속되며 주가가 더 상승할 수 있을 것으로 기대된다. 하지만 경쟁 심화에 따른 이익률 우려나 미래 성장세 둔화 가능성 등이 제기된다면, 투자심리가 악화되고 주가 상승세는 더 이상 이어지기 어려워질 수도 있다""고 보았다.  외신은 ""두 섹터가 제공하는 투자기회는 서로 상이하다. Tech 섹터는 닷컴버블 당시에 비해 밸류에이션이 저렴하고 수익성이 우수한 상태지만, 여전히 미래 성장세의 중요성이 매우 높다. 미래 성장동력으로 언급되는 사업들은 경쟁이 심화되면서 이익률 악화 가능성이 있다""고 평가했  다.   ""반면 에너지 섹터의 경우, 유가 폭락 이후 기업들이 성장동력 확보보다도 비용절감 강화에 집중해왔다. 셰일오일 증산이나 감산합의 종료 등의 리스크가 있지만, 관계 기관들은 유가 상승에도 생산량을 적극적으로 확대하는 것을 기피하고 있다""고 전했다."
296,4,"2018-05-22","19:08:48","GS샵 '쿠스토 바르셀로나' 선보인다","스페인 디자이너 브랜드     [ 류시훈 기자 ] GS샵이 스페인 패션 브랜드 ‘쿠스토 바르셀로나(CUSTO BARCELONA)’를 선보인다.  GS샵은 24일 오전 9시20분부터 65분간 쿠스토 바르셀로나의 보헤미안 블라우스 3종과 컴포트 밴딩팬츠 3종을 판매한다고 22일 발표했다.  스페인을 대표하는 디자이너 브랜드인 쿠스토 바르셀로나는 1981년 쿠스토 달마우와 그의 동생 다비드 달마우가 시작했다. 강렬하고 대담한 색감과 독창적인 스타일로 스페인에서 인지도를 쌓았고, 1997년 뉴욕컬렉션을 계기로 전 세계 180여 개 매장에 입점한 글로벌 브랜드로 성장했다.  쿠스토 바르셀로나는 패션을 뛰어넘어 피아트, 할리 데이비슨, 네스카페, 페리에, 토렐로 등 글로벌 브랜드들과 활발한 협업을 했다. 줄리아 로버츠, 드루 베리모어, 페넬로페 크루스 등 할리우드 스타들이 선호하는 브랜드로도 알려져 있다.  GS샵이 이번에 선보이는 제품은 금박, 은박 등 강한 포인트가 들어간 데님, 여성스러움이 가득한 에스닉 프린트의 블라우스, 리넨 소재 원피스 등이다.  윤선미 GS샵 브랜드사업부 상무는 “쿠스토 바르셀로나는 스페인 특유의 정열적인 디자인과 과감한 색상으로 해외직구족 사이에서도 유명한 브랜드”라고말했다.  류시훈 기자 bada@hankyung.com    기업의 환율관리 필수 아이템! 실시간 환율/금융서비스 한경Money [ 무료 주식 카톡방 ] 국내 최초, 카톡방 신청자수 38만명 돌파 < 업계 최대 카톡방 > --> 카톡방 입장하기!!     관련기사 여행 떠나고픈 5060, TV홈쇼핑 '채널 고정' ""정말 이례적인 일"" 망연자실한 신혼부부들 왜? CJ·GS·롯데홈쇼핑, 가짜 영수증으로 소비자 기만…과징금 위기 돈방석 앉은 연예인들…1인 방송 BJ 수입 어떻길래 ""셈하기도 어렵다"" 방탄소년단 경제적 가치가 무려    ⓒ 한국경제 & hankyung.com, 무단전재 및 재배포 금지"
296,5,"2018-05-22","19:08:00","""풍계리 핵실험장 폐기는 화려한 쇼""","올브라이트 ISIS 소장 '쓴소리'  전문가 빼고 일부 언론만 초청     [ 정인설 기자 ] 미국핵무기 전문가가 23~25일 있을 북한의 풍계리 핵실험장 폐기에 대해 “화려한 쇼에 불과하다”고 비판했다.  데이비드올브라이트 과학국제안보연구소(ISIS) 소장(사진)은 21일(현지시간) 미국의소리(VOA)와 한 인터뷰에서 이번 폐기 행사에 일부 언론만 초청하고 국제원자력기구(IAEA)와 포괄적핵실험금지조약기구(CTBTO)의 전문가를 배제한 데 대해 “검증 조치라기보다는 화려한 쇼에 가깝다”고 말했다.  이어 “북한이 핵실험에 사용한 장비나 갱도를 만드는 방법, 핵무기 제조 방법, 핵실험 역량을 확인한 다음에 핵실험장을 폐기해야 한다”며 “이런 절차를 생략한 채 폭파 장면만 공개하는 것은 검증이 아니라 쇼”라고 평가했다.  1991년 미국의 이라크 무기 사찰에 참가했던 올브라이트 소장은 “북한은 지금 만들고 있거나 나중에 만들 계획인 다른 핵실험장으로 이런 장비들을 간단히 옮길 수 있다”며 “비핵화에 필요한 장비들이 핵실험장에서 모두 사라져버려 검증이 더 어려워질 것”으로 우려했다.  그는 “북한이 핵 프로그램을 재개발하는 것을 막기 위해서는 사용한 장비를 찾아내야 한다”며 “IAEA와 북한이 겪은 갈등의 역사를 고려할 때 미국이 북한 핵 검증을 시작하는 게 효율성 측면에서 최고일 것 같다”고 판단했다.  올브라이트 소장은 북한 비핵화 비용에 대해 “수백 명이 몇 년간 작업을 진행해야 한다는 측면에서 수천만달러 수준일것”으로 전망했다. 하지만 올브라이트 소장은 “비핵화 검증 비용과 보상은 다른 문제인데 북한이 한국과 일본에 매우 큰 원자력발전소를 지어달라고 요청할 수 있다”며 “그럴 경우 보상 금액은 수십억달러를 넘을 수 있다”고 내다봤다.  정인설 기자 surisuri@hankyung.com    관련기사 北 풍계리 '한국 패싱'에 속절없이 당한 정부 ""정말 이례적인 일"" 망연자실한 신혼부부들 왜? 풍계리 韓 취재 배제에 여야 엇갈린 반응…한국·바른미래, 정부 맹비난 돈방석 앉은 연예인들…1인 방송 BJ 수입 어떻길래 ""셈하기도 어렵다"" 방탄소년단 경제적 가치가 무려    ⓒ 한국경제 & hankyung.com, 무단전재 및 재배포 금지"
296,6,"2018-05-22","19:08:00","CU 전통음료 3종 파우치 제품 출시","[ 류시훈 기자 ] 편의점 CU가 식혜·수정과·쌍화차 등 전통음료 3종을 파우치 상품으로 22일 출시했다.  순 국내산재료만을 사용한 ‘델라페 유기농 식혜’는 쌀알이 없는 맑은 타입 제품이다. 광동제약의 대표 상품인 ‘광동 쌍화차’ 를 파우치에 담은 ‘광동 냉쌍화’는 CU가 업계 단독으로 선보였다. 주로 겨울에 마시는 쌍화차를 여름에도 즐길 수 있도록 맛과성분을 살려 파우치에 담았다.  ‘델라페 햇살 수정과’는 자연광으로 건조한 계피를 전통방식으로 달여낸 제품이다. CU 관계자는 “지난해 파우치 매출 중 40대 이상 고객 비중이 38.4%로 가장 많은 점을 고려해 전통음료 라인업을 강화했다”고 말했다.  류시훈 기자 bada@hankyung.com    기업의 환율관리 필수 아이템! 실시간 환율/금융서비스 한경Money [ 무료 주식 카톡방 ] 국내 최초, 카톡방 신청자수 38만명 돌파 < 업계 최대 카톡방> --> 카톡방 입장하기!!     관련기사 '유커'는 아직… 큰손 싼커 먼저 돌아왔다 ""정말 이례적인 일"" 망연자실한 신혼부부들 왜? CU, 불족발 도시락 돈방석 앉은 연예인들…1인 방송 BJ 수입 어떻길래 ""셈하기도 어렵다"" 방탄소년단 경제적 가치가 무려    ⓒ 한국경제 & hankyung.com, 무단전재 및 재배포 금지"
296,7,"2018-05-22","19:07:14","풍계리 한국 취재 배제, 여·야의 엇갈린 반응","@media all and (max-width: 400px) {img{max-width:340;height:auto;}}.dayTBL a:link {font-family: 돋움;font-size: 11px;line-height: 18px;color:#666666;text-decoration: none}.dayTBL a:visited {font-family: 돋움;font-size: 11px;line-height: 18px;color: #666666;text-decoration: none}.dayTBL a:hover {font-family: 돋움;font-size: 11px;line-height: 18px;color: #840000;text-decoration: none}.dayTBL nobr {width:85px; text-overflow:ellipsis; overflow:hidden; cursor:pointer; float:left}.todayBDb {border-bottom: #000000 0.5pt solid}.tblGrp{padding:0; border-spacing:0; border-collapse:collapse; border:0;vertical-align:top;width:279px}.tblGrp td{vertical-align:top}.dayTBL {width:93px; padding:0; border-spacing:0; border-collapse:collapse; vertical-align:top; border:0}.dayTBL td{font-size:12px; font-family:돋움; color:#333333;line-height:18px;padding:0}.divSch1{float:left}.divSch2{float:left}.tdSch{border: #E6E6E6 0.1pt solid;height:75;padding:0}.tdSchToday {border: #000000 1pt solid;height:75;background-color:#fffff0;padding:0}.tdSchTomorrow {border-left:0}.tdSchYesterday {border-right:0}.tdDate{background-color:#c8e7ff;height:10;text-align:center}.ad {text-align:center; font-size:8pt; font-family:돋움;line-height:1.2}.lg {margin-bottom:20px;}.title{font-size:15px;color:#203c76;font-weight:bold;margin-bottom:20px;}a,img {border:0; outline:none; selector-dummy:expression(this.hideFocus=true);}body,td,select,input,div,form,textarea,center,option,pre,blockquote {font-size:9pt; line-height:1.6; font-family:돋움;}table{border:0px;}r {display:none;}    제목 : 풍계리 한국 취재 배제, 여·야의 엇갈린 반응"
297,1,"2018-05-22","18:43:26","[부음] 유수일씨 별세","▲유수일씨 별세, 미숙씨(한국자산관리공사 인천지역본부 팀장) 부친상=21일 인천 길병원, 발인 24일. (032)460-3444        ☞ 5月 반드시 주목해야될 종목!! ☞ 5月 큰 수익 원한다면, 이 종목부터 빨리 매수해라!!! ☞ 지금 100만원 있다면, 이 종목부터 사라! ☞ ""세계최초 신약개발"" 드디어 올것이 왔다! 주목해라!!      [ⓒ 매일경제 & mk.co.kr, 무단전재 및 재배포 금지]"
297,2,"2018-05-22","18:43:16","중국 정부, 자동차 수입관세 인하... 럭셔리 브랜드 수혜 기대","주요 외신은 ""중국이 자동차 수입관세를 인하했는데, 이는 특히 럭셔리 브랜드에게 수혜가 될 것으로 기대된다""고 보도했다.   ""미국과 중국이 무역협상 과정에서 상호 관세인상을 중단한다는 합의에 도달한 이후, 중국 정부는 수입 승용차에 대한 관세를 현재 25%에서 15%로 삭감한다고 발표했다. 이는 7월 1일부터 효력을 발휘한다""고 전했다.   ""중국의 자동차 관세인하 발표는 미-중 무역협상에서 중국이 미국에 대해 양보하는 것으로 보일 수 있다. Ford Motor, Tesla 등 미국 기업들이 중국으로의 자동차 수출을 확대할 수 있을 것이다""고 언급했다.   ""하지만 관세인하가 미국산 자동차에 국한되는 것은 아니기 때문에, 유럽 Diamler나 아시아 Toyota 등의 기업들도 중국으로의 판매 확대를 기대할 수 있을 전망이다""고 전했다.  외신은 ""중국은 연 122만 대의 자동차를 수입하며, 이는 중국 내에서 판매되는 자동차 수의 4.2%에 해당한다. '17년 수입 규모는 510억달러에 달했고, 이 중 135억 달러가 북미에서 생산된 비미국 자동차 기업 제품이었다. 한편 '17년 중국의 미국 자동차 수입은 28만 대였다""고 보도했다.    ""특히 이번 관세인하는 중국에 생산설비를 갖추지 못한 럭셔리 브랜드 자동차 수입 증가로 연결될 것으로 기대된다""고 강조했다."
297,3,"2018-05-22","18:43:02","[부음] 윤염례씨 별세","▲윤염례씨 별세, 장하승 하철 하걸 하석(디스커버리인베스트 회장) 하운씨 모친상=20일 신촌세브란스병원, 발인 23일 오전 6시 30분. (02)2227-7500        ☞ 5月 반드시 주목해야될 종목!! ☞ 5月 큰 수익 원한다면, 이 종목부터 빨리 매수해라!!! ☞ 지금 100만원 있다면, 이 종목부터 사라! ☞ ""세계최초 신약개발"" 드디어 올것이 왔다! 주목해라!!      [ⓒ 매일경제 & mk.co.kr, 무단전재 및 재배포 금지]"
297,4,"2018-05-22","18:42:38","[부음] 김상복씨 별세","▲김상복씨 별세, 최용훈씨(SK증권 BO센터장) 장인상=21일 서울 여의도성모병원, 발인 23일 오전 7시. (02)3779-1526        ☞ 5月 반드시 주목해야될 종목!! ☞ 5月 큰 수익 원한다면, 이 종목부터 빨리 매수해라!!! ☞ 지금 100만원 있다면, 이 종목부터 사라! ☞ ""세계최초 신약개발"" 드디어 올것이 왔다! 주목해라!!      [ⓒ 매일경제 & mk.co.kr, 무단전재 및 재배포 금지]"
297,5,"2018-05-22","18:42:32","[표] 주요 시세 (5월 22일)","☞ 5月 반드시 주목해야될 종목!! ☞ 5月 큰 수익 원한다면, 이 종목부터 빨리 매수해라!!! ☞ 지금 100만원 있다면, 이 종목부터 사라! ☞ ""세계최초 신약개발"" 드디어 올것이 왔다! 주목해라!!      [ⓒ 매일경제 & mk.co.kr, 무단전재 및 재배포 금지]"
297,6,"2018-05-22","18:42:13","""제2의 스타일난다 찾아라""… 벤처캐피털·PEF 등 K뷰티 유망주에 눈독","세계 화장품 대세가 된 K뷰티     [ 이지훈 기자 ] 국내 투자업계에 K뷰티 바람이 불고 있다. ‘카버코리아’ ‘스타일 난다’ 등 대박 사례가 잇따라 등장하면서다. 지난해 글로벌 기업 유니레버가 ‘AHC’라는 브랜드로 유명한 국내 화장품업체 카버코리아를 3조원이 넘는 금액에 인수하자 국내 투자업계는 술렁였다. 베인캐피털컨소시엄이 카버코리아에 4300억원을 투자해 지분 65%를 확보한 지 1년여 만에 1조5000억원 이상의 차익을 거뒀기 때문이다.  프랑스 로레알도 올 3월 온라인 쇼핑몰 ‘스타일난다’로 잘 알려진 패션 및 메이크업회사 ‘난다’를 약 4000억원에 사들였다. 로레알은 2년 전 난다가 매물로 나왔을 때 큰 관심을 보이지 않았다. 하지만 난다가 메이크업 브랜드 쓰리컨셉아이즈(3CE)를 필두로 한 화장품사업에서 큰 성과를 내자 마음을 바꿨다. 투자은행(IB)업계 관계자는 “카버코리아와 난다의 사례는 여전히 K뷰티 산업 경쟁력이 높다는 사실을 보여준다”며 “유니레버와 로레알 모두 한국 회사를 아시아 시장 확대의 전진기지로 삼으려 할 것”이라고 말했다.  국내 벤처캐피털업계는 2년간 1200억원을 뷰티 유망주에 투자했다. 스마일케이트가 2016년에 이어 지난해 310억원을 화장품 통합서비스 플랫폼기업 CTK코스메틱스에 투자해 지분을 추가 확보한 게 대표적이다. CTK와 스마일게이트는 공동으로 화장품업체에만 집중 투자하는 200억원 규모의 ‘씨티케이 스마일게이트 글로벌 파트너십 PEF’도 조성했다.  사모펀드(PEF) 운용회사들도 유망주 발굴에 나섰다. 이스트브릿지파트너스가 최근 드라마 ‘밥 잘 사주는 예쁜 누나’의 주연배우 정해인 씨를 모델로 기용한 화장품 브랜드 듀이트리의 지분 절반을 350억원에 사들였다. 이스트브릿지는 ‘뽑아 쓰는 마스크팩’이라는 새로운 아이템이 마스크팩 시장을 재편할 것이라는 기대로 이번 투자를 단행했다.  국내 대표 사모펀드인 IMM PE도 2016년 브랜드 ‘미샤’로 유명한 ‘에이블씨엔시’ 지분 25.5%를 1882억원에 인수해 시장의 관심을 끌었다. IMM PE는 국내 1호 브랜드숍을 열어 중저가 화장품 바람을 몰고온 회사의 독특한 시장 지위를 높이 평가하고 투자를 단행했다. IB업계 관계자는 “과잉투자 논란과 사드 갈등 여파로 한동안 주춤하던 화장품업계 투자가 재점화되는 양상”이라며 “옥석 가리기도 이뤄지고 있다”고 설명했다.  이지훈 기자 lizi@hankyung.com    기업의 환율관리 필수 아이템! 실시간 환율/금융서비스 한경Money [ 무료 주식 카톡방 ] 국내 최초, 카톡방 신청자수 38만명 돌파 < 업계 최대 카톡방 > --> 카톡방 입장하기!!     관련기사 ""정말 이례적인 일"" 망연자실한 신혼부부들 왜? 女心 제대로 읽은 K뷰티, 세계 화장품 '대세' 되다 돈방석 앉은 연예인들…1인 방송 BJ 수입 어떻길래 "" 이젠 뷰티""… 패션·유통 업계도 속속 진출 ""셈하기도 어렵다"" 방탄소년단 경제적 가치가 무려    ⓒ 한국경제 & hankyung.com, 무단전재 및 재배포 금지"
297,7,"2018-05-22","18:41:57","술과 현대미술의 궁합 기대하세요","강원도 강릉 하슬라 아트월드(이하 하슬라)는 자연에 빚졌다. 관람객들은 입구에서부터 감탄을 내뱉는다. 하슬라는 정동진에서 차로 5분 거리에 있는 미술관으로 동해를 따라 환상적인 드라이브길 한가운데에 있다. 사진을 찍으면 어디서든 그림이 된다.    '하슬라'는 신라시대 강릉을 칭하던 옛 이름으로 바다가 내려다보이는 언덕에 3만여 평 규모의 야외 조각공원, 호텔, 실내 미술관이 어우러진 곳이다. 2000년대 초반 그저 야산이었던 이곳을 '월드'로 탈바꿈시킨 박신정 하슬라 아트월드 대표를 만났다. 그는 화려한 액세서리를 착용해 우아한 분위기를 자아내지만 손톱 끝이 까맣다. 조각하느라 손이 성하지 않다. 하슬라를 운영하는 와중에도 작품 활동을 이어가고 있다.  공간을 최대한 살린다는 게 하슬라 취지다. 박 대표는 ""작품을 선정할 때 '내 공간과 잘 어울릴 것인가'가 우선순위""라고 말했다. 따라서 하슬라에는 작품 제목, 작가 이름이 없다. 편견 없이 작품을 바라보고 집중해 달라는 대표의 철학이 담겨 있다.    ""대중 입장에서 작가 이름과 미술 사조는 별로 중요하지 않다. 대중의 눈과 감각은 예술가 못지않게 열려 있다. 이곳에서 이름값, 작품값으로 예술을 보기보다 아름다운 공간을 느끼고 가는 걸로 충분하다.""   공간에 대한 박 대표의 애착은 호텔로 꽃피웠다. 예술 작품이 공간과 어우러져 하나가 된다. 유리타일을 조각하듯 객실을 꾸몄다. 바다를 바라보는 테라스에는 네모난 욕조가 있는데 바다를 조망하는 기분이 든다.    ""여기 벽에 뚫은 구멍으로 바닷새가 일주일에 한 번은 드나든다. 직원들은 미술관에 들어온 새를 잡느라 정신없지만 그래도 하슬라 취지를 살리기 위해 구멍을 막지 않고 있다.""   이렇게 하슬라는 자연 훼손을 최소화하며 공간을 활용한다. 그도 그럴 것이 야산이 박 대표 소유다. 1999년쯤 야산이 매물로 나왔고, 작품을전시할 곳을 찾던 예술가 부부 눈에 들어왔다. 부부가 직접 디자인해 3년에 걸쳐 하슬라 건물을 지었다.   박 대표와 함께 야산에 펼쳐진 조각공원을 걸었다. ""이거 그냥 나뭇가지 같죠? 한번 들어보세요. 철로 만든 나무예요. 이렇게 예술 작품을 조각공원 구석구석에 숨겨 놓았어요.""   조각공원에 전시된 작품은 대부분 남편 최옥영 씨가 만든 것이다. 그는 현재 강릉원주대 미술학과 교수다. 박 대표네는 남편을 비롯해 아이들 3명 모두 미술을 전공한 예술가 가족이다.    예술가 가족답게 현대미술의 미래를 걱정한다. 대중을 무시한 채 미술관에만 갇힌 현대미술은 언제 사라질지 모른다.    ""사업 공간이 예술을 차용하듯 미술관도 사업 공간을 적극 빌려와야 한다. 그래야 경제적 독립을 이룰 수 있다. 현대미술이 미술관에만 박제된다면 대중에게 소외될 것이다. 대중과 미술의 접점을 늘 고민한다.""   이런 이유로 박 대표는 커피와 술에 주목한다. 아름다운 공간에서의 커피나 술 한잔은 그대로 예술이기 때문이다.   박 대표는 머릿속 생각을 곧바로 행동으로 옮긴다. 강원도 영월군에 있는 술샘박물관을 위탁 경영하기로 했다. 영월군이 140억원을 들여 주천면에 술샘박물관과 술샘마을 주막거리를 조성했으나 볼거리와 체험거리가 부족해 관광객에게 외면받고 있다. 이를 박 대표가 다시 꾸며 되살려 보겠다는 것이다. 조각 전공 후 독일에서 맥주 전문 과정을 졸업한 둘째 아들도 팔을 걷어붙였고 오는 7~8월 개장을 앞두고 있다.    ""새로 여는 영월 술샘박물관으로 영월에 변화의 바람이 불었으면 좋겠다. 강릉에도 2000년 초반까지만 하더라도 현대미술을 중심으로 하는 문화 공간이 없었다. 영월도 강릉처럼 활기를 되찾길 희망한다. 술을 주제로 하는 작품뿐 아니라 다양한 현대미술 작품을 선보일 예정이다.""   이처럼 박 대표는 계속 사고를 치고 있다. 그는 ""새로운 것에 끊임없이 도전하고 도약해야만 살아남는다""며 ""언젠가 서울에 새로운 형태의 미술관을 '내 멋대로' 꾸며보고 싶다""고 말했다.    [강릉 = 박윤예 기자]      ☞ 5月 반드시 주목해야될 종목!! ☞ 5月 큰 수익 원한다면, 이 종목부터 빨리 매수해라!!! ☞ 지금 100만원 있다면, 이 종목부터 사라! ☞ ""세계최초 신약개발"" 드디어 올것이 왔다! 주목해라!!      [ⓒ 매일경제 & mk.co.kr, 무단전재 및 재배포 금지]"
298,1,"2018-05-22","18:34:39","한경연 ""소비 늘어나도록 세제 개편해야""","민간소비를 살리려면 자동차 개별소비세를 없애고 근로자 식비 비과세 한도를 높여야 한다는 분석이 나왔다.   전국경제인연합회 산하 한국경제연구원은 ""내수를 띄우려면 민간소비 여력을 높여야 하고 이를 위해서는 조세제도 개편을 추진하는 조세재정특별위원회가 가처분소득을 늘리는 방향으로 세제를 개편해야 한다""고 22일 밝혔다.   작년 국내총생산(GDP) 증가율이 3.1%를 기록했지만 GDP 대비 민간소비(48.1%)는 1970년 이후 최저 수준이었고 가처분소득 대비 민간소비도 5 년 연속 떨어졌다. 이에 한경연은 민간소비 여력을 늘리는 세제 개편 방향으로 △소비자 부담을 줄이기 위한 자동차 개별소비세 폐지와 신용카드 소득공제 제도 일몰 기한 연장 △물가·소득수준 변화를 반영한 비과세 급여 확대 △국세 납부 시 신용카드 결제수수료 폐지 등을 제시했다.   집집마다 차를 1대 이상 가진 요즘 자동차 개별소비세(출고가의 5%)를 그대로 유지하는 것은 시대 흐름과 맞지 않는다는 게 한경연 비판이다. 홍성일 한경연 경제정책팀장은 ""1가구당 차를 1.04대 갖고 있다는 점에서 자동차를 사치재로 보기 어렵고, 매연 배출 등 부정적 외부 영향에 대해서는 환경세와 주행세 등 이미 중복되는 세금이 있다""고 말했다.   한경연은 2016년까지 근로소득자 910만명이 1인당 평균 20만원의 세제 혜택을 받은 신용카드 소득공제 제도도 유지해야 한다고 주장했다. 19 년간 있었던 공제 혜택이 없어지면 실질소득이 줄고 신용카드 결제에 대한 유인도 떨어질 수 있기 때문이다. 비과세 급여 항목의 한도액 상향 조정 필요성에 대해서는 ""회사가 근로자에게 주는 밥값의 비과세 한도는 14년 전 기준(월 10만원) 그대로지만 그동안 외식 물가는 38.2%, 1 인당 국민소득은 87.3% 올라 기준의 현실성이 떨어진다""며 ""월 근무일수를 20일로 가정할 때 한 끼당 냉면 한 그릇 값의 60%에 불과한 5000원만 비과세로 해주는 셈""이라고 지적했다.    [김인오 기자]      ☞ 5月 반드시 주목해야될 종목!! ☞ 5月 큰 수익 원한다면, 이 종목부터 빨리 매수해라!!! ☞ 지금 100만원 있다면, 이 종목부터 사라! ☞ ""세계최초 신약개발"" 드디어 올것이 왔다! 주목해라!!      [ⓒ 매일경제 & mk.co.kr, 무단전재 및 재배포 금지]"
298,2,"2018-05-22","18:34:30","고유가에 제조업 휘청…`스몰 스태그플레이션` 경고등","경기 침체에 대한 우려가 나오는 와중에 국제 유가인상으로 생산자물가가 오르면서 '스몰 스태그플레이션'에 대한 경계심이 고개를 들고 있다. 스태그플레이션은 '경기 침체(stagnation)'와 ' 인플레이션(inflation)'이 동시에 일어나는 현상이다. 다만 지금은 소비자물가가 낮은 수준이고 생산자물가만 뛰고 있다는 점에서 스태그플레이션보다 범위가 제한적인 스몰 스태그플레이션 상태에 근접했다는 게 전문가들 진단이다. 특히 제조업이 최저임금 인상과 근로시간 단축으로 인건비 부담이 늘어난 상황에서 유가 상승이라는 추가 비용 부담으로 직격탄을 맞을 수 있다는 우려도 나온다.   22일 국제금융센터에 따르면 서부텍사스산원유(WTI)·브렌트유·두바이유의 평균 가격(지난 18일 기준)은 작년 말 대비 17.4% 급등했다. 시장 예상보다 무려 10달러나 오름폭이 크다. WTI는 2014년 11월 말 이후 최고가인 배럴당 72.24달러를 찍었으며, 브렌트유도 3년6개월 만에 가장 높은 수준인 배럴당 80달러 선(79.22달러)에 근접했다.    이 같은 여파는 생산자물가에 반영됐다. 한국은행에 따르면 4월 생산자물가지수는 전달 대비 0.1% 상승한 104.13을 기록했다. 2014년 11월 104.13을 기록한 이후 3년5개월 만에 가장 높았다. 작년 같은 달 대비로는 1.6% 올라 2016년 11월부터 18개월 연속 상승했다. 생산자물가지수는 국내 생산자가 국내시장에 공급하는 상품과 서비스의 가격 변동을 보여주는 지표로, 소비자물가지수(CPI)의 선행지표다. 특히 지난달 우리나라의 석탄 및 석유제품 지수는 전월보다 3.1% 올랐다. 한은 관계자는 ""유가 인상 때문에 4월 생산자물가가 상승했다""고 말했다.   문제는 유가 상승 움직임이 당분간 지속될 것이라는 점이다. 미국이 산유국인 이란·베네수엘라에 대한 제재 가능성을 언급하면서 유가가 뛰는 것인데, 단기적으로 이런 분위기가 반전될 가능성은 높지 않다.   전문가들은 유가가 견인한 생산자물가 상승으로 한국 경제가 스몰 스태그플레이션에 직면할 수 있다고 경고한다. 고용절벽, 수출 둔화, 투자위축 등 실물경제가 위축된 가운데 생산자물가가 지속적으로 오르기 때문이다. 또 생산자물가 인상은 시차를 두고 소비자물가를 끌어올리기때문에 인플레이션의 전조로 해석된다.   김경훈 우리금융경영연구소 선임연구원은 ""유가 상승으로 기대 인플레이션이 큰 폭으로 오르면 이것이 인플레이션 확대로 이어질 수 있다""며""우리 경제가 스몰 스태그플레이션 우려에서 자유롭지 않다""고 진단했다. 김 선임연구원은 ""고용 등 경기지표가 생각보다 부진한 상황에서 석유 소비가 많은 여름에 유가가 더 올라 소비자물가도 오르면 내수 체감경기를 가라앉힐 것""이라고 덧붙였다.   추가적인 유가 상승으로 주요국 인플레이션 전망치가 상향 조정되면 실제 통화정책 정상화 속도가 빨라질 수 있다는 점도 우려를 낳는 부분이다. 미국 등 선진국이 기준금리를 인상하는데 한국이 경기 침체에 대한 우려 때문에 기준금리를 인상할 여력을 상실할 수 있다는 설명이다.이 경우 한미 간 금리 차이 때문에 자본 유출 상황이 벌어질 수 있다.   한국 같은 제조업 중심 경제는 유가 인상이 경제 전반에 타격을 입힐 수 있다는 분석도 제기된다. 주원 현대경제연구원 경제연구실장은 ""최근 생산·고용·수출지표로 볼 때 성장세가 약해졌고 앞으로 더 약해질 텐데, 유가가 상승하면 국내 물가가 급등하게 된다""며 ""이는 내수, 특히 소비와 투자심리를 크게 위축시킬 것""이라고 경고했다. 현대경제연구원은 최근 보고서에서 지난해 4분기 WTI 평균 가격인 53.9달러 기준에서 유가가 배럴당 80달러까지 상승하면 실질 국내총생산(GDP)이 0.96% 감소할 것으로 전망했다.   수출에도 단기적으로는 유가 상승이 도움이 될 수 있지만, 중장기적으로는 악재라는 게 전문가 판단이다. 관세청 관계자는 ""지난해부터 올해초까지 국제 유가가 상승해 석유 정제와 석유화학제품 수출이 큰 폭으로 증가했으나 이것은 '래깅 효과(lagging effect)'에 따른 단기적인 효과에 불과할 수 있다""고 설명했다. 래깅 효과는 원유를 수입하는 시점의 가격보다 정제해 내다 팔 때 원유 가격이 오르면 그만큼 가격 차익이 발생해 수익이 커지는 것을 일컫는 말이다.   ■ <용어 설명>   ▷ 스몰 스태그플레이션(small stagflation) : 경기 침체와 인플레이션이 동시에 일어나는 '완전한(full) 스태그플레이션'에 비해 범위가 제한적이고 사전적 단계의 스태그플레이션을 뜻한다.    [윤원섭 기자 / 김인오 기자]      ☞ 5月 반드시 주목해야될 종목!! ☞ 5月 큰 수익 원한다면, 이 종목부터 빨리 매수해라!!! ☞ 지금 100만원 있다면, 이 종목부터 사라! ☞ ""세계최초 신약개발"" 드디어 올것이 왔다! 주목해라!!      [ⓒ 매일경제 & mk.co.kr, 무단전재 및 재배포 금지]"
298,3,"2018-05-22","18:34:21","소비자물가 1%대 유지는 정부, 공공요금 억제 영향","최근 국제 농산물 가격이 오르고 국제 유가 상승으로 급기야는 수입 물가가 사상 최고치를 찍기도 했지만 전체적인 소비자물가상승률은 지난4월까지 7개월째 1%대를 유지하고 있어 한국은행 목표치인 2%를 하회하고 있다.   소비자물가가 낮게 유지되고 있는 것은 서민 생활비 부담 증가를 의식한 정부가 공공요금 인상을 억제하고 있기 때문이다. 최근 통계청 발표에 따르면 지난 4월 전기·수도·가스요금은 전월 대비 변동이 없었고 전년 동월 대비로는 오히려 2.5% 하락했다. 전체 소비자물가상승률에서 전기·수도·가스요금이 차지한 기여도는 -0.1%포인트다. 그만큼 물가를 끌어내렸다는 의미다. 전기·수도·가스요금은 지난해 10월부터 전년 동월 대비 7개월 연속 하락세다.   지난 4월 정부는 물가 관계 차관회의에서 도시철도와 상하수도 등 지방 공공요금 인상을 최대한 억제한다는 방침을 내놓기도 했다. 요금 인상을 최대한 피하되 인상이 불가피할 경우 시기를 나눠 올리거나 폭을 최소화한다는 방침이다. 통신비 역시 정부가 개입해 가격 인상을 억제하고 있는 대표적인 품목이다.    [연규욱 기자]      ☞ 5月 반드시 주목해야될 종목!! ☞ 5月 큰 수익 원한다면, 이 종목부터 빨리 매수해라!!! ☞ 지금 100만원 있다면, 이 종목부터 사라! ☞ ""세계최초 신약개발"" 드디어 올것이 왔다! 주목해라!!      [ⓒ 매일경제 & mk.co.kr, 무단전재 및 재배포 금지]"
298,4,"2018-05-22","18:33:33","바이올리니스트 뮬로바 ""얼음 여왕? 제겐 아픈 별명""","바이올리니스트 뮬로바 ""얼음 여왕? 제겐 아픈 별명""  내달 '제네바 카메라타'와 내한…""연주 기쁨 뒤늦게 깨달아""      (서울=연합뉴스) 임수정 기자 = '얼음 여왕이 녹았다.'  러시아 출신 바이올리니스트 빅토리아 뮬로바(59)는 활동 초기 차갑고 기계적인 이미지와 무표정한 얼굴, 냉정한 음악 해석 등으로 '얼음 여왕'이란 수식어를 달고 다녔다.  그러나 시간이 지날수록 보다 유연해진 레퍼토리와 연주 스타일로 관객과 만나며 과거와 상당히 다른 모습을 보여주고 있다. '얼음 여왕이 녹고 있다'는 평가가 나오는 것도 이 때문.  내달 내한 공연을 앞둔 뮬로바는 22일 연합뉴스와의 이메일 인터뷰에서 ""'얼음 여왕'과 관련한 질문을 정말 많이 받아왔지만, 이는 숫기없는 모습을 오해한 것일 뿐""이라며 ""제겐 아픈 별명""이란 답변을 내놓았다.  모스크바 음악학교와 모스크바 예술학교에서 공부한 뮬로바의 명성은 1980년대 러시아 음악학파의 결점 없는 테크닉과 깨끗한 사운드에서 시작됐다.  1980년 헬싱키에서 열린 시벨리우스 콩쿠르에서 우승한 데 이어 1982년 차이콥스키 콩쿠르에서 금메달을 수상하며 세계의 이목이 쏠렸다.  이를 위해 그는 죽도록 연습에 매달렸는데, 한 음이라도 어긋나는 것을 극도로 두려워했던 것으로 알려졌다.  그는 ""사실 바이올린을 연주하는 것 자체의 기쁨을 늦게 깨달았다""고 털어놨다.   ""옛날에는 연주하는 것을 안 좋아했을 정도였어요. 부모님이 억지로 바이올린을 손에 쥐여주셨기 때문에 연주를 시작했던 것 같아요. 그러나 아시다시피 자유를 찾아 러시아를 떠났고 점점 제가 원하는 것을 따라가고 있어요.""  그의 말대로 그는 서방으로 목숨을 건 망명을 감행한 것으로도 유명하다.  그는 차이콥스키 콩쿠르 우승 이듬해인 1983년 스웨덴을 거쳐 미국으로 망명했다.  옛 소련 정보기관인 국가보안위원회(KGB)의 추격을 따돌리기 위해 호텔 방에 분신과도 같은 스트라디바리우스 바이올린을 그대로 둔 채국경을 넘는 과정이 한 편의 첩보 영화처럼 전개됐다.  탈출 후 미국에 머물다 유럽으로 건너간 뮬로바는 거장 지휘자 클라우디오 아바도(1933~2014)와 26년의 나이 차에도 불구, 연인 관계로발전해 또 한 번 크게 화제가 됐다.  5년간 함께 산 이들 사이에서 아들 미샤 뮬로브-아바도가 태어났다. 뮬로바는 아바도와 헤어진 후에도 건강을 염려하고 부고에 가슴 아파하는 등 그에 대한 마음을 오래 간직한 것으로 알려졌다.  드라마보다 더 드라마 같은 삶을 산 그에게 자신의 음악인생에서 가장 중요한 순간을 꼽아달라고 부탁했다.  그는 ""제 커리어에서 중요한 순간은 아주 많다""고 했다.   ""시벨리우스 콩쿠르와 차이콥스키 콩쿠르에서 우승한 것, 러시아에서 탈출할 수 있도록 도와준 사람을 만난 것을 빼놓을 수 없겠죠. 저를 음악가로 있게 한 클라우디오 아바도, 조반니 안토니니, 오타비오 단토네, 파보 예르비 등과의 만남도 중요한 순간으로 꼽을 수 있겠습니다.""  그는 이와 함께 현재 남편인 첼리스트 매슈 발리와의 만남과 작업을 ""인생의 큰 순간""으로 꼽았다.   ""남편은 제게 음악의 다양한 형태를 소개해 줬어요. 그는 클래식과 재즈, 인도음악, 전자음악 등 장벽을 허무는 음악을 사랑하죠. 그와함께 저도 다양한 레퍼토리들을 탐험하며 음악가로서 풍부한 경험을 할 수 있었습니다.""  그는 특히 2000년대 들어 거트현(양의 창자를 꼬아 만든 현)을 사용하는 바이올린을 들고 바로크 음악에 뛰어들며 연주 스타일에 큰 변화를 보였다.  뮬로바의 바흐 연주에 대해 영국 일간 가디언은 ""뮬로바의 바흐를 듣는다는 것은 살면서 가장 멋진 일 중 하나""라는 극찬을 내놓기도 했다.  그의 호기심은 바로크 음악부터 현대음악, 퓨전과 실험음악에까지 이를 만큼 폭넓다.  그는 오는 6월 8일 예술의전당 콘서트홀에서 열리는 내한 공연에서 오랜만에 한국 관객과 만난다.  클래식뿐 아니라 재즈, 록, 연극, 영상 등 다방면에 관심을 지닌 연주 단체 '제네바 카메라타'(지휘 데이비드 그렐자메르)와 함께다.  그는 이번 공연에서 멘델스존 바이올린 협주곡을 협연한다.  그는 협연 곡에 대해 ""아주 아름답고 우아한 곡""이라고 설명했다. ""음악에 있어 테크닉이 유일하다고 생각하지 않아요. 때로는 느린 악장의 표현도 중요하죠. 이 곡처럼요.""  4만~15만원. ☎1577-5266   sj9974@yna.co.kr   (끝)    <긴급속보 SMS 신청> <포토 매거진> < M-SPORTS >   <저작권자(c) 연합뉴스, 무단 전재-재배포 금지>"
298,5,"2018-05-22","18:32:50","LG 퇴직 임원들 단톡방서 구본무 회장 추모","한번도 언성 높인적 없던 분   가장 강하게 받은 질책이   ""어렵지만 잘해봅시다""    기술올림픽 참가자들에게  ""창원 촌놈들이제""라며    막걸리 따라주던 회장님     참 좋으신 분   길에서 만나면 달려가    큰절하고 싶었는데…     [ 노경목 기자 ] 퇴직 임원 중에는 출신 회사에 비판적인 사람들이 있기 마련이다. 본인의 의사와 상관없이 회사를 그만둔 경우도 적지 않기때문이다. 하지만 구본무 LG그룹 회장의 영면을 맞이하는 LG그룹 퇴직 임원들의 마음은 한결같았다.  LG 외에도 여러 대기업에 몸담았던 한 퇴직 임원은 “다른 대기업에서는 출신 회사 오너에게 냉소적인 사람들이 많은데 구본무 회장에 대해서는 마음이 한결같아 놀랐다”며 퇴직 임원 단톡방(단체 모바일 채팅방)에서 오간 대화를 기자에게 건넸다.  관련 내용을 가능한 한 원문 그대로 옮긴다.  “7년간 70회 정도 구본무 회장을 만났지만 한 번도 언성을 높이는 걸 본 적이 없다. 가장 강하게 질책받은 것이 ‘어렵지만 잘해 봅시다’였다. 사업부가 쪼개질 때도 ‘섭섭할 수도 있지만 양쪽을 더 잘 키우는 것도 보람이지요’라며 마음을 헤아려줬다. 곤지암에서 행사를 하면 모아둔 술을 아낌없이 나누며 경영자들이 신나게 일하도록 기를 살려줬다. 오늘도 혼자 술을 마시며 추억을 되새겨 본다.”  “와병 중이라는 소문은 들었지만 이렇게 황망하게 가실 줄 몰랐다. (창원에서 열린) 사내기술올림픽 행사가 끝난 뒤 참가자들에게 막걸리를 한 잔씩 따라주며 ‘창원 촌놈들이제?’라고 하던 목소리가 아직도 생생하다.명복을 빈다.”  “구본무 회장의 상실을 온 가슴으로 슬퍼하며, 우리 곁에 머물다 간 따스했던 거인을 영원히 기억할것이다.”  “참 좋으신 분, 길거리에서 만나면 달려가 큰절을 하고 싶은 그런 분이었다. 그 어느 기업과도 비교할 수없이 훌륭한 LG만의 조직문화를 만들어 낼 수 있었던 것은 구본무 회장의 철학과 소탈하면서도 고매한 인품 덕분이라고 생각한다.”  “구본무 회장의 따뜻한 정이 잊혀지지 않을 것 같다. 기틀을 닦아 놓은 일등 LG를 (앞으로) 꼭 달성하기를 기원하며 명복을 빈다.”  노경목 기자 autonomy@hankyung.com    기업의 환율관리 필수 아이템! 실시간 환율/금융서비스 한경Money [ 무료 주식 카톡방 ] 국내 최초, 카톡방 신청자수 38만명 돌파 < 업계최대 카톡방 > --> 카톡방 입장하기!!     관련기사 마지막까지 조용히 … 구본무 회장 '화담숲'에 잠들다 수목장(樹木葬) ""정말 이례적인 일"" 망연자실한 신혼부부들 왜? 돈방석 앉은 연예인들…1인 방송 BJ 수입어떻길래 ""셈하기도 어렵다"" 방탄소년단 경제적 가치가 무려    ⓒ 한국경제 & hankyung.com, 무단전재 및 재배포 금지"
298,6,"2018-05-22","18:31:47","경총, ""최저임금 논의, 사회적 대화 단절되지 않아야""","경총은 22일 최저임금 산입범위 입법에 대한 입장발표를 통해 최저임금제도의 취지에 맞지 않는 상황이 지속될 것이라고 우려를 표했다. 또사회적 대화가 단절되지 않도록 노력해야 한다고 강조했다.   지난 18일 더불어민주당과 자유한국당이 최저임금 산입범위에 ‘매월 지급’하는 상여금과 현금성 숙식비를 포함하는 개정안을 5월 임시국회에서 처리하기로 잠정합의한 것으로 알려졌다.   이에 대해 경총은 먼저 ""개정안이 통과되더라도 최저임금 인상으로 연봉 4000만 원 이상을 받는 대기업 정규직 근로자가 혜택을 보는 등 불공정한 상황이 지속될 것이며, 임금 격차를 확대시켜 양극화를 심화시키는 결과를 초래하게 될 것""이라고 우려했다.   또 ""회원사들의 상당수가 산입범위 개선 효과를 전혀 보지 못하게 돼 경총이 동의하기 어려운 상황""이라고 했다.   경총은 ""이번 개정안은 노조가 없는 기업은 회사가 상여금 지급주기를 변경하는 것을 가능토록 규정하고 있다""며 ""그러나 노조가 있는 기업은 단체협약 개정을 위해 노조의 동의가 필요하기 때문에 산입범위 확대가 사실상 불가능해져 산입범위 개선 효과가 거의 없게 될 것""이라고 설명했다. 이어 ""진정으로 제도 개선 대상이 돼야 할 계층이 제외되는 것""이라고 지적했다.   경총은 또 ""사회적 대화가 단절되지 않도록 노력할 필요가 있다""며 ""일부에서는 최저임금위원회 공익위원 대부분이 진보성향으로 내년 인상률은 노동계 의도대로 높아지고, 산입범위 조정은 현실적으로 어려울 것이라는 우려의 목소리가 있다""고 설명했다.   그러면서 ""경총이 양대 노총의 최임위에서 최저임금 수준과 산입범위 문제를 동시에 논의하자는 제안을 받아들인 이유는 사회적 대화를 지속하고 올해 심의를 공익위원 중심이 아니라 노사중심성 원칙하에 합리적으로 풀어나가기 위해서였다""고 밝혔다.   이어 ""특히 지금 국회에서 통과시키려고 하는 안은 지난 3월까지 노사가 합의를 시도했던 최저임금 제도개선 TF안과 동일하다""며 ""당시에도경총이 명확히 반대했던 내용을 지금에 와서 수용할 수는 없는 상황""이라고 했다.   경총은 ""향후 노사 중심의 사회적 대화를 통한 최저임금 제도개선에 기업들의 입장이 충분히 반영되도록 최선의 노력을 경주할 것""이라고 강조했다.   송영록 기자(syr@etoday.co.kr)   [오늘의 핫클릭]  ☞퇴직 후 백만원으로 35억 벌게 된 60대 남성 화제!  ☞[포토] 고(故) 구본무 LG 회장 발인,구본준-구본능-구본식 '무거운 마음'  ☞[포토] 고(故) 구본무 회장 발인, 영정 모시는 맏사위 윤관 대표  ☞[일기 예보] 부처님 오신 날(석가탄신일) 오늘 날씨, 흐린 뒤 저녁부터 비…미세먼지 농도는 ""좋음""  ☞떨어지는 재계 별들...이건희 건강 상태는?    ☞[주간 증시일정] 5월 21~25일 넥센테크?텔콘 상호변경, 디에스티로봇 주주총회 등  ☞[카톡방] 무료 주식 카톡방 신청자수 38만 명 돌파 <업계 최대 카톡방> →카톡방 입장하기!         Copyrightⓒ이투데이, All rights reserved. (무단 전재 및 재배포 금지)   프리미엄 경제신문 이투데이    "
298,7,"2018-05-22","18:31:20","벌써 기념주화 만든 트럼프…김정은에 최고지도자 호칭","미·북정상회담을 앞두고 미·북 간 냉랭한 분위기가 감도는 가운데 미국이 이미 기념주화까지 제작한 것으로 확인됐다. 일부에서는 '너무 성급한 게 아니냐'는 비판도 나오고 있다.   21일(현지시간) 백악관통신국(WHCA)은 백악관군사실(WHMO)이 제작한 미·북정상회담 기념주화를 공개했다. 공개된 주화 앞면에는 도널드 트럼프 미국 대통령과 김정은 북한 국무위원장의 흉상이 서로 마주보고 있는 형태로 배치돼 있다. 트럼프 대통령 뒷면에는 성조기가, 김 위원장뒷면에는 북한 국기인 인공기가 각각 음각으로 새겨졌다. 주화 위쪽 가운데에는 '평화회담'이라는 한글이 써 있고, 영어로 같은 뜻인 'Peace Talks'를 기재했다. 국호로는 미국(United States of America)과 함께 '조선민주주의인민공화국(Democratic People's Republic of Korea)'이라는 공식적인 명칭을 사용했다. 트럼프 대통령 쪽에는 '대통령 도널드 J. 트럼프', 김 위원장 쪽에는 '김정은 최고지도자(Supreme Leader)' 라는 이름과 직함을 넣었다. 뒷면에는 백악관 전경과 트럼프 대통령의 전용기인 에어포스원이 담겼다. 주화 위에는 '대통령의 방문(visit of the president)', 아래에는 '도널드 J. 트럼프'라는 글이 들어갔다.   백악관은 과거에도 정상회담 등을 앞두고 이 같은 주화를 제작한 바 있다. 최근에는 트럼프 대통령의 사우디아라비아 방문과 관련해 기념주화를 만들었다.   하지만 민감한 정상회담을 앞둔 상황에서 주화부터 공개했다는 점에 경솔한 게 아니냐는 비난도 나온다. 미국 경제매체 비즈니스인사이더는 ""특히 김정은 위원장을 (위원장이라는 호칭이 아닌) 북한의 최고지도자라고 표현한 데 대해 비판적인 시각이 있다""고 지적했다.    [이새봄 기자]      ☞ 5月 반드시 주목해야될 종목!! ☞ 5月 큰 수익 원한다면, 이 종목부터 빨리 매수해라!!! ☞ 지금 100만원 있다면, 이 종목부터 사라! ☞ ""세계최초 신약개발"" 드디어 올것이 왔다! 주목해라!!      [ⓒ 매일경제 & mk.co.kr, 무단전재 및 재배포 금지]"
299,1,"2018-05-22","18:25:25","[靑 '6월 고용회복론' 3가지 맹점] ① 취업자증가 20만명대 회복은 '기저효과'","고용지표 부진이 이어지자 지난 21일 청와대는 직접 해명에 나섰다. 반장식 일자리 수석은 “다음 달 추가경정예산 집행과 은행·공기업의 채용 본격화, 노동시간 단축 효과 등이 고용에 긍정적으로 작용할 전망”이라고 말했다. 이른바 ‘6월 고용회복론’이다. 정부 역시 다음 달에는 취업자 증가 폭이 20만명대를 회복할 것으로 내다보고 있다. 그렇다면 부진했던 고용이 정책변화만으로 회복세에 들어설까. 전문가들은 3가지 맹점이 있다고 지적했다.  ①정부의 자신감?···착시의 기저효과일 뿐=통계상으로는 다음 달부터 고용이 회복될 가능성이 높다. 통계적 착시의 일종인 ‘기저효과’ 탓이다. 취업자 증가 폭은 지난 2월 10만4,000명으로 10만명대로 추락하더니 3월과 4월에도 각각 11만2,000명, 12만4,000명에 그쳤다. 적정 취업자 증가폭이 30만명이라는 점을 감안하면 부진한 수치다. 통계적으로 보면 이는 지난해 고용시장 호조에 따른 ‘역기저효과’탓이 크다. 실제 지난해 2~4월에는 취업자 증가가 36만~46만명으로 높은 수준을유지했다. 지난해 취업자 증가 폭이 커 올해 취업자가 많이 늘더라도 작아 보이는 효과가 있는 셈이다. 이런 상황은 정부가 최근 고용 통계부진의 이유로 내세우는 근거이기도 하다. 다음달에는 정반대의 효과가 나타난다. 지난해 6월 취업자 수 증가 폭은 30만2,000명으로 같은해2~5월보다 크게 떨어졌다. 특히 같은 해 8월에는 20만명대로 내려앉는다. 지난해 6월 이후 고용통계가 부진했던 만큼 올해 6월부터는 좋아 보이는 착시효과가 나타난다는 것이다. 윤창현 서울시립대 경영학과 교수는 “정책 효과가 증명되려면 취업자 증가가 30만명 이상은 돼야 한다”며 “걱정하지 말라는 식으로 숫자를 해석하면 혼란만 부추긴다”고 말했다.  ②노동시장 이탈은 외면···근로시간 단축은 ‘일시적’=청와대는 구직단념자 증가에 대해서도 언급하지 않고 있다. 생산가능인구는 줄어드는데 구직단념자가 증가하는 것은 최악의 상황이라는게 전문가들의 진단이다. 지난달 구직단념자는 45만7,700명으로 4년만에 최고치를 기록했다. 근로시간 단축의 영향으로 일자리 증가도 예상된다. 하지만 반짝효과에 그칠 가능성이 크다. 성태윤 연세대 경제학과 교수는 “근로시간 단축과 최저임금 인상 등은 장기적으로 기업에 부담을 주기 때문에 고용여건은 더 나빠질 수 있다”고 말했다.  ③‘고용률’ 강조했지만···취업자 44만명 늘어야 0.1% 증가= 반 수석은 객관적 고용 상황을 판단하기 위해서는 ‘고용률’를 살펴봐야 한다고 주장했다. 하지만 고용률이 획기적으로 늘어나기는 어렵다. 고용률은 총 취업자를 생산가능인구(15~64세)로 나눈 비율인데 생산가능인구가 4,400만명이 넘어 0.1% 상승을 위해서는 취업자 수가 44만명이나증가해야 한다. 현재 경제 여건상 이 수준의 증가는 어렵다는 게 전문가들의 분석이다. 빈현준 통계청 고용통계과장은 “취업자 수가 획기적으로 늘지 않는 이상 고용률 개선은 어렵다”고 설명했다.  /세종=강광우기자 pressk@sedaily.com    ▶▶ 2018년 정부 정책 수혜주 TOP 10 大공개! (바로 확인)  ▶▶ 재료노출 임박한 상위1%의 극비정보 30명한정 공개(무료)    [ⓒ 서울경제, 무단 전재 및 재배포 금지]"
299,2,"2018-05-22","18:25:10","靑 '드루킹 특검법' 지연처리 지적에 ""사실에 안 맞는 비판""","靑 '드루킹 특검법' 지연처리 지적에 ""사실에 안 맞는 비판""   ""절차에 최소한 시일 소요…과거 사례 봐도 평균 14일""   ""추경안은 본회의 통과한 날 처리가 관례""    (서울=연합뉴스) 서혜림 기자 = 청와대는 22일 정부가 전날 임시국무회의에서 드루킹 사건(민주당원 댓글조작사건) 특검법을 의결하지 않은 것을 두고 자유한국당이 '특검 지연 꼼수'라고 비난한 데 대해 ""사실에 맞지 않는 비판""이라고 반박했다.  김의겸 청와대 대변인은 이날 기자들에게 보낸 입장문을 통해 ""지난 10년 동안의 사례를 봐도 국회 본회의 의결을 거치고 나서 다음번 화요일 국무회의에서 의결을 거치는 게 관례였다""면서 이같이 밝혔다.  김 대변인은 아울러 ""특검법을 비롯한 법안은 국회 의결, 정부 이송, 법제처와 해당 부처의 검토, 국무회의 상정과 의결, 공포의 절차를거치게 돼 있다""면서 ""(공포까지) 최소한의 시일이 소요된다""고 말했다.  이어 ""과거의 사례를 봐도 1999년 최초의 특검법인 조폐공사 파업유도 사건 이후 최근의 특검법인 최순실 국정농단까지 11차례의 특검법이 있었는데, 평균적으로 14일이 소요됐다""라고 강조했다.  김 대변인이 제공한 '역대 특검법 처리현황' 자료를 보면, 특검법이 본회의 통과 당일 처리된 적은 없었으며 의결부터 공포까지 최단 4일(이용호 게이트 특검법), 최장 26일(노무현 전 대통령 측근비리 특검법)이 소요됐다.  김 대변인은 ""이에 따라 정부는 오는 29일 화요일 국무회의에서 특검법을 처리할 예정""이라고 덧붙였다.  김 대변인은 또 추가경정예산안을 전날 처리한 이유에 대해선 ""추경안의 경우는 예산집행이 시급한 만큼 일반적으로 본회의에서 통과한날 국무회의를 열어서 처리하는 게 관례""라면서 ""이번에도 그런 관례를 따른 것""이라고 말했다.    hrseo@yna.co.kr   (끝)    <긴급속보 SMS 신청> <포토 매거진> < M-SPORTS >   <저작권자(c) 연합뉴스, 무단 전재-재배포 금지>"
299,3,"2018-05-22","18:22:08","오늘의 증시 메모[5월 23일]","<유가증권>  ▲보통주추가상장=두산인프라코어·오리엔트바이오(신주인수권행사) DB(국내CB)  <코스닥>  ▲공모주청약=현대사료(주관사 신한) ▲신주배정기준일=아이엠(101390)(유상) ▲보통주추가상장=솔트웍스·KMH·코센·피앤텔(국내CB) 지트리비앤티·인크로스 ·JYP Ent.(주식매수선택권행사) 알비케이이엠디(국내BW·주식매수선택권행사) 대창솔루션(유상 제3 자배정) ▲상호변경=텔콘(200230)→텔콘알에프제약 ▲상장폐지=완리(900180)    ▶▶ 2018년 정부 정책 수혜주 TOP 10 大공개! (바로 확인)  ▶▶ 재료노출 임박한 상위1%의 극비정보 30명한정 공개(무료)    [ⓒ 서울경제, 무단 전재 및 재배포 금지]"
299,4,"2018-05-22","18:17:43","""불법영업 하거나 손해 보라는거냐"" 근로시간 단축앞두고 중견SI '막막'","지난해 10월 A은행의 1년 단위 사업을 수주하고 직원을 파견한 중견 시스템통합(SI)업체 B사는 최근 고민에 빠졌다. 직원 수가 300명이 넘는 B사는 근로기준법 개정에 따라 오는 7월부터 주당 노동시간이 52시간으로 제한된다. 하지만 A은행은 노동시간 제한 적용을 받지 않는다. 지금까지는 은행에 파견된 B사 직원들은 은행 업무시간에 맞춰 문제가 생길 때마다 현장에 나가 근무했다. 그러나 하반기부터 지금과 같이 일한다면 B사는 경우에 따라 근무시간외 일을 시키는 ‘불법 기업’이 된다. 그렇다고 단축 노동시간을 지키며 현재 서비스 수준을 유지하려면, 인건비 부담이 최대 50% 이상 늘게 된다. B사 관계자는 “불법 업체로 전락하거나 사업을 수주하고도 손해를 보거나 둘 중 하나”라고 불만을 터뜨렸다.  22일 정보기술(IT)업계에 따르면 중견 SI업체 상당수가 하반기부터 불법 업체가 되거나 기존 사업 수행을 위해서는 추가 고용에 따른 비용을 부담해야 할 처지에 놓였다. 지난달 27일 국회에서 합의된 노동시간 단축안으로 인한 사각지대 때문이다. 300인 이상 SI업체들은 당장 7월부터 노동시간 단축이 적용되지만, 직원들이 주로 파견돼 근무하는 의료기관과 금융권은 노동시간 단축 대상이 아니다. 의료기관은 특례업종에 포함됐고, 금융권은 1년 유예를 받아 내년 7월부터 적용된다.   SI업체는 보통 1년 단위로 계약을 맺고 사업을 진행한다. 따라서 지난해 하반기나 올상반기에 시작한 사업에 파견된 SI업체 직원들은 기존 관행대로 근무하면 앞으로 ‘불법 영업’을 하게 된다. IT업계 관계자는 “은행이나 의료기관에 서비스에 장애가 발생하면 SI업체는 밤낮은 물론 휴일도 없이 현장에 나가 복구해야 한다”며 “발주업체가 ‘갑’인 상황에서 즉각 복구 조치를 못하면 향후 수주가 어려워질 뿐만 아니라 계약에 따라 페널티 금액을 지불하거나, 계약 불이행으로 소송까지 당할 수도 있다”고 난감해했다.  결국 SI업체가 법 개정안을 따르면서 기존 서비스를 유지하려면 추가 고용이 불가피하다. 하지만 관행상 이 비용도 SI업체가 모두 떠안을 수 밖에 없다. 의료·금융계는 SI 인건비 계산방식에 ‘헤드카운팅’ 방식을 고수하고 있다. 이 방식은 한국소프트웨어산업협회가 매년 발표하는 소프트웨어(SW) 기술자 노임 단가에 따라 인건비를 계산해 발주금액을 산정한다. 노임 단가에는 법인 부담금이나 수당까지 모두 포함된다. 일단 계약을 맺으면 발주업체가 근무시간을 결정하지만, 파견 직원의 수당은 전적으로 SI업체가 책임진다.   한국IT서비스산업협회는 지난달 고용노동부에 ‘IT서비스 산업’을 노동시간 단축 적용 특례업종으로 지정해달라는 안을 검토했지만 결국 철회했다. 정부 정책에 반하는 것으로 비쳐 부담이 됐기 때문이다. 대신 협회는 정부 각 소관 부처에 선택근무제와 탄력근무제의 산정기간을 1년으로 늘리고, 헤드카운팅 관행을 폐지해달라고 요청했다. 또 정부의 근로시간 단축에 따라 SI업체가 추가로 부담할 비용을 보전해주거나 정부가 나서서 발주업체와의 계약 내용을 조정해달라고도 요구했다. 한국IT서비스산업협회 관계자는 “단순히 노동시간만 줄일 게 아니라 발주업체의 일방적 요구에 따른 파견직원의 과도한 연장근무나 연차 사용 박탈 등 시대에 뒤떨어진 노동 환경도 함께 개선해야 한다”고 강조했다. /양사록기자 sarok@sedaily.com    ▶▶ 2018년 정부 정책 수혜주 TOP 10 大공개! (바로 확인)  ▶▶ 재료노출 임박한 상위1% 의 극비정보 30명한정 공개(무료)    [ⓒ 서울경제, 무단 전재 및 재배포 금지]"
299,5,"2018-05-22","18:17:00","한, 아프리카에 50억불 금융지원..""한반도 평화 중요""","- 한-아프리카 경제협력회의      김동연 부총리 겸 기획재정부 장관이 22일 부산 벡스코에서 제53차 아프리카개발은행(AfDB)연차총회 참석차 부산을 방문 중인 아킨우미아데시나 AfDB 총재와 인사를 나눴다.[사진=기획재정부][세종=이데일리 최훈길 기자] 정부가 아프리카에 50억달러 규모의 금융지원을 하기로했다.   기획재정부는 22일 부산 벡스코에서 아프리카개발은행(AfDB), 수출입은행과 함께 ‘제6차 한-아프리카 경제협력(KOAFEC) 회의’를 개최했다. 정부는 공동선언문을 통해 향후 2년간 50억달러의 금융협력 패키지를 제공하기로 했다. 김동연 경제부총리 겸 기재부 장관은아킨우미 아데시나 AfDB 총재와 한국청년기술봉사단 협력 MOU 체결 및 1800만달러 규모의 KOAFEC 신탁기금 추가 출연에 합의했다.   공동선언문에는 “남북 정상회담에 따른 ‘판문점 선언’을 환영하며, 한-아프리카가 장기적으로 안정적 경제협력 관계를 구축하기 위해 한반도의 평화가 중요하다. 아프리카도 이를 지지한다”는 내용이 포함됐다. 김 부총리는 “한국과 아프리카 간 인적·기술적 교류를 확대해 나갈수 있기를 기대한다”고 말했다.  ▶계좌회복프로젝트! 상위 전문가의 투자전략 및 추천종목‘[무료확인]’ ▶14년 연속 1위, 대한민국 대표 스탁론 하이스탁론 '    ' ＜ⓒ종합 경제정보 미디어 이데일리 - 무단전재 & 재배포 금지＞   "
299,6,"2018-05-22","18:16:27","[모바일한경] 기로에 선 말레이시아의 '중국인 차별 정책' 등","모바일 한경은 PC·폰·태블릿에서 만나는 프리미엄 디지털 서비스입니다.    구독 mobile.hankyung.com   문의 02) 360-4000     ▶기로에 선 말레이시아의 ‘중국인 차별 정책’  ▶경력관리 첫 단추 3단계는 …  ▶판결문으로 재구성한 ‘교사가 휴게소에 초등생 방치한 사건’    기업의 환율관리 필수 아이템! 실시간 환율/금융서비스 한경Money [ 무료 주식 카톡방 ] 국내 최초, 카톡방 신청자수 38만명 돌파 < 업계 최대 카톡방 > --> 카톡방 입장하기!!     관련기사 신임 금통위원, '매'도 '비둘기'도 아니라는데… ""정말 이례적인 일"" 망연자실한신혼부부들 왜? 저널리즘을 향한 탐색… BBC 뉴스 이용자 조사 등 돈방석 앉은 연예인들…1인 방송 BJ 수입 어떻길래 ""셈하기도 어렵다"" 방탄소년단 경제적 가치가 무려    ⓒ 한국경제 & hankyung.com, 무단전재 및 재배포 금지"
299,7,"2018-05-22","18:15:09","아베 ""사학스캔들 무관"" 해명 거짓말?…사학 면담 '진실게임'(종합)","아베 ""사학스캔들 무관"" 해명 거짓말?…사학 면담 '진실게임'(종합)  논의한 적 없다던 아베, 면담하고 '좋네' 발언 문서 공개   아베 ""문서, 사실 아냐"" 부인…野 ""거짓말이면 내각 총사퇴"" 공세   (도쿄=연합뉴스) 최이락 김병규 특파원 = 아베 신조(安倍晋三) 일본 총리가 친구가 이사장인 사학재단에 특혜를 줬다는 가케(加計)학원스캔들과 관련해 거짓말을 했음을 드러내는 문서가 공개됐다.  아베 총리는 이 문서의 내용이 사실이 아니라고 부인하고 있어 의혹은 진실게임국면으로 옮겨가고 있다. 만약 총리가 거짓말을 한 것이사실로 드러난다면 안 그래도 위기에 몰린 아베 정권에 치명타가 될 것으로 예상된다.  야당은 당장 가케 고타로(加計孝太郞) 가케학원 이사장과 야나세 다다오(柳瀨唯夫) 전 총리 비서관 등 이 사건 관련자의 국회 증인 소환을 요구하며 대여공세 수위를 한층 끌어올렸다.  아베 총리는 22일 총리 관저에서 기자들을 만나 전날 에히메(愛媛)현이 공개한 문서의 내용이 사실이 아니라고 말했다. 전날 저녁 문서가 공개된 뒤 묵묵부답으로 일관하다가 반나절 만에 의혹을 부정하고 나선 것이다.  그는 ""문서에서 지적된 날에 가케학원의 가케 이사장과 만난 적 없다. 혹시 몰라 (총리) 관저의 기록을 살펴봤어도 (면담 사실이) 확인되지 않았다""고 말했다.    그러면서 ""(의혹의 핵심인) 수의학부 신설에 대해 가케 이사장으로부터 이야기를 들은 적도, 내가 이야기를 한 적도 없다""고 잘라 말한뒤 질문에 답하지 않고 서둘러 자리를 떠났다.  스가 요시히데(菅義偉) 관방장관은 정례 브리핑에서 가케 이사장의 총리 관저 출입기록이 있느냐는 질문에 ""출입기록은 조기 폐기 취급자료여서 남아있지 않다""고 말했다. 그는 총리의 가케 이사장 면담 기록도 ""없다""고 덧붙였다.  가케학원 스캔들은 아베 총리가 자신의 오랜 친구가 이사장인 가케학원이 수의학부 신설을 허가받는 데 영향력을 행사했다는 의혹이다. 아베 총리는 그동안 이 재단의 가케 이사장과 수의학부 신설 문제에 대해 논의한 적이 없으며 작년 1월 20일 가케학원이 국가전략특구 사업자로 선정됐을 때 수의학부 신설 계획을 처음 알았다고 주장해왔다.  이런 아베 총리의 발언이 거짓말임을 시사하는 문서는 에히메현이 과거 작성해 전날 국회에 제출한 것이다.  에히메현은 전날 '2015년 2월 말 가케학원의 가케 이사장이 아베 총리와 면담, 수의학부 구상을 설명했다'는 내용이 담긴 내부 문서를 공개했다.  이는 2007년 1월 처음 알았다는 총리의 발언과 명백히 배치되는 것이다. 문서에 따르면 아베 총리는 가케 이사장의 설명을 듣고 ""그런 새로운 수의대학(신설) 생각은 좋네""라고 말하기도 했다.  나카무라 도키히로(中村詩廣) 에히메현 지사는 이날 기자들과 만난 자리에서 아베 총리가 현이 작성한 문서의 내용을 부인한데 대해 ""국회 요청에 의해 만든 것으로, 직원들이 3년 전의 문서를 고칠 필요가 없다""고 반박했다.  다른 현 간부도 교도통신에 ""당시의 담당 직원이 학원 측으로부터 듣고 적은 내용을 정직하게 쓴 것이다""라며 ""각색하거나 거짓말을 할필요가 없다""고 말했다.  문서 내용이 사실이면 총리가 공개적으로 거짓말을 한 사실이 드러나는 것인 데다, 수의학부 신설에 실제로 영향력을 행사했다는 의심을받기에 충분한 만큼 지지율이 30%대로 추락한 아베 정권에 결정적인 타격이 될 것으로 보인다.    당장 야권은 아베 총리의 책임론을 제기하며 강공을 펼쳤고 여권 내에서도 위기감이 높아지고 있다.  포스트 아베 주자인 노다 세이코(野田聖子) 총무상은 ""국회에서는 국민에게 거짓말을 하지 않는 것, 설명 책임을 다하는 것이 가장 중요하다""고 비판했고 연립여당인 공명당의 이시다 노리토시(石田祝稔) 정조회장도 ""총리, 에히메현 어느 쪽인가 거짓말을 하고 있다. 진짜 얘기를 하지 않고 있다""고 지적했다.  야권 역시 ""한 나라의 총리가 국민에게 계속 거짓말을 해왔다""(쓰지모토 기요미 입헌민주당 국회대책위원장), ""총리의 답변이 거짓말이었다면 내각 총사퇴에 해당한다""(다마키 유이치로<玉木雄一郞>) 등의 발언으로 아베 총리를 공격하고 있다.  아베 총리가 일단 의혹을 부인했지만, 사학 스캔들은 향후 아베 내각의 근간을 흔들 정도로 폭발력이 커질 것으로 보인다.    bkkim@yna.co.kr   (끝)    <긴급속보 SMS 신청> <포토 매거진> < M-SPORTS >   <저작권자(c) 연합뉴스, 무단 전재-재배포 금지>"
300,1,"2018-05-22","18:07:27","""남녀임금차별 NO"".. 여성단체, 페이미투 운동 나선다","여성단체들이 '임금차별은 불법이다'라는 구호를 내걸고 동일노동 동일임금 보장을 촉구하는 ‘페이미투(PayMeToo)’ 운동에 나선다. 한국YWCA는 행동하는여성연대, 미래여성네트워크, 역사여성미래, 한국청년유권자연맹과 함께 23일 오후 2시 국회의원회관 제8간담회실에서 바른미래당 신용현 의원실과 함께 ‘2018 동일임금의 날’ 기념 좌담회를 연다고 22일 밝혔다.  2014년부터 정책토론회, 전문가 세미나, 캠페인 등 다양한 방식으로 동일임금의 날제정촉구 활동을 펼쳐온 이들 여성단체는 올해 좌담회에서 남녀임금 격차 해소를 위한 실질적인 행동계획을 모색할 예정이다. 특히 남성임금 대비 여성임금이 15년 넘게 37% 차이 나는 한국의 여성노동 현실과 19대 국회 임기 만료로 폐기된 동일임금의 날 제정 법안이 20대 국회에서도 논의조차 되지 않는 상황에 대해 문제 제기를 할 계획이다. 김미진 한국청년유권자연맹 사무총장, 김순희 한국노총 여성본부장, 배정미 한국YWCA연합회 중점운동국장이 각각 청년여성의 임금차별, 여성노동자의 고착화된 저임금 문제, 중장년여성의 저고용 문제 등을 주제로 대담을 진행한다. 신용현 의원, 박인숙 정의당 여성위원장, 차인순 국회 입법심의관, 김난주 한국여성정책연구원 부연구위원은 토론자로 나서 남녀임금격차 해소를 위한 법제도 마련에 대해 논의한다. 사회는 김은경 한국YWCA연함회 성평등위원장이 맡는다. 또한 한국YWCA는 5월 넷째주 고용평등주간을 맞아 전국 21개 지역 YWCA에서 동일임금의 날 제정 촉구를 위한 거리캠페인과 서명활동을 펼친다. 이번에 받은 서명은 동일임금의 날 제정을 발의한 신용현 의원을 비롯한 국회의원 3명에게 전달할 예정이다.  solidkjy@fnnews.com 구자윤 기자  ▶'모멘텀 집중'저가에서 매집해둬야 할 상반기 유망주 3선 (지금 확인)   [파이낸셜뉴스 주요뉴스]  → '공천갈등 진화' 나선 바른미래 지도부..살얼음판 여전 → 靑, 드루킹-'親文' 송인배 연루설에 '당혹'‥적극 해명 → 일주일 사이에 로또 1등 2번 당첨된 40대 남성 → 초등생 고속도 휴게소 방치 혐의 교사 벌금 800만원 → 심부전 위험 줄이려면, 일주일간 150분 운동하라  ▶ <긴급공개> 억대계좌 이종목에서 또 터진다!    ※ 저작권자 ⓒ 파이낸셜뉴스. 무단 전재-재배포 금지 "
300,2,"2018-05-22","18:06:42","하나금투 CME 해외선물·옵션거래 두달 중단","하나금융투자를 통한 시카고상품거래소(CME) 해외선물·옵션거래가 2개월간 중지된다. 양측이 고객정보 제공을 둘러싸고 입장 차를 좁히지 못한 탓이다.   하나금융투자는 자사 홈트레이딩시스템(HTS)·모바일트레이딩시스템(MTS)을 이용한 CME 해외선물과 옵션거래의 신규 주문이 22일부터 60일간 중지된다고 밝혔다. 현재 투자자가 보유 중인 포지션은 하나금융투자 해외증권실을 거쳐 유선 주문으로만 청산할 수 있다.   이번 거래 중단의 원인은 고객정보다. CME는 지난해부터 일부 투자자의 매매 행태에 대한 조사를 진행하면서 고객정보를 수집해왔다. 이와 관련해 하나금융투자는 정보 제공에 동의하지 않은 자사 고객의 정보를 전달할 수 없다는 입장을 CME 측에 전달해왔다. 국내법에 위반되기 때문이다. 양측이 이 문제로 갈등을 겪으면서 결국 CME는 이날 오전6시20분께 하나금융투자에 거래 중단을 통보했다. 이와 관련해 CME 거래가 정지되지 않은 다른 증권사 역시 같은 문제로 CME와 다소 갈등을 겪고 있는 것으로 알려졌다.   하나금융투자 측은 CME 선물·옵션 포지션을 보유한 투자자들의 청산을 지원하는 한편 이번 거래 중단으로 인한 투자자들의 손해를 적극적으로 보상할 방침이다. 하나금융투자 관계자는 “거래 정상화를 위해 CME와 협의를 계속할 것”이라고 덧붙였다. /유주희기자 ginger@sedaily.com    ▶▶ 2018년 정부 정책 수혜주 TOP 10 大공개! (바로 확인)  ▶▶ 재료노출 임박한 상위1%의 극비정보 30명한정 공개(무료)    [ⓒ 서울경제, 무단 전재 및 재배포 금지]"
300,3,"2018-05-22","18:06:19","""2020년부터 숙식비도 포함""…최저임금 접점 찾을듯","국회 환경노동위원회는 22일 최저임금 산입범위에 상여금을 포함시키는 데까지 공감대를 이뤘다. 복리수당(숙식비·교통비)을 포함시키자는데에서도 어느 정도 공감대를 형성했지만 적용 시점을 놓고는 의견이 엇갈렸다. 더불어민주당과 자유한국당이 '유예기간을 둔 복리수당 통상임금화' 절충안을 긍정적으로 검토하고 있어 24일 고용노동소위원회에서 표결로 처리할지 관심이 쏠린다.   환노위 여야 간사에 따르면 지난 21일 고용노동소위를 열고 차수 변경까지 하며 22일 새벽까지 논의를 강행한 결과 최저임금 산입범위에 정기상여금을 포함시키는 데까지는 중론을 모았다.   민주당 소속 한정애 환노위 간사는 ""구체적 방법론에서는 물론 이견이 있지만 상여금을 산입하자는 데까지는 대체로 협의를 이뤘다""며 ""다만논의가 다음 단계로 넘어가 복리수당을 포함하자는 지점을 두고 여야가 합의를 도출하기 어려웠다""고 밝혔다.   쟁점이 된 복리수당 산입을 두고서 한국당 소속 임이자 고용노동소위원장은 ""2020년도부터 복리수당을 통상임금화하자는 절충안을 제시했는데, 바른미래당은 2019년도부터 최저임금에 일괄 산입하자는 입장을 고수해 타협이 어려웠다""며 ""한국당은 노동자 입장을 살펴 유예기간을 두자는 입장이지만 바른미래당은 중소기업중앙회나 소상공인들의 이해를 대변해 반대했다""고 전했다. 노조와 소상공인 양측 입장이 대립하고 있다는 얘기다.   기본급 외에 부수적으로 받는 생활보조 성격의 복리수당을 최저임금에 산입하면 저임금 근로자들은 최저임금 인상 효과를 체감할 수 없어 노동계는 반대하고 있고, 경영계 측에서는 급격히 인상된 최저임금 인상의 파장을 상쇄하기 위해 복리수당까지 포함시켜야 한다는 입장이다.   민주당은 2020년부터 복리수당을 통상임금화하자는 절충안에 어느 정도 동의하고 있다. 한 의원은 ""바른미래당은 당장 2019년도부터 복리수당을 일괄 산입하자는 입장""이라며 ""그러나 정부가 일자리안정자금 등을 통해 여러 채널을 동원해 중소기업 등을 지원해왔는데 이제 와서 복리수당까지 산입범위에 몽땅 다 넣어버리면, 중소기업 지원비는 그대로 수령하고 최저임금 인상 효과는 무력화하는 것이다. 기업윤리에도 맞지않는다""고 지적했다.   환노위는 24일 오후 9시 재차 고용노동소위를 열어 담판을 지을 것으로 보인다. 올해 최저임금이 16.4% 인상된 데 이어 당장 8월에도 내년도최저임금 인상률을 고시해야 하기 때문에 국회는 연이은 두 자릿수 인상률 파장을 줄이기 위해 최저임금 산입범위 확장 논의를 적어도 5월 임시국회 중에 갈무리해야 한다.    [윤지원 기자]      ☞ 5月 반드시 주목해야될 종목!! ☞ 5月 큰 수익 원한다면, 이 종목부터 빨리 매수해라!!! ☞ 지금 100만원 있다면, 이 종목부터 사라! ☞ ""세계최초 신약개발"" 드디어 올것이 왔다! 주목해라!!      [ⓒ 매일경제 & mk.co.kr, 무단전재 및 재배포 금지]"
300,4,"2018-05-22","18:05:44","홍영표 `호된 신고식`…원내 리더십에 `예방주사` 될까","홍영표 더불어민주당 원내대표가 취임 열흘 만에 시련을 겪고 있다. 특히 21일 하루에만 '카운터펀치'를 두 대나 얻어맞았다. 국회 본회의에서 홍문종·염동열 자유한국당 의원의 체포동의안이여당의 이탈표로 인해 부결되는가 하면, 그가 원내대표로서 추진한 '1호 법안'은 통과된 지 하루도 되지 않아 노조의 반발에 막혀버린 것이다. 21일은 홍 원내대표에게 '시련의 날'이었다. 오전과 오후 한 번씩 소나기를 맞았다. 오전에는 홍문종·염동열 의원의 체포동의안이 국회 본회의에서 부결됐다. '권고적 가결 당론'에도 민주당에서 적지 않은 이탈표가 나왔다.   책임론까지 불거진 상황은 아니지만 체면을 구기고 말았다. 홍 원내대표가 표 단속에 '나이브했다'는 게 당 안팎 중론이다. 그는 본회의 직후 허겁지겁 기자회견을 자청해 ""특권과 반칙 없는 사회를 이끌어야 할 국회가 제 식구 감싸기로 체포동의안을 부결한 것은 자가당착이고, 어떠한 변명의 여지도 없다""며 ""국민께 사과드린다""고 밝혔다.   오후에 벌어진 일은 홍 원내대표 개인으로서는 좀 더 뼈아플 수 있다. 그가 원대대표로서, 그리고 노동자 출신으로서 야심 차게 내놓은 '1호법안'이 시작부터 삐걱댄 것이다. 이 법안은 '새로운 사회적 대화 기구' 출범을 위한 경제사회발전노사정위원회법 개정안이다. 개정안은 기존 '노사정위원회'의 명칭을 '경제사회노동위원회'로 바꾸고, 위원도 기존 10명에서 18명으로 늘리는 내용을 담고 있다. 여야 의원 67명이 공동 발의했다.   노사뿐만 아니라 청년·여성·비정규직·중소기업·소상공인 대표 등이 참여하는 사회적 대화 기구 출범은 그의 취임 일성이었다. 홍 원내대표는 지난 17일 ""이달에 반드시 통과되는 걸로 예약돼 있다""고 밝히기도 했다. 법안은 쉽게 통과됐다. 문제는 국회 환경노동위원회의 최저임금 산입범위 확대논의를 반대한 전국민주노동조합총연맹(민주노총)이 ""민주노총은 지금 이 시간부로 노사정대표자회의와 경제사회노동위원회의 어떠한 회의에도 참여하지 않을 것""이라면서 사회적 대화에 불참하겠다는 입장을 밝힌 것이다. 21일 환노위 고용노동소위원회에서 개정안이 통과되고 하루도 안돼 벌어진 일이다. 난항에 빠진 최저임금 산입범위 확대 또한 그가 환노위원장 시절 주력했던 법안이다.   21일 이전까지 홍영표호는 순항했다. 특히 출발이 좋았다. 취임 직후 협상력을 발휘해 42일 만의 국회 정상화 합의를 끌어냈다. 단식농성에나선 김성태 한국당 원내대표를 상대로 추경·특검 빅딜을 유리하게 이끌어냈다. 야3당이 연합전선을 형성해 밀어붙이면서 특검을 수용할 수밖에 없었지만 내용상 뇌관이 될 만한 부분은 많이 제거했다는 평가를 받았다. 수사 범위에서 김경수 전 민주당 의원과 문재인 대통령을 뺐다는 점에서 최소한의 안전장치를 마련한 것이다. 야당 일부에서는 ""이럴 거면 김 원내대표가 왜 단식을 했느냐""는 소리도 나왔다.   좋은 리듬은 한번 끊긴 상황이다. 민주당 관계자는 ""초반에 생각보다 잘나가서 흥분했을 수 있지만 취임한 지 얼마 안된 '초짜'라는 점을 잊지 않아야 한다""며 ""체포동의안 부결은 섬세함이 떨어져서 나온 결과로 보인다""고 말했다. 다만 이 관계자는 ""홍 원내대표는 추진력이 상당히 강한 사람""이라며 ""판이 잘 안 돌아가면 같은 당 의원도 공격하는 투박함도 있지만 결국에는 결과물을 만들어 낸다""고 덧붙였다. 선이 굵은정치를 하니 세부 과정에서 파열음은 자주 발생하지만 결국 원하는 것을 이룬다는 얘기다.   실제로 그는 환노위원장이었을 때 우여곡절 끝에 노동시간 단축(주 68시간에서 52시간으로) 법안을 통과시켰다. 양대 노총의 반대와 여당 일부 의원의 반대까지 뚫고 얻어낸 결과였다. 이 과정에서 파열음은 심했지만 결국 당사자들을 최소한 납득시킬 수 있는 절충안을 찾는 데 성공했다. 환노위 관계자는 ""이 법안은 홍영표 당시 위원장이 아니었으면 통과 못했을 법안""이라며 ""막무가내 강성으로 보일 때도 있지만 협상가적 면모가 탁월하다""고 말했다.    [김태준 기자]      ☞ 5月 반드시 주목해야될 종목!! ☞ 5月 큰 수익 원한다면, 이 종목부터 빨리 매수해라!!! ☞ 지금 100만원 있다면, 이 종목부터 사라! ☞ ""세계최초 신약개발"" 드디어 올것이 왔다! 주목해라!!      [ⓒ 매일경제 & mk.co.kr, 무단전재 및 재배포 금지]"
300,5,"2018-05-22","18:05:24","[포토] 서울시장 후보 한자리에…""佛心은 내가 잡는다""","서울시장에 출마한 박원순 더불어민주당 후보, 김문수 자유한국당 후보, 안철수 바른미래당 후보(오른쪽부터)가 부처님 오신 날인 22일 오전 서울 조계사에서 열린 봉축법요식에서 만나 인사하고 있다.    [이승환 기자]      ☞ 5月 반드시 주목해야될 종목!! ☞ 5月 큰 수익 원한다면, 이 종목부터 빨리 매수해라!!! ☞ 지금 100만원 있다면, 이 종목부터 사라! ☞ ""세계최초 신약개발"" 드디어 올것이 왔다! 주목해라!!      [ⓒ 매일경제 & mk.co.kr, 무단전재 및 재배포 금지]"
300,6,"2018-05-22","18:05:13","北 참관단, 알리바바도 갔나","중국을 방문 중인 북한 참관단이 저장성을 찾아 중국의 개혁개방 성과를 둘러보고 경제 발전에 대한 노하우 습득에 나섰다.   저장성의 성도인 항저우에는 중국 최대 전자상거래 업체인 알리바바가 자리 잡고 있어 북한 참관단이 이 회사를 찾았을 것으로 추정된다.   북한 참관단이 마윈 알리바바 회장을 직접 만났을지도 주목된다.   22일 베이징 소식통에 따르면 박태성 북한 노동당 중앙위원회 부위원장을 필두로 한 참관단은 왕야쥔 중국 공산당 대외연락부 부부장 일행과함께 지난 21일 저장성을 방문해 처쥔 당서기를 만나 북·중 간 협력 방안을 모색했다.   이날 면담에는 중국 측에서 처쥔 당서기를 비롯해 당 부서기와 저장성 성장 등이 대거 참석해 북한 노동당 참관단을 극진히 예우한 것으로 전해졌다.   한 소식통은 ""북한 노동당 참관단이 저장성을 방문한 것으로 볼 때 이 지역을 대표하는 기업인 알리바바를 방문했을 가능성이 높다""며 ""북한은 정보기술(IT) 산업 발전에 관심이 많아 중국의 대표 기업들을 참관하길 원했을 것""이라고 설명했다.   앞서 쑹타오 중국 공산당 대외연락부장은 지난 14일 베이징에서 북한 노동당 참관단과 만나 농업, 교육, 과학기술, 인문 등 분야에서 교류 협력을 강화하길 원한다는 입장을 전달한 바 있다.   이날 중국 방문길에 오른 북한 노동당 참관단은 베이징을 거쳐 시진핑 중국 국가주석의 고향인 산시성에 이어 상하이와 저장성까지 방문하며중국의 개혁개방 성과를 집중적으로 둘러보고 있다.   북한은 지난달 20일 노동당 중앙위원회 제7기 3차 전원회의에서 핵·경제 병진노선 종료를 선언하고 '사회주의 경제 건설'을 새로운 전략적노선으로 채택했다. 이후 남북정상회담에서 비핵화 의지를 드러냈고, 다음달 열릴 미·북정상회담에서 비핵화 해법을 논의할 예정이다.   북한은 아직 구체적인 비핵화 해법을 놓고 미국과 입장 차이를 보이고 있지만 중장기적으로 '개방을 통한 경제 발전'을 꾀하겠다는 거시적인구상을 밀고 나갈 가능성이 높다. 베이징 소식통은 ""이번 북한 참관단의 중국 방문은 북한이 '경제 건설' 의지를 드러낸 것으로 볼 수 있다"" 고 분석했다.    [베이징 = 김대기 특파원]      ☞ 5月 반드시 주목해야될 종목!! ☞ 5月 큰 수익 원한다면, 이 종목부터 빨리 매수해라!!! ☞ 지금 100만원 있다면, 이 종목부터 사라! ☞ ""세계최초 신약개발"" 드디어 올것이 왔다! 주목해라!!      [ⓒ 매일경제 & mk.co.kr, 무단전재 및 재배포 금지]"
300,7,"2018-05-22","18:05:09","北 핵실험장 취재 외신기자단 원산 도착…南취재진 제외(종합)","北 핵실험장 취재 외신기자단 원산 도착…南취재진 제외(종합)  갈마비행장 도착후 숙소로…CCTV ""오늘 오후 7시 풍계리로 이동할듯""      (서울=연합뉴스) 김영현 박인영 기자 = 북한 풍계리 핵실험장 폐기 현장을 참관하기 위해 22일(현지시간) 오전 중국 베이징(北京) 서우두(首都) 공항을 출발한 외신기자단이 북한 원산에 도착했다.  AP, 로이터통신 등 외신은 이날 핵실험장 폐기 현장 취재를 위해 남측을 제외한 미국, 영국, 러시아, 중국 등 4개국 외신기자단이 원산에 도착했다고 보도했다.  외신은 그러나 애초 폐기 현장을 취재하기로 한 한국 취재진은 포함되지 않았다고 덧붙였다.  외신기자단 20여 명은 이날 오전 9시 45분께(중국시간) 고려항공 전세기인 JS622편을 통해 원산으로 떠났다.  이번 취재에 나선 것으로 지금까지 파악된 매체는 미국 매체인 AP통신, CNN방송, CBS방송, APTN, 인터넷 매체인 Vice, 영국 뉴스채널 스카이 뉴스, 러시아 타스 통신, 방송사인 러시아 투데이, 중국 신화통신과 CCTV 등이다.  CCTV는 출국에 앞서 북한 관계자들이 베이징 공항에서 취재진을 대상으로 정밀한 위치 정보를 포착할 수 있는 GPS 장비를 소지하고 있는지 확인했다고 보도했다.  CCTV에 따르면, 외신 기자 22명은 원산 갈마 비행장에 도착해 비행장 인근 숙소로 이동한 뒤 북한 당국의 안내에 따라 인터넷과 휴대전화 서비스를 개통했다.  원산에 도착한 CCTV 취재진은 최종 일정은 확인되지 않았으나 ""외신기자단 전원이 이날 오후 7시(북한시간 기준) 취재 현장인 북쪽으로이동할 것 같다""고 전했다.  CCTV는 이날 오후 4시(중국시간 기준) 뉴스에서 원산에 도착한 기자와 현장 연결을 통해 외신기자단의 취재 일정과 현장 상황을 자세히전했다.  앞서 AP는 이날 외신기자단이 원산 갈마 비행장에 도착해 입국 수속을 마친 뒤 갈마 호텔로 이동할 예정이라고 보도했다.  외신들은 남측 기자단은 이날도 북측이 취재진 명단 접수에 응하지 않아 고려항공 전세기에 탑승하지 못했다고 전했다.  우리 정부는 이날 오전 9시 판문점 개시통화를 하고 남측 기자단 명단을 통지하려 했으나 북측은 접수에 응하지 않았으며 오후 4시께 판문점 채널이 종료되면서 이날도 취재진 방북을 끝내 거부했다.  앞서 북한은 지난 12일 외무성 공보를 통해 23~25일 풍계리 핵실험장 폐기 행사를 진행한다고 밝힌 바 있다.  북한은 지난 15일 이번 취재와 관련한 통지문을 남측에 보내 통신사와 방송사 기자를 각각 4명씩 초청한다고 알려왔지만, 명단 접수는 거부해 방북이 무산됐다.  최근 북한은 16일 새벽 한미연합공중훈련인 맥스선더와 태영호 전 영국주재 북한 공사의 인터뷰 발언 등을 문제 삼으며 당일 예정됐던 남북고위급 회담을 취소하고 미국의 '리비아식 비핵화' 모델 언급에 북미정상회담을 재고할 수 있다고 해 냉기류가 흘렀다.  그러나 로이터는 북한이 일단 외신기자단의 입국을 허용한 것으로 미뤄 최근 북한의 비핵화 의지에 대한 불확실성이 커진 상황에서도 일단 핵실험장 폐기 행사는 예정대로 진행할 것으로 관측했다.  cool@yna.co.kr, mong0716@yna.co.kr   (끝)    <긴급속보 SMS 신청> <포토 매거진> < M-SPORTS >   <저작권자(c) 연합뉴스, 무단 전재-재배포 금지>"
301,1,"2018-05-22","17:55:47","[토요워치-러닝크루]이 길···이 공기···이 고요함···나를 얻기 위해 달린다","“적어도 끝까지 걷지는 않았다.” ‘노르웨이의 숲’ ‘해변의 카프카’의 작가 무라카미 하루키가 직접 쓴 묘비명이다. 하루키는 직업란에 작가(그리고 러너)라고 기재한다. 마라톤 풀코스를 25번이나 완주한 그에게 달리기는 뭘까. ‘달리기를 말할 때 내가 하고 싶은 이야기’라는 에세이에서 하루키는 말한다. “어느 날 갑자기 내가 좋아서 소설을 쓰기 시작했다. 그리고 어느 날 갑자기 내가 좋아서 거리를 달리기 시작했다. 주위의 어떤 것으로부터도 영향받지 않고 그저 내가 좋아하는 것을, 내가 하고 싶은 대로 하며 살아왔다.” 소설을 쓰며 나빠진 건강을 위해 러닝을 시작한 하루키는 달리기의 세계에 푹 빠졌다. 하루키에게 달리기는 수단도 아니고 목적도 없다. 그는 책에서 달리기에 관해 다음과 같이 묘사했다. “기록, 순위, 겉모습 등 다른 사람이 어떻게 평가하는지는 모두 부차적인 것에 불과하다. 나와 같은 러너에게 중요한 것은 하나하나의 결승점을 내 다리로 확실히 완주해가는것이다.” ‘쿨한 작가’ 하루키가 말하는 레이스는 청춘들의 ‘쿨한 달리기’를 설명하기에 적합하다. 청춘들의 러닝은 타인과의 관계 설정을 넘어선다. 어느 순간 자신을 되돌아보게 된다.   대기업에서 일하는 김영민(32)씨는 다양한 크루를 찾아다니며 게스트로 러닝에 참여하고 있다. 평일 직장에서 일하고 퇴근한 오후7시 이후가 러닝크루에서 달리기를 시작하는 시간이다. 서울에만 50개가 넘는 러닝크루가 있고 코스도 홍대·광화문·한강·청담동 등 다양하기 때문에 새로운 크루를 찾아가서 달리는 재미가 있다는 설명이다. 특정 크루에서 참여 횟수가 쌓이면 정식 멤버로 가입할 수 있는 기회가 주어지지만 현재 그는 손님으로만 참여하고 있다. 실제 러닝크루에 신청해 달리기를 하러 나가보면 자신처럼 혼자 뛰러 온 젊은 층이 많다는 것이 그의 설명이다. 워라밸(Work and Life Balance·일과 삶의 균형)을 가장 중요하게 여기고 소속감보다 가벼운 연대를 중시하는 청년들이 러닝크루에서 혼자서 함께 달릴 수 있는 것이다.  소속감보다 가벼운 연대 중시···뛰고 싶은곳 골라 참여  서울 러닝크루 50개 넘어···SNS 통해 스타러너 탄생도    그렇다고 러닝크루가 피상적인 관계만을 지향하는 것은 아니다. 정식 멤버로 가입하면 함께 달리고 엠티도 가는 등 친목 도모도 할 수 있다. 물론 그 중심에는달리기가 있다. 마라톤이 크루 멤버가 함께 참여하는 가장 큰 행사다. 서울국제마라톤처럼 큰 러닝 행사에서는 같은 셔츠를 입고 달리는 젊은 러너들의 모습을 많이 볼 수 있다. 크루들 간 함께 달리고 교류하는 장도 열린다. BTG(Bridge the gap·간극을 메우다)라는 이름으로 열리는 러닝크루 간 교류 행사는 서울에서 지난 2014년 이후 매년 열리고 있다. 규모가 큰 크루들이 함께 참석해 남산·한강 등지에서 함께 달리고파티도 여는 행사인데 국내에서 젊은 러너들이 가장 많이 참석하는 행사로 꼽힌다. 서울을 중심으로 진행됐던 크루 문화는 지역으로도 전파되고 있다. 부산·포항·울산 등 다양한 지역에 런클럽부산, 유콘 대구(UCON DAEGU), 포항러닝크루(PRC) 등 지역 이름을 딴 크루들이 있다. 특히 유콘 대구의 경우 서울에서 시작한 유콘 러닝크루가 지역까지 전파된 사례다. 해당 지역 러닝크루들은 지역 크루들이 모이는 BTG 행사를개최하는 등 지역 크루가 함께 달리는 장도 마련하고 있다.  젊은 층의 관심이 늘면서 소셜미디어에서는 ‘런예인’으로 불리는 일반인 스타 러너들도 나타나고 있다. 런소영이라는 인스타그램 아이디로 활동하는 임소영씨는 유명 일반인 러너로 달리는 모습을 찍어 소셜네트워크서비스(SNS)에 올리는데 팔로어 수만 7만명을 넘어섰다. 그는 인기에 힘입어 신세계백화점에서 러닝강의를 진행하고 있으며 러닝투어를 만들어 일반인과 함께 해외에서 달리기를 하는 등 관련 사업을 확장하고 있다. 앞으로 러닝크루를 중심으로 문화가 확산할 경우 런예인들의 숫자는 더 늘어날 것으로 전망된다. 당연히 스포츠 브랜드의 관련 후원도 커질 것으로 예상된다.  크루 문화가 확산되면서 스포츠 브랜드 외에 다른 기업들도 관련 러닝 행사를 여는 등 문화 확산에 동참하고 있다. 롯데호텔은 최근 아식스와 컬래버레이션해서 러닝 후 호텔에서파티하고 숙박까지 제공하는 롯데시티런 패키지 상품을 판매했다. 호텔 최초로 러닝 이벤트를 진행한 것으로 2인 참가가 가능한데 커플 러너들을 대상으로 상품을 기획한 것이다. 이외에 포카리스웨트로 유명한 음료 회사인 동아오츠카가 스포츠마케팅의 일환으로 3월 러닝크루 라이브스웨트를 만드는 등 러닝 문화에 대한 기업들의 참여가 늘고 있다. /이경운기자 cloud@sedaily.com    ▶▶ 2018년 정부 정책 수혜주 TOP 10 大공개! (바로 확인)  ▶▶ 재료노출 임박한 상위1%의 극비정보 30명한정 공개(무료)    [ⓒ 서울경제, 무단 전재 및 재배포 금지]"
301,2,"2018-05-22","17:55:29","[토요워치] '혼자'서 '함께' ...러닝크루에 빠진 2030","“운동화 한 켤레 후다닥 신고 문밖으로 달려나가면 당신이 있는 곳이 바로 자유.” 미국 작가 존 제롬은 러닝을 ‘자유’라는 한 단어로 표현했다. 학업·취업·직업 스트레스에 시달리는 청춘이 러닝화 끈을 조여 매는 이유다. 늦은 밤 서울 마포구 와우산길에서 가쁜 숨을을 몰아쉬며 달리는 그들은 달리는 이유와 목적을 찾기보다 달린다는 것 자체에 만족한다. 러닝의 매력은 ‘혼자’서 ‘함께’ 할 수 있다는데 있다.   청춘들이 ‘러닝크루’를 통해 새로운 달리기 문화를 만들고 있다. 마라톤이라는 말보다 가벼운 ‘러닝’, 동호회라는 말보다 젊은 ‘크루’가 합쳐져 만들어진 러닝크루는 마라톤동호회와 다른 유연한 조직이다. 기성세대가 지적하는 부족한 연대의식은 젊은 러너들이 각자의 개성을 갖고 수평적으로 소통하며 달리는 데 도움이 된다. 회사나 학교·지역을 중심으로 만들어지면서 선후배 관계로 얽힌 마라톤동호회 등이 규율을 강조했다면 모두에게 열려 있는 러닝크루는 가벼운 관계일 뿐이다. 굳이 회원일 필요도 없다. 게스트로 참여해 오늘 하루 만나 같이 달리고 헤어지면 그만이다. 젊은층의 개인주의 성향이 함께 달릴 뿐 서로를 구속하지 않는 새로운 러닝 문화를 만들었다. 운동 후 술자리로 이어지는 뒤풀이도 없다. 결국 술이 술을 먹고 끝나버리는 우리 회식문화와는 어울리지 않는다. 러닝크루는 달리기를 할 뿐이다.  러닝크루의 교류는 인터넷만으로 이뤄진다. 전화통화하고 약속 잡고 만나는 관계는 애초에 없다. 일정은 소셜네트워크서비스(SNS)를 통해 공지되고 신청부터 후기 공유까지 모든 게 사이버 공간에서 이뤄진다. 혼자이고 싶지만 연결되고 싶은 청춘들의 욕구가 반영됐다. 인스타그램에서 ‘#러닝’을 검색하면 혼자 달리고, 함께 달리며 찍은 사진이 수두룩하다. 그들에게 러닝은 달리기로 시작해 게시물 전송 클릭으로완성된다. 누구는 SNS를 인생의 낭비라고 했지만 누구는 SNS로 인생을 준비할 수 있다. 달리는 순간에 느낀 모든 감정을 남길 수는 없지만 무언가를 했다는 사실은 그 자체로 주류 미디어에서 ‘잉여’로만 소비되는 청춘의 자존감을 높여주기 때문이다.  보여주는 달리기는 패션에 민감한 청춘들의 자기표현으로도 이어진다. 과거 마라톤대회 러너들이 달리기 기록으로 극기(克己)하려 했다면 이제 거기에서 젊은 러너들은 자신을 뽐내고 즐겁게 놀 뿐이다. 달리기를 잘하고 아름답기까지 한 일반인 러너들은 ‘런예인(러닝+연예인)’으로 불리며 SNS에서 화제가 되기도 한다. 문화는 산업을 잉태한다. 러닝에서도 나이키·아디다스 등 글로벌 브랜드의 역할이 커지고 있다. 러닝크루와 함께 달리면 돈을 벌 수 있기 때문이다. 마라톤대회 개최부터 기존 러닝크루와의 컬래버레이션, 직접 크루 운영까지 다양한 활로를 모색하고 있다. 스포츠패션 업계에서 한발 늦은 국내 브랜드들도 곧 러닝크루와 함께 할 것으로 전망된다. /이경운기자 cloud@sedaily.com    ▶▶ 2018년 정부 정책 수혜주 TOP 10 大공개! (바로 확인)  ▶▶ 재료노출 임박한 상위1%의 극비정보 30명한정 공개(무료)    [ⓒ 서울경제, 무단 전재 및 재배포 금지]"
301,3,"2018-05-22","17:54:08","안철수 ""드루킹 사건 문고리 권력 연루… 송인배, 소환조사 응해야""","바른미래당 안철수 서울시장 후보는 22일 “문고리 권력을 놓고 소환조사에 응해야 한다”고 촉구했다.   안 후보는 이날 안국동 선거사무소에서 기자들과 만나 “정권 실세인 더불어민주당 김경수 전 의원에 이어 문고리 권력의 1인자인 제1부속비서관이 연루된 사실이 드러났다”며 이같이 밝혔다.   안 후보는 “송 비서관이 드루킹과 김 전 의원을 연결했다면 송 비서관에게 드루킹을 처음 소개해준 사람도 곧 밝혀질 것이고, 국민은 충격을 받을 것”이라고도 했다.   그러면서 안 후보는 “'특검 수사가 시작될 때까지 지켜보자'는 움직임이 있는데, 이는 지방선거에서 이기고 나면 (드루킹 사건이) 흐지부지될 것으로 생각해 정치적 술수를 부리는 것”이라고 주장했다.   그는 또 “드루킹 사건은 추악한 여론조작으로 국민을 기만해 권력을 잡고, 그 과정에 공을 세운 사람들이 핵심 요직을 차지한 사건”이라며“유야무야 덮이면 드루킹만 감옥에 갇히고 조종한 사람들은 권좌에서 활개를 칠 것”이라고 말했다.   김하늬 기자(honey@etoday.co.kr)   [오늘의 핫클릭]  ☞퇴직 후 백만원으로 35억 벌게 된 60대 남성 화제!  ☞[포토] 고(故) 구본무 LG 회장 발인,구본준-구본능-구본식 '무거운 마음'  ☞[포토] 고(故) 구본무 회장 발인, 영정 모시는 맏사위 윤관 대표  ☞[일기 예보] 부처님 오신 날(석가탄신일) 오늘 날씨, 흐린 뒤 저녁부터 비…미세먼지 농도는 ""좋음""  ☞떨어지는 재계 별들...이건희 건강 상태는?    ☞[주간 증시일정] 5월 21~25일 넥센테크?텔콘 상호변경, 디에스티로봇 주주총회 등  ☞[카톡방] 무료 주식 카톡방 신청자수 38만 명 돌파 <업계 최대 카톡방> →카톡방 입장하기!         Copyrightⓒ이투데이, All rights reserved. (무단 전재 및 재배포 금지)   프리미엄 경제신문 이투데이    "
301,4,"2018-05-22","17:53:44","""인건비 줄여라""...무인 배식·반조리 늘리는 급식","최저임금이 큰 폭으로 오른 가운데 올 7월 근로시간 단축 시행을 앞두고 급식업계가 인건비 감축에 사활을 걸고 있다. 단체 급식은 조리부터 배식까지 사람 손이 가지 않는 곳이 없는 노동 집약적 업종이다. 그만큼 다른 산업에 비해 인건비 부담이 큰 탓이다. 셀프 배식, 반조리 상태 재료 공급, 급식 자판기 개발 등 묘안을 짜내고 있다.  한 단체급식 업계 관계자는 “단체 급식은 경쟁 입찰을 통해 수주하는 경우가 많기 때문에 마진이 매우 박한 업종 중 하나”라며 “대형 업체들은 인건비 절감을 위해 다양한 방안을 시도할 수 있지만 중소 규모 업체들은 사업 유지도 쉽지 않을 것”이라고 우려했다. 이 관계자는 이어 “중소 업체들의 경우 인력을 줄이는 것 외에 대안이 없는 것이 현실이다”고 덧붙였다.  22일 관련 업계에 따르면 신세계푸드(031440)는 최근 급식 재료로 반조리 제품을 강화하고 있다. 반조리 제품을 사용할 경우 재료 가격 부담이 20% 가까이 증가하지만 관심을 보이는 기업들이 늘고 있다. 조금 비싸도 간편하게 조리할 수 있는 급식 재료를 사용하는 것이 경비를 절감할 수 있어서다.   급식업계에 따르면 손질이 되지 않은 원재료로 공급받을 경우 이를 다듬는데 많은 인력이 오랜 시간 매달려야 한다. 대형 조리 설비 구입 등 초기 투자 비용과 조리를 위한 전기세도 무시할수 없다. 신세계푸드 측은 “반조리 제품을 사용한 경우 얼마나 비용이 절감되는지 모니터링 중”이라며 “급식 시장에서 반조리 제품 공급을 늘려나갈 것”이라고 말했다.  CJ프레시웨이(051500)는 야간에도 식사 제공이 필요한 현장의 급식을 셀프로 변경하고 있다. 급식 조리원들이 미리 음식을 만들어 놓고 퇴근하면 직원들이 뷔페식으로 음식을 직접 가져다 먹는 방식이다. 기존에는 급식 조리원 일부가 야간에도 남아 식사를 제공했지만, 주 52시간 근무 제한에 인건비까지 오르면서 야간 식사를 무인화한 것이다.  삼성웰스토리는 최근 급식업계 최초로 간편식 자판기 ‘픽앤팩’을 개발하고 올해 안으로 대학교 구내 식당 등으로 상용화하기로 했다. 요거트와 머핀, 그라탕 등 다양한 메뉴를 선보이는 이 자판기를 선보이기 위해 삼성웰스토리는 총 600여 회의 테스트를 거치는 공을 들였다. 인력 운용의 효율화를 꾀하기 위해서다. 일부 급식업체는 특정 사업장을 선정해 인력을 대폭 줄여 시범 운영하고 있는 상태다.  대형 급식업계는 그나마 사정이 나은 편이다. 중소 규모 급식업체들은 좌불안석이다. 최저임금 인상과 근로시간 단축 등을 고려해서는 급식단가를 올려야 한다. 하지만 이것이 현실적으로 불가능하다. 중소 급식업계 관계자는 “위탁 급식 사업의 경우 영업이익률이 1~2%대로 굉장히 낮아 인건비와 재료비의 영향이 크다”며 “중소형 급식업체의 경우 인건비를 줄일 수 있는 방법이 사람을 줄이는 것 외에 딱히 없는 것이 현실이다”고 토로했다./박윤선기자 sepys@sedaily.com    ▶▶ 2018년 정부 정책 수혜주 TOP 10 大공개! (바로 확인)  ▶▶ 재료노출 임박한 상위1%의 극비정보 30명한정 공개(무료)    [ⓒ 서울경제, 무단 전재 및 재배포 금지]"
301,5,"2018-05-22","17:53:36","[펀드줌인] KB중소형주 포커스 증권자 투자신탁","KB중소형주 포커스 증권자 투자신탁은 그야말로 중소형주 중에 숨은 진주를 찾는 ‘매의 눈’을 가진 펀드로 통한다. 대형주 위주로 편성해 보다 쉽게 수익률을 얻기보다는 철저한 기업분석을 통해 잠재력이 높고 기업가치 대비 저평가된 강소기업을 집중 발굴하는 것을 지향한다.저평가된 기업을 찾아내는 것은 금융업계에서 가장 어려운 일 중 하나로 꼽힌다. 그만큼 중소형주를 담은 펀드로 수익을 내기도 어려운 법이다. 이 펀드는 KB히든스타 500 선정기업의 투자가치 분석을 통해 저평가된 종목에 투자한다. 이 펀드팀은 시장평균 가치보다 30% 이상 저평가된 작지만 강한 황금주를 타깃으로 한다. 운용전략은 성장가치주, 강소기업을 선별하는 신가치투자, 저평가 정도를 고려한 편입비율의 탄력적 조정이다.  중형주와 코스닥 종목이 각각 37.6%, 32.6%로 70%가량을 차지한다. 업종별 비중은 정보기술(IT)(22.1%), 경기소비재(21.3%), 금융(20%), 산업재(17.2%) 등이다. 상위 포트폴리오는 휠라코리아(9.9%), 컴투스(8.8%), 한국토지신탁(6.6%), 메리츠금융(5.3%), 메지온(3.3%) 등이다. 컴투스는 지난 1년 저점이 10만7,200원에서 18만8,000원까지 꾸준히 상승했다. 휠라코리아 역시 지난해 1만2,860원을 저점으로최근까지 상승세를 타며 이달에는 2만8,200원을 고점으로 찍었다. 두 배 넘는 꾸준한 성장을 보여준 셈이다. 이 펀드가 담은 종목의 주식수익률(PER)은 20.09%로 시장평균인 15.76%를 휠씬 웃돈다.   이미 기존에 담았던 무학·리드코퍼레이션·파라다이스그룹의 가파른 주가상승으로 저평가된 기업을 보는 안목은 시장의 신뢰를 거쳤다. 파라다이스그룹은 2009년 9,000원대에서 2만원을 넘겼고 무학 역시 5,000원대에서 4만원에 근접하기도 했다.   중소형주를 담았지만 수익률은 만만히 볼 게 아니다. 올 들어 수익률 8.3%로 중소형 펀드 중 최상위권을 달린다. 3개월 수익률 6.47%, 1년 수익률 12.26%에 달한다. 수수료는 클래스A(선취형) 기준 1.46%, 온라인 선취형 A-E기준 1.32%다. / 김보리기자 boris@sedaily.com    ▶▶ 2018년 정부정책 수혜주 TOP 10 大공개! (바로 확인)  ▶▶ 재료노출 임박한 상위1%의 극비정보 30명한정 공개(무료)    [ⓒ 서울경제, 무단 전재 및 재배포 금지]"
301,6,"2018-05-22","17:53:00","[포토] 국회 근로자 대표 초청 간담회","[이데일리 김태형 기자] 정세균 국회의장은 21일 국회접견실에서 '국회 근로자 대표 초청 간담회'를 갖고 격려금을 전달했다.   이날 간담회에는 김성곤 국회사무총장, 이인용 사무차장, 장대섭 기조실장, 최상진 관리국장, 조승교·이민자·이용준·성재현·장주영 근로자 외 10명의 국회 근로자 대표들이 참석했다. (사진=국회)  ▶계좌회복프로젝트! 상위 전문가의 투자전략 및 추천종목‘[무료확인]’ ▶14년 연속 1위, 대한민국 대표스탁론 하이스탁론 '    ' ＜ⓒ종합 경제정보 미디어 이데일리 - 무단전재 & 재배포 금지＞   "
301,7,"2018-05-22","17:52:38","9 to 5 노동시간 개념 파괴…실리콘밸리 `긱 이코노미` 확산","◆ 근로시간 단축 후폭풍 ⑥ ◆    일과 삶은 경쟁 관계가 아닌 하나의 원형(서클)과같이 서로 영향을 준다는 뜻의 '워라클(Work-Life-Circle)'이라는 개념은 실리콘밸리에서는 보편적으로 받아들여진다.   실리콘밸리는 우버·에어비앤비 등 공유경제 기업들의 본사가 위치한 데다 관련 서비스도 가장 먼저 시작된 지역이다. 기업이나 개인에게 필요한 일을 하고 돈을 받는 일자리를 말하는 '긱 이코노미(Gig Economy)'의 성장이 실리콘밸리에 미친 영향도 크다.   긱은 1920년대 미국 재즈 공연장 주변에서 필요할 때마다 연주자를 구해서 단기간으로 공연 계약을 맺던 것을 뜻하는 말에서 유래했다. 비정규직이지만 형식적으로는 개인사업자이고 계약사업주에게 노동을 제공하고 대가를 받는 '독립노동자'로 구분된다.   긱 이코노미는 직업 안정성은 떨어지지만 필요한 만큼 일하고 업무시간을 스스로 조정할 수 있다는 장점 때문에 '나인 투 파이브(9 to 5)'가상징하는 전통적인 의미의 노동시간에 대한 개념이 붕괴되는 데 기폭제가 되고 있다는 평가를 받는다. 긱 이코노미가 확산하고 있는 이유는일한 만큼 버는 대신 스스로 업무시간을 통제할 수 있는 장점이 있기 때문이다. 실제 우버 드라이버들은 가장 큰 장점으로 '일하고 싶을 때일할 수 있는 유연한 근무시간'을 첫 손가락에 꼽는다.   뉴욕대 경제학자 아룬 순다라라잔 교수는 ""긱 경제에서 자기 자신에 대한 자율권이 확대되면 워크·라이프의 균형을 더 잘 성취할 수 있을 것""이라며 긱 경제의 장점을 강조한 바 있다.   근무시간이 유연한 덕분에 생산성이 높다는 것도 장점이다. 실제로 긱 노동자들의 시간당 임금은 전체 노동자 평균과 비교해도 부족하지 않다고 알려져 있다. 폴 오이어 스탠퍼드대 경영대학원 교수 연구에 따르면 긱 노동자의 연봉은 전체 평균보다 6% 정도 낮았지만 시간당 임금을따져보면 전체 평균보다 15% 높았다.   유연한 근무시간은 여성 전문직이나 엔지니어에게도 매력적으로 받아들여진다. 육아와 일을 병행해야 하는 입장에서는 긱 이코노미가 수익과시간을 동시에 줄 수 있기 때문이다.   이 같은 장점 덕분에 긱 이코노미와 긱 노동자 범위도 넓어지고 있다. 차량(우버·리프트)이나 숙박(에어비앤비) 외에도 집안일, 사무실 청소, 전문 엔지니어, 변호사 등 다양한 직종으로 확산돼 있다. 현재 미국 노동자의 약 35%는 직간접적인 긱 노동자로 분류될 정도다.   긱 이코노미 확산은 고용의 질과 직업 안정성을 낮추는 단점이 있다. 긱 이코노미로 인해 정규직은 줄고 프리랜서와 독립 계약자 등 다양한고용 형태가 늘어나는 것은 또 다른 사회문제를 유발할 수 있다는 지적도 나온다.   ■ <용어설명>   ▷ 긱 이코노미 : 기업이 필요에 따라 단기 계약직을 고용해 일을 맡기는 경제 형태. '긱(Gig)'은 일시적인 일을 뜻한다. 기존 노동시장은 기업이 정규직 직원을 채용해 고객에게 제품과 서비스를 제공하는 형태였다면 긱 경제에서는 기업이 그때그때 발생하는 수요에 따라 단기적으로 계약을 맺는다.    [실리콘밸리 = 손재권 특파원]      ☞ 5月 반드시 주목해야될 종목!! ☞ 5月 큰 수익 원한다면, 이 종목부터 빨리 매수해라!!! ☞ 지금 100만원 있다면, 이 종목부터 사라! ☞ ""세계최초 신약개발"" 드디어 올것이 왔다! 주목해라!!      [ⓒ 매일경제 & mk.co.kr, 무단전재 및 재배포 금지]"
302,1,"2018-05-22","17:46:53","경남도, 中·베트남서 농식품 570만弗 수출계약","동남아시장 교두보 마련        경남도가 도내 농식품의 동남아 시장 진출을 위한 교두보 마련 차원에서 지난 14일부터 4일간 중국 상해와 베트남 호치민을 방문해 현지 수입업자와 유통업체를 상대로 570만 달러의 농식품 수출계약을 체결했다.  【 창원=오성택 기자】 경남도가 중국과 베트남을 발판으로 도내 농식품의 동남아 시장 진출을 위한 교두보를 마련했다.  경남도는 지난 14일부터 4일간 중국 상해와 베트남 호치민을 방문해 현지 수입업자와 유통업체를 상대로 570만 달러의 농식품 수출계약을 체결했다고 21일 밝혔다.  도는 이번 수출계약체결에 앞서 도내 농식품 수출의 업그레이드를 위해 추진 중인 '경남 농식품수출 시즌2'추진계획 수립을 위한 현지 시장조사를 진행했다.   도는 지난 14일 경남농업기술원.농협경남본부.생산농가.경남무역및 경남농수산식품수출협회와 함께 중국 상해에서 도내 농식품의 수출전진기지 역할을 맡고 있는 해외 안테나숍을 방문해 현지소비자 반응과바이어 연계활동 등 운영사항을 점검하고, 사드사태 이후 중국 농식품 시장동향과 경남 농식품의 수출확대 방안을 논의했다. 또 상해 세무상성 상가에서 도내 12개 업체 40개 품목에 대한 홍보판촉행사를 열고, 시음.시식행사를 통해 도내 농식품의 우수한 품질과 맛을 알리면서 현장판매를 진행했다.  특히 한국 전통춤 공연으로 행사 분위기를 조성해 중국인들의 관심과 참여를 유도하는 한편, 중국인들에게 인기 높은 유자차.도라지청.불고기소스.김 스낵류를 집중 판매했다.  도 방문단은 상해지역 진지미식품무역상해유한공사와 청도해지촌내집식품유한공사 상해지사 등 현지 3개 바이어와 유아용 과자, 홍삼가공품, 면류 등 350만 달러의 수출계약을 체결했다.  베트남호치민에서는 이미 현지에 진출한 이마트를 비롯, 현지유통업체인 Mega 마켓, BigC, K마켓 등을 찾아 농식품 유통현황을 파악하고, 식자재 무역유통회사인 '비나후레쉬'(VINA FRESH)를 방문해 취급 농식품 및 국산 농식품 수입현황을 조사했다. 이들과 수출상담을 통해 딸기와 사과를추가 수출품목으로 결정하고 에너지드링크와 소스류 등 220만 달러의 가공식품 수출계약을 성사시켰다.   ost@fnnews.com 오성택 기자   ▶'모멘텀 집중' 저가에서 매집해둬야 할 상반기 유망주 3선 (지금 확인)   [파이낸셜뉴스주요뉴스]  → '공천갈등 진화' 나선 바른미래 지도부..살얼음판 여전 → 靑, 드루킹-'親文' 송인배 연루설에 '당혹'‥적극 해명 → 일주일 사이에 로또 1등 2번 당첨된 40대 남성 → 초등생 고속도 휴게소 방치 혐의 교사 벌금800만원 → 심부전 위험 줄이려면, 일주일간 150분 운동하라  ▶ <긴급공개> 억대계좌 이종목에서 또 터진다!    ※ 저작권자 ⓒ 파이낸셜뉴스. 무단 전재-재배포 금지 "
302,2,"2018-05-22","17:45:58","""옳은 길이 아니면 가지 마라""…구본무 회장 경영철학 후세에 남긴다","[뉴스토마토 채명석 기자] 구본무 LG그룹 회장이 22일 영면함에 따라 그의 경영철학을 후세에 남기기 위한 추모사업도 본격화될 전망이다. 다만, 고인이 갑작스레 타계함에 따라 아직 그룹 차원에서 구체적 계획을 마련하진 않았다.     다른 대기업들의 경우 총수 타계 후 외부의 덕망 있는 인사를단장으로 하는 추모위원회를 구성, 6개월에서 1년 정도의 준비기간을 거쳐 거쳐 1주기 즈음에 첫 결과물을 내놨다. 이를 놓고 볼 때, LG도 고인의 외아들 구광모 LG전자 상무로의 경영권 승계가 마무리되는 대로 본격적인 추모사업에 들어갈 것으로 보인다.           고 구본무 LG 회장이 지난 2011년 CEO컨퍼런스에서 최고경영진들과 대화를 나누고 있다. 사진/LG     LG그룹 관계자는 이날 “다른 기업들처럼 큰 규모는 아니더라도 (추모사업은)진행하지 않을까 생각하지만 아직은 결정된 게 없다”면서 “구 회장 일대기와 어록, 경영철학 등이 담긴 단행본 발간 등 다양한 방안을 검토할수 있을 것으로 본다”고 말했다.     LG에 앞서 학계에서 구 회장의 경영성과를 연구하고 제대로 평가해야 한다는 기류가 조성되고 있다. 한국경영학회 관계자는 “구 회장을 연구하고 싶어하는 학자들이 많았으나 본인이 고사하고 기반 자료도 부족해 적극적으로 진행할 수 없었다""며 ""타계 소식을 접한 뒤 한국경제를 위해서라도 다시 추진해보자는 분위기”라고 말했다. 이어 “구 회장이 이뤄낸 성과를 정리한다면 학술적 가치 외에도 재벌 3·4세와 전문경영인 등 현역 기업인 모두에게교훈이 될 것”이라고 설명했다.     주요 경제단체에서도 구 회장의 업적을 기리기 위한 활동의 필요성이 제기된다. 전국경제인연합회 관계자는 “LG그룹 오너, 특히 구 회장의 이야기를 담은 단행본은 사실상 전무한 상태”라면서 “기업인들은 물론 많은 일반인들도 그의 생애를 알고 싶어하기 때문에 연구는 어떠한 형태로든 이뤄져야 한다”고 말했다.     전문가들은 그가 이뤄낸 주요 업적으로 ▲‘정도경영’ 원칙에 입각한 경영 ▲고유의 기업문화인 ‘LG웨이’ 천명 ▲국내 재계 최초의 지주사 설립을 통한 투명한 지배구조 전환 ▲고객가치 실현을 위한 끊임없는 노력 ▲GS·LS·LIG 등 동업 및 인척과의 분쟁 없는 ‘아름다운 이별’ 실현 ▲평화로운 노경관계 구축 ▲의인상, 글로벌 챌린지 등을 통해 사회와함께 하는 기업문화 조성 등을 꼽는다.     그들은 구 회장이 경쟁사들이 앞서 나가도 조급해 하지 않고, 남들이 생각지 못한 자신만의 길을 개척하는 신념 등을 높이 평가하고 있다. 이는 정도에 기반한다. 그 역시 일등을 강조했지만, 그릇된 일등을할 바에야 뒤떨어지고 늦더라도 바른 길로 가자고 늘 강조했다. 구 회장의 소신은 특히 인재육성과 연구개발에 집중됐다. 그 결과 LG는 소비재·전자로 대변되는 ‘과거’와 통신·디스플레이·화학의 ‘현재’, 자동차부품, 에너지, 바이오 등 ‘미래’가 가장 잘 어우러진 기업이 됐다. 이 점이 구 회장에 대한 연구활동이 반드시 이뤄져야 하는이유라고 전문가들은 입을 모은다.     한편, LG가 지난 2002년부터 운영하고 있는 구본무 회장의 개인 홈페이지가타계 후 어떻게 바뀔지에 대해서도 관심이 모아진다. 홈페이지는 고인의 정보를 얻을 수 있는 유일한 공간으로, 신년사 등 주요 발언과사진 등이 소개돼 있다. 지난해 9월5일 서울 마곡 LG사이언스파크 건설 현장을 찾아 점검한 사진을 끝으로 고인에 대한 새로운 자료는 올라와 있지 않다. 장례 기간에도 별도로 추모 게시판이 개설되지 않았다.       이에 대해 LG 측은 “공식행사가 있을 경우에만 정보를 제공하고 있고, 구 회장도 생전 홈페이지를 위해 직원들이 시간을 낭비하지 말라고 했다”면서 “되도록 조용히 장례를 치러달라는 고인의 유훈에 따라 추모 게시판 운영 등의 계획도 전혀 없었다”고 전했다. 이와 함께 LG는 고인의 홈페이지 운영 방향 또한 정해진 것이 없다고 설명했다. 일단 운영은 계속하고, 향후 추모사업이 진행될 경우 그에 맞춰 제작된 콘텐츠를 소개하는 식으로 진행될 것으로 예상된다.     채명석 기자 oricms@etomato.com [채명석 기자의 다른 뉴스] · LG '구광모 시대' 개막…구본준 퇴진은 '아직' · “자연유산 남기고파” 구본무 회장, 아호 붙인 ‘화담 숲’ 애착 · '사람'을 사랑했던 구본무 회장 별세 [이 시각 주요뉴스] · ""마지막 가는 길까지 소탈하게""…경제계 거목 구본무 회장 영면 · 분양시장 강소주택 약진…""1인 가구 수요 증가"" · 검찰, '특활비 수수' 문고리 3인방 징역 4~5년 구형  -경제전문 멀티미디어 뉴스통신 뉴스토마토 저작권자(c)뉴스토마토통신. 무단전재-재배포 금지-"
302,3,"2018-05-22","17:45:07","MB, 첫 재판부터 또 '정치 보복' 들고 나올까","이명박(사진) 전 대통령이 23일 예정된 자신의 첫 재판에서 직접 모두진술을 할 것을 예고한 가운데 다시 한 번 ‘정치 보복’을 언급할지 관심이 집중되고 있다. 이 전 대통령이 어떤 입장을 내놓느냐에 따라 향후 재판의 흐름과 쟁점이 달라질 수도 있기 때문이다.  22일 이전 대통령 측에 따르면 이 전 대통령은 23일 오후 2시 서울중앙지방법원 417호 법정에서 열리는 자신의 첫 공판에 참석, 10분가량 모두진술을 할 계획이다. 그는 법정에서 밝힐 자신의 입장을 직접 노트에 정리하면서 진술을 준비하는 것으로 알려졌다.  이 전 대통령은 두 번째 공판준비기일인 지난 10일까지만 해도 건강 악화 등을 이유로 재판 불참을 희망했다. 그러나 재판 회피에 대한 뚜렷한 명분을 내세우지 못하면서 검찰 논리에 직접 항변하는 쪽으로 전략을 틀었다.  법조계에서는 우선 이 전 대통령이 모든 혐의를 부인하는 주장을 펼칠 것으로 전망하고 있다. 이는 검찰 조사 단계부터 구속 이후까지 이 전 대통령의 일관된 입장이기도 하다. 세 차례에 걸친 지난 공판준비기일에도 변호인단은 검찰 측이 제시한 모든 공소사실을 부인한다는 입장을 거듭 재확인한 바 있다.  법조계에서는 나아가 이 전 대통령이 재판 자체를 정치 보복으로 규정하는 발언을 쏟을 수도 있을 것으로 내다보고 있다. 어차피 승소 가능성이 적다고 본다면 정치 메시지라도 강하게 던지는 쪽을 선택할 수도 있다는 분석이다. 이 전 대통령 입장에서는 첫 재판부터 방청권 추첨이 미달되는 등 자신에 대한 주목도가 바닥을 치는 상황에서 관심을 환기할 필요도 있기 때문이다.  실제로 이 전 대통령은 지난 1월17일 서울 삼성동 자택에서 낸 성명에서 “노무현전 대통령의 죽음에 대한 정치보복”이라고 주장한 데 이어 3월14일 첫 검찰 소환 때도 “역사에서 이번 일이 마지막이 됐으면 한다”며 정치적 발언을 이어갔다. 구속 이후인 지난달 9일에는 페이스북에 ‘옥중성명’을 내고 “검찰 기소는 초법적인 신상털기와 짜맞추기 수사의 결과”라며 반발하기도 했다.  다만 법정에서까지 정치 보복을 운운하면 재판부를 자극해 불리한 입장에 설 수도 있기 때문에 그 수위는 이전보다 낮을 것이라는 관측도 나온다.  이 전 대통령 변호를 맡은 강훈 변호사는 지난 17일 이 전 대통령의 3회 공판준비기일 직후 취재진을 만나 “정치적인 이야기를 해야 하는지, 검찰을 공격하는 용어를 쓰는 게 맞는지 등에 대한 생각이 아직 정리가 안 된 것 같다”고 말했다.  이 대통령은 현재 110억 원대 뇌물수수와 350억 원대 다스 비자금 횡령 혐의 등을 받고 있다. 공교롭게도 첫 재판이 있는 5월23일은 노 전 대통령이 서거한 지 꼭 9주년이 되는 날이다.  /윤경환·백주연기자 ykh22@sedaily.com    ▶▶ 2018년 정부 정책 수혜주 TOP 10 大공개! (바로 확인)  ▶▶ 재료노출 임박한 상위1%의 극비정보 30명한정 공개(무료)    [ⓒ 서울경제, 무단 전재 및 재배포 금지]"
302,4,"2018-05-22","17:45:00","동양건설산업, ‘미사역파라곤’·‘파라곤스퀘어’ 25일 동시 분양","미사역 파라곤 투시도.(사진=동양건설산업 제공)[이데일리 박민 기자] 동양건설산업은 경기 하남시 미사강변도시 중심상업지구에서 공급하는 ‘미사역 파라곤’ 아파트와 상업시설 ‘파라곤 스퀘어’를 오는 25일 모델하우스를 열고 동시 분양에 나선다고 밝혔다.   미사지구 C1블록에 지어지는 미사역 파라곤은 지하 3층~지상 30층, 8개 동에 총 925가구 규모로 조성된다. 전용면적별로 △102㎡ 462가구 △107㎡ 229가구 △117㎡ 232가구 △195㎡ 2가구 등 중대형 평형으로 구성됐다. 미사강변도시의 마지막 민간 공급 물량이어서 수요자들의 관심이 클 것으로 회사측은 기대하고 있다.  지하 1층~지상 2층에는 상업시설인 파라곤 스퀘어가 들어선다. 연면적 약 4만6000㎡규모로 300여개 이상의 점포로 구성될 예정이다. 지하 1층이 지하철 5호선 미사역(2019년 개통 예정)과 직접 연결되고, 미사역 2개 출구가 지상층과 이어진다. 특히 지상층 중앙에는 세계 명작 동화 ‘오즈의 마법사’를 주제로 한 테마공원이 약 6600㎡ 규모로 조성된다.   분양 관계자는 “이 상가는 하루 평균 약 6만 4000여명이이용할 것으로 예상되는 미사역과 직접 연결돼 최고의 핵심입지를 갖추게 될 것”이라며 “유명 앵커테넌트(핵심점포)를 비롯한 다양한 매장들이 들어서고 전용 테라스, 옥상정원, 파티공간, 문화 레저 공간 등이 조성돼 휴식과 쇼핑은 물론 각종 엔터테인먼트를 즐길 수 있도록 꾸며질 예정”이라고 말했다.   미사강변도시는 주거 시설에 대한 본격적인 입주와 함께 인근 상주인원도 계속 증가하고 있다. 강동첨단업무단지(2015년 완공)는 현재 삼성물산 및 삼성엔지니어링 본사를 비롯해 세스코, 한국종합기술, 세종텔레콤 등 10여개 기업, 1만 5000여명의직원이 상주하고 있다. 여기에 2020년 조성예정인 강동엔지니어링 복합단지와 고덕상업업무 복합단지까지 기업체의 입주를 마치면 상주인구는 총 7만여명에 이르게 된다.   사업지 인근으로 다른 교통환경도 뛰어나다. 미사강변신도시 인근 강일 IC, 선동 IC, 미사 IC를 통해 올   림픽대로와 경춘도로가 바로 연결되고, 상일 IC를 지나면 분당, 판교, 광교 신도시 등도 쉽게 이동할 수 있다. 서울 잠실까지 10분대면 닿을수 있어 사통발달의 교통망을 누릴 수 있다.   미사역 파라곤 아파트와 파라곤 스퀘어 상가 모델하우스는 서울 강남구 자곡동 일대에마련되고 오는 25일 문을 열 예정이다. 입주는 2021년 6월로 예정돼 있다.  ▶계좌회복프로젝트! 상위 전문가의 투자전략 및 추천종목‘[무료확인]’ ▶14년 연속 1위, 대한민국 대표 스탁론 하이스탁론 '    ' ＜ⓒ종합 경제정보 미디어 이데일리 - 무단전재 & 재배포 금지＞   "
302,5,"2018-05-22","17:44:21","'최저임금 국회 논의' 판 깬 경총… 中企 ""양대노총과 야합, 배신 당했다""","산으로 가는 최저임금 개편   경총""국회 대신 최저임금委서 재논의""     ""국회안대로 산입범위 확대 땐 임금격차 확대""  전문가 ""최저임금委로 되돌리면 아무것도 못해""   ""경총 수뇌부, 사회적 대화 코드 맞추기"" 지적도     [ 백승현/도병욱/문혜정/좌동욱 기자 ]  “한국경영자총협회는 도대체 왜?”  최저임금 산입범위 개편 논의 막바지에 불쑥 튀어나온 ‘ 경총발(發) 미스터리’에 경제계가 충격에 빠졌다. 국회의 산입범위 확대를 촉구해온 경총이 지난 21일 돌연 입장을 바꿔 ‘국회논의를 중단하고 다시 최저임금위원회서 논의하자’고 요구하는 양대 노총(한국노동조합총연맹·전국민주노동조합총연맹)과 손을잡았기 때문이다. 이로 인해 국회에서 여야 합의로 가닥이 잡혀가던 산입범위 개편 논의는 한순간 방향이 틀어져버렸다.  경총이하루아침에 입장을 바꾼 것도 문제지만 최저임금 이슈의 가장 큰 당사자인 중소기업중앙회 등과는 전혀 상의도 하지 않은 채 양대 노총과 슬그머니 합의한 사실이 알려지면서 경제단체 간 내분 조짐마저 보이고 있다. 일각에서는 ‘경총의 배신’이라는 말까지 나온다.   경총에 도대체 무슨 일이…  경총은 22일 ‘최저임금 산입범위 입법에 대한 경총 입장’이라는 자료를 내고 뒤늦게 해명에 나섰다. “국회에서 논의하고 있는 최저임금 산입범위 확대 방안(상여금+현금성 숙식비)은 임금 격차를 확대시키는 결과를 초래하는 안이기 때문에 동의할 수 없다”는 게 경총 논리다. 경총 관계자는 “현재 수준의 산입범위 확대안은 무의미하다고본다”며 “양대 노총과 원하는 방향은 다르지만 국회에서 논의 중인 방안을 수용할 수 없다는 점에서는 의견이 같아 합의한 것”이라고 말했다.  하지만 국회가 아니라 최저임금위에서 논의를 다시 시작하면 산입범위 확대 자체가 불가능해질 가능성이 높다는 점에서 설득력이 떨어진다는 평가다. 다른 경제단체 관계자는 “이미 최저임금위에서 태스크포스(TF)까지 꾸려 작년부터 8개월간 논의했지만 한발짝도 양보 못하겠다는 노동계 반발로 무산돼 결국 국회로 공이 넘어간 것 아니냐”며 “이제 와서 다시 최저임금위로 논의 주체를 옮긴다는 것은 아무것도 안 하고 노동계 요구대로 따르겠다는 것과 다를 바 없다”고 비판했다.  익명을 요구한 한 노동경제학자는 “갑작스러운 입장 변화에 대한 해명은 견강부회 그 자체다. 기업 입장을 대변한다는 경영자단체로서 수치스러운 수준이다. 이럴 바엔 경총은 문을 닫는 게 낫다”고 원색적인 표현을 써가며 비난했다.  일각에서는 경총이 산입범위 확대를 양보하는 대신 최저임금 인상폭을 줄이려는 전략을 세운 게 아니냐는 분석도 있다. 하지만 경총이 지난해 최저임금 협상 당시 16.4% 인상률에동의하면서 전제 조건으로 ‘산입범위 확대’를 강하게 주장했다는 점에서 앞뒤가 맞지 않는다는 지적이 나온다.  경총의 ‘코드 맞추기’인가?  경총의 ‘돌발 행동’은 손경식 회장과 송영중 상임부회장이 “사회적 대화는 이어가야 한다”고 강하게 밀어붙인 결과라는 해석이 지배적이다. 이번 입장 변경 과정에서 경총 실무진은 “지금 최저임금위에서 논의를 다시 시작하면 연내 산입범위 확대는 물 건너간다”고 현실론을 들어 반대했지만 송 부회장이 묵살한 것으로알려졌다. 일각에서는 고용노동부 출신인 송 부회장이 사회적 대화를 중시하는 정부와 코드를 맞추기 위해 결정을 주도한 것 아니냐는 의구심이 제기된다.  손 회장이 ‘사회적 대화 사수’라는 명분에 매몰돼 안이하게 판단했다는 지적도 나온다. 한 경제단체 관계자는 “경총은 6월까지 최저임금 산입범위 논의를 마치겠다는 민주노총의 약속을 믿고 이들의 제안을 수용했다고 한다”며 “이런 공허한 약속을 철석같이 믿은 것 자체가 문제”라고 말했다.  “배신당했다” 격앙된 중기중앙회  중기중앙회와 산하 협동조합은 경총과 양대 노총의 합의를 ‘배신’으로 규정하고 거센 비난을 쏟아내고 있다. 중기중앙회 관계자는 “최저임금의 영향을 받는 기업은 대부분 중소기업인데 경총이 우리와 아무런 상의 없이 양대 노총과 야합을 했다”며 “이번 일로 경총과 중소기업계의 신뢰도 깨졌다”고 말했다. 최저임금의 영향을 받는 사업장은 30인 미만인 중소기업과 소상공인이 전체의 84.5%를 차지한다.  중기중앙회는 산입범위 확대 없이는 내년도 최저임금 결정을 위한 사회적 합의(최저임금위)에 동참하지 않겠다는 뜻을 밝혔다. 중소기업계가 이처럼 반발하는 것은 국회에서 산입범위 매듭이 지어지지 않은 채 다시 최저임금위로 공이 넘어가면 산입범위 확대는커녕 내년에도 인상률만 더 높아질 것이라는 우려 때문이다. 한 협동조합 이사장은 “아무것도 안 되는 최악의 경우보다 차라리 차악이지만 국회에서 산입범위 조정이 어느 정도 이뤄진 뒤 인상폭을 낮추는 식으로 가는 게 낫다”고 말했다.  대한상공회의소 등 다른 경제단체들도 한결같이 “당혹스럽다”는 반응이다. 박용만 대한상의 회장은 경총의 움직임과 관련해 ‘상황 파악’을 지시한 것으로 알려졌다.  백승현/도병욱/문혜정/좌동욱 기자 argos@hankyung.com    기업의 환율관리 필수 아이템! 실시간 환율/금융서비스 한경Money [ 무료 주식 카톡방 ] 국내 최초, 카톡방 신청자수 38만명 돌파 < 업계 최대 카톡방 > --> 카톡방 입장하기!!     관련기사 최저임금 산입범위 조정 두고 경제단체서도 '내분' ""정말 이례적인 일"" 망연자실한 신혼부부들 왜? 돈방석 앉은 연예인들…1인 방송 BJ 수입 어떻길래 민주노총, 노사정 대화 불참 선언… '사회적 대타협' 빨간불 ""셈하기도 어렵다"" 방탄소년단 경제적 가치가 무려    ⓒ 한국경제 & hankyung.com, 무단전재 및 재배포 금지"
302,6,"2018-05-22","17:44:08","시카고상품거래소, 하나금융투자 2개월 거래중지","시카고상품거래소(CME)가 하나금융투자를 통한 거래를 이날부터 2개월간 중지한다고 22일 통보했다. 이에 따라 하나금융투자 홈트레이딩시스템(HTS)과 모바일트레이딩시스템(MTS)를 통한 CME 해외선물ㆍ옵션거래는 두 달 동안 이뤄지지 않는다.   하나금융투자는 이날 오전 HTS와 MTS에 안내문을 띄워 “CME 거래소 조치사항으로 CME 해외선물상품에 대한 신규 주문이 불가하며, 현재 보유포지션의 경우 유선 주문을 통한 청산만 가능하다”고 밝혔다.   회사 측에 따르면 하나금융투자는 이날 새벽 6시 30분께 CME로부터 거래 중단 통보를 받았다. 거래 중지의 원인은 아직 밝혀지지 않았다. CME로부터 거래 중단을 통보받은 다른 국내 증권사는 아직 없는 것으로 파악되고 있다.   남주현 기자(jooh@etoday.co.kr)   [오늘의 핫클릭]  ☞퇴직 후 백만원으로 35억 벌게 된 60대 남성 화제!  ☞[포토] 고(故) 구본무 LG 회장 발인,구본준-구본능-구본식 '무거운 마음'  ☞[포토] 고(故) 구본무 회장 발인, 영정 모시는 맏사위 윤관 대표  ☞[일기 예보] 부처님 오신 날(석가탄신일) 오늘 날씨, 흐린 뒤 저녁부터 비…미세먼지 농도는 ""좋음""  ☞떨어지는 재계 별들...이건희 건강 상태는?    ☞[주간 증시일정] 5월 21~25일 넥센테크?텔콘 상호변경, 디에스티로봇 주주총회 등  ☞[카톡방] 무료 주식 카톡방 신청자수 38만 명 돌파 <업계 최대 카톡방> →카톡방 입장하기!         Copyrightⓒ이투데이, All rights reserved. (무단 전재 및 재배포 금지)   프리미엄 경제신문 이투데이    "
302,7,"2018-05-22","17:44:05","'미래 해양에너지 활성화' 국제심포지엄","해양산업 발전 방안 논의     부산시는 오는 24일 오후 1시 시청 1층 대회의실에서 '미래 해양에너지 활성화를 위한 국제심포지엄·토론회'를 연다고 22일 밝혔다.  부산시가 주최하고 (사)한국신·재생에너지학회, (재)부산테크노파크가 주관하는 이번 국제심포지엄은 해양신재생에너지와 부산 대표 산업인 조선해양산업을 융합해 부산 해양산업의 발전과 육성 방안에 대한 정책제언을 얻고자 마련됐다.  먼저, DNV-GL 아시아태평양 해상풍력부문 덩 판 소장이 '왜 풍력 발전을 해야 하는가?'라는 주제로 발표에 나선다.  이어 나가사키대학 해양과학기술기구 타카아키 모리타 교수가 '일본 나가사키현 해양 재생에너지 촉진 전략'에 대해, 광저우 재생에너지연구원 해양에너지연구센터 셍 송웨이 소장이 '중국과 광동성의 파력발전 연구와 비즈니스 현황'에 대해, 타이완 국립해양대학 쟌-홍 첸 교수가 '타이완에서의 해양재생에너지 개발현황'에 대해 발표한다. 국내에서는 (재)부산테크노파크 김영석 본부장과 한국남부발전(주) 김달태 부장, K-water 물에너지연구소 김영일 소장, LS산전 원창섭 부장이 관련 주제에 대해 발표를 진행한다.   sr52@fnnews.com 강수련 기자    ▶'모멘텀 집중' 저가에서 매집해둬야 할 상반기 유망주 3선 (지금확인)   [파이낸셜뉴스 주요뉴스]  → '공천갈등 진화' 나선 바른미래 지도부..살얼음판 여전 → 靑, 드루킹-'親文' 송인배 연루설에 '당혹'‥적극 해명 → 일주일 사이에 로또 1등 2번 당첨된 40대 남성 → 초등생 고속도 휴게소 방치 혐의 교사 벌금 800만원 → 심부전 위험 줄이려면, 일주일간 150분 운동하라  ▶ <긴급공개> 억대계좌 이종목에서 또 터진다!    ※ 저작권자 ⓒ 파이낸셜뉴스. 무단전재-재배포 금지 "
303,1,"2018-05-22","17:41:23","국민 90%가 공공하수도 혜택 받아","하수 오염물질 매년 증가 관련 처리시설 함께 확충 공공하수도 보급률 93.2% 전년보다 0.3%P 늘어나     우리나라 국민 10명 중 9명이 공공하수도 혜택을 받고 있는 것으로 나타났다. 또 하수 오염물질은 매년 증가하고 있지만 관련 처리시설 확충으로 하수처리수 수질은 개선되고 있었다.   한국환경공단과 환경부가 지난해부터 1년간 지방자치단체 등으로부터 관련 자료를 제공받아 '2016년 하수도 통계'를 분석한 결과, 이같이 나타났다.  하수도 통계는 관로 및 처리장 시설, 공공하수도 서비스 제공 인구, 하수처리장의 유입.방류 수질, 하수도 처리원가 및 요금 등의 정보를 담고 있다.   22일 환경공단에 따르면 우리나라 인구 중 공공하수도 서비스를 제공받는 인구 즉, 공공하수도 보급률은 93.2%로 전년 대비 0.3%p 증가했다. 인구수로는 35만69명이 늘어난 5285만7894명이다.   하수도 보급률은 2007년 87.1%에 불과했으나 2009년 89.4%, 2011년 90.9%, 2013년 92.1%, 2015년 92.9% 등 점점 증가하고 있다.   공공하수처리시설로 유입되는 하수의 평균 수질은 '생물화학적산소요구량BOD)' 기준 166.6㎎/L였다. 공공하수처리시설에서 적정하게 처리된 이후 공공수역으로 방류되는하수처리수의 평균 수질은 4.0㎎/L로 집계됐다. 2007년 8.04.0㎎/L과 견줘 절반으로 낮아진 수치다.   2007년 94.1%였던 하수 제거효율은 2016년 97.6% 높아지는 등 처리시설에 유입되는 하수의 제거효율이 매년 높아지고 있는 것으로 조사됐다.   환경공단 관계자는 ""빗물과 하수를 분류하는 하수 관로가 늘어나면서 처리시설에 들어오는 하수의 오염물질 농도가 매년 높아짐에도 불구하고 하수처리수 수질은 좋아지고 있다""면서 ""이는 하수처리시설의 방류수질 기준 강화와 시설의 확충.개선이 지속적으로 이뤄졌기 때문""이라고 분석했다.   전국에 설치된 하수관로의 총 길이는 14만3168km였다. 경부고속도로 길이의 399배다. 전년과 견줘보면 5975km(4.4%)가 늘어났다.  빗물(우수)과 오수를 같은 관에 모아 이송하는 합류식 관로의 길이는 전체의 30.6%인 4만 3738km이며 오수 전용 이송 관로는 40.7%인 5만8334km로 집계됐다. 나머지 빗물 전용 이송 관로는 28.7%의 4만1096km였다.   환경공단 관계자는 ""우리나라는 1980년대와 1990년대에 합류식 하수관로의 확충이 급속히 이뤄졌으며 2000년대 이후부터 하천 수질 개선, 도시 침수 예방, 악취저감 등을 고려해 분류식 하수관로 정책이 추진됐다""고 설명했다.   공공하수도 보급지역 확대, 고도처리시설 확충 등으로 하수도 설치비, 개.보수비 등은 2007년 4조9348억원에서 2016년 9조 6909억원으로 매년 늘어났다. 하수를 처리하는 데 드는 비용도 1t당 ,061.9원으로 지난 10년간 79.3% 증가됐다. 이와 함께 2016년 하수도 요금은 전국 평균 1t당 469.1원으로 2007년의 252.4원보다 85.9% 상승했다.   지자체별 톤당 하수도 요금은 부산 611.1원, 인천 554.1원, 서울 524.2원 등 순으로 높았다. 세종은 246.7원으로 전국 광역시.도중에서 하수도 요금이 가장 낮은 것으로 조사됐다.   환경부 관계자는 ""하수도의 기능이 하수처리수 이용과 에너지 생산.절약 등으로 발전하고 있다""면서 ""향후 하수도 통계에 '에너지 자립도'를 추가하는 등 하수도통계 관리체계를 발전시킬 계획""이라고 말했다.   jjw@fnnews.com 정지우 기자    ▶'모멘텀 집중' 저가에서 매집해둬야 할 상반기 유망주 3선 (지금 확인)   [파이낸셜뉴스 주요뉴스]  → '공천갈등 진화' 나선 바른미래 지도부..살얼음판 여전 → 靑, 드루킹-'親文' 송인배 연루설에 '당혹'‥적극 해명 → 일주일 사이에 로또 1등 2번 당첨된 40대 남성 → 초등생 고속도 휴게소 방치 혐의 교사 벌금 800만원 → 심부전 위험 줄이려면, 일주일간 150분 운동하라  ▶ <긴급공개> 억대계좌 이종목에서 또 터진다!    ※ 저작권자 ⓒ 파이낸셜뉴스. 무단 전재-재배포 금지 "
303,2,"2018-05-22","17:41:21","北중앙통신 ""南정부, 삐라살포에 어정쩡한 태도""…직접 비난","北중앙통신 ""南정부, 삐라살포에 어정쩡한 태도""…직접 비난  ""값 비싼 대가 안 치르려면 이제라도 판문점 선언 이행해야""  전단살포 금지는 판문점선언 이행문제라며 南정부 거칠게 비난   (서울=연합뉴스) 정빛나 기자 = 연일 대남 압박의 수위를 높여온 북한이 22일 관영 매체 공식 논평을 통해 대북전단 살포에 대한 남한 정부의 대응 방식에 노골적인 불만을 쏟아냈다.  조선중앙통신은 이날 '도발은 비싼 대가를 치른다'는 제목의 논평에서 탈북자단체인 '자유북한운동연합'이 지난 12일 경기 파주에서 대북전단을 살포한 것을 재차 강력하게 비난하면서 ""문제는 남조선 당국이 '심각한 우려'니 뭐니 하면서 어정쩡하게 놀아대고 있는 것""이라고 주장했다.  통신은 판문점 선언을 통해 확성기 방송과 전단살포를 비롯한 모든 적대 행위를 중단하기로 합의한 점을 환기하며 ""삐라(전단) 살포와 관련하여 남조선 당국이 한 것이란 고작해야 '민간단체들이 대북삐라 살포 중단에 적극 협력'해주기를 바란다고 '요청'하였을 뿐""이라고 비난했다.  이어 ""온 민족 앞에 확약한 판문점 선언의 이행과 같은 중대한 문제를 놓고 '요청'이니 뭐니 구걸질인가""라는 다소 거친 표현으로 남한정부의 대응 방식에 불만을 강하게 표출했다.  통신은 ""인간쓰레기들의 도발적 망동으로 북남관계가 다시금 엄중한 난관에 부닥치게 된다면 그 책임은 전적으로 남조선 당국에 돌아가게 되어 있다""며 ""남조선 당국이 값비싼 대가를 치르지 않으려면 이제라도 판문점 선언을 성실하게 이행하는 길로 나와야 한다""고 강조했다.  그러면서 ""차후 조치와 움직임을 우리는 지켜볼 것""이라며 ""후회란 때늦은 법""이라고 경고했다.  북한 매체들이 최근 대북전단 살포 행위를 비난하는 내용의 개인 필명의 논평 등을 연일 게재해왔으나, 북한 당국의 공식 입장이라고 할수 있는 조선중앙통신이 논평을 통해 남한 정부를 겨냥해 직접적인 비난을 쏟아낸 것은 이번이 처음이다.  또 열흘 전인 지난 12일 벌어진 탈북자단체의 대북전단 살포 문제를 한미정상회담 당일 다시금 걸고넘어졌다는 점에서 대남압박의 수위를 한층 높이려는 의도로 풀이된다.  이날 북한의 대외 선전용 매체인 '통일신보', '우리민족끼리', '메아리' 등도 중앙통신 논평과 유사한 내용의 논평을 일제히 실었다.     shine@yna.co.kr   (끝)    <긴급속보 SMS 신청> <포토 매거진> < M-SPORTS >   <저작권자(c) 연합뉴스, 무단 전재-재배포 금지>"
303,3,"2018-05-22","17:41:07","가스공사 'LNG 벙커링' 사업 속도 낸다","12대 전력과제로 육성 산업부 등 관계부처 합동 내년까지 관련법.제도 개정 英·日 선두기업과 협력도          한국가스공사가 항만에 정박해있는 LNG(액화천연가스)추진선 그린아이리스호에 LNG 탱크로리를 통해 LNG를 공급하고 있다.  한국가스공사가 '액화천연가스(LNG) 벙커링' 사업에 속도를 내고 있다. LNG 벙커링은 해상에서 선박 연료로 LNG를 공급하는 것으로 최근 전세계의 해양 환경 규제로 주목받고 있는 신성장 산업이다.   22일 가스공사는 LNG 벙커링 사업을 위해 산업통상자원부, 해양수산부 등 관계부처와 협력해 내년 말까지 LNG 선박연료 사용을 위한 관련 법(도시가스사업법, 항만운송사업법) 및 제도를 개정하겠다고 밝혔다.   가스공사 정승일 사장은 ""정부의 친환경 에너지 정책에 적극 부응하면서 최근 해양환경 규제와 맞물려 주목받는 LNG벙커링 사업을 공사의 12대 전략과제 중 하나로 육성한다""고 말했다.   가스공사는 현재 평택과 통영 LNG 인수기지의 탱크로리 출하설비를 이용해 선박에 LNG를 공급하는 TTS(Truck to ship) 방식으로 벙커링 사업을 하고 있다. 내년 말에 벙커링 겸용선과 통영 인수기지 선적 설비가 완공되면 LNG 벙커링의 실질적인 인프라 기반이 구축된다.  또 가스공사는 영국 로열 더치 쉘, 일본 미츠이 등 해외 벙커링 선두 기업들과 마케팅 협력을 진행할 예정이다. 가스공사는 현재 공사의 신에너지기술연구센터에서 LNG 벙커링 관련 국제표준 제정 작업에 참여하고 있다.   전 세계적으로 LNG 벙커링 수요는 오는 2030년 연간 2000만~3000만t에 이를 전망이다. 영국 로이드선급협회 전망에 따르면 오는 2025년까지 건조되는 LNG 선박은 최대 1962척(전체 선박 건조의 12.6%)에 달한다.   우리나라에서 현재 운항 중인 LNG 추진 선박은 인천항만공사가 운영하는 항만홍보선 에코누리호(260t)와 포스코의 석회석 운반선 그린아이리스호(5만t) 2척 뿐이다. 포스코와 남동발전이 각각 철광석 및 석탄 운반용 LNG 추진선 도입을 검토 중이다.   LNG는 친환경 연료다. 기존 선박용 연료보다 황산화물(SOx)과 분진 배출은 100%, 질소산화물(NOx)은 15~80%, 이산화탄소(CO2)는 25%까지 줄일 수 있는 것으로 알려져 있다.   산업부, 해수부 등은 미세먼지 배출량을 줄이기 위해 LNG 추진 선박 연관 산업을 적극 육성하고 있다. 관공선의 일부를 LNG 선박으로 신규 건조하고, LNG 선박을 도입한 선사 등에 항만시설 사용료를받지 않고 있다.   특히 정부는 부산항과 울산항을 벙커링 기지로 구축한다. 오는 2025년까지 6000억원을 투입해 부산항 안에 LNG 벙커링 시설을 갖춘다는 계획이다. 장기적으로 부산항을 '동북아 LNG 벙커링 기지'로 개발한다는 것이다. 울산항도 에너지 물류 기능을 강화하기 위해 '해상 부유식 벙커링 터미널' 건설을 추진 중이다.   이밖에 해수부는 국가 연구개발 사업으로 오는 2022년까지 'LNG 벙커링 핵심기술개발 및 체계구축사업'을 선박해양플랜트연구소, 한국조선해양기자재연구원, 한국기계연구원 등과 함께 추진한다.   해외에서도 LNG 선박 및 벙커링 수요는 증가하고 있다. 유럽에선 2020년까지 139개 항구에 LNG 벙커링 인프라를 구축하는 법안이 통과됐다.유럽은 현재 중소형 LNG 추진 선박 83척이 운항 중인데, 64척이 추가로 건조되고 있다. 중국에서도 내륙운항 선박을 대상으로 LNG 추진선 전환을 추진하고 있다. 2020년까지 약 17만척 중 1만척 이상을 LNG 선박으로 전환한다는 목표다. 지난 2016년부터는 중국 상하이, 닝보 등 6개주요항구에서 정박 중인 선박의 배출물질에 대해 강력한 규제를 추진하고 있다. 일본의 경우, 요코하마항을 LNG 벙커링 항만으로 지정해 항만이용료를 감면해주고 있다.   skjung@fnnews.com 정상균 기자  ▶'모멘텀 집중' 저가에서 매집해둬야 할 상반기 유망주 3선 (지금 확인)   [파이낸셜뉴스 주요뉴스]  → '공천갈등 진화' 나선 바른미래 지도부..살얼음판여전 → 靑, 드루킹-'親文' 송인배 연루설에 '당혹'‥적극 해명 → 일주일 사이에 로또 1등 2번 당첨된 40대 남성 → 초등생 고속도 휴게소 방치 혐의 교사 벌금 800만원 → 심부전 위험 줄이려면, 일주일간 150분 운동하라  ▶ <긴급공개> 억대계좌 이종목에서 또 터진다!    ※ 저작권자 ⓒ 파이낸셜뉴스. 무단 전재-재배포 금지 "
303,4,"2018-05-22","17:41:06","마지막까지 조용히… 구본무 회장 '화담숲'에 잠들다","수목장으로 영면     장지엔 구광모 상무 등 가족·형제들만 따라가     발인 참석한 이희범 前장관  ""이런 간소한 장례는 처음""     ""사람 함부로 자르지 말라""  인터넷 '구본무 미담' 확산     [ 좌동욱 기자 ]  ‘정도 경영’으로 한국 경제사에 커다란 발자취를 남긴 구본무 LG그룹 회장이 22일 본인이 생전에 아꼈던 ‘숲과 나무’아래 묻혔다. 발인제는 이날 오전 8시 서울 연건동 서울대병원 장례식장에서 비공개로 치러졌다. 가족과 지인 100여 명만 참석했다. “ 장례를 간소하게 치르라”는 고인의 유지(遺旨)를 따랐다고 회사 측은 전했다.  ◆‘35분’ 검소한 발인제  사흘 연속으로 빈소를 찾은 이헌재 전 부총리 겸 재정경제부 장관이 추모사를 낭독했다. 그는 “외국 병원에서 치료를 받아 보라는 권유도 주변 사람들을 번거롭게 하기 싫다고 거절했다”는 구 회장 생전의 일화를 전하며 “자신에겐 엄격했지만 남에게는 한없이 관대했던 경영인”이라고 애도했다. 한 참석자는 “짧은 추모사였지만 코끝이 찡했다”고 했다. 유족이 고인 영정 사진에 헌화한 뒤 다함께 묵념하고 발인제를 마쳤다.  오전 8시29분 서울대병원 장례식장 1층. 고인의 영정을 두 손으로고이 받든 윤관 블루런벤처스 대표가 지하 1층에서 지상으로 걸어 나왔다. 윤 대표는 구 회장의 맏사위다. 외아들인 구광모 LG전자 정보디스플레이(ID)사업부장(상무)이 뒤를 따랐다. (주)LG에서 구 회장을 직접 모신 6명의 전·현직 비서가 관을 들었다. 그 뒤를 구본능 희성그룹 회장, 구본준 (주)LG 부회장, 구본식 희성그룹 부회장 등 구 회장의 형제와 가족들이 따랐다.  장례 절차는 차분하고 조용하게 진행됐다. 구본능 회장의 눈가가 유독 붉었다. 구광모 상무도 울음보가 터질 듯한 표정이었다. 간혹 눈물을 훔치는 유족은 있었지만 통곡하는 사람은 없었다.  영정 사진 속 구 회장은 환하게 웃고 있었다. 관을 리무진 장의차에 실은 뒤 유족이 묵례로 고인에게 마지막 인사를 건네면서 발인 절차가 마무리됐다. 이날 발인 행사에 걸린 시간은 총 34분. 장지까지 따라가는 사람은 구 회장의 직계가족으로 한정했다. 이날 발인에 참석한 이희범 전 산업자원부 장관은 “대기업 오너 장례식에 수없이 가봤지만 이렇게 간소한 장례는 처음이었다”며 “장지까지 따라가고 싶었지만 가족들이 간곡하게 요청해서…”라며 말을 잇지 못했다.   ◆‘구본무 미담’ 퍼나르는 네티즌  운구차는 서울 한남동에 있는 구 회장 자택을 잠시 들른 뒤 화장장이 있는 원지동 서울추모공원으로 향했다. LG그룹 관계자는 “유해는 화장한 뒤 수목장으로 모셨다”고만 전했다. 수목장은 화장한 뼛가루를 나무뿌리 주위에 묻는 자연친화적인 장례 방식이다. 한국의 과도한 장례 문화를 바꿔야 한다는 구 회장의 뜻을 따랐다.  구 회장의 유해는 경기 곤지암의 ‘화담숲’ 인근에 묻힌 것으로 알려졌다. 숲과 새를 사랑했던 구 회장이 수년에 걸쳐 조성한 생태수목원이 화담숲이다. 서울 여의도의 절반 규모인 130만㎡에 달한다. ‘정답게 이야기를 나눈다’는 뜻의 화담(和談)은 구 회장 아호다.  지난 사흘에걸친 구 회장의 장례가 우리 사회에 미친 울림은 컸다. 구 회장이 평생 거둔 경영성과에 못지않다는 얘기까지 나올 정도다. 인터넷엔 구 회장의 생전 선행과 미담 사례가 퍼지고 있다. 네티즌들은 ‘사람을 함부로 자르면 안 된다’ ‘약속 시간보다 항상 20분 먼저 나가야 한다’ 등 구 회장의 생전 소신을 전한 언론 보도를 소셜네트워크서비스(SNS)를 통해 퍼날랐다. ‘고(故) 구본무 회장’은 이날 네이버의 ‘뉴스 토픽’ 검색어 1위에 오르기도 했다.  한국의 장례 문화를 바꾸는 계기가 됐다는 분석도 있다. 구 회장 유족은 국가장이나 회사장이 아니라 조촐한 ‘가족장’을 선택했다. 대기업 오너가 수목장을 치른 건 처음이다. 남부럽지 않은 ‘오너 3세’로 태어났지만 특권의식을 지니지 않고 평생을 올곧게 보낸 삶의 궤적을 압축해서 보여줬다는 평가다.  좌동욱 기자 leftking@hankyung.com    기업의 환율관리 필수 아이템! 실시간 환율/금융서비스 한경Money [ 무료 주식 카톡방 ] 국내 최초, 카톡방 신청자수 38만명 돌파 < 업계 최대 카톡방 > --> 카톡방 입장하기!!     관련기사 ""정말 이례적인 일"" 망연자실한 신혼부부들 왜? '드루킹 앙숙' 김성태 - 김경수, 故 구본무 회장 한뜻으로 애도 '마지막까지 조용히'…故구본무 회장, 차분한 분위기 속 발인 돈방석앉은 연예인들…1인 방송 BJ 수입 어떻길래 ""셈하기도 어렵다"" 방탄소년단 경제적 가치가 무려    ⓒ 한국경제 & hankyung.com, 무단전재 및 재배포 금지"
303,5,"2018-05-22","17:41:00","[포토]김동연 부총리, '제6차 KOAFEC 장관급회의 공식 기념사진'","[이데일리 노진환 기자] 김동연(앞줄 오른쪽 네번째) 경제부총리 겸 기획재정부 장관이 22일 부산 벡스코에서 열린 제6차 KOAFEC 장관급회의에 참석해 각국 대표들과 자리를 함께하고 있다. (사진=기획재정부)  ▶계좌회복프로젝트! 상위 전문가의 투자전략 및 추천종목‘[무료확인]’ ▶14년 연속 1위,대한민국 대표 스탁론 하이스탁론 '    ' ＜ⓒ종합 경제정보 미디어 이데일리 - 무단전재 & 재배포 금지＞   "
303,6,"2018-05-22","17:40:50","aT, 킹스베리 등 수출유망품목 9개 선정","농림축산식품부와 한국농수산식품유통공사(aT)는 미래클 K-Food 프로젝트 품목 선정위원회를 통해 킹스베리 등 농가소득과 직결되는 신규 수출유망품목 9개를 선정해 지원한다고 22일 밝혔다.   이 프로젝트는 '뉴질랜드 키위'나 '노르웨이 연어'처럼 세계시장에서 경쟁력을 갖춘 대표 품목을 지원, 육성하기 위해 지난 2016년부터 추진된 수출유망품목 발굴사업이다.   새롭게 선정된 품목은 앉은뱅이밀, 푸른콩 등 100% 국산원료를 활용한 가공식품이다. 킹스베리 등 종자로열티를 내지 않는 국내개발 우수 품목과 청양고추분말, 작두콩차 등 국산원료를 100% 활용하고 특허기술을 적용해 차별성을 확보한 품목도 포함된다. 미래형 먹거리로 부상하고 있는 곤충식품 등도 대상이다. 이로써 미래클 K-Food 프로젝트 품목은 21개로 늘었다.   ssuccu@fnnews.com 김서연 기자    ▶'모멘텀 집중' 저가에서 매집해둬야 할 상반기 유망주 3선 (지금 확인)   [파이낸셜뉴스 주요뉴스]  → '공천갈등 진화' 나선 바른미래 지도부..살얼음판 여전 → 靑, 드루킹-'親文' 송인배 연루설에 '당혹'‥적극 해명 → 일주일 사이에 로또 1등 2번 당첨된 40대 남성 → 초등생 고속도 휴게소 방치 혐의 교사 벌금 800만원 → 심부전 위험 줄이려면, 일주일간 150분 운동하라  ▶ <긴급공개> 억대계좌 이종목에서 또 터진다!    ※ 저작권자 ⓒ 파이낸셜뉴스. 무단 전재-재배포 금지 "
303,7,"2018-05-22","17:40:35","부산 오페라하우스 10년만에 첫삽","건축물 시공·감리업체 선정 … 23일 공사 시작     부산의 랜드마크로 자리매김할 오페라하우스 건립 사업이 10년 만에 첫 삽을 뜨게 됐다.  부산시는2008년 5월 롯데그룹과 오페라하우스 건립 기부약정을 체결한 이후 10년 만에 건축물 시공업체와 감리업체를 선정하고 23일 공사에 들어간다고 22일 밝혔다.  부산오페라하우스는 북항재개발사업지 내 해양문화지구에 부지 2만9542㎡, 연면적 5만1617㎡, 지하 2층· 지상 5층 규모로 지어진다. 1800석의 대극장, 300석의 소극장, 전시실, 식음시설 등 동남권 최대규모의 전문공연장으로 건설된다. 오페라 공연에 적합한 말발굽 형태의 대극장은 오페라 외에 발레, 무용 등도 공연이 가능한 극공연 전문공연장으로 운영될 수 있도록 설계했다.  층별 주요시설로는 지하 1층은 주차장과 기계실, 지하 2층은 하부무대, 오케스트라 피트 및 리허설실, 분장실 등이 각각 들어선다. 지상 1층은 대극장 및 소극장 무대와 객석, 리허설실, 분장실, 매표소가 2층은 대·소극장 객석, 전시실, 연회실 등이, 3층은 대극장 객석, 장르별 리허설실, 식당이 각각 배치된다. 4층은 대극장 객석, 사무실 등 업무시설이, 5층은 옥상접근 동굴(야외공연장), 카페테리아, 옥상정원 등이 들어설 예정이다. 총 사업비는 롯데그룹 기부금 1000억원을 포함해 2500억원이 소요된다.   부산시는 앞서 국제설계공모를 통해 노르웨이 스노헤타사와 국내 일신설계가 공동으로 제출한 작품을 당선작으로 선정했다. 지난해 12월 기본 및 실시설계를 완료하고 조달청의 종합평가 심사과정을 거쳐 지난 18일 한진중공업을 시공자로 선정했다. 이날 공사에 들어가 4년 후인 2022년 5월 완공이 목표다.  부산시는 시공과정에서 설계사항이 정확하게 반영될 수 있도록 관리감독에 만전을 기해나갈 계획이다. 또 시설 완공 이후의 효율적인 운영을 위해 지난달부터 '부산오페라하우스 개관준비 및 관리운영 기본계획수립'을 위한 용역도 추진하고 있다. 원활한 사업비 확보를 위해선국비의 경우 총 280억원 확보를 목표로 기재부와 문체부에 내년예산 100억원을 반영해 줄 것을 건의하고 협의·요청하고 있다. 시비도내년부터는 공사 진도에 따라 적정예산(300억~500억원)을 투입할 계획이다.  bsk730@fnnews.com 권병석기자    ▶'모멘텀 집중' 저가에서매집해둬야 할 상반기 유망주 3선 (지금 확인)   [파이낸셜뉴스 주요뉴스]  → '공천갈등 진화' 나선 바른미래 지도부..살얼음판 여전 → 靑, 드루킹-'親文' 송인배 연루설에 '당혹'‥적극 해명 → 일주일 사이에 로또 1등 2번 당첨된 40대 남성 → 초등생 고속도 휴게소 방치 혐의 교사 벌금 800만원 → 심부전 위험 줄이려면, 일주일간 150분 운동하라  ▶ <긴급공개> 억대계좌 이종목에서 또 터진다!    ※ 저작권자 ⓒ 파이낸셜뉴스. 무단 전재-재배포 금지 "
304,1,"2018-05-22","17:36:06","美 대법원 ""고용주, 종업원 집단소송 저지 가능""","【 워싱턴=장도선 특파원】 미국 고용주들은 회사를 상대로하는 종업원들의 법률적 이의 제기와 관련, 종업원들과의 집단 소송을 진행하는 대신 개인 조정을 통해 문제를 해결할 수 있다고 미국 대법원이 21일(현지시간) 판결했다.   블룸버그통신은 대법관 개개인의 보수 진보 성향을 그대로 반영해 찬성 5 대 반대 4 한 표 차이로결정된 이번 대법원 판결은 미국 근로자들의 권리를 잠재적으로 제약할 가능성이 있다고 지적했다.   대법원은 이날 판결을 통해처음으로 고용주들과 근로자들이 체결한 조정 합의에 집단 소송을 금지하는 내용이 담겨 있더라도 고용주들은 그 합의를 집행할 수 있다고 밝혔다.   대법원 판결은 근로자들의 임금과 근무 시간을 둘러싼 분쟁은 물론 고용 차별 등 다른 이슈들에도 적용될 것으로 보인다.   종업원 집단 소송을 막을 수 있다는 의견을 밝힌 보수 성향 대법관들은 연방 노동법에 근로자들이 요구를 관철시키기 위해 힘을합칠 권리가 보장돼 있다는 조항을 받아들이지 않았다. 대법원은 이번 판결에 앞서 기업들이 소비자나 다른 기업들과의 분쟁 해결을 위해 집단 소송이 아닌 중재를 활용할 수 있다는 판결을 내린 바 있다.   jdsmh@fnnews.com    ▶'모멘텀 집중' 저가에서 매집해둬야 할 상반기 유망주 3선 (지금 확인)   [파이낸셜뉴스 주요뉴스]  → '공천갈등 진화' 나선 바른미래 지도부..살얼음판 여전 → 靑, 드루킹-'親文' 송인배 연루설에 '당혹'‥적극 해명 → 일주일 사이에 로또 1등 2번 당첨된 40대 남성 → 초등생 고속도 휴게소 방치 혐의 교사 벌금 800만원 → 심부전 위험 줄이려면, 일주일간 150분 운동하라  ▶ <긴급공개> 억대계좌 이종목에서 또 터진다!    ※ 저작권자 ⓒ 파이낸셜뉴스. 무단 전재-재배포 금지 "
304,2,"2018-05-22","17:35:59","[아하! 건강상식] '성인 질환의 대명사' 고혈압, 어린이는 걱정안해도 된다?","만성질환의 대명사인 고혈압은 ‘침묵의 질환’으로 불린다. 소리 없이 우리 몸 안에 숨어 있다가 각종 심혈관 질환과 성인병을 일으킨다. 건강한 식습관을 유지하고 규칙적으로 운동하는 것이 고혈압 예방의 최선이지만 최근에는 소아 고혈압 환자도 급증하고 있다.  서울아산병원 어린이병원에 따르면 국내 소아 고혈압 환자는 전체 소아의 3% 수준으로 늘었다. 소아 비만이 증가하면서 고혈압에 걸리는 소아 환자도증가한 것으로 풀이된다. 통상 만 1~18세 사이의 소아·청소년 중 혈압이 상위 5% 이내일 경우 소아 고혈압으로 진단한다.  소아 고혈압의 유형도 달라지고 있다. 과거에는 선천적으로 심장에 질환이 있는 어린이가 소아 고혈압 환자의 대다수를 차지했다. 하지만 최근에는 별다른 질환이 없어도 고혈압에 걸리는 비중이 늘고 있다. 나쁜 식습관이 소아 고혈압의 주범으로 꼽힌다. 특히 나트륨을 많이 섭취하는 소아는 그렇지 않은 아이보다 고혈압에 걸릴 확률이 세배에 달한다.  고혈압 가족력이 있다면 더욱 주의해야 한다. 유아에서 청소년으로 넘어가는 시기에 중증 고혈압으로 발전할 가능성이 높기 때문이다. 고혈압으로 인한 심혈관 질환은 주로 중년 이후에 발생하지만 동맥경화는 청소년기에도 발병할 수 있다.  소아 고혈압은 별다른 증상이 없어 다른 질환이 나타날 때까지 알아차리지 못하는 경우가 많다. 하지만 소아 시기부터 고혈압을 방치하면 성인이 돼서도 합병증에 걸릴 위험이 급속도로 높아진다. 이 때문에 미국은 만 3세부터 모든 소아의 혈압 측정을 의무화하고 있다. 소아 고혈압의 치료는 나이와 체중에 따라 체계적으로 접근해야 한다. 고혈압 치료제를 우선 복용하는 성인과 달리 식사요법이나 운동요법 같은 비약물 치료가 중요하다. 비만인 경우에는 체중을 감량하는 것이 무엇보다 중요하다.  소아 고혈압 환자는성인과 마찬가지로 생활습관에도 주의를 기울여야 한다. 여름철에 권장온도 이하로 에어컨을 튼다거나 냉수로 샤워를 자주 하면 혈관이 수축해 고혈압을 악화시킬 수 있다. 땀을 많이 흘리는 야외활동을 할 때는 목이 마르지 않더라도 수시로 물을 섭취하는 것이 좋다. 최근에는 수면시간이 고혈압 발병과 밀접한 관련이 있다는 연구결과도 나오고 있어 충분한 수면을 취하는 것도 고혈압 예방에 도움이 된다.  최진호서울아산병원 소아내분비대사과 교수는 “성장기 소아는 규칙적인 운동과 올바른 식습관이 중요한데 학교와 학원을 오가느라 불규칙한 생활습관을 갖는 경우가 많다”며 “소아 고혈압은 성인이 돼서 심각한 합병증을 유발할 수 있으므로 조기에 발견해 치료받는 것이 중요하다”고 말했다.  /이지성기자 engine@sedaily.com    ▶▶2018년 정부 정책 수혜주 TOP 10 大공개! (바로 확인)  ▶▶ 재료노출 임박한 상위1%의 극비정보 30명한정 공개(무료)    [ⓒ 서울경제, 무단 전재 및 재배포 금지]"
304,3,"2018-05-22","17:35:55","伊총리 후보에 정치신인 법학자… 허수아비 전락 우려","마타렐라 대통령 승인 보류 연정출범도 제동 시장 급락 과격한 공약 완화 가능성도        /자료=톰슨로이터·파이낸셜타임스    이탈리아 연정이 총리 후보를 지명했다. 올해 53세의 정치 경험이 없는 무명의 법대 교수이자 변호사인 쥬세페 콘테가 낙점됐다. 그러나 세르지오 마타렐라 대통령이 총리 승인을 보류하고 의회 지도자들을 만나기로 하면서 연정 출범에 일단 제동이 걸렸다. 이런 가운데, 투자자들의 이탈리아 탈출 흐름이 계속돼 연정의 과격한 정책들이 추가로 완화될 가능성도 점쳐졌다.  21일(이하 현지시간) 파이낸셜타임스(FT)에 따르면 루이지 디마이오 '오성운동' 당수와 마테오 살비니 '동맹' 당수가이날 각각 대통령궁을 방문해 이같이 밝혔다.  지난 3월 4일 총선 이후 석달 가까이 정부를 구성하지 못했던 이탈리아에 연정 구성이 본격화했음을 알리는 신호탄이었다.   그러나 첫단추부터 어긋나기 시작한 것으로 보인다.  마타렐라 대통령은 콘테총리 지명자를 즉각 승인하는 대신 상원과 하원 의장을 22일 대통령궁에 불러 영수회담을 열기로 했다. 마타렐라 대통령의 제동으로 오성운동과 동맹의 연정 조각과 파올로 젠틸로니 총리의 중도좌파 정부와 정권교체도 일단 멈추게 됐다.  총리 지명자 승인 보류는 그가 실권을 가질 수 있을지에 대한 의문, 포퓰리스트 정당간 연정이 들어섰을 때 나라를 제대로 꾸릴 수 있을지에 대한 불안감이 주된 바탕이 된 것으로 보인다. 오성운동의 디마이오는 마타렐라 대통령을 만난 뒤 콘테 총리 지명자가 실권없는 기술관료 역할만 맡을 것이라는 우려를 일축했다.  디마이오 당수는 ""쥬세페 콘테는 정치적인 정부의 정치적인 총리가 될 것""이라면서 ""그는 2개의 정치세력(오성운동과 동맹)이 선택했고, 투표로 뽑힌 두 정치세력의 지지를 받고 있다""고 강조했다.   당초 총리는 디마이오가 맡고 싶어했다. 3월 총선에서 33% 득표율로 37%를 얻은 동맹에 이어 2위를 기록한 오성운동의 선거전을 이끈 디마이오는 오랫동안 총리를 원했다. 그러나 살비니의 반대로 총리 자리를 제3의 인물에게 내준 것으로 보인다.  그래도 다마이오는 노동·경제 장관에 지명될 것으로 보여 오성운동의 핵심 선거공약인 월 780유로의 기본소득 프로그램을 실행에 옮길 수 있을 것으로 예상된다.  살비니 역시 내무장관에 취임할 것으로 보인다. 자신의 핵심 선거공약인 불법이민자 50만명 추방을 포함한 강도 높은 이민규제가 가능할 전망이다. 외교장관 후보로는 국영조선소 핀칸티에리 회장이자 외교관 출신인 지암피에로 마솔로가 유력하다.   재무장관 후보는 여전히 논의가 진행 중이지만 살비니 동맹 당수 핵심 측근인 지안카를로 지오르게티가 유력한 것으로 알려졌다.  막대한 재정적자를 몰고올 감세와 재정지출 확대가 예상되는 가운데 이를 통제할 총리는 실권없이 연정의 허수아비가 될 것이란 우려가 높아지면서 이탈리아 금융시장은 지난 주말에 이어 이날도 급락세를 탔다.  이탈리아 10년만기 국채 수익률은 이날 0.2%포인트 급등한 2.42%로 올랐고, 이때문에 안전자산인독일 10년물 국채 수익률과 수익률 격차(스프레드)는 지난해 6월 이후 최고치인 1.89%포인트로 벌어졌다. 이탈리아 10년물 국채 수익률은 지난 보름동안에만 0.64%포인트 뛰었다. 밀라노 증시의 FTSE MIB 지수는 2% 넘는 하락세로 출발해 장 후반 낙폭을 일부 만회하며 1.5% 하락한수준으로 장을 마쳤다.  핌코의 국가신용부문 애널리스트 니콜라 마이는 시장의 매도세가 지난주 정책 초안에서 양당의 반유로, 반유럽연합(EU) 정책들이 일부 후퇴하는 바탕이었다면서 시장은 앞으로도 연정의 주된 제약요건으로 작용하면서 연정이 EU와 심각히 각을 세우지 못하게 막을 것으로 예상했다.  그는 앞으로 시장이 한동안 출렁거리기는 하겠지만 현실 앞에서 연정은 EU와 시장이 우려하는과격한 공약들을 이행하는데 주저하게 될 것이라고 덧붙였다.    dympna@fnnews.com 송경재 기자, pjw@fnnews.com 박종원 기자  ▶'모멘텀 집중' 저가에서 매집해둬야 할 상반기 유망주 3선 (지금 확인)   [파이낸셜뉴스 주요뉴스]  → '공천갈등 진화' 나선 바른미래 지도부..살얼음판 여전 → 靑, 드루킹-'親文' 송인배 연루설에 '당혹'‥적극 해명 → 일주일 사이에 로또 1등 2번 당첨된 40대 남성 → 초등생 고속도 휴게소 방치 혐의 교사 벌금 800만원 → 심부전 위험 줄이려면, 일주일간 150분 운동하라  ▶ <긴급공개> 억대계좌 이종목에서 또 터진다!    ※ 저작권자 ⓒ 파이낸셜뉴스. 무단 전재-재배포 금지 "
304,4,"2018-05-22","17:35:42","터키 중앙銀 침묵에 리라 끝모를 추락…결국 IMF로 향하나","에르도안 리스크에 경제 난국 올들어 17% 폭락 '사상최저' 10년물 국채 수익률도 급등 미중 무역갈등 봉합 되면서 달러강세까지 덮쳐 '암울'       /자료=톰슨로이터·파이낸셜타임스   터키 리라가 또 다시 사상최저치를 경신했다. 미국과 중국간 무역갈등이 일단 봉합되면서 달러가 신흥시장 통화에 대해 강세를 나타낸 것이 주된 요인이지만 터키의 높은 부채, 경상수지 적자 등 국지적 요인이 더해져 리라 추락에 속도가 붙은 것으로 보인다.  게다가 터키 대통령이 중앙은행의 손발을 묶어두고 있어 시장을 충격에 빠뜨린 것도 배경으로 지목된다.  이 상태로 가면 아르헨티나처럼 국제통화기금(IMF)에 구제금융을 신청해야 할지도 모르는 상황에 맞닥뜨릴 가능성도 배제할 수 없게 됐다.  21일(현지시간) 파이낸셜타임스(FT)에 따르면 리라는 이날 미 달러에 대해 2% 넘게 급락해 달러당 4.90리라 수준으로 추락했다. 또 다시 사상최저치를 기록하며 신흥시장 통화 가운데 최대 낙폭을 기록했다.  리라는 올들어 달러에 대해 17%, 지난달 중순 이후에만 12% 넘게 하락했다.  시장의 국가신용도 척도인 국채 수익률은 급등했다. 기준물인 10년만기 터키 국채 수익률은 이날 14.65%에서 15.29%로 뛰었다.  투자자들이 국채를 팔아치우면서 가격과 반대로 움직이는 수익률이 급등했다. 장후반 매도세가 주춤하며 수익률은 14.96%로 상승폭을좁혔다. 주식시장만 소용돌이에서 벗어나 이스탄불 증시의 BIST100 지수가 지난주말보다 0.3% 상승했다.  미·중이 무역전쟁에 휴전하면서 달러가 상승한 것이 1차 원인이다. 이때문에 신흥시장 통화에 대한 시장분위기가 다시 어두워졌다.  그러나 이 가운데 특히 경상수지 적자, 높은 달러 부채, 정정불안, 높은 석유의존도 등의 약점을 갖고 있는 나라들에 어려움이 집중되고 있다.  터키는 4가지 약점 모두를 갖고 있다. 게다가 통화가치 급락 속에서도 중앙은행의 금리인상을 기대하기 어려운 상황이다.  레제프타이이프 에르도안 터키 대통령이 고금리를 원하지 않아 금리인상 카드가 사장됐다.  라보뱅크 신흥시장 담당 애널리스트 피요트르 마티스는 ""지속적인 리라 하락에도 불구하고 터키 중앙은행이 행동에 나서는 것을 여전히 꺼리고 있다는 것은 참으로 충격적인 일""이라면서 ""리라 하락은 인플레이션(물가상승)에 심각한 부정적 영향을 줄 뿐만 아니라 경착륙 위험도 높인다""고 우려했다.  그는 터키 가계는 소비지출을 줄이고, 기업들은 투자를 줄일 것이라면서 ""리라 약세에 따른 대외채무 부담 가중 역시 경제에 주된위험요인으로 작용하게 될 것""이라고 덧붙였다.  마티스는 리라 가치가 계속 추락함에 따라 터키 가계와 기업들이 리라 대신달러를 주고 받는 달러화에 속도가 붙을 것으로 예상했다.  이대로 가다간 IMF 구제 금융이 필요할지도 모른다는 예상도 나온다. L&G 인베스터매니지먼트의 사이먼 퀴하노-에번스는 터키 리라와 남아공 랜드의 주도로 신흥시장 환율이 다시 압박을 받는 점은 결코 놀랄만한 일이 아니라면서 이들은 단기 대외부채를 갚는데 쓰일 외환보유액이 가장 적은 나라들 가운데 하나고, 경상수지 적자 역시 수위를 달리고 있다고 지적했다.  그는 터키, 남아공과 함께 이들 항목 상위에 오른 우크라이나는 이미 IMF 구제금융을 받고 있고, 아르헨티나는 신청한 상태라고 덧붙였다.  한편 터키의 부채는 지난달에도 16% 가까이 급증한 것으로 나타났다. 터키 관영 아나돌루통신은 이날 터키 재무부 발표를 인용해 4월말 현재 터키 국가부채가 전년동월비 15.8% 증가한 9211억리라(약 218조원)를 기록했다고 보도했다.  이 가운데 약 40% 수준인 3681억리라가 외국환 표시 채무였다.    dympna@fnnews.com 송경재 기자  ▶'모멘텀 집중' 저가에서 매집해둬야 할 상반기 유망주 3선 (지금 확인)   [파이낸셜뉴스 주요뉴스]  → '공천갈등 진화' 나선 바른미래 지도부..살얼음판 여전 → 靑, 드루킹-'親文' 송인배 연루설에 '당혹'‥적극 해명 →  일주일 사이에 로또 1등 2번 당첨된 40대 남성 → 초등생 고속도 휴게소 방치 혐의 교사 벌금 800만원 → 심부전 위험 줄이려면, 일주일간 150분 운동하라  ▶ <긴급공개> 억대계좌 이종목에서 또 터진다!    ※ 저작권자 ⓒ 파이낸셜뉴스. 무단 전재-재배포 금지 "
304,5,"2018-05-22","17:35:23","음악 감상도 유튜브로… 멜론 앞질러","유튜브가 모바일 동영상 뿐 아니라 음악 감상 분야까지 영향력을 확대하고 있다.  22일 한국인터넷기업협회(인기협)가 발표한 '모바일 이용 행태 보고서'에 따르면 '모바일 서비스로 음악 감상 시 주로 어떤 앱을 이용하십니까'라는 질문(복수응답)에 가장 많은 이용자(1·2순위 합산)가 유튜브(75.4%)를 꼽았다.   다음으로는 멜론(47.4%), 네이버뮤직(28.0%), 지니뮤직[043610](15.7%), 애플뮤직(9.5%), 삼성뮤직(9.5%), 엠넷(7.4%), 벅스(6.4%) 등 순이었다.  앞서 유튜브는 국내 동영상 서비스 시장을 장악하며 모든 앱을 통틀어 '가장 오랜 시간 사용 하는 앱'의 자리에 오른 바 있다. 이번 조사에서도 유튜브(55.9%)는 동영상 시청시 가장 많이 쓰이는 앱으로 꼽혔다.  한편 국내 이용자들의 하루 평균 인터넷 사용 시간은 약 4시간 47분(287.5분)으로 집계됐다. 이번 조사는 전국 15~60세 남녀 1000명을 대상으로 지난 3월 23~4월17일 온라인으로 진행됐다. 인구 구성비와 인터넷 이용률을 고려해 비례 배분했다.   elikim@fnnews.com 김미희 기자    ▶'모멘텀 집중' 저가에서 매집해둬야 할상반기 유망주 3선 (지금 확인)   [파이낸셜뉴스 주요뉴스]  → '공천갈등 진화' 나선 바른미래 지도부..살얼음판 여전 → 靑, 드루킹-'親文' 송인배 연루설에 '당혹'‥적극 해명 → 일주일사이에 로또 1등 2번 당첨된 40대 남성 → 초등생 고속도 휴게소 방치 혐의 교사 벌금 800만원 → 심부전 위험줄이려면, 일주일간 150분 운동하라  ▶ <긴급공개> 억대계좌 이종목에서 또 터진다!    ※ 저작권자 ⓒ 파이낸셜뉴스. 무단 전재-재배포 금지 "
304,6,"2018-05-22","17:35:20","[단독] ""남북 모두 핵무기금지조약 가입…국제사회서 인증받아야""","""한반도의 비핵화를 위한 가장 좋은 시나리오는 남한과 북한이 모두 2017 핵무기금지조약(TPNW)에 서명하고 비준하는 것이다. 핵무기금지조약은 한반도의 신뢰할 수 있는 비핵화를 보장하는 법적 구속력 있는 수단이 될 것이다.""   지난달 남북정상회담에 이어 다음달 미·북정상회담을 앞두고 있는 가운데 핵무기를 반대하는 노벨 평화상 수상자들이 '한반도의 비핵화'를위해 한목소리를 냈다. 이들은 ""미·북정상회담에선 한국전쟁 종식이 합의돼야 한다""는 데 공감했다.   22일 매일경제는 2017년 노벨 평화상 수상단체 핵무기폐기국제운동(ICAN)의 가와사키 아키라 국제운영위원과 1985년 노벨 평화상 수상단체 핵전쟁방지국제의사회(IPPNW)의 틸먼 러프 공동대표를 서면으로 단독 인터뷰했다.   작년 말 한국을 방문해 비무장지대에서 민병철 선플재단 이사장, 최문순 강원도지사와 함께 '평창 평화 선언문'을 발표했던 러프 대표는 ""그때 분단된 한반도가 얼마나 강렬하게 평화를 갈망하고 있는지 알게 됐다""고 말했다.   이어 지난달 27일 개최된 남북정상회담에 대해 ""문재인 대통령과 김정은 국무위원장의 정상회담은 핵무기 없는 평화로운 한반도, 즉 통일과함께 공동번영을 이루고자 하는 거시적인 비전을 제시했다는 점에서 역사적인 의의가 있다""고 평가했다.   가와사키 위원도 남북정상회담에 대해 ""한국전쟁을 공식적으로 종식시키고자 하는 남한과 북한이 이를 분명하게 선언하고 한반도 비핵화를 약속한 점은 역사적인 성공""이라면서 ""이는 한반도에 남아 있던 냉전의 종식을 의미한다고 본다""고 말했다. 러프 대표와 가와사키 위원은 보다확실한 '한반도의 비핵화'를 위해서는 남한과 북한 모두 2017년 유엔이 채택한 '핵무기금지조약'에 가입해야 한다고 입을 모았다.   러프 대표는 ""전 세계가 주목해야 하는 최선의 길은 모든 국가가 '핵무기금지조약'에 가입하는 것""이라면서 ""이 조약은 현재 핵무기를 보유하고 있거나, 과거에 보유했거나, 자국 영토 내에 핵무기를 배치했거나, 한국처럼 핵무기 사용을 위한 군사적 대비를 하고 있는 모든 국가가 참여해야 한다""고 말했다.   가와사키 위원은 ""핵무기금지조약에 서명하고 비준하는 것은 한국이 핵무기를 배치하거나 개발하지 않고 미국이 북한에 핵무기를 사용하도록조장하거나 장려하지 않도록 함과 동시에, 국제사회 검증하에 북한의 모든 핵무기 및 관련 시설과 프로그램을 해체하도록 의무화할 수 있을것""이라고 강조했다.   다음달 12일로 예정된 미·북정상회담에 대해서는 두 수상자 모두 최근 급속히 냉각된 분위기에 우려를 표시하면서도 만일 성사된다면 '한반도의 비핵화'와 '한국전쟁 종식'이라는 문제가 반드시 논의돼야 한다는 공통된 지적을 내놨다.   러프 대표는 ""최근 한미 공동 연합훈련인 '맥스선더'를 핑계로 북한이 계획됐던 남북 고위급 회담을 갑자기 취소하고, 예정된 미·북정상회담 또한 원활히 진행될 수 있을지에 대한 의문이 제기됐다""면서 ""이는 이번 화합의 기회와 대화가 얼마나 쉽게 중단되거나 반전될 수 있는지를명백히 보여주는 것""이라고 분석했다.   또 ""북한과의 합의를 모색하고 있는 시점에서 도널드 트럼프 미국 대통령이 '파리기후변화협약'과 이란의 핵 활동을 효과적으로 억제하고 있던 '이란 핵 협정'을 탈퇴하기로 한 것도 우려되는 상황"" 이라고 말했다.   러프 대표는 미·북정상회담의 성공을 위해서는 ""회담이 조건 없이 이뤄지는 것이 중요하다""면서 ""양측은 진지하게 약속을 지킬 필요가 있다""고 말했다.   이어 ""한반도 비핵화가 이뤄진다면 이는 역사적인 성취가 될 것""이라며 ""더군다나 그것이 전 세계 모든 핵무기를 제거하는 데 기여한다면 그중요성은 이루 말로 표현할 수 없다""고 덧붙였다.   가와사키 위원은 미·북정상회담에서 ""한국전쟁 종식, 평화 체제 수립, 외교 관계 정상화(안보 보장 포함), 역사 문제 및 인도적 문제 해결, 그리고 한반도 비핵화와 같은 사안들이 합의돼야 한다""며 ""두 지도자는 일반 원칙적 합의에 도달할 수 있어야 하며 아직 해결되지 못한 사안들에 대한 구체적인 로드맵을 형성해야 한다""고 말했다.   끝으로 가와사키 위원은 ""우리는 김정은 위원장과 트럼프 대통령을 비롯한 지도자들에게 핵무기가 모든 인본주의에 대한 위협이며 핵 전쟁은결코 일어나서는 안 된다는 것을 경고해야 한다""면서 ""핵무기는 국제경기의 도구가 아니다. 모든 인류를 인질로 잡고 있다. 이런 외침을 하는 사람들의 목소리가 세계 지도자들을 설득하는 데 결정적인 역할을 해야 한다""고 강조했다.   ■ IPPNW·ICAN은 어떤 단체?   IPPNW(International Physicians for the Prevention of Nuclear War)는 핵전쟁 위험을 줄이기 위해 설립된 국제 의학전문가 단체다. 1980년12월 스위스 제네바에서 미국의 세계적인 심장병 전문의 버나드 라운 박사와 소련심장학회 회장을 역임한 예브게니 차조프 박사 등 6명이 설립했다. 미국 보스턴에 본부를 두고 있으며 1985년에는 반핵(反核) 의식을 높이는 데 기여한 공로로 노벨 평화상을 받았다. 이 기구는 미국과 소련의 대표적인 의학자들이 창립한 데다 동서양 진영 전문가들이 두루 참여해 활동한다는 점에서 주목을 받았다.   ICAN(International Campaign to Abolish Nuclear Weapons)은 핵무기금지조약 준수와 완전한 이행을 위해 결성된 비정부기구(NGO)다. IPPNW가 제안해 2007년 오스트리아 빈에서 공식 출범했다. 전 세계 101개국 468개 협력 기관으로 구성됐으며, 제네바에 본부를 두고 있다. ICAN은 2017년 7월 핵무기 전면 폐기를 골자로 한 '핵무기금지조약'이 채택되는 데 중요한 역할을 한 공로를 인정받아 2017년 노벨 평화상을 수상했다.    [김효혜 기자]      ☞ 5月 반드시 주목해야될 종목!! ☞ 5月 큰 수익 원한다면, 이 종목부터 빨리 매수해라!!! ☞ 지금 100만원 있다면, 이 종목부터 사라! ☞ ""세계최초 신약개발"" 드디어 올것이 왔다! 주목해라!!      [ⓒ 매일경제 & mk.co.kr, 무단전재 및 재배포 금지]"
304,7,"2018-05-22","17:35:11","""유료방송, 넷플릭스와 경쟁하려면 AI 콘텐츠 추천 서비스 강화해야""","'악마는 기술 디테일에 있다.' 인터넷TV(IPTV)와 모바일동영상(OTT) 등 유료방송업계가 머신러닝(기계학습) 같은 인공지능(AI)과 빅데이터 기술 경쟁력을 높여야 한다는 조언이 나왔다. 구글(유튜브),넷플릭스 등 글로벌 미디어 공룡과 정면승부를 벌이기 위해서는 AI 알고리즘을 통해 미디어 콘텐츠 추천기능을 강화해야 한다는 지적이다.  22일 KT경제경영연구소 등 관련 업계에 따르면 '넷플릭스 양자이론'이 미디어 시장 생존전략으로 떠오르고 있다. '하우스 오브 카드'처럼 자체 제작 프로그램을 독점 공급하는 것을 넘어 각각의 장르를 약 7만6000여 개로 세분화해 시청자 취향에 맞춰 추천하는 기술이 넷플릭스의 핵심DNA란 것이다.   일례로 넷플릭스는 미디어 장르 구분을 △기분 좋고 △시각적으로 인상적인 △호주·뉴질랜드배경의 △재회 연인에 대한 △20~30대 여성 타깃으로 한 △소설 원작 △공상과학영화 등으로 구체화하고 있다. 시청자 구분 역시 개인정보가아닌 미디어 취향 기반 그룹으로 묶고 있다.   그 결과 전 세계 190여 개국 1억 2500만 명의 넷플릭스 회원 중 94%가 높은 서비스만족도를 기반으로 지인에게 해당 콘텐츠들을 추천하고 있는 것으로 나타났다.   앞서 IBM도 AI 플랫폼 '왓슨'을 활용해 세계적 지식강연 시리즈 '테드(TED)' 영상 중 이용자의 관심사나 검색어에 따라 해당 미디어를 추천해주고 있다. 즉 이용자가 '행복'과 '자기계발' 등을 검색하면 수많은 테드 강연 중 관련 메시지를 담고 있는 영상만 AI가 찾아내 보여주는 것이다.   이와 관련 SK텔레콤도 자회사SK브로드밴드와 알고리즘 경진대회 'T&B코드 챌린지'를 개최, 1차로 선정된 30개팀이 오는 7월 27일까지 알고리즘을 개발토록 지원 중이다.   SK브로드밴드 IPTV 'Btv'와 OTT 서비스 '옥수수'의 실제 이용 데이터를 비식별화해 추천 알고리즘을 짜는 게 핵심이다.   글로벌 시장조사업체 가트너는 ""OTT 기반 VOD 서비스가 시장을 견인하면서 기존 유료방송사업자들의 VOD 성장은 정체되거나 마이너스로 전환될 것""이라며 ""프리미엄 콘텐츠를 강화하는 동시에 AI 기반 콘텐츠 추천 등 이용자 경험을 향상시켜야 가입자 기반을 유지할 수 있다""고 강조했다.   elikim@fnnews.com 김미희 기자    ▶'모멘텀 집중' 저가에서 매집해둬야 할 상반기 유망주 3선 (지금 확인)   [파이낸셜뉴스 주요뉴스]  → '공천갈등 진화' 나선 바른미래 지도부..살얼음판 여전 → 靑, 드루킹-'親文' 송인배 연루설에 '당혹'‥적극 해명 → 일주일 사이에 로또 1등 2번당첨된 40대 남성 → 초등생 고속도 휴게소 방치 혐의 교사 벌금 800만원 → 심부전 위험 줄이려면, 일주일간 150분 운동하라  ▶ <긴급공개> 억대계좌 이종목에서 또 터진다!    ※ 저작권자 ⓒ 파이낸셜뉴스.무단 전재-재배포 금지 "
305,1,"2018-05-22","17:31:31","*파운드, BOE 위원 발언에 0.37%↑…1.34750달러","(끝)  <저작권자(C)연합인포맥스뉴스. 무단 전재-재배포 금지.>"
305,2,"2018-05-22","17:30:32","정의용 “北 이해하려 고민""... 비핵화 기준 낮추나","도널드 트럼프 미국 대통령이 북한을 달래기 위해 리비아식이 아닌 트럼프식 비핵화라며 한 발 물러선 가운데 청와대에서도 북한 입장을 이해할 필요가 있다는 목소리가 나왔다. 백악관에 이어 청와대에서도 이 같은 분위기가 감지되면서 한반도 비핵화가 당초 계획보다 크게 후퇴할수 있다는 우려의 목소리가 커지고 있다.   정의용 청와대 국가안보실장은 지난 21일 최근 북한이 한미를 동시에 비난하고 나선 상황에 대해 “북한 측 입장에서 우리가 좀 이해하는 방향으로 고민하고 있다”고 밝혔다. ‘5·22 워싱턴 한미 정상회담’ 수행차 21일 방미행 대통령 전용기에 오른 정 실장은 기내에서 기자들에게 이같이 설명했다. 그는 “한미는 모든 정보를 공유하는 등 긴밀히 공조하고 있다”며 “북한이 우리가 원하는 방향으로 나오도록 어떻게 협력하고 어떤 것을 어떻게 해줘야 하는지 다양한 논의가 실무 차원에서 있었다”고 말했다.   정 실장의 발언은 북미 정상회담을 앞두고 한미 공조에는 문제가 없지만 북한의 태도 돌변으로 한미 모두 해법 찾기에 난항을 겪고있음을 시사한 것으로 풀이된다. 특히 비핵화 로드맵 협상에 있어 북한 측의 입장이 더 많이 반영될 수 있음을 의미하는 발언으로 해석된다. 예를 들면 북미 정상회담에서 북한이 비핵화를 포괄적으로 선언하면 미국이 이에 대한 보상 격인 체제 보장과 경제지원을 앞당겨 실행해주는식이다. 하지만 북한의 비핵화가 ‘완전하고 검증 가능하며 되돌릴 수 없는 비핵화(CVID)’보다 수위가 크게 낮은 ‘미사일 폐기, 핵 감축’정도에 머물고 보상은 단계적이 아니라 전면적으로 진행될 경우 한반도에 완전한 평화를 정착시키는 길은 요원해질 수밖에 없다.  북한의 완전한 비핵화를 위해 국제사회의 엄정한 사찰·검증이 필요하다는 목소리도 높지만 이와 관련된 이행도 불투명해지는 분위기다. 미 자유아시아방송(RFA)에 따르면 23~25일로 예정된 북한 풍계리 핵실험장 폐기 행사에 유엔 산하 포괄적핵실험금지조약기구(CTBTO)를 포함해 어떤국제기구도 초청받지 못했다. /워싱턴=민병권기자 정영현기자 yhchung@sedaily.com    ▶▶ 2018년 정부 정책 수혜주 TOP 10 大공개! (바로 확인)  ▶▶ 재료노출 임박한 상위1%의 극비정보 30명한정 공개(무료)    [ⓒ 서울경제, 무단 전재 및 재배포 금지]"
305,3,"2018-05-22","17:30:22","극심한 구직난에...'취업학원' 가는 고교생","서울의 한 특성화고에 다니며 ‘공기업 고졸 채용’을 준비하고 있는 김모(18)군은 최근 울며 겨자 먹기로 80만원의 비용을 지불하고 자기소개서 컨설팅 및 면접학원에 등록했다. 지난해 공기업 입사에 성공한 선배가 “요즘 공기업 들어가기가 ‘하늘의 별 따기’인 거 잘 알지 않느냐”며 “함께 입사한 동기들 중 취업 사교육을 안 받은 사람은 거의 없다”고 조언했기 때문이다.  양질의 일자리 부족으로 말미암은 극심한 구직난과 블라인드 채용 확대에 따른 구직자의 불안감 고조 등이 맞물려 취업 사교육 시장이 급팽창하고 있다. 과거 주로 대학생 및 대학 졸업예정자, 대졸자였던 취업 사교육 시장의 소비자가 고등학생 및 고교 졸업예정자로 확대되고 있는 모습이다. 이제는 고졸 채용 준비를할 때조차도 취업 사교육이 선택이 아닌 필수가 됐다는 푸념이 흘러나온다.  22일 통계청에 따르면 지난해 우리나라 고등학생의 취업관련 사교육비는 1,197억원으로 전년(816억원) 대비 무려 381억원(46.7%) 증가했다. 최근 수년간으로 시계열을 넓혀봐도 지난 2013년 418억원, 2014년 516억원, 2015년 669억원 등 증가세는 뚜렷한 양상이다.  취업 사교육 시장의 급격한 팽창은 학생·학부모들의 전언, 사교육관련 통계뿐 아니라 인터넷상에서도 쉽게 확인할 수 있다. 네이버 등 인터넷 검색창에 고졸 채용을 쳐보면 학생모집 광고를 하고 있는 사교육 업체들의 수를 일일이 헤아리기 힘들 정도다.  이처럼 취업 사교육 시장이 부풀어 오른 데는 우선 ‘괜찮은’ 일자리의 부족과 극심한 구직난이 영향을 미친 것으로 분석된다. 대구의 한 특성화고 교사는 “내가 학교를 다닐 때만 해도 ‘대구공고’를 나오면 중소기업은 물론대기업도 골라갈 수 있었다”며 “하지만 지금은 세상이 완전히 바뀌었다”고 분위기를 전했다. 일자리 공급이 늘어난 수요를 따라가지 못하면서 취업 자체가 힘들어졌다는 얘기다.  블라인드 채용이 확대되면서 학생과 학부모들의 불안감이 커진 것도 취업 사교육 시장을 키우는 데 일조하고 있다는 지적이다. 고교 3학년 학생을 자녀로 둔 한 학부모는 “채용 과정에서 아이가 어떻게 자신을 어필해야 할지 막연한 게 사실”이라며 “결국 자소서와 면접이 성패를 좌우한다고들 하는데 그런 상황에서 아이와 학교 교사에게만 그것을 맡기기가 못 미덥다”고말했다.  대학생 취업 사교육 시장은 이미 팽창할 대로 팽창한 상태다. 취업 사교육 한 번쯤 안 받아본 사람이 없을 정도다. 취업 포털 잡코리아가 올해 초 취업준비생 1,459명을 대상으로 실시한 설문조사 결과에 따르면 구직자는 취업준비비용으로 월평균 27만원 정도를 지불하는 것으로 나타났다. 이 가운데 상당 부분이 취업 사교육 업체로 흘러들어가고 있다는 설명이다. /임지훈기자 jhlim@sedaily.com    ▶▶ 2018년 정부 정책 수혜주 TOP 10 大공개! (바로 확인)  ▶▶ 재료노출 임박한 상위1%의 극비정보 30명한정 공개(무료)    [ⓒ 서울경제, 무단 전재 및 재배포 금지]"
305,4,"2018-05-22","17:30:06","'브라질넛트의 힘' 프리미엄 견과류 매출 264%↑","프리미엄 견과류 시장이 급성장하면서 견과류 시장의 매출 상승을 견인하고 있는 것으로 나타났다.  롯데슈퍼는 22일 이번 달 매출트렌드를 분석한 결과 아몬드, 호두 등 견과류 매출이 지난해 같은 기간보다 110.5% 증가했다고 밝혔다. 특히 브라질넛트, 사차인치 등 프리미엄 견과류의 매출 증가율은 264%에 달했다.   이에 따라 전체 견과류 내에서 프리미엄 견과류의 매출 구성비는 22.3%에서 59.0%로크게 높아졌다. 롯데슈퍼는 고령화와 1인 가구 증가에 따라 건강 간식의 대표류인 견과류에 대한 관심이 높아진 것으로 분석했다. 프리미엄견과류는 칼슘과 마그네슘, 필수 아미노산과 미네랄이 풍부한 ‘슈퍼푸드’로 주목받으며 인기를 끌고 있다고 덧붙였다.  한편 롯데슈퍼는 사차인치와 카카오닙스, 브라질넛트 등 프리미엄 견과류 신상품과 휴대용 소포장 상품 출시를 확대할 계획이다./박준호기자 violator@sedaily.com    ▶▶ 2018년 정부 정책 수혜주 TOP 10 大공개! (바로 확인)  ▶▶ 재료노출 임박한 상위1%의 극비정보 30명한정공개(무료)    [ⓒ 서울경제, 무단 전재 및 재배포 금지]"
305,5,"2018-05-22","17:30:01","<경제지표> 영국 공공부문 순차입 6.23B","<경제지표> 영국 공공부문 순차입 6.23B      [경제지표] 2018/05/22 17:30        (끝)  <저작권자(c)연합인포맥스. 무단 전재-재배포 금지.>"
305,6,"2018-05-22","17:30:01","<경제지표> 영국 공공부문 순현금요구 -9.710B","<경제지표> 영국 공공부문 순현금요구 -9.710B      [경제지표] 2018/05/22 17:30        (끝)  <저작권자(c)연합인포맥스. 무단 전재-재배포 금지.>"
305,7,"2018-05-22","17:30:00","[사설]합병주총 하나 제대로 못여는 한국 대기업의 현실","현대자동차그룹이 의욕적으로 추진해온 현대모비스와 현대글로비스 간 분할합병이 결국 연기되는 사태를 빚고 말았다. 현대차그룹은 현대모비스의 모듈·AS부품사업을 분할해 현대글로비스와 합병하는 안건을 올리기로 했던 임시 주주총회를 21일 취소했다. 미래 성장동력 확보 차원에서 이뤄졌던 지배구조 개편에도 제동이 걸린 셈이다.  합병 주총이 무산된 것은 회사 설명대로 “주주 및 시장과의 소통이 부족한 탓”이 크다고 봐야 한다. ISS와 글래스루이스 등 국내외 자문기구들이 합병비율을 문제 삼아 잇따라 반대의견을 냈기 때문이다. 하지만 사태의 발단이 기업사냥꾼인 헤지펀드 엘리엇으로부터 촉발됐다는 점에서 뒷맛이 개운치 않은 것도 사실이다. 장기적 기업가치보다 배당금부터 챙겨야 한다는 외국계 펀드의 공세에 따른 후폭풍이 만만찮을 것이라는 관측까지 벌써 나오고 있다.  이렇게 된 데 대해 정부도 책임에서 자유로울 수 없다. 규제당국은 그동안 시한은 물론 구체적 해법까지 못 박아 대기업 지배구조 개편을 몰아붙였다. 현대차로서는 일종의 가이드라인으로 제시된 순환출자 해소와 금산분리를 지키며 미래 투자동력을 확보하느라 선택의 폭이 제한될 수밖에 없었다. 그런데도 사실상 국부펀드인 국민연금은 책임 회피에만 급급한 모습으로 일관했으니 우호지분이 31%에 불과한 현대차로서는 백기를 들 수밖에 없었을 것이다. 정부와 외국계 펀드의 상반된 요구에 휘둘려 합병 주총조차 제대로 열지 못하는 국내 대기업의 답답한 현실을 단적으로 보여주는 사례가 아닐수 없다.   전문가들은 기업 지배구조에 정답은 있을 수 없다고 충고한다. 개별기업의 여건이나 경제적 상황 등을 따져 자율적으로선택해야 경제 활력을 유지할 수 있다는 것이다. 그러잖아도 대주주 지분율이 낮아지는 상황에서 적절한 경영권 보호장치가 없다면 언제든 외부 입김에 휘둘릴 수 있다는 우려가 높다. 기업이든 정부든 이번에 교훈을 얻지 못한다면 더 큰 화를 자초할 수 있다는 사실을 명심해야 한다.     ▶▶ 2018년 정부 정책 수혜주 TOP 10 大공개! (바로 확인)  ▶▶ 재료노출 임박한 상위1%의 극비정보 30명한정 공개(무료)    [ⓒ 서울경제, 무단 전재 및 재배포 금지]"
306,1,"2018-05-22","17:26:05","기아차 내달 14일 한국여자오픈 골프대회 개최","기아자동차가 대한골프협회와 함께 오는 6월14~17일 인천 베어즈베스트 청라 골프클럽에서 ‘기아자동차 제32회 한국여자오픈 골프선수권대회’를 개최한다. 총상금 10억원이 걸린 이번 대회에서는 지난 2016년 리우올림픽 금메달리스트이자 현 세계 랭킹 1위인 박인비 선수와 지난해 우승자 김지현 선수 등 총 144명의 선수가 참가한다. 특히 올해는 처음으로 공식 예선전을 치러 본선 참가자격을 충족하지 못하는 프로·아마추어 선수들에게 출전 기회를 제공했다. 오픈 대회로서의 위상과 대회의 공정성을 높이기 위해서다.    ▶▶ 2018년 정부 정책 수혜주 TOP 10 大공개! (바로 확인)  ▶▶ 재료노출 임박한 상위1%의 극비정보 30명한정 공개(무료)    [ⓒ 서울경제, 무단 전재 및 재배포 금지]"
306,2,"2018-05-22","17:26:03","송파을 출마 선언한 배현진, 근황 보니…선거 유세 돌입","배현진 자유한국당송파을 재선거 후보가 선거 운동 중인 근황을 공개했다.  최근 배현진은 자신의 인스타그램에 “송파를 건강하게 만드는 힘! 축구회, 배드민턴회 여러분과 함께 했습니다. 열정이 가득한 건강한 송파 배현진이 응원합니다!”라는 글과 함께 사진을 게재했다. 공개된 사진 속 배현진은 미소를 지으며 시민들에게 악수를 건네고 있다.  배현진은 지난달 6·13 국회의원 보궐선거 예비후보에 공식 출마를 선언했다. 배현진 ""새로운 정치마이크를 잡고 우리의 자유를 지키고 넓히기 위해 싸우겠다""는 포부를 밝혔다.   배현진은 2008년 11월 MBC 아나운서국 아나운서로 입사했다. 올해 나이 36세인 그는 10년간의 아나운서 활동을 마치고 정계에 입문했다.   한경닷컴 뉴스룸 open@hankyung.com     관련기사 배현진, 송파을 출마선언… ""자유 지키기 위해 싸우겠다"" 배현진 송파을 출마선언 ""경력 부풀리기 의혹 죄송"" vs 민주당 ""MBC 입사 검증해야"" 홍준표 ""배현진 데려오기 위해 네 번 설득…보니까 속이 꽉 차"" 선관위, 수상경력 부풀린 배현진에 서면경고 선관위, 수상경력 부풀린 배현진에 서면경고    ⓒ 한국경제 & hankyung.com, 무단전재및 재배포 금지"
306,3,"2018-05-22","17:26:02","수만명 몰린 곡성장미축제","22일 전남 곡성군섬진강기차마을 곡성세계장미축제 현장에 수만명의 관광객이 몰려 북적거리고 있다. 축제장을 하늘에서 찍은 모습이다. /곡성=연합뉴스    ▶▶ 2018년 정부 정책 수혜주 TOP 10 大공개! (바로확인)  ▶▶ 재료노출 임박한 상위1%의 극비정보 30명한정 공개(무료)    [ⓒ 서울경제, 무단 전재 및 재배포 금지]"
306,4,"2018-05-22","17:26:00","구본무 회장, 수목장 선택..소박한 장례식 후 자연으로","- 구본무, 생전 ""장례문화 개선해야"" 의지 - 친환경 장묘방식..재벌 총수 가운데 처음      고(故) 구본무 LG 회장이 직접 경기도 광주시에 조성한 ‘화담숲’. 사진=LG상록재단[이데일리 김겨레 기자] 고(故)구본무 LG(003550) 회장은 생전 매장 중심의 우리나라 장묘문화를 바꿔야 한다는 생각을 가지고 있었다고 알려졌다. 그는 재벌 총수 가운데 처음으로 ‘수목장’을 택했다.   고인은 평소 “매장 위주의 장묘문화로 전 국토가 산 사람이아닌 죽은 사람의 땅으로 변질하고 있다”며 “전국 명당이라는 곳마다 산소가 만들어져 안타깝다”고 말한 것으로 전해진다.   수목장(수목형 자연장)은 친환경 장묘 방식이다. 골분을 나무 밑이나 주변에 묻는 방식이다. 지면으로부터 30㎝ 깊이로 흙을 판 뒤 자연 분해되는용기에 골분을 담아 묻고 자작나무나 참나무 등을 심는다. 봉분이나 비석, 상석도 놓지 않는다.   재계에서는 구 회장의 장지를 구인회 회장이 묻혀있는 부산 선영으로 예상하기도 했다. LG가(家)의 유교적 가풍 때문이다.  하지만 구 회장은 자신이 직접 조성한 경기도광주 곤지암 근처의 화담숲 인근으로 돌아갔다. ‘정답게 이야기를 나눈다’는 뜻의 ‘화담’은 구 회장의 아호이기도 하다.  구 회장은 생전 숲을 가꾸는데 많은 정성을 쏟는 등 자연 환경 보호에 관심이 많았다. 그가 1995년 회장으로 취임한 뒤 1997년 설립한 ‘LG상록재단’도 자연 보호를 위해 활동했다.   아울러 상록재단은 1998년부터 한국 장묘문화 개혁을 목표로 내세운 단체를 지원하고, 각종 사업이나 캠페인을 후원했다. 구 회장은 이때 고건 국무총리 등과 함께 사후 화장 서약도 했다.   국내 대기업 총수 장례가 수목장으로 치러지는 것은 전례 없는 일이어서 장묘문화에도 영향을 끼칠 것으로 예상된다.   LG관계자는 “고인의 뜻에 따라 유해를 매장하지 않고 화장하기로 결정했다”고 말했다.  ▶계좌회복프로젝트! 상위 전문가의 투자전략 및 추천종목‘[무료확인]’ ▶14년 연속 1위, 대한민국대표 스탁론 하이스탁론 '    ' ＜ⓒ종합 경제정보 미디어 이데일리 - 무단전재 & 재배포 금지＞   "
306,5,"2018-05-22","17:26:00","구본무 LG회장, 마지막 가는 길..'눈물의 배웅' (종합)","- 범LG家 100여명 지켜보는 가운데 발인 - 이헌재 전 부총리, 비공개 발인제서 추도사      [이데일리 노진환 기자] 22일 오전 서울 종로구 연건동에서 열린 고(故) 구본무 LG 회장의 발인식에서 유가족과 관계자들이 고인의 운구차량을 향해 마지막 인사를 하고 있다. 사진공동취재단[이데일리 김겨레 기자]범 LG가(家)식구들이 깊은 슬픔 속에 구본무 LG 회장을 떠나보냈다.   22일 오전 서울 종로구 서울대병원 장례식장에서 유족과 친지, LG 부회장단 6명, 전·현직 LG 임직원 등 100여명이 참석한 가운데 고(故)구본무 회장의 발인식이 진행됐다.   비공개로 지낸 발인제에서는 이헌재 전 경제부총리가 추도사를 낭독하며 고인의 넋을 기렸다.   발인제 후에는 맏사위인 윤관 블루런벤처스 대표가 인자하게웃고 있는 고(故)구본무 회장의 영정사진은 양손으로 가슴에 받쳐 들고 1층으로 천천히 걸어 나왔다. 이어 장남인 구광모 LG전자 상무가 양손을 모은채 침통한 표정으로 그의 뒤를 따랐다.   관을 든 6명은 생전 고인을 지근거리에서 챙겼던 전직 비서와 LG 임원이었다. 동생인구본능 희성그룹 회장과 구본준 LG 부회장, 구본식 희성그룹 부회장도 고개를 떨구고 상여 뒤를 따라왔다.   고인이 운구차로 옮겨지자, 울음을 참느라 얼굴이 붉어진 구본능 회장은 끝내 눈물을 흘렸다. 장의차의 문이 닫히자 구광모 상무도 애써 눈물을 참으며 아버지에게 마지막 인사를 올렸다.   구본준 부회장과 범 LG가(家) 식구들과 전·현직 LG직원들도 눈물로 다시 볼 수 없는 고인을 보냈다. 상주인 구 상무와 사위 윤 대표가 탄 운구차량은 오전 8시30분께 천천히 장례식장 밖으로 빠져나갔다. 구본능 회장과 구본준 부회장 등은 다른 차에몸을 실어 운구차를 쫓아갔다.   발인식장에 남은 유족들은 운구차가 떠난 뒤에도 한참 동안 자리를 뜨지 못했다. 큰 소리를 내는 사람은 없었지만 연신 눈물을 훔쳐내는 이들이 여럿 보였다.   비공개 가족장으로 간소하게 장례를 치르기로 한 만큼, 발인에 참석한 사람   들은 대부분 유족들이었다. 다만 구 회장과 생전에 인연이 깊었던 박삼구 금호아시아나그룹 회장과 조현준 효성그룹 회장, 허창수 GS그룹 회장과 구자열 LS그룹 회장 등은 고인을 떠나보내는 자리에 함께 했다.   이희범 전 산업자원부 장관, 이상철 전 정보통신부 장관 등도구 회장을 배웅했다. 운구차는 서울 여의도 LG 본사를 들르지 않고 바로 서울추모공원으로 향했다.  ▶계좌회복프로젝트! 상위 전문가의 투자전략 및 추천종목‘[무료확인]’ ▶14년 연속 1위, 대한민국 대표 스탁론 하이스탁론 '    ' ＜ⓒ종합 경제정보미디어 이데일리 - 무단전재 & 재배포 금지＞   "
306,6,"2018-05-22","17:25:55","하늘에서 식칼이 뚝…무서워서 아파트길 걸어다니겠나","충청남도 천안시 한 아파트 단지에서 식칼이 떨어져 경찰이 수사에 나섰다. 최근 경기도 평택시 한 아파트에서 아령이 떨어져 주민이 다치는사고가 발생했기 때문에 이번 사건 원인 등에 관심이 모아진다. 22일 천안서북경찰서에 따르면 지난 20일 천안시 서북구 한 아파트 단지에 30㎝ 길이 식칼이 떨어졌다. 다행히 칼이 떨어지는 지점에 사람이 없어 피해자는 발생하지 않았다. 칼이 떨어진 곳 주변 의자에 앉아 있던 아파트 주민이 이를 보고 경찰에 신고했다. 이 주민은 떨어진 칼을 발견한 뒤 아파트 위를 올려다보니 누군가 창문을 닫았다고 경찰에 진술한 것으로 알려졌다. 칼에서 지문은 나오지 않았다.   이에 따라 경찰은 이 칼을 국립과학수사연구원에 보내 유전자(DNA) 감식을 의뢰했고, 주변 폐쇄회로(CC)TV 확인과 탐문수사를 통해 칼을 떨어뜨린 사람을 수사하고 있다. 경찰 관계자는 ""칼자루에서 DNA가 검출됐다""며 ""CCTV를 분석하고 탐문조사를 통해서 칼을 떨어뜨린 사람을 찾지못하면 입주민 동의를 받아 DNA 분석 결과를 일일이 비교할 방침""이라고 말했다.    [천안 = 조한필 기자]      ☞ 5月 반드시 주목해야될 종목!! ☞ 5月 큰 수익 원한다면, 이 종목부터 빨리 매수해라!!! ☞ 지금 100만원 있다면, 이 종목부터 사라! ☞ ""세계최초 신약개발"" 드디어 올것이 왔다! 주목해라!!      [ⓒ 매일경제 & mk.co.kr, 무단전재 및 재배포 금지]"
306,7,"2018-05-22","17:25:51","佛心을 모아...","부처님오신날인 22일 서울 종로구 조계사에서 열린 봉축법요식 행사에 참석한 한 가족이 탄생불 형상에 물을 부어 씻는 관불 의식을 진행하고 있다. /권욱기자    ▶▶ 2018년 정부 정책 수혜주 TOP 10 大공개! (바로확인)  ▶▶ 재료노출 임박한 상위1%의 극비정보 30명한정 공개(무료)    [ⓒ 서울경제, 무단 전재 및 재배포 금지]"
307,1,"2018-05-22","17:22:20","中 자동차 수입 관세 15%로 인하","中 자동차 수입 관세 15%로 인하       (서울=연합인포맥스) 한종화 기자 = 중국이 자동차 수입 관세를 15%로 인하한다고 발표했다.      중국 재정부는 22일 관세 항목에 따라 25% 또는 20%였던 기존 자동차 수입 관세를 15%로 내린다고 밝혔다.      관세 인하 조치는 7월 1일부터 적용한다.      재정부는 또 자동차 부품에 대한 관세율도 일률적으로 6%로 인하한다고 말했다.      시진핑(習近平) 중국 주석은 지난 4월 보아오(博鰲)포럼 개막 연설에서 자동차 수입 관세를 상당히 낮출 것이라고 밝혔지만, 인하 폭은언급하지 않은 바 있다.      jhhan@yna.co.kr  (끝)"
307,2,"2018-05-22","17:21:15","""역시 믿을 건 IT주""...실적 개선 훈풍 타고 주도주 복귀 채비","남북 경제협력 관련주가 시장을 흔드는 가운데 발 빠른 큰손들이 정보기술(IT) 관련주를 지속적으로 사들이고 있다. 분위기에 휩쓸리기 쉬운 테마주보다도 실적 전망이 가장 나은 IT에 의지하는 심리다. 증권가에서도 “결국 믿을 건 IT”라는 반응이 나온다. 다만업종 전체보다는 이익 전망과 밸류에이션을 고려한 종목 선택이 필요하다는 지적이다.   22일 한국거래소에 따르면 이달 들어 코스피지수가 약세를 보인 와중에 SK하이닉스(000660)는 5.6%, 삼성SDI(006400)가 7.6%, LG이노텍(011070)이 9%의 상승률을 올리며 선방한 것으로 나타났다. IT 업종에서도 상대적으로 저평가됐다는 공통점을 가진 종목들이다. 같은 기간 코스피지수는 1.98% 떨어졌다. 미국에서도 페이스북·애플·아마존·넷플릭스·구글 등 ‘FAANG’으로 대변되는 기술주가 지난달 말부터 재차 상승세를 이어오고 있다. 김병연 NH투자증권 연구위원은 “미국 국채 금리 상승에도 FAANG이 오르면서 주도주인 기술주의 고점 논란이 완화되고 있다”고 설명했다.   이 때문에 최근 남북 경협주에 관심이 집중된 시장에서도IT의 주도주 복귀가 점쳐진다. 앞서 지난해 증시 상승을 주도했던 IT주의 가장 큰 매력은 실적이다. 올해도 증시 전반의 실적 개선을 이끌 것이라는 믿음이 단단하다. 서정훈 삼성증권 연구원은 “IT 업종의 확고한 이익창출능력은 1·4분기 실적에서도 확인됐다”며 “글로벌 대형 IT 기업의 적극적인 투자에 힘입어 2·4분기에도 이익 증가가 이어질 가능성이 높다”고 전망했다.   에프앤가이드에 따르면 삼성전자(005930)의 올해 순이익 전망치는 49조6,270억원으로 전년보다 20.03% 늘어날 것으로 분석된다. SK하이닉스는39.46% 성장한 14조8,410억원이 제시되고 있다. 코스피 상장사 전체의 순이익 증가율(15.45%)을 넘어서는 수치다. 삼성전기(009150)(전년 대비 210.23%), 삼성에스디에스(018260)(21.47%) 등도 큰 폭의 순이익 증가가 기대된다.   다만 업황과 실적 전망, 밸류에이션을 감안한 옥석 가리기가 중요하다는 지적이 나온다. 박강호 대신증권 연구원은 “스마트폰 시장의 역성장, 프리미엄 스마트폰 판매 부진을 감안해 스마트폰의 하드웨어 변화, 전장 확대에 따른 수혜 종목으로 투자 대상을 압축해야 한다”며 삼성전기와 LG이노텍 등을 꼽았다.   특히 삼성전기는 증권가에서 최근 가장 선호하는 IT 종목으로 꼽힌다. 도현우 NH투자증권 연구위원도 “스마트폰 시장 자체는 중장기 성장성이 둔화되는 모습이지만 수급 불균형이 발생하면서 적층세라믹콘덴서(MLCC)는 여전히 성장할 것”이라고 설명했다.   SK하이닉스는 삼성전자 대비 낮은 밸류에이션으로 매력이 높다. 미래에셋대우는 SK하이닉스의 현재 주가순자산비율(PBR)이 1.2배 수준으로 미국 마이크론(1.4배) 등보다 저평가 상태인 것으로 분석했다. 삼성전자도 부담스러운 가격은 아닌데다 실적 전망 역시 밝지만 오는 6월1일 마무리될 모건스탠리캐피털인터내셔널 지수의 리밸런싱에 따른 외국인 매도가 우려 요인으로 지목됐다. 다만 양호한 메모리 수급, 서버 수요 증가세 등을 근거로 여전히 삼성전자를 추천주로 제시하는 증권사들도 적지 않다. 현재 삼성전자 주가는 주당 5만원으로 지난해 최고점(5만7,520원)에 비하면 13% 낮은 상태다.   큰손들은 SK하이닉스·삼성전기·삼성SDI 등을 집중적으로 매수하고 있다. 외국인투자가들은 이달 들어 삼성전자 주식을 3,000억원 가까이 순매도한 반면 SK하이닉스(2,886억원), 삼성전기(1,613억원), LG전자(066570)(759억원), 삼성에스디에스(625억원) 등을 사들이고 있다. 기관투자가들도 7,358억원규모의 삼성전자 주식을 순매도하고 삼성SDI(1,709억원), SK하이닉스(1,480억원) 등을 순매수한 것으로 나타났다.  /유주희기자 ginger@sedaily.com    ▶▶ 2018년 정부 정책 수혜주 TOP 10 大공개! (바로 확인)  ▶▶ 재료노출 임박한 상위1%의 극비정보 30명한정공개(무료)    [ⓒ 서울경제, 무단 전재 및 재배포 금지]"
307,3,"2018-05-22","17:21:04","[구본무 회장 영면] 조용하고 소박한 발인","고 구본무 LG그룹 회장의 발인식이 22일 서울 대학로 서울대병원 장례식장에서 엄수됐다. 상복을 입은 100여명의 범LG가 친지 및 그룹 관계자들이 고인의 마지막 가는 길을 함께한 가운데 영정이 운구차량에 모셔지고 있다. 장지는 경기 광주 곤지암 인근으로 가족들만 이동한 후 비공개로 진행됐다. 사진=박범준 기자       ▶'모멘텀 집중' 저가에서 매집해둬야 할 상반기 유망주 3선 (지금 확인)   [파이낸셜뉴스 주요뉴스]  → '공천갈등 진화' 나선 바른미래 지도부..살얼음판 여전 → 靑, 드루킹-'親文' 송인배 연루설에 '당혹'‥적극 해명 → 일주일 사이에 로또 1등 2번 당첨된 40대 남성 → 초등생 고속도 휴게소 방치 혐의 교사 벌금 800만원 → 심부전 위험 줄이려면, 일주일간 150분 운동하라  ▶ <긴급공개> 억대계좌 이종목에서 또 터진다!    ※ 저작권자 ⓒ 파이낸셜뉴스. 무단 전재-재배포 금지 "
307,4,"2018-05-22","17:21:00","南취재단 명단 접수없이 22일 판문점채널 종료","- 미·영·중·러 외신 이날 오후 원산 도착      풍계리 핵실험장 폐기 행사 국제기자단이 탑승한 고려항공 여객기가 22일 오전 중국 베이징 서우두 공항에서 이륙하고 있다. (사진=사진공동취재단)[이데일리 원다연 기자] 북한이 풍계리 핵실험장 폐기를 취재할 우리측 취재단 명단을 접수하지 않은 채 22일 판문점 연락채널이 종료됐다.   통일부는 이날 “오후 4시쯤 판문점 채널이 종료됐으며 특이사항은 없었다”고 밝혔다.   정부는 이날 오전 9시 판문점 연락채널 개시통화에서 우리측 취재단 명단을 재차 통보하려 했지만, 북측은 ‘지시받은 것이 없다’며 이를 접수하지 않았다.   북한은 앞서 지난 15일 우리측 취재단으로 통신사 1곳, 방송사 1곳 각 4명씩 총 8명의 취재진을 초청한다고 밝혔다. 그러나 이튿날인 16일 맥스선더 연합훈련을 빌미로 당일 예정됐던 고위급회담을 취소하는 등 대남 비난 수위를 높여갔고, 18일에는 우리측이 통보한 취재단 명단을 접수하지 않았다.   한편 우리측 취재단 외 북한이 풍계리 핵실험장 취재에 초청 의사를 밝혔던 미국, 영국, 중국, 러시아 취재단은 이날 오후 원산에 도착했다. 이들은 이날 원산 숙소에 머물며 일기 상황에 따라 23일~25일 중 진행되는 풍계리 핵실험장 폐기를 취재하게 된다.  ▶계좌회복프로젝트! 상위 전문가의 투자전략 및 추천종목‘[무료확인]’ ▶14년 연속 1위, 대한민국 대표 스탁론 하이스탁론 '    ' ＜ⓒ종합 경제정보 미디어 이데일리 - 무단전재 & 재배포 금지＞   "
307,5,"2018-05-22","17:20:54","뚝 끊긴 아파트 매매.. ""거래절벽 내년까지 간다""","서울 거래량 6535건.. 4월 기준 2012년 이후 최저 양도세 중과 등 정책 영향.. 전문가 ""거래부진 계속"" 전망         다주택자 양도소득세 중과발 아파트 거래절벽이 두달째 이어지고 있다.지난달 아파트 거래량이 6개월 만에 최저치로 떨어졌고 이달 들어서는 감소폭이 더 커질 전망이다.  전문가들은 ""정책들이 대부분 거래를 조이고 있고 수급여건도 좋지 않다""면서 ""최악의 경우 거래부진이 내년 1·4분기까지 이어질 수 있다""고우려했다.   ■'2013년 거래가뭄' 재현되나   22일 한국감정원에 따르면 지난달 전국 아파트 매매거래량은 총 4만6368건으로 전년 동월 대비 0.9%, 전월 대비로는 25.3% 감소했다. 특히 서울은 아파트 거래가 6535건에 그치며 2012년 이후 4월 기준으로 가장 적은 거래량을 기록했다. 2012년은 유럽발 금융위기의 여파로 역대 최저인 연간 4만5079가구의 거래량을 기록한 시기로 당시 4월 거래량은 4214건에 불과했다.   거래감소는 이달에도 가파르게 나타난다. 서울시부동산정보광장에 따르면 21일까지 서울지역에서 신고된 아파트 매매거래는 총 3531건이다. 지난달 신고된 6290건 대비 56%다. 아직 신고일이 7일 정도 남았다는 것을 감안해도 지난달보다 거래가 줄어들 가능성이 높다. 경기도 역시 유사한 모습이다. 경기도부동산포털에 따르면 이달 아파트 매매는 6981건으로 지난달의 1만1580건 대비 60%에 그친다.   아파트 거래량은 계절적 요인이 반영된다. 봄가을 이사철에 늘어나고, 여름과 겨울에는 상대적으로 줄어든다. 매년 1·4분기에 거래가 줄어들고 2·4분기 들어 회복하는 모습을 보여왔지만 올해는 이와 반대의 상황이 나타난 셈이다. 권일 부동산인포 리서치팀장은 ""지금의 부동산정책은 시장에 우호적인 것이 하나도 없기 때문에 하반기에도 회복을 예상하기가 어렵다""면서 ""가을이 되면 어느 정도 상황에 적응해 회복될 수 있겠지만 예년에 비해 늘어날 것 같지는 않다""고 말했다.  ■거래절벽 내년 1·4분기까지 갈 수도   문제는 거래를 활성화시킬 만한 요인이 없다는 점이다. 지금의 거래절벽은 사실상 정부가 유도했다고 볼 수 있기 때문에 이를 풀어줄 만한 새로운 카드를 기대하기 어렵다. 초과이익환수제와 대출규제 속에 하반기 한차례 금리인상을 앞두고 있고, 보유세 개편 권고안도 조만간 공개된다. 가격을 떨어트리는 요인까지는 아니더라도 거래를 늘릴 만한 재료는 아니다.   권 팀장은 ""정부가 내놓을 카드는 결국 세제혜택뿐인데 이를 실행할 가능성도 높지 않다""면서 ""투자도 신중해야 하고 좀 더 고민해서움직여야 할 시기""라고 조언했다.   입주물량 증가도 거래절벽으로 이어진다. 함영진 직방 빅데이터랩장은 ""내년 1·4분기까지 매분기 10만가구씩이 입주를 앞두고 있다""면서 ""전세가격이 하락하는 가운데 공급이 많아지면 기존 아파트의 처분이어려워 거래부진이 이어질 수 있다""고 우려했다. 특히 ""전세가격 하락으로 갭투자 물량이 나오고 있는데 집값이 오르지 않으면 거래가 어렵다""고 덧붙였다.   cynical73@fnnews.com 김병덕 기자  ▶'모멘텀 집중' 저가에서 매집해둬야 할 상반기 유망주 3선 (지금 확인)   [파이낸셜뉴스 주요뉴스]  → '공천갈등 진화' 나선 바른미래 지도부..살얼음판 여전 →靑, 드루킹-'親文' 송인배 연루설에 '당혹'‥적극 해명 → 일주일 사이에 로또 1등 2번 당첨된40대 남성 → 초등생 고속도 휴게소 방치 혐의 교사 벌금 800만원 → 심부전 위험 줄이려면, 일주일간 150분 운동하라  ▶ <긴급공개> 억대계좌 이종목에서또 터진다!    ※ 저작권자 ⓒ 파이낸셜뉴스. 무단 전재-재배포 금지 "
307,6,"2018-05-22","17:20:44","[기로에 선 한국경제] 하반기 경제 4대 변수 급부상","올해 한국 경제는 2년 연속 3% 성장 기대감으로 시작됐다. 1·4분기까지는순항했다. 그러나 최근 '경기둔화 국면 진입 여부'를 놓고 정부와 민간에서 논쟁이 불붙고 있다. 문재인정부 경제정책 효과를 놓고 '갑론을박'이 벌어지는 상황은 역설적으로 경기흐름이 순탄치 못하다는 방증이다. 더구나 올 하반기는 연초에 비해 변수들이 많다. 특히 미국발 금리인상 기조와 환율 움직임, 회복이 더딘 외국인 관광객 등이 올 하반기 주요 변수로 꼽힌다. 적극적인 정책대응에 실패한다면 올 하반기에 경기하방 압력은 한층 더 커질 수밖에 없다.   ■유가, 금리 끌어올리나   22일 한국은행에 따르면 지난 21일 기준 두바이유 가격은 배럴당 74.91달러다. 올 초만 해도 배럴당 60달러 초반 수준이었지만 이달 들어 70달러를 넘기고 있다. 유가 상승은 글로벌 금리인상으로 연결될 수 있다.   홍준표 현대경제연구원 연구위원은 ""국제유가가 오르면 물가를 끌어올리는 요인이 되고 물가가 오르면 미국의 기준금리가 인상 압박을 받는다""며 ""올해 미국 금리인상 횟수가 (예상보다) 한 차례 더 있을 가능성도 있다""고 설명했다.   미국의 금리인상 속도가 빨라지면 외국인 자금유출 우려가 커지게 된다. 국회예산정책처 보고서에 따르면 과거 한.미 기준금리 폭이 50bp(1bp=0.01%포인트)까진 제한적 영향만 나타냈지만 100bp까지 벌어지면 외국인 증권투자자금이 월평균 2조7000억원 이탈했다. 현재 한.미 금리역전 폭은 25bp다. 미국이 올 하반기에만 3차례 인상할 경우 한.미 금리 차는 100bp까지 확대된다. 외국인 투자금 유출이 올 하반기 한은의 금리인상으로 연결된다면 가계와 기업에 이자비용 확대는 물론 경제 전반에 부담이 커지게 된다.   ■원화강세, 수출기업 악영향 불가피   환율은 지난 17일 정부 발표 '외환정책 투명성 제고방안'이 변수다. 정부는 앞으로 6개월마다 외환 순거래 내역을 시장에 공개한다. 전문가들은 이 방안만으론 시장이 영향을 받지 않을 것이라는 입장이다. 다만 원화강세 상황이 오면 원화값을 한층 더 끌어올리는 재료로 충분히 이용될 수 있다고 지적한다. 하반기에 이 같은 우려가 현실이 될 것이라는 관측도 있다.   민경원우리은행 연구원은 ""북·미 정상회담 끝나고 경원선 복원 등 남북경제협력(경협)이 가시적 이슈로 부각되면 올 3.4분기 원화는 강세로 갈 것""이라며 ""정부의 시장개입이 제한된다고 판단될 경우 환율은 거침없이 아래(원화강세)로 밀릴 수 있다""고 설명했다.   미.중 무역전쟁으로 수출기업들의 심리가 크게 위축된 상황에서 원화강세까지 나타나면 올 하반기 수출에 악영향이 불가피하다. 현대경제연구원에 따르면 원.달러 환율이 1% 하락하면 총 수출은 0.51% 타격을 입는 것으로 나타났다.   원.엔 환율에 대한 우려도 크다. 이미 원.엔 환율은 970원대로 하락해 있다. 추가 하락이 발생한다면 자동차.조선.철강 등 일본 기업과 경쟁관계에 있는 업종의 가격경쟁력 악화와 이에 따른 수출부진이 불가피하다. 더구나 자동차.조선.철강 업종의 경우 올 들어 업황 부진으로 구조조정이 진행 중이다.   ■외국인 관광객 회복, 내수 변수로   외국인 관광객 회복이 하반기 내수 소비 변수가 될 수 있다.   최근 내국인의 해외소비가 가파르게 늘면서 국내시장의 소비위축을 부르고 있다. 한은에 따르면 지난 1.4분기 75억1000만달러를 기록했다. 지난해 3.4분기 69억6000만달러, 지난해 4.4분기 73억5000만달러에 이어 3분기 연속 사상 최대기록 경신이다. 해외소비의 증가는 원화강세, 연휴 등으로 내국인 출국자가 크게 늘어난 영향이다.   성태윤 연세대 교수는 ""소비 증가의 상당부분이 해외 재화나 서비스에서 이뤄지고 있다""며 ""현재 내수 관련 국내 소비 파트가 부진한 상황""이라고 지적했다.   이를 상쇄할 수 있는 것이 사드(고고도미사일방어체계) 보복 여파로 크게 준 외국인 관광객 회복이다. 하지만 외국인 관광객 및 소비 회복은 현실화되지 못하고 있다.   지난 1.4분기 한국을 찾은 외국인이 사용한 카드 금액은 전 분기보다 1.1% 감소한 20억7300만달러로 나타났다. 전년 동기 대비는 15.5%감소한 것이다.   외국인 관광객은 내수 소비 개선은 물론 일자리 확대로 연결될 수 있는 부분이라 하반기 내수 회복의 '열쇠'로작용한다.   이주열 한은 총재도 ""(실물지표에서) 관광객을 무시할 수 없다""며 ""흑묘(黑猫.검은고양이)든 백묘(白猫.흰고양이)든 외국 사람이 많이 들어와야 된다""고 말했다.    coddy@fnnews.com 예병정 기자  ▶'모멘텀 집중' 저가에서 매집해둬야할 상반기 유망주 3선 (지금 확인)   [파이낸셜뉴스 주요뉴스]  → '공천갈등진화' 나선 바른미래 지도부..살얼음판 여전 → 靑, 드루킹-'親文' 송인배 연루설에 '당혹'‥적극 해명 → 일주일 사이에 로또 1등 2번 당첨된 40대 남성 → 초등생 고속도 휴게소 방치 혐의 교사 벌금 800만원 → 심부전 위험 줄이려면, 일주일간 150분 운동하라  ▶ <긴급공개> 억대계좌 이종목에서 또 터진다!    ※ 저작권자 ⓒ 파이낸셜뉴스. 무단 전재-재배포 금지 "
307,7,"2018-05-22","17:20:38","[갈수록 벌어지는 북미] 정의용 ""북·미 회담 99.9% 성사""","문재인 대통령 방미     【 워싱턴DC(미국)=조은효 기자】 청와대는 최근 평양과 워싱턴의 이상기류에도 20일 앞으로 다가온 북·미 정상회담이 예정대로 진행될 것이라고 내다봤다. 또 북한이 정권 붕괴로 이어진 백악관 초강경파의 리비아식 비핵화 모델에 강하게 반발하고 있는 것과 관련, ""북한의 입장을 이해하는 방향으로 고민하고 있다""고 밝혔다. 한·미 간 비핵화 로드맵 협상 과정에서 체제 보장 및 경제지원을 요구하는 북한 측 입장을 좀 더 반영하는 방향으로 미국을 설득하겠다는 의미로 풀이된다.   문재인 대통령의 한·미정상회담을 수행 중인 정의용 청와대 국가안보실장은 지난 21일 미국 워싱턴DC로 향하는 대통령 전용기 안에서 북·미 정상회담 개최에 대해 ""99.9% 성사된 것으로 본다""며 ""다만 여러 가능성이 있을 수 있기 때문에 대비하는 것""이라고 말했다. 북한의 태도 변화 이후 백악관에 흐르는 북·미 정상회담 회의론을 일축한 것이다.   미국은 지난 16일 북한 김계관 외무성 제1부상이 담화에서 ""일방적 핵 포기만 강요하면 북·미 정상회담을 재고하겠다""고 엄포를 놓은 이후 회담 성공 가능성에 의구심을 키워가고 있는 것으로 보인다. 뉴욕타임스는 최근 보도에서 도널드 트럼프 대통령이 참모들에게 ""북·미 정상회담을 계속 추진해도되는지"" 질문을 퍼붓고 있으며, 문 대통령에게 전화(한국시간 20일)를 걸어 북한의 공식 담화(김계관 제1부상의 담화) 내용이 문 대통령이 자신에게 전달해 온 내용과 왜 상충하는지를 물었다고 보도했다.  정 실장은 이런 내용의 보도에 대해 지난 20일 ""한·미 정상 간 통화 자리에 배석했지만 그런 내용은 전혀 없었다""고 부인했다. 또 ""저희(청와대)와 백악관 국가안보회의(NSC) 간협의 과정이나 한·미 정상 통화 분위기에서 그런 느낌(북·미 정상회담 회의론)은 전혀 없었다""고 강조했다.   정 실장은 북한이 최근 한국과 미국을 동시에 비난하고 있는 상황에 대해 ""북한의 입장을 우리가 좀 이해하는 방향으로 고민하고 있다""고 말했다. 핵포기 시 북한의 체제보장 및 경제적 지원방안에 대해 미국과 심도 있게 논의해 보겠다는 것이다.          ehcho@fnnews.com 조은효 기자  ▶'모멘텀 집중' 저가에서 매집해둬야 할 상반기 유망주 3선 (지금 확인)   [파이낸셜뉴스 주요뉴스]  → '공천갈등 진화' 나선 바른미래 지도부..살얼음판 여전 → 靑, 드루킹-'親文' 송인배 연루설에 '당혹'‥적극 해명 → 일주일 사이에 로또 1등 2번 당첨된 40대 남성 → 초등생 고속도 휴게소 방치 혐의 교사 벌금 800만원 → 심부전 위험 줄이려면, 일주일간 150분 운동하라  ▶ <긴급공개> 억대계좌 이종목에서 또 터진다!    ※ 저작권자 ⓒ 파이낸셜뉴스. 무단 전재-재배포 금지 "
308,1,"2018-05-22","17:16:16","車 수출 줄어도 수익성은 늘었다","SUV.고급차 단가상승 견인     자동차 수출 감소에도 1대당 평균단가는 오른 것으로 나타났다. 수출단가가 상승하면 업체들의 수익성과 실적개선에 일조하게 된다.   22일 한국자동차산업협회에 따르면 올해 1.4분기 현대차, 기아차, 한국GM, 르노삼성, 쌍용차 등 국내 완성차 5개사의 전체수출 대수는 57만3430대로 전년동기대비 8.6% 줄었다. 르노삼성만 12.9% 증가했고, 현대차(-1.0%), 기아차(-19.3%), 한국GM(-4.9%), 쌍용차(-32.4%) 등 4개사는 수출이 역성장했다. 완성차 5개사의 전체 수출 대수는 2012년 316만6000대로 정점을 찍은 후 지난해 252만8000대까지 5년연속 내리막길을 걷고 있다.   이에 비해 평균 수출단가는 상승세를 타고 있다. 올해 1.4분기 승용차 평균 수출단가(수출 금액/총수출 대수)는 전년동기대비 2.9% 늘어난 1만5500달러를 기록했다. 평균 수출단가는 2010년 1만2000달러에서 2015년 1만4200달러로 올라섰다. 지난해 평균단가는 역대 최고치이다.   수출감소에도 평균 단가를 끌어올린 주된 동력은 부가가치가 높은 스포츠유틸리티차(SUV)와 고급차이다.   쌍용차의 승용차 수출단가는 올해 1.4분기 1만8200달러로 지난해 같은기간에 비해 16.2%나 상승해 대당 수출단가가 가장 많이 올랐다. 한국GM은 1만3000달러로 10.3% 상승했고, 르노삼성은 1만7500달러로 10.0% 올랐다. 기아차는 SUV(8만315대)와 스팅어(9540대)의 수출물량이 늘면서 단가가 4.9% 상승한 1만5200달러를 기록했다. 현대차도 코나, 투싼, 싼타페 등 SUV 수출이 10만대를 넘기면서 단가(1만6300달러)는 18.6% 상승했다.     longss@fnnews.com 성초롱 기자  ▶'모멘텀 집중' 저가에서 매집해둬야 할 상반기 유망주 3선 (지금 확인)   [파이낸셜뉴스 주요뉴스]  → '공천갈등 진화' 나선 바른미래 지도부..살얼음판 여전 →靑, 드루킹-'親文' 송인배 연루설에 '당혹'‥적극 해명 → 일주일 사이에 로또 1등 2번 당첨된40대 남성 → 초등생 고속도 휴게소 방치 혐의 교사 벌금 800만원 → 심부전 위험 줄이려면, 일주일간 150분 운동하라  ▶ <긴급공개> 억대계좌 이종목에서또 터진다!    ※ 저작권자 ⓒ 파이낸셜뉴스. 무단 전재-재배포 금지 "
308,2,"2018-05-22","17:16:07","LG이노텍 ""무인 양계장 꿈이 현실로""","LG이노텍이 고성능 스마트폰 카메라 모듈 사업의 강점을 활용해 무인 양계 관리 시스템 개발에 나선다. 대표적인 정보기술(IT) 부품 업체가 전자 기기에서 농업 분야로 사업 영역 확대에 나선 것이다.  LG이노텍은 22일 농촌진흥청 산하 국립축산과학원과 양계 환경을 무인화하는 인공지능 스마트팜 기술 개발을 추진한다고 밝혔다. 양측은 권일근 LG이노텍 최고기술책임자(CTO) 전무와 양창범 국립축산과학원 원장 등이 참석한가운데 ‘양계 스마트팜 기술개발 공동연구 업무협약(MOU)’를 맺었다.  무인 관리 시스템 개발을 위해 가금류 빅데이터를 기반으로 한 딥러닝 기술과 카메라 센싱 기술이 활용된다. 닭의 성장 단계별 행동 분석 연구는 국립축산과학원이, 카메라 및 온습도 센서와 같은 계측 시스템과 딥러닝 알고리즘 개발은 LG이노텍이 맡는다. LG이노텍은 오는 2020년 양계 농가 현장 적용을 목표로 기술 개발에 나설 계획이다. LG이노텍 관계자는 “이 기술이 개발되면 카메라와 각종 센서가 수만 마리 닭의 상태와 날씨 등 환경 변화를 자동 분석하고 인공지능 기술로 양계장 온도와 습도를 자동 제어할 수 있게 된다”면서 “닭의 발육상태를 분석해 출하 시점도 예측할 수 있다”고 설명했다.  /한재영기자 jyhan@sedaily.com    ▶▶ 2018년 정부 정책 수혜주 TOP 10 大공개! (바로 확인)  ▶▶ 재료노출 임박한 상위1%의 극비정보 30명한정 공개(무료)    [ⓒ 서울경제, 무단 전재 및 재배포 금지]"
308,3,"2018-05-22","17:16:07","[우리지역 강소기업] 태방파텍, 식품포장 신기술로 食문화 바꾼다","포장재 전문 제조업체 태방파텍(대표 정희국·사진)이 내놓은 '찜팩(ZZim pak)'이 매년 급성장하면서 가정간편식(HMR) 문화를 바꾸고 있다. 찜팩은 한식에 특화돼 뚜껑 포장을 벗기지 않고 그대로 전자레인지에서 바로 조리할 수 있는 신개념 식품 포장 용기다.   작년 10월 'IR52 장영실상'을 받은 찜팩은 압력밥솥 원리를 이용해 전자레인지로도 섭씨 120도의 과포화 증기로 식품을 찌는 효과를 내는 신기술 제품이다. 전자레인지에 데워도 포장용기 변화 없이 찌는 효과를 낼 수 있는 것이 기술인데 비결은 모서리 구조에 있다.   정희국 태방파텍 대표는 ""찜팩을 쓰면 포장을 개봉하지 않고 바로 데울 수 있다""며 ""식품이 밀폐된 공간에서 조리되면서도 건조되지 않아 본연의 풍미와 식감을 느낄 수 있다""고 말했다. 그는 ""용기 모서리 중 일부를 안쪽으로 돌출시켜 그 부위에 작은 구멍을 만든 것이 아이디어""라며 ""전자레인지에 돌리면 포장 필름이 부풀면서 돌출된 부분이 살짝 터져 그 구멍으로 수증기가 서서히 빠지게 된다""고 설명했다. 이 같은 기술이 데워 먹는 HMR에 차별화된 맛을 가져온 것이다.   정 대표는 ""조리 과정에서 발생하는 수증기의 열과 압력을 활용할 수 있게 되면서 조리시간 단축과 전기 절약 효과도 얻을 수 있다""며 ""용기에 적합한 필름 포장을 적용해 조리가 끝나면 손쉽게 뜯을 수 있다는 것도 장점""이라고 덧붙였다.   태방파텍은 국내 유수의 식품회사들과 찜팩 공급 계약을 맺고 식품 특성에 맞춘 다양한 형태의 용기를 제작하고 있다. 이 용기는 현재 볶음밥이나 면 요리는 물론이고 보리굴비·고등어구이 같은 전통 한식에 어울리는 형태로 제작돼 HMR가 유통되는 데 기여하고 있다. 올해 초에는 안주 겸 야식 상품에도 제품을 납품하며 사업 영역을 넓혔다.    정 대표는 ""맞벌이 가구와 1인 가구가 늘면서 HMR시장은 급격하게 성장할 수밖에 없다""며 ""올해 관련 시장 규모가 3조원을 넘어설 것으로 보여 찜팩의 변화도 필연적이어서 회사 전망이 밝다""고 기대했다.   1989년 창업 당시부터 식료품 포장재를 다뤄온 태방파텍은 농산물 장기 저장용 필름이나 '숨쉬는 필름' 등 신기술 개발을 계속해왔다. 빵과과일, 의약품 등의 비닐 포장재를 생산하면서 2013년에 찜팩을 내놓고 HMR시장에 진출했다.   태방파텍의 찜팩은 국외장에서도 인정받고 있다. 정 대표는 ""2015년에 싱가포르 국제공항의 서비스를 책임지고 있는 싱가포르항공서비스(SATS)와 연간 100만달러 규모 기내식 포장용기 공급 계약을 맺었다""며 ""디자인 측면에서도 한국 전통 기와와 벌집 문양의 용기에 대해 항공사에서 찬사를 받았다""고 말했다.   태방파텍은 찜팩을 활용하는 포장기계 패기지 판매 사업도 하고 있다. 찜팩 원리를 활용해 중소 규모 음식점에서도 테이크아웃 용도로 활용할 수 있게 '찜팩 미니'를 개발하고 그에 맞는 포장기계도 따로 만든 것. 경기도 양주시에 본사를 둔 태방파텍은 2016년 본사 주변에 찜팩 포장기계 생산 공장을 별도로 설립했다. 찜팩과 필름 포장·포장기계 등으로 올해 매출은 200억원에 육박할 것으로 전망된다.   정 대표는 찜팩이 한식과 잘 어울린다는 점을 활용해 한식 문화의 세계화에 기여할 계획도 갖고 있다. 그는 ""한국의 '찜'이라는 고유의 조리문화를 살려 세계시장을 공략할 필요가 있다""고 말했다. 그는 ""아랍의 할랄 음식을 넘어 이스라엘의 코셔 음식도 유행하는 만큼 다양한 문화를 들여오는 역할도 하고 싶다""고 포부를 밝혔다.    [이진한 기자]      ☞ 5月 반드시 주목해야될 종목!! ☞ 5月 큰 수익 원한다면, 이 종목부터 빨리 매수해라!!! ☞ 지금 100만원 있다면, 이 종목부터 사라! ☞ ""세계최초 신약개발"" 드디어 올것이 왔다! 주목해라!!      [ⓒ 매일경제 & mk.co.kr, 무단전재 및 재배포 금지]"
308,4,"2018-05-22","17:16:06","한경硏 ""내수 살리려면 개소세 폐지해야""","위축되는 소비를 회복시키고 내수를 살리려면 비과세 급여를 확대하는 등 세제를 개선할 필요가 있다는 주장이 나왔다.   한국경제연구원(한경연)은 22일 보고서에서 ""지난해 국내총생산(GDP) 대비 민간소비가 역대 최저치로 떨어지고 가처분소득 대비 민간소비가 5년째 줄어든 데다 소비자심리지수도 5달 연속 내려간다""며 이같이 밝혔다.  한경연은 민간의 소비부담을 줄이기 위해 자동차 구입시 부담하는 개별소비세 폐지를 거론했다. 현재 자동차는사치재라기보다 보편적인 재화로 보는 것이 타당하고, 환경오염이나 교통체증 등 부정적 외부효과에 대한 과세로 개소세를 부과하기에는 중복되는 세금이 많다는 게 한경연의 설명이다. 자동차 관련 세금은 8가지로 총 31조7000억원이 넘는다.   신용카드 소득공제제도의 일몰 연장도 내수경기 활성화를 위해 필요하다고 지적했다. 19년간 지속한 공제혜택이 올해 사라진다면, 납세자의 실질소득을 감소시킬 뿐만 아니라 신용카드 결제에 대한 유인이 줄어들 것으로 봤다.   또한, 법인세, 소득세 등 국세를 신용카드로 납부할 때 부담하는 0.8%( 체크카드 0.7%)의 수수료를 면제하는 방안도 제시했다.  권승현 기자    winwin@fnnews.com 오승범 기자  ▶'모멘텀 집중' 저가에서 매집해둬야 할 상반기 유망주 3선 (지금 확인)   [파이낸셜뉴스 주요뉴스]  → '공천갈등 진화' 나선 바른미래 지도부..살얼음판 여전 → 靑, 드루킹-'親文' 송인배 연루설에 '당혹'‥적극 해명 → 일주일 사이에 로또1등 2번 당첨된 40대 남성 → 초등생 고속도 휴게소 방치 혐의 교사 벌금 800만원 → 심부전 위험 줄이려면, 일주일간 150분 운동하라  ▶ <긴급공개> 억대계좌 이종목에서 또 터진다!    ※ 저작권자 ⓒ 파이낸셜뉴스. 무단 전재-재배포 금지 "
308,5,"2018-05-22","17:15:56","LG디스플레이 77형 투명 플렉서블 디스플레이 최초 공개","삼성.LG 디스플레이 ‘SID 2018’을 수놓다 55.65형 제품들도 전시          LG디스플레이는 22일부터 25일까지 미국 LA 컨벤션센터에서 진행되는 'SID(국제정보디스플레이학회) 2018' 전시회에 참가해 미래 디스플레이 제품들을 선보인다고 밝혔다. 관람객들이 전시장에서 LG디스플레이 제품을 살펴보고 있다.   LG디스플레이는 22일부터 25일까지 미국 LA 컨벤션센터에서 진행되는 'SID(국제정보디스플레이학회) 2018' 전시회에 참가해 미래 디스플레이 제품들을 선보인다고 밝혔다.  LG디스플레이는 '당신의 라이프스타일을 보여주세요(Display Your Lifestyle)'라는 슬로건 하에 부스를 마련하고 유기발광다이오드(OLED) TV를 비롯해자동차와 모바일용 디스플레이 등의 제품들을 전시한다.  이번 전시회에서 LG디스플레이는 77형 투명 플렉서블(Flexible) 디스플레이를 해외에서는 처음으로 공개한다. 이 제품은 초고화질(UHD) 해상도에 투과율 40%, 곡률반경 80R로, 지난해 LG디스플레이가 국책과제를 통해 세계 최초로 개발했다.  LG디스플레이는 패널 자체에서 소리가 나올 수 있게 만든 55형과 65형 UHD 크리스탈 사운드 OLED(CSO) 도 전시한다. 65형 제품은 이번 전시회에서 '올해의 디스플레이'로 선정됐다.  LG디스플레이는 자동차용 분야에서도 기존의 아날로그 계기판을 대체할 수 있는 12.3형의 4중 고화질(QHD) 고해상도 디스플레이와 조수석을 위한 16.2형 디스플레이를 전시한다. 또한 LG디스플레이의 인터치(In-TOUCH) 기술이 적용된 14.3형 정보안내디스플레이(CID)도 선보인다.  LG디스플레이 CTO(최고기술책임자) 강인병부사장은 ""앞으로는 OLED로 디스플레이의 새로운 패러다임을 제시하며 차세대 디스플레이 시장을 선도해 나갈 것""이라고 전했다.   ktop@fnnews.com 권승현 기자   ▶'모멘텀 집중' 저가에서 매집해둬야 할 상반기 유망주 3선 (지금 확인)   [파이낸셜뉴스 주요뉴스]  → '공천갈등 진화' 나선 바른미래 지도부..살얼음판 여전 → 靑,드루킹-'親文' 송인배 연루설에 '당혹'‥적극 해명 → 일주일 사이에 로또 1등 2번 당첨된 40대 남성 → 초등생 고속도 휴게소 방치 혐의 교사 벌금 800만원 → 심부전 위험 줄이려면, 일주일간 150분 운동하라  ▶ <긴급공개> 억대계좌 이종목에서 또 터진다!    ※ 저작권자 ⓒ 파이낸셜뉴스. 무단 전재-재배포 금지 "
308,6,"2018-05-22","17:15:47","""정기상여 ‘매월’로 한정땐 개선 효과 없다""","최저임금 산입범위 조정 진통 경총 ""단협, 노조동의 필요"".. 산입범위 확대 어려움 지적 중기중앙회 ""일방적 주장"".. 사전조율 없는 경총 비판         최저임금 산입범위 조정 논의가 국회 환경노동위원회에서 또다시 결렬되면서 재계의 우려가 커지고 있다. 정의당의 반대로 국회에서의 합의가 불투명해진데다, 경제단체들 마저도 의견차를 드러내고 있기 때문이다.  국회 환경노동위원회의 최저임금 산입범위 조정 논의가 22일 또다시 결렬됐다. 환노위는 전날 오후부터 이날 새벽까지 약 11시간 동안 고용노동소위원회를 열어 논의를 이어갔으나 현격한 입장차만 확인한 채 산회했다.  환노위 여야 간사는 오는 24일 밤 9시 다시 고용노동소위를 개최해 최저임금산입범위 조정 논의를 다시 하기로 했다. 여야는 수차례 정회와 속개를 반복하며 절충점을 찾으려 노력했으나 이견차를 좁혀지지는 못했다.  ■최저임금 산업범위 조정 '진통 계속'  쟁점은 최저임금 산입범위에 정기 상여금을 포함하느냐 여부였다. 지난 18일 더불어민주당과 자유한국당은 최저임금 산입범위에 '매월 지급'하는 상여금과 현금성 숙식비를 포함하는 개정안을 5월 임시국회에서 처리하기로 잠정 합의했다. 그러나 정의당은 논의를 최저임금위원회로 넘겨야 한다며 강하게 맞섰다. 게다가 민주노총이 상여금을 최저임금에 산입하려는 국회 움직임에 반발, 현장에서 기자회견을 열어 앞으로 모든 노.사.정 논의를 거부하겠다는 강경한 입장을 밝혀 합의를 이뤄내기 어려웠다.  노조측 뿐만아니라 사용자측 대표라 할 수 있는 한국경영자총협회(이하 경총)도 민주당과 자유한국당의 합의안에 반대하면서 문제가 더욱 꼬이고 있다. 경총은 산입범위 조정을 최저임금위원회에서 논의하자고 요구하고 있다. 이는 노조측 입장과 같은 것이지만 반대하는 이유는 크게 다르다.  경총은 이날 입장 자료를 내고 ""(국회에서 논의 중인) 개정안이 통과되더라도 최저임금 인상으로 연봉 4000만원 이상을 받는 대기업 정규직 근로자가 혜택을 보는 등 불공정한 상황이 지속될 것""이라고 주장했다. 임금 격차가 확대돼 양극화가 심화될 것으로 보는 것이다.  경총은 국회가 논의 중인 개정안에서 최저임금 산입범위에 '매월' 지급하는 상여금과 현금성 숙식비 등을 포함시키기로 한 대목을 문제 삼고 있다. 통상 기업들은 상여금을 격월이나 분기.반기 주기로 지급하고 있어 '매월'로 규정할 경우 실질적인 개선 효과가 없다는 것이다. 현금성 숙식비를 지급하는 업종도 외국인 노동자를 쓰는 일부 업종에 그쳐 대다수 기업과는 관련 없다는 게 경총 입장이다. 경총은 ""노조가 있는 기업은 (상여금 지급주기 변경을 위해) 단체협약을 개정하려면 노조 동의가 필요하기 때문에 산입범위 확대가 사실상 불가능해져 개선 효과가 거의 없게 될 것""이라고 주장했다. 노동계는 상여금과 현금성 숙식비의 최저임금 산입 자체를 반대하고 있다.  ■경제단체들간 의견도 엇갈려  반면 중소기업중앙회는 논의를 최저임금위로 되돌리자는 경총의 주장에 반대하고 있다. 대한상공회의소는 아직 뚜렷한 입장 표명을 하지 않은 채 중립을 지키고 있는 등 최저임금 제도개선에 대한 경제단체간 시각차가 드러나고 있다.   중기중앙회 관계자는 ""경총은 사용자단체를 대표하는 자격을 위임받은 만큼 당연히 사전에단체 간의 입장을 조율했어야 한다""며 ""이번 경총의 결정은 전혀 합의되지 않은 입장이고 일방적인 조치일 뿐""이라고 비판했다. 이 관계자는 또 ""국회 역시 지금까지 논의를 진행하다가 갑자기 최저임금위로 떠넘기는 것도 말이 안 된다""며 ""굳이 최저임금위로 결정권을 넘기려면 그 역시 여야 합의를 거쳤어야 한다. 일방적.편법으로 해선 안 된다""고 주장했다.   대한상의 관계자는 ""경총의 입장은 경제단체 간에 조율된 입장은 아니다""라며 ""현재 기업 입장들을 더 파악하는 중""이라고 말했다.  ktop@fnnews.com 권승현 기자   ▶'모멘텀 집중' 저가에서 매집해둬야 할 상반기 유망주 3선 (지금 확인)   [파이낸셜뉴스 주요뉴스]  → '공천갈등 진화' 나선 바른미래 지도부..살얼음판 여전 → 靑, 드루킹-'親文' 송인배 연루설에 '당혹'‥적극 해명 → 일주일 사이에 로또 1등 2번 당첨된 40대 남성 → 초등생 고속도 휴게소 방치 혐의 교사 벌금 800만원 → 심부전 위험 줄이려면, 일주일간 150분 운동하라  ▶ <긴급공개> 억대계좌 이종목에서 또 터진다!    ※ 저작권자 ⓒ 파이낸셜뉴스. 무단 전재-재배포 금지 "
308,7,"2018-05-22","17:15:38","SK이노베이션이 금융사라고?… KRX 산업분류 ‘엉터리’","무리한 ‘금융업’ 획일화 통계청 작년 산업분류 개편.. 서비스업→기타금융업 분류.. 지주사 ""후진적 구조"" 반발 피해는 결국 지주사 몫 해외 투자자 정보 제한되고 기업가치 평가절하도 심각.. 글로벌 기준으로 통합 절실          ""우리 회사 주식을 보유한 개인 투자자로부터 항의성 전화를 받았다. 투자자는 '에너지 사업을 하는 회사가 거래소 업종 분류표에 '금융업'으로 분류된 사실을 아느냐. 이래서야 회사의 가치를 제대로 평가받겠느냐'고 질책하더라. 확인해보니 우리뿐 아니라 모든 상장 지주사들이 금융업으로 분류돼 있어 어이가 없었다.""(에너지 상장사 고위 임원)   SK, LG, GS 등 국내 지주사들이 한국거래소(KRX)의 상장사 산업분류상에 '금융업'으로 분류돼 투자자 혼선 등 각종 부작용에 시달리고 있다. 특히, SK이노베이션, 삼성물산 등 직접 사업을 운영하는 사업지주사들도 KRX지수산업분류에 엉뚱한 업종으로 묶이면서 밸류에이션(기업가치)이 평가절하되는 심각한 문제가 지속되고 있다. 해당 기업들은 현실과 동떨어진 KRX산업분류가 '코리아 디스카운트(한국기업들이 시장 가치에 비해 주가가 저평가되는 상황)'를 부추기는 요인이라는 불만마저 터져나오고 있다.   ■국내 지주사 '금융업'으로 획일화   22일 재계에 따르면 SK, LG, GS, CJ, LS 등 국내 지주사들을 거래소 홈페이지 KRX지수산업분류에서 검색하면 한결같이 '기타 금융업'으로 표시된다. 이들 지주사들은 금융업을 영위하는 계열사가 없는 곳들이다. 이런 산업분류상 괴리는 지난해 7월 통계청이 한국표준산업분류를 10년만에 개정하면서 발생했다. 통계청은 지주사가 다른 기업의 지배를 목적으로 지분을소유하는 측면만 고려해 지주사들을 금융업으로 묶는 개정 표준산업분류를 공개했다. 문제는 거래소가 40년째 통계청의 표준산업분류를 KRX지수산업분류로 준용하고 있기 때문이다. 통계청이 1978년 표준산업분류를 도입한 이래 지금까지 거래소가 이를 그대로 따르고 있는 것이다.   통계청은 표준산업분류가 기업의 특성을 제대로 반영하지 못한다는 지적을 반영해 지난해 개편에 나섰다. 하지만, 기업들의 불만만 키운 꼴이 됐다. 지주사들을 종전 '서비스업'에서 '기타 금융업'으로 분류했고, 거래소가 이를 KRX지수산업분류에 적용하면서 산업 특성과는 더 거리가 멀어지게 된 셈이다.   A지주사 관계자는 ""서비스업도 이상하지만 금융업으로 개정한 건 도저히 납득이 안된다""며 ""통계청이야 정책수립이나 통계 작성 등의 이유때문에 그렇다쳐도 거래소가 이를 맹목적으로 따르는 건 후진적 구조""라고 지적했다.   ■에너지 기업이 은행이라고?   SK이노베이션, SK디스커버리 등 직접 사업이나 투자에 나선 사업지주사들의타격은 순수지주사들보다 더 큰 실정이다. 실제로, KRX지수산업분류상 SK이노베이션, 두산밥캣, 풀무원, 웅진, 샘표, 넥센 등 사업지주사들은 모두 '금융업'으로 분류된다. 이들 기업들은 에너지, 건설, 산업재, 식품, 게임 등 금융과는 무관한 사업들을 운영하는 곳들이다. SK이노베이션의 경우 SK에너지(정유), SK종합화학(화학), SK루브리컨츠(윤활유) 등 자회사 전체가 에너지 관련 회사들이다. SK이노베이션도 자원개발과 전기차 배터리 등 에너지 관련 사업을 오랫동안 영위하고 있다.   SK이노베이션 관계자는 ""SK이노베이션은 정유주로 인식되지만 최근 화학, 윤활유, 배터리 등 비정유부문까지 아우르는 사실상 종합에너지 기업""이라며 ""이런 상황에서 사업과 연관성이전혀 없는 금융업으로 분류돼 기업가치를 제대로 평가받지 못하는 실정""이라고 말했다.   게임업계 관계자도 ""게임개발사를 금융업으로 묶어버리면 투자 유치에 걸림돌이 될 수 밖에 없다""며 ""국내 투자자는 회사 이름만으로 업종을 알겠지만 해외 투자자들은 KRX산업분류를 참고할텐데 제대로 정보제공이 되겠느냐""고 반문했다. 그러면서 ""이런 것부터 바꿔야 '코리아 디스카운트' 해소를 기대할 수 있다""고 주장했다.   ■글로벌 기준으로 통합 시급   지주사들은 기업가치의 신뢰성 제고를 위해서라도 업종별 특성을 반영한 글로벌 산업분류를 서둘러 도입해야 한다고 목소리를 높힌다. 거래소도 홈페이지에 KRX산업분류와 별도로 글로벌산업분류기준(GICS)를 제공하고 있다. 다만, 투자 참고용일 뿐이다. GICS는 S&P와 MSCI(모건스탠리 캐피탈인터내셔널)가 공동개발한증시 전용 산업분류기준이다. GICS는 지주사들을 주요 사업별로 분류하고 있다. 실제로, GICS에서 SK, GS, SK이노베이션은 '에너지', 삼성물산과 두산은 '산업재'로 분류돼 나온다.   지주사 한 관계자는 ""국내 기업의 사업 특성이나 신수종 사업을 제대로 반영하지못하고 일반인들이나 투자자들에게 혼란을 야기하는 산업분류는 실효성이 떨어질 수 밖에 없다""며 ""KRX지수산업분류 체계를 업종특성에 맞게 전면 개편하거나 세계적으로 통용되는 GICS산업분류를 전면 도입하는 방안이 필요하다""고 밝혔다.   거래소 관계자는 ""KRX산업분류는 통계청의 표준산업분류에 기초해 작성되고 있는데 우리(거래소) 입장에서 그걸 벗어나기는 어렵다""면서도 ""지주사들의 입장도 이해가 간다""고 말했다. 그러면서 ""특히, (이 같은 분류가) 사업지주사들에게는 문제가 있는만큼 이들의 의견을 반영해 보다 나은 방향을 찾아보도록 하겠다""고 덧붙였다.   cgapc@fnnews.com 최갑천 기자   ▶'모멘텀 집중' 저가에서 매집해둬야 할 상반기 유망주 3선 (지금 확인)   [파이낸셜뉴스 주요뉴스]  → '공천갈등 진화' 나선 바른미래 지도부..살얼음판 여전 → 靑, 드루킹-'親文' 송인배 연루설에 '당혹'‥적극 해명 → 일주일 사이에 로또 1등 2번 당첨된 40대 남성 → 초등생 고속도 휴게소 방치 혐의 교사 벌금 800만원 → 심부전 위험 줄이려면, 일주일간 150분 운동하라  ▶ <긴급공개> 억대계좌 이종목에서 또 터진다!    ※ 저작권자 ⓒ 파이낸셜뉴스. 무단 전재-재배포 금지 "
309,1,"2018-05-22","17:11:00","제이피에스코스메틱, 코스모뷰티 서울 2018 성료","[머니투데이 중기&창업팀 허남이 기자] 헤어제품 전문 기업 제이피에스코스메틱(대표 선일규, 이하 JPS)은 지난 5월 9일부터 11일까지 3일간코엑스에서 열린 ‘코스모뷰티 서울 2018'(서울 국제 화장품·미용산업박람회)에 참가해 성황리에 행사를 마쳤다고 밝혔다.   JPS는 이번 박람회에서 전문 미용인을 위한 프리미엄 브랜드 ‘미엘프로페셔널’과스마트 홈케어 브랜드 ‘큐어실드’를 필두로 다양한 헤어제품들을 선보였다.   특히 출시 한 달만에 2만 개가 완판된 신제품 '촉촉 링거팩'과 2014년 9월 출시 후 160만 개의 판매를 기록한 인기 염모제 ‘블론디앤, 일주일에 한 번 사용하는 고성능 올인원 헤어클리닉 ‘어메이징 헤어실드’가 가장 많은 주목을 받았다.   JPS 관계자는 “해외 박람회 못지않게 다양한 국가의 바이어들이 방문하여 K-뷰티의 인기를 실감했다”며 “싱가포르, 중국, 인도, 미얀마 등 16개 해외 업체 및 OEM 생산을 희망하는 국내 10여 개 업체와 논의 중이다. 예상보다 좋은 반응에 기대가 크며 앞으로도 소비자의 니즈에 맞춘 다양한 제품들을 선보일 것”이라고 밝혔다.      주식담보대출도 이제 부담없는 금리로 가능(안내: 02-3775-1497)   ▶▶ 2018년 상반기 급등 예상 종목 BEST 10 (바로 확인)   <키워드림론> 최저금리로 신용·미수 대환 하는 유일한 방법은    [파워 인터뷰]      [관련기사] ☞ 오는 10일 이건희 삼성회장 '와병 만4년'…장비없이 자가호흡 ☞ ""딸이 더 좋아""…보육원에 남겨진남아(男兒)들 ☞ 아들 곁으로 간 구본무 회장…슬픔 이기고 LG 24년 이끌어 ☞ 성공을부르는 말하기? ""목소리를 낮게 내보세요"" ☞ 나경원 비서, 중학생에 욕설…나경원 ""제 불찰"" 사과      주식매입자금? 전화 한통화면 당신은 스마트컨슈머!    최저금리로 신용·미수 대환 하는 가장 경제적인 방법 (바로 확인)   ‘개미’말고 ‘슈퍼 투자자’되고 싶다면?...‘이것’만 잘 이용해도 가능해요!       중기&창업팀 허남이 기자 nyheoo@    <저작권자 ⓒ '돈이 보이는 리얼타임 뉴스' 머니투데이, 무단전재 및 재배포 금지>"
309,2,"2018-05-22","17:10:29","'이란서 철수' 프랑스 토탈, 분단국 키프로스 사업에 '눈독'","'이란서 철수' 프랑스 토탈, 분단국 키프로스 사업에 '눈독'  토탈 임원 키프로스 대통령 면담…""지중해 자원개발 참여 희망""  터키 군함 방해로 이탈리아 기업 에니 시추활동 중단     (이스탄불=연합뉴스) 하채림 특파원 = 미국의 제재 부활로 '이란 사업'에서 철수하는 프랑스 에너지기업 토탈이 지중해 분단국 키프로스로 눈을 돌렸다.  토탈의 키프로스 지역 담당 디렉터(임원) 스테판 미셸은 21일(니코시아 현지시간) 니코스 아나스타시아데스 키프로스(남키프로스) 대통령을 만나 해양 에너지 개발을 논의했다.  미셸 디렉터는 아나스타시아데스 대통령과 면담 후 취재진에 ""(이탈리아 에너지기업) 에니가 권리를 보유한 키프로스 제8광구에 참여 신청을 했다""고 밝혔다.  키프로스 에너지장관 게오르게 락코트리피스는 토탈의 키프로스 에너지 개발사업 참여 의사를 환영하고, 정부와 토탈 사이에 사업 참여를 실현하는 방안에 관해 건설적인 논의가 있었다고 전했다.  올해 2월 에니는 키프로스 천연가스 개발을 위해 시추선을 보냈으나 터키가 군함을 보내 시추선의 활동을 저지했다.  키프로스 해역의 자원개발을 놓고 키프로스는 터키와 갈등을 빚고 있다.  1960년 영국으로부터 독립한 키프로스는 그리스계와 튀르크계가 충돌하며 갈등을 빚다 1974년 터키군의 침공ㆍ점령으로 남쪽의 그리스계키프로스공화국(키프로스)과 북쪽의 튀르크계 북키프로스 튀르크 공화국(TNRC, 북키프로스)으로 나라가 쪼개졌다. 전자가 국제법적으로 인정받는 정식 국가다.  키프로스는 지난해 평화협상이 결렬된 후 지중해 동부에서 독자적인 에너지 개발에 시동을 걸었다.  터키는 그러나 키프로스 해양 자원은 남ㆍ북 키프로스 전체의 자산이라며 이에 반발, 무력으로 실력 저지에 나섰다.  레제프 타이이프 에르도안 터키 대통령은 당시 ""키프로스와 에게해에서 선을 넘으려는 자들은 오판을 하지 말아야 한다""고 경고했다.  에니 최고경영자 클라우디오 데스칼치는 3월 니코시아를 찾아 키프로스정부에 변함 없는 협력 의지를 확인했다.  tree@yna.co.kr   (끝)    <긴급속보 SMS 신청> <포토 매거진> < M-SPORTS >   <저작권자(c) 연합뉴스, 무단 전재-재배포 금지>"
309,3,"2018-05-22","17:10:21","하나금융투자, 시카고상품거래소서 2개월 거래중지 조치(종합)","@media all and (max-width: 400px) {img{max-width:340;height:auto;}}.dayTBL a:link {font-family: 돋움;font-size: 11px;line-height: 18px;color:#666666;text-decoration: none}.dayTBL a:visited {font-family: 돋움;font-size: 11px;line-height: 18px;color: #666666;text-decoration: none}.dayTBL a:hover {font-family: 돋움;font-size: 11px;line-height: 18px;color: #840000;text-decoration: none}.dayTBL nobr {width:85px; text-overflow:ellipsis; overflow:hidden; cursor:pointer; float:left}.todayBDb {border-bottom: #000000 0.5pt solid}.tblGrp{padding:0; border-spacing:0; border-collapse:collapse; border:0;vertical-align:top;width:279px}.tblGrp td{vertical-align:top}.dayTBL {width:93px; padding:0; border-spacing:0; border-collapse:collapse; vertical-align:top; border:0}.dayTBL td{font-size:12px; font-family:돋움; color:#333333;line-height:18px;padding:0}.divSch1{float:left}.divSch2{float:left}.tdSch{border: #E6E6E6 0.1pt solid;height:75;padding:0}.tdSchToday {border: #000000 1pt solid;height:75;background-color:#fffff0;padding:0}.tdSchTomorrow {border-left:0}.tdSchYesterday {border-right:0}.tdDate{background-color:#c8e7ff;height:10;text-align:center}.ad {text-align:center; font-size:8pt; font-family:돋움;line-height:1.2}.lg {margin-bottom:20px;}.title{font-size:15px;color:#203c76;font-weight:bold;margin-bottom:20px;}a,img {border:0; outline:none; selector-dummy:expression(this.hideFocus=true);}body,td,select,input,div,form,textarea,center,option,pre,blockquote {font-size:9pt; line-height:1.6; font-family:돋움;}table{border:0px;}r {display:none;}"
309,4,"2018-05-22","17:10:12","전방 18개월 후방 21개월.. 육군 ‘선택 복무제’ 논란","부대별 조건 고려없고.. 지원 쏠림현상 올수도      군 복무 감축방안의 하나로 육군이 전방과 전투부대는 18개월, 후방 근무는 현행대로 21개월을 유지하는 직위별 차등선택 복무제를 제안해 논란이 예상된다.   이와 관련해 국방부 관계자는 22일 ""지난 11일 대통령에게 국방개혁안을 보고하는토의 과정에서 김용우 육군참모총장이 이 같은 방안을 제시한 것으로 안다. 국방부는 앞서 이와 비슷한 보도에 대해서도 검토한 바 없다고 밝혔다""면서 ""육군이 한국국방연구원에 직위별 차등 선택 복무제에 대한 연구용역을 맡긴 것으로 안다""고 말했다.  하지만 한국국방연구원 연구용역 결과의 산출근거에 대해서는 ""자세한 것은 육군에 문의해야 할 상황""이라며 말을 아꼈다.  이 때문에 육군이 국방부와 복무기간 조정을 두고 사전에 충분히 협의하지 않은 것 아니냐는 지적이 나온다. 육군의 한 영관장교는 ""육군 수뇌부가 병 복무기간 조정안이라는 중요한 사안을 너무 쉽게 생각하는 것 아니냐""며 ""부대 유형별 애로사항이나 특수조건을 고려하지 않고 전방과 후방이라는 잣대로만 판단한 것 같다""고 말했다. 그는 ""구체적 산출근거를 공개하지 못한다면 군 내부에 혼란을 가중할 것""이라고 덧붙였다.   한 예비역 영관장교는 ""짧은 복무기간으로 전방부대에 대한 지원경쟁이 과열되면 입대정체 현상이 발생할 수도 있다. 반면 전방대비 병력 규모가 10분의 1 수준인 후방 부대들은 지금보다 더 심각한 인력난에 시달릴 수 있다""고 말했다.  captinm@fnnews.com 문형철 기자    ▶'모멘텀 집중' 저가에서 매집해둬야 할 상반기 유망주 3선 (지금 확인)   [파이낸셜뉴스 주요뉴스]  → '공천갈등 진화' 나선 바른미래 지도부..살얼음판 여전 → 靑, 드루킹-'親文' 송인배 연루설에 '당혹'‥적극 해명 → 일주일 사이에 로또 1등 2번 당첨된 40대 남성 → 초등생 고속도 휴게소 방치 혐의 교사 벌금 800만원 → 심부전 위험 줄이려면, 일주일간 150분 운동하라  ▶ <긴급공개> 억대계좌 이종목에서 또 터진다!    ※ 저작권자 ⓒ 파이낸셜뉴스. 무단 전재-재배포 금지 "
309,5,"2018-05-22","17:10:03","주택금융硏 ""보유세 개편안 공정시장가액비율 조정 유력""","90~100%까지 상향땐 공시가 합 20억 다주택자.. 종전보다 192만원 더 내야     다음달 정부의 보유세 개편안 윤곽 발표를 앞두고 종합부동산세(종부세)의 공정시장가액비율을 올리는 방안이 유력하다는 보고서가 나와 주목된다.   주택금융공사 주택금융연구원은 22일 '주택시장 2018년 1·4분기 분석·최후의 카드 보유세 개편의 전망과 과제' 보고서에서 ""보유세는 재산세와 종부세 중 종부세 과세를 현실화하는 방향으로 개편될 것으로 예상된다""면서 ""종부세 현실화는 공정시장가액 비율을 조정하는 방안이 가장 유력하다""고 밝혔다. 연구원은보유세를 올리는 방안으로 △종부세 과세표준 구간별 세율 인상 △과세기준인 공시가격 조정 △공정시장가액 비율 조정 3가지를 꼽았다.   우선 과세표준 구간별 세율 인상은 종부세 납부대상자만 해당돼 특정 집단에만 세금을 더 물릴 수 있다. 종부세는 개인이 보유한 주택 공시가격을 모두 합친 금액에서 6억원(1가구 1주택자는 9억원)을 뺀 뒤 공정시장가액 비율(80%)을 곱해 과세표준을 계산, 이 과세표준 구간별로 적용 세율을 곱해 계산한다. 하지만 세율 조정은 법을 개정해야 해 여야 합의라는 까다로운 절차를 거쳐야 한다. 과세기준인 공시가격에 아파트의 경우 60∼70% 수준인 실거래가 반영률을 올리는 것도 방법이지만 종부세 대상자뿐 아니라 모든 주택 소유자에게 영향을 미쳐 조세저항이 클 것으로 예상된다. 반면 공정시장가액 비율 조정은 법 개정도 필요없고 종부세 대상자만 해당돼 도입절차가 간편하고 조세저항도상대적으로 약할 것으로 전망된다.  보고서는 현재 80%인 공정시장가액 비율을 90∼100%까지 상향 조정할 것으로 내다봤다. 보유한 집들의 공시가격 합이 20억원인 다주택자는 지금은 과세표준이 11억2000만원((20억원-6억원)×80%)이어서 내야 하는 종부세는 421만2000원이다. 그러나 공정시장가액 비율을 100%로 올리면 과세표준은 14억원(20억원-6억원)으로 올라 종부세도 614만원으로 192만8000원 늘어난다.   다만 보고서는 ""공정시장가액 비율을 올리는 정도로는 실질적인 세금부담 증가액이 미미해 영향이 적을 것""이라며 ""보유세 개편은 가격평가 체계 및 과세표준에 대한 문제를 먼저 해결하고 시장의 변화를 고려한 후에 결정해야 한다""고 밝혔다.   aber@fnnews.com 박지영 기자    ▶'모멘텀 집중' 저가에서 매집해둬야 할 상반기 유망주 3선 (지금 확인)   [파이낸셜뉴스 주요뉴스]  → '공천갈등 진화' 나선 바른미래 지도부..살얼음판 여전 → 靑, 드루킹-'親文' 송인배 연루설에 '당혹'‥적극 해명 → 일주일 사이에 로또 1등 2번 당첨된 40대 남성 → 초등생고속도 휴게소 방치 혐의 교사 벌금 800만원 → 심부전 위험 줄이려면, 일주일간 150분 운동하라  ▶ <긴급공개> 억대계좌 이종목에서 또 터진다!    ※ 저작권자 ⓒ 파이낸셜뉴스. 무단 전재-재배포 금지 "
309,6,"2018-05-22","17:10:00","카드사 노조, 수수료 차등화 공론화 나선다","[머니투데이 주명호 기자] [카드노조협의회, 소상공인단체 수수료 인하 압박 대안으로 수수료 차등화 제시]     카드회사 노동조합이 카드 가맹점 수수료 차등제 도입을 공론화한다. 수수료 차등제는 매출 5억원 이상 일반가맹점에 대해 매출 규모에 따라차등적으로 수수료율을 적용하는 방식으로 소상공인단체의 수수료 인하 주장에 대한 대안으로 카드사 노조가 제시했다.   22일 금융권에 따르면 6개 카드사 노조로 구성된 카드사노조협의회는 6월 중으로 카드 수수료를 주제로 한 공청회 개최를 검토 중이다.   카드사 노조는 지난달부터 연구용역을 통해 대형가맹점에 부과되는 수수료 체계 적절성 여부를 검증하고 있다. 노조협의회 관계자는 “지방선거 이후에 공청회를 열 수 있도록 준비중”이라며 “연구용역을 통한 수수료 차등제 근거도 함께 제시할 것”이라고 밝혔다.   금융당국과 카드업계는 ‘신(新) 가맹점 수수료 체계’에 따라 올해 태스크포스(TF)를 구성해 카드 수수료 원가(적격비용) 재산정 작업을 진행중이다. 2012년 여신전문금융업법(여전법) 개정으로 금융당국과 카드업계는 3년마다 카드 수수료 원가를 재산정해 수수료율을 정한다.   하지만 이와 별도로 카드 수수료를 인하해야 한다는 목소리가 높다. 소상공인 단체들은 카드사들이 연매출 5억원 이상인 일반가맹점에 최고수수료율인 2.5%를 적용하고 있다며 1% 수준으로 낮춰야 한다고 주장하고 있다.   정치권도 카드 수수료 인하 압박을 지속하고 있다. 지난달 24일 정의당은 카드 수수료 인하를 주제로 토론회를 열고 카드 수수료 상한선을 1.5% 수준으로 낮춰야 한다고 주장했다.   카드사 노조는 일괄적으로 2.5%가 적용된다고 볼 수 없지만 대형가맹점과의 차등화는 필요하다고 주장했다. 노조 관계자는 “유흥업소 같은곳은 최대 수수료율을 적용하고 있지만 다른 곳은 그렇지 않다”며 “다만 대형가맹점에게 돌아가는 수혜를 줄여 일반가맹점 수수료 인하 여지를 만들 필요가 있다”고 말했다      주식담보대출도 이제 부담없는 금리로 가능(안내: 02-3775-1497)   ▶▶ 2018년 상반기 급등 예상 종목 BEST 10 (바로 확인)   <키워드림론> 최저금리로 신용·미수 대환 하는 유일한 방법은    [파워 인터뷰]      [관련기사] ☞ 오는 10일 이건희 삼성회장 '와병 만4년'…장비없이 자가호흡 ☞ ""딸이 더 좋아""…보육원에 남겨진남아(男兒)들 ☞ 아들 곁으로 간 구본무 회장…슬픔 이기고 LG 24년 이끌어 ☞ 성공을부르는 말하기? ""목소리를 낮게 내보세요"" ☞ ""할아버지, 존경해요""…구본무 회장 향한 추모들      주식매입자금? 전화 한통화면 당신은 스마트컨슈머!    최저금리로 신용·미수 대환 하는 가장 경제적인 방법 (바로 확인)   ‘개미’말고 ‘슈퍼 투자자’되고 싶다면?...‘이것’만 잘 이용해도 가능해요!       주명호 기자 serene84@mt.co.kr    <저작권자 ⓒ '돈이 보이는 리얼타임 뉴스' 머니투데이, 무단전재 및 재배포 금지>"
309,7,"2018-05-22","17:09:53","1분기 가계대출 실질금리 2.38%… 2년6개월만에 최고","올해 1·4분기 가계대출 실질금리가 2년6개월 만에 가장 높은 것으로 나타났다. 실질금리는 명목금리에 물가상승률을 뺀 지표로 체감금리라 할 수 있다.   22일 한국은행, 통계청 등에따르면 올해 1·4분기 예금은행의 가계대출 가중평균 실질금리(신규취급액 기준)는 연 2.38%로 조사됐다. 이는 2.54%를 기록한 지난 2015년 3·4분기 이후 최고치다. 가계대출 실질금리는 2012∼2013년 3%대를 기록한 이후 한은이 기준금리를 내리면서 실질금리도 덩달아하락했다. 한은의 기준금리가 2016년 6월 역대 최저인 연 1.25%로 내려간 후 2017년 3·4분기엔 1.12%까지 떨어졌다.   하지만 지난해 말 한은이 정책금리를 올리기 시작하자 실질금리도 2%대로 복귀했다.  가계대출 실질금리 상승 배경에는 소비자물가 상승세가 올 들어 지지부진한 것도 이유다. 올해 1·4분기 소비자물가 상승률은 2016년 3·4분기(0.7%) 이후 가장 낮았다.   결국 대출수요가 여전한 상태에서 실질금리가 오르면 높은 금리를 감당할 수밖에 없는 상황으로 내몰릴 것이라는 지적이다.   금융권 관계자는 ""최근 대출규제 풍선효과로 신용대출, 마이너스통장 대출이 늘고 있는데 이들 대출은 변동금리가 많다""며 ""주택담보대출을 충분히 받지 못한 취약계층이 대출금리 상승 부담을 먼저, 직접적으로 받을 수 있어 걱정스럽다""고 우혀했다.  aber@fnnews.com 박지영 기자    ▶'모멘텀 집중' 저가에서 매집해둬야 할 상반기 유망주 3선 (지금 확인)   [파이낸셜뉴스 주요뉴스]  → '공천갈등 진화' 나선 바른미래 지도부..살얼음판 여전 → 靑, 드루킹-' 親文' 송인배 연루설에 '당혹'‥적극 해명 → 일주일 사이에 로또 1등 2번 당첨된 40대 남성 → 초등생 고속도휴게소 방치 혐의 교사 벌금 800만원 → 심부전 위험 줄이려면, 일주일간 150분 운동하라  ▶ <긴급공개> 억대계좌 이종목에서 또 터진다!    ※ 저작권자 ⓒ 파이낸셜뉴스. 무단 전재-재배포 금지 "
310,1,"2018-05-22","17:03:07","[fn와인 에티켓] 피크닉와인 준비 이렇게","돌려 딸 수 있는 스크류캡 와인 선택     본격적인 여름철을 앞두고 쾌청하고 맑은 날씨가 이어지면서 와인 등 각종 주류를 가지고 나들이 가는 소비자들이 늘고 있다.야외에서 제대로 와인을 즐기기 위해서도 준비가 필요한 법. 간편함과 실속을 모두 챙길 수 있는 팁을 전달한다.   와인을 마실 때 통상적으로 와인오프너, 와인잔 등이 필요하다. 야외에서 간편함을 더하려면 첫 선택시 와인오프너 없이도 손으로 돌려딸 수 있는 스크류캡와인 위주로 선택하는 것이 좋다. 와인이 남을 경우 다시 뚜껑을 돌려서 닫을 수 있어 와인병이 엎어져도 피크닉 매트나 의류에 와인이 묻을확률을 현저히 줄일 수 있다.   무더운 날 스파클링 와인이나 화이트 와인을 마신다면 인근 편의점에서 얼음이 들은 테이크아웃용컵을 구매해보자. 가장 간편한 방법일 뿐더러 대개 1000원 이하로 가격도 부담없다. 각얼음이 들은 가득 들은 봉투도 3000원대로 구매할 수있는데 약간의 물을 넣은 후 스파클링이나 화이트 와인 병을 각얼음 봉투 안에 넣어두면 와인의 온도가 더운 날씨로 인해 높아지는 것을 방지할 수 있다. 와인잔을 챙겨나오지 않은 경우에도 간편하게 사용할 수 있다.   실외에서 와인을 먹다보면 평평하지 않은 바닥 때문에 와인을 쏟는 경우가 실내에서 보다 잦게 발생한다. 집에 가서 세탁할 때는 이미 골든 타임이 지난 경우가 많다. 먼저 가까운 편의점이나마트에서 당분없는 탄산수와 물티슈를 구매한다. 물티슈에 탄산수를 묻혀 와인얼룩이 묻은 부분을 최대한 빠르게 닦아내는게 좋다.   onsunn@fnnews.com 오은선 기자    ▶'모멘텀 집중' 저가에서 매집해둬야 할 상반기 유망주 3선 (지금 확인)   [파이낸셜뉴스 주요뉴스]  → '공천갈등 진화' 나선 바른미래 지도부..살얼음판 여전 → 靑, 드루킹-'親文' 송인배 연루설에 '당혹'‥적극 해명 → 일주일 사이에 로또 1등 2번 당첨된 40대 남성 → 초등생 고속도 휴게소 방치 혐의 교사 벌금 800만원 → 심부전 위험 줄이려면, 일주일간 150분 운동하라  ▶ <긴급공개> 억대계좌 이종목에서 또 터진다!    ※ 저작권자 ⓒ 파이낸셜뉴스. 무단 전재-재배포 금지 "
310,2,"2018-05-22","17:02:59","[fn와인셀러] 트라피체 싱글빈야드 말벡 콜레토","불에 구운 바베큐 등 육류와 잘 어울려          한국인들은 역시 '강렬한 맛'을 선호한다. 맵고 짠 음식이 인기가 많은 것도 비슷한 이유다. 와인도 마찬가지다. 첫 맛이 강한 와인이 대게 한국인들에게 선호도가 높다. 호주 쉬라즈나 칠레의 까베르네 소비뇽 등이 강렬한 맛의 대표적인 예다. 공통적으로 입에 넣었을 때 진한 풍미가 확 퍼지는게 특징이다.  한국인이 좋아하는 모든 조건을 갖춘 말벡 와인이 드디어 국내에 상륙한다. 한국인이 선정한 말벡 와인, 한국인 입맛에 딱 맞는 말벡 와인 '트라피체 싱글빈야드 말벡 콜레토(사진)'가 이달말 출시된다.  '트라피체 싱글빈야드 말벡 콜레토'는 한국의 와인전문가 및 소비자 대표로 선정된 40여명의 그룹을 대상으로 블라인드 테이스팅을 통해 한국인 입맛에 가장 잘 맞는 와인 1위로 선정됐다.   트라피체 와이너리는 회사와 협약을 맺고 있는 100여 개의 포도밭 가운데서도 최상으로 꼽히는 3개의 밭에서 생산된 품종만을 엄선했다. 그 말벡 와인 3개를 다시 한 번 한국인에 입맛에 맞춰 단 하나만 선택한 것이트라피체 싱글빈야드 말벡 콜레토다.   달콤한 검은 과일 아로마와 스코미한 오크향, 스파이시한 향신료향이 복합적으로 어우러져있다. 플럼, 블랙체리의 진한 풍미에 토스트, 바닐라의 뉘앙스가 입 안에서 감돌며 탄탄하지만 부드러운 질감을 가진 탄닌이 마지막까지 인상적인 긴 여운을 남긴다. 불에 구운 바베큐 등 육류와 마시기 좋은 와인이다.   onsunn@fnnews.com 오은선 기자   ▶'모멘텀 집중' 저가에서 매집해둬야 할 상반기 유망주 3선 (지금 확인)   [파이낸셜뉴스 주요뉴스]  → '공천갈등 진화' 나선 바른미래 지도부..살얼음판 여전 → 靑, 드루킹-'親文' 송인배 연루설에 '당혹'‥적극 해명 → 일주일 사이에 로또 1등 2번 당첨된 40대 남성 → 초등생 고속도 휴게소 방치 혐의 교사 벌금 800만원 → 심부전 위험 줄이려면, 일주일간 150분 운동하라  ▶ <긴급공개> 억대계좌 이종목에서 또 터진다!    ※ 저작권자 ⓒ 파이낸셜뉴스. 무단 전재-재배포 금지 "
310,3,"2018-05-22","17:02:54","北, '南기자단 거부'로 대미 메시지…비핵화 '판'은 유지","[머니투데이 박소연 기자] [[the300]북미회담 앞두고 협상력 높이기…한미정상회담 메시지, 향후 남북관계 중요 변수]   22일 풍계리 핵실험장 폐기 현장을 취재하려던 우리 기자단의 방북이 북한의 명단 접수 거부로 끝내 무산됐다. 북한은대남 강경공세를 이어갔으나, 핵실험장 폐기는 예정대로 진행하면서 비핵화 대화의 '판'을 완전히 깨지는 않은 것으로 보인다.   한국을 제외한 미국, 중국, 러시아, 영국 등 4개국 외신기자단은 이날 오전 9시48분(현지시간) 베이징 서우두 공항에서 고려항공기를 통해 원산으로 출발했다. 우리 정부는 전날에 이어 이날 오전 9시(한국시간) 판문점 연락채널이 개시된 후 우리 취재진 명단을 북측에 통보하려 했으나 북측이 거부해 우리 취재진의 이날 원산행은 무산됐다.   앞서 북측은 지난 12일 풍계리 핵실험장 폐기 의식을 23~25일 진행하겠다고 공식 발표하면서 한국·중국·미국·러시아·영국 기자단을 초청했다. 이어 15일 우리측에 남측 1개 통신사와 1개 방송사 기자를 4명씩 초청한다고 통지했다. 그러나 북측은 지난 16일 남북고위급회담을 무기연기킨 이후 18일부터 이날까지 우리측의 풍계리 취재진 명단 접수를 받지 않았다.   우리 기자단은 베이징 인근에서 대기하는 방안도 고려했으나, 북한의 전용 항공기가 이날 원산으로 떠난 상황에서 우리측 기자단이 향후 베이징을 통해 방북할 수 있는 가능성은 낮다는 정부의 판단에 따라 일단 귀환키로 했다. 정부 당국자는 ""정부가 열심히 노력했으나 안타깝다""며""(베이징에) 우리 취재진이 더 있을 이유가 없어 보인다""고 말했다.    정부는 이날 조명균 통일부 장관 명의의 입장문을 내고 우리측 기자단의 방북이 이뤄지지 못한 데 대해 ""안타깝고 유감""이라고 밝혔다. 정부는 남북 간 모든 합의들을 반드시 이행하는 것이 '판문점선언'의 취지인 점을 지적하면서도 ""북측이 공약한 비핵화의 초기조치인 풍계리 핵실험장 폐기가 예정대로 진행되고 있는 점은 주목하며, 북한의 이번 조치가 북미정상회담의 성공적 개최로 이어지기를 기대한다""고 말했다.   북측이 18일 우리측 기자단의 명단 접수를 거부하면서 한때 풍계리 핵실험장 폐기 행사가 지연되거나 취소되는 게 아니냐는 우려가 나왔으나이날 외신기자들의 방북은 예정대로 진행되자 정부는 내심 안도하는 분위기다. 북한이 남북관계 냉각 기류와 별개로 국제사회와 약속한 비핵화 조치는 지키겠다는 의미로 읽히기 떄문이다.   양무진 북한대학원대학 교수는 ""북한이 풍계리 핵실험장 폐기행사를 취소했다면 문제가 되지만 우리만 빠지고 외신 기자단이 갔다면 대세에큰 영향은 없다""며 ""북미정상회담도 차질이 없으리라 본다. 김정은이 비핵화를 안 할 거면 핵실험장을 폭파할 필요가 없다""고 평가했다.   북측이 우리 기자단의 풍계리 핵실험장 취재 배제라는 강경 카드까지 꺼낸 것은 다음달로 예정된 북미정상회담을 앞두고 대미협상력을 높이려는 의도가 깔려있는 것으로 보인다. 북미 간 조율된 비핵화 방법과 의제에 돌발변수가 생기지 않도록 남북관계를 활용해 미국의 긴장감을 높이고 있다는 분석이다.    홍민 통일연구원 연구위원은 ""북미정상회담 전까지 미국을 긴장시키게 하는 소재로 북한이 남북관계를 활용하고 있다""며 ""폼페이오와 김정은이 '만족한 합의'를 이뤘다고 한 것을 봤을 때 큰 틀의 합의는 이룬 것으로 보이는데 여기서 북한에 불리한 변수가 생기지 않도록 관리하는것이다. 북한 매체에서 연일 판문점선언의 역사적 의의를 강조하는 것을 볼 때 남북관계의 판을 깨는 것으로 보이지 않는다""고 밝혔다.   조한범 통일연구원 선임연구위원은 ""맥스선더 훈련이나 탈북 종업원 문제 등은 새로운 게 아니라 이미 북한이 알고 있었던 일""이라며 ""급격한 북한의 비핵화 포기 등 노선변경으로 인한 내부 반발을 조정하는 과정에서 북한이 약한 고리인 남측을 활용해 강경입장을 표현하는 것 같다""고 말했다.   남북관계 냉각 국면의 해소 여부는 23일 새벽(한국시간) 예정된 한미정상회담에 달려있다는 분석이다. 한미 정상이 북한을 달랠 만한 메시지를 내면서 성의를 보인다면 북측도 이를 명분삼아 남북관계 냉각 기류를 서서히 접을 것으로 전망된다. 일각에선 북한이 23일 오후까지 우리측 기자단의 풍계리 핵실험장 방북 취재를 허용할 가능성이 열려있으며, 육로 등을 통해 단시간 내에 풍계리에 접근할 수 있다고 보고 있다. 북미정상회담도 김정은 국무위원장과 도널드 트럼프 대통령이 모두 정치적 사활을 걸고 있단 점에서 예정대로 열릴 것으로 보인다.   다만 지난 16일부터 이어진 북한의 대남 강경 공세로 문재인 정부로서는 한반도 평화정착을 이끌어가는 정책 추진력에 다소 제동이 걸렸다.올들어 상승세를 보이다 4·27 남북정상회담을 계기로 극대화된 대북 신뢰도도 다시금 떨어지고 있어 향후 정부의 정책 추진에 부담으로 작용할 것으로 우려된다.      주식담보대출도 이제 부담없는 금리로 가능(안내: 02-3775-1497)   ▶▶ 2018년 상반기 급등 예상 종목 BEST 10 (바로 확인)   <키워드림론> 최저금리로 신용·미수 대환 하는 유일한 방법은    [파워 인터뷰]      [관련기사] ☞ 오는 10일 이건희 삼성회장 '와병 만4년'…장비없이 자가호흡 ☞ 아들 곁으로 간 구본무 회장…슬픔 이기고 LG 24년 이끌어 ☞ 성공을 부르는 말하기? ""목소리를 낮게 내보세요"" ☞ "" 할아버지, 존경해요""…구본무 회장 향한 추모들 ☞ 자연으로 돌아간 구본무 회장 마지막길…소리없는 '울음바다'      주식매입자금? 전화 한통화면 당신은 스마트컨슈머!    최저금리로 신용·미수 대환 하는 가장 경제적인 방법 (바로 확인)   ‘개미’말고 ‘슈퍼 투자자’되고 싶다면?...‘이것’만 잘 이용해도 가능해요!       박소연 기자 soyunp@mt.co.kr    <저작권자 ⓒ '돈이 보이는 리얼타임 뉴스' 머니투데이, 무단전재 및 재배포 금지>"
310,4,"2018-05-22","17:02:50","""와인도 마셔본 사람이 더 잘 마신다"" 와인업계 체험형 행사 봇물","소비자, 와인문화 직접 체득.. SNS 등 입소문마케팅 주력         지난 18일 서울 청담동 테일러샵에서 열린 '콘차이토로 마르께스 데 까사 콘차 블랙타이' 런칭파티에서 참석자들이 와인을 맛보고 있다.   ""블랙타이! 살룻('건배'라는 의미의 스페인어)!""  지난 18일 저녁 서울 청담동의 한 테일러샵. 블랙으로 옷을 맞춰입은 20~30대 남녀들이 삼삼오오 모여들었다. 참석자들은 와인을 한 잔씩 손에 들고 자유롭게 층을 오가며 이야기를 나누고 사진을 찍는다. 간단한 핑거푸드와 함께 와인을 즐기고, 베스트 드레서로 꼽힌 참석자에게는 상품도 증정됐다. 흡사 친목 파티의 한 장면같은 이 행사는 와인 수입사 금양인터내셔날의 신제품 '콘차이토로 마르께스 데 까사 콘차 블랙타이'의 론칭파티다.  22일 업계에 따르면 최근 와인시장에 젊은 소비자가 증가하면서 새로운 소비자층을 잡기 위한 마케팅 경쟁이 분주하다.   와인 시장에 첫 번째 붐이 일었던 2007~2008년엔 호텔, 레스토랑 등에서 주로 판매되고 소비자 연령층도 높았다면, 점점 젊어지는 소비자층에 맞게 마케팅 방식도 달라지고 있는 것. 소믈리에, 와인 전문가의 조언 대신 소셜네트워크서비스(SNS) 등을 통해 정보를 얻는 최근 트렌드에 힘입어 와인업계도 체험형 행사를 통한 입소문 마케팅에 주력하고 있다.  금양인터내셔날의 콘차이토로 마르께스 데 까사 콘차 블랙타이 론칭행사는 맞춤 수트를 제작.판매하는 테일러샵에서 진행됐다. 기존 와인 런칭행사가 호텔에서 식사와 함께 와이너리의 설명을 듣는 것에서 그쳤던 것과는 다른 방식이다.   금양인터내셔날 관계자는 ""'블랙타이'라는 제품명을 효과적으로 인지시키기 위해 기획된 행사""라고 설명했다.   참석자 전원은 사전에 전달받은 드레스코드에 따라 블랙 수트와 블랙 드레스 등을 입고 행사에 참여했다. 이날 행사에서는 와이너리의 신제품 프레젠테이션 외에도 테일러 클래스, 탠댄스 공연, 럭키드로우 등의 이벤트가 진행됐다.   또 업계 관계자들이 주로 참석했던 기존 론칭파티들과 달리 패션 인플루엔서, 인스타그래머 등이 주로 참여하며 소비자와의 친근감을 높였다. 와인을 직접 구매하는 소비자들에게 직접적으로 브랜드를 인지시키고 좋은 경험을 제공함으로써 입소문을 유도한다는 전략이 반영됐다.   최근 젊어진 와인 소비자들은 전문가의 조언 없이 스스로 SNS 등을 통해 와인을 구매하는 경향이 강해 이들을 통한 마케팅 전략이 주효해진 것도 한 몫했다.  이와 관련해 최근 금양인터내셔날은 젊은층을 공략한 체험형 이벤트에 집중하고 있다.   오는 24일에는 이태리 피에몬테의 유명 와이너리 '미켈레 끼아를로' 와인메이커 방한 기념으로 국내 유명 쿠킹 스튜디오와 협력한 '피에몬테 와인&쿠킹 클래스'를 진행할 예정이다. 단순히 페어링된 음식과 와인을 먹는 디너, 런치 행사에서 벗어나 소비자들의 피에몬테 식문화에 대한 이해를 돕기 위해 행사를 마련한 것.   뿐만 아니라 오는 6월 4일에는 아르헨티나 말벡 품종인 트라피체 와인메이커 방한 기념, 탱고와 함께하는 호텔 디너도 예정돼 있다.  금양인터내셔날 김재윤 팀장은 ""그동안 와인업계는 와인 전문 미디어나 소믈리에 등 업계 관계자들과 프라이빗하게 행사를 진행하는 것이 다반사였다""며 ""이제는 소비자들이 직접 와인을 알고 싶어하고 시장을 주도하는 만큼, 소비자들이 직접 브랜드를 경험하고 와인 문화를 몸으로 체득할 수 있게끔 이색적인 브랜드 체험형 이벤트로 와인 마케팅 트렌드가 변모할 전망""이라고 밝혔다.  아영FBC 역시 매년 고객 초청 행사를 진행 중이다.   지난해 4월 무똥까데 3번째 리뉴얼 제품 출시를 기념하기 위해 '무똥까데 얼반 빈야드' 행사는 매년 2회씩 진행되는 행사로, 주 소비자층인 20~30대 직장인.전문직 종사자들을 대상으로 진행된다.   도심속의 힐링, 도심속의 휴식을 모토로 하며 프랑스 보르도 현지의 포도밭을 옮겨 놓은 듯 재현한 것이 특징이다. 음식과 음악, 그리고 무똥까데 와인을 직접 즐길 수 있는 이 행사는 올해도 준비 중이다.   onsunn@fnnews.com 오은선 기자   ▶'모멘텀 집중' 저가에서 매집해둬야 할 상반기 유망주 3선 (지금 확인)   [파이낸셜뉴스 주요뉴스]  → '공천갈등 진화' 나선 바른미래 지도부..살얼음판 여전 → 靑, 드루킹-'親文' 송인배 연루설에 '당혹'‥적극 해명 → 일주일 사이에 로또 1등2번 당첨된 40대 남성 → 초등생 고속도 휴게소 방치 혐의 교사 벌금 800만원 → 심부전 위험 줄이려면, 일주일간 150분 운동하라  ▶ <긴급공개> 억대계좌이종목에서 또 터진다!    ※ 저작권자 ⓒ 파이낸셜뉴스. 무단 전재-재배포 금지 "
310,5,"2018-05-22","17:02:25","현대百 ""축구에 빠진 덕후들 다 모여라""","백화점업계, 불황 속 고객지갑 열기 위한 프로모션 풍성 축구 관련 이벤트·할인행사           현대백화점이 축구에 빠진 '덕후(한 분야에 열중하는 사람)'를 위한 대형 행사를 열어 눈길을 끈다.  현대백화점은 오는 23일부터 27일까지 목동점 7층 토파즈홀에서 축구 관련유명 웹매거진 '오버더피치'와 함께 '풋볼 라이프스타일 페어(사진)'를 연다고 22일 밝혔다.   이번 행사에서는 다양한 축구 관련이벤트와 함께 할인 행사·플리마켓 등을 진행한다.   먼저 현대백화점은 오는 26일과 27일 양일간 '플리마켓'을 연다. 행사에서는 '오버더피치' 구독자들이 유명 축구 선수 사인 유니폼, 한정판 등 소장 가치가 있는 다양한 아이템을 판매할 예정이다.  또한 오는 23일부터 27일까지 행사장 옆에 위치한 갤러리H에서는 '오버더피치'의 축구 관련 사진를 전시회를 열어 레플리카(상업용 유니폼) 모델 화보와 함께 모델들이 착용했던 실제 레플리카 등을 선보인다.  축구·스포츠 관련 용품을 할인 판매하는 행사도 진행한다. 오는 23일부터 27일까지 나이키·아디다스·카파·퓨마 등 4개 브랜드의 상품을 최대 50% 할인 판매한다. 대표 상품은 나이키 축구저지(4만9000원~13만5000원), 축구화(8만9000원~25만9000원), 등이다.   이와 함께 행사 기간 플레이스테이션 게임 등 다양한 이벤트도 연다.   행사장 한 켠에 마련된 플레이스테이션 부스에서 '프리킥' 게임과 오후 1시부터 6시까지 축구공 차서 과녁을 맞추는 '과녁게임'을 진행한다. 성공한 고객들에게는 '캡슐뽑기 참여권'을 제공한다. 참여권이 있으면 캡슐뽑기를 통해 텀블러· 비치타올·카드케이스 등의 사은품을 받을 수 있다.   오는 27일에는 사전에 접수한 고객을 대상으로 플레이스테이션 축구게임 대회도 진행할 예정이다.   kim091@fnnews.com김영권 기자   ▶'모멘텀 집중' 저가에서 매집해둬야 할 상반기 유망주 3선 (지금 확인)   [파이낸셜뉴스 주요뉴스]  → '공천갈등 진화' 나선 바른미래 지도부..살얼음판 여전 → 靑, 드루킹-'親文' 송인배 연루설에 '당혹'‥적극 해명 → 일주일 사이에 로또 1등 2번 당첨된 40대 남성 → 초등생 고속도 휴게소 방치 혐의 교사 벌금 800만원 → 심부전 위험 줄이려면, 일주일간 150분 운동하라  ▶ <긴급공개> 억대계좌 이종목에서 또터진다!    ※ 저작권자 ⓒ 파이낸셜뉴스. 무단 전재- 재배포 금지 "
310,6,"2018-05-22","17:02:07","신세계百 ""최대 80% 할인… 명품족 모여라""","백화점업계, 불황 속 고객지갑 열기 위한 프로모션 풍성 300여개 브랜드 참여 역대급 명품시즌오프     불황에도 명품 매출이 급증하면서 신세계가 온·오프라인에서 해외 명품 행사로 고객 지갑 열기에 나선다. 신세계몰은 17일부터 해외 명품 사은행사, 백화점은 25일부터 해외 브랜드 시즌 오프를 연다.   불황에도 불구하고 해외 명품 매출은 꾸준히 늘고 있다. 올해 1월부터 5월까지 신세계몰의 명품 장르는 전년 대비 20.5% 신장했다. 신세계백화점 역시 2015년엔 2.7%였던 명품 장르 신장률은 2017년 18.4%로 뛰었다. 17일부터 진행한 프리 오픈 행사에서도 4일 동안만 명품 매출만 3억원 넘게 기록할 정도로 주목을 받았다.   특히 명품을 찾는 연령대가 낮아지면서 2030 소비자들을 사로잡기위해 총력전을 펼친다. 온라인에 익숙한 젊은 고객이 늘어나면서 명품도 인터넷에서 구매하는 경우도 늘었다. 실제로 신세계몰 20대 고객이선호하는 브랜드 탑 10 중 절반이 명품일 정도로 젊은 명품 고객이 많아졌다.   이런 추세에 따라 신세계몰은 해외 명품 장르 사은행사를 기획했다. 젊은 층을 위해 준비한 이번 '럭셔리 유스 컬쳐' 이벤트는 발렌티노, 지방시, 생로랑, 펜디, 프라다, 골든구스, 비비안웨스트우드 등 럭셔리 브랜드 16개가 총출동 한다. 2030세대가 즐겨 찾는 해외직구 공식 스토어인 '육스' '루이자비아로마' 등도 참여해 오직 신세계몰에서만 구매 가능한 상품들을 선보인다.  신세계백화점에서도 25일부터 해외 명품 시즌 오프를 시작한다. 본점, 강남점, 센텀시티점, 대구신세계 등 주요 점포에서 진행하는 이번 행사는 300여개의 브랜드가 참여하는 역대급 행사다.   분더샵 여성·남성, 마이분, 분주니어 등 신세계에서만 만날 수 있는 의류 편집샵 뿐만 아니라 슈 컬렉션 등 다양한 잡화도 최대 80% 할인한다. 이번 명품 할인 행사는 펜디, 프라다, 생로랑, 페라가모, 보테가베네타, 미우미우 등의 브랜드가 대거 참여했다.  분더샵 여성은 베트멍, 아뇨나, 셀린, 클로에, 사카이, 메종마르지엘라 등 브랜드를 최대 50%까지 할인 판매한다. 분더샵 남성에선 아크네, 베트멍, 오프화이트, 드리스반노튼, 마르니, 알렉산더맥퀸 등 유명 브랜드가 대거 참여한다. 아동복도 풍성하다. 최대 40%의 할인율로 만나볼 수 있는 '분주니어'는 스텔라매카트니, 폴스미스, N21, 지방시, 겐조 등의 브랜드가 참여한다.   padet80@fnnews.com 박신영 기자    ▶'모멘텀 집중' 저가에서 매집해둬야 할 상반기 유망주 3선 (지금 확인)   [파이낸셜뉴스 주요뉴스]  → '공천갈등 진화' 나선 바른미래 지도부..살얼음판 여전 → 靑, 드루킹-'親文' 송인배 연루설에 '당혹'‥적극 해명 → 일주일 사이에 로또 1등 2번 당첨된 40대 남성 → 초등생 고속도 휴게소 방치 혐의 교사 벌금 800만원 → 심부전 위험 줄이려면, 일주일간 150분 운동하라  ▶ <긴급공개> 억대계좌 이종목에서 또 터진다!    ※ 저작권자 ⓒ 파이낸셜뉴스. 무단 전재-재배포 금지 "
310,7,"2018-05-22","17:02:01","반도체 이송장비업체 싸이맥스 매출 2배 늘어","경기 화성·안성시에 본사와 공장을 둔 싸이맥스(대표 엄주용)는 2005년 설립됐다. 반도체 장비전문기업인 싸이맥스는 이제 겨우 13세의 젊은 기업이지만 업계에서는 강한 기업으로 손꼽히고 있다.   그동안 끊임없는 연구개발(R&D) 투자를 통해 한껏 끌어올린 기술 경쟁력 덕택에 삼성전자, SK하이닉스 등 글로벌 반도체 기업들이 고객이다.  실제로 창업 2년 만인 2007년 미국 브룩스오토메이션이 선점하고 있던 반도체 웨이퍼 이송 장비의 국산화에 성공했다. 이를 바탕으로 2008년에는 SK하이닉스 반도체 협력업체로, 2009년에는 삼성전자의 웨이퍼 이송 자동화모듈(EFEM·Equipment Front End Module) 표준화 업체로 각각 선정되면서 급성장했다. EFEM은 반도체 공장에서 웨이퍼를 이송하는 핵심 장비다.   싸이맥스는 EFEM과 함께 진공상태 웨이퍼 반송 장비(CTS·Cluster Tool System), 웨이퍼 용기 도어 개폐 장비(LPM·Load Port Module) 등 다양한 웨이퍼 이송 장비 개발·제조능력을 보유하고 있다. 지난해 매출액(1640억원)의 78%를 반도체 이송 장비 사업에서 벌어들였다. 싸이맥스의 급성장 비결로는 연구개발을 통해 확보한 업계 최고 수준의 핵심 기술력, 고객 요구를 곧바로 반영하는 고객 맞춤 제작(Customizing) 능력이 꼽힌다. 미래에셋대우 보고서에 따르면 자체 기술로 개발한 다양한 이송 모듈을 조합해 자동화 시스템으로 구현하는 툴 오토메이션(Tool automation) 능력은 업계에서 단연 최고다. 싸이맥스는 이를 바탕으로 반도체 기업의 요구에 맞춰 이송 장비를 커스터마이징하는 능력까지 갖췄다. 삼성전자(직접공급), 세메스, 원익IPS, 테스, 어플라이드 머티어리얼즈, ASMGK, 피에스케이, 한미반도체 등 10여 개 글로벌 기업에서싸이맥스 이송장비를 채택하는 비율이 상승하고 있는 이유이기도 하다. 2016년 삼성전기와 2017년 한미반도체가 각각 싸이맥스 이송 장비를채택하면서 반도체 전공정에 국한된 사업모델을 후공정까지 확장해 성장성을 보여줬다는 평가가 나왔다. 회사 설립 10년 만인 2015년 6월에는 코스닥시장에 상장됐다. 싸이맥스의 급성장에 힘입어 올 5월 현재 1200여 개 상장기업 중 시가총액 기준(1322억원) 515위를 달리는 저력을발휘하고 있다. 엄주용 싸이맥스 대표는 ""싸이맥스는 경쟁사와 비교해 품질, 가격, 고객 대응력에서 특화된 경쟁력을 지니고 있다""면서 ""특히 고객 대응력은 세계 최고 수준""이라고 자부했다.    '5170프로젝트'를 통해 커스터마이징·불량 처리 능력을 키우고 있다는 점을 강조한 것이다. 싸이맥스는 라인별 담당자를 지정해 5분 내 고객 대응이 가능하도록 하고, 불량 조치 내역을 데이터베이스로 만들고 작업을 표준화해 1시간 내 현장 조치가 가능하다. 또한 제품 생산 공정 불량과 고장 유형을 분석해 기존 불량률을 70% 줄이는 정책을 강도 높게 추진하고 있다.    2014년 이후를 '성장기'로 규정한 싸이맥스는 EFEM등 주력장비를 차세대형으로 고도화하고 사이드 버퍼(Side Buffer), 파티클 저감형 EFEM 신규 장비 개발에 전력하고 있다. 여기에 현재 매출액의 80%를 국내 고객사가 차지하고 있는 상황에서 적극적으로 국외 고객사를 찾아나선다는 계획도 세웠다. 아직 개척하지 못한 국외 반도체기업에 싸이맥스만이 지니고 있는 기술력과 맞춤형 제작 시스템을 적극 알려 고객사 비중을 늘린다는 것. '백년 기업'을 지향하고 있는 싸이맥스에는 매출 다변화는 필요충분조건이기 때문이다. 잠재력이 무궁무진한 중국시장 공략도 싸이맥스가 노리고 있는 경영방침 중 하나다. 엄대표는 ""웨이퍼 이송 장비 업체지만 우리의 노력이 들어간 반도체 기술이 휴대폰, 자동차 등 일상생활에 많이 접목되고 있는 것을 보면 자부심이 생긴다""면서 ""앞으로도 세상을 바꾸는 기술 기업으로 끊임없이 성장을 추구하겠다""고 말했다. 미래에셋대우가 전망한 올해 싸이맥스의매출액과 영업이익은 각각 2010억원과 294억원이다.    [화성 = 지홍구 기자]      ☞ 5月 반드시 주목해야될 종목!! ☞ 5月 큰 수익 원한다면, 이 종목부터 빨리 매수해라!!! ☞ 지금 100만원 있다면, 이 종목부터 사라! ☞ ""세계최초 신약개발"" 드디어 올것이 왔다! 주목해라!!      [ⓒ 매일경제 & mk.co.kr, 무단전재 및 재배포 금지]"
311,1,"2018-05-22","16:59:23","신혼특별공급, 지방 넘치고 서울은 품귀","일반분양 이어 특별공급도 서울.지방 격차 더 벌어져 특별공급 청약자 늘어나도 비수도권은 미분양 '속출'         일반 분양에 이어 아파트 특별공급 청약도 지역간 양극화가 심화되고 있다. 서울의 경우 대부분의 특별공급 부문에서 경쟁이 치열하지만 지방에서는 신청자체가 없는 단지까지 등장했다. 특히 이달부터 신혼부부 특별공급이 두배로 늘어나며 청약자가 급증한 점이 눈길을 끌었다.   ■특별공급 인터넷 청약… 경쟁률 치솟아   22일 국토교통부에 따르면 아파트 특별공급은 국가유공자, 장애인, 신혼부부, 다자녀가구, 노부모 부양자 등 정책적 배려가 필요한 사회계층의 주택마련을 지원하기 위해 일반공급과의 청약경쟁 없이 별도로 분양 받을 수 있도록 하는 제도다.   특히 그동안 견본주택에서만 가능했던 특별공급 청약이 지난 4일부터 금융결제원 아파트투유에서도 가능해졌다. 특별공급 청약을 위해불편한 몸을 움직여야 했던 장애인들의 신청이 수월해졌다는 평가다.   지난 4일 이후 분양한 아파트의 특별공급 경쟁률은 수도권과 비수도권이 뚜렷한 격차를 보인다.   지난 14일 특별공급을 접수한 e편한세상 문래의 경우 95가구 모집에 1006명이 몰리며 평균경쟁률 10.6대 1을 기록했다. 특히 이달부터 모집물량이 두배로 늘어난 신혼부부 특별공급은 45가구 모집에 948명이 몰려 21대 1의 높은 경쟁률을 보였다.   15일 특별공급을 실시한 '영등포 중흥S-클래스'는 75가구 모집에 563명이 청약을 접수해 7.5대 1의 경쟁률을 나타냈다. 청약은 신혼부부 특별공급에 몰렸다. 34가구 모집에 533명이 청약을 접수해 15.7대 1의 경쟁률을 기록하며 높은 관심을 증명했다.   서울과 가까운 용인에서 분양한 성복역 롯데캐슬 파크나인 2차는 특별공급 314가구 모집에 236명이 신청해 미달됐다. 하지만 청약자대부분이 신혼부부 특별공급을 신청했고 122가구 모집에 205명이 몰렸다. 다자녀 특별공급으로 전용면적 101㎡와 116㎡에 40가구를 배정지만접수는 4명에 그쳤다.   ■지방은 특공도 미분양 속출   특별공급은 청약가점제가 적용되지 않기 때문에 가점이 낮은 신혼부부가 새집을 마련할 수 있는 유일한 통로다. 기존 아파트 가격이 높아지며 그나마 신규 분양이 도전해 볼 수 있는 기회이기 때문. 이달부터 신혼부부 특별공급이 20%로 확대되고 인터넷 청약까지 가능해지며 신청자가 늘었다는 평이다.   하지만 서울과 달리 지방에서는 줄줄이 미달이 나타나고 심지어 특별공급 청약이 없는 단지까지 등장했다.   95가구를 배정한 전주 평화3차 골드클래스와 69가구를 모집한 완주 이안 이서로가 2단지는 특별공급 청약자가 한명도 없었고 490가구를 모집했던 경주 두산위브 트레지움은 신청자가 17명에 불과했다. 473가구를 특별공급에 배정한 청주 동남지구 우미린 1차도 신청자는 고작 7명이었다.   특별공급 미분양물량은 이달부터탈락자를 대상으로 추첨해 공급하도록 했다. 여기서도 미계약분이 나올 경우 일반공급으로 전환된다.   부동산업계 관계자는 ""수요가 많은 서울이나 수도권 지역은 신혼부부 특별공급 확대의 효과가 나타나고 있는 것""이라며 ""다만 지방의 경우 의무적으로분양물량의 20%를 맞추는게 현실적인지는 의문""이라고 말했다.   cynical73@fnnews.com 김병덕 기자   ▶'모멘텀 집중' 저가에서 매집해둬야 할 상반기 유망주 3선 (지금 확인)   [파이낸셜뉴스 주요뉴스]  → ' 공천갈등 진화' 나선 바른미래 지도부..살얼음판 여전 → 靑, 드루킹-'親文' 송인배 연루설에 '당혹'‥적극 해명 → 일주일 사이에 로또 1등 2번 당첨된 40대 남성 → 초등생 고속도 휴게소 방치 혐의 교사 벌금 800만원 → 심부전 위험 줄이려면, 일주일간 150분 운동하라  ▶ <긴급공개> 억대계좌 이종목에서 또 터진다!    ※ 저작권자 ⓒ 파이낸셜뉴스. 무단 전재-재배포 금지 "
311,2,"2018-05-22","16:59:13","`슈퍼루키` 최혜진 女 세계랭킹 7위로","한국여자프로골프(KLPGA) 투어 '슈퍼루키' 최혜진(19·롯데)이 여자골프 세계랭킹 7위에 오르며 자신의 개인 최고 순위를 다시 한번 경신했다. 지난 21일(한국시간) 발표된 여자골프 세계랭킹에서 최혜진은 7위로 한 계단 올라섰다. 반면 김인경은 8위로 내려갔다.   최혜진은 세계랭킹에 포함되는 2년간 35개 대회에 출전해 180.31점을 얻어 평균 5.15점을 기록했다. 이번주에는 두산 매치플레이 챔피언십에서 16강에 오르며 랭킹포인트 2.4점을 추가했다. 지난달 크리스 KLPGA 챔피언십에서 공동 2위를 하며 처음으로 9위에 오른 최혜진은 2주 뒤 8위로 올라선 뒤 바로 7위로 올라가는 무서운 질주를 보이고 있다.   세계랭킹 7위는 KLPGA투어 소속 선수가 기록한 역대 최고 순위 신기록이다. 2017년 LPGA투어에 데뷔한 박성현은 데뷔 직전인 2016년 말 세계랭킹 8위를 3주간 유지한 바 있다.   박인비는 앞서 끝난 KLPGA투어 두산 매치플레이 챔피언십에서 우승을 차지하며 세계랭킹 포인트 20.5점을 추가해 5주 연속으로 1위 자리를 지켜냈다. 또 세계랭킹 포인트 평균 7.87점으로 2위 펑산산(6.99점)과 격차를 더욱 벌렸다.   또 에리야 쭈타누깐(태국)이 5위로 올라선 가운데 언니 모리야 쭈타누깐도 10위에 오르며 '자매 톱10'에도 성공했다.    [조효성 기자]      ☞ 5月 반드시 주목해야될 종목!! ☞ 5月 큰 수익 원한다면, 이 종목부터 빨리 매수해라!!! ☞ 지금 100만원 있다면, 이 종목부터 사라! ☞ ""세계최초 신약개발"" 드디어 올것이 왔다! 주목해라!!      [ⓒ 매일경제 & mk.co.kr, 무단전재 및 재배포 금지]"
311,3,"2018-05-22","16:59:04","박성현, LPGA 볼빅챔피언십 출격","지난해 미국여자프로골프(LPGA) 투어에 입성한 박성현(25·KEB하나은행)은 초반에 3위와 공동 4위 등을 했지만 우승이 없었다. 그리고 지쳐갈 때쯤 한국 대표 골프볼 기업인 볼빅이 주최한 볼빅 챔피언십에서 공동 2위에 오르며 데뷔 후 최고 성적을 냈다.   그리고 기세를 이어 메이저대회인 US 여자오픈에서 우승을 차지하고 이어 캐나다 여자오픈을 제패하며 상금왕, 신인상, 올해의 선수까지 휩쓸었다.   1년 뒤 박성현은 2년 연속 우승을 노리는 US 여자오픈을 앞두고 다시 한 번 볼빅 챔피언십에서 기분 좋은 상승세를 이어갈 준비를 하고 있다. 올해는 이미 1승을 한 터라 마음도 가볍다.   LPGA투어 볼빅 챔피언십은 오는 25일(한국시간)부터 나흘간 미국 미시간주 앤아버 트래비스 포인트 컨트리클럽(파72·6734야드)에서 열린다.  박성현에게 최고의 시나리오는 지난해 아쉬운 준우승을 설욕하고 기분 좋게 US 여자오픈으로 기세를 이어가는 것이다. 지난해 박성현은 볼빅챔피언십에서 펑산산의 기록에 딱 1타가 부족해 이민지(호주)와 함께 공동 2위에 머물렀다.   라이벌들도 만만치 않다. US 여자오픈을 앞두고 마지막 컨디션 점검을 하기 위해 모두 출사표를 던졌기 때문. 킹스밀 챔피언십 우승자 에리야 쭈타누깐과 지난해 챔피언 펑산산이 우승을 노린다. 하지만 세계랭킹 1위 박인비는 시차 적응을 위해 한 주간 휴식을 취하기로 했다.    [조효성 기자]      ☞ 5月 반드시 주목해야될 종목!! ☞ 5月 큰 수익 원한다면, 이 종목부터 빨리 매수해라!!! ☞ 지금 100만원 있다면, 이 종목부터 사라! ☞ ""세계최초 신약개발"" 드디어 올것이 왔다! 주목해라!!      [ⓒ 매일경제 & mk.co.kr, 무단전재 및 재배포 금지]"
311,4,"2018-05-22","16:59:02","[사진] 佛心을 票心으로···","추미애(왼쪽) 더불어민주당 대표가 부처님오신날인 22일 오전 대구 동화사에서 열린 팔공총림 봉축대법회에 참석해 스님과 인사하고 있다(위 사진). 홍준표(앞줄 오른쪽부터) 자유한국당, 유승민 바른미래당, 이정미 정의당 대표가 같은 날 서울 조계사에서 열린 봉축법요식에 참석해 합장하고 있다(아래 사진). /연합뉴스    ▶▶ 2018년 정부 정책 수혜주 TOP 10 大공개! (바로 확인)  ▶▶ 재료노출 임박한 상위1%의 극비정보 30명한정 공개(무료)    [ⓒ 서울경제, 무단 전재 및 재배포 금지]"
311,5,"2018-05-22","16:59:01","'우산도 준비 못했는데…' 비오는 휴일 거리","서울, 경기 지역에 비가 내린 22일 서울 여의도에서 우산이 없는 시민들이 비를 피해 걸어가고 있다. 기상청은 23일 낮부터 다시 맑아지겠지만 중서부와 충청, 호남은 오후에 미세먼지 농도가 '나쁨' 수준을 보이겠다고 예보했다.   사진=김범석 기자   mountjo@fnnews.com 조상희 기자  ▶'모멘텀 집중' 저가에서 매집해둬야 할 상반기 유망주3선 (지금 확인)   [파이낸셜뉴스 주요뉴스]  → '공천갈등 진화' 나선 바른미래 지도부..살얼음판 여전 → 靑, 드루킹-'親文' 송인배 연루설에 '당혹'‥적극 해명 → 일주일 사이에 로또 1 등 2번 당첨된 40대 남성 → 초등생 고속도 휴게소 방치 혐의 교사 벌금 800만원 → 심부전 위험 줄이려면, 일주일간 150분 운동하라  ▶ <긴급공개> 억대계좌 이종목에서 또 터진다!    ※ 저작권자 ⓒ 파이낸셜뉴스. 무단 전재-재배포 금지 "
311,6,"2018-05-22","16:58:54","상승세 박상현, 시즌 2승 거둘까","올해 국내 남자골프 대회는 계획된 전체 17개 중 이제 불과 3개를 치렀을 뿐인데 상금 2억원 이상을 번 선수가 두 명이나 나왔다. 지난주 SK텔레콤오픈에서 생애 첫 우승을 차지한 권성열(32)이 2억5000만원으로 상금 1위이고, GS칼텍스 매경오픈 챔피언 박상현(35·사진)이 2억2880만원으로 2위를 달리고 있다.   남자골프 선수들은 사상 처음으로 5억원 이상을 번 선수가 두 명 나온 지난해에 이어 올해도 '상금 잔치'가 이어지면서 입가에 미소가 가득하다. 특히 5월과 6월에 거액 상금 대회가 몰려 있어 치열한 '쩐의 전쟁'을 예고했다. 올해 17개 대회에 걸린 총상금 141억원 중 두 달 동안 걸린 상금이 84억원에 달한다. 전체 총상금 규모의 60%나 된다.   24일부터 나흘간 인천 잭니클라우스 골프클럽(파72)에서 열리는 제네시스 챔피언십은 상금 잔치 정점에 있는 대회다. 총상금이 국내 최다인 15억원이고 우승상금 역시 최고액인 3억원에 달한다. 누가 이 우승상금의 주인공이 돼도 당장 상금 선두를 꿰찰 수 있을 정도다. 고급 승용차제네시스G70 한 대도 부상으로 마련됐다.   GS칼텍스 매경오픈 우승, SK텔레콤오픈 9위 등 2개 대회에서 연속 '톱10' 성적을 낸 박상현은 이번 대회에서도 강력한 우승 후보 중 한 명이다. 일본프로골프투어(JGTO)와 국내 투어를 병행하고 있지만 일본 대회를 잠시 쉬고 상반기에는 국내 대회에 집중할 계획이다.   지난해 상금왕에 올랐던 김승혁(32)은 대회 2연패에 도전한다. 박상현과 마찬가지로 2개 대회에 출전했지만 지난해 보여줬던 고감도 아이언샷이 아직 진가를 발휘하지 못하며 공동 35위(SK텔레콤오픈)와 공동 40위(GS칼텍스 매경오픈)에 머물렀다. 박상현과 김승혁뿐 아니라 JGTO에서주로 뛰는 선수가 대거 대한해협을 건너왔다. 국내에서 3승, 일본에서 4승을 거둔 김형성(38)과 국내에서 2승, 일본에서 2승을 올린 류현우(37), 작년 KPGA 선수권대회에서 우승한 황중곤(26)도 우승을 노린다.   미국프로골프(PGA) 투어의 최경주(48)도 SK텔레콤오픈에 이어 2주 연속 출전하고 PGA투어에서 뛰던 재미동포 위창수(46)도 모처럼 국내 골프팬 앞에 선다. 이 밖에 개막전인 동부화재 프로미오픈을 제패한 전가람(23), 새로운 스타로 떠오른 이형준(26)과 이정환(27) 등이 시즌 첫 우승에 도전한다.    [오태식 기자]      ☞ 5月 반드시 주목해야될 종목!! ☞ 5月 큰 수익 원한다면, 이 종목부터 빨리 매수해라!!! ☞ 지금 100만원 있다면, 이 종목부터 사라! ☞ ""세계최초 신약개발"" 드디어 올것이 왔다! 주목해라!!      [ⓒ 매일경제 & mk.co.kr, 무단전재 및 재배포 금지]"
311,7,"2018-05-22","16:58:44","지옥에 초대받은 10대… ""죽고 싶었다""","학교내 '사이버 불링' 급증 메신저로 집단 욕설·괴롭힘.. 자살 시도 등 후유증 심각 범죄라는 인식 심어줘야     초대장도 없다. 영문도 모른채 지옥으로 초대돼 얼굴도 모르는 사람들로부터 욕설을 들어야 한다. 스마트폰이 보급에 따라 학교 내 사이버 불링이 늘어나면서 이 같은 피해를 호소하는 학생들이 늘고 있다. 이 때문에 사이버 불링을 심각한 범죄행위로 인식해야 한다는 주장이 제기되고 있다. 사이버 불링(Cyber Bullying)이란 스마트폰 등을 이용해 온라인에서 욕설을 퍼붓거나 허위정보를 퍼트리는 등의 행위를 일컫는 말이다. ■성폭력 2차 가해, 욕설 난무 사이버 불링에 당한 학생들은 실제로 자살을 시도할 정도로 괴로움과 후유증에 시달리고 있다. 충청도에 거주하는 W양(16)은 평소 친하게 지내던 친구 2명과 사소한 일로 시비가 붙어 다퉜다. 얼마지나지 않아 W양은 '카톡감옥'으로 초대받았다.  W양을 기다리던 동급생 6명은 W양의 사진을 캡쳐해 올리며 '이XX 못생겼다', '얘 완전쓰레기다'는 등의 모욕적인 발언을 퍼붓기 시작했다. W양 부모에 대한 욕설도 난무했다. W양이 단톡방에서 나오고 다시 초대되는 일이 반복됐고 결국 사흘간 괴롭힘이 이어졌다. W양이 대답을 해도 안 해도 욕 먹기 일쑤였다.  W양은 ""이때 너무 힘들어서 손목을 긋기까지 했다. 지금도 희미하게 흉터가 남았다""며 ""이 일이 있은 후 친구를 사귀는 게 너무 힘들다""고 토로했다. ■"" 심각성 인식, 학폭위 처분 내려야"" 사이버 불링은 스마트폰 보급 등에 따라 꾸준히 증가하고 있다. 22일 교육부에 따르면 2012년 신고된 사이버 불링은 900건, 2013년 1082건, 2014년 1283건, 2015년 1462건, 그리고 2016년에는 2122건까지 증가했다.  2017년 학교폭력 실태조사에 따르면 전체 교내 괴롭힘 중 사이버 폭력 비중이 10%에 달한다. 또 학교 밖에서 일어나는 폭력 중 사이버공간 내 폭력 비율이 가장 큰 것으로 조사됐다. 현재 학교폭력예방 및 대책에 관한 법률상 사이버 불링은 학교폭력대책자치위원회(학폭위)를 통해 처벌가능하다. 그러나 일부는 학폭위를 열지 않고 학교차원에서 사태 확산에 대한 무마를 시도했다는 주장도 나왔다. 사이버 불링에 시달렸던 J양의 아버지 정모씨(48)는 ""아이가 학교 폭력 상담기관에 전화를 걸어 신고했으나 당시 상담사가 '다음에도 또 그러면 신고하라'고만 했다""고 말했다. 이어 ""이후 다시 신고하자 해당 기관이 학교에 연락했고, 학교 측은 딸에게 '별 일도 아닌데 왜 학교가 아닌기관에 신고를 했냐'며 핀잔을 줬다""고 울분을 터뜨렸다.  이와 관련, 한국사이버성폭력대응센터 서승희 대표는 ""교사들이 사이버 불링을 '아이들 싸움'으로 간주해 자체적으로 정리하는 경우가 있다. 화해하라고 종용하는 방식은 근본을 해결하기 어렵다""며 ""사이버 불링을 심각하게 받아들이고 학폭위를 통해 처분을 내려야 한다""고 지적했다.  서 대표는 또 ""사이버 공간에서는 죄의식 없이 가해행위를 저지르기 때문에 피해 후유증이 더 심각하다""며 ""형식적인 사이버불링 예방 교육이 아니라 폭력에 대한 감수성을 기르는 방향으로 교육이 진행될 필요가 있다""고 강조했다.   kua@fnnews.com 김유아 기자  ▶'모멘텀 집중' 저가에서 매집해둬야 할 상반기 유망주 3선 (지금 확인)   [파이낸셜뉴스 주요뉴스]  → ""강남도 2∼3억 내려야 팔린다""..혼돈의 부동산 시장 → 靑, 드루킹-'親文' 송인배 연루설에 '당혹'‥적극 해명 → 법정에 선 이명박, 직접 쓴 입장문에 무슨 내용 담겼나 → ""책값 비싸졌다"" vs ""아니다"".. 도서정가제 논란 → 하루 계란 한 개 섭취 시 우리 몸에 일어나는 긍정적 효과  ▶ <긴급공개> 억대계좌 이종목에서 또 터진다!    ※ 저작권자 ⓒ 파이낸셜뉴스. 무단 전재-재배포 금지 "
312,1,"2018-05-22","16:52:35","女 몰카범 구속, 男 성폭행범 불구속…""이럴 줄 알았다""","[머니투데이 남형도 기자] [잇따른 유사 사건에 법원 구속영장 '발부-기각' 논란…비판 여론 팽배]     경찰이 20대 남성 성폭행범을 검거해 구속영장을 신청했지만 법원이 기각한 사실이 드러났다. 이 사건이 최근 논란이 불거졌던 '홍대 누드모델 몰카 사건'과 비교되며 비판의 화살이 사법부를 향하고 있다. 남성인 성폭행범은 풀어주면서 여성인 몰카범은 구속시켰다는 것. ""이래도성차별이 아니냐""며 여성들의 공분이 커지는 분위기다.   22일 뉴시스에 따르면 서울 관악경찰서는 지난달 8일 오전 성폭행 당했다는 20대 여성의 신고를 받고 출동해 관악구 한 모텔에서 범행을 벌인 20대 남성을 긴급체포했다. 범행 7시간만에 붙잡힌 남성 휴대전화에는 범행 당시 상황이 담긴 영상은 물론 또 다른 여성 4명과의 성관계 영상도 발견됐다. 피의자는 경찰 조사에서 지난해 9월부터 여성들과 성관계 중 몰카를 찍었다며 혐의를 인정했다.   경찰이 수사 확대 차원에서 법원에 구속영장을 신청했지만 기각됐다. 피의자가 혐의를 인정했고, 증거가 확보됐으며, 사는 곳이 일정해 도주우려가 없다는 이유였다. 경찰은 이후 이 남성을 소환 조사했으나 성실히 응하지 않아 신고자 외에 추가 피해 여성들에 대한 수사를 제대로마무리하지 못하고 16일 검찰에 송치했다.   이 사건은 여성들로 하여금 또 다른 사건을 떠올리게 했다. 홍대 누드모델 몰카 사건이다. 앞서 지난 13일 서울 서부지법은 여성 모델 안모씨(25)를 경찰에 구속했다. 안씨는 대학 미술 수업 중 남자 모델의 나체 사진을 몰래 찍어 유포한 혐의를 받고 있다. 서울 서부지법은 ""증거인멸과 도망의 염려가 있다""고 구속영장 발부 사유를 설명했다.    이에 몰카 뿐 아니라 성폭행 혐의를 받고 있는 남성 가해자는 풀어주고, 몰카 혐의를 받고 있는 여성 가해자만 구속했다는 비판 여론이 팽배해졌다.   특히나 홍대 누드모델 몰카 사건 이후 '편파 수사' 논란이 일며 대규모 집회까지 열렸던 터였다. 다음카페 '불법촬영 성 편파수사 규탄시위' 는 19일 서울 종로구 마로니에공원에서 '편파수사 규탄' 집회를 개최한 바 있다. 당시 경찰 추산 1만명, 주최측 추산 1만2000명의 여성이 모여 수사기관을 비판했다.   이에 앞서 청와대 홈페이지에도 ""편파 수사를 없애달라""는 청원이 올라와 40만명이 넘는 지지를 얻었다. 이에 이철성 경찰청장은 21일 ""홍대몰카사건의 경우, 제한된 공간에 20여명만 있어서 수사가 신속하게 진행됐을 뿐""이라며 ""성별에 따라 수사가 달라지는 것은 아니다""라고 답변한 바 있다. 이어 ""영장은 가해자가 휴대전화를 한강에 버리고, 온라인 게시글을 삭제 요청하는 등 증거를 인멸해 법원에서 발부했다""고 덧붙였다.   잇따른 유사 사건에 내려진 사법부의 다른 판단을 두고 여성들은 ""이럴 줄 알았다""며 공분하고 있다. 직장인 김소연씨(33)는 ""여성은 몰카 사진을 찍었다고 중범죄자 취급을 하며 포토라인에 세우고 구속하지 않았느냐""며 ""정작 남성이 가해자인 성폭행범은 풀어줬다. 이래도 차별이아니라 할 수 있느냐""고 꼬집었다. 주부 조모씨(35)도 ""홍대 사건 피의자보다 더한 범죄를 저질렀는데 구속영장이 기각됐다니 기가 막힌 일"" 이라며 ""법원 스스로 성찰해봐야 할 것""이라고 비판했다.   한편 지난주에 이어 이번주에도 여성들의 관련 시위가 이어질 전망이다. 회원수 3000명 규모의 또 다른 카페(성별에 따른 차별수사 검경 규탄시위)에선 26일 오후 2시, 추가 집회를 개최할 예정이다.      주식담보대출도 이제 부담없는 금리로 가능(안내: 02-3775-1497)   ▶▶ 2018년 상반기 급등 예상 종목 BEST 10 (바로 확인)   <키워드림론> 최저금리로 신용·미수 대환 하는 유일한 방법은    [파워 인터뷰]      [관련기사] ☞ 오는 10일 이건희 삼성회장 '와병 만4년'…장비없이 자가호흡 ☞ ""딸이 더 좋아""…보육원에 남겨진남아(男兒)들 ☞ 아들 곁으로 간 구본무 회장…슬픔 이기고 LG 24년 이끌어 ☞ "" 할아버지, 존경해요""…구본무 회장 향한 추모들 ☞ 자연으로 돌아간 구본무 회장 마지막길…소리없는 '울음바다'      주식매입자금? 전화 한통화면 당신은 스마트컨슈머!    최저금리로 신용·미수 대환 하는 가장 경제적인 방법 (바로 확인)   ‘개미’말고 ‘슈퍼 투자자’되고 싶다면?...‘이것’만 잘 이용해도 가능해요!       남형도 기자 human@    <저작권자 ⓒ '돈이 보이는 리얼타임 뉴스' 머니투데이, 무단전재 및 재배포 금지>"
312,2,"2018-05-22","16:52:20","한국, 아프리카에 2년간 5조4천억원 금융협력 제공하기로","한국, 아프리카에 2년간 5조4천억원 금융협력 제공하기로  ""판문점 선언 환영…한반도 평화가 아프리카-한국 협력에 중요""  한국, 미국이 추진하는 아프리카 전력 사업에도 참여하기로   (부산=연합뉴스) 이세원 기자 = 한국은 아프리카 국가의 산업화를 위해 2년간 5조원이 넘는 금융협력을 제공하기로 했다.  22일 오후 부산 벡스코에서 열린 한국-아프리카 경제협력회의(KOAFEC) 라운드테이블(장관급회의)에서 아프리카 참가국과 한국은 이런 내용이 담긴 경제협력 실행계획과 공동선언문을 발표했다.   이에 따라 한국은 2019~2020년 2년에 걸쳐 50억 달러(약 5조4천270억원) 규모의 금융협력 패키지를 아프리카 측에 제공할 예정이다.  한국과 아프리카는 기반시설 개발, 정보통신기술, 인적자원 개발, 농촌 개발, 기후변화, 개발경험 공유 등 6대 협력 분야를 중심으로 인프라(하드웨어)와 역량개발(소프트웨어) 측면에서 협력한다.  양측은 공동선언문에서 지난달 남북정상회담 결과 나온 '판문점 선언'을 환영한다고 밝혔다.  또 한국과 아프리카가 장기적으로 안정적인 경제협력 관계를 추구하기 위해서는 한반도의 평화가 중요하며 아프리카도 이를 지지한다는내용도 성명에 담겼다.  이번 회의를 계기로 아프리카의 개발을 위해 한국과 국제기구 등이 협력하기로 하는 내용의 양해각서(MOU)도 체결됐다.   김동연 경제부총리 겸 기획재정부 장관과 아킨우미 아데시나 아프리카개발은행(AfDB) 총재는 이날 한국과 아프리카의 인적ㆍ기술 교류 확대를 골자로 하는 한국청년기술봉사단 협력 MOU를 체결했다.  또 한국이 KOAFEC 2019~2020년 신탁기금에 1천800만 달러를 추가 출연하기로 협약했다.  한국 정부는 대외협력기금(EDCF)을 활용해 미국 국제개발처(USAID)가 추진하는 아프리카 전력 지원 사업에도 참여하기로 했다.  김 부총리와 마크 그린 USAID 처장이 이날 아프리카 전력 분야 지원을 위한 협력 MOU를 체결했다.  이에 따라 한국 정부는 아프리카 지역에서 신재생 에너지를 활용한 발전과 송전망 사업 등이 추진되도록 10억 달러를 지원한다.  sewonlee@yna.co.kr   (끝)    <긴급속보 SMS 신청> <포토 매거진> < M-SPORTS >   <저작권자(c) 연합뉴스, 무단 전재-재배포 금지>"
312,3,"2018-05-22","16:51:49","한국, 2년간 아프리카에 50억弗 금융협력 패지키 제공","[머니투데이 세종=정현수 기자] [부산에서 한·아프리카 경제협력회의 열려…EDCF 자금도 지원]   한국이 아프리카 국가들에 2년 동안 50억 달러의 금융협력 패키지를 제공한다. 한국과 아프리카 국가들의 협력을 강화한다는 취지다.   기획재정부는 22일 아프리카개발은행(AfDB), 한국수출입은행과 제6차 한·아프리카 경제협력회의(KOAFEC)를 개최했다고 밝혔다. 2006년 시작된 KOAFEC은 한국과 아프리카의 장관급 경제협력 플랫폼이다.   올해 KOAFEC은 그 어느 때보다 특별했다. 한국은 AfDB 연차총회를 유치했다. 23일 부산에서 AfDB 연차총회 개회식이 열린다. 따라서 KOAFEC도 역대 최대 규모로 개최됐다.   김동연 부총리 겸 기재부 장관은 이날 아킨우미 아데시나 AfDB 총재와 아프리카 40개국 장·차관, 18개 아프리카 기업 대표 등이 참석한 가운데 KOAFEC 장관급 라운드테이블 회의를 주재했다.   김 부총리는 개회사에서 ""4차 산업혁명이 아프리카의 혁신성장을 위한 좋은 기회가 될 수 있을 것""이라며 ""향후 한·아프리카 협력이 신속성, 효율성, 높은 개발효과, 아프리카의 숨겨진 잠재력 발굴이라는 방향으로 진화해야 한다""고 말했다.   김 부총리는 이날 회의에서 한·아프리카 협력방안에 대한 공동선언문도 발표했다. 인프라 개발, 정보통신기술, 인적자원 개발, 농촌 개발,기후변화, 개발경험 공유가 6대 협력분야로 제시됐다.   특히 공동선언문에서 제시한 목표를 실현하기 위해 앞으로 2년 동안 50억달러의 금융협력 패키지를 제공키로 했다.   한편 김 부총리는 이날 아데시나 AfDB 총재와 한국청년기술봉사단 협력 양해각서(MOU)를 체결하고 KOAFEC 신탁기금 1800만불을 추가로 출연했다.   마크 앤드류 그린 미국 국제개발처(USAID) 처장과의 면담에선 대외경제협력기금(EDCF)과 USAID 간 아프리카 전력분야 지원을 위한 MOU를 체결했다.   이는 USAID가 주도하는 민관 협력 프로그램 '파워 아프리카'에 EDCF도 참여한다는 의미로, 앞으로 6년 동안 아프리카 전역의 신재생 에너지를 활용한 발전, 송전망 사업 등 전력분야에 EDCF 10억달러를 지원한다.     주식담보대출도 이제 부담없는 금리로 가능(안내: 02-3775-1497)   ▶▶ 2018년 상반기 급등 예상 종목 BEST 10 (바로 확인)   <키워드림론> 최저금리로 신용·미수 대환 하는 유일한 방법은    [파워 인터뷰]      [관련기사] ☞ 오는 10일 이건희 삼성회장 '와병 만4년'…장비없이 자가호흡 ☞ ""딸이 더 좋아""…보육원에 남겨진남아(男兒)들 ☞ 아들 곁으로 간 구본무 회장…슬픔 이기고 LG 24년 이끌어 ☞ 성공을부르는 말하기? ""목소리를 낮게 내보세요"" ☞ ""할아버지, 존경해요""…구본무 회장 향한 추모들      주식매입자금? 전화 한통화면 당신은 스마트컨슈머!    최저금리로 신용·미수 대환 하는 가장 경제적인 방법 (바로 확인)   ‘개미’말고 ‘슈퍼 투자자’되고 싶다면?...‘이것’만 잘 이용해도 가능해요!       세종=정현수 기자 gustn99@mt.co.kr    <저작권자 ⓒ '돈이 보이는 리얼타임 뉴스' 머니투데이, 무단전재 및 재배포 금지>"
312,4,"2018-05-22","16:50:51","김동환 백패커 대표 ""K크래프트, 세계에 알릴 플랫폼 될 것""","핸드메이드 수공예품 거래로 국내에서 독보적인 1위를 차지하는 기업이 있다. 지난 2014년 6월 서비스를 시작해 3월말 현재 애플리케이션(앱) 다운로드(이하 누적 기준) 수는 358만, 작가 수는 3,774명, 작품 수는 6만 4,678개에 달한다.   지난해 거래액은 280억원, 지금까지 누적 거래액은 570억원을 기록했다. 올해 500억원, 내년에는 1,000억원 달성이 목표다. 수공예품을 취급하는 이마켓플레이스 시장에서 부동의 1위인 백패커가 그 주인공이다.  김동환(36·사진) 백패커 대표는 22일 서울 마포구 홍익로 본사에서 서울경제신문과 만나 “국내 최대 규모의 수공예품 장터를 뛰어넘어 해외시장에도 국내 작가들의 훌륭한 공예 작품을 알려 나갈 것”이라며 “2,000년 역사를갖고 있는 대한민국 공예사가 지속적으로 발전할 수 있도록 최첨단 정보기술(IT)를 활용해 적극 도울 것”이라고 밝혔다.  한양대 사회학과를 나와 다음커뮤니케이션(현 카카오) 동영상 플랫폼 본부에서 일하던 김 대표는 2009년 블로거 마케팅에 매력을 느끼고 인사이트미디어로 자리를 옮겼다. 당시는 국내 아이폰이 들어오면서 모바일 시장이 새롭게 부상하던 상황이었다.   급속히 성장하는 모바일 시장을 지켜본 김 대표는 2012년 7월 창업에 나섰다. 처음에는 사진 정리나 음악 청취 등 유틸리티 앱 개발이 주력이었다. 개발자와 디자이너 등 3명이 시작한 ‘백패커’는 ‘배낭여행자’라는 이름 그대로, 동남아 곳곳을 여행하면서 앱 개발을 했다. 2013년 대한민국에서 가장 많은 유료앱을 판매한 회사 1위라는 진기록을 세울 정도였다.  수공예품이라는 사업 아이템은 김 대표 개인의 경험이 결정적 계기가 됐다. 그는 “도예과를 나온 사촌동생과 자취를 함께 했는데, 땡볕이나 한파에도 도자기 하나 팔기 어려웠다. 온라인에서 팔려고 했지만 1,000원짜리 중국산저가 제품에 밀려 이마저도 여의치 않았다”고 회고했다.  2014년 6월 수공예품 거래 장터 ‘아이디어스’가 탄생했다. 서비스 오픈후처음으로 판매된 제품은 제이쿤 작가가 만든 수공예 가죽 휴대폰 케이스였다. 이후 작가층은 급속도로 넓어져 지금은 전문작가는 물론 10대중학생부터 전업주부, 경력단절여성, 70대 자영업자까지 다양하다. 제품군도 수제 먹거리부터 의류, 화장품, 액세서리, 가구 등으로 넓어졌다.   김 대표는 성공 비결로 ‘철저한 작가 중심 시스템’을 꼽았다. 하루 종일 손으로 일하는 작가들을 위해 판매 툴을 모바일에 최적화했다. 기존 대부분의 쇼핑몰이 전문가용 카메라로 찍어 보정을 하고 PC로 올리는 방식이었다면, 아이디어스는 스마트폰으로 촬영부터 업로드, 제품 설명까지 모든 것을 한번에 해결할 수 있다.  그렇다고 원하는 작가를 모두 받는 건 아니다. 아이디어스 스카우트 팀은 제작과정을 그린 사진과 글을 바탕으로 작가의 수고가 얼마나 들어갔는지 따진다. 아이디어스의 선발 과정을 거친 작가들의 합격률은 20%에 불과하다.  김 대표는 “아이디어스에 올린 작품이라면 믿을만하다는 신뢰가 전제돼야 한다”며 “작가 역시 독특한 아이디어와 정성을 바탕으로 작품을 만들고, 고객 응대에도 최선을 다하는 서비스 정신을 요구받는다”고 소개했다. 이런 철저한 관리에 힘입어 아이디어스에서 활동하는 작가들의 연 평균 수입은 2,500만원에 달한다. 국내 공예인의 연평균 수입이 1,175만원으로 절반 수준에도 못 미치는 것과 비교하면높은 셈이다. 특히 상위 35% 작가는 5,400만원, 상위 5%는 2억 2,000만원의 수입을 올린다.  백패커의 다음 목표는 수익 모델 확대와해외 시장 진출이다. 김 대표는 “거래액이 크게 늘면서 규모의 경제가 갖춰진 만큼 이를 바탕으로 수수료 등 수익 모델을 구체화할 계획”이라고 설명했다. 기존에 월 5만원의 회비를 통해 작가군 확장에 나섰다면 작가들의 수익이 커지는 지금은 정률의 수수료 정책으로 회사의 볼륨도 키운다는 생각이다.  아울러 해외 시장 공략에 속도를 낼 방침이다. 김 대표는 “우리 작가들의 작품 역량이 해외시장과 견주어도전혀 손색이 없다”면서 “우리나라보다 경제 수준이 높은 미국이나 유럽, 일본 등 선진국을 중심으로 작가들의 수공예 작품을 소개하는 플랫폼으로 거듭날 것”이라고 강조했다. 이어 “K팝이나 K패션, K뷰티처럼 한국의 수공예품인 K크래프트(Crafts)의 성장 가능성도 높다고 확신한다”며 “궁극적으로 아이디어스를 국내외 작가와 소비자를 연결하는 글로벌 플랫폼으로 확장할 것”이라고 포부를 밝혔다. /정민정기자 jminj@sedaily.com    ▶▶ 2018년 정부 정책 수혜주TOP 10 大공개! (바로 확인)  ▶▶ 재료노출 임박한 상위1%의 극비정보 30명한정 공개(무료)    [ⓒ 서울경제, 무단 전재 및 재배포 금지]"
312,5,"2018-05-22","16:50:46","병사 탈영 부추겨 유흥 즐긴 전 부사관 벌금 300만원","같은 부대 내 병사의 탈영을 부추겨 클럽에 데리고간 뒤 밤새 유흥을 즐긴 전 부사관에게 벌금형이 선고됐다.   춘천지법 형사 2단독 조용래 부장판사는 무단이탈교사 혐의로 기소된 육군 모 부대 소속 전 부사관 A씨(28)에게 벌금 300만원을 선고했다고 22일 밝혔다.   A 씨는 지난 1월 4일 오후 8시 43분께 부대 수신전용 전화로 B 병장과 통화했다. 통화 중 A 씨가 B 병장에게 ""서울 클럽에 간다""고 하자, B병장은 ""부럽습니다. 저도 가고 싶습니다""라고 답했다. 그러자 A 씨는 ""같이 가려면 막사 뒤편 창고 옆 우측 길로 가면 낮은 담이 있는데, 그 담을 넘어 밖으로 나와라. 차를 대기시키고 있겠다""고 말했다.   이들은 그날 밤 11시께 부대 담 밖에서 만나 서울의 모 클럽으로 이동해 다음날 오전 6시까지 밤새 유흥을 즐기고 오전 10시 17분께 부대에복귀했다. B 병장은 이날 오전 8시부터 당직 근무가 예정돼있었다.   결국 B 병장은 11시간 동안 부대를 무단이탈한 셈이 됐고, 전 부사관 A 씨는 이를 교사한 혐의로 재판에 넘겨졌다.   부사관 A 씨는 전역 후 민간인 신분으로 재판을 받았다.   재판부는 ""이 범행은 국가 안보의 근간 중 하나인 군 병력의 무단이탈을 교사한 것""이라며 ""피고인이 무단이탈 병사를 데리고 간 곳이 다름아닌 클럽인 점으로 볼 때 죄질이 매우 불량하다""고 양형 이유를 밝혔다. 이어 ""다만 피고인이 현직 복무 중이 아니라 전역을 앞두고 전직 지원교육을 받던 상황에서 범행을 한 점 등을 참작해 형을 정했다""고 덧붙였다.    [디지털뉴스국 문혜령 인턴기자]      ☞ 5月 반드시 주목해야될 종목!! ☞ 5月 큰 수익 원한다면, 이 종목부터 빨리 매수해라!!! ☞ 지금 100만원 있다면, 이 종목부터 사라! ☞ ""세계최초 신약개발"" 드디어 올것이 왔다! 주목해라!!      [ⓒ 매일경제 & mk.co.kr, 무단전재 및 재배포 금지]"
312,6,"2018-05-22","16:50:44","[사진] ""눈으로 먹어요""","22일 서울 양재동 aT 센터에서 열린 ‘제15회 서울 국제 푸드 앤 테이블웨어 박람회’에서 참가자들이 부스를 돌아보고 있다. 이날부터 사흘간의 일정으로 열리는‘제15회 서울 국제 푸드 앤 테이블웨어 박람회’는 식공간과 음식 디자인 연출 등 최신 식문화 트렌드를 엿볼 수 있는 있는 기회를 제공한다. /연합뉴스     ▶▶ 2018년 정부 정책 수혜주 TOP 10 大공개! (바로 확인)  ▶▶ 재료노출 임박한 상위1%의 극비정보 30명한정 공개(무료)    [ⓒ 서울경제, 무단 전재 및 재배포 금지]"
312,7,"2018-05-22","16:50:38","[기자의 눈] 文정부의 잘못된 '이익집단정치'","지난 4월 12일은 연임에 성공한 최승재 소상공인연합회 회장의 취임식이 있던 날이었다. 행사에는 홍준표 자유한국당 대표, 유승민 바른미래당 공동대표, 조배숙 민주평화당 대표 등 각 당 대표들이 대거 참석했다.   사진기자들은 이들이 한 자리에 모인 풍경을 담아내려 연신 플래시를 터뜨렸다. 그러나 카메라 앵글에서 빠진 사람들이 있었다. 추미애 더불어민주당 대표와 홍종학 중소벤처기업부 장관이다. 정부 여당 대표와 주무부처 장관의 부재는 유독 눈길을 끌었다.   정부와 여당이 소공련을 ‘패싱(passing)’하고 있다는 의혹이 끊임 없이 제기되고 있다. 소공련이 최저임금 인상과 근로시간 단축 등 정부의 노동 정책에 선봉에 서서 반대했던 단체라는 근거에서다. 돌아보면 합리적인 의심이다.  지난달 새로 출범한 4기 동반성장위원회 위원 명단엔 3기 동반위원이었던 최승재 소공련 회장의 이름이 빠졌다. 1월 청와대에서 열린 중기인 만찬 간담회에도 최 회장만 초청받지 못했다. 최근에는 중기부가 이례적으로 소공련의 노무 및 회원 자격에 대한 현장점검에 나서자 일각에선 “정부가 소공련 길들이기에 나섰다”는 말까지 나왔다.  문재인 정부는 유독 경제단체와 불편한 관계를 이어가고 있다. 대통령이 취임하자마자 경총에 “성찰이나 반성 없이 잘못된 내용으로 갈등을 일으키는 발언을 함으로써 일자리 정책이 표류하지않을까 굉장히 염려된다”고 날을 세웠던 게 대표적이다. 앞서 김영배 당시 경총 부회장이 정부의 인천공항공사 정규직 전환을 비판한 데 따른 반응이었다. 그로부터 9개월이 지난 후 김 부회장은 사임했다. 일각에선 여당의 유력 정치인이 이 과정에 개입했다는 의혹이 제기됐다. 해당 의원은 소공련의 임원 인선에도 개입했다는 의심을 받고 있다.  물론 각각의 사안에 대한 정부의 입장은 있을 것이다. 하지만 논란이 이어진다면 해프닝이나 우연으로 치부할 수 없게 된다. 각각의 논란은 합리적 의심의 총체를 이루는 요소다. 여기서 합리적 의심은 ‘문재인 정부는 자기 입맛에 맞지 않는 이익집단은 무시한다’는 음모론으로 확산될 소지가 다분하다. 권력의 정점에 있는 만큼 정부와 여당의 행동 하나하나는 정치적 의미를 갖는다. 움직임마다 신중을 기해야 하는 이유다.   더구나 문재인 정부는 경제단체들의 반발에 부딪힐 수밖에 없는 친노동 정책을 전면에 내세우고 등장한 정권이다. 그렇기에 더더욱 경제단체에 ‘톨레랑스’(포용과 관용)를 발휘해야 한다. 반대론자의 목소리를 듣지 않고 내달려서는 결코 정당성을 확보할 수 없다. 민주주의의 재건을 슬로건으로 들고 나온 문재인 정부가 유념해야 할대목이다.  vita@sedaily.com    ▶▶ 2018년정부 정책 수혜주 TOP 10 大공개! (바로 확인)  ▶▶ 재료노출 임박한 상위1%의 극비정보 30명한정 공개(무료)    [ⓒ 서울경제, 무단 전재 및 재배포 금지]"
313,1,"2018-05-22","16:44:06","게임사 실적 책임질 모바일 신작 쏟아진다","국내 게임사들의 올해 실적을 가늠할 모바일게임 신작들이 잇따라 출시되고 있다. 게임시장의 중심이 PC온라인에서 모바일로 옮겨온 상황에서 모바일게임 신작의 성과는 고스란히 게임사 실적을 좌우하는 방향타 역할을 하고 있다.  특히 최근 출시되는 모바일게임은 국내를 넘어 글로벌 시장을 정조준하고 있어 글로벌에서의 성공 여부는 게임사 매출 증가에 큰 영향을 줄 것으로 예상된다.   아이언쓰론 대표 이미지.  22일 게임업계에 따르면 넷마블, 넥슨, 웹젠등의 국내 대표 게임사들이 신작 모바일게임을 연이어 선보이고 있다. 올 1·4분기 게임사 매출 1위 자리를 넥슨에 내준 넷마블은 모바일게임 '아이언쓰론'을 통해 본격적인 신작 출시의 신호탄을 쏘아올렸다. 넷마블이 지난 16일 글로벌 251개국에 동시 출시한 '아이언쓰론'은 올해 첫 넷마블표 모바일게임이라는 점에서 의미가 있다. '아이언쓰론'은 전략과 넷마블이 가장 잘하는 역할수행게임(RPG) 요소를 결합한 새로운 장르의 게임으로, 개발사 포플랫이 3년 동안 50여명을 투입해 개발했다. '아이언쓰론'은 연맹을 통해 전 세계 이용자와 협력하고경쟁하면서 단 하나의 왕좌를 두고 두뇌 싸움을 벌이는 것이 특징이다.  넷마블은 '아이언쓰론'을 통해 글로벌 공략에 박차를 가할 방침이다. 특히 북미 시장에서 '아이언쓰론'의 성공을 기대하고 있다. 이를 바탕으로 글로벌 매출 비중을 더욱 높여나갈 방침이다. 실제 지난해 넷마블의 글로벌 매출 비중은 전체 매출의 54%인 약 1조3000억원을 기록했다. '아이언쓰론이 북미 시장에서 통한다면 글로벌 매출 비중은 더욱 높아질 것으로 예상된다. 넷마블 이승원 웨스턴사업담당 부사장은 ""아이언쓰론은 기획단계부터 글로벌 원빌드 출시를 염두에 두고 개발한 게임""이라며 ""국내는 물론 전 세계 시장에서 좋은 성과를 거둬 글로벌 경쟁력을 입증하고 싶다""고 했다.    카이저 대표 이미지.  넥슨은 내달 7일 다중접속역할수행게임(MMORPG) 장르 '카이저'로 도전장을 내민다. '카이저'는 MMORPG 개발 전문 인력으로 구성된 패스파인더에이트의 첫번째 신작으로 온라인게임 '리니지2' 개발자로 유명한 채기병 PD를 중심으로 3년간 70여명을 투입해 개발했다.  '카이저'는 아이템 1대 1 거래,장원 쟁탈전 등의 콘텐츠로 승부를 볼 예정이다.  이 가운데서도 아이템 1대 1 거래는 PC온라인게임에서 시장경제 활성화를 위해사용되던 시스템으로 신규 이용자의 진입 장벽을 대폭 낮출 것으로 전망된다.   콘텐츠 요소 외에 넥슨은 '카이저'의 마케팅에서부터 차별화를 꾀할 방침이다. 이에 따라 넥슨은 LG전자와 손잡고 공동마케팅을 진행할 예정이다. 공동마케팅은 LG전자가 최근 선보인 스마트폰 'G7씽큐'에 '카이저'를 기본 탑재하는 방식이다. 국내 모바일게임이 스마트폰에 기본탑재 된 것은 '카이저'가 처음이다. 넥슨은 향후에도 신작 모바일게임을 LG전자와 공동마케팅을 통해 선보이는 방향을 고려하고 있다.  패스파인더에이트 채기병 PD는 ""카이저는 MMORPG 개발 경험이 풍부한 전문 인력이 주축이 돼 3년간 제작, 오리지널 지식재산권(IP)을 갖고 있다""며 ""테스트를 통해 얻은 다양한 의견을 반영해 차세대 정통 MMORPG '카이저'의 핵심 콘텐츠를 구현할 것""이라고 말했다. 웹젠이 조만간 선보일 '뮤 오리진2'는 글로벌 시장 공략의 임무와 함께 앞으로의 실적을 뒷받침할 기대작으로 손꼽힌다. 온라인게임 '뮤 온라인'의 지식재산권(IP)을 활용해 개발된전작 '뮤 오리진'은 2015년 국내에 출시돼 애플리케이션(앱) 마켓(장터)에서 최고 매출 1위를 기록하며 인기를 얻었다. 따라서 웹젠 입장에서는 후속작인 '뮤 오리진2'에 거는 기대가 남다르다. '뮤 오리진2'는 전작보다 향상된 그래픽과 정교하게 설계된 게임시스템, 풍부한 게임콘텐츠를 담고 있다. 이 가운데서도 '뮤 오리진2'에는 크로스월드 시스템을 도입해 안드로이드 기기 이용자와 iOS 기기 이용자가 하나의 서버 안에서 게임을 즐길 수 있게 했다. 오동환 삼성증권 연구원은 ""뮤 오리진2의 국내 흥행이 기대된다""며 ""사전예약자가 지난 13일 140만명을 기록했는데, 출시일까지 한달 넘게 남았다는 점을 고려하면 대작의 분기점으로 분류되는 사전예약자 200만명 달성도 가능할전망""이라고 설명했다.  게임업계 관계자는 ""국내 대표 게임사들이 모바일 신작을 연이어 내놓으면서 리니지M, 검은사막 모바일로 굳어진 시장 공략에 나설 예정""이라며 ""국내를 비롯한 글로벌 시장에서의 성공 여부는 게임사 실적에도 고스란히 반영돼 매출 순위를 결정지을 것으로 보인다""고 말했다.  syj@fnnews.com 서영준 기자  ▶'모멘텀 집중' 저가에서 매집해둬야 할 상반기 유망주 3선 (지금 확인)   [파이낸셜뉴스 주요뉴스]  → '공천갈등 진화' 나선 바른미래 지도부..살얼음판 여전 → 靑, 드루킹-'親文' 송인배 연루설에 '당혹'‥적극 해명 → 일주일 사이에 로또 1등 2번 당첨된 40대 남성 → 초등생 고속도 휴게소 방치 혐의 교사 벌금 800만원 → 심부전 위험 줄이려면, 일주일간 150분 운동하라  ▶ <긴급공개> 억대계좌 이종목에서 또 터진다!    ※ 저작권자 ⓒ 파이낸셜뉴스. 무단 전재-재배포 금지 "
313,2,"2018-05-22","16:44:01","스타트업 생존전략 ""카카오와 경쟁하거나 카카오에 올라타거나""","카카오가 올 3·4분기부터 카카오 주문하기 서비스를 중소사업자로 확대하면서 배달애플리케이션 1위 사업자 배달의민족(우아한형제들)과 진검 승부가 불가피해졌다. 카카오는 '카카오톡 플랫폼 연결'을 지향하거나 글로벌 플랫폼 이용자 편의 경쟁에서 밀리지 않기 위해 서비스를 확장하지만 해당 분야의 스타트업은 플랫폼 공룡이 진출하면 사업이 흔들리는 위기에 직면한다. 이에 배달의민족처럼 자체 경쟁력을 갖추거나 오히려 카카오톡 플랫폼에 올라타 이용자를 손쉽게 확보하고 카카오와 협력을 선택하는 스타트업도 늘고 있다.  22일 관련 업계에 따르면 카카오 주문하기가 예고한 중소사업자 서비스 확대는 치킨, 자장면, 족발 등 일반 음식점의 배달 서비스를 시작하는 것으로 받아들여지고 있다. 배달의민족, 요기요, 배달통이 경쟁하고 있는 약 15조원 규모의 국내 배달앱 시장에 카카오도 본격적으로 뛰어든다는 것이다.   카카오톡 더보기에 있는 카카오 주문하기 사전 예약 페이지 카카오 측은 중소사업자의 요구에 따라 카카오톡 주문하기의 서비스 범위를 확장하는 것이라는 입장이다. 또 인공지능(AI) 스피커인 ' 카카오미니'에서 전화 주문 기능 활용도를 높이기 위해서 중소사업자로 서비스 확장을 결정한 측면도 있다는 설명이다. 지난해 배달의민족은네이버에 약 350억원의 투자를 받으면서 네이버 AI스피커 '프렌즈'에 음식 주문 기능을 제공하고 있고, 최근 구글은 개발자회의에서 AI 스피커 '구글홈'에 적용한 전화 주문 기능을 선보인 바 있다. 카카오 관계자는 ""중소사업자의 요구도 있었고, 카카오톡과 카카오미니 이용자에게 더 많은 서비스를 제공하기 위해 내린 결정""이라면서 ""카카오톡 플랫폼 연결 차원은 아니다""고 말했다.  하지만 배달앱 업계는 카카오가 중식, 한식 등 일반 음식점 배달을 본격화하는 '신호탄'으로 보고 카카오 배달앱 출시 여부를 주시하고 있다. 배달앱 시장의 성공 관건은 △월간활성이용자수(MAU) △파트너사인 일반음식점수 △UX, UI 등 이용자 편의성 등으로 꼽힌다. 카카오는 이미 4300만명의 카카오톡 이용자가 있다. 업계 한 관계자는 ""현재 이용자는 습관적으로 모바일 배달앱을 켜고 주문하고 있어 카카오택시와 같은 별도 앱이 출시되는지가 관건""이라면서 ""카카오톡 더보기 안에 카카오가 꿈꾸는 플랫폼 세상이 있지만 카카오 주문하기를 이용자가 찾아들어가 단기간에 승부를 낼 수 있을 지는 미지수""라고 내다봤다.  스타트업 중에서는 카카오 플랫폼을 활용하거나 아예 투자를 받아 적극적은 협력 관계를 모색하는 곳도 있다.  중소기업을 위한 매출관리 서비스 '캐시노트'를 선보인 한국신용데이터는 사업모델부터 카카오톡 플랫폼을 기반으로 했다. 서비스 출시 1년이 넘지 않아 캐시노트를 쓰는 중소기업은 5만곳을 넘어설 정도로 폭발적으로 성장했다. 카카오는 캐시노트의 가능성을 높게 평가해 서비스 출시 6개월 만에 한국신용데이터에 40억원을 투자하기도 했다. 나우버스킹은 줄을 서서 기다리는 대신 휴대폰 번호를 입력하면 실시간 대기 정보를 전달받는 '나우웨이팅' 서비스를 카카오톡 기반으로 운영하고 있고, 스캐터랩도 카카오톡 서버를 활용해 대화형 AI 서비스 '연애의 과학'을 이용자에게 보내주고 있다. 스타트업계 한 관계자는 ""카카오를 일종의앱스토어라고 생각하고 카카오와 선제적으로 협력하면 단독 파트너가 되면서 후발주자를 막는 진입장벽이 될 수도 있다""고 말했다. gogosing@fnnews.com 박소현 기자  ▶'모멘텀 집중' 저가에서 매집해둬야 할 상반기 유망주 3선 (지금 확인)   [파이낸셜뉴스 주요뉴스]  → '공천갈등 진화' 나선 바른미래 지도부..살얼음판 여전 → 靑, 드루킹-'親文' 송인배 연루설에 '당혹'‥적극 해명 → 일주일 사이에 로또 1등 2번 당첨된 40대 남성 → 초등생 고속도 휴게소 방치 혐의 교사 벌금 800만원 → 심부전 위험 줄이려면, 일주일간 150분 운동하라  ▶ <긴급공개> 억대계좌 이종목에서 또 터진다!    ※ 저작권자 ⓒ 파이낸셜뉴스. 무단 전재-재배포 금지 "
313,3,"2018-05-22","16:44:00","中, 대북제재 유지 압박에 ""국제의무 엄격 이행중""","【베이징=조창원 특파원】 중국이 북한의 제재 완화 우려 목소리에 대해 국제의무를 엄격 이행중이라고 밝혔다.  루캉 중국 외교부 대변인은 22일 정례 브리핑에서 도널드 트럼프 미국 대통령이 이날 트위터를 통해 중국의 대북제재 완화 분위기를 지적한 것에 대해 이같은 입장을 표명했다.  루 대변인은 ""중국은 줄곧 마땅히 해야 할 국제의무를 엄격히 준수 및 이행하고 있다""고 밝혔다.  그는 ""북중은 우호적인 이웃 나라로서 자신의 의무를 위배하지 않는 상황 속에서 경제 무역 왕래를 포함해 정상적인교류를 유지하고 있으며 양자(국제의무와 정상 교류) 간에 모순이 없다""고 강조했다.  트럼프 대통령은 이날 오전에 올린 트위터글에서 ""중국은 (북미 간) 합의가 이뤄지기 전까지 북한과의 국경에 대해 계속 강력하고 엄격하게 유지해 나가야 한다""고 촉구하며 ""최근 들어 국경에 구멍이 훨씬 더 많이 뚫리고 더 많은 것들이 흘러들어 가고 있다는 소문들이 돌고 있다""고 중국을 압박했다.  jjack3@fnnews.com    ▶'모멘텀 집중' 저가에서 매집해둬야 할 상반기 유망주 3선 (지금 확인)   [파이낸셜뉴스 주요뉴스]  → '공천갈등 진화' 나선 바른미래 지도부..살얼음판 여전 → 靑, 드루킹-'親文' 송인배 연루설에 '당혹'‥적극 해명 → 일주일 사이에 로또 1등 2번 당첨된 40대 남성 → 초등생 고속도 휴게소 방치 혐의 교사 벌금 800만원 → 심부전 위험 줄이려면, 일주일간 150분 운동하라  ▶ <긴급공개> 억대계좌 이종목에서 또 터진다!    ※ 저작권자 ⓒ 파이낸셜뉴스. 무단 전재-재배포 금지 "
313,4,"2018-05-22","16:43:49","스마트폰 시장 침체...삼성-애플, 출시일 바꾸나","삼성전자가 지난해 출시한 '갤럭시노트8' 글로벌 스마트폰시장이 침체 국면에 빠지면서 업계가 신제품 출시일을 조정하는 등 조치로 대응을 하고 있다. 출시일 조정을 통해 경쟁사와의 직접 경쟁을 최대한 피하고, 마케팅비도 절감할 수 있기 때문이다.   22일 업계에 따르면 삼성전자는 하반기 전략 프리미엄 스마트폰인 갤럭시노트9을 7~8월경 공개할 예정이다.  삼성전자는 지난 해의 경우 갤럭시노트8을 8월 23일(현지시간) 미국 뉴욕에서 처음 공개했다. 국내 출시는 공개 이후 3주 가량 지난 9월 12일이었다. 올해의 경우 7월 말이나 8월 초에 공개해 8월 말경 출시할 것으로 예상된다. 일부에서는 삼성전자가 갤럭시노트9을 조기 출시하고, 내년 초 폴더블 스마트폰을 선보일 것이라는 전망도 한다.   업계 한 전문가는 "" 전세계 스마트폰의 교체 주기가 길어지면서 판매량이 감소하고 있다""며 ""신제품 출시 효과도 오래가지 못하는 상황이라 삼성전자나 애플 등 주요 제조사들은 차기 제품 출시를 앞당겨 이슈몰이를 하려는 것""이라고 말했다.  이에 대응하기 위해 애플도 아이폰8의 후속 제품 공개와 출시를 앞당길 가능성이 높다. 지난해의 경우 애플은 9월 12일(현지 시간) 미국 현지에서 아이폰8을 공개했다. 열흘뒤인 9월 22일 일부 국가에서 첫 출시됐다. 애플은 특히 지난해에는 아이폰8과 함께 아이폰 10주년 모델인 아이폰텐(아이폰X)을 함께 공개했다. 2가지 제품군으로 갤럭시노트8과 경쟁했다.  그럼에도 불구하고 아이폰 판매량은 최근 주춤하다. 지난 1·4분기 아이폰판매량은 5222만대로 전분기와 비교해 32% 감소했으며, 전년 동기보다 3% 증가하는 데 그쳤다. 아이폰 10주년 모델인 아이폰X이 함께 판매된것을 감안하면 실망스럽다.    이에 따라 애플은 삼성전자가 올해 갤럭시노트9을 평소보다 이른 시기에 공개, 출시할 것으로알려지면서 맞불을 놓을 가능성이 높다.   LG전자도 전략 프리미엄 스마트폰의 출시일을 최근 조정했다. LG전자는 매년 2월 스페인 바르셀로나에서 열리는 세계 최대 모바일 전시회 '모바일 월드 콩그레스(MWC) 2018' 현장에서 G시리즈를 공개했지만, 올해는 지난 3일 'G7씽큐'를 공개했으며 18일 공식 출시됐다. 공개와 출시가 평소보다 2개월 정도 늦었다.   이에 대해 LG전자 MC사업본부 황정환 본부장(부사장)은 ""보통 3월에 신제품 출시가 몰려 있었는데 올해부터는 여러가지 전략을 다양하게 시도하려고 한다""며 ""내부적으로 3월 출시가 적절한지에 대해 여러 의견이 있었고 경쟁사를 따라하지 않겠다는 생각이 있다""고 말했다.   한편 전세계 스마트폰 시장은 침체 국면에 접어 들었다. 시장조사업체 베이스트리트리서치에 따르면 스마트폰 평균 교체 주기는 2014년 23개월에서 현재 31개월로 8개월 가량 늘었다. 내년에는 33개월로 더 길어질 전망이다. 신제품 스마트폰이 나와도 과거와 같이 눈을 사로잡을만한 혁신이 잘 나타나지 않는 데다가, 스마트폰 품질이 좋아져 소비자들이 굳이 바꿀 필요성을 느끼지 못하기 때문이다.   카운터포인트리서치에 따르면 세계 최대 규모인 중국의 스마트폰 출하량도 지난 1·4분기에 전년 동기 대비 8%, 전분기 대비 21% 하락한 것으로 나타났다. 중국 스마트폰 시장이 정체된 이유는 소비자들의 스마트폰 교체 주기가 길어졌기 때문이다.  ronia@fnnews.com 이설영 기자  ▶'모멘텀 집중' 저가에서 매집해둬야 할상반기 유망주 3선 (지금 확인)   [파이낸셜뉴스 주요뉴스]  → '공천갈등 진화' 나선 바른미래 지도부..살얼음판 여전 → 靑, 드루킹-'親文' 송인배 연루설에 '당혹'‥적극 해명 → 일주일사이에 로또 1등 2번 당첨된 40대 남성 → 초등생 고속도 휴게소 방치 혐의 교사 벌금 800만원 → 심부전 위험줄이려면, 일주일간 150분 운동하라  ▶ <긴급공개> 억대계좌 이종목에서 또 터진다!    ※ 저작권자 ⓒ 파이낸셜뉴스. 무단 전재-재배포 금지 "
313,5,"2018-05-22","16:43:34","<중국증시-마감> ZTE 제재 해제 가능성에 상승…상하이 0.02%↑","<중국증시-마감> ZTE 제재 해제 가능성에 상승…상하이 0.02%↑       (서울=연합인포맥스) 한종화 기자 = 22일 중국증시는 ZTE(중흥통신) 통신에 대한 제재 해제 가능성 등 호재에 상승했다.      이날 상하이종합지수는 전장대비 0.51포인트(0.02%) 상승한 3,214.53에 거래를 마쳤다.      거래량은 1억4천400만 수(手:거래단위), 거래 규모는 1천857억 위안으로 줄었다.      선전종합지수는 7.1포인트(0.38%) 오른 1,855.16에 마감했다.      거래량은 1억8천만 수, 거래 규모는 2천525억 위안으로 감소했다.      중국 증시는 전반적으로 하락세를 보이다가 장 마감 약 한 시간 전부터 추세를 바꿔 상승세로 마감했다.      이날 월스트리트저널(WSJ)은 ZTE에 대한 제재를 해제하는 쪽으로 미국과 중국의 의견이 상당히 일치했다고 보도했다.      천부광통신(300394.SZ)이 8.64%, CIG(603083.SH)가 5.27% 오르는 등 5세대 이동통신(5G) 관련주가 급등했다.      중국 정부가 자녀 수 제한을 완전히 철폐하는 것을 고려하고 있다는 소식도 호재로 작용했다.      대유의료기(300314.SZ)가 7.87%, 군흥완구(002575.SZ)가 2.85% 상승했다.      다만 거풍투고는 중국 증시가 여전히 상승 추세를 유지할 조건을 갖추지 못했고, 초과 하락 뒤 반등을 노리는 전략이 유효할 것이라고 말했다.       업종별로는 일용 화공품, 바이오제품 등이 상승했고, 가전, 보험 등이 하락했다.      홍콩 증시는 이날 석가탄신일로 휴장했다.      jhhan@yna.co.kr  (끝)"
313,6,"2018-05-22","16:43:29","PC에서 검증된 IP, 모바일서도 通한다","PC온라인게임에서 검증된 지식재산권(IP)이 모바일게임에서도 영향력을 입증하고 있다. 게임시장의 주도권이 모바일로 넘어 왔지만, 이용자들로부터 이미 인정을 받은 IP는 디바이스를 가리지 않는다는 점을 보여주고 있다. 엔씨소프트의 '리니지M', 펄어비스의 '검은사막 모바일', 펍지의 '배틀그라운드 모바일'이 대표적인 사례다.    리니지M 대표 이미지.  22일 게임업계에 따르면 엔씨소프트의 모바일게임 '리지니M'은 출시 1년이 지난 지금도 구글 플레이 최고 매출 1위 자리를 굳건히 지키고 있다. PC온라인게임 '리니지'의 IP를 활용해 개발된 '리니지M'은 모바일게임 시장에서도 가장 강력한 IP임을 보여주고 있다. 당초 엔씨소프트는 PC온라인게임 '리니지'와 모바일게임 '리니지M'을 연동하려 했다. 약 20년간 엔씨소프트의 핵심 매출원으로 역할을 했던 PC온라인게임 '리니지'를 한번에 포기할 수 없었기 때문이다. 하지만 '리니지M'이 오랜 시간 인기를 얻자 엔씨소프트는 PC온라인게임 '리니지'와의 결별을 선언했다. 이에 따라 엔씨소프트는 모바일게임 '리니지M'의 독자 IP화를 추진할 계획이다. 그 시작이 오는 30일 진행될 '블랙 플레임' 업데이트로, 신규 클래스 총사와 새로운 서버 아툰이 추가될 예정이다. 총사는 리니지M'에 처음 추가되는 오리지널 콘텐츠로 원작인 PC온라인게임 버전에는 존재하지 않는다. 그래픽 역시 초고화질(풀HD)급으로 전면 개편할 방침이다.  '리니지M'에 이어 구글 플레이 최고 매출 2위 자리를 지키고 있는 펄어비스의 '검은사막 모바일'도 PC온라인게임의 '검은사막'으로 인기를 모은 IP다. ' 검은사막 모바일'은 사전예약에서 500만명 넘는 이용자들의 관심을 받았다. 이 기록은 '리니지M'의 사전예약자 550만명에 이은 역대 2위에 해당한다.  '검은사막 모바일'은 펄어비스의 실적도 뒷받침하고 있다. 2월 28일 출시된 '검은사막 모바일'은 출시 한달 만에 매출 416억원 올렸다. 펄어비스는 이런 성과를 바탕으로 올해 여름 북미, 유럽 지역에 '검은사막' 콘솔 버전을 출시하고, '검은사막 모바일'의 글로벌 출시도 준비하고 있다. 펍지의 '배틀그라운드 모바일'도 PC온라인게임 '배틀그라운드'를 통해 성공 가능성을 인정 받은 작품이다. PC온라인게임 '배틀그라운드'는 지난해 게임대상을 차지할 만큼 작품성을 높게 평가받았다. '배틀그라운드 모바일'은 지난 4월 25일부터 사전예약을 실시해 정식 서비스 직전까지 400만명을 넘기도 했다. 이를 통해 지난 16일 국내에 출시된 '배틀그라운드 모바일'은 첫날 다운로드 건수가 200만을 기록했다. 최근에는 일일 접속자(DAU) 수가 1000만명을 넘기도 했다. 게임업계 관계자는 ""PC온라인게임에서 검증된 IP가 모바일게임에서도 인기를 얻으면서 새로운 매출원으로 자리잡고 있다""며 ""제2의 리니지, 검은사막 등을 노리는 게임사들이 독자 IP 확보에 집중하고 있는 상태""라고 말했다.  syj@fnnews.com 서영준 기자  ▶'모멘텀 집중' 저가에서 매집해둬야 할 상반기 유망주 3선 (지금 확인)   [파이낸셜뉴스 주요뉴스]  → '공천갈등 진화' 나선 바른미래 지도부..살얼음판 여전 → 靑, 드루킹-'親文' 송인배 연루설에 '당혹'‥적극 해명 → 일주일 사이에 로또 1등 2번 당첨된 40대 남성 → 초등생 고속도 휴게소 방치 혐의 교사 벌금 800만원 → 심부전 위험 줄이려면, 일주일간 150분 운동하라  ▶ <긴급공개> 억대계좌 이종목에서 또터진다!    ※ 저작권자 ⓒ 파이낸셜뉴스. 무단 전재- 재배포 금지 "
313,7,"2018-05-22","16:43:20","""유료방송도 AI·빅데이터 기술 경쟁력 갖춰야 생존""","7만여개로 장르 세분화한 '넷플릭스 양자이론' 각광   ‘악마는 기술 디테일에있다.’ 인터넷TV(IPTV)와 모바일동영상(OTT) 등 유료방송업계가 머신러닝(기계학습) 같은 인공지능(AI)과 빅데이터 기술 경쟁력을 높여야 한다는 조언이 나왔다. 구글(유튜브), 넷플릭스 등 글로벌 미디어 공룡과 정면승부를 벌이기 위해서는 AI 알고리즘을 통해 미디어 콘텐츠 추천기능을 강화해야 한다는 지적이다.       22 일 KT경제경영연구소 등 관련 업계에 따르면 ‘넷플릭스 양자이론’이 미디어 시장 생존전략으로 떠오르고 있다. ‘하우스 오브 카드’처럼자체 제작 프로그램을 독점 공급하는 것을 넘어 각각의 장르를 약 7만6000여 개로 세분화해 시청자 취향에 맞춰 추천하는 기술이 넷플릭스의핵심DNA란 것이다.  일례로 넷플릭스는 미디어 장르 구분을 △기분 좋고 △시각적으로 인상적인 △호주·뉴질랜드 배경의 △재회연인에 대한 △20~30대 여성 타깃으로 한 △소설 원작 △공상과학영화 등으로 구체화하고 있다. 시청자 구분 역시 개인정보가 아닌 미디어 취향 기반 그룹으로 묶고 있다.  그 결과 전 세계 190여 개국 1억 2500만 명의 넷플릭스 회원 중 94%가 높은 서비스 만족도를기반으로 지인에게 해당 콘텐츠들을 추천하고 있는 것으로 나타났다.  앞서 IBM도 AI 플랫폼 ‘왓슨’을 활용해 세계적 지식강연 시리즈 ‘테드(TED)’ 영상 중 이용자의 관심사나 검색어에 따라 해당 미디어를 추천해주고 있다. 즉 이용자가 ‘행복’과 ‘자기계발’ 등을 검색하면 수많은 테드 강연 중 관련 메시지를 담고 있는 영상만 AI가 찾아내 보여주는 것이다.   이와 관련 SK텔레콤도 자회사 SK브로드밴드와 알고리즘 경진대회 ‘T&B코드 챌린지’를 개최, 1차로 선정된 30개팀이 오는 7월 27일까지 알고리즘을 개발토록 지원 중이다. SK브로드밴드 IPTV ‘Btv’와 OTT 서비스 ‘옥수수’의 실제 이용 데이터를 비식별화해 추천 알고리즘을 짜는 게 핵심이다.   글로벌 시장조사업체 가트너는 ""OTT 기반 VOD 서비스가 시장을 견인하면서 기존 유료방송사업자들의 VOD 성장은 정체되거나 마이너스로 전환될 것""이라며 ""프리미엄 콘텐츠를 강화하는 동시에 AI 기반 콘텐츠 추천 등 이용자 경험을 향상시켜야 가입자 기반을 유지할 수 있다""고 강조했다.  elikim@fnnews.com 김미희 기자  ▶'모멘텀 집중' 저가에서 매집해둬야 할 상반기 유망주 3선 (지금 확인)   [파이낸셜뉴스 주요뉴스]  → '공천갈등 진화' 나선 바른미래 지도부..살얼음판 여전 → 靑, 드루킹-'親文' 송인배 연루설에 '당혹'‥적극 해명 → 일주일 사이에 로또 1등 2번 당첨된 40대 남성 → 초등생 고속도 휴게소 방치 혐의 교사 벌금 800만원 → 심부전 위험 줄이려면, 일주일간 150분 운동하라  ▶ <긴급공개> 억대계좌 이종목에서 또 터진다!    ※ 저작권자 ⓒ 파이낸셜뉴스. 무단 전재-재배포 금지 "
314,1,"2018-05-22","16:31:37","신세계, 온·오프라인서 해외 명품 할인 행사 진행","신세계(004170)가 온·오프라인에서 해외 명품 행사를 진행한다. 신세계몰은 17일부터 해외 명품 사은행사를, 백화점은 25일부터 해외 브랜드 시즌 오프를 준비했다.  불황에도 불구하고 해외 명품 매출은 꾸준히 늘고 있다. 올해 1~5월까지 신세계몰의 명품 장르는 전년 대비 20.5% 신장했다. 신세계백화점 역시 2015년엔 2.7%였던 명품 장르 신장률은 2017년 18.4%로 뛰었다.신세계몰은 ‘럭셔리 유스 컬쳐’ 이벤트를 통해 발렌티노, 지방시, 생로랑, 펜디, 프라다, 골든구스, 비비안웨스트우드 등 럭셔리 브랜드 16개를 선보인다.2030세대가 즐겨 찾는 해외직구 공식 스토어인 ‘육스’ ‘루이자비아로마’ 등도 참여해 신세계몰에서만 구매 가능한 상품들을 선보인다.대표 상품으로는 펜디 트레이닝 티셔츠 29만9000원, 메종마르지엘라 스니커즈 46만5000원, 지방시 인피니티 스몰 숄더백 264만원 등이 있다.신세계백화점은 25일부터 해외 명품 시즌 오프를 시작한다. 본점, 강남점, 센텀시티점, 대구신세계 등 주요 점포에서 진행하는 이번 행사는 300여개의 브랜드가 참여한다.분더샵 여성·남성, 마이분, 분주니어 등 신세계에서만 만날 수 있는 의류 편집샵 뿐만 아니라 슈 컬렉션 등 다양한 잡화도 최대 80% 할인한다.이번 명품 할인 행사는 펜디,프라다, 생로랑, 페라가모, 보테가베네타, 미우미우 등의 브랜드가 대거 참여한다.손문국 신세계백화점 상품본부장은 “경기침체로 소비심리가 위축됐지만 해외 명품·잡화 매출은 꾸준히 신장하고 있다”며 “충분한 물량 준비와 다양한 브랜드 참여로 고객들이 명품을 합리적인 가격에 쇼핑할 수 있는 기회가 될 것”이라고 말했다.  유윤정 생활경제부장 you@chosunbiz.com   Copyrights ⓒ ChosunBiz.com       유윤정 기자 you@chosunbiz.comCopyrights ⓒ ChosunBiz.com"
314,2,"2018-05-22","16:31:32","와용부동산(600173.SH), 2017년도 이익배당 실시 공시","와용부동산(600173.SH)은 2017년도 이익배당으로 주당 0.10위안을 지급하는 현금배당을 실시할 예정이라고 공시했다.   기준일은 5월 29일, 배당락일과 배당금 지급일은 30일이다.   공시일: 2018.5.22   출처: 상해증권거래소"
314,3,"2018-05-22","16:31:18","와용부동산(600173.SH), 2017년도 이익배당 실시 공시","융기실리콘자재(601012.SH)는 2017년도 이익배당으로 주당 0.18위안을 지급하는 현금배당과 주당 0.4주를 지급하는 무상증자를 실시할 예정이라고 공시했다.   기준일은 5월 28일, 배당락(권리락)일과 배당금 지급일은 29일, 신주 상장 유통일은 30일이다.   공시일: 2018.5.22   출처: 상해증권거래소"
314,4,"2018-05-22","16:30:53","장성자동차(601633.SH), 2017년도 이익배당 실시 공시","장성자동차(601633.SH)는 2017년도 이익배당으로 주당 0.17위안을 지급하는 현금배당을 실시할 예정이라고 공시했다.   기준일은 5월 25일, 배당락일과 배당금 지급일은 28일이다.   공시일: 2018.5.21   출처: 상해증권거래소"
314,5,"2018-05-22","16:30:25","복요유리(600660.SH), 2017년도 이익배당 실시 공시","복요유리(600660.SH)는 2017년도 이익배당으로 주당 0.75위안을 지급하는 현금배당을 실시할 예정이라고 공시했다.   기준일은 5월 28일, 배당락일과 배당금 지급일은 29일이다.   공시일: 2018.5.22   출처: 상해증권거래소"
314,6,"2018-05-22","16:30:00","[LG 지배구조 개편 수혜株] 구광모 호재 ‘보락’ 후속株 - 오늘만 ‘전격’ 공개!!","※ 단, 3시간 동안만 공개! 신청 폭주로 조기 마감됨을 양해 부탁드립니다. ※ -> 원금회복이 절실한, 수익 보고 싶은 분만 신청해주세요.  ▶ LG 지배구조 개편?!! 실제로 수혜 받을 수 있는 후속株-> 지금 클릭!!  보락, 깨끗한나라 후속주! 사자마자 급등할 종목 오늘만, 100% 무료로 드립니다!  ▶▶ 급등 전 미리 추천 ! 무조건 상한가 터질 종목만 추천드림 ! [ ▶ 선착순 10 명 ◀ ]  “주식 잘한다는 이곳저곳 전문가 도움을 많이 받아봤는데 막상 생각했던 것만큼의 높은 수익을 주는 곳은 없더라고요. 그래서 여기도 그냥 무료 체험이나 해보자는 생각으로 가입해봤는데 4일만에 3000만원이라는 수익을 냈습니다. 지금은 슬슬 일하다가도 추천 문자 오면 바로 매수해서 수익 내는 재미에 하루하루가 즐겁네요. 주식으로 내 집 마련할 때까지 열심히 따라할 생각입니다.” (유세진,VIP회원)  ▶ 최소 100% 넘게 상승하는 시장 대장주만 발굴하는 AI인공지능 검색기 << 5월 22일 무료 체험 >>  “인공지능 검색기를 증권사와 공동개발하면서 수십억의 돈이 들어갔으며 4년이라는 세월을 들였습니다. 그렇기 때문에 주식시장에서 발생하는 수천가지 패턴을 전부 파악하고 있으며 그 어떤 전문가도 따라할 수 없는 기계적이고 정확한매매를 통해 매달 500% 이상의 수익을 안겨주고 있습니다. 저 역시 인공지능 검색기를 통해 회원님들께 셀트리온제약, 신라젠, 파미셀 등의종목을 급등 전 추천 드렸습니다. 주식으로 편하게 고수익을 원하시는 분은 믿고 따라만 하시면 됩니다.” (조이스탁 VIP전문가 인터뷰 중)  >> LG 지배구조 개편 수혜株 특징 확인 << 1) 현재 바닥권에서 매물을 소화하며 장기간 횡보하고 있어 곧 상승 시기 임박! 2) LG그룹이 구광모 체제로 전환되면서 가장 크게 터질 재료 보유! 3) 정부 정책 발표를 앞두고 있으며 발표와 동시에 따라붙을 수 없는 급등   기대!  [ AI 인공지능 검색기 추천 종목 확인 ] *보락 94% 수익중(단타) *깨끗한나라 53% 수익중(단타) *파미셀 18% 수익(단타) *현대로템 95% 수익중(스윙) *티플랙스 114% 수익중(스윙) *대아티아이 163% 수익중 (스윙) *한솔홈데코 30% 수익실현(단타) *대창스틸 123% 수익중(스윙) *현대건설 58% 수익실현(스윙매집) *포스코엠텍 105% 수익실현 (스윙) *신라젠 1,332% 수익실현 (스윙매집) *파미셀 182% 수익실현 (단타) *뉴프라이드 479% 수익실현 (스윙매집) *셀트리온 523% 수익실현 (스윙매집)  [[▶ 6월 주식으로 대박 터트려서 원금 회복을 원하고 있다면? [지금확인] ◀]]   ▶ 자타공인 최고의 적중률을 자랑하는 인공지능검색기 급등재료株 <선착순 10명> 무료 공개! ===> 신청 즉시 휴대폰으로 발송! [▶ 마지막 무료 체험 기회! 다시는 이런 기회 없을 것! ◀]  [인공지능 관심종목] 보락(002760), 우리종금(010050), 국일제지(078130), 깨끗한나라(004540), 코디엠(224060)  [ 본 글은 투자 참고용으로 이를 근거로 한 투자 손실에 대해 책임을 지지 않습니다. 해당 홍보용 기사는 이데일리와 무관합니다.]&8203;  ▶계좌회복프로젝트! 상위 전문가의 투자전략 및 추천종목‘[무료확인] ’ ▶14년 연속 1위, 대한민국 대표 스탁론 하이스탁론 '    ' ＜ⓒ종합 경제정보 미디어 이데일리 - 무단전재 & 재배포 금지＞   "
314,7,"2018-05-22","16:28:53","‘문재인표 개헌안’ 운명은···부결 시 정국 후폭풍 불가피","문재인 대통령이 발의한 헌법개정안의 국회 처리 시한이 하루 앞으로 다가오면서 여야 간 전운이 고조되고 있다. 정세균 국회의장이 24일 개헌안 본회의 표결을 예고한 가운데 야권은 개헌안 철회를 촉구하며 정부·여당을 압박하고 있다. 이에 여당은 개헌안이 부결될 경우 ‘개헌 vs 호헌’ 프레임을 앞세워 개헌 무산의 책임을 야당에 떠넘기며 공세의 고삐를 바짝 조일 것으로 보인다.  국회는 정부개헌안의 헌법상 의결시한인 24일 본회의를 개의할 방침이다. 국회는 지난 21일 언론에 보낸 문자메시지를 통해 “헌법 제130조 및 국회법 제77조에 따라 헌법개정안 심의를 위한 본회의가 24일 오전 10시에 개의될 예정”이라고 밝혔다. 문 대통령은 지난 3월 26일 국회에 정부개헌안을 제출했으며헌법은 131조에서 개헌안이 공고된 지 60일 이내에 의결하도록 규정하고 있다. 이에 따라 여당인 더불어민주당은 24일 본회의에 참석할 예정이지만, 야당은 정부개헌안 철회를 요청하고 있어 개헌안의 국회 통과는 어려울 것이라는 관측이 지배적이다.  개헌안이 가결되려면 국회 재적의원(288명) 3분의 2 이상인 최소 192명의 찬성이 필요하다. 현재 민주당 의석 수는 118석으로, 가결 조건인 192명에 한참 못 미친다. 여기에 범여권으로 분류되는 민주평화당(17명·바른미래당 3명 포함)과 정의당(6명)을 설득해도 모자란다. 더군다나 현재로선 자유한국당과바른미래당은 물론 평화당과 정의당도 개헌안 표결에 부정적인 입장이다. 부결된 개헌안은 바로 폐기된다.  표결 자체가 아예 이뤄지지 않을 수도 있다. 113석의 한국당 의원들이 표결에 참여하지 않거나 퇴장하면 의결정족수(192명)를 채우지 못해 표결이 성립되지 않는다. 이경우 개헌안은 계류상태로 있다가 20대 국회가 끝나면서 폐기된다.  정세균 의장과 민주당은 ‘헌법수호’ 정신을 앞세우며 표결을 강행하겠다는 입장이다. 개헌안이 가결되든 부결되든 손해 볼게 없다는 셈법이 깔렸다. 가결되면 정부·여당이 줄곧 주장해온 대로 지방선거와개헌국민투표가 동시에 치러질 수 있다. 부결되더라도 개헌안 통과를 막은 야당을 ‘호헌세력’으로 낙인찍어 대야(對野) 공세에 나설 수 있다. 이에 야당은 대통령에 ‘개헌안 자진철회’를 줄기차게 요구하고 있다. 야 3당은 23일 국회에서 개헌안 철회를 요청하는 공동기자회견을열 예정이다. /양지윤기자 yang@sedaily.com    ▶▶ 2018년 정부 정책 수혜주 TOP 10 大공개! (바로 확인)  ▶▶ 재료노출 임박한 상위1%의 극비정보 30명한정 공개(무료)    [ⓒ 서울경제, 무단 전재 및 재배포 금지]"
315,1,"2018-05-22","16:18:12","홍준표 “드루킹 관련자, 정권 핵심에 더 있을 것 … 특검 피하려는 술책”","자유한국당 홍준표 대표는 22일 정부가 드루킹 특검법 공포안을 다음 주 국무회의에 상정, 의결하기로 한 것과 관련 “처벌 피하려는 악랄한술책”이라고 비판했다.   홍 대표는 이날 서울 조계사 방문 후 기자들과 만나 “정권 핵심에 드루킹 관련자들이 더불어민주당 김경수 전 의원이나 송인배 청와대 제1부속비서관 말고 또 다른 사람이 있을 것”이라며 이같이 말했다.   홍 대표는 “자기들이 난리를 피운 국가정보원의 댓글 사건과 비교하면 이것(드루킹 사건)은 정권 핵심이 관련된 여론조작”이라고 주장했다.   앞서 정부는 전날 국회 본회의를 통과한 드루킹 특검법과 추가경정예산안 중 추경안만 같은 날 밤 국무회의를 열어 처리하고, 특검법은 각 부처 의견 수렴을 거친 후 다음 국무회의에서 처리키로 했다.   이어 홍 대표는 북한이 한국 취재진의 풍계리 핵실험장 폐기 현장 방문을 허용하지 않은 데 대해 “핵 폐기를 하는 순간 김정은 체제는 바로무너지는데 그것을 믿는 국민은 바보”라면서 “도널드 트럼프 미국 대통령도 11월 중간선거, 러시아스캔들 등 악재 때문에 북미협상을 하려는 것”이라고 설명했다.   홍 대표는 “핵 폐기 대신 미국에만 위협이 안 되는 협상을 할 수도 있는데 그러면 한반도에는 재앙이 된다”면서 “북핵이 인정되면 우리 국민 세금의 절반을 상납해야 하는 처지가 올지도 모른다”고 내다봤다.   앞서 홍 대표는 자신의 페이스북에 “세상이 온통 북핵 환상에 빠져 있는데 세상이 나를 알아주지 않아도 나는 세상을 위해 일관되게 일해 왔다”면서 “오늘 부처님 오신 날에 환지본처(還至本處·본래의 자리로 돌아간다는 불교용어)라는 말을 다시 되새기게 된다”고 적었다.   김하늬 기자(honey@etoday.co.kr)   [오늘의 핫클릭]  ☞퇴직 후 백만원으로 35억 벌게 된 60대 남성 화제!  ☞[포토] 고(故) 구본무 LG 회장 발인,구본준-구본능-구본식 '무거운 마음'  ☞부처님오신날… 조계사, 와우정사, 용문사, 전등사 등 수도권 가볼만한 절  ☞[포토] 고(故) 구본무 회장 발인, 영정 모시는 맏사위 윤관 대표  ☞떨어지는 재계 별들...이건희 건강 상태는?    ☞[주간 증시일정] 5월 21~25일 넥센테크?텔콘 상호변경, 디에스티로봇 주주총회 등  ☞[카톡방] 무료 주식 카톡방 신청자수 38만 명 돌파 <업계 최대 카톡방> →카톡방 입장하기!         Copyrightⓒ이투데이, All rights reserved. (무단 전재 및 재배포 금지)   프리미엄 경제신문 이투데이    "
315,2,"2018-05-22","16:17:39","[월드IT쇼 2018] LG전자, 'G7 씽큐' AI 카메라가 알아서 찰칵찰칵","후면 카메라 1600만화소 高해상   강력한 저음 구현 '붐박스 스피커'   씽큐허브 ""냉장고 문 열렸어요""      [ 이승우 기자 ]  LG 전자는 23~26일 서울 삼성동 코엑스에서 열리는 ‘월드IT쇼 2018’에 참가해 최근 출시한 전략 스마트폰 ‘LG G7 씽큐(ThinQ)’ 알리기에 나선다. 오디오, 배터리, 카메라, 디스플레이 등 사용자들이 가장 많이 쓰는 핵심 기능과 높은 제품 완성도를 효과적으로알리는 데 집중할 계획이다.  ◆G7 씽큐 체험존 마련  LG전자는 363㎡ 규모 부스를 마련하고 고객이가장 궁금해하는 기능들을 상세하게 만져보고 편의성을 직접 느낄 수 있도록 체험존을 꾸밀 예정이다. 체험존 중앙에는 카메라를 비추면 사물을 자동으로 인식해 화각, 밝기, 대비 등 최적의 화질을 추천해 주는 ‘인공지능(AI) 카메라’를 체험하는 공간을 마련했다. AI 카메라는 피사체를 분석해 인물, 반려동물, 음식, 일출, 일몰, 풍경, 도시, 꽃, 아기, 동물, 음료, 과일, 눈, 하늘, 해변, 저조도, 밤하늘, 텍스트 등으로 구분해 알맞은 촬영모드를 먼저 적용한다.  G7 씽큐의 후면 카메라는 초광각과 일반각 모두 1600만 화소 고해상도로업그레이드됐다. 체험존에선 관람객이 직접 생생한 고화질 촬영을 해볼 수 있다. 800만 화소의 전면 카메라는 3차원(3D) 스티커, 얼굴 꾸미기 효과 등을 도입해 ‘셀카’에 최적화했다는 설명이다. 기존 대비 약 네 배 밝게 촬영하는 ‘슈퍼 브라이트 카메라’도별도 암실에서 체험이 가능하다. 사람 눈으로 식별하기 힘든 어두운 곳에서도 밝게 촬영해 편리할 뿐 아니라 몽환적인 분위기의 사진도 연출한다.  G7 씽큐에 탑재된 ‘슈퍼 브라이트 디스플레이’는 지금까지 나온 스마트폰 중 가장 밝은 1000니트의 휘도로 밝은 햇볕 아래서도 선명하게 볼 수 있다. 통상 스마트폰의 최대 밝기는 500~600니트 수준이다. 화면이 밝으면 색재현율이 떨어진다는 통념을깨고 풍성한 색상을 구현했다고 LG전자는 강조했다.  해외 언론들로부터 호평받은 ‘붐박스 스피커’를 제대로 체험할수 있는 청음부스도 준비했다. 붐박스 스피커는 내부의 공명 공간을 확장해 스마트폰을 나무 등 공명이 가능한 곳에 놓고 음악을 틀면 강력한 저음을 느낄 수 있다. 동시에 음악의 비트에 맞춰 플래시 조명이 켜지는 ‘붐박스 쇼’ 기능도 체험 가능하다.  다음달 7일 출시하는 넥슨의 야심작 ‘카이저’를 미리 즐겨볼 수 있는 카이저 체험존도 마련했다. G7 씽큐는 실내는 물론 야외에서도 밝고 선명하게 게임을 즐길 수 있을 뿐만 아니라 고급 이어폰 없이도 최대 7.1채널의 입체 음향을 제공하는 ‘DTS: X’ 기능을 지원해 몰입감을 극대화한다는 게 회사 측 설명이다.  ◆TV, 생활가전 적용한 AI 기능도 소개  LG전자는부스 내에 ‘LG 씽큐존’을 설치하고 스마트폰 외에 TV, 생활가전에 적용된 AI 기능들도 소개한다. 독자 AI 플랫폼 ‘딥씽큐’를 탑재한 LG 휘센 씽큐 에어컨은 생활 공간과 환경, 제품 사용 패턴은 물론 언어까지 학습해 사용자에게 최적화돼 작동한다.  네이버의 AI 플랫폼 ‘클로바’를 내장한 LG전자 AI 스피커 ‘씽큐 허브’는 LG 퓨리케어 공기청정기, 디오스 냉장고와 광파오븐, 트롬 세탁기·건조기·스타일러 등을 음성만으로 사용할 수 있게 해준다. 방문객이 “하이 LG, 공기청정기 켜줘”라고 말하면 씽큐 허브에 연결된 공기청정기가 작동한다. 또 씽큐 허브는 냉장고 문이 열려 있다고 말해 주거나 에어컨이나 공기청정기의 필터 교체 시기, 세탁기 통 세척 시기 등도 알려준다.  AI로 업그레이드한 ‘LG 올레드 TV AI 씽큐’도 전시된다. 자연어 음성인식 기능을 적용해 말 한마디로 화면모드와 채널, 볼륨 등을 변경할 수 있다. TV와 사운드바, 블루레이 플레이어, 게임기 등다른 기기와도 간편하게 연결된다. 스스로 최적의 화질을 바꿔주는 AI 화질엔진 ‘알파9’를 탑재해 보다 개선된 화면으로 시청할수 있다.  이승우 기자 leeswoo@hankyung.com    기업의 환율관리 필수 아이템! 실시간 환율/금융서비스 한경Money [ 무료 주식 카톡방 ] 국내 최초, 카톡방 신청자수 38만명 돌파 < 업계 최대 카톡방 > --> 카톡방 입장하기!!     관련기사 ""정말 이례적인 일"" 망연자실한 신혼부부들 왜? 자동통역 기술·지능형 학습시스템 소개 돈방석 앉은 연예인들…1인 방송 BJ 수입 어떻길래 재난 조사 무인항공기·긴급 대피시설… 첨단 안전기술 '총집합' ""셈하기도 어렵다"" 방탄소년단 경제적 가치가 무려    ⓒ 한국경제 & hankyung.com, 무단전재 및 재배포 금지"
315,3,"2018-05-22","16:17:38","'2018 월드IT쇼' 개막…스마트 세계 기술력 과시","[뉴스토마토 김진양 기자] 국내 최대 정보통신기술(ICT) 축제인 '2018 월드IT쇼'가 23일부터 나흘간 서울 삼성동 코엑스에서 열린다. 올해의 주제는 'It's Smart'로 인공지능(AI), 사물인터넷(IoT), 5G, 빅데이터, 블록체인 등 분야의 신제품과 서비스들이 대거 선보인다.     과학기술정보통신부가 주최하고 산업통상자원부가후원하는 '2018 월드IT쇼'는 지난 2008년 시작해 올해로 11회째를 맞았다. 참가 기업 수는 매년 늘어나고 있는데, 올해는 30개국의 495개 기업이 1495개 부스 규모로 참가한다. 퀄컴 등 해외기업이 57개사, 삼성전자·LG전자·SKT·KT·기아자동차 등 국내기업 450개사가 참여한다. 주최측은 행사 기간 중 약 15만명의 관람객이 다녀갈 것으로 추산하고 있다.        지난해 열린 '2017 월드IT쇼' 전시장 내부 모습. 사진/월드IT쇼 사무국     전시 기업 중에서는 삼성전자와 LG전자 등 대기업 부스에단연 관심이 높다. LG전자는 'IT쇼'라는 이름에 걸맞게 최근 출시된 스마트폰 'LG G7씽큐'를 전면에 배치한다. 전국 주요 거점과 판매점에서진행된 체험 행사의 열기를 이어간다는 방침이다. AI 기능을 탑재한 스마트가전들도 전시의 한 축을 담당한다.     삼성전자는 갤럭시S9과 노트북 신제품 등이 중심에 선다. 올 봄 출시된 2018년형 QLED TV 등 TV 제품도 전시장 한 쪽을 채운다. 빅스비 체험존에는 냉장고 등 생활가전 제품들이 자리한다. SK텔레콤과 KT는 차세대 이동통신인 5G를 미리 체험할 수 있는 아이템들을 선보인다. SKT는 5G 시대 교통 혁명의 기반이 될 'HD맵'과 5G망을 사용한 '360라이브 영상전화' 서비스 등을 시연한다. KT는 가상현실(VR) 게임 '스페셜포스', 5G 홀로그램, 실시간 스포츠 중계 등을 관람객들이 체험할 수 있는 '세계최초 5G' 존을 운영한다.     중소기업들은톡톡튀는 아이디어와 상품으로 관람객들의 시선을 사로잡고자 한다. 서울물산은 좌우 측면에 고주파 접합라인이 없는 '유픽스 라운드 방수팩'을 선보인다. 부드러운 그립감은 물론 수중에서 볼륨 버튼 등의 조작이 용이하며 방수팩 내부에 공기층이 형성돼 물품을 넣고 꺼내기가 간편하다.     천하지엘씨는 정사각형 모양의 멀티탭 '파워큐브'를 공개한다. 긴 직사각형 모양의 기존 멀티탭에 비해 공간을 적게 차지하고 원하는 곳에 붙여 고정 사용도 가능하다.     아임웹은 클라우드 기반 반응형 웹사이트 제작·디자인 솔루션을 제공한다. 전문 개발이나 디자인 지식 없이 마우스 드래그와 드롭만으로 일반 웹사이트, 쇼핑몰 등 다양한 사이트를 제작할 수 있다. 해외 고객들을 위해 결제서비스 '페이팔'을 지원하며 한국여, 영어, 일본어, 중국어, 스페인어, 베트남어 등 6개 국어로 서비스가 가능하다.     한편 이번 월드IT쇼 2018에서는 국내 모바일 산업 현안과 발전방안을 논의하는 좌담회가 처음으로 열린다. 국내외 ICT분야 저명 인사 등을 초빙해 ICT 기술 트렌드를 공유하는 '글로벌 ICT 전망 컨퍼런스', 해외 액셀러레이터(AC)와 벤처투자사(VC)들을 초청해 국내 유망 스타트업 투자유치 기회를 제공하는 '글로벌 액셀러레이터 컨퍼런스&데모데이' 행사도 마련됐다. 한국무역협회 주관의 '해외바이어 초청 수출상담회', 중소참가기업의 혁신기술을 발굴하는 '2018 월드IT쇼 신기술 발표회', 'ICT 주요분야별 혁신기술 개발 우수기업 시상식' 등도 진행된다.     김진양 기자 jinyangkim@etomato.com [관련기사] · LG G7씽큐, 내달 1일 북미 출격 · 중국 스마트폰, 동남아 접수…이익은 '글쎄' [김진양 기자의 다른 뉴스] · ""한국경제 큰 별이 졌다""…정·재계 추도 물결 · ""마지막 가는 길까지 소탈하게""…구본무 회장 영면 [이 시각 주요뉴스] · 정의용 ""한미 정상회담, 북미회담 성공과 합의 이행 방안 등 논의"" · 구본무 LG 회장 빈소, 이른 시간부터 조문 줄이어…“존경하는 기업인”  -경제전문 멀티미디어 뉴스통신 뉴스토마토 저작권자(c)뉴스토마토통신. 무단전재-재배포 금지-"
315,4,"2018-05-22","16:16:47","[써치엠차이나 마감] 기적적 반등 성공...上海 0.02%↑","22일 상해 증시는 장중 3200선이 무너지기도 했지만 기적적 반등에 성공했다.   이날 상해종합지수는 0.51p(0.02%) 오른 3214.35p, 심천성분지수는 0.46p(0.00%) 상승한 10765.80p로 거래를 마쳤다.   상해와 심천증시의 거래대금은 각각 1,857억 위안, 2,525억 위안을 기록했다.   섹터 별로는 통신, 의료 섹터가 상승세를 보인 반면 보험, 석탄 섹터는 하락세를 나타냈다.   금일 장에서는 금융주, 주기성주들이 약세를 보이며 장의 하락을 이끌었지만 오후장 들어 기술주, 소비재주가 강세를 보이며 반등 국면을 조성했고 장막판 반등에 성공했다.    특히 금일 당국이 <'13.5' 현대 금융 시스템 규획>을 발표하면서 향후 더욱 강화된 금융 감독관리 정책을 시행할 것이라 밝혀 금융주는 일제히 약세를 보였다.   한편 미·중 양국이 ZTE(000063.SZ) 사태와 관련해 일부 합의를 도출해내며 사태가 해결될 것이라는 소식이 전해졌고 이와 동시에 ZTE 역시 도출된 합의 사항을 적극적으로 이행하고 있어 ZTE 사태 해결의 실마리가 잡히고 있다고 분석된다.   이는 동시에 미·중 무역갈등에 따라 기술주가 부진할 것이라는 시장의 우려가 일부 해소되며 기술주의 강세를 이끈 것으로 풀이된다.  또한 미국산 농산품 수입이 확대될 것으로 예상되면서 관련 산업들의 강세가 한동안 지속될 것으로 전망된다.    향후 전망에 대해 신만홍원은 ""금일 섹터별 등락이 크게 갈렸다""며 ""이는 섹터 상승 소재의 존재 여부와 관련이 있다고 분석되며 향후 많은상승 소재가 있는 A주 시장은 위험보단 기회가 더 많을 것""이라 전망했다.   이어 광주만융은 ""금일 장중 나타난 조정세는 투자자들에게 좋은 투자 기회일 것""이라며 ""향후 장에 다시 조정세가 나타날 때 근래 들어 큰낙폭을 보인 우량주를 중심으로 투자하길 권고한다""고 덧붙였다.   한편 이날 위안화 환율은 달러당 6.3799위안으로 고시되며 달러 대비 위안화 가치가 전 거래일 대비 소폭 상승했다.   searchmchina@searchmchina.com"
315,5,"2018-05-22","16:16:38","[월드IT쇼 2018] KT, 미세먼지 측정 등 실생활에 접목된 '5G 기술'","홀로그램·가상현실 등 체험존 마련    증강현실 서비스 'TV쏙'도 눈길   모든 구역 방문하면 기념품 증정     [ 김주완 기자 ]  KT 는 ‘월드IT쇼 2018’에 ‘TAKE OFF, 5G(5G 이륙하다)’를 주제로 각종 5세대(5G) 이동통신 서비스를 소개한다. 5G 서비스를 속도·출발·전 세계 연결·새로운 경험의 시작 등의 키워드로 구분해 선보일 예정이다. ‘5G 이륙하다’ 라는 주제에 맞춰 전시관을 공항 콘셉트로 꾸몄다.  ◆체험하는 5G 서비스  KT는 이번 전시관을 △세계 최초 5G △아이들을 위한 기술 △KT 고객만을 위한 기술 △비즈니스 고객을 위한 기술 △차량을 위한 기술 △깨끗한 대한민국을 위한 기술 등 총 6개 구역으로 구성했다. ‘세계 최초 5G’ 구역은 KT가 내년 3월 선보일 5G 서비스를 관람객이 체험할 수 있도록 마련했다. 관람객은 5G 단말을 통해 5G와 4세대 이동통신(LTE)의 속도 차이를 직접 확인할 수 있다. 또 5G 홀로그램, 실시간 스포츠 중계 기술을 체험할 수 있다. 5G 서비스 기반의 가상현실(VR) 총쏘기 게임 ‘스페셜포스’와 혼합현실(MR) 기반의 스포츠 게임을 즐길 수 있는 공간도 마련했다.  ‘아이들을 위한 기술’ 구역에서는 작년 5월 세계 최초로 사용자가 직접 실시간으로 TV 속에 출연하는증강현실(AR) 서비스 ‘TV쏙’을 즐길 수 있다. 올해는 이 서비스에 기존 기능에다 △녹화·공유 △영어회화 게임 △AR Book 체험 등을 추가했다. 또 협대역 사물인터넷(NB-IoT) 기반으로 실내외를 가리지 않고 아이의 정확한 위치를 알려주는 ‘우리 아이 위치알림이’ 서비스 등도 전시돼 자녀가 있는 관람객의 관심을 끌 것으로 보인다.  ◆AI 서비스도 확인  ‘KT 고객만을 위한 기술’ 구역에서는 KT 고객만이 이용할 수 있는 서비스를 소개한다. 이곳에서는 국내 가입자 1위 인공지능(AI) TV이자 KT의 대표 서비스 ‘기가지니’를 확인할 수 있다. 기존 모델보다 다양해진 색과 디자인이 향상된 ‘기가지니2’를 선보인다.  스팸 차단 1위 앱(응용프로그램)인 ‘후후’도 소개한다. 별도의 앱 팝업 창 없이 스마트폰 기본화면에서 다양한 전화번호 정보를 확인할 수 있다.  ‘비즈니스 고객을 위한 기술’ 구역에서는 기업 고객을 위한 서비스를 선보인다. 구체적으로 △빌딩 운영 효율성을 높이는 솔루션 ‘기가 IoT 스마트 빌딩’ △세계 최초 에너지 생산-소비-거래를통합 관제하는 KT-MEG △협력사 기업들이 손쉽게 IoT 플랫폼 기능을 사용해 관련 서비스를 제공하는 오픈 IoT 플랫폼 △국내 최초 AI 전용 기술 기반 KT의 머신러닝 챗봇 AIBOT 등을 소개한다. 이곳에서는 비즈니스 고객을 위한 전문 부스도 마련해 기술 및 서비스 소개부터 상담까지진행할 계획이다.  ◆기념품 증정 이벤트  ‘차량을 위한 기술’ 구역에서는 다가올 5G 기반 자율주행 시대를 체험할 수 있다. 국내 통신사 최초의 차량 인포테인먼트 전용 플랫폼인 ‘기가 드라이브’를 전시한다. 또 전기 자동차의 배터리와 충전에 대한 통합 모니터링 솔루션(EV Management Solution)이 소개돼 KT의 향후 자동차 관련 기술도 엿볼 수 있다.  ‘깨끗한 대한민국을 위한 기술’ 구역에서는 미세먼지로부터 안전을 위한 서비스인 ‘기가 IoT 에어맵’을 소개한다. ‘기가 IoT 에어맵’은 KT가 보유하고 있는 500여만 개 정보통신기술(ICT) 인프라에 IoT 공기측정기를 접목시켜 실내외 공기질 정보를 실시간으로 제공하는 서비스다. KT는 6개의 전시 구역을 방문하고 스탬프를 모아오는 관람객 전원에게 기념품을 증정하는 현장이벤트도 할 계획이다.  윤종진 KT 홍보실장(부사장)은 “국내 최대 IT 박람회인 ‘월드IT쇼 2018’을 통해 보다많은 사람이 KT의 세계 최초 5G 서비스를 미리 경험할 수 있도록 전시관을 구성했다”며 “앞으로도 KT는 세계 최고 수준의 기술을 선보일 기회를 마련할 것”이라고 말했다.  김주완 기자 kjwan@hankyung.com    기업의 환율관리 필수 아이템! 실시간 환율/금융서비스 한경Money [ 무료 주식 카톡방 ] 국내 최초, 카톡방 신청자수 38만명 돌파 < 업계 최대 카톡방 > --> 카톡방 입장하기!!     관련기사 80만명이 선택한 AI… 거실 넘어 자동차·호텔로 서비스 확대 ""정말 이례적인 일"" 망연자실한 신혼부부들 왜? 돈방석 앉은 연예인들…1인 방송 BJ 수입 어떻길래 ""셈하기도 어렵다"" 방탄소년단 경제적 가치가 무려 시베리아 대륙횡단 열차에 '한국형 원격의료' 구축한다    ⓒ 한국경제 & hankyung.com, 무단전재 및 재배포 금지"
315,6,"2018-05-22","16:16:38","항공 인력 유출…중국은 '눈감고' LCC는 'NO'","[뉴스토마토 신상윤 기자] 정부가 조종사와 항공기 착륙 직후부터 이륙 전까지 항공기의 안전 등을점검하는 확인정비사 등 항공전문인력의 국내 이직을 제한하는 방안을 추진해 논란이 예상된다. 중국 등 국외 유출에 대해선 손을 놓은 채 국내 항공사 간 이동에만 제한 규정을 두기 때문이다. 조종사와 확인정비사 등은 직업 선택의 자유를 제한하는 것이라며 반발하고 있다.     22일 국토교통부와 항공업계 등에 따르면, 국토교통부는'국제항공운수권 및 영공통과 이용권 배분 등에 관한 규칙' 일부 개정안을 추진 중이다. 전체 100점 만점(인천공항은 110점)의 국제항공운수권 평가 기준에 공정한 경쟁 시장구조 확립 기여도를 신설하고 10점을 배정할 계획이다.     이 기준 가운데 '항공전문인력(조종사, 확인정비사) 빼가기 적발 건수' 항목(2점)이 포함되면서 논란이 일고 있다. 국토부는 항공전문인력을 빼간 것이 확인될 경우 해당 항공사에 최대 2점을 제외할 방침이다. 다만, 당사자의 자발적 의사를 입증할 수 있는 경우는 예외로 한다. 항공사 간 항공전문인력 영입 경쟁에 제재 장치를 만들겠다는 계획이다.        국제항공운수권 및 영공통과 이용권 배분 등에 관한 규칙 일부개정안. 제작/뉴스토마토     이를 두고 조종사나 확인정비사 등은 직업 선택의 자유를 제한하는 것이라며 반발하고 있다. 대형 항공사의 한 조종사는 ""공정한 경쟁 시장 구도를 확립하겠다면서 조종사들이 자유롭게 직장을 선택할 기회를막겠다는 의도로 보인다""며 ""직업 선택의 자유마저 제한하는 결과를 낳는 격""이라고 지적했다. 이어 ""항공사들이 최소인력을 투입해 최대 비행시간을 끌어내는 근본 원인을 해결하지 않은 채 당국자들과 탁상공론 한 결론""이라고 주장했다.     최근 여객수요가 증가하면서 저비용항공사(LCC)와 대형 항공사들은 올해만 30여대에 가까운 항공기를 들여올 계획이다. 국토부가 항공기의 규모와 운항시간, 투입 노선 등을 고려해 항공기 1대당 12명(기장6명, 부기장 6명)의 조종사를 운용하도록 권고한 것을 고려하면 최소 360명의 조종사가 추가로 필요하다. 하지만 조종사와 확인정비사는 오랜 숙련기간을 거쳐야 하고, 인력 풀도 얕기 때문에 인력 확보가 여의치 않은 항공사들은 경쟁사 인력을 빼갈 수 밖에 없다.     이와 관련해 항공업계에선 중국 등 해외로의 항공전문인력 유출은 막지 못하는 반쪽짜리 행정이라며 아쉬움도 드러냈다. 실제로 중국은 한국 항공사의 조종사를 고액의 연봉을 주며 대거 채용하고 있다. 이번 행정규칙 개정안에는 항공전문인력의 해외 유출에 대한 제재 방안은 마련돼 있지 않다.     항공업계 한 관계자는 ""오랜 시간과 거액을 투자해 양성한 고급 인력을 타사에 빼앗기는 문제가 업계 내에선 얼굴을 붉힐 만큼 민감한 문제였다""라면서 ""이번 개정안이 통과되면 이 문제는 어느 정도 방지할 수 있겠지만 중국 등 해외 유출은 막을 방법이 없다""고 말했다.     일각에서는 동종업계가 인력 스카우트 경쟁을 방지하기 위해 담합하는 행위 자체가 위법사항이라고도 지적하고 있다. 실제로 미국에서는 지난 2015년 구글과 애플 등 실리콘밸리 대기업들이 개발자들의 스카우트를 자제하자고 담합한 일을 두고 5000억원에 이르는 거액의 배상금 판결을 받기도 했다.     이에 대해 국토부 관계자는 ""조종사나 항공정비사들이 대규모 이직을 할 경우 항공 안전상 위험으로 이어지기 때문에 이를 방지하기 위한 제도적인 장치를 마련하고자 한 것""이라며 ""이해 관계자들의 의견을 듣기 위해 입법 예고한 단계로 항공사들의 의견을 모아 검토 중이다""고 말했다.     신상윤 기자 newman@etomato.com [관련기사] · 훈풍에 돛 단 항공…1분기 날았다 · 제주항공, 33호기 항공기 도입…연말까지39대 운용 계획 [신상윤 기자의 다른 뉴스] · 강해진 을의 연대 ""창피한 대한항공, 자랑스럽게 바꾸자"" · SM상선, 2번째 미주 노선 취항 [이 시각 주요뉴스] · ""마지막 가는 길까지 소탈하게""…구본무 회장 영면 · 3.8조 청년 일자리 추경 국회 본회의 통과  -경제전문 멀티미디어 뉴스통신 뉴스토마토 저작권자(c)뉴스토마토통신. 무단전재-재배포 금지-"
315,7,"2018-05-22","16:16:28","""한국경제 큰 별이 졌다""…정·재계 추도 물결","[뉴스토마토 김진양 기자] 구본무 LG 회장의 타계에 정재계 인사들의 추모 행렬이 이어졌다.    지난 20일 구 회장 별세 후 유족들은 ""고인의 유지에 따라 간소하게 장례를 치르겠다""며 조문과 조화를 정중히 사양했다. 그럼에도 빈소가 꾸려진 서울대병원 장례식장에는 그와 마지막 인사를 나누려는 정재계 인사들의 발길이 끊이질 않았다.     북미 정상회담을 위해 출국한 문재인 대통령을 대신해 장하성 청와대 정책실장이 빈소를 찾았다. 장 실장은 ""존경받는 훌륭한 재계의 별이 가셨다. 안타깝다""는 문 대통령의 메시지를 유족에게 전했다. 김성태 자유한국당 원내대표, 안철수 바른미래당 서울시장 후보, 이헌재 전 경제부총리, 반기문 전 UN 사무총장 등도 조문했다. 과거 LG에서 근무한 적 있는 유영민 과학기술정보통신부 장관과 이희범 전 산업자원부 장관도 고인을 찾았다.         구본무 LG 회장의 빈소에 놓인 문재인 대통령의 조화. 사진/뉴스토마토     이재용 삼성전자 부회장이 재계 총수로는 첫 조문을 했다. 박용만 대한상공회의소 회장, 손경식 한국경영자총협회 회장, 최태원 SK 회장, 정의선 현대차 부회장, 박삼구 금호아시아나 회장, 조현준 효성 회장 등 경제계를 대표하는 인사들의 발길도 이어졌다.    GS와 LS 등 범LG가에서도 조문이 잇따랐다. 허창수 GS 회장은 해외출장 중 구 회장의 비보를 접하고 급히 귀국해 빈소를 찾았다. 허 회장은 전국경제인연합회장 명의의 추도문에서도 ""우리 경제를 한 단계 도약시킨 혁신적 기업가였다""며 고인을 기렸다. 허 회장 외에 허동수 GS칼텍스 회장, 구자원 LIG회장, 구자열 LS 회장, 구자용 LS네트웍스 회장, 구자학 아워홈 회장, 구자철 예스코홀딩스 회장, 구자홍 LS니꼬동제련 회장 등도 조문했다.        이재용 삼성전자 부회장이 지난 20일 구본무 LG 회장의 빈소를 찾았다. 이 부회장은 외부인 중에서는 처음으로 조문했다. 사진/뉴시스     LG 임직원을 대표해서는 하현회 ㈜LG 부회장, 조성진 LG전자 부회장, 박진수 LG화학 부회장, 한상범 LG디스플레이 부회장, 권영수 LG유플러스 부회장, 차석용 LG생활건강 부회장 등 부회장 6인과 계열사 사장 40여명이 단체 조문을 했다. 고인의 뜻에 따라 회사 차원의 별도 분향소는 마련되지 않았다.     대한상의와 전경련, 경총 등 주요 경제단체들은 LG를 글로벌 기업 반열에 올린 구 회장의 업적을 되새기며 일제히 애도를 표했다. 대한상의는 ""미래를 위한 도전정신으로 전자, 화학, 통신 산업을 육성했다""고 평가했으며, 전경련은 ""구 회장은 정도경영으로 정직하고 공정한 길을 걸은 기업인들의 모범""이라고 추모했다.     김진양 기자 jinyangkim@etomato.com [김진양 기자의 다른 뉴스] · ""마지막 가는 길까지 소탈하게""…구본무 회장 영면 · 재계, 빨라진 세대교체…삼성·LG에 현대차도 가시권 · 구본무의 생애…'초우량 LG'에 한평생 바쳤다 [이 시각 주요뉴스] · 정의용 ""한미 정상회담, 북미회담 성공과 합의 이행 방안 등 논의"" · '민중총궐기대회 주도' 한상균 전 민주노총 위원장, 가석방 출소 · 흑석9구역, 롯데건설 층간소음·음식물쓰레기 해결 특화설계  -경제전문 멀티미디어 뉴스통신 뉴스토마토 저작권자(c)뉴스토마토통신. 무단전재-재배포 금지-"
316,1,"2018-05-22","16:06:55","[연합시론] 현대차그룹, 엘리엇에 항복…공정한 지배구조안 내놔야","[연합시론] 현대차그룹, 엘리엇에 항복…공정한 지배구조안 내놔야   (서울=연합뉴스) 현대자동차그룹이 미국의 행동주의 헤지펀드 엘리엇의 공격에 백기를 들었다. 그동안 추진해왔던 지배구조개편안을 주주총회 1주일가량 앞두고 철회한 것이다. 현대차그룹은 지난 3월에 모비스를 핵심부품 사업과 모듈ㆍAS부품 사업으로 나눈 뒤 모듈ㆍAS 부품 부문을 현대글로비스에 합치는 내용의 지배구조개편안을 발표했다. 복잡한 순환출자 고리를 끊고 정몽구ㆍ정의선→존속 모비스→현대차→기아차로 지배구조를 간소화한다는 계획이었다. 그러나 엘리엇에 이어 세계적 의결권 자문사인 ISS와 글래스 루이스, 서스틴베스트, 한국기업지배구조원 등 국내외 주요 의결권 자문사들이 잇달아 반대의견을 냈다. 국민연금마저 지지하지 않을 가능성이 커지자 현대차그룹은 철회 선언을 했다.   현대차그룹의 항복은 충격적인 일이다. 현대모비스 지분 1%대를 가진 엘리엇이 계열사 지분 등 30%의 우호지분을 보유한 총수일가의 분할ㆍ합병 계획을 비교적 쉽게 무너트렸기 때문이다. 그동안 현대차그룹은 엘리엇을 물리치기 위해 적지 않은 노력을 했다. 단기이익을 빼먹는데만 집중하는 헤지펀드의 모럴해저드와 부도덕성에 흔들리지 말라면서 거센 여론몰이에 나섰다. 자신의 개편안이 재벌의 고질적 문제인 순환출자를 효율적으로 해소하는 방안이라는 점을 홍보하고, 총수일가가 1조~2조 원이나 되는 세금을 납부한다는 점도 적극적으로 내세웠다. 김상조 공정거래위원장도 현대차그룹 방안에 지지 입장을 밝혔다.   그러나 이 거대 기업집단은 무릎을 꿇었다. 그러면서 이번 사태의 본질을 소통부족이라고 했다. 주주와 시장참가자들에게 지배구조개편안의 장점에 대해 제대로 설명을 하지 못해 뜻을 이루지 못했다는 것이다. 하지만 핵심은 소통이 아니라 공정성의 문제다. 모비스에서 떼어낸사업부문을 물류회사 글로비스와 합병하는 비율이 공정한지에 대한 의구심이 들끓었지만, 현대차그룹은 이를 제대로 해소하지 못했다. 정몽구 회장과 정의선 부회장의 개인지분이 30%에 달하는 글로비스에 부당하게 유리한 방식이라는 주장에 대해 납득할만한 해명을 못 한 것이다. 아직도 삼성그룹은 제일모직과 삼성물산을 한 회사로 합치면서 합병비율을 불공정하게 산정했다는 비판에서 벗어나지 못하고 있다. 이런 사정을 잘 아는 현대차그룹이 똑같은 의혹 속으로 걸어 들어갔다. 안이하다는 지적을 피할 길이 없는 이유다.   이번 사태는 외국의 헤지펀드가 한국의 간판기업인 현대차그룹의 목을 쥐고 흔든 큰 사건이다. 문제는 앞으로 한국의 대형 기업들이 외국계 헤지펀드의 쉬운 공격대상이 될 수 있다는 점이다. 한국 기업들은 허점이 많다는 것을 이번에 보여줬고, 헤지펀드들은 공격하면 이길 수있다는 자신감을 느끼게 됐다. 제2, 제3의 엘리엇이 나타날 수 있고, 이들에게 당하는 제2, 제3의 현대차그룹이 나올 수 있다.   일각에서는 기업 경영권 보호를 위한 제도 도입이 시급하다고 주장한다. 일리가 없는 것은 아니다. 중요한 것은 기업 운영이든, 지배구조 개편이든 공정성을 철저히 확보해야 한다는 사실이다. 당연한 이 가치가 최대의 경영권 방어 무기다. 그러지 않으면 누구의 지지도 받기 어렵고. 헤지펀드의 공격을 막아낼 수 없다. 정부도 재벌그룹 지배구조개편 추진에 좀 더 신중해야 한다. 짧은 기간에 성과를 내는데 몰입한 나머지 순환출자 고리를 끊는 데만 급급해서는 재벌개혁을 제대로 이뤄낼 수 없다. 실패로부터 배우지 못하면 더는 대책이 없다.   (끝)    <긴급속보 SMS 신청> <포토 매거진> < M-SPORTS >   <저작권자(c) 연합뉴스, 무단 전재-재배포 금지>"
316,2,"2018-05-22","16:06:37","""대장균 이용 나노재료 60가지 생물학적 합성 성공""","국내 연구진이 각종 금속원소 등으로 이뤄진 다양한 나노재료를 대장균을 이용해 친환경적으로 생산하는 생물학적 합성법을 개발했다.  한국과학기술원(KAIST) 생명화학공학과 이상엽 특훈교수팀과 중앙대 박태정 교수팀은 유전자재조합 대장균을 이용한 나노재료 합성법을 개발, 35가지 원소를 이용해 60가지 나노재료를 합성하는 데 성공했다고 22일 밝혔다. 합성된 60가지 중에는 생물학적 합성법은 물론 화학적으로도 만들어진 적이 없는 나노물질(Ag₂TeO₃)을 포함해 생물학적 합성에 처음으로 성공한 33가지 나노재료가 포함돼 있다.   기존의 생물학적 나노재료는 주로 고온, 고압의 조건에서 합성되고 유독한 유기용매와 값비싼 촉매를 사용하기 때문에 환경오염과 높은 에너지 소모 문제가 있었다. 대안으로 친환경적이고 경제적인 미생물을 활용한 생물공학적 나노재료 합성법이 연구되고 있으나 지금까지 보고된 합성기술은나노재료의 종류가 다양하지 않은 단점이 있었다.   연구진은 다양한 금속 이온과 결합할 수 있는 단백질인 메탈로싸이오닌과 펩타이드인 파이토킬레틴을 합성하는 파이토킬레틴 합성효소가 몸 안에서 동시에 발현되도록 유전자재조합 대장균을 만들었다. 이어 이 대장균을 다양한 금속이온이 들어 있는 배양액에서 배양해 35가지 원소가 포함된 나노재료 60가지를 합성했다. 이상엽 교수는 “이번 연구는 화학적 방법으로 합성이 어렵거나 아직 보고되지 않은 다양한 나노소재의 종류를 확장했다는 의미가 있다”며 “앞으로 촉매, 가스·바이오 센서, 약물전달 등 에너지, 의료, 환경 분야 등 다양한 산업적 응용이 가능할 것”이라고 말했다. 이 연구 결과는 국제학술지 ‘미국 국립과학원회보(PNAS, 5월 22일 자) 온라인판에 게재됐다. /성행경기자 saint@sedaily.com    ▶▶ 2018년 정부 정책 수혜주 TOP 10 大공개! (바로 확인)  ▶▶ 재료노출 임박한 상위1%의 극비정보 30명한정 공개(무료)    [ⓒ 서울경제, 무단 전재 및 재배포 금지]"
316,3,"2018-05-22","16:06:25","[월드IT쇼 2018] 업계 첫 5G 상용 모뎀 '스냅드래곤 X50' 선보여","퀄컴내년 모바일 기기 출시 준비하는   글로벌 제조사 20곳 이상 채택     생생한 모바일 VR 경험 제공하는  '스냅드래곤 845 플랫폼'도 시연     [ 임현우 기자 ] 퀄컴은 23일 개막하는 ‘월드IT쇼 2018’에서 5세대(5G) 이동통신의 핵심 기술과 제품들을 시연한다. 세계 표준인 5G NR(New Radio)이내년 상용화될 것으로 예상되는 가운데 첨단 디지털 무선통신 기술과 제품·서비스를 선도해온 퀄컴의 역량을 풍부하게 보여준다는 계획이다.  퀄컴은 이번 전시에서 차세대 모바일망과 5G NR로 구현될 초고속 통신·대용량 네트워크를 이동통신사들이 어떻게활용할 것인지 제시하고, 사용자들이 누릴 차세대 모바일 경험을 소개할 예정이다.  이를 위해 퀄컴이 세계 각국의 네트워크 사업자, 인프라 공급업체와 함께 진행 중인 24기가헤르츠(㎓) 이상 밀리미터파 대역과 6㎓ 이하 대역에서의 5G 상호운용성 테스트(IoDT)도 현장에서 선보인다.  퀄컴은 업계 최초 5G 상용 모뎀 솔루션인 스냅드래곤 X50 5G 모뎀 제품군과 밀리미터파 IC 모듈을 활용한 OTA 5G 연결도 시연한다. 퀄컴 측은 “이미 20여 개에 달하는 글로벌 제조사들이 내년 5G NR 모바일 기기를 출시하기 위해 퀄컴의 스냅드래곤 X50 5G NR 모뎀을 채택했다”고 전했다.  퀄컴은 3G와 4G 통신기술을 이끈 역량을 토대로 5G 시대의 핵심기술 연구와 제품 개발도 주도하고 있다. 스마트폰과 더불어 올웨이즈 커넥티드 PC, 가상현실(VR), 증강현실(AR), 확장현실(XR) 등에 활용될 다양한 기술을 지원함으로써 5G 생태계 구축을 선도한다는 구상이다. 퀄컴과 고객사들은 지금까지 독립형 HMD(Head mounted Display)부터 스마트폰에 이르기까지 20종 이상의 XR 기기를 출시했고, 관련 기기 개발을 지속적으로 확대하고 있다.  퀄컴은 또 이번 전시에서 최신 프리미엄 모바일 플랫폼 ‘스냅드래곤 845 모바일 플랫폼’을 활용해 관람객들에게 차원이 다른 멀티미디어 경험을 제공할 계획이다. 스냅드래곤 845 모바일 플랫폼은 현실과 가상을 넘나드는 생생한 모바일 VR 경험을 제공하는 구조 설계가 돋보인다는 평가를 받고 있다. 영상과 소리를 보다생생하게 재현하는 점도 특징이다. 직관적인 상호작용 경험을 구현하는 기술들을 통해 한층 몰입감 넘치는 초고화질(UHD) 프리미엄 콘솔급 게임을 선보일 예정이다.  임현우 기자 tardis@hankyung.com    기업의 환율관리 필수 아이템! 실시간 환율/금융서비스 한경Money [ 무료 주식 카톡방 ] 국내 최초, 카톡방 신청자수 38만명 돌파 < 업계 최대 카톡방 > --> 카톡방 입장하기!!     관련기사 ""정말 이례적인 일"" 충격에 휩싸인 신혼부부들 왜? ""文 정부 이대로가면 모조리…"" 으름장 놓은 곳이 자동통역 기술·지능형 학습시스템 소개 재난 조사 무인항공기·긴급 대피시설… 첨단 안전기술 '총집합' ""셈하기도 어렵다"" 방탄소년단 경제적 가치가 무려    ⓒ 한국경제 & hankyung.com, 무단전재 및 재배포 금지"
316,4,"2018-05-22","16:06:18","연명의료 중단업무 위탁 '공용윤리위' 가동","보건복지부는 자체 윤리위원회를 설치하지 못한 의료기관들이 연명의료중단 결정과 관련된 업무를 위탁할 수 있는 ‘공용윤리위원회’를 지정해 오는 24일부터 운영한다고 22일 밝혔다.  지난 2월 4일 시행된 연명의료결정법에 따르면 연명의료중단 결정과 그 이행에 관한 업무를 수행하려는 의료기관은 의료기관윤리위원회를 설치해야 한다. 윤리위는 5명 이상 20명 이하의 위원으로 구성하되 비의료인 2명과 해당 기관 소속이 아닌 1명을 포함해야 한다. 현재 종합병원과 요양병원, 의원 등 143개 의료기관이 윤리위를 운영 중이다. 다만 현실적으로 직접 설치하기 어려운 의료기관은 윤리위가 맡아야 하는 업무를 공용윤리위에 맡길 수 있다. 복지부는 지난달 자체 윤리위를 보유하고 있으면서 공용윤리위 역할을 수행하겠다고 신청한 의료기관들을 대상으로 8개의 공용윤리위를 지정했다. 지정된 기관들은 고려대 구로병원, 국립중앙의료원, 국립암센터, 충북대병원, 전북대병원, 영남대병원, 부산대병원, 제주대병원이다. 복지부는 23일 종로구 서울글로벌센터에서 의료기관을 대상으로 하는 공용윤리위원회 지정·운영 방안 설명회를 개최한다. /이지성기자 engine@sedaily.com    ▶▶ 2018년 정부 정책 수혜주 TOP 10 大공개! (바로 확인)  ▶▶ 재료노출 임박한 상위1%의 극비정보 30명한정 공개(무료)    [ⓒ 서울경제, 무단 전재 및 재배포 금지]"
316,5,"2018-05-22","16:05:36","[월드IT쇼 2018] 실시간 자동통역 이어폰 등 CES 혁신상 제품도","단체관 이모저모     산단공·중진공·정보통신기술산업協이 육성한 스타트업 '눈길'      [ 임현우 기자 ] 23일 개막하는 ‘월드IT쇼 2018’에서는 국내 유망 스타트업(신생 벤처기업)과 지원기관들도 단체관에 부스를 꾸려 다양한 제품과 신기술을 선보인다.  한국산업단지공단 서울본부는 서울디지털산업단지 미니클러스터 회원 기업들과 공동관을 운영한다. 아이티노매즈의 시스템 접근제어 솔루션 ‘KAMOS’, 이스톰의 ‘오토패스워드’, 나무소프트의 랜섬웨어 공격 원천차단 파일관리 솔루션 ‘파일링박스 2.0’, 에이에프아이의 게임서버 자동생성 서비스 ‘뒤끝’, 제이씨원의 페이퍼리스 전자계약 솔루션 ‘스마트이폼’, 모터114의 정밀 소형 코어리스 모터 등을 전시한다. 산단공은 이번 공동관 운영을 통해 100만달러 이상의 계약달성이 가능할 것으로 예상하고 있다. 윤철 산단공 서울본부장은 “이번 행사가 참가 기업의 국내외 시장 개척에 큰 도움을 줄 것으로기대한다”고 말했다.  중소기업진흥공단 청년창업사관학교에서도 20개 유망 기업이 함께 참가한다. 큐브로이드의 인공지능(AI) 스마트 토이 ‘아티보’, 웨어러블헬스케어의 워킹운동 디바이스, 버넥트의 증강현실(AR) 원격 커뮤니케이션 솔루션 ‘리모티AR’, 무지개연구소의 올인원 스마트 드론 플랫폼 등을 볼 수 있다. 중진공은 “4차 산업혁명을 이끌어갈 고기술 첨단 분야뿐만 아니라 창업자들의톡톡 튀는 아이디어가 돋보이는 다양한 제품을 선보일 것”이라고 소개했다.  한국정보통신기술산업협회는 해외에서 인정받은 국내 기업들의 혁신적 기술을 소개하는 ‘코리아 ICT 이노베이션 파빌리온’을 운영한다. 세계 최대 전자쇼 CES에서 최고혁신기술상을 받은 업체들의 제품도 직접 체험해 볼 수 있다. 룩시드랩스의 가상현실(VR) 헤드셋, 링크플로우의 세계 최초 360도 웨어러블 카메라, 오르페오사운드웍스의 실시간 자동통역 이어폰, 셀바스AI의 질병예측 서비스, 크레모텍의 휴대용 레이저 스마트빔 등이 눈길을 끈다. 이한범 한국정보통신기술산업협회 상근부회장은 “국내 기업의 우수한 제품과 기술이 협소한 국내 시장을 벗어나 글로벌 시장에서 인정받도록 지속적으로 지원하겠다”고 말했다.  임현우 기자 tardis@hankyung.com    기업의 환율관리 필수 아이템! 실시간 환율/금융서비스 한경Money [ 무료 주식 카톡방 ] 국내 최초, 카톡방 신청자수 38만명 돌파 < 업계 최대 카톡방 > --> 카톡방 입장하기!!     관련기사 ""정말 이례적인 일"" 충격에 휩싸인 신혼부부들 왜? ""文 정부 이대로가면 모조리…"" 으름장 놓은 곳이 자동통역 기술·지능형 학습시스템 소개 재난 조사 무인항공기·긴급 대피시설… 첨단 안전기술 '총집합' ""셈하기도 어렵다"" 방탄소년단 경제적 가치가 무려    ⓒ 한국경제 & hankyung.com, 무단전재 및 재배포 금지"
316,6,"2018-05-22","16:05:18","최저임금 저지집회중 폭행…민노총 조합원 2명 추가 체포","경찰이 최저임금 산입범위 조정 논의 중단을 요구하며 국회에 진입해 경찰과 국회 사무처 직원에게 폭력을 행사한 전국민주노동조합총연맹(민주노총) 조합원 2명을 추가로 체포했다. 서울 영등포경찰서는 민주노총 조합원 2명을 폭행에 의한 공무집행방해 혐의로 체포해 조사하고 있다고 22일 밝혔다. 이들은 전날 오후 1시부터 진행된 '최저임금 산입범위 확대 개악 저지 결의대회'에 참가하던 중 대열을 이탈해 국회에 진입했다. 이후 현수막을 설치하는 과정에서 이를 막으려던 경찰과 국회 사무처 직원 등을 밀치는 등 폭력을 행사한 혐의를 받고 있다.   경찰은 현재 폐쇄회로(CC)TV 등 채증 자료로 범죄행위를 규명하면서 향후 신병처리를 검토하고 있다고 밝혔다.   경찰 관계자는 ""수사가 진행 중으로 구체적인 사항은 밝힐 수 없다""면서 ""현장에서 현행범으로 체포한 조합원의 신병처리가 48시간 이내에 이뤄져야 하기 때문에 채증 자료를 통해 조속히 범죄행위를 명백히 하는 데 주력하고 있다""고 전했다. 이에 따라 결의대회에 참석해 경찰에 연행된 민주노총 조합원 수는 14명으로 늘었다. 경찰은 전날 국회 내부로 진입하는 과정에서 담장을 넘으면서 경찰과 몸싸움을 벌인 12명을 공동 건조물침입 혐의로 체포한 바 있다. 이들은 구로경찰서와 양천경찰서에 분산돼 조사를 받은 후 귀가했다.    [박대의 기자]      ☞ 5月 반드시 주목해야될 종목!! ☞ 5月 큰 수익 원한다면, 이 종목부터 빨리 매수해라!!! ☞ 지금 100만원 있다면, 이 종목부터 사라! ☞ ""세계최초 신약개발"" 드디어 올것이 왔다! 주목해라!!      [ⓒ 매일경제 & mk.co.kr, 무단전재 및 재배포 금지]"
316,7,"2018-05-22","16:05:18","내달 전매제한 풀리는 아파트, 억 단위 웃돈","[뉴스토마토 김응태 기자] 3년 만에 서울 지역 전세가율이 60% 아래로 떨어지며 전세시장을 축으로아파트 시장이 둔화되고 있다. 하지만 내달 분양권 전매 제한이 해제되는 서울 아파트를 토대로 다시 주택 시장이 꿈틀거릴 조짐이다. 이미초기 분양가보다 억대 프리미엄이 붙은 상황인 만큼 주택시장 상승세를 이끌 수 있다는 관측이 나온다.        내달 서울 아파트 6곳이 분양권 전매 제한이 해제된다. 사진은 서울 성북구 일대의 아파트 단지 모습. 사진/뉴시스     21일 업계에 따르면 다음 달 서울 주요 아파트 6곳의 전매 제한이 해제된다. 내달 12일부터 3일간 일제히 아파트 분양권 매매가 가능해진다. 전매제한이 풀리는 단지는 ▲관악구 e편한세상 서울대입구(655가구) ▲마포구 신촌그랑자이(492가구) ▲성북구 래미안 아트리치(616가구) ▲종로구 경희궁 롯데캐슬(116가구) ▲양천구 목동파크자이(356가구) ▲서대문구 연희 파크푸르지오(288가구) 등이다.      이들 단지에서 분양권 매매가 가능하려면 3주 가량 남았지만 이미 억 단위 웃돈이 붙고 있는 실정이다. 마포구의 신촌그랑자이는 전용면적 59㎡의 경우 초기 일반분양가 6억3000만원에서 3억5000만원의 프리미엄이 붙어 10억대에 호가되고 있다. 마포구 대흥동 인근 부동산 중개소 관계자는 ""매도자가 10억에 매물을 내놓고 있는데 사실상 프리미엄이 높아 실제 거래까지 시간이 걸릴 것으로 보인다""며 ""그럼에도 분양가를 묻는 전화가 꾸준히 이어지고 있다""고 말했다.     종로구 경희궁 롯데캐슬도 전용면적 59㎡의 초기 일반분양가가 5억6000만원에서 현 시세는 8억5000만원으로 올랐다. 전용면적 114㎡ 분양가는 7억5000원에서 4억의 프리미엄이 붙어 12억원에 호가되고 있다. 종로구 무악동 근처 부동산 중개인은 ""가격이 많이 오르긴 했지만 입주 때 가격이 더 오를지는 아무도 모른다""며 ""가격을 조금 낮추면 사려고 하는 사람들은 많아 제한이 풀리면 눈치작전이 심해질 것""이라고 말했다.     다만 일각에선 올 1월부터 시행된 분양권 양도세 50% 부과와 잔금을 치르지 못해 나오는 급매물로 분양권 가격이 크게 오르지 않을 수 있다는 의견이 나온다. 권일 부동산인포 팀장은 “주변의 아파트 분위기가 괜찮으면 분양가 프리미엄 유지가 가능할 텐데,지금은 전체적으로 다운돼 호가를 지속하긴 어려울 것”이라면서 “양도세 부과 등으로 인해 분양가 조정을 거쳐 거래가 종전보다늘 것으로 예상한다”고 말했다.     김응태 기자 eung1027@etomato.com [김응태 기자의 다른 뉴스] · 분양시장 강소주택 약진…""1인 가구 수요 증가"" · 재건축 부담금 풍선효과…재개발·리모델링 뜨나 · 핵협정 탈퇴 후폭풍…이란 건설사업 보류 [이 시각 주요뉴스] · ""마지막 가는 길도 조용히""구본무 회장 영면 · '수사외압 의혹' 내홍 검찰, '혹한기' 오나 · 청와대 ""6월부터 고용여건 본격 회복 예상""  -경제전문 멀티미디어 뉴스통신 뉴스토마토 저작권자(c)뉴스토마토통신. 무단전재-재배포 금지-"
317,1,"2018-05-22","15:57:55","팝아트 ‘LOVE’ 주인공 로버트 인디애나 별세","‘LOVE’ ‘EAT’ 등 대표작 　산업디자인과 접목된 팝아트의 정석 선보인 거장  　[헤럴드경제=이슈섹션]강렬한 색상의 조형물 ‘LOVE’ 시리즈로 유명한 미국 팝 아티스트 로버트 인디애나가 향년 89세의 일기로 별세했다.  　21일(현지시간) AP통신에 따르면 지난 19일 인디애나는 미국 메인주 바이널헤이븐섬에 있는 자택에서 호흡 부전으로 사망했다.  　인디애나는 뉴욕에서 팝아트 활동을 시작, 1964년 뉴욕 현대미술관(MoMA)의 제안을 받은 크리스마스 카드디자인에서 선보인 ‘LOVE’ 디자인으로 유명해졌다. 당시 붉은색과 파란색, 초록색 세 가지 색으로 구성된 LOVE 카드는 폭발적인인기를 끌었고, 이어 1966년 조형물로 제작돼 뉴욕 스테이블 갤러리에서 선보였다. 이후 LOVE 이미지는 미국 내 우표 이미지는 물론 티셔츠, 머그잔 등 다양한 생활용품에서 활용되며 산업디자인과 맞닿은 팝아트의 진수를 보여줬다.   대신증권이 명동 이전 기념으로 매입한 'LOVE' 조형물  　‘LOVE’라는 단순한 글자를 두 개의 층으로 배열해 만든 추상 작품은 필라델피아에 있는 존 F 케네디 센터와 뉴욕, 도쿄 등 세계 주요 도시에 자리잡았다. 국내에는 명동 대신증권 사옥 앞에 ‘LOVE’ 조각상이 있고, 문화경영을 중시하는 아모레퍼시픽이 용산 사옥과 오산 공장에 ‘LOVE’ 작품을 보유하고 있다.  　로버트 인디애나는 태어나자마자 양부모에게 입양됐으나 양부모와의 관계가 좋지 못했던 것으로 전해졌다. 인디애나가 8세 되던 해 양부모는 이혼했고, 유년시절 애정결핍에 대한 기억이 작품에 지속적으로 영향을 미친 것으로 분석된다.  　‘LOVE’ 시리즈 외에 대표작으로 꼽히는 것은 ‘어머니와 아버지’라는 회화와 ‘EAT(먹다)’이라는 작품이다. ‘EAT’이 탄생한 배경에는어머니의 유언이 있는 것으로 전해진다. 인디애나가 공군에서 군 복무중일때 암으로 위독한 어머니를 뵙기 위해 집으로 왔는데, 어머니가 “밥 먹었니” 라고 안부를 묻고 거짓말처럼 5분 후 사망했다는 것이다.  　말년에는 바이널헤이븐섬에 자택을 마련해 은둔생활을 하다시피 했다.  　onlinenews@heraldcorp.com   [프리미엄 링크] ◆ [평생무료] ""주식카톡방"" 대박주를 추천받는데 100원도 안낸다~ ◆ 무료O, 회원가입X. 바로보는 증권전문가의 실시간 라이브방송.  10%수익을 40%로 만들어 준다고?? 영웅스탁론이라면 가능~! [영웅스탁론]효과적인 레버리지를 이용하여 수익률을 4배로!!    이 종목 미리 알았더라면.. 화제의 급등주검색기 실전투자 300%비법 무료체험 3일신청시 [즉시공개!]    김태희, 로또 대박?! 20억 당첨금 공개..    테마주!외국인+기관 쌍끌이 매집중인 종목 전문가들도 탐내는 급등주 공식 무료배포! [클릭]    [오늘의 인기기사] ◆ [국대스탁론]업계 최저금리 2.29%! 100%한종목 투자가능+신용/ 미수 대환가능 ◆ [국민스탁론]저렴한 연2.7% 금리로 최대 4배 투자 가능 ◆ [마감임박] '급등주 문자메시지' 100% 무료로 받아보기! ◆ [상한가속출] ""깜짝놀랐다"" 카톡무료체험으로 3000만원 수익달성!  ◆[밴드스탁론] 연 2%대 금리, 신용 미수 대환 가능, 주식자금 전문 ☏1899-9044 ◆똑똑해진 소비자..한국도 이젠 소형차 시대 ◆2020년 한국 TV 2대중 1대 인터넷 연결된다"
317,2,"2018-05-22","15:57:04","추미애 대표, ‘부처님 오신 날’ 대구 동화사 법요식서 축사 “모두 부처님의 기운","더불어민주당 추미애 대표가 부처님오신날인 대구 동화사와 구미역 등 대구경북을 방문했다.  추미애 대표는 오늘(22일) 오전 11시 대구 동화사에서 열린 ‘팔공총림 봉축대법회에’ 참석해 주지인 효광 스님 등 사찰 관계자들과 인사하고 축사를 했다.  추 대표는 “사법시험에 낙방했을 때 어머니께서 동화사에 기도를 올려주셨고, 저 또한 힘들 때마다 동화사에서 힘을 얻곤 했다”며 동화사와의 남다른 인연을 밝히기도 했다.  그는 “푸르른 5월의 실록처럼 한반도의 평화가 푸르게 뿌리내리길 바란다”며 “모두 부처님의 기운을 얻어가시길 바란다”고 했다.  추 대표는 법회가 끝난 뒤 구미역 앞에서 오중기 경북지사후보와 함께 시민들을 만난 뒤 상경했다.  [사진=연합뉴스 제공]  /김경민기자 kkm2619@sedaily.com    [서울경제 관련뉴스] 문재인 대통령 워싱턴 도착··· 내일 새벽 美 트럼프 대통령과 배석자 없는 일대일 단독 회담  고교생 커플, 갓난아기 낳은 후 방치해 숨지자 점퍼에 감싸 유기 ··· 나이 어린 점 참작돼 구속영장 기각  나경원, 비서 욕설 파문에 과거 ‘일베 폐쇄 반대’ 발언 재조명 “표현의 자유 후퇴 시키는 행위”  ‘나경원 비서’ 박창훈 막말 ‘가만두면 안된다’ 청와대 국민청원 등장 “타의 모범이 돼도 모자라거늘""  [오늘의 운세] 2018년 5월 22일 화요일(음력4월 8일),당신의 오늘 하루 운세는?   ▶▶ 2018 년 정부 정책 수혜주 TOP 10 大공개! (바로 확인)  ▶▶ 재료노출 임박한상위1%의 극비정보 30명한정 공개(무료)    [ⓒ 서울경제, 무단 전재 및 재배포 금지]"
317,3,"2018-05-22","15:56:45","[가전] 온라인 판매량 급등...AUX 성장세 기대","천풍증권은 ""온라인 에어컨 판매량이 4월에도 양호한 증가세를 유지했고 AUX의 월당 판매량이 상위 3위 내에 진입할 것""이라고 밝혔다.     차이원쥐엔(蔡雯娟) 천풍증권 연구원은 ""4월 산업의 온라이 에어컨 판미량 데이터가 매우 양호했다. 특히 HAIER 및 2선 브랜드인 AUX, TCL도역할을 톡톡히 해냈다. 현재 여름 성수기가 다가오기 직전이라 소매 데이터를 주목해야 한다""고 설명했다.     이어 ""온, 오프라인의 판매량이 분명한 양분화 현상을 보였고 JD, T-mall 등의 데이터를 보면 가전제품은 온라인에서 빠른 성장세를 유지하고 있다""며 ""온라인 채널에서의 판매량과 판매액 규모는 이미 전체 판매 규모의 4분의 1을 넘어섰다""고 분석했다.      차이 연구원은 ""온라인에서의 가전제품 판매량 비중이 높아지고, 동시에 농촌 및 3, 4선 도시도 빠른 성장세를 보일 것""이라며 ""AUX는 온라인 채널에서의 강세를 기반으로 빠르게 성장할 것으로 보며 출하량 시장점유율도 이미 기존 3대 대형 기업과 근접한 수준을 보였다""고 전했다.    관련주: 격력전기(000651.SZ), 칭다오하이얼(600690.SH), 삼화(002050.SZ)     발간일: 2018.5.21  출처:천풍증권"
317,4,"2018-05-22","15:56:28","최저임금 산입범위 대폭 확대 유력…노정 관계 냉각","[뉴스토마토 구태우 기자] 최저임금에 정기상여금과 복리후생 수당까지 포함될 가능성이 높아졌다. 국회가 최저임금 산입범위를 대폭 확대하기로 가닥을 잡았기 때문이다. 노동계는 최저임금법 개정에 강하게 반발해 노정 관계가 급격하게 냉각될전망이다.      22일 노동계에 따르면 민주노총은 이날 새벽 노사정 대화를 불참하기로 결정했다. 사회적 대화기구인 노사정 대표자 회의에 참여한 지 117일만에 불참 의사를 나타냈다. 이달중 최저임금법 개정안의 국회 통과 가능성이 높아진 데 따른 것이다. 28일 국회 본회의 통과가 유력시된다. 노동계가 최저임금법 개정을 막기 위해 강경대응에 나선 것이다.          국회 환경노동위원회가 지난 21일 최저임금 산입범위를 논의하고 있다. 여야 위원이 고심하는 모습을 보였다. 사진/뉴시스  국회 환경노동위원회는 여야가 지난 14일 국회 정상화에 합의하면서 최저임금법 개정안을 논의하고 있다. 환노위 여야 위원은 정기상여금과 복리후생 수당인 숙식비도 최저임금에 포함할 가능성이 높다.      현재는 기본급을 제외한 직무·직급·기술수당 등이 최저임금에 포함된다. 통상임금에 포함되는 범위보다 최저임금의 산입범위가 지나치게 협소하다는 지적이 제기됐다. 올해 최저임금이 16.4%(금액 1,060원) 올라 경영계는 산입범위 확대를 강하게 요구했다. 최소 통상임금 수준까지 산입범위를 확대해야 한다는 주장이다.     임금 항목이 고정성·일률성·정기성을 충족할 경우 통상임금으로인정된다. 반면 최저임금은 저임금 노동자의 생활 안정을 목적으로 하는 만큼 산입범위를 제한했다. 각종 수당을 최저임금에 포함할 수 없게해 최저임금 인상 효과를 높인 것이다.     현재는 산입범위를 현실적으로 조정해야 한다는 주장이 설득력을 얻는 상황이다. 국내의 최저임금 수준이 예전보다 높아졌기 때문이다. 한국의 올해 최저임금(7530원)은 경제협력개발기구(OECD) 국가 중 14위를 나타냈다. 각국의 최저시급을 원화로 환산할 경우 일본(8497원), 미국(8051원), 캐나다(9740원), 독일(1만1480원) 등이 한국보다 높다.      정기상여금과 숙식비를 최저임금에 포함하면, 피해는 임금 근로자에게 돌아간다. 상여금 포함 시 중소기업에서 근무하는 제조업 노동자의 임금 인상 효과가 반감된다. 중소·영세기업의 제조업 노동자는 시급이 낮지만, 상여금과 특근으로 실질임금을 높인다. 숙식비를 포함하면 최저임금 수혜계층인 아르바이트·외국인 노동자는 직접적인 피해를 입는다. 이들은 각각 식대와 기숙사(방값)을 사업주로부터 받기 때문이다. 이를 고려해 최저임금 산입범위를 확대해야 한다는 주장이 설득력을 얻는다.      양대 노총과 한국경영자총협회는 최저임금위원회에서 산입범위를 재논의해야 한다고 요구했다. 노사단체가 산입범위를 정하겠다는 주장이다. 이들은 지난해 12월부터 3개월 간 논의했지만, 이견을 좁히지 못했다. 이들의 요구가수용될 가능성은 낮다. 환노위의 야당 위원은 ""노사간 합의가 현실적으로 낮다""고 반대 의견을 나타냈다.      구태우 기자 goodtw@etomato.com [구태우 기자의 다른 뉴스] · (단독)'칼피아' 논란에 국토부,땅콩회항 기장 뒷북 징계 · 손경식경총 회장 ""신 남방정책 성공에 힘 보탤 것"" · 내년 최저임금 협상 개시…가시밭길 예고  [이 시각 주요뉴스] · ""마지막 가는 길도 조용히""구본무 회장 영면 · 세계 조사기관 잇달아 “서울, 7대 세계도시” 선정 · (6.13지방선거 현장24시)⑥울산시장, 자유한국당 김기현 후보  -경제전문 멀티미디어 뉴스통신 뉴스토마토 저작권자(c)뉴스토마토통신. 무단전재-재배포 금지-"
317,5,"2018-05-22","15:55:51","고 구본무 회장, 차분한 분위기 속 발인…화장 후 ‘수목장’으로","22일 오전 서울 종로구 서울대병원 장례식장에서 열린 고(故) 구본무 LG그룹 회장 발인식에서 고인의 영정이 운구차량에 옮겨지고 있다. [ 사진=연합뉴스]  　‘후계자’ 구광모 상무, 담담한 표정 　유해는 곤지암 인근 ‘수목장’  　[헤럴드경제] 고(故) 구본무 LG그룹 회장의 발인식이 22일 오전 서울대병원 장례식장에서 조용히 마무리됐다. 가족들은 발인식 후 장지로 이동해 나머지 장례 절차를 비공개로 진행했다.   　발인제는 오전 8시께부터 서울대병원 장례식장에서 비공개로 열렸다. 발인제를 마친 유족들은 운구를 위해 지하 1층 장례식장으로 내려갔다. 8시 30분께 유족들이 지하 1층에서 지상으로 운구하는 과정이 3분정도 언론에 공개됐다.  　이날 구 회장의 영정 사진을 품에 안은 건 맏사위인 윤관 블루벤처스 대표였다. 윤 대표를 필두로 과거 구 회장을 모시던 비서 등 LG 소속 직원 6명이 관을 들고 리무진 장의차로 향했다. 그 바로 뒤를 구 회장의 외아들이자 후계자인 구광모 LG그룹 상무가 따라갔다. 유족과 허창수 GS그룹 회장ㆍ구자열 LS그룹 회장 등 범LG가 친지들 100여명이 그 뒤를 따랐다.  　구 상무는 부친의 관이 장의차에 실리는 과정을 담담한 표정으로 지켜봤다. 관이 장의차에 실린 뒤 뒷문이 완전히 닫히자 구 상무를 비롯한 유족들이 목례로 고인에게 마지막 인사를 건넸다.  　유족들의 맨 앞줄에는 구 회장의 동생들인 구본능 희성그룹 회장과 구본준 LG 부회장, 구본식 희성그룹 부회장이 서 있었다.  　구 상무와 사위 윤 대표가 장의차에 탑승하자 구 회장의 관을 실은 장의차가 느린 속도로 장례식장을 빠져 나갔다.  　이를 바라보던 구본능 회장이 눈물을 글썽였고, 일부 유족들이 손수건으로 눈물을 훔치기도 했다.   　발인식에는 LG(하현회)ㆍLG전자(조성진)ㆍLG유플러스(권영수)ㆍLG화학(박진수)ㆍLG디스플레이(한상범)ㆍLG생활건강(차석용) 등 그룹 계열사 부회장단도 참석했다.  　또 박삼구 금호아시아나그룹 회장과 이웅렬 코오롱그룹 회장, 조현준 효성그룹 회장 등의 모습도 보였다. 박삼구 회장은 구 회장과 1945년생 동갑내기이자 연세대 동문으로 절친한 사이로 알려졌다. 그는 지난 20일 빈소가 차려진 날부터 이날 발인까지 사흘 내내 장례식장을 찾아 구 회장의 마지막을 지켰다.  　이후 일정은 외부에 공개되지 않았다. 가족들만 장지로 이동해 나머지 장례 절차를 비공개로 진행했다.  　고인의 유지와 유족의 뜻에 따라 고인은 화장을 한후 그유해를 경기도 광주 곤지암 화담숲 인근 지역의 나무뿌리 옆에 묻는 ‘수목장’ 형태로 진행될 것으로 전해졌다.  　상주인 구 상무는 부친상을 치른 뒤 현직인 LG전자 B2B사업본부 ID사업부로 복귀할 예정이다. 다음달 29일 열릴 LG의 임시 주주총회에서 등기이사로 선임되는 것을 계기로 경영 전면에 나설 것으로 예상된다.  　onlinenews@heraldcorp.com   [프리미엄 링크] ◆ [평생무료] ""주식카톡방"" 대박주를 추천받는데 100원도 안낸다~ ◆ 무료O, 회원가입X. 바로보는 증권전문가의실시간 라이브방송.  10%수익을 40%로 만들어 준다고?? 영웅스탁론이라면 가능~! [영웅스탁론]효과적인레버리지를 이용하여 수익률을 4배로!!    이 종목 미리 알았더라면.. 화제의 급등주검색기 실전투자 300%비법 무료체험 3 일신청시 [즉시공개!]    김태희, 로또 대박?! 20억당첨금 공개..    테마주!외국인+기관 쌍끌이 매집중인 종목 전문가들도 탐내는 급등주 공식 무료배포! [클릭]    [오늘의 인기기사] ◆ [국대스탁론]업계 최저금리 2.29%! 100%한종목 투자가능+신용/ 미수 대환가능 ◆ [국민스탁론]저렴한 연2.7% 금리로 최대 4배 투자 가능 ◆ [마감임박] '급등주 문자메시지' 100% 무료로 받아보기! ◆ [상한가속출] ""깜짝놀랐다"" 카톡무료체험으로 3000만원 수익달성!  ◆[밴드스탁론] 연 2%대 금리, 신용 미수 대환 가능, 주식자금 전문 ☏ 1899-9044 ◆똑똑해진 소비자..한국도 이젠 소형차 시대 ◆2020년 한국 TV 2대중 1대 인터넷 연결된다"
317,6,"2018-05-22","15:55:09","[월드IT쇼 2018] 자동통역 기술·지능형 학습시스템 소개","ICT 기술사업화 페스티벌     [ 안정락 기자 ]  다양한 기술 사업화 성공 사례를 소개하는 ‘2018 ICT 기술사업화 페스티벌’이 서울 삼성동 코엑스 A3·A4홀에서 열린다. ICT 기술사업화 페스티벌은 ‘기술의 바람, 미래의 바람이 되다’를 슬로건으로 기술 전시회, 마케팅·정책홍보의 장으로 구성했다.  기술 전시회에는 약 170건의 기술 사업화 사례가 소개된다. 4차 산업혁명관에서는 언어 장벽 없는 국가 구현을 위한 ‘제로유아이(Zero UI) 자동통역 기술’(ETRI), 증강현실과 캐릭터 인공지능(AI)을 이용한 지능형 학습 시스템인 ‘K-PoP 댄스 마스터’(쏘그웨어) 등의 기술을 만나볼 수 있다.  정보통신기술(ICT) 유망기술 전시관은 빅데이터와 AI를 통한 온실용 정밀 배지관리 시스템(에스에스엘), 스마트 자동차용 무인 자동 무선충전 기술(KAIST), 업무프로세스 기반의 ISO인증 통합 관리시스템(핸디소프트) 등33개 기술을 전시한다.  바우처 매칭기술 전시관에선 2016년부터 시작한 ‘ICT 연구개발(R&D) 바우처 사업’을 통해 개발한 고성능 감성인식·표정기반 인증 실용화 기술(KAIST), 건축물 에너지 저감을 위한 창호용 저전력 무선통신 사물인터넷(IoT)센서모듈 창호 기술(거광기업) 등 22개 기술을 살펴볼 수 있다.  정보통신기술진흥센터가 운영하는 ICT 디바이스랩관은 AI 콜센터, 채팅로봇, AI 영어교육 서비스 등을 하는 AI 플랫폼(마인즈랩) 등 12개 기술을, 벤처기업협회(KOVA)관은 스마트 배란 테스트기 ‘오뷰’(종로의료기) 등 30개 기술을 전시한다.  마케팅의 장에서는 유망 기술 설명회 및 기술 이전 상담회, 기술금융 상담회 등이 열린다. 가상 투자유치 경진대회도 펼쳐진다. 정책홍보의 장에서는 기술 사업화 성공사례 발표(23일), 기술표준화포럼(25일), ICT R&D 혁신 바우처 공청회(25일) 등이 열린다. 행사 관계자는 “AI, 빅데이터, 클라우드, 홀로그램 등 4차 산업혁명의 핵심 기술을 한자리에서 만나볼 수 있는 기회”라고 말했다.  안정락 기자 jran@hankyung.com    기업의 환율관리 필수 아이템! 실시간 환율/금융서비스 한경Money [ 무료 주식 카톡방 ] 국내 최초, 카톡방 신청자수 38만명 돌파 < 업계 최대 카톡방 > --> 카톡방 입장하기!!     관련기사 청진기·차트 이어 환자불편도 없애는 '스마트병원' ""정말 이례적인 일"" 충격에 휩싸인 신혼부부들 왜? ""文정부 이대로가면 모조리…"" 으름장 놓은 곳이 창원 스마트혁신지원센터 완공… ICT 산업 혁신 생태계 키운다 ""셈하기도 어렵다"" 방탄소년단 경제적 가치가 무려    ⓒ 한국경제 & hankyung.com, 무단전재 및 재배포 금지"
317,7,"2018-05-22","15:55:00","드루킹 ""검찰은 면담영상 공개하라""…'수사축소' 진실공방 계속","[서울=뉴스핌] 이보람 기자 = 댓글조작 사건의 주범 필명 '드루킹' 김모(49)씨가 김경수 전 의원 관련 진술을 대가로 수사 축소를 시도했다는 검찰 주장에 ""면담 영상을 공개하라""고 맞서며 진실공방을 이어가고 있다.    이른바 '드루킹'으로 불리는 김모씨가 '민주당원 댓글 조작' 사건과 관련, 지난 2일 서울중앙지법에서 열린 첫 재판에 출석하고 있다. 2018.05.02 yooksa@newspim.com  22일 법조계 등에 따르면 김씨는 변호인을 접견하고 ""검찰에 수사 축소를 요구한 적이 없다"" 고 주장하며 ""녹화·녹음파일을 모두 공개하라""고 반박한 것으로 전해진다.  앞서 김씨는 조선일보에 옥중편지를 보내 ""검찰이 수사를축소하려고 했다""며 ""다른 피고인 조사 시 모르는 검사가 '김경수 의원 관련 진술은 빼라'고 말했다""고 주장한 바 있다.  검찰은 이같은 주장에 ""김씨가 '김 전 의원 관련 폭탄 선물을 줄테니 요구 조건을 들어달라'고 했다""며 ""자신과 '경제적공진화모임(경공모)'에 대한 수사를 축소해달라고 요구했다""고 면담 내용을 취재진에게 설명했다. 검찰은 이와 함께 관련 영상과 녹음 파일이 있다는 점을 근거로 제시했다.  김씨는 이에 재반박하며 수사 축소 요구를 한 적이 없다는 입장이다.  아울러 실제 면담시간은 1시간 30분이었으나 검찰이 50분이라고 말한 것에 대해 관련 자료 편집 가능성을 의심하고 있다. 이에 검찰이 자료 원본을 공개해야 한다는 게 김씨 요구다.   ▶ [평생무료] 매일 실시간 방송♠국내 최정상 전문가의 종목 공개♠유료보다 더 좋은 무료 강좌 및 프리미엄전략!☞[무료확인]  ▶ 국내최고 전문가 수익률대결종목! 실시간으로 알려드립니다※바로신청※  검찰도 김씨 주장이 허위라고 맞서는 가운데공식적으로 관련 자료 공개 요청이 있을 경우 이를 검토할 것으로 전해진다.   다만, 실제 공개와 관련해선 김씨 동의 등 법리적검토가 필요한 만큼 이를 먼저 확인하고 공개 방식과 시기 등을 고려해야 한다는 입장이다.        brlee19@newspim.com '드루킹 옥중편지' 경남지사 선거 판세 흔든다...김경수 vs 김태호 '사생결단' 대치  드루킹 특검법, 내주 국무회의 상정될 듯..한국당, 반발 [사진] '드루킹 연루' 의혹 불거진 송인배 靑 비서관...문 대통령 방미 수행  '드루킹 특검법' 통과에 네이버 ""향후 조사 성실히 임할 것"" [클로즈업] '김경수-드루킹' 가교 역할...송인배 靑 비서관 누구길래      ▶ 500만원으로 3억만들기 50번째 주인공 탄생! [확인]  좋은 상품 다 아는 곳! 안다쇼핑!  / 최저금리 맞춤서비스 진행중 / 10분이면 4배자금가능 / 24시간 친절상담센터 1522-3233 / 씽크풀  충격! 여의도 세력들의 극비종목 무료 공개!"
318,1,"2018-05-22","15:47:52","이달말 부터 캐피탈사 기존 차주도 금리 연 24% 이하로 소급적용","카드사에 이어 캐피탈사의 기존 대출자도 법정 최고금리 인하 혜택을 받을 수 있게 됐다. 시행 시기는 이달 말부터다.  여신금융협회는협회 소속 여신금융회사(캐피탈사)들이 법정 최고금리(연 24.0%)를 초과하는 일부 기존 대출의 적용 금리를 24.0% 이하로 내린다고 22일 밝혔다. 적용 대상은 지난 2월 8일 기준으로 대출 기간이 절반 이상 지났으며 연체한 적이 없는 차주 또는 지난해 8월 7일 개정 대부업법 시행령입법예고 이후 연 24% 이상 금리로 신규 대출을 받거나 만기 연장한 차주다. 캐피탈사는 금리 인하 관련 내용을 해당 금융회사 홈페이지 등을 통해 안내할 예정이다.  또 전산개발이 필요한 회사의 경우 개발을 마친 후 금리 인하 혜택을 소급, 적용한다.  여신금융협회는이번 대출금리 인하로 약 14만명이 이자 경감 혜택을 누릴 수 있을 것으로 내다봤다. 여신금융협회는 중금리 대출 및 금리인하요구권 활성화등을 통해 취약차주의 금리부담을 완화한다는 방침이다. 협회 관계자는 ""법정 최고금리를 기존 고객에 확대 적용하는 것은 법적 의무사항은 아니다""면서도 ""정부의 포용적 금융정책에 적극 동참하기 위해 인하 별도 신청절차 없이 인하 금리를 적용하기로 했다"" 고 설명했다. 한편, 지난 2월에는 여신금융협회 소속 신한, KB국민, 삼성, 현대, 하나, 우리, 롯데 등 7개 신용카드사가 법정 최고이자율 인하를 기존 대출에 소급적용한 바 있다. ck7024@fnnews.com 홍창기 기자  ▶'모멘텀 집중' 저가에서 매집해둬야 할 상반기 유망주 3선 (지금 확인)   [파이낸셜뉴스 주요뉴스]  → '공천갈등 진화' 나선 바른미래 지도부..살얼음판 여전 → 靑, 드루킹-'親文' 송인배 연루설에 '당혹'‥적극 해명 → 일주일 사이에 로또 1등 2번 당첨된 40대 남성 →  초등생 고속도 휴게소 방치 혐의 교사 벌금 800만원 → 심부전 위험 줄이려면, 일주일간 150분 운동하라  ▶ <긴급공개> 억대계좌 이종목에서 또 터진다!    ※ 저작권자 ⓒ 파이낸셜뉴스. 무단 전재-재배포 금지 "
318,2,"2018-05-22","15:47:40","IPO에 몰린 기업, 거래소 상장예심 사상 최대 규모","[머니투데이 김명룡 기자] [3월 이후 30곳 상장예비심사 진행…기술성평가 특례상장도 5곳 몰려]   지난 3월부터 IPO(기업공개)에 나선 기업이 크게 늘어 한국거래소가 상장심사를 진행하는 기업이 사상 최대를 기록했다. 거래소는 상장에 차질이 빚어지지 않도록 심사인력을 풀가동하고 있다.   22일 거래소에 따르면 3월 이후 상장 예비심사를 청구해 심사가 이뤄지고 있는 회사가 총 30곳이다. 코스피가 5곳, 코스닥이 22곳, 코넥스에서 코스닥으로 이전하는 기업이 3곳이다. 이는 IPO 사상 최대 실적을 기록한 지난해 같은 기간 22건(코스피 1개, 코스닥 20개, 코스닥 이전상장 1건)을 크게 웃도는 수준이다.   3월까지 기업 회계 결산이 마무리되면 이 실적을 바탕으로 상장예심에 나서는 기업이 증가하는 것은 일반적인 현상이다. 특히 올해는 1분기에 신규상장한 일부 기업 주가가 급등하면서 많은 기업들이 적극적으로 IPO에 나서고 있다.   한국거래소 상장심사부 관계자는 ""이 기간 동안 코스피 상장예심을 청구한 기업이 지난해 1곳에 불과했는데 올해는 5곳으로 늘었다""며 ""코스닥이나 기술성평가 특례상장 청구도 지난해보다 증가했다""고 설명했다.   특히 거래소가 지난달부터 성장 잠재력을 갖춘 것으로 인정된 기업은 자본잠식 상태더라도 코스닥시장에 상장할 수 있게 상장 규정을 개정하는 등 상장유치에 적극적으로 나서면서 IPO 시도도 늘고 있다는 평가다. 4월 이후 상장 예심을 청구한 곳은 19곳이다.   상장예심청구가 몰리면서 거래소는 심사인력을 풀가동하고 있다. 거래소 관계자는 ""상장심사부 인력 20명, 기술기업상장부 인력 13명이 총동원돼 예심청구 기업에 대한 심사를 진행하고 있다""며 ""심사 때문에 상장일정에 차질이 빚어지지 않도록 하는 것이 목표""라고 말했다.   거래소는 상장예비심사 신청서가 접수되면 45일(거래일 기준) 내에 상장 관련 심의를 완료해야 한다. 거래소 측은 ""2분기는 원래 상장심사 청구가 쌓이는 시기여서 사전에 대비하고 있었던 만큼 심사가 지연되지는 않고 있다""며 ""일정 간격을 두고 상장예심 청구가 이뤄져 업무를 분산할 수 있다""고 설명했다.   특히 30개 기업 중 5개 기업은 기술성평가 특례상장으로 예심을 청구했다. 기술특례 상장은 심사가 까다로운 바이오 기업이라 기술기업상장부가 더 바빠졌다. 거래소 기술기업상장부 관계자는 ""최근 기술평가를 노리던 한 바이오 기업이 감사의견 적정을 받지 못해 예심을 청구하지 못한 사례가 있었다""며 ""예심을 청구한 기업의 회계 부분을 꼼꼼하게 들여다보고 있다""고 말했다.   다만 8월부터는 상장이 몰릴 가능성이 있다. 일반적으로 예심청구 이후 실제 상장까지는 5개월 정도가 걸린다. 최종경 BNK투자증권 연구원은""올해 상장을 완료한 기업은 대부분 지난해 예심을 청구했던 기업들""이라며 ""IPO가 잠시 소강상태를 보이다 하반기부터 다시 활발해질 것""이라고 전망했다.     주식담보대출도 이제 부담없는 금리로 가능(안내: 02-3775-1497)   ▶▶ 2018년 상반기 급등 예상 종목 BEST 10 (바로 확인)   <키워드림론> 최저금리로 신용·미수 대환 하는 유일한 방법은    [파워 인터뷰]      [관련기사] ☞ 오는 10일 이건희 삼성회장 '와병 만4년'…장비없이 자가호흡 ☞ 아들 곁으로 간 구본무 회장…슬픔 이기고 LG 24년 이끌어 ☞ 자연으로 돌아간 구본무 회장 마지막길…소리없는 '울음바다' ☞ ""딸이 더 좋아""…보육원에 남겨진 남아(男兒)들 ☞ 성공을 부르는 말하기? ""목소리를 낮게 내보세요""      주식매입자금? 전화 한통화면 당신은 스마트컨슈머!    최저금리로 신용·미수 대환 하는 가장 경제적인 방법 (바로 확인)   ‘개미’말고 ‘슈퍼 투자자’되고 싶다면?...‘이것’만 잘 이용해도 가능해요!       김명룡 기자 dragong@    <저작권자 ⓒ '돈이 보이는 리얼타임 뉴스' 머니투데이, 무단전재 및 재배포 금지>"
318,3,"2018-05-22","15:47:14","시카고상품거래소, 하나금융투자에 2개월간 ‘거래중지’ 통보","@media all and (max-width: 400px) {img{max-width:340;height:auto;}}.dayTBL a:link {font-family: 돋움;font-size: 11px;line-height: 18px;color:#666666;text-decoration: none}.dayTBL a:visited {font-family: 돋움;font-size: 11px;line-height: 18px;color: #666666;text-decoration: none}.dayTBL a:hover {font-family: 돋움;font-size: 11px;line-height: 18px;color: #840000;text-decoration: none}.dayTBL nobr {width:85px; text-overflow:ellipsis; overflow:hidden; cursor:pointer; float:left}.todayBDb {border-bottom: #000000 0.5pt solid}.tblGrp{padding:0; border-spacing:0; border-collapse:collapse; border:0;vertical-align:top;width:279px}.tblGrp td{vertical-align:top}.dayTBL {width:93px; padding:0; border-spacing:0; border-collapse:collapse; vertical-align:top; border:0}.dayTBL td{font-size:12px; font-family:돋움; color:#333333;line-height:18px;padding:0}.divSch1{float:left}.divSch2{float:left}.tdSch{border: #E6E6E6 0.1pt solid;height:75;padding:0}.tdSchToday {border: #000000 1pt solid;height:75;background-color:#fffff0;padding:0}.tdSchTomorrow {border-left:0}.tdSchYesterday {border-right:0}.tdDate{background-color:#c8e7ff;height:10;text-align:center}.ad {text-align:center; font-size:8pt; font-family:돋움;line-height:1.2}.lg {margin-bottom:20px;}.title{font-size:15px;color:#203c76;font-weight:bold;margin-bottom:20px;}a,img {border:0; outline:none; selector-dummy:expression(this.hideFocus=true);}body,td,select,input,div,form,textarea,center,option,pre,blockquote {font-size:9pt; line-height:1.6; font-family:돋움;}table{border:0px;}r {display:none;}    제목 : 시카고상품거래소, 하나금융투자에 2개월간 ‘거래중지’ 통보  [매일일보 이화섭 기자] 시카고상품거래소(CME)가 22일 하나금융투자를 통한 거래를 2개월간 중지할 것을 통보했다. 이에 따라 하나금융투자 흠트레이딩시스템(HTS)과 모바일트레이딩시스템(MTS)에서는 CME 해외선물·옵션거래가 원활히 이뤄지지 않아 고객들이 불편을 겪고 있는 것으로 나타났다.  하나금투는 이날 오전 HTS와 MTS에 안내문을 통해 “CME 거래소 조치에 따라 CME 해외선물상품에 대한 신규 주문이 불가하며 현재 보유포지션의 경우 유선 주문을 통한 청산만 가능하다”고 밝혔다.  박선태 하나금융투자 해외증권실장은 “새벽 6시 30분 CME로부터 거래 중단 통보를 받고 7시 CME 개장에 맞춰 바로 안내 공지를 띄웠다”며 “신규 주문은 할 수 없지만 보유 포지션 청산은 유선으로 가능하도록 조치했다”고 설명했다.  다만 그는 “거래중지의 구체적인 원인은 아직 확인 중”이라며 “신속한 대응으로 포지션 청산에 최선을 다하고 있지만 이로 인해 피해를 본 고객에게는 적극적으로 보상할 방침”이라고 말했다.  한편 하나금융투자 측은 CME로부터 거래 중단을 통보받은 다른 국내 증권사는 아직 없는 것으로 보인다고 덧붙였다.   해당 기사는 매일일보(www.m-i.kr)에서 제공한 것이며 저작권은 제공 매체에 있습니다. 기사 내용 관련 문의는 해당 언론사에 하시기 바랍니다.  ■[하이스탁론] 주식자금이 필요할 땐 ☎ 1599-6222 연 3% 업계 최저금리, 자기자본 포함 최대 4배, 연장수수료 無 주식 매도 없이 미수, 신용 대환/ 마이너스통장식 / 기대출자도 가능 ☞ 14년 연속 스탁론 점유율 1위, 노주현이 추천하는 [하이스탁론 바로가기]  ▶【급등임박株】 “정책+실적+수급분석 완료” 주도주 '2선' 추천받기  ◆""숨은 진주발굴"" 당뇨치료제 상용화 임박! <재료주공개>   [이슈&섹터 스케줄]    2018-05-21 - 독일 증시 휴장 - 여야, 특검·추경 동시 처리 예정 - 2018년 AfDB 연차총회 개최 예정   2018-05-22 - 석가탄신일 - 국내, 홍콩 증시 휴장 - 韓-美 정상회담   2018-05-23 - 월드IT쇼(WIS) 개최 - 2018 글로벌 액셀러레이터 컨퍼런스 & 데모데이 개최 - 폼페이오, 美 하원 청문회 출석 예정(현지시간)      2018-05-24 - 금융통화위원회 - 文 대통령, 정부 개헌안 국회 표결 예정 - 韓-中 산업장관 회의 개최 예정   2018-05-25 - 미국 제외 이란 핵 합의 당사국 이행 문제 논의 예정(현지시간) - 삼성전자, 갤럭시S9·S9+ 버건디레드 출시 예정 - 삼성바이오로직스 감리위 2차회의   2018-05-26 - 동원 보호예수 해제 - 오늘의 프로야구      Copyright ⓒ True&Live 증시뉴스 점유율1위, 인포스탁(www.infostock.co.kr) 인터넷신문(경기아51008)/무단전재 및 배포금지   본 뉴스(정보)는 해당종목의 매수/매도신호가 아니며, 이를 근거로행해진 거래에 대해 책임을 지지 않습니다."
318,4,"2018-05-22","15:46:43","[철강] 하반기 예상 철강 수요량 비관적…실적 확실한 기업 주목","중신건투는 철강산업에 대해 ""올해 시장이 하반기 철강 수요량에 대해 비관적으로 예상하기 때문에 실적이 확실한 기업을 주목해야 한다""고밝혔다.   르우어팅() 중신건투 연구원은 ""지난주 제철소 재고량과 사회 재고량의 합은 전주 대비 약 63만 톤 감소한 1,689.08만 톤에 달했다. 5월 이후 기온이 상승함과 동시에 우기가 다가오는 상황에서 재고량 63만 톤 감소는 양호한 성적""이라고 분석했다.   또한 ""지난주 철강재 가격은 혼조세를 보였으며 시장은 재고량 감소의 영향과 우기 및 기온 상승으로 수요가 감소했기 때문이다. 앞으로 철강 시장은 낙관적일 상태를 유지할 것이며 철강 가격이 하락할 경우 철강재의 수출이 좋아지기 때문""이라고 덧붙였다.   그리고 ""지난주 주말에 중미 양국이 무역 전쟁을 종료함에 따라 외부 불확정성 요소가 하락해 단기적인 시장 리스크가 줄어들었다. 그러나 시장은 하반기 철강 산업의 수요량에 대해 여전히 비관적으로 보고 있기 때문에 실적이 확실한 기업을 주목해야 한다""고 언급했다.    중신건투는 추천종목으로 삼강민광(002110.SZ), 보산철강(600019.SH)을 강조했으며 이외에 수익성이 양호한 철강 기업을 주목해야 한다고 제시했다.   발간일: 2018.5.22   출처: 중신건투"
318,5,"2018-05-22","15:46:36","최저임금 산입범위 국회 처리에 민주노총 반발, 사회적대화 삐걱","[머니투데이 세종=최우영 기자] [국회 여야 합의 움직임 속 민주노총 노사정대표자회의·경제사회노동위원회 불참 선언]     국회에서 여야가 최저임금 산입범위를 합의 처리하려 하자 민주노총이 반발하면서 사회적 대화에서 빠지겠다는 강경한 입장을 나타냈다. 민주노총은 대화 대신 ‘투쟁’으로 모든 목표를 이루겠다는 방침을 밝혔다. 소상공인·청년·비정규직까지 아우르려던 새로운 사회적 대화기구구성도 무산 위기에 처했다.   민주노총은 22일 “노사정대표자회의와 경제사회노동위원회의 어떠한 회의에도 참여하지 않을 것”이라고 밝혔다. 민주노총은 사회적 대화에불참하는 이유로 국회 상황을 꼽았다.   민주노총은 “양대노총과 경총 등 노사 당사자가 모은 노사의견조차 거부되고, 집권여당 원내대표는 국회 환노위 법안심사소위장에 뒤늦게 찾아와 국회 처리를 겁박했다”며 “이 국회와 이 집권여당에 더 이상 희망은 없다”고 했다. 김명환 민주노총 위원장은 이 같은 입장을 문성현 노사정위 위원장과 김영주 고용노동부 장관에게 통보했다. 앞으로 민주노총의 의제를 투쟁으로 쟁취해나갈 것이라는 입장도 분명히 했다.   이는 여야가 지난 21일 국회 환경노동위원회(환노위)에서 최저임금 산입범위를 확대하는 방향에 의견접근을 본 데 따른 것이다. 여야는 최저임금 산입범위에 월단위 정기상여금, 현금성 숙식비 등을 포함하는 내용의 최저임금법 개정안을 이르면 이달 안에 국회에서 통과시키기로 잠정 합의한 상태다.   민주노총은 최저임금 산입범위 논의를 국회에서 맡지 말고 최저임금위원회로 다시 되돌리라는 입장이다. 최저임금위원회는 지난해부터 산입범위 개선을 위한 전문가 TF(태스크포스)를 구성해 논의했다. 그러나 산입범위 확대에 대해 근로자위원들이 강하게 반대하면서 공을 국회로 넘겼다.   이미 최저임금위원회에서 결론내지 못한 산입범위를 다시 논의하라는 민주노총의 주장은 지난 17일 새로 위촉된 최저임금위원들의 구성에 대한 기대가 반영된 것이다. 당시 새로 위촉된 공익위원들이 대부분 친노동성향이다. 따라서 산입범위에 대해 보다 노동계의 의견에 동조할 가능성이 높다.   반면 정치권에서는 빨리 산입범위를 확정해야 소상공인과 중소기업의 부담을 줄여줄 수 있다는 공감대가 이뤄졌다. 올해 16.4% 오른 최저임금 영향 탓에 실제 고용이 위축됐다고 보기 때문이다. 조속히 산입범위를 결정해야 시한이 한달여 남은 내년도 최저임금 인상률도 빨리 정해질것이라는 판단도 작용했다.   여야의 이런 움직임에 대해 민주노총이 투쟁 노선을 천명하면서 정부가 오랜만에 복원한 사회적 대화기구에도 빨간불이 켜졌다. 정부는 지난해 민주노총 창립주역인 문성현 노사정위 위원장을 임명하고 노동계의 뜻에 따라 박근혜 정부의 양대지침을 폐기하는 등 사회적 대화를 복원하기 위한 시도를 지속해왔다.   지난 1월부터 양대노총이 모두 참여하는 노사정대표자회의가 열렸고 세 차례 회의 끝에 새로운 사회적 대화기구인 ‘경제사회노동위원회’의명칭과 주요 구성원 등이 정해졌다. 경제사회노동위원회는 소상공인과 청년, 중소기업과 비정규직 등을 포함하는 사회적 대타협 기구로 자리매김할 것으로 예상됐다.   하지만 노동계의 대표주자격인 민주노총의 불참 선언으로 경제사회노동위원회는 공식 출범도 하기 전에 힘을 잃는 모양새다. 민주노총 없이출범할 경우 지난 20여년 동안 한국노총만 참여해왔던 노사정위원회처럼, 노동계의 의견을 전부 담지 못한다는 정당성 논란에 시달릴 전망이다.   한편 문성현 노사정위 위원장은 최근 머니투데이와의 인터뷰에서 이 같은 사태를 예견하며 “프랑스에서는 노동시간을 두고 총파업에 나서더라도 사회적 대화기구는 잘 굴러간다”며 “국회로 공이 넘어갔으면 국회에서 처리할 문제지 그걸 사회적 대화와 결부시키면 안된다”고 말했다.       주식담보대출도 이제 부담없는 금리로 가능(안내: 02-3775-1497)   ▶▶ 2018년 상반기 급등 예상 종목 BEST 10 (바로 확인)   <키워드림론> 최저금리로 신용·미수 대환 하는 유일한 방법은    [파워 인터뷰]      [관련기사] ☞ 오는 10일 이건희 삼성회장 '와병 만4년'…장비없이 자가호흡 ☞ 아들 곁으로 간 구본무 회장…슬픔 이기고 LG 24년 이끌어 ☞ ""딸이 더 좋아""…보육원에 남겨진 남아(男兒)들 ☞ 자연으로돌아간 구본무 회장 마지막길…소리없는 '울음바다' ☞ 성공을 부르는 말하기? ""목소리를 낮게 내보세요""      주식매입자금? 전화 한통화면 당신은 스마트컨슈머!    최저금리로 신용·미수 대환 하는 가장 경제적인 방법 (바로 확인)   ‘개미’말고 ‘슈퍼 투자자’되고 싶다면?...‘이것’만 잘 이용해도 가능해요!       세종=최우영 기자 young@    <저작권자 ⓒ '돈이 보이는 리얼타임 뉴스' 머니투데이, 무단전재 및 재배포 금지>"
318,6,"2018-05-22","15:46:00","재계 큰 별 故구본무 LG 회장 ‘수목장’ 선택한 이유는?","- 생전 자연보호에 관심 높았던 고인 뜻 따른 것      故 구본무 LG 회장의 발인이 22일 서울 종로구 서울대병원 장례식장에서 진행됐다.(사진=사진공동취재단)[이데일리 e뉴스팀] 고(故) 구본무 LG그룹 회장의 장례가 마지막까지 간소하게 치러져 주의를 또 한 번 숙연케 했다.  고인의 발인은 22일 오전 8 시 30분 서울 종로구에 있는 서울대병원 장례식장에서 엄수됐다. 고인의 운구에는 친족과 LG그룹과 계열사 주요 임원 100여명이 참석했다.   운구 차량은 화장을 위해 서울추모공원으로 향했다. 구 회장의 장례는 고인의 유지에 따라 화장한 뒤 그 유해를 곤지암 인근 지역의 나무뿌리 옆에 묻는 ‘수목장’으로 진행된다. 수목장은 주검을 화장한 뒤 뼛가루를 나무뿌리에 묻는 장례 방식이다.  구 회장은 생전에‘화담(和談)’이라는 자신의 아호를 따 생태수목원 ‘화담숲’을 지었을 만큼 자연환경 보호에 관심이 많았다.  이날 발인에 참석한이희범 전 산업자원부 장관은 “(재벌가에서) 이렇게 간소하게 수목장을 지내는 것은 처음 보는 듯하다”고 전하기도 했다.  수목장 뿐 아니라 병원에 입원한 후 연명치료를 하지 않은 것, 비공개 가족장으로 치른 것도 모두 고인의 뜻에 따른 일이었다고 유족들은 설명했다.  ▶계좌회복프로젝트! 상위 전문가의 투자전략 및 추천종목‘[무료확인]’ ▶14년 연속 1위, 대한민국 대표 스탁론 하이스탁론 '    ' ＜ⓒ종합 경제정보 미디어 이데일리 - 무단전재 & 재배포 금지＞   "
318,7,"2018-05-22","15:44:56","8년간 20억 털린 희대의 ‘로맨스 사기’ 당한 사연 보니…","[헤럴드경제=이슈섹션] 홍콩에서 ‘온라인 로맨스 사기’가 심각한 사회문제가 되고 있다고 사우스차이나모닝포스트(SCMP)가 22일보도했다.  SCMP에 따르면 홍콩의 금융회사에서 매니저로 일하는 40대 여성 A 씨는 2010년 온라인 데이트 사이트에서 한 영국 남성을 만났다.  자신이 영화감독이라고 밝힌 이 백인 남성은 매너 있는 말투와 유머 등으로 금세 A 씨의 호감을 샀다.   [사진=연합뉴스]  처음으로 온라인 데이트를 한 지 석 달 후 이 남성은 A 씨에게 급하게 1만 홍콩달러(약 140 만원)를 보내 달라고 부탁했다. 30만 파운드를 지니고 말레이시아에 갔다가 관련 법규 위반으로 구금돼 벌금을 내야 한다는 것이었다.  이 남성에게 푹 빠져있던 A 씨는 아무 의심 없이 말레이시아의 계좌로 돈을 보내줬다. 이후로도 이 남성은 여러 이유를 들어 돈을 보내달라고 부탁했고, A 씨는 그 부탁을 모두 들어줬다.  그렇게 8년 동안 A씨가 보낸 돈은 무려 1천400만 홍콩달러(약 20억원)에 달한다. 보낸 횟수는 200번 이상이었다.  자신의 예금마저 다 써버린 A 씨는 이 남성의 부탁을 들어주고자 급기야 가족과친구들에게서돈을 빌리기 시작했다. 이에 가족들이 사기꾼 아니냐며 의심했고, 뒤늦게 정신을 차진 A 씨는 지난달 경찰에 신고했다.  한편, 홍콩 경찰에 올해 1분기 경찰에 신고된 온라인 로맨스 사기 피해액은 모두 7천590만 홍콩달러(약 106억원)로 이는 지난해 같은 기간보다 5배 이상으로 늘어난 액수다.  지난해 온라인 로맨스 사기로 인한 피해액은 1억800만 홍콩달러(약 150억원)에 달했으며 지난해 피해 건수는 전년의 두 배 이상이었다.  온라인 로맨스 사기 피해자의 93%는 여성이었고, 이들 가운데 전문직 여성도 12%에 달했다.  onlinenews@heraldcorp.com          [프리미엄 링크] ◆ [평생무료] ""주식카톡방"" 대박주를 추천받는데 100원도 안낸다~ ◆ 무료O, 회원가입X. 바로보는 증권전문가의 실시간 라이브방송.  10%수익을 40%로 만들어 준다고?? 영웅스탁론이라면 가능~! [영웅스탁론]효과적인 레버리지를 이용하여 수익률을 4배로!!    이 종목 미리 알았더라면.. 화제의 급등주검색기 실전투자 300%비법 무료체험 3일신청시 [즉시공개!]    김태희, 로또 대박?! 20억 당첨금 공개..    테마주!외국인+기관 쌍끌이 매집중인 종목 전문가들도 탐내는 급등주 공식 무료배포! [클릭]    [오늘의 인기기사] ◆ [국대스탁론]업계 최저금리 2.29%! 100%한종목 투자가능+신용/ 미수 대환가능 ◆ [국민스탁론]저렴한 연2.7% 금리로 최대 4배 투자 가능 ◆ [마감임박] '급등주 문자메시지' 100% 무료로 받아보기! ◆ [상한가속출] ""깜짝놀랐다"" 카톡무료체험으로 3000만원 수익달성!  ◆[밴드스탁론] 연 2%대 금리, 신용 미수 대환 가능, 주식자금 전문 ☏ 1899-9044 ◆똑똑해진 소비자..한국도 이젠 소형차 시대 ◆2020년 한국 TV 2대중 1 대 인터넷 연결된다"
319,1,"2018-05-22","15:30:02","세계랭킹 20위 정현, 韓 테니스선수 첫 메이저대회 시드 배정","[숫자로 보는 세상]      ◆1호    한국 테니스의 간판 정현(한국체대)이 메이저 대회에서 한국 선수 최초로 단식 본선 시드를 받는다. 단식 세계랭킹 20위인 정현은 27일 개막하는 시즌 두 번째 메이저 대회 프랑스오픈 단식 본선에서 상위 32명에게 주는 시드를 사실상 확보했다. 세계랭킹 순으로 시드를 주는 게 일반적이라 정현은 이 대회에 불참하는 로저 페더러(2위·스위스)를 제외하고 19번 시드를 받을 가능성이 크다. 정현은 올해 첫 메이저 대회인1월 호주오픈에서 4강에 진출하며 한국인 메이저 대회 역대 최고 성적을 수립했다. 종전 기록은 1981년 US오픈 여자단식 이덕희(65)와 2000년과 2007년 US오픈 남자단식 이형택(42)의 16강 진출이었다.     ◆2000대    수출용 중고 차량 2000대를 실은 대형 화물선에서 불이 나 20시간 넘는 진화 작업에도 불구하고 배 안에 실려 있는 차량에서 발생한 유독가스가 인천 일대를 뒤덮어 주민들이 고통을 호소하고 있다. 21일 오전 9시 40분께 인천시 중구 항동7가 인천항 1부두에 정박 중인 파나마 국적화물선 오토배너호(5만2224t급)에서 불이 났다. 다행히 인명 피해는 발생하지 않았다. 한국인 7명과 외국인 24명 등 31명이 배 안에 있었지만 배 옥상으로 대피해 119구조대에 의해 구조됐다. 소방당국은 13층짜리 화물선 11층에 있던 중고차에서 엔진이 과열되면서 불이 난 것으로 추정하고 있다. 불이 나면서 배 안에 실려 있던 2000여 대 차량에서 유독가스와 연기가 발생했다. 연기는 남동풍을 타고 10㎞ 떨어진 연수구·남동구 일대까지 퍼져 주민들이 고통을 호소했다.     ◆10배    지난해 110만대로 사상 처음 100만대를 돌파한 세계 전기차 시장이 8년 만에 10배라는 무서운 성장 속도를 보일 것이라는 예측이 나왔다. 블룸버그가 21일 발표한 '2018 뉴에너지파이낸스(BNEF)' 보고서에 따르면 전기차가 배터리 가격 하락으로 가격 경쟁력을 확보하고 생산라인도확장되면서 성장에 가속도가 붙을 것이며 2025년에 연간 1100만대로 급팽창할 것이라는 전망이 나왔다. 2030년엔 3000만대로 시장이 커질 것으로 내다봤는데, 이는 그해 전체 승용차 예상 판매량의 28%에 이르는 규모다. 또 2040년에는 6000만대로 전체의 절반을 넘어설 것으로 예상했다. 반면 내연기관 차량은 2020년대 중반부터 판매가 줄어들 것으로 전망했다.     ◆120만명    중국 티베트자치구의 오지인 룽쯔현에서 금·은·희토류 개발로 외래 인구가 몰려들고 있다고 홍콩 사우스차이나모닝포스트가 21일 보도했다. 과거 3만명에 불과했던 이 지역 인구는 중국판 '골드 러시'에 120만명으로 늘었다. 인구 급팽창에 전력·통신망이 강화되고 공항도 건설 중이다. 이 지역은 중국과 인도 사이의 영토 분쟁 대상이었던 곳이다. 과거 영국의 식민지이던 인도와 독립국인 티베트를 가르던 국경선은 1914년 영국과 티베트가 합의한 '맥마흔라인'이었다. 이 선은 히말라야산맥 봉우리를 따라 그은 탓에 애매한 부분이 많았다. 본격적인 중국·인도 영토 분쟁은 1950년 중국이 티베트를 점령하면서 시작됐다.     ◆2020년    중국이 2020년 이후 대만을 침공할 가능성이 있다는 관측이 제기됐다. 21일 대만 연합보와 미국의소리(VOA) 방송에 따르면 제임스 파넬 제네바 안전정책싱크탱크(GCSP) 연구원은 미국 하원 정보위원회 보고에서 이 같은 견해를 밝혔다. 미국 제7함대 정보처 부처장 출신인 파넬은 ""2020∼2030년은 '걱정되는 10년'으로, 중국이 대만에 군사 행동을 감행할 수 있는 기간""이라며 ""중국은 건국 100주년을 기념해 통일 대업을 완성하려 할 수 있다""고 말했다. 2021년과 2049년은 각각 중국 공산당 창당과 건국 100년을 맞는 해다. 리처드 피셔 국제평가전략센터 선임연구원은 중국군이 이르면 2020년 중반 대만에 대한 무력행사에 나설 것이라는 관측을 내놨다.      [조연경 편집부 기자]      ☞ 5月 반드시 주목해야될 종목!! ☞ 5月 큰 수익 원한다면, 이 종목부터 빨리 매수해라!!! ☞ 지금 100만원 있다면, 이 종목부터 사라! ☞ ""세계최초 신약개발"" 드디어 올것이 왔다! 주목해라!!      [ⓒ 매일경제 & mk.co.kr, 무단전재 및 재배포 금지]"
319,2,"2018-05-22","15:30:00","北, 南취재단 뺀 채 풍계리 핵실험장 폐기.. 비핵화 의지는 보여","- 미·영·중·러 외신 취재단 22일 원산 도착 - 정부 北에 유감 표명하면서도 ""폐기 진행 주목""      영국 스카이뉴스 소속 톰 체셔 기자가 22일 자신의 트위터에 고려항공 여객기 내 모습을 담은 사진을 게재했다. (사진=트위터 캡쳐)[베이징=공동취재단·이데일리 원다연 기자] 북한 풍계리 핵실험장 취재를위한 한국 취재단이 22일 원산행 여객기에 끝내 오르지 못했다. 북한은 이날 한국 취재단을 제외한 채 풍계리 핵실험장 폐기를 위한 일정에돌입했다. 정부는 우리측 취재단이 배제된 데 대해 유감을 표현하면서도 핵실험장 폐기 조치에 대해서는 긍정적인 입장을 밝혔다.   미국, 중국, 러시아, 영국 등 외신 취재단은 이날 오전 9시 중국 베이징 서우두 공항에서 고려항공 여객기에 탑승해 원산으로 향했다. 외신취재단은 미국의 AP와 CBS, CNN, 영국의 스카이뉴스와 APTN, 중국의 CCTV와 신화통신, 러시아의 러시아투데이와 Ria통신 등으로 알려졌다. 이날 북한 원산에 마련된 숙소에 도착한 이들은 일기 상황에 따라 23일~25일 사이에 진행 예정인 풍계리 핵실험장 폐기 현장을 취재하게 된다. 북한이 앞서 12일 외무성 공보를 통해 풍계리 핵실험장 폐기를 공식화하면서 외신의 취재를 보장한다고 밝힌 데 따른 조치다.  그러나북한은 끝내 우리측 취재단에는 방북 비자를 발급하지 않았다. 정부는 이날 오전 9시 남북 판문점 연락사무소 개시 통화에서 우리측 취재단명단을 북측에 재차 통보하려 했지만, 북측은 ‘지시받은 것이 없다’며 이를 접수하지 않았다. 북한은 앞서 15일 우리측에 방송사 1곳과 통신사 1곳 각 4명씩 총 8명의 취재단을 초청한다는 의사를 밝혔다. 그러나 이튿날인 16일 맥스선더 연합훈련을 빌미로 당일 예정됐던 남북 고위급회담을 취소하는 등 대남 비난 수위를 높여가며 18일에 우리측이 통보한 취재단 명단을 접수하지 않더니, 끝내 우리측 취재단에 대해 방북 절차를 진행하지 않은 것이다.   정부는 이날 조명균 통일부 장관 명의의 입장문을 통해 북한에 유감의 뜻을 전했다. 정부는 “  남북 간 모든 합의들을 반드시 이행함으로써 새 시대로 나아가자는 것이 남북 정상이 합의한 판문점 선언의 취지라는 점을 다시 한 번 강조한다”고 밝혔다. 그러면서도 정부는 북한이 핵실험장 폐기를 예정대로 진행하는 점에 대해서는 평가했다. 정부는 “북측이 공약한 비핵화의 초기조치인 풍계리 핵실험장 폐기가 예정대로 진행되고 있는 점은 주목하며, 북한의 이번 조치가 북미정상회담의 성공적 개최로 이어지기를 기대한다”고 밝혔다. 북미 정상회담을 앞둔 상황에서 남북 간 갈등을 고조시키지 않고 북한의 비핵화 조치를 이끌려는 것으로 풀이된다.   한편 이날 외신 기자단의 항로를 통한 방북이 마무리되면서 지난 21일부터 베이징에서 대기하던 우리측 취재단은 23일 귀국한다. 취재단은 귀국 후 서울에서 육로를 통해 막판 취재에 합류하게 될 가능성에 대비할 예정이다.  ▶계좌회복프로젝트! 상위 전문가의 투자전략 및 추천종목‘[무료확인]’ ▶14년 연속 1위, 대한민국 대표 스탁론 하이스탁론 '    ' ＜ⓒ종합 경제정보 미디어 이데일리 - 무단전재 & 재배포 금지＞   "
319,3,"2018-05-22","15:30:00","[마켓인]‘부정적’ 꼬리표 못 뗀 롯데쇼핑, 3000억 회사채 조달 나서","- 中 롯데마트 상당 매각 계약…불확실성 회복 긍정적 - 국내 사업 회복 미진…신평사 등급 하향요인에 접촉      [이데일리 이명철 기자] 롯데쇼핑(023530) 신용도의부정적 요소 중 하나였던 중국 롯데마트 매각이 본격화됐다. 적자를 면치 못했던 중국 마트사업 철수로 불확실성이 사라지고 있지만 여전히회사 재무 안정성은 현재 신용등급(AA+)을 충족하지 못할 것이라는 분석이 지배적이다.  22일 금융투자업계에 따르면 롯데쇼핑은 지난11일 중국 화동법인의 지분 매각 계약을 체결했다고 공시를 통해 밝혔다. 앞서 지난달에는 화북법인 매각 계약을 맺은 바 있다. 총 매각금액은 화북법인 2485억원, 화동법인 2914억원이다.  지난해 중국 정부의 사드(고고도미사일방어체계·THADD) 보복 조치에 따른 중국 마트영업정지가 장기화되자 회사는 매각을 추진했다. 기존 계획보다 매각이 지연됐지만 중국 마트 사업 대부분을 차지하는 화북·화동 법인 매각에 따라 불확실성은 상당 부분 해소됐다는 평가다.  김호섭 한국신용평가 연구원은 “사업 철수에 따른 회수 금액은 2조5000억원(별도기준)에 달하는 누적 투자금액에 못 미치지만 중국 마트 사업은 그동안 영업·재무의 주요 부담 요인으로 작용했다”며 “이번 매각 성사로추가 손실발생 부담을 해소하고 매각 대금을 활용해 차입 규모 축소가 가능할 것”이라고 분석했다.  하지만 신용평가 3사는 롯데쇼핑에 대해 일제히 등급전망 ‘부정적’을 유지하고 있다. ‘AA+’인 신용등급에 대한 의문 부호를 지우지 못하고 있는 것이다. 롯데마트의 지난해 매출액은 18조1800억원, 상각전영업이익(EBITDA) 1조4346억원으로 전년대비 각각 24.6%, 17.4% 감소했다. 당기순손실은 206억원으로 적자전환했다. 올해 1분기에도 당기순손실 99억원을 시현했다. 중국 사업이 정리를 하더라도 국내 사업이 수익을 올려야 하는데 최근 상황이 녹록치 않아 실적 회복이 더디게 진행되고 있다.   황용주 NICE신평 연구원은 “백화점 부문 이익창출력은 우수하지만 작년에는 수익성이   저하됐고 대형마트 부문은 주요 경쟁기업보다 수익성 하락폭이 크다”며 “앞으로도 성장 정체와 온라인을 비롯한 다른 유통업태와 경쟁 심화에 따라 수익성 회복이 제약될 것”이라고 진단했다.  3월 롯데정보통신 온라인 백오피스 통합 시스템 양수, 이달 롯데닷컴 흡수합병 등 온라인 사업 확대를 위한 노력은 결국 투자 부담으로 이어질 수 있다는 지적이다. 회사는 최근 향후 5년간 온라인 사업에 3조원을 투자할 계획이라고 밝히기도 했다.  이미 일부 재무 지표는 신평사들의 신용등급 하향조정 검토 요인에 해당해 열위한 재무안정성이 나아지기 전까지 신용등급 하향 우려가 지속될 전망이다. 한국기업평가가 등급 하향 요인 중 하나는영업수익성(EBITDA/총매출액)이 6% 이하인데 지난해 기준 5.8%이고 올해도 5%대를 벗어나지 못할 것으로 추정했다. 한신평이 제시한 3개 요인 중에서는 별도 기준 영업수익성도 7% 이하(6.8%), 해외부문 합산 EBITDA 대비 조정순차입금은 4배 초과(4.4배)에 해당하고 있다. NICE신평만 현재 등급 하향 요인에 접촉하지 않은 상태다.  신용도 불안을 지닌 채로 롯데쇼핑은 3000억원 규모 회사채 발행에 나설 예정이다. 3년물(1500억원), 5년물(1000억원), 10년물(500억원)로 구성됐으며 오는 23일 수요예측을 실시한다. 한 투자은행 관계자는 “중국 법인 매각 후 첫 수요예측으로 조달에는 문제없겠지만 문제는금리”라며 “여전히 신용도 하방 압력이 높은 상황에서 흥행 여부를 보면 향후 방향성을 예측할 수 있을 것”이라고 예상했다.  ▶계좌회복프로젝트! 상위 전문가의 투자전략 및 추천종목‘[무료확인]’ ▶14년 연속 1위, 대한민국 대표 스탁론 하이스탁론 '    ' ＜ⓒ종합 경제정보 미디어 이데일리 - 무단전재 & 재배포 금지＞    "
319,4,"2018-05-22","15:30:00","국일제지+아난티 이어 5배 먹을 대시세 테마주! 영업이익 700%↑대선정책 테마주 공개!! (3명만)","※ 매출 확대+세력매집! 적중률 97% 이상! 월 600% 이상 안정적인 수익률!  ※ 절대적 상승 초기! 차트 세팅 완료! 매수만 하세요!  ※ 인공지능 시그널 매매로 급상승 종목 연이어 적중!   실적, 모멘텀, 차트 집중 분석! 월 600% 수익 실현! 더이상 꿈의 수익률이 아닙니다. 주식 입문자, 물린 종목으로 계좌가 손실인 투자자, 원금회복을 원하는 투자자, 본업으로 시장 대응이 힘든 직장인 등 상황과 환경에맞춘 최고의 리딩과 추천주를 제공해 드립니다.   ▶▶ 실패 확률 최저로! 급등 지표 미리 포착해 선취매! 매수매도 타이밍 제공!   “스탁인데일리는 8명의 전문가 사단과 신기술 로보어드바이저가 종목분석부터 재료와 수급을 실시간 파악해 오르기 전 실시간으로 매매 사인을 드립니다.”   ▶▶ 실적 대폭발 감당 못할 극심한 저평가!! 반드시 초대박 터질 초저평가 급등주 선별! 선착순 5명 무료공개 → [ 바로가기 ]   “주식이란 것이 정말 쉽지 않더군요. 돈 벌기 결코 쉽지 않다! 이것이 제가 주식으로 깨지고 얻은 교훈입니다. 그 후 스탁인데일리를 만나 원금을 회복했습니다. 간절한 마음으로 무료체험을 신청했는데 정말 수익이 터지더군요. 얼마 전 추천 주신 국일제지+아난티로 대박 났습니다. 힘들던 나날이 정말 기적처럼 변했습니다. 수익을 안겨주신 스탁인데일리 전문가님들과 인공지능 검색기에 정말 고맙습니다."" (VIP 회원 전광현 님)   ▶ 꿈의 신성장 초대형 승부주 추천! 정확하고 높은 수익률!▶▶▶ [ 클릭 ] ◀◀◀  [ 절대 저평가 종목 분석 ] 국일제지+아난티 이어 강한 급등이 기대되는 후속주를 공개할 예정이다. 시장 수익률을 훨씬 능가하는 급등주를 선착순 5명에게만 선 공개할 예정이니, 큰 수익을 얻을 기회를 놓치지 말자.   [ 인공지능 검색기 최근 수익 ]  * 좋은사람들 169% 수익 ( 스윙 )  * 현대로템 75% 수익 ( 단타 )  * 대아티아이 133% 수익 !( 단타 )  * 이화공영 140   % 수익 ( 단타 )  * 푸른기술 124% 수익 ( 단타 )  * 대호에이엘 101% 수익 ( 단타 )  * 동양철관 85% 수익 ( 단타 )  * 인스코비 123% 수익 ( 스윙 )   [[▶ 마.감.임.박! 무료 공개 마지막! 더 늦기 전에지금 바로 무료체험 신청하세요 !!!  [ 무료공개 → 바로 확인 ]◀]]   상승 전 미리 매집해 대박낸다! 급등주를 미리 찾아 선취매 하는 기법!  국일제지+아난티 이어 급등할 테마주를 무료로 찾아드립니다.  대박을 노리는 투자자들은 이번 이벤트를 놓치지 마세요!!   ▶5월 가장 크게 오를 종목 대공개!! 로보어드바이저가 찾은 상승 예정종목 [클릭]◀   [ 인공지능 관심종목 ]  국일제지(078130), 아난티(025980), 와이오엠(066430), 유에스티(263770), 네이처셀(007390), 보락(002760), 삼성전자(005930), 셀트리온(068270)          [본 글은 투자 참고용으로 이를 근거로 한 투자 손실에 대해 책임을 지지 않습니다. 해당 홍보용 기사는 이데일리와 무관합니다.]                                                                                                                                                                               <  br>         .  ▶계좌회복프로젝트! 상위 전문가의 투자전략 및 추천종목‘[무료확인]’ ▶14년 연속 1위, 대한민국 대표 스탁론 하이스탁론 '    ' ＜ⓒ종합 경제정보 미디어 이데일리 - 무단전재 & 재배포 금지＞   "
319,5,"2018-05-22","15:30:00","[사진] 반부패위원회 소환된 나집 라작 전 말레이시아 총리","[푸트라자야 로이터=뉴스핌] 권지언 기자 = 22일(현지시각) 총선 패배로 권좌에서 물러난뒤 비리 혐의로 조사를 받게 된 나집 라작 전 말레이시아 총리가 푸트라자야의 말레이시아 반부패위원회(MACC) 청사에 들어서고 있다.  kwonjiun@newspim.com  ▶ [평생무료] 매일 실시간 방송♠국내 최정상 전문가의 종목 공개♠유료보다 더 좋은 무료 강좌 및 프리미엄전략!☞[무료확인]  ▶ 국내최고 전문가 수익률대결종목! 실시간으로 알려드립니다※바로신청※ 말레이 반부패위, 나집 전 총리 소환…1MDB 스캔들조사 [사진] 말레이 경찰, 라작 전 총리 일가 소유 아파트 급습 말레이시아, 1분기 GDP 성장률 5.4%…'2분기 연속 둔화세' [사진] 말레이시아 차기 총리로 유력시되는 안와르 이브라힘 석방 [사진] 사면된 안와르 이브라힘 말레이시아 전 부총리 [사진] 시황판 바라보는 말레이시아 투자자들 말레이시아, 새 정부 첫 날, 링깃화 4개월 최약세...무디스 '정책 명확성 없다' 비판      ▶ 500만원으로 3억만들기 50번째 주인공 탄생! [확인]  좋은 상품 다 아는 곳! 안다쇼핑!  / 최저금리 맞춤서비스 진행중 / 10분이면 4배자금가능 / 24 시간 친절상담센터 1522-3233 / 씽크풀  충격! 여의도 세력들의 극비종목 무료 공개!"
