page,row,date,time,title,body
159,1,"2024-01-02","08:57:15","[2024 신년사] 이정애 LG생활건강 사장 ""새 성장 변곡점 한 해 될 것""","[서울=뉴스핌] 노연경 기자 = ""2024년은 우리 LG생활건강이 지난 2년간의 부진을 털어내고 새롭게 성장하는 변곡점의 한해가 돼아한다.""  이정애 LG생활건강 사장은 2일 사내 구성원들에게 밝힌 신년사에서 이 같이 말하며 2024년 경영 목표로'성장 전환'을 꼽았다.   이 사장은 성장으로의 전환이란 ""미래에 대한 투자없이 단순히 내핍(참고 견딤)에만 의존해서 만들어 내는 단기 성과가 아니다""면서 ""미래 준비를 지속하면서 사업 성과의 '방향'을 상승하는 쪽으로 변화시키는 것""이라고 정의했다.   이정애 LG생활건강 사장.[사진=LG생활건강]  이 사장은 올해 LG생활건강의 대반전을 위한 중점 추진사항으로 ▲'더후' 등 주요 브랜드의 글로벌 뷰티시장 공략 확대 ▲조직역량강화 ▲데이터를 통한 업무 효율성 제고와 성과 창출 ▲차별적 고객가치를 위한 몰입 등 총 4가지를 제시했다.  먼저 이 사장은 럭셔리 궁중 화장품 브랜드 '더후'를 언급하며 ""더후 브랜드의 리빌딩을 지속하고 차별화된 효능가치, 감성가치, 경험가치를 확대해 럭셔리 브랜드로서의 지위를 더 강화하면서 가치 있고 풍성한 컨텐츠로 브랜드 이미지를 업그레이드하겠다""고 말했다. 이어  더후의 미국 시장 진출도 준비하겠다고 밝혔다.   이어 글로벌 MZ세대 타깃 브랜드로 빌리프, CNP, 더페이스샵(TFS)을 지목하며 ""글로벌 시장 확대에 힘을 싣겠다""고 강조했다.   생활용품 부문에서는 ""내수 시장에 머물러 있는 데일리 뷰티 카테고리의 글로벌 전개를 위해 '피지오겔'과 '닥터그루트'에 대한 투자도 확대 하겠다""고 했다.  조직역량 강화 방안으로는 민첩한(Agile) 프로젝트 조직 구성을 통한 '주목할만한 제품(Remarkable Products)' 개발과 육성, 국내외 법인 간의 긴밀한협업 체계 정착, 지역별·직능별 전문가 육성 등 인재 확보 노력을 제시했다.   또 데이터 기반의 업무 효율성 제고와 성과창출을 위해서는 D2C(Direct-to-Customer·판매자의 소비자 직접 판매) 강화, 고객 데이터 통합 관리 시스템 '커스터머 360' 구축, 포인트 통합 등 고객의 니즈를 반영한 시스템을 구축해야 한다고 말했다.  아울러 이 사장은 LG생활건강이 최고의 고객경험 혁신 기업으로 도약하기 위하여 '차별적인 고객가치를 위한 몰입'이 중요하다고 강조했다.   그는 차별적 고객가치를 제공하기 위해서는 ""고객과 시장의 변화를 감도 높게 탐지하고 그 변화와 나의 업무, 사업과의 연결 고리를 깊이 있게 고민하고 치열하게 실천하는 몰입이 필요하다""며 ""이는 단순히 업무에만 해당되는 것이 아니라 우리 모두의 일하는 방식, 태도변화와 관련된 것""이라고 했다.  이 사장은 끝으로 ""새해 인사말을 준비하면서 기억에 남는 여러분의 말씀은 'LG생활건강의저력'에 대한 것이었다""며 2024년에는 우리의 간절함과 치열함을 모아 임직원 모두가 자랑스러워하는 회사, 누구나 함께 하고 싶은 회사를 만들어가자""고 했다.  yknoh@newspim.com LG생건 '임프린투', CES 참가…AI 도안 선뵌다 ""29년 기다림, 29% 가격으로""…LG생건, LG트윈스 우승 기념 행사 LG생활건강, 다우존스 지속가능경영지수 6년 연속 편입 LG생활건강, 日온라인몰 진출 반년 만에 매출 4배↑ LG생활건강 글린트·프레시안, 日시장 공략 본격화              저작권자(c) 글로벌리더의 지름길 종합뉴스통신사 뉴스핌(Newspim), 무단 전재- 재배포 금지"
159,2,"2024-01-02","08:57:08","[신년사] 박상규 SK이노 총괄사장 ""생존 위한 체질 개선 시급""","[신년사] 박상규 SK이노 총괄사장 ""생존 위한 체질 개선 시급""  ""초불확실성의 시대…본원적 경쟁력 강화해야""       (서울=연합뉴스) 장하나 기자 = 박상규 SK이노베이션 총괄사장은 2일 SK이노베이션 계열 구성원에게 보낸 이메일 신년사에서 ""초불확실성의 시대에 지속가능한 성장을 이끌어 내기 위해 우리의 역량을 결집시켜 생존력을 확보하고 본원적 경쟁력을 강화해야 한다""고 밝혔다.       박 총괄사장은 ""올해 경영환경은 어느 때보다 불확실성이 높아질 것""이라며 ""미중 간 주도권 경쟁으로 인한 지정학적 갈등, 글로벌 시장블록화 등 세계 정세 불안정이 지속되고, 글로벌 금융 시장에도 역풍이 불면서 재무적으로도 도전적인 한 해가 될 것""이라고 내다봤다.      그는 ""생존이 위협받는 글로벌 경영환경 속에서 살아남기 위한 체질 개선이 시급한 상황""이라며 ""인풋(Input) 대비 아웃풋(Output), 즉효율성 관점에서 전체적인 전략 방향을 재점검하고 경쟁력 강화방안을 도출하고자 한다""고 말했다.      그러면서 비효율적이고 낭비되는 것들을 찾아 개선하는 노력을 해 달라고 당부했다.      박 총괄사장은 ""SK이노베이션 계열의 사업 포트폴리오를 과거와 현재의 성과, 전망, 수익성, 경쟁력, 리스크 측면에서 냉철히 평가하고, 이를 기반으로 제한된 자원을 제대로 배분하는 노력을 기울여 내실 있는 포트폴리오를 만들어 갈 것""이라고 밝혔다.      SK이노베이션 사업회사 간 시너지 강화, 계열 전체 관점의 자원 효율화, SK 고유의 '또 같이' 경영 장점 극대화 등도 강조했다.       아울러 SK 경영관리체계(SKMS) 경영철학을 되짚어 SK 본연의 기업문화를 구성원 스스로 적극 실천해 위기를 함께 헤쳐 나가자고도 당부했다.      박 총괄사장은 ""올해 예상되는 어떤 어려움도 SK이노베이션이 그동안 쌓아온 저력으로 충분히 극복할 수 있을 것""이라며 ""구성원이 성취감을 느끼고 역량을 키워 나가고 즐겁게 일할 수 있도록 구성원의 목소리를 많이 듣겠다""고 다짐했다.      hanajjang@yna.co.kr  (끝)     <저작권자(c) 연합뉴스, 무단 전재-재배포 금지>"
159,3,"2024-01-02","08:57:07","[신년사]함영주 하나금융 회장 “제휴·투자·M&A 다방면으로 협업 이뤄내야”","- 금융업 생존 전략으로 ‘협업’ 강조…“선택 아닌 필수” - “다소 늦더라도 정확하고 올바른 길 착실히 나아갈 것”    2024 년 신년운세 토정비결 사주 확인!       [이데일리 정두리 기자] 함영주 하나금융지주(086790) 회장(사진)은 3일 신년사를 통해 “하나금융그룹은 업권별로 요구되는 기본 필수 역량을 확보해 본업의 기반을 공고히하고, 우리만의 차별화된 강점을 찾아 보유 자원을 집중해 더욱 강화하고, 다소 늦더라도 정확하고 올바른 길을 향해 착실하게 나아가야 한다”고 밝혔다.   함 회장은 “2023년에는 10년만의 역성장 위기, 비은행부문의 성장 저하 등 그룹의 부족한 면들이 수면 위로 올라왔다”며 “저를 믿고 묵묵히 따라와 준 하나가족들에게 그저 미안하고 고마울 따름이다. 더 잘했어야 했는데 아쉬움이 큰 한 해”라고 작년 한해의 소회를 밝혔다.   이어 함 회장은 뿌리의 길이가 고작 3~4m에 불과해 조금만 세찬 바람에도 나무가 뿌리째 넘어가 버리는 ‘레드우드’라는 나무를 예로 들면서 “건물을 지을 때 가장 기본이자 중요한 것은 기초공사”라면서 “하나금융그룹은 업권별로 요구되는 기본 필수 역량을 확보하여 본업의 기반을 공고히 하고, 우리만의 차별화된 강점을 찾아 보유 자원을 집중하여 더욱 강화하고, 다소 늦더라도 정확하고 올바른 길을 향해 착실하게 나아가야 한다”고 강조했다.   아울러 함 회장은 급변하는 환경과 수많은 경쟁자들과 맞서기 위한 생존전략으로 ‘협업’을 꼽았다. 함 회장은 “협업은 더 이상 선택이 아닌 필수”라면서 “서로를 위한 희생과 배려를 통해 헌신적인 협업으로 하나금융그룹의 역량을 결집하고, 나아가 경쟁자를 포함한 외부와의 제휴, 투자, M&A 등 다양한 방법으로 협업을 이뤄내 금융이 줄 수 있는 가치 그 이상을 손님께 제공할 수 있어야 한다”고 역설했다.   함 회장은 금융권을 향한 세간의 부정적인 인식에 대해서도 되돌아봐야한다고 전했다. 함 회장은 “금리 상승은 우리가 결정할 수 있는 범위를 넘어선 일이었지만, 고금리로 고통받는 많은 이들에게는 이러한 금리체계가 정당하고 합리적인가에 대한 불신을 넘어 분노를 일으키게 된다”면서 “이미 검증된 방식을 그대로 사용하고 있다는 항변보다는 우리의 성공방정식이 더 이상 유효하지 않다는 사실에 경각심을 가져야 한다”고 했다.   또한 함 회장은 “금리 감면요청 전에 선제적인제안은 할 수 없었는지 자문해 봐야 한다”면서 “손님의 어려움에 공감하고 모든 이해관계자들에게 우리의 진심이 잘 전달될 수 있는 시스템을 구축하고 프로세스를 개선하는 변화가 필요한 시점”이라고 밝혔다.     ▶▶[무료공개]◀◀ 지금 ""1,000만원""만 있어도당장 ""이것""부터 사라!! >>> (무료체험)  [AI분석] 이번주 급등주 찾기!! ""500만원으로 20억"" 버는 종목 공개!! ▶무료로 확인가능◀     ＜ⓒ종합 경제정보 미디어 이데일리 - 무단전재 & 재배포 금지＞    "
159,4,"2024-01-02","08:56:55","리서치 팀장 영입한 한화운용…국민연금 위탁운용 시험대","리서치 팀장 영입한 한화운용…국민연금 위탁운용 시험대       (서울=연합인포맥스) 정필중 박경은 기자 = 한화자산운용이 오랜 공석이던 리서치 부서 팀장을 최근 외부 영입으로 채웠다.      이번 영입이 국민연금 위탁운용사 수성을 판가름할 분기점이 될 것으로 업계에서는 보고 있다. 그동안 한화운용이 리서치 부서의 안정성을 지적받은 것으로 알려진 만큼, 팀장 영입을 기점으로 리서치 조직 정비에 나설지 관심이 쏠리고 있다.      2일 자산운용업계에 따르면 한화운용은 최근 교보악사자산운용 출신의 리서치 인력을 영입했다. 해당 인물은 에쿼티리서치팀장으로 지난달 초 선임됐다.      오랜 기간 공석을 메운 통상적인 영입이지만, 업계는 국민연금 위탁운용사로서 지위를 유지하기 위한 조치로 보는 분위기다.      국민연금은 위탁운용사를 선정할 때 그 기준 중 하나로 리서치 부서의 안정성을 살펴본다.      운용사가 위탁 펀드를 운용할 때 해당 하우스의 검증된 모델 포트폴리오를 바탕으로 운용한다. 포트폴리오를 구축하는 권한이 리서치 부서에도 있어 리서치 부서의 안정성 역시 평가 기준으로 꼽힌다. 그 일환으로 올해 국민연금은 2차전지, IT 섹터 쪽 모델 포트폴리오 구축 권한이 있는 운용사 애널리스트를 개별적으로 면담하기도 했다.      그간 한화운용은 국민연금으로부터 리서치 부서 안정성을 지적받은 것으로 알려졌다. 특히 팀장 직책의 공백이 오랫동안 이어져 온 터라그 문제를 해결하고자 이번 영입에 나선 것으로 보인다. 한화운용은 작년 3분기 기준 국민연금 국내 주식 위탁운용사 중 한 곳이기도 하다.    업계 한 관계자는 ""리서치 팀장을 충원해 조직을 정비하는 상황인 것으로 보인다""며 ""한화운용이 국민연금 실사 과정에서 리서치 조직 안정성 관련 부분에서 지적받은 것으로 알려졌다""고 말했다.      한화운용은 리서치팀장 선임으로 위탁운용사 지위 유지에 집중할 것으로 보인다. 이전에도 국민연금으로부터 일부 펀드가 회수된 만큼 위탁운용사로서의 시험대에 오르게 된 것이다. 작년 4분기 기준 위탁운용사는 아직 발표되지 않았다.      한화운용은 작년 말 조일웅 에쿼티운용본부장을 선임해 주식 운용 능력 강화에 나섰다. 조 본부장은 디스커버리 펀드 등 미래에셋자산운용의 간판 펀드를 운용했던 인물이기도 하다.      업계 다른 관계자는 ""한화운용은 위탁 펀드로 장기 성장형과 중소형주 유형 등을 운용해왔는데, 국민연금이 작년 말 장기 성장형 펀드 전액을 회수했다""며 ""운용 자산 중 연금 위탁 펀드의 규모가 워낙 커 회수 자체는 민감할 할 수밖에 없다""고 말했다.      *그림1*       joongjp@yna.co.kr      gepark@yna.co.kr"
159,5,"2024-01-02","08:56:54","""대기손님 30명인데, 식사 끝내고 30분 수다 떠는 손님 민폐인가요?"" [어떻게 생각하세요]","""손님의 권리일까, 민폐일까"" 물은 자영업자    사진은 기사 본문과 무관함/사진=게티이미지뱅크  [파이낸셜뉴스]  대기 손님이 30~40명가량 되는 식당에서 식사를 마친 손님들이 30분째 수다를 이어가며 자리를 떠나지 않는 손님 때문에 고민이라는 자영업자의 사연이 화제가 되고 있다.  지난달 31일 온라인 커뮤니티 '네이트판'에 '식당에서 식사 후 안 나가고 잡담'이라는 제목으로 글이 올라왔다.  점심 회전율로 먹고사는 식당인데, 식사후 30분째 이야기꽃  작성자 A씨는 ""점심시간이면 대기인원이 30~40명 되는 식당이다. 메뉴 가격은 평균 9000~1만2000원 정도라 테이블 회전율로 버틴다"" 고 운을 뗐다.  그는 ""뒤에 기다리는 손님이 30~40명 된다. 여자 3명이 식사는 다 하고 얘기한다고 한참을 있더니 30분 정도얘기 중이다""라며 ""가게 직원이 '식사 다 하셨냐'고 물어보니 나가더라""라고 당시 상황에 대해 설명했다.  그러면서 ""손님의 당연한 권리인 거냐 아니면 민폐인 거냐""라고 물었다.  ""대기하는 사람 배려해야"" vs ""왜 가라마라 하나"" 찬반  해당 사연을 접한 누리꾼들의 반응은 엇갈렸다.  대부분의 누리꾼들은 ""대기 인원 없이 한가한 상황도 아니고 30~40명이기다리는 상황이라면 민폐가 아닌가"", ""진짜 민폐다. 다음 손님 생각은 안 하나? 다 먹었으면 자리 비워줘야 한다"", ""식당 배려가 아니라 뒤에 대기하는 사람들 배려로 먹었으면 일어나야지. 대기하는 사람은 화가 난다"", ""제발 밥 다 먹었으면 대화는커피 매장으로 가시라""등의 반응을 보였다.  그러나 일부 누리꾼들은 ""시간을 정해둔 것도 아닌데 왜 가라마라 하느냐"", ""배려는 당연한 게 아니고 고마운 거다. 배려 안 했다고 진상 취급하지 마시라"", ""1시간 이상 앉아있었다면 몰라도 30 분간 앉아있었다고 민폐라고 하는 건 무리지 않나"", ""다 먹고 이야기 좀 할 수 있지 않나. 음식값도 다 내고 먹는데 조금 기다려줄 수 없나"" 등의 반응을 보였다.  전직 식당 사장 ""접시만 정리해도 될까요"" 노하우 조언  한 누리꾼은 자신의 경험을 빗대어 조언하기도했다. 그는 ""예전에 장사할 때 그럴 경우 조용히 가서 '식사 다하셨으면 접시만 먼저 정리해도 될까요?'라고 했다""고 전했다.   이어 ""90%는 '나가려 한다'며 나가고 나머지 10%는 시비를 건다. 그들은 항상 화가 나있다""며 ""그들이 쏘아붙이면 동요해선 안 되고 똑같은 톤으로 '앉아계셔도 된다. 접시만 치워놓으면 기다리는 손님 조금이라도 빨리 안내해 드릴 수가 있어서'라고 하면 대부분 나간다""라고 부연했다.  그러면서 ""소리를 지르는 사람도 있다. 절대 같이 화내지 마시고 도대체 왜 소리를 지르냐는 표정으로 '다른 손님들도 계신데 그렇게 소리를 지르시면'이라고 하면 다른 손님들이 그 진상한테 뭐라 할 것""이라며 ""업장이만석일 경우 6~7개 팀 중 한 팀은 정의로운 분이 계시다. 한 팀이 나서주면 다른 분들도 여기저기서 빌런을 처치해 주신다. 그러면 그분들께음료 서비스 주면 된다""라고 덧붙였다.   newssu@fnnews.com 김수연 기자  [파이낸셜뉴스 주요뉴스]  → 17살에 엄마가 된 여고생 ""절친과 남친을 바꿔서.."" 소름 → 지팡이 짚고 휠체어 탄 노홍철의 충격적인 근황 ""결국.."" → 100억대 위약금에 유서 쓴 이선균, 아내 전혜진에 남긴 말은... → 11년 만에 상업광고 찍은 이효리, 5개월 만에 수익이 무려.. → ""혼전순결 강조하며 성관계 안한 남편, 알고 보니..."" 반전 사연 → 빨간 나라로 가는 노란 티켓 [파인애플]  ▶▶[무료공개]◀◀ 지금 ""1,000만원""만 있어도 당장 ""이것""부터 사라!! >>> (무료 체험)    ※ 저작권자 ⓒ 파이낸셜뉴스. 무단 전재-재배포 금지 "
159,6,"2024-01-02","08:56:41","'고객에게 알프스 주행 경험을', 2024 아우디 드라이빙 익스피리언스 진행","[서울=뉴스핌] 채송무 기자 = 아우디 코리아는 '2024 아우디 드라이빙 익스피리언스-알프스투어'를 진행한다고 2일 밝혔다.   '2024 아우디 드라이빙 익스피리언스-알프스투어'는 1월 1일부터 6월 30일까지 '아우디 e-트론 GT'와 '아우디 RS e-트론 GT'를 구매한고객들을 대상으로 선착순 36명에게 참여기회를 제공한다.   [서울=뉴스핌] 채송무 기자 = 아우디 코리아는 '2024 아우디 드라이빙 익스피리언스-알프스투어'를 진행한다고 밝혔다. [사진=아우디 코리아] 2024.01.02 dedanhi@newspim.com  이 투어에 참가한 고객들은 아우디의 고성능 라인업인 아우디 RS e-트론 GT, 아우디 R8 스파이더, 아우디 RS 6 아반트 등 세 모델을 번갈아 시승하며, 환상적인 알프스 풍경을 배경으로 오스트리아 티롤 알프스 산악도로를 주행하는 특별한 경험을 할 수 있다.  이번 '2024 아우디드라이빙 익스피리언스-알프스 투어'는 8월에 예정되어 있으며, 왕복 항공 시간을 포함하면 총 5~6일(항공 스케줄에 따라 변동 가능)의 일정으로 진행된다.  해당프로그램은 독일-오스트리아-이탈리아를 통과하는 코스로 구성돼 알프스 산맥에서 아우디 고성능 차량들의 다이내믹한 퍼포먼스를 직접 체험하는 것과 더불어, 럭셔리 5성급 호텔 숙박 및 현지의 요리들도 함께 제공될 예정이다.  1982년부터 시작된 아우디 드라이빙 익스피리언스는 아우디 차량과 함께하는 운전의 즐거움을 알리기 위해 모터스포츠에 대한 폭넓은 경험을 가진 전문레이서들이 직접 인스트럭터로 활동하고 있으며, 전세계 다양한 국가의 고객과 미디어들이 다양한 프로그램에 참가하고 있다.  '아우디 드라이빙 익스피리언스' 는 운전 기술과 차량 컨트롤에 대해 습득하는 '트레이닝 익스피리언스', 스칸디나비아 설원과 빙판을 주행하는 '아이스 익스피리언스', 고성능 스포츠카를 체험하는 '스포츠카 익스피리언스', 그리고 고성능 스포츠카를 타고 알프스를 통과하는 '투어 익스피리언스' 등이 있다.  dedanhi@newspim.com 아우디, '더 뉴 아우디 RS 6 아반트 퍼포먼스' 출시…가격 1억7550만원 수입차 브랜드 3위 경쟁 '치열', 아우디·테슬라·볼보 승자는              저작권자(c) 글로벌리더의 지름길 종합뉴스통신사 뉴스핌(Newspim), 무단 전재-재배포 금지"
159,7,"2024-01-02","08:56:34","[인사] 대구경북과학기술원(DGIST)","DGIST 본원 전경.[헤럴드DB]  ▷교학부총장 전기전자컴퓨터공학과 교수 은용순 ▷융복합대학장 전기전자컴퓨터공학과 교수 장진호 ▷대학원장 에너지공학과 교수 이종수 ▷교무처장 화학물리학과 교수 정낙천 ▷기획처장 전기전자컴퓨터공학과교수 박경준 ▷연구처장(산학협력단장 겸임) 뉴바이올로지학과 교수 구재형 ▷학생처장 로봇및기계전자공학과 교수 김소희 ▷학술정보본부장미래자동차연구부 책임연구원 이성훈        ▶ 무조건 오르는 비공개 급등종목 ""반드시"" 확인하기 >> 오늘의 추천종목 정보 제공 받기 <<    ▶ 급등 임박! 반드시 상승할 ""유망 종목 TOP3"" 실시간 시세 확인하기 >> 종목 무료로 받아보기 <<    ▶ 비트코인 와르르 大폭락에 OO테마주 들썩, 상위 1% TF팀 >> 선착순 100명 급등 종목 무료제공 <<     ▶ 내 계좌 '5억'만들기 프로젝트! VIP 서비스 5일 무.료.체.험 EVENT >>보유 종목 무료분석<<        ▶ 상위 1%의 급등주 정보, 선착순 100명에게 무료로 제공 중… >>초대형 대장주 비밀리에 입수<<       ▶ 단 돈 ""만 원"" 있어도 10배 이상 터질 종목 ""지금"" 사도 무조건 터진다 >> 매일 VIP 무료추천주 <<       ▶ 아무도 몰랐던 급상승 ""VIP 히든종목"" 분석자료 선착순 무료제공!! >>최상위종목 ""시세"" 확인하기<<"
160,1,"2024-01-02","08:52:59","강북구, 번동 148 재개발 정비계획 수립 용역 착수","강북구 번동 148 재개발 사업구역 대상지 위치도. 강북구 제공  [파이낸셜뉴스] 서울 강북구는 번동 148번지 일대 재개발 정비계획 수립 및 정비구역 지정 용역을 지난달 29일 착수했다고 2일 밝혔다.이번에 추진되는 ‘번동 148일대 재개발 정비계획 수립 및 정비구역 지정 용역’은 재개발 사업 2단계 절차인 정비계획안 수립과 3단계 절차인 정비구역 지정을 위한 것으로, 구는 2025년 12월까지 용역을 완료할 방침이다. 주요 용역사항은 기초조사 및 현황조사 작성, 정비계획안 수립 및 계획입안 제안에 관한동의서 징구, 추정분담금 산출, 주민설명회, 정비계획 지정도서 작성 등이다. 번동 148번지 일대는 9만7536㎡ 면적으로 구에서 2020년주민들의 공공재개발사업 공모 신청에 따라 서울시에 후보지로 추천했으나 2021년 공공재개발사업 후보지 선정위원회 심사결과 보류된 곳이다. 이에 주민들은 2022년 1월 공공재개발사업 공모 신청을 철회하고, ‘2025 서울특별시 도시·주거환경정비 기본계획’에 따른 재개발정비구역 지정요건 사전 검토를 구에 요청했다. 구는 주민들의 요청에 따라 사전검토 후 서울시와의 협의를 거쳐 2022년 9월 사전타당성조사 및 도시관리계획 수립 용역을 실시해 재개발사업 추진여부를 검토했으며, 이어 2023년 7월 주민의견조사를 마치고 다음달 관련 용역을 완료했다. 주민의견조사에서는 동의서 징구대상 2553명 중 1468명이 재개발 사업 추진 여부에 찬성해 동의율 57.5%를 기록했다. 반대는 19명으로 반대율 0.74%였다. 구는 신속한 사업 추진을 위해 번동 148번지 발전협의회와 협의를 거쳐 정비사업을 신속통합기획 방식으로 전환하기로 결정했으며, 서울시는 지난 11월 해당 구역을 신통기획 후보지로 확정했다. 구는 정비계획(안) 수립 시 토지등소유자 3분의 2 이상의 동의요건이 확보되면 서울시 도시계획위원회 심의 등의 절차를 거쳐 정비구역 지정 결정 고시가 이뤄지고 조합설립, 사업시행인가 등본격적으로 재개발사업 절차를 진행하게 된다. 이순희 강북구청장은 “번동 148번지 일대 재개발사업에 대한 주민분들의 기대가 큰 만큼, 신속하게 추진될 수 있도록 적극적으로 행정적 지원을 아끼지 않을 것”이라며 “노후주거지의 환경을 개선하고 양질의 주택이 공급 되도록 구에서 최선을 다하겠다”고 말했다.  jiany@fnnews.com 연지안 기자  [파이낸셜뉴스 주요뉴스]  → 100억대 위약금에 유서 쓴 이선균, 아내 전혜진에 남긴 말은... → ""혼전순결 강조하며 성관계 안한 남편, 알고 보니..."" 반전 사연 → 정대세의 폭탄 고백 ""아내와 결혼 10년 만에 이혼을..."" → 10살 연하와 결혼한 女배우 고백 ""남편이 계좌번호를..."" → 전남 광양 앞바다서 40대男 숨진 채 발견, 시신 살펴보니 → 주식으로 속이답답할 때 [파인애플]  ▶▶[무료공개]◀◀ 지금 ""1,000만원""만 있어도 당장 ""이것""부터 사라!! >>> (무료 체험)    ※ 저작권자 ⓒ 파이낸셜뉴스. 무단 전재-재배포 금지 "
160,2,"2024-01-02","08:52:48","KT, 인터넷·TV 신규 가입자 최대 1만1천원 할인 혜택","6월30일까지 할인 프로모션 진행   최대 1만1000원의 할인 혜택 제공   KT 모델이 ‘알뜰할인 프로모션’을 소개하고 있다. [KT 제공]  [헤럴드경제=이영기 기자] KT가 인터넷·TV 상품을 새로 가입하는 고객을 대상으로 할인 프로모션을 진행한다. 최대 1만1000원을 할인 받을 수 있다.  KT는 자사 홈페이지 및 고객센터를 통해 초고속인터넷·TV를 신규 가입한 고객을 대상으로 요금혜택을 제공하는 ‘알뜰할인 프로모션’을 진행한다고 2일 밝혔다.  알뜰할인 프로모션은 비대면 방식의 서비스 이용을 선호하는 고객을 위해 마련한 혜택이다. 6월 30일까지 진행되는 프로모션은 KT홈페이지와 고객센터를 통해 인터넷·인터넷+TV를 가입한 고객에게 월 최대1만1000원의 요금할인 혜택을 제공한다.  예를들어 비대면 채널을 통해 초고속인터넷 가입 시 ‘인터넷 에센스(최고속도 1Gbps, 3 년약정)’ 이상은 매월 3300원(최대36개월) 할인된다.  또 초고속인터넷과 TV를 동시 가입 시 ‘인터넷 에센스(최고속도 1Gbps, 3년약정)’ + ‘지니 TV 에센스(3년약정)’의 경우 매월 1만1000원(최대36개월)이 할인된다. 이외에 결합 및 제휴카드를이용 중이라면 추가 할인이 적용돼 더욱 합리적으로 서비스를 이용할 수 있다.   KT 모델이 ‘알뜰할인 프로모션’을 소개하고 있다. [KT 제공]  KT는 비대면 채널을 통한 서비스 가입 편의 확대와 함께 고객에게 1회성 사은품 대신 요금할인 같은 실질적인 혜택을 제공함으로써 고객 서비스 만족도가 한층 더 높아질 것으로 기대하고 있다.  한편 KT는 알뜰할인 프로모션을 기념해 2월 19일까지 KT홈페이지를 통해 인터넷·인터넷+TV에 가입한 고객을 대상으로 ‘네이퍼페이 3만원권’을 제공하는 이벤트도함께 진행한다. 이벤트는 선착순 1000명이 대상이다.  이병무 KT 고객경험혁신본부 상무는 “언택트 흐름 속에 인터넷과 TV서비스판매 채널 역시 비대면으로 전환이 증가하고 있다”며 “흐름에 맞는 상품 개발과 혜택 제공을 통해 고객의 실질적인 가치와 만족을 높여갈 것”이라고 말했다.        ▶ 무조건 오르는 비공개 급등종목 ""반드시"" 확인하기 >> 오늘의 추천종목 정보 제공 받기 <<    ▶ 급등 임박! 반드시 상승할 ""유망 종목 TOP3"" 실시간 시세 확인하기 >> 종목 무료로 받아보기 <<    ▶ 비트코인 와르르 大폭락에 OO테마주 들썩, 상위 1% TF팀 >> 선착순 100명 급등 종목 무료제공 <<     ▶ 내 계좌 '5억'만들기 프로젝트! VIP 서비스 5일 무.료.체.험 EVENT >>보유 종목 무료분석<<        ▶ 상위 1%의 급등주 정보, 선착순 100명에게 무료로 제공 중… >>초대형 대장주 비밀리에 입수<<       ▶ 단 돈 ""만 원"" 있어도 10배 이상 터질 종목 ""지금"" 사도 무조건 터진다 >> 매일 VIP 무료추천주 <<       ▶ 아무도 몰랐던 급상승 ""VIP 히든종목"" 분석자료 선착순 무료제공!! >>최상위종목 ""시세"" 확인하기<<"
160,3,"2024-01-02","08:52:39","대구 성서산업단지서 큰 불…대응 1단계 발령","오늘(2일) 오전 5시 51분쯤 대구 달서구 대천동 성서2차일반산업단지 한 섬유제품제조 공장에서 원인이 확인되지 않은 불이 났습니다.  소방 당국은 대응 1단계를 발령했습니다. 또 인근 주민에게 성서체육공원으로 대피하라고 안전안내 문자를 통보했습니다.  현장에서는 소방차 48대와 소방관 129명이 출동해 연소 확대를 저지 중입니다.  대구소방안전본부 관계자는 ""현재까지 확인된 인명 피해는 없으며 다른 공장으로 연소가 퍼지는 것을 방지하고 있다""라고 말했습니다.  [정다진 디지털뉴스부 인턴기자 dazeen98@gmail.co"
160,4,"2024-01-02","08:52:37","사이 틀어지자 마약 신고…이선균 비극 원흉은 20대 '협박녀'","[머니투데이 박효주 기자] 배우 이선균씨 죽음은 그를 협박해 '5000만원'을 뜯어낸 유흥업소 실장의 지인인 20대 협박녀로부터 시작된 것으로 드러났다.   2일 경찰에 따르면 '이선균 마약 의혹'은 공갈과 공갈미수 혐의로 구속된 A(28·여)씨가 유흥업소 실장 B(29·여)씨를 마약범으로지난해 10월 초 인천경찰청 마약범죄수사계에 신고하며 시작됐다. 당시 A씨는 B씨 머리카락을 증거로 들고 경찰을 찾았다.   수사를 시작한 경찰은 지난해 10월 18일 B씨를 체포, 20일 구속한 뒤 B씨 진술을 토대로 이선균씨 조사에 나섰다. B씨가 경찰 조사하는 과정에서 '케타민 투약 현장에 이선균과 같이 있었다'는 등 구체적 일시와 방법 등을 진술했기 때문이다.   경찰에 신고할 당시 이선균씨와 전혀 모르던 사이였던 A씨는 그의 연락처를 알아낸 뒤 'B씨를 마약 투약 혐의로 구속시켜 당신이 B씨에게 준 3억원을 모두 찾아 주겠다. 그 대신 나에게 2억원을 달라'고 요구했다.   이에 이선균씨는 A씨가 B씨와 서로 짜고 돈을 더 뜯어내려 한 것으로 의심했지만 뒤탈을 염려해 5000만원을 건넨 것으로 알려졌다. 앞서 이선균씨는 지난해 9월 '누군가 우리 관계를 폭로하려 한다. 돈으로 막아야겠다'는 B씨 말에 그에게 3억원을 건넨 바 있다.   A씨와 B씨는 이선균이 지난해 10월 말 고소장을 접수하면서 수사선상에 올랐다. 이선균은 애초 A씨가 누구인지 특정하지 못했지만 경찰의 수사 도중 A씨가 특정되자 지난해 11월 말 추가 고소장을 제출했다. 고소장에는 A씨와 B씨가 공모했다는 내용이 담겼다.   그러나 경찰은 A씨와 B씨가 서로 짜고 이선균을 협박한 것은 아니라고 판단하고 있다. 이선균씨로부터 받은 3억원을 B씨가 모두 차지하려 한것에 A씨가 불만을 품었다는 것이다.   A씨와 B씨는 교도소에서 알게 된 사이다. 사기 혐의로 실형을 선고받은 A씨는 마약 투약 전과 6범인 B씨를 언니라 부르며 친분을 쌓았다. 출소 후에는 집을 B씨 오피스텔 위층으로 옮기기까지 했다. 그런데 사이가 틀어지자 B씨를 경찰에 신고했고 비극이 시작됐다.   마약 혐의로 세 차례 경찰 소환 조사를 받으면서 내내 억울함을 호소했던 이선균씨는 지난해 12월 27일 끝내 세상을 등졌다. 경찰은 이선균씨가 사망했지만, 공갈과 공갈미수 혐의로 구속된 A씨에 대한 수사는 이어갈 예정이다.     [관련기사] ☞ '재혼' 임형준 ""전처 소생 子, 결혼식 초대 고민""…죄책감에 눈물 ☞ 처가 간다더니…게임하던 남자와 바람난 아내, 들키자 '황당 요구' ☞ ""나도 죽었어야 했나""…16기상철, '故이선균 추모' 영숙 저격 ☞ 박민영 전 남친 논란에... ""내내 후회, 정신과 검사서 위험신호"" ☞ 故이선균 협박녀 얼굴 공개됐다…""95년생 미혼모"" 신상공개한 유튜버   박효주 기자 app@mt.co.kr     키워드림론 최대 4배 주식자금 & 고금리 대환상품 한도 오픈! (1644-6960)   [무료운세] 믿어야 돼 말아야 돼? 종목매수전에 믿고보는 '오늘의 운세'        [파워 인터뷰]       매수전에 점 부터 보고 가실께요 -> 오늘의 운세 [복채무료]      ⓒ 머니투데이 & mt.co.kr, 무단 전재 및 재배포 금지"
160,5,"2024-01-02","08:52:22","전국 상업·업무용 빌딩 거래량 2개월째 증가…거래액은 줄어","- 전국 상업·업무용빌딩 11월 거래량 전월比 5.1%↑ - 1144개 빌딩중 10억 미만 62% 차지…소액매물 다수    2024년 신년운세   토정비결 사주 확인!  [이데일리 오희나 기자] 지난해 11월 전국 상업업무용 빌딩 거래량이 소폭 증가하며 2개월 연속 상승한것으로 나타났다. 다만 소액대 빌딩 위주로 거래가 치중돼 전체 거래금액은 줄어들었다.        빅데이터 및 AI 기반 상업용 부동산 전문기업 부동산플래닛은 지난해 11월 전국 상업·업무용 빌딩거래량은 1144건으로 10월(1088건)과 비교해 5.1% 증가한 것으로 집계됐다고 2일 밝혔다. 9월(1053건)부터 2개월째 소폭 상승세를 이어갔다.   상업업무용 빌딩 거래량은증가했지만 총 거래금액은 2조4128억원을 기록하며 전월(2조9625억원) 대비 18.6% 감소했다.  2022년 동월 거래량(915건) 및 거래금액(2조3691억원)과 비교하면 지난해 11월 거래량은 25%, 거래금액은 1.8% 증가한 수준이다. 직전년 대비 거래량이 상승하긴 했지만 11월을 기준으로 최근 5개년을 비교하면 2022년 11월 거래량이 가장 낮음은 물론 유일하게 1000건 대 미만을 기록했기 때문에 낙관적으로 해석하기는 어려운 상황이다.  거래금액대별로 살펴보면, 50억 미만 빌딩의 거래 비중이 92.8% 가량을 차지하며 상대적으로 금액대가 낮은 빌딩에 거래가 편중됐다. 10억원 미만 빌딩은 전체의 약 62.15%(711건)로 가장 높은 비중을 기록했고 10억원 이상~50억원 미만은 351건으로 약 30.68% 를 차지했다.  50억원 이상 100억원 미만 규모의 빌딩 거래는 38건으로 약 3.3%를, 100억원 이상 300억원 미만 빌딩 거래는 34건으로약 3%의 비중을 보였다. 300억원 이상을 호가하는 빌딩은 11월 한달 동안 10건이 매매됐으며 전체 거래량의 약 0.9%를 차지하는 것으로 나타났다.  시도별 거래량은 경기도가 246건(21.5%)으로 전국 1위를 기록했다. 이어 서울이 138건, 경북 98건, 부산 82건, 경남 79건 순으로 나타났다. 거래금액으로는 서울이 1조1831억원으로 가장 큰 거래규모를 기록했으며 뒤이어 경기 4119억원, 부산 1839억원, 인천 755억원, 대구 684억원 순으로 집계됐다.  시군구별로는 경기도 화성시가 전국에서 가장 많은 26건의 매매거래량을 기록했으며, 해당 거래에 따른 총 거래금액은 289억4000만원 수준으로 나타났다. 다음으로는 서울특별시 강남구가 23건의 거래량과 3944억2000만원의 거래규모를 보였고경기도 파주시(22건, 180억9000만원), 경기도 김포시(21건, 133억3000만원)가 그 뒤를 이었다.  정수민 부동산플래닛 대표는 “10월에이어 11월에도 전국 상업업무용 빌딩 거래량은 직전월 대비 늘었으나 거래금액은 6000억 가까이 줄어들었다”며 “고금리 기조 유지, 부동산프로젝트 파이낸싱(PF) 부실 여파가 금융권까지 번질 수 있다는 우려로 시장 불안감이 고조되고 있는 만큼 그 어느때보다도 신중한 투자 접근이 필요하다”고 전했다     ▶▶[무료공개]◀◀ 지금 ""1,000만원""만 있어도 당장 ""이것""부터 사라!! >>> (무료체험)  [AI분석] 이번주급등주 찾기!! ""500만원으로 20억"" 버는 종목 공개!! ▶무료로 확인가능◀     ＜ⓒ종합 경제정보 미디어 이데일리 - 무단전재 & 재배포 금지＞    "
160,6,"2024-01-02","08:52:04","[리포트 브리핑]뷰노, '심장을 Target 하겠습니다' Not Rated - 한양증권","[서울=뉴스핌] 로보뉴스 = 한양증권에서 02일 뷰노(338220)에 대해 '심장을 Target 하겠습니다'라며 신규 리포트를 발행하였고, 투자의견을 'Not Rated'로 제시하였다.   ◆ 뷰노 리포트 주요내용 한양증권에서 뷰노(338220)에 대해 '의료 AI 솔루션 전문 기업. 주요 제품으로는 심정지 발생위험도를 제시하는 딥카스(DeepCARS)와 뇌 MRI 영상의 뇌영역 분할 및 위축 정도를 정량화하는 딥브레인(DeepBrain). 딥카스는 올해 5월 선진입 의료기술로 지정되어 본격적으로 비급여 관련 매출이 증가할 것으로 기대되며, 딥브레인은 올해 10월 미국 FDA 허가를 획득하여 향후 주요 모멘텀으로 작용될 것으로 전망. 딥카스 도입병원 수도 올해말 65개로 추정되며 올해 초 예상 40개 대비 50% 이상 증가. 딥카스 월매출액은 10월 이후 10억원을 돌파한 것으로 추정되며 딥카스와 딥브레인의 성장으로 내년에는 분기 흑자를 기록할수 있을것이라 전망.'라고 분석했다.  또한 한양증권에서 '딥카스, 딥브레인과 더불어 LungCT, Fundus AI의 라인업도 존재. 무엇보다도 AI 의료기기 시장은 단기적으로 의료 영상보다는 생체 신호에 길이 있을 것으로 전망. 단순히 바이탈 사인 4가지만을 이용하여 심정지를 체크하기에 향후 다양한 질병으로의 확장성도 존재. 인간 생명의 중심인 심장을 타겟하는 동사의 AI 솔루션은 AI 의료기기에서 혁신을 일으킬 것이라전망.'라고 밝혔다.  이 기사는 뉴스핌과 금융 AI 전문기업 씽크풀이 공동 개발한 기사 자동생성 알고리즘에 의해 실시간으로 작성된것입니다.      ◆ 데이터에서 찾은 AI 속보  - 외국인.기관 순매매상위 - 신규종목과 연속종목(12월28일)  - [모멘텀특징주] 오늘 캡스톤파트너스(30.0%), 한화갤러리아(29.9%) 강세 이유는?  - [표]12월 28일 시간외 상승 종목 및 최근 동향  - [기관따라잡기]사모펀드, 코스닥 시장에서 펩트론 16.17억원 순매수  - [AI 추천 속보] 공매도급감, 사모펀드순매수종목, 신규시설투자 등     저작권자(c) 글로벌리더의 지름길 종합뉴스통신사 뉴스핌(Newspim), 무단 전재-재배포 금지"
160,7,"2024-01-02","08:52:00","日 지진 났는데 K팝 콘서트 강행 예고…""제발 취소해달라""","규모 7.6의 지진이 발생한 일본에서 대규모 K팝 콘서트가 강행된다고 알려져 우려가 나오고 있다.  2일 'K-POP MasterzXKROSS vol.3' 측은 공식 사회관계망서비스(SNS) 계정을 통해 ""이번 지진으로 피해를 입은 모든 분께 깊은 위로의 말씀을 전한다""면서도 ""이번 공연에 모든 아티스트가 출연한다""고 밝혔다.  주최 측은 ""안전한 운영을 위해 시스템 강화에 힘쓰고 있다""면서, 다만 ""참가자 및 아티스트의 안전을 고려하여, 아이치현 내에서 지진이 관측될 경우, 행사를 취소하거나 연기하는 것을 고려할 수 있다""고 공지했다.   해당 콘서트는 일본 아이치현 반테린 돔 나고야에서 이날 오전 11시 30분과 오후 6시 30분 두 차례에 걸쳐 진행된다. 지진이 발생한 이시카와현 노토 반도에서 직선거리로 약 250㎞ 떨어져 있다.  하지만 일본 북부 지역 전역에서 지진이 관측되고 있고, 해안 지역에는 쓰나미 경보까지 발생한 상황에서 콘서트를 강행하는 것에 대해 SNS를 중심으로 ""제발취소해 달라""는 요청도 이어지고 있다.  김소연 한경닷컴 기자 sue123@hankyung.com    관련기사 ""6000만원 싸게 팔아요""…오피스텔, 눈물의 마피 라면 아무거나 3팩 담아 9900원…'파격할인' 유명 개그맨 앞세운 사기에 수천명 당했다 ""AI 앞세워 식민지 지배""…최악의 시나리오 등장 '성범죄자' 엡스타인 문건서 前 대통령 실명 확인    ⓒ 한국경제 & hankyung.com, 무단전재 및 재배포 금지"
161,1,"2024-01-02","08:48:47","파주시, 기초자치단체 최초 'RE100지원팀' 신설","[파주=뉴스핌] 최환금 기자 = 파주시는 2024년을 '파주 RE100'을 추진하는 원년으로 삼기 위해 조직개편을 단행했다.  RE100은'재생에너지 전기(Renewable Electricity) 100%'의 약자로, 기업 및 지자체가 사용하는 전력의 100%를 재생가능 에너지로 충당하겠다는 캠페인이다.   파주시가 RE100 일환 파주시 농촌상행형 연료전지 사업으로 설치한 도내1리 연료전지 발전소 모습. [사진=파주시] 2024.01.02 atbodo@newspim.com  파주시는 효율성 있는 에너지정책이 이뤄지도록 전국 기초자치단체 중 최초로 '알이100(RE100)지원팀'을 신설했으며, 해당 팀은 '지속가능한 미래 에너지 전환'을 목표로 신재생에너지 사업을 추진해 나간다.  주요 사업을 면밀히 살펴보면, ▲관내기업 알이(RE)100 달성 지원 ▲재생에너지 관련 정책 개발 ▲시민·마을·단체 등 지역사회 주도의 재생에너지 사업 지원 ▲전기차·수소차보급 및 기반 시설 구축 ▲미래 에너지 관련 시민 교육 및 홍보 활동 등이다.  이에 더해 ▲국가 전력망 안정에 기여하는 '파주시 가상발전소' 운영 ▲맞춤형 상담을 통해 소상공인의 에너지 요금 절감을 지원하는 '소상공인 든든 에너지 위즈'와 같은 에너지 신산업도 함께 추진할 계획이다.  이번 조직 개편은 파주시가 지속 가능한 에너지 정책을 선도하고자 하는 의지를 보여주는 것으로, 시는 관내 기업들이세계 경제 무역장벽을 넘어서는 것을 목표로 다양한 정책을 진행할 예정이다.  김경일 파주시장은 ""이번 조직 개편은 파주시가 미래 에너지 전환을 향해 담대히 나아가는 큰 발걸음""이라며, ""알이(RE)100이라는 과제로 고민하고 있는 기업들에게 확실하고 직접적인 지원방안을제공해 관내 기업들의 경쟁력을 강화하고, 전국 기초자치단체들에게 명확한 이정표를 제시해나갈 것""이라고 말했다.  atbodo@newspim.com              저작권자(c) 글로벌리더의 지름길 종합뉴스통신사 뉴스핌(Newspim), 무단 전재-재배포 금지"
161,2,"2024-01-02","08:48:22","함평 자연생태공원에 공공승마장 들어선다","농식품부 말산업 육성 지원사업에 선정, 총사업비 20억     함평 자연생태공원에 공공 승마장이 건립된다  [헤럴드경제(함평)=김경민기자]전남도는 농림축산식품부의 2024년 공공승마시설 지원사업에 함평군이 선정돼 총사업비 20억 원(국비 8억·지방비 12억)을 확보했다고 밝혔다.    공공승마시설 지원사업은 전남도의 ‘인공지능(AI) 첨단 축산업 융복합 밸리 조성’ 계획 일환인 ‘말 문화 힐링 복합 공원 조성’ 계획에 따라 함평군이 신청했다. 농식품부와 마사회의 현장심사 및발표평가 등을 거쳐 선정됐다.    특히 국립축산과학원(축산자원개발부)과 연계해 가축사육·가공·산단 조성·연구·관광단지 조성을 위한 사업(5천억 규모)으로 ‘말 문화 힐링 복합 공원 조성’이 포함돼 있다.    함평공공승마장은 대동면 운교리 자연생태공원 부지(9천200㎡) 일대에 클럽하우스 1개소(1천200㎡), 실내외·원형 승마장 3개소(4천700㎡), 마사 1개소(1천15㎡), 말 구입 25마리, 말 보행기 1대 등 시설을 2025년까지 갖추게 된다.    박도환 전남도 축산정책과장은 “함평에 공공승마장 사업비를 확보함에 따라 ‘말 문화 힐링 복합 공원 조성’에 한 걸음 더 내디뎠다”며 “앞으로정부 공모사업에 적극 대응해 함평을 명실상부한 축산 힐링·치유 테마파크로 조성하겠다”고 말했다.            ▶ 무조건 오르는 비공개 급등종목 ""반드시"" 확인하기 >> 오늘의 추천종목 정보 제공 받기 <<    ▶ 급등 임박! 반드시 상승할 ""유망 종목 TOP3"" 실시간 시세 확인하기 >> 종목 무료로 받아보기 <<    ▶ 비트코인 와르르 大폭락에 OO테마주 들썩, 상위 1% TF팀 >> 선착순 100명 급등 종목 무료제공 <<     ▶ 내 계좌 '5억'만들기 프로젝트! VIP 서비스 5일 무.료.체.험 EVENT >>보유 종목 무료분석<<        ▶ 상위 1%의 급등주 정보, 선착순 100명에게 무료로 제공 중… >>초대형 대장주 비밀리에 입수<<       ▶ 단 돈 ""만 원"" 있어도 10배 이상 터질 종목 ""지금"" 사도 무조건 터진다 >> 매일 VIP 무료추천주 <<       ▶ 아무도 몰랐던 급상승 ""VIP 히든종목"" 분석자료 선착순 무료제공!! >>최상위종목 ""시세"" 확인하기<<"
161,3,"2024-01-02","08:48:05","[게시판] 유진그룹, 올해도 기부 시무식…성금 10억원 전달","[게시판] 유진그룹, 올해도 기부 시무식…성금 10억원 전달       ▲ 유진그룹은 2일 사회복지공동모금회와 대한적십자사에 각 5억원씩, 총 10억원의 성금을 기탁했다. 유진그룹은 2016년부터 매년 새해첫 업무를 기부로 시작하는 '기부 시무식'을 하고 있다. 지금까지 기부 시무식을 통해 누적된 기부금은 약 29억원에 이른다. 이날 서울 영등포구 여의도 사옥에서 열린 기탁식에는 유진기업, 유진투자증권, 동양, 푸른솔골프클럽 등 유진그룹 주요 계열사가 참여했다. (서울=연합뉴스)  (끝)     <저작권자(c) 연합뉴스, 무단 전재-재배포 금지>"
161,4,"2024-01-02","08:47:56","서경덕 ""日기상청 '독도 일본땅' 표기…정부 강한 대응 필요""","[파이낸셜뉴스]  지난 1일 일본 이시카와현 노토 지역에 강진이 발생한 것과 관련 일본 기상청이 홈페이지에서 독도가 일본 땅이라는 취지로 표기하자 서경덕 성신여대 교수가 강한 대응이 필요하다고 강조했다.  서 교수는 2일 사회관계망서비스(SNS)를 통해 ""일본 기상청에서 제공하는 쓰나미 경보, 주의보 등을 표시하는 지도에 독도를 일본 영토로 표기하고 있어 문제""라고 말했다.  그러면서 ""일본 기상청에서는 독도를 다케시마(竹島·일본이 주장하는 독도의 명칭)로 표기해 3년 전부터 지속해 항의해왔다""고 부연했다.  그는 ""태풍, 쓰나미 경보 시 일본 기상청 사이트에 많은 일본 누리꾼이 방문하기에 독도에 관한 잘못된 인식을 심어 줄 수 있다""며 ""한국 정부도 일본 기상청에 강하게 대응해야만 한다""고 강조했다.  또 ""이런상황에서는 외신 및 한국 언론에서도 일본 기상청에 관심을 가질 수밖에 없다""며 ""일본 기상청에서 제공하는 지도를 캡처해 보도하는 경우가 많기에 자칫 독도가 일본 땅으로 오인하는 경우가 발생할 수 있다""고 지적했다.  앞서 일본 기상청은 전날 오후 4 시 10분쯤 일본 이시카와현 노토 반도 지역에서 추정 규모 최대 7.6의 지진이 발생하자 이시카와현을 포함해 야마가타, 니가타, 도야마, 후쿠이, 효고현 등 동해 쪽을 접한 일본 북부 연안에 쓰나미 경보를 발령했다.  일본 기상청은 ‘쓰나미 경보·주의보’ 지도에쓰나미 경보가 발령된 지역을 경보 수준에 따라 색을 달리해 표시했는데, 색이 표시된 지역에 독도가 포함됐다. 아울러 독도에는 ‘쓰나미 주의보’를 뜻하는 노란색이 칠해졌다. 지도에는 한반도와 제주도, 울릉도도 표시된 가운데 한반도 부속 도서 중 독도만 쓰나미 주의보 표시를해놓은 것이다.  일본 기상청은 2022년 1월에도 남태평양 통가 근처에서 해저 화산 분출 영향으로 일본을 포함한 환태평양 국가들에 쓰나미 경보가 발령되자 경보 발령 지역에 독도를 포함했다.  한편 1일 강진이 발생한 일본 혼슈 중부 이시카와현 노토 반도에서 2일 새벽까지 여진이 지속됐다. 흔들림이 강했던 이시카와현 당국은 이번 지진으로 4명이 사망했다고 발표했다. 일본 정부는 일본 북서부해안 전역에 쓰나미 경보를 발령했다.   hsg@fnnews.com 한승곤 기자  [파이낸셜뉴스 주요뉴스]  → 100억대 위약금에 유서 쓴 이선균, 아내 전혜진에 남긴 말은... → ""혼전순결 강조하며 성관계 안한 남편, 알고 보니..."" 반전 사연 → 정대세의 폭탄 고백 ""아내와 결혼 10년 만에 이혼을..."" → 10살 연하와 결혼한 女배우 고백 ""남편이 계좌번호를..."" → 전남 광양 앞바다서 40대男 숨진 채 발견, 시신 살펴보니 → 한주간 지친 나에게 디저트로 [파인애플]  ▶▶[무료공개]◀◀ 지금 ""1,000만원""만 있어도 당장 ""이것""부터 사라!! >>> (무료 체험)    ※ 저작권자 ⓒ 파이낸셜뉴스. 무단 전재-재배포 금지 "
161,5,"2024-01-02","08:47:52","[2024 신년사] 허연수 GS리테일 부회장 ""혁신으로 100년기업 향하자""","[서울=뉴스핌] 노연경 기자 = 허연수 GS리테일 부회장은 2일 신년사를 통해 유통업 반세기에서 축적한 도전과 응전의 경험을 발판 삼아 100년 기업으로 성장하자는 비전을 제시했다.   1974년 을지로에 슈퍼마켓을 오픈하며 유통업에 진출한 GS리테일은 올해 50주년을 맞았다. 1990년 국내 토종 브랜드 편의점 GS25를 오픈하고 1994년 국내 최초 TV홈쇼핑 GS샵을 선보이며 온·오프라인을 아우르는 종합 유통 기업으로 성장했다.   허연수GS리테일 부회장.[사진=GS리테일]  지난 50년간 급변하는 경영 환경 속에서도 편의점, 슈퍼마켓, 홈쇼핑등 주력 사업에서 경쟁 우위를 지켜왔지만 올해는 업종 내 경쟁 심화, 고금리와 고물가로 인한 소비심리 위축, 이커머스 영향력 확대 등 그 어느 해보다 도전적인 경영 환경을 마주하고 있다.  이에 허연수 부회장은 유통업 반세기를 넘어서는 올해가 100년 기업을 향한 첫걸음이 될 것으로 보고 고객, 유통, 경영, 문화 등 4가지 관점에서 ▲고객 중심 사업 구조 혁신 ▲차별화된히트 상품 개발 ▲디지털 전환 기반 성과 창출 ▲GS 웨이(GS Way) 조직문화 실천을 골자로 하는 2024년 경영전략을 전 임직원에게 공유했다.  먼저 1~2인 가구 증가로 장보기 수요가 마트에서 편의점과 슈퍼마켓으로 이동하고, 미디어 무게중심이 TV에서 모바일로 급격하게 변하는 등 고객 변화에 중심을 두고 사업구조를 혁신해야 시장에서 확고한 격차를 만들 수 있음을 강조했다.  유통이라는 업의 관점에서는 상품의 중요성을 역설했다. 지난해 '김혜자 도시락', '점보 라면' 등 고객이 먼저 찾아오고, 고객스스로 입소문을 내는 히트 상품의 힘을 경험한 만큼 유통의 본질인 '상품'에서 압도적 경쟁력을 확보하자고 주문했다.  경영 측면에서는 '디지털 전환'을 제시했다. 기업 생존을 위해 디지털 전환이 선택이 아닌 필수가 된 만큼 그간의 학습을 실질적 성과로 연결시키는노력을 기울이자고 독려했다.  마지막 키워드는 3년째 일관되게 강조하고 있는 '조직문화'였다. GS리테일은 2021년 고유의 일하는방식과 마인드를 8가지 GS 웨이(GS Way)로 정리한 후 3년간 내재화했다. 올해는 이를 적극적으로 실천하자고 격려했다.  허연수 부회장은 ""작년은 기존 사업의 경쟁력을 강화하는 한편 부진 사업은 과감히 정리하고 수익성 위주로 사업을 재편해 한 단계 더도약할 수 있는 발판을 마련했다""면서 ""어려움 앞에서 멈추거나 위축되기보다 100년 기업으로 성장하기 위해 도전을 멈추지 말자""라고말했다.  yknoh@newspim.com GS리테일, 컴플라이언스 경영 시스템 ISO 37301 획득 GS리테일 봉사단 GS나누미, 전국 릴레이 연탄 봉사 진행 [간다, 물가사냥꾼] 고물가에 더 강하다…GS리테일 PB, 리얼프라이스 GS리테일, 충청남도 농산물 유통 확대 업무 협약 GS리테일, 퀵커머스 매출 160%↑…편의점은 픽업, 슈퍼는 배달              저작권자(c) 글로벌리더의 지름길 종합뉴스통신사 뉴스핌(Newspim), 무단 전재-재배포 금지"
161,6,"2024-01-02","08:47:41","오렌지플래닛 창업재단, 2024 상반기 정기모집 실시","[서울=뉴스핌] 양태훈 기자 = 오렌지플래닛 창업재단(이하 오렌지플래닛)은 2일, 2024 상반기 정기모집을 이달 29일까지 실시한다고 밝혔다.  이번 상반기 정기모집은 2인 이상으로 구성된 예비 및 초기 스타트업을 대상으로 하며, 참가를 원하는 팀은 오렌지플래닛 홈페이지에 접속해 지원서를 제출하면 된다. 오렌지플래닛 측은 이번 모집으로 '오렌지가든' 프로그램에 참여할 10개팀과 '오렌지팜' 프로그램에 참여할 5개팀 등 최대 15개 팀을 선발할 예정이다.  오렌지가든은 예비창업자 및 초기 사업모델에 대한 지원이 필요한 팀을 대상으로 하고, 오렌지팜은 초기 투자 유치와 함께 본격적인 사업 고도화가 필요한 팀을 대상으로 한다.   [사진=오렌지플래닛]  오렌지가든에선발되면 사무공간 6개월 지원, 분야별 전문가 1:1 밀착 코칭, 사업 단계별 고도화를 위한 워크숍 등을 제공 받는다. 또 우수한 평가를 받은경우 사업화 지원금과 함께 투자 검토 기회도 받을 수 있다. 오렌지팜의 경우, 사무공간 12개월 지원, 5천만 원에서 최대 2억 원 규모의 투자, 후속 투자 유치를 위한 VC(Venture Capital) 멘토링, TIPS(민간투자주도형 기술창업지원)와 연계 된 투자 기회 등을 제공 받는다.  지난해 정기모집에서는 상/하반기 총 32개 팀이 선정돼 그 중 14개팀이 투자를 유치한 바 있다. 이 중 8개 팀에는 스마일게이트 인베스트먼트가 직접 투자했다.  서상봉 오렌지플래닛 센터장은 ""이번 상반기 정기모집으로 혁신적이고 좋은 사업 아이템을 가지고 있는 창업 초기 스타트업들을 선발해 맞춤형 프로그램으로 전폭 지원하려 한다""며, ""오렌지플래닛의 체계적이고 지속적인 지원을 받고 싶은 청년 창업가들의 관심과 지원 부탁드린다""고 전했다.  dconnect@newspim.com 스마일게이트 AI센터, 제2회 'AI 테크 데이' 개최 스마일게이트 퓨처랩, 인디게임&컬처 페스티벌 '버닝비버 2023' 개막 스마일게이트 희망스튜디오, '2023 플레이 펀&굿' 포럼 개최              저작권자(c) 글로벌리더의 지름길 종합뉴스통신사 뉴스핌(Newspim), 무단 전재-재배포 금지"
161,7,"2024-01-02","08:47:38","미 지질조사국 “日 규모 6 이상 여진 수개월간 이어질수도”","현재까지 31차례 여진…“여진 자체로 큰 위협”   1일(현지시간) 일본 이시카와 현 와지마 시의 도로가 지진으로 무너졌다.[교도]  [헤럴드경제=원호연 기자]새해 첫날인 1일 규모 7.6의 강진이 발생한 일본 혼슈 중부 이시카와현 노토반도에서 2일 새벽까지 여진이 지속됐다고 현지 공영방송 NHK가 보도했다. 일본 기상 당국은 앞으로 일주간, 특히 2~3일은 추가 지진 발생 우려가 있다고경고했다. 규모 6.0 이상의 여진이 향후 수 개월간 지속될 수 있다는 경고도 나오고 있다.  NHK에 따르면 이시카와현 노토 반도에서는 2일 새벽 오전 4시 42분께 규모 4.9의 여진이 일어났다. 이 지진으로 대부분의 사람이 놀라는 수준인 진도 4의 흔들림이 발생했다.  일본 기상청은 규모 7.6의 지진이 발생한 전날 오후 4시 10분부터 이날 0시까지 진도 1 이상의 지진이 93회 관측됐다고 발표했다.  일본 기상청의 지진 등급인 ‘진도’는 절대 강도를 의미하는 규모와는 달리 지진이 일어났을 때 해당 지역에 있는 사람의 느낌이나 주변물체 등의 흔들림 정도를 수치로 나타낸 상대적 개념이다. 진도는 사람이 흔들림을 감지하지 못하고 지진계에만 기록되는 ‘0’부터 서 있기가 불가능한 ‘7’까지 10단계로 나뉜다.  1일(현지시간) CNN은 지질조사국(USGS)도 규모 7.6의 강진 발생 이후 지금까지 최소 31차례의 여진이 발생했다고 밝혔다. USGS는 “지금까지 발생한 여진 중 규모 6.2가 가장 컸다”고 설명했다.  USGS에 따르면 이번 지진 진원은 지하 10㎞로 매우 얕은 편에 속한다. 이에 진앙과 주변 지표면에 전달되는 흔들림이 매우 컸던 것으로 분석됐다.  제시카 터너 USGS 지진학자는 “규모 7.6의 강진이 발생하기 4분 전에도 규모 5.5의 전진이 발생했다”면서 “보통 이 정도 규모의 지진에서는 앞으로 일주일 동안 여진이 발생하는 것이 일반적이지만 길게는 수개월 뒤까지 발생할 가능성도 있다”고설명했다.  USGS의 또다른 지진학자 수잔 허프 역시 “이번 지진은 미국 국민들은 거의 느껴본 적이 없는 정도의 강진”이라며 “이렇게 큰 지진은 규모 6 이상의 여진이 쉽게 발생할 수 있기 때문에 여진 그 자체만으로도 위협이 될 수 있다”고 우려했다.  일본 기상청은 과거 규모 7.0 이상의 강진이 발생했을 때 여진이 잇달았음을 상기시키며 앞으로도 일주일 간 여진이 발생할 가능성이있다고 경고했다.    히라마츠 요시히로 가나자와대 지진학과 교수는 요미우리 신문에 “큰 지진이 발생하면서 주변의 활성단층이나 지하의 숨겨진 단층을 자극했을 수 있다”며 “지진이 언제 끝날지 예측할 수 없기 때문에 당분간 경계를 늦추지 않는 것이 중요하다”고 말했다.          ▶ 무조건 오르는 비공개 급등종목 ""반드시"" 확인하기 >> 오늘의 추천종목 정보 제공 받기 <<    ▶ 급등 임박! 반드시 상승할 ""유망 종목 TOP3"" 실시간 시세 확인하기 >> 종목 무료로 받아보기 <<    ▶ 비트코인 와르르 大폭락에 OO테마주 들썩, 상위 1% TF팀 >> 선착순 100명 급등 종목 무료제공 <<     ▶ 내 계좌 '5억'만들기 프로젝트! VIP 서비스 5일 무.료.체.험 EVENT >>보유 종목 무료분석<<        ▶ 상위 1%의 급등주 정보, 선착순 100명에게 무료로 제공 중… >>초대형 대장주 비밀리에 입수<<       ▶ 단 돈 ""만 원"" 있어도 10배 이상 터질 종목 ""지금"" 사도 무조건 터진다 >> 매일 VIP 무료추천주 <<       ▶ 아무도 몰랐던 급상승 ""VIP 히든종목"" 분석자료 선착순 무료제공!! >>최상위종목 ""시세"" 확인하기<<"
162,1,"2024-01-02","08:44:24","'오피스 1년·투자 최대 2억' 오렌지플래닛 창업지원 29일까지 모집","[머니투데이 최우영 기자] 스마일게이트 오렌지플래닛 창업재단이 2024 상반기 정기모집을 이달 29일까지 실시한다고 2일 밝혔다.   이번 상반기 정기모집은 2인 이상으로 구성된 예비 및 초기 스타트업을 대상으로 한다. 참가를 원하는 팀은 오렌지플래닛 홈페이지에 접속해지원서를 제출하면 된다.   오렌지플래닛은 이번에 '오렌지가든' 프로그램에 참여할 10개팀과 '오렌지팜' 프로그램에 참여할 5개팀 등 최대 15개 팀을 선발한다. 오렌지가든은 예비창업자 및 초기 사업모델에 대한 지원이 필요한 팀이 대상이다. 오렌지팜은 초기 투자 유치와 함께 본격적인사업 고도화가 필요한 팀이 대상이다.   오렌지가든에 선발되면 사무공간 6개월 지원, 분야별 전문가 일대일 밀착 코칭, 사업 단계별 고도화를 위한 워크숍 등을 제공 받는다. 또 우수한 평가를 받은 경우 사업화 지원금과 함께 투자 검토 기회도 받을 수 있다. 오렌지팜은 사무공간 12개월 지원, 5000만~2억원 규모의 투자, 후속 투자 유치를 위한 VC 멘토링, TIPS(민간투자주도형 기술창업지원)와 연계 된 투자 기회 등을 제공 받는다.   지난해 정기모집에서는 상/하반기 총 32개 팀이 선정돼 그 중 14개팀이 투자를 유치한 바 있다. 이 중 8개 팀에는 스마일게이트 인베스트먼트가 직접 투자했다.   서상봉 오렌지플래닛 센터장은 ""이번 상반기 정기모집으로 혁신적이고 좋은 사업 아이템을 가지고 있는 창업 초기 스타트업들을 선발해맞춤형 프로그램으로 전폭 지원하려 한다""며 ""오렌지플래닛의 체계적이고 지속적인 지원을 받고 싶은 청년 창업가들의 관심과 지원 부탁드린다""라고 말했다.     [관련기사] ☞ '재혼' 임형준 ""전처 소생 子, 결혼식 초대 고민""…죄책감에 눈물 ☞ ""나도 죽었어야 했나""…16기 상철, '故이선균 추모' 영숙 저격 ☞ 게임 속 男과 바람난 아내…""내 빚 400만원 갚고 이혼해줘"" 황당 요구 ☞ 박민영 전 남친 논란에... ""내내 후회, 정신과 검사서 위험신호"" ☞ 故이선균 협박녀 얼굴 공개됐다…""95년생 미혼모"" 신상공개한 유튜버   최우영 기자 young@mt.co.kr     키워드림론 최대 4배 주식자금 & 고금리 대환상품 한도 오픈! (1644-6960)   [무료운세] 믿어야 돼 말아야 돼? 종목매수전에 믿고보는 '오늘의 운세'        [파워 인터뷰]       매수전에 점 부터 보고 가실께요 -> 오늘의 운세 [복채무료]      ⓒ 머니투데이 & mt.co.kr, 무단 전재 및 재배포 금지"
162,2,"2024-01-02","08:44:24","회복하는 반도체 시장…D램 현물가격 넉 달째 반등","회복하는 반도체 시장…D램 현물가격 넉 달째 반등       (서울=연합인포맥스) 김지연 기자 = 반도체 시장 선행지표로 통하는 메모리 D램 현물 가격이 4개월째 반등하면서 올해 반도체 시장이 회복할 것이란 기대가 커지고 있다.      2일 연합인포맥스(화면번호 6536)와 시장조사업체 D램 익스체인지에 따르면 D램 주류제품인 DDR4 8G (1Gx8) 2666의 지난달 29일 가격은 1.761달러를 기록했다.      지난달 말 1.71달러 수준에서 한 달 동안 약 2.56% 상승한 것으로, 상승 폭은 전월보다 둔화했지만, D램은 지난 9월부터 넉 달 연속 반등세를 보이고 있다.      D램 가격은 지난해 초만 해도 2.17달러 선에서 거래됐으나 글로벌 경기 침체에 따른 IT 수요 위축으로 하락세를 거듭하며 지난해 9월 1.448달러까지 내려앉았었다.  *그림1*       지난해 D램 가격은 최대 33.27%까지 밀렸었지만, 최근 넉 달간 반등하며 낙폭은 지난해 초 대비 18.85% 하락한 수준까지 회복했다.      D램 현물 가격은 대리점과 소비자 간 일시적 거래가격을 말하는 것으로, 전체 D램 시장에서 차지하는 비중은 크지 않지만, 시장의 즉각적 매매 심리를 반영한다는 점에서 의미를 가진다.      다만, 가격이 가장 저렴한 제품군인 DDR3 4Gb 512Mx8 1600/1866 현물 가격은 지난달 말 기준 1.036달러로, 반등세가 주춤했다.      지난해 8월 저점 0.96달러를 찍고 반등세를 보인 후 9월 이후 가파른 반등세를 보이며 10월 27일 1.07달러까지 올랐지만, 이후 소폭 하락했다.      최근 삼성전자와 SK하이닉스 등 메모리 공급사들의 감산 효과와 재고 소진 등으로 D램 가격이 조금씩 반등하고 있는 것으로 풀이된다. 2 년 넘게 이어진 가격 하락세가 드디어 멈춘 분위기다.      선물가격인 D램과 낸드 고정거래가격도 석 달 연속 반등했다.      D램 범용제품인 DDR4 8Gb (1Gx8)의 지난달 평균 고정거래 가격은 1.65달러로 전월보다 6.45% 상승했다.      2년 넘게 내리막을 걷던 D램 고정 가격은 지난 10월 들어서 2년 3개월 만에 반등한 후 세 달 연속 상승했다.      하지만 작년 12월 말 2.21달러에 비하면 여전히 25.34%가량 낮은 상태다.      낸드 가격도 지난해 10월 이후 상승세를 이어가고 있다.      낸드플래시 범용제품인 128Gb 16Gx8 MLC의 12월 평균 고정거래 가격은 4.33달러로, 전월보다 6.02% 올랐다.   *그림2*       D램 가격이 반등하면서 반도체 종목의 주가를 대표하는 지수인 필라델피아 반도체지수도 크게 반등했다.      지난달 말 기준 지수 종가는 4175.47로, 한 달 새 12.11% 상승했다.      필라델피아 반도체지수는 지난 7월 이후 하락세를 보이다가 지난 10월 말 3152.52까지 떨어진 후 지난해 11월 들어 반등하기 시작했다.    미국 증시가 연방준비제도(연준·Fed)의 올해 금리 인하 전망에 호조를 보인 점 역시 지수 상승을 지지했다.      시장에서도 올해 반도체 업황이 회복할 것이란 기대가 크다.      김선우 메리츠증권 연구원은 ""급격히 악화한 시황에 대응하기 위해 지난해 메모리 업체들의 공급 조절이 연중 이어지며 SK하이닉스와 마이크론은 전년 대비 투자가 50% 감소했고, 삼성전자도 지난해 2분기부터 투자 축소와 감산을 통해 공급을 조절했다""며 ""제한된 공급 증가와수요 확대에 따라 D램 고정가는 올해 2분기 가파르게 상승할 것""으로 예상했다.      그는 다만 ""올해 하반기 업황은 공급사들의 2분기 가동률 회복 여부에 달려있다""며 ""수요 회복 지속성이 확인되지 않은 채 자칫 가동률정상화가 이뤄질 경우 하반기 업황 개선 속도가 둔화할 수 있다""고 덧붙였다.      jykim@yna.co.kr"
162,3,"2024-01-02","08:44:23","영화진흥위원회, 5년 연속 인권경영시스템 인증","영화진흥위원회, 5년 연속 인권경영시스템 인증       (서울=연합뉴스) 오보람 기자 = 영화진흥위원회(영진위)는 한국경영인증원으로부터 2023년 인권경영시스템 인증을 받았다고 2일 밝혔다.     문화체육관광부 산하 공공기관 가운데 유일하게 5년 연속으로 해당 인증을 받았다.      인권경영시스템은 인권을 바탕으로 사업장이 경영되고 있는지 심사·인증하는 제도다.      영진위는 인권 영향평가 실시, 인권 워크숍 개최, 인권경영 선언문에 영화 예술인 인권 보호 내용 포함 등 활동에 대해 높이 평가받았다고 전했다.      rambo@yna.co.kr  (끝)     <저작권자(c) 연합뉴스, 무단 전재-재배포 금지>"
162,4,"2024-01-02","08:44:19","[속보] 경기 군포 산본동 아파트 화재로 주민 2명 숨져","[속보] 경기 군포산본동 아파트 화재로 주민 2명 숨져  기정아 기자(kki@etoday.co.kr)  [오늘의 핫클릭]  ●‘통신 장애’ 취소 부산 광안리 드론쇼...1일 오후에야 진행 ●“兆단위 빅딜 타진”…새해 ‘글로벌 최대 투자 행사’ 가는 K바이오  ●투자에 강한 경제신문 '이투데이' 증권 뉴스 ●경영정보를 전달드리는 유료 뉴스 서비스 Channel 5  ●수익률 미쳤다. 따블계좌 속출! 1억이 절실한 분은 입장!! ●[실시간] 오늘의 주요 종목 뉴스 확인하기 ●[실시간] 오늘의 특징주 살펴보기        이투데이(www.etoday.co.kr), 무단전재 및 수집, 재배포금지  프리미엄 경제신문 이투데이  "
162,5,"2024-01-02","08:44:16","[신년사] 박순호 세정그룹 회장 ""올해 백년 도약의 원년…성장경영 주력""","[신년사] 박순호 세정그룹 회장 ""올해 백년 도약의 원년…성장경영 주력""       (서울=연합뉴스) 차민지 기자 = 박순호 세정그룹 회장은 창립 50주년을 맞은 올해를 '백년 기업을 향한 첫걸음을 내딛는 해'로 정하고 "" 어려운 외부 환경에도 굴하지 않고 새로운 미래를 향해 정진하겠다""고 2일 말했다.      박 회장은 ""올해는 세정 백년을 향한 변화와 혁신, 새로운 도약의 원년이 될 것""이라며 이렇게 밝혔다.      박 회장은 고객의 구매 패턴 변화에 유연하게 대응할 수 있도록 효율 중심의 프로세스를 구축하고 선순환 투자 기반을 마련하겠다고 강조했다.      또 새로운 도약을 위한 혁신경영과 성장 목표를 내재화한 성장경영에 주력하겠다고도 했다.      그는 ""낡은 것은 토해내고 새로운 것은 받아들인다는 '토고납신(吐故納新)'의 자세로 새로운 미래를 만드는 데 앞장서겠다""고 덧붙였다.      chacha@yna.co.kr  (끝)      <저작권자(c) 연합뉴스, 무단 전재-재배포 금지>"
162,6,"2024-01-02","08:44:08","새만금방조제 주차장 텐트서 50대 남녀 숨진 채 발견","새만금방조제에서 50대 남녀가 숨진 채 발견돼 경찰이 수사에 착수했다.     2일 군산경찰서 등에 따르면 전날 오후 3시50분께 전북 군산시 옥도면 새만금방조제 주차장 텐트 안에서 A씨(58·남)와 B씨(54·여)가 숨진 채 발견됐다. 경찰은 이들의 정확한 관계를 조사하고 있다. 또 이들에게서는 별다른 외상 등이 발견되지 않아 타살 혐의점이 없는 것으로보고 질식 여부 등 사고 경위를 조사하고 있다.     ● 주식으로 돈 벌까? 오늘의 운세로 확인  ● 국내 최저 신차 장기렌트 견적 문의 IWS오토  ● 급등임박 추천주를매일 알려주는 곳이 있다고? [카톡방 입장]  [관련기사]  ☞ ""1억원짜리 백화점 VIP주차권 80만원에"" 이맘때 '당근' 단골손님 [럭셔리 월드]  ☞ 기모노 사진 공개 '얼짱공주'…日 국민이 걱정하는 이유?  ☞ ""무거워 못 치워"" 적반하장 민폐녀…짐은 좌석에, 사람은 계단에 앉았다  ☞ ""1억원짜리 백화점 VIP주차권 80만원에"" 이맘때 '당근' 단골손님 [럭셔리 월드]  ☞ 투자 성공의 핵심은 기업분석! 'CORE' 바로가기      구나리 인턴기자 forsythia26@asiae.co.kr   <ⓒ투자가를 위한 경제콘텐츠 플랫폼, 아시아경제(www.asiae.co.kr) 무단전재 배포금지>"
162,7,"2024-01-02","08:43:50","12월 중국 제조업 PMI 49, 전월비 0.4p↓","12월 중국 제조업 구매관리자지수(PMI)는 49로 전월 대비 0.4p 하락했다.   31일 중국 국가통계국이 발표한 12월 제조업 PMI는 49로 전월 대비 0.4p 하락했고, 서비스업 PMI는 50.4로 전월 대비 0.2p 상승했다.   이로 인해 종합 PMI는 50.3으로 전월 대비 0.1p 상승했다.   이중 제조업 신규 주문 지수가 48.7로 전월 대비 0.7p 하락했고 원자재 재고 지수는 47.7로 전월치 대비 0.3p가, 업계 종사자 지수는 47.9로전월치 대비 0.2p 내렸다.   제조업 생산 지수는 50.2로 확장 국면을 기록했지만 전월치와 비교하면 0.5p 하락했다.   반대로 제조업 경기 전망 지수는 55.9로 전월치 대비 0.1p 상승하며 6개월 위축·확장 경계선인 50을 상회했다.   서비스업 PMI는 50.4로 전월치 대비 0.2p 상승했고 건설업 활성화 지수가 56.9로 가장 높았지만 해운, 자본시장 서비스, 부동산 등 업종은 모두 50을 하회했다.   searchmchina@searchmchina.com"
163,1,"2024-01-02","08:40:13","외국인 연속 순매도일 상위 20선 - 코스피","전일 코스피 시장에서 외국인이 세원정공을 80일 연속 순매도한 것으로 나타났다. 이 밖에 , KPX케미칼, 대한방직, 모토닉, 한솔PNS도 외국인이 꾸준히 순매도한 종목이다.  종목명연속일전일 등락률연관 섹터세원정공80-0.15%자동차부품KPX케미칼53+0.46%[화학 - NCC]대한방직40+2.01%섬유, 의류, 신발, 호화품모토닉39-0.60%[LPG(액화석유가스)]한솔PNS30+1.21%종이와 목재ESR켄달스퀘어리츠30-0.14%[부동산 - 개발·신탁·리츠]무학27+0.37%[음식료 - 주류]동일제강25+1.19%[철강 중소형업체]AK홀딩스23+0.59%화학동방아그로22+0.32%[농업 - 종자·비료·농약]태림포장22-1.83%[골판지]한국자산신탁21-0.63%[부동산 - 개발·신탁·리츠]미창석유20-1.51%[유가 상승 수혜 - 윤활유]화천기공19-0.94%기계평화홀딩스18-1.38%[수소차 - 연료전지]일진홀딩스17+0.26%[스마트그리드]JW중외제약16-4.18%[탈모 치료]코오롱우13-2.34%복합기업진도13-2.40%[의류 브랜드]DB금융투자13+0.65%[증권사]  ※ 주가 등락률: 전일 종가 기준 등락률  [이 기사는 증권플러스(두나무)가 자체 개발한 로봇 기자인 'C-Biz봇'이 실시간으로 작성했습니다.]  C-Biz봇  Copyrights ⓒ ChosunBiz.com"
163,2,"2024-01-02","08:40:13","기관 연속 순매도일 상위 20선 - 코스닥","전일 코스닥 시장에서 기관이 신한제10호스팩을 20일 연속 순매도한 것으로 나타났다. 이 밖에 , 동원개발, 상신이디피, 디케이락, 우리손에프앤지도 기관이 꾸준히 순매도한 종목이다.  종목명연속일전일 등락률연관 섹터신한제10호스팩20+0.92%창업투자동원개발19-1.10%[중소형 건설사]상신이디피19+1.74%전기제품디케이락18+0.11%[피팅·밸브]우리손에프앤지18+0.46%[양돈주]브릿지바이오테라퓨틱스18-5.06%[2024년 임상 예정 제약·바이오]아이즈비전17-1.46%통신장비케이피에프16+0.41%[풍력]파이버프로15+1.21%[양자 기술]빅텐츠14-0.93%[미디어 컨텐츠]신영스팩8호14-0.24%창업투자케이엔제이14-3.06%[반도체 - 후공정 장비]미래생명자원13+0.93%[배합사료·첨가제]씨티케이13+0.70%[친환경 플라스틱]IBKS제21호스팩13+0.22%창업투자IBKS제22호스팩13-1.56%창업투자이엠코리아13+0.22%[방위산업]제로투세븐13+0.63%[유아용품]이녹스120.00%[OLED - 소재·부품]예림당12+0.06%[유아용품]  ※ 주가 등락률:전일종가 기준 등락률  [이 기사는 증권플러스(두나무)가 자체 개발한 로봇 기자인 'C-Biz봇'이 실시간으로 작성했습니다.]  C-Biz봇  Copyrights ⓒ ChosunBiz.com"
163,3,"2024-01-02","08:40:11","외국인 연속 순매도일 상위 20선 - 코스닥","전일 코스닥 시장에서 외국인이 진로발효를 172일 연속 순매도한 것으로 나타났다. 이 밖에 , 쎌바이오텍, 아이디스홀딩스, 대림제지, 클라우드에어도 외국인이 꾸준히 순매도한 종목이다.  종목명연속일전일 등락률연관 섹터진로발효1720.00%[주정]쎌바이오텍720.00%[건강기능식품]아이디스홀딩스70+0.62%[CCTV]대림제지37+1.12%[골판지]클라우드에어29+0.11%[LED]금화피에스시26+0.77%[원자력 (원전)]브이씨26+0.35%[골프]크린앤사이언스25+1.67%[그래핀(Graphene)]한솔인티큐브24+0.77%[컨택센터(콜센터)]프로티아24-1.65%[전염병(코로나19) - 진단]티쓰리24+0.65%[드론·플라잉카]성창오토텍23-0.40%[전기차 -부품]대명소노시즌22+0.33%[금강산 관광]스타플렉스21+0.16%화학원일특강20-0.68%[철강 중소형업체]세화피앤씨19-0.11%[화장품 브랜드]서울리거17+1.65%건강관리업체 및 서비스내츄럴엔도텍15+0.55%화장품크리스에프앤씨15+0.71%[골프]에프앤가이드13+1.23%IT서비스  ※ 주가 등락률: 전일 종가 기준 등락률  [이 기사는 증권플러스(두나무)가 자체 개발한 로봇 기자인 'C-Biz봇'이 실시간으로 작성했습니다.]  C-Biz봇  Copyrights ⓒ ChosunBiz.com"
163,4,"2024-01-02","08:40:09","외국인 연속 순매수일 상위 20선 - 코스닥","전일 코스닥 시장에서 외국인이 유비쿼스홀딩스를 13일 연속 순매수한 것으로 나타났다. 이 밖에 , 현대바이오, 케이바이오, 에스티큐브, 에이직랜드도 외국인이 꾸준히 순매수한 종목이다.  종목명연속일전일 등락률연관 섹터유비쿼스홀딩스13-0.47%통신장비현대바이오10+1.36%[전염병(코로나19) - 제약]케이바이오8+4.07%건강관리업체 및 서비스에스티큐브8+13.47%[면역세포치료제]에이직랜드8-1.99%[시스템반도체 (비메모리 반도체)]휴메딕스8+2.27%[전염병(코로나19) - 제약]신라에스지8+1.18%[음식료 - 수산식품]수성샐바시온7+1.60%기계알로이스7+1.90%전자제품케이엠더블유7+1.56%[5G·6G]인텔리안테크7-1.23%[항공·우주]바텍7+1.37%[치아·임플란트]원티드랩7+2.86%[취업·일자리]테라사이언스6+2.83%[건설기계]다보링크6+7.56%[메타버스 (VR·AR)]클래시스6+0.53%[미용기기]프롬바이오6+0.33%[건강기능식품]사람인6+0.87%[취업·일자리]티엔엔터테인먼트6-0.67%방송과엔터테인먼트진시스템6+8.24%[유전체검사]  ※ 주가 등락률: 전일 종가 기준 등락률  [이 기사는 증권플러스(두나무)가 자체 개발한 로봇 기자인 'C-Biz봇'이 실시간으로 작성했습니다.]  C-Biz봇  Copyrights ⓒ ChosunBiz.com"
163,5,"2024-01-02","08:40:08","기관 연속 순매수일 상위 20선 - 코스닥","전일 코스닥 시장에서 기관이 영림원소프트랩을 27일 연속 순매수한 것으로 나타났다. 이 밖에 , 미래컴퍼니, 엔에이치스팩30호, 에이치엠씨제6호스팩, 피엔케이피부임상연구센타도 기관이 꾸준히 순매수한 종목이다.  종목명연속일전일 등락률연관 섹터영림원소프트랩27+1.56%[클라우드 컴퓨팅]미래컴퍼니20-1.13%[서비스용 로봇]엔에이치스팩30호18+0.69%창업투자에이치엠씨제6호스팩18+0.50%창업투자피엔케이피부임상연구센타18-0.20%생명과학 도구 및 서비스삼보모터스18+4.23%[스마트카·자율주행]삼성스팩9호17+0.53%창업투자동우팜투테이블17+3.16%[육계주]헥토파이낸셜16+3.09%[결제서비스]미스터블루14+2.03%[웹툰]보로노이13+3.65%[2024년 임상 예정 제약·바이오]KB제26호스팩13+0.50%창업투자잉글우드랩12+0.68%[화장품 OEM·ODM]크리스에프앤씨12+0.71%[골프]하나28호스팩11+0.30%창업투자헥토이노베이션10-1.21%[IT 보안]유안타제11호스팩10+0.40%창업투자이퓨쳐100.00%[교육]나이스정보통신10+1.17%[결제서비스] 씨씨에스9-1.98%[초전도체]  ※ 주가 등락률: 전일 종가 기준 등락률  [이 기사는 증권플러스(두나무)가 자체 개발한 로봇 기자인 'C-Biz봇'이 실시간으로 작성했습니다.]  C-Biz봇  Copyrights ⓒ ChosunBiz.com"
163,6,"2024-01-02","08:40:06","외국인 연속 순매수일 상위 20선 - 코스피","전일 코스피 시장에서 외국인이 KT를 20일 연속 순매수한 것으로 나타났다. 이 밖에 , SK바이오팜, TIGER 미국테크TOP10 INDXX, TIGER 반도체, ARIRANG 200도 외국인이 꾸준히 순매수한 종목이다.  종목명연속일전일 등락률연관 섹터KT20+2.69%[스마트홈]SK바이오팜15+2.45%제약TIGER 미국테크TOP10 INDXX14-0.20%TIGER 반도체14+0.19%ARIRANG 20011+1.89%[코스피 상승에 투자 (ETF·ETN)]TIGER 코스닥150선물인버스10-0.41%[코스닥 하락에 투자 (ETF·ETN)]KG스틸10+0.79%[철강 주요업체]한진칼10+5.97%항공사신풍제약9+1.65%[전염병(코로나19) - 제약]KODEX 미국메타버스나스닥액티브90.00%SK바이오사이언스8+1.27%[CMO·원료의약품]삼성전자6+0.64%[종합반도체]대한전선7+2.65%[전선·케이블]HL만도7+4.52%[스마트카·자율주행]TIGER 레버리지7+3.25%[코스피 상승에 투자 (ETF·ETN)]TIGER 글로벌리튬&2차전지SOLACTIVE(합성)7+2.66%[비철금속 - 리튬]TIGER 글로벌자율주행&전기차SOLACTIVE7+0.38%SK7+1.02%[전기차 - 인프라]대구백화점7-1.95%백화점과 일반상점TIGER 차이나클린에너지SOLACTIVE7+6.39%   ※ 주가 등락률: 전일 종가 기준 등락률  [이 기사는 증권플러스(두나무)가 자체 개발한 로봇 기자인 'C-Biz봇'이 실시간으로 작성했습니다.]  C-Biz봇  Copyrights ⓒ ChosunBiz.com"
163,7,"2024-01-02","08:40:03","오렌지플래닛 창업재단, 2024 상반기 정기모집 실시","[서울=뉴스핌] 아이뉴스24 = 스마일게이트 오렌지플래닛 창업재단(센터장 서상봉, 이하 오렌지플래닛)은 2024 상반기 정기모집을 이달 29 일까지 실시한다.  이번 상반기 정기모집은 2인 이상으로 구성된 예비 및 초기 스타트업을 대상으로 한다. 참가를 원하는 팀은 오렌지플래닛 홈페이지를 통해 지원서를 제출하면 된다.  오렌지플래닛 측은 이번 모집으로 '오렌지가든' 프로그램에 참여할 10개팀과 '오렌지팜' 프로그램에 참여할 5개팀 등 최대 15개팀을 선발할 예정이다. 오렌지가든은 예비창업자 및 초기 사업모델에 대한 지원이 필요한 팀을 대상으로 하며 오렌지팜은 초기 투자 유치와 함께 본격적인 사업 고도화가 필요한 팀이 대상이다.     [서울=뉴스핌] 아이뉴스24 = [사진=오렌지플래닛] npinfo22@newspim.com   오렌지가든에 선발되면 사무공간 6개월 지원, 분야별 전문가 1대1 밀착 코칭, 사업 단계별 고도화를 위한 워크숍 등을 제공받는다. 또한 우수한 평가를 받은경우 사업화 지원금과 함께 투자 검토 기회도 받을 수 있다. 오렌지팜의 경우 사무공간 12개월 지원, 5000만원에서 최대 2억원 규모의 투자, 후속 투자 유치를 위한 VC 멘토링, TIPS(민간투자주도형 기술창업지원)와 연계 된 투자 기회 등을 제공 받는다.   지난해 정기모집에서는 상·하반기 총 32개팀이 선정돼 그 중 14개팀이 투자를 유치한 바 있다. 이 중 8개팀에는 스마일게이트 인베스트먼트가 직접 투자했다.  서상봉 오렌지플래닛 센터장은 ""이번 상반기 정기모집으로 혁신적이고 좋은 사업 아이템을 가지고 있는 창업 초기 스타트업들을 선발해 맞춤형 프로그램으로 전폭 지원하려 한다""며 ""오렌지플래닛의 체계적이고 지속적인 지원을 받고 싶은 청년 창업가들의 관심과 지원 부탁드린다""고 말했다.  이 기사는 아이뉴스24가 제공하는 기사입니다              저작권자(c) 글로벌리더의 지름길 종합뉴스통신사 뉴스핌(Newspim), 무단 전재-재배포 금지"
164,1,"2024-01-02","08:36:04","[리포트 브리핑]제이시스메디칼, '포텐 넘치는 피부미용의 댄서' 목표가 15,000원 - 한양증권","[서울=뉴스핌] 로보뉴스 = 한양증권에서 02일 제이시스메디칼(287410)에 대해 '포텐 넘치는 피부미용의 댄서'라며 투자의견 'BUY(신규)'의 신규 리포트를 발행하였고, 목표가 15,000원을 내놓았다. 전일 종가 기준으로 볼 때, 이 종목의 주가는 목표가 대비 43.0%의 추가 상승여력이있다는 해석이 가능하다.   ◆ 제이시스메디칼 리포트 주요내용 한양증권에서 제이시스메디칼(287410)에 대해 '에너지 기반 미용기기 시장에서 HIFU, RF, 레이저 모두에서의 강점을 지니고 있음. 3Q23 연결 실적은 매출액 391억원(YoY +36.5%), 영업이익 102.2억원(YoY +32.5%)를 기록하여 분기 최대 실적을 경신. 2024년 포인트는 해외 확장성. 적극적으로 해외 파트너사를 확보하여 해외 진출을 가속화하고 있음. 해외 파트너사 Cynosure, Reveal Lasers, 아이메이커와의 협력으로 글로벌 침투율을 빠르게 올릴 것으로 전망되며 덴서티와 포텐자를 필두로 실적 상승세를 이어 나갈 것으로 기대.'라고 분석했다.  또한 한양증권에서 '중국에서 포텐자의 허가가 내년 상반기에 이루어질 것으로 기대. 국내 시장은 포화상태이기 때문에 해외 매출 비중이 높은 동사에게 중국 시장 진출은 새로운 기회가 될 수 있음. 유럽과동남아시아 역시 Cynosure를 통한 ODM 공급 확대가 기대되며 HIFU의 높은 점유율을 차지하고 있는 일본에서 RF 수요가 증가하고 있는 점도 긍정적. 더불어 지난 8월 포트폴리오 다양화를 위해 덴서티하이를 개발하여 FDA승인을 받았음. 적극적인 해외진출 및 파트너쉽 체결은 동사 외형 성장에 다시 한번 탄력을 불어넣을 것'라고 밝혔다.   ◆ 제이시스메디칼 직전 목표가 대비 변동 - 신규 목표가, 15,000원(최근 1년 이내 신규발행) 한양증권은 이 종목에 대해 최근 1년 중 처음으로 목표가 15,000원을 제시했다.   ◆ 제이시스메디칼 목표가 컨센서스 비교 - 평균 목표가 15,500원, 한양증권 가장 보수적 평가 - 지난 6개월 대비 전체 컨센서스 낙관적 변화 - 목표가 상향조정 증권사 3개 오늘 한양증권에서 제시한 목표가 15,000원은 23년 11월 10일 발표한 다올투자증권의 15,000원과 함께최근 6개월 전체 증권사 리포트 중에서 가장 낮은 목표가이다. 이는 전체 목표가 평균인 15,500원 대비 -3.2% 낮은 수준으로 제이시스메디칼의 주가에 대해 보수적으로 접근하고 있음을 알 수 있다. 참고로 최근 6개월 전체 증권사의 평균 목표가인 15,500원은 직전 6개월 평균 목표가였던 12,000원 대비 29.2% 상승하였다. 이를 통해 제이시스메디칼의 향후 주가에 대한 증권사들의 전체적인 분석이 낙관적임을 알 수 있다.  이 기사는 뉴스핌과 금융 AI 전문기업 씽크풀이 공동 개발한 기사 자동생성 알고리즘에 의해 실시간으로 작성된 것입니다.      ◆ 데이터에서 찾은 AI 속보  - 외국인.기관 순매매상위 - 신규종목과 연속종목(12월28일)  - [모멘텀특징주] 오늘 캡스톤파트너스(30.0%), 한화갤러리아(29.9%) 강세 이유는?  - [표]12월 28일 시간외 상승 종목 및 최근 동향  - [기관따라잡기]사모펀드, 코스닥 시장에서펩트론 16.17억원 순매수  - [AI 추천 속보] 공매도급감, 사모펀드순매수종목,신규시설투자 등     저작권자(c) 글로벌리더의 지름길 종합뉴스통신사 뉴스핌(Newspim), 무단 전재-재배포 금지"
164,2,"2024-01-02","08:36:02","삼일PwC, '2024 개정세법' 대해부…워크숍 연다","한국세무학회와 공동 개최   실무자 이해 증진 기회   [삼일PwC 홈페이지]  [헤럴드경제=심아란 기자] 삼일PwC가 한국세무학회와 함께 '2024 개정세법 해설 워크숍'을 공동 개최한다고 2일 밝혔다.  이번 워크숍은 오는 13일 오전 9시30분 서울 마포구 홍익대 홍문관 가람홀에서 열리며 지난해 말 국회에서 통과된 개정세법을 소개하고 실무자의 정확한 이해를 돕기 위한 자리다.  세법 개정의 실무작업을 주도했던 기획재정부 세제실의 입법 담당자가 직접 워크숍 강연자로 참석하는 점이 특징이다. 이번 개정세법의 배경과 입법 취지 등을상세히 소개할 예정이다.  개정세법 해설에 앞서 서희열 강남대 세무학과 교수가 '세무학의 정립과 교과과정의 현황'을 주제로 기조 강연을 진행한다.  올해 개정된 세법은 ▷국가전략기술 및 신성장원천기술 확대 ▷해외 진출 기업의 국내 복귀에 대한 세제지원 강화 ▷해외건설 자회사 대여금에 대한 대손충당금 손금산입 특례 신설 ▷기술 혁신형 인수합병(M&A) 요건 완화 ▷수입배당금 익금불산입 규정 합리화 등을 주요 골자로 한다. 기업과 개인의 조세 환경에 적지 않은 변화가 예상되고 있다.  이중현 삼일PwC 세무 부문 대표(파트너)는 “삼일PwC는 지난해 9월 국회에 제출된 세법 개정안이 가져올 조세환경의 변화와 실무적 시사점을 제시하기 위해 ‘2023 세법개정안 설명회’를 선제적으로 개최한 바 있다”며 “이번에는 기업 실무자들이 개정세법을 정확히 이해하고 조속히 대응하도록 한국세무학회와 함께 해설의 자리를 마련했다”고 말했다.  이번 워크숍은 온라인 중계 없이 현장 강의 방식으로 진행될예정이다. 개정세법에 관심이 있는 실무자나 전문가는 별도의 사전 신청 절차 없이 참석할 수 있다.        ▶ 무조건 오르는 비공개 급등종목 ""반드시"" 확인하기 >> 오늘의 추천종목 정보 제공 받기 <<    ▶ 급등 임박! 반드시 상승할 ""유망 종목 TOP3"" 실시간 시세 확인하기 >> 종목 무료로 받아보기 <<    ▶ 비트코인 와르르 大폭락에 OO테마주 들썩, 상위 1% TF팀 >> 선착순 100명 급등 종목 무료제공 <<     ▶ 내 계좌 '5억'만들기 프로젝트! VIP 서비스 5일 무.료.체.험 EVENT >>보유 종목 무료분석<<        ▶ 상위 1%의 급등주 정보, 선착순 100명에게 무료로 제공 중… >>초대형 대장주 비밀리에 입수<<       ▶ 단 돈 ""만 원"" 있어도 10배 이상 터질 종목 ""지금"" 사도 무조건 터진다 >> 매일 VIP 무료추천주 <<       ▶ 아무도 몰랐던 급상승 ""VIP 히든종목"" 분석자료 선착순 무료제공!! >>최상위종목 ""시세"" 확인하기<<"
164,3,"2024-01-02","08:36:00","이베스트證 ""포스코홀딩스, 2024년 성장통 예상… 목표가 73만→60만원""","이베스트투자증권이 2일 POSCO홀딩스(포스코홀딩스)에 대해 높은 원료가와 철강 시황 부진 장기화로 2024년 성장통을 겪을 것이라고 분석했다. 지난해 4분기 실적도 컨센서스(증권사 평균 전망치)를 하회할 것이라면서, 투자 의견은 ‘매수’를 유지하지만 목표 주가를 기존 73만원에서 60만원으로 18% 내렸다. 지난 28일 포스코홀딩스는 49만9500원에 마감했다.    안회수 이베스트투자증권 연구원은 지난 4분기 포스코홀딩스의 예상 실적으로 매출액 19조3000억원, 영업이익 9561억원을 제시했다. 매출액은 전년 동기 대비 0.3% 늘고, 영업이익은 흑자 전환할 것으로 전망했다. 다만 영업이익은 기대치에 약 15%가량 미치지 못할 것으로 내다봤다. 안 연구원은 “철강 사업 부문에서 연말 성수기 재고 축적 흐름이 강하게 나타나지 않았다”면서 “또 원료가가 지속 상승했지만, 판가에 원활하게 반영되지 않았다”고 했다. 인건비 상승 등으로 약 1000억원 이상의 일회성 비용이 발생했다고도 했다.  그는 2024년 포스코홀딩스의 연간 매출액과 영업이익을 각각 81조2000억원, 4조5000억원으로 전망했다. 2023년 대비 매출액은 4.3%, 영업이익은 7.4% 늘어난 수치다. 안 연구원은 중국 주택 수급 불균형에 따라 시황이 빠르게 개선되기 어렵고, 원료가도 글로벌 수요 증가로 높은 수준을 유지할 것으로 예상했다. 그러면서 “그린 철강을 통한 제품 차별화, 이차전지 소재 사업의 이익 발생까지 (회사가) 성장통을 견뎌야 할것”이라고 말했다.  목표 주가를 내린 가장 큰 이유는 시황 부진 장기화로 2024년 예상 이익을 하향 조정했기 때문이라고 밝혔다. 특히 리튬 가격이 하락하며 리튬 사업의 가치를 9조원에서 8조원으로 조정했다고 설명했다. 이어 “2024년 포스코홀딩스의 주가 흐름은 글로벌 금리 인하와 전기차 소비심리 회복에 따른 리튬 가격의 반등 여부에 달릴 것”이라고 판단했다.  정현진 기자 chunghj@chosunbiz.com   Copyrights ⓒ ChosunBiz.com"
164,4,"2024-01-02","08:35:55","[신년사] 이순호 예탁원 사장 ""필수 생존전략인 디지털 혁신에 매진해야""","이순호 한국예탁결제원 사장이 2일 ""이제 금융산업의 필수 생존전략이 된 디지털 혁신에 매진해야 한다""고 밝혔다.      이 사장은 이날 신년사를 통해 ""현재 단계적으로 추진 중인 차세대시스템 개발에 전사적인 역량을 지원하겠다""며 이같이 말했다.    이 사장은 ""2023년 동안 한 건의 금융사고나 정보통신(IT) 사고가 없이, 금융투자 인프라를 안정적으로 운영했다""면서 임직원들이 자랑스럽다고 격려했다.   이어 외국인 투자자 등록제 폐지 지원, 유동화증권 통합정보시스템 확대 개편, 무지험지표금리 기반의 상장지수펀드(ETF)와 상장지수증권(ETN) 상장 기반을 조성하는 등 정부의 정책과제를 충실히 지원했다고 자평했다.   지난 한 해 동안 예탁원의 세계적 위상도 높아졌다고 전했다. 그는 ""외국인 국채통합계좌 서비스를 빈틈없이 준비해 왔으며, 아시아개발은행과 공동으로 아시아채권시장발전방안(ABMI) 국제 회의를 성황리에 개최해 아시아 자본시장에서 우리 회사의 위상을 다시 한번 각인시켰다"" 고 했다.   미래 50년 지속 성장의 기반을 마련하기 위해 디지털 혁신에 매진해야 한다고 강조했다. 그는 ""차세대 시스템 개발에 전사적인 역량을 지원하겠다""면서 ""이를 통해 업무 프로세스와 IT 인프라를 최신화하고, 디지털 전환을 가속화해 자본시장 발전을 앞서 견인하는 혁신금융플랫폼으로 거듭날 수 있도록 노력하겠다""고 했다.   또 토큰증권과 같은 혁신 금융상품의 등장과 확산에 철저히 대비해야 한다고 주문했다. 그는 ""분산원장 기반의 토큰증권 생태계는 그 자체로 우리 비즈니스의 위협적인 경쟁자""라면서 ""그렇지만 이럴 때일수록 새롭게 등장한 토큰증권을 우리회사의 미래 비즈니스로 활용하려는 발상의 전환과 진취적인 접근이 필요하다고""고 했다.    아울러 시장과 호흡하며 새로운 성장동력을 만들어내야한다고 당부했다. 그는 ""전자주주총회 관리기관 업무 도입, 개인투자국채 사무관리기관 업무 개시, 디지털증권시장·ATS 등 신시장에 대한 청산결제 인프라 구축 등 많은 신규 서비스의 개발과 오픈(출시)가 예정돼 있다""면서 ""치명적인 사고는 우리 회사가 50년 동안 쌓아온 신뢰 자본을 한순간에 무너뜨린다""고 했다.     ● 주식으로 돈 벌까? 오늘의 운세로 확인  ● 국내 최저 신차 장기렌트 견적 문의 IWS오토  ● 급등임박 추천주를매일 알려주는 곳이 있다고? [카톡방 입장]  [관련기사]  ☞ 예탁원 ""주총 소집통지서 받기 싫다면, 내년 말까지 거부 신청""  ☞ 12월 두산로보틱스 등 53개사 1억9697만주 의무보유등록 해제  ☞ 예탁원, KOFR 활용 CD 대체금리 제공 추진  ☞ 예탁원, 한국중견기업연합회와 업무협약 체결  ☞ 투자 성공의 핵심은 기업분석! 'CORE' 바로가기      김민영 기자 argus@asiae.co.kr   <ⓒ투자가를 위한 경제콘텐츠 플랫폼, 아시아경제(www.asiae.co.kr) 무단전재 배포금지>"
164,5,"2024-01-02","08:35:46","뉴진스, 주얼리 스톤헨지 새해 캠페인 비주얼 공개","[헤럴드경제=함영훈 기자] 주얼리 브랜드 스톤헨지(STONEHENgE)가 2일 2024년 새해를 맞아 뉴진스(NewJeans)와 함께한 새로운 겨울 캠페인 비주얼을 공개했다.  스톤헨지에 따르면, 한 폭의 초상화를 떠올리게 하는 이번 캠페인 비주얼은 겨울에 어울리는 클린한화이트 무드로 진행, 뉴진스 다섯 멤버들의 우아한 아름다움을 담는데 집중했다.   뉴진스 주얼리 비주얼 공개 [스톤헨지 제공]  고급스러운 화이트 톤온톤 스타일링을 각자의 매력으로 완벽하게 소화한 뉴진스는 담담하면서도 힘있는 눈빛으로 카메라를 응시해 강렬한 인상을 남겼다. 특히, 화려한 소품이나 장치 없이 간결한 배경 속에서 뉴진스만의 분위기와 존재감으로 화면을 가득 채워 한시도 눈을 뗄 수 없는 흡입력 있는 비주얼을 완성했다고 스톤헨지측은 설명했다.  공개된 비주얼에서 뉴진스 민지, 혜인, 하니, 다니엘, 해린 다섯 멤버는 각각 엣지(EDGE), 럭키유(LUCKY U), 달(DAL), 커넥션(CONNECTION), 유락(U-LOCK) 컬렉션 등 아이코닉한 디자인이 돋보이는 스톤헨지 목걸이, 귀걸이 등을 다채롭게 매치해 뉴진스만의 클래식하고 세련된 주얼리 스타일링을 선보였다.  그 중에서도 2024년 1월 새롭게 출시된 스톤헨지의 겨울 신제품 ‘엣지(EDGE)' 컬렉션은 라인의 우아함과 아름다움을 V자 곡선의 실루엣으로 상징적으로 표현했다. 커브 디자인을 따라 세팅된 스톤 라인과 심플한 메탈 라인이 레이어드된 유니크한 디자인으로 엣지있는 입체감과 곡선의 우아함을 겸비했다고 회사측은 전했다.        ▶ 무조건 오르는 비공개 급등종목 ""반드시"" 확인하기 >> 오늘의 추천종목 정보 제공 받기 <<    ▶ 급등 임박! 반드시 상승할 ""유망 종목 TOP3"" 실시간 시세 확인하기 >> 종목 무료로 받아보기 <<    ▶ 비트코인 와르르 大폭락에 OO테마주 들썩, 상위 1% TF팀 >> 선착순 100명 급등 종목 무료제공 <<     ▶ 내 계좌 '5억'만들기 프로젝트! VIP 서비스 5일 무.료.체.험 EVENT >>보유 종목 무료분석<<        ▶ 상위 1%의 급등주 정보, 선착순 100명에게 무료로 제공 중… >>초대형 대장주 비밀리에 입수<<       ▶ 단 돈 ""만 원"" 있어도 10배 이상 터질 종목 ""지금"" 사도 무조건 터진다 >> 매일 VIP 무료추천주 <<       ▶ 아무도 몰랐던 급상승 ""VIP 히든종목"" 분석자료 선착순 무료제공!! >>최상위종목 ""시세"" 확인하기<<"
164,6,"2024-01-02","08:35:44","'비에프랩스' 사명 변경한 시티랩스 ""수주 확대 등 전방위 체질 개선""","[서울=뉴스핌] 아이뉴스24 = '비에프랩스(BFLABS)'로 사명변경을 완료한 시티랩스가 사업 부문 개편, 수주 확대 등 체질 개선 성과를 가시화하고 있다고 2일 밝혔다.     [서울=뉴스핌] 아이뉴스24 = 시티랩스가 사업 부문 개편, 수주 확대 등 체질 개선 성과를 가시화하고 있다고 2일 밝혔다. [사진=시티랩스] npinfo22@newspim.com   비에프랩스는 지난해 12월엔 88억원 규모 '서울청 국도 ITS 운영관리 사업'을 수주했다. 해당 사업은 지난 2022년 비에프랩스 단독 수주 계약 연장 프로젝트다. 국도1호선 등 18개 노선 1,261km의 ITS 시설물 관리와 도로교통정보 등을 모니터링 및 관리하는 정보센터를 운영할 예정이다.  회사 측은 이 외에 항공 분야 유지 보수 등 다수 수주 계약을 체결 최근까지 다수의 수주 확보를 통해 본원 사업이 안정적인 성장세를 보이고 있다고 설명했다  비에프랩스는 12월부터 다수 수주 계약을 체결하는 등 본원 사업이 순항하고 있는 만큼 사업 다각화를 통한 실적 상승 기반 마련에 집중하겠다는 방침이다. 최근 진행된 임시주주총회에선 사명변경과 기존 유리가공, 실리콘 원료 판매 등 기존 사업 목적을 제외하고, 유통, 수출입업 등 다수 신규 사업이 새롭게 추가됐다.  비에프랩스 관계자는 ""지난해 12월 서울청 등 다수수주 계약으로 본원 사업 영역은 내년에도 안정적인캐시카우 역할이 이어질 것으로 기대하고 있다""며 ""여기에 사업 구조 개편 등 체질 개선을 통한 효율적인 사업 운영 기반이 마련된 만큼, 내년에는 실적 상승이 가시화될 수 있도록 회사 역량을 집중해 나갈 것""이라고 말했다.  이 기사는 아이뉴스24가 제공하는 기사입니다              저작권자(c) 글로벌리더의 지름길 종합뉴스통신사 뉴스핌(Newspim), 무단 전재-재배포 금지"
164,7,"2024-01-02","08:35:35","AI매매신호특징주 - 컴투스홀딩스 매수, 한국패러랠 매도","12월 28일 한경라씨로가 분석한 내용에 따르면 컴투스홀딩스 등의 종목에 매수 신호가 발생했고, 한국패러랠, 리노스, SBS에 매도 신호가 발생했다.    ※ 한경라씨로에서 주요속보 실시간 확인하기 (->바로가기)       한경라씨로 AI매매신호 특징주 분석은매일 오후 4시 5분에 제공되며 한경라씨로 웹페이지 (hk.rassiro.com)에서 확인이 가능하다. 또한 구글 플레이스토어에서 한경라씨로 앱을 다운 받으면 해당 정보가 나왔을 때 실시간으로 알림을 받을 수도 있다.        [오늘 투자 주요종목] 컴투스홀딩스,컴퍼니케이,대유플러스,한국패러랠,리노스,SBS   ※ 본 글은 투자 참고용입니다.        ▶▶[급등종목]◀◀ 지금 ""1,000만원""만 있다면 당장 ""이것"" 매수해라!! >>> (무료공개)  >> ★무료카톡방★ 이제 추천주 ""무료""로 받으세요! ★무료카톡방★  ▶▶ 월0.2%대 최저금리 X 주식자금 4배 X 100%집중투자 => 부자네스탁론  [단기에 부자가 되는 방법] 상위 1%만의 강의 무료 제공 중 (pw:4560)  나에게 맞는 종목추천 AI알고리즘을 찾고 싶다면? 한경 로그인만 하면 1개월 무료 체험가능  [오늘의 이슈] 급등임박! 올해 반드시 상승할 ""실시간 TOP3"" 확인하세요! ▶▶ 무료 클릭!     관련기사 ""6000만원 싸게 팔아요""…오피스텔, 눈물의 마피 라면 아무거나 3팩 담아 9900원…'파격 할인' 유명 개그맨 앞세운 사기에 수천명 당했다 ""AI 앞세워 식민지 지배""…최악의 시나리오 등장 '억대연봉' 조합장 결단…""월급 200만원 받겠다""    ⓒ 한국경제 & hankyung.com, 무단전재 및 재배포 금지"
165,1,"2024-01-02","08:32:01","[리포트 브리핑]시노펙스, '엄중하다' Not Rated - NH투자증권","[서울=뉴스핌] 로보뉴스 = NH투자증권에서 02일 시노펙스(025320)에 대해 '엄중하다'라며 신규 리포트를 발행하였고, 투자의견을 'Not Rated'로 제시하였다.   ◆ 시노펙스 리포트 주요내용 NH투자증권에서 시노펙스(025320)에 대해 'FPCB를 비롯한 전자부품 사업과 다양한 필터 사업 영위중인 가운데, 전량 수입에 의존하고 있는 혈액투석 관련 제품 국산화 추진 중. 근시일내 허가 취득 후 사업 본격화가 기대되는 바 주목 필요'라고 분석했다.  또한 NH투자증권에서 '국내 혈액투석 관련 필터 및 소모품 시장 규모는 약 1조원 내외로 추정되며, 글로벌 혈액투석기 시장규모는 2022년 기준 857억 6,000만 달러로 추정. 아직 사업 시작전이기에 구체적인 실적 추정은 어려워 보수적으로 실적 전망치를 제시 하나 동사는 2027년까지 국산화 대체율 30%까지 확대하고자 목표하고 있으며, 글로벌 시장 진출 또한 준비 중. 높은 성장 잠재력을 가진 사업이 근시일 내 본격화될 것으로 전망되는 바 주목 필요'라고 밝혔다.  이 기사는 뉴스핌과 금융 AI 전문기업 씽크풀이 공동 개발한 기사 자동생성 알고리즘에 의해 실시간으로 작성된 것입니다.      ◆ 데이터에서 찾은 AI 속보  - 외국인.기관 순매매상위 - 신규종목과 연속종목(12월28일)  - [모멘텀특징주] 오늘 캡스톤파트너스(30.0%), 한화갤러리아(29.9%) 강세 이유는?  - [표]12월 28일 시간외 상승 종목 및 최근 동향  - [기관따라잡기]사모펀드, 코스닥 시장에서 펩트론 16.17억원 순매수  - [AI핫클립] 특파원속보, 중국경제, 글로벌경제 등     저작권자(c) 글로벌리더의 지름길 종합뉴스통신사 뉴스핌(Newspim), 무단 전재-재배포 금지"
165,2,"2024-01-02","08:32:01","[리포트 브리핑]현대제철, '4Q23 Preview: 무색한 성수기 물량' 목표가 45,000원 - 이베스트투자증권","[서울=뉴스핌] 로보뉴스 = 이베스트투자증권에서 02일 현대제철(004020)에 대해 '4Q23 Preview: 무색한 성수기 물량'이라며 투자의견 'BUY'의 신규 리포트를 발행하였고, 목표가 45,000원을 내놓았다. 전일 종가 기준으로 볼 때, 이 종목의 주가는 목표가 대비 23.3%의 추가 상승여력이 있다는 해석이 가능하다.   ◆ 현대제철 리포트 주요내용 이베스트투자증권에서 현대제철(004020)에 대해 '4Q23년 실적은 연결기준 매출액 6.1조원(+2.7%YoY, -2.3%QoQ), 영업이익 245억원 (흑전YoY, -89.3%QoQ)으로 영업이익 컨센서스를 크게 하회할 것으로예상. 컨센서스 하회의 주된 이유는 1) 연말 성수기에도 불구, 수요부진 지속으로 판매량 회복이 작았기 때문. 고로제품 판매량 290만톤(+3.0%QoQ), 전기로제품 판매량 150만톤(-1.0% QoQ)으로 추정. 2) 고로계 제품 스프레드 악화가 예상보다 컸기 때문. 원료가가 지속 상승 했음에도 판가는 하락하여 스프레드가 3만원 하락했을 것으로 추정. 전기로계 제품은 철스크랩가도 하락하여 스프레드 악화는 방어했을 것. 3) 일회성 요인으로 전력비 kwh당 13.5원 인상에 따른 150억원 추가 비용, 이외 연말 추가 비용약 1,000억원 발생을 반영.'라고 분석했다.  또한 이베스트투자증권에서 '2024년 연간 매출액 24.7조원(-4.7%YoY), 영업이익 9,820억원(-6.6% YoY, OPM 4.0%)를 전망. 2024년 동사 실적의 주요 관건은 높은 원료가의 전가 성공과 국내 건설 시황 회복 여부가 될 것. 철강 기업 중 가장 저평가를 받고 있으나, 아직 전방 산업 개선 흐름이 크게 나타나지 않고 있음. 동사는 전기차에 필요한 초고장력강, 경량화 강재 판매 비중을 늘려나가고 있을 뿐만 아니라 신재생에너지향후판/강관 수주 확대, 전기차 부품용 특수강 개발 등 전기차/친환경산업 소재 전문 경쟁력을 키우고 있음. 동사의 전기로 역량은 그린철강 브릿지 단계에서 저탄소/고품질 강종 생산에 경쟁사 대비 큰 강점으로 작용할 것. 장기적으로는 수소환원제철 시대에 필요한 수소밸류체인 구축 준비를 해나간다면 좋을 것.'라고 밝혔다.   ◆ 현대제철 직전 목표가 대비 변동 - 목표가 유지, 45,000원 -> 45,000원(0.0%) 이베스트투자증권 안회수 애널리스트가 이 종목에 대하여 제시한 목표가 45,000원은 2023년 10월 26일 발행된 이베스트투자증권의직전 목표가인 45,000원과 동일하다.   ◆ 현대제철 목표가 컨센서스 비교 - 평균 목표가 45,965원, 이베스트투자증권 보수적 평가 - 전체 증권사 의견, 지난 6개월과 비슷한 수준 - 목표가 상향조정 증권사 2개 오늘 이베스트투자증권에서 제시한 목표가 45,000원은 최근 6개월 전체 증권사 평균 목표가인 45,965원 대비 -2.1% 낮지만 전체 증권사 중 최저 목표가인 하이투자증권의 42,000원 보다는 7.1% 높다. 이는 이베스트투자증권이 타 증권사들보다 현대제철의 주가를 비교적 보수적으로 평가하고 있음을 의미한다. 참고로 최근 6개월 전체 증권사의 평균 목표가인 45,965원은 직전 6개월 평균 목표가였던 45,714원과 비슷한 수준이다. 이를 통해 현대제철의 향후 주가에 대한 증권사들의 전체적인 분석이 지난 반기와 크게 다르지 않음을 알 수 있다.  이 기사는 뉴스핌과 금융 AI 전문기업 씽크풀이 공동 개발한 기사 자동생성 알고리즘에 의해 실시간으로 작성된 것입니다.      ◆ 데이터에서 찾은 AI 속보  - 외국인.기관 순매매상위 - 신규종목과 연속종목(12월28일)  - [모멘텀특징주] 오늘 캡스톤파트너스(30.0%), 한화갤러리아(29.9%) 강세 이유는?  - [표]12월 28일 시간외 상승 종목 및 최근 동향  - [기관따라잡기]사모펀드, 코스닥 시장에서 펩트론 16.17억원 순매수  - [AI핫클립] 특파원속보, 중국경제, 글로벌경제 등     저작권자(c) 글로벌리더의 지름길 종합뉴스통신사 뉴스핌(Newspim), 무단 전재-재배포 금지"
165,3,"2024-01-02","08:32:01","[리포트 브리핑]삼성전자, '불리한 카운트에서의 전력투구' 목표가 95,000원 - 메리츠증권","[서울=뉴스핌] 로보뉴스 = 메리츠증권에서 02일 삼성전자(005930)에 대해 '불리한 카운트에서의 전력투구'라며 투자의견 'BUY'의 신규 리포트를 발행하였고, 목표가 95,000원을 내놓았다. 전일 종가 기준으로 볼 때, 이 종목의 주가는 목표가 대비 21.0%의 추가 상승여력이 있다는 해석이 가능하다.   ◆ 삼성전자 리포트 주요내용 메리츠증권에서 삼성전자(005930)에 대해 '4Q23 영업이익은 4.4조원으로전분기 2.4조원 대비 소폭 개선될 전망. 주로 DS 부문(반도체) 실적 개선에 기반하나, 플래그십 스마트폰 출하 감소로 MX 부문은 QoQ 감익 예상. 2023년 DRAM 경쟁사 대비 수익성과 선행기술 열위에 이어, 점유율 역전의 코앞에서 삼성전자의 대응전략은 '최대출하'. 4Q23 DRAM BG 27%, NAND 41%로 격차 확대에 집중. 메모리 감산 원복 진행하며, 2Q24부터 원가 효율화가 실적에 드러날 전망. 3개년 주주환원 이후 1월말에 발표될 신규 정책에 주목.'라고 분석했다.   ◆ 삼성전자 직전 목표가 대비 변동 - 목표가 상향조정, 94,000원 -> 95,000원(+1.1%) - 메리츠증권, 최근 1년 목표가 상승 메리츠증권 김선우 애널리스트가 이 종목에 대하여 제시한 목표가 95,000원은 2023년 11 월 08일 발행된 메리츠증권의 직전 목표가인 94,000원 대비 1.1% 증가한 가격이다. 최근 1년 동안 이 종목에 대해 메리츠증권이 제시한 목표가를 살펴보면, 23년 02월 01일 79,000원을 제시한 이후 상승하여 이번에 새로운 목표가인 95,000원을 제시하였다.   ◆ 삼성전자 목표가 컨센서스 비교 - 평균 목표가 91,680원, 메리츠증권 긍정적 평가 - 지난 6개월 대비 전체 컨센서스 낙관적 변화 - 목표가 상향조정 증권사 3개 오늘 메리츠증권에서 제시한 목표가 95,000원은 최근 6개월 전체 증권사 평균 목표가인 91,680원 대비 3.6% 높지만 전체 증권사 중 최고 목표가인 SK증권의 100,000원 보다는 -5.0% 낮다. 이는 메리츠증권이 타 증권사들보다 삼성전자의 주가를 비교적긍정적으로 평가하고 있음을 의미한다. 참고로 최근 6개월 전체 증권사의 평균 목표가인 91,680원은 직전 6개월 평균 목표가였던 84,955원 대비 7.9% 상승하였다. 이를 통해 삼성전자의 향후 주가에 대한 증권사들의 전체적인 분석이 낙관적임을 알 수 있다.  이 기사는 뉴스핌과 금융 AI 전문기업 씽크풀이 공동 개발한 기사 자동생성 알고리즘에 의해 실시간으로 작성된 것입니다.      ◆ 데이터에서 찾은 AI 속보  - 외국인.기관 순매매상위 - 신규종목과 연속종목(12월28일)  - [모멘텀특징주] 오늘 캡스톤파트너스(30.0%), 한화갤러리아(29.9%) 강세 이유는?  - [표]12월 28일 시간외 상승 종목 및 최근 동향  - [기관따라잡기]사모펀드, 코스닥 시장에서 펩트론 16.17억원 순매수  - [AI 추천 속보] 공매도급감, 사모펀드순매수종목, 신규시설투자 등     저작권자(c) 글로벌리더의 지름길 종합뉴스통신사 뉴스핌(Newspim), 무단 전재-재배포 금지"
165,4,"2024-01-02","08:32:01","[리포트 브리핑]POSCO홀딩스, '4Q23 컨센서스 하회, 2024년 성장통 예상' 목표가 600,000원 - 이베스트투자증권","[서울=뉴스핌] 로보뉴스 = 이베스트투자증권에서 02일 POSCO홀딩스(005490)에 대해 '4Q23 컨센서스 하회, 2024년 성장통 예상'이라며 투자의견 'BUY'의 신규 리포트를 발행하였고, 목표가 600,000원을 내놓았다. 전일 종가 기준으로 볼 때, 이 종목의 주가는 목표가 대비 20.1%의 추가 상승여력이 있다는 해석이 가능하다.   ◆ POSCO홀딩스 리포트 주요내용 이베스트투자증권에서 POSCO홀딩스(005490)에 대해 '4Q23 실적은 연결기준 매출액 19.3 조원(+0.3%YoY, +1.9%QoQ), 영업이익 9,561 억원(흑전 YoY, -20.1%QoQ, OPM 5.0%)으로 영업이익 컨센서스를 15% 하회할 것으로 전망. 2024년 연간 매출액 81.2조원(+4.3%YoY), 영업이익 4.5조원(+7.4% YoY, OPM 5.5%)를 전망. 2024년 실적의주요 관건은 높은 원료가의 전가 성공 여부가 될 것. 투자의견 Buy, 목표주가 600,000원으로 기존 목표주가 대비 18% 하향. 철강 시황 부진장기화를 고려하여 2024년 예상 이익 하향 조정 요인이 가장 크며, 리튬 가격 하락에 따라 리튬사업 가치는 9조원 → 8조원으로 조정. 2024년 동사 주가의 흐름은 글로벌 금리 인하 및 전기차 소비심리 회복에서 이어질 리튬 가격의 반등에 달릴 것으로 판단.'라고 분석했다.   ◆ POSCO홀딩스 직전 목표가 대비 변동 - 목표가 하향조정, 730,000원 -> 600,000원(-17.8%) - 이베스트투자증권, 최근 1년 목표가 상승 이베스트투자증권 안회수 애널리스트가 이 종목에 대하여 제시한 목표가 600,000원은 2023년 10월 25일 발행된 이베스트투자증권의 직전 목표가인 730,000원 대비 -17.8% 감소한 가격이다. 최근 1년 동안 이 종목에 대해 이베스트투자증권이 제시한 목표가를 살펴보면, 23년 01월 10일 390,000원을 제시한 이후 상승하여 23년 07월 25일 최고 목표가인 730,000원을 제시하였다. 이번 리포트에서는 최고 목표가보다는 다소 낮지만 처음 목표가보다는 상승한 가격인 600,000원을 제시하였다.   ◆ POSCO홀딩스 목표가 컨센서스 비교 - 평균 목표가 665,529원, 이베스트투자증권 보수적 평가 - 지난 6개월 대비 전체 컨센서스 낙관적 변화 오늘 이베스트투자증권에서 제시한 목표가 600,000원은 최근 6개월 전체 증권사 평균 목표가인 665,529원 대비 -9.8% 낮지만 전체 증권사 중 최저 목표가인 키움증권의 560,000원 보다는 7.1% 높다. 이는 이베스트투자증권이 타 증권사들보다 POSCO홀딩스의 주가를 비교적 보수적으로 평가하고 있음을 의미한다. 참고로 최근 6개월 전체 증권사의 평균 목표가인 665,529원은 직전 6개월 평균 목표가였던 459,375원 대비 44.9% 상승하였다. 이를 통해 POSCO홀딩스의 향후 주가에 대한 증권사들의 전체적인 분석이 낙관적임을 알 수 있다.  이 기사는 뉴스핌과 금융 AI 전문기업 씽크풀이 공동 개발한 기사 자동생성 알고리즘에 의해 실시간으로 작성된 것입니다.      ◆ 데이터에서 찾은 AI 속보  - 외국인.기관 순매매상위 - 신규종목과 연속종목(12월28일)  - [모멘텀특징주] 오늘 캡스톤파트너스(30.0%), 한화갤러리아(29.9%) 강세 이유는?  - [표]12월 28일 시간외 상승 종목 및 최근 동향  - [기관따라잡기]사모펀드, 코스닥 시장에서 펩트론 16.17억원 순매수  - [AI핫클립] 특파원속보, 중국경제, 글로벌경제 등     저작권자(c) 글로벌리더의 지름길 종합뉴스통신사 뉴스핌(Newspim), 무단 전재-재배포 금지"
165,5,"2024-01-02","08:32:01","[리포트 브리핑]SK하이닉스, '새로운 시작점' 목표가 173,000원 - 미래에셋증권","[서울=뉴스핌] 로보뉴스 = 미래에셋증권에서 02일 SK하이닉스(000660)에 대해 '새로운 시작점'이라며 투자의견 'BUY'의 신규 리포트를 발행하였고, 목표가 173,000원을 내놓았다. 전일 종가 기준으로 볼 때, 이 종목의 주가는 목표가 대비 22.3%의 추가 상승여력이 있다는 해석이 가능하다.   ◆ SK하이닉스 리포트 주요내용 미래에셋증권에서 SK하이닉스(000660)에 대해 '24F PC의 출하량은 YoY +3.6%, 스마트폰 YoY +3.0%, 서버 +2.1%를 전망. 24년 상반기 수요 회복에 비해 23년간 가동률 축소 등 공급 조절의 영향으로 메모리 가격은 빠르게 상승할 것으로 예상. 4Q23 영업적자 2,520억원(적자축소), 24년 영업이익 10.0조원(흑자전환)로 최근 시장기대치를 상회할 것으로 전망. 주요이익 성장 기여 요인은 Conventional DRAM의 회복으로 판단. P/B Band 역사적 상단 돌파 가능 판단. 투자의견 '매수'를 유지하며, 목표주가를 기존 150,000원에서 173,000원으로 15% 상향.'라고 분석했다.   ◆ SK하이닉스 직전 목표가 대비 변동 - 목표가 상향조정, 150,000원 -> 173,000원(+15.3%) - 미래에셋증권, 최근 1년 목표가 상승 미래에셋증권 김영건 애널리스트가 이 종목에 대하여 제시한 목표가 173,000원은 2023년 06월 12일 발행된 미래에셋증권의 직전 목표가인 150,000원 대비 15.3% 증가한 가격이다. 최근 1년 동안 이 종목에 대해 미래에셋증권이 제시한 목표가를 살펴보면, 23년 01월 26일 120,000원을 제시한 이후 상승하여 이번에 새로운 목표가인 173,000원을 제시하였다.   ◆ SK하이닉스 목표가 컨센서스 비교 - 평균 목표가 156,040원, 미래에셋증권 긍정적 평가 - 지난 6개월 대비 전체 컨센서스 낙관적 변화 - 목표가 상향조정 증권사 3개 오늘 미래에셋증권에서 제시한 목표가 173,000원은 최근 6개월 전체 증권사 평균 목표가인 156,040원 대비 10.9% 높지만 전체 증권사 중 최고 목표가인 메리츠증권의 185,000원 보다는 -6.5% 낮다. 이는 미래에셋증권이 타 증권사들보다 SK하이닉스의 주가를 비교적 긍정적으로 평가하고 있음을 의미한다. 참고로 최근 6개월 전체 증권사의 평균목표가인 156,040원은 직전 6개월 평균 목표가였던 129,652원 대비 20.4% 상승하였다. 이를 통해 SK하이닉스의 향후 주가에 대한 증권사들의전체적인 분석이 낙관적임을 알 수 있다.  이 기사는 뉴스핌과 금융 AI 전문기업 씽크풀이 공동 개발한 기사 자동생성 알고리즘에 의해 실시간으로 작성된 것입니다.      ◆ 데이터에서 찾은 AI 속보  - 외국인.기관 순매매상위 - 신규종목과 연속종목(12월28일)  - [모멘텀특징주] 오늘 캡스톤파트너스(30.0%), 한화갤러리아(29.9%) 강세 이유는?  - [표]12월28일 시간외 상승 종목 및 최근 동향  - [기관따라잡기]사모펀드, 코스닥 시장에서 펩트론 16.17억원 순매수  - [AI 추천 속보] 공매도급감, 사모펀드순매수종목, 신규시설투자 등     저작권자(c) 글로벌리더의 지름길 종합뉴스통신사 뉴스핌(Newspim), 무단 전재-재배포 금지"
165,6,"2024-01-02","08:32:01","[리포트 브리핑]SK하이닉스, '저점에서는 굳이 안판다' 목표가 185,000원 - 메리츠증권","[서울=뉴스핌] 로보뉴스 = 메리츠증권에서 02일 SK하이닉스(000660)에 대해 '저점에서는 굳이 안판다'라며 투자의견 'BUY'의 신규 리포트를발행하였고, 목표가 185,000원을 내놓았다. 전일 종가 기준으로 볼 때, 이 종목의 주가는 목표가 대비 30.7%의 추가 상승여력이 있다는 해석이 가능하다.   ◆ SK하이닉스 리포트 주요내용 메리츠증권에서 SK하이닉스(000660)에 대해 '4Q23 영업손실 2,420억원 예상. DRAM OPM 20%, NAND -51%(vs 전분기 9%, -85%). 표면적인 실적보다 긍정적인 내용에 주목. 4Q23 DRAM/NAND BG +1%/-3%로 전략적 출하 제한 실시. 판매자 우위시장의 이점을 적극 활용해, 높은 판가의 1H24 매출 극대화 추구. 중장기적으로 보다 긍정적. 골칫덩이 솔리다임은 단품과 웨이퍼 판매 비중 축소에서 오는 판가 급등 효과로 적자 감축 시작. 이에 기반해 동사의 4Q23 NAND 판가는 25% 상승(DRAM +17%)'라고 분석했다.   ◆ SK하이닉스 직전 목표가 대비 변동 - 목표가 상향조정, 167,000원 -> 185,000원(+10.8%) - 메리츠증권, 최근 1년 목표가 상승 메리츠증권 김선우 애널리스트가 이 종목에 대하여 제시한 목표가 185,000원은 2023년 11월 08일 발행된 메리츠증권의 직전 목표가인 167,000원 대비 10.8% 증가한 가격이다. 최근 1년 동안 이 종목에 대해 메리츠증권이 제시한 목표가를 살펴보면, 23년 04월 27일 119,000원을 제시한 이후 상승하여 이번에 새로운 목표가인 185,000원을 제시하였다.   ◆ SK하이닉스 목표가 컨센서스 비교 - 평균 목표가 156,040원, 메리츠증권 가장 긍정적 평가 - 지난 6개월 대비 전체 컨센서스 낙관적 변화 - 목표가 상향조정 증권사3개 오늘 메리츠증권에서 제시한 목표가 185,000원은 최근 6개월 전체 증권사 목표가 중에서 가장 높은 수준으로 전체 목표가 평균인156,040원 대비 18.6% 높으며, 메리츠증권을 제외한 증권사 중 최고 목표가인 유안타증권의 175,000원 보다도 5.7% 높다. 이는 메리츠증권이SK하이닉스의 향후 방향에 대해 긍정적으로 평가하고 있음을 의미한다. 참고로 최근 6개월 전체 증권사의 평균 목표가인 156,040원은 직전 6개월 평균 목표가였던 129,652원 대비 20.4% 상승하였다. 이를 통해 SK하이닉스의 향후 주가에 대한 증권사들의 전체적인 분석이 낙관적임을 알 수 있다.  이 기사는 뉴스핌과 금융 AI 전문기업 씽크풀이 공동 개발한 기사 자동생성 알고리즘에 의해 실시간으로 작성된 것입니다.      ◆ 데이터에서 찾은 AI 속보  - 외국인.기관 순매매상위 - 신규종목과 연속종목(12월28일)  - [모멘텀특징주] 오늘 캡스톤파트너스(30.0%), 한화갤러리아(29.9%) 강세이유는?  - [표]12월 28일 시간외 상승 종목및 최근 동향  - [기관따라잡기]사모펀드, 코스닥 시장에서 펩트론 16.17억원 순매수  - [AI 추천 속보] 공매도급감, 사모펀드순매수종목, 신규시설투자 등     저작권자(c) 글로벌리더의 지름길 종합뉴스통신사 뉴스핌(Newspim), 무단 전재-재배포 금지"
165,7,"2024-01-02","08:31:54","""모욕적""...프랑스 뉴스에 등장한 '불쾌한' 태극기","2024년 신년운세 토정비결 사주 확인!  [이데일리 박지혜 기자] 프랑스 국영방송 티에프원(TF1)의 뉴스전문 채널인 엘시아이(LCI)가 방송 화면에 태극문양이 잘못 새겨진 태극기를 띄워 빈축을 사고 있다.  LCI는 지난달 31일(현지시각) “‘언제든 전쟁 터질 수 있다’ 김정은과 북한의 위협이 우려된다”고 보도하며 태극기와 북한 인공기를 나란히 띄웠다.  김정은 북한 국무위원장의 노동당 전원회의 5일 차 회의 발언을 다루며 한반도 문제를 짚는 내용이었다.  이 가운데 남성 진행자 옆에 인공기와 함께 띄워진 태극기는태극문양이 아닌 빨간 원으로 채워져 있었다. 이러한 화면은 약 18초간 계속 노출됐고, 약 2분 뒤 또다시 등장했다.  해당 영상은 LCI 유튜브 채널과 엑스(X·옛 트위터) 계정에도 올라왔고, 하루가 지난 현재까지 12만 명이 시청했다.     사진=LCI 방송 캡처  이에 한국 누리꾼은 댓글로 “태극기 가운데 일본 국기를 연상시킬 수 있는 빨간 원이라니? 태극기의 하얀 바탕은 밝음과 순수, 전통적으로 평화를 사랑하는 한국 국민의 민족성을 의미하는 거다. 그 바탕에 한국을 침탈한 국가를 그려놓는다는 건무슨 의미일까?”라고 지적했다.  또 다른 누리꾼들도 “정말 불쾌하다. 우리나라의 역사를 안다면 이보다 모욕적인 ‘실수’는 없을거다”, “이 실수가 뭘 연상시키는지 알고 내보낸 건가? 태극기에 붉은 동그라미라니 말도 안 되게 끔찍하다”,   “프랑스 국기에 나치 문양을 합성한 느낌”이라고 댓글을 남겼다.  현지인으로 보이는 누리꾼들 역시 “얼마나 큰 실수를 한 건지 아는가?”, “외교적으로 무례하다”, “변명의 여지가 없다”고 비판했다.  지난 2022년에는 미국 NBC방송이 아베 신조 전 일본 총리의 피격 사망 소식을 전하면서 배경 화면에 태극기를 띄워 논란이 된 바 있다.  당시 NBC는 누리꾼들의 지적에 홈페이지와 유튜브 채널 등에 올라온 관련 영상을 수정했다.     ▶▶[무료공개]◀◀ 지금 ""1,000만원""만 있어도 당장 ""이것""부터 사라!! >>> (무료체험)  [AI분석] 이번주 급등주 찾기!! ""500만원으로 20억"" 버는 종목 공개!! ▶무료로 확인가능◀     ＜ⓒ종합 경제정보 미디어 이데일리 - 무단전재 & 재배포 금지＞    "
166,1,"2024-01-02","08:27:59","[단독]PF 위기에도 폐기물매립장에 1000억 몰렸다[fn마켓워치]","KES환경개발, 화성시에 日 743t 처리시설 조성..내년 10월 준공 시공·운영 도화엔지니어링..KB국민은행 주선   [파이낸셜뉴스] 폐기물매립장 PF(프로젝트 파이낸싱)에 1000억원이 넘는 자금이 몰렸다. 최근 PF 위기에도 우량 사업장에 대한 투자자들의 심리를 보여주는 셈이다. PF 시장에서 우량자산을 선호하는 양극화 현상이 심화된다는 말도 나온다.  2일 투자은행(IB) 업계에 따르면 KES환경개발(케이이에스환경개발, KES Landfill Service Co.,Ltd.)이 경기도 화성시 석포리 708-2번지 일원에 추진하는 폐기물 처리시설 관련 PF에 1050억원이 몰렸다. 금융주선은 KB국민은행이다. 프로젝트 주관(PM)은 상상인증권이 맡았다.  이 PF의 선순위 대출 규모는 750억원이다. 3곳의 금융기관이 참여했다. 후순위 대출은 300억원 규모로 1곳의 금융사가 참여했다. 시공사(EPC), 운영사(O&M)는 도화엔지니어링이 맡았다. 이 사업장은 2024년 10월에 준공될 예정이다.  이번 폐기물매립장은 사업장 배출시설계 폐기물을 처리한다. 유기성오니, 무기성오니, 폐고무류, 광재, 폐유리, 폐금속류, 폐토사, 폐내화물, 폐도자기, 폐석고 및 폐석회, 연소잔재물, 식물성잔재물, 탄화물, 분진, 폐촉매, 폐흡착제 및 폐흡수제, 폐합성고분자화합물, 폐주물사 및 기타 지정외 폐기물이 대상이다. 이는 '폐기물관리법' 제25조제2항 및같은법 시행규칙 제28조에 따른 것이다.  매립면적은 7만8120㎡다. 하루 약 743t을 매립한다. 매립용량은 1800만㎡다. 지하 25m, 지상 14.7m 총 39.7m로 매립한다. 매립 기간은 약 11년이다. 하루 200㎥ 규모 침출수를 처리할 수 있는 시설도 갖췄다.  앞서 KES환경개발은 2016년부터 화성시 석포리에 폐기물 매립장 설치를 추진해왔다. 주민과 환경단체 반대에 부딪혀 화성시 도시계획심의위원회에서 2021년 1월 27일 최종 부결됐다. 하지만 경기도 행정심판에서 화성시청이 패소하면서 사업이 속도를 내게 됐다.  KES환경개발 관계자는 ""사업자측은 인근 지역 주민들과의 상생을 통해 모범적인 사업장으로 추진할 수 있도록 최선을 다할 생각""이라며 ""믿고 맡겨달라""고말했다.  IB업계 관계자는 ""지구 온난화 대응 및 미세먼지 저감을 위해 소각을 통한 폐기물 처리가 어려워지면서 폐기물매립장에대한 투자가 떠오르고 있는 상황""이라며 ""주민 입장에선 불편하지만 꼭 필요한 시설인 만큼 안정적인 투자처로 보인다. 앞으로도지역 주민들과 협의를 통해 조성되는 폐기물매립장의 수가 늘어나야 하는 상황""이라고 말했다.    ggg@fnnews.com 강구귀 기자  [파이낸셜뉴스 주요뉴스]  → 100억대 위약금에 유서 쓴 이선균, 아내 전혜진에 남긴 말은... → ""혼전순결 강조하며 성관계 안한 남편, 알고 보니..."" 반전 사연 → 정대세의 폭탄 고백 ""아내와결혼 10년 만에 이혼을..."" → 10살 연하와 결혼한 女배우 고백 ""남편이 계좌번호를..."" → 전남 광양 앞바다서 40대男 숨진 채 발견, 시신 살펴보니 → 빨간 나라로 가는 노란 티켓 [파인애플]  ▶▶[무료공개]◀◀ 지금 ""1,000만원""만 있어도 당장 ""이것""부터 사라!! >>> (무료 체험)    ※ 저작권자 ⓒ 파이낸셜뉴스. 무단 전재-재배포 금지 "
166,2,"2024-01-02","08:27:58","아빠차로 무면허 운전 초·중학생 2명, 20㎞ 몰며 '라방'까지","- 경찰, 무면허운전 혐의 2명 불구속입건 - 초등생 아버지 차량 번갈아 몰며 생중계    2024년 신년운세 토정비결 사주 확인!  [인천=이데일리 이종일 기자] 인천의 한 도로에서 무면허로 운전하면서 인터넷 방송을 한 초등학생과 중학생 등 2명이 경찰에 붙잡혔다.  인천연수경찰서는 도로교통법상 무면허 운전 혐의로 중학교 2학년 A군(15)과 초등학교 6학년 B군(12)을 불구속입건했다고 2일 밝혔다.  A·B군은 지난 1일 오후 10시께 인천 연수구 송도 한 도로에서 B군의 아버지 차량인 그랜저를 무면허로 번갈아가며 20㎞가량 운전한 혐의를 받고 있다.  당시 이들은 운전하는 모습을 휴대전화 카메라로 찍으며 사회관계망서비스(SNS) 생방송을 했다. SNS 방송을 본 누리꾼이 112에 신고해 경찰 수사가 이뤄졌다.   A·B군은 SNS를 통해 알게 된 사이이고 B군이 아버지 차의 열쇠를 갖고 나와 범행을 하자고 A군에게 연락한 것으로 조사됐다.   경찰 관계자는 “B군이 촉법소년이고 나이가 어린 만큼 부모를 소환해 조사할 예정이다”고 말했다.            ▶▶[무료공개]◀◀ 지금 ""1,000만원""만 있어도 당장 ""이것""부터 사라!! >>> (무료체험)  [AI분석] 이번주 급등주 찾기!! ""500만원으로 20억"" 버는 종목 공개!! ▶무료로 확인가능◀     ＜ⓒ종합 경제정보 미디어 이데일리 - 무단전재 & 재배포 금지＞    "
166,3,"2024-01-02","08:27:53","서유석 금투협회장 “BDC 도입·디딤펀드 출시 등 투자문화 자리매김 노력”[신년사]","서유석 금융투자협회장은 올해 기업성장투자기구(BDC), 금융투자회사 법인지급결제 도입을 지속해서 추진하는 한편, 자산배분형 연금펀드를 업계공동브랜드 ‘디딤펀드’로 출시하는 등 금융투자를 통한 자산관리가 국민 투자문화로 자리매김할 수 있도록 노력하겠다고 밝혔다.  서 금투협회장은 2일 신년사를 통해 “지난 한 해는 우리 자본시장과 금융투자산업에 있어서 그 어느 때보다 어려운 한 해였다”면서도 “그럼에도 정부와 금융투자업계는 힘을 합쳐 의미 있는 진전도 이뤄냈다. 종합금융투자사업자 대고객 일반환전 허용·해외현지법인 순자본비율(NCR) 위험값 합리화·외국인 투자등록제도 폐지 등과 세법개정안 반영을 이끌어 냈고, 프로젝트 파이낸싱 자산유동화기업어음(PF-ABCP) 매입 프로그램운영 지원, 차액거래결제(CFD) 규제 보완 등 자본시장 안정화를 위해서도 노력했다”고 말했다.  그는 “올해도 우리 금융투자업계를 둘러싼 대내외 환경은 녹록지 않다”며 “우리 협회는 회원사와 함께 위기는 최소화하며 기회는 확실하게 잡을 수 있도록 모든 역량과 자원을 다해 앞장서 뛰어야 한다”고 강조했다.  그러면서 △해외진출 관련 제약요인 발굴 및 해소 △법인지급결제 도입 △BDC 신속 도입 △대체거래소(ATS) 안착 지원 △토큰증권 법제화 △디지털자산 관련 금융투자상품 출시 지원 △상장기업 배당성향 제고 및 자사주 매입소각유도 △간접투자 세제 혜택 확대 등 정책 발굴 및 제안 △자본시장 규제 합리화 지원 △자산배분형 연금펀드 ‘디딤펀드’ 업계 공동 출시 △퇴직연금 실물이전 등 인프라 구축 지원 △청년층 연금자산 형성지원 목적 세제혜택 확대 △주니어 개인종합자산관리계좌(ISA) 제도 도입 △공모펀드 수익권 차등화 △경영 참여 목적 펀드 활성화 △연기금 위탁운용 시 국내 금융투자회사 참여 확대 지원 △부동산 PF 정상화 지원 △주가연계증권(ELS) 모니터링 강화 △표준내부통제기준 개정 △금융투자회사 내부통제 역량 강화 지원 △생애주기별 맞춤형 투자자 교육 강화등을 추진하겠다고 밝혔다.  끝으로, 서 금투협회장은 “우리 금융투자업계 위상에 맞는 노력의 일환으로 우리 협회는 올해 금융투자업계 사회공헌 확대를 위한 방안도 회원사와 함께 협의해 추진하도록 하겠다”며 “용의 해 갑진년을 맞이해 우리 자본시장과 금투업계가 다시 한번 힘차게 도약하는 한 해가 되기를 희망한다”고 전했다.  박민규 기자(pmk8989@etoday.co.kr)  [오늘의 핫클릭]  ●‘통신 장애’ 취소 부산 광안리 드론쇼...1일 오후에야 진행 ●[내일날씨] 2일 전국 곳곳 눈?비...아침 최저기온 -2∼5도  ●투자에 강한 경제신문 '이투데이' 증권 뉴스 ●경영정보를 전달드리는 유료 뉴스 서비스 Channel 5  ●수익률 미쳤다. 따블계좌 속출! 1억이 절실한 분은 입장!! ●[실시간] 오늘의 주요 종목 뉴스 확인하기 ●[실시간] 오늘의 특징주 살펴보기        이투데이(www.etoday.co.kr), 무단전재 및 수집, 재배포금지  프리미엄 경제신문 이투데이  "
166,4,"2024-01-02","08:27:24","롯데면세점, LDF 마일리지 적립제도 도입…충성고객 확보 박차","롯데면세점, LDF 마일리지 적립제도 도입…충성고객 확보 박차       (서울=연합뉴스) 이신영 기자 = 롯데면세점은 갑진년 새해를 맞아 충성 고객 확보를 위해 'LDF 마일리지' 제도를 도입한다고 2일 밝혔다.      LDF 마일리지는 구매 금액에 따라 마일리지를 적립하고, 적립한 마일리지에 따라 사은품을 제공하는 서비스다.      인도 완료를 기준으로 결제 금액 1달러당 1마일리지씩 적립되고, LDF 페이나 적립금, 상품권 사용 금액은 적립에서 제외된다.      1만 마일리지부터, 5만 마일리지, 10만 마일리지, 20만 마일리지까지 단계별로 점수에 도달하면 여행 테마 사은품이나 시그니엘 호텔 숙박권, 여행상품권 등을 사은품으로 받을 수 있다.      특히, 4단계를 달성하면 인도장에서 기다리지 않고 물건을 바로 받을 수 있는 서비스와 스타라운지 이용 혜택을 평생 제공한다.      롯데면세점은 또 최상위 등급 회원에게 증정해오던 사은품을 기존 LDF 페이에서 여행 상품권, 롯데월드 어드벤처 이용권 등으로 다양화해 선택할 수 있도록 했다.      새해를 맞아 할인 행사도 준비했다.      3월 3일까지 구매 금액에 따라 현금처럼 사용할 수 있는 LDF 페이를 증정하고 서울 시내점에서 1천달러 이상 구매한 수도권 이외 지역 거주 고객에게는 LDF 페이를 추가로 준다.       이달 말까지는 시내점에서 150달러 이상을 구매하고 소원 카드를 작성한 고객에게 추첨을 통해 순금 청룡 코인을 증정한다.      김주남 롯데면세점 대표이사는 ""2024년에도 고객에게 더 나은 혜택과 서비스를 제공하기 위해 다채로운 마케팅 활동을 펼쳐나갈 것""이라고 말했다.      eshiny@yna.co.kr  (끝)     <저작권자(c) 연합뉴스, 무단 전재-재배포 금지>"
166,5,"2024-01-02","08:27:23","미군, 홍해서 예멘 후티 반군과 첫 교전…""선박 3척 침몰·10명 사망""","[서울=뉴스핌] 최원진 기자= 미군이 홍해를 지나는 민간 선박을 공격한 예멘 후티 반군과 지난 12월 31일(현지시간) 처음 교전을 벌였다.  미국 중부사령부는 홍해에서 이날 오전 6시 30분(한국시간 31일 낮 12시 30분)께 홍해를 지나던 싱가포르 선적의 덴마크 소유 ' 머스크 항저우'호로부터 후티 반군의 선박 4척으로부터 공격받고 있다는 긴급 구호 요청을 받았다.   지난해 11월 홍해에서 화물선 갤러시 리더호를 나포하기 위해 위협 비행하는 후티 반군의 헬기. [사진=로이터 뉴스핌]  이들 반군 선박은 머스크 항저우호에 20m 가까이 접근, 소형 화기를 쏘며 위협했고 승선도 시도했다. 머스크 항저우호의 보안팀이 공격에 응사하는 상황이었다.  이에 미 해군은 항공모함 USS 아이젠하워호와 구축함 USS 그래블리호에 있던 헬기를 출격, 후티 반군 선박들에 머스크 항저우호에 접근하지 말 것을 경고했다. 하지만 후티 반군 선박들이 헬리콥터를 공격하기 시작했고 이에 미군은 자기방어를 위해 응사했다. 이 과정에서 후티 반군 선박 4척 중 3척을 침몰시켰고 한 척은 도주했다.  로이터 통신에 따르면 후티 측은 미군의 공격으로 후티 반군 병력 10명이 ""숨졌거나 실종됐다""고 알렸다.  홍해에서 미군과 예멘 후티 반군이 교전한 것은 이번이 처음이다. 이스라엘과 전쟁 중인 팔레스타인 무장정파 하마스와 마찬가지로 이란 정부의 지원을 받는 예멘 후티 반군은 지난해 11월부터 홍해를 이동하는 이스라엘 관련 민간 선박들을 공격해 왔다.  미국은 아시아와 유럽을 잇는 최단 거리 항로인 홍해-수에즈운하-지중해 노선 수호를 위해 다국적 함대를 구성, 홍해와 아덴만에 출격해 있다.  이번 다국적 안보구상 '번영의 수호자 작전'(Operation Prosperity Guardian, OPG)에 참여한 국가는 일부 북대서양조약기구(NATO) 동맹을 포함해 여럿 있지만 홍해에 군함을 파견한 미국 외 국가는 영국뿐이다. 덴마크는 이달 중으로 소형 구축함을 파견할 계획이다.  이란 반관영 타스님 통신은 이란의 알보르즈 전함이 홍해에 진입했다고 1일 보도했다. 통신은 알보르즈 전함의 홍해 진입 시점이나 구체적인 작전 내용은 공개하지 않았다.     wonjc6@newspim.com              저작권자(c) 글로벌리더의 지름길 종합뉴스통신사 뉴스핌(Newspim), 무단 전재-재배포 금지"
166,6,"2024-01-02","08:27:16","경북도 2024년 새해 화두 '우리가 만드는 기회, 새로운 경북시대'","[안동=뉴스핌] 남효선 기자 = 경북도가 2024년 새해 화두로 '우리가 만드는 기회! 새로운 경북시대'를 제시했다.  경북도는 2일 ""인구감소와 지방소멸을 극복하고 새로운 대한민국을 열기 위해서는 중앙정부에 의존하는 지방자치를 극복하고, 지방정부가 주인이 되어 스스로기회를 창출하고 성취하여 경북을 새롭게 하자는 의지""라고 새해 화두 선정 배경을 설명했다.   이철우 경북도지사[사진=경북도] 2024.01.02 nulcheon@newspim.com  경북도는 지난 2022년부터 매년 사자성어 대신 우리말로 된 새해 화두를 발표하고 있다. 2022년은 '호랑이 기상으로 당당한 경상북도'를, 지난해는 '경북이 주도하는 확실한 지방시대'가 화두였다.  이철우 지사는 2024년 신년사를 통해 ""지방이 고르게 발전하면서 대한민국 발전을 견인하는 길은 중앙정부에 의존하는 지방자치의 헌 옷을 벗고 지방정부가 주인이 되어 스스로 기회를 창출하고 성취하는 길밖에 없다""면서 ""지방이 고르게 발전하고 사람이 지방으로 내려와야 소득과 자산수준 같은 수치화되고 서열화된 행복이 아닌 다양한 가치가 존중받는 선진국형 행복시대로 갈 수 있다""고 강조했다.  nulcheon@newspim.com              저작권자(c) 글로벌리더의 지름길 종합뉴스통신사 뉴스핌(Newspim), 무단 전재-재배포 금지"
166,7,"2024-01-02","08:26:52","허연수, '고객·유통·경영·문화' 4대 혁신 주문…“100년 기업 준비”","허연수 GS리테일 대표이사(부회장)은 2일 신년사를 통해 “도전과 응전의 경험을 발판 삼아 유통 100년 기업으로 성장하자”고 주문했다.   GS리테일은 올해 유통업 50주년을 맞았다. 1974년 을지로에 슈퍼마켓을 오픈하며 유통업에 진출, 1990년 국내 토종 브랜드 편의점 GS25를오픈하고 1994년 국내 최초 TV홈쇼핑 GS샵을 선보이며 온·오프라인을 아우르는 종합 유통 기업으로 성장해 왔다.    허 대표는 “50년간 주력 사업에서 우위를 지켜왔지만, 올해는 업종 내 경쟁 심화, 고금리와 고물가로 인한 소비심리 위축, 이커머스 영향력 확대 등 그 어느 해보다 도전적인 경영 환경을 마주하고 있다”고 말했다.   허 대표는 고객, 유통, 경영, 문화 등 4대 관점에서 사업구조 혁신이 필요한 시점이라고 강조했다. 고객 중심 사업 구조 혁신, 차별화된히트 상품 개발, DX 기반 성과 창출, GS 웨이(GS Way) 조직문화 실천이 주요 골자다.   그는 조직의 최우선 가치로 ‘고객’을 꼽았다. 1~2인 가구 증가로 장보기 수요가 마트에서 편의점과 슈퍼마켓으로 이동하고, 미디어 무게중심이 TV에서 모바일로 급격하게 변하는 등 고객 변화에 중심을 두고 사업구조를 혁신해야 확고한 격차를 만들 수 있다고 강조했다.   유통의 본질인 ‘상품’은 차별화된 히트 상품으로 압도적인 경쟁력을 확보해야 한다고 언급했다. 경영 측면에서는 ‘디지털 전환(DX, Digital Transformation)’ 노력을 실질적 성과로 연결해야 한다고 말했다. 조직문화는 GS리테일이 지난 21년 고유의 일하는 방식과 마인드를 8 가지 GS 웨이(GS Way)로 정리한 후 3년간 내재화에 힘써 온 만큼 적극적인 실천의 필요성을 주문했다.   허연수 대표는 “지난해는 기존 사업의 경쟁력을 강화하는 한편, 부진 사업은 과감히 정리하고 수익성 위주로 사업을 재편해, 한 단계 더도약할 수 있는 발판을 마련했다”면서 “어려움 앞에서 멈추거나 위축되기보다 100년 기업으로 성장하기 위해 도전을 멈추지 말자”라고 당부했다.     ● 주식으로 돈 벌까? 오늘의 운세로 확인  ● 국내 최저 신차 장기렌트 견적 문의 IWS오토  ● 급등임박 추천주를매일 알려주는 곳이 있다고? [카톡방 입장]     이민지 기자 ming@asiae.co.kr   <ⓒ투자가를 위한 경제콘텐츠 플랫폼, 아시아경제(www.asiae.co.kr) 무단전재 배포금지>"
167,1,"2024-01-02","08:22:06","[은행] 내년 은행 업계 예금금리 인하 추세 이어질 듯","하이퉁국제증권은 12월 대출우대금리(LPR)가 동결됐지만 은행 업계의 예금금리는 지속적인 추가 하락할 수 있다고 예상했다.   중국 인민은행이 고시한 12월 1년물 LPR은 3.45%, 5년물 LPR은 4.2%였다. 이는 전월치를 동결한 수준인데, 올해 들어 대량의 중기유동성지원창구(MLF) 운용을 통해 시중에 충분한 유동성을 공급했다고 판단되기에 LPR까지 인하해야 할 필요성이 적어 LPR을 동결했다는 평가가 지배적인 시각이다.   또한 중국 중앙정부의 주요 회의를 통해 내년에도 통화정책 완화 기조를 이어갈 것이라 밝혔 상황이기에 12월 LPR 동결에 따른 시장 유동성환경이나 경제 전망에 대한 영향은 미미했다.   특히 당국은 경기 회복을 위해 '저금리 정책 기조'를 유지할 것이라 강조했다. 이는 대출, 예금금리 모두를 낮은 수준으로 운용해 은행 업계의 예금·대출 금리차를 안정적인 수준으로 유지하고 시중에 더 많은 저금리 대출을 제공할 수 있도록 할 방침으로 풀이된다.  이에 따라 앞으로 은행 업계에서는 대출, 예금금리 모두를 약간 조정할 가능성이 거론되는데, 지난 22일 중국 주요 국영은행이 예금금리를 인한 바 있어 은행 업계 내 예금금리가 우선적으로 인하될 전망이다.   지난 3분기 기준 중국 은행 업계의 평균 예금·대출 금리차는 1.73%까지 하락했고 은행 업계의 불량대출률은 1.61%에 달했다. 이는 곧은행 업계에서 대출금리를 낮게 유지하면서 금리차 축소에 따른 자산 질 악화 우려가 형성된 것으로 해석되며 이를 해소하기 위해 예금금리를 더 낮출 가능성이 높다.   따라서 내년에도 중국 은행 업계에서는 예금금리를 추가 인하하며 은행 업계의 자산 구조 안정화를 시도할 것으로 예상되는 만큼 예금·대출 금리차 안정화 분위기 속 은행 업계의 수익성도 점차 회복할 것으로 기대된다.   은행 추천주: 항저우은행(600926.SH), 초상은행(600036.SH), 장쑤은행(600919.SH) 등   searchmchina@searchmchina.com"
167,2,"2024-01-02","08:21:49","대동, 온디바이스 AI 관련주로 재평가…실적 성장 기대-유안타","[서울=뉴스핌] 아이뉴스24 = 유안타증권은 2일 대동이 온디바이스 인공지능(AI) 관련주로 재평가될 필요가 있다고 분석했다. 목표주가는 2만3500원, 투자의견 '매수'를 유지했다.     [서울=뉴스핌] 아이뉴스24 = 대동 CI. [사진=대동] npinfo22@newspim.com   손현정 유안타증권 연구원은 ""대동이 작년 북미 시장에서 기존 주력제품 중소형 트랙터 지배력을 강화하면서도, 중대형 제품군 판매를 늘리며 성장했다""며 ""작년 3분기 누적 북미 중대형 트랙터 수출은 전년 대비 58.9%로 394억원을 기록하며 급증했다""고 설명했다.  이어 ""북미 시장의 안정적인 점유율 확보에 힘입어 유럽 시장 확대도 나서는 중""이라며 ""작년 3분기 누적 유럽 매출액은 전년 대비 38.1% 오른 627억원을 기록했다""고 말했다.  그러면서 ""유럽은 중대형 트랙터 비중이 72%인 시장""이라며 ""중대형 트랙터로의 중심축 변화는 평균판매단가(ASP) 상향과 더불어 매출·수익성으로 이어질 전망이다. 작년 12월에공시한 튀르키예 3500억원 규모 트랙터 공급계약은 유럽 매출의 외형성장을 견인할 것""이라고 예상했다.  손 연구원은 자율주행·작업·정밀농업 기술 개발에 따른 온디바이스 인공지능(AI) 관련주로 재평가될 필요가 있다고 판단했다.  그는 ""2020년 인텔과 엣지 컴퓨팅 기반 정밀농업 기술과 자율주행 제품 개발을 위한 업무협약을 체결했다""며 ""작년 10월 자율주행 3단계 자율주행 트랙터를 출시했다. 현재 4단계 완전자율주행 트랙터에 적용될 클라우드AI·엣지 컴퓨팅 기술 개발이 진행 중""이라고 전했다.  더불어 ""작년 12월 포스코와 특수환경임무수행 로봇 공급계약을 체결하며 로봇 사업 성장성을 확인했다""며 ""2024년부터 특수환경 임무수행 로봇과 로봇모어 출시를 기대한다""고 말했다.  손 연구원은 대동의 올해 목표 예상 매출액을 전년 대비 20.6% 성장한 1조7733억원, 영업이익은 전년 대비 34% 오른 1288억원을달성할 것으로 전망했다.  그는 ""공격적인 북미 중대형 트랙터 판매 증가와 유럽 지역 매출 확대 등에 힘입어 실적 성장을 기대한다""며""2024년에는 로봇주로서 본격적인 주가 리레이팅이 작용할 것""이라고 내다봤다.  이 기사는 아이뉴스24가 제공하는 기사입니다              저작권자(c) 글로벌리더의 지름길종합뉴스통신사 뉴스핌(Newspim), 무단 전재-재배포 금지"
167,3,"2024-01-02","08:21:46","복숭아밭 멧돼지 습격…60대 남성 병원 이송, 멧돼지 사살","[머니투데이 김미루 기자] 세종시 한 복숭아밭에서 60대 남성이 멧돼지에게 습격당해 부상을 입었다.   2일 뉴시스에 따르면 세종소방본부는 전날 오전 9시30분쯤 세종시 전동면 청람리의 한 복숭아밭에서 60대 남성 A씨가 멧돼지에게 공격당했다는 신고를 접수했다.   당시 A씨는 일하던 중 멧돼지에게 들이받힌 뒤 크게 다쳐 인근 병원으로 이송됐다.   이후 멧돼지는 습격 4시간 만인 오후 1시30분쯤 약 500m 떨어진 곳에서 사살됐다.   세종시는 인근 주민들에게 야외활동 자제 등 안전 주의 문자 메시지를 발송했다.     [관련기사] ☞ '재혼' 임형준 ""전처 소생 子, 결혼식 초대 고민""…죄책감에 눈물 ☞ ""나도 죽었어야 했나""…16기 상철, '故이선균 추모' 영숙 저격 ☞ 출산한 아기 피부색에 당황…美난임병원 실수에 두 가정 '날벼락' ☞ 박민영 전 남친 논란에... ""내내 후회, 정신과 검사서 위험신호"" ☞ 故이선균 협박녀 얼굴 공개됐다…""95년생 미혼모"" 신상공개한 유튜버   김미루 기자 miroo@mt.co.kr     키워드림론 최대 4배 주식자금 & 고금리 대환상품 한도 오픈! (1644-6960)   [무료운세] 믿어야 돼 말아야 돼? 종목매수전에 믿고보는 '오늘의 운세'        [파워 인터뷰]       매수전에 점 부터 보고 가실께요 -> 오늘의 운세 [복채무료]      ⓒ 머니투데이 & mt.co.kr, 무단 전재 및 재배포 금지"
167,4,"2024-01-02","08:21:42","함영주 하나금융 회장 “신뢰받는 동반자로 거듭날 것”","함영주 하나금융지주 회장이 신년사에서 “손님, 직원, 주주 등 모든 이해관계자가 상생하고 우리 사회 신뢰받는 동반자로 거듭나도록 새롭게 변화해야 한다”고 2일 밝혔다.   함 회장은 올해 실리콘밸리은행·크레디트스위스 파산과 세계에서 가장 큰 나무 ‘레드우드’를 예로 들며 “오랜 시간 걸리더라도 차근차근 내실을 다 지는 게 무엇보다 중요하다”고 했다. 그러면서 급변하는 환경과 수많은 경쟁자가 있기 때문에 협업은 선택이 아닌 필수임을 강조했다.  이어 “지난 3월 금리 및 수수료 체계 산정방식 재검토를 통해 손님의 어려움에 공감하고 모든 이해관계자들에게 우리의 진심이 잘 전달될 수 있는 시스템을 구축해야 한다”며 “가입자 수 300만명을 넘어선 ‘트래블 로그’처럼 ‘손님의 기쁨 그 하나를 위하는’ 우리의 진심이 바탕이 돼야 한다”고 밝혔다.   마지막으로 “헌신적으로 밑거름이 되어온 선배님들의 소중한 유산을 물려받아 그 가치를 잘 가꾸고 더 키워서 후배들에게 성공적으로 계승시켜야 한다는 소명이 있다”며 “모두에게 진심을 다하고 다같이 나누고 희망을 더하며 함께하는 착한 금융을 통해 슬기롭게 극복해 그룹의 새로운 백년을 위한 토대를 만들어 보자”고 말했다.     ● 주식으로 돈 벌까? 오늘의 운세로 확인  ● 국내 최저 신차 장기렌트 견적 문의 IWS오토  ● 급등임박 추천주를매일 알려주는 곳이 있다고? [카톡방 입장]  [관련기사]  ☞ ""1억원짜리 백화점 VIP주차권 80만원에"" 이맘때 '당근' 단골손님 [럭셔리 월드]  ☞ 기모노 사진 공개 '얼짱공주'…日 국민이 걱정하는 이유?  ☞ ""무거워 못 치워"" 적반하장 민폐녀…짐은 좌석에, 사람은 계단에 앉았다  ☞ ""1억원짜리 백화점 VIP주차권 80만원에"" 이맘때 '당근' 단골손님 [럭셔리 월드]  ☞ 투자 성공의 핵심은 기업분석! 'CORE' 바로가기      오규민 기자 moh011@asiae.co.kr   <ⓒ투자가를 위한 경제콘텐츠 플랫폼, 아시아경제(www.asiae.co.kr) 무단전재 배포금지>"
167,5,"2024-01-02","08:21:39","[인사] 한국금융연구원","[인사] 한국금융연구원       ◇연구위원 승진      ▲권흥진 부연구위원      (서울=연합인포맥스)"
167,6,"2024-01-02","08:21:14","김정은, 딸 주애에 '볼 뽀뽀'…부인 리설주는 거리 두고 선 채 박수","[머니투데이 양성희 기자]   김정은 북한 국무위원장이 공개석상에서 딸 주애에게 볼뽀뽀하며 애정을 과시했다. 딸을 공개한 후 공개석상에 함께 모습을 보이곤 했는데 애정표현을 한 건 처음이다.   2일 뉴시스에 따르면 노동신문은 전날 김 위원장의 이러한 모습을 공개했다. 지난달 31일 평양 5월1일경기장에서 '2024년 신년경축 대공연'이 열린 자리였다.   김 위원장은 딸 주애를 오른편에 두고 팔짱을 낀채 입장했다. 아내 리설주는 부녀와 약간의 거리를 두고 딸 주애의 옆에 섰다.   신문은 ""김정은 동지께서 존경하는 자제분과 녀사와 함께 관람석에 나오시자 장내는 격정의 도가니로 화하였다""고 보도했다.   김 위원장은 축하연설에서 ""이 한해를 억척스럽게 싸워 우리는 그처럼 고대하고 반드시 얻고자 했던 성과를 전취했다""며 ""혁명의 전진도상에서 새로운 변환적 국면을 여는 의의 깊은 사변으로 가득채웠다""고 말했다.      [관련기사] ☞ '재혼' 임형준 ""전처 소생 子, 결혼식 초대 고민""…죄책감에 눈물 ☞ 처가 간다더니…게임하던 남자와 바람난 아내, 들키자 '황당 요구' ☞ ""나도 죽었어야 했나""…16기상철, '故이선균 추모' 영숙 저격 ☞ 박민영 전 남친 논란에... ""내내 후회, 정신과 검사서 위험신호"" ☞ 故이선균 협박녀 얼굴 공개됐다…""95년생 미혼모"" 신상공개한 유튜버   양성희 기자 yang@mt.co.kr     키워드림론 최대 4배 주식자금 & 고금리 대환상품 한도 오픈! (1644-6960)   [무료운세] 믿어야 돼 말아야 돼? 종목매수전에 믿고보는 '오늘의 운세'        [파워 인터뷰]       매수전에 점 부터 보고 가실께요 -> 오늘의 운세 [복채무료]      ⓒ 머니투데이 & mt.co.kr, 무단 전재 및 재배포 금지"
167,7,"2024-01-02","08:21:08","“레이크머티리얼즈, 본업과 신사업 동반 성장 주목…커버리지 개시”","한화투자증권은 2일 레이크머티리얼즈에 대해 ‘본업과 신사업의 동반 성장이 주목된다’며 ‘매수’를 추천했다. 목표주가는 2만4000원으로 커버리지를개시했다.  김광진 한화투자증권 연구원은 “전고체 배터리용 황화리튬 사업 본격화에 따라 목표주가 산정 방식을 기존 주가수익비율(P/E) 벨류에이션에서 SOTP(사업별 평가가치 합산) 방식으로 변경했다”며 “적정 기업 가치를 1조5600억 원으로 산정한다”고 전했다.  이어 “전방시장의 성장 잠재력을 고려할 때 매우 보수적인 가치 산정”이라며 “현 주가는 동사의 기존 사업가치만을 반영하고 있는 수준”이라고 덧붙였다.  한화투자증권은 올해 레이크머티리얼즈가 반도체를 필두로 전 부문이 성장할 것으로 내다봤다.  김연구원은 “가장 큰 비중을 차지하는 반도체 부문 실적은 매출액 895억 원으로 전년 동기 대비 45% 증가가 예상된다”며 “이는 고객사 가동률 정상화, High-K 전구체 용량 증가에서 기인한다. 특히 High-K 전구체는 SK하이닉스의 1a, 1b 비중 확대에 따라 구조적인 수요 증가가 예상된다”고 내다봤다.  이어 “태양광과 석유화학 부문도 고성장이 전망된다”며 “태양광은 중국 시장에서의 PERC셀 수요 성장에 따른 유기금속화합물(TMA) 공급 부족 지속 영향, 석유화학은 메탈로센 촉매군 본계약 체결에 따른 양산 물량 공급 증가에 기인한다”고 덧붙였다.  그러면서 “전고체 배터리용 황화리튬 사업 가치를 반영할 시기”라며 “레이크머티리얼즈는 자회사 레이크테크놀로지를 통해 전고체 배터리용 황화리튬 사업을 준비 중이다. 황화리튬 사업에서 본격적인 매출이 발생하는 첫 해가 되면서 내년부터 가동률 상승에 따라 매출 성장 본격화가 전망된다”고 강조했다.  정성욱 기자(sajikoku@etoday.co.kr)  [종목기사] ● 레이크머티리얼즈, 中 태양광 투자 2배 증가에 TMA 풀캐파…추가 양산 준비 착수  [오늘의 핫클릭]  ●‘통신 장애’ 취소 부산 광안리 드론쇼...1일 오후에야 진행 ●[내일날씨] 2일 전국 곳곳 눈?비...아침 최저기온 -2∼5도  ●투자에 강한 경제신문 '이투데이' 증권 뉴스 ●경영정보를 전달드리는 유료 뉴스 서비스 Channel 5  ●수익률 미쳤다. 따블계좌 속출! 1억이 절실한 분은 입장!! ●[실시간] 오늘의 주요 종목 뉴스 확인하기 ●[실시간] 오늘의 특징주 살펴보기        이투데이(www.etoday.co.kr), 무단전재 및 수집, 재배포금지  프리미엄 경제신문 이투데이  "
168,1,"2024-01-02","08:16:50","`차 문 두드리더니 갑자기`…흉기 휘두른 40대 미국인 체포","- 마포구 골목서 20대 남성 향해 흉기 난동 - 가해자는 미국 국적 남성…피해자 인근 병원으로 이송    2024년 신년운세 토정비결 사주 확인!  [이데일리 황병서 기자] 서울 마포구에서 흉기를 휘두른 미국 국적의 40대 남성이 경찰에 붙잡혔다.     (자료=이데일리DB)  2일 서울 마포경찰서는 전날 오후 7시 22분께 마포구 서교동 한 골목에서 20대 남성에게 칼을 휘두른 혐의로 40대 남성 A씨를 긴급체포해 조사하고 있다고 밝혔다.  A씨는 피해자가 탑승한 승용차에 접근해 노크한 뒤 피해자가 문을 열자 흉기를 휘두른 것으로 전해졌다.  피해자는 이를 손으로 막다 다쳐 인근 병원으로 이송됐다.  경찰 관계자는 “A씨를 상대로 사건 경위와 범행 동기 등을 조사하고 있다”고 밝혔다.     ▶▶[무료공개]◀◀ 지금 ""1,000만원""만있어도 당장 ""이것""부터 사라!! >>> (무료체험)  [AI분석] 이번주 급등주 찾기!! ""500만원으로 20억"" 버는 종목 공개!! ▶무료로 확인가능◀     ＜ⓒ종합 경제정보 미디어 이데일리 - 무단전재 & 재배포 금지＞    "
168,2,"2024-01-02","08:16:26","키움證 “폴더블 스마트폰 전망 밝지 않다… KH바텍, 목표가 하향”","키움증권은 2일 KH바텍이 최근 국내 폴더블 스마트폰 성장 정체됨에 따라 단기 실적 기대감이 낮다고 전망했다. 이에 투자의견은 ‘매수’를유지했지만, 목표주가는 2만2000원으로 하향했다. 전 거래일 KH바텍은 1만4690원에 마감했다.    오현진 키움증권 연구원은 “폴더블 스마트폰 출하량 감소로 인한 이익 전망치 하향으로 목표주가를 내렸다”면서 “다만, 메탈케이스 부문성장 및 전장용 부품(브라켓) 진출을 통한 포트폴리오 다변화가 진행 중인 점과 폴더블 스마트폰의 중장기 성장성이 여전히 유효하다는 점을반영해 투자의견은 유지한다”고 설명했다.  키움증권은 KH바텍의 2023년 4분기 실적이 매출액은 전년 동기 대비 5% 감소한 621억원, 영업이익은 26% 증가한 32억원으로 시장 예상치를 하회할 것이라고 전망했다. 신규 힌지 적용으로 인한 ASP 상승에도 고객사 폴더블 스마트폰의 출하량이 부진한 영향이다.  오 연구원은 “기존 예상과 달리 국내 고객사의 2023년 폴더블 스마트폰 출하량은 1000만대를 하회할 것으로 예상되며, 전작 대비 조기 출시했다는 점을 감안 시 4분기에 출하량 둔화가 심화된 것으로 파악된다”며 “국내 폴더블 스마트폰 시장 성장이 정체됨에 따라, 보급형 등 새로운 모델 출시를 통한 적용처 확대 및 신규 고객사 확보가 동사 힌지 부문의 새로운 성장 요인으로 작용할 전망”이라고 했다.  아울러 오 연구원은 “내년 상반기 출시 예정인 갤럭시 S24 시리즈 내 울트라 모델에 티타늄 케이스가 적용될 것으로 예상된다”며 “KH바텍은 중저가 모델 중심으로 알루미늄 메탈케이스를 납품하고 있으며, 티타늄 캐스팅 관련 기술도 보유 중”이라고 강조했다.  이어 오 연구원은 “티타늄 케이스 외에 A 시리즈 등 중저가 제품으로 메탈 프레임 적용 확대가 예상되는 점 또한 동사에게 우호적”이라며“이에 동사 메탈 캐스팅 부문 매출은 2023년 887억원에서 2024년 1299억원으로 46% 성장을 전망한다”고 덧붙였다.  정민하 기자 min@chosunbiz.com   Copyrights ⓒ ChosunBiz.com"
168,3,"2024-01-02","08:14:59","대구 성서산업단지 큰불, 인명피해는 없어","대응 1단계 발령하고 주민 대피 통보 소방차 48대와 소방관 129명 등 동원    2일 오전 대구시 달서구 성서2차일반산업단지 한 섬유제품제조공장에서 원인이 확인되지 않은 불이 나 대응 1단계가 발령됐다. 대구소방안전본부 제공    출동한 소방관들이 화재를 진압하고 있다. 대구소방안전본부 제공  【파이낸셜뉴스 대구=김장욱 기자】 2일 오전 5시 51분께 대구시 달서구 대천동 성서2차일반산업단지 한 섬유제품제조 공장에서 원인이 확인되지 않은 화재가 발생했다. 소방 당국은 대응 1단계를 발령하고 인근 주민에게 성서체육공원으로 대피하라고 안전 안내 문자를 통보했다. 소방당국은 현재 소방차 48대와 소방관 129명 등 관할 소방서의 인력과 장비를 모두 출동시켰다. 또 옆 건물로 불이 번지는 것을 막기 위해 방어선을 구축, 현재까지 불이 번지지 않은 것으로 파악됐다.  대구소방안전본부 관계자는 ""큰불이 나 현장 대응 중이다""면서 ""현재까지 파악된 인명피해는 없으며 다른 공장으로 연소가 퍼지는 것을 방지하고 있다""라고 설명했다. 당시 공장에서 근무하는 직원이 없어 인명피해는없는 것으로 전해졌으며, 공장에 출근한 직원이 불길을 보고 119에 신고했다. 연면적 1430㎡ 규모의 이 공장에는 불에 약한 섬유제품이있어 소방당국이 화재를 완전히 진압하는데 상당한 시간이 소요될 것으로 전망된다.  gimju@fnnews.com김장욱 기자  [파이낸셜뉴스 주요뉴스]  → 100억대 위약금에 유서 쓴 이선균, 아내 전혜진에 남긴 말은... → ""혼전순결 강조하며 성관계 안한 남편, 알고 보니..."" 반전 사연 → 정대세의 폭탄 고백 ""아내와 결혼 10년 만에 이혼을..."" → 10살 연하와 결혼한 女배우 고백 ""남편이 계좌번호를..."" → 전남 광양 앞바다서 40대男 숨진 채 발견, 시신 살펴보니 →'주린이'가 먹어야 할 과일은? [파인애플]  ▶▶[무료공개]◀◀ 지금 ""1,000만원""만 있어도 당장 ""이것""부터 사라!! >>> (무료 체험)    ※ 저작권자 ⓒ 파이낸셜뉴스. 무단 전재-재배포 금지 "
168,4,"2024-01-02","08:14:43","<신년사>김경일 파주시장 “金石爲開 마음으로 민생 챙기고, 백년대계 초석 놓겠습니다”","존경하는 51만 파주시민 여러분!  사랑하는 파주시 직원가족 여러분!    2024년 갑진년(甲辰年) 새해를 맞아  머리 숙여 새해 인사부터 드리겠습니다.  푸른 용의 해를 맞아 여러분의 앞날에  푸르른 날들만 계속되기를 온 마음을 다해 기원합니다.    그동안 파주시정에 관심과 응원을 보내주신 시민 여러분,  또 시민의 행복한 삶을 위한길에 기꺼이 동행해 준  파주시 직원가족 여러분께 진심으로 감사드립니다.    새해에는 정성을 다해 쇠와 돌을 뚫는 심정으로  저를 비롯한 파주시 직원가족 모두가  파주시민 여러분께 보다 밝은 미래를 안겨드리기 위해  민생을 살피고 챙기며,  100만 자족도시로서의 기틀을 마련하겠습니다.    지난해 파주시는 어려운 여건에서도  긴급에너지생활안정지원금 지급등 굵직한 민생현안을  해결하는 데 총력을 기울였습니다.  아울러 파주시 발전의 기틀 또한 단단히 다져가며  파주시를 기회의 땅으로 만들어왔습니다.    17년 만에 평화경제특구법이 제정되어  경제발전의 초석을 다졌고,  파주시민의 염원이자 바람인 서해선 파주 연장은  정부 승인만을 남겨두고 있습니다.    국민안전체험관 파주 유치로 새로운 관광거점을  마련할 수 있게 되었으며,  성차별 없는 여성친화도시로 거듭나기 위해  시민들과 함께 파주 성매매집결지 폐쇄를  적극적으로 추진해 왔습니다.    아울러 지난해 민원서비스 종합평가 등  총 52개 분야에서 크고 작은 상을 받았습니다.  파주시의 행정역량이 전국적으로 인정받은 것입니다.  이 모든 게 시민 여러분과 직원 가족 여러분 덕분입니다.  다시 한번 감사 말씀드립니다.  언제나 파주시의 중심인 시민 여러분!    2024년은 파주시를 행복한 삶의 터전이자  실질적인 기회의 땅으로 만들어 갈 중요한 시기입니다.    이때 가장 필요한 게 시민과의 소통입니다.  우리 파주시민들이 원하는 게 무엇인지,  살피고 챙기고 해결해야 할 것이 무엇인지,  시민들의 행복한 삶을 위해 무엇을 해야 하는지를  알기 위해서는 시민들과 만나야 합니다.    저는 그동안 민생현장을 구석구석 찾아다니고,  52차례에 걸쳐 이동시장실을 운영하면서  우리가 미처살피지 못했던 여러 어려움을  눈으로 직접 보고 귀로 들으며, 온몸으로 체감했습니다.    그리고 파주시가 시민들의 삶을살뜰하게 챙기고 살피는  든든한 버팀목이 되어야 한다는 사실을  다시 한번 깨닫게 되었습니다.  그것이 ‘시민중심 더 큰 파주’의 가치일 것입니다.    여러분도 아시다시피 현재 세계적인 경기 불황으로  저성장시대가 계속되고 있습니다.  우리 민생경제도 더욱 어려워지고 있고,  시민들의 삶이 팍팍해지고 있습니다.  이렇듯 삶이 팍팍할 때는 두 가지가 필요합니다.  하나는 시민의 경제적 부담을 덜어드리는 일이고,  또 하나는 앞으로의 삶이 더 나아질 것이라는  희망과 기대를안겨드리는 일입니다.    이에 파주시는 2024년 새해 정책의 핵심 키워드를  ‘내 삶이 더 나아지는 도시, 파주’로 정했습니다.  한편으로는 민생안정과 지역경제 활성화에 총력을 기울이고,  또 다른 한편으로는  더 크게 발전할 수 있는파주시의 미래 발전 전략을  체계적이고 지속적으로 추진하고자 합니다.  이를 위해 시민 여러분께 총 7가지의 약속을 드립니다.    첫째, 파주형 민생 5대 정책을 추진하겠습니다.  물가안정 기조를 유지하여 ①물가는 지키고,  맞춤형 공공일자리 사업 확대와 취업지원 종합서비스로  ②일자리는 늘리고,  파주페이 10% 인센티브와 관내 업체 우선 계약으로  ③지역경제는 활력을 불어넣겠습니다.  또한, 중소기업 지원시책을 강화하여  ④기업은 키우고,  농축산 지원사업과 로컬푸드 복합센터 건립으로  ⑤농가가 잘사는  '오직 민생 프로젝트를 추진'하겠습니다.    둘째, 100만 자족도시 기틀을 마련하겠습니다.  70년 동안 희생을 감내한 파주시에  ‘평화경제특구법’ 제정은 남북평화와  경제발전을 이뤄낼 한줄기빛입니다.  시민추진단과 함께 뜻을 모아  파주시가 평화경제의 구심점이 되도록  평화경제특구 유치를 반드시 이뤄내겠습니다.    아울러 100만 자족도시로 나아가는 핵심 원동력인  파주 경제자유구역 지정을 위해 기본구상안을 마련하고,  빈틈없는 투자유치 전략을 수립하여  파주만의 맞춤형 특화전략을 도출하겠습니다.    셋째, 대중교통체계의 획기적 개선으로교통복지를 실현하겠습니다.  연말에 개통할 GTX-A 노선을  편리하게 이용하는 환승센터를 구축하고,  파주 전역에서 GTX역까지 빠르게 연계하는  대중교통체계를 마련하겠습니다.    이와 더불어 지하철 3호선 파주연장 사업은  행정력을 집중해 민자 적격성 조사를 조속히 통과시켜,  누구나 살고 싶어 하는 파주시를 만들어가겠습니다.    넷째, 꼼꼼하고 세심하고 따뜻한 복지를 실현하겠습니다.  복지정책은 촘촘함과 꼼꼼함, 세심함과 신속함이 생명입니다.  지난 연말 행정안전부장관상을 수상한  「청춘고백 꽃할배 꽃할매 사업」을  복지관과 협업하여 진행하겠습니다.  또한, 복지통계를 활용해 ‘파주형 맞춤복지서비스’를 발굴,  사회적 약자와 소외계층을 위한  촘촘한 사회안전망을 구축하겠습니다.    일상생활이 불편한 시민 모두에게  신속한 돌봄서비스를 제공하고,  긴급복지 핫라인을 개설해  신속하고 빈틈없는 위기가구 지원체계를 마련하겠습니다.    아울러 성매매집결지 폐쇄를 주축으로,  실질적인 여성친화도시 파주를 만들기 위한 정책을  시민과함께 더욱 담대하게 펼쳐 나가겠습니다.    다섯째, 문화와 여가가 샘솟는 힐링 도시로 만들겠습니다.  올해 설립하는 파주문화재단은 파주 문화예술의 구심점으로  시민들에게 풍성한 문화 향유의 기회를 더 많이 제공해  문화도시 파주의 진면목을 보여드리겠습니다.    파주 하면 율곡 이이가 떠오르게끔  율곡 이이를 브랜딩하여 파주의 역사문화 정체성을 되찾고,  법원초 문화재생사업으로  소외지역에 문화예술의 숨결을 불어넣겠습니다.    온라인 예약시스템 구축으로 DMZ 평화관광을 더활성화시키고  통일동산 아트캠핑장을 확충해  체류형 관광에 기반한 천만 관광시대를 열겠습니다.  파주시에서 최초로 개최되는 광역단위 종합체육대회인  ‘경기도장애인체육대회’와 ‘경기도체육대회’를  성공적으로 개최하여 지역경제 활성화를 도모하고,  활력 넘치는 파주를 전국에 알리겠습니다.    시민 건강과 생태 건강을 위한 사업도 적극 추진합니다.  맨발걷기 산책로를 파주 곳곳에 조성하고,  여름철 물놀이장은 문산 천변에 추가로 설치하겠습니다.    사람과 자연이 공존하는 생태환경을 위해  민관군이 함께 생태계 교란 야생식물을 퇴치하여  쾌적한 시민 산책 공간으로 되돌리고,  자전거와 도보로 어디든 갈 수 있는  친수도시를 조성하여 시민 여가 공간을 확충하겠습니다.    여섯째, 도농복합 풍요로운 농촌을 만들겠습니다.  생산자가 싱싱한 농산물을 직접 판매하는  로컬푸드복합센터를 조성해 농촌-도시간 상생 모델을 만들겠습니다.  농업인과 소비자 간 직거래로  농업인에게는 알찬 수익을, 소비자에겐 큰 신뢰를 안겨준  ‘개성인삼축제’와 ‘장단콩 축제’를  대한민국 대표 농산물 축제로 발전시켜 나가겠습니다.    럼피스킨, AI, 구제역, ASF 등 가축 질병에 대처하기 위해  상시방역체계를 구축하여 전염병 발생 저지에 총력을 기울이고,  농가에서 필요한 사업을 적시에지원하여  농촌의 어려움을 적극적으로 해소하겠습니다.    마지막으로 『신뢰의 시정』을 실천하겠습니다.  도시가 커질수록 행정서비스의 질 또한 높아져야 하고,  시민에게 신뢰받는 시정이 펼쳐져야 합니다.  친절함은 기본이고, 똑똑하고 스마트한 행정이 필요합니다.    올해는 50만 대도시 특례를 인정받는 원년으로  파주시는 새로운 행정수요에 대응할 수 있도록  능동적인 조직으로 개편하였으며,  민원콜센터 운영과 민원행정서비스 2·5·7 제도를 정착시켜  민원인의 권익을 보호하고  신뢰받는 행정을 구현하겠습니다.    존경하고 사랑하는 시민 여러분,  언제나 든든한 직원가족 여러분!    갑진년(甲辰年) 새해는 청룡의 해입니다.  용은 용기와 비상, 희망과 번영의 기운을  지니고 있다고 합니다.  여기에 푸르름까지 더해졌으니 상서로운 기운이 넘쳐나는 한 해가 될 것입니다.    올 한 해 파주시에 번영의 기운이 가득 퍼지기위해서는  파주시의 중심인 시민 여러분의  관심과 응원, 지지와 협조가 필요합니다.    시민의 삶이 더 나아지는 도시를 만드는 길에,  누구나 오고 싶고, 살고 싶어 하는  매력적인 파주시를 만드는 길에,  시민 여러분이 함께 해주시기를 간곡히 부탁드립니다.    저는 올해 정성을 다하면 쇠와 돌도 뚫을 수 있다는  금석위개(金石爲開)의 정신을 마음에 새겼습니다.    이처럼 결연한 마음으로  민선 8기 시민 여러분과 약속한 각종 정책사업을  차질 없이 추진할 수 있도록  담대하고 뚝심 있게 나아가겠습니다.    저를 비롯한 2400여명의 공직자 모두가  잘못된 것은 바꾸고, 낡은 것은 버리며,  오직 시민만을 위한 혁신과 신뢰 행정으로  파주를 기회의 땅이자 더 나은 삶의 터전으로 만들기 위해  최선을 다하겠습니다.    2024년이 파주시가 더 큰 결실을 이뤄나가는  한 해가 되길 바라며,  모쪼록 올해가 51만 파주시민과 직원 여러분 모두에게  상서롭고 희망이 가득한 한 해가 되길 기원합니다.    새해 복 많이 받으십시오.  감사합니다.    2024. 1. 2.  파주시장 김경일        ▶ 무조건 오르는 비공개 급등종목 ""반드시"" 확인하기 >> 오늘의 추천종목 정보 제공 받기 <<    ▶ 급등 임박! 반드시 상승할 ""유망 종목 TOP3"" 실시간 시세 확인하기 >> 종목 무료로 받아보기 <<    ▶ 비트코인 와르르 大폭락에 OO테마주 들썩, 상위 1% TF팀 >> 선착순 100명 급등 종목 무료제공 <<     ▶ 내 계좌 '5억'만들기 프로젝트! VIP 서비스 5일 무.료.체.험 EVENT >>보유 종목 무료분석<<        ▶ 상위 1%의 급등주 정보, 선착순 100명에게 무료로 제공 중… >>초대형 대장주 비밀리에 입수<<       ▶ 단 돈 ""만 원"" 있어도 10배 이상 터질 종목 ""지금"" 사도 무조건 터진다 >> 매일 VIP 무료추천주 <<       ▶ 아무도 몰랐던 급상승 ""VIP 히든종목"" 분석자료 선착순 무료제공!! >>최상위종목 ""시세"" 확인하기<<"
168,5,"2024-01-02","08:14:40","佛뉴스 채널, '일장기 연상' 태극기 그래픽…네티즌들 ""모욕적""","佛뉴스 채널, '일장기 연상' 태극기 그래픽…네티즌들 ""모욕적"" LCI 채널, 北 김정은 위원장 발언 소개하며 태극기 '오류'  ""프랑스 국기에 나치 문양 합성한 느낌""…""외교적 무례""       (파리=연합뉴스) 송진원 특파원 = 프랑스의 한 뉴스 채널이 남북한의 긴장 관계를 보도하면서 한국의 태극기를 일장기와 유사하게 그린그래픽을 내보내 네티즌들의 비판이 쏟아지고 있다.      프랑스 채널 LCI는 지난달 31일(현지시간) 오후 2시 37분께 김정은 북한 국무위원장의 노동당 전원회의 5일 차 회의 발언을 집중 소개하며 한반도 문제를 짚었다.      이 과정에서 LCI측은 배경 화면에 남북한의 국기를 그래픽으로 그려 넣었는데, 태극기 중앙의 태극 문양을 빨간 원으로 그려 넣었다. 언뜻 보면 일장기와 혼동할 수 있는 그래픽이다.      LCI의 유튜브 채널에도 올라온 이 영상은 현재까지 12만명이 시청했다.      한국 네티즌들은 이 영상 아래에 비판 댓글을 달며 항의했다.      한 네티즌은 ""정말 불쾌하다. 한국의 역사를 안다면 이보다 모욕적인 '실수'는 없을 것""이라고 지적했고, 다른 네티즌들도 ""프랑스 언론의 수준 잘 봤다"", ""무려 뉴스 방송사가 격 떨어지게 행동한다"", ""프랑스 국기에 나치 문양을 합성한 느낌"" 등의 비판 댓글을 달았다.       한국 네티즌뿐 아니라 해외 네티즌들 역시 문제를 지적하고 나섰다.      한 네티즌은 ""한국의 국기는 빨간색과 파란색이 혼합돼야 한다""며 ""영상 속 국기는 잘못됐고 외교적으로 무례하다""고 비판했고, 또 다른외국 네티즌 역시 ""한국과 일본의 역사를 안다면 대한민국 국기를 이렇게 그린 건 정말 큰 실수""라고 꼬집었다.      san@yna.co.kr  (끝)     <저작권자(c) 연합뉴스, 무단 전재-재배포 금지>"
168,6,"2024-01-02","08:13:58","BRIEF-ASML, 2023년 NXT:2050i 및 NXT2100i 리소그래피 시스템 출하 라이선스가 최근 네덜란드 정부에 의해 부분적으로 취소되었다고 밝혔습","BRIEF-ASML Says License For Shipment Of NXT:2050i And NXT2100i Lithography Systems In 2023 Has Recently Been Partially Revoked By Dutch Government  1월 1일(로이터) - ASML Holding NV :  ASML: 2023년 차세대:2050I 및 차세대:2100I 리소그래피 시스템 출하를 위한 라이선스가 최근 네덜란드 정부에 의해 부분적으로 취소되었습니다.   ASML - 수출 허가 취소 또는 최근의 미국 수출 통제 제한 조치가 2023년 재무 전망에 중대한 영향을미칠 것으로 예상하지 않습니다.   ASML: 네덜란드 정부의 라이선스 부분 취소로 인해 중국 내 소수의 고객에게 영향을 미칠 것입니다.   원본 텍스트 링크: https://bit.ly/3NMiov2  Further company coverage:      Reuters.Briefs@thomsonreuters.com        (c) Copyright Thomson Reuters 2020. Click For Restrictions - https://agency.reuters.com/en/copyright.html   원문 바로가기    DISCLAIMER  레피니티브의 사전, 서면 승인 없는 톰슨로이터 콘텐츠의재생산이나 재배포는 금지되어 있습니다. 이 기사의 한국어 번역은 에프앤가이드가 사용하는 기계적 번역에 의한 것으로 톰슨로이터와 레피니티브는 번역의 정확성을 보증하지 않습니다."
168,7,"2024-01-02","08:13:57","이스라엘, 가자서 병력 일부 철수…""저강도작전 전환 시작""","- 몇 주내 5개 여단 규모 철수…""조만간 전쟁 강도 낮아질 것 - 전쟁 장기화 따른 경제적 부담도 작용    2024년 신년운세 토정비결 사주 확인!  [이데일리 박종화 기자] 이스라엘군이 팔레스타인 가자지구 북부에서 병력 일부를 철수했다. 미국 등이 요구했던 ‘저강도 작전’으로의 전환이라는 해석이 나온다.     1일(현지시간) 가자지구 중부에서 이스라엘 군인이 전차 위에서작업하고 있다.    1일(현지시간) 뉴욕타임스 등에 따르면 이스라엘군은 앞으로 몇 주 안에 가자지구에서 5개 여단, 수천명 규모 병력을 철수시킬 것이라고 이날 발표했다. 지난해 10월 팔레스타인 무장정파 하마스의 이스라엘 기습으로 전쟁이 발발한 후 이스라엘군이 이같이 대규모 병력을 전선에서 물린 건 이번이 처음이다. 다니엘 하가리 이스라엘군 대변인은 “경제에 대한 부담을 완화하고 앞으로 1년 동안 전개될 작전을 위한 힘을 비축하기 위한 것”이라고 설명했다.  전문가들은 이번 철수가 이스라엘의 전술이 무차별 ‘고강도’ 작전에서 외과수술식 ‘저강도’ 작전으로 전환하고 있다는 걸 시사한다고 설명했다. 미국 등은 민간인 피해를 줄이기 위해 공격 수위를 낮춰야 한다고 이스라엘을 설득해 왔다. 미군 특수전사령관을 지낸 마크 슈워츠는 “병력 철수는 미국이 요구해 온 것과 일치하며 전황이 새로운 국면으로 접어들고 있다는 분명한 신호”라고 말했다. 믹 멀로이 전 미 국방부 중동담당 부차관보도 “군대 철수가종전에 가까워졌다는 뜻은 아니지만 조만간 강도가 낮아질 것을 시사하는 것일 수 있다”고 했다. 토니 블링컨 미 국무장관은 이번 주말 다시 이스라엘을 방문할 예정인데 이때도 저강도 작전 전환과 전후 구상 등을 논의할 것으로 예상된다.  하가리 대변인이 언급한 것처럼 경제적 부담도 이스라엘이 병력 축소를 결정할 요인으로 꼽힌다. 올해 내내 교전이 계속될 것으로 예상되는 상황에서 수십만명에 이르는 대규모 병력을 지속적으로 유지하기엔 경제적 부담이 크기 때문이다. 이스라엘 재무부는 지난 4분기 국내총생산(GDP)이 전분기 대비 연율 19% 감소한 것으로 추산하고 있다.  다만 칸 유니스 등 가자지구 남부에선 여전히 치열한 교전이 이어지고 있다. 야론 핀켈만 이스라엘군 남부군 사령관은 “가자지구에서의 전투는 다양한 방법, 다양한 강도, 다양한 형태로 지속될 것”이라고 말했다.     ▶▶[무료공개]◀◀ 지금 ""1,000만원""만 있어도 당장 ""이것""부터 사라!! >>> (무료체험)  [AI분석] 이번주 급등주 찾기!! ""500만원으로 20억"" 버는 종목 공개!! ▶무료로 확인가능◀     ＜ⓒ종합 경제정보 미디어 이데일리 - 무단전재 & 재배포 금지＞    "
169,1,"2024-01-02","08:06:54","울산시-5개 구군, 올해 경영안정자금 4930억원 지원",">> ★아직도... 돈내고 추천주를 받으세요? [무료카톡방] ★  나에게 맞는 종목추천 AI알고리즘을 찾고 싶다면? 한경 로그인만 하면 1개월 무료체험가능     울산시는 5개 구·군과 함께 경영 환경이 어려운 중소기업과 소상공인을 위해 올해 경영안정자금 융자 규모를 4천930억원으로 대폭 확대해 지원한다고 2일 밝혔다.  이는 지난해 3천820억원보다 1천110억원 증가한 금액이다.  대상별 지원 규모는 중소기업 3천230억원, 소상공인 1천700억원이다.  1분기 지원 일정을 보면, 1월에는 소상공인 자금(300억원) 지원 대상자를 19일부터 울산신용보증재단 홈페이지에서 선착순으로 접수한다.  중소기업 자금(1천200억원) 지원 대상자는 22∼26일 울산경제일자리진흥원에 신청하면 된다. 2월에는 중구·동구·북구·울주군 중소기업 자금(680억원) 과 울주군 소상공인 자금(150억원) 신청 접수가 이어진다.  3월에는 올해 신설되는 울산시 중소기업 시설자금(200억원)과 남구 중소기업 자금(100억원), 중구·남구·동구·북구 소상공인 자금(300억원) 접수가 예정돼 있다.  경영안정자금 신청과 관련한 자세한 사항은 울산시, 울산경제일자리진흥원, 울산신용보증재단의 홈페이지 공고문에서 확인할 수 있다.  시는 경영안정자금 규모 확대 외에도 기업당 융자 한도(중소기업 4억원→5억원, 소상공인 6천만원→8천만원)를 상향해 실효성을 강화한다.  또 자금 적기 공급을 위해 중소기업과 소상공인 자금 신청 횟수를 1회씩 확대한다.  특히 중소기업 자금은 공장 설립과 기계 구매 등에 필요한 시설자금을 신설, 지역 내 시설 투자 확대를 지원한다.  울산=하인식 기자 hais@hankyung.com      ▶▶[급등종목]◀◀ 지금 ""1,000만원""만 있다면 당장 ""이것"" 매수해라!! >>> (무료공개)  >> ★무료카톡방★ 이제 추천주 ""무료""로 받으세요! ★무료카톡방★   ▶▶ 월0.2%대 최저금리 X 주식자금 4배 X 100%집중투자 => 부자네스탁론  [단기에 부자가 되는 방법] 상위 1%만의강의 무료 제공 중 (pw:4560)  나에게 맞는 종목추천 AI알고리즘을 찾고 싶다면? 한경 로그인만 하면 1개월 무료 체험가능  [오늘의 이슈] 급등임박! 올해 반드시 상승할 ""실시간 TOP3"" 확인하세요! ▶▶ 무료 클릭!                관련기사 ""6000만원 싸게 팔아요""…오피스텔, 눈물의 마피 라면 아무거나 3팩 담아 9900원…'파격 할인' 유명 개그맨 앞세운 사기에 수천명 당했다 ""AI 앞세워 식민지 지배""…최악의 시나리오등장 '억대연봉' 조합장 결단…""월급 200만원 받겠다""    ⓒ 한국경제 & hankyung.com, 무단전재 및재배포 금지"
169,2,"2024-01-02","08:06:47","[클릭e종목]""태영건설 사태, 대규모 PF 위기 유발 가능성 제한적""","IBK투자증권은 2일 건설·부동산 업종에 대해 ""태영건설 워크아웃(기업구조개선작업)이 프로젝트파이낸싱(PF) 시스템 리스크로 이어질 가능성 낮다""고 말했다.   태영건설은 지난해 12월 28일 워크아웃을 신청했다. 회사의 PF 보증규모는 11월 말 별도 기준 3조6000억원에 달한다.   조정현 연구원은 ""현재 상황에서 건설사들은 다른 업권에 비해 자금 유통이 어려운 상황이나, 급격한 유동성 흡수 시기가 지난 만큼 단기간 과거와 같은 대규모 차환 리스크 발생 가능성은 작다""고 짚었다.   그러면서 ""기존 시장안정 프로그램인 회사채·기업어음(CP) 매입, 프라이머리 채권담보부증권(P-CBO) 등과 채안펀드 증액 조치에 따라 연착륙을 기대한다""며 ""태영건설 워크아웃은 1년간 이어져 온 부동산 경기둔화의 결론 중 하나이지, 위기를 몰고 올 또 다른 원인이 되기는 어렵다고 판단한다""고 강조했다.   다만 개별 건설사 유동성 위기를 배제하긴 어렵다는 진단이다. 조 연구원은 ""개별 건설사 유동성 위기는 발생 가능성이 존재한다""며 ""한국신용평가에 따르면 부동산 경기 둔화 지속으로 인허가 이후 미착공 상태에 머물러 있는 브릿지론 규모는 12조7000억원에 달한다""고 했다.   이어 ""착공 중인 본 PF 사업들은 원가부담지속과 낮은 분양률에 따라 자금 압박이 지속되고 있다""며 ""주택 중심 회사의 경우 유동성 압박이 지속할 것으로 판단한다""고 덧붙였다.     ● 주식으로 돈 벌까? 오늘의 운세로 확인  ● 국내 최저 신차 장기렌트 견적 문의 IWS오토  ● 급등임박 추천주를매일 알려주는 곳이 있다고? [카톡방 입장]  [관련기사]  ☞ ""대기인원 30명인데 식사 후 30분째수다…어찌할까요?""  ☞ 유영철·강호순, 새해 특식으로 '유과에 불고기'…서울구치소 식단표는?  ☞ ""지원금 끊기면 공무원 월급·연금도 못 줘""…재정파탄 위기의 우크라  ☞ ""음료 두 잔에 230만원 긁혀있더라"" …바가지·사기 급증하는 콜롬비아 휴양지  ☞ 투자 성공의 핵심은 기업분석! 'CORE' 바로가기      차민영 기자 blooming@asiae.co.kr   <ⓒ투자가를 위한 경제콘텐츠 플랫폼, 아시아경제(www.asiae.co.kr) 무단전재 배포금지>"
169,3,"2024-01-02","08:06:26","“똑똑” 노크한 뒤 문열자 흉기로…미국 국적男, 모르는 남성에 칼부림","새해 첫날 서울 마포구에서 흉기를 휘두른 미국 국적 40대 남성이 경찰에 붙잡혔다. 2일 경찰에 따르면 서울 마포경찰서는 전날 오후 7시22분께 마포구 서교동 한 골목에서 일면식 없는 20대 남성에게 칼을 휘두른 혐의로 40대 남성 A씨를 긴급체포해 조사 중이다. A씨는 승용차에 접근해 노크한 뒤 피해자가 문을 열자 흉기를 휘두른 것으로 조사됐다. 피해자는 이를 손으로 막다 부상을 당해 인근 병원으로 이송됐다. 경찰은 A씨를 상대로 사건 경위와 범행 동기를 조사할 계획이다.    [ⓒ 매일경제 & mk.co.kr, 무단 전재, 재배포 및 AI학습 이용 금지]"
169,4,"2024-01-02","08:06:15","세븐틴 동생그룹 투어스, 선공개곡 발표…'보이후드 팝' 내세워","세븐틴 동생그룹 투어스, 선공개곡 발표…'보이후드 팝' 내세워  슈만 '어린이 정경' 샘플링 도입부       (서울=연합뉴스) 이태수 기자 = 플레디스엔터테인먼트 소속 '세븐틴 동생그룹'으로 알려진 6인조 신인 투어스(TWS)가 정식 데뷔를 앞두고 2일 선공개곡 '오 마이마이 : 7s'(Oh Mymy : 7s)를 발표한다.      플레디스에 따르면 '오 마이마이 : 7s'는 '단 7초 만에 내가 어떤 사람인지 보여줄 수 있다'는 투어스 만의 자신감이 담긴 노래다.      플레디스는 ""투어스의 본격적인 시작을 알리는 노래인 만큼 멜로디와 퍼포먼스 등 전반적인 요소에서 짜릿한 결과물을 보여줄 것""이라고소개했다.      이 곡은 로베르트 슈만의 '어린이 정경'을 샘플링한 잔잔한 스트링 사운드 도입부가 특징이다. 강렬한 베이스와 신시사이저가 이를 뒤따르고, 사운드 소스의 변주가 긴장감 있게 곡의 분위기를 반전시킨다.      투어스는 멜로디에서 느껴지는 자신감을 '칼군무'에 녹여냈다.      플레디스는 ""투어스는 청량하면서 밝은 에너지로 대중과 팬의 평범한 일상을 특별하게 만드는 소중한 친구가 되겠다는 포부를 지닌 팀""이라며 ""팀 정체성에서 확장한 독자 장르인 '보이후드 팝'(Boyhood Pop)을 내세워 소년 시절의 순수하고 아름다운 감성을 자극할 것""이라고 전했다.       투어스는 플레디스가 2015년 세븐틴 이후 9년 만에 선보이는 보이그룹으로, 하이브로서는 새해 첫 신곡 발표 주자다.      tsl@yna.co.kr  (끝)     <저작권자(c) 연합뉴스, 무단 전재-재배포 금지>"
169,5,"2024-01-02","08:05:53","[클릭 e종목]""피엔에이치, 올해 소재 매출처 다양화로 실적 개선 기대""","흥국증권은 피엔에이치테크에 대해 IT와 TV 등 소재 매출이 다양화되면서 실적 개선이 기대된다고 2일 분석했다. 투자의견 '매수'와 목표주가 3만5000원을 유지했다.   흥국증권은 작년 4분기 피엔에이치테크의 매출액과 영업이익이 104억원과 15억원을 기록할 것으로 내다봤다. 전년 동기 대비 매출액은 25% 증가하고 영업이익은 18% 감소다.   이의진 흥국증권 연구원은 ""4분기 LG디스플레이의 아이폰15 패널 출하는 생산 승인 이후 정상 진행되나 4분기 소재 재고조정으로 인해 매출액은 소폭 감소할 것으로 전망된다""며 ""다만 TV 소재인 장수명 B/H 매출이 다시 시작되며 올해 TV 소재 매출이 발생되기 시작할 것으로 판단된다""고 말했다.   이 연구원은 올해 피엔에이치테크의 매출액과 영업이익이 602억원과 111억원을 기록하며 전년 대비 각각 50%, 82% 증가할 것으로 전망했다.   그는 ""아이패드향 신규 매출 발생과 함께 유기발광다이오드(OLED) TV 출하 증가로 인한 소재 재진입 및 전기차(EV) 전환에 따른 전장용 OLED향 소재 매출 증가가 예상된다""며 ""고객사의 아이폰 패널 출하 증가로 인한 매출액 성장 전망을 고려했을 때 상단 주가수익비율(P/E) 적용은 무리가 없다는 판단""이라고 설명했다.     ● 주식으로 돈 벌까? 오늘의 운세로 확인  ● 국내 최저 신차 장기렌트 견적 문의 IWS오토  ● 급등임박 추천주를매일 알려주는 곳이 있다고? [카톡방 입장]  [관련기사]  ☞ 피엔에이치테크, 2Q 영업익 10억…전년比 125.0% ↑   ☞ 피엔에이치테크, 3분기 사상 최대 실적…영업익 전년比 185% '↑'   ☞ [클릭 e종목]""피엔에이치테크, OLED 소재 매출 확대 본격화""  ☞ 피엔에이치테크, 美 듀폰과 7년 독점 공급계약 …""장수명 OLED 소재 공급""  ☞ 투자 성공의 핵심은 기업분석! 'CORE' 바로가기      유현석 기자 guspower@asiae.co.kr   <ⓒ투자가를 위한 경제콘텐츠 플랫폼, 아시아경제(www.asiae.co.kr) 무단전재 배포금지>"
169,6,"2024-01-02","08:05:39","[신년사] 허연수 GS리테일 부회장 “100년 기업으로 성장하기 위한 도전 멈추지 말자","““어려움 앞에서 멈추거나 위축되기보다 100년 기업으로 성장하기 위해 도전을 멈추지 말자””  허연수 GS리테일 CEO(부회장)는 2일 오전 신년사를 통해 유통업 반세기에서 축적한 도전과 응전의 경험을 발판 삼아 100년 기업으로 성장하자는 비전을 제시했다.    GS리테일은 올해 유통업 진출 50주년을 맞았다. 1974년 을지로에 슈퍼마켓을 열며 유통업에 진출한 GS리테일은 1990년 국내 토종 브랜드 편의점 GS25를 시작했고, 1994년 국내 최초 TV홈쇼핑 GS샵을 선보이며 온·오프라인을 아우르는 종합 유통 기업으로 성장해 왔다.  지난 50년간 급변하는 경영 환경 속에서도 편의점, 슈퍼마켓, 홈쇼핑 등 주력 사업에서 경쟁 우위를 지켜왔지만 올해는 업종 내 경쟁 심화,고금리와 고물가로 인한 소비심리 위축, 이커머스 영향력 확대 등 그 어느 해보다 도전적인 경영 환경을 마주하고 있다.  이에 허연수 부회장은 유통업 반세기를 넘어서는 올해가 100년 기업을 향한 첫걸음이 될 것으로 보고 고객, 유통, 경영, 문화 등 4가지 관점에서 ▲고객 중심 사업 구조 혁신 ▲차별화된 히트 상품 개발 ▲디지털 전환 기반 성과 창출 ▲GS웨이(GS Way) 조직문화 실천을 골자로 하는24년 경영전략을 전 임직원에게 공유했다.  최우선은 ‘고객’이었다. 1~2인 가구 증가로 장보기 수요가 마트에서 편의점과 슈퍼마켓으로 이동하고, 미디어 무게중심이 TV에서 모바일로 급격하게 변하는 등 고객 변화에 중심을 두고 사업구조를 혁신해야 시장에서 확고한 격차를 만들 수 있음을 강조했다.  유통이라는 업의 관점에서는 상품의 중요성도 역설했다. 지난해 ‘김혜자 도시락’, ‘점보 라면’ 등 고객이 먼저 찾아오고, 고객 스스로 입소문을 내는 히트 상품의 힘을 경험한 만큼 유통의 본질인 ‘상품’에서 압도적 경쟁력을 확보하자고 주문했다.경영 측면에서는 ‘디지털 전환’을 제시했다.   기업 생존을 위해 디지털 전환이 선택이 아닌 필수가 된 만큼 그간의 학습을 실질적 성과로 연결시키는 노력을 기울이자고 독려했다.  마지막 키워드는 3년째 일관되게 강조하고 있는 ‘조직문화’였다. GS리테일은 지난 21년 고유의 일하는 방식과 마인드를 8가지 GS웨이(GS Way)로 정리한 후 3년간 내재화에 힘써 온 만큼 올해는 이를 적극적으로 실천하자고 격려했다.  허 부회장은 “2023년은 기존 사업의 경쟁력을 강화하는 한편, 부진 사업은 과감히 정리하고 수익성 위주로 사업을 재편하여, 한 단계 더 도약할 수 있는 발판을 마련했다”면서 “어려움 앞에서 멈추거나 위축되기보다 100년 기업으로 성장하기 위해 도전을 멈추지 말자”라고 당부했다.  최효정 기자 saudade@chosunbiz.com   Copyrights ⓒ ChosunBiz.com"
169,7,"2024-01-02","08:05:33","용산구, 새내기 공무원용 웰컴키트 첫 제작…8명에 지급","도장·수첩·텀블러 구성   앞으로 신규 직원에 지급   서울 용산구는 새해 신규 공무원 임용장 수여식을 열고 새내기 공무원에게 임용장과 함께 ‘웰컴키트’를처음 제작해 지급했다고 2일 밝혔다.사진은 웰컴키트 구성.[용산구 제공]   용산구 신규 임용 공무원들이 임용장 수여식에서 임용장과 함께 웰컴키트를 지급받고 있다.[용산구 제공]  [헤럴드경제=김수한 기자] 서울 용산구(구청장 박희영)는 새해 신규 공무원 임용장 수여식을 열고 새내기 공무원에게 임용장과 함께 ‘웰컴키트’를 처음 제작해 지급했다고 2일 밝혔다.  수여식에는 신규 공무원 8명이 참석해 웰컴키트를 받고 선서문을 낭독하며 공무원으로서 첫발을 내딛었다.  웰컴키트는 업무용 개인도장, 업무수첩, 텀블러로 구성됐다.  구는 올해 신규 공무원용 웰컴키트를 처음 제작했다. 신규 공무원의 조직 적응을 돕고 용산구 공무원으로서 소속감과 자긍심을 높이기 위한 것이라고 구는 설명했다.  구는 앞으로 신규 공무원이 임용될 때마다 환영하는 마음을 담아 웰컴키트를 지급할 계획이다.  현재 신규 공무원들은 조직 적응 교육, 청렴 교육, 사회복지업무 통합조사 교육 등을 받고 있다.  박희영 용산구청장은 “첫날의 초심을 잃지 않고 신규 직원이 잘 적응할 수 있도록 선배들이 적극 도와야 한다”며 “웰컴키트가 신규 직원들에게 조금이나마 도움이 되기를 바란다”고 말했다.        ▶ 무조건 오르는 비공개 급등종목 ""반드시"" 확인하기 >> 오늘의 추천종목 정보 제공 받기 <<    ▶ 급등 임박! 반드시 상승할 ""유망 종목 TOP3"" 실시간 시세 확인하기 >> 종목 무료로 받아보기 <<    ▶ 비트코인 와르르 大폭락에 OO테마주 들썩, 상위 1% TF팀 >> 선착순 100명 급등 종목 무료제공 <<     ▶ 내 계좌 '5억'만들기 프로젝트! VIP 서비스 5일 무.료.체.험 EVENT >>보유 종목 무료분석<<        ▶ 상위 1%의 급등주 정보, 선착순 100명에게 무료로 제공 중… >>초대형 대장주 비밀리에 입수<<       ▶ 단 돈 ""만 원"" 있어도 10배 이상 터질 종목 ""지금"" 사도 무조건 터진다 >> 매일 VIP 무료추천주 <<       ▶ 아무도 몰랐던 급상승 ""VIP 히든종목"" 분석자료 선착순 무료제공!! >>최상위종목 ""시세"" 확인하기<<"
170,1,"2024-01-02","08:00:23","포스코 회장 3연임 도전 앞둔 최정우, 재계 신년인사회 또 '패싱'","[머니투데이 안정준 기자] 재계 5위 기업 수장인 최정우 포스코그룹 회장이 '경제계 신년인사회'(이하 신년인사회)에 2년 연속으로 불참한다. 대통령을 비롯한 정부 각료와 기업인이 참석하는 이 행사를 재차 '패싱'한다는 점에서 최 회장과 정부 간 매끄럽지 못한 관계가다시 확인됐다는 해석이 나온다. 특히 올해는 최 회장의 3연임 도전이 기정사실화된 가운데 최대주주인 국민연금이 사실상 연임 반대 의사를보인 상태라 그의 신년인사회 불참이 포스코 회장 인선 작업에 어떤 영향을 줄지 관심이 쏠린다.   2일 포스코그룹과 재계에 따르면 최 회장은 이날 오전 서울 여의도 중소기업중앙회관에서 열리는 경제계 신년인사회에 참석하지 않기로 한 것으로 확인됐다. 포스코 관계자는 ""이날 회사 시무식에 참석하는 관계로 (신년인사회에) 참석하는 것이 어렵게 된 것으로 알고있다""고 말했다.   1962년부터 대한상의 주최로 열린 '경제계 신년인사회'는 대통령을 비롯해 정부 각료와 주요 기업인이 참석한 경제계 새해맞이 행사다. 박근혜 대통령이 참석했던 2016년을 끝으로 문재인 정부에서는 5년간 대통령이 참석하지 않다가 지난해 신년인사회에 윤석열 대통령이7년 만에 참석했다. 올해도 대통령 참석이 예정돼 있으며 이재용 삼성전자 회장과 최태원 SK그룹 회장 겸 대한상공회의소(대한상의) 회장, 정의선 현대차그룹 회장, 구광모 LG그룹 회장 등 주요 대기업 총수들이 참석한다.   이 같은 행사에 재계 5위 포스코를 이끄는 최 회장이 2년 연속 불참하는 셈이다. 신년인사회는 대한상의와 중소기업중앙회가 재계에 참석 안내문을 보내고 이에 응하는 최고경영자(CEO)가 참석하는 방식으로 개최되는데 포스코 측은 올해 참석한다는 회신을 보내지 않았다. 이와 관련, 재계에서는 최 회장과 정부의 불편한 관계가 재확인됐다는 해석이 나온다. 그는 이번 정권 들어 신년인사회는 물론 대통령 해외순방 마다경제사절단에 포함되지 못했다.   특히 올해는 그의 회장 3연임 도전이 기정사실화됐다는 점에서 신년인사회 불참이 갖는 의미가 크다는게 재계 해석이다. 그룹 지주사 포스코홀딩스의 최대주주(지분율 6.7%)인 국민연금은 최근 최 회장의 3연임 도전에 사실상 반대 의사를 보이기도 했다. 김태현 국민연금 이사장은 ""포스코홀딩스 대표선임은 내외부인 차별없는 공평한 기회가 부여되어야 하며, 공정하고 투명한 기준과 절차에 따라 공개적으로 이뤄져야한다""고 밝혔다. 최 회장이 선임한 사외이사 위주로 구성한 CEO후보추천위원회(후추위)가 공정한 회장 후보자 심사를 할 수 있겠냐는 취지의 발언이었다.   김 이사장의 발언에 박희재 CEO후보추천위원회 위원장은 ""현 회장의 지원여부에 전혀 관계없이 독립적으로 투명하고 공정하게 차기 회장 심사절차를 진행해 나갈 것""이라고 밝혔다. 표면상 김 이사장 발언에 반박하는 형식의 반응이었지만, 국민연금의 지적에 '최대한공정하게 심사하겠다'는 답을 낸 것이라는 해석도 나왔다.   포스코 차기 회장 인선은 지난달 이사회를 기점으로 정해진 절차대로 진행될 예정이다. 회장 후보군 발굴 및 자격심사를 통해 최종 후보 1인을 늦어도 내년 2월 중순까지 이사회에 추천할 예정이다. 후추위는 후보군 추천을 받기 위해 포스코홀딩스 지분 0.5% 이상 보유 주주를 대상으로 공문을 발송했다. 후추위는 다음달 8일까지 △회장후보육성프로그램을 거친 내부 후보자의 지원 △주주 및 서치펌 추천을 받는다. 그 결과를 종함해 다음달 중순까지 내부 및 외부 후보자를 망라한 20~30명 정도의 롱리스트를 작성한다. 이후 외부 저명인사들로 구성한 인선자문단의 자문을 받아 숏리스트를 압축하고, 차기회장을 확정한다.     [관련기사] ☞ '재혼' 임형준 ""전처 소생 子, 결혼식 초대 고민""…죄책감에 눈물 ☞ ""나도 죽었어야 했나""…16기 상철, '故이선균 추모' 영숙 저격 ☞ 출산한 아기 피부색에 당황…美난임병원 실수에 두 가정 '날벼락' ☞ 박민영 전 남친 논란에... ""내내 후회, 정신과 검사서 위험신호"" ☞ 故이선균 협박녀 얼굴 공개됐다…""95년생 미혼모"" 신상공개한 유튜버   안정준 기자 7up@mt.co.kr     키워드림론 최대 4배 주식자금 & 고금리 대환상품 한도 오픈! (1644-6960)   [무료운세] 믿어야 돼 말아야 돼? 종목매수전에 믿고보는 '오늘의 운세'        [파워 인터뷰]       매수전에 점 부터 보고 가실께요 -> 오늘의 운세 [복채무료]      ⓒ 머니투데이 & mt.co.kr, 무단 전재 및 재배포 금지"
170,2,"2024-01-02","08:00:16","포스코 회장 3연임 도전 앞둔 최정우, 재계 신년인사회 또 '패싱'","[머니투데이 안정준 기자] 재계 5위 기업 수장인 최정우 포스코그룹 회장이 '경제계 신년인사회'(이하 신년인사회)에 2년 연속으로 불참한다. 대통령을 비롯한 정부 각료와 기업인이 참석하는 이 행사를 재차 '패싱'한다는 점에서 최 회장과 정부 간 매끄럽지 못한 관계가다시 확인됐다는 해석이 나온다. 특히 올해는 최 회장의 3연임 도전이 기정사실화된 가운데 최대주주인 국민연금이 사실상 연임 반대 의사를보인 상태라 그의 신년인사회 불참이 포스코 회장 인선 작업에 어떤 영향을 줄지 관심이 쏠린다.   2일 포스코그룹과 재계에 따르면 최 회장은 이날 오전 서울 여의도 중소기업중앙회관에서 열리는 경제계 신년인사회에 참석하지 않기로 한 것으로 확인됐다. 포스코 관계자는 ""이날 회사 시무식에 참석하는 관계로 (신년인사회에) 참석하는 것이 어렵게 된 것으로 알고있다""고 말했다.   1962년부터 대한상의 주최로 열린 '경제계 신년인사회'는 대통령을 비롯해 정부 각료와 주요 기업인이 참석한 경제계 새해맞이 행사다. 박근혜 대통령이 참석했던 2016년을 끝으로 문재인 정부에서는 5년간 대통령이 참석하지 않다가 지난해 신년인사회에 윤석열 대통령이7년 만에 참석했다. 올해도 대통령 참석이 예정돼 있으며 이재용 삼성전자 회장과 최태원 SK그룹 회장 겸 대한상공회의소(대한상의) 회장, 정의선 현대차그룹 회장, 구광모 LG그룹 회장 등 주요 대기업 총수들이 참석한다.   이 같은 행사에 재계 5위 포스코를 이끄는 최 회장이 2년 연속 불참하는 셈이다. 신년인사회는 대한상의와 중소기업중앙회가 재계에 참석 안내문을 보내고 이에 응하는 최고경영자(CEO)가 참석하는 방식으로 개최되는데 포스코 측은 올해 참석한다는 회신을 보내지 않았다. 이와 관련, 재계에서는 최 회장과 정부의 불편한 관계가 재확인됐다는 해석이 나온다. 그는 이번 정권 들어 신년인사회는 물론 대통령 해외순방 마다경제사절단에 포함되지 못했다.   특히 올해는 그의 회장 3연임 도전이 기정사실화됐다는 점에서 신년인사회 불참이 갖는 의미가 크다는게 재계 해석이다. 그룹 지주사 포스코홀딩스의 최대주주(지분율 6.7%)인 국민연금은 최근 최 회장의 3연임 도전에 사실상 반대 의사를 보이기도 했다. 김태현 국민연금 이사장은 ""포스코홀딩스 대표선임은 내외부인 차별없는 공평한 기회가 부여되어야 하며, 공정하고 투명한 기준과 절차에 따라 공개적으로 이뤄져야한다""고 밝혔다. 최 회장이 선임한 사외이사 위주로 구성한 CEO후보추천위원회(후추위)가 공정한 회장 후보자 심사를 할 수 있겠냐는 취지의 발언이었다.   김 이사장의 발언에 박희재 CEO후보추천위원회 위원장은 ""현 회장의 지원여부에 전혀 관계없이 독립적으로 투명하고 공정하게 차기 회장 심사절차를 진행해 나갈 것""이라고 밝혔다. 표면상 김 이사장 발언에 반박하는 형식의 반응이었지만, 국민연금의 지적에 '최대한공정하게 심사하겠다'는 답을 낸 것이라는 해석도 나왔다.   포스코 차기 회장 인선은 지난달 이사회를 기점으로 정해진 절차대로 진행될 예정이다. 회장 후보군 발굴 및 자격심사를 통해 최종 후보 1인을 늦어도 내년 2월 중순까지 이사회에 추천할 예정이다. 후추위는 후보군 추천을 받기 위해 포스코홀딩스 지분 0.5% 이상 보유 주주를 대상으로 공문을 발송했다. 후추위는 다음달 8일까지 △회장후보육성프로그램을 거친 내부 후보자의 지원 △주주 및 서치펌 추천을 받는다. 그 결과를 종함해 다음달 중순까지 내부 및 외부 후보자를 망라한 20~30명 정도의 롱리스트를 작성한다. 이후 외부 저명인사들로 구성한 인선자문단의 자문을 받아 숏리스트를 압축하고, 차기회장을 확정한다.     [관련기사] ☞ '재혼' 임형준 ""전처 소생 子, 결혼식 초대 고민""…죄책감에 눈물 ☞ ""나도 죽었어야 했나""…16기 상철, '故이선균 추모' 영숙 저격 ☞ 출산한 아기 피부색에 당황…美난임병원 실수에 두 가정 '날벼락' ☞ 박민영 전 남친 논란에... ""내내 후회, 정신과 검사서 위험신호"" ☞ 故이선균 협박녀 얼굴 공개됐다…""95년생 미혼모"" 신상공개한 유튜버   안정준 기자 7up@mt.co.kr     키워드림론 최대 4배 주식자금 & 고금리 대환상품 한도 오픈! (1644-6960)   [무료운세] 믿어야 돼 말아야 돼? 종목매수전에 믿고보는 '오늘의 운세'        [파워 인터뷰]       매수전에 점 부터 보고 가실께요 -> 오늘의 운세 [복채무료]      ⓒ 머니투데이 & mt.co.kr, 무단 전재 및 재배포 금지"
170,3,"2024-01-02","08:00:12","바이든이 줄였다, 美에서 보조금 혜택 받는 전기차 차종 19개 뿐","미국 전기차 배터리에 들어가는 핵심 광물 외국우려기업에 중국 포함하면서 보조금 혜택 차종 지난해 43개에서 19개로 대폭 축소 미국 재무부 ""보조금 지급 대상 향후 변동될 가능성 있어""      【실리콘밸리=홍창기 특파원】    미국에서 미국 정부의 보조금을 받을 수 있는 전기차 차종이 43개에서 19개로 대폭 줄었다. 조 바이든 미국 정부가 중국산 배터리 부품을 사용하는 전기차를 보조금 대상에서 완전히 배제하면서다. 1일(현지시간) 미국 에너지부에 따르면 올해인플레이션감축법(IRA)의 세액공제 혜택을 받을 수 있는 전기차 차종은 총 19개다. 테슬라와 리비안이 각각 5개, 포드 3개, 쉐보레·지프 각각 2개, 링컨·크라이슬러 각각 1개 등이다.  미국은 배터리 부품과 핵심광물 원산지 요건을 충족하고 북미에서 최종 조립된 전기차를 대상으로 최대 7500달러(약 974만 원)의 세액공제 혜택을 제공하고 있다. 전기차 보조금 대상이 크게 줄어든 것은 올해부터배터리 부품 요건이 대폭 강화됐기 때문이다. 이 혜택을 받으려면 배터리 부품은 올해 부터 배터리에 들어가는 핵심광물은 내년 부터 외국우려기업(FEOC)에서 조달하면 안 된다. 이와 관련해 미국 정부는 지난 달 중국에 있는 사실상 모든 기업을 FEOC로 규정했다. 전기차업계가 중국산 부품에 크게 의존하는 상황에서 FEOC 규정 때문에 보조금 지급 대상이 줄어들 것으로 전망됐는데 그 예상이 현실화 된 것이다.  이에 따라 지난해 말까지 총 43개 차종이 세액공제 형태의 전기차 보조금을 받을 수 있었는데 22개 차종이 올해 부터 보조금을 받을수 없게 됐다. 재무부는 일부 자동차 제조사가 보조금을 받을 수 있는 차량의 정보를 완전히 제출하지 않아 향후 지급 대상 명단에 변동이 있을 수 있다고 설명했다. 재무부는 ""자동차 제조사들은 구매자들이 계속해서 새 전기차 구매 세액공제를 받을 수 있도록 공급망을 조정하고, 동맹국들과 협력하며, 일자리와 투자를 다시 미국으로 가져오고 있다""라고 밝혔다. 한편, 한국 차 기업이 미국에서 판매하는 전기차의 경우 지난해부터 전기차 보조금 혜택을 받을 수 없는 상태다. 지난해 4월 전기차 보조금 혜택 요건이 까다로워지면서 FEOC 규정 적용 전부터 보조금 지급 대상에서 빠졌다.         theveryfirst@fnnews.com 홍창기 기자  [파이낸셜뉴스 주요뉴스]  → 100억대 위약금에 유서 쓴 이선균, 아내 전혜진에 남긴 말은... → ""혼전순결 강조하며 성관계 안한 남편, 알고 보니..."" 반전 사연 → 정대세의 폭탄 고백 ""아내와 결혼 10년 만에 이혼을..."" → 10살연하와 결혼한 女배우 고백 ""남편이 계좌번호를..."" → 전남 광양 앞바다서 40대男 숨진 채 발견, 시신 살펴보니 → 주식으로 속이 답답할 때 [파인애플]  ▶▶[무료공개]◀◀ 지금 ""1,000만원""만 있어도 당장 ""이것"" 부터 사라!! >>> (무료 체험)    ※ 저작권자 ⓒ 파이낸셜뉴스. 무단 전재-재배포 금지 "
170,4,"2024-01-02","08:00:05","한동훈, 오늘 대전·대구 찾는다…전국 순회 '광폭 행보'","한동훈 국민의힘 비상대책위원장이 지난 1일 서울 여의도 중앙당사에서 열린 신년인사회에서 인사말을 하고 있다. (사진=연합뉴스)     [뉴스토마토 박진아 기자] 한동훈 국민의힘 비상대책위원장이 2일 대전·대구 방문을 시작으로 내주 초까지 전국주요 도시를 순회하며 당원과 지역 주민들의 목소리를 들을 예정입니다.      한 비대위원장은 이날 오전 대전현충원을 참배한 뒤 대전컨벤션센터에서 열리는 대전시당 신년인사회에 참석합니다. 오후에는 대구 엑스코에서 열리는 대구시당·경북도당 합동 신년인사회에 자리합니다. 이어 지역 언론이 주최하는 신년교례회에 함께 합니다.      오는 3일에는 청와대 영빈관에서 열리는 윤석열 대통령 주재 신년인사회가 예정돼 있는데요. 비대위원장직을 맡은 이후 공식석상에서는 처음 윤 대통령과대면할 예정입니다.      다만 당초 참석하기로 했던 이재명 민주당 대표는 윤 대통령의 이른바 '쌍특검법'(김건희 여사 주가조작 의혹·대장동 50억 클럽 특검법)에 대한 거부권 행사를 이유로 참석을 고심 중인 것으로 알려져 '3자 회동'이 무산될 가능성도 있습니다.     아울러 한 비대위원장은 4일에는 광주를 찾아 5·18 민주묘지를 참배한 뒤 광주시당 신년인사회를 찾아 호남지역 당원들과 만납니다. 같은 날 오후에는 청주 장애인스포츠센터에서 열리는 충북도당 신년인사회도 찾습니다. 5일과 8일에는 각각 경기도당, 강원도당 신년인사회에 참석할 예정입니다.     앞서 한 비대위원장은 전국 순회를 앞두고 ""국민의힘은 전국 정당이다. 각 지역의 생생한 목소리를 듣고, 그에 맞는 정교한 정책을 보여야 하기 때문에 지방을 다니는 것은너무나 당연한 일""이라고 말했습니다.     박진아 기자 toyouja@etomato.com [박진아 기자의 다른 뉴스] ·수성이냐 탈환이냐…1라운드는 '인적쇄신' · 이준석 ""뜻대로 안되면 '카르텔' 지목…정치 세력 교체해야"" · 한동훈 ""국민에게 동료의식 실천하는 당으로 거듭날 것"" [이 시각 주요뉴스] · 새해 역대급 '입주·공급 절벽'…전세 비상 · 김정은, '남=교전국' 명시…한반도긴장 '최고조' · ""외국인 간택받아야 산다""…제조 중기의 눈물  -경제전문 멀티미디어 뉴스통신 뉴스토마토 저작권자(c)뉴스토마토통신. 무단전재-재배포 금지-"
170,5,"2024-01-02","08:00:04","[인포맥스 POLL] 1분기 금 저가 매수 기회…긴축 완화·실질금리 하락","[인포맥스 POLL] 1분기 금 저가 매수 기회…긴축 완화·실질금리 하락       (서울=연합인포맥스) 홍예나 기자 = 2일 금융시장 전문가들은 올해 1분기 금 가격을 온스당 1,995.45달러로 전망했다.      은과 구리 가격 전망치는 각각 온스당 23.91달러와 톤당 8,374.00달러로 집계됐다.      알루미늄은 1분기에 톤당 약 2,261.11달러를 기록할 것으로 관측됐고, 니켈 전망치는 톤당 17,787.50달러로 조사됐다.      ◇ 금, 긴축 완화·실질 금리 하락 전망이 가격 지지      연합인포맥스 원자재 부문 전망 컨센서스 종합(화면번호 8852)에 따르면, 국내·외 11개 기관의 전문가들은 뉴욕상품거래소(COMEX)에서거래되는 금 가격이 올해 1분기 온스당 평균 1,995.45달러를 나타낼 것으로 전망했다.      지난해 말 금 가격은 2,080달러 수준에서 마무리됐다.      올해 2분기와 3분기 전망치는 각각 2,014.55달러와 2,044.55달러로 제시됐다.      NH 투자증권의 황병진 연구원은 ""연방준비제도(Fed·연준)를 중심으로 글로벌 중앙은행들이 긴축을 종료하면서 명목금리가 반락해 장기안전자산 매수세가 예상된다""며 ""경기 연착륙 전망에도 기준금리 인하가 나타나 실질금리 하락에 따른 단기 인플레이션 헤지 수요도 자극될전망""이라고 말했다.      그는 ""최근까지 명목금리가 가파르게 하락해 일시적인 되돌림 가능성이 있기는 하나 단기적으로 불가피한 가격 조정은 결국 장기 금 투자 비중 확대를 위한 저가 매수 기회가 될 것으로 판단된다""고 관측했다.      하나증권의 전규연 연구원도 ""연준 금리 인하에 대한 기대감이 높아지면서 실질금리가 하락할 가능성이 크며 내년 미 달러 약세도 금 가격을 지지할 것""이라며 ""금 가격은 내년 3분기까지 추세적 상승세를 보일 것""으로 예상했다.      그는 ""신흥국 중앙은행들의 금 매입 수요도 유지되고 있고 경기 둔화 흐름이 본격적으로 나타나게 되면 안전자산 성격의 금 보유 성향도늘어날 가능성이 있다""고 덧붙였다.      그는 ""다만 시장이 연준의 금리 인하를 다소 빠르게 반영하고 있어 주기적 되돌림이 발생할 수 있다는 점은 염두에 둘 필요가 있다""며 "" 조정 시 매수 전략이 유효하다""고 언급했다.      은 가격 전망치는 지난 분기보다 소폭 낮아졌다.      국내·외 7개 기관의 전문가들은 은 가격이 1분기에 온스당 23.91달러 선에서 움직일 것으로 예상했다. 이전 전망치는 24.21달러였다.      올해 2분기 전망치는 온스당 24.50달러로, 3분기 전망치는 25.13달러로 하반기로 갈수록 가격이 오를 것으로 전망됐다.  *그림1*       ◇ 구리·알루미늄·니켈 전망치 하향      국내·외 10개 기관의 전문가들은 런던금속거래소(LME)에서 거래되는 구리 가격의 1분기 전망치도 소폭 하향 조정했다.      올해 1분기 구리 가격 전망치는 톤당 8,374.00달러로 집계됐다. 기존 전망치 8,723.74달러와 비교하면 전망치가 하향됐다.      2분기 구리 가격 전망치는 8,523.00달러로, 3분기는 8,727.00달러로 집계됐다.      황 연구원은 ""올해 구리 가격은 상반기 상승, 하반기 조정이 예상된다""고 말했다. 그는 ""글로벌 시장 대비 타이트한 중국 내 수급 상황이 연초 실물 소비자들의 재고 비축, 수입 확대로 나타나 최근까지 공급우위 경계심을 높여온 투자자들의 숏 커버링 빌미가 될 전망""이라고 관측했다.      그는 ""다만 올해 하반기에는 연준의 실축 또는 경기 경착륙 가능성을 염두에 두고 구리를 비롯한 비철금속의 가격 조정을 대비해야 한다""고 내다봤다.      대신증권의 최진영 연구원은 ""연준의 금리 인하 기대감과 파나마 광산 문제는 가격 상방 요인이나 단기적으로 금리인하를 선반영한 현재의 가격은 다소 과도하다""고 진단했다. 그는 ""뒤늦게 반영될 중국의 부양 효과 및 라니냐 재개 등을 고려하면 올해 말 점진적 반등이 가능하나 그 이전까지는 단기 조정 가능성을 경계할 필요가 있다""고 전했다.      국내·외 6개 기관의 전문가들이 전망한 알루미늄 가격도 1분기 톤당 2,261.11달러로 기존 2,367.08달러에서 내렸다.      2분기와 3분기 전망치는 각각 2,318.89달러와 2,414.44달러였다.      국내·외 9개 기관의 전문가들이 전망한 1분기 니켈 가격 평균치는 17,787.50달러로 기존의 21,069.52달러에서 크게 하락했다. 2분기와 3분기 컨센서스는 17,837.50달러와 18,450.00달러다.      삼성선물의 옥지희 연구원은 ""배터리 및 스테인리스향 니켈 수요 감소와 공급 급증으로 올해에도 초과 공급이 예상되며 단기적으로 니켈가격이 추가 하락할 것으로 보인다""고 관측했다.   *그림2*       ◇ 옥수수·대두·소맥      국내·외 4개 기관의 전문가들은 올해 1분기 옥수수 가격을 부셸당 평균 456.67센트로 전망했다. 2분기에는 450.00센트를, 3분기에는 453.33센트로 제시했다.      1분기 대두 가격은 부셸당 1,303.33센트로, 2분기와 3분기 전망치는 1,310.67센트와 1,320.00센트로 집계됐다.      소맥은 1분기에 부셸당 593.40달러를 나타낼 것으로 내다봤다.      ynhong@yna.co.kr"
170,6,"2024-01-02","08:00:02","[인포맥스 POLL] 유가, 내년 1분기 70달러대 박스권 등락","[인포맥스 POLL] 유가, 내년 1분기 70달러대 박스권 등락       (서울=연합인포맥스) 김지연 기자 = 국제유가는 내년 1분기에도 특별한 상승이나 하락 동력 없이 70달러대의 박스권에서 제한적 흐름을보일 것으로 예상됐다.      2일 연합인포맥스 콘센서스 종합(화면번호 8852)에 따르면 서부텍사스산원유(WTI) 선물은 내년 1분기에 78.08달러 수준을 나타낼 것으로전망됐다.      내년 2분기 전망치 역시 1분기와 같은 78.08달러로 집계됐다.      최근 유가 레벨이 배럴당 70달러 초중반에서 등락한 것을 고려하면 내년 상반기에도 유의미한 상승이나 하락 없이 박스권에서 등락할 가능성이 크다는 의미다.  *그림1*       이번 조사에는 국내외 기관 13곳이 참여했다. 해외 기관은 12월 전망치를, 국내 기관은 지난 15일부터 22일 기간까지의 전망치를 집계했다.      1분기 WTI 전망치 중 가장 높은 가격을 제시한 곳은 뱅크오브아메리카(BofA)로, 배럴당 90달러를 제시했다.      반면 가장 낮은 전망치를 제시한 곳은 삼성선물로, 배럴당 70달러를 예상했다.      최근 유가는 석유수출국기구(OPEC)와 러시아 등 비(非)OPEC 주요 산유국들의 협의체인 'OPEC 플러스(OPEC+)'의 감산과 홍해에서 예멘 반군 후티의 공격 등에도 불구하고 배럴당 70달러선에서 거래됐다.      내년 중국 경제 둔화 등으로 글로벌 원유 수요가 감소할 것이란 예상이 강해서다.      하나증권의 전규연 연구원은 ""국제유가는 배럴당 70달러대의 박스권에서 등락할 전망""이라며 ""OPEC+의 감산에도 불구하고, 글로벌 경기모멘텀이 약화하면서 수요 반등에 대한 기대감이 크지 않을 것""으로 내다봤다.      그는 ""앙골라의 OPEC 탈퇴로 결속력 문제 등이 부각됐지만, 미국 상업용 원유 재고 증가와 미국 셰일기업들의 생산력 확대 등으로 OPEC의 감산분이 일부 상쇄됐다""며 ""주요 선진국들의 경기 사이클 약화로 유가 상·하단 모두 제한된 그림이 전개될 것""으로 예상했다.      NH투자증권의 황병진 연구원은 '내년 3월까지 계절적 성수기에도 불구하고 엘니뇨 기후로 인한 온화한 겨울 날씨로 석유 불확실성이 내년 1분기까지 이어질 것""으로 내다봤다.      그는 ""난방 시즌을 지나 수요가 정상화하는 내년 2분기 진입 시 전 세계 석유 시장 수급상 공급부족 재현 가능성을 주시해야 한다""며 ""단기적으로는 배럴당 70달러선 유가 하방경직성 여부에 주목하되 2분기 이후 유가 상승 반전 가능성을 염두에 둘 것을 권한다""고 덧붙였다.      연합인포맥스가 집계한 1분기 브렌트유 전망치는 배럴당 82.36달러였다. 2분기 전망치는 82.91달러로 브렌트유 역시 내년 상반기 보합세를 보일 것으로 예상된다.      모두 12개 기관이 참여했다.      천연가스 가격은 내년 소폭 상승할 것으로 예상된다.   *그림2*       연합인포맥스에 따르면 미국 천연가스 선물 가격은 1분기에 100만BTU(열량단위)당 2.99달러 수준으로 예상됐다.      2분기에는 2.88달러로 소폭 낮아졌다가 3분기부터 다시 3달러대 수준을 회복할 것으로 예상됐다.      간밤 천연가스 선물 가격이 100만BTU당 2.5달러대였던 것을 고려하면 내년부터 소폭의 상승세를 보일 것이란 의미다.      내년 1분기와 2분기 천연가스 가격을 각각 2.90달러, 2.80달러로 제시한 삼성선물의 김광래 연구원은 ""엘리뇨 현상으로 평균 온도가 상승함에 따라 겨울철 난방 수요 기대가 낮아졌지만, 제트 스트림 기류 약화에 따른 강한 저기압 소용돌이인 '극소용돌이' 남하로 일부 북반구 주요 국가들에서 깜짝 한파 발생 가능성이 높아질 것""으로 예상했다.      jykim@yna.co.kr"
170,7,"2024-01-02","08:00:01","[오늘의 증시일정](2일)","[오늘의 증시일정](2일)       ◇ 주주총회      ▲ 주식회사 오에스피[368970]      ▲ (주)셀젠텍[258250]      ▲ (주)에이티세미콘[089530]       ◇ 신규상장      ▲ 포스코DX[022100]       ◇ 추가 및 변경상장      ▲ 에이치엘비생명과학(주)[067630](BW행사 1만9천200주 8천889원)      ▲ 이원다이애그노믹스(주)[245620](BW행사 20만1천236주 985원, CB전환 66만1천2주 2천213원)      ▲ (주)베셀[177350](유상증자 1천337만919주 1천62원)       ▲ 주식회사 라이프시맨틱스[347700](유상증자 543만6천560주 2천5원)      ▲ (주)메지온[140410](스톡옵션 2만주 7천766원)      ▲ (주)사람인[143240](스톡옵션 9천주 1만6천425원)      ▲ (주)파수[150900](스톡옵션 1만주 6천885원, 스톡옵션 2천주 3천453원)      ▲ (주)넵튠[217270](스톡옵션 3만주 2천524원, 스톡옵션 4천111주 4천972원)      ▲ 태평양물산(주)[007980](CB전환 16만2천337주 1천848원)      ▲ 케이에이치전자(주)[111870](CB전환 6만6천666주 7천500원, CB전환 26만6천666주 7천500원)      ▲ 에스지이(주)[255220](CB전환 137만3천626주 1천456원)      (서울=연합뉴스)  (끝)     <저작권자(c) 연합뉴스, 무단 전재-재배포 금지>"
171,1,"2024-01-02","07:58:36","서국동 NH농협손보 사장 ""안정적 수익 창출 최우선""","서국동 NH농협손보 사장 ""안정적 수익 창출 최우선""       (서울=연합인포맥스) 정지서 기자 = 서국동 NH농협손해보험 신임 대표이사가 안정적인 수익 창출을 강조했다.      2일 NH농협손보에 따르면 지난달 29일 오후 서대문구 본사에서 열린 취임식에서 서 대표이사는 ""가치 중심의 균형 있는 성장을 통한 안정적 수익 창출을 이뤄 나가겠다""고 말했다.      그는 ""전문성을 강화해 지속적으로 성장 가능한 시장경쟁력을 제고하겠다""며 ""디지털 혁신과 신사업 발굴 등을 적극 추진하여 미래 성장기반 마련에 힘쓰겠다""고 강조했다.      더불어 ""농업보험을 고도화해 농업, 농촌의 실익 증진에 기여할 것""이라고 덧붙였다.      서국동 대표는 지난 1990년 농협중앙회에 입사해 농협은행 안양시 지부장, 농협중앙회 상호금융대체투자부 부장, 농협중앙회 상호금융기획본부 본부장 등을 역임했다.      *그림1*       jsjeong@yna.co.kr"
171,2,"2024-01-02","07:57:20","“일본의 국가대표기업 인수, 막는건 외국인혐오증”…작심발언한 前장관","트럼프 행정부 상무장관 윌버 로스 일본제철의 US스틸 인수합병 관련 제동걸고 나선 바이든 행정부 비판  “선거철 불안감에 노조 말만 따라해 인수, 국가경제·안보에 위협 아니다”   “선거철 불안감 때문에 바이든 행정부와 일부 경합주 양당 의원들이 일본제철의 US스틸 인수에 대한 노조 우려를 앵무새처럼 반복하고 있다. ” 미국 트럼프 행정부에서 4년간(2017년~2021년) 상무장관을 지낸 윌버 로스가 1일(현지시간) 미·일간 철강 인수합병(M&A)에 제동을 건 바이든 행정부의 백악관을 정면비판했다. 로스 전 장관은 이날 월스트리트저널(WSJ) 기고문에서 “외국인 혐오증(Xenophobia)이 일본제철의 협상 적들을 부추기고 있다”고 문제제기했다. 그는 “일본제철의 US스틸 인수는 미국 경제와 국가 안보에 위협이 되지 않는다”고 적시했다. 앞서 일본제철은 지난 달 19일 미국 산업화의 상징인 US스틸을 141억달러(약 18조원)에 인수한다고 발표했다. 2022년 조강생산량 4만437만t으로 세계 4위인 일본제철이 27위업체인 US스틸을 인수하면 세계 3위로 부상한다. 그러나 미국 철강노조는 노사간 충분한 협의없이 US스틸이 외국기업에 매각됐다면서 반발하고 있다. 레이얼 브레이너드 백악관 국가경제위원회(NEC) 위원장은 성명을 내고 “바이든 대통령은 긴밀한 동맹국의 기업일지라도 상징적인미국 기업 인수시 국가 안보 및 공급망 신뢰성에 미칠 수 있는 영향을 면밀히 조사해야 한다고 생각한다”면서 외국인투자심의위원회(CFIUS) 에 공을 넘긴 바 있다. 이는 미국 북부 러스트 벨트(Rust belt, 쇠락한 산업단지)에 걸쳐있는 철강노조 표심을 고려한 조치로 해석된다. 이에 대해 로스 전 장관은 “일본 철강 제조기술은 최소한 US스틸만큼 발전되어 있다”며 “기술 수출통제는 문제될 것이 없다”고 평가했다. 그는 외국 정부의 보조금을 받은 불공정한 기업으로 인해 미국 공장 가동을 중단할 경우 국가안보 문제가 될 수 있지만 일본제철은 ‘트럼프 고율 철강관세’를 피하기 위해 속임수를 쓰지 않았다고 설명했다. 로스 전 장관은 “일본제철과 US스틸 인수합병에 대한 워싱턴 정치인들의 공격은 불필요한 지정학적 긴장을 조성하고 이러한 긴장이 오히려 미국 국가 안보를 위협할 수 있다”고 비판했다. 이어 “미국 정치인들이 해외 시장 접근을 시도하면서 미국 진입문을 차단하는 것은 위선적”이라고 지적하고 이러한 비일관성이 보호무역주의를 부추기고 교역·안보파트너로서 미국 신뢰성을 떨어뜨릴 수 있다고 염려했다. 특히 로스 전 장관은 일본을 핵심 동맹국이라고 강조했다. 그는 “일본의 미쓰비시중공업이 미국 정부 허가를 받아서 패트리어트 미사일을 생산하고 공급한다”며 “일본은 2022년 미국에 7000억달러 이상 투자한 최대 직접투자국”이라고 강조했다.    [ⓒ 매일경제 & mk.co.kr, 무단 전재, 재배포 및 AI학습 이용 금지]"
171,3,"2024-01-02","07:57:03","52년 재임 덴마크 여왕 퇴임 선언... 55세 장남이 승계","현재 재임 중인 전 세계 군주 중가장 오랜 기간인 52년동안 재위한 군주인 덴마크의 마르그레테 2세(83) 여왕이 전격 퇴위를 선언했다고 BBC 와 CNN 등 주요 외신이 1일(현지 시각) 보도했다.    외신 보도를 종합하면, 마르그레테 2세 여왕은 전날 TV로 생중계된 신년사에서 “지금이 적기라고 결정했다”며 큰아들 프레데릭(55) 왕세자에게 왕위를 넘기겠다고 밝혔다.  마르그레테 2세는 “국민이 보내준 온정과 지지에 무엇보다 고맙다”고 했다.  그는 지난해 2월 받은 허리 수술을 언급하며 “자연스럽게 미래에 대한 생각, 책임을 다음 세대에게 맡길 때가 됐다는 생각이 들었다”고 했다. 퇴임일은 즉위 52주년인 오는 14일로 정했고, 이후에도 ‘여왕’ 칭호는 유지된다.  삼녀 중 맏이인 마르그레테 2세는 1972년 1월 아버지인 프레데릭 9세 서거 후 국왕에 올랐다. 영국 케임브리지대에서 고고학을 전공한 그는예술을 장려했고 스키를 즐겼으며, 거의 경호 없이 코펜하겐 거리를 걷는 등 항상 밝고 따뜻한 모습을 보였다. 전통에 얽매이지 않는 실용적인 면모로 왕실 현대화를 이끌었다는 평가다. 앞서 70년여간 재임한 영국 엘리자베스 2세 여왕이 2022년 9월 서거한 후 그가 현존 최장 집권군주가 됐다.  마르그레테 2세 여왕은 그동안 사망할 때까지 왕위에 머물겠다고 공언해왔다. BBC는 “많은 덴마크인들은 사랑받는 군주가 죽을 때까지 왕위에 머물기를 기대했다”고 보도했다. 하지만 이날 신년사에서 이스라엘 하마스 전쟁과 우크라이나 전쟁, 기후위기와 인공지능(AI) 등을 거론하다가 갑작스럽게 퇴위를 발표했다.  왕위에 오를 프레데릭 왕세자는 프랑스, 미국 등지에서 수학 후 덴마크 오르후스대에서 정치학 석사를 받고 왕실 전통에 따라 장기간 군 복무를 거쳤다. 마라톤과 보트 경기 출전을 즐기며 국제올림픽위원회(IOC) 위원도 지낸 그는 2004년 호주의 직장인 메리 도날드슨(51)과 결혼해네 자녀를 뒀다.  -  이용성 기자  Copyrights ⓒ ChosunBiz.com"
171,4,"2024-01-02","07:56:00","[하루만보 하루천자]'맨발걷기' 주민 호응 정읍에 세 번째 황톳길","전북 정읍시가지 북쪽을 감싸고 있는 성황산. 이곳에 올 연말 전북의 세 번째 '황톳길'이 생긴다. 최근 건강을 위한 '맨발걷기'가 주목받으며 정읍 시민들이 줄곧 요구해왔던 사업 중 하나다. '2023년 정읍시 하반기 특별교부세 사업' 예산에 성황산 맨발 황톳길 조성 사업이 포함되면서 정읍에 도심 속 힐링 공간이 꾸려지게 됐다.     성황산은 정읍 시내에 있어 접근성이 뛰어나다. 또한 서쪽 기슭에 충무공 이순신의 사당인 충렬사, 한국전쟁 때 희생된 영령들을 기리는충혼탑 등으로 구성된 충무공원이 있어 그 자체만으로도 걷기 코스로는 제격이다. 3가지 등산코스가 있으며 등산하기 편하도록 나무 데크로되어 있고 정상에서는 정읍 시내를 한눈에 볼 수 있다.   이러한 성황산에 '맨발로 걸을 수 있는 황톳길'까지 마련되면 더욱 많은 시민이 다양한 걷기체험을 누릴 수 있게 될 것으로 기대된다.   '정읍 성황산 맨발 황톳길 조성' 사업은 국회 농림축산식품해양수산위원회 윤준병 의원(전북 정읍시·고창군)이 직접 사업을 기획, 발굴하고 사업비 확보를 위해 큰 노력을 기울여왔다. 윤 의원은 행정안전부를 직접 찾아가 관계자들을 만나며 사업의 당위성과 필요성을 설명하는등의 노력을 통해 4억원의 예산을 확보할 수 있었다.   정읍시는 올 연말까지 성황산에 황톳길(연장 3km)을 조성하고 이외 세족 시설·쉼터·배수로 등의 시설도 설치할 계획이다.   작년 말 기준 전북에는 장수 방화동 휴양림·고창 웰파크 등 두 곳에 황톳길이 조성돼있다. 이번 '성황산 맨발 황톳길'이 만들어지면 전북 세 번째 황톳길인 셈이다.   산림청과 설치를 협의하고 있는 북면의 국립숲체험원에도 맨발걷기 운동 공간이 마련될 수 있도록 설계단계에서 관리할 예정이다.   윤준병 의원은 ""정읍 시민들이 성황산 황톳길로 자연을 접하며 건강증진을 도모할 수 있을 것이란 생각을 하니 너무 기쁘다""며 ""앞으로도정읍시와 협의해 지역 현안 해결을 위한 예산 확보에 최선을 다하겠다""고 강조했다.     ● 주식으로 돈 벌까? 오늘의 운세로 확인  ● 국내 최저 신차 장기렌트 견적 문의 IWS오토  ● 급등임박 추천주를매일 알려주는 곳이 있다고? [카톡방 입장]  [관련기사]  ☞ [하루만보 하루천자]‘건강도시’ 구현이 국가·지자체 ‘의무’ 된 이유      오주연 기자 moon170@asiae.co.kr   <ⓒ투자가를 위한 경제콘텐츠 플랫폼, 아시아경제(www.asiae.co.kr) 무단전재 배포금지>  [관련기사]"
171,5,"2024-01-02","07:55:30","""아모레퍼시픽, 향후 주가 향방 코스알엑스에 달렸다""-KB",">> ★아직도... 돈내고 추천주를 받으세요? [무료카톡방] ★  나에게 맞는 종목추천 AI알고리즘을 찾고 싶다면? 한경 로그인만 하면 1개월 무료체험가능       KB증권은 아모레퍼시픽에 대해 향후 주가 향방은 코스알엑스에 달려있다며 투자의견은 '매수'를 유지하고 목표주가는 17만원으로 상향했다.  박신애 KB증권 연구원은 2일 ""코스알엑스를 제외하면 아모레퍼시픽의 올해 실적에 대한 기대감이 높을 수 없는 상황""이라며 ""코스알엑스는 현재 폭발적인 외형 성장과 영업 레버리지 효과를 누리고 있는 구간에 있어 실적 전망이 쉽지 않지만 올해 연간 매출과 영업이익이 각각 30%, 25% 성장할 것으로 추정된다""고 말했다.  올해 중국 법인 매출은 14% 성장하고 영업적자 228억원을 나타낼 것으로 예상된다. 올해 면세 매출은 전년 대비 46% 성장하면서 다시 2021 년 수준을 회복할 것으로 추정했으나 현재 중국인 관광객수 회복 속도가 지지부진해 낙관하기만은 어렵다. 다행스러운 부분은 순수 내수 채널들의 수익성이 그 동안의 구조조정 노력에 힘입어 개선되고 있다는 점이다.  아모레퍼시픽의 지난해 4분기 실적은 매출 9429억원, 영업이익 290억원을 나타내면서 매출과 영업이익이 컨센서스를 각각 9%, 36% 하회할 것으로 추정된다.  박 연구원은 ""국내 화장품의 경우 면세 및 이커머스 매출이 37%, 17%씩 하락하면서 부진한 흐름을 보일 전망이나 면세 마진 악화를 순수 내수 채널들의 마진 개선으로 상쇄하면서 수익성은 전년 동기와 유사한 수준을 보일 것으로 추정된다""며 ""중국 법인은 낮은 기저에도 불구하고 라네즈를 제외한 모든 브랜드 매출이 하락할 것으로 전망된다""고 말했다.  차은지 한경닷컴 기자 chachacha@hankyung.com      ▶▶[급등종목]◀◀ 지금 ""1,000만원""만 있다면 당장 ""이것"" 매수해라!! >>> (무료공개)  >> ★무료카톡방★ 이제 추천주 ""무료""로 받으세요! ★무료카톡방★  ▶▶ 월0.2%대 최저금리 X 주식자금 4배 X 100%집중투자 => 부자네스탁론  [단기에 부자가 되는 방법] 상위 1%만의 강의 무료 제공 중 (pw:4560)  나에게 맞는 종목추천 AI알고리즘을 찾고 싶다면? 한경 로그인만 하면 1개월 무료 체험가능  [오늘의 이슈] 급등임박! 올해 반드시 상승할 ""실시간 TOP3"" 확인하세요! ▶▶ 무료 클릭!                관련기사 ""6000만원 싸게 팔아요""…오피스텔, 눈물의 마피 라면 아무거나 3팩 담아 9900원…'파격할인' 유명 개그맨 앞세운 사기에 수천명 당했다 ""AI 앞세워 식민지 지배""…최악의 시나리오 등장 '억대연봉' 조합장 결단…""월급 200만원 받겠다""    ⓒ 한국경제 & hankyung.com, 무단전재 및 재배포금지"
171,6,"2024-01-02","07:55:26","[김용갑의 외환분석] 기존 레인지에서","[김용갑의 외환분석] 기존 레인지에서       (서울=연합인포맥스) 2일 달러-원 환율은 1,290원대 중반을 중심으로 등락할 것으로 예상된다.      이날 달러-원은 달러 반등 등을 반영해 상승 출발할 것으로 보인다.      미국채 수익률이 장기구간 중심으로 상승하면서 달러가 올랐다. 일부에서 달러 숏커버(매도포지션 청산)도 유입했다.      스페인의 12월 소비자물가지수(CPI) 상승률이 예상치를 밑돈 점도 달러 상승을 뒷받침했다.      이 같은 재료는 이날 달러-원에 상방압력을 더할 수 있다.      최근 연방준비제도(Fed·연준)의 금리인하 기대감으로 주식과 채권 가격이 상승해 레벨 부담이 있다는 지적이 계속됐다. 달러도 과매도상태인 것으로 진단됐다.      이는 시장이 연준의 금리인하 기대를 이미 반영했기 때문으로 판단됐다.      시장의 금리인하 기대가 다소 과도하다는 지적 속에서 시장의 금리인하 기대치도 일부 축소됐다. 그럼에도 시장은 여전히 연준이 올해 3 월에 금리를 인하할 것으로 예상했다.      또 중국 경제지표로 위안화가 약세를 보이면 원화에도 부담으로 작용할 수 있다.      지난주 중국 은행이 예금금리를 인하하고 중국인민은행이 시장에 유동성을 공급한 후 위안화는 대체로 약세를 나타냈다.      지난주 목요일 인민은행은 분기 통화정책위원회 회의 이후 성명에서 위안화 안정을 보장하고 환율 오버슈팅 위험에 단호히 대비할 것이라고 밝혔다.      또 기존 통화정책을 강화하고 소비자물가를 끌어올리겠다고 했다. 이에 지난 29일 아시아장에서 역외 달러-위안이 하락했으나 그날 뉴욕장에서 역외 달러-위안은 다시 상승했다.      또 지난 주말에 중국의 12월 구매관리자지수(PMI)는 예상치를 밑돌았다. 특히 중국 공장활동은 6개월 만에 최저 수준으로 위축됐다.      중국의 12월 신규 주택판매 감소세도 가속화했다.      시진핑 중국 국가주석은 지난달 31일 발표한 신년사에서 당국 노력에도 해결되지 않은 경제난을 언급하면서 경기 회복을 위해 노력하겠다는 뜻을 밝혔다.      수급상 수입업체 결제수요 등 매수세는 장중 달러-원 상승세를 자극할 수 있다. 다만 일부 시장참가자는 지난 연말에 결제수요가 어느 정도 처리됐다고 봤다.      수출업체 네고 등 매도물량은 달러-원 상단을 제한할 수 있다.      우리나라 수출이 3개월 연속 플러스를 이어간 점은 원화에 긍정적이다.      전날 산업통상자원부는 지난해 우리나라 12월 수출이 반도체, 자동차 수출 증가에 힘입어 전년 동월 대비 5.1% 증가했다고 발표했다.      12월 무역수지는 흑자를 기록해 작년 6월부터 7개월 연속 흑자 기조를 이어갔다. 지난해 우리나라 수출이 '상저하고' 흐름을 보여 올해수출전망도 나쁘지 않은 것으로 평가됐다.      연준의 금리인하 기대가 여전한 점도 달러-원 추가 상승압력을 제한하는 재료다. 뉴욕증시는 작년 마지막 거래일에 포트폴리오 변경, 차익실현, 리밸런싱(재조정) 등으로 하락 마감했다. 하지만 대부분 시장참가자는 연준 금리인하 기대 속에서 증시 전망을 어둡게 보지 않았다.     엔화는 강세를 기록했다. 일본은행(BOJ)이 올해 마이너스 금리정책을 종료할 것이란 기대 때문이다.      지난주 우에다 가즈오 BOJ 총재는 일본 언론과의 인터뷰에서 통화정책 전환에 서두르지 않을 것이라고 말하며 기존 입장을 반복했다.      하지만 시장이 주목한 건 다른 부분이다. 우에다 총재는 내년에 단기금리가 마이너스 영역에서 벗어날 가능성이 제로가 아니라고 했다.    또 그는 BOJ가 중소기업의 임금협상 결과가 나오기 전에 결정을 내릴 수 있다고 말했다.      이를 두고 시장은 우에다 총재가 1월 인상 가능성을 배제하지 않으면서도 봄에 기준금리를 인상할 수 있는 근거를 마련하는 발언을 내놓았다고 분석했다.      이에 시장은 BOJ가 1월과 7월보다 4월에 움직일 가능성을 눈여겨보고 있다.      시장은 이날 오전 장중 중국 차이신의 12월 제조업 PMI와 위안화 등을 주시할 것으로 보인다.      중국 차이신의 12월 제조업 PMI는 50.4로, 전달(50.7)보다 낮아질 것으로 예상된다.      뉴욕 차액결제선물환(NDF) 시장에서 달러-원 1개월물은 지난달 29일 밤 1,292.80원(MID)에 최종 호가됐다. 최근 1개월물 스와프포인트(-2.30원)를 고려하면 전장 서울외환시장 현물환 종가(1,288.00원) 대비 7.10원 오른 셈이다. (금융시장부 기자)      ygkim@yna.co.kr"
171,7,"2024-01-02","07:55:19","""SK하이닉스, 올해 영업익 10조 달할 것…목표가↑""-미래",">> ★아직도... 돈내고 추천주를 받으세요? [무료카톡방] ★  나에게 맞는 종목추천 AI알고리즘을 찾고 싶다면? 한경 로그인만 하면 1개월 무료체험가능     목표가 15만원→17만3000원      미래에셋증권은 2일 SK하이닉스의 목표주가를 기존 15만원에서 17만3000원으로 높였다. D램 가격이 올라 올해 SK하이닉스의 실적이 시장기대치를 웃돌 것이란 전망에서다. 투자의견은 '매수'를 유지했다.  이 증권사 김영건 연구원은 ""SK하이닉스의 주가는 주가순자산비율(PBR) 밴드(범위) 상단을 돌파할 것""이라며 ""거시경제는 환경은 나쁘지만, 시장을 독과점하고 있는 3개사가 가동률을 조절해 업황이 개선됐다""고 평가했다.  그러면서 ""반도체 공급자들은 이번 불황을 겪으며 리스크 관리 경험을 쌓았다""며 ""반도체 공급사의 연간 적자는 근시일내 재발하지 않을 것이며 SK하이닉스 실적은 안정적인 흐름을 보일 것""이라고 전망했다.  미래에셋증권은 올해 SK하이닉스의 영업이익이 10조원에 달할 것으로 봤다. 작년 대비 흑자 전환한 것이다. 매출액은 전년 대비 59.5% 오른 51조3000억원을 기록할 것으로 예상했다.  김 연구원은 ""생성형 인공지능(AI)이 불러온 반도체 수요를 흡수하며 SK하이닉스의 실적은 성장하고 있다""며 ""주요 정보기술(IT) 기기에 탑재되는 범용 메모리 가격이 상승하고 있는 점도 긍정적""이라고 설명했다.  이어 ""가동률 축소, 수요 회복에 힘입어 메모리 가격은 빠르게 상승할 것""이라며 ""올해 고대역폭메모리(HBM)를 포함한 그래픽용 D램의 가격은 30.9% 오를 것으로 봤다. 범용 메모리 가격은 41% 상승할 것으로 추정했다.  진영기 한경닷컴 기자 young71@hankyung.com     ▶▶[급등종목]◀◀ 지금 ""1,000만원""만 있다면 당장 ""이것"" 매수해라!! >>> (무료공개)  >> ★무료카톡방★ 이제 추천주 ""무료""로 받으세요! ★무료카톡방★  ▶▶ 월0.2%대 최저금리 X 주식자금 4배 X 100%집중투자 => 부자네스탁론  [단기에 부자가 되는 방법] 상위 1%만의 강의 무료 제공 중 (pw:4560)  나에게 맞는 종목추천 AI알고리즘을 찾고 싶다면? 한경 로그인만 하면 1개월 무료 체험가능  [오늘의 이슈] 급등임박! 올해 반드시 상승할 ""실시간 TOP3"" 확인하세요! ▶▶ 무료 클릭!                관련기사 분양가보다 5000만원 '뚝'…오피스텔 수난시대 라면 아무거나 3팩 담아 9900원…'파격 할인' 유명 개그맨 앞세운 사기에 수천명 당했다 ""AI 앞세워 식민지 지배""…최악의 시나리오 등장 '억대연봉' 조합장 결단…""월급 200만원 받겠다""    ⓒ 한국경제 & hankyung.com, 무단전재 및 재배포 금지"
172,1,"2024-01-02","07:46:56","[오늘의 증시] 펨트론?오에스피 등","[무상증자] 펨트론  [상호변경] LS에코에너지  [주주총회] 에이티세미콘?오에스피  [불성실공시법인지정] 라이트론?윈텍  손민지 기자(handmin@etoday.co.kr)  [종목기사] ● [오늘의 증시 리포트] “파인엠텍, 내년에는 이차전지가 실적 증대에 기여” ● [급등락주 짚어보기] 아진엑스텍·대동기어·이랜시스 등 로봇 관련주 상한가 ● [특징주] 펨트론, 반도체 패키징 검사장비 ‘아폴론’ 초도 물량 국내 S사향 공급 소식에 강세  [오늘의 핫클릭]  ●‘통신 장애’ 취소 부산 광안리 드론쇼...1일 오후에야 진행 ●[내일날씨] 2일 전국 곳곳 눈?비...아침 최저기온 -2∼5도  ●투자에 강한 경제신문 '이투데이' 증권 뉴스 ●경영정보를 전달드리는 유료 뉴스 서비스 Channel 5  ●수익률 미쳤다. 따블계좌 속출! 1억이 절실한 분은 입장!! ●[실시간] 오늘의 주요 종목 뉴스 확인하기 ●[실시간] 오늘의 특징주 살펴보기        이투데이(www.etoday.co.kr), 무단전재 및 수집, 재배포금지   프리미엄 경제신문 이투데이  "
172,2,"2024-01-02","07:46:09","일본 강진에 동해안에 최고 67㎝ 높이 지진해일…31년 만에 최대 규모","일본 이시카와현 노토반도 북쪽 해역에서 일어난 지진의 여파로 동해안에서 최고 67㎝ 높이의 지진해일(쓰나미)이 관측됐다. 국내에서 50㎝넘는 높은 파도가 발생한 것은 1993년 이후 31년 만이다.  2일 기상청에 따르면 지난 1일 오후 8시 기준 동해안에서 발생한 지진해일의 최고 높이는 묵호 67㎝, 속초 41㎝, 임원 30㎝, 남항진 20㎝, 후포 18㎝이다. 지진해일이 동해안에 처음 도착한 시점은 강원 강릉 남항진이 지난 1일 오후 6시 1분, 동해 묵호 오후 6시 6분, 속초 오후 6시10분, 삼척 임원 오후 6시 15분, 경북 울진 후포 오후 6시 52분이다.  기상청은 이날 “지진해일이 24시간 이상 지속될 수 있다”며 “강원 해안 일부는 지진해일로 해수면 높이가 높아질 수 있어 안전에 주의해야 한다”고 설명했다.  지진해일은 바다에서 강진이 발생하거나 화산이 폭발로 인해 해수면 높이가 급격히 변하면서 발생하는 거대한 파도다. 일반적으로 파도의 높이(파고)가 50㎝를 넘으면 해안 저지대의 침수 우려가 커서 대피해야 할 수준으로 본다. 지진해일은 지진 최초 발생 시점부터 24시간 동안 영향을 미친다.  기상청은 지진해일 높이가 50㎝에 머물 것으로 예상한다. 다만 지진해일 높이는 ‘지진해일 파고’만의 높이로 조석이나 기상조에 따른 조위(조수의 흐름에 따라 변하는 해수면 높이)가 반영되지 않아 수치보다 위험도가 클 가능성도 있다.  기상청에 따르면 이날 2~3m 높이의 파도가 예상되며 지진해일이 겹치면서 동해안에서 큰 파도가 덮칠 가능성도 있다. 특히 해수면 높이가 높은 만조 때 지진해일이 오면 위험성은 더 커진다.  일본에서 발생한 지진으로 국내에 지진해일 주의보가 발표된 것은 2005년 3월이 마지막이다. 당시 일본 후쿠오카 해역에서 규모 7.0 지진이발생해 지진해일 주의보가 발표됐으나 지진해일이 관측되지는 않았다.  국내에서 50㎝ 이상 높이의 파도가 발생한 것은 1993년 7월 이후 처음이다. 당시에도 일본에서 일어난 지진의 여파에 영향을 받았다. 일본 오쿠시리 해역에서 발생한 규모 7.8의 지진이 발생해 국내에서 지진해일 특보가 발표됐고, 속초에서 최대 2.76m 높이의 파도가 발생했다.  이병철 기자 alwaysame@chosunbiz.com   Copyrights ⓒ ChosunBiz.com"
172,3,"2024-01-02","07:45:42","日 강진에 5명 사망…바이든 ""필요한 모든 지원 할 것""","[머니투데이 윤세미 기자] 새해 첫날 일본 이시카와현 노토 지역에서 발생한 규모 7.6 강진으로 5명이 사망하는 등 인명 피해가 잇따르고 있다. 조 바이든 미국 대통령은 필요한 모든 지원을 하겠다고 밝혔다.   NHK 등 일본 언론에 따르면 이시카와현은 지진 발생 12시간이 되는 2일 오전 4시 10분 기준 5명의 지진 사망자가 나왔다고 발표했다. 부상자집계는 나오지 않았으나 NHK는 지자체와 병원 등을 취재한 결과 2일 오전 5시 기준 이시카와현, 니가타현, 후쿠이현, 도야마현, 기후현 등 5 개 현에서 주민 다수가 다쳤고 무너진 주택에 고립된 주민들도 있는 것으로 파악된다고 전했다.   또 지진 영향에 이시카와현에서 3만 세대 이상에 정전이 발생했으며 밤새 전력은 복구되지 않았다. 이시카와현 와지마시에선 강진 영향으로대규모 화재도 발생했는데 이로 인해 건물 50채 이상이 불에 탔다. 고속열차 신칸센은 나가노역과 가나자와역을 잇는 구간에서 운행이 중단됐고 활주로 균열로 노토공항과 고마쓰공항 등에선 결항이 이어지고 있다.   여진도 계속된다. 이시카와현 노토 지역에선 진도 1 이상의 여진이 90차례 이상 관측됐다. 일본 기상청은 앞으로 일주일 동안 최대 진도 7의추가 지진이 발생할 수 있다며 각별한 주의를 당부했다.   조 바이든 미국 대통령은 1일 당국자로부터 이번 지진에 대해 보고받은 뒤 지원을 약속했다. 그는 성명에서 ""미국은 일본 국민에게 모든 필요한 지원을 제공한 준비가 돼 있다""면서 ""어려운 시기에 우리의 마음은 일본 국민과 함께한다. 긴밀한 동맹국으로서 미국과 일본은 국민을 하나로 연결하는 우정의 연대를 공유한다""고 밝혔다.   이번 강진은 1일 오후 4시10분경 발생했다. 규모 7.6으로 2011년 동일본대지진(9.0)보단 작았으나 1995년 1월 한신대지진(7.3)보다 강력했다. 일본 기상청은 동해를 마주 보는 일본 해안 일대에 쓰나미 경보와 주의보를 내리고 주민들에 고지대로 대피하라고 지시했다. 이시카와현 와지마항에선 높이 1.2m의 쓰나미가 관측되기도 했다.     [관련기사] ☞ '재혼' 임형준 ""전처 소생 子, 결혼식 초대 고민""…죄책감에 눈물 ☞ ""나도 죽었어야 했나""…16기 상철, '故이선균 추모' 영숙 저격 ☞ 출산한 아기 피부색에 당황…美난임병원 실수에 두 가정 '날벼락' ☞ 박민영 전 남친 논란에... ""내내 후회, 정신과 검사서 위험신호"" ☞ 故이선균 협박녀 얼굴 공개됐다…""95년생 미혼모"" 신상공개한 유튜버   윤세미 기자 spring3@mt.co.kr     키워드림론 최대 4배 주식자금 & 고금리 대환상품 한도 오픈! (1644-6960)   [무료운세] 믿어야 돼 말아야 돼? 종목매수전에 믿고보는 '오늘의 운세'        [파워 인터뷰]       매수전에 점 부터 보고 가실께요 -> 오늘의 운세 [복채무료]      ⓒ 머니투데이 & mt.co.kr, 무단 전재 및 재배포 금지"
172,4,"2024-01-02","07:45:17","[인사]대구경북과학기술원(DGIST)","2024년 신년운세 토정비결 사주 확인!  [이데일리 강민구 기자] ●대구경북과학기술원(DGIST)  ◇보직  △교학부총장 은용순  △융복합대학장 장진호  △대학원장 이종수  △교무처장 정낙천  △기획처장 박경준  △연구처장(산학협력단장 겸임) 구재형  △학생처장 김소희  △학술정보본부장 이성훈.  (2024년 1월 1일자)     ▶▶[무료공개]◀◀ 지금 ""1,000만원""만 있어도 당장 ""이것""부터 사라!! >>> (무료체험)  [AI분석] 이번주 급등주 찾기!! ""500만원으로 20억"" 버는 종목 공개!! ▶무료로 확인가능◀     ＜ⓒ종합 경제정보 미디어 이데일리 - 무단전재 & 재배포 금지＞    "
172,5,"2024-01-02","07:44:57","서울시, 체납 지방세 카톡 안내 '3명중 2명 납부'","서울시는 체납된 세금을 카카오톡으로 알려주는 '스마트폰 체납 안내·납부 서비스'를 한 달간 시범 운영한 결과 수신자 3명 중 2명꼴로바로 납부하는 등 징수 효과가 확인됐다고 2일 밝혔다.   시는 지난해 11 월1일부터 카카오톡 알림으로 지방세 체납 정보를 안내하는 서비스를 시행 중이다. 시범운영 기간은 오는 3월까지다.   시범운영 한 달 동안 카톡 체납 알림을 받고 상세 내역을 열람한 수신자의 66%가 세금을 낸 것으로 나타났다. 특히 주민세는 열람한 수신자의 71%가 세금을 납부했다.   이와 함께 체납 세금 카톡 안내는 환경보호 측면에서도 긍정적이다. 시는 종이 고지서로 제작해 우편으로 발송하는 데 필요한 비용은 약 4500만원이지만, 카톡 알림은 약 10분의 1 수준인 470만원에 불과하다고 설명했다. 이는 나무 53그루를 심는 것과 비슷해 탄소 배출을 484㎏줄이는 효과가 있다.   시는 올해 1분기에는 카톡 회원이면 알림 수신이 가능하도록 서비스를 확대해 더 많은 시민이 더 편리하게 체납 안내를 받고 납부할 수 있도록 할 방침이다.   김진만 서울시 재무국장은 ""앞으로도 시는 시민과 함께하는 편의 서비스를 지속해서 확대할 예정""이라며 ""최신 기술과 행정혁신을 통해 지방세 체납 문제를 개선해 나갈 것""이라고 말했다.     ● 주식으로 돈 벌까? 오늘의 운세로 확인  ● 국내 최저 신차 장기렌트 견적 문의 IWS오토  ● 급등임박 추천주를매일 알려주는 곳이 있다고? [카톡방 입장]  [관련기사]  ☞ 김현기 서울시의회 의장, 2023년 제야의 종 타종  ☞ 판소리부터 천사들의 합창까지…청룡의 해 여는 '신년 음악회' 풍성  ☞ 정부·서울시 합동 '제야의 종' 행사 안전점검…10만 밀집 대비  ☞ '최고 133층' 상암DMC 랜드마크 용지, 새해 주인 찾을까  ☞ 투자 성공의 핵심은 기업분석! 'CORE' 바로가기      성기호 기자 kihoyeyo@asiae.co.kr   <ⓒ투자가를 위한 경제콘텐츠 플랫폼, 아시아경제(www.asiae.co.kr) 무단전재 배포금지>"
172,6,"2024-01-02","07:44:43","강남구, 미래 발전 역량 키울 ‘미래전략기획단’ 신설","혁신전략과·공간개발과로 구성   [강남구 제공]  [헤럴드경제=김우영 기자] 서울 강남구(구청장 조성명) 은 새해 조직개편을 통해 강남 발전을 이끌 미래전략기획단을 신설했다고 2일 밝혔다.  국 단위(4급)인 미래전략기획단은 로봇인공지능과 자율주행 등 미래 교통수단 등을 담당하는 혁신전략과와 국제교류복합지구 개발 등을 맡는 공간개발과로 구성됐다.  강남구는 행정문화복합타운(G-plex) 조성을 비롯해 영동대로 복합개발, 수서역 환승센터 복합개발 등 대규모 개발사업이 동시다발적으로 추진되는데다 재건축·재개발 사업 활성화에 따른 균형 개발 계획 등 강남 발전의 큰 변화를 앞두고 행정역량을 집중하기 위해 미래전략기획단을 출범했다고 설명했다.  조성명 강남구청장은 “1970년대 영동개발 이후 강남은 다시 한 번 대변혁의 시기를 맞고 있다”며 “조직개편을 통해 강남 미래 발전에 대한 체계적인 전략을 수립하고 대규모 개발 사업을 성공적으로 추진하겠다”고 말했다.          ▶ 무조건 오르는 비공개 급등종목 ""반드시"" 확인하기 >> 오늘의 추천종목 정보 제공 받기 <<    ▶ 급등 임박! 반드시 상승할 ""유망 종목 TOP3"" 실시간 시세 확인하기 >> 종목 무료로 받아보기 <<    ▶ 비트코인 와르르 大폭락에 OO테마주 들썩, 상위 1% TF팀 >> 선착순 100명 급등 종목 무료제공 <<     ▶ 내 계좌 '5억'만들기 프로젝트! VIP 서비스 5일 무.료.체.험 EVENT >>보유 종목 무료분석<<        ▶ 상위 1%의 급등주 정보, 선착순 100명에게 무료로 제공 중… >>초대형 대장주 비밀리에 입수<<       ▶ 단 돈 ""만 원"" 있어도 10배 이상 터질 종목 ""지금"" 사도 무조건 터진다 >> 매일 VIP 무료추천주 <<       ▶ 아무도 몰랐던 급상승 ""VIP 히든종목"" 분석자료 선착순 무료제공!! >>최상위종목 ""시세"" 확인하기<<"
172,7,"2024-01-02","07:44:31","5초 진료하고 보험금 54만원 타낸 한의사…벌금 100만원","[머니투데이 류원혜 기자] 교통사고 환자를 5초 진료하고 한방 물리요법을 시행했다며 보험금을 타낸 한의사가 벌금형을 선고받았다.   서울중앙지법 형사20단독 서수정 판사는 보험사기방지 특별법 위반 혐의로 기소된 A씨(52)에게 벌금 100만원을 선고했다고 2일 밝혔다.   A씨는 2021년 2~4월 교통사고 입원 환자 B씨에게 도인 운동요법(한의사가 직접 힘을 가해 신체의 기능 회복을 도모하는 수기 운동요법) 치료하지 않고도 한 것처럼 진료비 명세서를 조작, 보험사로부터 총 11회에 걸쳐 54만원을 받은 혐의로 재판에 넘겨졌다.   A씨는 재판 과정에서 ""도인 운동요법은 환자를 치료대에 올리는 것부터 전반적인 상태 평가, 치료 후 재평가까지 모든 과정을 포함한다""며 ""B씨에게 도인 운동요법을 실시했으므로 보험금을 편취한 것이 아니다""라고 주장했다.   B씨는 ""A씨가 다른 사람의 목과 허리를 만지는 것은 봤지만 난 그런 치료를 받은 적 없다"", ""침 치료 과정에서 A씨가 통증 부위를 만져보고 침을 놓는 정도의 촉진만 했다. 5초 이내였다"", ""입원 치료 기간 중 병원 안내에 따라 도수 치료실에 1회 들어갔다가 진료받지 않고 그냥 나왔다"" 등 주장했다.   재판부는 ""국토교통부의 한방 물리요법 진료비 산정 기준을 보면 도인 운동요법은 통증이나 장애가 나타난 근육과 척추, 관절의 기능을회복하기 위해 '해당 부위에 10분 이상' 실시한 경우""라고 지적했다.   이어 ""B씨는 일관되게 진술하고 있다. B씨가 침술 부위 확인을 위한 촉진을 넘어 도인 운동요법을 받지 않았다고 보는 것이 타당하다""며 ""A씨의 공소사실이 유죄로 인정된다""고 벌금형 선고 이유를 밝혔다.     [관련기사] ☞ '재혼' 임형준 ""전처 소생 子, 결혼식 초대 고민""…죄책감에 눈물 ☞ ""나도 죽었어야 했나""…16기 상철, '故이선균 추모' 영숙 저격 ☞ 출산한 아기 피부색에 당황…美난임병원 실수에 두 가정 '날벼락' ☞ 박민영 전 남친 논란에... ""내내 후회, 정신과 검사서 위험신호"" ☞ 故이선균 협박녀 얼굴 공개됐다…""95년생 미혼모"" 신상공개한 유튜버   류원혜 기자 hoopooh1@mt.co.kr     키워드림론 최대 4배 주식자금 & 고금리 대환상품 한도 오픈! (1644-6960)   [무료운세] 믿어야 돼 말아야 돼? 종목매수전에 믿고보는 '오늘의 운세'        [파워 인터뷰]       매수전에 점 부터 보고 가실께요 -> 오늘의 운세 [복채무료]      ⓒ 머니투데이 & mt.co.kr, 무단 전재 및 재배포 금지"
173,1,"2024-01-02","07:33:15","""태영건설 워크아웃, 잠깐의 고통으로 시장 빠르게 안정될 것""",">> ★아직도... 돈내고 추천주를 받으세요? [무료카톡방] ★  나에게 맞는 종목추천 AI알고리즘을 찾고 싶다면? 한경 로그인만 하면 1개월 무료체험가능       한국투자증권은 태영건설의 워크아웃(공동관리절차) 신청과 관련해 시장이 빠르게 안정될것이라고 전망했다.   강경태 한국투자증권 연구원은 2일 ""시장 논리에 맡긴 프로젝트파이낸싱(PF) 재구조화는 이미 시작됐고 부실 사업장은 싼 값으로 새로운 주인을 찾아갈 것""이라며 ""정부의 대응방안대로 워크아웃이 질서 있게 진행된다면 지금 겪는 잠깐의 고통이 시장 회복을 빠르게 앞당길 것""이라고 말했다.   앞서 태영건설은 지난해 12월 28일 채권은행에 워크아웃을 신청했다. 워크아웃은 제22대 총선(4월 10일) 전에 시행될 것이다. 관련법 조항에 근거해 계산한 기업개선계획 작성 및 의결 기한은 2024년 4월 11일, 공동관리기업과 기업개선계획 이행 약정 체결 기한은 2024년 5월 11일이다.  부실징후기업인 태영건설과 최대주주인 티와이홀딩스가 주채권은행에 제출한 자구안의 성실도에 따라 판가름 나겠지만 산업과 금융 시장 안정을 위해 총선이 있기 전까지 주채권은행을 중심으로 지체없이 의사를 결정할 것이라는 게 강 연구원의 전망이다.  시장의 우려에 비해 회사가 현금화할 수 있는 수단은 많다. 부실징후기업인 태영건설, 태영건설의 대주주인 티와이홀딩스가 자구안에 담을 수 있는 지분 및 자산매각 풀(Pool)은 1조6400억원으로 추정한다.   강 연구원은 ""SBS 관련 지분 처분금액을 포함하면 2조300억원까지 마련할 수 있지만 가능성은 50% 미만""이라며 "" 대주주의 사채출연 가능성 또한 높기 때문에 실제 매각 풀은 1조6400억원을 훌쩍 뛰어넘을 것""이라고 말했다.  차은지 한경닷컴 기자 chachacha@hankyung.com      ▶▶[급등종목]◀◀ 지금 ""1,000만원""만 있다면 당장 ""이것"" 매수해라!! >>> (무료공개)  >> ★무료카톡방★ 이제 추천주 ""무료""로받으세요! ★무료카톡방★  ▶▶ 월0.2%대 최저금리 X 주식자금 4배 X 100%집중투자 => 부자네스탁론  [단기에 부자가 되는 방법] 상위 1%만의 강의 무료 제공 중 (pw:4560)  나에게 맞는 종목추천 AI알고리즘을 찾고 싶다면? 한경 로그인만 하면 1개월 무료 체험가능  [오늘의 이슈] 급등임박! 올해 반드시 상승할 ""실시간 TOP3"" 확인하세요! ▶▶ 무료 클릭!                관련기사 라면 아무거나 3팩 담아 9900원…'파격 할인' 유명 개그맨 앞세운 사기에 수천명 당했다 ""AI 앞세워 식민지 지배""…최악의 시나리오 등장 ' 억대연봉' 조합장 결단…""월급 200만원 받겠다"" 한국 기술에 日 '러브콜'…2500억 잭팟 터졌다    ⓒ 한국경제 & hankyung.com, 무단전재 및 재배포 금지"
173,2,"2024-01-02","07:32:44","관악구, 착한가격업소 지원 등 물가안정 총력","물가대책 종합상황실 가동   관악구 가격표시제 지도 점검 모습 [관악구 제공]  [헤럴드경제=김우영 기자] 서울 관악구(구청장 박준희)는 지난해에 이어 올해도 물가대책 종합상황실을 가동하는 등 물가안정을 위한 다양한 시책을 추진한다고 2일 밝혔다.  이를 위해 관악구는 외식비, 의복 수선료 등 45개 품목, 3000개소에 대해 모니터링을 실시하고 구민 생활과 밀접한 생필품과 농축수산물 30종에 대해선 매달 한 차례 물가정보를 제공하는 개인서비스 요금 물가관리를 실시한다.  또 소매업소를 대상으로는 판매가격 표시와 허위 표기 여부 등을 확인하는 가격표시제 지도 점검 노력도 이어진다.  특히 물가안정에 솔선수범하는 착한가격업소는 업소별맞춤형 물품 지원은 물론 다양한 방법으로 이용 홍보도 도울 예정이다.  관악구는 지난해 착한가격업소를 85개소로 확대해 연간 76만원상당의 인센티브 물품을 지원했다고 밝혔다.  박준희 관악구청장은 “물가안정은 구민생활과 직접 관련되는 만큼 앞으로도 체계적으로 관리해 구민이 체감할 수 있도록 최선을 다하겠다”고 말했다.            ▶ 무조건 오르는 비공개 급등종목 ""반드시"" 확인하기 >> 오늘의 추천종목 정보 제공 받기 <<    ▶ 급등 임박! 반드시 상승할 ""유망 종목 TOP3"" 실시간 시세 확인하기 >> 종목 무료로 받아보기 <<    ▶ 비트코인 와르르 大폭락에 OO테마주 들썩, 상위 1% TF팀 >> 선착순 100명 급등 종목 무료제공 <<     ▶ 내 계좌 '5억'만들기 프로젝트! VIP 서비스 5일 무.료.체.험 EVENT >>보유 종목 무료분석<<        ▶ 상위 1%의 급등주 정보, 선착순 100명에게 무료로 제공 중… >>초대형 대장주 비밀리에 입수<<       ▶ 단 돈 ""만 원"" 있어도 10배 이상 터질 종목 ""지금"" 사도 무조건 터진다 >> 매일 VIP 무료추천주 <<       ▶ 아무도 몰랐던 급상승 ""VIP 히든종목"" 분석자료 선착순 무료제공!! >>최상위종목 ""시세"" 확인하기<<"
173,3,"2024-01-02","07:31:00","외국인만 2만명 김해시, 새해 더 각별한 지원책 펼친다","외국인만 2만명 김해시, 새해 더 각별한 지원책 펼친다  산업현장용 한국어 교육·중도 입국 외국인 자녀 1대1 멘토링 등  한국어 상설교육장 준비·결혼이민자 맞춤형 취업 지원 서비스도       (김해=연합뉴스) 최병길 기자 = 외국인노동자와 다문화가정이 경남에서 가장 많은 김해시가 새해 더 각별하고 다양한 지원책을 펼친다.    김해시는 내년부터 외국인 근로자가 많이 근무하는 한림, 진영, 진례지역 중소기업 현장에 한국어 강사를 보내 산업 현장용 한국어 교육을 할 계획이라고 2일 밝혔다.      김해에는 현재 2만여명의 외국인이 거주한다.      특히 증가하는 다문화가족 자녀와 학교 부적응으로 인한 사회적 문제를 예방하려고 다문화가족 자녀 지원을 강화한다.      미취학, 초등 저학년 대상으로 추진하던 기초학습 지원을 초등 고학년까지 확대하고 중위소득 50% 초과 100% 이하 다문화가족 자녀에게연간 초등 40만원, 중등 50만원, 고등 60만원을 지원할 예정이다.      중도 입국 외국인 자녀는 외국인 대학생과 1대 1로 연결해 학습, 학교생활 상담, 문화 체험을 할 수 있도록 한다.      또 외국인 주민이 시간에 구애받지 않고 원하는 시간과 요일에 수준별 학습을 받을 수 있는 한국어 상설 교육장 운영도 준비하고 있다.    다문화축제 등 행사 지원도 강화한다.       시는 해마다 여는 다어울림축제를 문화와 체육이 어우러진 축제가 되도록 새해부터 관련 예산을 5천만원으로 확대 편성했다.      사업별로 나뉜 외국인 이용시설 대상 보조금 사업을 사회적응 교육으로 통합해 이용시설 유형별 특성과 목적에 맞게 추진할 수 있도록 변경했다.      또 기존 이중언어 사용 활성화 환경 조성 위주로 추진하던 사업을 이중언어를 직접 교육하는 방식으로 병행 추진한다.      취·창업을 희망하는 결혼이민자 수요를 반영해 직업 사전교육을 하고 다양한 훈련기관과 연계하는 결혼이민자 맞춤형 취업 지원 서비스를 펼친다.       choi21@yna.co.kr  (끝)     <저작권자(c) 연합뉴스, 무단 전재-재배포 금지>"
173,4,"2024-01-02","07:30:33","[뉴욕 마켓 브리핑](1월2일)","[뉴욕 마켓 브리핑](1월2일)       *12월29일(현지시간)      -뉴욕증시 : 다우 0.05%↓ S&P500 0.28%↓ 나스닥 0.56%↓      -미 국채 10년물 금리 : 전거래일 오후 3시 기준보다 3.09bp 오른 3.881%      -달러화 : 엔화에 약세, 유로화에 강세. 달러 지수는 0.12% 오른 101.328      -WTI : 12센트(0.17%) 하락한 배럴당 71.65달러       *시황요약      △ 뉴욕증시는 연방준비제도(연준·Fed)의 내년 금리 인하 기대감에 랠리를 보여온 지수는 고점 부담에 오름폭을 축소해오다 이날 하락마감.      그러나 시장 분위기를 망칠 악재가 없는 만큼 올해도 산타 랠리가 이어질 것이라는 기대는 유지되고 있음.      S&P500지수 내 11개 업종 중에서 헬스와 필수소비재를 제외한 9개 업종이 모두 하락. 부동산과 임의소비재, 통신 관련주가 하락을 주도.      △ 미국 국채금리는 장 초반 매도 우위 흐름이 지배적이었지만, 오후 들어 만기별로 방향이 엇갈리며 혼조세.      연준의 기준금리 인하 기대감 속에 단기물 금리는 하락한 반면 중장기물은 상승으로 마감.      이날 미국 채권시장은 새해 첫날 연휴를 맞아 오후 2시에 조기 폐장했음.       달러화 가치는 주요 통화 대비 혼조를 보이며 지난해를 마감.       *데일리 포커스      -12월 시카고 연은 PMI 46.9로 급락[http://https://news.einfomax.co.kr/news/articleView.html?idxno=4293182[http://https://news.einfomax.co.kr/news/articleView.html?idxno=4293182]]      이번 달 미국 중서부 지방의 제조업 활동이 급속히 위축되는 흐름을 나타냈음.      29일(현지시간) 공급관리협회(ISM)-시카고 연은에 따르면 12월 시카고 제조업 구매관리자지수(PMI)는 46.9를 기록.      지난 11월 55.8을 기록하며 17개월 만에 가장 높은 수준으로 뛰어올랐던 시카고 제조업 PMI는 12월 들어 급락하며 월스트리트저널(WSJ)예상치인 50.0도 하회.      PMI는 50을 웃돌면 경기가 확장 국면임을, 50을 밑돌면 위축 국면임을 시사.       -웨드부시 ""애플, 29% 추가 상승 여력 있다""[http://https://news.einfomax.co.kr/news/articleView.html?idxno=4293187[http://https://news.einfomax.co.kr/news/articleView.html?idxno=4293187]]      애플(NAS:AAPL)이 올해 주가가 거의 50%나 뛰었지만 내년에도 29%의 추가 상승 여력이 있다고 미국 투자은행 웨드부시가 분석.      29일(현지시간) 미국 마켓워치에 따르면 웨드부시의 댄 아이브스 분석가는 투자 노트에서 애플이 중국에서 화웨이와 경쟁하고 있지만 신제품인 아이폰15로 갈아타려는 수요가 강력하다며 서비스 사업의 성장세까지 고려해 애플을 기술주 '최선호주'로 유지.      웨드부시는 애플 주식에 대해 목표주가 250달러와 매수에 해당하는 '시장수익률 상회(outperform)' 등급을 제시. 이는 현재 애플의 주가193달러 대비 29%의 상승 여력이 있다는 얘기.       -유나이티드헬스, 브라질 사업부 매각으로 70억달러 비용발생[http://https://news.einfomax.co.kr/news/articleView.html?idxno=4293186[http://https://news.einfomax.co.kr/news/articleView.html?idxno=4293186]]      유나이티드헬스 그룹 (NYS:UNH)은 브라질 사업부 매각 거래로 70억달러의 비용이 발생할 것이라고 밝혔다고 마켓워치가 29일(현지시간)보도.      해당 비용은 외화거래에 따른 누적 손실.      유나이티드헬스는 대부분이 비현금성 손실인 해당 비용은 내년 상반기에 완료될 것으로 예상되는 브라질 사업부 매각 거래가 종료되면 회계에 반영될 것이라고 설명.      유나이티드헬스는 해당 비용으로 2024회계연도 순이익 전망이 영향을 받을 것이라면서도 조정 주당순이익 예상치는 27.50달러~28달러로변화가 없을 것이라고 부연.       *아시아 시간대 주요 지표      ▲N/A 중국 12월 차이신 제조업 구매관리자지수(PMI)      *미국 지표/기업 실적      ▲23:45 미국 12월 스탠더드앤드푸어스(S&P) 글로벌 제조업 PMI      ▲(3일) 0:00 미국 11월 건설지출  *그림1*       jykim@yna.co.kr"
173,5,"2024-01-02","07:30:32","[뉴욕 마켓 브리핑](1월2일)","[뉴욕 마켓 브리핑](1월2일)       *12월29일(현지시간)      -뉴욕증시 : 다우 0.05%↓ S&P500 0.28%↓ 나스닥 0.56%↓      -미 국채 10년물 금리 : 전거래일 오후 3시 기준보다 3.09bp 오른 3.881%      -달러화 : 엔화에 약세, 유로화에 강세. 달러 지수는 0.12% 오른 101.328      -WTI : 12센트(0.17%) 하락한 배럴당 71.65달러       *시황요약      △ 뉴욕증시는 연방준비제도(연준·Fed)의 내년 금리 인하 기대감에 랠리를 보여온 지수는 고점 부담에 오름폭을 축소해오다 이날 하락마감.      그러나 시장 분위기를 망칠 악재가 없는 만큼 올해도 산타 랠리가 이어질 것이라는 기대는 유지되고 있음.      S&P500지수 내 11개 업종 중에서 헬스와 필수소비재를 제외한 9개 업종이 모두 하락. 부동산과 임의소비재, 통신 관련주가 하락을 주도.      △ 미국 국채금리는 장 초반 매도 우위 흐름이 지배적이었지만, 오후 들어 만기별로 방향이 엇갈리며 혼조세.      연준의 기준금리 인하 기대감 속에 단기물 금리는 하락한 반면 중장기물은 상승으로 마감.      이날 미국 채권시장은 새해 첫날 연휴를 맞아 오후 2시에 조기 폐장했음.       달러화 가치는 주요 통화 대비 혼조를 보이며 지난해를 마감.       *데일리 포커스      -12월 시카고 연은 PMI 46.9로 급락[http://https://news.einfomax.co.kr/news/articleView.html?idxno=4293182[http://https://news.einfomax.co.kr/news/articleView.html?idxno=4293182]]      이번 달 미국 중서부 지방의 제조업 활동이 급속히 위축되는 흐름을 나타냈음.      29일(현지시간) 공급관리협회(ISM)-시카고 연은에 따르면 12월 시카고 제조업 구매관리자지수(PMI)는 46.9를 기록.      지난 11월 55.8을 기록하며 17개월 만에 가장 높은 수준으로 뛰어올랐던 시카고 제조업 PMI는 12월 들어 급락하며 월스트리트저널(WSJ)예상치인 50.0도 하회.      PMI는 50을 웃돌면 경기가 확장 국면임을, 50을 밑돌면 위축 국면임을 시사.       -웨드부시 ""애플, 29% 추가 상승 여력 있다""[http://https://news.einfomax.co.kr/news/articleView.html?idxno=4293187[http://https://news.einfomax.co.kr/news/articleView.html?idxno=4293187]]      애플(NAS:AAPL)이 올해 주가가 거의 50%나 뛰었지만 내년에도 29%의 추가 상승 여력이 있다고 미국 투자은행 웨드부시가 분석.      29일(현지시간) 미국 마켓워치에 따르면 웨드부시의 댄 아이브스 분석가는 투자 노트에서 애플이 중국에서 화웨이와 경쟁하고 있지만 신제품인 아이폰15로 갈아타려는 수요가 강력하다며 서비스 사업의 성장세까지 고려해 애플을 기술주 '최선호주'로 유지.      웨드부시는 애플 주식에 대해 목표주가 250달러와 매수에 해당하는 '시장수익률 상회(outperform)' 등급을 제시. 이는 현재 애플의 주가193달러 대비 29%의 상승 여력이 있다는 얘기.       -유나이티드헬스, 브라질 사업부 매각으로 70억달러 비용발생[http://https://news.einfomax.co.kr/news/articleView.html?idxno=4293186[http://https://news.einfomax.co.kr/news/articleView.html?idxno=4293186]]      유나이티드헬스 그룹 (NYS:UNH)은 브라질 사업부 매각 거래로 70억달러의 비용이 발생할 것이라고 밝혔다고 마켓워치가 29일(현지시간)보도.      해당 비용은 외화거래에 따른 누적 손실.      유나이티드헬스는 대부분이 비현금성 손실인 해당 비용은 내년 상반기에 완료될 것으로 예상되는 브라질 사업부 매각 거래가 종료되면 회계에 반영될 것이라고 설명.      유나이티드헬스는 해당 비용으로 2024회계연도 순이익 전망이 영향을 받을 것이라면서도 조정 주당순이익 예상치는 27.50달러~28달러로변화가 없을 것이라고 부연.       *아시아 시간대 주요 지표      ▲N/A 중국 12월 차이신 제조업 구매관리자지수(PMI)      *미국 지표/기업 실적      ▲23:45 미국 12월 스탠더드앤드푸어스(S&P) 글로벌 제조업 PMI      ▲(3일) 0:00 미국 11월 건설지출  *그림1*       jykim@yna.co.kr  (끝)"
173,6,"2024-01-02","07:30:12","윤 대통령, 신임 비서실장·정책실장·안보실장에 임명장 수여","윤석열 대통령이 지난달 28일 서울 용산 대통령실 청사에서 열린 재외공관장 신임장 수여식에 입장하고 있다. (사진=뉴시스)     [뉴스토마토 박주용 기자] 윤석열 대통령은 2일 신임 비서실장과 정책실장, 국가안보실장 등 이른바 '대통령실 3실장'에게 임명장을 수여합니다.     윤 대통령은 이날 오후 용산 대통령실에서 이관섭 비서실장, 성태윤 정책실장, 장호진 국가안보실장에 대한 임명장 수여식을 개최합니다. 앞서 지난달 28일 김대기 전 비서실장이 사임하고 이관섭 비서실장이 김 전 실장의 후임으로 임명되면서 '대통령실 3실장'이 모두 교체됐습니다.     지난 11 월30일 수석비서관 인사에 이어, 2022년 5월 윤석열정부 출범 후 약 20개월 만에 처음으로 비서실장이 교체되며 대통령실은 '완전한 2기 체제'를 맞게 됐습니다. 윤 대통령 집권 3년차를 맞아 인적 쇄신을 통해 국정 분위기를 다잡고, 총선을 앞두고 국정 동력을 확보하겠다는 의도로풀이됩니다.     대통령실 고위 관계자는 지난달 28일기자들과 만나 ""당에 큰 변화가 왔다. 대통령실도 변화가 필요하다는 생각을 할 수 있다""며 ""결과적으로 대통령실에서 가장중요한 3실장이 모두 바뀌었고 굉장히 큰 변화고 쇄신이고 혁신이라고 말할 수 있다'고 밝혔습니다.     그러면서 ""당도 1973년생 비상대책위원장이 들어서면서 젊어졌다고 하는데, 대통령실도 이전과 비교하면 좀 젊은 대통령실이 되겠다""며 ""1960년대생 이하 참모진이 남게 됐다는 의미도 있다""고 전했습니다.     김대기 전 비서실장은 1956년생, 이관섭 정책실장과 장호진 국가안보실장은 각각 1961년생, 성태윤 정책실장은 1970년생입니다. 한동훈 비대위원장은 1973년생입니다.     박주용 기자 rukaoa@etomato.com [관련기사] · ""우크라·가자 전쟁 그 다음은 한반도라는 우려 높아"" · 윤 대통령 ""북핵·미사일 원천 봉쇄""…힘에 의한 평화 '재확인' [박주용 기자의 다른 뉴스] · (신년특집 총선 여론조사)②내일이 총선이라면? 민주 49.1% 대 국힘 36.7%  · (신년특집 총선 여론조사)③국민 10명 중 7명 ""지역구 현역 교체돼야"" [이 시각 주요뉴스] · 새해 역대급 '입주·공급 절벽'…전세 비상 · (신년사)오세훈 서울시장 “시민 행복 최우선으로 도시 획기적 혁신”  -경제전문 멀티미디어 뉴스통신 뉴스토마토 저작권자(c)뉴스토마토통신. 무단전재-재배포 금지-"
173,7,"2024-01-02","07:30:05","주요국 10년물 국채 수익률 비교","table.sz { font-size: 10pt; table-layout: fixed; word-break: break-all; text-align: center; border-collapse:collapse; } td.jongmok { font-weight: bold } table.sz { font-size: 10pt; table-layout: fixed; word-break: break-all; text-align: center; border-collapse:collapse; } td.jongmok { font-weight: bold }주요국 10년물 국채 수익률 비교  ※다음은 02일 오전 07시 30분 현재 주요국 10년만기 국채수익률 비교표.                  국가현 수익률美대비 스프레드 미국  3.8809 %  0.00 bp   호주  3.9790 %  9.81 bp   독일  2.0085 %  -187.24 bp   이탈리아  3.7465 %  -13.44 bp   영국  3.5388 %  -34.21 bp   일본  0.6255 %  -325.54 bp      <저작권자(c) 연합인포맥스, 무단 전재-재배포 금지>"
174,1,"2024-01-02","07:19:38","美 보조금 받는 전기차 43→19종…""中부품 배터리 배제"" 시작","[머니투데이 윤세미 기자] 7500달러 보조금 다 받는 차종은 10개   미국 정부가 올해부터 중국산 배터리 부품을 사용하는 전기차를 인플레이션감축법(IRA) 보조금 대상에서 제외하면서 보조금을 받을 수 있는 전기차가 대폭 줄었다.   1일(현지시간) 미국 에너지부에 따르면 올해 IRA에 따른 세액공제 혜택을 받을 수 있는 전기차 차종은 19개다. 지난해에까진 43개 차종이 보조금을 받을 수 있었다.   올해 보조금 대상은 순수 전기차가 14개, 플러그인 하이브리드 차종이 5개다. 제조사별로 보면 쉐보레 2개, 크라이슬러 1개, 포드 3개, 지프2개, 링컨 1개, 리비안 5개, 테슬라 5개 등이다. 이 가운데 7500달러의 보조금을 모두 받을 수 있는 차종은 10개에 불과하다. 나머지 9개 차종은 3750달러 보조금 대상이다.   한국산 전기차 모델은 포함되지 않았다. 현대차의 경우 유일하게 보조금 지급 대상이던 제네시스 GV70 전동화 모델이 지난해 4월18일부로 보조금 지급 대상에서 이미 제외된 바 있다.   보조금 대상이 대폭 줄어든 건 올해부터 배터리 부품 요건이 더 엄격해졌기 때문이다. 미국 정부는 배터리 부품과 핵심 광물 원산지 요건을 충족하고 북미에서 최종 조립된 전기차를 대상으로 최대 7500달러의 세액공제 혜택을 제공한다.   이 혜택을 받기 위해선 배터리 부품은 2024년부터, 배터리에 들어가는 핵심 광물은 2025년부터 해외우려기업(FEOC)에서 조달해선 안 된다. 미국 정부는 중국 공급망 의존도를 줄이기 위해 지난달 중국의 관할권 내에 있거나 중국 정부 등이 최소 25%의 지분을 소유한 기업을 FEOC로 규정한 바 있다.   미국 정부의 FEOC 규정이 나온 뒤 업계에선 이에 따라 보조금 지급 대상이 크게 줄어들 것으로 예상했는데 현실화한 셈이다.   로이터에 따르면 재무부는 ""자동차 제조사들은 구매자들이 새 전기차 구매 세액공제를 받을 수 있도록 공급망을 조정하고, 동맹국들과협력하며, 일자리와 투자를 다시 미국으로 가져오고 있다""면서 ""일부 제조사가 보조금을 받을 수 있는 차량의 정보를 완전히 제출하지 않아 향후 지급 대상 명단에 변동이 있을 수 있다""고 밝혔다.   이와 관련 테슬라는 1일 웹사이트를 통해 ""사이버트럭은 2024년 안에 세금 공제 혜택을 받을 수 있을 것""이라고 밝혔다.   폭스바겐은 ""올해 새 연방 전기차 보조금 자격을 확인하는 중""이라면서 ""새 규정에 따라 MY2023 ID.4와 모든 MY2024 ID.4가보조금 자격을 갖추게 될 것으로 기대한다""고 했다.     [관련기사] ☞ '재혼' 임형준 ""전처 소생 子, 결혼식 초대 고민""…죄책감에 눈물 ☞ ""나도 죽었어야 했나""…16기 상철, '故이선균 추모' 영숙 저격 ☞ 게임 속 男과 바람난 아내…""내 빚 400만원 갚고 이혼해줘"" 황당 요구 ☞ 박민영 전 남친 논란에... ""내내 후회, 정신과 검사서 위험신호"" ☞ 故이선균 협박녀 얼굴 공개됐다…""95년생 미혼모"" 신상공개한 유튜버   윤세미 기자 spring3@mt.co.kr     키워드림론 최대 4배 주식자금 & 고금리 대환상품 한도 오픈! (1644-6960)   [무료운세] 믿어야 돼 말아야 돼? 종목매수전에 믿고보는 '오늘의 운세'        [파워 인터뷰]       매수전에 점 부터 보고 가실께요 -> 오늘의 운세 [복채무료]      ⓒ 머니투데이 & mt.co.kr, 무단 전재 및 재배포 금지"
174,2,"2024-01-02","07:19:38","日 K팝 콘서트, 지진에도 강행 예고…""아티스트 모두 출연""","日 K팝 콘서트, 지진에도 강행 예고…""아티스트 모두 출연"" 에스파·엔하이픈 등 출연 예정…""지진 관측 시 중지·연기 가능성""       (서울=연합뉴스) 이태수 기자 = 지난 1일 일본에서 규모 7.6의 강진이 일어난 가운데 2일 일본 아이치현 반테린 돔 나고야에서 대규모 K 팝 콘서트가 예정돼 우려를 사고 있다.      주최 측은 2일 공식 X(트위터)를 통해 ""아티스트는 모두 출연한다""며 행사의 정상 개최를 예고했다.      가요계에 따르면 'K-POP MasterzXKROSS vol.3'이라는 이름이 붙은 이번 콘서트에는 배우 박서준, 걸그룹 에스파, 그룹 보이넥스트도어·엔하이픈·앤팀이 출연할 예정이다.      공연은 이날 오전 11시 30분과 오후 6시 30분 두 차례에 걸쳐 열린다. 공연이 열리는 반테린 돔 나고야는 이번 지진이 일어난 이시카와현 노토 반도에서 직선거리로 약 250㎞ 떨어져 있다.      주최 측은 ""안전한 운영을 위해 현재도 (안전) 체제 강화를 진행하고 있다""며 ""아티스트의 안전을 배려해 아이치현 내에서 지진을 관측했을 경우에는 중지나 연기를 검토할 가능성이 있다""고 알렸다.      소식이 알려지자 SNS 등을 중심으로 행사 강행을 우려하는 K팝 팬들의 목소리가 제기됐다.      tsl@yna.co.kr   (끝)     <저작권자(c) 연합뉴스, 무단 전재-재배포 금지>"
174,3,"2024-01-02","07:19:17","MEDIA-US, 1월 시한 전에 중국 판매를 차단하도록 ASML에 촉구 - 블룸버그 뉴스","MEDIA-US pushed ASML to block Chinese sales before January deadline - Bloomberg News  -- 출처 링크: http://tinyurl.com/ywn2soem  -- 참고: 로이터는 이 기사를 확인하지않았으며 그 정확성을 보증하지 않습니다.     globalnewsmonitoring@thomsonreuters.com        (c) Copyright Thomson Reuters 2020. Click For Restrictions - https://agency.reuters.com/en/copyright.html   원문 바로가기    DISCLAIMER  레피니티브의 사전, 서면 승인 없는 톰슨로이터 콘텐츠의 재생산이나 재배포는 금지되어 있습니다. 이 기사의 한국어 번역은 에프앤가이드가 사용하는 기계적 번역에 의한 것으로 톰슨로이터와 레피니티브는 번역의 정확성을 보증하지 않습니다."
174,4,"2024-01-02","07:18:54","전북 군산 주차장 텐트 안에서 50대 남녀 숨진 채 발견","지난 1일 오후 3시50분쯤 전북 군산시 옥도면 새만금 방조제 주차장 텐트 안에서 50대 남녀 2명이 숨진 채 발견돼 경찰이 수사에 나섰다.    2일 군산경찰서에 따르면 경찰은 실종 신고를 받고 수색에 나섰으며, 이들에게 별다른 외상은 발견되지 않은 것으로 알려졌다.  경찰은 타살 혐의점이 없는 것으로 보고 사고 경위를 조사하고 있다. 경찰은 텐트 안에 있던 휴대용 가스보일러에서 가스가 새 사고가 났을가능성을 제기하며 이날 정확한 사인을 알아내기 위해 국립과학수사연구원에 부검을 의뢰할 예정이다.  조연우 기자 yeonu@chosunbiz.com   Copyrights ⓒ ChosunBiz.com"
174,5,"2024-01-02","07:18:38","10분도 안 돼 '전석 매진'된 장범준 공연..돌연 취소, 그 이유는","장범준. 사진= 모스트콘텐츠  [파이낸셜뉴스] 가수 장범준이 팬들을 위해 오랜만에 공연을 기획했다가 돌연 취소했다.  공연은 관객 50명 정도의 소규모 형태로 기획됐는데, 기존 티켓 가격보다 몇배는 더 비싼 암표값이 성행하자 장범준은 공연을 취소하는 결단을 내렸다.  지난 1일 장범준은 자신의 유튜브 채널 커뮤니티를 통해 ""암표 문제를 해결할 수 없어 일단 공연 티켓예매를 전부 취소하기로 결정했다""라며 ""추후에 좀 더 공평하고 좋은 방법을 찾아서 다시 공지하도록 하겠다. 죄송하다""라고밝혔다.  해당 공연은 지난달 25일 장범준이 평일소공연을 개최하겠다고 밝히면서 화제가 됐다.  당시 장범준은 "" 앨범이 미뤄져서 좀 오래 쉬고 있다. 앨범이 언제 나올지는 저도 잘 모른다. 보통 저는 앨범이 나와야 신곡하고 같이 활동을 시작하는 편인데 내향적인 성격이라 몇 년 쉬다 갑자기 활동을 하면 힘들 거 같아서 앨범 발매가 되기까지 작은 공연을 가끔 해볼까 한다""라고 전했다.  이후 공연 일정은 1월 3, 4일에 진행되며, 공연 이틀 전인 1월 1일 티켓 오픈을 하겠다고 밝혔다.  그러나, 이날 오후8시 티켓팅이 시작되자 바로 전석 매진됐다. 이후 암표가 성행했고, 그 소식을 접한 장범준은 ""작은 규모의 공연이다. 암표가 너무 많이 생겼다. 방법이 없으면 공연 티켓을 다 취소시키겠으니 표를 정상적인 경로 외에는 구매하지 말아달라. 최대한 방법을 찾아보고 있겠다""라며 ""혹시라도 급한 마음에 되파는 티켓을 사시는 분이 생길까봐 글을 남긴다""라고 유튜브 커뮤니티를 통해 당부했다.  하지만 끝내 암표 문제가 해결되지 않아 장범준은 공연 취소를 알렸다.  알려진 바에 따르면 장범준의 티켓 가격은 정상 판매 가격 5만5000원의 세배 가까운 가격이 요구된 것으로 전해졌다.  특히 한 암표상은 장범준 공연 표 두개를 판매하며 ""티켓값 제외 30만원을 받겠다""라고 밝히기도 했다.  이에 대해 누리꾼들은 ""진정한 팬이라면 암표를 사지 말아야 한다"", ""현장에서 본인인증 안 되나"", ""법적으로 방법을 찾는 게 필요할 듯싶다"" 등의 반응을 보였다.  helpfire@fnnews.com 임우섭 기자  [파이낸셜뉴스 주요뉴스]  → 100억대 위약금에 유서 쓴 이선균, 아내 전혜진에 남긴 말은... → ""혼전순결 강조하며 성관계 안한 남편, 알고 보니..."" 반전 사연 → 정대세의 폭탄 고백 ""아내와 결혼 10년 만에 이혼을..."" → 10살 연하와 결혼한 女배우 고백 ""남편이 계좌번호를..."" → 전남 광양 앞바다서 40대男 숨진 채 발견, 시신 살펴보니 → 빨간 나라로 가는 노란 티켓 [파인애플]  ▶▶[무료공개]◀◀ 지금 ""1,000만원""만 있어도 당장 ""이것""부터 사라!! >>> (무료 체험)    ※ 저작권자 ⓒ 파이낸셜뉴스. 무단 전재-재배포금지 "
174,6,"2024-01-02","07:18:09","한동훈 “멋져 보여야 하고, 이겨야 한다”…총선 공천기준 밝혀","이번주 공관위 인선 마무리 전망  ◆ 제22대 국회의원선거 ◆  한동훈 국민의힘 비상대책위원장은 “공천하는 과정이 공정하고 멋져 보여야 하고, 내용은 이기는 공천이어야 한다”고 말했다. 한동훈 위원장은 1일 여의도 중앙당사에서 신년 인사회를 마친 뒤 기자들과 만나 공천관리위원장 인선 기준을 묻는 질문에 “두 가지를 균형 있게 고려해 그것을 충분히 해낼 사람을 신중하게 찾겠다”고 답했다. 국민의힘 비대위는 이번 주 중 공관위 인선을 마무리할 계획이다. 당헌·당규에 따라 1월 10일까지 공관위가 출범해야 한다. 부총장과 대변인단 등 후속 당직 인선도 같은 시기에 이뤄질 전망이다. 앞서 한 위원장은 신년 인사회에서 “100일 남은 국민의 선택을 앞두고 동료 시민에 대한 계산 없는 선의를 정교한 정책으로 준비해 실천할 것”이라며 “국민께서 우리 마음을, 실천을 그리고 상대 당과의 차이를 정확히 알아보실 거라고 확신한다”고 했다. 그는 “우리가 지향하는 자유민주주의 사회는 낯선 사람들 사이의 동료의식으로 완성된다고 생각해 왔다”며 지난 2010년연평도 포격 당시 한 달간 지역 주민들에게 쉴 곳을 제공한 인천 찜질방 인스파월드를 사례로 들기도 했다. 이어 “지하철에서 행패를 당한낯선 시민을 위해 대신 나서준 용기 같은 것이 동료 시민 사이의 동료 의식”이라고 덧붙였다. 그밖에 한 위원장은 ‘김건희 특검’ 거부권 행사에 반대 여론이 높다는 지적에 ‘도이치 특검’이란 표현을 써가며 “여러 차례 총선용 악법이라 설명했다. 그 법을 가지고 총선을 치르는 것은 국민의 눈과 귀를 가리는 것”이라고 거듭 반대 입장을 밝혔다.    [ⓒ 매일경제 & mk.co.kr, 무단 전재, 재배포 및 AI학습 이용 금지]"
174,7,"2024-01-02","07:18:00","브룩필드 온타리오 189MW 프린스 풍력 발전소 폐쇄 - 온타리오 IESO","Brookfield Ontario 189 MW Prince wind power plant shut - Ontario IESO  1월 1일 (로이터) - 온타리오주 브룩필드 189MW 프린스 풍력 발전소가 가동을 중단했다고 온타리오주 전력청(IESO)이 월요일 밝혔다.((북미 전력 데스크: 휴스턴 +1 713 210 8522, 뉴욕 +646 223 6072, 벵갈루루 +91 80 6749 1298))        키워드: 유틸리티-온타리오에소/   원문 바로가기    DISCLAIMER  레피니티브의 사전, 서면 승인 없는 톰슨로이터 콘텐츠의 재생산이나 재배포는 금지되어 있습니다. 이 기사의 한국어 번역은 에프앤가이드가 사용하는 기계적 번역에 의한 것으로 톰슨로이터와 레피니티브는 번역의 정확성을 보증하지 않습니다."
175,1,"2024-01-02","07:01:00","[정보] 호재가 곧 노출 될 종목. 오늘 하루 공개합니다","▶아침에 매수하면, 오늘 당장 무조건 ""上""예정 종목 大 공개, 급등 임박, 마지막 ""초대형 호재"" 3개 [바로 확인]     어제 상한가 종목 추천주 받으신 분들 수익 축하드립니다. 놓치신 분 또한 괜찮습니다.한 번 더 기회 드리겠습니다. 딱 30名, 특급 초대형 호재 보유 중인 급등주 3개 더 나갑니다!     ▶윤석열 정책 관련, 아직 공개되지 않은 초대형 급등株 정책 관련 종목 준비하셔야죠? [바로 확인]◀     정책 관련, ""이 기업"" 원전 재추진 정책 초대형수혜株로 확인! 한국 원자력 국책과제 주관기관 주요 파트너사 연간 급등세! 원자로, 핵융합설비연료 저장기술 상용화 성공! 대선+원전까지!     ▶무상증자 결정 완료! ""이 기업"" 무상증자 공시 발표하자마자 300% 상승한다!◀  ‘o o o’ 무상증자 자체이사진 승인! + 역대 최대의 증자 예정! 리스크가 없는 ‘o o o’ , 최고의 호재 무상증자! 미래국민파트너 정보입수! 매집 가능 기간 종료임박!     ▶연일 신고가 경신, 글로벌 대기업 (삼성전자)의 투자 움직임! ‘OOOO’ 확인하자!◀  반도체 관련정책 혜택 확대 ! ""이기업"" 수주량 폭발! 설비 시설 투자 극대화 -> 수요까지 확대! 연평균 58% 고성장 지속! 글로벌 반도체 시장 역대 ""점유율"" 이제 폭발합니다.     (참여 후기)  “오랫동안 혼자서 주식하다가 전 재산을 거의 다 잃고, 지푸라기라도 잡는 심정으로 추천종목 매수했는데, 한 달 만에 원금 회복 되었고 지금은 2배 이상 수익 봤습니다. 너무 감사드립니다. 평생 함께 갈 생각입니다.” (44세 최O욱)     ▶ 최소 3배 오늘 꼭 사야 할 폭등주 大공개 [미노출] 정보를 받고 싶다면? (클릭)[종목 받아 보기]  이슈 종목: #대동금속 #네오리진 #소룩스 #한화갤러리아 #캡스톤파트너스  온라인정보팀 (webmaster@etoday.co.kr)  본 정보는 기업에서 제공한 투자 참고용 자료로 당사의 보도 방향과 무관하며, 모든 책임은 정보 제공자에게 있습니다. [종목기사] ● [베스트&워스트] 소룩스, 1주당 14주 무상증자 권리락 효과에 매수세 몰려...119.04%↑  ● [오늘의 주요 공시] 태영건설ㆍ레고켐바이오ㆍ한국테크놀로지 등 ● [급등락주 짚어보기] 한화갤러리아, 한화 3남 김동선 부사장 2대주주 등극에 상한가  [오늘의 핫클릭]  ●‘통신 장애’ 취소 부산 광안리 드론쇼...1일 오후에야 진행 ●[내일날씨] 2일 전국 곳곳 눈?비...아침 최저기온 -2∼5도  ●투자에 강한 경제신문 '이투데이' 증권 뉴스 ●경영정보를 전달드리는 유료 뉴스 서비스 Channel 5  ●수익률 미쳤다. 따블계좌 속출! 1억이 절실한 분은 입장!! ●[실시간] 오늘의 주요 종목 뉴스 확인하기 ●[실시간] 오늘의 특징주 살펴보기  이투데이(www.etoday.co.kr), 무단전재 및 수집, 재배포금지  프리미엄 경제신문 이투데이  "
175,2,"2024-01-02","07:00:28","NDF, 1,292.60/ 1,293.00원…7.10원↑(재송)","NDF, 1,292.60/ 1,293.00원…7.10원↑(재송)       (서울=연합인포맥스) 이규선 기자 = 뉴욕 차액결제선물환(NDF) 시장에서 달러-원 1개월물이 상승했다.      해외브로커들은 2일 달러-원 1개월물이 지난달 29일 밤 1,292.80원(MID)에 최종 호가됐다고 전했다. 최근 1개월물 스와프포인트(-2.30원)를 고려하면 전장 서울외환시장 현물환 종가(1,288.00원) 대비 7.10원 오른 셈이다. 매수 호가(BID)는 1,292.60원, 매도 호가(ASK)는 1,293.00원이었다.      지난 뉴욕장에서는 달러 가치가 반등했다. 달러 가치가 약 5개월 만에 최저치로 떨어졌던 만큼 되돌림이 일어난 것으로 풀이됐다. 달러인덱스는 101.3선까지 올랐다.      미 국채 금리도 장기물 위주로 반등했다.      뉴욕 증시는 일제히 하락했다.      1월 1일 주요국 금융시장은 신정으로 휴장했다.      달러-엔 환율은 전장 서울환시 마감 무렵 141.237엔에서 140.930엔으로 내렸고, 유로-달러 환율은 1.10610달러를 나타냈다.      달러-위안(CNH) 환율은 7.122위안을 기록했다.      kslee2@yna.co.kr"
175,3,"2024-01-02","07:00:19","RFHIC, 삼성전자향 매출 확대로 실적 개선 기대-KB","[서울=뉴스핌] 아이뉴스24 = KB증권은 2일 RFHIC에 대해 지난해 통신장비 사업의 수주 일정 연기로 불가피했던 실적 부진이 올해엔 삼성전자향 매출 확대로 개선될 것이라고 예상했다. 다만 목표 주가는 2만5000원에서 2만3000원으로 내렸고, 투자의견 '중립'을 유지했다.     [서울=뉴스핌] 아이뉴스24 = KB증권은 29일 RFHIC에 대해 통신장비 사업의 수주일정 연기로 불가피한 실적 부진이 내년 삼성전자향 매출 확대로 개선될 것이라고 평가했다. [사진=RFHIC] npinfo22@newspim.com   KB증권은 RFHIC의 지난해 4분기 매출액과 영업이익을 각각 369억원과 58억원으로 추정했다. 전분기 대비 84% 상승과 흑자전환한 수치다.  이창민 KB증권 연구원은 ""통신장비향 매출은 3분기에 이어 여전히 부진할 것으로 예상되나 수익성이 뛰어난 해외 방산 매출이 큰 폭으로 확대됨에 따라 전분기 대비 큰 폭의 실적 개선이 전망된다""고 설명했다.  이 연구원은 ""RFHIC의 주요 고객사였던 화웨이가 2019년 미국 정부의 제재를 받음에 따라 실적에 직접적인 타격을 받은 바 있다""며 ""이후에도 비중국 글로벌 이동통신사들의 소극적 투자기조로 전방 수요가 둔화해 부진한 실적이 이어지고 있다""고 평가했다.  이어 ""2024년에는 기존 방산 매출과 더불어 새로이 최대 고객사로 떠오른 삼성전자 네트워크 사업부향 매출 확대로 전사 실적이 개선될 전망""이라고 덧붙였다.  이 기사는 아이뉴스24가 제공하는 기사입니다              저작권자(c) 글로벌리더의 지름길 종합뉴스통신사 뉴스핌(Newspim), 무단 전재-재배포 금지"
175,4,"2024-01-02","07:00:12","[IB토마토]열기 가득 찬 IPO 시장…올해도 '따따블' 행진 이어갈까","이 기사는 2024년 01월 1일 06:00  IB토마토 유료 페이지에 노출된 기사입니다.    [IB토마토 최윤석 기자] 지난해 하반기 공모주 투자 열풍이 2024년 기업공개(IPO) 시장에도 이어질 수 있을지 시장의 관심이 모이고 있다. 한파 우려와 파두 사태에도 지난해 연말 상장한 케이엔에스(432470)와 LS 머트리얼즈(417200), DS단석(017860) 등 3종목이 따따블(상장일 공모가 대비 주가 4배 상승) 흥행을 기록하며 IPO 시장은 다시 활기가도는 분위기다. 특히 올해는 작년과는 달리 HD현대마린솔루션, 엔카닷컴 등 조단위 대어급 상장 예비 기업들이 상반기 상장을 목표로 분주하게 움직이고 있어 기대를 더한다. 이에 따라 증권업계도 연초 IPO 주관 기세 잡기에 돌입했다.     심사승인 22건·청구서 접수 45건, 질적 성장 속 규모도 회복세       (사진=픽사베이)     2일 한국거래소에 따르면 이날 현재 신규상장 심사승인이 완료된 건은 총 22건으로 이 중 2건은 코스피 시장 상장, 나머지 20건은 코스닥 상장이다. 상장의 첫 단계라 할 수 있는 한국거래소에 심사청구를 신청한 기업은 총 45곳으로 2곳은 코스피 시장 추진기업이고 나머지 43곳이 코스닥 상장을 준비 중인 것으로 나타났다.     앞서 작년 한해 코스피 상장 기업은 8곳에 불과했고 상반기까지 코스피 상장 기업은 0개에그쳤다. 하반기 뒷심이 발휘돼 최종적으로 코스피 5개 종목, 코스닥 70개 종목으로 총 75개 종목이 신규 상장됐다. 이는 지난 2022년 70개 대비 7.01% 증가한 수치로 지난 5개년간 평균 76개에 근접한 수치다.     다만 공모 규모는 3조8000억원으로 전년 16조원 대비 급감했다. 하지만 신규상장주의 주가수익률은 공모가 대비 3개월 평균에서 +28%(YTD +25%)로 전년 17%(YTD –0.6%) 대비 견조한 양상을 보여 양보다는 질적 성장을 이뤄졌다는 평가다.     이 같은 질적 성장의 여파로 올해 공모주 시장의 성장이 전망되고 있다. 상반기 대어급 IPO와 더불어 견조한 영업이익을 내는 신시장 진출기업의 상장이 연이어 이어지고 있기 때문이다.     최종경 흥국증권 연구원은 ""2024년 신규 상장이 2023년보다 늘어날 것으로 예상한다""라며 ""시장 상황이 좋아지면서 지난해와 올해 상장을 망설였던 대어급 들이 내년에 들어올 것으로 보인다""라고 진단했다.      조단위 대어급부터 상장 재도전 기업까지          2일 기준 조 단위 IPO 중 가장 먼저 상장을 서두르고 있는 곳은 뷰티테크 기업 에이피알이다. 대표 상장주관사는 신한투자증권으로 오는 1월22일부터 26일까지 5일간 기관 투자자 대상 수요예측을 통해 최종 공모가를 확정한 후 2월1일부터 2일까지 일반 청약을 진행한다. 수요예측이 진행되고 상반기 상장이 이뤄지면 올해 1호 코스피 상장 기업이 될 전망이다.     에이피알은 올해 3분기까지 누적 매출 3718억원, 영업이익 692억원을 기록했다. 작년 동기 대비 매출은 37.9%, 영업이익은 277.6% 증가한 수치로 공모 규모는 557억원에서 758억원에 달한다. 높은 성장성과 K뷰티라는 시장의 호응을 받는 신시장의 진출 기업인 만큼에이피알이 올해 IPO 시장 흥행 행진의 가늠좌가 될 전망이다.     1월 가장 빠르게 상장을 진행하는 곳은 포스(POS)기와 키오스크 하드웨어 제조사 포스뱅크과 온라인 가구 유통업체 스튜디오삼익이다. 양사는 모두 오는 1월5일부터 1월11일까지 기관투자자를 대상으로 한 수요예측 조사를 실시한다. 각각 희망 공모가 밴드는 13000~15000원과 14500~16500원으로 책정됐다. 희망 공모가 하단 기준 공모총액은 각각 195억원, 123억원이다.     포스뱅크의 국내 포스 시장 점유율 1위 기업이다. 최근 3년간 매출액 연평균성장률은 22.5%로 특히 해외시장 성과가 돋보여 지난해 매출액 904억 중 70%가 해외매출이다. 대표 주관사는 하나증권이다.     스튜디오삼익은 이번이 두 번째 상장 도전이다. 온라인 홈퍼니싱 유통 전문기업인 스튜디오 삼익은 앞서 시가총액 1120억원을제시했다가 주주의 반대로 900억원과 780억원으로 두 차례에 걸쳐 몸값을 낮췄으나 결국 상장이 무산된 바 있다. 하지만 이번엔 총 85만주를구주매출 없이 신주 모집 100%로 진행한다는 계획이다. 상장 후 시가총액도 지난해보다 30%가량 낮춰 부담을 덜했다. 대표 주관사는 DB금융투자다.     아직 구체적인 일정이 확정되지 않았지만 상반기 IPO 시장의 화제주로는 역시 HD현대마린솔루션(옛 HD현대글로벌서비스)이 뽑힌다. 선박 유지·보수·개조 전문회사로 시장에선 예상 시가총액으로 3조원에서 4조원대로 평가한다. 대표상장 주관사로는 KB증권으로 현재 한국거래소에 상장예비심사를 청구하고 상장 절차를 시작했다.     이 밖에 1조원대 안팎의 몸값으로 평가되는 국내 자동차 거래 플랫폼 엔카닷컴은 한국거래소 상장예비심사 승인을 기다리고 있다. 엔카닷컴은 2014년 4월설립된 중고차 온라인 판매 플랫폼 기업으로, 국내 최대 규모의 중고차 온라인 플랫폼을 운영하고 있다. 미래에셋증권(006800)과 크레디트스위스증권이 대표로 상장을 주관한다.     이밖에 종합 IT 서비스 전문기업 LG CNS, 환경기업 SK에코플랜트, 영유아 애니메이션인 ‘아기상어’ 제작사 더핑크퐁컴퍼니, 이커머스 기업 SSG닷컴, 건강·미용 제품 유통 업체 CJ올리브영, 인터넷 은행 케이뱅크 등도 내년 IPO 시장에 나올 대어들로 꼽힌다.     증권업계 관계자는 <IB토마토>와의통화에서 ""작년 하반기에는 레고랜드 사태 발 채권 위기와 증시 불황으로 예정된 IPO도 미뤄지는 등 부침이 많았다""라며 ""하지만 올해는 완연한 경기 회복 기대감이 시장에서 감돌고 있고 증시 또한 안정적인 상승 국면에 진입해 2022년 취소된 대어급 IPO를 비롯한주관 경쟁이 이어질 것""이라고 전망했다.      기술특례상장·개인투자자들의 투심은 변수       서울 여의도 금융투자협회에서 열린 'IPO 시장의 공정과 신뢰 제고를 위한 간담회'에 참석한 김정태 금융감독원 부원장보가 발언하고 있다. (사진=금융감독원)     지난해 연말에 분 훈풍 덕분에 올해 IPO 시장은 낙관적인 전망이 나오고 있는 것이 사실이지만 기술특례상장에 대한 금융당국의 규제 조치와 개인투자자들의 투심의 변동은 변수로 평가된다.      앞서 소위 '파두사태' 이후 금융당국은 기술특례상장에 대한 고강도 규제안을 예고한 바 있다. 지난해 11월24일 한국거래소와 금융투자협회는 서울 여의도 금융투자협회에서 'IPO 시장의 공정과 신뢰 제고를 위한 간담회'를 개최했다.  이날 금융당국과증권업계 관계자들은 현행 상장 프로세스 문제점에 대한 개선 방안을 논의했다.     이번 회의의 결과로는 IPO 증권신고서 심사 시 제출 직전 월까지 매출액·영업손익 등(잠정 포함)이 '투자 위험 요소'에 적절히 기재됐는지를 확인할 방침이다.또한 금융감독원은 공모가 산정과 인수인 실사의견 기재 방식을 표준화하고 상장 심사 자료로 제출되는 소속 애널리스트가 작성한'시장성 의견서'도 주관사 홈페이지에 공개되는 등의 방안이 추진됐다.      개인의 투심도 변수다. 개인투자자들은 지난해 상반기 2차전지 투자 열풍이 무색하게 2차전지 주식을 대거 팔았다. 최근 한달 간  에코프로(086520)(-2810억원), 에코프로머티(450080)(-1842억원), POSCO홀딩스(005490)(-1063억), 포스코퓨처엠(003670)(-637억원) 등을 순매도 했다. 개인투자자들의 선호 투자 방향이 바뀐 것으로 이제 묻지마 2차전지 업종 상장이 어려워졌다는 평가다.      한 증권업계 관계자는 <IB토마토>와의 통화에서 ""개인의 선호가 IPO 시장에서 흥행의 향방을 가를 정도로 중요해졌다""라며 ""다만 작년 상반기처럼 묻지마식 2차전지 간판으로 성공적인 흥행이 이뤄지는 것이 아닌 회사의 견실함 정도가 흥행의 향방을 결정지을 것""이라고 진단했다.        최윤석 기자 cys55@etomato.com    [관련기사] · [IB토마토](2024 건설업계 IPO후보군)③호반건설, 포트 다각화·내실다지기 '총력' · (2024 금투업계 과제)부동산PF 위기 극복 최우선 [최윤석 기자의 다른 뉴스] · [IB토마토](헬로2024)호악재 뒤엉킨 증권가…낙관론 속 경계심  · [IB토마토](인사)한국투자증권 [이 시각 주요뉴스] · 새해 역대급 '입주·공급 절벽'…전세 비상 · 현엔 컨소시엄, 평촌 공작부영아파트 리모델링 수주  -경제전문 멀티미디어 뉴스통신 뉴스토마토 저작권자(c)뉴스토마토통신. 무단전재-재배포 금지-"
175,5,"2024-01-02","07:00:12","(인터뷰)김한민 감독 “‘노량: 죽음의 바다’는 꼭 필요했다”","[뉴스토마토 김재범 기자] ‘노량: 죽음의 바다’에서 이순신을 연기한 김윤석은 ‘명량’과 ‘한산: 용의 출현’까지, 이른바 ‘이순신 3부작 프로젝트’를 진두지휘해 온 김한민 감독에 대해 ‘끈기’를 언급하며 엄청난 극찬을 뉴스토마토와의 인터뷰에서 전한 바 있습니다. 이미 알려진 사실이지만 2014 년 개봉한 ‘명량’은 국내 개봉 영화 사상 현재까지도 최다 관객 동원작(1761만)으로 이름을 올린 상태입니다. 작년 여름에 개봉한‘한산: 용의 출현’은 ‘코로나19’가 한창인 시절임에도 불구하고 726만 관객을 끌어 모았습니다. 그리고 지난 20일 드디어 이순신 3부작 프로젝트의마지막 영화 ‘노량: 죽음의 바다’가 개봉했습니다. 역사적으로도 공개된 사실인 이순신 장군의 최후가 담긴 전투 ‘노량해전’을 담은 영화입니다. ‘명량’부터 무려10년 동안 이어진 프로젝트. 사실 준비 기간까지 포함하면 김한민 감독은 무려 20여년을 ‘이순신 장군’에 파묻혀 살아온 셈입니다. 김윤석은 이 지점을 높이 평가했습니다. 그는 “이정도 규모의 영화 한 작품만 마무리해도 감독의 수명은 10년 가량은 줄어들 정도로 스트레스를 받는다”며 “그런데 20년 동안 뚝심 있게 이 프로젝트를 끌어왔다. 주변에서 얼마나 별의 별 말을 했겠는가. 그런데도 흔들리지 않고 여기까지 왔다”고 박수를 쳤습니다. 그래서 물어봤습니다. 김한민감독에게. 도대체 왜 자신의 영화 인생 대부분의 시간을 ‘이순신 장군’에게 빠져 있었는지. 그는 오히려 너무도 담담하고 또 당연하다는 듯한 말로 대신했습니다. ‘구체적’인 표현은 아니었지만 그는 ‘만들어야 했기에 만들었을 뿐’이라는 자신의 신념을 대신 전했습니다. 덧붙여서 ‘장군님이 크게 나무라실 것 같지는 않다’고 모든 공을 배우들과 스태프에게 돌리는 겸양의 미덕까지 전했습니다.      김한민 감독. 사진=(주)에이스메이커무비웍스,롯데엔터테인먼트     김한민 감독과는 ‘이순신 3부작 프로젝트’로 세 번째 만남입니다. 당연히 ‘명량’과 ‘한산: 용의 출현’ 그리고 이번 ‘노량: 죽음의 바다’까지. ‘명량’ 당시에는 자신감이 넘쳤던 기억이 있었습니다. 그리고 ‘한산: 용의 출현’에선 뭔가 기대에 찬 느낌이 강했었습니다. 마지막인 ‘노량: 죽음의 바다’에선 후련함이 넘쳤는지, 아니면 10년의 시간 동안 자신을 옥죄고 눌러 온 이 거대한 프로젝트를 마무리?다는 안도감 때문인지. 심하게 감기를 앓고 있었습니다. 컨디션은 최악이었지만 눈빛만은여전히 살아 있는 김한민 감독이었습니다.     “긴장이 풀려서 그런지 감기가 심하게 왔네요.  일단 10년이란 시간이 이렇게 지났나 싶어요. 3부작을 끝낸 심정을 한 마디로 표현하자면 ‘천행’ 같아요. ‘명량’때는 세월호 참사로 인해 온 국민이 충격에 휩싸였었고, ‘한산’때는 ‘코로나19’로 개봉도 못할 뻔 했었죠. ‘노량’도 비슷한 시기에 촬영을 해서 진행 자체가 너무 힘들었어요. 여기까지 온 것만도 하늘이 도운 거라 봐요. 이번 3부작은 만들어야 할 작업이었고, 운이 좋게 그걸 제가 한 것뿐이라 생각합니다.”      김한민 감독. 사진=(주)에이스메이커무비웍스,롯데엔터테인먼트     이제야 확실하게 묻고 또 정확하게 답변을 들을 수 있겠다 싶었습니다. 도대체 왜 무엇 때문에 ‘3부작’으로 이순신 장군의 얘기를 구성했는지. ‘노량: 죽음의 바다’에 함께 했던 배우 허준호 역시 ‘등자룡’으로 출연 제안을 받았을 당시 ‘굳이 왜 이걸 3부작으로 찍으려고 할까’란 의문이 들었답니다. 하지만김한민 감독의 설명에 오롯이 설득이 돼 출연을 결정했었답니다. 대중들도 단순하게 ‘명량’의 기록적인 흥행 덕분에 3부작으로 기획을 확대한 것이 아니란 점을 이젠 설명할 수 있을 듯 싶었습니다.     “말씀하신대로 ‘명량’의 성공 때문에 3부작으로 확장 시킨 건 절대 아니에요. ‘명량’과 ‘한산’ 모두 분명한 존재의 이유가 있습니다. ‘노량’의 마지막 장군님이 ‘싸움이 급하다. 그러니 이 전쟁을 이렇게 끝내선 안된다’란 대사도 있잖아요. 이건 기록이라기 보단 제가 장군님의 삶과 언행 속에서 이끌어 낸 창작입니다. 한 마디로요약하면 이번 3부작으로 장군님의 삶을 요약해 보고 싶었어요. 이렇게 3부작으로 마무리를 하는데 그냥 장군님도 저를 나무할 것 같지는 않으시겠다 싶은 정도랄까요. 그런 확신을 갖고 기획해서 확장한 게 3부작입니다. 그래서 ‘노량’에서도 단순히 보여주기가 아닌 100분의 전쟁으로 설계를 해 본 것입니다.”      김한민 감독. 사진=(주)에이스메이커무비웍스,롯데엔터테인먼트     ‘명량’ 그리고 ‘한산: 용의 출현’과 달리 ‘노량: 죽음의 바다’에선 임진왜란이 사실상 막을 내린 상황에서 시작을 합니다. 일본의 최고 지도자이면서 임진왜란을 일으킨 도요토미 히데요시가 죽음과 함께 ‘조선 철군’ 유언을 하는 장면으로 영화가 시작입니다. 이후 조선 조정과 동맹군인 명나라. 모두가 전쟁 이후 상황에만 집중합니다. 하지만 단 한 사람, 이순신만큼은 여전히 전쟁이 끝나지 않았음을 주장하며 철군하는 왜의 완전한 항복을 받아내야 한다고 고집합니다. 김한민 감독이 생각하는 그 이유. 이랬습니다.     “’노량: 죽음의 바다’가 왜 필요했는가. 그 질문으로 이해를 하면 이렇습니다. 도대체 왜 이순신 장군은 다 끝난 전쟁을 그렇게 집요하게 물고늘어졌고, 마지막까지 집착했을까. 제겐 가장 중요한 화두였습니다. 그 질문에 제가 내린 답은 딱 하나였습니다. ‘완전한 항복’이었죠. 그리고 ‘완전한 전쟁의 종결’이었습니다. 다시는 왜가 바다 건너 조선을 넘볼 수 없게 하는. 장군님의 그런 뜻을 상상해 보니 전율을 느껴졌죠. 이런 감정을 전달하기 위해 ‘노량: 죽음의 바다’가 반드시 필요했습니다.”      영화 '노량: 죽음의 바다' 제작 현장. 사진=(주)에이스메이커무비웍스,롯데엔터테인먼트     그런 이순신 장군의 전율스러운 신념을 스크린에 고스란히 표현하기 위해선 ‘이순신’을 누가 연기해야 할지, 가장 중요한 부분이었습니다. ‘명량’의 최민식, ‘한산: 용의 출현’의 박해일에 이어 ‘노량: 죽음의 바다’에선 김윤석이 그 바통을 이어 받았습니다. 3부작으로 구성된 작품에서 같은 주인공을 각각 다른 배우가 연기하는 건 전 세계적으로도 굉장히 희귀한 사례였습니다. ‘노량: 죽음의 바다’에서 김한민은 이순신이란 거대한 인물의 짐을 김윤석에게 제안했습니다. 그는 ‘반드시 김윤석이어야 했다’고 전했습니다.     “일단 ‘명량’에선 ‘용장’, ‘한산: 용의 출현’에선 ‘지장’으로서의 이순신을 그리고 싶었습니다. ‘노량: 죽음의 바다’에선 ‘현명한 장군’ 즉 ‘현장’을보여 드리려 했습니다. 굉장히 지혜롭고 또 후대를 생각하는 혜안까지 가진 인물로서 이순신 장군을 표현하고 싶었습니다. 제가 생각하는 그런 인물에 가장 적합한 배우, 김윤석이란 배우 외에는 대안을 못 찾겠더라고요. 가장 치열하고 또한 장군님의 최후까지 다뤄야 하는 장면에서 관객의 눈물까지 경계를 해야 하는 모습. 그 모든 걸 납득시켜야 하는 배우로서 제겐 김윤석뿐이었습니다. 제겐너무도 희귀한 배우이자 존재입니다.”      김한민 감독. 사진=(주)에이스메이커무비웍스,롯데엔터테인먼트     사실 ‘노량: 죽음의 바다’는 100분의 엄청난 해전을 보는 카타르시스도 있지만 모두가 다 아는 이순신 장군의 최후, 그 장면을 위해 숨죽여 기다리는 그런 얘기이기도 합니다. 하지만 그 장면이 가진 중압감은 감독과 배우에겐 그 어떤 표현으로도 드러낼 수 없는 무게였습니다. 너무 고민하고 또 고민을 했지만 사실 쉽게 답을 찾지 못했었답니다. 심지어 김한민 감독은 작업 과정에서 이순신 장군의 ‘최후’를 ‘찍지 말까’라는 생각까지 했었다고 합니다.      “그 장면에 대한 고민은 너무 괴로웠어요. 역사가 스포일러이고 모두가 다 아는 팩트인데, 너무 고민이 되더라고요. 오죽하면 ‘그냥 그 장면을 빼 버릴까’라고실제 고민하고 실행하려고 했어요. 이건 무슨 짓을 해서 잘 찍는다고 해도 본전인 장면이라. 근데 그렇다고 피할 수 있는 장면도 아니고 그 장면에 장군님의 진정성이 다 들어가 있는데. 그 진정성을어떻게 표현할까 그 고민이 가장 컸죠. 김윤석 배우와 정말 많은 대화를 했는데 결국 영화 속에 담긴 그 모습이가장 진정성 있는 장군님의 최후가 아닐까 싶었죠. 저와 김윤석 그리고 모든 스태프가 내린 답은 영화 속에 있습니다.”      영화 '노량: 죽음의 바다' 스틸. 사진=(주)에이스메이커무비웍스, 롯데엔터테인먼트     ‘노량: 죽음의 바다’를 얘기할 때 빼놓을 수 없는 건 바로 이 영화의 실질적인 주인공 ‘노량해전’ 장면입니다. 총 153분 러닝타임 가운데 ‘노량해전’ 전투장면만 무려 100분 동안 이어집니다. 실제 역사에서도 한 겨울 밤에 시작된 해전은 어스름한 새벽녁까지 이어졌습니다. 7년의 임진왜란 기간 중 가장 치열했고 가장 격렬했던 전투였습니다. 100분 동안 이어진 전투는 김한민 감독이 10년 동안 이어온 ‘이순신 3부작 프로젝트’의 기술력이 집대성된 순간이기도 합니다.     “일단 물에서 찍은 장면이 단 한 컷도 없습니다. 100분 동안의 해전에 투입된 CG를 위해 국내 존재하는 모든 업체의 모든 인력이 다 동원됐다고 보시면 됩니다. 총 800명 정도가 100분을 위해 힘을 써 주셨어요. ‘명량’과 ‘한산’에선 절대 할 수 없던 게 ‘노량’에 전부 다 들어가 있다고 보시면 됩니다. 아마 기술적 완성도에선 최고라고 자부합니다. 어떤 분이 할리우드 영화 같다고 하시는데, 할리우드에서도이렇게는 찍지 못할 겁니다. 그만큼 자부심과 완성도에서 결코 밀리지 않는다고 생각합니다.”      김한민 감독. 사진=(주)에이스메이커무비웍스,롯데엔터테인먼트     지난 10년 간을 ‘이순신’에 빠져 살아온 김한민 감독. 그는 이제 다시 드라마 시리즈 ‘7년 전쟁’ 제작에 돌입하게 됩니다. 여전히 아직도 그의 전쟁은 멈추지 않을 기세입니다. ‘명량’부터 ‘한산: 용의 출현’ 그리고 ‘노량: 죽음의 바다’까지. 김윤석은 ‘ 이 정도 규모의 영화 한 편만 연출해도 수명이 10년은 줄어드는 스트레스를 경험하게 된다’ 말했습니다. 김한민 감독은 무려 10년 동안 이순신에 빠져 있었습니다. 그리고 이제 ‘7년 전쟁’ 속으로 들어갈 준비를 하고 있습니다.     “아직 여전히 장군님의 감정 에서 빠져 나오지 못한 것 같기는 합니다. 현장에서 촬영할 때도 그리고 편집을 할 때도 매번 눈물이 나서 혼났습니다(웃음). 매번 울음이 나는 포인트가 달라서 저도 저 자신을 컨트롤하기 힘들더라고요 하하하. ‘노량: 죽음의 바다’에선 ‘아직도 모르겠느냐. 끝까지 일어나 기어코 항복을 받아야 한다’란 대사에서 눈물이 나더라고요. 영화 감독 한 두 해 한 것도 아닌데 참 신기한 경험을 한 10년입니다. 이제 ‘7년 전쟁’으로 다시 만나뵐 준비를 해야죠.”     김재범 대중문화전문기자 kjb517@etomato.com    [김재범 기자의 다른 뉴스] · ‘드림캐쳐’ 시연, 2023년 마지막날 새해송 ‘시작’ 알린다 · 2023년 ‘뉴토 스타톡’, 51명 스타들과 함께 했습니다 · 이선균의 마지막, 결코 ‘위약금’ 때문이 아니다 [이 시각주요뉴스] · 새해 역대급 '입주·공급 절벽'…전세 비상 · (신년사)정지선 현대백 회장 ""성장 메커니즘 확립해 나가야"" · 갑진년 '희귀질환' 신약 파이프라인 주목  -경제전문 멀티미디어 뉴스통신 뉴스토마토 저작권자(c)뉴스토마토통신. 무단전재-재배포 금지-"
175,6,"2024-01-02","07:00:03","[꿀잼 울산] ① '천혜의 자원' 대왕암공원·영남알프스,관광특구로 키운다","[꿀잼 울산] ① '천혜의 자원' 대왕암공원·영남알프스,관광특구로 키운다  해상·산악케이블카 동시추진…관광산업 파이 키우고 관광상품 구축해 내실 다져  지지부진 강동 '뽀로로 호텔' 대신 새 숙박시설 조성, 암각화 세계유산 등재 본격화       [※ 편집자 주 = 울산은 기록적인 제조업 성장을 앞세워 '산업수도'라는 위상을 얻었습니다. 그러나 그 과정에서 시민 삶의 질이나 기품있는 도시 이미지와 직결되는 사회 기능들은 등한시됐고, 끝내 '노잼도시'(재미없는 도시)라는 오명을 떠안고 말았습니다. 일과 생활의 균형이 어느 때보다 중시되는 시대에 불명예스러운 꼬리표가 아닐 수 없습니다. 그 아킬레스건을 극복하고자 울산시가 관광, 스포츠 인프라, 생태, 문화시설 분야에서 굵직한 사업들을 추진합니다. '꿀잼도시'(매우 재미있는 도시)로 반전하는 게임체인저가 될 이들 사업을 소개하는 기사를 3회에 걸쳐 송고합니다.]       (울산=연합뉴스) 허광무 기자 = 한때 인터넷에서 '노잼도시 알고리즘'이 유행한 적이 있다.      울산과 대전, 두 도시의 노잼 현실을 간단한 도식으로 재치 있게 표현한 것이다.      이 알고리즘에 따르면 울산시민은 지인을 울산에 초대했을 때, 할 수 있는 일이 많지 않다.      집에서 배달 음식을 시켜 먹는 일이 1순위일 정도다.       태화강변과 시내 구경이 선택지에 들어있는데, 어떤 경우든 '바다를 보여주고 집에 보낸다'로 마무리된다.      이 지나친 논리 비약을 그저 웃음 소재로 여기는 반응이 많지만, '일리가 있다'라며 자조 섞인 공감을 표하는 울산시민도 적지 않다.      실제로 울산은 관광도시로 유명한 부산이나 경북 경주를 찾을 때 '잠시 들렀다 가는' 코스라는 인식도 많다.      울산이 간절히 원하는 '체류형 관광지'는 요원하고, 여전히 '경유형 관광지'에 그치는 실정이다.      1천ｍ 이상 고봉 8개 산군이 산세와 풍광을 자랑하는 영남알프스, 동해안 기암괴석으로 유명한 대왕암공원, 전국적으로 이름을 알리고 있는 새해 해맞이 명소 간절곶 등 산과 바다에서 다른 지역이 부러워하는 천혜의 관광자원을 보유한 울산으로서는 '노잼도시' 딱지가 영 마뜩잖다.       ◇ 케이블카 연계한 관광특구…산업 파이 키우고, 내실도 잡는다      이에 울산시는 관광 해양·산악특구 조성을 통해 관광산업 기반을 확충하는 사업을 우선 추진한다.      관광특구는 동구 대왕암공원과 일산해수욕장 일원 약 2.3㎢, 울주군 영남알프스 일원 약 3.4㎢를 대상으로 한다.      시는 울산연구원이 수행한 관광특구 조성전략 방안 연구에 이어 지난해 3월부터 특구 조성 계획수립을 위한 학술 용역에 착수했다.      2025년 3월까지 진행되는 이 용역에서는 기본 구상, 토지 이용계획, 환경영향평가 등을 다룬다.      이어 2026년 6월까지 관계기관 협의를 거쳐 관광특구를 지정하고, 이후 지속해서 특구 관련 시설을 조성한다는 방침이다.       먼저 일산해수욕장 일원은 해상케이블카 개발사업을 연계한 특구 지정을 목표로 한다.      해상케이블카 개발사업은 대왕암공원 일원과 일산수산물판매센터 인근에 길이 1.5㎞ 규모 해상케이블카를 비롯해 집라인(길이 940ｍ), 스카이 엣지워크(너비 30ｍ 높이 90ｍ), 짚 타워(해발고도 132ｍ) 등 체험형 놀이시설을 설치하는 것이다.      총사업비는 665억원으로, 프로젝트파이낸싱(PF)을 통해 전액 민자로 추진된다.      특히 사업시행자인 특수목적법인(SPC) '울산관광발전곤돌라'(대표사 대명건설)가 신청한 실시계획인가가 최근 승인돼 사업 추진에 탄력을 받을 것으로 기대된다.      자금 조달이 순조롭게 진행되면 올해 상반기 공사에 들어가 2025년 6월 준공될 예정이다.      영남알프스 산악특구 역시 산악케이블카 개발과 연계해 추진된다.      등억지구 복합웰컴센터에서 신불산 억새평원까지 약 2.48㎞ 노선을 계획하고 있다.      총사업비는 644억원으로 전액 민자로 추진된다.      다만 사업을 반대하는 환경단체와 종교계 목소리가 꾸준히 나오고 있어, 앞으로 추진 과정에서 적잖은 진통이 예상된다.      케이블카 설치를 원하는 울주군은 환경·종교단체를 지속해서 설득해 군민 숙원사업이자 산악관광산업을 선도할 핵심사업을 반드시 마무리한다는 각오다.      시는 관광특구 조성이 성공적으로 완료되면 관계 법령 완화나 재정 지원을 통해 관광산업 파이를 키우는 동시에 알찬 관광상품을 구축해내실을 다질 수 있을 것으로 기대한다.       ◇ 강동관광단지 속도 붙이고, 암각화 세계유산 등재 절차 본격화      지지부진한 북구 강동관광단지 조성도 서두른다.      2017년 시작되고도 6년 넘게 제자리걸음인 '뽀로로·타요 호텔 앤 리조트' 건설은 관광단지 조성계획을 변경, 새로운 호텔과 리조트를 건립하는 사업으로 추진된다.      이에 따라 현재 도시계획시설(유원지) 실시계획 변경 인가 절차가 진행 중이다.      바뀐 사업계획에 따르면 강동관광단지 타워콘도지구에 호텔 296실, 생활형 숙박시설 486실에다 스파, 컨벤션 등을 갖춘 시설이 조성된다.      이와 함께 롯데건설도 강동관광단지 내 10만8천여㎡에 지하 5층∼지상 43층, 11개 동 규모 강동리조트를 건립 중이다.      생활형 숙박시설, 휴양 콘도미니엄, 가든 스파형 워터파크, 컨벤션센터, 판매시설, 글램핑장 등이 조성된다.      다만 건설 경기 추이, 민간 사업자의 사업 의지 등 변수로 사업이 장기화할 수 있다는 우려도 있다.      이에 따라 시는 사업이 순조롭게 추진되도록 행정 부문에서 지원하고, 민간투자도 계속 독려한다는 계획이다.      강동관광단지 조성 사업은 민간 투자(약 2조6천억원)로 울산시 북구 산하동, 정자동, 무룡동 일원 136만7천240㎡에 8개 지구별로 구분·조성하는 사업이다.       시는 민간투자 유치 활성화를 위해 2009년 11월 이 지역을 관광단지로 지정한 바 있다.       아울러 '반구천의 암각화'를 세계유산으로 등재하는 국제 절차를 시작하면서, 암각화 일원을 역사관광 자원화하는 사업도 준비한다.      울주 천전리 각석과 울주 대곡리 반구대 암각화를 포함하는 반구천의 암각화는 지난해 문화재청의 세계유산 등재 신청 대상으로 선정됐다.      이에 시는 올해 초 최종 등재신청서를 유네스코 세계유산센터에 제출할 예정이다.      이를 계기로 반구대 세계암각화센터 건립, 탐방로 조성 등 암각화 일원을 역사관광 명소로 만들기 위한 사업에도 속도를 낸다는 복안이다.      hkm@yna.co.kr  (끝)     <저작권자(c) 연합뉴스, 무단 전재-재배포 금지>"
175,7,"2024-01-02","07:00:03","[이번주 한국은행 및 금융위·금감원 일정]","[이번주 한국은행 및 금융위·금감원 일정]       [한국은행]      *1월1일(월)      ※이창용 한국은행 총재 2024년 신년사(12:00)      *1월2일(화)      ▲09:30 총재, 부총재 2024년 시무식(1층 강당)      ※한국은행 화폐박물관, 화폐기획전 「四時貨色: 국립공원의 사계, 화폐에 물들다」展 개최(12:00)      ※2023년 제23차(12.14일 개최, 비통방) 금통위 의사록 공개(16:00)      *1월3일(수)      ▲14:00 총재, 부총재 범금융 신년인사회(롯데호텔)      *1월4일(목)      ※2023년 12월말 외환보유액(06:00)      ※2023년 3/4분기 자금순환(잠정)(12:00)      *1월5일(금)      -특이일정 없음      [금융위원회]      *1일(월)      -특이일정 없음      *2일(화)      ▲09:00 위원장 2024 증권·파생상품시장 개장식(한국거래소)      ▲10:00 부위원장 국무회의(정부서울청사)      ※「대부업법 시행령」개정안 국무회의 통과      *3일(수)      14:00 부위원장 공모펀드 경쟁력 제고방안 간담회(정부서울청사)      ※공모펀드가 일반국민들의 대표적인 투자수단이 되도록 경쟁력을 높여나가겠습니다.      *4일(목)      ※「여신전문금융업법 시행령」 개정안 입법예고 실시      *5일(금)      09:00 부위원장 차관회의(정부서울청사)      10:00 위원장 서민금융지원 현장 간담회(프레스센터)      ※서민금융 종합플랫폼 추진방안 발표      *8일(월)      14:30 위원장 대환대출 인프라 개시 현장점검(금융결제원 분당센터)      ※이제 아파트 주택담보대출과 모든 주택의 전세대출도 손쉽게 갈아탈 수 있게 됩니다(9일 조간)      [금융감독원]      *1월1일(월)      ※2024년 금융감독원장 신년사      *1월2일(화)      ▲09:00 원장 2024년 증권·파생상품시장 개장식(거래소)      ▲11:00 원장 2024년 시무식(2층 대강당)      ▲14:00 원장 임원회의      ※보험소비자 권익이 보호될 수 있도록 일부 불합리한 보험약관을 합리적으로 개선하였습니다.(2일 석간)      ※「대부업법 시행령」개정안 국무회의 통과      ※건설회사의 건설계약 관련 우발부채 주석공시 모범사례 마련      *1월3일(수)      ▲14:00 원장 2024년 범금융 신년인사회(소공동 롯데호텔)      ※주요 민원사례로 알아보는 소비자 유의사항(질병, 상해보험 등 제3보험 관련)(3일 석간)      ※공모펀드가 일반국민들의 대표적인 투자수단이 되도록 경쟁력을 높여 나가겠습니다.      ※연말연시에 기승하는 보이스피싱 사기 수법, 한번 더 의심하고 확인하세요      *1월4일(목)      ※서민의 생존을 위협하는 불법사금융 노출경로 차단을 위해 AI기반 불법금융광고 감시시스템을 본격 가동하고 금감·방심위 직접 연계창구를 개통합니다.(5일 조간)      ※주요 민원사례로 알아보는 소비자 유의사항(실손보험)(5일 조간)      *1월5일(금)      -특이일정 없음      (서울=연합인포맥스)"
176,1,"2024-01-02","06:42:50","'50억 기부' 아이유, 새해 첫날 2억 쾌척…""겨울엔 뜨신 마음을""","[머니투데이 전형주 기자] 가수 겸 배우 아이유가 2024년 새해를 기부로 시작했다.   아이유의 소속사 이담엔터테인먼트는 1일 자사 SNS(소셜네트워크서비스)를 통해 아이유가 취약계층을 위해 2억원을 쾌척했다고 밝혔다.   이에 따르면 아이유는 한국노인종합복지관협회, 한국아동복지협회, 한국미혼모가족협회, 한국장애인복지시설협회 등에 '아이유애나'라는 이름으로 각각 5000만원씩 2억원을 전달했다. '아이유애나'는 아이유와 그의 팬클럽 '유애나'를 합친 말이다.  아이유 측은 ""겨울엔 뜨신 마음을""이라며 ""새해가 밝았다. 1년 365일 내내 행복할 수만은 없겠지만 기쁜 날이 슬픈날보다는 월등히 많은 한 해 되시길. 그리고 꼭 건강하시길. 모두 새해 복 많이 받으시라""고 덧붙였다.   아이유는 각종 기념일마다 거액을 기념하며 선한 영향력을 전파해왔다. 데뷔 초부터 음원과 콘서트 수익금 등으로 시작한 그의 기부 총액은현재까지 누적 50억원에 달하는 것으로 알려졌다.     [관련기사] ☞ 박민영 전 남친 논란에... ""내내 후회, 정신과 검사서 위험신호"" ☞ 서하얀, 남편 임창정 주가조작 논란 후 첫 SNS ""겨울 지나 봄"" ☞ 프로파일러 배상훈 ""시신 트라우마... 집에 칼 없고 가구 문 다 열어"" ☞ 故이선균협박녀 얼굴 공개됐다…""95년생 미혼모"" 신상공개한 유튜버 ☞ 가수는 갔지만 노래는 남아, 천국서 히트한 '내 눈물 모아'[뉴스속오늘]   전형주 기자 jhj@mt.co.kr     키워드림론 최대 4배 주식자금 & 고금리 대환상품 한도 오픈! (1644-6960)   [무료운세] 믿어야 돼 말아야 돼? 종목매수전에 믿고보는 '오늘의 운세'        [파워 인터뷰]       매수전에 점 부터 보고 가실께요 -> 오늘의 운세 [복채무료]      ⓒ 머니투데이 & mt.co.kr, 무단 전재 및 재배포 금지"
176,2,"2024-01-02","06:41:42","출산한 아기 피부색에 당황…美 난임병원 실수에 두 가정 '날벼락'","[머니투데이 류원혜 기자] 미국 캘리포니아의 한 난임 병원에서 두 여성의 냉동 배아가 뒤바뀐 사실이 뒤늦게 드러났다.   1일(현지 시각) 뉴욕포스트 등에 따르면 미국 뉴욕에 사는 애니 마누크얀과 터키계 남편 아숏 마누크얀 부부는 2018년 캘리포니아의 난임 전문 'CHA' 병원에서 냉동 배아 이식 수술받았다.   약 10만달러(한화 약 1억2990만원)를 들여 임신에 성공한 애니는 2019년 3월 제왕절개로 쌍둥이 아들을 낳았다.   그런데 애니가 낳은 아이들은 부부와 다른 백인계였다. 유전자 검사 결과 다른 여성 환자의 냉동 배아가 이식된 것으로 드러났다. 결국 애니부부는 쌍둥이 아들을 친모 측에 보내야 했다.   병원 측이 냉동 배아 이식 과정에서 이상한 점을 발견하고도 내버려 뒀다는 의혹도 제기됐다.   애니가 임신 당시 병원에서 태아의 성별 확인을 위해 초음파 검사를 받았는데, 이전까지는 쌍둥이 딸이라고 안내하던 병원에서 갑자기 쌍둥이 아들이라고 말을 바꿨다는 것이다.   애니 부부는 병원을 상대로 소송을 제기, 합의금 등으로 약 20만달러(한화 약 2억5980만원)를 받은 것으로 알려졌다.   애니 측 변호사는 ""이번 사건은 병원의 무능함을 보여준다. 제가 난임 병원 관련 위법 행위를 다룬 사건 중 가장 심각하다""며 ""우리가 알고 있는 것보다 훨씬 더 많은 비극이 난임 병원에서 일어나고 있다""고 밝혔다.     [관련기사] ☞ '재혼' 임형준 ""전처 소생 子, 결혼식 초대 고민""…죄책감에 눈물 ☞ 박민영 전 남친 논란에... ""내내 후회, 정신과 검사서 위험신호"" ☞ 서하얀, 남편 임창정 주가조작 논란 후첫 SNS ""겨울 지나 봄"" ☞ 프로파일러 배상훈 ""시신 트라우마... 집에 칼 없고 가구 문 다 열어"" ☞ 故이선균 협박녀 얼굴 공개됐다…""95년생 미혼모"" 신상공개한 유튜버   류원혜 기자 hoopooh1@mt.co.kr     키워드림론 최대 4배 주식자금 & 고금리 대환상품 한도 오픈! (1644-6960)   [무료운세] 믿어야 돼 말아야 돼? 종목매수전에 믿고보는 '오늘의 운세'        [파워 인터뷰]       매수전에 점 부터 보고 가실께요 -> 오늘의 운세 [복채무료]      ⓒ 머니투데이 & mt.co.kr, 무단 전재 및 재배포 금지"
176,3,"2024-01-02","06:41:21","日 강진 발생 지역서 밤새 여진…최소 4명 사망·수십명 부상","日 강진 발생 지역서 밤새 여진…최소 4명 사망·수십명 부상 3만2천여 가구 정전…신칸센 일부 구간·노토공항 항공편 운행 중단 日총리, 자위대·경찰 파견 지시…오늘 오전 비상재해대책본부 회의         (도쿄=연합뉴스) 박상현 특파원 = 새해 첫날인 1일 규모 7.6의 강진이 발생한 일본 혼슈 중부 이시카와현 노토(能登) 반도에서 2일 새벽까지 여진이 지속됐다고 현지 공영방송 NHK가 보도했다.      보도에 따르면 이시카와현 노토 반도에서는 이날 새벽 오전 4시 42분께 규모 4.9의 여진이 일어났다.      이 지진으로 대부분의 사람이 놀라는 수준인 진도 4의 흔들림이 발생했다.      일본 기상청은 규모 7.6의 지진이 발생한 전날 오후 4시 10분부터 이날 0시까지 진도 1 이상의 지진이 93회 관측됐다고 발표했다.      일본 기상청의 지진 등급인 '진도'는 절대 강도를 의미하는 규모와는 달리, 지진이 일어났을 때 해당 지역에 있는 사람의 느낌이나 주변물체 등의 흔들림 정도를 수치로 나타낸 상대적 개념이다.      진도는 사람이 흔들림을 감지하지 못하고 지진계에만 기록되는 '0'부터 서 있기가 불가능한 '7'까지 10단계로 나뉜다.       기상청은 이날 혼슈와 홋카이도의 일부 동해 인접 지역에 내렸던 쓰나미(지진해일) 경보를 한 단계 낮은 쓰나미 주의보로 변경했다.      한편, 가장 강한 흔들림이 있었던 이시카와현 당국은 이번 지진으로 4명이 사망했다고 발표했다.      하지만 이시카와현에서는 가옥이 무너졌다는 신고가 잇따랐고, 각지에서 화재가 발생해 인명 피해가 추가로 파악될 가능성이 큰 상황이다.      이시카와현과 접한 도야마현에서는 중상자 3명을 포함해 18명이 다쳤고, 니가타현과 후쿠이현에서도 각각 부상자 18명과 6명이 발생했다고 NHK는 전했다.      아울러 이시카와현에서는 3만2천400가구에 전기 공급이 끊겼다.      철도회사인 JR동일본은 이날 오전 고속열차 신칸센의 설비 점검을 위해 나가노역과 가나자와역을 잇는 구간, 에치고유자와역과 니가타역사이 구간 운행을 중단하기로 했다.      노토공항은 활주로 곳곳에서 길이 10ｍ가 넘는 금이 확인돼 항공편 운항이 불가능한 상태다.      기시다 후미오 일본 총리는 이날 오전 총리관저에서 비상재해대책본부 회의를 열어 피해 상황을 확인할 방침이다.      기시다 총리는 전날 밤 총리관저에서 취재진에 ""지진이 일몰 직전에 발생해 정보를 수집하기 곤란한 상황""이라며 인명 구조와 피해 복구를 위해 자위대와 경찰·소방 인력을 현지에 보내도록 지시했다고 말했다.         psh59@yna.co.kr  (끝)     <저작권자(c) 연합뉴스, 무단 전재-재배포 금지>"
176,4,"2024-01-02","06:41:01","NATGAS 파이프라인 중요 공지: 테네시 가스 파이프라인 현재 파이프라인 상태 - 파이프라인 상태","NATGAS PIPELINE CRITICAL NOTICE: Tennessee Gas Pipe Line current pipeline conditions - pipeline conditions  (( 이것은 파이프라인 운영자가 화주에게 제공한 중요 알림의 텍스트 그대로입니다.파이프라인 운영자가 화주에게 제공한 중요알림의 텍스트입니다. 이 정보는 로이터에 의해 독립적으로로이터에 의해 확인되지 않았습니다. 이 항목 뒤에 뉴스 기사가 이어질 수 있습니다.사건의 심각성이 운영에 미치는 영향에 따라 뉴스 기사가 이어질 수 있습니다. ))     회사 이름: 테네시 가스 파이프 라인     알림 유형 설명: 현재 파이프라인 상태 - 파이프라인 상태     게시 날짜: 1/1/2024     발효일: 01/01/2024     종료일: 01/02/2024     텍스트 게시:     2024년 01월 01일 테네시주 가스 요금의 일중 2주기(18:00) 적용다음을 제한했습니다: 운영 흐름 명령(OFO) 및 불균형 경고구역 0의 STA 1 남쪽의 모든 지역에 대한 일일 OO 크리티컬 1일차 오버테이크에 대해모든 밸런싱 당사자에 대해 시스템에서 시스템으로 배송 또는 배송 부족그리고 오버테이크에 대해 500 라인의 L 구역과 1 구역에 대해 매일 크리티컬 1일차 경고 발령모든 잔고 당사자를 위해 시스템에서 시스템으로 과소 인도 또는 과부족 인도제한 사항 - Vcp/TGP 밸리 교차 할당 수령 계량기(핀 53608) -운영상의 문제로 인해 SA 100% 증가; 4,950 Dth - 순멕시/TGP 길리나 도로 통행료 영수증 미터기(핀 47799) - SA 100%를 통해운영상의 우려로 인해 증가; 39,005Dth - MLV 509(세그먼트 509 BH) - 약 99운영 용량을 초과하는 지명으로 인해 약 99%의 SOP 증가를 통해용량; 15,760Dths - Pine Pra/TGP Pine Prairie North Rap Delivery Meter (Pin421043) - 운영상의우려로 인해 약 86%의 SOP 증가;51,526Dths - STA 860(세그먼트 860 BH) - 다음과 같은 이유로 SOP 100% 증가.STA 860의 불가항력; 9,110Dth - STA 110 East(세그먼트 111 BH) - ~까지운영 용량 초과 지정으로 인한 SOP 증가의 약 59%용량; 1,164Dth - STA 307(307 BH 구간) - 100%의SOP 증가로 인해운항 용량 초과 지정으로 인해 195,368Dth - MLV 314편성동쪽(314 BH 구간) - 운항 용량 초과로 인한 SOP 증가율 100%까지운항 용량 초과; 159,922Dth - STA 321(321 FH 구간) - 약 26% 증가.운영 용량을 초과하는 지정으로 인해 약 26%의 SOP 증가를 통해용량; 32,163Dth - Z5HC 노스(299 FH 구간) - SOP의 100%를 통해운항 용량을 초과하는 지정으로 인해 증가; 357,566 Dth -STA 245(구간 245 FH) - 다음과 같은 이유로 인해 약 99%의 SOP 증가가 발생했습니다.운항 용량을 초과하는 지명; 417,773Dth - MLV 256 East(256 FH 구간) - 운항 용량 초과로 인해 약 55%의 SOP 증가를 통해운항 용량 초과; 49,582Dth - STA 261 동쪽 배출 (구간261 FH) - 운영 용량을 초과하는 지명으로 인해 약 69%의 SOP 증가를 통해운항 용량; 40,344Dths - MLV 273(284 FH 구간) - 100%까지운항 용량을 초과하는 지명으로 인한 SOP 증가; 95,000Dths라인팩 제한 페이백은 각 주기마다 평가되며 예정된 경우에만 적용됩니다. NATGAS PIPELINE CRITICAL NOTICE: Tennessee Gas Pipe Line current pipeline conditions - pipeline conditions  (( 이것은 파이프라인 운영자가 화주에게 제공한 중요 알림의 텍스트 그대로입니다.파이프라인 운영자가 화주에게 제공한 중요알림의 텍스트입니다. 이 정보는 로이터에 의해 독립적으로로이터에 의해 확인되지 않았습니다. 이 항목 뒤에 뉴스 기사가 이어질 수 있습니다.사건의 심각성이 운영에 미치는 영향에 따라 뉴스 기사가 이어질 수 있습니다. ))     회사 이름: 테네시 가스 파이프 라인     알림 유형 설명: 현재 파이프라인 상태 - 파이프라인 상태     게시 날짜: 1/1/2024     발효일: 01/01/2024     종료일: 01/02/2024     텍스트 게시:     2024년 01월 01일 테네시주 가스 요금의 일중 2주기(18:00) 적용다음을 제한했습니다: 운영 흐름 명령(OFO) 및 불균형 경고구역 0의 STA 1 남쪽의 모든 지역에 대한 일일 OO 크리티컬 1일차 오버테이크에 대해모든 밸런싱 당사자에 대해 시스템에서 시스템으로 배송 또는 배송 부족그리고 오버테이크에 대해 500 라인의 L 구역과 1 구역에 대해 매일 크리티컬 1일차 경고 발령모든 잔고 당사자를 위해 시스템에서 시스템으로 과소 인도 또는 과부족 인도제한 사항 - Vcp/TGP 밸리 교차 할당 수령 계량기(핀 53608) -운영상의 문제로 인해 SA 100% 증가; 4,950 Dth - 순멕시/TGP 길리나 도로 통행료 영수증 미터기(핀 47799) - SA 100%를 통해운영상의 우려로 인해 증가; 39,005Dth - MLV 509(세그먼트 509 BH) - 약 99운영 용량을 초과하는 지명으로 인해 약 99%의 SOP 증가를 통해용량; 15,760Dths - Pine Pra/TGP Pine Prairie North Rap Delivery Meter (Pin421043) - 운영상의우려로 인해 약 86%의 SOP 증가;51,526Dths - STA 860(세그먼트 860 BH) - 다음과 같은 이유로 SOP 100% 증가.STA 860의 불가항력; 9,110Dth - STA 110 East(세그먼트 111 BH) - ~까지운영 용량 초과 지정으로 인한 SOP 증가의 약 59%용량; 1,164Dth - STA 307(307 BH 구간) - 100%의SOP 증가로 인해운항 용량 초과 지정으로 인해 195,368Dth - MLV 314편성동쪽(314 BH 구간) - 운항 용량 초과로 인한 SOP 증가율 100%까지운항 용량 초과; 159,922Dth - STA 321(321 FH 구간) - 약 26% 증가.운영 용량을 초과하는 지정으로 인해 약 26%의 SOP 증가를 통해용량; 32,163Dth - Z5HC 노스(299 FH 구간) - SOP의 100%를 통해운항 용량을 초과하는 지정으로 인해 증가; 357,566 Dth -STA 245(구간 245 FH) - 다음과 같은 이유로 인해 약 99%의 SOP 증가가 발생했습니다.운항 용량을 초과하는 지명; 417,773Dth - MLV 256 East(256 FH 구간) - 운항 용량 초과로 인해 약 55%의 SOP 증가를 통해운항 용량 초과; 49,582Dth - STA 261 동쪽 배출 (구간261 FH) - 운영 용량을 초과하는 지명으로 인해 약 69%의 SOP 증가를 통해운항 용량; 40,344Dths - MLV 273(284 FH 구간) - 100%까지운항 용량을 초과하는 지명으로 인한 SOP 증가; 95,000Dths라인팩 제한 페이백은 각 주기마다 평가되며 예정된 경우에만 적용됩니다. 운영상 가능한 경우. 저장 용량 제한 없음 **주의 사항시스템 밸런싱 및/또는 확인 감소로 인해 최종 용량이 변경될 수 있습니다.**중단 및 유지보수 일정은 엑셀 스프레드시트 및공지/계획 아래의하이퍼링크를 통해 액세스할 수 있는 Adobe 형식서비스 중단. 궁금한 점이 있으면 담당 스케줄러에게 문의하세요.                    ...        자세한 정보는 http://pipeline2.kindermorgan.com/Notices/NoticeDetail.aspx...에서 확인할 수 있습니다.      원문 바로가기    DISCLAIMER  레피니티브의 사전, 서면 승인 없는 톰슨로이터 콘텐츠의 재생산이나 재배포는 금지되어 있습니다. 이 기사의 한국어 번역은 에프앤가이드가 사용하는 기계적 번역에 의한 것으로 톰슨로이터와 레피니티브는 번역의 정확성을 보증하지 않습니다."
176,5,"2024-01-02","06:40:57","""연 끊겠다며 분란 일으키는 딸""…가정폭력 휘두른 부모의 '하소연'","아동학대 이미지. [게티이미지뱅크]  [헤럴드경제=채상우 기자] 평소 폭력을 휘두른 부모가 자식으로부터 ""연을 끊겠다""는 말을 듣고 온라인에 하소연을 해 공분을 사고 있다.  2일 소셜미디어(SNS) 등에 자신을 두 아이의 아버지라고 소개한 A씨가 작성한 ‘대학생 딸이 연을 끊겠다고 합니다’라는 제목의 글이 화제다.  A씨는 “저희 부부는 대학교 졸업반인 딸과 중학생 아들이 있는데, 나이 차가 나다 보니 아들은 비교적 응석받이로 키웠다”며 “반면에 딸은 집사람이 아무래도 시집살이가 힘들고 하니까 딸이 어릴 때 괜히 자주 심하게 때리고 소리지르고 한 것 같다. 딸이 고등학생 때까지 이러한 일들이 계속됐다”고 말했다.  결국 고등학교에 입학한 딸은 매일같이 엄마와 부딪혔다고 한다. A씨는 “딸이 기질적으로 말을 직설적으로하고 부모에게 ‘최악이다’ ‘친구들과 비교하면 해주는 것도 없으면서 괴롭힌다’ ‘늙으면 부양도 안 해주고 연 끊을 것’이라고 악을 자주 썼다”며 “그러다 한 번씩 손찌검을 집사람이 했다. 훈육이 아니라 아이의 도발에 집사람이 말려들어 감정적으로 애를 쥐어박았다”고 회고했다.  모녀 간 분란은 딸이 성인이 된 이후에도 계속됐다고 한다. 그는 “딸아이는 그 일을 성인이 된 지금도 자주 거론하며 부부를 괴롭히고 남동생이 받는 용돈이나 새 전자기기들도 탐탁지 않아하며 자신의 몫이 없다고 화를 낸다”며 “딸은 ‘해준 것이 없는 부모’라며 ‘낳았으면 책임지지 뭐 하는 거냐’고 계속 지난 과거를 들먹이며 가정에 분란을 일으킨다”고 했다.  A씨는 “저희 부부는 지난 과거에 대해 몇 번이나 사과하며 성인이 된 이후에도 자식에게 한두번의 손찌검 외에 해를 가한 적은 없지만 이런 딸의 행동에 질릴대로 질린 상태”라며 “딸은 취업이 잘 되는 과에 가서 곧 취업해서 나가서 살 거라고 하며 연을 끊을 거라고 말한다. 이게 맞는 것인지, 내가 잘못 키운 것인지, 정말 이대로 졸업시키면 남보다도 못한 사이가 되는 것인지. 어떻게 해야 가정에 평화가 찾아올지 궁금하다”고 글을 마무리했다.        ▶ 무조건 오르는 비공개 급등종목 ""반드시"" 확인하기 >> 오늘의 추천종목 정보 제공 받기 <<    ▶ 급등 임박! 반드시 상승할 ""유망 종목 TOP3"" 실시간 시세 확인하기 >> 종목 무료로 받아보기 <<    ▶ 비트코인 와르르 大폭락에 OO테마주 들썩, 상위 1% TF팀 >> 선착순 100명 급등 종목 무료제공 <<     ▶ 내 계좌 '5억'만들기 프로젝트! VIP 서비스 5일 무.료.체.험 EVENT >>보유 종목 무료분석<<        ▶ 상위 1%의 급등주 정보, 선착순 100명에게 무료로 제공 중… >>초대형 대장주 비밀리에 입수<<       ▶ 단 돈 ""만 원"" 있어도 10배 이상 터질 종목 ""지금"" 사도 무조건 터진다 >> 매일 VIP 무료추천주 <<       ▶ 아무도 몰랐던 급상승 ""VIP 히든종목"" 분석자료 선착순 무료제공!! >>최상위종목 ""시세"" 확인하기<<"
176,6,"2024-01-02","06:40:35","팩트박스- 1995년 고베 대지진 이후 일본에서 발생한 주요 지진 발생 현황","FACTBOX-Major earthquakes in Japan since Kobe disaster of 1995   도쿄, 1월 2일 (로이터) - 월요일인 2일 일본 중부를 강타한 강력한 지진으로 수만 가구의 전기가 끊겼습니다.  태평양 분지를 일부 둘러싸고 있는 화산과 해양 해구로 이루어진 '불의 고리'에 위치한 일본은 전 세계 규모 6 이상 지진의 약 20%를 차지하고 있으며, 매년 사람이 느낄 수 있는 지진이 최대 2,000회 정도 발생합니다.  다음은 지난 30년 동안 발생한 일본의 주요 지진입니다:     - 1995년 1월 16일, 일본 중부를 강타한 지진이 서부 항구 도시 고베를 초토화시켰습니다. 50년 만에 일본을 강타한 최악의 지진으로 6,400명 이상이 사망하고 약 1,000억 달러의 피해가 발생했습니다.  - 2004년 10월 23일, 도쿄에서 북쪽으로 약 250km(150마일) 떨어진 니가타 지역에서 규모 6.8의 강진이 발생하여 65명이 사망하고 3,000명이 부상을 입었습니다.  - 2011년 3월 11일, 일본북동부를 강타한 쓰나미로 인해 약 2만 명이 사망하고 후쿠시마 원전이 폭발하면서 체르노빌 이후 세계 최악의 원자력 재앙이 발생했습니다.  - 2016년 4월 16일, 일본 남부 섬 구마모토에서 발생한 강진으로 220명 이상이 사망했습니다.  - 2018년 6월 18일, 일본에서 두번째로 큰 대도시인 오사카에서 4명이 사망하고 수백 명이 부상을 입었으며 공업 지역의 공장 가동이 중단되는 사고가 발생했습니다.  - 2018년 9월 6일, 일본 북부 홋카이도 섬을 마비시켜 최소 7명이 사망하고 산사태가 발생했으며 530만 명의 주민에게 정전이 발생했습니다.  - 2021년 2월 13일, 일본 동부 후쿠시마 앞바다에서 강진이 발생하여 수십 명이 부상하고 광범위한 정전이 발생했습니다.  - 2022 년 3월 16일, 후쿠시마 앞바다를 다시 강타한 지진으로 2명이 사망하고 94명이 부상당했으며, 10여 년 전 같은 지역을 마비시켰던 지진과 쓰나미의 기억이 되살아났습니다.        (휴 로슨 글, 리사 슈메이커 편집)  hugh.lawson@thomsonreuters.com ; +44 207 542 8384; ))     (c) Copyright Thomson Reuters 2020. Click For Restrictions - https://agency.reuters.com/en/copyright.html        Keywords: JAPAN-QUAKE/HISTORY (FACTBOX)   원문 바로가기    DISCLAIMER  레피니티브의 사전, 서면 승인 없는 톰슨로이터 콘텐츠의 재생산이나재배포는 금지되어 있습니다. 이 기사의 한국어 번역은 에프앤가이드가 사용하는 기계적 번역에 의한 것으로 톰슨로이터와 레피니티브는 번역의 정확성을 보증하지 않습니다."
176,7,"2024-01-02","06:39:09","아빠 차로 무면허 운전한 중학생·초등생…인터넷 생방송까지","무면허로 차량을 몰면서 이를 실시간 인터넷 방송을 한 10대 중학생과 초등학생이 경찰에 붙잡혔다. 2일 인천 연수경찰서는 도로교통법상 무면허 운전 혐의로 중학생 A군과 초등학생 B군을 불구속 입건했다고 밝혔다. A군 등은 전날 오후 10시쯤 인천시 연수구 송도동 일대에서 무면허로 번갈아 가면서 20km가량 차량을 운전한 혐의를 받는다. 이들은 무면허 운전을 하면서 인터넷 라이브 방송을 했고 이튿날인 이날 오전 0시 20분께 시청자의 신고를 받고 출동한 경찰에 검거됐다. 이들의 방송 영상에는 B군이 A군을 향해 “(시속) 100km야 밟지마, 엔진 터진다고 미친 XX야”라고 욕설하는 장면도 담겼다. 조사 결과 B군은 아버지의 차 열쇠를 들고나온 뒤 사회관계망서비스(SNS)를 통해 알게 된 A군에게 연락해 함께 범행한 것으로 알려졌다. 경찰 관계자는 “피의자 2명 중 B군만형사 미성년자(촉법소년)인 것으로 파악했다”며 “현재 귀가 조치를 했으며 구체적인 경위를 조사할 예정”이라고 말했다.    [ⓒ 매일경제 & mk.co.kr, 무단 전재, 재배포 및 AI학습 이용 금지]"
177,1,"2024-01-02","06:18:00","크루거 에너지 온타리오 101MW 포트 알마 1 풍력 발전소 폐쇄 - 온타리오 IESO","Kruger Energy Ontario 101 MW Port Alma 1 wind power plant shut - Ontario IESO  1월 1일 (로이터) - 크루거 에너지 온타리오 101MW 포트 알마 1 풍력 발전소가 폐쇄되었다고 온타리오 전력청(IESO)이 월요일에 밝혔습니다.((북미 전력 데스크: 휴스턴 +1 713 210 8522, 뉴욕 +646 223 6072, 벵갈루루 +91 80 6749 1298))        키워드: 유틸리티-온타리오에소/   원문 바로가기    DISCLAIMER  레피니티브의 사전, 서면 승인 없는 톰슨로이터 콘텐츠의 재생산이나 재배포는 금지되어 있습니다. 이 기사의 한국어 번역은 에프앤가이드가 사용하는 기계적 번역에 의한 것으로 톰슨로이터와 레피니티브는 번역의 정확성을 보증하지 않습니다."
177,2,"2024-01-02","06:18:00","엔브릿지 온타리오 182MW 언더우드 풍력 발전소 가동 재개 - 온타리오 IESO","Enbridge Ontario 182 MW Underwood wind power plant returns to service - Ontario IESO  1월 1일( 로이터) - 온타리오주 182MW 언더우드 풍력 발전소가 가동을 재개한다고 온타리오주 전력청(IESO)이 월요일 밝혔다.((북미 전력 데스크: 휴스턴 +1 713 210 8522, 뉴욕 +646 223 6072, 벵갈루루 +91 80 6749 1298))        키워드: 유틸리티-온타리오에소/   원문 바로가기    DISCLAIMER  레피니티브의 사전, 서면 승인 없는 톰슨로이터 콘텐츠의 재생산이나 재배포는 금지되어 있습니다. 이 기사의 한국어 번역은 에프앤가이드가 사용하는 기계적 번역에 의한 것으로 톰슨로이터와 레피니티브는 번역의 정확성을 보증하지 않습니다."
177,3,"2024-01-02","06:17:43","18세까지 1억 받는 첫 아기…결혼 3년 만에 얻은 기적","[머니투데이 양성희 기자] ""결혼한 지 3년 만에생긴 첫 아이라 더욱 감격스러워요.""   2일 뉴스1에 따르면 갑진년 새해 첫날인 지난 1일 오전 11시, 인천 남동구 가천대길병원에서 3.4㎏으로 건강하게 태어난 '호람이'(태명)는 18세까지 1억원을 지원받는 첫 번째 수혜자가 됐다.   인천시는 출산 정책으로 '1억 플러스 아이드림' 사업을 내놨다. 인천에서 태어나 자라는 아이가 18세가 될 때까지 1억원을 지원하는 것이 골자다. 올해부터 시행이라 새해둥이인 호람이가 첫 대상이 됐다.   호람이는 아빠 최호규씨(40)와 엄마 김보람씨(36) 이름을 한자씩 따서 지은 태명이다. 이 부부는 오랜 연애 끝에 2020년 결혼했다. 3년여 만에 태어난 아기가 '1억원 첫 수혜자'가 되면서 축하가 쏟아지고 있다.   최씨는 ""아내가 임신 때도 입덧으로 많이 고생했고 태아가 역아라 제왕절개를 했는데 건강하게 태어나 다행""이라고 말했다.   그는 ""'1억 플러스 아이드림' 지원이 있어 든든하다""며 ""아기 낳기 부담스러워하는 부부에게 많은 도움이 될 것 같다""고 했다.   이날 병원을 찾은 유정복 인천시장은 ""급격하게 감소하는 출산율로 대한민국은 사회 전반에 심각한 위기를 겪고 있다""면서 "" 베이비붐 세대가 다시 탄생하길 바라며 출산, 육아 부담을 덜기 위해 힘쓰겠다""고 했다.      [관련기사] ☞ 탁재훈, 女3명과 불륜설 9년만 해명…""사실 아냐, 이혼사유 복잡"" ☞ '재혼' 임형준 ""전처 소생 子, 결혼식 초대 고민""…죄책감에 눈물 ☞ ""가정불화에 딸이 연 끊겠답니다""…부모 하소연했다가 '역풍' ☞ 처가 간다더니…게임하던 남자와 바람난 아내, 들키자 '황당 요구' ☞ '슛돌이' 이강인과 열애 의혹 이나은…""지인 사이일 뿐""   양성희 기자 yang@mt.co.kr     키워드림론 최대 4배 주식자금 & 고금리 대환상품 한도 오픈! (1644-6960)   [무료운세] 믿어야 돼 말아야 돼? 종목매수전에 믿고보는 '오늘의 운세'        [파워 인터뷰]       매수전에 점 부터 보고 가실께요 -> 오늘의 운세 [복채무료]      ⓒ 머니투데이 & mt.co.kr, 무단 전재 및 재배포 금지"
177,4,"2024-01-02","06:17:30","2024년 새해 첫 주식시장, 오전 10시 개장한다","2024년 새해 첫 거래일인 2일 국내 주식시장이 평소보다 1시간 늦은 오전 10시에 개장한다.    한국거래소에 따르면 이날 정규시장 매매거래는 오전 10시에 시작해 오후 3시 30분에 종료한다.  이는 증권·파생상품시장 개장식 영향으로, 개장식은 이날 오전 8시40분 여의도 서울사옥 마켓스퀘어 2층 종합홍보관에서 열린다. 행사는 국민의례와 개장식사, 개장축사, 개장 신호식 순으로 진행된다.  파생상품 정규 시장은 상품에 따라 오전 9시 45분 또는 10시에 개장한다. 종료시각은 현행과 같다. 코스피200선물·옵션, 미니코스피200선물·옵션, KRX300선물, 국채선물 등 주식·금리 상품도 개장 시간이 1시간씩 연기된다. 종료시간은 현행과 동일하다.  다만 파생상품의 일종인 기초자산조기인수도부거래(미국달러선물)와 미국달러플렉스 선물의 경우 오전 10시 10분에 개장해 오후 3시 25분에마감한다.  유렉스(Eurex) 연계시장, 돈육 선물, 석유시장과 배출권 시장은 거래시간 변동 없이 현행대로 유지한다.  정민하 기자 min@chosunbiz.com   Copyrights ⓒ ChosunBiz.com"
177,5,"2024-01-02","06:16:50","""금리 인하에 연착륙 온다"" 새해 '장밋빛 전망' 넘치는 월가","2024년 새해를 맞이한 미국 월가에 장밋빛 전망이 넘치고 있다. 잇따른 경기침체 우려에도 불구하고 지난 한 해 견조한 성장을 이어간 미경제에 힘입어 연초부터 낙관론이 힘을 얻고 있는 것이다. 연방준비제도(Fed)의 금리 인하가 연내 본격화할 것이라는 관측도 이러한 시장 기대감에 한층 힘을 싣고 있다.    일간 월스트리트저널(WSJ)은 1일(현지시간) 지난해 초만 해도 경기침체 전망이 지배적이었으나 이는 현실화하지 않았다면서 이러한 월가안팎의 새해 낙관론을 조명했다.    WSJ는 ""강한 경제가 2023년의 우울한 전망을 뒤집었다. 강한 경제로 증시는 연중 내내 상승했고 투자자들이 대부분 동의했던 경기침체는발생하지 않았다""면서 대형주 중심의 S&P500지수가 현재 사상 최고치인 전고점(4796.56)을 코앞에 두고 있다고 짚었다. 뉴욕 채권시장에서 한때 5%를 돌파했던 10년 만기 미 국채 금리는 3.8%수준까지 안정됐다. 월가의 공포지수로 불리는 시카고옵션거래소(CBOE) 변동성지수(VIX)는수년래 최저치에 가까운 12선에서 작년 한 해 거래를 마감했다.    이처럼 월가에 낙관론이 급격히 확산한 배경에는 Fed의 통화정책 변화를 둘러싼 기대감이 존재한다. 인플레이션에 맞선 고강도 통화 긴축이 조만간 통화완화로 돌아설 것으로 예상되는 만큼 투자심리 자체가 우호적인 셈이다. Fed는 이미 작년 마지막 연방공개시장위원회(FOMC)에서 올해 말 금리 전망값(중앙치)으로 4.6%로 제시하며 3차례 금리 인하 가능성을 시사한 상태다. 여기에 시장의 기대는 이를 웃돈다. 시카고상품거래소(CME) 페드워치에 따르면 금리선물시장은 당장 3월부터 6~7차례의 인하가 이뤄질 수 있다고 내다보고 있다.   데이비드 코스틴 골드만삭스 미국 수석투자전략가는 ""(Fed의) '더 오랜 기간 높은 수준의 금리(a higher for longer) 대신, 더 낮고 빠르게(lower and sooner) 금리 인하가 이뤄질 수 있다""고 분석했다. 무디스 애널리틱스의 마크 잔디 수석이코노미스트 역시 최근 CNBC에출연해 ""1년 전만 해도 모두 경계심을 갖고 있었지만 이제 비관론이 사라지고 있다""고 분위기를 전했다. 금리 인하 기대감과 함께 침체 없이 인플레이션을 낮추는 이른바 연착륙(Soft landing) 전망도 무게가 실리고 있는 것이다.   물론 시장 전반에 경기침체 우려가 완전히 지워진 것은 아니다. 누적된 긴축으로 인해 미 경제의 상당 부분을 차지하는 소비지출 둔화 시그널도 확인되고 있다. Fed가 12월 FOMC에서 제시한 올해 성장률 전망(1.4%)은 전년 전망치 대비 반토막 난 수준이다. 다만 이는 Fed가 2022 년3월 금리 인상에 나서며 예고했던 연착륙 시나리오와 일치한다고 CNBC는 분석했다. 경제전문지 이코노미스트 역시 필라델피아 연방준비은행(연은)의 경제전망 수치를 언급하면서 ""금융시장이 연착륙 전망을 반기고 있다""고 보도했다.    WSJ는 대다수 투자자들이 당분간 뉴욕증시 랠리를 기대하고 있다고 전했다. 골드만삭스는 최근 S&P500지수의 연말 전망치를 5100으로 제시했다. 이는 향후 7% 추가 상승 여력이 있다고 본 것이다. 도이체방크와 시티그룹 역시 동일한 5100선이다. 대표적 강세론자인 오펜하이머 에셋 매니지먼트의 존 스톨츠푸스 최고투자전략가(CIS)는 이보다 더 높은 5200으로 내다봤다.    다만 이러한 낙관론이 과도할 수 있다는 지적도 나온다. 자칫 Fed의 금리 인하가 시장의 예상만큼 빠르게 이뤄지지 않을 경우 이는 즉각투심을 악화하는 요인으로 작용할 전망이다. 이미 뉴욕증시가 Fed의 금리 인하 기대를 가격에 선반영한 부분이 있다는 점 역시 부정적인 측면이다.    JP모건체이스와 모건스탠리가 올해 말 S&P500지수 전망치를 각각 4200, 4500으로 약하게 제시한 배경도 여기에 있다. 레이먼드 제임스의수석전략가인 매트 오턴은 ""시장이 Fed의 입장보다 빠르게 움직이고 있기에 어려움이 있을 수 있다고 본다""고 짚었다. 올해 예정된 미국 대통령 선거, 지정학적 리스크 역시 증시 변동성을 키우는 변수로 꼽힌다.   한편 뉴욕 금융시장은 이날 신년 연휴로 휴장했다. 이번 주에는 미국 노동부의 비농업 고용보고서, ADP 민간 고용보고서, 구인·이직(JOLTs) 보고서 등 고용 관련 경제지표가 대거 발표될 예정이다. 비둘기(통화완화 선호)파적이라는 평가가 나왔던 12월 FOMC 의사록도 공개된다.     ● 주식으로 돈 벌까? 오늘의 운세로 확인  ● 국내 최저 신차 장기렌트 견적 문의 IWS오토  ● 급등임박 추천주를매일 알려주는 곳이 있다고? [카톡방 입장]  [관련기사]  ☞ ""무거워 못 치워"" 적반하장 민폐녀…짐은 좌석에, 사람은 계단에 앉았다  ☞ 초등생 딸과 영화관 갔다가 '당황'…""홍콩 출발해? 갈 데까지 가자""는 '문신돼지' 영상  ☞ ""대기인원 30명인데 식사 후 30분째수다…어찌할까요?""  ☞ 유영철·강호순, 새해 특식 '유과에불고기'…서울구치소 식단표는  ☞ 투자 성공의 핵심은 기업분석! 'CORE' 바로가기      뉴욕=조슬기나 특파원 seul@asiae.co.kr   <ⓒ투자가를 위한 경제콘텐츠 플랫폼, 아시아경제(www.asiae.co.kr) 무단전재 배포금지>"
177,6,"2024-01-02","06:15:44","1조원 이상 M&A ‘빅딜’ 반토막…대기업조차 ‘돈줄’ 꽉 막혔다","지난해 1조원 이상 거래 건수 ‘반토막’ 고금리 지속에 거래 안 하며 시장 위축   지난해 국내 인수·합병(M&A)시장이 고금리발 자금 조달시장 경색과 경기침체 여파로 위축되면서 거래 규모가 2022년 대비 20% 이상 감소했다. 거래규모 1조원 이상 ‘빅딜’ 건수는 반토막 났다. 1일매일경제 레이더M이 집계한 리그테이블에 따르면 지난해 국내 M&A 전체 거래규모(50억원 이상 경영권 거래 기준)는 30조6458억원으로 집계됐다. 이는 2022년 전체 거래규모(39조4277억원)보다 22% 감소한 수치다. 호황이었던 지난 2021년(71조5030억원)과 비교해봤을 땐 57% 급감했다. 고금리가 지속하면서 대기업과 사모투자펀드(PEF)가 모두 지갑을 닫으며 시장이 위축된 결과다. 최근 미국 의료기기 1위 기업인 메드트로닉이 거래규모가 1조원에 달한 국내 의료기기 개발사 이오플로우 인수를 철회하며 시장에 찬물을 끼얹었다. 그 결과 2022년 8건에 달하던 1조원 이상 대형 거래 건수가 지난해 5건에 그쳤다. 2021년(15건)과 비교해보면 3분의 1 토막이 났다. 김이동 삼정KPMG 재무자문부문대표는 “올해 금리가 내려간다고 하더라도 M&A 유동성의 두 축인 사모투자펀드(PEF)와 대기업 모두 유동성 공급상황이 좋지 않은 상황이어서 시장이 곧바로 활성화되진 못할 듯 하다”며 “다만 자금회수를 해야 하는 PEF 입장선 일정기간 내에 거래를 성사시켜야 하기 때문에 매물가격이 현재보다 다소 낮아지면서 자연스럽게 거래건수가 올해엔 많아질 예정”이라고 내다봤다. 2023년 리그테이블 분야별 순위는 삼일 PwC가 기업 경영권 인수 금융자문과 회계 인수 매각 자문에서 모두 1위에 올랐다. 김앤장은 법률 인수 매각 자문에서 1위를 차지했다. 주식자본시장(ECM)과 부채자본시장(DCM)에선 NH투자증권과 KB증권이 각각 1위를 차지했다.    [ⓒ 매일경제 & mk.co.kr, 무단 전재, 재배포 및 AI학습 이용 금지]"
177,7,"2024-01-02","06:15:00","[기고]R&D 칼바람을 뚫는 법","- 양성광 한국기초과학지원연구원장    2024년 신년운세 토정비결 사주 확인!       말 많던 2024년도 정부 연구·개발(R&D) 예산이 26조5000억원으로 확정됐다. 이는 당초 정부안 25조9000억원보다 6000억원 늘어난 것으로, 비R&D로 재분류된 1조8000억원 등을 빼면 전년대비 2조8000억원(8.9%) 삭감된 규모다. 어쨌든 33년 만에 R&D 예산 삭감이라는 힘든상황을 맞이한 과학기술계는 걱정 속에 2024년을 준비하고 있다.  그런데 R&D 예산이 확정된 후에도 언론에서는 이번 예산의 정책 방향보다는 삭감 배경에 더 관심을 보이고 있다. 정부에서는 세계 최고의 R&D 경쟁력을 갖추기 위해 군살을 빼 선택과 집중을 하려는 것이라고 애써 설명하고 있는데, 이런 논란이 지속돼 자칫 과거의 틀에 갇혀 2024년을 제대로 시작해 보지도 못할지 걱정이다. 여하튼 이번 논란은 정부가 예산안을 마련하는 과정에서 삭감 이유에 대해 합당한 설명과 과학계의 동의를 구하지 못해 단초를 제공했다는 점은 부인하기 어렵다.  그러나 시련이 닥쳤을 때 ‘왜 그랬는지, 누구 탓인지’ 따지고만 있으면 해결될 일은 아무것도 없다. 지금 세계는 기술패권경쟁 속에서초격차 기술을 확보하기 위해 그야말로 총성 없는 전쟁을 하고 있다. 정부의 잘잘못을 가리는 것보다 급한 것은 차제에 비효율을 찾아내 없애고 세계적인 R&D 경쟁력을 갖추는 것이다.  정부 R&D 예산은 1992년부터 2023년까지 32배나 증가해 총 규모면에서 선진국에 필적할 정도로 늘어났다. 그사이 우리나라는 1인당 GDP가 4배로 증가했고 세계 10위권 경제 대국으로 올라섰는데, 이는 정부의 집중적인 투자와 과학자들의 노력의 결실이라 할 것이다. 그렇지만 오늘의 이 논란은 예산이 급증하는 과정에서 R&D 시스템을 제때 혁신하지 못한 대가를 치르고 있는 것은 아닌가 한다.  1991년 설립된 싱가포르의 난양공대는 2023년 QS 세계 대학 랭킹에서 전 세계 19위를 차지, 서울대(29위)와 KAIST(42위)를 앞질렀다. 이러한 급성장의 배경에는 외국계 총장 영입을 통한 과감한 대학 개혁이 있다. 전임 안데르손 총장은 취임 후 연구성과가 낮은 대학교수 30%를 잘라내고, 세계적인 석학들을 대거 유치했다. 미국 국립과학재단 총재를 역임한 현재의 수레쉬 총장은 2018년도에 부임한 후 테뉴어의 비율을 30~50%로 낮추고, 테뉴어를 받더라도 물갈이가 가능토록 하는 등 개혁의 고삐를 더욱 죄고 있다. 난양공대는 교수진의 70% 이상, 석·박사 학생의 60%가 외국인이고, 기업에서 기부금을 받으면 정부가 1.5배를 매칭하는 형태로 R&D 예산을 지원하여 산학협력을 유도한다. 우리나라의 대학과 출연연이 이런 대학을 어떻게 이길지 두렵기까지 하다.  그나마 미래 세대 과학자들이 마음껏 도전할수 있도록 지원하고, 해외 대학·연구기관·기업들과 국제공동연구를 활발히 해 R&D 경쟁력을 높여야 희망이 보인다. 다행히 이번 국회 심의에서 학생연구원 등 젊은 연구자 지원이 확대됐고, 글로벌 R&D 예산 1조8000억원도 유지됐다. 그러나 대부분의 연구현장은 감내하기 힘들 정도로 예산이 삭감돼 고통이 클 것으로 예상된다.  어렵지만 이제는 과학자들이 나서서 새는 곳이 없는지 알뜰하게 샅샅이 살피고 적은예산이지만 최대의 연구 성과를 낼 수 있도록 효율화해야 한다. 정부에서도 미래에 대한 투자는 계속된다는 확고한 의지를 보여줘야 과학자들은 내년에는 좋아질 것이라는 희망을 품고 혁신에 박차를 가할 것이다. 그리고 과거에도 그렇듯 이번에도 털고 일어나 보란 듯이 성과를 낼것이다. 정부는 과학자들을 최고로 위했던 1960~70년대가 그립다는 그들의 절규에 귀 기울여야 한다.     ▶▶[무료공개]◀◀ 지금 ""1,000만원""만 있어도 당장 ""이것""부터 사라!! >>> (무료체험)  [AI분석] 이번주 급등주 찾기!! ""500만원으로 20억"" 버는 종목 공개!! ▶무료로 확인가능◀     ＜ⓒ종합 경제정보 미디어 이데일리 - 무단전재 & 재배포 금지＞    "
178,1,"2024-01-02","06:00:12","(신년특집 총선 여론조사)①국민 70% ""지역구 현역 교체돼야""…절반은 총선서 ""민주당 지지""(종합)","<뉴스토마토-미디어토마토>  전국 1019명 / 오차범위 ±3.1%포인트 / 응답률 3.1%     [총선 지역구 투표 정당 선호도]  민주당 후보 49.1%  국민의힘 후보 36.7%  신당 등 기타 다른 정당 후보 6.8%  정의당 후보 1.5%  무소속 후보 0.6%  없음 3.1%  잘 모름 2.2%     [현역 의원 재신임 대 교체]  재신임 22.9%  교체 70.0%     [한동훈 비대위 기대감]  매우 기대한다 35.0%  대체로 기대한다 7.1%  별로 기대하지 않는다 13.5%  전혀 기대하지 않는다 41.3%     [민주당 지도부 체제 변화 여부]  비대위 체제 전환 등 변화 필요 41.3%  현 이재명 대표 체제 유지 44.9%     [뉴스토마토 박주용 기자] 국민 10명 중 7명이 오는 4월 총선에서 '지역구 현역 의원의 물갈이'를 원하는 것으로 나타났습니다.성별과 연령, 지역을 불문하고 '지역구 현역 교체' 응답이 높았습니다. 여야 모두 인적쇄신을 미룰 수 없게 됐다는 평가입니다. 이런 가운데내일이 총선이라면 지역구 국회의원 선거에서 민주당 후보에게 투표하겠다는 응답은 절반에 달했습니다. 국민의힘 후보를 선택하겠다는 응답은 30%대 중반에 그쳤습니다.     2일 <뉴스토마토>가 여론조사 전문기관 <미디어토마토>에 의뢰해 지난달 26일부터 27일까지 이틀간 만 18세 이상 전국 성인남녀 1019명을 대상으로실시한 '선거 및 사회현안 114차 정기 여론조사(신년특집 총선 여론조사)' 결과에 따르면, 전체 응답자의 70.0%는 '올해 총선에서 지역구의현역 국회의원의 교체 여부를 묻는' 질문에 ""다른 사람으로 바꾸는 것이 좋겠다""고 답했습니다. 반면 ""다시 한 번 더 하는 것이 좋겠다""는 재신임 응답은 22.9%에 불과했습니다.        (그래픽=뉴스토마토)     성별·연령·지역 불문 '현역 교체' 압도     조사 결과를 성별로 보면 남녀 모두 ""지역구 현역 의원을 교체해야 한다""는 응답이 압도적이었습니다. 연령별로도 모든 세대에서 ""지역구의 현역 의원을 교체해야 한다""는 응답이 높게 나타났습니다. 지역별로 보면 모든 지역에서 지역구 현역 의원 교체를 요구하는 응답이 앞섰습니다. 특히 부산·울산·경남(PK)에선 ""현역 의원을 바꿔야 한다""는 응답이 76.8%로 가장 높았습니다. 중도층에서도 70% 이상이 지역구의 현역 의원 교체를 요구했습니다. 특히 진보층보다 보수층에서 더 높은 인적쇄신을 요구하면서 국민의힘 물갈이 명분으로 활용 가능할 전망입니다.        (그래픽=뉴스토마토)     또 내일이 총선이라면 지역구 국회의원으로 민주당 후보에게 투표하겠다는 응답이 절반을 차지했습니다. 전체 응답자의 49.1%는 '살고 있는 지역구의 국회의원으로 어느 당 후보에게 투표하겠는지' 묻는 질문에 '민주당 후보'를 택했습니다. '국민의힘 후보'에게 투표하겠다는 응답은 36.7%였습니다. 이어 '신당 등 기타다른 정당 후보' 6.8%, '정의당 후보' 1.5%, '무소속 후보' 0.6% 순이었습니다. '투표할 후보 없다' 3.1%, '잘 모름' 2.2%였습니다.     수도권에 PK도 민주 '우세'…충청 '팽팽'     연령별로 보면 20대에서 50대까지 '민주당후보'가 우세했습니다. 20대에서 '신당 등 기타 다른 정당 후보'에게 투표하겠다는 응답은 10.5%로, 두 자릿수를 기록했습니다. 보수 지지세가 강한 70대 이상에선 국민의힘 후보가 앞섰습니다. 60대의 경우, 양당의 후보를 지지하는 응답이 팽팽했습니다.     지역별로 보면 수도권과 호남, 부산·울산·경남, 강원· 제주에서 '민주당 후보'에게 투표하겠다는 응답이 높았습니다. 반면 보수의 심장부인 대구·경북(TK)에서는 국민의힘 후보에게 투표하겠다는 응답이 앞서면서 정반대 결과가 나왔습니다. 서울과 함께 총선의 승부처로 꼽히는 대전·충청·세종에선 양당의 후보를지지하는 응답이 비슷했습니다. 중도층에서도 절반 가까이가 지역구 국회의원으로 '민주당 후보'를 지지했습니다.        (그래픽=뉴스토마토)     이런 상황에서 국민 절반 이상은 한동훈 국민의힘 비상대책위원장에 대한 기대감이 없는 것으로 나타났습니다. 전체 응답자의 54.8%('매우 기대하지 않는다' 41.3%, '별로 기대하지 않는다' 13.5%)는 한동훈 비대위 출범에 대해 '기대하지 않는다'라고 답했습니다. '기대한다'는 응답은 42.1%('매우 기대한다' 35.0%, '대체로 기대한다' 7.1%)였습니다. 두 응답의 격차는 12.7%포인트였습니다.     대통령·여당 지지도보다 한동훈 기대감 높아     10일 전 <미디어토마토> 여론조사 결과(12월16~17일 조사)와 비교하면 한 비대위원장에 대한 기대감은 윤석열 대통령과 국민의힘 지지율보다 높았습니다. 당시 윤 대통령의 국정운영 지지율은 30.7%, 국민의힘 지지율은 34.3%였습니다. 이번 신년특집 여론조사에서 나타난 한동훈 비대위원장에 대한 기대감은 42.1%로, 윤 대통령 국정운영 지지도보다 10%포인트 이상 높았습니다. 다만 한 비대위원장에 대한 중도층 기대감은 38.8%로, 전체 응답자 기대감보다 낮았습니다. 중도 외연 확장 면에서 일정 부분 기대와 한계를 동시에 보였다는 평가입니다.     연령별로 보면70대 이상을 제외한 모든 세대에서 한 비대위원장에 대해 ""기대하지 않는다""는 응답이 높았습니다. 반면 70대 이상에선 기대하다는 응답이 60% 이상 차지하며 정반대 결과가 나왔습니다. 60대의 경우 두 응답이 팽팽했습니다. 지역별로 보면 대구·경북을 제외하고 모든 지역에서 한 비대위원장에 대해 ""기대하지 않는다""는 응답이 앞섰습니다. 보수진영의 강세지역인 부산·울산·경남에서조차 절반 넘게 한 비대위원장을 ""기대하지 않는다""고 답했습니다. 중도층에서 한 비대위원장에 기대감이 40%에도 이르지 못했습니다.        (그래픽=뉴스토마토)     국민의힘이 한동훈 비대위 체제로 전환된 가운데 민주당에 대해선 ""이재명 대표 체제를 유지해야 한다""는 응답과 ""비대위로 전환해야 한다""는 요구가 팽팽하게 맞섰습니다. 전체 응답자의 44.9%는 민주당 방향에 대해 ""현재 이재명 대표 중심 체제를 유지해야 한다""고 답했습니다. 반면 41.3%는 ""비대위 체제로 전환하는 등의 변화가 필요하다""고 응답했습니다.     서울 '비대위 전환'-호남 '이재명 체제'-영남은 '양분'     연령별로 보면 40대와 50대에선 ""이재명 대표 체제를 유지해야 한다""는 응답이, 60대와 70대 이상에선 ""비대위 체제로 전환해야 한다""는 응답이 높았습니다. 20대와 30 대에선 두 응답이 팽팽했습니다. 지역별로 보면 서울과 대구·경북에선 ""비대위 체제로 전환해야 한다""는 응답이, 경기·인천과 호남, 부산·울산·경남, 강원·제주에선 ""이재명 대표 체제를 유지해야 한다""는 응답이 앞섰습니다. 특히 서울의 경우 4월 총선의 최대 승부처라는 점에서, '이재명 대표 체제 유지'보다 '비대위 전환' 요구 응답이 더 높은 것은 민주당에 상당한 부담으로 작용할 전망입니다. 대전·충청·세종에선 두 응답이 팽팽했습니다.     중도층에선 '이재명 체제 유지' 41.2% 대 '비대위 전환' 45.1%로, 전체 응답자 대상 조사 결과와 다르게 '비대위 전환'을 요구하는 응답이 좀 더 앞섰습니다. 민주당의 핵심 지지층인 진보층은 ""이재명 대표 체제를 유지해야 한다""는 응답이 70% 이상 차지하며 압도적이었습니다.     한편 이번 조사는 ARS(RDD) 무선전화 방식으로 진행됐으며, 표본오차는 95% 신뢰수준에 ±3.1%포인트입니다. 표본조사 완료 수는 1019명이며, 응답률은 3.1%로 집계됐습니다. 2023년 10월 말 행정안전부 주민등록 인구를 기준으로 성별·연령별·지역별 가중값을 산출했고 셀가중을 적용했습니다. 그 밖의 자세한 조사개요와 결과는 서치통 홈페이지(www.searchtong.com/Home)를 참조하면 됩니다.     박주용 기자 rukaoa@etomato.com [관련기사] · 새해 불붙은 주주행동주의…삼성부터 지배구조 현안 대두 · (신년특집 총선 여론조사)②내일이 총선이라면? 민주 49.1% 대 국힘 36.7% [박주용 기자의 다른 뉴스] · (신년특집 총선 여론조사)③국민 10명 중 7명 ""지역구 현역 교체돼야"" · (신년특집 총선 여론조사)④한동훈 비대위, ""기대"" 42.1% 대 ""기대 안해"" 54.8% [이 시각 주요뉴스] · 새해 역대급 '입주·공급 절벽'…전세 비상 · 김정은 ""대한민국과 통일 성사될 수 없다""…남북 '적대적 두 국가' 규정  -경제전문 멀티미디어 뉴스통신 뉴스토마토 저작권자(c)뉴스토마토통신. 무단전재-재배포 금지-"
178,2,"2024-01-02","06:00:12","""우크라·가자 전쟁 그 다음은 한반도""","문정인 연세대 명예교수가 서울 동교동에 위치한 연세대 김대중 도서관 사무실에서 <뉴스토마토>와 인터뷰하고 있다. (사진= 뉴스토마토)     [뉴스토마토 황방열 통일외교 선임기자·한동인 기자] ""요즘 국제회의에 참석하면 '우크라이나와 가자, 그 다음이 어디냐?'는 논의에 접하게 돼요. 놀랍게도 한반도를 그 다음 화약고로 지목해요""     문재인정부에서 통일외교안보 특보를 지낸 문정인(73) 연세대 명예교수는 2024년을 맞는 <뉴스토마토> 신년 인터뷰에서, 우리 바깥에서 인식하는 2024년의 한반도 위기 상황을 이렇게 전했습니다.     그는 김정은 북한 국무위원장이 신년사격인 지난해 12월 30일 당 중앙위원회의 전원회의 '보고'에서 남북관계를 ""동족 관계, 동질관계가 아닌 적대적인 두 국가관계, 전쟁 중에 있는 두 교전국 관계로 완전히 고착됐다""며 강경발언을 쏟아낸 데 대해서도 ""어느 정도 예상은 했지만, 그 강도가 너무 심하네요""라며 ""이제 한반도 군사 긴장은 더욱 고조될 것이고, 남북 관계에 대한 접근도 이론적이나 경험적, 그리고 정책적으로 재구성되어야 할 것""이라고 진단했습니다.  ""부산 엑스포 유치전 실패의 잘못된 정보판단이 북한에도 재현된다면…""     그는 또, 윤석열정부의 부산 엑스포 유치전 참패 문제와 관련해 ""2030 엑스포 유치 실패에서 나타난 잘못된 정보 판단 과정이 북한에도 재현된다면, 재앙적 결과를 피하기 어려울 것""이라고 우려했습니다.     한국에선 드물게 국제 네트워크를 가진 '국제 마당발'로 불리는 문 교수는 남한의 학자와 관료 중에서는 유일하게, 그 전날 전격 성사된 2018년 5월 26일 정상회담을 제외하고 2000년 6·15 이후 모든 남북정상회담을 수행했습니다. 다음은 문답 요약. (이번 인터뷰는 지난해 12월 29일에 서울 동교동 김대중도서관에서 진행했고, 김정은 위원장의 당 중앙위원회 전원회의 발언에 대해 1월 1일 서면으로추가했습니다.)        지난해 4월 26일(현지시각) 윤석열 대통령이 워싱턴DC 백악관에서 열린 국빈만찬을 마친 뒤 조 바이든 미국 대통령으로부터 싱어송라이터 돈 맥클린의 친필 사인이 담긴 통기타를 선물 받고 있다. (사진=뉴시스)     ""동맹은 강화됐는데 위협도 증대…안보 최선책은 적·위협 최소화, 지금은그 반대""     -2023년 한국 통일·외교·안보 분야에서 가장 중대한 의미가 있다고 생각하는 사건을 하나 뽑아주십시오.     지난 4월 열린 한미 정상회담이라고 볼 수 있겠죠. 워싱턴 선언을 채택, 핵 확장 억지에 대한 미국의 보장을 분명히 해줬다는 것에 의미가 있습니다. 이를 계기로 한미동맹이 포괄동맹이 된 셈입니다. 가치 동맹을 제일 위에 놓고 군사·경제·문화·과학기술·정보 동맹을 한다는 것을 양 정상이 합의를 봤죠. 과거에도 우리가 포괄적 전략동맹을 많이 얘기했는데 더 구체화됐다는 점에서 상당히 의미가 있다고 봅니다.     그러나 문제는 부정적 부메랑 효과도 상당히 크다는 점이죠. 한미동맹은 강화가 됐는데 그에 부응해서 위협도 증대됐습니다. 남북 관계는 더 어려워졌고, 중국·러시아와 관계도 준 적대적인 또는 적대적인 관계로 전환이 됐습니다. 그러면서 동북아가 하나의 신냉전 구도로 갔고, 위협의 외연이 더 넓어진 것 아니냐는 우려도 있는 거죠. 한미 정상회담을 계기로 미국에 대한 편향이라는 것이 완전히 제도적으로 굳어진 것이라 볼 수 있습니다.     -긍정과 부정 두 가지를 말씀해주셨는데, 종합해보면 2023년 일련의 과정들을 통해 우리가 더 안전해졌다고 표현할 수 있겠습니까.     그렇게 보지 않습니다. 우리의 안보가 상당히 어려워졌지요. 안보를 고양하는 최선의 방법은 적과 위협을 최소화하는 거예요. '미니맥스(mini-max)' 전략이라고 하는데요. 위험을 최소화시키면서 안전과 안보를 극대화시키는 것이 최선의 전략입니다. 그러나 지금은 오히려그 반대죠.     -김성한 전 국가안보실장은 윤 대통령의 결단으로 한일관계가 동맹 바로 아랫단계까지 간것이 올해의 최대 성과라고 평가(12월 18일 서울대 통일평화연구원 강연)하더군요.     너무 아전인수식 해석 같습니다. 한일관계를 보면 우리가 일본을 짝사랑하는 것 아닌가 하는 인상을 줘요. 우리가 일방적으로 관용과 혜택을 베풀 뿐 일본의 호혜적 반응이 없습니다. 여기에는 언제 어떻게 될지 모른다는 한국 정부에 대한 일본의 불신이 깔려있는 겁니다. 이명박, 박근혜정부에 대한고통스러운 기억이 크게 작용했을 거예요. 그런데도 한일관계가 동맹 수준까지 올라 갔다는 얘기를 할 수 있나요? 우리의 희망적 사고 같습니다.     ""전쟁은 피하고 예방하는 것이 상책, 이기는 것은 하책""     -부산 엑스포 유치전에서 참패했습니다. 전 과정을 보면 정부의 정보 취합과 정세 판단 능력, 의사결정 방식에 총체적 문제가 있는 것 같습니다.     상당히 중요한 함의가 있다고 봅니다. 외교부나 국정원 같은 데서는 비관적인 전망도 나왔는데, 대통령한테 제대로 전달이 되지 않았다는 얘기도 나옵니다. 정보 분석과 판단 그리고 그것을 정책화시키는 과정에 있어서 큰 하자가 있다는 걸 보여주는 겁니다.     현 정부는 북한에 대해 김정은이 큰소리 쳐봐야 약세다, 한미동맹과 한미일 3국 공조만 있으면 북한이 군사적 도발을 못 한다, 결국 북한이 굴복하거나 북한이 내부적 붕괴로 갈 것이라는 판단을 하는것 같습니다. 그런데 만약 이런 잘못된 정보 판단에 의거해 전쟁이 일어난다면 어떻게 되겠습니까? 2030 엑스포 유치 실패에서 나타난 잘못된 정보 판단 과정이 북한에도 재현된다면, 재앙적 결과를 피하기 어려울 것입니다.     중국에 대해서도 마찬가지입니다. 현 정부의 대중 정책에는 중국은 미국을 따라잡지 못한다, 결국 미국 말을 들을 수밖에 없다, 우리가 워싱턴하고 가까우면 북경은 우리에게 다가올 수밖에 없다는 전제가 깔려있습니다. 이것도 정보 판단의 문제인데, 이게 틀린 판단이라면 그 결과는 어떻게 되겠어요? 변화하는 국제정세를 있는 그대로 맥락적으로 파악하고, 객관적인 팩트를 갖고 부처 간에도 치열한 논쟁도 있어야 합니다. 여기에 시민사회의 인풋도받아 가면서 정책을 만들어 나가야 국민적 합의도 만들 수 있지요. 최고 지도자는 이런 과정을 거쳐 위험을 최소화하고 국가의 안전과 국익을 최대화할 수 있는 선택을 해야 합니다.     여기서 한마디 덧붙이면 전쟁은 피하고 예방하는 것이 상책이고 이기는것은 하책입니다. 부수적 피해가 너무 크기 때문입니다.        문정인 연세대 명예교수가 서울 동교동에 위치한 연세대 김대중 도서관 사무실에서 지난 29일 <뉴스토마토>와 인터뷰를 진행하고 있다. (사진=뉴스토마토)     ""현재 상황도 북한엔 이미 악몽…핵 전략 계획· 운용 미국과 협의? 실질적 핵공유는 없어""     -김태효 국가안보실 1차장은 ""핵전략기획과 운용에 관한 가이드라인을 내년 중반까지 완성하기로 합의했다"", ""한국이 미국과 일체형이 돼서 언제라도 그것(핵무기)을사용할 수 있는 실전 배치 시스템으로 간다는 것은 북한에 악몽이 될 것""이라고 합니다. 핵 사용 관련 기획과 운용을 한국과 미국이 함께 하는 것처럼 말하고 있는데, 실제 미국과 비핵국인 한국이 이런 수준의 핵 운용이 가능한 것인가요?     동의하기 어려운 부분이 상당히 많습니다. 우선 현재 상황도 북한에게는 이미 악몽입니다. 미국이 ICBM을 사용할 수도 있고 동북아에 전진배치된 잠수함 발사 탄도미사일(SLBM)도 사용할 수 있고 괌에 있는 전략 폭격기로 북을 칠 수도 있지요.     그런데한미 간에 새로운 핵협의그룹(NCG)을 만들고, 공동으로 작전 계획을 세우고, 정보 공유한다고 북한이 추가로 겁먹을 것 같지는 않아요. 북한은 이미 오래전부터 미국이 북한을 공격한다면 핵무기로 공격해 올 것이라는 인식을 강하게 가져왔기 때문에 최근 한미 간 핵억제력 강화 상황을 현재 이상의 위협으로 받아들이지 않을 거예요. 경제학 용어로 하면 효용체감의 법칙이 작용하고 있는 겁니다.     그리고 미국의 핵무기는 미국 것이고 미국 대통령만이 사용 권한을 가지고 있습니다. 아무리 우리가 핵기획그룹을 만들고 핵 전략 계획과 운용을 협의한다고 하더라도 결정적 순간에 핵무기를 사용할 건가 말 건가는 미국 대통령이 코드 번호를 주느냐 마느냐에 달려 있습니다. 그런 점에서 핵공유의 전시 효과는 있지만, 실질적 핵 공유는 없다고 보는 것이 정확할 것입니다.      ""미국의 북핵 억지력 효과 분석, 남한이 아니라 북한이 어떻게 보느냐가 중요""     -김태호 차장은 지난해 워싱턴 선언 때도 ""사실상 핵공유""라고 했다가 미국에서 바로 ""핵 공유 아니다""라고 부인해 버린 적이 있습니다. 국민들에게 ""사실상 핵 공유""라는 인식을 주고 싶은 것 같습니다.     이 문제는 한미 간에 대북 억제력에 관한 인식 차에서 나오는 문제인 것 같아요. 북한에 대한 미국의 억제력이 효과가 있느냐를분석할 때 제일 중요한 것은 우리 정부나 우리 국민의 인식이 아닙니다. 북한이 어떻게 보느냐는 것이 중요하지요. 북한이 미국의 핵 능력과핵 의도 그리고 미국 지도자의 정치적 의지를 어떻게 보느냐가 핵심입니다.     그런데 지금 한국에서는 오히려 한국 사람들이 미국이 그런 능력이 있는가, 정말 유사시에 미국이 북한에 대해 핵무기를 사용할 의도가 있는가를 논쟁하면서 북한에 대한 억지력을 북한 자체의 맥락에서 면밀하게 분석하는 것보다는 남쪽에 있어서 논의에 초점을 맞추고 있는 거죠. '오도된 구체성의 오류'(fallacy of misleading concreteness)를 범하는 것이지요. 화이트헤드라는 영국의 유명한 철학자가 현실과 담론 사이의 괴리를 그런 식으로 설명을 해요. 현실에는 존재하지 않는 것도 마치 가상 속에서 존재하는 것처럼 해서 강조를 하는 건데, 이러한 오류가 북한 억지력 분석과 관련해서 일어나는 것 아닌가 하는 생각이 듭니다. 북한의 의도 분석이 제일 중요한데 오히려 남쪽의 목소리, 남쪽에서 나오는 노이즈가 더 크게 작용하고 있어서 그게 혼선을 가져올 수도 있습니다.     -트럼프 전 대통령이 재집권하면 북한의 핵 보유를 용인한 채핵 폭탄을 더는 만들지는 않는(핵 동결) 대가로 인센티브를 제공하는 협상을 고려하고 있다고 미국 언론 <폴리티코>가 보도했습니다.트럼프 전 대통령이 직접 부인했어도 꽤 파장이 컸습니다. 트럼프가 집권하면 북한 핵문제를 어떻게 접근 할까요?     트럼프 전 대통령은 실용주의자예요. 현실적인 문제 해결이 중요하다고 보는 거죠. 트럼프 대통령의 핵심 측근인 스티브 베넌이라는 친구가 2017년 7월에 미 NSC(국가안전보장회의)에서 대통령 고문역을 하던 그가 갑자기 사임을 했어요. 미국 진보 매체에 나가서 ‘한반도에서 전쟁은 상상할 수 없다, 수백만 명이 죽는 전쟁을 어떻게 하느냐’면서 군사적 행동의 가능성을 일축하는 발언을 했어요.이게 큰 아주 반향을 일으키면서 결국 사임을 했단 말이에요.     트럼프도 똑같은 생각을 할 거라고 봅니다. 지금한반도에서 전쟁한다는 건 미친 짓이라는 인식이 분명히 있을 겁니다. 트럼프 주변 사람들은 트럼프가 현실적으로 <폴리티코> 보도 같은 생각을 할 가능성이 상당히 높다고 봅니다. 아주 극단적인 세력을 제외하고 합리적인 자유주의자들이라든가 진보주의자들도 똑같은 주장을 해요. 북한이 핵을 가지면 안 된다는 규범적인 목표를 갖고 협상을 하면 오히려 판이 더 꼬이게 할 것이라는 생각 말입니다. 따라서 북한의비핵화를 목표로 설정하지만, 실제로는 북의 과도기적 핵 보유를 용인하고 핵미사일 능력의 증강 중단, 감축을 위한 핵 군축 협상에 들어가고 그에 상응하는 당근도 주자는 것이지요. 문제는 한국 정부나, 미국 주류가 이를 수용할 수 있느냐는 하는 겁니다.     -걱정되는 것은 북한의 핵 보유만 용인하고 끝나는 것 아니냐는 점입니다.     그렇게 할 수 없는 것이 미국은 많은 카드를 가지고 있다는 거죠. 제재 완화 카드도 있을 것이고, 북한과 미국 사이에 국교 정상화 카드도 있습니다. 또 미국의 북한에 대한 군사적 위협을 점진적으로 완화시키는 카드도 있고요. 과거에는 비핵화를 목표로 설정해놓고 가는 건데, 비핵화 목표가 아닌감축을 목표로 하여 우선 협상을 하자, 핵시설·핵물질·핵무기의 수를 줄여나가는 것이 현실적인 대안이라고 얘기를 할 수 있는 거죠. 북한이 처한 현실에 비춰봤을 때 더 실용적인 접근일 수도 있습니다.     -트럼프가 재집권한다면 한미핵협의 그룹과 한미일 캠프 데이비드 합의는 어떻게 될까요.     사실 큰 약속을 한 것들이 없어요. 한미핵협의그룹은 계속해 나갈 수 있을 거예요. 한미일 3국 공조 문제는 한국과 일본이 방위비 부담을 많이 하는 조건으로 미국이 이를 받아들이면 지속될 수가 있겠죠. 트럼프가 집권한다고 해서 과거 TPP(환태평양경제동반자협정) 폐기하듯이 한미동맹이나 한미일 3국 공조를 일방적으로 폐기하지는 못할 거예요. 트럼프가 재선이 된다고 하더라도 관료와 의회의 견제 때문에 본인이 원하는 정책을 일방적으로 추진하는 게 쉽지는 않을 거예요.     그러나 전반적인 흐름은 'Anything But Biden' '바이든 했던 건 안 하겠다'로 나타날 것이므로 한미 관계, 미일 관계, 한미일 3국 공조에 큰 악영향을 줄 수 있겠죠. 그런 상황이 되면 아마 윤석열 정부로는 상당히 곤혹스러울 거예요.     제일 중요한 건 북미 관계일 거예요. 트럼프는 지금도 김정은과 좋은 관계를 가지고 있다고 하고, 김정은도 트럼프 대통령에 대해 비판적 언사는 지금까지 삼가고 있어요. 두 정상 간의 만남이 가능해지면, 그걸 통해 뭔가 큰 변화를 만들어 낼 수 있지요. 그렇게 되면 윤석열 정부의 대북정책 기조가 크게 흔들릴 수 있을 겁니다. 상당히 큰 외교적, 정치적 부담이 될 거예요.     ""우리 문제는 미국을 너무 믿는 것…한국의 극성 보수 진영이 바라던 것을 김정은이 구체화""     -지금 세계 두 지역에서 대규모 전쟁이 벌어져 있고 또 각 세력이 진영으로 뭉쳐서 이제 충돌하고 있는 이런 상황인데 이런 상황에서 한국의 외교 기조 어떻게 설정해야 된다고 생각하십니까.     요즘 국제회의에 참석하면 '우크라이나와 가자, 그 다음이 어디냐? 타이완이냐 한반도냐?' 이런 주제의 논의에 접하게 돼요. 놀랍게도 한반도를 그다음 화약고로 지목해요. 한반도에서 3차 세계대전이 촉발될 가능성이 크다고 보는 거예요. 대만해협에서 전쟁이 일어나면 미·중이 직접 싸우게 되니 둘 다 원치 않을 가능성이 크고, 결국에 한반도 같은 곳에서 대리전 성격의 분쟁이 발발할 수 있다는 거지요.     중국으로서는 한반도에 전쟁이 일어나면 미국의 군사력을 대만해협이라든가 남중국해로부터 분산하는 효과를 가져오므로 미국을 견제할 수 있다는 거예요, 그래서 중국이 한반도에서의 전쟁을 용인할 수도 있다는 겁니다. ('투키디데스의 함정'론으로 유명한) 그레이엄 앨리슨 교수도 3차 세계대전이 나면 그건 한반도에서 시작된다는 얘기를 한 적이 있습니다.     현실을 직시해야 합니다. 전쟁을 막는 예방 외교에 최고의 역점을 둬야 하는데, 그러기 위해서는 북한과도 대화해야 하고 너무 미국 위주로만 나갈 게 아니라 동북아 다자안보 협력의 틀도 만들어야 합니다. 한미동맹 강화가 만병통치약이 될 수 없지요. 우리 문제는 미국을 너무 많이 믿는 거예요. 미국이 우리가 원하는 걸 안 들어주면, 우리가 그 뒷감당을 어떻게 할 겁니까?. 6·25 때도 마찬가지고 1968년 1·21 사태도 미국이 한국에서 이탈하거나 두 개의 전쟁을 치르려는 징후를 보이면서 북한의 군사적 공세가 강화된 겁니다. 동맹도 중요하지만, 우리의 적과 위협을 최소화하여 우리의 생존과 번영에 도움이 되는 동북아 안보환경을 만들어 나가는 그런 스마트한 정부가 됐으면 하는게 바람입니다.        김정은 북한 국무위원장이 지난달 31일평양 5월1일경기장에서 2024년 신년경축대공연을 관람했다고 조선중앙TV가 1일 보도했다. (사진=뉴시스)     -김정은 북한 국무위원장이 신년사 격인 지난해 12월 30일 당 중앙위원회의 전원회의 '보고'에서 고강도 발언을 쏟아냈습니다.     어느 정도 예상은 했지만, 그 강도가 너무 심하네요. 남북은 '교전 상태', '통일전선 전략과 기구의 전면 개편' 전쟁 발발을 전제로 했지만 ""남반부의 전 령토를 평정하려는 우리 군대의 강력한 군사행동"" 등의 표현은 기존의남북한 관계에 대한 기본 패러다임 전환을 요구하는 사변적 변화를 시사한다고 봐요. 이제 한반도 군사 긴장은 더욱 고조될 것이고, 남북 관계에 대한 접근도 이론적이나 경험적, 그리고 정책적으로 재구성되어야 할 것입니다. 역설적인 것은 한국의 극성 보수 진영이 바라던 것을 김정은이 구체화하고 있다는 사실입니다. 안타까운 일이지만 이제 통일부부터 없애는 게 수순으로 보이네요.     황방열·한동인 기자 bbhan@etomato.com    [관련기사] · 윤 대통령 ""보유세 등 중과하면 산업 발전 못해…서민·중산층 피해"" · 낙동강 사수 나선 한동훈…민심은 '옐로카드' [황방열 기자의 다른 뉴스] · (인터뷰)천하람 ""한동훈 혼자만 유명해져…당·대통령 지지도는 떨어져"" · 윤석열 외교의 출발점 '3자 변제안', 지속 가능? [이 시각 주요뉴스] · 총선용 재건축 전면완화…뉴타운 시즌2  · 부동산으로 정권 내준 민주당 '딜레마' 직면  -경제전문 멀티미디어 뉴스통신 뉴스토마토 저작권자(c)뉴스토마토통신. 무단전재-재배포 금지-"
178,3,"2024-01-02","06:00:12","(뉴게임+)'창세기전' 감동 서사, 눈 아파 못 읽겠네","[뉴스토마토 이범종 기자] 눈보라 치는 기간테스 산맥. 망국의 왕녀와 성기사단이 조국 팬드래건 독립을위한 전투를 마치고 망명국 다갈로 향하고 있습니다. 왕녀 이올린 팬드래건은 5년 전 전쟁에서 아버지와 오빠들을 죽이고 나라를 뺏은 게이시르 제국과 흑태자에게 복수할 날만을 기다립니다. 한편으론 과거의 기억을 잃고 성기사단을 돕는 레인저 'G.S'가 자꾸만 눈에 밟히는데요. 안타리아 대륙을 뒤흔든 전란 속 슬픈 인연이 27년 만에 '창세기전: 회색의 잔영'으로 재현됩니다.        이올린 팬드래건이성기사단과 함께 조국의 독립을 맹세하고 있다. (사진=창세기전: 회색의 잔영 실행 화면)     회색의 잔영은 1995~1996년 소프트맥스가 출시한 SRPG(전략 롤 플레잉 게임) '창세기전 1·2'를 합쳐, 지난해 12월22일 닌텐도 스위치 판으로 출시된 리메이크작입니다. 레그스튜디오가 개발하고 라인게임즈가 배급합니다. 분량은 원작의 세부 내용을 다듬어 총 42장, 80시간에 달합니다.     원작 창세기전은 1990년대 중반 손노리의 '어스토니시아 스토리'와 함께 한국 RPG의 역사를 쓴 작품으로 평가됩니다. 주연들의 화려한 초필살기로 수많은 적을 말살하는 쾌감은 물론, 눈시울을 붉히는 결말로 지금까지 팬들의 사랑을 받고 있습니다.     하지만 약 30년 만에 돌아온 회색의 잔영은 아쉬운 점이 많았습니다. 우선 닌텐도 스위치 판인데 '닌텐도 스위치 라이트'의 5.5인치 화면으로 즐기기엔 글씨가 너무 작습니다. 성우들이 모든 대본을 연기했지만, 인물과 지명, '안타리아의 서'에 적힌각종 인물·세계관 설명을 읽으려면 일일이 홈 버튼을 두 번 눌러 화면을 확대해야 합니다.        닌텐도 스위치 라이트(사진 아래)로 '창세기전: 회색의 잔영'을 실행하면 글씨가 너무 작아 읽기 힘들다. 최상위 기기인 '닌텐도 스위치 OLED(사진 위)'로 게임을 실행해야 글씨가 제대로 보인다. (사진=이범종 기자)     최고급형 닌텐도로 하면 상황이 달라질까요. 연말 41만5000원에 구입한 '닌텐도 스위치 OLED'로 회색의 잔영을 실행하니, 이제야 글씨가 제대로 보이기 시작했습니다. 스위치 OLED 화면은 7인치입니다. 하지만 작중 설정을 설명하는 안타리아의 서 화면 글씨는 여전히 작았죠.     SRPG 장르는 원래 스위치 라이트에서 하기 어려운 걸까요? 아닙니다. 같은 장르 게임인 '파이어 엠블렘 풍화설월'은 글씨가 훨씬 커서 스위치 라이트로도 읽기 쉽습니다. 화면이 5인치인 ' 플레이스테이션 비타(VITA)'로 같은 장르의 또 다른 게임인 '슈퍼로봇대전 V'를 켜 보니, 7인치 OLED 화면으로 본 회색의 잔영보다 대사가 잘 읽힙니다.     스위치 라이트 사용자도 회색의 잔영을 즐기려면 똑같이 6만4800원을 내야 합니다. 그런데 개발사는닌텐도 스위치 일반 판이나 OLED 판을 TV에 연결해 큰 화면으로 즐기는 데만 초점을 맞췄습니다. 사실 그 부분도 문제입니다. 2024년 대작 게임이라고 하기엔 다소 부족한 화질의 그래픽을 큰 TV 화면으로 보게 되니까요.        화면이 5인치인 '플레이스테이션 비타(사진 위)'로 '슈퍼로봇대전 V'를 켜 보니, 7인치 닌텐도 스위치 OLED(사진 아래) 화면으로 본 회색의 잔영보다 대사가 잘 읽힌다. (사진=이범종 기자)     이게임 개발 도구는 언리얼 엔진 4인데요. 네오위즈 'P의 거짓'이 같은 엔진으로 만들어졌다는 걸 생각하면 그래픽 품질 차이가 더욱 커 보입니다. 개발사가 주인공 이올린 등 캐릭터의 특징을 잘 표현했지만, 수십 년 만의 리메이크라는 점을 감안할 때 시각적 수준에 대한 기대에는 다소 못 미쳤다는 뜻입니다.     혹시 엔진이 아니라 플랫폼 차이에 기인해 발생한 문제라고 봐야할까요? 실제로 P의거짓은 플레이스테이션(PS)5와 엑스박스 시리즈 X, PC와 맥(Mac) 등 하드웨어 성능이 높은 플랫폼으로 개발됐습니다. 반면 회색의 잔영이 타깃으로 삼은 닌텐도 스위치는 2017년 출시된 플랫폼으로, 현세대 스마트폰의 절반 정도 성능으로 평가받습니다. 한두 해 사이에 2세대가 나올 것이라는 소문이 종종 나오기도 하죠.     그러나 플랫폼 차이라고 하기엔 이미 닌텐도 스위치 용으로 '젤다의 전설'이나 '파이어 엠블렘' 같은 고품질 애니메이션풍 게임이 엄연히 존재하고 있죠. 때문에 일각에선 개발사 역량 문제라는 의견도 나옵니다.        닌텐도 스위치 라이트(사진 아래)에서 실행한 '파이어 엠블렘 풍화설월' 글씨가 닌텐도 스위치 OLED(사진 위)에서 실행한 '창세기전: 회색의 잔영'보다 크다. (사진=이범종 기자)     결과적으로 회색의 잔영은 애매한 게임이 됐습니다. 휴대용으로 하려니 글씨가 너무 작고, TV로 하려니 타사 대작 게임과 비교됩니다. 게다가 TV 화면으로 봐도 안타리아의 서 글씨가 여전히 작습니다.     시점 문제도 있습니다. 회색의 잔영은 사물을 위에서 비스듬히 내려다보는 쿼터뷰 시점을 택했는데요. 주변을 살피기 좋아서 많은 RPG 게임이 이 방식을 씁니다. 그런데 회색의잔영에선 외려 사물이 눈 앞을 가리는 일이 빈번하게 발생합니다.     일례로 주인공 이올린 일행은 3막 '북극광'에서 은자들의 계곡을 통과할 때 레인저 레이몬드를 발견합니다. 그런데 플레이를 하다보니 일행이 고블린에게 둘러싸인 레이몬드를 발견하는화면이 나뭇잎에 가려진 채 출력됐습니다.         고블린에게 둘러싸인 레이몬드가 나무에 가려져 안 보인다. (사진='창세기전: 회색의 잔영' 실행 화면)     왜 이런 일이 발생했을까요. 이 게임은 닌텐도 스위치의 오른쪽 스틱으로 화면 방향을 이리저리 돌리며 진행할 수 있습니다. 그래서 제가 보기 편한 방향으로 전투를 진행했는데, 그러다가 구출 대상인 레이몬드를 발견하는 상황이 벌어졌습니다. 이때 게임은 제가 일행을 비춘 각도 그대로 화면을 오른쪽으로 움직이며 대화를 출력했는데요. 이럴 경우 제작진은 구출 대상이 제대로 보이게 카메라 시점을 이동시키든가, 화면 앞을 가리는 물체가 임시로 사라지게끔 해야 합니다. 하지만아쉽게도 이번 회색의 잔영에선 이런 디테일한 제작이 이뤄지지 않았습니다.     뿐만 아니라 대표 캐릭터가 돌아다니며 아이템 상자를 찾거나 적과 조우하는 과정에서도 건물 벽이나 나무 등이 화면을 가리는 일이 잦습니다.     그럼에도 오랜 팬들이 창세기전을 하는 이유는, 이 게임 부제이기도 한 '회색의 잔영'이 지칭하는 바가 무엇인지 알고 또 그 서사에 매력을 느끼기 때문입니다. 여기에 성우들의 열연과 새로운 연출에 대한 기대가 더해진 까닭에 이 게임을 내려놓지 못합니다.        지난해 12월30일 롯데몰 수원점 내 토이저러스에 '창세기전: 회색의 잔영'이 진열돼 있다. (사진=이범종 기자)     하지만 창세기전을 모르는 사람이 '세며들기(창세기전에 스며들기)'까지는 시간이 좀 더 필요해 보입니다. 캐릭터 하나를 움직이는 데 버튼을 너댓 번 누르고 상대 진영 움직임도 다 봐야 하는 턴제 게임의 지루함을 이겨내기엔, 화려하고 빠르고 재밌는 게임이 많아졌기 때문입니다.     이범종 기자 smile@etomato.com    [이범종 기자의 다른 뉴스] · (2023 ICT)⑥온기 도는 코인, 수수료 무료 '이후'가 문제 · 증권플러스 비상장 ""2023년 비상장 주식시장은 'DRAGON'""  · (2023 게임)⑦네오위즈·펄어비스, K-콘솔 전성기 연다 [이 시각 주요뉴스] · 새해 역대급'입주·공급 절벽'…전세 비상 · ( 신년사)이재명 ""국민과 함께 가는 길, 승리 향한 길…크고 단단한 하나 될 것"" · (신년사)김진표 ""대립·반목 시대 끝내고 국민통합 시대 희망""  -경제전문 멀티미디어 뉴스통신 뉴스토마토 저작권자(c)뉴스토마토통신. 무단전재-재배포 금지-"
178,4,"2024-01-02","06:00:12","수성이냐 탈환이냐…1라운드는 '인적쇄신'","[뉴스토마토 박진아·박주용 기자] 2024년 갑진년, 총선의 해가 밝았습니다.     오는 4월10일 치러지는 제22대 국회의원 총선거(총선)가 99일 앞으로 다가왔는데요. 여야는 새해 첫 날부터 신년 인사회와 국립현충원 참배 등 바쁘게 움직이며 '총선 승리'의 각오를 다졌습니다. 4년 전인 21대 총선 땐민주당이 180석(지역구 163석+위성정당 더불어시민당 17석)을 차지, 103석(지역구 84석+위성정당 미래한국당 19석)에 그친 미래한국당(현 국민의힘)을 압도했습니다.     여야 모두 물러설 수 없는 승부에 돌입한 가운데, 총선 승리를 좌우할 상수로 '인적쇄신·정권심판론·김건희 특검(특별검사)·이재명 리스크' 등이 꼽힙니다. 지역별로는 서울, 세대별로는 20대 표의 행방이 총선 승리를 결정지을 것으로 보입니다.      ①인적쇄신     2일 <뉴스토마토>가 여론조사 전문기관 <미디어토마토>에 의뢰해 지난달 26일부터 27일까지 이틀간 만 18세 이상 전국 성인남녀 1019명을 대상으로 실시한 '신년특집 총선 여론조사' 결과(표본오차 95% 신뢰수준에 ±3.1%포인트·중앙선거여론조사심의위원회 참조)에 따르면, 국민 10명 중 7명은 '지역구 현역 국회의원의 물갈이'를 원하는 것으로 나타났습니다.     전체 응답자의 70.0%가 '올해 총선에서 지역구현역 국회의원의 교체 여부를 묻는' 질문에 ""다른 사람으로 바꾸는 것이 좋겠다""고 답했는데요. 반면 '재신임' 응답은 22.9%에 불과했습니다. 특히 성별과 연령, 지역을 불문하고 '지역구 현역 의원 교체' 요구가 압도적인 점이 눈에 띕니다. 지역별로 보면 국민의힘강세 지역인 부산·울산·경남(PK)에서 ""현역 의원을 바꿔야 한다""는 응답이 76.8%로 가장 높았습니다.     결국 여야 모두 '인적쇄신' 요구를 무시할 수 없게 되었습니다. 국민의힘은 한동훈 비상대책위원장 체제로 전환하며 대대적인 물갈이에 나설 것으로 보입니다. 한 비대위원장이 취임 일성으로 총선 불출마를 선언한 점 또한 쇄신에 대한 명분 축적용이란 분석이 지배적입니다. 반면 민주당은 아직 변화의 흐름이 잘 보이질 않습니다. 이재명 대표는이낙연 전 총리와 비명계의 '통합 비대위' 요구를 거절했습니다.      ②정권심판론     22대 총선을 결정지을 또 다른 요소는 '정권심판' 요구입니다. 윤석열정부 집권 3년차를 맞아 여야는 '국정안정론'(야당심판론), '정권심판론'으로 맞서고 있는 가운데, 양당 전직 당대표들이 신당 창당에 나서는 초유의 상황도 맞았습니다.      '거야 심판'을 외치는 한동훈 비대위원장의 국민의힘, '검찰정권 저지'를 내세우는 이재명 대표의 민주당 그리고 거대 양당 폐해의 비호감 정치를 겨냥한 제3지대는 99일 동안 사활을 건 '민심 잡기' 경쟁에 나서게 되었습니다.     윤석열 대통령이 임기 반환점을 돌면서 이번총선은 윤석열정부 중간평가 성격을 자연스럽게 띄게 되었습니다. 때문에 제1야당인 민주당 심판보다는 정권심판에 대한 성격이 커질 수밖에없을 전망입니다. 집권여당인 국민의힘이 패배할 경우, 윤 대통령의 레임덕(권력누수)은 불가피할 전망입니다.         국민의힘 한동훈 비상대책위원장과 윤재옥 원내대표 등 참석자들이 지난 1일 서울여의도 중앙당사에서 열린 신년인사회에서 손을 맞잡고 인사하고 있다. (사진=연합뉴스)     ③김건희 특검     '김건희 특검법'을 비롯한 거부권 정국은 총선 승패를 결정지을 '메가톤급 변수'로 꼽힙니다. 앞서 국회는 야당 주도로 지난달 28일 본회의에서 이른바 '쌍특검법'(김건희 여사 주가조작 의혹·대장동 50억 클럽 특검법)을 통과시켰는데요. 대통령실은 '쌍특검법'이 정부에 송부되는 즉시 재의요구권(거부권)을 행사하겠다는 방침을 밝혔습니다.      현재 각종 여론조사 결과를 보면 '김건희 특검법'을 비롯한 거부권 정국에 대해 부정적 여론이 압도적으로 더 높은데요. 정치권에서는 '한동훈 비대위'의 성공 전제조건으로 '김건희 특검법' 수습 여부를 꼽고 있습니다. 한 비대위원장이대통령과 야당이 수용 가능한 묘안을 제시하지 못하면 '김건희 특검법'으로 한층 악화된 여론 지형에서 총선을 치를 수 있습니다. 반대로 한위원장이 '김건희 특검법' 국면을 순조롭게 넘길 경우 세대교체 바람을 앞세워 총선판을 바꿀 수 있다는 전망도 나옵니다.     ④이재명 리스크     이재명 민주당 대표의 사법리스크와 흔들리는 리더십도 총선 승패를 가늠할 분수령으로 지목됩니다. 이 대표는 대장동·위례·백현동 개발 비리, 성남FC 불법후원 등의 재판으로 총선 때까지 많게는 주 3회 법정에 출석해야 할 것으로 보이는데요. 특히 '위증교사' 혐의를 다루는 1심 선고가 총선 전에 날 수도 있습니다. 이에 더해 '전당대회 돈봉투 의혹'과 관련해 20여명의 민주당 의원들이 검찰 수사선상에 오른 것으로 전해지면서 사법리스크가 당 전반에 퍼진 상황입니다.      민주당은 공천을 앞두고 계파 갈등 또한 본격화하는 모습인데요. 이 대표를 비롯한 민주당 지도부가 뚜렷한 대안을 제시하지 못하면 '무위의 리더십'이 민주당을 덮칠 수도 있습니다. 이낙연 전 총리탈당이 불공정 공천 논란과 더해지면서 세력화에 성공, 분당으로 치달을 경우 '이재명 심판론'이 부상할 가능성도 배제할 수 없습니다.      이준한 인천대 정치외교학과 교수는 본지와의 통화에서 ""선거를 앞두고 양당의 변수가 굉장히 많고 유동적인 상황이라 판단을 하기에는 아직 이르다""면서도 ""어떤 변수가 튀어나오느냐에 따라 '정권 심판론'이 될지, '거야 심판론'이 될지 결정될 것""이라고 내다봤습니다.         민주당 이재명 대표와 홍익표 원내대표 등 참석자들이 1일 서울 여의도 중앙당사에서 열린신년인사회에서 떡 케이크를 자르고 있다. (사진=연합뉴스)     박진아·박주용 기자 toyouja@etomato.com [박진아 기자의 다른 뉴스] · 이준석 ""뜻대로 안되면 '카르텔' 지목…정치 세력 교체해야"" · 한동훈 ""국민에게 동료의식 실천하는 당으로 거듭날 것"" · (단독)'천아인' 천하람, '이준석 신당' 창당준비위원장 내정 [이 시각 주요뉴스] · 새해 역대급 '입주·공급 절벽'…전세 비상 · 민주당 신년인사회…이재명 ""청룡의 힘으로 미래 향해 나가자"" · 올해부터 납품대금 연동제 시행…어기면 과태료 5000만원  -경제전문 멀티미디어 뉴스통신 뉴스토마토 저작권자(c)뉴스토마토통신. 무단전재-재배포 금지-"
178,5,"2024-01-02","06:00:12","(2024 한국경제)아시아 4마리 용 '옛말'…기로에 선 '한국경제'","[뉴스토마토 조용훈·이민우 기자] 지난해 고금리·고물가·고환율 이른바 '3고 현상'에 시달렸던 한국 경제가 올해도 쉽지 않은 한 해를 보낼 것으로 예상하고 있습니다. 글로벌 경기 둔화, 내수 침체 등 우리 경제를 둘러싼 대내외 환경이 녹록지 않기 때문입니다.      특히 '아시아의 4마리 용(한국·홍콩·싱가포르·대만)'에서 저성장 국가로 추락하는 한국경제로서는 'L자형 침체 장기화'와 'U자형 저속 회복' 기로에선 모양새입니다.             산업통상자원부가 1일 발표한 '2023년 연간 수출입 동향'에 따르면 우리나라의 지난해무역수지는 99억7000만달러 적자를 기록했다. 표는 월별 무역수지.(표=뉴스토마토)     산업통상자원부가 1일 발표한 '2023년 연간 수출입 동향'에 따르면 우리나라의 지난해 무역수지는 99억7000만달러 적자를 기록했습니다. 이는 지난 2022년에 이은 2년 연속 적자로, 최대 수출 품목인 반도체 수출이 전년 대비23.7%(986억3000만달러) 감소한 영향입니다.     15개주요 수출 품목을 보더라도 자동차(31.1%), 일반기계(4.6%), 선박(20.9%) 등 3개 품목만 전년 대비 증가했고 반도체를 포함한 나머지 13개 품목은 일제히 감소했습니다.     특히 올해는 대러시아발 수출리스크의 본격화가 우려되고 있는 실정입니다. 우리 정부가 군사 목적으로 사용될 수 있는 품목의 러시아 수출을 제한하면서 러시아 당국이 보복 조치의 뜻을 밝혔기 때문입니다.     다수의 전문가는 올해 한국경제가 'U자형'의 느린 상저하고 또는 'L자형'의 상저하저 장기 침체 흐름 늪에 빠질 수 있는 갈림길에 서 있다고 전망합니다.      앞서 대한상공회의소가 국내 경제·경영 전문가(대학교수, 공공·민간연구소 연구위원) 90명을 대상으로 올해 한국경제의 경기추세를 조사한 결과, 응답자의 48.9%는 'U자형' 경기 회복흐름을 보일 거로 전망한 바 있습니다.     이어 응답자의 26.7%는 'L자형'의 상저하저를 전망했고 우하향의 상고하저(16.7%), 우상향의 상고하고(3.3%), V자형의 빠른 상저하고(2.2%) 등도 뒤를 이었습니다.           1일 국내외 주요 기관들에 따르면 올해 우리나라는 2% 내외의 경제성장률을 기록할 것으로 전망됐다. 표는 주요 기관별 성장률 전망치.(표=뉴스토마토)     해소하지 못한 인플레이션 압력도 가중 요인으로 지목되고 있습니다. 현대경제연구원의 '2024년 글로벌 트렌드' 보고서를 보면 새해에도 인플레이션 압력이 이어지는 등 다소 높은 수준의 '중물가'를 예측하고 있습니다.      미·중 갈등, 러시아·우크라이나 전쟁 등으로 글로벌 공급망에 차질이 생기면서 올해 경제 키워드를 '중간에 닻 내린 물가'로 지목했습니다.     고금리·고물가 영향으로 급락한 국내 민간소비 증가율도 올해는 부정적 기류가 가득합니다.      작년 초 4%를 웃돌던 국내 민간소비 증가율이 고금리·고물가 영향이 본격화하면서 3분기 0%대로 급락한 결과입니다.     최근 경제협력개발기구(OECD)가 자체 집계한 자료를 보면 작년 3분기 우리나라의 민간소비(불변가격)는 전년 동기보다 0.2% 증가에 그쳤습니다. 코로나19 팬데믹 당시(2020년 4분기)보다 6.4% 줄어든 후 2년 3분기 만에 가장 낮은 수치입니다.     미국·영국·독일·프랑스·일본·이탈리아·캐나다 등 G7 국가의 지난해 3분기 민간소비 증가율은 1.2%로 집계됐습니다. 이는 한국의 6배에 달하는 수준입니다.      국내외 주요 기관들은 올해 우리나라가 2% 내외의 경제성장률에 그칠 것으로 전망하고 있습니다. 특히 한국개발연구원(KDI)과 산업연구원은 각각 2.2%, 2.0%의 성장률을 전망했습니다. 올해 우리 경제 성장의 걸림돌로는 고물가·고금리에 따른 내수 소비 위축과 건설경기 침체 등을 지목하고 있습니다.     국제기구들도 2%대 초반의 비슷한 전망치입니다. 내수 경기 측면에서는 채무 원리금 상환 부담과 물가 상승 등으로 가계와 기업에 부담이 커지면서 쉽게 살아나기 힘들 거란 분석입니다.     LG경영연구원에서는 작년에 이어 2년 연속 1%대 성장에 그칠 것이라는 어두운 관측도 내놓고 있습니다.     부동산 경기 침체에 따른 프로젝트파이낸싱(PF) 부실, 급격한 고령화 및 인구감소, GDP 2.27배에 달하는 가계·기업 부채 등도 우리 경제 성장의 장애 요인으로 꼽힙니다.     이정희 중앙대 경제학과 교수는 ""현재 수면위로 드러나지 않은 한국 경제의 많은 뇌관을 고려할 때 올해도 우리 경제에 큰 어려움이 예상된다""며 ""2%대의 성장률 역시 지난해 저성장에 따른 기저효과로 올해 역시 가시적인 수치를 기대하긴 쉽지 않을 것""이라고 전망했습니다.          산업통상자원부가 1일 발표한 '2023년 연간 수출입 동향'에 따르면 우리나라의 지난해 무역수지는 99억7000만달러 적자를 기록했다. 사진은 서울 종로구 광화문네거리.(사진=뉴시스)     세종=조용훈·이민우 기자 joyonghun@etomato.com [관련기사] · (2024 한국경제)무역적자 100억달러…수출제한 대러 경고까지 '직면' · 작년 수출 7.4% 마이너스…무역적자 100억달러 [조용훈 기자의 다른 뉴스] · (신년사)한덕수 ""경기 회복세, 올해 경제 전반으로 확산"" · (2024 년 달라지는 것)GTX-A 수서~동탄 '개통'…출퇴근 70분→19분 단축 [이 시각 주요뉴스] · 새해 역대급 '입주·공급 절벽'…전세 비상 · ""외국인 재직 유지 정책있어야 인력난 숨통 트인다""  -경제전문 멀티미디어 뉴스통신 뉴스토마토 저작권자(c)뉴스토마토통신. 무단전재-재배포 금지-"
178,6,"2024-01-02","06:00:12","(단독)새마을금고 '연체율 4%대' 개선 실패","[뉴스토마토 허지은 기자] 새마을금고가 지난해 7월 대규모 예금 인출(뱅크런) 사태를 겪은 이후 강도 높은 혁신안을 내놓았지만 연체율 개선에는 실패한 것으로 나타났습니다. 부동산 경기 침체와 고금리 장기화로 부동산 프로젝트파이낸싱(PF) 부실 우려가 커지고 있기 때문입니다.     새마을금고 연체율 6% 수준     1일 금융권에 따르면 새마을금고의 지난해 말 연체율은 5~6%대로, 4%대 진입에 성공하지 못했습니다. 지난해 7월 행정안전부는 새마을금고 연체율개선을 위한 특별 대책을 발표하면서 연내 연체율을 전년 말 수준인 4% 이하로 낮추겠다고 밝혔는데요.     새마을금고 내부 사정에 정통한 금융권 관계자는 ""연말 연체율은 발표된 6월 수준과 비슷한 규모""라며 ""4%대에 진입하지는 못했다""고 밝혔습니다. 행안부 발표에 따르면 지난 6월 말 기준 새마을금고 연체율은 6.18%였습니다.     새마을금고의 연체율은 1~2%대를 유지하다가 2022년부터 오르기 시작했습니다. 2022년 말 3.59%를 기록했고, 지난해 5월 6%대를 넘어섰습니다. 금융감독원에 따르면 지난해 상반기 기준 새마을금고를 제외한 상호금융권의 평균 연체율은 2.80%입니다. 이마저도 2022년말보다 1.28%포인트 오른 수치로, 금감원은 상호금융권 연체율 관리에 나선 상황입니다.     새마을금고 연체율 상승과 지역 금고 부실대출 발생으로 인한 폐업 등으로 새마을금고 전체 뱅크런 사태가 발생하기도 했습니다. 7월 정부가 급히수신 잔액 관리를 위해 예금 재예치 고객에 대한 비과세 혜택을 적용하기로 하는 등 관리 대책을 발표하면서 뱅크런은 잦아들었는데요. 그럼에도 수신잔액 감소세는 두드려졌습니다. 새마을금고의 6월말 기준 수신잔액은 259조4000억원이었는데요. 9월말엔 246조546억원으로 13억3454만원 줄어든 것입니다.        김성렬 새마을금고 경영혁신자문위원장이 지난해 11월14일 서울 종로구 정부서울청사에서 새마을금고 경영혁신안 관련 합동 브리핑을 하고 있다. (사진=뉴시스)     하반기 금리인하에 기대     새마을금고는 올해 금리인하가 이뤄지면 자연히 연체율도 내려갈 것으로 기대하고 있습니다. 다시 말해 새마을금고가 지난해 연체율 목표치 도달에 실패했던 것은 고금리 기조가 유지되고 부동산 시장 불황이 지속됐기 때문이라는 설명인데요.     새마을금고 관계자는 ""연체가 해소되려면 건설 사업이 빨리 마무리되거나 대출을 다른 금융기관에 넘겨야 하지만 요즘 부동산 경기 악화로 사업이 진행되지 않고 있다""며 ""연체율을 낮추기가 쉽지 않은 여건이었다""고 말했습니다. 그러면서 ""하반기 금리인하가 이뤄지면서 유동성이 회복되고 부동산 경기가 개선되면 연체율이 내려갈 것""이라며 ""실제로 시장금리가 내려가고 있어 거시적 환경이 긍정적으로 바뀔 것으로 기대된다""고 전했습니다.     정부가 사업성 없는 사업장에 대한정리를 시사한 것도 새마을금고중앙회가 기대하고 있는 부분입니다. 이복현 금융감독원장은 지난 12월 금융지주 이사회 의장과 간담회를 갖고 ""사업성이 미비하거나 자산 감축 등 특단의 조치 없이 현재 재무적 영속성에 문제가 있는 건설사·금융사에 대해선 기본적으로시장 원칙에 따라 자구 노력·손실 부담 등 자기책임원칙에 따른 진행이 불가피하다""고 밝힌 바 있는데요. 새마을금고중앙회 관계자는 ""정부가 사업성 없는 사업장 정리를 일시적이 아닌 질서있게 꾸준히 해나간다면 지금 새마을금고 연체율은 극복가능할 것""이라고 전했습니다.     태영건설발 리스크 촉각     하지만 이러한 노력에도 불구하고 연체율이 낮아지기는 쉽지 않아 보입니다. 부동산 업황 악화와 부동산 PF 부실 우려는 새해에도 이어지고 있어서입니다. 시공능력 16위 업체인 태영건설은 지난 28일 워크아웃(기업개선작업)을 신청했습니다.     태영건설이 PF 대출 보증채무를 지고 있는 사업장 수는 121곳, 대출 보증 규모는 9조1816억원에 달합니다. 금융위원회 발표에 따르면 태영건설 관련 위험노출액은 4조5800억원 규모입니다. 산업은행은 최근 태영권설 금융채권자협의회 소집 통보를 보냈고, 오는 11일 협의회에서 정확한 채권단 규모와 채권액이 확정될 예정입니다.     전문가는 부동산 악재가 금융권 연체율 상승을 불러올 것으로 전망했습니다. 서지용 상명대 경영학과 교수는 ""새마을금고 등부동산 PF 대출에 물린 금융사들이 많다""며 ""경기 하강 국면에서 자산가치, 부동산 가치가 하락하면서 금융기관 연체율은 상승할것""이라고 경고했습니다.     이어 새마을금고에대한 행안부의 관리 미흡을 지적하며 금융당국의 직접적인 감독이 필요하다고 주장했습니다. 서 교수는 ""연체율을 관리하기 위해서는 얼마나 적극적으로 채권을 회수할 것인가가 관건인데 행안부나 새마을금고가 특별한 대책이 없는 것 같다. 경기가 좋아지기만 기대하는 것""이라고 평가했습니다. 그러면서 ""새마을금고는 금융당국 규제를 받지 않고 있기 때문에, 금융당국에 관리·감독권을 이관해야 한다""며 ""금융소비자가 출자하는 형태로 새마을금고를 이용하고는 있지만, 사실상 예금이기 때문에 현 상황에서는 금융소비자 피해가 불가피하다""고 촉구했습니다.     하지만 새마을금고에 대한 감독권을 이관하는 문제는 추진 동력을 잃어가는 모습입니다. 새마을금고 경영혁신자문위원회는 11월 혁신안을 발표했는데요. 감독권한을 금융위원회로 옮기는 내용은 빠졌습니다.     감독권 이관을 위해서는 법 개정 절차도 필요하지만 4월 총선 이후에야 논의가 가능할 것으로 보입니다. 금융당국 관계자는 ""총선이라는 큰 이슈가 있어 감독권 이관에 대한 법 개정을 논의하려면 4월은 지나 새 국회에서나 가능할 것""이라면서도 ""새롭게 구성된 국회가 새마을금고 감독권 문제에 얼마나 관심을 보일지는 알 수 없다""고 전했습니다.        새마을금고 전경. (사진=뉴시스)   허지은 기자 hje@etomato.com    [허지은 기자의 다른 뉴스] · (신년사)이복현 금감원장 ""금융 리스크 확산 방지 전력"" · (인사)우리카드 · (신년사)이병래 손보협회장 ""불필요한 보험금 누수 억제"" [이 시각 주요뉴스] · 새해 역대급 '입주·공급 절벽'…전세 비상 · 올해 교육계, '교권 보호' 안착·조희연 재판도 '변수' · (신년사)김동연 지사 ""경기도가 변하면 대한민국이 바뀐다""  -경제전문 멀티미디어 뉴스통신 뉴스토마토 저작권자(c)뉴스토마토통신. 무단전재-재배포 금지-"
178,7,"2024-01-02","06:00:12","(2024 한국경제-전문가 진단)새해 한국경제에 바란다","[뉴스토마토 김유진·김소희·이민우 기자] 2024년 한국경제 흐름이 'L자형 장기침체'와 'U자형 회복세'의 갈림길에 놓인 가운데 경제 전문가들은 정부의 역할이 중요하다고입을 모았습니다.     또 부동산 프로젝트파이낸싱(PF) 관련 안정화와 신사업, 기술 연구개발 등을 통한 성장동력 발굴 등이 요구되고 있습니다.     1일 <뉴스토마토>가 경제 전문가 7인에게 문의한 결과 PF 등 부동산 리스크와 고물가, 빠른 수출 회복 등을 주요 해결 과제로 꼽았습니다.      부동산 리스크 해결 '급선무'     김기흥 경기대 경제학과 명예교수는 ""반도체와 자동차 부분에서 수출이 점점 증가하는 긍정적인 시그널이 감지됐다""며 ""하지만 최근 국내 부동산 경기가 심상치 않다. PF 문제 등 시급한 부분을 해결하며 부동산 경기 침체가 전반적인 내수 경기 침체로 이어지지 않도록 하는 노력이 이뤄졌으면 한다""고 말했습니다.      홍기용 인천대 경영학부 교수는 ""가장 우려되는 부분은 부동산 시장에 대한 변화다. 즉 이자에 따른 부채 변화""라며 ""올해 상반기 까지는 부동산 시장이 크게 회복되지 않을 것으로 보인다. 하반기에도 약간 힘들어 보인다""고 내다봤습니다.     그러면서 ""정부가 초창기 청년 주택 등 공급을 늘리겠다고 하는 신호가 있었는데, 이러한 부분에 대한 중장기적 계획을 계속 설명할 필요가 있다""고 조언했습니다.      이어 ""언제 회복될지, 또 내려갈지 등 부동산 시장에 대한 예측가능성 신호를 주기 때문""이라며 ""계획 하에 수요에 부합하는 주택 개발 정책을 이어나갈 필요가 있다""고 부연했습니다.              1일 <뉴스토마토>가 경제 전문가 7인에게 문의한 결과 부동산 리스크와 고물가, 빠른 수출 회복 등이 주요 해결 과제로 꼽았습니다. '갑진년' 새해 첫 날 일출을 바라보는 시민 모습. (사진=뉴시스)     민생·물가 안정 속도내야     홍우형 동국대 경제학과 교수는 ""올해 정부가 예상한 물가상승률 2% 전망은 아예 불가능한 수치는 아닐 것이라 예상한다. 고금리 정책이 유지되고 있기에 점차적으로 안정적인 물가로 이어질 것이라고 기대한다""고 언급했습니다.      그러면서""정부가 물가 상승 요인을 잡겠다고 무리하게 가격을 올리지 못하게 하는 정책은 안 했으면 한다""며 ""물가 정책은 원재료 상승 등으로 가격이 자연스럽게 상승하는 거라면 시장에 맡기고 담합 등이 이뤄지지 않는지 공정한 거래 관리에 초점을 맞춰 정책을 펼쳐야 한다""고 조언했습니다.      손종필 나라살림연구소 수석연구위원은 ""사회적으로 불평등이 심화되고 있는데 정부가 소득과 부의 불평등을 완화할 수 있도록 정책을 신경썼으면 좋겠다""며 ""고용불안 문제의 경우 고용률 수치만 얘기하기 보다는 양질의 일자리 제공이 먼저""라고 강조했습니다.     그러면서 ""경기가 일부 좋아질 수 있으나 감세 정책의 영향으로 세수 여건이 얼마나 좋아질지는 알 수 없다""고 강조했습니다.           1일 <뉴스토마토>가 경제 전문가 7인에게 문의한 결과 부동산 리스크·물가 안정 정책을 요구하는 목소리가 나왔다. 그래픽은 전문가 7인7색 경제진단. (그래픽=뉴스토마토)        경제흐름 개선 키포인트 '수출'     조동근 명지대 경제학과 명예교수는 '변수로삼아야 할 것은 중국'이라며 ""중국이 상승기류를 타면 좋은 데 혼자 낙오되는 쪽으로 가면 타격이 심각할 것이다. 워낙 시장이 크다보니 뒤뚱뒤뚱 걸어가고는 있는데, 부동산 쪽으로 발목이 잡혀있는 것 같다""고 진단했습니다.      그러면서 ""중국 외 성장하고 있는 인도도 좋은 대안이 될 것으로 본다""며 ""지금껏 높았던 중국 의존도를 낮추기 위해 다른 국가들과 함께 성장할 준비를 적극적으로 해야 한다""고 말했습니다.     김기흥 명예교수는 ""올해도 한국경제 성장률 1% 전망이나오는 등 경기 침체가 우려되고 있는 상황""이라며 ""이럴 때일 수록 정부가 적극적인 성장동력을 찾을 수 있도록 노력해야 한다""고 조언했습니다.      빈기범 명지대 경제학과 교수는 ""우리는 수출 주도적 국가 경제다. 수출이 안 되면 경제가 안 좋을 수밖에 없다""며 ""경제가 좋아지는 건 수출 외에는 달리 방법이 없다""고 강조했습니다.     그는""현 정부 들어서 중국, 러시아와 국제 정치적으로 불편한 관계가 됐다""며 ""이게 다 경제에 영향을 미치는 것으로 타개가 됐으면 좋겠다""고 설명했습니다.      '정부 책임론' 지적도     이상민 나라살림연구소 수석연구위원은 ""세수가 줄었다고 하더라도 정부가 돈을 안 쓰는 것이 맞는 것은 아니다""라며 ""여야합의를 통해 중앙정부 지출을 639조원을 쓰기로 했는데 돈을 쓰지 않고 있다""고 꼬집었습니다.     이어 ""양도차익과세도 대표적이다. 10억이었다고 점진적으로 내려서 세금 내는 부분을 늘려왔는데, 오히려 50억원으로 늘렸다""며 ""시장의 예측가능성이 계속 떨어지고 있다. 올해 예측가능성이 더 높은 해였으면 좋겠다""고 말했습니다.     조동근 명예교수는 ""뚜껑을 열어보니반도체가 회복된 것 같은데 여전히 예년보다는 못할 것으로 보인다. 더딘 반도체 회복세""라고 진단했습니다.     그러면서 ""구조개혁을 좀 해야한다""며 ""3대 개혁을 얘기하는데, 성장잠재력을 끌어올리기 위한 노동 개혁에 집중을 좀 해야할 것이다. 인구문제도 심각한데 이는 긴 호흡으로 보는 게 필요하다""고조언했습니다.           1일 <뉴스토마토>가 경제 전문가 7인에게 문의한 결과 부동산 리스크·물가 안정 정책을 요구하는 목소리가 나왔다. 사진은 서울의 한 대형마트에서 쇼핑하는 시민. (사진=뉴시스)        세종=김유진·김소희·이민우 기자 yu@etomato.com [관련기사] · '중국 반도체' 제조장비 자급화…경쟁 관계 한국은 '타격' · ""정부 5년간 270만호 주택 공급…공공부문12만호추가 물량"" [김유진 기자의 다른 뉴스] · ""소상공인 126만명, 1인당 20만원 전기요금 감면"" · (2024년 달라지는 것)글로벌기업 '15% 최저한세'…출산 주택특공·증여공제 [이 시각 주요뉴스] · 새해 역대급 '입주·공급 절벽'…전세 비상 · 행주산성 오른 이낙연 ""이대로 둘 수 없다…큰 싸움 벌이겠다""  -경제전문 멀티미디어 뉴스통신 뉴스토마토 저작권자(c)뉴스토마토통신. 무단전재-재배포 금지-"
179,1,"2024-01-02","06:00:12","올해 배터리·석유화학 '먹구름'…'내실 다지기' 주력","[뉴스토마토표진수 기자] 올해도 국내 배터리 업계와 석유화학 업계의 실적이 부진할 것이라는 전망이 나오고 있습니다. 배터리업계의 경우 전기차 수요둔화가 지난해에 이어 올해까지 이어질 것으로 전망되면서 파장이 예상되고 있습니다. 석유화학업계도 중국 등에서 석유화학 투자로 공급 과잉 등의 여파가 올해 수요 부진으로 이어질 것이 관측되고 있습니다. 이에 국내 기업들은 내실 다지기에 집중한다는 방침입니다.     2일 산업연구원 등에 따르면 올해 자동차, 조선 철강, 반도체 등 13대 주력산업 중 이차전지 수출은 글로벌 OEM사의 전기차생산 목표 하향 조정에 따른 수요 위축 영향으로 전년대비 2.6% 감소할 것으로 전망됐습니다.         2024년 주력 산업 수출 증감률 전망(그래픽= 뉴스토마토)     올해 배터리 산업이 주춤할 것이라는 전망에는 글로벌 전기차 수요 둔화가 핵심요소로 꼽힙니다. 특히 최대 수출국인 미국 전기차 수요가 최근 들어 갈수록 줄고 있는 모습입니다. 수출에 의존하는 국내 배터리 업계에는악영향으로 미칠 전망입니다.     실제 미국 완성차 업체들은 생산량을 줄이고 있습니다. 포드는 전기차인 F-150 라이트닝 픽업트럭 생산 목표를 주당 3200대에서 1600대로 50% 낮췄습니다. 제너럴모터스(GM)도 전기 스포츠유틸리티차(SUV) 쉐보레 이쿼녹스와 전기 픽업트럭 실버라도 등의 전기차 생산을 연기했습니다.     배터리 업계 관계자는 ""전기차 수요가 감소하는 것은 배터리 업계에 영향을 끼칠 수 밖에 없다""며 ""최근 미국 등에서 수요가 줄고 있다""고 말했습니다.     이에 배터리 업계에서는 공장 가동 시점 조정 등 '내실 다지기'에 나서고 있습니다. 전기차 시장 둔화 상황에서 공격적이었던 배터리 설비 증설안 축소 등을 통해 속도 조절을 하는 한편, 내실을 다질 여유를 찾겠다는 계획으로 풀이됩니다.     지동섭 SK온 대표이사는 지난해 11월 '제3회 배터리 산업의 날 기념식'에서 ""전반적인 공장의 가동 시점과 새로 짓는 공장의 가동 시점을일부 조정하는 정도로 탄력적으로 운영할 것""이라며 국내외 설비 가동 시점 조정 가능성을 시사한 바 있습니다.      LG에너지솔루션은 올해 고전압 미드니켈을 비롯해 신규 원통형 라인과 중저가 제품 등 포트폴리오 다각화를 공언한 상태입니다.올해 미주에서 본격적으로 양산을 시작하는 공장들의 수율 향상을 비롯해 공정 등 다른 전략이 필요하다는 이유 때문입니다.      삼성SDI는 설비 투자를 통해 내실 다지기라는 기조를 유지할 것으로 관측됩니다. 전고체 배터리를 2027년 양산하기로 한만큼 기술개발에 더욱 고삐를 죌 것으로 전망됩니다.        LG에너지솔루션 폴란드 브로츠와프 공장(사진=LG에너지솔루션)      석유화학업계도 비슷합니다. 산업연구원은 국내 공급 영향 확대에도 불구하고 주요 수출대상국 내 수입 수요둔화와 수출단가 하락으로 전년에 비해 0.5% 감소할 것으로 전망했습니다. 국내 석유화학 업계에서는 석유화학 제품 축소와 고부가, 친환경제품 생산에 주력하는 등 대응책을 마련하고 있습니다.     특히 중국의 공급 과잉 업황에 악영향을 끼칠 것으로 전망되고 있습니다. 국제 원자재 시장분석기업 독립상품정보서비스(ICIS) 분석에 따르면 에틸렌, 프로필렌, 부타디엔, 벤젠, 혼합 자일렌, 톨루엔의 총 공급과잉 물량은 2억1800만톤 입니다.      현재 중국이 2025년까지 에틸렌을 비롯한 기초유분 자급률을 대폭 상향하기 위해 대규모 공업단지를 조성 중인데요. 중국의 석화 공장 증설이 공급 과잉으로 이어지고 있는 것으로 풀이됩니다.     LG화학은 매출의 절반 이상을 차지하는 석유화학 사업을 축소하고, 2차전지 소재와 친환경 소재, 글로벌 신약 등 3대성장 분야를 중심으로 사업을 재편하겠다는 전략을 세운 상황입니다. 2030년에는 30조원 규모로 키워 글로벌 최대 종합 전지 소재 회사로 도약한다는 방침입니다.     롯데케미칼은 고부가, 친환경 제품 생산에 주력하고 있습니다. 지난해 3월에는 배터리 소재를 생산하는 일진머터리얼즈를 인수하는 등 배터리 사업에 힘을 주고 있습니다. 2030년까지 스페셜티 고부가 제품과 그린 사업 지중을 전체 사업의 60%까지 확대한다는 구상입니다.     금호석유화학도 고부가 제품 생산 확대, 전기차 소재 등 그간 해오던핵심 사업을 강화하는 한편, 2026년까지 3조5000억~4조5000억원을 투자해 신성장 동력을 확보해 나간다는 계획입니다.        금호석유화학 여수고무2공장(사진=금호석유화학)     표진수 기자 realwater@etomato.com [관련기사] · 녹색 보조금, 붉은 차별…더 심해진 보호주의 · SK온 '최재원·김준·지동섭' 삼각편대 이상무? [표진수 기자의 다른 뉴스] · ""기성노조 탈피하자""…산업 MZ노조 '새로고침'에 구애 · 현대차, 독자 개발 '병렬형 하이브리드' 시장 선제 대응 [이 시각 주요뉴스] · 새해 역대급 '입주·공급 절벽'…전세 비상 · 올해 교육계, '교권 보호' 안착·조희연 재판도 '변수'  -경제전문 멀티미디어 뉴스통신 뉴스토마토 저작권자(c)뉴스토마토통신. 무단전재-재배포 금지-"
179,2,"2024-01-02","06:00:12","새해 경쟁력은 '반도체·2차전지' 초격차","[뉴스토마토임유진 기자] 2024년 산업 정책은 반도체, 이차전지 등 국내 첨단전략산업의 초격차 경쟁력을 확보하는 데 초점을 맞출 전망입니다. 앞서 산업통상자원부의 내년도 예산은 11조5188억원으로 의결돼 올해 본예산 11조737조원 비교해 4.0%(4452억원) 증가한 바 있습니다.        (그래픽=뉴스토마토)     반도체, 이차전지 초격차 유지     구체적으로 반도체, 이차전지 등 첨단전략산업의 글로벌 초격차 경쟁력 확보를 위해 금융, 인프라, 국제협력 등 종합 지원에 2390억원을 반영했습니다.      아울러 반도체, 이차전지 분야의 맞춤형 현장 인력을 육성하기 위한 배터리아카데미를 신설하고 첨단산업 특성화대학원을 지정·지원하는 등 첨단산업 분야의 석·박사 부족 문제를 해소키로 할 전망입니다.     이와 별개로 정부는 광물·소재·완제품 등 이차전지 산업 전 분야에 2024년부터 5년간 38조원 이상의 정책금융을 지원키로 했는데요.      추경호 부총리 겸 기획재정부 장관은 지난 13일 정부서울청사에서 주재한 비상경제장관회의모두발언에서 ""이차전지용 핵심 광물 확보부터 사용 후 배터리 활용에 이르는 전주기에 걸쳐 이차전지 산업의 경쟁력을 더욱 강화하겠다""고 언급했습니다.      이어 ""내년부터 '차세대 이차전지 기술개발 프로젝트'에 착수해 전고체 배터리 등 핵심기술을 신속히 개발하겠다""고 밝힌 바 있습니다.     지역경제 활성화 및 원전 생태계, 수출지원     지역 산업단지 환경 개선과 기업들의 지역 투자 촉진을 통해 지역경제 기반을 확충할 전망인데요. 산업부는 첨단산업 중소·중견기업 대상으로 900억원 규모의 저리 융자 프로그램을 신설합니다. 구미·포항·울산 등 국가첨단전략산업특화단지 3곳에 총 392억원 규모의 인프라 구축이 지원됩니다.     에너지 안보 측면에서 원전 생태계를 강화할 전망입니다. 이와 함께 혁신형 원전 개발?안전 관리 등에 대한 투자가 확대될 전망입니다.      정부는 원전 중소·중견기업의 저리 융자와 수출보증 등을 위해 올해보다 32.7% 늘어난 7615억원을 쓰기로 했습니다. 특히 혁신형소형모듈원자로(i-SMR) 기술개발(R&D) 사업 예산은 올해 39억원에서 내년 333억원으로 754% 증가했습니다.     아울러 수출기업의 3대 애로사항인 마케팅,인증, 금융 해소와 함께  대규모 프로젝트의 수주를 지원할 방침입니다. 수출 지원 예산은 올해보다 549억원 늘어난 5829억원(10.4%↑)을 쓰기로 했습니다. 투자 유치 및 국내 복귀 지원을 위한 예산도 올해보다 2012억원 증가한 30617억원(125.3%↑)을 편성했는데요. 이를 통해 보호무역주의 확산과 공급망 재편 등 우리 경제와 산업을 위협하는 대내·외 리스크에 총력대응한다는 방침입니다.        부산항 신선대부두에서 대형 크레인이 선박에 수출 화물을 싣고 있는 모습.(사진=연합뉴스)     임유진 기자 limyang83@etomato.com [임유진 기자의 다른 뉴스] · (신년사)최태원 SK 회장 ""해현경장 자세로 경영 점검해야"" · (신년사)최태원 상의 회장 ""뭉쳐야 산다"" · (신년사)손경식 경총 회장 ""기업활력이 해법"" [이 시각 주요뉴스] · 새해 역대급 '입주·공급 절벽'…전세 비상 · 윤 대통령 ""북핵·미사일 원천 봉쇄""…힘에 의한 평화 '재확인' · 김정은 ""대한민국과 통일 성사될 수 없다""…남북 '적대적 두 국가' 규정  -경제전문 멀티미디어 뉴스통신 뉴스토마토 저작권자(c)뉴스토마토통신. 무단전재-재배포 금지-"
179,3,"2024-01-02","06:00:12","새해 불붙은 주주행동주의…삼성부터 지배구조 현안 대두","[뉴스토마토 이재영 기자] 새해는 강화된 자본시장 규정에 따라주주행동주의가 확대될 것으로 관측됩니다. 주요 그룹 지배구조 현안을 들춰낼 요인인데요. 삼성물산에 대한 헤지펀드 주주서한부터 정기 주주총회가 예년보다 뜨거울 전망입니다. 쉰들러와 경영권 분쟁 중인 현대그룹과 상속 분쟁 중인 LG그룹 내 실체스터 등도 주주행동 개연성이있습니다. 이들 현안은 모두 상속세, 자사주 제도 등과 결부돼 있는데요. 올 총선 결과에 따라 정책 여론이 달라질 변수는 그룹 공통 과제입니다.           2일 재계에 따르면 삼성물산에 대해 여러 헤지펀드는 자사주 매입, 이사회 다각화, 지주회사 체제 전환, 배당 확대 등을 요구했습니다. 올 정기 주총까지 삼성을 흔들 이슈입니다. 표대결까지번질 가능성은 낮습니다. 하지만 이재용 회장이 삼성바이오로직스 분식회계 및 제일모직 부당 합병 혐의로 재판 중입니다. 연초 1심 결과가나와 주주행동으로 번질 수 있습니다. 일례로 엘리엇이 제일모직 합병 문제로 정부에 1400억원 손해배상을 청구했고 법무부가 취소소송 중인데요. 삼성에 대한 구상권 청구까지 연결될 수 있습니다.      자사주 관련 주주제안은 삼성 총수일가 니즈와 부합합니다. 이미 삼성물산이 자사주 전량 소각 방침을 지난해 밝힌 바 있습니다. 따라서 주주행동과 맞물려 이를 구체화할 듯 보입니다. 이재용 회장 등 지배주주 일가가 상속세를 납부하기 위해 계열사 주식을 일부 팔고있는데요. 자사주 매입 후 소각하면 지분 확대 효과도 생깁니다.     쉰들러와 경영권 분쟁 중인 현대그룹은 오비스, KCGI 등 외부주주가 주주제안을 재개할 가능성이 상존합니다. 현대그룹은 우호지분을 확보하기 위해 주주친화 정책을 강화해왔는데요. 그 중 자사주를 매입하고 있습니다. 자사주를 소각하면 쉰들러 등 외부주주 지분도오르기 때문에 계속 쌓일 가능성이 높습니다. 그러면 추후 늘어난 자사주를 우호주주에게 매각할지, 혹은 지배구조 개편에 활용할지 등이 관심입니다.     상속 분쟁 중인 LG그룹 내에도 영국계투자회사인 실체스터가 지난해 3대주주로 올라서 주주제안에 나설지 주목됩니다. LG그룹은 실체스터가 우호지분이란 입장이지만 한국전력을상대로도 주주제안에 나선 전력이 있습니다. 상속 재판 진행 상황에 따라 어떤 움직임이 있을지 관심을 모읍니다.     자본시장 제도상 ESG 공시와 감사위원 분리선출 등 이사회 규제가 강화된 배경이 주주행동을 촉구합니다. 올해 지배구조보고서 공시 기업은 기존 자산 1조원 이상에서 5000억원 이상으로 확대됩니다. 작년에 나온 가이드라인에는 소액주주 및 외국인 주주 소통 확대, 이사회 다양성 확대, 부적격임원 선임 방지 등이 포함됐습니다. 사외이사 감사위원 분리선출 시 3%룰 제도도 시장에서 학습됨에 따라 주주행동주의에 적극 활용될 듯 보입니다. 앞서 표대결에서 무산됐지만 태광산업에 주주제안했던 트러스톤은 감사위원 사외이사 후보 안건에 개입하려 했었습니다.     상속세와 자사주 등 각종 지배구조 아킬레스건은 올해 총선 결과에 영향받을 전망입니다. 정부는 소액주주를 보호하기 위해 물적분할 시 매수청구권을 보장하도록 했습니다. 그 연장선에서 자사주 의무 소각 방안도 논의 중입니다. 상속세 완화는 기획재정부가 유산취득세 방식을 검토해왔습니다. 일각에선 과세이연 방안도 거론되고 있습니다. 상속 주식 매각 시까지 과세이연하면 사실상 매각하지 않는 경영권 지분은 상속세 감면 효과를 얻습니다. 국내 재벌그룹 공통과제인 이들 현안은 총선 후 정책여론이 달라질 변수와 함께합니다.     이재영 기자 leealive@etomato.com [관련기사] · 갑진년 유통가, '새판짜기' 속도 낸다 · (신년특집 총선 여론조사)②내일이 총선이라면? 민주 49.1% 대 국힘 36.7% [이재영 기자의 다른 뉴스] · 녹색 보조금, 붉은 차별…더 심해진 보호주의 · 총선 앞두고 기업 배당일 몰린다 [이 시각 주요뉴스] · 새해 역대급 '입주·공급 절벽'…전세 비상 · ""소상공인 126만명, 1인당 20만원 전기요금 감면""  -경제전문 멀티미디어 뉴스통신 뉴스토마토 저작권자(c)뉴스토마토통신. 무단전재-재배포 금지-"
179,4,"2024-01-02","06:00:12","[IB토마토]팬오션, HMM 인수에 시총 넘는 유증 가능성…흥행 '적신호'","이 기사는 2023년 12월 27일 16:50  IB토마토 유료 페이지에 노출된 기사입니다.    [IB토마토 정준우 기자] 팬오션(028670)이 HMM(011200) 인수 자금 확보를 위해 3조원대 유상증자 추진설에 무게가 실리면서 성공 가능성에 의문이 제기되고 있다. 현재 주가수준 고려하면 기존 발행주식보다 더 많은 양의 신주를 찍어내야하기 때문에 그로 인한 주주 반발이 심한데다 향후 해운사업 침체 전망이 우세해 충분한 자금이 몰리기 어려운 상황이기 때문이다.     하림 측은 팬오션 유상증자에 대해 아직 확정된바가 없다는 입장이다. 아울러 팬오션은 HMM 인수를 위해 유상증자뿐 아니라 외부차입금 조달을 병행할 것으로 보인다. 유상증자 규모가 변동될 가능성도 배제할 수 없기에 외부차입금 규모가 유상증자 규모보다 더 클 경우 유상증자에도 불구하고, 팬오션의 부채비율은 늘어날 가능성도 존재한다.        (사진=팬오션)     주주 반발에 유상증자 흥행 적신호     27일 관련 업계에 따르면 팬오션이 최대 3조원 규모의 유상증자를 통해 HMM 인수 자금 마련에 나설 것이라는 관측이 나오고 있다. 팬오션의 지주사인 하림은 HMM 인수전에 6조4000억원을 써낸 것으로 알려졌다. 하림은 은행권에서 확보한 인수금융 한도 3조4000 억원에 재무적투자자(FI) JKL파트너스가 조달한 7000억원 수준의 자금을 제외하고도 자체적으로 2조3000억원을 마련해야 HMM 인수 자금을 완전히 확보할 수 있다.     그러나 현재 팬오션의 현금 및 현금성자산이 HMM 인수를 감당하기 어렵다는 평가다. 이에유상증자 가능성이 높아지고 있다. 해운업계에 따르면 하림은 식품사업 확장, 개발 사업 등이 예정돼 있기 때문에 결국 HMM 인수자금은 하림그룹의 지원없이 팬오션이 마련해야 할 가능성이 높을 것이라 보고 있다. HMM 인수주체인 팬오션의 올해 3분기 현금 및 현금성자산(단기금융상품 포함) 규모는 5697억원에 불과하다.     아울러 최근 하림 측에서 인수금융 한도를 3조원 이상 확보했음에도 불구하고 2조원 수준으로 활용하겠다고 알려지며 HMM 인수자금 확보에 외부 차입금 비중을 줄일 것으로 예상된다. 이 점 역시 팬오션 유상증자가능성을 높이고 있다. 최대 3조원에 달할 것으로 예상되는 유상증자에 대해 주주들은 반대 의사를 보이고 있다. 26일 기준 팬오션의 시가총액은 1조9779억원이다. 시가총액 이상의 유상증자가 실시될 경우 지분 가치가 크게 희석되는 것은 불가피하다.     유상증자 가능성이 언급되자 현재 지분을 보유하고 있는 주주들의 반발도 극심하다. 팬오션에 따르면 올해 3분기 기준 팬오션 소액주주의 지분율은 전체 발행주식(5억3456만9512주)의 40.21%(2조1491만6927주)에 달한다. 시총 이상의 신주가 발행될 경우 지분 가치가 절반 이하로 줄어들 가능성도 배제할 수 없다.     해운업계에 따르면 NH투자증권(005940)이 팬오션 주주배분 방식 유상증자주관사로 나설 것으로 전해진다. 이에 따르면 하림지주(팬오션 지분 54.76%)를 포함한 팬오션 주주들이 지분율대로 유상증자에 참여한 후 실권주가 발생하면 일반공모 방식이 진행될 것으로 보인다.     또한 내년도 해운업계 전망이 나쁠 것으로 예상되면서유상증자 흥행에 적신호가 켜질 가능성도 높다. 이에 유상증자가 실시돼도 주가 하락을 예상해 실권주가 발생할 가능성도 커진다. 특히 HMM의 주력 사업인 컨테이너선 사업은 경기 변동에 민감한만큼 내년 고금리에 따른 구매 수요 감소로 인한 실적 위축 가능성이 높다. 해운업계에따르면 해운산업의 경기 사이클은 대략 10년 주기로 성수기와 침체기가 번갈아 찾아온다. 해운업계 일각에서는 올해부터 침체기가 시작된 것이라는 자체적인 분석도 나오고 있다. 이에 팬오션 유상증자 과정에서 발생하는 실권주들이 모두 판매되기엔 해운산업의 전망이 매력적이지않다는 의견도 관련 업계에서 나오고 있다.           유상증자해도 재무부담 가중 불가피     유상증자에도 불구하고, 팬오션의 부채비율이 늘어날 가능성도 있다. 보통 유상증자를 실시하면 자본총계가 증가해 부채비율이 낮아지지만, 팬오션의 경우 인수금융 규모가 유상증자 규모보다 커질 수 있어 부채비율이 높아질 가능성이 있다. 따라서 향후 유상증자와 인수금융 구성 비율에 따라 팬오션의 재무건전성 수준이 결정될 것으로 보인다.     총 6조4000억원의 HMM 인수자금 중 2조~3조원 범위에서 유상증자를 할 경우인수금융 등 외부차입금 규모는 2조2000억~3조2000억원 수준이 될 것으로 예상된다. 유상증자 규모가 커지면 인수금융 규모가 낮아지는 방식이다. 유상증자와 인수금융을 통해 5조2000원가량을 조달할 것으로 보인다.     관련 업계에서는 팬오션의 유상증자규모가 3조원이 될 가능성이 높다고 보고 있다. 그러나 향후 HMM으로부터 배당금을 통해 1600억~2400억원 규모의 인수금융 이자를 충당할 수있을 것으로 보여 외부차입금이 늘어날 가능성도 거론되고 있다.     만일 HMM 총 인수자금 중 유상증자로 3조원을조달할 경우 외부 차입금 규모는 2조2000억원 수준이 될 것으로 예상된다. 올해 3분기 기준 팬오션 차입금 규모는 2조1000억원이다. 여기에외부 차입금 2조2000억원이 늘어날 경우 부채비율은 54% 수준으로 낮아질 수 있다. 외부 차입금보다 유상증자를 통한 자본총계가 증가폭이 더 크기 때문이다. 반면 유상증자 규모를 2조원으로 잡을 경우 외부차입금 규모는 3조2000억원으로 늘어난다. 이에 따라 부채비율은 76.8%로 증가가 예상된다.     팬오션이 HMM을 인수해 자회사로 둘 경우 표면적으로 재무건전성이 강화될 것으로 보인다. 그러나 관련 업계에서는 두 회사의 재무제표를 별도로 봐야한다는 의견도 나오고 있다. 두 회사의 영업분야가 다른데다 인수 후에도 합병없이 각자 체제를 유지할 가능성이 높다. 아울러 향후 팬오션이 HMM을 인수해도 HMM으로부터 나오는 배당금 외에는 별도의 수익이 없을 것으로 보이기 때문이다.     팬오션 측은 <IB토마토>와의 통화에서 ""현재 구체적인 유상증자 등 자금조달 규모와 방법은 결정된 바 없으며, 팬오션이 HMM 인수주체기 때문에 팬오션이 자금 조달의 주체가 된다""라고 밝혔다.     정준우 기자 jwjung@etomato.com    [관련기사] · 공세 수위 높이는 HMM 노조, 산은·해진공에 내용증명 발송 · [IB토마토](2023 리그테이블)②DCM, 치열한 경쟁 속 KB증권 '1위 수성' [정준우 기자의 다른 뉴스] · [IB토마토](헬로2024)철강사, 저가공세·탄소감축 직면…성장동력찾기 분주  · [IB토마토]세아제강, 강관 시장 불황인데 '나홀로 성장'…그 비결은 [이 시각 주요뉴스] · 새해 역대급 '입주·공급 절벽'…전세 비상 · 올해부터 납품대금 연동제 시행…어기면 과태료 5000만원  -경제전문 멀티미디어 뉴스통신 뉴스토마토 저작권자(c)뉴스토마토통신. 무단전재-재배포 금지-"
179,5,"2024-01-02","06:00:12","[IB토마토]선진, 하림푸드 인수로 푸드공장 증설 '떠안아'…재무 리스크 부각","이 기사는 2023년 12월 27일 16:35  IB토마토 유료 페이지에 노출된 기사입니다.         [IB토마토 박예진 기자] 하림지주(003380)가 자회사 선진(136490)에 하림푸드를 매각하면서 선진이 익산 내 식품산업단지(클러스터) 건설을 주도할 것으로 예상된다. 하림푸드는 익산 내 클러스터 건설을 위해 설립된 자회사로, 지난 5월 클러스터 조성 계획을 밝힌 바 있다. 선진은 이번 공사를 통해 이천과 음성에 이어 익산에 3공장을 건설하면서 사업을 확장해나간다는 계획이다. 다만, 현재 선진이 보유한 현금및현금성자산의 규모가 805억원에 불과한 만큼 향후 차입금 부담 등이 심화될 수 있다는 우려가 제기된다.      익산 클러스터 사업 추진 위해 선진 1500억원 부담      27일 금융감독원 전자공시시스템에 따르면 최근 선진은 147억원에 하림푸드를 인수한 것으로 나타났다. 하림푸드는 지난 2020년 하림지주에서 신설법인 설립 자본금 50억원과 주식발행초과금 100억원 등 150억원을 출자해 설립된 자회사다.     지난달 17일에는선진이 에코캐피탈에 360억원의 채무보증을 서기도 했다. 에코케피탈에서 대출받은 거래처를 대상으로 한 지급보증 약정건으로 대출한도 300억원의 120% 360억원을 지급보증한다는 내용이다.     이와 함께 하림푸드를 인수하면서 익산 클러스터 내 육가공 및 푸드 공장을 건설하는 것 역시 고스란히 선진의 몫이 됐다. 하림은 지난 5월 익산 내 총 3915억원을 들여 클러스터 건립 계획을 밝힌바 있다. 이를 통해 냉동 건조 식품, 즉석밥 등 식품제조시설과 물류센터를 건립하고 345명을 신규 고용, 300명을 물류센터 위탁운영을 위해간접고용하는 등 총 645명의 지역 일자리를 창출할 것으로 기대를 모았다.    이 가운데 하림푸드는 육가공 및 푸드 공장을 건설을 맡고 있었다. 선진은 2024년 착공 계획인 1차 하림푸드 육가공 공장 건설에 약 1500억원을 투입할 계획이다. 투자는 사업확장에 따라 단계별로 진행되며 재무상황 등 여건에 맞춰서 조정할 것으로 보인다. 하림지주 측은 선진은 배합사료와 양돈·식육·육가공 사업부문을 담당하고 있는 하림의 자회사로, 공장 건설을 통해 선진의 사업분야를 다각화 할 수 있을 것으로 기대하고 있다.     하림지주 관계자는 <IB토마토>와 통화에서 ""기존에 가공식품 사업을 담당하고 있던 선진의 사업분야가 더욱 확대될 것으로 기대된다""라고 말했다.              50% 돌파한 차입금의존도…부담 심화 우려     선진은 올해 3분기 누적으로만 영업이익 781억원을 창출해 내는 등 수익성을 확대해 나가고 있다. 이는 지난해 말 영업이익 706억원 보다도 높은 수치다. 매출액 역시 지난 2019년 처음으로 1조원을 돌파한 이후 지난해 1조8708억원까지 성장했다. 다만, 매출액은지난해 동기(1조5334억원)대비 소폭 감소한 1조4385억원을 기록했다.      문제는 3분기 말 선진의 현금및현금성자산이 805억원에 불과하다는 점이다. 이에 향후 클러스터 건립으로 인한 차입금 부담이 생길 수 있다는 우려도 나온다.     여기에 선진이 자체적으로 보유하고 있는 차입금 역시 매년 늘어나고 있는 모습이다. 해외 사료사업 진출과 양돈 수직계열화 구축을위한 양돈·육가공 관련 사업법인 인수, 양돈농가 증가에 따른 지원 규모 확대 등으로 2017년 말 기준 2606억원에 불과하던 차입금은 2018년 4828억원으로 증가했다. 이어 2019년 5280억원, 2020년 5751억원, 2021년 6725억원, 2022년 6878억원으로 증가했다. 올 3분기 말에는 7162억원을 기록하고 있다.     이 가운데 3분기 말을 기준으로 선진이 1년 내 상환을 완료해야 하는 단기성차입금은6430억원에 이른다. 이는 전체 차입금 가운데 약 89.78%에 이르는 비중이다. 차입금이 증가함에 따라 총차입금의존도 역시 2017년 37.9%에서2018년 52.6%로 급격하게 증가한 이후 3분기 말까지 52.4%를 유지하고 있다. 일반적으로 차입금의존도는 20~30% 수준을 나타낼 때 안정적이라고 평가된다. 부채비율 역시 안정적이라고 평가되는 200%를 넘어섰다. 2017년 105.14% 수준이던 부채비율은 올해 3분기 기준으로는 206.32%까지 증가했다.     일각에서는 하림이 HMM 인수 자금을 마련하기 위해 하림푸드 지분을 선진에 매각했다는 분석도 나온다. 자금 확보를 위해 자회사에 부담을 전가했다는 것이다.     업체 측은 시기가 겹치다 보니 생긴 오해라는 입장이다. 선진 관계자는 <IB토마토>와 인터뷰에서 ""지분거래 금액은 147억원으로 인수금액인 6조4000억원의 0.2%도 안 된다. 인수자금확보 목적이라는 표현은 시기가 겹쳐 생겨난 과장된 시장 해석""이라며 ""익산 공장의 경우 하림푸드의 지분 100%를 보유한 선진이 일부 증자하고 나머지 금액은 금융기관으로부터 시설자금대출을 받을 계획""이라고 말했다.    박예진 기자 lucky@etomato.com    [관련기사] · [IB토마토]팬오션, 친환경 선박 투자도 급한데…HMM 인수 부담 '이중고' · [IB토마토]HMM 인수전, 가시밭길 예고…5파전 속 완주 기업 있을까  [박예진 기자의 다른 뉴스] · [IB토마토](헬로2024)격변하는 유통 생태계…디지털 전환 속 양극화 심화 · [IB토마토]탄탄한 이익률 다지는 롯데칠성…가격인상에 수익성 날개 다나 [이 시각 주요뉴스] · 새해 역대급 '입주·공급 절벽'…전세 비상 · 행주산성 오른 이낙연 ""이대로 둘 수 없다…큰 싸움 벌이겠다""  -경제전문 멀티미디어 뉴스통신 뉴스토마토 저작권자(c)뉴스토마토통신. 무단전재-재배포 금지-"
179,6,"2024-01-02","06:00:12","[IB토마토](코인거래소 잔혹사)③코인마켓, 영업중지 속출…생존에 '사활'","이 기사는 2023년 12월 27일 16:22  IB토마토 유료 페이지에 노출된 기사입니다.    최근 비트코인(BTC) 가격이 오르면서 가상자산 바람이 다시 불고 있지만, 국내 최대 원화거래소인 업비트부터 거래 안정성 문제는 다시 불거지고 있다. 원화거래가 안 되는 코인마켓 중에서는 케셔레스트, 코인빗 등 폐지되는 곳들이 속속 나오고 있다. 금융정보분석원(FIU)에서 신고 수리 재심사를 기준을 높여가고 있는 상황에서 코인마켓 줄도산이 현실화될지 <IB토마토>에서 가상자산 거래소들에 닥친 현안들을 점검해 보고자한다.(편집자주)     [IB토마토 이조은기자] 최근 금융정보분석원(FIU)에 신고된 코인마켓들 중 케셔레스트, 코인빗 등을 비롯해 영업을 중지하는 사례들이 속속 나오고 있다. 가상자산 거래소에 대한 규제가 확대되면서 수익에 비해 비용 지출이 많아 더 이상 운영이 어려워진 곳들이 대부분인 것으로 풀이된다. 2024년 가상자산사업자(VASP) 신고 재심사 기간을 앞두고 내년 가상자산거래 보호법이 추가로 도입될 것으로 알려져 변화의 물결에 동참하지 않는 코인마켓들은 살아남기 더 어려워질 것으로 전망된다.           규제 확대에 자금세탁방지(AML) 인력 증가에 부담 늘어     27일 업계에 따르면 최근 금융위원회 금융정보분석원(FIU)이 발표한 ‘2023년 상반기 가상자산사업자 실태조사 결과’에 따르면 올해 코인마켓 거래소 21개 중 85.7%에 달하는 18개는 자본총계가 마이너스를 기록하는 완전자본잠식 상태인 것으로 나타났다. 이 중 케셔레스트와 코인빗은 지난달 영업이 중지돼 12월22일 서비스가 종료될 예정이고, 후오비코리아와 BTX(구 비둘기지갑)도 최근 영업을 중지했다.      코인마켓들이 경영 위기에 처한 것은최근 2년 새 원화 매출을 내지 못하는 상황에서 거래 규모는 확연히 줄어든 반면, 규제 준수로 인한 고정지출이 너무 많이 들고 있기 때문으로 분석된다. 가상자산 거래소 일평균 거래금액은 2021년 하반기 11.3조원에서 2023년 상반기 2.9조원으로 쪼그라 들었는데, 이 중 21개 코인마켓 일평균거래액은 2021년 하반기 6000억원에서 올해 상반기 10억원으로 급감했다.      반면 자금세탁방지(AML)에 투입되는 인력은 사업자 평균으로 2021년 말 8명에서 2022년 말 11명으로 증가했고, 올해 상반기에도 10명에 달했다. 코인마켓기준으로 봐도 2022년에는 자금세탁방지 인력이 7명으로 늘었다. 이같이 자금세탁방지 인원이 늘어난 것은 테러나 범죄 등에 쓰일 수 있는 자금을 잡아내기 위한 것인데 특이 거래 사항을 모니터링하기 위해 지티원, 옥타 등 솔루션 도입에 수억원가량이 드는 것으로 알려졌다.      특히 2021년 말 특정금융거래정보법이 도입되면서 코인마켓들은 2년 새 각종 규제의 산을 넘어야만 했다. FIU에승인하는 가상자산사업자(VASP)가 되려면 플랫폼에 적용되는 정보보호 관리체계(ISMS) 라이선스 허가를 필수로 받아야 했다. 2022년 3월에는'트래블룰'을 적용해 가상자산거래소 간 가상자산 송수인인의 신원정보 기록을 의무화했다.      일례로 코인마켓 하이블록(전 후오비코리아)을 운영하는 후오비의 경우 급여 및 상여가 2021년 29억원에서 2022년 34억원으로 증가하면서 영업비용이 38억원에서 48억원으로 늘어났고, 영업적자로 돌아섰다. 2021년까지만 해도 101억원 당기순이익을 냈지만, 2022년 76억원 당기순손실을 내며 2022년 자본잠식에 빠졌다. 후오비코리아는 글로벌 가상자산 거래소 후오비의 한국 법인인데 영업난이 지속되자 최근 국내 사업 중단을 고려하고있는 것으로 알려졌다.      한 코인마켓 관계자는 <IB토마토>와의 인터뷰에서 “고정 지출이 사업규모에 비해 굉장히 높다. 규제와 보안과 관련해서 최소 수천에서 수억원이 지출되기도 하는 솔루션을 도입하고 상시 근무하는 인력을 배치해야 한다”라며 “그런데도 정부 규제는 점점 더 세지기만 한다”라고 호소했다.         (사진=후오비코리아 홈페이지 캡처)     가상자산사업자(VASP) 갱신 신고에 이용자보호법까지 이중고     가상자산 거래소를 향한 규제의 칼날은 앞으로도 지속될 것으로 보여 생존을 위해 코인마켓들의 적극적인 규제 적용은 불가피한 것으로 보인다.      앞서 금융정보분석원(FIU)이 지난 10월27일 공개한 ‘가상자산사업자 신고에 관한 정보공개현황’ 에 따르면 5개 원화거래소(업비트·빗썸·코인원·코빗·고팍스)를 제외한 21개의 코인거래소(코인마켓)들은 대부분 지난 2021년 9월 가상자산사업자(VASP)로 신고를 마쳤다. VASP 자격은 3년마다 갱신해야 하는데 내년 11~12월 갱신 신고가 예정된 16개 코인마켓 중 이미 BTX와 후오비코리아는 영업이 중지된 상태다.     현재 특금법에 따르면 FIU가 인증하는 VASP 자격을받으려면 정보보호 관리체계(ISMS) 인증을 획득하고, 실명확인이 가능한 입출금 계정을 확보하는 등 요건이 필요하다. 코인마켓 중 페이코인은 올해 1월 실명계좌를 확보하지 못해 신고 불수리로 영업을 종료하기도 했다.      금융당국의 규제는 지속확충되고 있어 코인마켓들이 영업을 지속하기 위해선 빠른 규제 적응이 필요한 시점이다. 금융위원회는 지난 11일 ‘가상자산 이용자 보호 등에 관한 법률(가상자산이용자보호법)’을 발표했는데 가상자산이용자보호법은 일부 코인마켓들이 내년 11~12월 VASP 갱신을 신고하기 전인 내년 7월19일부터 시행되기 때문이다.     가상자산이용자보호법의 골자는 이용자 예치금의 관리기관과 운용방법을 규정한 것이다. 시행령에 따르면 각종 해킹과 보안 사건에서 안전할 수 있도록 가상자산을 인터넷상에 보관하는 핫월렛이 아닌 콜드월렛에 현행 70%보다 더 높은 80% 이상을 보관하도록 했다. 이외에도 해킹이나 전산장애 등 사고에 따른 책임을 이행하기 위한 보험 및 공제 가입에 준비금을 적립해야만 한다.      금융위원회 금융정보분석원(FIU) 관계자는 <IB토마토>와 통화에서 “트래블룰의 경우 해외 각국에서도 많이 도입을 하고 있는데 우리나라도 글로벌 규제 수준을 따라가고 있는 것”이라며 ""자금세탁방지 금융대책기구(FATF)에서 정하는 권고를 이행하지 않으면 우리나라가 불이익을 받기 때문에 앞으로도 구속력 있게 해나가야 할 것""이라고 말했다.      이조은 기자 joy8282@etomato.com    [이조은 기자의 다른 뉴스] · [IB토마토]KT스카이라이프, HCN 인수 효과 '미흡'…콘텐츠 투자로 활로 찾기 · [IB토마토](헬로2024)IT·통신·게임, 신사업 투자로 수익성 개선 착수 · [IB토마토](크레딧시그널)KCC건설, 수익성 부진에 현금창출력 '약화' [이 시각 주요뉴스] · 새해 역대급 '입주·공급 절벽'…전세 비상 · (신년사)한동훈 ""국민 비판 경청…즉시 반응하고 바꿔나가겠다"" · 올해 교육계, '교권 보호' 안착·조희연 재판도 ' 변수'  -경제전문 멀티미디어 뉴스통신 뉴스토마토 저작권자(c)뉴스토마토통신. 무단전재-재배포 금지-"
179,7,"2024-01-02","06:00:12","[IB토마토]KT스카이라이프, HCN 인수 효과 '미흡'…콘텐츠 투자로 활로 찾기","이 기사는 2023년 12월 26일 17:24  IB토마토 유료 페이지에 노출된 기사입니다.    [IB토마토 이조은 기자] 케이티스카이라이프(053210)(이하 KT스카이라이프)가 종합유선방송사(SO) HCN 인수 효과를 기대만큼 누리지 못하고 있다. 지난 2021년 현대HCN 인수전에서 승리한 KT스카이라이프는 유선 방송사 점유율 1위를 기록하고, 2022년 사상 첫 매출 1조원을 달성했지만 영업이익률은 지속 하락하고 있기 때문이다. 최근에는 HCN의 모회사였던 현대홈쇼핑(057050)과 송출수수료를 놓고 분쟁을 벌이면서 안정적인 매출원이 줄어들 가능성이 높은 상황이다. 이에 KT스카이라이프는 스카이라이프TV 콘텐츠 확충을 통해 수익성을 개선할 전망이다.          HCN 인수에 5151억원 들였지만 실효성 '제자리'     26일 금융감독원 공시시스템에 따르면 KT스카이라이프는 2021년 HCN을 인수한 후로 2022년 매출 1조342억원을 기록했다. KT스카이라이프는 2011년 상장 이래 첫 매출 1조원을 달성하고 유선 방송 점유율 1위에 등극했으나, 수익성 면에서는 실효성이 나타나지 않고 있다.     앞서 지난 2020년 LG유플러스, SK브로드밴드, KT스카이라이프 등 통신3사가 일제히 케이블 업체 '현대HCN' 본입찰에 뛰어든 가운데 KT스카이라이프가 승기를 잡았다. KT는 인터넷TV(IPTV), KT스카이라이프는 위성방송을 운영하고있는데 2021년 KT스카이라이프가 HCN을 5151억원에 인수하면서 종합유선방송(SO)까지 세 가지 모든 유선 방송 유형을 갖추게 됐다.      HCN 인수 후 KT는 유선방송 1위 업자로 자리 잡으며 경쟁력을 높였다. 과학기술정보통신부에 따르면 2021년 하반기유선방송 가입자 수는 KT가 840만명으로 23.56%, KT스카이라이프가 302만명으로 8.47%를 기록해 총 35.58%로 점유율 1위를 차지하게 됐다. 2020년 상반기보다 3.68% 높아진 수치다. 점유율이 높아진 덕분에 2013년부터 6000억원대에 머물던 KT스카이라이프 매출은 2021년 7632억원으로 뛰더니 2022년에는 1조342억원을 기록했다.     하지만 최근 유선방송 가입자 성장세가 둔화되고, 종합유선방송 가입자 수가 줄고 있어 애써 HCN을 데려온 효과가 떨어지고 있다. 과기정통부에 따르면 올 상반기 인터넷TV(IPTV) 가입자 수는 지난해 하반기보다 1.21% 증가한 반면, 종합유선방송(SO)과 위성방송 가입자 수는 각각 0.77%, 1.74% 줄었다.      가입자 수가 줄면서 영업이익률도 감소세에 접어들었다. 2020년 738억원이던 영업이익은 2021년 739억원, 2022년 632억원으로 감소했다. 2018년 영업이익은 667억원을 기록해 영업이익률은 9.66%에 달했는데 2022년 영업이익률은 5년만에 6.11%로 급감했다. 특히 2022년에는 HCN 영업권 손상차손으로 240억원을 인식하고, 스카이라이프TV와 미디어지니 합병으로 일회성 비용이 발생하면서 당기순손실이 222억원 발생했다.        (사진=KT스카이라이프)    콘텐츠 투자로 '포스트 우영우' 발굴할까      매출 성장에도 영업이익은 지속 감소하는 가운데KT스카이라이프는 현대홈쇼핑 송출 중단이라는 또다른 위기를 맞았다. 더 이상 본업에만 의존하기 어려운 상황에서 KT스카이라이프는 자사 채널사업자인 스카이라이프TV에 콘텐츠 투자를 지속해 수익성을 개선시킬 전망이다.     KT스카이라이프는 2020년부터2022년까지 플랫폼 수익으로 2100만원대 고른 매출을 내고 있다. 플랫폼엔 홈쇼핑송출수수료가 포함되는데 이 중 현대홈쇼핑은 KT스카이라이프 채널에 매출액 대비 송출료 26.9%를 내고 있다. 지난 9월 현대홈쇼핑이 KT스카이라이프에 송출 중단을 예고한 후 KT스카이라이프가 과기정통부에 중재를 요청해 아예 송출을 중단하는 ‘블랙아웃’은 면했지만, 현대홈쇼핑의 번호 이동 및 수수료 인하 등을 검토하고 있는 상황이다.     송출수수료의 문제가 비단 현대홈쇼핑의 문제만이 아닌 만큼 KT스카이라이프의 안정적인 매출원이흔들리는 상황에서 KT스카이라이프는 자사 채널사업자인 스카이라이프TV를 통해 새로운 성장 동력을 만들려고 하고 있다.      2022년 KT스카이라이프가 매출 1조원을 달성할 수 있던 이유로는 HCN의 인수뿐만 아니라 인기 드라마 우영우의 역할도 컸다. 2022년 스카이라이프TV 계열 채널인 ENA에서 방영한 ‘이상한 변호사 우영우’가 인기를 끌면서 광고 매출이 늘어난 것이다.      스카이라이프TV로 인한 수익성 개선을 위해서는 킬러 콘텐츠가 필요하다는 분석이 나오는데 실제로 콘텐츠 제작에 투자비를 늘린 것이 도움이 됐다는 평가다. 무형자산상각비는 2021년 272억원에서 2022년 512억원으로 88.24% 증가했는데 콘텐츠 제작비가 반영된 것으로 나타났다. KT스카이라이프는 향후에도 콘텐츠 제작에 연간 1100억원을 투자할 계획이다.     KT스카이라이프의 지속적인 콘텐츠 투자를 위한 자금 여력은 충분히 확보한 것으로 보인다. 올해 3분기 기준으로 현금및현금성자산은 1213억원을 기록해 지난해 987억원보다 22.9% 증가했다. 유동자산에서 유동부채를 나눈 유동비율 역시 123%로 안정권에 속한 수준이다.      KT스카이라이프 관계자는 <IB토마토>와 통화에서 “무형자산상각비는 2022년 3분기부터 스카이라이프TV의 드라마콘텐츠 투자가 본격화되며 상승하고 있다”라고 말했다.      이조은 기자joy8282@etomato.com    [관련기사] · (콘텐츠 사용료 갈등)①송출중단 불씨 남았다…유료방송·홈쇼핑 평행선 · KT스카이라이프, '유튜브 프리미엄' 결합상품 출시 [이조은 기자의 다른 뉴스] · [IB토마토](코인거래소 잔혹사)③코인마켓, 영업중지 속출…생존에 '사활'  · [IB토마토](헬로2024)IT·통신·게임, 신사업 투자로 수익성 개선 착수 [이 시각 주요뉴스] · 새해 역대급 '입주·공급 절벽'…전세 비상 · (신년사)오유경 식약처장 ""사회적 가치 창출하는 식·의약 규제 추진""  -경제전문 멀티미디어 뉴스통신 뉴스토마토 저작권자(c)뉴스토마토통신. 무단전재-재배포 금지-"
180,1,"2024-01-02","06:00:00","[2024리스크관리]①""개별종목 대신 ETF로 분산·적립 투자를""","편집자주지난해 투자시장은 미국의 금리 인상과 지정학적 분쟁으로 출렁거렸다. 이제 2024년이다. 올해 미국이 기준 금리를 점차 내릴 것으로 전망된다. 미국 대통령 선거와 한국 총선 등 각국의 중요 선거도 잇달아 예정돼 있다. 다양한 변수 속에서 투자자는 어떤 전략을 취해야 할까. 국내 주요 자산운용사의 상장지수펀드(ETF), 주식, 연금 등 분야별전문가를 만나 지난해 투자시장을 돌아보고, 올해 리스크 회피 방안과 투자 전략을 들어 봤다.    아시아경제가 만난 3명의 전문가 김성훈 한화자산운용 ETF사업본부장, 송준혁 베어링자산운용 성장본부장, 손수진 미래에셋자산운용 WM연금마케팅부문장은 2024년 투자 전략으로 리스크 관리 관점에서 분산·적립 투자의 중요성을 강조했다. 주식과 채권을 적절히 분산투자하면 완충 효과를 가져갈 수 있어서다. 특히 상장지수펀드(ETF)를 통한 분산투자를 적극적으로 권유했다. 또 수익을 높이기 위해선 반드시 적정주가를 판단하는 노력이 필요하다고 했다. 올해 시장의 변동성은 클 것으로 내다봤다. 여러 나라의 주요 선거가 줄줄이 예정됐고 미국의 금리 인하 및 경기가 변수로 작용해서다. 미국과 중국의 갈등 역시 변수로 꼽았다.     ""주식투자는 특정 기업의 미래 가치에 투자하는 것입니다. 지난해 이차전지 등 특정 테마의 밸류에이션(기업가치 대비 주가 수준)이 적정한지를 두고 서로 의견이 달랐죠. 수급 이슈로 주가가 오를 경우, 일정 시간이 지나면 가격 조정이 뒤따를 수밖에 없습니다.""   최근 서울 여의도 63빌딩 한화금융센터에서 만난 김성훈 한화자산운용 ETF사업본부장의 말이다. 올해 미국의 금리 인하가 본격화할 것으로 전망되는 해다. 그는 이 같은 시장 환경에서 기대되는 분야로 ▲국내 방산업 ▲일본 반도체 ▲미국 장기채 등 3가지를 꼽았다.   국내 방산업에 대해 김 본부장은 ""반도체와 이차전지에 이어 우리나라의 새로운 수출 산업으로 자리 잡았다. 무엇보다 방산은 수출 이후에도 유지보수·관리에 따른 매출이 발생한다. 전 세계에서 지정학적 갈등이 이어져 방위 산업에 대한 중요성은 계속 주목받을 것""이라고 강조했다. 경쟁력도 갖췄다. 그는 ""70여년이 넘는 남북한 대치 상황에서, 우리나라는 K9 자주포 등 실전에서 중요한 '재래식 무기'의 투자와 개발을 이어나갔다. 최첨단 무기 위주로 발전한 해외와 다른 점""이라며 ""미국과 러시아산과 달리 한국산 무기는 수입에 따른 정치적 부담도 덜 하다. 최근 세계적으로 방산 수요가 커지는 상황에서, 영상 40도·영하 20도에서도 작동하는 가성비 좋은 한국 재래식 무기가 주목받고 있다""고 말했다.  일본 반도체 소부장(소재·부품·장비) 분야도 주목해야 할 투자처로 꼽았다. 김 본부장은 ""일본은 '잃어버린 30년'을 끝내기 위해 각종세제 혜택과 보조금 지급 정책을 펼쳤고, 기시다 정권에서 그 효과가 꽃피우기 시작했다. 미국과 금리 차이로 인한 엔저 현상으로 수출 기업의 실적도 긍정적으로 나타나, 일본 증시가 지난해 굉장히 좋았다""고 설명했다. 그러면서 ""특히 미·중 갈등에 따른 공급망 재편으로 가장 수혜를 본 분야도 반도체다. 일본은 소부장 분야의 세계적인 경쟁력과 특허를 보유하고 있다. 향후 엔화 가치가 일부 오르더라도 이 같은 수혜를 누릴 것""이라며 ""일본의 소부장 기업에 투자하는 동시에 환 노출형 효과를 누릴 수 있는 상품을 주목해야 살펴봐야 한다""고 말했다.   미국 장기채도 좋은 투자 대안으로 골랐다. ""최근 금리 인하를 대비해 듀레이션(투자금 회수에 걸리는 시간)이 긴 장기채에 투자하는 개인투자자가 늘었다. 장기적으로는 미국이 금리를 동결·인하할 가능성이 갈수록 높아지면서 장기채에 대한 수요는 더욱 커질 것""이란 설명이다.   아울러 올해 여러 변수가 예상되는 만큼, 리스크 관리 관점에서 분산·적립식 투자의 중요성을 강조했다. 그는 ""특정 종목과 테마가 여러투자자 사이에서 이슈가 되는 시점은 이미 단기적인 고점이 형성된 상황일 때가 많다. 이땐 한숨을 돌리고 냉정하게 보는 게 필요하다""며 ""개별 종목에 접근해 리스크를 떠안기보단, 안정적인 적립식 형태의 장기투자가 유리하다""고 조언했다. ""마찬가지로 내가 투자한 종목의 수익이 마이너스가 된다고 해도, 장기적인 성장 가능성이 보인다면 일시적인 조정기라고 생각하고 적립식 투자로가는 것도 좋다""고도 했다.   분산투자 방법으로는 상장지수펀드(ETF)를 통한 투자를 추천했다. ETF는 특정 지수에 따라 수익률이 결정되는 펀드를 주식처럼 사고팔 수있도록 증권시장에 상장한 펀드를 말한다. 김 본부장은 ""일반적인 개인투자자가 소액으로 투자하는 경우 상품 경쟁력은 ETF의 경쟁력이 훨씬높다""며 ""연금저축이나 개인형 퇴직연금(IRP) 등 연금 분야에서 ETF에 투자하면서, 펀드보다 훨씬 저렴한 비용으로 장기투자하려는 경우도 많다""고 전했다.     ● 주식으로 돈 벌까? 오늘의 운세로 확인  ● 국내 최저 신차 장기렌트 견적 문의 IWS오토  ● 급등임박 추천주를매일 알려주는 곳이 있다고? [카톡방 입장]  [관련기사]  ☞ [2024리스크관리]③""키워드는 '균형'…TDF 중심 자산배분 유리""  ☞ [2024리스크관리]②""검증의 시기…적정주가 판단은 기본""  ☞ 아무 일 안 해도 1조2900억 벌었다…MS주식 3억3320만주 가진 이 사람  ☞ [인사] IBK투자증권  ☞ 투자 성공의 핵심은 기업분석! 'CORE' 바로가기      김대현 기자 kdh@asiae.co.kr   <ⓒ투자가를 위한 경제콘텐츠 플랫폼, 아시아경제(www.asiae.co.kr) 무단전재 배포금지>"
180,2,"2024-01-02","06:00:00","""특검 왜 거부합니까""…이승환, 尹 대통령 과거 사진 올리고 비판","사진 출처=이승환 SNS  [파이낸셜뉴스]  가수 이승환이 '김건희 특별법' 거부권 행사 관련 윤석열 대통령을 비판하는 취지의 글을 사회관계망서비스(SNS)에 올렸다.  이승환은 지난 12월 30일 자신의 페이스북에 공연 사진을 올리면서 “세상 사는 얘기도 잠깐”이라는 메시지를 남긴 채 윤 대통령의 대선 후보 시절 사진을 올렸다.   사진에는 윤 대통령이 대선 후보 시절 “특검을왜 거부합니까. 죄지었으니까 거부하는 겁니다”라고 말하는 모습이 담겼다. 이승환은 이와 함께 ‘공정과 상식’이라는 해시태그도 달았다.  앞서 이승환은 윤 대통령 당선 직후인 지난해 4월 조국 전 법무부 장관이 SNS에 올린 “조국 가족에 대한 ‘윤석열 잣대’를 윤석열 가족과 윤 정부 인사에게 적용하라”는 내용을 캡처해 SNS에 올렸다. 당시에도 그는 ‘공정과 상식’ 문구를 덧붙였다.  이어작년 9월에도 조국 전 장관의 ‘디케의 눈물’과 조 전 장관의 딸 조민 씨의 ‘오늘도 나아가는 중입니다’ 책 두 권을 나란히 소개하기도 했다.  윤 대통령이 2020년 당시 검찰 총장으로 직무를 복귀했을 때는 “세상이 모두 너희 발밑이지?”라고 날을 세우며 관련 기사를 업로드하기도 했다.  당시 이승환은 다른 게시물을 통해 “우리는 승리한다. 꺾이지 아니한다”는 글과 고 노무현 대통령을 추모하는 행사 ‘봉하 음악회’에서 ‘태양의 노래’를 부르는 자신의 무대 영상을 올리기도 했다. 이승환은 앞서 ‘박근혜 정권 국정농단 촛불집회’나 검찰개혁 촉구 집회에 참여하는 등 자신의 정치적 메시지를 공개적으로 나타낸 바 있다.   hsg@fnnews.com 한승곤 기자  [파이낸셜뉴스 주요뉴스]  → 17살에 엄마가 된 여고생 ""절친과 남친을 바꿔서.."" 소름 → 지팡이 짚고 휠체어 탄 노홍철의 충격적인 근황 ""결국.."" → 100억대 위약금에 유서 쓴 이선균, 아내 전혜진에 남긴 말은... → 11년 만에 상업광고 찍은 이효리, 5개월 만에 수익이 무려.. → ""혼전순결 강조하며 성관계 안한 남편, 알고 보니..."" 반전 사연 → 주식 말고 다른 재테크가 궁금해? [파인애플]  ▶▶[무료공개]◀◀ 지금 ""1,000만원""만 있어도 당장 ""이것""부터 사라!! >>> (무료 체험)    ※ 저작권자 ⓒ 파이낸셜뉴스. 무단 전재-재배포 금지 "
180,3,"2024-01-02","06:00:00","금리인하 운 뗀 연준...파월은 언제 펀치볼을 가져올까 [매일 돈이 보이는 습관 M+]","‘중앙은행의 역할은 파티가 무르익을 때 펀치볼을 치우는 것이다.’ 1951년부터 1970년까지 미국 연방준비제도(Fed)의장을 지냈던 월리엄 마틴은 중앙은행의 역할을 이렇게 정의했다. ‘펀치볼’은 과일 칵테일을 담는 그릇으로 미국 파티에 빠지지 않고 등장하는 메뉴다. ‘펀치볼을 치운다’는 경제적 의미는 중앙은행이 경기가 너무 과열되기 전에 금리를 올려 과열을 막는다는 의미다. 파티의 흥을 깨는데 좋아할사람은 없다. 이런 역할 때문에 중앙은행은 많은 사람들로부터 미움을 산다. 경기가 뜨거워 일자리가 넘치고 임금이 올라가는데 금리를올려 경기에 찬물을 끼얹으면 주변의 눈총이 따가워진다. 그렇다고 경기과열을 제어하지 않는다면 경제에 거품이 생기고 이 거품이 터질 때경제는 훨씬 더 큰 충격을 받는다. 역설적이지만 중앙은행이 펀치볼을 가져올 때도 있다. 경기가 침체 조짐을 보이면 이때는 금리를 내려 경기부양에 나선다. 2024년에는 전 세계 중앙은행에 펀치볼을 갖고 오는 임무가 주어졌다. 그동안 물가를 잡기위해 금리를 계속 올려왔던각국의 중앙은행은 경기가 침체에 빠질 것이라는 염려가 커지자 이제는 금리를 내려 경기가 급강하하는 것을 막을 움직임을 보이고 있다. 세계의 관심은 단연 미국에 집중된다. 미국이 금리를 내리면 다른 나라들도 잇따라 금리를 내릴 태세다. 금리를 내리는 정책은 파티에 펀치볼을 가져오는 것처럼 많은 사람들에게 환영을 받는다. 환영 받을 만한 정책은 하루라도 빨리하는 것이 좋다는 사람들도 많아지고 있다. 시장에서 연일 미국 금리인하론이 화제가 되고 있는 것도 이런 이유 때문이다. 하지만 펀치볼을 아무 때나 가져오는 것은 아니다. 미국 연방준비제도(Fed)는 과연 언제 펀치볼을 가져올 것인가. 제롬파월 의장은 2023년 12월 마지막 공개시장위원회(FOMC)에서 금리 동결 결정 후 가진 기자회견에서 “금리 인하를 고려하는 상황에 와 있다”고 직설적으로 말했다. 또 “2024년 경기침체 가능성이 있다”고도 했다. 더 나아가“금리인하가 오늘 회의 주제였다”고 덧붙였다. 연준이 발표하는 성명서도 바뀌었다. 성명서 서두에 경제성장이 둔화됐고 인플레이션은 완화됐다고 명시했다. 과거 성명서에서는 볼 수 없었던 문구다. 연준 위원들이 작성하는 점도표에는 2024년 말 기준금리 수준을 4.6%로 예상하는사람이 가장 많아 2024년 중 3차례 정도 0.25%포인트씩 금리를 내릴 것이라는 기대감을 심어줬다. 이런 정황을 살펴보면 미국이 2024년에 금리를 내리는 것은 확실해 보인다. 문제는 시점이다. 시장에서는 2024년 3월 금리인하설부터 연말 인하설까지 다양하다. 경제를 전망하거나 투자를 하는 사람의 입장에서는 나름대로의 기준이 필요하다. 이런 시점에서 과거의 데이타는 중요한 나침반이 된다. 1980년대 이후 미국이 기준금리를 내려 경기 부양에 나선 적은 지금까지 5번 정도 있었다. 미국 연준의 금리 정책은 ‘물가안정과 고용안정’이라는 두 가지를 목표로 한다. 이와 관련한 지표를 살펴보면 연준이 어떤 상황에서 금리 인하를 단행했는지 파악이 가능하다.  먼저 1989년 5월 미국 연준 기준금리는 연9.8%까지 오른 후 떨어졌다. 당시 소비자물가상승률은 5%를 넘나들었다. 기대인플레이션율도 4%대였다. 물가는 고공행진을 거듭하고 있었지만 연준은 금리를 내리는 결정을 했다. 실업률이 문제였다. 당시 실업률은 5%대 초반을 기록했다. 실업과 관련한 다른 지표인 월간 비농업일자리수 증가폭은 1989년 초만 해도 28만 명대를 기록했지만 금리를 내릴 당시에는 12만2000명까지 떨어졌다. 금리 인하 결정을 한 후인 1989년7월 비농업일자라수 증가폭은 4만 명대에 불과했다. 국내총생산(GDP)성장률(전기 대비 연율)은 1989년 2분기 7.6%에서 3분기는 6%, 4분기는 3.7%로 계속 떨어졌다. 한 마디로 물가는 높았지만 경기가 침체 조짐을 보이고 고용환경이 크게 악화되자 연준은 금리 인하 카드를꺼냈다. 연준이 뭘 중요하게 생각하는지를 보여주는 장면이다. 그다음 연준이 펀치볼을 가져온 시점은 1995년이다. 당시 연준은 연6%의고금리를 1995년 2월부터 6월까지 유지한 후 7월 들어 금리를 0.25%포인트씩 낮추기 시작했다. 당시 소비자물가상승률과 기대인플레이션율은3%대를 오르내렸다. 실업률은 5.5%내외를 기록했다. 비농업고용자 증가 수는 15만 명에서 23만 명 사이를 나타냈다. 하지만 1995년 5월에는비농업고용자수가 1만5000명 감소한 것으로 나타나 시장에 충격을 줬다. 역시 물가보다 고용이 금리를 내리는데 중요한 변수였다.  다음 금리 인하시기는 2000년이다. 이때 미국 연준은 2000년5월부터 같은 해 12월까지 7개월간 기준금리를 연6.5%로 동결한 후 2001년 1월에 연5.5%로 1%포인트나 금리를 내렸다. 당시 소비자물가상승률은 3.5%를 오르내렸고 기대인플레이션율은 3% 내외였다. 실업률은 4%내외, 비농업고용자수는 증가와 감소가 엇갈리며 불안한 모습을 보였다. 당시는 ‘닷컴버블’이 붕괴되기 직전이었다. 금리인하 결정을 한 이후 미국의 실업률은 6%까지 치솟았고 월간 비농업일자리수도 최대 30만 명 줄었다. 당시의 금리 인하는 극심한 경기침체 직전에 이뤄져 선제적인 대응으로 평가된다. 그 다음 금리 인하시기는 금융위기때다. 2006년6월부터 2007년8월까지 총15개월 동안 미국은 연5.25%의 기준금리를 유지한 후 2007년9월에는 연4.75%로 기준금리를 0.5%포인트 내렸다. 이때는 미국 금융위기가 벌어졌을 당시다. 물가는 2%대를 기록했지만 실업률이 4%대 후반을 기록했다. 아울러 글로벌금융위기로 미국 시스템이 붕괴될 위기까지 처했다. 이 때 미국은 2008년 12월부터 제로금리 정책을 펴면서 경제의 충격을 줄이기 위해 발 벗고 나설 때였다. 2019년의 금리 인하는 상황이 조금 다르다. 당시 미국은 2018년12월부터 2019년7월까지 기준금리 2.5%를 유지하다가 2019년8월에 금리를 0.25%포인트 내렸다. 당시 미국 소비자물가는 1%대였고 실업률은 3%대 후반을 기록했다. 비농업고용자수는 2019년2월 2만2000명 감소한 것을 제외하고는 매월 증가세를 이어갔다. 경제적으로 보면 금리를 내릴 이유는 없었지만 당시 도널드 트럼프 미국 대통령은 제롬파월 연준의장에게 금리를 내릴 것을 직접적으로 압박했다. 이 당시 금리인하는 경제여건보다 미국 대통령의 압력에의해 내린 것으로 유명하다. 현재의 상황을 과거와 비교해보면 미국의 금리정책과 관련한 몇 가지 시사점을 얻을 수 있다. 미국은 2023년 7월부터 계속 기준금리 연5.5%를 동결해오고 있다. 이 기간 소비자물가상승률은 3%대를 기록하고 있고 기대인플레이션율도 비슷한 수준이다. 실업률은 3%대 후반을 나타내면서 완전고용에 근접해 있다는 평가를 받는다. 비농업고용자수도 15만 명에서 23만 명 사이를 유지하면서 탄탄한 모습을 보이고 있다.  과거 금리를 내리기전 금리 정점에서 금리를 동결했던 기간의 평균 지표와 현재를 비교 해봐도 비슷한 얘기를 할 수있다. 1989년 금리 고점에서 금리를 동결한 기간은 2월부터 9월까지 7개월이다. 이 기간 중 소비자물가상승률은 평균 4.9%, 기대인플레이션율은 3.9%를 기록했다. 또 실업률은 5.2%, 비농업고용자증가수는 평균 15만1000명을 기록했다. 1995년 금리 고점에서 금리를 동결한 기간에는 물가상승률이 3%, 실업률은 5.6%였다. 이런 방식으로 각 시기의 평균 물가와 고용상황을 비교해보면 2023년 7월부터 10월까지는 소비자물가상승률은 평균 3.5%, 실업률은 3.8%를 기록하고 있다. 소비자물가상승률은 과거에 비해 높은 수준이고 실업률은 최저 수준이다. 특히비농업고용자수 증가는 최근 평균 21만2000명을 기록해 과거 어느 때보다 높다. 물가는 높고 고용은 과거 금리 인하 시점보다 훨씬 좋은상황인데 금리를 내릴 이유가 없다. 앞으로 미국 연준이 금리 인하에 들어가는 시점을 언제로 잡을까. 과거를 살펴보면 연준이 금리인하 결정을 할 때 물가 지표는 그리 중요하지 않을 것 같다. 과거 물가가 3%가 훌쩍 넘어도 금리를 내린 경험이 종종 있기 때문이다. 물가보다 더 중요한 지표는 고용이다. 미국의 실업률 3%대는 거의 완전고용 수준이다. 완전고용 수준에서 금리를 내려 경기를 부양한다는 것은 어불성설이다. 경기 침체로 실업률이 최소한 4%는 넘어야 금리 인하를 시작할 것으로 예상된다. 더 중요한 지표는 비농업고용자수 증가폭이다. 지금처럼 비농업고용자수 증가폭이 20만 명을 오르내리는데 금리를 내린 적은 없다. 보다 구체적으로는 15만 명 이하로 떨어져야 연준은 경기침체와 고용불안에 대한 경각심을 갖고 금리를 내릴 것으로 보인다. 다만 한 가지 변수는 미국 대선이다. 대선을 앞두고 정치 논리가 기승을 부린다면 경제지표와 무관하게 금리를 내릴 가능성은 여전히 남아있다. 특히 제롬 파월 연준의장이 정치적 압력에 취약한 인물이라는 점을 감안하면 그런 가능성이 갈수록 커질 수 있을 것으로 보인다. 미국은 2024년 11월 대통령 선거를 앞두고 있다. 아마 예상대로라면 조 바이든 현 대통령과 도널드 트럼프 전 대통령간의 한판 승부가 예상된다. 이 대선은 미국은 물론 전 세계가 주목하는 이벤트다. 트럼프 대통령은 벌써부터 “바이든 대통령이 고금리와 인플레이션으로 미국 국민을 도탄에 빠뜨렸다”고 비판하고 있다. 바이든 대통령 입장에서는 이런상황에서 경기가 침체에 빠진다면 트럼프와의 경쟁에서 이기기 어려운 상황이다. 금리를 낮춰 국민들의 부담을 줄여주고 경기를 살려 경제를활성화 하는 것이 어느 때보다 절실한 상황이다. 통화정책의 시차는 3분기가 지나야 비로소 효과를 발휘한다. 파월 의장은 ‘트럼프 트라우마’도 있다. 지난 2019년 금리를 올려야 할 시기에 트럼프 대통령의 압박에 못 이겨 금리를 낮춰 통화정책에 실기했다는 비판은 지금까지도 꼬리표처럼 따라 다닌다. 트럼프 대통령의 당선 가능성이 높아진다면 파월 의장에 대한 금리 인하 압박도 거세질 것으로 예상된다. [노영우 국제경제전문기자]  찐 재테크 정보 M+에서 만나세요 더 많은 재테크 기사와 돈되는 정보는 매일경제신문이 ‘내손안의 머니쇼’를 표방하며 만든 유료 플랫폼 매경엠플러스(www.money-plus.co.kr)에서 만날 수 있습니다.      [ⓒ 매일경제 & mk.co.kr, 무단 전재, 재배포 및 AI학습 이용 금지]"
180,4,"2024-01-02","06:00:00","""병증 유지되면 계약 전 알릴 의무 해당하지 않아"" 금감원, 보험 약관 개선·명확화","병증 악화 없는 정기검사·추적검진은 고지 안 해도 5년간 추가 진단·치료 없으면 부담보 해제 가능 할 수없는 경우 병리검사 없이도 암 진단 인정 형 확정 안 돼도 보험기간 중 발생한 실화는 보상    ⓒNews1 DB /사진=뉴스1    금융감독원 제공  [파이낸셜뉴스] 병증이 유지되는 상황에서 정기검사 및 추적검진을 하는 경우 보험 계약 전 알릴 의무에 해당하지 않는다는 점을 명확히 한다. 일부 간편심사보험의 경우 고지 의무 대상에서 제외돼 있던 '3개월 이내 질병 진단·의심 소견'을 포함시켜 실질적으로 보상받기 어려운 환자가 이를 알지 못하고 보험헤 가입하는 피해를 방지한다. 금융감독원은 이처럼 소비자 권익 보호 및 분쟁 예방 등을 위해 소비자에게 불리하거나 이해하기 어려운 보험 약관을 개선하겠다고 1일 밝혔다. 현행 대부분 보험상품은계약 전 알릴 의무 사항에 최근 1년 이내 추가검사(재검사) 여부가 포함돼 있으나 병증 변화나 특별한 치료 없이 정기적으로 받는 건강검진및 추적관찰이 추가검사에 해당되는지 여부에 대해 불분명한 측면이 있었다. 이에 개선안은 이 같은 정기검사 및 추적관찰은 고지 의무 대상이 아니라는 점을 확실하게 하도록 했다. 또 보험 기간 동안 5년간 추가 검사 또는 치료가 필요치 않았거나 병증이 악화되지 않고 유지된 경우 부담보 해제가 가능하다는 점도 명시한다. 기존 특정부위·질병 부담보를 조건으로 보험에 가입한 경우에도 5년간 추가진단 또는 치료 사실이 없을 경우 부담보가 해제돼야 하지만 정기적인 추적관찰만으로도 부담보 해제를 거부하는 사례 등을 개선한 것이다. 이차성암(전이암) 진단시점을 원발암 진단시점으로 보험회사가 자의적으로 판단하지 못하도록 원발부위 기준조항도 명확히 한다. 이를 통해 원발암이 완치됐지만 보험회사가 이차성암 진단시점을 원발암 진단시점으로 잘못 판단해 보험금을 부지급하는 사례를 막을 수 있다. 아울러 일부 약관이 갑상선암 진단 방법으로 미세침흡인 조직검사(FNAB)만을 규정하고 있는 오류를 교정해, 이와 함께 미세침흡인 세포검사(FNAC)도 반드시 포함되도록 약관을 개선한다.  암 진단확정 시점은 일반적으로 병리검사 결과보고 시점으로 판단하되, 병리진단이 불가능한경우 병리검사 없이도 암 진단이 인정될 수 있다는 명확한 설명을 추가한다. 또 간편심사보험은 '3개월 이내 질병 진단·의심 소견'을 고지 의무 사항에 필수적으로 포함해 실질적으로 보상받기 어려운 환자가 보험에 가입하는 피해도 방지한다. 기존에는 일부 간편심사보험이 '3개월 이내 질병 진단·의심소견'을 고지의무 대상에서 제외해 소비자 혼선이 있었다. 이와 함께 보험기간 중 실화 등이 발생했다면 보험기간 이후 벌금형이 확정되더라도 보상되도록 보험금 지급기준도 개선한다. 현행으로는 화재벌금 담보(특약) 보험금 지급사유가 '보험기간 중 벌금형 확정된 경우'로 제한돼 있었는데 대상을 확대한다. 마지막으로 유니버셜보험의 보험료 납입유예(또는 중도인출)관련 소비자 유의사항도 약관에 명확히 하고 소비자 안내도 충실히 이루어지도록 한다. 유니버셜보험에서 보험료 납입유예(또는 중도인출) 이후 최초 계약과 동일한 보장을 받기 위해서는 미납보험료(또는 인출금액)보다 더 많은 금액을 납입해야 할 수 있는데 이를 제대로 안내하지않았다는 소비자 불만을 반영해서다. 이번 보험약관 개선 내용 중 '계약전 알릴의무(고지의무) 사항의 추가검사 의미 명확화'에 대해서는 '보험업감독업무시행세칙'을 개정하고, 나머지 개별약관에 대해서는 생·손보헙회를 통해 보험회사가 오는 2024년 4월부터 자율적으로 보험약관을 개선토록 한다. 기존 약관을 명확히 한 개선내용은 이전 계약에 대해서도 동일하게 적용하도록 지도할 예정이다. 금감원은 ""앞으로도 소비자 오인 가능성 또는 분쟁 소지가 있는 보험약관을 지속적으로 발굴·개선하겠다""고 밝혔다. seung@fnnews.com 이승연 기자  [파이낸셜뉴스 주요뉴스]  → 100억대 위약금에 유서 쓴 이선균, 아내 전혜진에 남긴 말은... → ""혼전순결 강조하며 성관계 안한 남편, 알고 보니..."" 반전 사연 → 정대세의 폭탄 고백 ""아내와 결혼 10년 만에 이혼을..."" → 10살 연하와 결혼한 女배우 고백 ""남편이 계좌번호를..."" → 전남 광양 앞바다서 40대男 숨진 채 발견, 시신 살펴보니 → 빨간 나라로 가는 노란 티켓 [파인애플]  ▶▶[무료공개]◀◀ 지금 ""1,000만원""만 있어도 당장 ""이것""부터 사라!! >>> (무료 체험)    ※ 저작권자 ⓒ 파이낸셜뉴스. 무단 전재-재배포 금지 "
180,5,"2024-01-02","06:00:00","고지의무의 추가검사 의미 명확화…보험약관 개선해 소비자 보호","금융감독원은보험상품 감독과 분쟁처리 과정 등에서 확인된 소비자에게 불리하거나 이해하기 어려운 보험약관을 선정해 소비자 권익 보호 방안을 마련했다고 2일 밝혔다.  우선 계약전 알릴의무(고지의무) 사항의 추가검사 의미를 명확화한다. 현재는 대부분의 보험상품은 청약서상 계약전 알릴의무 사항에 최근 1년 이내에 추가검사(재검사) 여부가 포함돼 있다.  병증 변화나 특별한 치료 없이 정기적으로 받는 건강검진 및 추적관찰이 고지의무 대상인 추가검사에 해당되는지 여부가 불분명했다.  앞으로는 병증이 유지되고 있는 상태에서 시행하는 정기검사와 추적관찰은 추가검사에 해당하지 않음을 명확히 한다. 단, 청약서상 고지의무 대상인 질병 진단·의심소견 등을 알리지 않은 경우고지의무 위반에 해당될 수 있다.  부담보 약관의 부담보 해제 요건도 명확화한다. 현재는 전 보험기간 동안 특정부위·질병 부담보를 조건으로 보험에 가입한 경우에도 5년간 추가진단 또는 치료 사실이 없을 경우 부담보가 해제돼야 하지만, 피보험자가 병증 악화 또는 추가 치료 없이 정기적인 추적관찰만 했음에도 부담보 해제를 거부하는 사례가 있다.  이제는 5년간 추가검사 또는 치료가 필요치 않았거나 병증이 악화되지 않고 유지된 경우 부담보 해제가 가능함을 명확히 할 예정이다.  원발부위 기준조항의 암진단시점 등을 명확화한다. 현행은 원발암이 완치됐음에도 보험회사가 원발부위 기준조항을 근거로 이차성암(전이암) 진단시점을 원발암 진단시점으로 잘못 판단해 보험금을 부지급하는 사례가 발생하고 있다.  금감원은 이차성암 진단시점을 원발암 진단시점으로 보험회사가 자의적으로 판단하지못하도록 원발부위 기준조항을 명확화할 예정이다.  유니버셜보험 납입유예 등과 관련된 유의사항도 명시한다. 현재는 유니버셜보험에서 보험료 납입유예(또는 중도인출) 이후 최초 계약과 동일한 보장을 받기 위해서는 미납보험료(또는 인출금액)보다 더 많은 금액을 납입해야 할 수도 있는데, 이를 제대로 안내하지 않아 소비자 불만이 있었다.  앞으로는 유니버셜보험의 보험료 납입유예 관련 소비자 유의사항을 약관에 명확히 하고, 소비자 안내가 충실히 이뤄지게 할 계획이다.  금감원 관계자는 ""이번 보험약관 개선 내용 중 ‘계약전알릴의무(고지의무) 사항의 추가검사 의미 명확화’에 대해서는 보험업감독업무시행세칙을 개정할 예정""이라며 ""나머지 개별약관에 대해서는생·손보협회를 통해 보험회사가 자율적으로 보험약관을 개선토록 할 것""이라고 말했다.  서지연 기자(sjy@etoday.co.kr)  [오늘의 핫클릭]  ●‘통신 장애’ 취소 부산 광안리 드론쇼...1일 오후에야 진행 ●[내일날씨] 2일 전국 곳곳 눈?비...아침 최저기온 -2∼5도  ●투자에 강한 경제신문 '이투데이' 증권 뉴스 ●경영정보를 전달드리는 유료 뉴스 서비스 Channel 5  ●수익률 미쳤다. 따블계좌 속출! 1억이 절실한 분은 입장!! ●[실시간] 오늘의 주요 종목 뉴스 확인하기 ●[실시간] 오늘의 특징주 살펴보기        이투데이(www.etoday.co.kr), 무단전재 및 수집, 재배포금지  프리미엄 경제신문 이투데이  "
180,6,"2024-01-02","06:00:00","[친환경이 돈이다] ②육지 수소는 그레이, 제주도는 ‘그린’…탄소 없이 500㎞ 달린","“그린수소로 버스를 한번 충전하면 450~500㎞까지 달릴 수 있습니다. 버스 한대를 충전하는 데 드는 시간은 25분 정도입니다. 전기차보다 주행 거리가 길어요. 매연을 내뿜지 않고 물만 뚝뚝 흘리면서 달리기 때문에 친환경적이죠.”  제주도 조천읍 함덕리에 있는 그린수소 충전소에서 지난달 22일 오후 만난 제주에너지공사 관계자가 한 말이다.  이 설명을 제대로 이해하려면 수소가 여러 종류로 나눠진다는 것을 먼저 알아야 한다. 수소는 생산 방식에 따라 그레이·블루·그린으로 나뉜다. 그레이수소는 석유화학, 정유, 제철 공정에서 부산물로 나오는 부생수소나 천연가스로 만든다. 현재 생산되는 수소의 96% 이상이 이 그레이수소다. 수소 1㎏를 생산하는데 이산화탄소 10㎏를 배출한다. 블루수소는 그레이수소와 같은 방법으로 만들지만, 탄소 포집·활용·저장 기술(CCUS)로 수소 생산 과정에서 나오는 이산화탄소를 대기로 방출하지 않고 따로 저장한다. 이 방법으로 수소 1㎏을 생산하는 데 이산화탄소가 3~4㎏ 배출된다.  그린수소는 물(H₂O)을 전기분해해 수소(H₂)를 얻는 방법을 이용한다. 태양광이나 풍력 같은 신재생에너지로 만든 전기를 이용해 수소를 만들면 그린수소라고 부른다. 생산 과정에서 이산화탄소가 전혀 배출되지 않는다. 생산 단가가 높다는 단점이 있다.  제주도는 그린수소 등 생태계를 구축해 2030년까지 탄소 배출 없는 섬이 되겠다는 목표를 세웠다. 제주도 312번 버스는 전국 최초로 그린수소를 충전해 함덕리~한라수목원까지 29㎞ 구간을 달린다.  ◇'탄소 배출량 0′ 그린수소 충전한 버스 달린다   수소버스가 연료로 사용하는 그린수소는 제주도 구좌읍 행원리에서 만들어진다. 제주도는 행원리에 222억원을 들여 전력변환장치(PCS), 에너지저장장치(ESS), 알칼라인 수전해 시스템 등을 갖춘 그린수소 생산 단지를 구축했다. 이곳에서 만들어진 그린수소는 튜브 트레일러 차량에실려 충전소로 옮겨진다.  충전소에서는 그린수소를 200~900bar로 압축해 저장한다. ‘bar’는 압력의 단위로, 200bar라면 대기압의 200배를 의미한다. 수소는 부피가크기 때문에 연료로 사용하려면 고압으로 부피를 줄여야 한다.  충전소에는 그린수소 디스펜서(충전기)가 2대 있다. 이곳에서 그린수소를 1시간에 최대 100㎏ 충전할 수 있다. 수소버스 4대, 일반 수소차 20대를 채울 수 있는 수준이다.  충전 과정에서 사고가 발생하지 않도록 안전 장치도 갖췄다. 그린수소는 저온에서 충전되기 때문에 충전기 노즐이 수분에 얼어붙을 수 있는데, 디스펜서에서 질소가 나와 노즐이 얼지 않도록 한다. 충전소 천장에는 가스·불꽃(화염)·초음파 감지기가 설치됐다. 수소는 매우 가볍기때문에 누설되면 금방 천장으로 올라가고, 이 경우 화염과 초음파를 감지해 곧바로 설비 작동이 멈춘다. 제주에너지공사 관계자는 “그린수소는 순도가 낮으면 차량 결함이 발생할 수 있기 때문에 3개월에 한 번씩 순도 검사를 진행하며 99.99% 고순도를 유지한다”고 설명했다.    제주도 312번 버스 9대 중 1대는 이곳에서 그린수소를 충전해 지난해 10월부터 함덕리~한라수목원 29㎞ 노선을 달리고 있다. 수소가 연료이기 때문에 매연이 없고, 순수한 물만 배출된다. 제주도는 앞으로 그린수소로 운행할 버스 8대를 추가 도입할 예정이다.  ◇신재생에너지 과잉 생산되면 정전 위험…잉여 전력으로 그린수소 생산   제주도가 전국 최초로 그린수소 버스를 투입한 것은 섬이라는 지리적 환경과 관련이 있다. 제주도는 발전과 송배전, 판매 등 육지와 별도의완전한 전력계통 체계를 갖추고 있다. 부족한 전력은 일부 공급받는다.  제주도는 2012년부터 풍력과 태양광 등 신재생에너지 투자를 확대하고 있다. 제주 지역의 신재생에너지 발전 비율은 지난해 19.2%에 달한다. 그런데 풍력발전소는 바람이 불어야 가동되고, 태양광발전도 날이 맑은 낮 시간대에만 전력이 생산된다.  바람이 잘 부는 등 여건이 갖춰지면 전력이 과잉 생산되고, 이 경우 송배전망에 과부하가 걸려 광역 정전이 발생할 수 있다. 이런 사태를 막기 위해 강제로 신재생에너지 발전을 중단시키는 출력제어를 실시한다. 이 때문에 올해 1~5월에는 이틀에 한번 꼴로 풍력발전기가 멈췄다.  제주에서 전력이 과잉 생산되면 육지로 보내고 있지만, 출력제어를 해소하기에는 부족한 상황이다. 대안으로 떠오른 게 그린수소다. 잉여 전력을 물을 분해해 수소를 만드는 데 쓰고, 수소를 운송수단에 활용하면 화석연료 사용을 줄이는 효과도 있다.    제주도는 그린수소 생태계 구축에 나섰다. 일상 생활과 산업 현장에서 그린수소가 쓰이도록 하겠다는 것이다. 행원리 그린수소(3MW) 생산 시설 외에도 조천읍 북촌리에 그린수소(12.5MW) 생산 시설을 조성할 계획이다. 애월읍에는 올해 그린수소 2호 충전소를 만들 예정이다. 버스 300대, 청소차 200대, 트럭, 선박 등 공공과 민간 영역에서 그린수소를 점차 활용하며 수소 기업 20개를 유치하고 일자리를 창출하겠다는 게 제주도의 목표다.  그린수소 활용은 전 세계적으로 확대될 것으로 전망된다. 딜로이트는 그린수소를 포함한 세계 청정수소 경제 규모가 2030년 6420억달러(830조원)에서 2050년 1조4000억달러(1810조원)까지 성장할 것으로 전망했다. 2050년에는 그린수소가 전체 수소의 85%를 차지할 것이라는 게 딜로이트 예측이다.  제주=홍다영 기자 hdy@chosunbiz.com   Copyrights ⓒ ChosunBiz.com"
180,7,"2024-01-02","06:00:00","[大상속의 시대]① “‘계륵’ 같은 비상장주식…매각 전략 잘 짜야 상속세 줄인다”","700만명에 달하는 한국의 베이비붐 세대(1955~1963년생)가 지난해 모두 60대에 진입했다. 많은 베이비부머들은 가난한 유년시절을 보냈지만대한민국이 역대급 경제 성장을 이루던 시기 활발하게 경제 활동을 해 자산을 축적했다. 이들이 은퇴를 했거나 본격적으로 준비하기 시작하면서 대상속의 시대가 도래할 것이라는 전망이 나온다. 국내 주요 로펌은 상속 및 자산관리에 필요한 법률 자문을 해주는 전담 조직을 두고 있다. 소속 전문가에게 최근 상속, 자산 승계 트렌드와 원활하게 진행하기 위한 노하우를 들어본다. [편집자 주]    70대인 A씨는 자신이 보유하고 있는 한 기업의 비상장주식 처리 방안을 놓고 고심에 빠졌다. 비상장주식은 매각이 어려운 데다 정기적인 배당이 이뤄지지 않는 경우가 많다. 자신이 사망할 경우 자녀들이 비상장주식을 상속받게 될 텐데, 상속세를 얼마큼 낼지 가늠도 되지 않았다.  상장주식과 달리 비상장주식은 객관적인 가치를 찾기 어려워 ‘보충적 평가 방법’으로 가치를 산정한다. 1주당 순자산가치(자산평가액에서부채를 뺀 것)와 순손익가치(직전 3년간 순손익액의 가중평균액)를 2대 3 비율로 가중 평가하는 식이다. 가령, 1주당 1만원인 비상장주식이있고 1주당 순자산가치가 1만원, 순손익가치를 5만원이라고 한다면 1주당 평가액은 3만4000원이다. 실제로 이런 값에 거래될 수 있는지 관계없이 과세 편의를 위해 계산하는 것이다. 상속이 발생한 시점에 시장에서 10억원에도 팔리지 않는 주식이 가치 평가에 따라 수십억에서 100억원을 웃돌기도 한다.  조웅규 법무법인 바른 변호사(자산승계본부 본부장?사법연수원 41기)는 “비상장회사 소수 지분은 경영권 등 회사의 운영에 아무런 영향을 주지 못하고 주주에게 특별한 이익을 가져다주지 않지만, 거액의 상속세 과세 대상이 될 수 있다”고 말했다. 이어 “다수 지분을 가진 상대방에게 주식 매각을 제안하거나 주식을 기부할 수 있다”며 “경영권을 행사할 수 있는 주체에 비상장주식을 매각하면 자산을 현금화하는 동시에 상속세 부담도 줄어든다”고 설명했다.  자산관리와 자산승계에 대한 관심이 부쩍 높아지면서 법무법인 문을 두드리는 사람이 늘고 있다. 바른 역시 Estate Planning Center(EP센터) 를 통해 2022년부터 다양한 자산의 관리 방안과 승계 전략을 수립하는 업무를 진행하고 있다. 법적 전문성이 요구되는 영역인 만큼 법률전문가인 변호사를 비롯해 회계법인과 세무법인, 금융사 등과도 협업한다. A씨 역시 바른 EP센터 조언을 토대로 비상장주식을 다른 주주에게 팔면서 고민을 해결했다.  ◇ 법무법인 찾는 ‘젊은 자산가’, 절세 위해 해외로   바른 EP센터가 출범하기 전부터 조 변호사는 송무 업무 중 의뢰인 요청으로 상속에 대한 자문을 여러 차례 진행했다. 이 과정에서 A씨와 같이 자산가들의 고민이나 법률적 쟁점을 많이 듣게 됐고, 자산관리센터의 필요성을 느꼈다고 한다. 바른 EP센터가 출범한 계기로도 작용했다. 자산을 운용해 수익을 내는 은행이나 증권사와 달리 절세 방안부터 가시화된 법률 쟁점을 폭넓게 상담할 수 있다. 문제 해결책을 제시하기 위해 노석준 변호사(M&A), 정영훈 변호사(지식재산권) 등 각 분야 책임변호사도 합류했다. 조 변호사는 관련 논문을 매년 쓸 정도로 최신 동향과 학술정보에도 밝은 편이다.  긴 시간 자산관리 업무를 맡은 그에게 최근 동향을 묻자 ‘젊은 부자의 증가’라는 대답이 곧장 돌아왔다. 창업 후 지분을 매각해 큰돈을 벌거나 암호화폐나 주식, 부동산 등 투자로 쉽게 현금화할 수 있는 자산을 가진 젊은 부자가 하나의 맥을 형성하고 있다는 것. 과거에는 자산가들이 나이가 많아 자산승계에 뒤늦게 관심 가졌지만 젊은 부자들은 절세를 미리 준비한다는 특징이 있다고 했다. 자산을 해외로 이전시켜 과세에 유리한 방향을 찾으려는 경향도 많아졌다는 것이 그의 관점이다.  젊은 자산가들은 자산을 뒤로 숨기려고도 하지 않는다. 조 변호사는 “예전엔 자산을 익명화하고 어둠 속에서 승계한 사례가 많았지만 지금은 익명성을 유지할 수 없는 시대라 적법한 방식으로 절세를 도모하려고 한다”고 했다. 오늘날에는 익명성을 이용한 불법적인 탈세가 사실상불가능해져 젊은 자산가들은 ‘꼼수’ 대신 ‘묘책’을 찾고 있다.  그는 “투명하고 적법한 자산관리로 전환하는 추세로 절세는 하되 탈세하지 않는 방향으로 나아가고 있다”고 말했다. 이어 “젊은 부자들은해외로 나가려는 수요가 많은데 싱가포르처럼 세율이 좋은 나라로 자산이 이동하고 있다”며 “물가는 비싸지만 상속세와 증여세가 없고, 소득세도 합쳐서 20% 이상 내지 않는 싱가포르로 하나의 선택지가 됐다”고 설명했다.    ◇ “자산승계, 건강할 때 빠르게…가족 분쟁 막는 방법”  수많은 자산가의 자산 관리를 자문했던 조 변호사는 피상속인이 건강할 때 상속 설계를 해야 한다고 조언한다. 그는 “비상장회사 피상속인이 건강이 급격히 나빠져 법률행위를 할 수 없게 되는 사례가 꽤 있다”고 운을 뗐다. 상속 설계가 완료되지 않은 상태에서 피상속인의 건강상이유로 주식이 법정상속분에 따라 상속되면 상속세는 물론 기업을 승계할 사람의 경영권에도 문제가 생길 수 있다는 취지다.  조 변호사는 “상속세 부담과 경영권 분쟁 위험이 생길 수 있는 사안에서 EP센터는 주주총회 특별결의 등 적법한 절차를 거친 자본거래로 피상속인이 보유한 주식을 정리해 부담을 해소했다”며 “특히 기업 승계가 갖는 사회적 의미에 대해 공감대가 형성돼 창업주가 사망한 뒤 기업 승계과정에서 다양한 지원과 절세 전략을 마련할 수 있는 수 있게 됐다”고 설명했다.  꼭 기업과 지분을 둘러싼 사례만 있는 것은 아니다. 재산을 두고 가족 내에서 벌어지는 다툼도 많아지는 추세다. 주식이 아니더라도 부동산, 현금 등을 어떻게 처리할지 미리 고민하지 않으면 가족 간 반목이 벌어지기 십상이다. 대법원 ‘사법연감’에 따르면 ‘상속 재산의 분할에관한 처분’ 접수 건수는 ▲2016년 1233건 ▲2017년 1403건 ▲2018년 1710건 ▲2019년 1887건으로 매년 증가하는 추세다. 2020년 1444건으로다소 줄었지만 2021년 2379건으로 급등했고, 지난해 2776건을 기록했다.  조 변호사는 “전에는 어르신이 누구에게 뭘 준다고 정해두면 그대로 인정했는데 이제는 그렇지 않고 상속 분쟁으로 이어지는 경우가 증가하고 있다”며 “3억원 아파트가 10년만에 30억원으로 바뀌는 상황이니까 눈감고 넘어가기엔 큰 금액”이라고 설명했다. 자산 승계에 있어서 ‘유비무환’(有備無患)의 자세가 중요해지는 시대가 도래한 셈이다.  홍인석 기자 mystic@chosunbiz.com   Copyrights ⓒ ChosunBiz.com"
181,1,"2024-01-02","05:54:36","우크라이나의 젤렌스키, 러시아가 큰 손실을 입고 있다고 말하다","Ukraine's Zelenskiy says Russia is suffering major losses  1월 1일(로이터) - 볼로디미르 젤렌스키 대통령은 월요일 이코노미스트에 실린 인터뷰에서 러시아가 2년 가까이 지속된 전쟁에서 승리하고 있다는 생각은 '느낌'일 뿐이며 모스크바는 여전히 전장에서 막대한 손실을 입고 있다고 말했습니다.  젤렌스키는 또한러시아가 평화에 관심이 있다는 진정한 신호는 없으며, 러시아가 대화를 원한다는 징후는 러시아에 무기와 군인이 부족하다는 것을 의미한다고 말했습니다.  그는 이코노미스트와의 인터뷰에서 ""테러리스트 국가의 발자취만 보인다""고 말했습니다.  젤렌스키도 크림반도에서 러시아의 전력을 타격하는 것이 우크라이나 동부 도시를 방어하는 것과 마찬가지로 우크라이나에 대한 공격을 줄이는 데 중요하다고 말했습니다.     (Reporting by Ron Popeski and Oleksandr Kozhukhar; Editing by Lisa Shumaker)  Ronald.Popeski@thomsonreuters.com     (c) Copyright Thomson Reuters 2020. Click For Restrictions - https://agency.reuters.com/en/copyright.html        Keywords: UKRAINE-CRISIS/ZELENSKIY-ECONOMIST (URGENT)   원문 바로가기    DISCLAIMER  레피니티브의 사전, 서면 승인 없는 톰슨로이터 콘텐츠의 재생산이나 재배포는 금지되어 있습니다. 이 기사의 한국어 번역은 에프앤가이드가 사용하는 기계적 번역에 의한 것으로 톰슨로이터와 레피니티브는 번역의 정확성을 보증하지 않습니다."
181,2,"2024-01-02","05:52:00","""향후 2년 간 최강"" 삼성 선점한 'AI폰'…갤S24 신기능 뭐길래","[머니투데이 변휘 기자] 17일 언팩서 삼성의 첫 'AI폰' 공개…실시간 통역 등 생성AI 기능 대거 탑재   삼성전자의 갤럭시S24 시리즈가 조만간 베일을 벗는다.글로벌 스마트폰 제조사 중에선 공개적으로 'AI(인공지능) 스마트폰'을 선언한 첫 사례다. '갤럭시Z'로 폴더블폰 시장을 틀어쥔 것처럼 경쟁사 대비 두세발짝 먼저 먼저 'AI폰' 카테고리를 선점하겠다는 전략으로 풀이된다.   1일 통신업계에 따르면 삼성전자는 오는 17일(현지 시각) 미국 캘리포니아주 산호세에서 상반기 신제품 공개행사 '갤럭시 언팩'을열어 갤럭시 S24 시리즈를 공개한다. 해외 주요 IT(정보기술) 전문매체와 팁스터(정보유출자) 등에 따르면, 삼성전자는 이번주 글로벌 미디어에 '갤럭시S24 언팩' 초대장을 배포할 전망이다.        ━  ""갤럭시 AI가 온다""…AI폰 탑재될 신기능은  ━     지난달 21일 한 팁스터가 X를 통해 유출한 초대장 이미지에 따르면, ""Galaxy AI is coming(갤럭시 AI가 온다)"" 문구가 포함됐다. 삼성 스스로도 'AI 스마트폰' 출시를 기정사실화했다. 다니엘 아라우조 MX(모바일 경험) 사업부 상무는 작년 10월 컨퍼런스콜에서 ""스마트폰이 AI의 가장 중요한 액세스 포인트로, 고객이 매일 사용하는 핵심 기능에 생성형AI를 적용할 것""이라며 ""혁신적 경험은 내년부터 제공된다""고 말했다. 비슷한 시기 삼성은 유럽연합 지식재산청(EUIPO)과 영국 지식재산청(IPO)에 'AI 스마트폰'과 'AI폰' 상표 등록도 마쳤다.   갤럭시S24 시리즈는 '온디바이스 AI'와 클라우드 기반 AI를 모두 지원하는 '하이브리드(혼합) AI' 형태로 예상된다. 이를 위해 '두뇌'에 해당하는 AP(애플리케이션 프로세서)는 퀄컴의 '스냅드래곤8 3세대'와 삼성의 맞춤형 칩셋인 '엑시노스 2400'이 탑재된다. 스냅드래곤 8 3세대는 퀄컴 최초로 생성형AI 구동에 초점을 맞춰 설계됐고, 엑시노스 2400 역시 AI 연산을 지원하도록 설계된 차세대 모바일 AP다.   생성형AI를 활용한 새로운 기능도 대거 선보일 전망이다. 탑재될 모델로는 자체 개발한 '삼성 가우스'와 오픈AI의 'GPT-4', 구글의 '제미나이' 등이 꼽힌다. 새로운 OS(운영체제) '원UI 6.1'를 통해 잠금화면 이미지 생성·편집, 동영상 화질과 노출을 개선하거나 원치 않는 소음을 덜어내는 AI 편집 기능, 통화정보 등과 연계한 이메일 작성, 문서 편집, 개인 설정 개선 등이 제공될 것으로 예상된다.   작년 11월에는 삼성전자 뉴스룸을 통해 AI 갤럭시가 선보일 대표 기능 중 하나로 ' 실시간 통역'을 점찍었다. 삼성은 “서버를 거치지 않고 기기에 탑재된 AI가 직접 통역하는 만큼 별도 앱을 설치할 필요가 없어 편리하고 통화 내용이 클라우드 등 외부 서버로 새지 않아보안 측면에서도 뛰어나다”고 강조했다. S24 시리즈 탑재가 확실시된다.       ━  '가야할 길' AI폰…""향후 2년 간 삼성이 최강""  ━     삼성전자의 선제적인 'AI폰'전략은 글로벌 스마트폰 시장 경쟁 구도에도 시사하는 바가 상당하다. 온디바이스 AI는 향후 삼성뿐만 아니라 모든 스마트폰 브랜드가 뛰어들 수밖에 없는 전장이다. 이에 삼성은 앞서 '갤럭시 노트'로 대화면 스마트폰 시장을 열었듯, 또 '갤럭시Z'로 새로운 폼팩터 시장을 주도했던 것처럼 AI폰의 강력한 선두 플레이어로 나서겠다는 전략이다.   실제 폴더블폰 시장은 다양한 플레이어들이 난립하지만, 여전히 삼성의 입지가 독보적이다. 지난달 31일 시장조사업체 스트래티지 애널리틱스(SA)에 따르면, 작 3분기 삼성전자의 폴더블폰 글로벌 판매량은 약 504만3000대로 점유율은 무려 75.3%였다. 2019년 삼성이 세계 첫 폴더블폰 '갤럭시 폴드'를 내놓은 이후 화웨이·샤오미 등 중화권에 이어 구글까지 뛰어들었지만, 삼성의 입지에는 흔들림이 없다.   삼성이 AI 스마트폰 시장에서도 갤럭시S24를 통해 이 같은 선점 전략을 노린다는 게 업계의 관전평이다. 시장조사업체 카운터포인트리서치는새해 AI 탑재 스마트폰 출하량이 1억대를 넘길 것으로 예상하면서 ""삼성이 앞으로 2년간 거의 50%의 점유율을 차지할 것""으로 예상했다. 또 2027년에는 전체 스마트폰 출하량의 40％ 수준인 5억2200만대까지 AI 탑재 스마트폰의 영향력이 커질 것으로 내다봤다.   IT매체 샘모바일은 ""삼성은 북미·유럽 등 주요 시장에서 애플보다 항상 빠르게 신기술을 채택해 왔다. 아이폰보다 먼저 갤럭시에 5G를채택했고, 애플은 기미도 보이지 않는 폴더블폰 시장을 장악했다""면서 ""삼성의 신속한 AI 기능 활용은 애플의 충성고객을 끌어들일 기회""라고 평가했다.     [관련기사] ☞ 박민영 전 남친 논란에... ""내내 후회, 정신과 검사서 위험신호"" ☞ 서하얀, 남편 임창정 주가조작 논란 후 첫 SNS ""겨울 지나 봄"" ☞ 프로파일러 배상훈 ""시신 트라우마... 집에 칼 없고 가구 문 다 열어"" ☞ 故이선균협박녀 얼굴 공개됐다…""95년생 미혼모"" 신상공개한 유튜버 ☞ 가수는 갔지만 노래는 남아, 천국서 히트한 '내 눈물 모아'[뉴스속오늘]   변휘 기자 hynews@mt.co.kr     키워드림론 최대 4배 주식자금 & 고금리 대환상품 한도 오픈! (1644-6960)   [무료운세] 믿어야 돼 말아야 돼? 종목매수전에 믿고보는 '오늘의 운세'        [파워 인터뷰]       매수전에 점 부터 보고 가실께요 -> 오늘의 운세 [복채무료]      ⓒ 머니투데이 & mt.co.kr, 무단 전재 및 재배포 금지"
181,3,"2024-01-02","05:49:49","日서 ‘동일본 대지진’ 이후 7.6 규모 강진…한때 대형 쓰나미 경보","1.2ｍ이상 쓰나미 관측  “대형 쓰나미 경보, 2011년 동일본대지진 이후 처음”   ‘서있기 불가능’ 진도 7은 2018년 9월 후 처음   남쪽 반대편 도쿄서도 진동 감지  “원전 이상 없어” 발표   3만가구 정전·9만여명 피난…4명 사망·30여명 부상    지난 1일 오후 7.5 규모의 대지진이 일본 이시카와현 노토 지역을 강타하면서 시민들이 와지마시(市)의 한 거리로 대피한 후, 인도 한 가운데 발생한 큰 균열 옆에 서 있는 모습. [AFP]  [헤럴드경제=김영철 기자] 새해 첫날인 1일 일본에서 최대 규모 7.6의 강진이 발생하면서 한때 대형 쓰나미 경보까지 내려지는 등 피해가 속출했다. 이날 지진의 규모는 지난 2011년 3월 동일본대지진(규모 9.0)보다는 작지만 1995년 1월 한신대지진(7.3)보다 컸다.  일본 기상청에 따르면 이날 오후 4시6분께 일본 이시카와현 노토(能登) 반도 지역에서 규모 5.7의 지진을 시작으로 밤까지 주변 지역에서 수십차례의 지진이 관측됐다. 특히 오후 4시 10분께 발생한 지진은 규모가 최대 7.6에 달했다.  일본 기상청은 “진원은 이시카와현 와지마시 동북동쪽 30㎞ 부근으로 진원 깊이는 매우 얕은 편”이라고 설명했다.  일본 기상청은 이시카와현 노토 반도 지역에 대해 최고 높이5ｍ의 쓰나미 발생이 예상된다며 한때 ‘대형 쓰나미 경보’를 내렸다. 또 후쿠이·사도·도야마 현 등에도 ‘쓰나미 경보’를, 홋카이도와 돗토리현 등에는 ‘쓰나미 주의보’를 각각 내리는 등 동해쪽에 접한 일본 북부 연안에 쓰나미 경보와 주의보를 광범위하게 발령했다.  교도통신은 이 같은 대형 쓰나미 경보 발령은 2011년 3월 동일본 대지진 이후 처음이라고 전했다. 앞서 발령된 ‘대형 쓰나미 경보’는 오후 8시30분께 ‘쓰나미 경보’로 단계가 완화됐다. 현재까지 관측된 쓰나미 높이는 이시카와현 와지마항이 1.2ｍ를 넘는 수준이다.  이시카와현에서는 최대 진도 7의 흔들림도 감지됐다. 일본 기상청의 지진 등급인‘진도’는 절대 강도를 의미하는 규모와는 달리, 지진이 일어났을 때 해당 지역에 있는 사람의 느낌이나 주변 물체 등의 흔들림정도를 수치로 나타낸 상대적 개념이다. 진도는 사람이 흔들림을 감지하지 못하고 지진계에만 기록되는 ‘0’부터 서 있기가 불가능한 ‘7’까지 10단계로 나뉜다. 진도 7의 흔들림은 2018년 9월 홋카이도에서 발생한 지진 이후 처음이라고 NHK는 전했다.  이번 지진은 피해가 집중된 이시카와현에서 남쪽으로 반대편인 도쿄의 고층 빌딩 안에서도 흔들림이 느껴질 정도로 강했다.  일본 기상청은 앞으로 1주간, 특히 2∼3일은 최고 진도 7이상의 지진 발생 우려가 있으므로 계속 주의해달라고 당부했다.  일본 정부는 이번지진 발생 후 관저 위기관리 센터에 대책실을 설치했다. 기시다 후미오 총리는 피해자 구조 등 재해응급 대책에 만전을 기해줄 것을 지시했다.  일본 정부는 “현 시점에서 원전에 이상은 확인되지 않았다”고 밝혔다.  이번에 지진이 발생한 노토 반도는 지난 5 월에도 규모 6.5의 지진이 일어나는 등 최근 지진이 활발한 지역이다. 2007년 3월 규모 6.9의 지진이 일어났고, 2018년 소규모 지진 활동이확인된 후 2020년 12월부터는 규모 5가 넘는 지진이 연이어 발생했다.  NHK와 교도통신에 따르면 이날 지진으로 사이타마현과 니가타현을 잇는 조에쓰 신칸센 등의 운행이 중단되고 니가타 공항 등의 항공편도 결항됐다. 산사태나 도로 파괴 등으로 일부 도로의 통행도 중단됐다.  이시카와현에서는 약 3만2500가구에 정전도 발생했다. 니가타현과 이시카와현에서는 휴대전화 등 통신 서비스에도 장애가 발생했다.  교도통신은 후쿠이·돗토리·아키타·후쿠오카·사가현 등 9개현에서 9만7000여명의 주민에게 피난 지시가 내려졌다고 전했다.  이시카와현 소방당국에는 주택, 건물 파괴가 30여건 신고됐으며 화재도 발생한 것으로 전해졌다. 인명 피해로는 4명이 사망했으며 30여명이 다쳤다고 교도통신이 2일 이시카와현 당국을 인용해 보도했다. 아직 정확한 피해 내역이 집계되지는 않은 상황이다.  NHK는 “파괴된 가옥에 갇힌 피해 주민의 구조 요청 신고가 잇따르고 있다”고 전했다. 일본 정부 대변인인 하야시 요시마사 관방장관은 “지자체와 협력하면서 자위대 등과 함께 구조활동에 임하고 있다”고 전했다.        ▶ 무조건 오르는 비공개 급등종목 ""반드시"" 확인하기 >> 오늘의 추천종목 정보 제공 받기 <<    ▶ 급등 임박! 반드시 상승할 ""유망 종목 TOP3"" 실시간 시세 확인하기 >> 종목 무료로 받아보기 <<    ▶ 비트코인 와르르 大폭락에 OO테마주 들썩, 상위 1% TF팀 >> 선착순 100명 급등 종목 무료제공 <<     ▶ 내 계좌 '5억'만들기 프로젝트! VIP 서비스 5일 무.료.체.험 EVENT >>보유 종목 무료분석<<        ▶ 상위 1%의 급등주 정보, 선착순 100명에게 무료로 제공 중… >>초대형 대장주 비밀리에 입수<<       ▶ 단 돈 ""만 원"" 있어도 10배 이상 터질 종목 ""지금"" 사도 무조건 터진다 >> 매일 VIP 무료추천주 <<       ▶ 아무도 몰랐던 급상승 ""VIP 히든종목"" 분석자료 선착순 무료제공!! >>최상위종목 ""시세"" 확인하기<<"
181,4,"2024-01-02","05:46:06","美 LA 해안서도 규모 4.1 지진…“日 지진과 관련 없어”","“규모 7.6 지진은 규모 4.1 지진보다 10만배 더 커”   지난 1일 오후 일본 이시카와현 주민들이 지진으로 파괴된 도로 옆에 서 있다. [AFP]  [헤럴드경제=손미정 기자] 새해 아침 미국 로스앤젤레스(LA) 인근 해상에서 규모 4.1의 지진이 발생했다. 별다른 피해는 보고되지 않았지만, 약한 진동이 LA 일대 전역에서 감지되면서 현지 한인 등 주민들이 불안을 호소했다.  1일(현지시간) 미국 지질조사국(USGS)에 따르면 이날 오전 8시 27분 캘리포니아주 LA 카운티 서남부 랜초팰로스버디스에서 남쪽으로 19㎞ 떨어진 해상에서 규모 4.1의 지진이 발생했다. 진앙은 북위 33.58도, 서경 118.36도이며, 진원의 깊이는 11.3㎞다.  미 기상청(NWS)의 쓰나미 경고 시스템에 따르면 이 지진에 따른 쓰나미 경보는 발령되지 않았다. 지진에 따른 피해나 부상도 아직 보고되지 않은 상태다.  다만 흔들림은 LA 카운티 전역과 오렌지 카운티 일부 지역에서 약하게 감지됐다. USGS는 이 지진으로 LA 카운티와 오렌지 카운티의 약 1767만명이 ‘약한(2∼3등급)’ 진동을 느꼈을 것으로 추산했다. 3등급은 건물 실내에 있는 사람들이 분명히 느낄 수 있지만, 많은 사람이 그것을 지진이라고 인식하지는 못하는 정도의 진동이다.  지역 일간 LA타임스에 따르면 최근 3년간의 자료에 따르면 LA 일대에서는 규모 4.0∼5.0의 지진이 연평균 5차례 발생했다.  캘리포니아 남부에서 규모 4.0을 넘는 지진이 드물지는 않지만, 불과 몇 시간 전에 일본에서 규모 7.6의 강진이 발생해 대형 쓰나미 경보까지 내려지는 등 피해가 큰 가운데 LA 인근에서도 잇달아 지진이 발생하면서 현지 주민들은 평소보다 불안하다는 반응이었다.  LA에 거주하는 한인 동포 A씨는 “흔들림은 미세하게 느껴졌지만, 새해 첫날 아침부터 지진을 경험하니 올해 혹시 더 큰 지진이 오지 않을까 싶어 걱정됐다”며 “또 어제 일본에서 큰 지진이 있었다는 소식을 들어서 더 불안하다”고 말했다.  지진 전문가는 이번 LA 해안의 지진과 일본 지진과의 연관성은 없다고 진단했다.  미국의 지진학자 루시 존스 박사는 이날 소셜미디어 X(옛 트위터) 계정에 올린 글에서 “남부 캘리포니아 팰로스버디스 해안에서 발생한 규모 4.1의 지진은 일본 지진과 전혀 관련이 없다”며 “알려진 어떤 단층과도 가깝지 않다”고 설명했다.  이어 그는 “쓰나미에 관해 얘기하기에도 규모가 너무 작다”며 “일본의 규모 7.6 지진은 규모 4.1 지진보다 10만배 더 크다”고 덧붙였다.        ▶ 무조건 오르는 비공개 급등종목 ""반드시"" 확인하기 >> 오늘의 추천종목 정보 제공 받기 <<    ▶ 급등 임박! 반드시 상승할 ""유망 종목 TOP3"" 실시간 시세 확인하기 >> 종목 무료로 받아보기 <<    ▶ 비트코인 와르르 大폭락에 OO테마주 들썩, 상위 1% TF팀 >> 선착순 100명 급등 종목 무료제공 <<     ▶ 내 계좌 '5억'만들기 프로젝트! VIP 서비스 5일 무.료.체.험 EVENT >>보유 종목 무료분석<<        ▶ 상위 1%의 급등주 정보, 선착순 100명에게 무료로 제공 중… >>초대형 대장주 비밀리에 입수<<       ▶ 단 돈 ""만 원"" 있어도 10배 이상 터질 종목 ""지금"" 사도 무조건 터진다 >> 매일 VIP 무료추천주 <<       ▶ 아무도 몰랐던 급상승 ""VIP 히든종목"" 분석자료 선착순 무료제공!! >>최상위종목 ""시세"" 확인하기<<"
181,5,"2024-01-02","05:45:45","""내 딸 강남서 룸살롱…"" '이자 수익' 사기 196억 뜯어낸 60대 엄마","유흥거리. 사진은기사와 무관함.  [파이낸셜뉴스]  돈을 빌려주면 높은 이자 수익을 보장하겠다고 속여 11명의 투자자들로부터 196억원이 넘는 돈을 편취한 60대가 실형을 선고받았다.  2일 법조계에 따르면 서울서부지방법원 제12형사부(재판장 권성수)는 특정경제범죄 가중처벌 등에 관한 법률 위반(사기) 혐의로 기소된 60대 여성 A씨에게 징역 5년을 선고했다.  A씨는 “내 딸과 사위가 강남에서 유흥업소(룸살롱)를 운영하는데, 여종업원들에게 돈을 빌려주고 높은 이자를 받고 있다”며 “돈을 맡기면 그 돈을 여종업원들에게 빌려줘 원금과 10% 이자를 지급하겠다”고 피해자를 속였다. 또 다른 피해자에게는 “마담, 기업체 회장들에게 돈을 빌려주고 있다”며 역시 거짓말하기도 했다.  A씨는 또 “사채시장에 투자하는데 돈을 빌려주면 원금과 20%의 이자를 지급하겠다”고도 했다. 그러나 이는 모두 거짓말이었다. A씨의 딸은 유흥업소를 운영하지도 않았고 A씨 역시 사채시장에 투자를 한 적이 없던 것으로 드러났다.  이 같은 범행수법으로 A씨는 한 피해자로부터는 1269회에 걸쳐 총 90억7965만원을, 또 다른 피해자로부터는 1284회에 걸쳐 총 79억8600만원 건네받은 것으로 전해졌다.  그런가 하면 A씨는 지인 B씨에게 “내가 대기업을 대상으로 전문적으로 대부업을 하는데 수익이 상당하고 위험이 없다”며 “500만원을 넣으면 7~10일 내에 20만원씩, 700만원을 넣으면 7~10일 내에 30만원씩 수익금을 꼬박꼬박 주겠다”고 했다.  A씨는 B씨로 하여금 다른 피해자들에게도 같은 내용의 거짓말을 하게 했으며, 결국 피해자들로부터 각각 71회에 거쳐 3 억3700만원, 110회에 거쳐 5억4420만원을 뜯어내기도 했다.  A씨는 이런 비슷한 범행 수법으로 11명의 피해자들로부터 합계 196억원이 넘는 돈을 편취했다.   A씨는 또 사기 범행으로 징역형 등을 포함한 수차례의 전과가 이미 있었으며, 재판을 받던 중에도 범행을 반복한 것으로 알려졌다. 아울러 A씨는 기존 피해자들로부터 변제 독촉과 형사 고소하겠다는 말을 듣자 또 다른 이에게 접근해 돈을 빌려 갚는 식의 이른바 ‘돌려막기’로 피해자를 양산했다.  재판부는 “동종 범죄로 인한 누범기간 중이거나 같은 수법의 사기 범행으로 재판을 받고 있던 중에도 동일한 방법으로 범행을 계속 저질렀다는 점에서 그 비난가능성이 크다”고 양형 이유를 밝혔다.   hsg@fnnews.com 한승곤 기자  [파이낸셜뉴스 주요뉴스]  → 100억대 위약금에 유서 쓴 이선균, 아내 전혜진에 남긴 말은... → ""혼전순결 강조하며 성관계 안한남편, 알고 보니..."" 반전 사연 → 정대세의 폭탄 고백 ""아내와 결혼 10년 만에 이혼을..."" → 10살 연하와 결혼한 女배우 고백 ""남편이 계좌번호를..."" → 전남 광양 앞바다서 40대男 숨진 채 발견, 시신 살펴보니 → 한주간 지친 나에게 디저트로 [파인애플]  ▶▶[무료공개]◀◀ 지금 ""1,000만원""만 있어도 당장 ""이것""부터 사라!! >>> (무료 체험)    ※ 저작권자 ⓒ 파이낸셜뉴스. 무단 전재- 재배포 금지 "
181,6,"2024-01-02","05:45:00","[기자수첩]영자디, 청리자…국적불명 아파트명","[머니투데이 이소은 기자] 영자디, 이아자, 청리자…. 언뜻 MZ세대들의 신조어처럼 들리는 이 단어는 올해 서울에서 분양한 아파트 이름이다. '영등포자이디그니티' '이문아이파크자이' '청계리버뷰자이'를 실수요자들이 편하게 세글자로 줄여 부르고있다.   2010년 이후 지어진 아파트 단지명은 대부분 이렇게 동네 이름에 아파트 브랜드명, 단지 특성을 딴 펫네임을 조합한 형태다. 브랜드명과 펫네임이 대부분 외국어다보니 한글은 찾아보기 힘들다. 최근에는 외국어를 합성해 만든 완전 새로운 단어를 펫네임으로 쓰는 게 유행이다.   서울에서 가장 긴 단지명인 '디에이치 퍼스티어 아이파크'는 건설사 2곳의 브랜드명에 퍼스트(First)와 티어(Tier)의 합성어를 조합했다. 어원을 듣기전엔 뜻을 짐작하기도 힘들다. 거창하게 이름 붙였지만 시장에서는 정작 '개포 디퍼아'로 불린다. 사실 시장은 짧고 간결한 이름을 원하고 있기 때문이다.   실제 서울시가 작년 말 시민 1000명을 대상으로 한 설문조사에서 ""아파트 이름이 어려워 비슷해 집을 찾는 데 헷갈린 적이 있다""는 응답이 74%를 차지했다. ""외국어 이름이 어렵다""는 응답도 72.3%에 달했다.   서울시가 아파트명 개선작업에 나선 것도 이런 배경에서다. 시는 최근 아파트 이름을 짧고 쉽게 만들기 위한 가이드라인으로 '어려운 외국어·펫네임 사용 자제' '최대 10자 내외' 등의 권고사항을 제시했다.   하지만 아직도 갈길은 멀다. 시어머니가 며느리집 찾기 어렵게 하려 한다는 우스갯소리도 있지만 단지명이 길어진 가장 큰 이유는 집이 일반서민들이 가지고 있는 최대 자산이어서다. 내 전재산이 더 가치있어 보이길 바라는 욕심이 담겼다. 한 건설사 임원은 ""담당 사업장의 조합장이 단지명 개선 작업의 취지가 참 좋다고 하길래 우리 단지에도 적용하쟀더니 그건 곤란하다더라""고 상황을 전했다.   결국 짧고 간결한 아파트가 더 가치있어보일 수 있는 사회적 공감대가 형성돼야 한다. 이런 상황에 한 건설사가 선보인 신규 브랜드 광고 메시지는 반갑다. 펫네임 문화에 대한 화두를 던지며 화려하게 포장된 이름이 아닌 '주거의 가치에 집중한다'는 내용을 담았다. 최근 서울시 토론회에서 공동주택 명칭 동참 선언문에 사인을 한 건설사는 총 9곳이다. 그들의 다음 행보를 기다려본다.      [관련기사] ☞ 박민영 전 남친 논란에... ""내내 후회, 정신과 검사서 위험신호"" ☞ 서하얀, 남편 임창정 주가조작 논란 후 첫 SNS ""겨울 지나 봄"" ☞ 프로파일러 배상훈 ""시신 트라우마... 집에 칼 없고 가구 문 다 열어"" ☞ 故이선균협박녀 얼굴 공개됐다…""95년생 미혼모"" 신상공개한 유튜버 ☞ 가수는 갔지만 노래는 남아, 천국서 히트한 '내 눈물 모아'[뉴스속오늘]   이소은 기자 luckysso@mt.co.kr     키워드림론 최대 4배 주식자금 & 고금리 대환상품 한도 오픈! (1644-6960)   [무료운세] 믿어야 돼 말아야 돼? 종목매수전에 믿고보는 '오늘의 운세'        [파워 인터뷰]       매수전에 점 부터 보고 가실께요 -> 오늘의 운세 [복채무료]      ⓒ 머니투데이 & mt.co.kr, 무단 전재 및 재배포 금지"
181,7,"2024-01-02","05:43:59","‘세금 폭탄’ 맞은 부모들, 무슨 일?…서울 아파트 증여 비중 ‘뚝’","서울 11월말 기준 6181건 6년來 증여비중 최저 기록 증여세 과세기준 변경 영향   지난해 서울 아파트 증여 비중이 6년 만에 최저를 기록했다. 2022년 하락했던 부동산 가격이 지난해 다시 상승하며 증여세 부담이 늘어나자 증여 대신 매매 등으로 방향을돌린 경우가 많아진 것으로 풀이된다. 또한 증여 취득세 과세표준이 시가표준액에서 시가인정액으로 바뀐 것도 영향을 미친 것으로 보인다. 2일 한국부동산원이 공개한 거래원인별 아파트 거래 현황에 따르면 지난해 1월부터 11월까지 서울 아파트 증여거래 건수는 6181건으로, 전체 거래량(7만7917건)의 7.9%를 차지했다.이는 전년도 같은 기간의 거래 비중 12.7%에서 5%포인트 가까이 줄어든 것이면서 역시 1∼11월 기준으로 2017년(4.3%) 이후 6년 만에 가장 낮은 것이다. 서울 아파트 증여 비중이 감소한 것은 지난해 1월부터 증여 취득세 과세표준이 종전 시가표준액(공시가격)에서 시가인정액(매매사례가액·감정평가액·경매 및 공매 금액)으로 바뀌어 세 부담이 커진 영향으로 풀이된다. 전국적으로도 증여 거래는 크게 감소했다. 지난해 1∼11월 전국 아파트 증여 건수는 총 3만6704건으로, 전체 거래량(68만3045건)의 5.4%를 기록했다. 이는 2018년 4.8% 이후 5년 만에 가장 낮은 것이다. 경기도 아파트 증여 비중은 지난해 5.4%를 기록해 역시 2018년(4.1%) 이후 5년 만에 가장 낮았고, 인천은 5.5%로 2020년(4.8%) 이후 3년 만에 최저를 기록했다. 아파트를 비롯해 단독주택과 연립·다세대 등을 포함한주택 전체 증여 비중도 감소했다. 지난해 1∼11월 전국의 주택 증여 비중은 7.6%, 서울은 8.8%로 각각 전년(9.4%, 12.9%)보다 줄었다.   [ⓒ 매일경제 & mk.co.kr, 무단 전재, 재배포 및 AI학습 이용 금지]"
182,1,"2024-01-02","05:14:00","""좋은 곳에 써달라"" 광주 도산동 88세 할머니의 기부 [따뜻했슈]","사진 = 도산동 행정복지센터  [파이낸셜뉴스]  새해 첫날 어려운 이웃을 위한 온정의 손길이 이어져 사회에 감동을 주고 있다.  광주광역시 광산구 도산동 행정복지센터는 1일 도산동 자연부락 마을에 사는 나삼오(88) 할머니가 폐지를 수집해팔아 모은 돈 32만 원을 '투게더 광산 나눔문화재단'에 기부했다고 밝혔다.  나 할머니는 ""추운 겨울을 보내고 있을 어려운이웃들이 눈에 밟혔다""며 ""좋은 곳에 써달라"" 밝혔다. 나 할머니는 지난해부터 꾸준히 나눔 활동을 이어왔다고 한다.  또 도산동 주민 김연화 씨도 ""작은 힘이라도 보태고 싶다""며 현금 10만원을 같은 재단에 맡겼다.  아울러 익명의 기부도 이어졌다. 이름을 밝히지 않은 주민은 얼마 전 ""어려운 이웃을 위해 써달라""며 5만 원어치 동전과 1만 원권 지폐 3장 등 8만원을 도산동 행정복지센터에 기부하기도 했다.  또 다른 익명의 기부자도 ""어려운 이웃에게 전달해 달라""며 20㎏짜리 쌀 20포대를 놓고 갔다.   동 행정복지센터는 송정초교 학생과 학부모가 모은 라면 278봉지를 기탁받기도 했다. 행정복지센터는 이라면을 식사가 어려운 취약 계층에 지원할 계획이다.  한편 도산동 관계자는 ""자신보다 이웃을 먼저 생각하는 분들의 마음이곳곳에서 이어지고 있다. 따뜻한 나눔의 온기가 오래 지속되며 돌봄 이웃에게 힘이 되도록 동에서도 열심히 노력하겠다""고 말했다.   [따뜻했슈] 보고싶지 않는 뉴스가 넘쳐나는 세상, 마음 따뜻한 사람들의 이야기를 전합니다. ""토닥토닥, 그래도 살만해"" 작은 희망을 만나보세요.   hsg@fnnews.com 한승곤 기자  [파이낸셜뉴스 주요뉴스]  → 17살에 엄마가 된 여고생 ""절친과 남친을 바꿔서.."" 소름 → 지팡이 짚고 휠체어 탄 노홍철의 충격적인 근황 ""결국.."" → 100억대 위약금에 유서 쓴 이선균, 아내 전혜진에 남긴 말은... → 11년 만에 상업광고 찍은 이효리, 5개월 만에 수익이 무려.. → ""혼전순결 강조하며 성관계 안한 남편, 알고 보니..."" 반전사연 → 주식 말고 다른 재테크가 궁금해? [파인애플]  ▶▶[무료공개]◀◀ 지금 ""1,000만원""만 있어도 당장 ""이것""부터 사라!! >>> (무료 체험)    ※ 저작권자 ⓒ 파이낸셜뉴스. 무단 전재-재배포 금지 "
182,2,"2024-01-02","05:10:23","뉴스캐스트 - 우크라이나와 러시아, 서로의 공격을 비난하다","Newscasts - Ukraine, Russia accuse each other of attacks    Newscasts - Ukraine, Russia accuse each other of attacks    Click the following link to watch video: https://share.newscasts.refinitiv.com/link?entryId=1_y0adiulq&referenceId=tag:reuters.com,2024:newsml_RW921101012024RP1_K15&pageId=Newscasts                 (c) Copyright Thomson Reuters 2020. Click For Restrictions - https://agency.reuters.com/en/copyright.html   원문 바로가기    DISCLAIMER  레피니티브의 사전, 서면 승인 없는 톰슨로이터 콘텐츠의 재생산이나 재배포는 금지되어 있습니다. 이기사의 한국어 번역은 에프앤가이드가 사용하는 기계적 번역에 의한 것으로 톰슨로이터와 레피니티브는 번역의 정확성을 보증하지 않습니다."
182,3,"2024-01-02","05:10:00","""건설사 돈맥 뚫어 33만가구 조기 착공""","[머니투데이 이민하 기자, 이정혁 기자]   정부가 내년 주택공급 속도전에 나선다. 민간 건설사에 대한 전폭적인 지원을 통해 정체된 주택공급을 정상화한다는 계획이다. 건설사에 인·허가를 받은 뒤 자금 조달 등의 문제로 미착공 상태인 물량은 33만가구로 파악된다.   1일 국토교통부에 따르면 지난해 인허가를 받았으나 아직 착공하지 않은 '착공 대기 물량'은 33만가구 이상이다. 일반적으로 주택은 인허가 3~5년, 착공 2~3년 뒤 공급이 이뤄지기에 주택 인허가·착공은 주택 공급의 선행지표로 여겨진다. 착공 대기는 민간 건설사가 인허가받은 이후 건설경기, 프로젝트파이낸싱(PF) 자금조달 등 시장 상황에 따라 사업 추진시기를 조정한 물량이다.   실제로 인허가 이후 착공까지 소요 기간은 7~9개월에서 12개월 정도로 길어졌다. 본 PF(착공)로 전환 못 하는 사업장도 점차 누적되고 있다. 민간 착공 대기 물량은 2020년 23만8000가구에서 2021년 19만1000가구, 지난해 25만4000가구로 늘어난 뒤 올해 33만가구를 넘겼다. 같은 기간 미착공 물량 비중도 41.8%에서 63% 이상으로 증가했다.   국토부도 대기 물량의 조기 착공을 유도하고 있다. 민간의 '막힌 자금줄'을 뚫어 정체된 주택공급을 정상화한다는 방침이다. 박상우 국토교통부 장관은 최근 비상경제장관회의에서 ""최근 시장 불안이 업계 전반으로 확산하지 않도록 건설시장에 대해 면밀한 모니터링을 하고 있다""며 ""위험 요소가 확인되는 즉시 과감하고 선제적인 조치로 불필요한 시장 혼란을 막고 건설업계 부실화를 방지할 것""이라고 강조했다.   최근 태영건설의 워크아웃(기업구조개선작업) 신청 이후 다른 정상 사업장까지 금융 때문에 공급 차질이 발생하는 것을 막겠다는 것이다.   박 장관의 이 같은 발언은 앞서 발표한 주택 공급 활성화 방안의 연장선이다. 국토부는 지난해 10월부터 주택도시보증공사(HUG)와 한국주택금융공사(주금공)를 통해 부동산 PF 보증의 공적 보증 한도를 대폭 확대했다. 중도금대출 보증 책임 비율은 기존 90%에서 100%로 늘렸다. 사실상 금융권에서는 위험부담이 없는 셈이다. 침체한 건설업계에 자금을 수혈하기 위한 긴급 조치였다. HUG의 PF 보증 공급 목표는 15조원까지, 대출한도는 전체 사업비의 50%에서 70%로 늘렸다. 주금공 보증 규모도 5조원에서 10조원을 늘린 상태다.   또 PF 보증 요건도 대폭 완화해 보증 대상 사업장을 확대했다. PF 보증 심사기준 중 시공사 도급순위 기준을 폐지했다. 자기자본 선투입 요건도 기존 토지비의 10%에서 5~10% 선으로 조정했다. HUG 공적 보증을 확대하면서 PF 금리 같은 '그림자 요건'도 낮아지는 효과가 생겼다는 설명이다.   국토부 관계자는 ""PF 금리가 일률적으로 얼마만큼 내렸다고 하긴 어렵지만, 공적 기관의 보증을 기반으로 더 낮은 가격으로 대출할 여건이 마련됐다""고 설명했다.   정부는 내년 초 부동산 PF 관련 추가 조치를 검토하고 있는 것으로 알려졌다. 사업성에 따라 추가 보증을 제공하는 '옥석 가리기'(구조조정) 방식이 유력하다. 사업성이 떨어지거나 미분양 우려가 많은 사업장은 정부가 임대주택 사업장으로 전환하는 방식도 추진한다. 박장관은 ""금융당국 등 관계부처와 긴밀히 협력해 건설경기가 연착륙될 수 있도록 모든 노력을 다하겠다""고 밝힌 바 있다.     [관련기사] ☞ 박민영 전 남친 논란에... ""내내 후회, 정신과 검사서 위험신호"" ☞ 서하얀, 남편 임창정 주가조작 논란 후 첫 SNS ""겨울 지나 봄"" ☞ 프로파일러 배상훈 ""시신 트라우마... 집에 칼 없고 가구 문 다 열어"" ☞ 故이선균협박녀 얼굴 공개됐다…""95년생 미혼모"" 신상공개한 유튜버 ☞ 가수는 갔지만 노래는 남아, 천국서 히트한 '내 눈물 모아'[뉴스속오늘]   이민하 기자 minhari@mt.co.kr 이정혁 기자 utopia@mt.co.kr     키워드림론 최대 4배 주식자금 & 고금리 대환상품 한도 오픈! (1644-6960)   [무료운세] 믿어야 돼 말아야 돼? 종목매수전에 믿고보는 '오늘의 운세'        [파워 인터뷰]       매수전에 점 부터 보고 가실께요 -> 오늘의 운세 [복채무료]      ⓒ 머니투데이 & mt.co.kr, 무단 전재 및 재배포 금지"
182,4,"2024-01-02","05:08:02","미국 북서부 강 유량 최대 77% - NWRFC","US Northwest river runoff up to 77 pct - NWRFC  1월 1일(로이터) - 오리건주 컬럼비아 강에 있는댈러스 댐의 1월~7월 예상 강수량이 평소의 77%까지 상승했다고 미국 북서부 강예보센터(NWRFC)가 월요일 밝혔다.     이는 이전 예측치인 평소의 76%보다 증가한 수치입니다. 를 참조하세요.     2023년 물의 해에 1월부터 7월까지 더 댈러스에서 실제 유출량은 77%였습니다.     더 댈러스 댐은 컬럼비아 강에서 가장 마지막에 위치한 댐으로, 전력의 약 65%를 수력 발전 댐에서 공급받는 북서부 지역의 발전용 수량을 측정하는 핵심 지점입니다.     오리건주 포틀랜드에 본사를 둔 NWRFC는 미국 상무부 산하 국립해양대기청(NOAA)의 한 부서인 국립기상청(NWS)의산하기관입니다.     자세한 분석 내용은 북미 천연가스 부문 톰슨 로이터 애널리틱스(http://amers1.apps.cp.extranet.thomsonreuters.biz/cms/...) 및 북미 전력 부문 톰슨 로이터 애널리틱스(http://amers1.apps.cp.extranet.thomsonreuters.biz/cms/...)에서 확인할 수 있습니다.     다음 표는 2023년의 실제 유출량 대비 2024년 물의 해에대한 최신 NWRFC 예측을 백분율로 나타낸 것입니다. 물의 해는 10월 1일에 시작되었습니다.    US Northwest river runoff up to 77 pct - NWRFC  1월 1일(로이터) - 오리건주 컬럼비아 강에 있는댈러스 댐의 1월~7월 예상 강수량이 평소의 77%까지 상승했다고 미국 북서부 강예보센터(NWRFC)가 월요일 밝혔다.     이는 이전 예측치인 평소의 76%보다 증가한 수치입니다. 를 참조하세요.     2023년 물의 해에 1월부터 7월까지 더 댈러스에서 실제 유출량은 77%였습니다.     더 댈러스 댐은 컬럼비아 강에서 가장 마지막에 위치한 댐으로, 전력의 약 65%를 수력 발전 댐에서 공급받는 북서부 지역의 발전용 수량을 측정하는 핵심 지점입니다.     오리건주 포틀랜드에 본사를 둔 NWRFC는 미국 상무부 산하 국립해양대기청(NOAA)의 한 부서인 국립기상청(NWS)의산하기관입니다.     자세한 분석 내용은 북미 천연가스 부문 톰슨 로이터 애널리틱스(http://amers1.apps.cp.extranet.thomsonreuters.biz/cms/...) 및 북미 전력 부문 톰슨 로이터 애널리틱스(http://amers1.apps.cp.extranet.thomsonreuters.biz/cms/...)에서 확인할 수 있습니다.     다음 표는 2023년의 실제 유출량 대비 2024년 물의 해에대한 최신 NWRFC 예측을 백분율로 나타낸 것입니다. 물의 해는 10월 1일에 시작되었습니다.                         2024 2024 2023                        1월 1일 12월 31일 Pvs 연도                      예측 예측 실제              퍼센트 퍼센트 퍼센트콜럼비아 강운모, BC  Jan-Jul 78 79 85  Apr-Sep 77 78 85애로우 레이크스, BC  Jan-Jul 81 83 82  4-9월 78 79 83그랜드 쿨리, WA  1-7월 76 77 76  4-9월 77 76 79록 아일랜드, WA  1-7월 76 76 76  4-9월 75 76 78더 댈러스, OR  1-7월 77 76 774-9월 77 77 83     스네이크 리버 로우어 그래니트, 워싱턴    1월~7월 76 77 85  4월~9월 78 78 96        ((북미 파워 데스크: 뉴욕 +1 332 219 1922))        키워드: utilities-nwrfc/      원문 바로가기    DISCLAIMER  레피니티브의 사전, 서면 승인 없는 톰슨로이터 콘텐츠의 재생산이나 재배포는 금지되어 있습니다. 이 기사의 한국어 번역은 에프앤가이드가 사용하는 기계적 번역에 의한 것으로 톰슨로이터와 레피니티브는번역의 정확성을 보증하지 않습니다."
182,5,"2024-01-02","05:02:00","“엑소더스 타이완”…대만 반도체 산업의 세 가지 시나리오 [글로벌 선거의 해]","② 아시아 화약고 대만, 선거의 해 문 연다 중국의 대만 침공 가능성에 전전긍긍 현상유지·중국 TSMC 확보·미국의 대만 반도체 파괴 등 3가지 시나리오 유력 총통 선거, 이들 시나리오 현실화 기점 될 수도       주요 외신과 국제안보전문가집단 모두 친미성향 집권당이나 친중성향 야권후보 당선과 무관하게 중국의 대만 침공 가능성을 매우 높게 보고 있다. 대만을 먹여 살리고있는 반도체 업계는 이런 리스크 속에서 총통 선거 결과가 어떤 영향을 미칠지 촉각을 곤두세우고 있다. 결국 대만 반도체 산업 입장에서는‘좋거나 나쁜 것’ 가운데 하나를 선택하는 게 아닌, ‘더 나쁘거나 덜 나쁜 것’ 가운데 하나를 골라야 할 형국인 셈이다.  미국공군대학의 교수이자 국제안보전문가인 자레드 맥키니 박사는 대만 반도체 산업과 관련해 3가지 시나리오를 전망했다. 동시에 사안에 따른 대안이 절실하다고 강조했다.  맥키니 교수는 닛케이아시아 기고문에서 “대만을 대표하는 반도체 기업 TSMC의 가치는 전략적 환경에따라 크게 달라진다”며 “세 가지 시나리오를 고려해야 한다”고 설명했다.  첫 번째 시나리오는 당분간 현재 상황의 유지다.   가장 긍정적이지만 ‘중국의 대만 침공’ 가능성이 리스크로 남는다. 이는 곧 중장기전략 수립에 있어서 걸림돌이기도 하다. 친중성향이 강한 야권후보가 총통선거에서 승리하더라도 ‘대만 정권의 평화적 존속’은 불가능하기 때문이다  두 번째는 대만을 침공한 중국이 TSMC 핵심 설비를 거머쥐는 시나리오다. 이 경우 글로벌 반도체 산업은 대대적인 지각변동이 불가피하다. TSMC가 지닌 수많은 반도체 핵심기술, 특히 ‘극자외선 리소그래피(EUV)’ 설비 등을 중국이 확보하게 된다.   다만 중국이 반도체 핵심기술을 확보해도 서방의 경제제재 탓에 글로벌 반도체 공급망은 붕괴할 가능성이 크다. 수요폭발과 공급 부족 등의 악순환이 반복되는 셈이다.   이를 해결하기위해 중국은 대규모 투자와 독자적 칩 제조 능력을 업그레이드할 것으로 관측된다. ‘치킨 게임’을 반복해가며 경쟁기업을 짓누를 것이라는전망도 설득력을 얻고 있다.  다만 ‘세계의 공장’으로 불려온 중국에 대한 경제 제재가 장기화할 경우 세계 경제 역시 위태로울 수밖에 없다. 결국, 초기 혼란을 거치는 과정에서 중국이 독자적인 반도체 강국으로 거듭날 수 있다. 이 시장에서 중국이 급부상하면 글로벌 반도체 산업은 ‘다극화 시대’로 진입하게 된다.  마지막은 대만 또는 미국에 의해 TSMC 핵심 설비가 파괴되는 시나리오다. 전략 산업의 주도권을 중국에 넘겨주지 않겠다는 미국과 대만의 처연함이 담긴 전망이다.  이 경우 중국은 당분간 EUV 기술을 포함해 반도체핵심 기술 확보가 불가능해진다. 첨단 반도체를 대량 생산할 능력이 없는 상태에서 심각한 경제 제재 속에 휩싸이면 장기적인 경기침체가 이어질 것이라는 관측도 나온다. 세 가지 시나리오 가운데 가장 악재다. 중국 공산당은 정치적으로 대만 침공의 당위성을 확보할지언정, 막대한 경제적 손해를 감수해야 하는 셈이다.   새해 대만 총통선거는 이 세 가지 시나리오 가운데 하나를 앞당기거나 뒤로 미룰 수 있는기점이 될 것으로 관측된다. 선거결과와 관계없이 TSMC가 지정학적 리스크에서 벗어날 수 있는 일본이나 남아시아 등으로 핵심 생산설비를 이전하는 것도 이 때문이다.   맥키니 교수는 “중국이 정치적 논리를 앞세워 대만을 침공하게 되면 이보다 큰 경제적 피해를 감수해야 할 것”이라며 “만약 침공을 한다면 이 과정에서 중국은 미래를 잃을 수도 있다”고 우려했다.  이에 따른 대안도 제시했다. 그는“대만은 ‘중국이 우리를 침공해도 TSMC의 핵심기술과 반도체 장비에는 접근할 수 없다’라는 점을 지속해서 강조해야 한다”라며 “미국은국가적 이익을 위해 중국과 대만 모두 ‘윈-윈’할 수 있도록 중재자로서 이들의 미래를 보장해야 한다”고 분석했다.  김준형 기자(junior@etoday.co.kr)  [오늘의 핫클릭]  ●‘통신 장애’ 취소 부산 광안리 드론쇼...1일 오후에야 진행 ●[내일날씨] 2일 전국 곳곳 눈?비...아침 최저기온 -2∼5도  ●투자에 강한 경제신문 '이투데이' 증권 뉴스 ●경영정보를 전달드리는 유료 뉴스 서비스 Channel 5  ●수익률 미쳤다. 따블계좌 속출! 1억이 절실한 분은 입장!! ●[실시간] 오늘의 주요 종목 뉴스 확인하기 ●[실시간] 오늘의 특징주 살펴보기        이투데이(www.etoday.co.kr), 무단전재 및 수집, 재배포금지  프리미엄 경제신문 이투데이  "
182,6,"2024-01-02","05:01:00","반중친미로 무장 대만 집권당…중국 침공 불안도 고조 [글로벌 선거의 해]","② 아시아 화약고 대만, 선거의 해 문 연다 집권당 소속 라이칭더 지지율 1위 친중 야당 허우유이 2위 맹추격 집권당 승리 시 중국 갈등 격화 전망 “중국, 대만 봉쇄 시 글로벌 GDP 첫해에만 2.7조 달러 감소”     새해 벽두부터 치러질 13 일 대만 총통 선거는 어느 때보다 전 세계 관심을 받고 있다. 중국의 대만 침공 가능성이 거론되는 상황에서 집권 민주진보당(민진당)이 반중·친미 후보로 선거에 나서면서 전쟁 공포도 한층 고조되고 있다.  현재 대만 내 차기 총통으로 가장 유력한 후보는 민진당의 라이칭더다. 현 부총통인 라이 후보는 지난해 웬만한 여론조사에서 지지율 30%대를 기록하며 1위를 휩쓸었다. 그는 대만 독립을 지지하는 친미 인사로, 2022년 고(故) 아베 신조 일본 총리 장례식에 부총통 자격으로 참석하는 등 중국을 겨냥한 대내외 활동에 적극적이다. 당시 대만 최고위급 인사의 방일은 50년 만에 처음이었다.   러닝메이트인 부총통 후보는 샤오메이친 주미 타이베이경제문화대표처(TECRO) 대표다. 주미 대사 격인 TECRO 대표를 역임해온 샤오 후보 역시 대만 독립을 지지하는 친미 성향의 인물이다. 그는 대만이 미국과 군사·외교 관계를 강화하던 2020년 7월 TECRO 대표로 취임했다. 내년 선거에서 승리하면 역대 두 번째 여성 부총통이 된다.  친중·중도 성향의 야당은여당에 맞서기 위해 분주하다. 이번 선거는 라이 후보와 함께 지지율 2위와 3위를 기록 중인 허우유이 국민당 후보와 커원저 민중당 후보의삼파전이다. 친중 성향의 국민당과 중도 성향의 민중당이 단일화에 실패하면서 선거 승리 계획에 차질이 생겼지만, 민진당의 재집권을 막는다는 목적만큼은 유효하다. 양당은 현재 내각제까지 거론하며 협력 방안을 모색하고 있다. 지지율 4위로 세간의 주목을 받았던 폭스콘 창업자궈타이밍은 한때 야당 단일화의 열쇠를 쥔 인물로 평가됐지만, 단일화가 무산되면서 끝내 후보 등록을 포기했다.  대만에선 중국의선거 개입을 경계하는 목소리도 나온다. 대만 중국 담당 기구인 대륙위원회는 지난해 11월 보고서에서 “대만 선거일이 다가오자 중국 공산당은 본토에 본사를 둔 대만 기업에 대한 세무 조사와 대만 농산물 수입 등을 정치화하고 조작함으로써 선거 간섭을 강화했다”며 “이들의 행동에는 경제적 강압을 통해 대만 선거를 방해하려는 정치적 의도가 분명히 담겨 있다”고 지적했다.  최근에는 중국 당국자들이 노골적으로 야당을 지지하고 나섰다. 천빈화 중국 국무원 대만사무판공실 대변인은 지난해 11월 말 한 브리핑에서 “라이칭더와 샤오메이친은 분리주의자”라며 “대만 독립은 전쟁을 의미한다는 점을 강조하고 싶다”고 말했다. 이어 “본토와 대화할 것”이라고 말한 샤오 후보의 발언을 가리켜 “그저 표를 얻기 위한 속임수일 뿐”이라고 일축했다. 그러면서 “중국은 국민당 등 대만 정당을 비롯해 단체, 각계인사들과 상호 신뢰를 공고히 하고 협력을 강화하길 바란다”고 꼬집었다.  로이터통신은 지난달 소식통을 인용해 중국 정부가 대만 정치인 수백명의 자국 여행을 지원했다고 폭로했다. 소식통은 “대만 보안당국이 최근 한 달 새 400건 넘는 여행 일정을 조사하고 있다”며 “당국은 숙박과 교통, 식비에 할인이 적용된 여행이 중국 대만사무국 산하 부서로부터 보조금을 받아 진행된 것으로 보고 있다”고 설명했다. 이에 관해 대만 검찰은 “정치인을 비롯해 22명을 상대로 선거법과 국가보안법 위반 가능성을 조사 중”이라고 밝혔다.  중국의 이 같은 노력에도 민진당이 재집권한다면 중국의 대만 침공에 대한 불안은 한층 고조될 것으로 보인다. 자칫 우크라이나·이스라엘 전쟁에 이어 제삼의 전쟁이 일어날 수 있다는 긴장감도 돈다. 워싱턴포스트(WP)는 “이번 선거는 누가 전쟁 위험 완화에 가장 적합할지에 관한 유권자들의 판단에달렸다”며 “대만 전문가들은 대만 민주주의 역사상 가장 분열된 선거 중 하나가 될 것으로 예상한다”고 전했다.  반도체 산업을중심으로 한 대만 경제도 관심사다. 대만의 지난해 3분기 국내총생산(GDP) 증가율은 2.32%에 그치며 시장 전망치를 밑돌았다. 2022년 4분기와 지난해 1분기의 연속 마이너스 성장에서는 벗어났지만, 큰 폭의 반등에는 애를 먹고 있다. 앞으로는 더 험난하다. 글로벌 통계 플랫폼 스태티스타는 새해 대만 GDP 증가율이 0.84%에 그칠 것으로 전망했다.  민진당은 재집권 시 지속적인 경제성장을 약속하며 대중을 안심시키려 하고 있다. 라이 후보는 지난달 대만 기업인들과 만난 자리에서 “2016년 5월 차이잉원 총통이 취임한 후 7년 동안 대만 GDP는 연평균 3.4% 증가했다”며 “내가 당선되면 대만 경제를 평균 3.5% 이상 성장하도록 노력할 것”이라고 약속했다.  다만 대만 매체 포커스타이완은 “라이 후보는 불안정한 지정학적 변화 속에서 어떻게 3.5%에 도달할지 설명하지 않았다”며 “대만 경제는 최근 심각한 수출 위축과민간투자 부진에 시달리고 있다”고 지적했다.  중국이 대만을 봉쇄한다면 세계 경제가 신종 코로나바이러스 감염증(코로나19) 팬데믹(전염병 대유행) 때보다 더 악화할 수 있다는 분석도 제기됐다. 호주 싱크탱크 경제평화연구소(IEP)는 ‘2023년 세계평화지수’ 보고서에서 “중국이 대만 봉쇄를 감행하면 첫해에만 세계 GDP가 2조7000억 달러(약 3500조 원) 감소할 것”이라며 “무역에 크게 의존하는 대만 경제에도 중대한 영향을 미칠 것”이라고 경고했다.  고대영 기자(kodae0@etoday.co.kr)  [오늘의 핫클릭]  ●‘통신 장애’ 취소 부산 광안리 드론쇼...1일 오후에야 진행 ●[ 내일날씨] 2일 전국 곳곳 눈?비...아침 최저기온 -2∼5도  ●투자에 강한 경제신문 '이투데이' 증권 뉴스 ●경영정보를 전달드리는 유료 뉴스 서비스 Channel 5  ●수익률 미쳤다. 따블계좌 속출! 1억이 절실한 분은 입장!! ●[ 실시간] 오늘의 주요 종목 뉴스 확인하기 ●[실시간] 오늘의 특징주 살펴보기        이투데이(www.etoday.co.kr), 무단전재 및수집, 재배포금지  프리미엄 경제신문 이투데이  "
182,7,"2024-01-02","05:00:41","[새해 아침] 황금빛 햇살이 빛나는 누리에서","별의 순간 안왔다고 낙담하지 말자 혹한과 굶주림 견뎌내는 생명체들 그것은 삶에 충실하란 숭고한 명령 … 거센 물길 거슬러 오르는 연어처럼 우리 앞 난관을 힘차게 헤쳐나가자   새해 첫 날 눈을 떴을 때 어제와 다름없건만 그 느낌은 특별하다. 아아, 새해구나! 머리는 맑고, 가슴은 따뜻하다. 설렘과 기대감으로 심장이 빨리 뛴다. 새해 첫 날 정갈한 옷으로 갈아입고, 정성스럽게 차린 밥상을 받았다면 당신은 운 좋은 사람이다. 푸른 댓잎이 휘청이며 댓잎에 얹혔던 눈가루를 공중에 흩뿌린다. 그걸 신호로 눈 속을 휘저으며 풀씨를 찾던 텃새들이 공중으로 날아오른다. 당신에게 별의 순간이 오지 않았다고 낙담하거나 투덜거리지는 말자. 가장 큰 바다는 항해하지 않았고, 가장 멋진 춤도 추지 못했다. 아직은 새해 첫 날 아닌가!    자기 직분에 충실한 이들 아름다워   생명의 숭고한여정에서 하루하루를 헛되이 흘려보내지 않고, 자기 직분에 충실한 사람들은 아름답다. 부모들은 자식에게 올바른 본을 보이고 생업에 열중하라. 교사들은 성심을 다해 가르치고, 빵을 굽는 사람들은 반죽을 빚고 그것을 굽는 일에 정성을 다하자. 노래하는 이들은 무대에서 노래를 부르고, 축구 선수라면 허벅지 근육을 키우고 공 다루는 기술을 연마하라. 대장장이는 모루 위에 달군 쇠를 올리고 힘껏 두드리고, 청소미화원이라면 거리를 깨끗하게 쓸고, 의사라면 병상에 누운 이들의 고통에 공감하며 더 친절하게 대하라.   산 아래 집 짓고 살던 시절, 한겨울이면 주린 산짐승들이 먹잇감을 찾아 인가까지 내려왔다. 새벽에는 너구리나 족제비가 집까지 내려왔다가 돌아가며 눈길에 찍어놓은 발자국을 볼 수 있었다. 길고양이들은 혹한에도 제 몸의 온기를 지켜 살아남고, 알뿌리들은 얼어 죽지 않고 봄마다 새싹을 피워 올린다. 지구의생명체들이 혹한과 굶주림을 이기고 살아남는 일은 놀라운 일이다. 느닷없는 시련으로 너무 많은 것을 잃었더라도 당신은 부디 살아 있어라! 살아남는 것이야말로 우리가 내세울 단 하나의 공훈이다.   내가 극제비갈매기를 머릿속에 떠올린 건 우연이 아니다. 무게가 125그램밖에 되지 않는 새인데, 먼 거리를 이동하는 것으로 유명하다. 이들은 그린란드에서 봄여름을 나며 짝짓기를 하고 가을에는 월동지를 찾아 남극으로 향한다. 이들의 평생 이동 거리는 무려 240만 킬로미터에 이른다. 벌새는 몸통이 가볍고 작은 새다. 벌새는 머리에서 꽁지까지 길이가 5센티미터를 넘지 않는다. 벌새는 공중에 떠 있기 위해 날갯짓을 1초에 아흔 번이나 한다. 저를 부양하는 먹잇감을 구하기 위해 최선을 다하는 것이다. 사람이든 동물이든 자연 생태계에서 최선을 다해야만 하는 것은 생명의 숭고한 명령이다.   낯설고 이름없는 것에 축복을 빌자   안녕하신가, 어제의 슬픔이여. 안녕하신가, 나의 미래여. 미래는 오늘 안에 숨 쉰다. 200년 전 한 시인은 “마음은 미래에 사는 법/현재는 항상 어두운 법”이라고 노래했다. 어리숙한 이들은 미래가 저 멀리서 오고 있다고, 미래의 행복을 유예하며 오늘의 불행을 견뎌야 한다고 말한다. 하지만 미래는 미지의 형태로 우리 안에 도착해 있는 것을!   새해첫 아침에 벗들에게 이런 시를 선물로 들려주고 싶다. “내일부터는 행복한 사람이 되겠습니다/말에게 먹이를 주거나 장작을 패거나 세상을돌아다니겠습니다/내일부터는 양식과 채소에 관심을 기울이겠습니다.”(하이즈, ‘바다를 마주하고 따듯한 봄날에 꽃이 피네’)   새해에는 나를 해한 사람을 해하지 않고, 나를 동정한 사람을 동정하지 않게 하소서. 그리고 오늘밤은 병실에서, 감옥에서, 외딴 산골에서 외롭게 지내는 사람을 생각하자. 살다보면 불행과 고통에 속수무책으로 노출되고, 삶의 음지에서 엎드려 신음할 때도 있다.   이것은삶의 피할 수 없는 측면이다. 죽거나 포기하지 말고 버티고 살아내자. 우리가 곤경에 처했을 때 위로의 말과 응원의 말들은 얼마나 힘이 되었던가! 우리는 모든 강줄기 모든 산봉우리들에게 이름을 지어주고, 낯선 이들의 앞날에 축복을 빌어주자. 이름없는 것들에게 이름을 지어줄 때 이름을 받은 것들은 의미의 존재로 거듭나고, 낯선 이들에게 빌어준 축복의 말은 결국 우리에게로 돌아온다.    작은 진실 몇 개가 생을 빛나게 해   사는 데 거창한 진리 따위는 필요 없다. 어쩌면 그것은 거추장스러운 잉여에 지나지 않을지도 모른다. 작은 진실 몇 개만으로도 생은 충만할 수 있다. 진리를 구하겠다고 미치광이처럼 헤매거나 진을 빼지는 말자. 목마름을 해갈하는 데는 바다가 아니라 깨끗한 물 한 잔이면 된다.   먼저 내 발이 자랄 때마다 새 신발을 사주신 어머니 아버지 감사하자. 당신의 피와 살을 떼어 주신 어머니와 내 신체에 영혼을 불어넣어주신 아버지께 고개를 숙이자. 지난해 싸운 이들은 이제 오해를 풀고 화해를 하자.   이 순간 묵은해는 망각 속에 묻고, 우리 앞에 와 있는 오늘을 힘차게 헤쳐 나아가자. 우리가 지고 있는 무거운 짐은 내려놓고 얼굴을 마주 보며 “당신이 이 티끌세상에서 행복하길 바랍니다”라고 속삭이자. 거센 물길을 거슬러 오르는 연어처럼 살자. 당신과 나는 꽃 피는 따뜻한 봄날에 바다를 바라보며 웃자.  장석주 시인, 인문학 저술가 기자(opinion@etoday.co.kr)  [오늘의 핫클릭]  ●‘통신 장애’ 취소 부산 광안리 드론쇼...1일 오후에야 진행 ●[내일날씨] 2일 전국 곳곳 눈?비...아침 최저기온 -2∼5도  ●투자에 강한 경제신문 '이투데이' 증권 뉴스 ●경영정보를 전달드리는 유료 뉴스 서비스 Channel 5  ●수익률 미쳤다. 따블계좌 속출! 1억이 절실한 분은 입장!! ●[실시간] 오늘의 주요 종목 뉴스 확인하기 ●[실시간] 오늘의 특징주 살펴보기        이투데이(www.etoday.co.kr), 무단전재 및 수집, 재배포금지  프리미엄 경제신문 이투데이  "
183,1,"2024-01-02","05:00:00","[사설]北도발, 대공수사 공백…안보 믿을 수 있나","2024년 신년운세 토정비결 사주 확인!  새해 한반도 정세가 요동치고 있다. 김정은 북한 국무위원장은 지난 30일 노동당전원회의에서 남북관계를 “적대적인 두 국가, 전쟁 중에 있는 교전국”으로 규정하고 대남 노선의 근본적인 방향 전환을 선언했다. “북남은 더이상 동족 관계가 아니다”라며 “강 대 강, 대미 투쟁 원칙과 고압적·공세적 초강경 정책”을 공언했다. 북한의 위협이 어제오늘 일은아니지만, 신년 정책 방향을 결정하는 자리에서 적대적 언사의 수위를 최고조로 높였다는 점에서 향후 한반도 정세의 엄중함이 읽힌다.   북한의 핵·미사일 위협은 지난해 최고조에 달했다. 5차례나 대륙간탄도미사일(ICBM)을 쏘아 올렸고, 2차례 실패 끝에 군사정찰위성 발사에도 성공했다. 핵무력 고도화를 북한 헌법에 명시하고 핵 선제 사용을 법제화하는 등 핵 타격을 위한 모든 준비를 마친 상태다. 북한의 9·19 군사합의 전면폐기 선언 이후 남북관계가 더욱 경색된 상황에서 단순 공갈이 아닌 실제 행동을 통한 위기 조성 가능성을 배제할 수 없다. 4월 총선과 11월 미국 대선 등 주요 정치일정을 겨냥해 도발할 공산이 크다.   안보 불안이 고조되고 있지만 우리의 대응태세는 오히려뒷걸음질치고 있다. 새해부터 대공 수사권이 국가정보원에서 경찰로 이관됐지만 수사 역량과 인력은 턱없이 미흡하다. 신설되는 경찰 내 안보수사단은 수장부터 대공수사 경험이 없고 간부 80여명 중 절반가량이 안보 수사 경력 3년 미만의 초보다. 오랜 기간 노하우가 필요한 간첩수사와 방첩활동에 순환보직원칙을 적용하는 경찰이 제대로 대응할 수 있을지 또한 의문이다.  윤석열 대통령이 1일 신년사에서 밝혔듯북한의 오판을 줄이기 위해 군사적으로 압도적 대응 역량을 과시하는 건 필수적 과제다. 그 못지않게 중요한 건 내부에 암약하는 간첩을 적발해 안보공백을 빈틈없이 메우는 일이다. 국정원의 대공수사권 폐지는 문재인 정부의 무책임한 처사였지만 윤 정부로서도 방관만 할 수는 없다. 안보경찰에 대한 질적 양적 보강을 서두르고 국정원과의 협업 체계가 실효성있게 작동할 수 있도록 해야 한다. 국정원의 대공 수사권을 부활하거나 국정원과 경찰의 대공 수사 인력을 합쳐 별도의 안보수사청을 만드는 것도 대안이 될 수 있다.     ▶▶[무료공개] ◀◀ 지금 ""1,000만원""만 있어도 당장 ""이것""부터 사라!! >>> (무료체험)  [AI분석] 이번주 급등주 찾기!! ""500만원으로 20억"" 버는 종목 공개!! ▶무료로 확인가능◀     ＜ⓒ종합 경제정보 미디어 이데일리 - 무단전재 & 재배포 금지＞    "
183,2,"2024-01-02","05:00:00","[사설]성범죄 의사 800명 육박... 대책, 있기는 한가","2024년 신년운세 토정비결 사주 확인!  성범죄로 검거된 의사가 5년간 800명에 육박했다는 충격적 통계가 나왔다. 국회 보건복지위원회 소속 남인순 의원이 경찰청에서 받은 자료다. 이에 따르면 2018년부터 2022년까지 5년간 의사(한의사·치과의사 포함) 793명이성범죄를 저질러 검거됐다. 성범죄를 저지르는 의사가 이렇게 많다니 개탄을 넘어 분노가 치밀 지경이다. 여기엔 병원 밖 성범죄도 포함됐지만 대부분 병원 안 성범죄다.   그 가운데 강간과 강제추행으로 검거된 의사가 689명(86.9%)으로 가장 많았고, 이어 불법촬영 80명(10.1%), 통신매체 이용 음란행위 19명(2.4%), 성적 목적 공공장소 침입 5명(0.6%) 순이었다. 강간과 강제추행에는 동료 의사나 간호사를 상대로한 경우도 있지만 환자를 상대로 한 경우가 훨씬 더 많았던 것으로 보인다. 지난해 8월 약물에 취해 운전하다 행인을 치어 숨지게 한 ‘압구정 롤스로이스 사건’의 범인 운전자를 진료한 의사 염모씨가 대표적 사례다. 염씨는 다른 환자 여성 10여명을 수면마취 상태로 만든 뒤 은밀한 신체부위를 촬영하거나 성적 추행을 저지른 사실이 수사 과정에서 드러났다.  검거된 경우는 전체 의사 성범죄 가운데 일부일 개연성이 높다. 환자가 마취된 상태에서는 자신이 성범죄의 대상이 된 것을 인지할 수 없을 뿐더러 의심이 들어도 사실 입증이 어려워 법적 대응이 불가능한 경우가 많다. 늦었지만 의료법 관련 조항 개정으로 지난해 9월부터 전신마취나 수면마취로 의식이 없는 환자를 수술하는 의료기관에는 수술실 내 CCTV 설치가 의무화됐다. 하지만 촬영은 환자나 보호자가 수술 전에 요청한 경우에 한정되고, 영상의 최소 보관의무 기간도 한 달에 불과하다. 게다가 영상 열람과 제공이 환자와 수술 참여 의료인 전원이 동의한 경우에만 가능해 활용도가 낮다.  이래서야 환자가 의사를 믿고 안심하고 몸을 맡기기 어렵다. 경찰과 검찰은 의사 성범죄를 비롯한 의료기관 내 불법행위에 대한 수사 전문성을 높이고 단속을 강화할 필요가 있다. 의료단체들은 단체들대로 직업윤리 제고를 위한 자정 노력에 박차를 가해야 한다. 의료인에 의한 환자 인권 침해요소를 제거하고 국민 신뢰를 높이는 일에 의사들 스스로가 협조하길 바란다.     ▶▶[무료공개]◀◀ 지금 ""1,000만원""만 있어도 당장 ""이것""부터 사라!! >>> (무료체험)  [AI분석] 이번주 급등주 찾기!! ""500만원으로 20억"" 버는 종목 공개!! ▶무료로 확인가능◀     ＜ⓒ종합 경제정보 미디어 이데일리 - 무단전재 & 재배포 금지＞    "
183,3,"2024-01-02","04:55:19","이스라엘 대법, 네타냐후의 '사법부 무력화' 핵심 입법 무효화(종합)","이스라엘 대법, 네타냐후의 '사법부 무력화' 핵심 입법 무효화(종합) 연정 주요인사·여당 강력 반발…야권은 환영       (카이로=연합뉴스) 김상훈 특파원 = 이스라엘 대법원이 베냐민 네타냐후 총리 주도의 현 우파 정부가 추진한 사법부 무력화 관련 핵심 입법을 무효로 했다고 일간 하레츠 등 현지 언론이 1일(현지시간) 보도했다.      이스라엘 대법원은 이날 대법관 15인이 전원 참여한 가운데 지난해 7월 크네세트(의회)가 가결한 '사법부에 관한 개정 기본법'을 무효화처리했다.      15명의 대법관 가운데 8명이 기본법 무효화에 찬성했고, 7명은 반대했다.      대법원은 성명을 통해 ""이번 결정은 문제의 입법이 민주주의 국가인 이스라엘의 기본 성격을 심각하게 훼손한다고 판단한 데 따른 것""이라고 설명했다.      대법원이 무효로 한 기본법은 합리적인 범위를 벗어난다고 판단되는 장관 임명 등 행정부의 주요 정책 결정을 이스라엘 최고 법원인 대법원이 사법심사를 통해 뒤집을 수 없도록 한 법이다.      이는 네타냐후가 주도하는 강경 우파 정부가 추진해온 사법부 무력화 입법의 핵심으로 여겨진다.      네타냐후 총리는 국민에 의해 선출된 권력인 행정부의 결정을 일반 공무원인 법관이 무효로 하는 행위가 민주주의에 반하는 것이라고 주장해왔다.      반면 야권과 시민사회는 이 법을 포함한 네타냐후 정부의 '사법 정비' 입법이 부도덕하고 자격 없는 총리 측근의 정부 요직 임명을 위한길을 여는 것이라고 비판하면서, 전례 없는 규모의 반정부 시위를 벌였다.      실제로 네타냐후 총리는 지난 2022년 12월 취임 직후 탈세 혐의로 처벌받은 전력이 있는 연정 핵심 파트너인 아리예 데리 초정통파 유대교 성향의 샤스당 대표를 내무 및 보건부 장관으로 임명했다.      그러나 이스라엘 대법원은 데리 대표에게 결격 사유가 있다며 19일 만에 그의 장관 임명을 무효로 했다.      이스라엘 여당과 연정 측은 대법원의 결정에 강력히 반발했다.      사법부 무력화 법안의 설계자인 야리브 레반 법무부 장관은 ""민주주의 국가에서 힘의 균형을 위해 분리된 모든 권한을 법관들이 독점하려 한다""며 ""이는 수백만 시민의 목소리를 빼앗는 것""이라고 말했다.      네타냐후 총리가 대표로 있는 집권 리쿠드당은 이날 대법원의 결정이 전쟁 중인 이스라엘 국민의 단합을 저해한다고 비판했다.      반면 야권은 대법원의 결정을 환영했다.      야권 지도자인 야이르 라피드 전 총리는 ""지난 1년간 이스라엘을 분열시킨 역사상 최악의 재앙을 매듭지었다""고 평가했다.      전쟁 개시 후 정부에 대한 지지 차원에서 전시 내각에 참여한 국가통합당의 베니 간츠 대표는 ""전쟁 직전 우리는 극단적인 분열을 겪었고 증오를 품었다""며 ""우리는 대법원의 결정을 존중해야 하며, 이번 논쟁으로부터 교훈을 얻어야 한다""고 강조했다.      meolakim@yna.co.kr   (끝)     <저작권자(c) 연합뉴스, 무단 전재-재배포 금지>"
183,4,"2024-01-02","04:49:24","이스라엘군 ""가자지구 전투 다양한 형태·강도로 지속될 것""","이스라엘군 ""가자지구 전투 다양한 형태·강도로 지속될 것""       (카이로=연합뉴스) 김상훈 특파원 = 하마스 소탕을 위한 가자지구 전쟁을 고강도 전면전에서 저강도 장기전으로 전환하고 있는 이스라엘군이 다양한 형태와 강도로 전투를 이어갈 예정이라고 타임스오브이스라엘 등 현지 언론이 1일(현지시간) 보도했다.      가자지구 전쟁을 주도하는 이스라엘군 남부군 사령관인 야론 핀켈만 소장은 이날 가자시티 다라즈 지역을 방문해 ""가자지구 전투는 다양한 방식, 다양한 강도, 다양한 형식으로 계속될 것""이라고 말했다.      핀켈만 소장은 이어 ""전투 방식의 변화는 적들의 이스라엘군 식별 등을 어렵게 할 것""이라고 부연했다.      그는 또 ""우리는 이곳을 포함한 가자지구 전역에서 하마스를 계속 타격할 것""이라고 덧붙였다.      앞서 이스라엘군은 가자지구에 투입했던 병력 가운데 5개 여단을 전장에서 빼기로 했다고 밝혔다.      가자지구에서 훈련 업무를 담당했던 3개 여단 병력은 본대로 돌아가 평시 임무를 수행하고, 예비군 부대 병력은 산업현장으로 돌아간다.     또 일부 병력은 레바논 무장정파 헤즈볼라의 위협이 갈수록 커지는 북부 국경지대에 배치될 예정이다.      이와 관련, 미국 정부 당국자는 ""이는 우리(미국)가 장려해온 대로, 가자지구 북부에서 저강도 작전으로 점진적으로 전환하기 위한 출발점으로 보인다""며 ""가자지구에서 이스라엘군의 하마스 무장해제 작전 성공을 반영하는 것""이라고 평가했다.      한편, 요아브 갈란트 이스라엘 국방부 장관은 지난해 10월 7일 하마스의 기습공격 이후 대피했던 가자지구 인근 남부지역 주민들 가운데일부가 조만간 생활 근거지로 돌아갈 수 있다고 밝혔다.      갈란트 장관은 이날 영상 브리핑을 통해 ""가자지구 분리 장벽으로부터 4∼7㎞ 이내에 거주했던 주민들은 곧 집으로 돌아갈 수 있을 것""이라고 말했다.      meolakim@yna.co.kr  (끝)     <저작권자(c) 연합뉴스, 무단 전재-재배포 금지>"
183,5,"2024-01-02","04:41:46","러시아 드론이 우크라이나 민족주의자들과 연계된 사이트를 공격했습니다.","Russian drones hit sites linked to Ukrainian nationalists   우크라이나 리비우, 1월 1일 (로이터) - 러시아 드론이 월요일에 20세기 우크라이나 국가 정체성의 가장 저명한 수호자 두 명과 관련된 대학과 박물관을 공격하여 현지인들이 피해를 복구하겠다고 다짐했습니다.  우크라이나 서부 도시 리비우 외곽에 있는 국립농업대학의 창문과 지붕 대부분이 깨졌고, 우크라이나에서는 영웅이지만 크렘린궁에서는 악당으로 불리는 스테판 반데라가 공부하던 곳이기도 합니다.  반데라의 115번째 생일이 되는 날에 맞춰 진행되었습니다.  두 번째는 로마 슈케비치를 기리는인근 박물관을 황폐화시켰습니다.  두 사람 모두 소련 통치에 대한 민족주의적 저항의 핵심 인물로, 2차 세계대전에서 소련군과 싸운 우크라이나 반란군(UPA)과 관련이 있습니다.  ""이곳은 스테판 반데라가 수업을 들었던 건물입니다. 반데라를 기리는 기념 명판과 동상도있어요.""라고 82세의 소피아 즈도로비크는 사람들이 주변 잔해를 치우면서 말했습니다.  ""우리나라에서 수년 동안 벌어지고 있는 모든일들 때문에 그들(러시아)이 기분이 좋아질까요? 그들은 땅이 충분하지 않나요? 천연 자원? 그들에게 필요한 것은 무엇일까요?""  안드리 사도비 리비우 시장은 박물관에 대한 파업을 상징적인 행동이라고 설명했습니다. ""우리는 승리한 후 박물관을 복원할 것입니다.""라고 그는말했습니다.  역사 기록에 따르면 반데라는 1944년까지 10만 명으로 늘어난 UPA와 관련된 단체에서 가장 저명한 인물이었으며, 1950년대 중반까지 모스크바의 통치에 맞서 계속 싸웠습니다. 슈케비치는 UPA의 최고 사령관이었습니다.  모스크바는 2022년 2월 우크라이나를 '탈나치화'하기 위해 우크라이나를 침공했다는 주장을 뒷받침하기 위해 여전히 반데라의 이름을 들먹이며, 일부 민족주의자들이 처음에는 러시아와의 전투에서 독일군에 협력했지만 나중에 나치와도 싸웠다는 사실을 지적하고 있습니다.  ""반데라라는 이름만 들어도 그들(러시아인)은 겁을 먹습니다. 분노와 증오를 불러일으킵니다.""라고 리비우 국립농업대학의 바실 라푸쉬니악 총장은 말합니다. ""그들은 이것으로 우리를 겁주지 않았습니다. 그것은 우리를 다시 한 번 단결시키고 우리의 힘을 보여줬을 뿐입니다.""  ""우크라이나의 영웅""이라는 영예는 소비에트 시대 이후 두 사람에게 수여되었습니다. UPA 소속 병사들은 소련 적군 병사들과 함께 ""참전 용사""로 선포되었습니다.  민족주의 군대의 활동은 두 차례의 세계 대전 사이에 폴란드가 통치하던 우크라이나 서부 볼린 지역에서 수만 명의 폴란드 민족을 학살했다는 의혹으로인해 오랫동안 흐려져 왔습니다.  폴란드와 우크라이나는 이들의 죽음을 기리고 두 이웃 국가 간의 화해를 위한 조치를 취했습니다.     (Reporting by Andriy Perun, writing by Ron Popeski, editing by Andrew Heavens)  Ronald.Popeski@thomsonreuters.com     (c) Copyright Thomson Reuters 2020. Click For Restrictions - https://agency.reuters.com/en/copyright.html        Keywords: UKRAINE-CRISIS/NATIONALISTS (TV)   원문 바로가기    DISCLAIMER  레피니티브의 사전, 서면 승인 없는 톰슨로이터 콘텐츠의 재생산이나 재배포는 금지되어 있습니다. 이 기사의 한국어 번역은 에프앤가이드가 사용하는 기계적 번역에 의한 것으로 톰슨로이터와 레피니티브는 번역의 정확성을 보증하지 않습니다."
183,6,"2024-01-02","04:40:00","""중년여성 찾습니다"" 화장실 '대변 테러' 당한 자영업자 분통","부산 서면 매장 화장실에 분변을 묻힌 사진. (사진=‘아프니까 사장이다’ 캡처)  [파이낸셜뉴스]  가게 화장실에 ‘대변 테러’를 한 중년 여성을 찾는다는 자영업자의 사연이 알려졌다.  지난 12월 31일 자영업자 커뮤니티 ‘아프니까 사장이다’에는 ‘서면 똥 테러 당했습니다’라는 제목의 게시글이 올라왔다.  부산 서면에서 근무하고 있는 A씨는 “살다 살다 어이없는 일을 당했다”며 개방 화장실의 벽과 바닥에 가득한 인분 사진을 공개했다.  A 씨에 따르면, 지난 12월 30일 그가 근무하는 매장에 아빠, 엄마, 아들로 추측되는 가족이 방문했다고 한다. A씨는 평소 매장을 이용하지 않는 손님에도 화장실을 개방하고 있었다고 한다.  그러다 가족 중 어머니로 보이는 이가 화장실을 이용했다. A씨는 이 여성이 나온 후 화장실에 들어갔고, 벽과 바닥에 분변이 가득 묻은 것을 발견했다고 한다.  A씨는 “여성에 화장실 쓰셨냐고 묻자 아무렇지도 않게 ‘화장실 쓴 적 없다’며 뻔뻔하게 머리 묶고 옷 정돈하고 나갔다”며 “당연히 물건은 구매하신 적도 없다”고 황당해했다.  이어 “양이 어마어마하다. 옆 화장실로도 많은 양이 넘어갔다”며 “천천히 들어가서 대변을 보는데 어떻게 하면 벽 중간부분에 전부 묻어서 흘러내렸느냐”고 분통을 터뜨렸다.  A 씨는 또 “너무 화가 난다. 도저히 치울 엄두가 안 나서 사장님께 치워달라고 급히 연락드렸다. 4시간 동안 그 상태 그대로 말라버리고 악취는 진동을 하고 사장님은 말라버린 변을 치우느라 두 배로 힘들어하셨다”라고 전했다.  해당 가게를 운영하는 또 다른 자영업자도 “너무 속상하다. (범인을 잡아서) 꼭 가져가라고 주고 싶다”며 “증거물이라 일부는 채취해서 보관 중이다”고 전했다.  현재 매장 측은 화장실을 사용한 여성으로 영업에 지장이 생겨 그를 경찰에 신고한 상태다.      hsg@fnnews.com 한승곤 기자  [파이낸셜뉴스 주요뉴스]  → 17살에 엄마가 된 여고생 ""절친과 남친을 바꿔서.."" 소름 → 지팡이 짚고 휠체어 탄 노홍철의 충격적인 근황 ""결국.."" → 100억대 위약금에 유서 쓴 이선균, 아내 전혜진에 남긴 말은... → 11년 만에 상업광고 찍은 이효리, 5개월 만에 수익이 무려.. → ""혼전순결 강조하며 성관계 안한 남편, 알고 보니..."" 반전 사연 → '주린이'가 먹어야 할 과일은? [파인애플]  ▶▶[무료공개]◀◀ 지금 ""1,000만원""만 있어도 당장 ""이것""부터 사라!! >>> (무료 체험)    ※ 저작권자 ⓒ 파이낸셜뉴스. 무단 전재-재배포 금지 "
183,7,"2024-01-02","04:30:00","이낙연 신당 견제 행보?…이재명, 오늘 문재인 전 대통령 예방","[머니투데이 오문영 기자] [the300]   이재명 더불어민주당 대표가 2일 문재인 전 대통령을 예방한다. 이낙연 전 국무총리의 신당 창당이 가시화한 상황에서 정통성을 재확인받고 당내 단합을 강조하려는 행보로 풀이된다.   민주당에 따르면 이 대표는 이날 경남 양산 평산마을을 찾아 문 전 대통령과 오찬을 함께할 예정이다. 두 사람이 마지막으로 만난 것은 문 전 대통령이 지난해 9월19일 병상 단식 중이던 이 대표를 문병했던 때다. 이 대표의 평산마을 방문은 지난해 5월 이후 7개월여 만이다.   당 안팎에서는 이 전 총리의 탈당 및 신당 창당이 초읽기에 들어간 가운데 이뤄지는 이번 만남에 관례적인 신년 인사 이상의 의미가 있다는해석이 나온다. 전직 대통령과 만나 당의 정통성이 '이재명 지도부'에 있음을 부각하고, 범야권에 지지를 호소해 신당 동력을 약화하려는 행보로도 읽힌다는 평가다.   이 대표는 전날에는 새해 첫 일정으로 국립서울현중원 김대중 전 대통령 묘역을 참배했다. 이어 경남 김해 봉하마을로 향해 노무현 전 대통령 묘역을 참배한 뒤 권양숙 여사를 예방했다.   권칠승 민주당 수석대변인에 따르면 권 여사는 이 대표에게 ""항상 든든하게 중심을 잡아줘서 너무나 감사하다""면서 ""거목으로 자랄 때까지 흔들리지 않는 나무가 어디 있겠나. 흔들린 끝에 고통스럽겠지만 지혜가 생긴다고 생각한다""고 덕담했다. 이에 이 대표는""저희가 더욱더 노력해서 다가오는 선거를 잘 준비하겠다. 더 단합하겠다""며 감사를 표했다.   이 대표는 같은 날 서울 여의도 민주당사에서 열린 신년인사회에서 당 지도부 및 원로들과 함께 단합을 당부하기도 했다. 홍익표 민주당 원내대표는 이 자리에서 ""2024년의 새로운 희망을 국민께 드리도록 하겠다""며 ""그러기 위해서는 통합과 혁신이 매우 중요하다. 어떤 형태라도 분열이나 당의 혼란은 도움이 되지 않는다""고 밝혔다.   문희상 민주당 상임고문은 새해 덕담으로 '동주공제'(同舟共濟·같은 배를 타고 함께 강을 건넌다)라는 고사성어를 소개하면서 ""같은 배 탄 사람은 서로 도와야 한다는 뜻""이라고 했다. 문 상임고문은 ""청룡의 기세로 반드시 승리하는 한 해가 되길 바란다""며 '민주당 파이팅' '이재명 파이팅' 등 구호를 외쳤다.   한편 이 전 총리는 지난 1일 경기 고양시 행주산성에서 지지자들과 신년 인사회를 갖고 신당 창당을 공식화했다. 이 전 총리가 연말을 시한으로 요구해온 '대표직 사퇴 및 통합 비상대책위원회 전환'을 이 대표가 거절하면서 더 이상 협상의 여지가 없다는 판단을 내린 것으로 보인다. 이 전 총리는 오는 4일쯤 창당 선언을 할 것으로 알려졌다.     [관련기사] ☞ 박민영 전 남친 논란에... ""내내 후회, 정신과 검사서 위험신호"" ☞ 서하얀, 남편 임창정 주가조작 논란 후 첫 SNS ""겨울 지나 봄"" ☞ 프로파일러 배상훈 ""시신 트라우마... 집에 칼 없고 가구 문 다 열어"" ☞ 故이선균협박녀 얼굴 공개됐다…""95년생 미혼모"" 신상공개한 유튜버 ☞ 가수는 갔지만 노래는 남아, 천국서 히트한 '내 눈물 모아'[뉴스속오늘]   오문영 기자 omy0722@mt.co.kr     키워드림론 최대 4배 주식자금 & 고금리 대환상품 한도 오픈! (1644-6960)   [무료운세] 믿어야 돼 말아야 돼? 종목매수전에 믿고보는 '오늘의 운세'        [파워 인터뷰]       매수전에 점 부터 보고 가실께요 -> 오늘의 운세 [복채무료]      ⓒ 머니투데이 & mt.co.kr, 무단 전재 및 재배포 금지"
184,1,"2024-01-02","02:57:50","새해 첫날 아침 미국 LA에서도 규모 4.1 지진 발생","한인타운에서도 지진 감지돼   즉각적 피해나 부상 보고 없어      미국 로스앤젤레스(LA) 인근 바다에서 규모 4.1의 지진이 발생했다.  1일(현지시간) 미국 지질조사국(USGS)에 따르면 이날 오전 8시 27분 캘리포니아주 LA 카운티 서남부 랜초팰로스버디스에서 남쪽으로 19㎞ 떨어진 해상에서 규모 4.1의 지진이 일어났다.   이번 지진의 진앙은 북위 33.58도, 서경 118.36도이며, 진원은 11.3㎞다.  이번 지진에 따른 진동은 LA 카운티 전역에서 약하게 감지됐으며 LA 한인타운에서도 흔들림이 수초 동안 감지됐다.  다만 즉각적인 피해나 부상은 아직 보고되지 않았으며 미 기상청(NWS)의 쓰나미 경고 시스템에 따르면 이 지진에 따른 쓰나미 경보도 발령되지 않았다.  장지민 한경닷컴 객원기자 newsinfo@hankyung.com    관련기사 라면 아무거나 3팩 담아 9900원…'파격 할인' 유명 개그맨 앞세운 사기에 수천명 당했다 ""AI 앞세워 식민지 지배""…최악의 시나리오 등장 '억대연봉' 조합장 결단…""월급 200만원 받겠다"" 한국 기술에 日 '러브콜'…2500억 잭팟 터졌다    ⓒ 한국경제 & hankyung.com, 무단전재 및 재배포 금지"
184,2,"2024-01-02","02:56:26","요약-퇴임하는 BT 그룹 사장 필립 얀센이 차기 WPP 회장직에 대한 접근을 받았다 - 스카이 뉴스","BRIEF-Philip Jansen, The Outgoing BT Group Boss, Has Been Approached About Becoming The Next Chairman Of WPP - Sky News  1월 1일(로이터) -  퇴임하는 BT 그룹 사장 필립얀센이 차기 WPP 회장직에 대한 제안을 받았다 - SKY NEWS   원본 텍스트 링크: https://bit.ly/3RLicNS  Further company coverage:      Reuters.Briefs@thomsonreuters.com        (c) Copyright Thomson Reuters 2020. Click For Restrictions - https://agency.reuters.com/en/copyright.html   원문 바로가기    DISCLAIMER  레피니티브의 사전, 서면 승인 없는 톰슨로이터 콘텐츠의 재생산이나 재배포는 금지되어 있습니다. 이 기사의 한국어 번역은 에프앤가이드가 사용하는 기계적 번역에 의한 것으로 톰슨로이터와 레피니티브는 번역의 정확성을 보증하지 않습니다."
184,3,"2024-01-02","02:56:08","업데이트 1-BT 최고 책임자 얀센이 WPP 회장직에 대해 접근 - 스카이 뉴스","UPDATE 1-BT chief Jansen approached about WPP chairmanship - Sky News   1월 1일(로이터) - BT 그룹의 퇴임하는 필립 얀센 회장이 로베르토 쿼타의후임으로 광고 그룹 WPP의 차기 회장으로 거론되고 있다고 스카이 뉴스가 월요일에 보도했습니다.   쿼타는 2015년부터 WPP의 회장직을 맡고 있습니다.   지난해 영국 최대 브로드밴드 및 모바일 서비스 제공업체인 BT는 이달 말경부터 얀센의 후임으로 앨리슨 커크비를 CEO로 임명했습니다.   BT는 이전에 얀센은 커크비가 인수인계할 때까지 최고 경영자로 남아 3월 말까지 인수인계를 지원할 예정이며, 그 이후에는 경영 일선에서 은퇴할 계획입니다.   스카이 뉴스는 WPP의 조사가 아직 진행 단계에 있지 않았고, 얀센이나 WPP가 그의 후보를 더 밀어붙일지 확신할 수 없다고 덧붙였습니다.   BT와 WPP는 로이터의 논평 요청에 즉시 응답하지않았습니다.   스카이 뉴스는 이 문제에 정통한 관계자를 인용해 WPP가 전 버버리 최고 경영자 안젤라 아렌츠와 럭비 축구 연맹 회장 톰 일루베를 포함한 기존 이사회 멤버 중 외부에서 회장을 뽑을 것으로 예상된다고 전했습니다.      (Reporting by Mrinmay Dey in Bengaluru; editing by Jason Neely and Andrew Heavens)  Mrinmay.Dey@thomsonreuters.com     (c) Copyright Thomson Reuters 2020. Click For Restrictions - https://agency.reuters.com/en/copyright.html        Keywords: BRITAIN-WPP/APPOINTMENT (UPDATE 1)   원문 바로가기    DISCLAIMER  레피니티브의 사전, 서면 승인 없는 톰슨로이터 콘텐츠의 재생산이나 재배포는 금지되어 있습니다. 이 기사의 한국어 번역은 에프앤가이드가 사용하는 기계적 번역에 의한 것으로 톰슨로이터와 레피니티브는 번역의 정확성을 보증하지 않습니다."
184,4,"2024-01-02","02:50:31","미 해군, 항공모함의 중동 배치 종료","US Navy ending aircraft carrier's Middle East deployment   워싱턴, 1월 1일 (로이터) - 제럴드 R. 포드 항공모함이 10월 7일 하마스 무장세력의 공격 이후 이스라엘을 지원하기 위해 시작된 지중해 동부 파병을 끝내고 본국으로 돌아갈 것이라고 미 해군이 월요일 밝혔다.  4,000여 명의 병력과8대의 항공기를 탑재한 미 해군의 최신형 핵추진 항공모함인 포드호는 팔레스타인 무장 단체의 공격 이후 이스라엘에 근접해 미국의 강력한지원의 상징이 되었습니다.  이 공격으로 가자지구에서 전쟁이 발발했고 이스라엘군은 가자지구의 대부분을 폐허로 만들었으며 수천 명이 사망하고 230만 명의 주민이 인도주의적 재난에 빠졌습니다.  이스라엘은 하마스의 공격으로 1,200명이 사망했다고 밝혔습니다. 하마스가 운영하는 가자 지구의 팔레스타인 보건 당국은 이스라엘군이 거의 22,000명을 죽였다고 밝혔습니다.  해군은 성명에서 ""하마스의이스라엘에 대한 잔인한 공격 직후, USS 제럴드 R. 포드 항모강습단은 우리의 지역 억지력과 방어 태세에 기여하기 위해 지중해 동부로 출동했다""고 밝혔다.  로이드 오스틴 미국 국방부 장관은 세 차례에 걸쳐 이란과 이란과 연계된 단체, 특히 레바논의 헤즈볼라가 이스라엘을 공격하는 것을 억제할 수 있기를 희망했습니다.  이라크와 시리아에 주둔 중인 미군은 이란의 지원을 받는 민병대의 드론과 로켓 공격을 견뎌내고 있습니다. 예멘의 이란과 연계된 후티 반군은 드론과 미사일로 홍해에서 상업용 유조선과 컨테이너선을 공격하여 세계 무역을 방해하고 있습니다.  해군은 ""미 국방부는 이 지역에서 집단적 군사 태세를 지속적으로 활용하여 어떤 국가 또는 비국가 행위자가 가자 지구를 넘어 이 위기를 확대하는 것을 억제할 것""이라고 밝혔다.  포드는 버지니아에 있는 본사로 복귀할 예정입니다.     (Reporting by Ahmed AbouleneinEditing by Bill Berkrot)  ahmed.aboulenein@tr.com ; +1 202-519-3051; ))     (c) Copyright Thomson Reuters 2020. Click For Restrictions - https://agency.reuters.com/en/copyright.html        Keywords: ISRAEL-PALESTINIANS/USA-NAVY (PIX)   원문 바로가기    DISCLAIMER  레피니티브의 사전, 서면 승인 없는 톰슨로이터 콘텐츠의 재생산이나 재배포는 금지되어 있습니다. 이 기사의 한국어 번역은 에프앤가이드가 사용하는 기계적 번역에 의한 것으로 톰슨로이터와 레피니티브는 번역의 정확성을 보증하지 않습니다."
184,5,"2024-01-02","02:47:11","행안부 ""동해안 일본發 지진해일 인명피해 없어""","나에게 맞는 종목추천 AI알고리즘을 찾고 싶다면? 한경 로그인만 하면 1개월 무료 체험가능     일본 도야만 현 90km 해역에서 규모 7.6 강진 발생   동해안도 지진 해일 영향권 들어가   한때 묵호항 지진해일 높이 67cm 달해      일본 도야마현 북쪽 90km 해역에서 강진이 발생한 가운데 행정안전부는 동해안에 이번 지진과 관련해 발생한 인명 피해와 물적 피해가없다고 밝혔다.  2일 오전 행정안전부는 현재까지 강원도 동해안과 경북 해안가 지역에서 접수된 인명 피해와 물적 피해가 없는 것으로 집계됐으며 비상대응반을 꾸려 인근 주민들의 해안가 접근을 막고 있다고 설명했다.  특히 지난 1일 저녁 8시 기준 지진해일최고 높이가 67cm에 이른 묵호항이 있는 강원 동해시에 지역 재난안전대책본부를 가동할 것을 요청했다.  행안부는 앞으로 하루 정도 상황을 더 점검할 예정이며 인근 지역 주민들은 별도 안내 전까지 절대 해안가로 접근해선 안 된다고 당부했다.  한편, 지난 1 일 일본 기상청은 이날 오후 4시 10분께 이시카와현 노토반도 지역에서 규모 최대 7.6의 지진이 발생했다고 밝혔다. 이에 따라 이시카와현 곳곳에 대규모 산사태와 화재, 정전, 단수, 도로 파손, 상하수도 파손 등 다양한 피해가 발생했다. 일본 전력회사 호쿠리쿠전력에 따르면 이시카와현과 도야마현에서 3만가구 이상이 정전됐다.  장지민 한경닷컴 객원기자 newsinfo@hankyung.com     ▶▶[급등종목]◀◀ 지금 ""1,000만원""만 있다면 당장 ""이것"" 매수해라!! >>> (무료공개)  >> ★무료카톡방★ 이제 추천주 ""무료""로 받으세요! ★무료카톡방★  ▶▶ 월0.2%대 최저금리 X 주식자금 4배 X 100%집중투자 => 부자네스탁론  [단기에 부자가 되는 방법] 상위 1%만의 강의 무료 제공 중 (pw:4560)  나에게 맞는 종목추천 AI알고리즘을 찾고 싶다면? 한경 로그인만 하면 1개월 무료 체험가능  [오늘의 이슈] 급등임박! 올해 반드시 상승할 ""실시간 TOP3"" 확인하세요! ▶▶ 무료 클릭!                관련기사 라면 아무거나 3팩 담아 9900원…'파격 할인' 유명 개그맨 앞세운 사기에 수천명 당했다 ""AI 앞세워 식민지 지배""…최악의 시나리오 등장 '억대연봉' 조합장 결단…""월급 200만원 받겠다"" 한국 기술에 日 '러브콜'…2500억 잭팟 터졌다    ⓒ 한국경제 & hankyung.com, 무단전재 및 재배포 금지"
184,6,"2024-01-02","02:39:00","평창 LPG 충전소 폭발로 5명 중경상… 건축물 14동·차량 14대 피해","2024년 첫날 강원도 평창군에 있는 한 액화석유가스(LPG) 충전소에서 폭발 사고가 일어나 5명이 중경상을 입었다.    2일 강원특별자치도소방본부 등에 따르면 전날(1일) 오후 8시 41분쯤 평창군 용평면 장평리의 한 LPG 충전소에서 엄청난 폭발음과 함께 화재가 발생했다.  이 사고로 30대 A씨와 60대 B씨가 온몸에 화상을 입고 병원으로 옮겨졌다. 두 사람 모두 생명에는 지장이 없는 것으로 알려졌다. 다른 3명은손·머리·이마 등에 가벼운 상처를 입어 치료받았다.  평창군은 사고 직후 가스충전소 인근 주민에게 안전한 곳으로 대피하라고 안내했다. 주민 25명이 백옥포리 마을회관과 장평2리 마을회관으로대피했다. 군은 주민에게 긴급 재난 용품을 지원할 계획이다.  소방 당국은 대원 117명과 장비 58대를 투입해 약 2시간 동안 큰 불길을 잡았다. 불은 전날 오후 11시 59분쯤 완전히 꺼졌다. 충전소 주변 세차장과 주택, 농기구센터 등으로 불씨가 번지면서 건축물 14동과 차량 14대가 피해를 본 것으로 파악된다.  경찰과 소방 당국은 정확한 피해 규모를 확인하고, 국립과학수사연구원·가스안전공사 등과 함께 정확한 폭발 원인 등을 조사할 방침이다.  전준범 기자 bbeom@chosunbiz.com   Copyrights ⓒ ChosunBiz.com"
184,7,"2024-01-02","02:38:36","평창 LPG 충전소 연쇄 폭발…5명 중경상 '주민 대피령'","나에게 맞는 종목추천 AI알고리즘을 찾고 싶다면? 한경 로그인만 하면 1개월 무료 체험가능     ""땅 흔들릴 정도 폭발 후 인근 차량 폭발""      새해 첫날 저녁 강원 평창군 한 액화석유가스(LPG) 충전소에서 폭발 사고가 일어나 인근 차량에도 폭발이 이어지고 화재로 번졌다. 이사고로 5명이 중경상을 입었다.  1일 강원특별자치도소방본부 등에 따르면 이날 오후 8시 41분께 평창군 용평면 장평리 LPG 충전소에서 폭발 후 화재가 발생했다.  이 사고로 2명이 심한 화상을 입었으며 다른 3명은 경상으로 분류돼 병원으로 이송됐다.  이날 폭발 사고 전부터 소방 당국과 경찰에는 ""LPG 충전소에 가스가 많이 새고 있다"", ""가스가 바닥에 깔려 마을로 퍼지고 있다""는 등 신고가 들어왔던 바 있다.  폭발 현장을 목격한 한상욱(33)씨는 연합뉴스와의 인터뷰에서 ""평창나들목 인근에서 가스 누출 사고가 있다고 해서 소방대원과 함께 도로를 통제하던 중 충전소에서 갑자기 땅이 흔들릴 정도의 폭발이 발생했다""고 당시 상황을 밝혔다.  한 씨는 ""급히 현장을 피하며 도망치던 중에도 충전소 인근에 주차된 차량 등에서 폭발이 잇따랐다""며 ""현재까지도 충전소 주변에서 추가로 폭발음이 들리는 상황""이라고 말했다.  평창군은 주민들에게 ""가스충전소근처 주민은 안전한 곳으로 대피하고 차량은 우회하라""는 재난 문자를 보내기도 했다.  경찰과 소방 당국은 펌프차 등 장비 41대와 121명의 인력을 투입해 화재를 진화하고 있다. 충전소에 발생한 불은 오후 10시48분쯤 큰불이 잡혔다. 화재 진압 후 가스안전공사 등과 함께 정확한 피해 규모와 폭발 원인 등을 조사할 예정이다.  장지민 한경닷컴 객원기자 newsinfo@hankyung.com     ▶▶[급등종목]◀◀ 지금 ""1,000만원""만 있다면 당장 ""이것"" 매수해라!! >>> (무료공개)  >> ★무료카톡방★ 이제 추천주 ""무료""로 받으세요! ★무료카톡방★  ▶▶ 월0.2% 대 최저금리 X 주식자금 4배 X 100%집중투자 => 부자네스탁론  [단기에 부자가 되는 방법] 상위 1%만의 강의 무료제공 중 (pw:4560)  나에게 맞는 종목추천 AI알고리즘을 찾고싶다면? 한경 로그인만 하면 1개월 무료 체험가능  [오늘의 이슈] 급등임박! 올해 반드시 상승할 ""실시간 TOP3"" 확인하세요! ▶▶ 무료 클릭!                관련기사 라면 아무거나 3팩 담아 9900원…'파격 할인' 유명 개그맨 앞세운 사기에 수천명 당했다 ""AI 앞세워 식민지 지배""…최악의 시나리오 등장 '억대연봉' 조합장 결단…""월급 200만원 받겠다"" 한국 기술에 日 '러브콜'…2500억 잭팟 터졌다    ⓒ 한국경제 & hankyung.com, 무단전재 및 재배포 금지"
185,1,"2024-01-02","01:13:33","작년엔 없던 北 거론…""확장억제 상반기 완성""","[ 맹진규/오형주 기자 ]  윤석열 대통령은 1일 신년사에서 “올해 상반기까지 증강된 한·미 확장억제 체제를 완성해 북한의 핵 미사일 위협을 원천 봉쇄할 것”이라며 북핵 대응을 강조했다. 지난해 신년사에서 북핵 및 외교안보 문제를 전혀 거론하지 않은 것과 비교해 달라진 모습이다.  윤 대통령은 이날 “북한의 핵 미사일 위협에 대비해 한국형 3축 체계를 강력히 구축하는 데 더욱 속도를 내겠다”며 “대한민국은 상대의 선의에 의존하는 굴종적 평화가 아닌, 힘에 의한 진정하고 항구적인 평화를 확고히 구축해나가고 있다”고 밝혔다. 이어 “한·미 워싱턴 선언에 따라 핵협의그룹(NCG)을 신설하고, 핵 기반의 한·미 군사동맹을 새롭게 구축했다”고 덧붙였다.  한·일 관계 회복 등 외교 성과도 강조했다. 윤 대통령은 “방치된 한·일 관계를 정상화하고, 한·일 셔틀외교를 12년 만에 재개했다”며 “이를 발판으로 캠프 데이비드에서 한·미·일 3국 협력체계를 구축해 인태지역의 평화와 번영을 주도해나가고 있다”고 했다.  지난해와 달리 올해 북핵 문제 등이 신년사에 등장한 것을 두고 외교안보 정책이 윤석열 정부 국정 운영의 큰 축으로 자리잡았다는 분석이 나온다. 외교가에선 한·미·일 3국 협력을 바탕으로 한 ‘워싱턴 선언’을 윤석열 정부의 대표적인 성과로 꼽고 있다.  윤 대통령의 발언이김정은 북한 국무위원장의 전쟁 위협 발언에 대응하는 차원이라는 해석도 나온다. 김정은은 지난해 말 노동당 중앙위원회 전원회의에서 새해신년사를 대체하는 회의 발언을 통해 남북 관계를 ‘동족 관계’가 아니라 ‘전쟁 중인 교전국 관계’로 규정했다. 다만 대통령실 고위 관계자는 “신년사에서 북한 관련 언급은 김정은의 신년사가 나오기 전 이미 넣기로 결정된 것”이라며 “북한의 신년사가 우리에게 영향을 준 것은 없었다”고 말했다.  맹진규/오형주 기자    관련기사 라면 아무거나 3팩 담아 9900원…'파격 할인' 유명 개그맨 앞세운 사기에 수천명 당했다 ""AI 앞세워 식민지 지배""…최악의 시나리오 등장 '억대연봉' 조합장 결단…""월급 200만원 받겠다"" 한국 기술에 日 '러브콜'…2500억 잭팟 터졌다    ⓒ 한국경제 & hankyung.com, 무단전재 및 재배포 금지"
185,2,"2024-01-02","01:13:12","MZ·저출산 겨냥…하이브리드 근무 꺼내","""유연·재택근무 노사합의로 선택""      [ 오형주 기자 ] 윤석열 대통령은 1일 신년사에서 “유연근무, 재택근무, 하이브리드 근무 등 다양한 근무 형태를 노사 간 합의로 선택할 수 있도록 하겠다”고 밝혔다.  유연근무는 출퇴근 시간이나 근무일·장소 등을 노사 합의하에 자유롭게 변경하는것을 뜻한다. 근로자가 자택에서 일하는 재택근무도 넓은 의미에서 유연근무에 포함된다.  역시 유연근무의 일종인 하이브리드 근무는 재택과 출근을 상황에 따라 적절히 병행하는 방식이다. 대통령실 관계자는 “근무 형태 다양화는 저출산 문제 극복을 위한 ‘육아 재택근무’ 등 일·가정 양립에 필수적”이라고 설명했다.  노동계에서는 윤 대통령이 노동개혁 과제를 언급하면서 이 같은 다양한 근무 형태 도입 필요성을 제시한 점에 주목하고 있다. 지난해까지 정부의 노동개혁은 노조의 불법행위 엄단 등 ‘노사법치’에 주로 초점이 맞춰졌다.  노동계 관계자는 “하이브리드 근무를 비롯한 근무 형태 다양화는 일의 효율성을 중시하는 MZ세대(밀레니얼+Z세대)에게 호응도가 높다”며 “노동개혁의 외연은 물론 지지세력을 넓히는 데 도움이 될 것”이라고 했다.  오형주 기자    관련기사 라면 아무거나 3팩 담아 9900원…'파격 할인' 유명 개그맨 앞세운 사기에 수천명 당했다 ""AI 앞세워 식민지 지배""…최악의 시나리오 등장 '억대연봉' 조합장 결단…""월급 200만원 받겠다"" 한국 기술에 日 '러브콜'…2500억 잭팟 터졌다    ⓒ 한국경제 & hankyung.com, 무단전재 및 재배포 금지"
185,3,"2024-01-02","01:13:01","'민생' 9번 언급한 윤 대통령 ""경제회복 온기, 구석구석 전해지게 할 것""","윤 대통령 ""민생·구조개혁 위해 행동하는 정부 되겠다""    대통령 신년사서 '민생' 강조           [ 서기열/오형주/도병욱 기자 ]  윤석열 대통령(얼굴)이 “모든 국정의 중심은 국민”이라며 “검토만 하는 정부가 아니라 ‘문제 해결을 위해 행동하는 정부’가 되겠다”고 1일 밝혔다.  윤 대통령은 이날 용산 대통령실에서 발표한 신년사에서 “우리 미래를 위해, 우리 아이들을 위해 언젠가 누군가 해야 한다면 바로 지금 제가 하겠다”며 이같이 강조했다. 집권3년 차를 맞아 노동·연금·교육 등 ‘3대 개혁’을 지속하는 한편 국민이 체감할 수 있는 민생 정책을 속도감 있게실현하겠다는 의지를 보였다는 해석이 나온다.   윤 대통령은 신년사에서 “국민과의 약속을 지키기 위해 쉴 틈 없이 뛰어왔지만 해야 할 일들이 더 많다”며 “새해 더 새로운 각오로 온 힘을 다해 뛰겠다”고 말했다. 새해를 맞아 자신의 대통령 취임사를 다시 읽었다는 사실도 언급했다. 여권 관계자는 “지금까지 국정철학을 확고하게 세우고 지난 정부가 잘못 설정한 방향을 되돌리는 데 집중했다면, 이제는 국민이 정책 효과를 체감할 수 있도록 노력하겠다는 취지”라고 설명했다.  수출 개선과 물가 안정 등 통계 수치로 드러나고 있는 경제 회복의 온기가 사회적 약자에게 온전히 전해지도록 최선을 다하겠다는 뜻도 밝혔다. 구체적으로는 소상공인과 자영업자의 금융 부담 완화, 도심 내 주택 공급 확대 및 재건축·재개발 절차의 원점 재검토, 킬러규제 혁파 등을 제시했다.  건전재정 기조 유지와 구조개혁은 흔들림 없이 추진하겠다고 약속했다. 윤 대통령은 “저출산으로 잠재 역량이 계속 하락하는상황에서 구조개혁을 통해 사회 전반의 생산성을 높여야만 민생도 살아나고 경제도 지속할 수 있다”고 했다. 또 “부패한 패거리카르텔과 싸우지 않고는 진정 국민을 위한 개혁이 불가능하다”며 “자기들만의 이권과 이념에 기반을 둔 패거리 카르텔을 반드시타파하겠다”고 강조했다. 4252字에 담긴 의미…2024년 재도약의 중대 전환점 민생현장 들어가 귀 기울이고 패거리 카르텔 타파 의지 강조 ‘국민만 바라보는 따뜻한 정부.’  윤석열 대통령이 신년사를 발표한 1일 용산 대통령실 브리핑룸 뒤편에는 이 같은 문구의 표어가 걸렸다. 지난해 첫 신년사 발표 당시엔 ‘새로운 도약, 국민과 함께’였다.  ‘따뜻한 정부’라는 표어에는 윤 대통령의 변화 의지가 압축적으로 담겼다. 집권 3년차를 맞은 올해는 윤석열 정부의 성패를 결정지을 총선이 예정돼 있다. 윤 대통령이 신년사를 통해 이전과 달리 ‘민생’과 ‘문제 해결’을 전면에 내세운 건 ‘총선 승리’에 대한 절박함을 드러낸 것이라는 평가가 나온다. 장관·참모에 “문제 즉시 해결” 윤 대통령은 이날 신년사에서 “무엇보다 민생 현장 속으로 들어가 작은 목소리에도 귀를 기울이겠다”며 “국민의 삶을 변화시키는 진정한 민생 정책을 추진하겠다”고 밝혔다.  이를 위한 국정운영 기조로는 ‘문제 해결을 위해 행동하는 정부’를 제시했다. 대통령실 관계자는 “따뜻한 정부가 국정에 임하는 ‘태도’라면, 행동하는 정부는 ‘방식’을 뜻한다”며 “국민이 당장 체감할 수 있는 민생 정책을 빠르게 실천으로 옮기겠다는 각오를 보여준 것”이라고 설명했다.  올해 윤 대통령 신년사에는 작년 신년사에 전혀 없던 ‘민생’이 아홉 번이나 언급됐다. 윤 대통령은 이날 오전 국립서울현충원 참배로 새해 첫공식 일정을 시작했다. 방명록에는 ‘국민만 바라보며 민생경제에 매진하겠습니다’라고 적었다. 참배를 마친 뒤엔 국무위원 및 대통령실 참모들과 떡국으로 조찬을 함께하면서 “올해는 문제가 생기면 즉각 해결하고 민생에 깊이 파고들어야 한다”고 당부했다. 경제 성과 등 적극 설명 올해 신년사는 4252자 분량(공백 제외)으로 1987자이던 작년보다 두 배 이상으로 늘었다. 이 중 상당 부분은 지난 2년간의 성과를 설명하는 데 할애됐다. 윤 대통령은 지난해 대부분 국가가 ‘스태그플레이션’(경기 침체 속 물가 상승)을 겪은 점을 들며 “글로벌 복합위기 가운데서 우리나라가 세계에서 가장빠른 속도로 재도약의 발판을 마련할 수 있었던 것은 국민과 기업인의 피땀 어린 노력 덕분이었다”고 했다.  이어 “2024년은 대한민국 재도약의 중대한 전환점이 될 것”이라며 “수출 개선이 경기 회복과 성장을 주도하고, 물가도 지금보다 더욱 안정될 것”이라고 내다봤다.  윤 대통령은 “경제 회복의 온기가 취약계층과 사회적 약자에게 온전히 전해질 수 있도록최선을 다하겠다”며 “올해를 경제적 성과와 경기 회복의 온기가 국민 여러분의 삶에 구석구석 전해지는 민생 회복의 한 해로 만들겠다”고 다짐했다.  주거 문제와 관련해 윤 대통령은 “국민들께서 새집을 찾아 도시 외곽으로 나가지 않도록 도시내에 주택 공급을 늘리겠다”고 공언했다. 재개발·재건축 사업의 속도를 높이는 한편 1~2인 가구용 소형 주택 공급을 확대하는방안도 제시했다. ‘패거리 카르텔’ 타파 의지도 윤 대통령은 정권 출범 당시부터 추진해온 노동·교육·연금 등 ‘3대 개혁’에 대해서는 “3대 구조개혁을 흔들림 없이 추진할 것”이라며 의지를 거듭 드러냈다.  개혁을 방해하는 세력으로는 ‘자기들만의 이권과 이념에 기반을 둔 패거리 카르텔’을 지목했다. 윤 대통령은 “부패한 패거리 카르텔과 싸우지 않고는 진정 국민을 위한 개혁이 불가능하기 때문” 이라고 덧붙였다. 정치권에서는 “한동훈 국민의힘 비상대책위원장이 강조한 ‘운동권 청산’과 맥이 닿아 있는 것 아니냐”는 해석이 나왔다. 한 위원장은 지난달 26일 취임사에서 “대대손손 국민들 위에 군림하고 가르치려 드는 운동권 특권정치를 청산해야 한다”고 했다.  도병욱/오형주/서기열 기자    관련기사 라면 아무거나 3팩 담아 9900원…'파격 할인' 유명 개그맨 앞세운 사기에 수천명 당했다 ""AI 앞세워 식민지 지배""…최악의 시나리오 등장 '억대연봉' 조합장 결단…""월급 200만원 받겠다"" 한국 기술에 日 '러브콜'…2500억 잭팟 터졌다    ⓒ 한국경제 & hankyung.com, 무단전재 및 재배포 금지"
185,4,"2024-01-02","01:11:41","윤 대통령 ""민생·구조개혁 위해 행동하는 정부 되겠다""","대통령 신년사서 '민생' 강조     [ 도병욱/오형주 기자 ] 윤석열 대통령(얼굴)이 “모든 국정의 중심은 국민”이라며 “검토만 하는 정부가 아니라 ‘ 문제 해결을 위해 행동하는 정부’가 되겠다”고 1일 밝혔다.  윤 대통령은 이날 용산 대통령실에서 발표한 신년사에서“우리 미래를 위해, 우리 아이들을 위해 언젠가 누군가 해야 한다면 바로 지금 제가 하겠다”며 이같이 강조했다. 집권 3년 차를맞아 노동·연금·교육 등 ‘3대 개혁’을 지속하는 한편 국민이 체감할 수 있는 민생 정책을 속도감 있게 실현하겠다는 의지를 보였다는 해석이 나온다.   윤 대통령은 신년사에서 “국민과의 약속을 지키기 위해 쉴 틈 없이 뛰어왔지만 해야할 일들이 더 많다”며 “새해 더 새로운 각오로 온 힘을 다해 뛰겠다”고 말했다. 새해를 맞아 자신의 대통령 취임사를 다시 읽었다는 사실도 언급했다. 여권 관계자는 “지금까지 국정철학을 확고하게 세우고 지난 정부가 잘못 설정한 방향을 되돌리는 데 집중했다면, 이제는 국민이 정책 효과를 체감할 수 있도록 노력하겠다는 취지”라고 설명했다.  수출 개선과 물가 안정 등 통계수치로 드러나고 있는 경제 회복의 온기가 사회적 약자에게 온전히 전해지도록 최선을 다하겠다는 뜻도 밝혔다. 구체적으로는 소상공인과 자영업자의 금융 부담 완화, 도심 내 주택 공급 확대 및 재건축·재개발 절차의 원점 재검토, 킬러규제 혁파 등을 제시했다.  건전재정 기조 유지와 구조개혁은 흔들림 없이 추진하겠다고 약속했다. 윤 대통령은 “저출산으로 잠재 역량이 계속 하락하는 상황에서구조개혁을 통해 사회 전반의 생산성을 높여야만 민생도 살아나고 경제도 지속할 수 있다”고 했다. 또 “부패한 패거리 카르텔과싸우지 않고는 진정 국민을 위한 개혁이 불가능하다”며 “자기들만의 이권과 이념에 기반을 둔 패거리 카르텔을 반드시 타파하겠다”고 강조했다.  도병욱/오형주 기자    관련기사 라면 아무거나 3팩 담아 9900원…'파격 할인' 유명 개그맨 앞세운 사기에 수천명 당했다 ""AI 앞세워 식민지 지배""…최악의 시나리오 등장 '억대연봉' 조합장 결단…""월급 200만원 받겠다"" 한국 기술에 日 '러브콜'…2500억 잭팟 터졌다    ⓒ 한국경제 & hankyung.com, 무단전재 및 재배포 금지"
185,5,"2024-01-02","01:11:11","생성 AI의 정점 '챗GPT'…1년간 방문 수만 146억","나에게 맞는 종목추천 AI알고리즘을 찾고 싶다면? 한경 로그인만 하면 1개월 무료 체험가능     혁신의 상징으로     복잡한 코딩 없이 업무 수행 가능   포천 500대 기업 92%가 활용     [ 최진석 기자 ] 국제학술지 네이처는 작년 말 세계 과학계 화제 인물을 선정하는 ‘네이처10’ 명단에 과학자들과 함께 오픈AI의챗봇 ‘챗GPT’를 올렸다. 사람이 아니라 인공지능(AI) 도구가 뽑힌 건 이번이 처음이다.  리처드 모나스터스키 네이처수석피처편집자는 이에 대해 “생성형 AI가 과학 발전을 심오한 방식으로 변화시킨 점을 인정해 포함했다”며 “챗GPT는 올해 뉴스를 지배했고, 그 영향력은 과학과 사회 전반에 미쳤다”고 설명했다.  챗GPT는 2022년 11월 등장해 생성 AI 열풍을 몰고 왔다. 출시 두 달 만인 작년 1월 월간활성이용자(MAU) 1억 명을 넘어서면서 인터넷 등장 이후 가장 빠르게 이용자 수가 증가한 서비스가 됐다.  다른 주요 테크기업도 서둘러 챗봇을 내놨지만 챗GPT의 독보적인 입지를 흔들진 못했다. 미국의 온라인 AI 콘텐츠 기업인 라이터버디 조사에 따르면 챗GPT는 지난 1년간(2022년 9월~2023년 8월 기준) 146억 회의 방문 수를 기록하며 경쟁회사를 압도했다. 구글의 챗봇 바드는 2억4160만 회로, 주요 AI 도구 중 6위를 기록했다. 마이크로소프트(MS)의 빙은 상위 10위에 이름을 올리지 못했다. 오픈AI가 생성 AI 흐름을 주도하며 초반에 챗GPT 사용자를 대거 확보한 뒤 경쟁사보다 한발 빠르게 대규모언어모델(LLM)을 업데이트하고 기능과 속도를 개선한 것이 경쟁 우위를 유지한 요인으로 분석된다.  챗GPT에 이어 방문 수가 많은 AI 도구는 캐릭터AI로 38억 회를 기록했다. 1위와 2 위 격차가 110억 회가량 차이를 보였다. 라이터버디는 “챗GPT 방문 수가 상위 인기 AI 도구 50개의 전체 방문 트래픽의 60%를 차지한다”고 분석했다.  챗GPT의 가장 큰 장점은 복잡한 코딩이 아니라 인간의 언어로 다양한 업무를 수행할 수 있다는 것이다. 기업은 AI를 적극 도입하며 생산성과 효율성을 끌어올리고 있다. 오픈AI에 따르면 미국 경제지 포천이 선정한 세계 500대 기업의 92%가 챗GPT를이용하고 있다.  실리콘밸리=최진석 특파원     ▶▶[급등종목]◀◀지금 ""1,000만원""만 있다면 당장 ""이것"" 매수해라!! >>> (무료공개)  >> ★무료카톡방★ 이제추천주 ""무료""로 받으세요! ★무료카톡방★  ▶▶ 월0.2%대 최저금리 X 주식자금 4배 X 100%집중투자 => 부자네스탁론  [단기에 부자가 되는 방법] 상위 1%만의 강의 무료 제공 중 (pw:4560)  나에게 맞는 종목추천 AI알고리즘을 찾고 싶다면? 한경 로그인만 하면 1개월 무료 체험가능  [오늘의 이슈] 급등임박! 올해 반드시 상승할 ""실시간 TOP3"" 확인하세요! ▶▶ 무료 클릭!                관련기사 라면 아무거나 3팩 담아 9900원…'파격 할인' 유명 개그맨 앞세운 사기에 수천명 당했다 ""AI 앞세워 식민지 지배""…최악의 시나리오 등장 '억대연봉' 조합장 결단…""월급 200만원 받겠다"" 한국 기술에 日 '러브콜'…2500억 잭팟 터졌다    ⓒ 한국경제 & hankyung.com, 무단전재 및 재배포 금지"
185,6,"2024-01-02","01:11:03","정보 순차처리하던 AI, '딥러닝'으로 인간의 말 터득","나에게 맞는 종목추천 AI알고리즘을 찾고 싶다면? 한경 로그인만 하면 1개월 무료 체험가능     인공지능의 역사     뉴런 모방한 알고리즘으로 출발   이젠 멀티모달로 여러 데이터 다뤄     [ 최진석 기자 ] 인공지능(AI)이란 용어가 처음 등장한 것은 1956년 미국 다트머스학회에서다. 컴퓨터 과학자 존 매카시는 AI를 “지능형 기계, 특히 지능형 컴퓨터 프로그램을 만드는 과학 및 공학”이라고 정의했다.  2년 뒤인 1958년 미국 코넬항공연구소의프랑크 로젠블라트가 인간의 뉴런을 수학적으로 모방한 계산 알고리즘 ‘퍼셉트론’을 내놨다. 여러 신호를 입력해 하나의 신호를출력하는데, 각 신호 세기에 따라 가중치를 부여한다. 신호가 흐르면 0, 흐르지 않는 경우를 1로 표시하며, 신호의 총합이 임계치를 넘어서면 1, 그렇지 않으면 0을 출력한다. 뇌의 뉴런과 구동 원리가 비슷하다.  퍼셉트론 알고리즘은 비선형적인 영역까지 구현하는 다층퍼셉트론(MLP)으로 발전했고, 2006년 제프리 힌턴 캐나다 토론토대 교수의 딥러닝(심층학습) 기술 개발로 이어졌다. 머신러닝(기계학습)의 한 방법인 딥러닝은 2012년 이미지 인식 경연대회인 ‘이미지넷’에서 우승하며 AI 기술의 핵심으로 자리 잡았다. 이후 2016년 구글딥마인드가 딥러닝 기술로 개발한 ‘알파고’가 이세돌 9단을 상대로 바둑 대국에서 4승 1패의 승리를 거뒀다. 이 사건을 계기로 ‘AI는 인간을 넘어설 수 없다’는 사회통념이 뒤집혔다.  이듬해인 2017년 AI 분야의 기념비적인 논문 ‘어텐션 이즈 올 유 니드’가 나왔다. 이 논문은 ‘트랜스포머’라고 불리는 AI 알고리즘을 제시했다. 주어진 정보를 순차 처리하는 기존 순환 신경망(RNN)이 아닌, 전체 데이터를 한 번에 받아들인 뒤 중요 정보를 집중해서 처리하는 ‘어텐션’ 딥러닝을 적용한 모델이다. 이 기술은 80년 AI 역사에서 가장 중요한 사건이라는 평가를 받고 있다. AI의 최대 난제이던 자연어 처리의 해법으로 작용했기 때문이다.  현재 주요 생성형 AI는 모두 트랜스포머를 기반으로 하고 있다. 생성 AI 열풍을 몰고 온 챗GPT에서 GPT는 ‘사전 학습된 생성형 트랜스포머(Generative Pre-trained Transformer)’의 약자다. 생성 AI 기술은 이제 문서는 물론 이미지, 영상, 음성 등 다양한 데이터를 분석 및 추론하는 멀티모달 기능으로 발전하고 있다.  실리콘밸리=최진석 특파원     ▶▶[급등종목]◀◀ 지금 ""1,000만원""만 있다면 당장 ""이것"" 매수해라!! >>> (무료공개)  >> ★무료카톡방★ 이제 추천주 ""무료""로 받으세요! ★무료카톡방★  ▶▶ 월0.2%대 최저금리 X 주식자금 4배 X 100%집중투자 => 부자네스탁론  [단기에 부자가 되는 방법] 상위 1%만의 강의 무료 제공 중 (pw:4560)  나에게 맞는 종목추천 AI알고리즘을 찾고 싶다면? 한경 로그인만 하면 1개월 무료 체험가능  [오늘의 이슈] 급등임박! 올해 반드시 상승할 ""실시간 TOP3"" 확인하세요! ▶▶ 무료 클릭!                관련기사 라면 아무거나 3팩 담아 9900원…'파격 할인' 유명 개그맨 앞세운 사기에 수천명 당했다 ""AI 앞세워 식민지 지배""…최악의 시나리오 등장 '억대연봉' 조합장 결단…""월급 200만원 받겠다"" 한국 기술에 日 '러브콜'…2500억 잭팟 터졌다    ⓒ 한국경제 & hankyung.com, 무단전재 및 재배포 금지"
185,7,"2024-01-02","01:10:57","""불멸이라 믿었지만""…111세 伊 최고령자, 새해 전날 사망","""불멸이라 믿었지만""…111세 伊 최고령자, 새해 전날 사망  장수 비결은 ""가벼운 식사와 스트레스 없는 생활""       (파리=연합뉴스) 송진원 특파원 = 111세로 이탈리아 최고령을 기록한 남성이 2024년 새해를 맞지 못하고 숨졌다고 영국 일간 가디언이 1 일(현지시간) 보도했다.      트리폴리 지아니니라는 남성의 아들 로마노는 SNS에 ""아버지는 자신이 불멸의 존재라고 믿었지만, 새해 전날 당일 오전 9시30분 돌아가셨다""며 ""111세 133일이라는 기록적인 나이였다""고 적었다.      1912년생으로 두 차례의 세계 대전을 겪은 지아니니는 코로나19 팬데믹도 이겨내고 지난해 8월 111세 생일을 맞았다.      당시 생일 축하 자리에서 그는 장수의 비결로 와인을 곁들인 가벼운 식사와 스트레스 없는 생활을 꼽았다. 담배도 피우지 않으며 하루하루를 선물처럼 여긴다고 말했다.      지아니니는 그보다 75일 먼저 태어난 프랑스인 앙드레 루트비히에 이어 유럽에서 두 번째로 나이가 많은 사람이었다.      이탈리아의 지중해식 식단은 오랫동안 이탈리아 사람들 사이에서 장수의 비결로 여겨져 왔다.      그러나 이탈리아의 인구 고령화가 출산율 저하와 맞물리면서 연금과 의료 시스템이 압박받고 있다.      이탈리아 통계청에 따르면 지난해 100세 이상 인구는 2만2천명으로 사상 최고치를 기록할 것으로 예상된다. 이들 100세 인구의 상당수는여성이다.      반면 2022년 기준 이탈리아 출생아 수는 39만3천명으로 사상 최저치를 기록했다.      이탈리아 조르자 멜로니 총리는 이에 출산율 증가를 올해 이탈리아 정부의 최우선 과제 중 하나로 꼽으며 25억 유로를 예산에 책정했다고 지난달 밝혔다.      san@yna.co.kr  (끝)     <저작권자(c) 연합뉴스, 무단 전재-재배포 금지>"
186,1,"2024-01-02","00:48:33","최태원 ""성장만큼 내실 갖춰야"" 허태수 ""큰 걸음 디딜 시간""","나에게 맞는 종목추천 AI알고리즘을 찾고 싶다면? 한경 로그인만 하면 1개월 무료 체험가능     주요 그룹 총수들 경영 화두     구광모 ""차별적 고객 가치에 몰입""  박정원 ""미래 위한 과감한 투자""   권오갑 ""말 아닌 행동으로 변화""      [ 강미선 기자 ]  국내 주요 그룹 총수들은 ‘푸른 용의 해’ 갑진년을 맞아 ‘변화 대응’과 ‘새로운 도전’을 화두로 제시했다. 지난해에 이어 올해도 경기 침체와 경영 환경 악화를 예견하면서 위기를 기회로 삼아 신사업을 본격화하자고 강조했다. 한발 앞선 투자와 기술·제품 격차 확대로 혁신 성장의 바람을 앞당겨 돌파하자는 의지도 신년사에 담았다.  최태원 SK 그룹 회장은 1일 신년사를 통해 “올해도 우리의 경영 환경은 녹록지 않을 것으로 예상된다”며 “‘해현경장(解弦更張: 거문고 줄을 고쳐 매다)’의 자세로 경영 시스템을 점검하고 다듬어 나가자”고 주문했다. 이어 “큰 나무가 되려면 넓고 깊게 뿌리를 내려야 하는 것처럼 우리 스스로 성장에 맞는 내실을 갖추는 계기로 삼아야 한다”고 강조했다.  구광모 LG그룹 회장도 지난달 20일 미리 배포한 신년사에서 “경제 불확실성이 커지는 상황에서 생존을 넘어 시장을 주도하고 경쟁에서 확실한 우위를 점해야 한다”며 “차별적 고객 가치를 만들기 위해 전력을 쏟아야 한다”고 말했다. 그는 ‘차별적 고객 가치’에대해 “‘남들과 다르게’ 수준을 넘어 새로운 생활 문화의 대명사가 되는 가치”라고 설명했다.  허태수 GS 그룹 회장은 올해는 유례없는 장기 침체의 시작이 될 것으로 진단했다. 그러면서 “사업 환경의 근본적인 변화나 새로운 사업 기회는 어려운 시기에 더 또렷하게 드러난다”며 “본격적으로 큰 걸음을 내디뎌야 할 기회의 시간”이라고 당부했다. 박정원 두산그룹 회장 역시 “미래 성장 동력 확보를 위한 도전과 혁신을 화두로 삼고 새로운 도약의 전기를 마련하는 한 해로 만들자”고 말했다.  권오갑 HD현대 회장은 그룹 임직원 200명이 함께한 해맞이 행사에서 “리더들은 말이 아닌 행동으로 새로운 변화를 만들어야 한다”며 “사업별로 리더들이 책임감 있게 사업 계획을 추진해 목표를 달성할 수 있도록 노력해달라”고 당부했다.  그룹 총수들은 위기 속에서도 새로운 먹거리 확보에 나서줄 것을 주문했다. 최태원 회장은 수소 등 그린에너지, 인공지능(AI), 바이오등을 핵심 신사업으로 꼽았다. 그는 “인공지능과 탄소 절감 기술을 결합한 에너지 솔루션을 제공해 고객의 에너지 전환 문제를 해결해주는 것도 한 가지 예가 될 수 있다”며 “우리의 장점과 역량을 결집하고 외부와 협력해 달라”고 말했다.  허태수 회장은 “최근 3년여간 안으로는 디지털 혁신, 밖으로는 신기술 투자를 지속하며 미래 성장을 위한 토대가 갖춰졌다”고 말했다. 올해는 신사업인 바이오, 전기차 배터리 충전 사업을 가속해 나갈 것을 주문했다.  박정원 회장은 가스터빈 해외 시장 개척과 소형모듈원전(SMR)·협동로봇 등 주요 사업의 경쟁력 강화 및 시장 선도를 당부했다. 그는 “투자는 미래를 위한 도전”이라며 “투자가 필요하다고 판단하면 과감하게, 경쟁자에 앞서 실행에 옮겨야 한다”고 했다.  에코프로와 제주항공도 신년사에서 변화의 민첩한 대응을 최우선 경영 전략으로 꼽았다. 송호준 에코프로 대표는 “기존 하이니켈(니켈 함량 80% 이상) 양극재 외에리튬·인산철(LFP) 양극재 기술을 발전시켜 ‘기술 쿠데타’를 일으키는 한 해가 되길 바란다”며 “엄혹한 현실앞에서 기술 리더십이 없으면 시장의 승자가 될 수 없다”고 했다. 김이배 제주항공 사장은 “변화무쌍한 시기에 민첩하고 역동적으로 대응해 ‘№1 LCC’(1위 저비용항공사)로서 지속 가능한 성장 동력을 갖춰 나가자”고 강조했다.  강미선 기자     ▶▶[급등종목]◀◀ 지금 ""1,000만원""만 있다면 당장 ""이것"" 매수해라!! >>> (무료공개)  >> ★무료카톡방★ 이제 추천주 ""무료""로 받으세요! ★무료카톡방★  ▶▶ 월0.2%대 최저금리 X 주식자금 4배 X 100%집중투자 => 부자네스탁론  [단기에 부자가 되는 방법] 상위 1%만의 강의 무료 제공 중 (pw:4560)  나에게 맞는 종목추천AI알고리즘을 찾고 싶다면? 한경 로그인만 하면 1개월 무료 체험가능  [오늘의 이슈] 급등임박! 올해 반드시 상승할 ""실시간 TOP3"" 확인하세요! ▶▶ 무료 클릭!                관련기사 라면 아무거나 3팩 담아9900원…'파격 할인' 유명 개그맨 앞세운 사기에수천명 당했다 ""AI 앞세워 식민지 지배""…최악의시나리오 등장 '억대연봉' 조합장 결단…""월급 200만원 받겠다"" 한국 기술에 日 '러브콜'…2500억 잭팟 터졌다    ⓒ 한국경제 & hankyung.com, 무단전재 및 재배포 금지"
186,2,"2024-01-02","00:47:25","5대 금융회장 새해 화두…""지속가능한 성장 주력""","나에게 맞는 종목추천 AI알고리즘을 찾고 싶다면? 한경 로그인만 하면 1개월 무료 체험가능     [ 김보형/정의진 기자 ] KB 신한 하나 우리 농협 등 5대 금융지주의회장들이 올해 경영 여건이 녹록지 않을 것으로 보고 지속가능한 성장 기반을 마련하는 데 주력하겠다는 방침을 밝혔다. 금융과 시너지를 낼수 있는 비금융 사업을 확대하는 한편 사회적 책임을 다하기 위해 상생금융에 힘을 쏟겠다고 했다.  양종희 KB금융 회장은 “국민과 고객이 체감할 수 있는 상생금융을 실천하도록 노력하겠다”고 밝혔다. 그러면서 전세 사기 피해자 지원, 착한 임대인 금리 우대 프로그램, 외식업 및 전통시장 활성화 금융 지원 등을 자체 상생 방안으로 제시했다.  진옥동 신한금융 회장은 “상생을 최우선으로 두고 금융이 우리 사회에 기여할 수 있는 역할에 최선을 다하겠다”고 강조했다. 진 회장은 이자 부담을 덜어줄 뿐 아니라 신용보증기금 매출채권보험 가입 때 보험료를 지원하고 청년 전세대출 고객을 대상으로 공과금을 지원하는 등의 지원 계획을 준비 중이라고 했다.  임종룡 우리금융 회장도 올해 화두 중 하나로 금융의 사회적 책임 강화를 들었다. 그는 중소기업과 소상공인을 대상으로 한보증기관 특별 출연 확대, 전통시장 활성화를 위한 스마트 결제 기기 지원, 청년 경제 자립 지원 프로그램, 취약계층 저금리 대출 공급과 금리 감면 확대 등을 약속했다.  하나금융은 소상공인 15만 명에게 20만원씩 300억원의 에너지생활비를 지원하기로 했고 소상공인 사업장 컨설팅, 통신비 지원 등의 사업을 함께 시행할 예정이다. 농협금융은 농업인과 농식품기업 성장 지원에 방점을 찍었다.  함영주 하나금융 회장과 이석준 농협금융 회장은 인공지능(AI) 활용을 화두로 들기도 했다. 함 회장은 “AI 활용을 위한 역량 확보에 주력하고 ESG(환경·사회·지배구조) 경영도 지속해서 고도화할 계획”이라고 밝혔다. 이 회장은 “AI는 미래 금융의 키팩터(key factor)”라며 AI의 전사적 도입과 그룹 슈퍼플랫폼 구축, 데이터 기반 사업·경영 체계 정착 등을 전략으로 제시했다.  5대 금융지주 회장들은 또 시장금리 하락으로 올해 순이자마진(NIM)과 이자이익 증가가 제한적일 것으로 예상하면서 외형을 확대하기보다는 내실을 탄탄히 해 작년 수준의 안정적인 실적을 올리겠다고 했다.  김보형/정의진 기자     ▶▶[급등종목]◀◀ 지금 ""1,000만원""만 있다면 당장 ""이것"" 매수해라!! >>> (무료공개)  >> ★무료카톡방★ 이제 추천주 ""무료""로 받으세요! ★무료카톡방★  ▶▶ 월0.2%대 최저금리 X 주식자금 4배 X 100%집중투자 => 부자네스탁론  [단기에 부자가 되는 방법] 상위 1%만의 강의 무료 제공 중 (pw:4560)  나에게 맞는 종목추천 AI알고리즘을 찾고 싶다면? 한경 로그인만 하면 1개월 무료 체험가능  [오늘의 이슈] 급등임박! 올해 반드시 상승할 ""실시간 TOP3"" 확인하세요! ▶▶ 무료 클릭!                관련기사 라면 아무거나 3팩 담아 9900원…'파격 할인' 유명 개그맨 앞세운 사기에 수천명 당했다 ""AI 앞세워 식민지 지배""…최악의 시나리오 등장 '억대연봉' 조합장 결단…""월급 200만원 받겠다"" 한국 기술에 日 '러브콜'…2500억 잭팟 터졌다    ⓒ 한국경제 & hankyung.com, 무단전재 및 재배포 금지"
186,3,"2024-01-02","00:47:13","플라즈맵 ""정형외과 임플란트 진출""","나에게 맞는 종목추천 AI알고리즘을 찾고 싶다면? 한경 로그인만 하면 1개월 무료 체험가능     임유봉 대표 인터뷰     [ 오현아 기자 ] “임플란트용 표면처리기 사업을 치과에 머물지 않고 척추 임플란트, 성형 보형물 등 정형외과와 성형외과로 영역을넓히려고 합니다.”  임유봉 플라즈맵 대표(사진)는 최근 한국경제신문과 만나 “지난해 제자리걸음 한 매출을 늘리기위해 사업 영역을 확대하기로 했다”고 말했다.  플라즈맵은 플라즈마를 이용한 저온 멸균기 ‘스타링크’와 임플란트용 표면처리기 ‘액티링크’를 제조하는 국내 의료기기 상장사다. 지난해 매출 400억원을 목표로 잡았지만 실제로는 2022년 매출(133억원) 수준에 그쳤다. 주력 제품인 스타링크와 액티링크 성장세가 제자리걸음 했기 때문이다.  액티링크는 임플란트를 식립하기 직전에 사용한다. 1분 만에 불순물을 제거해 잇몸에 붙는 임플란트 면적을 넓혀 생체 접착률을 높이고 염증 반응을 줄이는 의료기기다. 주로 치과에서 사용해왔는데 정형외과, 성형외과로 적용 분야를 넓히기로 했다.  임 대표는 “척추 임플란트는 전부 3차원(3D) 프린팅으로 제작된다”며 “이는 치과용 임플란트보다 표면에 불순물이 훨씬 많아 표면처리기 도입 필요성이 높다”고 설명했다.  또 “성형외과에서 사용하는 코·가슴 보형물도 염증을 유발하기 때문에 액티링크 수요가 있을 것”이라고 했다. 플라즈맵은 주력제품인 스타링크도 처음엔 치과에 공급하다가 성형외과, 피부과, 안과 등으로 시장을 넓혀 매출을 늘렸다.  플라즈맵은 개발 중인 스팀링크도 치과용과 피부용 두 가지 제품으로 내놓을 계획이다. 스팀링크는 피부끼리 쉽게 접합되도록 하는 제품이다. 상처 부위의 산소를 활성화해 균을 죽인다. 질소를 활성화해 표피세포를 자극함으로써 상처를 빨리 아물게 하는 효과도 있다. 임 대표는 “피부는 더 잘 붙게 하고 흉터는 덜 지게 하는 제품”이라고 했다.  오현아 기자     ▶▶[급등종목]◀◀ 지금 ""1,000만원""만 있다면 당장 ""이것"" 매수해라!! >>> (무료공개)  >> ★무료카톡방★ 이제 추천주 ""무료""로 받으세요! ★무료카톡방★  ▶▶ 월0.2%대 최저금리 X 주식자금 4배 X 100%집중투자 => 부자네스탁론  [단기에 부자가 되는 방법] 상위 1%만의 강의 무료 제공 중 (pw:4560)  나에게 맞는 종목추천 AI알고리즘을 찾고 싶다면? 한경 로그인만 하면 1개월 무료 체험가능  [오늘의 이슈] 급등임박! 올해 반드시 상승할 ""실시간 TOP3"" 확인하세요! ▶▶ 무료 클릭!                관련기사 라면 아무거나 3팩 담아 9900원…'파격 할인' 유명 개그맨 앞세운 사기에 수천명 당했다 ""AI 앞세워 식민지 지배""…최악의 시나리오 등장 '억대연봉' 조합장 결단…""월급 200만원 받겠다"" 한국 기술에 日 '러브콜'…2500억 잭팟 터졌다    ⓒ 한국경제 & hankyung.com, 무단전재 및 재배포 금지"
186,4,"2024-01-02","00:46:53","2일 경제계 신년인사회…4대그룹 총수 참석","나에게 맞는 종목추천 AI알고리즘을 찾고 싶다면? 한경 로그인만 하면 1개월 무료 체험가능     [ 황정수 기자 ] 대한상공회의소와 중소기업중앙회는 2일 서울 여의도 중기중앙회 본원에서 경제계 신년인사회를 함께 연다고 1일 밝혔다.  신년인사회는 산업계와 정·관계, 노동계 등 각계인사가 모여 덕담과 인사를 나누는 경제계 최대 연례행사다. 지난해 처음으로 대한상의와 중기중앙회가 공동 개최한 데 이어 올해가 두 번째다. 지난해 서울 삼성동 코엑스에서 열린 신년인사회에는 2016년 후 7년 만에 대통령이 참석했다.  이번 행사에는 최태원 대한상의 회장과 김기문 중기중앙회 회장을 비롯해 류진 한국경제인협회 회장, 구자열 한국무역협회 회장, 손경식 한국경영자총협회 회장, 최진식 한국중견기업연합회 회장 등 경제 6단체장이 자리할 것으로 알려졌다. 이재용 삼성전자 회장과 정의선 현대자동차그룹 회장, 구광모 LG그룹 회장, 김동관 한화 부회장, 허태수 GS그룹 회장 등 주요 그룹 총수들도 참석할 것으로 전해졌다.  신년인사회에서 경제계 인사들은경제 회복에 대한 각오를 주로 이야기할 것으로 전망된다. 규제개혁 등을 정·관계에 적극 건의할 것이란 관측도 나온다. 올해 국내 기업들의 경영 환경은 녹록지 않을 것이란 분석이 우세하다.  황정수 기자     ▶▶[급등종목]◀◀ 지금 ""1,000만원""만 있다면 당장 ""이것"" 매수해라!! >>> (무료공개)  >> ★무료카톡방★ 이제 추천주 ""무료""로 받으세요! ★무료카톡방★  ▶▶ 월0.2%대 최저금리 X 주식자금 4배 X 100%집중투자 => 부자네스탁론  [단기에 부자가 되는 방법] 상위 1%만의 강의 무료 제공 중 (pw:4560)  나에게 맞는 종목추천 AI알고리즘을 찾고 싶다면? 한경 로그인만 하면 1개월 무료체험가능  [오늘의 이슈] 급등임박! 올해 반드시 상승할 ""실시간 TOP3"" 확인하세요! ▶▶ 무료 클릭!                관련기사 라면 아무거나 3팩 담아 9900원…'파격 할인' 유명 개그맨 앞세운 사기에 수천명 당했다 ""AI 앞세워 식민지 지배""…최악의 시나리오 등장 '억대연봉' 조합장 결단…""월급 200만원 받겠다"" 한국 기술에 日 '러브콜'…2500억 잭팟 터졌다    ⓒ 한국경제 & hankyung.com, 무단전재 및 재배포 금지"
186,5,"2024-01-02","00:46:30","""팀원 아이디어로 성장통 극복…몸값 20억달러로 키웠죠""","나에게 맞는 종목추천 AI알고리즘을 찾고 싶다면? 한경 로그인만 하면 1개월 무료 체험가능     실리콘밸리의 k-프런티어  (1) 안익진 몰로코 대표     미래에 지나친 부담 갖지 말고   짧은 호흡으로 목표 달성 노력을     머신러닝 기반 솔루션 기업  13國에 지사…14분기 연속 흑자   하루 5000억건 광고입찰 처리     [ 최진석 기자 ]  실리콘밸리 스타트업 업계는 혹독한 2023년을 보냈다. 경기 위축으로 인한 실적 악화에 고금리가 야기한 투자 가뭄이 겹친 여파다. 실리콘밸리의 주요 한인 스타트업도 ‘투자 한파’를 비켜 갈 순 없었다. 한국경제신문은 2024년 새해를 맞아 어려움속에서도 묵묵히 제 자리를 지킨 한국 스타트업 최고경영자(CEO) 7인을 인터뷰했다.  “스타트업의 성공을 위해선 성장통을함께 이겨낼 좋은 팀원이 필요합니다.”  안익진 몰로코 대표(사진)는 1일 한국경제신문과의 인터뷰에서 이같이 말했다. 안대표는 “창업하면 성장 과정에서 숱한 위기를 맞닥뜨리게 된다”며 “이를 슬기롭게 헤쳐나가기 위해선 팀원들과 힘을 합쳐야 한다”고 강조했다. 함께 일하는 사람들이 좋아야 사업의 지속가능한 성장을 도모할 수 있다는 것이다.  몰로코는 머신러닝 기반 솔루션 기업이다. 빅데이터를 분석해 고객사가 효율적으로 광고를 집행할 수 있도록 지원한다. 소비자와 관련한 정보들을 결합해 관련성이 높은 광고를 추천하는 방식이다. 서울대 컴퓨터공학과 졸업 후 미국 펜실베이니아대 석사, UC샌디에이고 컴퓨터과학 박사 과정 등을밟은 안 대표는 구글(유튜브)을 거쳐 2013년 몰로코를 설립했다.  창업 초기 하루하루 불안한 미래를 버티던 몰로코는 현재 세계 13개 지사, 500여 명의 직원을 거느린 기업가치 20억달러의 유니콘 기업(기업가치 10억달러 이상 비상장사)으로 거듭났다. ‘몰로코 클라우드 DSP’, ‘리테일 미디어 플랫폼’ 등 주요 솔루션을 개발해 다양한 고객사를 유치한 덕분이다. 안 대표는 “직원, 고객사와 함께 성장한다는 마음으로 달려온 결과”라고 말했다.  몰로코는 현재 하루 5000억 건 이상의 광고 입찰을 처리한다. 구글 메타 아마존은 모든 상황에 적용할 수 있는 광고 엔진을 갖추고 있는데, 몰로코도 이들과 어깨를 나란히 하고 있다. 안 대표는 “최근 중국, 인도에서 사업이 크게 성장하고 있다”며 “영국 런던과 독일 베를린에 지사를 운영 중인 유럽 시장도 확장을 검토하고 있다”고 설명했다.  몰로코는 작년 11월 창립 10주년을 맞아 사내 해커톤(프로그램 개발 공모전)을 개최했다. 안 대표는“직원들로부터 새로운 아이디어가 많이 나왔다”며 “몇몇 아이디어는 실제 사업화에 착수했다”고 말했다. 그는 “몰로코는 이미 글로벌 스케일의 머신러닝 인프라를 갖고 있어 새로운 아이디어를 펼치기 좋은 환경”이라며 “직원들에게 ‘제2의 창업이라는 마음가짐으로 새해에 더 힘차게 뛰자’고 강조했다”고 덧붙였다.  안 대표의 ‘좋은 팀원’에 대한 철학은 사내 역량 강화 프로그램 개발로 이어졌다. 몰로코는 최근 엔지니어링 리더십 트레이닝 프로그램인 ‘스파크’를 론칭했다. 안 대표는 “구글에 몸담고 있을 때 사내에 엔지니어링 리더를 육성하는 프로그램이 있었는데 상당한 도움이 됐다”며“몰로코의 엔지니어들이 비즈니스 리더로 성장할 수 있도록 지원해주는 과정을 만들었다”고 설명했다. 그는 “함께 더 멀리 가기 위해서 꼭 필요한 프로그램”이라고 덧붙였다.  스타트업 창업 전선에 나선 후배들을 향해 안 대표는 “진정 내가 이 일을 좋아하는가, 적어도 10년은 할 수 있는가, 일이 잘되든 안되든 즐겁고 행복할 것인가 스스로 물어보길 바란다”고 당부했다.또한 “창업한 후에는 먼 미래보다 2년 혹은 18개월 단위로 계획을 세워서 진행하는 게 좋다”며 “지나친 부담은 갖지 말고, 먼 미래를 보되 짧은 호흡으로 목표를 달성하는 게 필요하다”고 조언했다.  몰로코는 최근 14분기 연속 흑자를 기록했다.작년 매출은 3억달러로 전년(2억달러)보다 50% 급증했다. 좋은 실적을 거두고 있는 몰로코의 기업공개(IPO) 시점에 대한 업계의 관심도 크다. 안 대표는 “상장과 관련해 회사에 가장 좋은 시점이 언제인지 계속 검토하고 고민하는 중”이라고 답했다.  실리콘밸리=최진석 특파원     ▶▶[급등종목]◀◀ 지금 ""1,000만원""만 있다면 당장 ""이것"" 매수해라!! >>> (무료공개)  >> ★무료카톡방★ 이제 추천주 ""무료""로 받으세요! ★무료카톡방★  ▶▶ 월0.2%대 최저금리 X 주식자금 4배 X 100%집중투자 => 부자네스탁론  [단기에 부자가되는 방법] 상위 1%만의 강의 무료 제공 중 (pw:4560)  나에게 맞는 종목추천 AI알고리즘을 찾고 싶다면? 한경 로그인만 하면 1개월 무료 체험가능  [오늘의 이슈] 급등임박! 올해 반드시 상승할 ""실시간 TOP3"" 확인하세요! ▶▶ 무료 클릭!                관련기사 라면 아무거나 3팩 담아 9900원…'파격 할인' 유명 개그맨 앞세운 사기에 수천명 당했다 ""AI 앞세워 식민지지배""…최악의 시나리오 등장 '억대연봉' 조합장결단…""월급 200만원 받겠다"" 한국 기술에 日 '러브콜'…2500억 잭팟 터졌다    ⓒ 한국경제 & hankyung.com, 무단전재 및 재배포 금지"
186,6,"2024-01-02","00:45:58","""AI 경쟁 주도권, 반드시 가져올 것""…이종호 과기정통부 장관 신년사","나에게 맞는 종목추천 AI알고리즘을 찾고 싶다면? 한경 로그인만 하면 1개월 무료 체험가능     [ 김진원 기자 ] 이종호 과학기술정보통신부 장관(사진)은 1일 신년사를 통해 “글로벌 인공지능(AI) 경쟁의 주도권을 가져오기 위해 전력투구할 것”이라고 밝혔다.  이 장관은 미국 정보기술(IT) 컨설팅 기업 가트너가 최근 발표한 2024년 10대 기술 트렌드(보편화된 생성형 AI 등)를 인용하며 “챗GPT, 클로바X 등 생성형 초거대 AI로 대변되는 첨단 AI 기술은 인류의 삶과 전 세계 경제·산업에 엄청난 변화를 가져올 것으로 예상된다”고 설명했다. 이어 “올해 과기정통부는 초거대 AI 시장 선점을 위해 플래그십 프로젝트를 새롭게 추진하겠다”며 “기존 반도체보다 에너지 소모를 대폭 줄인 국산 AI 반도체로 저전력, 고효율 데이터센터를 구축하고 클라우드와 AI 서비스를 연결하는 K클라우드 생태계도 활성화하겠다”고 강조했다.  이 장관은 “AI가 가져오는 혁신의 과실을 국민이 생활 속에서 경험할 수 있도록 헬스케어, 교육, 돌봄 등 국민 개개인의 일상에 필요한 AI 서비스를 제공하고 대한민국 디지털 권리장전을 토대로 국제사회의 AI 규범 논의를 선도할 것”이라고 덧붙였다.  김진원 기자     ▶▶[급등종목]◀◀ 지금 ""1,000만원""만 있다면 당장 ""이것"" 매수해라!! >>> (무료공개)  >> ★무료카톡방★ 이제 추천주""무료""로 받으세요! ★무료카톡방★  ▶▶ 월0.2%대 최저금리 X 주식자금 4배 X 100%집중투자 => 부자네스탁론  [단기에 부자가 되는 방법] 상위 1%만의 강의 무료 제공 중 (pw:4560)  나에게 맞는 종목추천 AI알고리즘을 찾고 싶다면? 한경 로그인만 하면 1개월 무료 체험가능  [오늘의 이슈] 급등임박! 올해 반드시 상승할 ""실시간 TOP3"" 확인하세요! ▶▶ 무료 클릭!                관련기사 라면 아무거나 3팩 담아 9900원…'파격 할인' 유명 개그맨 앞세운 사기에 수천명 당했다 ""AI 앞세워 식민지 지배""…최악의 시나리오 등장 '억대연봉' 조합장 결단…""월급 200만원 받겠다"" 한국 기술에 日 '러브콜'…2500억 잭팟 터졌다    ⓒ 한국경제 & hankyung.com, 무단전재 및 재배포 금지"
186,7,"2024-01-02","00:45:40","""올 창업기업 100개로""…이광형 KAIST 총장 신년사","나에게 맞는 종목추천 AI알고리즘을 찾고 싶다면? 한경 로그인만 하면 1개월 무료 체험가능     [ 김진원 기자 ] 이광형 KAIST 총장(사진)은 1일 신년사를 통해 “기업가정신 확산과 창업 활성화를 위한 노력을 지속하겠다”며 “올해 창업 기업을 100개 이상으로 늘리겠다”고 강조했다.  이 총장은 “작년에는 ‘1랩 1스타트업’의 비전 아래 지속해서 제도를 개선하고 각종 프로그램을 지원했다”며 “총 70건의 학생 창업과 16건의 교원 창업이 생기는 등 창업을 유도하고 혁신기업의 가치를 올리기 위해 노력했다”고 설명했다.  이어 “올해에는 연구개발(R&D) 예산 구조조정 등으로 많은 어려움이 예상되지만 새로운 도전과 혁신을 힘차게 이어가겠다”고 덧붙였다.  김진원 기자     ▶▶[급등종목]◀◀ 지금 ""1,000만원""만 있다면 당장 ""이것"" 매수해라!! >>> (무료공개)  >> ★무료카톡방★ 이제 추천주 ""무료""로 받으세요! ★무료카톡방★  ▶▶ 월0.2%대 최저금리 X 주식자금 4배 X 100%집중투자 => 부자네스탁론  [단기에 부자가 되는 방법] 상위 1%만의 강의 무료 제공 중 (pw:4560)  나에게 맞는 종목추천 AI알고리즘을 찾고 싶다면? 한경 로그인만 하면 1개월 무료 체험가능  [오늘의 이슈] 급등임박! 올해 반드시 상승할 ""실시간 TOP3"" 확인하세요! ▶▶ 무료 클릭!                관련기사 라면 아무거나 3팩 담아 9900원…'파격 할인' 유명 개그맨 앞세운 사기에 수천명 당했다 ""AI 앞세워 식민지 지배""…최악의 시나리오 등장 '억대연봉' 조합장 결단…""월급 200만원 받겠다"" 한국 기술에 日 '러브콜'…2500억 잭팟 터졌다    ⓒ 한국경제 & hankyung.com, 무단전재 및 재배포 금지"
187,1,"2024-01-02","00:37:53","""弱달러 땐 금값 고공행진…원유보다 농산물 주목하라""","나에게 맞는 종목추천 AI알고리즘을 찾고 싶다면? 한경 로그인만 하면 1개월 무료 체험가능     원자재 ETF 투자 전략     금리 하락 국면에선   안전자산 가격 올라     러-우크라 전쟁 장기화   밀 생산량 회복 더딜 듯     [ 류은혁 기자 ] 2024년은 금융시장 불확실성을 높이는 변수가 많다. 예상치 못한 변수로 인한 투자 손실을 줄이려면 금이나 농산물 등 상품에 분산투자하는 전략이 효과적이다.  1일 금융투자업계에 따르면 올해 미국 중앙은행(Fed)이 기준 금리 인하에 나설 경우 금 가격이 추가 상승할 수 있다고 예상하는 전문가가 늘고 있다. 미국 시장금리가 낮아지면 달러 가치가 하락하는데, 이런 경우 통상 금 투자 수요가 증가하면서 금값이 오른다는 것이다. 미 Fed의 통화정책이 완화 기조로 바뀌는 과정에 금융시장 충격이 발생하면 안전자산인 금의 투자 매력은 더 커진다. 오재영 KB증권 연구원은 “금리가 높은 상황에선 금 가격은 떨어져야 하는데 최근 들어선 경기 둔화 우려 때문에 금 가격이 크게 떨어지지 않고 있다”며 “올해는 금리까지 내릴 확률이 커서 금 가격이 더욱 뛸 것”이라고 설명했다.  개미 투자자들은 상장지수펀드(ETF)를 통해 금에 손쉽게 투자할 수 있다. 국내엔 금 현물 ETF인 ACE KRX금현물, KODEX 골드선물(H), TIGER 골드선물(H) 등 상품이 거래되고 있다. 수익률은 이미 많이 올랐다. ACE KRX금현물은 지난해 수익률이 14.80%로 금 관련 ETF 중에서 가장 높았다. 금 투자 수익률의 두 배를 추종하는 ACE 골드선물 레버리지(합성H)도 수익률이 14.35%에 달했다.  농산물 ETF를 추천하는 전문가도 많다. 우크라이나와 러시아 전쟁이 장기화하면서 밀, 옥수수 등 농산물 생산량이 정체되고 있어서다. 김광래 삼성선물 연구원은 “우크라이나와 러시아 간 전쟁이 지속되면 공급 차질 우려는 계속될 수밖에 없다”며 “밀 가격은 타이트한 수급에 따라 완만한 상승세 보일 것”이라고 전망했다.  국내에선 KODEX 3대농산물선물(H)과 TIGER 농산물선물Enhanced(H) 등 상품 거래가 활발하다. 두 상품 모두 시카고상품거래소에 상장한 옥수수와 콩, 밀 선물 가격에 연동되는 상품이다. TIGER 농산물선물Enhanced의 경우 세 가지 곡물 외에 설탕 선물을 추가로 담는다.  류은혁 기자     ▶▶[급등종목] ◀◀ 지금 ""1,000만원""만 있다면 당장 ""이것"" 매수해라!! >>> (무료공개)  >> ★무료카톡방★이제 추천주 ""무료""로 받으세요! ★무료카톡방★  ▶▶ 월0.2%대 최저금리 X 주식자금 4배 X 100%집중투자 => 부자네스탁론  [단기에 부자가 되는 방법] 상위 1%만의 강의 무료 제공 중 (pw:4560)  나에게 맞는 종목추천 AI알고리즘을 찾고 싶다면? 한경 로그인만 하면 1개월 무료 체험가능  [오늘의 이슈] 급등임박! 올해 반드시 상승할 ""실시간 TOP3"" 확인하세요! ▶▶ 무료 클릭!                관련기사 라면 아무거나 3팩 담아 9900원…'파격 할인' 유명 개그맨 앞세운 사기에 수천명 당했다 ""AI 앞세워 식민지 지배""…최악의 시나리오 등장 '억대연봉' 조합장 결단…""월급 200만원 받겠다"" 한국 기술에 日 '러브콜'…2500억 잭팟 터졌다    ⓒ 한국경제 & hankyung.com, 무단전재 및 재배포 금지"
187,2,"2024-01-02","00:37:45","""美 금리 3차례 인하할 듯…시장반응 보며 주식 분할매수""","나에게 맞는 종목추천 AI알고리즘을 찾고 싶다면? 한경 로그인만 하면 1개월 무료 체험가능     PB가 추천하는 투자 포트폴리오    안정형 투자자라면   우량채권·예금 늘리고   유망 기술주 담아라     공격형 투자자라면   선진국 주식 비중 늘려야     [ 이소현/전효성 기자 ] 새해를 맞은 투자 시장에서는 변화의 바람이 불고 있다. 미국 등 주요국이 기준금리 인하를 시사하면서 금리 하락이본격화할 것이란 전망이 나오고 있어서다. 금리 인하가 예고된 가운데 투자자들은 어떻게 대응해야 할까. 주요 은행과 증권 프라이빗뱅커(PB)들에게 올해 투자 포트폴리오 전략을 들어봤다.    예금·미국 장기채 주목 전문가들은 포트폴리오 핵심 키워드로 ‘자산 배분’을 꼽았다. 원금 손실이 부담스러운 안정형 투자자라면전체 자산 중 절반 이상을 정기예금과 장기 우량 채권 등에 골고루 분산하라고 조언했다. 꾸준한 이자 수익을 기대할 수 있는 상품들로 포트폴리오를 꾸린 뒤 시장 지수를 따라가는 인덱스 펀드와 선진국 반도체 등 유망한 기술주를 담으면서 시장 분위기를 확인하라는 뜻이다.  은행권 정기예금에 가입할 땐 만기 1년과 6개월짜리 상품을 섞는 게 좋다. 통상 금리가 가장 높은 만기 1년짜리 상품에 예금 투자금의절반을 맡겨 금리 하락기에 대비하고, 나머지 절반은 만기가 짧은 단기 상품에 넣어 자금을 유동적으로 관리하라는 얘기다.  만기1년 기준 은행 예금 중 이자율이 연 3%대 후반에서 4%대로 높은 상품은 지방은행과 인터넷은행에 몰려 있다. 전북은행의 ‘JB 1·2·3 정기예금’과 대구은행 ‘DGB함께예금’의 최고 금리가 연 4.05%로 가장 높고 이어 부산은행 ‘더 레벨업 정기예금’이 연 4%다. 케이뱅크와 카카오뱅크는 우대 조건 없이 연 3.9%, 연 3.85% 이자를 준다. 김대수 신한 PWM 여의도센터 팀장은 “금리 하락기를 맞아 시장을 관망하는 단기 자금 수요가 늘어나면서 만기 3~6개월 예금금리가 1년 만기 예금보다 높은 경우가 늘고 있다”며 “단기 상품으로 자금을 탄력적으로 운용하는 것도 좋은 전략”이라고 했다.  안정성이 높은 장기물 국채와 우량 회사채 등 채권 투자도 고려해볼 필요가 있다. 채권 가격은 금리와 반대로 움직이기 때문에 금리가 떨어지면 채권 가격이 올라 수익을 낼수 있다. 최근 미국 10년 만기 국채 수익률은 연 3.8%대를 유지하고 있다. 지난해 10월 말만 해도 연 4.93% 선이었는데 미국의 기준금리 인하 가능성이 커지면서 두 달 만에 1%포인트 넘게 떨어졌다.  전문가들은 채권 중에서도 만기 3년 이상 미국 국채를 분할 매수하라고조언했다. 정성진 국민은행 강남스타PB센터 부센터장은 “금리 하락 전환을 앞둔 지금이 채권 투자에 적기”라며 “한 번에투자하기보다는 여러 차례 나눠 사야 변동성에 대비하기 쉽다”고 했다.  원금 손실을 감수하더라도 투자 수익을 적극 내고싶다면 국내외 주식 비중을 높이는 게 좋다. 전문가들은 공격형 투자자여도 한두 개 주식에 ‘올인’하지 말고 여러 주식을 소액분할 매수하는 전략으로 접근해야 한다고 조언했다. 심혜진 하나은행 도곡PB센터 부장은 “미국이 올해 0.25%포인트씩 세 번에 걸쳐 금리를 내릴 것으로 예상된다”며 “금리 인하 시점이 올 때마다 시장 반응을 보며 3~4회에 나눠 사는 것이 좋다”고 했다. 기술주·유망주 잡아라 당장 투자하지 않더라도 반도체와 배터리, 정보기술(IT) 등 유망 주식을 꾸준히 살펴봐야 한다는 조언도 나왔다. 전문가들은 상반기에는 수출 회복으로 실적 개선 가능성이 큰 자동차, 기계 산업 관련 주식이 유망할 것으로 내다봤다. 김지산 키움증권 리서치센터장은 “경기 불확실성이 있는 하반기보다는 상반기에 주식 비중을 늘리길 권한다”고 했다.  헬스케어·메디컬 산업도 유망 분야로 꼽혔다. 황유현 신한금융투자 PWM 서울파이낸스센터 PB팀장은 “헬스케어 종목 중에서는 셀트리온이 대표적인 수혜 기업”이라며 “오랜 시간 주식 매수세가 낮았지만꾸준히 좋은 실적을 내고 있어 금리 하락이 본격화하면 수급이 증가할 것”이라고 했다.  2차전지 등 배터리 분야 관련 주식에 대해서는 다소 엇갈린 전망이 나왔다. 투자 비중을 확대하라는 의견을 제시한 전문가도 있었지만, 실적 등 성과를 지켜보고 결정해야 한다는 분석도 적지 않다. 채대철 NH투자증권 프리미어블루 삼성동4센터장은 “실제 수익보다는 산업 발전 가능성을 인정받아 가격이 오르는 경향이 있다”며 신중하게 접근하라고 조언했다.  금리가 하락하고 미국 환율이 안정화하면 금 가격이 오를 것으로 보고 금투자를 제안하는 전문가도 있었다. 통상 달러 가치와 금 가격은 반대로 움직인다. 금리 상승으로 달러 가치가 높아지면 이자 수익을 많이 낼수 있는 은행 예·적금 등 금융 상품 수요가 늘어난다. 금리가 하락해 달러가 약세 전환하면 달러와 대체 관계에 있는 금 가격은 오른다. 전문가들이 제안한 투자 비중은 포트폴리오의 10% 내외다.  금에 투자하려면 실물 금인 골드바를 구매하거나 금 관련 지수를추종하는 상장지수펀드(ETF) 등에 가입하는 방법이 있다. 심 부장은 “안전 자산을 가져간다는 관점에서 금 투자도 포트폴리오에 담아둘 만하다”고 했다.  이소현/전효성 기자     ▶▶[급등종목]◀◀ 지금 ""1,000만원""만 있다면 당장 ""이것"" 매수해라!! >>> (무료공개)  >> ★무료카톡방★ 이제 추천주 ""무료""로 받으세요! ★무료카톡방★  ▶▶ 월0.2%대 최저금리 X 주식자금 4배 X 100%집중투자 => 부자네스탁론  [단기에 부자가 되는 방법] 상위 1%만의 강의 무료 제공 중 (pw:4560)  나에게 맞는 종목추천 AI알고리즘을 찾고 싶다면? 한경 로그인만 하면 1개월 무료 체험가능  [오늘의 이슈] 급등임박! 올해 반드시 상승할 ""실시간 TOP3"" 확인하세요! ▶▶ 무료 클릭!                관련기사 라면 아무거나 3팩 담아 9900원…'파격 할인' 유명 개그맨 앞세운 사기에 수천명 당했다 ""AI 앞세워 식민지 지배""…최악의 시나리오 등장 '억대연봉' 조합장 결단…""월급 200만원 받겠다"" 한국 기술에 日 '러브콜'…2500억 잭팟 터졌다    ⓒ 한국경제 & hankyung.com, 무단전재 및 재배포 금지"
187,3,"2024-01-02","00:37:40","""암호화폐 봄바람 제대로 탔다…이더리움, 비트코인 넘어설 것""","나에게 맞는 종목추천 AI알고리즘을 찾고 싶다면? 한경 로그인만 하면 1개월 무료 체험가능     암호화폐 전망은    美긴축 완화 기대감에   불장 진입한 비트코인     신중론 꺼낸 JP모간   ""현물ETF 승인되면   차익매물 쏟아질수도""      [ 조미현 기자 ] 올해 비트코인은 대세 상승기로 접어들 것이란 낙관론이 커지고 있다. 미국이 긴축을 끝낼 예정인 데다 비트코인 현물 상장지수펀드(ETF) 승인도 임박했기 때문이다. 여기에 비트코인 반감기도 호재다. 하지만 지난해 말부터 가격이 급격히 상승하면서 거품이 끼었다는 의견도 존재한다.  1일 업비트에 따르면 비트코인은 지난해 2112만3000원에 거래를 시작해 12월 8일 6014만2000원까지 상승했다. 한 해 동안 세 배 가까이로 뛰었다. 비트코인은 지난해 하반기에만 약 70% 급등했다.  비트코인의 가격 상승에 기름을 부은 것은 비트코인 현물 ETF 승인에 대한 기대다. 시장에서는 미국 증권거래위원회(SEC)가 이달 11일 전후로 비트코인 현물 ETF를 승인할 것으로 보고 있다. 이런 전망이 선반영되면서 비트코인도 상승했다.  미국이 기준금리 인하를 예고하면서 대표적 위험자산인 비트코인도 수혜를 볼 것으로 예상된다. 비트코인 채굴에 대한 보상이 줄어드는 반감기는 올해 4월께 예정돼 있다. 비트코인 공급이 줄어들기 때문에 수요가여전하다면 비트코인 가격은 오를 수밖에 없다.  비트코인이 오르면서 이더리움, 솔라나 등 알트코인에 대한 관심도 커지고 있다. 일각에서는 이더리움 현물 ETF 승인까지 기대하는 상황이다. JP모간은 ‘2024 암호화폐 전망’ 보고서에서 “이더리움이 내년으로 예정된 대규모 업데이트 ‘프로토댕크샤딩(protodanksharding)’의 영향으로 비트코인이나 다른 암호화폐 수익률을 추월할 것”으로 전망했다. 프로토댕크샤딩은 거래 비용을 줄이고, 초당 거래 건수를 높이기 위한 대규모 네트워크 업데이트를 말한다.  최근에는 솔라나가 급등하면서 투자자의 관심을 끌고 있다. 올해 초만 해도 1만2000원에 거래되던 솔라나는 15만원을 넘어서는 등 10배 이상 급등했다. 솔라나는 비트코인이나 이더리움보다 거래 처리 속도가 빠르고 거래 수수료가 낮아 투자자들의 주목을 받고 있다.  변동성이 큰 암호화폐 시장 특성상 투자 시 리스크 관리에 신중해야 한다는 지적도 나온다. 최근 거액 투자자인 이른바 ‘고래’가 거래소 전체 코인 입금량에서 차지하는 비율이 93%까지 치솟았다. 이 값이 크면 고래들이 암호화폐를 매도하거나 매도할 준비를 하고 있다는 뜻이다. JP모간은 “비트코인 현물 ETF가 승인되면 단기 투자자는 차익 실현을 위해 매도할 수 있다”고 경고했다.  조미현 기자     ▶▶[급등종목]◀◀ 지금 ""1,000만원""만 있다면 당장 ""이것"" 매수해라!! >>> (무료공개)  >> ★무료카톡방★ 이제 추천주 ""무료""로 받으세요! ★무료카톡방★  ▶▶ 월0.2%대 최저금리 X 주식자금 4배 X 100%집중투자 => 부자네스탁론  [단기에 부자가 되는 방법] 상위 1%만의 강의 무료 제공 중 (pw:4560)  나에게 맞는종목추천 AI알고리즘을 찾고 싶다면? 한경 로그인만 하면 1개월 무료 체험가능  [오늘의 이슈] 급등임박! 올해 반드시 상승할 ""실시간 TOP3"" 확인하세요! ▶▶ 무료 클릭!                관련기사 라면 아무거나 3팩 담아 9900원…'파격 할인' 유명 개그맨 앞세운 사기에 수천명 당했다 ""AI 앞세워 식민지 지배""…최악의 시나리오 등장 '억대연봉' 조합장 결단…""월급 200만원 받겠다"" 한국 기술에 日 '러브콜'…2500억 잭팟 터졌다    ⓒ 한국경제 & hankyung.com, 무단전재 및 재배포 금지"
187,4,"2024-01-02","00:37:25","과천주공10 '래미안' 브랜드 단다","나에게 맞는 종목추천 AI알고리즘을 찾고 싶다면? 한경 로그인만 하면 1개월 무료 체험가능     재건축 시공사 삼성물산 선정  28층 1179가구로 탈바꿈   미래형 모델 '넥스트홈' 첫 적용     [ 박진우 기자 ] 삼성물산이 경기 과천시 중앙동 과천주공10단지 재건축 사업의 시공사로 선정됐다. 단지명은 ‘래미안 원마제스티’(조감도)로 잠정 결정됐다.  과천주공10단지 재건축조합은 최근 조합 임시총회에서 삼성물산을 재건축 시공사로 선정하는 안건을 가결했다고 1일 밝혔다. 과천시 중앙동 67 일대에 있는 이 단지는 향후 지하 3층~지상 28층, 18개 동, 1179가구로 탈바꿈한다.  삼성물산은 지난해 8월 공개한 미래형 주거모델 ‘래미안 넥스트홈’을 과천10단지에 처음 적용할 방침이다. 설치와 이동이 자유로운 자립식 가구 ‘퍼니처 월(벽)’을 통해 입주민은 라이프스타일과 구성원 변화에 따라 원하는 대로 방 개수와 평면을 구성할수 있다. 과천시 최초로 골조 내진 특등급 설계를 적용하고 전기차 화재 사고에 대비해 전기차 주차구역 후면과 양 측면을 방화 벽체로 시공할 예정이다.  삼성물산은 과천주공10단지 재건축의 단지명으로 ‘래미안 원마제스티’를 제안했다. 단 하나의 고급 주거를 의미하는 ‘원’에 위상·명예를 뜻하는 ‘마제스티’를 조합한 단어다. 특별한 주거 공간을 제공하겠다는의지를 담았다.  과천 일대의 마지막 재건축 사업으로 주거환경과 교통 인프라가 좋다는 평가다. 지하철 4호선 과천역이 맞닿아 있다. 단지 인근에 관악산, 양재천, 과천중앙공원 등이 있다. 도보 5~10분 거리에 과천초, 과천중, 과천고 등이 있다.  삼성물산은사업성 위주의 선별 수주 전략을 통해 작년 △서울 송파 가락상아2차 리모델링(3753억원) △송파 가락쌍용2차 리모델링(2667억원) △울산 중구 B-04 재개발 사업(7710억원) 등 총 2조1000억원의 수주 실적을 달성했다. 삼성물산 관계자는 “과천주공10단지를 고급 주거의 원칙과 기준을 세우는 단지로 조성할 것”이라고 밝혔다.  박진우 기자     ▶▶[급등종목]◀◀ 지금 ""1,000만원""만 있다면 당장 ""이것"" 매수해라!! >>> (무료공개)  >> ★무료카톡방★ 이제 추천주 ""무료""로 받으세요! ★무료카톡방★  ▶▶ 월0.2%대 최저금리 X 주식자금 4배 X 100%집중투자 => 부자네스탁론  [단기에 부자가 되는 방법] 상위 1%만의 강의 무료 제공 중 (pw:4560)  나에게 맞는 종목추천 AI알고리즘을 찾고 싶다면? 한경 로그인만 하면 1개월 무료 체험가능  [오늘의 이슈] 급등임박! 올해 반드시 상승할 ""실시간 TOP3"" 확인하세요! ▶▶ 무료 클릭!                관련기사 라면 아무거나 3팩 담아 9900원…'파격 할인' 유명 개그맨 앞세운 사기에 수천명 당했다 ""AI 앞세워 식민지 지배""…최악의 시나리오 등장 '억대연봉' 조합장 결단…""월급 200만원 받겠다"" 한국 기술에 日 '러브콜'…2500억 잭팟 터졌다    ⓒ 한국경제 & hankyung.com, 무단전재 및 재배포 금지"
187,5,"2024-01-02","00:37:05","인근 단지보다 12억 넘게 싸다…강남 '로또 청약' 관심 폭발","나에게 맞는 종목추천 AI알고리즘을 찾고 싶다면? 한경 로그인만 하면 1개월 무료 체험가능     반포·방배·대치…강남 '로또청약' 쏟아진다   강남3구 재건축 분양 시동     올해 총 1.3만 가구 공급 전망  '메이플자이', '청담르엘' 관심   탄탄한 입지에 '억대' 시세차익  ""가점 낮으면 추첨제 노려볼 만""      [ 이인혁 기자 ] 가격이 분양 성적을 좌우하는 ‘선별 청약’ 기조가 강해지는 가운데 ‘로또 아파트’라고 불리는 서울 강남 3구(강남·서초·송파구) 재건축 분양 물량이 올해 쏟아질 예정이다. 예상 공급 규모는 1만 가구를 넘을 전망이다. 지하철 학교 등 입지 여건이 뛰어난 게 공통점이다. 분양가 상한제가 적용돼 당첨만 되면 수억원의 시세 차익을 기대할 수 있어 묵혀둔 청약통장을 꺼내는 수요자가 적지 않을 것으로 보인다. 반포·방배·대치 등에서 공급 1일 리얼투데이와 업계 등에 따르면 올해 강남 3구에서 10개 단지, 총 1만3679가구가 공급될 예정이다. 일반분양 물량은 3834가구로 예상된다. 이달 서초구 잠원동 ‘메이플자이’(투시도)(총 3307가구)가 공급될 전망이다. 올해 상반기에만 강남구청담동 ‘영동한양빌라 가로주택정비사업’(44가구)과 서초구 방배동 ‘래미안 원페를라’(1097가구), 강남구 도곡동 ‘래미안 레벤투스’(308가구), 대치동 ‘디에이치 대치 에델루이’(282가구) 등 대어가 잇달아 시장에 나온다.  방배동 ‘디에이치 방배’(3065가구)와 잠원동 ‘신반포 21차 재건축’(275가구) 등은 하반기 기대주로 꼽힌다. 청담동 ‘청담르엘’(1261가구)과 송파구 신천동 ‘잠실진주 재건축’(2678가구), 방배동 ‘아크로 리츠카운티’(721가구) 등도 구체적 시점은 미정이지만 올해 공급될 단지 리스트에 이름을 올렸다.  이들 단지는 원래 작년에 분양을 계획했지만 올해로 일정을 미룬 게 공통점이다. 자재값과 금융비용, 인건비 등 공사 원가가 크게 오르면서 조합이 분양가를 높여 이익을 늘리기 위해일정을 미룬 영향이 크다는 평가다. 그런데도 가격 메리트는 충분하다. 강남 3구는 용산구와 더불어 규제지역에 묶여 있어 분양가 상한제가적용되기 때문이다.  메이플자이 전용면적 59㎡는 16억원대 후반에 공급될 것으로 예상된다. 인근 신축인 반포동 ‘래미안원베일리’ 전용 59㎡의 최근 실거래가(29억원)보다 12억원 넘게 저렴하다. 같은 강남권이라도 시세 차익 수준은 다를 수 있다. 박지민 월용청약연구소 대표는 “강남과 서초는 같은 권역으로 묶여 분양가 차이가 크지 않고 분양가 상한제가 적용돼 차익 기대가 크다”고 내다봤다. 적은 물량·후분양은 아쉬워 입지는 물론 가격 경쟁력도 갖춘 만큼 당첨 경쟁이 불가피하다는 평가가 나온다. 시세 차익만 10억원을 웃돌 것으로 기대를 모은 래미안원베일리를 2021년 6월 분양할 땐 만점(84점)짜리 청약통장도 등장했다. 작년 4월 정부의 청약 규제 완화로 규제지역 전용 85㎡ 이하 아파트에도 추첨제가 도입되며 젊은 층도 강남권 청약을 노릴 수 있게 됐다. 지난해 송파구에서 분양한 ‘힐스테이트 e편한세상 문정’은 강남권에선 비교적 외곽이란 평가 속에서도 1순위 청약에 2만5783명이 몰렸다.  재건축 아파트다 보니 일반분양 물량이 적고 일부 단지는 저층이나 소형 평수 위주로 공급되는 사례가 있다. 예컨대 메이플자이는 3307가구 중 일반분양 물량은 162가구뿐이다. 모두 전용 43~59㎡ 소형 평형이다. 총 2678가구 규모인 잠실진주 재건축은 578가구가 분양시장에 풀린다. 이 가운데 전용 43㎡가 123가구를 차지한다. 일반분양 물량이 가장 많은 단지는 디에이치 방배다. 총 3065가구 중 1686가구가 일반분양 대상이다.  후분양으로 공급되는 단지가 적지 않을 것으로 보이는 만큼 자금 조달 일정을 꼼꼼히 챙겨야 한다. 래미안 원펜타스의 입주 예정 시기는 올해 6월이다. 불과 수개월 안에 계약금부터 잔금까지 치러야 한다. 2025년 입주하는 단지는 잠실진주 재건축(6월), 청담르엘(9월), 래미안 원페를라(11월) 등이다. 이들 단지에 청약할 때도 자금 준비기간을 고려해야 한다.  이인혁 기자     ▶▶[급등종목]◀◀ 지금 ""1,000만원""만 있다면 당장 ""이것"" 매수해라!! >>> (무료공개)  >> ★무료카톡방★ 이제 추천주""무료""로 받으세요! ★무료카톡방★  ▶▶ 월0.2%대 최저금리 X 주식자금 4배 X 100%집중투자 => 부자네스탁론  [단기에 부자가 되는 방법] 상위 1%만의 강의 무료 제공 중 (pw:4560)  나에게 맞는 종목추천 AI알고리즘을 찾고 싶다면? 한경 로그인만 하면 1개월 무료 체험가능  [오늘의 이슈] 급등임박! 올해 반드시 상승할 ""실시간 TOP3"" 확인하세요! ▶▶ 무료 클릭!                관련기사 라면 아무거나 3팩 담아 9900원…'파격 할인' 유명 개그맨 앞세운 사기에 수천명 당했다 ""AI 앞세워 식민지 지배""…최악의 시나리오 등장 '억대연봉' 조합장 결단…""월급 200만원 받겠다"" 한국 기술에 日 '러브콜'…2500억 잭팟 터졌다    ⓒ 한국경제 & hankyung.com, 무단전재 및 재배포 금지"
187,6,"2024-01-02","00:36:20","'억대 연봉' 조합장들 결단…""월급 200만원에 차도 반납""","나에게 맞는 종목추천 AI알고리즘을 찾고 싶다면? 한경 로그인만 하면 1개월 무료 체험가능     부동산 프리즘     허리띠 졸라매는 조합장들    '연봉 삭감' 선거 공약 봇물  ""고금리로 공사비 부담 늘자  '억대 연봉' 조합장 관행 제동""      [ 유오상 기자 ] 최근 재건축·재개발 조합장을 새로 뽑는 사업지에서 ‘월급 삭감’ 요구가 거세지고 있다. 계속되는 고금리와 공사비 상승으로 사업성이 낮아진 곳이 늘어 높은 연봉의 조합장에 대한 불만이 커진 것이다. 새로 조합장 선거에 나선 후보가 비용절감을 주요 공약으로 내세우는 등 ‘억대 연봉’을 자랑하던 과거와 달라진 분위기다.  1일 정비업계에 따르면 서울 서초구 반포주공1단지 1·2·4주구 재건축 조합은 오는 10일 새 조합장을 선출한다. 앞선 조합 집행부가 재신임에 실패해 새 조합장 후보가 경쟁에 나선 것이다. 조합장 후보는 일제히 ‘연봉 삭감’을 주요 공약으로 내놨다. 과거 ‘사업성 향상’이나 ‘고급화 설계 적용’ 등을 내세우던 것과는 다른 모습이다.  한 조합장 후보는 월 1000만원 수준인 조합장 월급을상근이사 수준인 200만원으로 낮추겠다고 제안했다. 다른 후보는 월급을 50% 삭감한 뒤 사업 진행 속도에 따라 추가 반납할 수 있다고 언급했다. 조합장의 외부 활동을 위해 지원하던 고급 승용차도 후보 모두 매각하겠다는 공약을 내걸었다.  한 조합원은 “후보 모두 조합 사무실을 줄여서라도 사업비 부담을 낮추겠다는 공약을 냈다”며 “전임 집행부의 사업비 지출에 불만이 있는 조합원이 많았던 게 영향이 있었다”고 말했다.  다른 지역 정비사업지도 마찬가지다. 서울 영등포구의 한 재건축 조합은 최근 선거를 앞두고 조합장 후보가 자진해 월급 삭감 공약을 내걸었다. 연 8000만원 수준인 임금을 반으로 줄이고 사업비 지출도 거의 없애겠다고 한 것이다. 서울 노원구의 재건축조합 추진위원장도 추진위원에게 사비를 들여 남은 일정을 추진하겠다는 약속을 했다.  정비업계에선 최근 늘어난 공사비 부담이 영향을 미쳤다고 설명한다. 조합원이 내야 하는 분담금이 증가하는 상황에서 그간 사업 추진을 대가로 묵인해 온 높은 조합장 임금에 제동을 걸었다는 것이다.  최근에는 사업 부진을 이유로 해임되는 조합장이 늘어나고 있다. 노원구 월계동신에서는 공사비 증액 협상이 늦어진다는 이유로 조합원이 조합장 해임총회를 발의했다. 서울 강남구 청담삼익 재건축도 일부 조합원의 반발이 계속되자조합장이 자진해서 사퇴했다. 정비업계 관계자는 “이젠 청산을 늦추며 조합장이 월급을 계속 받던 관행도 고발 대상이 됐다”며 “당장 매달 분담금이 불어나는 상황에서 조합원이 불합리한 관행을 묵인하지 않고 있다”고 설명했다.  유오상 기자     ▶▶[급등종목]◀◀ 지금 ""1,000만원""만 있다면 당장 ""이것"" 매수해라!! >>> ( 무료공개)  >> ★무료카톡방★ 이제 추천주 ""무료""로 받으세요! ★무료카톡방★  ▶▶ 월0.2%대 최저금리 X 주식자금 4배 X 100%집중투자 => 부자네스탁론  [단기에 부자가 되는 방법] 상위 1%만의 강의 무료 제공 중 (pw:4560)  나에게 맞는 종목추천 AI알고리즘을 찾고 싶다면? 한경 로그인만 하면 1개월 무료 체험가능  [오늘의 이슈] 급등임박! 올해 반드시 상승할 ""실시간 TOP3"" 확인하세요! ▶▶ 무료 클릭!                관련기사 라면 아무거나 3팩 담아 9900원…'파격 할인' 유명 개그맨 앞세운 사기에 수천명 당했다 ""AI 앞세워 식민지 지배""…최악의 시나리오 등장 '억대연봉' 조합장 결단…""월급 200만원 받겠다"" 한국 기술에 日 '러브콜'…2500억 잭팟터졌다    ⓒ 한국경제 & hankyung.com, 무단전재및 재배포 금지"
187,7,"2024-01-02","00:35:33","경북 영양·봉화…양수발전소 유치","나에게 맞는 종목추천 AI알고리즘을 찾고 싶다면? 한경 로그인만 하면 1개월 무료 체험가능     3조 규모…2038년 완공     [ 오경묵 기자 ] 경상북도는 산업통상자원부의 신규 양수발전 사업자 공모에 영양군과 봉화군이 선정됐다고 1일 발표했다.  총사업비가 3조원 정도 투자되는 두 발전소는 2038년 완공될 예정이다. 영양군엔 일월면 용화리 일원에 전국 최대 용량인 1000㎿ 발전소가 세워진다. 2조원 정도의 사업비가 투입된다. 봉화군엔 소천면 두음리와 남회룡리 일원에 500㎿ 용량으로 만들어지며 1조원 정도의 사업비가 들어간다.  경상북도는 영양·봉화 양수발전소 2곳을 모두 유치하기 위해 신규 원자력발전소 4기(5600㎿)와 풍력, 태양광 등 재생에너지 변동성 대응의 최적 입지를 정부에 건의했다고 밝혔다. 또 영양·봉화 양수발전소의 송전선로 공동이용 합의를 주도해 1565억원이절감되도록 했다.  양수발전소는 전국 최대 용량의 발전소다. 이미 가동하고 있는 예천군(800㎿)과 청송군(600㎿)을 합치면 총 2900㎿로 경북은 원자력발전소 2기에 해당하는 용량을 갖추게 된다.  경상북도 관계자는 “원자력에 이어 전국 최다 양수발전소가 있는 경북이 값싼 전력이 필요한 기업 유치에 유리한 위치에 서게 됐다”고 말했다.  양수발전소 유치로 영양군은 60년간936억원, 봉화군은 469억원을 지원받는다.  안동=오경묵 기자     ▶▶[급등종목]◀◀ 지금 ""1,000만원""만 있다면 당장 ""이것"" 매수해라!! >>> (무료공개)  >> ★무료카톡방★ 이제 추천주 ""무료""로 받으세요! ★무료카톡방★  ▶▶ 월0.2%대 최저금리 X 주식자금 4배 X 100%집중투자 =>부자네스탁론  [단기에 부자가 되는 방법] 상위 1%만의 강의 무료 제공 중 (pw:4560)  나에게 맞는 종목추천 AI알고리즘을 찾고 싶다면? 한경 로그인만 하면 1개월 무료 체험가능  [오늘의 이슈] 급등임박! 올해 반드시 상승할 ""실시간 TOP3"" 확인하세요! ▶▶ 무료 클릭!                관련기사 라면 아무거나 3팩 담아 9900원…'파격 할인' 유명 개그맨 앞세운 사기에 수천명 당했다 ""AI 앞세워 식민지 지배""…최악의 시나리오 등장 '억대연봉' 조합장 결단…""월급 200만원 받겠다"" 한국 기술에 日 '러브콜'…2500억 잭팟 터졌다    ⓒ 한국경제 & hankyung.com, 무단전재 및 재배포 금지"
188,1,"2024-01-02","00:01:36","1일 0시 3.15kg으로…새해 첫둥이는 12년 난임 부부 아들","나에게 맞는 종목추천 AI알고리즘을 찾고 싶다면? 한경 로그인만 하면 1개월 무료 체험가능     1일 0시에 3.15㎏로 태어난 '아홍이'      [ 남정민 기자 ]  1일 0시, 서울 역삼동 강남차여성병원에서 임아연 씨(38)가 제왕절개로 3.15㎏의 아들을 출산했다. 엄마 임씨와 아빠 이주홍 씨(44)는 결혼 12년 만에 난임을 극복하고 2024년 새해 첫둥이인 아홍이(태명·사진)를 낳았다. 임씨와 이씨는 “난임으로고생하는 부부들을 위해 국가적인 관심과 정책이 늘어나면 좋겠다”며 “많은 난임부부를 진심으로 응원한다”고 말했다. 주치의인 차동현 강남차여성병원장은 “저출산이 심해지는 상황에서 소중하고 귀한 아기 탄생을 함께할 수 있어 뜻깊었다”며 “생명의 소중함을 나누는 새해 첫날이 되기를 바란다”고 했다.  남정민 기자     ▶▶[급등종목]◀◀ 지금 ""1,000만원""만 있다면 당장 ""이것"" 매수해라!! >>> (무료공개)  >> ★무료카톡방★ 이제 추천주 ""무료""로 받으세요! ★무료카톡방★  ▶▶ 월0.2%대 최저금리 X 주식자금 4배 X 100%집중투자 => 부자네스탁론  [단기에 부자가 되는 방법] 상위 1%만의 강의 무료 제공 중 (pw:4560)  나에게 맞는 종목추천 AI알고리즘을 찾고 싶다면? 한경 로그인만 하면 1 개월 무료 체험가능  [오늘의 이슈] 급등임박! 올해 반드시 상승할 ""실시간 TOP3"" 확인하세요! ▶▶ 무료 클릭!                관련기사 라면 아무거나 3팩 담아 9900원…'파격 할인' 유명 개그맨 앞세운 사기에 수천명 당했다 ""AI 앞세워 식민지 지배""…최악의 시나리오 등장 '억대연봉' 조합장 결단…""월급 200만원 받겠다"" 한국 기술에 日 '러브콜'…2500억 잭팟 터졌다    ⓒ한국경제 & hankyung.com, 무단전재 및 재배포 금지"
188,2,"2024-01-02","00:01:10","송윤재 前 현대상선 고문 별세","나에게 맞는 종목추천 AI알고리즘을 찾고 싶다면? 한경 로그인만 하면 1개월 무료 체험가능     국내 최대 해운사 HMM의 전신인 아세아상선 설립 실무를 총괄한 송윤재 전 현대상선 고문이 지난달 30일 별세했다. 향년 89세.  1973년 현대건설에 입사한 뒤 현대중공업이 해운 경기 침체로 고전하던 1976년 3월 아세아상선 설립을 주도했다. 1981년 아세아상선 대표이사 전무, 1984년 현대상선 대표이사 부사장, 2000년 현대상선 고문 등을 지냈다. 빈소는 서울아산병원 장례식장에 마련됐다. 발인은 3일이다.     ▶▶[급등종목]◀◀ 지금 ""1,000만원""만 있다면 당장 ""이것"" 매수해라!! >>> (무료공개)  >> ★무료카톡방★ 이제 추천주 ""무료""로 받으세요! ★무료카톡방★  ▶▶ 월0.2%대 최저금리 X 주식자금 4배 X 100%집중투자 =>부자네스탁론  [단기에 부자가 되는 방법] 상위 1%만의 강의 무료 제공 중 (pw:4560)  나에게 맞는 종목추천 AI알고리즘을 찾고 싶다면? 한경 로그인만 하면 1개월 무료 체험가능  [오늘의 이슈] 급등임박! 올해 반드시 상승할 ""실시간 TOP3"" 확인하세요! ▶▶ 무료 클릭!                관련기사 라면 아무거나 3팩 담아 9900원…'파격 할인' 유명 개그맨 앞세운 사기에 수천명 당했다 ""AI 앞세워 식민지 지배""…최악의 시나리오 등장 '억대연봉' 조합장 결단…""월급 200만원 받겠다"" 한국 기술에 日 '러브콜'…2500억 잭팟 터졌다    ⓒ 한국경제 & hankyung.com, 무단전재 및 재배포 금지"
188,3,"2024-01-02","00:00:50","한국항공우주학회장 황창전 취임","나에게 맞는 종목추천 AI알고리즘을 찾고 싶다면? 한경 로그인만 하면 1개월 무료 체험가능     황창전 한국항공우주연구원 책임연구원(사진)이 1일 한국항공우주학회 제37대 회장에 취임했다. 임기는 1년이다. 황 신임 회장은 1989년 서울대 항공공학과를 졸업했다. KAIST 항공우주공학과에서 석·박사 학위를 받았다. 1995년 항우연에 입사해 연구기획조정팀장, 민수헬기개발팀장, 개인항공기사업단장 등을 지냈다.     ▶▶[급등종목]◀◀ 지금 ""1,000만원""만 있다면 당장 ""이것"" 매수해라!! >>> (무료공개)  >> ★무료카톡방★ 이제 추천주 ""무료""로 받으세요! ★무료카톡방★  ▶▶ 월0.2%대 최저금리 X 주식자금 4배 X 100%집중투자 => 부자네스탁론  [단기에 부자가 되는 방법] 상위 1%만의 강의 무료 제공중 (pw:4560)  나에게 맞는 종목추천 AI알고리즘을 찾고 싶다면? 한경 로그인만 하면 1개월 무료 체험가능  [오늘의 이슈] 급등임박! 올해 반드시 상승할 ""실시간 TOP3"" 확인하세요! ▶▶ 무료 클릭!                관련기사 라면 아무거나 3팩 담아 9900원…'파격 할인' 유명 개그맨 앞세운 사기에 수천명 당했다 ""AI 앞세워 식민지 지배""…최악의 시나리오 등장 '억대연봉' 조합장 결단…""월급 200만원 받겠다"" 한국 기술에 日 '러브콜'…2500억 잭팟 터졌다    ⓒ 한국경제 & hankyung.com, 무단전재 및 재배포 금지"
188,4,"2024-01-02","00:00:01","[알림] 연합뉴스 콘텐츠 저작권 고지","[알림] 연합뉴스 콘텐츠 저작권 고지       연합뉴스가 제공하는 기사, 사진, 그래픽, 영상 등 모든 콘텐츠는 관련 법의 보호를 받습니다. 연합뉴스 콘텐츠를 사전허가 없이 전재·방송하거나 무단으로 복사·배포·판매·전시·개작할 경우 민·형사상 책임이 따를 수 있습니다. 콘텐츠 사용과 관련해 궁금한 점이 있으면전화(☎:02-398-3655) 또는 이메일(qlfflqew@yna.co.kr)로 문의하기 바랍니다.  (끝)     <저작권자(c) 연합뉴스, 무단 전재-재배포 금지>"
188,5,"2024-01-02","00:00:01","유튜브 전설 ‘아기상어’의 탄생 [그해 오늘]","2024년 신년운세 토정비결 사주 확인!  [이데일리 김혜선 기자] “아기 상어~뚜루룹뚜루~”     (사진=핑크퐁컴퍼니 유튜브 캡처)  2016년 1월 2일. 미취학 아동의 마음을 사로잡은 유튜브 콘텐츠 ‘아기상어’가발매됐다. 더핑크퐁컴퍼니의 유튜브 채널에 공개된 ‘아기상어’는 중독성 있는 멜로디와 귀여운 캐릭터로 순식간에 어린이들의 눈길을 사로잡았고, 이후 영어로 번역돼 2016년 6월 공개된 ‘Baby Shark Dance’ 영상은 이날 현재까지 138억회 재생됐다.  ‘아기상어’는 오래전부터 영미권에서 어린 아이들이 부르는 동요지만 전 세계적인 인기를 끈 것은 핑크퐁이 편곡한 버전이었다. 얼마나 인기가 좋았는지 국내에서는 2016년 추석에 쟁쟁한 아이돌 노래를 모두 제치고 멜론 ‘급상승 차트’ 1위를 차지했고 여러 국가 버전으로 만든 영상도 큰 인기를 끌었다. ‘아기상어’로 제작된 콘텐츠는 25개 언어로 6천 편이 넘는다.  특히 영어로 된 ‘Baby Shark Dance’ 영상은 지난 2020년 11월 전세계 유튜브 조회수 1위에 등극했고, 2022년 1월에는 세계 최초로 유튜브 누적 조회수 100억 뷰를 달성해 신기록을 세웠다. 유튜브 조회수 2위 영상은 푸에르토리코 가수 루이스 폰시의 ‘데스파시도(Despacito)’로 이날 현재 조회수 83억회인 것을 고려하면 ‘아기상어’의 위상을 느낄 수 있다.  지난 2019년에는 ‘아기상어’ 음원이 빌보드 차트 32위에 진입했다. 내로라하는 한류스타인 방탄소년단, 블랙핑크, 싸이 등과 어깨를 나란히 한 것이다. 미국의 유명 토크쇼 ‘엘런쇼’에서도 핑크퐁의 편곡 버전을 소개하는 등 관심을 가졌다.   한편, 올해는 ‘아기상어’ 기념우표도 출시될 예정이다. 앞서 과학기술정보통신부 우정사업본부는 ‘핑크퐁과 아기상어’ 등 2024년 기념우표 21종 발행 계획을 밝힌 바 있다. ‘아기상어’ 기념우표는 어린이날에 맞춰 발행될 예정이다.     ▶▶[무료공개]◀◀ 지금 ""1,000만원""만 있어도 당장 ""이것""부터 사라!! >>> (무료체험)  [AI분석] 이번주 급등주 찾기!! ""500만원으로 20억"" 버는 종목 공개!! ▶무료로 확인가능◀     ＜ⓒ종합 경제정보 미디어 이데일리 - 무단전재 & 재배포 금지＞    "
188,6,"2024-01-01","23:59:04","황희찬 풀타임…울버햄튼, 첼시꺾고 최근 홈 7연속 무패","황희찬이 첼시의 바디아쉴이 볼을 잡자 강력히 압박하고 있다.[AP]  [헤럴드경제=김성진 기자] 황희찬이 풀타임 활약한 울버햄튼이 첼시를 꺾고 귀중한 승점 3점을 따냈다.   울버햄튼은 24일(한국시간) 영국 울버햄튼의 몰리뉴 스타디움에서 열린 프리미어리그 18라운드 홈 경기에서 첼시를 2-1로 꺾었다.  황희찬은 공격포인트를 올리지는 못했지만 2선에서 활발한 움직임을 펼치며 첼시 수비진을 괴롭혔다. 황희찬은 현재 리그에서 8골(2도움), 리그컵(카라바오컵) 1골 등 9골을 기록 중이다.  황희찬은 전반막판 사라비아의 롱패스를 받아 골키퍼와 1대1 찬스를 맞아 달려들며 강슛을 날렸지만 아쉽게 골포스트를 넘어갔고, 후반 8분에는 문전에서볼을 받아 터닝슛을 노리는 과정에서 수비가 손을 썼지만 주심은 파울을 불지 않았다.    황희찬이 경기 후 첼시의 골키퍼 페트로비치와 인사를 나누고 있다.[AFP]  울버햄튼은 후반 6분 르미나가 오른쪽 구석에서 올라온 공을 문전에서 헤더로 선제골을 터뜨렸다.   울버햄튼은 후반 추가시간 상대 수비수가 제대로 걷어내지 못한 볼이 굴러오자 맷 도허티가 골대 정면 페널티 지역에서 오른발 인사이드킥으로 골망을 흔들어 가볍게 추가골을 넣었다. 첼시는 계속된 추가시간 은쿤쿠가 헤더로 1골을 따라붙었지만 시간이 모자랐다.   3경기 만에 승리를 추가한 울버햄튼은 승점 22(6승 4무 8패)로 11위로 순위를 끌어올렸다. 울버햄튼은 특히 최근 홈 7경기에서 4승 3무를 기록중이다.         ▶ 무조건 오르는 비공개 급등종목 ""반드시"" 확인하기 >> 오늘의 추천종목 정보 제공 받기 <<    ▶ 급등 임박! 반드시 상승할 ""유망 종목 TOP3"" 실시간 시세 확인하기 >> 종목 무료로 받아보기 <<    ▶ 비트코인 와르르 大폭락에 OO테마주 들썩, 상위 1% TF팀 >> 선착순 100명 급등 종목 무료제공 <<     ▶ 내 계좌 '5억'만들기 프로젝트! VIP 서비스 5일 무.료.체.험 EVENT >>보유 종목 무료분석<<        ▶ 상위 1%의 급등주 정보, 선착순 100명에게 무료로 제공 중… >>초대형 대장주 비밀리에 입수<<       ▶ 단 돈 ""만 원"" 있어도 10배 이상 터질 종목 ""지금"" 사도 무조건 터진다 >> 매일 VIP 무료추천주 <<       ▶ 아무도 몰랐던 급상승 ""VIP 히든종목"" 분석자료 선착순 무료제공!! >>최상위종목 ""시세"" 확인하기<<"
188,7,"2024-01-01","23:53:19","‘관동대지진’ 100년만에...진도 1부터 7까지 일본 전역이 영향권[이시카와현 지진]","밤새 여진 이어져 日 ‘공포의 밤’ 규모 큰 데 비해 인명피해는 적어 “해저에서 지진 발생 가능성 있어” 시간차 두고 쓰나미 올까 걱정   새해 첫날인 1일 일본에서 최대 규모 7.6의 강진이 발생하고, 일본 북부 연안은 물론 한국과 북한까지 대형 지진해일(쓰나미) 경보가 내려졌다. 아사히 신문이 일본 기상청 자료를 분석한 바에 따르면 일본 전역이 이번 지진 영향권안에 들었고, 지진 발생지역인 이시카와현(최고 7)을 비롯해 일본 서쪽 연안과 중부 도심까지 크게 흔들린 것으로 나타났다. 이날 늦은밤까지 큰 피해가 보고되지는 않았지만, 시간 차가 있는 여진과 지진해일 특성상 마음을 놓을 수 없다고 전문가들은 조언한다. 일본 정부도 9개현 주민 9만여 명에게 대피령을 내리고 가능한 지진 발생지역에서 멀리 대피하라고 전했다. 이날 지진이 발생한 일본 노토 반도는 지난 2020년 12월부터 지진 활동이 활발했던 곳이다. 아사히신문은 최근 3년 새 진도 1 이상의 지진이 506회나 발생했다고 보도했다. 일각에서는 올해가 관동대지진 100주년이라는 점을 들어 '지진 100년 주기설'을 거론하며 큰 지진이 오는 것 아니냐는 불안감도 확산되고 있다. 특히 이번 지진 강도가 통상 있어왔던 지진보다 훨씬 센 만큼 추가 피해가 우려된다. 실제로 밤새 크고 작은 여진이 수십차례 이어지며 시민들이 불안에 떨었다. 추가적으로 거대한 쓰나미가 몰려올 가능성도 있다. 실제로 지난 1983년 일본해중부지진때에는 10m가 넘는 쓰나미가 발생한 적도 있는 것으로 알려졌다. 규모 7에 해당할만큼 큰 움직임이 있었던 만큼 해저에서 추가지진이 일어날 가능성이 있고, 이 경우 예상치못한 쓰나미가 발생할 수 있다. 특히 우리나라와 북한 동해안까지 영향을 미칠 수 있어 각별한 주의가 요망된다. 행정안전부는 이날오후 4시 40분께부터 비상대응반을 꾸리고 대책 마련에 나섰다. 행안부는 동해안 지역 부단체장에게 주민들의 해안가 접근을 막고, 선박을 안전한 곳으로 이동할 것을 당부했다. 해양수산부와 해양경찰청 등에는 비상근무를 철저히 할 것을 강조했다. 행안부 관계자는 “앞으로 하루 정도는 더 상황을 모니터링할 예정”이라며 “해당 지역 주민들은 기상청 등에서 별도 안내가 있기 전까지는 절대 해안가로 접근해서는 안 된다”고 밝혔다.    [ⓒ 매일경제 & mk.co.kr, 무단 전재, 재배포 및 AI학습 이용 금지]"
189,1,"2024-01-01","22:53:47","日 강타한 지진에 도로 쩍쩍…""심폐정지, 매몰자 발생"" 피해 늘 듯","[머니투데이 윤세미 기자] 새해 첫날 일본 열도를 강타한 규모 7.6 강진으로 인해 2명이 심폐정지 상태인 것으로 전해졌다. 피해 집계가 이어지면서 사상자는 늘어날 수 있다.   NHK는 경찰청을 인용해 이시카와현 나나오시에서 주민 2명이 심폐정지 상태라고 보도했다. 앞서 하야시 요시마사 관방장관은 기자회견에서 이시카와현에서 건물 붕괴 등으로 6명이 매몰돼 있다는 보고를 받았다고 밝히는 등 사상자는 점점 늘어나는 모양새다.   오후 4시10분 첫 지진 후 수십 차례 여진이 이어지는 가운데 지진 발생 후 6시간이 지난 현재 사상자를 포함해 종합적인 피해 집계는 발표되지 않고 있다.   NHK는 각지 소방과 병원 등을 개별 취재한 결과 이시카와현, 니가타현, 후쿠이현, 도야마현, 기후현 등 5개 현에서 복수의 사람이 다친 것으로 파악되며, 일부 주민들은 무너진 주택에 매몰됐다는 정보가 잇따른다고 전했다.   또 이날 지진으로 인해 사이타마현과 니가타현을 잇는 조에쓰 신칸센 등의 운행이 중단됐고 니가타 공항 등의 항공편은 결항됐다. 니가타현과 이시카와현 일부에서는 통신 서비스에 장애가 발생했다. 이시카와현에선 3만여 가구의 정전과 대형 화재도 보고됐다.   이날 발생한 규모 7.6의 지진은 2011년 3월 동일본대지진 때의 9.0보다 작지만 1995년 1월 한신대지진 때의 7.3보다는 큰 규모다. 진도 기준으로 진도 7의 지진은 2018년 9월 홋카이도 지진 후 처음이다.   일본 기상청은 앞으로 2~3일 동안 진도 7에 이르는 여진이 뒤따를 수 있다고 경고한 상황이라 지진 피해는 늘어날 수 있다. 진도는 지진의 절대 강도인 규모와 달리 흔들림을 기준으로 측정한다. 진도 7은 서 있기가 불가능한 정도인 최고 등급에 해당한다.   일본 기상청은 지진 발생 후 이시카와현 노토 지역에 최대 예상 높이 5m의 쓰나미 경보를 발령하기도 했다. 교도통신은 대형 쓰나미 경보 발령은 동일본 대지진 이후 처음이라며 5만여명 주민이 피난 지시를 받았다고 전했다.   하와이에 본부를 둔 태평양 쓰나미경보센터는 지질 발생 후 4시간이 넘은 오후 8시50분쯤 강진으로 인한 쓰나미 위협은 ""대부분 지나갔다""고 발표했다.   이시카와현 시카 원자력발전소를 비롯해 원전에는 이상이 없는 것으로 파악됐다. 하야시 관방장관은 ""원전에는 현시점에서 이상이 없는것으로 확인됐다""며 ""인적, 물적 피해에 대해서는 확인 중""이라고 했다.   기시다 후미오 일본 총리는 지진 발생 후 총리 관저 위기관리센터에 대책실을 설치해 긴급 재해 대책에 만전을 기해줄 것을 지시했다.     [관련기사] ☞ 박민영 전 남친 논란에... ""내내 후회, 정신과 검사서 위험신호"" ☞ 서하얀, 남편 임창정 주가조작 논란 후 첫 SNS ""겨울 지나 봄"" ☞ 프로파일러 배상훈 ""시신 트라우마... 집에 칼 없고 가구 문 다 열어"" ☞ 故이선균협박녀 얼굴 공개됐다…""95년생 미혼모"" 신상공개한 유튜버 ☞ 가수는 갔지만 노래는 남아, 천국서 히트한 '내 눈물 모아'[뉴스속오늘]   윤세미 기자 spring3@mt.co.kr     키워드림론 최대 4배 주식자금 & 고금리 대환상품 한도 오픈! (1644-6960)   [무료운세] 믿어야 돼 말아야 돼? 종목매수전에 믿고보는 '오늘의 운세'        [파워 인터뷰]       매수전에 점 부터 보고 가실께요 -> 오늘의 운세 [복채무료]      ⓒ 머니투데이 & mt.co.kr, 무단 전재 및 재배포 금지"
189,2,"2024-01-01","22:52:19","“반도체·AI·디지털전환 전문인력 양성에 집중할 것”","박은숙 신임 중소벤처기업연수원장   중소벤처기업진흥공단은 중소벤처기업연수원 박은숙 신임 원장이 1일 부임했다고 밝혔다. 박 원장은 중진공에서 강원지역본부장, 리스크준법처장, 수도권경영지원처장 등 주요 보직을 거쳤다. 이번 인사에서 중소기업 지원 실무능력및 인재개발업무 경력을 겸비한 적임자로 평가받아 중소벤처기업연수원장으로 부임했다. 박 원장은 “41년간 인재육성을 위해 노력한 중소벤처기업연수원의 역사를 이어받아 새로운 산업분야의 인력을 양성 지원하겠다”며 3대 중점 인력양성분야로 반도체와 인공지능(AI), 디지털 전환 등을 설정했다. 박 원장은 “기업의 전문 인력 수요와 교육기관 간 공급의 불균형을 최소화하는 데 노력하겠다”고 전했다.    [ⓒ 매일경제 & mk.co.kr, 무단 전재, 재배포 및 AI학습 이용 금지]"
189,3,"2024-01-01","22:49:57","“큰 싸움 벌일 것”…이낙연, 이재명과 만남 이틀만에 창당 선언","이낙연, 지지자들과 신년산행 “국민께 새 선택지 드려야 해” 창당 질문에 “고별인사 먼저”  이번주 신당 선언 가능성 주목  이준석도 창당 작업에 속도 “2~3주 내 창당 절차 완료”   이낙연 더불어민주당 대표가 새해 첫날인 1일 지지자들 산행에서 “국민에게 양자택일이 아닌 새로운 선택지를 드려야 한다”며 신당에 대한 의지를 선명히 했다. 자신의 입으로 ‘창당’이라는 말만 꺼내지 않았을 뿐 사실상 창당 선언을 한 것이라는 해석이 나온다. 1일 이 전 대표는 경기도 고양시 행주산성에서 지지자들과 만나 “우리는 올해 절망에 빠진 국민께 희망을 드려야 한다. 그러자면 우리는 큰 싸움을 벌여야만 한다”고 밝혔다. 그러면서 “그 싸움은 정치를 이대로 둘 수 없다는 세력과 정치가 이대로 좋다는 세력의 한판 승부가 될 것”이라며 “국민께 새로운 선택지를 드리겠다는 세력과 선택의 여지를 봉쇄해서 기득권을 유지하겠다는 세력의 한판 승부가 될 것”이라고 강조했다. 이 전 대표는 “우리는 국가와 국민을 위해 끊임없이 뭔가를 생산하는 정치로 가야 한다”며 “우리는 그 길을 갈 것이다. 그 길은 어렵고 고통스러운 길이 될 것”이라고 했다. 다만 이 전 대표는 행사 후 구체적인 신당 창당 일정을 묻는 취재진 질문에 “당원들에게 고별 인사라도 드리고, 그 다음 순서가 있는 것”이라고 말했다. 민주당 당원들에게 탈당에 대한 이해를 구한 뒤 창당 작업을 본격화하겠다는 뜻이다.  이 전 대표는 오는 4일 창당 선언을 한다는 보도에 대해선 “장소가 예약되지 않았기 때문에 확답을 드릴 수 없다”고 했다. 창당 작업에 대해서는 “(총선일로부터)역산하면 그리 많은 시간이 남아 있지 않다는 걸 알 것”이라고 답했다. 당내 비주류 의원들과의 소통 여부와 관련해 이 전 대표는 “뜻을 같이하는 분들은 함께 하겠지만 현역 정치인들은 고려 사항이 많아 일이 복잡하다”며 “그분들이 뜻하는 것을 하시도록 기다리고 길을 열어드리는 게 맞는다”고 말했다. 이날 신년 인사회에는 이석현 전 국회부의장, 신경민 전 의원, 남평오 전 국무총리실 민정실장, 최성 전 고양시장 등을 비롯해 수백명의 지지자가 결집했다. 이 전 대표는 산행 중간 지지자들과 ‘이낙연 신당 파이팅’이라고 구호를 외치기도 했다. 이 전 부의장은 지지 연설에서 “지금 민주당에는 김대중 정신이나 노무현 정신은 온데간데없고 두 분 사진만 쓸쓸히 남아 있다”며 “우리가 뭘 지키기 위해 단합해야 하나. 우리는 (김대중·노무현)정신과 가치를 수호하기 위해신당을 만들어야 한다”고 목소리를 높였다.  한편 이준석 전 국민의힘 대표가 주도하는 ‘개혁신당(가칭)’도 창당에 속도를 내고 있다. 천하람 개혁신당 창당준비위원장은 이날 서울역 대회의실에서 신년하례회를 열고 “2~3주 내 창당 절차 완료를 기대하고, 1월 말 정도 공천 신청을 받을 예정”이라 말했다. 개혁신당 정강정책위원장인 이준석 전 대표는 “초승달은 꼭 차올라 보름달보다 더 커질 것”이라고 강조했다. 이 전 대표는 이낙연 전 대표와의 연대와 관련해선 “나와 다른 점이 있고 성품이 또 다른 분이기 때문에 상당히 상호보완적 결합을 할 수 있는 대상이란 기대감을 가지고 있다”며 가능성을 열어놨다.    [ⓒ 매일경제 & mk.co.kr, 무단 전재, 재배포 및 AI학습 이용 금지]"
189,4,"2024-01-01","22:49:16","새해 첫날 열도 강타한 日 강진…산사태·화재·도로 파손 등 이어져","1995년 한신 대지진보다 큰 규모 도쿄에서도 큰 흔들림 느낄 정도 쓰나미 경보·주의보 대거 울렸지만 실제 피해로 연결된 곳은 많지 않아   현지 교민피해 등 보고된 바 없어 고마쓰 공항서 묶인 관광객 발 동동   새해 첫날 일본 혼슈 동해안 지역인 이시카와현을 강타한 지진으로 일본 열도가 공포에 휩싸였다. 지진 규모가 7.6으로 1995년 한신 대지진 때보다 큰 데다, 밤새 계속해서여진이 이어지고 있기 때문이다. 일본 기상청의 지진 등급인 진도는 절대 강도를 의미하는 규모와는 달리, 지진이 일어났을 때 해당 지역에 있는 사람의 느낌이나 주변 물체 등의 흔들림 정도를 수치로 나타낸 상대적 개념이다. 진도는 사람이 흔들림을 감지하지 못하고 지진계에만 기록되는 ‘0’부터 서 있기가 불가능한 ‘7’까지 10단계로 나뉜다. 1일 일본 기상청에 따르면 2020년대 들어 진도 7 규모의 흔들림이 관측된 것은 이번이 처음이다. 규모로는 2011년 동일본대지진의 9.0 이후 최대다. 일본 기상청은 향후 일주일간 지진 상황을 예의주시해달라고 당부했다. 특히 2~3일간은 집중적으로 여진이 이어지기 때문에, 가급적 진원지에서 벗어나 피난해 달라고 요청했다. 지진과 동시에 진원지인 이시카와현을 포함해 동해에 면한 후쿠이현, 도야마현, 니가타현, 야마가타현, 아키타현 등에 쓰나미(지진해일) 경보·주의보가 울렸다. 기상청은 애초 이시카와현 노토 지역에 5m가 넘는 대형 쓰나미가 발생할 것으로 경고했지만, 실제로는 이보다 낮은 것으로 알려졌다. 동일본대지진 이후 이런 대규모 쓰나미 경보가 내려진 것은 처음이다.  이시카와현과 후쿠이현 등에는 일본 원전이 다수 분포되어 있다. 쓰나미 경보가 발령됐을 때 가장 우려됐던 부분이 원전의 안전이었다. ‘제2의 후쿠시마 사태’가 벌어질 수도 있다는 우려 때문이다. 다행히 일본 정부는 지진이 발생한 이시카와현의 시카 원전 등을 포함해 원전 피해는 아직일어나지 않았다고 밝혔다. 지진으로 이시카와현과 후쿠이현 도야마현 등에는 산사태와 화재, 도로 파손 등 다양한 피해가 발생했다. 당장 3만2600가구가 정전됐고, 쓰나미 경보 발령으로 인해 해안가 지역에 거주하는 상당수 시민이 집을 떠나 고지로 대피한 상황이다. 교도통신은 후쿠이·돗토리·아키타·후쿠오카·사가현 등 5개현에서 5만여 명의 주민에게 피난 지시가 내려졌다고 전했다. 일본 정부는 지진 현장에 자위대를 급파해 주민들을 돕고 도로와 수도, 전기 등 기반 시설을 보조하도록 했다. 또 경시청에서도 특수구조대를 파견해 혹시나 있을 수 있는 매립 피해자 등에 대한 구조 작업을 준비하도록 했다. 일본 정부는 인명 피해와 관련해 자세한 설명을 내지 않고 있다. 일부 소셜네트워크서비스(SNS)에서 인명 피해가 추정되는 장면이 나오고 있고, 사망자 대신 부상자 속보는 꾸준히 들어오는 상황이다.  지진으로 인해 인근을 지나는 도로 상당수도 파괴된 상황이다. 또 호쿠리쿠 신칸센 등 현지 지역을 오가는 신칸센일부 노선도 중단됐다. 이로 인해 물류 회사들은 2~3일간 배달이 중단되거나 지연될 것으로 예상했다. 또 세븐일레븐·패밀리마트·로손 등이 지역 편의점 200여곳도 상당기간 문을 닫는다. 이시카와현 인근 주 니가타 총영사관과 민단 등에 따르면 교민 피해 등은 거의 없는 것으로 알려졌다. 교민들은 현재 쓰나미 방송 지시에 따라 인근 고지대 등으로 대피했다. 한국인 교민은 진앙과 가까운 지역인 이시카와현에 1200여 명, 도야마현에 800여 명 등이 각각 거주하는 것으로 알려졌다. 현재 진원지와 가까운 노토 공항과 고마쓰 공항은 전면 폐쇄됐다. 일본항공과 전일본공수 등 이 지역으로 향하는 비행기들은 지진 이후 목적지를 바꾸거나, 출발지로 되돌아온 것으로 알려졌다. 노토공항은 이미 3cm 정도 활주로가 들려진 상태라 당분간 가동이 어려울 것으로 예상됐다. 고마쓰 공항도 활주로에 문제가 있는 것으로 알려졌는데, 실제 점검을 위해서는 육안 확인이 필요한데 쓰나미 경보로 인해 이를 진행하기 어려운 상황이다. 고마쓰 공항은 현재 대한항공이 취항하는데, 2일 오전 인천공항행 비행편이 예정되어 있다. 고마쓰 공항 폐쇄가 이어질 경우 연휴를 맞아 이 지역으로 온 휴가를 온 한국인 관광객 상당수의 발이 묶일 것으로 보인다.    [ⓒ 매일경제 & mk.co.kr, 무단 전재, 재배포 및 AI학습 이용 금지]"
189,5,"2024-01-01","22:48:53","행안부 ""동해안 지진해일 인명피해 없어…비상대응반 운영""","행안부 ""동해안 지진해일 인명피해 없어…비상대응반 운영""       (서울=연합뉴스) 이상서 기자 = 일본 이시카와현 노토(能登)반도 지역에서 1일 오후 추정 최대 규모 7.6의 강진이 발생한 가운데 행정안전부는 ""현재까지 동해안에 이번 지진으로 인해 발생한 인명 피해와 물적 피해는 없다""고 밝혔다.      행안부에 따르면 이날 오후 9시 40분 현재 강원도 동해안과 경북 해안가 지역에서 접수된 인명 피해나 물적 피해는 없는 것으로 집계됐다.      오후 4시 40분께부터 비상대응반을 꾸린 행안부는 동해안 지역 부단체장에게 주민들의 해안가 접근을 막고, 선박을 안전한 곳으로 이동할 것을 당부했다.      특히 오후 8시 기준 지진해일의 최고 높이가 67㎝에 달한 묵호항이 있는 강원 동해시에는 지역재난안전대책본부를 가동할 것을 요청했다.      해양수산부와 해양경찰청 등에는 비상근무를 철저히 할 것을 강조했다.      행안부 관계자는 ""앞으로 하루 정도는 더 상황을 모니터링할 예정""이라며 ""해당 지역 주민들은 기상청 등에서 별도 안내가 있기 전까지는 절대 해안가로 접근해서는 안 된다""고 밝혔다.      기상청에 따르면 이날 오후 4시 10분께 일본 이시카와현 해역 강진으로 발생한 지진해일(쓰나미)이 동해안에서 관측됐다.       오후 8시 기준 지진해일 최고 높이는 묵호 67㎝, 속초 41㎝, 임원 30㎝, 남항진 20㎝, 후포 18㎝이다.      기상청은 지진해일 높이가 주의보 발령기준에 못 미치는 0.5ｍ(50㎝) 미만에 머물 것으로 예상했다.      shlamazel@yna.co.kr  (끝)     <저작권자(c) 연합뉴스, 무단 전재-재배포 금지>"
189,6,"2024-01-01","22:48:34","평창군 장평리 LPG충전소 화재...전신화상 2명 등 부상 5명","[평창=뉴스핌] 이형섭 기자 = 1일 오후 8시41분쯤 강원 평창군 용평면 장평리 소재 가스충전소에서 화재가 발생했다.   평창군 장평리 LPG충전소화재 현장.[사진=강원소방본부] 2024.01.01 onemoregive@newspim.com  오후 10시30분 현재 이 화재로 전신화상을 입은 30대와 60대 남성 2명이 강릉아산병원과 원주기독병원으로 이송됐으며 손열상, 두부타박, 이마 1도화상을 입은 40대·50대 남성과 70대 여성이강릉의료원과 평창보건의료원 등으로 이송됐다.  ""장평LPG충전소에서 가스가 많이 세고 있다""는 신고를 접수한 소방당국은 진화인력 121명과 화학·고가·탱크 등 장비 41대를 동원해 진화에 소방력을 집중하고 있다.  경찰과 소방당국은 화재 진화와 함께 화재 원인을 조사 중이다.   onemoregive@newspim.com              저작권자(c) 글로벌리더의 지름길 종합뉴스통신사 뉴스핌(Newspim), 무단 전재-재배포 금지"
189,7,"2024-01-01","22:48:34","한동훈, 오는 3일 대한노인회 방문… 민경우 노인 비하 발언 논란 사과","한동훈 국민의힘 비상대책위원장이 대한노인회를 직접 방문해 민경우 전 비대위원의 과거 노인 비하 발언 논란을 다시 한 번 사과한다.    1일 국민의힘 등에 따르면 한 위원장은 이달 3일 오후 서울 용산구 대한노인회 사무실에서 김호일 회장을 만나 사과의 뜻을 재차 전할 예정이다.  앞서 한 위원장은 지난달 29일 민 전 위원을 비상대책위원으로 임명했다. 그러나 작년 10월 민 전 위원이 유튜브 채널에서 “지금 최대 비극은 노인네들이 너무 오래 산다는 거다. 빨리빨리 돌아가셔야”라고 말한 사실이 드러나 임명 하루 만에 사퇴했다.  논란이 커지자 한 위원장은 당시 해외에 있던 김호일 회장에게 전화로 한 차례 사과했다. 이후 김 회장이 귀국하자 직접 만나 재차 사과하기로 한 것이다.  이날 한 위원장은 중앙당 신년인사회 후 기자들과 만나 민 전 위원의 발언에 대해 “굉장히 부적절한 발언이 있었고, 동의하지 않는 발언”이라며 “앞으로 언행에 더욱 신중하고 할 일을 열심히 잘하겠다”고 했다.  전준범 기자 bbeom@chosunbiz.com   Copyrights ⓒ ChosunBiz.com"
190,1,"2024-01-01","22:16:29","독도가 왜?…日 '쓰나미 주의보' 자국 영토에 버젓이 넣고 발표","[머니투데이 윤세미 기자] 일본 기상청이 새해 첫 날 규모 7.6 강진 후 쓰나미(지진해일) 경보와 주의보를 발령하면서 독도를 포함시켰다.   이날 일본 기상청은 오후 4시 10분쯤 일본 이시카와현 노토반도에서 규모 7.6의 강진이 발생한 뒤 동해를 접한 일본 해안 일대에 쓰나미 경보와 주의보를 발령했다.   이때 일본 기상청은 쓰나미 경보 지역엔 붉은색으로 표시하고, 쓰나미 주의보 지역엔 노란색으로 표시했는데 독도까지 쓰나미 주의보 지역에포함했다. 지도에 표시된 한반도 섬 가운데 독도만 콕 집어서 쓰나미 주의보 표시를 해놓은 것. 독도를 '다케시마(竹島·일본이 주장하는 독도의 명칭)'라고 부르며 자국 영토라고 주장하는 일본 정부의 입장을 그대로 반영한 결과다.   일본 기상청은 앞서도 지난 8월 태풍을 경고하는 기상 지도에서 독도를 '다케시마'로 표기하고 2022년 1월 남태평양 통가 근처에서 해저 화산 분출 당시 쓰나미 경보 발령 때 독도를 포함시켜 논란을 빚었다.     [관련기사] ☞ 박민영 전 남친 논란에... ""내내 후회, 정신과 검사서 위험신호"" ☞ 서하얀, 남편 임창정 주가조작 논란 후 첫 SNS ""겨울 지나 봄"" ☞ 프로파일러 배상훈 ""시신 트라우마... 집에 칼 없고 가구 문 다 열어"" ☞ 故이선균협박녀 얼굴 공개됐다…""95년생 미혼모"" 신상공개한 유튜버 ☞ 가수는 갔지만 노래는 남아, 천국서 히트한 '내 눈물 모아'[뉴스속오늘]   윤세미 기자 spring3@mt.co.kr     키워드림론 최대 4배 주식자금 & 고금리 대환상품 한도 오픈! (1644-6960)   [무료운세] 믿어야 돼 말아야 돼? 종목매수전에 믿고보는 '오늘의 운세'        [파워 인터뷰]       매수전에 점 부터 보고 가실께요 -> 오늘의 운세 [복채무료]      ⓒ 머니투데이 & mt.co.kr, 무단 전재 및 재배포 금지"
190,2,"2024-01-01","22:14:09","경주시, 올해 청년 임대주택 71호 공급...7월 입주 예정","[경주=뉴스핌] 남효선 기자 = 경북 경주시가 청년들의 가장 큰 고민거리인 주거문제 해결을 위해 올해 '청년 임대주택' 71호를 공급한다고 1일 밝혔다.  이 사업은 교통과 생활이 편리한 시내에 위치한 건물을 직접 임대·매입해 입주자들에게 일정 금액의 사용료를 받고 청년과 신혼부부들을 입주시켜 주거안정과 청년들이 찾아오는 경주를 만들기 위해 마련됐다.   경북 경주시청사 전경[사진=경주시]  이를위해 경주시는 35억 원의 예산을 들여 임대형(50가구)과 매입형(21가구)의 2가지 방법으로 사업을 추진할 방침이다.  임대형 청년임대주택은 기존 건물을 경주시가 임대해 청년들에게 재임대하는 방식이다.  매입형 청년 임대주택은 다가구 주택 1동을 매입해 리모델링 후 청년들에게 제공하는 방식이다.  특히 매입형 임대주택은 거주시설 외 1층에 청년창업가들을 위한 시제품과 전시회 공간은 물론복합문화공간도 마련돼 있어 입주자들 간 자유롭게 소통하고 정보도 공유할 수 있다.  입주자들은 월 5만원(1인당)의 사용료를 비롯 전기요금, 가스요금 등 공공요금을 부담하면 되고, 2년 간 거주할 수 있으며 1회 2년까지 연장 가능하다.  입주 대상은 19세 이상 39세 이하 1인 가구 무주택 청년과 신혼부부로 경주시에 주민등록을 둔 기준 중위소득 150%이하면 가능하다.  경주시는 올 4월까지 사회보장제도 신설 협의와 관련 조례 제정 등의 행정절차를 거쳐 5~6월 입주대상자 모집선정 후 7월에 입주가 가능하도록 추진할 예정이다.  또 향후 각 부처 청년주택 관련 공모사업에도 응시해 100여 가구를 추가 공급할 계획이다.  주낙영 경주시장은 ""현재 주택가격과 금리상승으로 인해 청년들이 주택 마련하기가 매우 어려운 실정이다""며 ""앞으로 청년들이 주거비 부담을 덜고 집 걱정에서 벗어나 학업과 취업 준비에전념할 수 있도록 청년 주거 공간을 지속적으로 확대 공급해 나가도록 힘쓰겠다""고 말했다.  nulcheon@newspim.com              저작권자(c) 글로벌리더의 지름길 종합뉴스통신사 뉴스핌(Newspim), 무단 전재-재배포 금지"
190,3,"2024-01-01","22:14:01","[포토뉴스]7.6 지진 강타한 일본은 지금","[ⓒ 매일경제 & mk.co.kr, 무단 전재, 재배포 및 AI학습 이용 금지]"
190,4,"2024-01-01","22:14:01","[포토뉴스]7.6 지진 강타한 일본은 지금","[ⓒ 매일경제 & mk.co.kr, 무단 전재, 재배포 및 AI학습 이용 금지]"
190,5,"2024-01-01","22:13:08","[포토] 강북구 2024 해맞이 행사","2024년 신년운세 토정비결 사주 확인!       [이데일리 김태형 기자] 이순희 강북구청장이 1일 북서울꿈의숲에서 열린 ‘강북 해맞이행사’에서 인사말을 하고 있다.  강북 해맞이행사엔 이순희 강북구청장, 최치효 강북구의회 의장, 천준호 국회의원 및 강북구민 등 약 400여 명이 참석했다.  이번 해맞이 행사는 ▲새해 소망 적기 ▲개회선언 및 참석내빈 소개 ▲새해 인사말씀 및 덕담 ▲새해기원문 낭독 ▲해맞이 카운트 다운 및 일출감상 ▲참가자 간 새해 인사 나누기 ▲기념촬영 순으로 진행됐다.  이순희 구청장은 “2024년 갑진년은 ‘청룡의 해’를 맞아 구민들의 지지와 동참이란 점으로 화룡점정을 이루는 해가 될 것”이라며 “안 좋았던일들은 다 떨쳐버리고 2024년은 구민들 모두 건강과 행복, 좋은 일들만 가득한 해가 되길 기원하겠다”고 말했다. (사진=강북구)     ▶▶[무료공개]◀◀ 지금 ""1,000만원""만 있어도 당장 ""이것""부터 사라!! >>> (무료체험)  [AI분석] 이번주 급등주 찾기!! ""500만원으로 20억"" 버는 종목 공개!! ▶무료로 확인가능◀     ＜ⓒ종합 경제정보 미디어 이데일리 - 무단전재 & 재배포 금지＞    "
190,6,"2024-01-01","22:12:49","‘이선균 협박女’ 머그샷 공개될까?…올해부터 마약범죄 등 ‘중대범죄자’ 머그샷 공개","유흥업소 여실장과 함께 배우 고 이선균씨를 협박해 금품을 뜯은 혐의를 받는 20대 여성이 지난 달 28일 오후 인천시 미추홀구 인천지법에서 열린 구속 전 피의자 심문(영장실질심사)에 출석하고 있는 모습(왼쪽). 온라인 상에 공개된 그의 얼굴 사진. [연합뉴스·유튜브 '카라큘라 범죄연구소' 캡처]  [헤럴드경제=장연주 기자] 올해부터 중대범죄를 저지른 피의자의검거 당시 모습을 보여주는 ‘머그샷’ 공개가 가능해진다. 더욱이 마약범죄도 머그샷 공개 대상에 들어감에 따라 배우 이선균 씨를 협박한 여성의 신상도 공개될 지 주목된다.  1일 법무부에 따르면, 중대범죄자의 머그샷을 공개하는 ‘중대범죄신상공개법’이 이달 25일부터 시행된다.   머그샷은 체포된 범죄자의 얼굴이 포함된 정면과 측면 등 사진을 뜻한다. 죄수번호가 새겨진 판넬을 들고 서있는 서양 범죄자들의 흑백 사진이 대표적이다.  이달부터 새로 시행되는 법에 따라 수사당국은 모자나 마스크를 착용하지 않은 중대범죄자 얼굴을 검찰청·경찰청 홈페이지에 30일간 공개할 수 있다.  피의자가 거부해도 강제로 촬영이 가능하다.  특히 올해부터는 머그샷 공개 대상이 대폭 확대됐다. 기존에는 특정강력범죄와 성폭력범죄로 한정돼 있었지만 올해부터는 중상해·특수상해를포함해 아동·청소년대상 성범죄, 조직범죄, 마약범죄까지로 신상공개 대상이 늘어났다.  또 피의자에 한정된 신상정보 공개 대상을 피고인까지 확대했다. 재판 단계에서도 일정한 요건을 갖추면 법원 결정하에 피고인에 대한 신상공개가 이뤄질 수 있다.  이에 따라이선균씨를 협박해 돈을 뜯어낸 20대 여성 A씨(29)도 이 법의 적용을 받게 될지 관심이 쏠리고 있다.  이씨는 생전 “마약 투약 의혹과 관련해 유흥업소 실장과 A씨에게 협박 당해 3억5000만원을 뜯겼다”며 이들을 공갈 혐의로 고소한 바 있다.  법원은 지난 달28일 A씨에게 도주·증거인멸 우려가 인정된다며 구속영장을 발부했다.  다만, A씨의 머그샷이 공개되기 위해서는 혐의 중 이 법에서 정하는 범죄가 포함돼야 한다.  공갈·협박죄의 경우 신상공개 대상 범죄가 아니지만, 올해부터 마약 범죄는 머그샷 공개 대상에 들어간다.  따라서 A씨가 이 사건에 함께 연루된 유흥업소 실장 B씨에게 마약을 건넸거나 함께 투약한 점이 인정될 경우 신상공개가 될 가능성이 남아 있다. A씨는 유흥업소 실장 B씨와 같은 오피스텔 윗집에 살면서 빈번히 교류했고, 서로 비밀번호까지 알고 있어 수시로집을 드나든 것으로 알려졌다.        ▶ 무조건 오르는 비공개 급등종목 ""반드시"" 확인하기 >> 오늘의 추천종목 정보 제공 받기 <<    ▶ 급등 임박! 반드시 상승할 ""유망 종목 TOP3"" 실시간 시세 확인하기 >> 종목 무료로 받아보기 <<    ▶ 비트코인 와르르 大폭락에 OO테마주 들썩, 상위 1% TF팀 >> 선착순 100명 급등 종목 무료제공 <<     ▶ 내 계좌 '5억'만들기 프로젝트! VIP 서비스 5일 무.료.체.험 EVENT >>보유 종목 무료분석<<        ▶ 상위 1%의 급등주 정보, 선착순 100명에게 무료로 제공 중… >>초대형 대장주 비밀리에 입수<<       ▶ 단 돈 ""만 원"" 있어도 10배 이상 터질 종목 ""지금"" 사도 무조건 터진다 >> 매일 VIP 무료추천주 <<       ▶ 아무도 몰랐던 급상승 ""VIP 히든종목"" 분석자료 선착순 무료제공!! >>최상위종목 ""시세"" 확인하기<<"
190,7,"2024-01-01","22:12:42","“나라에 1억 벌어준 내가 애국자”…불법주차 2827건 신고 인증글 ‘눈길’","사진은 기사와 무관. [뉴시스]  [헤럴드경제=최원혁 기자] 1년간 2800여건의 불법주정차 신고를 한 누리꾼의 인증글이 온라인상에서 주목을 받고 있다.  1일 SNS 등에 따르면 이날 온라인상에서 ‘나라에 1억원 넘게 벌어줬습니다. 애국자 아닌가요’라는 제목의 A씨 글이 확산하고 있다.  A씨가 올린 게시글에 첨부된 안전신문고 앱 ‘나의 신고처리현황’ 캡처 사진을 살펴보면 그는 지난해 총 2827건의 신고를 진행했다. 이 중 2815건이 답변 완료됐고 12건이 취하됐다.  그가 제기한 민원 제목을 보면 모두 불법주정차를 신고하는 내용이었다. ‘횡단보도 불법주정차 신고입니다’, ‘인도 불법주정차 신고입니다’ 등 민원이 줄을 이었다.  A씨는 “1억원 넘게 세금을 내게 해줬는데 나처럼 착한 사람이 어디 있냐”고 했다.  승용차가 일반 주정차 금지구역에 주차했을 때 기준 과태료는 4만원이다. 이를 기준으로 하면 A씨의 신고 처리 건(2815건)에 대한 총 과태료는 1억1260만원에 달한다. 특히 어린이호보구역, 6대 주정차 금지구역 등에 주차했을 경우 과태료가 배로 뛴다.  누리꾼들은 ‘1%만 줘도 전국민들 나서거나 불법 주정차나 불법이 좀 줄어들 거 같다’, ‘저 정도면 표창장 줘야 한다’, ‘신고는 어느정도 까지만 하면 좋을듯’, ‘저정도면 단속 요원으로 특채해라’ 등 다양한 반응을 보였다.  하지만 A씨처럼 대량으로 불법주정차 사실을 신고한다 해서 무조건적으로 포상금이 수여되지는 않는다. 매해 지자체에서 ‘안전신문고 포상제’ 등 이름으로 공모를 열고 우수 신고자에게 포상금을 지급하기는 하지만 부과된 과태료의 일정 비율에 따른 액수를 지급받는 방식은 아니다.  한편 안전신문고 앱을 이용하면 지자체·경찰 등에 유선으로 전화할 필요 없이 주요 불법주정차 사실을 신고할 수 있다.        ▶ 무조건 오르는 비공개 급등종목 ""반드시"" 확인하기 >> 오늘의 추천종목 정보 제공 받기 <<    ▶ 급등 임박! 반드시 상승할 ""유망 종목 TOP3"" 실시간 시세 확인하기 >> 종목 무료로 받아보기 <<    ▶ 비트코인 와르르 大폭락에 OO테마주 들썩, 상위 1% TF팀 >> 선착순 100명 급등 종목 무료제공 <<     ▶ 내 계좌 '5억'만들기 프로젝트! VIP 서비스 5일 무.료.체.험 EVENT >>보유 종목 무료분석<<        ▶ 상위 1%의 급등주 정보, 선착순 100명에게 무료로 제공 중… >>초대형 대장주 비밀리에 입수<<       ▶ 단 돈 ""만 원"" 있어도 10배 이상 터질 종목 ""지금"" 사도 무조건 터진다 >> 매일 VIP 무료추천주 <<       ▶ 아무도 몰랐던 급상승 ""VIP 히든종목"" 분석자료 선착순 무료제공!! >>최상위종목 ""시세"" 확인하기<<"
191,1,"2024-01-01","21:39:11","푸틴, 우크라이나 벨고로드 공격 테러리즘이라며 추가 공격 약속","Putin calls Ukrainian attack on Belgorod terrorism, promises more strikes  1월 1일 (로이터) - 블라디미르 푸틴 러시아 대통령은 월요일 러시아 국경 도시 벨고로드에서 20명이 사망하고 111명이 부상당한 우크라이나의 연쇄 미사일 공격은 ""테러 행위""로 처벌받지 않을 것이며 우크라이나 목표물에 대한 추가 공습을 약속했다고 말했습니다.  모스크바의 한 군 병원에서 군인들과 만난 자리에서 푸틴은 우크라이나 도시 키예프와 하르키프에 대한 러시아의 공습이 강화되는 가운데 발생한 이번 공습에 대해 ""처벌을 면치 못할 것""이라고 말했습니다.  푸틴 대통령은 러시아가 우크라이나의 ""민감한"" 군사 목표물을 계속 공격할 것이라고 말했습니다. 러시아는 민간 인프라를 표적으로 삼았다는 서방과 우크라이나의 비난을 부인합니다.  푸틴은 군인들과의 폭넓은 대화에서 우크라이나 전쟁의 향방이 러시아에 유리하게 바뀌고 있으며, 모스크바는 전쟁을 끝내기를 희망하지만 이는 자국의 조건에 따라 이루어지기를 바란다고 말했습니다.  푸틴 대통령은 일요일에 행한 전통적인 신년 연설에서 우크라이나 전쟁에 대해 잠깐 언급하는 데 그쳐 작년 연설과 극명한 대조를 이뤘습니다.     (Reporting by Felix Light;Editing by Alison Williams)     (c) Copyright Thomson Reuters 2020. Click For Restrictions - https://agency.reuters.com/en/copyright.html        Keywords: UKRAINE-CRISIS/BELGOROD-PUTIN   원문 바로가기    DISCLAIMER  레피니티브의 사전, 서면 승인 없는 톰슨로이터 콘텐츠의 재생산이나 재배포는 금지되어 있습니다. 이 기사의 한국어 번역은 에프앤가이드가 사용하는 기계적 번역에 의한 것으로 톰슨로이터와 레피니티브는 번역의 정확성을 보증하지 않습니다."
191,2,"2024-01-01","21:37:39","규모 7.6 강진 日, 쓰나미 주의보 지역에 독도까지 포함해","일본 기상청이 규모 7.6의 강진이 발생한 1일 자국 연안에 쓰나미 경보·주의보를 발령했는데, 주의보 지역에 독도까지 포함한 것으로 드러났다.    이날 일본 기상청은 홈페이지를 통해 북부 연안에 대형 쓰나미 경보(보라색)와 쓰나미 경보(붉은색), 주의보(노란색) 등을 발령했다. 지도를보면 진앙과 가까운 이시카와현 노토 지역에는 대형 쓰나미 경보인 보라색, 후쿠이·사도·도야마현 등에는 쓰나미 경보인 붉은색이 칠해져있다.  또 일본 기상청은 홋카이도와 돗토리현 등에 쓰나미 주의보(노란색)를 발령했다. 문제는 여기에 독도도 포함한 점이다. 일본 정부는 독도를한국 고유 영토로 인정하지 않고 갈등을 조장해왔다. 일본 기상청도 일본 정부 입장을 토대로 독도를 자국 영토에 포함해 기상 예보를 한다. 한국 정부는 독도 영유권 분쟁의 존재 자체를 인정하지 않고 있다. 법적·역사적·실효적으로 명백히 우리 고유의 영토인 독도가 외교 교섭또는 사법적 해결의 대상이 될 수 없다는 이유에서다. 최근에는 국방부의 ‘정신전력교육 기본 교재’에 독도가 영토 분쟁 지역으로 표기돼윤석열 대통령이 강하게 질책하기도 했다.    한편 기상청에 따르면 이날 오후 4시 10분쯤 일본 도야마현 도야마 북쪽 90㎞ 해역에서 규모 7.4 지진이 발생했다. 지진 규모를 일본 기상청은 7.6, 미국 지질조사국은 7.5로 추정했다. 2011년 3월 11일 발생한 동일본대지진(9.0)보다는 약하지만, 1995년 1월 17일의 한신대지진(7.3)보다는 큰 규모다.  NHK에 따르면 이시카와현에는 5ｍ 높이의 쓰나미가 발생했다. 이시카와현에는 약 1200명의 한국인 교민이 거주하고 있다. 현재 니가타·이시카와·도야마·나가노 4개 현을 관할하는 주 니가타 총영사관 등에서 교민 비상연락망을 가동해 이들 지역의 피해 여부를 확인하고 있다. 외교부는 “우리 국민의 피해 여부를 확인 중이다. 지금까지 접수된 건 없다”고 밝혔다.  기상청은 우리 동해안에서 지진해일이 관측되고 있다고 전했다. 동해안에 최초 도달한 지진해일 높이(도달 시점)는 강원 강릉 남항진 20㎝(오후 6시 1분), 동해 묵호 45㎝(오후 6시 6분), 속초 30㎝(오후 6시 10분), 삼척 임원항 24㎝(오후 6시 15분) 등이다. 기상청은 지진해일 높이가 주의보 발령 기준에 못 미치는 0.5ｍ 미만에 머물 것으로 예상하고 있다.  다만 기상청은 “처음 도달한 지진해일보다 파고가 높은 해일이 뒤이어 도달할 수 있고 24시간 이상 지속될 수 있다”라며 “추가 정보를 확인해달라”라고 당부했다. 실제로 오후 8시 기준 묵호의 지진해일 최고 높이는 67㎝까지 높아졌다.  전준범 기자 bbeom@chosunbiz.com   Copyrights ⓒ ChosunBiz.com"
191,3,"2024-01-01","21:37:01","""지금 사야 돼"" 사라진 명품 '오픈런' 다시?…새해 벽두 줄줄이 인상설","[머니투데이 정경훈 기자]   이른바 '에루샤'(에르메스·루이비통·샤넬)를 비롯한 주요 명품 브랜드들이 2024년 초부터 국내 제품 가격을 잇달아 인상할 전망이다. 사실상 연초 인상이 '연례행사'처럼 자리 잡은 모양새다.   1일 '뉴시스'에 따르면 하이엔드급 명품 브랜드 에르메스(Hermes)는 이달 초 대다수 품목의 가격을 올릴 것으로 전해졌다.   에르메스는 통상 1년에 한차례만 연초에 가격 인상을 단행해왔다. 에르메스는 지난해에도 1월 4일부터 가방과 의류 등 제품 가격을 5~10% 올린 바 있다.   명품 중에선 올해 프라다(PRADA)가 오는 3일부터 국내 가격 인상 포문을 열 것으로 보인다. 인상 폭은 5~10% 사이일 것으로 예상된다.   샤넬(CHANEL)은 이달 9일부터 일부 주얼리와 시계 가격을 4~5% 이상 올릴 것으로 알려졌다. 한 해에 가격을 두 차례 이상 올리는 'N차인상'의 대표 주자로 불리는 샤넬은 지난해 2월과 5월, 총 두 차례 인상을 단행했다.   델보(Delvaux)와 부첼라티(BUCCELLATI)도 오는 8일쯤 가격 인상 발표를 할 가능성이 거론된다. 명품 보석 브랜드인 티파니앤코(TIFFANY&Co.)가 오는 11일부터 5% 안팎 가격을 올리고, 펜디(Fendi)가 12일을 기점으로 일부 제품에 대한 가격 인상을 단행할 것으로 파악된다.   이밖에 루이비통(Louis Vuitton)과 디올(DIOR), 고야드(GOYARD), 부쉐론(Boucheron) 등 브랜드도 올 1~2월 내 인상 가능성이 거론된다.   명품 시계 브랜드는 이미 가격을 올렸다. 스위스 대표 명품 시계 브랜드 롤렉스(Rolex)는 이날 데이트저스트 등 주요 상품 국내 가격을 약 8% 인상했다.   롤렉스 산하 브랜드 튜더(Tudor)도 지난해 1월과 9월에 이어 올해 이날에도 가격을 올렸다. 이번 인상폭은 약 2%대다.   이처럼 주요 명품 브랜드들의 가격 인상을 단행할 것이라는 소식이 전해지자, 인상 전 제품을 구매하려는 수요가 늘고 있는 것으로 나타났다. 일부에선 한동안 잠잠했던 명품 '오픈런'(가게 문이 열리자마자 뛰어가 구매하는 행위) 재현 움직임도 보인다.      [관련기사] ☞ 박민영 전 남친 논란에... ""내내 후회, 정신과 검사서 위험신호"" ☞ 서하얀, 남편 임창정 주가조작 논란 후 첫 SNS ""겨울 지나 봄"" ☞ 프로파일러 배상훈 ""시신 트라우마... 집에 칼 없고 가구 문 다 열어"" ☞ 故이선균협박녀 얼굴 공개됐다…""95년생 미혼모"" 신상공개한 유튜버 ☞ 가수는 갔지만 노래는 남아, 천국서 히트한 '내 눈물 모아'[뉴스속오늘]   정경훈 기자 straight@mt.co.kr     키워드림론 최대 4배 주식자금 & 고금리 대환상품 한도 오픈! (1644-6960)   [무료운세] 믿어야 돼 말아야 돼? 종목매수전에 믿고보는 '오늘의 운세'        [파워 인터뷰]       매수전에 점 부터 보고 가실께요 -> 오늘의 운세 [복채무료]      ⓒ 머니투데이 & mt.co.kr, 무단 전재 및 재배포 금지"
191,4,"2024-01-01","21:35:15","울진 후포해안서 '일본강진' 여파 18㎝ 지진해일 확인","[울진=뉴스핌] 남효선 기자 = '일본 강진'으로 우리나라 동해안 해안 지진해일 영향이 우려되고 있는 가운데 경북 울진 후포항에서 18㎝의 지진해일이 도달한 것으로 확인됐다.  1일 경북 울진군 재난대책본부와 기상청 등에 따르면 '일본 강진'의 영향으로 이날 오후 6시52분 후포해안에서 18㎝의 지진해일이 확인됐다.             경북 울진군이 '일본 강진' 관련 자율방제단을 가동하고 주요 항포구를 중심으로 순찰을 강화하는 등 지진해일 대응에 총력을 쏟고 있다.[사진=울진군]2024.01.01 nulcheon@newspim.com  또 이보다 앞서 이날 오후 6시15분쯤 울진군과 연접한 강원도 삼척시 임원항에서 30㎝의 지진해일이 도달한 것으로 전해지고 동해시 묵호에서는 오후 6시 21분쯤 최고높이 45㎝의 지진해일이 확인됐다.  울진군은 이날 오후 4시10분쯤 일본 서해안인 도야마현(혼슈) 북쪽 90Km해역에서 규모 7.4의 강진이 발생하자 군(郡)재난대책본부 초기대응단계를 발령하고 박세은 부군수를 중심으로 안전재난 관련 부서 직원들이 상황실에서 일본 지진 관련 쓰나미와 해일 등 실시간 모니터링과 함께 비상 대응에 나섰다.  울진군은 또 40여명 규모의 자율방제단을 비상 소집, 해안가를 낀 8개 읍면에 대한 순찰을 강화했다.  울진지역에서는 이날 오후 9시 기준 '일본 강진'에 따른 지진해일 피해 신고 등은 없는 것으로 전해졌다.  nulcheon@newspim.com              저작권자(c) 글로벌리더의 지름길 종합뉴스통신사 뉴스핌(Newspim), 무단 전재-재배포 금지"
191,5,"2024-01-01","21:35:00","평창 LPG 충전소서 폭발 사고 후 화재…1명 전신화상","평창 LPG 충전소서 폭발 사고 후 화재…1명 전신화상       (평창=연합뉴스) 박영서 기자 = 1일 오후 8시 41분께 강원 평창군 용평면 장평리 한 액화석유가스(LPG) 충전소에서 폭발 후 화재가 발생했다.      이 사고로 1명이 온몸에 화상을 입어 119구급대가 응급처치 중인 것으로 전해졌다.      현장에서는 추가 폭발도 일어나고 있는 것으로 알려졌다.      경찰과 소방 당국은 불을 끄는 대로 정확한 피해 규모와 폭발 원인 등을 조사할 방침이다.      conanys@yna.co.kr  (끝)     <저작권자(c) 연합뉴스, 무단 전재-재배포 금지>"
191,6,"2024-01-01","21:31:02","브리프-랩테크 벤처, 구자라트 주정부와 양해각서 체결 및 실행을 논의하다","BRIEF-Dev Labtech Venture To Discuss To Sign And Execute MoU With Government Of Gujarat  1월 1일(로이터) - Dev Labtech Venture Ltd :  구자라트 주정부와 MOU 체결 및 실행을 논의하기 위해    Further company coverage:      Reuters.Briefs@thomsonreuters.com        (c) Copyright Thomson Reuters 2020. Click For Restrictions - https://agency.reuters.com/en/copyright.html   원문 바로가기    DISCLAIMER  레피니티브의 사전, 서면 승인 없는 톰슨로이터 콘텐츠의 재생산이나 재배포는 금지되어 있습니다. 이 기사의 한국어 번역은 에프앤가이드가 사용하는 기계적 번역에 의한 것으로 톰슨로이터와 레피니티브는번역의 정확성을 보증하지 않습니다."
191,7,"2024-01-01","21:25:00","외교부 ""일본 강진 한국인 피해 여부 확인중…현재까진 없어""","[서울=뉴스핌] 유신모 외교전문기자 = 외교부는 1일 일본 이시카와현에서 규모 7.6의 강진이 발생한 것과 관련해 ""현재까지 우리 국민 피해는 접수되지 않았다""고 밝혔다.  외교부는 이날 ""현지 공관은 지진 상황을 지속 모니터링하는 한편 필요시 우리 국민에 대한 영사조력을 제공할 예정""이라며 ""일본 체류 국민을 대상으로 SMS 로밍 안전문자를 발송 완료했다""고 전했다.   서울 도렴동 외교부 청사 [사진=뉴스핌DB]  일본 기상청에 따르면 이날 오후 4시10분쯤 일본 이시카와현 노토 지역에서 규모 7.6 지진이 발생했다. 진앙은 북위 37.50도, 동경 137.20도다. 일본 기상청은 지진 규모를 7.4로 발표했다가 7.6으로 상향했으며 이시카와현 외에 니가타현, 도야마현 등 인근 지역에도 쓰나미 경보를 발령했다.  외교부는 이시카와·니가타·도야마·나가노 둥 4개 현을 관할하는 주 니가타 총영사관을 바롯한 일본 내 공관에서 교민 비상연락망을 가동해 피해 여부를 계속 확인하고 있다. 외교부에 따르면 진앙과 가까운 이시카와현에 교민 1,200명이 거주하고 있으며 도야마현에도 800여명의 교민이 거주하고 있다.  주 니가타 총영사관은 페이스북을 통해 ""영사조력이 필요하신 분은알려달라""며 공관 긴급전화와 영사콜센터 번호를 안내했다.  opento@newspim.com              저작권자(c) 글로벌리더의 지름길 종합뉴스통신사 뉴스핌(Newspim), 무단 전재-재배포 금지"
192,1,"2024-01-01","21:00:00","0%에 화들짝 놀란 삼성 반도체 직원들 [재계 TALK TALK]","반도체 업황 악화에 따른 실적 부진으로 삼성전자 반도체 부문 직원들이 성과급을 받지 못하게 됐다는 후문이다. 삼성전자는 2023년 12월 28일 사내에 사업부별 초과이익성과급(OPI, 옛 PS) 예상 지급률을 공지했다. 반도체 사업을 담당하는 디바이스솔루션(DS) 부문 OPI 예상 지급률은 0%다. 삼성전자 직원들은 1년에 총 세 번 성과급을 받는다. OPI는 소속 사업부의 실적이 연초에 세운 목표를 넘었을 때 초과이익의 20% 한도 내에서 개인 연봉의 최대 50%까지 매년 한 차례 지급하는 제도다. 상·하반기 한 차례씩 주는 목표달성장려금(TAI)과 함께 삼성전자의 대표적인 성과급 제도다. DS 부문은 지난해 초 OPI로 연봉의 50%를 받는 등 거의 매년 연초에 연봉의 50%가량을 성과급으로 챙겨왔다. 실적이 부진했다고 아예 성과급을 받지 못하는 것은 이번이 처음이다. 2023년 삼성전자 반도체사업부는 1~3분기까지 누적 적자가 12조6900억원에달한다. 이 같은 흐름은 2023년 12월 20일 공지된 TAI에서 이미 감지됐다. DS 부문은 2022년 상반기에 최대치인 100%를 받았으나 반도체불황으로 하반기 50%, 2023년 상반기 25%로 줄었다가 하반기 또다시 반 토막이 났다. 당시만 해도 직원들은 “TAI는 별것 아니고 OPI가 있으니” 하는 반응이었지만 OPI가 0이라는 소식에 멘붕이 됐다는 전언이다. 반면 호실적을 기록한 다른 사업부는 성과급 잔치가 벌어질 전망이다. 디바이스경험(DX) 부문에서는 스마트폰 판매 호조로 기대 이상의 실적을 거둔 모바일경험(MX)사업부가 46~50% 수준의 OPI를 받는다. TV 사업을 담당하는 영상디스플레이(VD)사업부는 39~43% 수준으로 전해졌다. [본 기사는 매경이코노미 제2241호 (2024.01.01~2024.01.09일자) 기사입니다]    [ⓒ 매일경제 & mk.co.kr, 무단 전재, 재배포 및 AI학습 이용 금지]"
192,2,"2024-01-01","21:00:00","살길 해외뿐인데…‘빨간불’ 마주한 카카오모빌리티 [재계 TALK TALK]","카카오모빌리티의 유럽 최대 택시 호출 플랫폼 ‘프리나우(Free Now)’ 인수 계획이 사실상 무산됐다. 카카오모빌리티 해외 진출 전략도 차질이 생길전망이다. 특히 카카오 투자심의위원회(투심위)가 제동을 건 것으로 알려지면서 카카오를 향한 비판의 목소리도 나온다. 관련 업계에서는 “택시업계 갈등으로 수수료까지 인하한 모빌리티가 유일한 활로인 해외 사업까지 내부 반대로 막히며 위기에 처한 꼴”이라고 지적한다. 카카오모빌리티는 당초 2023년 내 인수를 목표로 했지만 카카오 투심위에서 ‘가격’을 이유로 반대 의견이 나오며 멈춰 선 상태다. 프리나우 인수 비용은 3000억~4000억원 수준으로 알려졌다. 투심위는 사업 전체 인수가 아닌 특정 국가나 도시만을 대상으로 ‘인수 범위’를 좁히는 방안을 제안했다. 다만 이 경우 프리나우 입장에선 거래에 응할 이유가 사라진다. 프리나우는 자금난으로 회사를 매각하는 게 아닌 사업적 시너지를 낼 수 있는 전략적 투자자를 물색해왔다. 카카오모빌리티 측은 인수가 중단된 것은 아니라는 입장이다. 카카오모빌리티 관계자는 “매도인과 의견을 조정 중”이라고 말했다.  일각에선 카카오 해외 확장 전략 ‘비욘드 코리아’ 기조에 변화가 생긴 것 아니냐는 평가도 나온다. 관련 업계 관계자는 “해외 확장 전략 자체가 당분간 미뤄질 수 있다는 것”이라고 설명했다. [본 기사는 매경이코노미 제2241호 (2024.01.01~2024.01.09일자) 기사입니다]    [ⓒ 매일경제 & mk.co.kr, 무단 전재, 재배포 및 AI학습 이용 금지]"
192,3,"2024-01-01","21:00:00","태영건설, 결국 워크아웃…PF ‘빚 폭탄’ 다음은 어디? 건설업계 ‘시끌시끌’ [재계 TALK TALK]","유동성 위기에 시달리던 태영건설이 결국 워크아웃(기업 개선 작업)을 신청하면서 건설업계에서는 ‘제2, 제3의 태영건설’이 속출할 가능성을 우려하고 있다. 태영과 재무 상황이 비슷한 다른 건설사도 언제든 워크아웃을 신청할 수 있다는 우려가 들불처럼 번지고 있다. 건설업계와 금융권에 따르면 부동산 프로젝트파이낸싱(PF)으로 유동성 위기를 겪은 태영건설은 2023년 12월 28일 워크아웃을 신청했다. 워크아웃은 채권단이75% 이상 동의하면 개시된다. 워크아웃에 돌입하면 채권단은 대출 만기, 개선 계획 등을 집중 관리한다. 한국투자증권에 따르면 2023년 3분기 말 기준 태영건설이 보증한 부동산 PF 잔액은 4조4100억원이다. 이 가운데 순수 부동산 PF 잔액은 3조2000억원이다. 태영건설이 보증한부동산 PF 가운데 우발채무는 7200억원 정도로 분석됐다. 우발채무는 PF 사업장이 올스톱 됐을 경우 건설사가 실제 떠안는 채무다. 태영건설은 2023년 1~3분기 별도 기준 978억원의 영업이익을 냈지만 부동산 PF 부실로 부채비율은 478.7%를 기록했다. 태영건설을 코너로 몬 것은 서울 성수동 오피스빌딩의 PF 대출 480억원 때문이다. 태영건설은 만기가 돌아온 PF 대출금을 상환하지 못했다. 문제는 단기 유동성이 턱없이부족하다는 점이다. 태영건설의 2023년 3분기 기준 순차입금만 1조9300억원에 달한다. 태영건설발 PF 위기는 다른 건설사로 옮아가는 양상이다. 한국기업평가는 태영건설 신용등급을 하향 조정하면서 GS건설 신용등급도 ‘A+(부정적)’에서 ‘A(긍정적)’로 낮췄다. 시공평가 22 위인 동부건설 신용등급도 ‘A3+’에서 ‘A3’로 하향 조정했다. 코오롱글로벌, 신세계건설 등도 PF 우발채무로 인한 유동성 위기 가능성이거론된다. 한국기업평가는 2023년 9월 보고서에서 코오롱글로벌에 대해 “미착공 PF 우발채무 규모가 6121억원에 달하고 현금성 자산은 2377 억원에 불과해 PF 리스크가 현실화할 경우 자체 현금을 통한 대응이 어려울 수 있다”고 우려했다. 신세계건설도 부채비율이 467.9%에 달한다. 금융권 관계자는 “태영건설 워크아웃으로 자본 조달 시장이 얼어붙어 위기가 위기를 낳는 형국”이라고 진단했다. [본 기사는 매경이코노미 제2241호 (2024.01.01~2024.01.09일자) 기사입니다]    [ⓒ 매일경제 & mk.co.kr, 무단 전재, 재배포 및 AI학습 이용 금지]"
192,4,"2024-01-01","21:00:00","‘잭팟’에서 골칫거리로 전락한 폴란드 방산 수출 [재계 TALK TALK]","막대한 수주액으로 한국 방위 산업의 ‘잭팟’으로 불렸던 폴란드 수출 계약이 골칫거리로 전락하는 모습이다. 폴란드 정권 교체 여파로 추가 계약이 지지부진한 가운데, 새로운 폴란드 정부 인사들이 ‘계약 파기’ ‘계약 수정’의 뜻을 내비치면서 수출 계약 자체가 틀어질 수 있다는 우려가 커지고 있다. 2023년 12월 27일 도날드 투스크 폴란드 신임 총리는 기자회견을 통해 “한국 무기 구매에 문제가 있었다. 한국 구매의 상당 부분은 한국이 승인하는 융자금(Loan)으로 자금을 조달하기로 했는데, (자세히 본 결과) 한국의 융자금 (제공)은 없는 것으로 드러났다”고 말했다. 이어 투스크 총리는 “계약은 지속하겠지만 한국과의 방산 계약을 다시 들여다보려 한다”고덧붙였다. 계약 파기까지는 아니지만, 계약 수정의 여지를 남겨둔 것이다. 2023년 10월 정권이 바뀐 뒤 폴란드 신임 총리와 국방부 장관은 기존 정권에서 맺은 계약을 파기할 뜻을 계속 내비쳐왔다. 때문에 2차 수출 계약이 사실상 모두 멈춘 것으로 알려졌다. 2022년 국내 방산 전체수출에서 폴란드가 차지하는 비중은 72%에 달한다. 폴란드 수출이 어긋나면 K방산의 질주에도 걸림돌이 될 가능성이 크다. 방산업계 관계자는 “규모가 워낙 크다 보니 현재 방산업계에서 가장 큰 이슈다”라고 분위기를 전했다. 현재 정부가 수출 성사를 위해 외교 채널 등으로 협의를 이어나가는 것으로 알려졌다. 폴란드 2차 수출 계약은 2023년 들어 순탄치 않은 길을 걸었다. 10월 수출입은행과 무역보험공사의 한도가 꽉 차면서 폴란드 정부에 약속한 금융 지원이 막혔다. 시중은행의 참여로 일부 자금 융통에는 성공했지만, 조율하는 과정에서 금융권과 방산업계가 마찰이 꽤 컸던 것으로 전해진다. 문제는 해당 금액도 전체 수출 계약 금액에 턱없이 모자라다는 점에 있다. 근본 원인을 해결하기위해서는 수출입은행의 한도를 늘리는 수은법 개정안이 통과돼야 한다. 그러나 현재 수출입은행의 대출 한도를 늘리는 수은법 개정안은 국회에서 통과하지 못하고 계류 중이다. [본 기사는 매경이코노미 제2241호 (2024.01.01~2024.01.09일자) 기사입니다]    [ⓒ 매일경제 & mk.co.kr, 무단 전재, 재배포 및 AI학습 이용 금지]"
192,5,"2024-01-01","20:59:45","브리프-민다 코퍼레이션 유닛, 6억 7,820만 루피에 달하는 GST 주문 획득","BRIEF-Minda Corporation Unit Gets Order For GST Amounting To 678.2 Million Rupees  1월 1일 (로이터) - 민다 코퍼레이션 Ltd :  6억 7,820만 루피에 달하는 GST 주문을 받은유닛      Further company coverage:      Reuters.Briefs@thomsonreuters.com        (c) Copyright Thomson Reuters 2020. Click For Restrictions - https://agency.reuters.com/en/copyright.html   원문 바로가기    DISCLAIMER  레피니티브의 사전, 서면 승인 없는 톰슨로이터 콘텐츠의 재생산이나 재배포는 금지되어 있습니다. 이기사의 한국어 번역은 에프앤가이드가 사용하는 기계적 번역에 의한 것으로 톰슨로이터와 레피니티브는 번역의 정확성을 보증하지 않습니다."
192,6,"2024-01-01","20:59:42","네덜란드 경찰, 새해 폭동으로 200명 이상 체포","Dutch police arrest more than 200 during New Year riots  암스테르담, 1월 1일 (로이터) - 네덜란드 경찰은 새해 전야에 전국에서 폭동이 일어나 경찰관 수십 명이 부상을 입는 등 200명 이상이 체포되었다고 월요일 밝혔습니다.  여러 도시에서 경찰이 폭죽과 돌로 공격을 받았으며, 대변인은 방송사 NOS에 심각한 사건과""용납할 수 없는"" 폭력이 발생한 밤이었다고 말했습니다.  로테르담 경찰은 100대 이상의 차량과 기타 차량에 불이 났다고 밝혔으며, 암스테르담, 헤이그 및 기타 도시에서는 폭력적인 군중을 해산하기 위해 기동대가 필요했습니다.  폭동 진압대는 또한 수많은 화재를 진압하는 과정에서 폭죽 공격을 받은 소방대를 지원하기 위해 전국 각지에서 투입되었습니다.  하를렘 시에서 19세 남성이 일요일 자정 직전에 불꽃놀이 사고로 입은 부상으로 사망했다고 경찰이 밝혔습니다.     (Reporting by Bart Meijer, Editing by Louise Heavens)  Bart.Meijer@thomsonreuters.com     (c) Copyright Thomson Reuters 2020. Click For Restrictions - https://agency.reuters.com/en/copyright.html        Keywords: NEW-YEAR/NETHERLANDS   원문 바로가기    DISCLAIMER  레피니티브의 사전, 서면 승인 없는 톰슨로이터 콘텐츠의재생산이나 재배포는 금지되어 있습니다. 이 기사의 한국어 번역은 에프앤가이드가 사용하는 기계적 번역에 의한 것으로 톰슨로이터와 레피니티브는 번역의 정확성을 보증하지 않습니다."
192,7,"2024-01-01","20:56:41","머큐리 에브텍, 최대 4억 9천만 루피 상당의 주식 발행을 통해 자금 조달에 나서다","BRIEF-Mercury Ev-Tech To Raise Funds Via Issuance Of Shares Worth Up To 490 Million Rupees  1월 1일(로이터) - Mercury Ev-Tech Ltd :  발행을 통해 자금을 조달하기 위해최대 4억 9천만 루피 상당의 주식을 신주인수권부사채로 배정했습니다.      Further company coverage:      Reuters.Briefs@thomsonreuters.com        (c) Copyright Thomson Reuters 2020. Click For Restrictions - https://agency.reuters.com/en/copyright.html   원문 바로가기    DISCLAIMER  레피니티브의 사전, 서면 승인 없는 톰슨로이터 콘텐츠의 재생산이나 재배포는 금지되어 있습니다. 이 기사의 한국어 번역은 에프앤가이드가 사용하는 기계적 번역에 의한 것으로 톰슨로이터와 레피니티브는 번역의 정확성을 보증하지 않습니다."
193,1,"2024-01-01","20:32:42","인도 채권-인도 채권 수익률은 공급 압력으로 인해 소폭 상승하며 2024년을 시작합니다.","INDIA BONDS-India bond yields start 2024 with slight uptick amid supply pressure   뭄바이, 1월 1일 (로이터) - 인도 국채 금리는 주정부의 예상보다 높은 차입 계획이 수요에 타격을 주면서 거래자들이 거래량 회복을 기다리는 가운데 소폭 상승하며 새해 첫 거래 세션을 마감했습니다.  10년만기 벤치마크 채권 수익률은 2023년 마지막 세션에서 7.1754%로 마감한 후 월요일에 7.1969%로 마감했습니다.  벤치마크 채권 수익률은 12월 한 달 연속 하락세로 마감하며 15bp(베이시스포인트) 하락했습니다.  뭄바이에 위치한 코스모스 은행의 국고 담당 부총재 난단 프라단(Nandan Pradhan)은 ""국채 공급 일정이 이렇게 많을 것으로 예상하지 못했기 때문에 시장에 놀라움을 안겨주었고, 이로 인해 가격이 일부 조정되었습니다.""라고 말했습니다.  인도 주정부는 1~3월 분기에 채권 판매를 통해 4조 1,300억 루피(496억 2,000만 달러)의 자금을 조달하는 것을 목표로 하고 있습니다.  이는 거의 모든 시장 예상치보다 높은 수치입니다. 트레이더들은 3월 31일로 끝나는 회계연도 마지막 분기에 약 3조 5,000억 루피를 차입할 것으로 예상했습니다.  시장 참여자들은 수익률의 큰 폭 상승을 견제할 수 있는 , 뿐만 아니라 추가 의 수요를 주시할 것입니다.  지난주 국영 은행들은 2023년을 마무리하기 위해 사상 최대 규모의 국채 매입을 기록했으며, 재무부 관계자는 이번 달에도 은행들이 대규모 국채 매입에 나설 것으로 예상하고 있습니다.  는 2023년 마지막 3개월 동안 인도 채권이 JP모건 지수에 편입되면서 유입이 6년 만에 최고치를 기록하는 등 괄목할 만한 상승세를 보였습니다.  트레이더들은 미국 연방준비제도이사회와 인도 중앙은행의 금리 인하가 예상됨에 따라 2024년 채권 수익률 곡선이 """"가 될 것으로 예상하고 있습니다.     (1달러 = 83.2375 인도 루피)     (Reporting by Dharamraj Dhutia; Editing by Sohini Goswami)  Dharamraj.dhutia@tr.com     (c) Copyright Thomson Reuters 2020. Click For Restrictions - https://agency.reuters.com/en/copyright.html        Keywords: INDIA-MARKETS/BONDS   원문 바로가기    DISCLAIMER  레피니티브의 사전, 서면 승인 없는 톰슨로이터 콘텐츠의 재생산이나 재배포는 금지되어 있습니다. 이 기사의 한국어 번역은 에프앤가이드가 사용하는 기계적 번역에 의한 것으로 톰슨로이터와 레피니티브는 번역의 정확성을 보증하지않습니다."
193,2,"2024-01-01","20:30:00","“새해에는 이자부담 1%라도 더 줄이자” 상품별 대출금리 제일 낮은 은행은 어디?[머니뭐니]","BNK경남은행, 주담대 금리 가장 낮아   전세대출은 인터넷은행 선전 돋보여   신용대출은 신용점수 구간별 차이 극명   서울 한 시중은행 영업점 앞을 시민이 지나가고 있다.[연합]  [헤럴드경제=김광우 기자] 은행권 대출금리가 전반적인 감소세를 기록하며, 1년 넘게 이어진 고금리 이자부담이 다소 완화될 수 있다는 기대감이나타나고 있다. 동시에 주담대 대환대출 서비스 등 이자 경감 정책 시행도 코앞으로 다가오며, 조금이라도 싼 금리를 모색하려는 소비자들의관심도 커지고 있다.    주담대는 ‘경남은행’,전세대출은 인터넷은행이 금리 낮아    1일 은행연합회 소비자포털에 따르면 지난해 11월 새로 취급된 은행권 주택담보대출(분할상환방식)의 평균금리가 가장 낮은 은행은 BNK경남은행(4.2%)인 것으로 나타났다. 경남은행은 신용점수 전 구간에서 4.2~4.7%대 금리를 제공하며, 20개 은행 중 전 구간에서 가장 낮은 수준의 금리를 제공했다.  아울러 케이뱅크(4.34%), 카카오뱅크(4.44%) 등 인터넷은행의 선전이 눈에 띄었다. 지난해 상반기, 인터넷은행은 평균 3%대 금리를 제공하며 고객을 끌어모은 바 있다. 하지만 하반기들어 가계대출 확대의 주범으로 지적되며, 전반적인 대출금리를 상향했다.   서울 한 부동산중개사무소 앞을 시민이 지나가고 있다.[연합]  이외에는 ▷하나은행(4.51%) ▷IBK기업은행(4.52%) ▷BNK부산은행(4.52%) ▷우리은행(4.55%) ▷KB국민은행(4.58%) ▷신한은행(4.59%) 등이 근소한 차이로 뒤를 이었다.  전세대출 금리에서는 인터넷은행이 일괄 3%대 금리를 제공하며 선두권을 유지했다. 특히 케이뱅크가 지난해 11월 취급한 전세대출의 평균금리는 3.81%로 전 은행권에서 가장 낮았다. 카카오뱅크와 토스뱅크는 각각 3.98%, 3.99% 의 금리를 적용했다. 5대 시중은행(4.28~4.61%)과 비교하면 확연한 차이가 나타난다.  이는 인터넷은행들이 신용대출 외 다른 안정적 대출 포트폴리오를 구축하려는 시도를 지속하고 있기 때문이다. 실제 전월세대출은 한국주택금융공사(HF)나 SGI서울보증 등 보증기관이 발급한보증서를 담보로 실행된다. 이에 리스크 관리에 용이하다는 장점이 있다.    고신용자는 ‘시중은행’, 중저신용자는 ‘인터넷은행’     서울 한 시중은행 영업점에서 고객이 업무를 보고 있다.[연합]  신용대출은 신용점수 구간별 금리 차가 크게 벌어졌다. 고신용자구간에서는 주요 시중은행의 금리 경쟁력이 돋보였다. 실제 신용 1등급에 해당하는 신용점수 951~1000점 구간 평균금리는 우리은행(5.38%)이가장 낮은 것으로 나타났다. 이 밖에는 ▷신한은행 5.43% ▷하나은행 5.47% ▷국민은행 5.7% ▷농협은행 5.84% 등 순이었다.  인터넷은행의 경우 ▷카카오뱅크 6% ▷토스뱅크 6.58% ▷케이뱅크 7.46% 등으로 주요 시중은행과 최대 2%포인트가량 차이가 벌어졌다. 이는 인터넷은행이 연말까지 중저신용자 대출 비중을 맞추기 위해 금리 혜택을 집중한 영향이다.  실제 인터넷은행들은 중저신용자에 해당하는 신용점수 850점 이하 구간에 대해 고신용자에 비해 더 낮은 금리를 제공하기도 했다. 실제 케이뱅크가 신용점수 651~850점 구간에 제공한 신용대출평균금리는 5.45~5.9%로 851점 이상 구간(6.51~7.46%)과 비교해 모두 높게 나타났다. 이는 5대 시중은행의 신용점수 651~850점 구간 평균금리(6.64~9.25%)과 비교해 최대 3%포인트 이상 낮은 수치다.   서울 한 거리에 주요 시중은행 ATM기기가 설치돼 있다. 임세준 기자.  다만 올해부터는 중저신용 대출 금리가 소폭 인상될 것으로 보인다. 중저신용 대출 비중 산출이 새로 시작되며, 무리한 금리조정 필요성이 줄어들었기 때문이다. 심지어 금융당국은 인터넷은행 3사의 중저신용 대출 비중 목표를 ‘평균잔액 30% 이상’으로완화했다.  한편 은행권 대출금리는 지속적으로 하락세를 기록하고 있다. 기준금리 인하 기대감이 커지며, 준거금리가 되는 은행채 금리가 하락한 영향이다. 지난달 28일 기준 은행채(5년물, AAA) 금리는 3.705%로 12월초(4.174%)와 비교해 0.469%포인트 줄었다. 이는 연내 최저수치에 해당한다.  아울러 이달 주요 시중은행의 가계 예대금리차는 석 달 연속 줄어든 것으로 나타났다. 수신금리 이상에도 불구하고대출금리 인하가 지속되면서다. 5대 시중은행이 지난해 11월 취급한 가계 예대금리차(정책서민금융 제외)는 0.742%포인트로 전월과 비교해 0.054%포인트 하락한 것으로 집계됐다.        ▶ 무조건 오르는 비공개 급등종목 ""반드시"" 확인하기 >> 오늘의 추천종목 정보 제공 받기 <<    ▶ 급등 임박! 반드시 상승할 ""유망 종목 TOP3"" 실시간 시세 확인하기 >> 종목 무료로 받아보기 <<    ▶ 비트코인 와르르 大폭락에 OO테마주 들썩, 상위 1% TF팀 >> 선착순 100명 급등 종목 무료제공 <<     ▶ 내 계좌 '5억'만들기 프로젝트! VIP 서비스 5일 무.료.체.험 EVENT >>보유 종목 무료분석<<        ▶ 상위 1%의 급등주 정보, 선착순 100명에게 무료로 제공 중… >>초대형 대장주 비밀리에 입수<<       ▶ 단 돈 ""만 원"" 있어도 10배 이상 터질 종목 ""지금"" 사도 무조건 터진다 >> 매일 VIP 무료추천주 <<       ▶ 아무도 몰랐던 급상승 ""VIP 히든종목"" 분석자료 선착순 무료제공!! >>최상위종목 ""시세"" 확인하기<<"
193,3,"2024-01-01","20:28:58","유명 개그맨 앞세운 사기에 수천명 당했다…車리스 보증금 '먹튀'","나에게 맞는 종목추천 AI알고리즘을 찾고 싶다면? 한경 로그인만 하면 1개월 무료 체험가능     수천억대 '폰지사기'  피해자 최소 1000명   경찰, 리스업체 대표 등 수사    ""車 대금 30~40% 보증금 내면  70% 반환+月납부금 절반 지원""  유명 연예인 내세워 홍보·모집     [ 안정훈 기자 ] 경찰이 수천억원 규모의 자동차 리스 보증금을 고객에게 돌려주지 않고 잠적한 리스회사 대표와 일당에 대한 수사에 나섰다. 이 회사는 유명 연예인을 직원으로 고용해 원금을 돌려준다고 약속했지만 실제론 다음 투자자의 돈으로 보증금을 돌려막는 ‘폰지 사기’ 방식으로 운영해 온 것으로 알려졌다. 현재까지 알려진 피해자만 최소 1000~2000명에 달해 파장이 예상된다. ○유명 개그맨 앞세워 사업 확장  1일 서초경찰서와 리스업계에 따르면 B중고자동차 판매 회사 유모 대표와 이 회사 관계자들이 사기 등의 혐의로 피소됐다. 이들은 고객과 자동차 리스 계약을 맺는 과정에서 약속한 보증금을 주지않고 잠적했다.  B사는 전국 각지에 지점을 둔 대형 중고차 판매 업체다. 2010년 설립됐다. 2017년부터 소유 자동차를 고객이 매월 일정 금액만 내면 계약기간 동안 빌려 탈 수 있도록 하는 오토리스 사업을 병행했다. 이 과정에서 유명 개그맨 출신 딜러 이모씨 등을 전면에 내세워 빠르게 성장했다. 2015년 2억원 정도였던 회사 매출은 2019년 208억원으로 100배 이상으로 늘었다. B사는 낮은 리스비를 앞세워 고객을 끌어모았다. 이들은 차량 대금의 30~40％를 보증금으로 내면 월 납부액의 절반가량을 지원해준다고 홍보해 고객을 모았다. 해당 보증금의 70~80%는 계약 만료 시 반환하겠다는 조건도 내세웠다.  피해자 김모씨(35)는 2021년 8월 B사의 딜러로부터 시세 4500만원짜리2019년식 볼보 XC60을 리스했다. 이 과정에서 B사는 김씨가 캐피털사로부터 5650만원을 대출받도록 알선했다. 대출금 가운데 2140만원은 B사에 차량 보증금으로 넘어갔다. 대신 B사는 김씨가 캐피털사에 매월 내야 하는 110만원 중 50만원을 지원해주기로 했다. 리스 종료 시 보증금2140만원의 70%(1498만원)를 돌려주겠다고도 약속했다. 김씨는 월 리스료 110만원 중 60만원만 내고, 계약 종료 시 보증금의 70%를 돌려받는구조였다. ○보증금 받아야 하는데 ‘먹튀’ 문제는 계약기간 만료 시점에 무더기 보증금 미반환 사태가 발생하면서 불거졌다. 김씨는 작년 11월 27개월의 리스를 끝내기 위해 보증금 반환을 신청했지만 회사 관계자들과 연락이 두절됐다. 결국 캐피털사에 돌려줘야 할 대출을 김씨가 갚아야 하는 상황에 처했다. 27개월 동안 김씨는 B사 지원금을 포함해 월 110만원씩 2970만원을 냈지만 캐피털사 대출이자(연 8.5%) 등을 포함해 여전히 4989만원을 갚아야 하는 상황이다.  B사는 신규 고객의 보증금을 받아 기존 고객의 보증금을 돌려막는 폰지 사기 형태로 업체를 운영해 온 것으로 전해졌다. 하지만 최근 경기 악화 등으로 신규 고객이 들어오지 않으면서 기존 고객의 원금을 갚지 못하게 된 것이다. 한 업계 관계자는 “중고차 판매 시 딜러가받는 수수료는 약 2％ 수준인데 B사는 6%에 달하는 수수료를 딜러에게 지급했다”며 “높은 수수료와 고객 지원금을 지급하기 위해 사실상 기존 고객의 보증금을 쓸 수밖에 없었을 것”이라고 지적했다.  업계에 따르면 현재까지 B사로부터 보증금을 돌려받지 못한 피해자는 1000~2000명 수준이다. 피해액은 인당 수천만원에서 최고 7억원까지 다양하다. 아직 회사의 지급정지 상태를 인지하지 못한 잠재 피해자까지 더하면 피해 금액은 수천억원에 달할 것으로 추정된다.  피해자들은 집단 소송을 준비 중이다. 유 대표는 지난달 18일 입장문을 발표하고 “회사를 다시 정상적으로 유지할 수는 없을 것 같다”며 “다만 회사 상황이 나아지는 대로 변제를 진행하겠다”고 해명했다. 유 대표의 입장을 듣기 위해 여러 차례 통화를 시도했지만 연락이 닿지 않았다.  안정훈 기자     ▶▶[급등종목]◀◀ 지금 ""1,000만원""만 있다면 당장 ""이것"" 매수해라!! >>> ( 무료공개)  >> ★무료카톡방★ 이제 추천주 ""무료""로 받으세요! ★무료카톡방★  ▶▶ 월0.2%대 최저금리 X 주식자금 4배 X 100%집중투자 => 부자네스탁론  [단기에 부자가 되는 방법] 상위 1%만의 강의 무료 제공 중 (pw:4560)  나에게 맞는 종목추천 AI알고리즘을 찾고 싶다면? 한경 로그인만 하면 1개월 무료 체험가능  [오늘의 이슈] 급등임박! 올해 반드시 상승할 ""실시간 TOP3"" 확인하세요! ▶▶ 무료 클릭!                관련기사 한국 기술에 日 '러브콜'…2500억 잭팟 터졌다 ""AI 앞세워 식민지 지배""…최악의 시나리오 등장 라면 아무거나 3팩 담아 9900원…'파격 할인' '억대연봉' 조합장 결단…""월급 200만원 받겠다"" 연봉 3000만원 직장인…100억대 자산가 된 비결    ⓒ 한국경제 & hankyung.com, 무단전재 및 재배포 금지"
193,4,"2024-01-01","20:28:00","광주 서구을 “양부남 37.4%”…‘독주 양상’","[헤럴드경제(광주)=황성철 기자] 양향자 한국의희망 의원이 더불어민주당을 탈당하면서 ‘무주공산’이 된 광주 서구을은 양부남 민주당 법률위원장의 독주 속에 나머지 후보자들이 혼전을 벌이고 있는 여론조사가 나왔다.  1일 남도일보등 지역 언론5개사가 알앤써치에 의뢰해 지난달 26-27일 광주광역시 서구을 거주 18세 이상 남녀 505명을 대상으로 진행한 무선전화(통신 3사가 제공한 가상번호) 면접 조사(표본오차는 95% 신뢰 수준에서 최대 ±4.4%포인트) 결과 양부남 민주당 법률위원장이 37.4%로 가장 높은 지지를 받았다.  민주당 현역 비례대표인 김경만 의원이 12.9%, 최회용 민주당 전 대선후보 광주특보단장이 9.8%, 강은미 정의당 현 의원(비례대표) 9.2%, 양향자 한국의희망 의원 6.0%, 김해정 진보당 풍암호수 원형보정 공동대책위원장 5.2% 등이 뒤를 이었다.  잘모름 8.2%, 지지후보 없다 6.9%, 기타 4.4% 순이었다.  양부남 위원장은 60대(52.3%)에서, 김경만 의원은 30대(15.6%), 최회용 특보단장은 50대(12.8%)에서 상대적으로 높은 지지를 받았다.  강은미 의원과 양향자 의원은 각각 50대(12.6%), 18세 이상-20대(11.4%)에서 지지세를 보였다.  더불어민주당 후보 적합도를 묻는 질문엔 양부남 위원장이 40.0%의 지지를 받았고, 김경만 의원 15.4%, 최회용 특보단장 10.4% 순으로 나타났다.  현역 국회의원 직무수행에 관해선 부정평가가 61.7%로 긍정평가(20.9%)보다 월등히 높아, 양향자 의원의 민주당 탈당여파가 지역 민심에 반영된 것으로 분석된다.  민주당 이재명 당대표 사퇴와 통합 비대위 구성에 관해서는 찬성 33.3%, 반대 46.6%로 의견이 팽팽하게 맞섰다.  40대·50대·60대층에서 부정적 인식이 특히 강했고, 남성(49.4%)이 여성(44.0%)보다 반대 의견이많았다.  이낙연 전 대표 주도의 신당 지지여부를 묻는 질문에 ‘지지 하지 않는다’가 71.0%였고 ‘지지 한다’는 16.8%, 잘 모름 12.2%로 집계됐다.  모든 연령층에서 부정적 의견이 압도적으로 높은 가운데 40대에선 무려 82.7%가 이낙연 전 대표 신당 창당에 반대한다고 밝혔다.  이준석 전 대표 주도 신당 지지여부를 묻는 질문에 ‘지지 하지 않는다’가 53.6%, ‘지지 한다’는 28.7%, 의견 유보층이 17.7% 로 드러났다.  지지 의견은 60대에서 38.0% 로 가장 높았고, 반대 의견은 50대(60.8%)에서 많았다.  47.3%는 후보자의 능력과 전문성을 가장 중요하다고 응답했고, 이어 도덕성 17.8%, 소속정당 13.4%, 공약 9.0% 등으로 확인됐다.  자세한 사항은 중앙선거여론조사심의위원회 홈페이지(www.nesdc.go.kr)에서 확인할 수 있다.        ▶ 무조건 오르는 비공개 급등종목 ""반드시"" 확인하기 >> 오늘의 추천종목 정보 제공 받기 <<    ▶ 급등 임박! 반드시 상승할 ""유망 종목 TOP3"" 실시간 시세 확인하기 >> 종목 무료로 받아보기 <<    ▶ 비트코인 와르르 大폭락에 OO테마주 들썩, 상위 1% TF팀 >> 선착순 100명 급등 종목 무료제공 <<     ▶ 내 계좌 '5억'만들기 프로젝트! VIP 서비스 5일 무.료.체.험 EVENT >>보유 종목 무료분석<<        ▶ 상위 1%의 급등주 정보, 선착순 100명에게 무료로 제공 중… >>초대형 대장주 비밀리에 입수<<       ▶ 단 돈 ""만 원"" 있어도 10배 이상 터질 종목 ""지금"" 사도 무조건 터진다 >> 매일 VIP 무료추천주 <<       ▶ 아무도 몰랐던 급상승 ""VIP 히든종목"" 분석자료 선착순 무료제공!! >>최상위종목 ""시세"" 확인하기<<"
193,5,"2024-01-01","20:26:48","요약-인도 전력망공사, TBCB에 따라 낙찰자로 선정됨","BRIEF-Power Grid Corporation Of India Declared Successful Bidder Under TBCB  1월 1일 (로이터) - 인도 전력망공사 :  주 간 송전 시스템 구축을 위한 관세 기반 경쟁 입찰에따른 낙찰자 선언    Further company coverage:      Reuters.Briefs@thomsonreuters.com ;;))        (c) Copyright Thomson Reuters 2020. Click For Restrictions - https://agency.reuters.com/en/copyright.html   원문 바로가기    DISCLAIMER  레피니티브의 사전, 서면 승인 없는 톰슨로이터 콘텐츠의 재생산이나 재배포는 금지되어 있습니다. 이 기사의 한국어 번역은 에프앤가이드가 사용하는 기계적 번역에 의한 것으로 톰슨로이터와 레피니티브는 번역의 정확성을 보증하지 않습니다."
193,6,"2024-01-01","20:26:26","'돌연 취소' 부산 새해맞이 광안리 드론쇼 1일 오후에야 진행","'돌연 취소' 부산 새해맞이 광안리 드론쇼 1일 오후에야 진행  이번에도 통신 장애로 20분 지연 시작돼       (부산=연합뉴스) 박성제 기자 = 새해를 맞아 당초 1일 0시에 진행될 예정이던 부산 광안리 드론쇼가 통신 장애로 돌연 취소된 뒤 1일 오후에야 열렸다.      부산 수영구는 1일 오후 7시 20분께 광안리 해수욕장에서 드론 2천대를 동원한 '광안리 M 드론라이트쇼' 공연을 진행했다.      통신 장애로 20분가량 지연돼 시작됐지만 새해맞이 카운트다운 숫자를 연출하고 '청룡'의 이미지를 밤하늘에 수놓는 등 공연은 무사히 진행됐다.      남편과 함께 공연을 본 박모(31) 씨는 ""좋은 공연이긴 했지만, 어젯밤에 볼 수 있었다면 더 좋았을 텐데 아쉽다""고 말했다.       앞서 이날 0시 광안리 해수욕장에는 드론쇼를 보기 위해 전국 각지에서 온 시민과 외국인 관광객 등 8만2천여명이 몰렸지만, 갑작스러운통신 장애로 0시 30분께 공연은 취소됐다.      드론쇼를 보기 위해 수개월 전부터 웃돈을 주고 숙소를 예약하거나 추운 바닷바람을 맞아가며 기다린 관람객들은 분통을 터뜨렸고, 결국수영구는 강성태 구청장 명의의 사과문을 냈다.       강 청장은 ""전년 대비 배 이상의 인파가 운집해 예상치 못한 통신 장애가 발생했다""며 ""관심과 성원을 보내준 방문객에게 불편함을 끼친점 진심으로 사과드린다""고 말했다.      psj19@yna.co.kr  (끝)     <저작권자(c) 연합뉴스, 무단 전재-재배포 금지>"
193,7,"2024-01-01","20:26:08","브리프-마하마야 철강 산업, 12월 판매량(단위)이 15124.220 MT라고 밝혔습니다.","BRIEF-Mahamaya Steel Industries Says Sales (Units) For Dec Is 15124.220 MT  1월 1일(로이터) - 마하마야 스틸 인더스트리즈(Mahamaya Steel Industries Ltd) :  12월 판매량(단위)은 15124.220 MT입니다.    Further company coverage:      Reuters.Briefs@thomsonreuters.com ;;))        (c) Copyright Thomson Reuters 2020. Click For Restrictions - https://agency.reuters.com/en/copyright.html   원문 바로가기    DISCLAIMER  레피니티브의 사전, 서면 승인 없는 톰슨로이터 콘텐츠의 재생산이나 재배포는 금지되어 있습니다. 이 기사의 한국어 번역은 에프앤가이드가 사용하는 기계적 번역에 의한 것으로 톰슨로이터와레피니티브는 번역의 정확성을 보증하지 않습니다."
194,1,"2024-01-01","20:01:40","새해 지구촌 10대 화두…트럼프·신냉전·AI 확산 등 주목","새해 지구촌 10대 화두…트럼프·신냉전·AI 확산 등 주목  영국잡지 분석…'슈퍼선거의 해' 민주주의 확대될까  신냉전 기정사실…트럼프 재선 가능성에 '두근두든' 고금리 계속될라 불안…AI 둘러싼 본격 논쟁 시작될 듯       (서울=연합뉴스) 유한주 기자 = 글로벌 정세를 일거에 뒤집을 도널드 트럼프 전 미국 대통령의 재집권부터 새로운 산업혁명으로 거론되는 인공지능(AI)의 급속한 확산까지.      영국 시사 주간지 이코노미스트는 2024년 새해에 전세계에 영향을 미칠 10대 추세를 선정해 1일(현지시간) 소개했다.      이코노미스트는 1월 대만 총통 선거부터 11월 미국 대통령 선거까지 70여개 중대 선거가 열린다는 데 주목했다.      이 매체는 ""전 세계에서 어느 때보다 많은 유권자에게 선거가 열려 지구촌 민주주의가 스포트라이트를 받는다""고 의미를 부각했다.      올해는 선거가 열리는 국가의 인구가 42억명으로 역대 최초로 세계인구의 절반을 넘어선다.      이코노미스트는 ""선거가 많아졌다고 민주주의가 확장되는 것은 아니다""며 ""많은 선거가 자유롭지도 공정하지도 않을 것""이라고 지적했다.      트럼프 전 대통령의 재집권 여부는 별도로 주목할 화두로 제시됐다.       이코노미스트는 11월 미국 대선에 대해 트럼프 전 대통령을 유권자와 법원이 심판하는 자리라며 그의 재임 가능성을 30％로 봤다.      트럼프 전 대통령은 반란 의혹에 시달리고 있으며 콜로라도, 메인 등 일부 주는 그의 피선거권을 박탈했다.      그러나 그는 여론조사에서 공화당 후보 중 선두를 유지하며 경합주에서 맞상대인 조 바이든(민주당) 현 대통령보다 지지율이 앞선다.      이코노미스트는 이번 미국 대선은 기후정책부터 우크라이나 지원 문제까지 전 세계에 영향을 미칠 사안이라고 강조했다.      트럼프 전 대통령은 기후변화를 불신해 화석연료 사용을 지지하며 자국 이익을 위해 우크라이나 지원을 멈춰야 한다는 입장이다.       작년 10월 7일 시작된 이스라엘과 팔레스타인 무장정파 하마스 간 전쟁도 뜨거운 감자로 지목됐다.      이코노미스트는 이미 2만명이 넘게 사망한 이번 전쟁이 더 큰 중동 전쟁으로 번질지, 평화를 위한 기반이 될지 아직 확실하지 않다면서미국의 외교력 등이 시험대에 올랐다고 평가했다.      전 세계 곳곳에서 국지적 냉전이 가열된 것도 주목받았다.      특히 아프리카 사헬(사하라 사막의 남쪽 주변) 지역의 불안정성이 높아졌다는 평가다.      아프리카에서는 2019년 수단을 시작으로 말리, 기니, 차드, 부르키나파소, 니제르, 가봉에서도 쿠데타가 발생했다.      미국과 중국의 진영구축에 따른 신냉전은 올해도 계속 심화해갈 추세로 주목됐다.      이코노미스트는 ""중국의 경제 성장세가 둔화하고 대만을 둘러싼 긴장이 고조되며 미국이 중국의 첨단 기술을 제한하면서 '신냉전'이라는말이 더 설득력을 얻고 있다""고 적었다.      청정에너지원 개발에 필요한 광물을 풍부하게 보유한 국가들의 행보도 하나의 주제로 선정됐다.      지구촌에서는 기후변화 대응이 절실해지면서 신재생 에너지 생산을 위한 리튬, 구리 등 광물이 지정학적 변수로 부각되고 있다.      이코노미스트는 이런 상황에서 새로운 승자와 패자가 나타날 수 있다고 내다봤다.       경제적 불확실성도 올해를 지배할 화두로 꼽혔다.      서방 국가들의 경제는 작년에 예상보다 잘 버텼지만 아직 위험에서 벗어난 것은 아니라는 평가다.      고금리가 더 오래 더 높게 지속되면 경기침체가 오지 않더라도 기업과 가계가 고통을 받을 것으로 예상된다.      이코노미스트는 특히 중국이 디플레이션(지속적 물가하락)에 빠질 수 있다고 내다봤다.      올해는 AI가 실생활에 더 많이 들어오면서 논쟁도 커질 것이라고 이코노미스트는 관측했다.      기업은 도입을 서두르고 정부는 규제를 서두르고 기술기업은 첨단화를 서두르면서 혼란이 발생한다는 얘기다.      최적의 규제가 무엇인지, 인류 존립에 대한 위협론이 선발주자들의 보호주의인지 논쟁이 불붙을 것으로 예상된다.      예상하지 못한 오남용 사례가 돌출할 것으로 관측된다. AI가 일자리와 선거에 미칠 악영향에 대한 우려는 이미 차고 넘치는 상황이다.      hanju@yna.co.kr  (끝)      <저작권자(c) 연합뉴스, 무단 전재-재배포 금지>"
194,2,"2024-01-01","20:00:55","브리프-비어헬스케어, 예비 샘플 수출 주문 획득","BRIEF-Veerhealth Care Got Preliminary Sample Export Order  1월 1일(로이터) - Veerhealth Care Ltd :  50,000달러 상당의 샘플 수출 예비 주문을 받았습니다.    Further company coverage:      Reuters.Briefs@thomsonreuters.com ;;))        (c) Copyright Thomson Reuters 2020. Click For Restrictions - https://agency.reuters.com/en/copyright.html   원문 바로가기    DISCLAIMER  레피니티브의 사전, 서면 승인 없는 톰슨로이터 콘텐츠의 재생산이나 재배포는 금지되어 있습니다. 이 기사의 한국어 번역은 에프앤가이드가 사용하는 기계적 번역에 의한 것으로 톰슨로이터와 레피니티브는 번역의 정확성을 보증하지 않습니다."
194,3,"2024-01-01","20:00:48","부산대 지하철역서 흉기 들고 배회한 20대 남성","[헤럴드DB]  [헤럴드경제=최원혁 기자] 부산대 인근에서 흉기를 꺼내 들고 배회한 20대 남성이 경찰에붙잡혔다.  1일 부산 금정경찰서는 살인예비 등 혐의로 20대 남성 A씨를 입건했다고 밝혔다.  A씨는 전날 오후 4시30분께 부산 도시철도 부산대역과 인근 상점 앞에서 10여 분간 흉기를 들고 다녔다.  이를 목격한 시민들이 A씨를 112에 신고했고 경찰은 A씨를 검거했다.  경찰은 A씨에 대해 구속영장을 신청했으며 정확한 사건 경위를 파악하고 있다.        ▶ 무조건 오르는 비공개 급등종목 ""반드시"" 확인하기 >> 오늘의 추천종목 정보 제공 받기 <<    ▶ 급등 임박! 반드시 상승할 ""유망 종목 TOP3"" 실시간 시세 확인하기 >> 종목 무료로 받아보기 <<    ▶ 비트코인 와르르 大폭락에 OO테마주 들썩, 상위 1% TF팀 >> 선착순 100명 급등 종목 무료제공 <<     ▶ 내 계좌 '5억'만들기 프로젝트! VIP 서비스 5일 무.료.체.험 EVENT >>보유 종목 무료분석<<        ▶ 상위 1%의 급등주 정보, 선착순 100명에게 무료로 제공 중… >>초대형 대장주 비밀리에 입수<<       ▶ 단 돈 ""만 원"" 있어도 10배 이상 터질 종목 ""지금"" 사도 무조건 터진다 >> 매일 VIP 무료추천주 <<       ▶ 아무도 몰랐던 급상승 ""VIP 히든종목"" 분석자료 선착순 무료제공!! >>최상위종목 ""시세"" 확인하기<<"
194,4,"2024-01-01","20:00:10","요약-코탁 마힌드라 은행, 아쇼크 바스와니가 전무이사 겸 CEO에 취임했다고 발표","BRIEF-Kotak Mahindra Bank Says Ashok Vaswani Has Assumed Office As Managing Director & CEO  1월 1일 (로이터) - Kotak Mahindra Bank Ltd :  아쇼크 바스와니가 매니징 디렉터 겸 CEO로 취임했습니다.    Further company coverage:      Reuters.Briefs@thomsonreuters.com        (c) Copyright Thomson Reuters 2020. Click For Restrictions - https://agency.reuters.com/en/copyright.html   원문 바로가기    DISCLAIMER  레피니티브의 사전, 서면 승인 없는 톰슨로이터 콘텐츠의 재생산이나 재배포는 금지되어 있습니다. 이 기사의 한국어 번역은 에프앤가이드가 사용하는 기계적 번역에 의한 것으로 톰슨로이터와 레피니티브는 번역의 정확성을 보증하지 않습니다."
194,5,"2024-01-01","20:00:08","세상 떠난 아빠 AI로 환생시킨 아들…엄마 '눈물 바다'","세상 떠난 父, AI 성우로 소환한 20대  母 위해 특별한 크리스마스 선물 준비  SNS는 눈물 바다…호평 일색      세상을 떠난 가장 사랑하는 사람과 대화할 수 있다면 어떨까. 엄마를 위한 특별한 크리스마스카드를 만들기 위해 죽은 아버지의 목소리를인공지능(AI)으로 부활시킨 한 20대 남성의 이야기가 온라인을 눈물바다로 만들었다.  최근 미국 뉴욕포스트에 따르면 27세의 필립 윌렛이 틱톡에 올린 게시물은 560만 회 이상의 조회수를 기록했다. 그는 ""올해 크리스마스에 엄마를 위해 특별한 일을 하기로 결정했다""고 밝혔다.  윌렛의 부친은 2022년 췌장암 투병 끝에 세상을 떠났다고 한다. 그는 자신의 '영웅'을 기리기 위해 독특한 일을 하고 싶었다면서 AI를 활용해 부친을 부활시키기로 했다고 말했다.  윌렛은 처음에 이러한 생각이 이상하지 않을까 하는 우려도 있었지만, 많은 사람이 죽은 이들과 디지털 방식으로 소통하는 온라인 커뮤니티를 발견하고는 결국 이를 실천하기로 했다.  윌렛은 부친의 목소리가 담긴 음성 파일을 텍스트 음성 변환 소프트웨어에 넣었다. 이렇게 그는 아버지의 목소리, 어조를 구사하는 AI 성우를 만들어냈다. 그는 ""프로그램에 실제로 처음으로 넣은 말은 '안녕, 자기야'였다""며 ""고인이 된 아빠가 그런 말을하는 것을 몇 번이나 들었는지 모르겠다. 온몸에 소름이 돋았다""고 회상했다.  이후 그는 부친의 목소리를 사용해 디지털 크리스마스카드를 만들었다. 마치 그의 아버지가 휴일에 집에 있는 듯한 느낌으로 카드를 제작한 것이다.    영상에서 윌렛은 아버지의 목소리가 담긴 크리스마스카드를 어머니에게 건넸다. 카드를 열자 ""안녕? 자기야. 사랑해""라는 목소리가 나왔다. 윌렛의 엄마는 오랜만에 듣는 남편의 목소리에 눈물을 흘리기 시작했다.  AI 성우는 ""난 당신의 기도를 들어. 당신이 우리 아이들에게 최고의 엄마라는 걸 알아줬으면 좋겠어""라고 말을 이었다. 이어 ""당신은 이 세상에서 가장 강한 여성이야. 나는 항상 당신과 함께야. 모두 즐거운 크리스마스 보내길""이라고 말했다.  음성이 끝나자 엄마는 일어나서 아들과 진한 포옹을 나눴다. 윌슨은 ""아빠를 그리워했던 엄마가 연휴를 보내는 게 일이 더 수월해졌다. 엄마 곁에 아빠가 늘 함께 있다는 사실을 알게 됐으니까""라고 첨언했다.  AI로 만들어진 제작물이 각종 사건·사고를 일으키자 망자를 AI로 소환하는 일에 대한 비판도 끊이질 않는 상황이다. 특히 사망한 사람의 초상권이나 사기 등 문제를 야기할 수 있다는 점에서 우려가 제기되고 있다고 뉴욕포스트는 전했다.  그러나 이번 영상만큼은 비판보다는 호평이 이어지는 분위기다. 영상을 접한 누리꾼들은 ""너무 아름답다"", ""한 번도 만난 적 없는 사람이지만 눈물이 흘렀다"", ""울 줄 알고 봤지만, 끝까지 다 봤다. 이 영상이 널리 알려질 필요가 있다고 생각한다"", ""나도 2년 전 아버지를 췌장암으로 잃었다. 감당할 수 있을지 모르겠지만, 아버지의 목소리가 너무 그립다"", ""나도 아빠와 형제를최근 잃었다. 엄마에게 나도 똑같은 일을 해드려야겠다고 생각했다"" 등 반응을 보였다.  신현보 한경닷컴 기자 greaterfool@hankyung.com    관련기사 한국 기술에 日 '러브콜'…2500억 잭팟 터졌다 ""AI 앞세워 식민지 지배""…최악의 시나리오 등장 라면 아무거나 3팩 담아 9900원…'파격 할인' '억대연봉' 조합장 결단…""월급 200만원 받겠다"" 연봉 3000만원 직장인…100억대 자산가 된 비결    ⓒ 한국경제 & hankyung.com, 무단전재 및 재배포 금지"
194,6,"2024-01-01","20:00:00","[날씨] 오전까지 전국 곳곳 눈비…아침 최저기온 -2∼5도","[날씨] 오전까지 전국 곳곳 눈비…아침 최저기온 -2∼5도       (서울=연합뉴스) 안정훈 기자 = 화요일인 2일 전국 곳곳에서 눈이나 비 소식이 예보됐다.      전국이 대체로 흐리겠으며 강원 동해안에는 가끔 구름이 많겠다.      전라권과 경상 서부 내륙은 이른 새벽부터 오전까지 예상 강수량 0.1mm 미만의 빗방울 또는 0.1cm 미만 눈이 내리는 곳이 있겠다.      중부지방은 전날 밤부터 내리기 시작한 눈비가 이날 오전까지 이어지는 곳이 있겠다.      경기 동부는 1∼2일 이틀간 1㎝ 내외의 눈이나 1㎜ 내외의 비 소식이 예보됐다. 서울과 인천 경기 서부도 1㎝ 미만의 눈이나 1㎜의 비가내리는 곳이 있겠다.      같은 기간 강원 내륙·산지는 1∼3㎝ 미만의 눈, 5㎜ 미만의 비 소식이 예보됐다. 충청권은 1㎝ 미만의 눈이나 1㎜의 빗방울이 떨어지는곳이 있겠다.      제주도 산지도 1㎝ 내외의 눈과 1㎜ 내외의 비가 내리는 곳이 있겠다.      아침 최저기온은 -2∼5도, 낮 최고기온은 3∼11도로 예보됐다.      미세먼지 농도는 원활한 대기 확산으로 전 권역이 '좋음'∼'보통' 수준을 보이겠다.      바다의 물결은 동해 앞바다에서 0.5∼3.0m, 서해 앞바다에서 0.5m, 남해 앞바다에서 0.5∼2.0m로 일겠다.       안쪽 먼바다(해안선에서 약 200㎞ 내의 먼바다)의 파고는 동해 1.0∼3.5m, 서해 0.5∼1.0m, 남해 0.5∼2.0m로 예측된다.      다음은 2일 지역별 날씨 전망. [오전, 오후](최저∼최고기온) <오전, 오후 강수 확률>      ▲ 서울 : [흐리고 한때 비/눈 곳, 흐림] (2∼5) <60, 30>      ▲ 인천 : [흐림, 흐림] (2∼4) <40, 30>      ▲ 수원 : [흐리고 가끔 비/눈, 흐림] (1∼5) <60, 30>      ▲ 춘천 : [흐리고 한때 눈 곳, 흐림] (-1∼4) <60, 30>      ▲ 강릉 : [흐림, 구름많음] (3∼8) <30, 20>      ▲ 청주 : [흐리고 한때 비/눈 곳, 흐림] (2∼6) <60, 30>      ▲ 대전 : [흐리고 한때 비/눈 곳, 흐림] (2∼6) <60, 30>      ▲ 세종 : [흐리고 한때 비/눈 곳, 흐림] (2∼6) <60, 30>      ▲ 전주 : [흐림, 흐림] (4∼7) <30, 30>      ▲ 광주 : [흐림, 흐림] (3∼7) <30, 30>      ▲ 대구 : [흐림, 흐림] (1∼8) <30, 30>      ▲ 부산 : [흐림, 흐림] (5∼11) <30, 30>       ▲ 울산 : [흐림, 흐림] (2∼11) <30, 30>      ▲ 창원 : [흐림, 흐림] (3∼10) <30, 30>      ▲ 제주 : [흐리고 한때 비, 흐림] (7∼12) <60, 30>      hug@yna.co.kr       ※ 이 기사는 엔씨소프트의 인공지능 기술인 자연어처리기술(NLP)과의 협업을 통해 제작되었습니다. 인공지능이 쓴 초고와 기상청 데이터 등을 토대로 취재 기자가 최종 기사를 완성했으며 데스킹을 거쳤습니다.      기사의 원 데이터인 기상청 기상예보는 웹사이트(https://www.weather.go.kr)에서도 확인할 수 있습니다.  (끝)     <저작권자(c) 연합뉴스, 무단 전재-재배포 금지>"
194,7,"2024-01-01","20:00:00","다이어리-연방준비은행 이벤트","DIARY-Federal Reserve Events  ***새 항목을 나타냅니다.  --------------------------------------------------------     연방공개시장위원회(FOMC) 회의 날짜:      2024  2024년 1월 30~31일(둘째 날: 성명서 발표 1400시(동부표준시/1900 GMT), 기자간담회 1430시(동부표준시/1930 GMT))  3월 19~20일(둘째 날: 성명서 발표 1400시(미국 동부 표준시/1800 GMT), 기자 회견 1430시(미국 동부 표준시/1830 GMT))  4월 30일~5월 1일(둘째 날: 성명서 발표 1400 EDT/1800 GMT, 기자 회견 1430 EDT/1830 GMT 예정)  6월 11~12일(둘째 날: 성명서 발표 1400 EDT/1800 GMT, 기자간담회 1430 EDT/1830 GMT 예정)  7월 30~31일(둘째 날: 성명서 발표 1400 EDT/1800 GMT, 기자 회견 1430 EDT/1830 GMT)  9월 17~18일(둘째 날: 성명서 발표 1400시(미국 동부 표준시/1800 GMT), 기자간담회 1430시(미국 동부 표준시/1830 GMT))  11월 6~7일(둘째 날: 성명서 발표 1400시(동부표준시/1900 GMT), 기자 회견 1430시(동부표준시/1930 GMT))  12월 17~18일(둘째 날: 성명서 발표 1400시(동부표준시/1900 GMT), 기자 회견 1430시(동부표준시/1930 GMT))  2025  1월 28~29일(둘째 날: 성명서 발표 1400시(동부표준시/1900 GMT), 기자 회견 1430시(동부표준시/1930 GMT))     ------------------------------------------------------------  연방준비제도이사회 의장 제롬 파월           현재 예정된 공개 이벤트가 없습니다.      -----------------------------------------------------   기타 연방 정부 관계자          2024년 1월 3일 수요일, 노스캐롤라이나주 롤리 - 토마스 바킨 리치몬드 연방준비은행 총재가 2024년 롤리 챔버 출범식(08:30 동부표준시/13:30 GMT)에 앞서 경제 전망에 대해 연설합니다. 라이브 스트림 및 텍스트 제공. 청중 Q&A 예정. 마틴 마리에타 공연 예술 센터, A.J. 플레처 오페라 극장, 2 East South St. 온라인 RSVP : https://web.raleighchamber.org/events/Launch2024-2620/details. 연락처: 젠 팔머, jpalmer@raleighchamber.org 또는 919 664 7011; 또는 마크 디니츠, MDinitz@raleighchamber.org 또는 919 737 1642              1월 5일 금요일  메릴랜드주 린티컴 하이츠 - 리치몬드 연방준비은행 토마스 바킨 총재가 메릴랜드 은행가 협회 첫 번째 금요일 경제 전망 포럼(동부시간 기준 1330시/1830 GMT)에서 연설합니다. 라이브 스트림 없음. 청중 Q&A 예정. 행사 후 별도의 미디어 Q&A가 이어집니다. 참고: 1월 3일 연설 반복. 힐튼 볼티모어 BWI 호텔, 1739 웨스트 너서리 로드. 연락처: 앤 드빌비스, adevilbiss@mdbankers.com 또는 443 837 1606. 정보: https://www.mdbankers.com/first-friday-economic-outlook-forum.html        1월 6일 토요일  ***샌안토니오 - 로리 로건 댈러스 연방준비은행 총재가 미국경제협회 연례회의(1015 CST/1115 EST/1615 GMT)에서 ""시장 모니터링과 통화 정책의 실행""이라는 제목의 패널 토론에 참여합니다. 텍스트예상. 라이브 스트리밍은 없습니다. 샌안토니오 메리어트 리버센터 온 더 리버 워크, 그랜드 볼룸 살롱 J. 101 보위 스트리트 연락처: 존 프라이어, jon.prior@dal.frb.org 또는 214-922-6857           1월 8일 월요일  ***애틀랜타 - 애틀랜타 연방준비은행 총재 라파엘 보스틱이 애틀랜타 로타리클럽에서 경제 전망에 대한 대담에 참여합니다(동부시간 기준 12:30/17:30 GMT). 생중계는 없습니다. 청중 및 미디어 Q&A 예정. 엠바고 텍스트 없음. 라우드어밀크 컨퍼런스 센터, 40 코트랜드 스트리트 북동부 RSVP: 카렌므라섹, karen.mracek@atl.frb.org     1월 10일 수요일  ***화이트 플레인즈, 뉴욕. - 존 윌리엄스 뉴욕 연방준비은행 총재가 ""존 윌리엄스 뉴욕 연준 총재와 함께하는 2024년 경제 전망""에서 기조연설을 하고 있습니다(동부표준시 1515시/2015 GMT). 텍스트 및 사회자 진행 Q&A 예정. 행사 후 대면 미디어 공개 예정. 오퍼스 웨스트체스터, 3 르네상스 스퀘어. 연락처: 브라이언 매닝, Brian.Manning@ny.frb.org.      ------------------------------------------------------------     FOMC 회의록  1400 동부 표준시/1900 GMT:  2024년 1월 3일 수요일(12월 12~13일 회의)  2월 21일 수요일(1월 30~31일 회의)        베이지북(수요일 날짜)  2024  1400 EST/1900 GMT:  1월 17일, 3월 6일  1400 EDT/1800 GMT:  4월 17일, 5월 29일, 7월 17일, 9월 4일, 10월 23일  1400 EST/1900 GMT:  12월 4일        미국 연방준비제도이사회 분기별 재무 계정(Z.1)  2024년 3월 7일 목요일, 동부 표준시/1700 GMT, 1200시        --------------------------------------------------------   투표 회원:  2023 뉴욕 연방준비은행 총재  시카고 연방준비은행 총재  필라델피아 연방준비은행 총재  달라스 연방준비은행 총재  미네아폴리스 연방준비은행 총재  2024  뉴욕 연방 준비 은행 총재  클리블랜드 연방 준비 은행 총재  리치몬드 연방 준비 은행 총재  애틀랜타 연방 준비 은행 총재  샌프란시스코 연방 준비 은행 총재  2025  뉴욕 연방 준비 은행 총재  시카고 연방 준비 은행 총재  보스턴 연방 준비 은행 총재  세인트루이스 연방 준비 은행 총재  캔자스시티 연방 준비 은행 총재    ---------------------------------------------------------  ((연준 정책에 관한 기사를 보려면 을 클릭하세요. 주요 경제 이벤트다이어리를 보려면 다음을 참조하세요.           (c) Copyright Thomson Reuters 2020. Click For Restrictions - https://agency.reuters.com/en/copyright.html        Keywords: USA-FED/DIARY (DIARY)   원문 바로가기    DISCLAIMER  레피니티브의 사전, 서면 승인 없는 톰슨로이터 콘텐츠의 재생산이나 재배포는 금지되어 있습니다. 이 기사의 한국어 번역은 에프앤가이드가 사용하는 기계적 번역에 의한 것으로 톰슨로이터와 레피니티브는 번역의 정확성을 보증하지 않습니다."
195,1,"2024-01-01","19:41:11","에티하드항공, 새해 첫날부터 코지코데와 티루바난타푸람에 매일 운항 시작","BRIEF-Etihad Airways Says Daily Flights To Kozhikode And Thiruvananthapuram Began On New Year’S Day  1월 1일(로이터) - 에티하드항공:  매일 운항하는 코지코드(CCJ) 및티루바난타푸람(TRV) 항공편을 소개합니다.   새해 첫날 코지코데와 티루바난타푸람행 매일 운항 시작      Reuters.Briefs@thomsonreuters.com        (c) Copyright Thomson Reuters 2020. Click For Restrictions - https://agency.reuters.com/en/copyright.html   원문 바로가기    DISCLAIMER  레피니티브의 사전, 서면 승인 없는 톰슨로이터 콘텐츠의 재생산이나 재배포는 금지되어 있습니다. 이 기사의 한국어 번역은 에프앤가이드가 사용하는 기계적 번역에 의한 것으로톰슨로이터와 레피니티브는 번역의 정확성을 보증하지 않습니다."
195,2,"2024-01-01","19:40:51","부산 해운대구, 조직개편 단행…현장중심 조직 강화","하천하수관리팀·지역건축안전팀 신설   부산 해운대구청 전경. [사진=해운대구청]  [헤럴드경제(부산)=임순택 기자] 부산 해운대구(구청장 김성수)는 하천하수관리팀, 지역건축안전팀 신설 등 1월 1일자로 조직 개편을 단행했다.  이번 조직개편은 ‘살기 좋은 도시, 오고 싶은 도시 해운대’ 실현을 위한 현장 중심·일 중심의 조직 운영에 주안점을 뒀다.  우선 건설과에 ‘하천하수관리팀’을 신설하고 인력을 추가 배치함으로써 관내 하천의 편의시설 정비, 수영강과 연계한 생태하천개발 등 지역 하천 관리 활성화를 도모한다.  기존의 하천하수팀은 ‘하천하수시설팀’으로 변경해 하천 친수공간 조성과 정비사업을 추진하는 데 집중한다. 또 지역 내 건축물의 체계적인 안전관리와 전문적인 건축행정 수행을 위해 기존의 ‘지역건축안전TF팀’을 건축과 내 정식 팀으로 전환했다.  지역건축안전센터를 운영해 공사 현장과 노후 건축물 등 건축물 전반을 대상으로 한 종합적인 안전관리를 실시할 계획이다. 이외에도 갈수록 증가하는 민원사항을 신속하고 정확하게 처리하기 위해 인력을 추가 배치해 ‘구청장직소민원실’을 운영한다.  직소민원실은 민원 접수에서 처리까지 전 과정을 관리하는 한편 문자메시지를 이용한 민원접수 시스템을 구축, 민원 접근성을 향상할 계획이다.  김성수 해운대구청장은 “2024년 새해, 능동(적극행정), 책임(시스템행정), 신뢰(감동행정)의 3대 키워드를 구정 운영의 원칙으로 삼아 살기 좋은 도시, 오고 싶은 도시 해운대를 만들기 위해 최선을 다하겠다”고 밝혔다.                 ▶ 무조건 오르는 비공개 급등종목 ""반드시"" 확인하기 >> 오늘의 추천종목 정보 제공 받기 <<    ▶ 급등 임박! 반드시 상승할 ""유망 종목 TOP3"" 실시간 시세 확인하기 >> 종목 무료로 받아보기 <<    ▶ 비트코인 와르르 大폭락에 OO테마주 들썩, 상위 1% TF팀 >> 선착순 100명 급등 종목 무료제공 <<     ▶ 내 계좌 '5억'만들기 프로젝트! VIP 서비스 5일 무.료.체.험 EVENT >>보유 종목 무료분석<<        ▶ 상위 1%의 급등주 정보, 선착순 100명에게 무료로 제공 중… >>초대형 대장주 비밀리에 입수<<       ▶ 단 돈 ""만 원"" 있어도 10배 이상 터질 종목 ""지금"" 사도 무조건 터진다 >> 매일 VIP 무료추천주 <<       ▶ 아무도 몰랐던 급상승 ""VIP 히든종목"" 분석자료 선착순 무료제공!! >>최상위종목 ""시세"" 확인하기<<"
195,3,"2024-01-01","19:39:54","인도 'SUV 열풍' 일으킨 현대차… ""2025년 100만대 생산""[신년기획 2024 '기회의 땅' 동남아·인도를 가다]","인도 첸나이 현대차 공장 '포스트 차이나'에 부는 제2 전성기 1998년 점유율 2.2%→2022년 14.5% 인도 진출 27년만에 현지 2위 자리매김 김언수 권역장 ""모터라이제이션 대비 제3공장 인수로 생산능력 대폭 키울 것"" 해외 생산기지 1위 '첸나이 공장' 소형차부터 SUV까지 年 80만대 생산 첨단자동화 시설로 1시간에 70대 작업 13개 생산모델 중 SUV가 판매량53%      현대차의 인도 생산거점인 첸나이 공장 생산라인에서 현지직원이 차량을 조립하고 있다.     인도 남동부 타밀나두주에 위치한 현대차 첸나이 공장에서 생산된 자동차들이 길게 줄 지어 서있다.     김언수 인도아중동대권역장이 인도 구르가온에 위치한 현대차 인도법인에서 첸나이 공장에 대해 설명하고 있다. 사진=김홍재 기자 【파이낸셜뉴스 첸나이·뉴델리(인도)=김홍재 기자】 인도 수도 뉴델리에서 이동 중에 현대차가 수시로 눈에 띄었다. 현대차는 소형차 중심의 인도 도로에서 스포츠유틸리티차(SUV)와 프리미엄급 자동차들이 많았는데 10대 중 5대가 현대차·기아였다. 인도 뉴델리 인디라 간디 국제공항에서 호텔로 이동을 위해 탑승한 우버의 택시기사 틴쿠 씨는 ""현대차는 인도 자동차 시장에서 마루티 스즈키에 이어 2위 자동차 회사로 알고 있다""면서 ""현대차는 디자인, 성능 등에서 다른 자동차 회사들보다 우수하다""고 말했다.   '포스트 차이나'로 주목받고 있는 인도는 지난 2022년 국내총생산(GDP) 규모가 3조5000억달러( 약 4536조원)에서 오는 2027년 5조4000억달러(약 7000조원)로 급성장하면서 미국, 중국에 이어 세계 3대 경제대국으로 부상할 것이라는 게 글로벌 경제전망 기관들의 대체적인 분석이다. 자동차산업 규모도 2022년 370만대에서 2031년 500만대 이상으로 늘어날 것으로 예상된다.   ■2025년 4분기 생산능력 80만→100만대   27년 전 글로벌 업체들의 진출이 본격화되기 이전부터 진출해 자리를 잡은 현대차는 제2의 전성기를 준비하고 있다. 뉴델리에서 차로 1시간가량 달려 도착한 구르가온에 위치한 현대차 인도법인에서 현대차의 성공비결과 비전에 대해 들어봤다.   인도를 비롯해 중동, 중앙아시아, 아프리카까지 담당하고 있는 김언수 인도아중동대권역장은 ""인도 시장은 풍부한 양질의 노동력을 기반으로 향후 발전 가능성이 가장 높은 국가 중 하나로 평가된다""면서 ""자동차 역시 경제발전과 맞물려 향후 급속한 모터라이제이션(자동차 구입 열풍)을 겪을 것으로 예상된다""고 설명했다.   김 권역장은 ""향후수요 증가에 대비해 첸나이 1·2공장에 이어 3번째 공장으로 푸네 지역의 GM 공장 인수를 추진중""이라며 ""이를 통해 현재 80만대 수준인 생산능력을 100만대 이상으로 확대할 계획""이라고 밝혔다. 현재 지방정부와 GM 공장 인수를 위한 막바지 작업이 진행중이며 오는 2025년 4·4분기부터 100만대 이상의 생산능력을 갖추게 될 것으로 전망된다.   급성장하는 인도 시장을 중국의 대안으로 삼겠다는 전략의 중심에는 정의선 현대차그룹 회장이 있다. 정 회장은 지난해 8월 인도를 직접 찾아 중장기 성장전략을 논의하고 GM 공장을 인수하는 등 인도 사업을 진두지휘하고 있다. 특히 정 회장은 ""수요가 증가하는 인도 전기차 시장에서 퍼스트무버(선도자)의 입지를 빠르게 구축하기 위해서는 고객의 기대를 뛰어넘는 상품성을 갖춘 제품을 적기에 공급하는 것이 무엇보다 중요하다""고 당부했다.   ■인도 내 車 판매 2위, 수출 기준으로 1위   현대차는 인도에서 판매 기준으로 2위, 수출 기준으로는 1위를 달리고 있다. 인도에 진출한 1996년 이후 27년 만에 이뤄낸 성과다.   1991년 개혁개방으로 전환한 인도는 인구 대국으로 미래 시장잠재력과 다양성 및 가능성에 있어서 향후 성장가능성이 주목되는 지역이었다. 이 시장을 조기에 선점하는 것이 중요하다는 게 현대차의 판단이었다. 현대차는 철저한 소비자 및 시장 분석을 바탕으로 효율적인 투자, 적합한 상품을 조기에 공급하면 승산이 있다고 판단하고 1998년 첸나이공장에서 소형차 아토스를 개조한 '상트로'를 시작으로 이후 소형차 중심으로 본격적인 양산에 들어갔다.   1998년 시장점유율이2.2%에 불과했으나 이후 판매가 늘면서 2000년 14.1%, 2020년 17.4%까지 성장했다. 2022년 판매 기준으로 현대차의 시장점유율은 14.5%(55만3000대)로 마루티 스즈키(41.3%, 157만6000대)에 이어 2위다. 기아도 6.7%(25만5000대)로 4위를 기록하면서 양사의 점유율은 21.2%에 이른다.   아울러 현대차는 인도 자동차 수출 1위 브랜드다. 1999~2022년 누적 기준으로 337만대를 수출했다. 98개 국가에 8개 모델을 판매 중인데 아프리카·중동이 133만9000대로 가장 많고, 그 뒤를 이어 유럽 86만6000대, 중남미 67만7000대 등이다.         ■현대차의 인도 생산거점 첸나이 공장   뉴델리에서비행기로 3시간가량 남쪽으로 이동한 뒤 다시 차로 1시간가량 달리자 타밀나두주에 위치한 현대차의 인도 생산거점인 첸나이 공장이 모습을드러냈다.   1998년 9월 양산을 시작한 첸나이 공장은 65만평 부지 위에 건설된 1공장(40만9000대)과 2공장(41만5000대)을 합쳐 82만4000대의 생산 능력을 갖추고 있다. 이곳에 종사하는 종업원만 8700여명에 이른다. 아울러 현대차 1차 협력사 194개 중 60%(118개)가 첸나이에 몰려 있다. 1·2차 협력사는 2022년 기준 총 1073개에 달한다.   첸나이 차체공장에 들어서자 수백대의 '결합 로봇'들이 불꽃을 튀기며 자동차의 뼈대가 되는 차체 연결을 위한 용접작업을 하고 있었다.   김도영 첸나이 차체공장 책임매니저는 ""첸나이 공장은 대부분이 첨단자동화 생산시설을 갖추고 있으며 생산규모는 한국을 제외하고 해외 생산기지 중에서는 1위다""라면서 ""1시간에 70대씩 생산하고 있다""고 말했다. 특히 이 공장에선 4개의 차종을 함께 생산하고 있었는데 로봇들이 차종을 구별해 차체를연결하는 모습이 인상적이었다.   첸나이 1·2공장에서 소형 승용차를 비롯해 SUV, 전기차(EV) 등 총 13개의 모델을 생산하고 있는데 올해 판매량 기준으로 인도 전략형 SUV인 '크레타'(14만1000대)와 베뉴(11만9000대), 그리고 소형차 'i10 니오스'(10만6000대) 등이 인기 모델이다.   ■SUV가 전체 판매의 53% 견인 '흥행'   인도 시장 변화에 맞춰 SUV를 선제적으로 개발, 투입한게 주효했다는 분석이다. 현대차의 지난해 전체 판매량 중 SUV가 차지하는 비중이 53.2%로, 인도 시장 평균(42.0%)을 넘어서는 등 흥행을 이어가고 있다. 특히 '크레타'는 2015년 출시 이후 인도의 도심형 SUV 트렌드를 주도하며 현지 소비자들에게 꾸준히 사랑받는 SUV 대명사로 불리고 있다.   이동혁 현대차 첸나이 공장 책임은 ""크레타는 인도 시장에서 선보인 실질적인 첫 SUV로 선제적으로 투입해 지난해 10월까지 누적 기준 96만대를 판매했다""면서 ""로컬 업체들도 SUV에 도전하고 있으나 아직까지 품질 측면에서 차이가 있다""고 말했다. 현대차는 전기차 수요에 힘입어 크레타 EV도 2026년 1월부터 판매할 계획이다.   이는 인도 시장에서 퍼스트무버 역할을 강조한 정 회장의 전기차 적기 공급 요구와도 일맥상통한다. 인도 시장은 최근 EV 수요에 대한 니즈가 확대되고 있으며 2030년경 본격적으로 EV 확대기가 도래할 것으로 예상된다. 전기차 판매도 올해는 10만대 수준으로 전체 자동차 시장의 4% 수준이지만 2030년에는 100만대로비중도 20%로 늘어날 것으로 전망된다.   지난해 출시된 마이크로 SUV '엑스터'도 호평을 받고 있다. 인도에서 SUV의 성장세가 지속될 것으로 예상돼 보다 저렴한 가격에 구입할 수 있는 엔트리 SUV 수요를 대응하기 위해 인도 전략차종으로 개발, 출시 이후 시장에서 좋은 반응을 얻고 있다. 엔트리급이지만 6에어백 등의 안전사양을 강화하고 선루프, 2열 에어벤트, 무선 충전기 등의 편의 사양을 탑재한 게 주효했다.   ■로봇 자동화, 여성 친화적 문화 '만족'   첸나이 공장에서 만난 인도 현지 직원들은 로봇 자동화 시설, 여성 친화적인 문화 등에 대한 만족도가 높았다.   생산기술팀장을 맡고 있는 카시케얀 씨는 ""용접 등 차체공장이 100% 로봇자동화 시설을 갖추고 있다""면서 ""생산라인 과정에서 불량이 발생하면 카메라가 잡아내기 때문에 생산직 직원들도 안정성이 높다고 생각한다""고 말했다. 2005년부터 근무했다는 스리락슈미 씨(여)는 ""18년 동안 근무했는데 형평성 등 여성 친화적인 문화가 좋은평가를 받고 있다""면서 ""앞으로도 계속 근무하면서 자기계발을 하고 싶다""고 말했다. 그는 ""현대차는 외국 기업이지만 20년 이상 인도인들로부터 사랑을 받고 있다""면서 ""디자인, 기술 등에서 우수하기 때문에 현지인들도 차를 업그레이드할 때 현대차를 사고 싶어 한다""고 설명했다.    hjkim@fnnews.com 김홍재 기자   [파이낸셜뉴스 주요뉴스]  → 100억대 위약금에 유서 쓴 이선균, 아내 전혜진에 남긴 말은... → ""혼전순결 강조하며 성관계 안한 남편, 알고 보니..."" 반전 사연 → 정대세의 폭탄 고백 ""아내와 결혼 10년 만에 이혼을..."" → 10살 연하와 결혼한 女배우 고백 ""남편이 계좌번호를..."" → 전남 광양 앞바다서 40대男 숨진 채 발견, 시신 살펴보니 → 주식 말고 다른 재테크가 궁금해? [파인애플]  ▶▶[무료공개]◀◀ 지금 ""1,000만원""만 있어도 당장 ""이것""부터 사라!! >>> (무료 체험)    ※ 저작권자 ⓒ 파이낸셜뉴스. 무단 전재-재배포 금지 "
195,4,"2024-01-01","19:39:28","기상청, 동해서 지진해일 관측…""24시간 이상 지속 가능""","[서울=뉴스핌] 노연경 기자 = 1일 오후 일본 중북부 해역에서 발생한 강진으로 동해안에서 지진해일(쓰나미)이 관측되고있다.   1일 일본 이시카와현에서 강진이 발생한 뒤 동해쪽을 접한 북부 연안에 대형 쓰나미 경보(보라색)와 쓰나미 경보(붉은색), 주의보(노란색) 등이 발령됐다.[사진=일본 기상청 홈페이지 화면 캡처]  기상청에 따르면 동해안에 최초 도달한 지진해일 높이는 강원 강릉 남항진 20㎝(오후 6시 1분), 동해 묵호 45㎝(오후 6시 6분), 속초 30㎝(오후 6시 10분), 삼척 임원항 24㎝(오후 6시 15분) 등이다.  기상청은 지진해일 높이가 주의보 발령기준에 못 미치는 0.5ｍ 미만에 머물 것으로 예상한다. 다만 지진해일 높이는 단순 파고 높이로 조석이나 기상조 등에 따른 조위(조수의 흐름에 따라변하는 해수면 높이)가 반영되지 않은 수치다.  기상청은 ""처음 도달한 지진해일보다 파고가 높은 해일이 뒤이어 도달할 수 있고 24시간 이상 지속될 수 있다""라며 ""추가 정보를 확인해달라""라고 강조했다.  이날 오후 4시 24분쯤 일본 중부 동해 연안 이시카와현 노토(能登) 지역에서는 규모 7.6의 지진이 발생했다.   이시카와현에는 높이 5ｍ의 쓰나미가 발생했다고 NHK는 보도했다.  yknoh@newspim.com 동해해경, 일본 7.4강진 피해예방 총력...원거리 조업선 28척 파악 '일본 7.4강진' 동해안쓰나미 영향권...울진·영덕군 초기대응단계 가동 日 이시카와현에 규모 7.6 강진…대형 쓰나미 경보 기상청 ""일본 혼슈 지진에 동해안 지역 지진해일 우려, 안전 주의해야""               저작권자(c) 글로벌리더의 지름길 종합뉴스통신사 뉴스핌(Newspim), 무단 전재- 재배포 금지"
195,5,"2024-01-01","19:39:02","""즉시 대피하라"" 강원도 비상 1단계…0.5m 지진해일, 위험도는?","[머니투데이 정경훈 기자]   강원도가 1일 발생한 일본 지진과 관련해 긴급재난문자를 보내 ""동해안 지역에 일본 지진으로 인한 해일 위험이 있다""며 ""선박은 대피시키고 해변 주민은 이웃에 (소식을) 전파하고 높은 지대로 대피하길 바란다""고 밝혔다.    '뉴스1'에 따르면 강원도는 이날 오후 발송한 긴급문자를 통해 이 같이 밝혔다. 강원도는 동해안 6개 시·군 재난문자와 마을 방송 등을 통한 안내 조치를 하고 영동지역에 소방 비상 1단계를 발령했으며 특수대응단 영동지역 이동 조치, 선박 안전 관리 등을 하고 있는 것으로 파악됐다.   도내 지자체도 지진해일 대비에 나섰다. 강릉시는 마을 방송시스템을 통해 지진해일 영향권에 지진해일 관련 방송을 실시했다. 지진해일 영향권 65곳에는 ""일본에서 지진해일이 발생해 해수면 상승이 예정된다. 갯바위나 방파제, 해안가 등 위험지역에서 즉시 대피하라""는방송이 10분 단위로 송출되고 있다.   자율방재단과 소방 등은 해안가 순찰을 강화하고 있으며, 해안가 인근 지진해일 대피장소 28곳도 공유하고 있다.   NHK 등 일본 언론에 따르면 오후 4시10분쯤 이시카와현 노토 지역에서 규모 7.6의 강진이 발생했다. 일본 기상청은 노토 지역에 5m의 지진해일이 발생할 수 있다며 경보를 내리고 주민들에게 대피를 지시했다. 인근 니가타현, 도야마현, 야마가타현, 이시카와현 등 일부 지역에는 예상 높이 3m의 쓰나미 경보가 발령됐다.   기상청은 이번 지진으로 강원과 경북 해안 일부에도 지진해일이 도달해 해수면이 높아질 것으로 관측된다.   지진해일의 국내 주요 지점 도착 예상 시간은 △강원 강릉 오후 6시29분 △양양 오후 6시32분 △고성 오후 6시48분 △경북 포항 오후 7시17분이다. 해일의 최대 높이는 0.5ｍ 미만일 것으로 예상된다.   기상청 관계자는 ""강원 해안 일부는 지진해일로 해수면 높이가 높아질 수 있으니 안전에 주의해달라""며 ""지진해일 높이는 조석을 포함하지 않아 해안에 도달 후 점차 높아질 수 있다""고 했다.   이어 ""0.5m의 파도 높이는 어린 아이가 물속에 있으면 위험한 수준이다. 성인의 경우 괜찮다""며 ""해일이 집을 덮치거나 그런수준은 결코 아니다""라고 설명했다.      [관련기사] ☞ 박민영 전 남친 논란에... ""내내 후회, 정신과 검사서 위험신호"" ☞ 故이선균 협박녀 얼굴 공개됐다…""95년생 미혼모"" 신상공개한 유튜버 ☞ 전현무도 감출 수 없었다…10기 정숙 데이트신청에 '울상' ☞ 프로파일러 배상훈 ""시신 트라우마... 집에 칼 없고 가구 문 다 열어"" ☞ 가수는 갔지만 노래는 남아, 천국서 히트한 '내 눈물 모아'[뉴스속오늘]   정경훈 기자 straight@mt.co.kr     키워드림론 최대 4배 주식자금 & 고금리 대환상품 한도 오픈! (1644-6960)   [무료운세] 믿어야 돼 말아야 돼? 종목매수전에 믿고보는 '오늘의 운세'        [파워 인터뷰]       매수전에 점 부터 보고 가실께요 -> 오늘의 운세 [복채무료]      ⓒ 머니투데이 & mt.co.kr, 무단 전재 및 재배포 금지"
195,6,"2024-01-01","19:38:38","동해안서 지진해일 시작돼…""24시간 이상 지속될 수도""(종합)","동해안서 지진해일 시작돼…""24시간 이상 지속될 수도""(종합) 오후 6시 넘어 강릉 20㎝, 묵호 45㎝, 속초 30㎝ 등 발생 20~30㎝만 돼도 ""사람 움직이기 어렵고 선박에 피해 일으켜""        (서울=연합뉴스) 이재영 기자 = 기상청은 1일 오후 일본 이시카와현 노토(能登)반도 북쪽 해역 강진으로 발생한 지진해일(쓰나미)이 동해안에서 관측되고 있다고 밝혔다.      동해안에 최초 도달한 지진해일 높이(도달시점)는 강원 강릉 남항진 20㎝(오후 6시 1분), 동해 묵호 45㎝(오후 6시 6분), 속초 30㎝(오후 6시 10분), 삼척 임원항 24㎝(오후 6시 15분) 등이다.      기상청은 지진해일 높이가 주의보 발령기준에 못 미치는 0.5ｍ 미만에 머물 것으로 예상한다.      다만 여기서 지진해일 높이는 '지진해일 파고'만의 높이로 조석이나 기상조 등에 따른 조위(조수의 흐름에 따라 변하는 해수면 높이)가반영되지 않은 수치다.      수치보다 위험도가 높을 수 있는 것이다.      통상 지진해일 높이가 0.5ｍ를 넘으면 해안 저지대가 침수될 수 있어 높은 곳으로 대피해야 할 수준으로 본다.       현재 동해안에 도달하고 있는 0.2~0.3ｍ 높이 지진해일의 경우에도 피해를 일으킬 수 있는 수준으로 분류된다.      일본에서는 0.2~0.3ｍ 높이 지진해일에 대해 '지진해일의 빠른 흐름에 사람이 움직이기 어려워 피난이 어려워지고 선박·어업시설에 피해가 나타나기 시작하는 정도'라고 설명한다.       지진해일은 지진이 발생하거나 화산이 폭발해 지각이 급격히 변동하면서 발생한 긴 주기 해양파다.      특히 해안가에 도달하면 지형에 부딪히면서 파고가 높아져 피해를 초래한다.      이날 오후 동해안은 이번 지진해일이 아니더라도 너울로 인해 갯바위나 방파제를 넘을 정도로 높은 물결이 밀려오는 상황이었다.      이런 상황에서 만조 때 지진해일이 밀려오면 매우 위험할 수 있다.      동해 묵호의 경우 이날 오후 8시 30분께 만조에 이를 것으로 전망된다.      기상청은 ""처음 도달한 지진해일보다 파고가 높은 해일이 뒤이어 도달할 수 있고 24시간 이상 지속될 수 있다""라며 ""추가 정보를 확인해달라""라고 당부했다.      이날 오후 4시 10분께 일본 이시카와현 노토(能登) 반도 지역에서 추정 규모 최대 7.6의 지진이 발생했다.      강진에 일본 기상청은 이시카와현뿐만 아니라 야마가타, 니가타, 도야마, 후쿠이, 효고현 등 동해를 접한 일본 북부 연안에 쓰나미 경보를 발령했다.       이시카와현에는 이미 높이 5ｍ의 쓰나미가 발생했다고 NHK는 전했다.      jylee24@yna.co.kr  (끝)     <저작권자(c) 연합뉴스, 무단 전재-재배포 금지>"
195,7,"2024-01-01","19:36:16","브리프-JTL 인더스트리, 분기 판매량 100,905톤, 전년 동기 대비 76.05% 증가했다고 발표","BRIEF-JTL Industries Says Quarterly Sales Volume Of 100,905 MT, Up 76.05% Y/Y  1월 1일 (로이터) - JTL Industries Ltd :  분기 판매량 100,905톤, 전년 동기 대비 76.05% 증가   구조용 강관 및 파이프에 대한 견고한 수요에 힘입어 분기별 판매량 증가    Further company coverage:      Reuters.Briefs@thomsonreuters.com        (c) Copyright Thomson Reuters 2020. Click For Restrictions - https://agency.reuters.com/en/copyright.html   원문 바로가기    DISCLAIMER  레피니티브의 사전, 서면 승인 없는 톰슨로이터 콘텐츠의 재생산이나 재배포는 금지되어 있습니다. 이 기사의 한국어 번역은 에프앤가이드가 사용하는 기계적 번역에 의한 것으로 톰슨로이터와 레피니티브는 번역의 정확성을 보증하지 않습니다."
196,1,"2024-01-01","19:18:06","[속보] 동해안서 지진해일 시작돼…""24시간 이상 지속될 수도""",""
196,2,"2024-01-01","19:17:00","엔브릿지 온타리오 182MW 언더우드 풍력 발전소 폐쇄 - 온타리오 IESO","Enbridge Ontario 182 MW Underwood wind power plant shut - Ontario IESO  1월 1일 (로이터) - 온타리오주 182MW 언더우드 풍력 발전소가 가동을 중단했다고 온타리오주 전력청(IESO)이 월요일 밝혔다.((북미 전력 데스크: 휴스턴 +1 713 210 8522, 뉴욕 +646 223 6072, 벵갈루루 +91 80 6749 1298))        키워드: 유틸리티-온타리오에소/   원문 바로가기    DISCLAIMER  레피니티브의 사전, 서면 승인 없는 톰슨로이터 콘텐츠의 재생산이나 재배포는 금지되어 있습니다. 이 기사의 한국어 번역은 에프앤가이드가 사용하는 기계적 번역에 의한 것으로 톰슨로이터와 레피니티브는 번역의 정확성을 보증하지 않습니다."
196,3,"2024-01-01","19:16:00","원안위 “동해안 원전 10m 해일도 견뎌”","1일 오후 일본에서 규모 7.4의 강진이 발생한 가운데 원자력안전위원회는 동해안에 있는 우리나라 원자력 발전소에는 특이사항이 없다고 했다.    원안위 관계자는 이날 연합뉴스에 “일본 지진 이후 동해안 원전 지역에서 감지된 진동은 없다”고 설명했다.  이번 지진으로 우리 동해안에는 최대 0.5m 정도의 지진해일이 예보된 상태다. 원안위에 따르면 국내에 건설된 원전은 모두 10m 해일에도 견딜 수 있다. 현 예보 수준의 쓰나미는 별문제가 되지 않는다는 의미다. 원안위는 지진해일 상황을 계속해서 관찰하겠다고 전했다.  기상청에 따르면 이날 오후 4시 10분쯤 일본 도야마현 도야마 북쪽 90㎞ 해역에서 규모 7.4 지진이 발생했다. 지진 규모를 일본 기상청은 7.6, 미국 지질조사국은 7.5로 추정했다. 2011년 3월 11일 발생한 동일본대지진(9.0)보다는 약하지만, 1995년 1월 17일의 한신대지진(7.3)보다는 큰 규모다.  일본 기상청은 이시카와현을 비롯해 야마가타, 니가타, 도야마, 후쿠이, 효고현 등 동해를 접한 일본 북부 연안에 쓰나미 경보를 발령했다. NHK에 따르면 이시카와현에는 5ｍ 높이의 쓰나미가 발생했다. 기시다 후미오 일본 총리는 피해자 구조 등에 만전을 기해줄 것을 지시했다.  이번 강진의 진앙과 가까운 이시카와현에 약 1200명, 도야마현에 약 800명의 한국인 교민이 거주하고 있다. 현재 니가타·이시카와·도야마·나가노 4개 현을 관할하는 주 니가타 총영사관 등에서 교민 비상연락망을 가동해 이들 지역의 피해 여부를 확인하고 있다. 외교부는 “우리국민의 피해 여부를 확인 중이다. 지금까지 접수된 건 없다”고 밝혔다.  기상청은 우리 동해안에서 지진해일이 관측되고 있다고 전했다. 동해안에 최초 도달한 지진해일 높이(도달 시점)는 강원 강릉 남항진 20㎝(오후 6시 1분), 동해 묵호 45㎝(오후 6시 6분), 속초 30㎝(오후 6시 10분), 삼척 임원항 24㎝(오후 6시 15분) 등이다. 기상청은 지진해일 높이가 주의보 발령 기준에 못 미치는 0.5ｍ 미만에 머물 것으로 예상하고 있다.  다만 기상청은 “처음 도달한 지진해일보다 파고가 높은 해일이 뒤이어 도달할 수 있고 24시간 이상 지속될 수 있다”라며 “추가 정보를 확인해달라”라고 당부했다.  전준범 기자 bbeom@chosunbiz.com   Copyrights ⓒ ChosunBiz.com"
196,4,"2024-01-01","19:13:50","동해안서 지진해일 시작돼…""24시간 이상 지속될 수도""","동해안서 지진해일 시작돼…""24시간 이상 지속될 수도"" 오후 6시 넘어 강릉 20㎝, 묵호 45㎝, 속초 30㎝ 등 발생       (서울=연합뉴스) 이재영 기자 = 기상청은 1일 오후 일본 이시카와현 노토(能登)반도 북쪽 해역 강진으로 발생한 지진해일(쓰나미)이 동해안에서 관측되고 있다고 밝혔다.      동해안에 최초 도달한 지진해일 높이(도달시점)는 강원 강릉 남항진 20㎝(오후 6시 1분), 동해 묵호 45㎝(오후 6시 6분), 속초 30㎝(오후 6시 10분), 삼척 임원항 24㎝(오후 6시 15분) 등이다.      기상청은 지진해일 높이가 주의보 발령기준에 못 미치는 0.5ｍ 미만에 머물 것으로 예상한다.      다만 여기서 지진해일 높이는 '지진해일 파고'만의 높이로 조석이나 기상조 등에 따른 조위(조수의 흐름에 따라 변하는 해수면 높이)가반영되지 않은 수치다.      수치보다 위험도가 높을 수 있는 것이다.      특히 동해안은 이번 지진해일이 아니더라도 너울로 인해 갯바위나 방파제를 넘을 정도로 높은 물결이 밀려오는 상황이었다.      이런 상황에서 만조 때 지진해일이 밀려오면 매우 위험할 수 있다.      기상청은 ""처음 도달한 지진해일보다 파고가 높은 해일이 뒤이어 도달할 수 있고 24시간 이상 지속될 수 있다""라며 ""추가 정보를 확인해달라""라고 당부했다.      이날 오후 4시 10분께 일본 이시카와현 노토(能登) 반도 지역에서 추정 규모 최대 7.6의 지진이 발생했다.      강진에 일본 기상청은 이시카와현뿐만 아니라 야마가타, 니가타, 도야마, 후쿠이, 효고현 등 동해를 접한 일본 북부 연안에 쓰나미 경보를 발령했다.      이시카와현에는 이미 높이 5ｍ의 쓰나미가 발생했다고 NHK는 전했다.      jylee24@yna.co.kr  (끝)     <저작권자(c) 연합뉴스, 무단 전재-재배포 금지>"
196,5,"2024-01-01","19:12:12","2023년 BYD의 자동차 판매량, 전년대비 61.9% 증가 전망","BRIEF-BYD's Vehicle Sales Volume Up 61.9% Y/Y In 2023  1월 1일 (로이터) - BYD Co Ltd :  는 12월에 341,043대의 차량을 판매했다고 밝혔습니다.   는 2023년에전년 대비 61.9% 증가한 3,024,417대의 차량을 판매했다고 밝혔습니다.   원본 텍스트  Further company coverage:      (Reporting by Hong Kong newsroom)  twinnie.siu@tr.com ; 852-3462 7715; ))        (c) Copyright Thomson Reuters 2020. Click For Restrictions - https://agency.reuters.com/en/copyright.html   원문 바로가기    DISCLAIMER  레피니티브의 사전, 서면 승인 없는 톰슨로이터 콘텐츠의 재생산이나 재배포는 금지되어 있습니다. 이 기사의 한국어 번역은 에프앤가이드가 사용하는 기계적 번역에 의한 것으로 톰슨로이터와 레피니티브는 번역의 정확성을 보증하지 않습니다."
196,6,"2024-01-01","19:11:36","[인사] 동해시","◇지방부이사관  ▲동해시부시장 문영준  ◇지방서기관   ▲강원특별자치도 전출 고석민 ▲행정복지국장·보건소장 겸임 심재희   ◇지방행정사무관  ▲강원특별자치도 전출 임성빈 ▲강원도서울본부세종사무소 파견 정은이 ▲강원경제자유구역청 파견 심광진 ▲기획예산담당관 신영선 ▲행정과장 이월출 ▲체육교육과장 이용빈 ▲민원과장 최용봉 ▲세무과장 채병창 ▲경제과장 김형기 ▲산업정책과장 이인섭 ▲문화예술과장 전춘미 ▲환경과장 김동운 ▲관광개발과장 이선우 ▲도시과장 이달형 ▲상하수도사업소장 전관택 ▲평생교육센터소장 송영애 ▲문화관광재단 파견 심진숙 ▲무릉사업단장 직무대리 홍성표 ▲예방관리과장 직무대리 지용만 ▲발한동장 직무대리 김은서 ▲묵호동장 직무대리 김남수 ▲망상동장 직무대리 김남진                  저작권자(c) 글로벌리더의 지름길 종합뉴스통신사 뉴스핌(Newspim), 무단 전재-재배포 금지"
196,7,"2024-01-01","19:11:29","외교부 ""현재까지 일본 지진 관련 우리 국민 피해 접수 없어""","[머니투데이 정경훈 기자]   외교부가 1일 발생한 일본 지진과 관련해 ""현재까지 우리 국민 피해는 접수되지 않았다""고 밝혔다.    '뉴시스'에 따르면 외교부 당국자는 이날 ""현지 공관은 지진 상황을 지속 모니터링하는 한편 필요 시 우리 국민에 대한 영사조력을 제공할 예정""이라고 밝혔다.   이어 ""일본 체류 국민을 대상으로 SMS 로밍 안전문자 발송을 완료했다""고 했다.   일본 기상청에 따르면 오후 4시10분경 도야마현 북쪽 해역을 진원으로 하는 규모 7.4의 지진이 일어났다. 기상청은 높이 5m의 쓰나미가 예상된다며, 이사카와현을 중심으로 주변 지역에 쓰나미 경보를 발령했다.     [관련기사] ☞ 박민영 전 남친 논란에... ""내내 후회, 정신과 검사서 위험신호"" ☞ 故이선균 협박녀 얼굴 공개됐다…""95년생 미혼모"" 신상공개한 유튜버 ☞ 전현무도 감출 수 없었다…10기 정숙 데이트신청에 '울상' ☞ 프로파일러 배상훈 ""시신 트라우마... 집에 칼 없고 가구 문 다 열어"" ☞ 가수는 갔지만 노래는 남아, 천국서 히트한 '내 눈물 모아'[뉴스속오늘]   정경훈 기자 straight@mt.co.kr     키워드림론 최대 4배 주식자금 & 고금리 대환상품 한도 오픈! (1644-6960)   [무료운세] 믿어야 돼 말아야 돼? 종목매수전에 믿고보는 '오늘의 운세'        [파워 인터뷰]       매수전에 점 부터 보고 가실께요 -> 오늘의 운세 [복채무료]      ⓒ 머니투데이 & mt.co.kr, 무단 전재 및 재배포 금지"
197,1,"2024-01-01","19:01:50","""이권·이념에 기반 둔 패거리 카르텔 타파"" [윤대통령 신년사]","尹대통령 신년사에서 의지 밝혀 ""국민의 삶 바꾸는 민생정책 펼것""      윤석열 대통령이 새해 첫날인 1일 서울 동작구 국립서울현충원 현충탑에서 순국선열 및 호국영령들에게 분향하고 있다. 윤 대통령은 이날 서울 용산 대통령실에서 생중계된 신년사를 통해 ""자기들만의 이권과 이념에 기반을 둔 패거리 카르텔을 반드시 타파하겠다""며 ""부패한 패거리 카르텔과 싸우지 않고는 진정 국민을 위한 개혁이 불가능하기 때문""이라고 말했다. 연합뉴스 윤석열 대통령은 집권 3년차를 맞은 새해 첫날 1일 신년사를 통해 ""국민의 삶을 변화시키는 진정한 민생정책을 추진하겠다""고 밝혔다. 특히 이권과 이념에 기반을 둔 '패거리 카르텔 타파'와 노동·교육·연금 3대 구조개혁 의지를 다시 한번 강조한 윤 대통령은 '문제 해결을 위해 행동하는 정부'를 강조했다.   사회 곳곳에 도사린 채 선의의 경쟁을좀먹고 있는 부조리 카르텔을 혁파해 적극적인 현장 행정으로 개혁의 완성도를 높여 민생안정을 도모하겠다는 뜻으로 풀이된다.   일각에선 윤 대통령이 강조한 이권과 이념에 기반을 둔 패거리 카르텔의 경우 노동시장의 왜곡을 비롯, 당내 상당수 의원이 운동권 출신인더불어민주당을 정조준한 것 아니냐는 관측이 나온다. 올 4월 총선정국에서 집권 여당의 승리를 토대로 집권 3년차에 국정 성과를 도출함으로써 경제회복과 민생안정을 위한 국정 수행에 방점을 찍겠다는 점을 우회적으로 강조했다는 분석도 제기된다.   윤 대통령은 이날서울 용산청사에서 생중계로 발표한 신년사를 통해 ""자기들만의 이권과 이념에 기반을 둔 패거리 카르텔을 반드시 타파하겠다""면서 이같이 말했다. 정부 출범 뒤 이권 카르텔, 정부 보조금 부정사용, 특정 산업 독과점 폐해 척결 작업을 일관되게 추진했음을 언급한 윤 대통령은 ""국민이 공정한 기회를 누리도록 할 것""이라며 ""부패한 패거리 카르텔과 싸우지 않고는 진정한 개혁이 불가능하기 때문""이라고 설명했다.    hjkim01@fnnews.com 김학재 김윤호 기자   [파이낸셜뉴스 주요뉴스]  → 100억대 위약금에 유서 쓴 이선균, 아내 전혜진에 남긴 말은... → ""혼전순결 강조하며 성관계 안한 남편, 알고 보니..."" 반전 사연 → 정대세의 폭탄 고백 ""아내와 결혼 10년 만에 이혼을..."" → 10살 연하와 결혼한 女배우 고백 ""남편이 계좌번호를..."" → 전남 광양 앞바다서 40대男 숨진 채 발견,시신 살펴보니 → 한주간 지친 나에게 디저트로 [파인애플]  ▶▶[무료공개]◀◀ 지금 ""1,000만원""만 있어도 당장 ""이것""부터 사라!! >>> (무료 체험)    ※ 저작권자 ⓒ 파이낸셜뉴스. 무단 전재-재배포 금지 "
197,2,"2024-01-01","19:01:44","작년엔 없던 北 거론…""확장억제 상반기 완성""","[ 맹진규/오형주 기자 ]  윤석열 대통령은 1일 신년사에서 “올해 상반기까지 증강된 한·미 확장억제 체제를 완성해 북한의 핵 미사일 위협을 원천 봉쇄할 것”이라며 북핵 대응을 강조했다. 지난해 신년사에서 북핵 및 외교안보 문제를 전혀 거론하지 않은 것과 비교해 달라진 모습이다.  윤 대통령은 이날 “북한의 핵 미사일 위협에 대비해 한국형 3축 체계를 강력히 구축하는 데 더욱 속도를 내겠다”며 “대한민국은 상대의 선의에 의존하는 굴종적 평화가 아닌, 힘에 의한 진정하고 항구적인 평화를 확고히 구축해나가고 있다”고 밝혔다. 이어 “한·미 워싱턴 선언에 따라 핵협의그룹(NCG)을 신설하고, 핵 기반의 한·미 군사동맹을 새롭게 구축했다”고 덧붙였다.  한·일 관계 회복 등 외교 성과도 강조했다. 윤 대통령은 “방치된 한·일 관계를 정상화하고, 한·일 셔틀외교를 12년 만에 재개했다”며 “이를 발판으로 캠프 데이비드에서 한·미·일 3국 협력체계를 구축해 인태지역의 평화와 번영을 주도해나가고 있다”고 했다.  지난해와 달리 올해 북핵 문제 등이 신년사에 등장한 것을 두고 외교안보 정책이 윤석열 정부 국정 운영의 큰 축으로 자리잡았다는 분석이 나온다. 외교가에선 한·미·일 3국 협력을 바탕으로 한 ‘워싱턴 선언’을 윤석열 정부의 대표적인 성과로 꼽고 있다.  윤 대통령의 발언이김정은 북한 국무위원장의 전쟁 위협 발언에 대응하는 차원이라는 해석도 나온다. 김정은은 지난해 말 노동당 중앙위원회 전원회의에서 새해신년사를 대체하는 회의 발언을 통해 남북 관계를 ‘동족 관계’가 아니라 ‘전쟁 중인 교전국 관계’로 규정했다. 다만 대통령실 고위 관계자는 “신년사에서 북한 관련 언급은 김정은의 신년사가 나오기 전 이미 넣기로 결정된 것”이라며 “북한의 신년사가 우리에게 영향을 준 것은 없었다”고 말했다.  맹진규/오형주 기자    관련기사 한국 기술에 日 '러브콜'…2500억 잭팟 터졌다 ""AI 앞세워 식민지 지배""…최악의 시나리오등장 라면 아무거나 3팩 담아 9900원…'파격 할인' '억대연봉' 조합장 결단…""월급 200만원 받겠다"" 연봉 3000만원 직장인…100억대 자산가 된 비결    ⓒ 한국경제 & hankyung.com, 무단전재 및 재배포 금지"
197,3,"2024-01-01","19:01:42","새해만 되면 역주행…우주소녀 '이루리' 실시간 차트 1위","새해만 되면 역주행…우주소녀 '이루리' 실시간 차트 1위        (서울=연합뉴스) 최재서 기자 = 그룹 우주소녀의 '이루리'가 새해 첫날 실시간 음원 차트 정상에 올랐다.      소속사 스타쉽엔터테인먼트에 따르면 '이루리'는 1일 오전 1시 기준 멜론, 지니, 벅스 등 국내 주요 음원 사이트 실시간 차트에서 1위를차지했다.      2019년 발매된 '이루리'는 '이루리 이루리 La / 모두 다 이뤄질 거야' 등 희망적인 가사로 매해 첫날 역주행을 기록하고 있다.      소속사는 ""지난 2020년 1월 1일 차트 첫 1위를 시작으로 올해 1월 1일까지 5년 연속으로 1위를 기록 중""이라고 설명했다.      우주소녀는 소속사를 통해 ""'이루리' 노래처럼 올 한해에도 소망하는 모든 일들을 이루시길 바란다""고 소감을 전했다.      우주소녀 멤버 설아는 오는 23일 팀 내 첫 솔로 음반을 발매한다.      acui721@yna.co.kr  (끝)      <저작권자(c) 연합뉴스, 무단 전재-재배포 금지>"
197,4,"2024-01-01","19:01:40","문화·IT 넘어 금융까지... 세계 뒤흔들'K의 혁신' [신년기획 산업계 글로벌 전략]","신년기획 산업계 글로벌 전략 이미 해외 트렌드 이끌며 맹활약 새 먹거리 찾아 저성장 극복해야      국내는 좁다. 코로나19 이후 새롭게 맞이한 뉴노멀 시대를 맞아 국내 기업들이 글로벌 전략을 고심하는 것은 선택이 아닌 필수가 됐다. 산업 성장률이 매년 둔화되는 저성장 국면에 접어들면서는 더욱 그렇다. 글로벌 무대를 발판 삼아 새로운 국제표준을 만들고, 트렌드를 국내 기업이 이끄는 혁신은 이미 시작됐다.   1일 업계에 따르면 국제무대에서 '한국'이라는 콘텐츠 자체의 위상을 높이고 각 산업계로 긍정적 영향력을 전달하는 원천은 문화산업이다. BTS와 오징어게임으로 상징되는 K콘텐츠는 이미 전 세계에서 가장 트렌디하다는 평가를 받고 있다. 오징어게임 이후로도 ' 더글로리' '무빙' '마스크걸' 등 OTT를 통해 방영된 드라마들이 국제적으로 주목을 받으면서 K콘텐츠 전성시대를 이어가고 있다.   대중음악계에서는 BTS에 이어 걸그룹 뉴진스가 맥도날드, 아이폰, 코카콜라 등 유수의 글로벌 기업과 협업하며 슈퍼 지식재산권(IP)으로 성장 중이다. K콘텐츠의 인기는 관련 콘텐츠 직접구매와 영상 및 굿즈 소비는 물론이고 한국 방문에 대한 적극적인 동기를 만들어 내면서 관광산업에도 영향을 미치고 있다. K콘텐츠에 대한 관심이 외래관광객 유치와 관광수입 증대라는 연쇄효과를 일으키는 것이다.   K콘텐츠 산업은 지난 30년간 반도체·자동차·조선이 견인해 온 한국 수출산업 지형도마저 변화시켰다는 평가를 받는다. 실제 지난2021년 기준 콘텐츠 산업 수출 규모는 124억달러로 디스플레이 패널이나 가전제품을 제쳤다.   정보통신기술(ICT) 업계는 국내에서의 성장정체를 돌파하기 위해 글로벌 시장 진출을 적극 고려하고 있다. SK텔레콤은 글로벌 시장에서 AI 솔루션 사업을 본격 추진하기 위해이를 전담할 '톱 팀' 조직을 만들었고, KT는 초거대 인공지능(AI) '믿음'이 곧 해외로 진출한다. LG유플러스는 올해 상반기 중 통신 서비스분야에 특화된 생성형 AI '익시젠'을 공개할 예정이다. 게임 업계 역시 글로벌 시장 진출을 위해 각국에 지사 설립을 검토 중이다.   금융업계 또한 새 먹거리를 해외에서 찾아야 한다는 판단하에 글로벌 진출에 박차를 가하고 있다. 국내 주요 금융지주사들은 성장한계를극복하는 동시에 대외적으로 'K금융'을 전파시키겠다는 포부다. 실제 지난해 4대 은행(KB국민·신한·하나·우리) 해외법인의 2023년 3·4분기 누적 순이익은 6903억원으로, 전년동기 대비 10% 늘어났다.   파이낸셜뉴스는 2024년을 맞아'뉴노멀시대, 글로벌 전략을 짜라'라는 주제의 신년기획을 통해 글로벌 시장에서 산업군별 영향력과 성공 사례를 순차적으로 살필 예정이다. 문화산업계를 시작으로, ICT 업계와 금융업계가 준비하고 있는 글로벌 대응전략과 또 다른 기회를 발굴하기 위한 시도를 분석해 게재한다.    wonder@fnnews.com 정상희 기자   [파이낸셜뉴스 주요뉴스]  → 100억대 위약금에 유서 쓴 이선균, 아내 전혜진에 남긴 말은... → ""혼전순결 강조하며 성관계 안한 남편, 알고 보니..."" 반전 사연 → 정대세의 폭탄 고백 ""아내와 결혼 10년 만에 이혼을..."" → 10살 연하와 결혼한 女배우 고백 ""남편이 계좌번호를..."" → 전남 광양 앞바다서 40대男 숨진 채 발견, 시신 살펴보니 → 한주간 지친 나에게 디저트로 [파인애플]  ▶▶[무료공개]◀◀ 지금 ""1,000 만원""만 있어도 당장 ""이것""부터 사라!! >>> (무료 체험)    ※ 저작권자 ⓒ 파이낸셜뉴스. 무단 전재-재배포 금지 "
197,5,"2024-01-01","19:01:35","한국, 유엔 안보리 비상임이사국 활동 시작","한국이 유엔 안전보장이사회 비상임이사국으로서 2년 임기 활동을 시작했습니다.    우리나라의 유엔 안보리 진출은 지난 1996년과 2013년에 이어 세 번째로, 지난해 6월 유엔 안보리 비상임이사국에 당선된 뒤 이사국 수임을 위한 준비를 진행해왔습니다.    상임이사국5개국(미·중·러·영·프)과 비상임이사국 10개국으로 구성된 안보리는 전 세계 평화·안전 유지에 일차적 책임이 있는 유엔 최고 의사 결정 조직입니다.  [ 이성식 기자 mods@mbn.co.kr ]"
197,6,"2024-01-01","19:01:11","생성 AI의 정점 '챗GPT'…1년간 방문 수만 146억","나에게 맞는 종목추천 AI알고리즘을 찾고 싶다면? 한경 로그인만 하면 1개월 무료 체험가능     혁신의 상징으로     복잡한 코딩 없이 업무 수행 가능   포천 500대 기업 92%가 활용     [ 최진석 기자 ] 국제학술지 네이처는 작년 말 세계 과학계 화제 인물을 선정하는 ‘네이처10’ 명단에 과학자들과 함께 오픈AI의챗봇 ‘챗GPT’를 올렸다. 사람이 아니라 인공지능(AI) 도구가 뽑힌 건 이번이 처음이다.  리처드 모나스터스키 네이처수석피처편집자는 이에 대해 “생성형 AI가 과학 발전을 심오한 방식으로 변화시킨 점을 인정해 포함했다”며 “챗GPT는 올해 뉴스를 지배했고, 그 영향력은 과학과 사회 전반에 미쳤다”고 설명했다.  챗GPT는 2022년 11월 등장해 생성 AI 열풍을 몰고 왔다. 출시 두 달 만인 작년 1월 월간활성이용자(MAU) 1억 명을 넘어서면서 인터넷 등장 이후 가장 빠르게 이용자 수가 증가한 서비스가 됐다.  다른 주요 테크기업도 서둘러 챗봇을 내놨지만 챗GPT의 독보적인 입지를 흔들진 못했다. 미국의 온라인 AI 콘텐츠 기업인 라이터버디 조사에 따르면 챗GPT는 지난 1년간(2022년 9월~2023년 8월 기준) 146억 회의 방문 수를 기록하며 경쟁회사를 압도했다. 구글의 챗봇 바드는 2억4160만 회로, 주요 AI 도구 중 6위를 기록했다. 마이크로소프트(MS)의 빙은 상위 10위에 이름을 올리지 못했다. 오픈AI가 생성 AI 흐름을 주도하며 초반에 챗GPT 사용자를 대거 확보한 뒤 경쟁사보다 한발 빠르게 대규모언어모델(LLM)을 업데이트하고 기능과 속도를 개선한 것이 경쟁 우위를 유지한 요인으로 분석된다.  챗GPT에 이어 방문 수가 많은 AI 도구는 캐릭터AI로 38억 회를 기록했다. 1위와 2 위 격차가 110억 회가량 차이를 보였다. 라이터버디는 “챗GPT 방문 수가 상위 인기 AI 도구 50개의 전체 방문 트래픽의 60%를 차지한다”고 분석했다.  챗GPT의 가장 큰 장점은 복잡한 코딩이 아니라 인간의 언어로 다양한 업무를 수행할 수 있다는 것이다. 기업은 AI를 적극 도입하며 생산성과 효율성을 끌어올리고 있다. 오픈AI에 따르면 미국 경제지 포천이 선정한 세계 500대 기업의 92%가 챗GPT를이용하고 있다.  실리콘밸리=최진석 특파원     ▶▶[급등종목]◀◀지금 ""1,000만원""만 있다면 당장 ""이것"" 매수해라!! >>> (무료공개)  >> ★무료카톡방★ 이제추천주 ""무료""로 받으세요! ★무료카톡방★  ▶▶ 월0.2%대 최저금리 X 주식자금 4배 X 100%집중투자 => 부자네스탁론  [단기에 부자가 되는 방법] 상위 1%만의 강의 무료 제공 중 (pw:4560)  나에게 맞는 종목추천 AI알고리즘을 찾고 싶다면? 한경 로그인만 하면 1개월 무료 체험가능  [오늘의 이슈] 급등임박! 올해 반드시 상승할 ""실시간 TOP3"" 확인하세요! ▶▶ 무료 클릭!                관련기사 한국 기술에 日 '러브콜'…2500억 잭팟 터졌다 ""AI 앞세워 식민지 지배""…최악의 시나리오 등장 '억대연봉' 조합장들 결단…""월급 200만원 받겠다"" 라면 아무거나 3팩 골라 담아 9900원…'파격 할인' 연봉 3000만원 직장인…100억대 자산가 된 비결    ⓒ 한국경제 & hankyung.com, 무단전재 및 재배포 금지"
197,7,"2024-01-01","19:00:49","정보 순차처리하던 AI, '딥러닝'으로 인간의 말 터득","나에게 맞는 종목추천 AI알고리즘을 찾고 싶다면? 한경 로그인만 하면 1개월 무료 체험가능     인공지능의 역사     뉴런 모방한 알고리즘으로 출발   이젠 멀티모달로 여러 데이터 다뤄     [ 최진석 기자 ] 인공지능(AI)이란 용어가 처음 등장한 것은 1956년 미국 다트머스학회에서다. 컴퓨터 과학자 존 매카시는 AI를 “지능형 기계, 특히 지능형 컴퓨터 프로그램을 만드는 과학 및 공학”이라고 정의했다.  2년 뒤인 1958년 미국 코넬항공연구소의프랑크 로젠블라트가 인간의 뉴런을 수학적으로 모방한 계산 알고리즘 ‘퍼셉트론’을 내놨다. 여러 신호를 입력해 하나의 신호를출력하는데, 각 신호 세기에 따라 가중치를 부여한다. 신호가 흐르면 0, 흐르지 않는 경우를 1로 표시하며, 신호의 총합이 임계치를 넘어서면 1, 그렇지 않으면 0을 출력한다. 뇌의 뉴런과 구동 원리가 비슷하다.  퍼셉트론 알고리즘은 비선형적인 영역까지 구현하는 다층퍼셉트론(MLP)으로 발전했고, 2006년 제프리 힌턴 캐나다 토론토대 교수의 딥러닝(심층학습) 기술 개발로 이어졌다. 머신러닝(기계학습)의 한 방법인 딥러닝은 2012년 이미지 인식 경연대회인 ‘이미지넷’에서 우승하며 AI 기술의 핵심으로 자리 잡았다. 이후 2016년 구글딥마인드가 딥러닝 기술로 개발한 ‘알파고’가 이세돌 9단을 상대로 바둑 대국에서 4승 1패의 승리를 거뒀다. 이 사건을 계기로 ‘AI는 인간을 넘어설 수 없다’는 사회통념이 뒤집혔다.  이듬해인 2017년 AI 분야의 기념비적인 논문 ‘어텐션 이즈 올 유 니드’가 나왔다. 이 논문은 ‘트랜스포머’라고 불리는 AI 알고리즘을 제시했다. 주어진 정보를 순차 처리하는 기존 순환 신경망(RNN)이 아닌, 전체 데이터를 한 번에 받아들인 뒤 중요 정보를 집중해서 처리하는 ‘어텐션’ 딥러닝을 적용한 모델이다. 이 기술은 80년 AI 역사에서 가장 중요한 사건이라는 평가를 받고 있다. AI의 최대 난제이던 자연어 처리의 해법으로 작용했기 때문이다.  현재 주요 생성형 AI는 모두 트랜스포머를 기반으로 하고 있다. 생성 AI 열풍을 몰고 온 챗GPT에서 GPT는 ‘사전 학습된 생성형 트랜스포머(Generative Pre-trained Transformer)’의 약자다. 생성 AI 기술은 이제 문서는 물론 이미지, 영상, 음성 등 다양한 데이터를 분석 및 추론하는 멀티모달 기능으로 발전하고 있다.  실리콘밸리=최진석 특파원     ▶▶[급등종목]◀◀ 지금 ""1,000만원""만 있다면 당장 ""이것"" 매수해라!! >>> (무료공개)  >> ★무료카톡방★ 이제 추천주 ""무료""로 받으세요! ★무료카톡방★  ▶▶ 월0.2%대 최저금리 X 주식자금 4배 X 100%집중투자 => 부자네스탁론  [단기에 부자가 되는 방법] 상위 1%만의 강의 무료 제공 중 (pw:4560)  나에게 맞는 종목추천 AI알고리즘을 찾고 싶다면? 한경 로그인만 하면 1개월 무료 체험가능  [오늘의 이슈] 급등임박! 올해 반드시 상승할 ""실시간 TOP3"" 확인하세요! ▶▶ 무료 클릭!                관련기사 한국 기술에 日 '러브콜'…2500억 잭팟 터졌다 ""AI 앞세워 식민지 지배""…최악의 시나리오 등장 '억대연봉' 조합장들 결단…""월급 200만원 받겠다"" 라면 아무거나 3팩 골라 담아 9900원…'파격 할인' 연봉 3000만원 직장인…100억대 자산가 된 비결    ⓒ 한국경제 & hankyung.com, 무단전재 및 재배포 금지"
198,1,"2024-01-01","18:54:51","""AI 경쟁 주도권, 반드시 가져올 것""…이종호 과기정통부 장관 신년사","나에게 맞는 종목추천 AI알고리즘을 찾고 싶다면? 한경 로그인만 하면 1개월 무료 체험가능     [ 김진원 기자 ] 이종호 과학기술정보통신부 장관(사진)은 1일 신년사를 통해 “글로벌 인공지능(AI) 경쟁의 주도권을 가져오기 위해 전력투구할 것”이라고 밝혔다.  이 장관은 미국 정보기술(IT) 컨설팅 기업 가트너가 최근 발표한 2024년 10대 기술 트렌드(보편화된 생성형 AI 등)를 인용하며 “챗GPT, 클로바X 등 생성형 초거대 AI로 대변되는 첨단 AI 기술은 인류의 삶과 전 세계 경제·산업에 엄청난 변화를 가져올 것으로 예상된다”고 설명했다. 이어 “올해 과기정통부는 초거대 AI 시장 선점을 위해 플래그십 프로젝트를 새롭게 추진하겠다”며 “기존 반도체보다 에너지 소모를 대폭 줄인 국산 AI 반도체로 저전력, 고효율 데이터센터를 구축하고 클라우드와 AI 서비스를 연결하는 K클라우드 생태계도 활성화하겠다”고 강조했다.  이 장관은 “AI가 가져오는 혁신의 과실을 국민이 생활 속에서 경험할 수 있도록 헬스케어, 교육, 돌봄 등 국민 개개인의 일상에 필요한 AI 서비스를 제공하고 대한민국 디지털 권리장전을 토대로 국제사회의 AI 규범 논의를 선도할 것”이라고 덧붙였다.  김진원 기자     ▶▶[급등종목]◀◀ 지금 ""1,000만원""만 있다면 당장 ""이것"" 매수해라!! >>> (무료공개)  >> ★무료카톡방★ 이제 추천주""무료""로 받으세요! ★무료카톡방★  ▶▶ 월0.2%대 최저금리 X 주식자금 4배 X 100%집중투자 => 부자네스탁론  [단기에 부자가 되는 방법] 상위 1%만의 강의 무료 제공 중 (pw:4560)  나에게 맞는 종목추천 AI알고리즘을 찾고 싶다면? 한경 로그인만 하면 1개월 무료 체험가능  [오늘의 이슈] 급등임박! 올해 반드시 상승할 ""실시간 TOP3"" 확인하세요! ▶▶ 무료 클릭!                관련기사 한국 기술에 日 '러브콜'…2500억 잭팟 터졌다 연봉 3000만원 직장인…100억대 자산가 된 비결 길 하나 건넜더니…""붕어빵 한 개에 4000원?"" 음료 2잔이 230만원…관광지 '바가지'에 발칵 환자인데 생존률 100%…논란의 '암' 뭐길래    ⓒ 한국경제 & hankyung.com, 무단전재 및 재배포 금지"
198,2,"2024-01-01","18:54:30","""올 창업기업 100개로""…이광형 KAIST 총장 신년사","나에게 맞는 종목추천 AI알고리즘을 찾고 싶다면? 한경 로그인만 하면 1개월 무료 체험가능     [ 김진원 기자 ] 이광형 KAIST 총장(사진)은 1일 신년사를 통해 “기업가정신 확산과 창업 활성화를 위한 노력을 지속하겠다”며 “올해 창업 기업을 100개 이상으로 늘리겠다”고 강조했다.  이 총장은 “작년에는 ‘1랩 1스타트업’의 비전 아래 지속해서 제도를 개선하고 각종 프로그램을 지원했다”며 “총 70건의 학생 창업과 16건의 교원 창업이 생기는 등 창업을 유도하고 혁신기업의 가치를 올리기 위해 노력했다”고 설명했다.  이어 “올해에는 연구개발(R&D) 예산 구조조정 등으로 많은 어려움이 예상되지만 새로운 도전과 혁신을 힘차게 이어가겠다”고 덧붙였다.  김진원 기자     ▶▶[급등종목]◀◀ 지금 ""1,000만원""만 있다면 당장 ""이것"" 매수해라!! >>> (무료공개)  >> ★무료카톡방★ 이제 추천주 ""무료""로 받으세요! ★무료카톡방★  ▶▶ 월0.2%대 최저금리 X 주식자금 4배 X 100%집중투자 => 부자네스탁론  [단기에 부자가 되는 방법] 상위 1%만의 강의 무료 제공 중 (pw:4560)  나에게 맞는 종목추천 AI알고리즘을 찾고 싶다면? 한경 로그인만 하면 1개월 무료 체험가능  [오늘의 이슈] 급등임박! 올해 반드시 상승할 ""실시간 TOP3"" 확인하세요! ▶▶ 무료 클릭!                관련기사 한국 기술에 日 '러브콜'…2500억 잭팟 터졌다 연봉 3000만원 직장인…100억대 자산가 된 비결 길 하나 건넜더니…""붕어빵 한 개에 4000원?"" 음료 2잔이 230만원…관광지 '바가지'에 발칵 환자인데 생존률 100%…논란의 '암' 뭐길래    ⓒ 한국경제 & hankyung.com, 무단전재 및 재배포 금지"
198,3,"2024-01-01","18:54:28","브리프-중국 제상은행, 자산 관리 회사 설립 승인 획득","BRIEF-China Zheshang Bank Gets Approval To Set Up Wealth Management Firm  1월 1일(로이터) - 중국 제상은행 :  자산 관리 회사 설립 승인을 받았다고 밝혔습니다.   원본 텍스트  Further company coverage:      (Reporting by Hong Kong newsroom)  twinnie.siu@tr.com ; 852-3462 7715; ))        (c) Copyright Thomson Reuters 2020. Click For Restrictions - https://agency.reuters.com/en/copyright.html   원문 바로가기    DISCLAIMER  레피니티브의 사전, 서면 승인 없는톰슨로이터 콘텐츠의 재생산이나 재배포는 금지되어 있습니다. 이 기사의 한국어 번역은 에프앤가이드가 사용하는 기계적 번역에 의한 것으로 톰슨로이터와 레피니티브는 번역의 정확성을 보증하지 않습니다."
198,4,"2024-01-01","18:54:11","머스크가 인수한 X, 기업가치 72% 폭락","나에게 맞는 종목추천 AI알고리즘을 찾고 싶다면? 한경 로그인만 하면 1개월 무료 체험가능     1년여만에 몸값 57조→16조원   반유대주의 발언 등에 이용자↓  슈퍼앱 전환도 아직 지지부진     [ 최진석 기자 ] 일론 머스크가 1년여 전 인수한 소셜미디어 X(옛 트위터)의 기업가치가 약 72% 폭락했다는 분석이 나왔다. 머스크의 반유대주의 발언 논란과 광고주 이탈, 사용자 감소 등의 여파다. 대규모 구조조정과 사명 변경을 한 뒤 슈퍼앱 전환을 추진하고 있지만 이렇다 할성과를 내지 못하는 모양새다.  미국 온라인매체 악시오스는 31일(현지시간) 금융투자회사 피델리티의 자료를 인용해 X의 기업가치가 머스크에 인수됐을 때와 비교해 71.5% 하락했다고 보도했다. 머스크는 2022년 10월 트위터를 440억달러(약 57조원)에 인수한 뒤 한 달후인 11월 상장폐지하고 비공개 기업으로 전환했다.  이와 함께 재무구조 개선을 위해 전체 직원 7500명 중 80%를 감원했다. 그리고 작년 7월 사명을 트위터에서 X로 변경하고, 슈퍼앱으로 만들겠다는 계획을 발표했다. 슈퍼앱이란 중국의 위챗, 알리페이처럼 소셜미디어에 각종 결제·금융 기능을 결합한 것이다. 월 3~16달러짜리 프리미엄 요금제를 내놓는 등 유료화에도 속도를 냈다.  하지만머스크의 반유대주의 발언 논란으로 광고주가 이탈하고, 가짜뉴스 확산 등으로 여론의 비난을 받으면서 타격을 받았다. 애플과 마이크로소프트, 아마존, 코카콜라, 넷플릭스, 디즈니 등 대형 광고주가 대거 이탈하면서 광고 매출이 반토막 났다는 관측도 나왔다. 피델리티는 머스크가 반유대주의 논란과 관련해 거친 발언을 쏟아낸 지난해 11월 한 달 동안에만 X의 기업가치가 10.7% 깎인 것으로 분석했다. 악시오스는 소셜미디어 페이스북과 인스타그램을 운영하는 메타의 주가가 작년 11월 한 달간 4.9% 상승한 흐름과 대비된다고 보도했다.  다만 악시오스는 피델리티가 X의 재무 성과에 관한 내부 정보를 많이 갖고 있지 않다고 지적했다. 그러면서 “X의 기업가치가 다르게 평가될 수도있다”고 덧붙였다.  실리콘밸리=최진석 특파원     ▶▶[급등종목]◀◀ 지금 ""1,000만원""만 있다면 당장 ""이것"" 매수해라!! >>> (무료공개)  >> ★무료카톡방★ 이제 추천주 ""무료""로 받으세요! ★무료카톡방★  ▶▶ 월0.2%대 최저금리 X 주식자금 4배 X 100%집중투자 => 부자네스탁론  [단기에 부자가 되는 방법] 상위 1%만의 강의 무료 제공 중 (pw:4560)  나에게 맞는 종목추천 AI알고리즘을 찾고 싶다면? 한경 로그인만 하면 1개월 무료 체험가능  [오늘의 이슈] 급등임박! 올해 반드시 상승할 ""실시간 TOP3"" 확인하세요! ▶▶ 무료 클릭!                관련기사 한국 기술에 日 '러브콜'…2500억 잭팟 터졌다 연봉 3000만원 직장인…100억대 자산가 된 비결 길 하나 건넜더니…""붕어빵 한 개에 4000원?"" 음료 2잔이 230만원…관광지 '바가지'에 발칵 환자인데 생존률 100%…논란의 '암' 뭐길래    ⓒ 한국경제 & hankyung.com, 무단전재 및 재배포 금지"
198,5,"2024-01-01","18:53:57","LG유플 ""네트워크 장비에 친환경 포장재""","나에게 맞는 종목추천 AI알고리즘을 찾고 싶다면? 한경 로그인만 하면 1개월 무료 체험가능     연간 탄소 배출량 11t 감축     [ 이승우 기자 ] LG유플러스는 네트워크 장비에 친환경 포장재(사진)를 도입해 탄소 배출량 절감에 나선다고 1일 발표했다.  통신장비 제조사는 네트워크 장비를 설치 지역으로 배송하기 위해 폴리에틸렌 폼과 같은 석유화학제품을 원료로 만든 완충재를 활용한다. LG유플러스는 올해부터 공급사와 협력해 친환경 네트워크 장비 포장재를 도입해 탄소 배출량을 저감하는 ESG(환경·사회·지배구조) 경영을 실천한다는 목표다.  먼저 중계기 등 무선 접속망 장비 포장에 종이로 만든 완충재와 끈을 사용한다. 종이 완충재는 100%재활용할 수 있다. 장비를 보호할 수 있는 최소한의 부피로 제작할 계획이다. 유선 가입자망 장비인 L2·L3 스위치, 광모뎀 등에도 기존 폴리에틸렌 폼을 공기주머니와 종이로 대체했다. 집 안에 설치하는 광모뎀은 종이에 출력한 제품설명서 대신 QR 코드를 붙여 영상을 통해사용 방법을 알 수 있도록 했다. 모든 포장 박스에는 “본 패키지는 재활용 종이를 사용합니다”라는 문구를 추가할 예정이다.  유·무선 네트워크 장비에 친환경 포장재를 도입해 저감하는 연간 탄소 배출량은 11t에 이른다. 소나무 1700여 그루를 새로 심는 것과 비슷한 효과라는 설명이다.  권준혁 LG유플러스 네트워크부문장(부사장)은 “ESG 친환경 경영을 실현하는 다양한 방안을 추진하겠다”고 말했다.  이승우 기자     ▶▶[급등종목] ◀◀ 지금 ""1,000만원""만 있다면 당장 ""이것"" 매수해라!! >>> (무료공개)  >> ★무료카톡방★이제 추천주 ""무료""로 받으세요! ★무료카톡방★  ▶▶ 월0.2%대 최저금리 X 주식자금 4배 X 100%집중투자 => 부자네스탁론  [단기에 부자가 되는 방법] 상위 1%만의 강의 무료 제공 중 (pw:4560)  나에게 맞는 종목추천 AI알고리즘을 찾고 싶다면? 한경 로그인만 하면 1개월 무료 체험가능  [오늘의 이슈] 급등임박! 올해 반드시 상승할 ""실시간 TOP3"" 확인하세요! ▶▶ 무료 클릭!                관련기사 한국 기술에 日 '러브콜'…2500억 잭팟 터졌다 연봉 3000만원 직장인…100억대 자산가 된 비결 길 하나 건넜더니…""붕어빵 한 개에 4000원?"" 음료 2잔이 230만원…관광지 '바가지'에 발칵 환자인데 생존률 100%…논란의 '암' 뭐길래    ⓒ 한국경제 & hankyung.com, 무단전재 및 재배포 금지"
198,6,"2024-01-01","18:53:51","브리프-세레스 그룹의 2023년 자동차 판매량, 전년 대비 5.3% 감소할 전망","BRIEF-Seres Group's Vehicle Sales Volume Down 5.3% Y/Y In 2023  1월 1일 (로이터) - Seres Group Co Ltd :  는 2023년에 253,181대를 판매하여 전년 대비 5.3% 감소했다고 밝혔습니다.   원본 텍스트  Further company coverage:      (Reporting by Hong Kong newsroom)  twinnie.siu@tr.com ; 852-3462 7715; ))        (c) Copyright Thomson Reuters 2020. Click For Restrictions - https://agency.reuters.com/en/copyright.html   원문 바로가기    DISCLAIMER  레피니티브의 사전, 서면 승인 없는 톰슨로이터 콘텐츠의 재생산이나 재배포는 금지되어 있습니다. 이 기사의 한국어 번역은 에프앤가이드가 사용하는 기계적 번역에 의한 것으로 톰슨로이터와 레피니티브는 번역의 정확성을 보증하지 않습니다."
198,7,"2024-01-01","18:53:11","브리프-리중 시통 경합금, 전략적 협력 계약 체결","BRIEF-Lizhong Sitong Light Alloys Signs Strategic Cooperation Agreement  1월 1일(로이터) - 리중 시통 경합금 그룹(Lizhong Sitong Light Alloys Group Co Ltd) :  중국 신소재 기업 CSMET 그룹과 전략적 협력 협약 체결   원본 텍스트  Further company coverage:      (Reporting by Hong Kong newsroom)  twinnie.siu@tr.com ; 852-3462 7715; ))        (c) Copyright Thomson Reuters 2020. Click For Restrictions - https://agency.reuters.com/en/copyright.html   원문 바로가기    DISCLAIMER  레피니티브의 사전, 서면 승인 없는 톰슨로이터 콘텐츠의 재생산이나 재배포는 금지되어 있습니다. 이 기사의 한국어 번역은 에프앤가이드가 사용하는 기계적 번역에 의한 것으로 톰슨로이터와 레피니티브는 번역의 정확성을 보증하지 않습니다."
199,1,"2024-01-01","18:47:38","외교부 “日 강진 한국인 피해 확인 중… 아직은 접수 없어”","1일 오후 일본에서 발생한 강진과 관련해 외교부가 한국인 피해 여부를 확인 중이라고 밝혔다.    외교부는 이날 “우리 국민의 피해 여부를 확인 중이다. 지금까지 접수된 건 없다”고 전했다. 외교부는 일본 현지 공관을 통해 지진 상황을계속 모니터링하고, 필요 시 우리 국민에 대한 영사조력을 제공한다는 방침이다.  이번 강진의 진앙과 가까운 이시카와현에 약 1200명, 도야마현에 약 800명의 한국인 교민이 거주하고 있다. 현재 니가타·이시카와·도야마·나가노 4개 현을 관할하는 주 니가타 총영사관 등에서 교민 비상연락망을 가동해 이들 지역의 피해 여부를 확인하고 있다.  주 니가타 총영사관은 페이스북을 통해 “영사조력이 필요하신 분은 알려달라”며 공관 긴급전화(090-8873-8853)와 영사콜센터(+82-2-3210-0404) 번호를 안내했다. 또 외교부는 일본에 체류 중인 우리 국민의 로밍 휴대전화로 안전공지 문자를 발송했다.  기상청에 따르면 이날 오후 4시 10분쯤 일본 도야마현 도야마 북쪽 90㎞ 해역에서 규모 7.4 지진이 발생했다. 지진 규모를 일본 기상청은 7.6, 미국 지질조사국은 7.5로 추정했다. 2011년 3월 11일 발생한 동일본대지진(9.0)보다는 약하지만, 1995년 1월 17일의 한신대지진(7.3)보다는 큰 규모다.  일본 기상청은 이시카와현을 비롯해 야마가타, 니가타, 도야마, 후쿠이, 효고현 등 동해를 접한 일본 북부 연안에 쓰나미 경보를 발령했다. NHK에 따르면 이시카와현에는 5ｍ 높이의 쓰나미가 발생했다. 기시다 후미오 일본 총리는 피해자 구조 등에 만전을 기해줄 것을 지시했다.  전준범 기자 bbeom@chosunbiz.com   Copyrights ⓒ ChosunBiz.com"
199,2,"2024-01-01","18:47:28","창원, 청년 나이 19~39세로 상향","나에게 맞는 종목추천 AI알고리즘을 찾고 싶다면? 한경 로그인만 하면 1개월 무료 체험가능     영남 브리프      새해부터 경남 창원시의 청년 연령이 19~39세로 상향된다. 시는 지난해 5월 청년 기본조례를 일부 개정해 청년 연령을 기존 19~34세에서 19~39세로 변경했다. 창원 청년인구는 기존 18만1937명에서 24만2319명으로 6만382명 늘어나게 된다. 동시에 청년 누비자 이용 요금 및 자격증 응시료 지원, 면접 정장 무료 대여, 청년 내일 통장 등 각종 청년 사업 지원 연령도 조정했다.     ▶▶[급등종목]◀◀ 지금 ""1,000만원""만 있다면 당장 ""이것"" 매수해라!! >>> (무료공개)  >> ★무료카톡방★ 이제 추천주 ""무료""로 받으세요! ★무료카톡방★  ▶▶ 월0.2%대 최저금리 X 주식자금 4배 X 100%집중투자 => 부자네스탁론  [단기에 부자가 되는 방법] 상위 1%만의 강의 무료 제공 중 (pw:4560)  나에게 맞는 종목추천 AI알고리즘을 찾고 싶다면? 한경 로그인만 하면 1개월 무료 체험가능  [오늘의 이슈] 급등임박! 올해 반드시 상승할 ""실시간 TOP3"" 확인하세요! ▶▶ 무료 클릭!                관련기사 한국 기술에 日 '러브콜'…2500억 잭팟 터졌다 연봉 3000만원 직장인…100억대 자산가 된 비결 길 하나 건넜더니…""붕어빵 한 개에 4000원?"" 음료 2잔이 230만원…관광지 '바가지'에 발칵 환자인데 생존률 100%…논란의 '암' 뭐길래    ⓒ 한국경제 & hankyung.com, 무단전재 및 재배포 금지"
199,3,"2024-01-01","18:47:25","브리프-산메이케미칼, 자사주 매입 계획 발표","BRIEF-Sanmei Chemical Plans To Buy Back Company Shares  1월 1일(로이터) - 저장성 산메이 화학공업 유한회사 :  12개월 이내에 최대 1억 6천만 위안(2,254만 달러) 상당의 자사주를 매입할 계획이라고 밝혔습니다.   원본 텍스트  Further company coverage:      (1달러 = 7.0978위안 인민폐)     (Reporting by Hong Kong newsroom)  twinnie.siu@tr.com ; 852-3462 7715; ))        (c) Copyright Thomson Reuters 2020. Click For Restrictions - https://agency.reuters.com/en/copyright.html   원문 바로가기    DISCLAIMER  레피니티브의 사전, 서면 승인 없는 톰슨로이터 콘텐츠의 재생산이나 재배포는금지되어 있습니다. 이 기사의 한국어 번역은 에프앤가이드가 사용하는 기계적 번역에 의한 것으로 톰슨로이터와 레피니티브는 번역의 정확성을 보증하지 않습니다."
199,4,"2024-01-01","18:47:10","슈퍼엔저 특수에 ‘최대 수출실적’… 30년 경기침체 벗어났다[뉴노멀 시대, 美·中·日의 전략]","디플레 악순환 끊어낸 日 33년만에 엔화 가치 최저 수준 엔저 효과로 수출액 50조엔 늘어 닛케이지수는 한때 3만4천선 육박 기시다 총리의 17조엔 경제대책 日경제 우상향 이끌 마중물 역할 물가 상승·실질임금 하락은 숙제      【파이낸셜뉴스 도쿄=김경민 특파원】 일본 경제가 마침내 '잃어버린 30년'의 끝을 넘어 새로운 무대로 발을 내디뎠다. 오랜 디플레이션의 악순환을 끊고, 실물경제에 온기가 돌기 시작하면서 각종 경제지표들이 우상향 곡선을 그리고 있다. 기시다 후미오 일본 총리가 내놓은 17조엔(약 160조원) 규모의 경제대책은 이러한 변화를 채찍질하는 마중물이 될 전망이다. '슈퍼 엔저'(엔화가치 하락)의 부작용과 같은 과제들이 남아 있지만, 일본 경제는 장기정체에서 벗어나 활력을 되찾아가는 모습이다.   ■초엔저 엔진, 韓성장률도 추월   1일 재무성에 따르면 최근 국제통화기금(IMF)은 2023년 일본 경제성장률(GDP)을 직전 7월 전망 대비 0.6%p 오른 2.0%로 수정 제시했다. 1.4%로 전망된 한국보다 0.6% 높은 수준으로, 한일 성장률 역전은 1998년 외환위기 이후 처음이다.   일본은 33년 만에 엔화 가치가 최저 수준까지 떨어지면서 수출실적은 사상 최대를 기록 중이다. 지난해 상반기(4~9월) 일본의 경상수지 흑자는 전년동기 대비 3배 급증한 12조7064억엔(약 110 조원)을 기록했다. 이는 반기 기준 사상 최대 수준이었다.   러시아의 우크라이나 침공으로 인한 원유 가격 급등이 일단락하면서수입액은 51조엔이나 줄어든 반면 엔저효과를 본 수출액이 50조엔이나 늘어난 덕분이다.   일본 수출기업들은 '행복한 비명'을 질렀다. 슈퍼 엔저 특수를 누린 일본 주요 대기업은 연간 2조엔(약 18조원)가량 이익 증가효과를 볼 것으로 분석됐다.   대표적으로 업계 1위 도요타자동차는 연간 순이익 전년보다 60% 이상 많은 약 4조엔을 벌어들일 것으로 전망됐다. 역대 최대였던 2022년(2조8501억엔)을 크게 상회하는 규모다.   주식시장도 훈풍이었다. 닛케이지수는 지난해 11월 한때 3만3853까지 치솟아 52주 신고가를 경신했다. 절반 이상의 상장사들이 연중 최고가를 연달아 갈아치웠다.   부동산도 마찬가지다. 지난해 10월 도쿄 도심 6개구의 아파트 평균희망매도가는 70㎡당 1억791만엔으로 2002년 집계 이후 9개월 연속 신고가를 썼다.   '값싼 일본'에는 외국인 관광객도 물밀듯이들어왔다. 10월 일본을 찾은 외국인 관광객 수는 251만6500명으로, 코로나19 확대 이전인 2019년 같은 달보다 0.8% 많았다. 전년동기 대비로는 5배나 상회하는 수치로 월별 방일객 수가 처음 코로나19 이전을 넘어섰다. 7~9월 관광 관련 소비총액은 1조3904억엔(약 12조원)으로 분기기준으로 역대 최다를 올렸다.   일본 당정은 임금인상과 투자촉진을 골자로 한 종합경제대책의 예산 규모를 17조엔(약 152조원) 대 초반으로 확정했다. 중앙정부, 지자체, 민간투자를 모두 포함한 사업 규모는 37조4000억엔에 이를 것으로 관측된다. 모처럼 찾아온 경제성장 국면을 실기하지 않고 마중물을 부어 극대화하겠다는 의지가 엿보인다.   기시다 총리는 ""디플레이션의 악순환에서 조류가 바뀌어 30년 만에 새로운 경제무대로 이행할 수 있는 큰 기회를 맞이하는 가운데 공급력 강화를 경제대책의 가장 중요한 기둥으로 삼고 있다""고 말했다. 이어 ""임금상승이 고물가를 따라가지 못하는 상황에서는 일시적인 조치로 국민의 가처분소득을 뒷받침하는 것도 필요하기 때문에 효과적인 시책을 마련했다. 시책을 한시라도 빨리 국민에게 전달하겠다""고 강조했다.   기시다 총리는 또 ""원가절감형 경제에서 완전히 탈피하기 위해 3년 정도의 전환기간을 두고 공급능력을 대폭 강화하는 집중 조치를 취하겠다""고 말했다.   ■""잘 먹고 갑니다~"" 상반기 정책 바꿀 듯   다만 엔저가 장기화하면서 부작용의 그림자도 커지고 있다. 약한 엔화는 수출기업의 이익을 증가시키지만, 수입가격을 상승시키는 문제를 낳는다. 엔저는 수입기업 입장에선 조달비용 증가이며 이는 곧 소비자 부담으로 이어진다.   엔저는 일본의 경제 규모도 축소시켰다. 교도통신은 ""2023년 일본의 명목 GDP는 지난해보다 0.2% 감소한 4조2308억달러(약 5726조원)로 예상된다""며 ""일본은 독일에 역전돼 세계 4위로 한 계단 내려갈 것으로 전망된다"" 고 보도했다.   교도통신은 이어 ""일본은 인구가 3분의 2인 독일보다 GDP가 작아지는 등 1인당 노동생산성 저하가 과제가 됐다""며 ""국제통화기금(IMF) 예측에 따르면 2026년에는 세계 1위 인구대국이 된 인도가 경제 규모 4위 국가로 올라서고, 일본은 5위로 밀려날 것""이라고 지적했다.   만족스러운 성과를 얻었다고 판단한 일본은 엔저 출구전략을 고민 중이다. 일본은행(BOJ) 이 마이너스 금리 시대를 접고 금리인상 시기를 저울질하기 시작한 것이다. 금리인상 시기의 전제였던 물가·임금 인상 동향의 평가가긍정적으로 바뀌면서 BOJ 내부에서도 대규모 금융완화 중단을 마무리할 시점이 도래했다는 공감대가 형성되고 있다. BOJ는 현재 10년에 걸친대규모 돈풀기 정책에 대해 검토를 진행 중이다.   우에다 가즈오 BOJ 총재는 지난해 11월 나고야 간담회에서 물가 목표에 대한달성 가능성이 ""조금씩 높아지고 있다""고 밝혔다.   이런 움직임들에 대해 시장은 정책전환을 위한 BOJ의 정지작업으로 해석하고 있다. 업계에선 BOJ의 금리인상 시기는 내년 상반기가 될 것이란 구체적 전망도 나온다.   ■국민들은 ""나쁜 엔저"" 기시다 교체설 대두   이처럼 일본 경제는 회복하고 있지만, 이를 주도한 기시다 내각의 인기는 바닥을 모르고 추락하고있다.   마이니치신문이 실시한 지난해 12월 여론조사에서 기시다 내각 지지율은 16%로, 전달 조사보다 5%p 하락했다. 2021년 10 월 정권 출범 이래 최저이며 자민당 정권에서 내각 지지율 20% 미만은 2009년 7월 아소 다로 내각 이후 처음이다. 기시다 내각을 지지하지 않는다는 응답비율은 전달보다 5%p 상승한 79%로 이 신문이 내각 지지율 조사를 시작한 1947년 7월 이후 가장 높았다.   기시다 내각의 처참한 인기는 민생 부담이 커진 것이 가장 큰 원인으로 지적된다. 장기침체가 계속된 지난 30년간 일본인들은 임금도 물가도 변동이 없는 '제로(0)'에 익숙한 사람들이었다.   그러나 최근 원자잿값 상승과 엔저로 일본도 물가가 3~4% 뛰기 시작했다. 이를 임금이 올라 받쳐줘야 하지만 더딘 인상폭으로 실질임금은 17개월 연속 마이너스였다.   엔저로 물가가 오르면서 지난해 1~8월 일본 엥겔지수(가계 소비지출에서 식료품이 차지하는 비율)는 평균 27.3%까지 뛰었다. 코로나19 여파가 있었던 2020년을 제외하면 1980년대 초반과 비슷하다.   '엔저는 좋고, 엔고는 나쁘다'는 게 상식이었으나 막상 마주한 슈퍼 엔저의 현실에선 기업들의 살만 찌우고, 정작 서민은 더욱 가난해졌다는 것이다. 일각에선 '나쁜 엔저' '슬픈 엔저'라는 표현까지 나왔다.   설상가상 자민당 최대 파벌인 아베파(세이와정책연구회)의 정치 비자금 사태도 추락하는 지지율에 기름을 부었다. 기시다 총리는 비자금 혐의를 받고 있는 각료 4명을 포함, 총 10명의 아베파를 경질했다. 전체 19명의 각료 중 자민당 소속으로는 아소파가 5명으로 가장 많아졌다.   마이니치는 ""향후 정권운영을 예단할 수 없는 상황에서 내년 1월 후반 소집될 것으로 보이는 정기국회를 위해 기시다 총리의 대응이 필요하다""고 전했다.    km@fnnews.com 김경민 기자   [파이낸셜뉴스 주요뉴스]  → 100억대 위약금에 유서 쓴 이선균, 아내 전혜진에 남긴 말은... → ""혼전순결 강조하며 성관계 안한 남편, 알고 보니..."" 반전 사연 → 정대세의 폭탄 고백 ""아내와 결혼 10년 만에 이혼을..."" → 10살 연하와 결혼한 女배우 고백 ""남편이 계좌번호를..."" → 전남 광양 앞바다서 40대男 숨진 채 발견, 시신 살펴보니 → 빨간 나라로 가는 노란 티켓 [파인애플]  ▶▶[무료공개]◀◀ 지금 ""1,000만원""만 있어도 당장 ""이것""부터 사라!! >>> (무료 체험)    ※ 저작권자 ⓒ 파이낸셜뉴스. 무단 전재-재배포 금지 "
199,5,"2024-01-01","18:46:47","러시아 키예프 공습 며칠 후 시신 5구 추가 발견","Five more bodies found days after Russian strike on Kyiv   키예프, 1월 1일 (로이터) - 사흘 전 키예프에 대한 러시아의 대규모 공습 이후 잔해 속에서 시신 5구가 추가로 발견되어우크라이나 수도 키예프에서 이 공격으로 인한 사망자 수가 28명으로 늘어났다고 시 당국이 월요일 밝혔다.  우크라이나는 앞서 월요일을 2년 가까이 지속된 전쟁 중 우크라이나의 수도에 대한 가장 치명적인 단일 공격인 금요일의 공격으로 사망한 사람들을 위한 애도의 날로선포한 바 있습니다.  ""친척과 사랑하는 사람을 잃은 모든 분들께 진심으로 애도를 표합니다... 민간인을 살해하는 테러리스트들은 우크라이나 땅에서 흘린 피를 결코 용서받지 못할 것입니다."" 세르게이 포프코 키예프 군 총독이 텔레그램에 남긴 글입니다.     (Reporting by Max Hunder; Editing by Jan Harvey)  Max.Hunder@thomsonreuters.com     (c) Copyright Thomson Reuters 2020. Click For Restrictions - https://agency.reuters.com/en/copyright.html        Keywords: UKRAINE-CRISIS/ATTACK-KYIV-CASUALTIES   원문 바로가기    DISCLAIMER  레피니티브의 사전, 서면 승인 없는 톰슨로이터 콘텐츠의 재생산이나 재배포는 금지되어 있습니다. 이 기사의 한국어 번역은 에프앤가이드가 사용하는 기계적 번역에 의한 것으로 톰슨로이터와 레피니티브는 번역의 정확성을 보증하지 않습니다."
199,6,"2024-01-01","18:46:43","브리프-상하이 블룸 테크놀로지의 상하이 IPO, 5,890.5배 초과 청약 달성","BRIEF-Shanghai Bloom Technology's Shanghai IPO 5,890,5 Times Oversubscribed  1월 1일(로이터) - 상하이 블룸 테크놀로지(Shanghai Bloom Technology Inc :  상하이 IPO가 5,890,5배 초과 청약되었다고 밝혔습니다.   원본 텍스트  (Reporting by Hong Kong newsroom)  twinnie.siu@tr.com ; 852-3462 7715; ))        (c) Copyright Thomson Reuters 2020. Click For Restrictions - https://agency.reuters.com/en/copyright.html   원문 바로가기    DISCLAIMER  레피니티브의 사전, 서면 승인 없는 톰슨로이터 콘텐츠의 재생산이나 재배포는 금지되어 있습니다. 이 기사의 한국어 번역은 에프앤가이드가 사용하는 기계적 번역에 의한 것으로 톰슨로이터와 레피니티브는 번역의 정확성을 보증하지 않습니다."
199,7,"2024-01-01","18:46:09","요약-솔라엑스 파워 네트워크 테크놀로지의 주식 거래, 1월 3일 데뷔 예정","BRIEF-SolaX Power Network Technology's Trading In Shares To Debut On Jan 3  1월 1일(로이터) - SolaX Power Network Technology Zhejiang Co Ltd :  주식 거래가 1월 3일 상하이 스타 마켓에서 데뷔한다고 밝혔습니다.   원본 텍스트  (Reporting by Hong Kong newsroom)  twinnie.siu@tr.com ; 852-3462 7715; ))        (c) Copyright Thomson Reuters 2020. Click For Restrictions - https://agency.reuters.com/en/copyright.html   원문 바로가기    DISCLAIMER  레피니티브의 사전, 서면 승인없는 톰슨로이터 콘텐츠의 재생산이나 재배포는 금지되어 있습니다. 이 기사의 한국어 번역은 에프앤가이드가 사용하는 기계적 번역에 의한것으로 톰슨로이터와 레피니티브는 번역의 정확성을 보증하지 않습니다."
200,1,"2024-01-01","18:40:58","""매매계약 뒤 세입자 퇴거 번복 땐 매수인이 잔금지급 거부해도 정당""","나에게 맞는 종목추천 AI알고리즘을 찾고 싶다면? 한경 로그인만 하면 1개월 무료 체험가능     대법, 원심 깨고 파기환송     [ 민경진 기자 ] 잔금 지급일을 앞두고 매매계약 대상 주택에 사는 임차인이 퇴거 약속을 번복할 경우 매수인은 잔금 지급을 거부해도 법에어긋나지 않는다는 대법원 판단이 나왔다.  1일 법조계에 따르면 대법원 2부는 아파트 매수인 A씨가 매도인 B씨를 상대로 낸 소유권이전등기 소송에서 원고 패소 판결한 원심을 깨고 사건을 인천지방법원에 돌려보냈다. A씨는 2021년 1월 13일 B씨와 아파트 매매 계약을 맺었다. 잔금 지급과 소유권 이전은 같은 해 4월 22일 하기로 했다. 이 아파트에는 같은 해 10월 임대계약이 만료되는 임차인이 거주하고 있었다. 임차인은 계약갱신청구권을 행사하지 않는 조건으로 같은 해 12월 6일까지 이 아파트에 거주하기로 했다. A씨의 매매 계약서에도 ‘실제 명도는 2021년 12월 6일로 한다’는 특약 사항이 담겼다.  하지만 임차인은 잔금 지급일을 사흘 앞두고 B씨에게 “갱신청구권을 행사해 2년 더 거주하겠다”고 통보했다. B씨는 A씨에게 이런 내용을 알렸다. 이 아파트에 실거주하려던 A씨는 잔금 지급을 거절했다. 이에 B씨는 매매 계약을 해제하겠다고 알렸다.  1심은 원고 일부 승소, 2심은 원고 패소로 판단이 엇갈렸다. 대법원은 1심 판단이 정당하다고 봤다.  대법원은 “피고의 현실인도의무의 이행이 곤란할 현저한 사정 변경이 생겼다고 볼 수 있고, 이로 인해 당초의 계약 내용에 따른 원고의 선이행의무를 이행하게 하는 것이 공평과 신의성실의 원칙에 반하게 됐다고 볼 여지가 있다”고 판단했다. 그러면서 “잔금 지급 의무의 이행 거절이 정당한 것은 아닌지, 의무 불이행을 이유로 한 피고의 계약 해제권 행사에문제는 없는지 심리할 필요가 있다”며 사건을 하급심으로 돌려보냈다.  민경진 기자     ▶▶[급등종목]◀◀ 지금 ""1,000만원""만 있다면 당장 ""이것"" 매수해라!! >>> (무료공개)  >> ★무료카톡방★ 이제 추천주 ""무료""로 받으세요! ★무료카톡방★  ▶▶ 월0.2%대 최저금리 X 주식자금 4배 X 100%집중투자 => 부자네스탁론  [단기에 부자가 되는 방법] 상위 1%만의 강의 무료 제공 중 (pw:4560)  나에게 맞는 종목추천 AI알고리즘을 찾고 싶다면? 한경 로그인만 하면 1개월 무료 체험가능  [오늘의 이슈] 급등임박! 올해 반드시 상승할 ""실시간 TOP3"" 확인하세요! ▶▶ 무료 클릭!                관련기사 한국 기술에 日 '러브콜'…2500억 잭팟 터졌다 연봉 3000만원 직장인…100억대 자산가 된 비결 길 하나 건넜더니…""붕어빵 한 개에 4000원?"" 음료 2잔이 230만원…관광지 '바가지'에 발칵 환자인데 생존률 100%…논란의 '암' 뭐길래    ⓒ 한국경제 & hankyung.com, 무단전재 및 재배포 금지"
200,2,"2024-01-01","18:40:47","수학 최고점자 80% 이상이 남학생","나에게 맞는 종목추천 AI알고리즘을 찾고 싶다면? 한경 로그인만 하면 1개월 무료 체험가능     2024 수능, 女보다 5.3배 많아     [ 이혜인 기자 ] 최근 3년간 대학수학능력시험(수능)에서 수학 표준점수 최고점수를 받은 10명 중 8명은 남학생이었던 것으로 나타났다.  1일 종로학원에 따르면 2024학년도 수학 표준점수 최고점자 가운데 남학생은 84.3%로 여학생(15.7%)보다 5.3배 많았다. 2022학년도와2023학년도 역시 수학 표준점수 최고점자 중 남학생 비율이 각각 80.1%와 85.3%로 높았다. 과학탐구 영역에서도 성별 간 격차가 두드러졌다. 2024학년도 과학탐구 과목별(8개 과목 합산) 표준점수 최고점자 중 남학생은 71.3%, 여학생은 28.7%였다. 2022학년도 79.1%, 2023학년도 85.9%에도 마찬가지였다.  반면 사회탐구의 경우 여학생이 남학생보다 우세했다. 2024학년도 수능 사탐 표준점수 최고점자(9개 과목 합산) 중 여학생 비율은 59.1%로 남학생(40.1%)에 비해 높았다.  이는 이과 성향 학생 가운데 남학생이 많기 때문으로 분석된다. 이번 수능에서 수학 표준점수 최고점은 미적분(148점) 만점자에게만 주어졌다. 기하, 확률과 통계의 표준점수 최고점은 각각 142점, 137점으로만점을 받아도 수학 영역 최고점이 아니다. 문과 성향 학생은 확률과 통계에서 만점을 받았더라도 이번 통계에 집계되지 않았다는 의미다.  전문가들은 2028학년도 대입제도 개편으로 수학 시험 범위가 좁아지면 기존 문과 성향 학생이 고득점하기가 더욱 어려워질 것으로내다봤다. 임성호 종로학원 대표는 “전통적인 직업관과 그로 인한 선호 학과의 남녀 차이로 주로 남학생이 이과 성향을 갖게 되면서 수학 과학을 회피하는 여학생이 늘었다”며 “대입제도 개편으로 수학에 강한 학생과 같이 경쟁하는 구도로 전환되면 여학생이 수학에서 상위권을 확보하기가 지금보다 어려워질 것”이라고 설명했다.  이혜인 기자     ▶▶[급등종목]◀◀ 지금 ""1,000만원""만 있다면 당장 ""이것"" 매수해라!! >>> (무료공개)  >> ★무료카톡방★ 이제 추천주 ""무료""로 받으세요! ★무료카톡방★  ▶▶ 월0.2%대 최저금리 X 주식자금 4배 X 100%집중투자 => 부자네스탁론  [단기에 부자가 되는 방법] 상위 1%만의 강의 무료 제공 중 (pw:4560)  나에게 맞는 종목추천 AI알고리즘을 찾고 싶다면? 한경 로그인만 하면 1개월 무료 체험가능  [오늘의 이슈] 급등임박! 올해 반드시 상승할 ""실시간 TOP3"" 확인하세요! ▶▶ 무료 클릭!                관련기사 한국 기술에 日 '러브콜'…2500억 잭팟 터졌다 연봉 3000만원 직장인…100억대 자산가 된 비결 길 하나 건넜더니…""붕어빵 한 개에 4000원?"" 음료 2잔이 230만원…관광지 '바가지'에 발칵 환자인데 생존률 100%…논란의 '암' 뭐길래    ⓒ 한국경제 & hankyung.com, 무단전재 및 재배포 금지"
200,3,"2024-01-01","18:39:15","브리프-화샤 은행, 25억 6천만 주에 대한 락업 기간 종료 예정","BRIEF-Hua Xia Bank's Lock-Up Period For 2.56 Bln Shares To End  1월 1일(로이터) - Hua Xia Bank Co Ltd :  25억 6천만 주에 대한 락업 기간 종료, 1월 8일부터 주식 거래 시작한다고 밝혔습니다.   원본 텍스트  Further company coverage:      (Reporting by Hong Kong newsroom)  twinnie.siu@tr.com ; 852-3462 7715; ))        (c) Copyright Thomson Reuters 2020. Click For Restrictions - https://agency.reuters.com/en/copyright.html   원문 바로가기    DISCLAIMER  레피니티브의 사전, 서면 승인 없는 톰슨로이터 콘텐츠의 재생산이나 재배포는 금지되어 있습니다. 이 기사의 한국어 번역은 에프앤가이드가 사용하는 기계적 번역에 의한 것으로 톰슨로이터와 레피니티브는 번역의 정확성을 보증하지 않습니다."
200,4,"2024-01-01","18:39:00","“제철 과일도 못사먹겠네”…한달 만에 25% 치솟은 감귤  값","“과일이 제철에 더 값이 내려가야 할 것 같은데 귤도 딸기도 지난 11월보다 더 비싸진 것 같다” 제철을 맞은 감귤 딸기 단감 모두 가격 급등세를 보이고 있다. 1일 한국농수산식품유통공사(aT)에 따르면 지난달 29일 기준 노지 감귤(5㎏·S급) 한 상자 가격은 2만1240원으로 한 달 전 1만7000원보다 24.9%, 1년 전 1만6584원보다 28.1% 올랐다. 최근 5년 평균값(최저·최고가격 제외)을 뜻하는 평년 가격(1만3984원)과 비교하면 51.9%나 뛰었다. 딸기(2㎏·상품) 도매가격은 같은 날기준 3만8950원이었다. 1개월 전 비교 자료는 없지만, 일주일 전 3만7750원보다도 3.2% 올랐다. 1년 전 3만4336원 대비 13.4%, 평년 가격 3만2203원보다 21.0% 상승했다. 딸기 가격 인상의 원인으로는 폭염과 폭우가 꼽힌다. 이상기후 영향으로 생산량이 줄면서 딸기 가격이 올른것이다. 단감 가격 변화는 더욱 두드러진다. 단감(상품·10㎏) 도매가격은 5만4220원으로 1년 전 3만3060원보다 64.0% 급등했다. 평년 가격 3만4369원보다는 57.8% 수준이다. 단감은 지난해 탄저병이 발생해 생산량이 2022년보다 32%가량 줄면서 가격이 뛰었다. 딸기와 단감은 생산량 저하가 가격 인상으로 이어졌다. 다만, 감귤의 경우 생산량 변화가 거의 없어 고품질 상품을 가려서 출하하고 있다. 그런데도 가격이 다달이 오르고 있다. 지난해 10월 말 기준 노지감귤 한 상자 가격은 1만5544원이었다. 본격 제철이 시작한 지난달 말(2만1240원) 36.7% 가량 오른 이유는 뭘까. 한국농촌경제연구원 농업관측센터는 감귤로 몰린 ‘수요’ 때문으로 분석하고 있다. 그나마 부담 없이 살 수 있는 제철 과일이 감귤밖에 남지 않으면서 감귤로 수요가 몰렸고 가격 상승으로 연결됐다는 것이다. 다른 과일 가격의 급등이 감귤 가격마저 밀어 올린 상황을 연출한 셈이다. 과일 가격 급등은 작년 가을부터 지속되고 있다. 사과와 배 가격은 제철에도 전년 대비 30~50% 이상 상승했다. 가파른 급등세는 겨울까지 이어지고 있다. 사과(후지 품종·상품·10㎏) 가격은 지난달 29일 기준 8만3600원으로 1년 전 4만500원보다 106.4%, 평년 4만4315원보다 88.7% 크게 뛰었다. 배(신고·상품·15㎏)는 7만440원으로 1년 전 4만620원보다 73.4%, 평년 4만8681원보다 44.7% 올랐다. 한 유통업계 관계자는 “설 명절까지 고려하면 당분간 과일 가격이 내릴 요인은 딱히 보이지 않는다”고 말했다.    [ⓒ 매일경제 & mk.co.kr, 무단 전재, 재배포 및 AI학습 이용 금지]"
200,5,"2024-01-01","18:38:36","총선 '100일간의 레이스' 시작... 정책 강조한 與… 통합 다진 野","현충원 참배로 새해 연 여야 韓, 2일부터 대구·광주 등 순회 李, 봉하 이어 평산마을 방문 나서   여야 지도부가 새해 첫날인 1일부터 본격적인 총선 행보에 돌입하면서 각자 승리를 위한 결기를 다졌다. 4월 10일 치러지는 제22대총선까지 정확히 100일 남은 시점에서 여야 수장들은 자신의 존재감을 부각하기 위해 전력을 다하는 모습이다. 특히 이날 첫 대외 행보를 시작한 한동훈 비상대책위원장은 '동료 의식'을 당의 핵심 가치로 내걸면서 더불어민주당과의 차별화를 꾀했다. 이재명 민주당 대표는 윤석열정권 심판을 명분으로 당의 단결을 강조하고 나섰다.   국립서울현충원 참배로 새해를 시작한 여야 지도부는 이날 신년인사회에서 총선 승리를 다짐했다.   한 비대위원장은 서울 여의도 중앙당사에서 열린 신년인사회에서 ""국민의힘은 100일 남은 국민의선택(제22대 총선)을 앞두고 동료시민에 대한 계산 없는 선의를 정교한 정책으로 준비해서 실천할 것""이라며 ""국민께서 우리의 마음을, 실천을, 그리고 상대 당과 차이를 정확하게 알아보실 것이라고 확신한다""고 말했다. 이어 그는 우리가 지향하는 자유민주주의 사회는 낯선 사람들 사이의 동료의식으로 완성된다""며 바람직한 동료의식의 예로 연평도 포격 당시 주민들에게 장소를 내준 찜질방 사장을 언급하기도 했다.   한 위원장은 여당 수장으로서의 첫 일주일을 전국 순회로 시작한다. 먼저 대전과 대구를 오는 2일 찾을 계획이며, 4일에는 광주 5.18 민주묘지 참배가 예정돼있다. 이어 청주, 경기도, 춘천을 순서대로 찾을 계획이다. 한 위원장은 이에 대해 ""국민의힘은 영남·호남·제주·강원·경기·충청 모두를 아우르는 전국 정당""이라며 ""각 지역에서 생생한 목소리를 듣고 거기에 맞는 정교한 정책을 보여드려야 하기 때문에 지방을 다니는 것은 너무나 당연한 일이고 우리가 어떻게 일할지를다짐하는 것""이라고 설명했다.   이 대표는 이날 경남 김해 봉하마을로 향해 노무현 전 대통령 묘역을 참배했다. 오는 2일에는 경남 양산 평산마을에서 문재인 전 대통령과 오찬을 할 계획이다. 이같은 행보는 이낙연 전 민주당 대표가 신당 창당을 본격화하고 있는상황에서 지지층을 결속시키기 위한 행보로 풀이된다.   이 대표는 새해 인사에서도 당의 통합과 단결을 강조했다. 이 대표는 여의도 민주당 중앙당사에서 열린 신년인사회에서 ""청룡의 해, 청룡의 힘으로 평화의 위기, 민생의 위기, 민주주의의 위기를 다 털어내고새로운 희망으로 더 나은 미래를 향해 힘 있게 나아가기를 기대한다""며 ""어려운 상황을 반드시 깨고 나은 길, 새로운 길을 찾아가야 한다""고 말했다.   특히 이 대표는 ""함께 손잡고 얼마든지 헤쳐 나갈 수 있다""며 ""정치는 정치인들이 하는 것 같지만 결국 국민이 하는 것이다. 모든 권력은 오로지 국민을 향해 있어야 한다""고 덧붙였다. 윤 정부와 여당을 향한 정권 심판론이 우세하게 나타나고 있는 상황을 감안해 자신을 중심으로 당이 뭉쳐야 한다는 것을 내포한 것으로 풀이된다. 이 대표는 이날 페이스북에 ""윤석열 정권은 야당 파괴와 국회 무시로 민주주의를 부정하고 정치 보복과 독단의 국정 운영으로 대한민국을 고사시키고 있다""며 ""다가올 총선에서 반드시 승리해 국민과 나라를 지켜야 한다""고 강조했다. 서지윤 김해솔 기자   stand@fnnews.com 서지윤 기자   [파이낸셜뉴스 주요뉴스]  →100억대 위약금에 유서 쓴 이선균, 아내 전혜진에 남긴 말은... → ""혼전순결 강조하며 성관계 안한 남편, 알고 보니..."" 반전 사연 → 정대세의 폭탄 고백 ""아내와 결혼 10년 만에 이혼을..."" → 10살 연하와 결혼한 女배우 고백 ""남편이 계좌번호를..."" → 전남 광양 앞바다서 40대男 숨진 채 발견, 시신 살펴보니 → 한주간 지친 나에게 디저트로 [파인애플]  ▶▶[무료공개]◀◀ 지금 ""1,000만원""만 있어도 당장 ""이것""부터 사라!! >>> (무료 체험)    ※ 저작권자 ⓒ 파이낸셜뉴스. 무단 전재-재배포 금지 "
200,6,"2024-01-01","18:38:33","이낙연 창당 '초읽기'…비명계 얼마나 합류할까","""양자택일 아닌 새 선택지 있어야"" 이낙연, 4일께 신당 공식화할 듯 김종민 등 4인방 합류 여부 촉각  이낙연 전 더불어민주당 대표의 탈당 후 신당 창당이 초읽기에 들어갔다. 100일 후 치러질 총선이 친윤-친명-반윤-반명 진영 간 4자 구도로 치러질 가능성이 커진 상황이다. 이 전 대표는 1일 경기도 고양시 행주산성에서 열린 신년인사회에서 “정치를 이대로 둘 수없다”며 “국민께 양자택일이 아닌 새로운 선택지를 드려야 한다”고 말했다. 앞서 이 전 대표는 민주당의 이재명 대표 사당화를 우려한다며 이 대표 사퇴·통합 비상대책위원회 구성 등을 요구해 왔다. 이 전 대표와 이 대표는 지난 12월 30일 극적으로 회동했지만 이 대표가사퇴 등 수용 불가 입장을 전하며 결별 수순에 들어갔다. 이 전 대표는 회동 후 ""제 갈 길을 가겠다""며 새해 신당 창당 계획에 힘을 실었고 오는 4일께 이를 공식화할 것으로 알려졌다. 다만 이 전 대표는 “창당이 4일이라는 것은 날짜가 아직, 장소가 예약되지 않아 확답을 드릴 수 없다”고 말했다. ‘이낙연 신당’에 친이낙연계·비이재명계 의원들의 합류 여부도 관심사다. 일단 혁신계를 자처하는 비명계 의원 4인방(김종민, 윤영찬, 이원욱, 조응천) 원칙과상식의 탈당 가능성이 점쳐진다. 이들은 이번 주 중 최종 논의를 거친 후 탈당 등에 대한 입장을 밝힐 것으로 전해졌다. 이들 역시 이 대표가 통합 비대위 구성 요구를 끝내 거부할 경우 △잔류 △탈당 △총선 불출마 △신당 합류 중 하나의 결단을 내릴 예정이다. 다만 이들이 탈당하더라도 당장 이낙연 신당에 참여하기보다는 장외에서 어느 정도 몸을 푼 후구체적인 정치 행보를 결정할 가능성이 있다. 이 전 대표 탈당이 기정사실로 받아들여지는 가운데 이 대표도 이 전 대표를 직접 만나면서까지 설득한 만큼 당내 통합을 위해 나름 최선을 다했다는 입장이다. 이 대표는 이날 신년사에서도 “국민 삶을 지키기 위해 민주당은 어느 때보다 크고 단단한 하나가 되겠다”며 통합을 강조했다. 박성준 민주당 대변인은 이날 SBS 라디오 ‘김태현의 정치쇼’에 나와 “(이 전 대표 등이) 이 대표 사퇴를 기본적으로 전제하는 것은 이 대표에게 굴복하라는 얘기 아니겠나”라고 지적했다. 이로써 오는 4월 총선이 국민의힘, 민주당, 이준석 신당, 이낙연 신당 간 다자 체제로 치러질 가능성이 한층 높아졌다. 이준석 전 대표가 주도하는 가칭 개혁신당은 이달 중순 창당 절차를 마무리하고 공천 작업에 들어갈 계획이다. 일각에서는 태생적인 정치 환경 등 차이를 극복하고 합리적 개혁 연대라는 명분으로 이준석-이낙연 전 대표가 뭉칠 가능성도 점쳐진다. 성사 시 '제3세력 돌풍'을 일으킬 수 있다는 분석도 있다.glemooree@fnnews.com 김해솔 기자  [파이낸셜뉴스 주요뉴스]  → 100억대 위약금에 유서 쓴 이선균, 아내 전혜진에 남긴 말은... → ""혼전순결 강조하며 성관계 안한 남편, 알고 보니..."" 반전 사연 → 정대세의 폭탄 고백 ""아내와 결혼 10년 만에 이혼을..."" → 10살 연하와 결혼한 女배우 고백 ""남편이 계좌번호를..."" → 전남 광양 앞바다서 40대男 숨진 채 발견, 시신 살펴보니 → 빨간 나라로 가는 노란 티켓 [파인애플]  ▶▶[무료공개]◀◀ 지금 ""1,000만원""만 있어도 당장 ""이것""부터 사라!! >>> (무료 체험)    ※ 저작권자 ⓒ 파이낸셜뉴스. 무단 전재-재배포 금지 "
200,7,"2024-01-01","18:38:30","""국민 삶 나아지도록""… 선거의 해, 저마다 새로운 정치 약속","정치권 주요인사 신년사 김진표 의장 ""대화·타협의 시대로"" 한동훈 ""비판 경청하고 변화할 것"" 이재명 ""크고 단단한 하나 되겠다""                     여야 지도부 등 정치권 주요 인사들이 갑진년 새해 첫날인 1일 한목소리로 대한민국의 도약을 위한 정치권의 변화를 약속했다. 김진표 국회의장과 김영주·정우택 국회부의장, 여야 대표들은 신년사에서 민생 위기 극복을 위한 각자의해법을 제시했다. 특히 제22대 총선을 앞두고 무엇보다 통합과 변화를 공언하는 이들이 많았다.   김진표 국회의장은 ""2024 년을 해현경장(解弦更張)의 굳은 각오로 시작하겠다""며 ""한국 사회에 과감한 변화와 새로운 희망을 만들기 위해 혼신의 노력을 다할 것""이라고 밝혔다. 김 의장은 ""민생과 나라의 경제 회복을 낙관할 수만은 없는 상황이지만 그럴수록 새로운 희망을 갖고 새해의 첫발을 시작하는 용기가 필요한 때""라며 ""올해에도 다시 한번, 위기를 기회로 바꾸는 대한민국의 저력을 보여주자""고 말했다. 정치권의 변화도 강조했다. 김 의장은 ""대화와 타협이 작동하는 정치복원이 급선무""라며 ""국민의 손으로 대립과 반목의 시대를 끝내고 국민통합의 시대를 열어주시길 길 희망한다""고 했다.   정우택 부의장은 ""올해는 정부와 국회, 국민과 기업 모두가 합심하여 시대의 요구에 부응하고, 나아가 새로운 시대를 개척할 수 있는 기회가 될 수 있도록 21대 국회의 마지막 한 해를 이끌겠다""고 약속했다. 특히 정 부의장은 ""일신의 안락보다 공동체를, 정쟁보다 민생을, 지역주의보다 국민통합을 실천해야 할 때"" 라며 협치의 제도화, 지방균형발전 등을 핵심 과제로 제시했다.   김영주 부의장은 국민들을 향해 ""힘과 용기를 뜻하는 푸른 용처럼 모든 소망을 이뤄내는 한 해 보내시길 바란다""고 말했다. 김 부의장은 ""고물가와 경기 침체가 이어지면서 국민의 시름은깊어 가고, 나라 안팎으로도 수많은 위기에 직면해 있다""며 ""어려운 때일수록 정치의 역할이 중요하므로 새해에도 오로지 국민과주민 여러분의 민생을 회복하는 일에 전념하겠다""고 밝혔다.   한동훈 국민의힘 비상대책위원장은 당의 변화에 방점을 찍었다. 한 비대위원장은 ""지난해보다 나은 올해가 되도록, 저와 국민의힘이 한발 앞서 부지런히 준비하고 실천하겠다""고 강조했다. 특히 한 위원장은 ""국민의힘은 결연한 의지를 가지고 미래를 위해 할 일을 하겠다""며 ""무기력 속에 안주하거나, 계산하고 몸 사리지 않겠다""고 강조했다. 또 그는 ""국민의 비판을 경청하며 즉시 반응하고 바꿔나가겠다""면서 ""동료시민과 함께 공동체를 지키고 미래를 준비해 나가겠다""고 공언했다.   이재명 더불어민주당 대표는 ""국민 삶을 지키기 위해 민주당은 어느 때보다 크고 단단한 하나가 되겠다""고 밝혔다. 이 대표는 윤석열 정부의 국정운영을 비판하는 한편 ""저 이재명과 민주당이 가진것은 오직 절박함과 절실함 뿐""이라며 ""오늘의 절망이 내일의 희망이 될 수 있도록 반드시 (총선에서) 승리하겠다""고 약속했다.   오세훈 서울시장은 ""새해에도 어려운 곳을 세심하게 살피고 천만시민의 마음을 모아 동행·매력특별시 서울을실현하고 더 안전한 서울을 만들기 위해 노력하겠다""고 밝혔다. 이준석 전 국민의힘 대표는 ""개혁신당의 도전이 시민 모두의 도전이 될 수 있도록 뜻을 모아달라""고 밝혔다. 김현기 서울시의회 의장은 ""선우후락(先憂後樂)의 자세로 근심할 일은 시민 여러분보다 먼저 근심해 대비하겠다""고 약속했다.    stand@fnnews.com 서지윤 기자   [파이낸셜뉴스 주요뉴스]  → 100억대 위약금에 유서 쓴 이선균, 아내 전혜진에 남긴 말은... → ""혼전순결 강조하며 성관계 안한 남편, 알고 보니..."" 반전 사연 → 정대세의 폭탄 고백 ""아내와 결혼 10년 만에 이혼을..."" → 10살 연하와 결혼한 女배우 고백 ""남편이 계좌번호를..."" → 전남 광양 앞바다서 40대男 숨진 채 발견, 시신 살펴보니 → 주식 말고 다른 재테크가 궁금해? [파인애플]  ▶▶[무료공개]◀◀ 지금 ""1,000만원""만 있어도 당장 ""이것""부터 사라!! >>> (무료 체험)    ※ 저작권자 ⓒ 파이낸셜뉴스. 무단 전재-재배포 금지 "
201,1,"2024-01-01","18:29:58","세종서 밭일하던 60대, 야생 멧돼지에 중상…포획단이 사살(종합)","세종서 밭일하던 60대, 야생 멧돼지에 중상…포획단이 사살(종합)       (세종=연합뉴스) 정찬욱 기자 = 1일 오전 9시 30분께 세종시 전동면 청람리에서 60대 남성이 야생 멧돼지에게 공격당해 중상을 입었다.    세종시 소방본부에 따르면 이 남성은 복숭아밭에서 일하던 중 갑자기 나타난 멧돼지한테서 들이받힌 뒤 물려 크게 다쳤다.      신고받고 출동한 119 구급대는 이 남성을 병원으로 옮겼다.      멧돼지는 4시간 만인 오후 1시 30분께 복숭아밭으로부터 500여ｍ 떨어진 곳에서 유해야생동물 포획단에 의해 사살됐다.      크기 160cm, 무게 200kg 정도의 수컷 성체였다.      세종시는 사고 직후 인근 주민들에게 알리고 야외활동 자제 등 안전에 주의해달라는 안내문을 발송했다.      jchu2000@yna.co.kr  (끝)     <저작권자(c) 연합뉴스, 무단 전재-재배포 금지>"
201,2,"2024-01-01","18:29:43","日원전 밀집지대 흔들…후쿠시마 공포 데자뷔","일본 서해안에 7.6 강진     원전 피해상황 아직 보고 안돼  車부품사도 몰려있어 영향 주시  3.6만가구 정전·신칸센 운행중단     [ 정영효/김리안 기자 ] 일본의 원자력 발전소가 밀집한 서부 해안 지역에서 새해 첫날부터 강진이 발생했다. 주변 지역에 지진해일(쓰나미) 경보가 발령된 가운데 한국 기상청도 동해안 일부의 해수면이 높아질 수 있다며 주의를 당부했다. 최대 원전 밀집 지역에 강진 일본 기상청은 1일 오후 4시10분께 이시카와현 노토 지역에서 규모 7.6의 지진이 발생했다고 발표했다. 노토 지역은 일본 중서부 해안에서 동해를 향해 뻗어나온 반도다. 미국 지질조사국은 지진 규모를 7.5로 추정했다. 일본 기상청은 오후 4시22분 이시카와현과 주변 지역인 야마가타현 니가타현 도야마현 후쿠이현 효고현 등에 쓰나미 경보를 발령했다.  대형 쓰나미 경보가 발령된 진앙 노토 지역에는 오후 5시께 5m 높이의 쓰나미가 도달했다. 이시카와현 주변 지역과 후쿠이현 효고현 북부도 3m 높이의 쓰나미가 도달했다. 일본 기상청은 이어 오후 5시까지 규모 4 이상의 강한 여진이 10차례 확인됐다고 추가로 발표했다. 진앙에서 가까운 이시카와현 와지마시 중심가에서는 건물이 무너지고 도로가 갈라지는 등 피해가 확인됐다.  일본 기상청의 지진 등급으로 이날 지진은 진도 7을 기록했다. 일본은 절대 강도를 의미하는 규모와 별도로 지진이 일어났을 때 해당 지역에 있는 사람의 느낌이나 주변 물체 등의 흔들림 정도를 수치로 나타낸 진도를 10개 등급으로 발표한다.  진도 7은 최고 등급으로 사람이 서 있는 것이 불가능하고 외벽이 무너지는 정도의 흔들림을 나타낸다. 2만5000여 명의 사망자와 실종자가 발생한 2011년 동일본대지진 이후 진도 7을 기록한 지진은 2016년 구마모토지진, 2018년 홋카이도지진 이후 세 번째다. 노토반도에서 300㎞ 이상 떨어진 도쿄에서도 진도 3의 흔들림이 발생했다. 고층빌딩 안의 사람들이 지진을 느낄 수 있는 강도다.  기시다 후미오 일본 총리는 지진 발생 직후 도쿄 총리관저에 위기관리센터를설치하고 구체적인 피해 상황 파악에 나섰다. 기시다 총리는 관계 부처에 “신속하게 피해 상황을 파악하고 인명을 최우선시해 피해자구조에 전력을 다해달라”고 지시했다. 3만6000가구 정전 진앙인 노토반도에는 시카원전이 있다. 2011년 후쿠시마원전 사고 이후 가동을 중단한 원전이다. 하야시 요시마사 관방장관은 긴급 기자회견을 열어 “시카원전에서는 피해 상황이 확인되지 않았다”고 밝혔다. 일본 최대 전력회사인 도쿄전력 등도 “관내 원전 상황을 확인 중”이라고 발표했다.  지진 규모가 워낙 커서 경제적인 피해가 불가피할 전망이다. 일본 미디어들은 피해 지역 3만6000여 가구에서 정전 피해가 발생했다고 보도했다. 지진 발생 직후 일본 최대 철도회사인 JR히가시니혼은 도호쿠, 조에쓰, 호쿠리쿠 등 지진 발생지역의 신칸센 운행을 전면 중단했다.  이시카와현 남쪽 지역인 후쿠이현은 1970년 일본 최초로 상업용 원전이 가동된 이후 15기의 원전이 있는 일본 최대 원전 지역이다. 간사이지역 전력의 50%를 후쿠이현이 공급한다.  북부인 니가타는 자동차 부품회사가 밀집한 지역이다. 2007년 니가타지진으로 자동차 부품회사들이 피해를 입으면서 일본의 모든 자동차 공장이 멈추기도 했다. 이 때문에 12만 대의생산손실이 발생했다.  한국 기상청은 이날 오후 4시께 일본에서 발생한 강진으로 동해안 일부에 지진해일이 도달해 해수면이 높아질 수 있다고 주의를 당부했다. 해일의 최대 높이는 0.5ｍ 미만일 것으로 예상했다.  기상청은 “지진해일의 높이는 조석 차이를 감안하지 않기 때문에 해안에 도달한 후 점차 높아질 수 있다”고 설명했다.  도쿄=정영효 특파원/김리안 기자    관련기사 한국 기술에 日 '러브콜'…2500억 잭팟 터졌다 연봉 3000 만원 직장인…100억대 자산가 된 비결 길 하나 건넜더니…""붕어빵 한 개에 4000원?"" 음료 2잔이 230만원…관광지 '바가지'에 발칵 환자인데 생존률 100%…논란의 '암' 뭐길래    ⓒ 한국경제 & hankyung.com, 무단전재 및 재배포 금지"
201,3,"2024-01-01","18:29:36","여수해경서장, 경비함정 탑승 해맞이 현장 지휘","해돋이 안전사고 없어   고민관 여수해경 서장이 경비함정에 탑승해 해맞이 현장을 둘러보고 있다. [해경 제공]  [헤럴드경제(여수)=박대성 기자] 새해 첫 날인 1일 오전 고민관 여수해경 서장이 여수신항 경비함정 전용부두에서 경비함정(508함)에탑승해 해맞이 행사 안전관리 현장 지휘와 함께 긴급 구조 대응 태세 등을 점검했다.  고 서장은 해맞이 행사에 동원된 현장 경찰관과경비함정 승조원들을 격려했으며, 철저한 안전관리로 연안과 해양 사고가 발생하지 않도록 최선을 다해달라고 당부했고, 다행히 안전사고가발생하지 않았다.   해경은 경비함정 9척을 행사 주요 해상에 집중적으로 배치하고 선상 해맞이 행사에 동원된 유람선에는 경찰관들이직접 탑승해 해상추락 등 안전사고를 예방했다.  또한, 연안 사고 예방을 위해 해맞이 주요 방파제, 갯바위 등 취약지역의 순찰을 강화하고 비상 대응 및 즉응태세를 유지해 연안해역 안전 확보에 총력을 기울였다.  고민관 여수해양경찰서장은 “바닷가를 찾은 관광객이 안전하게 즐길 수 있는 바다를 만드는 데 최선을 다하겠다“고 말했다.        ▶ 무조건 오르는 비공개 급등종목 ""반드시"" 확인하기 >> 오늘의 추천종목 정보 제공 받기 <<    ▶ 급등 임박! 반드시 상승할 ""유망 종목 TOP3"" 실시간 시세 확인하기 >> 종목 무료로 받아보기 <<    ▶ 비트코인 와르르 大폭락에 OO테마주 들썩, 상위 1% TF팀 >> 선착순 100명 급등 종목 무료제공 <<     ▶ 내 계좌 '5억'만들기 프로젝트! VIP 서비스 5일 무.료.체.험 EVENT >>보유 종목 무료분석<<        ▶ 상위 1%의 급등주 정보, 선착순 100명에게 무료로 제공 중… >>초대형 대장주 비밀리에 입수<<       ▶ 단 돈 ""만 원"" 있어도 10배 이상 터질 종목 ""지금"" 사도 무조건 터진다 >> 매일 VIP 무료추천주 <<       ▶ 아무도 몰랐던 급상승 ""VIP 히든종목"" 분석자료 선착순 무료제공!! >>최상위종목 ""시세"" 확인하기<<"
201,4,"2024-01-01","18:29:23","""나라에 1억 벌어준 나, 애국자""…불법주차 2827건 신고 인증","[머니투데이 정경훈 기자]   2800여건의 불법주정차 신고를 한 누리꾼의 인증 글이 온라인상에서 높은 관심을 받고 있다.    '뉴스1'에 따르면 한 온라인 커뮤니티에는 1일 '나라에 1억 넘게 벌어줬다. 나 애국자 아니냐?'라는 제목의 글이 올라왔다.   글쓴이 A씨는 안전신문고 앱을 이용해 지난해부터 이날까지 1년 간 신고한 내역을 공개했다. 신고처리현황에 따르면 A씨는 불법주정차를 2827번에 달하는 불법주정차 신고를 했다. 답변이 완료된 신고는 2815건이며, 12건은 취하된 상태였다. 대부분 인도나 횡단보도 불법주차 사건이었다.   A씨는 ""1억원 넘게 세금을 내줬는데, 나같이 착한 사람이 또 어디 있느냐""고 했다.   승용차를 일반 주정차 금지구역에 주차했을 경우 물어야 하는 과태료는 4만원이다. 단속특별구역이나 어린이 보호구역일 경우 8~12만원이다. 4만원을 기준으로 삼으면, A씨 신고로 각 건에 부과된 총과태료는 1억1260만원에 해당한다.   누리꾼들은 댓글을 통해 ""1%만 줘라"", ""1%만 줘도 전국민이 나서거나 불법주정차나 불법이 좀 줄어들 것 같다"", "" 저 정도면 누가 표창장을 줘야 한다"" 등의 반응을 보였다.   불법주차는 안전신문고 앱이나 지자체 또는 다산 콜센터를 통해 신고하면 된다. 신고를 위해서는 차량 번호판과 위반 장소, 시간이 확인돼야한다. 과태료 부과 조건을 모두 만족하는 2장의 사진이 필요하다. 신고포상금은 따로 없다.     [관련기사] ☞ 박민영 전 남친 논란에... ""내내 후회, 정신과 검사서 위험신호"" ☞ 故이선균 협박녀 얼굴 공개됐다…""95년생 미혼모"" 신상공개한 유튜버 ☞ 전현무도 감출 수 없었다…10기 정숙 데이트신청에 '울상' ☞ 프로파일러 배상훈 ""시신 트라우마... 집에 칼 없고 가구 문 다 열어"" ☞ 가수는 갔지만 노래는 남아, 천국서 히트한 '내 눈물 모아'[뉴스속오늘]   정경훈 기자 straight@mt.co.kr     키워드림론 최대 4배 주식자금 & 고금리 대환상품 한도 오픈! (1644-6960)   [무료운세] 믿어야 돼 말아야 돼? 종목매수전에 믿고보는 '오늘의 운세'        [파워 인터뷰]       매수전에 점 부터 보고 가실께요 -> 오늘의 운세 [복채무료]      ⓒ 머니투데이 & mt.co.kr, 무단 전재 및 재배포 금지"
201,5,"2024-01-01","18:29:10","외교부 ""日강진 한국인 피해여부 확인중…현재까진 접수 없어""","외교부 ""日강진 한국인 피해여부 확인중…현재까진 접수 없어""       (서울=연합뉴스) 김효정 기자 = 외교부는 1일 오후 일본 서부 이시카와현 앞바다에서 발생한 강진과 이에 따른 쓰나미로 한국인 피해가있는지 확인 중이라고 밝혔다.      외교부 당국자는 이날 ""우리 국민의 피해 여부는 확인 중이며 지금까지는 접수된 바 없다""고 말했다.      그는 ""현지 공관은 지진 상황을 지속해서 모니터링하는 한편, 필요시 우리 국민에 대한 영사조력을 제공할 예정""이라고 덧붙였다.      일본 내에서 니가타·이시카와·도야마·나가노 4개 현을 관할하는 주 니가타 총영사관 등 현지 공관에서 교민 비상연락망을 가동해 피해 여부를 계속 확인하고 있는 것으로 전해졌다.      한국인 교민은 진앙과 가까운 지역인 이시카와현에 1천200여명, 도야마현에 800여명 등이 각각 거주하는 것으로 알려졌다.      주 니가타 총영사관은 페이스북을 통해 ""영사조력이 필요하신 분은 알려달라""며 공관 긴급전화(090-8873-8853)와 영사콜센터(+82-2-3210-0404) 번호를 안내했다.      외교부는 또 일본에 체류하는 우리 국민의 로밍 휴대전화로 안전공지 문자를 발송했다.      일본 기상청에 따르면 이날 오후 4시 10분께 일본 이시카와현 노토(能登)반도 지역에서 추정 규모 최대 7.6의 지진이 발생했다.      이에 따라 이사카와현을 중심으로 일본 서북부 연안 다수 지역에 쓰나미 경보가 발령됐다.       kimhyoj@yna.co.kr  (끝)     <저작권자(c) 연합뉴스, 무단 전재-재배포 금지>"
201,6,"2024-01-01","18:28:56","위기 경고 없었다… 신평사, 신용등급 '뒷북' 대응","대유플러스 이어 태영건설도 워크아웃 신청하자 신용 강등   국내 신용평가사들의 '몸 사리기'가 도마 위에 올랐다. 신평사들은 태영건설이 워크아웃 신청을 하기 직전까지도 신용등급 A를 유지한 것으로 나타났다. 10년 전 동양 사태부터 논란이 돼온 '뒷북' 평가가 여전하다는 지적이다.   1일 금융투자업계에 따르면 한국기업평가, 한국신용평가, 나이스신용평가 등은 태영건설이 워크아웃을 신청한 당일(2023년 12월 28일)에도 A-등급을 유지했다. 워크아웃 소식이 알려진 뒤에야 다급하게 10단계 아래인 CCC등급으로 낮췄다. 그간 시장에서는 태영건설의 워크아웃 신청 가능성이 수차례 제기됐었다. 주요 계열사를 매각하는 등 대응에 총력을 기울였음에도 자금 상황 등을 감안할 때 역부족이라는 평가가 대세를 이뤘기 때문이다. 돌아오는 차입금 만기가 결정적 계기가 될 수 있다는 관측이나왔으나 신평사들은 A-등급을 유지하면서 등급 하향검토 대상에 올려둔 것이 전부였다.   태영건설 사례 뿐만 아니다. 대유위니아그룹 계열사에 대한 대응도 마찬가지였다. 앞서 대유플러스의 신용등급은 지난해 9월 말 BB0등급에서 D등급으로 추락한 바 있다. 2022년 3 월 발행한 신수인수권부사채(BW) 조기상환청구(행사비율 95%·285억원)에 대응하지 못한 탓이다. 조기상환청구액이 한 달 전에 확정됐으나 신평사들은 어떠한 경고음도 울리지 않았다. 한국기업평가는 대유플러스의 직전 등급(BB0)을 그대로 유지했다. 상황을 미리 파악하지 못했거나 등급 인플레를 안일하게 판단했다는 지적이 나온다. 결국 대유플러스는 조기상환일(9월 24일) 다음날 기업회생절차 개시를 신청했다. 신평사들은 이틀이 지난 같은 달 27일에서야 대유위니아그룹 계열사의 신용등급을 줄줄이 하향 조정했다.   나이스신용평가사는대유플러스가 기업회생절차 개시를 신청한 날 부랴부랴 같은 계열사 위니아의 신용등급을 BB-에서 B-로 3단계 강등하고 등급 하향검토 대상에 올렸다. 위니아는 그로부터 이틀 후(9월 27일) 부도를 맞았다.   지난 10여년 동안 동양그룹, STX그룹, 한진해운 등에 '뒷북치기' 식으로 우호적 신용등급을 내줬던 신평사들의 등급 인플레가 여전하다는 지적이 나오는 이유다. 2012년 신평사들은 동양그룹 계열사들이 법정관리를 신청하기 직전까지 우호적인 등급을 줬다가 법정관리 신청 후에야 채무불이행 상태로 강등해 비판을 받았다.   신용평가업계 관계자는 ""수년 전 한진해운 부도를 두고, 살릴 수 있는 기업을 신평사가 죽였다는 비판을 듣기도 했다""면서 ""과거 신용등급을 선제적으로 내려 기업 부도의 책임을 신평사에 묻는 경우가 있었고, 신평사들의 등급 평가는 소극적이 될 수밖에 없다""고 말했다.    khj91@fnnews.com 김현정 기자   [파이낸셜뉴스 주요뉴스]  → 100억대 위약금에 유서 쓴 이선균, 아내 전혜진에 남긴 말은... → ""혼전순결 강조하며 성관계 안한 남편, 알고 보니..."" 반전 사연 → 정대세의 폭탄 고백 ""아내와 결혼 10년 만에 이혼을..."" → 10살 연하와 결혼한 女배우 고백 ""남편이 계좌번호를..."" → 전남 광양 앞바다서 40대男 숨진 채 발견, 시신 살펴보니 → '주린이'가 먹어야 할 과일은? [파인애플]  ▶▶[무료공개]◀◀ 지금 ""1,000만원""만 있어도 당장 ""이것""부터 사라!! >>> (무료 체험)    ※ 저작권자ⓒ 파이낸셜뉴스. 무단 전재-재배포 금지 "
201,7,"2024-01-01","18:28:53","2차전지 인버스 ETF, 상장 첫날 주가로... 개미들 877억 순매수했지만 결국 손실","2차전지 인버스 상장지수펀드(ETF) 주가가 상장 첫날(2023년 9월 12일) 수준으로 내려왔다. 개인 투자자들이 뭉칫돈을 쏟아부었으나 시장수익률에 미치지 못하는 성과를 낸 것이다.   1일 한국거래소에 따르면 'KBSTAR 2차전지TOP10인버스(합성)'는 2023년을 2만1550원에마감했다. 상장 첫날(2만1070원)과 비슷한 수준으로 돌아온 것이다.   해당 ETF는 'iSelect 2차전지 TOP10 지수' 일간수익률의 -1배를 추종한다. 2차전지 관련주의 거품이 빠지는 시기에 상장, 개인 투자자들의 눈총을 받기도 했다.   반면, 2차전지의 하락에베팅하는 투자자들은 매수세를 나타냈다. 상장 이후 877억원의 개인 순매수가 유입됐고, 외국인도 119억원어치를 사들였다. 특히 2차전지 관련주의 급락세가 나타난 지난해 11월 1일 인버스 ETF의 가격은 2만8720원까지 오르기도 했다.   하지만 정부의 전격적인 공매도전면 금지 조치 이후 상황이 반전됐다. 공매도 금지 첫날 주가는 23.09% 급락했다. 이후 '반짝' 반등했으나 다시 하락세가 이어졌다.   특히 12월 들어 대주주 양도세 기준이 완화되면서 2차전지 관련주가 상승세로 돌아섰고, 인버스 ETF의 하락세는 더욱 깊어졌다. 결과적으로 개인들의 순매수 대부분이 손실권에 들어섰다.   2차전지 주가 등락과 연동하는 ETF들의 수익률도 좋지 않다. 인버스 ETF가상장한 이후 이후 지난해 연말까지 'KODEX 2차전지산업 ETF' -11.82%, 'TIGER 2차전지테마' -10.56%, 'KODEX 이차전지핵심소재10fn' -9.35%, 'TIGER 2차전지TOP10' -12.71%의 수익률을 각각 기록하고 있다.   지난해 9월 이후 2차전지와 연동되는 ETF에 투자한 경우 모두가 손실을 보고 있는 셈이다.   금융투자업계 관계자는 ""올해는 수요 부진·미국 대선 등 글로벌 변수로 2차전지 관련주의 박스권 장세가 예상된다""면서 ""박스권 등락이 이어질 경우 ETF 수익률에도 영향을 줄 수밖에 없다""고 말했다.    cynical73@fnnews.com 김병덕 기자   [파이낸셜뉴스 주요뉴스]  → 100억대 위약금에 유서 쓴 이선균, 아내 전혜진에 남긴 말은... → ""혼전순결 강조하며 성관계 안한 남편, 알고 보니..."" 반전 사연 → 정대세의 폭탄 고백 ""아내와 결혼 10년 만에 이혼을..."" → 10살 연하와 결혼한 女배우 고백 ""남편이 계좌번호를..."" → 전남 광양 앞바다서 40대男 숨진 채 발견, 시신 살펴보니 → 주식 말고 다른 재테크가 궁금해? [파인애플]  ▶▶[무료공개]◀◀ 지금 ""1,000만원""만 있어도 당장 ""이것""부터 사라!! >>> (무료 체험)    ※ 저작권자 ⓒ 파이낸셜뉴스. 무단 전재-재배포 금지 "
202,1,"2024-01-01","18:18:38","""주택 무너지듯 분진 솟아올라""…일본 흔든 규모 7.6 지진","[머니투데이 윤세미 기자] 한국의 동해를 바라보는 일본 중북부 지역에서 새해 첫날인 1일 규모 7.6의 지진이 발생했다. 이번 지진으로 국내에도 영향이 있었으며, 일본 기상청도 쓰나미(지진해일) 경보 및 주의보를 발령했다. 수치상 지진 규모가 크지만 피해 규모는 아직 정확히 전해지지 않았다.   NHK 등 일본 언론은 이날 오후 4시10분경 이시카와현 노토 지방에서 지진이 발생했다고 보도했다. 지진 규모는 당초 7.4로 알려졌으나 이후 7.6으로 수정됐다. 미국 지질조사국(USGS)은 규모를 7.5로 측정했다. NHK는 이번 지진 진원의 깊이를 '매우 얕은'으로 표시했고 USGS는 10km로 분석했다. 이시카와현 시가정에선진도(각 지역에서 느끼는 지진의 크기) 7이, 이시카와현 나나오시, 와지마시, 주슈시, 아나미즈정 등에선 진도 6이 관측됐다.   이날 앞서 이 지역에서는 오후 4시 6분에 규모 5.7의 지진이 발생했고, 4시 10분 대형 지진 이후에도 18분 규모 6.1 등 규모 4가 넘는 여진이 여러 차례 이어졌다.   로이터에 따르면 하야시 요시마사 관방장관은 이날 오후 긴급 기자회견을 열고 ""당국이 피해 규모를 확인 중""이라면서 주민들에게추가 지진 가능성에 대비할 것을 경고했다.   NHK는 지진 발생 지역인 이시카와 현 주슈시의 한 건물 옥상에 설치한 자사 카메라에 주택이 무너지는 것으로 보이는 영상이 찍혔다고 보도했다. 또 보도에 따르면 아키타 신칸센, 조에쓰 신칸센, 호쿠리쿠 신칸센 등은 운행을 멈췄고, 도쿄역~오다와라역 사이 신칸센 상하행선도 운행 정지 상태다. 도야마 현 등 지진 영향이 큰 지역의 주요 도로역시 통행이 금지됐다. 니가타 현 내에 주택 약 3600호가 정전됐으며, 이시카와 현에서는 수도관 파열 신고가 있었다.   X(옛 트위터)에는 이날 지진 상황을 전하는 글과 사진, 영상 등이계속 올라오고 있다. 한 소매점 이용자는 진열된 제품들이 바닥에 쏟아진 상황을 영상으로 공개하기도 했다.   일본 기상청은 지진 직후 이시카와현, 니가타현, 도야마현의 해안 지역에 쓰나미 경보를 발령했다. 이시카와현 노토 지방엔 예상 높이 5m 쓰나미 경보를, 니가타현과 도야마현, 야마가타현, 이시카와현 일부 지역엔 예상 높이 3m 쓰나미 경보를 내리고 대피를 지시했다.   이날 일본의 지진은 발생지가 한국의 동해를 바라보고 있어 국내에도 영향이 있었다. 한국 기상청에 따르면 이날 지진은 국내 일부 지역에서도 감지됐으며, 오후 6시 30분께부터 강릉, 양양 등 동해 지역에는 지진에 따른 해일 가능성이 예고됐다.     [관련기사] ☞ 박민영 전 남친 논란에... ""내내 후회, 정신과 검사서 위험신호"" ☞ 故이선균 협박녀 얼굴 공개됐다…""95년생 미혼모"" 신상공개한 유튜버 ☞ 전현무도 감출 수 없었다…10기 정숙 데이트신청에 '울상' ☞ 프로파일러 배상훈 ""시신 트라우마... 집에 칼 없고 가구 문 다 열어"" ☞ 가수는 갔지만 노래는 남아, 천국서 히트한 '내 눈물 모아'[뉴스속오늘]   윤세미 기자 spring3@mt.co.kr     키워드림론 최대 4배 주식자금 & 고금리 대환상품 한도 오픈! (1644-6960)   [무료운세] 믿어야 돼 말아야 돼? 종목매수전에 믿고보는 '오늘의 운세'        [파워 인터뷰]       매수전에 점 부터 보고 가실께요 -> 오늘의 운세 [복채무료]      ⓒ 머니투데이 & mt.co.kr, 무단 전재 및 재배포 금지"
202,2,"2024-01-01","18:18:29","1일 0시 3.15kg으로…새해 첫둥이는 12년 난임 부부 아들","나에게 맞는 종목추천 AI알고리즘을 찾고 싶다면? 한경 로그인만 하면 1개월 무료 체험가능     1일 0시에 3.15㎏로 태어난 '아홍이'      [ 남정민 기자 ]  1일 0시, 서울 역삼동 강남차여성병원에서 임아연 씨(38)가 제왕절개로 3.15㎏의 아들을 출산했다. 엄마 임씨와 아빠 이주홍 씨(44)는 결혼 12년 만에 난임을 극복하고 2024년 새해 첫둥이인 아홍이(태명·사진)를 낳았다. 임씨와 이씨는 “난임으로고생하는 부부들을 위해 국가적인 관심과 정책이 늘어나면 좋겠다”며 “많은 난임부부를 진심으로 응원한다”고 말했다. 주치의인 차동현 강남차여성병원장은 “저출산이 심해지는 상황에서 소중하고 귀한 아기 탄생을 함께할 수 있어 뜻깊었다”며 “생명의 소중함을 나누는 새해 첫날이 되기를 바란다”고 했다.  남정민 기자     ▶▶[급등종목]◀◀ 지금 ""1,000만원""만 있다면 당장 ""이것"" 매수해라!! >>> (무료공개)  >> ★무료카톡방★ 이제 추천주 ""무료""로 받으세요! ★무료카톡방★  ▶▶ 월0.2%대 최저금리 X 주식자금 4배 X 100%집중투자 => 부자네스탁론  [단기에 부자가 되는 방법] 상위 1%만의 강의 무료 제공 중 (pw:4560)  나에게 맞는 종목추천 AI알고리즘을 찾고 싶다면? 한경 로그인만 하면 1 개월 무료 체험가능  [오늘의 이슈] 급등임박! 올해 반드시 상승할 ""실시간 TOP3"" 확인하세요! ▶▶ 무료 클릭!                관련기사 한국 기술에 日 '러브콜'…2500억 잭팟 터졌다 연봉 3000만원 직장인…100억대 자산가 된 비결 길 하나 건넜더니…""붕어빵 한 개에 4000원?"" 음료 2잔이 230만원…관광지 '바가지'에 발칵 환자인데 생존률 100%…논란의 '암' 뭐길래    ⓒ 한국경제 & hankyung.com, 무단전재 및 재배포 금지"
202,3,"2024-01-01","18:18:07","LGU+ 탄소배출 저감 앞장... 네트워크 장비 친환경 포장","LG유플러스 직원이 새로 도입한 네트워크 장비 친환경 포장재를 소개하고 있다. LG유플러스 제공 LG유플러스는 네트워크 장비에 친환경 포장재를 도입하거나 제품설명서를 QR코드로 대체하는 등 탄소배출 저감을 위한 ESG(환경·사회·지배구조) 경영을 추진한다.   1일 LG유플러스에 따르면 올해부터 공급사와 협력해 네트워크 운영 과정에서의 에너지 절감 활동을 비롯 친환경 네트워크 장비 포장재를 도입한다. 중계기 등 무선접속망 장비 포장에 종이로만든 완충재와 끈을 사용한다. 종이 완충재는 100% 재활요잉 가능하며, 장비를 보호할 수 있는 최소한의 부피로 제작한다. 유선 가입자망 장비인 L2 스위치, L3 스위치, 광모뎀(ONT) 등에도 기존 폴리에틸렌 폼을 공기주머니와 종이로 대체한다. 가정 내 설치하는 광모뎀의 경우, 종이에 출력한 제품설명서를 없앴다.    jhyuk@fnnews.com 김준혁 기자   [파이낸셜뉴스 주요뉴스]  → 100억대 위약금에 유서 쓴 이선균, 아내 전혜진에 남긴 말은... → ""혼전순결 강조하며 성관계 안한 남편, 알고 보니..."" 반전 사연 → 정대세의 폭탄 고백 ""아내와 결혼 10년 만에 이혼을..."" → 10살 연하와 결혼한 女배우 고백 ""남편이 계좌번호를..."" → 전남 광양 앞바다서 40대男 숨진 채 발견, 시신 살펴보니 → 주식으로 속이 답답할 때 [파인애플]  ▶▶[무료공개]◀◀ 지금 ""1,000만원""만 있어도 당장 ""이것""부터 사라!! >>> (무료 체험)    ※ 저작권자 ⓒ 파이낸셜뉴스. 무단 전재-재배포 금지 "
202,4,"2024-01-01","18:18:02","취약층 희망 메신저 '우본’…""국민체감 우편 서비스 확대""","복지등기 배달·폐의약품 회수 등 작년 범부처 적극행정 ‘최우수상’ 지자체와 서비스 지역 확대 맞손      과학기술정보통신부 우정사업본부가 지난해 본격적으로 착수한 공적가치 제고 활동이 범부처 적극행정 최우수상을 수상하는 등 성과를 거뒀다. 복지등기우편 서비스, 폐의약품 수거 등의 활동을 펼친 우본은 올해도 이 같은 행정 사례를 발굴, 확대하는 데 집중할 계획이다.   1일 과기정통부 우본에 따르면 지난해 4월부터 우본이 본격 시행한 복지등기우편 서비스와 같은해 1월부터 시작한 폐의약품 회수 서비스는 각각 범부처 '2023년 적극행정 우수사례' 장려상과 최우수상을 수상했다. 복지등기우편은 집배원이 단전·단수 등으로 위기가 의심되는 가구에복지 정보를 배달하면서 생활실태를 파악하고, 해당 정보를 지자체에게 전달해 알리는 활동이다. 지자체 필요 가구를 판단해 복지서비스와 연계했다.   2022년 7월부터 지난해 3월까지 시범운영 기간 동안 해당 서비스는 공공서비스 719개 가구, 민간서비스 443개 가구 등총 1162개 가구에 복지서비스를 지원했다. 본 사업이 시행된 지난해 4월부터는 60개(2023년 11월 기준) 지자체와 협약을 완료, 총 3만8369가구에 복지등기를 배달하고, 8182가구에 복지서비스를 연계했다.   우본은 복지 사각지대 해소를 위한 복지등기서비스 시행 이후건설근로자 퇴직공제금 지급신청 지원 서비스, 국가보훈대상자 복지위기가구 발굴 서비스, 가스안전 복지등기 우편서비스, 6·25 정전70주년 참전용사 제복배송 등 다양한 소외우려계층에 대한 복지등기서비스를 확대해 시행하고 있다. 우본은 향후 지자체와 협력을 강화해 복지등기우편 서비스 제공 지역을 확대할 계획이다.   적극행정 최우수상을 수상한 폐의약품 회수 서비스는 우편서비스를 활용해 폐의약품을 회수하고 지자체를 통해 해당 폐의약품을 안전하게 폐기 처리하는 활동이다. 무단 투기 시 환경문제를 야기하고 처리가 까다로운 폐의약품에 대한 회수율을 높이고 안전하게 처리하기 위해 고안한 행정 서비스다. 우본이 지난해 1월부터 서비스를 시작한 이후 월별 폐의약품수거량(세종시 기준)은 2022년 대비 121% 증가했다. 지난해 1~11월 서울, 세종, 나주시에서 수거한 폐의약품은 총 1만7000개 이상이었다.   우본은 폐의약품 회수 서비스를 올해 본격적으로 운영하는 데 맞춰 협력 지자체를 확대할 방침이다. 조해근 우정사업본부장은 ""앞으로도 국민과 지역사회를 위한 복지등기·폐의약품 회수 우편서비스가 확대될 수 있도록 최선을 다할 계획""이라며 ""공적 가치를 충실히 수행해 국민과 함께 새롭게 거듭나는 대한민국 우정을 구현하겠다""고 전했다.  jhyuk@fnnews.com 김준혁 기자   [파이낸셜뉴스 주요뉴스]  → 100억대 위약금에 유서 쓴 이선균, 아내 전혜진에 남긴 말은... → ""혼전순결 강조하며 성관계 안한 남편, 알고 보니..."" 반전 사연 → 정대세의 폭탄 고백 ""아내와 결혼 10년 만에 이혼을..."" → 10살 연하와결혼한 女배우 고백 ""남편이 계좌번호를..."" → 전남 광양 앞바다서 40대男 숨진 채 발견, 시신 살펴보니 → 주식으로 속이 답답할 때 [파인애플]  ▶▶[무료공개]◀◀ 지금 ""1,000만원""만 있어도 당장 ""이것""부터 사라!! >>> (무료 체험)    ※ 저작권자 ⓒ 파이낸셜뉴스. 무단 전재-재배포 금지 "
202,5,"2024-01-01","18:17:59","SKT ""20㎒ 주파수 더 달라""… 경쟁사 ""5G 격차 벌어질라"" 긴장","1년새 5G 가입자 500만명 훌쩍 SKT, 추가 할당으로 품질 향상 가입자당 주파수 활용폭 높일듯 정부 ""국민 편익 등 종합적 검토"" LGU+는 작년 주파수 추가 할당    5세대(5G) 이동통신이 가입자 수 증가, 속도·커버리지 개선 등을 중심으로 양질의 성장을 이어가고 있는 가운데 올해 초 정부의 추가 5G 주파수 할당 계획에 업계가 주목하고 있다.지난해 추가 주파수 할당이 반영된 LG유플러스가 큰 수혜를 보며 5G 품질 판도에 영향을 끼친 만큼 20㎒폭을 추가 할당을 언급해 온 SK텔레콤의 요청사항이 반영될지가 관건이다.   ■5G 가입자 500만명 이상 증가   1일 과학기술정보통신부 무선 통신버시스 통계에 따르면 지난해 10월 기준 5G 전체 가입자(회선기준) 수는 약 3216만명 이상을 기록했다. 2022년(약 2698만명) 보다 500만명 이상 증가한규모다. 같은 기간 5G 전송속도(전국단위 기준)와 커버리지도 개선됐다. SKT, KT, LG유플러스 등 이통3사 평균 5G 다운로드 속도는 전년 대비 4.8% 높아졌고, 옥외 5G 커버리지도 2배 이상 넓어졌다.   이통 3사 중에선 LG유플러스의 다운로드 속도가 전년 대비 15%가량 대폭 개선되는 등 전반적인 품질 향상을 이끌었다. 지난해 정부로부터 추가 할당받은 20㎒(3.40~3.42㎓) 주파수 영향이 컸던 것으로 분석된다. 앞서 LG유플러스는 2022년 정부로부터 추가 주파수 할당을 확정, 지난해부터 SKT와 KT에 이어 LG유플러스도 100㎒ 폭의 5G 주파수를 활용할수 있게 됐다.   ■SKT 추가 할당 여부가 관건   5G가 양적, 질적으로 팽창하면서 성숙기에 접어들었다는 평가가 나오는 가운데 정부도 올해 추가 주파수 할당 카드를 꺼내 가능성이 높아졌다. 국회예산정책처도 올해 예산 심의·의결 과정에서 ""현재수요가 제기된 5G 주파수에 대해 조속히 활용 방안을 마련하고, 방송통신발전기금 및 정보통신진흥기금의 재정 건정선을 회복해야 한다""는 부대의견을 채택하기도 했다.   과기정통부도 올해 초 주파수 종합 계획을 마련하겠다고 밝힌 바 있다. 이에 5G 1위 사업자인 SKT는 2022년부터 꾸준히 3.70~3.72㎓(20㎒폭) 대역의 추가 주파수 할당 필요성을 언급해 왔다. 해당 대역은 SKT가 현재 활용 중인 주파수(3.60~3.70㎓)의 근접 대역이다. 5G 품질 향상과 투자 활성화를 비롯 경쟁사 5G 주도권을 강화하려는 전략으로 분석된다.   지난해 10월 기준 이통3사별 5G 100㎒를 각자의 가입자 수 별로 단순 환산하면 가입자당 활용 가능 주파수는 SKT가 6.5㎐, KT는 10.4㎐, LG유플러스 14.5㎐ 순으로, LG유플러스가 가장 높다. 이통3사가 활용 중인 주파수 대역폭은 모두 같은 데 비해 5G 가입자 수는 SKT, KT, LG유플러스순으로 많기 때문이다. SKT 희망 주파수를 적용한 후 환산해도 SKT 가입자당 주파수 활용폭은 7.8㎐로 3사 중 가장 낮다.   올해 SKT에 대한 추가 할당이 이뤄질 경우 SKT 가입자들이 누릴 수 있는 5G 품질이 향상될 것으로 기대된다. 다만 한 사업자에만 120㎒폭이 허용될수 있는 점, 이로 인해 경쟁사와의 5G 경쟁 격차가 더 벌어질 수 있는 점 등은 우려사항으로 지목된다. KT와 LG유플러스도 5G 주파수 논의에있어선 예민할 수밖에 없는 이유다.   이종호 과기정통부 장관은 지난해 송년간담회에서 ""3.70~3.72㎓ 대역 20㎒폭을 늘리면통신 품질이 좋아질 가능성이 높아진다""면서도 ""국민 편익과 산업에 미치는 영향 등을 종합적으로 검토해 우리 전파 자원이 효율적으로 사용될 수 있도록 하겠다""고 언급한 바 있다.    jhyuk@fnnews.com 김준혁 기자  [파이낸셜뉴스 주요뉴스]  → 17살에 엄마가 된 여고생 ""절친과 남친을 바꿔서.."" 소름 → 100억대 위약금에 유서 쓴 이선균, 아내 전혜진에 남긴 말은... → ""혼전순결 강조하며 성관계 안한 남편, 알고 보니..."" 반전 사연 → 지팡이 짚고 휠체어 탄 노홍철의 충격적인 근황 ""결국.."" → 11년 만에 상업광고 찍은 이효리, 5개월 만에 수익이 무려.. → 한주간 지친 나에게 디저트로 [파인애플]  ▶▶[무료공개]◀◀ 지금 ""1,000만원""만 있어도 당장 ""이것""부터 사라!! >>> (무료체험)    ※ 저작권자 ⓒ 파이낸셜뉴스. 무단 전재-재배포 금지 "
202,6,"2024-01-01","18:17:55","‘반도체·배터리·디스플레이’ 원천기술 선점… 글로벌 주도권 쥔다 [2024년 과기정통부 과제 (下)초격차 기술 확보]","올 3대 주력기술에 1000억 투입 기술 고도화로 글로벌 경쟁 선도 초거대AI 등 공공 특화서비스↑ 6G·사이버보안 분야에도 350억       반도체와 이차전지, 디스플레이 등 우리나라의 3대 주력기술 분야에 과학기술정보통신부가 올해 1000억원 이상을 투입, 초격차 기술확보에 나선다. 또 세계에서 인공지능(AI)을 가장 잘하는 국가로 도약하기 위한 원천기술 선점·기업 육성·인재양성 등에도 힘쓸 계획이다. 아울러 6세대(6G) 이동통신 산업 기술개발과 사이버보안 연구개발(R&D) 사업을 통해 글로벌 기술 패권경쟁에서 주도권을 가져오겠다는 전략이다.   ■패권경쟁 선도할 기술 선점   1일 과기정통부에 따르면 올해 총 18조5625억원을 투입해 핵심 전략기술 확보에 나선다. 특히 반도체·디스플레이·이차전지 분야의 주요 사업에 1009억원, AI 분야 926억원, 사이버보안 분야 600억원 등을 투입한다.   우선 반도체 설계 효율화 및 소자 미세화 등 기존의 성능 개선 방식이 한계에 도달함에 따라 첨단 패키징 분야 핵심 기술을 개발한다.   올해 신규 사업으로 3차원(3D) 적층 패키징, 고효율·미세피치 패키징, 고방열 패키징 구조 설계·신뢰성에 관한 핵심 원천기술 개발에 5년간 총 490억원을 투자한다. 과기정통부 관계자는 ""반도체 첨단 패키징의 핵심 원천기술을 확보할 경우 반도체 미세화 한계에 대응해 복수의 칩을 하나의 패키징 기술로 처리할 수 있다""며 ""고성능·저전력·저비용을 동시에 달성할 수 있어 글로벌 반도체 패권 경쟁을 선도하는 데 기여할 것""이라고 설명했다.   또 올해 새롭게 진행하는 반도체 글로벌 첨단 팹 연계·활용사업에 25억원을 투입한다. 이 사업은 미국 NY CREATES 등 12인치기반의 첨단 반도체 팹과 국내 최대 공공 팹인 나노종합기술원의 8인치 및 12인치 시설 장비를 연계·활용, 국내외 연구자 및 기업 등이 반도체 연구개발, 소부장 테스트베드 실증, 인턴십 등을 공동으로 수행할 수 있도록 지원한다. 이를 통해 세계적 수준의 연구 시설을 공동으로 활용하고, 이를 기반으로 R&D, 성과실증, 인력교류를 촉진함으로써 글로벌 경쟁에 대응해 우리나라의 기술경쟁력을 한층 강화한다는 전략이다.   ■AI 활용하는 서비스 확산   이와 함께 '초거대 AI 플래그십 프로젝트'에 올해 383억원을 투입한다.   과기정통부는 사회·경제적 파급효과가 높은 민간 법률, 의료, 심리상담, 콘텐츠, 학술 등 5대 분야를 선정하고 초거대 AI 특화 서비스를 개발키로 했다. 과기정통부 관계자는 ""전문영역의 효율성이 향상되고 기존에 어려웠던 전문가 서비스에 대해 국민들이 쉽게 접근할 수 있도록 할 것""이라고 말했다. 또한 AI가 전방위적으로 확산되고 이를 대규모 AI 수요 창출로 연결해 초거대AI 선도에도 일조할 것으로 기대된다.   공공서비스를 AI로 혁신하는 '부처협업 기반 AI 확산'에도 240억원을 지원한다. 2022년부터 개발, 진행해 온 과제의 성능을 향상시킴은 물론 올해 새롭게 10개 과제를 추가해 공공분야의 AI융합을 확대키로 했다. 아울러 올해부터 차세대이차전지 핵심 원천기술 개발에 6년간 총 334억원을 투자한다. 이외에도 6G 산업 기술개발 사업에 150억원을 투입하고, 사이버보안펀드 200억원을 조성한다.    monarch@fnnews.com 김만기 기자   [파이낸셜뉴스 주요뉴스]  → 100억대 위약금에 유서 쓴 이선균, 아내 전혜진에 남긴 말은... → ""혼전순결 강조하며 성관계 안한 남편, 알고 보니..."" 반전 사연 → 정대세의 폭탄 고백 ""아내와 결혼 10년 만에 이혼을..."" → 10살 연하와 결혼한 女배우 고백 ""남편이 계좌번호를..."" → 전남 광양 앞바다서 40대男 숨진 채 발견, 시신 살펴보니 → '주린이'가 먹어야 할 과일은? [파인애플]  ▶▶[무료공개]◀◀ 지금 ""1,000만원""만 있어도 당장 ""이것""부터 사라!! >>> (무료 체험)    ※ 저작권자 ⓒ 파이낸셜뉴스. 무단 전재-재배포 금지 "
202,7,"2024-01-01","18:17:00","캘파인 온타리오 212MW 그린필드 에너지 센터 3 가스 발전소 폐쇄 - 온타리오 IESO","Calpine Ontario 212 MW Greenfield Energy Centre 3 gas power plant shut - Ontario IESO  1 월 1일 (로이터) - 온타리오 주 온타리오 212MW 그린 필드 에너지 센터 3 가스 발전소가 폐쇄되었다고 온타리오 IESO는 월요일에 발표했습니다.((북미 전력 데스크: 휴스턴 +1 713 210 8522, 뉴욕 +646 223 6072, 벵갈루루 +91 80 6749 1298))).        키워드: 유틸리티-온타리오에소/   원문 바로가기    DISCLAIMER  레피니티브의 사전, 서면 승인 없는 톰슨로이터 콘텐츠의 재생산이나 재배포는 금지되어 있습니다. 이 기사의 한국어 번역은 에프앤가이드가 사용하는 기계적 번역에 의한 것으로 톰슨로이터와 레피니티브는 번역의 정확성을 보증하지 않습니다."
203,1,"2024-01-01","18:10:01","이스탄불 소매 물가는 12 월에 3.52 % / 월 상승 - 챔버","Istanbul retail prices rise 3.52% m/m in December - chamber  이스탄불, 1월 1일 (로이터) - 터키 최대 도시 이스탄불의 12월 소매 물가가 전월 대비 3.52% 상승하여 연간 74.88% 상승했다고 이스탄불 상공회의소(ITO)가 월요일 발표했습니다.  터키 인구 8,500만 명의 약 5분의 1이 거주하는 이 도시의 도매 물가는 같은기간 전월 대비 2.31% 상승해 연간 62.77% 상승했다고 ITO는 밝혔다.     (Reporting by Azra Ceylan; Writing by Jonathan Spicer; Editing by Jan Harvey)  jonathan.spicer@reuters.com     (c) Copyright Thomson Reuters 2020. Click For Restrictions - https://agency.reuters.com/en/copyright.html        Keywords: TURKEY-ECONOMY/INFLATION (URGENT)   원문 바로가기    DISCLAIMER  레피니티브의 사전, 서면 승인 없는 톰슨로이터 콘텐츠의 재생산이나 재배포는 금지되어 있습니다. 이 기사의 한국어 번역은 에프앤가이드가 사용하는 기계적 번역에 의한 것으로 톰슨로이터와 레피니티브는 번역의 정확성을 보증하지 않습니다."
203,2,"2024-01-01","18:09:51","日 새해 첫날 7.6 강진…최대 높이 5m 쓰나미 덮쳐(종합)","- 이시카와현 노토가 진원지…""서 있기 힘들 정도"" - 정전·건물 붕괴 피해…원전은 이상 없어 - 기시다 ""한시라도 빨리 피난해달라""    2024년 신년운세 토정비결 사주 확인!  [이데일리 박종화 기자] 새해 첫날 규모 7이 넘는 강진이 일본 중북부를 덮쳤다.     1일 일본 이시카와현에서 발생한 규모 7.6 지진으로 이시카와현 와지마시 지표면에 금이 가 있다.(사진=AFP)    1일 아사히신문 등에 따르면 이날 오후 4시 10분 일본 이시카와현 노토 지역을 진원지로 하는 규모 7.6 강진이 발생했다. 이날 지진은 동해를 끼고 있는 일본 중북부 대부분 지역에서 감지됐다. 이시카와현에선 진도 7, 니가타현과 도야마현에선 각각 진도 6, 진도 5의 흔들림이 감지됐다. 이시카와현 현청 관계자는 건물이 30초간 옆으로 크게 흔들려 서 있기 힘들 정도라고 아사히신문에 말했다.  이례적인 강진에 쓰나미도 해안가를 덮쳤다. 노토 지역에선 이미 높이 5m에 이르는 쓰나미가 발생했다. 니가타현, 도야마현, 후쿠이현 등 주변 지역에서도 최대 높이 3m에 이르는 쓰나미에 대비해 쓰나미 경보가 발령됐다.  구체적인 인적·물적 피해는 아직 확인되지 않았다. 다만 이시카와현에선 지진으로 일부 건물이 무너져 내렸다. 아시카와현 와지마시 시청 경비담당자는 “사무실 내에 선반이란 선반이 다 넘어졌다”며 “건물 자체는 크게 부서지지 않았지만 시청 앞이 내려 앉았고 무너진 건물도 보인다”고 NHK에 전했다. 이시카와현과 도야마현에선 3만 6000가구에 대한 전력 공급이 중단됐다.  일본 원자력규제청과 간사이전력 등은 이시카와현 등 지진 피해 지역에 있는 원자력발전소엔 피해가 없다고 밝혔다. 사고 지역을 지나는 철도 중 호쿠리쿠·조에츠 신칸센은 운행을 멈춘 상태다.  일본 정부는 총리실 산하에 대책실을 설치하고 상황 파악과 대책 마련에 나섰다. 기시다 후미오 일본 총리는 “쓰나미가 예상되는 지역에선 한시라도 빠른 피난할 것을 부탁한다”고 밝히며 관계기관에 철저한 정보 제공·부패 방지와 피해자 구조를 지시했다. 일본 정부 대변인인 하야시 요시마사 관방장관은 “지자체와 긴밀히 연계해 경찰·소방·자위대·해상방위청을 중심으로 구명·구조를 최우선으로 재난 응급대책에 총력을기울이겠다”고 밝혔다.     ▶▶[무료공개]◀◀ 지금 ""1,000만원""만 있어도 당장 ""이것""부터 사라!! >>> (무료체험)  [AI분석] 이번주급등주 찾기!! ""500만원으로 20억"" 버는 종목 공개!! ▶무료로 확인가능◀     ＜ⓒ종합 경제정보 미디어 이데일리 - 무단전재 & 재배포 금지＞    "
203,3,"2024-01-01","18:09:41","""평택항 車 하루 2400대 선적, 연말까지 야근""","나에게 맞는 종목추천 AI알고리즘을 찾고 싶다면? 한경 로그인만 하면 1개월 무료 체험가능     연말연시 잊은 수출 현장     작년 車 수출 708억달러 신기록  美 IRA 대응…2차전지도 '날개'  반도체, 바닥 찍고 2개월째 증가  ""D램값 상승…中수출 회복 기대""      [ 이슬기 기자 ]  “부아앙.”  지난달 29일 경기 평택항에 있는 기아 선적 부두. 차들이 엔진 소리가 날 정도로가속해 달리다 커다란 배 앞에 일렬종대로 멈춰 섰다. 수출 선박에 차를 빨리 실을 수 있도록 하역사들이 목적지·차종별로 주차하는모습이다. 차창엔 ‘메이드 인 코리아’ 딱지가 선명했다. 여기서 수출되는 차량은 하루평균 2400여 대, 수출 지역은 147개국에 달한다고 한다.  기아 수출선적 담당자는 “저렇게 빨리 움직이지 않으면 수출 물량을 다 선적하기가 쉽지 않다”며 “바쁘게 일해도 요즘엔 워낙 수출이 많아서 토요일에도 야근이 일상”이라고 말했다. 선적 직원들은 다음날인 토요일에도 오후 9시까지 2900대의 차를 미국 동부와 유럽으로 가는 배에 실었다.  산업통상자원부가 1일 발표한 ‘2023년 12월 및 연간 수출입 동향’을 보면 수출은 완연한 회복세다. 지난달 수출액은 전년 동월 대비 5.1% 증가한 576억6000만달러였다. 지난해 10월 증가세로 전환한 데 이어 3개월째 ‘플러스’가 이어지고 있다.  특히 최근 수출 호조는 자동차가 이끌고 있다. 지난해 자동차 수출액은 전기차 등 고부가가치 차량의 인기에 힘입어 전년 대비 31.1% 증가한 708억7000만달러에 달했다. 2022년 기록한 종전 최고치인 541억달러를 1년 만에 경신했다. 북미에서 조립한 전기차에만 보조금을 주는 미국 인플레이션 감축법(IRA) 시행에도 한국 자동차 업체들이 예외적으로 보조금을 받을 수 있는 상용 리스 채널을 통해 판매량을 늘린 영향이 컸다. 또 IRA에 대응해 북미에 진출한 2차전지 업체들이 현지 공장을 본격적으로 가동하면서 양극재 등 2차전지 소재 수출도 급증했다. 이에 따라 자동차 부품을 포함한 자동차 관련 수출액은 총 938억3000만달러에 달했다. 이는 한국의 최대 수출 품목인 반도체(986억3000만달러)보다 불과 48억달러 적은 수준이다.  반도체 수출은 지난해 대부분 부진했지만 11월부터 증가세로 돌아서며 3개월 연속 ‘수출 플러스’를 뒷받침했다. 11월엔 반도체 수출 증가율이 12.9%였고 12월엔21.8%를 기록했다. 반도체 수출이 플러스로 돌아선 건 지난해 4분기 들어 감산 효과와 수요 회복에 힘입어 D램, 낸드플래시 등 메모리 반도체 가격이 상승세를 탄 덕분이다. 산업부는 “메모리 가격이 지난해 4분기부터 상승해 12월엔 반도체 수출이 지난해 월간 기준으로 최대를 기록했다”며 “모바일 제품의 메모리 장착량 증가, 인공지능(AI) 서버 투자 확대, AI PC 신규 출시 등에 따라 수급 여건 개선이기대된다”고 밝혔다.  반도체 경기가 살아나면서 중국 수출도 회복될 수 있다는 전망이 나온다. 반도체는 한국의 대중 최대수출 품목이란 점에서다. 지난달 반도체 수출은 2022년 9월 후 15개월 만에 100억달러를 돌파했다. 이에 힘입어 대중 수출은 지난달까지 5개월 연속 100억달러를 넘었다.  이슬기 기자     ▶▶[급등종목]◀◀지금 ""1,000만원""만 있다면 당장 ""이것"" 매수해라!! >>> (무료공개)  >> ★무료카톡방★ 이제추천주 ""무료""로 받으세요! ★무료카톡방★  ▶▶ 월0.2%대 최저금리 X 주식자금 4배 X 100%집중투자 => 부자네스탁론  [단기에 부자가 되는 방법] 상위 1%만의 강의 무료 제공 중 (pw:4560)  나에게 맞는 종목추천 AI알고리즘을 찾고 싶다면? 한경 로그인만 하면 1개월 무료 체험가능  [오늘의 이슈] 급등임박! 올해 반드시 상승할 ""실시간 TOP3"" 확인하세요! ▶▶ 무료 클릭!                관련기사 한국 기술에 日 '러브콜'…2500억 잭팟 터졌다 연봉 3000만원 직장인…100억대 자산가 된 비결 길 하나 건넜더니…""붕어빵 한 개에 4000원?"" 음료 2잔이 230만원…관광지 '바가지'에 발칵 환자인데 생존률 100%…논란의 '암' 뭐길래    ⓒ 한국경제 & hankyung.com, 무단전재 및 재배포 금지"
203,4,"2024-01-01","18:09:12","광복회, 독도 영토분쟁 논란에 ""신원식, 친일 역사인식서 벗어나야""","사진은 지난 2022년 10월5일 서울 영등포구 광복회 모습이다. (사진=뉴시스)     [뉴스토마토 박주용 기자] 광복회(회장 이종찬)는 1일 국방부가 지난달 말 발간한 정신전력교육 기본교재에서 독도를 '영토분쟁' 지역으로 기술해 논란이 일고 있는 것과 관련해 ""신원식 (국방부) 장관은 이번 일로 대오 반성하고 지금이라도 친일 메국적 역사인식에서 벗어나겠다는 결의를 국민에게 먼저 보여주고 장관직을 수행할 것을 촉구한다""고 밝혔습니다.     광복회는 이날 성명을 통해 ""국방장관의 가장 큰 임무는 국토수호인데 기본적인 자세조차 망각해서 국민들의 공분을 사고 있다""며 이같이 전했습니다.     광복회는 ""국방부 장관의 자세에 대해 우려한다""고 밝혔습니다. 이어 ""윤석열 대통령이 잘못을 질책하자 그제서야 서둘러 교재를 전량 회수하는 소동을 벌인 점""이라며 ""다시 말해서 지금도 장관은 독도가 분쟁지역이라 믿는데 대통령의 질책으로 겉치레로 수정할 뿐이라고 우리는 인식한다. 장관은 독도문제에 대하여 자신의 명확한 입장을 분명히 밝히라""고 촉구햇습니다.     광복회는 또 ""이번에 물의를 일으킨 독도 분쟁지역론은 단순한 실수가 아니다""라며 ""신 장관은 그동안 '1948년 이전에 우리는 나라가 없었고일본 신민이었다'는 건국론에 편승, 일본에 대한 매우 편향적 시각을 가져왔다""고 밝혔습니다. 그러면서 ""이번 파동은 우연히 일어난 실수가 아니라 장관의 입장에서 보면 독도는 일본에게 내주어도 좋다는 그런 인식과 역사관에서 나온 당연한 결과""라고 지적했습니다.     아울러 광복회는 ""국방부가 장병들의 국가관과 안보관의 패러다임을 바꾼다며 편찬한 '정신 나간' 정신전력교재가 그동안 신원식 장관의 일탈적 언행과 역사의식, 대한민국과 군 정체성에 대한 비뚤어진 그의 인식의 반영이 아닌가 의구심이 든다""고 꼬집었습니다.     광복회는 ""문제의 정신전력 교재는 장관의 편향된 역사인식, 전문성이 결여되고 편파적인 군 인사들만의 '밀실 집필'에서 비롯된 것""이라며 ""그러므로 군 인사뿐만 아니라 국민에게 신뢰를 주는 각계의 민간 전문가와 안보 국방 전문가들의 도움을 받아 국민이 동의하는 교재로 수정돼야 한다. 문제된 구절만 땜질식으로 수정을 가하는 작품을 국민은 물론 장병들도 거부할 것""이라고 밝혔습니다.     광복회는 ""장병들의 안보관, 정신전력을 강화한다면서 오히려 역행하는 신 장관은 이번 일로 대오 반성하고 지금이라도 친일 메국적 역사인식에서 벗어나겠다는 결의를 국민에게 먼저 보여주고 장관직을 수행할 것을 촉구한다""고 전했습니다.     앞서 국방부는 지난달 말 전군에 배포할 '정신전력교육 기본교재'에 ""댜오위다오(일본명 센카쿠열도), 쿠릴열도, 독도 문제 등 영토분쟁도 진행 중에 있어 언제든지 군사적 충돌이 발생할 수 있다""는 문구를 기재했다가 논란이 일자전량 회수하기로 했습니다. 신 장관도 해당 논란에 대해 공식으로 사과했습니다.     박주용 기자 rukaoa@etomato.com [관련기사] · 신원식, 군 교재 '독도 분쟁지역' 기술에 ""모두 제 책임"" 사과 · 윤 대통령, '독도 영토분쟁 지역' 국방부 '질책'…""즉각시정하라"" [박주용 기자의 다른 뉴스] · 문 전 대통령 ""나라 걱정 많아졌지만…새 희망 찾을 것"" · 비명계 4인방도 결단 임박?…분열 '현실로' [이 시각 주요뉴스] · 새해 역대급 '입주·공급 절벽'…전세 비상 · (신년사)이원석 검찰총장 “민생 또 민생, 오로지 민생”  -경제전문 멀티미디어 뉴스통신 뉴스토마토 저작권자(c)뉴스토마토통신. 무단전재-재배포 금지-"
203,5,"2024-01-01","18:09:06","광주송정역 '미디어아트 창의벨트'로… 6월 준공","【파이낸셜뉴스 광주=황태종 기자】광주송정역이 미디어아트를 통해 광주의 역동성과 따뜻함을 전달하는 '광주 대표 관문'으로 변신한다. 광주광역시는 광주송정역 일원에 미디어아트 창의벨트 5권역 조성 사업을 추진한다고 1일 밝혔다.   이를 위해 지난해 10월 사업자를 모집 공고하고 3개 업체의 제안서 평가를 통해 ㈜이지위드 공동수급사를 최종 사업자로 선정했다. 이번 5권역 미디어아트 조성 사업은 총사업비 22억원 규모로 오는 6월 준공을 목표로 하고 있다. 5권역 조성 사업이 끝나면 광주는 도시를 미디어아트로 권역화한 전국 유일의 '미디어아트 창의벨트 도시'로 거듭나게 된다.   광주송정역은 '아트정션(예술 교차로)'을 주제로 사람과 예술, 문화가 교차하고 번영하는 광주시의 역동적 융합을 미디어아트로 선보일 예정이다.   광주시는 광주송정역을 찾는 외지인과 시민들에게 '유네스코 미디어아트 창의도시 광주'를 홍보하고 다양한 문화예술행사를 안내하는 등 문화예술도시 광주의 자긍심을 일깨울 수 있도록 사업을 추진할 계획이다.  hwangtae@fnnews.com 황태종 기자   [파이낸셜뉴스 주요뉴스]  → 100억대 위약금에 유서 쓴 이선균, 아내 전혜진에 남긴 말은... → ""혼전순결 강조하며 성관계 안한 남편, 알고 보니..."" 반전 사연 → 정대세의 폭탄 고백 ""아내와 결혼 10년 만에 이혼을..."" → 10살 연하와 결혼한 女배우 고백 ""남편이 계좌번호를..."" → 전남 광양 앞바다서 40대男 숨진 채 발견, 시신 살펴보니 → 주식 말고 다른 재테크가 궁금해? [파인애플]  ▶▶[무료공개]◀◀ 지금 ""1,000만원""만 있어도 당장 ""이것""부터 사라!! >>> (무료 체험)    ※ 저작권자 ⓒ파이낸셜뉴스. 무단 전재-재배포 금지 "
203,6,"2024-01-01","18:09:00","이상기후 일상이 된 시대… 예측·시뮬레이션으로 선제 대응 [재난안전 대한민국(3)]","상반기 디지털트윈 플랫폼 구축 이상기후 분석·예측 자료 제공 기술개발 거버넌스 추진 계획 서울 등 지자체적극 활용 예정 복합적 재난상황 대비에 유용      지난해 11월 8일 경기 고양시 킨텍스에서 열린 2023 스마트 국토엑스포에서 디지털트윈 3D 기반 도시침수 분석 기술이 시연되고 있다. 뉴시스   이상기후가 일상이 된 뉴노멀(New Normal) 시대가 도래하면서 디지털 기술을 재난분야에 활용하는 방안이 급부상하고 있다. 정부는 디지털 기술을 확대 적용해 과학적 재난관리 체계를 강화한다는 방침이다.   1일 행정안전부에 따르면 디지털 기술을 활용한 상황관리 체계를 구축하고, 재난대응 현장에 디지털 기술을 실제로 적용할 수 있도록 실증사업이 추진중이다. 기관별로 관리하는 재난정보를 연계해 통합적으로 모니터링할 수 있도록 디지털 모니터링 상황관리 시스템을 구축한다. 기존 CCTV와 관제시스템을 활용·연계해 재난 위험징후와 이상행동을 자동으로 감지할 수 있는 지능형 관제시스템도 구축키로 했다.   ■'재해재난 디지털트윈 플랫폼' 구축   디지털트윈, IoT 센서 등 디지털 기술의 재난 분야 활용성을 높이기 위해 '통합 재해재난 디지털트윈 플랫폼' 을 상반기에 구축할 예정이다. 도시침수 대응 시스템을 현장에서 실증하고 전국으로 확대 적용을 추진한다.   특히 클라우드 기반의 디지털트윈 플랫폼을 구축해 데이터 분석 및 시뮬레이션을 구현하고 이를 기반으로 실시간 모니터링, 침수 예측 분석 자료를 제공한다. 중앙부처, 자치단체, 민간의 디지털 재난대응 거버넌스를 구축해 재난분야에 활용 가능한 기술을 함께 개발하는데도 힘을 쏟기로 했다.   디지털트윈(Digital Twin)은 최근 재난안전 분야에서도 4차 산업혁명과 더불어 떠오르고 있는 핵심기술 중 하나로 여겨지고 있다.   재난안전 분야에서 디지털트윈 기술이 중요하게 여겨지게 된 배경에는 기후변화와 사회, 경제 발전으로 기존 시스템이 복잡해지면서 최근 일어나는 재난사고의 예측 불가능성, 전개양상의 다양성, 피해 규모의 확장성 등에 대한 체계적인 대응이 점차 어려워지고 있는데 따른 것으로 풀이된다.   디지털트윈 기술은 현실 사회를 디지털 가상세계로 변환하고, 디지털 가상세계 상에서 시뮬레이션을 통해 예측 기능을 수행하는 과정이다. 현상에 대한 특징을 분석해 모형화하고, 분석 목적에 따라 현상파악과 시뮬레이션을 통한 예측기능을 수행하는 역할을 하게 된다.   다만 이같은 디지털기술을 재난현장에서 구현하기 위해서는 현실세계의 데이터를 지속적으로 수집하고 동기화하는 과정이 필요하고, 예측모델링을 위해 인공지능과 시뮬레이션 기술이 필요하다는게 전문가들의 시각이다.   디지?트윈 기술은 실생활에서 일어나는 다양한 재난사고에 대해 가상의 공간에서 다양한 시나리오와 시뮬레이션을 제공함으로써 효율적인 재난안전관리의 솔루션으로 역할을 할 것으로 기대되고 있다.   박상진 한국행정연구원 부연구위원은 ""디지털트윈을 통해 직면한 문제의 해결이 가능한 대상 분야를 선정해야 한다는 측면에서 정책 목표 선정과 해결방식이 명확한 재난안전 분야에 적용이 적합하다""면서 ""디지털트윈 모델링은 명확한 목표 하에 공학적 방식으로 최적화 방안을 표출하는 데 장점이 있다""고 분석했다. 정책목표 선정이 상대적으로 용이하고, 공학적인 방식으로 해결이 명확한 재난안전 관리분야에 디지털트윈 활용은 적합하다는 견해다. 이같은 디지털기술을 활용한 사례도 여럿 나오고 있다.   ■서울시 스마트안전도시 구현에 디지털 적극 활용   스마트 도시를 운영하는데 있어 행정적으로 안전관리가 매우 중요하게 여겨짐에 따라, 다양한 도시안전 서비스를 제공하기 위해 디지털트윈과 같은 데이터 기반의 신기술을 지역의 도시계획에 적용함으로써 스마트 재난안전관리 체계 구축에 기여하고 있다.   서울시의 경우, 스마트 안전도시 구현을 위해 IoT(사물인터넷), 빅데이터 등 4차 산업혁명 기술 기반의 디지털트윈을 활용해 4가지 서비스(시설물 안전관리, 기후변화 및 기상이변 대응, 안전약자보호, 행정의 위기관리 능력제고)로 구분해 세부전략들을 제시했다.   경상남도의 경우 기술, 제도, 조직, 문화 등 다방면에서 스마트 안전관리체계 구축방안을 제시했다. 특히 디지털트윈을 활용한 스마트 도시 구현에 역점을 두기로 했다. 인천시는 실제 디지털트윈 기술을 스마트 도시의 재난안전 분야에 활용하고 있다.   디지털트윈 기술을 활용한 도시기반시설의 체계적 안전관리도 주목받고 있다.   디지털트윈 기술기반으로 시설물들의 3D시각화와 시뮬레이션을 통한 다양한 환경에서의 재난안전 사고 예방에 활용하는 것은 물론 건축 분야의 대표적 디지털트윈 기술이라 할 수 있는 BIM(Building Information Modeling) 등의 기술기반으로 3D모델링 등을 통한 건축물의 통합적 재난안전관리 사례도 나오고 있다.   도시기반시설 중 하나인 전력, 통신, 상하수도라인 등의 도시의 핵심기반시설을 디지털트윈 기술로 구현해 다양한 복합적 재난상황에 대비상황에 활용하기도 한다.   그러나 시뮬레이션 기반의 디지털트윈은 연산을 위한 상당한 시간이 요구되므로 실시간 적용을 통한 빠른 상황 판단에 있어 근본적 한계가 존재한다. 디지털트윈 기술이 아직여러 구조적 및 환경적 제약으로 모든 산업에서 적극적으로 활용되고 있지 못하는 현실에서 신속성, 정확성, 효율성 측면에서 장점을 가질 수 있는 방안을 강구해야 한다.    ktitk@fnnews.com 김태경 기자   [파이낸셜뉴스 주요뉴스]  → 100억대 위약금에 유서 쓴 이선균, 아내 전혜진에 남긴 말은... → ""혼전순결 강조하며 성관계 안한 남편, 알고 보니..."" 반전 사연 → 정대세의 폭탄 고백 ""아내와 결혼 10년 만에 이혼을..."" → 10살 연하와 결혼한 女배우 고백 ""남편이 계좌번호를..."" → 전남 광양 앞바다서 40대男 숨진 채 발견, 시신 살펴보니 → '주린이'가 먹어야 할 과일은? [파인애플]  ▶▶[무료공개]◀◀ 지금 ""1,000만원""만 있어도 당장 ""이것""부터 사라!! >>> (무료 체험)    ※ 저작권자 ⓒ 파이낸셜뉴스. 무단 전재-재배포 금지 "
203,7,"2024-01-01","18:08:25","한동훈 ""이기는 공천할 것""…이재명 ""절박함으로 승리""","여야 대표 신년 인사회    韓 ""공관위원장 신중히 고를 것""  李 ""국민과 나라 지키는게 사명""  현충원 DJ 묘역서 덕담 주고받아      이낙연·이준석 창당 준비 '가속'      [ 노경목 기자 ]  한동훈 국민의힘 비상대책위원장과 이재명 더불어민주당 대표가 1일 총선 승리를 위한 의지를 다졌다.  한 위원장은 이날 서울 여의도 중앙당사에서 열린 신년인사회를 통해 “(총선에서 이기려면) 공천하는 과정이 멋져 보여야 하고, 이기는 공천이 돼야 한다”며 “두 가지를 균형 있게 고려할 것”이라고 말했다. 이어 “그것을 충분히 해내 주실 수 있는 분을 (공천관리위원장으로) 신중하게 고르겠다”고 덧붙였다.  향후 당 활동에 대해선 “동료 시민에 대한 계산 없는 선의를 정교한 정책으로 준비해 실천할 것”이라며 “국민들께서 상대 당과의 차이를 정확히 알아보실 것이라고 확신한다”고 강조했다. ‘동료 시민의식’의 예로 “재해를 당한 낯선 사람에게 자신이 운영하는 찜질방을 내주는 자선”을 든 한 위원장은 “국민의힘은 동료 의식을 실천하는 당으로 거듭나겠다. 국민들이 국민의힘을 믿을 수 있는 동료로 믿고 지지할 수 있도록 하겠다”고 했다.   이 대표도 같은 날 발표한 신년사에서 “이재명과 민주당이 가진 것은 오직 절박함과 절실함뿐”이라며 “총선에서 반드시 승리해 국민과 나라를 지켜야 한다는 사명만 있다”고 밝혔다. 이어 이 대표는 “작년 한 해 우리 국민에게 국가는 없었다”며 “민생도, 경제도, 평화도, 민주주의도 붕괴 위기”라고 윤석열 정부를 겨냥했다. 아울러 “엄청난 퇴행을 겪고 있는 지금의 현실, 더 이상 두고 볼 수 없다”고 했다.  이 대표는 또 이낙연 전 민주당 대표의 창당 움직임등을 의식해 “국민 삶을 지키기 위해 민주당은 그 어느 때보다 크고 단단한 하나가 되겠다”며 “오늘의 절망이 내일의 희망이 될 수 있도록 반드시 (총선에서) 승리하겠다”고 다짐했다.  한 위원장과 이 대표는 이날 국립서울현충원에서 조우하기도했다. 역대 대통령 묘소 참배 중 김대중 전 대통령 묘소에서 만난 두 사람은 서로 “새해 복 많이 받으세요”라며 덕담을 건네고악수했다.  한편 오는 4일 창당 준비를 하고 있는 이 전 대표는 신년인사회에서 “국민께 양자택일이 아니라 새로운 선택지를 드려야 한다”며 “무능한 정치를 유능한 정치로, 부패한 정치를 깨끗한 정치로, 투쟁의 정치를 생산의 정치로 실현하겠다”고 각오를 밝혔다.  이준석 전 국민의힘 대표도 개혁신당 신년하례회에서 “권력만 노리는 패거리 카르텔이 상대를 패거리 카르텔로 지목하고 괴롭힌다”며 “노력하는 사람들에게 오늘보다 행복한 내일이 있는 세상을 만들기 위해 최선을 다하겠다”고 말했다.  노경목 기자    관련기사 한국 기술에 日 '러브콜'…2500억 잭팟 터졌다 연봉 3000만원 직장인…100억대 자산가 된 비결 길 하나 건넜더니…""붕어빵 한 개에 4000원?"" 음료 2잔이 230만원…관광지 '바가지'에 발칵 환자인데 생존률 100%…논란의 '암' 뭐길래    ⓒ 한국경제 & hankyung.com, 무단전재 및 재배포 금지"
204,1,"2024-01-01","17:56:24","대구시, 글로벌 치과산업 클러스터 구축","[헤럴드경제(대구)=김병진 기자]대구시는 지역의 우수한 산·학·연·병 인프라를 연계한 글로벌 치과산업 클러스터 구축을 통해 비수도권 최대 치과산업 도시를 뛰어넘어 치의학 산업의 글로벌 메카로 거듭나기 위한 전략을 추진한다고 1일 밝혔다.  대구는 전국 최고의 치과산업 및 연구 인프라를 보유하고 있다. 치과산업 제조업체와 종사자 수 기준 비수도권 최대 도시로서 전국 치과 의료기기 수출액의 약 20% 이상을 차지하고, 국내 10대 임플란트 기업의 3곳이 대구에 소재하고 있다.  또 경북대 치의학전문대학원등 4개 의대와 12개 종합병원을 비롯해 3900여개의 병·의원을 보유하고 있어 치과 R&D 융합연구에 필요한 산·학·연·병 인프라를 완벽하게 갖추고 있다.  대구시는 치의학 산업 글로벌 메카로 거듭나기 위해 ‘대구경북첨단의료복합단지’와 인근 ‘대구 의료R&D지구’에 이미 구축된 산·학·연·병 인프라를 연계해 ‘글로벌 치과산업클러스터’를 구축할 계획이다.  이를 통해 첨단 치과 의료기기 연구개발, 임상 및 인허가 지원, 기업육성 및 판로개척에 이르는전주기 지원이 가능하게 돼 치과산업이 양적, 질적으로 동반 성장하는 시너지 효과를 거둘 것으로 기대된다.  또 우리나라 구강 정책을중심으로 응용·융복합 연구와 치의학 산업 육성까지 연계·조정하는 기관으로 대구시가 추진하는 글로벌 치과산업 클러스터의핵심기관으로서의 역할이 기대되는 '국립치의학연구원'의 대구 유치를 추진한다.  이를 위해 시·산·학·연 치의학 전문가 20여명으로 기구성된 ‘국립치의학연구원 대구 유치 추진단’을 중심으로 킥오프회의와 지역의 유치 의지를 결집하고 유치 당위성을 알리는 세미나를 잇달아 개최할 예정이다.  아울러 치의학 관련 국제협력 및 해외진출 확대를 위한 국제협력사업을추진한다. 아세안 10개국 대상의 치과인력 연수, 학위과정 개설, 디지털 전환 교육 등이 포함된 ‘한-아세안 협력기금 사업’을 기획해 제안할 계획이다.  정장수 대구시 경제부시장은 ""지역의 우수한 산·학·연·병 인프라를 활용한 글로벌치과산업 클러스터를 구축해 대구를 글로벌 치의학 산업의 메카로 만들어 나가겠다""고 말했다.        ▶ 무조건 오르는 비공개 급등종목 ""반드시"" 확인하기 >> 오늘의 추천종목 정보 제공 받기 <<    ▶ 급등 임박! 반드시 상승할 ""유망 종목 TOP3"" 실시간 시세 확인하기 >> 종목 무료로 받아보기 <<    ▶ 비트코인 와르르 大폭락에 OO테마주 들썩, 상위 1% TF팀 >> 선착순 100명 급등 종목 무료제공 <<     ▶ 내 계좌 '5억'만들기 프로젝트! VIP 서비스 5일 무.료.체.험 EVENT >>보유 종목 무료분석<<        ▶ 상위 1%의 급등주 정보, 선착순 100명에게 무료로 제공 중… >>초대형 대장주 비밀리에 입수<<       ▶ 단 돈 ""만 원"" 있어도 10배 이상 터질 종목 ""지금"" 사도 무조건 터진다 >> 매일 VIP 무료추천주 <<       ▶ 아무도 몰랐던 급상승 ""VIP 히든종목"" 분석자료 선착순 무료제공!! >>최상위종목 ""시세"" 확인하기<<"
204,2,"2024-01-01","17:53:30","[내일 날씨] 새해 첫 평일, 서울 최고 '5도'…곳곳 눈·비 주의","[머니투데이 김미루 기자] 새해 첫 평일이자 화요일인 내일(2일)은 수도권과 강원, 충청 곳곳에 비 또는 눈이 내리겠다.   1일 기상청에 따르면 내일 예상 최저기온은 -2~6도, 최고기온은 2~12도로 예보됐다. 당분간 기온은 평년보다 다소 높을 것으로 보인다.   주요 도시 예상 최저기온은 △서울 2도 △인천 2도 △춘천 -1도 △강릉 4도 △대전 2도 △대구 2도 △전주 3도 △광주 3도 △부산 6도 △제주 7도다.   예상 최고기온은 △서울 5도 △인천 4도 △춘천 3도 △강릉 8도 △대전 6도 △대구 9도 △전주 7도 △광주 8도 △부산 12도 △제주 12도다.  수도권과 강원내륙·산지, 충청권에 오전까지 가끔 비 또는 눈 내리는 곳이 있겠다. 예상 적설량은 1㎝ 미만, 예상 강수량은 1㎜ 미만이겠다.   그 밖에도 내일 이른 새벽부터 오전 사이 전북과 경상 서부 내륙 곳곳에서 0.1㎝ 미만의 눈이 날리거나 0.1㎜ 미만 빗방울이 떨어지겠다.   동해안에는 3일 오전까지 너울에 의한 높은 물결이 갯바위나 방파제를 넘는 곳이 있어 안전사고에 주의해야겠다고 기상청은 당부했다.   환경부에 따르면 미세먼지 농도는 원활한 대기 확산으로 전 권역이 '좋음' 또는 '보통' 수준이겠다.   한편 1일 오후 4시10분 일본 이시카와현 노토 지방에서 발생한 규모 7.6의 강진으로 동해안에 지진해일이 도달할 수 있다며 기상청이 주의를당부한 상태다.   예상 지진해일 도달 시점은 강원 강릉 오후 6시29분, 양양 오후 6시32분, 고성 오후 6시48분, 경북 포항 저녁 7시17분이다. 해일의 최대 높이는 0.5ｍ 미만으로 예상됐다.     [관련기사] ☞ 박민영 전 남친 논란에... ""내내 후회, 정신과 검사서 위험신호"" ☞ 故이선균 협박녀 얼굴 공개됐다…""95년생 미혼모"" 신상공개한 유튜버 ☞ 전현무도 감출 수 없었다…10기 정숙 데이트신청에 '울상' ☞ 프로파일러 배상훈 ""시신 트라우마... 집에 칼 없고 가구 문 다 열어"" ☞ 가수는 갔지만 노래는 남아, 천국서 히트한 '내 눈물 모아'[뉴스속오늘]   김미루 기자 miroo@mt.co.kr     키워드림론 최대 4배 주식자금 & 고금리 대환상품 한도 오픈! (1644-6960)   [무료운세] 믿어야 돼 말아야 돼? 종목매수전에 믿고보는 '오늘의 운세'        [파워 인터뷰]       매수전에 점 부터 보고 가실께요 -> 오늘의 운세 [복채무료]      ⓒ 머니투데이 & mt.co.kr, 무단 전재 및 재배포 금지"
204,3,"2024-01-01","17:53:27","AI 기술 경쟁 후끈…반에크 반도체 ETF 주목","나에게 맞는 종목추천 AI알고리즘을 찾고 싶다면? 한경 로그인만 하면 1개월 무료 체험가능     해외 유망 ETF는     [ 한경우 기자 ] 해외 상장지수펀드(ETF) 중에선 미국 빅테크에 분산 투자하는 상품이 올해도 유망한 것으로 조사됐다. 현금 흐름이 우수한우량주와 미국 인프라 관련 상품도 투자 추천 목록에 이름을 올렸다.  한국경제신문이 1일 국내 10대 증권사를 대상으로 ‘올해 유망 해외 상장 ETF’를 조사한 결과 여덟 개 증권사가 인공지능(AI), 반도체, 로봇 등의 섹터에 투자하는 ETF를 추천했다. ‘ 반에크 반도체 ETF’는 하나증권 신한투자증권 키움증권 등 증권사 세 곳이 추천했다. 엔비디아 TSMC 브로드컴 등 미국 기술주를 담은상품이다. 지난해 수익률은 79.51%, 최근 3년 수익률은 60.99%에 달했다.  한국투자증권은 ‘아이셰어스 엑스팬디드 테크-소프트웨어 섹터 ETF’를, 삼성증권은 ‘아이셰어스 US 테크놀로지 ETF’를 추천했다. 블랙록이 운용하는 빅테크 ETF인데 전자는 소프트웨어 기업에 주로 투자하고 후자는 소프트웨어와 하드웨어 기업을 함께 담는다는 측면에서 차이가 있다. 이 밖에 △글로벌X 로봇&인공지능 ETF(대신증권) △글로벌X 인공지능&테크놀로지 ETF(미래에셋증권) △퍼스트트러스트 다우존스 인터넷 인덱스 펀드(KB증권) 등 테크 관련 ETF가 추천됐다.  우량주도 추천 상품이 많았다. ‘페이서 US 캐시카우 100’은 미래에셋과 신한투자가 함께 추천했다. 자산의 80% 이상을 현금흐름과 이익률이 탄탄한 미국 기업에 투자한다. 미국 인프라 관련 종목을 담는 ‘글로벌X US 인프라 개발 ETF’는 하나증권과 키움증권이 함께 제안했다. 미래에셋과 NH투자증권은 인도 ETF를 목록에 올렸다. 미래에셋은 ‘아이셰어스 MSCI 인도 ETF’를, NH는 ‘아이셰어스 MSCI 인도 스몰캡 ETF’를 제시했다.  이 밖에 키움증권은 미국 방위산업주를 담는 ‘아이셰어스 US 에어로스페이스&디펜스 ETF’를, 삼성증권은 항노화 관련 헬스케어주에 투자하는 ‘반에크 파마슈티컬 ETF’를 좋게 봤다. KB증권은 글로벌 사이버보안 관련 상품인 ‘퍼스트트러스트 나스닥 사이버보안 ETF’를 추천했다.  한경우 기자     ▶▶[급등종목]◀◀ 지금 ""1,000만원""만 있다면 당장 ""이것"" 매수해라!! >>> (무료공개)  >> ★무료카톡방★ 이제 추천주 ""무료""로 받으세요! ★무료카톡방★  ▶▶ 월0.2%대 최저금리 X 주식자금 4배 X 100%집중투자 => 부자네스탁론  [단기에 부자가 되는 방법] 상위 1%만의 강의 무료 제공 중 (pw:4560)  나에게맞는 종목추천 AI알고리즘을 찾고 싶다면? 한경 로그인만 하면 1개월 무료 체험가능  [오늘의 이슈] 급등임박! 올해 반드시 상승할 ""실시간 TOP3"" 확인하세요! ▶▶ 무료 클릭!                관련기사 한국 기술에 日 '러브콜'…2500억 잭팟 터졌다 연봉 3000 만원 직장인…100억대 자산가 된 비결 길 하나 건넜더니…""붕어빵 한 개에 4000원?"" 음료 2잔이 230만원…관광지 '바가지'에 발칵 환자인데 생존률 100%…논란의 '암' 뭐길래    ⓒ 한국경제 & hankyung.com, 무단전재 및 재배포 금지"
204,4,"2024-01-01","17:53:01","비올, 美 실적 순항…딥노이드는 턴어라운드","나에게 맞는 종목추천 AI알고리즘을 찾고 싶다면? 한경 로그인만 하면 1개월 무료 체험가능     10배 상승할 종목은     [ 성상훈 기자 ] 국내 10대 증권사가 내년 주가가 열 배 상승할 수 있는 ‘텐배거’ 종목으로 27개 중소형주를 추천했다. 주력 산업인 반도체와 2차전지 산업에서 경쟁력 있는 소재·부품·장비 기업이 많았다. 의료, 미용, 로봇, 엔터 기업도 다수 포함됐다.  1일 한국경제신문이 국내 10대 증권사를 대상으로 ‘2024년 텐배거 유망 스몰캡 종목’을 조사한 결과 미용장비업체인비올이 3표를 받아 1위를 차지했다. 키움증권은 “피부미용 시장에서 가장 중요한 미국에서 유의미한 실적이 발생하고 있다”고 평가했다. KB증권은 “2024년 신제품 2종이 출시 예정이고 수요가 높은 브라질, 중국 시장으로 신규 진출할 계획”이라고 분석했다. 신한투자증권은 “외형과 수익성이 동시에 성장하고 있다”고 했다.  의료 인공지능(AI) 기업인 딥노이드는 2표를 받았다. 하나증권은 “2024년에는 의료와 산업용 AI 사업에서 매출이 본격적으로 나와 턴어라운드가 될 것”이라고 예상했다. 의료 AI 기업인 뷰노도 유망하다고 꼽혔다. 빅데이터 AI 기술을 활용한 질병의 진단·분석 기술이 글로벌 시장에서도 통한다는 평가를 받았다.  2차전지, 반도체, 자동차, 모바일, 디스플레이 산업 내 경쟁력 있는 소부장 업체도 대거 이름을 올렸다. 파인엠텍은 증권사 두 곳으로부터 추천을 받았다. NH투자증권은 “폴더블폰 내장 힌지 시장을 과점하고 있다”며 “2024년에도 매출 고성장을 전망한다”고 내다봤다. 이외에 ISC, 텔레칩스, 드림텍, 피엔에이치테크, 제우스, 나인테크, 코스텍시, 우신시스템 등 의 종목이 추천받았다.  엔터기업 에스엠, 교육기업 대교, 로봇기업 티보로틱스, 의류 주문자상표부착생산(OEM)업체 한세실업 등도 유망 종목으로 뽑혔다. 신한투자증권은 에스엠에 대해 “멀티 레이블 시스템인 SM 3.0 체제로 바뀌면서 체질이 개선되고 있다”며 “엔터사 중 주가수익비율(PER)이 가장 낮다”고 설명했다. 이 밖에도 트루엔, 동아쏘시오홀딩스, 효성티엔씨, 드림텍, 데브시스터즈, 인텔리안테크, 디와이피엔에프, 아톤, 더블유게임즈 등이 텐배거 종목으로 제시됐다.  성상훈 기자     ▶▶[급등종목]◀◀ 지금 ""1,000만원""만 있다면 당장 ""이것"" 매수해라!! >>> (무료공개)  >> ★무료카톡방★ 이제 추천주 ""무료""로 받으세요! ★무료카톡방★  ▶▶ 월0.2%대 최저금리 X 주식자금 4배 X 100%집중투자 => 부자네스탁론  [단기에 부자가 되는 방법] 상위 1%만의 강의 무료 제공 중 (pw:4560)  나에게 맞는 종목추천 AI알고리즘을 찾고 싶다면? 한경 로그인만 하면 1개월 무료 체험가능  [오늘의 이슈] 급등임박! 올해 반드시 상승할 ""실시간 TOP3"" 확인하세요! ▶▶ 무료 클릭!                관련기사 한국 기술에 日 '러브콜'…2500억 잭팟 터졌다 연봉 3000만원 직장인…100억대 자산가 된 비결 길 하나 건넜더니…""붕어빵 한 개에 4000원?"" 음료 2잔이 230만원…관광지 '바가지'에 발칵 환자인데 생존률 100%…논란의 '암' 뭐길래    ⓒ 한국경제 & hankyung.com, 무단전재 및 재배포 금지"
204,5,"2024-01-01","17:52:42","일본 강진으로 동해안 지진해일…강릉 오후 6시 30분께 도달(종합)","일본 강진으로 동해안 지진해일…강릉 오후 6시 30분께 도달(종합) 지진해일주의보 발령 수준은 아니지만 ""만조 때 겹치면 위험"" 1900년대 이후 동해안에서 지진해일 4차례 관측 1993년 7월 12일 지진해일 때 최대파고 2.76ｍ 달해       (서울=연합뉴스) 이재영 기자 = 1일 오후 일본 도야마현 북쪽 해역에서 발생한 강진으로 동해안에 지진해일이 닥쳐 해수면 높이가 높아질 수 있다며 기상청이 주의를 당부했다.      지진해일 최초 도달 예상시점은 강원 강릉 오후 6시 29분, 양양 오후 6시 32분, 고성 오후 6시 48분, 경북 포항 오후 7시 17분이다.      해일 최대 높이는 0.5ｍ 미만일 것으로 예상된다.      이는 지진해일주의보 발령 기준에는 못 미치는 수준이다.      지진해일주의보는 '규모 6.0 이상 해저지진이 발생해 해안가로 높이 0.5ｍ 이상 1.0ｍ 미만 지진해일이 내습할 것으로 예상되는 경우'에발령된다.      현재 예상되는 지진해일 높이가 큰 피해를 우려할 수준까지는 아니지만, 강원 동해안을 중심으로 일부 해안은 해수면 높이가 높아질 수있으니 주의가 필요하다.       특히 만조 때 등 해수면 높이가 높을 때 지진해일이 들이닥치면 피해가 발생할 수 있다.      지진해일 높이에는 '조석의 차'가 반영되지 않았고, 이에 해안에 처음 도달한 뒤 점차 높이가 높아질 수 있다고 기상청은 설명했다.      동해안의 경우 이번 지진이 아니더라도 너울이 유입되면서 높은 물결이 밀려드는 상황이다.      기상청에 따르면 오후 5시 현재 동해엔 2~4ｍ 높이 물결이 일고, 해안 쪽으로 파주기가 7~10초에 달하는 너울이 유입되고 있다.      너울의 파주기가 길수록 파도가 해안 쪽으로 다가오면서 속도가 느려져 뒤이어 오는 파도와 중첩돼 파고가 높아질 가능성이 크다.      박순천 기상청 지진화산연구과장은 ""만조 때 등 해수면 높이가 높을 때 지진해일이 더해지면 위험할 수 있다""며 ""동해에서 지진해일이 관측되는 상황인 만큼 해안에서 벗어나 있어야 한다""라고 말했다.      쓰나미로도 불리는 지진해일은 해저에서 강진이 발생하거나, 화산이 폭발해 해수면 높이가 급격히 변하면서 발생하는 파장이 매우 긴 파도다.      일반적으로 수직단층운동에 의해 진원의 깊이가 80㎞ 이하로 얕은 강진이 발생하면 지진해일도 발생한다.      1900년대 이후 동해안에서 지진해일이 관측된 적은 4차례 정도다.      각각 1940년 8월 2일, 1964년 6월 16일, 1983년 5월 26일, 1993년 7월 12일로, 일본 서쪽 바다에서 규모 7.5~7.8 지진이 발생하며 동해안에 지진해일이 내습했다.      1993년 7월 12일 지진해일이 내습했을 때는 속초 최대파고가 2.76ｍ에 달했다.       당시 높은 물결에 선박 등이 파손되면서 약 4억원의 재산 피해가 발생했다.      동해 수심은 약 2㎞ 정도로 지진해일 전파 속도는 시속 500㎞ 정도다.      이를 토대로 계산해보면 일본 노토(能登)반도에서 규모가 큰 해역지진이 발생하면 울릉도에 1시간 후, 경북 울진에 1시간 30분 후 지진해일이 발생할 수 있다.      일본 기상청에 따르면 이날 오후 4시 24분께 일본 이시카와현 노토반도 지역에서 규모 7.6의 지진이 발생했다.       jylee24@yna.co.kr  (끝)     <저작권자(c) 연합뉴스, 무단 전재-재배포 금지>"
204,6,"2024-01-01","17:52:41","문 전 대통령 ""겨울 지나 새봄 오듯 새로운 희망 찾길""","문재인 전 대통령이 새해 인사에서 ""나라걱정이 많아졌고, 슬픈 일도 많았지만 겨울 지나 새봄이 오듯 우리는 어려움을 이겨내고 새로운 희망을 찾을 것""이라고 말했습니다.  문 전 대통령은 오늘(1일) 페이스북과 엑스(X·옛 트위터)에 새해 갑진년을 맞아 ""지난해 수고하셨다""며 ""어려워진 경제, 높은 물가, 팍팍해진 삶을 잘 견뎌주셨다""고 전했습니다.  이어 ""많은 분이 평산책방을 찾아주셨다. 덕분에 평산마을에 아이들 웃음소리가 들리고, 마을경제에도 많은 도움이 됐다""며 학교와 도서관에 책을 기증하는 등 공익 사업도 알차게 할 수 있었다고 말했습니다.  문 전 대통령은 올해에도 힘이 닿는 한 책을 통한 공익사업을 확대할 예정이라고 덧붙였습니다.  문 전 대통령은 ""(올해는) 푸른 용의 해""라며 ""나라의기운과 국민의 행복이 용솟음치는 한해가 되길 기원한다""고 밝혔습니다.  [김혜균 디지털뉴스부 인턴기자 kimcatfish@naver.co"
204,7,"2024-01-01","17:52:27","밭일하던 60대 남성, 야생 멧돼지 공격받아 부상","사진은 기사와 무관. [123RF]  [헤럴드경제=최원혁 기자] 밭일하던 60대 남성이 야생 멧돼지에 공격당해 크게 다쳤다.  1일 세종시 소방본부에 따르면 이날 오전 9시30분께 세종시 전동면 청람리 복숭아밭에서 일하던 60대 남성이 갑자기나타난 멧돼지한테서 들이받힌 뒤 물려 크게 다쳤다.  신고받고 출동한 119 구급대는 이 남성을 병원으로 옮겼다.  경찰은 소방 당국, 유해조수포획단 등과 함께 멧돼지 포획작업에 나섰다.  세종시는 이 같은 사실을 인근 주민들에게 알리고 야외활동 자제 등 안전에주의해달라는 안내문을 발송했다.        ▶ 무조건 오르는 비공개 급등종목 ""반드시"" 확인하기 >> 오늘의 추천종목 정보 제공 받기 <<    ▶ 급등 임박! 반드시 상승할 ""유망 종목 TOP3"" 실시간 시세 확인하기 >> 종목 무료로 받아보기 <<    ▶ 비트코인 와르르 大폭락에 OO테마주 들썩, 상위 1% TF팀 >> 선착순 100명 급등 종목 무료제공 <<     ▶ 내 계좌 '5억'만들기 프로젝트! VIP 서비스 5일 무.료.체.험 EVENT >>보유 종목 무료분석<<        ▶ 상위 1%의 급등주 정보, 선착순 100명에게 무료로 제공 중… >>초대형 대장주 비밀리에 입수<<       ▶ 단 돈 ""만 원"" 있어도 10배 이상 터질 종목 ""지금"" 사도 무조건 터진다 >> 매일 VIP 무료추천주 <<       ▶ 아무도 몰랐던 급상승 ""VIP 히든종목"" 분석자료 선착순 무료제공!! >>최상위종목 ""시세"" 확인하기<<"
205,1,"2024-01-01","17:41:09","달라이라마 ""폭력 대신 대화의 세기로""","티베트의 정신적 지도자인 달라이 라마가 새해 더 좋은 세상을 만들기 위해 연민과 내적 평화를 강조했다고 dpa통신이 1일(현지시간) 전했다. 달라이 라마는 전날 소셜미디어 엑스(X)에 올린 글에서 ""우리는 오늘날 많은 도전에 직면해 있지만, 우리 모두가 인류로서 서로 밀접히 연결돼 있음에 대한 인식이 커짐으로써 더 의미 있는 삶을 영위하고 더 나은 세상을 만들기 위해 함께 일할 수 있다고 낙관한다""고 밝혔다. 이어 ""우리가 내적 평화를 찾을 때만 세상의 평화를 찾을 수 있다고 굳게 믿고 있다""면서 ""모든 인간은 내적 평화를 구축하고 그렇게 함으로써 세계 공동체의 평화에 기여할 수 있는 잠재력을 지니고 있다""고 덧붙였다. 그는 이어 ""지난 세기가 폭력의 세기였다면 이번 세기는 대화의 세기로 만드는 게 우리의 책임""이라고 강조했다. 그의 이런 언급은 이스라엘과 팔레스타인 무장정파 하마스 간 전쟁, 우크라이나 전쟁 등 지구촌의 분쟁과 갈등이 이어지는 상황을 염두에 둔 것으로 보인다.  [안수진 기자]   [ⓒ 매일경제 & mk.co.kr, 무단 전재, 재배포 및 AI학습 이용 금지]"
205,2,"2024-01-01","17:41:08","80년대 '일지매' 고응호 감독 별세","1980년대 코미디 영화 '팔불출'시리즈를 연출한 고응호 감독이 세상을 떠났다. 향년 82세. 1일 영화계에 따르면 고 감독은 전날 오전 심장마비로 숨을 거뒀다. 1941년서울에서 태어난 고인은 서울대 법학과를 나와 고시 공부를 하다가 영화계에 입문해 최인현 감독의 '이상의 날개'(1968)를 포함한 여러 작품의 제작 현장에서 다년간 경험을 쌓았다. '날으는 일지매'(1978)로 감독에 데뷔한 고인은 '팔불출'(1980)로 주목받았다. 강철수 작가의동명 만화를 원작으로 한 코미디물로, 머슴살이를 하던 팔불출의 모험 이야기다. 배우 백일섭이 주연해 인기를 끈 이 영화는 속편 격인 '풍운아 팔불출'(1982)로 이어졌다. '꿀맛'(1982)도 고인의 작품이다. 이 영화는 당시 야간 통행금지 해제에 맞춰 데이트하러 심야극장을 찾는 관객을 타깃으로 제작됐다고 한다. 이 밖에도 전통 무속과 근대적 가치관의 충돌을 그린 '불새의 늪'(1983), 액션 영화 '뜨거운 겨울'(1986), 청춘 영화 '바람의 아들'(1987), 무협 사극 '난운'(1987), 멜로 드라마 '못 먹어도 고'(1989) 등 다양한 장르의 작품을 연출했다. 감독협회와 대종상 사무국에서 일하기도 한 고인은 만년엔 한국 영화의 역사를 보여주는 서울 동대문구 답십리촬영소 영화 전시관을 관리했다. 빈소는 경희의료원 장례식장에 마련됐다. 발인은 3일 오전 8시다. [안수진 기자]   [ⓒ 매일경제 & mk.co.kr, 무단 전재, 재배포 및 AI학습 이용 금지]"
205,3,"2024-01-01","17:41:08","위기의 자영업자 구세주 '배민 119'","""갑작스레 몸이 아프거나 생계비가 필요한 자영업 사장님들은 우리가도와야죠. 갑진년 새해에도 우리가 찾아가 돕겠습니다."" 1등 배달 플랫폼 배달의민족을 운영하는 우아한형제들은 '우아한 사장님 살핌기금'을 통해 사고나 질병으로 어려움에 처한 자영업자를 대상으로 의료생계비를 지원하는 사업을 펼치고 있다. 높은 의료비용 부담뿐만 아니라 치료로 인한 가게 운영 중단이나 대체인력 고용 등에 어려움을 겪어 생계를 위협받는 외식업주가 지원 대상이다. 해당 사업은 2021년 김봉진 창업자의 기부약정으로 조성한 우아한 사장님 살핌기금 중 100억원 규모로 운영된다. 지난해부터 현재까지 외식업주 776명이 누적 25억4000만원의 의료비 및 생계비를 지원받았다. 김중현 우아한형제들 가치경영실장은 최근 매일경제와 인터뷰하면서 ""소상공인에겐 정말 위급한 상황에서 작은 도움이 큰 효과로 다가올 수 있다""며 ""비즈니스 목적에서 사회공헌사업을 펼치기보단 배민의 근간이 되는 자영업자들의 어려움을 해소하고 함께 성장하고자 하는 목적""이라고 밝혔다. 김 실장은 코로나19 시기 중소벤처기업부 공무원으로 근무했다. 해당 경력을 발판 삼아 지난해 1월부터 우아한형제들 가치경영실을 이끌고 있다. 그는 ""코로나 때 정부 재난 지원 태스크포스(TF)와 소상공인 지원 업무를맡아오면서 배민의 도움을 많이 받아 인연이 닿았다""며 ""배민 기금이나 여러 광고비 절감 사업 등을 통해 자영업자와 고통을 분담하고 협업을 한 점이 인상 깊었다""고 밝혔다. 실제 의료생계비를 지원받은 자영업자들은 큰 도움을 받고 있다. 올해 1004만원을 지원받은 뜰안마라탕 사장 정향금 씨(46)는 ""혼자 식당을 쓸고 닦으며 어깨 통증과 디스크 등 병을 얻었는데 배민의 의료생계비 지원으로 시름을 덜게 됐다""고 말했다. 우아한 사장님 살핌기금 중 또 다른 100억원은 사장님 자녀 장학금으로 활용되고 있다. 2022년 처음 시작한 '사장님 자녀 장학금지원' 프로그램을 통해 외식업주 자녀 619명이 총 36억원을 지원받았다.  장학금을 받은 외식업주 자녀들 중 상당수는 성적 향상 효과까지 거둔 것으로 나타났다. 우아한형제들에 따르면 장학생 선발 전 휴학, 졸업 유예를 고려했던 대학생이 전체의 25.9%에 달했으나 장학생 선발 후그 비중이 8.2%로 크게 줄어든 것으로 나타났다.   [김금이 기자]   [ⓒ 매일경제 & mk.co.kr, 무단 전재, 재배포 및 AI학습 이용 금지]"
205,4,"2024-01-01","17:41:07","서국동 NH농협손보 대표 취임","NH농협손해보험이 지난달 29일 서국동 신임 대표이사의 취임식을 개최했다고 1일 전했다. 서 대표는 지난달 29일 오후 서울 서대문구 NH농협손보 본사에서 열린 취임식에서 ""가치 중심의 균형 있는 성장을 통해 안정적 수익 창출을 이뤄나가겠다""고 말했다. 그는 ""이를 위해 전문성을 강화하고 지속적으로 성장 가능한 시장 경쟁력을 제고하겠다""면서 ""디지털 혁신과 신사업 발굴 등도 추진해 미래 성장 기반 마련에 힘쓰겠다""고 강조했다. 또 "" 농업보험을 고도화해 농업과 농촌의 실익 증진에도 기여하겠다""고 덧붙였다. 서 대표는 1990년 농협중앙회에 입사해 농협은행 안양시지부장, 농협중앙회 상호금융대체투자부장, 농협중앙회 상호금융기획본부장 등을 역임했다.   [박재영 기자]   [ⓒ 매일경제 & mk.co.kr, 무단 전재, 재배포 및 AI학습 이용 금지]"
205,5,"2024-01-01","17:41:07","서국동 NH농협손보 대표 취임","NH농협손해보험이 지난달 29일 서국동 신임 대표이사의 취임식을 개최했다고 1일 전했다. 서 대표는 지난달 29일 오후 서울 서대문구 NH농협손보 본사에서 열린 취임식에서 ""가치 중심의 균형 있는 성장을 통해 안정적 수익 창출을 이뤄나가겠다""고 말했다. 그는 ""이를 위해 전문성을 강화하고 지속적으로 성장 가능한 시장 경쟁력을 제고하겠다""면서 ""디지털 혁신과 신사업 발굴 등도 추진해 미래 성장 기반 마련에 힘쓰겠다""고 강조했다. 또 "" 농업보험을 고도화해 농업과 농촌의 실익 증진에도 기여하겠다""고 덧붙였다. 서 대표는 1990년 농협중앙회에 입사해 농협은행 안양시지부장, 농협중앙회 상호금융대체투자부장, 농협중앙회 상호금융기획본부장 등을 역임했다.   [박재영 기자]   [ⓒ 매일경제 & mk.co.kr, 무단 전재, 재배포 및 AI학습 이용 금지]"
205,6,"2024-01-01","17:41:07","[매경춘추] 계획이라도 실컷","어김없이 다시 새해를 맞는다. 매년 겪는 일이지만 여전히 적응이 안 된다. 가버린 지난해가 아쉽기만 하다. 이루지 못한 일들, 만나지 못한 사람들이 떠오른다. 살아오면서여러 번 새해를 맞다 보니 새로운 시작이라는 것에 그다지 동요되지 않는 것도 사실이다. 어느 순간 습관이 되었달까? 분명 지키지 못할 일들을 계획하다가 자책감과 후회감만 커질 거라 생각하니 새로운 각오가 생기는 것도 아니다. 새롭게 계획을 짜고, 새 다짐을 하는 것이 언젠가부터 공연한 일이 아닐까, 지나치게 수선을 떠는 건 아닐까 생각하게 됐다. '담담하고 쿨하게 새해를 맞이하는 게 연륜이지'라는 생각도 해본다. 그럼에도 불구하고 달력의 첫 장을 넘긴다는 것, 또 다른 새해가 왔다는 것은 미래를 생각해보는 시간을 갖게 된다는 것이다. 이렇게 새로운 것에 대해 생각하는 것, 앞으로 일어날 것에 대해 계획하는 것은 인간이 느끼는 가장 기쁘고 건강한 자극 중 하나다. 신경과학연구에 의하면 미래에 대해 예측하는 것이 도파민 분비를 자극한다고 한다. 도파민은 우리 뇌가 미래에 대한 인지적 업무를 수행할 때 분비되는호르몬이기도 하지만 기쁨을 느낄 때 분비되는 호르몬이기도 하다. 쥐는 인간과 같이 도파민이 분비되지 않기 때문에 비슷한 효과를 내기 위해 쥐에게 미래 예측 행동을 할 때마다 코카인을 투여한 실험이 있었다. 그러자 쥐는 행복감을 느끼기 위해 거듭 미래 예측 행동을 반복하였다. 인간도 마찬가지로, 미래를 계획할 때 행복 도파민이 분비된다. 미래 예측을 가장 많이 하는 이맘때쯤 새로운 시작에 그나마 살짝 설레고 들뜬 감정을 느끼게 된다. 예를 들어 어떤 신상을 살 건지, 이것저것 고르고 계획하는 것이 물건을 실제로 사는 순간보다 더 큰 행복감을 줄 수 있다. 여행 일자를 미리 잡고 어디를 들를지, 무엇을 먹을지 등 들떠 있을 때가 실제 여행하는 것보다 더 즐거움을 준다. 원하던 물건이지만 기쁨은 구입한 직후일 뿐이다. 들떠서 간 여행에서 티격태격하면서 고생하다 보니 처음, 시작의 그 설렘은 사라지고 만다. 그러니 지나치게 목표를 높게 잡지 말고 기대는 적당히 해야 한다고들 한다. 설렘과 기쁨이 지나간 자리엔 결국 실망만이 남기 마련이니. 습관처럼 돌아오는 새해에 이것저것 해내지도 못할 계획은 세우지 말고 현실적으로 되어야 한다고 다짐할 수 있다. 다 맞는 말이다. 그러나 새해인데, 설사 모두 달성되지 않는다 하더라도 또 어떤가. 올해는 지금까지와는 다를 거야. 뭔가를 이룰 수 있을 거야. 좋은 일이 생길 거야. 이것도 하고 저것도 해서 후회 없는 한 해를 보내야지 생각하면서 조금 들뜬다고 해서 나쁠 게 뭐가 있으려나. 그러한 설렘으로 조금 들떠보는 것, 어쩌면 생활의 활력소가 될 수 있지 않을까. 매일매일이 어제와 다르지 않고, 매년 그게 그거라는 식으로 생각하는 것보다는 그래도뭔가 얻을 수 있지 않으려나. 결말을 알고 봐도 재미있는 영화가 있고, 그 끝이 뭔지 알아도 삶의 매 순간은 의미가 있다. 생각에 그칠지라도, 계획에 불과할지라도 마음껏 생각하고 계획하면서 새해를 맞이하고 싶다. 이맘때만 할 수 있고 또 비용도 들지 않는데 그마저 인색할필요는 없지 않을까. [곽금주 서울대 심리학과 교수]   [ⓒ 매일경제 & mk.co.kr, 무단 전재, 재배포 및 AI학습 이용 금지]"
205,7,"2024-01-01","17:41:06","난임부부에 새해 기적 같은 선물 '아홍이'","새해를 알리는 제야의 종소리가 울리는 순간 2024년 대한민국의 첫 번째 아기도 힘찬 첫울음을 터뜨렸다. 갑진년 (甲辰年) 첫둥이 '아홍이'(태명)가 태어난 순간이다. 첫둥이 아빠·엄마는 ""12년 차 부부인데 첫아이가 태어나 더 기쁨이 크다""면서 ""아이 이름은 세 가지를 뽑아뒀는데 아이가 자라는 것을 보면서 차차 정할 계획""이라고 함박웃음을 지었다. 서울 강남구 역삼동 강남차여성병원에서는 시계 침이 1일 0시 0분을 가리키자마자 임아연 씨(38)가 제왕절개로 3.15㎏의 건강한 아들을 출산했다. 엄마 임씨와 아빠 이주홍 씨(44)는 결혼 12년 만에 난임을 극복하고 첫아이 아홍이(태명)를 품에 안았다. 아홍이 엄마 임씨는 ""2012년 6월에 결혼해 시험관 시술로 아홍이를 가지고 건강하게 출산해 더 특별하다""며 ""우리나라에 있는 많은 난임 부부를 진심으로 응원한다""고 소감을 밝혔다. 아빠 이씨는 ""아홍이로 인해 세상이 조금 더 따뜻해졌으면 좋겠다""며 ""난임으로 고생하는 부부를 위한 국가적 관심과 정책적 지원도 더 많이 이뤄지길 바란다""고 전했다. 이들 부부는 결혼 때부터 자녀 계획을 갖고 있었으나 해외에서 생활하다 보니 출산 계획을 세우지 못하다가 최근 시험관 시술을 시도해 정말 운이 좋게도 한 번 만에 임신과 출산에 성공한 케이스다. 통계청에 따르면 전국적으로 2021년 기준 연간 25만명, 서울에서만 5만2000명이 난임 진단을 받았다. 난임 시술 인원도 2017년이후 증가 추세다. 하지만 난임 시술을 위해서는 시술당 150만~400만원 정도의 높은 비용이 필요하다. 부부는 정부에 난임 부부들을 위해 보다 많은 관심과 정책적 지원을 요청했다. 이들 부부는 ""주위의 수많은 난임 부부들을 보면서 대한민국이 이제 아이를 안 낳는 시대를 넘어 아이를 못 낳는 시대로 가고 있는 건 아닌가 하는 걱정이 있다""면서 ""정부에 정말 많은 관심과 정책적 지원을 부탁드린다는 말을 전하고 싶다""고 말했다. 정부는 이런 난임 부부의 적극적인 임신·출산 도전을 장려하기 위해 올해부터 난임 시술비 지원에 적용되던 소득기준을폐지하기로 했다. 소득에 상관없이 체외수정 등의 난임 시술 비용을 지원받을 수 있게 되는 것인데 임신을 계획하고 있는 부부에게는 난소기능검사와 부인과 초음파, 정액검사 등의 가임력 검사비도 지원된다. 아울러 고위험 임산부 의료비와 미숙아·선천성 이상아 의료비, 선천성난청검사 및 보청기 지원 사업의 소득기준도 모두 없어진다. 이씨 부부의 주치의인 차동현 강남차여성병원 원장은 ""산모와 아기가 모두건강해 기쁘다""며 ""저출산이 심해지는 상황에서 소중하고 귀한 아기의 탄생을 함께할 수 있어 뜻깊었고 생명의 소중함을 되새기는 새해 첫날이 되기를 바란다""고 말했다. 한편 새해 첫날 처음으로 인천공항 활주로를 밟은 여객기는 베트남 푸꾸옥에서 출발한 비엣젯항공 VJ978편이다. 이 여객기는 오전 0시 4분 인천공항에 착륙했다. 화물기 중에는 홍콩에서 떠나온 아시아나항공 OZ968편이 오전 0시 17분 인천공항 활주로에 가장 먼저 안착했다. 올해 처음으로 인천공항을 떠난 여객기는 터키항공의 TK091편이었다. 이 항공기는 오전 0시 5분 한국에서 튀르키예 이스탄불로 날아올랐다. 인천국제공항공사는 이날 오전 1시 중국 베이징에서 인천공항으로 들어오는 대한항공 여객기 KE854편 승객과 함께 첫 여객맞이 행사를 했다.  [안수진 기자]   [ⓒ 매일경제 & mk.co.kr, 무단 전재, 재배포 및 AI학습 이용 금지]"
206,1,"2024-01-01","17:36:14","지난달 가계대출 0.02% 늘어 증가 주춤","지난해 12월 5개 시중은행(KB국민·신한·하나·우리·NH농협)의 가계대출이 전달 대비 0.02% 증가에 그치며 거의 제자리걸음을 했다. 금융당국이 가계대출 억제에 나섰고 부동산 경기 둔화가 지속되고 있는 가운데, 개인들이 연말 성과급과 만기 예금 등을 재원으로 상대적으로 금리가 높은 신용대출 상환에 나선 영향이 있다는 분석이 나온다. 시중은행 예금 규모도 급감하며 개인뿐만 아니라 기업 역시 연말 결산을 앞두고 예금 등으로 대출을 상환하는 빚 줄이기(디레버리징)에 나선 모습이다. 1일 매일경제가 지난달 말(28일 기준) 국내 5대 은행 가계대출 규모를 취합한 결과 690조4985억원을 기록해 전달 대비 1129억원(0.02%) 증가에 그쳤다. 이 같은 가계대출 전달 대비 증감폭은 지난해 5월 말 1431억원 증가 이후 최저다. 지난달 말 5대 은행 전체 원화 대출 규모는 1480조6762억원으로 전달 대비 1조4535억원(0.10%) 증가에 그쳤다. 특기할 만한 점은 이 같은 대출 증가폭 감소가 은행 예금 감소와 맞물렸다는 점이다. 지난달 말 5대 은행 총수신은 1954조7118억원으로 전달 대비 19조2777억원(0.98%) 줄었다. 이는 월간 기준 지난해 최대 감소폭이다. 시중은행 관계자는 ""연말을 맞아 기업들이 부채비율 감소 등 재무제표 건전성을 높이기위해 만기 예금을 빚 갚기에 활용한 영향이 크다""며 ""가계 부문 역시 예금 만기 도래분과 연말 성과급 등을 바탕으로 신용대출을 적극 갚은것으로 보인다""고 설명했다. 실제로 가계대출 증가폭 둔화를 견인한 것은 주택담보대출에 비해 금리가 높은 가계 신용대출이다.  가계 신용대출은 지난달 말 106조7525억원을 기록하며 전달 대비 9666억원(0.90%) 줄었다. 2022년 하반기에 프로젝트파이낸싱(PF) 시장 불안으로 치솟았던 1년 만기 정기예금 금리가 뚝 떨어지며 재예치 유인이 줄어든 것도 한몫했다.  [한우람 기자 / 박나은 기자]   [ⓒ 매일경제 & mk.co.kr, 무단 전재, 재배포 및 AI학습 이용 금지]    [ⓒ 매일경제 & mk.co.kr, 무단 전재, 재배포 및 AI학습 이용 금지]"
206,2,"2024-01-01","17:36:13","새해 첫날 F4회의, 채권펀드 10조 증액 검토","정부가 태영건설의 워크아웃 신청 후 금융·건설업권을 중심으로 퍼지는 불안감을 차단하기 위해 새해 첫날 이른바 'F(Finance)4' 회의로 불리는 비상 거시경제·금융회의를개최했다. 금융당국은 현장의 목소리를 듣는 한편 시장 안정을 위해 채권시장안정펀드(채안펀드) 규모를 현재 20조원에서 30조원까지 늘리는것을 검토하고 있다. 1일 정부에 따르면 'F4' 구성원인 최상목 경제부총리 겸 기획재정부 장관, 김주현 금융위원장, 이창용 한국은행 총재, 이복현 금융감독원장은 모임을 갖고 태영건설의 워크아웃 문제를 비롯해 올해 경제금융 정책 현안들을 점검했다. 이 자리에서 'F4'는 2일 각종 금융회사 업무 및 증권시장 개시를 앞두고 태영건설 이슈가 국내 경제에 미칠 영향 등을 집중적으로 살펴봤다. 지난달 28일 발표한 각종 대책 외에 추가로 사용할 수 있는 '카드'에 대해서도 논의한 것으로 전해졌다. 금융위원회도 이번주 태영건설 관련 현안 점검 및애로사항 청취에 잇달아 나설 예정이다. 2일에는 김소영 금융위 부위원장이, 3일에는 권대영 금융위 상임위원이 각각 주재하는 대책 회의가열린다. 은행 등 금융회사 관계자, 금융·건설업권 전문가는 물론 워크아웃 신청으로 타격을 입게 될 건설사 협력·도급업체 관계자를 만나현장에서 요구하는 대책 관련 의견을 들을 예정이다. 오는 11일 채권자협의회에서 태영건설에 대한 워크아웃 개시 여부를 결정할 때까지 다양한 측면에서 시장 상황을 점검해보겠다는 목적이다. 또 정부는 태영건설 사태 여파로 제2금융권을 중심으로 발생할 수 있는 유동성 위기에 대비한 방안도 마련할 계획이다. 금융당국은 채안펀드 규모를 현재 20조원에서 30조원까지 늘리는 것을 검토하고 있다. 채안펀드는 은행과 증권, 보험 등 금융권이 공동 출자해 우량 금융채와 회사채에 투자함으로써 자금난을 겪는 기업에 유동성을 지원한다. 앞서 최 부총리도 지난달 29일 거시경제·금융 현안 간담회에서 현재 85조원 수준인 시장안정조치에 대해 ""필요시 추가 확대해 시장 변동성의 확대 가능성에 선제적으로 대비하겠다""고 말했다. 시장안정조치는 채안펀드를 비롯해 정부가 자금시장 안정을 위해 투입할 수 있는 지원 방안이다. 실제 산업은행이 금융채권단에 보낸 제1차 금융채권자협의회 소집 통보 공문에 따르며 태영건설의 프로젝트파이낸싱(PF) 보증 채무 규모는 9 조원이 넘는 것으로 나타났다. 태영건설의 직접 차입금은 은행·증권사·자산운용사 등 80곳, 총 1조3007억원 수준이다. 직접 차입금 외에 태영건설이 PF 대출 보증을 선 사업장은 총 122곳이고 대출 보증 규모는 9조1816억원으로 집계된다.  직접 대출금과 PF 사업장 대출 보증채무를 다 합친 채권단 규모도 400곳이 넘었다. 다만 태영건설의 정확한 채권단 규모와 채권액은 오는 11일 1차 협의회에서 정해질 것으로 보인다. 은행, 증권사 외에도 지방 상호금융조합, 저축은행 등 많은 금융사가 포함돼 있어 향후 의결권 배분 과정이 험난할 것이란 예상이 벌써부터 나온다. 금융당국은 태영건설의 강도 높은 자구 방안이 전제돼야 한다는 점도 재차 강조했다. 이 원장은 ""부실기업에 대해 자기 책임 원칙을 엄격하게 적용하되 질서 있는 구조조정과 사업 재편을 유도하겠다""고 밝혔다. 위기가 경제 전반으로 옮겨붙지 않도록 한계기업에대한 추가 구조조정 가능성도 열어둔 것으로 풀이된다.  [채종원 기자]   [ⓒ 매일경제 & mk.co.kr, 무단 전재, 재배포 및 AI학습 이용 금지]"
206,3,"2024-01-01","17:36:13","'소비자 금융정보' 이용료에 속앓이 하는 핀테크 업체들","올해부터 금융당국이 금융 소비 패턴 등에 대한 정보인 '마이데이터'를 이용하는 핀테크 업체 등에 대해 사용료를 부과하기로 하면서 일부 업체들이 속앓이를 하고 있다. 원칙적으로는 정보 사용료를 지불하는 방향이 타당하지만, 아직 수익성이 취약하고 상당수가 적자에 허덕이는 국내 핀테크 업계가 추가적으로 비용을 부담하게 되면 경영에 악영향을 받을 수도 있을 것으로 예상하기 때문이다. 이에 따라 핀테크 업체들은마이데이터 사용에 대한 공식적인 과금 일정을 늦추는 방향으로 정책이 진행되길 바라는 분위기다. 1일 금융권에 따르면 금융위원회는 ' 신용정보업 감독규정' 개정안을 통해 마이데이터 이용에 대한 과금을 추진하고 있다. 2022년 초에 본격 실시된 마이데이터는 개인의 재무현황 정보를 한데 모아 분석해주는 서비스다. 금융사들은 데이터 제공에 동의한 소비자에 한정해 금융·소비 패턴 등의 정보를 제공할 수 있고 핀테크 기업들은 이를 모아서 소비자에게 적합한 금융상품을 추천해주는 구조다. 개정안에 따르면 개인신용정보 전송 과금체계를 한국신용정보원 등 이해관계자가 참여하는 협의체에서 구체적으로 마련하게 돼 있다. 세부기준이 마련되면 마이데이터 정보를 이용하는 핀테크 업체들은 이용료를 분할 납부하게 된다. 다만 마이데이터 사업자의 특성 등을 고려해 필요한 경우 비용 일부를 감액할 수 있도록 했다. 금융위에 따르면 2022년 기준 마이데이터 전송 총원가가 1293억원이다. 핀테크 업체들은 마이데이터도 일종의 상품인 만큼 이용료를 내는 것이 맞는방향이라는 것은 이해하고 있다. 하지만 수익성이 취약하고 규모도 영세한 국내 핀테크 업체들 입장에서는 작지 않은 비용 부담이 발생한다고 걱정한다. 중소형 핀테크 업체 관계자는 ""중소형 핀테크 업체들이 대부분 적자를 보고 있다""며 ""데이터를 활용한 만큼 이용료를 내는 게 맞지만 마이데이터 정보 이용료를 내면 경영이 힘들어지는 건 사실""이라고 분석했다. [양세호 기자]   [ⓒ 매일경제 & mk.co.kr, 무단 전재, 재배포 및 AI학습 이용 금지]"
206,4,"2024-01-01","17:35:48","개요-HDFC 생명 보험 회사, 마하라슈트라 주 국세청 차장으로부터 명령 받기","BRIEF-HDFC Life Insurance Company Gets Order From Assistant Commissioner Of State Tax,Maharashtra  1월 1일 (로이터) - HDFC 생명보험회사 :  마하라슈트라 주 국세청 부청장으로부터 주문 받기   6410만 루피의 세금 수요, 7110만 루피의 이자      Further company coverage:      Reuters.Briefs@thomsonreuters.com        (c) Copyright Thomson Reuters 2020. Click For Restrictions - https://agency.reuters.com/en/copyright.html   원문 바로가기    DISCLAIMER  레피니티브의 사전, 서면 승인 없는 톰슨로이터 콘텐츠의 재생산이나 재배포는 금지되어 있습니다. 이 기사의 한국어 번역은 에프앤가이드가 사용하는 기계적 번역에 의한 것으로 톰슨로이터와 레피니티브는 번역의 정확성을 보증하지 않습니다."
206,5,"2024-01-01","17:35:46","""서방과 긴장 줄여줄 적임자"" 왕이 후임에 류젠차오 급부상","류젠차오 중국 공산당 대외연락부장(사진)이 차기 외교부장(장관)으로 지목되고 있다. 지난해 7월 친강 전 외교부장이 갑작스레 경질된 이후 '구원투수'로 왕이 외교부장이 복귀한 상황이어서 이러한 전망에 무게가 실린다. 1일 홍콩 사우스차이나모닝포스트(SCMP)는 류 부장이 이끄는 공산당 대외연락부의 역할이 강화된 점을 언급하며 류 부장이 승진할 가능성이 제기된다고 보도했다. 대외연락부는 중국 공산당의 당과 당 간 외교를 담당하는 부서로, 북한과 베트남 등 사회주의 우호국과의 외교를 주로 담당해 왔다. 그러나 류 부장은 취임 이후 베이징에서만 200여 명의 외국 사절과 외교관을 만났다. 니컬러스 번스 주중 미국대사도 두 차례나 만났다. 영국·이탈리아·프랑스·독일 등 11개국을 방문했다. 지난해 11월에는 중국 고위관료로는 2017년 이후 처음으로 호주를 찾기도 했다. SCMP는 ""국가 간 외교를 통상 외교부가 담당하는 점을 고려하면 대외연락부 위상이 강화된 것""이라고 전했다. 류 부장은 1980년대 옥스퍼드대에서 외교학을 잠시 공부했다. 2001년부터는 8년간 중국 외교부 대변인을 맡았고,필리핀과 인도네시아 주재 중국대사를 지내기도 했다. 2013년 11월부터는 2년가량 외교부 부장조리를 맡았다. SCMP는 익명을 요구한 외교분석가 발언을 인용해 ""류 부장은 중국과 이념이 일치하지 않는 국가들과 관계를 맺는 데 더 적극적""이라고 분석했다. 그러면서 ""류 부장은 '전랑(戰狼·늑대전사)' 외교관에 해당하지 않아 승진할 여지가 많다""고 평가했다. 기존 전랑 외교의 성과가 뚜렷하지 않다는 점도 이를 뒷받침한다. 한편 이날 중국 관영 신화통신은 시 주석과 조 바이든 미국 대통령이 양국 수교 45주년을 맞아 축전을 교환하고 양국 관계를 발전시켜야 한다는 데 뜻을 모았다고 전했다. [베이징 송광섭 특파원]   [ⓒ 매일경제 & mk.co.kr, 무단 전재, 재배포 및 AI학습 이용 금지]  를 관리하는 데 힘쓰고 있다""고 전했다.  [베이징 송광섭 특파원]   [ⓒ 매일경제 & mk.co.kr, 무단 전재, 재배포 및 AI학습 이용 금지]"
206,6,"2024-01-01","17:35:45","러·우크라, 새해 첫날도 대규모 교전","2023년 마지막 날까지 대규모 공습으로 맞붙은 러시아와 우크라이나가 새해 첫날에도 치열한 전투를 이어갔다. 1일(현지시간) 로이터통신에따르면 우크라이나군은 이날 자정이 지난 지 10분 만에 러시아가 점령 중인 도네츠크 중심부를 포격했다. 이 지역의 친러시아 수장인 데니스 푸실린은 텔레그램을 통해 이번 공격으로 4명이 사망하고 14명이 부상했다고 밝혔다. 그러면서 우크라이나군은 방사포를 이용해 포탄 15발을 발사했다며 포격은 언제든 재개될 수 있다고 말했다.  러시아도 같은 날 우크라이나에 공격을 가했다. 러시아군은 우크라이나 오데사 남부 항구 인근을 드론으로 공격해 최소 1명이 사망했다고 로이터통신은 전했다. 우크라이나 방공 시스템이 드론을 격추했지만, 잔해로 주택 등 건물에서 화재가 발생해 여러 명이 다친 것으로 전해졌다. 러시아군이 이날 우크라이나 남부 미콜라이프와 동부 드니프로에서도 새로운 야간 공습을 시작했다고 우크라이나군은 주장했지만, 사실 여부는 확인되지 않았다. 러시아는 전날 밤 우크라이나 동부 하르키우에 대한 공격도 재개했다.  최근 양국 간 교전은 더욱 치열해지는 양상이다. 러시아는 지난달 29일 122발의 미사일과 드론 36대를 동원해 하르키우를 포함한 우크라이나 전역에 개전 이후 최대 규모의 공습을 가했다. 우크라이나 역시 지난달 30일 러시아 서부 벨고로드에 미사일 공격을가해 14명의 사망자와 108명의 부상자를 낼 만큼 거센 반격을 펼쳤다. 한편 볼로디미르 젤렌스키 우크라이나 대통령은 영상 신년사를 통해 ""러시아와의 전쟁이 2년을 향하면서 우크라이나가 더욱 강해졌다""며 ""우크라이나 국민은 더 좋은 내일이 저절로 오지 않는다는 걸 잘 안다""고 강조했다.  블라디미르 푸틴 러시아 대통령도 TV로 중계된 신년사에서 ""가장 어려운 문제를 해결할 수 있음을 증명했고 절대 후퇴하지 않을 것""이라면서 전쟁을 이어갈 것임을 재확인했다. [한재범 기자]   [ⓒ 매일경제 & mk.co.kr, 무단 전재, 재배포 및 AI학습 이용 금지]"
206,7,"2024-01-01","17:35:45","이스라엘, 병력 수천명 철수 …'저강도 장기전' 준비","새해 첫날부터 팔레스타인 무장정파 하마스가 이스라엘을 향해 로켓포 공격을 가했다. 이스라엘은 전면전 대신 저강도 표적 공격으로 전술을바꾸면서 수천여 명의 병력을 철수하는 등 장기전 준비에 돌입했다. 로이터통신은 1일(현지시간) 하마스가 새해 첫날부터 이스라엘 진영에 20여 발의 로켓을 발사했다고 보도했다. 이스라엘 측은 방공망 '아이언돔'이 로켓을 대부분 요격했으며, 별도의 사상자는 보고되지 않았다고 전했다. 이스라엘군은 소셜미디어 엑스에서 ""새해에도 하마스에 대한 테러에는 변함이 없다""며 ""인질 모두가 집으로 돌아올 때까지 '해피뉴 이어'는 있을 수 없다""고 밝혔다.  하마스 측은 ""알카삼 여단(하마스 무장조직)이 텔아비브와 교외 지역을 M90 로켓으로 공격 중""이라며 ""이는 시오니스트(유대 민족주의자)의 민간인 학살에 대한 대응""이라고 밝혔다. 성탄절 연휴부터 새해 첫날까지 이스라엘과 하마스 간 국지전이 이어지면서 팔레스타인 가자지구에서 수십 명이 사망하는 등 피해가 잇따랐다. 지난해 10월 7일 전쟁이 발발한 이후 가자지구 사망자만 2만1800명에 달한다. 이스라엘군은 미국의 요청에 따라 지상 전면전 대신 '저강도 공세'로 재편하기 시작했다. 대규모 공습에 따른 사망자 피해를 최소화하고 하마스 잔존 세력을 소탕하기 위한 표적 공격에 들어간다는 분석이다. 실제 타임스오브이스라엘 등 현지 언론에 따르면 이스라엘군은 가자지구 내 5개 여단 병력을 철수하기로 했다. 가자지구에 남는 4개 사단 병력은 하마스 잔존 세력을 소탕하는 '3단계 장기전' 준비에 들어간다. 한편 미국은 이스라엘·하마스 전쟁 발발 이후 동지중해로 급파했던 핵추진 항공모함 제럴드 포드호를 철수시킬 계획이다. ABC뉴스는 제럴드 포드호가 미국 버지니아주 노퍽으로 복귀할 것이라며 다만 미국은 순양함과 구축함으로 중동 지역에 상당한 전력을 유지할 것이라고 전했다.  존 커비 백악관 국가안보회의 전략소통조정관은 선박 공격이 계속되고 있는 홍해 일대를 보호할 것이라고 밝혔다. 커비 조정관은 ""이곳(홍해)은 세계에서 가장 중요한 해상 무역로이며, 우리는 동맹국과 함께 이곳의 교역이 계속되도록 유지할 의무가있다""고 강조했다.  [진영태 기자]   [ⓒ 매일경제 & mk.co.kr, 무단 전재, 재배포 및 AI학습 이용 금지]"
207,1,"2024-01-01","17:30:50","“비키니 입고 돌아다녔는데”...온천서 내 모습 생중계한 中 방송인","중국의 한 온천 이용객들이 인터넷 개인 방송에 생중계돼 논란이 일고 있다. 지무신문(?目新?) 등 외신은 장쑤 창저우 리양의 ‘천목호 어수온천’에서 손님들의 모습이 실시간 개인 방송에 담겼다고 26일 보도했다. 이들의 수영복을 입은 모습 등은 지난 19일 약 4시간 동안 여과 없이 중계됐다. 동의를 구하는 절차 또한 없었다. 아울러 방송 댓글에 외모를 품평하는 내용도 있었다고 알려졌다. 제보자 선모씨는 “비키니를 입고 돌아다니는데, 카메라에 그대로 나왔다. 다른 사람의 외모, 몸매를 평가하고 있었다. 이건 사실 불법이다. 사생활 침해”라고 인터뷰에서 전했다. 해당 방송에는 온천 입장권 판매 링크가 걸려있던 것으로 전해졌다. 선씨는 온천 측이 홍보 차원에서 방송을 진행한 것 아니냐는 의문을 제기했다. 그는 “소비자의 사생활은 지켜줘야 하는 것 아니냐. 이러면 다른 사람들이 오겠나”라고 비판했다.  온천 관계자는 “링크 연결을 통한 수익은 발생할 수 있지만, 방송인은 우리가 데려온 것이 아니다”라고 밝혔다. 이어서 관계자는 “영상 속 구역은 실외 공공장소라 손님들이 휴대폰을 들고 다닐 수 있으며, 촬영이나 방송을 금지할 권리는 없다”면서 “현장에서 다른 사람에게 피해를 주지 않도록 주의를 시키고는 있다. 앞으로 관리를 강화하겠다”고 전했다. 해당 방송을 진행한 플랫폼은 방송인에게 경고 조치를 했다고 밝혔다. 현지 유관부서는 제보를 접수해 조사 중인 것으로 알려졌다.    [ⓒ 매일경제 & mk.co.kr, 무단 전재, 재배포 및 AI학습 이용 금지]"
207,2,"2024-01-01","17:30:50","수영복 입은 내 모습을 동의 없이 생중계? 사생활 침해 ‘갑론을박’","중국의 한 온천 이용객들이 인터넷 개인 방송에 생중계돼 논란이 일고 있다.  지무신문(?目新?) 등 외신은 장쑤창저우 리양의 ‘천목호 어수온천’에서 손님들의 모습이 실시간 개인 방송에 담겼다고 26일 보도했다. 이들의 수영복을 입은 모습 등은 지난 19일 약 4시간 동안 여과 없이 중계됐다. 동의를 구하는 절차 또한 없었다. 아울러 방송 댓글에 외모를 품평하는 내용도 있었다고 알려졌다. 제보자 선모씨는 “비키니를 입고 돌아다니는데, 카메라에 그대로 나왔다. 다른 사람의 외모, 몸매를 평가하고 있었다. 이건 사실 불법이다. 사생활 침해”라고 인터뷰에서 전했다. 해당 방송에는 온천 입장권 판매 링크가 걸려있던 것으로 전해졌다. 선씨는 온천 측이 홍보 차원에서 방송을 진행한 것 아니냐는 의문을 제기했다. 그는 “소비자의 사생활은 지켜줘야 하는 것 아니냐. 이러면 다른 사람들이 오겠나”라고 비판했다.  온천 관계자는 “링크 연결을 통한 수익은 발생할 수 있지만, 방송인은 우리가 데려온 것이 아니다”라고 밝혔다. 이어서 관계자는 “영상 속 구역은 실외 공공장소라 손님들이 휴대폰을 들고 다닐 수 있으며, 촬영이나 방송을 금지할 권리는 없다”면서 “현장에서 다른 사람에게 피해를 주지 않도록 주의를 시키고는 있다. 앞으로 관리를 강화하겠다”고 전했다. 해당 방송을 진행한 플랫폼은 방송인에게 경고 조치를 했다고 밝혔다. 현지 유관부서는 제보를 접수해 조사 중인 것으로 알려졌다.    [ⓒ 매일경제 & mk.co.kr, 무단 전재, 재배포 및 AI학습 이용 금지]"
207,3,"2024-01-01","17:30:23","[포토] 은평구, 새해 해맞이 행사","2024년 신년운세 토정비결 사주 확인!       [이데일리 김태형 기자] 김미경 은평구청장이 갑진년(甲辰年) ‘푸른 용의 해‘를 맞아 1일 봉산 해맞이공원에서 열린 새해 해맞이 행사에 참석하고 있다.  이날 해맞이행사에는 새해 소망 소원지 작성, 성악 공연, 대북 타고 및 축하공연과 청룡 퍼포먼스가 열렸다.  김미경 구청장은 “새해 첫날 힘차게 떠오른 태양처럼 은평구민 모두 밝은 한 해가 되길 희망한다”고 말했다. (사진=은평구)     ▶▶[무료공개]◀◀ 지금 ""1,000만원""만 있어도 당장 "" 이것""부터 사라!! >>> (무료체험)  [AI분석] 이번주 급등주 찾기!! ""500만원으로 20억"" 버는 종목 공개!! ▶무료로 확인가능◀     ＜ⓒ종합 경제정보 미디어 이데일리 - 무단전재 & 재배포 금지＞    "
207,4,"2024-01-01","17:30:12","(신년사)신원식 ""엄중한 안보상황, '힘에 의한 평화' 구현 박차""","신원식 국방부 장관이 지난달 29일 서울 종로구 정부서울청사에서 열린 임시국무회의에 참석하고 있다. (사진=뉴시스)     [뉴스토마토 한동인 기자] 신원식 국방부 장관은 신년사를 통해 ""엄중한 안보상황 속에서 우리 군은 국가방위의 숭고한 사명을 완수하기 위해 '힘에 의한 평화' 구현에 더욱 박차를 가해야 한다""고 강조했습니다.     신 장관은 1일 ""북한은 우리 국민의 생명과 재산을 지키기 위한 '9·19 군사합의' 일부 효력정지를 빌미 삼아 군사합의 파기를 선언하고 비무장지대(DMZ) 내 감시초소(GP)를 복구 및 재무장하고 있으며, 대륙간탄도미사일(ICBM)을 또다시 발사하는 등 도발의 수위를 지속 높이고 있다""며 이같이 말했습니다.     또 북한이 최근 노동당 전원회의에서 '모든 물리적 수단과 역량을 동원해 대한민국 전영토를 평정하기 위한 대사변 준비에 계속 박차를 가하겠다'고 밝힌 것을 언급하며 ""적을 압도할 수 있도록 대비태세를 강화해야겠다""고 다짐했습니다.     이어 ""말과 종이, 헛된 망상이 아닌 오직 '강한 힘'을 갖췄을 때 '진짜 평화'를 유지할 수 있다""며 ""적이 감히 도발할 엄두를 내지 못하도록 확고한 대비태세를 갖추기 바란다""고 거듭 말했습니다.     신 장관은 ""적이 도발하면 즉각, 강력히, 끝까지 응징해 추가 도발 의지와 능력을 완전히 분쇄하자""며 ""대한민국을 위협하는 북한의 도발적 망동은 곧 파멸의 전주곡이 될 것임을 뼈저리게 느끼게 해야 한다""고 했습니다.      그는 ""2024년 새해에도 북한의 도발 위협과 대남 야욕은 지속될 것이고, 우리 군의 임무는 결코 변함이 없다""며 ""적과 싸워 이기는 군의 본질에 충실한 가운데, 강한 국방력을 바탕으로 '힘에 의한 평화'를 적극 구현해 나가자""고 밝혔습니다.     아울러 신 장관은 ""충분한 휴식을 보장해 장병들이 오직 전투임무 수행에만 전념할 수 있도록 일하는 문화를 개선해 나가자""며 ""지금 이 순간에도 맡은 바 임무를 충실히 수행하고 있는 국방가족 여러분의 노고에 격려와 찬사를 보내며, 각급 부대 및 기관의 무궁한 발전과 건승을 기원한다""고 덧붙였습니다.        한동인 기자 bbhan@etomato.com [관련기사] · (신년사)오세훈 서울시장 “시민 행복 최우선으로 도시 획기적 혁신” · (신년사)이종석 헌재소장 ""재판 독립 원칙 지켜질 수 있도록 최선"" [한동인 기자의 다른 뉴스] ·김정은, '남=교전국' 명시…한반도 긴장 '최고조' · 국방부, '독도=영토분쟁 지역' 기술…비난 쇄도 [이 시각 주요뉴스] · 새해 역대급 '입주·공급 절벽'…전세 비상 · (신년사)이노공 법무부 장관 대행 ""부정부패 엄정 대응""  -경제전문 멀티미디어 뉴스통신 뉴스토마토 저작권자(c)뉴스토마토통신. 무단전재-재배포 금지-"
207,5,"2024-01-01","17:29:55","일본 7.4 강진 '쓰나미 경보'…강원 해안지역까지 해일 밀려온다","[머니투데이 양윤우 기자] 일본에서 발생한 강진의 여파로 한반도 동해안에도쓰나미(지진해일) 가능성이 있어 주의가 요구된다.   1일 기상청에 따르면 이날 오후 4시10쯤 일본 도야마현 북쪽 해역에서 규모 7.4의 지진이 발생했다.   이 강진으로 강원과 경북 해안 일부에도 지진해일이 도달해 해수면이 높아질 것으로 관측된다.   지진해일의 국내 주요 지점 도착 예상 시간은 △강원 강릉 오후 6시29분 △양양 오후 6시32분 △고성 오후 6시48분 △경북 포항 오후 7시17분이다. 해일의 최대 높이는 0.5ｍ 미만일 것으로 예상된다.   기상청 관계자는 ""강원 해안 일부는 지진해일로 해수면 높이가 높아질 수 있으니 안전에 주의해달라""며 ""지진해일 높이는 조석을 포함하지 않아 해안에 도달 후 점차 높아질 수 있다""고 했다.   이어 ""0.5m의 파도 높이는 어린 아이가 물 속에 있으면 위험한 수준이다. 성인의 경우 괜찮다""며 ""해일이 집을 덮치거나 그런 수준은 결코 아니다""라고 설명했다.   이번 지진으로 이시카와현과 니가타현 등에는 쓰나미 경보가 내려졌다. 일본 기상청(JMA)은 쓰나미의 높이가 5m에 이를 수 있다고 밝혔다.     [관련기사] ☞ 박민영 전 남친 논란에... ""내내 후회, 정신과 검사서 위험신호"" ☞ 故이선균 협박녀 얼굴 공개됐다…""95년생 미혼모"" 신상공개한 유튜버 ☞ 전현무도 감출 수 없었다…10기 정숙 데이트신청에 '울상' ☞ 프로파일러 배상훈 ""시신 트라우마... 집에 칼 없고 가구 문 다 열어"" ☞ 가수는 갔지만 노래는 남아, 천국서 히트한 '내 눈물 모아'[뉴스속오늘]   양윤우 기자 moneysheep@mt.co.kr     키워드림론 최대 4배 주식자금 & 고금리 대환상품 한도 오픈! (1644-6960)   [무료운세] 믿어야 돼 말아야 돼? 종목매수전에 믿고보는 '오늘의 운세'        [파워 인터뷰]       매수전에 점 부터 보고 가실께요 -> 오늘의 운세 [복채무료]      ⓒ 머니투데이 & mt.co.kr, 무단 전재 및 재배포 금지"
207,6,"2024-01-01","17:29:29","尹 ""1·2인 가구용 소형주택 확대…재건축 원점 재검토""","윤석열 대통령이 1일 발표한 신년사에서 '국민'이란 단어를 28번, '경제'는 19번 언급했다. '이념 패거리 카르텔 타파' 등 정치적으로 해석할 수 있는 내용도 일부 포함됐으나 국정 기조의 핵심에는 민생과 경제를 두겠다는 뜻을 천명한 것으로 해석된다. 윤 대통령은 이날 서울 용산 대통령실 청사에서 발표한 신년사에서 ""모든 국정의 중심은 국민""이라며 ""검토만 하는 정부가 아니라 '문제 해결을 위해 행동하는 정부'가 될 것""이라고 약속했다. 이어 ""우리 미래를 위해, 우리 아이들을 위해 언젠가누군가 해야 한다면 바로 지금 제가 하겠다""며 ""민생 현장 속으로 들어가 작은 목소리에도 귀를 기울이고 국민의 삶을 변화시키는 진정한 민생정책을 추진하겠다""고 덧붙였다.  윤 대통령은 ""새해에는 국민이 새집을 찾아 도시 외곽으로 나가지 않도록 도시 내에 주택 공급을 늘리겠다""며 ""특히 재개발, 재건축 사업 절차를 원점에서 재검토해 사업 속도를 높이고, 1·2인 가구에 맞는 소형 주택 공급도 확대하겠다""고밝혔다.  이날 신년사에서 국민의 관심이 큰 주택 문제에 대해 구체적으로 언급한 것도 민생 해결에 방점을 두겠다는 맥락으로 읽힌다.주택 가격이 문재인 정부 때에 비하면 한풀 꺾였지만 여전히 높은 수준인 데다 최근 공급 부족으로 전셋값까지 다시 오를 것이란 전망이 나오자 장기적 해결책을 제시한 것으로 볼 수 있다.  특히 1·2인용 소형 주택의 공급을 확대하겠다는 발언은 1인 가구 비중(2022년 기준)이34.5%에 달하는 현실을 감안해 신속하게 정책적 대응에 나서겠다는 의지로 풀이된다.  윤 대통령은 가장 심각한 문제인 저출산에 대해서는 ""저출산의 원인으로 지적되고 있는 우리 사회의 불필요한 과잉 경쟁을 개선하는 것이 매우 중요하다""며 ""이를 위해 우리 정부의 중요한 국정 목표인 지방균형발전 정책을 확실하게 추진해 나가겠다""고 말했다. 작년에 이어 올해에도 노동·교육·연금 등 3대 구조개혁을 강조했다. 윤 대통령은 ""노동개혁의 출발은 노사법치다. 법을 지키는 노동운동은 확실하게 보장하되, 불법행위는 노사를 불문하고 엄정하게 대응할 것""이라며 ""유연근무, 재택근무, 하이브리드근무 등 다양한 근무 형태를 노사 합의로 선택할 수 있도록 하겠다""고 말했다. 교육개혁에 대해선 ""세계 최고 수준의 교육과 돌봄을 국가가 책임지고 제공하겠다""며 ""초등학교에서 아침부터 저녁까지 안심하고 아이를 맡길 수 있도록 해 부모님의 양육과 사교육 부담을 덜어드리고, 아이들은 재미있고 다채로운 교육 프로그램을 누리게 하겠다""고 약속했다. 마지막으로 연금개혁과 관련해 ""국민적 합의 도출과 국회의 선택과 결정만 남아 있다""며 ""정부는 앞으로 국회의 공론화 과정에도 적극 참여해 국민적 합의를 도출하는 데 최선을 다하겠다""고 했다. 북한을 향해선 단호한 대처 의지를 강조했다. 한국을 동족이 아니라 교전국으로 보겠다며 도발 방침을 분명히 한 북한에 대해선 ""대한민국은 상대의 선의에 의존하는 굴종적 평화가 아닌, 힘에 의한 진정하고 항구적인 평화를 확고히 구축해 나가고 있다""며 ""상반기까지 증강된 한미 확장억제 체제를 완성해 북한의 핵 미사일 위협을 원천 봉쇄할 것""이라고 다짐했다. 신년사 발표에 앞서 윤 대통령은 국무위원, 대통령실 참모들과 함께 서울 동작구 국립현충원을 방문하며 갑진년 한 해의 일정을 시작했다. 이후 윤 대통령은 용산으로 돌아와 국무위원 등과 떡국으로 조찬을 함께했다. 이 자리에서 윤 대통령은 ""지난해 고금리·고물가·고유가로 경제가 어려웠으나 건전재정 기조를 유지해 경제적 성과가 발생할 수 있었다""며 ""올해는 문제가 생기면 즉각 해결하고 민생에 깊이 파고들어야 한다""고 강조했다고 김수경 대통령실 대변인이 전했다. 한편 올해는 부처 업무보고 형식이 바뀐다. 대통령실 관계자는 ""업무보고는 대통령과 국민이 함께하는 민생토론회 콘셉트로 실시한다""며 ""주제별로 묶어 현장성을 강화해 그 주제가 가장 잘 드러나고 활기차게 논의될 수 있는 현장에서 한다""고 설명했다. [우제윤 기자]   [ⓒ 매일경제 & mk.co.kr, 무단 전재, 재배포 및 AI학습 이용 금지]"
207,7,"2024-01-01","17:29:29","이창용 ""재정 확대·부채 의존한 임기응변식 성장 시대는 끝났다""","1일 이창용 한국은행 총재(사진) 가 ""물가 안정을 최우선으로 추구하면서도 경기 회복과 금융 안정에 필요한 최적의 정교한 정책 조합을 찾아나가야 한다""며 ""무엇보다도 장기간 이어지고 있는 인플레이션과의 싸움을 잘 마무리하는 것이 중요하다""고 말했다. 이 총재는 이날 신년사에서 ""정상 직전의 오르막길 또는 마라톤의 마지막 구간, 즉 라스트 마일이 가장 어렵다""며 올해 고물가와의 전쟁을 성공적으로 끝내겠다는 의지를 밝혔다. 1년여간 이어지던 고물가는 이르면 올해 말 목표치(2%)에 근접할 것으로 전망된다. 이 총재는 세계 경제가 통화긴축 지속의 여파로 성장세가 약화하는가운데 글로벌 인플레이션은 둔화 흐름을 이어갈 것이라고 진단했다.  그는 ""세계 교역의 분절화, 중동·동유럽 지역의 지정학적 리스크, 주요국의 선거 결과에 따른 국제 정세의 급변 가능성 등 외부 여건의 불확실성이 높은 상황""이라며 ""국제통화기금(IMF)은 향후 5년간의 세계 경제성장률을 연평균 3%대 초반으로 전망하는 등 대외 여건이 결코 녹록지 않다""고 말했다.  이어 ""수출 중심의 경기 회복세가 이어져올해와 내년 경제성장률은 2.1%, 2.3%까지 개선될 것으로 전망된다""며 ""그러나 높아진 물가 수준과 고금리 장기화의 영향을 크게 받는 취약계층의 어려움이 특히 염려된다""고 덧붙였다. 특히 올해까지 긴축 기조의 여파가 금융·실물시장에 영향을 미칠 것이라고 전망하며 최근 건설업계 불안감의 단초가 됐던 부동산 프로젝트파이낸싱(PF)과 같은 후폭풍에 대비해야 한다고 강조했다.  이 총재는 ""주요 선진국에서 상업용 부동산 대출의 부실 징후가 나타나고, 국내에서도 부동산 PF를 중심으로 일부 위험 신호가 감지되는 만큼 경제의 약한 고리를 중심으로신용 위험이 확대되지 않도록 특히 주의해야 한다""고 주문했다. 올해 미국을 비롯해 전 세계적으로 금리 인하로 피벗(통화정책 전환)이본격화될 것으로 예상되며 각국 통화정책의 차별화 속에 한국의 대응에도 관심이 집중되고 있다. 이 총재는 ""지난해 대부분 중앙은행이 고물가에 대응해 한 방향으로 달린 것과 달리 올해는 주요국 금리 인상 사이클이 마무리되는 가운데 나라별 정책이 차별화할 것""이라고 말했다.그러면서 ""올해 한은은 물가 안정을 최우선으로 추구하면서도 경기 회복과 금융 안정에 필요한 최적의 정책 조합을 찾아야 한다""고 강조했다. 한국 경제의 지속 가능한 성장을 위한 구조개혁 '골든타임'에 대한 당부도 잊지 않았다.  이 총재는 ""경제가 어려워질 때마다 재정확대와 저금리에 기반한 부채 증대에 의존해 임기응변식으로 성장을 도모하는 시대는 지났다""며 ""우리 경제의 지속 가능한 성장을 저해하는다양한 요인이 산재한 만큼 여러 구조적 문제에 대한 해결 방안을 찾는 데 힘써야 한다""고 주문했다. 한편 이 총재는 올해 주요 연구 과제로 과거 부동산 가격 급등, PF 부실화의 구조적 원인과 제도적 보완책을 꼽았다. 또 디지털 시대 뱅크런에 대응한 규제·감독체제, 비은행금융기관의 중요도를 고려할 때 한은 유동성 지원 장치 개선 사항, 환율의 대외 충격 흡수 기능 활용 등을 제시했다. 이 총재 부임 후 시장과 소통 확대 등 많은 변화에 나서고 있는 한은에 대한 평가는 긍정적이라고 자평했다. 이 총재는 ""경영인사 혁신 방안의 성공적 도입과 임직원의 끊임없는 노력으로 많은 것이 변화했고, 외부에서도 긍정적인 평가가 이어지고 있다""며 직원을 향해 ""앞으로도 한 단계 더 발전하기위해 '절차탁마(切磋琢磨)'의 정신으로 계속 노력해주시길 당부드린다""고 말했다.  [한상헌 기자]   [ⓒ 매일경제 & mk.co.kr, 무단 전재, 재배포 및 AI학습 이용 금지]"
208,1,"2024-01-01","17:24:59","플라즈맵 ""치과 넘어 성형외과로 시장 확대""","나에게 맞는 종목추천 AI알고리즘을 찾고 싶다면? 한경 로그인만 하면 1개월 무료 체험가능     임유봉 대표 인터뷰    1분만에 불순물 제거 '액티링크'  척추 임플란트, 보형물에도 적용     [ 오현아 기자 ]  “임플란트용 표면처리기 사업을 치과에 머물지 않고 척추 임플란트, 성형 보형물 등 정형외과와 성형외과로 영역을 넓히려고 합니다.”  임유봉 플라즈맵 대표(사진)는 최근 한국경제신문과 만나 “지난해 제자리걸음 한 매출을 늘리기위해 사업 영역을 확대하기로 했다”고 말했다.  플라즈맵은 플라즈마를 이용한 저온 멸균기 ‘스타링크’와 임플란트용 표면처리기 ‘액티링크’를 제조하는 국내 의료기기 상장사다. 지난해 매출 400억원을 목표로 잡았지만 실제로는 2022년 매출(133억원) 수준에 그쳤다. 주력 제품인 스타링크와 액티링크 성장세가 제자리걸음 했기 때문이다.  액티링크는 임플란트를 식립하기 직전에 사용한다. 1분 만에 불순물을 제거해 잇몸에 붙을 수 있는 임플란트 면적을 넓혀 생체 접착률을 높이고 염증 반응을 줄이는 의료기기다. 주로 치과에서 사용해왔는데 정형외과, 성형외과로 적용 분야를 넓히기로 했다.  임 대표는 “척추 임플란트는 전부3차원(3D) 프린팅으로 제작된다”며 “이는 치과용 임플란트보다 표면에 불순물이 훨씬 많아 표면처리기 도입 필요성이 높다”고 설명했다. 또 “성형외과에서 사용하는 코·가슴 보형물도 염증을 유발하기 때문에 액티링크 수요가 있을 것”이라고 했다. 플라즈맵은 주력제품인 스타링크도 처음엔 치과에 공급하다가 성형외과, 피부과, 안과 등으로 시장을 넓혀 매출을 늘렸다.  플라즈맵은 새로 개발 중인 스팀링크도 치과용과 피부용 두 가지 제품으로 내놓을 계획이다. 스팀링크는 피부끼리 쉽게 접합되도록 하는 제품이다. 상처 부위의 산소를 활성화해 균을 죽인다. 질소를 활성화해 표피세포를 자극함으로써 상처를 빨리 아물게 하는 효과도 있다. 임 대표는“피부는 더 잘 붙게 하고 흉터는 덜 지게 하는 제품”이라고 했다.  플라즈맵은 인체조직 재생 전문기업 엘앤씨바이오와 손잡는다. 엘앤씨바이오는 2022년 플라즈맵이 정부 연구개발 지원사업에 참여하며 공동 개발 및 업무협약을 통해 인연을 맺은 회사다. 엘앤씨바이오의 영업망을 통해 스팀링크를 판매할 방침이다. 엘앤씨바이오는 플라즈맵의 3자 배정 유상증자에 참여한다. 플라즈맵 기기 중 북미 시장에 판매되는 제품의 제조를 맡은 드림텍이 30억원, 엘앤씨바이오가 20억원의 전환사채(CB)에 투자하는 방식이다.  임 대표는“오는 2~3분기에 스팀링크를 출시할 예정”이라며 “엘앤씨바이오와의 협업을 통해 빠르게 시장을 확대할 것”이라고말했다.  오현아 기자     ▶▶[급등종목]◀◀ 지금 ""1,000만원""만 있다면 당장 ""이것"" 매수해라!! >>> (무료공개)  >> ★무료카톡방★ 이제 추천주 ""무료""로 받으세요! ★무료카톡방★  ▶▶ 월0.2%대 최저금리 X 주식자금 4배 X 100%집중투자 => 부자네스탁론  [단기에 부자가 되는 방법] 상위 1%만의 강의 무료 제공 중 (pw:4560)  나에게 맞는 종목추천 AI알고리즘을 찾고 싶다면? 한경 로그인만 하면 1개월 무료 체험가능  [오늘의 이슈] 급등임박! 올해 반드시 상승할 ""실시간 TOP3"" 확인하세요! ▶▶ 무료 클릭!                관련기사 한국 기술에 日 '러브콜'…2500억 잭팟 터졌다 연봉 3000만원 직장인…100억대 자산가 된 비결 길 하나 건넜더니…""붕어빵 한 개에 4000원?"" 음료 2잔이 230만원…관광지 '바가지'에 발칵 환자인데 생존률 100%…논란의 '암' 뭐길래    ⓒ 한국경제 & hankyung.com, 무단전재 및 재배포 금지"
208,2,"2024-01-01","17:24:21","버즈-인도 숙박 요금은 10~12월에 국경없는의사회를 상회하고, 거래량은 3분기에 최고치를 기록했습니다.","BUZZ-India overnight rates stay above MSF in Oct-Dec, vol at 3-qtr high  인도의 타이트한 은행 시스템 유동성 여건 덕분에 10월부터 12월까지 야간 금리가 인도중앙은행 통화정책 통로의 상단을 상회하는 수준을 유지할 수 있었습니다.   10~12월 가중평균 은행 간 콜머니 금리와 TREPS 금리는 6.76%, RBI 레포 금리는 6.50%, MSF 금리는 6.75%입니다.   일평균 거래량은 콜 1110억 루피, 트립스 3조 5200억 루피로 1~3월 이후 최고치를 기록했습니다.   한 국영 은행의 트레이더는 ""대부분의 기간 동안 RBI 지원이 없었고 지난 2 주 동안에야 들어 왔기 때문에 시장 차입에 대한 의존도가 높았습니다.""라고 말합니다.   10~12월 일평균 유동성 부족액이 1조1400억 루피로 증가해 5년 만에 최고치를 기록했습니다.   트레이더들은 1월 오버나이트 금리가 완화될 것으로 예상하지만, 레포 금리 대신 MSF에 근접할 것으로 예상합니다.      (Reporting by Dharamraj Dhutia)  dharamraj.dhutia@tr.com        (c) Copyright Thomson Reuters 2020. Click For Restrictions - https://agency.reuters.com/en/copyright.html   원문 바로가기    DISCLAIMER  레피니티브의 사전, 서면 승인 없는 톰슨로이터 콘텐츠의 재생산이나 재배포는 금지되어 있습니다. 이 기사의 한국어 번역은 에프앤가이드가 사용하는 기계적 번역에 의한 것으로 톰슨로이터와 레피니티브는 번역의 정확성을 보증하지 않습니다."
208,3,"2024-01-01","17:22:57","LG디스플레이, '바퀴 달린 스마트폰' SDV 최적화 솔루션 공개","[서울=뉴스핌] 이지용 기자 = LG디스플레이는 이달 미국에서 열리는 세계 최대IT가전 전시회 'CES 2024'에서 차세대 차량용 디스플레이 솔루션을 대거 공개한다고 1일 밝혔다.  LG디스플레이는 라스베이거스 컨벤션센터(LVCC) 웨스트홀에서 글로벌 완성차 및 전장부품 고객을 대상으로 차량용 디스플레이 전용 부스를 마련하고, '미래 모빌리티를 위한 최적의 솔루션'이라는 주제로 전시를 운영한다.  최근 모빌리티 산업의 화두로 떠오르고 있는 '소프트웨어 중심 자동차(SDV)'에 최적화된 차량용 디스플레이 솔루션을 고객에게 제안할계획이다.  바퀴 달린 스마트폰이라고도 불리는 SDV는 각종 차량 제어 및 인포테인먼트 기능이 강화되어 디스플레이 탑재가 늘어나는 '스크린화(SCREENIFICATION)'가 특징이다.   LG디스플레이가 CES 2024에서 '소프트웨어 중심 차량(SDV)'에 최적화된 차량용 디스플레이를 대거 공개한다. 사진은 LG디스플레이 모델이 차량용 '48인치 필러투필러 LTPS LCD'와 '18인치 슬라이더블 OLED'로 구성된 디지털 콕핏을 소개하는 모습. [사진=LG디스플레이]  이에 LG디스플레이는 플라스틱 유기발광다이오드(P-OLED), ATO(ADVANCED THIN OLED), 저온다결정실리콘(LTPS) 액정표시장치(LCD) 등 차별화 기술을 기반으로 대시보드를 가득 채우는 다양한 초대형 차량용 디스플레이 솔루션을 제안할 계획이다.  P-OLED는 유연한 플라스틱 기판을 사용해 가볍고 구부릴 수 있는 초고화질 프리미엄 라인업이며, ATO는 유리 기판을 사용해 합리적인 가격대로 차량용 OLED의 차별적 가치를 제공하는 신제품이다. LTPS LCD는 기존 LCD 대비 대형화 및 고해상도 구현에 유리하다.  디스플레이 시야각을 제어해 운전자의 전방 주시를 돕는 '시야각 제어 기술(SPM)'도 소개한다. 최근 프리미엄 자동차를 중심으로 운전석 앞 계기판부터 조수석 앞까지 화면이 확대됨에 따라 SPM 기능의 중요성이 커지고 있다. SPM을 작동하면 조수석의 화면으로 영화를 감상해도 운전자석에서는 보이지 않아 보다 안전한 운전을 돕는다.  또, 슬라이더블 및 폴더블 OLED를 차량 뒷좌석에 적용해 탑승객의 필요에 따라 화면을 펼쳐 사용하는 등 차량 내 한정된 공간의 효율성을 극대화하는 솔루션도 함께 선보인다.  김병구 LG디스플레이 오토사업그룹장(전무)은 ""미래 모빌리티를 위한 최적의 차량용 디스플레이 솔루션으로 세계 1등의위상을 더욱 강화해 나갈 것""이라고 말했다.     leeiy5222@newspim.com LG디스플레이, 1.3조원 유증…OLED 사업 강화나서 LG디스플레이, OLED 신기술 해외서 호평…'올해의 혁신상' 수상 LG디스플레이, 아픈 손가락 'LCD' 등에 업고 적자 탈출하나 LG디스플레이 '3세대 OLED TV 패널', 눈건강 인증 잇따라 획득              저작권자(c) 글로벌리더의 지름길종합뉴스통신사 뉴스핌(Newspim), 무단 전재-재배포 금지"
208,4,"2024-01-01","17:22:46","[속보] 일본 7.6 강진…이시카와 1.2m 도야마 0.8m 니카타 0.4m 쓰나미","【파이낸셜뉴스 도쿄=박소연 기자】   psy@fnnews.com 박소연 기자  [파이낸셜뉴스 주요뉴스]  → 100억대 위약금에 유서 쓴 이선균, 아내 전혜진에 남긴 말은... → ""혼전순결 강조하며성관계 안한 남편, 알고 보니..."" 반전 사연 → 정대세의 폭탄 고백 ""아내와 결혼 10년 만에 이혼을..."" → 10살 연하와 결혼한 女배우 고백 ""남편이 계좌번호를..."" → 전남 광양 앞바다서 40대男 숨진 채 발견, 시신 살펴보니 → 한주간 지친 나에게 디저트로 [파인애플]  ▶▶[무료공개]◀◀ 지금 ""1,000만원""만 있어도 당장 ""이것""부터 사라!! >>> (무료 체험)    ※ 저작권자 ⓒ 파이낸셜뉴스.무단 전재-재배포 금지 "
208,5,"2024-01-01","17:22:46","“아이유 보면 나도 착해지는 기분”…역시 기부천사, 새해 첫날 2억원 쾌척","연예계를 대표하는 기부천사인 가수 겸 배우 아이유(본명 이지은)가 올해 취약계층을 위해 사용해달라며 2억원을 기부했다. 1일 소속사 이담엔터테인먼트에 따르면 아이유는 한국노인종합복지관협회, 한국아동복지협회, 한국미혼모가족협회, 한국장애인복지시설협회에 각 5000만원씩 총 2억원을 전달했다. 기부는 아이유와 팬덤명 유애나를 합친 ‘아이유애나’라는 이름으로 진행됐다. 아이유는 이날 공식 소셜미디어(SNS)에 기부 사실을 알리며 “1년 365일 내내 행복할 수만은 없겠지만 기쁜 날이 슬픈 날보다는 월등히 많은 한 해가 되시길”이라고 올렸다. 아이유는 매년 특별한 기념일마다 ‘아이유애나’ 이름으로 나눔을 실천하고 있다. 어려움을 외면하지 않는 선한 영향력을 보여주고 있다. 아이유는 이와 관련해 “엄마가 ‘남을 도울 일이 있으면 돕자’는 말씀을 하셨다”며 “엄마를 통해기부하는 자세를 배웠다”고 밝히기도 했다. 한편 아이유는 지난해 말 2년 연속으로 소비자가 가장 선호하는 광고 모델에 올랐다. 한국방송광고진흥공사(코바코)가 소비자 2000명을 대상으로 조사한 결과 전체 응답자의 8.1%가 가장 좋아하는 광고 모델로 아이유를 꼽았다고밝혔다. 이어 김연아(6.9%), 공유(6.1%), 손흥민(3.7%), 유재석(3.3%)의 순이었다.    [ⓒ 매일경제 & mk.co.kr, 무단 전재, 재배포 및 AI학습 이용 금지]"
208,6,"2024-01-01","17:22:45","LG전자, 'CES 2024'서 투명 OLED 탑재 오디오 등 혁신제품 대거 공개","[서울=뉴스핌] 이지용 기자 = LG전자는 세계 최대 가전·IT 전시회 'CES 2024'에서 '도전 DNA'가 담긴 혁신 제품들을 대거 선보인다고 1일 밝혔다.   LG전자는 실험적이고 혁신적인 제품과 서비스를 고객에게 전달하는 마케팅 플랫폼 'LG Labs(랩스)' 전용 전시 공간을 마련한다. 특히, 올해는 CES 2023 대비 LG Labs 전시 공간의 크기를 2배 이상 확대한다. 이곳에서 다양한 라이프스타일에 맞는 기발한 아이디어를 제품으로 구현해 다채로운 고객경험을 제시한다.  LG전자는 이번 전시에서 진공관 오디오를 모티브로 투명 유기발광다이오드(OLED) 패널을 탑재한 올인원 오디오 '듀크박스(DukeBox)'를 처음으로 공개한다. 옛 감성에 최첨단 기술을 결합해 새로운 음악 경험을 전달할 예정이다.   LG전자는 세계 최대 가전·IT 전시회 'CES 2024'에서 '도전 DNA'가 담긴 혁신 제품들을 대거 선보인다고 1일 밝혔다. 진공관 오디오를 모티브로 투명 OLED 패널을 탑재한 올인원 오디오 '듀크박스(DukeBox)'. [사진=LG전자]  듀크박스 하단부에는 전면 스피커가, 상단부에는 모든 방향으로 고르게 음향을 들려주는 360도 스피커가 탑재돼 사운드의 입체감을 살려준다. 오디오 전면에는 투명 OLED 디스플레이를 적용해 투명 상태에서는 내부의 진공관이 드러나 보이고, 장작불 영상을 띄워 벽난로 분위기의 연출이 가능하다. 또, 투명도 조절이 가능해 불투명 상태로 만들어 일반 디스플레이처럼 선명한 화질로 영상을 즐기는 것도 가능하다.  LG전자는  이와 함께 글램핑 고객을 위한 맞춤형 주거 공간 '본보야지(Bon Voyage)'의 두 번째 버전도 공개한다. 지난 8월 본보야지를 공개한 이후, 고객들의 다양한 목소리를 반영해 캠핑 트레일러 크기로 만들어 이동성과 공간 활용성을 높였다.  본보야지는 실내 주차가 가능한 크기이면서 자동차에 연결해 어디든 끌고 다니며 편안하게 캠핑을 즐길 수 있다는 점이 특징이다. 폭, 길이, 높이 각각 2m x 3.8m x 2.2m 크기에 내부 공간을 화장실은 물론 침대, 냉장고, 전기레인지, 정수기, 스타일러, 슈케어 등 다양한 가구와 가전제품으로 꾸밀 수 있다.  맛과 향이 다른 두 가지의 캡슐을 한 번에 추출하는 캡슐 커피머신 '듀오보(DUOBO)'도 글로벌 고객에게 공개한다. 우주탐사선을 모티브로 디자인된 듀오보는 지난 7월 미국 크라우드 펀딩을 통해 처음으로 소개됐다. LG전자는 전시 공간을 듀오보 대형 모형과 우주펫 캐릭터 '큐보(CUBO)' 등을 연출해 글로벌 고객을 맞이할 계획이다.  이 밖에도 LG전자는 LG 시네빔 큐브, LG 그램 폴드, LG 스탠바이미Go, LG엑스붐, LG 틔운 미니, 브리즈(brid.zzz) 등 고객경험 혁신을 위해 탄생한 제품들을 전시할 계획이다.  김효은 LG전자 브랜드매니지먼트담당은 ""LG전자의 도전 DNA가 만들어낸 혁신적인 제품과 서비스를 글로벌 고객이 직접 경험해 볼 수 있도록 준비할 것""이라고 말했다.   leeiy5222@newspim.com LG전자, '2024년형 QNED TV' 공개…""AI 프로세서로성능·속도 ↑"" LG전자, 1·2인 가구 맞춤형 정수기 퓨리케어 '라이트온' 출시 LG전자, AI 프로세서 탑재한 'LG 그램 프로' 출시…'최경량' 기네스 등재 LG전자, 초소형 4K 프로젝터 'LG 시네빔 큐브' CES 2024서 공개               저작권자(c) 글로벌리더의 지름길 종합뉴스통신사 뉴스핌(Newspim), 무단 전재-재배포 금지"
208,7,"2024-01-01","17:22:42","[속보] 일본 강진에 주택 3만6000여채 정전, 주민 대피령","【파이낸셜뉴스 도쿄=박소연 기자】    psy@fnnews.com 박소연 기자  [파이낸셜뉴스 주요뉴스]  → 100억대 위약금에 유서 쓴 이선균, 아내 전혜진에 남긴 말은... → ""혼전순결 강조하며 성관계 안한 남편, 알고 보니..."" 반전 사연 → 정대세의 폭탄 고백 ""아내와 결혼 10년 만에 이혼을..."" → 10살 연하와 결혼한 女배우 고백 ""남편이계좌번호를..."" → 전남 광양 앞바다서 40 대男 숨진 채 발견, 시신 살펴보니 → '주린이'가 먹어야 할 과일은? [파인애플]  ▶▶[무료공개]◀◀ 지금 ""1,000만원""만 있어도 당장 ""이것""부터 사라!! >>> (무료 체험)    ※ 저작권자 ⓒ 파이낸셜뉴스. 무단 전재-재배포 금지 "
209,1,"2024-01-01","17:15:32","일, 혼슈 서부에 규모 7.6 지진…북부 연안 쓰나미 경보 [종합]","일, 새해 첫날 규모 7.6 지진 북부 연안 최대 5m 쓰나미 경보   일본 혼슈 서부 지역인 이시카와현에 규모 7이 넘는강진이 발생했다. 동해 쪽을 접한 일본 북부 연안에는 지진해일(쓰나미) 경보도 발령됐다. 1일 일본 기상청은 이시카와현 노토 지역에 오후 4시 10분 규모 7.6의 지진이 발생했다고 밝혔다. 지진 발생과 동시에 이 지역을 중심으로 최대 5미터에 달하는 지진해일 경보도 발령됐다. 이시카와현 인근에는 5m가 넘는 지진해일 경보가 나왔지만 큰 피해 없이 지나간 것으로 추정된다. 일본 정부는 지진 발생 후 총리관저의 위기관리센터에 대책실을 설치했다. 기시다 후미오 총리는 피해자 구조 등 재해응급 대책에 최선을 다해줄 것을 지시했다. 진원지에 가까운 이시카와현 등에서는 테이블에 있는 TV가 떨어지고, 책장의 책이 쏟아지는 등 상당한 흔들림이 있었던 것으로 알려졌다. 도쿄에서도 사람이 느낄 수 있는 수준의 흔들림이 길게 이어졌다. 이시카와현 인근 총영사관과 민단 등에 따르면 교민 피해 등은 거의 없는 것으로 알려졌다. 교민들은 현재 쓰나미 방송을 보면서 인근 고층 건물로 대피한 상황이다. 이 지역에 있는 고마쓰 공항에는 대한항공이 운항하는데 이날은 비행편이 없다. 공항도 큰 피해가 없는 것으로 알려졌지만, 2일 예정된 비행 여부에 대해서는 현지 상황을 지켜보는 분위기다. 또 이 지역을 지나는 호쿠리쿠 신칸센은 지진 발생과 동시에 운행을 중단한 상황이다. 재개 여부는 아직 공식화되지 않았다. 이시카와현 호쿠리쿠 전력의 시가 원전 1·2호기에서도 별다른 이상은 발생하지 않은 상황이다. 일본 기상청의 지진 등급인 진도는 절대 강도를 의미하는 규모와는 달리, 지진이 일어났을 때 해당 지역에 있는 사람의 느낌이나 주변 물체 등의 흔들림 정도를 수치로 나타낸 상대적 개념이다. 진도는 사람이 흔들림을 감지하지 못하고 지진계에만 기록되는 ‘0’부터 서 있기가 불가능한 ‘7’까지 10단계로 나뉜다. 일본 기상청에 따르면 일본에서 진도 7의 흔들림을 관측한 것은 2018년 9월 6일 홋카이도서 발생한 규모 6.7의 지진 이후 처음이다. 이때는 홋카이도뿐 아니라 도호쿠와 간토 등 각지에서 흔들림이 관측됐다. 한편 한국 기상청은 일본의 강진으로 동해안 일부에 지진해일이 도달해 해수면이 높아질 수 있다며 주의를 당부했다. 예상 지진해일 도달 시점은 강릉 오후 6시 29분, 양양 오후 6시 32분, 고성 오후 6시 48분, 경북 포항 오후 7시 17분이다. 해일의 최대 높이는 0.5미터 미만일 것으로 예상된다. 기상청은 “강원 해안 일부는 지진해일로 해수면 높이가 높아질 수 있으니 안전에 주의해달라”며 “지진해일 높이는 조석을 포함하지 않아 해안에 도달 후 점차 높아질 수 있다”고 설명했다.    [ⓒ 매일경제 & mk.co.kr, 무단 전재, 재배포 및 AI학습 이용 금지]"
209,2,"2024-01-01","17:15:14","일, 혼슈 서부에 규모 7.6 지진…북부 연안 쓰나미 경보 [종합]","일, 새해 첫날 규모 7.6 지진 북부 연안 최대 5m 쓰나미 경보   일본 혼슈 서부 지역인 이시카와현에 규모 7이 넘는강진이 발생했다. 동해 쪽을 접한 일본 북부 연안에는 지진해일(쓰나미) 경보도 발령됐다. 1일 일본 기상청은 이시카와현 노토 지역에 오후 4시 10분 규모 7.6의 지진이 발생했다고 밝혔다. 지진 발생과 동시에 이 지역을 중심으로 최대 5미터에 달하는 지진해일 경보도 발령됐다. 이시카와현 인근에는 5m가 넘는 지진해일 경보가 나왔지만 큰 피해 없이 지나간 것으로 추정된다. 일본 정부는 지진 발생 후 총리관저의 위기관리센터에 대책실을 설치했다. 기시다 후미오 총리는 피해자 구조 등 재해응급 대책에 최선을 다해줄 것을 지시했다. 진원지에 가까운 이시카와현 등에서는 테이블에 있는 TV가 떨어지고, 책장의 책이 쏟아지는 등 상당한 흔들림이 있었던 것으로 알려졌다. 도쿄에서도 사람이 느낄 수 있는 수준의 흔들림이 길게 이어졌다. 이시카와현 인근 총영사관과 민단 등에 따르면 교민 피해 등은 거의 없는 것으로 알려졌다. 교민들은 현재 쓰나미 방송을 보면서 인근 고층 건물로 대피한 상황이다. 이 지역에 있는 고마쓰 공항에는 대한항공이 운항하는데 이날은 비행편이 없다. 공항도 큰 피해가 없는 것으로 알려졌지만, 2일 예정된 비행 여부에 대해서는 현지 상황을 지켜보는 분위기다. 또 이 지역을 지나는 호쿠리쿠 신칸센은 지진 발생과 동시에 운행을 중단한 상황이다. 재개 여부는 아직 공식화되지 않았다. 이시카와현 호쿠리쿠 전력의 시가 원전 1·2호기에서도 별다른 이상은 발생하지 않은 상황이다. 일본 기상청의 지진 등급인 진도는 절대 강도를 의미하는 규모와는 달리, 지진이 일어났을 때 해당 지역에 있는 사람의 느낌이나 주변 물체 등의 흔들림 정도를 수치로 나타낸 상대적 개념이다. 진도는 사람이 흔들림을 감지하지 못하고 지진계에만 기록되는 ‘0’부터 서 있기가 불가능한 ‘7’까지 10단계로 나뉜다. 일본 기상청에 따르면 일본에서 진도 7의 흔들림을 관측한 것은 2018년 9월 6일 홋카이도서 발생한 규모 6.7의 지진 이후 처음이다. 이때는 홋카이도뿐 아니라 도호쿠와 간토 등 각지에서 흔들림이 관측됐다. 한편 한국 기상청은 일본의 강진으로 동해안 일부에 지진해일이 도달해 해수면이 높아질 수 있다며 주의를 당부했다. 예상 지진해일 도달 시점은 강릉 오후 6시 29분, 양양 오후 6시 32분, 고성 오후 6시 48분, 경북 포항 오후 7시 17분이다. 해일의 최대 높이는 0.5미터 미만일 것으로 예상된다. 기상청은 “강원 해안 일부는 지진해일로 해수면 높이가 높아질 수 있으니 안전에 주의해달라”며 “지진해일 높이는 조석을 포함하지 않아 해안에 도달 후 점차 높아질 수 있다”고 설명했다.    [ⓒ 매일경제 & mk.co.kr, 무단 전재, 재배포 및 AI학습 이용 금지]"
209,3,"2024-01-01","17:15:00","군, 새해 첫날 포사격 훈련으로 '압도적 화력' 과시(종합)","군, 새해 첫날 포사격 훈련으로 '압도적 화력' 과시(종합) 해군 대조영함에서 첫 태극기 게양하며 해양수호 의지 다져       (서울=연합뉴스) 박수윤 기자 = 우리 군이 새해 첫날인 1일 강원도 전방에서 K-9 자주포와 K55 A1 자주포가 맹렬한 화염을 내뿜으며 북한의 도발에 대한 응징 의지를 다졌다.      육군은 이날 제3보병사단 백골포병여단 예하 장병 330여명이 강원도 중부전선의 포병사격장에서 150발의 실사격 훈련을 하며 우리 군의압도적인 화력대응태세를 보여줬다고 밝혔다.      백골포병여단은 1973년 북한군이 비무장지대(DMZ) 군사분계선 푯말 보수작업 중이던 우리 장병들을 향해 기습적으로 총격을 가하자, 적도발 원점에 즉각 포병 화력을 집중해 적 감시초소(GP)를 파괴한 '3·7 완전작전'을 펼친 부대다.      이날 훈련은 적이 먼저 화력도발을 벌인 상황을 가정해 진행됐다.      시나리오에 따라 우리 군 대포병탐지레이더와 무인항공기(UAV)가 적의 도발을 식별하자 백골포병여단이 표적을 향해 확인탄 사격, 5초의간격을 두고 사격하는 익차사, 모든 포가 같은 사격 제원으로 일제히 사격하는 효력사 등을 퍼부었다.      백종찬 포대장(대위)은 ""새해 첫 포탄사격 훈련을 통해 적 도발시 현장에서 즉각 응징할 수 있는 태세와 능력을 다시 한번 확인했다""며 ""일전불사의 각오로 훈련에 매진해 압도적인 화력전투태세를 갖춰 나가겠다""고 밝혔다.        박안수 육군참모총장은 이날 경기 포천 승진훈련장을 찾아 지난달부터 엄동설한의 혹한에도 7박8일간 전투사격 훈련을 한 수도기계화 보병사단 번개여단 전승대대 장병들을 만났다.      박 총장은 ""기계화부대는 유사시 적의 심장부를 향해 전략적 기동을 실시하는 핵심 게임체인저""라며 ""적을 압도하는 차별적 우위로 항상승리할 것""을 당부했다.      그는 또 강원도 소재 미사일전략사령부 예하 부대를 방문해 ""육군의 미사일부대가 전략적 억제·대응의 핵심역할을 수행한다는 자부심을견지해달라""고 언급했다.       아울러 해군은 이날 해상과 해군기지 등 곳곳에서 맡은 임무를 묵묵히 수행하는 장병들의 결연한 모습을 사진으로 공개했다.      장병들은 진해 해군기지에 정박 중인 대조영함에서 새해 첫 태극기를 게양하며 해양수호 의지를 다졌다고 해군은 소개했다.       clap@yna.co.kr  (끝)      <저작권자(c) 연합뉴스, 무단 전재-재배포 금지>"
209,4,"2024-01-01","17:14:58","민주당에 드리운 '분열' 그림자…이낙연 신당 후폭풍에 촉각","[머니투데이 오문영 기자] [the300]   이낙연 전 국무총리가 신당 창당을 공식화하면서 더불어민주당에 분열의 그림자가 본격적으로 드리워졌다. 당내에서는 '이낙연 신당'이 오는 4월 총선에서 발휘할 영향력에 대해 회의적인 반응이 우세하지만 그 파장이 어디까지 튈지 예측하기 어렵다는 시각도 있다. 당 지도부는 내부 이탈을 최소화하기 위한 통합 행보에 공을 들이는 모양새다.   이 전 총리는 1일 경기 고양시 행주산성에서 지지자들과 신년인사회를 갖고 신당 창당을 공식화했다. 이 전 총리는 지난달 30일 이재명 민주당 대표와 회동 이후 창당 실무에 본격 착수한 것으로 전해졌다. 이 전 총리가 연말을 시한으로 요구해온 '대표직 사퇴 및 통합 비상대책위원회 전환'을 이 대표가 거절하면서 협상의 여지가 없다는 판단을 내린 것으로 보인다.   이 전 총리는 ""국민들께 양자택일이 아닌 새로운 선택지를 드려야 한다""며 ""국가와 국민을 위해 끊임없이 무엇인가를 생산하는 정치로 가야 한다""고 밝혔다. 그러면서 ""그 길은 외롭고 고통스러운 길이지만 옳은 길""이라며 ""국민 여러분께서 함께 해주시리라 믿는다""고 했다.   공식 창당 선언과 창당 준비위원회 구성, 창당발기인 대회 등 일정에 대해서는 ""날짜나 장소가 확정되지 않아 확답을 드릴 수가 없다""고 말했다. 다만 ""(총선 날짜로부터) 역산해보면 그렇게 많은 시간이 남아있지 않다는 것을 아실 것""이라고 했다.   당 지도부가 별다른 추가 행동에 나설 기미가 보이지 않으면서 결별은 확정된 분위기다. 이 대표는 1일 서울 여의도 민주당사에서 열린 신년인사회 이후 취재진으로부터 '이 전 총리가 신당 창당을 기정사실화했는데 어떻게 보느냐'는 질문을 받고 ""새해 복 많이 받으세요""라고만 답했다.   이낙연 신당을 바라보는 당내의 시선은 복잡하다. 현역 의원들의 연쇄 탈당이 발생할 가능성이 크지 않다는게 중론이지만 총선에서 민주당에 미칠 여파는 예측하지 못하는 분위기다. 친낙(친이낙연)계 원외인사들이 신당에 모여 지역구 후보로 출마하는 것만으로도 민주당 표를 충분히 갉아먹을 수 있다는 우려 때문이다.   현재 민주당 내에서는 비주류 의원 모임 '원칙과상식' 소속 4인(김종민·윤영찬·이원욱·조응천) 외에 신당 합류 가능성을 내비친 현역 의원은 없는 상황이다. 원칙과상식 소속 한 의원은 ""이번 주 초에 통합 비상대책위원회로의 전환을 요구하는 최후통첩을 이 대표에게 한 뒤 이를 받아들이지 않으면 4인이 공동으로 거취에 대한 결단을 내릴 것""이라고 했다. 다만 거취 방향에 대해서는 ""서로가 논의한 바 없다""고 전했다.   호남권의 한 민주당 의원은 ""원칙과상식 소속 의원들의 행보는 알 수 없으나 이 외에 현역들의 (신당 합류) 움직임은 보이지 않는 분위기""라며 ""현역이 아닌 도전자 중에 이 전 총리와 연이 있는 사람들은 거취를 고민하는 것 같다""고 했다. 다만 ""불과 몇천표 차이로 당락이 결정되는 수도권에서 지역구 후보를 낸다면 위험할 수 있다. 민주당 입장에서는 악재""라고 말했다.   이러한 가운데 이 대표는 새해를 맞아 통합 행보에 나섰다. 이 대표는 이날 김대중·노무현 전 대통령 묘역을 참배했고 2일에는 문재인 전 대통령도 만난다. 본인이 민주당의 적통이라는 점을 강조하며 내부 단속에 나선 것으로 풀이된다. 이 대표는 신년사에서도 ""국민 삶을 지키기 위해 민주당은 어느 때보다 크고 단단한 하나가 되겠다""며 단합을 내세웠다.   일각에서는 민주당 지도부가 이낙연 신당의 구심력을 최소화하기 위해 공천관리위원회 심사를 최대한 늦출 가능성도 거론된다. 공천에서 탈락한 이들이 신당에 합류할 가능성을 물리적으로 차단하는 방안이다. 한 민주당 인사는 ""공천을 늦출수록 이 대표의 당 장악력이 높아질것""이라고 했다.     [관련기사] ☞ 전현무도 감출 수 없었다…10기 정숙 데이트 신청에 '울상' ☞ 프로파일러 배상훈 ""시신 트라우마... 집에 칼 없고 가구 문 다 열어"" ☞ '신교대 조교' BTS 제이홉 올해 전역…멤버들에게 남긴 말 ☞ 가수는 갔지만 노래는남아, 천국서 히트한 '내 눈물 모아'[뉴스속오늘] ☞ 故이선균 협박녀 얼굴 공개됐다…""95년생 미혼모"" 신상공개한 유튜버   오문영 기자 omy0722@mt.co.kr     키워드림론 최대 4배 주식자금 & 고금리 대환상품 한도 오픈! (1644-6960)   [무료운세] 믿어야 돼 말아야 돼? 종목매수전에 믿고보는 '오늘의 운세'        [파워 인터뷰]       매수전에 점 부터 보고 가실께요 -> 오늘의 운세 [복채무료]      ⓒ 머니투데이 & mt.co.kr, 무단 전재 및 재배포 금지"
209,5,"2024-01-01","17:12:52","""소상공인 126만명에 20만원씩 전기요금 감면해준다""","나에게 맞는 종목추천 AI알고리즘을 찾고 싶다면? 한경 로그인만 하면 1개월 무료 체험가능     올해 1분기 중 영세 소상공인 약 126만명에 대해 1인당 20만원씩 전기요금 감면혜택이 주어진다.  최상목 부총리 겸 기획재정부 장관은 1일 서울 마포구에 있는 '홍대 걷고 싶은 거리'를 찾아 상인들과 가진 간담회에서 이같이 밝혔다. 이와 관련해 올해 정부 예산에 2520억원이 반영됐다.  최 부총리는 은행권이 소상공인에게 이자환급 지원 등을 실시한 점을 언급하면서 정부도 3000억원의 재정을 동원해 비은행권을 이용하는 소상공인 차주에게 일정 부분 이자 감면을 지원하겠다고도 밝혔다. 최 부총리는 또 '소상공인 경영응원 3종 패키지' 시행, 온누리상품권 확대 발행, 상품권 사용처확대 등과 함께 올해 상반기 소상공인 지원사업의 집행률을 높이겠다고 밝혔다.  이날 간담회는 부총리로서의 첫 현장 방문이기도하다. 최 부총리는 간담회에서 ""최근 경기회복 조짐이 서서히 나타나고 있으나 소상공인 체감 경기는 여전히 어렵다""면서 ""소상공인 부담을 경감시키기 위해 정책적 노력을 강화하겠다""고 말했다.  안혜원 한경닷컴 기자 anhw@hankyung.com     ▶▶[급등종목]◀◀ 지금 ""1,000만원""만 있다면 당장 ""이것"" 매수해라!! >>> (무료공개)  >> ★무료카톡방★ 이제 추천주 ""무료""로 받으세요! ★무료카톡방★  ▶▶월0.2%대 최저금리 X 주식자금 4배 X 100%집중투자 => 부자네스탁론  [단기에 부자가 되는 방법] 상위 1%만의 강의무료 제공 중 (pw:4560)  나에게 맞는 종목추천 AI알고리즘을찾고 싶다면? 한경 로그인만 하면 1개월 무료 체험가능  [오늘의 이슈] 급등임박! 올해 반드시 상승할 ""실시간 TOP3"" 확인하세요! ▶▶ 무료 클릭!                관련기사 한국 기술에 日 '러브콜'…2500억 잭팟 터졌다 연봉 3000만원 직장인…100억대 자산가 된 비결 길 하나 건넜더니…""붕어빵 한 개에 4000원?"" 음료 2잔이 230만원…관광지 '바가지'에 발칵 환자인데 생존률 100%…논란의 '암' 뭐길래    ⓒ 한국경제 & hankyung.com, 무단전재 및 재배포 금지"
209,6,"2024-01-01","17:12:44","中 내수 부진에도…마카오 카지노 12월 매출 433% 증가","中 내수 부진에도…마카오 카지노 12월 매출 433% 증가 2023년 마카오 카지노 매출 코로나19 이전의 63% 회복       (홍콩=연합뉴스) 윤고은 특파원 = 마카오 카지노의 지난 12월 매출이 중국의 내수 부진 속에서도 전년 동월보다 433% 늘어나며 코로나19 이전인 2019년의 81.3% 수준을 회복했다고 블룸버그 통신이 1일 보도했다.      보도에 따르면 마카오 도박감찰협조국(GICB)은 이날 발표한 자료에서 12월 게임 산업 매출이 186억 파타카(약 3조원)로 집계됐다고 밝혔다.      이는 시장 전망치(402% 증가)를 웃도는 규모다.      이에 따라 마카오 카지노 업계의 2023년 전체 매출은 1천831억 파타카(약 29조5천억원)로 2019년의 62.6% 수준을 회복했다.      중국이 3년간의 '제로 코로나'를 끝내고 여행 제한을 없앤 첫해인 지난해 마카오 게임 업계는 꾸준히 회복세를 보였다.      마카오를 찾는 여행객의 대다수는 중국 본토 관광객이다.      블룸버그는 ""중국이 부동산 시장 위기에 따른 경제 둔화에 고전하는 와중에도 마카오 게임 산업은 회복 탄력성을 보였다""며 ""중국 소비심리 약화 속 사치품 핸드백을 사는 대신 다른 오락거리를 찾는 관광객들의 소비 패턴 변화는 마카오 카지노 산업에 이득이 됐다""고 분석했다.       카지노 운영자들은 프리미엄 도박꾼들의 일인당 씀씀이가 2019년 수준을 넘어섰으며, 고급 고객들이 중국의 소비 부진에도 마카오를 더자주 찾는다고 말했다고 모건스탠리가 지난달 보고서에서 밝혔다.      시티그룹 조사에 따르면 지난달 중순 마카오 카지노의 평균 최소 베팅 금액은 코로나19 이전보다 약 12% 많았고, 도박꾼들은 투자자들보다 경제 불확실성에 대해 덜 걱정하는 것으로 나타났다.      그럼에도 중국의 고액 도박꾼과 자금 유출 단속으로 마카오 카지노 수입의 절반을 차지해온 VIP 분야가 타격을 입으면서 마카오의 게임매출이 코로나19 이전 수준을 회복하는 데는 몇 년이 더 걸릴 수 있다고 블룸버그는 지적했다.      그러면서 애널리스트들은 마카오 카지노 매출이 올해 코로나19 이전의 약 76% 수준을 회복할 수 있다고 예상한다고 덧붙였다.      앞서 중국이 마카오 카지노 산업을 단속하면서 VIP 분야 수입의 대부분을 차지하는 주요 정킷의 운영이 2021년 말 중단됐다.      정킷은 업자가 카지노와 계약을 맺고 룸을 빌려 도박 테이블을 운영하는 것을 말한다. 정킷 업자들은 주로 중국 본토 큰손 고객을 마카오로 데리고 와 도박 테이블을 운영하며 수수료를 받고 도박자금을 대출하며 이익을 냈다.      pretty@yna.co.kr  (끝)      <저작권자(c) 연합뉴스, 무단 전재-재배포 금지>"
209,7,"2024-01-01","17:12:43","이재명 ""총선 승리해 국민 지키는 사명뿐""","이재명 더불어민주당 대표가 1일 ""다가올 총선에서 반드시 승리해 국민과 나라를 지켜야 한다는 사명만 있을 뿐""이라고 밝혔다. 이 대표는 신년사에서 ""저 이재명과 민주당이 가진 것은오직 절박함과 절실함뿐""이라며 이같이 말했다. 이어 ""윤석열 정권은 야당 파괴와 국회 무시로 민주주의를 부정하고 정치 보복과 독단의 국정 운영으로 대한민국을 고사시키고 있다""며 '정권 심판론'을 다시 꺼냈다. 이 대표는 ""작년 한 해 우리 국민에게 국가는 없었다""며 ""민생도,경제도, 평화도, 그리도 민주주의도 붕괴 위기""라고 비판했다. 이 대표는 이낙연 전 민주당 대표가 창당 수순에 들어간 것을 의식한 듯 ""국민 삶을 지키기 위해 민주당은 어느 때보다 크고 단단한 하나가 되겠다""고 강조했다. 이날 오전 민주당 신년 인사회에서 문희상 상임고문은 '동주공제'라는 사자성어를 새해 덕담으로 소개했다. 문 상임고문은 ""같은 배를 탄 사람은 서로 도와야 한다는 뜻""이라고 말했다 그는 '우리는 하나다' '똘똘 뭉쳐' '이재명 파이팅' 등 구호를 외쳤다.  이 대표는 신년 인사회에 이어 국립서울현충원을 참배했다. 이 대표는 김대중 전 대통령 묘역을 참배하면서 한동훈 국민의힘 비상대책위원장과 마주치기도 했다. 이 대표는 이날 오후 경상남도 김해시 봉하마을로 향해 노무현 전 대통령 묘역을 참배하고, 노 전 대통령 부인인 권양숙 여사를 예방했다.   [전경운 기자]   [ⓒ 매일경제 & mk.co.kr, 무단 전재, 재배포 및 AI학습 이용 금지]"
210,1,"2024-01-01","17:05:53","일본 도야마 인근서 규모 7.4 강진…5m 쓰나미 발생(상보)","- 5년 만에 진도 7 이상 강진 발생 - 日 중북부 지역에 쓰나미 경보    2024년 신년운세 토정비결 사주 확인!  [이데일리 박종화 기자] 일본 도야마현 인근 중북부 해역에서 규모 7.4의 강진이 발생했다.     (사진=기상청)    1일 기상청에 따르면 이날 오후 4시 10분경 도야마현 도야마 북쪽 90㎞ 해역에서 규모 7.4 강진이 발생했다. 진앙지는 북위 37.50도, 동경 137.20도다. 이시카와현에선 진도 7, 니가타현과 도야마현에선 진도 5~6의 흔들림이 감지됐다. 일본에서 진도 7 이상 지진이 관측된 건 2018년 9월 홋카이도 지진 이후 6년 만이다.  일본 기상청은 지진 발생 위치와 가까운 이시카와현과 니가타현, 도야마현, 후쿠이현 등에 쓰나미 경보를 내렸다. 이시카와현에선 이미 높이 5m에 이르는 쓰나미가 발생했다.  일본 정부는 지진 피해에대비하기 위해 총리 관저에 대책실을 설치했다. 또한 도호쿠·조에츠·호쿠리쿠 신칸센 철도 운행도 중단됐다. NHK는 “쓰나미는 여러 번 밀려온다. 앞으로 더 높아질 우려가 있다”며 “절대 방심하지 말고 대피해 달라”고 알렸다.     ▶▶[무료공개]◀◀ 지금 ""1,000만원""만 있어도 당장 ""이것""부터 사라!! >>> (무료체험)  [AI분석] 이번주 급등주 찾기!! ""500만원으로 20억"" 버는 종목 공개!! ▶무료로 확인가능◀     ＜ⓒ종합 경제정보 미디어 이데일리 - 무단전재 & 재배포 금지＞    "
210,2,"2024-01-01","17:05:46","[신년사] 유인촌 장관 “창작자 보호 최우선…든든히 뒷받침할 것”","유인촌 문화체육관광부 장관은 1일 “문체부의 최우선적인 역할은 창작자 보호”라며 “창작자들이 세계 시장에서 더욱 경쟁력 높은 콘텐츠를 생산하도록 든든하게 뒷받침할 것”이라고 말했다.    유 장관은 이날 신년사에서 “2024년에는 저작권 사각지대를 해소하고 인공지능 시대에 맞는 선제적인 저작권 규범을 마련해 저작권 강국으로 입지를 굳혀 나가겠다”며 이렇게 밝혔다.  체육 정책과 관련해선 “2028년까지 일상 스포츠 참여율 70%, 스포츠 강국 주요 7개국(G7) 달성, 국내 스포츠 시장 105조 원 돌파를 목표로삼았다”며 “국민체육센터 확충, 정규학교·방과 후 체육 활동, 스포츠산업과 엘리트 선수 육성을 위한 지원을 아끼지 않겠다”고 했다.  관광 분야에서는 “‘2024 한국 방문의 해’ 성공을 위한 이벤트와 마케팅에 총력을 다하고 글로벌 축제 육성, 전 국토 자전거 여행, 걷기 여행 활성화 등 지방관광 시대를 여는 데 앞장서겠다”고 했다.  이어 “문화, 예술, 콘텐츠, 체육, 관광 분야에서 다채롭고 풍성한 축제의 판을 크게 벌이겠다”며 “2024 파리올림픽은 국민들이 스포츠로하나 되고, 우리 문화의 정수가 세계인들과 만나는 계기로 삼겠다”고 했다.  이은영 기자 eunyoung@chosunbiz.com   Copyrights ⓒ ChosunBiz.com"
210,3,"2024-01-01","17:04:47","[MK히든챔피언] AI가 폐암 1분 내 검진…새해 북미시장 진출","""폐암, 폐기종, 관상동맥질환 등빅3 질환을 한 번의 흉부 CT 촬영으로 1~2분 내에 동시에 검진하는 인공지능(AI) 솔루션을 보유한 곳은 독일 지멘스와 코어라인소프트가 유일합니다. 지멘스의 경쟁력도 조만간 앞지를 것으로 보입니다."" 국내 의료 AI업계를 선도하는 코어라인소프트의 김진국 대표(50)는 최근 서울 마포구 본사에서 매일경제와 만나 ""빅3 질환뿐만 아니라 빅4, 빅5 질환까지 동시에 검출할 수 있도록 기술력을 계속 업그레이드하고 있다""며 이같이 말했다. 코어라인소프트는 루닛, 제이엘케이 등과 함께 국내 의료 AI업계를 선도하고 있다. 이 회사 주력 제품은 흉부 CT 영상에 기반한 빅3 질환 동시 검진 솔루션(에이뷰 LCS Plus)이다.  흉부 CT에서 뇌, 복부, 척추 CT로 영역을 넓혀 뇌출혈과 뇌혈관 검진, 지방간 정량 분석, 체지방 평가, 척추관협착증 검진 등으로도 검진 범위를 넓히고 있다. 정확도는 100%에 가까워지고 있다. 코어라인소프트는한양대와 카이스트에서 전자공학을 전공한 김진국 대표 주도로 공동 대표인 최정필 대표, 이재연 최고기술책임자(CTO)와 2012년 공동 설립했다. 코어라인소프트는 2016년 폐결절 전자동 분석 솔루션 '에이뷰(AVIEW) LCS'와 만성폐쇄성폐질환 분석 솔루션 '에이뷰 COPD'를 처음 선보였다. 이후 흉부 CT 분야 3대 질환을 동시 검출·분석하는 '에이뷰 LCS Plus'를 주력 제품으로 내세우고 있다.  현재 AI 진단 솔루션만 7개에 이른다. 국내 의료 AI 기업 중 유일하게 2017년부터 7년 연속 국가폐암검진 판독지원·품질관리 솔루션을 공급하고 있고, 유럽연합(EU)이 주관하고 유럽 5개국이 참여하는 유럽 폐암검진 프로젝트(4ITLR), 독일 폐암검진 프로젝트(HANSE), 이탈리아 폐암검진 프로젝트(ILSP) 등에도 제품을 공급하고 있다. 김 대표는 ""미국, 독일, 중국, 일본, 네덜란드, 대만 등 해외 고객사가 50곳 이상""이라며 ""특히나 프랑스, 이탈리아, 영국 등 유럽으로 저변을 넓히고 있다""고 말했다. 이어 ""지난해 미국 식품의약국(FDA)이 폐암 검진 솔루션에 대한 인허가를 내줬다""며""새해엔 미국 굴지 업체와 계약 발표를 앞두고 있는 만큼 캐나다를 포함한 북미 진출도 본격화할 것""이라고 강조했다. 코어라인소프트는글로벌 업체와 협업에도 적극 나서고 있다. 대표적으로 지난해 마이크로소프트(MS)가 인수한 음성인식기술 업체 뉘앙스와 흉부 AI 검진 제품에 대한 공급 협력을 이어가고 있다. 글로벌 의료 기업인 바이엘, 테라리콘과도 2022년 말부터 제품을 연동하기 위해 협력하고 있다. 이회사는 최근 흉부 엑스레이 기반 의료 AI 업체인 루닛과도 업무협약(MOU)을 맺었다. 국내 의료 AI업체가 손을 맞잡은 것은 처음이다. 경쟁상대일 수도 있는 업체와 협업하게 된 것에 대해 김 대표는 ""루닛은 엑스레이 베이스고, 코어라인은 CT 베이스이기 때문에 해외로 진출할 때 공개 입찰, 네트워크, 영업망, 법인 내 리소스 등 서로 도울 부분이 많다""고 강조했다.  이 회사는 지난해 9월 정부로부터 뇌출혈 AI 검진솔루션인 '에이뷰 뉴로캐드'를 혁신의료기기로 지정받기도 했다. 올 상반기 비급여 수가를 지정받고 시장 진입이 가능해질 전망이다. MRI 촬영에 기반한 뇌경색 AI 솔루션 업체 제이엘케이가 지난달 국내 의료 AI 솔루션 최초로 5만4300원 수가를 적용받은 데 이어 코어라인소프트도에이뷰 뉴로캐드에 대한 비급여 수가를 새해 지정받게 된다.  그런 만큼 매출도 빠르게 늘어나고 있다. 2022년 41억원에서 지난해 77억원의 연 매출(상장청구서 추정치)을 기록하고, 올해는 창사 이래 처음 100억원을 돌파한다는 목표다. 김 대표는 ""올해엔 세 자릿수 연 매출을기록하고자 한다""며 ""현재 매출의 4분의 3이 국내에서 나오는데, 올해 해외 매출이 국내 매출을 앞지를 것""이라고 말했다.  [김시균 기자]   [ⓒ 매일경제 & mk.co.kr, 무단 전재, 재배포 및 AI학습 이용 금지]"
210,4,"2024-01-01","17:04:47","[MK히든챔피언] AI가 폐암 1분 내 검진…새해 북미시장 진출","◆ MK 히든챔피언 ◆   ""폐암, 폐기종, 관상동맥질환 등 빅3 질환을 한 번의 흉부 CT 촬영으로 1~2분 내에 동시에 검진하는 인공지능(AI) 솔루션을 보유한 곳은 독일 지멘스와 코어라인소프트가 유일합니다. 지멘스의 경쟁력도 조만간 앞지를 것으로 보입니다."" 국내 의료 AI업계를 선도하는 코어라인소프트의김진국 대표(50)는 최근 서울 마포구 본사에서 매일경제와 만나 ""빅3 질환뿐만 아니라 빅4, 빅5 질환까지 동시에 검출할 수 있도록 기술력을계속 업그레이드하고 있다""며 이같이 말했다. 코어라인소프트는 루닛, 제이엘케이 등과 함께 국내 의료 AI업계를 선도하고 있다. 이 회사 주력 제품은 흉부 CT 영상에 기반한 빅3 질환(폐암, 폐기종, 관상동맥질환) 동시 검진 솔루션(에이뷰 LCS Plus)이다.  흉부 CT에서 뇌, 복부, 척추 CT로 영역을 넓혀 뇌출혈과 뇌혈관 검진, 지방간 정량 분석, 체지방 평가, 척추관협착증 검진 등으로도 검진 범위를 넓히고 있다. 정확도는 100%에 가까워지고 있다. 코어라인소프트는 한양대와 카이스트에서 전자공학을 전공한 김진국 대표 주도로 공동 대표인 최정필 대표, 이재연 최고기술책임자(CTO)와 2012년 공동 설립했다. 코어라인소프트는 2016년 폐결절 전자동 분석 솔루션 '에이뷰(AIVEW) LCS'와만성폐쇄성폐질환 분석 솔루션 '에이뷰 COPD'를 처음 선보였다. 이후 흉부 CT 분야 3대 질환을 동시 검출·분석하는 '에이뷰 LCS Plus'를 주력 제품으로 내세우고 있다.  현재 AI 진단 솔루션만 7개에 이른다. 국내 의료 AI 기업 중 유일하게 2017년부터 7년 연속 국가폐암검진판독지원·품질관리 솔루션을 공급하고 있고, 유럽연합(EU)이 주관하고 유럽 5개국이 참여하는 유럽 폐암검진 프로젝트(4ITLR), 독일 폐암검진 프로젝트(HANSE), 이탈리아 폐암검진 프로젝트(ILSP) 등에도 제품을 공급하고 있다. 김 대표는 ""미국, 독일, 중국, 일본, 네덜란드, 대만등 해외 고객사가 50곳 이상""이라며 ""특히나 프랑스, 이탈리아, 영국 등 유럽으로 저변을 넓히고 있다""고 말했다. 이어 ""지난해 미국 식품의약국(FDA)이 폐암 검진 솔루션에 대한 인허가를 내줬다""며 ""새해엔 미국 굴지 업체와 계약 발표를 앞두고 있는 만큼 캐나다를 포함한 북미 진출도 본격화할 것""이라고 강조했다. 코어라인소프트는 글로벌 업체와 협업에도 적극 나서고 있다. 대표적으로 지난해 마이크로소프트(MS)가 인수한 음성인식기술 업체 뉘앙스와 흉부 AI 검진 제품에 대한 공급 협력을 이어가고 있다. 글로벌 의료 기업인 바이엘, 테라리콘과도 2022년 말부터 제품을 연동하기 위해 협력하고 있다. 이 회사는 최근 흉부 엑스레이 기반 의료 AI 업체인 루닛과도 업무협약(MOU)을 맺었다. 국내 의료 AI업체가 손을 맞잡은 것은 처음이다. 경쟁상대일 수도 있는 업체와 협업하게 된 것에 대해 김 대표는 ""루닛은 엑스레이 베이스고, 코어라인은 CT 베이스이기 때문에 해외로 진출할 때 공개 입찰, 네트워크, 영업망, 법인 내 리소스 등 서로 도울 부분이 많다""고 강조했다.  이 회사는 지난해 9월 정부로부터 뇌출혈 AI 검진 솔루션인 '에이뷰 뉴로캐드'를 혁신의료기기로 지정받기도 했다. 올 상반기 비급여수가를 지정받고 시장 진입이 가능해질 전망이다. MRI 촬영에 기반한 뇌경색 AI 솔루션 업체 제이엘케이가 지난달 국내 의료 AI 솔루션 최초로 5만4300원 수가를 적용받은 데 이어 코어라인소프트도 에이뷰 뉴로캐드에 대한 비급여 수가를 새해 지정받게 된다.  그런 만큼 매출도 빠르게 늘어나고 있다. 2022년 41억원에서 지난해 77억원의 연 매출을 기록하고, 올해는 창사 이래 처음 100억원을 돌파할 전망이다. 김 대표는 ""올해엔 세 자릿수 연 매출을 기록하고자 한다""며 ""현재 매출의 4분의 3이 국내에서 나오는데, 올해 해외 매출이 국내 매출을 앞지를 것""이라고 말했다.  [김시균 기자]   [ⓒ 매일경제 & mk.co.kr, 무단 전재, 재배포 및 AI학습 이용 금지]"
210,5,"2024-01-01","17:04:47","""개인투자조합 벤처투자 혁신형 中企로 확대해야""","최근 등록 수가 급속히 늘고 있는 개인투자조합은 주요 투자 대상이 벤처기업 또는 이에 준하는 3년 이내 창업기업 위주로 제한된다. 문제는 벤처기업이나 창업기업 수준은 벗어났지만 아직 투자가 필요한 혁신형 중소기업(메인비즈·이노비즈)의 경우 스케일업을 위한 투자 유치 기회가 제한된다는것이다. 실제로 혁신형 중소기업 등 창업 단계를 벗어난 중소기업에 대한 신규 투자는 2021년 7조6802억원에서 2022년 6조7640억원으로줄었다. 이처럼 창업·벤처기업에 집중된 지원 정책으로 인해 혁신성장을 주도하는 중소기업은 지원 정책의 사각지대에 놓여 있다는 지적이 많다. 이 같은 문제점을 개선하기 위해 한국경영혁신중소기업협회(메인비즈협회)가 전면에 나섰다. 벤처·창업기업과 더불어 혁신형중소기업도 개인투자조합의 우선 투자 대상으로 지정해달라고 제안한 것이다. 메인비즈협회 관계자는 ""대기업 대비 인력·자금·설비 등기업 내부 혁신 자원이 절대적으로 부족한 중소기업이 스케일업을 달성하기 위해서는 정부 지원과 더불어 민간 투자 유치 활성화를 위한 환경 조성이 필요하다""며 ""중소기업들도 투자 유치를 통한 스케일업 자금 마련 지원을 받을 수 있도록 벤처투자법과 조세특례제한법 개정을 건의했다""고 전했다. 메인비즈협회는 지난해 혁신형 중소기업의 성장을 저해하는 총 30건의 규제 현안 관련 개선 방안을 마련했다고 1일 밝혔다. 메인비즈협회 관계자는 ""지역별 간담회를 통해 인사·노무, 세무 등 각 경영 분야에 해당하는 규제 현안 100여 건을 발굴했다""며 ""이 중에서 해결이 시급한 30건의 우선 해결 과제를 선정했다""고 전했다. 협회는 총 30건의 규제 현안 개선안을 취합해 중소기업 옴부즈만 지원단에 제출할 계획이다.  석용찬 메인비즈협회 회장은 ""복합 경제 위기 속에서 혁신 성장을 위해 더욱 과감한 규제 개혁이 필요하다""며 ""규제개선 건의안들이 하루속히 반영돼 우리 경제 성장사다리 허리 역할을 하는 혁신형 중소기업들 스케일업에 도움이 되기를 바란다""고 말했다.  [양연호 기자]   [ⓒ 매일경제 & mk.co.kr, 무단 전재, 재배포 및 AI학습 이용 금지]"
210,6,"2024-01-01","17:04:44","모틸랄 오스왈의 '2024년 최고의 기업'으로 선정된 BUZZ-India의 달미아 바라트 기업들","BUZZ-India's Dalmia Bharat firms on Motilal Oswal's ""top pick 2024"" call  ** 달미아 바라트 주가는 최대 3.5% 상승, 다른 시멘트 업체 주가는 보합 내지 2% 상승  ** 모티랄 오스왈, 2024년 최고의 추천 기업 중 하나로 DALB 선정  ** 생산능력 증대 계획, 탄탄한 대차대조표, 시멘트 혼합 비율을 높이고 친환경 에너지 믹스를 통한 지속 가능한 성장에 집중하는 등 DALB의 장기 전망을 낙관적으로 평가했습니다.  ** 지난 6개월간 대부분의 시멘트주대비 저조한 실적을 기록한 것은 주로 자이프라카시 어소시에이츠의 시멘트 자산 매입 지연과 동부의 수요 둔화 때문이라는 분석.  ** (대차대조표 레버리지 없이) 규모와 용량 성장으로 주가 배수를 높일 수 있을 것으로 기대됨.  ** 현재 주가 2,357.30루피 대비 ""매수""와 2,800루피 TP를 반복하는 중개회사, 현재 주가 2,357.30루피  ** 27개 브로커의 평균 등급도 '매수'에 해당하지만 평균 TP는 2,525루피로 낮습니다 - LSEG 데이터     (Reporting by Dimpal Gulwani in Bengaluru)  dimpal.gulwani@thomsonreuters.com        (c) Copyright Thomson Reuters 2020. Click For Restrictions - https://agency.reuters.com/en/copyright.html   원문 바로가기    DISCLAIMER  레피니티브의 사전, 서면 승인 없는 톰슨로이터 콘텐츠의 재생산이나 재배포는 금지되어 있습니다. 이 기사의 한국어 번역은 에프앤가이드가 사용하는 기계적 번역에 의한 것으로 톰슨로이터와 레피니티브는 번역의 정확성을 보증하지 않습니다."
210,7,"2024-01-01","17:04:43","이든티앤에스, 롯데렌탈에 웹 솔루션 공급","업무 자동화 솔루션 전문기업 이든티앤에스(대표 김연기)는 국내 대표 종합 렌탈 기업 롯데렌탈과 향후 5년간 지능형 로봇프로세스자동화(RPA) 솔루션 도입을 통한 업무 자동화 프로젝트 구축 계약을 체결했다고 1일 밝혔다. RPA는 기업의 단순 반복 업무를 디지털 로봇이 대신하도록 하는 솔루션이다. RPA는 디지털 전환 솔루션 가운데 투자수익률(ROI)이 높아 도입 기업들 사이에서 만족도가 높은 것으로 알려졌다. 이든티앤에스는 2021년 웍트로닉스 RPA를 국내 최초로 웹(WEB) 기반으로 자체 개발했다. 공공, 제조, 유통 등 다양한 산업군에서 120개 이상의 성공적인 고객 사례를 확보했다. 최근 생성형 인공지능(AI)과 머신러닝 기술을 기반으로 한 지능형 RPA 솔루션 개발에 투자를 확대하고 있다. 이든티앤에스와 RPA 확대 계약을 체결한 롯데렌탈은 2018년부터 업계에서 선제적으로 RPA를 도입해 현재까지 60여 개 업무에 적용하고 있다.  지난해 차세대 시스템을 선보이면서 RPA를 최신 기술인 웹 기반의 클라우드 솔루션으로 전환하기로 결정했다. 이를 통해 시장변화에 민첩하게 대응하기 위한 신규 프로세스 구축에 집중한다는 계획이다. 회사 측은 이번 사업을 통해 총 10만시간 이상의 업무량이줄어들 것으로 기대하고 있다.  [양연호 기자]   [ⓒ 매일경제 & mk.co.kr, 무단 전재, 재배포 및 AI학습 이용 금지]"
211,1,"2024-01-01","17:00:09","최상목 ""소상공인 126만명에 1인당 20만원 전기요금 감면""","최상목 ""소상공인 126만명에 1인당 20만원 전기요금 감면"" 홍대 거리 찾아 상인 목소리 청취…""비은행권 소상공인 차주엔 일정폭 이자감면""       (세종=연합뉴스) 박원희 기자 = 올해 1분기 중으로 영세 소상공인 약 126만명에 대해 1인당 20만원씩 전기요금 감면혜택이 주어진다.      최상목 부총리 겸 기획재정부 장관은 1일 서울 마포구에 있는 '홍대 걷고 싶은 거리'를 찾아 상인들과 가진 간담회에서 이같이 밝혔다.    이와 관련, 올해 정부 예산에 2천520억원이 반영됐다.      최 부총리는 은행권이 소상공인에게 이자환급 지원 등을 실시한 점을 언급하면서 정부도 3천억원의 재정을 동원해 비은행권을 이용하는소상공인 차주에게 일정 부분 이자 감면을 지원하겠다고도 밝혔다.      최 부총리는 또 '소상공인 경영응원 3종 패키지' 시행, 온누리상품권 확대 발행, 상품권 사용처 확대 등과 함께 올해 상반기 소상공인 지원사업의 집행률을 높이겠다고 밝혔다.      이날 간담회는 부총리로서의 첫 현장 방문이기도 하다.      최 부총리는 간담회에서 ""최근 경기회복 조짐이 서서히 나타나고 있으나 소상공인 체감 경기는 여전히 어렵다""면서 ""소상공인 부담을 경감시키기 위해 정책적 노력을 강화하겠다""고 말했다.      encounter24@yna.co.kr   (끝)     <저작권자(c) 연합뉴스, 무단 전재-재배포 금지>"
211,2,"2024-01-01","17:00:00","최상목 ""소상공인 126만명 20만원씩 전기요금 감면""…첫 현장행보","최상목 부총리 겸 기획재정부 장관이 1월 1일 오후 취임 첫 민생현장으로 서울 마포구 소재 '홍대 걷고 싶은 거리'를 찾았다. /사진=파이낸셜뉴스 사진DB   [파이낸셜뉴스] 최상목 부총리 겸 기획재정부 장관은 1일 ""영세 소상공인 126만명에게 1인당 20만원의 전기요금 감면혜택을 제공할 것""이라며 ""올해 1분기 중 감면 적용이 시작된다""고 밝혔다.  최총리는 이날 첫 현장 행보로 서울 마포구에 위치한 홍대 걷고싶은 거리를 찾아 온누리상품권으로 물품을 구매하고 상인들과 만나 애로사항을청취했다.  지난해 12월 국회에서 통과된 2024년 소상공인 지원예산은 전년 대비 약 1조원 증가한 5조1000억원(소진기금 기준)이다. 이중 소상공인 약 126만명에 대한 전기요금 감면(인당 20만원) 예산은 2520억원이다.  또한 최 부총리는 ""소상공인의 에너지·금융비용 등 절감을 위한 소상공인 경영응원 3종 패키지(약 0.9조원 규모)를 시행하고, 온누리상품권을 확대 발행할 예정""이라며 ""올해 소상공인 지원사업의 상반기 집행률도 올리겠다""고 말했다.     최상목 부총리 겸 기획재정부 장관이 1월 1일 오후 취임 첫 민생현장으로 서울 마포구 소재 '홍대 걷고 싶은 거리'를 찾았다. /사진=파이낸셜뉴스 사진DB 정부도 소상공인의 비은행권 이자부담 경감을 위한 재정 지원에 나선다. 앞서 은행권은 소상공인들에게 2조원 규모의 이자환급 지원 등을 실시할 계획을 밝힌 바 있다.  최 부총리는 ""정부도 재정을 통해 약 3000억원의 재원을 조달해 비은행권을 이용하는 소상공인 차주에 대해 일정 폭의 이자감면을 지원할 계획""이라고 말했다.  최 부총리는 ""최근 경기회복 조짐이 서서히 나타나고 있으나 소상공인 체감 경기는 여전히어렵다""면서 ""소상공인 부담 경감을 위한 정책적 노력을 강화해 나가겠다""고 강조했다. imne@fnnews.com 홍예지 기자  [파이낸셜뉴스 주요뉴스]  → 100억대 위약금에 유서 쓴 이선균, 아내 전혜진에 남긴 말은... → ""혼전순결 강조하며 성관계 안한 남편, 알고 보니..."" 반전 사연 → 정대세의 폭탄 고백 ""아내와 결혼 10년 만에 이혼을..."" → 10살 연하와 결혼한 女배우 고백 ""남편이 계좌번호를..."" → 전남 광양 앞바다서 40대男 숨진 채 발견, 시신 살펴보니 → 주식으로 속이 답답할 때 [파인애플]  ▶▶[무료공개]◀◀ 지금 ""1,000만원""만 있어도 당장 ""이것""부터 사라!! >>> (무료 체험)    ※ 저작권자 ⓒ 파이낸셜뉴스. 무단 전재-재배포 금지 "
211,3,"2024-01-01","17:00:00","최상목 부총리 ""소상공인 126만명에 각 20만원씩 전기요금 감면할 것""","[세종=뉴스핌] 이경태 기자 = 최상목 부총리 겸 기획재정부 장관은 1일 ""올해 1분기 내 영세 소상공인 126만명에게 20만원씩 전기요금을 감면할 것""이라고 강조했다.  최상복 부총리는 이날 오후 서울 마포구 홍대 걷고싶은 거리를 방문해 이같이 말했다. 취임 후 첫 현장 방문이다.   최상목 경제부총리 겸 기획재정부 장관 [사진=뉴스핌DB]  최 부총리는 ""최근 경기회복 조짐이 서서히 나타나고 있으나 소상공인 체감 경기는 여전히 어렵다""며 ""소상공인 부담 경감을 위한 정책적 노력을 강화해 나갈 것""이라고 말했다.  그는 ""지난해 12월 21일 국회에서 통과된 2024년 소상공인 지원예산은 전년 대비 약 1조원 증가한 5조1000억원""이라며 ""영세 소상공인 약 126만명에 대한전기요금(인당 20만원 감면) 예산 2520억원이 반영됐고 올해 1분기 중 감연 적용이 시작된다""고 말했다.  최 부총리는 ""소상공인의 에너지금융비용 등 절감을 위한 소상공인 경영응원 3종 패키지 (약 9000억원 규모) 시행, 온누리상품권 확대 발행(전년대비 +1조원) 및 사용처 확대 등도 추진할 예정""이라며 ""올해 소상공인 지원사업의 상반기 집행률도 높일 것""이라고 말했다.  그는 이어 ""지난해 12월 21일 은행권이 소상공인들에게 2조원 규모의 이자환급 지원 등을 실시할 것을 발표한 바 있다""며 ""정부도 재정을 통해 약 3000억원의 재원을 조달해 비은행권을 이용하는 소상공인 차주에 대해 일정 쪽의 이자감면을 지원할 계획""이라고 말했다.   biggerthanseoul@newspim.com 최상목 부총리 ""민생경제 회복·리스크 관리·역동경제 구현·미래세대 정책 강화 할 것"" 최상목 부총리 ""태영건설 워크아웃 관련 필요시 시장안정조치 충분한 수준 확대""              저작권자(c) 글로벌리더의 지름길 종합뉴스통신사 뉴스핌(Newspim), 무단 전재-재배포 금지"
211,4,"2024-01-01","17:00:00","최상목 “소상공인 126만명, 전기료 인당 20만원 감면…1분기 중 적용 시작”","최상목 경제부총리 겸 기획재정부 장관이 1일 서울 마포 홍대 걷고싶은 거리에서 상인들을 만나 소상공인의 경영 부담을 줄여주기 위한 정책적 노력을 강화하겠다고 밝혔다.  최 부총리는 이날 소상공인 간담회에서 “올해 예산에는 영세 소상공인 126만명에게 전기요금을 인당 20만원까지 감면해주기 위한 예산이 2520억원 반영됐다”면서 “올해 1분기 중 감면 적용이 시작될 계획”이라고 말했다.  그는 또 “소상공인의 에너지·금융비용 등 절감을 위한 소상공인 경영응원 3종 패키지를 9000억원 규모로 시행할 것”이;라면서 “온누리상품권 발행량도 지난해보다 1조원 늘렸고, 사용처도 확대할 예정”이라고 했다.  이어 은행권이 소상공인들에게 2조원 규모의 이자환급 지원 등을 실시하는 내용을 언급하면서 “정부도 재정을 통해 약 3000억원의 재원을 조달하여 비은행권을 이용하는 소상공인 차주에 대해 일정 폭의 이자감면을 지원할 계획”이라고 했다.  그러면서 “최근 경기회복 조짐이 서서히 나타나고 있으나 소상공인 체감 경기는 여전히 어렵다”며 “소상공인 부담 경감을 위한 정책적 노력을 강화해 나가겠다”고 덧붙였다.  윤희훈 기자 yhh22@chosunbiz.com   Copyrights ⓒ ChosunBiz.com"
211,5,"2024-01-01","17:00:00","새해 첫날 현장 찾은 최상목 ""영세 소상공인 1인당 20만 원 전기료 감면""","정부가 올해 1 분기 중 영세 소상공인 126만 명에게 1인당 20만 원의 전기요금 감면혜택을 제공한다.  최상목 부총리 겸 기획재정부 장관은 새해 첫날인 1일 서울 마포구에 위치한 홍대 걷고싶은 거리를 찾아, 온누리상품권으로 물품을 구매하고 상인들과 만나 경기상황과 애로사항을 청취했다.  이 자리에서 최 부총리는 ""최근 경기회복 조짐이 서서히 나타나고 있으나 소상공인 체감 경기는 여전히 어렵기에 소상공인 부담 경감을 위한 정책적 노력을 강화해 나가겠다""고 밝혔다.  그러면서 ""2024년 소상공인 지원예산은 전년 대비 약 1조 원 증가한 5조1000억 원(소진기금 기준)으로 영세 소상공인 약 126만 명에 대한 전기요금 감면(인당 20만 원) 예산 2520억 원이 반영됐고, 올해 1분기 중 감면 적용이 시작될 계획""이라고 강조했다.  아울러 소상공인의 에너지·금융비용 등 절감을 위한 소상공인 경영응원 3종 패키지(약 9000원 규모) 시행, 온누리상품권 확대 발행(전년대비 1조 원 증액) 및 사용처 확대 등도 추진하고, 올해 소상공인 지원사업의 상반기 집행률도 제고하겠다고 했다.  최 부총리는 또 ""지난달 21일 은행권이 소상공인들에게 2조 원 규모의 이자환급 지원 등을 발표했다""며 ""정부도 재정을 통해 약 3000억 원의 재원을 조달해 비은행권을 이용하는 소상공인 차주에 대해 일정 폭의 이자감면을 지원할 계획""이라고 밝혔다.  이어 ""앞으로도 우리 경제와 민생 현장의 목소리를 듣기 위한 현장방문의 기회를 최대한 많이 가질 계획""이라며 ""기재부의 모든 실국이 현장방문에 적극 참여해 생생한 현장 중심의 정책을 만들어 나가겠다""고 강조했다.  세종=서병곤 기자(sbg1219@etoday.co.kr)  [오늘의 핫클릭]  ●2024 주식투자 가이드…올해 증시 원톱 株인공은 ●H지수 ELS 녹인 공포의 쓰나미가 몰려온다  ●투자에 강한 경제신문 '이투데이' 증권 뉴스 ●경영정보를 전달드리는 유료 뉴스 서비스 Channel 5  ●수익률 미쳤다. 따블계좌 속출! 1억이 절실한 분은 입장!! ●[실시간] 오늘의 주요 종목 뉴스 확인하기 ●[실시간] 오늘의 특징주 살펴보기        이투데이(www.etoday.co.kr), 무단전재 및 수집, 재배포금지  프리미엄 경제신문 이투데이  "
211,6,"2024-01-01","17:00:00","최상목 부총리 ""소상공인 126만명, 인당 20만원 전기료 감면""","[머니투데이 세종=유재희 기자]   최상목 부총리 겸 기획재정부 장관이 ""영세 소상공인 약 126만명에 대한 전기요금 감면(인당 20만원) 예산 2520억원이 올해 예산에 반영됐고 1분기 중으로 감면 적용이 시작될 계획""이라고 밝혔다.   최 부총리는 1일 오후 서울 마포구 소개 홍대 걷고 싶은 거리를 찾아 상인들과 간담회를 개최하고 ""최근 경기회복 조짐이 서서히 나타나고 있으나 소상공인 체감 경기는 여전히 어렵기에 소상공인 부담 경감을 위한 정책적 노력을 강화해 나가겠다""며 이같이 말했다.   이날 행사는 최 부총리가 취임한 이후 첫 현장방문이다. 그는 직접 온누리상품권으로 물품을 구매하고 상인들로부터 경기상황, 애로사항을 청취했다.   정부는 지난 12월 국회에서 확정된 2024년 소상공인 지원예산(소상공인시장진흥기금)을 기반으로 지원책을 펼 계획이다. 올해 소상공인 대상지원예산은 전년 대비 1조원 증가한 5조1000억원이다.   최 부총리는 ""소상공인의 에너지·금융비용 등 절감을 위한 소상공인 경영응원 3종 패키지(약 9000조원 규모)를 시행, 온누리상품권 확대 발행(전년 대비 1조원 증가) 및 사용처 확대 등도 추진할 예정""이라며 ""올해 소상공인 지원사업의 상반기 집행률도 제고할 계획""이라고 말했다.   또 최 부총리는 ""지난해 21일 은행권이 소상공인들에게 2조원 규모의 이자 환급 지원 등을 실시할 것임을 발표했다""면서 ""정부도 재정을 통해 약 3000억원의 재원을 조달, 비은행권을 이용하는 소상공인 차주에 대해 일정 폭의 이자 감면을 지원할 계획""이라고말했다.   그는 ""앞으로도 우리 경제와 민생 현장의 목소리를 듣기 위한 현장 방문의 기회를 최대한 많이 가질 계획""이라며 ""기재부의모든 실·국이 현장 방문에 적극적으로 참여해 생생한 현장 중심의 정책을 만들어 나가겠다""고 밝혔다.     [관련기사] ☞ 전현무도 감출 수 없었다…10기 정숙 데이트 신청에 '울상' ☞ 프로파일러 배상훈 ""시신 트라우마... 집에 칼 없고 가구 문 다 열어"" ☞ '신교대 조교' BTS 제이홉 올해 전역…멤버들에게 남긴 말 ☞ 가수는 갔지만 노래는남아, 천국서 히트한 '내 눈물 모아'[뉴스속오늘] ☞ 故이선균 협박녀 얼굴 공개됐다…""95년생 미혼모"" 신상공개한 유튜버   세종=유재희 기자 ryuj@mt.co.kr     키워드림론 최대 4배 주식자금 & 고금리 대환상품 한도 오픈! (1644-6960)   [무료운세] 믿어야 돼 말아야 돼? 종목매수전에 믿고보는 '오늘의 운세'        [파워 인터뷰]       매수전에 점 부터 보고 가실께요 -> 오늘의 운세 [복채무료]      ⓒ 머니투데이 & mt.co.kr, 무단 전재 및 재배포 금지"
211,7,"2024-01-01","17:00:00","최상목 첫 소상공인 현장방문…“비은행권 차주도 이자감면 지원”","- '홍대 걷고싶은 거리' 찾아 취임 후 첫 현장행보 - 소상공인 간담회 열고 경기 및 애로사항 청취 - “소상공인 부담경감 위한 정책적 노력 강화”    2024년 신년운세 토정비결 사주 확인!  [세종=이데일리 조용석 기자] 최상목 부총리 겸 기획재정부장관이 취임 후 첫 현장행보로 소상공인을 만나 “비은행권을 이용하는 소상공인 차주에 대해서도 이자감면을 지원하겠다”고 1일 예고했다.      최상목 부총리 겸 기획재정부 장관(왼쪽 두번째)이 1일 오후 취임 첫 민생현장으로 서울 마포구 소재 ‘홍대 걷고 싶은거리’를 방문, 상인들의 애로사항을 청취하고 있다.(사진 = 기재부)  최 부총리는 이날 오후 서울 마포구 소재 ‘홍대 걷고싶은 거리’를 방문, 상인들과 간담회를 개최하고 경기상황 및 애로사항 등을 청취했다. 지난달 29일 취임 이후 첫 현장행보다.   그는 “최근 경기회복 조짐이 서서히 나타나고 있으나 소상공인 체감 경기는 여전히 어렵다”며 “소상공인 부담 경감을 위한 정책적 노력을 강화해 나가겠다”고 약속했다.   또 소상공인의 에너지·금융비용 등 절감을 위한 소상공인 경영응원 3종 패키지,온누리상품권 확대 발행(전년대비+1조원) 및 사용처 확대, 소상공인 지원사업의 상반기 집행률도 제고할 계획 등도 언급했다.   최 부총리는 “지난달 21일 은행권이 소상공인들에게 2조원 규모의 이자환급 지원 등을 실시할 것임을 발표했다”며 “정부도 재정을 통해 약 3000억원의 재원을 조달, 비은행권을 이용하는 소상공인 차주에 대해 일정 폭의 이자감면을 지원할 계획”이라고 덧붙였다.   아울러 최 부총리는 “우리 경제와 민생 현장의 목소리를 듣기 위한 현장방문의 기회를 최대한 많이 가질 계획”이라며 “기재부의 모든 실국이 현장방문에 적극 참여해 생생한 현장 중심의 정책을 만들어 나갈 것”이라고 강조했다.     ▶▶[무료공개]◀◀ 지금 ""1,000만원""만있어도 당장 ""이것""부터 사라!! >>> (무료체험)  [AI분석] 이번주 급등주 찾기!! ""500만원으로 20억"" 버는 종목 공개!! ▶무료로 확인가능◀     ＜ⓒ종합 경제정보 미디어 이데일리 - 무단전재 & 재배포 금지＞    "
212,1,"2024-01-01","16:53:59","BUZZ-인도의 담푸르 설탕 공장, 환매 제안에 상승세","BUZZ-India's Dhampur Sugar Mills rises on buyback proposal  ** 담푸르 슈가 밀스의 주가가 자사주 매입 제안으로 7.6% 상승한 272.8루피로 마감.  ** 현재 주가 4.5% 상승  ** 사탕수수 가공업체가 1월 3일에 전액 납입된 자사주 매입을 고려 중입니다.  ** 추세가 유지된다면, 설탕 회사들의 에탄올 생산용 설탕 전환 계획에 대한 주가가 12월 18일 이후 최고 하루 상승률을 기록할 것으로 보입니다.  ** 지난 3주 동안 주가가 상승하여 해당기간 동안 5.5% 상승했습니다.  ** 거래량은 30일 일평균 거래량의 2배입니다.  ** 2023년 주가는 2.4% 상승하여 1994년 상장 이후 1년 만에 가장 낮은 상승률을 기록했습니다.              (Reporting by Anuran Sadhu in Bengaluru)  Anuran.Sadhu@thomsonreuters.com        (c) Copyright Thomson Reuters 2020. Click For Restrictions - https://agency.reuters.com/en/copyright.html   원문 바로가기    DISCLAIMER  레피니티브의 사전, 서면 승인 없는 톰슨로이터 콘텐츠의 재생산이나 재배포는 금지되어 있습니다. 이 기사의 한국어 번역은 에프앤가이드가 사용하는 기계적 번역에 의한 것으로 톰슨로이터와 레피니티브는 번역의 정확성을 보증하지 않습니다."
212,2,"2024-01-01","16:53:09","일본 7.4 규모 지진 발생…기상청 “동해안 일부 지진해일 주의”","기상청 직원들이 지진 추이를 파악하고 있다. 기사 내용과 직접적인 관련 없음. [기상청 제공]  [헤럴드경제=이영기 기자] 기상청은 1일 오후 4시께 일본 도야마현 북쪽 해역서 발생한 강진으로 동해안 일부에 지진해일이 도달해 해수면이 높아질 수 있다고 주의를 당부했다.  예상 지진해일 도달 시점은 강릉 오후 6시 29분, 양양 오후 6시 32분, 고성 오후 6시 48분, 경북 포항오후 7시 17분이다.  해일의 최대 높이는 0.5ｍ 미만일 것으로 예상된다.  기상청은 ""강원해안 일부는 지진해일로 해수면 높이가 높아질 수 있으니 안전에 주의해달라""면서 ""지진해일 높이는 조석을 포함하지 않아, 해안에 도달 후 점차 높아질 수 있다""고 설명했다.  기상청에 따르면 이날 오후 4시 10분께 일본 도야마현 도야마 북쪽 90㎞ 해역에서 규모 7.4 지진이 발생했다. 미국 지질조사국은 지진 규모를 7.5로 추정했다.        ▶ 무조건 오르는 비공개 급등종목 ""반드시"" 확인하기 >> 오늘의 추천종목 정보 제공 받기 <<    ▶ 급등 임박! 반드시 상승할 ""유망 종목 TOP3"" 실시간 시세 확인하기 >> 종목 무료로 받아보기 <<    ▶ 비트코인 와르르 大폭락에 OO테마주 들썩, 상위 1% TF팀 >> 선착순 100명 급등 종목 무료제공 <<     ▶ 내 계좌 '5억'만들기 프로젝트! VIP 서비스 5일 무.료.체.험 EVENT >>보유 종목 무료분석<<        ▶ 상위 1%의 급등주 정보, 선착순 100명에게 무료로 제공 중… >>초대형 대장주 비밀리에 입수<<       ▶ 단 돈 ""만 원"" 있어도 10배 이상 터질 종목 ""지금"" 사도 무조건 터진다 >> 매일 VIP 무료추천주 <<       ▶ 아무도 몰랐던 급상승 ""VIP 히든종목"" 분석자료 선착순 무료제공!! >>최상위종목 ""시세"" 확인하기<<"
212,3,"2024-01-01","16:52:57","유승민 ""대한민국 소멸 이미 시작, 대통령 책임 가장 크다""","[서울=뉴스핌] 채송무 기자 = 유승민 국민의힘 전 의원은 1일 윤석열 대통령의 신년사에 대해 ""나라는 망하는데, 정치가 이 모양이된 것도 대통령 책임이 가장 크다""고 지적했다.  유 전 의원은 이날 자신의 페이스북에 올린 글을 통해 ""우리 경제는 좀처럼 악순환 구조에서 벗어나지 못하고 있다""며 ""물가는 뛰고 가계부채는 늘어나 실질소득도, 소비도 줄어들고 내수는 위축된다. 경제가 어려우면 없는 사람들이 훨씬 더 힘들다""고 말했다.   유승민 전 국민의힘 의원. [사진 = 뉴스핌 DB]  유 전 의원은 ""대한민국의 소멸은 이미 지방소멸에서 시작됐다. 나라가 없어지는데 경제고 국방이고 무슨 소용이 있겠나""라며 ""이대로 가면 나라가 망한다""고 경고했다.  그는 ""결국대통령의 책임이 가장 크다""라며 ""그런데 오늘 나온 윤석열 대통령의 신년사는 변함없는 독선과 오만, 무성찰과 무책임을 보여준다""고 목소리를 높였다.  그는 ""국민이 참고 기다려주는 시간은 이제 끝났다. 문재인 정권 탓할 수 있는 시간도 지났다""라며 ""이제는 윤석열 대통령과 여당의 능력으로 국민의 평가를 받을 시간""이라고 말했다.  이어 ""3대 개혁은 입으로만 떠든다고 되는 것이 아니다""라며 ""주 69시간소동 이후 무슨 노동개혁을 했나. 만5세 취학과 수능 킬러문항 소동 이후 무슨 교육개혁을 했나""고 지적했다.  또 ""저출산에 대하여 '다른 차원의 접근이 필요하다'고 하면서 대통령은 해법이 뭔지 한 번도 밝힌 적이 없다""며 ""교육, 보육, 복지, 주거, 고용이 근본적인 대책이아니라면 도대체 대통령의 근본대책은 무엇인가""고 말했다.  이어 ""워싱턴선언이라는 종이 한 장으로 북한의 핵공격을 막을 수 있다는생각은 판타지 소설에 가깝다""라면서 ""대통령과 여당은 소위 '김건희 리스크'를 과감하게 해소하고, 오로지 민생경제와 시대의 개혁에만 집중해야 한다""고 주장했다.  그는 ""대통령도, 대통령의 가족도 모든 국민과 똑같이 법 앞에 평등해야 한다""라며 ""평생 국민들 앞에서 법치를 외쳐왔던 대통령이 이 문제를 어떻게 처리하는지 국민들이 두 눈을 부릅뜨고 지켜보고 있다""고 꼬집었다.   dedanhi@newspim.com [종합] 尹, 신년 첫 메시지로 '이념 카르텔 타파' 강조...3대 개혁 추진 약속 [전문] 尹대통령, 2024년신년사...""문제 해결 위해 행동하는 정부 될 것"" 尹대통령 ""2027년까지 방산수출 4대 강국…상반기 북핵 한미 확장억제 완성""              저작권자(c) 글로벌리더의 지름길 종합뉴스통신사 뉴스핌(Newspim), 무단 전재- 재배포 금지"
212,4,"2024-01-01","16:52:46","손식 사령관 “적 도발 시 즉각·단호한 응징” 해안경계·방공 태세 점검","새해 첫날 영종도서 현장 점검 ""선조치·후보고 강력 대응"" 지시 수도군단 방공진지도 찾아 적 항공기 및 소형무인기 침투 점검  [파이낸셜뉴스]    손식 지상작전사령관이 1일 인천 영종도에서 육군 17사단 주요 지휘관들과 해안 경계 작전 현황을 논의하고 있다. 사진=지작사 제공 손식 지상작전사령관(육군 대장)이 새해 첫날인 1일 영종도 일원 해안과 공중 경계작전 임무를 수행하는 육군 17사단 부대와 수도군단 방공진지를 잇따라 방문해 대비태세를 점검하고 장병들을 격려했다. 손 사령관은 이날 부대원들과 해안철책을 직접도보로 이동하면서 경계태세 현장을 살펴본 뒤 작전지역 및 적 위협 분석, 해안 감시·경계 작전 수행체계, 인천공항 대테러대응태세현황 등을 부대 상황실서 보고받고 작전을 지도했다. 손 사령관은 이 자리에서 “희망찬 새해를 맞았지만 적들은 연초부터 기습적 도발을 획책하고 있다. 여러분이 지키고 있는 이곳은 대한민국의 핵심 관문으로 반드시 안정적으로 지켜내야 국민들이 마음 놓고 생업에 종사할수 있다”고 강조했다. 이어 “지금 바로 내 앞으로 적이 도발할 것이라고 생각해야 하고, 도발하면 선조치·후보고 원칙하에 한치의 망설임 없이 즉각적이고 단호하게 응징할 수 있도록 확고한 대비태세를 유지해야 한다”고 주문했다. 손 사령관은 수도군단 방공진지도 찾아 적 항공기와 소형무인기 침투에 대비한 방공작전 대비태세를 점검하고 장병들을 격려했다.   손식 지상작전사령관이 1일 인천 영종도 수도군단 방공진지를 방문해 적 항공기 및 소형무인기 침투 대비 방공작전 대비태세를 보고 받고 있다. 사진=지작사 제공    손식 지상작전사령관이 1일 육군 17사단 영종도 해안경계부대 상황실에서 대비태세 현황을 점검하며 작전지도를 하고 있다. 사진=지작사 제공   wangjylee@fnnews.com 이종윤 기자  [파이낸셜뉴스 주요뉴스]  → 100억대 위약금에 유서 쓴 이선균, 아내 전혜진에 남긴 말은... → ""혼전순결 강조하며 성관계 안한 남편, 알고 보니..."" 반전 사연 → 정대세의 폭탄 고백 ""아내와 결혼 10년 만에 이혼을..."" → 10살연하와 결혼한 女배우 고백 ""남편이 계좌번호를..."" → 전남 광양 앞바다서 40대男 숨진 채 발견, 시신 살펴보니 → 한주간 지친 나에게 디저트로 [파인애플]  ▶▶[무료공개]◀◀ 지금 ""1,000만원""만 있어도 당장 ""이것""부터 사라!! >>> (무료 체험)    ※ 저작권자 ⓒ 파이낸셜뉴스. 무단 전재-재배포 금지 "
212,5,"2024-01-01","16:52:03","신세계까사, 새로운 테이블웨어 ‘헤리티지 시리즈’ 출시","앤틱·모던 두 가지 분위기 식기 30종 오는 4일부터 2월12일까지 20% 할인   신세계까사(SHINSEGAE CASA)가 새해를 맞아 정갈하고 센스 있는 상차림이 가능한 까사미아 테이블웨어 신제품 ‘헤리티지 시리즈’를 출시했다. ‘헤리티지식기 시리즈’는 조개껍데기가 떠오르는 입체적인 디자인과 앤티크한 분위기를 자아내는 마감이 돋보이는 식기 제품이다. 특히 검은색과흰색이 섞여 조화롭게 어우러진 오묘한 색감의 유약을 입혀 고전적이면서도 현대적인 감각이 느껴지는 독특한 스타일을 완성했다. 특유의 디테일이 잘 드러나면서도 과하지 않은 색감과 디테일로 음식을 한층 더 돋보이게 해준다. 일상에서 활용도가 높은 공기·대접·찬기·원형 접시뿐만 아니라 특별한 날에 포인트를 줄 수 있는 케익 스탠드·서빙 보드 등 총 30종류의 다채로운 구성으로 한식·양식은 물론 티타임을위한 디저트 플레이팅 등 다양한 연출이 가능하다. 신세계까사는 해리티지 시리즈 출시를 기념해 까사미아 매장과 온라인 쇼핑 플랫폼 ‘굳닷컴’에서 해당 제품의 20% 할인 행사를 오는 4일부터 2월 12일까지 진행한다. 더불어 특별한 날 상차림의 완성도를 높여 줄 다양한 테이블웨어 아이템을 최대 20% 할인 판매한다. 해당 제품들은 ‘헤리티지 시리즈’와 함께 사용하면 한층 더 감각적인 세팅을 완성할 수 있다. 고급스러운 자수 스티치가 돋보이는 ‘베르’ 테이블매트’는 옥타곤, 클리프, 크라운 등 독특한 형태와 최근 유행을 따른 색상 조합으로심심하지 않으면서도 격식을 차린 듯한 분위기를 연출해준다. 다이아몬드 커팅 디자인이 고급스러운 느낌을 한층 더해주는 ‘토파즈 글라스시리즈’는 물컵, 리큐어잔, 하이볼잔, 와인잔, 아이스크림컵 등으로 구성이 다양해 커피나 주류, 디저트 등을 담아 고급스러운 홈바 · 홈카페처럼 꾸밀 수 있다. 또 ‘해머 커트러리’는 망치로 잘게 두드린 듯한 표면의 입체적 질감으로 클래식한 느낌의 다이닝 세팅에 특별한포인트가 된다. 손잡이 끝의 다양한 문양 디테일이 돋보이는 ‘스텔라 디저트 커트러리’는 별도의 데코 없이도 장식미를 더해준다. 물푸레나무를 비정형으로 다듬어 자연스러운 감성이 돋보이는 ‘비바 서빙보드’는 핑거푸드나 작은 사이즈의 디저트 데코, 와인 안주 플레이팅 등에활용하면 ‘한 끗’ 차이로 특색 있는 자리를 만들 수 있다.    [ⓒ 매일경제 & mk.co.kr, 무단 전재, 재배포 및 AI학습 이용 금지]"
212,6,"2024-01-01","16:51:48","정부 부처 주간일정 및 보도계획(2~5일)","[머니투데이 세종=유재희 기자]      ━  ◆국무총리실  ━     2일(화)   *한덕수 국무총리, 정부 시무식(오전 9시, 정부세종청사)   *한덕수 국무총리, 국무회의(오전 10시, 정부세종청사)   *방기선 국무조정실장, 정부 시무식(오전 9시, 정부세종청사)   *방기선 국무조정실장, 국무회의(오전 10시, 정부세종청사)   *행정규제기본법 시행령 개정안 국무회의 의결   3일(수)   *한덕수 국무총리, 국정현안관계장관회의(오후 4시, 정부서울청사)   *방기선 국무조정실장, 국정현안관계장관회의(오후 4시, 정부서울청사)   4일(목)   *한덕수 국무총리, 강원동계청소년올림픽 현장점검(오후 2시 30분, 강원)   *2022년 탄소중립·녹색성장 이행점검 결과 발표   5일(금)   *한덕수 국무총리, 경우회 신년인사회(오전 11시 10분, 서울 더케이호텔)       ━  ◆기획재정부  ━     2일(화)   *김병환 1차관, 정부 시무식(오전 9시, 세종청사)   *김윤상 2차관, 국무회의(오전 10시, 세종청사)   *국세물납주식 56개 종목 공개매각   3일(수)   *김병환 1차관, 국정현안관계장관회의(오후 4시, 서울청사)   *2023년 11월 온라인쇼핑동향   4일(목)   *일정 없음   5일(금)   *김병환 1차관, 비상경제차관회의 겸 물가관계차관회의(오전 8시, 서울청사)   *김윤상 2차관, 차관회의(오전 8시, 서울청사)   *제36차 비상경제차관회의 겸 제7차 물가관계차관회의       ━  ◆산업통상자원부  ━     2일(화)   *장영진 1차관, 정부시무식(오전9시, 세종청사)   *강경성 2차관, 정부시무식(오전 9시, 세종청사)   *국무회의(오전 10시)   *산업집적법 일부개정법률 공포안 국무회의 의결  *원자력 비파괴 검사 등 엔지니어링 표준품셈 공표   3일(수)   *장영진 1차관, 현안관계장관회의(오후 4시, 서울청사)   4일(목)   *2023년 외국인직접투자 동향 발표  *1회성 생산하는 어린이 놀이기구의 KC인증 간소화  *인증·표준의 모든 것, '1381'에 문의하세요   5일(금)   *장영진 1차관, 차관회의(오전 8시, 서울청사)       ━  ◆환경부  ━     2일(화)   *한화진 장관, 정부 시무식(오전 9시, 세종)   *한화진 장관, 국무회의(오전 10시, 세종)   *한화진 장관, 환경부 시무식(오후 1시 20분, 세종)   *임상준 차관, 정부 시무식(오전 9시, 세종)   *임상준 차관, 환경부 시무식(오후 1시 20분, 세종)   *임상준 차관, 국립대전현충원참배(오후 3시 50분, 대전)   *국립생물자원관, 양방향 관람효과를적용한 '생생채움전시실' 재개관  *미세먼지 계절관리제 기간, 첨단장비를활용한 배출사업장 집중 감시   3일(수)   *일정 없음   4일(목)   *임상준 차관, 미세먼지 항공관측 현장점검 (오후 2시, 태안)   5일(금)   *일정 없음       ━  ◆고용노동부  ━     2일(화)   *이정식 장관, 2024 경제계 신년인사회(오전 10시 40분, 중소기업중앙회)   *이성희 차관, 정부 시무식(오전 9시, 정부세종청사)   *이성희 차관, 국무회의(오전 10시, 정부세종청사)   *이성희 차관, 현충원 참배(오후 3시 10분, 대전)   *올해의 근로감독관 우수사례 홍보  *건설근로자 권익 보호를 위한 전자카드제 전면 확대   3일(수)   *이정식 장관, 정부 신년인사회(오전 10시 30분, 서울)   *이성희 차관, 정부 신년인사회(오전 10시 30분, 서울)   *2023년 올해의 산업안전 근로감독관 6명 선정   4일(목)   *이정식 장관, 임금체불 근절 및 피해지원을 위한 현장간담회(오후 3시, 경기도 성남)   *이정식 장관, 새해 첫 행보는 임금체불   5일(금)   *이정식 장관, 노사정 신년인사회(오후 4시, 서울)   *이성희 차관, 차관회의(오전 8시, 정부서울청사)   *이성희 차관, 노사정 신년인사회(오후 4시, 서울)   *2023년 올해의 고용서비스상 수상자 선정  *대학일자리플러스센터,(대학·고교) 재학생 맞춤형 고용서비스 운영대학 공모  *노사정 신년 인사회       ━  ◆농림축산식품부  ━     2일(화)   *송미령 장관, 정부 시무식(오전 9시, 세종)   *송미령 장관, 국무회의(오전 10시, 세종)   *송미령 장관, 신임 장관 취임식(오후 1시 20분, 세종)   *송미령 장관, 시설농가 및 농산물 수급상황 점검(오후 2시 50분, 부여·금산)   *한훈 차관, 정부 시무식(오전 9시, 세종)   *한훈 차관, 신임 장관 취임식(오후 1시 20분, 세종)   *2024년 농림축산식품부 연구개발사업 통합공고(오전)   *농식품부 장관, 새해 시작과 함께 현장부터 챙긴다(오후)   *겨울철 시설작물 생육상황 등 점검(오후)   3일(수)   *식품·외식업계 원가부담 완화 지속 추진(오전)   *농관원, 햅쌀 출하기 양곡 부정유통 00개소 적발(오전)   4일(목)   *2023년 해외 한식 소비자 조사 결과 발표(오전)   *냄새 잡은 '천마' 뇌 신경보호 효과도 뛰어나(오전)   5일(금)   *일정 없음       ━  ◆해양수산부  ━     2일(화)   *강도형 장관, 정부시무식(오전 9시, 세종)   *강도형 장관, 장관 취임식(오전 11시 10분, 세종)   *솧명달 차관, 정부시무식(오전 9시 세종)   *송명달 차관, 장관 취임식(오전 11시 10분, 세종)   *2톤 미만 소형어선 원격검사 도입(오전)   *등대 공무원 중에서 첫 사무관(5급) 배출(오전)   3일(수)   *송명달 차관, 국립현충원 참배(오후 3시, 대전)   *항만 외곽시설 보강 및 재해예방시설 정비(오전)   *항해용 전자책자 무료 서비스 개시(오전)   4일(목)   *강도형 장관, 해양수산가족 신년 인사회(오후 2시, 서울)   *송명달 차관, 해양수산가족 신년 인사회(오후 2시, 서울)   *베트남 물류센터 합작 투자법인 설립(오전)   5일(금)   *강도형 장관, 해양수산 정책현장 방문(잠정, 부산)   *송명달 차관, 차관회의(오전 8시, 서울)   *송명달 차관, 언론브리핑(오전 11시, 서울)       ━  ◆중소벤처기업부  ━     2일(화)   *오영주 장관, 경제계 신년인사회(10시 10분, 중기중앙회)   *오기웅 차관, 정부 시무식(9시, 세종청사)   *오기웅 차관, 국무회의(10시, 세종청사)   *'벤처기업육성에 관한 특별조치법' 개정안 국무회의 의결  *기술보호 최초 5배 배상제도, 도입 및 법원의 자료송부요구권 강화  *영세 소상공인이 받은 1, 2차 선지급 재난지원금 환수 부담 없어진다!   *상생협력법 개정안 국무회의 의결  *高위험 高성과 R&D 프로젝트 수행기업 최종 선정  *24년 소상공인 지원사업 통합 공고   3일(수)   *오기웅 차관, 신년인사회(10시30분, 서울)   *24년 창업지원사업 통합 공고   4일(목)   *오기웅 차관, 차관회의(10시, 미정)   *24년도 '테크노파크 생산장비 고도화 지원사업' 주관기관 모집   5일(금)   *일정 없음       ━  ◆공정거래위원회  ━     2일(화)   *한기정 공정위원장, 정부 시무식(오전 9시, 세종청사)   *한기정 공정위원장, 국무회의(오전 10시, 세종청사)   *한기정 공정위원장, 공정위 시무식(오후 3시, 다목적홀)   3일(수)   *일정 없음   4일(목)   *일정 없음   5일(금)   *조홍선 부위원장, 차관회의(오전 9시, 세종청사)       ━  ◆한국은행  ━     2일(화)   *이창용 총재·유상대 부총재, 2024년 시무식(9시 30분, 1층 강당)   *한국은행 화폐박물관, 화폐기획전 '四時貨色: 국립공원의 사계, 화폐에 물들다'展 개최  *2023년 제23차 금통위(비통방) 의사록 공개   3일(수)   *이창용 총재·유상대 부총재, 범금융 신년인사회(오후 2시, 롯데호텔)   4일(목)   *2023년 12월말 외환보유액  *2023년 3/4분기 자금순환(잠정)   5일(금)   *일정 없음     [관련기사] ☞ 전현무도 감출 수 없었다…10기 정숙 데이트 신청에 '울상' ☞ 프로파일러 배상훈 ""시신 트라우마... 집에 칼 없고 가구 문 다 열어"" ☞ '신교대 조교' BTS 제이홉 올해 전역…멤버들에게 남긴 말 ☞ 가수는 갔지만 노래는남아, 천국서 히트한 '내 눈물 모아'[뉴스속오늘] ☞ 故이선균 협박녀 얼굴 공개됐다…""95년생 미혼모"" 신상공개한 유튜버   세종=유재희 기자 ryuj@mt.co.kr     키워드림론 최대 4배 주식자금 & 고금리 대환상품 한도 오픈! (1644-6960)   [무료운세] 믿어야 돼 말아야 돼? 종목매수전에 믿고보는 '오늘의 운세'        [파워 인터뷰]       매수전에 점 부터 보고 가실께요 -> 오늘의 운세 [복채무료]      ⓒ 머니투데이 & mt.co.kr, 무단 전재 및 재배포 금지"
212,7,"2024-01-01","16:51:18","‘솔라허브 구축’ 한화솔루션…영업익 ‘1조 시대’ 연다","- 오는 4월 모듈 생산 시작으로 美 ‘솔라허브’ 가동 - 미국 내 늘어나는 태양광 설치량과 함께 실적 개선 - AMPC도 기대 요인…올해연간 영업익 1조원 전망    2024년 신년운세 토정비결 사주 확인!  [이데일리 박순엽 기자] 한화솔루션이 올해 말 구축되는 태양광 통합 생산단지 ‘솔라허브’를 앞세워 태양광 최대 시장으로 평가받는 북미 시장을 본격적으로 공략한다. 여기에 더해 미국 인플레이션 감축법(IRA) 내 첨단 제조 생산 세액공제(AMPC·Advanced Manufacturing Production Credit) 수혜로 지난해 부진했던 실적을 떨치고 연간 영업이익 1조원 달성에도 성공하리란 전망이 나온다.      (그래픽=이데일리 문승용 기자)  1일 업계에 따르면 한화솔루션은 지난해 상반기 기준 1.7기가와트(GW) 수준이었던 미국 내 모듈 생산 능력을 올해 상반기까지 8.4GW 로 확대한다. 한 해 만에 미국 내 모듈 생산 능력을 5배로 늘리는 셈이다. 8.4GW의 모듈 생산량은 2022년 기준 미국 전역에 설치한 태양광 발전의 절반에 해당하는 규모다. 이 같은 미국 내 모듈 생산 능력 확대는 올해 솔라허브가 구축되는 데 따른 계획이다.   한화솔루션은지난해 연 3.4GW 규모의 모듈을 생산할 수 있는 미국 달튼 2공장 증설을 마무리한 데 이어 오는 4월엔 미국 카터스빌 공장에서 3.3GW의 모듈을 생산한다. 한화솔루션은 올해 말까지 솔라허브 구축을 마무리해 잉곳, 웨이퍼, 셀 공장을 차례대로 가동할 계획이다.   여기에 더해 지난해 글로벌 고금리에 위축됐던 미국 내 태양광 시장도 개선되면서 한화솔루션의 실적 개선에 힘을 실어줄 전망이다. 강동진 현대차증권연구원은 “에너지저장장치(ESS) 가격 하락, 투자세액공제(ITC) 혜택이 고금리 여파를 상쇄하면서 지난 9월부터 미국에서 태양광 설치량이 대폭 늘어나기 시작했다”고 설명했다.   또 미국 IRA에 따른 AMPC도 기대 요인 중 하나다. 현재 공개된 지침에 따르면 미국 내에서 생산된 태양광 모듈과 셀은 각각 와트(W)당 7센트와 4센트의 세액공제를 받을 수 있다. 웨이퍼는 제곱미터(㎡)당 12달러, 폴리실리콘은 킬로그램(kg)당 3달러가 적용된다.   최영광 NH투자증권 연구원은 “올해 한화솔루션의 태양광 모듈 판매량은 미국 내 공장 신·증설에 따라 전년 대비 19% 증가할 전망”이라며 “올해 2분기엔 모듈 공장, 3분기엔 웨이퍼·셀 공장을 가동하면서 연간 AMPC 예상 금액이 올해 대비 약 3 배 이상 증가할 것”이라고 전망했다. 증권가에선 한화솔루션의 올해 AMPC 금액이 6000억원을 웃돌 것으로 보고 있다.   한화솔루션은이 같은 태양광 사업 호조를 바탕삼아 영업이익 1조 시대를 열 것으로 보인다. 금융정보업체 에프앤가이드에 따르면 증권가가 전망한 한화솔루션의 올해 연결기준 영업이익 컨센서스(실적 추정 평균치)는 지난해 영업이익 전망치인 7413억원보다 35.1% 증가한 1조18억원으로 집계됐다.     ▶▶[무료공개]◀◀ 지금 ""1,000만원""만 있어도 당장 ""이것""부터 사라!! >>> (무료체험)  [AI분석] 이번주 급등주 찾기!! ""500만원으로 20억"" 버는 종목 공개!! ▶무료로 확인가능◀     ＜ⓒ종합 경제정보 미디어 이데일리 - 무단전재 & 재배포 금지＞    "
213,1,"2024-01-01","16:42:46","생성형 AI를 현명하게 쓰는 방법은?…‘윤리 가이드북’","- NIA, 「생성형 AI 윤리 가이드북」 발간    2024년 신년운세 토정비결 사주 확인!  [이데일리 김현아 기자]   ‘생성형 AI 윤리 가이드북’은 ‘디지털윤리’ 홈페이지와 ‘NIA’ 홈페이지에서 누구나 다운로드받을 수 있다.    한국지능정보사회진흥원(원장 황종성, NIA)이 방송통신위원회와 함께 생성형 인공지능(AI)의 윤리적인 활용에 도움이 될 수 있는 「생성형 AI 윤리 가이드북」을 발간했다.  이번 가이드북은 최근 생성형 AI가 급속도로 확산되면서 청소년, 대학생, 직장인등 다양한 계층의 활용이 활발한 현시점에서 생성형 AI의 윤리적 문제를 진단하고, 건전하고 현명하게 사용할 수 있는 방법을 제시했다.  생성형 AI를 이용하는 국민 누구나 쉽게 읽고 도움받을 수 있도록 실제 활용 과정에서 경험할 수 있는 사례를 중심으로 가이드북의 내용을 구성했다.  가이드북은 총 6개의 파트로 구성돼 있으며 생성형 AI가 우리 사회에 가져온 변화와 발생가능한 문제를 진단하고 생성형 AI의 윤리적 활용을 위한 대응 방법을 제시하고 있다.  특히, 인공지능 윤리의 핵심적인 사항이라고 볼 수 있는 ▲저작권 ▲책임성 ▲허위조작정보 ▲개인정보·인격권 ▲오남용에 대한 24가지 질문별 답변을 제시하여 상황별 생성형 AI의 윤리적 활용에 대한 원칙과 적용 방법에 대해 상세하게 안내하고 있다.  생성형 AI를 쓰고 난 후 마무리 단계에서 스스로 점검할 수 있는 ‘생성형 AI를 현명하게 활용하기 위한 10가지 체크리스트’를 제공하여 이용자들이 내용을 보다 깊이 이해하고 유용하게 활용할 수 있게 했다.  황종성 NIA 원장은 “최근 생성형 AI를 활용하는 국민이 늘어나고 있는데, 자주 쓰면서도 신뢰성, 편향성 등 인공지능이 지닌 윤리적인 문제 때문에 어떻게 사용하는것이 맞는지에 대한 고민도 많았을 것”이라면서 “이 가이드북은 누구나 이해하기 쉬운 내용으로 구성됐다. 모든 국민에게 실용적인 지침서가 되기를 바라며, 생성형 AI를 현명하게 활용하는데 도움이 될 것으로 기대한다”고 했다.     ▶▶[무료공개]◀◀ 지금 ""1,000만원""만 있어도 당장 ""이것""부터 사라!! >>> (무료체험)  [AI분석] 이번주 급등주 찾기!! ""500만원으로 20억"" 버는 종목 공개!! ▶무료로 확인가능◀     ＜ⓒ종합 경제정보 미디어 이데일리 - 무단전재 & 재배포 금지＞    "
213,2,"2024-01-01","16:42:43","尹 현장소통 강화, 장관 업무보고에 국민도 참여","기존 장관 보고 형식 벗어나 국민들 참여 민생토론회 콘셉트 신년사 발표 뒤 기자실 찾은 윤 대통령 ""올해는 김치찌개도 같이 먹자"" 소통 의지     윤석열 대통령이 2024년 갑진년 새해 첫날인 1일 서울 용산 대통령실 청사에서 신년사를 발표하고 있다.  [대통령실 제공] 연합뉴스  [파이낸셜뉴스] 윤석열 대통령이 기존에 정부 부처별로 받던 신년 업무보고가 민생 토론회 형식으로 진행돼 현장 행보 성격이 더욱 강화된다. 대통령실 관계자는 1일 서울 용산 청사에서 기자들과 만나 ""업무보고를 대통령과 국민이 함께하는민생 토론회 콘셉트 실시한다""고 밝혔다. 이 관계자는 ""국민들도 참여하게 되고, 주제별로 묶어서 진행한다""면서 ""부처별이라기 보다는 주제별로, 또 현장성을 강화해 그 주제가 가장 잘 드러나고 가장 더 활기차게 논의할 수 있는 현장을 찾아서 업무보고, 민생 토론회 형식으로 진행을 하게 된다""고 설명했다. 기존에는 각 부처 장관들이 용산 대통령실 또는 청와대 영빈관에서 윤 대통령에게 비공개 업무보고를 하거나, 부처별로 보고하는 방식으로 진행됐으나, 이번에는 국민들이 참여하면서 의견을 듣는 토론회 형식으로 탈바꿈하겠다는 것이다. 윤 대통령이 강조한 민생 집중 행보의 일환으로 풀이되는 가운데 윤 대통령은 언론과의 소통 확대 가능성도 시사했다. 윤 대통령은 이날 신년사 발표를 마친 뒤 기자실을 찾아 출입기자들과 인사를 나눈 뒤 ""올해는 김치찌개도 같이 먹으며 여러분과 시간을 가질 수 있도록 하겠다""고 말했다. 윤 대통령은 2022년 11월 도어스테핑(출근길 문답) 중단 이후 정상회담 공동기자회견과 취임 1주년 간담회 외에는 언론과 소통의 자리는 갖지 않았다. 대통령실 관계자는 윤 대통령의 신년 기자회견 가능성에 대해 ""여러 가지로 국민과 어떻게 소통할지에 대해선 생각하고 계신 걸로 알고 있다""며 구체적으로 확정된 것은 없다고 전했다.  hjkim01@fnnews.com 김학재 김윤호 기자   [파이낸셜뉴스 주요뉴스]  → 100억대 위약금에 유서 쓴 이선균, 아내 전혜진에남긴 말은... → ""혼전순결 강조하며 성관계 안한 남편, 알고 보니..."" 반전 사연 → 정대세의 폭탄 고백 ""아내와 결혼 10년 만에 이혼을..."" → 10살 연하와 결혼한 女배우 고백 ""남편이 계좌번호를..."" → 전남 광양 앞바다서 40대男 숨진 채 발견, 시신 살펴보니 → 한주간 지친 나에게 디저트로 [파인애플]  ▶▶[무료공개]◀◀ 지금 ""1,000만원"" 만 있어도 당장 ""이것""부터 사라!! >>> (무료 체험)    ※ 저작권자 ⓒ 파이낸셜뉴스. 무단 전재-재배포 금지 "
213,3,"2024-01-01","16:42:29","오영주 중기 장관의 우문현답 노트에는 어떤 내용이","- 오영주 장관, 새해 첫날부터 스타트업·전통시장 현장행보 - 주문 솔루션 플랫폼 기업 티오더 찾아 직원 의견 청취 - 직원 제안사례본인 노트에 꼼꼼하게 옮겨 적어 - 종로 광장시장서 로컬 크리에이터와 상권 협업 사례 논의    2024년 신년운세 토정비결 사주 확인!  [이데일리 김영환 기자] “육아, 내 집 마련을 위한 정부의 실질적 대책 마련”, “SW 개발 인력이 부족합니다. 취업 매칭을 도와주세요.”, “계약직 직원 채용 시에도 고용 장려금을 지원해주세요.”     오영주 중소벤처기업부 장관이 1 일 서울 여의도 ‘티오더’ 사무실을 찾아 직원들이 붙여놓은 포스트잇을 바라보고 있다.(사진=중소벤처기업부)  오영주 중소벤처기업부 장관이 2024년 새해 첫 날인 1월 1일부터 서울 영등포구의 청년창업 기업 ‘티오더’를 방문해 직원들이 미리 벽에 붙여둔 포스트잇을 떼 자신의 노트로 빼곡하게 옮겨 적었다. ‘우문현답 노트’. 현장에서 찾은 답을 중시하는 오 장관의 취임 첫 행보는 현장 목소리 듣기였다.  오 장관의 방문을 환영하며 티오더 직원들은 새로운 장관에게 바라는 희망사항을 벽면 한 켠에 채워뒀다.오 장관은 포스트잇에 적어둔 바람들을 하나씩 읽어보며 “이것도 중요하지만 저것도 중요하다”면서 십여개의 제안을 유심히 살펴봤다.  오 장관은 “오늘 제가 가져가는 첫 번째 키워드는 하나하나 꼼꼼히 보겠다”며 “해결하지 못할 것들도 있겠지만 고민하겠다. 앞으로도통로가 열려 있으니까 언제든지 중기부에 좋은 제안 많이 해주기 바란다”고 당부했다.  티오더는 지난 2019년 1월 설립된 태블릿 주문 솔루션 플랫폼 기업으로 지난해 매출 600억원대의 기업으로 성장했다. 권성택 티오더 대표는 “주문 플랫폼에서 나아가 데이터 플랫폼이 되려고 한다”라며 “고객 데이터를 수집해서 소상공인들에게 제공해 운영에 도움이 되도록 할 것”이라고 소개했다.     오영주 장관이 1일 서울 여의도 티오더 사무실에서 직원들이 붙여놓은 포스트잇을 떼 자신의 노트에 옮겨 붙이고 있다.(사진=김영환 기자)  오 장관은 “데이터를 가공해 소상공인들에게 도움을 줄 수 있다는 점이 너무 인상적”이라며 “중기부에서도 상생 차원에서 데이터를 공유할 수 있는 정책을 많이 하고 있다. 상생 모델이 민간 주도로 이뤄진다면 정부와 시너지를 낼 수 있을 것”이라고반겼다.  오 장관은 오후에는 서울 종로구 광장시장을 방문해 기업가형 소상공인이 전통시장 상인과 협업해 전통시장을 활성화한 사례를 청취하고 주변 상인들을 격려했다.  간담회에서는 추상미 321플랫폼 대표는 ‘메이드 인 광장시장’ 브랜드 창출사례를, 권혁태 어벤데일벤처스 대표가 기업가형 소상공인과 상권 투자사례를 각각 발표하고 전통시장 및 골목상권 활성화를 위한 방안에 대해 의견을 나눴다.  추 대표는 “창업시 제일 고질적인 문제는 첫 번째가 부동산”이라며 “자기 소유의 공간이 없으면 언젠가는 떠날 수밖에 없다. 장기적으로 소상공인이 정착할 수 있는 권한 있는 공간 마련을 위해 융자지원을 확대했으면 좋겠다”고 건의했다.     오영주 중소벤처기업부 장관이 1일 서울 종로구 광장시장을 방문해 기업가형 소상공인 협업 사례에 대해 논의하고 있다.(사진=중소벤처기업부)  권 대표는 로컬 크리에이터에 대한 마중물 투자와 로컬 스타트업의 해외 진출 투자를 요청했다. 그는 또 “로컬크리에이터와 연결할 수 있는 상품권을 개발할 때 NFT(대체불가토큰)와 연동한다면 충분한 확장성을 가질 수 있을 것”이라고 조언했다.  오 장관은 “로컬 크리에이터와 같은 기업가 정신, 창의성과 혁신성을 기반으로 하는 기업가형 소상공인이 상권 활성화를 넘어 대한민국의 새로운 경제활력소가 될 것”이라며 “기업가형 소상공인 육성과 함께 전통시장 및 내수 활성화를 위한 온누리 상품권 구매 확대 등 소상공인 경영안정을 위한 정책을 추진하겠다”고 말했다.     ▶▶[무료공개]◀◀ 지금 ""1,000만원""만 있어도 당장 ""이것""부터 사라!! >>> (무료체험)  [AI분석] 이번주 급등주 찾기!! ""500만원으로 20억"" 버는 종목 공개!! ▶무료로 확인가능◀     ＜ⓒ종합 경제정보 미디어 이데일리 - 무단전재 & 재배포 금지＞    "
213,4,"2024-01-01","16:42:11","[속보] 日, 새해 첫날 규모 7.6 지진…북부 연안 쓰나미 경보","日, 새해 첫날 규모 7.6 지진…북부 연안 쓰나미 경"
213,5,"2024-01-01","16:41:36","[속보]일본 중북부 해상서 규모 7.4 강진","2024년 신년운세 토정비결 사주 확인!  [이데일리 박종화 기자] 1일 일본 NHK에 따르면 이날 일본 중북부 해상에서 7.4 규모 강진이 발생했다. 일본 기상청은 이시카와현과 니가타현, 도야마현에 쓰나미 경보를 발령했다.     일본 중북부 해상 7.4규모 강진 발생 (사진=일본 기상청)       ▶▶[무료공개]◀◀ 지금 ""1,000만원""만 있어도 당장 ""이것""부터 사라!! >>> (무료체험)  [AI분석] 이번주 급등주 찾기!! ""500만원으로 20억"" 버는 종목 공개!! ▶무료로 확인가능◀     ＜ⓒ종합 경제정보 미디어 이데일리 - 무단전재 & 재배포 금지＞    "
213,6,"2024-01-01","16:41:26","[2보] 日, 새해 첫날 규모 7.6 지진…북부 연안 쓰나미 경보","[2보] 日, 새해 첫날 규모 7.6 지진…북부 연안 쓰나미 경보  도쿄 고층 빌딩 안에서도 흔들림 느껴질 정도…이시카와현에 높이 5ｍ 쓰나미 발생       (도쿄=연합뉴스) 경수현 특파원 = 새해 첫날인 1일 일본에서 강진이 발생했다.      일본 기상청에 따르면 일본 이시카와현 노토(能登) 지역에서 규모 7.6의 지진이 발생했다.      동해쪽을 접한 일본 북부 연안에는 쓰나미 경보도 발령됐다.      이시카와현에는 높이 5ｍ의 쓰나미가 이미 발생했다.      이번 지진으로 인해 이시카와현에서는 최대 진도 7의 흔들림이 감지됐다.      일본 기상청의 지진 등급인 진도는 절대 강도를 의미하는 규모와는 달리, 지진이 일어났을 때 해당 지역에 있는 사람의 느낌이나 주변 물체 등의 흔들림 정도를 수치로 나타낸 상대적 개념이다.      진도는 사람이 흔들림을 감지하지 못하고 지진계에만 기록되는 '0'부터 서 있기가 불가능한 '7'까지 10단계로 나뉜다.      지진은 일본 남쪽 도쿄의 고층 빌딩 안에서도 흔들림이 느껴질 정도다.      evan@yna.co.kr  (끝)      <저작권자(c) 연합뉴스, 무단 전재-재배포 금지>"
213,7,"2024-01-01","16:41:04","오세훈 ""어울림의 가치 기억…동행으로 행복한 서울시 만들 것""","오세훈 서울시장이 1일 서울 영등포구 시립 영등포보현종합지원센터를 방문해 지원센터 이용자 및 종사자와 오찬 간담회를 하고 있다. [연합]  [헤럴드경제=이영기 기자] 오세훈 서울시장이 새해 첫날 ""어울림의 가치를 기억하면서 서울을따스하게 채워가겠다""라고 말하면서 서울 시정의 슬로건인 ‘동행·매력 특별시’의 의미를 되새겼다.  오 시장은 1일 페이스북에 올린 글에서 ""새해 첫날, 첫 점심을 노숙인이었다가 다시 일어서신 분들과 함께 했다""며 이같이 말했다.  오 시장은 이날 서울 영등포구 시립 영등포보현종합지원센터를 방문해 지원센터 이용자·종사자와 함께 식사를 했다.  오 시장은 함께 식사한 센터 이용자들에 대해 ""희망의 인문학 강좌, 오케스트라 단원 활동, 자전거 동아리 등을 지팡이 삼아 다시 살아보자는 마음을 갖게 되신 분들""이라며 ""이분들이 공통적으로 말씀하신 희망의 원동력은 어울림""이라고 전했다.  이어 그는 ""마음이 무너지고 외로운 분들이 다시 사람들과 부대끼며 인문학도 듣고, 답사도 가고, 연주도 하며 '나도 사람들과 다시 어울려 살 수 있겠구나'하고 자신감을 얻었다는 것""이라고 덧붙였다.  2020년 문을 연 센터는 노숙인에게 상담·급식·의료지원 등 편의 서비스와 희망의 인문학 등 각종 프로그램을 제공하며 자립·자활의 디딤돌 역할을 하고 있다.  오 시장은 센터를 방문하기에 앞서 이날 오전에는 국립서울현충원을 찾아 참배하고, 방명록에 ""동행과 매력으로 특별히 행복한 서울시 계속 만들어가겠습니다""라는 글귀를 남겼다.        ▶ 무조건 오르는 비공개 급등종목 ""반드시"" 확인하기 >> 오늘의 추천종목 정보 제공 받기 <<    ▶ 급등 임박! 반드시 상승할 ""유망 종목 TOP3"" 실시간 시세 확인하기 >> 종목 무료로 받아보기 <<    ▶ 비트코인 와르르 大폭락에 OO테마주 들썩, 상위 1% TF팀 >> 선착순 100명 급등 종목 무료제공 <<     ▶ 내 계좌 '5억'만들기 프로젝트! VIP 서비스 5일 무.료.체.험 EVENT >>보유 종목 무료분석<<        ▶ 상위 1%의 급등주 정보, 선착순 100명에게 무료로 제공 중… >>초대형 대장주 비밀리에 입수<<       ▶ 단 돈 ""만 원"" 있어도 10배 이상 터질 종목 ""지금"" 사도 무조건 터진다 >> 매일 VIP 무료추천주 <<       ▶ 아무도 몰랐던 급상승 ""VIP 히든종목"" 분석자료 선착순 무료제공!! >>최상위종목 ""시세"" 확인하기<<"
214,1,"2024-01-01","16:30:12","안구건조증 시장 장악 노리는 '미에보'[블록버스터 톺아보기]","- 바슈롬의 안구전조증 신기전 신약 '미에보' - 넓은 커버력으로 시장성 입증 예고    2024년 신년운세 토정비결 사주 확인!  2022년 한 해 동안 진행됐던 ‘블록버스터 톺아보기 파트1’은 3년 전인 2020년 세계에서 가장 많이 팔린 의약품 1~55위를 차례로 다뤘다. ‘블록버스터 톺아보기 파트2’는 지난해 새롭게 10억 달러 이상 매출을 올렸거나 3~4년 내로 그에 상응하는 매출을 올릴 것으로 예상되는 약물을 하나씩 발굴해 다룬다. 이른바 신흥 블록버스터로 떠오른 약물의 탄생과정과 매출 전망 등을 두루 살펴본다.[편집자 주]     캐나다 바슈롬 코퍼레이션(바슈롬)과 독일 노발릭이 공동개발한 신기전 안구건조증 치료제 ‘미에보’(성분명 플루오르핵실옥탄).(제공=바슈롬)  [이데일리 김진호 기자]캐나다 바슈롬 코퍼레이션(바슈롬)과 독일 노발릭이공동개발한 신기전 안구건조증 치료제 ‘미에보’(성분명 플루오르핵실옥탄)가 지난 5월 미국식품의약국(FDA)으로부터 허가를 획득했다.   미에보는 안구 가장 자리에서 눈물막의 기능을 받는 마이봄샘 기능을 개선해 안구 건조증을 완화하는 약물이다. 기존 항염증 또는 면역조절 방식의 안구건조증과 다른 새로운 작용 방식을 가진 셈이다. 안구건조증 환자의 90%가 마이봄샘 기능장애(MGD)를 앓고 있어 시장성이 높다는 관측이다.   바슈롬은 지난 2019년 노발릭으로부터 미에보의 미국과 캐나다 등 북아메리카 지역 판권을 기술도입했다. 지난해 9월 해당 제품을 미국시장에서 출시하는 데 성공했다.   바슈롬 측은 자사 최초로 FDA 승인을 받은 미에보의 성공을 자신하고 있다. 당시브렌트 선더스 바슈롬 CEO는 “눈물막에서 수분의 증발을 직접적으로 막는 유일한 처방용 점안제가 미에보다. 출시 후 시장성을 증명해 나갈것”이라고 전했다.   현재 스위스 노바티스의 자이드라(성분명 리피테그라스트)와 미국 애브비의 ‘레스타시스’(성분명 사이클로스포린) 및 그 제네릭(복제약) 등이 세계 안구건조증 시장을 주도하고 있다.   애브비와 노바티스 등 각 사에 따르면 레스타시스는 지난해6억6600만 달러(한화 약8670억원)를 올리며 전년(13억 달러) 대비 매출이 44%나 급감했다. 반면 자이드라는 지난해 4억8700만 달러(한화 약 6300억원)의 매출을 달성하며 2021년(4억6800만 달러) 대비 4% 상승했다.  그럼에도 바슈롬이 안구건조증 분야 주요 기업으로 떠오를 것이란 전망이다. 바슈롬은 1850년대부터 안과 사업 진행한 기업으로, 렌즈 및 광학기계 등 눈 건강용 생활용품 전문 기업에서 신약개발사로 변신을 꾀하고 있다. 지난해 6월에는 바슈롬이 노바티스의 안과사업부를 25억 달러 규모로 합병하기도 했다. 결국 자이드라와 미에보를 통해 바슈롬이 해당 시장을 장악해 나갈 수 있는 상황이다.     ▶▶[무료공개]◀◀ 지금 ""1,000만원""만 있어도 당장 ""이것""부터 사라!! >>> (무료체험)  [AI분석] 이번주 급등주 찾기!! ""500만원으로 20억"" 버는 종목 공개!! ▶무료로 확인가능◀     ＜ⓒ종합 경제정보 미디어 이데일리 - 무단전재 & 재배포 금지＞    "
214,2,"2024-01-01","16:30:08","강남차여성병원서 새해 첫아기 탄생..""1월1일 0시 0분 출생""","난임 극복하고 결혼 12년 만에 첫 아이 출산    강남차여성병원에서 태어난 2024년 새해첫 아기 아홍이. 강남차여성병원 제공  [파이낸셜뉴스] 합계 출산율이 0.7명을 기록하며 연일 저출산 기조에도 갑진년 2024년 1월 1일 0시 정각 차 의과학대학교 강남차여성병원에서 새해 첫 아기가 탄생했다. 1일 강남차여성병원에 따르면 엄마 임아연씨(38세) 아빠 이주홍씨(44세) 사이에서 태어난 3.15kg 남아 아홍이(태명)가 우렁찬 울음소리로 새해 시작을 알렸다. 임아연씨는 “2012년 6월에 결혼해 시험관 시술로 아홍이를 임신하고 건강하게 출산하게 돼 더 특별하다”며 “우리나라에 있는 많은 난임부부들을 진심으로 응원한다”고 소감을 말했다. 아빠 이주홍씨는 “12년만에 아홍이를 건강하게 만나게 돼 너무 감격스럽고, 아홍이로 인해 세상이 조금 더 따뜻해졌으면 좋겠다”며 “난임으로 고생하는 부부들을 위한 국가적인 관심과 정책적인 지원이 더 많이 이루어졌으면 한다”고 전했다. 주치의 강남차여성병원 차동현 원장은 “산모와 아기가 모두 건강하게 출산했다”며 “저출산이 심해지는 상황에서 소중하고 귀한 아기 탄생을 함께할 수 있어 뜻 깊은 순간이었고, 첫 아기의 탄생과 함께 출산의 기쁨과 생명의 소중함을 새해 첫 날 나누는 시간이 되길 바란다”고 말했다.   camila@fnnews.com 강규민 기자  [파이낸셜뉴스 주요뉴스]  → 100억대 위약금에 유서쓴 이선균, 아내 전혜진에 남긴 말은... → ""혼전순결 강조하며 성관계 안한 남편, 알고 보니..."" 반전 사연 → 정대세의 폭탄 고백 ""아내와 결혼 10년 만에 이혼을..."" → 10살 연하와 결혼한 女배우 고백 ""남편이 계좌번호를..."" → 전남 광양 앞바다서 40대男 숨진 채 발견, 시신 살펴보니 → '주린이'가 먹어야 할 과일은? [파인애플]  ▶▶[무료공개]◀◀ 지금 ""1,000만원""만 있어도 당장 ""이것""부터 사라!! >>> (무료 체험)    ※ 저작권자 ⓒ 파이낸셜뉴스. 무단 전재-재배포 금지 "
214,3,"2024-01-01","16:30:00","'57년 만에 개방' 나주 금성산 해맞이...1500여명 시민 운집","[나주=뉴스핌] 조은정 기자 = 2024년 갑진년 청룡의 해가 밝았다. 이른 아침 금성산 노적봉에 올라 영산강 너머 붉게 떠오른 태양을 맞이한 나주시민들은 올 한 해 건강과 행복을 서로 기원했다.  전남 나주시는 1일 오전 7시 10분부터 금성산 노적봉에서 시민 1500여 명과 함께하는 '2024년 금성산 해맞이' 행사를 했다고 밝혔다.   나주시, 금성산 해맞이. [사진=나주시] 2024.01.01 ej7648@newspim.com  갑진년 해맞이 행사는 나주시가 주최하고 나주시청년회의소(JCI)에서 주관했다. NH농협은행 나주시지부에서는 시민들에게 새해 첫 떡국을 후원했으며 새마을부녀회원들은 떡국 나눔 봉사에 참여했다.  해맞이 부스에선 남평 한우리 난타공연팀의 신명 나는 해맞이 공연과 희망 구호 제창, 새해 덕담, 1년 뒤 받아볼 느린우체통 편지 이벤트가 진행됐다.  이번 해맞이는 57년만의 금성산 정상부 상시 개방의 시작을 알리는 행사로 진행됐다.  나주시는 산 정상부 상시 개방을 목표로 앞서 지난 4월 공군 제1미사일 방어여단과 협약을 체결했다.   산 정상부 주둔 군부대 시설 보안 작업 등이 마무리되는 대로 금성산 정상부가 57년 만에 상시 개방되면 나주의 진산(鎭山)이 온전히 시민의 품으로 돌아올 것으로 기대된다.  윤병태 나주시장도 ""57 년 만에 시민의 품으로 돌아올 금성산 정상부에서 시민과 함께 맞이하는 새해 첫해이기에 더욱 특별한 순간""이라며 ""금성산 아래 굽이도는 영산강 물줄기, 넉넉한 나주평야를 바라보면서 12만 시민의 건강과 행복, 500만 나주관광시대 도약을 기원한다""고 밝혔다.  ej7648@newspim.com              저작권자(c) 글로벌리더의 지름길 종합뉴스통신사 뉴스핌(Newspim), 무단 전재-재배포 금지"
214,4,"2024-01-01","16:29:41","요약-현대자동차 인도 12월 총 판매량 56,450대 - 성명서","BRIEF-Hyundai Motor India Dec Total Sales 56,450 Units - Statement  1월 1일(로이터) -  현대자동차 인도 12월 총 판매량 56,450대 - 성명서   Further company coverage:      Reutersbriefs@thomsonreuters.com        (c) Copyright Thomson Reuters 2020. Click For Restrictions - https://agency.reuters.com/en/copyright.html   원문 바로가기    DISCLAIMER  레피니티브의사전, 서면 승인 없는 톰슨로이터 콘텐츠의 재생산이나 재배포는 금지되어 있습니다. 이 기사의 한국어 번역은 에프앤가이드가 사용하는 기계적 번역에 의한 것으로 톰슨로이터와 레피니티브는 번역의 정확성을 보증하지 않습니다."
214,5,"2024-01-01","16:29:00","""시진핑 '끝없는 숙청' 공포에 공산당 무력화…경제에도 악재""","""시진핑 '끝없는 숙청' 공포에 공산당 무력화…경제에도 악재"" WSJ ""시 주석, 부패척결 내세우며 숙청…권력 공고화 행보""  ""공산당·정부, 관료·보신주의 확산…국가 현안 대처능력 약화""       (서울=연합뉴스) 김문성 기자 = 시진핑 중국 국가주석이 부패 척결을 내세운 끊임없는 숙청 정치로 권력을 공고히 하고 있지만 공산당을무력하게 만들고 경제에도 악영향을 줄 수 있다고 미국 일간 월스트리트저널(WSJ)이 31일(현지시간) 진단했다.      WSJ은 시 주석이 중국 현대사에서 가장 큰 규모의 부패 척결 운동으로 10년 넘게 공산당에 공포를 불어넣고 있다고 분석했다.      이는 중국 건국의 아버지인 마오쩌둥의 '지속적인 혁명'을 연상시킨다는 설명이다.       WSJ에 따르면 시 주석이 2012년 권력을 잡은 이후 공산당 규율기구는 약 500만명을 권력 남용 등 각종 범죄를 문제 삼아 처벌했다. 이 중에는 별다른 문제가 될만한 범법 행위가 아닌데도 처벌해 과도한 관료주의를 조장할 수 있는 경우도 있다.      공식 통계상으로 2017년 이후 매년 최소 50만명이 징계를 받았는데 이는 시 주석 전임자 시절의 약 4배에 이르는 수준이다.      2023년에만 금융, 식품, 의료, 반도체, 스포츠 등 다양한 분야에서 많은 고위 인사가 처벌받았다. 중국 외교부장과 국방부장이 지난여름실종됐다가 돌연 해임되면서 숙청 의혹이 제기됐다.       최근에는 중국 입법부인 전국인민대표대회와 정부 자문기구에서 군과 방위산업계 인사 12명이 축출돼 광범위한 군부 개편의 일환이 아니냐는 추측을 낳았다.      시 주석은 향후 5년간 벌일 부패 척결 운동의 구상을 최근 소개했다.      시 주석 비판론자들은 부패 척결 운동 연장에 대해 더 깨끗한 통치를 위해 필요한 구조적 변화와 투명성 강화를 받아들이지 않은 결과라고 지적한다.      시 주석이 부패를 개인의 도덕적 실패 탓으로 돌리면서 중앙집권적이고 불투명한 통치 방식을 배가하고 있다는 것이다.      그 예로 공산당과 정부 고위 간부의 자산 공개와 같은 구조적 개혁을 하지 않는 점이 꼽혔다.       시 주석은 지난해 10월 3연임을 시작하기 며칠 전에 ""부패와 싸우는 것은 자기 혁명의 가장 철저한 형태""라고 말했다.      또 ""부패가 일어나게 쉽게 하는 토양과 조건이 계속 존재하는 한 부패와의 싸움은 한 순간도 멈출 수 없다""고 강조했다.      이런 태도는 징계성 숙청을 시 주석과 그의 비전에 충성을 강요하는 수단으로 무기한 사용할 수 있는 길을 열어놓은 것이라는 게 WSJ의해석이다.      웬웬앙 미국 존스홉킨스대 정치학 교수는 ""시 주석이 역설적인 정책도구, 즉 영구적인 캠페인(부패 척결 운동)을 개발했다""고 꼬집었다.     시 주석은 영원한 숙청으로 자신의 권위를 강화하고 있지만 공산당 당원들이 국가 도전 과제에 단호하게 대응하는 것을 꺼리게 만드는 것으로 분석됐다.      공포에 의한 통치 방식이 정책 토론을 억누르고 하위 관리들의 우유부단을 부추기고 있다는 공산당 내 목소리가 있다고 WSJ은 전했다.      보신주의와 관료주의 확산으로 청년 실업률 급상승, 부동산시장과 소비심리 위축, 국가부채 증가, 외국인 투자자의 중국 시장 외면 등 경제 현안에 제대로 대처하기 어렵게 된다는 것이다.      코로나19 충격에서 벗어나려고 애쓰는 중국 경제에 악재가 될 수 있다는 경고다.      kms1234@yna.co.kr  (끝)     <저작권자(c) 연합뉴스, 무단 전재-재배포 금지>"
214,6,"2024-01-01","16:28:49","[속보]일본 규모 7.4 강진. 이시카와현 쓰나미 경보도 발령","[파이낸셜뉴스] km@fnnews.com 김경민 기자  [파이낸셜뉴스 주요뉴스]  → 100억대 위약금에 유서 쓴 이선균, 아내 전혜진에 남긴 말은... → ""혼전순결 강조하며 성관계 안한 남편, 알고 보니..."" 반전 사연 → 정대세의 폭탄 고백 ""아내와 결혼 10년 만에 이혼을..."" → 10살 연하와 결혼한 女배우 고백 ""남편이 계좌번호를..."" → 전남 광양 앞바다서 40대男 숨진 채 발견, 시신 살펴보니 → '주린이'가 먹어야할 과일은? [파인애플]  ▶▶[무료공개]◀◀ 지금 ""1,000만원""만 있어도 당장 ""이것""부터 사라!! >>> (무료 체험)    ※ 저작권자 ⓒ 파이낸셜뉴스. 무단 전재-재배포 금지 "
214,7,"2024-01-01","16:28:36","[인사] 머니투데이방송(MTN)","2024년 신년운세 토정비결 사주 확인!  [이데일리 김현아 기자]  ◇마케팅본부  △마케팅국장 여한구  ◇보도본부  △보도본부장 박호진  ◇부국장  △경제산업부장 유일한 △생활산업부장 김성호 △금융부장 남승률 △경제정책팀장 이군호  ◇부장  △증권부장 전병윤 △정보과학부 선임기자 서정근 △미디어비즈부 수석PD 최재혁     ▶▶[무료공개]◀◀ 지금 ""1,000만원""만 있어도 당장 ""이것""부터 사라!! >>> (무료체험)  [AI분석] 이번주 급등주 찾기!! ""500만원으로 20억"" 버는 종목 공개!! ▶무료로 확인가능◀     ＜ⓒ종합 경제정보 미디어 이데일리 - 무단전재 & 재배포 금지＞    "
215,1,"2024-01-01","16:18:34","5대 금융지주 회장이 꼽은 금융권 리스크는 ""부동산 PF""..외형 확대보다 내실 다진다","국민·신한·하나·우리·농협 금융지주 회장 ""부동산 PF, 다중채무자 대출 부실 우려""  中 경기부진·정치 리더십 교체도 변수 가계대출 증가율 2% 전망..순이자마진 축소 '상생금융' 앞세우고 '안정적 경영'에 방점     5대 금융지주 회장 갑진년 새해 전망 및 경영 방향            KB국민 양종희신한 진옥동하나 함영주우리 임종룡NH농협이석준 경제·금융리스크①고금리 부작용 ②정치·지정학 위험 ③중국 경제위기①부동산 PF 부실 2금융권 리스크 확대 ②가계·기업 부채 부담 ③중국 경기부진①부동산 PF 부실 ②가계·기업 부실 ③美 통화정책 불확실성①경기회복 지연 ②부동산 PF 리스크 현실화 ③대외 지정학적 위험①지정학적 불안 ②美 등 글로벌 리더십 교체 ③기술 발전에 따른 산업 구도 재편 부동산가격서울 1% 이하 상승, 전국 보합서울·수도권 1% 안팎 하락, 전국 5% 하락서울 등 수도권 아파트 전년동월대비 상승 전환서울 보합 수준(0~1%)예측불가 가계대출 증가율약 2%2.3%1.5% 안팎약 2%예측불가 경제성장률1.8%1.7%2.1%2.1% 안팎2% 초반(시장 전망) 물가상승률2.8%2%대 중반2.6%2%대 초반2%대 중반(시장 전망) 기준금리올 하반기 0.5%p 인하중반 이후 1~2회 인하하반기 2회, 0.5%p 인하물가-경기 따라 인하 시점 유동적예측불가 경영 화두상생금융 실천상생 가치 최우선외형 확대보다 내실 다지기금융의 사회적 책임 강화예년 수준 목표, 안정적 수익구조 확보    [파이낸셜뉴스]5대 금융지주 회장들이 갑진년 새해 경제·금융권 최대 리스크로 부동산 프로젝트파이낸싱(PF) 대출 부실을 지목했다. 고금리 장기화로 인한 기업과 가계의 부채 부담, 중국 경기 부진 등 대내외 리스크도 만만찮다는 게 5대 지주 회장들의 공통된 의견이었다. 부동산 경기 회복을 두고는 전망이 엇갈린 가운데 가계대출 증가율이 1.5~2.3%에 그칠 것으로 예상됐다. 부동산 관련 가계대출 수요 부진에 하반기 기준금리 인하 등으로 은행이 지난해와 같은 이자이익을 내기는 쉽지 않을 것이란 전망도 공통적으로 제기됐다.이에 5대 지주에서는 사회적 책임을 강화하는 가운데 외형 확대보다는 안정적 수익기반 창출을 중점에 두고 사업을 추진할 계획이다.  ■""고금리 장기화에 부동산 PF·대출 부실이 최대 리스크"" 1일 금융업계에 따르면 5대 금융지주(KB국민·신한·하나·우리·NH농협) 회장은 부동산 PF 대출을 비롯해 고금리 장기화로 인한 가계·기업대출부실을 올해 경제·금융권 최대 리스크로 꼽았다. 현재 우리나라 기준금리는 3.50%로 한국은행이 ""충분히 장기간"" 긴축기조를 지속할 것이라고 밝힌 가운데 차주 상환능력이 떨어져 대출 부실이 본격화할 수 있다는 것이다. 양종희 KB금융지주 회장은 한 언론과인터뷰에서 ""특히 지방 PF 사업장, 2금융권의 과대 채무자 등의 건전성이 나빠질 수 있다""고 말했다. 함영주 하나금융지주 회장도""(고)금리와 공사비·미분양 증가 등으로 사업성이 나빠진 부동산 PF 대출이 일부 건설사 부실화, 비(非)은행 중심 금융권 부담으로 이어질 수 있다""고 내다봤다. 이를 위해 금융사가 손실에 대비한 충당금을 더 쌓고, 모니터링과 사업장별 관리를 강화해야 한다는 의견이 나왔다. 금융지주 회장들은 글로벌 부동산 경기 부진으로 해외 부동산에 투자한 금융사들의 건전성도 나빠질 수 있다고 봤다. 임종룡 우리금융 회장은 미국 오피스 공실률이 증가해 미국 부동산 가치가 하락할 수 있다고 지적했다. 이에 따라 국내 금융사의 자본 적적성도영향을 받을 수 있다는 진단이다.  전세계 공통적인 금리인상 기조는 마무리됐지만 중국 등 우리나라 경제와 밀접한 주요국의 경기 회복이 더딘 것도 리스크로 꼽힌다. 진옥동 신한금융 회장도 언론 인터뷰에서 ""중국 경기 부진 장기화와 미·중 갈등 심화, 미국 중심의 공급망 재편 등으로 한국의 수출주도형 성장 동력이 약해질 수 있다""고 짚었다.  예측이 어려운 지정학적 리스크와정치 리더십 교체도 우리나라 경제·금융권에 리스크로 작용할 수 있다. 이석준 NH농협금융지주 회장은 하마스·이스라엘 전쟁과 미국·EU(유럽연합)-러시아·중국·중동 갈등이 올해에도 이어질 수 있다고 우려했다. 미국 대통령 선거, 대만 총통 선거를 비롯해 세계 50여 개국에서 대선·총선을 앞두고 있어 각국 경제정책 불확실성도 커질 수 있다는 진단이다.  ■'상생금융' 전진 배치한 5대 금융, 전년 수준 손익 목표 우리나라 대출에 가장 큰 영향을 미치는 부동산 경기를 두고는 전망이엇갈렸다. 양종희, 함영주, 임종룡 회장은 서울 아파트가 0~1% 사이 소폭 상승하거나 보합 수준을 예상한 반면 진옥동 회장은 서울·수도권에서 1% 하락, 전국에서는 5% 하락할 것으로 예상했다. 금융지주 회장들은 올해 가계대출 증가율이 1.5~2.3%에 그칠 수 있다고 전망했다. 올해 우리나라 국내총생산(GDP) 성장률은 1.7%~2.1% 수준을 기록할 것으로 봤다. 소비자물가 상승률은 예상범위가 2% 초반에서 2.8%까지 범위가 다소 넓었다. 이런 가운데 한국은행이 하반기에는 두 차례 금리를 인하해 기준금리가 3%까지 떨어질 가능성을 제시했다.  올해 경제를 이같이 예상한 금융지주 회장들은 외형 확대보다는 내실을 다지는 데 중점을 두고 그룹을 이끌 것이라고 밝혔다.  양 회장은 선제적으로 리스크를 관리해온 KB금융이 다각화된 사업 포트폴리오를 기반으로 안정적 실적을 이어갈 것으로 기대했다. 진 회장은순이자마진(NIM) 소폭 하락을 예상하며 지난해 수준 손익 시현은 가능할 것이라고 했다. 함 회장은 ""외형 확대보다는 내실 다지기에 주안점을 두고 지속 가능한 성장 기반 구축에 집중할 계획""이라고 언론과 인터뷰에서 밝혔다. 취임 1년을 맞은 이 회장도 농협금융은 예년 수준을 목표로 안정적 수익 구조를 확보하겠다고 했다.  인공지능(AI)과 비금융 분야 융합으로 신성장 동력을 찾겠다는 경영 계획도 나왔다. 이 회장은 ""AI는 미래 금융의 핵심 요인""이라며 AI의 전사적 도입, 슈퍼플랫폼 구축 등을 경영 전략으로 제시했다. 진 회장은 지난해 12월 출시 5일 만에 가입자 100만명을 돌파한 '슈퍼 앱' 슈퍼 쏠(SOL)에 비금융 사업들을 장착해 고객 저변을 확대하겠다고 밝혔다. 임 회장은 비금융 기업 디지털 채널에 은행 상품·서비스를 제공하는 BaaS 비즈니스를 강화할 계획이라고 전했다.  금융지주 회장들은 그룹 경영에서 상생금융에 무게를 두겠다고 했다. 양 회장은 ""국민과 고객이 체감할 수 있는 상생금융을 실천하겠다""라고 말했다. 진 회장은 ""상생의 가치를 최우선으로 두겠다"", 임 회장은 ""금융의 사회적 책임을 강화하겠다""라며 각 그룹 회장들이 한 목소리로 상생 실천을 약속했다.  한편 홍콩 H지수 주가연계증권(ELS) 원금 손실과 관련해 각 그룹 회장들은 당국 가이드라인 등을 고려해 종합적으로 고객 배상을 결정하겠다며 말을 아꼈다.  dearname@fnnews.com 김나경 기자  [파이낸셜뉴스 주요뉴스]  → 100억대 위약금에 유서 쓴 이선균, 아내 전혜진에 남긴 말은... → ""혼전순결 강조하며 성관계 안한 남편, 알고 보니..."" 반전 사연 → 정대세의 폭탄 고백 ""아내와 결혼 10년 만에 이혼을..."" → 10살 연하와 결혼한 女배우 고백 ""남편이 계좌번호를..."" →  전남 광양 앞바다서 40대男 숨진 채 발견, 시신 살펴보니 → '주린이'가 먹어야 할 과일은? [파인애플]  ▶▶[무료공개]◀◀ 지금 ""1,000만원""만 있어도 당장 ""이것""부터 사라!! >>> (무료 체험)    ※ 저작권자 ⓒ 파이낸셜뉴스. 무단 전재-재배포 금지 "
215,2,"2024-01-01","16:18:25","[속보] 일본 이시카와현에서 진도 5 지진 발생","● 주식으로 돈 벌까? 오늘의 운세로 확인  ● 국내 최저 신차 장기렌트 견적 문의 IWS오토  ● 급등임박 추천주를매일 알려주는 곳이 있다고? [카톡방 입장]  [관련기사]  ☞ [속보] 日 니가타·이시카와현 등 쓰나미 경보  ☞ 뉴진스, 일본 레코드 대상서 2관왕…우수작품상·특별상  ☞ [日요일日문화]한국 아이돌 대거 참전…日 연말 가요축제 '홍백가합전'  ☞ ""언론사 황산 테러·日 대사관 공격""…협박 팩스 연말에도 계속  ☞ 투자 성공의 핵심은 기업분석! 'CORE' 바로가기      이현주 기자 ecolhj@asiae.co.kr   <ⓒ투자가를 위한 경제콘텐츠 플랫폼, 아시아경제(www.asiae.co.kr) 무단전재 배포금지>"
215,3,"2024-01-01","16:18:23","우본, 복지등기 등 '국민체감 서비스'  강화","우수 행정사례 수상 복지등기우편, 복지서비스 연계량 ↑ 폐의약품 수거 성과도 올해 지자체와 협력 확대   [파이낸셜뉴스] 과학기술정보통신부 우정사업본부가 지난해 본격적으로 착수한 공적가치 제고 활동이 범부처 적극행정 최우수상을 수상하는 등 성과를 거뒀다. 복지등기우편 서비스, 폐의약품 수거 등의 활동을 펼친 우본은 올해도 이 같은 행정 사례를 발굴, 확대하는 데 집중할 계획이다. 1일 과기정통부 우본에 따르면 지난해 4월부터 우본이 본격 시행한 복지등기우편 서비스와 같은해 1월부터 시작한 폐의약품 회수 서비스는 각각 범부처 '2023년 적극행정 우수사례' 장려상과 최우수상을 수상했다. 복지등기우편은 집애원이 단전·단수 등으로 위기가 의심되는 가구에 복지 정보를 배달하면서 생활실태를 파악하고, 해당 정보를 지자체에게 전달해 알리는 활동이다. 지자체 필요 가구를 판단해 복지서비스와 연계했다. 2022년 7월부터 지난해 3월까지 시범운영 기간 동안 해당 서비스는 공공서비스 719개가구, 민간서비스 443개 가구 등 총 1162개 가구에 복지서비스를 지원했다. 본 사업이 시행된 지난해 4월부터는 60개(2023년 12월 기준) 지자체와 협약을 완료, 총 3만8369가구에 복지등기를 배달하고, 8182가구에 복지서비스를 연계(2023년 9월 기준)했다. 우본은 복지 사각지대 해소를 위한 복지등기서비스 시행 이후 건설근로자 퇴직공제금 지급신청 지원 서비스, 국가보훈대상자 복지위기가구 발굴 서비스, 가스안전복지등기 우편서비스, 6·25 정전 70주년 참전용사 제복배송 등 다양한 소외우려계층에 대한 복지등기서비스를 확대해 시행하고 있다. 우본은 향후 지자체와 협력을 강화해 복지등기우편 서비스 제공 지역을 확대할 계획이다.    우정사업본부 2023년 폐의약품 회수 서비스 수거량   지역우체통수거함(약국, 보건소, 주민센터 등) 세종시, 서울시, 나주시1만4974개2253개 총계1만7227개  (과기정통부 우정사업본부)  적극행정 최우수상을 수상한 폐의약품 회수 서비스는 우편서비스를 활용해 폐의약품을 회수하고 지자체를 통해 해당 폐의약품을 안전하게 폐기 처리하는 활동이다. 무단 투기 시 환경문제를 야기하고 처리가 까다로운 폐의약품에 대한 회수율을 높이고 안전하게 처리하기 위해 고안한 행정 서비스다. 우본이 지난해 1월부터 서비스를 시작한 이후 월별 폐의약품 수거량(세종시 기준)은 2022년 대비 121%증가했다. 지난해 1~11월 서울, 세종, 나주시에서 수거한 폐의약품은 총 1만7000개 이상이었다.  우본은 폐의약품 회수 서비스를 올해본격적으로 운영하는 데 맞춰 협력 지자체를 확대할 방침이다. 조해근 우정사업본부장은 ""앞으로도 국민과 지역사회를 위한 복지등기·폐의약품 회수 우편서비스가 확대될 수 있도록 최선을 다할 계획""이라며 ""공적 가치를 충실히 수행해 국민과 함께 새롭게 거듭나는 대한민국 우정을 구현하겠다""고 전했다. jhyuk@fnnews.com 김준혁 기자  [파이낸셜뉴스 주요뉴스]  → 100억대 위약금에 유서 쓴 이선균, 아내 전혜진에 남긴 말은... → ""혼전순결 강조하며 성관계 안한 남편, 알고 보니..."" 반전 사연 → 정대세의 폭탄 고백 ""아내와 결혼 10년 만에 이혼을..."" → 10살 연하와 결혼한 女배우 고백 ""남편이 계좌번호를..."" → 전남 광양 앞바다서 40대男 숨진 채 발견, 시신 살펴보니 → 주식 말고 다른 재테크가 궁금해? [파인애플]  ▶▶[무료공개]◀◀ 지금 ""1,000만원""만 있어도 당장 ""이것""부터 사라!! >>> (무료 체험)    ※ 저작권자 ⓒ 파이낸셜뉴스. 무단 전재-재배포 금지 "
215,4,"2024-01-01","16:18:17","팽창하는 '5G 파이'…SKT, 20㎒ 추가할당 받나 '촉각'","작년 10월 기준 5G 회선 3200만 돌파 5G 속도·커버리지 등 품질 ↑ LG U+ 작년 추가 할당 효과 '톡톡' SKT,추가 할당시 품질 판도 영향 정부, 연초에 추가 할당 발표 전망    SKT, KT, LG유플러스 CI. 각사 제공 [파이낸셜뉴스] 5세대(5G) 이동통신이 가입자 수 증가, 속도·커버리지 개선 등을 중심으로 양질의 성장을 이어가고 있는 가운데 올해초 정부의 추가 5G 주파수 할당 계획에 업계가 주목하고 있다. 지난해 추가 주파수 할당이 반영된 LG유플러스가 큰 수혜를 보며 5G 품질 판도에 영향을 끼친 만큼 20㎒폭을 추가 할당을 언급해 온 SK텔레콤의 요청사항이 반영될지가 관건이다.    이통3사, 5G 가입자(회선) 수 추이 및 주파수 현황    사항SKTKTLG U+비고 5G 가입1535만4535964만7873691만841전체 5G 가입 3200만 돌파 주파수100㎒(3.60~3.70 ㎓)100㎒(3.50~3.60㎓)100㎒(3.40~3.50㎓)SKT, 20㎒(3.70~3.72㎓) 희망 가입자(회선)당 주파수 추산6.5㎐10.4㎐14.5㎐100㎒를 각 사업자별 5G 가입자 수로 나눈 수치  (과학기술정보통신부, 2023년 10월 기준 )   5G 가입자 500만명 이상 증가  1일 과학기술정보통신부의 무선 통신버시스 통계에 따르면 지난해 10월 기준 5G 전체 가입자(회선기준) 수는 약 3216만명 이상을 기록했다. 2022년(약 2698만명) 보다 500만명 이상증가한 규모다. 같은 기간 5G 전송속도(전국단위 기준)와 커버리지도 개선됐다. SKT, KT, LG유플러스 등 이통3사 평균 5G 다운로드 속도는 전년 대비 4.8% 높아졌고, 옥외 5G 커버리지도 2배 이상 넓어졌다.  이통 3사 중에선 LG유플러스의 다운로드 속도가 전년 대비 15%가량 대폭 개선되는 등 전반적인 품질 향상을 이끌었다. 지난해 정부로부터 추가 할당받은 20㎒(3.40~3.42㎓) 주파수 영향이 컸던 것으로 분석된다. 앞서 LG유플러스는 2022년 정부로부터 추가 주파수 할당을 확정, 지난해부터 SKT와 KT에 이어 LG유플러스도 100㎒ 폭의 5G 주파수를 활용할 수 있게 됐다.  SKT 추가 할당 여부가 관건  5G가 양적, 질적으로 팽창하면서 성숙기에 접어들었다는 평가가 나오는 가운데 정부도 올해 추가 주파수 할당 카드를 꺼내 가능성이 높아졌다. 국회예산정책처도 올해 예산 심의·의결 과정에서 ""현재 수요가 제기된 5G 주파수에 대해 조속히 활용 방안을 마련하고, 방송통신발전기금 및 정보통신진흥기금의 재정 건정선을 회복해야 한다""는 부대의견을 채택하기도 했다.  과기정통부도 올해 초 주파수 종합 계획을 마련하겠다고 밝힌 바 있다. 이에 5G 1위 사업자인 SKT는 2022년부터 꾸준히 3.70~3.72㎓(20㎒폭) 대역의 추가 주파수 할당 필요성을 언급해 왔다. 해당 대역은 SKT가 현재 활용 중인 주파수(3.60~3.70㎓)의 근접 대역이다. 5G 품질향상과 투자 활성화를 비롯 경쟁사 5G 주도권을 강화하려는 전략으로 분석된다. 지난해 10월 기준 이통3사별 5G 100㎒를 각자의 가입자수 별로 단순 환산하면 가입자당 활용 가능 주파수는 SKT가 6.5㎐, KT는 10.4㎐, LG유플러스 14.5㎐ 순으로, LG유플러스가 가장 높다. 이통3 사가 활용 중인 주파수 대역폭은 모두 같은 데 비해 5G 가입자 수는 SKT, KT, LG유플러스 순으로 많기 때문이다. SKT 희망 주파수를 적용한후 환산해도 SKT 가입자당 주파수 활용폭은 7.8㎐로 3사 중 가장 낮다. 올해 SKT에 대한 추가 할당이 이뤄질 경우 SKT 가입자들이 누릴수 있는 5G 품질이 향향될 것으로 기대된다. 다만 한 사업자에만 120㎒폭이 허용될 수 있는 점, 이로 인해 경쟁사와의 5G 경쟁 격차가 더 벌어질 수 있는 점 등은 우려사항으로 지목된다. KT와 LG유플러스도 5G 주파수 논의에 있어선 예민할 수밖에 없는 이유다.  이종호과기정통부 장관은 지난해 송년간담회에서 ""3.70~3.72㎓ 대역 20㎒폭을 늘리면 통신 품질이 좋아질 가능성이 높아진다""면서도 ""국민 편익과 산업에 미치는 영향 등을 종합적으로 검토해 우리 전파 자원이 효율적으로 사용될 수 있도록 하겠다""고 언급한 바 있다. jhyuk@fnnews.com 김준혁 기자  [파이낸셜뉴스 주요뉴스]  → 17살에 엄마가 된 여고생 ""절친과 남친을 바꿔서.."" 소름 → 100억대 위약금에 유서 쓴 이선균, 아내 전혜진에 남긴 말은... → ""혼전순결 강조하며 성관계 안한 남편, 알고 보니..."" 반전 사연 → 지팡이 짚고 휠체어 탄 노홍철의 충격적인 근황 ""결국.."" → 11년 만에 상업광고 찍은 이효리, 5개월 만에 수익이 무려.. → 주식으로 속이 답답할 때 [파인애플]  ▶▶[무료공개]◀◀ 지금 ""1,000만원""만 있어도 당장 ""이것""부터 사라!! >>> (무료 체험)    ※ 저작권자 ⓒ 파이낸셜뉴스. 무단 전재-재배포 금지 "
215,5,"2024-01-01","16:18:17","[속보] 일본 이시카와현에서 진도 5 지진 발생","일본 이시카와현에서 진도 5 지진 발생        ▶ 무조건 오르는 비공개 급등종목 ""반드시"" 확인하기 >> 오늘의 추천종목 정보 제공 받기 <<    ▶ 급등 임박! 반드시 상승할 ""유망 종목 TOP3"" 실시간 시세 확인하기 >> 종목 무료로 받아보기 <<    ▶ 비트코인 와르르 大폭락에 OO테마주 들썩, 상위 1% TF팀 >> 선착순 100명 급등 종목 무료제공 <<     ▶ 내 계좌 '5억'만들기 프로젝트! VIP 서비스 5일 무.료.체.험 EVENT >>보유 종목 무료분석<<        ▶ 상위 1%의 급등주 정보, 선착순 100명에게 무료로 제공 중… >>초대형 대장주 비밀리에 입수<<       ▶ 단 돈 ""만 원"" 있어도 10배 이상 터질 종목 ""지금"" 사도 무조건 터진다 >> 매일 VIP 무료추천주 <<       ▶ 아무도 몰랐던 급상승 ""VIP 히든종목"" 분석자료 선착순 무료제공!! >>최상위종목 ""시세"" 확인하기<<"
215,6,"2024-01-01","16:18:00","크루거 에너지 온타리오 101MW 포트 알마 2 풍력 발전소 가동 재개 - 온타리오 IESO","Kruger Energy Ontario 101 MW Port Alma 2 wind power plant returns to service - Ontario IESO  1 월 1일 (로이터) - 크루거 에너지 온타리오의 101MW 포트 알마 2 풍력 발전소가 가동을 재개한다고 온타리오 전력청(IESO)이 월요일 밝혔다.((북미 전력 데스크: 휴스턴 +1 713 210 8522, 뉴욕 +646 223 6072, 벵갈루루 +91 80 6749 1298))).        키워드: 유틸리티-온타리오에소/   원문 바로가기    DISCLAIMER  레피니티브의 사전, 서면 승인 없는 톰슨로이터 콘텐츠의 재생산이나 재배포는 금지되어 있습니다. 이 기사의 한국어 번역은 에프앤가이드가 사용하는 기계적 번역에 의한 것으로 톰슨로이터와 레피니티브는 번역의 정확성을 보증하지 않습니다."
215,7,"2024-01-01","16:17:46","장호종 제22대 대전시 경제과학부시장 취임…2일부터 업무 돌입","[머니투데이 대전=허재구 기자] 역대 최연소… 대전 과학기술발전 이끌 역량 겸비 평가    대전시는 제22대(민선 8기 제2대) 경제과학부시장에 역대 최연소인 장호종(41) KAIST 공과대학 융복합연구센터 교수가 선임돼 오는 2일 보훈공원 현충원 참배를 시작으로 공식 업무를 시작한다고 1일 밝혔다.   장 부시장은 대덕고등학교를 졸업하고 충남대학교 전자공학사, 과학기술연합대학원(UST) 차세대소자공학 석사 및 충남대학교 전자공학 박사를 취득한 후 2014년부터 카이스트 교수로 재직했다.   대전의 반도체 특화 클러스터 구축 등 미래 전략을 제시하고 육성·발전을 위해 지역사회 및 중앙 등에 폭넓은 활동을 해온 장 부시장은 전자, 전산, 사물인터넷(IoT), 디지털트윈, 반도체, 전기화학, 의료, 통신, 국방, 소재, 환경, 건설 등 다양한 융합분야의 논문을 게재하는 등 과학기술발전을 이끌 탁월한 역량을 갖췄다는 평가를 받고 있다.   장 부시장은 ""일류 경제도시 대전의 초석을 다지기 위한 지혜와 역량 모으는 데 최선을 다할 것""이라고 말했다.     [관련기사] ☞ 전현무도 감출 수 없었다…10기 정숙 데이트 신청에 '울상' ☞ 프로파일러 배상훈 ""시신 트라우마... 집에 칼 없고 가구 문 다 열어"" ☞ 박민영 전 남친 논란에... ""정신과 검사서 위험신호"" ☞ 가수는 갔지만 노래는 남아, 천국서 히트한 '내 눈물 모아'[뉴스속오늘] ☞ 故이선균 협박녀 얼굴 공개됐다…""95년생 미혼모"" 신상공개한 유튜버   대전=허재구 기자 hery124@hanmail.net     키워드림론 최대 4배 주식자금 & 고금리 대환상품 한도 오픈! (1644-6960)   [무료운세] 믿어야 돼 말아야 돼? 종목매수전에 믿고보는 '오늘의 운세'        [파워 인터뷰]       매수전에 점 부터 보고 가실께요 -> 오늘의 운세 [복채무료]      ⓒ 머니투데이 & mt.co.kr, 무단 전재 및 재배포 금지"
216,1,"2024-01-01","16:12:19","LG유플러스, AI·데이터 경쟁력 키워 플랫폼 사업 강화","LG유플러스는 2024년 인공지능(AI)·데이터 분야의 경쟁력을 강화해 플랫폼 사업을 확산하겠다는 전략을 세웠다. LG유플러스는 올해 통신에 특화된 초거대 AI인 '익시젠(ixi-GEN)'을 선보일 계획이다. 익시젠은 LG AI연구원 엑사원의 원천 AI 소스에 기반해 LG유플러스의 통신·플랫폼 데이터를 학습시킨 대형언어모델(LLM·Large Language Model)이다. LG유플러스는 자체 개발한 익시젠을 중심으로 예측·추천·검색·비전 등 다양한 AI 엔진을 플랫폼에 적용할방침이다. 익시젠을 라이프 플랫폼의 한 축인 '너겟'에도 적용한다. 고객 맞춤형 요금 플랫폼인 '너겟'은 통신 생활에 관련한 모든 과정을 100% 모바일로 간편하게 이용할 수 있는 디지털 기반 서비스다. 너겟에 적용된 익시젠은 맞춤형 상품 추천부터 정교한 상담까지 초개인화된 안내를 제공하는 형태로 고객 편의를 향상시키는 역할을 할 것으로 예상된다. 너겟과 함께 일상기록 소셜네트워크서비스(SNS)인 '베터'도올해 이용자 확대를 위해 지속적으로 서비스를 개선할 계획이다. '베터'는 사진과 함께 1500자 이내의 가벼운 글을 적을 수 있는 SNS 플랫폼으로, 출시 6개월 만에 10만다운로드를 기록하며 순항 중이다. LG유플러스는 IPTV에 자체 제작 콘텐츠를 강화할 계획이다. 지난해 LG유플러스의 콘텐츠 전문 스튜디오가 제작한 '하이쿠키' '밤이 되었습니다' '서치미' '내편하자2' 등 콘텐츠가 호평을 받았다. 하나의 요금제로 원하는 주문형비디오(VOD)를 시청할 수 있는 '프리미엄 환승구독' 요금제를 내놓는 등 미디어 경쟁력 강화에 집중했다. 올해에는 자체 AI 엔진고도화를 통해 고객들이 보다 편하고 쉽게 콘텐츠를 검색할 수 있도록 검색 기능을 개선하고, 환승구독과 같이 고객의 시청 경험을 혁신하는상품 라인업을 확대할 계획이다.  [이동인 기자]   [ⓒ 매일경제 & mk.co.kr, 무단 전재, 재배포 및 AI학습 이용 금지]"
216,2,"2024-01-01","16:12:19","KT, 거대AI 무기로 '디지털혁신 파트너'노려","KT의 새해 화두는 인공지능(AI)을 앞세워 디지털 서비스 역량을 강화하는 것이다. KT는 정보통신기술(ICT) 서비스 전문 기업으로 도약하기 위해 '고객의 보다 나은 미래를 만드는 디지털 혁신 파트너'라는 비전을 세웠다. 나아가 '고객' '역량' '실질' '화합'이라는 네 가지 핵심 가치를 체질화시켜 고객이 인정하는 좋은 기업으로 성장할 것이라고 선언했다. 이 같은 비전과 목표 아래 KT는 올해 AI를 중심으로 B2B(기업 간 거래) 서비스 시장을 본격적으로 공략한다. 지난해 출시한 초거대 AI '믿음'을 글로벌, 제조, 금융, 공공, 교육 등 5대 영역과 접목시켜 AI 사업 외연을 넓혀나가는 것이 골자다. 이를 위해 KT는 AI 연구개발 조직을 강화하고 있다. 기존 AI 연구 조직인 'AI2XLab' 이외에도 'AI 테크 랩(AI Tech Lab)'을 추가로 신설해 기술 연구 수준을 넘어 AI를 활용한 사업화 전략과 방안을 모색할 계획이다. 나아가 기술 역량의 효율적 제고를 위해 조직을 재정비했다. KT는 지난해 말 기존 IT부문과 융합기술원(R&D)을 통합해 '기술혁신부문'을 신설하고, 산하에 클라우드·AI·IT 분야 특화조직인 'KT컨설팅그룹'을 새로 설치했다. 아울러 업계에서 인정받는 전문가를 영입해 전문성을 기반으로 사업 경쟁력과 경영관리를 고도화시켜 나갈 예정이다. KT는 기업 고객을 대상으로 초거대 AI를 제공하는 B2B 시장에 집중하고 파트너사와의 협력으로 초거대 AI 생태계를 조성하는 전략을 펼치고 있다. KT는 지난 10월 초거대 AI '믿음'을 경량 모델부터 초대형 모델에 이르기까지 4종류로 출시했다. 김영섭 KT 대표는 ""'디지털혁신 파트너'라는 새로운 목표하에 클라우드, AI 고객센터, 보안, 메타버스, 모빌리티 등 주요 신사업들을 본격적으로 추진해 나갈 것""이라고 밝혔다. [김대기 기자]   [ⓒ 매일경제 & mk.co.kr, 무단 전재, 재배포 및 AI학습 이용 금지]"
216,3,"2024-01-01","16:12:14","SK텔레콤, 투자 3배 늘려…'글로벌 AI 컴퍼니' 도약","SK텔레콤은 올해 인공지능(AI)을 중심으로 자체 경쟁력 강화와 전방위 협력으로 명실상부한 '글로벌 AI 컴퍼니'로 도약을 준비 중이다. 이를 실현하기 위한 핵심 전략은 자강(自强)과 협력(協力)을 바탕으로 한 'AI 피라미드'다. 자체 AI 기술과 서비스를 고도화하고, AI 얼라이언스를 중심으로 힘을 합해 △AI 인프라스트럭처 △AIX △AI 서비스 등 3대 영역의 혁신을 추진하는 것이다. SK텔레콤은 AI 관련 투자비중을 과거 5년(2019~2023년) 12%에서 향후 5년(2024~2028년) 동안 33%로 3배 가까이 늘리고, 2028년 전체 매출 25조원 이상을 달성하겠다고 밝혔다. AI 인프라는 AI 피라미드에서 가장 하단 영역으로 AI 데이터센터와 AI 반도체, 멀티 대규모언어모델(LLM) 등을 포함한다. 차별화된에너지 솔루션을 기반으로 데이터센터의 글로벌 진출을 적극 추진할 예정이다. SK텔레콤이 설립한 AI 반도체 전문기업 '사피온'은 지난해 11 월 차세대 추론용 AI칩 'X330'을 출시했다. 경쟁사의 추론용 모델과 비교해 연산 성능이 약 2배, 전력 효율은 1.3배 우수하다. 멀티 LLM 전략도 지속된다. 자사의 AI 기술 브랜드를 '에이닷엑스(A.X)'로 정하고 LLM도 '에이닷엑스(A.X) LLM'으로 명명했다. 동시에 오픈AI, 앤스로픽,코난테크놀로지 등 국내외 AI 기업과도 협력 관계를 이어갈 방침이다. AIX는 모바일과 브로드밴드 등 기존 SKT 핵심 사업 전반에 AI를 접목해 생산성과 고객 경험에 혁신을 일으키는 전략이다. 마케팅, 고객센터에 콘택트센터(AICC) 등 AI를 접목하고 AI를 기반으로 한 네트워크인프라를 효율적으로 운영함으로써 향후 30% 이상 비용 절감을 기대할 수 있다. SK브로드밴드의 B tv를 AI tv로 진화시키고, 금융·제조 등다양한 분야의 기업과 공공 고객을 대상으로 생성형 AI를 사용한 특화 서비스를 구축해 제공할 예정이다.  [강봉진 기자]   [ⓒ 매일경제 & mk.co.kr, 무단 전재, 재배포 및 AI학습 이용 금지]"
216,4,"2024-01-01","16:12:06","두산, SMR·수소…친환경 에너지 시장 선점 노려","2024년 창립 128주년을 맞는 두산그룹은 '변화 DNA'를 바탕으로 변신을 거듭하고 있다. 특히 성장 가능성이 높은 친환경 에너지 사업에 주목해 관련 시장 선점을 위한 발걸음을 재촉하고 있다. 우선 두산은 소형모듈원전(SMR) 시장에서 글로벌 SMR 파운드리(수탁생산)로 성장 중이다. SMR은 탄소를 배출하지 않는 원자력 발전의 장점에 사고 피해 위험까지 줄여 차세대 에너지원으로 주목받고 있다 현재 전 세계적으로 약 70개의 SMR이 개발되는 가운데, 두산에너빌리티가 전략적 협력관계를 맺고 있는 뉴스케일파워는 미국 원자력규제위원회의 설계인증 심사를 2020년 업계 최초로 통과한 바 있다. 두산에너빌리티는 국내 투자사들과 함께 뉴스케일파워에 1억380만달러 지분을 투자해 수조 원 규모의 기자재 공급권을 확보했다. 두산은 주요 미래 에너지로 꼽히는 수소 분야에서 전반적인 가치사슬을 구축하고 있다. 특히 물을 전기 분해해 수소를 생산하는 수전해 시스템과 수소 부피를 줄여 운반을 용이하게 하는 수소액화플랜트 등으로 수소 생산·유통에 나서고 있다. 두산퓨얼셀의 양성자 교환막(PEM) 방식 수전해 시스템은 현재 실증을 준비 중이며, 두산에너빌리티가 경남 창원시에 구축 중인 수소액화플랜트는 국내 최초로 준공을 앞두고 있다. 아울러 두산에너빌리티는 수소가스터빈으로 사업 영역을 확장하고 있다. 수소가스터빈은 액화천연가스(LNG) 대신 수소를 사용하며 기존 복합화력발전소 인프라스트럭처를 그대로 활용하면서 노후 가스터빈을 대체하면 적은 비용으로 친환경 발전소 전환이 가능하다는 장점이 있다. 두산에너빌리티는 아직 전 세계적으로 청정 수소 생산이 제한적인 상황에서 100% 수소를 연소하는 방식과 수소와 천연가스를 혼합하는 연소 기술을 함께 개발하고 있다.   [김희수 기자]   [ⓒ 매일경제 & mk.co.kr, 무단 전재, 재배포 및 AI학습 이용 금지]"
216,5,"2024-01-01","16:12:06","대한항공, 위성체·UAM 개발…항공우주 종합社 야심","한진그룹의 주력 계열사대한항공은 항공기 개발·제조사업까지 수행하는 항공우주산업 종합 기업으로 거듭나고 있다. 부산 테크센터를 중심으로 항공기 완제기 및 부품 개발, 위성체 및 발사체 개발, 무인항공기 개발 및 항공기 개조·성능 개량 등 다양한 사업을 영위하고 있다. 대한항공은 2000년대 초반부터 무인기 개발에 전략적 진출을 결정했고, 이후 근접 감시용 무인기 개발을 필두로 전술급 사단 감시정찰용 무인기, 전략급 중고도무인기, 하이브리드 드론, 틸트로터 무인기 등 무인 비행체의 미래혁신기술을 개발하기 위해 연구개발(R&D) 투자를 확대하고 있다. 대한항공은 국토교통부가 주관하는 도심항공교통(Urban Air Mobility·UAM) 감시정보 획득체계 개발 공동 연구기관으로 참여하고 있다. 이번 프로젝트를 통해 UAM 환경에서 운항사에 필요한 운항통제시스템과 모의 시스템을 개발한다. 운항통제시스템은 운항사가 비행계획, 비행감시 및 스케줄관리에 사용하는 시스템을 말한다. 기상과 공역, 통신, 버티포트(Vertiport) 등 운항을 위한 부가정보까지 제공한다. 운항사 모의 시스템은비행 준비단계부터 비행 종료까지 전 과정을 모의하는 시스템으로 UAM의 안전 운항 여부를 확인할 수 있다. 대한항공은 무인항공기 통합관제시스템(UMS) 개발 및 비행 과정 전반에서 안전한 운용을 위한 기반 구축을 선도하고 있다. 이를 바탕으로 UAM의 비행계획 승인, 비행 모니터링, 비상 상황 대응 등 교통 흐름을 종합적으로 관리해주는 시스템인 교통관리사업자용 '교통관리시스템'도 개발하고 있으며 UAM 생태계전반을 가상으로 구현한 디지털트윈 구축도 추진해 나가고 있다. 실제 지난해 10월 경기 성남시 서울공항에서 열린 '서울 국제 항공우주 및방위산업 전시회(Seoul ADEX) 2023'에 참가해 기량을 뽐냈다.  [조윤희 기자]   [ⓒ 매일경제 & mk.co.kr, 무단 전재, 재배포 및 AI학습 이용 금지]"
216,6,"2024-01-01","16:12:05","HD현대, 메탄올·암모니아등 친환경 선박 수주 박차","2022년 창립 50주년을 맞아 사명을 변경한 HD현대는 2024년 친환경·디지털 솔루션 중심으로 사업구조를 전환하는 데 속도를 낼 계획이다. 기존 제조업 중심에서 벗어나 친환경, 디지털 등신사업 분야로 사업군을 확대해 미래 신성장 동력을 확보한다는 각오다. HD현대는 올해 조선·해양, 에너지, 건설기계 등 3대 핵심 사업축을 중심으로 내실 다지기에 집중하면서 미래 핵심 기술을 갖추기 위해 연구개발 투자를 계속할 방침이다. 먼저 조선·해양 부문에서는추격할 수 없는 선도 기술을 확보해 수익성을 높인다. HD한국조선해양은 3년 치 이상의 충분한 수주 잔량을 보유한 만큼 메탄올·암모니아 추진 선박 같은 친환경 고부가가치 선박 수주를 이어갈 계획이다. 지난해 7월 세계 최초로 메탄올 추진 컨테이너선을 인도했으며 10월에는세계 최초로 암모니아 추진선을 수주했다. 생산 부문에서도 투자를 이어간다.  지난달 첨단 조선소(FOS) 1단계인 디지털 트윈 기술을 활용한 '눈에 보이는 조선소' 목표를 달성하겠다고 밝혔다. 올해부터는 후속 단계로 빅데이터를 이용해 공정 효율을 끌어올리는 '연결-예측에최적화된 조선소' 구축에 돌입한다. 에너지 부문의 HD현대오일뱅크는 친환경 에너지 플랫폼 회사로 변신을 모색하고 있다. 현재 충남 서산시 대산읍에 13만t 규모의 차세대 바이오디젤 제조공장을 건설 중으로 이르면 연초 상업 가동을 시작한다.  건설기계 부문은 지난해 북미 등 선진 시장 점유율을 늘리며 그룹의 핵심 사업으로 자리매김하는 데 성공했다. 올해도 시장과 제품 포트폴리오를 다변화하고 미래 기술에 투자해 성장세를 이어간다. HD현대사이트솔루션, HD현대건설기계, HD현대인프라코어 등 HD현대 건설기계 3사는 북미·유럽 등 선진 시장에 이어 중동·인도·중남미 등 신흥 시장에서도 판매를 확대하고 있다.  [김희수 기자]   [ⓒ 매일경제 & mk.co.kr, 무단 전재, 재배포 및 AI학습 이용 금지]"
216,7,"2024-01-01","16:12:05","GS, 산업바이오·순환경제…신사업 규모 확 키워","GS그룹은 2024년 새해를 '침체의 시작이자 미래를 향해 큰 걸음을 내디뎌야 할 기회의 시기'라고 규정했다. 허태수 GS그룹 회장은 ""금리, 환율, 지정학적 위험 등 사업 환경의 변화는 단순한 어려움을 넘어 경기 침체의 시작일 수 있다""며 ""심상치 않은 세계 경제 흐름에 촉각을 세우면서 GS그룹 전반이 경각심을 가지고 비상한 대응을 해줄 것""을 당부했다. 허 회장이 2024년을 침체의 시작으로 규정한 것은 코로나19 팬데믹 이후 정유·화학, 에너지 발전, 리테일 등 GS의 주력 사업들이 탄탄한 경쟁력을 바탕으로 안정적인 성과를 창출해왔음에도 각종 선행지표의 하강과 경기 침체의 전조가 나타나고 있다는 판단 때문이다. 그러면서도 허 회장은 경기 침체나 사업 환경 악화를 방어적으로 대하기보다 미래 신사업 창출을 위한 기회로 활용하자고 강조했다. 허 회장은 ""순조로울 때 보이지 않던 사업 환경의 근본적인 변화나 새로운 사업 기회가 어려운 시기에 더욱 또렷하게 드러난다""며 ""그동안 GS가 착실하게 준비해온 신사업들이 본격적으로 큰 걸음을 내디뎌야 할 기회의 시간""이라고 강조했다. 이에 이미 사업화 단계에 접어든 산업바이오, 순환경제, 전기차 충전 등의 신사업 영역은 스케일업(Scale-up)을 통해 본격적인 사업 확대에 나서기로 했다. 즉 유전자 조작을 하지 않은(Non-GMO) 미생물과바이오매스를 활용하는 2, 3-부탄다이올(2, 3-BDO)과 3-하이드록시프로피오닉산(3-HP) 등 친환경 석유화학 대체물질 상업화에 박차를 가할 계획이다. 또 플라스틱·배터리 리사이클과 바이오연료, 전기차 충전 등의 친환경 사업들의 규모를 키워 신사업 면모를 갖추게 할 예정이다. 이외에도 가상발전소를 비롯해 수소, 소형모듈원자로(SMR), 풍력발전 등 에너지 사업과 탄소 포집·활용·저장(CCUS) 등의 신사업 영역은 기술확보를 위한 지속적인 투자와 파트너십을 바탕으로 사업화 탐색과 육성에 더욱 속도를 내기로 했다.  [정유정 기자]   [ⓒ 매일경제 & mk.co.kr, 무단 전재, 재배포 및 AI학습 이용 금지]"
217,1,"2024-01-01","16:10:27","美긴축 종료에 수출 회복세 겹쳐 … 원화값 완만한 상승세 기대","미국이 기준금리 인하를 예고하면서 올해 원화값은 달러화 대비 완만한 상승세를 보일 전망이다. 수출 회복세로 달러 유입이 늘어날 가능성이 높다는 점도 원화 가치를 떠받칠 것으로 보인다. 외환시장 전문가들은 미국이 이르면 올해 4~5월부터 연말까지 3~5차례 기준금리를 내릴 것으로 전망하고 있다. 금리 인하가 가시권에 들어오면서 달러화는 약세를 보이고 원화는 강세 흐름이 나타날 것으로 보인다. 통상 미국 기준금리가 떨어지면 달러 힘이 빠진다. 미국 연방준비제도(Fed·연준)가 작년 12월 연방공개시장위원회(FOMC)에서 올해 금리 인하 가능성을 언급하면서 이미 원화값은 1300원대를 벗어나 1290원대에 진입했다. 주요 6개 통화에 대한 달러가치를 나타내는 달러인덱스는 연준이 고금리가 더 오래갈 것이란 메시지를 내놓고 미국 국채금리가 초고속으로 급등했던 작년 10월 107대까지 올랐지만 최근 101대로 내려왔다. 문정희 KB국민은행 이코노미스트는 ""올해 미국이 기준금리 인하에 시동을 걸면 시장에 금리 인하 기대감이 유지되면서 달러화가 전반적으로 약세를 보일 것""이라며 ""달러당 원화값이 상반기에는 1260~1320원대, 하반기엔 1220~1280원대에서 움직일 것으로 예상된다""고 말했다. 전규연 하나증권 연구원도 ""상반기에는 중국 경기의 더딘 회복 속도 등으로 원화값이 1300원 안팎에서 방향성을 탐색하겠지만 하반기로 갈수록 달러 약세와 국내 수출 및 경기 펀더멘털 개선을 반영하며 상승할 것""이라면서 ""분기 평균 원화값으로 3분기 1275원, 4분기 1260원 수준을 예상한다""고 내다봤다. 최대 품목인 반도체 수출이 회복되는 등 수출 실적이 개선될 것이란 기대감도 원화 강세 요인으로 꼽힌다. 한국무역협회는 보고서를 통해 올해 수출이 작년보다 8% 증가하고 무역수지는 흑자를 기록할 것으로 예상했다. 경상수지도 작년 5월부터 10월까지 6개월 연속 흑자 행진을 이어가고 있다. 중동 정세 불안이 계속되고 있지만 올해 국제유가가 배럴당 80~90달러 선으로 비교적 안정세를 나타낼 것이란 전망도 원화 가치 상승으로 연결될 것으로 분석된다. 원·엔 재정환율은 100엔당 900~980원대가 예상된다. 문 이코노미스트는 "" 시장은 일본은행(BOJ)이 통화정책을 변경해 올해 1분기쯤 금리 인상에 나설 것으로 전망하고 있다""며 ""일본 경제 펀더멘털을 감안해 BOJ가 공격적으로 금리를 인상하지 않겠지만 엔화가 강세를 보일 것""이라고 말했다. 굵직한 정치 이벤트와 국제 정세 등 대외 변수로 원화 변동성이 커질 수 있다. 올해는 전 세계 40여 개국에서 대선과 총선이 실시되는 '슈퍼 선거의 해'다. 1분기엔 대만 총통선거와 2년 가까이 전쟁 중인 러시아·우크라이나의 대통령 선거가 예정돼 있고, 4분기엔 미국 대선이 열린다. 김승혁 NH선물 연구원은 ""미국 집권당의 변화와 달러지수 사이 연관성은 낮지만 달러인덱스는 과거 14번의 대선 후 대체로 횡보하다가 반등했다""고 분석했다.  러시아·우크라이나 전쟁과 이스라엘·하마스 전쟁이 확전될 가능성 등도 원화 변동성을 키우는 위험 요인이다. [임영신 기자]   [ⓒ 매일경제 & mk.co.kr, 무단 전재, 재배포 및 AI학습 이용 금지]"
217,2,"2024-01-01","16:10:26","""상반기 반도체, 하반기 바이오·배터리 … 코스피 최대 2900""","새해 국내 증시는 반도체·헬스케어 등 유망 업종에 힘입어 작년보다 소폭 상승할 것이라는 전망이 우세하다. 배당 정책 선진화로 주주환원이 확대되는 등 합리적 투자 기조가 자리 잡을 것이라는기대감도 있다. 반면 총선을 앞두고 정치 테마주 등 비합리적 투자 행태 역시 기승을 부릴 것이라는 우려도 나왔다. 매일경제가 각 증권사의2024년 증시 전망을 취합한 결과 금융투자업계는 대체로 올해 코스피가 2200~2750을 오갈 것으로 예측했다. 지난 한 해 코스피는 2180.67~2668.21을 오갔는데 이보다 다소 높아진 수치다. 새해 코스피 밴드를 2200~2750으로 예측한 이경수 메리츠증권 리서치센터장은 ""코스피는 작년 대비 올해 60% 수준의 순이익 증가를 반영하며 상승할 전망""이라며 ""반도체의 이익 기여도가 절대적인 만큼 실적 회복의 탄력성에 따라 지수 상단이 달라질 가능성이 있다""고 말했다. 윤창용 신한투자증권 리서치본부장은 새해 코스피 밴드를 2200~2800으로 예측했다. 윤 본부장은 ""상반기에 재고순환 사이클 회복 및 반도체 경기 개선에 따른 상승세를 기대한다""면서도 ""하반기에는 미국 대선을 앞둔 경계감과 주경기 사이클 하강, 2025년 증세 이슈들이 방향성에 부담으로 작용한다""고 우려했다. 종목별로는 주로 반도체와 헬스케어 관련 종목이 유망할것으로 전망됐다.  김지산 키움증권 리서치센터장은 ""상반기에는 반도체, IT, 기계, 자동차 등 수출 회복 주도 업종이 유망하고, 하반기에는 금리 인하 사이클과 함께 인터넷, 바이오, 2차전지 등 성장 업종이 유망할 것""이라고 내다봤다. 한편 작년 대비 올해 투자 전략에서 가장 크게 달라지는 점 중 하나는 배당 관련 정책이 변경됐다는 것이다. 지난해 금융위원회가 발표한 '기업지배구조보고서 가이드라인' 에 따르면 2024년 기업지배구조보고서 제출 대상 기업이 자산총액 1조원 이상에서 5000억원 이상으로 확대되는데, 배당액의 예측 가능성을 높이는 내용도 포함돼 있다. 또 결산배당을 하는 기업은 의결권 기준일과 배당 기준일을 분리해 배당 기준일이 오기 전부터 배당액을 결정하게된다.   실제로 금융감독원에따르면 12월 결산 상장사 2267곳 중 28.1%(636곳)가 배당 절차를 개선하기 위해 정관을 변경했다. 배당기준일이 늦춰진 기업의 경우 연초까지 주식을 보유하고 있어야 배당을 받을 수 있다. 이에 금융투자업계에서는 지금까지 국내 증권가에서 좀처럼 이뤄지지 않았던 배당주 위주의 가치투자가 활성화될 것으로 기대하고 있다. 김 센터장은 ""배당기준일 변경은 코리아 디스카운트 요인 완화 측면에서 긍정적""이라며 ""합리적 배당 투자를 확산시키고 주주환원을 확대하는 계기가 될 것""이라고 전망했다.  KB증권에 따르면 배당기준일 변경을 확정한 기업 중 배당컷 우려가 덜한 기업으로는 동양생명(4분기 추정 배당수익률 10.06%), DGB금융지주(8.56%), 기업은행(8.51%), 삼성화재우(8.21%), NH투자증권우(8.01%), 부국증권우(7.87%) 등이 있다. 올해 6월까지 주식시장에서 공매도가 전면 금지되는 것도 투자 전략을 수립할 때 유의해야할 점 중 하나다. 금융위원회는 지난해 11월 외국계 증권사의 무차입 공매도를 적발한 뒤 새해 상반기까지 공매도를 전면 금지할 것이라고 발표한 바 있다. 통상 공매도가 금지되면 주가 하락에 베팅하는 투자자가 줄어들어 증시가 전반적으로 상승 압력을 받지만, 가격 결정의 효율성이 줄어들어 증시 변동이 커지게 된다. 윤 본부장은 ""공매도 금지는 중장기 관점에서 선물 대비 현물(주식)의 상대적 고평가를 수반한다""며 ""기관과 외국인은 해당 구간에서 매도차익거래로 대응하기 십상이며, 개인투자자 수급 의존도는 향후 더 높아질 공산이 크다""고 예측했다. 윤석모 삼성증권 리서치센터장도 ""공매도 한시적 금지 조치는 제도 정비와 개편을 위한 가치중립적 성격이 우세하다""면서도 ""개인투자자의 시장 참여 확대에는 일조할 공산이 크다는 점에서는 상반기 시장의 긍정 요인""이라고 평가했다. 다만 공매도 금지로 가격 결정의 효율성이 줄어들어 4월 총선을 앞두고 이른바 '증권가 지라시' 등 확인되지 않은 소문에 따른 정치 테마주가 기승을 부릴 수도 있기 때문에 투자자의 주의가 요구된다. 이미 지난해부터 디티앤씨, 와이더플래닛 등 적잖은 중소형 종목이 '한동훈 테마주'로 묶여 급등락을 반복하며 개인투자자가 피해를 보기도 했다. 김 센터장은 ""공매도 전면 금지로 기울어진 운동장을 바로잡고자 하는 취지는 공감한다""면서도 ""시장의가격 조정 기능이 약화됨에 따라 중소형 테마주 급등 우려가 상존한다""고 말했다.  [김대은 기자]   [ⓒ 매일경제 & mk.co.kr, 무단 전재, 재배포 및 AI학습 이용 금지]"
217,3,"2024-01-01","16:10:10","""로봇·AI…미래 과학자 모십니다""","매일경제와 MBN이 GIA 미네르바 바칼로레아와 손잡고 21세기 과학의 시대를 이끌어갈 미래 청년 과학자를 찾기 위해 '제3회 원더차일드(WONDERCHILD) 창의발명대회'를 개최한다. 대회 참가자들은 인공지능(AI), 바이오, 사물인터넷(IoT), 로봇, 모빌리티 등 총 5개 분야에서 경쟁하게된다. 초·중·고교에 재학 중이거나 같은 연령대 청소년이라면 누구든 지원할 수 있으며 참가 신청 마감은 1월 15일까지다. 개인 또는 2인 공동으로 참여할 수 있으며 창의성, 사회적 영향력, 실용성 및 경제성을 평가해 예선 심사를 거친다. 최종 본선 심사에서는 시제품 평가, 구성 및 발표 능력, 아이디어 적합 여부, 인재 성장성과 자질 평가 등으로 순위를 가르게 된다. 초등학생은 생활의 불편함을 개선하는 반짝이는 아이디어만으로도 참여할 수 있다. 시상은 초등학교 저학년부와 고학년부, 중학생부, 고등학생부로 나눠 한다. 대상 수상자에게는 최고 100만원의 상금과 상패를 수여한다. 대회를 주최하는 '매일경제 창의발명대회' 홈페이지 신청을 통해 참여할 수 있다.   [김혜순 기자]   [ⓒ 매일경제 & mk.co.kr, 무단 전재, 재배포 및 AI학습 이용 금지]"
217,4,"2024-01-01","16:10:09","[NIE 경제기사 이렇게 읽어요] 앱으로만 예약받는 병원 늘었다 노인·소외층 의료접근성 도마에","스마트폰 터치 몇 번으로 모바일 번호표를 받아 대기 시간을 줄일 수 있는 '예약 앱'이 요식업을 넘어 의료 서비스로까지 범위를 넓히고 있습니다. 예약앱을 쓰면 입장 시간을 모른 채 기약 없이 대기해야 하는 불편함을 줄일 수 있습니다. 하지만 예약 앱의 존재 자체를 모르거나 디지털 사용능력이 뒤처지는 노인 등 디지털 소외계층에겐 장벽이 될 수 있다는 지적이 나옵니다. Q. 예약 앱이란. A. 예약 앱은 방문을 원하는점포의 대기번호표를 모바일로 받아 볼 수 있는 스마트폰 애플리케이션의 일종입니다. 대표적인 예약 앱으로는 '캐치테이블'이 있습니다. 캐치테이블을 이용하면 제휴를 맺은 음식점에 입장 대기 현황을 확인할 수 있으며 모바일 번호표를 받을 수 있습니다. 입장 순서가 되면 스마트폰 알람을 받아 볼 수 있습니다. 이전까지는 대기 현황을 알기 위해 해당 음식점에 전화를 걸어 일일이 확인해야 했고, 언제 입장할 수있는지 모르는 상태로 근처에서 기다려야 했기 때문입니다. 이러한 편리함을 앞세워 캐치테이블과 같은 예약 앱은 고객들을 끌어모으고 있는상황입니다. 캐치테이블의 상위 50개 제휴 가맹점은 서비스 도입 한 달 만에 예약 건수가 200% 이상 증가하기도 했습니다. Q. 이제는 병원 진료까지 앱으로 예약한다는데. A. 최근에는 음식점을 넘어서 의료 서비스에까지 예약 앱이 도입되고 있습니다. '똑닥'은 제휴를 맺은 전국 병·의원의 대기 현황을 파악하고, 모바일 번호표를 받을 수 있는 병원 예약 앱입니다. 현재는 월·연 구독제로 운영되고 있는데 월간이용권은 1000원, 연간 이용권은 1만원에 판매되고 있습니다. 이용권을 결제할 경우 총 2명의 성인과 미성년 자녀(제한 없음)가 멤버십을 함께 쓸 수 있어 가족 단위로 이용 가능하다는 장점이 있습니다. 똑닥은 2017년 출시 이후 1년 만에 100만 회원을 돌파했고, 현재는 600만이 넘는 회원을 보유하며 꾸준히 회원 수를 늘리고 있습니다.  Q. 디지털 소외계층에겐 장벽으로 다가와. A. 모바일 기기를 이용하는 것이 어려운 노인 등 디지털 소외계층은 예약 앱의 편리함을 제대로 누리지 못합니다. 스마트폰 애플리케이션으로 예약하는 방법을 모르거나 똑닥의 존재조차 모르는 이들은 평소처럼 병원에 방문했다가 장시간 대기해야 하거나 진료를 받지 못하는 일까지 겪을 수 있습니다. 심지어일부 병원이 똑닥 앱 예약자가 많을 경우 현장 접수를 하지 않는 사실이 밝혀져 디지털 소외계층에 대한 차별이 우려됩니다. 보건복지부가 한정애 더불어민주당 의원에게 제출한 자료에 따르면 지난해 11월 1일부터 10일까지 복지부에 '병원 진료 거부' 민원 신고가 30건 접수됐습니다. 병원들이 '똑닥 앱 예약자가 많다'는 이유로 운영 종료 2시간 전에 현장 접수를 마감했기 때문입니다. 복지부는 ""(환자가) 현장 및 전화 접수로도 공정하게 진료를 받을 수 있도록 철저히 지도 감독해 달라""고 주문했지만, 아직까지 구체적인 대응책을 마련하지 못한 상태입니다. Q. 의료 공급 체계 근본적 문제를 해결해야. A. 똑닥에 대한 규제보다는 의료 체계의 근본적인 문제를 해결해야 한다는 주장도 있습니다. 복지부 통계에 따르면 올해 8월 말 기준 똑닥을 이용하는 전체 의원급 의료기관 중 소아과 비중이 21.9%로 가장 높습니다. 유독 소아과에서 똑닥이 자주 이용되는 것입니다. 하지만 똑닥으로 진료를 예약한다 하더라도, 예약 오픈 시간만 되면 사람들이 몰리고 오랜 시간 기다려야 하는 것은 마찬가지입니다. 소아과 같은 필수의료시설에 환자들이 많이 몰리는 문제를 해결하기 위해서는 의료 인력과 시설을 늘려야 한다는 주장이 나옵니다. 의료분쟁 시 의사들의 법적 책임 완화, 진찰료 수가 조정 등 대책이 필요하다는 지적입니다. [장성원 경제경영연구소인턴기자]   [ⓒ 매일경제 & mk.co.kr, 무단 전재, 재배포 및 AI학습 이용 금지]"
217,5,"2024-01-01","16:10:09","소득이 7000만원이라면 누진세 어떻게 계산하나","(해설) 이 문제는 소득세 누진세율을 개편할 때의 조세 부담에 관한 것이다. 소득이 3000만원인 사람의 세율 변경 후 세액은 '2000만원×5%+1000만원×15%=250만원'이다. 또한 '650만원+(A-5000만원)×20%=550만원+(A-5000만원)×25%'를 A에 대해 풀면 세율 변경 전후 세액이 변하지 않는 소득수준 A가 7000만원임을 알 수 있다. 따라서 소득이 7000만원인 사람의 경우 세율 변경 후에도 처분가능소득에 변화가 없다. 한편 소득이 5000만원 미만인사람의 경우 세율 변경으로 세액이 100만원 감소한다. 따라서 소득이 3600만원인 사람과 4800만원인 사람은 세율 변경으로 받는 세액 감소 혜택이 같다.  정답 ②   [ⓒ 매일경제 & mk.co.kr, 무단 전재, 재배포 및 AI학습 이용 금지]"
217,6,"2024-01-01","16:10:08","단기간에 자격증 공부 끝내줄 디지털 문제집 만들 것","""전기기사 자격증 수험생을 대상으로 오픈 베타 테스트를 진행한 결과 초기 성적이 커트라인보다 낮았던 수험생 200여 명 가운데 86%의 성적이 평균 44% 상승해 합격권에 진입했습니다. 이들의 평균 수험 기간은 56일로 기존 수험생 평균 수험 기간인 3개월보다 약 40일 단축됐습니다."" 이윤규 맞추다 대표는 "" 국가기술자격증 시험의 90%가 컴퓨터로 보는 방식(CBT·Computer Based Test)으로 전환됨에 따라 수험 전략에서 기출문제 반복학습이 더욱 중요해졌다""며 ""하지만 기존 학습 방식은 문제지 인쇄, 채점에 시간이 오래 걸리고 오답노트 생성, 풀이 이력 관리 등이 번거롭다는 단점이 있다""고 설명했다. 그는 ""PDF 같은 이미지 파일은 활용하기 불편하다""며 ""기존 학습 방식을 디지털화하고 인공지능(AI) 기술을 적용해 수험생들이 진짜 풀 수 있는 문제집을 만들고자 했다""고 말했다. 7개월간 오픈 베타 테스트를 거쳐 2023년 1월 정식 론칭한 '맞추다'는 수험생 개개인 별로 학습 진척도, 취약점 등을 감안한 맞춤형 문제집을 생성해준다. 시험지와 문제집은 단순 전자문서가 아닌 문제 풀이, 자동 채점,자동 오답노트 생성, 성적 관리 등의 기능이 실시간 이뤄질 수 있는 '전자문제집' 형태로 제공된다. 수험생은 스마트폰, 태블릿PC, 컴퓨터를통해 언제 어디서나 학습할 수 있다. 문제풀이 이력을 통해 생성되는 성적 관리 리포트를 확인하고 자신이 어떤 부분이 취약하고, 더 공부해야 할지도 파악할 수 있다. 수험생들 사이에서 입소문을 타면서 맞추다의 월간 학습자 수는 2022년 12월 1500명에서 2023년 12월 기준 2 만5000명으로 1년간 17배 증가했다. 론칭 당시 전기기사 한 종목에 대해서만 서비스를 제공했지만 한국사능력검정시험, 컴퓨터활용능력, 정보처리기사, 제과제빵기능사 등 50개 자격증 종목에 서비스를 제공하는 등 빠른 성장세를 보이고 있다. 이 대표는 ""기출문제 학습 시장 기존 플레이어인 '출판사'와의 제휴를 통해 추가 성장을 도모할 것""이라고 밝혔다. 그는 ""빠른 서비스 확장을 위해 모든 종목의 콘텐츠를 직접만드는 것이 아닌 기존 시장의 플레이어인 출판사와 협업할 수 있는 모델을 개발했다""며 ""협업 모델을 통해 출판사도 적은 리소스로 새로운수익 채널을 생성할 수 있다""고 설명했다. 이어 ""론칭 초창기 출판사와의 협약이 체결되지 않아 동네 학원들에 문제 해설을 별도로 구매했지만 출판사가 제공하는 문제 해설과는 퀄리티 차이가 발생할 수밖에 없었다""며 ""향후 출판사와의 협력이 활발하게 이뤄진다면 수험생들이최고의 콘텐츠와 기술력을 제공받아 최적화된 학습 방식으로 빠르게 합격에 도달할 수 있을 것""이라고 덧붙였다. 일각에서는 학습의 디지털화가 출판업계 카니발라이제이션(cannibalization·자기시장잠식)으로 이어질 것이라는 우려도 제기된다. 이에 대해 이 대표는 ""맞추다 이용자 인터뷰 결과 서비스 이용자의 80%가 종이책을 가지고 있는 것으로 나타났다""며 ""기출문제 풀이 서비스와 책을 하나로 묶은 패키지를 선보일 것""이라고 말했다. 출판사는 자동 데이터베이스화 프로세스를 통해 공수 없이 전자문제집을 론칭할 수 있고 오프라인 종이책 판매 수익도 얻을 수 있다. 맞추다는 출판사 홈페이지에 기출 학습 서비스 또한 지원할 계획이다. [최예령 경제경영연구소 인턴기자]   [ⓒ 매일경제 & mk.co.kr, 무단 전재, 재배포 및 AI학습 이용 금지]"
217,7,"2024-01-01","16:10:06","'글로벌 결제 플랫폼'이 미래 먹거리","""미국 증시 금융 섹터에서는 은행보다 결제 데이터를 중개하는 망을 가진 마스터카드의 시가총액이 더 높다. 결제 사업을 하는 회사가 은행보다 더 높은 가치를 가지는 셈인데, 결국 결제 산업의 미래도 결제 시스템 네트워크 구축 사업이 될 것이라고 생각한다."" 최원석 BC카드 사장은 최근 이화여대 포스코관에서 열린 매경CEO특강 연사로 나서 결제 산업의 중요성을 강조하며 결제 시스템 네트워크를 구축하는 사업과 데이터 사업이 미래 먹거리가 될것이라고 전망했다. 그는 데이터를 활용한 금융정보 사업 모델을 업계 최초로 선보일 정도로 금융·데이터 융합 분야에 밝다. 최 사장은서울대를 졸업한 후 고려증권, 장기신용은행, 삼성증권을 거쳐 에프앤가이드에서 최고재무관리자와 금융연구소장을 지냈다. 이후 에프앤자산평가 대표이사로 재직하다가 BC카드 대표이사로 선임됐다. 그는 결제 산업이 안정성과 성장성을 모두 가진 대표적인 산업이라고 설명했다. 은행이나 증권사, 캐피털사와 같은 전통적 금융사기도 하지만 동시에 결제 사업에 핀테크 기업의 등장으로 혁신성을 가지게 됐다는 것이다. 그는 카드사들이 1983년 사업을 시작한 후 안정적으로 사업을 하다 최근 테크 기업들이 진출하면서 치열한 경쟁을 하게 됐다고 덧붙였다. 최 사장은 ""최근 카카오, 토스, 네이버, 쿠팡 등 여러 기업이 금융업에 진출하면서 핀테크사 영향이 금융 전반에 확장되고 있다""며 ""카드업에서는 결제 서비스 위주로 진입하고 있어 다양한 결제 수단이 생기고 있다""고 말했다. 그 결과 카드사들은 본업으로 이익을 얻기 더 어려워졌다고 최 사장은 분석했다. 카드사들의 본업은 결제 업무지만 너무 다양한 결제 수단이 생기면서 이것으로 수익을 내기는 힘들어졌다는것이다. 본래 카드사들은 결제 업무보다는 금융업을 중심으로 이익을 창출해왔다. 은행과 다르게 예금을 받는 수신 기능이 없어 대출 기능만 수행할 수 있기 때문이다. 정식 명칭도 여신전문 금융업이다. 이때 대출의 매개체는 카드가 된다. 그럼에도 결제 사업은 여전히 경쟁력 있고 금융 산업 내에서 매우 중요하다고 최 사장은 평가했다. 그는 ""역사가 40년이 넘는 신한금융그룹은 이용자가 1000만명이 안 되는데 생긴 지 몇 년 안 된 카카오페이는 2100만명에 달한다. 아직 적자지만 미래에는 이득을 낼 것이라고 보기 때문에 높은 가치를 가진다""고 분석했다. 다만 지금과 같은 고금리 시기에는 기업가치를 평가할 때 쓰이는 할인율도 같이 높아져 혁신성이 높은 기업들에 대한 투자자 선호도가 떨어질 수밖에 없다고 설명했다. 금리가 낮을 때는 기업들의 이자 부담이 적기 때문에 다양한 사업을 시도하기 좋지만 금리가 높으면이자만큼의 수익성을 내기 힘들다. 그래서 저금리 시기에는 성장주로 불리는 게임·이커머스 기업이 각광받고 지금과 같은 고금리 시기에는혁신적인 기업보다는 안정성이 강한 은행 등이 선호된다는 것이다. 최 사장이 대표로 있는 BC카드는 1982년 정부 주도하에 은행들의 연합으로 만들어진 신용카드사였다. BC는 'Bank Credit'의 약자이기도 하다. 이후 보고펀드에 매각되며 민영화됐는데 현재는 KT그룹에 들어가 통신사 자회사로 있다. BC카드는 최근 고객사들이 이탈하면서 독자 생존의 위기를 겪고 있다. 현재 국내에서 사업하고 있는 전업 카드사 중에서는 매출액이나 규모도 제일 작은 편이다. 최 사장은 그럼에도 BC카드는 가장 안정성과 성장성을 가진 카드사라고 강조했다. BC카드는 국내에서 유일하게 결제 프로세싱 업무를 하는 회사이기 때문에 이를 활용해 사업 확장을 할 수 있다는 것이다.  최 사장은 ""사업자들이 사업을 시작하면 가장 중요한 게 결제 업무를 어떻게 할지가 되는데, 이때 BC카드만한 노하우와 네트워크를 가진 기업이 아직 없기 때문에 BC카드를 찾을 수밖에 없다""고 설명했다. 그는 BC카드가 40년간 축적해온 경험으로 비자나 마스터카드와 같은 글로벌 결제 프로세스를 가진회사로 성장하는 것을 목표로 삼고 있다. 최 사장은 ""동남아시아와 중앙아시아 등 사업을 시도할 수 있는 시장이 많이 있다. 모바일이나카드 결제에 기반한 국가 간 결제 네트워크 연결 사업을 추진해 글로벌 결제 네트워크를 가진 기업으로 거듭날 것""이라고 포부를 밝히며 강연을 마무리했다. [박나은 기자]   [ⓒ 매일경제 & mk.co.kr, 무단 전재, 재배포 및 AI학습 이용 금지]"
218,1,"2024-01-01","16:02:58","한화, 우주 밸류체인 선제 투자 '100년 한화' 준비","나에게 맞는 종목추천 AI알고리즘을 찾고 싶다면? 한경 로그인만 하면 1개월 무료 체험가능     K9자주포 등 방산 수출 확대  美에 태양광 생산단지 구축     [ 강미선 기자 ]  한화그룹은 올해를 100년 한화의 기틀을 다지기 위한 도약의 해로 삼는다는 전략이다. 추진 중인 신사업의 성과를 앞당기고 신규 사업을 지속적으로 발굴해 미래 한화를 구현해 나갈 방침이다.  한화그룹은 민간이 우주 개발을 주도하는 ‘뉴 스페이스 시대’에 맞춰 선제적인 투자로 우주사업에 적극 나서고 있다. 한화는 국내에서 유일하게 우주 발사체에서부터 관측·통신위성, 탐사 등 전반을 다루는 ‘우주 밸류체인’을 구축하고 있다. 한화에어로스페이스의 누리호 발사체 기술, 한화시스템과 쎄트렉아이의 위성 기술을 중심으로 우주산업을 확장하고 있다. 위성 통신으로 도심항공모빌리티(UAM), 스마트선박, 자율주행차 등이 안정적으로통신하는 ‘초연결 사회’를 구축하고 관측 위성이 얻은 빅데이터를 인공지능(AI)으로 분석한 데이터 서비스도 제공할 계획이다.이를 뒷받침하기 위해 우주사업 전반에 걸친 신입·경력 인재 확보에도 나서고 있다.  한화그룹의 주요 방산 계열사인 한화에어로스페이스는 지난해 K9 자주포와 천무 등 총 8조원 넘는 수출 계약을 맺었다. 이어 지난해 말 호주 육군의 미래형 궤도 보병전투장갑차량(IFV) 공급사업을 수주했다. 레드백 129대를 공급하는 약 3조2000억원 규모의 계약으로 미국 영국 독일의 선진 방산업체를 제친 결과다. 기존 한국군 도입 장비가 아니라 특정 국가를 목표로 개발한 수출형 장비가 계약에 성공한 것은 국내에서 처음 있는 일이다.  한화오션은 한국 해군의 잠수함 건조사업(KSS-1)을 통해 처음으로 1200t급 잠수함(장보고-I) ‘장보고함’을 설계해 건조했다. 이후 1800t급 잠수함(장보고-II), 3000t급 신형잠수함(장보고-III), 수출 잠수함 등을 건조했다. 한화그룹 관계자는 “글로벌 시장 맞춤형 전략을 통해 올 한 해도 지속적으로 수출을 확대하고 국가 경제에 기여할 예정”이라고 말했다.  한화큐셀은 지난해 미국에서 북미최대 규모의 태양광 통합 생산단지 ‘솔라 허브’ 구축을 위한 대규모 투자 계획을 발표했다.  총 3조4000억원을 투입해 미국 조지아주 돌턴 지역에 있는 태양광 모듈 공장을 기존 1.7GW에서 5.1GW로 증설하고, 카터즈빌 지역에 잉곳·웨이퍼·셀·모듈을 각각 3.3GW 생산할 수 있는 공장을 신설한다.  솔라 허브가 본격 가동을 시작하는 올해 말부터 한화큐셀의 미국 내 모듈 제조능력은 총 8.4GW에 육박하게 된다. 북미 기준으로 실리콘 셀 기반 모듈을 생산하는 기업 가운데 최대 제조기업이 된다.  강미선 기자     ▶▶[급등종목]◀◀ 지금 ""1,000만원""만 있다면 당장 ""이것"" 매수해라!! >>> (무료공개)  >> ★무료카톡방★ 이제 추천주 ""무료""로 받으세요! ★무료카톡방★  ▶▶ 월0.2%대 최저금리 X 주식자금 4배 X 100%집중투자 => 부자네스탁론  [단기에 부자가 되는 방법] 상위 1%만의 강의 무료 제공 중 (pw:4560)  나에게 맞는종목추천 AI알고리즘을 찾고 싶다면? 한경 로그인만 하면 1개월 무료 체험가능  [오늘의 이슈] 급등임박! 올해 반드시 상승할 ""실시간 TOP3"" 확인하세요! ▶▶ 무료 클릭!                관련기사 한국 기술에日 '러브콜'…2500억 잭팟 터졌다 연봉 3000만원직장인…100억대 자산가 된 비결 길 하나 건넜더니…""붕어빵 한 개에 4000원?"" 음료 2잔이 230만원…관광지 '바가지'에 발칵 환자인데 생존률 100%…논란의 '암' 뭐길래    ⓒ 한국경제 & hankyung.com, 무단전재 및 재배포 금지"
218,2,"2024-01-01","16:02:08","GS, 바이오연료·水처리 등 신사업 확대 가속","나에게 맞는 종목추천 AI알고리즘을 찾고 싶다면? 한경 로그인만 하면 1개월 무료 체험가능     친환경 대체물질 개발 박차   배터리 리사이클링 라인 확장     [ 강미선 기자 ]  GS그룹은 올해를 ‘침체의 시작이자 미래를 향해 큰 걸음을 내디뎌야 할 기회의 시기’라고 규정했다. 허태수회장은 “금리, 환율, 지정학적 위험 등 사업 환경 변화는 단순한 어려움을 넘어 경기 침체의 시작일 수 있다”며 “심상치않은 세계 경제 흐름에 촉각을 세우면서 GS그룹 전반이 경각심을 가지고 비상한 대응을 해줄 것”을 당부했다.  허 회장이올해를 침체의 시작으로 규정한 것은 각종 선행지표가 하강하고 경기 침체 전조가 나타나고 있다는 판단과 함께 조직 전반에 긴장을 불어넣기 위해서다. 허 회장은 경기 침체와 사업 환경 악화를 방어적으로 대하기보다 미래 신사업을 창출하기 위한 기회로 활용하자고 강조했다. 그는 “사업 환경의 근본적인 변화나 새로운 사업 기회가 어려운 시기에 더욱 또렷하게 드러난다”며 “본격적으로 큰 걸음을 내디뎌야 할 기회의 시간”이라고 강조했다.  GS그룹은 2024년부터 이미 사업화 단계에 접어든 산업바이오, 순환경제, 전기차배터리 충전 등의 신사업을 키워 본격적인 사업 확대에 나서기로 했다. 부탄다이올(BDO) 등 친환경 석유화학 대체 물질 상업화에 박차를 가하고 플라스틱과 배터리 리사이클, 바이오연료, 전기차 배터리 충전 등의 친환경 사업 규모를 키운다는 계획이다.  먼저 GS건설은 2012년 세계적 수처리 업체인 스페인 이니마를 인수해 글로벌 담수화 수처리 업체로 도약했다. 특히 2020년 오만 수전력조달청(OPWP)으로부터약 2조원 규모의 프로젝트를 수주했다. 또 GS건설은 2021년 9월 포항 영일만4 일반산업단지 내 배터리 리사이클링 규제자유특구에서 ‘ 리튬이온 배터리 리사이클링 사업’ 착공식을 열었다. 1차로 약 1500억원을 투입해 2024년부터 상업 생산에 들어가며 단계적으로 투자를 확대할 예정이다.  GS리테일은 다년간 다채널을 통해 축적한 방대한 데이터를 기반으로 고객에게 더 나은 쇼핑 환경을 제공하고있다. 이를 위해 GS리테일은 쇼핑 플랫폼 구축과 차별화 상품 개발에 매진 중이다. GS리테일의 슈퍼마켓 GS더프레시는 2022년 요기요와 손잡고 배달앱업계 최초로 ‘요마트’를 내놨다.  강미선 기자     ▶▶[급등종목]◀◀ 지금 ""1,000만원""만 있다면 당장 ""이것"" 매수해라!! >>> (무료공개)  >> ★무료카톡방★ 이제 추천주 ""무료""로 받으세요! ★무료카톡방★  ▶▶ 월0.2%대 최저금리 X 주식자금 4배 X 100%집중투자 => 부자네스탁론  [단기에 부자가 되는 방법] 상위 1%만의 강의 무료 제공 중 (pw:4560)  나에게 맞는 종목추천 AI알고리즘을 찾고 싶다면? 한경 로그인만 하면 1개월 무료 체험가능  [오늘의 이슈] 급등임박! 올해 반드시 상승할 ""실시간 TOP3"" 확인하세요! ▶▶ 무료클릭!                관련기사 한국 기술에 日 '러브콜'…2500억 잭팟 터졌다 연봉 3000만원 직장인…100억대 자산가 된 비결 길 하나 건넜더니…""붕어빵 한 개에 4000원?"" 음료 2잔이 230만원…관광지 '바가지'에 발칵 환자인데 생존률 100%…논란의 '암' 뭐길래    ⓒ 한국경제 & hankyung.com, 무단전재 및 재배포 금지"
218,3,"2024-01-01","16:02:03","""소주값 못 내려요""…출고가 낮춰도 식당은 그대로인 이유 [현장+]","나에게 맞는 종목추천 AI알고리즘을 찾고 싶다면? 한경 로그인만 하면 1개월 무료 체험가능     식당·주점 소주값 6000원 시대  올해부터 출고가 최대 10% 하락    업주들 ""물가 인상폭·주류 마진 비중 커    불가피하게 가격 그대로 유지할 것""      ""물가가 전체적으로 다 오르다 보니 '울며 겨자 먹기'로 주류 판매에서 이익을 낼 수밖에 없어요. 그런데도 무작정 손가락질만 하시니 씁쓸합니다.""  서울 강남역 인근에서 4년째 고깃집을 운영 중인 A씨(39)는 내년 소주 출고가 인하에도 판매 가격을 내리기 힘들다며 이같이 말했다. 그는 재작년 말부터 소주를 6000원에 팔고 있다. A씨는 ""소주 출고가와 판매가가무조건 연동된다고 생각하지만, 인건비 등 대폭 오른 가게 운영비가 가격에 반영되는 것도 고려해야 한다. 그렇다고 음식값을 올리는 것은 제한적이라 우리도 답답하다""고 토로했다.  정부가 지난달 17일 소주의 과세 비율을 조정하면서 참이슬 등 소주 제품의 출고가가 새해부터 최대 10%가량 인하된다. 이에 따라 주점, 식당의 소주 판매가도 덩달아 내려갈지 여부에 관심이 쏠리고 있지만, 대다수 업주는가격을 낮추기 어렵다고 호소한다.  또 다른 식당 주인 B씨(51)는 ""하이트진로가 지난달 출고가를 올린 뒤라 내년 하락폭도그렇게 크지 않다. 현재 참이슬(360ｍL) 기준 1짝(30병) 도매가도 기존 4만7000원에서 약 10% 오른 상황이라 사실상 조삼모사""라며 ""주류 가격을 유지해서 폭리를 취하는 것이 아니라 이익을 어느 정도 보전하겠다는 것""이라고 설명했다.  프랜차이즈 주점을 운영 중인 C씨(30)는 ""연말 송년회에 맞춰 소주 15짝 등 총 주류 45짝을 대량으로 선주문했다. 평일을 제외하고 올해 남은 '대목' 5~6일에 남은 물량을 모두 소화할 예정""이라며 ""만약 해를 넘겨도 도매로 구입한 가격을 감안해 소줏값을 내릴 수 없다. 물량소진 후에도 가격을 유지할 방침""이라고 말했다.   이에 대해 한 업계 관계자는 ""요즘은 포털 사이트 검색, 배달 애플리케이션(앱)을 통해 가격을 한눈에 비교할 수 있어 음식 가격은 그대로 두고 주류에서 마진을 남기는 것""이라며 ""소주 판매가격이 3000~4000원일 때부터 이런 구조가 외식 업계에 굳어졌다""고 전했다.  그럼에도 소비자는 시중의 소주 가격을 납득하기 어렵다. 물가 인상폭이 가파른 것은 사실이지만, 소주 출고가가 변동하지 않았던 시기에도 주점과 식당들은 판매가를 올려왔기 때문이다. 실제로 참이슬 출고가가 동결됐던 2015년 11월부터 2019년 4월까지도 전국 소줏값은 지속해서 상승했다.   직장인 D씨(37)는 ""물론 물가 인상 등으로 자영업자가 힘든 상황이라지만, 솔직히 지금까지 출고가와 무관하게 500~1000원씩 술값을 올려온 것은 사실 아니냐""며 ""맛과 인테리어보다 주류 가격이 싼 식당과 주점이 친구들 사이에서 더 회자될 정도""라고 말했다.  일각에선 이 같은 현상의 원인으로 소주 등 주류가 가지고 있는 '가격 경직성'을 지적한다. 최철 숙명여대 소비자경제학과 교수는 ""인하 요인이 있음에도 소주 가격을 유지하는 것에 대해 반발심이 큰 것과 별개로 소비자는 식당에서 주류 구매를 줄이지 않는다""며 ""주류는일정 수요가 유지되므로 가격 변동폭이 적은 대표적인 품목""이라고 설명했다.  성진우 한경닷컴 기자 politpeter@hankyung.com     ▶▶[급등종목]◀◀ 지금 ""1,000만원""만 있다면 당장 ""이것"" 매수해라!! >>> (무료공개)  >> ★무료카톡방★ 이제 추천주 ""무료""로 받으세요! ★무료카톡방★  ▶▶ 월0.2%대 최저금리 X 주식자금 4배 X 100%집중투자 => 부자네스탁론  [단기에 부자가 되는 방법] 상위1%만의 강의 무료 제공 중 (pw:4560)  나에게 맞는 종목추천 AI알고리즘을 찾고 싶다면? 한경 로그인만 하면 1개월 무료 체험가능  [오늘의 이슈] 급등임박! 올해 반드시 상승할 ""실시간 TOP3"" 확인하세요! ▶▶ 무료 클릭!                관련기사 한국 기술에 日 '러브콜'…2500억 잭팟 터졌다 연봉 3000만원 직장인…100 억대 자산가 된 비결 길 하나 건넜더니…""붕어빵한 개에 4000원?"" 음료 2잔이 230만원…관광지 '바가지'에 발칵 환자인데 생존률 100%…논란의 '암' 뭐길래    ⓒ 한국경제 & hankyung.com, 무단전재및 재배포 금지"
218,4,"2024-01-01","16:02:01","중국, 올해부터 美 관광객 비자 신청 요건 완화","중국이 올해부터 미국인 관광객에 대한 비자 요건을 완화한다. 중국을 방문하는 미국 관광객은 앞으로 왕복 항공권, 호텔 예약 증명서, 여행일정 등을 제시하지 않아도 비자를 발급받을 수 있다.    12월 30일(현지 시각) AP통신에 따르면 미국 워싱턴 주재 중국 대사관은 지난달 29일 온라인 공지를 통해 내년 1월 1일부터 미국 관광객은 중국 비자 발급을 위해 왕복 항공권, 호텔 예약 증명서, 여행 일정이나 초청장 등을 제시할 필요가 없다고 밝혔다.  중국 대사관은 “비자 신청 절차 간소화는 중국과 미국 간 인적 교류를 더욱 촉진하기 위함”이라고 설명했다.  AP통신은 “중국이 3년간의 제로 코로나를 끝내고 국경을 재개방했지만, 외국인 관광객이 좀처럼 증가하지 않은 것에 따른 조치”라고 전했다.  AP통신에 따르면 올해 상반기 중국에서 외국인의 출입국 횟수는 840만 건이다. 이는 신종 코로나바이러스 감염증(코로나19) 팬데믹 이전인 2019년(9억7700만건)과 비교하면 크게 줄어든 수치다.  앞서 중국은 지난달 1일부터 프랑스, 독일, 이탈리아, 네덜란드, 스페인, 말레이시아 등 6개국에 대해 1년간 시범적으로 최대 15일간 비자 면제 시행에 나선 바 있다. 또 싱가포르와 30일간 상호 무비자 입국을 허용하기로 합의하고 내년 초부터 실시하기로 하는 등 외국인 관광객 유치에 공을 들이고 있다.  김효선 기자 hyosun@chosunbiz.com   Copyrights ⓒ ChosunBiz.com"
218,5,"2024-01-01","16:01:46","경기농협, 신년 맞이 대국민 홍보 캠페인 실시","[수원=뉴스핌] 노호근 기자 = 농협중앙회 경기농협은 새해 첫 공식 일정으로 1일 수원역 광장과 수원역사 내에서 '고향사랑기부제 신년 맞이 대국민 홍보 캠페인'을 실시했다.   1일 농협중앙회 경기농협은 첫 공식 일정으로 '고향사랑기부제 신년 맞이 대국민홍보 캠페인'을 펼쳤다. [사진=경기농협]  경기농협은 신년을 맞이해 수원역을 찾은 시민들에게 고향사랑기부제의 취지와 목적을 알리고 기부에 동참할 수 있는 계기를 만들고자 캠페인을 펼쳤다.  이날 캠페인에는 박옥래 농협중앙회 경기 총괄 본부장, 김민자 NH농협은행 경기본부장, 경기농협 임직원 30여명이 참여한 가운데, 시민들 대상으로 고향사랑기부제 홍보물(리플렛, 핫팩)을 나누어 주며 진행됐다.  지난해 1월부터 시행된 고향사랑기부제는 개인이 고향 또는 원하는 지방자치단체에 기부하면 지자체는 주민복리 등에 사용하고, 기부자에는 세제혜택과 기부액의 일정액을 답례품으로 제공할 수 있는 제도다. 고향사랑e음 누리집(ilovegohyang.go.kr)을 방문해 손쉽게 기부할 수 있으며 가까운 농협 지점에서도 기부금 기탁이 가능하다.  박옥래 농협중앙회 경기 총괄 본부장은 ""고향사랑기부제가 성공적으로 정착돼 농업·농촌에 활력을 불어넣고 국민경제의 균형발전에 이바지 할 수 있도록 농협차원의 역량을 힘껏 모아나가겠다""고 말했다.   seraro@newspim.com              저작권자(c) 글로벌리더의 지름길 종합뉴스통신사 뉴스핌(Newspim), 무단 전재-재배포 금지"
218,6,"2024-01-01","16:01:31","[마감] 중국 상해 종합 지수 +0.68% 마감 ... 2,974.935","[중국 상해 종합 지수]가 전일 대비 0.68% 상승한 2,974.935로 마감했다.   [이 기사는 증권플러스(두나무)가 자체 개발한 로봇 기자인 'C-Biz봇'이 실시간으로 작성했습니다.]  C-Biz봇  Copyrights ⓒ ChosunBiz.com"
218,7,"2024-01-01","16:00:45","이낙연 탈당·신당 창당 '초읽기'","탈당·신당 창당 기정사실화 D-100 총선은 4자 구도?     이낙연 전 더불어민주당 대표가 1일 오전 경기도 고양시 행주산성에서 열린 신년인사회에서 인사말을 하고 있다. 뉴스1 [파이낸셜뉴스] 이낙연 전 더불어민주당 대표의 탈당 후 신당 창당이 초읽기에 들어갔다. 100일 후 치러질 총선이 친윤-친명-반윤-반명 진영 간 4자 구도로 치러질 가능성이 커진 상황이다. 이 전 대표는 1일 경기도 고양시 행주산성에서 열린 신년인사회에서 “정치를 이대로 둘 수 없다”며 “국민께 양자택일이 아닌 새로운 선택지를 드려야 한다”고 말했다. 앞서 이 전 대표는 민주당의이재명 대표 사당화를 우려한다며 이 대표 사퇴·통합 비상대책위원회 구성 등을 요구해 왔다. 이 전 대표와 이 대표는 지난 12월 30일 극적으로 회동했지만 이 대표가 사퇴 등 수용 불가 입장을 전하며 결별 수순에 들어갔다. 이 전 대표는 회동 후 ""제 갈 길을 가겠다""며 새해 신당 창당 계획에 힘을 실었고 오는 4일께 이를 공식화할 것으로 알려졌다. 다만 이 전 대표는 “창당이 4일이라는 것은 날짜가 아직, 장소가 예약되지 않아 확답을 드릴 수 없다”고 말했다. ‘이낙연 신당’에 친이낙연계·비이재명계 의원들의 합류 여부도 관심사다. 일단 혁신계를 자처하는 비명계 의원 4인방(김종민, 윤영찬, 이원욱, 조응천) 원칙과상식의 탈당 가능성이 점쳐진다. 이들은 이번 주 중 최종 논의를 거친 후 탈당 등에 대한 입장을 밝힐 것으로 전해졌다. 이들 역시 이 대표가 통합 비대위 구성 요구를 끝내 거부할 경우 △잔류 △탈당 △총선 불출마 △신당 합류 중 하나의 결단을 내릴 예정이다. 다만 이들이 탈당하더라도 당장 이낙연 신당에 참여하기보다는 장외에서 어느 정도 몸을 푼 후 구체적인 정치 행보를 결정할 가능성이 있다. 이 전 대표 탈당이 기정사실로 받아들여지는 가운데 이 대표도 이 전 대표를 직접 만나면서까지 설득한 만큼 당내 통합을 위해 나름 최선을 다했다는 입장이다. 이 대표는 이날 신년사에서도 “국민 삶을 지키기 위해 민주당은 어느 때보다 크고 단단한 하나가 되겠다”며 통합을 강조했다. 박성준 민주당 대변인은 이날 SBS 라디오 ‘김태현의 정치쇼’에 나와 “(이 전 대표 등이) 이 대표 사퇴를 기본적으로 전제하는 것은 이 대표에게 굴복하라는 얘기 아니겠나”라고 지적했다. 이로써 오는 4월 총선이 국민의힘, 민주당, 이준석 신당, 이낙연 신당 간 다자 체제로 치러질 가능성이 한층 높아졌다. 이준석 전 대표가 주도하는 가칭 개혁신당은 이달 중순 창당 절차를 마무리하고 공천 작업에 들어갈 계획이다. 일각에서는 태생적인 정치 환경 등 차이를 극복하고 합리적 개혁 연대라는 명분으로 이준석-이낙연 전 대표가 뭉칠 가능성도 점쳐진다. 성사 시 '제3세력 돌풍'을 일으킬 수 있다는 분석도 있다.glemooree@fnnews.com 김해솔 기자  [파이낸셜뉴스주요뉴스]  → 100억대 위약금에 유서 쓴 이선균, 아내 전혜진에 남긴 말은... → ""혼전순결 강조하며 성관계 안한 남편, 알고 보니..."" 반전 사연 → 정대세의 폭탄 고백 ""아내와 결혼 10년 만에 이혼을..."" → 10살 연하와 결혼한 女배우 고백 ""남편이 계좌번호를..."" → 전남 광양 앞바다서 40대男 숨진 채 발견, 시신 살펴보니 → 빨간 나라로 가는 노란 티켓 [파인애플]  ▶▶[무료공개]◀◀ 지금 ""1,000 만원""만 있어도 당장 ""이것""부터 사라!! >>> (무료 체험)    ※ 저작권자 ⓒ 파이낸셜뉴스. 무단 전재-재배포 금지 "
219,1,"2024-01-01","15:50:25","터키 다르다넬레스에서 안개로 인해 배송이 중단됨 -TRT","Shipping halted on Turkey's Dardanelles due to fog -TRT  이스탄불, 1월 1일 (로이터) - 짙은 안개로 인해 월요일 터키 다르다넬스 해협 양방향의 상업 선박 운항이 중단되었다고 국영방송 TRT가 당국을 인용하여 보도했습니다.  선박 교통국은 오전 2시(일요일 2300 GMT)에 선박 운항을 중단했다고 밝혔다. 이 해협은 마르마라 해와 에게 해를 연결하며 흑해 상품을 세계 시장으로 수출하는 통로입니다.        (Reporting by Jonathan Spicer and Azra Ceylan; Editing by Kim Coghill)  jonathan.spicer@reuters.com     (c) Copyright Thomson Reuters 2020. Click For Restrictions - https://agency.reuters.com/en/copyright.html        Keywords: SHIPPING-DARDINELLES/CLOSED   원문 바로가기    DISCLAIMER  레피니티브의 사전, 서면 승인 없는 톰슨로이터 콘텐츠의 재생산이나 재배포는 금지되어 있습니다. 이 기사의 한국어 번역은 에프앤가이드가 사용하는 기계적 번역에 의한 것으로 톰슨로이터와 레피니티브는 번역의 정확성을 보증하지 않습니다."
219,2,"2024-01-01","15:49:44","버즈인디아의 NHPC, 블록딜에서 사상 최고치 경신","BUZZ-India's NHPC hits record high on block deal  ** 발전 공기업 NHPC의 주가는 4.4% 상승한 67.45루피로 사상 최고치를 기록했으며, 마지막 3.5% 상승했습니다.  ** 주당 67루피의 블록딜로 약 150만 주에 달하는 주식이 거래되었습니다.  ** 거래량: 약 2,200만 주, 30일 평균의 0.7배 수준  ** 평균적으로주식을 다루는 6명의 애널리스트가 '매수' 등급을 받았으며, 평균 PT는 58루피로 현재 가격보다 약 13% 낮습니다 - LSEG 데이터  ** 2023년 주가는 약 62.5% 상승하여 2009년 상장 이후 최고 연간 상승률을 기록했습니다.        (Reporting by Dimpal Gulwani in Bengaluru)  dimpal.gulwani@thomsonreuters.com        (c) Copyright Thomson Reuters 2020. Click For Restrictions - https://agency.reuters.com/en/copyright.html   원문 바로가기    DISCLAIMER  레피니티브의 사전, 서면 승인 없는 톰슨로이터 콘텐츠의 재생산이나 재배포는 금지되어 있습니다. 이 기사의 한국어 번역은 에프앤가이드가 사용하는 기계적 번역에 의한 것으로 톰슨로이터와 레피니티브는 번역의 정확성을 보증하지 않습니다."
219,3,"2024-01-01","15:49:38","대통령실, 尹 기자회견 여부 “국민과 어떻게 소통할 지 생각 중”","“신년 업무보고, 국민과 함께 민생 토론회 형식”   윤석열 대통령이 2024년 갑진년 새해 첫날인 1일 서울 용산 대통령실 청사에서 신년사를발표하고 있다. [연합]  [헤럴드경제=이승환 기자] 대통령실은 윤석열 대통령이 기존에 정부 부처별로 받던 신년 업무보고를 민생 토론회 형식으로 진행할 계획이라고 1일 밝혔다.  대통령실 관계자는 이날 기자들과 만나 “업무보고를대통령과 국민이 함께하는 ‘민생 토론회’ 컨셉으로 실시한다”며 일반 국민도 참여하게 된다고 설명했다.  아울러 “부처별이라기보다는 주제별로 묶어서, 또 현장성을 강화해 그 주제가 가장 잘 드러나고 더 활기차게 논의할 수 있는 현장을 찾아 진행한다”고 말했다.  기존에는 각 부처 수장이 용산 대통령실을 방문해 윤 대통령에게 비공개 업무보고를 하는 방식으로 진행됐는데,이러한 틀을 완전히 바꾸는 것이다.  이 관계자는 이달 중순에 신년 기자회견을 검토 중이냐는 질문에는 “(윤 대통령이) 국민 여러분과 어떻게 소통할 지를 생각하고 있는 것으로 안다”며 “(회견 여부에 대해) 공유할 수 있는 부분이 생기면 나중에 말하겠다”고 답했다.        ▶ 무조건 오르는 비공개 급등종목 ""반드시"" 확인하기 >> 오늘의 추천종목 정보 제공 받기 <<    ▶ 급등 임박! 반드시 상승할 ""유망 종목 TOP3"" 실시간 시세 확인하기 >> 종목 무료로 받아보기 <<    ▶ 비트코인 와르르 大폭락에 OO테마주 들썩, 상위 1% TF팀 >> 선착순 100명 급등 종목 무료제공 <<     ▶ 내 계좌 '5억'만들기 프로젝트! VIP 서비스 5일 무.료.체.험 EVENT >>보유 종목 무료분석<<        ▶ 상위 1%의 급등주 정보, 선착순 100명에게 무료로 제공 중… >>초대형 대장주 비밀리에 입수<<       ▶ 단 돈 ""만 원"" 있어도 10배 이상 터질 종목 ""지금"" 사도 무조건 터진다 >> 매일 VIP 무료추천주 <<       ▶ 아무도 몰랐던 급상승 ""VIP 히든종목"" 분석자료 선착순 무료제공!! >>최상위종목 ""시세"" 확인하기<<"
219,4,"2024-01-01","15:48:16","“야쿠르트 카트 아닌가요?” 최고혁신상 받은 120만원대·18㎏ ‘네모 스쿠터의’ 정체는 [미리 본 CES 2024]","미리보는 CES 2024… ‘모빌리티’ 혁신 제품 경연장   최고혁신상에 혼다 ‘모토콤팩토’와 대만 AUO ‘스크린’  태양광 전기차 등 국내외 스타트업 신제품도 눈길   여성 레이서가 혼다의 소형 스쿠터 모토콤팩토(motocompacto)를 타고 이동하고 있다. [아큐라 유튜브 영상 갈무리]  [헤럴드경제=김성우 기자] #. “세상에! 레이싱 장갑을 차에 두고 왔어.”  여성 레이서가 깜짝 놀라면서, 스쿠터로 달려간다. 일반적인 형태의 유선형 스쿠터가 아닌 직사각형 형태의 조그만 크기를 갖추고있다. 흡사 한국야쿠르트가 보급하고 있는 ‘야쿠르트 카트’ 코코를 닮았다. 여성 레이서는 스쿠터를 타고 시내 곳곳을 빠르게 누비며, 재빠르게 장갑을 찾아 온다. 스쿠터의 작은 부피와 휴대성이 부각되는 장면이다.  혼다의 프리미엄 브랜드 ‘아큐라’ 유튜브에 게재된 홍보 영상 내용 중 일부다. 영상 속 신개념 모빌리티의 정체는 혼다가 내놓은 ‘모토콤팩토(Motocompacto)’다.  전장 74㎝, 전폭 9㎝, 전고 54㎝의 작은 크기에 무게도 18㎏밖에 되지 않는다. 도심용 개인 전기 이동수단이라는 목적으로 개발이 이뤄졌다. 세계 최대의 가전·IT 전시회인 CES 2024에서 ‘최고 혁신상’을 수상했다.   야쿠르트 배달에 사용되는 카트 코코와 혼다의 모토콤팩토. [한국야쿠르트, 혼다 제공]   혼다의 모토콤팩토 [모토콤팩토 홈페이지 갈무리]  1일 자동차업계에 따르면 CES 2024에서는 최근 소비자 가전 업계의 트렌드를 반영해 다양한 모빌리티 제품들이 선보일 예정이다.  모토콤팩토의 수상은 향후 ‘마이크로 모빌리티’ 시장의 성장과 맥이 닿아 있다. 삼일 PwC경영연구원에 따르면 현재 전세계 마이크로모빌리티 시장 규모는 약 1800억 달러(약 232조4000억원), 오는 2030년에는 4400억 달러 규모로 상승할 것으로 예상된다.  혼다가 내놓는 모토콤팩토는 최대시속이 약 24㎞에 불과하다. 하지만 충전 속도가 빠르고 가격이 저렴해 보급이 빠를 것으로 예상된다. 110V 콘센트를 사용해 3.5시간 만에 차량을 완충할 수 있고, 1회 충전 시에는 약 19㎞를 주행할 수 있다. 가격은 955달러(약 123만3000원) 수준이다. 뛰어난 가성비가 이번 CES 2024의 최고혁신상을 수상한 비결이다.   대만 AUO사가 내놓은 '인터렉티브 투명 스크린'. [CES 2024 홈페이지]  한편 대만 기업 AUO의 ‘인터렉티브 투명 스크린’도 함께 ‘최고혁신상’을 수상한제품이다. 사이드 도어에 들어가는 차량 측면 유리에 투명도가 높은 마이크로 LED 디스플레이를 더해서, 터치 기능을 더했다.  소비자는 이를 통해 측면 유리로 다양한 엔터테인먼트 콘테츠를 즐길 수 있고, 온라인 화상회의 및 상호작용형 AR·MR을 경험할 수도 있다. 외부 카메라와 연결할 경우 하차 시 접근 차량과 주변 환경 정보도 받을 수 있다. 조수석과 2열 좌석에 탑승한 소비자에게 목적기반모빌리티(PBV) 이용 환경을 제안하는 셈이다.  삼일PwC 경영연구원은 “미래 모빌리티는 단순한 이동 수단을 넘어 개인 맞춤형 삶의 공간이 될 것을 예상된다”면서 “탑승객들이 이동 중에 필요한 서비스를 누릴 수 있도록, 앞으로는 차내 엔터테인먼트, 헬스케어, 업무 및교육 등을 구현하는 관련 기술의 고도화가 이뤄질 것으로 전망된다”고 말했다.   태양광 전기차인 ‘스쿼드 솔라 버기’ [스쿼드 모빌리티 홈페이지 갈무리]  국내외 주요 스타트업들이 내놓은 진귀한 발명품들도 CES 2024에서 대거 공개된다. 네덜란드 스타트업 스쿼드모빌리티는 태양광 전기차 신제품 ‘스쿼드 솔라 버기’를 출품한다. 루프에 내장된 태양광 전지판을 통해 차량에 에너지를 공급할 수 있는 제품이다. 미국 라스베이거스 기준 태양광 충전으로 최대 31㎞의 주행이 가능하다.  카이스트 출신 엔지니어들이 설립한 국내 스타트업 뷰런테크놀로지스도 주목을 받는다. CES 2024에서는 차세대 라이다(ADAS1) 솔루션 ‘뷰원’과 스마트 인프라 솔루션 ‘뷰투’를 선보인다. 두 기술은 실제 서울을 포함한 여러 도시에서 진행된 자율주행 솔루션 테스트를 성공적으로 수행했다.  이를 바탕으로 CES 2024에서는 ‘혁신상’을 수상했다. 4D 이미지 레이더를 구현한 기업 ‘스마트레이더 시스템’과 한화시스템 방산 연구진들이 설립한 모빌리티 자동점검 솔루션업체 ‘위플로’도 다양한 볼거리를 제공할것으로 예상된다.  자동차업계 관계자는 “소비자 가전업계에서 모빌리티 분야는 최근 가장 관심이 높아지고 있는 시장”이라면서 “많은 국내외 기관들 역시 올해 CES 핵심 테마 중 하나로 모빌리티를 꼽는 만큼 다양한 신기술들이 관람객들의 눈길을 끌 것으로예상된다”고 기대했다.        ▶ 무조건 오르는 비공개 급등종목 ""반드시"" 확인하기 >> 오늘의 추천종목 정보 제공 받기 <<    ▶ 급등 임박! 반드시 상승할 ""유망 종목 TOP3"" 실시간 시세 확인하기 >> 종목 무료로 받아보기 <<    ▶ 비트코인 와르르 大폭락에 OO테마주 들썩, 상위 1% TF팀 >> 선착순 100명 급등 종목 무료제공 <<     ▶ 내 계좌 '5억'만들기 프로젝트! VIP 서비스 5일 무.료.체.험 EVENT >>보유 종목 무료분석<<        ▶ 상위 1%의 급등주 정보, 선착순 100명에게 무료로 제공 중… >>초대형 대장주 비밀리에 입수<<       ▶ 단 돈 ""만 원"" 있어도 10배 이상 터질 종목 ""지금"" 사도 무조건 터진다 >> 매일 VIP 무료추천주 <<       ▶ 아무도 몰랐던 급상승 ""VIP 히든종목"" 분석자료 선착순 무료제공!! >>최상위종목 ""시세"" 확인하기<<"
219,5,"2024-01-01","15:47:36","덴마크 인기 여왕 마르그레테 2세, 52년 만에 깜짝 퇴위 발표","세계 현존 최장 군주·560년 만의 첫 덴마크 여왕 이유는 건강 악화…프레데릭 왕세자, 14일 왕위 계승예정 날카로운 재치와 예술적 행보로 왕실 인기 지탱       세계에서 현존하는 군주 중에 가장 오래 재위한 마르그레테 2세 덴마크 여왕(83)이 52년 만에 퇴위를 선언했다.  블룸버그통신에 따르면 마르그레테 2세 여왕은 31일(현지시간) 밤 TV방송으로 생중계된 신년사에서 건강 악화를 이유로 재위 52주년 기념일인 이달 14일 퇴위하고 왕위를 큰아들인 프레데릭 왕세자(55)에게 넘기겠다고 발표했다.  여왕은 그동안 사망할 때까지 왕위에 머물겠다고 공언했다. 이에 이날 전격 퇴위 발표에 덴마크 국민은 깜짝 놀랐다. 마르그레테 2세는 “지금이 퇴위에 적기라고 결정했다”면서 “시간이 흐르고 질병이 늘어나면 더는 예전처럼 대처할 수 없을 것”이라고 설명했다.       지난해 덴마크 왕정 1200년 역사상 가장 오래 통치한 군주 등극   마르그레테 2세 여왕은 1940년 덴마크 코펜하겐에서 태어나 1972년 1월 14일 부친 프레데릭 9세가 서거한 후 왕위에 올랐다. 가까운 친구이자 먼 사촌이었던 영국 엘리자베스 2세 여왕이 2022년 별세한 후, 마르그레테 여왕은 현존하는 세계에서 가장 오래 통치한 군주가 됐다. 또 지난해 덴마크 왕정 1200년 역사상 가장 오래 통치한 통치자에 이름을 올리기도 했다. 그는 또 마르그레테 1세 여왕 이후 560년 만의 첫 덴마크 여왕이기도 했다.   또 브루나이의 술탄인 하사날 볼키아는 마르그레테보다 더 오랫동안 통치자 직함을 가지고 있었지만, 브루나이는 1984년에야 독립했다.   유럽의 다른 왕실이 매일같이 스캔들에 휩싸인 것과 달리 여왕은 날카로운 재치와 예술적 능력으로 반세기 동안 유럽에서 가장 오래된 군주제를 잘지탱해왔다는 평가를 받고 있다고 블룸버그는 평가했다.       여왕의 인기 비결 예술적 재능ㆍ외국어 능통   여왕은 덴마크 왕실을 현대화하고 그 인기를 회복한 공로를 인정받고 있다. 지난해 10월 덴마크 TV2 방송의 여론조사에서 응답자의 78%는 “50년 뒤에도 군주제가 유지될 것”이라고 답했다. 이는 2015년의 67%에서 높아진 것이다.   인기 중 상당 부분은 여왕의재능과 예술적 행보와 관련이 있다고 뉴욕타임스(NYT)는 설명했다. 마르그레테 2세는 예술과 고고학에 관심이 많으며 독일어, 영어, 프랑스어, 스웨덴어에 능통하다. 그림, 책 삽화, 연극 의상 디자인 등 예술가로서도 활발히 활동해 여왕의 작품은 도쿄에서 워싱턴에 이르기까지 50개 이상의 박물관에 전시돼 있다.   1981년에는 가명으로 활동하며 프랑스 철학자이자 페미니스트인 ‘시몬 드 보부아르’의 저서 ‘모든 인간은 필멸자(All Men Are Mortal)’를 덴마크어로 번역했다. 예술가로서의 활동과 왕실의 의무 사이에서 균형을 맞췄다고 여겨진다.       왕 호칭 원한 부군 헨리크 왕자 때문에 골머리 앓기도   아쉬운 대목도 거론된다. 여왕이지만, 성평등을 공개적으로 지지하는 것을 거부했고, 이는 덴마크 일부 여성 인권 단체에 실망을 안겨줬다고 블룸버그는 전했다.  또 여왕은 유럽 전역의 다른 왕족들을 괴롭혔던 타블로이드 신문의 논란을 대부분 피했지만, 다른 왕실 멤버는 신문 헤드라인을 장식했다. 특히 여왕의 부군인 헨리크 왕자는 결혼 생활 마지막 몇 년 동안 자신의 역할에 대해 거듭 불평하고 ‘왕’이라는 칭호를 받았어야 한다고 말하면서 왕실을 뒤흔들었다.   2017년 헨리크 왕자는 “여왕 옆에 묻히고 싶지 않다”고 말했고, 그해 말 왕실은 “왕자가 치매를 앓고 있다”는 성명을 발표했다. 그가 2018년 사망했을 때 화장됐고, 유골 일부는 코펜하겐 근처의 왕궁 정원에 안치됐다. 나머지는 그의 뜻에 따라 덴마크 해역에 뿌려졌다.  이진영 기자(mint@etoday.co.kr)  [오늘의 핫클릭]  ●2024 주식투자 가이드…올해 증시 원톱 株인공은 ●H지수 ELS 녹인 공포의 쓰나미가 몰려온다  ●투자에 강한 경제신문 '이투데이' 증권 뉴스 ●경영정보를 전달드리는 유료 뉴스 서비스 Channel 5  ●수익률 미쳤다. 따블계좌 속출! 1억이 절실한 분은 입장!! ●[실시간] 오늘의 주요 종목 뉴스 확인하기 ●[실시간] 오늘의 특징주 살펴보기        이투데이(www.etoday.co.kr), 무단전재 및 수집, 재배포금지  프리미엄 경제신문 이투데이  "
219,6,"2024-01-01","15:47:29","세단 1위 그랜저·SUV 1위 쏘렌토…기승전‘하이브리드’로 끝났다 [2023 완성차 시장 결산]","그랜저 1~11월 HEV 판매 비중 54.6%  사상 첫 하이브리드 비중 절반 넘겨   쏘렌토 HEV 판매량, 내연기관 모델 대비 2배↑   현대차 그랜저 하이브리드 모델 외관 [현대차 제공]  [헤럴드경제=서재근 기자] 올해 국내 완성차 시장 세단·RV(레저용 차량) 부분에서 각각 판매 1위를 사실상 확정 지은 현대자동차의 그랜저와 기아의 쏘렌토가 친환경차 시장에서도 압도적인 판매량을 기록하며 존재감을 드러냈다.  31일 완성차업계에 따르면 현대차 플래그십세단 그랜저는 올해(1~11월) 국내 시장에서 모두 10만4652대가 팔리며 일찌감치 ‘올해의 베스트셀링카’로 이름을 올렸다. 2위(상용 제외)는 같은 기간 7만7743대가 팔린 기아 중형 SUV(스포츠유틸리티차량) 쏘렌토가 차지했다.  특히 두 차량 모두 하이브리드 모델의 판매량 상승세가 두드러졌다. 그랜저의 경우 올해 11월까지 전체 누적 판매량에서 하이브리드 모델이 차지하는 비중이 54.6%(5만7107대)를차지했다. 전년 동기와 비교하면 무려 198.8% 늘었다. 그랜저 판매 실적에서 하이브리드 모델 판매 비중이 과반을 차지한 것은 지난 2013년하이브리드 모델 첫 출시 이후 처음이다.  그랜저 전체 판매량에서 하이브리드 모델이 차지하는 비중은 지난 2017년 14%에서 2018년 21.7%를 기록, 처음으로 20%대를 넘어섰다. 이어 2021년 30.3%, 2022년 30.2%로 30%대까지 확대된 바 있다.  쏘렌토의 경우 하이브리드 모델의 강세가 더욱 뚜렷했다. 올해(1~11월 누적 기준) 쏘렌토 하이브리드 모델 판매 비중은 전체 판매량의 66.6%로 과반을 훌쩍 넘겼다.  그랜저와 쏘렌토 외 다른 차량에서도 하이브리드 모델의 판매량 상승세가 이어졌다. 실제로 현대차 중형세단 쏘나타 하이브리드 모델은 올해 11월까지 모두 6368대가 팔리며 전년 동기 대비 64.5%의 증가율을 기록했고, 소형 SUV 코나의 경우 1만728대로 무려 444.8%의 증가율을 보였다. 기아 대형 세단 K8 역시 하이브리드 모델(2만4240대)이 전체 판매량의 62.8%를 차지했다.   기아 중형 SUV 쏘렌토 하이브리드 모델 외관. [기아 제공]  하이브리드차는 일반적으로 휘발유 모델보다 차량 가격이 더 비싸다. 하지만 상대적으로 훨씬 더 우수한 연비 효율성으로 매년 수요가 크게 늘고 있다. 특히 국내 완성차 시장에서 비싼 차량 가격과 충전 인프라 부족, 안전성 이슈 등의 여파로 전기차 성장세가 주춤하면서 하이브리드차에 대한 관심이 더욱 커지고 있다.  완성차업계에 따르면 지난 2016년 6만2000여대 수준이었던 하이브리드차 시장 규모는 7년 만에 5배 가까이 급성장했다.  올해 1월부터 11월까지 국내에서 판매된 하이브리드차는 처음으로 30만대를 넘어서며 역대 최다 기록을 달성할 것으로 예상된다. 이는 지난해 21만1304대 대비 최소 40% 이상 늘어난 수치다. 하이브리드 시장의성장세가 12월 마지막 날까지 이어질 경우 역대 처음으로 연간 판매량 기준 하이브리드차가 경유차 판매량을 앞지를 것이란 전망도 나온다.  완성차업계 관계자는 “전세계적으로 전동화 전환이 꽤 빠른 속도로 이뤄지고 있지만, 아직은 과도기 과정”이라며 “특히 국내 시장의 경우 전기차 충전소 등 인프라 부족과 배터리 화재 및 겨울철 낮은 전비 등을 우려하는 소비자들이 아직 많아 하이브리드 선호 현상은 당분간 지속할 것으로 예상된다”고 말했다.        ▶ 무조건 오르는 비공개 급등종목 ""반드시"" 확인하기 >> 오늘의 추천종목 정보 제공 받기 <<    ▶ 급등 임박! 반드시 상승할 ""유망 종목 TOP3"" 실시간 시세 확인하기 >> 종목 무료로 받아보기 <<    ▶ 비트코인 와르르 大폭락에 OO테마주 들썩, 상위 1% TF팀 >> 선착순 100명 급등 종목 무료제공 <<     ▶ 내 계좌 '5억'만들기 프로젝트! VIP 서비스 5일 무.료.체.험 EVENT >>보유 종목 무료분석<<        ▶ 상위 1%의 급등주 정보, 선착순 100명에게 무료로 제공 중… >>초대형 대장주 비밀리에 입수<<       ▶ 단 돈 ""만 원"" 있어도 10배 이상 터질 종목 ""지금"" 사도 무조건 터진다 >> 매일 VIP 무료추천주 <<       ▶ 아무도 몰랐던 급상승 ""VIP 히든종목"" 분석자료 선착순 무료제공!! >>최상위종목 ""시세"" 확인하기<<"
219,7,"2024-01-01","15:46:04","막 오르는 모빌리티 대전…‘역대급 규모’ 현대차그룹, 인간 중심 新미래비전으로 출사표 [미리 본 CES 2024]","현대차그룹, 슈퍼널 등 7개 계열사 최대 규모   벤츠·BMW·혼다 등 글로벌 기업 대거 참여…‘신기술 경연’   현대자동차 ‘CES 2024’ 참가 티저 이미지 [현대차 제공]  [헤럴드경제=서재근 기자] 세계 최대 IT·전시회 CES 2024가 올해도 어김없이 미국 라스베이거스에서 열린다. 지난해 행사 때와 마찬가지로 글로벌 모빌리티 주요 기업들이 대거 참여해 ‘라스베이거스 오토쇼’를 방불케 하는 첨단 기술의향연을 펼칠 것으로 예상된다.  1일 완성차 업계에 따르면 오는 8일(현지시간)부터 11일까지 미국 라스베이거스 컨벤션센터에서 개최되는 CES 2024에는 전세계 모빌리티 분야 300여개 기업이 참가할 예정이다.  한국에서는 현대자동차와 기아, 현대모비스, 슈퍼널, 모셔널, 제로원, 포티투닷 등 현대차그룹 7개사가 역대 가장 큰 규모로 CES에 참가한다.  현대차는 그룹사 밸류 체인을 기반으로 완성될 수소에너지 생태계와 소프트웨어(SW) 중심의 대전환이 세상에 불러올 ‘인간 중심적’인 삶의 혁신과 미래의 청사진을 담은 브랜드 미래 비전을 제시한다.  특히 ▷수소 에너지를 통해 에너지의 불평등을 해소하고, 일상 속 긍정 변화를 촉진하면서 수소 사회로의 전환을앞당길 종합 수소 솔루션과 더불어 ▷SW와 인공지능(AI)을 기반으로 사람, 모빌리티, 데이터, 도시를 연결해 사용자 중심의 최적화된 생태계를 구축하기 위한 현대차그룹의 SW 전략과 미래 변화상을 소개할 계획이다.   기아, ‘CES 2024’ 참가 티저 이미지. [기아 제공]  기아는 지난 2019년 이후 5년 만에 CES에 참가, ‘준비된 기아가 보여줄, 모두를 위한 모빌리티’를 주제로 지속가능한 목적기반모빌리티(PBV) 솔루션의 미래 비전을 선보인다.  전시 기간인 9일부터 12일까지 라스베이거스 컨벤션 센터에부스를 차리고 ▷PBV 콘셉트카 3대를 비롯해 ▷대형 PBV 콘셉트카 1대 ▷소형PBV 콘셉트카 1대 등 총 3종의 PBV에서 5대의 PBV 라인업을 최초로 공개할 계획이다.   슈퍼널이 공개할 예정인 신형 UAM 기체 디자인 일부. [현대차그룹 제공]  현대차그룹의 미국 도심항공모빌리티(UAM) 법인 슈퍼널도 이번 CES에 최초로 참가해 신형 UAM 기체의 티저 이미지와 미래 AAM(미래항공모빌리티) 생태계 구축 전략을 제시한다.  슈퍼널의 AAM 전략 발표에는 기체 운영을 비롯해 UAM의 공항 역할을 하는 버티포트 등 AAM 생태계 전반에서 슈퍼널과 현대차그룹이 담당하고자 하는 역할에 대한 내용이 담길 전망이다.  특히 슈퍼널은 오는 2028년 상용화를 목표로 개발 중인 UAM 기체의 디자인을 공개하고 실제 크기의 기체를 전시할 예정이다. 기체의 디자인과 스타일링은 슈퍼널과 현대차·기아 글로벌디자인본부의긴밀한 협업을 통해 완성됐다.  현대모비스는 차량용 ‘투명 디스플레이’ 기술을 세계 최초로 공개한다. 차량용 ‘롤러블 디스플레이’와 ‘스위블 디스플레이’를 필두로 OLED급 성능을 LCD로 구현한 ‘QL 디스플레이’, ‘3D 디스플레이‘ 등 고부가가치 첨단 기술이 집약된 ‘혁신 디스플레이’ 시리즈를 대거 선보인다.   현대모비스가 개발한 투명디스플레이. [현대모비스 제공]  역시 CES에 첫 참가하는 현대차그룹의 글로벌소프트웨어센터 포티투닷은 SDV(SW 중심의 자동차) 방향성과 현재 개발 중인 실증 기술을 선보인다. 자동차를 다양한 상황 속에서 끊임없이 학습하고, 경험을 축적하면서 계속성장해나가는 데이터 머신으로 정의한 포티투닷은 이번 전시회에서 SDV 운영체계(OS) 솔루션도 공개한다.  이외에도 메르세데스-벤츠와 BMW,혼다 등 글로벌 완성차 기업들 역시 CES 2024에 대거 참가해 미래 모빌리티 기술력을 뽐낸다. 벤츠는 AI(인공지능) 기반으로 직관적 경험을제공하는 ‘MBUX 가상 어시스턴트’ 시스템을 공개하고, BMW는 SW를 활용한 첨단 편의사양 기술을 공개할 예정이다.  혼다는전기 SUV(스포츠유틸리티차량)를 포함해 신규 전동화 모델 시리즈를 공개한다. CES 2023에서 신형 전기차 ‘VF6’와 ‘VF7’을 공개해 관람객들의 이목을 끈 베트남 완성차 제조사 빈패스트도 2년 연속 참가해 다양한 콘셉트카를 선보일 것으로 예상된다.        ▶ 무조건 오르는 비공개 급등종목 ""반드시"" 확인하기 >> 오늘의 추천종목 정보 제공 받기 <<    ▶ 급등 임박! 반드시 상승할 ""유망 종목 TOP3"" 실시간 시세 확인하기 >> 종목 무료로 받아보기 <<    ▶ 비트코인 와르르 大폭락에 OO테마주 들썩, 상위 1% TF팀 >> 선착순 100명 급등 종목 무료제공 <<     ▶ 내 계좌 '5억'만들기 프로젝트! VIP 서비스 5일 무.료.체.험 EVENT >>보유 종목 무료분석<<        ▶ 상위 1%의 급등주 정보, 선착순 100명에게 무료로 제공 중… >>초대형 대장주 비밀리에 입수<<       ▶ 단 돈 ""만 원"" 있어도 10배 이상 터질 종목 ""지금"" 사도 무조건 터진다 >> 매일 VIP 무료추천주 <<       ▶ 아무도 몰랐던 급상승 ""VIP 히든종목"" 분석자료 선착순 무료제공!! >>최상위종목 ""시세"" 확인하기<<"
220,1,"2024-01-01","15:36:12","OTT 요금 올라…아끼는 법은? 요금인상 막을 대안은 없나","- 유튜브 프리미엄 43%, 디즈니+ 40%, 티빙 20% 인상 - 'T우주', '초이스 베이직', '프리미어 슈퍼' 이전 요금 가능 - 통신결합상품도상반기 중 요금인상 불가피 - 규제 사각지대 OTT..요금 감독받게 '시청자미디어법' 해야    2024년 신년운세 토정비결 사주 확인!  [이데일리 김현아 기자]   OTT 서비스들    온라인동영상서비스(OTT) 요금이 급격하게 오르고 있다. 유튜브 프리미엄은 43% 인상, 디즈니플러스는 광고 없는 요금제를 40% 올렸으며, 티빙도 기본요금을 약 20% 인상했다. 넷플릭스는 광고 없는 가장 저렴한 상품(월 9500원)의 판매를 중단했다.  이에 따라 ‘스트림플레이션(스트리밍+인플레이션)’이라는 신조어까지 등장하고 있다. 쿠팡플레이, 웨이브, 왓챠는 요금 인상에 동참하지 않았지만, 조만간 이뤄질 가능성이 크다.  OTT 요금이 계속해 상승하는 가운데, 이용자들이 요금을 절약하려면 통신사 결합 상품 가입을 고려할 만 하다. 그러나 상반기 중 예전 기업 간 계약이 종료될 것으로 전해져, 급격한 OTT 요금 상승을 막는 근본적인 대안이 되긴 어렵다. 이에 따라 정부가 OTT 요금에 대한 감독 권한을 강화해야 한다는 지적이다.     [이데일리 이미나 기자]    일단 결합상품 쓰세요  1일업계에 따르면 한 달에 1만 450원에서 1만 4900원으로 오른 유튜브 프리미엄을 통신사 결합상품을 통해 저렴하게 이용할 길은 열려 있다.  SK텔레콤의 구독 서비스인 ‘T우주(우주패스life)’에 가입하면 월 9900원에 유튜브 프리미엄을 무료로 이용할 수 있으며, 이에 더해 카카오웹툰(3000캐시), 카카오페이지(3000캐시), 배스킨라빈스 싱글레귤러 교환권 1장, 메가MGC커피 아메리카노(HOT) 무료 쿠폰 2장 등(첫달 할인 미적용) 중 하나를 선택해 혜택을 누릴 수 있다.  KT와 LG유플러스 고객도 데이터를 무제한으로 사용하는 경우, 결합상품을 고려할만 하다. KT의 ‘유튜브 프리미엄 초이스 베이직(월 9만원)’은 유튜브 프리미엄, 로밍 데이터 무제한, VIP멤버십, 데이터 쉐어링(1회선 무료), 스마트기기/테더링 공유데이터 40GB 추가 등의 혜택을 제공한다. 약정할인(25% 요금할인)으로 가입하면 월 6만 7500원에 1만 4900원 하는유튜브 프리미엄을 이용할 수 있는 셈이다.  LG유플러스의 ‘5G 프리미어 슈퍼’ 요금제(월 11만 5000원)는 약정할인으로 월 8만 6250 원에 가입하면 넷플릭스 베이직(월 9500원)과 가격이 오른 유튜브 프리미엄을 함께 이용할 수 있다.  그러나, OTT 통신 결합상품 혜택이 얼마나 지속할 지는 미지수다. 통신사 관계자는 “OTT사들이 요금을 올리기 하루 전 통보했다”며 “이전 요금 기준 계약이 얼마 남지 않아 결합요금제 인상이 불가피하다. 밑지고 팔 수는 없지 않느냐”고 했다.     허욱 (사)사회적가치경영연구원 연구위원(전 방송통신위원회 부위원장) 사진=이데일리 DB    ◇요금 신고제 가능한 시청각미디어서비스법 만들어야  OTT가 IPTV·케이블TV 같은 유료방송과 경쟁하는 상황에서, 이제는 OTT에 법적 근거를 부여해 정부의 관리 감독을 받게 해야 한다는 지적이 나온다.  지난 2022년 방송통신위원회는 ‘시청각 미디어 서비스법’을 통해 OTT를 미디어로 규제하려 했으나, 업계 반발과 정쟁으로 불발됐다.   당시 ‘시청각미디어서비스법’을 추진했던 허욱 (사)사회적가치경영연구원 연구위원(전 방송통신위원회 부위원장)은 이데일리와의 통화에서 “실질적으로 유료방송과 경쟁하는 OTT를 시청각미디어 법제에 포함했으면 지금처럼 급박한 요금 인상을 독자적으로 하기는 어려웠을 것”이라며 “특히 사회적 약자를 배려하는 요금제도 가능했을 수 있다”고 했다.   그는 “현재 유료방송요금제가 신고제인 상황인데, OTT 역시 요금 신고제 의무를 뒀다면 적어도 정부가 한 번쯤 스크린 할 수 있었을 것”이라고 아쉬워했다.  22대 국회에서는 OTT를 미디어 법제에 포함하는 ‘시청각미디어서비스법’ 같은 통합법안이 마련돼야 한다는 지적이 커지고 있다.  방송계 관계자는 “방통위가 전기통신사업법으로 고지의무 위반 여부 등을 들여다 보지만, OTT는 한 달 전 고지해야 하는 통신이나 요금을 신고해야 하는 유료방송과 달리 규제의 사각지대”라면서 “OTT를 빨리 법의 틀 속으로 가져와야 한다”고 했다.  한편 방통위 ‘2023 방송매체 이용행태조사’에 따르면 OTT 이용률은 77.0%로 전년(72.0%) 대비 5.0%p 증가했으나, 주 5일 이상 TV수상기를 이용한 비율은 71.4%로전년(75.5%)보다 감소했다. 주로 이용하는 OTT는 유튜브 71.0%, 넷플릭스 35.7%, 티빙 9.1%, 쿠팡플레이 6.3% 순이었다.     ▶▶[무료공개]◀◀ 지금 ""1,000만원""만 있어도 당장 ""이것""부터 사라!! >>> (무료체험)  [AI분석] 이번주 급등주 찾기!! ""500만원으로 20억"" 버는 종목공개!! ▶무료로 확인가능◀     ＜ⓒ종합 경제정보 미디어 이데일리 - 무단전재 & 재배포 금지＞    "
220,2,"2024-01-01","15:36:07","'2000만원대 전기차' 몰려온다..올해 국내 보급형 모델 살펴보니","국내외 車업체, 중저가 전기차 출시 예고    기아 EV3 콘셉트. 기아 제공      기아 EV4 콘셉트. 기아 제공  [파이낸셜뉴스] '푸른 용의 해'인 2024년 갑진년은 국내 전기차 보급의 원년이 될 것으로 보인다. 국내외 자동차 업체들이 가격을 낮춘 보급형 전기차를 잇달아 내놓을 예정이기 때문이다. 1일 관련 업계에 따르면 현대차는 올해 상반기 중으로 국내 시장에 캐스퍼 일렉트릭을 선보일 계획이다. 캐스퍼 일렉트릭은 경형 스포츠유틸리티차(SUV) 캐스퍼의 전기차 모델로 광주글로벌모터스(GGM)가 위탁생산하고, 판매는 현대차가 맡는다. 앞서 지난해 먼저 출시된 기아 레이 EV는 보조금을 받으면 2000만원대로 구매할 수 있는데 캐스퍼 일렉트릭도 리튬인산철(LFP) 배터리를 탑재해 가격을 낮출 것으로 관측된다. 동희오토가 위탁생산하고 기아가 판매하는 레이 EV는 이른바가성비를 무기로 출시 이후 월 1000대 이상의 판매고를 올리며 큰 인기를 누리고 있다. 기아는 올해 상반기와 하반기에 각각 중소형 전기차 EV3와 EV4를 차례대로 시장에 출시한다. 특히 EV3와 EV4 모두 보조금을 포함해 3000만원대로 구매할 수 있도록 가격을 낮춰 판매 대수를 최대한 늘리겠다는 전략을 세웠다. 최근 전기차 시장의 성장세가 주춤하자 미국 테슬라를 중심으로 가격 인하 움직임이 거세지며 경쟁이 치열해지고 있는데, 기아도 보급형 전기차를 전면에 내세워 맞불 작전에 나서는 모양새다. 이 밖에 KG모빌리티는 준중형 SUV 코란도 이모션의 상품성을 개선해 코란도 EV로 바꾸고 올 상반기 출시할 예정이다. 아울러 첫 전기 픽업트럭인 O100도 연내 시장에 투입된다. 한국GM은쉐보레 이쿼녹스EV를 수입해 국내에 판매하는 방안을 검토하고 있다.   소형 전기 SUV 볼보 EX30. 볼보자동차코리아 제공  수입차도 가격을 낮춘 보급형 전기차를 연이어 내놓고 있다. 볼보는 소형 전기 SUV EX30의 고객 인도를 올 상반기부터 시작한다. EX30은 보조금을 포함한 실구매가를 4000만원대까지 낮췄는데 작년 11월 실시한 사전계약에서 이틀 만에 1000대 이상의 계약 실적을 올렸다. 업계 관계자는 ""2023년에는 국내 시장에서 전기차 성장세가 다소 주춤했지만 올해는 국내외 업체들이 중저가 전기차 출시를 예고하고 있어 전기차 보급이 다시 늘어날 것으로 예상하고 있다""고 말했다.  cjk@fnnews.com 최종근 기자  [파이낸셜뉴스 주요뉴스]  → 100억대 위약금에 유서 쓴 이선균, 아내 전혜진에 남긴 말은... → ""혼전순결 강조하며 성관계 안한 남편, 알고 보니..."" 반전 사연 → 정대세의 폭탄 고백 ""아내와 결혼 10년 만에 이혼을..."" → 10살 연하와 결혼한 女배우 고백 ""남편이 계좌번호를..."" → 전남 광양 앞바다서 40대男 숨진 채 발견, 시신 살펴보니 → '주린이'가 먹어야 할 과일은? [파인애플]  ▶▶[무료공개]◀◀ 지금 ""1,000만원""만 있어도 당장 ""이것""부터 사라!! >>> (무료 체험)    ※ 저작권자 ⓒ 파이낸셜뉴스. 무단 전재-재배포 금지 "
220,3,"2024-01-01","15:35:57","“SF 이정후 신인왕 가능” MLB닷컴, 2024시즌 30개팀 전망","SF 이정후(아래 가운데)가 2024시즌 신인왕 후보로 거론됐다. [MLB닷컴 홈페이지]  [헤럴드경제=김성진 기자] “샌프란시스코는 2010년 버스터 포지 이후 14년만에 신인왕을 배출할 수 있으며 이정후, 카일 해리슨 등을 후보로 꼽는다”.  지난해 말 포스팅을 통해 메이저리그 샌프란시스코(SF)와 1억1300만달러의 초대형 계약을 맺은 이정후가 2024시즌 신인왕 경쟁자로거론됐다.   메이저리그 공식 홈페이지인 MLB닷컴은 1일 2024시즌 30개구단의 긍정적인 예측을 한가지씩 전하며 SF는 신인왕 후보를 배출할 가능성이 높다고 소개했다.   MLB닷컴은 “자이언츠는 2010년 포지 이후 신인왕이 없었지만 지난해 12명의 신인을 영입했고이들이 예상대로 발전한다면 이정후, 투수 카일 해리슨, 유격수 마르코 루치아노 등이 신인왕 후보가 될 만하다”고 전했다.   MLB닷컴은 이 전망기사의 메인 이미지로 30개 구단 중 주요 선수 6명을 합성한 사진을 게재하며 이정후도 그에 포함시켜 눈길을 끌었다.   김하성의 소속 팀 샌디에이고에 대해서는 “지난해 1점차 승부에서 9승23패에 그치는 등 접전에 약점을 보이며 82승80패에 그쳤지만 올해는 더 많은 승리를 거둘 것”이라고 예상했다.  또 무려 7억달러에 오타니 쇼헤이를 영입한 LA 다저스에 대해선 “값비싼선수들이 많았던 팀이지만 7억달러(오타니)의 선수를 보유한 적은 없다. 가는 곳마다 관중을 끌어모으는 오타니가 타석과 마운드에 서는 모습을 상상해보라”며 기대를 표했다.   또 아메리칸리그 MVP는 텍사스의 코리 시거와 휴스턴의 요단 알바레스, 시애틀의 훌리오 로드리게스 등이 경쟁할 것으로 전망했다. 매년 강력한 MVP 후보인 LA 에인절스의 오타니가 내셔널리그 다저스로 떠났기 때문에 경쟁이 치열해졌다는 뜻이다.         ▶ 무조건 오르는 비공개 급등종목 ""반드시"" 확인하기 >> 오늘의 추천종목 정보 제공 받기 <<    ▶ 급등 임박! 반드시 상승할 ""유망 종목 TOP3"" 실시간 시세 확인하기 >> 종목 무료로 받아보기 <<    ▶ 비트코인 와르르 大폭락에 OO테마주 들썩, 상위 1% TF팀 >> 선착순 100명 급등 종목 무료제공 <<     ▶ 내 계좌 '5억'만들기 프로젝트! VIP 서비스 5일 무.료.체.험 EVENT >>보유 종목 무료분석<<        ▶ 상위 1%의 급등주 정보, 선착순 100명에게 무료로 제공 중… >>초대형 대장주 비밀리에 입수<<       ▶ 단 돈 ""만 원"" 있어도 10배 이상 터질 종목 ""지금"" 사도 무조건 터진다 >> 매일 VIP 무료추천주 <<       ▶ 아무도 몰랐던 급상승 ""VIP 히든종목"" 분석자료 선착순 무료제공!! >>최상위종목 ""시세"" 확인하기<<"
220,4,"2024-01-01","15:35:50","소방장비 등록부터 폐기까지…시스템 고도화로 실시간 관리","[123RF]  [헤럴드경제=이태형 기자]소방 장비의 등록부터 폐기까지 체계적이고 종합적으로 관리할 수있는 ‘소방장비관리시스템’이 가동된다.  소방처은 지난해 12월 소방장비관리시스템의 고도화를 완료해 이달 말부터 시범운영을 시작하고, 3월에는 본격적으로 가동한다고 1일 밝혔다.  기존 소방장비관리시스템의 성능을 향상하기 위해 전산장비를 교체·증설했고, 국가재난관리시스템(NDMS)으로부터 시스템을 분리해 안정적인 시스템 운영을 도모했다.  또 검색 및 통계기능을 강화해 전국의 소방 장비 현황을 실시간으로 파악하고, 대형재난 발생 시 필요한 소방 장비를 효율적으로 동원할 수 있도록 했다.  김승룡 소방청장비기술국장은 “올바른 장비 관리는 현장 대응력 향상과 국민의 안전, 나아가 소방대원의 안전에 직접적인 영향을 미친다”며 “개선된 장비관리시스템을 통한 효율적이고 체계적인 장비 관리로 현장 대원의 안전은 물론 국가의 재난대응 능력 또한 향상될 것을 기대한다”고 말했다.        ▶ 무조건 오르는 비공개 급등종목 ""반드시"" 확인하기 >> 오늘의 추천종목 정보 제공 받기 <<    ▶ 급등 임박! 반드시 상승할 ""유망 종목 TOP3"" 실시간 시세 확인하기 >> 종목 무료로 받아보기 <<    ▶ 비트코인 와르르 大폭락에 OO테마주 들썩, 상위 1% TF팀 >> 선착순 100명 급등 종목 무료제공 <<     ▶ 내 계좌 '5억'만들기 프로젝트! VIP 서비스 5일 무.료.체.험 EVENT >>보유 종목 무료분석<<        ▶ 상위 1%의 급등주 정보, 선착순 100명에게 무료로 제공 중… >>초대형 대장주 비밀리에 입수<<       ▶ 단 돈 ""만 원"" 있어도 10배 이상 터질 종목 ""지금"" 사도 무조건 터진다 >> 매일 VIP 무료추천주 <<       ▶ 아무도 몰랐던 급상승 ""VIP 히든종목"" 분석자료 선착순 무료제공!! >>최상위종목 ""시세"" 확인하기<<"
220,5,"2024-01-01","15:35:48","尹 신년사 ""진정한 민생 추진..패거리 카르텔 타파""","윤 대통령 신년사 발표 ""이념에 기반 둔 패거리 카르텔 타파"" ""노동·교육·연금 3대 구조개혁"" ""문제 해결을 위해 행동하는 정부될 것"" 현충원 참배 뒤에도 '국민만 바라보며 민생경제 매진'     윤석열 대통령이 2024년 갑진년 새해 첫날인 1일 서울용산 대통령실 청사에서 신년사를 발표하고 있다.  [대통령실 제공] 연합뉴스  [파이낸셜뉴스] 윤석열 대통령은 집권 3년차를 맞은 새해 첫날 1일 신년사를 통해 ""국민의 삶을 변화시키는 진정한 민생정책을 추진하겠다""고 밝혔다. 특히 이권과 이념에 기반을 둔 '패거리 카르텔 타파'와 노동·교육·연금 3대 구조개혁 의지를 다시 한번 강조한 윤 대통령은 '문제 해결을 위해 행동하는 정부'를 강조했다. 사회 곳곳에 도사린 채 선의의 경쟁을 좀먹고 있는 부조리 카르텔을 혁파해 적극적인 현장 행정으로 개혁의 완성도를 높여 민생안정을 도모하겠다는 뜻으로 풀이된다.▶관련기사 2면  일각에선 윤 대통령이 강조한 이권과 이념에 기반을 둔 패거리 카르텔의 경우 노동시장의 왜곡을 비롯해 당내 상당수 의원이 운동권 출신인 더불어민주당을 정조준한 게 아니냐는 관측이 나온다. 올 4월 총선정국에서 집권 여당의 승리를 토대로 집권 3년차에 국정 성과를 도출함으로써 경제회복과 민생안정을 위한 국정수행에 방점을 찍겠다는 점을 우회적으로 강조했다는 분석도 제기된다.  윤 대통령은 이날 서울 용산 청사에서 생중계로 발표한 신년사를 통해 ""자기들만의 이권과 이념에 기반을 둔 패거리 카르텔을 반드시 타파하겠다""면서 이같이 말했다.  정부 출범 뒤 이권 카르텔·정부 보조금 부정 사용·특정 산업 독과점 폐해 척결 작업을 일관되게 추진했음을 언급한 윤 대통령은 ""모든 국민이 공정한 기회를 누리도록 할 것""이라며 ""부패한 패거리 카르텔과 싸우지 않고는 진정 국민을 위한 개혁이 불가능하기 때문""이라고 설명했다. 올해 총선을 앞두고 이념에 기반한 패거리 카르텔을 겨냥한 것을두고 대통령실 관계자는 ""이념에 너무 경도돼 법 테두리를 넘어 자신의 이권만을 챙기려는 세력들이 있다면 그 또한 타파해야 된다는 취지""라고 부연했다. 지난해와 마찬가지로 한국 경제의 지속적 성장을 위해 윤 대통령은 ""노동, 교육, 연금의 3대 구조개혁을흔들림 없이 추진해야 한다""고 거듭 강조했다. 유연근무·재택근무 등 다양한 근무 형태 도입과 노동시장 유연화 등으로 노동개혁을 추진하고, 초등학교 돌봄교육 강화·교권 정상화·대학 혁신 등의 교육개혁은 물론, 연금개혁도 국회 공론화 과정에서적극 참여하겠다는 의지를 보였다. 저출산 정책과 관련, 윤 대통령은 기존의 교육정책, 돌봄정책, 복지정책, 주거정책, 고용정책이 근본적인 해법이 되지 못함을 지적하면서 ""우리 사회의 불필요한 과잉 경쟁을 개선하는 것이 매우 중요하다""고 말해, 다른 대안을 준비하고 있음을 시사했다. 이외에도 윤 대통령은 구체적인 민생 정책으로 가계부채 리스크 관리와 재건축·재개발 사업 절차 재검토등을 통한 주택공급 확대, 킬러규제 혁파 등을 추진하겠다고 강조했다. 앞서 윤 대통령은 갑진년 새해를 맞아 국립현충원 참배로 첫 일정을 시작한 자리에서도 방명록에 '국민만 바라보며 민생경제에 매진하겠습니다'라고 적어, 집권 3년차 국정 방향으로 민생경제에 집중할 것임을 밝혔다. 윤석열 정부 2기 내각과 2기 대통령실 참모진들과 함께 현충원 참배를 마친 윤 대통령은 참석자들과 함께 조찬을 함께 한자리에서도 민생을 강조했다. 윤 대통령은 청사에서 가진 조찬에서 ""지난해 고금리 고물가 고유가로 경제가 어려웠으나 건전재정기조를 유지해 경제적 성과를 달성할 수 있었다""며 ""올해는 문제가 생기면 즉각 해결하고 민생에 깊이 파고들어야 한다""고 당부했다고 김수경 대통령실 대변인이 브리핑을 통해 전했다.    hjkim01@fnnews.com 김학재 김윤호 기자   [파이낸셜뉴스 주요뉴스]  → 100억대 위약금에 유서 쓴 이선균, 아내 전혜진에 남긴 말은... → ""혼전순결 강조하며 성관계 안한 남편, 알고 보니..."" 반전 사연 → 정대세의 폭탄 고백 ""아내와 결혼 10년 만에 이혼을..."" → 10살 연하와 결혼한 女배우 고백 ""남편이 계좌번호를..."" → 전남 광양 앞바다서 40대男 숨진 채 발견, 시신 살펴보니 →'주린이'가 먹어야 할 과일은? [파인애플]  ▶▶[무료공개]◀◀ 지금 ""1,000만원""만 있어도 당장 ""이것""부터 사라!! >>> (무료 체험)    ※ 저작권자 ⓒ 파이낸셜뉴스. 무단 전재-재배포 금지 "
220,6,"2024-01-01","15:35:46","""내 딸이 강남서 룸살롱하는데…"" 사기 금액만 196억, 감방行","나에게 맞는 종목추천 AI알고리즘을 찾고 싶다면? 한경 로그인만 하면 1개월 무료 체험가능       고수익을 보장해준다고 숙여 투자자들로부터 196억원이 넘는 돈을 편취한 60대에게 실형이 선고됐다.   1일 법조계에 따르면 서울서부지방법원 제12형사부(재판장 권성수)는 특정경제범죄가중처벌 등에 관한 법률 위반(사기) 혐의로 기소된 60대 여성 A씨에게 징역 5년을 선고했다.  A씨는 ""내 딸과 사위가 강남에서 유흥업소(룸살롱)를 운영하는데, 여종업원들에게 돈을 빌려주고 높은 이자를 받고 있다""며 ""돈을 맡기면 그 돈을 여종업원들에게 빌려줘 원금과 10% 이자를 지급하겠다""고 말하는 방식으로 피해자들을 속인 혐의다. 또한 다른 피해자에게는 ""마담, 기업체 회장들에게 돈을 빌려주고 있다""고 거짓말을 하면서 손을 빌린 것으로 알려졌다.   이를 통해 A씨가 11명에게 편취한 금액은 196억원이 넘는 것으로 파악됐다. 한 피해자로부터는 1269회에 걸쳐 총 90억7965만원을, 또 다른 피해자로부터는 1284회에 걸쳐 총 79억8600만원 건네받은 것으로 알려졌다.  대부업을 한다고 거짓말을 해서 돈을 뜯어냈다는 혐의도 받았다. A씨는 ""사채시장에 투자하는데 돈을 빌려주면 원금과 20%의 이자를 지급하겠다""고 투자자들에게 제안했지만, 이도 거짓이었다. 또한 A씨의 딸은 유흥업소를 운영하지도 않았다.   A씨는 사기 범행으로 징역형 등을 포함한 수차례의 전과가 이미 있었으며, 재판을 받던 중에도 범행을 반복한 것으로 알려졌다. 기존 피해자들의 빚 독촉에 다른 피해자에게 접근해 돈을 빌려 갚은 '돌려막기' 방식으로 범죄를 저지른 것으로 파악됐다.   재판부는 ""동종 범죄로 인한 누범기간 중이거나 같은 수법의 사기 범행으로 재판을 받고 있던 중에도 동일한 방법으로범행을 계속 저질렀다는 점에서 그 비난가능성이 크다""고 양형 이유를 설명했다.   김소연 한경닷컴 기자 sue123@hankyung.com     ▶▶[급등종목]◀◀ 지금 ""1,000만원""만 있다면 당장 ""이것"" 매수해라!! >>> (무료공개)  >> ★무료카톡방★ 이제 추천주 ""무료""로 받으세요! ★무료카톡방★  ▶▶ 월0.2%대 최저금리 X 주식자금 4배 X 100%집중투자 => 부자네스탁론  [단기에 부자가 되는 방법] 상위1%만의 강의 무료 제공 중 (pw:4560)  나에게 맞는 종목추천 AI알고리즘을 찾고 싶다면? 한경 로그인만 하면 1개월 무료 체험가능  [오늘의 이슈] 급등임박! 올해 반드시 상승할 ""실시간 TOP3"" 확인하세요! ▶▶ 무료 클릭!                관련기사 한국 기술에 日 '러브콜'…2500억 잭팟 터졌다 연봉 3000만원 직장인…100 억대 자산가 된 비결 길 하나 건넜더니…""붕어빵한 개에 4000원?"" 음료 2잔이 230만원…관광지 '바가지'에 발칵 환자인데 생존률 100%…논란의 '암' 뭐길래    ⓒ 한국경제 & hankyung.com, 무단전재및 재배포 금지"
220,7,"2024-01-01","15:35:18","요약-프라카시 산업, 차티스가르주 산림청에 2억3250만 루피 지불","BRIEF-Prakash Industries Made Payment Of 232.5 Mln Rupees To Forest Department, Chhattisgarh  1월 1일(로이터) - 프라카시 인더스트리(Prakash Industries Ltd) :  차티스가르주 산림청에 2억3250만 루피를 지불했습니다.   이번 분기에 실행될 것으로 보이는 바스카파라 상업용 채굴 임대차   바스카파라 상업용 탄광에 사용될 전용 산림 토지의 순 현재 가치에 대한 지불금      Further company coverage:      Reuters.Briefs@thomsonreuters.com        (c) Copyright Thomson Reuters 2020. Click For Restrictions - https://agency.reuters.com/en/copyright.html   원문 바로가기    DISCLAIMER  레피니티브의 사전, 서면 승인 없는 톰슨로이터 콘텐츠의 재생산이나 재배포는 금지되어 있습니다. 이 기사의 한국어 번역은 에프앤가이드가 사용하는 기계적 번역에 의한 것으로 톰슨로이터와 레피니티브는 번역의 정확성을 보증하지 않습니다."
