page,row,date,time,title,body
165,5,"2018-06-07","08:59:51","[사법농단 파문] ‘통상임금 판결’도 청와대에 보고한 대법원","▲윤병태씨 별세, 윤지호(이베스트투자증권 리서치본부장)씨 부친상 =7일 오전 연세대학교 세브란스병원 연세장례식장 7호실 발인 9일 오전7 시(02)2227-7500    ▶▶ 2018년 정부 정책 수혜주 TOP 10 大공개! (바로 확인)  ▶▶ 재료노출 임박한 상위1%의 극비정보 30 명한정 공개(무료)    [ⓒ 서울경제, 무단 전재 및 재배포 금지]"
165,6,"2018-06-07","08:59:47","NH농협금융지주, 현충일 휴일 반납하고 농촌 일손돕기","[머니투데이 이학렬 기자]   NH농협금융지주는 본격적인 영농기를 맞아 지난 6일 임직원 봉사단 30여명이 경기도 의정부시 자일동 귀락마을을 방문해 부족한 일손을 도왔다고 7일 밝혔다.   홍재은 농협금융 상무와 사업전략부문 직원들은 현충일 휴일을 반납하고 귀락마을을 방문, 환경정화 활동과 제초작업 등 농가의 부족한 일손을 도우며 마음속에 농심(農心)을 심었다.   홍 상무는 ""올해 들어서 4번째 농협금융지주 농촌일손돕기를 진행하고 있으며 앞으로도 농가소득 5000만원 달성을 위해 기회가 닿는 대로 농촌의 부족한 일손을 돕겠다""고 말했다.   한편 농협금융은 농협중앙회의 '범농협 농촌일손돕기' 운동에 적극 동참하기 위해 농협은행을 비롯한 7개 금융계열사가 농가의 부족한 일손을 돕고 농촌과의 교류를 활성화 하는 등 농촌 지역사회를 위한 다양한 활동들을 전개하고 있다.      주식담보대출도 이제 부담없는 금리로 가능(안내: 02-3775-1497)   ▶▶ 2018년! 하반기를 뜨겁게 달굴 ""급등 유력株"" TOP.10 긴급공개 (클릭)   ▶▶ 단독! 정책+수급+실적 3박자를 두루 갖춘 TOP 시크릿 급등 유망주 지금 공개 (클릭)     [파워 인터뷰]      [관련기사] ☞ '김정은 전용기 추락'…고사 지내는 日 우익들 ☞ 25년전 ""마누라 빼고 다 바꿔라"" 외쳤던 삼성, 올해는… ☞ [MT리포트]분양시장에 몰린 돈…'로또청약'의 실상 ☞ 제넥신, 오해에서 빚어진 참극 '저점 매수' 기회-하나  ☞ [사진]김문수 후보 유세차, 중앙선 넘어 역주행      주식매입자금? 전화 한통화면 당신은 스마트컨슈머!    최저금리로 신용·미수 대환 하는 가장 경제적인 방법 (바로 확인)   ‘개미’말고 ‘슈퍼 투자자’되고 싶다면?...‘이것’만 잘 이용해도 가능해요!       이학렬 기자 tootsie@    <저작권자 ⓒ '돈이 보이는 리얼타임 뉴스' 머니투데이, 무단전재 및 재배포 금지>"
165,7,"2018-06-07","08:59:38","갈수록 뜨거워질 韓 증시…투자금 부족으로 고민 중이라면?","국내 증시가 뜨거워질 것이라는 전망이 나왔다. 남북 정상회담에 이어 북미 정상회담을 계기로 한반도 지정학적 리스크 완화 효과가 기대되는데다 국내 소비도 활기를 보이는 등 증시를 둘러싼 각종 여건들이 우호적이기 때문이다.      여기에 글로벌 경기 호조가 한국 수출 개선으로 연결되고 있다. 글로벌 재화 생산 및 설비 인프라 투자 수요 개선에 힘입어 화학, 기계, 자동차, 섬유, 화장품 등 다양한 분야의 수출이 큰 폭으로 증가하고 있다.   한편, 스탁론에 대한 관심이 날로 높아지고 있다. 모처럼 잡은 투자기회를 놓치지 않으려는 투자자들이 주식매입을 위해 더 많은 자금을 활용할 수 있는 스탁론으로 눈길을 돌리고 있기 때문이다.   여기에 미수/신용 이용 중 주가급락으로 반대매매 위기를 맞이하더라도 추가 담보나 종목 매도 없이 간단히 갈아탄 후 반등 시점을 기다릴 수 있다는 것도 스탁론의 장점 중 하나다.   ◆ M스탁론, 연 3%대 최저금리로 주식자금 고민 해결   M스탁론에서 고객들이 부담 없이 스탁론을 경험할 수 있도록 연 3%대 최저 금리로 이용 가능한 상품을 출시했다. 본인 자금의 최대 4배까지주식투자금으로 활용할 수 있으며 필요할 경우 마이너스통장식으로도 이용이 가능하다. 수익이 나면 스탁론을 상환하지 않고 현금을 인출할수 있다는 점 역시 매력적인 부분이다.   또한 증권사 미수/신용으로 산 주식의 주가 급락으로 반대매매 위기를 맞이했을 때도 추가 담보나 종목매도 없이 손쉽게 갈아탈 수 있다.   5백만 투자자에게 프리미엄 증권정보를 제공하는 MK에서 국내 스탁론 브랜드와 함께 운영 중인 〈M 스탁론〉은 신용 투자를 생각하고 있는 독자라면 누구나 쉽게 이용할 수 있다.   24시간 상담은 물론 스탁론을 처음 사용하는 고객이라도 홈페이지에서 증권사별로 원하는 상품을 손쉽게 비교 검색해 볼 수 있다. 〈M 스탁론〉에 대해 궁금한 투자자는 고객상담센터(1599-6685)로 연락하면 대출 여부와 상관없이 24시간 언제든 전문상담원과 편리한 상담이 가능하다.   현재 〈M 스탁론〉을 이용하고 있는 투자자들 사이에 관심이 높은 종목은 현대로템, 현대사료, 퍼스텍, 웰크론, 에이치엘비, 국영지앤엠, 코오롱인더, 에스티아이, 흥국화재, 에스에프에이 등이다.   ◆ M스탁론은?   - 연 3%대 업계 최저 금리   - 한 종목 100% 집중투자   - 증권사 미수/신용 실시간 상환   - 마이너스 통장식, 한도증액 대출, 연장수수료 無   ※ M스탁론 상담센터 : 1599-6685   바로가기   [매경닷컴]      ☞ 조용히 사서 묻어놔라! 6月 정말 큰돈 된다! ☞ 세계최초 항암제 개발! 신라젠 놓쳤다면, 이 종목 잡아라!! ☞ 세계 최초 신약! 1,500% 신라젠 능가할 단돈 4천원대 Bio 황제주!!! ☞ 6月 반드시 주목해야될 Best 바이오 종목!!"
166,1,"2018-06-07","08:57:59","이마트, 국산 양식 쏘가리 매운탕 식당 절반가에 판매","이마트, 국산 양식 쏘가리 매운탕 식당 절반가에 판매   (서울=연합뉴스) 박성진 기자 = 이마트가 7~13일 국산 양식 쏘가리를 최초로 상품화한 '쏘가리 매운탕'을 1만2천800원에 판매한다.  쏘가리 살 120ｇ을 포함해 육수, 소스, 채소 등 매운탕 재료를 한 팩에 담아 간편하게 요리해 먹을 수 있도록 만든 제품이다.  이마트는 국내 최초로 쏘가리 대량 양식에 성공한 경남 산청군의 한국쏘가리연구소에서 쏘가리를 공급받아 상품화했다.  이마트 관계자는 ""소비자들이 민물 매운탕 식당의 절반 가격에 고급 어종인 쏘가리를 맛볼 수 있도록 행사를 준비했다""고 말했다.    sungjinpark@yna.co.kr   (끝)    <긴급속보 SMS 신청> <포토 매거진> < M-SPORTS >   <저작권자(c) 연합뉴스, 무단 전재-재배포 금지>"
166,2,"2018-06-07","08:57:39","백악관 前 예산실장 ""美증시 반토막날 것…무모한 투자자들""","(서울=연합인포맥스) 신윤우 기자 = 미국 증시가 반 토막 날 전망인데 투자자들  은 무모한 행각을 벌이고 있다는 지적이 나왔다.      6일(미국시간) CNBC에 따르면 로널드 레이건 미국 행정부 당시 백악관 예산실장  을 지낸 데이비드 스톡맨은 ""스탠더드앤드푸어스(S&P) 500 지수가 쉽게 1,600선으로  추락할 수 있다""며 이같이 분석했다.      그는 ""다음 경기 침체기에 상장 기업의 주당 순이익이 75달러로 떨어질 수 있기  때문""이라며 ""경기 확장기가 8~9년째 계속되면서 주가가 지나치게 높아졌다""고 강조  했다.      상장 기업의 주가수익비율(PER)은 24 수준이 고점이란 게 스톡맨 전 예산실장의  주장이다. 현재 S&P 지수의 PER은 25를 소폭 웃돌고 있다.      그는 ""현재 시장을 무모한 사람(daredevil)의 시장으로 지칭할 수 있다""면서 ""위  험은 큰데 향후 얻을 수 있는 수익은 극히 제한적""이라고 경고했다.      실제로는 시장이 고평가의 길로 가고 있을 뿐이라고 스톡맨 전 실장은 진단했다 .      한편 그는 도널드 트럼프 미국 대통령의 감세 정책에 비판적인 입장을 드러냈다 .      스톡맨 전 실장은 ""감세로 적자가 더 불어날 것""이라며 ""말도 안 되는 무책임한  정책""이라고 꼬집었다.      그는 기업들이 감세로 절약한 자금을 자사주 매입이나 인수·합병(M&A)에 쓸 것  이라며 ""이는 단기적인 주가 부양 효과만 낼 뿐 경제를 성장시키지 못한다""고 설명했  다.      이어 스톡맨 전 실장은 ""8년 동안 전례 없는 통화 팽창 정책을 펼쳤기 때문에 무  시무시한 위협이 숨어있다""면서 ""문제가 불거질 시기를 특정하기는 어렵다""고 말했다 .      그는 ""그 누구도 블랙스완의 정확한 실체를 모르기 때문""이라고 덧붙였다.      블랙스완은 도저히 일어날 것 같지 않은 일이 일어나 파문을 일으키는 것을 의미  하는 용어다.      ywshin@yna.co.kr  (끝)  <저작권자(C)연합인포맥스뉴스. 무단 전재-재배포 금지.>"
166,3,"2018-06-07","08:57:39","""애경산업, 견미리 팩트가 승부수...목표주가 7.1만 제시"" - 하이","하이투자증권은 7일 애경산업에 대해 “‘견미리 팩트’가 승부수’”라면서 투자 의견은 매수, 목표 주가는 전 거래일 종가인 5만8000원보다 높은 7만1000원으로 제시했다.  조경진 하이투자증권 연구원은 “AGE 20’S 에센스 커버팩트(견미리 팩트)가 국내와 중국에서 판매량이 늘어, 화장품 부문이 전체 매출에서차지하는 비중이 늘었다”면서 이같이 분석했다.  화장품 부문 매출은 2015년 전체의 14.7%에서 지난 해 42.7%까지 늘었다. 화장품 매출 내 견미리 팩트의 비중은 약 90%였다고 조 연구원은 설명했다.   이민아 기자 wow@chosunbiz.comCopyrights ⓒ ChosunBiz.com"
166,4,"2018-06-07","08:57:37","伊포퓰리즘 정부 상원 이어 하원 신임투표도 통과","서유럽 최초의 포퓰리즘 정권이 들어선 이탈리아에서 새 정부가 상원에 이어 하원의 신임투표까지 통과하며 본격적인 국정 운영에 시동을 걸고 있다.  이탈리아 하원은 6일 반체제 ‘오성운동’, 극우정당 ‘동맹’이 손잡고 구성한 포퓰리즘 연정에 대한 신임안을 표결에 부쳐 찬성 350표, 반대 236표, 기권 35표로 가결했다. 하원의 재적 의원 수는 총 630명이며, 오성운동과 동맹의 합계 의석은 하원 과반을 30여 석 웃돌고 있다.   피렌체대학 법학과 교수 출신으로 정치 경험이 전무한 주세페 콘테(53) 총리가 이끄는 이탈리아 새 정부는 전날 상원에 이어 이날 하원의 공식 인정까지 받으며 완전한 권한을 가지고 국정에 임할 수 있게 됐다.  콘테 총리는 오는 8∼9일캐나다 토론토에서 열리는 주요 7개국(G7) 정상회의를 통해 국제무대에 데뷔할 예정이다. 그는 이날 하원 표결에 앞서 의원들을 상대로 한 연설에서 세계가 이탈리아에 귀를 기울이고, 존중할 수 있도록 하겠다고 말했다.  그는 전날에는 상원에서 총리 취임 후 첫 공식 연설을통해 난민 통제 강화, 긴축이 아닌 성장을 통한 부채 감축, 유럽연합(EU)과의 관계 재설정, 대(對) 러시아 제재 해제 추진 등 새 정부가 역점을 둘 사안을 밝힌 바 있다. /노현섭기자 hit8129@sedaily.com    ▶▶ 2018년 정부 정책 수혜주 TOP 10 大공개! (바로 확인)  ▶▶ 재료노출 임박한 상위1%의 극비정보 30명한정 공개(무료)    [ⓒ 서울경제, 무단전재 및 재배포 금지]"
166,5,"2018-06-07","08:57:26","‘재활용 어디까지 해봤니?’, 경기도 16일 '환경축제 한마당' 개최","[수원=장충식 기자] 경기도가 오는 16일 경기상상캠퍼스에서 제23회 환경의 날을 기념해 도민들이 함께 모여 환경문제를 공유하고 소통하는참여형 ‘환경축제 한마당’을 개최한다고 7일 밝혔다. 경기도가 주최하고 경기도환경보전협회가 주관하는 이번 행사는 ‘재활용 어디까지 해봤니?’를 주제로 개최된다. 최근 재활용 분리수거 사태를 통해 경험한 환경의 중요성을 일깨우고 구체적인 환경보전 실천방안 등을 경기도 지속가능발전협의회, 환경 단체, 도민, 환경기업, 학생들과 토론할 계획이다.  특히 지난해부터는 경기도 업사이클 플리마켓등 다양한 볼거리와 체험 프로그램이 있는 도민 참여형 축제로 진행되고 있다. 업사이클 플리마켓에는 40개 팀이 참가하며 업사이클 제품 전시, 판매, 체험 및 이벤트로 진행된다. 주요 행사는 기념식, 경기환경포럼 등 5개 주제로 펼쳐지는 세미나, 환경백일장 및 그림대회, 업사이클 플리마켓, 체험부스 및 도민 참여 이벤트 등이다. 또 오전 10시부터 오후 4시까지 상상캠퍼스에서는 유치원, 초등학생이참가하는 환경 글짓기, 그림 그리기 대회가 진행된다.  11시부터는 사색의 동산에서 다양한 문화공연과 함께 환경의 날 기념식이 진행되며, 이 자리에서는 미세먼지와 쓰레기 줄이기 등 환경문제 해결을 위해 노력한 각 분야 환경유공자 40여명에게 표창이 수여된다. 특히올해는 토론형 기념 세미나가 개최된다. 민선7기 경기도 환경의 주요 아젠다를 선언하는 경기환경포럼, 경기도형 환경교육프로그램 개발사업컨설팅 등 5개 주제에 대해 토론한다. 부대행사로는 30개 민간환경단체가 한 해 동안 활동한 영상을 상영해 우수 단체를 도민들이 직접선출하는 부스, 환경교육 교재 교구 전시, 친환경제품 전시, 동식물 교육 체험, 미세먼지 환경교실, 드론 활용한 환경감시, DMZ 생태환경전시, 기후변화 체험 부스 등 40개 도민 체험프로그램과 대기 환경 측정 시연 버스, 이동환경교실 차량 등인 운영된다. 특히 참가자들에게눈과 귀를 즐겁게 할 그린 버스킹, 마술 코너, 푸드트럭, 환경희망편지쓰기, 포토존 운영 등 다양한 먹거리와 즐길거리도 마련된다.  엄진섭 경기도 환경정책과장은 “도민을 대상으로 다양한 환경보전 행사를 통해 지속가능한 경기도를 만들기 위한 관심과 공감대를 높이고 환경보호 실천운동 확산에 기여하기를 기대한다”고 밝혔다.  jjang@fnnews.com 장충식 기자  ▶'모멘텀 집중' 저가에서 매집해둬야 할 상반기 유망주 3선 (지금 확인)   [파이낸셜뉴스 주요뉴스]  → 北 김정은 묵는 호텔 하루 숙박비 '642만원' 누가 지불? → ""선거 알바 클라스가 다르네"".. 선거운동원 '깨방정 댄스' 화제 → ""학원 여교사가 초등생 제자 2명과 성관계"" → 견과류 일주일에 3번이상 먹으면 나타나는 변화 → 국방부에 도착한 두테르테가 가장 먼저본 국산 무기  ▶ <긴급공개> 억대계좌 이종목에서 또 터진다!    ※ 저작권자 ⓒ 파이낸셜뉴스. 무단 전재-재배포 금지 "
166,6,"2018-06-07","08:57:14","애경 'AGE 20's 에센스 커버팩트' 日 진출","@media all and (max-width: 400px) {img{max-width:340;height:auto;}}.dayTBL a:link {font-family: 돋움;font-size: 11px;line-height: 18px;color:#666666;text-decoration: none}.dayTBL a:visited {font-family: 돋움;font-size: 11px;line-height: 18px;color: #666666;text-decoration: none}.dayTBL a:hover {font-family: 돋움;font-size: 11px;line-height: 18px;color: #840000;text-decoration: none}.dayTBL nobr {width:85px; text-overflow:ellipsis; overflow:hidden; cursor:pointer; float:left}.todayBDb {border-bottom: #000000 0.5pt solid}.tblGrp{padding:0; border-spacing:0; border-collapse:collapse; border:0;vertical-align:top;width:279px}.tblGrp td{vertical-align:top}.dayTBL {width:93px; padding:0; border-spacing:0; border-collapse:collapse; vertical-align:top; border:0}.dayTBL td{font-size:12px; font-family:돋움; color:#333333;line-height:18px;padding:0}.divSch1{float:left}.divSch2{float:left}.tdSch{border: #E6E6E6 0.1pt solid;height:75;padding:0}.tdSchToday {border: #000000 1pt solid;height:75;background-color:#fffff0;padding:0}.tdSchTomorrow {border-left:0}.tdSchYesterday {border-right:0}.tdDate{background-color:#c8e7ff;height:10;text-align:center}.ad {text-align:center; font-size:8pt; font-family:돋움;line-height:1.2}.lg {margin-bottom:20px;}.title{font-size:15px;color:#203c76;font-weight:bold;margin-bottom:20px;}a,img {border:0; outline:none; selector-dummy:expression(this.hideFocus=true);}body,td,select,input,div,form,textarea,center,option,pre,blockquote {font-size:9pt; line-height:1.6; font-family:돋움;}table{border:0px;}r {display:none;}    제목 : 애경 'AGE 20's 에센스 커버팩트' 日 진출  [아이뉴스24 윤지혜 기자] 애경산업의 대표 화장품 브랜드 'AGE 20's(에이지투웨니스)'가 일본 시장에 본격 진출한다.  7일 애경산업은 오는 8일 일본 QVC 홈쇼핑에서 AGE 20's의 대표제품인 '에센스 커버팩트'를 15시와 21시 두차례 방송을 진행한다고 발표했다. 이날 QVC 홈쇼핑 방송에는 AGE 20's 모델인 견미리가 출연해 AGE 20's 에센스 커버팩트를 직접 설명할 예정이다.   2013년 9월 홈쇼핑을 통해 처음 출시된 AGE 20's 에센스 커버팩트는 고체 파운데이션 속에 고농축 수분 에센스가 함유된 '에센스 포켓기술'과 제품력을 바탕으로 큰 인기를 얻고 있다. 현재까지 국내 홈쇼핑에서만 누적판매 630만세트, 4천400억원을 기록하고있다.      애경산업 관계자는 ""AGE 20's 에센스 커버팩트는 꼼꼼한 국내 소비자들로부터 탄탄한 제품력을 인정받아 성공한 제품""이라며 ""제품 선정이 까다롭기로 유명한 QVC 홈쇼핑 진출한 만큼 일본 소비자들로부터도 탄탄한 제품력을 인정받을 것으로 기대한다""고 말했다.  한편, 에센스 커버팩트는 지난 2016년 중국에 먼저 진출했으며 지난해 중국 최대 온라인 플랫폼 '티몰 글로벌'에서 파운데이션부문 1위에 오른 바 있다.   /윤지혜기자 jie@inews24.com   해당 기사는 아이뉴스24(www.inews24.com)에서 제공한것이며 저작권은 제공 매체에 있습니다. 기사 내용 관련 문의는 해당 언론사에 하시기 바랍니다.  ■[하이스탁론] 주식자금이 필요할 땐 ☎ 1599-6222 연 3% 업계 최저금리, 자기자본 포함 최대 4배, 연장수수료 無 주식 매도 없이 미수, 신용 대환 / 마이너스통장식 / 기대출자도 가능 ☞ 14년 연속 스탁론 점유율 1위, 노주현이 추천하는 [하이스탁론 바로가기]  ▶【급등임박株】 “정책+실적+수급분석 완료” 주도주 '2선' 추천받기  ◆""숨은 진주발굴"" 당뇨치료제 상용화 임박! <재료주공개>   [이슈&섹터 스케줄]    2018-06-04 - 한국-필리핀 정상회담 예정 - 5G 주파수 경매 신청 마감 예정 -  한은, BOK 국제컨퍼런스 개최   2018-06-05 - 국무회의(최저임금법) - 랩온어칩 및 마이크로플루이딕스 컨퍼런스 개최(현지시간) - ""항체 엔지니어링 & 항체 치료 콘퍼런스 유럽 2018"" 개최 예정(현지시간)   2018-06-06 - 현충일 - 국내 증시 휴장 - 2018 국제회계 심포지엄 개최 예정      2018-06-07 - 美-日 정상회담 예정(현지시간) - 삼성바이오로직스, 분식 여부 판가름 예정 - 넥슨, MMORPG '카이저' 정식 출시   2018-06-08 - 6.13 지방선거 사전투표 예정 - G7 정상회의 개최 예정(현지시간) - 제5차 韓-美 에너지안보대화   2018-06-09 - 북-중-러 정상회담 예정 - 이탈치네마, 제10회 이탈리아 영화제 개최 예정 - 상하이협력기구(SCO) 정상회의 개최      Copyright ⓒ True&Live 증시뉴스 점유율1위, 인포스탁(www.infostock.co.kr) 인터넷신문(경기아51008)/무단전재 및 배포금지   본 뉴스(정보)는 해당종목의 매수/매도신호가 아니며, 이를 근거로행해진 거래에 대해 책임을 지지 않습니다."
166,7,"2018-06-07","08:57:13","문재인 대통령, 오늘 드루킹 특검 임명","@media all and (max-width: 400px) {img{max-width:340;height:auto;}}.dayTBL a:link {font-family: 돋움;font-size: 11px;line-height: 18px;color:#666666;text-decoration: none}.dayTBL a:visited {font-family: 돋움;font-size: 11px;line-height: 18px;color: #666666;text-decoration: none}.dayTBL a:hover {font-family: 돋움;font-size: 11px;line-height: 18px;color: #840000;text-decoration: none}.dayTBL nobr {width:85px; text-overflow:ellipsis; overflow:hidden; cursor:pointer; float:left}.todayBDb {border-bottom: #000000 0.5pt solid}.tblGrp{padding:0; border-spacing:0; border-collapse:collapse; border:0;vertical-align:top;width:279px}.tblGrp td{vertical-align:top}.dayTBL {width:93px; padding:0; border-spacing:0; border-collapse:collapse; vertical-align:top; border:0}.dayTBL td{font-size:12px; font-family:돋움; color:#333333;line-height:18px;padding:0}.divSch1{float:left}.divSch2{float:left}.tdSch{border: #E6E6E6 0.1pt solid;height:75;padding:0}.tdSchToday {border: #000000 1pt solid;height:75;background-color:#fffff0;padding:0}.tdSchTomorrow {border-left:0}.tdSchYesterday {border-right:0}.tdDate{background-color:#c8e7ff;height:10;text-align:center}.ad {text-align:center; font-size:8pt; font-family:돋움;line-height:1.2}.lg {margin-bottom:20px;}.title{font-size:15px;color:#203c76;font-weight:bold;margin-bottom:20px;}a,img {border:0; outline:none; selector-dummy:expression(this.hideFocus=true);}body,td,select,input,div,form,textarea,center,option,pre,blockquote {font-size:9pt; line-height:1.6; font-family:돋움;}table{border:0px;}r {display:none;}    제목 : 문재인 대통령, 오늘 드루킹 특검 임명"
167,1,"2018-06-07","08:55:17","키코 재조사 두고 이견 여전…고민 깊은 윤석헌","금감원 ""대법 판결 변화 없이 재조사 없다""       (서울=연합인포맥스) 정지서 기자 = 파생금융상품 키코(KIKO)의 재조사 여부를  두고 금융당국과 피해 기업 간 이견이 여전한 모습이다.      '키코 피해기업 공동대책위원회'(이하 키코 공대위)는 민관 합동 재수사를 요구  하고 있지만, 금융당국은 여전히 재수사는 없다는 입장으로 맞서고 있다.      7일 금융당국에 따르면 금감원은 지난달 31일 키코 공대위 관계자, 피해기업 대  표와 회의를 열었다.      앞서 지난달 23일 예정된 예비회의가 무산된 지 일주일 여 만에 열렸다.      당시 금감원은 키코 공대위 측에 합동 조사단 구성을 요구하는 배경과 향후 필요  한 조치 등에 대한 사전 자료를 요구했다.      이날 열린 회의에서 키코 공대위는 키코 피해기업의 실태를 재조사하기 위한 민  관 합동조사단 구성을 금감원에 요청했다.      하지만 금감원은 전면적인 합동 재조사는 어렵다는 입장을 전달했다.      다만 키코 사태와 관련해 사법 판단이 이뤄지지 않은 피해기업에 한해선 분쟁신  청을 통해 금감원이 도울 수 있는 방안을 마련하겠다는 뜻을 전했다.      그간 금융당국은 대법원의 판결에 따라 키코 문제에 대응해왔다.      대법원은 지난 2013년 9월 키코 관련 수출기업들이 시중은행을 상대로 제기한 부  당이득금반환 소송 4건에 대한 선고에서 은행 측의 손을 들어줬다.      하지만 교수 시절 키코 상품을 금융사기로 정의해오던 윤 원장이 지난해 말 금융  행정혁신위원회 위원장을 맡으며 키코 이슈가 금융권에 급부상했다.      당시 금융혁신위도 키코 사태에 대한 재조사를 직접 언급하진 않았다.      하지만 피해 구제를 요청하는 기업에 한해선 재조사 등을 실시해 필요한 조치와  재발방지 대응책을 마련하라고 금융당국에 권고했다.      이후 윤 원장이 금융당국 수장에 오르며 키코 재조사가 급물살을 탈 수 있다는  기대감도 커졌다.      현재 키코 공대위는 지난 4월 과거 키코 상품을 판매했던 대구ㆍ산업ㆍ신한ㆍ씨  티ㆍ우리은행 등 7곳을 특정경제범죄 가중처벌 등에 관한 법률상 사기혐의로 서울중  앙지검에 고발한 상태다.      여기에 양승태 전 대법원장 시절 재판흥정 사례에 키코 사태가 포함되면서 키코  피해기업들의 목소리는 더욱 커지는 모습이다.      키코 공대위는 현재 최근 인도에서도 키코 관련 계약이 원천 무효라는 판결이 나  온 사례를 바탕으로 과거 대법원의 판단에도 오류가 있었음을 검찰 등에 전달해 재조  사를 지속해서 촉구할 예정이다.      은행권은 여전히 기존 대법원의 판결이 달라지긴 어려울 것으로 내다보고 있다.      한 시중은행 관계자는 ""정치권 이슈가 맞물리며 쉽게 예측할 수 없는 형국이 됐  지만, 기존 사법부의 판결을 뒤엎는 일도 쉽진 않을 것""이라며 ""일단 사태를 지켜보  고 은행권 차원의 공동 대응방안을 마련해야 할 것""이라고 말했다.      키코 재조사와 관련해 금융당국, 특히 윤 원장의 고민은 더욱 커질 것으로 보인  다.      금융당국 관계자는 ""개인의 사견과 정책적 판단은 구분돼야 하는 일""이라며 ""현  시점에서 금융당국이 최우선으로 할 수 있는 역할을 재조사가 아닌 피해기업을 위한  금융지원 등을 최대한 마련하는 것""이라고 설명했다.      jsjeong@yna.co.kr  (끝)  <저작권자(C)연합인포맥스뉴스. 무단 전재-재배포 금지.>"
167,2,"2018-06-07","08:55:11","산림청, '도시숲 설계 공모대전' 개최","【대전=김원준 기자】산림청은 ‘제10회 대한민국 도시숲 설계 공모대전’을 개최한다고 7일 밝혔다.  이번 공모는 도시숲에 대한국민 관심을 유도하고, 미세먼지 저감 등 도시숲을 활용한 창의적인 아이디어를 발굴하기 위해 마련됐다. 올해 공모 주제는 ‘우리동네 천연공기청정기, 도시숲’으로, 공모 대상지는 강원 삼척·충남 논산·전남 광양·경북 구미·경남 창녕 등 5개 국·공유지이다.  사전 접수 기간은 6월 29일까지이며 도시숲 설계 공모대전 공식 홈페이지에서 신청할 수 있다.  이후작품접수와 심사를 거쳐 최우수 수상자에게는 농림축산식품부장관상과 함께 상금 500만 원이 주어진다. 모두 10개 작품(최우수 1, 우수2, 장려 3, 입선 4)을 시상하며 상금은 총 1400만 원이 지급된다.작품접수기간은 8월 13일부터 9월 7일까지다. 수상작은 해당 지역 도시숲 설계에 활용될 예정이다.  김주열 산림청 도시숲경관과장은 “이번 공모전에 참신한 아이디어들이 많이 접수되길 바란다”며 “앞으로도 열섬현상을 완화하고 미세먼지를 흡수하는 도시숲을 홍보하고 확대해 나갈 계획”이라고 말했다. kwj5797@fnnews.com 김원준 기자  ▶'모멘텀 집중' 저가에서 매집해둬야 할 상반기 유망주 3선 (지금 확인)   [파이낸셜뉴스 주요뉴스]  → 北 김정은 묵는 호텔 하루 숙박비 '642만원' 누가 지불? → ""선거 알바 클라스가 다르네"".. 선거운동원 '깨방정 댄스' 화제 → ""학원 여교사가 초등생 제자 2명과 성관계"" → 견과류 일주일에 3번이상 먹으면 나타나는 변화 → 국방부에 도착한 두테르테가 가장 먼저본 국산 무기  ▶ <긴급공개> 억대계좌 이종목에서 또 터진다!    ※ 저작권자 ⓒ 파이낸셜뉴스. 무단 전재-재배포 금지 "
167,3,"2018-06-07","08:55:10","[작은배려가 대한민국을 바꿉니다]“내 집서 내가 피우는데 왜?”…커지는 층간흡연 갈등","-‘소음’보다 심각한 ‘흡연문제’ 여름마다 논란 -찐담배 ‘냄새안난다’지만…비흡연자엔 고통   [헤럴드경제=김성우 기자] #. 비흡연자 김모(29) 씨의 여름은 곧 ‘담배 냄새와의 전쟁’이다. 더운날씨 탓에 창문을 열어놓는 날이 많아지는데, 그 틈새로 아파트 아랫집과 윗집에서 담배냄새가 몰려들어 오는 것이다. 경비실이나 관리실을 통해 항의해도 그때 뿐, 달라지는 것은 없다. 김씨는 “베란다에 걸어둔 옷에 담배 냄새가 배여, 건조는 코인세탁방에 맡겨 하고 있는상황”이라고 하소연했다.  아파트 실내에서 흡연하는 것이 금연이 됐지만, 층간흡연 갈등이 여전하다. 법 적용 사각지대인오피스텔, 실내 흡연이 금지된 된 상황에서도 집 안에서 담배를 피는 일부 이웃들 때문이다. 아울러 실내 흡연이 금지된 상황에서 아파트 놀이터, 벤치 등 아이들의 공간에서 담배를 피는 경우가 많다.     아파트 베란다 흡연 자료사진. [사진=김성우 기자/zzz@heraldcorp.com]  여름을 맞은 일선 아파트 단지 등에서는 주민간 갈등이 커져가고 있는 추세다.  얼마전 빌라로 이사한 취업준비생 심성식(30) 씨도 밀려오는 담배 냄새로 피로한 나날을 보내고 있다. 지난 4월 직장을 그만두고, 집에서 오랜 시간을 구직준비에 몰두하는데 창문으로 담배 냄새가 계속 올라온다고 했다. 냄새 근원지인 아랫집을 찾아가 거세게 항의했지만, 50대 남성 임모 씨는 “집에서 담배를 피우는 게 무슨 문제냐”면서 되레 성을 냈다.  그는 “자기소개서를 쓰고 있는데담배 냄새를 맡으면 집중이 되지 않아 애를 먹는다”면서 “나도 흡연자지만 짜증이 난다”고 비판했다.  최근 판매되고 있는 ‘궐련형 전자담배’를 놓고서도 갈등이 거세다. 기존 연초담배보다 냄새가 나지 않는다고 해서 죄의식 없이 실내에서 전자담배를 피는 경우가 빈번하기 때문이다.    서울시내 한 오피스텔 난간에 놓여진 담배. [사진=김성우 기자/zzz@heraldcorp.com]  오피스텔 거주자 김세운(28) 씨는 “화장실 환기구에서 ‘쑥 썩은 내’가 나기 시작해 크게 맘고생 했는데, 나중에 알고 보니 찐담배 냄새였다”면서 “환풍기에 냄새 여과장치를 설치했다”고 털어놨다.   서울특별시 서울의료원 의학연구소 환경건강연구실이 지난달 발표한 설문조사 결과에 따르면 다세대주택 거주자의 62.4%, 아파트거주자의 61.3%는 층간흡연 문제로 고생하고 있는 것으로 나타났다. 국민위원회의 2014~2016년 민원조사 집계에서도 ‘층간흡연’ 민원은 726건으로 층간소음보다 1.5배가량 많았다.  올해부터 공동주택관리법 개정안이 시행돼 아파트 실내 흡연이 금지ㆍ경비원이 이를 제재할 수 있도록 됐지만, 공동주택 내 ‘을’인 아파트 관리자나 경비원들이 입주자들에게 ‘담배를 피우지 말라’ 고 이야기하기는 쉽지 않다.  zzz@heraldcorp.com   [프리미엄 링크] ◆ [평생무료] ""주식카톡방"" 대박주를 추천받는데 100원도 안낸다~ ◆ 무료O, 회원가입X. 바로보는 증권전문가의 실시간 라이브방송.  10%수익을 40%로 만들어 준다고?? 영웅스탁론이라면 가능~! [영웅스탁론]효과적인 레버리지를 이용하여 수익률을 4배로!!    이 종목 미리 알았더라면.. 화제의 급등주검색기 실전투자 300%비법 무료체험 3일신청시 [즉시공개!]    김태희, 로또 대박?! 20억 당첨금 공개..    테마주!외국인+기관 쌍끌이 매집중인 종목 전문가들도 탐내는 급등주 공식 무료배포! [클릭]    [오늘의 인기기사] ◆ [국대스탁론]업계 최저금리 2.29%! 100%한종목 투자가능+신용/ 미수 대환가능 ◆ [국민스탁론]저렴한 연2.7% 금리로 최대 4배 투자 가능 ◆ [마감임박] '급등주 문자메시지' 100% 무료로 받아보기! ◆ [상한가속출] ""깜짝놀랐다"" 카톡무료체험으로 3000만원 수익달성!  ◆[밴드스탁론] 연 2%대 금리, 신용 미수 대환 가능, 주식자금 전문 ☏ 1899-9044 ◆똑똑해진 소비자..한국도 이젠 소형차 시대 ◆2020년 한국 TV 2대중 1대 인터넷 연결된다"
167,4,"2018-06-07","08:55:06","신한카드, 스타트업과 공동학습 프로그램 'DEPS' 운영","[아시아경제 정현진 기자] 신한카드가 스타트업과 함꼐 교육을 진행하는 모델인 'DEPS(Digital Education Program for Specialist)'를 개발하고 디지털 인재를 양성하기로 했다고 7일 밝혔다.   신한카드는 서울 을지로에 위치한 신한카드 본사 파인애비뉴에서 박영배 신한카드 지원그룹 부사장, 김영민 신한퓨처스랩 팀장을 비롯한 교육생 등이 참석한 가운데 '제1기 DEPS' 과정 입학식을 실시했다고 밝혔다.   디지털 전문가 양성을 목표로 한 이 교육과정에는 스타트업에서 영역별 전문가가 강사진으로 나선다. 이들 스타트업은 강사이자 멘토, 팀원으로서 신한카드 디지털 인재들과 함께 과정에 참여할 예정이다. 신한카드는 스타트업의 일하는 방식인 애자일 기반의 문화도 수용할 예정이라고 밝혔다.   교육에 참여하는 스타트업은 페이민트(지불결제), 로플렛(빅데이터), 머니브레인(AI), 코드와이즈(블록체인), 비주얼캠프(시선추적), 아웃스탠딩(디지털마케팅) 등으로 대부분 신한퓨처스랩에 선발돼 육성과정을 거친 검증된 스타트업들로 구성됐다.   최종 결과물은 데모데이 형식의 공유회 '신한퓨처톤'을 통해 전 직원들에게 공유할 예정이다.   앞서 신한카드는 지난해 외부 전문가 영입과 체계적인 내부 인력 양성을 통해 2020년까지 디지털 인력을 전사의 50% 수준까지 확대할 것이라고 밝혔다. 신한카드는 D-ROOT라는 인증제도를 통해 디지털 인재 풀(Pool)을 관리하고 있다.   신한카드 관계자는 ""기존 금융사 내부 직원들의 디지털 역량 강화 교육을 벗어나 금융사와 스타트업 직원 모두가 함께 학습하고 개발하는 과정을 통해 동반 성장하는 상생의 디지털 교육 프로그램을 개발하게 됐다""며 ""신한퓨처스랩 사무국과의 긴밀한 협력을 통해 교육 과정에 참여하는 스타트업을 더욱 확대해 나갈 예정""이라고 말했다.    ●남북경협株 선취매 all 포착.. 실적 기반 차기 주도주 '바로' 이종목! (클릭) ●'부자네스탁론' 3년 고정금리 4.15% 100% 집중투자까지 ●'대박스탁론' 3년 고정금리 3.99% 100% 집중투자까지 ●500만원투자 단 6개월만에 3억달성! 원포인트 투자종목 공개   퇴직 후 백만원으로 ""35억""번 60대男 화제! 60대 김모씨가 퇴직 후 하게 된""이것""이 35억의 대박을...    터지기 전, 잡아라!! 상반기300%이상 상승이 기대되는 대박 테마주는? 이슈 전 선취매 주식고수들만 안다는 슈퍼 우량 테마주 남들보다 먼저 받아보기    정현진 기자 jhj48@asiae.co.kr   <ⓒ세계를 보는 창 경제를 보는 눈, 아시아경제(www.asiae.co.kr) 무단전재 배포금지>"
167,5,"2018-06-07","08:55:02","지하철 합정역 구간서 연기 발생…2호선 운행 지연","지하철 합정역 구간서 연기 발생…2호선 운행 지연     (서울=연합뉴스) 김지헌 기자 = 7일 오전 8시 20분께 서울지하철 2호선 합정역 터널에 연기가 발생해 운행이 지연되고 있다.  서울교통공사에 따르면 합정역에서 홍대입구역으로 향하는 내선 구간 터널에 연기가 나 119에 신고가 접수됐다.  공사는 당산역에서 합정역으로 향하던 열차의 승객을 하차시키고 잠시 이 방향 운행을 멈췄다가 현재 속도를 늦춰 운행 중이다. 반대 방향 외선 구간은 정상 운행 중이다.  공사는 연기 발생 원인을 파악하고 있다.  현재 트위터 등 SNS에는 ""2호선 합정역에서 연기와 매캐한 냄새가 난다"" 등의 글이 줄을 잇고 있다.  jk@yna.co.kr   (끝)    <긴급속보 SMS 신청> <포토 매거진> < M-SPORTS >   <저작권자(c) 연합뉴스, 무단 전재-재배포 금지>"
167,6,"2018-06-07","08:55:00","[외환브리핑]美 금리인상 확실한데…달러화 내리는 이유는","- 6일 역외 NDF 1066.0/1066.4원…3.35원↓      독일 프랑크푸르트에 위치한 유럽중앙은행 전경. 사진=AFP[이데일리 김정현 기자] 7일 서울외환시장에서 원·달러 환율은1060원대로 레벨을 낮출 전망이다.  당장 다음주 미국의 정책금리가 인상될 것이 확실시 되는 상황에서 오히려 달러화 약세가 전개되고 있다. 이에 따라 원화도 다시 강세 장이 시작되는 형국이다.  마켓포인트에 따르면 최근 사흘 연속(4~6일·현지시간) 주요 6개국 통화 대비 달러화의 가치를 나타내는 달러인덱스는 하락 마감했다. 이는 지난달 초(9~11일) 이후 최장 기간 연속 하락한 것이다. 상황이 이렇자원·달러 환율도 내리 하락하고 있다. 서울외환시장에서 원·달러 환율은 지난달 31일부터 지난 5일까지 연속 하락했다. 4거래일 만에 1080.9원에서 1070.7원 으로 10원 넘게 내린 것이다.  시장은 다음주 미국 연방공개시장위원회(FOMC)에서 정책금리를 0.25%포인트 상승할 것이 확실하다고 보고 있다. 통상 미국의 금리인상은 달러화 강세로 연결된다. 그런데 이번에는 정반대의 상황이 벌어지고 있는 것이다.  키는 유럽에 있다. 미국의 금리 인상은 워낙 예측가능한 것이어서 시장은 이미 달러화 가치에 미 연준의 인상 가능성을 반영해왔다. 그런데유럽은 다르다. 유럽중앙은행(ECB)이 자산매입 프로그램 규모를 축소하거나 종료하고, 본격 긴축 모드에 들어갈 가능성이 제기되고 있다. 지난 ECB 회의에서만 해도, 마리오 드라기 ECB 총재는 자산매입 프로그램과 관련한 논의를 하지 않았다고 선을 그었었다. 그런데 상황이 완전히 달라질 가능성이 생긴 것이다.  외신에 따르면 페트로 프레이트 ECB 수석 경제학자는 “물가 목표를 달성할 수 있다는 신호가 호전되고 있다”며 “다음주에 예정된 ECB 통화정책회의에서 자산매입을 단계적으로 줄이는 결정을 내릴 수 있다”고 밝혔다.  상황이 이렇자 유로화 가치는 급등했다. 6일(현지시간) 유로·달러 환율은 유로당 전일 대비 0.48% 오른 1.1774달러를 기록했다. 이는 2주 만에 최고 수준   이다.  ECB 통화정책회의가 있는 다음주까지는 비슷한 경계감이 유지될 것으로 보인다. 당분간 원·달러 환율도 하락이 유력해 보이는이유다.  6일(현지시간) 뉴욕 NDF 시장에서 원·달러 1개월물은 1066.20원에 최종 호가됐다. 최근 1개월물 스와프포인트(-1.15원)를 감안하면 전거래일 서울외환시장 현물환 종가(1070.70원)보다 3.35원 하락한(원화 가치 상승) 것이다.  ▶계좌회복프로젝트! 상위 전문가의 투자전략 및 추천종목‘[무료확인]’ ▶14년 연속 1위, 대한민국 대표 스탁론 하이스탁론 '    ' ＜ⓒ종합 경제정보미디어 이데일리 - 무단전재 & 재배포 금지＞   "
167,7,"2018-06-07","08:55:00","카카오스탁 누적 거래액 32조 돌파","국민 증권 앱으로 인기를 끌고 있는 소셜 트레이딩 1위 ‘카카오스탁’의 누적 거래액이 전년 동기 대비 2배 이상 높은 성장세를 기록해 눈길을 끈다.  카카오스탁을 운영중인 핀테크 전문기업 두나무(대표 이석우)는 올해 1월 말 기준 카카오스탁의 누적 거래액이 32조원을 기록, 전년 1월 말 누적 15조원 대비 2.16배 증가했다고 7일 밝혔다.  월간 거래액도 2.99배 상승한 것으로 나타났다. 올해 1월 한 달 간 카카오스탁에서 발생한 거래대금은 2조6390억원으로, 이는 지난해 1월 8824억원을 훌쩍 뛰어넘는 수치다.  일간 순 방문자수(DAU)와누적 다운로드 수 역시 각각 31만명, 225만9천건을 기록해 전년 동기 17만6천명, 164만7천건 대비 1.75배, 1.37배 상승한 것으로 조사됐다.  ▶주식투자자의 대세 어플 “카카오스탁” 다운로드 ==> 무료 투자정보 확인하기  이 같은 성과는 △지난 1년간 코스피 및 코스닥 지수의 높은 상승률과 그에 따른 주식 거래량 증가, △모바일 서비스에 익숙한 2030 세대의 투자 관심도 확대, △모바일 거래에 최적화 된 카카오스탁 앱의 편리함과 안정성 등에 따른 것으로 분석된다.  특히, 카카오스탁은 최근 한국거래소가 밝힌 전체 모바일거래시스템(MTS) 사용 증가량(코스피 시장 33.8%, 코스닥 시장 39.6%) 보다도 2.5~3배 이상 높은 급등세를 보인 것으로 나타나 앞으로의 성장성에 귀추가 주목된다.  이석우 두나무 대표는 “카카오스탁은 모바일 주식 거래에 최적화 된 서비스 환경 지원과 함께 철저한 보안 안정성과 맞춤 콘텐츠 제공 등으로 이용자 만족도를 높여 나가고 있다”며, “앞으로도 고도화 된 핀테크 기술을 바탕으로 대한민국은 물론, 세계 무대에서 모바일 주식 거래 플랫폼의 표준이 될 수 있도록 최선을 다할 것“이라고 전했다.  한편, 카카오스탁은 2014년 2월 탄생한 모바일 증권 앱으로, 국내 최초로 시도된 카카오톡과의 MTS(모바일 트레이딩 시스템) 연동, 11개 증권사를 아우르는 모바일 플랫폼 서비스를 선보이며 국내 MTS 시장에 새로운 화두를 던진 바 있다. 카카오스탁을   이용하면 고급 투자정보 확인은 물론, 실제 유저들의 투자결과를 기반으로 한 소셜 트레이딩 랭킹, 테마별토픽 등 다양한 주식 정보 등을 제공 받을 수 있다  ▶카카오스탁에서 최적의 매매타이밍 잡기 ==> 바로확인 ▶주식투자자의 대세 어플 “카카오스탁” 다운로드 ==> 무료 투자정보 확인하기      [카카오스탁 관심종목] 아모레퍼시픽(090430), 애경산업(018250), 삼천리(004690), 아진엑스텍(059120), 티케이케미칼(104480)  [본 글은 투자 참고용으로 이를 근거로 한 투자 손실에 대해 책임을 지지 않습니다. 해당 홍보용 기사는 이데일리와 무관합니다.]  ▶계좌회복프로젝트! 상위 전문가의 투자전략 및 추천종목‘[무료확인]’ ▶14년 연속 1위, 대한민국 대표 스탁론 하이스탁론 '    ' ＜ⓒ종합 경제정보 미디어 이데일리 - 무단전재 & 재배포 금지＞   "
168,1,"2018-06-07","08:52:18","<표> 후강퉁 거래 상위종목 (6일)","<표> 후강퉁 거래 상위종목 (6일)    <후구퉁>                                                              (단위: 위안) ┌─────────┬─────────┬────────┬────────┐  │종목명            │매수              │매도            │거래대금        │  ├─────────┼─────────┼────────┼────────┤  │귀주모태주        │632,073,822       │494,577,801     │1,126,651,623   │  ├─────────┼─────────┼────────┼────────┤  │항서제약          │440,847,972       │213,549,761     │654,397,733     │  ├─────────┼─────────┼────────┼────────┤  │만화화학          │407,956,197       │51,221,498      │459,177,695     │  ├─────────┼─────────┼────────┼────────┤  │이리실업          │231,956,014       │165,196,192     │397,152,206     │   ├─────────┼─────────┼────────┼────────┤  │중국평안보험그룹  │168,941,193       │204,345,996     │373,287,189     │  ├─────────┼─────────┼────────┼────────┤  │칭다오하이얼      │163,818,476       │83,291,513      │247,109,989     │  ├─────────┼─────────┼────────┼────────┤  │보산철강          │174,236,756       │53,578,816      │227,815,572     │  ├─────────┼─────────┼────────┼────────┤  │해라시멘트        │150,389,863       │75,066,127      │225,455,990     │  ├─────────┼─────────┼────────┼────────┤  │해천미업          │111,113,878       │66,550,333      │177,664,211     │  ├─────────┼─────────┼────────┼────────┤  │융기실리콘자재    │66,376,920        │82,891,808      │149,268,728     │  └─────────┴─────────┴────────┴────────┘    ┌─────────┬─────────┬────────┬────────┐  │종목명            │매수              │매도            │거래대금        │  ├─────────┼─────────┼────────┼────────┤  │텐센트 홀딩스     │146,732,840       │506,347,600     │653,080,440     │  ├─────────┼─────────┼────────┼────────┤  │길리자동차        │45,869,500        │192,919,900     │238,789,400     │  ├─────────┼─────────┼────────┼────────┤  │서성테크놀로지    │83,925,450        │109,437,000     │193,362,450     │  ├─────────┼─────────┼────────┼────────┤  │중국인수보험      │156,950,200       │31,521,850      │188,472,050     │  ├─────────┼─────────┼────────┼────────┤  │벽계원            │108,488,840       │70,226,400      │178,715,240     │  ├─────────┼─────────┼────────┼────────┤  │영리마카오        │5,233,960         │165,276,760     │170,510,720     │   ├─────────┼─────────┼────────┼────────┤  │순우광학테크      │99,790,780        │59,689,480      │159,480,260     │  ├─────────┼─────────┼────────┼────────┤  │융창중국          │83,940,850        │69,146,900      │153,087,750     │  ├─────────┼─────────┼────────┼────────┤  │알리건강          │92,161,680        │52,659,340      │144,821,020     │  ├─────────┼─────────┼────────┼────────┤  │중국건설은행      │1,263,270         │136,086,480     │137,349,750     │  └─────────┴─────────┴────────┴────────┘   (서울=연합인포맥스)  (끝)"
168,2,"2018-06-07","08:52:09","이베스트투자증권 ""LG디스플레이, 2분기 실적도 부진…목표가↓""","@media all and (max-width: 400px) {img{max-width:340;height:auto;}}.dayTBL a:link {font-family: 돋움;font-size: 11px;line-height: 18px;color:#666666;text-decoration: none}.dayTBL a:visited {font-family: 돋움;font-size: 11px;line-height: 18px;color: #666666;text-decoration: none}.dayTBL a:hover {font-family: 돋움;font-size: 11px;line-height: 18px;color: #840000;text-decoration: none}.dayTBL nobr {width:85px; text-overflow:ellipsis; overflow:hidden; cursor:pointer; float:left}.todayBDb {border-bottom: #000000 0.5pt solid}.tblGrp{padding:0; border-spacing:0; border-collapse:collapse; border:0;vertical-align:top;width:279px}.tblGrp td{vertical-align:top}.dayTBL {width:93px; padding:0; border-spacing:0; border-collapse:collapse; vertical-align:top; border:0}.dayTBL td{font-size:12px; font-family:돋움; color:#333333;line-height:18px;padding:0}.divSch1{float:left}.divSch2{float:left}.tdSch{border: #E6E6E6 0.1pt solid;height:75;padding:0}.tdSchToday {border: #000000 1pt solid;height:75;background-color:#fffff0;padding:0}.tdSchTomorrow {border-left:0}.tdSchYesterday {border-right:0}.tdDate{background-color:#c8e7ff;height:10;text-align:center}.ad {text-align:center; font-size:8pt; font-family:돋움;line-height:1.2}.lg {margin-bottom:20px;}.title{font-size:15px;color:#203c76;font-weight:bold;margin-bottom:20px;}a,img {border:0; outline:none; selector-dummy:expression(this.hideFocus=true);}body,td,select,input,div,form,textarea,center,option,pre,blockquote {font-size:9pt; line-height:1.6; font-family:돋움;}table{border:0px;}r {display:none;}    제목 : 이베스트투자증권 ""LG디스플레이, 2분기 실적도 부진…목표가↓""  [프라임경제] 이베스트투자증권은 7일 LG디스플레이(034220)에 대해 2분기 실적도 부진할 전망이라며 투자의견은 '매수'를 유지, 목표주가는 3만원으로 하향 조정했다.   이베스트투자증권에 따르면 LG디스플레이의 올해 2분기 매출액은 5 조8000억원으로 전년 동기 대비 12.5% 하락할 예정이다. 영업적자는 1206억원으로 전 분기 대비 적자폭이 확대돼 부진할 것이라고 내다봤다.  어규진 이베스트투자증권 연구원은 ""2분기 스포츠 이벤트에 따른 TV 세트부문 판매 호조와 그에 따른 고부가가치 TV용 유기발광다이오드(OLED) 패널은 판매가 늘어났다""며 ""그러나 최근까지 TV용 액정표시장치(LCD)패널 가격의 하락폭이 오히려 확대돼 LCD패널수익성은 더욱 악화될 것""이라고 진단했다.   또한 전일 LG디스플레이는 중국 정부의 광저우 TV용 OLED 신규라인 건설승인 보류 관련 언론 보도로 OLED TV 사업에 대한 불확실성 우려감이 퍼지기도 했다.   이에 어 연구원은 ""초기 계획대비 승인이 보류되고 있는 건 사실이지만 주요한 이슈들은 해결된 상태로 조만간 승인이 진행될 것""이라며 ""최근 LCD업황의 지속적인 부진은 국내 8세대 LCD라인의 조기 전환으로 OLED TV로의 사업전환이 가속화될 가능성도 높다""고 설명했다.   그는 ""지속적인 TV용 패널가격 하락과 비 우호적인 원달러 환율 상황을 고려해 동사에 대한 올해 영업익 추정치를 하향한다""며 ""그럼에도 현 주가는 고점 대비 42.9% 하락한 상황이므로 악재보다 호재에 민감한 영역""이라고 제언했다.          해당 기사는 프라임경제(www.newsprime.co.kr)에서 제공한 것이며 저작권은제공 매체에 있습니다. 기사 내용 관련 문의는 해당 언론사에 하시기 바랍니다.  ■[하이스탁론] 주식자금이 필요할 땐 ☎ 1599-6222 연 3% 업계 최저금리, 자기자본 포함 최대 4배, 연장수수료 無 주식 매도 없이 미수, 신용 대환 / 마이너스통장식 / 기대출자도 가능 ☞ 14년 연속 스탁론 점유율 1위, 노주현이 추천하는 [하이스탁론 바로가기]  ▶【급등임박株】 “정책+실적+수급분석 완료” 주도주 '2선' 추천받기  ◆""숨은 진주발굴"" 당뇨치료제 상용화 임박! <재료주공개>   [이슈&섹터 스케줄]    2018-06-04 - 한국-필리핀 정상회담 예정 - 5G 주파수 경매 신청 마감 예정 -  한은, BOK 국제컨퍼런스 개최   2018-06-05 - 국무회의(최저임금법) - 랩온어칩 및 마이크로플루이딕스 컨퍼런스 개최(현지시간) - ""항체 엔지니어링 & 항체 치료 콘퍼런스 유럽 2018"" 개최 예정(현지시간)   2018-06-06 - 현충일 - 국내 증시 휴장 - 2018 국제회계 심포지엄 개최 예정      2018-06-07 - 美-日 정상회담 예정(현지시간) - 삼성바이오로직스, 분식 여부 판가름 예정 - 넥슨, MMORPG '카이저' 정식 출시   2018-06-08 - 6.13 지방선거 사전투표 예정 - G7 정상회의 개최 예정(현지시간) - 제5차 韓-美 에너지안보대화   2018-06-09 - 북-중-러 정상회담 예정 - 이탈치네마, 제10회 이탈리아 영화제 개최 예정 - 상하이협력기구(SCO) 정상회의 개최      Copyright ⓒ True&Live 증시뉴스 점유율1위, 인포스탁(www.infostock.co.kr) 인터넷신문(경기아51008)/무단전재 및 배포금지   본 뉴스(정보)는 해당종목의 매수/매도신호가 아니며, 이를 근거로행해진 거래에 대해 책임을 지지 않습니다."
168,3,"2018-06-07","08:52:02","<표> 선강퉁 거래 상위종목 (6일)","<표> 선강퉁 거래 상위종목 (6일)   <선구퉁>                                                         (단위: 위안) ┌─────────┬─────────┬────────┬────────┐  │종목명            │매수              │매도            │거래대금        │  ├─────────┼─────────┼────────┼────────┤  │메이디그룹        │370,131,727       │88,814,164      │458,945,891     │  ├─────────┼─────────┼────────┼────────┤  │하이크비전        │200,830,551       │211,026,121     │411,856,672     │  ├─────────┼─────────┼────────┼────────┤  │오량액            │207,960,290       │132,291,098     │340,251,388     │  ├─────────┼─────────┼────────┼────────┤  │격력전기          │195,754,713       │106,088,596     │301,843,309     │   ├─────────┼─────────┼────────┼────────┤  │양하양조          │120,692,710       │165,734,888     │286,427,598     │  ├─────────┼─────────┼────────┼────────┤  │대족레이저과기    │180,686,270       │38,442,365      │219,128,635     │  ├─────────┼─────────┼────────┼────────┤  │태격제약          │173,931,313       │36,092,267      │210,023,580     │  ├─────────┼─────────┼────────┼────────┤  │중국만과          │147,549,040       │53,465,815      │201,014,855     │  ├─────────┼─────────┼────────┼────────┤  │남사과기          │71,970,887        │94,498,202      │166,469,089     │  ├─────────┼─────────┼────────┼────────┤  │노주노교          │128,606,699       │35,310,902      │163,917,601     │  └─────────┴─────────┴────────┴────────┘    <강구퉁>                                                         (단위: 위안) ┌─────────┬─────────┬────────┬────────┐  │종목명            │매수              │매도            │거래대금        │  ├─────────┼─────────┼────────┼────────┤  │텐센트 홀딩스     │253,521,940       │123,845,260     │377,367,200     │  ├─────────┼─────────┼────────┼────────┤  │서성테크놀로지    │192,768,350       │27,589,000      │220,357,350     │  ├─────────┼─────────┼────────┼────────┤  │GENSCRIPT BIO     │110,106,400       │103,981,300     │214,087,700     │  ├─────────┼─────────┼────────┼────────┤  │RONSHINECHINA     │102,566,100       │67,748,170      │170,314,270     │  ├─────────┼─────────┼────────┼────────┤  │3SBIO             │148,535,175       │951,025         │149,486,200     │   ├─────────┼─────────┼────────┼────────┤  │금접소프트웨어    │67,446,040        │52,730,700      │120,176,740     │  ├─────────┼─────────┼────────┼────────┤  │중국만과          │44,342,835        │72,288,805      │116,631,640     │  ├─────────┼─────────┼────────┼────────┤  │중국건축자재      │45,608,060        │62,081,560      │107,689,620     │  ├─────────┼─────────┼────────┼────────┤  │중국신화에너지    │97,341,675        │8,272,525       │105,614,200     │  ├─────────┼─────────┼────────┼────────┤  │중국건설은행      │481,440           │103,249,000     │103,730,440     │  └─────────┴─────────┴────────┴────────┘   (서울=연합인포맥스)  (끝)"
168,4,"2018-06-07","08:51:52","광주시, 방범용 CCTV 활용 무단 쓰레기 투기 근절키로","[헤럴드경제(광주)=박준환 기자]광주시(시장 조억동)는 CCTV를 활용해 쓰레기 무단투기 근절에 총력을 기울일 방침이다.  시는 7일 상습 무단 쓰레기투기 지역을 대상으로 방범용 CCTV를 다목적 CCTV로 전환해 영상정보를 공동 활용한다고 밝혔다.  이는 그동안주택가 및 이면도로, 분리수거장소 등에 무단으로 버려지는 불법 쓰레기로 인해 주민 간 갈등과 많은 민원이 발생함에 따라 이를 효과적으로대처하기 위한 것으로 단순한 영상촬영 뿐만 아니라 통합관제센터 관제요원이 실시간으로 불법 상황에 대응하게 된다.     방범용 CCTV는 주택가, 골목길, 공원, 어린이보호구역, 주요목지점 등 범죄취약지역에 지난해 710개소 1652대가 설치돼 시민 안전과 범죄예방으로 활용했으며 올해 7월까지 135개소 390대를 추가로 설치해 총 2042대의 방범용 CCTV를 운영할 예정이다.  이중 1차적으로 120개소 269대의 방범용 CCTV를 다목적으로 전환해 방범 및 무단쓰레기투기 단속용으로 사용할 계획이며 기존 반경 5m 내외의 불법 쓰레기 투기 단속범위를 100m 이상까지 확대, 보다 체계적이고 효과적으로 예방 및 단속업무를 할 수 있게 됐다.  특히, CCTV 중복투자를 방지해 3억2400만원의 예산을 절감할 수 있게 됐다.  다목적으로 전환되는 방범용 CCTV에 설치된 IP비상벨은 시간별, 요일별 등 스케줄에 따라 자동으로 쓰레기 투기 방지 및 분리배출 등 안내방송이 송출되며 24시간 관제요원 모니터링에 따라 필요시 실시간 경고방송 등 계도활동도 병행하게 된다.  시관계자는 “지속적으로 필요한 곳의 방범용 CCTV를 다목적으로 전환, 활용을 확대할 예정”이라며 “예산절감 효과는 물론 맑고 깨끗한 광주시 이미지 제고에도 크게 기여할 것”이라고 말했다.   pjh@heraldcorp.com   [프리미엄 링크] ◆ [평생무료] ""주식카톡방"" 대박주를 추천받는데 100원도 안낸다~ ◆ 무료O, 회원가입X. 바로보는 증권전문가의 실시간 라이브방송.  10%수익을 40%로 만들어 준다고?? 영웅스탁론이라면 가능~! [영웅스탁론]효과적인 레버리지를 이용하여 수익률을 4배로!!    이 종목 미리 알았더라면.. 화제의 급등주검색기 실전투자 300%비법 무료체험 3일신청시 [즉시공개!]    김태희, 로또 대박?! 20억 당첨금 공개..    테마주!외국인+기관쌍끌이 매집중인 종목 전문가들도 탐내는 급등주 공식 무료배포! [클릭]    [오늘의 인기기사] ◆ [국대스탁론]업계 최저금리 2.29%! 100%한종목 투자가능+신용/ 미수 대환가능 ◆ [국민스탁론]저렴한 연2.7% 금리로 최대 4배 투자 가능 ◆ [마감임박] '급등주 문자메시지' 100% 무료로 받아보기! ◆ [상한가속출] ""깜짝놀랐다""카톡무료체험으로 3000만원 수익달성!  ◆[밴드스탁론] 연 2%대 금리, 신용 미수 대환 가능, 주식자금 전문 ☏ 1899-9044 ◆똑똑해진 소비자..한국도 이젠 소형차 시대 ◆2020년 한국 TV 2대중 1대 인터넷 연결된다"
168,5,"2018-06-07","08:51:51","합정역 화재 추정 신고로 2호선 양방향 열차 운행 중단","[아시아경제 유병돈 기자] 7일 오전 8시20분께 서울 지하철 합정역에서 화재가 발생했다는 신고가 접수돼 수분 동안 2호선 양방향 열차 운행이 중단됐다.   서울교통공사는 “연기가 들어온다”는 신고를 받고 시민 안전을 위해 우선적으로 운행을 중단시켰다.   소방 당국과 서울교통공사는 정확한 화재 상황을 파악 중이다.    ●남북경협株 선취매 all 포착.. 실적 기반 차기 주도주 '바로' 이종목! (클릭) ●'부자네스탁론' 3년 고정금리 4.15% 100% 집중투자까지 ●'대박스탁론' 3년 고정금리 3.99% 100% 집중투자까지 ●500만원투자 단 6개월만에 3억달성! 원포인트 투자종목 공개   퇴직 후 백만원으로 ""35억""번 60대男 화제! 60대 김모씨가 퇴직 후 하게 된""이것""이 35억의 대박을...    터지기 전, 잡아라!! 상반기300%이상 상승이 기대되는 대박 테마주는? 이슈 전 선취매 주식고수들만 안다는 슈퍼 우량 테마주 남들보다 먼저 받아보기    유병돈 기자 tamond@asiae.co.kr   <ⓒ세계를 보는 창 경제를 보는 눈, 아시아경제(www.asiae.co.kr) 무단전재 배포금지>"
168,6,"2018-06-07","08:51:46","원주 꽃양귀비축제, 오는 13일 4만1000여㎡에서 열려","오는 13일부터 5일간 원주시 판부면 서곡리 용수골마을 4만1000여㎡에서 개최.  【원주=서정욱 기자】원주 용수골 꽃양귀비축제가 오는 13일부터 5일간 원주시 판부면 서곡리 용수골마을 4만1000여㎡에서개최된다.  7일 원주시에 따르면 이번 축제는 4만1000여㎡에 심은 양귀비 꽃이 최근 만개해 아름다운 경관을 연출하고 있다.  7일 원주시는 원주 용수골 꽃양귀비축제가 오는 13일부터 5일간 원주시 판부면 서곡리 용수골마을 4만1000여㎡에서 개최된다 고 밝혔다. 이번 축제에서는 한복.교복입고 사진찍기, 양귀비 사진 콘테스트 대회를 비롯해 압화 부채만들기 등 다양한 체험부스가 운영된다.   이외에도 축제장 주변으로 전망대, 탐방로, 쉼터 등이 마련돼 있어, 가족.연인 등 방문객들에게 행복한 추억을 선사할 것으로 기대하고 있다.  김정윤 축제위원장은 “붉은 양귀비꽃과 함께 지친 일상에 활력을 얻고자 하는 많은 시민들의 참여할 수 있도록 최선을 다하겠다.”고 말했다. syi23@fnnews.com 서정욱 기자  ▶'모멘텀 집중' 저가에서 매집해둬야 할 상반기 유망주 3선 (지금 확인)   [파이낸셜뉴스 주요뉴스]  → 北 김정은 묵는호텔 하루 숙박비 '642만원' 누가 지불? → ""선거 알바 클라스가 다르네"".. 선거운동원 '깨방정 댄스' 화제 → ""학원 여교사가 초등생 제자 2명과 성관계"" → 견과류 일주일에 3번이상 먹으면 나타나는 변화 → 국방부에 도착한 두테르테가 가장 먼저본 국산 무기  ▶ <긴급공개> 억대계좌 이종목에서 또 터진다!    ※ 저작권자 ⓒ 파이낸셜뉴스. 무단 전재-재배포 금지 "
168,7,"2018-06-07","08:51:14","롯데주류 피츠, 국내 최대 EDM 축제 '울트라 코리아' 공식후원","롯데주류는 오는 8~10일 잠실 주경기장에서 개최되는 국내 최대 EDM 축제인 '울트라 코리아 2018(UMF)'를 공식 후원한다고 7일 밝혔다. 올해로 7주년을 맞이한 '울트라 코리아 2018(UMF)'은 매년 화려한 라인업과 다양한 이벤트를 통해 세계에서도 손꼽히는 뮤직 페스티벌로 주목받는 행사다. EDM뿐만 아니라 힙합, K팝 등 다양한 장르의 음악들을 즐길 수 있어 매 티켓 판매 기간마다 매진 행렬을 이루고 있다. 롯데주류 '피츠'는 지난해에 이어 2년 연속 '울트라코리아'를 공식 후원한다. 축제 기간 동안 운영되는 '피츠' 전용 공간인 '피츠 수퍼 펀 스타디엄'은 재미와 젊음을 콘셉트로 꾸며진다. 대형 슬라이드를 즐기고 볼풀 속에 숨어 있는 경품을 획득 할 수 있는 '피츠 럭키볼 슬라이드', 피츠 전용 EDM에 맞춰 가상 현실 게임을 즐길 수 있는 'VR체험존' 등 소비자들이 직접 참여 할 수 있는 이벤트들을 준비했다. 이밖에도 축제를 즐기다 잠시 쉬어갈 수 있도록 편안한 의자와 테이블을 비치한 '피츠 릴랙스 펍', 직접 DJ가 된 듯한 사진을 찍을 수 있는 'DJ 포토월', 개성있는 스티커 타투를 제공하는 '피츠타투 프링커' 등 현장을 찾은 고객들이 '피츠'를 마시며 다양한 콘텐츠를 즐길 수 있도록 준비했다. '피츠 수퍼 클리어' 생맥주를 직접맛볼 수 있도록 페스티벌 현장 곳곳에 판매 부스도 운영된다. 롯데주류 관계자는 ""신나는 음악과 함께 즐거운 분위기에서 '피츠'를 즐길 수 있도록 다양한 이벤트를 마련했다""며 ""앞으로도 소비자 접점에서 다양한 마케팅을 펼칠 계획""이라고 말했다. cynical73@fnnews.com 김병덕 기자  ▶'모멘텀 집중' 저가에서 매집해둬야 할 상반기 유망주 3선 (지금 확인)   [파이낸셜뉴스 주요뉴스]  →北 김정은 묵는 호텔 하루 숙박비 '642만원' 누가 지불? → ""선거 알바 클라스가 다르네"".. 선거운동원 '깨방정 댄스' 화제 → ""학원 여교사가 초등생 제자 2명과 성관계"" → 견과류 일주일에 3번이상 먹으면 나타나는 변화 → 국방부에 도착한 두테르테가 가장 먼저본 국산 무기  ▶ <긴급공개> 억대계좌 이종목에서 또 터진다!    ※ 저작권자 ⓒ 파이낸셜뉴스. 무단 전재-재배포 금지 "
169,1,"2018-06-07","08:49:00","순천향대 부천병원, 6월 '지역 주민 위한' 건강 강좌","[이데일리 이순용 기자] 순천향대 부천병원이 지역주민을 위한 6월 건강강좌를 개최한다.   ▲‘코골이와 건강’은 11일 오후 3시 순의홀(별관 지하 1층), ▲‘분만법·산전체조·수유 등에 대한 교육’은 16일 오후 3시 분만실(본관 5층), ▲‘황사, 미세먼지’는 19일 오후 12시 30분 호흡기 회의실(본관 2층), ▲‘대동맥 박리란 무엇인가?’는 20일 오후 1시 30분 순의홀(별관 지하 1층), ▲‘뇌졸중과 뇌혈관내치료’는 28일 오후 1시 30분 신경외과 외래교육실(본관 2층)에서 열린다.   이번 건강강좌는 사전 접수 없이 관심 있는사람은 누구나 참석할 수 있다.  ▶계좌회복프로젝트! 상위 전문가의 투자전략 및 추천종목‘[무료확인]’ ▶14년 연속 1위, 대한민국 대표 스탁론 하이스탁론 '    ' ＜ⓒ종합 경제정보 미디어 이데일리 - 무단전재 & 재배포 금지＞   "
169,2,"2018-06-07","08:49:00","[퀵리포트] 하이트진로, ""매수"" 유지..목표가 2만8000원 유지-신한금투","☞ 총 상금 5,160만원! 핵심종목 평생무료 수익내서 상금받자【CLICK】     [아이투자한정석 기자]신한금융투자는 7일 하이트진로(000080)에 대한 투자의견을 매수, 목표가를 2만8000원으로 제시했다. 이 증권사가 제시한 이전목표가는 이번과 동일한 2만8000원이다.  신한금융투자 홍세종 연구원이 작성한 하이트진로 리포트 주요내용은 아래와 같다.  ▶ 2Q18 연결 영업이익은 374억원(+7.0% YoY) 전망   ▶ 하반기 호실적과 가격 인상 가능성   ▶ 목표주가 28,000원, 투자의견 매수 유지                    지난 5일 주가는 전일대비 0.25% 하락한 2만350원으로 마감했다. 전일 종가 기준 주가수익배수(PER)는 39.1배, 주가순자산배수(PBR)는 1.22배, 자기자본이익률(ROE)은 3.1%다.  → [바로가기] 전 증권사 보고서 원문서비스 ‘와이즈리포트’  http://www.wisereport.co.kr/   이 기사는 투자 참고용으로 이를 근거로 한 투자 손실에 대해 책임을 지지 않습니다. 기사는 아이투자(www.itooza.com)가 제공한 것으로 저작권은 아이투자에 있습니다. 기사 내용 관련 문의는 아이투자로 문의하시기 바랍니다.    [포착]내일 급등 유망주, 지금 알려드리고 있습니다.        "
169,3,"2018-06-07","08:49:00","‘재판거래’ 놓고 양분된 법원, 합의점 찾을까…오늘 법원장 간담회 개최","[서울=뉴스핌] 고홍주 기자 = 양승태 전 대법원장 당시 벌어진 ‘재판 거래’ 의혹의 사법처리를 두고 의견이 양분된 법원이 7일 분수령을 맞을 것으로 보인다.   [서울=뉴스핌] 이형석 기자 = 김명수 대법원장이 양승태 전 대법원장 시절 법원행정처의 '재판 거래' 의혹이 확산되고 있는 5일 오후 서울 서초구 대법원에서 열린 '국민과 함께하는 사법발전위원회' 간담회에 참석하고 있다. 2018.06.05 leehs@newspim.com  김명수 대법원장은 이날 오전 10시 대법원에서 전국 법원장 간담회를 연다. 이 자리에는 안철상 법원행정처장과 전국 각급 법원장 35명이 참석해 재판 거래 관련자들의 사법처리를 두고 논의할 예정이다.  앞서 일선 판사들은 사법처리 여부를 놓고 상반된 의견을 제시했다. 서울중앙지법의 단독판사들을 비롯해 서울가정법원·서울남부지법·대구지법·춘천지법·의정부지법의 배석·단독판사 등 상대적으로 연차가 낮고 젊은 판사들은 사법처리 쪽으로 의견을 모았다.  하지만 고참급인 서울고등법원 부장판사들은 수사 의뢰에 신중을 기해야 한다는 의견을 내면서 사실상 사법처리에 제동을 걸었다.  이렇듯 법원내부 의견이 양분됨에 따라 김 대법원장의 고심은 깊어질 수밖에 없다.  ▶ 마누라 몰래 세컨드 통장만들기  ▶ 옆집 누나 매일 차 바꿔타는 이유?  김 대법원장은 지난 4일 “가감없이 입장을 들은 뒤 결정하겠다”고 입장을 밝힌 바 있다. 김 대법원장은 7일부터 8일1박2일로 예정돼 있던 2018년 대법원 상반기 워크숍 일정을 잠정 연기한 상태다.  김 대법원장은 이날 열릴 전국법원장간담회와 오는 11일로 예정된 전국법관대표회의를 거쳐 관련자 사법처리 여부와 후속 조치 등을 최종 결정할 것으로 보인다.     adelante@newspim.com [위기의 사법부] 깊어지는 사법부 불신...김명수號 앞날은 ‘악몽의 한주’ 보낸 양승태-김명수 전·현직 대법원장 [전문] 김명수 대법원장 ""잘못된 관행 바꿔야""…법관들에 위로·격려 [위기의 사법부] 김명수, 대국민사과...형사조치는 ‘만지작’ [전문] 김명수 “전국법관대표회의 등 의견을 종합, 형사상 조치 결정할 것”      ▶ 500만원으로 3억만들기 50번째 주인공 탄생! [확인]  퇴직금 100만원으로 ""이것""해 35억 번 중년男 김모씨 화제!  / 최저금리 맞춤서비스 진행중 / 10분이면 4배자금가능 / 24시간 친절상담센터 1522-3233 / 씽크풀  ★세력 입성 전, 집중공략! 20인의 전문가가 만장일치한 급등 유력株 ""오늘""만 전격공개!"
169,4,"2018-06-07","08:48:46","[Hot-Line] ""POSCO, 올해 영업이익 2011년 기록 갱신 가능성""","유안타증권은 7일 POSCO에 대해 올해 영업이익이 지난 2011년 기록한 규모를 넘어설 가능성이 있다며 투자의견 '매수', 목표주가 47만원을 유지했다.   이현수 유안타증권 연구원은 ""중국 철강시황 개선이 POSCO 철강 부문 실저게 긍정적 영향을 미치고 있으며 기타 사업 부문도 전년 수준 또는그 이상의 실적이 기대되고 있다""며 올해 영업이익은 별도 기준 4조3300억원, 연결 기준 5조 4680억원을 기록한 지난 2011년 수준을 뛰어 넘을 수 있다고 판단했다.   유안타증권은 중국 철강업계가 공급량을 늘리고 있는 데도 철강 스프레드가 높은 지난해 고점 수준을 보이고 있는 데 주목했다. 중국 철강업계는 지난 4월 역대 최대인 하루 256만t의 조강(쇳물) 생산량을 기록했다. 지난달에는 생산량이 더 많았을 것이라고 유안타증권은 추측했다. 기록적인 생산량에도 철강재 재고량은 오히려 감소하고 있다며 이에 제품 가격이 견조한 흐름을 보여 수익성이 개선되고 있다고 유안타증권은 분석했다.   이 연구원은 ""올해는 (POSCO) 주주들이 가져갈 게 많은 해가 될 수 있다""며 ""실적 개선에 따른 자기자본수익률(ROE) 상승은 주가 뿐만 아니라 배당 측면에서도 긍정적 영향을 미칠 수 있다""고 말했다.    [디지털뉴스국 한경우 기자]      ☞ 조용히 사서 묻어놔라! 6月 정말 큰돈 된다! ☞ 세계최초 항암제 개발! 신라젠 놓쳤다면, 이 종목 잡아라!! ☞ 세계 최초 신약! 1,500% 신라젠 능가할 단돈 4천원대 Bio 황제주!!! ☞ 6月 반드시 주목해야될 Best 바이오 종목!!      [ⓒ 매일경제 & mk.co.kr, 무단전재 및 재배포 금지]"
169,5,"2018-06-07","08:48:44","[단기자금] 지준 초반 3조 중반대 잉여 시작 예상..차입수요 회복 쉽지 않을 듯","지준 사이클 초반을 맞아 지준 당일이 플러스를 보일 것으로 예상된다.   7일 지준 증가요인으로는 국세환급 등 재정자금 1.3조원 가량, 한은 RP7일물 매각 만기 13.82조원, 공자기금 1.6조 등이 있다. 자금조정예금만기 1조원 가량도 있다.   지준 감소요인으로는 국고채 5년물 납입 1.6조원, 통안 2년 발행 2.6조원 등이 있다. 세입도 1.3조원 가량 대기하고 있다.   한국은행은 한은 7 일물과 14일물을 각각 10조원, 7조원 가량 매각하면서 유동성을 흡수할 것으로 예상된다.   지준 당일이 3조원 중반대의 잉여를 보일 것으로 전망된다. 전체적으로 자금 사정에 여유가 있어 보인다.   자금시장의 한 관계자는 ""한은이 RP 매각을 늘릴 수 있을 것으로 보이지만 지준 초반 당일 지준 및 적수가 잉여로 시작하면서 차입수요가 크게 회복되지는 못 할 것""이라고 전망했다.   그는 ""레포 쪽에선 국고여유자금, 꾸준한 시중은행 매수세 등으로 자금 잉여세가 지속될 것""이라고 덧붙였다.   전일 콜금리는 평균 1.475%, 익일물 거래량은 5.2조원 수준이었다. taeminchang@fnnews.com 장태민 기자      ▶'모멘텀 집중' 저가에서 매집해둬야 할 상반기 유망주 3선 (지금 확인)   [파이낸셜뉴스 주요뉴스]  → 北 김정은 묵는 호텔 하루 숙박비 '642만원' 누가 지불? → ""선거 알바 클라스가 다르네"".. 선거운동원 '깨방정 댄스' 화제 → ""학원 여교사가 초등생 제자 2명과 성관계"" → 견과류 일주일에 3번이상 먹으면 나타나는 변화 → 국방부에 도착한두테르테가 가장 먼저본 국산 무기  ▶ <긴급공개> 억대계좌 이종목에서 또 터진다!    ※ 저작권자 ⓒ 파이낸셜뉴스. 무단 전재-재배포 금지 "
169,6,"2018-06-07","08:48:28","한국야쿠르트, 발효홍삼 원기진액 출시","[아시아경제 이선애 기자]한국야쿠르트가 ‘발효홍삼 원기진액’을 출시하며 발효홍삼 브랜드를 다시 한번 강화한다.   한국야쿠르트는 건강기능식품 고시형 원료인 홍삼과 아연을 환과 액상으로 각각 담아낸 ‘발효홍삼 원기진액’을 이달 18일 선보인다고 7일밝혔다.   이 제품은 홍삼 제품 최초 이중제형 패키지를 사용해 한 병 섭취로 발효홍삼과 아연이 가지고 있는 면역 강화 효과를 한 번에 볼 수 있는 것이 특징이다.   뚜껑에 들어있는 환에는 건강기능식품 고시형 원료인 홍삼에 더해 당귀, 녹용, 숙지황 등 엄선한 10가지 부원료를 담았다. 액상에는 정상적인 면역기능에 필요한 아연 5mg을 넣었다.   환과 액상 모두에는 한국야쿠르트의 40여년 프로바이오틱스 유산균 기술력을 바탕으로 발효한 발효홍삼 농축액이 들어갔다.   기존 발효홍삼 제품과는 달리 일반 발효유처럼 매일 야쿠르트 아줌마를 통해 직접 전달하는 것도 이 제품의 차별점이다.   한국야쿠르트는 올해 4월, 프리미엄 홍삼제품인 ‘발효홍삼 황실기력단’을 선보인데 이어 ‘발효홍삼 원기진액’을 잇달아 선보이며 지속 성장하고 있는 발효홍삼 시장에서 독보적인 위치를 공고히 하겠다는 전략이다.   한국야쿠르트는 2013년부터 ‘발효홍삼K’, ‘발효홍삼정 이지’, ‘발효홍삼K 키즈5+‘를 출시하며 발효홍삼 시장의 선도기업으로 자리매김하고 있다. 이 제품 출시로 발효홍삼 브랜드에서 300억원이 넘는 연매출을 올릴 것으로 기대하고 있다.   한 병 가격은 5000원이며, 용량은 환 1250㎎(250㎎×5환), 액상 80㎖이다. 제품 주문은 야쿠르트 아줌마 또는 온라인몰 하이프레시에서 가능하다.    ●남북경협株 선취매 all 포착.. 실적 기반 차기 주도주 '바로' 이종목! (클릭) ●'부자네스탁론' 3년 고정금리 4.15% 100% 집중투자까지 ●'대박스탁론' 3년 고정금리 3.99% 100% 집중투자까지 ●500만원투자 단 6개월만에 3억달성! 원포인트 투자종목 공개   퇴직 후 백만원으로 ""35억""번 60대男 화제! 60대 김모씨가 퇴직 후 하게 된""이것""이 35억의 대박을...    터지기 전, 잡아라!! 상반기300%이상 상승이 기대되는 대박 테마주는? 이슈 전 선취매 주식고수들만 안다는 슈퍼 우량 테마주 남들보다 먼저 받아보기    이선애 기자 lsa@asiae.co.kr   <ⓒ세계를 보는 창 경제를 보는 눈, 아시아경제(www.asiae.co.kr) 무단전재 배포금지>"
169,7,"2018-06-07","08:48:23","카카오벤처스,  '리플AI'에 4억 원 투자","카카오벤처스가 감성 인공지능 기반 대화형 광고 솔루션 개발사 '리플AI'(대표 김건희)에 4억 원을 투자했다고 7일 밝혔다.  이번 투자 유치로 리플AI는 시드 펀드를 마무리했다.  리플AI는 서울대 컴퓨터공학부 시각 및 학습 연구실(SNUVL)에서 분사창업했다.  서울대 컴퓨터공학부 교수로 재직 중인 김건희 대표는 카네기멜론대 컴퓨터과학 박사 학위를 받은 후 인텔연구소, 혼다연구소, 디즈니연구소 등에서 인공지능 분야 연구원으로 지낸 경험이 있다.  리플AI는 감성 인공지능 기반 타겟팅 광고 솔루션을 제공한다. 자연어 처리, 컴퓨터 비전, 데이터 마이닝 등의 인공지능 기술을 접목해, 개인의 감정을 분석한 고차원의 온라인 최적화 광고 설계와 집행이 가능하다.  특히 리플AI가 개발하는 원천 기술은 다양한 인공지능 대화 시스템의 응용 분야에 적용될 예정이다. 리플AI는 텍스트, 사진, 동영상과 같은 다양한 형식의 온라인 데이터를통해 컴퓨터와 인간의 소통을 넘나드는 멀티모달 인터페이스 구축을 지향한다.  김건희 리플AI 대표는 ""이번 투자 유치를 통해 글로벌 연구그룹 수준의 최우수 논문을 지속적으로 출판할 뿐 아니라, 실제 플랫폼에 인공지능 연구 결과를 적용하고 유의미한 시제품을만드는 데 최선을 다하겠다""고 말했다.  이번 투자를 이끈 김기준 카카오벤처스 파트너는 ""리플AI는 감성 컴퓨팅 기술로 사람의 감정까지 이해하는 기존에 없던 차세대 광고 솔루션을 만들고 있다. 앞으로 리플AI가 인공지능이 다양한 실생활과 산업군에 적용되는 데 선도적인 역할을 할 것으로 기대한다""고 설명했다.   yutoo@fnnews.com 최영희 기자  ▶'모멘텀 집중' 저가에서 매집해둬야 할 상반기 유망주 3선(지금 확인)   [파이낸셜뉴스 주요뉴스]  → 北 김정은 묵는 호텔 하루 숙박비'642만원' 누가 지불? → ""선거 알바 클라스가 다르네"".. 선거운동원 '깨방정 댄스' 화제 → "" 학원 여교사가 초등생 제자 2명과 성관계"" → 견과류 일주일에 3번이상 먹으면 나타나는 변화 → 국방부에 도착한 두테르테가 가장 먼저본 국산 무기  ▶ <긴급공개> 억대계좌 이종목에서 또 터진다!    ※ 저작권자 ⓒ 파이낸셜뉴스. 무단 전재-재배포 금지 "
170,1,"2018-06-07","08:45:02","<뉴욕은 지금> 공화당과 반대로 가는 민주당과 2020년 대선","(뉴욕=연합인포맥스) 도널드 트럼프 미국 대통령이 2016년 취임 일성으로 대규모   인프라투자와 규제 완화, 세율 인하를 핵심 경제정책으로 내걸고, 실천하고 있다.  트럼프 행정부가 인프라투자는 아직 실행하지 못했지만 작년 말 발효한 세제개편은   일단 기업의 올해 1분기 순이익을 크게 늘리는 효과를 톡톡히 봤다. 앞으로 기업과   가계가 세금을 덜 낸 만큼 투자와 고용, 소비를 늘릴지는 더 지켜봐야 하지만 최근   기업 투자지표가 호조를 보여, 일단 출발은 좋은 상황이다. 트럼프의 공약은 공화당   의 전통적 가치인 작은 연방 정부와 적은 세금을 크게 벗어나지 않았다.    *그림1*    <사진 설명 : 필 머피 뉴저지 주지사가 뉴저지 파라무스 고등학교 체육관에서 주   민들과 대화를 하고 있다.>   이와 달리, 2016년 대통령 선거에서 진 공화당의 맞수인 민주당은 전혀 다른 길   을 가고 있다. 올해 주지사의 당적이 공화당에서 민주당으로 바뀐 뉴저지주는 연방   정부의 세율 인하와 정반대로 세금을 더 걷겠다는 정책을 펼친다. 필 머피 주지사는   주세율을 6.625%에서 7%로 높이고, 100만 달러가 넘는 소득에 10.75%의 주세율을 부   과하겠다고 했다. 현재 뉴저지주에서 가장 높은 구간의 소득세율은 50만 달러 이상에  8.97%다. 이렇게 벌어들인 세금 수입 증가분이 13억7천만 달러가량이 될 것으로 추   산하고 있다. 머피 주지사는 늘어난 예산을 공공교육과 연금, 낙후된 인프라 개선에   사용할 계획이다. 머피는 또 트럼프 대통령이 폐지한 오바마케어도 뉴저지주에서 부   활시켰다. 사회 보장을 강화하는 방향이다.    *그림2*    <사진 설명 : 2016년 대선 직후 버니 샌더스 민주당 버몬트주 상원 의원>   또 다른 움직임은 최근 미 노동시장이 완전고용 상태라는 평가를 받는 상황을 봤   을 때 뜬금없기까지 하다. 지난 선거에서 민주당 대통령 후보가 되지 못했지만, 여전   히 잠룡 중 하나인 버니 샌더스 상원 의원(버몬트)의 일자리 대책이 그렇다. 샌더스   의원은 원하는 모든 노동자에게 시간당 15달러의 임금과 건강보험 혜택을 보장해주   는 공공 일자리 대책을 준비 중이다. 지지자들은 공공 일자리를 늘리는 정책이 민간   고용시장을 더 달굴 것으로 전망한다. 결국, 이렇게 되면 기업이 현재 일하는 직원   에게 임금과 복지혜택을 더 줄 것이라는 논리다. 민주당의 정책은 공공분야를 통해   민간분야에 영향을 끼치는 방향으로 간다. 이 방식으로 가장 성공한 예가 민주당 출   신의 프랭클린 D 루스벨트 대통령이 펼친 '뉴딜' 정책이 있다.    *그림3*    <사진 설명 : 2000년부터 미국 실업률 추이. 회색 막대 기간이 미국 침체기다.  출처 : 세인트루이스 연은>   관건은 다가올 다음 미국의 대선이 예정된 해가 2020년이라는 점이다. 이때는 경   제전문가들이 미국의 경기 하강이 시작될 것으로 전망하는 시점이다. 월스트리트저널  (WSJ)에 따르면 경제전문가 59%는 2020년에 경기 침체가 올 것으로 내다봤다. 이런   시나리오가 맞는다면 많은 사람이 일자리를 잃기 시작하는 경제적으로 힘든 시기에   다음 대선이 치러질 수 있다. 지난 5월 18년만에 가장 낮은 3.8%까지 떨어졌던 실업   률도 다시 오를 수 있다. 2007년 말 4.7%였던 실업률이 7.8%로 올랐던 2009년 1월에   버락 오바마 대통령이 조지 W 부시 대통령에게서 백악관을 넘겨받았다. 2020년 미   대선 결과는 경기 확장기가 언제까지 이어질지가 큰 변수로 작용하는 방정식 풀이일   수도 있다. 정답은 미국 유권자만이 알고 있다. (이종혁 특파원)  liberte@yna.co.kr   (끝)   <저작권자(C)연합인포맥스뉴스. 무단 전재-재배포 금지.>"
170,2,"2018-06-07","08:45:01","<뉴욕은 지금> 공화당과 반대로 가는 민주당과 2020년 대선","<뉴욕은 지금> 공화당과 반대로 가는 민주당과 2020년 대선       (뉴욕=연합인포맥스) 도널드 트럼프 미국 대통령이 2016년 취임 일성으로 대규모 인프라투자와 규제 완화, 세율 인하를 핵심 경제정책으로 내걸고, 실천하고 있다. 트럼프 행정부가 인프라투자는 아직 실행하지 못했지만 작년 말 발효한 세제개편은 일단 기업의 올해 1분기 순이익을 크게 늘리는 효과를 톡톡히 봤다. 앞으로 기업과 가계가 세금을 덜 낸 만큼 투자와 고용, 소비를 늘릴지는 더 지켜봐야 하지만 최근 기업 투자지표가 호조를 보여, 일단 출발은 좋은 상황이다. 트럼프의 공약은 공화당의 전통적 가치인 작은 연방 정부와 적은 세금을 크게 벗어나지 않았다.       *그림1*       <사진 설명 : 필 머피 뉴저지 주지사가 뉴저지 파라무스 고등학교 체육관에서 주민들과 대화를 하고 있다.>       이와 달리, 2016년 대통령 선거에서 진 공화당의 맞수인 민주당은 전혀 다른 길을 가고 있다. 올해 주지사의 당적이 공화당에서 민주당으로 바뀐 뉴저지주는 연방 정부의 세율 인하와 정반대로 세금을 더 걷겠다는 정책을 펼친다. 필 머피 주지사는 주세율을 6.625%에서 7%로 높이  고, 100만 달러가 넘는 소득에 10.75%의 주세율을 부과하겠다고 했다. 현재 뉴저지주에서 가장 높은 구간의 소득세율은 50만 달러 이상에 8.97%다. 이렇게 벌어들인 세금 수입 증가분이 13억7천만 달러가량이 될 것으로 추산하고 있다. 머피 주지사는 늘어난 예산을 공공교육과 연금, 낙후된 인프라 개선에 사용할 계획이다. 머피는 또 트럼프 대통령이 폐지한 오바마케어도 뉴저지주에서 부활시켰다. 사회 보장을 강화하는 방향이다.       *그림2*       <사진 설명 : 2016년 대선 직후 버니 샌더스 민주당 버몬트주 상원 의원>       또 다른 움직임은 최근 미 노동시장이 완전고용 상태라는 평가를 받는 상황을 봤을 때 뜬금없기까지 하다. 지난 선거에서 민주당 대통령후보가 되지 못했지만, 여전히 잠룡 중 하나인 버니 샌더스 상원 의원(버몬트)의 일자리 대책이 그렇다. 샌더스 의원은 원하는 모든 노동자에게 시간당 15달러의 임금과 건강보험 혜택을 보장해주는 공공 일자리 대책을 준비 중이다. 지지자들은 공공 일자리를 늘리는 정책이 민간 고용시장을 더 달굴 것으로 전망한다. 결국, 이렇게 되면 기업이 현재 일하는 직원에게 임금과 복지혜택을 더 줄 것이라는 논리다. 민주당의 정책은 공공분야를 통해 민간분야에 영향을 끼치는 방향으로 간다. 이 방식으로 가장 성공한 예가 민주당 출신의 프랭클린 D 루스벨트 대통령이   펼친 '뉴딜' 정책이 있다.       *그림3*       <사진 설명 : 2000년부터 미국 실업률 추이. 회색 막대 기간이 미국 침체기다. 출처 : 세인트루이스 연은>       관건은 다가올 다음 미국의 대선이 예정된 해가 2020년이라는 점이다. 이때는 경제전문가들이 미국의 경기 하강이 시작될 것으로 전망하는 시점이다. 월스트리트저널(WSJ)에 따르면 경제전문가 59%는 2020년에 경기 침체가 올 것으로 내다봤다. 이런 시나리오가 맞는다면 많은 사람이 일자리를 잃기 시작하는 경제적으로 힘든 시기에 다음 대선이 치러질 수 있다. 지난 5월 18년만에 가장 낮은 3.8%까지 떨어졌던 실업률도 다시 오를 수 있다. 2007년 말 4.7%였던 실업률이 7.8%로 올랐던 2009년 1월에 버락 오바마 대통령이 조지 W 부시 대통령에게서 백악관을넘겨받았다. 2020년 미 대선 결과는 경기 확장기가 언제까지 이어질지가 큰 변수로 작용하는 방정식 풀이일 수도 있다. 정답은 미국 유권자만이 알고 있다. (이종혁 특파원)      liberte@yna.co.kr  (끝)"
170,3,"2018-06-07","08:45:00","CJ제일제당, 美 쉬완스 인수 시 기업가치 재평가-키움","[이데일리 이명철 기자] 키움증권은 CJ제일제당(097950)의 미국 식품업체 쉬완스 컴퍼니 인수 추진설에 대해 식품 부문은 글로벌 성장을 위한 입지가 확보될 것이라며 기업가치도 재평가 될 가능성이 높다고 진단했다. 투자의견은 매수(Buy), 목표주가 41만원을 유지했다. 지난 5월 11일 목표주가(41만원)대비 평균주가 괴리율은 마이너스(-) 16.34%다.  CJ제일제당은 지난 5일 쉬완스 컴퍼니 인수 추진설에 대한 조회공시를 요구 받았다. 이에 회사는 이날 “해외 식품사업 경쟁력 강화 방안 일환으로 미국 가공식품 회사 인수를 검토하고 있으나 구체적으로 결정된 사항은 없다”도 답변했다.  박상준 키움증권 연구원은 “쉬완스 컴퍼니는 미국 냉동식품 제조 업체로 주요 제품은 냉동 피자, 냉동 디저트 등이고 연 매출액과 상각전영업이익(EBITDA) 규모가 각각 3조2400억원, 2800억원 수준”이라며 “작년 11월 대주주가 회사를 매각할 가능성이 제기됐고 당시매각 예상금액은 약 2조7000억원 수준으로 추산됐다”고 분석했다. 그는 또 “언론상 제기된 매각 예상금액과 회사의 헬스케어 매각대금(1조3100억원)을 감안한다면 50% 내외의 지분율 확보에는 큰 무리가 없을 것”이라고 덧붙였다.  인수가 실제로 추진되면 주당순이익(EPS)과 밸류에이션 레벨의 상향을 통해 기업가치가 재평가 될 가능성이 높다는 판단이다. 그는 “높은 밸류에이션을 받는 가공식품의 매출과 영업이익 비중이 최대 51%, 63%까지 확대될 가능성이 있다”며 “식품 부문의 글로벌 성장을 위한 입지가 확보될 수 있다”고 설명했다.  쉬완스 컴퍼니는 미국 냉동피자 소매시장에서 네슬레에 이어 시장점유율 2위고 다양한 유통채널을 갖췄다. CJ제일제당은 미국 시장에서 특정제품·채널에 대한 의존도가 높고 식품매장(Grocery) 경로 입지가 약해 쉬완스 컴퍼니의 제품·채널 포트폴리오가 외형 성장에 도움될 가능성이 높을 전망이다.   김 연구원은 “쉬완스 컴퍼니의 EBITDA 레벨은 CJ제일제당의 작년 EBITDA의 약 33% 수준으로 인수합병(M&A)을 통   해 이익 레벨이 상향될 수 있다”며 “인수 금액과 딜 구조가 합리적이라면 기업가치가 재평가 될 가능성이 높다”고 전했다.  ▶계좌회복프로젝트! 상위 전문가의 투자전략 및 추천종목‘[무료확인]’ ▶14년 연속 1위, 대한민국 대표 스탁론 하이스탁론 '    ' ＜ⓒ종합 경제정보 미디어 이데일리 - 무단전재 & 재배포 금지＞   "
170,4,"2018-06-07","08:45:00","디아이씨, 전기 택배차 출시로 매출 증가 기대-현대차","[이데일리 박형수 기자] 현대차투자증권은 7일 디아이씨(092200)에 대해 전기 택배차 ‘칼마토’를 출시하면서 본격적으로 전기차 관련 사업을 시작한다고 분석했다.  유성만 현대차투자증권 연구원은 “전기 택배차 칼마토는 지난달 17일부터 양산을 시작했다”며 “올해 약 750대가량을 판매할 것으로 예상한다”고 설명했다.  이어 “내년에는 약 3000여대 판매할 것으로 기대한다”며 “올해부터 본격적으로전기차와 전기차 부품 매출이 발생할 것”이라고 덧붙였다.  유 연구원은 또 “주요 고객사인 현대차와 기아차의 중국 출하량이 올해 4월부터 큰폭으로 증가하고 있다”며 “자동차 트랜스미션을 공급하는 디아이씨 실적에도 긍정적인 영향을 줄 것”이라고 분석했다.  ▶계좌회복프로젝트! 상위 전문가의 투자전략 및 추천종목‘[무료확인]’ ▶14년 연속 1위, 대한민국 대표 스탁론 하이스탁론 '    ' ＜ⓒ종합 경제정보 미디어 이데일리 - 무단전재 & 재배포 금지＞   "
170,5,"2018-06-07","08:44:20","[원자재시황] 국제유가, 美 재고 부담에 하락… WTI 두 달 만 최저","국제유가는 6일(현지시간) 미국의 재고 증가 부담으로 하락했다. 이날 뉴욕상업거래소(NYMEX)에서 7월 인도분 서부 텍사스산 원유(WTI) 는 전날보다 배럴당 0.79달러(1.2%) 하락한 64.73달러에 거래를 마쳤다. 지난 4월 9일 이후 두 달 만의 최저치다. 산유국들의 증산 우려가 투자심리를 지속해서 압박했다. 여기에 미국의 원유재고까지 큰 폭으로 증가한 것으로 집계되면서 하락 폭을 키웠다. 미 에너지정보청(EIA)에 따르면 지난주 미국의 원유재고는 207만 배럴 증가했다. 다만 런던 ICE 선물거래소의 7월물 브렌트유는 같은 시각 배럴당 0.16달러(0.21%) 상승한 75.54달러에 거래되고 있다. 금값은 약보합권에 머물렀다. 이날 뉴욕상품거래소(COMEX)에서 8월 인도분 금값은 전날보다온스당 0.80달러(0.06%) 하락한 1,301.40달러에 거래를 마쳤다. 특별한 재료 없이 좁은 범위에서 등락했다는 분석이다. bhoon@fnnews.com 이병훈 기자  ▶'모멘텀 집중' 저가에서 매집해둬야 할 상반기 유망주 3선 (지금 확인)   [파이낸셜뉴스 주요뉴스]  → 北 김정은 묵는 호텔 하루 숙박비 '642만원' 누가 지불? → ""선거 알바 클라스가 다르네"".. 선거운동원 '깨방정 댄스' 화제 → ""학원 여교사가 초등생 제자 2명과 성관계"" → 견과류 일주일에 3번이상 먹으면 나타나는 변화 → 국방부에 도착한 두테르테가 가장 먼저본 국산 무기  ▶ <긴급공개> 억대계좌 이종목에서 또 터진다!    ※ 저작권자 ⓒ 파이낸셜뉴스. 무단 전재-재배포 금지 "
170,6,"2018-06-07","08:44:13","CJ제일제당(097950), 조회공시요구 (미국 식품업체 쉬완스컴퍼니(Schwan's Company) 인수 추진설에 대한 조회공시 답변)","CJ제일제당(097950), 조회공시요구 (미국 식품업체 쉬완스컴퍼니(Schwan#s Company) 인수 추진설에 대한 조회공시 답변)  예전에 조회공시요구가 있었던 미국 식품업체 쉬완스컴퍼니(Schwan#s Company) 인수 추진설에 대한 조회공시 답변에 대한 답변이 공시되었다. 답변공시에서 나타난 주요내용은 다음과 같다.   해외 식품사업 경쟁력 강화방안의 일환으로 미국 가공식품 회사 인수를 검토하고 있으나, 현재까지 구체적으로 결정된 사항은 없습니다.  이와 관련하여 추후 구체적인 내용이 결정되는 시점 또는 1개월이내에 재공시 하겠습니다.  (공시책임자) 재경실장 정승욱  ※이 내용은 거래소의 조회요구(2018년 6월 5일 17:29)에 따른 공시사항임   By HeRo (hero@heraldcorp.com) “이 기사는 헤럴드와 인공지능기술개발기업 ㈜씽크풀이 공동 개발한 기사 자동생성 알고리즘에 의해 실시간으로 작성된 것입니다”     [프리미엄 링크] ◆ [평생무료] ""주식카톡방"" 대박주를 추천받는데 100원도 안낸다~ ◆ 무료O, 회원가입X. 바로보는 증권전문가의 실시간 라이브방송.  10%수익을 40%로 만들어 준다고?? 영웅스탁론이라면 가능~! [영웅스탁론]효과적인 레버리지를 이용하여 수익률을 4배로!!    이 종목 미리 알았더라면.. 화제의 급등주검색기 실전투자 300%비법 무료체험 3일신청시 [즉시공개!]    김태희, 로또 대박?! 20억 당첨금 공개..    테마주!외국인+기관 쌍끌이 매집중인 종목 전문가들도 탐내는 급등주공식 무료배포! [클릭]    [오늘의 인기기사] ◆ [국대스탁론]업계 최저금리 2.29%! 100%한종목 투자가능+신용/ 미수 대환가능 ◆ [국민스탁론]저렴한 연2.7% 금리로 최대 4배 투자 가능 ◆ [마감임박] '급등주 문자메시지' 100% 무료로 받아보기! ◆ [상한가속출] ""깜짝놀랐다"" 카톡무료체험으로 3000만원 수익달성!  ◆[밴드스탁론] 연 2%대 금리, 신용 미수 대환 가능, 주식자금 전문 ☏ 1899-9044 ◆똑똑해진 소비자..한국도 이젠 소형차 시대 ◆2020년 한국 TV 2대중 1대 인터넷 연결된다"
170,7,"2018-06-07","08:44:00","퓨전국악그룹 클랜타몽, 프랑스 무대 달군다","- 6월 8~20일 프랑스 투어콘서트 - 대금산조·살풀이 등 공연      퓨전국악밴드 클랜타몽(사진=클랜타몽).  [이데일리 이윤정 기자] 퓨전국악밴드 클랜타몽이 8 일부터 20일까지 프랑스 투어콘서트를 떠난다. 한국콘텐츠진흥원 해외공연개최 지원사업의 일환이다.   클랜타몽은 전통예술을 전공한아티스트들이 모여 한국 전통의 굿 음악과 춤을 현대의 클럽문화에 담아 새로운 장르의 한국음악을 만들어 나가고 있는 밴드다. 2016년 첫 쇼케이스 이후 일본 가나자와 재즈스트리트에 공식 초청돼 호평을 받았을 뿐만 아니라 지난해 자체기획으로 한 달간 프랑스 남부 투어콘서트도진행한 바 있다.  클랜타몽은 이번 투어를 통해 클럽·학교 등에서 4번의 단독콘서트와 파리·앙제에서 프랑스방송 KFTV촬영을 진행한다. 또한 주프랑스 한국문화원에서 ‘캐치(CATCH)’를 공연하고, 프랑스 앙제에 위치한 초등학교에서는 대금산조·살풀이·설장고 등의 전통공연을 선보인다. 유럽진출을 꾀하기 위해 기획자들과의 미팅도 진행할 예정이다.   국악기획사 더원아트코리아를 설립한 클랜타몽의멤버 최재한 대표는 “공연을 일주일 앞두고 현지 공연장의 티켓이 매진됐다”며 “전 세계적으로 문화적 동화가 이루어지고 있는 현시대에발맞춰 지속적으로 해외시장의 문을 두드릴 것”이라고 말했다.      퓨전국악밴드 클랜타몽(사진=클랜타몽).    퓨전국악밴드 클랜타몽(사진=클랜타몽).  ▶계좌회복프로젝트! 상위 전문가의 투자전략및 추천종목‘[무료확인]’ ▶14년 연속 1위, 대한민국 대표 스탁론 하이스탁론 ' ='_blank'>    ' ＜ⓒ종합 경제정보 미디어 이데일리 - 무단전재 & 재배포 금지＞   "
171,1,"2018-06-07","08:40:37","KB증권(주) 상장지수증권 괴리율 초과 발생(KB Monthly Best 11 ETN)","*        상장지수증권 괴리율 초과 발생   1. 종목명 KB Monthly Best 11 ETN  2. 대상 1% 초과시 신고(국내)  3. 내용 기준일 ETN 가격(원) 지표가치(원) 괴리율(%)  2018-06-05 10,230 9,999.31 2.31  4. 발생사실 KB Monthly Best11 ETN의 2018년 6월 5일자 시장가격은 10,230 원으로 마감하여, 지표가치 9,999.31원보다 2.31% 고평가되는 양(+)의 괴리가 발생하였습니다.  5. 발생원인 전일 해당 ETN의 가장 마지막에 체결된 체결가격이 당일의 종가가 되면서 IV 대비 괴리율이 높은 상태로 시장이 종료되었습니다.  6. 투자판단과 관련한    중요한 사항 괴리율은 ETN 시장가격과 지표가치의 차이를 비율로 표시한 투자위험 지표로서 동 비율이 양수(+)인 경우는 시장가격이 지표가치보다 고평가(음수(-)인 경우는 시장가격이 지표가치보다 저평가)된상태를 의미하므로 투자시 유의해야 합니다.   해당 괴리율의 발생은 해당 ETN의 거래부진으로 인해 일어난 현상입니다. IIV에서 이격된 가격에서 투자할 시 지수의 움직임과 투자성과가 일치되지 않을 수 있으므로 투자에 유의하시기 바랍니다.     1. 괴리율은 ETN의 시장가격과 일일지표가치(Indicative Value)의 차이를 지표가치로      나눈 값으로서, ETN 가격의 고평가(양의 괴리율) 또는 저평가(음의 괴리율) 상태를      의미하는 투자참고지표입니다.   2. 국내자산으로만구성된 기초지수를 이용하는 ETN은 괴리율 1%, 해외자산이 포함된      기초지수를 이용하는 ETN은 괴리율 2% 초과시 각각 괴리율 초과 발생 사실을      안내합니다."
171,2,"2018-06-07","08:40:31","KB증권(주) 상장지수증권 괴리율 초과 발생(KB KQ 우량주30 ETN)","*"
171,3,"2018-06-07","08:40:27","대우조선해양, 초대형 컨테이너선 7척수주…실적 회복 기대","*        상장지수증권 괴리율 초과 발생   1. 종목명 KB KQ 우량주30 ETN  2. 대상 1% 초과시 신고(국내)  3. 내용 기준일 ETN 가격(원) 지표가치(원) 괴리율(%)  2018-06-05 15,035 15,811.19 -4.91  4. 발생사실 KB KQ우량주30 ETN의 2018년 6월 5일자 시장가격은 15,035원으로마감하여, 지표가치 15,811.19원보다 4.91% 저평가되는 음(-)의 괴리가 발생하였습니다.  5. 발생원인 전일 해당 ETN의 가장 마지막에 체결된 체결가격이 당일의 종가가 되면서 IV 대비 괴리율이 낮은 상태로 시장이 종료되었습니다.  6. 투자판단과 관련한    중요한 사항 괴리율은 ETN 시장가격과 지표가치의 차이를 비율로 표시한투자위험 지표로서 동 비율이 양수(+)인 경우는 시장가격이 지표가치보다 고평가(음수(-)인 경우는 시장가격이 지표가치보다 저평가)된 상태를 의미하므로 투자시 유의해야 합니다.   해당 괴리율의 발생은 해당 ETN의 거래부진으로 인해 일어난 현상입니다. IIV에서 이격된 가격에서 투자할 시 지수의 움직임과 투자성과가 일치되지 않을 수 있으므로 투자에 유의하시기 바랍니다.     1. 괴리율은 ETN의 시장가격과 일일 지표가치(Indicative Value)의 차이를 지표가치로      나눈 값으로서, ETN 가격의 고평가(양의 괴리율) 또는 저평가(음의 괴리율) 상태를      의미하는 투자참고지표입니다.   2. 국내자산으로만 구성된 기초지수를 이용하는 ETN은 괴리율 1%, 해외자산이 포함된      기초지수를 이용하는 ETN은 괴리율 2% 초과시 각각 괴리율 초과 발생 사실을      안내합니다."
171,4,"2018-06-07","08:40:27","KB증권(주) 상장지수증권 괴리율 초과 발생(KB 우량주 Monthly Best 11 ETN)","[팍스넷데일리 공도윤 기자] 대우조선해양이 현대상선으로부터 2만3천TEU급 초대형 컨테이너선 7척을 수주했다. 수주잔고 증가세 전환으로매출 하락세가 마무리될 전망이다.   최진명 케이프투자증권 연구원은 7일 “강재가격 인상, LNG선가 정체, 원화 강세 등에도 불구하고 마진 높은 LNG선이 매출 비중에서 확대되는 추세”라며 “2018년 2분기는 매출 2조3780억원, 영업이익 880억원을 예상한다”고 제시했다.   특히 대우조선해양은 LNG선박 시장에서 독보적인 시장우위를 차지하는 가운데 정책적 지원에 따른 컨테이너선 수주 수혜가 이어지며 예상보다 빠른 성과를 보일 것으로 기대된다.   최 연구원은 “대우조선해양의 최근 수주목표(73억 달러) 달성률은 57%이며, LNG/FSRU 비중이 41.4%를 차지하며 LNG 특화업체임을 과시하고있다”며 “해양부문 사업 축소에도 불구하고 수주잔고 하락세는 예상보다 빠르게 진전돼 기대 이상의 수주성과가 기대된다”고 밝혔다.   이어 “수주성과 기대감을 반영해 투자의견 매수 유지와 함께 목표주가를 3만5500원으로 상향조정했다”고 밝혔다.   공도윤 기자 dygong@paxnet.kr    ●남북경협株 선취매 all 포착.. 실적 기반 차기 주도주 '바로' 이종목! (클릭) ●'부자네스탁론' 3년 고정금리 4.15% 100% 집중투자까지 ●'대박스탁론' 3년 고정금리 3.99% 100% 집중투자까지 ●500만원투자 단 6개월만에 3억달성! 원포인트 투자종목 공개  [관련기사]  ☞ [조선업 부활 신호탄]3兆 초대형 발주…빅3 모두 웃었다  ☞ 정성립 대우조선해양 사장 연임…조선 3사, 내부 베테랑 회사 이끌어(종합)  ☞ 정성립 대우조선해양 사장 연임…""과거처럼 어렵지 않을 것""  ☞ 대우조선해양, 3조원 규모 '육상 원유생산 플랜트' 첫 모듈 출항  ☞ [후판값 줄다리기]업황 살아난다지만…조선업계의 속사정    퇴직 후 백만원으로 ""35억""번 60대男 화제! 60대 김모씨가 퇴직 후 하게 된""이것""이 35억의 대박을...  터지기 전, 잡아라!! 상반기300%이상 상승이 기대되는 대박 테마주는? 이슈 전 선취매 주식고수들만 안다는 슈퍼 우량 테마주 남들보다 먼저 받아보기   <ⓒ세계를 보는 창 경제를 보는 눈, 아시아경제(www.asiae.co.kr) 무단전재 배포금지>"
171,5,"2018-06-07","08:40:06","호텔 여기어때 ""전국 20여개 가맹점, 라돈 수치 안전""","*        상장지수증권 괴리율 초과 발생   1. 종목명 KB 우량주 Monthly Best 11 ETN  2. 대상 1% 초과시 신고(국내)  3. 내용 기준일 ETN 가격(원) 지표가치(원) 괴리율(%)  2018-06-05 9,515 9,419.53 1.01  4. 발생사실 KB 우량주 Monthly Best11 ETN의 2018년 6월 5일자 시장가격은 9,515원으로 마감하여, 지표가치 9,419.53원보다 1.01% 고평가되는 양(+)의 괴리가 발생하였습니다.  5. 발생원인 전일 해당 ETN의 가장 마지막에 체결된 체결가격이 당일의 종가가 되면서 IV 대비 괴리율이 높은 상태로 시장이 종료되었습니다.  6. 투자판단과 관련한    중요한 사항 괴리율은 ETN 시장가격과 지표가치의 차이를 비율로 표시한 투자위험 지표로서 동 비율이 양수(+)인 경우는 시장가격이 지표가치보다 고평가(음수(-)인 경우는 시장가격이 지표가치보다 저평가)된 상태를 의미하므로 투자시 유의해야 합니다.   해당 괴리율의 발생은 해당 ETN의 거래부진으로 인해일어난 현상입니다. IIV에서 이격된 가격에서 투자할 시 지수의 움직임과 투자성과가 일치되지 않을 수 있으므로 투자에 유의하시기 바랍니다.     1. 괴리율은 ETN의 시장가격과 일일 지표가치(Indicative Value)의 차이를 지표가치로      나눈 값으로서, ETN 가격의 고평가(양의 괴리율) 또는 저평가(음의 괴리율) 상태를      의미하는 투자참고지표입니다.   2.국내자산으로만 구성된 기초지수를 이용하는 ETN은 괴리율 1%, 해외자산이 포함된      기초지수를 이용하는 ETN은 괴리율 2% 초과시 각각 괴리율 초과 발생 사실을       안내합니다."
171,6,"2018-06-07","08:40:04","관광공사, 인도 유명 배우 초청해 韓홍보 프로그램 제작","관광공사, 인도 유명 배우 초청해 韓홍보 프로그램 제작     (서울=연합뉴스) 김은경 기자 = 한국관광공사는 13억 인구의 인도 시장을 개척하기 위해 현지 유명 연예인 커플을 초청, 한국 관광 매력을 소개하는 TV 특집프로그램을 제작할 계획이라고 6일 밝혔다.  현지 공중파 방송 인디아 TV와 함께 8일부터 14일까지 한국을 방문하는 로한 메헤라와 칸치 싱씨는 인도 인기 TV드라마에 연인으로 출연했다가 실제 커플이 돼 신예 스타로 주목받는 배우들이다.  방문 기간에 경복궁, 명동 등 서울과 성산일출봉 등 제주의 관광명소를 찾고 카약과 요트 등 다양한 레저체험도 한다.  촬영 내용은 약 1개월 내 현지 공중파를 통해 방영된다.  이들 커플은 촬영 기간에 본인이 운영하는 팔로워 100만명 이상의 사회관계망서비스(SNS)에서 한국 관광을 실시간 홍보할 예정이다.  권종술 한국관광공사 뉴델리지사장은 ""인도는 스타 연예인들의 행동과 말, 거취에 따라 현지인들의 반응이 놀라울 정도로 민감하다""며 "" 자국 문화에 대한 자부심이 매우 강해 한류를 통한 접근보다는 역으로 발리우드 영화나 뮤직비디오 촬영 등을 한국으로 유치해 홍보하는 방식으로 접근을 달리할 필요가 있다""고 말했다.  공사는 인도시장에서의 셀럽 마케팅을 지속 강화할 계획이다.  올해 7월에는 인도의 온라인 여행사인 이지고원과 서울관광재단, 경기관광공사, 제주관광공사 등과 함께 '미스인디아' 우승자와 준우승자를 초청할 예정이다.  공사는 이들의 다양한 방한 체험활동을 영상과 사진으로 담아 방한 상품 개발 및 판촉에 활용한다.  김성훈 한국관광공사 아시아중동팀장은 ""현지 유명인을 활용한 셀럽 마케팅을 진행하고, 현지 대학 한국어학과 학생 및 친한 인사 등과함께 인도 내 한국 관광에 대한 인지도를 개선해 나갈 계획""이라고 밝혔다.  kamja@yna.co.kr   (끝)    <긴급속보 SMS 신청> <포토 매거진> < M-SPORTS >   <저작권자(c) 연합뉴스, 무단 전재-재배포 금지>"
171,7,"2018-06-07","08:40:01","리켐 ""횡령 혐의 경영진 지난 3월 이미 사퇴, 현재 회사와 무관""","리켐(131100)은 경영진의 횡령 혐의와 관련한 조회공시가 다시 요구된데 대해 “횡령 혐의와 관련된 최초 조회공시는 지난 2월 2일 진행됐다”며 “혐의와 관련된 경영진은 지난 3월 모두 사퇴했으며, 2월 조회공시 이후 진행 사항이 있을 때마다 수차례 재답변을 진행하고 있다”고밝혔다.  이어 “이번 조회공시 요구는 현 경영진 및 회사가 진행 중인 신규 사업과는 무관하다”고 덧붙였다.   안재만 기자 hoonpa@chosunbiz.comCopyrights ⓒ ChosunBiz.com"
172,1,"2018-06-07","08:35:55","CJ제일제당 ""美 가공식품 업체 인수 검토 중""","CJ제일제당 ""美 가공식품 업체 인수 검토 중""    (서울=연합뉴스) 임은진 기자 = CJ제일제당[097950]은 미국 식품업체 쉬완스컴퍼니(Schwan's Company) 인수 추진설에 대한 조회공시 요구에 ""해외 식품사업 경쟁력 강화 방안의 일환으로 미국 가공식품 회사 인수를 검토하고 있으나, 현재까지 구체적으로 결정된 사항은 없다""고 7일 공시했다.  engine@yna.co.kr   (끝)    <긴급속보 SMS 신청> <포토 매거진> < M-SPORTS >   <저작권자(c) 연합뉴스, 무단 전재-재배포 금지>"
172,2,"2018-06-07","08:35:52","中, 민간기업 혁신적 발전 이끌 법안 발표","중국 당국이 민간기업의 혁신적 발전을 지원할 법안을 발표했다.   6일 운재경에 따르면 중국 과학기술부, 전국공상업연합회가 함께 <민간기업의 혁신적 발전을 이끌 지도의견(이하 지도의견)>을 발표했다.    <지도의견>은 민간기업의 국가 과학기술 프로젝트 참여를 장려 및 지원할 것이며 특히 '과학기술2030' 등의 국가 중대 프로젝트에도적극 참여할 수 있도록 장려할 것이라 강조했다.   또한 혁신 채권 정책을 실시할 것이라 밝히며 이와 동시에 업종별 혁신 채권 발행 시범안을 실시해 민간기업이 혁신 채권을 구매할 수 있도록 조치하여 민간기업의 원가 절감도 지원할 것이라 밝혔다.    이어 국가 중대 과학기술 인프라, 과학기술 설비, 과학데이터 및 과학기술 관련 프로젝트 등 자원을 민간기업에 개방 및 공유해 민간기업의과학기술 능력도 향상시킬 것이라 덧붙였다.   출처: 운재경"
172,3,"2018-06-07","08:35:50","[7일 써치엠차이나 morning Brief]","◆ 전 거래일(6일) 증시 현황  -상해종합지수 3115.18p(+0.03%)  -심천성분지수 10365.13p(-0.20%)  -홍콩항셍지수 31259.102p(+0.53%)  -중소판지수 7142.59p(-0.06%)  -창업판지수 1743.25p(-0.16%)    <정책/이슈>  ◆ 국무원, 사회 신용 시스템 건설 및 완비 조치 확정  ◆ 6개 유니콘 전략 투자 펀드 승인, 이르면 내주 청약 시작할 듯   ◆ 태양광 발전 선두 기업, 국가에너지국 방문해 태양광 발전 신규 발표에 대한 업계 영향 및 관련 건의 사항 보고  ◆ 증감회, 중국 특색 갖춘 증권 권리 침해 민사 손해배상 소송 제도 연구 중...약자의 위치에 있는 중소 투자자 보호 효과 기대  ◆ MLF 담보품 범위 확대...반기 말 자금 수요를 완화해 안정적인 자금 상황 유지하려는 의도로 풀이돼  ◆ 신화사, 해외 투자자 A주 투자 진행 중...10일간 후구퉁, 선구퉁 거래 통해 306억 위안 순유입  ◆ 6개 보험사 세수 이연형 양로보험 상품 첫 판매 시작  ◆ 재정부 등 3개 부처, <당과 국가기관 개혁 관련 국유자산 관리 공작에 대한 통지> 발표...개혁 과정 중 국유자산의 유실 예방할 것   <산업>  ◆ [기계] 5월 굴착기 판매량 증가율 최대 70% 전망...예상치 상회  ◆ [화공] 환경보호 정책 속 중기적 공급부족 상황 주시  ◆ [기계] 하반기 투자 핵심은 자주적 통제와 선진제조       searchmchina@searchmchina.com"
172,4,"2018-06-07","08:35:44","맨유 무리뉴 감독, 월드컵 축구분석 일당 6억원 받는다","[헤럴드경제=이슈섹션] 맨체스터 유나이티드의 무리뉴(포르투갈) 감독이 2018 러시아 월드컵 기간에 나흘동안 RT방송국에서 축구 분석을 맡으면서 170만 파운드(약 24억3천400만원)를 받는다고 영국 일간지 ‘데일리 메일’이 전했다.  무리뉴 감독은 7일(한국시간) 러시아 RT 방송을 통해 공개한 자신의 러시아 월드컵 조별리그 분석 영상에서 F조 1, 2위를 각각 독일과 멕시코로 점쳤다.  스웨덴과 한국은 각각 3위와 4위로 꼽으면서 한국의 16강 가능성을 가장 낮게 평가했다.    [사진=러시아 RT 방송 홈페이지 ]  무리뉴 감독은 A조 전망을 이야기하면서 “경험과 뛰어난 선수들은 물론 정신력도 강한 우루과이가 손쉽게 조 1위를 차지할 것”이라며 “러시아는 충분히 이집트를 앞설 것이다”라고 말했다. 그러면서 무함마드 살라(리버풀)가부상으로 재활하고 있는 ‘복병’ 이집트의 조별리그 탈락을 전망했다.  더불어 B조 스페인, C조 프랑스, D조 아르헨티나, E조 브라질, F조 독일, G조 잉글랜드, H조 세네갈을 각 조 1위로 예상했다.  반면 그는 전반적으로 아시아축구연맹(AFC) 소속팀들의 16강 진출 가능성을 부정적으로 봤다.  A조 사우디아라비아, B조 이란, F조 한국, H조 이란 등 4개국은 모두 조별리그 최하위로 꼽은 가운데 C조의 호주만 조 2위로 16강 진출을 내다봤다.  무리뉴 감독은 E조를 전망하면 “(맨유 소속)우리 팀 선수들이 승리했으면 좋겠지만, 개인적으로는 그들이 조별리그에서 일찍 탈락해 휴식을 취했으면 좋겠다”라고 농담을 던지기도 했다.  onlinenews@heraldcorp.com    [프리미엄 링크] ◆ [평생무료] ""주식카톡방"" 대박주를 추천받는데 100원도 안낸다~ ◆ 무료O, 회원가입X. 바로보는 증권전문가의 실시간 라이브방송.  10%수익을 40%로 만들어 준다고?? 영웅스탁론이라면 가능~! [영웅스탁론]효과적인 레버리지를 이용하여 수익률을 4배로!!    이 종목미리 알았더라면.. 화제의 급등주검색기 실전투자 300%비법 무료체험 3일신청시 [즉시공개!]    김태희, 로또 대박?! 20억 당첨금 공개..    테마주!외국인+기관 쌍끌이 매집중인종목 전문가들도 탐내는 급등주 공식 무료배포! [클릭]    [오늘의 인기기사] ◆ [국대스탁론]업계 최저금리 2.29%! 100%한종목 투자가능+신용/ 미수 대환가능 ◆ [국민스탁론]저렴한 연2.7% 금리로 최대 4배 투자 가능 ◆ [마감임박] '급등주 문자메시지' 100% 무료로 받아보기! ◆ [상한가속출] ""깜짝놀랐다"" 카톡무료체험으로 3000만원 수익달성!  ◆[밴드스탁론] 연 2%대 금리, 신용 미수 대환가능, 주식자금 전문 ☏ 1899-9044 ◆똑똑해진소비자..한국도 이젠 소형차 시대 ◆2020년 한국 TV 2대중 1대 인터넷 연결된다"
172,5,"2018-06-07","08:35:30","애경 AGE 20`s, 日 시장 도전장","애경산업의 'AGE 20's (에이지투웨니스)'가 중국에이어 일본 시장에 문을 두드린다.   애경산업은 대표 화장품 브랜드 AGE 20's를 일본의 양대 홈쇼핑 채널 중 하나인 QVC 홈쇼핑을 통해 현지에서 선보인다 7일 밝혔다.   오는 8일 일본 QVC 홈쇼핑에서 '에센스 커버팩트'를 15시와 21시 두차례 방송한다. 이날에는 모델 견미리가 직접 출연해 제품 설명을 맡을 예정이다.   2013년 9월 홈쇼핑을 통해 처음 출시된 AGE 20's 에센스 커버팩트는 '에센스 포켓기술'로 고체 파운데이션 속에 고농축 수분 에센스가 함유된 독특한 제형과 촉촉함, 커버력을 모두 갖춘 탄탄한 제품력을 바탕으로 큰 인기를 얻고 있다.    '인생팩트', '모녀팩트', '완판팩트' 등 수많은 애칭을 얻으며 '에센스 팩트'라는 새로운 카테고리를 만들었으며, 원조 에센스 팩트로 국내홈쇼핑에서 현재까지 누적판매 630만 세트, 4400억원을 기록하고 있다.   국내 인기에 힘입어 지난 2016년 중국에 진출한 바 있다. 애경은 지난해 중국 최대 온라인 플랫폼 '티몰 글로벌'에서 파운데이션부문 1위에오르는 등 해외 시장에서 성장 가능성을 인정 받자 이후 일본 시장 진출까지 긍정적으로 추진한 것으로 보인다.   애경산업 관계자는 ""AGE 20's 에센스 커버팩트는 꼼꼼한 국내 소비자들로부터 탄탄한 제품력으로 성공한 제품""이라며 ""제품 선정이 까다롭기로 유명한 QVC 홈쇼핑 진출한 만큼 일본 소비자들로부터도 인정받을 것으로 기대한다""고 말했다.    [디지털뉴스국 김규리 기자]      ☞ 조용히 사서 묻어놔라! 6月 정말 큰돈 된다! ☞ 세계최초 항암제 개발! 신라젠 놓쳤다면, 이 종목 잡아라!! ☞ 세계 최초 신약! 1,500% 신라젠 능가할 단돈 4천원대 Bio 황제주!!! ☞ 6月 반드시 주목해야될 Best 바이오 종목!!      [ⓒ 매일경제 & mk.co.kr, 무단전재 및 재배포 금지]"
172,6,"2018-06-07","08:35:18","벡스코 부대시설 부지 개발사업 제안 재공고입찰","부산시는 해운대구 우동 벡스코 부대시설 부지 9911.2㎡에 대해 오는 18일까지 사업자 개발사업 제안 공모를 재공고입찰한다고 7일 밝혔다.  이 부지는 관광호텔 및 판매시설 등이 포함된 전시컨벤션산업 부대시설로 개발하기 위한 것이다.   이번 재공고입찰은 지난 4월 10일부터 이달 1일까지 제안 공모 당시 유찰된 데 따른 것으로, 재공고입찰 결과 입찰자가 1인뿐인 경우 해당 입찰 참가자가 제출한 제안서에 대해 심사를 거친 후 적정하다고 판단되면 해당 입찰자와의 수의계약 체결을 검토할 계획이다.   토지감정가격은 1361억원이며, 부지 매각대금은 토지감정가격 이상으로 신청자가 제시한 가격으로 한다. 사업자는 '주차장 면적을 제외한 개발 연면적을 차지하는 도입시설 중 관광호텔업이 최대 비율을 차지하도록 배치하되, 차상위 도입시설의 비율과 최소 10% 이상 차이를 두는 시설배치를 해야 한다. 또한 '매수일로부터 관광호텔의 용도로 10년 이상 사용해야 한다'라는 내용의 특약등기를 해야 한다.   개발계획 신청사업자는 사업제안서 제출 시 사업신청보증금(토지감정가격의 5%, 현금 또는 보증서)을 우선 부산시에 납부해야 하며, 시는 평가위원회의 심사를 거쳐 최종결과를 시 홈페이지를 통해 발표할 예정이다.   공모결과 우선협상대상자로 선정된 사업자는 발표일로부터 10일 이내에 계약금액의 10% 이상을 계약보증금으로 부산시에 납부하고 매매계약을 체결해야 한다. 잔금은 '공유재산법 및 동법 시행령' 규정에 따라 매매계약 체결 후 60일 이내에 납부해야 한다. 기타 공모와 관련하여 기타 상세한 사항은 부산시 홈페이지(고시·공고 또는 공지사항) 공고문을 참고하면 된다.    [디지털뉴스국 조성신 기자]      ☞ 조용히 사서 묻어놔라! 6月 정말 큰돈 된다! ☞ 세계최초 항암제 개발! 신라젠 놓쳤다면, 이 종목 잡아라!! ☞ 세계 최초 신약! 1,500% 신라젠 능가할 단돈 4천원대 Bio 황제주!!! ☞ 6月 반드시 주목해야될 Best 바이오 종목!!      [ⓒ 매일경제 & mk.co.kr, 무단전재 및 재배포 금지]"
172,7,"2018-06-07","08:35:00","리켐 ""횡령 혐의 경영진 지난 3월 사퇴.. 현 회사 및 신사업과 무관""","[서울=뉴스핌] 김민경 기자 = 경영진 횡령 혐의에 휘말린 리켐이 ""혐의를 받고있는 경영진은 지난 3월 사퇴했다""며 “현 경영진 및 회사가 진행 중인 신규 사업과는 무관하다”고 7일 밝혔다.  리켐은 지난 5일 한국거래소의 조회 공시에 대해 현재 횡령 혐의 고소가 접수된 사실 외 추가로 확인된 바 없다고 답변했다.  이재호 리켐 이사는 ""횡령 혐의와 관련된 최초 조회공시는 지난 2월 2일 진행됐다""며 ""혐의와 관련되는 경영진은 지난 3월 모두 사퇴했다""고 말했다.  그는 ""2월 조회공시에 대해 진행 사항이 있을 때 마다 수 차례 재답변을 진행해왔다""며 ""공시 제목을 변경할 수 없어서 기존 제목으로 답변하고 임직원들이참고인 신분으로 조사에 응했을 뿐 혐의와 관련해 확정된 사항은 없다""고 덧붙였다.  ▶ 마누라 몰래 세컨드 통장만들기  ▶ 옆집 누나매일 차 바꿔타는 이유?  주주가치 훼손 우려에 대해 사과도 덧붙였다. 이재호 이사는 ""자금 조달을 통한 재무구조 안정을 이루고신사업을 통해 회사가 재도약하려는 시점에서 불미스러운 일이 함께 진행돼 주주 분들께 죄송할 따름""이라며 ""진행 중인 사업에는 차질이 없을 것이며 기업가치 및 주주가치 제고를 위해 최선을 다할 것""이라고 강조했다.     cherishming17@newspim.com      ▶ 500만원으로 3억만들기 50번째 주인공 탄생! [ 확인]  퇴직금 100만원으로 ""이것""해 35억 번 중년男 김모씨 화제!  / 최저금리 맞춤서비스 진행중 / 10분이면 4배자금가능 / 24시간 친절상담센터 1522-3233 / 씽크풀  ★세력 입성 전, 집중공략! 20인의 전문가가 만장일치한 급등 유력株 ""오늘""만 전격공개!"
173,1,"2018-06-07","08:32:16","[한경로보뉴스] 전일, 외국인 코스닥에서 에이치엘비(-8.73%), 서울반도체(-2.32%) 등 순매도","외국인 투자자는 05일 코스닥에서 에이치엘비, 서울반도체, 삼천당제약 등을 중점적으로 매도한 것으로 나타났다.  외국인 투자자의 순매도 상위 20개 종목은 에이치엘비, 서울반도체, 삼천당제약, 제넥신, 펄어비스, 신라젠, 셀트리온제약, 카카오M, EMW, 에스모등이다.  이중에 운송장비·부품 업종에 속한 종목이 3개 포함되어 있다.  신라젠, 카카오M, EMW 등은 전일 대비 주가가 상승했고, 에이치엘비, 서울반도체, 삼천당제약 등은 주가가 하락했다.  [06월05일]코스닥 외국인 순매도 상위 종목       한경로보뉴스  이 기사는 한국경제신문과 씽크풀이 공동 개발한 기사 자동생성 알고리즘에 의해 실시간으로 작성된 것입니다. - 기사오류문의 02-3277-9940    [ 무료 주식 카톡방 ] 국내 최초, 카톡방 신청자수 38만명 돌파 < 업계 최대 카톡방 > --> 카톡방 입장하기!! 40억 ""이것""통해 벌었다는 남성 알고보니 ""개인파산""한 개그맨 A씨? ▶ <긴급공개> 2분기 이끌 新대장주 BEST 5 억대계좌 이종목에서 또 터진다! >> [바로확인]     ⓒ 한국경제 & hankyung.com, 무단전재 및 재배포 금지"
173,2,"2018-06-07","08:32:06","[한경로보뉴스] 전일, 코스닥 기관 순매수상위에 반도체 업종 6종목","기관 투자자는 05일 코스닥에서 SKC코오롱PI, SK머티리얼즈, 테라젠이텍스 등을 중점적으로 사들인 것으로 나타났다.  기관 투자자의순매수 상위 20개 종목은 SKC코오롱PI, SK머티리얼즈, 테라젠이텍스, 카카오M, 동진쎄미켐, 셀트리온헬스케어, 포스코켐텍, CJ오쇼핑, 매직마이크로, 파라다이스등이다.  이중에 반도체 업종에 속한 종목이 6개 포함되어 있다.  SKC코오롱PI, SK머티리얼즈, 테라젠이텍스등은 전일 대비 주가가 상승했고, 셀트리온헬스케어, 매직마이크로, 에코프로 등은 주가가 하락했다.  [06월05일]코스닥 기관 순매수 상위 종목       한경로보뉴스  이 기사는 한국경제신문과 씽크풀이 공동 개발한 기사 자동생성 알고리즘에 의해 실시간으로 작성된 것입니다. - 기사오류문의 02-3277-9940    [ 무료 주식 카톡방 ] 국내 최초, 카톡방 신청자수 38만명 돌파 < 업계 최대 카톡방 > --> 카톡방 입장하기!! 40억 ""이것""통해 벌었다는 남성 알고보니 ""개인파산""한 개그맨 A씨? ▶ <긴급공개> 2분기 이끌 新대장주 BEST 5 억대계좌 이종목에서 또 터진다! >> [바로확인]     ⓒ 한국경제 & hankyung.com, 무단전재 및 재배포 금지"
173,3,"2018-06-07","08:32:01","[한경로보뉴스] 전일, 외국인 코스닥에서 컴투스(+1.74%), SKC코오롱PI(+7.89%) 등 순매수","외국인 투자자는 05일 코스닥에서 컴투스, SKC코오롱PI, 이오테크닉스 등을 중점적으로 사들인 것으로 나타났다.  외국인 투자자의 순매수 상위 20개 종목은 컴투스, SKC코오롱PI, 이오테크닉스, 카페24, 솔브레인, 스튜디오드래곤, 유니테스트, 바이로메드, 테스, 주성엔지니어링등이다.  이중에 반도체 업종에 속한 종목이 5개 포함되어 있다.  컴투스, SKC코오롱PI, 이오테크닉스 등은 전일 대비 주가가 상승했고, 카페24, 바이로메드, 에스엠 등은 주가가 하락했다.  [06월05일]코스닥 외국인 순매수 상위 종목       한경로보뉴스  이 기사는 한국경제신문과 씽크풀이 공동 개발한 기사 자동생성 알고리즘에 의해 실시간으로 작성된 것입니다. - 기사오류문의 02-3277-9940    [ 무료 주식 카톡방 ] 국내 최초, 카톡방 신청자수 38만명 돌파 < 업계 최대 카톡방 > --> 카톡방 입장하기!! 40억 ""이것""통해 벌었다는 남성 알고보니 ""개인파산""한 개그맨 A씨? ▶ <긴급공개> 2분기 이끌 新대장주 BEST 5 억대계좌 이종목에서또 터진다! >> [바로확인]     ⓒ 한국경제 & hankyung.com, 무단전재 및 재배포 금지"
173,4,"2018-06-07","08:32:01","FitBit(FIT), CFO 퇴임에도 견고한 펀더멘털 - Roth","Roth Capital의 Scott Searle 애널리스트는 FitBit(FIT)의 매수 투자 의견과 8 달러 목표 주가를 유지했다.  그는 “CFO의 퇴임 이후에도 계속해서 목표 달성을 할 수 있을 것으로 본다”고 주장했다.  “전임 CFO가 동사가 재무적 절제력과 헬스 케어 초점을 갖게 되는데 핵심 역할을 했었다”고 설명했다.  “그러나, CFO 자리 인수인계가 체계적으로 질서 있게 잘 이뤄지고 있다”고 전했다.  “따라서, 전임 CFO는 동사가 견고한 펀더멘털 기반을 갖춘 상태에서 떠나게 된다”고 말했다."
173,5,"2018-06-07","08:32:00","포스코건설 ‘송도 더샵 트리플타워’ 상가 분양","[이데일리 정병묵 기자] 포스코건설은 인천광역시 연수구 송도동 일대에 들어서는 ‘송도 더샵 트리플타워’ 상업시설을 분양한다고 7일 밝혔다.  상업시설과 오피스텔로 구성된 송도 더샵 트리플타워 상업시설은 지상 1~2층, 2개 동 총 161호실로 구성된다. 1, 2층 전면 개방형 설계와 차별화된 외관 디자인으로 송도를 대표하는 랜드마크 스트리트형 상업시설이 될 것으로 기대를 받고 있다.   대형 쇼핑몰인 트리플 스트리트와 송도 현대프리미엄 아울렛, 홈플러스 송도점, 오네스타몰 등이 인근에 위치해 풍부한 유동인구를 갖췄다. 뿐만 아니라 송도국제도시 내 지하철역 유동인구가 가장 많은 테크노파크역세권 상권으로 배후수요 확보가 수월하다.  송도 더샵 트리플타워 상업시설은 브랜드네임에 걸맞게 입점자들이 컨셉 및 업종별 선택을 편리하게 하도록 다양한 매장 규모로 조성될 예정이다. 또한 가시성이 뛰어난 4면대로변 배치로 인해 배후수요 유입도 용이하다. 상업시설 내에는 음식점 및 편의시설 등 다양한 시설이 들어올 수 있다.  소비력이 우수한 직장인 배후수요도 갖췄다. 삼성바이오로직스, 셀트리온 등 바이오 산업단지가 인접하며 코오롱글로벌 본사, 포스코글로벌 R&D센터, 한국생산기술연구원 등 다수의 기업체들도 가까이 있다.        ▶계좌회복프로젝트! 상위 전문가의 투자전략 및 추천종목‘[무료확인]’ ▶14년 연속 1위, 대한민국대표 스탁론 하이스탁론 '    ' ＜ⓒ종합 경제정보 미디어 이데일리 - 무단전재 & 재배포 금지＞   "
173,6,"2018-06-07","08:32:00","""남북경협주 반락 불가피…덜 오른 식료품주 주목""","[이데일리 안혜신 기자] 한국투자증권은 남북경협주로 식료품주도 부각될 수 있다고 봤다.  정훈석 한국투자증권 연구원은 7일 “남북경협이 구체화 될수록 기대감만으로 급등한 종목의 반락은 불가피하다”며 “과거 대북지원의 주류품이었던 식료품주에 대한 접근은 무리없는 선택지”라고 말했다.  123여개로 구성한 남북경협주들의 주가 흐름을 보면 코스피 대비 초과수익률이 100%포인트를 넘어서고 있다.경험칙에 비추어 볼 때 북미 정상회담을 전후해 ‘소문에 사고 뉴스에 팔아라’라는 격언에서 자유롭지 못한 종목이 다수 출현할 수밖에 없다.  정 연구원은 “중요성(importance)과 모호함(ambiguity)의 곱에 비례하는 테마의 속성상 남북경협의 모호성이 낮아지고 구체화되면될수록 기대감만으로 급등한 종목들의 경우 반락세로 돌아서는 것은 자연스러운 수순”이라면서 “하지만 대내외 불확실성이 높고 실적 가측성이 낮아질 때에는 개별종목 장세가 연출될 소지가 크다는 점에서 높은 변동성에도 불구 개별종목들을 중심으로 형성된 남북경협 관련 테마주들에 대한 시장 관심은 지속될 공산이 크다”고 분석했다.  남북경협 관련주의 주가 급등세를 단순히 테마주 플레이라고 치부하기 보다는 북한이라는 광대한 신시장의 출현을 반영한 시장 흐름으로 해석하는 타당하다는 주장이다. 각종 인프라 구축에 1차적으로 집중하는 양상을 보였지만, 남북경협이 구체화될수록 막연한 스토리에 기반한 투자에서 좀 더 합리적인 관점에서 경험칙과 전망치에 근거한 투자로 전이되리라는 것이다.   과거 북한에 대한 정부 및 민간차원 무상지원 품목들을 살펴보면 분유, 밀가루 등 필수 식료품들이 주류를 이뤘다.또 식료품주들은 남북경협주의 급등락 속에 상대적으로 오름폭이 작아 가격부담이 노정될 여지가 거의 없다. 남북경협 가능성을 배제하더라도 식료품 관련주의 상승 여력은 충분하다는 점도 이를 뒷받침해준다. 정 연구원은 “전술적 차원에서 중소형 음식료 관련주 중 남북경협으로성장 스토리를 형성할 수 있거나 상대적 저평가로 인해 평균회귀의 여지가 큰 종목들을 주목할 필요가 있는 시점”이라고 주장했다.   ▶계좌회복프로젝트! 상위 전문가의 투자전략 및 추천종목‘[무료확인]’ ▶14년 연속 1위, 대한민국 대표 스탁론 하이스탁론 '    ' ＜ⓒ종합 경제정보 미디어 이데일리 - 무단전재 & 재배포 금지＞   "
173,7,"2018-06-07","08:31:56","[한경로보뉴스] 전일, 기관 거래소에서 삼성전자(+0.39%), 한미약품(-3.4%) 등 순매도","기관 투자자는 05일 거래소에서 삼성전자, 한미약품, 삼성물산 등을 중점적으로 매도한 것으로 나타났다.  기관 투자자의 순매도 상위20개 종목은 삼성전자, 한미약품, 삼성물산, 신세계, 현대중공업지주, LG전자, SK하이닉스, SK이노베이션, 현대건설, 유한양행등이다.  이중에 금융업 업종에 속한 종목이 5개 포함되어 있다.  삼성전자, 신세계, LG전자 등은 전일 대비 주가가 상승했고, 한미약품, 삼성물산, 현대중공업지주 등은 주가가 하락했다.  [06월05일]거래소 기관 순매도 상위 종목       한경로보뉴스  이 기사는 한국경제신문과 씽크풀이 공동 개발한 기사 자동생성 알고리즘에 의해 실시간으로 작성된 것입니다. - 기사오류문의 02-3277-9940    [ 무료 주식 카톡방 ] 국내 최초, 카톡방 신청자수 38만명 돌파 < 업계 최대 카톡방 > --> 카톡방 입장하기!! 40억 ""이것""통해 벌었다는 남성 알고보니 ""개인파산""한 개그맨 A씨? ▶ <긴급공개> 2분기 이끌 新대장주 BEST 5 억대계좌 이종목에서 또 터진다! >> [바로확인]     ⓒ 한국경제 & hankyung.com, 무단전재 및 재배포 금지"
174,1,"2018-06-07","08:28:47","외국인/기관 연속 순매수일 상위 20종목(코스피)","@media all and (max-width: 400px) {img{max-width:340;height:auto;}}.dayTBL a:link {font-family: 돋움;font-size: 11px;line-height: 18px;color:#666666;text-decoration: none}.dayTBL a:visited {font-family: 돋움;font-size: 11px;line-height: 18px;color: #666666;text-decoration: none}.dayTBL a:hover {font-family: 돋움;font-size: 11px;line-height: 18px;color: #840000;text-decoration: none}.dayTBL nobr {width:85px; text-overflow:ellipsis; overflow:hidden; cursor:pointer; float:left}.todayBDb {border-bottom: #000000 0.5pt solid}.tblGrp{padding:0; border-spacing:0; border-collapse:collapse; border:0;vertical-align:top;width:279px}.tblGrp td{vertical-align:top}.dayTBL {width:93px; padding:0; border-spacing:0; border-collapse:collapse; vertical-align:top; border:0}.dayTBL td{font-size:12px; font-family:돋움; color:#333333;line-height:18px;padding:0}.divSch1{float:left}.divSch2{float:left}.divLink{float:left;margin-right:10px;margin-bottom:5px;}.tdSch{border: #E6E6E6 0.1pt solid;height:75;padding:0}.tdSchToday {border: #000000 1pt solid;height:75;background-color:#fffff0;padding:0}.tdSchTomorrow {border-left:0}.tdSchYesterday {border-right:0}.tdDate{background-color:#c8e7ff;height:10;text-align:center}.ad {text-align:center; font-size:8pt; font-family:돋움;line-height:1.2}.lg {margin-bottom:20px;}.title{font-size:15px;color:#203c76;font-weight:bold;margin-bottom:20px;}a,img {border:0; outline:none; selector-dummy:expression(this.hideFocus=true);}body,td,select,input,div,form,textarea,center,option,pre,blockquote {font-size:9pt; line-height:1.6; font-family:돋움;}table{width:100%; border:0px;}@media (min-width:650px){img {max-width:600px;height:auto}}@media (max-width:650px){img {max-width:500px;height:auto}}@media (max-width:550px){img {max-width:400px;height:auto}}@media (max-width:450px){img {max-width:300px;height:auto}}@media all and (max-width: 400px) {img {max-width:300px;height:auto}.tbl_dmd {width:340;text-align:right;border-collapse:collapse;}}.pv{display:none;}.popup {cursor : pointer;color:#0078c6;}.mttl {color:#821e1e;font-weight:bold;font-size:9pt;}.tldot {font-size:7pt;color:#0078c6;}td.pls {color:#ff3300;}td.mns {color:blue;}td.pls_ar {text-align:right;color:#ff3300;}td.ar {text-align:right;}td.ac {text-align:center;}.tbl_dmd {width:380;text-align:right;border-collapse:collapse;}.tbl_dmd {max-width:400;min-width:340;text-align:right;border-collapse:collapse;}.tbl_dmd td {padding-right:5;border:1px solid #dcdcdc;}.tbl_con {width:340;border-collapse:collapse;text-align:center;}.tbl_con td {padding-right:5;border:1px solid #dcdcdc;}r {display:none;}    외국인기관 종목명연속일종목명연속일"
174,2,"2018-06-07","08:28:33","[Hot-Line] ""애경산업, 견미리 팩트 판매 호조 지속""","하이투자증권은 7일 애경산업에 대해 AGE 20’S(일명 견미리 팩트)의 판매 호조세가 당분간 지속될 전망이라며 투자의견 '매수'와 목표주가 7만1000원을 제시했다.   애경산업은 생활뷰티 기업으로 생활용품·화장품 제조와 판매 사업을 하고 있다. 지난 3월 22일 코스피에 상장했다. 주요 생활용품 브랜드로는 스파크, 케라시스, 2080치약, 트리오 등을 보유하고 있으며 국내 시장 점유율은 2위다. 화장품 부문은 대표 제품인 에센스 팩트 AGE 20'S 의 국내 및 중국에서의 판매량 증가에 따라 화장품 부문의 실적 기여도가 증가 중이다.   조경진 하이투자증권 연구원은 ""올해에도 판매 채널 확대와 믹스 개선에 따른 AGE 20'S의 성장이 지속될 것으로 예상된다""며 ""올해 애경산업연간 매출로 전년대비 19% 증가한 7457억원을, 영업이익으로는 55.7% 오른 774억원을 전망한다""고 말했다.   AGE 20'S 에센스 커버팩트는 애경산업이 국내 최초로 에센스를 시각화한 고형 수분팩트(에센스 포켓 기술)를 자체 연구·개발해 출시한 제품이다. 기초 스킨케어와 색조 화장이 동시에 가능해 국내뿐만 아니라 중국 소비자들에게도 인기를 끌고 있다.   채널별 판매비중은 홈쇼핑 45%, 면세점 25%, 수출 24% (중국·동남아)다. 애경산업은 앞으로 홈쇼핑 중심의판매에서 면세점과 수출을 통한 판매채널 믹스 개선으로 수익성을 향상할 계획이다. 중국 수출은 대부분 온라인 글로벌관을 통한 역직구 방식으로 판매되고 있다. 지난해 9월에는 중국 상해법인(AK무역유한공사) 설립해 온라인뿐만 아니라 오프라인 채널 확대를 통해 중국을 대상으로 한 수출 매출 확대를 기대하고 있다.   조 연구원은 ""AGE 20'S의 비중이 높은 편이나 중국에서는 아직 출시되지 않은 제품이 많은 상태인 데다 (국내 시즌 10 출시, 중국 시즌 6 판매 중), 국내에서도 AGE 20'S의 에센스 커버팩트 수요 지속과 채널 확장에 따른 판매 증가 추세는 당분간 지속될 것""이라고 내다봤다.    [디지털뉴스국 김제이 기자]      ☞ 조용히 사서 묻어놔라! 6月 정말 큰돈 된다! ☞ 세계최초 항암제 개발! 신라젠 놓쳤다면, 이 종목 잡아라!! ☞ 세계 최초 신약! 1,500% 신라젠 능가할 단돈 4천원대 Bio 황제주!!! ☞ 6月 반드시 주목해야될 Best 바이오 종목!!      [ⓒ 매일경제 & mk.co.kr, 무단전재 및 재배포 금지]"
174,3,"2018-06-07","08:28:24","""트럼프, 김정은에 `마라라고 2차 정상회담` 제안 가능성""","도널드 트럼프 미국 대통령이 6·12 미북정상회담 이후 후속 회담 개최 가능성을 제기한 가운데 김정은 북한 국무위원장을 만난 자리에서 플로리다 팜비치의 마라라고 리조트를 2차 회담 장소로 제안할 수도 있다고 블룸버그 통신이 6일(현지시간) 보도했다.   마라라고는 트럼프 대통령의 개인 별장으로, '겨울 백악관'으로도 불려온 곳이다. 트럼프 대통령은 이곳에서 시진핑(習近平) 중국 국가주석, 아베 신조(安倍晋三) 일본 총리 등과 정상회담을 한 바 있다.   블룸버그 통신은 ""트럼프 대통령은 (이번 미북정상회담에서) 후속 회담을 마라라고 리조트에서 하자고 (김정은 위원장에게) 제안하는 방안을만지작거리고 있다""고 보도했다. 두 사람이 '죽이 맞는다면' 2차 정상회담은 아마도 가을에 열릴 것이라고 블룸버그 통신은 전했다.   백악관은 그러나 김 위원장이 이번 6·12 싱가포르 정상회담에서 트럼프 대통령에게 핵무기 포기에 대한 시간표를 약속하길 바라고 있다고 보도했다. 또 트럼프 대통령은 회담이 잘 진행되지 않으면 회담장 밖으로 걸어 나올 각오가 돼 있으며, 북한에 어떠한 양보도 제공하지 말 것을 조언받고 있다고 통신은 전했다.   백악관 관계자도 비핵화 관련 후속회담 개최 가능성을 언급했다. 켈리엔 콘웨이 백악관 선임고문은 이날 기자들과 만나 트럼프 대통령과 김위원장간에 ""한번의 회담, 한 번의 대화보다 더 있을 수 있다""며 ""핵 협상에는 2·3·4·5번의 회담이 필요하게 될지도 모른다""고 밝혔다고의회전문매체 더 힐 등이 보도했다.    [디지털뉴스국]      ☞ 조용히 사서 묻어놔라! 6月 정말 큰돈 된다! ☞ 세계최초 항암제 개발! 신라젠 놓쳤다면, 이 종목 잡아라!! ☞ 세계 최초 신약! 1,500% 신라젠 능가할 단돈 4천원대 Bio 황제주!!! ☞ 6月 반드시 주목해야될 Best 바이오 종목!!      [ⓒ 매일경제 & mk.co.kr, 무단전재 및 재배포 금지]"
174,4,"2018-06-07","08:28:16","인도 유명인사 초청, 한국관광 알리기 본격화!","관광공사 뉴델리지사, 인도 연예인 커플 및 ‘미스인디아’ 초청 등 인도시장  현지 셀럽 마케팅 강화.  【원주=서정욱 기자】한국관광공사(사장 안영배, 이하 공사)는 13억 인구 거대잠재시장인 인도 시장 개척을 위해 현지 유명 연예인 커플을 초청, TV특집프로그램을 제작해 한국 관광 매력을 소개할 계획이라고 7일 밝혔다.   한국관광공사에 따르면 현지 공중파 방송 인디아 TV(India TV)와 함께 오는 8일부터 14일까지 한국을 방문하는 ‘로한 메헤라(Rohan Mehra)’와 ‘칸치 싱(Kanchi Singh)’씨는 인도 인기 TV드라마(‘What is this relationship called?’)에 연인으로 출연했다가 실제커플이 되어 신예스타로 각광받고 있는 배우들이다.   7일 한국관광공사(사장 안영배, 이하 공사)는 13억 인구 거대 잠재시장인 인도 시장 개척을 위해 현지 유명 연예인 커플을 초청, TV특집프로그램을 제작해 한국 관광 매력을소개할 계획이라고 밝혔다. 사진은 남자 출연진 로한 메헤라(Rohan Mehra). 방문 기간 중 경복궁, 명동 등 서울과 성산일출봉 등 제주의 관광명소를 방문하고 카약과 요트 등 다양한 레저체험도 할 예정이다.   촬영 내용은 약 1개월 내에 현지 공중파를 통해 방영될 계획이다. 또한 이들 커플은 촬영 기간 중 본인이 운영하는 각 팔로워 100만명 이상의 사회관계망서비스(SNS)를 통해한국 관광을 실시간 홍보할 예정이다.    7일 한국관광공사(사장 안영배, 이하 공사)는 13억 인구 거대 잠재시장인 인도 시장 개척을 위해 현지 유명 연예인 커플을 초청, TV특집프로그램을 제작해 한국 관광 매력을 소개할 계획이라고 밝혔다. 사진은 여자 출연진 칸치 싱(Kanchi Singh). 권종술 한국관광공사 뉴델리지사장은 “인도는 스타 연예인들의 행동과 말, 거취에 따라 현지인들의 반응이 놀라울 정도로 민감하고, 자국문화에 대한 자부심이 매우 강하여 한류를 통한 접근 보다는 역으로 발리우드 영화나 뮤직비디오 촬영 등을 한국으로 유치해 홍보하는 방식으로 접근을 달리할 필요가 있다”고 말했다.   또, 관광공사는 인도시장에서의 셀럽 마케팅을 지속 강화하기 위해 오는 7월에는 인도의 온라인 여행사인 이지고원(Ezeego1)과 서울관광재단, 경기관광공사, 제주관광공사 등과 함께 ‘미스인디아(Miss India)’ 우승자와 준우승자를 초청하여 이들의 다양한 방한 체험활동을 영상과 사진으로 담아 방한 상품 개발 및 판촉에 활용할 예정이다.   김성훈 한국관광공사 아시아중동팀장은 “인도는 많은 인구와 급속한 경제 성장으로 무궁무진한 잠재력을 갖고 있지만 인도인들에게 관광목적지로서의 한국은 아직 많이 알려지지 않아, 현지 유명인을 활용한 셀럽 마케팅과 동시에 현지 대학 한국어학과 학생과 친한 인사 등을 통해 인도 내 한국관광에 대한 인지도를 대폭 개선해 나갈 계획이다”고 말했다. syi23@fnnews.com 서정욱 기자  ▶'모멘텀 집중' 저가에서 매집해둬야 할 상반기 유망주 3선 (지금 확인)   [파이낸셜뉴스 주요뉴스]  → 北 김정은 묵는 호텔 하루 숙박비 '642만원' 누가 지불? → ""선거알바 클라스가 다르네"".. 선거운동원 '깨방정 댄스' 화제 → ""학원 여교사가 초등생 제자 2명과 성관계"" → 견과류 일주일에 3번이상 먹으면 나타나는 변화 → 국방부에 도착한 두테르테가 가장 먼저본 국산 무기  ▶ <긴급공개> 억대계좌 이종목에서 또 터진다!    ※ 저작권자 ⓒ 파이낸셜뉴스. 무단 전재-재배포 금지 "
174,5,"2018-06-07","08:28:00","6월 7일 장전 조회상위 Top 20종목","장전 조회상위 Top 20종목   <!--.tbl1 {FONT-SIZE:9pt;border-collapse:collapse;text-align:center;margin-top:7px;width:340px;}.tbl1 td {FONT-SIZE:9pt;border:1px solid #dcdcdc;padding:3px;}-->   순위종목명종목코드  1현대로템064350 2대아티아이045390 3퍼스텍010820 4삼성전자005930 5현대건설000720 6웰크론065950 7엘비세미콘061970 8동양철관008970 9삼성바이오로직스207940 10키이스트054780 11현대엘리베이017800 12신라젠215600 13에이치엘비028300 14현대사료016790 15셀트리온068270 16대호에이엘069460 17대동스틸048470 18화성밸브039610 19필룩스033180 20에코마이스터064510    07:00 ~ 08:20 집계 기준    * 본 정보는 키움빅데이터의 추정치로 투자자의 관심이 증가한 종목군을 의미할 뿐 상승이나 하락의 신호로 볼 수없는 단순 참고자료이며, 이를 근거로 행해진 거래에 대해서는 책임을 지지 않습니다."
174,6,"2018-06-07","08:27:57","좋은사람들, 흡수력 강화한 `똑똑한 위생팬티 시즌2` 출시","속옷전문기업 좋은사람들은 '똑똑한 위생팬티 시즌2' 를 출시한다고 7일 밝혔다.    '똑똑한 위생팬티'는 좋은사람들이 한 달에 한 번 불편을 겪는 여성들을 위해 개발한 고기능성 위생팬티다. 흡수패드와 샘방지 가드가 일체형으로 제작돼 분비물을 흡수해준다.   좋은사람들은 기능성은 물론 세련된 다크네이비 색상에 봉제선을 최소화한 위생팬티2를 연구·개발했따. 나이트 제품의 경우 소취·건조층,항균·흡수층, 파워 흡수층, 투습 방수층의 4층 구조로 이루어져 있던 시트의 기능을 향상시켰다. 피부에 직접 닿는 1층은 물에 반발력을 지닌 표면부와 흡습속건 및 소취 기능을 갖춘 이면부의 이중직 시트가 적용해 많은 양의 분비물도 무리 없이 흡수가 가능하면서도 두께는 얇아진 것이 특징이다.   종류는 기존의 양이 적은 날 착용하는 데이(Day), 오버나이트 용량의 나이트(Night)와 함께 슬림함과 흡수력을 겸비한 중~대형 용량의 데이플러스(Day Plus)를 새롭게 추가했다. 85부터 100까지 4개 사이즈로 체형에 따라 선택할 수 있으며, 가격은 Day 2만3000원, Day Plus 3만1000원, Night 3만5000원이다.   박명환 좋은사람들 마케팅팀장은 ""여성의 건강을 위해 지속적으로 제품을 업그레이드하는 동시에 여성 이슈의 사회적 관심 제고를 위해 다양한 활동을 마련해갈 것""이라고 말했다.    [디지털뉴스국 김규리 기자]      ☞ 조용히 사서 묻어놔라! 6月 정말 큰돈 된다! ☞ 세계최초 항암제 개발! 신라젠 놓쳤다면, 이 종목 잡아라!! ☞ 세계 최초 신약! 1,500% 신라젠 능가할 단돈 4천원대 Bio 황제주!!! ☞ 6月 반드시 주목해야될 Best 바이오 종목!!      [ⓒ 매일경제 & mk.co.kr, 무단전재 및 재배포 금지]"
174,7,"2018-06-07","08:27:42","과테말라 화산 폭발 사흘째…사망자 85명으로 늘어","중미 과테말라 화산 대폭발 사흘째인 7일(현지시간) 필사의 구조작업이 계속되는 가운데 사망자가 85명으로 늘었다고 텔레비시에테 등 현지언론이 보도했다.   국가재난관리청(CONRED)에 따르면 지난 3일 푸에고(스페인어로 불이라는 의미) 화산 분화 이후 사망자 수가 85명에 달하는 것으로 공식 집계됐다. 부상자는 44명이다.   공식집계된 실종자는 최소 192명이지만 실제로는 이보다 많은 200여 명에 이를 것으로 추산됐다.   뜨거운 화산재와 용암에 다수의 시신이 훼손되는 바람에 현재까지 신원이 확인된 사망자는 20명에 불과하다.   매몰자를 찾기 위한 구조작업이 계속되고 있지만, 실종자와 중상자가 많아 사상자가 대거 늘어날 것으로 보인다.   디에고 로렌사나 구조대원은 ""화산재가 매우 뜨거워서 서 있을 수 있는 주택 지붕에서만 작업할 수 있다""면서 ""곡괭이로 화산재를 파거나 탐침으로 구멍을 내면 곳곳에서 연기와 함께 불꽃이 일고 있다""고 전했다.   재난 당국은 전날 발령된 적색경보를 유지하며 구조대를 제외한 일반 주민을 안전지역으로 대피시켰다. 앞서 치말테낭고, 사카테페케스, 에스쿠인틀라 주에는 비상사태가 선포됐다.   과테말라 서남부 태평양 연안에 있는 푸에고 화산은 화산과 지진 활동이 활발한 환태평양조산대인 '불의 고리'에 속해 있다. 중미에 있는 34 개 화산 가운데 왕성한 지각활동을 보이는 3개 화산 중 하나다.    [디지털뉴스국]               ☞ 조용히 사서 묻어놔라! 6月 정말 큰돈 된다! ☞ 세계최초 항암제 개발! 신라젠 놓쳤다면, 이 종목 잡아라!! ☞ 세계 최초 신약! 1,500% 신라젠 능가할 단돈 4천원대 Bio 황제주!!! ☞ 6月 반드시 주목해야될 Best 바이오 종목!!      [ⓒ 매일경제 & mk.co.kr, 무단전재 및 재배포 금지]"
175,1,"2018-06-07","08:22:37","김부겸 행안부 장관, 7일 지방선거 사전투표소 현장점검","김부겸 행정안전부 장관은 6·13 지방선거 사전투표일(8∼9일)을 하루 앞둔 7일 사전투표소를 찾아 현장점검에 나설 예정이?.   행안부에 따르면 김 장관은 이날 서울시 중구 중림동 동주민센터에 마련된 사전투표소를 찾아 투표소 설비와 안전 관리 상태 등을 점검한다.  김 장관은 또 서울시 중구 선거관리위원회 관계자의 도움을 받아 사전투표용지 발급 등 실제 사전투표 절차를 체험할 예정이다.   한편 행안부는 사전투표가 진행되는 이틀간 정부서울청사 내에 사전투표 지원상황실을 운영한다.   지원상황실은 경찰청, 소방청, 지방자치단체 상황실과 실시간으로 업무 연락을 하며 각종 사건·사고에 신속하게 대응할 방침이다.   김면수 기자(tearand76@etoday.co.kr)   [오늘의 핫클릭]  ☞40억 '이것' 통해 벌었다는 남성 알고보니 개인파산한 개그맨 A씨?  ☞수원 공시생, 실종 7일 만에 폐공장서숨진 채 발견… 시신옆에서 독극물 발견돼  ☞우체국 수신고 70조 돌파… '예금금리인상ㆍ수수료 폐지'가 견인  ☞현대엔지니어링, ‘힐스테이트 범어’평균 85.3대 1로 1순위 청약 마감  ☞ 美, 北 원산 카지노 투자 기대감 ... 카지노주 급등   ☞'직원 갑질 폭행' 이명희 구속영장 기각법원…한진家 수사 영향은?  ☞[카톡방] 무료 주식 카톡방 신청자수 38만 명 돌파 <업계 최대 카톡방> →카톡방 입장하기!         Copyrightⓒ이투데이, All rights reserved. (무단 전재 및 재배포 금지)   프리미엄 경제신문 이투데이    "
175,2,"2018-06-07","08:22:31","이수화학, 2Q 영업익 전분기 대비 284% 증가 전망-키움증권","키움증권은 7일 이수그룹 계열사 이수화학이 올해 2분기 큰 폭의 이익성장률을 기록할 것이라며 투자의견 ‘매수’와 목표주가 1만7500원을각각 유지했다.   이동욱 키움증권 연구원에 따르면 올해 2분기 이수화학의 영업이익이 110억 원으로 전 분기 대비 284% 증가할 전망이다.   이 연구원은 ""전 분기 대비 수출주에 우호적인 환율 환경이 조정된 데다, 지난해 3분기 중국 LAB 내수단가 인하 영향이 완전히 회복됐다""고설명했다.   이어 ""유가 상승에 따른 화학부문 재고자산의 긍정적인 래깅 효과가 발생할 전망으로, 인도 및 일본 등 역내 LAB 플랜트의 정기보수로 타이트한 수급 상황이 발생하는 등 이수화학은 성수기를 맞으며 상품 판매 물량이 전 분기 대비 증가할 것""이라고 분석했다.   그는 △시가배당률 4%로 배당주로서 하반기 매력 증가 △플랜트 건설에 따른 시차 효과로 2016년부터 시작된 세계 LAB 수급 개선 △정밀화학중 스페셜티 제품군의 안정적인 이익 지속 △3~4개의 고부가 다운스트림 제품 중장기 추가 확보 계획 △선진 시장 진출 완료 시 바이오 사업부문의 실적 개선 등을 투자의견 ‘매수’의 이유로 꼽았다.   또, 자회사 이수앱지스의 지분가치가 현재 약 950억 원 수준으로 이수화학 시가총액을 50% 상회하는 상황을 바탕으로 저평가 메리트가 존재한다고 덧붙였다.   이민호 기자(minori3032@etoday.co.kr)    [종목기사]  ☞ 이수화학, 자회사 이수앱지스 신주인수권 행사…바이오 사업 강화  ☞ 이수화학, 72억 규모 현금배당 결정 ☞ 이수화학, 2분기 순익 전기比 247%↑…실적 개선 지속  ☞ [주담과 Q&A] 이수화학 “하반기 대외환경 및 수급개선…실적 증가 기대”  ☞ 이수화학 “자회사 이수건설, 누적 수주3500억 원 돌파”   [오늘의 핫클릭]  ☞40억 '이것' 통해 벌었다는 남성 알고보니 개인파산한 개그맨 A씨?  ☞수원 공시생, 실종 7일 만에 폐공장서숨진 채 발견… 시신옆에서 독극물 발견돼  ☞우체국 수신고 70조 돌파… '예금금리인상ㆍ수수료 폐지'가 견인  ☞현대엔지니어링, ‘힐스테이트 범어’평균 85.3대 1로 1순위 청약 마감  ☞ 美, 北 원산 카지노 투자 기대감 ... 카지노주 급등   ☞'직원 갑질 폭행' 이명희 구속영장 기각법원…한진家 수사 영향은?  ☞[카톡방] 무료 주식 카톡방 신청자수 38만 명 돌파 <업계 최대 카톡방> →카톡방 입장하기!         Copyrightⓒ이투데이, All rights reserved. (무단 전재 및 재배포 금지)   프리미엄 경제신문 이투데이    "
175,3,"2018-06-07","08:22:10","애플 '시리의 반격' 시작된다…알렉사 뛰어넘을까","애플 '시리의 반격' 시작된다…알렉사 뛰어넘을까  WWDC서 iOS 12의 다른 기능에 묻혔지만 한계 넘어설 가능성 엿보여   (로스앤젤레스=연합뉴스) 옥철 특파원 = 애플이 올해 초 야심 차게 인공지능(AI) 스피커 '홈팟(HomePod)'을 내놓았을 때, 홈팟의 핵심인음성인식 비서 '시리'는 여러 명의 가족 구성원이 동시에 내는 사용자 목소리를 제대로 분간하지 못하면서 동작 오류(버깅)를 범하기 일쑤였다.  급기야 애플은 가성비 나쁜 홈팟의 발주를 출시 석 달 만에 줄이는 굴욕을 맛봤다. 월스트리트저널(WSJ)에서는 ""음질은 최고지만 스마트기능은 그렇지 않다(Super Sound, but Not Super Smart)""는 차가운 지적이 실렸다.  애플의 홈팟으로는 아마존이 '상대적으로 더 똑똑해 보이는' AI 비서 알렉사를 채용해 3년씩이나 먼저 내놓은 인공지능 스피커 '에코'를당해내기는 애초부터 무리였다는 시장의 평가도 나왔다.  애플은 지난 4일(현지시간) 미국 캘리포니아 주 새너제이 컨벤션센터에서 막을 올린 연례 세계개발자회의(WWDC 2018)에서 차세대 아이폰ㆍ아이패드 운영체제인 iOS 12를 발표했다.  정밀한 안면 트래킹 기술을 구현한 '나만의 애니모지' 미모지(Memoji)와 그룹 페이스타임 등 iOS 12의 현란한 '개인기'가 장내를 수놓으면서 음성인식 비서 '시리(Siri)'의 업그레이드 소식은 자연스레 뒤로 묻혔다.      미 경제매체 비즈니스 인사이더는 그러나 시리가 알렉사를 따라잡을 가능성을 엿볼 수 있다고 높이 평가했다.  6일 비즈니스 인사이더의 WWDC 해설 기사에는 버그 투성이의 허점 많은 비서 시리가 새롭게 진화하고 있으며, 앱스토어의 수백만 개 앱(app)과 결합하면 무궁무진한 행동 역량을 펼칠 수 있다고 내다봤다.  그저 얄팍한 농담 정도나 받아주는 줄 알았던 시리가 매우 유능하고 파워풀한 디지털 비서가 될 수 있다는 가설이다.  새롭게 '시리팀'을 이끄는 크레이그 페더리기 애플 소프트웨어 담당 수석부사장(VP)은 ""우린 시리가 당신을 위해 더 많은 일을 해주길 원하고 있다""고 말했다.  iOS 12가 유저들의 디바이스에 적용되면 시작될 '시리의 반격'은 WWDC 현장에서 몇 가지 예고편 형태로 소개됐다.  먼저 '시리, 이 커피에 얼마나 많은 카페인이 들어있지?'라는 질문에서 시작되는 상황 설정이다.  시리는 사용자의 커피 음용 습관을 데이터로 축적해놓고 있다.  심지어 매일 아침 주중에는 똑같은 커피를 시켜먹는 사람이라면, 시리는 '스크린-록'을 걸어놓고 중간단계를 생략한 뒤 곧바로 해당 커피가 있는 앱 화면을 사용자 디바이스에 바로 띄울 수 있다.  시리가 멀티 태스킹을 하는 설정도 가능하다.   '시리, 집으로 간다'라고 명령하면 순간 내비게이션 앱을 여는 것은 기본이고 아내에게 '집에 곧 도착할 것'이라는 문자 메시지를 발송하는가 하면, 집안의 냉난방기기를 작동시켜 실내 온도를 적정하게 맞추는 것까지 '삼중 동작'을 동시에 해낼 수 있다는 것이다.  과거 시리는 어떤 특정한 앱을 통해서만 주인의 명령을 실행할 수 있는 단순 전달자에 불과했다.  메시지를 보내려면 왓츠앱을 열어야 하고, 뭔가 주문하려면 쇼핑앱을 별도로 구동시켜야 했다.  하지만 올가을 iOS 12 체제가 안착하면 상황이 달라질 수 있다.   '여행일정'이라고 한 마디만 내뱉으면 항공, 렌터카, 호텔 등이 줄줄이 업데이트돼서 동시에 앱이 구동될 수 있는 모바일 환경도 가능해진다는 얘기다.  비즈니스 인사이더는 ""최근까지 아마존 알렉사의 스킬은 수만 가지로 늘어나 있다""면서 ""하지만, 시리가 앱스토어에 있는 수백만 개의 앱을 모두 이용할 수 있게끔 능력을 갖춘다면 경쟁이 될 것""이라고 관측했다.  이 매체는 ""2010년 데뷔한 시리는 여전히 버깅이 심하고 한계선이 딱 그어진 음성인식 비서이지만, 동시에 한계를 뛰어넘을 가능성도 보여주고 있다""고 평가했다.  oakchul@yna.co.kr   (끝)    <긴급속보 SMS 신청> <포토 매거진> < M-SPORTS >   <저작권자(c) 연합뉴스, 무단 전재-재배포 금지>"
175,4,"2018-06-07","08:21:43","이라크 바그다드서 폭발…최소 10명 사망","6일(현지시간) 이라크 바그다드 사드르시티 지구의 한 모스크(이슬람 사원)에서 폭발이 발생해 최소 10명이 숨지고 25명이 다쳤다고 현지 보안당국이 전했다.   이라크 내무부는 대변인 명의의 성명을 내고 이날 폭발이 탄약을 은닉 중이던 사드르시티의 한 무기고에서 발생했다고 밝혔다.   현지 경찰의 한 소식통에 따르면 모스크 안에서 보관하던 탄약을 근처에 주차된 자동차로 옮기는 과정에서 폭발이 일어났다.   사드르시티는 2003년 미국의 이라크 침공 때 민병대를 동원해 반미 무장투쟁에 나섰던 민족주의 성향의 유명 성직자 무크타다 알사드르의 근거지로, 그의 추종자들은 모스크 안에 무기를 보관하는 경우가 많은 것으로 알려졌다.    [디지털뉴스국]          ☞ 조용히 사서 묻어놔라! 6月 정말 큰돈 된다! ☞ 세계최초 항암제 개발! 신라젠 놓쳤다면, 이 종목 잡아라!! ☞ 세계 최초 신약! 1,500% 신라젠 능가할 단돈 4천원대 Bio 황제주!!! ☞ 6月 반드시 주목해야될 Best 바이오 종목!!      [ⓒ 매일경제 & mk.co.kr, 무단전재 및 재배포 금지]"
175,5,"2018-06-07","08:21:41","구직자, 평균 10회 지원에 서류 합격은 1.7회에 불과해","청년고용률은 쉽게 올라가지 않는 가운데, 이번 상반기 공채 시 구직자들의 서류 합격률은 얼마나 될까.   구인구직 매칭 플랫폼 사람인이 구직자 472명을 대상으로 이번 ‘상반기 공채 지원 현황’에 대한 조사 결과를 7일 발표했다. 조사 결과 평균 10개의 기업에 입사지원을 시도했으며, 서류전형 합격률은 1.7회였다.  입사지원 횟수를 살펴보면 ‘5회 이하’(62.9%)가 많았으며, ‘6회~10회’(20.1%), ‘16회~20회’(6.6%), ‘11회~15회’(5.3%) 순이었다. 또, 20회 이상 지원자중 ‘100회 이상’ 지원했다는 응답자도 6명이나 있었다.   서류전형 합격 횟수는 ‘모두 불합격’(46.2%)이 가장 많았다. 계속해서 ‘1회’(20.8%), ‘2회’(11.7%), ‘3회’(6.6%), ‘4회(3.6%) 등이 있었다. 서류 전형 합격 횟수는 평균 2회를 넘지 못했다.   응답자들은 서류전형에 불합격한 이유로 ‘나이가 너무 많아서’(44.7%, 복수응답)를 1위로 꼽았다. 이어 ‘학점, 어학점수 등의 스펙이 부족해서’(36.9%), ‘자기소개서 작성이 약해서’(26.3%), ‘인턴, 아르바이트 등 직무관련 경험이 적어서’(25%),‘채용 기업에 대한 정보 파악이 부족해서’(17.8%)의 답변도 있었다.   면접전형 평균 합격 횟수도 1.7회로 상반기 공채 지원 성적은 그리 좋지 못했다. 응답자들의 상반기 공채 준비기간은 ‘3개월 미만’(42.4%)이 가장 많았고, ‘3~6개월 미만’(28.8%), ‘9개월 ~1년미만’(15.3%) 등의 순으로 이어졌다.   상반기 공채 준비에 있어 구직자들에게 가장 어려운 점은 무엇이었을까.   응답자의 27.8%는 ‘원하는 채용 공고 부족’을 꼽았다. 양질의 일자리가 부족하다고 느끼고 있는 것으로 풀이된다. 계속해서 ‘전반적으로 상향평준화된 구직자가 많은 점’(16.3%), ‘자격증, 인턴 등 직무 관련 경험 부족’(14.4%), ‘기업마다 다른 채용 기준’(11.9%), ‘까다로워진 자기소개서’(9.3%), ‘블라인드 채용, 직무적성검사 등 기존과 달라진 채용절차’(7.8%) 등을 꼽았다.   한편, 상반기 구직자들이 공채를 위해 중요하게 준비했던 것은 ‘자기소개서’(46.6%, 복수응답)였다. 이어 ‘학점, 어학점수 등의 스펙’(39.2%), ‘인턴, 아르바이트 등 직무 관련 경험’(29.2%), ‘인적성, 직무 적성 검사’(21.2%) 등이 있었다.   사람인의 임민욱 팀장은 “블라인드 채용도입으로 지원자격 조건이 완화되면서 서류전형에서의 경쟁은 더욱 치열해졌다. 많은 양의 입사지원서를 검토하는 인사담당자 입장에서는 모든 지원서를 꼼꼼히 살피는 것이 쉽지 않은 것이 현실”이라며 “제 1관문인 서류전형에 통과하려면 기업과 해당 포지션에서 원하는 역량이무엇인지 명확하게 파악한 후, 직무적합성과 연계해서 자신의 역량을 효과적으로 기술하는 것이 중요하다”고 밝혔다. yutoo@fnnews.com 최영희 기자  ▶'모멘텀 집중' 저가에서 매집해둬야 할 상반기 유망주 3선 (지금 확인)   [파이낸셜뉴스 주요뉴스]  → 北 김정은 묵는 호텔 하루 숙박비 '642만원' 누가 지불? → ""선거 알바 클라스가 다르네"".. 선거운동원 '깨방정 댄스' 화제 → ""학원 여교사가 초등생 제자 2명과 성관계"" → 견과류 일주일에 3번이상 먹으면 나타나는 변화 → 국방부에 도착한 두테르테가 가장 먼저본 국산 무기  ▶ <긴급공개> 억대계좌 이종목에서 또 터진다!    ※ 저작권자 ⓒ파이낸셜뉴스. 무단 전재-재배포 금지 "
175,6,"2018-06-07","08:21:39","[I-리포트] CJ제일제당의 美 쉬안슨컴퍼니 인수 '긍정적'-키움證","@media all and (max-width: 400px) {img{max-width:340;height:auto;}}.dayTBL a:link {font-family: 돋움;font-size: 11px;line-height: 18px;color:#666666;text-decoration: none}.dayTBL a:visited {font-family: 돋움;font-size: 11px;line-height: 18px;color: #666666;text-decoration: none}.dayTBL a:hover {font-family: 돋움;font-size: 11px;line-height: 18px;color: #840000;text-decoration: none}.dayTBL nobr {width:85px; text-overflow:ellipsis; overflow:hidden; cursor:pointer; float:left}.todayBDb {border-bottom: #000000 0.5pt solid}.tblGrp{padding:0; border-spacing:0; border-collapse:collapse; border:0;vertical-align:top;width:279px}.tblGrp td{vertical-align:top}.dayTBL {width:93px; padding:0; border-spacing:0; border-collapse:collapse; vertical-align:top; border:0}.dayTBL td{font-size:12px; font-family:돋움; color:#333333;line-height:18px;padding:0}.divSch1{float:left}.divSch2{float:left}.tdSch{border: #E6E6E6 0.1pt solid;height:75;padding:0}.tdSchToday {border: #000000 1pt solid;height:75;background-color:#fffff0;padding:0}.tdSchTomorrow {border-left:0}.tdSchYesterday {border-right:0}.tdDate{background-color:#c8e7ff;height:10;text-align:center}.ad {text-align:center; font-size:8pt; font-family:돋움;line-height:1.2}.lg {margin-bottom:20px;}.title{font-size:15px;color:#203c76;font-weight:bold;margin-bottom:20px;}a,img {border:0; outline:none; selector-dummy:expression(this.hideFocus=true);}body,td,select,input,div,form,textarea,center,option,pre,blockquote {font-size:9pt; line-height:1.6; font-family:돋움;}table{border:0px;}r {display:none;}    제목 : [I-리포트] CJ제일제당의 美 쉬안슨컴퍼니 인수 '긍정적'-키움證  [아이뉴스24 김다운 기자] 키움증권은 7일 CJ제일제당이 미국쉬안슨컴퍼니(Schwan's Company)를 인수한다면 기업가치가 재평가될 가능성이 높다고 분석했다.  CJ제일제당은 지난 5일 미국 식품업체 쉬안슨컴퍼니 인수 추진설에 대한 조회공시 요구를 받았다. 답변시한은 7일 낮 12시까지다.  쉬안슨컴퍼니는 미국의 냉동식품 제조 업체로, 주요 제품은 냉동 피자, 냉동 디저트 등이다. 연 매출액은 3조2천400억원 규모다.  미국 언론보도에 따르면 지난해 11월에 대주주가 회사를 매각할 가능성이 제기됐으며, 당시 매각 예상금액은 약 2조7천억원 수준으로 추산된 바 있다.  박상준 키움증권 애널리스트는 ""언론 상에 제기된 매각 예상금액과 CJ제일제당의 헬스케어 매각대금 1조3천100억원을 감안한다면, 50% 내외의 지분율 확보에는 큰 무리가 없을 것""이라고 판단했다.  이번 인수 추친설이 사실이라면, 주당순이익(EPS)과 밸류에이션(실적 대비 주가) 레벨의 상향을 통해, CJ제일제당의 기업가치가 재평가될 가능성이 높을 것으로 봤다.  그는 ""밸류에이션을 높게 받는 식품 사업의 비중이 확대될 것""이라며 ""가공식품의 매출과 영업이익 비중이 최대 51%, 63%까지 확대될 가능성이 있다""고 내다봤다. 현재는 각각 34%, 52% 수준이다.  아울러 ""식품 부문의 글로벌 성장을 위한 입지가 확보될 수 있다""고 기대했다.  쉬안슨컴퍼니는 미국 냉동피자 소매시장에서 네슬레에 이어 점유율 2위의 입지를 가지고 있다.  박 애널리스트는 ""CJ제일제당은 미국 시장에서 특정 제품과 채널에 대한 의존도가 높고 식료품점(Grocery) 경로에서 입지가 약하기 때문에, 쉬안슨컴퍼니의 제품 및 채널 포트폴리오가 향후 외형 성장에 큰 도움이 될 가능성이 높다""고 기대했다.  /김다운기자 kdw@inews24.com   해당 기사는 아이뉴스24(www.inews24.com)에서 제공한것이며 저작권은 제공 매체에 있습니다. 기사 내용 관련 문의는 해당 언론사에 하시기 바랍니다.  ■[하이스탁론] 주식자금이 필요할 땐 ☎ 1599-6222 연 3% 업계 최저금리, 자기자본 포함 최대 4배, 연장수수료 無 주식 매도 없이 미수, 신용 대환 / 마이너스통장식 / 기대출자도 가능 ☞ 14년 연속 스탁론 점유율 1위, 노주현이 추천하는 [하이스탁론 바로가기]  ▶【급등임박株】 “정책+실적+수급분석 완료” 주도주 '2선' 추천받기  ◆""숨은 진주발굴"" 당뇨치료제 상용화 임박! <재료주공개>   [이슈&섹터 스케줄]    2018-06-04 - 한국-필리핀 정상회담 예정 - 5G 주파수 경매 신청 마감 예정 -  한은, BOK 국제컨퍼런스 개최   2018-06-05 - 국무회의(최저임금법) - 랩온어칩 및 마이크로플루이딕스 컨퍼런스 개최(현지시간) - ""항체 엔지니어링 & 항체 치료 콘퍼런스 유럽 2018"" 개최 예정(현지시간)   2018-06-06 - 현충일 - 국내 증시 휴장 - 2018 국제회계 심포지엄 개최 예정      2018-06-07 - 美-日 정상회담 예정(현지시간) - 삼성바이오로직스, 분식 여부 판가름 예정 - 넥슨, MMORPG '카이저' 정식 출시   2018-06-08 - 6.13 지방선거 사전투표 예정 - G7 정상회의 개최 예정(현지시간) - 제5차 韓-美 에너지안보대화   2018-06-09 - 북-중-러 정상회담 예정 - 이탈치네마, 제10회 이탈리아 영화제 개최 예정 - 상하이협력기구(SCO) 정상회의 개최      Copyright ⓒ True&Live 증시뉴스 점유율1위, 인포스탁(www.infostock.co.kr) 인터넷신문(경기아51008)/무단전재 및 배포금지   본 뉴스(정보)는 해당종목의 매수/매도신호가 아니며, 이를 근거로행해진 거래에 대해 책임을 지지 않습니다."
175,7,"2018-06-07","08:21:28","비에이치, 하반기 호실적 전망…목표주가 상향-신한금투","[뉴스토마토 이종호 기자] 신한금융투자는 7일 비에이치(090460)에 대해 하반기 호실적이 예상된다며 투자의견 매수를 유지하고 목표주가를 3만6500원으로 상향했다.     박형우 신한금융투자 연구원은 ""올 3분기와 4분기 영업이익은 각각 414억원, 514억원으로 전망한다""며 ""이는 북미 고객사 OLED용 경연성인쇄회로기판(RFPCB) 공급 효과때문으로 RFPCB 공급의 실적 기여 효과는 7월부터 나타날 것""이라고 말했다.     박 연구원은 ""일각에서는 북미 제조사의 올해 신규 스마트폰에서 OLED 모델의 비중이 저조(50% 하회)할 것이라 우려했지만 OLED 비중은 60%를 상회할 것""이라며 "" 2017년 북미 제조사의 스마트폰 출하량에서 OLED 채용률은 14%에 불과했지만 올해 38%에서 2019년에는 51%로 상승할 것""이라고 분석했다.     그는  ""삼성전자의 폴더블 기기는 2019년 상반기에 출시될 가능성이 높다. 폴더블 디스플레이시장이 개화될 경우, FPCB의 채용량도 2~3배로 증가한다""며 ""고객사들의 부품 단가인하 압박에 대한 우려가 있을수 있지만 가격(P)의 우려를 수요(Q)의 증가 효과가 상쇄할 것""이라고 전망했다.     이종호 기자 sun1265@etomato.com [관련기사] · (특징주)비에이치, 2분기 호실적 전망에 강세 · 코스피, 외인·기관 매도에 2500선 내줘…코스닥 860선 후퇴 [이종호 기자의 다른 뉴스] · 중소기업도 크라우드펀딩 발행…발행한도 확대 · 금융위, NCR 규제 완화로 중기특화증권사 숨통 [이 시각 주요뉴스] · 북미회담 장소, 센토사섬 카펠라호텔 확정 · 박선영 서울교육감 후보 “완전한 고교 선택권 보장하겠다”  -경제전문 멀티미디어 뉴스통신 뉴스토마토 저작권자(c)뉴스토마토통신. 무단전재-재배포 금지-"
176,1,"2018-06-07","08:16:44","한화, 불확실성해소에 저평가 매력 부각 - 미래에셋대우","[머니투데이 김훈남 기자] 미래에셋대우는 7일 한화에 대해 ""불확실성 해소와 주가 바닥을 확인함에 따라 빠른 주가반등이 가능하다""고 밝혔다. 투자의견은 매수, 목표주가는 5만9000원을 유지했다.   정대로·이수연 연구원은 ""상반기 한화 주가하락의 주요 원인을 상장 자회사 지분 가치 감소, 지배구조 관련 불확실성으로 판단한다""며 ""이런 상황이 대부분 주가에 반영된 만큼 바닥확인을 가늠, 확연한 저평가""라고 설명했다.   정 연구원 등은 ""(자회사) 한화건설은 지난해 4분기 이후 연속 영업이익 흑자 시현중으로 올해 영업이익 2098억원을 전망한다""며 ""실적 불확실성 제거에 따라 한화건설 가치 재평가로 주가에 상당히 긍정적""이라고 덧붙였다.       주식담보대출도 이제 부담없는 금리로 가능(안내: 02-3775-1497)   ▶▶ 2018년! 하반기를 뜨겁게 달굴 ""급등 유력株"" TOP.10 긴급공개 (클릭)   ▶▶ 단독! 정책+수급+실적 3박자를 두루 갖춘 TOP 시크릿 급등 유망주 지금 공개 (클릭)     [파워 인터뷰]      [관련기사] ☞ '김정은 전용기 추락'…고사 지내는 日 우익들 ☞ 25년전 ""마누라 빼고 다 바꿔라"" 외쳤던 삼성, 올해는… ☞ [MT리포트]분양시장에 몰린 돈…'로또청약'의 실상 ☞ [사진]김문수 후보 유세차, 중앙선 넘어 역주행 ☞ 제넥신, 오해에서 빚어진 참극 '저점 매수' 기회-하나       주식매입자금? 전화 한통화면 당신은 스마트컨슈머!    최저금리로 신용·미수 대환 하는 가장 경제적인 방법 (바로 확인)   ‘개미’말고 ‘슈퍼 투자자’되고 싶다면?...‘이것’만 잘 이용해도 가능해요!       김훈남 기자 hoo13@mt.co.kr    <저작권자 ⓒ '돈이 보이는 리얼타임 뉴스' 머니투데이, 무단전재 및 재배포 금지>"
176,2,"2018-06-07","08:16:38","원희룡 “야권 개편 불가피…개혁 보수의 길 갈 것”","6일 자원봉사자·지지자와 만남 “자유한국당 입당 안 한다” 거듭 강조    6일 오후 4시 원희룡 제주도지사 후보 선거사무소에서 열린  자원봉사자와 지지자들과의 만남 행사.  [제주=좌승훈기자] 자유한국당도 바른미래당도 아니다. 무소속 원희룡제주도지사 선거 후보는 지난 6일 오후 4시 선거사무소에서 열린 자원봉사자·지지자들과의 만남에서 6.13 지방선거 후 정치행보에 대해 언급했다. 지방선거가 끝나면 야권이 재편될 것이며, 이 과정에서 일정한 역할하겠다고 밝혔다.   정계 개편 과정에서 개혁보수의 길을 가기 위한 정치를 할 것이고, 필요하다면 자신이 주도적으로 나설 수 있다는 뜻을 강하게 내비친 것이다.   선거 후 자유한국당 입당여부에 대해서도 ""그렇지 않다""며 단호하게 선을 그었다.  중도와 보수를 아우르는 이른 바 제3지대 정계 개편에 무게를 뒀다.  앞서 원 후보는 바른미래당 탈당과 무소속 출마 배경에 대해 “제가 정치를 시작하면서 가졌던 개혁정치의 뜻을 현재의 정당구조에서는 실현하기 어렵다는 결론을 내렸다”며 “현재의 특정 정당에 매이지 않고, 당파적인 진영의 울타리도 뛰어넘겠다”고 밝힌 바 있다.  6.13 지방선거 사전 투표일(6월8일~9일)을 앞두고 진행된 이날 만남에는 자원봉사자와 지지자 500여명이 참석했다.   원 후보는 “지난 4년 중국 부동산 자본의 난개발에 불을 끄는 소방수 역할을 해야 했고, 적페세력의 잔치 뒤 남은 설거지를 해야 했다""며 ""이제 사랑하는 도민 여러분을 위한 밥상을 맛있게 차리겠다""며 지지를 호소했다.   아울러 "" 자만함으로 스스로 자신의 틀 속에 갇힌 것은 없는지 철저히 돌아보고 진정한 민생과 통합의 정치로 거듭나겠다""고 밝혔다.     한편 제주도내 한라일보와 인터넷매체인 미디어제주·시사제주·제주투데이·헤드라인제주가 공동으로 지난4~5일 여론조사 전문기관인 (주)리얼미터에 의뢰해 진행된 6·13 제주도지사 여론조사 결과, ‘내일이 선거일이라면 누구에게 투표하겠느냐’는 질문에, 무소속 원희룡 후보가 43.9%, 더불어민주당 문대림 후보는 31.5%의 지지율을 보였다.  두 후보 간 격차는 12.4%p다.     이어 자유한국당 김방훈 후보 3.3%, 녹색당 고은영 후보 3.0%, 바른미래당 장성철 후보 0.6% 순으로 조사됐다. 지지후보가 없다는 응답층은 6.8%, '모름·무응답'의 부동층은 10.9%로 나타났다.  이번 조사는 제주도 거주 만 19세 이상 남녀 1022명을 대상으로 실시됐다. 표본오차는 95% 신뢰수준에서 ±3.1%p다. 자세한 내용은 중앙선거여론조사심의위원회 홈페이지를참조하면 된다.   jpen21@fnnews.com 좌승훈 기자  ▶'모멘텀 집중' 저가에서 매집해둬야 할 상반기 유망주 3선 (지금 확인)   [파이낸셜뉴스 주요뉴스]  → 北 김정은 묵는 호텔 하루 숙박비 '642만원' 누가 지불? → ""선거 알바 클라스가 다르네"".. 선거운동원 '깨방정 댄스' 화제 → ""학원 여교사가 초등생 제자 2명과 성관계"" → 견과류 일주일에 3번이상 먹으면 나타나는 변화 → 국방부에 도착한 두테르테가 가장 먼저본 국산 무기  ▶ <긴급공개> 억대계좌 이종목에서 또 터진다!    ※ 저작권자 ⓒ 파이낸셜뉴스. 무단 전재-재배포 금지 "
176,3,"2018-06-07","08:15:31","상반기 홈쇼핑 인기상품 무엇?...11번가, 10대 히트상품 선정[틈새DB]","@media all and (max-width: 400px) {img{max-width:340;height:auto;}}.dayTBL a:link {font-family: 돋움;font-size: 11px;line-height: 18px;color:#666666;text-decoration: none}.dayTBL a:visited {font-family: 돋움;font-size: 11px;line-height: 18px;color: #666666;text-decoration: none}.dayTBL a:hover {font-family: 돋움;font-size: 11px;line-height: 18px;color: #840000;text-decoration: none}.dayTBL nobr {width:85px; text-overflow:ellipsis; overflow:hidden; cursor:pointer; float:left}.todayBDb {border-bottom: #000000 0.5pt solid}.tblGrp{padding:0; border-spacing:0; border-collapse:collapse; border:0;vertical-align:top;width:279px}.tblGrp td{vertical-align:top}.dayTBL {width:93px; padding:0; border-spacing:0; border-collapse:collapse; vertical-align:top; border:0}.dayTBL td{font-size:12px; font-family:돋움; color:#333333;line-height:18px;padding:0}.divSch1{float:left}.divSch2{float:left}.tdSch{border: #E6E6E6 0.1pt solid;height:75;padding:0}.tdSchToday {border: #000000 1pt solid;height:75;background-color:#fffff0;padding:0}.tdSchTomorrow {border-left:0}.tdSchYesterday {border-right:0}.tdDate{background-color:#c8e7ff;height:10;text-align:center}.ad {text-align:center; font-size:8pt; font-family:돋움;line-height:1.2}.lg {margin-bottom:20px;}.title{font-size:15px;color:#203c76;font-weight:bold;margin-bottom:20px;}a,img {border:0; outline:none; selector-dummy:expression(this.hideFocus=true);}body,td,select,input,div,form,textarea,center,option,pre,blockquote {font-size:9pt; line-height:1.6; font-family:돋움;}table{border:0px;}r {display:none;}    제목 : 상반기 홈쇼핑 인기상품 무엇?...11번가, 10대 히트상품 선정[틈새DB]"
176,4,"2018-06-07","08:15:22","알테오젠, '바이오 USA'에서  브라질 바이오멩기노스사와 MOU 체결","박순재 알테오젠 대표이사(오른쪽)가 브라질 바이오멩기노스와 MOU를 체결하고 기념촬영을 진행하고 있다. 알테오젠이 '2018 바이오 USA'에서 브라질 피오크루즈 재단 산하 국영기업인 바이오멩기노스와 6일(현지시간) 기술개발을 위한 업무협약(MOU)를 체결했다. 알테오젠은 황반변성치료제인 아일리아 바이오시밀러와 항체·약물결합체(ADC) 유방암치료제 및 지속형 성장호르몬 바이오베터 개발기업이다. 알테오젠은 지난해 12월 브라질 보사부 차관과 현지 미팅을통해 희귀의약품 바이오시밀러 개발을 제안했다. 이후 브라질 피오크루즈 재단 산하 국영기업인 바이오멩기노스가 알테오젠을 방문해 구체적사업 추진 방안을 논의했다. 양사는 그동안 진행됐던 논의를 이번 바이오 USA를 통해 MOU를 맺으며 마무리 지었다.  이 날 업무 협약식에는 브라질 피오크루즈 재단의 이사이자 바이오멩기노스사의 CEO인 마우리치오 쥬마, 부사장 마르코 크리거 박사, 사업개발이사 쥬아오 에스테파니오가 참가했다. 알테오젠에서는 박순재 대표이사, 정혜신 기술이사, 이민석 전략기획이사, 이승재 사업개발 차장이 참석했다. 이번 MOU를 통해 마우리치오 쥬마 회장은 ""브라질 의료 시장의 활성화와 의료시장의 공헌을 목표로 희귀의약품 바이오시밀러와 ADC 기반 기술을 활용한 유방암 ADC 치료제를 개발할 계획""이라며 ""지속형 단백질 기술 개발을 위해 브라질 정부로부터 연구개발비를 지원받아 의약품 개발 프로그램을도 진행할 것""이라고 말했다. 알테오젠의 박순재 대표는 ""브라질과 2011년부터 의약품 개발을 위한 비즈니스를 진행했고 이번 협약은 그 이후 개발된 알테오젠 기술의 우수성을 다시 한번 확인하는 계기가 됐다""며 ""브라질의료시장의 활성화를 위한 초석이 될 것""이라고 평가했다. 브라질 바이오멩기노스사는 100년 전통의 비영리 국영재단인 피오크루즈가 만든 국영기업이다. 알테오젠과 진행하는 프로젝트는 브라질 보건복지부 의료정책으로 진행되고 있으며 브라질 의료시장의 활성화를 목표로 해외 우수 기술 기업과의 공동연구를 추진하고 있다. 한편 알테오젠은 이번 바이오 USA에서 한국바이오협회와 코트라가 공동으로 추진한 한국관에 참가했다. 아일리아 바이오시밀러, ADC 유방암치료제, 지속형 인성장호르몬에 대한 관심이 높은 40개 글로벌 빅파마들과1 대 1 파트너링을 통해 기술이전 및 네트워크 확대 등 다양한 활동을 진행하고 있다.   juyong@fnnews.com 송주용 기자  ▶'모멘텀 집중' 저가에서 매집해둬야 할 상반기 유망주 3선 (지금 확인)   [파이낸셜뉴스 주요뉴스]  → 北김정은 묵는 호텔 하루 숙박비 '642만원' 누가 지불? → ""선거 알바 클라스가 다르네"".. 선거운동원 '깨방정 댄스' 화제 → ""학원 여교사가 초등생 제자 2명과 성관계"" → 견과류 일주일에 3번이상 먹으면 나타나는 변화 → 국방부에 도착한 두테르테가 가장 먼저본 국산 무기  ▶ <긴급공개> 억대계좌 이종목에서 또 터진다!    ※ 저작권자 ⓒ 파이낸셜뉴스. 무단 전재-재배포 금지 "
176,5,"2018-06-07","08:15:12","CJ제일제당(주) 조회공시 요구(풍문 또는 보도)에 대한 답변(미확정)","*"
176,6,"2018-06-07","08:15:00","태백시, 비점오염저감시설에 인공 수초섬 설치","【태백=서정욱 기자】 태백시는 동점동 152번지 일원에 설치된 비점오염저감시설에 인공 수초섬을 설치한다 고 7일 밝혔다.  태백시에 따르면 인공수초섬 추진은 하절기 수온상승과 영양염류에 의한 비점오염저감시설 생태습지 내 조류 발생과 이로 인한 수질 악화, 악취발생 등의 문제점을 해소하기 위한 조치이다.   7일 태백시는 동점동 152번지 일원에 설치된 비점오염저감시설에 인공 수초섬을 설치한다 고 7일 밝혔다. ""인공수초섬 추진은 하절기 수온상승과 영양염류에 의한 비점오염저감시설 생태습지 내 조류 발생과 이로 인한 수질 악화, 악취발생 등의 문제점을 해소하기 위한 조치이다.""고 말했다. 이에 시는 오염원인 질소·인 등 영양염류를 섭취하는 정수식물을 식재한 인공 수초섬 2개를 생태습지 내에 설치해, 수생태 환경을 복원한다는 계획이다.  인공섬에는 생태성과 경관성, 유지관리성, 경제성 등을 고려해 질소,인 제거 효율이 높고, 경관성이 양호한 다년생 식물인 노랑꽃창포와 부처꽃 등 수생식물이 식재된다.  태백시 관계자는 “수초섬 설치로 비점오염저감시설습지 내 수질 환경 개선은 물론 경관도 향상될 것으로 기대한다.”고 말했다.  또, “향후에는 수중 용존산소 부족으로 인한 수질악화와 슬러지 혐기화, 어폐류 폐사를 방지하기 위해 고순도 산소 공급장치 설치를 추진할 계획이다.”고 덧붙였다.  syi23@fnnews.com 서정욱 기자  ▶'모멘텀집중' 저가에서 매집해둬야 할 상반기 유망주 3선 (지금 확인)   [파이낸셜뉴스 주요뉴스]  → 北 김정은 묵는 호텔 하루 숙박비 '642만원' 누가 지불? → ""선거 알바 클라스가 다르네"".. 선거운동원 '깨방정 댄스' 화제 → ""학원 여교사가 초등생 제자 2명과 성관계"" → 견과류 일주일에 3번이상 먹으면 나타나는 변화 → 국방부에 도착한 두테르테가 가장 먼저본 국산 무기  ▶ <긴급공개> 억대계좌 이종목에서 또 터진다!    ※ 저작권자 ⓒ 파이낸셜뉴스. 무단 전재-재배포 금지 "
176,7,"2018-06-07","08:15:00","상한가 예고! 이건 완벽한 재료주다!","▶ 변동성 증시!! 지금이 바로 저점 매수 타이밍!>>>>>>[바로확인]  이번에 소개해 드릴 종목은 상당한 기간조정을 지나 그 동안의 매물을 모두 소화한 끼있는 테마주입니다. 현재 장단기 이평선이 모두 밀집된 구간에서 상승에너지를 대량 응축한 모습이니 작은 재료라도 불기둥을 만들 태세입니다. 대량거래량과 상한가가 첫 시세의 시발점으로 조만간 나올 예정이니 이때 단기시세에 만족하지 마시고 꼭 붙들고 계십시오!  이곳에서는투자자들 사이에서 기대감이 증폭되고 있다. 증시스케줄과 관련 모멘텀 등 미리 사전에 점검함으로써 급등 전에 종목 선취매하면서 화제가 되었다. 이번에도 주도주 발굴과 단기 테마가 효과를 발휘했다는 설명이다.  “주식시장에서 성공하려면 준비를 많이 해야 합니다.순간적으로 뇌동매매하고 감정에 휘둘려 투기하면 수식간에 원금이 반토막 나기 쉬우니 사전에 계획된 투자를 하셔야 합니다!” 라면 일반투자자들을 위해 조언도 아끼지 않았다. 확실한 정보로 정확한 분석으로 추천합니다   ▶ [VIP주식] 방탄소년단(BTS) 관련주 신들린 추천 터졌다 + 보면 더 터진다! 역대급 상한가, 수석애널리스트 무료 강의! >>>>[바로확인]  다시 한번 뛰어난 종목발굴로 회원들의 칭찬을 아낌없이 받고 있다. 저점에서 연이어 급등주를 잡아내면서 화제가 되고 있다!  벨류에이션, 모멘텀 등 주가를 상승시키는 요인은 많습니다. 그러나 역시 핵심은 수급입니다! 수급분석이 끝난 종목에 상승의 명분이 중첩된 종목들로 접근하니 시장과 상관없이 급등시세로 연결되고 있습니다.""특별한 매매기법으로 언제나 수익을 내는 방법에는 분명 한계가 있다. 따라서 수급주체들의 생각을 읽을 수 있는 인적네트워크를 갖추는 것도 주식시장에서 살아남는 중요한 경쟁력이다.   ▶ 1조 글로벌 시장 진출 ! 저평가 우량기업기업공개 !>>>>[바로확인]  장세전환의 초입임을 전망하면서 금번 장세에서  발빠르게 포트폴리오를 변경하여 가는 종목에 집중투자함으로써 그 동안 손실을 만해하고 단기간에 수익률을 회복할 수 있는 전략을 구사해야한다고 강조한다. 단순한 낙폭과대주에 투자하면 안된다.  특히 물린 종목에서 본전심리에 의해 본의 아니게 장기투자자가 되는 악순환에서 빠져나와야 한다. 낡아빠진 재료주와 테마주가 아닌 신선하고 확실한 모멘텀을 보유한 개별종목이나 종목군을 압축하여 집중 투자해야빠른 수익률 복구가 가능하다.    [Hot Issue] 화성밸브 지엘팜텍 동양철관 에스에이티 대동스틸   본 기사는 투자 참고용이므로 이를 근거로 한 투자손실에 대해 책임을 지지 않습니다.          윤병찬 기자 / yoon4698@heraldcorp.com       [프리미엄 링크] ◆ [평생무료] ""주식카톡방"" 대박주를 추천받는데 100원도 안낸다~ ◆ 무료O, 회원가입X. 바로보는 증권전문가의 실시간 라이브방송.  10%수익을 40%로 만들어 준다고?? 영웅스탁론이라면 가능~! [영웅스탁론]효과적인 레버리지를 이용하여 수익률을 4배로!!    이 종목 미리 알았더라면.. 화제의 급등주검색기 실전투자 300%비법 무료체험 3일신청시 [즉시공개!]    김태희, 로또 대박?! 20억 당첨금 공개..    테마주!외국인+기관 쌍끌이 매집중인 종목 전문가들도 탐내는 급등주 공식 무료배포! [클릭]    [오늘의 인기기사] ◆ [국대스탁론]업계 최저금리 2.29%! 100%한종목 투자가능+신용/ 미수 대환가능 ◆ [국민스탁론]저렴한 연2.7% 금리로 최대 4배 투자 가능 ◆ [마감임박] '급등주 문자메시지' 100% 무료로 받아보기! ◆ [상한가속출] ""깜짝놀랐다"" 카톡무료체험으로 3000만원 수익달성!  ◆[밴드스탁론] 연 2%대 금리, 신용 미수 대환 가능, 주식자금 전문 ☏ 1899-9044 ◆똑똑해진 소비자..한국도 이젠 소형차 시대 ◆2020년 한국 TV 2대중 1대 인터넷 연결된다"
177,1,"2018-06-07","08:09:00","[오늘의 증시일정](7일)","[오늘의 증시일정](7일)   ◇ 신규상장  ▲ 크리스탈[083790]   ▲ 나노[187790]   ▲ 파워넷   ◇ 주주총회  ▲ 쌍용양회[003410]   ▲ 코디[080530]   ▲ 알비케이이엠디[106080]   ▲ GKL[114090]   ▲ 피시피아비아이티   ◇ 추가ㆍ변경상장  ▲ 지에스건설(해외CB전환 6천929주 3만3천409원)  ▲ 인스코비[006490](스톡옵션행사 10만주 1천430원)  ▲ 카카오[035720](스톡옵션행사 5천500주 2만2천792원)  ▲ 나이벡[138610](국내사모 CB전환 14만7천710주 6천770원, 20만9천779주 7천627원)  ▲ 바이오시네틱스(주식매수선택권행사 2천주 1천500원)   (서울=연합뉴스)   (끝)    <긴급속보 SMS 신청> <포토 매거진> < M-SPORTS >   <저작권자(c) 연합뉴스, 무단 전재-재배포 금지>"
177,2,"2018-06-07","08:09:00","`글로벌 운용사` 피델리티, 암호화폐 거래소 설립 추진","- 2.4조달러 보유한 굴지 운용사, 거래소 설립 사내 공고 - 피델리티, 자체 시스템 개발 및 수탁서비스 직원 선발중        [이데일리 이정훈 기자] 현재 2조4000억달러에 이르는 운용자산을 가지고 있는 글로벌 초대형 자산운용사인 피델리티 인베스트먼트(이하 피델리티)가 암호화폐 거래소 설립을 추진하고 있는 것으로 알려졌다.   6일(현지시간) 비즈니스 인사이더는 정통한 소식통을 인용, 피델리티가 암호화폐 거래소를 설립하는 작업을 뭍 밑에서 진행하고 있으며 최근 시스템 개발 인력을 모집하기 위해 사내에 이같은 사실을 공표했다고 보도했다. 개발 인력을 선발하는사내 공고에서 피델리티측은 “퍼블릭과 프라이빗 클라우드를 통한 디지털자산 거래소를 만들고 시스템을 유지 관리할 수 있는 인력을 구한다”고 알렸다.   또 피델리티는 회사내 제한된 암호화폐 관련 서비스를 책임지고 있는 피델리티 디지털에셋서비스를 통해서도 비트코인과 알트코인의 수탁 서비스를 담당할 직원을 선발하고 있는 것으로 알려졌다. 현재 피델리티는 코인베이스와 협업을 통해 코인베이스에 계좌를 가진 고객이 피델리티 플랫폼을 통해 전통적인 투자자산과 암호화폐의 포트폴리오를 통합 관리할 수 있도록 하는 서비스를 제공하고 있다.   이 소식통은 피델리티가 정확히 언제쯤 암호화폐 거래소를 설립할지 알 수 없지만 내부적으로는 1년 정도를 준비 기간으로 잡고 있는 것 같다고 전했다. 또 아직까지는 암호화폐 거래소를 피델리티의 메인 플랫폼에서 직접 이용하도록 할지, 별도의 자회사로 분리할지 확정되지 않은 것으로 보인다.  ▶계좌회복프로젝트! 상위 전문가의 투자전략 및 추천종목‘[무료확인]’ ▶14년 연속 1위, 대한민국 대표스탁론 하이스탁론 '    ' ＜ⓒ종합 경제정보 미디어 이데일리 - 무단전재 & 재배포 금지＞   "
177,3,"2018-06-07","08:08:53","송파구, ‘2018년 폭염 종합대책’ 수립","[헤럴드경제=장연주 기자]서울 송파구는 폭염으로부터 취약계층을 보호하고 각종 안전사고에 대비하기 위해 ‘2018년 폭염 종합대책’을 수립, 9월말까지 추진한다고 7일 밝혔다.  송파구는 안전담당관을 중심으로 9개부서가 협력, 송파구 폭염대책T/F를 구성해실시간 폭염상황을 파악하고 있다. 또 폭염특보 발령시에는 폭염대책종합실로 한 단계 격상된 운영체계를 통해 비상근무체제를 유지한다.  먼저 폭염정보의 신속한 전파를 위해 폭염특보 발효시 SNS와 대형전광판을 통해 행동요령을 실시간으로 전달하고 재난문자 서비스를제공한다.     송파구청 전경[제공=송파구청]  홀몸어르신, 거동불편자, 노숙인 등 폭염취약계층을 위해 통장, 행복울타리, 노인돌보미 등 재난도우미 1600여 명을 운영해 방문 및 안부 전화로 안전을 확인한다. 주요 노숙지역은집중순찰 활동이 이루어지며 얼음물 제공 등 응급구호 활동이 강화된다.  또 냉방시설이 구비된 경로당, 복지관 등 199곳을 무더위쉼터로 지정ㆍ운영하고 이 중 13곳은 야간이나 주말ㆍ휴일에도 개방 가능한 연장쉼터로 운영된다.   야외에서 장시간 햇빛에 노출되는 건설공사장과 사업장 근로자를 위해 오후 시간대 작업을 자제하는 ‘무더위 휴식 시간제’(오후 2시~5시)를 운영해 주민들의건강을 챙긴다.   아울러 도심 열섬화 방지대책으로 낮 기온이 33°C 이상 기온이 지속될 경우, 하루 평균 5대의 살수차가 도로 도면에 물을 뿌려 온도를 낮추고 있다. 이 밖에도 소방서, 한국가스안전공사 등 유관기관과 함께 폭발위험에 노출되기 쉬운 가스충전소 외 50여개 시설물에 대한 안전점검을 실시해 여름철 재난에 대비할 방침이다.   /yeonjoo7@heraldcorp.com    [프리미엄 링크] ◆ [평생무료] ""주식카톡방"" 대박주를 추천받는데 100원도 안낸다~ ◆ 무료O, 회원가입X. 바로보는 증권전문가의 실시간 라이브방송.  10%수익을 40%로 만들어 준다고?? 영웅스탁론이라면 가능~! [영웅스탁론]효과적인 레버리지를 이용하여 수익률을 4배로!!    이 종목 미리 알았더라면.. 화제의 급등주검색기 실전투자 300%비법 무료체험 3일신청시 [즉시공개!]    김태희, 로또 대박?! 20억 당첨금 공개..    테마주! 외국인+기관 쌍끌이 매집중인 종목 전문가들도 탐내는 급등주 공식 무료배포! [클릭]    [오늘의 인기기사] ◆ [국대스탁론]업계 최저금리 2.29%! 100%한종목 투자가능+신용/ 미수 대환가능 ◆ [국민스탁론]저렴한 연2.7% 금리로최대 4배 투자 가능 ◆ [마감임박] '급등주 문자메시지' 100% 무료로 받아보기! ◆ [상한가속출] ""깜짝놀랐다"" 카톡무료체험으로 3000만원 수익달성!  ◆[밴드스탁론] 연 2%대 금리, 신용 미수 대환 가능, 주식자금 전문 ☏ 1899-9044 ◆똑똑해진 소비자..한국도 이젠 소형차 시대 ◆2020년 한국 TV 2대중 1대 인터넷 연결된다"
177,4,"2018-06-07","08:08:25","[2018 부산모터쇼] 현대차·BMW가 보는 자율주행·전기차의 미래","@media all and (max-width: 400px) {img{max-width:340;height:auto;}}.dayTBL a:link {font-family: 돋움;font-size: 11px;line-height: 18px;color:#666666;text-decoration: none}.dayTBL a:visited {font-family: 돋움;font-size: 11px;line-height: 18px;color: #666666;text-decoration: none}.dayTBL a:hover {font-family: 돋움;font-size: 11px;line-height: 18px;color: #840000;text-decoration: none}.dayTBL nobr {width:85px; text-overflow:ellipsis; overflow:hidden; cursor:pointer; float:left}.todayBDb {border-bottom: #000000 0.5pt solid}.tblGrp{padding:0; border-spacing:0; border-collapse:collapse; border:0;vertical-align:top;width:279px}.tblGrp td{vertical-align:top}.dayTBL {width:93px; padding:0; border-spacing:0; border-collapse:collapse; vertical-align:top; border:0}.dayTBL td{font-size:12px; font-family:돋움; color:#333333;line-height:18px;padding:0}.divSch1{float:left}.divSch2{float:left}.tdSch{border: #E6E6E6 0.1pt solid;height:75;padding:0}.tdSchToday {border: #000000 1pt solid;height:75;background-color:#fffff0;padding:0}.tdSchTomorrow {border-left:0}.tdSchYesterday {border-right:0}.tdDate{background-color:#c8e7ff;height:10;text-align:center}.ad {text-align:center; font-size:8pt; font-family:돋움;line-height:1.2}.lg {margin-bottom:20px;}.title{font-size:15px;color:#203c76;font-weight:bold;margin-bottom:20px;}a,img {border:0; outline:none; selector-dummy:expression(this.hideFocus=true);}body,td,select,input,div,form,textarea,center,option,pre,blockquote {font-size:9pt; line-height:1.6; font-family:돋움;}table{border:0px;}r {display:none;}    제목 : [2018 부산모터쇼] 현대차·BMW가 보는 자율주행·전기차의 미래 현대자동차와 BMW가 지난 6일 ‘2018 부산 국제 모터쇼 미디어 갈라 디너’에서 국내외 취재 기자단 및 관계자 등 250여명이 참가한 가운데 ‘자율주행기술과 전기차(EV)의 미래를 보다’를 주제로 강연을 진행했다.  이날 연사로는 류남규 현대차 자율주행 선행 설계실 이사와 마틴 슈토이렌탈러 BMW 코리아 이사가 나섰다. 이들은 미래자동차 산업의 핵심 이슈 및 지속 가능성을 다뤘다.  류 이사는 “2015년 세계보건기구 자료를 보면 1년 교통사고 사망자가 125만명, 이 가운데 사고 90% 정도가 운전자 과실”이라며 “자율주행차가 상용화되면 사회적 비용 연 318조원 절감 효과. 교통약자 이동성 제공, 카셰어링이나 헤일링 등 신규 사업, 개인별 맞춤 서비스 발굴 등이 가능해진다”고 말했다.  그는 현대차가 추구하는 자율주행 가치로 ▲안전에 대한 신뢰 ▲여유 시간 제공 ▲이동의 자유 등 3가지를 꼽았다.  현대차는 2008년부터 자율주행기술에 해당하는 1단계 기술을 상용화 한 바 있다. 당시 제네시스에 스마트 크루즈 컨트롤을 처음 적용했고 지난해에는 기아자동차 ‘모닝’에도 충돌 방지 기능을 넣음으로써 자율주행기술을 최고급차 뿐 아니라 경차까지 모든 차종으로 확대중이다.  현대차는 내년 고속도로 자율주행 시범운행, 오는 2021년 스마트 시티 자율주행 시범운행, 2025년 초연결 이동성 자율주행을 실현할 계획이다.  슈토이렌탈러 이사는 자율주행기술 및 EV에 대한 전망을 내놨다. 그러면서 오토메이티드·커넥티드·일렉트리파이드·셰어드(ACES) 전략을 소개하고 “100년 후를 보고 변화해야 한다”며 “오토모빌리티 인더스트리로 나아가야 한다”고 강조했다.  BMW는 2014년 노키아의 디지털 지도 제작사 ‘히어’를 인수하고 2016년부터 ‘인텔’과 ‘모빌아이’와의 협력을 통해 ‘i넥스트’ 개발에전념하고 있다. 더불어 ‘넘버원 넥스트 전략’의 일환으로 오는 2025년까지 25종의 순수EV와 플러그인 하이브리드(PHEV) 모델을 출시할 예정이다.  2021년에는 BMW i 브랜드의 최신 기술을 집약시킨 BMW i넥스트 출시를 통해 양산 모델 최초로 전기 이동성과 함께 자율 주행 및 차량 연결성분야를 모두 적용한 플래그십 모델을 선보일 방침이다. 이근우 기자 lgw909@electimes.com  해당 기사는 전기신문(www.electimes.com)에서 제공한 것이며 저작권은제공 매체에 있습니다. 기사 내용 관련 문의는 해당 언론사에 하시기 바랍니다.  ■[하이스탁론] 주식자금이 필요할 땐 ☎ 1599-6222 연 3% 업계 최저금리, 자기자본 포함 최대 4배, 연장수수료 無 주식 매도 없이 미수, 신용 대환 / 마이너스통장식 / 기대출자도 가능 ☞ 14년 연속 스탁론 점유율 1위, 노주현이 추천하는 [하이스탁론 바로가기]  ▶【급등임박株】 “정책+실적+수급분석 완료” 주도주 '2선' 추천받기  ◆""숨은 진주발굴"" 당뇨치료제 상용화 임박! <재료주공개>   [이슈&섹터 스케줄]    2018-06-04 - 한국-필리핀 정상회담 예정 - 5G 주파수 경매 신청 마감 예정 -  한은, BOK 국제컨퍼런스 개최   2018-06-05 - 국무회의(최저임금법) - 랩온어칩 및 마이크로플루이딕스 컨퍼런스 개최(현지시간) - ""항체 엔지니어링 & 항체 치료 콘퍼런스 유럽 2018"" 개최 예정(현지시간)   2018-06-06 - 현충일 - 국내 증시 휴장 - 2018 국제회계 심포지엄 개최 예정      2018-06-07 - 美-日 정상회담 예정(현지시간) - 삼성바이오로직스, 분식 여부 판가름 예정 - 넥슨, MMORPG '카이저' 정식 출시   2018-06-08 - 6.13 지방선거 사전투표 예정 - G7 정상회의 개최 예정(현지시간) - 제5차 韓-美 에너지안보대화   2018-06-09 - 북-중-러 정상회담 예정 - 이탈치네마, 제10회 이탈리아 영화제 개최 예정 - 상하이협력기구(SCO) 정상회의 개최      Copyright ⓒ True&Live 증시뉴스 점유율1위, 인포스탁(www.infostock.co.kr) 인터넷신문(경기아51008)/무단전재 및 배포금지   본 뉴스(정보)는 해당종목의 매수/매도신호가 아니며, 이를 근거로행해진 거래에 대해 책임을 지지 않습니다."
177,5,"2018-06-07","08:08:04","LG디스플레이, 목표가 6%↓ 3만원 제시-이베스트證","[서울=뉴스핌] 로보뉴스 = 이베스트투자증권은 7일 LG디스플레이에 대한 투자의견을 매수, 목표주가를 3만원으로 제시했다. 이날 제시한 목표주가는 이전에 이베스트투자증권이 제시한 목표주가 3만2000원 대비 6% 낮은 수준이다.      LG디스플레이는 LG계열의 디스플레이 제조업체다. 이베스트투자증권 어규진 애널리스트가 작성한 LG디스플레이 리포트 주요내용은 아래와 같다.  ▶ 2Q 실적도 부진 전망  ▶ 그래도 대세는 OLED TV  ▶ 투자의견 매수, 목표주가 30,000원으로 하향  LG디스플레이는 올해 1분기 연결기준 매출액이 5조6751억원으로 전년 동기 7조621억원 대비 19.6% 감소했다. 같은기간 영업이익은 -983억2300만원으로 전년 동기 1조268억원에서 적자전환했다. 지배지분 순이익은 -594억5400만원으로 전년 동기 6334억9000만원에서 적자전환했다.      ▶ 옆집누나 매일 차 바꿔타는 이유? ▶ 마누라 몰래 세컨드 통장만들기    지난 5일주가는 전일대비 1.95% 하락한 2만2650원으로 마감했다.    이 기사는 뉴스핌과 아이투자(www.itooza.com)의 AI뉴스 작성 알고리즘인 뉴스봇(NewsBot)이 실시간으로 작성한 기사입니다.    ★남북경협! 쩜上 터질 대장株와 최적의 매매 타이밍 궁금하다면?! 오늘만 '무료' 확인! 【실제회원 매매일지 공개】 턴 어라운드 퀀트전략..5월 수익률 5.9% 【포착】 내일 급등 유망주, 지금 알려드립니다! 【강력추천】 주식투자 초보탈출 과정..""지금 신청하세요"""
177,6,"2018-06-07","08:08:00","[연속 순매도 종목 매력도] 기관, 더블유게임즈 9일째 팔아","☞ 총 상금 5,160만원! 핵심종목 평생무료 수익내서 상금받자【CLICK】     [아이투자김가혜 연구원] 7일 증권업계에 따르면 기관 투자자는 전일까지 더블유게임즈(192080) 지분을 9일 연속 순매도했다. 이 기간 동안 125억9100 만원에 달하는 22만4944주를 팔았다.  전일까지 기관 투자자가 9일 이상 연속 순매도한 종목은 더블유게임즈 포함 모두 50개다. 세중(46일), 서연탑메탈(42일), 삼보판지(42일) 등이 상위권에 올랐다. 새로 목록에 포함된 기업은 GS글로벌(001250), 한국타이어월드와이드(000240) 등 총 4개다.  연속 순매도 기간에 순매도금액이 가장 큰 종목은 삼성물산(1140억원)이다. 이후 삼성생명(960억원), 현대건설기계(539억원), LG(406억원), GS(280억원) 순이다.         이 기사는 투자 참고용으로 이를 근거로 한 투자 손실에 대해 책임을 지지 않습니다. 기사는 아이투자(www.itooza.com)가 제공한 것으로 저작권은 아이투자에 있습니다. 기사 내용 관련 문의는 아이투자로 문의하시기 바랍니다.    [포착]내일 급등 유망주, 지금 알려드리고 있습니다.        "
177,7,"2018-06-07","08:07:54","영등포구, 이달 19일 ’무료 건강증진교실‘ 운영","[헤럴드경제=장연주 기자]서울 영등포구 보건소는 6월 19일 주민 대상으로 암 예방 생활실천을 위한 무료 건강증진교실을 운영한다고 7일 밝혔다.   사망원인 1위로 꼽히는 암은 특징적인 증상을 보이지 않기 때문에 방심은 금물이다.   지난해 보건복지부에서발표한 국가암통계에 따르면 암유병자(치료 중 또는 완치 후 생존자)는 약 160만명에 이르는 것으로 나타났다. 이는 우리나라 국민 31명 중 1명이 암유병자인 셈이다. 해마다 증가하는 암발생률을 낮추기 위해서는 암 예방과 조기 검진, 조기 치료의 삼박자를 모두 갖춰야 한다.     [제공=영등포구]  이에 암에 대한 올바른 정보를 제공하고 암 예방을 위한 동기 부여 및암 관리와 치료 의욕을 고취하는 차원에서 이번 교육을 마련했다.   여의도성모병원 전문 간호사가 강사로 나서며 10시30분부터 약 1시간 가량 암을 예방하는 방법, 암 조기 검진의 중요성, 암 종류별 치료법과 암 관리법에 대해서 교육한다.  가장 많이 발생하는 5대 암(위암, 대장암, 간암, 유방암, 자궁경부암)의 위험요인을 중점적으로 살펴보고 평소 금주, 금연, 건강한 식습관, 주기적인 운동 등을실천하는 노력이 필요함을 강조할 예정이다.   관심 있는 주민 누구나 참여할 수 있으며 교육은 영등포구보건소 분소(디지털로 441) 1층 보건교육실에서 진행된다. 선착순 30명을 모집하며 신청은 영등포구보건소로 전화하거나 방문하면 된다.   /yeonjoo7@heraldcorp.com    [프리미엄 링크] ◆ [평생무료] ""주식카톡방"" 대박주를 추천받는데 100원도 안낸다~ ◆ 무료O, 회원가입X. 바로보는 증권전문가의 실시간 라이브방송.  10%수익을 40%로 만들어 준다고?? 영웅스탁론이라면 가능~! [영웅스탁론]효과적인 레버리지를 이용하여 수익률을 4배로!!    이 종목 미리 알았더라면.. 화제의 급등주검색기 실전투자 300%비법 무료체험 3일신청시 [즉시공개!]    김태희, 로또 대박?! 20억 당첨금 공개..    테마주!외국인+기관 쌍끌이 매집중인 종목 전문가들도 탐내는 급등주 공식 무료배포! [클릭]    [오늘의 인기기사] ◆ [국대스탁론]업계 최저금리 2.29%! 100%한종목 투자가능+신용/ 미수 대환가능 ◆ [국민스탁론]저렴한 연2.7% 금리로 최대 4배 투자 가능 ◆ [마감임박] '급등주 문자메시지' 100% 무료로 받아보기! ◆ [상한가속출] ""깜짝놀랐다"" 카톡무료체험으로 3000만원 수익달성!  ◆[밴드스탁론] 연 2%대 금리, 신용 미수 대환 가능, 주식자금 전문 ☏ 1899-9044 ◆똑똑해진 소비자..한국도 이젠 소형차 시대 ◆2020년 한국 TV 2대중 1대 인터넷 연결된다"
178,1,"2018-06-07","08:04:12","복지 반영한 소득분배지표 만든다","소득주도성장 밀어붙이자   소득격차 '최악'으로 확대     무상교육·의료, 공공임대 등   저소득층 혜택 큰 분야 반영    ""정책 부작용 줄이는 효과""      [ 임도원 기자 ] 정부가 복지혜택을 반영한 소득분배지표를 새로 개발한다. 복지혜택은 저소득층에 더 많이 주어지는 만큼 소득분배 상황이더 개선돼 보이는 수치가 나올 전망이다. 올해 1분기 최악의 소득분배지표와 맞닥뜨린 정부로서는 소득주도 성장의 부작용을 가리는 효과를얻을 수 있게 된다.   통계청은 올해 말까지 사회적 현물이전을 반영한 소득분배지표를 마련하기로 하고 기초자료를 분석 중인 것으로 6일 확인됐다. 통계청은 무상교육, 의료, 보육, 공공임대주택, 기타 바우처(서비스·상품 이용권) 등 5개 분야의 사회적 현물이전 혜택 규모를 추산할계획이다.  사회적 현물이전은 의료와 교육, 보육 등 분야에서 국가가 국민에게 제공하는 현금 외 상품과 서비스를 말한다. 무상복지가 대표적이다. 통계청이 매년 발표하는 지니계수와 소득 5분위 배율 등 분배지표는 조세와 정부의 현금이전지출 등을 반영한 처분가능소득(현금소득)만을 기초로 작성된다. 예를 들어 한 사람이 한 달에 의료비와 교육비로 30만원을 지출하고 다른 사람은 복지혜택을 받아 관련 지출이 없다 하더라도 버는 돈이 같으면 현행 소득 5분위 배율 등에서는 두 사람을 같은 생활수준으로 간주한다.  사회적 현물이전을 반영하면 소득분배지표는 더욱 개선될 전망이다. 통계청이 지난달 발표한 ‘2018년 1분기 가계동향 소득부문 조사’에서는 고소득층과 저소득층 간 소득격차가 역대 최대 수준으로 벌어진 것으로 나타났다. 소득 하위 20%(1분위) 가계의 명목소득(2인 이상 가구 기준)은 월평균 128만6702원으로 전년 동기 대비 8.0% 줄어든 반면 소득 최상위 20%(5분위) 가계의 명목소득은 월평균 1015만1698원으로 9.3% 증가했다. 올해 시간당 최저임금 16.4% 인상으로 인한 고용 감소가 격차 확대의 주요인으로 지목되면서 경제학계를 중심으로 “소득주도 성장정책을 전면 재검토해야 한다”는 목소리가 커졌다.  사회적 현물이전을 반영하면 복지혜택이 상대적으로 큰 1분위의 명목소득이증가해 소득격차가 줄어드는 것으로 나타날 가능성이 높다. 정부로서는 소득주도 성장정책의 부작용이 축소돼 보이도록 하는 방안인 셈이다. 다만 통계청 관계자는 “사회적 현물이전을 반영한 소득분배지표 개발은 1분기 가계동향 소득부문 조사 발표 이전부터 추진한 것”이라고 말했다.  임도원 기자 van7691@hankyung.com    [ 무료 주식 카톡방 ] 국내 최초, 카톡방 신청자수 38만명 돌파 < 업계 최대 카톡방 > --> 카톡방 입장하기!! 40억 ""이것""통해 벌었다는 남성 알고보니 ""개인파산""한 개그맨 A씨? ▶ <긴급공개> 2분기 이끌 新대장주 BEST 5 억대계좌 이종목에서 또 터진다! >> [바로확인]     관련기사 ""젊은 직장인들 모인다""…강북 도심 부활한 이유가 소득주도 성장 밀어붙이는 문 대통령… 장하성 힘 실어주고 '김동연 패싱' 논란 계속되는 주한미군 철수설에…美 국방장관 결국 ""소득주도성장, 소득분배만 잘하면 가능?… R&D·혁신투자 없으면 경제성장도 없다"" 남편에게 돈 벌어 오랬더니 하는 말이…아내 속앓이    ⓒ 한국경제 & hankyung.com, 무단전재 및 재배포 금지"
178,2,"2018-06-07","08:04:00","미국시장 섹터시황","@media all and (max-width: 400px) {img{max-width:340;height:auto;}}.dayTBL a:link {font-family: 돋움;font-size: 11px;line-height: 18px;color:#666666;text-decoration: none}.dayTBL a:visited {font-family: 돋움;font-size: 11px;line-height: 18px;color: #666666;text-decoration: none}.dayTBL a:hover {font-family: 돋움;font-size: 11px;line-height: 18px;color: #840000;text-decoration: none}.dayTBL nobr {width:85px; text-overflow:ellipsis; overflow:hidden; cursor:pointer; float:left}.todayBDb {border-bottom: #000000 0.5pt solid}.tblGrp{padding:0; border-spacing:0; border-collapse:collapse; border:0;vertical-align:top;width:279px}.tblGrp td{vertical-align:top}.dayTBL {width:93px; padding:0; border-spacing:0; border-collapse:collapse; vertical-align:top; border:0}.dayTBL td{font-size:12px; font-family:돋움; color:#333333;line-height:18px;padding:0}.divSch1{float:left}.divSch2{float:left}.divLink{float:left;margin-right:10px;margin-bottom:5px;}.tdSch{border: #E6E6E6 0.1pt solid;height:75;padding:0}.tdSchToday {border: #000000 1pt solid;height:75;background-color:#fffff0;padding:0}.tdSchTomorrow {border-left:0}.tdSchYesterday {border-right:0}.tdDate{background-color:#c8e7ff;height:10;text-align:center}.ad {text-align:center; font-size:8pt; font-family:돋움;line-height:1.2}.lg {margin-bottom:20px;}.title{font-size:15px;color:#203c76;font-weight:bold;margin-bottom:20px;}a,img {border:0; outline:none; selector-dummy:expression(this.hideFocus=true);}body,td,select,input,div,form,textarea,center,option,pre,blockquote {font-size:9pt; line-height:1.6; font-family:돋움;}table{width:100%; border:0px;}@media (min-width:650px){img {max-width:600px;height:auto}}@media (max-width:650px){img {max-width:500px;height:auto}}@media (max-width:550px){img {max-width:400px;height:auto}}@media (max-width:450px){img {max-width:300px;height:auto}}@media all and (max-width: 400px) {img {max-width:300px;height:auto}.tbl_dmd {width:340;text-align:right;border-collapse:collapse;}}.pv{display:none;}.popup {cursor : pointer;color:#0078c6;}.mttl {color:#821e1e;font-weight:bold;font-size:9pt;}.tldot {font-size:7pt;color:#0078c6;}td.pls {color:#ff3300;}td.mns {color:blue;}td.pls_ar {text-align:right;color:#ff3300;}td.ar {text-align:right;}td.ac {text-align:center;}.tbl_dmd {width:380;text-align:right;border-collapse:collapse;}.tbl_dmd {max-width:400;min-width:340;text-align:right;border-collapse:collapse;}.tbl_dmd td {padding-right:5;border:1px solid #dcdcdc;}.tbl_con {width:340;border-collapse:collapse;text-align:center;}.tbl_con td {padding-right:5;border:1px solid #dcdcdc;}r {display:none;}"
178,3,"2018-06-07","08:04:00","[이데일리ON] 명현진의 명쾌한 주식전략으로 명쾌한 투자","[이데일리 투자전략팀] 어제와오늘 장 시작 전 세계 증시를 보면 미국증시(다우산업 +1.4%. 나스닥 +0.67%)는 무역분쟁 우려 완화 기대감과 금융주 강세에 상승 흐름을 보였다. 유럽증시(주요국 평균 약 +0.12%)은 G7 정상회의 등 큰 이벤트 앞두고 강보합 마감하였다. 중국증시(+0.03%)는 경기 지표 호조에 상승마감하였다. 국내야간 증시(MSCI +1.68%, 야간선물 -0.38%)은 미국 무역분쟁 진정세에 상승 흐름을 보였다. 전체적으로 긍정적 흐름을 보였다.  우리나라 증시는 코스피 외국인 수급 턴어라운드로 긍정적 흐름을 보였다. 특히 삼성전자의 외국인 수급 턴어라운드 흐름이 긍정적이다. 코스닥은 시가총액 상위 종목들이 대부분 약세 수급을 보였다. 다만 메디톡스와 휴젤 등 보톡스 관련주가 강세 흐름을 보였다.  낙폭 과대 IT 관련주와 선별적 대북관련주를 주목해 보아야 한다. 강력한 낙폭을 보였던 IT 관련주들의 기술적 반등이 기대된다. 시장 트렌드에서 소외되면서 약세를 보였지만 최근 수급 유입이 긍정적으로 변했다. 또한 대북관련주들은 순환매 상승을 준비해야 한다. 특히 추격 매수보다는 눌림을 이용하여 접근하는 전략이 유효하며 인프라 투자의 핵심인 철도주들을 주의 깊게 볼 필요가 있다.   수급 및 실적기대주로는 CMG제약(058820), 에스텍파마(041910), 제이스텍(090470), 대아티아이(045390), 다산네트웍스(039560) 등이 있다.   ※ 작성: 증권방송 이데일리ON ""명현진"" 전문가  [본 기사는 투자 참고용으로, 이데일리의 의견과 다를 수 있습니다.]  ▶계좌회복프로젝트! 상위 전문가의 투자전략 및 추천종목‘[무료확인]’ ▶14년 연속 1위, 대한민국 대표 스탁론 하이스탁론 '    '  >＜ⓒ종합 경제정보 미디어 이데일리 - 무단전재 & 재배포 금지＞   "
178,4,"2018-06-07","08:03:35","수단 “북한과 모든 방산계약 취소”…‘脫테러지원국’ 의지 드러내","[헤럴드경제=이슈섹션] 그동안 테러지원국으로 지목받던 수단 정부가 북한과의 모든 군사관계를 단절하겠다는 뜻을 밝히며 ‘탈(脫)테러지원국’ 의지를 불태워 눈길을 끌었다.  6일(현지시간) AFPㆍ로이터 등 외신들에 따르면 수단 외무부는 자국 방산업체들이북한과의 모든 계약을 취소했으며 이로써 직접 또는 제3자를 통한 관계 역시 끝냈다는 내용의 성명을 발표했다.  또한 수단 정부는 유엔 안전보장이사회의 대북 제재 결의를 이행하기 위한 위원회를 설치했다고 덧붙였다.    [사진=게티이미지뱅크]  그러나 자국 정부가 언제 대북관계를 청산했는지와 취소한 계약 내용에 대해서는 구체적으로 밝히지 않았다.  이 같은 발표에 대해 AFP통신은 “수단이 북한과 (그동안) 방산거래를 해왔다는 점을 처음으로 인정한 것”이라고 설명했다.   로이터통신 역시 “수단 정부의 북한과의 모든 국방거래를 단절 선언은 ‘핵무기 비확산’ 약속을 지키기 위한 노력 중 하나“라고 전했다.   앞서 미국 정부는 지난해 10월, 수단의 테러 척결 노력에 대해 진전이 있었다며 제재를 해제했지만 테러지원국 명단에서는 제외시키지 않았으며, 이로 인해 국제은행들이 수단 내 거래를 꺼리는 등 수단 경제 회복에 상당 부분 악영향을 미친 것으로 알려진다.  현재 수단 경제는 인플레이션 상승과 500억달러 이상의 대외부채, 석유 수입 감소 등으로 타격을 받고 있다.  또한 AFP통신은 “미국 정부가 지난달 ‘수단이 테러지원국에서 해제되기를 희망한다면 북한과 모든 관계를 끊어야 한다’며 압력 수위를 높였다”고 보도한 바 있다.  onlinenews@heraldcorp.com   [프리미엄 링크] ◆ [평생무료] ""주식카톡방"" 대박주를 추천받는데 100원도 안낸다~ ◆ 무료O, 회원가입X. 바로보는 증권전문가의 실시간 라이브방송.  10%수익을 40%로 만들어 준다고?? 영웅스탁론이라면 가능~! [영웅스탁론]효과적인 레버리지를 이용하여 수익률을 4배로!!    이 종목 미리 알았더라면.. 화제의 급등주검색기 실전투자 300%비법 무료체험 3일신청시 [즉시공개!]    김태희, 로또 대박?! 20억 당첨금 공개..    테마주!외국인+기관 쌍끌이매집중인 종목 전문가들도 탐내는 급등주 공식 무료배포! [클릭]    [오늘의 인기기사] ◆ [국대스탁론]업계 최저금리 2.29%! 100%한종목 투자가능+신용/ 미수 대환가능 ◆ [국민스탁론]저렴한 연2.7% 금리로 최대 4배 투자 가능 ◆ [마감임박] '급등주문자메시지' 100% 무료로 받아보기! ◆ [상한가속출] ""깜짝놀랐다"" 카톡무료체험으로 3000만원 수익달성!  ◆[밴드스탁론] 연 2%대 금리, 신용 미수 대환 가능, 주식자금 전문 ☏ 1899-9044 ◆똑똑해진 소비자..한국도 이젠 소형차 시대 ◆2020년 한국 TV 2대중 1대 인터넷 연결된다"
178,5,"2018-06-07","08:03:21","제넥신, 오해에서 빚어진 참극 '저점 매수' 기회-하나","[머니투데이 송선옥 기자] 하나금융투자는 7일 제넥신의 전일 급락이 시장 오해에서 빚어졌다며 저점 매수의 기회라고 밝혔다.   선민정 하나금융투자 연구원은 “제넥신의 글로벌 유사 그룹이라 할 수 있는 넥타사가 이번 ASCO 학회에서 면역관문억제제인 옵디보의 병용투여 임상 결과를 발표했다""며 ""그런데 이번 발표 결과가 작년 11월 SITC 학회에서 발표된 결과에 비해 객관적 반응률의 수치가 낮아졌다는 이유로 넥사가 그날 42% 급락했고 이어 제넥신이 지난 5일 7.8% 급락했다”고 설명했다.   이어 “넥사가 발표한 ORR 결과만 놓고 보면 흑생종의 경우 수치가 감소했으나 환자들의 종양 크기가 올해 더 많이 감소되었고 기존 PD-L1이발현되지 않았던 환자들에게서 PD-L1 발현이 확인되면서 옵디보의 반응률을 높이게 됐다”며 “이러한 임상결과에 고무된 BMS사와 넥타는 임상 3상을 준비하고 있으며 흑색종 환자의 임상 3상은 당장 올해 3분기 진입할 것으로 언급하고 있다”고 말했다.   선 연구원은 “아직 진행중인 임상이라는 점에서 단순히 ORR의 숫자 비교만으로 넥타사의 42% 급락은 다소 비이성적 반응”이라며 “넥타의 NKTR-214와 옵티보와의 병용투여 결과는 내용상 매우 고무적이었으며 NKTR-214와의 하이루킨 역시 다른 기전의 물질로 기전상 하이루킨의 우수성이 예상된다”고 강조했다.     주식담보대출도 이제 부담없는 금리로 가능(안내: 02-3775-1497)   ▶▶ 2018년! 하반기를 뜨겁게 달굴 ""급등 유력株"" TOP.10 긴급공개 (클릭)   ▶▶ 단독! 정책+수급+실적 3박자를 두루 갖춘 TOP 시크릿 급등 유망주 지금 공개 (클릭)     [파워 인터뷰]      [관련기사] ☞ '김정은 전용기 추락'…고사 지내는 日 우익들 ☞ [MT리포트]분양시장에 몰린 돈… '로또청약'의 실상 ☞ 25년전 ""마누라 빼고 다 바꿔라"" 외쳤던 삼성, 올해는… ☞ [사진]김문수후보 유세차, 중앙선 넘어 역주행 ☞ [영상]김문수 유세차량 역주행 논란...취재진 요청 때문 아냐      주식매입자금? 전화 한통화면 당신은 스마트컨슈머!    최저금리로 신용·미수 대환 하는 가장 경제적인 방법 (바로 확인)   ‘개미’말고 ‘슈퍼 투자자’되고 싶다면?...‘이것’만 잘 이용해도 가능해요!       송선옥 기자 oops@mt.co.kr    <저작권자 ⓒ '돈이 보이는 리얼타임 뉴스' 머니투데이, 무단전재 및 재배포 금지>"
178,6,"2018-06-07","08:03:00","뉴욕증시 마감시황","@media all and (max-width: 400px) {img{max-width:340;height:auto;}}.dayTBL a:link {font-family: 돋움;font-size: 11px;line-height: 18px;color:#666666;text-decoration: none}.dayTBL a:visited {font-family: 돋움;font-size: 11px;line-height: 18px;color: #666666;text-decoration: none}.dayTBL a:hover {font-family: 돋움;font-size: 11px;line-height: 18px;color: #840000;text-decoration: none}.dayTBL nobr {width:85px; text-overflow:ellipsis; overflow:hidden; cursor:pointer; float:left}.todayBDb {border-bottom: #000000 0.5pt solid}.tblGrp{padding:0; border-spacing:0; border-collapse:collapse; border:0;vertical-align:top;width:279px}.tblGrp td{vertical-align:top}.dayTBL {width:93px; padding:0; border-spacing:0; border-collapse:collapse; vertical-align:top; border:0}.dayTBL td{font-size:12px; font-family:돋움; color:#333333;line-height:18px;padding:0}.divSch1{float:left}.divSch2{float:left}.divLink{float:left;margin-right:10px;margin-bottom:5px;}.tdSch{border: #E6E6E6 0.1pt solid;height:75;padding:0}.tdSchToday {border: #000000 1pt solid;height:75;background-color:#fffff0;padding:0}.tdSchTomorrow {border-left:0}.tdSchYesterday {border-right:0}.tdDate{background-color:#c8e7ff;height:10;text-align:center}.ad {text-align:center; font-size:8pt; font-family:돋움;line-height:1.2}.lg {margin-bottom:20px;}.title{font-size:15px;color:#203c76;font-weight:bold;margin-bottom:20px;}a,img {border:0; outline:none; selector-dummy:expression(this.hideFocus=true);}body,td,select,input,div,form,textarea,center,option,pre,blockquote {font-size:9pt; line-height:1.6; font-family:돋움;}table{width:100%; border:0px;}@media (min-width:650px){img {max-width:600px;height:auto}}@media (max-width:650px){img {max-width:500px;height:auto}}@media (max-width:550px){img {max-width:400px;height:auto}}@media (max-width:450px){img {max-width:300px;height:auto}}@media all and (max-width: 400px) {img {max-width:300px;height:auto}.tbl_dmd {width:340;text-align:right;border-collapse:collapse;}}.pv{display:none;}.popup {cursor : pointer;color:#0078c6;}.mttl {color:#821e1e;font-weight:bold;font-size:9pt;}.tldot {font-size:7pt;color:#0078c6;}td.pls {color:#ff3300;}td.mns {color:blue;}td.pls_ar {text-align:right;color:#ff3300;}td.ar {text-align:right;}td.ac {text-align:center;}.tbl_dmd {width:380;text-align:right;border-collapse:collapse;}.tbl_dmd {max-width:400;min-width:340;text-align:right;border-collapse:collapse;}.tbl_dmd td {padding-right:5;border:1px solid #dcdcdc;}.tbl_con {width:340;border-collapse:collapse;text-align:center;}.tbl_con td {padding-right:5;border:1px solid #dcdcdc;}r {display:none;}"
178,7,"2018-06-07","08:03:00","라돈 수치 전수 조사, 호텔여기어때 ‘합격점’","@media all and (max-width: 400px) {img{max-width:340;height:auto;}}.dayTBL a:link {font-family: 돋움;font-size: 11px;line-height: 18px;color:#666666;text-decoration: none}.dayTBL a:visited {font-family: 돋움;font-size: 11px;line-height: 18px;color: #666666;text-decoration: none}.dayTBL a:hover {font-family: 돋움;font-size: 11px;line-height: 18px;color: #840000;text-decoration: none}.dayTBL nobr {width:85px; text-overflow:ellipsis; overflow:hidden; cursor:pointer; float:left}.todayBDb {border-bottom: #000000 0.5pt solid}.tblGrp{padding:0; border-spacing:0; border-collapse:collapse; border:0;vertical-align:top;width:279px}.tblGrp td{vertical-align:top}.dayTBL {width:93px; padding:0; border-spacing:0; border-collapse:collapse; vertical-align:top; border:0}.dayTBL td{font-size:12px; font-family:돋움; color:#333333;line-height:18px;padding:0}.divSch1{float:left}.divSch2{float:left}.divLink{float:left;margin-right:10px;margin-bottom:5px;}.tdSch{border: #E6E6E6 0.1pt solid;height:75;padding:0}.tdSchToday {border: #000000 1pt solid;height:75;background-color:#fffff0;padding:0}.tdSchTomorrow {border-left:0}.tdSchYesterday {border-right:0}.tdDate{background-color:#c8e7ff;height:10;text-align:center}.ad {text-align:center; font-size:8pt; font-family:돋움;line-height:1.2}.lg {margin-bottom:20px;}.title{font-size:15px;color:#203c76;font-weight:bold;margin-bottom:20px;}a,img {border:0; outline:none; selector-dummy:expression(this.hideFocus=true);}body,td,select,input,div,form,textarea,center,option,pre,blockquote {font-size:9pt; line-height:1.6; font-family:돋움;}table{width:100%; border:0px;}@media (min-width:650px){img {max-width:600px;height:auto}}@media (max-width:650px){img {max-width:500px;height:auto}}@media (max-width:550px){img {max-width:400px;height:auto}}@media (max-width:450px){img {max-width:300px;height:auto}}@media all and (max-width: 400px) {img {max-width:300px;height:auto}.tbl_dmd {width:340;text-align:right;border-collapse:collapse;}}.pv{display:none;}.popup {cursor : pointer;color:#0078c6;}.mttl {color:#821e1e;font-weight:bold;font-size:9pt;}.tldot {font-size:7pt;color:#0078c6;}td.pls {color:#ff3300;}td.mns {color:blue;}td.pls_ar {text-align:right;color:#ff3300;}td.ar {text-align:right;}td.ac {text-align:center;}.tbl_dmd {width:380;text-align:right;border-collapse:collapse;}.tbl_dmd {max-width:400;min-width:340;text-align:right;border-collapse:collapse;}.tbl_dmd td {padding-right:5;border:1px solid #dcdcdc;}.tbl_con {width:340;border-collapse:collapse;text-align:center;}.tbl_con td {padding-right:5;border:1px solid #dcdcdc;}r {display:none;}    제목 : 뉴욕증시 마감시황 6월6일(현지시간) 뉴욕주식시장은 무역 갈등 완화 기대감 등으로 상승.   이날 뉴욕증시는 무역갈등 완화에대한 기대감 등으로 3대 지수 모두 상승. 다우지수가 1.40% 상승했으며, S&P500지수와 나스닥지수는 각각 0.86%, 0.67% 상승 마감.   스티븐 므누신 미국 재무장관이 캐나다와의 철강 무역에서 20억 달러 흑자를 기록하고 있는 점 등을 근거로 캐나다를 철강 관세 부과 대상 국가에서 제외할 것을 요청했다는 보도가 나오면서 무역갈등 완화에 대한 기대가 커진 모습. 아울러 월스트리트저널(WSJ)이 지난 주말 미•중간 무역협상에서 중국 측은 미국이 관세를 철회할 경우 연간 700억 달러 규모의 미국 농산물과 에너지 수입 방안을 제시했다고 보도를 내놓은 점도 불안 완화에 도움을 줬다고 평가했음.   아울러 미국 국채 금리 상승 영향으로 이날 JP 모건 체이스, 뱅크오브아메리카 등은행주들이 강세를 보인 점도 긍정적으로 작용. 미 국채 10년물 금리는 유럽중앙은행(ECB)의 출구전략 시행 전망 등으로 이날 2.97% 위로 올라섰음.  한편, 이날 발표된 경제지표는 엇갈린 모습. 미국 상무부는 4월 미국의 상품·서비스 무역적자가 462억 달러(약 49조4,800억원)를 기록해 전달대비 10억 달러 줄었다고 발표. 이는 지난해 9월 이후 가장 낮은 수준. 한편, 미국 노동부는 1분기 비농업 생산성 수정치가 전분기 대비 연율 0.4%(계절 조정치) 상승했다고 밝힘. 앞서 발표된 예비치는 0.7% 상승이었음.  업종별로는 대부분 업종이 상승한 가운데, 자동차, 화학, 소매, 경기관련 서비스업, 금속/광업, 통신서비스, 소프트웨어/IT서비스 업종 등의 상승세가 두드러짐. 종목별로는 보잉이 비행기 엔진 시동에 사용되는 주요 부품을 생산하는 벤처 기업을 설립키로 했다는 소식에 3.18% 상승했으며, 분기 배당금 증대 소식에 유나이티드헬스그룹은 1.73% 상승. 테슬라는 일론 머스크 CEO가 모델3 주당 5,000대 생산 목표를 이달말까지 달성할 가능성이 높다고 발언한 데 힘입어 9.74% 급등했으며, 뱅크오브아메리카와 JP 모건 체이스는 각각 3.16%, 2.34% 상승.  다우 +346.41(+1.40%) 25,146.39, 나스닥 +51.38(+0.67%) 7,689.24, S&P500 2,772.35(+0.86%), 필라델피아반도체 1,437.94(+0.66%)      ■[하이스탁론] 주식자금이 필요할 땐 ☎ 1599-6222 연 3% 업계 최저금리, 자기자본 포함 최대 4배, 연장수수료 無 주식 매도 없이 미수, 신용 대환 / 마이너스통장식 / 기대출자도 가능 ☞ 14년 연속 스탁론 점유율 1위, 노주현이 추천하는 [하이스탁론 바로가기]  ▶【급등임박株】 “정책+실적+수급분석 완료” 주도주 '2선' 추천받기  ◆""숨은 진주발굴"" 당뇨치료제 상용화 임박! <재료주공개>   [이슈&섹터 스케줄]    2018-06-04 - 한국-필리핀 정상회담 예정 - 5G 주파수 경매 신청 마감 예정 -  한은, BOK 국제컨퍼런스 개최   2018-06-05 - 국무회의(최저임금법) - 랩온어칩 및 마이크로플루이딕스 컨퍼런스 개최(현지시간) - ""항체 엔지니어링 & 항체 치료 콘퍼런스 유럽 2018"" 개최 예정(현지시간)   2018-06-06 - 현충일 - 국내 증시 휴장 - 2018 국제회계 심포지엄 개최 예정      2018-06-07 - 美-日 정상회담 예정(현지시간) - 삼성바이오로직스, 분식 여부 판가름 예정 - 넥슨, MMORPG '카이저' 정식 출시   2018-06-08 - 6.13 지방선거 사전투표 예정 - G7 정상회의 개최 예정(현지시간) - 제5차 韓-美 에너지안보대화   2018-06-09 - 북-중-러 정상회담 예정 - 이탈치네마, 제10회 이탈리아 영화제 개최 예정 - 상하이협력기구(SCO) 정상회의 개최      Copyright ⓒ True&Live 증시뉴스 점유율1위, 인포스탁(www.infostock.co.kr) 인터넷신문(경기아51008)/무단전재 및 배포금지   본 뉴스(정보)는 해당종목의 매수/매도신호가 아니며, 이를 근거로행해진 거래에 대해 책임을 지지 않습니다."
179,1,"2018-06-07","08:00:12","[채권-장전] 유로존 QE 축소 우려","채권시장이 7일 유로존의 QE 축소 우려 등에 따라 약세로 출발할 것으로 보인다.   최근 제한적인 레인지 등락을 보이면서 방향을못 잡고 있는 시장이 만만치 않은 대외요인을 감안하면서 외국인 동향 등을 주시할 것으로 관측된다.   지난 6일 유럽중앙은행(ECB)이 채권매입 프로그램(QE)를 종료할 수 있다는 우려가 불거지면서 각국 금리는 크게 올랐다. 미국채 금리는 다시 3%에 근접했다.   코스콤 CHECK단말기(3931)를 보면 미국채 금리는 5일 2.1bp 하락했으나 6일엔 4.76bp 상승하면서 2.9708%로 올랐다. 5일엔 4일간 금리가 올라온 반작용 등으로 반락했으나 6일엔 다시 오른 것이다.   국내 현충일이 포함된 5~6일 이틀간 미국채30년물은 3.55bp 상승한 3.1208%, 국채2년물은 0.81bp 오른 2.5242%를 나타냈다. 국채5년물은 이틀간 1.52bp 반등한 2.8091%를 나타냈다.   ECB의 채권매입 축소 가능성으로 유럽 국채시장에 매도세가 힘을 얻으면서 미국채 금리도 반등한 것이다.   최근 이탈리아의 정치 위기와 이탈리아국채 금리 급등 등으로 유로존의 채권매입 프로그램이 쉽게 종료되지 않을 것이란 기대도 남아 있는 가운데 오는 14일 ECB 회의에 대한 관심이 더욱 커졌다.   연준 FOMC에 뒤이어 열리는 유로존 회의에서 어떤 입장이 나타날지에 따라서 시장은 적지 않은 변동성이 나타날 가능성이 있다. 미국의 6월 금리인상이 기정사실화된 상황에서 유로존 마저 통화정책 정상화에 힘을 싣는다면 채권시장의 부담이 좀 더 커질 수 있다.   독일 10년 국채금리는 5일 4.74bp 하락했으나 6일엔 9.09bp 뛴 0.4610%로 올라섰다. 이탈리아 우려로 지난 5월29일 0.2509%로 급락하기도 했지만 빠르게 올라온 셈이다.   지난 5월29일 43.11bp 폭등하면서 정치우려에 반영한 뒤 빠르게 안정됐던 이탈리아 10년 국채 금리는 5일 20.83bp, 6일 16.19bp 오르면서 2.9128%까지 상승했다. 지난 29일 3%를 넘어서 3.1%에 육박했던 이탈리아 국채금리는 6월 4일 2.5%대까지 내려가는 모습을 보였지만 이틀간 다시 급등한 것이다.   유로존 통화정책 정상화에 대한 우려는 ECB의 인플레이션 목표치 도달 가능성에 대한 자신감에서 비롯됐다.   ECB의 페트르 프레이트 수석 이코노미스트는 이르면 다음주에 한달 300억 유로의 자산매입을 단계적으로 축소할 수 있음을 시사했다.   그는 ""물가가 목표치로 다가가는 신호가 증가하고 있다""면서 ""목표치인 2% 약간 아래의 인플레 목표가 중기적으로 달성 가능할 것이란 확신에 힘이 실린다""는 입장을 보였다.   유로존 경제상황 개선과 임금 상승 등으로 물가가 목표에 근접하는 흐름을 보이고 있어서 자산매입의 점진적인 축소와 관련한 판단이 필요하다고 했다.   그간 유로존 상황을 지켜보던 사람들은 ECB가 당장 이번 회의에서 양적완화와 관련해 결정을 내릴 것으로보지 않았다. 더구나 심심찮게 유로존 경기 둔화 가능성을 보여주는 지표들도 발표되곤 했다.   하지만 유로존 수석 이코노미스트의 발언은 유로존이 최근 경기둔화 신호를 '일시적'이라고 판단하고 있는 것 아니냐는 강한 의심을 불러 일으킨다. 이에 따라 연말엔 채권 매입을 종료하려는 계산을 하고 있다는 의구심들도 제기됐다.   현재 유로존의 자산매입 규모는 월 300억 유로로 줄어 들었으며, 이는 9월말까지 진행된다는 스케줄에 따라 이뤄지고 있다. 하지만 ECB 수석 이코노미스트가 다음주 회의에서 '현재까지의 이뤄진 진전이 자산매입 프로그램을 서서히 줄여나가는 것을 보증할 만큼 충분한지'를 평가해야 한다고 발언하면서 정책 이벤트에 대한 관심이 더욱 커진 것이다.   다만 반론도 많다. 머니마켓이 ECB의 내년 7월까지 금리 10bp 인상을 반영하고 있지만, 최근 이탈리아 불안 등을 감안할 때 실제 ECB가 빠르게 QE 축소로 나올지 불확실하다는 관측도 만만치 않은 것이다.   예컨대 이탈리아의 만만치 않은 정치·경제 상황 외에도 트럼프 대통령이 주도하는 무역 갈등, 그리고 경제지표들의 혼선을 감안할 때 유로존이 급하게 정책 변화 신호를 알릴 가능성이 낮다는 것이다. 마리오 드라기 총재 역시 그간 이 문제에 대해 언급을 자제해 왔다.   달러지수는 0.3% 내린 93.6 수준으로 내려가면서 2주래 최저치를 나타냈다. 유로존이 연내에 채권매입을 종료할 수 있다는 예상이 부각되면서 유로화의 가치가 강해진 것이다.   한편 국내에선 이날 12시 KDI가 경제동향을 발표한다. KDI는 최근 경기전망에서 금리인상에 대해 부정적인 입장을 노출한 바 있다.  taeminchang@fnnews.com 장태민 기자    ▶'모멘텀 집중' 저가에서 매집해둬야 할 상반기 유망주 3선 (지금 확인)   [파이낸셜뉴스 주요뉴스]  → 北 김정은 묵는 호텔 하루 숙박비 '642만원' 누가 지불? → ""선거 알바 클라스가 다르네"".. 선거운동원'깨방정 댄스' 화제 → ""학원 여교사가 초등생 제자 2명과 성관계"" → 견과류 일주일에 3번이상 먹으면 나타나는 변화 → 국방부에 도착한 두테르테가 가장 먼저본 국산 무기  ▶ <긴급공개> 억대계좌 이종목에서 또 터진다!    ※ 저작권자 ⓒ파이낸셜뉴스. 무단 전재-재배포 금지 "
179,2,"2018-06-07","08:00:05","[이슈 컷] 수의사가 받은 쪽지에 숨겨진 진실","[이슈 컷] 수의사가 받은 쪽지에 숨겨진 진실   [https://youtu.be/1A2yjGfUw6U]    (서울=연합뉴스) 전승엽 기자ㆍ나한엘 인턴기자 = 미국 플로리다의 한 동물 병원, 한 커플이 강아지를 치료하러 들어옵니다. 여성이 활짝 웃으며 강아지를 건넨 뒤 남자친구 몰래 쪽지를 슬쩍 건네는데요. ""경찰에 신고해주세요. 남자친구가 절 위협하고 있어요. 총도 있어요. 몰래 불러주세요""   동거 중인 남자친구에게 폭행을 당한 캐롤린이 기지를 발휘해 강아지를 치료해야 한다며 집 밖으로 나온 것입니다. 캐롤린은 온몸에 멍이 들고 머리에 상처를 입었지만, 남자친구가 집 밖으로 보내주지 않아 이틀이나 치료를 받지 못했죠. 남자친구는 동물병원으로 가는 길에도 캐롤린이 도망갈까 봐 총으로 여러 차례 머리를 겨누고 가족을 죽이겠다고 위협했습니다. 다행히 쪽지를 받은 수의사는 다른 직원에게 몰래 신고하라고 말했고 조용히 동물 병원에 도착한 경찰은 남자친구의 총기를 압수하고 수갑을 채웠습니다. 현재 가정폭력 혐의로 기소되어 구치소에수용되었죠. 캐롤린은 인근 병원에서 집중 치료를 받았습니다.   한국에서도 데이트 폭력 사범이 최근 10년간 매일 25명꼴로 발생했는데요. 폭행과 상해가 10명 중 8명으로 가장 많은 비율을 차지했고 살인 또는 살인 미수도 연평균 112명꼴로 발생합니다. 데이트 폭력은 가정폭력과 마찬가지로 잘 드러나지 않은 채 지속, 반복되는데요. 폭력은절대 사랑이 아니라는 것을 명심해야 할 것입니다.     kirin@yna.co.kr   (끝)    <긴급속보 SMS 신청> <포토 매거진> < M-SPORTS >   <저작권자(c) 연합뉴스, 무단 전재-재배포 금지>"
179,3,"2018-06-07","08:00:03","현대차, SUV 디자인 방향성 'HDC-2 그랜드마스터 콘셉트' 첫 공개","[머니투데이 부산=장시복 기자] [[2018 부산모터쇼]현대차, 2018 부산국제모터쇼 참가...고성능 N 글로벌 전략 공개, 고성능 본격 스포츠카도 개발]   현대자동차가 자사의 SUV(다목적스포츠차량) 디자인 방향성을 제시하는 콘셉트카 'HDC-2 그랜드마스터 콘셉트'를 세계 최초로 공개했다. 7일부산 벡스코에서 열린 '2018 부산 국제 모터쇼'에서다.    '감성을 더한 스포티함'이란 뜻을 담고 있는 현대차의 새 디자인 방향성 '센슈어스 스포티니스'가 적용된 첫 콘셉트카 모델 HDC-1 르 필 루즈 콘셉트를 공개하고, 이와 함께 HDC-2 그랜드마스터 콘셉트를 대외에 처음 공개했다.   서로 다른 두 대의 디자인 콘셉트카를 동시에 선보임으로써, 하나의 테마를 지녔으나 개별 디자인은 독립적 해석과 개성을 보여줄 수 있다는현대 룩(Look)을 표현했다.   HDC-2는 '제 역할에 맞는 디자인이 잘 표현된 차'라는 점에서 세계 최고의 체스 선수를 부르는 명칭 '그랜드마스터'의 의미를 담아 명명됐다.   이상엽 현대차 스타일링 담당 상무는 ""HDC-2는 구조적이며 역동적인 직선을 강조한 디자인""이라며 ""역동적인 선과 감각적으로 조각된 근육질의 바디가 만나 카리스마 넘치는 개성을 드러낸다""고 했다.   특히 그릴과 램프·DRL(주간주행등)의 정형적 디자인을 탈피한 '라이트 아키텍쳐'를 통해 기능성과 심미성을 모두 만족하는 진보적 디자인을한 게 특징이다.   이와 함께 모터쇼에서 현대차의 고성능 라인업인 'N'의 향후 글로벌 전략도 공개했다.   먼저 고성능 N 포트폴리오 최상단에 모터스포츠를 둘 계획이다. 모터스포츠 참가를 통해 터득한 노하우와 기술력을 일반 차량에 지속 적용시킴으로써 N 라인업 전체를 이끈다는 복안이다.   특히 선도적 입지를 구축키 위해 이미지 리더인 '고성능 본격 스포츠카'도 개발한다.   고성능차에 대한 진입 장벽을 낮추기 위해 일반 차량에도 고성능 디자인·성능 패키지를 제공하는 'N라인'을 운영한다.   고성능 기능 및 감성 강화를 원하는 고객을 위해 커스터마이징 부품 및 사양을 추가해 선택의 폭을 확대하는 ‘N 옵션’을 운영할 예정이며‘N 옵션’ 은 현대자동차의 모든 일반 차량에 동일하게 제공될 예정이다.   현대차는 국내 출시되는 첫 N 브랜드 모델 '벨로스터 N'도 선보였다. N 전용 가솔린 2.0 터보, 수동 6단 변속기를 적용한 단일 파워트레인으로 이달 국내 정식 출시된다. 최고 275 마력과 최대토크 36.0 kgf·m의 동력 성능을 제공한다.   가격은 2965만원에서 2995만 원 사이로 책정될 예정이다. 오는 11일부터 사전 예약이 시작된다.   이 밖에 현대차는 오는 3분기 출시를 앞둔 준중형 SUV '투싼' 페이스리프트 모델도 아시아 최초로 공개했다.       주식담보대출도 이제 부담없는 금리로 가능(안내: 02-3775-1497)   ▶▶ 2018년! 하반기를 뜨겁게 달굴 ""급등 유력株"" TOP.10 긴급공개 (클릭)   ▶▶ 단독! 정책+수급+실적 3박자를 두루 갖춘 TOP 시크릿 급등 유망주 지금 공개 (클릭)     [파워 인터뷰]      [관련기사] ☞ '김정은 전용기 추락'…고사 지내는 日 우익들 ☞ 25년전 ""마누라 빼고 다 바꿔라"" 외쳤던 삼성, 올해는… ☞ [MT리포트]분양시장에 몰린 돈…'로또청약'의 실상 ☞ [사진]김문수 후보 유세차, 중앙선 넘어 역주행 ☞ ""이번주 매일 야근하고, 다음주 푹 쉬어도 되나요?""      주식매입자금? 전화 한통화면 당신은 스마트컨슈머!    최저금리로 신용·미수 대환 하는 가장 경제적인 방법 (바로 확인)   ‘개미’말고 ‘슈퍼 투자자’되고 싶다면?...‘이것’만 잘 이용해도 가능해요!       부산=장시복 기자 sibokism@    <저작권자 ⓒ '돈이 보이는 리얼타임 뉴스' 머니투데이, 무단전재 및 재배포 금지>"
179,4,"2018-06-07","08:00:03","[전국 주요 신문 톱뉴스](7일 조간)","[전국 주요 신문 톱뉴스](7일 조간)   ▲ 경향신문(서울) = ""연장노동시급이 최저시급보다 적을 수도 있다""  ▲ 서울신문(서울) = 남북, DMZ 전사자 유해 공동 발굴한다  ▲ 세계일보(서울) = ""남북관계 개선되면 DMZ 유해부터 발굴""  ▲ 조선일보(서울) = 고용부가 팔짱 낀 사이…7월1일 대혼란  ▲ 중앙일보(서울) = ""경기 꺾이고 있다"" 나라 안팎서 경고음  ▲ 한겨레(서울) = 6ㆍ13 선거도 '여론조작' 무방비  ▲ 한국일보(서울) = 외길만 난 '천혜의 요새'…본관 접근하자 ""스톱""  ▲ 매일경제(서울) = 지역상권 먼저 덮친 '저출산 재앙'  ▲ 서울경제(서울) = '최저임금 후폭풍'…임금 인상률 15년만에 최대  ▲ 파이낸셜뉴스(서울) = 김동연의 뚝심, 경제정책 키 다잡나  ▲ 한국경제(서울) = 펄펄 끓는 美ㆍ中ㆍ日 제조업…한국만 식어간다  ▲ 디지털타임스(서울) = 경제에 우방없다…세계 무역전쟁 격화  ▲ 전자신문(서울) = 공정위, 이통 서비스 사업자 '등록제' 전환하라  ▲ 아시아투데이(서울) = ""종전선언, 비핵화 동력 삼는다""  ▲ 아시아타임즈(서울) = 북미 회담, 비핵화 앞서 정전선언 우선?  ▲ 아주경제(서울) = 美 등쌀에…中 속앓이  ▲ 이데일리(서울) = ""文, 중재자 아닌 페이스 메이커 역할해야""  ▲ 일간투데이(서울) = 가상 빌딩 세워 공사비 확 줄인다  ▲ 매일일보(서울) = '新한한령' 中, 한국 '길들이기' 노골화  ▲ 신아일보(서울) = 시간 이어 장소까지 확정…'세기의 담판' 카운트다운  ▲ 에너지경제(서울) = 에너지전환시대 국가발전 전략을 말한다  ▲ 건설경제(서울) = SOC '예산칼질' 직격탄 또 맞나  ▲ 국제신문(부산) = 2004년의 역전 재연 vs 그때와 상황 달라  ▲ 부산일보(부산) = 부산 수돗물, 정수 안 되는 신종 유해물질 급증  ▲ 대구일보(대구) = '이유있는' 선거문자   유권자에 표심 호소  ▲ 대구신문(대구) = ""이제는 변해야"" vs ""그래도 한국당""  ▲ 영남일보(대구) = 무소속 최기문 36.8％ 한국 김수용 33.7％  ▲ 매일신문(대구) = 설마하던 한국당 ""큰일 날 수도…""  ▲ 기호일보(인천) = 박남춘, 과반 유지…거리 좁힌 유정복  ▲ 인천일보(인천) = 젊은층 끌어안기…보수층 결집  ▲ 일간경기(인천) = 수원의 선택은?  ▲ 광남일보(광주) = 기초단체장 접전지역 늘어  ▲ 광주일보(광주) = 기초단체장 서남권 대회전  ▲ 전남매일(광주) = 어김없는 진흙탕 싸움 얼룩진 지방선거  ▲ 호남매일(광주) = 광주ㆍ전남 여야 텃밭 구애 열기 고조  ▲ 남도일보(광주) = 6ㆍ13 보성군수 지지도 민주당 김철우 45.1％로 선두  ▲ 광주매일(광주) = 소중한 내 한 표 지역미래 바꾼다  ▲ 대전일보(대전) = ""남북관계 더 좋아지면 DMZ 유해발굴 추진""  ▲ 중도일보(대전) = 민주 '싹쓸이' 對 한국 '뒤집기'…與野의 동상이몽  ▲ 충청투데이(대전) = 분권 의지? 地選 의식?  ▲ 금강일보(대전) = 대전시장 선거전 슬로건의 정치학  ▲ 경상일보(울산) = 민주 ""자신감 속 심기일전"" 한국 ""석고대죄 눈물 호소""  ▲ 울산매일(울산) = ""사회적 약자 먼저 돌아보는 따뜻한 시장 될터""  ▲ 울산신문(울산) = 반환점 돈 지방선거, 한국당 울산 전패 위기감 고조  ▲ 울산제일일보(울산) = ""사전투표율 높여라""  ▲ 경기일보(수원) = 李대로 선두 유지…대역전 노리는 南  ▲ 경기신문(수원) = 이재명 독주, 남경필 추격세  ▲ 경인일보(수원) = 이재명 독주무대 속 남경필 추격전  ▲ 중부일보(수원) = 李 50％대 유지…南 30％대 진입  ▲ 전국매일(성남) = ""유권자 시선 잡아라""…이색선거운동 눈길  ▲ 중앙신문(수원) = 불법싣고 달리는 유세차량…움직이는 차에서 율동도  ▲ 강원도민일보(춘천) = 알바시장 청소년 1년새 '절반' 사라졌다  ▲ 강원일보(춘천) = 청소년 '알바' 자리도 1년새 반토막  ▲ 동양일보(청주) = 428030, 조국의 이름으로 기억하겠습니다  ▲ 중부매일(청주) = 여ㆍ야지도부 충북 총출동…몰표호소  ▲ 충청일보(청주) = 여론조사ㆍ충북 여야 예상 얼마나 적중할지 '촉각'  ▲ 전라일보(전주) = 민주당 ""전체 석권"" 야당-무소속 ""역전""  ▲ 전북도민일보(전주) = 민주 ""전 지역 석권""-평화 ""5곳 승리""  ▲ 전북일보(전주) = '전주 국제금융도시' 조성 위한 협치 실종  ▲ 경북일보(포항) = 6ㆍ12 북미회담, 6ㆍ13 지선 삼키다  ▲ 경북매일신문(포항) = '주한야민ㆍ주한야무'  보험 드는 정치꾼들  ▲ 대경일보(경북) = 경북지사 이철우 43.2ㆍ오중기 27.1  포항시장 이강덕 42.2ㆍ허대만 38.0   ▲ 경북연합일보(경주) = ""공약은 시민과의 약속""  ▲ 경남일보(진주) = 사전투표가 당락 가른다  ▲ 경남매일(김해) = 경남지사 선거 '디비졌다'  ▲ 창원일보(창원) = 창원시장 TV토론 '갑론을박'  ▲ 경남도민일보(창원) = 너도나도 '케이블카 설치' 공약  ▲ 경남신문(창원) = 후보도 정책도 ""몰라요""  도교육감 선거 '깜깜이'  ▲ 제민일보(제주) = 선거공약 충돌 도정 주요정책 기로  ▲ 제주매일(제주) = 여전히 네거티브 '정책'보다 '비난'  ▲ 제주신문(제주) = 6ㆍ13 지방선거 이제야 '정책대결' 시동  ▲ 제주일보(제주) = 원희룡 43.8％-문대림 32.4％  ▲ 한라일보(제주) = 지지도 원희룡 43.9％ - 문대림 31.5％  ▲ 제주新보(제주) = 마지막 주말 부동층 공략 총력   (서울=연합뉴스)    (끝)    <긴급속보 SMS 신청> <포토 매거진> < M-SPORTS >   <저작권자(c) 연합뉴스, 무단 전재-재배포 금지>"
179,5,"2018-06-07","08:00:03","CJ제일제당, 목표가 41만원 유지...전일종가 36만4000원 -키움證","[서울=뉴스핌] 로보뉴스 = 키움증권은 7일 CJ제일제당에 대한 투자의견을 매수, 목표주가를 41만원으로 유지했다.      CJ제일제당은 다시다, 스팸, 햇반 등 인기 브랜드를 보유한 국내 최대 식품업체다. 키움증권 박상준 애널리스트가 작성한 CJ제일제당 리포트 주요내용은 아래와 같다.  ▶ 美 Schwan’s Company 인수 추진설 관련 조회공시 요구 ▶ 美 식품업체 인수한다면, 기업가치 재평가 가능성 높을 것 ▶ 식품 부문의 글로벌 성장을 위한 입지가 확보  CJ제일제당은 올해 1분기 연결기준 매출액이 4조3485억원으로 전년 동기 3조8665억원 대비 12.4% 늘었다. 같은기간 영업이익은 2102억5712만원으로 전년동기 1924억8040만원 대비 9.2% 늘었다. 지배지분 순이익은 625억747만원으로 전년 동기 819억9628만원 대비 23.7% 감소했다.     ▶ 옆집누나 매일 차 바꿔타는 이유? ▶ 마누라 몰래 세컨드 통장만들기    지난 5일주가는 전일대비 1.82% 상승한 36만4000원으로 마감했다.    이 기사는 뉴스핌과 아이투자(www.itooza.com)의 AI뉴스 작성 알고리즘인 뉴스봇(NewsBot)이 실시간으로 작성한 기사입니다.    ★남북경협! 쩜上 터질 대장株와 최적의 매매 타이밍 궁금하다면?! 오늘만 '무료' 확인! 【실제회원 매매일지 공개】 턴 어라운드 퀀트전략..5월 수익률 5.9% 【포착】 내일 급등 유망주, 지금 알려드립니다! 【강력추천】 주식투자 초보탈출 과정..""지금 신청하세요"""
179,6,"2018-06-07","08:00:02","[연합뉴스 이 시각 헤드라인] - 08:00","[연합뉴스 이 시각 헤드라인] - 08:00    ■ ""트럼프, 김정은에 '마라라고 2차 정상회담' 제안 카드 만지작""    '2차 북미정상회담은 마라라고 휴양지에서?' 도널드 트럼프 미국 대통령이 6ㆍ12 북미정상회담 이후 후속 회담 개최 가능성을 제기한 가운데 김정은 북한 국무위원장을 만난 자리에서 플로리다 팜비치의 마라라고 리조트를 2차 회담 장소로 제안할 수도 있다고 블룸버그 통신이 6일(현지시간) 보도했다. 마라라고는 트럼프 대통령의 개인 별장으로, '겨울 백악관'으로도 불려온 곳이다. 트럼프 대통령은 이곳에서 시진핑(習近平) 중국 국가주석, 아베 신조(安倍晋三) 일본 총리 등과 정상회담을 한 바 있다.    전문보기: http://yna.kr/P5RBaK-DA5F    ■ [북미회담 D-5] '세기의 北美 담판'…한반도ㆍ동북아 운명 걸렸다    북미의 최고지도자가 역사상 처음으로 마주 앉는 '세기의 담판'이 카운트 다운에 들어갔다. 도널드 트럼프 미 대통령과 김정은 북한 국무위원장의 정상회담이 닷새 앞으로 다가왔다. 12일 오전 10시(한국시간) 싱가포르 센토사 섬 카펠라 호텔에서 열리는 북미정상회담은 한반도뿐만 아니라 동북아, 그리고 세계정세에도 큰 영향을 미칠 것으로 보인다.   전문보기: http://yna.kr/k4ROaKqDA5e    ■ '소중한 한 표, 미리 행사'…내일부터 지방선거 사전투표    오는 13일 치러지는 제7회 전국동시지방선거 및 국회의원 재보궐선거의 사전투표가 8일부터 이틀간 전국 3천512개 사전투표소에서 일제히 실시된다. 선거 당일 투표가 어려운 유권자는 이 기간 전국의 어느 사전투표소에서나 소중한 한 표를 미리 행사할 수 있다.   전문보기: http://yna.kr/r3RLaKrDA5_    ■ 38노스 ""북, 지난달 탄도미사일 시험발사용 시설물 파괴했다""   북한이 지난달 중순께 탄도미사일 시험발사를 위한 일부 시설물을 파괴한 것으로 파악됐다. 김정은 국무위원장이 지난 4월 핵실험과 대륙간탄도미사일(ICBM) 시험발사 중단을 선언한 지 20여 일 만의 조치다. 풍계리 핵실험장 폐기 행사와 더불어 북한의 핵ㆍ미사일 동결에 대한진지한 태도를 드러내고자 한 것으로 보인다.   전문보기: http://yna.kr/wURraK7DA6N    ■ AFP ""수단, 북한과 모든 방산계약 취소""   통신에 따르면 수단 외교부는 이날 성명을 통해 이같이 밝혔다. 수단 외교부는 또 유엔 안전보장이사회(안보리)의 대북 제재 결의를 이행하기 위한 위원회를 설치했다고 덧붙였다. AFP 통신은 수단 정부의 이 같은 조치에 대해 ""수단이 북한과 (그동안) 그와 같은 거래(방산 거래)를 해왔다는 점을 처음으로 인정한 것""이라고 설명했다.   전문보기: http://yna.kr/qUR3aKrDA6Y    ■ '야외활동 피하세요'…최고 33도 불볕더위에 자외선ㆍ오존↑   목요일인 7일 전국 낮 최고기온이 30도 안팎으로 올라 매우 덥겠다. 낮 최고기온은 24~33도로 예상됐다. 폭염특보가 발효된 경상도 내륙과 강원 영동 북부지방에는 낮 최고 33도를 웃도는 불볕더위가 이어진다. 서울은 낮 최고 28도까지 오르겠다. 이날 자외선 지수가 전국 대부분 지역에 '매우 높음' 수준으로 전망된다.   전문보기: http://yna.kr/HVRJaKSDA63    ■ 문대통령, 오늘 '드루킹 댓글조작 사건' 특검 임명    문재인 대통령은 7일 '드루킹 댓글조작 사건'을 조사할 특별검사를 임명한다. 앞서 야4당의 3개 교섭단체는 4일 '드루킹의 인터넷상 불법 댓글조작 사건과 관련된 진상규명을 위한 특별검사의 임명 등에 관한 법률'(특검법)에 따라 특검 후보로 임정혁ㆍ허익범 변호사를 문 대통령에게 추천했다. 이날 하루 연가를 낸 문 대통령은 특검법이 정한 시한에 따라 이날 중 두 후보 중 1명을 특검으로 임명할 예정이다.   전문보기: http://yna.kr/bVRGaKIDA6c    ■ 과테말라 화산 폭발현장서 필사의 구조작업…사망자 85명    중미 과테말라 화산 대폭발 사흘째인 7일(현지시간) 필사의 구조작업이 계속되는 가운데 사망자가 85명으로 늘었다고 텔레비시에테 등 현지언론이 보도했다. 국가재난관리청(CONRED)에 따르면 지난 3일 푸에고(스페인어로 불이라는 의미) 화산 분화 이후 사망자 수가 85명에 달하는 것으로 공식 집계됐다. 부상자는 44명이다. 공식집계된 실종자는 최소 192명이지만 실제로는 이보다 많은 200여 명에 이를 것으로 추산됐다.   전문보기: http://yna.kr/LVRxaKUDA6r    ■ 내일 막 오르는 G7 정상회의…관세폭탄에 'G6+1'로 분열 위기    미국을 비롯해 영국, 일본, 독일, 프랑스, 캐나다, 이탈리아 등이 참석하는 주요 7개국(G7) 정상회의가 오는 8일부터 캐나다 퀘벡주의 샤를부아에서 이틀 일정으로 열린다. 이번 G7 정상회의는 도널드 트럼프 미국 대통령이 외교ㆍ안보 사안은 물론이고 무역정책에서도 '관세 폭탄'으로 미국 우선주의를 가속화하는 상황에서 열리는 것이어서 그 어느 때보다 미국을 성토하는 목소리가 높을 것으로 예상된다. 6일(현지시간) 미국 언론 등에 따르면 이번 G7 정상회의에서는 글로벌 무역을 비롯해 트럼프 대통령이 각각 탈퇴를 선언한 이란 핵 합의와 파리기후변화협정 등에 대한 논의가 오갈 것으로 보인다.   전문보기: http://yna.kr/4VRxaKkDA6W    ■ [월드컵] 손흥민ㆍ황희찬, 볼리비아전 투톱…장현수 선발    손흥민(토트넘)-황희찬(잘츠부르크) 듀오가 2018 러시아 월드컵 축구대회 조별리그 스웨덴과의 첫 경기를 대비한 맞춤형 모의고사에서 공격 쌍두마차로 나선다. 신태용 감독이 이끄는 대표팀은 7일 오후 9시 10분(한국시간) 오스트리아 인스브루크 티볼리노이 스타디움에서 남미의 '복병' 볼리비아와 평가전을 치른다. 볼리비아전은 신태용호가 12일 러시아 입성 전 마지막으로 치르는 '공개 모의고사'다. 11일 세네갈과의 평가전은 비공개로 진행되기 때문이다.   전문보기: http://yna.kr/vUR3aK6DA6H   (끝)    <긴급속보 SMS 신청> <포토 매거진> < M-SPORTS >   <저작권자(c) 연합뉴스, 무단 전재-재배포 금지>"
179,7,"2018-06-07","08:00:02","[주요 신문 사설](7일 조간)","[주요 신문 사설](7일 조간)   ▲ 경향신문 = '대한민국의 이름으로 당신을 기억한다'는 현충일 메시지   공약 읽은 유권자 1％, 무관심에 지방선거가 죽어가고 있다   시간ㆍ장소 확정된 북ㆍ미 정상회담 성공하려면  ▲ 서울신문 = 김명수, '재판거래 의혹' 내부 의견수렴만 할 때인가   평범한 이웃의 헌신 강조한 현충일 추념사   무관심한 교육감 선거, 우리 아이들 미래 망친다  ▲ 세계일보 = 나라에 헌신한 분들을 기억하는 것은 국가의 의무다   이번엔 알바생…최저임금 부작용 뭔 통계가 더 필요한가   근로시간 단축 혼란 '강 건너 불 보듯' 하는 고용부  ▲ 조선일보 = 푼돈에 동료 '비밀 요원' 명단 외국에 넘긴 군인들, 이게 한국 현실  文 대통령 싱가포르 이벤트 참여에 대한 한ㆍ미 이견   외국 펀드 이어 국민연금도 기업 압박, 미래 투자할 수 있겠나  ▲ 중앙일보 = 내 아이의 미래 걸린 교육감 투표…누가 나왔는지도 모른다니   주한미군, 북ㆍ미 간 흥정거리 될 수 없다   코앞 닥친 근로시간 단축, 현장 혼란에도 정부는 팔짱만  ▲ 한겨레 = 일파만파 '매크로 조작', 신속 수사로 진상 밝혀야   국민연금 '경영 참여', 재벌 폐해 막는 데 꼭 필요하다   문건 속 조선일보와 '양승태 대법원'의 수상한 밀월  ▲ 한국일보 = 노동시간 단축 코앞인데 가이드라인 못 내놓는 고용부   일정 확정된 북미 정상회담, 종전선언까지 기대한다   국민연금 주주권 행사 당연하나 독립성 보장 전제돼야  ▲ 매일경제 = 일주일 남은 지방선거, 공보물이라도 챙겨보자  '메이드 인 코리아 신약' 꿈꾸는 서정진 회장의 기업가 정신  美 도발에 EU 보복, 글로벌 무역전쟁 확산 걱정된다  ▲ 서울경제 = 글로벌 경기 둔화된다는 세계은행의 경고   통신정책이 가격통제와 간섭밖에 없나  '연기금 독립성' 없는 스튜어드십 코드 도입은 독이다  ▲ 파이낸셜뉴스 = 근로시간 단축 코앞…혼란 방치하는 정부   은행 채용 모범규준, 올바른 처방일까  ▲ 한국경제 = 안팎에서 쌓이는 경제 악재…제대로 된 처방 시급하다  脫원전 비용, 국민부담으로 돌아오기 시작했다  ""변해야 산다""…최고혁신책임자 도입한 삼성전자의 절박함  ▲ 디지털타임스 = 격화된 무역전쟁…치밀한 대응책 세워야  ▲ 전자신문 = 통신 산업, 과잉 규제ㆍ보호 없애야   물 관리 일원화, 하천법도 통합해야  ▲ 아시아투데이 = 일시ㆍ장소 확정 북ㆍ미회담, 수차례 해서라도 좋은 결과 내길   해외배당보다 벤처투자로 이어져야 혁신성장도 가능하다  ▲ 이데일리 = 주한미군 철수설 왜 자꾸 거론되나   국민연금 '독립성'이 주주권보다 먼저다  ▲ 일간투데이 = 고용 증가 막는 최저임금 급격한 인상   사법행정권 남용 의혹, 법원 자정 계기 삼길  ▲ 신아일보 = 남북미 3자 종전선언 기대된다  ▲ 건설경제 = 지방 미분양 해소방안 찾아야 한다   (서울=연합뉴스)    (끝)    <긴급속보 SMS 신청> <포토 매거진> < M-SPORTS >   <저작권자(c) 연합뉴스, 무단 전재-재배포 금지>"
180,1,"2018-06-07","07:54:00","[표]해외 한국 DR(6/6)","[이데일리 증권시장부]        ▶계좌회복프로젝트! 상위 전문가의 투자전략 및 추천종목‘[무료확인]’ ▶14년 연속 1위, 대한민국 대표 스탁론 하이스탁론 '    ' ＜ⓒ종합 경제정보 미디어 이데일리 - 무단전재 & 재배포 금지＞   "
180,2,"2018-06-07","07:53:40","막오른 삼바 증선위···회계·법·지배구조 전문가 3인방 주목","삼성바이오로직스에 대한제재 수위를 결정하는 첫 증권선물위원회(이하 증선위)가 7일 열린다. 감리위원회가 회계전문가가 주축이 됐다면, 증선위는 비(比)회계 전문가를 중심으로 진행된다. 고의성 여부 판단에 변화가 생길지 주목된다.   금융위원회 산하 증권선물위원회는 7일 오전 10시 정부서울청사 16층에서 정례회의를 열고, 삼성바이오로직스 관련 안건을 논의한다. 증선위원들이 감리위 심의 결과를 보고 받은 뒤, 금융감독원이 감리 내용에 관해 설명하면 삼성바이오로직스와 외부감사인인 삼정KPMG, 딜로이트안진이 대심제 방식으로 참석해 의견을 진술한다.   시장에선 달라진 민간 증선위원의 구성에 주목하고 있다. 감리위는 8명의 감리위원 대다수를 회계 전문가로 구성했다. 반면, 증선위는 증선위원 5명 중 김용범 금융위 부위원장, 김학수 증선위원을 제외한 3명이 민간 출신 비상임위원이다. 이들은 △회계(박재환 중앙대 경영대 교수) △기업지배구조(조성욱 서울대 경영대 교수) △법률(이상복 서강대 법학전문대학원 교수) 등 다양한 분야를 가진 교수진으로 구성됐다. 동일사안이어도 판단의 시각 자체가 다를 수 있다는 관측이 나오는 이유다.   특히 지난달 31일 마지막 감리위에서 단일 결론을 도출하지 못하면서 증선위원 개개인의 발언에 한층 무게가 실리게 됐다. 감리위원 8명 중 4명은 삼성바이오로직스의 삼성바이오에피스 회계기준 변경에 대해 ‘고의성’이 있다고 최종 판단했다. 3명은 과실이거나 변경된 회계기준 적용이 회계원칙상 무리가 없다는 삼성 측 입장을 옹호했다. 김학수 감리위원장은 시장에 미치는 파장을 고려해 증선위까지 의견 표명을 유보했다.   현행 증선위 운영규칙에 따르면 회의는 증선위원 3인 이상의 찬성으로 의결하게 돼 있다. 자문기구인 감리위에서 다수결로 한쪽 결론을 정하지 않고 다수의견과 소수의견을 모두 전달했다면, 증선위에서는 이를 표결에 부쳐야 한다.   금감원은 1년간 특별감리를 통해 삼성바이오로직스가 2015년 당시 상장 직전 자회사 바이오에피스의 기업가치를 부풀리기 위해 고의로 분식회계를 했다고 판단하고 대표 해임 권고, 대표 및 법인 검찰 고발, 과징금 60억 원 부과 등 제재를 건의했다. 반면, 회사 측은 고의성 없는 정당한 회계처리였다며 당시 외부감사를 맡았던 회계법인들과 함께 금감원이 제기한 의혹을 부인하고 있다.   차민영 기자(blooming@etoday.co.kr)   [오늘의 핫클릭]  ☞40억 '이것' 통해 벌었다는 남성 알고보니 개인파산한 개그맨 A씨?  ☞수원 공시생, 실종 7일 만에 폐공장서숨진 채 발견… 시신옆에서 독극물 발견돼  ☞우체국 수신고 70조 돌파… '예금금리인상ㆍ수수료 폐지'가 견인  ☞소방당국 ""서울 지하철 2호선 합정역터널서 연기, 오인 신고…화재 아냐""  ☞""기업인 이재용 신뢰회복 어떻게.."" 삼성의 고민   ☞10대 일자리 시장서 밀려나나...4월 취업자 28.6%↓ '역대 최대'  ☞[카톡방] 무료 주식 카톡방 신청자수 38만 명 돌파 <업계 최대 카톡방> →카톡방 입장하기!         Copyrightⓒ이투데이, All rights reserved. (무단 전재 및 재배포 금지)   프리미엄 경제신문 이투데이    "
180,3,"2018-06-07","07:53:19","현대모비스, 금융위기 이후 최저 수준의 밸류에이션-삼성","[머니투데이 송선옥 기자] 삼성증권은 7일 현대모비스의 현재 밸류에이션이 금융위기 직후 최저 수준과 유사하다며 매력적인 매수 기회라고평가했다.   다만 기존 지배구조 개편안 무산에 따라 합병 글로비스 가치를 제거, 목표주가를 32만5000원에서 30만원으로 하향조정했다.   임은영 삼성증권 연구원은 “지배구조 개편 중단과 현대차의 느린 중국판매 회복 속도에 따른 실망감으로 현대모비스 주가가 하락했다”며 “현재 PBR(주가순자산비율)은 0.7배로 글로벌 금융위기 이후 최저 수준인 0.63배와 유사하다”고 말했다.   임 연구원은 “수정된 지배구조 개편안은 내부 위기감으로 3개월 이내 제시될 예정이며 대주주의 글로비스 지분 가치 활용이 어려워지면서 모비스의 분할비율이 더 중요해졌다”며 “합리적인 시나리오로는 모비스를 중심으로 한 지주사 체제, 기존 지배회사 체제를 유지하는 소극적인 시나리오로는 모비스 인적분할 후 대주주의 글로비스 지분과 기아차의 모비스 지분 스왑을 제시한다”고 설명했다.   올해 매출액과 영업이익은 전년 대비 각각 3.2%, 11.7% 증가한 8조5450억원, 5500억원으로 추정했다. 이는 시장 예상치 각각 9조원, 5700억원을 하회하는 수치다.   임 연구원은 “모비스 기업가치의 핵심은 A/S 사업부의 수입창출원(캐시카우)을 어떻게 핵심부품 사업 육성에 활용하는가로 향후 xEV, ICT 등 핵심부품 정보가 공개되면서 기업가치 향상이 예상된다”며 “중국의 느린 판매회복은 아쉽지만 중국 리스크 완화, 핵심부품 매출 성장을 감안할 때 현재 가격은 매력적인 매수 기회”라고 강조했다.     주식담보대출도 이제 부담없는 금리로 가능(안내: 02-3775-1497)   ▶▶ 2018년! 하반기를 뜨겁게 달굴 ""급등 유력株"" TOP.10 긴급공개 (클릭)   ▶▶ 단독! 정책+수급+실적 3박자를 두루 갖춘 TOP 시크릿 급등 유망주 지금 공개 (클릭)     [파워 인터뷰]      [관련기사] ☞ '김정은 전용기 추락'…고사 지내는 日 우익들 ☞ 25년전 ""마누라 빼고 다 바꿔라"" 외쳤던 삼성, 올해는… ☞ [사진]김문수 후보 유세차, 중앙선 넘어 역주행 ☞ [MT리포트]분양시장에 몰린 돈… '로또청약'의 실상 ☞ TS트릴리온, 신제품 TS스칼프앤헤어케어 드라이어 출시      주식매입자금? 전화 한통화면 당신은 스마트컨슈머!    최저금리로 신용·미수 대환 하는 가장 경제적인 방법 (바로 확인)   ‘개미’말고 ‘슈퍼 투자자’되고 싶다면?...‘이것’만 잘 이용해도 가능해요!       송선옥 기자 oops@mt.co.kr    <저작권자 ⓒ '돈이 보이는 리얼타임 뉴스' 머니투데이, 무단전재 및 재배포 금지>"
180,4,"2018-06-07","07:53:00","메이웨더, 스포츠 갑부 1위 메시 2위·호날두 3위... 타이거 우즈는 16위","[서울=뉴스핌] 김용석 기자 = 메이웨더가 전세계 스포츠 갑부 1위에 올랐다.  미국 경제전문지 포브스는 “플로이드 메이웨더 주니어(41·미국)가 총 2억8500만달러(약 3052억원)를 벌어 지난해 스포츠 스타 중가장 많은 돈 벌었다”고 6월6일 밝혔다. 포브스는 2017년 6월1일부터 올해 6월1일까지 1년 동안 받은 연봉, 상금, 각종 보너스 등을 반영했다.   플로이드 메이웨더가 지난해 스포츠 선수중 가장 많은 돈을 번 스타로 나타났다. [사진= 포브스]  ‘살아있는 전설’ 메이웨더는 지난해 8월 UFC 스타 코너 맥그리거(30·아일랜드)와 세기의 복싱 대결을 가졌다. 메이웨더는 이 경기로 50전 전승으로 무패 신기록을 세웠다. 메이웨더는 자신의 SNS를 통해 ‘돈자랑’을 과시하는 것으로 유명하다. 이번 1위 등극으로 그의 취미 생활은 더 속도가 붙게됐다.  잠시 외도를 한 코너 맥그리거는 2억7500만 달러(2945억원)를 벌어 전체 4위에 올랐다. 맥그리거는 ‘잭팟’에 돈을 주체 못해 각종 구설에 올라있다.  메시와 호날두는 각각 2위와 3위를 차지했다. FC 바르셀로나의 축구 천재 리오넬 메시(아르센티나)는 1억1100만 달러, 레알 마드리드의 호날두(포르투갈)는 1억800만 달러다. 호날두는 지난 2년간 포브스 선정 랭킹 1위에 올랐으나 이번에는 3위로 급추락(?)했다. 이때문이지 호날두는 일찌감치 소속팀 레알 마드리드와 천문학적 액수의 연봉 힘겨루기에 들어갔다.  코너 맥그리거가 4위를 차지한데 이어 5위는 역시 축구 스타 파리생제르망(PSG)의 네이마르(브라질)가 9000만달러를 벌은 것으로 나타났다. 네이마르는 메시의 그늘에 가리는 게 싫어 바르셀로나에서 파리생제르망으로 이적했다.   그 뒤를 이어 미국프로농구(NBA) 스타 르브론 제임스(클리블랜드)가 8550 만달러, 테니스 스타 로저 페더러가 7720만달러로 각각 6·7위에 올랐다. NBA 스타 스티븐 커리(미국·7690만 달러)는 8위를 기록했다  ▶ 마누라 몰래 세컨드 통장만들기  ▶ 옆집 누나 매일 차 바꿔타는 이유?  '골프 황제' 타이거 우즈(미국)는 4330만 달러(16위)로골프 선수중 랭킹 1위에 자리했다. 상금은 130만 달러에 머물렀으나 광고 수익 등 부대 수입이 많았다.  메이저리그 선수 중에는 류현진(LA 다저스)의 팀 동료인 클레이튼 커쇼(미국)가 3450만달러(37위)로 가장 높았다.  ‘스포츠스타 연봉 랭킹 톱100’ 가운데는 NBA 선수가 40명으로 가장 많았다. 미국 국적이 66명으로 가장 많았고 여자 선수는 단 한 명도 없었다. 지난해 여자 선수로는 유일하게 ‘톱100’에이름을 올린 세레나 윌리엄스(미국)는 지난 9월 출산 영향으로 순위권 밖으로 밀려났다.  아시아 선수 중에는 일본의 테니스 스타 니시코리 게이가 3460만 달러로 35위에 자리했다.     fineview@newspim.com 플로이드 메이웨더, 코너 맥그리거 압도 ‘10R TKO승’... 50전50승 [UFC] 코너 맥그리거, '위대한 베팅' 호날두 수익 추월... 스포츠스타 랭킹 1 위 [UFC] 코너 맥그리거의 추락... 하빕 누르마고메도프, 라이트급 챔프 도전 호날두 “27세부터 은퇴 준비했다... 또 다른 꿈은 영화 제작” [포토스토리] 세레나 윌리엄스 기권... 마리아 샤라포바와 대결 무산      ▶ 500만원으로 3억만들기 50번째 주인공 탄생! [확인]  퇴직금 100만원으로 ""이것""해 35억 번 중년男 김모씨 화제!  / 최저금리 맞춤서비스 진행중 / 10분이면 4배자금가능 / 24시간 친절상담센터 1522-3233 / 씽크풀  ★세력 입성 전, 집중공략! 20인의 전문가가 만장일치한 급등 유력株 ""오늘""만 전격공개!"
180,5,"2018-06-07","07:52:43","POSCO, 중국 철강시황 개선으로 실적ㆍ배당 긍정적-유안타증권","유안타증권은 7일 포스코(POSCO)에 대해 중국 공급 증가 부담에도 견조한 제품가격을 보이고 있어 실적 및 배당에 긍정적이라며 투자의견 ‘매수’와 목표주가 47만 원을 각각 유지했다.   이현수 유안타증권 연구원에 따르면 4월 중국 일환산 조강생산량은 256만 톤으로 역대 최고 수준을 달성했다.   이 연구원은 “5월 조강생산량은 4월 수치를 갱신할 가능성이 있다”며 “5월 상순 및 중순 중국 중대형 철강업체 조강생산량이 4월 평균값을 넘어섰기 때문”이라고 분석했다.   주요 철강제품의 스프레드(제품가격-주요 원재료가격)가 지난해 고점 수준에 육박하거나 그 이상을 기록하고 있어 생산 욕구가 지속되고 있는 반면, 철강재 재고량은 2월 하순 이후 안정되고 있고 유통재고량은 판재류와 봉형강류 모두 감소 추세가 지속되고 있는 것으로 나타났다.   중국 제품가격은 3월에 하락한 후 생산량이 최대치를 기록한 4월에 오히려 반등에 성공하며 높은 수준을 유지하고 있다.   올해 포스코의 영업이익은 2011년 별도 영업이익 4조3300억 원과 연결 영업이익 5조4680억 원 수준을 뛰어넘을 수 있다는 분석이다. 이 연구원은 “중국 철강시황 개선이 포스코 철강부문 실적에 긍정적인 영향을 미치고 있으며, 기타 사업부문도 지난해 수준 또는 그 이상 실적이 기대된다”고 설명했다.   그는 “올해 1분기 판매량이 예상보다 높은 수준을 기록하며 영업이익 역시 기대 이상의 성과를 보여줬다”며 “2분기에는 판매량 감소가 부담이 되는 것은 사실이지만, 스프래드 개선으로 이를 극복할 수 있을 것”이라고 전망했다.   포스코의 2분기 별도 영업이익은 1조1440억 원, 연결 영업이익은 1조5290억 원으로 각각 예상됐다.   이 연구원은 “올해 영업이익은 전년 대비 증가하지만, 지난해 있었던 매도가능증권처분이익 등이 사라지며 세전이익에 대한 우려가 있었던것이 사실”이라면서도 “파생상품관련손익 등 다른 부문에서 이를 상쇄하며 1분기만 놓고 보면 영업외손익이 오히려 개선됐다”고 분석했다.   이 때문에 실적 개선에 따른 ROE(자기자본이익률) 상승은 주가뿐 아니라 배당 측면에서도 긍정적인 영향을 미칠 수 있다고 이 연구원은 전망했다.   이민호 기자(minori3032@etoday.co.kr)    [종목기사]  ☞ [시황_장마감] 코스피 2447.76p, 상승(▲8.8p, +0.36%)마감. 기관 +551억, 외국인 +184억, 개인 -919억  ☞ [시황_정오] 코스피 2447.21p, 상승세 ( ▲8.25p, +0.34%) 지속  ☞ [시황_개장] 코스피 2444.44p, 외국인 순매수에 상승세 (▲5.48p, +0.22%)   ☞ 코스피, 이탈리아發 경기 둔화 우려에 2430선 후퇴 “추가 하락도 우려”  ☞ [시황_개장] 코스피 2449.54p, 기관 순매도에 하락세 (▼7.71p, -0.31%)   [오늘의 핫클릭]  ☞40억 '이것' 통해 벌었다는 남성 알고보니 개인파산한 개그맨 A씨?  ☞[내일 날씨] 낮 최고기온 30도 '불볕더위'… 오존 농도 '높음'  ☞수원 공시생, 실종 7일 만에 폐공장서숨진 채 발견… 시신옆에서 독극물 발견돼  ☞7월 근로시간 단축… 고속버스 예매 차질  ☞ 美, 北 원산 카지노 투자 기대감 ... 카지노주 급등   ☞'직원 갑질 폭행' 이명희 구속영장 기각법원…한진家 수사 영향은?  ☞[카톡방] 무료 주식 카톡방 신청자수 38만 명 돌파 <업계 최대 카톡방> →카톡방 입장하기!         Copyrightⓒ이투데이, All rights reserved. (무단 전재 및 재배포 금지)   프리미엄 경제신문 이투데이    "
180,6,"2018-06-07","07:52:27","[오늘의 증시] 6월 7일 증선위 ‘삼바 회계처리’ 정례회의, 한국은행 금통위 본회의 등","◇증시 일정  ▲증권선물위원회 정례회의(09:00) ▲한국은행, 금융통화위원회 본회의(09:00) ▲(코)파워넷 상호변경 ▲(코)알비케이이엠디 주주총회 ▲(코)코디 주주총회 ▲(유)GKL주주총회 ▲(유)쌍용양회공업 주주총회    ◇주요 경제지표  ▲유로존 1분기 GDP ▲중국 5월 외환보유고 ▲미국 5월 주간 실업보험 신청자수 ▲터키 기준금리 결정    김나은 기자(better68@etoday.co.kr)    [종목기사]  ☞ [e2BOT] 알비케이이엠디, 120억 원 규모의 제3자배정증자 결정   [오늘의 핫클릭]  ☞40억 '이것' 통해 벌었다는 남성 알고보니 개인파산한 개그맨 A씨?  ☞[내일 날씨] 낮 최고기온 30도 '불볕더위'… 오존 농도 '높음'  ☞수원 공시생, 실종 7일 만에 폐공장서숨진 채 발견… 시신옆에서 독극물 발견돼  ☞7월 근로시간 단축… 고속버스 예매 차질  ☞ 美, 北 원산 카지노 투자 기대감 ... 카지노주 급등   ☞'직원 갑질 폭행' 이명희 구속영장 기각법원…한진家 수사 영향은?  ☞[카톡방] 무료 주식 카톡방 신청자수 38만 명 돌파 <업계 최대 카톡방> →카톡방 입장하기!         Copyrightⓒ이투데이, All rights reserved. (무단 전재 및 재배포 금지)   프리미엄 경제신문 이투데이    "
180,7,"2018-06-07","07:52:12","11번가, 상반기 ‘홈쇼핑 전문관’ 10대 히트상품 살펴보니","11번가 홈쇼핑 전문관, 회당 거래액 1위 상품, GS샵의 오트리 ‘고메넛츠’  ‘저녁 10시대’ 거래액 가장 높아, ‘35~39세’ 여성 주 고객층     [아시아경제 심나영 기자] SK플래닛 11번가에서 판매하는 홈쇼핑 상품 중 GS샵에서 판매한 오트리 ‘고메넛츠(100봉)’가 올해 상반기 가장많이 팔린 것으로 집계됐다.   7일 SK플래닛 11번가가 올해 1월 1일부터 5월 31일까지 5개월 간 홈쇼핑 전문관에서 실시간 생방송으로 판매된 상품 데이터를 분석한결과 회당 거래액이 가장 많이 나온 상품으로 GS샵에서 판매한 오트리 ‘고메넛츠’가 선정됐다. 이 상품은 슈퍼푸드 견과류를 언제 어디서나 간편하게 먹을 수 있도록 포장한 것이 인기 비결이다.   현대홈쇼핑의 LG전자 ‘트롬 건조기’가 2위를 차지했으며, 공영홈쇼핑의 드림글로벌 ‘파워스윙무선진공물걸레청소기’가 3위, 식약처에서호흡기 보호 기능을 검증받은 K쇼핑의 파인텍 ‘KF94 황사방역마스크 웰킵스’가 4위, 홈바이크 기구인 GS샵의 이와에스엠피 ‘숀리 엑스바이크 엑스텐’이 5위로 나타났다.   6위부터 10위까지는 교육·건강식품·화장품 상품 진입이 눈에 띈다. 6위는 현대홈쇼핑의 야나두 ‘온라인 어학 수강권’, 7위는 CJ오쇼핑의CJ제일제당 ‘비비고 만두 세트’, 8위는 GS샵의 늘푸른바다 ‘고래사어묵 세트’, 9위는 GS샵의 에스더포뮬러 ‘울트라 플로라 프로바이오틱스, 10위는 현대홈쇼핑의 AHC ‘얼티밋 리얼 아이크림 포 페이스가 단시간 빠른 속도로 매출 상승을 견인한 상품으로 조사됐다.    ●남북경협株 선취매 all 포착.. 실적 기반 차기 주도주 '바로' 이종목! (클릭) ●'부자네스탁론' 3년 고정금리 4.15% 100% 집중투자까지 ●'대박스탁론' 3년 고정금리 3.99% 100% 집중투자까지 ●500만원투자 단 6개월만에 3억달성! 원포인트 투자종목 공개   퇴직 후 백만원으로 ""35억""번 60대男 화제! 60대 김모씨가 퇴직 후 하게 된""이것""이 35억의 대박을...    터지기 전, 잡아라!! 상반기300%이상 상승이 기대되는 대박 테마주는? 이슈 전 선취매 주식고수들만 안다는 슈퍼 우량 테마주 남들보다 먼저 받아보기    심나영 기자 sny@asiae.co.kr   <ⓒ세계를 보는 창 경제를 보는 눈, 아시아경제(www.asiae.co.kr) 무단전재 배포금지>"
181,1,"2018-06-07","07:46:06","""제주항공, 여객 수요 증가로 실적 개선세 뚜렷""-BNK","BNK투자증권은 7일 제주항공에 대해 항공 여객 수요가 증가하면서 실적 개선세가 확연하다며 '매수' 투자의견과 목표주가 6만원을 유지했다.  이 증권사는 제주항공의 올해 매출을 전년 대비 21.7% 증가한 1조2122억원, 영업이익은 39.7% 급증한 1416억원으로 예상했다.   김익상 연구원은 ""현재 항공 운항 시장은 대형항공사(FSC) 주도에서 저비용항공사(LCC)로 무게 중심이 이동중""이라며 ""항공 여객 비중은 2016년 54%에서 2036년 62%로 8%포인트 상승하고, 2017~2036년 세계 항공 교통량은 연평균 4.7%로 지속적인 증가세를 보일 것으로전망한다""고 말했다.  제주항공의 밸류에이션(실적 대비 주가 수준) 매력이 높아지고 있다는 게 김 연구원의 판단이다. 수익성 중시 전략을 긍정적으로 봤다.   그는 ""국내선, 일본, 중국, 대만, 대양주 등 근거리 국가 개발을 통해 노선의 다양화, 시기별 공급을 조절하고 있다""며 ""항공 이용객의 선호 노선을 선점해 최적의 포트폴리오를 구축했으며, 단일기종 운영으로 정비비를절감해 비용은 줄이고 운용 효율성은 극대화했다""고 설명했다.  이어 ""확고한 저비용 구조 유지와 경쟁 우위 요소 확보로 안정적인 운영이 가능한 것""며 ""이는 고유가 상황에서도 상쇄 요인으로 작용해 일정 수준의 수익성을 유지할 수 있게 한다""고 덧붙였다.  안혜원 한경닷컴 기자 anhw@hankyung.com     [ 무료 주식 카톡방 ] 국내 최초, 카톡방 신청자수 38만명 돌파 < 업계 최대 카톡방 > --> 카톡방 입장하기!! 40억 ""이것""통해 벌었다는 남성 알고보니 ""개인파산""한 개그맨 A씨? ▶ < 긴급공개> 2분기 이끌 新대장주 BEST 5 억대계좌 이종목에서 또 터진다! >> [바로확인]     관련기사 ""젊은 직장인들 모인다""…강북 도심 부활한 이유가 제주항공, 차별화된 IT로 승부… 이달부터 '자동 탑승수속' 제주항공 새 슬로건 '뉴 스탠다드' 계속되는 주한미군 철수설에…美 국방장관 결국 남편에게 돈 벌어 오랬더니 하는 말이…아내 속앓이    ⓒ 한국경제 & hankyung.com, 무단전재 및 재배포 금지"
181,2,"2018-06-07","07:46:05","서해 짙은 안개…인천∼섬 6개 항로 여객선 운항 차질","서해 상에 낀 짙은 안개로 7일 오전 인천과 섬 지역을 오가는 6개 항로의 여객선 운항이 차질을 빚고 있다.   인천항 운항관리센터에 따르면 이날 오전 6시 40분 현재 인천 앞바다와 먼바다의 가시거리는 1㎞ 안팎에 불과하다.   이에 따라 인천∼이작도, 인천∼덕적도, 대부도∼덕적도 등 6개 항로의 여객선 9척이 운항 대기 중인 상태다.   인천∼연평도 등 6개 항로의 여객선 10척은 이날 정상 운항할 예정이다.    [디지털뉴스국]      ☞ 조용히 사서 묻어놔라! 6月 정말 큰돈 된다! ☞ 세계최초 항암제 개발! 신라젠 놓쳤다면, 이 종목 잡아라!! ☞ 세계 최초 신약! 1,500% 신라젠 능가할 단돈 4천원대 Bio 황제주!!! ☞ 6月 반드시 주목해야될 Best 바이오 종목!!      [ⓒ 매일경제 & mk.co.kr, 무단전재 및 재배포 금지]"
181,3,"2018-06-07","07:45:56","국내 北전문가 ""미북정상회담, 비핵화·체제보장 합의할 듯""","김정은 북한 국무위원장과 도널드 트럼프 미국 대통령의 싱가포르 정상회담이 닷새 앞으로 다가온 가운데 전문가들은 미북 정상이 비핵화와체제안전 보장에 합의할 것으로 전망했다.   비핵화의 범위와 수준, 절차와 시기, 비핵화 검증 등에서 세부적으로는 양측의 이견이 있을 수 있지만, 이번 미북정상회담에서 큰 틀의 합의는 도출할 수 있을 것이라는게 전문가들의 대체적인 의견이다.   7일 연합뉴스에 따르면 양무진 북한대학원대 교수는 ""(미북 정상은) 완전한 비핵화와 완전한 체제보장에 대해서 합의를 볼 것""이라며 ""이에더해 비핵화 이행 로드맵과 시간표 등 두서너 개 정도의 합의가 더 들어갈 것 같다""고 내다봤다.   그러면서 미북 합의를 이행하고 구체화하기 위한 실무회담 일정이나 조속한 시일 내에 2차 미북 정상회담을 개최한다는 내용 등도 합의문에들어갈 가능성이 있다고 점쳤다.   조성렬 국가안보전략연구원 수석연구위원은 이번 미북 정상회담에서 공동성명 정도의 결과가 나오지 않으면 미국 내에서도 비판 여론이 많을것이라며 ""트럼프 대통령도 외교적인 성과가 필요하므로 (김정은 위원장과) 합의를 이뤄낼 것""이라고 전망했다.   김준형 한동대 교수 역시 미북 정상회담의 '성공'을 예견하며 ""모든 사람이 만족할만한 수준이 안 나오면 미국 내부의 역풍이 불 것으로 생각한다""고 말했다.   다만 전문가들은 미북간 정상회담 이후 비핵화의 구체적인 이행에 관한 세부적인 문제 등에서는 추가 논의기 팔요하다고 분석했다.   조성렬 수석연구위원은 ""(핵탄두) 운반수단의 경우 미국은 괌까지 도달할 수 있는 '화성-12' 미사일의 해체까지 요구할 수 있다""라며 ""반면북한은 미 본토에 도달하는 '화성-15'(ICBM)나 알래스카·하와이에 도달하는 '화성-14'만 해체하겠다고 고집할 수 있다""고 추정했다.   김준형 교수는 ""미국이 원하는 최대치는 (북한의) 핵무기 상당수와 ICBM을 확실히 폐기하고, 핵물질을 반출하는 것이고 북한은 종전 선언, 대표부 또는 연락사무소 설치, 불가침 등을 원한다""며 ""(특히) 북한은 제재 해제나 경제지원 등을 빨리해주기를 원할 것이고 미국은 그것을 어느 시점에 주느냐가 관건""이라고 설명했다.    [디지털뉴스국]      ☞ 조용히 사서 묻어놔라! 6月 정말 큰돈 된다! ☞ 세계최초 항암제 개발! 신라젠 놓쳤다면, 이 종목 잡아라!! ☞ 세계 최초 신약! 1,500% 신라젠 능가할 단돈 4천원대 Bio 황제주!!! ☞ 6月 반드시 주목해야될 Best 바이오 종목!!      [ⓒ 매일경제 & mk.co.kr, 무단전재 및 재배포 금지]"
181,4,"2018-06-07","07:45:26","야간선물 0.38% 하락… ""코스피 약보합 출발 예상""","[머니투데이 김주현 기자] 야간선물이 전일대비 0.38% 하락 마감했다.   5일(현지시간) 시카고상업거래소(CME) 글로벌 연계 코스피200 야간선물은 전일대비 0.38% 하락한 313.7에 마감했다. 이를 코스피 지수로 환산하면 2444에 해당한다. 6일 CME야간선물은 휴장했다.   투자자별로는 외국인이 1882계약 순매도, 기관이 173계약 순매수했다.   최창규 NH투자증권 알파전략 팀장은 7일 ""코스피는 약보합 출발이 예상된다""고 말했다.      주식담보대출도 이제 부담없는 금리로 가능(안내: 02-3775-1497)   ▶▶ 2018년! 하반기를 뜨겁게 달굴 ""급등 유력株"" TOP.10 긴급공개 (클릭)   ▶▶ 단독! 정책+수급+실적 3박자를 두루 갖춘 TOP 시크릿 급등 유망주 지금 공개 (클릭)     [파워 인터뷰]      [관련기사] ☞ '김정은 전용기 추락'…고사 지내는 日 우익들 ☞ 25년전 ""마누라 빼고 다 바꿔라"" 외쳤던 삼성, 올해는… ☞ [사진]김문수 후보 유세차, 중앙선 넘어 역주행 ☞ [MT리포트]분양시장에 몰린 돈… '로또청약'의 실상 ☞ ""앞집서 물이 넘쳐 우리 집에 곰팡이…어쩌죠""      주식매입자금? 전화 한통화면 당신은 스마트컨슈머!    최저금리로 신용·미수 대환 하는 가장 경제적인 방법 (바로 확인)   ‘개미’말고 ‘슈퍼 투자자’되고 싶다면?...‘이것’만 잘 이용해도 가능해요!       김주현 기자 naro@    <저작권자 ⓒ '돈이 보이는 리얼타임 뉴스' 머니투데이, 무단전재 및 재배포 금지>"
181,5,"2018-06-07","07:45:22","트럼프, '넌ㆍ루가 모델' 검토하나…核담판 앞두고 '열공모드'","트럼프, '넌ㆍ루가 모델' 검토하나…核담판 앞두고 '열공모드'  5일 펜스와 함께 보고받아…트럼프, '김정은 인물탐구'도  ""국가안보팀이 매일 보고…폼페이오 매주 8~10시간씩 브리핑""  일각선 ""철저한 준비 없이 페이스 말릴라"" 우려도     (워싱턴=연합뉴스) 송수경 특파원 = 도널드 트럼프 미국 대통령이 닷새 앞으로 다가온 6ㆍ12 북미정상회담을 앞두고 '열공 모드'다.   '세기의 담판'에서 기선을 잡으려면 수년간 '은둔의 지도자'였던 김정은 북한 국무위원장에 대한 스타일 연구와 함께 방대한 핵 관련 지식이 필요한 상황이다.  켈리엔 콘웨이 백악관 선임 고문은 6일(현지시간) 기자들과 만나 트럼프 대통령의 정상회담 준비 상황과 관련, ""트럼프 대통령은 여러가지 다른 방식으로 보고를 받고 준비를 하고 있다""며 ""검토해야 할 엄청나게 방대한 서면 자료들이 있다. 대충대충 하고 있지 않다""고 말했다고 외신들이 보도했다.  이어 ""짜임새 있고 광범위하게 그리고 깊이 있게 하고 있다. 매우 잘 준비하고 있다""고 덧붙였다.  앞서 세라 허커비 샌더스 대변인은 지난 4일 브리핑에서 ""대통령은 국가안보팀으로부터 북한에 대한 일일 보고를 받고 있다""고 언급한 바 있다.  특히 트럼프 대통령은 5일 샘 넌ㆍ리처드 루가 전 상원의원으로부터 옛 소련 해체 이후 소련 연방 국가들의 핵무기 제거를 위해 이들이 1991년 추진했던 입법 활동과 그로부터 얻었던 교훈에 관해 보고를 받았다고 블룸버그 통신이 보도했다. 이 자리에는 마이크 펜스 부통령도 있었다고 한다.   '위협 감축 협력프로그램'으로 알려진 '넌-루가법'은 소련 붕괴 이후 러시아와 벨라루스, 카자흐스탄, 우크라이나 등에 남은 핵 및 화학무기와 운반체계 등의 폐기와 처리를 위해 기술과 자금을 제공하는 내용을 담았다. 이른바 '카자흐스탄 모델'로 알려진 방식으로, 북한 비핵화 방식과 맞물려 눈길을 모은다.  이들은 최근 워싱턴포스트(WP)에 기고한 글에서 '넌-루가' 방식이 북한 핵 문제 해결의 모델이 될 수 있다고 주장한 바 있다.  트럼프 대통령의 북미정상회담 준비 작업은 마이크 폼페이오 국무장관이 주도하고 있다. 폼페이오 장관은 지난 수 주일 동안 일주일에 약 8~10시간씩 트럼프 대통령에게 관련 브리핑을 해왔다고 블룸버그 통신이 2명의 관료를 인용해 보도했다. 한국계인 앤드루 김 중앙정보국(CIA) 코리아임무센터(KMC) 센터장도 대통령 브리핑을 함께 지원하고 있다고 이 통신은 전했다.  이번 정상회담 성사의 '주역'으로 꼽히는 폼페이오 장관은 정보기관인 CIA 수장 시절부터 ""전임 정권의 실패를 반복하지 않겠다""며 과거CIA의 협상 관련 기록들을 꼼꼼하게 '복기'하는 한편으로 오랫동안 베일에 가려졌던 김 위원장과 북한에 대한 정보 수집ㆍ 축적에도 만전을기해온 것으로 알려졌다.  전통적으로 미국 대통령들은 여러 부처 관리들이 준비한 두 권의 '브리핑 북' 을 토대로 외국 정상과의 회담 준비를 해왔다고 한다.  하나는 해당 국가의 관습과 프로토콜에 관한 것으로, 국무부 주도로 작성된다. 나머지 하나는 해당 외국 정상의 개인 신상과 성격, 인물 됨됨이, 리더십, 정치적 성향 등 인적 사항에 관한 것이다.  이는 정보기관들이 담당하며, 부처 장관들이 해당 외국정상에 대해 개인적으로 평가한 메모들도 포함된다. 일종의 '지피지기' 전략인 셈이다.  그러나 물리적 시간이 워낙 부족한 데다 긴 분량의 보고서 탐독에는 별 흥미가 없는 것으로 알려진 트럼프 대통령의 스타일상 과연 치밀하고 철저한 준비가 이뤄지고 있느냐에 대한 회의론도 워싱턴 조야에서 나오고 있다.  비핵화 협상의 복잡성과 전문성 등을 고려할 때 '협상의 달인'을 자처하고 있는 트럼프 대통령이지만 철두철미한 '사전 예습' 없이는 자칫 상대의 페이스에 말릴 수 있다는 점에서다.  앞서 폼페이오 장관은 방북기간 만났던 김 위원장에 대해 ""정상회담을 위한 준비를 철저히 하고 있는 똑똑한 사람""이라고 평가한 바 있다.  정치전문매체 폴리티코는 로널드 레이건 전 미국 대통령이 1987년 미하일 고르바초프 당시 소련 공산당 서기장과의 미ㆍ소 정상회담에 앞서 매일 안보보좌관을 만나는가 하면 두 차례에 걸쳐 상황실에 국무부 전문가들을 소집, 고르바초프의 인물 탐구 및 러시아 영화 관람 등을했던 사례를 들어 ""트럼프 대통령은 과연 어떻게 준비하고 있는지 확 와 닿지 않는다""고 지적했다.    hanksong@yna.co.kr   (끝)    <긴급속보 SMS 신청> <포토 매거진> < M-SPORTS >   <저작권자(c) 연합뉴스, 무단 전재-재배포 금지>"
181,6,"2018-06-07","07:45:19","울산시, 유통 식용란 살충제 검사 강화","울산시, 유통 식용란 살충제 검사 강화     (울산=연합뉴스) 장영은 기자 = 울산시 보건환경연구원은 산란계 농장에 대한 식용란 검사를 강화하는 농장 안전관리 대책을 시행한다고7일 밝혔다.  고온 다습한 계절에 가장 활발하게 증식하는 닭 진드기의 특성 등을 고려해 6월부터 유해 살충제의 사용 가능성이 커지기 때문이라고 시는 설명했다.  보건환경연구원은 이를 위해 농장과 대형마트, 재래시장에서 유통 중인 식용란을 수시로 수거해 검사한다.  검사에서는 식용란 안전성을 검증하는 등 생산부터 유통단계까지 살충제와 동물용 의약품에 대한 감시체계를 구축한다.  농장에 대해서는 동물용 의약품과 진드기 방제약품에 대한 안전한 사용 등을 홍보해 효과적으로 진드기를 방제하도록 지도하기로 했다. 또 생산 또는 유통단계 검사과정에서 부적합한 식용란이 나오면 농장 정보와 난각 표시사항을 공개하고, 시중에 유통되지 않도록 출하 정지한 뒤 회수ㆍ폐기할 계획이다.  시 보건환경연구원 관계자는 ""산란계 모든 농가을 대상으로 분기별 검사하고, 재래시장 등에 유통 중인 식용란 수거 검사를 강화해 안전성 확보에 최선을 다하겠다""며 ""식용란 생산농가도 안전한 축산물 생산과 먹거리 안전을 위해 동물용 의약품의 안전한 사용 수칙을 지켜야 한다""고 당부했다.  한편, 시 보건환경연구원이 올해 3월 식용란 생산농장을 대상으로 살모넬라와 농약 33종, 동물용 의약품 검사 등을 한 결과 모두 적합한것으로 나타났다.  young@yna.co.kr   (끝)    <긴급속보 SMS 신청> <포토 매거진> < M-SPORTS >   <저작권자(c) 연합뉴스, 무단 전재-재배포 금지>"
181,7,"2018-06-07","07:45:09","'대북 강경파' 볼턴, 북미 정상회담 동행","[머니투데이 김영선 기자] [백악관 ""김영철 방미 당시 다른 업무로 참석 못한 것"" 해명…회담장에 배석할진 미지수]   존 볼턴 백악관 국가안보보좌관이 6·12 북미 정상회담에 참석한다.   켈리앤 콘웨이 백악관 선임고문은 6일(현지시간) 미국 워싱턴 D.C.에서 가진 기자간담회에서 볼턴 보좌관이 북미 정상회담에 동행할 계획이라고 밝혔다.   앞서 미 CNN은 백악관 내부 관계자들의 말을 인용, '리비아식 비핵화' 발언으로 북한을 자극한 볼턴 보좌관이 북미 회담에서 뒷전으로 밀려났다고 보도했다. 미 국무부 관료들은 볼턴 보좌관이 북미 정상회담을 무산시키려 했었다고 말하기도 했다.   지난 1일 김영철 북한 노동당 부위원장이 도널드 트럼프 미 대통령을 만났을 때도 마이크 폼페이오 국무장관과 달리 볼턴 보좌관은 모습을 드러내지 않아 이런 주장에 힘을 실었다.   콘웨이 고문은 ""볼턴 보좌관이 당시 다른 업무로 참석하지 못했을 것일 뿐""이라고 해명했다.   다만 볼턴 보좌관이 북미 정상회담에서 트럼프 옆자리에 배석할진 여전히 미지수다. 자칫 북한의 심기를 건드려 성공적인 회담이 무산될 수있기 때문이다.   현재 트럼프 대통령 측 배석자로 회담 사전협상을 이끈 성 김 필리핀 주재 미국 대사 등이 거론된다.      주식담보대출도 이제 부담없는 금리로 가능(안내: 02-3775-1497)   ▶▶ 2018년! 하반기를 뜨겁게 달굴 ""급등 유력株"" TOP.10 긴급공개 (클릭)   ▶▶ 단독! 정책+수급+실적 3박자를 두루 갖춘 TOP 시크릿 급등 유망주 지금 공개 (클릭)     [파워 인터뷰]      [관련기사] ☞ '김정은 전용기 추락'…고사 지내는 日 우익들 ☞ 25년전 ""마누라 빼고 다 바꿔라"" 외쳤던 삼성, 올해는… ☞ [사진]김문수 후보 유세차, 중앙선 넘어 역주행 ☞ [MT리포트]분양시장에 몰린 돈… '로또청약'의 실상 ☞ ""앞집서 물이 넘쳐 우리 집에 곰팡이…어쩌죠""      주식매입자금? 전화 한통화면 당신은 스마트컨슈머!    최저금리로 신용·미수 대환 하는 가장 경제적인 방법 (바로 확인)   ‘개미’말고 ‘슈퍼 투자자’되고 싶다면?...‘이것’만 잘 이용해도 가능해요!       김영선 기자 ys8584@mt.co.kr    <저작권자 ⓒ '돈이 보이는 리얼타임 뉴스' 머니투데이, 무단전재 및 재배포 금지>"
182,1,"2018-06-07","07:37:43","[클릭 e종목] 호텔신라, 올해 영업이익 사상 최고 전망…목표가 ↑","[아시아경제 임철영 기자] 신한금융투자가 7일 호텔신라에 대해 올해 영업이익이 사상 최고치를 기록할 전망이라며 목표주가를 16만원으로 상향조정한다고 밝혔다. 투자의견은 매수를 유지했다.   성준원 연구원은 ""올해 연결 영업이익은 2156억원으로 사상 최고치를 기록할 것""이라며 ""시내점 영업이익 역시 최대치인 2201억원, 아직 반영되지 않은 내년 중국 단체 관광객 증가 기대감 등으로 매수의견을 유지한다""고 말했다.   인천공항 터미널1 입찰 관련 4가지 옵션은 모두 긍정적이라고 평가했다. 인천공항은 롯데면세점이 중도 포기하고 나가는 3개 지역을 2개로 묶어서 입찰을 진행하고 있다.   성 연구원은 ""5월 31일 인천공항에서 신라면세점과 신세계면세점을 2개의 후보군으로 1차 선정 했다""며 ""6월 중순까지 관세청에서 2차로 최종 결정을 내리면 선정된 사업자(1개 또는 2개)는 7월부터 5년간 영업을 시작하고, 호텔신라는 어떤 결과가 나와도 긍정적으로 볼 수 있는 4개의 옵션을 얻었다""고 설명했다.   2분기 연결기준 영업이익은 전년 동기 대비 202% 늘어난 552억원을 기록할 것으로 내다봤다. 시장 추정치 462억원을 웃도는 수준이다.   성 연구원은 ""시내점 매출이 예상보다 빠르게 성장하고 있어서 2분기 연결 영업이익 추정치를 기존 486억원에서 552억원으로 상향한다""며 ""5 월과 6월 면세점협회데이터가 나오면 영업이익 추정치는 더 올라갈 수도 있다""고 말했다.    ●남북경협株 선취매 all 포착.. 실적 기반 차기 주도주 '바로' 이종목! (클릭) ●'부자네스탁론' 3년 고정금리 4.15% 100% 집중투자까지 ●'대박스탁론' 3년 고정금리 3.99% 100% 집중투자까지 ●500만원투자 단 6개월만에 3억달성! 원포인트 투자종목 공개  [관련기사]  ☞ 호텔신라, 中 화장품 소비 증가 수혜주  ☞ [특징주]신세계·호텔신라 나란히 강세…인천공항 면세점 후보 압축  ☞ 돌아온 中 관광객…면세점·여행주 희비  ☞ [클릭 e종목]호텔신라, 1Q '깜짝 실적'에 목표가↑…'상승여력 충분'  ☞ [특징주]호텔신라, 中 관광객 회복세에 '52주 신고가'    퇴직 후 백만원으로 ""35억""번 60대男 화제! 60대 김모씨가 퇴직 후 하게 된""이것""이 35억의 대박을...  터지기 전, 잡아라!! 상반기300%이상 상승이 기대되는 대박 테마주는? 이슈 전 선취매 주식고수들만 안다는 슈퍼 우량 테마주 남들보다 먼저 받아보기    임철영 기자 cylim@asiae.co.kr   <ⓒ세계를 보는 창 경제를 보는 눈, 아시아경제(www.asiae.co.kr) 무단전재 배포금지>"
182,2,"2018-06-07","07:36:28","문대통령, 오늘 '드루킹 댓글조작 사건' 특검 임명","문재인 대통령은 7일 '드루킹 댓글조작 사건'을 조사할 특별검사를 임명한다.  앞서 야4당의 3개 교섭단체는4일 '드루킹의 인터넷상 불법 댓글조작 사건과 관련된 진상규명을 위한 특별검사의 임명 등에 관한 법률'(특검법)에 따라 특검 후보로 임정혁·허익범 변호사를 문 대통령에게 추천했다.  사법연수원 16기인 임 변호사는 2012년 대검 공안부장 재직 당시 통합진보당 비례대표 부정경선 사건을 진두지휘해 당내 경선 관련 사건으로는 역대 최대 규모인 462명을 사법처리했다.  아울러 제주 강정마을 사태나 한미 자유무역협정(FTA) 반대시위 등 진보단체 집회·시위를 엄격하게 처리했다고 평가된다.  서울고검장과 대검 차장검사·법무연수원장을 연이어 지낸 뒤 2016년 개업했다.  사법연수원 13기인 허 변호사는 대구지검을 시작으로일선 검찰청에서 공안부장과 형사부장을 두루 지냈다.  지난해부터 대한변호사협회 법학전문대학원 평가위원장을 맡으며 상충하는이해관계를 조정하는 업무를 수행했다.  현재 서울중앙지법 조정위원, 법무부 법무·검찰개혁위원을 맡고 있다.  한경닷컴 뉴스룸 open@hankyung.com     관련기사 송인배·김경수 선거前 소환 무산… 경찰, 드루킹 관련 모두 36명 피의자로 입건 경찰 ""송인배 소환, 특검 협의… 김경수 선거 전 재소환 어려워"" '드루킹 특검' 임정혁·허익범 압축 문대통령, 오늘 '드루킹 댓글조작 사건' 특검 임명 '드루킹 특검' 야4당 추천받은 임정혁·허익범 변호사는 누구?    ⓒ 한국경제 & hankyung.com, 무단전재 및 재배포 금지"
182,3,"2018-06-07","07:36:25","강원도, 미국 등 12개국 해외바이어 초청 수출상담 추진","7일 원주 인터불고 호텔에서  해외바이어 40개사, 도내 37개 기업과 1:1  수출상담진행. 상담품목은 식품, 화장품, 의료기기, 생활소비재 등.  【춘천=서정욱 기자】 강원도는 ‘2018 해외유력바이어 초청 수출상담회’를 7일 원주 인터불고 호텔에서 개최한다 고 밝혔다.  강원도에 따르면 이번 상담회는 미국, 캐나다, 중국, 인도 등 12개국 40개 바이어사가 도내기업 37개사와 만나 수출상담을 진행한다.    7일 강원도는 미국, 캐나다, 중국, 인도 등 12개국 40개 바이어사가 도내기업 37개사와 만나는 ‘2018 해외유력바이어 초청 수출상담회’ 원주 인터불고 호텔에서 개최한다 고 밝혔다. 이에 초청된 해외 각국 바이어들과 도내중소기업이 1:1 수출상담을 진행하며, 상담품목은 식품, 화장품, 의료기기, 생활소비재 등이다.  특히 이번 상담회는 도내 기업 현황을 잘 아는 강원도경제진흥원에서 모집하고, 전 세계 무역관 운영으로 유력바이어와 네트워크가 잘 되어 있는 강원KOTRA지원단과의 협업으로 이루어진다.   전홍진 강원도 글로벌투자통상국장은“이번 상담회는 중소기업이 비용부담 없이 해외바이어를 만나 현지시장의요구사항 등을 직접 듣고 느낄 수 있는 기회를 제공하여, 도내 기업이 글로벌 강소기업으로 육성될 수 있도록 하겠다”고 말했다. syi23@fnnews.com 서정욱 기자  ▶' 모멘텀 집중' 저가에서 매집해둬야 할 상반기 유망주 3선 (지금 확인)   [파이낸셜뉴스 주요뉴스]  → 北 김정은 묵는 호텔 하루 숙박비 '642만원' 누가 지불? → ""선거 알바 클라스가 다르네"".. 선거운동원 '깨방정 댄스' 화제 → ""학원 여교사가 초등생 제자 2명과 성관계"" → 견과류 일주일에 3번이상 먹으면 나타나는 변화 → 국방부에 도착한 두테르테가 가장 먼저본 국산 무기  ▶ <긴급공개> 억대계좌 이종목에서 또 터진다!    ※저작권자 ⓒ 파이낸셜뉴스. 무단 전재-재배포 금지 "
182,4,"2018-06-07","07:35:55","[모닝포스트]美SEC “ICO도 증권법으로 규제”","■주요 암호화폐 가격 혼조…비트코인 0.6% 오른 ‘7600$선’  6일(현지시간) 비트코인 가격이 초반 낙폭을 만회, 7600달러 선을 회복했다. 코인데스크에 따르면 오후 6시9분 비트코인은 24시간 전보다 0.64% 오른 7665.89달러에 거래됐다. 같은 시각 이더리움은 0.32% 낮아진 607.31달러를 기록했다. 국내 거래에서도 주요 암호화폐 가격은 엇갈리고 있다. 빗썸에 따르면 같은 시각 비트코인은 24시간 전보다 0.48% 상승한 836만8000원에 거래됐다. 비트코인캐시는 0.08% 하락한 124만7000원을 기록했다.    출처=코인데스크  ■트레피스, 비트코인 연말 예상치 1만2500$로 17%↓  최근 비트코인 가격 변동성이 커짐에 따라 시장조사기관 트레피스가 비트코인의 연말 예상치를 17%나 하향 조정했다. 기존 1만5000달러에서 1만2500달러로 낮춰 제시했다. 트레피스는 “지난해 말 이후 글로벌 암호화폐 업계에 새로운 재료들이 많이 등장했는데, 이중 다수가 암호화폐 성장 전망에 부정적 영향을 미쳤다”며 “은행들이 암호화폐 매매에 자행 신용카드 사용을 제한한 일이나 전 세계 규제당국자들이 암호화폐 투자에 신중할 것을 당부한 일 등이 대표적 사례”라고 말했다.   ■서스케하나, 비트코인 거래서비스이미 개시  미국 필라델피아 소재 대형 금융사인 서스케하나 인터내셔널그룹이 비트코인 거래서비스를 이미 시작했다고 미국경제방송 CNBC가 이날 보도했다. 서스케하나는 현재 고객 500명에 비트코인 등 암호화폐를 개별적으로 매매하는 거래데스크를 운영 중이다.서스케하나는 해당 사업을 확대·실시할 계획이다. 이번 움직임이 대형 투자기관이 속속 암호화폐 시장에 진입하고 있는 최근 사례라고 CNBC는 분석했다. 뉴욕증권거래소 모회사인 인터콘티넨털 익스체인지도 암호화폐 거래 자회사를 설립하는 방안을 논의 중이다. 월가 대형 금융회사인 골드만삭스 역시 곧 암호화폐거래 데스크를 개시할 예정이다.   ■美SEC “ICO는 증권법으로 규제...비트코인, 법정통화 대체 가능해 증권 아니다”  제이 클레이튼 미 증권거래위원회(SEC) 위원장이 암호화폐공개(ICO)를 기존 증권법으로 규제하겠다는 입장을 재확인했다.  그는 이날 CNBC 인터뷰에서 “당신이 내 돈을 가지고 투자를 해서 내게 수익을 돌려준다고 말하는 경우 이는 증권이고 우리는 이같은 유형을 규제해야 한다”며 “ICO 대부분이 여기 해당할 수 있다”고 덧붙였다. 그는 또 ""ICO를하려면 우리를 찾아오라""고 강조해 SEC가 ICO에 대한 관할권을 쥐고 있음을 강조했다. 그러면서 그는 ""SEC가 ICO 커뮤니티에 힘을실어주기 위해 증권의 정의를 수정하는 방안은 지지하지 않는다""고 덧붙였다.  반면 ICO를 하지 않는 비트코인에 대해서는 증권이 아니라고 선을 그었다. 그는 “비트코인이 달러화·엔화·유로화를 대신할 수 있기에 증권으로 분류하기는 어렵다”면서도 비트코인 이외 암호화폐에는 명확한 의견을 나타내지 않았다.   ■알코어 폐공장, 세계 최대 비트코인 채굴센터로변신  알코어 폐공장이 세계 최대 비트코인 채굴센터로 변신한다. 암호화폐 채굴회사인 코인민트가 526만913m2 규모의 알코어알루미늄 제련소를 비트코인 채굴센터로 만드는 계획을 추진 중이라고 밝혔다. 코인민트는 최근 비트코인 가격 하락에도 7억달러(약 7497억원)를 투입해 뉴욕 북부의 알코어 폐공장을 채굴센터로 개조하는 계획에는 변함이 없다는 입장을 나타냈다.   해당 사업은 향후 18 개월에 걸쳐 일자리 150개를 창출할 전망이다. 알코어는 4년 전 알루미늄 제련소를 폐쇄한 이후 몇 개월에 걸친 논의 끝에 코인민트와 10년간의 임대계약을 맺은 바 있다. 코어민트는 “비트코인 네트워크가 존속하는 한 채굴사업은 흑자가 날 것으로 기대한다”며 “채굴시장 경쟁력을 얻기 위한 프로세스를 구축해왔다”고 말했다. 비트코인 가격은 올해 들어 50% 가까이 급락했다. 해당 계약이 체결된 이후로는 30% 떨어진 수준이다.   출처=CNBC  ■일본, 오는 18 일부터 다크코인 거래 공식 금지  일본 금융청(FSA)이 오는 18일부터 다크코인(익명성이 강화된 코인) 거래를 공식 금지한다. 모네로·대시·제트캐시 등이 금지 대상이다. 사기목적으로 암호화폐를 악용하는 문제를 차단하기 위한 노력의 일환이다. FSA는이번 조치가 암호화폐 업계 발전을 저해하지 않으면서 개인투자자를 보호할 수 있는 방안이라고 평가했다. 올해 초 발생한 코인체크 해킹사태 이후 FSA는 암호화폐 거래규제를 강화해왔다. 지난 5월 25일에는 암호화폐 거래소를 대상으로 FSA 등록을 의무화하는 법안을 채택한 바 있다.  godblessan@fnnews.com 장안나 기자  ▶'모멘텀 집중' 저가에서 매집해둬야 할 상반기 유망주 3선 (지금 확인)   [파이낸셜뉴스 주요뉴스]  → ""선거 알바 클라스가 다르네"".. 선거운동원 '깨방정 댄스' 화제 → 경매로 집 샀다가 '날벼락'.. 집 비우라 찾아갔더니.. → 남편이 친정아빠에게 버릇없게 굴자 아내는 참지못하고.. → 아직도 수박 두드리시나요?.. 맛있는 수박 고르는 방법 → 트럼프가 싱가포르서 탈 '괴물차'의 놀라운 기능들  ▶ <긴급공개> 억대계좌 이종목에서 또 터진다!    ※ 저작권자 ⓒ 파이낸셜뉴스. 무단 전재-재배포 금지 "
182,5,"2018-06-07","07:35:20","MLB 라이벌 컵스-브루어스 선수부인들, 소프트볼 대결","MLB 라이벌 컵스-브루어스 선수부인들, 소프트볼 대결     (시카고=연합뉴스) 김 현 통신원 = 미국 일리노이 주 시카고와 인근 위스콘신 주 밀워키를 각각 연고지로 하는 메이저리그 야구(MLB) 라이벌 팀 컵스와 브루어스가 이색 대결을 펼친다.  MLB 내셔널리그 중부지구에 속한 컵스와 브루어스 양팀 선수들의 부인ㆍ여자친구들은 오는 12일(이하 현지시간) 정오, 밀워키 밀러파크인근 헬페어필드에서 자선기금 마련을 위한 첫 친선 소프트볼 경기를 개최한다.  경기 일정은 컵스와 브루어스가 오는 11일부터 사흘간 브루어스 홈구장 밀러파크에서 3연전을 갖는 기간에 맞춰 정해졌다.  구단 측은 양팀 선수들이 소프트볼 경기장에 나와 부인들의 준비운동을 돕고, 주루 코치ㆍ응원단 역할도 할 계획이라고 전했다.  밀워키 브루어스 선수 자녀들은 팀 전통을 본따 소시지 마스코트 복장을 하고 달리기 경주를 벌이며, 선수 부인들은 자선 경매도 실시할예정이다.  컵스 간판타자 크리스 브라이언트(26)와 지난해 결혼한 제시카 브라이언트(26)는 고교시절 학교 소프트볼 대표팀에서 활약했으나 올초 무릎 수술을 받아 직접 경기에는 뛸 수 없다며 아쉬움을 토로했다. 제시카는 팀 감독을 맡았다.  브루어스 선수 부인들은 지난달 말부터 전문 코칭 스태프와 함께 타격ㆍ주루 플레이 등의 훈련을 받고 있다고 밝혔다.  티켓 가격은 32달러(약 3만5천 원)부터. 당일 밤 7시10분 시작되는 컵스 대 밀워키 경기 입장권을 포함한 패키지 티켓은 52달러(약 5만5 천 원)부터다.  수익금은 MLB가 소외계층 유소년들에게 스포츠 참여 기회를 제공하기 위해 1989년 조직한 '리바이빙 베이스볼 인 이너 시티스'(RBI) 시카고 지부와 밀워키 지부에 기부된다.  1876년 창단된 컵스와 1969년 창단된 브루어스는 브루어스가 내셔널리그 중부지구에 편입된 1998년부터 예민한 경쟁을 벌이는 적수가 됐다.  아직 월드시리즈 우승 기록이 아직 없는 브루어스의 올시즌 현재 전적은 37승 25패, 2016년 월드시리즈 챔피언 컵스의 올시즌 전적은 33 승 24패로, 나란히 중부지구 1ㆍ2위를 달리고 있다.  chicagorho@yna.co.kr   (끝)    <긴급속보 SMS 신청> <포토 매거진> < M-SPORTS >   <저작권자(c) 연합뉴스, 무단 전재-재배포 금지>"
182,6,"2018-06-07","07:35:04","5일 외국인, 국채와 통안채 822억원 순매수","외국인이 5일 장외시장에서 국채 811억원을 순매수했다.   코스콤 CHECK(3214)에 따르면 이날 외인이 가장 많이 사들인 국고 종목은 14-1호(만기 19년 3월)로, 총 1200억원을 순매수했다.   이어 17-2호(만기 20년 6월)와 16-8호(만기 26년 12월)를 각각 594억원, 260억원 순매수했다.   5년 지표물 18-1호도 232억원 가량 순매수했다.   외인은 14-4호(만기 19년 9월)를 1597억원 최대 순매도했다. 물가채 16-5호(만기 26년 6월)도 201억원 순매도했다.   같은 날 외국인은 19년 10월 만기 통안채도 11억원순매수했다.   국채선물시장에서 외인은 단기 선물을 팔고 장기 선물을 사들이는 모습을 나타냈다.   3년 선물(KBFA020)은 4193계약 순매도, 10년 선물(KXFA020)은 2682계약 순매수했다.   반면 투신은 3년 선물을 3350계약 순매수, 10년 선물을 906계약 순매도했다.  crystal@fnnews.com 구수정 기자  ▶'모멘텀 집중' 저가에서 매집해둬야 할 상반기 유망주 3선 (지금 확인)   [파이낸셜뉴스 주요뉴스]  → 北 김정은 묵는 호텔 하루 숙박비 '642만원' 누가 지불? → ""선거 알바 클라스가 다르네"".. 선거운동원 '깨방정 댄스' 화제 → ""학원 여교사가 초등생 제자 2명과 성관계"" → 견과류 일주일에 3번이상 먹으면 나타나는 변화 → 국방부에 도착한 두테르테가 가장 먼저본 국산 무기  ▶ <긴급공개> 억대계좌 이종목에서 또 터진다!    ※ 저작권자 ⓒ 파이낸셜뉴스. 무단 전재-재배포 금지 "
182,7,"2018-06-07","07:35:04","제주항공, 목표가 6만원 유지...전일종가 5만800원 -BNK證","[서울=뉴스핌] 로보뉴스 = BNK투자증권은 7일 제주항공에 대한 투자의견을 매수, 목표주가를 6만원으로 유지했다.      제주항공은 2005년 1월 25일 설립되어 국내 및 국제항공 여객운송업 영위다. BNK투자증권김익상 애널리스트가 작성한 제주항공 리포트 주요내용은 아래와 같다.  ▶ 항공운항과 항공트래픽 증가  ▶ 항공 수요 증가와 제한 요소  ▶ 고효율성과 저비용 구조의 제주항공  ▶ 투자의견 매수, 목표주가 6만원 유지  제주항공은 올해 1분기 연결기준 매출액이 3085억7915만원으로 전년 동기 2401억9883만원 대비 28.4% 늘었다. 같은기간 영업이익은 464억3160만원으로 전년 동기 272억2320만원 대비 70.5% 늘었다. 지배지분 순이익은 369억3846만원으로 전년 동기 170억3613만원 대비 116.8% 늘었다.      ▶ 옆집누나 매일 차 바꿔타는 이유? ▶ 마누라 몰래 세컨드 통장만들기    지난 5일주가는 전일대비 1.40% 상승한 5만800원으로 마감했다.    이 기사는 뉴스핌과 아이투자(www.itooza.com)의 AI뉴스 작성 알고리즘인 뉴스봇(NewsBot)이 실시간으로 작성한 기사입니다.    ★남북경협! 쩜上 터질 대장株와 최적의 매매 타이밍 궁금하다면?! 오늘만 '무료' 확인! 【실제회원 매매일지 공개】 턴 어라운드 퀀트전략..5월 수익률 5.9% 【포착】 내일 급등 유망주, 지금 알려드립니다! 【강력추천】 주식투자 초보탈출 과정..""지금 신청하세요"""
183,1,"2018-06-07","07:32:00","[퀵리포트] 제넥신, ""매수"" 유지..목표가 15만원 유지-하나금투","☞ 총 상금 5,160만원! 핵심종목 평생무료 수익내서 상금받자【CLICK】     [아이투자현명한 기자]하나금융투자는 7일 제넥신(095700)에 대한 투자의견을 매수, 목표가를 15만원으로 제시했다. 이 증권사가 제시한 이전 목표가는 이번과 동일한 15만원이다.  하나금융투자 선민정 연구원이 작성한 제넥신 리포트 주요내용은 아래와 같다.  ▶ 제넥신에게 악몽이 된 ASCO   ▶ 넥타의 ASCO 발표 결과는 매우 고무적이었다  ▶ 제넥신의 하이루킨은 넥타의 NKTR-214와 다르다                    지난 5일 주가는 전일대비 7.77% 하락한 10만3300원으로 마감했다. 전일 종가 기준 주가순자산배수(PBR)는 19.31배, 자기자본이익률(ROE)은 -20.3%다. 주가수익배수(PER)는 최근 4분기 합산 순이익이 적자를 기록해 음수(-)로 나와 계산하지 않았다.  → [바로가기] 전 증권사 보고서 원문서비스 ‘와이즈리포트’  http://www.wisereport.co.kr/   이 기사는 투자 참고용으로 이를 근거로 한 투자 손실에 대해 책임을 지지 않습니다. 기사는 아이투자(www.itooza.com)가 제공한 것으로 저작권은 아이투자에 있습니다. 기사 내용 관련 문의는 아이투자로 문의하시기 바랍니다.    [포착]내일 급등 유망주, 지금 알려드리고 있습니다. <  br>      "
183,2,"2018-06-07","07:32:00","[퀵리포트] KT&G, ""매수"" 유지..목표가 14만3000원 유지-하나금투","☞ 총 상금 5,160만원! 핵심종목 평생무료 수익내서 상금받자【CLICK】     [아이투자송민경 기자]하나금융투자는 7일 KT&G(033780)에 대한 투자의견을 매수, 목표가를 14만3000원으로 제시했다. 이 증권사가 제시한 이전 목표가는 이번과 동일한 14만3000원이다.  하나금융투자 심은주 연구원이 작성한 KT&G 리포트 주요내용은 아래와 같다.  ▶ 펀더멘탈회복 국면, 하반기 갈수록 좋아져   ▶ 올해 주당 배당금 상향 가능성도 열어둘 수 있어   ▶ 매수 적기 판단                    지난 5일 주가는 전일대비 1.25% 상승한 9만7200원으로 마감했다. 전일 종가 기준 주가수익배수(PER)는 11.3배, 주가순자산배수(PBR)는 1.79배, 자기자본이익률(ROE)은 15.8%다.  → [바로가기] 전 증권사 보고서 원문서비스 ‘와이즈리포트’  http://www.wisereport.co.kr/   이 기사는 투자 참고용으로 이를 근거로 한 투자 손실에 대해 책임을 지지 않습니다. 기사는 아이투자(www.itooza.com)가 제공한 것으로 저작권은 아이투자에 있습니다. 기사 내용 관련 문의는 아이투자로 문의하시기 바랍니다.    [포착]내일 급등 유망주, 지금 알려드리고 있습니다.    p>    "
183,3,"2018-06-07","07:31:55","만만찮은 경남···심상찮은 TK","6·13지방선거가 1주일 앞으로 다가온 가운데 더불어민주당과 자유한국당이 경남과 대구경북(TK) 지역에서 총력전을 펼치고 있다. 민주당이 유리할 것으로 전망됐던 경남지사 선거는 김태호 한국당 후보가 맹렬하게 추격전을 펼치며 김경수 민주당 후보와의 격차를 크게 줄였다는 분석이 나오고있다. ‘보수 텃밭’으로 한국당의 낙승이 예상됐던 TK 지역은 기초단체장부터 지지율이 크게 요동치며 민주당 바람이 심상치 않다. 민주당과 한국당 모두 열세지역에서 뒤집기에 나서며 선거 막판 당력을 총동원하는 모습이다.  경남 진해 충혼탑 참배로 6일 선거운동을 시작한 김경수 후보는 “더 큰 김경수를 만들어달라”며 지지를 호소했다. 선거 초반 김태호 후보와 10~20%포인트가량 격차가 나며 쉽게 승기를 잡을 것으로 봤던 김경수 후보는 김태호 후보의 지지율 추격이 만만치 않다는 판단에 긴장의 끈을 놓지 않고 있다. 더구나 최근 민주당 내 비공식 여론조사에서 두 후보의 격차가 한자릿수까지 줄었다는 말이 나오자 김태년 정책위의장을 비롯해 현역 의원들이 대거 경남을 찾아 당력을총집중하고 있다. 한 민주당 의원은 “연초부터 최저임금 인상 여파로 지역 영세상공인들을 중심으로 바닥 민심이 호의적이지 않았다”며 “최저임금 산입범위 조정까지 추진되자 근로자가 밀집된 지역 특성상 지지율 상승의 뒷심이 떨어지고 있다”고 말했다.     반대로 한국당 ‘깃발’만꽂으면 ‘당선’이라는 등식이 성립됐던 TK 지역은 민주당이 맹렬하게 추격하는 모습이다. 대구시장 후보 여론조사에서 임대윤 민주당 후보와 권영진 한국당 후보가 오차범위 내 접전을 펼치는 것으로 나타나자 TK 지역 정가가 술렁이고 있다. 매일신문·TBC 의뢰로 리서치앤리서치가지난달 31부터 이달 1일까지 실시한 여론조사에서 권 후보와 임 후보의 지지율은 각각 34.4%, 29.6%로 나타났다. 이에 따라 민주당은 대구시장 선거가 막판까지 접전이 펼쳐질 ‘해볼 만한’ 선거라는 판단이다. 경북도지사 선거도 오중기 민주당 후보가 이철우 한국당 후보와의 격차를 줄여가고 있다고 분석하며 ‘힘 있는 여당’ 프레임을 내세워 역전을 노리고 있다. 한국당은 경남에서 추격의 고삐를 더욱 바짝 쥐어 막판 뒤집기에 성공하고 TK는 보수의 낙동강 전선이자 마지막 보루로서 반드시 사수하겠다는 결연한 의지를 내세우고 있다. 장제원 한국당 수석대변인은 “인물 경쟁력을 부각시키는 전략이 추진될 것”이라고 강조했다. 특히 한국당은 선거일이 다가올수록 숨겨진 보수층(샤이 보수)의 결집이 분명해질 것으로 기대하고 있다.  /송종호기자 joist1894@sedaily.com    [서울경제 관련뉴스] 이철성 경찰청장 특검 전 ""김경수·송인배 소환 어렵다"" 김경수, ‘무허가 가족묘 조성 논란‘ 시인...“법적 자문 받아 조치 취할 것” 김경수 경남지사 후보 ""선거운동 가장 아픈 서부경남에서 시작한다"" 한국당 후보검증 3탄 ‘김경수 편’ 공개 [6·13 지방선거 인터뷰]김태호 경남지사 후보 ""지지율에 취한 文정부···경제 F학점""  [경남지사 후보 관훈토론회]김경수 ""특검보다 더한 것도 수용""...김태호 ""내가 권력 견제 적임자""   ▶▶ 2018년 정부 정책 수혜주 TOP 10 大공개! (바로 확인)  ▶▶ 재료노출 임박한 상위1%의 극비정보 30명한정 공개(무료)    [ⓒ 서울경제, 무단 전재 및 재배포 금지]"
183,4,"2018-06-07","07:31:14","현대글로비스, 목표가 36%↓ 14만5000원 제시-삼성證","[서울=뉴스핌] 로보뉴스 = 삼성증권은 7일 현대글로비스에 대한 투자의견을 중립,목표주가를 14만5000원으로 제시했다. 이날 제시한 목표주가는 이전에 삼성증권이 제시한 목표주가 22만7000원 대비 36% 낮은 수준이다.      현대글로비스는 현대차 계열의 자동차 전문 물류 기업 이다. 삼성증권 박은경 애널리스트가 작성한 현대글로비스 리포트 주요내용은 아래와 같다.  ▶ 지배구조개편 계획이 무산되며 동사의 중장기 사업계획에 차질 발생. 글로비스 주주들이 기대할 수 있는 기업가치가 어느정도인지 산출하기 어려워짐 ▶ 상상 가능한 범위 내 최악의 시나리오 하에서의 주가 바닥찾기가 의미 있을 것으로 생각되어두가지 방식으로 rock bottom value에 접근. 당사 추정 rock bottom value는 145,000원 (2018E P/E 11.4배). 현주가 대비 6% 높음 ▶ 현수준에서 주가 하방경직성은 높은 것으로 판단되나, 새로운 지배구조개편안이 제시될 때까지 주가 상승 모멘텀도 부재할 것으로 예상되어 투자의견 BUY에서 HOLD로 하향조정. 주가는 당분간 rock bottom value인 145,000원 수준에서 등락을 거듭할 것으로 예상되어 이를 목표주가로제시  현대글로비스는 올해 1분기 연결기준 매출액이 3조7479억원으로 전년 동기 3조9772억원 대비 5.7% 감소했다. 같은기간 영업이익은 1504억5630만원으로 전년 동기 1917억6156만원 대비 21.5% 줄었다. 지배지분 순이익은 1147억4223만원으로 전년 동기 2467억7246만원 대비 53.5% 감소했다.      ▶ 옆집누나 매일 차 바꿔타는 이유? ▶ 마누라 몰래 세컨드 통장만들기    지난 5일주가는 전일대비 1.09% 하락한 13만6500원으로 마감했다.    이 기사는 뉴스핌과 아이투자(www.itooza.com)의 AI뉴스 작성 알고리즘인 뉴스봇(NewsBot)이 실시간으로 작성한 기사입니다.    ★남북경협! 쩜上 터질 대장株와 최적의 매매 타이밍 궁금하다면?! 오늘만 '무료' 확인! 【실제회원 매매일지 공개】 턴 어라운드 퀀트전략..5월 수익률 5.9% 【포착】 내일 급등 유망주, 지금 알려드립니다! 【강력추천】 주식투자 초보탈출 과정..""지금 신청하세요"""
183,5,"2018-06-07","07:31:06","태영건설, 목표가 2만3000원 유지...전일종가 1만5850원 -하나금투","[서울=뉴스핌] 로보뉴스 = 하나금융투자는 7일 태영건설에 대한 투자의견을 매수,목표주가를 2만3000원으로 유지했다.      태영건설은 공공 수주 비중이 높은 중견 건설업체. 방송(SBS), 레져 및 폐기물 처리사업 자회사 보유다. 하나금융투자 채상욱 애널리스트가 작성한 태영건설 리포트 주요내용은 아래와 같다.  ▶ 태영건설의 수주잔고 3.0 조원과 주가조정  ▶ 향후 매출화 될 2.5조원과 추가수주로 인식될 수조원의 잔고  ▶ 잔고 걱정 말고 적극 매수하라  태영건설은 올해 1분기 연결기준 매출액이 8017억7868만원으로 전년 동기 5794억9925만원 대비 38.3% 늘었다. 같은기간 영업이익은 1218억9845만원으로 전년 동기 377억2215만원 대비 223.1% 늘었다. 지배지분 순이익은 652억2445만원으로 전년 동기 369억504만원 대비 76.7% 늘었다.      ▶ 옆집누나 매일 차 바꿔타는 이유? ▶ 마누라 몰래 세컨드 통장만들기    지난 5일주가는 전일대비 0.32% 상승한 1만5850원으로 마감했다.    이 기사는 뉴스핌과 아이투자(www.itooza.com)의 AI뉴스 작성 알고리즘인 뉴스봇(NewsBot)이 실시간으로 작성한 기사입니다.    ★남북경협! 쩜上 터질 대장株와 최적의 매매 타이밍 궁금하다면?! 오늘만 '무료' 확인! 【실제회원 매매일지 공개】 턴 어라운드 퀀트전략..5월 수익률 5.9% 【포착】 내일 급등 유망주, 지금 알려드립니다! 【강력추천】 주식투자 초보탈출 과정..""지금 신청하세요"""
183,6,"2018-06-07","07:31:05","제넥신, 목표가 15만원 유지...전일종가 10만3300원 -하나금투","[서울=뉴스핌] 로보뉴스 = 하나금융투자는 7일 제넥신에 대한 투자의견을 매수, 목표주가를 15만원으로 유지했다.      제넥신은 항체융합단백질 및 유전자치료 백신 개발중인 바이오 벤처 기업이다. 하나금융투자 선민정 애널리스트가 작성한 제넥신 리포트 주요내용은 아래와 같다.  ▶ 제넥신에게 악몽이 된 ASCO  ▶ 넥타의 ASCO 발표 결과는 매우 고무적이었다 ▶ 제넥신의 하이루킨은 넥타의 NKTR-214와 다르다  제넥신은 올해 1분기 개별기준 매출액이 19억732만원이다. 같은기간 영업이익은 -92억9985만원이다. 당기순이익은 -111억3262만원이다.      ▶ 옆집누나 매일 차 바꿔타는 이유? ▶ 마누라 몰래 세컨드 통장만들기    지난 5일주가는 전일대비 7.77% 하락한 10만3300원으로 마감했다.    이 기사는 뉴스핌과 아이투자(www.itooza.com)의 AI뉴스 작성 알고리즘인 뉴스봇(NewsBot)이 실시간으로 작성한 기사입니다.    ★남북경협! 쩜上 터질 대장株와 최적의 매매 타이밍 궁금하다면?! 오늘만 '무료' 확인! 【실제회원 매매일지 공개】 턴 어라운드 퀀트전략..5월 수익률 5.9% 【포착】 내일 급등 유망주, 지금 알려드립니다! 【강력추천】 주식투자 초보탈출 과정..""지금 신청하세요"""
183,7,"2018-06-07","07:31:05","SK이노베이션, 목표가 30만원 유지...전일종가 20만6000원 -한투證","[서울=뉴스핌] 로보뉴스 = 한국투자증권은 7일 SK이노베이션에 대한 투자의견을 매수, 목표주가를 30만원으로 유지했다.      SK이노베이션은 SK계열 사업지주사(구 SK에너지). 석유개발, 석유, 화학, 윤활유 사업 진행이다. 한국투자증권 이도연 애널리스트가 작성한 SK이노베이션 리포트 주요내용은 아래와 같다.  ▶ 매수관점 강화할 시기 ▶ 유가 방향성은 우호적으로 전환 ▶ 2분기 실적 강세와 자사주 매입이 주가 상승 견인  SK이노베이션은 올해 1분기 연결기준 매출액이 12조1661억원으로 전년 동기 11조3870억원 대비 6.8% 늘었다. 같은기간 영업이익은 7115억8250만원으로 전년 동기 1조42억원 대비 29.1% 줄었다. 지배지분 순이익은 4583억1425만원으로 전년 동기 8470억4912만원 대비 45.8% 감소했다.      ▶ 옆집누나 매일 차 바꿔타는 이유? ▶ 마누라 몰래 세컨드 통장만들기    지난 5일주가는 전일대비 0.72% 하락한 20만6000원으로 마감했다.    이 기사는 뉴스핌과 아이투자(www.itooza.com)의 AI뉴스 작성 알고리즘인 뉴스봇(NewsBot)이 실시간으로 작성한 기사입니다.    ★남북경협! 쩜上 터질 대장株와 최적의 매매 타이밍 궁금하다면?! 오늘만 '무료' 확인! 【실제회원 매매일지 공개】 턴 어라운드 퀀트전략..5월 수익률 5.9% 【포착】 내일 급등 유망주, 지금 알려드립니다! 【강력추천】 주식투자 초보탈출 과정..""지금 신청하세요"""
184,1,"2018-06-07","07:27:45","폼페이오 美국무 ""이란 핵무기 개발 허용 못 해""","폼페이오 美국무 ""이란 핵무기 개발 허용 못 해""  이란의 새 우라늄 농축시설 설치 계획 비판     (서울=연합뉴스) 차대운 기자 = 이란이 새 우라늄 농축시설 설치 계획을 밝히자 미국이 이를 핵무기 개발 의도로 보고 강력히 대처하겠다는 입장을 나타냈다.  마이크 폼페이오 미국 국무부 장관은 6일(현지시간) 트위터를 통해 ""이란이 (우라늄) 농축 능력을 키우려는 계획을 하고 있다는 보도를봤다""며 ""우리는 이란이 핵무기를 개발하는 것을 허용하지 않을 것""이라고 밝혔다.  그는 ""그것은 이란이 자신의 자원을 낭비하는 다른 예가 될 것""이라며 ""이란은 우리의 굳은 의지를 잘 알고 있다""고 덧붙였다.  미국의 일방적인 이란 핵 합의 탈퇴에 반발해 이란은 최근 테헤란 남부의 나탄즈에 첨단 우라늄 원심분리기 시설을 설치하겠다는 계획을밝혔다.  이란 최고지도자 아야톨라 알리 하메네이는 지난 4일 이란 핵 합의가 와해할 경우 우라늄 농축 능력을 확대하기 위한 준비를 하라고 지시했다.  알리 아크바르 살레히 이란원자력청 청장은 6일 국영 TV에 나와 새 우라늄 농축 시설 설치가 이르면 한 달 내에 마무리될 수 있다고 설명했다.  cha@yna.co.kr   (끝)    <긴급속보 SMS 신청> <포토 매거진> < M-SPORTS >   <저작권자(c) 연합뉴스, 무단 전재-재배포 금지>"
184,2,"2018-06-07","07:26:39","[투자노트] 좁쌀로 얻어맞을 준비 됐나요?","밤사이(현지시각 6일) 나스닥은 지난 4일(현지시각), 5일에 이어 또다시 사상 최고치를 경신했다. 기술주 거품 논란이라는 기사가 쏟아졌던것이 얼마 안 된 것 같은데 또다시 천장을 뚫었다. 거두절미하고, 우리 기술주와는 다른 모습이다. 왜 이럴까.  이유는 여러 가지 있겠지만 중요한 이유 중 하나는 중국이다. 중국 본토시장 개방이 이유일 수 있는데 또 다른 포인트가 있다. 성장률 하나만 봐도 군침이 흐르는 중국 기업이 잇따라 상장을 추진한다는 측면에서도 바라봐야 한다.  외신에 따르면 오늘(7일) 홍콩 증권거래소는 샤오미 상장 승인을 할 것으로 알려졌다. 샤오미 기업가치는 600억~700억달러다. IPO 규모만 100억달러(10조원)다.  샤오미에 관심 있는 외국인 투자자가 적지는 않다. 그런데 돈이 문제다. 10조원이 어디서 나오나? 결국 또 다른 신흥국 주식을 팔아서 마련할 가능성이 높다.  만만한 상대는 삼성전자다.  물론 전문가들은 “일회성 이슈”, 혹은 “선반영”, “10조라고 해도 얼마 안 된다”고 말한다. 이익 규모 하나만 놓고 샤오미(小米)를 중국어 뜻 그대로 ‘좁쌀’ 취급하는 사람도 있다. 틀린 얘기는 아니다. 하지만 중국 기업이 샤오미 하나뿐이 아니라는 것이 문제다.  또 다른 스마트폰 제조업체 화웨이가 있고, 전세계 드론시장의 70%를 장악하고 있는 DJI가 있다. 또 알리바바그룹의 핀테크 자회사 앤트파이낸셜이 있다. 우리는 키우겠다고 말만 해놓고 방치돼 있는 핀테크 분야에서 앤트파이낸셜은 지난 2월 기준 여신규모가 6000억위안(100조원)에 달할 정도로 성장했다. 이 회사는 최근 장외에서 90억달러(9조5000억원)를 조달했다. 앤트파이낸셜 기업가치가 1500억달러(160조원)라는 설이 있는데, 이것이 맞다면 KB금융의 8배에 달한다.  어디 한 곳 상장한다고 할 때마다 우리나라의 비교 대상 기업은 휘청일 수밖에 없다.  중국은 수시로 체크하지 않으면 유니콘 기업의 등장을 놓칠 정도로 좋은 기업이 계속 쏟아진다. 내수 시장이 크기 때문일 것이지만, 꼭 그 이유 때문만은 아닐 것이다.  물론 우리나라는 중국에 비해 시장이 성숙해 있어 유망기업이 안나오는 것일 수도 있다.  하지만 그럼에도 아쉽다. 우리나라 증시에 비교적 최근에 상장한 대형주 리스트를 봤다. 대부분 유니콘 기업이 아니고, 대기업 계열사다. 한국거래소가 뽑은 내년도 유망주도 호텔롯데였다.       안재만 기자 hoonpa@chosunbiz.comCopyrights ⓒ ChosunBiz.com"
184,3,"2018-06-07","07:26:28","문재인 대통령, 오늘 `드루킹 댓글조작 사건` 특검 임명","문재인 대통령은 7일 '드루킹 댓글조작 사건'을 조사할 특별검사를 임명한다.   앞서 야4당의 3개 교섭단체는 4일 '드루킹의 인터넷상 불법 댓글조작 사건과 관련된 진상규명을 위한 특별검사의 임명 등에 관한 법률'(특검법)에 따라 특검 후보로 임정혁·허익범 변호사를 문 대통령에게 추천했다.   이날 하루 연가를 낸 문 대통령은 특검법이 정한 시한에 따라 이날 중 두 후보 중 1명을 특검으로 임명할 예정이다.   사법연수원 16기인 임 변호사는 서울고검장과 대검 차장검사·법무연수원장을 연이어 지낸 뒤 2016년 개업했다.   사법연수원 13기인 허 변호사는 현재 서울중앙지법 조정위원, 법무부 법무·검찰개혁위원을 맡고 있다.    [디지털뉴스국]           ☞ 조용히 사서 묻어놔라! 6月 정말 큰돈 된다! ☞ 세계최초 항암제 개발! 신라젠 놓쳤다면, 이 종목 잡아라!! ☞ 세계 최초 신약! 1,500% 신라젠 능가할 단돈 4천원대 Bio 황제주!!! ☞ 6月 반드시 주목해야될 Best 바이오 종목!!      [ⓒ 매일경제 & mk.co.kr, 무단전재 및 재배포 금지]"
184,4,"2018-06-07","07:26:23","설리, 올렸다 삭제한 사진…‘미투’ 논란 로타가 촬영?","[헤럴드경제=이슈섹션] 설리가 자신의 SNS에 올렸다가 삭제한 사진이 화제다.  부산일보에 따르면 설리는 6일 자신의 인스타그램에 사진 한 장을 올렸다가 삭제했다.  설리는 이날 이 사진을 “오랜만”이라는 글과 함께 공개했다고 한다.     공개된 사진 속 설리는 몸에 착 달라붙는 트레이닝복을 입고 카메라를 응시하고 있다.  설리가 이 사진을 삭제한 것은 미투 논란에 휘말린 사진작가 로타와 관련이 있다는 의혹 때문이라는 게 이들 매체의 설명이다.  설리는 과거 사진작가 로타와 화보를 촬영한 결과물을 인스타그램 등에공개했다. 로타는 로리타(롤리타) 논란에 여러차례 휩싸인 사진 작가다. 어린 여성을 성적 대상물로 여긴다는 비판을 계속 받았다.  한편 로타는 과거 사진 촬영 중 모델을 성추행했다는 의혹을 받은 바 있다.  onlinenews@heraldcorp.com   [프리미엄 링크] ◆ [평생무료] ""주식카톡방"" 대박주를 추천받는데 100원도 안낸다~ ◆ 무료O, 회원가입X. 바로보는 증권전문가의 실시간 라이브방송.  10%수익을 40%로 만들어 준다고?? 영웅스탁론이라면 가능~! [영웅스탁론]효과적인 레버리지를 이용하여 수익률을 4배로!!    이 종목 미리 알았더라면.. 화제의 급등주검색기 실전투자 300%비법 무료체험 3일신청시 [즉시공개!]    김태희, 로또 대박?! 20억 당첨금 공개..    테마주!외국인+기관 쌍끌이 매집중인 종목 전문가들도 탐내는 급등주 공식 무료배포! [클릭]    [오늘의 인기기사] ◆ [국대스탁론]업계 최저금리 2.29%! 100%한종목 투자가능+신용/ 미수 대환가능 ◆ [국민스탁론]저렴한 연2.7% 금리로 최대 4배 투자 가능 ◆ [마감임박] '급등주 문자메시지' 100% 무료로 받아보기! ◆ [상한가속출] ""깜짝놀랐다"" 카톡무료체험으로 3000만원 수익달성!  ◆[밴드스탁론] 연 2%대 금리, 신용 미수 대환 가능, 주식자금 전문 ☏ 1899-9044 ◆똑똑해진 소비자..한국도 이젠 소형차 시대 ◆2020년 한국 TV 2대중 1대 인터넷 연결된다"
184,5,"2018-06-07","07:25:47","‘건강한 정신, 행복한 성동’ 포토보이스 공모","-11~22일 개최…금상 1팀 10만원  [헤럴드경제=이원율 기자]서울 성동구(구청장 권한대행 이비오)는 성동정신건강복지센터 개소 20주년을 맞아 11~22일 ‘포토 보이스’를 공모한다고 7일 밝혔다.  관내 곳곳을 다니며 ‘건강한 정신, 행복한 성동’ 주제로 사진을 찍은 뒤 느낀점과 문제의식 등을 글과 함께 표현하면 된다. 구에 사는 주민ㆍ단체라면 누구나 참여할 수 있다. 성동정신건강복지센터 홈페이지(www.mindcare.or.kr)에 있는 참가신청서를 쓴 뒤 파일을 전자우편(sdmhc@hanmail.net)으로 보내는 식이다.    성동구 ‘포토 보이스’ 공모 포스터. [제공=성동구]  수상작은 다음 달 17일 센터가 개최하는 20주년 기념식에서 가려진다. 금상 1팀 10만원, 은상 2팀 7만원, 동상 2팀 5만원 등 상금이 전해질 예정이다. 응모된 포토 보이스는 추후 센터가 사업 방향을 정할 때 참고자료로 활용한다.  구 관계자는 “포토 보이스를 통해 지역사회가 담은 문제를 기록하겠다”며 “이를 적극 활용해서 성동의 정신보건사업이 발전시킬 것”이라고 했다.  yul@heraldcorp.com    [프리미엄 링크] ◆ [평생무료] ""주식카톡방"" 대박주를 추천받는데 100원도 안낸다~ ◆ 무료O, 회원가입X. 바로보는 증권전문가의 실시간 라이브방송.  10%수익을 40%로 만들어 준다고?? 영웅스탁론이라면 가능~! [영웅스탁론]효과적인 레버리지를 이용하여 수익률을 4배로!!    이 종목 미리 알았더라면.. 화제의 급등주검색기 실전투자 300%비법 무료체험 3일신청시 [즉시공개!]    김태희, 로또 대박?! 20억 당첨금 공개..    테마주!외국인+기관 쌍끌이 매집중인 종목 전문가들도 탐내는 급등주 공식 무료배포! [클릭]    [오늘의 인기기사] ◆ [국대스탁론]업계 최저금리 2.29%! 100%한종목 투자가능+신용/ 미수 대환가능 ◆ [국민스탁론]저렴한 연2.7% 금리로 최대 4배 투자 가능 ◆ [마감임박] '급등주 문자메시지' 100% 무료로 받아보기! ◆ [상한가속출] ""깜짝놀랐다"" 카톡무료체험으로 3000만원 수익달성!  ◆[밴드스탁론] 연 2%대 금리, 신용 미수 대환 가능, 주식자금 전문 ☏ 1899-9044 ◆똑똑해진 소비자..한국도 이젠 소형차 시대 ◆2020년 한국 TV 2대중 1대 인터넷 연결된다"
184,6,"2018-06-07","07:25:23","[인사] 외교부 外","▶외교부 ▷기후변화대사 유연철  ▶농림축산식품부 <과장급 개방형직위 임용> ▷국립농산물품질관리원 품질검사과장 서문교 <과장급 전보> ▷농지과장 홍인기  ▶중소벤처기업부 <국장급 전보> ▷대변인 김영신 ▷경기지방중소벤처기업청장 백운만  ▶여성가족부 <부이사관 승진> ▷권익지원과장 조신숙  ▶공정거래위원회 <과장급 전보> ▷기업집단정책과장 정창욱 ▷지주회사과장 박기흥 ▷서울지방공정거래사무소 경쟁과장 육성권  ▶통계청 <과장급 인사> ▷경제협력개발기구(OECD) 세계포럼준비기획단 총괄기획팀장 이민경  ▶중소기업진흥공단 <임원 선임> ▷경영관리본부장 조정권 ▷일자리지원본부장김형수  ▶한국수력원자력 <상임이사 임명> ▷품질안전본부장 이재동  ▶한국스포츠경제 ▷부국장 겸 기업시장부장 오성철 ▷금융산업부장 한동수  ▶EBN <편집국> ▷금융증권부장 김지성  ▶경상대 ▷교학부총장 겸 교무처장 마대영 ▷연구부총장 겸 산학협력단장 겸 사회 맞춤형 산학협력선도대학육성사업단장 정종일 ▷대학원장 김기원 ▷학생처장 김주애 ▷기획처장 민병익 ▷입학본부장 박상식 ▷대학원 부원장 김윤수 ▷교무부처장겸 교직부장 김의경 ▷학생부처장 오재신 ▷기획부처장 유순미 ▷산학협력단 연구부단장 직무대리 장지찬 ▷입학부본부장 겸 입학정책실장 조한익 ▷산학협력단 산학부단장 겸 사회 맞춤형 산학협력선도대학육성사업 부단장 강석진 ▷도서관장 장봉규 ▷인재개발원장 장형유 ▷교육정보전산원장 서영건 ▷공동실험실습관장 최명룡 ▷학생생활관장 이상호 ▷국제어학원장 구승본 ▷평생교육원장 김양준 ▷신문방송사주간 겸 출판부장 박현곤 ▷박물관장 정재훈   [프리미엄 링크] ◆ [평생무료] ""주식카톡방"" 대박주를 추천받는데 100원도 안낸다~ ◆ 무료O, 회원가입X. 바로보는 증권전문가의 실시간 라이브방송.  10%수익을 40%로 만들어 준다고?? 영웅스탁론이라면 가능~! [영웅스탁론]효과적인 레버리지를 이용하여 수익률을 4배로!!    이 종목 미리 알았더라면.. 화제의 급등주검색기 실전투자 300%비법 무료체험 3일신청시 [즉시공개!]    김태희, 로또 대박?! 20억 당첨금 공개..    테마주!외국인+기관 쌍끌이 매집중인 종목 전문가들도 탐내는 급등주 공식 무료배포! [클릭]    [오늘의 인기기사] ◆[국대스탁론]업계 최저금리 2.29%! 100%한종목 투자가능+신용/ 미수 대환가능 ◆ [국민스탁론]저렴한 연2.7% 금리로 최대 4배 투자 가능 ◆ [마감임박] '급등주 문자메시지' 100% 무료로 받아보기! ◆ [상한가속출] ""깜짝놀랐다"" 카톡무료체험으로 3000만원 수익달성!  ◆[밴드스탁론] 연 2%대 금리, 신용 미수 대환 가능, 주식자금 전문 ☏ 1899-9044 ◆똑똑해진 소비자..한국도 이젠 소형차 시대 ◆2020년 한국 TV 2대중 1대 인터넷 연결된다"
184,7,"2018-06-07","07:24:58","[부고] 나중배(전 한미연합사 부사령관)씨 별세 外","▶나중배(전 한미연합사 부사령관)씨 별세, 나진기(전 UPS코리아 사장)ㆍ진철(싱가포르 난양기술대학교 컴퓨터공학과 부교수)씨 부친상, 정미순(고양냉천초등학교 교감)ㆍ이명아(인디애나주립대 체육교육과 부교수)씨 시부상=6일 서울신촌세브란스병원, 발인 8일. (02)2227-7556  ▶문신학(산업통상자원부 원전산업정책국장)씨 장모상=5일 화순전남대의대병원, 발인 8일. (061)379-7433  ▶박경석(전국장애인차별철폐연대 상임공동대표)씨 모친상=5일 서울대병원, 발인 8일. (02)2072-2020   [프리미엄 링크] ◆ [평생무료] ""주식카톡방"" 대박주를 추천받는데 100원도 안낸다~ ◆ 무료O, 회원가입X. 바로보는 증권전문가의 실시간 라이브방송.  10%수익을 40%로 만들어 준다고?? 영웅스탁론이라면 가능~! [영웅스탁론]효과적인 레버리지를 이용하여 수익률을 4배로!!    이 종목 미리 알았더라면.. 화제의 급등주검색기 실전투자 300%비법 무료체험 3일신청시 [즉시공개!]    김태희, 로또 대박?! 20억 당첨금 공개..    테마주!외국인+기관 쌍끌이 매집중인 종목 전문가들도 탐내는 급등주 공식 무료배포! [클릭]    [오늘의 인기기사] ◆ [국대스탁론]업계 최저금리 2.29%! 100%한종목 투자가능+신용/ 미수 대환가능 ◆ [국민스탁론]저렴한 연2.7% 금리로 최대 4배 투자 가능 ◆ [마감임박] '급등주 문자메시지' 100% 무료로 받아보기! ◆ [상한가속출] ""깜짝놀랐다"" 카톡무료체험으로 3000만원 수익달성!  ◆[밴드스탁론] 연 2%대 금리, 신용 미수 대환 가능, 주식자금 전문 ☏ 1899-9044 ◆똑똑해진 소비자..한국도 이젠 소형차 시대 ◆2020년 한국 TV 2대중 1대 인터넷 연결된다"
185,1,"2018-06-07","07:12:37","""실적 전망 양호한 낙폭과대주 6選""-하나","7일 하나금융투자는 6월은 실적 전망이 양호한 주가 낙폭과대 종목의 매수 적기라며 유망 종목으로 콜마비앤에이치, 삼성화재, KT&G, 이테크건설, AJ네트웍스, 엑세스바이오 등을 제시했다.  이경수 하나금융투자 연구원은 ""6월은 종목 리포트의 공백기로 주로 주가 낙폭과대 종목에 대한 관심이 높아지는 계절성이 있다""며 ""중장기 기간 낙폭 과대 요인보다는 단기 낙폭 과대 요인의 성과가 높았고, 실적 개선 종목의 중장기 강세가 다소 눌림목이 발생한 종목군이 재차 반등하는 패턴이 나타났다""고 밝혔다.  양호한 1분기 실적에 대한 차익실현이나 기존 실적 부진 등의 악재가 과도하게 주가에 반영됐을 경우 주가 낙폭과대 종목군을 매수하는 '보텀피싱' 전략이 유효한 시기라는 분석이다.  또한 상반기에 관찰된 개인들의 수급영향력 증대, 최근 거래대금 사상 최고치 경신 등의구조적 흐름에서 해당 전략은 꾸준한 성과를 낼 수 있다고 설명했다.  이 연구원은 ""향후 실적은 양호할 전망이지만 실적시즌 직후 차익실현 등의 이유로 주가가 상대적으로 급락했고 저평가 및 배당 등의 부수적인 메리트가 있는 종목은 매수해야 하는 적기가 바로 6 월""이라며 ""보텀피싱 유망종목 6개는 주가와 기관 지분 등 수급 요인과 함께 올해 이익 전망치를 함께 고려해 선별한 종목""이라고 덧붙였다.  오정민 한경닷컴 기자 blooming@hankyung.com     [ 무료 주식 카톡방 ] 국내 최초, 카톡방 신청자수 38만명 돌파 < 업계 최대 카톡방 > --> 카톡방 입장하기!! 40억 ""이것""통해 벌었다는 남성 알고보니 ""개인파산""한 개그맨 A씨? ▶ <긴급공개> 2분기 이끌 新대장주 BEST 5 억대계좌 이종목에서 또 터진다! >> [바로확인]     관련기사 ""젊은직장인들 모인다""…강북 도심 부활한 이유가 ""다음주 코스피 2440~2520 전망…종목장세 지속""-KTB 계속되는 주한미군 철수설에…美 국방장관 결국 ""코스닥 급락, 일시적 조정일 가능성 높아""-메리츠 남편에게 돈 벌어 오랬더니 하는 말이…아내 속앓이    ⓒ 한국경제 & hankyung.com, 무단전재 및 재배포 금지"
185,2,"2018-06-07","07:12:24","엘앤케이바이오, CB 전환가액 7273원→7194원 하향 조정","@media all and (max-width: 400px) {img{max-width:340;height:auto;}}.dayTBL a:link {font-family: 돋움;font-size: 11px;line-height: 18px;color:#666666;text-decoration: none}.dayTBL a:visited {font-family: 돋움;font-size: 11px;line-height: 18px;color: #666666;text-decoration: none}.dayTBL a:hover {font-family: 돋움;font-size: 11px;line-height: 18px;color: #840000;text-decoration: none}.dayTBL nobr {width:85px; text-overflow:ellipsis; overflow:hidden; cursor:pointer; float:left}.todayBDb {border-bottom: #000000 0.5pt solid}.tblGrp{padding:0; border-spacing:0; border-collapse:collapse; border:0;vertical-align:top;width:279px}.tblGrp td{vertical-align:top}.dayTBL {width:93px; padding:0; border-spacing:0; border-collapse:collapse; vertical-align:top; border:0}.dayTBL td{font-size:12px; font-family:돋움; color:#333333;line-height:18px;padding:0}.divSch1{float:left}.divSch2{float:left}.tdSch{border: #E6E6E6 0.1pt solid;height:75;padding:0}.tdSchToday {border: #000000 1pt solid;height:75;background-color:#fffff0;padding:0}.tdSchTomorrow {border-left:0}.tdSchYesterday {border-right:0}.tdDate{background-color:#c8e7ff;height:10;text-align:center}.ad {text-align:center; font-size:8pt; font-family:돋움;line-height:1.2}.lg {margin-bottom:20px;}.title{font-size:15px;color:#203c76;font-weight:bold;margin-bottom:20px;}a,img {border:0; outline:none; selector-dummy:expression(this.hideFocus=true);}body,td,select,input,div,form,textarea,center,option,pre,blockquote {font-size:9pt; line-height:1.6; font-family:돋움;}table{border:0px;}r {display:none;}    제목 : 엘앤케이바이오, CB 전환가액 7273원→7194원 하향 조정 ［메디컬투데이 지용준 기자］ 엘앤케이바이오는 5회 전환사채(CB)의 전환가액을 7273원에서 7194원으로 하향 조정한다고 5일 공시했다. 조정후 전환가능주식수는 139만47주다. →  해당 기사는 메디컬투데이(www.mdtoday.co.kr)에서 제공한 것이며 저작권은 제공 매체에 있습니다. 기사 내용 관련 문의는 해당 언론사에 하시기 바랍니다.  ■[하이스탁론] 주식자금이 필요할 땐 ☎ 1599-6222 연 3% 업계 최저금리, 자기자본 포함 최대 4배, 연장수수료 無 주식 매도 없이 미수, 신용 대환 / 마이너스통장식 / 기대출자도 가능 ☞ 14년 연속 스탁론 점유율 1위, 노주현이 추천하는 [하이스탁론 바로가기]  ▶【급등임박株】 “정책+실적+수급분석 완료” 주도주 '2선' 추천받기  ◆""숨은 진주발굴"" 당뇨치료제 상용화 임박! <재료주공개>   [이슈&섹터 스케줄]    2018-06-04 - 한국-필리핀 정상회담 예정 - 5G 주파수 경매 신청 마감 예정 -  한은, BOK 국제컨퍼런스 개최   2018-06-05 - 국무회의(최저임금법) - 랩온어칩 및 마이크로플루이딕스 컨퍼런스 개최(현지시간) - ""항체 엔지니어링 & 항체 치료 콘퍼런스 유럽 2018"" 개최 예정(현지시간)   2018-06-06 - 현충일 - 국내 증시 휴장 - 2018 국제회계 심포지엄 개최 예정      2018-06-07 - 美-日 정상회담 예정(현지시간) - 삼성바이오로직스, 분식 여부 판가름 예정 - 넥슨, MMORPG '카이저' 정식 출시   2018-06-08 - 6.13 지방선거 사전투표 예정 - G7 정상회의 개최 예정(현지시간) - 제5차 韓-美 에너지안보대화   2018-06-09 - 북-중-러 정상회담 예정 - 이탈치네마, 제10회 이탈리아 영화제 개최 예정 - 상하이협력기구(SCO) 정상회의 개최      Copyright ⓒ True&Live 증시뉴스 점유율1위, 인포스탁(www.infostock.co.kr) 인터넷신문(경기아51008)/무단전재 및 배포금지   본 뉴스(정보)는 해당종목의 매수/매도신호가 아니며, 이를 근거로행해진 거래에 대해 책임을 지지 않습니다."
185,3,"2018-06-07","07:11:24","셀루메드, 56억 규모 전환청구권 행사","@media all and (max-width: 400px) {img{max-width:340;height:auto;}}.dayTBL a:link {font-family: 돋움;font-size: 11px;line-height: 18px;color:#666666;text-decoration: none}.dayTBL a:visited {font-family: 돋움;font-size: 11px;line-height: 18px;color: #666666;text-decoration: none}.dayTBL a:hover {font-family: 돋움;font-size: 11px;line-height: 18px;color: #840000;text-decoration: none}.dayTBL nobr {width:85px; text-overflow:ellipsis; overflow:hidden; cursor:pointer; float:left}.todayBDb {border-bottom: #000000 0.5pt solid}.tblGrp{padding:0; border-spacing:0; border-collapse:collapse; border:0;vertical-align:top;width:279px}.tblGrp td{vertical-align:top}.dayTBL {width:93px; padding:0; border-spacing:0; border-collapse:collapse; vertical-align:top; border:0}.dayTBL td{font-size:12px; font-family:돋움; color:#333333;line-height:18px;padding:0}.divSch1{float:left}.divSch2{float:left}.tdSch{border: #E6E6E6 0.1pt solid;height:75;padding:0}.tdSchToday {border: #000000 1pt solid;height:75;background-color:#fffff0;padding:0}.tdSchTomorrow {border-left:0}.tdSchYesterday {border-right:0}.tdDate{background-color:#c8e7ff;height:10;text-align:center}.ad {text-align:center; font-size:8pt; font-family:돋움;line-height:1.2}.lg {margin-bottom:20px;}.title{font-size:15px;color:#203c76;font-weight:bold;margin-bottom:20px;}a,img {border:0; outline:none; selector-dummy:expression(this.hideFocus=true);}body,td,select,input,div,form,textarea,center,option,pre,blockquote {font-size:9pt; line-height:1.6; font-family:돋움;}table{border:0px;}r {display:none;}    제목 : 셀루메드, 56억 규모 전환청구권 행사 ［메디컬투데이 임우진기자］ 셀루메드는 56억원 규모 무보증사모전환사채의 전환청구권을 행사한다고 5일 공시했다. 전환가액은 5850원, 상장 예정일은 오는 22일이다.  해당 기사는 메디컬투데이(www.mdtoday.co.kr)에서 제공한 것이며 저작권은 제공 매체에 있습니다. 기사 내용 관련 문의는 해당 언론사에 하시기 바랍니다.  ■[하이스탁론] 주식자금이 필요할 땐 ☎ 1599-6222 연 3% 업계 최저금리, 자기자본 포함 최대 4배, 연장수수료 無 주식 매도 없이미수, 신용 대환 / 마이너스통장식 / 기대출자도 가능 ☞ 14년 연속 스탁론 점유율 1위, 노주현이 추천하는 [하이스탁론 바로가기]  ▶【급등임박株】 “정책+실적+수급분석 완료” 주도주 '2선' 추천받기  ◆""숨은 진주발굴"" 당뇨치료제 상용화 임박! <재료주공개>   [이슈&섹터 스케줄]    2018-06-04 - 한국-필리핀 정상회담 예정 - 5G 주파수 경매 신청 마감 예정 -  한은, BOK 국제컨퍼런스 개최   2018-06-05 - 국무회의(최저임금법) - 랩온어칩 및 마이크로플루이딕스 컨퍼런스 개최(현지시간) - ""항체 엔지니어링 & 항체 치료 콘퍼런스 유럽 2018"" 개최 예정(현지시간)   2018-06-06 - 현충일 - 국내 증시 휴장 - 2018 국제회계 심포지엄 개최 예정      2018-06-07 - 美-日 정상회담 예정(현지시간) - 삼성바이오로직스, 분식 여부 판가름 예정 - 넥슨, MMORPG '카이저' 정식 출시   2018-06-08 - 6.13 지방선거 사전투표 예정 - G7 정상회의 개최 예정(현지시간) - 제5차 韓-美 에너지안보대화   2018-06-09 - 북-중-러 정상회담 예정 - 이탈치네마, 제10회 이탈리아 영화제 개최 예정 - 상하이협력기구(SCO) 정상회의 개최      Copyright ⓒ True&Live 증시뉴스 점유율1위, 인포스탁(www.infostock.co.kr) 인터넷신문(경기아51008)/무단전재 및 배포금지   본 뉴스(정보)는 해당종목의 매수/매도신호가 아니며, 이를 근거로행해진 거래에 대해 책임을 지지 않습니다."
185,4,"2018-06-07","07:10:35","성남시 ‘나라사랑 히어로’ 보훈 행사 펼쳐","[헤럴드경제(성남)=박정규 기자]성남시는 호국보훈의 달을 맞아 오는 10일 오후 5시~7시 야탑동 탄천종합운동장에서 경기동부보훈지청, 성남FC와 함께하는 ‘나라사랑 히어로’ 행사를 연다. 이날 행사는 성남FC와 부산FC의 축구 경기(오후 7시~9시)에 앞서 진행된다.   성남에 거주하는 6.25 전쟁 참전 용사 30명, 국가유공자 150명과 그 가족 120명 등 모두 300여명을 초대한다. 한신석 6.25 전쟁 참전유공자가 시축을 한다. 국가보훈처가 제작한 ‘6월은 호국보훈의 달’ 홍보 영상도 경기장 전광판을 통해 상영한다. 운동장 서문(W1) 입구 방향에는 나라사랑 관련 다양한 체험장을 마련한다.     [사진제공=성남시]  나라사랑 큰나무 배지 나눔, 태극기 타투, 참전 유공자와 함께 기념사진 찍기, 나라사랑 글쓰기, 텀블러 제공 행사에 참여할 수 있다. 보훈의뜻을 되새기면서 축구 경기도 관람할 수 있다.   fob140@heraldcorp.com   [프리미엄 링크] ◆ [평생무료] ""주식카톡방"" 대박주를추천받는데 100원도 안낸다~ ◆ 무료O, 회원가입X. 바로보는 증권전문가의 실시간 라이브방송.  10%수익을 40%로만들어 준다고?? 영웅스탁론이라면 가능~! [영웅스탁론]효과적인 레버리지를 이용하여 수익률을 4배로!!    이 종목 미리 알았더라면.. 화제의 급등주검색기 실전투자 300%비법 무료체험 3일신청시 [즉시공개!]    김태희, 로또 대박?! 20억 당첨금 공개..    테마주!외국인+기관 쌍끌이 매집중인 종목 전문가들도 탐내는 급등주 공식 무료배포! [클릭]    [오늘의 인기기사] ◆ [국대스탁론]업계 최저금리 2.29%! 100%한종목 투자가능+신용/ 미수 대환가능 ◆ [국민스탁론]저렴한 연2.7% 금리로 최대 4배 투자 가능 ◆ [마감임박] '급등주 문자메시지' 100% 무료로 받아보기! ◆ [상한가속출] ""깜짝놀랐다"" 카톡무료체험으로 3000만원 수익달성!  ◆[밴드스탁론] 연 2%대 금리, 신용 미수 대환 가능, 주식자금 전문 ☏ 1899-9044 ◆똑똑해진 소비자.. 한국도 이젠 소형차 시대 ◆2020년 한국 TV 2대중 1대 인터넷 연결된다"
185,5,"2018-06-07","07:10:24","CJ제일제당에 美식품업체 '쉬완스컴퍼니' 인수설 조회공시 요구","@media all and (max-width: 400px) {img{max-width:340;height:auto;}}.dayTBL a:link {font-family: 돋움;font-size: 11px;line-height: 18px;color:#666666;text-decoration: none}.dayTBL a:visited {font-family: 돋움;font-size: 11px;line-height: 18px;color: #666666;text-decoration: none}.dayTBL a:hover {font-family: 돋움;font-size: 11px;line-height: 18px;color: #840000;text-decoration: none}.dayTBL nobr {width:85px; text-overflow:ellipsis; overflow:hidden; cursor:pointer; float:left}.todayBDb {border-bottom: #000000 0.5pt solid}.tblGrp{padding:0; border-spacing:0; border-collapse:collapse; border:0;vertical-align:top;width:279px}.tblGrp td{vertical-align:top}.dayTBL {width:93px; padding:0; border-spacing:0; border-collapse:collapse; vertical-align:top; border:0}.dayTBL td{font-size:12px; font-family:돋움; color:#333333;line-height:18px;padding:0}.divSch1{float:left}.divSch2{float:left}.tdSch{border: #E6E6E6 0.1pt solid;height:75;padding:0}.tdSchToday {border: #000000 1pt solid;height:75;background-color:#fffff0;padding:0}.tdSchTomorrow {border-left:0}.tdSchYesterday {border-right:0}.tdDate{background-color:#c8e7ff;height:10;text-align:center}.ad {text-align:center; font-size:8pt; font-family:돋움;line-height:1.2}.lg {margin-bottom:20px;}.title{font-size:15px;color:#203c76;font-weight:bold;margin-bottom:20px;}a,img {border:0; outline:none; selector-dummy:expression(this.hideFocus=true);}body,td,select,input,div,form,textarea,center,option,pre,blockquote {font-size:9pt; line-height:1.6; font-family:돋움;}table{border:0px;}r {display:none;}    제목 : CJ제일제당에 美식품업체 '쉬완스컴퍼니' 인수설 조회공시 요구 ［메디컬투데이 김동주 기자］ 한국거래소는 CJ제일제당이 미국 식품업체 쉬완스컴퍼니(Schwan's Company)를 인수 추진설에 대해 조회공시를 요구했다고 5일 공시했다. 답변기한은 오는 7일 낮 12시까지다.  해당 기사는 메디컬투데이(www.mdtoday.co.kr)에서 제공한 것이며 저작권은 제공 매체에 있습니다. 기사 내용 관련 문의는 해당 언론사에 하시기 바랍니다.  ■[하이스탁론] 주식자금이 필요할 땐 ☎ 1599-6222 연 3% 업계 최저금리, 자기자본포함 최대 4배, 연장수수료 無 주식 매도 없이 미수, 신용 대환 / 마이너스통장식 / 기대출자도 가능 ☞ 14년 연속 스탁론 점유율 1위, 노주현이 추천하는 [하이스탁론 바로가기]  ▶【급등임박株】 “정책+실적+수급분석 완료” 주도주 '2선' 추천받기  ◆""숨은 진주발굴"" 당뇨치료제 상용화 임박! <재료주공개>   [이슈&섹터 스케줄]    2018-06-04 - 한국-필리핀 정상회담 예정 - 5G 주파수 경매 신청 마감 예정 -  한은, BOK 국제컨퍼런스 개최   2018-06-05 - 국무회의(최저임금법) - 랩온어칩 및 마이크로플루이딕스 컨퍼런스 개최(현지시간) - ""항체 엔지니어링 & 항체 치료 콘퍼런스 유럽 2018"" 개최 예정(현지시간)   2018-06-06 - 현충일 - 국내 증시 휴장 - 2018 국제회계 심포지엄 개최 예정      2018-06-07 - 美-日 정상회담 예정(현지시간) - 삼성바이오로직스, 분식 여부 판가름 예정 - 넥슨, MMORPG '카이저' 정식 출시   2018-06-08 - 6.13 지방선거 사전투표 예정 - G7 정상회의 개최 예정(현지시간) - 제5차 韓-美 에너지안보대화   2018-06-09 - 북-중-러 정상회담 예정 - 이탈치네마, 제10회 이탈리아 영화제 개최 예정 - 상하이협력기구(SCO) 정상회의 개최      Copyright ⓒ True&Live 증시뉴스 점유율1위, 인포스탁(www.infostock.co.kr) 인터넷신문(경기아51008)/무단전재 및 배포금지   본 뉴스(정보)는 해당종목의 매수/매도신호가 아니며, 이를 근거로행해진 거래에 대해 책임을 지지 않습니다."
185,6,"2018-06-07","07:10:01","'한국을 느껴봐요' 다문화가족 문화체험 행사 잇따라 개설","'한국을 느껴봐요' 다문화가족 문화체험 행사 잇따라 개설    (서울=연합뉴스) 오수진 기자 = 전국 다문화가족지원센터에서 6월 한 달간 다문화 가정을 대상으로 하는 다채로운 한국 문화 체험 행사가 열린다.  7일 다문화가족지원포털 다누리에 따르면 부천시 다문화가족지원센터(☎070-4457-6108)는 다문화 가족 한국문화체험 프로그램의 하나로 17일 롯데월드 민속박물관 방문 프로그램을 마련하고 9일까지 신청을 받는다.  인권감수성 교육 및 부부교육 수료자 가운데 우선 접수하며 참가자에게는 롯데월드 자유이용권을 제공한다.  부산 동래구 다문화가족지원센터(☎051-506-5766)는 결혼이주여성과 다문화 가정 자녀 30명을 대상으로 16일 충렬사 안락서원 교육회관에서 한국문화체험 프로그램을 진행한다.  참가자들은 전통예절 배우기, 투호놀이, 떡메치기 활동에 참여할 수 있다. 접수는 전화로만 가능하다.   경기도 김포시 다문화가족지원센터(☎031-996-5923)는 12일 국립현대미술관 과천관과 서울대공원 동물원을 방문하는 문화체험 행사를 연다. 이번 행사는 결혼이민자 한국어교육생 30명을 대상으로 한다.  울산 동구 다문화가족지원센터(☎052-232-3357)는 결혼 이주 여성의 안정적인 한국 적응을 위해 다문화 가족 및 결혼 이민자를 대상으로 8일과 15일, 22일에 '다함께 다가치(多價値) 어우러지는 행복' 프로그램을 운영한다.  모집 인원은 15명 내외며 참가자들은 다문화가족지원센터 내 강의실과 큰마을저수지 숲체험장 일대에서 힐링 숲 체험과 다도체험에 참여할 수 있다.  sujin5@yna.co.kr   (끝)    <긴급속보 SMS 신청> <포토 매거진> < M-SPORTS >   <저작권자(c) 연합뉴스, 무단 전재-재배포 금지>"
185,7,"2018-06-07","07:10:00","'정치의 계절'에 휘둘리는 한국GM 군산·부평 공장","[머니투데이 황시영 기자] [강임준 군산시장 후보, 전기차 공장 전환 내걸어…부평서는 ""내가 살렸다"", ""내가 GM차 탄다"" 공방]   지난달 말 공식 폐쇄된 한국GM 군산공장을 두고 정치권에서 각종 '회생' 시나리오가 쏟아지고 있다. 6.13 지방선거(제7회 전국동시지방선거및 국회의원 재보궐선거)를 앞두고 전북 군산 지역의 표심을 잡기 위해서다.   반면 살아남은 한국GM 인천 부평공장에 대해서는 인천시장 후보자들 간 ""누가 한국GM을 살렸는가"", ""누가 진짜 GM 차를 타느냐"" 등 정치적 공방이 벌어지고 있다.   강임준 군산시장 후보(더불어민주당)는 '전기차 공장으로 부활'을 1번 공약으로 내걸었다. 전북도, 군산시, 전북도 국회의원 등 지자체·정치권·시민사회단체와 '범도민대책기구' 구성해 올 하반기부터 정부에 미래형 전기차 공장으로 전환 추진을 강력 건의하겠다는 것이다.   민주평화당 전북도당은 ""군산상공회의소와 지역 기업인을 중심으로 특수목적법인(SPC)을 설립하고, 전북도민들이 '회사 주식 한 주 갖기 운동'을 벌여 자율주행차와 전기차 회사를 설립하자""는 계획을 제시하기도 했다.     군산을 지역구로 두고 있는 김관영 국회의원(바른미래당 전북도당 선거대책위원장)은 지난달 28일 국회 본회의에서 군산공장 해법 마련을 촉구하는 5분 발언을 했다. 앞서 그는 군산공장 폐쇄에 따른 대안 마련을 촉구하며 청와대 앞에서 1인 시위를 벌이기도 했다.   특정 후보가 공약으로 내걸지는 않았지만, 최근 OEM(주문자상표부착생산) 방식도 지역사회에서 회자되고 있다. 공장 매각이나 임대의 경우 신차 생산까지 최소 5년이 걸리지만, OEM은 기존에 있는 모델을 주문 제작하는 방식이기 때문에 생산시간을 단축할 수 있기 때문이다. 하지만미국 GM 본사의 협조를 받아 MOU를 체결하는 등 절차가 뒤따라야 한다.   이와 관련 한국GM 관계자는 ""지금 군산시장에 출마하는 사람은 '군산공장에 대한 해법을 갖고 있다'는 점을 이야기 안할 수 없는 상황이니 온갖 시나리오가 다 나오고 있다""며 ""한국GM이 별도의 군산공장 처리방안을 마련한 것은 아니다""고 말했다.   군산공장 부지 공시지가는 지난해 말 기준 1242억8400만원이며 업계에서는 이를 매각하면 한국GM이 2000억원 정도를 회수할 수 있을 것으로보고 있다. 배리 엥글 GM 해외사업부문 사장은 지난 4월 ""인수를 원하는 사람이 있으면 적극 추진하겠다""고 밝혔다. 하지만 아직 인수 희망자가 나타나지는 않았다.   인천시장 선거 후보들은 '한국GM 차량 이용 여부'와 '경영정상화 기여도'를 놓고 설전을 벌이고 있다.   문병호 바른미래당 후보는 지난 3일 '현대·기아차 타는 1번·2번 후보와 한국GM 캡티바 타는 3번 후보 중 누가 인천시장에 적합한가'라는 논평을 내고, 박남춘 더불어민주당 후보와 유정복 자유한국당 후보를 겨냥한 공세를 펼쳤다. 문 후보는 또 오랜 기간 한국GM 홍보대사로 활동하고 또 GM 차량을 이용해 왔다고 강조했다.   이에 대해 유 후보 측은 ""공식 선거운동 기간 내내 한국GM 캡티바를 타고 있다""며 ""(시장 재임 중인) 4월에는 협력업체 경영안정자금으로 500억원을 긴급 지원하는 등 실질적인 대안도 마련했다""고 반박했다. 이어 이달 2일 인천언론인클럽 주최 토론회 때 문 후보가 기아차 카니발을타고 온 사진까지 공개하며 ""선거 중 한국GM 차량을 이용하는 인천시장 후보는 유 후보가 유일하다""고 강조했다.   각 후보가 중앙선거관리위원회에 제출한 재산내역에 따르면, 실제 한국GM 차를 '소유한' 인천시장 후보는 문병호 후보(캡티바)와 김응호 후보(트랙스)다. 선거운동 기간에 한국GM 차를 '타는' 인천시장 후보는 유정복 후보다.   인천 경제에서 한국GM이 차지하는 비중은 막대하다. 한국GM의 국내 최대 공장이자 본사가 부평에 있고, 협력업체 인력까지 합치면 5만2000여명으로 인천 제조업 취업자의 14.8%를 차지한다. 이 때문에 인천시장 출마 후보들은 서로 ""내가 한국GM을 살렸다""거나 ""경영정상화를 적극 지원하겠다""며 표심을 공략하고 있다.         주식담보대출도 이제 부담없는 금리로 가능(안내: 02-3775-1497)   ▶▶ 2018년! 하반기를 뜨겁게 달굴 ""급등 유력株"" TOP.10 긴급공개 (클릭)   ▶▶ 단독! 정책+수급+실적 3박자를 두루 갖춘 TOP 시크릿 급등 유망주 지금 공개 (클릭)     [파워 인터뷰]      [관련기사] ☞ '김정은 전용기 추락'…고사 지내는 日 우익들 ☞ [사진]김문수 후보 유세차, 중앙선 넘어 역주행 ☞ [MT리포트]분양시장에 몰린 돈… '로또청약' 의 실상 ☞ [영상]김문수 유세차량 역주행논란...취재진 요청 때문 아냐 ☞ 25년전 ""마누라 빼고 다 바꿔라"" 외쳤던 삼성, 올해는…      주식매입자금? 전화 한통화면 당신은 스마트컨슈머!    최저금리로 신용·미수 대환 하는 가장 경제적인 방법 (바로 확인)   ‘개미’말고 ‘슈퍼 투자자’되고 싶다면?...‘이것’만 잘 이용해도 가능해요!       황시영 기자 apple1@mt.co.kr    <저작권자 ⓒ '돈이 보이는 리얼타임 뉴스' 머니투데이, 무단전재 및 재배포 금지>"
186,1,"2018-06-07","06:58:25","[쌩쌩매경 4탄] `서울 송파을` 박종진 후보","#쌩쌩매경 4탄! 재보궐선거가 열리는 서울 송파을 지역구의 박종진 바른미래당 후보를 새내역광장에서 생방송 인터뷰로 만나봤습니다.    [취재 김수형, 촬영 이정욱]      ☞ 조용히 사서 묻어놔라! 6月 정말 큰돈 된다! ☞ 세계최초 항암제 개발! 신라젠 놓쳤다면, 이 종목 잡아라!! ☞ 세계 최초 신약! 1,500% 신라젠 능가할 단돈 4천원대 Bio 황제주!!! ☞ 6月 반드시 주목해야될 Best 바이오 종목!!      [ⓒ 매일경제 & mk.co.kr, 무단전재 및 재배포 금지]"
186,2,"2018-06-07","06:55:36","산업부ㆍ고려대ㆍ한전KDN, 정보보안 전문가 양성협약","2022년 8월까지 석사학위 총 70여명 육성  ［헤럴드경제=배문숙 기자］산업통상자원부가 해킹 등 사이버 위협에대응하기 위한 에너지ㆍ산업ㆍ무역 분야의 정보보호 인력 양성을 추진한다.  산업부는 7일 서울 여의도 메리어트호텔에서 고려대, 한전KDN과 ‘산업부 산하기관 정보보안 전문가 양성 교육과정 운영협약’을 체결했다고 밝혔다.    박진규(가운데) 산업통상자원부 기획조정실장이 7일 서울 여의도 메리어트호텔에서 고려대, 한전KDN과 ‘산업부 산하기관 정보보안 전문가 양성 교육과정 운영협약’을 체결한 후 기념촬영하고 있다. ［사진=산업통상자원부］  산업부와 고려대는 2010년부터 같은 교육과정을 운영해 왔으며, 이번 협약은 2018년 8월부터 2022년 8월까지의 교육과정에 대한 신규 운영협약이다. 산업부는 고려대 정보보호대학원의 2년제 석사학위 과정을 통해 총 70여명의 사이버보안 전문가를 육성할 계획이다. 전력제어시스템, 디지털포렌식 등 현장에서요구하는 전문기술과 블록체인 등 4차 산업혁명 관련 신규 교육과목을 확대했다. 또 공공기관이 전국에 있는 점을 고려해 온라인 강의도 확대할 계획이다.  박진규 산업부 기획조정실장은 “전력, 가스 등 에너지의 안정적 공급과 4차 산업혁명의 기반을 공고히 하기위해서는 사이버보안 강화가 매우 중요한 과제”이라며 “이번 교육과정을 통해 사이버보안 전문가가 확충되고 에너지ㆍ산업분야의 각 현장에서 사이버보안 대응능력이 더욱 제고될 것으로 기대한다”고 말했다.  한편, 산업부는 산하기관의 사이버능력 제고를 위해 대학원 과정 외에 분석대응, 관제센터 전문인력 등 16개의 단기 프로그램을 통해 올해 총 700여명을 교육할 예정이다.  oskymoon@heraldcorp.com   [프리미엄 링크] ◆ [평생무료] ""주식카톡방"" 대박주를 추천받는데100원도 안낸다~ ◆ 무료O, 회원가입X. 바로보는 증권전문가의 실시간 라이브방송.  10%수익을 40%로 만들어 준다고?? 영웅스탁론이라면 가능~! [영웅스탁론]효과적인 레버리지를 이용하여 수익률을 4배로!!    이 종목 미리 알았더라면.. 화제의 급등주검색기 실전투자 300%비법 무료체험 3일신청시 [즉시공개!]    김태희, 로또 대박?! 20억 당첨금 공개..    테마주!외국인+기관 쌍끌이 매집중인 종목 전문가들도 탐내는 급등주 공식 무료배포! [클릭]    [오늘의 인기기사] ◆ [국대스탁론]업계 최저금리 2.29%! 100%한종목 투자가능+신용/ 미수 대환가능 ◆ [국민스탁론]저렴한 연2.7% 금리로 최대 4배 투자 가능 ◆ [마감임박] '급등주 문자메시지' 100% 무료로 받아보기! ◆ [상한가속출] ""깜짝놀랐다"" 카톡무료체험으로 3000만원 수익달성!  ◆[밴드스탁론] 연 2%대 금리, 신용 미수 대환 가능, 주식자금 전문 ☏ 1899-9044 ◆똑똑해진 소비자..한국도 이젠소형차 시대 ◆2020년 한국 TV 2대중 1대 인터넷 연결된다"
186,3,"2018-06-07","06:55:22","[팀장칼럼] 트럼프·김정은 회담과 최고 시청률","6월 12일 도널드 트럼프 미국 대통령과 김정은 북한 국무위원장의 싱가포르 정상회담은 싱가포르 시각으로 오전 9시에 열린다. 워싱턴 DC와뉴욕이 있는 미 동부 시각으로는 11일 오후 9시, 캘리포니아주가 있는 미 서부 시각으로는 오후 6시다. 미국 방송국들은 이 시간대를 시청률이 가장 잘 나오는 ‘프라임 타임(황금 시간대)’으로 꼽는다.  이번 미·북 정상 간 만남은 미국 현직 대통령과 북한 최고 지도자의 첫 정상회담이다. 회담 시간이 이렇게 정해진 것은 트럼프 대통령 입장에서 철저한 계산에 따른 것이다. 그는 사업가 시절 TV 리얼리티 쇼를 할 때부터 시청률에 집착했다. 그는 지난달 한국계 미국인 3명이 북한에서 석방돼 미국에 돌아갈 때 한밤중에 공군기지 활주로에서 이들을 직접 맞았다. 마중 전엔 방송 예고편을 내보내 듯 “굉장한 장면이 펼쳐질 것”이라고 했고 생중계를 위해 활주로에 모인 수백 명의 취재진에겐 “새벽 3시 시청률로는 역대 최고일 것”이라고 했다.  트럼프 스타일로 해석하면 김정은과 그가 만나는 모습은 최고의 시청률을 올릴 수 있는 TV 쇼나 마찬가지다. 미국 국민에게 ‘과거 미국 대통령 그 누구도 해내지 못한 일을 내가 해냈다’라는 강력한 인상을 줄 수 있다. 정치 지지율을 높여 11월 미국 중간선거를 유리하게 끌어갈 수도 있다.  회담날이 가까워질수록 북한 비핵화라는 미·북 정상회담의 목적이자 목표가 약해진 듯하다는 관측이 나온다. 트럼프 대통령이 지난달 24일미·북 정상회담을 취소하고 최근 다시 하겠다고 밝힌 후 내놓은 발언들은 과연 이번 회담에서 북핵 폐기란 결과물이 나올 수 있을지 고개를갸웃하게 한다.  트럼프 대통령은 지난 1일 백악관에서 김정은 친서를 들고 온 김영철 북한 노동당 부위원장을 만난 후 비핵화와 관련해 “시간을 갖고 천천히 하라’고 했다고 밝혔다. ‘짧은 시간 내 북핵을 완전 폐기시키겠다’고 공언한 기존 입장을 완전히 뒤집는 말이다. 그러면서 그는 “나는최대 압박이란 용어를 더는 사용하고 싶지 않다”고도 했다. 트럼프 대통령은 얼마전까지만 해도 자신의 대북 최대 압박 정책이 김정은을 대화 테이블로 불러냈다고 했다. 그런데 이제는 북한과 잘 지내고 있기 때문에 최대 압박이란 말 자체를 쓰지 않겠다는 것이다.  트럼프 대통령은 북한에 새 제재를 부과할 계획도 이미 접었다고 밝혔다. 현 제재는 유지된다고 해도 비핵화 일괄 타결 원칙이 후퇴한 상황에서 대북 제재망이 약화될 수 있다는 우려가 나온다. 미국 민주당 상원 지도부는 최근 대통령에게 북한 핵·미사일 프로그램 폐기·검증 전에대북 제재를 해제하면 안 된다는 내용의 편지를 보내기도 했다.  일각에선 트럼프 대통령이 김정은을 회담장으로 확실히 불러내기 위해 전략적으로 일부러 비위를 맞춰주는 행동을 하고 있다고도 본다. 그렇더라도 어디까지가 그의 ‘협상의 기술’인지 모르는 상황에서 이번 회담이 어떻게 흘러갈지 우려가 만만찮다. 한국은 북핵 문제의 당사자지만 미·북 핵협상의 당사자는 아니다. 트럼프 대통령이 쇼는 하지 않기를 바랄 수밖에 없다.      김남희 국제부 팀장 knh@chosunbiz.comCopyrights ⓒ ChosunBiz.com"
186,4,"2018-06-07","06:54:42","`독전` 이주영 ""쌍권총 장면 진짜 총 들고 찍었어요""","영화 '독전'에서 쌍권총 든 농아 동생을 기억하시나요?   류준열과 교감하며 무시무시하게 해맑은 웃음을 짓던 짧은 머리 키 큰 소녀였죠.   10년 동안의 모델 생활을 청산하고 연기자로 전업한 배우 이주영을 영상 인터뷰로 만나볼까요?    [취재: 양유창, 제작: 이채리]      ☞ 조용히 사서 묻어놔라! 6月 정말 큰돈 된다! ☞ 세계최초 항암제 개발! 신라젠 놓쳤다면, 이 종목 잡아라!! ☞ 세계 최초 신약! 1,500% 신라젠 능가할 단돈 4천원대 Bio 황제주!!! ☞ 6月 반드시 주목해야될 Best 바이오 종목!!      [ⓒ 매일경제 & mk.co.kr, 무단전재 및 재배포 금지]"
186,5,"2018-06-07","06:54:36","건강보험분쟁조정위원회 위원장에 이종윤 전 복지부차관 임명","[헤럴드경제=김대우 기자]보건복지부는 신임 건강보험분쟁조정위원회 위원장에 이종윤 전 복지부차관(71)이 임명됐다고 7일 밝혔다.     이종윤 건강보험분쟁조정위원장 [사진=헤럴드DB] 건강보험분쟁조정위원회 위원장은 대통령이 임명하는 비상근 직이다. 건보분쟁조정위원회는 위원장과 당연직위원인 사무국장, 각계의 추천을 받은 전ㆍ현직 공무원, 법조인, 의료인 및 사회보험 전문가 출신 위원 등 총 60명(임기 3년)으로 구성돼 있다.  이종윤 전 차관은 이날부터 3년 임기의 건강보험분쟁조정위원회 위원장직을 수행한다.   신임 이 위원장은 27년간 보건복지부에서 근무한 정통 관료출신으로, 의료보험국장, 사회복지정책실장 등을 역임했고, 국민건강보험과 관련해 풍부한 행정 경험을 인정받은 것으로 알려졌다.  dewkim@heraldcorp.com   [프리미엄 링크] ◆ [평생무료] ""주식카톡방"" 대박주를 추천받는데 100원도 안낸다~ ◆ 무료O, 회원가입X. 바로보는 증권전문가의 실시간 라이브방송.  10%수익을 40%로 만들어 준다고?? 영웅스탁론이라면 가능~! [영웅스탁론]효과적인 레버리지를 이용하여 수익률을 4배로!!    이 종목 미리 알았더라면.. 화제의 급등주검색기 실전투자 300%비법 무료체험 3일신청시 [즉시공개!]    김태희, 로또 대박?! 20억 당첨금 공개..    테마주!외국인+기관 쌍끌이 매집중인 종목 전문가들도 탐내는 급등주 공식 무료배포! [클릭]    [오늘의 인기기사] ◆ [국대스탁론]업계 최저금리 2.29%! 100%한종목 투자가능+신용/ 미수 대환가능 ◆ [국민스탁론]저렴한 연2.7% 금리로 최대 4배 투자 가능 ◆ [마감임박] '급등주 문자메시지' 100% 무료로 받아보기! ◆ [상한가속출] ""깜짝놀랐다"" 카톡무료체험으로 3000만원 수익달성!  ◆[밴드스탁론] 연 2%대 금리, 신용 미수 대환 가능, 주식자금 전문 ☏ 1899-9044 ◆똑똑해진 소비자..한국도 이젠 소형차 시대 ◆2020년 한국 TV 2대중 1대 인터넷 연결된다"
186,6,"2018-06-07","06:54:20","홈플러스, 가성비甲 '빈야드' 와인 대용량 출시","칠레 최대 와인사 콘차이토로와 용량 2배(1.5L)로 키우고, 가격은 더 낮춰  홈플러스 4년 연속 판매 1위 인기에 대용량 첫 선, 연중 병당 9900원 판매     [아시아경제 심나영 기자] 홈플러스 ‘빈야드’ 와인 시리즈를 대용량으로도 즐길 수 있게 됐다.    홈플러스는 칠레 최대 와인사 콘차이토로와 함께 용량은 기존 2배로 키우고 가격은 낮춘 ‘빈야드’ 대용량 와인 3종을 7일 출시했다. 이 와인은 콘차이토로가 홈플러스에만 선보이는 1.5L 와인으로, 까베르네 쇼비뇽(레드), 멜롯(레드), 쇼비뇽 블랑(화이트) 등 3종이며, 병당 9900원이다. 기존 ‘빈야드’(750ml·5900원) 2병 값보다 16% 저렴한 수준이다. ‘빈야드’ 대용량 출시는 이번이 처음이다.   대용량 출시 배경엔 ‘빈야드’의 인기가 있다. ‘빈야드’는 누구나 와인을 손쉽게 즐길 수 있도록 돕고자 홈플러스와 세계 유명 와인사들이 함께 선보이는 데일리 와인 시리즈다. 2014년부터 호주, 칠레, 이탈리아, 아르헨티나, 독일 등 유명 산지 와인을 소개했다.   병당 5900원이라는 파격적인 가격과 세계적인 와인사가 보장하는 품질 덕분에 ‘가성비 甲 와인’으로 입소문을 타며 홈플러스에서 4년 연속(2015~2018년) 판매량 1위를 지켰다. 지난해에는 매일 약 1100병꼴로, 연간 40만 병 이상이 팔려 나갔다.   이에 홈플러스와 콘차이토로는 고객에 대한 감사와 서비스의 의미로 최근 저변이 커지고 있는 대용량 와인을 ‘빈야드’로 내놓기로 했다. 홈플러스에 따르면 대용량 와인 매출은 2017년엔 전년 동기 대비 20% 이상 늘었고, 올해(1~5월)는 60% 이상 신장했다.   특히 대용량 와인 소비자들의 선택의 폭을 넓힌다는 의미도 있다. 기존 대용량 와인 구색은 90%가량 스위트와인에 쏠려 있었지만, 홈플러스는 이번에 품종별로 드라이와인 계열의 화이트 1종과 레드 2종으로 구성했다.    ●남북경협株 선취매 all 포착.. 실적 기반 차기 주도주 '바로' 이종목! (클릭) ●'부자네스탁론' 3년 고정금리 4.15% 100% 집중투자까지 ●'대박스탁론' 3년 고정금리 3.99% 100% 집중투자까지 ●500만원투자 단 6개월만에 3억달성! 원포인트 투자종목 공개   퇴직 후 백만원으로 ""35억""번 60대男 화제! 60대 김모씨가 퇴직 후 하게 된""이것""이 35억의 대박을...    터지기 전, 잡아라!! 상반기300%이상 상승이 기대되는 대박 테마주는? 이슈 전 선취매 주식고수들만 안다는 슈퍼 우량 테마주 남들보다 먼저 받아보기    심나영 기자 sny@asiae.co.kr   <ⓒ세계를 보는 창 경제를 보는 눈, 아시아경제(www.asiae.co.kr) 무단전재 배포금지>"
186,7,"2018-06-07","06:53:50","나경원 “文정부, 盧 데자뷰…북핵문제 미국에 넘겨버려”","[헤럴드경제=이슈섹션] 나경원 자유한국당 의원은 6일 북미정상회담과 관련해 “과거 노무현 대통령은 ‘남북 대화 하나만 성공시키면 나머지는 깽판쳐도 괜찮다’고 했다”며 “작금의 문재인 정부 행태는 16년 전 데자뷰를 보는 듯하다”고 밝혔다. 　 나 의원은 이날 자신의 페이스북을 통해 “미국 대통령에게 대한민국과 민족의 운명이 맡겨졌다. 우리 안보에 가장 위협적인 북핵문제를 미국의 손에 넘겨버렸다”며 이같이 밝혔다. 　   [사진=연합뉴스]  그는 “미국 대통령에 우리 대한민국과 민족의 운명이 오롯이 맡겨져 있으니, 이 얼마나 가련한 신세인가”라며 “트럼프 대통령이 행여 미국 국익에만 부합하는 정도의 핵 폐기로 만족한다면 우리는 무방비 상태로 핵 가진 평화의 길로 들어서게 될 것”이라고 지적했다. 　 이어 “더욱이 이는 종전의 ‘북핵 개발은 미국을 겨냥한 것’이라는 북한의 전략 전술을 그대로 따르는것”이라며 “결국 ‘북핵은 우리 것’이라던 진보 진영의 주장과도 일맥상통하는 것이다. 통탄할 일”이라고 적었다.  나 의원은 “문재인 정부와 김정은 정권은 종전선언이 주는 매력과 마력을 너무나 잘 알고 있다”며 “국제사회의 대북제재는 무력화되고 대한민국에서는 주한미군 철수 및 한미연합군사훈련의 축소가 당연한 수순으로 이어질 것”이라고 전망했다.  나 의원은 또 “당장 2100조원에 이를 것으로 예상되는 북한의 핵포기 청구서 비용을 어떻게 충당할 것인지에 대해서는 일언반구 언급도 없다”며 “미국이 이미 ‘북한 경제지원에 돈 안쓰겠다’고 공언한 상황에서 결국 우리 국민 혈세로 감당하게 될 것이 자명하다”고 지적했다. 　 onlinenews@heraldcorp.com   [프리미엄 링크] ◆ [평생무료] ""주식카톡방"" 대박주를 추천받는데 100원도 안낸다~ ◆ 무료O, 회원가입X. 바로보는 증권전문가의 실시간 라이브방송.  10%수익을 40%로 만들어 준다고?? 영웅스탁론이라면 가능~! [영웅스탁론]효과적인 레버리지를 이용하여 수익률을 4배로!!    이 종목 미리 알았더라면.. 화제의 급등주검색기 실전투자 300%비법 무료체험 3일신청시 [즉시공개!]    김태희, 로또 대박?! 20억 당첨금 공개..    테마주!외국인+기관 쌍끌이 매집중인 종목 전문가들도 탐내는 급등주 공식 무료배포! [클릭]    [오늘의 인기기사] ◆ [국대스탁론]업계 최저금리 2.29%! 100%한종목 투자가능+신용/ 미수 대환가능 ◆ [국민스탁론]저렴한 연2.7% 금리로 최대 4배 투자 가능 ◆ [마감임박] '급등주 문자메시지' 100% 무료로 받아보기! ◆ [상한가속출] ""깜짝놀랐다"" 카톡무료체험으로 3000만원 수익달성!  ◆[밴드스탁론] 연 2%대 금리, 신용 미수 대환 가능, 주식자금 전문 ☏ 1899-9044 ◆똑똑해진 소비자..한국도 이젠 소형차 시대 ◆2020년 한국 TV 2대중 1대 인터넷 연결된다"
187,1,"2018-06-07","06:30:00","'노치폰' 증가에 삼성디스플레이도 '방긋'..3Q 영업익 1조 기대","[서울=뉴스핌] 양태훈 기자 = 삼성디스플레이가 올해 '노치' 디자인을 적용한 스마트폰의 수요 확대의 최대 수혜를 입고 있다. 프리미엄 스마트폰을 중심으로 채용이 늘고 있는 노치형 유기발광다이오드(OLED) 디스플레이를 대량으로 양산할 수 있는 기업은 사실상 삼성디스플레이가 유일하기 때문이다.  이에 올 1분기 4100억원을 기록한 삼성디스플레이의 영업이익은 3분기부터 1조원 이상으로 늘어날 것으로 예상된다.   5일 시장조사업체 카운터포인트리서치에 따르면 올해 전 세계 스마트폰 시장에서 노치(화면 상단이 M자형 모양) 디자인을 적용한 스마트폰의 판매량은 3억대를 기록, 전체 스마트폰 판매량의 19%를 차지할 전망이다.  이미 올 상반기 화웨이, 오포, 비보, 샤오미 등 중국의 주요 스마트폰 업체들이 노치 디자인을 적용한 프리미엄 폰을 출시했다. 여기에 애플도 하반기 노치 디자인을 적용한 차세대 아이폰의 출시를 준비하고 있어 삼성디스플레이의 OLED 공장가동률은 1분기 50% 에서 2분기 55%로 높아진 상태다.  카운터포인리서치 관계자는 ""지난해 출시한 애플의 아이폰X 이후, 아수스의 젠폰5에 이어 오포의 F7, 비보의 V9, 화웨이의 P20과 P20 프로 등 주요 스마트폰 업체들이 줄지어 프리미엄 모델에 노치 디자인을 도입하고 있다""며 ""애플이 다음 모델에도 노치를 적용, LG전자와 구글도 노치 제품을 출시하면서 노치 디자인을 적용한 제품은 당분간 지속적으로 출시될 것으로 보인다""고 전했다.   삼성디스플레이의 노치 OLED 디스플레이를 탑재한 애플의 '아이폰X(텐)'. [사진=뉴스핌]  증권업계에서는 삼성디스플레이가 3분기부터 전년동기 실적을 상회하는 실적을 기록, 4분기까지 실적반등을 이어갈 것으로 보고 있다. 노치 OLED 디스플레이의 제조비가 동일한 크기의 일반 OLED 디스플레이보다 약 25% 가량 단가가 높아 수익을 더 많이 낼 수 있는 덕분이다.  이미 삼성디스플레이는 2분기부터 차세대 아이폰에 적용될 OLED 디스플레이의 생산을 시작, OLED 공장가동율은 2분기 55%에서 3분기 78%까지 치솟을 것으로 전망된다.  권성률 DB증권 연구원은 ""이미 시장에서는 대부분 삼성디스플레이가 3분기부터 1조원 이상의 영업이익을 달성, 전년 동기보다 좋은 실적이 기록할 것으로 보고 있다""며 ""애플향 물량공급 확대 및 중국 스마트폰 업체향 OLED 공급으로 인해 드라마틱한 실적 기록을 이어갈 것으로보인다""고 말했다.  ▶ 마누라 몰래 세컨드 통장만들기  ▶ 옆집 누나 매일 차 바꿔타는 이유?  또 ""삼성디스플레이는 올해도애플의 단일공급업체(OLED 공급)로 독점적 위치를 점하게 될 것""이라며 ""올해 삼성디스플레이는 OLED 공장의 가동률을 높이는데 더욱 집중할것으로 예상된다""고 덧붙였다.  한국투자증권 보고서에 따르면 3분기는 전년동기 대비 32% 가량 증가한 1조2820억원의 영업이익을, 4분기는 전년동기 22% 증가한 1조7119억원의 영업이익을 예상하고 있다.  삼성디스플레이 관계자는 ""올해 노치 디자인을 적용한 스마트폰에 들어가는 OLED 디스플레이는 거의 다 우리 회사 제품으로 보면 된다""고 말했다.  한편, 삼성디스플레이는 지난해 전 세계 OLED 시장에서 193억5000만달러(20조7161억원)의 매출을 기록해 1위(97.6%)를 기록했다. 나아가 화면을 자유롭게 구부릴 수 있는 플렉서블 OLED 디스플레이 시장에서는 지난해 114억488만달러(한화 12조2113억원)의 매출로 전체 시장의 98.2%를 차지했다.     flame@newspim.com 韓·中 OLED 승패 쥔 '잉크젯프린팅', 누가 먼저? '스마트폰 OLED'↑…삼성D 독주 속 경쟁 점화 LG디스플레이, 중국 추격에 OLED 전환투자 속도 애플, 내년 아이폰 3종 OLED채택…재팬디스플레이 10%↓·LG디스플레이 5%↑      ▶ 500만원으로 3억만들기 50번째 주인공 탄생! [확인]  퇴직금 100만원으로 ""이것""해 35억 번 중년男 김모씨 화제!  / 최저금리 맞춤서비스 진행중 / 10분이면 4배자금가능 / 24시간 친절상담센터 1522-3233 / 씽크풀  ★세력 입성 전, 집중공략! 20인의 전문가가 만장일치한 급등 유력株 ""오늘""만 전격공개!"
187,2,"2018-06-07","06:30:00","[위기의 J노믹스] ""오너일가 교체""무성한 소문에 미래투자는 후진","[서울=뉴스핌] 한기진 김지나 기자 = 지난해 상반기 증권가에는 수상한 소문이돌았다. “미국계 헤지펀드 엘리엇매니지먼트가 현대차그룹 계열사 지분을 매입하고 있다.”  증권가에서는 “새 정부가 현대차그룹의지배구조 개편을 압박하자 엘리엇이 투자기회의 낌새를 채고 물밑작업에 나선 것”이라는 전망이 나왔다. ‘재벌개혁’을 위해 시민단체 출신의 김상조 한성대 교수가 공정거래위원장에 임명되면서 이같은 소문은 급속히 퍼져나갔다.  당시 김상조 위원장은 “4대그룹 중 현대차를 제외하고는 순환출자가 어느 정도 개선되고 있다”면서 “지배구조 개편은 공깃돌을 옮기는 수준의 작업이 아니다""라며 지배구조 개편안을 내놓도록 공개적으로 압박을 가했다.   정부의 재벌개혁등 반기업정서로 인해, 산업계가 큰 위기에 빠졌다. [사진=뉴스핌]  ◆ 수상한 소문 1 : “엘리엇이 J노믹스 약점 알아챘다”  지난 4월3일 소문속의 엘리엇은 마침내 그 모습을 드러냈다. 현대차그룹이 현대모비스와 현대글로비스의 분할합병을 통한 지배구조 개편안을 내놓은 지 일주일 만에, 엘리엇은 “현대모비스 지분 1%를 갖고 있다”면서 ‘신속한 현대 지배구조 제안(The Accelerate Hyundai Proposals)’ 레터를 투자자에게 보내 “글로비스와 모비스의 모듈과 AS 부문 분할합병을 반대한다”고 했다.  현대차그룹이 내놓은지배구조 방안은 사실 미래자동차 개발보다는 공정위가 원한 그림이었다. 실제로 공정위도 ‘만족한다’고 평가했다. 그러나 엘리엇은 글로벌 의결권 자문사 1, 2위인 ISS와 글라스 루이스까지 동원해 분할합병을 무산시켰다. 현대차그룹은 미래사업체제로 전환이 중단됐고 경영 불확실성은 커졌다.   IB업계 관계자는 “정부가 재벌개혁 명분의 압박카드로 현대차그룹을 정조준하고 지배구조 개편 시한까지 못 박은 것은, 기업이 경영권 방어에 큰 돈을 쓸 수 밖에 없다는 약점을 대놓고 홍보한 것”이라고 지적했다.  그는 특히 “단기 헤지 펀드에 최고 먹잇감은 지배구조와 같은 약점이 노출되고 특히 시간이 촉박한 기업”이라며 “엘리엇은 2016년말 투자잔액이 전년보다 60억달러 줄어든 133억달러로 총알(투자 자금)이 넘쳐나던 시기였는데, 정부가 압박하는 현대차를 노칠 이유가 없다”고 했다.    ◆ 수상한 소문 2 : “삼성이 위험하다”  요즘 증권가에는 수상한 소문 ‘버전2’가 돈다. “삼성도 곧 해외투기자본에 털릴 거다.”  삼성그룹은 국회에서 계류 중인 보험업법 개정안이 통과되면 삼성생명이 보유한 삼성전자 주식을 팔아야 하는데 매각 주식가액을 환산하면 약 20조원 안팎이다. 내부에서 처리하기 막대한규모인데다 외부에 매각하게 될 경우 이재용 부회장 등 오너일가 및 특수관계인의 삼성전자 지분율이 15% 밑으로 떨어져 그룹 지배력이 약화된다. 기업 지배구조를 집중적으로 공략하는 엘리엇 등 헤지펀드가 공격하기 딱 좋은 대상이다.   ▶ 마누라 몰래 세컨드 통장만들기  ▶ 옆집 누나 매일 차 바꿔타는 이유?  ◆ 수상한 소문 3 : “재계 오너 몰아내려”  산업계에는 반기업 정서 분위기로 기업의 오너 일가를  몰아내려 한다는 횡횡한 소문이 돈다. 그 첫번째 대상이  조양호 대한항공 회장 일가다. 이들은 현재 경찰과 검찰은 물론 국세청 법무부 공정거래위원회 등 11개 부처의 동시다발적인 수사·조사를 받고 있다. 조사 목적은 갑질과 밀수 등 형사법적인 것이지만, 여론이 악화되자 조 회장이 모든 책임을 지고 물러나는 방안까지 검토하는 것으로 알려졌다.  조 회장은 1999년 대한항공회장, 2003년 한진그룹 회장에 올라, 그동안 대한항공을 세계 굴지 항공사로 성장시키면서 경영 능력을 입증했다. 그럼에도 가족 관리를 제대로 못한 책임에서 자유롭지 못한 점을 인정하고 재계 이미지가 악화되는 것을 막기 위해 물러날 것이란 분석이다.     재계 관계자는 “오너 리스크로 사회적 책임이나 사과를 하는 것이 아니라 경영권까지 위협하는 게 최근 사회적 분위기로 변하는 중”이라며 “이는 주주재산권까지 침입하는 것으로 헌법 23조(모든 국민의 재산권은 보장된다)를 어기도록 정부가 부추키는 셈”이라고 우려했다.   무성한 소문과 추측이 현실로도 나타나자, 산업계의 심리가 바짝 위축되고 결국 신규투자 축소로 이어지는 악순환이 생겼다.  OECD가 27개국을 조사한 기업의 3월 ‘기업확신지수(BCI)’는 우리나라가 98.44로, 가장 낮다. BCI 100 이하도 덴마크와 유일하게 포함됐다. BCI는 100을 넘으면 6개월 뒤 경기가 좋아질 것으로 본 기업이 많음을, 100을 밑돌면 경기가 악화될 것으로 전망한 기업이 많음을 뜻한다.  반면 글로벌 경기회복세가 이어지면서 세계 각국 기업들은 자국 경기에대해 긍정적인 전망을 이어가고 있다. 3월 독일의 BCI는 102.05, 일본은 101.53, 미국은 101.38 등을 기록하고 있으며, OECD 국가 전체 평균도 101.18을 나타냈다.   홍성일 한국경제연구원(전경련 산하) 경제정책 팀장은 “현 정부 정책은 지배구조, 노동, 조세, 비용증가 등 기업인의 투자마인드를 위축시키고 있다”면서 “기업 기(氣) 살리기는 없고 압박만 하기 때문에 4차 산업 등에 신규 투자를 거의 못하도록 부작용이 나타나고 있다”고 말했다.     hkj77@newspim.com [위기의 J노믹스] 주52시간 근로 '발등의 불'…서민지갑만 얇아진다 [위기의 J노믹스] 거꾸로 가는 일자리..역대 최대 예산도 '무용지물' [위기의 J노믹스] 고용없는 성장에 저소득층 싸늘…먹구름 낀 한국경제 [위기의 J노믹스] ""규제만 있고 금융정책이 없다""       ▶ 500만원으로 3억만들기 50번째 주인공 탄생! [확인]  퇴직금 100만원으로 ""이것""해 35억 번 중년男 김모씨 화제!  / 최저금리 맞춤서비스 진행중 / 10분이면 4배자금가능 / 24시간 친절상담센터 1522-3233 / 씽크풀  ★세력입성 전, 집중공략! 20인의 전문가가 만장일치한 급등 유력株 ""오늘""만 전격공개!"
187,3,"2018-06-07","06:30:00","[6.13 공약대결]⑦지방분권 한 목소리…문제는 `돈`이야","- 지역일꾼 뽑는 선거지만 개헌 무산에 후퇴 분위기 - 한국당 10대 공약에도 없어…여야 4당은 포함 - 野 3당, 복지는 중앙정부로..지방 재정권한 확대 `공감`      (그래픽=이미나 기자)[이데일리 김재은 기자] 지역 일꾼을 뽑는 6.13 지방선거가 엿새 앞으로 다가왔다. 여야 구분없이 지방분권을 주요 공약으로 내걸고, 민심 잡기에 나서고 있지만, 대통령 개헌안이 무산된 이후 지방분권에 대한 의지는 다소 후퇴한 분위기다.   여야 5당가운데 자유한국당은 10대 공약에 ‘지방분권’이 아예 없다. 집권여당인 더불어민주당은 10대 공약중 중 6번째에 위치했다. 민주평화당과 정의당은 지방 재정권 확보에 무게를 뒀고, 바른미래당은 10번째 공약으로 제시했다.  특히 야 3당이 지자체의 재정 권한 확대에 같은 목소리를 내고 있지만, 민주당은 중장기적인 구조개선 방향만 밝혀 온도차가 뚜렷하다.   ◇ 각 당 자치분권 공약은?  지난달 국회 문턱에서 좌절된 문재인 대통령 개헌안에는 “대한민국은 지방분권 국가를 지향한다”는 헌법 1조 3항을 신설했다. 그만큼 지방분권 의지가강하고, 지방소멸은 곧 국가의 소멸이라는 게 문 대통령 생각이다.  집권여당인 더불어민주당은 ‘자치분권과 균형발전’을 키워드로잡았다. 민주당은 △자치분권 강화를 위한 17개 시도지사가 참여하는 제 2국무회의 도입 △지자체가 관할권을 가지는 지방자치경찰제 도입 △국세와 지방세 구조개선 및 자주재원 확충 △고향사랑기부제 도입 등을 골자로 내세웠다. 기존 중앙정부 중심의 국무회의와 달리 제 2국무회의엔 17개 시도지사가 참여해 국가적 의사결정에 지자체의 의견을 반영할 수 있게 된다.   자유한국당은 지방분권을 10대 공약에 포함하지 않았다. 다만 한국당은 지방행정 일선에서 활동하고 있는 이장·통장 수당을 현행 월 20만원에서 40만원으로 2배 늘리고, 국세와 지방세의 비중을 현행 8대2에서 6대4로 개선하자는 입장이다.   바른미래당은 지방세를 확충하고 지방교부세율도 인상해 지자체의 재정권한을   강화하겠다고 했다. 또 사회복지비의 국비 전환 확대로 지방재정을 확충하고, 지방교부세율 인상을 위해 균형발전교부세를 신설하겠다는 공약을 내놨다. 이장·통장 수당은 현행 20만원에서 30만원으로 높인다.  ◇ 與 “선거후 지방분권 일괄이양법 최우선 입법”  민주평화당은 지방분권을 10대 공약 중 첫번째 공약으로 제시할만큼 무게를 두고 있다. 현행 19.24% 수준인 지방교부세율을 25%로 상향해 중앙정부의 지원을 대폭 늘리는 동시에 지방재정을 확보해 지자체의 재정자립도를 높여 지역사업을 활성화할 계획이다. 지자체가 중앙정부 부담분과 같은 액수를 제공(매칭)하도록 한 기초연금, 실업급여, 아동수당 등 복지 현금 급여에 대해선 전액을 중앙정부가 부담하도록 했다. 이 경우 자치재정권이 충분히 확보된다는 계산이다.   정의당은 현행 7대 3 수준인 국가사무 대 지방사무 비율을 5대 5로 개선해 지자체에맞는 지역별 특성을 살린 공공서비스 이행을 주장했다. 현행 부가가치세의 11%수준인 지방소비세율을 20%로 단계적으로 인상하는 동시에, 지방교부세 교부비율도 19.24%에서 24.25%로 5%포인트 높이겠다고 했다.  이번 지방선거에서 집권여당인 민주당은 지방권력을 교체해 진정한 지방분권 시대를 열어야 한다고 주장한다. 자유한국당은 지방권력까지 넘어가면 일당독재 국가가 된다며 지지를 호소하고 있다. 하지만민주당조차도 제 2국무회의 신설, 자치경찰제 등을 2020년까지 시행하겠다고 멀찌감치 목표를 잡았다. 10대 공약에 구색맞추기로 넣었다는 비판이 나올 법 하다. 특히 민주당을 제외한 야 3당(바른미래·평화·정의당)은 지방 재정권 강화를 위해 현금성 복지사업에 대해 국가(중앙정부)가 부담해야 한다는 내용을 담았지만, 이와 관련 민주당은 명확한 입장을 밝히지 않고 있다.   홍영표 민주당 원내대표는 “지방선거가 끝나면 곧바로 실질적 자치분권을 추진하겠다”며 “지방분권 일괄이양법을 최우선 입법으로 추진할 것”이라고 말했다. 그는 “현행 8 대 2인 국세와 지방세 비율을 7대 3을 거쳐 장기적으로 6대 4 수준으로 개편하겠다”고 했다.  ▶계좌회복프로젝트! 상위 전문가의 투   자전략 및 추천종목‘[무료확인]’ ▶14년 연속 1위, 대한민국 대표 스탁론 하이스탁론 '    ' ＜ⓒ종합 경제정보 미디어 이데일리 - 무단전재 & 재배포 금지＞   "
187,4,"2018-06-07","06:29:46","국제유가, 美 재고 증가에 하락","국제유가는 6일(현지시간) 미국 원유 재고가 늘어나면서 하락했다.  이날 뉴욕상업거래소(NYMEX)에서 7월 인도분 서부 텍사스산 원유(WTI)는 배럴당 0.79달러(1.2%) 하락한 64.73달러에 거래를 마쳤다.  산유국들의 증산 우려가 원유 선물시장의 투자 심리를 계속 짓눌렀다.   여기다 미국의 원유재고까지 큰 폭 증가한 것으로 집계되면서 유가 하락을 부추겼다. 미 에너지정보청(EIA)에 따르면 지난주미국의 원유재고는 207만 배럴 증가했다.    런던 ICE 선물거래소의 7월물 브렌트유는 배럴당 0.16달러(0.21%) 상승한 75.54달러에 거래되며 소폭 상승했다.  금값은 약보합권에 머물렀다. 이날 뉴욕상품거래소(COMEX)에서 8월 인도분 금값은 온스당 0.80달러(0.06%) 하락한 1,301.40달러에 거래를 마쳤다. 금 거래 동향에 특별히 영향을 줄 소식이 없어 가격이 좁은 범위에서 등락하다 약세로 마감했다.  /뉴욕 = 손철 특파원 runiron@sedaily.com    ▶▶ 2018년 정부 정책 수혜주 TOP 10 大공개! (바로 확인)  ▶▶ 재료노출 임박한 상위1%의 극비정보 30명한정 공개(무료)    [ⓒ 서울경제, 무단 전재 및 재배포 금지]"
187,5,"2018-06-07","06:27:42","[날씨&라이프] 최고 33℃ 올 최고 무더위…대구 등 ‘폭염특보’","-무더위 내일까지 이어져  [헤럴드경제=김유진 기자]오늘 7일 목요일은 서해상에 위치한 고기압의 영향으로 전국이 대체로 맑은 가운데 일부 지역에 폭염특보가 내리는 등 뜨거운 날씨가 이어지겠다.  오늘 전국 최고기온은 24~33℃, 서울 및 수도권 최고기온은 24~30℃다. 현재 일부 경상내륙과 강원영동북부는 폭염특보가 발효됐다. 기상청은 8일까지 내륙을 중심으로 낮 최고기온이 30도 이상 오르는 곳이 많겠으니, 건강관리에 각별히 유의하라고 밝혔다. 폭염주의보가 내린 지역은 대구, 경상남도(합천, 창녕, 밀양), 경상북도(문경, 청도, 의성, 영주, 안동, 예천, 상주, 김천, 칠곡, 군위, 경산, 영천, 구미), 강원도(강원북부산지, 양양평지, 고성평지)다.     미세먼지 농도는 전국 대부분 지역에서 ‘보통’을 나타내겠다. 다만 오전에 수도권·충북·전북·영남권에서 ‘나쁨’ 수준의 농도가 나타날 수 있다고 기상청은 전했다.  바다에서는 당분간 해상에 짙은 안개가 끼는 곳이 많아 항해나 조업시 유의해야 한다. 오늘 바다의 물결은 서해 앞바다에서 0.5m, 남해 앞바다에서 0.5m, 동해 앞바다에서 0.5~1.0m로 일겠다.  8일도 서해상에 위치한 고기압의 영향으로 전국이 대체로 맑겠으나, 중부지방은 오전에 가끔 구름이 많겠다.  9일는 동해상에 위치한 고기압 가장자리에 들다가 중국 상해 부근에서 다가오는 기압골의 영향을 차차 받겠다. 전국에 가끔 구름이 많다가 차차 흐려져 밤에 서해안과 제주도에서 비가 오겠다. 한편, 강원영동은 동풍의 영향으로 밤에 비가 오는 곳이 있겠다.  kacew@heraldcorp.com   [프리미엄 링크] ◆ [평생무료] ""주식카톡방"" 대박주를 추천받는데 100원도 안낸다~ ◆ 무료O, 회원가입X. 바로보는 증권전문가의 실시간 라이브방송.  10%수익을 40%로 만들어 준다고?? 영웅스탁론이라면 가능~! [영웅스탁론]효과적인 레버리지를 이용하여 수익률을 4배로!!    이 종목 미리 알았더라면.. 화제의 급등주검색기 실전투자 300%비법 무료체험 3일신청시 [즉시공개!]    김태희, 로또 대박?! 20억 당첨금 공개..    테마주!외국인+기관 쌍끌이 매집중인 종목 전문가들도 탐내는 급등주 공식 무료배포! [클릭]    [오늘의 인기기사] ◆ [국대스탁론] 업계 최저금리 2.29%! 100%한종목 투자가능+신용/ 미수 대환가능 ◆ [국민스탁론]저렴한 연2.7% 금리로 최대 4배 투자 가능 ◆ [마감임박] '급등주 문자메시지' 100% 무료로 받아보기! ◆ [상한가속출] ""깜짝놀랐다"" 카톡무료체험으로 3000만원 수익달성!  ◆[밴드스탁론] 연 2%대 금리, 신용 미수 대환 가능, 주식자금 전문 ☏ 1899-9044 ◆똑똑해진 소비자..한국도 이젠 소형차 시대 ◆2020년 한국 TV 2대중 1대 인터넷 연결된다"
187,6,"2018-06-07","06:25:43","자산운용사 1·4분기 순이익 1719억…전년比 101.0%↑","금융감독원은 7일 전체 자산운용사의 올해 1·4분기 순이익은 1719억원으로 전 분기보다 1.0% 줄었다고 밝혔다. 지난해 동기보다는 101.0% 증가한 수준이다. 영업수익은7075억원으로 전 분기보다 2.5% 줄었다. 가장 큰 비중을 차지하는 수수료 수익이 6022억원으로 6.4% 감소했다. 수수료 수익의 감소는 전 분기 연말 성과보수 등이 반영된 것이 한몫했다. 고유재산을 운용해 발생한 증권투자이익은 496억원으로 21.0% 늘었다. 판매관리비(3810억원)는 전 분기보다 2.7% 줄었다. 2017년 4·4분기에는 연말 성과급이 반영된 데 따른 기저 효과도 있다. 올해 1·4분기자산운용사 중 143곳은 흑자(2053억원)를 냈고 79곳은 적자(334억원)를 기록했다. 적자 회사는 전 분기보다 12곳 줄어 적자회사 비율은2017년 4·4분기 42.3%에서 올해 1분기 35.6%로 낮아졌다. 자산운용사 중 전문사모집합투자업자는 147곳으로 이 가운데 42.2%인 62곳이 적자를 냈다. 전문사모집합투자업자로 적자를 낸 회사의 비율은 전분기 47.1%였으며 2017년 1·4분기에는 55.0%에 달했다. 외국계 자산운용사는 23곳 중 8곳이 적자다. 전체 자산운용사의 1·4분기 자기자본순이익률(ROE)은 12.2%로 전 분기보다 0.4%포인트 하락했다. 지난해 동기보다는 5.4%포인트 상승했다. 올해 3월 말 현재 자산운용사는 223곳으로 지난해 말보다 8곳 늘었다. 임직원은7612명으로 274명(3.7%) 증가했다. 운용자산은 981조3000억원으로 3.3% 늘었고 이 중 펀드수탁고와 투자일임계약고가 522조1000억원과 459조2000억원으로 각각 5.0%, 1.5% 증가했다. 펀드수탁고의 경우 공모펀드가 228조4000억원으로 2017년 말보다 17조2000억원 늘었다. 2017년 3월 말 이후 처음으로 분기 기준 증가세로 돌아섰다. 사모펀드는 293조7000억원으로 2017년 말보다 7조8000억원 증가했다. 부동산(2조9000억원), 특별자산(2조7000억원) 위주로 증가했다. ggg@fnnews.com 강구귀 기자  ▶'모멘텀 집중' 저가에서 매집해둬야 할 상반기 유망주 3선 (지금 확인)   [파이낸셜뉴스 주요뉴스]  → 北 김정은 묵는 호텔 하루 숙박비 '642만원' 누가 지불? → ""선거 알바 클라스가 다르네"".. 선거운동원 '깨방정 댄스' 화제 → ""학원 여교사가 초등생 제자 2명과 성관계"" → 견과류 일주일에 3번이상 먹으면 나타나는 변화 → 국방부에 도착한 두테르테가 가장 먼저본 국산 무기  ▶ <긴급공개> 억대계좌 이종목에서 또 터진다!    ※ 저작권자 ⓒ 파이낸셜뉴스. 무단 전재-재배포 금지 "
187,7,"2018-06-07","06:24:20","금융위, 국민연금 등 공적연기금 5%룰 완화 추진","금융위원회는 6일 공적 연기금의 ‘5%룰’ 완화 방안을 검토하고 있다고 밝혔다. 현행 자본시장법 시행령은 상장사 지분 5% 이상을 가진 투자자는 지분 변동이 있을 경우 5일 이내에 보유목적과 변동사항 등을 공시하도록 하고 있다.  금융위는 구체적인 주주권 행사지침을 공시하고 그에 따라 주주권을 행사하는 경우 국민연금 등 공적 연기금이 주식 보유목적과 관계없이 약식보고를 허용하는 방안을 검토해 구체적인방안을 조만간 마련할 계획이다.  그동안은 보유목적이 ‘경영 참여’인 경우 ‘단순 투자’일 때보다 주식 보유상황을 더욱 상세히 신속하게 공시해야 해 기관투자가의 부담이 크다는 지적이 제기돼왔다.   다음 달 기관투자가의 ‘스튜어드십 코드’ 도입을 앞두고 공시 부담을 줄여 의결권 행사를 수월하게 해주려는 의도로 풀이된다.  금융위는 이미 지난해 6월 법령 개정에 앞서 스튜어드십 코드 관련법령집을 통해 스튜어드십 코드에 참여하는 기관투자가가 상장사 지분을 5% 이상 보유해도 일부 주주활동은 ‘경영 참여’로 간주하지 않겠다는 해석을 내놓았다. /김광수기자 bright@sedaily.com    ▶▶ 2018년 정부 정책 수혜주 TOP 10 大공개! (바로 확인)  ▶▶ 재료노출 임박한 상위1%의 극비정보 30명한정 공개(무료)    [ⓒ 서울경제, 무단 전재 및 재배포 금지]"
188,1,"2018-06-07","06:19:52","<뉴욕전문가 시각> 탄탄한 시장…무역 부담은 여전","<뉴욕전문가 시각> 탄탄한 시장…무역 부담은 여전       (뉴욕=연합인포맥스) 오진우 특파원 = 월가 전문가들은 6일 무역갈등 등 불안 요인 속에서도 미 경제에 대한 낙관론 등으로 증시가 탄탄한 흐름을 보인다고 진단했다.      이들은 다만 무역갈등이 장기화하면 경기에 악영향을 끼칠 수 있다는 우려는 여전하다고 지적했다.      에드워드 존스의 케이트 완느 투자 전략가는 ""투자자들이 무역 관련 소식을 주시하는 가운데, 금리 상승이 시장을 지지했다""며 ""유럽중앙은행(ECB)이 이번 달 회의에서 채권 매입을 줄일 수 있다는 소식이 장기 금리를 올렸고, 금융주 상승에 도움을 줬다""고 진단했다.      그는 ""아직 금리 상승은 경기의 호조를 반영하는 상황에 있다""며 ""ECB 관련 소식은 악재라기보다 호재""라고 평가했다.      블리클리 어드바이저리 그룹의 피터 부크바 수석 투자 책임자는 ""최소한 지금까지는 미국의 철강 및 알루미늄 관세 부과 조치가 상대국의 보복 관세를 불러오고 있다""며 ""우리는 철강 관세 등이 상대국이 협상에 나오도록 하는 조치라고 생각했던 것과 달리 더 많은 관세를 초래하고 있다""고 지적했다.      그는 ""이런 상황이 빨리 해결되기를 기대할 뿐""이라고 토로했다.      CIBC 아틀랜틱 트러스트 프라이빗 웰쓰 매니지먼트의 데이브 도나베디언 수석 투자 책임자는 ""미국 경제와 기업 실적만 봤다면 주가는 지금보다 훨씬 더 올라 있어야 한다""며 ""무역 관련 논란이 불편한 위험을 가중했다""고 지적했다.       그는 ""지금까지는 언쟁 수준이지만 전면적인 보호무역주의로 갈 수 있다는 우려도 위험을 키웠다""고 덧붙였다.      일부에서는 최근 기술주의 강세 현상 등이 경기 둔화의 신호일 수 있다는 지적도 내놨다.      푸르덴셜 파이낸셜의 퀸시 크로스비 수석 시장 전략가는 ""지난 수년간 기술주가 경기 방어 주 역할을 했다는 점에서 최근 기술주 강세가흥미롭다""며 ""최근 미국을 제외한 해외 대부분 지역의 지표가 둔화하면서 세계 경제 성장에 대한 우려가 제기되는 중이기도 하다""고 말했다.     jwoh@yna.co.kr  (끝)"
188,2,"2018-06-07","06:18:00","대구 부동산 ""앗 뜨거워""…1년만에 2억 '훌쩍'","대구 부동산 시장에 무슨 일이 생긴걸까? 지방 부동산 침체라는 말이 무색게 수백대 1이 넘는 청약 경쟁이 벌어지고 아파트값도 ‘억소리’가 나게 올랐다.  한국감정원이 5월 전국주택가격동향을 조사한 결과를 보면 대구는 0.26% 올라 서울과 광주 상승률을 웃돌았다. 광역시·도 단위로 전국 최고다. 2013년 8월 이후 57개월 만에 전국 주택 가격이 하락한 가운데 보인 상승률이라 오름세가 더 두드러진다.   올해 초부터 5월 말까지만 살펴보면 전국 주택 매매가는 0.5% 올랐는데, 대구는 1.2% 상승하며 전국 평균치를 크게 웃돌았다. 비슷한 시기 대구와 함께 지방 부동산 시장을 이끌었던 부산은 0.47% 하락하며 내림세로 돌아섰다. 대구와 광주, 세종 등을 제외하면 지방 부동산 시장은 가라앉았다.  대구의 경우도 서울이나 수도권과 마찬가지로 새집이 기존 주택 가격을 이끌고 있다. 수성구 만촌동 ‘만촌 삼정그린코아 에듀파크’의 경우올해 3월 전용 75.98㎡ 3층 분양권이 7억1200만원에 거래됐는데, 1년 전과 비교하면 무려 2억원이 넘게 오른 가격이다. 2017년 3월만 해도 이 아파트 같은 면적 19층 분양권은 4억9700만원이었다.  범어동 ‘범어 센트럴 푸르지오’도 2017년 1분기 전용 84.95㎡가 5억5155만~5억6355만원이었는데, 올해 1분기에는 7억5426만~8억3275만원에거래됐다. 이 역시 1년 만에 2억원 이상 오른 셈이다.  분양권에 수억원의 웃돈이 붙다 보니 청약 열기도 뜨거울 수밖에 없다. 대림산업이 중구 남산동에 분양한 ‘e편한세상 남산’은 191가구(특별공급 제외) 모집에 6만6148명이 몰려 346.5대 1의 평균 청약 경쟁률을 기록했고, ‘대구 범어네거리 서한이다음(280.1대 1)’과 ‘오페라 트루엘 시민의 숲(198.7대 1)’, ‘복현자이(171.4대 1)’, ‘대구 봉덕 화성파크드림(131대 1)’ 등이 모두 수백대 1의 청약률을 보였다.  대구 집값이 크게 오른 데엔 수급 불균형 영향도 크다. 부동산114에 따르면 대구 분양물량은 2015년 1만5642가구, 2016년에는 1만3990가구였는데 2017년 7674가구로 크게 줄었다. 당시 수성구에는 980가구가 공급되는데 그쳤다.  입주물량도 2014년 9359가구에서 2015년 1만5174가구로 늘었고 2016년과 2017년에는 각각 2만6826가구, 2만2679가구까지 증가했지만, 올해 다시 1만3029가구로 쪼그라들고, 내년에는 9537가구로 줄어들 전망이다.  부동산 열기가 뜨겁지만, 대구에도 ‘이상 신호’가 감지되고 있다. 4월 말 기준으로 미분양 물량은 230가구로 전달(153가구)보다 77가구 늘었다, 악성 미분양인 준공 후 미분양도 30가구에서 116가구로 4배 정도 증가했다. 일부 전문가들은 수급 불균형이 어느 정도 해소되면서 입지가 좋지 않은 지역을 중심으로 미분양이 늘어난 것으로 볼 수 있다고 설명했다. 대구에선 수성구가 투기과열지구로 지정됐지만, 중구 등도 청약조정 대상 지역 등으로 지정될 가능성이 언급되고 있다.   서성권 부동산114 리서치센터 선임연구원은 “대구도 서울과 마찬가지로 ‘대구의 강남’이라 불리는 수성구에 그동안 공급량이 부족했기 때문에 이곳을 중심으로 최근 집값이 많이 오른 것”이라며 “수성구의 아파트 공급은 재건축에 의존하는 비중이 크기 때문에 재건축 초과이익환수제가 어떤 영향을 미칠지도 지켜봐야 한다”고 말했다.      이진혁 기자 kinoeye@chosunbiz.comCopyrights ⓒ ChosunBiz.com"
188,3,"2018-06-07","06:15:47","38노스 ""북, 지난달 탄도미사일 시험발사용 시설물 파괴""","북한이 지난달 중순께 탄도미사일 시험발사를 위한 일부 시설물을 파괴한 것으로 파악됐다.   미국의 북한전문매체 38노스는 6일(현지시간) 위성사진 분석 결과를 토대로 북한이 지난달 둘째 주(6~12일)부터 평안북도 구성시 북쪽 이하리에 있는 미사일 시험장 내 시설물에 대한 파괴작업을 시작해 같은 달 19일께 완료했다고 밝혔다.   38노스는 이를 통해 육상 시설인 '테스트 스탠드'(시험대)가 사라졌다고 설명했다. 테스트 스탠드는 미사일 사출시험을 하는 동안 미사일을고정하는 장치다.   이 시험장에서는 고체연료형 미사일 개발이 집중적으로 이뤄졌으며, 지난해 2월에는 준중거리탄도미사일 '북극성-2'(KN-15)가 발사된 바 있다.   38노스 운영자인 조엘 위트는 AP통신과의 인터뷰에서 이하리 탄도미사일 시설물 파괴에 대해 ""북한의 장거리 미사일 계획 중단에 대한 진지함을 알리기 위한 작은 조치""라고 평가했다. 그는 그러나 ""앞으로 더 큰 조치가 뒤따를지는 여전히 불투명하다""고 말했다.    [디지털뉴스국]      ☞ 조용히 사서 묻어놔라! 6月 정말 큰돈 된다! ☞ 세계최초 항암제 개발! 신라젠 놓쳤다면, 이 종목 잡아라!! ☞ 세계 최초 신약! 1,500% 신라젠 능가할 단돈 4천원대 Bio 황제주!!! ☞ 6月 반드시 주목해야될 Best 바이오 종목!!      [ⓒ 매일경제 & mk.co.kr, 무단전재 및 재배포 금지]"
188,4,"2018-06-07","06:15:05","[포토]이마트, 대형마트 최초 PB 무선 선풍기 출시","[아시아경제 지연진 기자]이마트가 대형마트 최초로 자체브랜드 무선 선풍기를 선보인다.   이마트는 7일부터 전국 100개 이마트 점포와 일렉트로마트, 이마트 몰에서 자체브랜드 무선 선풍기 ‘러빙홈 코드리스 팬(2종, 블랙·화이트)’을 13만8000원에 선보이고, 출시를 기념해 7일부터 27일까지 행사 카드로 구매 시 20% 할인 행사를 펼친다.   ‘러빙홈 코드리스 팬’은 전원을 연결하는 코드 대신 완전 충전하면 최장 7시간 30분을 사용할 수 있는 내장형 배터리를 사용해 눈에거슬리는 전원 선을 없애고 디자인의 완성도를 높였다. 이마트는 편의성이 뛰어나고 디자인이 간결한 무선 가전제품 수요가 커지고 있어, 자체브랜드 무선 선풍기를 개발했다.    ●남북경협株 선취매 all 포착.. 실적 기반 차기 주도주 '바로' 이종목! (클릭) ●'부자네스탁론' 3년 고정금리 4.15% 100% 집중투자까지 ●'대박스탁론' 3년 고정금리 3.99% 100% 집중투자까지 ●500만원투자 단 6개월만에 3억달성! 원포인트 투자종목 공개   퇴직 후 백만원으로 ""35억""번 60대男 화제! 60대 김모씨가 퇴직 후 하게 된""이것""이 35억의 대박을...    터지기 전, 잡아라!! 상반기300%이상 상승이 기대되는 대박 테마주는? 이슈 전 선취매 주식고수들만 안다는 슈퍼 우량 테마주 남들보다 먼저 받아보기    지연진 기자 gyj@asiae.co.kr   <ⓒ세계를 보는 창 경제를 보는 눈, 아시아경제(www.asiae.co.kr) 무단전재 배포금지>"
188,5,"2018-06-07","06:15:00","[P2P 허와실] 김성준 렌딧 대표 ""건전성 확보가 우선""","[편집자] 문재인 정부의 금융정책 양대 축은 '포용적 금융'과 '생산적 금융'이다. 포용적 금융은 금융에서 소외된 저소득층, 서민, 영세기업 등에게 금리를 낮추거나 채무 부담을 덜어주는방식의 지원책이다. 생산적 금융은 스타트업, 벤처 등 혁신기업에 자금을 투여, 성장을 돕는 정책이다. 기술이나 동산을 평가하거나 담보로자금을 지원하고, 개인간대출(P2P), 크라우드펀딩(crowd funding) 등이 대표적이다. 뉴스핌은 보다 생산적인 '생산적 금융'을 위해 [금융, 성장의 물꼬를 터라] 기획을 준비했다.   [서울=뉴스핌] 박미리 기자 = ""돈을 다루는 산업에 소비자를 보호하기 위한 규제는 당연한 겁니다. 나사를 조일 땐 조이고, 풀 땐 풀어야죠.""  개인신용대출 1위 P2P회사인 렌딧의 김성준 대표는 뉴스핌과의 인터뷰에서 이렇게 단호하게 말했다. 국내 P2P업계가 생산적 금융을 실현하려면, 무엇보다 '건전성'을 강화하기 위한 규제가 선행돼야 한다는 것.금융산업이 건전성을 확보되지 않으면, 소비자들로부터 신뢰를 잃고 외면받게 돼 존재할 수 없다는 논리다.   김성준 렌딧 대표 [사진=이윤청 사진기자]  국내 P2P시장은 지난 2년간 60배나 급성장했다. 지난해 말 기준 누적 대출액 2조3000억원. 하지만 이 중 62%가 부동산 관련 대출이었다. 부동산 시장이 주춤하자 최근 부동산 전문 P2P회사들이 잇따라 부도, 사기 등에 휘말리며 투자자 피해가 현실화됐다.  김 대표가 인터뷰 내내 P2P업계의 건전성 강화를 강조한 것은 이러한 상황과 무관치 않다.  그는 ""우리나라와 해외 사례를 보면 알수 있듯 부동산 시장은 활황일 때 다 같이 활황이고, 불황일 때 다 같이 불황""이라며 ""기준금리 인상으로 부동산 시장이 얼어붙고 있는 상황에서, 업계 안팎의 우려가 큰 것도 무리는 아니다""라고 진단했다.  하지만 국내에는 P2P업계를 규제할 법이 없다. 금융감독원이 제시한가이드라인은 지키지 않아도 처벌을 받지 않는다. 이에 렌딧은 자율 규제를 강화하기 위해 최근 한국P2P금융협회를 탈퇴했고 뜻이 맞는 8퍼센트, 팝펀딩 등과 함께 새로운 협회를 준비하고 있다. 김 대표는 새로운 협회의 준비위원회 위원장을 맡고 있다.  ▶ 마누라 몰래 세컨드 통장만들기  ▶ 옆집 누나 매일 차 바꿔타는 이유?  이들은 부동산 PF 대출을 포함한 위험자산 대출 규제 등을 골자로 한 자율규제에 나설 예정이다. 김 대표는 ""저축은행 관리감독에서 비율 규제를 하는 영역 중 하나가 PF이고, 최근 금감원도 실태조사를 조사를 통해 PF위험성에 대해 고지하고 있다""며 ""업권 전체에서 이에 대해 자율규제를 해야할 필요가 있다고 본다""고 설명했다.  이어 그는 ""소비자가위험자산에 너무 많이 노출돼있다보니, 어떤 자산이 안전하고 덜 안전한지 판단을 내리기 어렵다. 핫하니 따라가는 경우도 많이 보인다""며 "" 이런 상황이 계속되면 위험할 수 있어 신속하게 움직인 것""이라고 덧붙였다.  렌딧을 비롯한 규제 강화파는 금융당국에 가이드라인 변경을 요구하고 있다. 김 대표는 ""소비자 보호를 위해서는 1000만원(PF), 2000만원으로 투자한도를 제한하는 것보다, 건전성을 강화하기 위해 위험자산에 대한 규제를 강화하는 것이 필요하다""며 ""이것은 가이드라인 개정만으로도 충분히 할 수 있다""고 강조했다.  이처럼 건전성이확보되면, 해외처럼 국내 P2P업계도 본격적으로 생산적 금융의 역할을 해낼 수 있을 것이란 기대다. 특히 렌딧은 개인신용대출 전문 P2P회사로, 생산적 금융 활성화에 대한 의지가 크다. 이를테면 차주의 금리 부담을 기존 제2금융권보다 낮춰, 이자로 나가는 돈을 보다 생산적인 영역으로 흘러가도록 도와주는 식이다.   김 대표는 ""P2P의 본질은 개인, 소상공인에게 중금리 대출을 해주는 것""이라고 강조했다. 이어 ""900조원에 달하는 개인신용대출 시장 중 P2P 비중이 4.5%인 미국과 달리, 우리나라는 1%에도 못미친다""며 ""그러나 미국, 중국의 성장사례를 지켜봤기 때문에 우리는 더 빠른 시점 안에 시장이 성장할 수 있을 것""이라고 자신했다.  milpark@newspim.com [P2P 허와실] 부동산 쏠림...혁신기업엔 찔끔 갈라서는 P2P금융협회…일부 대형사, 새 협회 설립한다 급성장 P2P대출…금감원, 투자자 보호 강화한다 신현욱 한국P2P금융협회장 사퇴…양태영 부회장대행 체제      ▶ 500만원으로 3억만들기 50번째 주인공 탄생! [확인]  퇴직금 100만원으로 ""이것""해 35억 번 중년男 김모씨 화제!  / 최저금리 맞춤서비스 진행중 / 10분이면 4배자금가능 / 24시간 친절상담센터 1522-3233 / 씽크풀  ★세력입성 전, 집중공략! 20인의 전문가가 만장일치한 급등 유력株 ""오늘""만 전격공개!"
188,6,"2018-06-07","06:14:03","최고 33도 무더위…오존·미세먼지 주의보","7일 전국 낮 최고기온이 30도 안팎으로 올라 무더운 하루가 될 전망이다.  기상청에 따르면 이날 낮 최고기온은 24∼33도로 예보됐다. 폭염특보가발효된 경상도 내륙과 강원 영동 북부지방에는 낮 최고 33도를 웃도는 불볕더위가 나타나겠다. 서울은 낮 최고 28도까지 오르겠다.  자외선 지수는 전국 대부분 지역에서 '매우 높음' 수준으로 전망된다.  오존 농도도 제주권을 제외한 전국에 '나쁨' 수준으로 예상됐다. 제주권만 '보통' 수준으로 예보됐다.  미세먼지 농도 역시 충북·부산·울산 지역에 '나쁨' 수준으로 예보됐다. 그 밖의 권역도 다소 높은 '보통' 수준으로 관측됐다. 일부 지역은 오전에 '나쁨' 수준으로 바뀔 수 있다.  한경닷컴 뉴스룸 open@hankyung.com     [ 무료 주식 카톡방 ] 국내 최초, 카톡방 신청자수 38만명 돌파 < 업계 최대 카톡방 > --> 카톡방 입장하기!! 40억 ""이것""통해 벌었다는 남성 알고보니 ""개인파산""한 개그맨 A 씨? ▶ <긴급공개> 2분기 이끌 新대장주 BEST 5 억대계좌 이종목에서 또 터진다! >> [바로확인]     관련기사 전국 흐리고남부지방 비…낮 최고 30도 7일날씨 : 낮 최고 33도… 더위 기승 '야외활동 피하세요'… 최고 33도 불볕더위에 자외선·오존↑ 6일 날씨 : 대체로 맑음 전국 흐리고 제주·남부 최대 40㎜ 비… 미세먼지 '보통'    ⓒ 한국경제 & hankyung.com, 무단전재 및 재배포 금지"
188,7,"2018-06-07","06:14:00","[뉴욕증시]낮아진 무역전쟁 우려에..'훈풍'","[뉴욕=이데일리 이준기 특파원] 무역갈등 우려가 사그라지면서 뉴욕증시에 훈풍이 불었다. 금융주의 강세도 한몫 톡톡히 했다.  뉴욕증권거래소(NYSE)는 6일(현지시간) 다우존스 30 산업평균지수가 전 거래일보다 346.41포인트(1.40%) 상승한 2만5146.39에 거래를 마쳤다고 밝혔다. 스탠더드앤드푸어스(S&P) 500지수와 기술주 중심의 나스닥 지수도 각각 23.55포인트(0.86%)와 51.38포인트(0.67%) 오른 2772.35와 7689.24에 장을 마감했다. 나스닥은 사흘째 ‘사상 최고치 경신’ 행진을 이어갔다.  스티븐 므누신 미국 재무장관이 철강 관세 부과 대상국에서 캐나다를 제외하는 방안을도널드 트럼프 대통령에게 요청했다는 미국 ABC방송의 보도가 전해지면서 시장에선 ‘무역전쟁 수위가 낮아질 것’이라는 분위기가 팽배해졌다. 여기에 미국의 무역적자가 2개월 연속 감소세를 나타내면서 미국의 강공을 펴진 않을 것이라는 관측이 나온 것도 긍정적 영향을 미쳤다. 미 상무부는 이날 지난 4월 상품·서비스 무역적자가 전달(472억달러)보다 10억 달러 줄어든 462억달러(약 49조4802억원)를 기록했다고 밝혔다.  오는 8~9일 캐나다에서 열리는 주요 7개국(G7) 정상회의에서 무역갈등의 돌파구가 마련될 수 있다는 기대감이 시장에 퍼진 점도투자심리를 끌어올렸다. 블리클리 어드바이저리 그룹의 피터 부크바 최고투자책임자는 경제전문매체 CNBC방송과의 인터뷰에서 “미국 정부의관세부과 조치 결정은 교역상대국에 협상을 타진하기 위한 움직임”이라며 “주요국들은 절제된 행보를 보일 것”이라고 긍정적으로 내다봤다.  유럽중앙은행(ECB)이 내주 통화정책회의에서 양적완화 프로그램의 종료를 논의할 것이라는 보도로 인해 미국의 국채 수익률이 큰 폭으로 상승한 점도 증시에 날개를 달아줬다. 미 국채 10년물 금리는 이날 2.97% 위로 올라서면서 3%대에 근접했다. 이에 따라 업종별로 보면금융주가 1.84%로 가장 크게 올랐다. JP모건과 모건스탠리는 2%가량, 골드만삭스는 1% 가량씩 상승했다. SPDR S&P 은행 상장지수펀드(ETF)도  2%의 오름세를 탔다.   뉴욕 애널리스트들은 무역갈등 우려에도, 언젠가는 해결될 사안이라는 인식이 투자자들에게 퍼져있다고 분석했다. 알리안츠 글로벌 인베스터즈의 모나 마하잔 투자전략가는 “무역 관련 정치적 수사의 수위가 낮아진 상태”라고 말했다.  ▶계좌회복프로젝트! 상위 전문가의 투자전략 및 추천종목‘[무료확인]’ ▶14년 연속 1위, 대한민국 대표 스탁론 하이스탁론 '    ' ＜ⓒ종합 경제정보 미디어 이데일리 - 무단전재 & 재배포 금지＞   "
189,1,"2018-06-07","06:01:01","우체국 수신고 70조 돌파…예금금리 인상ㆍ수수료 폐지 효과","우체국 수신고 70조 돌파…예금금리 인상ㆍ수수료 폐지 효과   올들어 넉달간 6.4조원 급증…2016년이후 2년간 증가폭 추월   (서울=연합뉴스) 최현석 기자 = 우체국 금융 수신고가 예금금리 인상과 각종 수수료 폐지 여파로 70조원을 처음으로 돌파했다.  7일 우정사업본부에 따르면 우체국 예금수신고는 지난 4월 25일 70조106억원으로 집계됐다.  이는 작년 말 수신고(63조6천98억원)보다 6조4천8억원(10.1%) 급증한 것이다.  올해 들어 넉 달간 수신고 증가 폭이 2016년 이후 2년간 증가 폭 5조3천840억원을 1조 원 이상 웃돌았다.  우체국 수신고는 2014년과 2015년에는 각각 8천153억원과 1조1천715억원 감소했다.  올해 들어 우체국 수신고가 큰 폭으로 늘어난 것은 예금금리 인상과 각종 수수료 폐지로 고객이 증가했기 때문이다.  우체국은 작년 12월 한국은행의 기준금리 인상을 반영해 정기적금과 요구불예금(MMDA) 수신금리를 최고 0.2%포인트 인상한 데 이어 지난1월 초 서민 자산 형성을 지원하기 위해 정기적금과 정기예금 금리를 각각 0.2%포인트와 0.3%포인트 높였다.  또, 지난 3월 초 서민의 금융비용 부담을 덜어주기 위해 고객이 부담하던 영업시간 외 현금자동입출금기(ATM) 출금 수수료와 타행 송금, 계좌이체 수수료 등을 폐지했다.  수수료 폐지 이후 두 달간 849만명에게 23억3천만원의 수수료 면제 혜택이 제공됐다. 수수료 면제 혜택이 작년 같은 기간에 비해 163% 증가했다.  작년 11월 취임한 강성주 우정사업본부장이 우체국 금융의 제한된 사업 범위를 탈피해 서민ㆍ소외계층에 도움이 되는 국민 금융의 역할을 강화한 점도 수신고 증가에 기여한 것으로 분석된다.  강 본부장은 취임 직후 디지털 금융화 추진 전담부서를 신설했으며, 최고금리 3.2%의 온라인 공동구매 예금, 보안카드나 일회용 비밀번호 생성기(OTP) 없이 송금할 수 있는 모바일 간편송금 서비스 등 디지털 신상품을 잇따라 선보였다.  우체국은 오프라인 중심이던 조직의 혁신과 종합금융시스템 구축 등을 통해 예금수신고 70조원, 보험총자산 54조원 등 124조원인 금융자산을 2022년 180조원(수신고 110조원, 보험자산 70조원)대로 키울 계획이다.  강 본부장은 ""서민 고객이 대부분인 점을 고려해 연초에 예금금리를 올려 수신고가 늘었다""며 수수료 면제 등 착한 금융 역할도 지속할것이라고 말했다.    [표] 우체국 예금수신고 추이  (단위: 억원, %)  ┌─────────┬─────────┬────────┬────────┐   │ │예금수신고 │전년말비 증감 │증감율 │   ├─────────┼─────────┼────────┼────────┤   │2013년말 │602,126 │ │ │   ├─────────┼─────────┼────────┼────────┤   │2014년말 │593,973 │-8,153 │-1.4 │   ├─────────┼─────────┼────────┼────────┤   │2015년말 │582,258 │-11,715 │-2.0 │   ├─────────┼─────────┼────────┼────────┤   │2016년말 │614,330 │32,072 │5.5 │   ├─────────┼─────────┼────────┼────────┤   │2017년말 │636,098 │21,768 │3.5 │   ├─────────┼─────────┼────────┼────────┤   │2018년4월25일 │700,106 │64,008 │10.1 │   └─────────┴─────────┴────────┴────────┘   (말잔 기준)  harrison@yna.co.kr   (끝)    <긴급속보 SMS 신청> <포토 매거진> < M-SPORTS >   <저작권자(c) 연합뉴스, 무단 전재-재배포 금지>"
189,2,"2018-06-07","06:01:00","남북경협 기대감에 ICT업계는 ""글쎄""…프로젝트 제안 '0건'","남북경협 기대감에 ICT업계는 ""글쎄""…프로젝트 제안 '0건'   '아이디어 발굴' 정부 요청에 냉소 반응…""벼락치기 주문에 황당""   ""ICT 중심 첨단기술개발구 조성으로 시너지 창출 필요"" 지적도   (서울=연합뉴스) 이승관 기자 = 최근 남북 경제협력에 대한 기대감이 커지는 가운데 정부가 정보통신기술(ICT) 업계를 상대로 경협 아이디어를 요청했으나 제안 기업이 전혀 없었던 것으로 나타났다.  특히 업계 일각에서는 정부가 종합적인 사전 검토 없이 기업들을 상대로 '몰아붙이기식'으로 경협 사업을 요구한다는 비판까지 나오고 있어 논란이 예상된다.  7일 업계에 따르면 삼성전자, LG전자, SK텔레콤, KT, 현대차 등 국내 전자ㆍITㆍ통신 관련 대기업 및 중견ㆍ중소업체들을 대표하는 한국전자정보통신산업진흥회(KEAㆍ회장 김기남 삼성전자 사장)는 지난 1일 회원사들을 대상으로 '남북 신경제지도 신규 과제 발굴 제안'을 요청했다.  진흥회는 ""산업통상자원부에서는 최근 남북정상회담 개최 등으로 남북 경제협력 분위기가 고조됨에 따라 남북간 산업협력 프로젝트 발굴을 검토하고 있다""면서 ""북한 현지 합작법인 설립, 진출 등과 관련해 신규 과제를 제안하거나 아이디어가 있는 업체는 회신해 달라""고 당부했다.  그러면서 구체적인 산업협력 프로젝트 명칭과 함께 경협 아이디어의 추진 필요성, 의미, 추진 환경 등 개요는 물론 추진 내용과 추진 방안, 우선순위, 기대효과. 추정 비용, 향후 계획 등을 작성하도록 요구했다.  그러나 지난 5일 오전 마감까지 이와 관련해 제안서를 낸 기업은 단 한 곳도 없었다고 진흥회 측은 밝혔다.  이에 대해 업계에서는 닷새 만에 구체적인 사업계획을 제출하는 게 사실상 불가능한 데다 이런 요구 자체가 ICT 산업의 특수성을 고려하지 않은 '탁상행정'이라는 지적이 나왔다.  한 전자업체 관계자는 ""ICT 분야의 경우 안정적인 전력공급 등 기본적인 기반시설이 부족한 상태에서 무턱대고 사업에 나설 수 없다""면서 ""새로운 분야를 개척한다고 해도 심도 있는 검토가 필요한데 며칠 만에 프로젝트를 내놓으라는 건 황당하다""고 비판했다.  또다른 업체 관계자는 ""아직 국제사회의 대북 제재가 유효하고 북미정상회담 결과도 담보할 수 없는 시점에서 정부의 요구는 시기상조""이라고 말했다.  그러나 다른 한편에서는 북한이 최근 과학기술을 기반으로 한 경제개발 전략을 수립하고, 이를 구체화하기 위한 노력에 나선 만큼 업계에서 선제적으로 대비할 필요가 있다는 지적도 나온다.  실제로 김정은 국무위원장은 지난 4월 노동당 중앙위원회 전원회의에서 과학기술사업을 통한 전면적 경제발전 발안을 제시했다.  또 북한이 지난 3년간 과학기술 부문 예산 지출을 연평균 7.0% 늘리는 등 첨단기술 산업 발전 노력을 기울이면서 전자상거래, 의료진단, 줄기세포 기술 등에서 나름대로 성과를 내고 있다는 평가도 있다.  KDB산업은행 이유진 연구원은 최근 보고서에서 ""북한의 '과학기술기반 경제개발 구상'과 우리 정부의 '한반도 신경제지도 구성'은 첨단기술 산업 분야에서 접점이 있다""면서 ""ICT를 중심으로 하는 첨단기술개발구 조성 등을 통해 시너지를 낼 필요가 있다""고 제안했다.    humane@yna.co.kr   (끝)    <긴급속보 SMS 신청> <포토 매거진> < M-SPORTS >   <저작권자(c) 연합뉴스, 무단 전재-재배포 금지>"
189,3,"2018-06-07","06:00:47","“韓관광 질적 성장은 고유자산의 고품격화로부터”","[머니투데이 김고금평 기자] [[머니투데이 제4회 관광포럼 K-樂] ‘다시 뛰는 한국관광과 질의 저변확대’…“개인 맞춤형 럭셔리 관광도 준비해야”]      2018년 외래관광객 1700만명 목표, 관광수입 27조원 달성. 국내 관광소비액 32조원 달성…. 한국 관광산업의 기울기는 여전히 양적 목표에 치우치고 있다. 외형적 성장으로 나타난 부작용을 최소화하기 위해 문화체육관광부 등 정부가 지난해부터 질적 개선 도약을 위한 변화에 목소리를 내고 있지만 저가 덤핑, 과다한 수수료 요구, 불법 숙박 증대 등 해결해야 할 숙제가 적지 않다.   7일 머니투데이 주최·주관으로 서울 한국관광공사 서울센터 16층에서 열리는 ‘제4회 관광포럼 K-樂’은 한국 관광의 근본적인 문제를 짚고질적 성장에 필요한 다양한 해결책은 무엇인지 모색하는 자리다. 한국 관광은 2018 평창동계올림픽을 계기로 그간 쇼핑과 한류에만 국한했던‘콘텐츠 한계’를 딛고 재도약할 기회를 맞았다.   서울, 제주 등 일부 지역에 치우친 편중화를 해결하고 중국 관광객만 바라보던 일부 국가 의존성에서도 벗어나는 ‘다변화 정책’도 요구된다. 무엇보다 질적 개선을 위해 새롭게 부상하는 ‘럭셔리 관광’에 대한 노하우와 인프라 구축은 절실한 과제로 떠올랐다.   ‘다시 뛰는 한국관광과 질의 저변확대’라는 주제에 맞춰 포럼 1부에서 양적·획일화에 치우친 한국 관광을 되돌아보고 2부에선 고유성을 담보한 질적 개선을 위해 필요한 콘텐츠와 시스템은 무엇인지 알아본다.   ◇ 양적 팽창이 낳은 폐해…저가 덤핑·과다 수수료 등 경제관점만 조명      양적 관광은 이제 세계적인 현상이자 문제점으로 떠올랐다. 유럽에선 ‘당신의 사치스러운 관광이 내 일상엔 불행’(Your luxury trip, My daily misery)이라는 플래카드가 심심찮게 붙어있다. 유커가 밀물 듯이 들어오던 시절, 서울은 매일 교통지옥에 시달려야 했다.   ‘관광객=OK’라는 오버투어리즘이 낳은 폐해였던 셈. 한국은 특히 양적 관광을 방관하는 정책에 여행사의 무책임까지 더해져 덤핑 관광이 난무했다. 여기에 온라인여행사(OTA)의 과다한 수수료 요구에 불법 숙박 증대로 수용력 초과 문제까지 발생하는 등 저가 상품으로 나타난 문제들이 꼬리에 꼬리를 물었다.   관광을 서비스산업의 대표주자로 인식해 경제성장의 원동력으로 추진하는 과거의 정책이 이 같은 결과를 가져왔다는 게 전문가들의 지적이다.   2부 연사를 맡은 심창섭 가천대 관광경영학과 교수는 “관광은 이제 서비스산업의 추진력에서 국민 여가 중심축으로 이동하고 있다”고 강조했다. 관광이 수를 불려 돈을 버는 양적 개념이 아닌 개인의 삶을 윤택하게 하는 일상의 즐거움으로 인식해야 한다는 뜻이다.   ◇ ‘만들기’보다 ‘있는’ 자원 활용화…“일상 관광 통해 재방문 높여야”    ‘관광의 일상화, 일상의 관광화’는 그런 측면에서 관광의 질을 높이는 새로운 화두로 제시된다. 에어비앤비 같은 공유숙박이 급성장하면서‘여행은 다녀오는 것이 아닌 살아보는 것’이라는 인식으로 전환되는 셈이다. 관광은 휴양은 물론, 주거, 교육 등이 포함되며 모호한 경계를 지향한다.   심 교수는 “현대사회에선 ‘여행이 없는 관광’이 각광받으며 지속적, 정기적, 반복적 여가활동을 통해 1인당 지출 및 재방문비율이 높은 고급 마켓이 자연스럽게 형성된다”며 “관광지가 아닌 마을을 찾으며 도시민과 관광객이 공유하는 문화가 관광의 질적 향상에 도움이 된다”고 강조했다.     무엇을 ‘만드는’ 것을 통해 관광 수요를 창출하기보다 ‘존재하는’ 자원을 통해 관광산업을 부흥하는 노력이 필요하다는 주장도 나왔다.  1부 연사를 맡은 정란수 한양대 관광학부 교수는 일본 요코하마의 오산바시 여객터미널과 케냐 나이로비 지라페 센터를 사례로 들며 “공공자원을 활용하거나 그 지역이 가진 매력적인 자원을 활용해 감동과 잔상을 남기는 가치가 중요하다”고 역설했다.   디자인 매력으로 어필하거나(태국 후아힌 ‘렛츠시 리조트’) 공정여행으로서의 가치를 증진하는(케냐 나이로비 ‘코끼리 고아원’) 방안도제시됐다.   ◇ ‘럭셔리 관광’에 눈돌리는 중산층 증가…전체 관광수입의 18.3%   한국관광공사는 최근 싱가포르 단체관광객 82명을 대상으로 전기자동차를 직접 운전하며 제주 명소를 도는 ‘1인당 300만원 대 고가 상품’을 처음 개발해 내놓았다. 가계소득 상위 5% 이내 계층을 향한 ‘럭셔리 관광상품’이다.   국내에선 낯설지만, 북미와 서유럽, 일본 등에선 이미 트렌드로 자리 잡을 만큼 성장 속도가 빠르다. 글로벌 여행산업 솔루션업체인 아마데우스는 2015년부터 2025년까지 10년간 글로벌 관광시장이 4.8% 성장하는 동안, 럭셔리 관광시장은 6.2%나 성장할 것으로 예측했다. 이중 북미와 서유럽 국가가 럭셔리 관광시장을 점유하는 비율은 64%에 이른다.   경험 위주의 력셔리 상품에 가치소비를 지향하는 중산층이 늘면서 이 시장은 관광산업의 ‘블루칩’으로 떠오르고 있다. 2014년 기준, 력셔리 관광객은 4600만명으로 전체 관광객의 4.2%이고 소비 규모는 1720억 유로(약 214조 8555억원)으로 전체 관광수입의 18.3%를 차지한다.   방한 관광객이 1일 평균 267유로(약 33만원)을 지출하는 반면, 럭셔리 관광객은 1일 평균 최소 1000유로(약 124만원) 이상을 소비해 최소 4배 차이가 났다.     ◇ “개인 맞춤형 희소성 콘텐츠로 고액 자산보유자 잡아라”   럭셔리 관광상품은 고가 웨딩 특가상품(프랑스), 요트 투어(스페인), 패션 스타일링 코스(이탈리아), 고급 료칸체험(일본) 등 자국의 전통 상품을 고품격화하는 경우가 대부분이다.   한국과 일본의 경우 소규모 맞춤 투어와 력셔리 관광상품 규모를 합쳐서 비교하면 한국은 35개, 일본은 96개로 약 3배 차이가 난다. 그만큼관광상품의 미래는 고품격에 개인 맞춤을 어느 정도 실현하느냐에 달려있다고 해도 과언이 아닌 셈이다.   김현주 한국문화관광연구원 관광정책연구실장은 “중국, 홍콩, 싱가포르는 100만 달러 이상 투자 자산을 보유한 고액순자산보유자(HNWI) 수가 높은 시장이어서 럭셔리 관광 활성화를 위한 초기 단계의 정책 수단 마련이 시급하다”며 “이들의 선호 트렌드를 반영한 희소성 콘텐츠를발굴하고 수요 창출을 위한 홍보 채널을 확대할 필요가 있다”고 설명했다.   심 교수는 “빅데이터 생산으로 개인특성이 반영된 수요자 중심의 스마트 관광 전략이 마련된 만큼 달라진 질과 문화 다양성에 기반한 ‘모두를 위한 여행’이 될 수 있도록 저변을 확대해야 한다”고 말했다.      주식담보대출도 이제 부담없는 금리로 가능(안내: 02-3775-1497)   ▶▶ 2018년! 하반기를 뜨겁게 달굴 ""급등 유력株"" TOP.10 긴급공개 (클릭)   ▶▶ 단독! 정책+수급+실적 3박자를 두루 갖춘 TOP 시크릿 급등 유망주 지금 공개 (클릭)     [파워 인터뷰]      [관련기사] ☞ '58년 개띠'의 은퇴…한국, 車 산업 변화가 시작된다 ☞ '김정은 전용기 추락'…고사 지내는 日 우익들 ☞ [사진]김문수 후보 유세차, 중앙선 넘어 역주행 ☞ [영상]김문수 유세차량 역주행논란...취재진 요청 때문 아냐 ☞ '롯데월드타워 등반' 알랭 로베르, 75층서 중단       주식매입자금? 전화 한통화면 당신은 스마트컨슈머!    최저금리로 신용·미수 대환 하는 가장 경제적인 방법 (바로 확인)   ‘개미’말고 ‘슈퍼 투자자’되고 싶다면?...‘이것’만 잘 이용해도 가능해요!       김고금평 기자 danny@mt.co.kr    <저작권자 ⓒ '돈이 보이는 리얼타임 뉴스' 머니투데이, 무단전재 및 재배포 금지>"
189,4,"2018-06-07","06:00:40","자산운용사 1분기 운용자산 981조…순익은 감소","@media all and (max-width: 400px) {img{max-width:340;height:auto;}}.dayTBL a:link {font-family: 돋움;font-size: 11px;line-height: 18px;color:#666666;text-decoration: none}.dayTBL a:visited {font-family: 돋움;font-size: 11px;line-height: 18px;color: #666666;text-decoration: none}.dayTBL a:hover {font-family: 돋움;font-size: 11px;line-height: 18px;color: #840000;text-decoration: none}.dayTBL nobr {width:85px; text-overflow:ellipsis; overflow:hidden; cursor:pointer; float:left}.todayBDb {border-bottom: #000000 0.5pt solid}.tblGrp{padding:0; border-spacing:0; border-collapse:collapse; border:0;vertical-align:top;width:279px}.tblGrp td{vertical-align:top}.dayTBL {width:93px; padding:0; border-spacing:0; border-collapse:collapse; vertical-align:top; border:0}.dayTBL td{font-size:12px; font-family:돋움; color:#333333;line-height:18px;padding:0}.divSch1{float:left}.divSch2{float:left}.tdSch{border: #E6E6E6 0.1pt solid;height:75;padding:0}.tdSchToday {border: #000000 1pt solid;height:75;background-color:#fffff0;padding:0}.tdSchTomorrow {border-left:0}.tdSchYesterday {border-right:0}.tdDate{background-color:#c8e7ff;height:10;text-align:center}.ad {text-align:center; font-size:8pt; font-family:돋움;line-height:1.2}.lg {margin-bottom:20px;}.title{font-size:15px;color:#203c76;font-weight:bold;margin-bottom:20px;}a,img {border:0; outline:none; selector-dummy:expression(this.hideFocus=true);}body,td,select,input,div,form,textarea,center,option,pre,blockquote {font-size:9pt; line-height:1.6; font-family:돋움;}table{border:0px;}r {display:none;}    제목 : 자산운용사 1분기 운용자산 981조…순익은 감소  [아이뉴스24 한수연 기자] 자산운용사 운용자산 늘었지만 순익은 감소 자산운용사의 운용자산이 펀드수탁고와 투자일임계약고 증가에 힘입어 올 1분기 기준 981조원을 기록했다. 그러나 운용관련 수수료수익이 줄면서 순이익은 전 분기보다 감소했다.   7일 금융감독원에 따르면 올 1분기 말 현재 자산운용사의 운용자산은 981조3천억원으로 작년 말보다 3.3%(31조7천억원) 증가했다.   펀드수탁고가 522조1천억원으로 전 분기보다 5.0%(24조9천억원) 불어났는데 특히 이 기간 공모펀드가 228 조4천억원으로 17조2천억원 증가하면서 작년 3월 이후 처음으로 분기 중 증가 전환했다. 특히 MMF(11조5천억원)와 파생형(3조2천억원), 주식형(1조2천억원) 위주로 늘어났다. 사모펀드는 293조7천억원으로 7조8천억원 불어났다. 증가규모론 부동산(2조9천억원)과 특별자산(2조7천억원) 등이 눈에 띄었다.       자산운용사의 투자일임 계약고도 전 분기보다 6조8천억원 증가한 459조2천억원을 기록했다. 증가액의 상당부분인 6조1천억원이 채권 투자일임에서 나왔다.   그러나 같은 기간 자산운용사 순이익은 전 분기보다 1%(17억원) 감소한 1천719억원을 나타냈다. 운용관련 수수료수익이 413억원 줄면서 영업이익(2천314억원)이 4.3%(104억원) 감소했다. 영업외이익은 분기 중 10억원 증가했는데 영업외수익이 30.9%(89억원), 영업외비용이 21.3%(99억원) 감소한 영향이 컸다.   이에 따라 자산운용사의 올 1분기 ROE(자기자본이익률)는 12.2%로 전 분기(12.6%) 대비 0.4%포인트 하락했다.   이 기간 적자를 낸 자산운용사는 79곳으로 전 분기보다 12곳 감소했다. 전문사모집합투자업자의 경우 147곳 중 42.2%(62곳)가 적자를 기록했지만 적자회사비율은 감소세였고 외국계는 23곳 가운데 34.8%(8곳)가 적자(34.8%)였다.  자산운용사수는 223곳으로 작년 말보다 8곳이 늘어났다. 이들 면면을 살펴보면 신설 4곳, 자문사에서 전환한 4곳이며 모두 전문사모집합투자업자로 알려졌다. 총 임직원은 7천612명으로 3.7%(274명) 증가했다.   류국현 금감원 자산운용감독국장은 ""MMF와 파생형 위주로 공모펀드가 증가세로 전환하고 사모펀드도 부동산·특별자산 위주로 늘어나 자산운용사 전체로는 양호한 순이익을 기록했지만 전문사모운용사의 경우 적자회사비율(42.2%)이 여전히 높다""며 ""수익기반 취약회사의 재무현황 및 자산운용의 적정성 등에 대한 모니터링을 지속해나갈 것""이라고 말했다.   /한수연 기자 papyrus@inews24.com   해당 기사는 아이뉴스24(www.inews24.com)에서 제공한것이며 저작권은 제공 매체에 있습니다. 기사 내용 관련 문의는 해당 언론사에 하시기 바랍니다.  ■[하이스탁론] 주식자금이 필요할 땐 ☎ 1599-6222 연 3% 업계 최저금리, 자기자본 포함 최대 4배, 연장수수료 無 주식 매도 없이 미수, 신용 대환 / 마이너스통장식 / 기대출자도 가능 ☞ 14년 연속 스탁론 점유율 1위, 노주현이 추천하는 [하이스탁론 바로가기]  ▶【급등임박株】 “정책+실적+수급분석 완료” 주도주 '2선' 추천받기  ◆""숨은 진주발굴"" 당뇨치료제 상용화 임박! <재료주공개>   [이슈&섹터 스케줄]    2018-06-04 - 한국-필리핀 정상회담 예정 - 5G 주파수 경매 신청 마감 예정 -  한은, BOK 국제컨퍼런스 개최   2018-06-05 - 국무회의(최저임금법) - 랩온어칩 및 마이크로플루이딕스 컨퍼런스 개최(현지시간) - ""항체 엔지니어링 & 항체 치료 콘퍼런스 유럽 2018"" 개최 예정(현지시간)   2018-06-06 - 현충일 - 국내 증시 휴장 - 2018 국제회계 심포지엄 개최 예정      2018-06-07 - 美-日 정상회담 예정(현지시간) - 삼성바이오로직스, 분식 여부 판가름 예정 - 넥슨, MMORPG '카이저' 정식 출시   2018-06-08 - 6.13 지방선거 사전투표 예정 - G7 정상회의 개최 예정(현지시간) - 제5차 韓-美 에너지안보대화   2018-06-09 - 북-중-러 정상회담 예정 - 이탈치네마, 제10회 이탈리아 영화제 개최 예정 - 상하이협력기구(SCO) 정상회의 개최      Copyright ⓒ True&Live 증시뉴스 점유율1위, 인포스탁(www.infostock.co.kr) 인터넷신문(경기아51008)/무단전재 및 배포금지   본 뉴스(정보)는 해당종목의 매수/매도신호가 아니며, 이를 근거로행해진 거래에 대해 책임을 지지 않습니다."
189,5,"2018-06-07","06:00:40","""머신러닝 시대…ERP가 달라진다""","@media all and (max-width: 400px) {img{max-width:340;height:auto;}}.dayTBL a:link {font-family: 돋움;font-size: 11px;line-height: 18px;color:#666666;text-decoration: none}.dayTBL a:visited {font-family: 돋움;font-size: 11px;line-height: 18px;color: #666666;text-decoration: none}.dayTBL a:hover {font-family: 돋움;font-size: 11px;line-height: 18px;color: #840000;text-decoration: none}.dayTBL nobr {width:85px; text-overflow:ellipsis; overflow:hidden; cursor:pointer; float:left}.todayBDb {border-bottom: #000000 0.5pt solid}.tblGrp{padding:0; border-spacing:0; border-collapse:collapse; border:0;vertical-align:top;width:279px}.tblGrp td{vertical-align:top}.dayTBL {width:93px; padding:0; border-spacing:0; border-collapse:collapse; vertical-align:top; border:0}.dayTBL td{font-size:12px; font-family:돋움; color:#333333;line-height:18px;padding:0}.divSch1{float:left}.divSch2{float:left}.tdSch{border: #E6E6E6 0.1pt solid;height:75;padding:0}.tdSchToday {border: #000000 1pt solid;height:75;background-color:#fffff0;padding:0}.tdSchTomorrow {border-left:0}.tdSchYesterday {border-right:0}.tdDate{background-color:#c8e7ff;height:10;text-align:center}.ad {text-align:center; font-size:8pt; font-family:돋움;line-height:1.2}.lg {margin-bottom:20px;}.title{font-size:15px;color:#203c76;font-weight:bold;margin-bottom:20px;}a,img {border:0; outline:none; selector-dummy:expression(this.hideFocus=true);}body,td,select,input,div,form,textarea,center,option,pre,blockquote {font-size:9pt; line-height:1.6; font-family:돋움;}table{border:0px;}r {display:none;}    제목 : ""머신러닝 시대…ERP가 달라진다""  [아이뉴스24 김국배 기자] ""인공지능(AI), 머신러닝(기계학습)이 회사자원관리(ERP) 솔루션을굉장히 빠른 속도로 진화시키고 있습니다.""  스벤 데네켄 SAP 제품관리 총괄 부사장은 지난 5일(현지시간) 미국 올랜도에서 열린 연례기술 콘퍼런스 '사파이어 나우 2018'에서 기자들과 만나 ""지능형(intelligent) ERP, 차세대 ERP는 지금까지와는 완전히 다른 ERP가 될 것""이라며 이같이 강조했다.  ERP는 기업 전체 자원을 효과적으로 관리할 수 있도록 해주는 시스템이다. 자원 낭비를 줄일 수 있도록 선진적인 업무 프로세스가 담긴다. 고객은 이 프로세스에 따라 일할 수 있다. ERP가 SW 이상의 의미를 갖는 이유다.  SAP는 ERP 소프트웨어(SW) 분야 세계 1위 기업이다. 192개국에 걸쳐 3만9천 개 고객사를 보유하고 있다.      데네켄 부사장은 ""과거 머신러닝 등은 기업에 적용되기 어려운 영역이었으나,최근 2년 사이에 머신러닝이 적용돼 사용되고 있다""며 ""이는 내·외부에서 생겨나는 데이터를 전부 실시간으로 비즈니스 프로세스에 활용하게 되는 것""이라고 해석했다.  베트남에 있는 공급사가 서울에 있는 제조업체 본사로 보내는 인보이스(송장) 내역을 확인하는 과정이 머신러닝으로 자동화되는 것이 한 예다.  그는 ""지금까지는 본사의 수많은 인력이 인보이스 내역을 타이핑해 일치 여부를 확인하는 과정을 진행해왔지만 이제는 머신러닝이 적용된 비즈니스 프로세스가 대신하는 것""이라며 ""이를 통해 시간은 줄이고 정확도는 향상시키게 된다""고 설명했다.  최근 2~3년 새 SAP는 머신러닝에 적극적으로 투자하고 있다. 싱가포르, 인도 뱅갈로, 실리콘밸리의 중심 팔로알토 등에 연구센터를 두고 있으며 머신러닝과 관련한 개발자 수도 350명에 이른다.  데네켄 부사장은 또 ""향후 3년 안에 기존 ERP 영역의 50% 이상이 머신러닝 기반으로 자동화될 것""이라고 예측했다.  자동화는 SAP가 머신러닝을 가장 성공적으로 적용하고 있는 ERP 영역이기도 하다. 이밖에 차세대 분석과 유지보수, 사용자 경험에도 머신러닝을 사용한다.  아울러 그는 ""기존과 다른 ERP 경험은 퍼블릭 클라우드 기반으로 이뤄지게 될 것""이라고 예상했다. SAP는 이날 액센츄어, 딜로이트, 캡제미니 등 세 개 회사와 파트너 관계를 맺었다. 제조, 서비스 산업 분야에 맞는 클라우드 기반 ERP를 공동 개발할 계획이다.  /올랜도(미국)=김국배기자 vermeer@inews24.com   해당 기사는 아이뉴스24(www.inews24.com)에서 제공한것이며 저작권은 제공 매체에 있습니다. 기사 내용 관련 문의는 해당 언론사에 하시기 바랍니다.  ■[하이스탁론] 주식자금이 필요할 땐 ☎ 1599-6222 연 3% 업계 최저금리, 자기자본 포함 최대 4배, 연장수수료 無 주식 매도 없이 미수, 신용 대환 / 마이너스통장식 / 기대출자도 가능 ☞ 14년 연속 스탁론 점유율 1위, 노주현이 추천하는 [하이스탁론 바로가기]  ▶【급등임박株】 “정책+실적+수급분석 완료” 주도주 '2선' 추천받기  ◆""숨은 진주발굴"" 당뇨치료제 상용화 임박! <재료주공개>   [이슈&섹터 스케줄]    2018-06-04 - 한국-필리핀 정상회담 예정 - 5G 주파수 경매 신청 마감 예정 -  한은, BOK 국제컨퍼런스 개최   2018-06-05 - 국무회의(최저임금법) - 랩온어칩 및 마이크로플루이딕스 컨퍼런스 개최(현지시간) - ""항체 엔지니어링 & 항체 치료 콘퍼런스 유럽 2018"" 개최 예정(현지시간)   2018-06-06 - 현충일 - 국내 증시 휴장 - 2018 국제회계 심포지엄 개최 예정      2018-06-07 - 美-日 정상회담 예정(현지시간) - 삼성바이오로직스, 분식 여부 판가름 예정 - 넥슨, MMORPG '카이저' 정식 출시   2018-06-08 - 6.13 지방선거 사전투표 예정 - G7 정상회의 개최 예정(현지시간) - 제5차 韓-美 에너지안보대화   2018-06-09 - 북-중-러 정상회담 예정 - 이탈치네마, 제10회 이탈리아 영화제 개최 예정 - 상하이협력기구(SCO) 정상회의 개최      Copyright ⓒ True&Live 증시뉴스 점유율1위, 인포스탁(www.infostock.co.kr) 인터넷신문(경기아51008)/무단전재 및 배포금지   본 뉴스(정보)는 해당종목의 매수/매도신호가 아니며, 이를 근거로행해진 거래에 대해 책임을 지지 않습니다."
189,6,"2018-06-07","06:00:40","O2O, 이용자 참여 마케팅 활발","@media all and (max-width: 400px) {img{max-width:340;height:auto;}}.dayTBL a:link {font-family: 돋움;font-size: 11px;line-height: 18px;color:#666666;text-decoration: none}.dayTBL a:visited {font-family: 돋움;font-size: 11px;line-height: 18px;color: #666666;text-decoration: none}.dayTBL a:hover {font-family: 돋움;font-size: 11px;line-height: 18px;color: #840000;text-decoration: none}.dayTBL nobr {width:85px; text-overflow:ellipsis; overflow:hidden; cursor:pointer; float:left}.todayBDb {border-bottom: #000000 0.5pt solid}.tblGrp{padding:0; border-spacing:0; border-collapse:collapse; border:0;vertical-align:top;width:279px}.tblGrp td{vertical-align:top}.dayTBL {width:93px; padding:0; border-spacing:0; border-collapse:collapse; vertical-align:top; border:0}.dayTBL td{font-size:12px; font-family:돋움; color:#333333;line-height:18px;padding:0}.divSch1{float:left}.divSch2{float:left}.tdSch{border: #E6E6E6 0.1pt solid;height:75;padding:0}.tdSchToday {border: #000000 1pt solid;height:75;background-color:#fffff0;padding:0}.tdSchTomorrow {border-left:0}.tdSchYesterday {border-right:0}.tdDate{background-color:#c8e7ff;height:10;text-align:center}.ad {text-align:center; font-size:8pt; font-family:돋움;line-height:1.2}.lg {margin-bottom:20px;}.title{font-size:15px;color:#203c76;font-weight:bold;margin-bottom:20px;}a,img {border:0; outline:none; selector-dummy:expression(this.hideFocus=true);}body,td,select,input,div,form,textarea,center,option,pre,blockquote {font-size:9pt; line-height:1.6; font-family:돋움;}table{border:0px;}r {display:none;}    제목 : O2O, 이용자 참여 마케팅 활발  [아이뉴스24 민혜정 기자] O2O(Online to Offline) 업계가 이용차 참여를 이끄는 마케팅을 활발하게 진행 하고 있다.   이용자 참여 마케팅은 막대한 비용을 들이지 않고도 이용자의 관심을 유발하고 충성 고객을 만들 수 있다.  7일 업계에 따르면 숙박, 배달 O2O 업체들이 이용자 참여 마케팅에 적극 나서고 있다.  위드이노베이션이 운영하는 숙박 앱 여기어때는 믿을 수 있는 이용 후기를 늘리기 위해 '히어로즈'를 출범 시켜 운영 중이다. 히어로즈는 좋은 숙박후기를 남기는 검증된 사용자다.       여기어때에서 선발한 히어로즈는 호텔·리조트, 펜션, 모텔, 캠핑·글램핑, 게스트하우스, 한옥 등 전국 5만여 곳 숙소를 직접 체험하고, 사진이 포함된 후기를 앱에 남긴다. 히어로즈가 기록한 리얼리뷰에는 '히어로즈 배지' 아이콘이 적용된다.  배달의민족을 운영하는 우아한형제들은 올해 4회째 ' 배민 신춘문예'를 열었다. 배민신춘문예는 매년 봄 배달의민족 주최로 열리는 음식 주제 창작시 공모전이다.  이를 통해 '치킨은 살 안쪄요, 살은 내가 쪄요', '수육했어 오늘도', '시작이 반반이다' 등 작품이 당선됐는데 이들 중 일부는 우아한형제들이 광고 카피로 쓰이기도했다.  지난해 배달의민족의 치킨 능력 평가대회 '배민 치믈리에 자격시험'도 화제였다. 전국의 치킨 마니아 500여 명이 한 자리에 모여 치킨 감별 능력을 겨뤘다. 이 중 118명이 최종 합격해 치믈리에 인증서를 받았다.  우아한형제들 관계자는 ""배달의민족의 브랜딩은고객이 무엇을 좋아하고 어떤 것에 열광하는지 함께 공감하고 그들의 코드를 맞춰가는 것을 중요하게 생각한다""며 ""앞으로도 철저히 고객 중심으로 생각할 것""이라고 말했다.  배달 앱 요기요도 지난 1월 신규 광고 '부대찌개 우주배달 스토리'를 홍보하기 위해 먹방(먹는 방송) 사진이나 영상을 공모했다.  숙박 앱 야놀자는 지난해 여행 사연 공모전 '떠나보고서'를 열었다. 재밌었던 친구와 여행, 추억에 남는 가족과 여행 등 다양한 사연이 쏟아졌고 야놀자가 이를 토대로 만든 콘텐츠는 SNS에 게재돼 누적 조회수가 300만건이 넘기도 했다.  업계 관계자는 ""O2O 업체 중에선 아직 인지도가 높지 않고 규모가 작은 업체가 많은데 이용자들이 참여할 수 있는 마케팅을 활용하면 이용자들이 해당 업체에 친근함을 느끼게 된다""며 ""또 공감대가 높은 콘텐츠는 마케팅 수단으로 활용할 수 있다""고 강조했다.   /민혜정기자hye555@inews24.com   해당 기사는 아이뉴스24(www.inews24.com)에서 제공한것이며 저작권은 제공 매체에 있습니다. 기사 내용 관련 문의는 해당 언론사에 하시기 바랍니다.  ■[하이스탁론] 주식자금이 필요할 땐 ☎ 1599-6222 연 3% 업계 최저금리, 자기자본 포함 최대 4배, 연장수수료 無 주식 매도 없이 미수, 신용 대환 / 마이너스통장식 / 기대출자도 가능 ☞ 14년 연속 스탁론 점유율 1위, 노주현이 추천하는 [하이스탁론 바로가기]  ▶【급등임박株】 “정책+실적+수급분석 완료” 주도주 '2선' 추천받기  ◆""숨은 진주발굴"" 당뇨치료제 상용화 임박! <재료주공개>   [이슈&섹터 스케줄]    2018-06-04 - 한국-필리핀 정상회담 예정 - 5G 주파수 경매 신청 마감 예정 -  한은, BOK 국제컨퍼런스 개최   2018-06-05 - 국무회의(최저임금법) - 랩온어칩 및 마이크로플루이딕스 컨퍼런스 개최(현지시간) - ""항체 엔지니어링 & 항체 치료 콘퍼런스 유럽 2018"" 개최 예정(현지시간)   2018-06-06 - 현충일 - 국내 증시 휴장 - 2018 국제회계 심포지엄 개최 예정      2018-06-07 - 美-日 정상회담 예정(현지시간) - 삼성바이오로직스, 분식 여부 판가름 예정 - 넥슨, MMORPG '카이저' 정식 출시   2018-06-08 - 6.13 지방선거 사전투표 예정 - G7 정상회의 개최 예정(현지시간) - 제5차 韓-美 에너지안보대화   2018-06-09 - 북-중-러 정상회담 예정 - 이탈치네마, 제10회 이탈리아 영화제 개최 예정 - 상하이협력기구(SCO) 정상회의 개최      Copyright ⓒ True&Live 증시뉴스 점유율1위, 인포스탁(www.infostock.co.kr) 인터넷신문(경기아51008)/무단전재 및 배포금지   본 뉴스(정보)는 해당종목의 매수/매도신호가 아니며, 이를 근거로행해진 거래에 대해 책임을 지지 않습니다."
189,7,"2018-06-07","06:00:40","지상파 갑질 막나 …방통위 분쟁 직권조정 예고","@media all and (max-width: 400px) {img{max-width:340;height:auto;}}.dayTBL a:link {font-family: 돋움;font-size: 11px;line-height: 18px;color:#666666;text-decoration: none}.dayTBL a:visited {font-family: 돋움;font-size: 11px;line-height: 18px;color: #666666;text-decoration: none}.dayTBL a:hover {font-family: 돋움;font-size: 11px;line-height: 18px;color: #840000;text-decoration: none}.dayTBL nobr {width:85px; text-overflow:ellipsis; overflow:hidden; cursor:pointer; float:left}.todayBDb {border-bottom: #000000 0.5pt solid}.tblGrp{padding:0; border-spacing:0; border-collapse:collapse; border:0;vertical-align:top;width:279px}.tblGrp td{vertical-align:top}.dayTBL {width:93px; padding:0; border-spacing:0; border-collapse:collapse; vertical-align:top; border:0}.dayTBL td{font-size:12px; font-family:돋움; color:#333333;line-height:18px;padding:0}.divSch1{float:left}.divSch2{float:left}.tdSch{border: #E6E6E6 0.1pt solid;height:75;padding:0}.tdSchToday {border: #000000 1pt solid;height:75;background-color:#fffff0;padding:0}.tdSchTomorrow {border-left:0}.tdSchYesterday {border-right:0}.tdDate{background-color:#c8e7ff;height:10;text-align:center}.ad {text-align:center; font-size:8pt; font-family:돋움;line-height:1.2}.lg {margin-bottom:20px;}.title{font-size:15px;color:#203c76;font-weight:bold;margin-bottom:20px;}a,img {border:0; outline:none; selector-dummy:expression(this.hideFocus=true);}body,td,select,input,div,form,textarea,center,option,pre,blockquote {font-size:9pt; line-height:1.6; font-family:돋움;}table{border:0px;}r {display:none;}    제목 : 지상파 갑질 막나 …방통위 분쟁 직권조정 예고  [아이뉴스24 김문기 기자] 앞으로 지상파방송사가 협상 무산 등 이유로 VOD 제공을 무단 중단하기쉽지 않을 전망이다.   방송통신위원회가 별도의 조정절차 등 신고 없이도 필요하다면 방송사간 분쟁을 직권조정할 수 있도록 법 개정에 나선 것. 개별기업간 협상이라도 시청권 보호 등 차원에서 적극적인 개입이 필요하다는 판단에서다. 실제로 과거 이같은협상 문제로 VOD 재전송이 중단되는 등 논란을 빚은 바 있다.  이 같은 방송분쟁조정 제도 개선을 위한 방송법 일부개정안이 입법예고되는 등 본격적인 절차에 들어갔다.  다만 케이블TV, IPTV 사업자 등이 이를 환영하는 반면 지상파가 '과잉규제'라며 거세게 반발하고있어 변수다. 향후 규제개혁위원회 심사 및 국회 논의 과정에서 상당한 진통이 예상된다. 방통위는 공청회 등을 열고 의견 수렴 등 접점을 찾아갈 계획이다.  방송통신위원회(위원장 이효성)는 지난 5일 방송사업자간 분쟁으로 방송중단 등 시청권의 중대한 침해가 예상되는 분쟁을 효과적으로 해결할 수 있도록 이 같은 방송분쟁조정제 개선을 골자로 한 방송법 일부개정안을 입법예고했다.      개정안은 방송의 유지 재개 명령이 내려진 방송분쟁에 한해 방송분쟁 조정위원회가 직권으로 조정을 개시할 수 있는 근거를 마련하는 게 골자.   지난 2015년 12월 22일 방송법 개정으로 방송의 유지 재개 명령이 도입됐지만 관련 규정이 없어 당사자 신청이 있을 때까지 조정절차를 진행치 못했다.  실제로 지난 2016년 KT스카이라이프와 지상파 분쟁시 지상파 3사가 방송신호 공급 중단을 통보한 바 있다. 당시 방통위는 방송중단을 막기 위해 방송유지명령을 부과했다. 하지만 KT스카이라이프가 분쟁조정을 신청하기 전까지 조정절차를 진행하지 못했다.  방통위는 사업자 반발 등 우려에도 국민의 시청권 보호를 우선적으로 고려, 이같은 개정안을 마련했다는 입장이다. 대신 방송 유지 재개 명령 도입 이후에만 효력이 발생할수 있도록 이를 조정하는 등 과도한 규제가 되지 않도록 제한을 뒀다는 설명이다.  고삼석 방통위 상임위원은 ""사업자 분쟁이 있으면정부가 합리적인 대화를 통해 (문제를 해결해)가야 하는데 사업자들은 전부 법원으로 가져간다""며, ""더욱이 방송을 중단해도 (방통위가)아무역할을 못한다면 책임방기로, 최소한의 (분쟁)조정권이 있어야 한다""고 말했다.  김석진 방통위 상임위원 역시 ""직권조정절차에 따른많은 사업자 충돌이 있어 이번 기회에 효율적으로 해야 한다""고 강조했다.  표철수 방통위 상임위원은 ""유지 제재 명령을 하고 난 이후 직권조정하겠다는 것은 극히 제한적으로 꼭 필요한 역무, 시청권 보호를 위한 것""이라고 강조했다.   방통위는 내달 16일까지 방송법개정안에 대한 의견을 수렴한다. 사업자 이견이 커 공청회도 계획 중이다. 7월 규개위 심사 및 법제처 제출, 8월 차관회의와 국무회의를 거쳐 10월에는 국회에 제출한다는 목표다.       ◆ 지상파 ""보여주기식 행정, 도입 시기도 맞지 않아""  지상파는 이 같은 직권 조정이 ""과잉규제""라며 반대입장을 분명히 했다. 이와 달리 케이블TV, IPTV, KT스카이라이프 등 유료방송 업계는 합리적인 가입자당 요금(CPS) 마련과 최소한의 분쟁조정 권한을 통해 ""시청자를 보호할 수 있다""며 환영한다는 반응이다.  한국방송협회는 공식 성명서를 내고 분쟁 가능성이 없는 현 시장에서 정부가 필요치 않는 규제를 강화하고 있다며 강하게 비판했다.  협회는 ""과거와 달리 사업자간 자율 협의를 통해 계약이 체결되고 있어 분쟁 가능성이 극히 적다""는고 언급한 뒤 ""방통위의 직권조정을 통해 과도 개입할 경우 오히려 안정화된 방송콘텐츠 재송신시장 거래질서가 무너질 수 있다""고 주장했다.  이미 방통위가 충분한 규제 권한을 가지고 있다는 점도 강조했다. 시정명령과 조정제도를 가지고 있음에도 방송법 개정을 통해 방송유지 재개 명령권을 신설했고, 협상 규칙을 정하는 재송신 가이드라인까지 발표해 재송신 규제를 강화해왔다고 지적이다.  정부가 해결해야할 시급한 방송정책이 산적해 있는 상황에서 방통위의 직권조정 도입 시도는 시기상으로도 맞지 않다는 주장이다.  한국방송협회 측은 ""넷플릭스 등 글로벌 사업자가 진출하는 가운데, 가장 많은 한류콘텐츠를 생산해 온 지상파를 지원하기는 커녕 오히려 방송사업자간 협상 과정에서 지상파 콘텐츠 가치를 평가 절하시키고 있다""며, ""지상파에 불리하게 작용할 수밖에 없는 방통위의 직권조정 도입을 지금 당장 논의하려는 의도를 이해할 수 없다""고 목소리를 높였다.  ◆ 유료방송사 ""지상파 방송중단 최소한 보호책""   그러나 지상파를 제외한 유료방송사업자들은 방통위 직권조정 도입을 긍정적으로 평가하고 있다.  더욱이 분쟁 가능성이 적다는 방송협회 주장과 달리 주요 사용계약 만료를 앞두고 있어 지상파의 횡포 등을 막을 수 있는 최소한의 보호책이라는 주장이다.  실제로 지상파 3사는 지난 2015년말 케이블TV, IPTV와 맺은 CPS 협상은 물론 지난해 KT스카이라이프와의 협상이 올해 만료된다.즉, 하반기에에는 지상파와 유료방송사업자들이 다시 재협상 테이블에 앉아야 하는 것. 현재 상황은 폭풍전야로 분쟁가능성을 배제할 수 없다는 게 유료방송 업계 판단이다.  자율적인 협의를 통해 계약이 체결되고 있다는 점에 대해서도 반박했다. 그동안 시청자를 볼모로 방송송출 중단을 내걸어, 울며 겨자먹기식 협상이 될 수밖에 없었다는 게 일각의 주장이다.  특히 지난 2016년 과학기술정보통신부와 방통위가 지상파 재송신 협상 가이드라인 제정을 통해 대가산정 방안을 마련하려 했으나, 지상파 반대로 사실상 무산됐다. 현재 인상률에 대한 근거가 없다는 것.  더욱이 정부가 충분한 규제 권한을 가지고 있다는 점에 대해서도 유료방송 업계는 다른 해석을 내놨다. 2015년 방송법 개정안에 직권조정과 재정제도, 방송유지 재개명령권 등을 담았으나 지상파 반대로 법안소위에서 방송유지 재개명령권만 남고 모두 제외된 바 있다는 얘기다.  유료방송업계 관계자는 ""기존 방송유지 재개명령권은 실제 중재기능이 상실된 실효성이 미미한 반쪽짜리 법안""이라며, ""직권조정제가 도입되면 시청자는 공공서비스인 지상파 시청권을 보장받을 수 있고, 유료방송사도 지상파 방송의 송출중단 압박으로부터 최소한의 보호 아래 협상력을 유지할 수 있게 된다""고 말했다.  /김문기기자 moon@inews24.com   해당 기사는 아이뉴스24(www.inews24.com)에서 제공한것이며 저작권은 제공 매체에 있습니다. 기사 내용 관련 문의는 해당 언론사에 하시기 바랍니다.  ■[하이스탁론] 주식자금이 필요할 땐 ☎ 1599-6222 연 3% 업계 최저금리, 자기자본 포함 최대 4배, 연장수수료 無 주식 매도 없이 미수, 신용 대환 / 마이너스통장식 / 기대출자도 가능 ☞ 14년 연속 스탁론 점유율 1위, 노주현이 추천하는 [하이스탁론 바로가기]  ▶【급등임박株】 “정책+실적+수급분석 완료” 주도주 '2선' 추천받기  ◆""숨은 진주발굴"" 당뇨치료제 상용화 임박! <재료주공개>   [이슈&섹터 스케줄]    2018-06-04 - 한국-필리핀 정상회담 예정 - 5G 주파수 경매 신청 마감 예정 -  한은, BOK 국제컨퍼런스 개최   2018-06-05 - 국무회의(최저임금법) - 랩온어칩 및 마이크로플루이딕스 컨퍼런스 개최(현지시간) - ""항체 엔지니어링 & 항체 치료 콘퍼런스 유럽 2018"" 개최 예정(현지시간)   2018-06-06 - 현충일 - 국내 증시 휴장 - 2018 국제회계 심포지엄 개최 예정      2018-06-07 - 美-日 정상회담 예정(현지시간) - 삼성바이오로직스, 분식 여부 판가름 예정 - 넥슨, MMORPG '카이저' 정식 출시   2018-06-08 - 6.13 지방선거 사전투표 예정 - G7 정상회의 개최 예정(현지시간) - 제5차 韓-美 에너지안보대화   2018-06-09 - 북-중-러 정상회담 예정 - 이탈치네마, 제10회 이탈리아 영화제 개최 예정 - 상하이협력기구(SCO) 정상회의 개최      Copyright ⓒ True&Live 증시뉴스 점유율1위, 인포스탁(www.infostock.co.kr) 인터넷신문(경기아51008)/무단전재 및 배포금지   본 뉴스(정보)는 해당종목의 매수/매도신호가 아니며, 이를 근거로행해진 거래에 대해 책임을 지지 않습니다."
190,1,"2018-06-07","06:00:01","'소중한 한 표, 미리 행사'…내일부터 지방선거 사전투표","'소중한 한 표, 미리 행사'…내일부터 지방선거 사전투표  8~9일 이틀간 실시…신분증만 있으면 전국 어디서나     (서울=연합뉴스) 고상민 기자 = 오는 13일 치러지는 제7회 전국동시지방선거 및 국회의원 재보궐선거의 사전투표가 8일부터 이틀간 전국3천512개 사전투표소에서 일제히 실시된다.  선거 당일 투표가 어려운 유권자는 이 기간 전국의 어느 사전투표소에서나 소중한 한 표를 미리 행사할 수 있다.  투표는 이틀간 매일 오전 6시부터 오후 6시까지 진행된다. 투표장에는 주민등록증, 여권, 운전면허증, 관공서ㆍ공공기관이 발행한 사진이 첨부된 신분증 중 하나를 반드시 가져가야 한다.  사전투표소 위치는 중앙선거관리위원회 홈페이지(www.nec.go.kr)나 스마트폰 앱 '선거정보'에 잘 나와 있다.  홈페이지나 앱에 접속해 자신이 투표하기 편한 지역을 검색하면 가장 가까운 투표소를 안내받을 수 있다.  예를 들어, 서울시 마포구 서교동 인근에서 투표하고 싶을 경우 사전투표소 검색창에 '서교동'이라고 치면 해당 투표소의 이름과 위치를지도로 표시해 준다.  중앙선거관리위원회는 유권자의 투표 편의를 높이기 위해 지난 2013년 상반기 재보궐선거 때 사전투표제를 처음 도입했다.  전국 단위로는 2014년 제6회 지방선거 때 처음으로 실시됐다. 이어 2016년 4ㆍ13 국회의원선거, 2017년 5ㆍ9 대통령선거에서도 시행됐다.  사전투표율 추이를 보면 4년 전 지방선거 때 11.5%를 기록했고, 2016년 20대 총선 12.2%, 작년 19대 대선 26.1%로 점차 높아지고 있다.    중앙선관위는 투표대기 시간을 줄이고자 작년 대선 때보다 투표용지 발급기 1천여 대, 기표대 1만4천여 대를 추가로 준비했다.  이번 지방선거는 유권자 1인당 최다 8표를 행사하는 만큼 투표 시간이 다소 늘어날 것으로 예상돼서다.  투표용지는 투표소 현장에서 프린터로 출력되는데 발급 소요시간은 약 40초에 달할 것으로 보인다. 작년 대선에선 9초에 불과했다.  유권자들은 사전투표 기간에 투표와 관련한 교통 편의나 금품, 음식물 등을 받지 않도록 유의해야 한다.  선관위 관계자는 7일 ""사전투표 시작과 발맞춰 특별 단속활동을 벌일 예정""이라고 말했다.  gorious@yna.co.kr   (끝)    <긴급속보 SMS 신청> <포토 매거진> < M-SPORTS >   <저작권자(c) 연합뉴스, 무단 전재-재배포 금지>"
190,2,"2018-06-07","06:00:00","산업부, 고려대와 정보보호대학원 교육과정 운영협약 체결","[아시아경제 이광호 기자]산업통상자원부는 날로 지능화되고 첨단화되는 사이버 위협에 적극 대응하기 위해 에너지·산업·무역 분야의 정보보호 인력 양성을 적극 추진한다.   산업부는 고려대, 한전KDN와 '산업부 산하기관 정보보안 전문가 양성 교육과정 운영협약'을 체결했다고 7일 밝혔다.   이번 교육과정은 고려대 정보보호대학원의 2년제 석사학위 과정으로, 9월부터 2022년 8월까지 총 3기의 교육과정(매년 20여명의 교육생 선발)을 통해 사이버보안 전문가 70여명을 육성할 계획이다.   특히 이번 교육과정에서는 전력제어시스템, 디지털포렌식 등 현장에서 요구하는 전문기술 및 블록체인 등 4차 산업혁명과 관련된 신규 교육과목을 확대하고, 공공기관이 전국에 위치해 있는 점을 고려해 온라인 강의도 확대할 예정이다.   박진규 산업부 기획조정실장은 ""전력, 가스 등 에너지의 안정적 공급과 4차 산업혁명의 기반을 공고히 하기 위해서는 사이버보안 강화가 매우 중요하다""며 ""이번 교육과정을 통해 사이버보안 전문가가 확충되고 에너지·산업분야의 각 현장에서 사이버보안 대응능력이 더욱 제고될 것으로 기대한다""고 말했다.    ●남북경협株 선취매 all 포착.. 실적 기반 차기 주도주 '바로' 이종목! (클릭) ●'부자네스탁론' 3년 고정금리 4.15% 100% 집중투자까지 ●'대박스탁론' 3년 고정금리 3.99% 100% 집중투자까지 ●500만원투자 단 6개월만에 3억달성! 원포인트 투자종목 공개  [관련기사]  ☞ 박매호 전남도지사 후보, 전남 행정체계 개편 추진 밝혀  ☞ 오인성 전남교육감 후보 “창의융합글로벌 인재양성 추진”  ☞ 북미정상회담 앞두고 중국·러시아 해커의 한국 공격 늘어  ☞ 호남대, 국민체육진흥공단과 업무협약  ☞ 광주·전남지역, 에너지클러스터 조성 첫 발 내딛다    퇴직 후 백만원으로 ""35억""번 60대男 화제! 60대 김모씨가 퇴직 후 하게 된""이것""이 35억의 대박을...  터지기 전, 잡아라!! 상반기300%이상 상승이 기대되는 대박 테마주는? 이슈 전 선취매 주식고수들만 안다는 슈퍼 우량 테마주 남들보다 먼저 받아보기    이광호 기자 kwang@asiae.co.kr   <ⓒ세계를 보는 창 경제를 보는 눈, 아시아경제(www.asiae.co.kr) 무단전재 배포금지>"
190,3,"2018-06-07","06:00:00","해수부, 수산분야 우수기술 사업화자금 지원 확대…""창업 활성화""","[아시아경제 김보경 기자] 해양수산부가 수산분야 우수기술에 대한 사업화자금 지원을 확대한다.   해수부는 7일부터 '수산 연관기술 사업화자금 지원사업'의 대출보증기관을 기존 농림수산업자신용보증기금(농신보)에서 기술보증기금(기보)까지 확대하고, 자금지원도 기존 운영자금에서 시설자금까지 확대한다.   해수부는 2015년부터 수산 연관기술 사업화자금 지원사업을 통해 수산분야의 우수기술을 보유한 기업에게 기술사업화에 필요한 자금을 낮은금리로 대출받을 수 있도록 지원해왔다. 이번 조치는 지난 2월과 4월의 개선에 이은 제3차 개선사항으로, 주요 내용은 다음과 같다.   우선 대출보증기관을 기존 농신보에서 기보까지 확대해 기보의 기술창업대출보증(보증비율 90~100%) 등을 받은 경우에도 사업화자금 지원이가능해진다. 모든 산업분야를 대상으로 기술보증업무를 수행하는 기보의 참여에 따라 1·2차 생산 및 수산가공업 뿐 아니라 수산연관 3차 서비스산업까지도 대출보증이 가능해질 것으로 기대된다.   또한 사업화자금 지원 범위도 기존 운영자금에 추가로 건물·토지를 제외한 모든 시설자금까지 대폭 확대된다. 기존에는 운영자금을 주로 지원해 시설자금의 경우에는 시제품 생산·연구·시험장비 구입 등의 목적으로만 1억원 이하의 자금을 지원받을 수 있었다. 이번 제도 개선으로 사업화자금이 필요한 기업은 업체당 10억원 이내 범위에서 운영자금과 건물·토지를 제외한 시설자금을 모두 지원받을 수 있게 된다.   한편 해수부는 이번 제도 개선을 계기로 7일 진흥원, 수협은행, 농신보, 기보 등 4개 기관과 '수산 우수 기술기업 육성 및 기술금융 지원을위한 업무협약(MOU)'을 체결한다. 각 기관은 ▲수산분야 우수 중소·벤처기업 발굴 ▲수산 우수기술의 사업화를 위한 기술평가·금융지원 ▲수산기업의 경쟁력 강화 및 수산업의 고차산업화를 위한 관계기관 협력사업 등을 추진하는 데 상호 노력할 것을 약속할 예정이다.   박경철 해수부 수산정책관은 ""수산분야 예비창업자 및 중소·벤처기업의 기술개발·사업화를 위한 자금 지원이 더욱 활성화 될 것으로 기대한다""며 ""수산분야 혁신성장을 위해 우수한 기술을 보유한 수산 기업의 창업 활성화와 일자리 창출을 위한 다양한 지원방안을 마련하겠다""고 말했다.    ●남북경협株 선취매 all 포착.. 실적 기반 차기 주도주 '바로' 이종목! (클릭) ●'부자네스탁론' 3년 고정금리 4.15% 100% 집중투자까지 ●'대박스탁론' 3년 고정금리 3.99% 100% 집중투자까지 ●500만원투자 단 6개월만에 3억달성! 원포인트 투자종목 공개  [관련기사]  ☞ ""바다 떠다니는 플라스틱 약 5조개""위협받는 해양생태계…대책은?  ☞ 수산물 가격 안정시키고 품질 높인다…유통혁신 로드맵 마련  ☞ '갯녹음 피해' 독도, 해조류 서식지회복사업 실시…성게 15t 제거  ☞ ""'가격폭락' 전복 드세요""..최대 20% 온라인 할인 판매  ☞ 김영춘 해수부 장관, 통영시 한산도일대 '해양쓰레기 정화 활동' 참여    퇴직 후 백만원으로 ""35억""번 60대男 화제! 60대 김모씨가 퇴직 후 하게 된""이것""이 35억의 대박을...  터지기 전, 잡아라!! 상반기300%이상 상승이 기대되는 대박 테마주는? 이슈 전 선취매 주식고수들만 안다는 슈퍼 우량 테마주 남들보다 먼저 받아보기    세종=김보경 기자 bkly477@asiae.co.kr   <ⓒ세계를 보는 창 경제를 보는 눈, 아시아경제(www.asiae.co.kr) 무단전재 배포금지>"
190,4,"2018-06-07","06:00:00","[일일펀드동향]국내 주식형펀드 2거래일 연속 순유출","[아시아경제 문채석 기자]국내 주식형펀드에서 2거래일 연속 자금이 순유출됐다.   7일 금융투자협회에 따르면 지난 4일 기준 상장지수펀드(ETF)를 제외한 국내 주식형펀드에서 22억원이 순유출됐다. 2거래일 연속 순유출세다. 해외 주식형펀드에서도 165억원이 빠져나갔다.   국내 채권형펀드에서는 900억원이 순유출됐다. 2거래일 연속 순유출세다. 해외 채권형펀드에서도 2억원이 순유출됐다. 3거래일 연속 순유출세다.   단기금융 상품인 머니마켓펀드(MMF)에서는 4조9858억원이 순유출됐다. MMF설정액은 120조2322억원, 순자산총액은 121조1317억원으로 집계됐다.    ●남북경협株 선취매 all 포착.. 실적 기반 차기 주도주 '바로' 이종목! (클릭) ●'부자네스탁론' 3년 고정금리 4.15% 100% 집중투자까지 ●'대박스탁론' 3년 고정금리 3.99% 100% 집중투자까지 ●500만원투자 단 6개월만에 3억달성! 원포인트 투자종목 공개  [관련기사]  ☞ [일일펀드동향]국내 주식형펀드 2거래일만 순유출  ☞ [일일펀드동향]국내 주식형펀드 3거래일만 순유입  ☞ [일일펀드동향]국내 주식형펀드 2거래일째 순유출  ☞ [일일펀드동향]국내 주식형펀드 3거래일만 순유출  ☞ [일일펀드동향]국내 주식형펀드 2거래일째 순유입    퇴직 후 백만원으로 ""35억""번 60대男 화제! 60대 김모씨가 퇴직 후 하게 된""이것""이 35억의 대박을...  터지기 전, 잡아라!! 상반기300%이상 상승이 기대되는 대박 테마주는? 이슈 전 선취매 주식고수들만 안다는 슈퍼 우량 테마주 남들보다 먼저 받아보기    문채석 기자 chaeso@asiae.co.kr   <ⓒ세계를 보는 창 경제를 보는 눈, 아시아경제(www.asiae.co.kr) 무단전재 배포금지>"
190,5,"2018-06-07","06:00:00","국토부 ""포드, 다임러트럭 등 1631대 리콜""","[아시아경제 류정민 기자] 국토교통부는 포드세일즈서비스코리아, 다임러트럭코리아 등 2개 업체에서 수입해 판매한 자동차 총 3개 차종 1631대에서 제작 결함이 발견돼 자발적으로 시정조치(리콜)한다고 7일 밝혔다.   포드세일즈서비스코리아(유)에서 수입해 판매한 Mondeo 등 2개 차종 1568대는 엔진 및 변속기를 제어하는 컴퓨터(Powertrain Control Module) 소프트웨어 설정값 오류로 엔진이 과열돼도 제어가 되지 않아 화재 발생 가능성이 확인됐다.   해당차량은 7일부터 포드세일즈서비스코리아(유) 서비스센터에서 무상으로 수리(프로그램 업데이트)를 받을 수 있다.     다임러트럭코리아㈜에서 수입해 판매한 Arocs 63대는 구동축(프로펠러 샤프트) 용접 결함으로 용접부가 파손돼 구동축 주변 전기배선(브레이크 공기 라인, ABS, 후미등 등)을 손상시키고 이로 인해 브레이크, ABS, 후미등 등이 작동되지 않아 사고가 발생할 가능성이 확인됐다.   해당차량은 8일부터 다임러트럭코리아㈜ 서비스센터에서 무상으로 수리(개선된 부품 교체)를 받을 수 있다.     국토부 관계자는 ""이번 리콜과 관련해 해당 제작사에서는 자동차 소유자에게 우편 및 휴대전화 문자메시지로 시정방법 등을 알리게 된다""면서 ""리콜 시행 전에 자동차 소유자가 결함 내용을 자비로 수리한 경우에는 제작사에 수리한 비용에 대한 보상을 신청할 수 있다""고 말했다.   한편 국토부는 자동차의 결함으로부터 국민의 안전을 확보하기 위해 자동차 제작결함정보를 수집·분석하는 자동차리콜센터를 운영하고 있다. 인터넷 홈페이지에 차량번호를 입력하면 리콜대상 여부 및 구체적인 제작결함 사항을 확인할 수 있다.    ●남북경협株 선취매 all 포착.. 실적 기반 차기 주도주 '바로' 이종목! (클릭) ●'부자네스탁론' 3년 고정금리 4.15% 100% 집중투자까지 ●'대박스탁론' 3년 고정금리 3.99% 100% 집중투자까지 ●500만원투자 단 6개월만에 3억달성! 원포인트 투자종목 공개  [관련기사]  ☞ '아우디·쌍용·다임러트럭' 총 1만8193대 리콜  ☞ 다임러트럭, 주요 부품 11종 평균 16% 가격 인하  ☞ 다임러트럭코리아, 최우수 고객 감사이벤트 진행  ☞ 다임러트럭코리아, 겨울 서비스 캠페인 실시  ☞ 다임러트럭코리아, '뉴 아록스' 출시1주년 이벤트 실시    퇴직 후 백만원으로 ""35억""번 60대男 화제! 60대 김모씨가 퇴직 후 하게 된""이것""이 35억의 대박을...  터지기 전, 잡아라!! 상반기300%이상 상승이 기대되는 대박 테마주는? 이슈 전 선취매 주식고수들만 안다는 슈퍼 우량 테마주 남들보다 먼저 받아보기    류정민 기자 jmryu@asiae.co.kr   <ⓒ세계를 보는 창 경제를 보는 눈, 아시아경제(www.asiae.co.kr) 무단전재 배포금지>"
190,6,"2018-06-07","06:00:00","공모펀드 수탁고 1년만에 증가세 전환","[머니투데이 조한송 기자] [코스닥벤처펀드 열풍·MMF 수탁고 증가 영향]   올해 1분기 중 공모펀드의 수탁고가 지난해 3월 이후 1년만에 증가세로 전환했다. 단기성 유동 자금인 MMF(머니마켓펀드)에 뭉칫돈이 유입된데다 코스닥벤처펀드가 인기를 끈 영향으로 풀이된다.     7일 금융감독원(이하 금감원)에 따르면 3월 말 기준 공모펀드의 수탁고는 228조4000억원으로 전년 말(211조2000억원) 대비 17조2000억원 증가했다. 공모펀드의 수탁고가 분기 중 증가세로 전환한 것은 2017년 3월 말 이후 1년만이다. MMF(머니마켓펀드11조5000억원)와 파생형(3조2000 억원),그리고 주식형(1조2000억원) 등을 중심으로 수탁고가 증가했다.   사모펀드 수탁고 역시 293조7000억원으로 전년 말 286조원 대비 7조8000억원 증가했다. 부동산(2조9000억원)과 특별자산(2조7000억원) 등 위주로 증가세를 지속했다.   이로써 3월 말 기준펀드수탁고는 522조1000억원으로 전년 말 497조2000억원 대비 24조9000억원(5%) 증가했다. 투자일임계약고는 채권 투자일임 증가 등에 힘입어 전년 말(452조4000억원)대비 6조8000억원(1.5%) 늘어난 459조2000억원으로 집계됐다. 펀드수탁고과 투자일임계약고를 합한 자산운용사의 총 운용자산은 981조3000억원으로 지난해 말 대비 31조7000억원(3.3%) 증가했다.   한편 올해 1분기 중 자산운용사의 순이익은 1719억원으로 전 분기(1736억원) 대비 17억원 감소했으나 전년 동기 대비로는 864억원(101%) 늘었다.   금감원 관계자는 ""운용관련 수수료수익 감소 등에 따라 영업이익이 전 분기 대비 104억원 감소했다""며 ""영업외수익이 89억원, 영업외비용이 99억원 감소하면서 분기 중 영업외이익은 10억원 증가했다""고 설명했다.   회사별로는 자산운용사 중 143사가 흑자(2053억원)를 기록, 79사는 적자(334억원)를 기록했다. 적자회사수 는 전 분기 대비 12개사 감소했다.   특히 전문사모집합투자업자는 147사 중 62사(42.2%)가 적자를 기록하고 있으나 적자 비율은 감소 추세를 나타냈다. 외국계는 23사중 8사가 적자(34.8%)를 기록했다.   1분기 중 자산운용사의 ROE(자기자본이익률)은 12.2%로 전 분기(12.6%) 대비 0.4% 포인트 하락했으나 전년 동기(6.8%) 대비로는 5.4% 포인트올랐다.   부문별로는 펀드운용 및 일임 등 관련 수수료수익이 6022억원으로 전 분기(6435억원) 대비 413억원 감소했으나 고유재산을 운용해 발생한 증권투자이익은 496억원으로 86억원 늘었다.   금감원 관계자는 ""공모펀드 수탁고가 증가세로 전환하고 사모펀드도 지속적인 증가세를 유지해 자산운용산업 전체로는 양호한 순이익을 기록했다""며 ""전문사모운용사의 경우 적자회사 비율이 42%로 여전히 높아 모니터링을 지속할 예정""이라고 설명했다.      주식담보대출도 이제 부담없는 금리로 가능(안내: 02-3775-1497)   ▶▶ 2018년! 하반기를 뜨겁게 달굴 ""급등 유력株"" TOP.10 긴급공개 (클릭)   ▶▶ 단독! 정책+수급+실적 3박자를 두루 갖춘 TOP 시크릿 급등 유망주 지금 공개 (클릭)     [파워 인터뷰]      [관련기사] ☞ '58년 개띠'의 은퇴…한국, 車 산업 변화가 시작된다 ☞ '김정은 전용기 추락'…고사 지내는 日 우익들 ☞ [사진]김문수 후보 유세차, 중앙선 넘어 역주행 ☞ [영상]김문수 유세차량 역주행논란...취재진 요청 때문 아냐 ☞ '롯데월드타워 등반' 알랭 로베르, 75층서 중단       주식매입자금? 전화 한통화면 당신은 스마트컨슈머!    최저금리로 신용·미수 대환 하는 가장 경제적인 방법 (바로 확인)   ‘개미’말고 ‘슈퍼 투자자’되고 싶다면?...‘이것’만 잘 이용해도 가능해요!       조한송 기자 1flower@    <저작권자 ⓒ '돈이 보이는 리얼타임 뉴스' 머니투데이, 무단전재 및 재배포 금지>"
190,7,"2018-06-07","06:00:00","농촌진흥청, 창덕궁서 모내기 행사 재연","[머니투데이 세종=정혁수 기자] [문화재청과 함께 7일 오전 11시 청의정 일원서 '친경례(親耕禮)' 행사 되살려…모내기한 벼는 청의정 지붕에 얹는 이엉으로 사용]     조선 시대 임금이 궁궐 안에 조성한 경작지에서 직접 농사를 짓던 '친경례(親耕禮)' 행사가 재연된다.   7일 농촌진흥청에 따르면 농진청은 문화재청과 함께 이날 오전 11시부터 서울 창덕궁 청의정 일원에서 손 모내기 행사를 갖는다.   이날 오전 10시 30분과 11시 창덕궁 후원에 입장하는 관람객은 누구나 함께 직접 모를 심을 수 있다. 이번에 모내기한 벼는 가을에 청의정 지붕에 얹는 이엉으로 사용할 정이다. 이엉은 초가집 지붕이나 담을 이기 위해 짚, 풀잎, 새 등으로 엮어 만든 재료다.   행사장에는 밥맛 좋은 쌀 '삼광'과 가공용 쌀 '설갱' 등 농촌진흥청에서 개발한 쌀 품종들과 쌀빵, 쌀과자, 쌀국수 등 다양한 쌀 가공식품도함께 전시된다. 쌀요거트 시식과 즉석 쌀국수 나눔 행사도 선보일 예정이다.   라승용 농촌진흥청장은 ""이번 행사가 우리 쌀과 농업에 대한 국민적 공감대를 형성하는 계기가 되길 바란다""며 ""가을에는 벼 베기 행사를 열어 우리 쌀의 가치와 중요성을 지속적으로 알리도록 노력하겠다""고 말했다.      주식담보대출도 이제 부담없는 금리로 가능(안내: 02-3775-1497)   ▶▶ 2018년! 하반기를 뜨겁게 달굴 ""급등 유력株"" TOP.10 긴급공개 (클릭)   ▶▶ 단독! 정책+수급+실적 3박자를 두루 갖춘 TOP 시크릿 급등 유망주 지금 공개 (클릭)     [파워 인터뷰]      [관련기사] ☞ '58년 개띠'의 은퇴…한국, 車 산업 변화가 시작된다 ☞ '김정은 전용기 추락'…고사 지내는 日 우익들 ☞ [사진]김문수 후보 유세차, 중앙선 넘어 역주행 ☞ [영상]김문수 유세차량 역주행논란...취재진 요청 때문 아냐 ☞ '롯데월드타워 등반' 알랭 로베르, 75층서 중단       주식매입자금? 전화 한통화면 당신은 스마트컨슈머!    최저금리로 신용·미수 대환 하는 가장 경제적인 방법 (바로 확인)   ‘개미’말고 ‘슈퍼 투자자’되고 싶다면?...‘이것’만 잘 이용해도 가능해요!       세종=정혁수 기자 hyeoksooj@.    <저작권자 ⓒ '돈이 보이는 리얼타임 뉴스' 머니투데이, 무단전재 및 재배포 금지>"
191,1,"2018-06-07","05:59:38","한투, 발행어음 경쟁시대 도래에도 여유만만한 이유는","@media all and (max-width: 400px) {img{max-width:340;height:auto;}}.dayTBL a:link {font-family: 돋움;font-size: 11px;line-height: 18px;color:#666666;text-decoration: none}.dayTBL a:visited {font-family: 돋움;font-size: 11px;line-height: 18px;color: #666666;text-decoration: none}.dayTBL a:hover {font-family: 돋움;font-size: 11px;line-height: 18px;color: #840000;text-decoration: none}.dayTBL nobr {width:85px; text-overflow:ellipsis; overflow:hidden; cursor:pointer; float:left}.todayBDb {border-bottom: #000000 0.5pt solid}.tblGrp{padding:0; border-spacing:0; border-collapse:collapse; border:0;vertical-align:top;width:279px}.tblGrp td{vertical-align:top}.dayTBL {width:93px; padding:0; border-spacing:0; border-collapse:collapse; vertical-align:top; border:0}.dayTBL td{font-size:12px; font-family:돋움; color:#333333;line-height:18px;padding:0}.divSch1{float:left}.divSch2{float:left}.tdSch{border: #E6E6E6 0.1pt solid;height:75;padding:0}.tdSchToday {border: #000000 1pt solid;height:75;background-color:#fffff0;padding:0}.tdSchTomorrow {border-left:0}.tdSchYesterday {border-right:0}.tdDate{background-color:#c8e7ff;height:10;text-align:center}.ad {text-align:center; font-size:8pt; font-family:돋움;line-height:1.2}.lg {margin-bottom:20px;}.title{font-size:15px;color:#203c76;font-weight:bold;margin-bottom:20px;}a,img {border:0; outline:none; selector-dummy:expression(this.hideFocus=true);}body,td,select,input,div,form,textarea,center,option,pre,blockquote {font-size:9pt; line-height:1.6; font-family:돋움;}table{border:0px;}r {display:none;}    제목: 한투, 발행어음 경쟁시대 도래에도 여유만만한 이유는    발행어음·정기예금금리비교1   아시아투데이 김인희 기자 = 한국투자증권이 작년 11월 증권업계최초로 단기금융업 인가를 획득하고 발행어음 사업을 시작한 지 6개월이 지났다. 한투는 은행 정기예금보다 높은 금리를 무기로 발행어음 판매개시 첫날에만 4000억원이 넘는 판매고를 올리는 등 단기자금운용시장에 새 바람을 불러일으켰다. 하지만 최근 시장상황이 변하며 한투의발행어음 전략에도 변화가 필요한 것 아니냐는 지적이 나오고 있다.  한투가 발행어음 사업을 시작한 작년 11월만 해도 은행 1년 만기정기예금 금리는 평균 연 1.8%, 최고 연 2% 수준에 불과했다. 한투의 ‘퍼스트 발행어음’ 1년만기물의 금리가 2.3%인 점을 감안하면 격차가상당했다. 하지만 작년 12월 한국은행이 기준금리를 1.25%에서 1.5%로 인상하자 시중은행들도 점차 정기예금 금리 인상에 나섰다.   6 일 은행연합회에 따르면 시중은행들의 1년 만기 정기예금 상품 중 가장 금리가 높은 것은 케이뱅크의 연 2.25%짜리 정기예금이다. 한투의 발행어음 금리와 불과 0.05%포인트밖에 차이 나지 않는다. 또 금융시장에서는 올해 7~8월 중 추가 금리인상이 있을 것이라는 예측이 나오고 있다. 금리인상이 단행될 경우 은행 정기예금 금리는 연 2.3%를 충분히 뛰어넘을 것이라는 게 시장 전망이다.  한투는 발행어음 단독사업자라는 지위에도 변화가 생겼다. 지난달 말 금융위원회는 NH투자증권의 단기금융업 인가안을 승인했다. NH투자증권은 이달 중순부터 발행어음 판매에 들어갈 예정이다. 증권업계 내에서도 경쟁체제가 구축된 만큼 두 회사 간의 금리 경쟁은 불가피하다는 전망이다.  이 같은 상황에도 한투는 지난 3월 이후 발행어음 금리를 인상하지 않고 있다. 시장 일각에서는 이에 대해 ‘시장을 선점했다는 이유로 경쟁체제에 대비하는 자세가 안일한 것 아니냐’는 반응도 나온다. 하지만 이 같은 지적에 대해 한투는 강한 어조로 반대 입장을 밝혔다.  한투 관계자는 5일 “발행어음은 판매 자체는 간단하지만 모집된 자금을 운용하는 기준과 절차는 상당히 까다롭다”며 “무작정 자금을 모집하는 것이능사는 아니다”라고 밝혔다. 발행어음은 조달 자금의 최소 50%를 기업금융에 투자해야 하며 수익률이 높은 부동산 투자는 30% 이내로 제한된다. 높은 수익률을 기대할 수 있으면서도 안전성이 높은 회사채를 찾아 투자하는 것이 관건인 셈이다. 한투는 이미 6개월 이상 발행어음 사업을 운영하면서 적절한 투자처를 찾아내는 노하우가 쌓았다. 후발 사업자가 이를 쉽사리 따라잡기 힘들다는 계산이 깔려 있는 셈이다.  시중은행의 금리 인상에 대해서도 충분히 유연한 대처가 가능하다는 입장이다. 한투 관계자는 “최근 은행권의 3~6개월 정기예금 금리가 발행어음보다 높아졌지만 발행어음 주력상품은 1년 만기물”이라며 “아직 1년 만기물은 정기예금보다 금리가 높고, 정기예금 금리가 역전돼도 그때 가서 유연하게 금리를 조정할 것”이라고 밝혔다. 이 관계자는 “발행어음은 그 자체로 큰 수익을 낸다기보다 중장기적으로 레버리지 경쟁력 측면에서 의미가 있는 사업”이라며 “은행보다 높은 금리를 제공한다는 기본은 유지하겠지만 역마진 리스크를 안으면서까지 미리 금리를올릴 수는 없다”고 덧붙였다.    해당 기사는 아시아투데이(www.asiatoday.co.kr)에서 제공한 것이며 저작권은 제공 매체에 있습니다. 기사 내용 관련 문의는 해당 언론사에 하시기 바랍니다.  [이슈&섹터 스케줄]    2018-06-04 - 한국-필리핀 정상회담 예정 - 5G 주파수 경매 신청 마감 예정 -  한은, BOK 국제컨퍼런스 개최   2018-06-05 - 국무회의(최저임금법) - 랩온어칩 및 마이크로플루이딕스 컨퍼런스 개최(현지시간) - ""항체 엔지니어링 & 항체 치료 콘퍼런스 유럽 2018"" 개최 예정(현지시간)   2018-06-06 - 현충일 - 국내 증시 휴장 - 2018 국제회계 심포지엄 개최 예정      2018-06-07 - 美-日 정상회담 예정(현지시간) - 삼성바이오로직스, 분식 여부 판가름 예정 - 넥슨, MMORPG '카이저' 정식 출시   2018-06-08 - 6.13 지방선거 사전투표 예정 - G7 정상회의 개최 예정(현지시간) - 제5차 韓-美 에너지안보대화   2018-06-09 - 북-중-러 정상회담 예정 - 이탈치네마, 제10회 이탈리아 영화제 개최 예정 - 상하이협력기구(SCO) 정상회의 개최      Copyright ⓒ True&Live 증시뉴스 점유율1위, 인포스탁(www.infostock.co.kr) 인터넷신문(경기아51008)/무단전재 및 배포금지   본 뉴스(정보)는 해당종목의 매수/매도신호가 아니며, 이를 근거로행해진 거래에 대해 책임을 지지 않습니다."
191,2,"2018-06-07","05:59:38","외국인, 코스피보단 코스닥...매수세 이어갈까","@media all and (max-width: 400px) {img{max-width:340;height:auto;}}.dayTBL a:link {font-family: 돋움;font-size: 11px;line-height: 18px;color:#666666;text-decoration: none}.dayTBL a:visited {font-family: 돋움;font-size: 11px;line-height: 18px;color: #666666;text-decoration: none}.dayTBL a:hover {font-family: 돋움;font-size: 11px;line-height: 18px;color: #840000;text-decoration: none}.dayTBL nobr {width:85px; text-overflow:ellipsis; overflow:hidden; cursor:pointer; float:left}.todayBDb {border-bottom: #000000 0.5pt solid}.tblGrp{padding:0; border-spacing:0; border-collapse:collapse; border:0;vertical-align:top;width:279px}.tblGrp td{vertical-align:top}.dayTBL {width:93px; padding:0; border-spacing:0; border-collapse:collapse; vertical-align:top; border:0}.dayTBL td{font-size:12px; font-family:돋움; color:#333333;line-height:18px;padding:0}.divSch1{float:left}.divSch2{float:left}.tdSch{border: #E6E6E6 0.1pt solid;height:75;padding:0}.tdSchToday {border: #000000 1pt solid;height:75;background-color:#fffff0;padding:0}.tdSchTomorrow {border-left:0}.tdSchYesterday {border-right:0}.tdDate{background-color:#c8e7ff;height:10;text-align:center}.ad {text-align:center; font-size:8pt; font-family:돋움;line-height:1.2}.lg {margin-bottom:20px;}.title{font-size:15px;color:#203c76;font-weight:bold;margin-bottom:20px;}a,img {border:0; outline:none; selector-dummy:expression(this.hideFocus=true);}body,td,select,input,div,form,textarea,center,option,pre,blockquote {font-size:9pt; line-height:1.6; font-family:돋움;}table{border:0px;}r {display:none;}"
191,3,"2018-06-07","05:59:38","[기자의눈]공허한 금융당국 '경고'…공매도 근본 해결책 시급","@media all and (max-width: 400px) {img{max-width:340;height:auto;}}.dayTBL a:link {font-family: 돋움;font-size: 11px;line-height: 18px;color:#666666;text-decoration: none}.dayTBL a:visited {font-family: 돋움;font-size: 11px;line-height: 18px;color: #666666;text-decoration: none}.dayTBL a:hover {font-family: 돋움;font-size: 11px;line-height: 18px;color: #840000;text-decoration: none}.dayTBL nobr {width:85px; text-overflow:ellipsis; overflow:hidden; cursor:pointer; float:left}.todayBDb {border-bottom: #000000 0.5pt solid}.tblGrp{padding:0; border-spacing:0; border-collapse:collapse; border:0;vertical-align:top;width:279px}.tblGrp td{vertical-align:top}.dayTBL {width:93px; padding:0; border-spacing:0; border-collapse:collapse; vertical-align:top; border:0}.dayTBL td{font-size:12px; font-family:돋움; color:#333333;line-height:18px;padding:0}.divSch1{float:left}.divSch2{float:left}.tdSch{border: #E6E6E6 0.1pt solid;height:75;padding:0}.tdSchToday {border: #000000 1pt solid;height:75;background-color:#fffff0;padding:0}.tdSchTomorrow {border-left:0}.tdSchYesterday {border-right:0}.tdDate{background-color:#c8e7ff;height:10;text-align:center}.ad {text-align:center; font-size:8pt; font-family:돋움;line-height:1.2}.lg {margin-bottom:20px;}.title{font-size:15px;color:#203c76;font-weight:bold;margin-bottom:20px;}a,img {border:0; outline:none; selector-dummy:expression(this.hideFocus=true);}body,td,select,input,div,form,textarea,center,option,pre,blockquote {font-size:9pt; line-height:1.6; font-family:돋움;}table{border:0px;}r {display:none;}    제목: 외국인, 코스피보단 코스닥...매수세 이어갈까    외국인수급추이1   아시아투데이 정단비 기자 = 지난 한달간 외국인 투자자들이 코스피보다는 코스닥시장을 선택한 것으로 나타났다. 5월 한달간 외국인 투자자들은 코스닥시장에서 5000여억원을 사들이며 14년 만에 순매수액 최대치를 기록하기도 했다. 다만외국인투자자들의 코스닥시장에 대한 러브콜이 지속될 수 있을지에 대한 업계 전망은 다소 엇갈린다.  6일 한국거래소에 따르면 지난 5월 한달간 코스닥 시장에서 외국인 투자자들은 총 5348억원을 순매수했다. 이는 외국인투자자 월간 순매수액 기준 2004년 이후 14년 만에 최대 규모다. 외국인 투자자들은 이달 들어 5일까지도 코스닥 시장에서 총 57억원을 사들이며 매수세를 이어가고 있다. 반면 같은 기간 외국인투자자들은 코스피 시장에서 총 8113억원을 팔아치우며 대조적인 모습을 보였다. 특히 외국인 투자자들은 코스피시장에서는 지난 2월부터 4개월째 매도세를 보이고 있다.  김예은 IBK투자증권 연구원은 “외국인들은 코스피시장에서는 시가총액 상위종목을 중심으로 사들이는 경향이 있지만 최근 남북경협 이벤트와 연결이 안되는 측면이 있어 외국인 투자자들의 수급이 빠지고 남북경협주 이벤트와 맞물린 코스닥 시장에 들어온 것으로 풀이된다”며 “또한 제약·바이오에도 유입이 많이 됐는데 이는 업계 최대 행사로 꼽히는 미국임상종양학회(ASCO)에 대한기대감이 반영된 결과로 보인다”고 분석했다.  김 연구원은 이어 “외국인도 그렇고 종목장세가 되면 중소형주에 대한 관심이 이어질수 있다”며 “정부 자체도 코스닥 활성화에 힘쓰고 있는 상황이라 하반기에는 중소형주가 조금 더 나을것 같다”고 전망했다.  그러나 외국인들의 코스닥 시장 유입이 다소 제한적일 것이라는 전망들도 나온다.  서정훈 삼성증권 연구원은 “최근 글로벌 전반적으로 무역마찰이라든지 교역에 대한 이슈가 불거지며 외풍에 변수가 많았던 시기였던 만큼 내수비중이 높은 중소형주에 대한 선호가 국내뿐 아니라 외국에서도 두드러진 모습을 보였다”고 설명했다. 이어 “하지만 하반기 코스닥 시장에서 외국인이 선호할 만한 두드러진 요인은 많지 않다”며 “현재 코스피 대안으로 시장 역할이 일부 부각된 측면이 있어 향후 코스피쪽으로 매수세가 기울지 않을까 싶다”고 전망했다.  김병연 NH투자증권 연구원 역시 “코스피의 경우 보호무역, 이탈리아 정세 불확실성, 달러 및 유가강세 영향으로 팔고 코스닥은 매크로(거시경제) 영향을 덜 받아서 매수세를 보였다고 해석할 수 있겠지만 막상 지난 1월부터 5월까지 전체로 보면 매도세”라며 “한국은 북미정상회담예정으로 많이 빠지지는 않겠지만 중국 A주(내국인 전용 주식)가 모건스탠리캐피털인터내셔널(MSCI) 신흥지수에 편입되는 등 수급적으로 우호적인 상황은 아니다”고 말했다.    해당 기사는 아시아투데이(www.asiatoday.co.kr)에서 제공한 것이며 저작권은 제공 매체에 있습니다. 기사 내용 관련 문의는 해당 언론사에 하시기 바랍니다.  [이슈&섹터 스케줄]    2018-06-04 - 한국-필리핀 정상회담 예정 - 5G 주파수 경매 신청 마감 예정 -  한은, BOK 국제컨퍼런스 개최   2018-06-05 - 국무회의(최저임금법) - 랩온어칩 및 마이크로플루이딕스 컨퍼런스 개최(현지시간) - ""항체 엔지니어링 & 항체 치료 콘퍼런스 유럽 2018"" 개최 예정(현지시간)   2018-06-06 - 현충일 - 국내 증시 휴장 - 2018 국제회계 심포지엄 개최 예정      2018-06-07 - 美-日 정상회담 예정(현지시간) - 삼성바이오로직스, 분식 여부 판가름 예정 - 넥슨, MMORPG '카이저' 정식 출시   2018-06-08 - 6.13 지방선거 사전투표 예정 - G7 정상회의 개최 예정(현지시간) - 제5차 韓-美 에너지안보대화   2018-06-09 - 북-중-러 정상회담 예정 - 이탈치네마, 제10회 이탈리아 영화제 개최 예정 - 상하이협력기구(SCO) 정상회의 개최      Copyright ⓒ True&Live 증시뉴스 점유율1위, 인포스탁(www.infostock.co.kr) 인터넷신문(경기아51008)/무단전재 및 배포금지   본 뉴스(정보)는 해당종목의 매수/매도신호가 아니며, 이를 근거로행해진 거래에 대해 책임을 지지 않습니다."
191,4,"2018-06-07","05:59:38","[취재뒷담화]'사장님 카드' 열풍에 고객도 신바람","@media all and (max-width: 400px) {img{max-width:340;height:auto;}}.dayTBL a:link {font-family: 돋움;font-size: 11px;line-height: 18px;color:#666666;text-decoration: none}.dayTBL a:visited {font-family: 돋움;font-size: 11px;line-height: 18px;color: #666666;text-decoration: none}.dayTBL a:hover {font-family: 돋움;font-size: 11px;line-height: 18px;color: #840000;text-decoration: none}.dayTBL nobr {width:85px; text-overflow:ellipsis; overflow:hidden; cursor:pointer; float:left}.todayBDb {border-bottom: #000000 0.5pt solid}.tblGrp{padding:0; border-spacing:0; border-collapse:collapse; border:0;vertical-align:top;width:279px}.tblGrp td{vertical-align:top}.dayTBL {width:93px; padding:0; border-spacing:0; border-collapse:collapse; vertical-align:top; border:0}.dayTBL td{font-size:12px; font-family:돋움; color:#333333;line-height:18px;padding:0}.divSch1{float:left}.divSch2{float:left}.tdSch{border: #E6E6E6 0.1pt solid;height:75;padding:0}.tdSchToday {border: #000000 1pt solid;height:75;background-color:#fffff0;padding:0}.tdSchTomorrow {border-left:0}.tdSchYesterday {border-right:0}.tdDate{background-color:#c8e7ff;height:10;text-align:center}.ad {text-align:center; font-size:8pt; font-family:돋움;line-height:1.2}.lg {margin-bottom:20px;}.title{font-size:15px;color:#203c76;font-weight:bold;margin-bottom:20px;}a,img {border:0; outline:none; selector-dummy:expression(this.hideFocus=true);}body,td,select,input,div,form,textarea,center,option,pre,blockquote {font-size:9pt; line-height:1.6; font-family:돋움;}table{border:0px;}r {display:none;}    제목: [기자의눈]공허한 금융당국 '경고'…공매도 근본 해결책 시급  아시아투데이 장일환 기자 = 금융당국이 삼성증권 ‘유령주식’ 사태에 이어 골드만삭스 공매도 미결제 사태로 다시 한번 책임론에 휩싸였다. 112조원대의 삼성증권 유령주 배당 사태 이후 관련 제도 개선을 밝힌 후 일주일만에 비슷한 문제가 터져나오면서 투자자들의 의구심 또한 갈수록 커지고 있다.  이미 청와대 국민청원 게시판에 공매도를 폐지하라는 청원이 10여건 넘게 올라오는 등 투자자들의 불신과 분노가 심상치않은 모습이다. 공매도는 개인 투자자 입장에서 주식시장의 ‘기울어진 운동장’으로 인식돼온 게 어제 오늘 일이 아니다. 이번골드만삭스 사태를 맞아 금융당국이 제 역할을 하지 못하고 있다는 비판에서 자유롭지 못하다는 게 업계의 중론이다.   현재 국내 주시식장에서는 주식을 보유하지 않는 상태에서 거래 주문을 내는 ‘무차입 공매도’가 금지되어 있다. 빌려온 주식이 있어야만 거래가 가능한 ‘대차거래’만 허용된다. 하지만 기관투자자 중심인 현재의 공매도 시장에서 지금까지 드러난 상황대로면 무차입 공매도가 법적으로만 금지돼있을 뿐, 사실상 이를 강제할 수단은 전무하다고 볼 수밖에 없다. 공매도 주문을 낸 후 결제시간 2거래일 후 정오까지 주식을 빌려 계좌에 입고하기만 하면 매매 결제 자체가 가능하다는 맹점 때문이다.  지금의 거래 시스템 상 무차입 공매도가 이뤄졌는지 확인할 방법이 없다는 것도 문제다. 실제 기관투자자가 특정 주식의 매도 주문을 내도 위탁 증권사는 해당 기관이 실제로 주식을 보유하고 있는지 확인할 수 없다. 기관투자자의 주식은 증권사가 아닌 수탁사에 보관토록 돼 있기 때문이다. 사실상 기관투자자의 양심에 무차입 공매도 여부가 달려 있는셈이다.  한국거래소에 따르면 최근 4년간 공매도 규정 의심 사례가 57건이 발생했다. 물론 대다수는 전산 착오에 인한 단순 계좌 실수였지만, 이번 골드만삭스 사태는 밝혀진 규모만 60억원에 달한 만큼 문제의 심각성이 여실히 드러났다.  금융위원회는 앞서 삼성증권의 유령주식 배당 사태 이후 “무차입 공매도는 불가능하다”는 입장을 밝히고 실시간 주식시장 감시 시스템을 도입했다. 특히 공매도와 관련해 내부통제 절차의 적절성과, 시스템상 무차입 공매도가 가능한지 등을 중점적으로 점검하겠다 발표했다. 하지만 이런 와중에 사고가 터지며신뢰성에 커다란 금이 갔다.  금융당국이 잠시나마 숨을 고르고, 적절한 시스템과 제도가 마련될 때까지 잠시나마 공매도를 중지하고감시 시스템을 강화하는 등 해결책을 조속히 마련하길 바라본다.    해당 기사는 아시아투데이(www.asiatoday.co.kr)에서 제공한 것이며 저작권은 제공 매체에 있습니다. 기사 내용 관련 문의는 해당 언론사에 하시기 바랍니다.  [이슈&섹터 스케줄]    2018-06-04 - 한국-필리핀 정상회담 예정 - 5G 주파수 경매 신청 마감 예정 -  한은, BOK 국제컨퍼런스 개최   2018-06-05 - 국무회의(최저임금법) - 랩온어칩 및 마이크로플루이딕스 컨퍼런스 개최(현지시간) - ""항체 엔지니어링 & 항체 치료 콘퍼런스 유럽 2018"" 개최 예정(현지시간)   2018-06-06 - 현충일 - 국내 증시 휴장 - 2018 국제회계 심포지엄 개최 예정      2018-06-07 - 美-日 정상회담 예정(현지시간) - 삼성바이오로직스, 분식 여부 판가름 예정 - 넥슨, MMORPG '카이저' 정식 출시   2018-06-08 - 6.13 지방선거 사전투표 예정 - G7 정상회의 개최 예정(현지시간) - 제5차 韓-美 에너지안보대화   2018-06-09 - 북-중-러 정상회담 예정 - 이탈치네마, 제10회 이탈리아 영화제 개최 예정 - 상하이협력기구(SCO) 정상회의 개최      Copyright ⓒ True&Live 증시뉴스 점유율1위, 인포스탁(www.infostock.co.kr) 인터넷신문(경기아51008)/무단전재 및 배포금지   본 뉴스(정보)는 해당종목의 매수/매도신호가 아니며, 이를 근거로행해진 거래에 대해 책임을 지지 않습니다."
191,5,"2018-06-07","05:59:38","김도진 IBK기업은행장, 카드사업 수익성 관리 나선다","@media all and (max-width: 400px) {img{max-width:340;height:auto;}}.dayTBL a:link {font-family: 돋움;font-size: 11px;line-height: 18px;color:#666666;text-decoration: none}.dayTBL a:visited {font-family: 돋움;font-size: 11px;line-height: 18px;color: #666666;text-decoration: none}.dayTBL a:hover {font-family: 돋움;font-size: 11px;line-height: 18px;color: #840000;text-decoration: none}.dayTBL nobr {width:85px; text-overflow:ellipsis; overflow:hidden; cursor:pointer; float:left}.todayBDb {border-bottom: #000000 0.5pt solid}.tblGrp{padding:0; border-spacing:0; border-collapse:collapse; border:0;vertical-align:top;width:279px}.tblGrp td{vertical-align:top}.dayTBL {width:93px; padding:0; border-spacing:0; border-collapse:collapse; vertical-align:top; border:0}.dayTBL td{font-size:12px; font-family:돋움; color:#333333;line-height:18px;padding:0}.divSch1{float:left}.divSch2{float:left}.tdSch{border: #E6E6E6 0.1pt solid;height:75;padding:0}.tdSchToday {border: #000000 1pt solid;height:75;background-color:#fffff0;padding:0}.tdSchTomorrow {border-left:0}.tdSchYesterday {border-right:0}.tdDate{background-color:#c8e7ff;height:10;text-align:center}.ad {text-align:center; font-size:8pt; font-family:돋움;line-height:1.2}.lg {margin-bottom:20px;}.title{font-size:15px;color:#203c76;font-weight:bold;margin-bottom:20px;}a,img {border:0; outline:none; selector-dummy:expression(this.hideFocus=true);}body,td,select,input,div,form,textarea,center,option,pre,blockquote {font-size:9pt; line-height:1.6; font-family:돋움;}table{border:0px;}r {display:none;}    제목: 김도진 IBK기업은행장, 카드사업 수익성 관리 나선다    basic0    아시아투데이 이선영 기자 = 김도진 IBK기업은행장이 카드사업 부문의 수익성 관리에 나선다. 취임 직후 내세운 경영 목표 중 하나인 비이자이익 확대를 꾀하려는 전략이다. 대출 등 이자자산 증가에 따라 이자이익이 늘고 있지만 장기적인 수익성 관리를 위해선 비이자 이익의 안정적인 성장도 필요하다는 판단에서다. 특히 신용카드사를 분사해 계열사로 두고 있는 다른 시중은행과 달리 기업은행은 카드사업부문으로 운영하고 있어 카드 수익성 관리가 비이자 이익 증대로 이어질 수 있다.  다만 카드업계 업황은 점차 악화되고 경쟁도 치열해지고 있는 상황이어서 기업은행이 유의미한 결과를 낼 수 있을지는 확신하기 어렵다. 카드업을 전문으로 하는 신용카드사들이 혜택 확대 등으로 경쟁에 나설 것으로 보여 김 행장 역시 더욱 치밀한 전략을 수립해야 할 것으로 보인다.  6일 금융권에 따르면 기업은행은 다음달부터 카드수익 관리 고도화 컨설팅을 진행할 계획이다. 업무 효율성을 높이고 비용관리 등을 통해 이익을 증대하기 위해서다.  기업은행은 컨설팅을 통해 우선 수익성 분석 체계를 수립할 계획이다. 또 업무원가를 합리적으로 산출하고, 정합성 검증 및 투명성 확보방안을 마련할 방침이다.  BC카드비용 분석도 진행한다. 우선 BC비용 데이터 관리 현황분석과 관리방안을 수립하고 수수료 항목별 비용발생 원천 검증 등에 돌입한다. 아울러 기존 영업점 평가지표(KPI) 분석 등을 통해 신규 KPI를 도출할 예정이다.  기업은행이 카드부문의 수익성 관리에 나서는 배경으로는 비이자이익 확대가 꼽힌다. 김 행장은 2016년 12월 취임하면서 이자에 편중된 수익구조를 바꾸겠다고 밝힌 바 있다. 대출 등을 통한 이자이익을 확대하는 방식으로 수익을 늘려가기엔 한계가 있다고 봤기 때문이다. 대안으로 IB나 신탁부문 등 비이자수익과 해외 수익 비중을 각각 20%까지 늘리겠다는 목표를 내세운 것이다.  김 행장이 취임한 이후 비이자부문 이익도 크게 늘었다. 2016년 742억원의 적자를 기록했던 비이자부문은 지난해 2806억원 흑자로 전환됐다. 1분기에도 비이자부문에서만 2130억원의 이익을 올리면서 올해 기업은행의 비이자이익이 증대될 것으로 관측된다.  특히 김 행장은 이 중에서도 카드수수료 이익이 꾸준한 성장세를 이어오고 있는데 주목한 것으로 보인다. 실제 카드수수료 이익은 2016년 비이자부문이 적자를 기록했을 당시에도 1523억원의 이익을 냈고, 지난해에는 1773억원으로 증가세를 이어왔다.   올해 1분기만 놓고 보면 비이자이익은 1808억원으로 전년 동기 대비 12.2% 감소한 것으로 집계됐다. 반면 신용카드 관련 수익은 441억원에서 504억원으로 14.3% 증가한 것으로 나타났다.  다만 기업은행이 수익성 관리에 나선다고 하더라도 실제 이익 확대로 이어질지는 미지수다. 카드업계는 대형 신용카드사의 입지가 확고하기 때문에 점유율을 급격히 확대하기는 어렵다. 단순히 비용 관리에만 그쳐서는 장기적인 비이자이익 확대가 요원하다. 김 행장이 철저한 분석과 시장에 대한 이해도를 기반으로 기업은행이내세울 수 있는 강점을 만들어야 하는 배경이다.  기업은행 관계자는 “시스템 고도화를 통해 업무효율성과 안정성을 높이고 비용 관리 강화를 위해 이익을 늘리려는 것”이라고 말했다.     해당 기사는 아시아투데이(www.asiatoday.co.kr)에서 제공한 것이며 저작권은 제공 매체에 있습니다. 기사 내용 관련 문의는 해당 언론사에 하시기 바랍니다.  [이슈&섹터 스케줄]    2018-06-04 - 한국-필리핀 정상회담 예정 - 5G 주파수 경매 신청 마감 예정 -  한은, BOK 국제컨퍼런스 개최   2018-06-05 - 국무회의(최저임금법) - 랩온어칩 및 마이크로플루이딕스 컨퍼런스 개최(현지시간) - ""항체 엔지니어링 & 항체 치료 콘퍼런스 유럽 2018"" 개최 예정(현지시간)   2018-06-06 - 현충일 - 국내 증시 휴장 - 2018 국제회계 심포지엄 개최 예정      2018-06-07 - 美-日 정상회담 예정(현지시간) - 삼성바이오로직스, 분식 여부 판가름 예정 - 넥슨, MMORPG '카이저' 정식 출시   2018-06-08 - 6.13 지방선거 사전투표 예정 - G7 정상회의 개최 예정(현지시간) - 제5차 韓-美 에너지안보대화   2018-06-09 - 북-중-러 정상회담 예정 - 이탈치네마, 제10회 이탈리아 영화제 개최 예정 - 상하이협력기구(SCO) 정상회의 개최      Copyright ⓒ True&Live 증시뉴스 점유율1위, 인포스탁(www.infostock.co.kr) 인터넷신문(경기아51008)/무단전재 및 배포금지   본 뉴스(정보)는 해당종목의 매수/매도신호가 아니며, 이를 근거로행해진 거래에 대해 책임을 지지 않습니다."
191,6,"2018-06-07","05:59:38","주 52시간 근무제 '코앞'…관련 수혜주는","@media all and (max-width: 400px) {img{max-width:340;height:auto;}}.dayTBL a:link {font-family: 돋움;font-size: 11px;line-height: 18px;color:#666666;text-decoration: none}.dayTBL a:visited {font-family: 돋움;font-size: 11px;line-height: 18px;color: #666666;text-decoration: none}.dayTBL a:hover {font-family: 돋움;font-size: 11px;line-height: 18px;color: #840000;text-decoration: none}.dayTBL nobr {width:85px; text-overflow:ellipsis; overflow:hidden; cursor:pointer; float:left}.todayBDb {border-bottom: #000000 0.5pt solid}.tblGrp{padding:0; border-spacing:0; border-collapse:collapse; border:0;vertical-align:top;width:279px}.tblGrp td{vertical-align:top}.dayTBL {width:93px; padding:0; border-spacing:0; border-collapse:collapse; vertical-align:top; border:0}.dayTBL td{font-size:12px; font-family:돋움; color:#333333;line-height:18px;padding:0}.divSch1{float:left}.divSch2{float:left}.tdSch{border: #E6E6E6 0.1pt solid;height:75;padding:0}.tdSchToday {border: #000000 1pt solid;height:75;background-color:#fffff0;padding:0}.tdSchTomorrow {border-left:0}.tdSchYesterday {border-right:0}.tdDate{background-color:#c8e7ff;height:10;text-align:center}.ad {text-align:center; font-size:8pt; font-family:돋움;line-height:1.2}.lg {margin-bottom:20px;}.title{font-size:15px;color:#203c76;font-weight:bold;margin-bottom:20px;}a,img {border:0; outline:none; selector-dummy:expression(this.hideFocus=true);}body,td,select,input,div,form,textarea,center,option,pre,blockquote {font-size:9pt; line-height:1.6; font-family:돋움;}table{border:0px;}r {display:none;}"
191,7,"2018-06-07","05:59:38","5G에 이어 스마트에너지·보안 ICT솔루션에 주목하는 황창규 KT 회장","@media all and (max-width: 400px) {img{max-width:340;height:auto;}}.dayTBL a:link {font-family: 돋움;font-size: 11px;line-height: 18px;color:#666666;text-decoration: none}.dayTBL a:visited {font-family: 돋움;font-size: 11px;line-height: 18px;color: #666666;text-decoration: none}.dayTBL a:hover {font-family: 돋움;font-size: 11px;line-height: 18px;color: #840000;text-decoration: none}.dayTBL nobr {width:85px; text-overflow:ellipsis; overflow:hidden; cursor:pointer; float:left}.todayBDb {border-bottom: #000000 0.5pt solid}.tblGrp{padding:0; border-spacing:0; border-collapse:collapse; border:0;vertical-align:top;width:279px}.tblGrp td{vertical-align:top}.dayTBL {width:93px; padding:0; border-spacing:0; border-collapse:collapse; vertical-align:top; border:0}.dayTBL td{font-size:12px; font-family:돋움; color:#333333;line-height:18px;padding:0}.divSch1{float:left}.divSch2{float:left}.tdSch{border: #E6E6E6 0.1pt solid;height:75;padding:0}.tdSchToday {border: #000000 1pt solid;height:75;background-color:#fffff0;padding:0}.tdSchTomorrow {border-left:0}.tdSchYesterday {border-right:0}.tdDate{background-color:#c8e7ff;height:10;text-align:center}.ad {text-align:center; font-size:8pt; font-family:돋움;line-height:1.2}.lg {margin-bottom:20px;}.title{font-size:15px;color:#203c76;font-weight:bold;margin-bottom:20px;}a,img {border:0; outline:none; selector-dummy:expression(this.hideFocus=true);}body,td,select,input,div,form,textarea,center,option,pre,blockquote {font-size:9pt; line-height:1.6; font-family:돋움;}table{border:0px;}r {display:none;}"
192,1,"2018-06-07","05:30:00","'재판거래 의혹' 갈등 격화…7일 법원장·11일 대표회의 '분수령'","- 서울고법 부장들, 단독·배석 판사 '수사 촉구' 명확한 반대의사 - 의견수렴 과정서 잠재된 갈등·불만 노출 지적 - 김 원장 어떤 선택하든 법원 내홍 불가피 전망      [이데일리 이승현 기자] 양승태(70) 전 대법원장 시절 사법행정권 남용 의혹의 처리방침을 두고 예상대로 법원 내부가 둘로 극명히 나뉘고 있다. 젊은 판사들과 중견·고위 판사들이 강제수사 문제를 두고 사실상 대립하는 모양새여서 김명수(59·사법연수원 15기) 대법원장이어떤 선택을 하든 법원 내홍은 불가피해졌다.  6일 법조계에 따르면 서울고법 부장판사들은 전날 회의를 한 뒤 검찰 고발 등 형사조치에 명확히 반대한다고 입장을 표명했다. 이들은 “우리는 대법원장과 사법행정 담당 혹은 자문 기구가 형사고발과 수사의뢰, 수사촉구 등을할 경우 향후 관련 재판을 담당할 법관에게 압박을 주거나 영향을 미쳐 법관과 재판의 독립이 침해될 수 있음을 깊이 우려한다”고 밝혔다.  서울고법 부장판사는 경력 20년 이상으로 차관급 예우를 받는 고위 법관이다. 법원 내부에선 연차가 낮은 단독·배석 판사들이 연이어‘수사 및 엄정 처벌’ 촉구 의견을 내자 선배 법관들이 반대의사를 명확히 함으로서 사실상 제지에 나섰다는 평가가 나온다.  지난 1 일 의정부지법 배석·단독 판사들에 이어 서울중앙지법 단독판사들과 서울가정법원 단독·배석판사들, 서울남부지법 단독·배석 판사들 등은회의에서 의혹 관련자 수사와 처벌 촉구를 의결한 상태다. 반면 서울중앙지법 부장판사들의 경우 3차례에 걸쳐 회의를 했지만 모두 정족수 미달로 수사 촉구안을 채택하지 못했다.  이런 가운데 ‘사법행정권 남용의혹 관련 특별조사단’ 단장인 안철상(61·15기) 법원행정처장이 조사대상 410개 문서에서 98개를 전격 공개하면서 의혹은 더 커지고 있다.   이들 문서에는 △국제인권법연구회 인권과 사법제도 소모임 관련 △세월호 사건의 적정 관할 법원 및 담당재판부 검토 △문제 법관에 대한 시그널링 및 감독 방안 △BH 민주적 정당성 부여 방안 등   양 전 원장 시절 행정처가 재판거래와 판사사찰을 한 정황이 나타난다.   진보 성향의 법조인과 법학 교수 등 119명은 전날부터 서울서초동 대법원 앞에서 천막을 설치하고 농성을 시작했다. 이들은 문건 전수 공개와 진상규명을 촉구하며 “책임소재가 드러나면 당사자들을형사조치하고 재발방지책을 마련하라”고 촉구했다.  향후 의견수렴 일정은 7일 전국법원장간담회와 11일 전국법관대표회의가 남아 있다. 사법부 고위간부인 법원장들의 공식 의결사항은 무게감이 매우 크다. 상대적으로 젊은 판사들이 주축인 전국법관대표회의는 ‘사법행정권 남용 사태에 관한 전국법관대표회의 선언 의안’ 등을 두고 일종의 끝장토론을 벌이기로 했다.  김 원장은 이번 사태 처리방침을 혼자서 결정하지 않고 법원 내·외부 의견을 고루 듣고서 처리하겠다고 했다. 그러나 의견수렴 과정이 판사들 간에 잠재된 불만과 갈등을 드러내는 계기가 된 게 아니냐는 지적도 나온다. 전날 교수·시민단체·언론인 등 외부인사가 참여하는 ‘국민과 함께한 사법발전위원회’ 회의에서도 ‘수사로 밝히기 어렵다’ 또는 ‘수사협조나 고발이 필요하다’ 등 여러 의견이 있었다.  나승철 법무법인 대호 변호사(전 서울변회 회장)는 “공무원이 직무상 범죄혐의를 발견하면 신고해야 한다”며 “젊은 판사들의 움직임에 대해 사법부가 가볍게 행동한다는 비판이있는데 법대로 하는 게 사법의 신뢰를 지키는 것”이라고 말했다.   반면 부장판사 출신 또다른 변호사는 “판사들 가운데 김명수 원장이 이번 사태를 세련되게 처리하지 못한다는 비판이 다수 있는 걸로 안다”며 “선배 법관들과 후배 법관들의 갈등의 골이 깊어질 수 있다”고 말했다.      김명수 대법원장과 양승태 전 대법원장.  ▶계좌회복프로젝트! 상위 전문가의 투자전략 및 추천종목‘[무료확인]’ ▶14년 연속 1위, 대한민국 대   표 스탁론 하이스탁론 '    ' ＜ⓒ종합 경제정보 미디어 이데일리 - 무단전재 & 재배포 금지＞   "
192,2,"2018-06-07","05:30:00","""美 철강쿼터 악재에도 매출 유지""…세아제강, 해외거점 강화 전략 통했다","- '최대 피해자' 예상 뒤집고 순항 - 수출 주력품목 유정용 강관 - 한국산 절반 수출길 막혔지만 - 2년 전 설립한 휴스턴 생산법인 - 올해 안 풀가동으로 실적 확보 - LA 판매법인도 반덤핑 관세 대응      세아제강 포항공장에서 생산되는 강관 제품.세아제강 제공[이데일리 남궁민관 기자] 미국철강 쿼터제 도입의 제1 피해자로 꼽혔던 세아제강(003030)이 선제적 대응에 힘입어 ‘위기’를 ‘기회’로 바꿔가고 있다. 미국의 유정용 강관(OCGT) 등 한국산 제품 수입 제한과 이에 더한 반덤핑 공세 속에서도 리스크 관리 차원에서 만든 미국 현지 생산법인(SSUSA) 및 판매법인(SSA)이 수출길 확보에 큰 역할을 해내고 있기 때문이다.   6일 업계에 따르면 세아제강의 미국 생산법인 SSUSA(SeAH Steel USA)는 1분기 안정화를 위한 테스트 생산을 마무리 짓고 2분기부터 본격 상업생산에 돌입했다. 1분기 평균 가동률은 27%로, 3~4분기 중 완전 정상화를 위해 현재 가동률 끌어올리기에 한창이다.   세아제강의 SSUSA는 앞서 2016년 11월 미국 휴스턴에 위치한 유정용 강관 제조 및 프로세싱업체 두곳을 약 1억달러에 인수한 이후 설립한 생산법인이다. 미국 현지에서 직접 유정용 강관을 생산해 판매하는만큼, 향후 가동률 정상화는 올해 세아제강의 실적 방어에 중요한 열쇠로 작용할 전망이다. 미국 정부의 한국산 철강제품에 대한 수입량 규제인 쿼터제의 영양권 밖에 있기 때문이다.   앞서 미국은 올해 한국산 강관 수입을 지난 3년간(2015~2017년) 평균의 51%(102만6246t(톤))로 제한했다. 이중 유정용강관은 올해 46만868t으로 제한됐으며, 마찬가지로 지난해(92만8701t) 대비 절반 수준에 그치는 상황이다. 국내 강관업체들의 쿼터 할당량은구체적으로 알려지지 않았지만 평균적으로 수출실적이 지난해 대비 반토막 날 위기에 처한 셈이다.   하지만 세아제강은 앞선 SSUSA 설립에 따라 한결 나은 상황이다. 세아제강은 한국철강협회 및 관련업계들과의 협의를 통해 올해 대미 유정용 강관 수출량으로 12만t 수준을 할   당 받은 것으로 알려졌다. 이에 더해 SSUSA의 생산 및 판매가 정상화되면 유정용 강관을 최대 27만t까지 미국에서 판매할 수 있을 전망이다.  또 다른 주요 강관제품인 송유관 쿼터 할당량까지 고려하면 최대 40만t에 육박하는 강관을 미국에 판매할 수 있다는 추산이 가능하다. 지난해 세아제강의 미국 강관 수출량(50만t)의 80%에 이르는, 상대적으로 양호한 성적이다.      [이데일리 문승용 기자]세아제강의 이같은 선제적 대응이 가능했던 것은창업주로부터 이어져 온 ‘해외거점’ 강화 전략이 빛을 발한 결과다. 창업주인 고(故) 이종덕 세아그룹 명예회장은 그룹 초창기 시절부터 해외시장 진출의 필요성을 역설해왔다. 실제로 내수시장만으로도 호황을 누렸던 1978년 세아그룹 태동기 핵심구성원이자 이 명예회장의 사위인이병준 전 회장이 미국 로스엔젤레스(LA)에 SSA(SeAH Steel America)를 설립하기도 했다.  특히 SSA는 이번 쿼터제 도입과 함께 미국정부의 또 다른 통상압박 카드인 반덤핑 관세 부과에서 타 국내 기업들 대비 긍정적 결과를 끌어내기도 했다. 미국 상무부는 2014년부터 한국산 유정용강관에 대해 반덩핑 관세를 부과해왔으며, 세아제강은 2014년 7월 12.82%(최대 현대제철 15.75%), 지난해 4월 1차연도(2014~2015년) 연례재심 최종판정에서 2.76%(넥스틸 24.92%), 올해 4월 2차 연도(2015~2016년) 연례재심 최종판정에서 6.75%(넥스틸 75.81%)를 부과받았다.   때마침 미국의 철강 관련 통상압박 흐름에 따라 현지 철강 내수 및 수입가격이 빠르게 오르면서 수익성 개선 가능성까지 높아졌다. 월스트리트저널(WSJ)에 따르면 열연은 지난해 평균 t당 684달러에서 올해 4월 952달러로 급등했다. 냉연과 강관도 유사한 흐름을 보이고 있다.  세아제강 관계자는 “오너 2세 체제로 넘어갈 무렵 향후 해외시장, 특히 미국 시장이 중요한 시장이 될 것이라는 창업주의 판단이있었고 이따라 SSA 설립 등 해외진출에 공을 들여왔다”며 “미국에 진출한지 30년이 넘은 SSA 덕분에 현지 시장에 대한 이해가 높았고, 이를   통해 반덤핑 관세 대응부터 미국 생산법인 설립까지 시의적절한 성과를 낼 수 있었다”고 설명했다. 회사측은 올해 미국발 최악의 위기 속에서도 매출액이 전년 수준을 유지할 것으로 전망하고 있다.  ▶계좌회복프로젝트! 상위 전문가의 투자전략 및 추천종목‘[무료확인]’ ▶14년 연속 1위, 대한민국 대표 스탁론 하이스탁론 '    ' ＜ⓒ종합 경제정보 미디어 이데일리 - 무단전재 & 재배포 금지＞   "
192,3,"2018-06-07","05:25:11","""美 철강쿼터 악재에도 매출 유지""…세아제강, 해외거점 강화 전략 통했다","[머니투데이 뉴욕(미국)=송정렬 특파원]  달러가 유로강세에 약세를 보였다.   6일(현지시간) 뉴욕외환시장에서 주요 6개국 통화에 대한 달러가치를 나타내는 미국 달러 인덱스는 전일대비 0.24% 하락한 93.66을 기록했다.   ECB 관료들이 ECB가 오는 14일 통화정책회의에서 양적완화 프로그램의 종료를 논의할 것이라고 밝히면서 유로가 강세를 보이며 달러 하락을주도했다.   달러/유로 환율은 전일대비 0.4608% 상승한 1.1773달러(유로가치 상승)에 거래됐다. 엔/달러 환율은 전일대비 0.37% 오른 110.19엔(달러가치상승)을 기록했다.      주식담보대출도 이제 부담없는 금리로 가능(안내: 02-3775-1497)   ▶▶ 2018년! 하반기를 뜨겁게 달굴 ""급등 유력株"" TOP.10 긴급공개 (클릭)   ▶▶ 단독! 정책+수급+실적 3박자를 두루 갖춘 TOP 시크릿 급등 유망주 지금 공개 (클릭)     [파워 인터뷰]      [관련기사] ☞ '58년 개띠'의 은퇴…한국, 車 산업 변화가 시작된다 ☞ '김정은 전용기 추락'…고사 지내는 日 우익들 ☞ [사진]김문수 후보 유세차, 중앙선 넘어 역주행 ☞ 북미 정상회담 장소, 왜 '카펠라 호텔'일까? ☞ '롯데월드타워등반' 알랭 로베르, 75층서 중단       주식매입자금? 전화 한통화면 당신은 스마트컨슈머!    최저금리로 신용·미수 대환 하는 가장 경제적인 방법 (바로 확인)   ‘개미’말고 ‘슈퍼 투자자’되고 싶다면?...‘이것’만 잘 이용해도 가능해요!       뉴욕(미국)=송정렬 특파원 songjr@mt.co.kr    <저작권자 ⓒ '돈이 보이는 리얼타임 뉴스' 머니투데이, 무단전재 및 재배포 금지>"
192,4,"2018-06-07","05:25:00","중견건설사 '돈 되는' 사업다각화","[머니투데이 박치현 기자] [서희건설 뉴스테이 자체사업…신세계건설은 브랜드 출시해 주택사업 매진]   건설경기 둔화를 대비해 중견건설사들이 기존 주력인 주택사업에서 벗어나 새 먹거리를 찾아 나섰다.  　  6일 업계에 따르면 서희건설·신세계건설 등 중견건설사들은 수익성을 확보하기 위해 사업포트폴리오를 다각화하고 있다. 서희건설은 지역주택조합 중심의 주택부문을 확장해 임대사업에 나선다. 경기 평택시 팽성읍 안정리에 ‘기업형임대주택’(뉴스테이) 818가구를 공급할 예정이다.  　  뉴스테이는 사업자가 정부지원을 받아 최소거주기간 8년, 임대료 상승률 5% 이하 임대주택을 공급하는 사업이다. 오는 7월부터 공공성이 강화돼 임대료가 주변 시세의 95% 수준으로 책정된다.  　  시행은 서희건설 계열사 유성티엔에스가 맡았다. 서희건설 자체사업으로는 2011년 ‘양주 덕정역 스타힐스’ 분양 이후 처음이다.  　  서희건설 관계자는 “지역주택조합 사업으로 쌓은 주택공급능력을 바탕으로 뉴스테이 사업에도 뛰어들게 됐다”며 “토지확보 등 어려운 점이 많지만 기회만 있다면 계속 추진할 것”이라 밝혔다.  　  신세계건설은 이마트·신세계백화점 건립과 같은 계열사 사업에 의존해왔지만 최근 자생력을 키우기 위해 신규 주거브랜드 ‘빌리브’(VILLIV)를 내놓고 주택사업에 본격 뛰어들었다.  　  빌리브에는 신세계건설 및 그룹 관계사와 협업을 통해 주거특화 서비스가 제공된다. 반려동물 서비스(몰리스펫샵) 신세계리테일 상가 입점,이마트24 브랜드를 활용한 조식서비스도 논의되고 있다.  　  첫 단지는 7일 청약접수를 시작하는 울산 중구 학성동 ‘빌리브울산’(567가구)이다. 올 10월에는 오피스텔 ‘빌리브하남’ 공급이 예정됐다.  　  신세계건설 관계자는 “올해 경영방침 중 하나가 주택사업으로 성공적 진출”이라며 “앞으로 단순시공뿐 아니라 개발·운영까지 담당하는 디벨로퍼로 도약할 것”이라 밝혔다.  　  반도건설과 우미건설은 지식산업센터시장에 진출했다. 반도건설은 다음달 경기 성남시 수정구 고등지구에서 첫 지식산업센터 ‘반도 아이비밸리’를 공급한다. 지난 1월 매입한 서울 영등포구 영등포동 NH농협은행 영등포시장역지점 부지에도 지식산업센터를 지을 계획이다. 우미건설은 지난해 10월 광교신도시에서 ‘광교 뉴브’ 분양한 것을 시작으로 관련사업을 지속적으로 강화할 예정이다.  　  김영덕 한국건설산업연구원 연구위원은 “수년간 호황으로 건설사들의 현금유동성이 높아 사업여력은 충분하다”면서도 “새로 뛰어든 사업의 안정성이 보장되지 않기 때문에 신중할 필요가 있다”고 말했다.      주식담보대출도 이제 부담없는 금리로 가능(안내: 02-3775-1497)   ▶▶ 2018년! 하반기를 뜨겁게 달굴 ""급등 유력株"" TOP.10 긴급공개 (클릭)   ▶▶ 단독! 정책+수급+실적 3박자를 두루 갖춘 TOP 시크릿 급등 유망주 지금 공개 (클릭)     [파워 인터뷰]      [관련기사] ☞ '58년 개띠'의 은퇴…한국, 車 산업 변화가 시작된다 ☞ '김정은 전용기 추락'…고사 지내는 日 우익들 ☞ [사진]김문수 후보 유세차, 중앙선 넘어 역주행 ☞ 북미 정상회담 장소, 왜 '카펠라 호텔'일까? ☞ '롯데월드타워등반' 알랭 로베르, 75층서 중단       주식매입자금? 전화 한통화면 당신은 스마트컨슈머!    최저금리로 신용·미수 대환 하는 가장 경제적인 방법 (바로 확인)   ‘개미’말고 ‘슈퍼 투자자’되고 싶다면?...‘이것’만 잘 이용해도 가능해요!       박치현 기자 wittgen@mt.co.kr    <저작권자 ⓒ '돈이 보이는 리얼타임 뉴스' 머니투데이, 무단전재 및 재배포 금지>"
192,5,"2018-06-07","05:20:00","25년전 ""마누라 빼고 다 바꿔라"" 외쳤던 삼성, 올해는…","[머니투데이 김성은 기자] [삼성, 7일 '신경영 선포' 25주년 맞지만 별도 행사 없이 조용히 지나갈 듯…삼성바이오로직스, 증선위 '주목']        ""이대로 가다간 망할지도 모른다는 위기감을 온몸으로 느끼고 있다. 내가 등허리에 식은땀이 난다""   ""삼성은 이제 양 위주의 의식, 체질, 제도, 관행에서 벗어나 질 위주로 철저히 변해야 한다""   ""마누라와 자식만 빼고 다 바꿔라""(이상 이건희 삼성전자 회장 어록)   1990년대 초반, 조직 내 무사 안일주의와 타성에 젖은 분위기에 위기감을 느꼈던 이건희 삼성전자 회장의 고민과 그 고민에 대한 대책은 1993년 6월 신경영 선포로 이어졌다.   6일 재계에 따르면 삼성은 7일 신경영 선포 25주년을 맞는다. 신경영 선언이란 이 회장이 1993년 6월7일 독일 프랑크푸르트에서 자기혁신 경영철학을 강조하며 전 임직원에 선포한 것으로 그룹 내에서는 글로벌 삼성을 만든 핵심 성장 원동력으로 여겨진다. 품질 위주의 경영, 열린인사 제도, 여성인력 활용 확대 등이 이 때부터 자리 잡았다.   4반세기째 기념비적인 날이 돌아왔지만 삼성 내부적으로는 별도의 행사 없이 차분히 보낼 것으로 알려졌다. 이날 삼성은 별도 기념식이나 사내방송을 진행하지 않는다. 회장단이나 부문장 등으로부터의 별도 메세지가 사내 인트라넷에 전달될지 여부도 검토되지 않은 것으로 전해졌다.   신경영 선언 20주년이 됐던 2013년, 삼성은 당시 경영진을 대상으로 만찬을 준비하고 학술포럼도 진행했다. 임직원들에게는 격려금이 지급됐다. 이듬해인 2014년에는 이 회장이 갑작스레 심근경색으로 쓰러져 입원하게 되면서 삼성은 이를 기념하는 행사를 지내지 못했다.   2015년에는 그룹 사내방송의 기념 프로그램을 통해 내부적으로 신경영 선언의 의미를 다졌고 당시 이 회장의 쾌유를 기원하는 직원들의 게시글이 잇따랐다. 2016년부터는 이마저도 진행되지 않았다.   지난해에는 이 회장이 여전히 와병중인데다 이재용 삼성전자 부회장이 구속돼 재판을 받는 상황도 감안돼 이를 기념할 만한 여건이 더더욱 되지 못했다.   이 부회장은 올해 2월 '박근혜·최순실' 국정농단 사태와 관련한 항소심에서 집행유예 판결을 받고 풀려났지만 해외 경영 네트워크 복원 등에 집중할 뿐 정중동의 움직임을 이어가는 중이다. 이 부회장은 지난달 31일 해외 출장길에 올라 약 일주일간 국외 체류했다.   재계 안팎에서는 대법원 판단이 아직 남아 있는데다 그룹 안팎이 처한 여러 난제들에 비춰볼 때 이 부회장이 당분간 경영 전면에 나서 세간의 집중을 받는 일은 자제할 것이라 관측한다.   공교롭게도 신경영 선포 25주년을 맞는 7일, 금융위원회는 증권선물위원회를 열어 삼성바이오로직스의 분식회계 의혹을 다룬다. 의혹을 제기한 금융감독원 측과 최악의 경우 상장폐지에까지도 이를 수 있는 삼성바이오로직스 측이 핵심 쟁점들에 대해 한치의 양보도 없는 공방전을 예고했다.       주식담보대출도 이제 부담없는 금리로 가능(안내: 02-3775-1497)   ▶▶ 2018년! 하반기를 뜨겁게 달굴 ""급등 유력株"" TOP.10 긴급공개 (클릭)   ▶▶ 단독! 정책+수급+실적 3박자를 두루 갖춘 TOP 시크릿 급등 유망주 지금 공개 (클릭)     [파워 인터뷰]      [관련기사] ☞ '58년 개띠'의 은퇴…한국, 車 산업 변화가 시작된다 ☞ '김정은 전용기 추락'…고사 지내는 日 우익들 ☞ [사진]김문수 후보 유세차, 중앙선 넘어 역주행 ☞ [영상]김문수 유세차량 역주행논란...취재진 요청 때문 아냐 ☞ TS트릴리온, 신제품 TS스칼프앤헤어케어 드라이어 출시      주식매입자금? 전화 한통화면 당신은 스마트컨슈머!    최저금리로 신용·미수 대환 하는 가장 경제적인 방법 (바로 확인)   ‘개미’말고 ‘슈퍼 투자자’되고 싶다면?...‘이것’만 잘 이용해도 가능해요!       김성은 기자 gttsw@mt.co.kr    <저작권자 ⓒ '돈이 보이는 리얼타임 뉴스' 머니투데이, 무단전재 및 재배포 금지>"
192,6,"2018-06-07","05:20:00","""앞집서 물이 넘쳐 우리 집에 곰팡이…어쩌죠""","[머니투데이 전선애 변호사, 김종훈 기자] [[the L] [우리집소송] ""지난번엔 돈 모아서 고쳐주더니 이번엔 나몰라라…법으로 해결할 수 있나요""]       Q. 저는 빌라 반지하층에 살고 있는 주부입니다. 지금 반지하층 앞집에는 아무도 살지 않습니다. 그런데 그 집 현관문에서 물이 새어 나와 저희 집 현관까지 물이 축축하게 고였습니다. 물이 차면 안 되니까 제가 양동이로 일일이 퍼담아서 밖에 버리고 있습니다. 안 그러면 저희 집안까지 물이 들어올 것 같습니다.   예전에도 우리 빌라 반지하층에 물이 한번 역류해 앞집 주인과 통화하고, 앞집 라인 1, 2, 3층 거주자들이 돈을 걷어 화장실 공사를 했는데요. 그 후에도 계속 물이 새는데 지금 윗집 사람들은 모른다고만 하고, 앞집 주인에게 가서 따지라는 식으로 나옵니다. 당연히 제 앞집 주인은윗층 사람들이 쓰는 물이 역류하는 것이라며 윗집 사람들이 돈을 함께 내서 공사를 다시 해야 한다고 주장합니다. 앞집 주인은 자기 혼자 수리비를 내야 한다면 공사를 하지 않겠다고 우깁니다.   이런 갈등 때문에 멀쩡한 저희 집만 피해를 보고 있습니다. 아무리 물을 퍼 날라도 2~3시간 후면 또다시 물이 고여 있습니다. 퇴근하고 물을퍼다 버리고 아침에도 물을 퍼다 버리는데 진짜 스트레스가 엄청 납니다. 특히 습기까지 생겨 집안에 곰팡이가 피고 있는데요. 만약 우리 반지하층의 누수 방지 공사를 한다면 윗집 사람들도 함께 돈을 걷어서 해야하는 것 아닌가요? 법으로 어떻게 해결할 방법이 없나요?    A. 법률사무소 로앤탑의 전선애 변호사입니다. 침수로 인해 상당한 불편을 겪고 있는데 앞집 라인 사람들과 앞집 주인이 서로 책임을 떠넘기고 있군요. 바로 답변 들어가겠습니다.   말씀하신 문제는 민법 제758조 제1항을 통해 답을 구할 수 있습니다. 이 조항을 보면 '공작물의 설치 또는 보존의 하자로 인하여 타인에게 손해를 가한 때에는 공작물점유자가 손해를 배상할 책임이 있다. 그러나 점유자가 손해의 방지에 필요한 주의를 해태하지 아니한 때에는 그 소유자가 손해를 배상할 책임이 있다'고 돼 있습니다.   선생님 말씀처럼 앞집과 앞집 라인 1,2 3층 때문에 물이 역류하는게 맞다면 지금 살고 있는 사람들이 선생님의 손해에 대한 책임을 져야 합니다. 수리비 뿐만 아니라 침수로 인해 발생한 손해 역시 배상 범위에 들어가는데요. 다만 앞집은 살고 있는 사람이 없다고 하셨으니 앞집 주인이 책임자가 되겠죠.   다만 이런 손해배상 청구소송을 하려면 1)앞집의 하수시설 관리소홀로 보존의 하자가 발생하게 된 점 2)앞집 하수시설 하자로 인해 우리 집에 역류가 발생한 점 3)이로 인한 손해액 등을 증명할 수 있어야 합니다. 특히 앞집의 하수시설 하자로 인해 역류가 발생했다는 것은 정확한 감정을 통해 밝혀야 하고 기술적으로 역류 원인까지 찾아야 합니다.   그러니 공사 전문가에게 역류 원인을 듣고 이를 근거로 일단 앞집 사람들과 원만하게 합의해 보는 게 우선입니다. 만약 그랬는데도 앞집 사람들이 서로 책임을 전가한다면 내용증명을 보내고 다시 합의를 시도해보세요. 그래도 합의가 안 된다면 법적 절차로 갈 수밖에 없을 것 같습니다. 손해배상을 원하는 금액에 따라 소액사건심판이나 지급명령 같은 절차를 활용할 수 있습니다.  ※'우리집 소송'은 독자 여러분과 함께 만들어가는 코너입니다. 우리집을 둘러싼 크고 작은 부동산 관련 분쟁에 대해 궁금한 점이 있다면 ninachum24@mt.co.kr로 자초지종을 자세히 보내주세요. 법률사무소 로앤탑의 전선애 변호사와 함께 성실히 답변해드리겠습니다.       주식담보대출도 이제 부담없는 금리로 가능(안내: 02-3775-1497)   ▶▶ 2018년! 하반기를 뜨겁게 달굴 ""급등 유력株"" TOP.10 긴급공개 (클릭)   ▶▶ 단독! 정책+수급+실적 3박자를 두루 갖춘 TOP 시크릿 급등 유망주 지금 공개 (클릭)     [파워 인터뷰]      [관련기사] ☞ '58년 개띠'의 은퇴…한국, 車 산업 변화가 시작된다 ☞ '김정은 전용기 추락'…고사 지내는 日 우익들 ☞ [사진]김문수 후보 유세차, 중앙선 넘어 역주행 ☞ [영상]김문수 유세차량 역주행논란...취재진 요청 때문 아냐 ☞ TS트릴리온, 신제품 TS스칼프앤헤어케어 드라이어 출시      주식매입자금? 전화 한통화면 당신은 스마트컨슈머!    최저금리로 신용·미수 대환 하는 가장 경제적인 방법 (바로 확인)   ‘개미’말고 ‘슈퍼 투자자’되고 싶다면?...‘이것’만 잘 이용해도 가능해요!       전선애 변호사, 김종훈 기자 ninachum24@mt.co.kr    <저작권자 ⓒ '돈이 보이는 리얼타임 뉴스' 머니투데이, 무단전재 및 재배포 금지>"
192,7,"2018-06-07","05:20:00","일감몰아주기 해소…한화 3세 경영능력 '시험대'","- 논란 꼬리표 떼고 '진검승부' - 김동관 전무, 큐셀서 태양광 지휘 - 김동원 상무, 생명서 핀테크 주도 - 3세 경영능력 증명할 판마련된 셈 - 중장기 지주회사 체제 가능성 높아 - 경영성과 따라 승계작업 빨라질듯      한화그룹 오너 3세 김동관(오른쪽) 한화큐셀 전무와 김동원 한화생명 상무.이데일리DB[이데일리 남궁민관 기자] 한화그룹이 ‘앓는 이’ 한화S&C 일감몰아주기 해소에 팔을 걷어붙였다. 일감몰아주기는 그동안 한화 오너 3세들에 꼬리표처럼 따라붙어왔던 논란으로, 이번 해소 방안 발표로 향후 이들의 경영활동에 힘이 붙을 전망이다.   특히 한화그룹은 경영기획실을 해체하고 ㈜한화의 그룹 내 역할을 강화하며 향후 지주회사 체제를 예고하기도 했다. 일감몰아주기 해소를 통해 오너 3세들의 경영활동에 힘을 보태는 동시에, 향후 점진적 지주회사 체제 전환을 통해 논란없는 경영승계를 이뤄내기 위한 정공법으로 풀이된다.  ◇일감몰아주기 해소…김동관 ‘진검승부’ 판 깔았다  한화그룹은 지난해 10월 한화S&C를 기존 존속법인(H솔루션)과 사업부문(한화S&C)으로 물적분할한 데 이어 지난달 31일 다시 한화S&C를 한화시스템과 합병키로 결정했다. H솔루션과 한화S&C 물적분할 당시 H솔루션은 지분 44.6%를 스틱인베스트먼트에 매각했으며 합병 이후인 지난 5일 H솔루션은 합병법인의 지분 11.6%를 추가적으로 스틱인베스트먼트에 매각했다. 일감 몰아주기를 완전히 해소하게 됐다.  이같은 조치는 오너 3세들의 경영활동에 큰 힘을 불어넣을 전망이다. H솔루션은 김승연한화그룹 회장의 세 아들이 지분 100%(김동관 50%, 김동원 25%, 김동선 25%)를 보유한 회사로, 자회사인 한화S&C의 일감 몰아주기는 곧 이들에게 회사의 이익을 몰아주는 것 아니냐는 사익편취 논란으로 이어져왔다. 때문에 이번 일감몰아주기 해소는 이들에 대한 부정적 인식을 제거하는 동시에 경영활동에 대한 재평가를 끌어낼 기회로 여겨진다.  한화그룹의 컨트롤타워 역할을 맡아왔던 경영기획실 해체 역시 오너  3세들의 경영활동을 빛나게 할 계기로 풀이된다. 한화그룹은 지난달 31일 경영기획실 해체를 주요 내용으로 한 경영쇄신안을 함께 발표했다. 각 계열사별 이사회를 강화해 투명하고 독립적인 경영활동을 전개하겠다는 목적이다.   현재 김 회장의 장남 김동관 전무는 한화큐셀에서 그룹의 핵심 성장동력인 태양광 사업을 진두지휘하고 있으며 차남 김동원 상무는 한화생명에서 또 다른 먹거리 핀테크 사업을 주도하고 있다. 이같이 각 계열사별로 경영활동을 전개 중인 오너 3세들에게는 오히려 자신들의 독립적 의사결정을 발휘, 경영능력을 증명할 적합한 판이 마련된 셈이다.      [이데일리 이동훈 기자]◇중장기 지주회사 전환 염두…한화큐셀·생명 경영성과 주목  한화그룹의 향후 경영승계 행보에도 관심이 높아지고 있다. 일감몰아주기 해소를 통해 오너 3세들의 경영활동에 힘을 보탠 데 이어 경영기획실 해체하며 ㈜한화에 지주회사 역할을 맡겼다는 점에 주목한 것이다. 이는 앞서 조현준 회장과 정기선 부사장의 경영승계 작업의 일환으로 효성과 현대중공업그룹이 지주회사 체제로 전환한 사례와비교 가능하다.  재계에서는 향후 한화그룹이 중장기적으로 ㈜한화와 H솔루션의 합병 등을 통해 지주회사 체제 전환 및 경영승계를 추진할 가능성을 높게 보고 있다. 현재 김동관 전무의 ㈜한화 지분율은 4.4%, 김동원 상무는 1.7%에 그치는만큼, H솔루션과 합병을 통해 ㈜한화 지분율을 끌어올릴 수 있다는 것. H솔루션 역시 ㈜한화 지분의 2.2%를 보유하고 있다.  다만 이같은 시나리오가 가능해지기 위해서는H솔루션의 기업가치 제고가 선행돼야 한다. 현재 ㈜한화와 H솔루션의 자본 차이는 15대 1 수준으로 합병이 이뤄지더라도 실질적인 ㈜한화 지분확대 효과가 크지 않기 때문이다. 즉 김동관 전무의 경영 성과에 따라 이같은 시나리오의 추진 시점이 결정될 전망이다. H솔루션은 한화에너지 지분 100%를 보유하고 있으며, 한화에너지는 한화종합화학의 최대 주주(39.16%)다. 또 한화종합화학은 한화큐셀코리아 지분 50%를 보유   하고 있다. H솔루션이 직접 한화큐셀코리아 지분 10%를 보유하고 있기도 하다. 한화큐셀코리아의 활약에 따라 H솔루션의 자본 역시 증가할 수 있다.   금산분리 규제 역시 풀어야 할 복잡한 숙제다. 현재 ㈜한화가 보유하고 있는 한화생명 등 금융 계열사들의 지분을 해소해야하며, 이를 위해서는 향후 금융지주회사를 분리하는 작업이 뒤따를 전망이다. 이를 위해서는 금융에 몸담고 있는 김동원 상무의 역할이 중요할것으로 보인다.  한화그룹 관계자는 “이번 합병 결정 및 경영기획실 해체는 일감몰아주기 해소와 각 계열사 경영의 독립성 및 투명성확보에 오롯히 초점을 맞췄다”며 “㈜한화와 H솔루션의 합병, 그리고 지주회사 체제 전환 등은 전혀 검토하고 있지 않다”고 확대해석을 경계했다.  ▶계좌회복프로젝트! 상위 전문가의 투자전략 및 추천종목‘[ 무료확인]’ ▶14년 연속 1위, 대한민국 대표 스탁론 하이스탁론 '    ' ＜ⓒ종합 경제정보 미디어 이데일리 - 무단전재 & 재배포 금지＞   "
193,1,"2018-06-07","05:00:00","[신기욱 인터뷰②]""CVID, 불가능..北·美회담, '北정상국가화'에 초점 맞춰야""","- 비핵화, 정상국가 가는 디딤돌 돼야 - ""北, 지금도 핵 기술자 양성할 것"" - ""北 체제보장, 말 한마디면 뒤집혀"" - 실패 땐 '진짜위기'..""트럼프, 더 센 강공책 가능성"" - 일사천리 종전선언? 韓 '보여주기식 행보' 우려 커 - 스탠퍼드大 신기욱 亞 ·太 연구소...      [뉴욕=이데일리 이준기 특파원] “비핵화는 북한이 정상국가로 가는 중요한 스테핑 스톤(stepping stone·디딤돌)으로 설정돼야 한다.”  신기욱(사진) 미국 스탠퍼드대 사회학과 교수 겸 아시아태평양 연구소장은 5일(현지시간) 이데일리와의 인터뷰에서 6·12 싱가포르 북·미 정상회담의 핵심의제인북한의 완전한 비핵화(CVID)·완전한 체제보장(CVIG) 빅딜과 관련, “CVID·CVIG는 모두 현실적으로 불가능하다. 북한이 ‘정상국가’가 됐을 때나 가능한 일”이라며 이렇게 밝혔다. 그러면서 “북·미 정상회담의 초점이 비핵화에 맞춰져 있지만, 북한의 정상국가화라는 큰 틀에서논의할 필요가 있다”고 강조했다.  북한이 모든 핵 시설 리스트를 공개하지 않는 한 CVID는 불가능하고, 미국이 북한의 비핵화 방안을 믿지 못하듯 북한도 미국의 체제보장 방안을 믿지 못할 게 자명하기 때문에 북한이 핵을 보유할 필요도 또 사용할 필요도 없는, 소위 한국과 같은 ‘정상국가화’에 정상회담의 초점을 맞춰져야 한다는 게 신 소장의 생각이다.  ◇“北체제 보장, 비핵화보다 더 어려운 일”  구체적으로 CVID에 대해 신 소장은 “플루토늄과 달리 농축 우라늄 시설은 쉽게 은폐할 수 있다”며 “보유한 핵 노하우와 인력까지 완전히 제거해야 하는데, 가능하겠는가. 이 순간에도 차세대 핵 기술자들이 양성되고 있을 것”이라고 관측했다. 이어 “김정은 (북한 국무위원장)도 예전처럼 핵 실험장 폐쇄나 핵·미사일 실험 중단 정도의 카드로 정상회담장에 나올 수 없다는 것을 잘 알기 때문에 아마도 현재 보유한 핵을 폐기하는 수준까지는 갈 것”이라면서도 “과거에 비하면 엄청난 진전이긴 하지만, 이걸 북한의 완전한 비핵화로 볼 수 있을 것인지   에 대해선 논란이 있을 것”이라고 부연했다. CVIG에 대해서도 신 소장은 “미 의회 비준을 받는다고 해도, CVIG를 되돌리는 건 말 한마디 정도로 쉬운 일일 수 있다”며 “비핵화보다 더 어려운 일”이라고 했다.   다만, 신 소장은 “남북, 북·중 등 일련의 정상회담 등 지금까지 김정은의 행보를 보면 적어도 겉으론 북한을 정상국가처럼 만들고 싶어하는 것 같다”고 진단한 뒤 “미국·한국을 비롯해 국제사회는당근·채찍을 포함한 다양한 방법과 수단을 통해 북한의 정상국가화를 위한 노력을 아끼지 말아야 할 것”이라고 조언했다. 그러면서도 신 소장은 “이는 김정은 체제가 국제규범에 맞게 행동을 해야 한다는 것인데, 이를 위해선 경제적 분야뿐 아니라 인권문제 등도 개선해야 하므로쉬운 문제는 아닐 것”이라며 “그 길은 길고도 험난한 여정이 될 것”이라고 내다봤다.  ◇“적과의 동침 불가피..‘정치적 명분’ 챙길 것”  신 소장은 이번 정상회담 자체는 비교적 ‘낙관적’으로 볼 수 있다고 했다. 양 정상이 동상이몽 격이지만, ‘적과의 동침’을 해야 하는 상황이라는 점에서 “도널드 트럼프 대통령과 김정은 북한 국무위원장이 6·12 싱가포르 정상회담을 통해 ‘정치적 명분’을 챙기는 결과는 도출할 수 있다”는 것이다. 실제 트럼프 대통령이 지난 1일 방미(訪美)한 김영철 북한 노동당 부위원장을 극진히 환대하거나 최근 들어 CVID에 대해 언급하지 않은 점 등에 비춰 트럼프 대통령도 ‘판’을 깨지 않으려 한다는 게 신 소장의 분석이다. 그는 “트럼프는 이번 회담에서 비핵화와 관련해 이전과는 다른 매우 중요한 진전이라고 선언할 만한 수준의 것을 북한으로부터 받으려 할 것”이라며 “아마 지금 이 부분을 절충하고 있는 것으로 보인다”고 했다.   문제는 북한의 비핵화를 이행하는 과정에서 불거질 수 있다는 점이다. “서로에게 책임을 떠넘기거나 비난을 하면서 ‘진짜 위기’가 올 수 있다”는 게 신 소장의 우려다. 그는 “트럼프 대통령의 말대로 이번 회담을통해 북한의 비핵화와 한반도 평화체제 정착을 위한 ‘프로세스’와 북·미, 북·일 수교는 물론 대대적인 남북경협 등의 물꼬가 트이고 한반   도에 고착된 냉전체제가 해체되는 희망을 품을 수 있겠지만, 실패할 경우 이전보다 더 큰 위기가 올 가능성이 크다”며 “트럼프의 성향을 볼 때 실패의 책임을 북한으로 돌리면서 더 큰 강공책으로 나올지도 모른다”고 지적했다.       ◇‘남북미 정상회의’..“보여주기식 행보로 비칠 수도”  일각에선북·미 정상회담이 성공리에 마무리된다면 일각에선 남·북·미 정상회의와 종전선언이 잇따라 이뤄질 것이라는 관측도 나온다. 이와 관련,신 소장은 “한국이 원하는 그림이긴 하지만, 조급한 느낌을 준다”며 “특히 북·미 정상회담이 열리고 있는 싱가포르에 문 대통령이 합류하는 건 처음으로 남·북·미 3국 정상이 만난다는 상징적인 의미가 있을지 모르겠으나 이때 평화협정 문제를 거론하는 건 성급해 보이고 자칫한국이 보여주기식 행보에 집착한다는 인상을 줄 수도 있다”고 했다. 이어 “미국과 북한 모두 크게 환영하는 분위기도 아니다”고 했다. 신 소장은 “이번엔 북·미 정상 간 주요 현안에 대해 충분하고 긴밀한 대화가 진행되도록 하는 것이 좋을 것 같다”며 “남·북·미 정상회담은 앞으로 기회가 많을 것”이라고 했다.   제임스 매티스 국방장관 등 미국 고위급 인사들의 잇따른 부인에도, 북·미 정상회담에서주한미군 철수나 감축 문제가 논의될 것이라는 관측이 가시지 않는 데 대해서도 신 소장은 “그런 의구심이 드는 것도 사실이지만, 이 문제는 간단하지 않기 때문에 일부에서 생각하는 것처럼 일사천리로 진행될 사안이 아니다”며 “한·미 간이나 남남갈등이 생길 여지도 있다고 본다”고 봤다. 다만, 그는 “반대로 한국의 방위부담금 인상을 위해 트럼프 대통령이 미군철수 카드를 쓸 수는 있을 것”이라고 말했다.   ☞신기욱 소장은..연세대 사회학과를 졸업하고 워싱턴주립대에서 사회학 석·박사학위를 받았다. 2001년 스탠퍼드대 인문사회과학대 첫 한국인 종신교수로 부임했다. 2005년부터 아시아 태평양 연구소장직을 맡고 있다. 연 2회 한·미 정책포럼을 열어 한·미 간 가교 역할에 힘쓰   고 있다. 일본의 강상중(도쿄대 명예교수), 영국의 장하준(케임브리지대 교수)과 함께 3대 한국 출신 지식인으로 꼽힌다.  ▶계좌회복프로젝트! 상위 전문가의 투자전략 및 추천종목‘[무료확인]’ ▶14년 연속 1위, 대한민국 대표 스탁론 하이스탁론 '    ' ＜ⓒ종합 경제정보 미디어 이데일리 - 무단전재 & 재배포 금지＞   "
193,2,"2018-06-07","05:00:00","[이민없는 한국]⑤이민정책 총괄 컨트롤타워 만들어야","정부는 저출산 대책에 돈을 쏟아붓고 있지만, 지금 추세라면 몇 년 내 인구 감소가 불가피하다. 생산가능인구는 빠른 속도로 줄고 있다. 한국은 젊음을 잃고 있다. 더는 이민 정책에 대한 논의를 미룰 수 없다. 이데일리는 ‘개방적 이민정책으로 인구절벽 넘자’ 기획을 통해 한국 이민 정책의 방향을 함께 모색해본다. <편집자주>       [이데일리 이동훈 기자][이데일리 이진철 김형욱 기자] 지난해 타임지 선정 가장 영향력 있는 10대 30명에 뽑힌 한국인 혼혈 모델인 한현민(17)은 나이지리아인 아버지와 한국인 어머니 사이에서 태어났다. 한국에서 나고 자란 대한민국 국적의 국민임에도 혼혈 외모 때문에 차별적 질문을 종종 받는다.  한국 사회가 이미 ‘다문화 사회’로 진입하고 ‘이민 사회’를 눈앞에 두고 있는데도,한국인들의 인식은 단일민족 사회를 벗어나지 못하고 있다. 외국인들이 이웃 주민으로 존재하는 한 사회통합을 위해서는 이들을 흔쾌히 받아들이고 더불어 살 수 있는 자세를 갖춰야 한다.   하지만 다문화가정, 외국인근로자, 유학생 등 국내에서 체류 중인 외국인들을 위한제도나 사회 인식은 갈 길이 멀다. 체계적이고 합리적인 이민정책 수립이 필요하다는 문제 제기는 2000년대 후반부터 지속 제기돼 왔지만 아직 별다른 진전이 없는 게 현실이다.   우리나라에 거주하는 체류외국인 수는 올해 225만명을 넘었다. 총인구(5126만명) 대비 4.4%에달하는 규모다. 충청남도(212만명)를 넘어 대구광역시(247만명) 인구에 육박하고 있다. 앞으로도 저출산·고령화에 따른 외국노동력 유입과국제결혼 증가로 국내 체류외국인 수는 지속적으로 증가할 것으로 보인다. 정부는 체류외국인 수가 2030년에는 500만명을 넘어설 것으로 전망한다. 한 집 건너 사는 이웃주민으로 외국인을 봐야하는 시대가 성큼 다가온 것이다.  사정이 이런데도, 정부와 사회 모두 이에 대한준비가 부족하다. 특히 이민정책을 총괄하는 정부 컨트롤타워(Control Tower)가 없다보니 부처 간 업무 중복, 예산 낭비 등이 여전해 종합적   이고 체계적인 정책이 나올 수 없다는 지적이 나온다. 김혜순 계명대 사회학과 교수는 “정부내 이민청 같은 조직이 신설되면 총괄 역할을 맡아 외국인관리 정책을 통합적·효율적으로 운영할 수 있을 것”이라고 말했다.  ▶계좌회복프로젝트! 상위 전문가의 투자전략 및 추천종목‘[무료확인]’ ▶14년 연속 1위, 대한민국 대표 스탁론 하이스탁론 '    ' ＜ⓒ종합 경제정보 미디어 이데일리 -무단전재 & 재배포 금지＞   "
193,3,"2018-06-07","05:00:00","[이민없는 한국]⑥“외국근로자 없인 현장 안 돌아가요”","- 체류외국인 225만명 시대…스무 명 중 한 명꼴 외국인 이웃 - 저출산·일자리 미스매치 속 현장선 외국 인력 불가피 호소 - 인구 절벽에도 ‘민감한 여론’에 두 손 놓은 이민 관련 정책      황수경 통계청장(왼쪽)이 지난달 24일 경기도 안산시에 위치한 한 사업체를 찾아 이민자 조사를 하고 있다. ( 사진=통계청)  [세종=이데일리 김형욱 기자] 농림축산식품부는 농번기를 앞두고 올 초 관계부처와 협의해 계절 근로 외국인 투입을 전년보다 두 배 늘렸다. 40대 미만 ‘청년’이 1%도 안 되는 농촌에서 젊은 외국인 근로자는 이미 필수적인 존재다.  농업계뿐 아니다.수도권의 공단, 적잖은 숙박·음식점도 이미 외국인 인력 없인 돌아갈 수 없는 게 현실이다. 구인난에 시달리는 이곳 현장에서 높은 실업률, 역대 최악의 청년 구직난은 남의 얘기다. 3분의 2가 대학교에 진학하는 고학력화 속에 고된 육체노동을 할 사람은 없다.  더 큰 문제는 앞으로다. 역대 최저, 세계 최고 수준의 출산율이 이어지며 사회 전반의 일손 부족을 예고하고 있다. 현재는 일부 분야에 머물렀던 구인난이 전 부문으로 확대될 수 있는 것이다.  ◇이미 현실이 된 ‘외국인 이웃’…일자리 미스매치 해소  국내 체류외국인 수는 근로자, 결혼, 유학 등 이유로 매년 늘어나고 있다. 법무부 체류외국인 통계를 보면 2013년 158만명으로 처음 150만명을 넘어섰다. 또 2016년 205만명으로 200만명을 돌파했다. 올 3월 기준 225만명으로 다시 20만명 가까이 늘었다. 5100만여 인구 중 약 4.4%다. 이미 스무 명 중 한 명은 외국인인 셈이다.      (수치=법무부 체류외국인 통계)  실제론 이보다 더 많을 가능성이 크다. 통계청 이민자 체류실태 및 고용조사를 봐도 지난해 총 이민자 수는 128만명, 체류 외국인도 123만명에 달했다. 귀화 허가자 수도 5만여명이다. 수치화는 어렵지만 비합법적인 방식으로 입국해 체류하는 외국인 숫   자도 적잖은 것으로 추산된다.  이중 상당수는 이미 한국 사회에 녹아들고 있다. 전국에 다문화 가구 구성원이 96만여명이다. 다문화가정 2세도 벌써 수십만명에 달한다. 농촌 사회는 이미 결혼이주여성과 외국인 노동자를 빼고는 얘기할 수 없는 실정이다.  이들은 우리나라의 ‘일자리 미스매치’를 상당 부분 메우고 있다. 지난해 이민자(128만명)의 경제활동참가율은 70.8%로 60% 초반인 우리나라 내국인평균 수치보다 높다. 특히 남성 이민자의 경제활동참가율은 82.7%에 달한다. 우리나라 사람이 찾지 않는 농·어업이나 제조업 노무 등 이른바 궂은 일을 도맡는다.  ◇초저출산 속 예고된 인력부족 현상…“이민 정책이 해법”  이들의 필요성은 앞으로 점점 더 커질 수밖에 없다. 2000년 이후 이어진 초저출산 때문이다. 우리나라의 지난해 합계출산율(여성 1인 평균 출생아 수)은 1.05명으로 역대 최저일 뿐 아니라 전 세계에서도 가장 낮은 수치다. 저출산 문제를 겪는 선진국 중심의 경제협력개발기구(OECD) 평균 1.68명에도 턱없이 못 미친다.      그래픽=통계청  이 때문에 우리는 이르면 2024년부터 인구가 줄어들기 시작한다. 일할 사람이 줄어든다는 것이다. 더 큰 문제는 인구구조다. 고령자는 늘어나는데 일을 할 청년층은 줄어든다. 극심한 청년실업난을 겪는 현 시점에선 상상하기 어렵지만 불과 5~10년 후부터는 일본처럼 일할 사람을 찾을 수 없는 구인난에 빠질 가능성이 크다.  이민 확대 정책을 본격적으로 준비해야 한다는 목소리가 커지는 이유이다. 정부는 2000년 이후 저출산 대책에 국가 재정 200조원을 투입했으나 효과를 보지 못했다. 저출산의 근본 원인으로 꼽히는 청년 취업난과 성평등 등 문제는 단기 해결이 어려운 구조적 문제이기 때문이다. 또 출산율이 빠르게 회복한다고 하더라도 출생률이 급감한 2000~2020년생 ‘인구 절벽’은 이미 피할수 없는 가까운 미래의 현실이다.  신현웅 웅진재단 이사장(전 문화관광부 차관)은 “우리나라의 생산가능인구는 2016년 3770만명으로   정점을 찍은 후 10년 내 200만명, 20년 내 600만명이 줄어들어 50년 후인 2065년엔 2060만명까지 줄어든다”며 “이민 정책에서 해법을 찾아야 할 것”이라고 말했다.    그래픽=통계청  ▶계좌회복프로젝트! 상위 전문가의 투자전략 및 추천종목‘[ 무료확인]’ ▶14년 연속 1위, 대한민국 대표 스탁론 하이스탁론 '    ' ＜ⓒ종합 경제정보 미디어 이데일리 - 무단전재 & 재배포 금지＞   "
193,4,"2018-06-07","05:00:00","'신경영 선언'처럼…JY, 글로벌 인재 영입해 '뉴삼성' 속도","- 데이비드 은, 삼성전자 CIO 임명 - 세바스찬 승·다니엘 리 교수 영입 - 한결같은 '인재중심 경영' 돋보여      그래픽=이데일리 이동훈 기자  [이데일리 경계영 기자] “미래는 한 사람의 비범한 천재가 수만명을 부양하는 시대가 될 것이다. 21세기에 과학·기술 선진국으로 우뚝 서기 위해선 국적을 초월해 전 세계의 우수 인재를 모으는 것이 중요하다.” (이건희 삼성전자 회장의 저서 ‘생각 좀 하며 세상을 보자’)   경영이념으로 ‘인재 중시’를 우선 꼽을 정도로 사람의 중요성을 강조하는 삼성전자가 차세대 성장동력을 책임질 인재 영입에 속도를 내고 있다. 이건희 삼성전자 회장이 1980년대 반도체 사업을 본격화하는 과정에서 인재 영입에 직접 나선 데 이어 이번엔 이재용 삼성전자 부회장을 필두로 인공지능(AI) 분야 ‘S급 인재’ 모시기에 주력하는 모습이다.   ◇잇단 인재 영입…‘혁신’에 속도내는 삼성  6일 삼성전자등에 따르면 삼성전자는 산하 혁신조직인 삼성넥스트(Samsung NEXT)의 데이비드 은 사장을 삼성전자 최고혁신책임자(CIO)로 정식 발령냈다.   삼성전자가 CIO 직책을 만든 것은 이번이 처음이다. 이번 CIO 직책 신설은 그만큼 삼성이 혁신을 최우선 가치로 두고 미래 먹거리 개발에 적극 나서겠다는 의미로 풀이된다.   2012년 부사장급으로 삼성전자에 합류한 그는 이재용 부회장이 신뢰하는 ‘S급 인재’로 분류된다. 스타트업 투자와 우수한 인재 확보, 신사업 발굴 등을 책임졌던 삼성넥스트 사장인 동시에 삼성전자 CIO로서 전사의 ‘열린 혁신(Open Innovation)’을 주도할 그의 역할이 결코 가볍지 않다는 얘기다. 그 역시도 삼성넥스트 홈페이지에 실린 인터뷰에서 “CIO로서 5년 이후삼성전자의 비전을 만드는 데 더욱 초점을 맞출 것”이라며 강한 의지를 피력했다.   최근 삼성전자가 영입한 세바스찬 승(H.Sebastian Seung) 미국 프린스턴대학 교수와 다니엘 리(Daniel D.Lee) 펜실베니아대 교수도 ‘S급 인재’로 꼽힌다. 승 교수는 뇌 신경공학 기반 AI 분   야에서, 다니엘 리 교수는 AI 로보틱스 분야에서 각각 세계적 석학으로 손꼽힌다. 이들은 세계적 연구소인 벨랩(Bell Labs)을 거쳤으며 인간의 지적 활동을 그대로 모방한 컴퓨터 프로그램을 세계 최초로 공동 개발하기도 했다.   특히 삼성전자는 승 교수를 영입하며 최고연구과학(CRS) 자리까지 처음 만들었다. S급 인재를 어떻게 대우할지 고민한 흔적이 엿보이는 대목이다. 승 교수는 “혁신의 역사를 만들어온 삼성전자가 AI 분야에서도 새롭게 도약한다”고 합류 소감을 밝혔다.   지난해 말 한국과 미국에 이어 올해 영국, 캐나다, 러시아에 AI연구센터를 세우는 과정에서도 삼성의 ‘S급 인재’ 모시기는 이어졌다. 미국 실리콘밸리와 캐나다 토론토 AI연구센터는 지난해 모셔온 래리헥(Larry Heck) 전무가 맡고 있다. 구글과 마이크로소프트(MS)를 거친 헥 전무는 각각 ‘구글 어시스턴트’, ‘코타나’ 등 AI 서비스를 개발한 인재로 AI 분야 구루로 불린다.   영국 케임브리지와 러시아 모스크바 AI연구센터 리더로 있는 앤드류 블레이크(Andrew Blake)와 드미트리 베트로프(Dmitry Vetrov)도 AI 분야 전문가로 삼성전자가 공들여 영입한 인물이다.   ◇이재용, 美·EU 등 돌며 직접 인재 영입  최근 삼성전자에 합류한 인재의 면면은 삼성전자가 보는 차세대 성장동력에 대한 밑그림을 가늠케 한다는 평가가 나온다. 특히 이 부회장이 지난 2월 경영에 복귀한 이후 유럽과 북미, 중국, 홍콩 등 세 차례의 해외 출장을 돌며 사업을 구상하는 동시에 인재 스카우트에도 직접 힘쓴 것으로 전해졌다. 이 부회장의 생각이 영입된 인재에 반영돼있다는 의미다.   이는 앞서 25년 전인 1993년 6월 이건희 회장이대대적 혁신을 꾀했던 ‘신경영 선언’ 이후 핵심인재인 ‘S급 인재’ 영입에 열을 올린 것과 같은 맥락이다. 이건희 회장은 “핵심인재 확보방안을 전면 수정하고 사장들은 업무의 반 이상을 여기에 집중하라”고 할 정도였다. 그 스스로도 황창규 KT 회장과 진대제 전 삼성전자 사장 등의 영입을 직접 지시하기도 했다.   삼성에 정통한 관계자는 “최근 잇단 출장에서 이 부회장이 AI 분야와 관련한 투자와 인재 확보   등에 주력하는 것으로 보인다”며 “AI를 중심으로 한 차세대 성장동력 발굴에 더욱 탄력이 붙지 않겠느냐”고 예상했다.  ▶계좌회복프로젝트! 상위 전문가의 투자전략 및 추천종목‘[무료확인]’ ▶14년 연속 1위, 대한민국 대표 스탁론 하이스탁론 '    ' ＜ⓒ종합 경제정보 미디어 이데일리 - 무단전재 & 재배포 금지＞   "
193,5,"2018-06-07","05:00:00","[IR라운지]①최태원의 '닥공투자'.. SK하이닉스, 영업익 6년새 36배로","- SK그룹 편입 후 아낌없이 투자 - 연구개발비로만 年 2조원 이상 - 체질 개선 성공, 핵심 계열사로      [이데일리 이동훈 기자][이데일리 윤종성 기자] “올해 시설 투자는 최소한 지난해(10조3000억원)와 비교해 30% 이상 증가할 것이다”(4월 24일 컨퍼런스콜)   SK하이닉스(000660)가 올해 투자규모를 전년대비 30% 이상 늘리면서 지속 성장의 기반을 닦기 위한 ‘공격 투자’를 이어간다.   SK하이닉스는 2016년 6조3000억원을투자한 데 이어, 지난해에는 사상 최대인 10조3000억원의 투자를 집행했다.   올해도 이 같은 기조를 이어가 신규 공장 건설· 인프라확충 등에 13조원 중반대의 투자금액을 집행할 예정이다.   ◇올해 13조원 중반대 ‘사상 최대’ 투자  충북 충주에는 연말까지 2조 2000억원을 투자해 최첨단 낸드플래시 공장을 건설한다. 중국 우시 D램 공장은 9500억원을 들여 확장할 계획이다.   공장 증설로증가하는 후공정 물량에 대응하기 위해 내년까지 중국 충칭 후공정 공장의 생산능력도 확충한다.   생산성· 경쟁력을 유지는 물론, 메모리 산업 내 리더십도 확보라는 ‘두 마리 토끼’를 잡겠다는 심산이다.   시설 투자 뿐만이 아니다. 기술 경쟁력을 강화하기 위한 연구개발(R&D) 투자도 계속 늘려가고 있다.   2013년 이후 R&D 비용으로 꾸준히 1조원 이상을 투입했던 SK하이닉스는 2016년에는 매출액 대비 12.2%에 달하는 2조967억원을 R&D 투자비로 집행해 사상 처음 2조원을 돌파했다.   지난해에는 사상 최대인 2조4870억원을 R&D에 투입하면서고품질 고사양의 메모리반도체 개발에 주력하고 있다.  ◇오너 경영후 과감한 투자기조 계속돼  SK하이닉스는 2012년 SK그룹에 편입한 뒤로 오너 중심의 강력한 책임경영을 시작하면서 불황기에도 과감한 투자를 이어가고 있다.   반도체 불황의 그늘이짙었던 인수 첫해 최태원 회장의 공격적인 투자는 향후 SK하이닉스의 행보를 가늠할 수 있는 척도였다.   당시 인수 주체였던 SK텔레   콤은 3조3700억원에 하이닉스를 인수하면서 이중 1조300억원을 채권단 보유 지분(구주)을 인수하는데 썼다.   나머지 2조3400억원은 신주 발행을 통해 발행 금액이 회사 자본금으로 유입되는 구조였는데, SK하이닉스는 이 돈을 ‘마중물’로 활용해 3조 8500억원을 투자했다.   반도체 경기가 고꾸라지면서 대부분의 반도체업체들이 몸을 사렸던 시기에 SK하이닉스는 되레 1년 전(3조5000억원)보다 투자를 10% 가량 늘린 것이다. 시장은 깜짝 놀랐다.   SK하이닉스는 그 해 6월 이탈리아의 아이디어플래시(현 SK하이닉스 유럽 기술센터), 미국의컨트롤러 업체인 LAMD(현 SK하이닉스 메모리 솔루션 센터)를 인수하면서 낸드 역량을 강화했다.   세계 최고의 낸드 제조경쟁력을 갖췄다는 평가를 받는 청주 M12 공장도 그 해 가동을 시작했다.   SK그룹 편입 후 SK하이닉스가 2016년 한 해를 제외하고 매년 사상 최대실적을 올릴 수 있었던 것은 최태원 회장의 의지가 반영된 ‘공격 투자’가 있었기 때문이라 해도 과언은 아니다.   ◇올해도 사상 최대 실적 기대감  SK하이닉스는 지난해에도 매출 30조1000억원, 영업이익 13조7000억원, 순이익 10조6000억원의 경영실적을 달성, 전년대비 75%, 319%, 260% 늘었다.   매출· 영업이익· 순이익 모두 ‘사상 최대’였다.   올 들어서도 SK하이닉스의 ‘실적 슈퍼사이클’은 계속되고 있다. SK하이닉스는 올 1분기 매출 8조7197억원, 영업이익 4조3673억원, 순이익 3조1213억원을 올렸다.   분기 기준으로 역대 2위에 해당하는 호실적이다. 회사 측은 “지속적으로 수익 창출이 가능한 회사로 근본적 체질이 바뀌었음을 입증했다”고 강조했다.  시장에서는 SK하이닉스의 올해 연간 실적이 지난해를 넘어설 가능성을 높게 본다.  업계 내 위상도 더욱 공고해졌다는 평가를 받는다. 시장조사업체인 IHS마킷에 따르면 SK하이닉스는 지난해 전세계 반도체업계 ‘톱3(시장점유율 기준)’에 올랐다.   올 들어 유력 시장조사기관들이 메모리 시장 성장률을 상향 조정하고 있어 SK하이닉스의 입지는 더욱 탄탄해질 전망이다.   공격적인 투자와 실적   상승, 위상 강화 등 3박자가 맞물어지면서 기업가치도 대폭 상승했다.   SK그룹 편입 전인 2011년 초반 16조원(13위)에 그쳤던 SK하이닉스의 시가총액은 현재 60조원으로 불어나 삼성전자에 이어 2위다.  브랜드가치는 2조원을 넘었다. 최근 인터브랜드가 발표한 ‘2018 년 베스트 코리아 브랜드 순위’에서 SK하이닉스의 브랜드가치는 2조 680억원(12위)으로 조사됐다.   주목할 만한 사실은 SK하이닉스의 브랜드가치 성장률(29%)이 올해 선정된 50대 브랜드 가운데 가장 높았다는 점이다.   한 때 국내 대기업들이 인수를 꺼리면서 ‘미운오리새끼’ 취급을 받던 SK하이닉스가 SK그룹의 핵심 계열사로 우뚝 선 것이다.   무엇보다 SK텔레콤, SK이노베이션 등 내수 위주의주력 계열사를 뒀던 SK그룹이 수출기업이라는 평가를 받게 된 것은 SK하이닉스 역할이 컸다는 평가가 지배적이다.  ▶계좌회복프로젝트! 상위 전문가의 투자전략 및 추천종목‘[무료확인]’ ▶14년 연속 1위, 대한민국 대표 스탁론 하이스탁론 '    ' ＜ⓒ종합 경제정보 미디어 이데일리 - 무단전재 & 재배포 금지＞   "
193,6,"2018-06-07","05:00:00","[이민없는 한국]⑧이민정책, ‘정해진 미래’에서 ‘준비된 미래’로","- [기고]차규근 법무부 출입국·외국인 정책본부장      차규근 법무부 출입국·외국인 정책본부장[차규근 법무부 출입국·외국인 정책본부장] 국제이주기구(IOM)가 최근발간한 2018 세계이주보고서에 따르면 전 세계에는 세계인구의 3.3%인 약 2억 4400만명의 국제이주자가 존재한다. 국내 체류 외국인은 사드여파로 인한 중국인 관광객 감소, 북핵 문제로 인한 대내외적 위기 등의 악재 속에서도 전년도에 비해 증가해 2017년 12월 기준 약 218만명에 달한다.  통계청 기준 2017년 대한민국 인구 5144만6201명 대비 약 4.2%가 외국인인 셈이다. 이 중 75% 이하는 40대 이하이다. 그럼에도 한국은 아직 젊은 이민국이다. 경제협력개발기구(OECD)에 따르면 지난 2015년 인구수 대비 해외출생인구가 2%로 OECD 평균 13%, 유럽연합(EU) 평균 14%에 못 미치는 수준이다.  그래도 꾸준히 체류 외국인이 늘고 있다. 1948년 대한민국 정부 수립 이래 2007년 체류 외국인 100만 명을 넘기기까지 약 60년이 걸렸는데 그 후 200만 명을 넘기는 데는 겨우 10년이 걸렸다. 이대로 간다면 체류외국인은 2021년도에는 300만 명, 2025년도에는 400만 명으로 전체 인구의 8%가 될 것으로 예상된다.  이민정책이란 외국인의 출입국, 체류, 정주에 필요한 제반환경을 외교·안보·치안·경제·사회·문화 등 종합적인 시각에서 다루는 정책이다. 외국인의 입국 목적과 체류 유형은 매우 다양하며, 장기간에 걸쳐 우리나라의 경제·사회·치안·문화·안보 등에 집합적인 파급효과를 유발하는 만큼 중장기적인 관점에서 추진되어야 한다.  예를 들면 급증한 속성 국제결혼이 사회 문제로 대두되면서 2014년 4월 결혼이민비자 심사기준을 대폭 강화했다. 그런데 결과적으로 국내 결혼이민자의 증가추세는 감소했지만 건전한 국제결혼 문화 정착을 통해 국제결혼가정의 해체를 예방하고 결혼이민자 인권보호 및 국가신인도등을 제고하는 파급효과를 낳았다.  또한 이민정책은 국가를 이루는 세 가지 요소인 주권·영토·국민을 모두 다룬다. 출입국 심사를   통해 국경에서 주권을 행사함으로써 영토를 지킬 뿐만 아니라, 비자·체류·영주·국적·난민 행정을 통해 외국인들을 선별적으로 유입시키고 이들의 유출을 조절한다. 그야말로 국가 근간을 이루는 요소를 형성하는 국가조성(Nation Building) 행정이라 할 수 있다.  21세기 지식·정보경제체제에서 국가경쟁력의 핵심은 한 국가가 보유한 총체적인 ‘인적 자원의 양과 질’이 될 것으로 전망된다. 세계적으로 우수한인재를 유치하고 이민자들을 새로운 경제활동주체(생산자·소비자·부가가치 창출자)로 활용하기 위한 적극적이고 선제적인 정책에 대한 요구도 갈수록 높아지고 있다.  이민자 증가로 인해 필연적으로 발생하는 이민자와 선주민간의 사회갈등을 예방하고 최소화하는 사회통합역시 이민정책의 몫이다. 세계적인 이민 통합분야 전문가인 스위스 베른대학교 크리스티앙 요프게 교수는 “이민은 현재에도 미래에도 세계모든 나라에서 인기가 없을 것이다. 그럼에도 불구하고 세계의 정치 지도자들은 경제적이고 인구적인 이유뿐만 아니라 섞여야만 새로운 것이창조되기 때문에 이민자들이 필요하다는 것을 이해해야 한다”고 역설했다.  대한민국의 미래 성장동력 확보를 위해 이민정책에 대해보다 많은 관심과 논의가 필요하다. 사회갈등은 최소화하되 총량적 국부는 최대화하는 예비적이고 보완적인 이민정책을 통해 어쩌면 우리는‘정해진 미래’를 ‘준비된 미래‘로 바꿀 수도 있지 않을까.  ▶계좌회복프로젝트! 상위 전문가의 투자전략 및 추천종목‘[무료확인]’ ▶14년 연속 1위, 대한민국 대표 스탁론 하이스탁론 '    ' ＜ⓒ종합 경제정보 미디어 이데일리 - 무단전재 & 재배포 금지＞    "
193,7,"2018-06-07","05:00:00","[신기욱 인터뷰①]""文, 중재자 아닌 페이스 메이커 역할해야""","- ""비핵화 과정서 대화 어그러질 수 있어"" - ""돌발변수 막는 보조자 역할해야"" - ""한국 내 기대감 너무 커 걱정"" - ""일 그르치면 희생양 찾으려 할지도"" - ""냉철한 현실인식으로 진전시켜야"" - 스탠퍼드大 신기욱 亞·太 연구소장 인터뷰      [뉴욕=이데일리 이준기 특파원] 신기욱(사진) 미국 스탠퍼드대 사회학과 교수 겸 아시아태평양 연구소장은 5일(현지시간) 북·미 대화 국면에서 문재인정부의 역할과 관련, “미국과 북한이 오버하지 않도록 페이스를 조절하는 페이스 메이커(Pace maker)에 있다고 본다”고 말했다.   신 소장은 이날 이데일리와의 인터뷰에서 “문재인정부에 주문하고 싶은 건 최선을 다하되, 국민의 기대감을 너무 높이지 말고 현재의 국면을 잘 관리하면서 차분하게 북한 문제를 풀어갔으면 한다는 것”이라며 이처럼 밝혔다. 지난(至難)한 북한의 비핵화 과정에서 예기치 못한 돌발 변수로 자칫 현 대화국면이 어그러질 수있는 만큼 앞에서 끌어주고, 뒤에서 밀어주는 일종의 ‘보조적 역할’에 전념해야 한다는 의미다.   신 소장은 “지금 평화 프로세스가 진행되고 있는 건 참으로 다행한 일”이라며 문재인정부의 노력을 높이 평가하면서도 “낙관론을 견지해야 하겠지만, 한국 내 기대감이 너무 커져 있는 것은 좀 우려스럽다”고 재차 지적했다. 더 나아가 “아직 갈 길이 먼데, 한국민들은 거의 뭔가 다 된듯한 분위기에 들떠 있어 자칫 일이 그르칠 경우 실망감뿐 아니라 희생양까지 찾으려 할지도 모른다”고 우려했다.   특히 신 소장은 “도널드 트럼프 대통령의 성향상 언제 또 태도가 바뀔지 모르고 상황에 따라선 그에 대한 반작용으로 한국 내 반미(反美) 현상이 생길 수도 있다”고 내다봤다. 문재인대통령의 ‘한반도 운전자론’도 정확한 표현이 아니라고 했다. 신 소장은 “일련의 과정을 보면 북한이 치밀한 준비하에 전략적으로 움직인게 분명하다”며 “북한이 미국과의 정상회담을 위해 문재인정부를 활용했다고 보는 것이 더 정확한 표현일 것”이라고 했다. 그는 “미국도   단순히 문재인정부의 말만 믿고 북한과의 정상회담에 응한 것이 아니며, 나름 백 채널(back channel)을 통해 북한과 꾸준히 접촉을 해왔다”고 했다.  따라서 신 소장은 “한국으로선 미국·중국 등과 긴밀히 협조하면서 상황을 잘 관리해 나가야 하겠지만, 최악의 상황을 대비한 ‘플랜B’도 함께 만들어야 한다”고 조언했다.   그는 “한반도가 중요한 역사적 전환점에 서 있는 것은 분명하며, 미국의 대외정책에서 코리아가 이처럼 중요한 이슈가 된 것은 아마 6·25 이후 처음이 아닐까 한다”며 “섣부른 낙관론·비관론에 빠지기보단 냉철한 현실인식을 바탕으로 차분하게 한반도 평화 프로세스를 진전시켜가야 할 것”이라고 강조했다.  ▶계좌회복프로젝트! 상위 전문가의 투자전략 및 추천종목‘[무료확인]’ ▶14년 연속 1위, 대한민국 대표 스탁론 하이스탁론 '    ' ＜ⓒ종합 경제정보 미디어 이데일리 - 무단전재 & 재배포 금지＞   "
194,1,"2018-06-07","04:30:00","[부고]박경석씨(전국장애인차별철폐연대 대표) 모친상","[머니투데이 정주원 기자] ■신지균씨 별세, 박경석씨(전국장애인차별철폐연대 대표) 모친상=5일 서울대병원, 발인 8일 오전 8시30분. (02)2072-2020     주식담보대출도 이제 부담없는 금리로 가능(안내: 02-3775-1497)   ▶▶ 2018년! 하반기를 뜨겁게 달굴 ""급등 유력株"" TOP.10 긴급공개 (클릭)   ▶▶ 단독! 정책+수급+실적 3박자를 두루 갖춘 TOP 시크릿 급등 유망주 지금 공개 (클릭)     [파워 인터뷰]      [관련기사] ☞ '58년 개띠'의 은퇴…한국, 車 산업 변화가 시작된다 ☞ '김정은 전용기 추락'…고사 지내는 日 우익들 ☞ TS트릴리온, 신제품 TS스칼프앤헤어케어 드라이어 출시 ☞ '롯데월드타워 등반' 알랭 로베르, 75층서 중단  ☞ [사진] 김문수 후보 유세차, 중앙선 넘어 역주행      주식매입자금? 전화 한통화면 당신은 스마트컨슈머!    최저금리로 신용·미수 대환 하는 가장 경제적인 방법 (바로 확인)   ‘개미’말고 ‘슈퍼 투자자’되고 싶다면?...‘이것’만 잘 이용해도 가능해요!       정주원 기자 zwon1225@mt.co.kr    <저작권자 ⓒ '돈이 보이는 리얼타임 뉴스' 머니투데이, 무단전재 및 재배포 금지>"
194,2,"2018-06-07","04:30:00","달콤한 초당옥수수, 이제 6개월 장기보관 가능","[머니투데이 이원광 기자] [식탁이있는삶, 오는 8월 '진공 레토르트 포장' 초당옥수수 출시…""식품 이커머스 매출↑ 기대""]     식품 전자상거래 전문기업 식탁이있는삶이 국내 최초 ‘진공 레토르트 포장’ 기술을 접목한 초당(超糖) 옥수수(사진)를 선보인다. 미생물 차단으로 최대 6개월 보관이 가능한 경쟁력을 부각시켜 매출을 늘린다는 계획이다.   6일 관련업계에 따르면 식탁이있는삶은 오는 8월 운영 중인 전자상거래 사이트 ‘식탁이있는삶’에서 진공 레토르트 포장 방식의 초당옥수수를 판매한다.  　  식탁이있는삶은 지난해 9월부터 대구·경북지방 중소벤처기업청 및 강원대학교 산학협력단과 ‘상온 장기 유통을 위한 초당옥수수제품 개발사업’을 해왔다. 초당옥수수는 일반 옥수수보다 당도가 높아 ‘사탕옥수수’로 불린다. 수분이 많고 낟알껍질이 얇아 생으로 먹을 수 있고 열량은 찰옥수수보다 절반 이상 낮아 인기가 많다.  　  식탁이있는삶은 농가의 고소득 작목인 초당옥수수가 수확 후 장기보관과 저장이 어렵다는 점에 주목했다. 다량의 수분으로 짧은 시간에 품질이 나빠져 재배시기인 6~8월을 제외하면 대량유통 및 공급에 한계가 있었다.  　  진공 레토르트 포장은 식품을 진공상태로 포장 후 고압가열살균솥(레토르트)에 넣어 120도 이상 온도에서 가열살균하는 방식으로 미생물 등에 의한 부패를 최소화한다. 상온 상태로 장기간 보관이 가능하며 냉동포장과 비교해 식품세포의 변형이 적고 식감을 살린다는 장점이 있다.  　  식탁이있는삶은 지역농가와 독점계약을 하고 수확한 초당옥수수를 전량 매입해 시장에 공급할 방침이다. 한해 130만~180만개 초당옥수수 생산능력을 갖췄으며, 이중 40만~70만개를 진공 레토르트 방식으로 포장, 식품 전자상거래 시장을 선도한다는 계획이다.  　  식탁이있는삶 관계자는 “진공 레토르트 포장기술을 활용하면 초당옥수수를 최장 6개월간 보관할 수 있다”며 “초당옥수수가 아이들 및 1인가구의 먹거리로 인기가 많아 제품 출시 이후 매출증대를 기대한다”고 말했다.      주식담보대출도 이제 부담없는 금리로 가능(안내: 02-3775-1497)   ▶▶ 2018년! 하반기를 뜨겁게 달굴 ""급등 유력株"" TOP.10 긴급공개 (클릭)   ▶▶ 단독! 정책+수급+실적 3박자를 두루 갖춘 TOP 시크릿 급등 유망주 지금 공개 (클릭)     [파워 인터뷰]      [관련기사] ☞ '58년 개띠'의 은퇴…한국, 車 산업 변화가 시작된다 ☞ '김정은 전용기 추락'…고사 지내는 日 우익들 ☞ TS트릴리온, 신제품 TS스칼프앤헤어케어 드라이어 출시 ☞ '롯데월드타워 등반' 알랭 로베르, 75층서 중단  ☞ [사진] 김문수 후보 유세차, 중앙선 넘어 역주행      주식매입자금? 전화 한통화면 당신은 스마트컨슈머!    최저금리로 신용·미수 대환 하는 가장 경제적인 방법 (바로 확인)   ‘개미’말고 ‘슈퍼 투자자’되고 싶다면?...‘이것’만 잘 이용해도 가능해요!       이원광 기자 demian@mt.co.kr    <저작권자 ⓒ '돈이 보이는 리얼타임 뉴스' 머니투데이, 무단전재 및 재배포 금지>"
194,3,"2018-06-07","04:30:00","[인사]농림축산식품부 외","[머니투데이 정주원 기자] ◆농림축산식품부 △국립농산물품질관리원 품질검사과장 서문교 △농지과장 홍인기   ◆중소벤처기업부 <전보> ▷국장급 △대변인 김영신 △경기지방중소벤처기업청장 백운만   ◆여성가족부 <승진> ▷부이사관 △권익지원과장 조신숙   ◆통계청 ▷과장급 △OECD세계포럼준비기획단 총괄기획팀장 이민경     주식담보대출도 이제 부담없는 금리로 가능(안내: 02-3775-1497)   ▶▶ 2018년! 하반기를 뜨겁게 달굴 ""급등 유력株"" TOP.10 긴급공개 (클릭)   ▶▶ 단독! 정책+수급+실적 3박자를 두루 갖춘 TOP 시크릿 급등 유망주 지금 공개 (클릭)     [파워 인터뷰]      [관련기사] ☞ '58년 개띠'의 은퇴…한국, 車 산업 변화가 시작된다 ☞ '김정은 전용기 추락'…고사 지내는 日 우익들 ☞ TS트릴리온, 신제품 TS스칼프앤헤어케어 드라이어 출시 ☞ '롯데월드타워 등반' 알랭 로베르, 75층서 중단  ☞ [사진] 김문수 후보 유세차, 중앙선 넘어 역주행      주식매입자금? 전화 한통화면 당신은 스마트컨슈머!    최저금리로 신용·미수 대환 하는 가장 경제적인 방법 (바로 확인)   ‘개미’말고 ‘슈퍼 투자자’되고 싶다면?...‘이것’만 잘 이용해도 가능해요!       정주원 기자 zwon1225@mt.co.kr    <저작권자 ⓒ '돈이 보이는 리얼타임 뉴스' 머니투데이, 무단전재 및 재배포 금지>"
194,4,"2018-06-07","04:30:00","[MT리포트]분양시장에 몰린 돈… '로또청약'의 실상","[머니투데이 김희정 기자, 유엄식 기자, 김사무엘 기자, 박치현 기자] [편집자주] 분양시장이 뜨겁다. 지난달 31일에는 장롱 속 쟁여둔 전국1순위 청약통장 19만여개가 일시에 동원되는 이변이 연출됐다. 규제가 만들어낸 또 다른 풍선효과다. 구축주택은 거래가 절벽인데 신규 청약에만 관심이 쏠린다. 분양가와 인근 시세의 '갭' 때문이다. '로또 청약'의 실상을 들여다본다.    [[규제의 역설, 청약 광풍](종합)]          ━  '로또청약' 규제가 만든 또 다른 갭투자 ━     [규제의 역설, 청약 광풍]①신축 수요에 정부가 낮춰준 분양가로 시세와 갭 확보   # 인천에 거주하는 A씨는 애지중지하던 가점 69점짜리 청약통장을 '미사역 파라곤' 1순위 청약에 썼다. 분양가가 시세의 반 값에 가깝게 책정돼 '로또'로 불린 이 단지의 평균경쟁률은 무려 104.9대 1. 당첨을 확신했던 A씨는 ""오는 8일 발표 때까지 기다려보자""는 중개업소의 얘기에 깜짝 놀랐다.   지난 4월 분양한 대구 북구 복현동 '복현자이'도 1순위 평균 청약경쟁률이 171.4대 1을 기록했다. 전용면적 84A형의 1순위 경쟁률은 878대 1 에 달했다. 이 단지 분양가 역시 4억1870만~4억2390만원으로 인근 입주 4년된 '복현푸르지오' 실거래가(고층 4억5000만원)보다 2000만~3000만원가량 낮다.   아파트 청약시장이 뜨겁다. 분양가 상한제와 주택도시보증공사(HUG)의 분양보증 심사가 아파트 분양가를 누르자 청약수요가 폭발하는 모양새다. 인근 구축아파트보다 분양가가 저렴해지자 수요자들이 묵혀뒀던 청약통장을 꺼내들고 있는 것.   6일 아파트투유에 따르면, 현재 전국 1순위 청약통장 가입자는 1267만6037명으로 1년 전보다 30만명가량 줄었다. 이는 지난해 8·2 대책으로투기과열지구 및 청약과열지역의 1순위 조건이 강화된데 따른 영향이다. 그만큼 청약경쟁률이 낮아지는게 자연스럽지만 서울과 수도권, 지방을 가리지 않고 될 성싶은 곳은 오히려 경쟁률이 치솟고 있다.   지난 1월 분양한 대구 중구 남산동 'e편한세상 남산'이 대표적이다. 191가구 1순위 모집에 6만6184명이 청약해 평균경쟁률이 346.51대 1에 달했다. 신남역 더블 역세권인 이 단지의 분양가는 전용 84㎡가 3억9000만~4억700만원. 남산동 인근 신축 아파트보다 1억원이상 낮은 가격이다.   대구는 그동안 신축 아파트 공급량이 적고 구축 아파트의 노후도가 높아 초중고 학군이 갖춰진 구도심 내 신축 아파트 수요가 높다. 여기에정부가 분양가 규제로 분양가가 인근 시세보다 낮아져 '안전마진'(?)까지 확보됐다. 집값이 분양가 이하로 떨어지지는 않을 것으로 생각하는무주택 실수요자로선 청약통장을 쓰지 않을 이유가 없는 셈이다.   리얼투데이의 분석 결과 최근 1년간 대구의 1순위 청약경쟁률은 평균 45.26를 기록했다. 같은 기간 전국 1순위 평균경쟁률도 13.08대 1에 달했다. △부산 42.42대 1 △세종 38.97대 1 △대전 30.32대 1 △광주 23.9대 1 △서울 15.19대 1로 서울보다도 지방 대도시 청약시장이 더 뜨거웠다.   분양가 규제를 통해 정부가 아파트 청약을 사실상 새로운 '갭 투자처'로 만들었다는 지적이 나온다. 부동산 사업자나 재개발·재건축 조합에돌아갈 개발이익이 청약 당첨자의 몫으로 이전돼 또 다른 머니게임이 됐다는 것이다.   일부 차익을 노린 투기수요까지 붙어 위장전입, 통장매매 등 불법행위도 드러나고 있다. 국토교통부는 서울 강남구 '디에이치자이 개포'와 마포구 '마포 프레스티지자이' 영등포구 '당산 센트럴아이파크', 과천시 '과천위버필드' 등 수도권 아파트 5개 단지의 특별공급 당첨자의 부정당첨 여부를 점검해 위장전입 의심자 31명을 적발했다. 대리청약 의심자 9명, 허위 소득신고는 7명이었다.   이상호 한국건설산업연구원장은 ""아파트 가격이 분양가 이하로 떨어지지 않을 것이란 전제 하에서 분양시장으로 몰리고 있지만 집값은 분양원가에 따라 움직이지 않는다""며 ""전체 주택시장의 사이클을 고려하면 지금은 하락장의 초기일 수 있다""고 경고했다.   김희정 기자        ━  당첨만 되면 로또? ‘애물단지’ 전락 가능성도 ━     [규제의 역설, 청약 광풍]②가격 조정, 세부담 고려시 고수익 보장 못해   정부 규제로재건축 아파트 투자 열기는 식었지만 새 아파트 청약 시장은 더 달아오른 분위기다. 특히 당첨시 수억원대 시세 차익을 기대할 수 있어‘로또 아파트’로 불리는 단지에는 수만 명의 인파가 몰린다.   전문가들은 향후 부동산 경기를 고려하면 청약 당첨이 반드시 고수익을 보장할 수 없기 때문에 신중한 접근이 필요하다고 지적한다.   6일 부동산114에 따르면 지난달 전국에서 2만 3951가구 일반분양(특별공급 제외)이 진행됐고 40만 8224명이 1순위 청약을 신청했다. 평균 경쟁률은 17.04대 1로 올해 최고치며, 신청자 수도 가장 많았다.   지난달말 1순위(당해·기타지역) 청약을 진행한 경기 하남 '미사역파라곤'은 특별공급을 제외한 809가구 모집에 8만 4875명이 몰려 평균 104.9대 1의 경쟁률을 기록했다. 앞서 분양한 하남 ‘포웰시티’도 2096가구 분양 모집에 1순위 청약통장 5만 5110개가 몰렸다.   이들 단지는 평균 분양가가 주변 시세보다 낮아 거주를 희망하는 실수요자는 물론 임대수익 등을 노린 투자자들도 대거 몰린 것으로 관측된다.   하지만 높은 경쟁률이 반드시 고수익을 보장하기 어려운 상황이다. 우선 분양권 전매 금지로 당첨 직후 웃돈(프리미엄)을 붙여 팔 수 없다.입주까지 중도금과 잔금을 치르면서 실제로 보유해야 시세차익을 기대할 수 있는데 금리인상기를 맞아 부담이 예년보다 늘었다.   대출 규제도 강화됐다. 과거에는 아파트값의 60~70%까지 대출을 받을 수 있었지만 현재는 무주택자는 40%~50%, 다주택자는 투기지역에서는 1 주택에 한해 30%만 가능하다. 분양가 9억원이 넘는 아파트는 주택도시보증공사(HUG) 중도금 대출 보증도 받지 못한다.   세금 부담도 만만치 않다. 하남 등 조정대상지역은 1주택자라도 양도소득세 비과세 혜택을 받기 위해선 입주 후 2년간 실거주 해야 한다. 다주택자는 양도세 중과가 적용돼 시세 차익의 60%가량을 세금으로 내야 한다.   박원갑 KB국민은행 부동산 전문위원은 “만약 경기 둔화로 주변 집값이 지금보다 떨어지고 거래 시 양도세 부담 등을 고려하면 로또라고 불릴 정도로 큰 차익을 보기 어려울 수 있다”고 말했다.   최근 청약 시장에 '쏠림 현상'이 나타나는 점도 주목할 필요가 있다. 주변에 주택 공급이 많거나 교통, 학군 등 입지 조건이 상대적으로 떨어지는 곳은 수도권이라도 청약 미달이 속출하고 있다.   올해 경기 김포, 남양주, 화성 등에서 분양한 아파트 단지는 미분양률이 80%를 넘는 곳도 있다. 지역 경기가 악화 된 경남권과 중소 건설사들이 소단지를 분양한 제주에선 무더기 청약 미달 사태를 맞았다.   유엄식 기자        ━  청약 바늘구멍 뚫으려면… 서울은 '무주택 15년·아이 둘' ━     [규제의 역설, 청약 광풍]③올해 서울 평균 당첨 가점 58.1, 지방도 50~60점대   아파트 청약열기가 갈수록 뜨거워지면서 당첨은 '하늘의 별 따기'가 됐다. 서울 등 인기 지역에서 청약 가점제로 당첨 기회를 얻으려면 적어도 자녀 둘, 무주택 15년, 청약통장 가입 4년은 채워야 한다.   6일 아파트투유에 따르면 올해 1월부터 5월까지 서울에서 분양한 12개 단지의 85㎡(이하 전용면적) 이하 당첨 가점은 평균 58.1점이다. 청약가점제는 무주택 기간, 청약통장 가입 기간, 부양가족 수 등에 따라 점수를 매겨 점수가 높은 순으로 당첨자를 선정하는 것으로 만점은 84점이다.   서울에서 평균 당첨 가점이 가장 높은 단지는 67.9점을 기록한 강남구 일원동 '디에이치 자이 개포'였다. 주택형별로는 63㎡P타입이 평균 71.6점으로 85㎡이하 주택형 중에선 가장 높았다.    '마포 프레스티지 자이'가 평균 당첨 가점 65.9점을 기록한 것을 비롯해 '당산 센트럴 아이파크'(61.1) 'e편한세상 문래'(56.6) '용마산역 쌍용예가 더 클라우드'(53.8) '논현 아이파크'(51.6) '영등포 중흥S-클래스'(50.9) '방배 서리풀 서해그랑블'(50.7) 'e편한세상 보라매 2차'(50.3) 등도 평균 50점을 넘었다.   서울의 평균 당첨 가점인 58.1점을 채우려면 무주택 기간은 만점인 15년 이상(32점)이어야 하고, 부양가족 3명(배우자와 자녀 둘, 20점)과 청약통장 가입기간 4~5년(6점) 조건을 충족해야 한다.   정부가 지난해 발표한 8·2부동산대책에 따라 투기과열지구인 서울에서 공급되는 85㎡이하 주택은 모두 가점제로 공급된다. 이전에는 물량 일부를 추첨제로 공급해 가점이 낮더라도 당첨을 기대할 수 있었지만, 이제는 일정 수준 이상 가점을 채우지 않으면 불가능하다.   수도권과 지방의 일부 단지도 50~60점대의 높은 당첨 가점을 기록했다. 경기 하남시 '포웰시티 B6블록'의 당첨 가점은 65.2점이었고 용인시 '성복역 롯데캐슬 파크나인' 64.7점, 부산 '봉래 에일린의 뜰' 60.3점, 대구 '복현 자이' 63.3점, 대전 'e편한세상 대전법동' 52.7점 등으로집계됐다.   높은 가점을 얻기 위한 조건이 까다로움에도 청약자들이 몰리는 것은 새 아파트를 원하는 실수요자가 많다는 의미로 풀이된다. 오랜 기간 전월세를 살면서 돈을 모아 아파트 청약으로 '내 집 마련'에 나선 것이다.   특히 서울이나 부산, 대구 같은 대도시들은 도심 노후도가 심각해 새 아파트 선호 현상이 두드러진 것으로 전문가들은 보고 있다. 주택도시보증공사(HUG)의 분양가 통제로 시세보다 저렴한 새 아파트가 공급된다는 점도 청약 열기의 원인이다.   권 일 부동산인포 팀장은 ""청약열풍이 일었던 참여정부 시절 청약통장에 가입해 오랫동안 무주택을 유지했던 사람들이 최근 청약시장에 뛰어든 것으로 보인다""며 ""가점이 높은 실수요자는 많은데 상대적으로 새 아파트 공급이 적다 보니 청약 경쟁이 더 치열한 것""이라고 말했다.   김사무엘 기자        ━  8·2대책 이후 '장롱 속 청약통장' 잘 쓰려면 ━     [규제의 역설, 청약 광풍]④가점제·특별공급 대폭 확대…고가점자는 85㎡ 이하 노려야   지난해 8월 정부는 '실수요 보호와 단기 투기수요 억제를 통한 주택시장 안정화 방안'(8·2대책)을 발표했다. 단기 투자수요는 억제하고 무주택 실수요자를 중심으로 부동산시장 안정을 꾀하기 위해서다. 이때 청약제도도 바뀌었다.   8·2대책으로 개편된 청약제도의 핵심은 가점제 강화다. 가점제는 무주택기간(최고 32점), 부양가족 수(최고 35점), 청약저축 가입기간(최고17점)을 합산해 당첨자 순서를 정하는 것이다. 먼저 투기과열지구와 조정대상지역에서 민영주택 가점제 적용 비율이 확대됐다.   투기과열지구에서 분양하는 85㎡(전용면적) 이하 주택은 100% 가점제가 적용되고 85㎡ 초과는 절반이 가점제, 나머지는 추첨제로 당첨자가 결정된다. 조정대상지역은 85㎡ 이하 가점제 적용비율이 기존 40%에서 75%로, 85㎡ 초과는 0%에서 30%로 늘었다.   8·2대책 이전에는 미계약 발생 시 추첨으로 선정된 청약신청자들이 빈자리를 채웠지만, 이제는 1순위 지원자 중 가점이 높은 순으로 기회가돌아간다. 다만 1순위가 미달되면 2순위 지원자 중 추첨으로 당첨자를 뽑는다.   1순위 자격 요건 강화로 투기 목적으로 청약에 나서는 것을 막는 조치도 취해졌다. 투기과열지구·조정대상지역의 1순위 자격요건이 청약통장 가입 후 2년, 납입횟수 24회(국민주택)로 강화됐다. 당첨 후 2년간 가점제 청약에서 배제된다.   함영진 직방 빅데이터랩장은 ""가점을 올리는 가장 수월한 항목은 '부양가족'을 늘리는 것이고, 1명당 가점 5점이 붙는다""며 ""가점이 높은 수요자는 85㎡ 이하 주택형을 신청하면 당첨확률을 높일 수 있다""고 말했다.   지난달에는 특별공급(특공) 제도도 개편됐다. 투기과열지구에서 분양가가 9억원이 넘는 주택은 특공에서 제외 시켰고, 미계약 특공 물량도 일반분양물량으로 전환 되지 않도록 했다. 인터넷 청약도 의무화가 됐다.   신혼부부 특공 비율이 기존 2배로 확대됐고, 조건도 혼인 5년 내에서 7년 내로 늘었다. 유자녀 조건은 폐지됐다.   함 랩장은 ""특별공급 청약은 다자녀·신혼부부 등 조건이 복잡해 경쟁률이 상대적으로 낮다""며 ""혹시 (특공에서) 떨어져도 같은 단지 일반물량 청약이 가능해 실수요자는 가점제 보다 특공을 노리는 것이 좋다""고 말했다.   박치현 기자      주식담보대출도 이제 부담없는 금리로 가능(안내: 02-3775-1497)   ▶▶ 2018년! 하반기를 뜨겁게 달굴 ""급등 유력株"" TOP.10 긴급공개 (클릭)   ▶▶ 단독! 정책+수급+실적 3박자를 두루 갖춘 TOP 시크릿 급등 유망주 지금 공개 (클릭)     [파워 인터뷰]      [관련기사] ☞ '58년 개띠'의 은퇴…한국, 車 산업 변화가 시작된다 ☞ '김정은 전용기 추락'…고사 지내는 日 우익들 ☞ TS트릴리온, 신제품 TS스칼프앤헤어케어 드라이어 출시 ☞ '롯데월드타워 등반' 알랭 로베르, 75층서 중단  ☞ [사진] 김문수 후보 유세차, 중앙선 넘어 역주행      주식매입자금? 전화 한통화면 당신은 스마트컨슈머!    최저금리로 신용·미수 대환 하는 가장 경제적인 방법 (바로 확인)   ‘개미’말고 ‘슈퍼 투자자’되고 싶다면?...‘이것’만 잘 이용해도 가능해요!       김희정 기자 dontsigh@mt.co.kr, 유엄식 기자 usyoo@, 김사무엘 기자 samuel@mt.co.kr, 박치현 기자 wittgen@mt.co.kr    <저작권자 ⓒ '돈이 보이는 리얼타임 뉴스' 머니투데이, 무단전재 및 재배포 금지>"
194,5,"2018-06-07","04:30:00","민주당 ""2030 일자리"" 한국당 ""5060 최저임금"" 中企공약 살펴보니","[머니투데이 고석용 기자] [정당들 경제공약 1순위로 내세워 표심공약..]     6·13 지방선거가 1주일 앞으로 다가오면서 정당들이 특색있는 경제공약을 통해 중소벤처기업·소상공인 표심잡기에 나섰다.   6일 중앙선거관리위원회에 제출된 정당별 지방선거 10대 공약집에 따르면 2030세대의 높은 지지를 받는 더불어민주당(민주당)은 ‘청년행복’을 공약 1순위로 꼽으며 청년세대 삶의 질 향상과 일자리창출을 통한 경제 선순환을 강조했다. 반면 5060세대의 지지를 받는 자유한국당(한국당)은 최저임금 인상 저지를 내세우며 소상공인·자영업자 직접지원을 약속했다.   민주당은 청년일자리 문제 해결에 집중, 청년추가고용장려금과 청년내일채움공제 등 정부가 시행 또는 추진 중인 정책의 확대 이행을 내세웠다. 청년추가고용장려금을 기업규모에 따라 확대 지원하고 1명당 지원금액도 연 900만원으로 늘릴 계획이다. 문화·편의시설을 갖춘 청년친화형 산업단지를 조성하고 스마트공장을 보급해 중소기업 취업을 유도하겠다고도 했다. 또 벤처펀드와 혁신모험펀드를 조성, 청년창업을 활성화하겠다고 공약했다    반면 제1야당인 한국당은 국무총리 산하에 청년정책 전담 컨트롤타워를 설치하겠다고 했다. 중소기업 취업 청년에 대한 소득세 감면제도를 2022년까지 연장하고 3년간 감면율 100%로 전액 감면하겠다고 강조했다.   한국당은 ‘자영업자·소상공인 기(氣) 살리기’를 최우선으로 꼽았다. 최저임금 인상률을 낮추고 ‘업종별 차등 적용제’를 실시겠다고 강조해 민주당과 차별점을 뒀다. 또 소상공인시장진흥기금을 10조원으로 확대하고 신용카드 수수료 인하와 영세 1인자영업자에 대한 고용보험료지원사업 확대를 내세웠다. 보수정당 특색에 맞게 법인세 인하와 정부 규제 완화 등도 공약에 포함했다.   반면 민주당은 자영업자·소상공인의 안정적인 영업 및 권리 보장을 공약했다. 권리금 보호대상을 확대하고 상가임대차 계약갱신 요구권 행사기간을 현행 5년에서 10년으로 연장할 예정이다. 또 온라인 영세 소상공인의 카드수수료 제로화를 추진한다.   바른미래당은 지역청년을 채용하는 지역 중소기업에 지원을 확대하고 중소기업 재직 청년에게 국민주택을 특별우선 분양하겠다고 공약했다.소상공인 전기료 20% 할인, 국민연금과 고용보험의 50~90% 지원과 소상공인 AI(인공지능)상권분석시스템 등 4차 산업혁명과 연계한 지원이 특징이다    민주평화당과 정의당은 소상공인의 권리 강화를 공약으로 제시했다. 1년 5% 이내에서 인상할 수 있는 상가임대료를 2년 5%로 제한하고, 세입지가 재계약을 원할 경우 계약 갱신이 가능하도록 했다. 정의당은 임대차 계약갱신요구권을 10년으로 연장하고 임대료 인상률을 소비자 물가상승률 2배 이내로 제한과 신용카드 수수료 1% 상한제 등을 제시했다.     주식담보대출도 이제 부담없는 금리로 가능(안내: 02-3775-1497)   ▶▶ 2018년! 하반기를 뜨겁게 달굴 ""급등 유력株"" TOP.10 긴급공개 (클릭)   ▶▶ 단독! 정책+수급+실적 3박자를 두루 갖춘 TOP 시크릿 급등 유망주 지금 공개 (클릭)     [파워 인터뷰]      [관련기사] ☞ '58년 개띠'의 은퇴…한국, 車 산업 변화가 시작된다 ☞ '김정은 전용기 추락'…고사 지내는 日 우익들 ☞ TS트릴리온, 신제품 TS스칼프앤헤어케어 드라이어 출시 ☞ '롯데월드타워 등반' 알랭 로베르, 75층서 중단  ☞ [사진] 김문수 후보 유세차, 중앙선 넘어 역주행      주식매입자금? 전화 한통화면 당신은 스마트컨슈머!    최저금리로 신용·미수 대환 하는 가장 경제적인 방법 (바로 확인)   ‘개미’말고 ‘슈퍼 투자자’되고 싶다면?...‘이것’만 잘 이용해도 가능해요!       고석용 기자 gohsyng@    <저작권자 ⓒ '돈이 보이는 리얼타임 뉴스' 머니투데이, 무단전재 및 재배포 금지>"
194,6,"2018-06-07","04:30:00","[기자수첩]화장실 앉았는데, 휴대폰이 불쑥…그녀들의 공포","[머니투데이 이영민 기자] ""화장실에 들어가 바지를 내리고 앉았는데 밑에서 휴대전화가 불쑥 나왔어요. 너무 놀라서 소리를 질렀더니 옆칸에서 사람이 급히 나가더라고요.""   지난달 19일 서울 혜화역 일대에서 열린 '불법촬영 편파수사 규탄집회'에서 만난 한 30대 여성의 하소연이다. 7년 전 경주역 화장실에서 몰래카메라 촬영을 당할뻔한 그녀는 아직도 공공화장실에 못 들어간다.   혜화역에 모인 여성 1만여명은 두려워하느라 자유롭게 분노할 수도 없었다. 집회 현장을 지나가는 버스, 인근 건물 옥상 등 사방에서 계속되는 촬영에 얼굴을 가리기 바빴다. 준비해 온 집회 구호나 노래보다 ""찍지마!""라는 외침이 더 많이 나왔다.   여성 집회 참가자에게 인터넷상에서 염산 테러를 예고한 남성이 진짜 나타날 까봐 우려하는 참가자도 있었다. 한 참가자는 ""집회 현장 밖에서는 마스크를 벗는다""며 ""집회 참가자로 보이면 테러를 당할지 모른다""고 말했다. 이들이 느끼는 공포는 현실이었다.   최근 혜화역과 청계천에서 두 차례 이어진 여성들의 규탄집회가 오해에서 시작된 분노이며 억지스러운 주장이라는 시각도 있다. 유별난 여성들이 유난을 떤다는 비난도 나온다. 실제 '여자라서 편파수사한다'는 주장은 수사당국의 사정을 아는 사람들은 오해라고 본다.   그러나 그게 전부가 아니다. 최대 1만명 이상 여성들이 거리로 쏟아져나온 기현상에는 '여자로 살기'가 얼마나 무서운지 녹아있다.   여성들은 단순히 '홍익대 누드모델 몰카 사건'이 편파수사라고 규탄하기 위해 모인 것이 아니다. 일상에서 늘 겪는 불안, 공포, 위협, 두려움을 알리고 이를 방관해온 사회를 향해 문제를 제기하는 것이다.   허민숙 국회 입법조사관(국회입법조사처 보건복지여성팀)은 ""많은 여성들이 한국 사회에서 여성으로 살면서 언제든 성범죄 피해자가 될 수 있다는 두려움이 있다""며 ""하지만 피해를 호소하면 2차 피해를 당할 뿐 구제받을 길이 없다고 느낀다""고 말했다.   올 1월 미투 운동으로 시작된 여성들의 목소리가 일방향으로 끝나서는 안 된다. 삶의 공간 곳곳에서 남녀 모두가 안전과 평등권을 보장받을수 있도록 사회구성원 모두가 소통해야 한다. 여성들은 누군가의 친구, 연인, 엄마와 딸이다.         주식담보대출도 이제 부담없는 금리로 가능(안내: 02-3775-1497)   ▶▶ 2018년! 하반기를 뜨겁게 달굴 ""급등 유력株"" TOP.10 긴급공개 (클릭)   ▶▶ 단독! 정책+수급+실적 3박자를 두루 갖춘 TOP 시크릿 급등 유망주 지금 공개 (클릭)     [파워 인터뷰]      [관련기사] ☞ '58년 개띠'의 은퇴…한국, 車 산업 변화가 시작된다 ☞ '김정은 전용기 추락'…고사 지내는 日 우익들 ☞ TS트릴리온, 신제품 TS스칼프앤헤어케어 드라이어 출시 ☞ '롯데월드타워 등반' 알랭 로베르, 75층서 중단  ☞ [사진] 김문수 후보 유세차, 중앙선 넘어 역주행      주식매입자금? 전화 한통화면 당신은 스마트컨슈머!    최저금리로 신용·미수 대환 하는 가장 경제적인 방법 (바로 확인)   ‘개미’말고 ‘슈퍼 투자자’되고 싶다면?...‘이것’만 잘 이용해도 가능해요!       이영민 기자 letswin@    <저작권자 ⓒ '돈이 보이는 리얼타임 뉴스' 머니투데이, 무단전재 및 재배포 금지>"
194,7,"2018-06-07","04:30:00","[유럽증시]ECB 통화정책 앞두고 관망..'혼조' 마감","[뉴욕=이데일리 이준기 특파원] 유럽 주요국 증시는 6일(현지시간) 다음 주 미국 연방준비제도(Fed·연준)와 유럽중앙은행(ECB)의 통화정책결정을 앞두고 혼조세를 보였다.   영국 런던증시의 FTSE 100지수는 전 거래일보다 0.33% 오른 7712.37에 장을 마감했다. 독일 프랑크푸르트 증시의 DAX 30지수도 0.34% 상승한 1만2830.07로 거래를 마쳤다. 범유럽지수인 Stoxx 50지수 역시 0.12% 뛴 3460.82를 기록했다.   반면, 프랑스 파리증시의 CAC 40지수는 0.06% 떨어진 5457.56에 장을 끝냈다.  오는 8~9일 주요 7개국(G7) 정상회의에서 도널드 트럼프 미국 대통령발(發) 관세폭탄 조치를 놓고 트럼프 대통령과 나머지 G6 국가들의 정상 간 정면충돌이 불가피한 상황에서 미 연준과 ECB의통화정책 결정을 앞두고 투자자들의 관망세가 유지된 것으로 분석된다.  ▶계좌회복프로젝트! 상위 전문가의 투자전략 및 추천종목‘[무료확인]’ ▶14년 연속 1위, 대한민국 대표 스탁론 하이스탁론 '    ' ＜ⓒ종합 경제정보 미디어 이데일리 - 무단전재& 재배포 금지＞   "
195,1,"2018-06-07","04:01:06","[패션] 7겹 드레스와 함께 부활한 앙드레김","■ 타계 8년만에 추모 패션쇼 열려    '앙드레 김'이란 이름이 우리 곁을 떠난 지 8년의세월이 지났다. 하지만 그 이름은 한국 패션을 설명할 때 빼놓을 수 없는 '거장 중의 거장'으로 여전히 살아 숨 쉬고 있다. 한류라는 단어가없을 때부터 '한국 문화 전도사'로 우리 패션을 알렸고, 클라이맥스를 연이어 붙인 무대로 숨막히는 광경을 연출했던 패션쇼의 대가로 손꼽히던 인사였다.   지난달 30일 서울 용산 아이파크몰 4층 이벤트 스페이스에서는 앙드레 김을 추모하는 패션쇼 '리마인드 앙드레 김(Remind Andre Kim)'이 열렸다. 2010년 8월 고인이 암 투병 중 별세한 지 8년 만에 열린 패션쇼다. 역대 슈퍼모델 선발대회 수상자들의 비영리 봉사단체인 '아름회'가 주최했으며 전시기획사 마하나임라이브·상상공간 뮤지엄 등이 주관했다. 상상공간 등 공동주관사가 오는 20일부터 여는 '반고흐 & 폴고갱 라이브 전' 오픈을 기념하는 성격도 있다. 고 앙드레 김이 거금을 쾌척했던 유니세프 한국위원회 등이 후원사로 참여했다.   고인의 추모 패션쇼는 그동안 몇 차례에 걸쳐 논의됐지만 비용과 시간 등 문제로 성사되지 못했다. 고인의 아들로서 '앙드레김아뜰리에'를 이어받은 김중도 대표는 ""아들 된 입장에서 패션쇼를 해야겠다는 생각은 계속 가졌지만 비용 등 현실적 문제로 실현하지 못한 채 8년이 흘렀다""며 ""이번에 재능 기부를 해주신 아름회 등 여러 분들의 도움을 얻어 다시 시작할 수 있게 됐다""고 전했다.   실제 이날 무대를 만든 이들은 고인을 '리마인드'한다는 취지하에 재능 기부로 행사에 나선 이들이다. 생전 앙드레 김의 무대에서 활약했던모델과 연출자, 스태프들이 당시 무대를 재연한다는 뜻 아래 한데 뭉쳤다. 디자이너가 아닌 모델들이 주축이 돼 행사 전반을 기획·준비한 것은 국내 패션계에서 전례 없는 일이기도 하다. 김효진 아름회 회장은 ""한 시대를 풍미했던 디자이너를 넘어, 가장 가까이서 같이 일했던 사람들 마음속에 여전히 존중받고 사랑받는 이로 앙드레 김을 기억해주셨으면 한다""는 소감을 밝혔다.   총 40여 분간 진행된 쇼는 과거 국내 어디와도 견줄 수 없는, 압도적 화려함과 우아함을 가졌던 '앙드레 김 패션쇼'를 세상에 다시 알리는 순간이었다. 이날 쇼에서 모델들이 입고 등장한 의상은 약 70점에 이른다. 대부분은 고 앙드레 김이 2000년대 들어 직접 고안했던 작품으로, 고인의 패션 세계를 한눈에 살펴볼 수 있는 시그니처 의상으로 꼽힐 만하다. 개중에는 디자인만 완료된 채 실제 제작까지 이어지지 못했던 '유작' 격인 의상도 포함돼 있다.   고 앙드레 김 패션은 그가 생전 즐겨 썼던 단어 '로맨틱' '판타스틱'에서 볼 수 있듯이 '꿈과 환상'을 담은 듯한 화려함으로 유명했다. 크게여덟 부분으로 나눠졌던 쇼의 전반부에서부터 그런 앙드레 김의 패션 철학이 그대로 묻어났다. 클래식에서 모던한 느낌까지 다양한 스타일을아우르는 여성복이 등장했지만 단순함과 건조함을 배격하는 듯한 총천연색, 화려한 패턴이 빠진 의상은 없었다.   중반부에는 백색·남색·검은색 메인 컬러와 새빨간 소매, 황금빛 장식이 화음을 이룬 '왕자풍' 남성복이 모습을 드러냈다. 2000년대 초 고인이 공을 들였던 '명화 프린트' 의상도 무대에 올랐다. 고야, 보티첼리 등의 고전 명화를 그대로 의상 패턴으로 쓴 명화 시리즈는 고인만의 독특한 디자인으로 손꼽힌다. '반 고흐 & 폴 고갱 전'에 걸맞은 고흐와 고갱의 명화를 디자인 포인트로 사용한 라인업도 청중의 시선을 끌었다.   백미를 이루는 후반부는 한국의 전통미, 동양의 신비로움을 고인만의 현대적 감각으로 재해석한 작품으로 꾸며졌다. 우리 전통 의상의 색상과 윤곽선을 살리되 여기에 스스로의 트레이드 마크인 금빛 자수를 덧대 중후하고 화려한 분위기를 연출했다. '한국 황후의 비밀스러운 눈물(Secret Tears of Korean Empress)'이라는 제목 아래 이어진 7겹 드레스 퍼포먼스로 쇼는 절정을 이뤘다. 모델 박영선이 베일을 벗듯 주황·빨강·노랑·초록·보라 등 일곱 빛깔 시스루 드레스를 한 겹 한 겹 떨어뜨리는 모습. 생전 고인이 '속 깊은 한과 애틋한 그리움'이라고 표현했던 연출 의도가 관객에게 그대로 전달돼 카타르시스를 안겼다.    [문호현 기자]      ☞ 조용히 사서 묻어놔라! 6月 정말 큰돈 된다! ☞ 세계최초 항암제 개발! 신라젠 놓쳤다면, 이 종목 잡아라!! ☞ 세계 최초 신약! 1,500% 신라젠 능가할 단돈 4천원대 Bio 황제주!!! ☞ 6月 반드시 주목해야될 Best 바이오 종목!!      [ⓒ 매일경제 & mk.co.kr, 무단전재 및 재배포 금지]"
195,2,"2018-06-07","04:01:06","[패션] 몽블랑·까르띠에…뮤지엄으로 간 럭셔리브랜드","패션 브랜드들의 전시회 마케팅 바람이 거세다. 몽블랑, 까르띠에 등 콧대 높던 럭셔리 브랜드까지 나서 뮤지엄과 협업하거나 대규모 전시회를 열어 고객들과 문화 공간에서 소통하고 있다.   소비 주체로 떠오른 밀레니얼 세대는 자신만의 주관이 뚜렷하고 브랜드 스토리를 중요하게 생각한다. 과거처럼 백화점이나 부티크에 제품을나열해놓고 판매만 해서는 새로운 소비자를 사로잡을 수 없다. 이 때문에 럭셔리 브랜드들은 문화 공간에서 전시나 클래스를 열고 고객과 진정성 있는 커뮤니케이션을 통해 브랜드의 차별성을 알리려고 하는 것이다.   몽블랑은 최근 서울 한남동에 있는 디뮤지엄에서 'Weather:오늘, 당신의 날씨는 어떤가요?'라는 전시를 선보였다. 몽블랑과 디뮤지엄이 손잡고 전시를 선보인 것은 이번이 처음이다. 주력 소비층으로 떠오른 밀레니얼 세대에게 신선하고 감각적인 전시를 통해 브랜드를 알리기 위한차원에서다. 오랜 역사와 장인정신이 담긴 헤리티지를 현대적으로 재해석한 제품을 선보이고 있는 몽블랑은 최근 유행하는 캘리그라피 클래스도 함께 진행했다.   전시장에 별도 부스를 마련해 생텍쥐페리의 '어린 왕자'에서 영감을 받은 필기구 컬렉션 '마이스터스튁 르 쁘띠 프린스 컬렉션'을 비치했다. 관람객들은 이 만년필로 '어린 왕자' 속 인용구를 직접 손으로 써보며 쓰기의 즐거움을 체험했다.   까르띠에도 최근 K현대미술관에서 '크리에이티브 팝업 부티크'를 운영했다. 두 세기에 가까운 긴 시간 보석을 만들어온 까르띠에 장인정신을큐레이션과 함께 만나볼 수 있는 자리로 만들어졌다.   전시 공간마다 디지털 영상을 설치해 미디어아트를 감상하는 것 같은 느낌을 줬다. 높이 7m, 넓이 661㎡에 이르는 대규모 공간을 배경으로 까르띠에 제품들이 전시돼 강렬한 체험이 가능하다. 또 그동안 국내에서 접하기 어려웠던 주얼리와 함께 출시 예정인 신제품 200여 점도 공개됐다. 몽블랑 관계자는 ""한국 소비자는 섬세하고 감성적이며 새로운 트렌드에 민감하다""면서 ""소셜네트워크서비스(SNS) 활동이 활발해 온라인바이럴 효과도 얻을 수 있다""고 설명했다.   여성복 업체 한섬이 운영하는 여성복 브랜드 래트바이티는 가구 브랜드와 협업해 이색적인 전시회를 선보이기도 했다. 벨기에 가구 브랜드인뮬러 반 세베렌과 손잡고 전시회를 기획한 것. 국내 패션 브랜드가 해외 가구 브랜드와 컬래버레이션을 통해 전시회를 연 것은 이번이 처음이다. 국내에 처음 소개된 뮬러 반 세베렌은 북유럽풍의 심플한 디자인과 다양한 컬러가 특징이다.   스포츠 브랜드 데상트는 야마하 모터사이클과 만났다. 데상트는 야마하 모터사이클과 함께 바이크웨어를 선보이고 매장에서 야마하 바이크를전시한다. 총 7개의 데상트 매장인 신세계 강남점·스타필드 하남점·스타필드 고양점·영등포 타임스퀘어점·아이파크 용산점·명동 플래그십 직영점·강남 직영점에 야마하 모터사이클의 바이크 모델이 실제 전시된다.   특히 명동 플래그십 직영점에서는 이륜차 로드 레이스 세계선수권 최고 클래스에 참가할 'YAMAHA YZR-M1' 모델도 만나볼 수 있다.    [강다영 기자]      ☞ 조용히 사서 묻어놔라! 6月 정말 큰돈 된다! ☞ 세계최초 항암제 개발! 신라젠 놓쳤다면, 이 종목 잡아라!! ☞ 세계 최초 신약! 1,500% 신라젠 능가할 단돈 4천원대 Bio 황제주!!! ☞ 6月 반드시 주목해야될 Best 바이오 종목!!      [ⓒ 매일경제 & mk.co.kr, 무단전재 및 재배포 금지]"
195,3,"2018-06-07","04:01:06","[MD의 추천] 미세먼지 전용 마스크 쓰듯 피부에도 보호막 필요하죠","미세먼지가 심한 날에는 눈이 따끔거리거나 목이 칼칼하다는 사람이 많다. 눈에 보이지 않는 작은 입자가 몸속으로 그만큼 많이 들어가고 있다는 의미다.   헬스앤뷰티스토어 '롭스'의 박성경 상품기획자(MD)는 호흡기뿐 아니라 피부도 집중 관리가 필요하다고 판단했다. 박 MD는 ""마스크 등에 국한된 미세먼지 관련 상품을 화장품으로 확대하면 좋겠다고 생각해 안티폴루션 존(Anti-Pollution Zone)을 별도로 구성했다""고 말했다.   미세먼지는 피부에 달라붙는다. 안티폴루션 존에는 미세먼지가 피부에 흡착되는 것을 방지하고, 노폐물을 제거해 피부를 깨끗하게 관리하는상품을 모았다. 박 MD의 예상은 적중했다. 올 들어 4월까지 롭스에서 미세먼지 관련 집중케어 상품 매출은 지난해보다 20% 늘었다. 집중케어상품 중 3개가 롭스 전체에서 가장 많이 팔린 상품 10위 안에 들기도 했다.   특히 얼트루 '아임쏘리포마이스킨'의 시티케어 세트는 박 MD가 단독 기획한 올봄 히트상품이다. 박 MD가 화장품 브랜드 '얼트루'와 제품 디자인부터 콘셉트까지 함께 기획했다.   이 세트에는 낮과 밤에 각각 따로 사용하는 젤 타입 팩이 들었다. 미세먼지에 피부가 직접 노출되는 낮에 사용하는 '워터붐 젤리 마스크', 예민해진 피부를 진정시키는 '바운스젤리 슬리핑 마스크'다. 낮에 바르는 팩은 피엔케이피부임상연구센터에서 만 19~55세 성인 여성을 대상으로 실험해 미세먼지 흡착 방지 효과를 입증했다. 밤에 쓰는 슬리핑 마스크는 보습과 탄력, 비타민 충전 효과에 초점을 맞췄다.   이 기획세트에는 '퓨리파이 젤리 클렌징 마스크(클렌징폼)'가 추가된 것이 특징이다. 보습이나 피부 탄력에 효과가 있는 제품도 미세먼지를깨끗이 닦아낸 후에 효과가 극대화된다고 생각했기 때문이다.   이 세트는 지난해 12월 출시된 지 한 달 만에 매출이 130% 증가하는 깜짝 성과를 냈다. 롭스가 단독 기획한 안티폴루션 화장품 중에서도 매출 1위에 올랐다.   박 MD는 ""고객들이 미세먼지가 피부에 주는 영향을 인지하고 관리할 수 있게 안티폴루션 존을 만들고 기획 제품을 늘려나간 것이 주효했던 것 같다""고 말했다. 박 MD는 미세먼지에 착안한 제품을 다른 상품군으로도 확대해 나갈 계획이다. 그는 ""미세먼지가 한 계절만의 이슈가 아닌 1년 내내 지속적인 관심사가 돼 마스크팩 외에도 헤어, 보디, 기초케어 제품까지 카테고리를 늘려 갈 예정""이라고 말했다.    [이유진 기자]      ☞ 조용히 사서 묻어놔라! 6月 정말 큰돈 된다! ☞ 세계최초 항암제 개발! 신라젠 놓쳤다면, 이 종목 잡아라!! ☞ 세계 최초 신약! 1,500% 신라젠 능가할 단돈 4천원대 Bio 황제주!!! ☞ 6月 반드시 주목해야될 Best 바이오 종목!!      [ⓒ 매일경제 & mk.co.kr, 무단전재 및 재배포 금지]"
195,4,"2018-06-07","04:01:06","정현 선수 경기복 입으니 나도 `테니스 스타`","■ 신세계백화점 팝업매장     신세계백화점이 오는 10일까지 테니스 마니아들을위한 대형 테니스 행사를 진행한다.   지난 1월 정현 선수가 올해 첫 4대 메이저 대회인 호주 오픈에서 4강에 오르는 파란을 일으키면서 국내에 테니스 열풍이 불자 관련 행사를 기획한 것이다. 백화점에서는 실제 호주 오픈 직후인 1월 말 테니스 의류 행사에서 목표 대비 3배 매출을 올리기도 했다. 라코스테와 휠라 등테니스 의류 브랜드가 포함된 스포츠 의류 매출도 지난 2월부터 5월 말까지 전년 동기 대비 25% 올랐다.   신세계백화점은 지난달 27일 개막한 '프랑스 테니스오픈' 공식 후원사 '라코스테'와 함께 정현 선수 관련 팝업스토어를 운영하고 있다. 10일까지 강남점 7층과 센텀시티점 지하 2층에서 열리는 이번 팝업스토어에는 정현 선수의 2018년 주요 경기복 같은 상품을 전시·판매한다. 일상생활에서도 입을 수 있는 테니스 캐주얼 의류와 잡화도 선보인다.   매장 인테리어도 테니스 코트가 떠오르도록 연출했다. 테니스공과 라켓 등을 이용해 매장에 들어서면 실제 경기장 분위기를 느낄 수 있다.   행사 기간중에는 매장당 선착순 100명씩 한정판 러키박스를 20만원에 판매한다. 또한 러키박스에는 정현 선수 친필 서명 모자(60개 한정), 정현 선수의 경기복과 각종 사은품 등 총 30만원 상당의 상품을 담았다.   행사 기간 신세계백화점과 신세계몰에서는 테니스 의류와 잡화 할인 행사를 함께 연다. 10일까지는 강남점 8층 행사장에서 아디다스, 나이키, 언더아머 등 총 12개 스포츠 브랜드가 참여해 각종 테니스 패션 상품을 최대 70% 할인한다.   또 신세계몰에서 같은 테마로 '나우 플레이 테니스'를 진행해 온라인에서도 테니스 용품과 관련 잡화를 구매할 수 있다.   라코스테, 프레드페리, 헤드, 요넥스, 아식스 등 총 14개 브랜드가 참여해 테니스 의류와 용품 등을 최대 40% 할인 판매한다.   손문국 신세계백화점 상품본부장은 ""지난 호주 오픈 이후 첫 메이저 대회인 프랑스 오픈을 진행하며 달아오른 테니스 열풍을 이어가고자 신세계 최초로 테니스 대형 행사를 마련했다""면서 ""대형 할인행사를 통해 다양한 테니스 패션 상품을 선보여 고객들의 쇼핑 욕구를 충족시킬 것"" 이라고 밝혔다.    [이유진 기자]      ☞ 조용히 사서 묻어놔라! 6月 정말 큰돈 된다! ☞ 세계최초 항암제 개발! 신라젠 놓쳤다면, 이 종목 잡아라!! ☞ 세계 최초 신약! 1,500% 신라젠 능가할 단돈 4천원대 Bio 황제주!!! ☞ 6月 반드시 주목해야될 Best 바이오 종목!!      [ⓒ 매일경제 & mk.co.kr, 무단전재 및 재배포 금지]"
195,5,"2018-06-07","04:01:06","`대만 위스키` 생소하다고? 품평회 금메달만 230개","■ 대만 최초의 위스키 '카발란'    국내 위스키 전문기업 골든블루가 수입·유통하고있는 대만 싱글몰트 위스키 '카발란'은 세계적 권위의 주류품평회에서 많은 수상 실적을 거두고 전 세계 위스키 애호가에게 주목받고 있다.   '카발란'은 2006년 대만 '킹카그룹(King Car Group)'이 설립한 대만 최초의 위스키 증류소 '카발란'에서 생산하는 싱글몰트 위스키다. '카발란'은 연산이 표기되지 않았지만 독특하고 부드러운 맛과 향으로 싱글몰트 위스키 애호가들을 사로잡아 출시 10년 만에 연간 1000만병을 생산했다.    '카발란'의 가장 큰 특징은 '연산 미표기 위스키(Non Age Statement)'라는 점이다.   대만은 위스키 핵심 원료인 보리가 재배되지 않는 아열대 지방이기 때문에 '카발란'의 마스터블렌더는 숙성 기간보다 오크통 품질과 마스터블렌더의 블렌딩 등에 더 집중했다. 숙성 기간보다 맛과 향 등 위스키 품질을 더 강조한 것이다. '카발란'은 연산이 표기되지 않았지만 세계 각종 주류품평회에서 지금까지 230개 이상 금메달을 휩쓸었다.    '카발란'은 WWA(World Whiskies Awards), IWSC(International Wine and Spirit Competition) 등 각종 주류품평회에서 수상했으며, 2017년 위스키 바이블에서 올해의 아시아 위스키로 선정되기도 했다.   최근에는 2018년 미국 샌프란시스코 주류품평회(SanFrancisco World Spirits Competition)에서 최고상을 수상하며 오랜 전통과 명성을 가진위스키 제품들과 경쟁하면서 눈에 띄는 성적을 보였다.    '카발란'은 한국에 들어오기 전부터 뚜렷한 개성과 부드러운 맛으로 많은 마니아층을 형성하고 있었다.   카발란의 품질과 브랜드 스토리가 개인의 만족을 위한 소비를 즐기는 '욜로(YOLO) 현상', 소소하지만 확실한 행복을 추구하는 '소확행' 트렌드와 부합하기 때문이다. 대만 위스키라는 신선함과 고급스러운 패키지로 선물용 위스키로도 각광받고 있다.   한국 시장에는 '카발란 클래식' '카발란 셰리 오크' '카발란 솔리스트 셰리 캐스크' 등 총 세 가지 제품이 판매되고 있다.    [이덕주 기자]      ☞ 조용히 사서 묻어놔라! 6月 정말 큰돈 된다! ☞ 세계최초 항암제 개발! 신라젠 놓쳤다면, 이 종목 잡아라!! ☞ 세계 최초 신약! 1,500% 신라젠 능가할 단돈 4천원대 Bio 황제주!!! ☞ 6月 반드시 주목해야될 Best 바이오 종목!!      [ⓒ 매일경제 & mk.co.kr, 무단전재 및 재배포 금지]"
195,6,"2018-06-07","04:01:06","장인정신으로 빚은 맛과 향…세계1위 싱글몰트 명성 그대로","■ 스코틀랜드 청정수로 만든 '글렌피딕'    세계 1위 싱글몰트 위스키 '글렌피딕(Glenfiddich)' 브랜드명은 게일어로 계곡을 뜻하는 글렌(Glen)과 사슴을 뜻하는 피딕(Fiddich)의 합성어로 '사슴이 있는 계곡'이라는 뜻이다. 이는 글렌피딕이 사슴이 서식하는 스코틀랜드의 청정수로 제조되고 있다는 것을 의미한다. 1887년 크리스마스에 스코틀랜드 스페이사이드 지역에 위치한글렌피딕 증류소에서 첫 제품이 탄생했다.   최고의 위스키를 제조하고자 했던 글렌피딕 증류소 설립자 '윌리엄 그랜트'가 만든 '글렌피딕'은 블렌디드 위스키에 몰트 원액을 공급하는 싱글몰트 위스키로 시작했다. 하지만 100% 몰트 위스키 원액만으로도 충분한 품질력이 있다고 판단해 증류소 최초로 싱글몰트 위스키 '글렌피딕'을 시장에 론칭하고 판매했다. 세계 최초로 '싱글몰트 위스키'가 탄생한 순간이었다.   글렌피딕은 1887년 처음 증류한 이래로 지금까지 전통적인 생산 방식을 고수하고 있다. 원액 숙성통인 '오크통'을 만드는 제작 기술자(Cooper)부터 증류, 숙성, 병입 전 과정을 책임지는 몰트 마스터까지 전문가 수십 명이 장인정신에 입각해 전통적인 방식으로 글렌피딕을 생산하고있다. 스코틀랜드의 청정수인 '로비듀(Robbie Dhu)'와 선별된 최고급 맥아로 풍부하고 개성 있는 맛과 향을 창조해 낸다. 글렌피딕 본사인 ' 윌리엄 그랜트 앤 선즈'는 로비듀를 보호하기 위해 수원지 인근 지역을 포함 150만평 토지를 구입해 관리하며 천연 상태로 보존하고 있다.   글렌피딕 12년산은 전 세계 200여 국가에서 판매되는 가장 사랑받는 대표적인 싱글몰트 위스키다. 배맛이 감도는 신선하고 상쾌한 향이 특징이다. 글렌피딕 15년산은 스페인 셰리통, 아메리카 버번통, 새 오크통 등 세 가지 다른 형태 오크통에서 15년 이상 숙성된 원액을 솔레라 배트라 불리는 큰 오크통에 담아 두었다가 일정 시간이 지나면 오크통 아래 쪽 절반가량의 위스키를 솔레라 툰이라 불리는 오크통으로 다시 옮겨 담은 후 재숙성을 거쳐 병입한다. 진한 과일향과 함께 달콤한 바닐라 맛이 특징이다.   글렌피딕 18년산은 위스키 전문가를 위해 만들어진 싱글몰트 위스키로 장기간 숙성을 통한 셰리우드의 달콤함이 전통적인 오크 향과 완벽하게 조화를 이룬다. 은은한 사과향이 혀 끝에 돌아 온 입안에 퍼지는 상쾌함을 느낄 수 있다.    [이덕주 기자]      ☞ 조용히 사서 묻어놔라! 6月 정말 큰돈 된다! ☞ 세계최초 항암제 개발! 신라젠 놓쳤다면, 이 종목 잡아라!! ☞ 세계 최초 신약! 1,500% 신라젠 능가할 단돈 4천원대 Bio 황제주!!! ☞ 6月 반드시 주목해야될 Best 바이오 종목!!      [ⓒ 매일경제 & mk.co.kr, 무단전재 및 재배포 금지]"
195,7,"2018-06-07","04:01:05","[러시아 월드컵 D-7] 달아오르는 지구촌…붉은 함성 다시 한번","2018 국제축구연맹(FIFA) 러시아월드컵은 오는 14일 러시아와 사우디아라비아의 개막전을 시작으로 우승 트로피를 차지하기 위한 치열한 열전에 돌입한다. 신태용 감독이 이끄는 한국 축구대표팀도 그 32개국의 화려한 전쟁에 출사표를 내밀고 오스트리아 전지 훈련에서 마지막 땀방울을 흘리고 있다.   역대 21번째 월드컵인 이번 대회는 다음달 15일까지 약 한 달 동안 모스크바와 상트페테르부르크 등 러시아 11개 주요 도시에 분포한 12개 경기장에서 열린다. 세계인이 주목하게 될 결승전은 7월 15일 밤 12시 모스크바 루즈니키 스타디움으로 예정되어 있다. 그야말로 한 달 동안의여름 축제다.   당연히 한국도 바쁘다. 이제 한국 축구대표팀은 12일 베이스캠프를 마련해둔 상트페테르부르크로 이동하고, 18일 오후 9시 러시아 모스크바동쪽에 있는 니즈니노브고로드에서 '북유럽의 강호' 스웨덴과의 일전으로 조별 예선을 시작한다. 이어 23일에는 항구도시 로스토프나도누로이동해 북중미를 대표하는 멕시코와 2차전을 치르고, 27일 카잔에서 '디펜딩 챔피언' 독일과 예선 마지막 경기를 치른다. 이후 대표팀의 일정은 아직 정해진 것이 없지만 곧바로 귀국하지 않겠다는 의지가 불타오르고 있는 것만은 확실하다.   사실 월드컵을 앞두고 있지만 예전과는 달리 분위기가 시들하다는 얘기도 들린다. 일단 스웨덴과 멕시코, 독일 등 각 지역을 대표하는 강팀들과 함께 F조에 편성되면서 사상 두 번째 원정 16강 진출이라는 목표를 달성하기 그리 쉽지 않아 보이고 또 북한과 미국의 정상회담, 6·13 지방선거 등 다른 초대형 이벤트도 많아 관심도가 분산된다는 지적도 있다.    게다가 아시아 최종 예선 마지막 두 경기를 모두 0 대0으로 비기면서 불안하게 출발한 신태용호가 보스니아헤르체고비나와의 평가전을 치른 출정식 때까지 계속 흔들리는 모습이었고, 대회를 앞두고 김민재(전북 현대)와 권창훈(디종FCO) 등 주요 선수들의 줄부상까지 겹치면서 국민에게 큰 기대감을 주지 못한 것도 사실이다.   그래도 월드컵은 월드컵이다. 4년마다 찾아오는 세계인의 축구 축제에서 우리만 쥐 죽은 듯 조용히 보낼 수도 없지 않은가. 낯선 사람들끼리도 서로 얼싸안고 응원하며 하나가 됐던 2002년의 감동을 다시 느낄 기회를 이대로 흘려보내면 앞으로 다시 4년을 기다려야 한다.   설령 태극전사들의 성적이 기대에 못 미쳐도 상관없다. 이미 월드컵 9회 연속 본선 진출이라는 대업을 이룬 선수들이 낯선 러시아 동토에서최선을 다하는 모습을 보여줄 것이기 때문이다. 5000만 국민의 붉은 함성 속에 투혼을 발휘한 그들의 진심을 알아준다면 그 자체로 의미 있는 시간이 되고, 가치 있는 도전이 된다.   그러니 이제는 붉은 티셔츠로 갈아 입고 '붉은 악마'로 변신할 시간이다. 심호흡하고 '대~한민국'을 외치기만 하면 된다. 그 외에 월드컵을즐길 수 있는 팁은 여기서 찾아보면 된다.    [이용익 기자]      ☞ 조용히 사서 묻어놔라! 6月 정말 큰돈 된다! ☞ 세계최초 항암제 개발! 신라젠 놓쳤다면, 이 종목 잡아라!! ☞ 세계 최초 신약! 1,500% 신라젠 능가할 단돈 4천원대 Bio 황제주!!! ☞ 6月 반드시 주목해야될 Best 바이오 종목!!      [ⓒ 매일경제 & mk.co.kr, 무단전재 및 재배포 금지]"
196,1,"2018-06-07","03:45:00","휴가철 앞둔 MMORPG 大戰..30대 男心을 훔쳐라","- 넥슨·웹젠 등 대작 게임 서둘러 출시 - 2000년대 흥행했던 게임 IP 활용하는 등 30대 향수 자극  [이데일리 김유성 기자] 게임업계 대목 ‘여름 휴가’ 시즌을 앞두고 모바일 대전(大戰)이 열린다. 엔씨소프트의 모바일 다중역할수행게임(MMORPG) 리니지M이 국내 톱 자리를 수성하는 가운데 대형 게임작의 도전이 거세다.   구매력 높은 30대 남성들의 예전 향수를 되살릴 수 있는 게임이 주목받고 있다. 기존 온라인 게임 지적재산권(IP) 뿐만 아니라 게임 방식까지 모바일이 온라인을 닮았다.   ◇휴가철 앞두고 모바일 대작 전운(戰雲)   6일 게임 업계에 따르면 본격적인 휴가철을 앞두고 대작 게임이 줄줄이 나온다. 이들은 휴가철이 시작하는 6월말 전 기선 제압을 위해 출시 일자까지 앞당기고 있다.   지난해 매출 기준 국내 게임 왕좌 자리를 넷마블에 내줬던 넥슨은 MMORPG ‘카이저’에 기대를 걸고 있다. 넥슨은 2000년대초부터 꾸준히 활동중인 ‘유지태’를 전속 모델로 기용했다. 게임 이용자 간 아이템 거래도 공식적으로 허용했다. 온라인 게임을 처음 접했던 30대 이상 세대들을 끌어들이기 위한 목적으로 해석된다.       카이저 대표 이미지당초 카이저의 정식 출시 일자는 7일이었다. 넥슨은 게임접속을 3일 일찍 사전 오픈했다. 방학·휴가철 전 흥행몰이에 나선 것. 국내 모바일 게임업계 다크호스로 꼽히는 웹젠의 ‘뮤 오리진2’가 정식 출시된 날이다.   뮤 오리진은 2000년대 온라인 게임 ‘뮤’를 원작으로 했다. 2014년 중국에서 모바일 게임 ‘뮤 오리진’으로 개발됐다. 중국과 한국에서 동시에 흥행성을 인정 받았다. 1990년대 후반, 2000년대 초중반 온라인 게임을 접한 30대 이상 남성들의 추억을 자극했다는 점에서 흥행성을 인정 받았다.       웹젠 뮤오리진2 대표 이미지블루홀의 개발자회사 ‘펍지’가 내놓은 배틀그라운드 모바일도 올여름 국내 모바일 게임 업계   판도를 가를 기대작으로 꼽힌다. 지난해 온라인 배틀그라운드 성공을 바탕으로 TV 광고까지 하고 있다. 넷마블, 넥슨, 엔씨소프트 외 중견·중소 게임 업체가 쉽사리 시도하지 못했던 마케팅이다.   이들 게임의 흥행몰이는 초반 성공적이다. 안드로이드 마켓 기준 흥행 바로미터인 ‘최고매출’ 순위에서 1위는 리니지M이지만, 인기·급상승 순위에서는 카이저와 뮤오리진2가 1위다. 뮤오리진2는 최고매출 순위에서도출시 이틀 만에 최고매출 순위 7위에 오르는 등 급등세를 보이고 있다.       6일 구글 플레이스토어 주요 앱 순위경쟁사들의 도전에 엔씨소프트도 수성에 나섰다. 리니지M에서 ‘총사’ 캐릭터를 선보인 것. 원작인 온라인 ‘리니지’에 없던 캐릭터로 모바일 사용자들만을 위한 캐릭터다. 엔씨소프트는 온라인 ‘리니지’와 별개로 리니지M을 키워간다는 전략이다.   ◇30대 男 향수를 자극하라   최근 모바일 게임업계의 성공 공식은 ‘추억의 게임’으로 요약할 수 있다. 엔씨소프트의 리니지M과 넷마블의 리니지2레볼루션 이후 30대 남성 사용자들의 향수를 자극하는 온라인 게임에 기반해 모바일 게임이 나오고 있는 것. 중소 게임 업계 관계자는 “그나마 과거에 성공한 게임 IP(지적재산권)이 있다는 게 다행일 수 있다”며 “그만큼 IP의 중요성이 커지고 있다”고 말했다.   6일 기준 최고매출 순위를 보면 펄어비스의 ‘검은사막 모바일’, ‘리니지2레볼루션’, 그라비티의 ‘라그나로크M’, ‘뮤오리진2’가 10위권 내 진입해 있다. 상위 게임 절반 가까이가 2000년대 초중반 온라인 게임을 원작으로 뒀다.   이중 ‘라그나로크M’은 수 년간 히트작이 없던 그라비티의 구세주가 됐다. 라그나로크M은 2000년대 초 귀여운 캐릭터로 인기를 모았던 온라인게임 라그나로크를 원작으로 했다. 하반기에는 또다른 추억의 게임 ‘이카루스’가 모바일 버전으로 출시된다.위메이드의 ‘이카루스M’이다.   게임 업계 관계자는 “30대 이상 남성들의 구매력이 높은 편”이라며 “모바일 게임 사용자 층이 전   연령대로 확장되면서 시장 또한 넓어지고 있어 업체들의 전략도 이들 위주로 변화하고 있다”고 전했다.         ▶계좌회복프로젝트! 상위 전문가의 투자전략 및 추천종목‘[무료확인]’ ▶14년 연속 1위, 대한민국 대표 스탁론 하이스탁론 '    ' ＜ⓒ종합 경제정보 미디어 이데일리 - 무단전재 & 재배포 금지＞   "
196,2,"2018-06-07","03:41:47","ECB 출구전략 예고에 유로존 금융시장 '들썩'","[뉴욕=뉴스핌] 황숙혜 특파원 = 오는 14일(현지시각) 유럽중앙은행(ECB)의통화정책 회의를 앞두고 정책자들 사이에 출구전략의 본격적인 가동을 예고하는 발언이 나왔다.  비전통적 통화정책이 종료 수순을 맞을 것이라는 관측에 무게가 실리면서 유로존 주요국의 국채 수익률이 가파르게 뛰었고, 유로화는 하락했다.   페트르 프레이트 ECB 수석 이코노미스트 [사진=블룸버그]  6일 페트르 프레이트 ECB수석 이코노미스트는 유로존 경제 펀더멘털에 대해 강한 자신감을 내비치며 다음주 열리는 회의에서 자산 매입 프로그램의 종료를 공식적으로 논의할 가능성을 제시했다.  옌스 바이트만 독일 분데스방크 총재 역시 한 목소리를 내면서 투자자들은 ECB의 이른바 테이퍼링(자산 매입 축소)를 겨냥한 베팅에 잰걸음을 했다.  주요 외신에 따르면 프레이트 수석 이코노미스트는 이날 베를린의 보험계리인 총회에서 가진연설에서 “유로존의 탄탄한 경제 펀더멘털이 인플레이션의 목표 수준 도달에 대한 자신감을 높이고 있다”며 “이와 함께 고용 수급 상황이팽팽해지면서 임금 상승을 부추기고 있다”고 주장했다.  유로존의 매파 정책자로 통하는 바이트만 총재도 같은 의견을 내놓았다. 그는인플레이션이 점진적으로 정책자들의 목표치에 이를 것이라고 주장했다.  실제로 지난 1분기 독일의 임금 인상률은 1.9%로 지난해 4분기 1.6%에서 상당폭 상승했다. 또 EU 통계청에 따르면 지난 5월 소비자물가지수가 1.9% 상승한 것으로 파악됐다. 이는 4월 수치인 1.2%에서 큰폭으로 뛴 것이다.  ECB는 지난 2015년 유로존의 디플레이션 및 침체 위기를 차단하기 위해 자산 매입 프로그램을 가동했고, 이를 통해최근까지 2조5000억유로(2조9000억달러)에 달하는 유동성을 공급했다.  ▶ 마누라 몰래 세컨드 통장만들기  ▶ 옆집 누나 매일 차 바꿔타는 이유?  ECB는 월 800억유로에서 시작한 자산 매입 규모를 300억유로까지 축소했고, 올해 말까지 이를 점진적으로 축소해 최종 종료할 계획이다.  ECB의 출구 전략은 앞서 예고된 바 있지만 공식적으로 논의되지는 않았다. 또 올들어 주요 경제 지표 둔화와 이탈리아를 필두로 한 정치권 리스크에 발목이 잡힐 것이라는 의견이 제기됐다.  하지만 이날 발언은 통화정책 정상화에 대한 투자자들의 기대감을 재점화했다. ABN암로의 닉 쿠니스 매크로 경제 및 금융시장 리서치 헤드는 블룸버그와 인터뷰에서 “정책자들이 인플레이션에 대해 자산매입을 중단하기 위한 요건을 충족시키고 있다는 판단을 내린 것으로 보인다”라며 “양적완화(QE)가 종료 상황을 맞은 셈”이라고 말했다.  시장 전문가들은 다음주 회의에서 ECB 정책자들이 첫 공식 논의를 가진 뒤 늦어도 7월까지 출구 전략 발표와 함께 구체적인 방안을 내놓을 것으로 내다보고 있다.  금융시장은 민감하게 반응했다. 독일 10년 만기 국채 수익률이 장 후반 9bp(1bp=0.01%포인트) 급등하며 0.468%에 거래됐고, 주세페 콘테 신임 총리의 포퓰리즘 발언에 가뜩이나 상승 압박을 받는 이탈리아 10년물 수익률도 14bp 치솟으며 2.894%를 나타냈다.  같은 만기의 스페인 국채 수익률도 13bp 뛴 1.499%를 기록했고, 뉴욕외환시장에서 유로화는 달러화에 대해 0.5% 가량 상승했다.  주가는 약세를 나타냈다. 독일 증시가 0.1% 가량 내리며 약보합을 나타낸 가운데 범유럽 지수인 스톡스 유럽 600과 프랑스, 이탈리아 증시가 각각 0.5% 내외로 하락했다.     [뉴스핌 Newspim] 황숙혜 뉴욕 특파원 higrace@newspim.com ECB, 통화정책 정상화 바라보는데...BOJ는? ECB 출범 20주년, 유로화 위기 종료되지 않았다 이탈리아 정국 혼란에 '출구전략' 딜레마 빠진 ECB      ▶ 500만원으로 3억만들기 50번째 주인공 탄생! [확인]  퇴직금 100만원으로 ""이것""해 35억 번 중년男 김모씨 화제!  / 최저금리 맞춤서비스 진행중 / 10분이면 4배자금가능 / 24시간 친절상담센터 1522-3233 / 씽크풀  ★세력 입성 전, 집중공략! 20인의 전문가가 만장일치한 급등 유력株 ""오늘""만 전격공개!"
196,3,"2018-06-07","03:34:00","백악관 ""볼턴도 싱가포르 동행..협상은 폼페이오가 주도""","[뉴욕=뉴스핌]김근철 특파원=북한에 대해 리비아 비핵화 모델을 거론했다가 입지가 축소된 것으로 알려진 존 볼턴 미국 백악관 국가안보보좌관이 도널드 트럼프 대통령의 6·12 북미정상회담 일정에 동행할 것으로 알려졌다.   정치전문 매체 더 힐에 따르면 켈리엔 콘웨이 백악관 선임고문은 6일(현지시간) 기자들과 만나 ""(볼턴)국가안보보좌관도 (싱가포르에) 간다. 그도 이번 회담의 일부가 될 것""이라고 밝혔다.   존 볼턴 미국 국가안전보장회의 보좌관 [사진=로이터 뉴스핌]  강경매파인 볼턴 보좌관은 북한의 선(先) 핵포기 등 리비아식 비핵화 모델을 거듭 주장했다가 북한은 물론 북미정상회담을 조율해온 마이크폼페이오 국무장관의 강력한 반발을 야기한 바 있다. 트럼프 대통령도 직접 북한에 리비아식 모델을 적용하지 않을 것이라며 진화에 나섰다.   볼턴 보좌관은 지난 1일 김영철 북한 노동당 부위원장의 트럼프 대통령 접견 과정에서 제외돼 눈길을 끌었다. 이를두고 CNN 방송 등 미국 언론들은 폼페이오 장관이 트럼프 대통령에게 볼턴 보좌관에 대한 불만을 표출하며 북미정상회담 준비 과정에서 배제를 요구했으며이후 볼턴의 역할도 급격히 축소됐다고 보도한 바 있다.  ▶ 마누라 몰래 세컨드 통장만들기  ▶ 옆집 누나 매일 차 바꿔타는 이유?  콘웨이 고문은 이와관련, ""(볼턴 보좌관의 김영철 백악관 예방시 불참은) 전혀 아무 의미도 없다""고 일축했다.다만 콘웨이 고문은 ""폼페이오 장관이 분명히 (북미정상회담 준비) 협상을 주도하고 있다""고 강조했다.  한편 블룸버그 통신은 이번 트럼프 대통령의 싱가포르북미회담 일정에 폼페이오 장관은 물론 존 켈리 백악관 비서실장도 동행한다고 보도했다.     kckim100@newspim.com 줄리아니 ""김정은, 북미회담 재개해달라고 무릎꿇고 빌어"" 싱가포르 외무장관, 북미회담 앞두고 7~8일 평양 방문 폼페이오 ""미국, 이란의 핵무기 개발 용인 안 해""       ▶ 500만원으로 3억만들기 50번째 주인공 탄생! [확인]  퇴직금 100만원으로 ""이것""해 35억 번 중년男 김모씨 화제!  / 최저금리 맞춤서비스진행중 / 10분이면 4배자금가능 / 24시간 친절상담센터 1522-3233 / 씽크풀  ★세력 입성 전, 집중공략! 20인의 전문가가 만장일치한 급등 유력株 ""오늘""만 전격공개!"
196,4,"2018-06-07","03:33:01","EU도 '보복' 가세..글로벌 무역-성장 동반 하강","[뉴욕=뉴스핌] 황숙혜 특파원 = 멕시코와 캐나다에 이어 EU가 구체적인 대미 보복 관세 방안을 마련, 주요국들의 무역 마찰이 악화 일로로 치닫는 모습이다.  세계은행(WB)이 관세 전면전으로 인해 2008-09년 침체 당시 상황이 재연될 것이라고 경고하는 등 잿빛 전망이 꼬리를 물고 있다.   유럽연합기 [사진=로이터/뉴스핌]  6일(현지시각) 영국 파이낸셜타임스(FT)에 따르면 EU는 미국산 수입품에 대해연간 28억유로에 달하는 관세를 부과할 계획이라고 밝혔다.  트럼프 행정부가 유럽 철강 및 알루미늄에 각각 25%와 10%의 관세를 부과하기로 결정한 데 따른 대응이다.  이와 관련, 멕시코가 이미 미국 수입산 철강과 농산품에 대해 보복 관세를 도입할 것이라고 밝혔고 캐나다 역시 트럼프 행정부의 철강 관세에 상응하는 규모의 맞대응에 나설 입장을 발표했다.  이어 EU가 본격적인 보복 관세 시행에 돌입하면서 투자자들이 경계하는 무역 전쟁이 전개될 여지가 높아졌다는 평가다.  유럽이 새롭게 관세를 부과할 미국산 수입 품목은 땅콩 버터부터 오토바이와 보트까지 광범위하게 선정됐다.  보복 관세의 밑그림이 마련된 가운데 유럽은 내달부터 시행에 나설 것이라는 입장이다. 관세 시행에 앞서 각 회원국 정부의 검토에 1개월 가량 시간이 걸릴 것이라는 관측이다.  최근 구체화 한 보복 관세는 세계무역기구(WTO)의 규정에 위배되지 않는 것으로, 역내 산업과 합법적인 권리를 보호하기 위한 것이라고 EU 측은 주장하고 있다.  ▶ 마누라 몰래 세컨드 통장만들기  ▶ 옆집 누나 매일 차 바꿔타는 이유?  아울러 정책자들은 이후 미국의 행보에 따라 추가적인 대응에 나설 수있다는 입장을 분명하게 밝혔다.  이날 CNBC에 따르면 WB은 소위 ‘아메리카 퍼스트’를 앞세운 미국의 보호주의 정책가 불을 당긴 관세 전면전이 글로벌 무역이 9% 급감, 금융위기가 세계 경제를 강타했던 10년 전 수준으로 후퇴할 것이라고 경고했다.  여기에 미국과 중국의 무역 마찰이 지속되고 있고 북미자유무역협정(NAFTA) 재협상도 돌파구를 마련하지 못하고 있어 국제 교역이 크게 위축될 수밖에 없다는 주장이다.  WB은 특히 이머징마켓의 충격이 클 것으로 예상하고, 업종별로는 농산업과 식품 업계가 특히 취약한 상황이라고 진단했다.  특히 전세계 1~2위 경제국인 미국과 중국의 마찰이 무역 질서와 공급망의 교란을 일으켜 주요국으로 연쇄 충격을 초래할 것이라고 WB은 강조했다.  앞서 신용평가사 스탠더드 앤 푸어스(S&P)와 유럽중앙은행(ECB) 역시 무역 마찰에 따른 글로벌 경제 성장 둔화를 경고했다. 보복 관세 도입이 확산되면서 전세계 경제 성장률이 1.0% 위축될 것이라는 전망이다.  JP모간의 제이미 다이먼 최고경영자는 트럼프행정부의 무역 정책이 경기 회복 사이클을 꺾어 놓을 것이라고 주장했다.     [뉴스핌 Newspim] 황숙혜 뉴욕 특파원 higrace@newspim.com 멕시코, 美 철강 및 농산품에 보복관세 부과 3차 미중 무역협상 종료…中 ""美, 관세 시행시 양국 합의 무효"" G6 재무장관, 트럼프 관세 만장일치 비판 성명…日 ""이례적""      ▶ 500만원으로 3억만들기 50번째 주인공 탄생! [확인]  퇴직금 100만원으로 ""이것""해 35억 번 중년男 김모씨 화제!  / 최저금리 맞춤서비스 진행중 / 10분이면 4배자금가능 / 24시간 친절상담센터 1522-3233 / 씽크풀  ★세력 입성 전, 집중공략! 20인의 전문가가 만장일치한 급등 유력株 ""오늘""만 전격공개!"
196,5,"2018-06-07","03:28:22","문재인 대통령 ""이웃 돕는 국민이 애국자""… 확 달라진 현충일 추념사","한반도 평화체제 앞두고 '애국 범위' 확대     대전현충원서 현충일 추념식  '이웃' 9회, '가족''애국' 7회 언급    의인·순직공무원 이름 부르기도      천안함·연평해전 전사자 묘역 참배  ""애국·보훈에 진보·보수 따로 없다   남북 관계가 개선되면 비무장지대 유해발굴 우선 추진""      [ 조미현 기자 ]  문재인 대통령은 6일 국립대전현충원에서 열린 제63회 현충일 추념식에서 ‘남을 위한 희생’을 애국이라고 강조했다. 지난해 파독광부와 간호사 등 산업화에 기여한 이들을 애국자로 평가한 데 이어 이웃을 돕다 목숨을 잃은 의인(義人)들을 애국자 범주에 포함했다. 한반도 평화체제 구축을 추진하는 문 대통령이 국가 수호를 넘어 애국의 새로운 의미를 제시한 것이란 분석이 나온다.  ◆‘애국’의 의미 확대  문 대통령은 이날 현충일 추념사에서 “평범한 일상 속에서 서로 아끼는 마음을 일궈낸 대한민국의 모든 이웃과 가족에 대해 큰 긍지를 느낀다”며 “우리가 서로를 아끼고 지키고자 할 때 우리는 모두 의인이고 애국자”라고 말했다. 그러면서 “대한민국의 역사는 우리의 이웃과 가족들이 평범한 하루를 살며 만들어온 역사”라며 “보훈은 이웃을 위한 희생이 가치있는 삶이라는 것을 우리 모두의 가슴에 깊이 새기는 일”이라고 강조했다.  문 대통령은 2006 년 바다에서 아홉 살 어린이를 구하고 숨을 거둔 정비사 채종민 씨, 2009년 교통사고를 당한 사람들을 돕다가 목숨을 잃은 황지영·금나래 씨 등 의인들을 호명했다. 이날 대전현충원에서 추념식이 열린 것 역시 의사상자, 소방 및 순직 공무원 등 다양한 분야에서 나라를 위해 희생하고 헌신한 이들의 묘역이 조성돼 있기 때문이라고 청와대는 전했다.  ◆“국가유공자 중심에서 일반인까지”  문 대통령은 지난해 현충일 추념사에서 베트남 참전 용사, 파독 광부와 간호사 등을 거론하며 “애국하는 방법은 달랐지만 모두가 애국자”라고 했다. 보수의 상징으로 여기는 과거 산업화 시대 주역을 이례적으로 높이 평가하면서 취임 첫해 보수와 진보 간 통합을 강조했다는 평가가 나왔다.  올해에는 이웃을 돕는 평범한 국민을 애국자라고 칭했다. 남·북· 미 간 종전 선언 등 한반도 평화를 목전에 둔 상황에서 문 대통령이 이번 기회에 애국의 개념을 새롭게 정립하고 싶어했다고 청와대 참모진은 설명했다. 원고지 20장이 넘는 분량의 추념사에선 ‘이웃’이란 단어가 9번 언급됐다. ‘가족·애국’은 7번씩, ‘평범’이라는 단어는 4번 등장했다. 6·25전쟁 참전용사 등 국가유공자에 대해서는 “독립유공자와 참전용사가 이곳에 계신다. 독도의용수비대, 연평해전과 연평도 포격 전사자, 천안함의 호국영령을 모셨다”는 정도로 짧게 언급했다. 지난해 강조한 ‘친일 청산’ 의지는 별도로 밝히지 않았다.  ◆무연고 유공자 묘지 참배  문 대통령은 “남북 관계가 개선되면 비무장지대의 유해 발굴을 우선적으로 추진하겠다”고 약속했다. 이어 “애국과 보훈에 보수와 진보가 따로일 수 없다”며 “나라를 나라답게 만드는 일에 국민이 마음을 모아달라”고 당부했다.  문 대통령은 추념식에앞서 유가족이 없는 무연고 국가유공자 김기억 중사의 묘지를 참배했다. 김 중사는 6·25전쟁 당시 양구전투에서 목숨을 잃었다. 문 대통령은 “대한민국은 결코 그분들(무연고 국가유공자)을 외롭게 두지 않을 것”이라고 약속했다.  문 대통령은 행사 후대전현충원에 조성된 서해 수호 전사자 묘역을 참배하고 유가족을 위로했다. 이곳에는 천안함 폭침으로 희생된 46명의 용사와 제2연평해전 전사자, 연평도 포격 도발 전사자 묘역이 조성돼 있다. 문 대통령이 취임 후 서해 수호 전사자의 묘역을 참배한 것은 이번이 처음이다.  조미현 기자 mwise@hankyung.com    관련기사 ""젊은 직장인들 모인다""…강북 도심 부활한 이유가 문재인 대통령, 국가유공자 초청 오찬 문대통령 ""남북관계 개선되면 비무장지대 유해발굴 우선 추진"" 계속되는 주한미군 철수설에…美 국방장관 결국 남편에게 돈 벌어 오랬더니 하는 말이…아내 속앓이    ⓒ 한국경제 & hankyung.com, 무단전재 및 재배포 금지"
196,6,"2018-06-07","03:21:00","트럼프, G7 정상회의서 마크롱·트뤼도와 무역 논의","[뉴욕=뉴스핌] 김민정 특파원 = 도널드 트럼프 미국 대통령이 이번 주말 에마뉘엘 마크롱 프랑스 대통령과 저스틴 트뤼도 캐나다 총리를 각각 만나 양자회담을 한다. 이들 정상은 최근 불거진 미국의 보호무역 정책에 대해 논의할 것으로 예상된다.      래리 커들로 백악관 국가경제위원장[사진=로이터 뉴스핌]  래리 커들로 백악관 국가경제위원회(NEC) 위원장은 6일( 현지시간) 언론 브리핑에서 트럼프 대통령이 오는 8~9일 캐나다 퀘벡에서 열리는 주요 7개국(G7) 정상회의에서 마크롱 대통령, 트뤼도 총리와 각각 양자회담을 한다고 밝혔다.   이들의 만남에서는 최근 미국이 유럽연합(EU), 캐나다산 철강 및 알루미늄에 고율 관세를 적용하기로 한 점을감안할 때 무역 관련 논의가 다뤄질 것으로 보인다.   커들로 위원장도 이들의 만남이 무역에 대한 상당한 논의로 이어질 것이라고 설명했다.   백악관은 무역전쟁 위기가 트럼프 대통령의 탓이 아니라는 입장이다. 오히려 잘못된 무역 관행을 트럼프 대통령이 고치려는 것이라고 강조했다.   커들로 위원장은 “트럼프 대통령을 비난하지 말라”며 “공정 무역 관행으로부터 달아난 국가들을 비난하라”고 했다. 그러면서 “세계 무역 제도는 망가졌고 트럼프 대통령은 그것을 고치려고 하는 것”이라며 “이것이 요점이다”고 말했다.  ▶ 마누라 몰래 세컨드 통장만들기  ▶ 옆집 누나 매일 차 바꿔타는 이유?     mj72284@newspim.com 미국 4월 무역적자 7개월간 최저  “중국, 미국산 재화 700억 달러 구입 제안” 국제유가, “미국이 OPEC에 증산 요구” 보도에도 상승      ▶ 500만원으로 3억만들기 50번째 주인공 탄생! [확인]  퇴직금 100만원으로 ""이것""해 35억 번 중년男 김모씨 화제!  / 최저금리 맞춤서비스 진행중 / 10분이면 4배자금가능 / 24시간 친절상담센터 1522-3233 / 씽크풀  ★세력 입성전, 집중공략! 20인의 전문가가 만장일치한 급등 유력株 ""오늘""만 전격공개!"
196,7,"2018-06-07","03:20:29","<뉴욕 금가격> 달러 약세에도 뚜렷한 상승 촉매 없어 0.06% 하락","(뉴욕=연합인포맥스) 우성문 통신원 =뉴욕 금 가격은 달러 약세에도 무역 갈등에  대한 긴장감이 완화하며 소폭 상승 마감했다.      5일 뉴욕상품거래소에서 8월물 금 가격은 전장보다 온스당 80센트(0.06%) 내린 1,301.40달러에 마감했다. 금 가격은 장중 내내 상승세를 나타냈지만, 마감 30분 전  하락으로 전환했다.      이날 달러가 약세를 이어간 것은 금값에는 낙폭을 제한했다. 주요 6개국 통화 대  비 달러 가치를 나타내주는 ICE 달러지수는 0.2% 내린 93.59달러에 거래되고 있다. 금은 달러화로 거래되기 때문에 달러화 가치가 상승하면 금의 상대적인 가격 매력이  낮아져 수요가 감소한다.      미국의 4월 무역적자가 2개월 연속 감소세를 나타냈다는 소식이 전해지며 달러가  약세를 나타냈다. 미 상무부는 지난 4월 상품·서비스 무역적자가 전달 수치인  472 억 달러보다 10억 달러 줄어든 462억 달러를 기록했다고 밝혔다. 이는 지난 9월 이후  가장 적은 적자 폭이긴 하지만 여전히 올해 무역적자는 10년 만에 가장 큰 수준으로  커질 것이라고 전문가들은 예측하고 있다.      스티븐 므누신 미 재무장관이 이날 도널드 트럼프 대통령에게 캐나다를 철강 관  세 부과 대상 국가에서 제외할 것을 부탁하면서 세계 무역 갈등이 완화할 것이라는  기대감이 안전자산 수요를 떨어뜨렸다.      다만 무역 관련 긴장감은 이어지고 있다. 오는 8~9일 캐나다 퀘벡에서 주요 7개  국(G7) 정상회의가 열리는데 이곳에서 무역 관련 이슈가 핵심 이슈로 논의될 것으로  보인다. 특히 미국의 관세와 관련해 다른 국가 간에 반발이 심한 상황이라 이번  회  의에서 정상 간 공동성명 발표가 불발될 수 있다는 얘기도 나오고 있다.      루크먼 오투누가 FXTM의 전략가는 ""세계 무역 불안감이 현재 시장을 움직이는 주  요 테마로 작용하고 있지만, 금 가격이 더 오르기 위해서는 새로운 촉매제가 필요하  다""면서 ""만약 이번 G7 회의에서 트럼프 대통령이 혼란과 불확실성을 만든다면 새로  운 촉매제로 금값을 끌어올릴 가능성도 있다""고 분석했다.      싱크마켓의 나엠 아슬람 전략가 역시 ""세계 무역전쟁이 현재 금값을 지지하는 유  일한 요소""라고 지적했다.      이어 아슬람 전략가는 ""곧 다가올 미 연방준비제도(Fed·연준)의 회의에서 연준  이 금리를 올릴 것으로 예상하고 금값이 영향을 받을 수도 있다""면서 ""만약 달러가  강세를 나타내면 금값은 1,280달러로 다시 떨어질 수 있다""고 지적했다.      금리가 올라가면 이자가 없는 금의 매력이 떨어지게 된다. 연준은 6월 12~13일  회의를 갖고 13일에 회의 결과 및 성명을 발표한다.      smwoo@yna.co.kr  (끝)  <저작권자(C)연합인포맥스뉴스. 무단 전재-재배포 금지.>"
197,1,"2018-06-07","03:07:00","원유 하루 100만 배럴… 美, OPEC에 증산 요구","미국 정부가 사우디아라비아 등 석유수출국기구(OPEC) 회원국들에 원유 생산을 하루 100만 배럴 정도 더 늘릴 것을 요구했다고 블룸버그통신이 5일 보도했다.  미국 정부의 이 같은 요구는 도널드 트럼프 대통령이 트위터를 통해 OPEC의 감산 정책과 유가 상승 문제를 비판한 직후에 나온 것이다. OPEC 은 작년 1월 러시아 등 비(非)OPEC 산유국들과 원유 생산량을 하루 180만 배럴 줄이기로 합의했다. 이에 국제 유가인 브렌트유 가격이 작년초 배럴당 40달러대에서 최근 70달러대로 치솟았다.   양모듬 기자  Copyrights ⓒ ChosunBiz.com"
197,2,"2018-06-07","03:07:00","LG화학 폐렴구균 백신, 임상 2단계 진행","LG화학이 6일 ""폐렴구균 백신 후보물질 'LBVE'의 국내 임상 1상 시험을 지난해 마친 데 이어 최근 동남아시아에서 임상 2상에 돌입했다""고 밝혔다. 임상시험은 신약의 안전성과 효능을 증명하기 위해 사람을 대상으로 테스트하는 절차다. 보통 3단계까지 진행된다. LG화학은 한국에 비해 상대적으로 임상 환자를 구하기 쉬운 동남아 지역을 택해 백신 상용화에 속도를 낸다는 계획이다. 임상 환자가 많을수록 매출과 직결되는의약품의 신뢰도가 높아진다.  LG화학은 이번 임상 2상에서 생후 6~8주의 영유아 230명을 대상으로 'LBVE'와 이미 판매되고 있는 화이자(미국)의 폐렴구균 백신 '프리베나13'을 각각 주사해 안전성과 예방 효과를 비교할 계획이다. 임상 3상까지 무사히 마치면 WHO(세계보건기구) 입찰을 거쳐 세계 각국에 폐렴구균백신을 납품하게 된다.  폐렴구균 백신은 아직 국내 기업에서 출시한 제품이 없다. 화이자의 '프리베나13'은 전 세계 폐렴구균 백신 1위로 1000억원 규모의 국내 시장 80%를 차지하고 있다.   최인준 기자 pen@chosun.comCopyrights ⓒ ChosunBiz.com"
197,3,"2018-06-07","03:07:00","지주사들, 계열사한테 상표권 사용료 연 1兆 받아","작년 한 해 동안 대기업 지주사가 계열사에서 거둬들인 상표권 사용료가 1조원을 넘어섰다. 재벌닷컴은 6일 국내 그룹 32곳 39사가 작년 한해 동안 계열사에서 받은 상표권 사용료가 1조1469억원으로 집계됐다고 밝혔다. 재벌닷컴은 공정거래위원회가 지정한 자산 5조원 이상 60대기업집단 중 연간 10억원 이상 상표권 사용료를 받은 32그룹 39사를 조사했다. 39사 모두 지주회사이거나 총수 일가의 지분이 많은 회사였다.  LG그룹의 지주사인 LG는 작년 LG전자를 비롯한 계열사에서 2764억원을 받아 국내 기업 중 가장 많은 상표권 사용료를 받았다. SK그룹의 지주사인 SK(1856억원)와 한화그룹의 한화(1375억원)가 뒤를 이었다. 계열사에서 받은 상표권 사용료가 전체 매출의 절반을 넘어선 기업도 4곳에달했다. 롯데그룹의 롯데지주는 작년 계열사에서 매출의 73.15%인 235억원을 상표권 사용료로 받았고, CJ그룹의 CJ도 매출의 58.17%(921억원), 한국타이어월드와이드는 매출의 55.72%(487억원), 하림홀딩스는 매출의 53.2%(36억원)를 상표권 사용료로 채웠다.   김성민 기자 dori2381@chosun.comCopyrights ⓒ ChosunBiz.com"
197,4,"2018-06-07","03:07:00","한수원도 남북경협TF 꾸렸다","에너지 공기업인 한국수력원자력이 남북 경협 전담팀을 만들었다. 지난 4월 남북 정상회담 이후 대부분의 공공기관은 정부 각 부처의 지시에따라 남북 경협 본격화에 대비한 내부 검토를 진행 중이다.  한수원 관계자는 6일 ""정재훈 사장의 지시로 지난달에 남북 경협 사업 전담 TF를 만들었다""며 ""구체적인 사업을 준비한다기보다는 남북 경협관련 사항을 정부와 소통하는 연락 채널을 구축한 것""이라고 말했다.  한수원은 그린에너지본부 내에 부장급 팀장 1명과 사원 1명 등 2명으로 전담팀을 꾸렸다. 대북 제재가 해제되면 한수원은 수력발전과 신재생에너지 분야 등에서 북한과 협력이 가능할 전망이다.  북한은 수풍댐 등 수력발전에 강점이 있었지만, 투자 부족과 기술 낙후로 만성적인 전기 부족을 겪고 있다. 북한의 수력발전 용량은 446만㎾다. 신재생에너지 분야도 협력의 중점 사안으로 검토되고 있다.  국책연구기관인 산업연구원에 따르면 북한은 가정용 전력이나 마을 공동체 에너지원, 도시의 가로등 전원에 신재생에너지를 사용하고 있다.북한은 2044년까지 재생에너지 발전 설비 용량을 500만㎾로 확대할 계획을 세운 것으로 알려졌다.  다른 공공기관들도 남북 경협 사업들을 내부 검토하고 있다. 산업은행과 에너지경제연구원은 개성공단 확장에 대비해 실무진 차원에서 최적의 에너지 공급을 위한 공동 연구를 협의 중이다. 한전 자회사인 동서발전은 대북 제재 해제 후 북한에 풍력·석탄 화력발전소 건설 가능성 등을 검토 중이다.   최현묵 기자 seanch@chosun.comCopyrights ⓒ ChosunBiz.com"
197,5,"2018-06-07","03:07:00","""취향대로 골라 쓰세요"" 스마트폰 쏟아내는 LG","LG전자가 스마트폰 실적 개선을 위해 파격적인 마케팅 전략을 펼치고 있다. 조성진 부회장이 지난 1월 미국 라스베이거스에서 열린 전자전시회 CES에서 '모든 것을 바꾸겠다'고 선언한 이후 스마트폰 개발, 제품 출시 시기와 방식, 마케팅 전략 등 모든 분야에 메스를 대고 있는 것이다.  LG전자는 지난 1일(현지 시각) 북미 시장에 전략 스마트폰 G7씽큐를 출시했고 8일에는 미국에 V35씽큐를 내놓는다. LG의 양대 프리미엄 브랜드인 G시리즈와 V시리즈를 불과 일주일 간격으로 동시 출시하는 것이다. 한꺼번에 프리미엄폰 2개 모델을 내놓는 것은 스마트폰 업계에서 전례(前例)를 찾기 어려운 일이다. 또 이달 중 스타일러스 펜을 탑재한 중가폰 Q스타일러스 신제품을 출시하는 등 스마트폰 시장의 비수기로 통하는 여름에도 프리미엄·중저가·보급형 등 다양한 신제품을 한꺼번에 쏟아낼 계획이다.  ◇프리미엄폰 동시 출시… 고객 요구 최대한 수용  LG전자가 8일 출시하는 V35 씽큐는 미국 2위 통신사 AT&T에만 단독으로 공급하는 제품이다. 버라이즌·T모바일 등 다른 통신사는 G7씽큐를 팔고, AT&T는 V35씽큐를 파는 것이다. AT&T는 제품 차별화를 위해 과거에 잘 팔렸던 G7에 OLED(유기발광다이오드) 화면을 결합한스마트폰을 만들어달라고 LG전자에 요구했고, LG가 이를 받아들이면서 파생 모델을 만들어낸 것이다. 이 때문에 이례적으로 프리미엄 제품을북미 시장에 두 개나 내놓는 파격이 벌어졌다. V35씽큐와 G7씽큐는 비슷한 점이 많다. G7씽큐는 LCD(액정표시장치) 화면에 M자 디자인을 적용했다. V35씽큐는 OLED 화면에 M자 디자인을 뺀것 정도가 눈에 띄는 차이다. LG전자 측도 ""V35씽큐는 V30의 디자인을 계승하면서 G7의 최신 사양을 접목한 제품""이라고 설명한다. 미국 판매가격(세금 제외)은 G7씽큐와 V35씽큐가 각각 750달러(약 80만원), 900달러(약 96만원)다. LG전자는 V35 씽큐를 다음 달 초 국내에도 출시할예정이다.  LG전자 관계자는 ""단 한 명의 고객이라도 늘리겠다는 자세로 LG폰의 저변을 넓히는 것이 당면 과제""라며 ""앞으로 미국·유럽 등 각국 소비자가 원하는 제품을 맞춤형으로 개발하겠다""고 말했다. 북미 시장은 LG전자가 올 1분기 15.8%의 점유율로 애플·삼성에 이어 3위를 차지할 만큼 선전하는 시장이다. 오히려 국내 시장 점유율(12.2%)보다도 높다.  스마트폰 비수기인 여름철을 집중 공략하는 '틈새 전략'도 편다. 보통 삼성은 매년 4월과 9월, 애플은 9월에 프리미엄 신제품을 내놓는다. 반면 LG전자는 글로벌 강자(强者)들이 쉬는 6~7월에 G7씽큐·V35씽큐(프리미엄폰), Q7(중가폰), X5·X2(보급형) 등을 집중적으로 선보일 예정이다.  이달 러시아와 북미, 다음 달 국내에 출시할 Q스타일러스는 중가폰이면서도 6.2인치 대화면에 펜을 기본적으로 장착한 제품이다. 연필 기능을 고르면 사각거리는 소리, 붓을 고르면 종이를 스치는 소리를 내는 등 다양한 펜 기능을 구현했다. LG전자 관계자는 ""여름철 비수기에 신제품을 내지 않는 것은 스마트폰 업계의 관행이지만 새롭게 도전해 보겠다""고 말했다.  ◇개발 비용 줄이고, 실패 위험 최소화   또 다른 특징은 LG전자의 프리미엄 스마트폰인 G시리즈와 V 시리즈가 갈수록 닮아간다는 것이다. 그동안은 ""자동차에 비유하면 G시리즈는 세단(승용차), V시리즈는 SUV(스포츠유틸리티차량)""라며 확실한 차별화를 강조했지만 기존 개발 전략을 완전히 뒤엎은 것이다. 실제로 V35씽큐는 V30과 G7의 장점을 섞어 놓았고, Q7은 G7의 장점을 계승한 제품이다.  스마트폰 업계에서는 LG전자가 성공한 제품의 장점을 신제품 모델에 적용해 개발 비용을 최소화하면서도 다양한 제품을 쏟아내는 '원 플랫폼멀티 모델(one platform multi model)' 전략으로 전환한 것으로 보고 있다. 각 사의 스마트폰 제품들이 상향 평준화된 상황에서 혁신적인 기능과 성능 개발을 위해 과도한 투자비를 쏟아붓는 것보다는 시장 트렌드 변화에 맞춰 제품을 적기에 출시하는 전략으로 바꿨다는 것이다.  키움증권 김지산 연구원은 ""수익이 개선되는 속도는 더디지만, 플랫폼 전략을 바탕으로 보편적 성능과 합리적 가격을 갖춘 제품을 내놓으면서 LG가 사업 리스크(risk)를 줄여나가고 있다""고 분석했다.     박순찬 기자 ideachan@chosun.comCopyrights ⓒ ChosunBiz.com"
197,6,"2018-06-07","03:07:00","무선선풍기 판매량 작년 2배","청소기에서 시작한 가전제품의 '무선(無線) 바람'이 선풍기까지 번지고 있다. 충전 방식이라 코드 없이 이동이 자유롭고, 사용 중에 발이 걸려 넘어지는 등의 안전사고 위험도 없기 때문이다. 온라인 쇼핑몰 G마켓은 ""5월 한 달간 무선 선풍기 판매량이 지난해 같은 기간보다 2배 넘게 늘었다""고 6일 밝혔다. 반면 스탠드형 유선 선풍기 판매량은 같은 기간 8% 줄어들었다. 최근 판매가 늘어나는 제품은 14만5000원짜리 '샤오미 스마트 무선 선풍기'다. 한 번 충전하면 16시간 사용할 수 있고, 앱을 설치해 스마트폰으로 회전 각도 등을 조절할 수 있다.  이마트는 대형 마트 업계에서 처음으로 7일부터 전국 100여 점포와 가전 전문 일렉트로 마트, 이마트 몰에서 자체 브랜드 무선 선풍기를 판다. 13만8000원짜리 '러빙홈 코드리스 팬' 제품으로, 완전히 충전하면 7시간 30분간 사용할 수 있다. 출시 기념으로 27일까지 삼성·KB국민·신한카드 등으로 결제하면 20% 할인해 준다.     채성진 기자  Copyrights ⓒ ChosunBiz.com"
197,7,"2018-06-07","03:07:00","삼성전자 사내 벤처 육성 C랩, 채소재배기 등 3개 팀 선정","삼성전자는 사내 벤처 육성 프로그램인 'C랩(Creative Lab)'을 통해 발굴한 3개 우수팀의 스타트업 창업을 지원한다고 6일 밝혔다. 창업 지원 대상이 된 3개 팀은 아그와트·캐치플로우·포메이커스다.  아그와트는 사물인터넷(IoT)을 활용한 가정용 채소 재배기인 '플랜트박스'를 개발했다. 이 제품은 소형 냉장고와 비슷한 크기로 기르고 싶은채소의 씨앗을 넣으면 씨앗의 종류에 따라 빛·온도 등 최적 환경을 설정해준다. 집 안에서 싱싱한 채소를 직접 재배할 수 있다. 캐치플로우는 스피커 앞에 있는 특정한 사람에게만 소리가 들리게 하는 초소형 지향성 스피커 'S레이'를 개발했다. 또 포메이커스는 사람들의 앱 사용패턴을 분석해 기업의 시장조사를 할 때 적합한 사람을 추천하는 프로그램 '앱비'로 창업에 나선다.  C랩은 삼성전자가 임직원들의 아이디어를 발굴하기 위해 2012년 12월 도입한 제도다. C랩 프로그램에 채택되면 1년간 업무에서 벗어나 아이디어를 구현해 볼 수 있고 결과물이 우수한 경우에는 창업 자금을 지원해 준다. 삼성전자 창의개발센터 이재일 센터장은 ""지금까지 임직원 130 여명이 창업에 도전해 34개 기업을 설립했고, 이들이 외부에서 고용한 인원도 170명에 달한다""고 말했다.   박건형 기자 defying@chosun.comCopyrights ⓒ ChosunBiz.com"
198,1,"2018-06-07","02:34:39","[영남 브리프] 울산시, 도로 함몰 관리시스템 구축","울산시는 6일 도로에 구멍이 파인 포토홀에 대한 선제적인 안전관리를 위해 ‘미래형 도로 함몰 관리시스템’을 도입하기로 했다. 지하 상·하수도, 지하수 관정 등에 사물인터넷(IoT) 기반 센서와 측정 장비를 부착해 침하 등의 이상 징후가 감지되면 경보가 울리는안전시스템이다.    [ 무료주식 카톡방 ] 국내 최초, 카톡방 신청자수 38만명 돌파 < 업계 최대 카톡방 > --> 카톡방 입장하기!! 40억 ""이것""통해 벌었다는 남성 알고보니 ""개인파산""한 개그맨 A씨? ▶ <긴급공개> 2분기 이끌 新대장주 BEST 5 억대계좌 이종목에서 또 터진다! >> [바로확인]     관련기사 ""젊은 직장인들 모인다""…강북 도심 부활한 이유가 ""무너질까 두렵다""…사직2구역 주민들 '발칵' 계속되는 주한미군 철수설에…美 국방장관 결국 다이슨 무선청소기 잘나가더니… 가전업계 '대반전' 남편에게 돈 벌어 오랬더니 하는 말이…아내 속앓이    ⓒ 한국경제 & hankyung.com, 무단전재 및 재배포 금지"
198,2,"2018-06-07","02:34:25","[영남 브리프] 경남경영자協, 기업지원사업 설명회","경남경영자총협회(회장 강태룡)는 오는 14일 창원 호텔인터내셔널에서 기업 지원사업 설명회를 연다. 기업과 대학 취업 관계자 등을 대상으로 청년내일채움공제와 일·학습병행제, 중장년일자리 희망센터 등 다양한 제도를 안내한다. 기업 인사 담당자와 대학 관계자의 질의응답 시간도 갖는다.    [ 무료주식 카톡방 ] 국내 최초, 카톡방 신청자수 38만명 돌파 < 업계 최대 카톡방 > --> 카톡방 입장하기!! 40억 ""이것""통해 벌었다는 남성 알고보니 ""개인파산""한 개그맨 A씨? ▶ <긴급공개> 2분기 이끌 新대장주 BEST 5 억대계좌 이종목에서 또 터진다! >> [바로확인]     관련기사 ""젊은 직장인들 모인다""…강북 도심 부활한 이유가 경남중기청, 병역업체 신청 접수 울산, 청년 일자리 'U-드림사업' 계속되는 주한미군 철수설에…美 국방장관 결국 남편에게 돈 벌어 오랬더니 하는 말이…아내 속앓이    ⓒ 한국경제 & hankyung.com, 무단전재 및 재배포 금지"
198,3,"2018-06-07","02:33:36","""꽃잎·나뭇잎이 통째로 담긴 천연 화장품""… 입소문 타고 해외로 간 이엔에스코리아","합성 방부제 첨가하지 않고   오랫동안 모양·성분 유지돼     유튜브·SNS 통해 알려지며  英·佛 등 백화점 입점 러브콜   작년 수출 330만달러 달성     [ 윤상연 기자 ] 화장품에 천연 나뭇잎과 꽃잎을 통째로 넣은 시각효과로 소비자들의 시선을 끄는 기업이 있어 관심을 모으고 있다. 경기 하남시 검단산로의 천연유기농 화장품 전문업체인 이엔에스코리아(대표 박준한·사진)는 꽃잎 등 천연재료에 합성 방부제 등을 첨가하지 않고도 모양이 변형되지 않는 제품을 개발해 국내외 시장을 넓히고 있다.  박준한 대표는 6일 “자체 기술로 개발한 천연 화장품은 싱그러운 잎이그대로 보존돼 식물의 유효성분 배출로 깊은 보습과 향을 느낄 수 있다”고 소개했다. 이 회사는 지난달 20일 나뭇잎 등 천연재료를 넣은 ‘울루’를 출시했다. 스킨케어 화장품 한 병을 만들기 위해서는 채취부터 자연방부 처리까지 1655시간이 걸린다. 다음달에는단풍잎 등 다양한 천연재료를 넣은 보디제품, 향수 등을 출시할 계획이다.   이 회사는 에덴, 화미사, 오썸, 비어썸, 울루, 뉴데이즈 등 6개 자체 브랜드로 300여 가지의 화장품을 제조하고 있다. 브랜드당 스킨케어, 헤어, 세정류 등 60여 가지 제품을 출시한다.  박 대표는 호주 유학 중 천연 화장품의 성장 가능성에 5년간 레스토랑을 운영하며 창업자금을 마련해 2004년 회사를 설립했다. 식물의 추출물을 첨가한 천연유기농 화장품 에덴이 첫 제품이다. 2011년 선보인 화미사 제품이 인기를 끌면서 성장발판을 마련했다. 박 대표는 “당시 국내에는 천연화장품이 없던 시기였고 초기부터 해외에서 인기를 끌었다”고 소개했다. 유튜브, 인스타그램 등으로 해외홍보를 했다. 제품 우수성이알려지면서 세계 유명 백화점에서 먼저 요청해와 납품을 시작했다.  화미사는 천연유기농 발효공법을 적용한 제품이다. 다시마팩과 수박팩은 2016년 8월 영국 펜윅, 프랑스 쁘렝땅백화점 등에 입점하며 글로벌 브랜드로 성장했다. 지난해 10월에는 미국 CNN에서 “하루 8000명의 고객이 화미사 수박팩 제품을 구입하기 위해 기다린다”고 소개됐을 정도다.  이 회사의 서울 청담동 직영점과 강남직영점에는 인터넷 홍보영상을 본 해외 소비자들이 구매를 위해 찾아오고 있다. 신세계면세점 등 10여 곳에 납품한다. 미국, 영국, 호주 등 3개 지사를 두고 있고 세계 35개국에는 총판지점을 운영한다.  화미사가 해외에서 인기몰이를 하면서 지난해 매출은 수출 330만달러를 포함해 총 220억원을 올렸다. 2016년 매출(90억원)보다 2.4배가량 증가했다. 올해 매출 목표는 해외판매(500만달러) 증가에 힘입어 총 320억원으로 잡았다.  이 회사는 오는 9월 80억원을 투자한 경기 남양주 화도읍으로 본사와 생산시설을 이전한다. 박 대표는 “천연 화장품을 더욱 특화해 후세에 남길 수 있는 한국의 대표 글로벌 브랜드를 만들겠다”고 강조했다.  하남=윤상연 기자 syyoon1111@hankyung.com    [ 무료 주식 카톡방 ] 국내 최초, 카톡방 신청자수 38만명 돌파 < 업계 최대 카톡방 > --> 카톡방 입장하기!! 40억 ""이것"" 통해 벌었다는 남성 알고보니 ""개인파산""한 개그맨 A씨? ▶ <긴급공개> 2분기 이끌 新대장주 BEST 5 억대계좌 이종목에서 또 터진다! >> [바로확인]     관련기사 ""젊은 직장인들 모인다""…강북 도심 부활한 이유가 한형기 商議회장 연임… ""충남 中企지원기관 유치할 것"" 계속되는 주한미군 철수설에…美 국방장관 결국 인천 올스웰, 창업 3년 만에 공기정화 기술 수출 남편에게 돈 벌어 오랬더니 하는 말이…아내 속앓이    ⓒ 한국경제 & hankyung.com, 무단전재 및 재배포 금지"
198,4,"2018-06-07","02:33:08","잊을만하면 터지는 멕시코 폭죽 폭발사고…가정집서 13명 사상","잊을만하면 터지는 멕시코 폭죽 폭발사고…가정집서 13명 사상    (멕시코시티=연합뉴스) 국기헌 특파원 = 멕시코 중부에 있는 한 가옥에서 6일(현지시간) 쌓아놓은 폭죽이 폭발해 5명이 숨지고 8명이 다쳤다고 엑셀시오르 등 현지언론이 보도했다.  폭발사고는 이날 오전 수도 멕시코시티 북쪽에 있는 툴테펙의 한 가정집에서 발생했다.  사고 현장에서 남성 2명과 여성 1명이 즉사했고, 여성 1명은 병원으로 이송 중에 숨졌다. 다른 1명은 병원에서 치료를 받다가 숨을 거뒀다.  부상자 8명 가운데 4명은 어린아이다.  폭발로 인근에 있는 주택 23채와 차량 10여 대가 전파되거나 피해를 입었다.  툴테펙은 사제 폭죽 산지로 유명한 곳이다. 많은 주민이 집에서 폭죽을 만들고 제조한 폭죽을 창고에 쌓아놓는다. 이 때문에 폭발사고가자주 발생한다.  툴테펙 외에 멕시코 다른 지역에서도 폭죽 폭발사고가 빈발한다. 멕시코인들은 생일은 물론 국경일, 종교 기념일 등에 시도 때도 없이 폭죽을 터트려 불꽃놀이를 즐긴다.  지난해 5월 중부 푸에블라 주 산 이시드로 마을에 있는 폭죽창고에서 폭발이 나 14명이 숨지고 22명이 부상했다.  2016년 12월에도 멕시코시티 교외의 한 야외 폭죽 시장에서 연쇄 폭발이 일어나 최소 29명이 숨지고 70명이 다쳤다.  penpia21@yna.co.kr   (끝)    <긴급속보 SMS 신청> <포토 매거진> < M-SPORTS >   <저작권자(c) 연합뉴스, 무단 전재-재배포 금지>"
198,5,"2018-06-07","02:31:56","'지원우대지역'으로 지정된 충남 당진의 석문국가産團","입주 기업 보조금 대폭 늘고 설비투자 지원금도 2배 이상     [ 강태우 기자 ] 경기 평택시의 폐수처리약품 제조기업인 넥스테크는 올해 100억원을 들여 충남 당진 석문국가산업단지에 공장을 짓기로 했다. 수도권과 가까운 데다 이달부터 정부와 지방자치단체의 보조금 지원율이 높아져 투자에 나섰다. 넥스테크 관계자는 “석문국가산단은평택공장과 자동차로 40분 거리에 있고 수도권과 충청권으로 가는 교통망도 잘 갖춰져 있다”고 설명했다.  충남 당진시는 석문국가산업단지가 정부로부터 지원우대지역으로 지정됐다고 6일 발표했다. 석문국가산단은 2015년 당진시 석문·고대면 일원 1081만4000㎡에 조성됐다. 준공 3년이 지났지만 분양률은 25% 수준이다. 당진시 관계자는 “경기침체로 기업 투자가 위축된 데다 당진이 수도권인접 지역으로 분류돼 다른 지방에 비해 보조금 지원율이 낮은 것이 원인”이라고 말했다.  지원우대지역 지정으로 석문국가산단의 기업 유치에 새로운 전기가 마련됐다. 지원우대지역은 공장 준공 이후 3년이 지난 뒤에도 분양률이 50% 미만이면 한시적으로 시행돼석문국가산단은 오는 29일부터 적용된다. 석문국가산단 입주기업에 지원하는 보조금은 토지매입가의 ‘9% 이내’에서 ‘40%이내’로 확대된다. 설비투자 지원금도 기업이 투자한 금액의 ‘11% 이내’에서 ‘24% 이내’로 두 배 이상 늘어난다.  석문국가산단에는 호서대 산학융합캠퍼스가 지난해 개교했고 첨단금속소재산업 초정밀기술지원센터도 입주를 확정했다. 초정밀기술지원센터에는 초정밀 가공장비 21종을 갖추고, 산학융합캠퍼스는 이 장비를 활용해 전문인력을 양성한다.  정본환 당진시 기업지원과장은 “지원우대지역 지정, 초정밀기술지원센터 유치 등의 호재에 힘입어 석문국가산단 분양이 활성화될 것”이라고 말했다.  당진=강태우 기자 lhb@hankyung.com    [ 무료 주식 카톡방 ] 국내 최초, 카톡방 신청자수 38만명 돌파 < 업계 최대 카톡방 > --> 카톡방 입장하기!! 40억 ""이것""통해 벌었다는 남성 알고보니 ""개인파산""한 개그맨 A씨? ▶ <긴급공개> 2분기 이끌 新대장주 BEST 5 억대계좌 이종목에서 또 터진다! >> [바로확인]     관련기사 ""젊은 직장인들 모인다""…강북 도심 부활한 이유가 계속되는 주한미군 철수설에…美 국방장관 결국 여성 과학자 창업 밀어주는 대전 여성벤처인 인천공항서 차로 5분…최대 왕산마리나 전면 개장 남편에게 돈 벌어 오랬더니 하는 말이…아내 속앓이    ⓒ 한국경제 & hankyung.com, 무단전재 및 재배포 금지"
198,6,"2018-06-07","02:29:47","해운대는 벌써 북적","현충일인 6일 부산 해운대해수욕장에서 나들이객들이 휴일을 맞아 물놀이하며 더위를 식히고 있다.  연합뉴스     [ 무료 주식 카톡방 ] 국내 최초, 카톡방 신청자수 38만명 돌파 < 업계 최대 카톡방 > --> 카톡방 입장하기!! 40억 ""이것""통해 벌었다는 남성 알고보니 ""개인파산""한 개그맨 A씨? ▶ <긴급공개> 2분기 이끌 新대장주 BEST 5 억대계좌 이종목에서 또 터진다! >> [바로확인]     관련기사 ""젊은 직장인들 모인다""…강북 도심 부활한 이유가 제목없음  계속되는 주한미군 철수설에…美 국방장관 결국 확성기 끄고 춤·노래 자제… 현충일 선거운동 '자중 모드' 남편에게 돈 벌어 오랬더니 하는 말이…아내 속앓이    ⓒ 한국경제 & hankyung.com, 무단전재 및 재배포 금지"
198,7,"2018-06-07","02:29:09","AFP ""수단, 북한과 모든 방산계약 취소""","AFP ""수단, 북한과 모든 방산계약 취소""    (뉴욕=연합뉴스) 이귀원 특파원 = 수단 정부는 6일(현지시간) 자국 방산업체들이 북한과의 모든 계약을 취소했다고 밝혔다고 AFP통신이 6일(현지시간) 보도했다.  통신에 따르면 수단 외교부는 이날 성명을 통해 이같이 밝혔다.  수단 외교부는 또 유엔 안전보장이사회(안보리)의 대북 제재 결의를 이행하기 위한 위원회를 설치했다고 덧붙였다.  AFP 통신은 수단 정부의 이 같은 조치에 대해 ""수단이 북한과 (그동안) 그와 같은 거래(방산 거래)를 해왔다는 점을 처음으로 인정한 것""이라고 설명했다.  로이터 통신도 수단 정부가 핵무기 비확산 약속 노력의 하나로 북한과의 모든 국방 거래를 단절했다고 밝혔다고 전했다.  앞서 AFP통신은 지난달 미국이 테러지원국에서 해제를 희망하는 수단에 대해 북한과의 모든 경제적 거래를 끊을 것을 요구했다고 보도한바 있다.     lkw777@yna.co.kr   (끝)    <긴급속보 SMS 신청> <포토 매거진> < M-SPORTS >   <저작권자(c) 연합뉴스, 무단 전재-재배포 금지>"
199,1,"2018-06-07","02:05:30","""트럼프, 김정은 플로리다 리조트로 초대할수도""","[아시아경제 뉴욕 김은별 특파원] 도널드 트럼프 미국 대통령이 6·12 북미정상회담 이후 후속 회담 개최 가능성을 제기한 가운데, 2차 회담 장소로 플로리다 팜비치의 마라라고 리조트를 제안할 가능성이 제기됐다.    6일(현지시간) 블룸버그통신은 트럼프 대통령이 김정은 북한 국무위원장에게 후속 회담을 마라라고 리조트에서 하자고 제안하는 방안을 고민하고 있다고 보도했다. 만약 두 사람의 회담이 가능해진다면 2차 정상회담은 가을에 열릴 수 있다고 블룸버그통신은 전했다.   다만 백악관은 김 위원장이 이번 회담에서 트럼프 대통령에게 핵무기 포기에 대한 시간표를 약속하길 바라고 있다고 블룸버그통신은 덧붙였다.   블룸버그통신은 ""고위험 부담의 이번 회담은 이틀간 이어질 수도 있고 불과 몇 분 만에 끝날 수 있다""며 ""회담이 잘 굴러간다면 12일 당일 추가 행사가 있을 수도 있고 13일에도 추가 일정이 있을 수 있다""고 전망했다.   백악관 관계자 역시 비핵화 관련 후속회담 개최 가능성을 언급했다.   켈리엔 콘웨이 백악관 선임고문은 기자들과 만나 트럼프 대통령과 김 위원장간에 ""한번의 회담, 한 번의 대화보다 더 있을 수 있다""며 ""핵 협상에는 2번,3번,4번,5번의 회담이 필요하게 될지도 모른다""고 밝혔다고 의회전문매체 더 힐 등이 전했다.    ●남북경협株 선취매 all 포착.. 실적 기반 차기 주도주 '바로' 이종목! (클릭) ●'부자네스탁론' 3년 고정금리 4.15% 100% 집중투자까지 ●'대박스탁론' 3년 고정금리 3.99% 100% 집중투자까지 ●500만원투자 단 6개월만에 3억달성! 원포인트 투자종목 공개  [관련기사]  ☞ 아베 ""트럼프와 조율해 북미회담 성공시키고 싶다""  ☞ 푸틴도 북한가나…日정치인 ""김정은이 초대해""  ☞ 美 한국 전문가들 ""북미, 한반도 비핵화에만 집중해야""  ☞ 美무역확장법 232조, 한국산 철강 미치는 영향…하반기 수출 감소 불가피  ☞ ""원산을 세계적 관광지로""..김정은의구상 통할까    퇴직 후 백만원으로 ""35억""번 60대男 화제! 60대 김모씨가 퇴직 후 하게 된""이것""이 35억의 대박을...  터지기 전, 잡아라!! 상반기300%이상 상승이 기대되는 대박 테마주는? 이슈 전 선취매 주식고수들만 안다는 슈퍼 우량 테마주 남들보다 먼저 받아보기    뉴욕 김은별 특파원 silverstar@asiae.co.kr   <ⓒ세계를 보는 창 경제를 보는 눈, 아시아경제(www.asiae.co.kr) 무단전재 배포금지>"
199,2,"2018-06-07","02:04:25","[새로 나왔어요] '이솝' 자외선차단 로션 등","'이솝' 자외선차단 로션   호주 스킨케어 브랜드 ‘이솝(AESOP)’이 자외선 차단 효과가 있는 ‘프로텍티브페이셜 로션 SPF 30’(사진)을 6일 출시했다. 자외선으로부터 피부를 보호해주는 로션으로, 모든 피부 타입에 사용할 수 있는 남녀 공용 제품이다. 발랐을 때 답답한 느낌이 들지 않도록 부드러운 제형을 사용했다. 판테놀, 스쿠알란 등 보습 성분을 넣었고 은은한 허브향이 난다. 이솝코리아 관계자는 “땀과 유분이 많이 생기는 여름철엔 끈적이지 않는 자외선 차단제를 찾는 수요가 늘어난다”며 “남성들에게도 추천할 만한 제품”이라고 말했다. 가격은 7만3000원대(50mL).  '피터젠슨' 키즈 수영복  영국 패션 브랜드 ‘피터젠슨’은 바캉스철을 앞두고 키즈 수영복 시리즈(사진)를 6일 출시했다. 자외선 차단 기능을 갖춘 소재를 적용해강렬한 햇빛에 노출되는 야외 물놀이를 갈 때 입기 좋다. 아이들이 좋아하는 핑크, 보라 등 파스텔 색상을 사용했다. 체온을 유지할 수 있도록 도톰하면서도 부드러운 소재를 썼다. 핑크색 바탕에는 보라색 글씨를, 보라색 바탕에는 핑크색 글씨를 새겼다. 긴팔의 래시가드 상의와 반바지로 나왔다. 온라인몰 파스텔월드에서 구입할 수 있다.    [ 무료 주식 카톡방 ] 국내 최초, 카톡방 신청자수 38만명 돌파 < 업계 최대 카톡방 > --> 카톡방 입장하기!! 40억 ""이것""통해 벌었다는 남성 알고보니 ""개인파산""한 개그맨 A씨? ▶ <긴급공개> 2분기 이끌 新대장주 BEST 5 억대계좌 이종목에서 또 터진다! >> [바로확인]     관련기사 ""젊은 직장인들 모인다""…강북 도심 부활한 이유가 ""무너질까 두렵다""…사직2구역 주민들 '발칵' 계속되는 주한미군 철수설에…美 국방장관 결국 다이슨 무선청소기잘나가더니… 가전업계 '대반전' 남편에게 돈 벌어 오랬더니 하는 말이…아내 속앓이    ⓒ 한국경제 & hankyung.com, 무단전재 및 재배포 금지"
199,3,"2018-06-07","02:04:04","EU, 미국의 대이란 제재에 '제재 무력화 발동'으로 맞불","EU, 미국의 대이란 제재에 '제재 무력화 발동'으로 맞불  ""이란과 거래하는 EU기업 보호ㆍ이란핵합의 이행 의지""    (브뤼셀=연합뉴스) 김병수 특파원 = 유럽연합(EU) 집행위원회는 6일(현지시간) 미국의 이란에 대한 제재 재부과와 관련, 이란과 거래하는 EU 기업들을 미국의 '세컨더리 제재'로부터 보호하기 위해 EU의 제재 무력화 규정을 업데이트해 발동했다.  EU 집행위의 이 같은 조치는 미국의 일방적인 이란 핵합의 탈퇴에도 불구하고 EU는 '포괄적 공동행동계획(JCPOA)'으로 불리는 핵합의를계속 이행하겠다는 의지를 보여주기 위한 것으로 분석된다.   지난달 도널드 트럼프 미국 행정부는 이란의 핵동결을 조건으로 국제사회의 대이란 제재를 해제하는 것을 골자로 지난 2015년 국제사회와 이란이 체결한 JCPOA를 ""최악의 협정""이라며 국제사회의 반대에도 불구하고 일방적으로 탈퇴한 뒤 대(對)이란 제재 재부과를 결정했다.  반면에 EU와 다른 합의 당사자인 영국, 프랑스, 독일, 중국, 러시아는 이란이 합의를 이행하는 한 JCPOA를 계속 유지하겠다고 밝혔다.  또 EU는 지난달 하순 불가리아의 수도 소피아에서 가진 비공식 EU 정상회의에서 미국의 일방적인 이란 핵합의 탈퇴 및 대이란 제재 재부과에 대해 '제재 무력화 규정'을 적용해 맞서기로 의견을 모았다.  EU 집행위는 이날 이란과 계속 거래하는 EU 기업에 보호막을 제공하고 미국의 대이란 제재로 인한 손해를 메꾸어주는 기본틀을 부여하도록 제재 무력화 규정을 업데이트했다.  또 집행위는 이날 유럽투자은행(EIB)에 대해 이란 프로젝트에 대한 재정지원을 승인하되, 실제 투자를 계속할지는 EIB가 결정하도록 했다.  이에 따라 이란 핵합의 이행 및 대이란 제재문제를 놓고 미국과 EU는 정면대결로 치닫고 있다.  EU 이사회와 유럽의회는 오는 8월초 미국의 대이란 제재가 발효되기 전까지 두 달간 집행위의 이번 결정을 거부할 수 있으며, 반대하지않으면 제재 무력화 규정도 효력을 갖게 된다.  한편, EU와 영국, 프랑스, 독일 정부는 지난 4일 마이크 폼페이오 미국 국무장관과 스티븐 므누신 재무장관에게 서한을 보내 이란에서 사업을 하는 유럽 기업에 대해서는 제재하지 말 것을 요구한 것으로 확인됐다.  bingsoo@yna.co.kr   (끝)    <긴급속보 SMS 신청> <포토 매거진> < M-SPORTS >   <저작권자(c) 연합뉴스, 무단 전재-재배포 금지>"
199,4,"2018-06-07","02:02:00","文대통령, 오늘(7일) 하루 연가···靑 ""숨가쁘게 달려와 하루 휴식""","@media all and (max-width: 400px) {img{max-width:340;height:auto;}}.dayTBL a:link {font-family: 돋움;font-size: 11px;line-height: 18px;color:#666666;text-decoration: none}.dayTBL a:visited {font-family: 돋움;font-size: 11px;line-height: 18px;color: #666666;text-decoration: none}.dayTBL a:hover {font-family: 돋움;font-size: 11px;line-height: 18px;color: #840000;text-decoration: none}.dayTBL nobr {width:85px; text-overflow:ellipsis; overflow:hidden; cursor:pointer; float:left}.todayBDb {border-bottom: #000000 0.5pt solid}.tblGrp{padding:0; border-spacing:0; border-collapse:collapse; border:0;vertical-align:top;width:279px}.tblGrp td{vertical-align:top}.dayTBL {width:93px; padding:0; border-spacing:0; border-collapse:collapse; vertical-align:top; border:0}.dayTBL td{font-size:12px; font-family:돋움; color:#333333;line-height:18px;padding:0}.divSch1{float:left}.divSch2{float:left}.tdSch{border: #E6E6E6 0.1pt solid;height:75;padding:0}.tdSchToday {border: #000000 1pt solid;height:75;background-color:#fffff0;padding:0}.tdSchTomorrow {border-left:0}.tdSchYesterday {border-right:0}.tdDate{background-color:#c8e7ff;height:10;text-align:center}.ad {text-align:center; font-size:8pt; font-family:돋움;line-height:1.2}.lg {margin-bottom:20px;}.title{font-size:15px;color:#203c76;font-weight:bold;margin-bottom:20px;}a,img {border:0; outline:none; selector-dummy:expression(this.hideFocus=true);}body,td,select,input,div,form,textarea,center,option,pre,blockquote {font-size:9pt; line-height:1.6; font-family:돋움;}table{border:0px;}r {display:none;}    제목 : 文대통령, 오늘(7일) 하루 연가···靑 ""숨가쁘게 달려와 하루 휴식""  [아이뉴스24 전종호 기자] 문재인 대통령이 오는 7일 하루 연가를 사용키로 했다고 청와대가 6일 밝혔다. 문 대통령의 올해 연가 소진은 지난 2월27일 이후 이번이 두 번째다.  김의겸 청와대대변인은 이날 출입기자단 문자메시지를 통해 ""내일 문 대통령이 하루 연가를 냈다""고 밝혔다.    문재인 대통령[출처=뉴시스]   김 대변인은 ""한중일 정상회담, 한미 정상회담, 남북 정상회담 등 그동안 한반도 정세에 대응하느라 쉴 시간 없이 숨가쁘게 달려왔기 때문에 하루 연가를 낸 것""이라고 설명했다.  이어 ""비록 휴가중이지만 내일까지 기한인 특검 지명은 차질없이 할 것""이라며 ""휴가 장소는 지방이지만 비공개로 양산 자택은 아니다""라고 덧붙였다.  문 대통령은 평창 동계올림픽 국면에서 강행군을 펼친 뒤 지난 2월27일 하루 연가를 사용한 바 있다.  문 대통령이 올해 2일간의 연가를 소진하면서 잔여 연가 일수는 19일이 됐다. 대통령의 1년 연가일 수는 21일이다.  지난해의 경우 5월10일 취임하면서 총 14일의 연가를 보유했었다. 문 대통령은 지난해 8일의 연가를 사용하면서 최종 57%의 연가사용률을 기록한 바 있다.   문 대통령이 청와대 직원들에게 권장한 70% 사용률을 지키기 위해서는 남은 6개월간 월평균 2일 이상을 사용해야 한다.  /전종호기자 jjh18@inews24.com   해당 기사는 아이뉴스24(www.inews24.com)에서 제공한것이며 저작권은 제공 매체에 있습니다. 기사 내용 관련 문의는 해당 언론사에 하시기 바랍니다.  ■[하이스탁론] 주식자금이 필요할 땐 ☎ 1599-6222 연 3% 업계 최저금리, 자기자본 포함 최대 4배, 연장수수료 無 주식 매도 없이 미수, 신용 대환 / 마이너스통장식 / 기대출자도 가능 ☞ 14년 연속 스탁론 점유율 1위, 노주현이 추천하는 [하이스탁론 바로가기]  ▶【급등임박株】 “정책+실적+수급분석 완료” 주도주 '2선' 추천받기  ◆""숨은 진주발굴"" 당뇨치료제 상용화 임박! <재료주공개>   [이슈&섹터 스케줄]    2018-06-04 - 한국-필리핀 정상회담 예정 - 5G 주파수 경매 신청 마감 예정 -  한은, BOK 국제컨퍼런스 개최   2018-06-05 - 국무회의(최저임금법) - 랩온어칩 및 마이크로플루이딕스 컨퍼런스 개최(현지시간) - ""항체 엔지니어링 & 항체 치료 콘퍼런스 유럽 2018"" 개최 예정(현지시간)   2018-06-06 - 현충일 - 국내 증시 휴장 - 2018 국제회계 심포지엄 개최 예정      2018-06-07 - 美-日 정상회담 예정(현지시간) - 삼성바이오로직스, 분식 여부 판가름 예정 - 넥슨, MMORPG '카이저' 정식 출시   2018-06-08 - 6.13 지방선거 사전투표 예정 - G7 정상회의 개최 예정(현지시간) - 제5차 韓-美 에너지안보대화   2018-06-09 - 북-중-러 정상회담 예정 - 이탈치네마, 제10회 이탈리아 영화제 개최 예정 - 상하이협력기구(SCO) 정상회의 개최      Copyright ⓒ True&Live 증시뉴스 점유율1위, 인포스탁(www.infostock.co.kr) 인터넷신문(경기아51008)/무단전재 및 배포금지   본 뉴스(정보)는 해당종목의 매수/매도신호가 아니며, 이를 근거로행해진 거래에 대해 책임을 지지 않습니다."
199,5,"2018-06-07","02:00:10","갤러리아百, 인플루언서 마케팅 강화","'상아튜브'와 홍보영상 촬영   이달 말 유튜브에서 공개     [ 이유정 기자 ] 갤러리아백화점이 소셜네트워크서비스(SNS) 스타로 불리는 ‘인플루언서’를 활용해 동영상을 제작하고 온라인몰기획전을 여는 등 마케팅 채널 다변화에 나섰다.  갤러리아백화점은 최근 뷰티 인플루언서 ‘상아튜브’와 함께한 2차동영상 바이럴 캠페인의 하나로 서울 압구정동 명품관에서 촬영을 진행했다고 6일 발표했다.  상아튜브는 화장품 브랜드 ‘나스’의 신제품 및 메이크업 노하우와 명품관 식품관 고메이494에서 신규로 선보인 아이스크림 브랜드 ‘EBA’를 소개하는 콘텐츠를 영상으로 담았다. 촬영 영상은 이달 말 유튜브에서 공개된다.  이와 함께 갤러리아 온라인몰에서는 관련 상품으로 구성된기획전을 별도로 열 계획이다.  갤러리아백화점은 상아튜브와 지난 3월 1차 바이럴 마케팅을 진행해 효과를 봤다. 갤러리아 온라인몰에선 지난 4월 2주간 영상에서 소개된 제품을 중심으로 기획전을 열어 ‘톰포드 뷰티’ 매출이 전년 같은 기간 대비 55% 늘어났다.  갤러리아백화점 관계자는 “유튜버 세대로 불리는 젊은 고객을 겨냥한 입소문 마케팅을 지속해 SNS 채널 활성화와 온라인몰 매출 확대로 이어지도록 할 것”이라고 말했다.  이유정 기자 yjlee@hankyung.com    [ 무료 주식 카톡방 ] 국내 최초, 카톡방 신청자수 38만명 돌파 < 업계 최대 카톡방 > --> 카톡방 입장하기!! 40억 ""이것""통해 벌었다는 남성 알고보니 ""개인파산""한 개그맨 A씨? ▶ <긴급공개> 2분기 이끌 新대장주 BEST 5 억대계좌 이종목에서 또 터진다! >> [바로확인]     관련기사 ""젊은 직장인들 모인다""…강북 도심 부활한 이유가 K뷰티 홍보대사? 돈에 눈 먼 먹튀족?… SNS 스타 '인플루언서'의 명암 계속되는 주한미군 철수설에…美 국방장관 결국 남편에게 돈 벌어 오랬더니 하는 말이…아내 속앓이 성장하는 기업이 되고 싶은가? 시장의 '인플루언서'와 소통하라!    ⓒ 한국경제 & hankyung.com, 무단전재 및 재배포금지"
199,6,"2018-06-07","01:58:28","中, 유전자가위 임상 선두… 유전자 치료제 공격 투자","[ 한민수 기자 ] 중국이 세계 제약·바이오산업의 강력한 추격자로 떠오르고 있다. 중국은 차세대 의약품인 유전자 치료제 분야 등에서 빠르게 질주 중이다.  6일 미국 임상정보 사이트인 클리니컬트라이얼즈에 따르면 크리스퍼 유전자가위 기술을 기반으로 현재 세계에서 17건의 임상시험이 진행되고 있다. 이 중 11건을 중국 연구팀이 하고 있다. 미국이 5건, 홍콩이 1건을 진행 중이다. 중국에서는 쓰촨대연구팀이 2016년 8월 유전자가위 임상시험을 시작한 이후 베이징대 중국인민해방군병원 등 대학과 병원을 중심으로 난치성 질환 연구가 활발하다.  중국 정부는 연구에 대한 투자도 확대하고 있다. 중국 국립자연과학재단은 4년간 270건의 크리스퍼 유전자가위 프로젝트에연구비를 지원했고, 지난해 후원한 프로젝트만 90건 이상이다.  업계 관계자는 “유전질환 등 일부에만 연구를 허용하는 한국과 달리 사실상 규제를 하지 않는 것이 중국이 유전자가위 분야에서 앞서나가는 배경”이라고 말했다.  한민수 기자 hms@hankyung.com    [ 무료 주식 카톡방 ] 국내 최초, 카톡방 신청자수 38만명 돌파 < 업계 최대 카톡방 > --> 카톡방 입장하기!! 40억 ""이것""통해 벌었다는남성 알고보니 ""개인파산""한 개그맨 A씨? ▶ <긴급공개> 2분기 이끌 新대장주 BEST 5 억대계좌 이종목에서 또 터진다! >> [바로확인]     관련기사 ""젊은 직장인들 모인다""…강북 도심 부활한 이유가 ""무너질까 두렵다""…사직2구역 주민들 '발칵' 셀트리온, 바이오 CDMO 사업 본격 개시 계속되는 주한미군 철수설에…美 국방장관 결국 남편에게 돈 벌어 오랬더니 하는 말이…아내 속앓이    ⓒ 한국경제 & hankyung.com, 무단전재 및 재배포 금지"
199,7,"2018-06-07","01:57:49","""인보사 美서 임상 3상 시작… 관절염 치료제 시장 공략""","이범섭 코오롱티슈진 대표     [ 전예진 기자 ] “오는 7월 시작하는 인보사의 미국 임상을 통해 근본적인 치료제로 인정받겠습니다.”  이범섭 코오롱티슈진 대표(사진)는5일(현지시간) 미국 보스턴에서 열린 ‘바이오 인터내셔널 컨벤션 2018’(바이오USA)에서 기자들과 만나 이같이 말했다. 퇴행성 관절염 치료 신약 인보사의 미국 임상 3상에서 연골 재생 효과를 입증해 미국 식품의약국(FDA)으로부터 근본적 치료제(DMOAD)로 승인받겠다는것이다.  인보사는 세계 최초의 골관절염 동종 세포유전자 치료제다. 퇴행성 골관절염 환자의 무릎 관절에 주사하면 2년간 통증을감소시키고 기능을 개선하는 효과가 있다. 그러나 지난해 7월 국내 허가를 받을 때 무릎 연골 재생 효과를 인정받지 못했다. 이 대표는 “2년이 지나야 구조 개선이 나타나는데 한국에서의 임상은 기간이 짧았고 환자 수도 적어 연골재생 효과를 통계적으로 입증하기 어려웠다”고 설명했다.  코오롱티슈진은 무릎 연골 재생 효과를 인정받기 위해 미국 임상의 환자 수와 기간을 늘렸다. 한국에서는 156명을 대상으로 1년간 임상 3상을 했지만 이번 미국 임상은 60~70개 기관에서 1020명을 대상으로 3년간 할 계획이다. 이 대표는 “올 하반기 임상 3상을 시작해 2021년 FDA에 판매 허가 신청을 낼 것”이라고 말했다.  코오롱티슈진은 인보사의 연골 재생 효과를 확인할 수 있도록 자기공명영상(MRI) 결과를 인정해달라고 FDA에 요청했다. FDA는 엑스레이 결과만을 인정하고 있다. 이 대표는 “MRI를사용하면 연골의 구조적 변화를 확실히 입증할 수 있어 미국 임상 설계에 엑스레이와 MRI 분석을 모두 넣었다”고 말했다.  코오롱티슈진은 개발 기간 단축을 위해 FDA의 신속심사제도인 첨단 재생의약 치료제(RMAT) 지정도 추진한다. 2021년 임상 3상을 완료해 2023 년 미국 시장에 제품을 출시한다는 계획이다. 이를 위해 올해 말 미국과 유럽 등 해외 판매사를 선정할 예정이다. 이 대표는 “한국 임상 3상 환자들을 3년간 추적 관찰한 결과 인보사 투약 후 연골뿐 아니라 뼈까지 좋아졌다”며 “근본적 치료제로서 성공을 확신한다”고 자신감을 드러냈다.  보스턴=전예진 기자 ace@hankyung.com    [ 무료 주식 카톡방 ] 국내 최초, 카톡방 신청자수 38만명 돌파 < 업계 최대 카톡방 > --> 카톡방 입장하기!! 40억 ""이것""통해 벌었다는 남성 알고보니 ""개인파산""한 개그맨 A씨? ▶ <긴급공개> 2분기 이끌 新대장주 BEST 5 억대계좌 이종목에서 또 터진다! >> [바로확인]     관련기사 ""젊은 직장인들 모인다""…강북 도심 부활한이유가 ""바이오USA 주인공은 中… 벌써 혁신 리더 됐다"" '개원50년'강북삼성병원 이끄는 신호철 원장...""미래의학관 착공·인재 영입 … '퀀텀점프' 발판 마련할 것"" 계속되는 주한미군 철수설에…美 국방장관 결국 남편에게 돈 벌어 오랬더니 하는 말이…아내 속앓이    ⓒ 한국경제 & hankyung.com, 무단전재 및 재배포 금지"
200,1,"2018-06-07","01:27:10","카젬 사장 ""한국GM, 이쿼녹스 이어 트래버스 출격""","부산모터쇼 8일 개막  SUV 라인업 강화     [ 박종관 기자 ] 카허 카젬 한국GM 사장은 6일 “이쿼녹스의 다음 주자로 트래버스를 한국에 들여오겠다”고 밝혔다. 카젬 사장은이날 부산 우동 영화의 전당에서 ‘2018 부산모터쇼’ 개막(8일)에 앞서 기자간담회를 열고 스포츠유틸리티차량(SUV) 라인업 강화계획을 소개했다. 그는 “앞으로 5년간 15종의 신차와 상품성 강화 모델을 내놓을 것”이라며 “SUV 시장의 최대 격전지인 미국에서 검증된 모델을 선보이겠다”고 했다.  한국GM은 이르면 내년 초 대형 SUV 트래버스를 출시할 계획이다. 트래버스는 전장이 5189㎜에 달하는 8인승 SUV다. 기존에 국내 완성차 업체가 내놓은 대형 SUV 모델과 비교해 차체가 가장 크다. 트래버스는 지난달 한국GM이 홈페이지를 통해 소비자 선호도를 조사한 결과 ‘국내에서 가장 만나보고 싶은 차량’으로 꼽히기도 했다.  한국GM은 이날 행사에서 중형 SUV 이쿼녹스와 트래버스를 비롯해 픽업트럭 콜로라도를 국내에서 최초로 공개했다. 최근 국내에서도 캠핑과 야외활동을 즐기는 젊은 세대를 중심으로 픽업트럭에 대한 관심이 늘고 있다. 한국GM 관계자는 “소비자 반응에 따라 콜로라도의 한국 출시도 검토할 수 있다”고 말했다.  한국GM은 부산모터쇼에서 이쿼녹스를 공개하고 7일 판매에 들어간다. 지난해 미국에서 29만 대가 팔린 이쿼녹스는 쉐보레의 베스트셀링 모델 중 하나다.  부산=박종관 기자 pjk@hankyung.com    [ 무료 주식 카톡방 ] 국내 최초, 카톡방 신청자수 38만명 돌파 < 업계 최대 카톡방 > --> 카톡방 입장하기!! 40억 ""이것""통해 벌었다는 남성 알고보니 ""개인파산""한 개그맨 A씨? ▶ <긴급공개> 2분기 이끌 新대장주 BEST 5 억대계좌 이종목에서 또 터진다! >> [바로확인]     관련기사 ""젊은 직장인들 모인다""…강북 도심 부활한 이유가 한국GM 협력업체에 3천600억원 금융 지원 한국GM, 전략 중형 SUV '이쿼녹스' 7일부터 판매 계속되는 주한미군 철수설에…美 국방장관 결국 남편에게 돈 벌어 오랬더니 하는 말이…아내 속앓이    ⓒ 한국경제 & hankyung.com, 무단전재 및 재배포 금지"
200,2,"2018-06-07","01:26:38","[기업 포커스] 아시아 1위 브랜드… 7년째 삼성전자","홍콩의 마케팅 전문 업체 캠페인아시아퍼시픽과 여론조사 업체 닐슨이 최근 공동으로 발표한 ‘아시아 톱1000 브랜드’에서 삼성전자가 1위를 차지했다. 삼성전자는 2012년부터 7년째 선두를 지키고 있다. 애플이 2위에 올랐으며 파나소닉과 소니, 네슬레, LG전자, 구글 등이 뒤를 이었다. 조사는 지난 3월부터 25일간 14개국에서 가장 신뢰하는 브랜드를 묻는 방식으로 이뤄졌다.    [ 무료 주식 카톡방 ] 국내 최초, 카톡방 신청자수 38만명돌파 < 업계 최대 카톡방 > --> 카톡방 입장하기!! 40억 ""이것""통해 벌었다는 남성 알고보니 ""개인파산""한 개그맨 A씨? ▶ <긴급공개> 2분기 이끌 新대장주 BEST 5 억대계좌 이종목에서 또 터진다! >> [바로확인]     관련기사 ""젊은 직장인들 모인다""…강북 도심 부활한 이유가 ""IoT로 집안에서 채소 재배""...삼성 올해의 사내벤처 선정 ""변해야 산다""… 최고혁신책임자 도입한 삼성전자의 절박함 계속되는 주한미군 철수설에…美 국방장관 결국 남편에게 돈 벌어 오랬더니 하는 말이…아내 속앓이    ⓒ 한국경제 & hankyung.com, 무단전재 및 재배포 금지"
200,3,"2018-06-07","01:25:37","부동산대출에 쏠리는 P2P… 부실 많고 사기 피해도","위기의 P2P 금융   (2) 투기수단으로 변질    P2P 대출 66%가 부동산  6.2% 불과한 미국과 대조     부동산 경기 꺾이면서   연체 늘고 허위 담보 속출     [ 김순신 기자 ] 국내 개인 간(P2P) 금융 시장이 부동산 관련 대출에 쏠리면서 스타트업(신생 벤처기업)과 청년 창업자 육성보다는 부동산을통한 고수익 투기장으로 변질되고 있다. ‘중금리 신용 대출 활성화’를 통한 대출절벽 해소라는 정부의 P2P산업 육성 방침과 달리 부동산 대출을 통한 연 10%대 고수익을 추구하는 투기 수단으로 퇴색하고 있는 모양새다. P2P 금융이 ‘생산적 금융’ 수단이 될수 있다는 정부와 시장의 기대와 달리 단기 고수익을 추구하는 부동산 대출창구로 전락하고 있다는 지적이다.  금융감독원에 따르면 지난 2월 기준 국내 P2P 시장의 대출잔액은 부동산 프로젝트파이낸싱(PF·43%)과 부동산 담보(23%) 대출에 66%나 집중됐다. 개인 신용대출 비중은 11.6%에 그쳤다. 2015년부터 불어닥친 국내 부동산 시장의 호황을 틈타 P2P업체들이 너나 할 것 없이 부동산 대출 시장에 뛰어들었다는 분석이다.  한국과 달리 미국 영국 등 해외 P2P 업체는 개인 신용대출을 중심으로 성장하고 있다. 케임브리지 경영대학원에 따르면 2016년 북미지역 P2P 대출 시장의 개인 신용대출 비중은 89%에 이른다. 부동산 관련 대출 비중은 6.2%에 불과하다. 유럽 P2P 시장에서 부동산 관련 대출비중은 9.4% 수준이다.  한 P2P 업체 대표는 “개인 신용대출은 신청자 수천 명 가운데 우량 차주를 찾아내야 하기 때문에 신용평가 모델 구축 등 막대한 초기 투자가 필요하다”며 “반면 부동산 관련 대출은 건당 대출금이 큰 데다 담보물 평가도 상대적으로 손쉽기 때문에 신규 P2P 금융업체들이 부동산 대출로 몰려가고 있다”고 설명했다.  P2P 업체들이 부동산 대출 시장에서벌이는 경쟁이 치열해질수록 투자자는 부실 위험을, 대출 소비자는 고금리 부담을 떠안게 된다. P2P 업체들은 투자자를 모으기 위해 연 10~15%대의 투자 수익률을 내세웠고 높아진 투자 수익률을 맞추기 위해 대출금리도 따라 올라가는 모양새다. 다른 P2P 업체 대표는 “높은 금리를 내고서라도 대출을 받아가려는 부동산업자들은 결국 그만큼 부실 위험이 높다는 뜻”이라고 설명했다.  실제 PF 대출의평균 부실률(대출잔액 가운데 90일 이상 연체된 채권의 비율)은 12.3%에 달해 P2P 대출 평균 부실률(6.4%)의 두 배에 육박하고 있다. 부동산경기가 예전같지 않으면서 사기대출도 늘고 있다는 분석이다. 매매 수요가 상대적으로 줄어들자 같은 담보물로 여러 곳에서 대출을 받거나,담보물을 부풀려 돈을 빌리는 업체도 생겨나고 있다. 금감원 관계자는 “실태조사 결과 연 20% 수익 달성을 내세워 부동산 PF 상품을 출시한 업체가 건물을 착공하지 않은 사실이 적발되기도 했다”고 설명했다.  김순신 기자 soonsin2@hankyung.com    [ 무료 주식 카톡방 ] 국내 최초, 카톡방 신청자수 38만명 돌파 < 업계 최대 카톡방 > --> 카톡방 입장하기!! 40억 ""이것""통해 벌었다는 남성 알고보니 ""개인파산""한 개그맨 A씨? ▶ <긴급공개> 2분기 이끌 新대장주 BEST 5 억대계좌 이종목에서 또 터진다! >> [바로확인]     관련기사 ""젊은 직장인들 모인다""…강북 도심 부활한 이유가 렌딧, P2P금융협회 탈퇴… ""前 회장 학력 위조 논란 휘말린 협회 방향 공감 어려워"" 계속되는 주한미군 철수설에…美 국방장관 결국 (4) 투자 기간 등 나만의 '체크리스트' 만들어라 남편에게 돈 벌어 오랬더니 하는말이…아내 속앓이    ⓒ 한국경제 & hankyung.com, 무단전재 및 재배포 금지"
200,4,"2018-06-07","01:25:00","[유럽증시] 이탈리아 재정 우려 속 혼조","[뉴욕=뉴스핌] 김민정 특파원 = 유럽 증시에서 주요 지수가 6일(현지시간) 혼조세로 마감했다. 기술주와 원자재 관련 주식은 강세를 보였지만 이탈리아 포퓰리즘 정부의 재정 지출 확대 우려는 증시를 압박했다.      유럽중앙은행[사진=로이터 뉴스핌]  범유럽지수인 스톡스유럽600지수는 전날보다 0.01포인트(0.00%) 내린 386.88로 집계됐고 영국 런던 증시의 FTSE100지수는 25.57포인트(0.33%) 오른 7712.37에 마감했다.   독일 프랑크푸르트 증시의 DAX지수는 42.94포인트(0.34%) 오른 1만2830.07에 마쳤으며 프랑스 파리 증시에서 CAC40지수는 3.39포인트(0.06%) 하락한 5457.56을 기록했다.   이날 유럽 증시 투자자들은 전날 주세페 콘테 이탈리아 신임 총리의 급진적인 변화 약속 이후 정부의 적극적인 재정 확대 정책을 우려했다. 이탈리아가 유럽연합(EU)의 재정 규율을 어기면서 재정을 확대할 경우 EU와의 갈등으로 이어질 가능성이 크다.   UBS는 보고서에서 “아주 우호적인 상황을 가정해도 이탈리아의 재정은 상당히 악화할 것”이라고 설명했다.   전문가들은 이탈리아의 재정 우려가 지속하면서 이탈리아 국채금리가 계속 커다란 변동성을 이어갈 경우 증시도 악영향을 받을 것을우려한다. 이날 10년 만기 이탈리아 국채금리는 16.1bp(1bp=0.01%포인트) 급등한 2.917%를 기록했다.   크레디스위스는 유럽보다 미국 은행주 전망이 밝다고 진단했다. 이들은 “EU의 금융주는 이탈리아 국채 변동성이 지속하면 역풍에 직면할 것”이라고 진단했다.   다만 BHP빌리튼 등 원자재관련주는 랠리를 펼쳤다. BHP 빌리튼은 2.45% 급등했고 앵글로아메리칸과 글렌코어도 각각 3.00%, 2.75% 상승했다.   유럽중앙은행(ECB)은 다음 주 통화정책회의에서 위원들이 출구전략을 논의할 것을 시사했다. 피터 프랫 수석 이코노미스트는 “다음 주 정책위원회는 우리의 자산 매입을점진적으로 줄이기에 과정이 충분히 진행됐는지를 평가할 것”이라면서 “이 같은 평가를 하며 ECB는 유로 지역 경제의 기조적인 강세와 임금과 물가에 대한 영향을 살필 것”이라고 말했다.   마켓츠닷컴의 닐 윌슨 수석 시장 애널리스트는 보고서에서 “양적완화는 9월까지 지속하기로 돼 있어 정책 위원들은 이번 회의를 그것을 끝낼지, 아니면 더 오랫동안 이어갈지에 대한 신호를 주는 기회로 삼아야 한다”면서 “7월까지 아무 말도 하지 않고 시장을 불확실성에 두는 것은 옵션이 아니다”고 지적했다.   ECB의 출구전략 논의 가능성에 유로화는 강해지고 국채금리는 상승했다. 유로/달러 환율은 전날보다 0.49% 오른 1.1778달러, 10년 만기 독일 국채금리는 9.2bp 상승한 0.466%를 기록했다.  ▶ 마누라 몰래 세컨드 통장만들기  ▶ 옆집 누나 매일 차 바꿔타는 이유?     mj72284@newspim.com ECB, 통화정책 정상화 바라보는데...BOJ는? 이탈리아 정국 혼란에 '출구전략' 딜레마 빠진 ECB      ▶ 500만원으로 3억만들기 50번째 주인공 탄생! [확인]  퇴직금 100만원으로 ""이것""해 35억 번 중년男 김모씨 화제!  / 최저금리 맞춤서비스 진행중 / 10분이면 4배자금가능 / 24시간 친절상담센터 1522-3233 / 씽크풀  ★세력 입성 전, 집중공략! 20인의 전문가가 만장일치한 급등 유력株 ""오늘""만 전격공개!"
200,5,"2018-06-07","01:24:52","하나로마트·농협몰 포인트… 11월부터 농협銀서도 사용","범농협 포인트 시스템 구축  3000만 회원 통합 관리 가능     [ 정지은 기자 ] 농협은행이 오는 11월 금융, 유통 등 농협 전체를 아우르는 통합 포인트 멤버십 체계를 구축한다. 농협 내 다양한 업종 간시너지를 내면서 고객 기반을 늘리려는 전략이다.  농협은행은 태스크포스(TF)를 구성해 농협금융과 농협경제 각 계열사 및 단위조합 공동체 등의 포인트를 통합 관리하는 작업을 주도하고 있다. 각기 흩어져 있는 포인트 체계를 한데 모아 ‘농협’ 간판을 단 곳이면 어디서든 적립 및 사용할 수 있도록 할 방침이다. 예컨대 하나로마트에서 쌓은 포인트를 농협은행 현금자동입출금기(ATM) 수수료로 사용하는 것도 가능해진다.  그동안 계열사 간 회원 공유나 포인트 이전이 불가능해 비효율적이란 지적이 있었다.  농협은행 관계자는 “농협 멤버십 회원을 모두 합치면 3000만 명에 육박한다”며 “이런 광범위한 사업 기반을 놀리지 말고 적극 활용해보자는 게 농협중앙회를 비롯한 각 계열사의 공통된 의견”이라고 말했다.  이 체계가 구축되면 마케팅 측면에서도 활용도가 높을 것으로 점쳐지고 있다. 농협에 대한 로열티를 끌어올려 회원 이탈을 막고 효율적으로 관리할 수 있을 것으로 농협 측은 보고 있다.  더 나아가 농협금융 차원에서도 디지털 분야에서 범농협 협업모델을 발굴한다는 계획을 세운 것으로 전해졌다. 농협경제가 운영하는 인터넷쇼핑몰인 농협몰과 협력해 농협은행의 ‘올원뱅크’에 농산물을 저렴하게 살 수 있는 ‘올원 전용관’을 만드는 식이다. 또 농협중앙회 미래농업지원센터와 농협금융이 협업해 농식품 분야 크라우드 펀딩도 추진할 계획이다.  정지은 기자 jeong@hankyung.com     [ 무료 주식 카톡방 ] 국내 최초, 카톡방 신청자수 38만명 돌파 < 업계 최대 카톡방 > --> 카톡방 입장하기!! 40억 ""이것""통해 벌었다는 남성 알고보니 ""개인파산""한 개그맨 A씨? ▶ <긴급공개> 2분기 이끌 新대장주 BEST 5 억대계좌 이종목에서 또 터진다! >> [바로확인]     관련기사 ""젊은 직장인들 모인다""…강북 도심 부활한 이유가 농협은행, 농식품기업여신 잔액 20조원 돌파 계속되는 주한미군 철수설에…美 국방장관 결국 청년 여성농업인 대접한 농협은행장 남편에게 돈 벌어 오랬더니 하는 말이…아내 속앓이    ⓒ 한국경제 & hankyung.com, 무단전재 및재배포 금지"
200,6,"2018-06-07","01:24:32","어린이집 짓는 하나금융","하나금융그룹은 지난 5일 보건복지부, 저출산고령사회위원회와 저출산 대응을 위한 국공립어린이집 건립 업무협약(MOU)을 맺었다. 하나금융은 2020년까지 국공립어린이집 90개를 건립하기로 했다. 왼쪽부터 박능후 복지부 장관, 김상희 저출산고령사회위원회 부위원장, 김정태 하나금융 회장.   하나금융그룹 제공     [무료 주식 카톡방 ] 국내 최초, 카톡방 신청자수 38만명 돌파 < 업계 최대 카톡방 > --> 카톡방 입장하기!! 40억 ""이것""통해 벌었다는 남성 알고보니 ""개인파산""한 개그맨 A씨? ▶ <긴급공개> 2분기 이끌 新대장주 BEST 5 억대계좌 이종목에서 또 터진다! >> [바로확인]     관련기사 ""젊은 직장인들 모인다""…강북 도심 부활한 이유가 계속되는 주한미군 철수설에…美 국방장관 결국 하나금융 새 광고모델에 손흥민 선수 남편에게 돈 벌어 오랬더니 하는 말이…아내 속앓이 저출산 해법…2020년까지 전국 90개 국공립 어린이집 확충    ⓒ 한국경제 & hankyung.com,무단전재 및 재배포 금지"
200,7,"2018-06-07","01:23:44","[현장에서] 참여연대 요구에 금융위 감사 나서려는 감사원","'케이뱅크 인가 특혜 의혹'에 감사 여부 고민     금융위 ""특혜 없었다""     강경민 금융부 기자     [ 강경민 기자 ] 감사원이 금융위원회를 대상으로 국내 첫 인터넷전문은행인 케이뱅크(K뱅크) 인가 관련 의혹에 대한 감사에 착수할지를 조만간 결정한다. 금융위가 2015년 10월 K뱅크에 인터넷전문은행 인가를 내줄 때 관련 법을 어기고 특혜를 내줬다는 참여연대의 의혹 제기에 따른 것이다.  6일 금융계에 따르면 감사원은 다음주께 외부 인사들이 참여하는 ‘공익감사청구 자문위원회’를 열어 금융위에 대한 감사 여부를 최종 결정하기로 했다. ‘공익사항에 관한 감사청구 처리 규정’ 제10조에 따르면 국가 중요 정책에 관련된 사항은 자문위 심의를 거친 뒤 감사원이 감사 착수 여부를 최종 결정하도록 명시하고 있다. 감사 착수 여부는 자문위 심의를 거쳐 한 달 내 결정해야 한다.  자문위 심의가 남아 있긴 하지만 K뱅크 인가 특혜의혹에 대한 감사를 할 가능성이 높다는 게 감사원 안팎의 지배적인 관측이다. 일각에서는 문재인 정부가 들어선 뒤 정부 정책 전반에서 참여연대의 입김이 세진 만큼 감사원도 이 같은 분위기에서 자유로울 수 없다는 비판을 내놓고 있다. 참여연대 출신들이 현 정부에서 요직을 차지하고 있는 가운데 감사원이 참여연대의 감사 청구를 지나치게 의식하는 게 아니냐는지적도 제기된다.  참여연대는 지난 2월 감사원에 공익감사를 청구했다. 당시 참여연대는 K뱅크 대주주인 우리은행의 재무 건전성이 기준을 충족하지 못했는데도 금융위가 관련 법을 어긴 채 인가를 내줬다고 주장했다.  반면 금융위의 의견은 다르다. 최종구 금융위원장은 “취임 후 (인가 관련) 모든 서류를 살펴봤지만 어떤 특혜를 주기 위한 것이라 보이지 않는다”고 밝힌 바 있다. 감사원 내부에서도 특혜 의혹에 대해선 회의적인 반응을 내놓고 있다. K뱅크 인가가 특혜라면 구체적으로 누가 어떤 이득을 얻었는지를 봐야 하는데 K뱅크가 현재 실적 부진에 시달리는 만큼 주주들도 특혜를 입었다고 보기 힘들다는 의견이다.  감사원의 K뱅크 인가 의혹에 대한 감사가 시작되면 후폭풍이 만만치 않을 전망이다. 무엇보다 금융위가 추진하려던 제3의 인터넷전문은행 추가 인가도 차질이 불가피할 것으로 보인다. 한 은행 관계자는 “인터넷전문은행 출연으로 시중은행들이 경쟁적으로 모바일전용 대출을 출시하고 금리도 낮췄다”며 “참여연대는 인터넷전문은행의 순기능은 인정하지 않고 있다”고 지적했다.  kkm1026@hankyung.com     [ 무료 주식 카톡방 ] 국내 최초, 카톡방 신청자수 38만명 돌파 < 업계 최대 카톡방 > --> 카톡방 입장하기!! 40억 ""이것""통해 벌었다는 남성 알고보니 ""개인파산""한 개그맨 A씨? ▶ <긴급공개> 2분기 이끌 新대장주 BEST 5 억대계좌 이종목에서 또 터진다! >> [바로확인]     관련기사 ""젊은 직장인들 모인다""…강북 도심 부활한 이유가 금융위, 국민연금 등 공적연기금에 '5%룰' 완화 검토 계속되는 주한미군 철수설에…美 국방장관 결국 남편에게 돈 벌어 오랬더니 하는 말이…아내 속앓이 금융위 ""공적 연기금 5%룰 완화 검토 중""    ⓒ 한국경제 & hankyung.com, 무단전재 및 재배포 금지"
201,1,"2018-06-07","00:52:41","김문수 '서울형 최저소득보장제' 공약","""최저생계비 미달 4인 가구에 월 32만원 지급""      [ 박종필 기자 ] 김문수 자유한국당 서울시장 후보(사진)가 6일 ‘서울형 최저소득보장제’를 공약으로 내걸었다. 4인 가구 기준으로 최저생계비(월 189만원)에 미달하는 가구에 매달 평균 32만원가량을 지원한다는 내용이다.  김 후보는 이날 국회에서 기자회견을 열고 “일하는 근로자가 최저생계비도 못 벌어서는 안 된다”며 이같이 밝혔다. 이 제도가 시행되면 약 20만 가구가 수혜를 입을 전망이다. 김 후보는 “최소한의 생계를 보장하는 제도”라며 “매년 2조원 규모로 늘어나는 서울시 예산에서 최우선으로재원을 확보하겠다”고 설명했다.  김 후보는 문재인 정부의 ‘소득주도 성장론’이 실패한 정책이라고 꼬집었다. 김 후보는 “청와대가 고의로 통계에서 제외한 영세 자영업자와 비숙련 청년 구직자, 해고된 일용직 근로자는 급격한 최저임금 인상으로 가장 큰 피해를 본 사람들”이라며 “통계 조작으로 서민경제 파탄을 숨길 순 없다”고 비판했다.  박종필 기자 jp@hankyung.com    관련기사 ""젊은 직장인들 모인다""…강북 도심 부활한 이유가 계속되는 주한미군 철수설에…美 국방장관 결국 허태정 ""정책으로 승부""… 박성효 ""도덕성 검증해야"" 민주, 17곳 중 14곳서 1위...부산·울산·경남서도 앞서 남편에게 돈 벌어 오랬더니 하는 말이…아내 속앓이    ⓒ 한국경제 & hankyung.com, 무단전재 및 재배포 금지"
201,2,"2018-06-07","00:51:51","노래·율동 않고 차분히 '현충일 유세'","여야 지도부도 유세 '쉬어가기'      [ 배정철 기자 ] ‘현장에서 인사는 나누되 로고송은 크게 틀지 말라. 춤은 안 된다.’  6일 현충일을 맞아 더불어민주당 중앙선거대책위원회가 각 지역에 보낸 ‘현충일 유세 지침’이다. 자칫 역풍을 맞을지 모른다는 우려가 담겨 있다. 자유한국당지도부도 지방선거를 1주일 앞둔 이날 유세 일정을 잡지 않는 등 ‘숨 고르기’에 들어갔다.  추미애 대표 등 민주당 중앙선대위 지도부는 이날 첫 일정을 국립대전현충원 방문으로 시작했다. 추 대표는 자신의 페이스북에 “국가유공자와 유가족 여러분께한없는 존경과 깊은 위로의 말씀을 드린다”며 “선열들의 뜨거운 애국심을 본받아 문재인 정부와 민주당은 국민과 함께 한반도의봄, 평화의 꽃이 피는 대한민국을 만들겠다”고 했다.  홍준표 한국당 대표도 국립대전현충원 추념식에만 참석했을 뿐 공식일정은 자제했다. 연일 거리유세를 펼치고 있는 김문수 서울시장 후보 역시 유세 일정 없이 국회 정론관에서 정책공약을 발표했다.  배정철 기자 bjc@hankyung.com    관련기사 ""젊은 직장인들 모인다""…강북 도심 부활한 이유가 계속되는 주한미군 철수설에…美 국방장관 결국 허태정 ""정책으로 승부""… 박성효 ""도덕성 검증해야"" 민주, 17곳 중 14곳서 1위...부산·울산·경남서도 앞서 남편에게 돈 벌어 오랬더니 하는 말이…아내 속앓이    ⓒ 한국경제 & hankyung.com, 무단전재 및 재배포 금지"
201,3,"2018-06-07","00:50:49","'평화의 섬'에서 美·北 비핵화 담판… 트럼프 ""매우 중요한 며칠 될 것""","美·北 정상회담     카펠라호텔 최종 낙점 이유는     본토와 떨어져 경호·보안 유리   섬 스토리, 회담 주제와도 부합   싱가포르, 특별행사구역 지정    美·北 정상 '햄버거 협상' 관심   해안 산책 등 이벤트 가능성도     [ 정인설 기자 ]  싱가포르 센토사섬에 있는 카펠라호텔이 미·북 정상회담 장소로 최종 낙점된 이유는 크게 두 가지다. 역사적측면과 지리적 관점에서 경쟁을 벌인 샹그릴라호텔이나 마리나베이샌즈호텔보다 높은 점수를 받은 것으로 알려졌다. 도널드 트럼프 대통령과김정은 북한 국무위원장은 이곳에서 12일 오전 9시(한국시간 오전 10시) 상견례를 시작으로 세기의 핵담판을 벌일 예정이다.  ◆경호·보안 유지 위한 최적의 입지  6일 영국 일간 가디언 등 외신들은 센토사섬의 스토리가 역사적 핵담판장소로 선정된 결정적 이유라고 전했다. 평화적인 비핵화 합의를 이끌어내려는 이번 회담 주제가 ‘죽음의 섬’에서 ‘평화의 섬’으로 바뀐 센토사 역사와 맞아떨어지기 때문이라는 분석이다.  센토사는 말레이어로 ‘평화와 고요’란 뜻이다. 하지만 원래 이름은 ‘죽음 뒤의 섬’을 뜻하는 ‘풀라우 벨라캉 마티(Pulau Belakang Mati)’였다. 회담 결과에 따라 센토사는 1989년 미국과 옛 소련 정상이 냉전 종식을 선언한 장소인 몰타처럼 평화의 현장이 될 가능성이 있다.  회담 장소로센토사가 선택된 또 다른 결정적 이유는 입지다. 4.71㎢ 면적의 연륙도인 센토사는 싱가포르 본토와 700여m 길이의 다리와 케이블카, 모노레일로 연결돼 있다. 이들 길목만 막으면 외부 접근은 물론 각종 테러 위험을 효과적으로 차단할 수 있다.  회담장인 카펠라호텔도보안 측면에서 좋은 평가를 받았다. 주변보다 높은 곳에 자리잡고 주변에 수풀이 우거져 외부에 거의 노출이 안 된다. 게다가 본관으로 들어오려면 250m 길이의 구불구불한 진입로를 거쳐 언덕 꼭대기까지 올라가야 한다. 싱가포르 정부는 바다쪽에서 카펠라호텔로 접근하는 것을 막기 위해 10~14일 센토사섬뿐 아니라 인근 해역까지 ‘특별행사구역’으로 지정했다.  ◆트럼프 “협상 잘되고 있어”  트럼프 대통령은 5일(현지시간) 백악관 집무실에서 기자들에게 “북한과의 협상은 매우 잘 되고있다”며 “매우 중요한 며칠이 될 것”이라고 말했다. 전문가 사이에서 ‘매우 중요한 며칠’이 무엇을 의미하는지를 두고 의견이 분분하다. 회담 기간 연장을 염두에 둔 것인지, 회담 전후를 아우르는 표현인지가 불분명하다는 것이다. 일각에서는 종전선언까지 염두에 둔 것 아니냐는 관측도 나오고 있다.  미국은 연내 핵무기와 핵물질을 반출한 뒤 생화학무기와 탄도미사일의 순차적인 폐기를 원하는 반면 북한은 핵폐기 속도를 조절하면서 체제 보장과 경제적 지원을 요구하는 것으로 전해졌다. 양측이 비핵화 로드맵에 최종 합의할지는 여전히 불확실한 상황이다.  트럼프 대통령과 김정은은 이날 오전 9시 상견례를 시작으로 단독과 확대, 오찬회담 등으로 이어지는 숨가쁜 협상 일정을 보낼 것으로 예상된다. 트럼프 대통령 말대로 미·북 정상 간 햄버거 회동이 있을지도 주목된다. 바다를 배경으로 남북한 정상의 4월27일 판문점 도보 다리 회담, 북·중 정상의 중국 다롄(大連) 회동 당시의 해안 산책을 잇는 인상적장면이 연출될지도 관심이다.  카펠라호텔과 회담 장소로 경합했던 샹그릴라호텔은 트럼프 대통령의 숙소로 거론된다. 김정은은 마리나베이 인근 풀러턴호텔이나 샹그릴라호텔과 가까운 세인트리지스호텔에 묵을 가능성이 제기되고 있다.  정인설 기자 surisuri@hankyung.com    관련기사 ""젊은 직장인들 모인다""…강북 도심 부활한 이유가 '철통보안' 싱가포르, 하늘·바다까지 통제하며 비상 경호 계속되는 주한미군 철수설에…美 국방장관 결국 '북미 실무협상' 北김창선, 베이징 도착… 내일평양행 가능성 남편에게 돈 벌어 오랬더니 하는 말이…아내 속앓이    ⓒ 한국경제 & hankyung.com, 무단전재 및 재배포 금지"
201,4,"2018-06-07","00:49:54","美의회 ""北 비핵화 실질 조치 없는데, 대북제재 먼저 풀면 안 돼""","美·北 정상회담    ""베이징-평양 항공편 운항 재개""  중국 협조 미흡, 강하게 지적  ""한국도 보상 조치 본격화 우려""     ""트럼프 대통령, 北과 합의사항   협정으로 만들어 상원 제출할 것""      [ 박수진/강동균 기자 ] 북한이 비핵화를 위한 실질적 조치를 취하기도 전에 대(對)북한 제재를 풀어서는 안 된다는 경계의 목소리가 미국 정치권에서 커지고 있다고 월스트리트저널(WSJ)이 5일(현지시간) 보도했다. 미 백악관이 “대북 제재 기조가 바뀌지 않았다”고 밝혔지만 중국 등에서 제재 완화 조짐이 나타나자 미 의회가 제동을 걸고 나선 것이다.  미국 상원 외교위원회 산하 동아시아태평양 소위원회가 이날 개최한 대북 정책 청문회에서는 공화·민주당 양쪽 모두에서 제재 완화 조짐을 우려하는 지적이 쏟아졌다.  코리 가드너 아·태소위 위원장(공화)은 “북한은 아직 비핵화를 위한 구체적이고 검증 가능한 조치를 취하지 않고 있다”며 “미국이 대북 제재부터 푸는 것은 큰 실수가 될 것”이라고 지적했다. 도널드 트럼프 대통령은 지난 1일 김영철 북한 노동당 부위원장으로부터 김정은 국무위원장의 친서를 받은 뒤 미·북 정상회담 개최를 확인하면서 “최대 압박이라는 용어를 더는 사용하고 싶지 않다”고 대북 제재 동결을 언급했다. 추가 제재를 않겠다는 의미가 강했지만 제재 완화로 이어질 것이라는 우려도 나왔다.  에드워드 마키 민주당 아·태소위 간사는 중국의 대북 제재 완화 문제를 거론했다. 마키 의원은 “미국이 최대 압박이라고 말했지만 실제로 그 수준에 도달해 본 적이 없다”며 “중국의 협조가 미흡했기 때문”이라고 지적했다. 이어 “북한은 중국이 제재를 풀더라도 미국은 의회 차원에서 언제든지 나사를 다시 조일 준비가 돼 있다는 것을 알아야 한다”고 경고했다.  청문회에 증인으로 출석한 빅터 차 전략국제문제연구소(CSIS) 한국석좌는 “한국이 벌써부터 북한에 보상을 제공하기 위한 조치들을 본격화하고 있다”며 “우려스러운 상황”이라고 말했다. 다만 헤더 나워트 미 국무부 대변인은 이날 브리핑에서 “ 대북 제재를 매파라 부르든, 아니면 비둘기파라 부르든 우리의 대북제재 정책은 변하지 않았다”고 해명했다.  척 슈머 원내대표를 비롯한 민주당 상원 지도부는 지난 4일 트럼프 대통령에게 서한을 보내 “북한의 핵·미사일 프로그램 폐기와 검증이 완전하게 이뤄지기 전까지 대북 제재를 해제해선 안 된다”고 강조했다. 이들은 대북 제재 유지와 함께 △핵·생화학무기 해체 △군사적 목적의 우라늄·플루토늄 생산 및 농축 중단 △핵실험장과 연구·농축시설 등 핵무기 인프라 영구 해체 △탄도미사일 시험 전면 중단 및 해체를 요구했다.  제임스 리쉬 의원(공화)은 이날 청문회 후 기자들을 만나 “트럼프 대통령과 (마이크 펜스) 부통령, (마이크 폼페이오) 국무장관이 북한과의 합의 사항을 협정(treaty)으로 만들어 헌법에 따라 상원에 제출할 계획이라고 따로 말했다”고 전했다. 싱가포르 정상회담에서 북한과 비핵화 합의를 이뤄낼 경우 이를 협정 형태로 의회 비준을 받겠다는 뜻으로 풀이된다. 상원의원 3분의 2 이상이 찬성해 비준한 협정은 차기 행정부에서 뒤집기가 어려워 북한의 ‘영구적이고 불가역적이고 검증 가능한 체제 안전 보장(CVIG)’ 요구와 부합한다.  뉴욕타임스(NYT)는 이날 중국 국유 항공사인 에어차이나가 6일부터 매주 3회 베이징~평양 항공편 운항을 재개했다며 북·중 접경지역에선 최근 인적·물적 교류를 어렵지 않게 목격할 수 있다고 보도했다. 중국 국적기의 평양 정기 항공편 편성은 지난해 11월 국제사회의 대북 제재로 북한을 찾는 관광객이 줄어들면서 중단된 뒤 6개월여 만이다.  워싱턴=박수진/베이징=강동균 특파원 psj@hankyung.com    관련기사 ""젊은 직장인들 모인다""…강북 도심 부활한 이유가 트럼프·김정은 회담장, '경호 최적' 센토사섬 카펠라호텔로 확정 계속되는 주한미군철수설에…美 국방장관 결국 조셉 윤 前 미국 국무부 대북정책 특별대표 ""北 진정성, 명확한 비핵화 수순에 달려"" 남편에게 돈 벌어 오랬더니 하는 말이…아내 속앓이    ⓒ 한국경제 & hankyung.com, 무단전재 및 재배포 금지"
201,5,"2018-06-07","00:48:18","조셉 윤 前 미국 국무부 대북정책 특별대표 ""北 진정성, 명확한 비핵화 수순에 달려""","美·北 정상회담     너무 많은 의제 부여보다 비핵화에 집중해야 회담 성공     [ 김동욱 기자 ] 미국 국무부 대북정책 특별대표를 지낸 조셉 윤 맨스필드재단 석좌연구원(사진)은 12일 싱가포르 미·북 정상회담에서 북한이 ‘명확한 비핵화 수순’을 제시할지 여부가 협상에 임하는 김정은 국무위원장의 진정성을 확인하는 잣대가 될 것이라고 말했다.  윤 석좌연구원은 6일 도쿄신문 인터뷰에서 “미국은 미·북 정상회담에서 김정은 위원장의 진정성을 파악해야한다”며 이같이 밝혔다.  그는 구체적으로 “북한이 비핵화를 향한 명확한 수순을 제시할지, 영변 핵 관련 시설의 사찰을 허용할지, 존재가 밝혀지지 않은 핵시설 정보를 공개할지 등 세 가지가 북한의 비핵화 의지에 대한 진정성을 판단하는 기준이 될 것”이라고 말했다. 이어 “북한이 비핵화를 하겠다고 말할 때 ‘언젠가’나 ‘장래에’ 같은 주석이 붙지 않은 강력한 메시지를 받아내는 게 중요하다”고 강조했다.  버락 오바마 행정부에서 국무부 동아시아·태평양 담당 차관보를 맡았던 윤 석좌연구원은 2016년 10월부터 올 3월 사임할 때까지 국무부의 대(對)북한 창구 역인 북한 담당 특별대표를 지냈다. 최근 미국 워싱턴DC에 있는 아시아 관계 전문 싱크탱크인 맨스필드재단 석좌연구원으로 옮겼다.  윤 석좌연구원은 또 “북한과의 비핵화 회담을 실패로 이끌 요인이 곳곳에 산재해 있다는 점을 주의해야 한다”고 말했다. 과거 6자회담처럼 북핵 협상을 ‘다자간 틀’로 진행하는 것, 북한에 대한 ‘최대의 압력’을 조기에 풀어버리는 것, 북한을 사실상 핵보유국으로 인정하는 것 등을 구체적인위험 요인으로 지목했다.  북한 체제를 보장할 수 있는 뚜렷한 방법이 없다는 것도 미국의 고민이라고 지적했다. 과거 리비아 카다피 정권의 사례처럼 국가가 아니라 개인과 정권의 안정을 보장하는 것은 쉽지 않은 과제라는 것이다.  윤 석좌연구원은 미 상원 외교위원회 소위원회에서는 미·북 정상회담에서 핵과 관련 없는 문제를 우선시해서는 안 된다고 지적했다. 그는 “의제를 너무 많이 부여하는 것은 잘못으로 그 무엇보다 비핵화에 집중해야 한다”고 말했다.  도쿄=김동욱 특파원 kimdw@hankyung.com    관련기사 ""젊은 직장인들 모인다""…강북 도심 부활한 이유가 트럼프·김정은 회담장, '경호 최적' 센토사섬 카펠라호텔로 확정 계속되는 주한미군 철수설에…美 국방장관 결국 열흘 째… 美·北 회담의 '美'자도 꺼내지 않는 北언론, 왜? 남편에게 돈 벌어 오랬더니 하는 말이…아내 속앓이    ⓒ 한국경제 & hankyung.com, 무단전재 및 재배포 금지"
201,6,"2018-06-07","00:46:55","열흘 째… 美·北 회담의 '美'자도 꺼내지 않는 北언론, 왜?","美·北 정상회담     김영철 부위원장 訪美도 침묵   김정은 '과감한 결단' 늦어지는 듯  ""비핵화 내부 설득 중"" 관측도     [ 이미아 기자 ] 미국 백악관이 도널드 트럼프 대통령과 김정은 북한 국무위원장의 정상회담 일시와 장소를 발표했지만 북한은 공식 반응을내놓지 않고 있다. 북한은 트럼프 대통령에게 김정은의 친서를 전한 김영철 노동당 부위원장 겸 통일전선부장의 방미 결과에 대해서도 침묵하고 있다.  조선중앙통신과 노동신문 등 북한 주요 관영매체는 6일 미·북 정상회담과 관련해 보도하지 않았다. 북한이 가장최근 미·북 정상회담을 보도한 것은 지난달 27일이다. 문재인 대통령과 김정은의 두 번째 정상회담을 보도하며 “경애하는 최고영도자 동지께서는 6월12일로 예정돼 있는 조미(북미) 수뇌회담을 위하여 많은 노력을 기울여온 문재인 대통령의 노고에 사의를 표하시면서역사적인 조미 수뇌회담에 대한 확고한 의지를 피력하시었다”고 전했다.  북한이 열흘째 침묵을 지키는 가장 큰 이유는 김정은이 최종 결정을 내리지 못했기 때문이란 관측이 나온다. 미국이 요구한 ‘과감한 결단’에 대해 김정은이 방향을 정하지 못했다는 얘기다.  ‘과감한 결단’엔 핵무기 및 대륙간탄도미사일(ICBM) 조기 반출·폐기 등 김정은이 직접 내려야만하는 결정이 포함된 것으로 알려진다. 김정은이 이를 얼마나 수용하느냐에 이번 회담의 성패가 갈릴 가능성이 크다.  김정은의 동선을 비공개하고, 그의 행보를 사후에 보도하는 관행도 침묵의 이유로 꼽힌다. 특히 김정은이 평양을 비우는 기간에 무슨 일이 벌어질지 모른다는 경계감이 작용했을 것이란 분석도 있다.  내부 설득과 새로운 대내 홍보 전략을 위해 고심하고 있다는 해석도 나온다. 미·북 정상회담 후 비핵화로 전략 노선을 공식 수정하고, 나아가 미국과의 수교까지 고려해야 하는 상황에서 주민들을 설득할 명분이 필요하다는 것이다.  김정은이 싱가포르 회담장에서 이벤트 효과를 극대화하기 위해 사전 메시지를 일부러 꺼내지 않고 있다는 관측도 있다.  이미아 기자 mia@hankyung.com    관련기사 ""젊은 직장인들 모인다""…강북 도심 부활한 이유가 트럼프·김정은 회담장, '경호 최적' 센토사섬 카펠라호텔로 확정 계속되는 주한미군 철수설에…美 국방장관 결국 남편에게 돈 벌어 오랬더니 하는 말이…아내 속앓이 CNN ""볼턴, 美·北 회담 무산시키려 고의로 리비아 모델 언급했다""    ⓒ 한국경제 & hankyung.com, 무단전재 및 재배포 금지"
201,7,"2018-06-07","00:45:58","CNN ""볼턴, 美·北 회담 무산시키려 고의로 리비아 모델 언급했다""","美·北 정상회담    ""美에 불리한 협상이라 생각""    블룸버그 ""美·北 정상회담에 폼페이오·볼턴·켈리 참석할 듯""      [ 오춘호 기자 ] 대북 강경파인 존 볼턴 백악관 국가안보보좌관이 비핵화 방식으로 리비아 모델을 언급한 것은 미·북 정상회담을 무산시키려는 고의적 의도에서 비롯된 것이었다고 CNN방송이 복수의 소식통을 인용해 5일(현지시간) 보도했다.  CNN은 “볼턴 보좌관은 미·북 대화의 전 과정을 백지화하려 했다”며 “미국에 유리한 방향으로 대화가 끝나지 않을 것이라고 느꼈기 때문”이라고 했다. 이어 “(이 같은 시도는) 도널드 트럼프 대통령뿐만 아니라 마이크 폼페이오 국무장관을 분노케 했다”며 “볼턴은 적어도 현시점에선 (회담 준비) 과정과 북한 이슈에서 제외돼 있다”고 덧붙였다.  볼턴 보좌관은 지난 4월29일 폭스뉴스, CBS방송 등과의 인터뷰에서 북한 비핵화 방식을 설명하며 “리비아 모델을 염두에 두고 있다”며 ‘선(先) 핵폐기-후(後) 보상’을 거론했다. 그러자 북한은 리비아 카다피 국가원수가 비핵화 합의 뒤 비참한 최후를 맞은 점 등을 이유로 강하게 반발했다. 북한은 볼턴 보좌관과 마이크 펜스 부통령의 잇따른 리비아 모델 거론을 비난하는 담화를 발표했고, 한때 트럼프 대통령이 미·북 회담 취소를 발표하는 상황으로까지 이어졌다.  블룸버그통신은 이날 싱가포르 미·북 정상회담에 참석할 미국 대표단이 트럼프 대통령 외에 폼페이오 국무장관과 볼턴 보좌관, 존 켈리 비서실장으로 짜일 것이라고 보도했다. 펜스 부통령과 제임스 매티스 국방장관은참석하지 않을 것으로 보인다고 전했다. 블룸버그는 이어 정상회담이 13일까지 하루 연장될 수 있지만 최악의 경우 트럼프 대통령이 불과 몇분 만에 대화를 종료하고 회담장을 떠날 수 있다고 보도했다.  오춘호 선임기자 ohchoon@hankyung.com     관련기사 "" 젊은 직장인들 모인다""…강북 도심 부활한 이유가 트럼프·김정은 회담장, '경호 최적' 센토사섬 카펠라호텔로 확정 계속되는 주한미군 철수설에…美 국방장관 결국 조셉 윤 前 미국 국무부 대북정책 특별대표...""北 진정성, 명확한 비핵화 수순에 달려"" 남편에게 돈 벌어 오랬더니 하는 말이…아내 속앓이    ⓒ 한국경제 & hankyung.com, 무단전재 및 재배포 금지"
202,1,"2018-06-07","00:05:00","[성공이야기]①""용이 될 여의도 이무기 찾는 이유는…"" 이상백 에이스토리 대표","- 작가 중심 드라마 제작사 에이스토리 - '올인' 최완규 작가와 의기투합 - 넥플릭스에 ''킹덤' 공급 - 한국 시장 좋바..내달 현지작가 물색      이상백 대표는 다채널, 다플랫폼 시대에도 변하지 않는 전략은 작가들이 만들어내는 이야기라고 믿는다. 이 대표는 “채널은 많고 소재는 없다고 해요. 각색은 제2의 창작입니다”며 기존에 하지 않았던 리메이크도 작가 중심으로 도전하겠다고 밝혔다.(사진=신태현 기자)[이데일리 김윤지 기자]“방탄소년단을 보세요. 새로운 콘텐츠가 세계로 나아갈 힘입니다. 드라마도 세계화 전략이 필요합니다.”  이상백 에이스토리 대표(54) 가 목소리에 힘을 줬다. 넷플릭스 진출부터 리메이크 작품 시작까지, 에이스토리는 북미와 아시아 시장을 아우르는 다양한 시도를 하고 있다. 지난해 북미에서 거둔 매출액이 국내 매출액을 앞질렀다. 2016년 중국 한한령 이후 표류하는 한국 드라마의 새로운 활로였다. 그는 “당장눈앞 실익도 중요하지만, 장기적 관점에서 좋은 선택은 무엇인지 찾아가는 과정”이라고 설명했다.  에이스토리는 이상백 대표·최완규 작가·유철용 PD가 의기투합해 2004년 설립한 드라마 제작사다. 최완규 작가는 라마 ‘허준’, ‘올인’, ‘주몽’, ‘아이리스’ 등의 극본을 쓴 스타다. 당시 PD 출신 제작자가 경영까지 겸하는 제작사가 우후죽순 생겨났지만, 에이스토리는 그 영역을 철저히 나눴다. 최 작가와 유 PD는 콘텐츠, 이 대표는 경영을 맡았다. 작가 중심 제작사라는 목표로 타 드라마와 제작사와 차별화 전략을 선택했다.   ◇“대본이기본”이란 원칙으로 14년   에이스토리의 힘은 ‘좋은 글’이다. 에이스토리는 순수 창작물을 최우선으로 한다. 판권을 판매한 적은있지만, 흔하디 흔한 해외 드라마를 리메이크한 적은 한 번도 없다. 고되지만 창작을 게을리해서 안 된다는 사명감 때문이다. 이상백 대표가이른바 ‘여의도 이무기’(스타작가 밑에서 일하면서 곧 용이 될만한 자질을 보여준 방송 작가 지망생을 일컫는 속어)를 쫓아다니는 이유다.  그는 “알려지지 않은 훌륭한 작가들이 많지 않느냐”며 “인재를 발굴하는 것도 제작자의 역할”이라고 덧붙였다. 이 대표는 좋은 글을 쓰는 작가가 있다면 어떤 과정을 거쳐서라도 만난다.   ‘좋은 드라마’는 무엇일까. 이 대표는‘재미’를 먼저 꼽았다. 드라마는 한 권의양서여야 한다는 그는 “재미가 우선이고 감동까지 있으면 좋다. 생각할 거리까지 남기면 최고”라고 웃었다. 예능 작가 출신인 아내는 좋은글을 선별해주는 최고의 조언자였다. “시청자로서, 전문가로서 말해주는 의견들이 큰 도움이 된다”고 웃었다.       이상백 대표는 작가 중심의 유일한 제작사의 강점으로 최근 방송되는 KBS2 ‘우리가 만난 기적’을 예로 들었다. 이 대표는 “요즘 수사물이 많아요. 형사나 검사, 나오는 직업도 비슷하죠. ‘우리가 만난 기적’은 미니시리즈인데 가족극입니다. 작가와의 회의 끝에 차별점이 있다고 판단했어요”라고 말했다.(사진=KBS)◇“만만치 않은 넷플릭스, 멀리 내다본 투자”  이 대표는 “작가가 기본, 좋은 글이 기본이란 원칙을 지킨 것”이라며 지난 14년이란 시간을 돌아봤다. 업계의 쏠림 현상을 지적한 그는 글로벌 시장과 새로운 콘텐츠 개발을 강조했다. 올 하반기 공개되는 넷플릭스 ‘킹덤’은 앞으로 에이스토리의 향방을 결정할 대형 프로젝트다. ‘킹덤’은 글로벌 플랫폼인 넷플릭스의 첫 한국 오리지널 드라마다. ‘시그널’의 김은희 작가가대본을 집필하고, 영화 ‘터널’의 김성훈 감독이 연출했다. 준비 기간을 합치면 2년 정도 소요됐다. 계약 성사부터 촬영까지 만만치 않았다.  “‘시그널’ 영향이 컸어요. 작품의 완성도를 보고 먼저 제안을 줬습니다. 미국 관행을 따르다 보니 법률 자문 비용이 만만치 않았습니다. 무엇보다 10년 후에 봐도 촌스럽지 않을 작품을 요구했습니다. 기술적인 부분에서도 최고를 추구했어요.”  에이스토리는 먼미래를 내다보고 있다. ‘킹덤’은 사극 좀비물로, 게임·VR물 등 부가사업으로 확장이 쉽다. 컴퓨터 그래픽(CG) 비용까지 생각하면 국내 방   송사에선 사실상 불가능한 프로젝트라는 의미도 있었다. 그럼에도 작가의 상상력을 화면으로 옮긴다는 건, 작가 중심의 제작사가 나서야 할일이라고 믿는다.  이밖에도 에이스토리는 글로벌 시장에서 실질적인 성과를 내고 있다. 일본은 물론 중국판 ‘시그널’이 올해 촬영을 시작하고, 리메이크에 처음 도전한 ‘우리가 만난 기적’은 미국 지상파 편성을 목표로 내달부터 현지 작가 물색에 나선다. 이 대표는 “한국 시장은 너무 좁다”며 “글로벌 시장에 꾸준히 문을 두드리고 있다”고 말했다.       에이스토리의 대표작.사진=SBS◇음악 PD는 어떻게 드라마 제작자가 됐나   학창 시절 음악에 빠져있던 이 대표의 꿈은 음악PD였다. 미국 유학을 마치고 1994년 음악 전문 케이블채널 KMTV(현 Mnet)에 입사, 가요 프로그램과 콘서트를 연출했다. 얼마 후 IMF가 닥쳤다. 스포츠투데이, NTV 등을 거쳤다. 당시 NTV(구 현대방송)에선 김수현 작가 등과 함께 드라마 제작을 준비했다. 그 과정에서 이 대표도 드라마 시장에 눈을 떴다.   “영상은 가장 난도가 높은 콘텐츠입니다. 그중 영화가 가장영향력이 높고, 그 다음이 드라마입니다. 영화는 저에게 낯선 분야이지만, 드라마는 해볼 만하다 생각했어요. 최완규 작가 등 능력 있는 작가들이 주변에 있고 방송 경영도 해봤으니까요. 물론 방송 일을 안다고 하지만 쉬운 일은 아니죠. (웃음)”   2009년은 지금 떠올려도 아찔한 기억이었다. 드라마 편성이 모두 불발됐다. tvN, JTBC 등 케이블채널과 종합편성채널이 포진했던 지금과 달리 당시에는 지상파 3사가 유일한 드라마 편성 플랫폼이었다. 다음해 3편의 작품이 방송 예정이었지만, 전년도 매출 부진이 발목을 잡았다. 말로만 듣던 흑자 도산의 위기였다. 집을 담보로 융자까지 받았다. 다행히 2010년 KBS2 ‘신데렐라 언니’, ‘결혼해 주세요’, SBS ‘나는 전설이다’ 등 세 작품 모두 성공했다. “천국과 지옥을 1년 차이로 오갔다”고 회상했다.   어느덧 에이스토리는 매출액 200억 원이 넘는, 내실이 튼튼한 드라마 제   작사로 성장했다. 최완규·장영철-정경순·박재범·김은희·정현정·노지설 등 20명에 가까운 작가진이 원동력이었다. 지난달 29일 종영한 KBS2 ‘우리가 만난 기적’을 비롯해 tvN ‘시그널’(2016), MBC ‘마의’(2012), SBS ‘여인의 향기’(2011), SBS ‘보스를 지켜라’(2011) 등 총 24편의 드라마를 선보였다. 가을께 방송 예정인 tvN 새 드라마 ‘백일의 낭군님’이 현재 촬영 중이다.   에이스토리는 내년 하반기 상장을 준비하고 있다. 젊고 실력 있는 프로듀서들도 강점이다. 글앤그림(드라마 ‘미스티’ 제작)·씨제스(드라마 ‘스위치’ 제작) 등신생 드라마 제작사는 함께 오래 일한 후배들이 중심을 이루고 있다. 드라마의 ‘보이지 않는 손’인 프로듀서 양성 학교인 셈이다.   “저와 동갑인 최문석 PD를 제외하면 대부분 직원이 20~30대입니다. 젊은 감각이 중요한 산업이잖아요. 지상파 출신 베테랑들도 있지만 10년후를 내다보고 신중을 기해 뽑았습니다. 이 친구들이 좀 더 경험을 쌓고 활동할 그때, 한단계 성장할 것으로 기대됩니다.”  ▷이상백에이스토리 대표는…  △1964년 서울 태생 △1993년 NEW YORK Institute of Tech, TV Production 석사 △1994년 KMTV PD △2000년 NTV(구 현대방송) 편성기획 국장 △2002년 연예정보채널 ETN 개국총괄 △ 현 에이스토리 대표이사(2004~ )    인터뷰에 나선 이상백 에이스토리 대표.(사진=신태현 기자)  ▶계좌회복프로젝트! 상위 전문가의 투자전략 및 추천종목‘[무료확인]’ ▶14년 연속 1위, 대한민국 대표 스탁론 하이스탁론 '    ' ＜ⓒ종합 경제정보 미디어 이데일리 - 무단전재 & 재배포 금지＞    "
202,2,"2018-06-07","00:03:08","펄펄 끓는 美·中·日 제조업… 한국만 식어간다","결국, 제조업이 희망이다     규제 풀고 세금 깎아 고용 확대   각국 제조업 업황 지속 팽창   한국은 위축…G20 중 19위     [ 고경봉 기자 ] 미국 일본 독일 중국 인도 등 세계 주요국이 규제 혁신과 투자 확대로 제조업 경쟁력을 키워나가는 사이 한국만 역주행하고있다. 혁신성장 등 실체가 없는 구호에 밀려 전통 제조업은 찬밥 신세로 내몰리는 처지다. 그 결과 세계 제조업이 호황을 누리는 가운데 한국 제조업만 부진을 면치 못하고 있다.   세계 제조업 업황을 판단하는 잣대인 제조업 구매관리자지수(PMI)를 보면 극명히 드러난다. 6일 글로벌 시장정보업체인 마킷과 닛케이가 지난달 PMI를 집계한 결과에 따르면 한국은 48.9로 주요 20개국(G20) 중 19위를 나타냈다. PMI는 기업의 신규 주문, 생산 및 출하, 재고, 고용상태 등을 조사해 수치화한 것으로 지수가 50을 넘으면 제조업이 확장되고 있음을, 50 미만이면 수축되고 있음을 의미한다.  G20 국가 중 PMI가 50을 밑돈 나라는 한국 외에 최근 외환위기 가능성이 불거지면서 화폐가치가 폭락한 터키(46.4)가 유일하다. 한국 PMI는 2004년 65로 정점을 찍은 이후 장기적으로 하락하는 추세다. 2010년 이후에는 경기 회복기에도 55에 미치지 못하고 있다.  반면 미국과 일본 독일 중국 등 주요 제조업 강국의 PMI는 고공행진을 이어가고 있다. 미국은 거침없는 상승세로 2014년 이후 처음으로 56을 넘어섰다. 일본 독일 중국도 2014년, 2015년 이후 꾸준히 상승하는 추세다.  한국 제조업의 퇴행은 최근 들어 뚜렷해졌지만 그 징후는 수년에 걸쳐 나타났다. 주요국이 제조업 부흥정책을 펴며 국내총생산(GDP) 대비 제조업 비중을 확대했지만 한국은 오히려후퇴했다. 세계은행에 따르면 한국의 GDP에서 제조업이 차지하는 비중은 2011년 31.36%에서 2016년 29.33%로 2.03%포인트 줄었다. 같은 기간경제협력개발기구(OECD) 평균 제조업 비중은 1%포인트 증가했다.  김주훈 한국개발연구원(KDI) 수석이코노미스트는 “경쟁국들이 법인세율 인하, 제조업 육성 등을 앞세워 고용을 늘리고 생산성을 끌어올리는 제조업 혁명에 나서고 있는 데 반해 한국에서는 ‘제조업 육성=대기업 지원’이라는 잘못된 인식 때문에 제조업이 사실상 방치되고 있다”며 “더 심각한 문제는 정부가 지금 제조업의 위기를 일시적이라고 생각하는 데 있다”고 지적했다.  고경봉 기자 kgb@hankyung.com    [ 무료 주식 카톡방 ] 국내 최초, 카톡방 신청자수 38만명 돌파 < 업계 최대 카톡방 > --> 카톡방 입장하기!! 40억 ""이것""통해 벌었다는 남성 알고보니 ""개인파산""한 개그맨 A씨? ▶ < 긴급공개> 2분기 이끌 新대장주 BEST 5 억대계좌 이종목에서 또 터진다! >> [바로확인]     관련기사 ""젊은 직장인들 모인다""…강북 도심 부활한 이유가 R&D투자 美·中의 20% 불과...그나마 전기전자에 60% 편중 김광두 ""中에 제조업 밀리는 순간 한국 경제 나락 … 위기감 왜 못 느끼나"" 계속되는 주한미군 철수설에…美 국방장관 결국 남편에게 돈 벌어 오랬더니 하는 말이…아내속앓이    ⓒ 한국경제 & hankyung.com, 무단전재및 재배포 금지"
202,3,"2018-06-07","00:03:01","[사설] 일주일 남은 지방선거, 공보물이라도 챙겨보자","6·13 지방선거가 일주일 앞으로 다가왔다. 이번 선거에서는 광역단체장 17명과 12곳의 국회의원 재·보선 등 최다 8표를 행사하게 된다. 중앙선거관리위원회는 전국 투표소 1만4134곳을 확정하고 각 가정에 투표안내문과 후보자 선거공보물을 발송하는 일을 끝냈다. 8일과 9일에는투표 당일 불가피한 일이 있는 유권자를 위해 전국 3512개 투표소에서 사전투표가 실시된다. 2014년 지방선거에 처음 도입됐을 때 투표율 11.5%를 기록했던 사전투표는 2016년 20대 총선에서는 12.2%, 지난해 19대 대선 때는 26.1%로 높아지는 추세다. 그런 만큼 이번에도 투표율을 끌어올리는 데 기여할 것으로 기대된다.   그러나 이번 선거는 '세기의 담판'이라고 불리는 미국과 북한의 싱가포르 정상회담 등 대형 이슈에 밀려 벌써부터 전국 단위 선거 중 투표율이 가장 낮을 것이라는 우려가 나온다. 많은 지역에서 여론이 여당 쪽으로 기울어져 있는 것도 선거에 대한 관심을 낮추는 요인이다. 이목을끌 만한 인물 대결이나 선거판을 뒤흔들 만큼 큰 민생 문제도 눈에 띄지 않는다. 그러다 보니 지역 주민을 위한 건설적인 정책이나 공약보다는 네거티브 공세에 치중하는 쪽으로 흘러가고 있다. 이래저래 흥행 요인을 찾아 보기 힘든 선거라고 할 수 있다. 이러다가는 정말 최악의 ' 깜깜이 선거'로 기록되지 않을까 걱정스럽다.   지방선거는 어떤 측면에서 대선이나 총선보다 중요한 의미를 갖는다. 내가 살고 있는 지역을 바꾸고, 우리 가족의 생활 환경을 개선할 기회이기 때문이다. 그런 만큼 제대로 된 지역 일꾼을 뽑아야 한다. 그러려면 가장 먼저 가정에 배달된 선거공보물부터 꼼꼼하게 챙길 필요가 있다. 공보물에는 후보자 재산과 병역, 세금 납부와 체납 사항, 전과기록 같은 개인 정보뿐만 아니라 정책과 공약이 담겨 있다. 잘 살펴보면 우리동네에 꼭 필요한 일꾼이 누군인지 가늠하는 데 상당한 도움이 될 것이다. 선거에 나온 후보자 중에는 염불에는 관심이 없고 잿밥에만 관심이 있는 이들도 적지 않다. 지역 주민들보다 소속 정당이나 본인 영달을 위해 출마한 이들이다. 유권자들은 선거를 통해 이런 후보자를 반드시걸러내야 한다. 그렇게 하지 않으면 그 피해는 고스란히 유권자인 주민들에게 돌아온다.      ☞ 조용히 사서 묻어놔라! 6月 정말 큰돈 된다! ☞ 세계최초 항암제 개발! 신라젠 놓쳤다면, 이 종목 잡아라!! ☞ 세계 최초 신약! 1,500% 신라젠 능가할 단돈 4천원대 Bio 황제주!!! ☞ 6月 반드시 주목해야될 Best 바이오 종목!!      [ⓒ 매일경제 & mk.co.kr, 무단전재 및 재배포 금지]"
202,4,"2018-06-07","00:02:01","[사설] `메이드 인 코리아 신약` 꿈꾸는 서정진 회장의 기업가 정신","셀트리온이 최근 미국 보스턴에서 열린 바이오산업 콘퍼런스 '2018 BIO 인터내셔널 컨벤션'에서 바이오의약품 위탁개발·생산(CDMO) 사업 진출을 선언했다. CDMO는 단순한 위탁생산(CMO)에 위탁개발이 더해진 사업인데, 셀트리온이 하겠다는 것은 여기서 한발 더 나아간다. 신약 후보물질 보유 기관·회사와 파트너십을 통해 바이오 신약을 상업화하는 것이 목적이다. 이 계획이 실현되면 셀트리온은 바이오위탁생산 업체에서 바이오신약 생산업체로 '신분'이 올라간다.   서정진 셀트리온 회장은 불과 20년 만에 셀트리온을 글로벌 바이오 기업으로 키워냈다. 그는 CMO 사업에 뛰어들 때부터 '바이오 신약 개발'이 최종 목표라고 강조하곤 했는데 그 꿈을 향해 한 발 한 발 다가가는 모습이 인상적이다. 서 회장은 바이오 전공자가 아니다. 대우자동차에서 기획재무 고문으로 일하다 외환위기 때 직장을 잃고 처음 바이오 산업에 눈을 떴다. 기존 바이오신약 복제품인 바이오시밀러를 사업아이템으로 들고 나왔을 때만 해도 '봉이 김선달'이란 비아냥을 듣곤 했다.   셀트리온은 그동안 바이오시밀러 3종을 개발했다. 관절염 치료제 '레미케이드' 특허 만료에 맞춰 내놓은 '램시마'는 국내 최초 항체 바이오시밀러로 셀트리온의 글로벌 히트작이다. 혈액암 치료제 '리툭산'의 바이오시밀러인 '트룩시마', 유방암 치료제 '허셉틴'의 시밀러 '허쥬마'도개발했다. 램시마는 2016년 12월부터 미국, 트룩시마는 지난해 4월부터 유럽에서 판매되고 있다. 바이오시밀러 시장에서 독보적 입지를 인정받은 셀트리온은 오랫동안 코스닥 대장주로 군림하다 올해 2월 유가증권시장으로 이전했다.   서 회장은 2000년 이후 새로 등장한 수조 원대 자산가이자 IT 쪽을 제외하면 우리 사회에서 보기 어려워진 자수성가형 기업인이다. 그가 먼저 진출한 바이오시밀러 사업에 삼성바이오로직스가 후속 주자로 뛰어들었을 만큼 선견지명을 인정받는다. 셀트리온의 목표는 바이오 신약 개발을 통해 세계 10위권 바이오기업이 되는 것이다. 그렇게 되면 한국도 글로벌 제약 변방에서 중심으로 진입할 수 있다. 셀트리온이 지금까지보여준 도전과 성취는 '기업가 정신'의 전형적인 사례에 해당한다. 창업 성공이 드물어진 우리 시대에 특히 주목되는 성공담이다.      ☞ 조용히 사서 묻어놔라! 6月 정말 큰돈 된다! ☞ 세계최초 항암제 개발! 신라젠 놓쳤다면, 이 종목 잡아라!! ☞ 세계 최초 신약! 1,500% 신라젠 능가할 단돈 4천원대 Bio 황제주!!! ☞ 6月 반드시 주목해야될 Best 바이오 종목!!      [ⓒ 매일경제 & mk.co.kr, 무단전재 및 재배포 금지]"
202,5,"2018-06-07","00:01:04","각국, 15일간 관세 면제 '로비전'… ""미국, 한국을 가장 골치아프게 생각""","트럼프 '수입 철강 25% 관세' 서명   미국, 23일부터 관세 부과     트럼프 '딜' 노리나   지난주엔 ""예외는 없다""  이번엔 ""큰 유연성 발휘""  캐나다·멕시코 제외해     각국 반대급부·협상력 따라    추가 면제대상 결정될 듯     중국 ""강력한 보복 있을 것""  EU·일본, USTR 대표와 회동      [ 뉴욕=김현석/도쿄=김동욱 기자 ]  ‘트럼프의 철강·알루미늄 관세는 통상전쟁보다 ‘딜’을 위한 것처럼 보인다.’  도널드 트럼프 미국 대통령이 8일(현지시간) 수입 철강 및 알루미늄에 관세를 부과하는 행정명령에 서명하자 뉴욕타임스(NYT)는 경제전문가 닐 어윈이 쓴 이 같은 제목의 글을 실었다.  이날 트럼프 대통령은 캐나다와 멕시코를 부과 대상국에서 조건부로 제외하고 다른 국가들에 앞으로 15일간의 면제 협상 기간을 준다고 밝혔다. 대미 수출국이 제시하는 반대급부, 협상력과 로비능력에 따라 추가 면제가 결정될 것이란 얘기다. 당장 일본과 유럽연합(EU) 통상장관들은 10일 로버트 라이트하이저 미 무역대표부(USTR) 대표와 회동한다.  월스트리트저널(WSJ)은 한국이 가장 판단하기 어렵다고 보도했다. “트럼프 행정부 내 안보라인은 한국을 부과 대상에서 빼야 한다고 하지만 경제라인은 반드시 넣어야 한다고 주장하고 있다”고 전했다.   USTR 대표가 추가 면제 협상  이번 행정명령에 따라 미국은 오는 23일 0시1분(미국 동부시간)부터 미 항구에 도착하는 수입 철강에 25%, 알루미늄엔 10% 관세를 물린다. 캐나다와 멕시코산은 북미자유무역협정(NAFTA) 개정 협상을 이유로 빠졌다.  관세는 미 상무부가 적시한 제품에만 적용된다. 한국무역협회는 지난해 대미 철강 수출액 38억달러(약 4조원) 중 74%인 28억달러 규모가 적용 대상이라고 분석했다. 이들 제품은 기본 관세 외에 추가로 25%를 내야 한다.  트럼프 대통령은 행정명령에 서명한 뒤 “외국의 공격적 무역관행이 미국 산업을 파괴했다”며 “미국을 나쁘게 대우한 많은 나라가 군사적으로는 동맹이었다”고 비난했다. 하지만 그는 곧바로 말을 바꿨다. “일부 국가는 훌륭한 파트너”라며 “우리는 관세를 면제하는 등 큰 유연성을 발휘할 것”이라고 했다.  이는 관세 부과 여부를 다른 분야 협상의지렛대로 쓰겠다는 뜻으로 해석됐다. 지난주 “예외가 없을 것”이라고 한 그의 발언과 다르다. NYT는 공화당 의원들과 미국 기업의 반대, 동맹국 로비 등을 반영한 선택이라고 분석했다.  트럼프 대통령은 “우리는 특정국을 빼거나 추가할 수 있다”며 “라이트하이저 USTR 대표가 앞으로 15일간 면제를 요청하는 나라들과 협상할 것”이라고 설명했다.  그가 관세 부과 예외국의 예로 캐나다와 멕시코를 지정한 데도 냉정한 계산이 깔려 있다. 트럼프 대통령은 “(진행 중인) NAFTA 개정 협상에서 공정한합의가 나오지 않는다면 NAFTA를 폐기하고 모든 걸 다시 시작할 것”이라고 압박했다.  WSJ는 동맹국 중 한국이 골치 아픈 사례라고 꼽았다. 트럼프 행정부 내 안보라인은 북한 핵문제 관련 공조가 필요하다며 한국의 면제를 주장하고 있지만, 경제라인에서는 한국이중국산 철강을 재가공해 미국에 수출하는 나라여서 반드시 포함해야 한다고 강조하고 있다는 것이다.  중국 “철회안 하면 보복할 것”  중국 상무부는 9일 성명을 내고 “중국 이익을 보호하기 위한 ‘강력한’ 조치를 취할 것”이라고 밝혔다. 관영 언론 환구시보는 “미국이 무역을 정치화해 관세 부과 등 세계무역기구(WTO) 규칙을 위반하는방식으로 개입한다면 반드시 보복해야 한다”며 “결코 손을 늦춰선 안 될 것”이라고 강조했다.  오렌지주스, 버번위스키 등에 보복관세를 매기겠다고 밝혀온 EU와 일본은 일단 협상에 무게를 싣고 있다. 세코 히로시게 일본 경제산업상은 이날 기자회견에서 라이트하이저 USTR 대표, 세실리아 말름스트룀 EU 집행위원회 무역분과 위원장과 10일 벨기에 브뤼셀에서 통상장관 회담을 한다고 밝혔다.  세코 경제산업상은 “WTO 틀에서 필요한 대책을 검토하는 한편 관세 부과 대상에서 제외해줄 것을 계속 설득하겠다” 고 말했다. 말름스트룀 위원장도 전날 트위터를 통해 “EU는 미국의 긴밀한 동맹으로 이번 조치에서 제외돼야 한다”고 미국을 압박했다.  WSJ는 ‘유럽의 맹주’ 독일이 EU의 보복방침에 불만이 있다고 보도했다. 트럼프 대통령이 이에 대응해 유럽산 자동차에 추가 관세를 부과하면 미국 수출물량이 많은 독일 자동차업계가 큰 피해를 볼 수 있기 때문이다.  뉴욕=김현석/도쿄=김동욱 특파원 realist@hankyung.com     [ 무료 주식 카톡방 ] 국내 최초, 카톡방 신청자수 38만명 돌파 < 업계 최대 카톡방 > --> 카톡방 입장하기!! 40억 ""이것""통해 벌었다는 남성 알고보니 ""개인파산""한 개그맨 A씨? ▶ <긴급공개> 2분기 이끌 新대장주 BEST 5 억대계좌 이종목에서 또 터진다! >> [바로확인]     관련기사 ""젊은 직장인들 모인다""…강북 도심 부활한 이유가 트럼프 '관세폭탄'에도 美 알루미늄 가격 하락, 왜? 계속되는 주한미군 철수설에…美 국방장관결국 남편에게 돈 벌어 오랬더니 하는 말이…아내 속앓이 '관세폭탄' 하루 만에… 美 ""무역전쟁 우려 과장"" 中 ""협상할 시간 됐다""    ⓒ 한국경제 & hankyung.com, 무단전재 및 재배포 금지"
202,6,"2018-06-07","00:01:02","[사설] 美 도발에 EU 보복, 글로벌 무역전쟁 확산 걱정된다","유럽연합(EU) 통상담당 집행위원인 세실리아 말름스트룀은 며칠 전 언론에 이르면 다음달 중 유럽 철강과 알루미늄 산업을 보호하기 위한 잠정적인 긴급수입제한(세이프가드) 조치를 취할 수 있다고 밝혔다. 지난 3월 미국이 국가 안보를 이유로 수입 철강에 25%, 알루미늄에 10% 관세를 부과하는 조치를 취한 데 따른 대응 차원이다. EU는 또 수입 자동차에 25% 관세를 물리는 방안을 추진 중인 미국에 대해 철강보다 더 큰 보복 조치를 초래하게 될 것이라고 경고했다. 미국 도널드 트럼프 행정부의 좌충우돌식 보호무역 조치에 대해 EU가 맞대응함에 따라 글로벌무역전쟁이 격화될 가능성이 크다.   트럼프 행정부가 촉발한 무역전쟁은 중국과 유럽의 보복을 부르면서 난타전 양상을 보이고 있다. 지난 주말 베이징에서 열린 미·중 무역협상에서 중국 측은 700억달러(약 75조원) 규모의 미국 제품 구매를 제안한 것으로 알려졌지만 합의에 이르지는 못했다. 이대로 가면 이달 중 세계경제의 두 거인(G2)이 서로 500억달러 규모의 수입품에 관세 폭탄을 퍼부으며 전면전을 벌일 수 있다. EU와 캐나다, 멕시코가 미국의 철강관세에 대해 세계무역기구(WTO)에 제소하고, 미국과 EU는 지식재산권 침해와 기술 이전 강요를 문제 삼아 중국을 WTO로 끌고 가면서 무역전쟁은 극심한 혼전으로 치닫고 있다.   한국 수출 시장의 절반을 차지하는 중국과 미국, EU가 뒤엉켜서 치고받는 현 상황은 참으로 걱정스럽다. 지난해 EU 지역에 약 3조원어치를 수출한 국내 철강업계는 미국의 수입물량 제한에 이어 엎친 데 덮친 격으로 EU의 세이프가드가 발동되면 타격이 클 것이다. 트럼프 행정부는 우리 주력 수출품인 자동차에 대해 수입 장벽을 쌓으려 하고, 중국 당국은 한국의 가장 중요한 전략 상품인 반도체에 대해 가격 담합 조사에 나섰다. WTO를 중심으로 한 다자간 무역질서를 무시하는 G2의 일방적인 보호무역 조치가 잇따르면서 글로벌 무역전쟁이 격화되면 수출 의존도가 높은 우리는 치명타를 입을 수 있다. 그럴수록 양자·다자간 통상외교와 수출산업의 기술 경쟁력 확보에 총력전을 펴야 한다.      ☞ 조용히 사서 묻어놔라! 6月 정말 큰돈 된다! ☞ 세계최초 항암제 개발! 신라젠 놓쳤다면, 이 종목 잡아라!! ☞ 세계 최초 신약! 1,500% 신라젠 능가할 단돈 4천원대 Bio 황제주!!! ☞ 6月 반드시 주목해야될 Best 바이오 종목!!      [ⓒ 매일경제 & mk.co.kr, 무단전재 및 재배포 금지]"
202,7,"2018-06-07","00:01:02","[오늘의 MBN] 대표직 사퇴 위기에 처한 유찬","■ 수목드라마 '리치맨' (7일 밤 11시)    넥스트인 대표실에 침입한 괴한과 마주치고, 얼굴을 확인하려고 몸싸움을 벌이다 계단에서 떨어지는 사고를 당한 태주(오창석). 태주는 괴한의 얼굴을 확인했지만 유찬(김준면)에게 보지 못했다고 거짓말을 한다. 그리고 보라(하연수)에 대한 자신의 마음을 고백한다.   태라(김예원)는 박수결 화백 전시회 그림 중 일부가 동하의 그림이라는 것을 알게 된다. 그래서 동하가 박수결 화백에게 판매할 그림을 다시사겠다고 하지만 동하는 자신의 그림이 아니라며 부인한다. 그리고 태라는 그림을 모두 찢어버린다.   빅파일 사업설명회에서 이사들이 프로젝트를 반대하자 유찬은 크게 분노한다. 그러자 남 이사는 태주에게 유찬을 대표직에서 끌어내리자고 제안한다. 한편 넥스트인은 개인정보가 유출되며 위기를 맞는다.      ☞ 조용히 사서 묻어놔라! 6月 정말 큰돈 된다! ☞ 세계최초 항암제 개발! 신라젠 놓쳤다면, 이 종목 잡아라!! ☞ 세계 최초 신약! 1,500% 신라젠 능가할 단돈 4천원대 Bio 황제주!!! ☞ 6月 반드시 주목해야될 Best 바이오 종목!!      [ⓒ 매일경제 & mk.co.kr, 무단전재 및 재배포 금지]"
203,1,"2018-06-06","23:30:03","<경제지표> 미국 원유 수입량 1.180M","<경제지표> 미국 원유 수입량 1.180M      [경제지표] 2018/06/06 23:30        (끝)  <저작권자(c)연합인포맥스. 무단 전재-재배포 금지.>"
203,2,"2018-06-06","23:30:03","<경제지표> 미국 원유재고증가분(Cushing) -0.955M","<경제지표> 미국 원유재고증가분(Cushing) -0.955M      [경제지표] 2018/06/06 23:30        (끝)  <저작권자(c)연합인포맥스. 무단 전재-재배포 금지.>"
203,3,"2018-06-06","23:30:03","<경제지표> 미국 난방유 비축량 -0.282M","<경제지표> 미국 난방유 비축량 -0.282M      [경제지표] 2018/06/06 23:30        (끝)  <저작권자(c)연합인포맥스. 무단 전재-재배포 금지.>"
203,4,"2018-06-06","23:30:01","<경제지표> 미국 가솔린 재고증가분 4.603M","<경제지표> 미국 가솔린 재고증가분 4.603M      [경제지표] 2018/06/06 23:30        (끝)  <저작권자(c)연합인포맥스. 무단 전재-재배포 금지.>"
203,5,"2018-06-06","23:30:00","<경제지표> 미국 EIA 주간정제유재고 2.165M","<경제지표> 미국 EIA 주간정제유재고 2.165M      [경제지표] 2018/06/06 23:30        (끝)  <저작권자(c)연합인포맥스. 무단 전재-재배포 금지.>"
203,6,"2018-06-06","23:30:00","<경제지표> 미국 원유재고증가분 2.072M","<경제지표> 미국 원유재고증가분 2.072M      [경제지표] 2018/06/06 23:30        (끝)  <저작권자(c)연합인포맥스. 무단 전재-재배포 금지.>"
203,7,"2018-06-06","23:28:26","카허 카젬 한국GM 사장 ""5년 내 SUV 비중 63%로 확대할 것""","6일 오후 부산 해운대구 영화의 전당에서 열린 한국GM의 2018 부산 국제모터쇼 전야제 행사장. 모터쇼 개막을 이틀 앞둔 기대감과 함께 한국GM의 절박함이 동시에 묻어났다. 우여곡절 끝에 경영 정상화 수순에 돌입했지만 한국GM 군산공장의 문을 닫은 지열흘도 채 지나지 않았다. 구조조정의 여파로 한국GM의 내수 판매량도 반 토막 났다. 이번 부산국제모터쇼에서 추락한 브랜드 이미지를 끌어올려야 하는 게 한국GM의 과제. 카허 카젬 사장이 꺼낸 카드는 스포츠유틸리티차량(SUV)의 라인업 확대다. 무대에 오르자마자 “쉐보레가 돌아왔다”고 강조한 카젬 사장은 “현재 10% 수준에 불과한 SUV의 판매 비중을 5년 내 63%까지 끌어올리겠다”고 선언했다. 선봉은 이번 모터쇼에 선보이면서 출시하는 중형 SUV 이쿼녹스다. 이쿼녹스의 바통은 한 체급 높은 트래버스가 받는다. 카젬 사장은 “트래버스의 한국 시장출시도 확정됐다”며 “지금껏 쉐보레가 국내 시장에 선보이지 않았던 새로운 면모로 고객의 요구에 부응하겠다”고 비장한 각오를 다졌다.한국GM은 쉐보레의 신형 픽업트럭 콜로라도도 무대에 올리며 새로운 시장 개척을 예고했다.  같은 시간 기장 힐튼호텔에서 열린 아우디코리아의 ‘아우디 비전 나잇’도 비슷한 분위기였다. 디젤 게이트의 여파로 2년 가까운 시간 동안 사실상 판매가 중단됐던 아우디 입장에서부산 국제모터쇼는 사실상 한국 시장 재진출을 알리는 이벤트다. 무대에 오른 세드릭 주흐넬 사장은 “다시 신뢰할 수 있는 아우디로 거듭났다”고 강조했다. 지난 3월 출시한 A6와 하반기 출시 예정인 A4의 올해 판매 목표는 1만5,000대로 잡았다. 아우디 역시 SUV에 무게 중심을 실었다. 내년 출시 예정인 중형 SUV Q5와 소형 SUV Q2를 동시에 소개하면서다.  지속 가능한 미래를 위한 ‘로드맵 E 코리아’도 소개했다. 아우디는 전기차 충전사업자들과 손잡고 오는 2021년까지 150여곳의 충전소에 400여대의 충전기를 설치한다. 또 아우디의 자율주행기술을 담은 ‘아우디 일레인 콘셉트카’를 공개하며 프리미엄 디지털 자동차 브랜드로 진화하겠다고 선언했다. /부산=조민규·구경우기자 cmk25@sedaily.com    ▶▶ 2018년 정부 정책 수혜주 TOP 10 大공개! (바로 확인)  ▶▶ 재료노출 임박한 상위1%의 극비정보 30명한정 공개(무료)    [ⓒ 서울경제, 무단 전재 및 재배포 금지]"
204,1,"2018-06-06","22:51:48","伊내무, 연일 강경 난민 발언…""송환 예정 난민, 외출 금지""","伊내무, 연일 강경 난민 발언…""송환 예정 난민, 외출 금지""    (로마=연합뉴스) 현윤경 특파원 = 불법 난민 전면 추방 등 강경 난민 정책을 공약으로 내걸고 집권 세력이 된 이탈리아 극우정당 '동맹' 의 마테오 살비니(45) 대표가 내무장관 겸 부총리로 취임한 이후 연일 난민 관련 강경 발언을 쏟아내고 있다.  살비니 장관은 6일 ""본국으로 송환이 예정된 난민들이 시내를 배회하지 못하도록 난민들의 난민센터 외출을 금지할 것""이라고 밝혔다.     그는 ""난민들이 오전 8시에 난민센터를 떠나서 밤 10시에 다시 돌아오는 것을 허용해 낮 동안 시내에서 문제를 일으키게 방치하는 현 상황은 용납할 수 없다""며 이같이 말했다.  현행 난민센터는 난민들에게 통금 시간까지 돌아오는 것을 조건으로 외출을 허용하고 있다.  그는 이 같은 계획에 난민센터를 수용하고 있는 지역 정부가 반발하지 않겠느냐는 질문에 ""동맹 소속의 주지사들과 이미 이런 방안에 대해 논의했다""며 곧 난민 외출 금지 조치를 실행에 옮길 수 있다고 자신했다.  살비니 장관은 취임 이틀 뒤인 이달 3일 북아프리카 난민들이 이탈리아로 들어오는 주된 관문인 시칠리아 섬을 방문했을 때도 ""이탈리아는 유럽의 난민 캠프가 될 수 없다""고 강경 난민 발언의 포문을 연 바 있다.  그는 ""불법 난민에게 좋은 시절은 끝났다""며 ""짐을 쌀 준비를 해라""고 말하기도 했다.  그는 또 난민들의 주된 출발지인 북아프리카 튀니지를 가리키며 ""이탈리아에 재소자들을 수출하고 있다""고 말해 튀니지와 외교 갈등을 불러오기도 했다.  튀니지 외무부는 살비니 장관의 이 같은 발언 직후 주튀니지 이탈리아 대사를 소환해 ""살비니의 말은 불법 난민에 맞서기 위한 양국의 협력에 도움이 되지 않는다""며 유감을 표현했다.     살비니 장관은 가나계 이탈리아 축구 스타인 마리오 발로텔리와 이민 정책을 둘러싸고 설전을 벌이며 또 한 차례 언론에 오르내렸다.  가나 이민자 슬하에서 태어난 발로텔리는 지난 5일 언론 인터뷰에서 ""이탈리아에서 나고 자란 내가 18세가 될 때까지 이탈리아인으로 인정받지 못한 것은 받아들이기 힘든 일이었다""고 말하며 이탈리아에서 태어난 이민자와 난민 자녀들에게 출생 즉시 시민권을 주는 '유스 솔리' 법안의 채택이 필요하다고 말한 바 있다.  현행 이탈리아법은 외국인 자녀의 경우 18세가 된 시점에서야 이탈리아 국적을 얻을 수 있도록 규정하고 있다.  이에 대해, 살비니 장관은 자신의 트위터에 ""마리오, '유스 솔리'는 나뿐 아니라 이탈리아인들에게 우선순위가 아니다. 공을 차면서 재미를 찾아라""고 비꼬는 글을 남겼다.  ykhyun14@yna.co.kr   (끝)    <긴급속보 SMS 신청> <포토 매거진> < M-SPORTS >   <저작권자(c) 연합뉴스, 무단 전재-재배포 금지>"
204,2,"2018-06-06","22:51:00","美 무역적자 2개월 연속 감소…대중 상품수지 적자 확대","[이데일리 뉴스속보팀] 미국 무역적자가 2개월 연속 감소세를 나타냈다.  미국 상무부는 지난 4월 상품·서비스 무역적자가 전월대비 10억달러 줄어든 462억달러(약 49조원)를 기록했다고 6일(현지시간) 밝혔다. 이는 지난해 9월 이후 가장 낮은 수준이다.   지난 4월 수출은 2112억달러로 전월대비 0.3% 증가했으나 수입은 0.2% 줄어든 2574억달러로 집계됐다. 상품수지는 683억달러 적자를 기록했으며 관광을비롯한 서비스 수지는 221억달러 흑자를 나타냈다. 특히 대중 상품수지 적자는 전월대비 8.1% 늘어난 280억달러로 집계됐다. 반면 멕시코와의 적자 규모는 29.8% 줄어든 57억달러를 기록했다.  올 들어 누적 무역적자는 전년동기대비 11.5% 늘어난 2018억달러에 달했다.  ▶계좌회복프로젝트! 상위 전문가의 투자전략 및 추천종목‘[무료확인]’ ▶14년 연속 1위, 대한민국 대표 스탁론 하이스탁론 '    ' ＜ⓒ종합 경제정보 미디어 이데일리 - 무단전재 & 재배포 금지＞   "
204,3,"2018-06-06","22:49:39","유빈 ‘도시애’, 저작권 논란 발매 취소…‘숙녀’ 활동에 집중","@media all and (max-width: 400px) {img{max-width:340;height:auto;}}.dayTBL a:link {font-family: 돋움;font-size: 11px;line-height: 18px;color:#666666;text-decoration: none}.dayTBL a:visited {font-family: 돋움;font-size: 11px;line-height: 18px;color: #666666;text-decoration: none}.dayTBL a:hover {font-family: 돋움;font-size: 11px;line-height: 18px;color: #840000;text-decoration: none}.dayTBL nobr {width:85px; text-overflow:ellipsis; overflow:hidden; cursor:pointer; float:left}.todayBDb {border-bottom: #000000 0.5pt solid}.tblGrp{padding:0; border-spacing:0; border-collapse:collapse; border:0;vertical-align:top;width:279px}.tblGrp td{vertical-align:top}.dayTBL {width:93px; padding:0; border-spacing:0; border-collapse:collapse; vertical-align:top; border:0}.dayTBL td{font-size:12px; font-family:돋움; color:#333333;line-height:18px;padding:0}.divSch1{float:left}.divSch2{float:left}.tdSch{border: #E6E6E6 0.1pt solid;height:75;padding:0}.tdSchToday {border: #000000 1pt solid;height:75;background-color:#fffff0;padding:0}.tdSchTomorrow {border-left:0}.tdSchYesterday {border-right:0}.tdDate{background-color:#c8e7ff;height:10;text-align:center}.ad {text-align:center; font-size:8pt; font-family:돋움;line-height:1.2}.lg {margin-bottom:20px;}.title{font-size:15px;color:#203c76;font-weight:bold;margin-bottom:20px;}a,img {border:0; outline:none; selector-dummy:expression(this.hideFocus=true);}body,td,select,input,div,form,textarea,center,option,pre,blockquote {font-size:9pt; line-height:1.6; font-family:돋움;}table{border:0px;}r {display:none;}"
204,4,"2018-06-06","22:46:00","척수종양 상의세포종 등 희귀암. 중입자치료로 완치 가능","@media all and (max-width: 400px) {img{max-width:340;height:auto;}}.dayTBL a:link {font-family: 돋움;font-size: 11px;line-height: 18px;color:#666666;text-decoration: none}.dayTBL a:visited {font-family: 돋움;font-size: 11px;line-height: 18px;color: #666666;text-decoration: none}.dayTBL a:hover {font-family: 돋움;font-size: 11px;line-height: 18px;color: #840000;text-decoration: none}.dayTBL nobr {width:85px; text-overflow:ellipsis; overflow:hidden; cursor:pointer; float:left}.todayBDb {border-bottom: #000000 0.5pt solid}.tblGrp{padding:0; border-spacing:0; border-collapse:collapse; border:0;vertical-align:top;width:279px}.tblGrp td{vertical-align:top}.dayTBL {width:93px; padding:0; border-spacing:0; border-collapse:collapse; vertical-align:top; border:0}.dayTBL td{font-size:12px; font-family:돋움; color:#333333;line-height:18px;padding:0}.divSch1{float:left}.divSch2{float:left}.tdSch{border: #E6E6E6 0.1pt solid;height:75;padding:0}.tdSchToday {border: #000000 1pt solid;height:75;background-color:#fffff0;padding:0}.tdSchTomorrow {border-left:0}.tdSchYesterday {border-right:0}.tdDate{background-color:#c8e7ff;height:10;text-align:center}.ad {text-align:center; font-size:8pt; font-family:돋움;line-height:1.2}.lg {margin-bottom:20px;}.title{font-size:15px;color:#203c76;font-weight:bold;margin-bottom:20px;}a,img {border:0; outline:none; selector-dummy:expression(this.hideFocus=true);}body,td,select,input,div,form,textarea,center,option,pre,blockquote {font-size:9pt; line-height:1.6; font-family:돋움;}table{border:0px;}r {display:none;}    제목: 유빈 ‘도시애’, 저작권 논란 발매 취소…‘숙녀’ 활동에 집중   (서울=NSP통신) 류수운 기자 = 원더걸스 출신 유빈이 데뷔 11년 만에 발표한 첫 싱글에 수록된 곡 '도시애(愛)'가 발매 취소됐다.  소속사 JYP엔터테인먼트는 6일 유빈의 인기팬카페인 ‘유빈 팬스(Yubin Fan’s)’ 공지를 통해 이같은 사실을 알리고 사과했다.  해당 공지 글에 따르면 JYP 측은 유빈 첫 솔로싱글 '도시여자' 수록곡 '도시애'에 대한 저작권 논란이 인지돼 발매를 연기한데 이어 최종 발매 취소를 결정했다.  이에 따라 유빈은 지난 5일 발표한 싱글 타이틀 곡 '숙녀(淑女)' 활동에만 집중할 예정이다.   한편 유빈의 싱글 수록곡 ‘도시애’는 지난 3일 티저 영상이 공개된 이후 온라인 커뮤니티를 중심으로 일본 여성싱어송라이터인 타케우치 마리야(竹 まりや)의 곡 ‘플라스틱 러브(Plastic Love)’와 음원 일부가 유사하다는 지적이 일면서 저작권 논란에 휩싸이게 됐다.  다음은 유빈 ‘도시애’ 발매 취소 공지 전문  안녕하세요. JYPE입니다.  유빈(Yubin) The 1st Solo Album <都市女子>의 수록곡 “도시애(愛)” 관련 저작권 논란이 인지되어 발매를 연기하였으나 최종적으로 해당 곡의 발매가 취소도었음을 안내드립니다.  기다려 주신 팬 여러분들께 진심으로 죄송합니다.  6.5(화) 오후 6시 발매된 “숙녀(淑女)” 많은 사랑 부탁드립니다.  감사합니다. NSP통신/NSP TV 류수운 기자, swryu64@nspna.com 저작권자ⓒ 한국의 경제뉴스통신사 NSP통신·NSP TV. 무단전재-재배포 금지.    해당 기사는 NSP통신(www.nspna.com)에서 제공한 것이며저작권은 제공 매체에 있습니다. 기사 내용 관련 문의는 해당 언론사에 하시기 바랍니다.  ■[하이스탁론] 주식자금이 필요할 땐 ☎ 1599-6222 연 3% 업계 최저금리, 자기자본 포함 최대 4배, 연장수수료 無 주식 매도없이 미수, 신용 대환 / 마이너스통장식 / 기대출자도 가능 ☞ 14년 연속 스탁론 점유율 1위, 노주현이 추천하는 [하이스탁론 바로가기]  ▶【급등임박株】 “정책+실적+수급분석 완료” 주도주 '2선' 추천받기  ◆""숨은 진주발굴"" 당뇨치료제 상용화 임박! <재료주공개>   [이슈&섹터 스케줄]    2018-06-04 - 한국-필리핀 정상회담 예정 - 5G 주파수 경매 신청 마감 예정 -  한은, BOK 국제컨퍼런스 개최   2018-06-05 - 국무회의(최저임금법) - 랩온어칩 및 마이크로플루이딕스 컨퍼런스 개최(현지시간) - ""항체 엔지니어링 & 항체 치료 콘퍼런스 유럽 2018"" 개최 예정(현지시간)   2018-06-06 - 현충일 - 국내 증시 휴장 - 2018 국제회계 심포지엄 개최 예정      2018-06-07 - 美-日 정상회담 예정(현지시간) - 삼성바이오로직스, 분식 여부 판가름 예정 - 넥슨, MMORPG '카이저' 정식 출시   2018-06-08 - 6.13 지방선거 사전투표 예정 - G7 정상회의 개최 예정(현지시간) - 제5차 韓-美 에너지안보대화   2018-06-09 - 북-중-러 정상회담 예정 - 이탈치네마, 제10회 이탈리아 영화제 개최 예정 - 상하이협력기구(SCO) 정상회의 개최      Copyright ⓒ True&Live 증시뉴스 점유율1위, 인포스탁(www.infostock.co.kr) 인터넷신문(경기아51008)/무단전재 및 배포금지   본 뉴스(정보)는 해당종목의 매수/매도신호가 아니며, 이를 근거로행해진 거래에 대해 책임을 지지 않습니다."
204,5,"2018-06-06","22:43:12","'부산모터쇼' 아우디 일레인 발표, 카메라가 대체한 사이드미러…'최첨단의 결정체' [포토]","@media all and (max-width: 400px) {img{max-width:340;height:auto;}}.dayTBL a:link {font-family: 돋움;font-size: 11px;line-height: 18px;color:#666666;text-decoration: none}.dayTBL a:visited {font-family: 돋움;font-size: 11px;line-height: 18px;color: #666666;text-decoration: none}.dayTBL a:hover {font-family: 돋움;font-size: 11px;line-height: 18px;color: #840000;text-decoration: none}.dayTBL nobr {width:85px; text-overflow:ellipsis; overflow:hidden; cursor:pointer; float:left}.todayBDb {border-bottom: #000000 0.5pt solid}.tblGrp{padding:0; border-spacing:0; border-collapse:collapse; border:0;vertical-align:top;width:279px}.tblGrp td{vertical-align:top}.dayTBL {width:93px; padding:0; border-spacing:0; border-collapse:collapse; vertical-align:top; border:0}.dayTBL td{font-size:12px; font-family:돋움; color:#333333;line-height:18px;padding:0}.divSch1{float:left}.divSch2{float:left}.tdSch{border: #E6E6E6 0.1pt solid;height:75;padding:0}.tdSchToday {border: #000000 1pt solid;height:75;background-color:#fffff0;padding:0}.tdSchTomorrow {border-left:0}.tdSchYesterday {border-right:0}.tdDate{background-color:#c8e7ff;height:10;text-align:center}.ad {text-align:center; font-size:8pt; font-family:돋움;line-height:1.2}.lg {margin-bottom:20px;}.title{font-size:15px;color:#203c76;font-weight:bold;margin-bottom:20px;}a,img {border:0; outline:none; selector-dummy:expression(this.hideFocus=true);}body,td,select,input,div,form,textarea,center,option,pre,blockquote {font-size:9pt; line-height:1.6; font-family:돋움;}table{border:0px;}r {display:none;}    제목 : '부산모터쇼' 아우디 일레인 발표, 카메라가 대체한 사이드미러…'최첨단의 결정체' [포토]"
204,6,"2018-06-06","22:41:20","[PRNewswire] 저스티파이, 독점 스폰서로 휠스업 선택","@media all and (max-width: 400px) {img{max-width:340;height:auto;}}.dayTBL a:link {font-family: 돋움;font-size: 11px;line-height: 18px;color:#666666;text-decoration: none}.dayTBL a:visited {font-family: 돋움;font-size: 11px;line-height: 18px;color: #666666;text-decoration: none}.dayTBL a:hover {font-family: 돋움;font-size: 11px;line-height: 18px;color: #840000;text-decoration: none}.dayTBL nobr {width:85px; text-overflow:ellipsis; overflow:hidden; cursor:pointer; float:left}.todayBDb {border-bottom: #000000 0.5pt solid}.tblGrp{padding:0; border-spacing:0; border-collapse:collapse; border:0;vertical-align:top;width:279px}.tblGrp td{vertical-align:top}.dayTBL {width:93px; padding:0; border-spacing:0; border-collapse:collapse; vertical-align:top; border:0}.dayTBL td{font-size:12px; font-family:돋움; color:#333333;line-height:18px;padding:0}.divSch1{float:left}.divSch2{float:left}.tdSch{border: #E6E6E6 0.1pt solid;height:75;padding:0}.tdSchToday {border: #000000 1pt solid;height:75;background-color:#fffff0;padding:0}.tdSchTomorrow {border-left:0}.tdSchYesterday {border-right:0}.tdDate{background-color:#c8e7ff;height:10;text-align:center}.ad {text-align:center; font-size:8pt; font-family:돋움;line-height:1.2}.lg {margin-bottom:20px;}.title{font-size:15px;color:#203c76;font-weight:bold;margin-bottom:20px;}a,img {border:0; outline:none; selector-dummy:expression(this.hideFocus=true);}body,td,select,input,div,form,textarea,center,option,pre,blockquote {font-size:9pt; line-height:1.6; font-family:돋움;}table{border:0px;}r {display:none;}    제목 : '부산모터쇼' 아우디 일레인 발표, 카메라가 대체한 사이드미러…'최첨단의 결정체' [포토]          아우디 코리아가 6일 오후 부산 기장군 힐튼부산호텔에서 열린 '아우디 비전 나잇(Audi Vision Night)'에서 자율주행 전기 콘셉트카 '일레인'를 발표했다.  아우디코리아는 이날 행사에서 비즈니스 비전을 발표하고 레벨4의 자율주행 전기 콘셉트카인 '아우디 일레인'과 도심형 SUV 'Q5', 'Q2'를 공개했다.  이선우 기자 cheese@bstoday.kr   해당 기사는 BS투데이(www.bstoday.kr)에서 제공한 것이며 저작권은 제공 매체에 있습니다. 기사 내용 관련 문의는 해당 언론사에 하시기 바랍니다.  ■[하이스탁론] 주식자금이 필요할 땐 ☎ 1599-6222 연 3% 업계 최저금리, 자기자본 포함 최대 4배, 연장수수료 無 주식 매도 없이 미수, 신용 대환 / 마이너스통장식 / 기대출자도 가능 ☞ 14년 연속 스탁론 점유율 1위, 노주현이 추천하는 [하이스탁론 바로가기]  ▶【급등임박株】 “정책+실적+수급분석 완료” 주도주 '2선' 추천받기  ◆""숨은 진주발굴"" 당뇨치료제 상용화 임박! <재료주공개>   [이슈&섹터 스케줄]    2018-06-04 - 한국-필리핀 정상회담 예정 - 5G 주파수 경매 신청 마감 예정 -  한은, BOK 국제컨퍼런스 개최   2018-06-05 - 국무회의(최저임금법) - 랩온어칩 및 마이크로플루이딕스 컨퍼런스 개최(현지시간) - ""항체 엔지니어링 & 항체 치료 콘퍼런스 유럽 2018"" 개최 예정(현지시간)   2018-06-06 - 현충일 - 국내 증시 휴장 - 2018 국제회계 심포지엄 개최 예정      2018-06-07 - 美-日 정상회담 예정(현지시간) - 삼성바이오로직스, 분식 여부 판가름 예정 - 넥슨, MMORPG '카이저' 정식 출시   2018-06-08 - 6.13 지방선거 사전투표 예정 - G7 정상회의 개최 예정(현지시간) - 제5차 韓-美 에너지안보대화   2018-06-09 - 북-중-러 정상회담 예정 - 이탈치네마, 제10회 이탈리아 영화제 개최 예정 - 상하이협력기구(SCO) 정상회의 개최      Copyright ⓒ True&Live 증시뉴스 점유율1위, 인포스탁(www.infostock.co.kr) 인터넷신문(경기아51008)/무단전재 및 배포금지   본 뉴스(정보)는 해당종목의 매수/매도신호가 아니며, 이를 근거로행해진 거래에 대해 책임을 지지 않습니다."
204,7,"2018-06-06","22:40:10","'부산모터쇼' 자율주행 전기 콘셉트카 '아우디 일레인' [포토]","@media all and (max-width: 400px) {img{max-width:340;height:auto;}}.dayTBL a:link {font-family: 돋움;font-size: 11px;line-height: 18px;color:#666666;text-decoration: none}.dayTBL a:visited {font-family: 돋움;font-size: 11px;line-height: 18px;color: #666666;text-decoration: none}.dayTBL a:hover {font-family: 돋움;font-size: 11px;line-height: 18px;color: #840000;text-decoration: none}.dayTBL nobr {width:85px; text-overflow:ellipsis; overflow:hidden; cursor:pointer; float:left}.todayBDb {border-bottom: #000000 0.5pt solid}.tblGrp{padding:0; border-spacing:0; border-collapse:collapse; border:0;vertical-align:top;width:279px}.tblGrp td{vertical-align:top}.dayTBL {width:93px; padding:0; border-spacing:0; border-collapse:collapse; vertical-align:top; border:0}.dayTBL td{font-size:12px; font-family:돋움; color:#333333;line-height:18px;padding:0}.divSch1{float:left}.divSch2{float:left}.tdSch{border: #E6E6E6 0.1pt solid;height:75;padding:0}.tdSchToday {border: #000000 1pt solid;height:75;background-color:#fffff0;padding:0}.tdSchTomorrow {border-left:0}.tdSchYesterday {border-right:0}.tdDate{background-color:#c8e7ff;height:10;text-align:center}.ad {text-align:center; font-size:8pt; font-family:돋움;line-height:1.2}.lg {margin-bottom:20px;}.title{font-size:15px;color:#203c76;font-weight:bold;margin-bottom:20px;}a,img {border:0; outline:none; selector-dummy:expression(this.hideFocus=true);}body,td,select,input,div,form,textarea,center,option,pre,blockquote {font-size:9pt; line-height:1.6; font-family:돋움;}table{border:0px;}r {display:none;}    제목 : '부산모터쇼' 자율주행 전기 콘셉트카 '아우디 일레인' [포토]"
205,1,"2018-06-06","22:13:12","[PRNewswire] AECOM and Super 78's Mushroom VR to develop virtual reality","[PRNewswire] AECOM and Super 78's Mushroom VR to develop virtual reality   technologies    -- The strategic collaboration will transform the theme entertainment industry's approach to the visualization and design processes    (HONG KONG, June 6, 2018 PRNewswire=연합뉴스) AECOM, a premier, fully integrated global infrastructure firm, announced today that it has signed a Memorandum of Understanding (MOU) with Mushroom VR™, a wholly-owned unit of Super 78, a leading theme park entertainment design and media studio, to develop a collaborative platform that intends to transform theme park visualization and design processes. The two companies' shared vision is to facilitate the bringing to life of groundbreaking, innovative ideas, with enhanced quality and effectiveness for project decision making.    The MOU reflects AECOM's contribution of its integrated project management services for the themed entertainment industry, which were launched in 2017. This suite of holistic services is aimed squarely at Asia's rapidly growing theme park sector, building upon AECOM's expertise in project and cost management, architecture, engineering and landscape design, which are all mission-critical expertise for clients desiring new and market-leading concepts and/or who may be new to the complex tasks of planning, designing, building and operating a large-scale, capital-intensive theme park.    The agreement also reflects Mushroom VR™ by Super 78's industry-leading entertainment offerings, particularly, the next-generation immersive technology benefits presented by the Mushroom VR™ Collaboration Studio. This is a unique, immersive, enterprise, virtual reality tool aimed at enabling participants in the creative process to imagine and design together. Drawing on the complementary specializations of both parties, it will deliver groundbreaking visualization experiences that will enable design and planning teams to more efficiently conceptualize, plan, review and approve projects from anywhere in the world. The tool will premiere to select customers during the third quarter of 2018.    ""Through this collaboration, AECOM is bringing together our complete and exceptional array of proprietary, integrated program management services for large-investment theme park projects in Asia with the unique technology of Super 78,"" said Chris Yoshii, Vice President, Asia Pacific and Global Director of Economics, AECOM. ""We will be offering an incredibly robust and flexible programme of benefits to support both new ideas and new developers.""    ""Super 78 has been designing and developing media-based attractions for theme parks, museums, and all kinds of special venues for almost two decades, for clients around the world. Because we are both story tellers and media creators, part of our mission is to find and invent new technologies to make the development process as collaborative and as streamlined as possible. We're excited about the potential that a new collaboration with AECOM may present, particularly with their extensive experience across key growth markets in China, South and Southeast Asia,"" said Brent Young, President and Creative Director for Super 78.    AECOM and Super 78 will premiere a beta test of the Mushroom VR™ Collaboration Studio immersive virtual reality tool at the AECOM booth (#1302) during the Asian Attractions Expo at the Hong Kong Convention Centre, from 6 - 8 June, 2018.    About AECOM   AECOM is built to deliver a better world. We design, build, finance and operate infrastructure assets for governments, businesses and organizations in more than 150 countries. As a fully integrated firm, we connect knowledge and experience across our global network of experts to help clients solve their most complex challenges. From high-performance buildings and infrastructure, to resilient communities and environments, to stable and secure nations, our work is transformative, differentiated and vital. A Fortune 500 firm, AECOM had revenue of approximately $18.2 billion during fiscal year 2017. See how we deliver what others can only imagine at aecom.com and @AECOM [https://twitter.com/AECOM ].    About Super 78   Super 78 is a group of award winning artists and technicians who deliver entertaining and educational stories across all platforms. With 20 years of experience, the award winning creative, production and special venue company extends well-known brands and intellectual properties into special venues and the experiential marketplace.    With offices in Los Angeles and partners worldwide, Super 78 continues to expand by creating, producing and owning live action, animated and graphic content for the global market. Super 78 has earned recognition and numerous accolades including Emmy, THEA, Visual Effects Society, Telly and Create Nominations and Awards. Visit super78.com and mushroomvr.com    Media Contact:    David Nugent   +65-8385-7279   David.Nugent@aecom.com    Logo - https://photos.prnasia.com/prnh/20170518/1855385-1LOGO    Source: AECOM    [편집자 주] 본고는 자료 제공사에서 제공한 것으로, 연합뉴스는 내용에 대해 어떠한 편집도 하지 않았음을 밝혀 드립니다.   (끝)    <긴급속보 SMS 신청> <포토 매거진> < M-SPORTS >   <저작권자(c) 연합뉴스, 무단 전재-재배포 금지>"
205,2,"2018-06-06","22:12:54","[PRNewswire] 하이신, 'See the Incredible Tour' 캠페인 진행","[PRNewswire] 하이신, 'See the Incredible Tour' 캠페인 진행   -- 팬과 함께 러시아까지 달려   (칭다오, 중국 2018년 6월 5일 PRNewswire=연합뉴스) 2018 FIFA 월드컵의 공식 후원업체이자 공식 텔레비전 브랜드인 하이신(Hisense)은오늘, 월드컵으로 가는 여행을 시작하면서, 유럽 전역의 축구팬을 대상으로 'See the Incredible Tour' 콘텐츠를 제공하기로 했다고 발표했다. 자랑스러운 후원사인 하이신은 전 세계 팬이 월드컵 전 기간에 걸쳐 ‘멋진’ FIFA 월드컵 영상 콘텐츠와 이야기를 보고 온라인으로 참여하는 독특한 기회를 제공할 예정이다.   이달 14일 스페인에서 시작해 프랑스, 잉글랜드, 독일을 거쳐 러시아까지 이동하는 이 여정에서, 하이신과 Lloyd Griffith(코미디언이자열정적인 골키퍼)는 페이스북 라이브 쇼, 인스타그램, 트위터 및 유튜브 같은 소셜 미디어를 이용해 FIFA 월드컵 기간에 ‘멋진’ 나라, 사람 및 순간을 소개할 예정이다.   루이스 피구, 로베르 피레, 마이클 오웬, 베네딕트 회베데스 및 마르셀 데사이 같은 전설적인 월드컵 선수를 비롯해 각국의 소셜 미디어영향력 인사와 프리스타일러들과 함께 하는 하이신은 모든 관계자의 채널을 통해 증폭되는 FIFA 월드컵의 열기를 추적하면서 하나의 사회 운동을 구축하고, 재미있고 ‘멋진’ 영상 콘텐츠를 지속해서 보여줄 예정이다. 또한, 해시태그 #sharetheincredible을 이용해 전 세계 팬이 조국을 응원하는 ‘멋진’ 개인적인 순간을 공유하도록 장려할 계획이다. 이 해시태그와 @HisenseSports 태그를 이용하는 팬에게는 ‘멋진’ 하이신 4K HDR ULED TV, 2018 FIFA 월드컵 기념품 또는 FIFA 월드컵 결승전 티켓 등을 경품으로 제공한다.   완전 브랜드화되고 다양한 제품을 구비한 하이신 투어 버스는 조별 경기 기간에 유럽을 통과하고, 승자 진출 경기와 FIFA 월드컵 결승전기간에는 러시아를 이동할 예정이다. 이동 중에는 소셜 미디어를 통해 현장 활동에서 'incredible' 캠페인을 세계에 홍보하는 특별 손님도맞이할 예정이다.   하이신은 세계 굴지의 소비자 가전제품 및 기기 제조업체이며, 본사는 중국 칭다오에 있다. 하이신은 월드컵을 후원하는 중국 최초의 소비자가전 브랜드다. 하이신은 이 파트너십을 통해 'See the Incredible Tour' 같은 국제 마케팅 활동을 이용할 예정이다. 그 목적은 팬의 참여를 촉진하고, 이동 중에 팬에게 자사의 4K HDR ULED 텔레비전을 통해 더욱 생생한 경기 장면을 보여주는 것이다.   Lloyd Griffith는 “하이신의 'See the Incredible Tour'에 참여하게 된 것은 매우 기쁜 일”이라며 “엄청난 축구팬인 나로서는 월드컵참가야말로, Grimsby Town 대 Forest Green 경기와 같이 내 인생에서 가장 엄청난 순간”이라고 밝혔다. 이어 그는 “다른 팬을 만나 이들이들려주는 멋진 FIFA 월드컵 이야기와 순간을 들을 예정이며, 그 과정에서 굉장히 재미있는 시간도 보낼 것”이라면서 “잉글랜드 대표팀에 들지는 못했지만, 하이신과 함께 러시아로 가는 버스를 타게 돼 하늘을 날 것 같은 기분이다. 스페인어, 프랑스어, 독일어, 그리고 그 외에 러시아어도 연습을 시작할 것”이라고 덧붙였다.   하이신의 2018 FIFA 월드컵 후원은 매우 중요한 스포츠 마케팅 행사 파트너십이다. 자사 브랜드 인지도를 확장하는 하이신의 경우, 스포츠 마케팅이 전 세계적으로 하이신 브랜드를 개선하는 데 대단히 중요한 역할을 하고 있다.   하이신의 See the Incredible 캠페인에 대한 추가 정보는 seetheincredible.com을 참조한다.   하이신 소개  1969년에 설립된 하이신은 해외 지사가 18개에 달하는 세계 최대의 소비자가전 제품 및 기기 제조업체 중 하나다. 하이신은 스마트 TV,스마트폰, 냉장고, 냉동고 및 에어컨 등 기술 중심의 혁신적인 제품 라인을 세계 곳곳에서 제조 및 판매하고 있다.   사진 - https://photos.prnasia.com/prnh/20180605/2151813-1  하이신의 See the Incredible Tour 캠페인    출처: 하이신(Hisense)    [편집자 주] 본고는 자료 제공사에서 제공한 것으로, 연합뉴스는 내용에 대해 어떠한 편집도 하지 않았음을 밝혀 드립니다.   (끝)    <긴급속보 SMS 신청> <포토 매거진> < M-SPORTS >   <저작권자(c) 연합뉴스, 무단 전재-재배포 금지>"
205,3,"2018-06-06","22:12:37","[PRNewswire] 메리터스 호텔 앤 리조트, Travel Prologue와 제휴","[PRNewswire] 메리터스 호텔 앤 리조트, Travel Prologue와 제휴   -- 새로운 도매 유통 서비스 출시   (싱가포르 2018년 6월 5일 PRNewswire=연합뉴스) 메리터스 호텔 앤 리조트와 Travel Prologue가 전통적으로 오프라인에서 사업하는 계약업자(여행사와 도매업체부터 기업 여행 중개업체까지)에 변동 및 고정 요금을 비롯해 호텔 객실 가용성에 대한 실시간 데이터를 제공하는 새로운 기술 플랫폼을 위해 협력하기로 했다고 발표했다.   수상 이력을 자랑하는 아시아의 환대 브랜드인 메리터스 호텔 앤 리조트는 자사의 대표 호텔인 만다린 오차드 싱가포르를 관리한다. 만다린 오차드 싱가포르는 2010년 연례 TTG Annual Travel Awards에서, 그리고 2013~2017년 연속 싱가포르 최고의 도시 호텔로 선정됐을 뿐만 아니라, Travel Weekly Asia Readers' Choice Award 2017에서 아시아태평양 최고의 고급 호텔로 선정되기도 했다. 또한, 메리터스의 포트폴리오는 마리나 만다린 싱가포르와 메리터스 펠랑기 비치 리조트 앤 스파 랑카위도 포함한다.   메리터스 호텔 앤 리조트의 판매 및 수익 전략 부문 지역 부사장 Adrian Tan은 “전략적 입지를 기반으로 하는 자사 호텔은 싱가포르와말레이시아를 찾는 여행객에게 최고의 숙박 선택권을 제공한다”라고 말했다.   이어 그는 “이번에 새로운 도매 유통 플랫폼을 출시함으로써 자사의 유통 채널 관리 효율성을 높이는 한편, 오프라인 계약업체와의 파트너십을 개선하기 위해 지속적인 추진 과정에서 하나의 이정표가 마련됐다”라면서 “그 결과, 호텔 수익 최대화를 위해 더욱 견고한 기반 수요를 구축하는 것은 물론, 전반적인 총수익도 늘릴 수 있게 됐다”라고 설명했다.   전통적인 오프라인 여행 파트너를 더욱 효과적으로 참여시킴으로써 총수익 증대    호텔과 호텔의 전통적인 여행사 및 도매업체는 Travel Prologues의 Trip Affiliates Network (“TA Network”) 호텔 플랫폼 솔루션을 통해 서로 간의 직접적인 사업량을 늘리고자 더욱 효과적으로 협력할 수 있게 됐다. 특히 호텔은 오프라인 여행 유통 파트너를 이용함으로써,통상 온라인 여행사에서만 제공하던 온라인 전술이나 홍보 요금을 판매할 수 있게 됐다.   그뿐만 아니라 호텔은 위치나 시간대와 관계없이 이들 파트너와 더욱 다양한 유통 네트워크를 확장하고 발전시킴으로써, 실시간 연결성을 기반으로 하는 더욱 효과적이고 의미 있는 채널을 구축할 수 있게 됐다.   재고 관리 과정 자동화를 통해 효율성과 생산성 증대    호텔과 연계된 전통적인 도매 대행사의 계약 및 예약 과정에서, 기존에는 호텔과 대행사 모두 수작업으로 예약 장부를 업데이트하고, 예약을 확인해야 했다.   TA Network 플랫폼의 목적은 호텔과 도매 대행사들이 채택한 기술 솔루션을 이용해 이들 간의 직접적인 연결성을 촉진하고, 재고 관리 과정을 자동화하는 것이다. 그에 따라 호텔과 여행사는 수작업으로 호텔 계약을 관리하는 과정에서 발생하는 인적 오류를 없앨 뿐만 아니라, 더욱 생산적인 일에 직원을 배치할 수 있는 더 좋은 입지를 확보할 수 있게 됐다.   Travel Prologue 전무이사 Ho Siang Twang은 “자사의 호텔 고객은 더 높은 총수익, 효율성 및 생산성을 누릴 뿐만 아니라, 유통 채널에대한 더 큰 제어력도 확보함으로써, 특히 성수기 여행철에 객실 초과 예약을 줄일 수 있을 것으로 예상된다”라며 “또한, 그 과정에서 고객을 위한 예약 경험도 크게 개선할 수 있을 것으로 기대된다”라고 설명했다.   Travel Prologue는 여행 파트너가 온라인 콘텐츠 협력을 개선하고, 재고를 더 광범위한 관중에 역동적으로 유통할 수 있도록 지원하는 데 중점을 둔 여행 기술 및 서비스 공급업체다.   메리터스 호텔 앤 리조트에 관한 추가 정보는 www.meritushotels.com을 참조한다.   출처: 메리터스 호텔 앤 리조트(Meritus Hotels & Resorts)    [편집자 주] 본고는 자료 제공사에서 제공한 것으로, 연합뉴스는 내용에 대해 어떠한 편집도 하지 않았음을 밝혀 드립니다.   (끝)    <긴급속보 SMS 신청> <포토 매거진> < M-SPORTS >   <저작권자(c) 연합뉴스, 무단 전재-재배포 금지>"
205,4,"2018-06-06","22:10:41","CNN ""볼턴, 美·北 회담 무산시키려 고의로 리비아 모델 언급했다""","美·北 정상회담    ""美에 불리한 협상이라 생각""  블룸버그 ""美·北 정상회담에 폼페이오·볼턴·켈리 참석할 듯""      [ 오춘호 기자 ] 대북 강경파인 존 볼턴 백악관 국가안보보좌관이 비핵화 방식으로 리비아 모델을 언급한 것은 미·북 정상회담을 무산시키려는 고의적 의도에서 비롯된 것이었다고 CNN방송이 복수의 소식통을 인용해 5일(현지시간) 보도했다.  CNN은 “볼턴 보좌관은 미·북 대화의 전 과정을 백지화하려 했다”며 “미국에 유리한 방향으로 대화가 끝나지 않을 것이라고 느꼈기 때문”이라고 했다. 이어 “(이 같은 시도는) 도널드 트럼프 대통령뿐만 아니라 마이크 폼페이오 국무장관을 분노케 했다”며 “볼턴은 적어도 현시점에선 (회담 준비) 과정과 북한 이슈에서 제외돼 있다”고 덧붙였다.  볼턴 보좌관은 지난 4월29일 폭스뉴스, CBS방송 등과의 인터뷰에서 북한 비핵화 방식을 설명하며 “리비아 모델을 염두에 두고 있다”며 ‘선(先) 핵폐기-후(後) 보상’을 거론했다. 그러자 북한은 리비아 카다피 국가원수가 비핵화 합의 뒤 비참한 최후를 맞은 점 등을 이유로 강하게 반발했다. 북한은 볼턴 보좌관과 마이크 펜스 부통령의 잇따른 리비아 모델 거론을 비난하는 담화를 발표했고, 한때 트럼프 대통령이 미·북 회담 취소를 발표하는 상황으로까지 이어졌다.  블룸버그통신은 이날 싱가포르 미·북 정상회담에 참석할 미국 대표단이 트럼프 대통령 외에 폼페이오 국무장관과 볼턴 보좌관, 존 켈리 비서실장으로 짜일 것이라고 보도했다. 펜스 부통령과 제임스 매티스 국방장관은참석하지 않을 것으로 보인다고 전했다. 블룸버그는 이어 정상회담이 13일까지 하루 연장될 수 있지만 최악의 경우 트럼프 대통령이 불과 몇분 만에 대화를 종료하고 회담장을 떠날 수 있다고 보도했다.  오춘호 선임기자 ohchoon@hankyung.com     관련기사 "" 젊은 직장인들 모인다""…강북 도심 부활한 이유가 '평화의 섬'에서 美·北 비핵화 담판… 트럼프 ""매우 중요한 며칠 될 것"" 계속되는 주한미군 철수설에…美 국방장관 결국 열흘 째 … 美·北 회담의 '美'자도 꺼내지 않는 北언론, 왜? 남편에게 돈 벌어 오랬더니 하는 말이…아내 속앓이    ⓒ 한국경제 & hankyung.com, 무단전재 및 재배포 금지"
205,5,"2018-06-06","22:10:39","유로존 문제 계기로 글로벌 증시 약세장으로 전환될 것 - Gavekal","Gavekal Research는 ""글로벌 증시 약세장이 임박했으며, 그 계기는 유로존에서 나타날 것이다""고 분석했다.   ""글로벌 증시는 약세장으로 전환할 리스크가 점차 커지고 있다. MSCI 미국 제외 선진국 지수는 지난 3개월간 1% 하락하면서, 동기간 1% 상승한 미국 증시(S&P 500 지수) 대비 underperform하고 있다. 미국 국채도 동기간 0.5% 상승하는 모습을 보였다""고 언급했다.   ""또한 글로벌 전반적으로는 투자자들의 리스크 선호 성향이 약화된 것을 확인할 수 있다. 약세장으로의 전환이 임박한 것이다. '16~'17년 나타났던 투자자들에게 우호적인 금융 시장 여건은 반복되지 않을 것이다""고 보았다.   ""약세장으로 전환되는 계기는 미국이 아니라 타 국가에서 나타날 전망이다. 특히 유로존에서 발생할 가능성이 가장 높다. 지난 20년간 유로존 체계는 남유럽 경제에는 부정적 영향을 미쳐왔으며, 남유럽 국가들은 더 이상 유로존 체계를 반기지 않기 때문이다""고 지적했다.  동사는 ""이러한 전망에서, 효과적인 자산으로는 퀄리티가 높은 아시아 채권들을 꼽을 수 있다. 증시 투자에서는 지정학적 이슈 등을 반영한선별적 투자가 필요하다""고 발언했다."
205,6,"2018-06-06","22:10:11","미 무역적자, 두달 연속 감소…대중 상품수지 적자는 확대","미 무역적자, 두달 연속 감소…대중 상품수지 적자는 확대   (뉴욕=연합뉴스) 이귀원 특파원 = 도널드 트럼프 미국 대통령이 관세 폭탄을 휘두르며 무역적자 해소를 위해 총력전을 펼치고 있는 가운데 미국의 무역적자가 2개월 연속 감소세를 나타냈다.  미 상무부는 지난 4월 상품ㆍ서비스 무역적자가 전달(472억 달러)보다 10억 달러 줄어든 462억 달러(약 49조4천802억 원)를 기록했다고 6일(현지시간) 밝혔다.  이는 지난 9월 이후 가장 적은 적자폭이다. 수출은 0.3% 증가해 2천112억 달러를 기록했고, 수입은 0.2% 줄어 2천574억 달러로 집계됐다.  상품수지는 683억 달러의 적자를, 관광을 비롯한 서비스 수지는 221억 달러의 흑자를 각각 나타냈다.  트럼프 행정부가 대중 무역적자를 줄이기 위해 무역전쟁을 불사하고 있지만, 대중 상품수지 적자는 8.1% 늘어난 280억 달러로 집계됐다. 멕시코와의 적자 규모는 29.8% 줄어든 57억 달러를 기록했다.  그러나 올해 1월부터 4월까지 총 무역적자는 작년 같은 기간에 비해 11.5% 늘어난 2천18억 달러를 기록하고 있다.  미 상무부는 지난 3월 무역적자 규모를 당초 490억 달러에서 472억 달러로 수정했다.     lkw777@yna.co.kr   (끝)    <긴급속보 SMS 신청> <포토 매거진> < M-SPORTS >   <저작권자(c) 연합뉴스, 무단 전재-재배포 금지>"
205,7,"2018-06-06","22:09:00","박세은, '무용계 아카데미상' 수상…도종환 장관 축전","[서울=뉴스핌] 황수정 기자 = 문화체육관광부 도종환 장관이 6일 무용계 아카데미상으로 통하는 '브누아 드 라 당스' 최고 여성무용수상을 수상한 발레리나 박세은에게 축하와 감사의 뜻을 전했다.   무용계 아카데미상 '브누아 드 라 당스' 최고무용수상을 수상한 발레리나 박세은 [사진=공연기획 MCT]  도종환 장관은 축전에서 ""이번 수상은 발레리나 강수진(1999), 김주원(2006), 발레리노 김기민(2016)에 이은 4번째 수상으로 대한민국 발레의 탁월한 예술성을 전 세계에 알리고 우리 무용계의 발전에도 크게 기여했다""며 ""앞으로 우리 국민과 세계인들에게 최고의 발레리나로 사랑받으며 오래 기억되기를 바란다""고 말했다.  박세은은 현재 프랑스 파리오페라발레 제1무용수(premiere danseuse)로서, 2006년 미국 잭슨 콩쿠르(IBC) 금상 없는 은상, 2007 년 로잔 콩쿠르 입상, 2010년 불가리아 바르나 콩쿠르 금상 등 다수의 국제대회에서 수상한 경력이 있다.  박세은은 조지 발란신의 안무작 '보석' 3부작 중 '다이아몬드' 주역 연기로 '브누아 드 라 당스' 상을 수상하는 영광을 안았다.  '브누아 드 라 당스'(Benois de la Danse)는 1991년 국제무용협회 러시아본부가 발레 개혁자 장 조르주 노베르(1727~1810)를 기리기 위해 만든 상이다. 우리말로 '춤의 영예'란 뜻이다.  ▶ 마누라 몰래 세컨드 통장만들기  ▶ 옆집 누나 매일 차 바꿔타는 이유?     hsj1211@newspim.com '서울오페라페스티벌 2018'서 다양한 공연 만난다…""오페라의 대중화"" 댄스씨어터 '죽고 싶지않아', 15일 개막…""청소년들에게 생의 기운을"" 정경화, 내달 3일 바이올린 리사이틀 개최      ▶ 500만원으로 3억만들기 50번째 주인공 탄생! [확인]  퇴직금 100만원으로 ""이것""해 35억 번 중년男 김모씨 화제!  / 최저금리 맞춤서비스 진행중 / 10분이면 4배자금가능 / 24시간 친절상담센터 1522-3233 / 씽크풀  ★세력 입성 전, 집중공략! 20인의 전문가가 만장일치한 급등 유력株 ""오늘""만 전격공개!"
206,1,"2018-06-06","21:40:24","'평화의 섬'에서 美·北 비핵화 담판… 트럼프 ""매우 중요한 며칠 될 것""","美·北 정상회담     카펠라호텔 최종 낙점 이유는     본토와 떨어져 경호·보안 유리   섬 스토리, 회담 주제와도 부합   싱가포르, 특별행사구역 지정    美·北 정상 '햄버거 협상' 관심   해안 산책 등 이벤트 가능성도     [ 정인설 기자 ]  싱가포르 센토사섬에 있는 카펠라호텔이 미·북 정상회담 장소로 최종 낙점된 이유는 크게 두 가지다. 역사적측면과 지리적 관점에서 경쟁을 벌인 샹그릴라호텔이나 마리나베이샌즈호텔보다 높은 점수를 받은 것으로 알려졌다. 도널드 트럼프 대통령과김정은 북한 국무위원장은 이곳에서 12일 오전 9시(한국시간 오전 10시) 상견례를 시작으로 세기의 핵담판을 벌일 예정이다.  ◆경호·보안 유지 위한 최적의 입지  6일 영국 일간 가디언 등 외신들은 센토사섬의 스토리가 역사적 핵담판장소로 선정된 결정적 이유라고 전했다. 평화적인 비핵화 합의를 이끌어내려는 이번 회담 주제가 ‘죽음의 섬’에서 ‘평화의 섬’으로 바뀐 센토사 역사와 맞아떨어지기 때문이라는 분석이다.  센토사는 말레이어로 ‘평화와 고요’란 뜻이다. 하지만 원래 이름은 ‘죽음 뒤의 섬’을 뜻하는 ‘풀라우 벨라캉 마티(Pulau Belakang Mati)’였다. 회담 결과에 따라 센토사는 1989년 미국과 옛 소련 정상이 냉전 종식을 선언한 장소인 몰타처럼 평화의 현장이 될 가능성이 있다.  회담 장소로센토사가 선택된 또 다른 결정적 이유는 입지다. 4.71㎢ 면적의 연륙도인 센토사는 싱가포르 본토와 700여m 길이의 다리와 케이블카, 모노레일로 연결돼 있다. 이들 길목만 막으면 외부 접근은 물론 각종 테러 위험을 효과적으로 차단할 수 있다.  회담장인 카펠라호텔도보안 측면에서 좋은 평가를 받았다. 주변보다 높은 곳에 자리잡고 주변에 수풀이 우거져 외부에 거의 노출이 안 된다. 게다가 본관으로 들어오려면 250m 길이의 구불구불한 진입로를 거쳐 언덕 꼭대기까지 올라가야 한다. 싱가포르 정부는 바다쪽에서 카펠라호텔로 접근하는 것을 막기 위해 10~14일 센토사섬뿐 아니라 인근 해역까지 ‘특별행사구역’으로 지정했다.  ◆트럼프 “협상 잘되고 있어”  트럼프 대통령은 5일(현지시간) 백악관 집무실에서 기자들에게 “북한과의 협상은 매우 잘 되고있다”며 “매우 중요한 며칠이 될 것”이라고 말했다. 전문가 사이에서 ‘매우 중요한 며칠’이 무엇을 의미하는지를 두고 의견이 분분하다. 회담 기간 연장을 염두에 둔 것인지, 회담 전후를 아우르는 표현인지가 불분명하다는 것이다. 일각에서는 종전선언까지 염두에 둔 것 아니냐는 관측도 나오고 있다.  미국은 연내 핵무기와 핵물질을 반출한 뒤 생화학무기와 탄도미사일의 순차적인 폐기를 원하는 반면 북한은 핵폐기 속도를 조절하면서 체제 보장과 경제적 지원을 요구하는 것으로 전해졌다. 양측이 비핵화 로드맵에 최종 합의할지는 여전히 불확실한 상황이다.  트럼프 대통령과 김정은은 이날 오전 9시 상견례를 시작으로 단독과 확대, 오찬회담 등으로 이어지는 숨가쁜 협상 일정을 보낼 것으로 예상된다. 트럼프 대통령 말대로 미·북 정상 간 햄버거 회동이 있을지도 주목된다. 바다를 배경으로 남북한 정상의 4월27일 판문점 도보 다리 회담, 북·중 정상의 중국 다롄(大連) 회동 당시의 해안 산책을 잇는 인상적장면이 연출될지도 관심이다.  카펠라호텔과 회담 장소로 경합했던 샹그릴라호텔은 트럼프 대통령의 숙소로 거론된다. 김정은은 마리나베이 인근 풀러턴호텔이나 샹그릴라호텔과 가까운 세인트리지스호텔에 묵을 가능성이 제기되고 있다.  정인설 기자 surisuri@hankyung.com    관련기사 ""젊은 직장인들 모인다""…강북 도심 부활한 이유가 계속되는 주한미군 철수설에…美 국방장관 결국 열흘 째 … 美·北 회담의 '美'자도 꺼내지 않는 北언론, 왜? 남편에게 돈 벌어 오랬더니 하는 말이…아내속앓이 CNN ""볼턴, 美·北 회담무산시키려 고의로 리비아 모델 언급했다""    ⓒ 한국경제 & hankyung.com, 무단전재 및 재배포 금지"
206,2,"2018-06-06","21:39:31","베트남 정부, 알리페이 등 중국 모바일 결제 금지","베트남 정부가 자국 내에서 알리페이와 위챗페이 등 중국 모바일 결제를 전면 금지해 중국이 반발하고 있다고 홍콩 봉황망이 6일 보도했다.  베트남 관광청에 따르면 지난해 약 400만 명의 중국인 관광객이 베트남을 찾았으며, 올해 1∼4월에는 180만 명의 중국인이 방문해 전체 외국인 관광객의 32%를 차지했다.   갈수록 늘어나는 중국인 관광객의 편의를 위해 베트남 정부는 중국 국민이라면 너나 할 것 없이 사용하는 알리페이와 위챗페이 결제를 일부허용했다.   그런데 최근 베트남 동북부 도시인 하롱 시에서 20만 위안(약 3340만원)이 중국에 등록된 단말기로 결제됐지만, 베트남 현지 은행이나 결제중개기관은 전혀 거치지 않은 사실이 발견했다.   중국인이 운영하는 일부 상점이 베트남 정부의 허가 없이 중국 모바일 결제를 들여와 서비스를 제공하면서, 베트남 정부가 파악하지 못하는거래가 발생한 것이다.   이에 따라 베트남 정부는 알리페이와 위챗페이의 사용을 전격적으로 금지했다.   베트남 정부는 ""베트남 법체계와 관리의 허점을 악용해 현지 금융기관을 전혀 거치지 않은 거액의 돈이 중국으로 빠져나가고 있다""며 ""중간에서 거래를 파악하지 못해 세수가 유출되고 있다""고 주장했다.    [디지털뉴스국]      ☞ 조용히 사서 묻어놔라! 6月 정말 큰돈 된다! ☞ 세계최초 항암제 개발! 신라젠 놓쳤다면, 이 종목 잡아라!! ☞ 세계 최초 신약! 1,500% 신라젠 능가할 단돈 4천원대 Bio 황제주!!! ☞ 6月 반드시 주목해야될 Best 바이오 종목!!      [ⓒ 매일경제 & mk.co.kr, 무단전재 및 재배포 금지]"
206,3,"2018-06-06","21:37:12","北매체, 북미 정상회담 장소 확정에도 침묵","북미회담 성과 신중론·동선 비공개 목적 풀이    [아시아경제 이설 기자] 미국 백악관이 5일(현지시간) 북·미 정상회담의 일시와 장소를 확정했지만 북한 매체는 6일 오후까지 관련 보도를내놓지 않고 있다.   북한 대내외 매체들은 이날까지 김영철 당 부위원장 겸 통일전선부장의 뉴욕, 워싱턴 일정뿐만 아니라 김창선 국무위원회 부장이 이끄는 싱가포르 협상, 최선희 외무성 부상이 참석 중인 판문점 협상에 대해서도 언급하지 않았다.   다만 앞서 김계관 외무성 제1부상의 지난달 25일 담화, 5·26 남북정상회담 개최 소식을 알리는 기사 등을 통해 북·미정상회담이 예정돼 있음을 주민들에게 알린 바 있다.    북한 매체가 구체적인 장소를 언급하지 않는 것은 최고지도자의 동선을 비공개로 해 온 관례에 따른 것이란 관측이 있다. 아울러 오는 12일 예정된 북·미 정상회담 성과를 예측하기 어려워 신중을 기하고 있다는 분석도 나온다. 이에 북·미 정상회담이 끝날 때까지 함구할 가능성도 적지 않다.   하지만 김 부위원장이 방미 후 도널드 트럼프 대통령이 북·미 정상회담의 일정을 공식 발표하는 등 적지 않은 성과가 있었기 때문에이후 방미 성과를 보고받는 식의 대대적인 선전이 있을 수 있다. 앞서 김여정 당 제1부부장, 김영남 최고인민회의 상임위원장 등 고위급대표단이 지난 2월 방남 했을 때는 귀환한 지 이틀 만에 북한 매체의 보도가 나왔다. 이 때 김 위원장은 대표단으로부터 보고를 받고 ""남측의 성의가 인상적""이라며 대표단과 기념사진을 찍는 모습을 연출하기도 했다.   한편 북·미 정상회담 의전 실무협상은 마무리 된 것으로 전해졌다. 김창선 국무위원회 부장은 지난달 28일부터 싱가포르에서 진행한 의전 관련 협상을 끝내고 6일 중국 베이징에 도착했다. 일본 교도통신은 김 부장이 베이징에 하루 머물며 중국 측과 의전 문제를 협의한 뒤 평양으로 돌아갈 것이라고 보도했다. 성 김 필리핀 주재 미국대사와 최선희 북한 외무성 부상은 이날 오전 10시부터 다섯 시간 가까이 판문점 북측 지역 통일각에서 막바지 의제 조율을 한 것으로 알려졌다.     ●남북경협株 선취매 all 포착.. 실적 기반 차기 주도주 '바로' 이종목! (클릭) ●'부자네스탁론' 3년 고정금리 4.15% 100% 집중투자까지 ●'대박스탁론' 3년 고정금리 3.99% 100% 집중투자까지 ●500만원투자 단 6개월만에 3억달성! 원포인트 투자종목 공개  [관련기사]  ☞ 北 김창선, 평양행 위해 베이징 도착..정상회담 준비 마무리  ☞ 美 한국 전문가들 ""북미, 한반도 비핵화에만 집중해야""  ☞ [양낙규의 Defence Club]비무장지대유해 얼마나 되나  ☞ ""원산을 세계적 관광지로""..김정은의구상 통할까  ☞ 백악관 ""북미정상회담 장소 싱가포르카펠라호텔""    퇴직 후 백만원으로 ""35억""번 60대男 화제! 60대 김모씨가 퇴직 후 하게 된""이것""이 35억의 대박을...  터지기 전, 잡아라!! 상반기300%이상 상승이 기대되는 대박 테마주는? 이슈 전 선취매 주식고수들만 안다는 슈퍼 우량 테마주 남들보다 먼저 받아보기    이설 기자 sseol@asiae.co.kr   <ⓒ세계를 보는 창 경제를 보는 눈, 아시아경제(www.asiae.co.kr) 무단전재 배포금지>"
206,4,"2018-06-06","21:32:00","인도 중앙은행, 4년여 만에 기준금리 6.25%로 인상","[이데일리 뉴스속보팀] 인도 중앙은행(RBI)이 4년여 만에 기준금리를 인상했다.  RBI는 6일 통화정책회의를 열고 기준금리를 종전 6.0%에서 6.25%로 0.25%포인트 인상한다고 밝혔다. RBI가 기준금리를 인상한 것은 지난 2014년 1월 이후 처음이다.   이번 기준금리 인상은 국제유가 급등에 따른 인플레이션을 억제하기 위한 조치로 풀이된다. 또 인도 루피화 가치가 올 들어 달러대비 4.7% 하락한 것도 주된 배경으로 거론된다.   미국 연방준비제도가 오는 12일 열리는 연방공개시장위원회(FOMC)에서 기준금리를 연 1.75∼2.00%로 0.25%포인트 인상할 것으로 전망되면서 아르헨티나·인도네시아 등 신흥국들이 잇달아 기준금리를 올리고 있다.  ▶계좌회복프로젝트! 상위 전문가의투자전략 및 추천종목‘[무료확인]’ ▶14년 연속 1위, 대한민국 대표 스탁론 하이스탁론 '    ' ＜ⓒ종합 경제정보 미디어 이데일리 - 무단전재 & 재배포 금지＞   "
206,5,"2018-06-06","21:31:41","*미 1분기 생산성 0.4%↑…월가 0.6%↑ 예상","(끝)  <저작권자(C)연합인포맥스뉴스. 무단 전재-재배포 금지.>"
206,6,"2018-06-06","21:30:39","문재인 대통령 내일 하루 연차…지난 2월 이후 두 번째","[헤럴드경제=이슈섹션] 청와대는 문재인 대통령이 내일 하루 연차휴가를 내고 휴식을 취한다고 밝혔다.  김의겸 대변인은 문 대통령이 한·중·일 정상회담과 한미 회담, 남북 정상회담 등 한반도 정세에 대응하느라 쉴 시간 없이 숨 가쁘게 달려와 연가를 사용하게 됐다고 6일 설명했다.  또 문 대통령은 휴가에도 불구하고 드루킹 댓글 조작 사건의 특별검사 지명은 내일까지 차질없이 할 것이라고 강조했다.    문 대통령은 경남 양산시 자택이 아닌 다른 지방에서 하루 휴가를 보낼 것으로 전해졌다.  문 대통령의 연차휴가는 올해 들어 두번째로, 평창동계올림픽 일정 등을 소화하느라 휴식이 필요하다는 건의에 따라 2월 27일 하루 휴가를 썼다.  onlinenews@heraldcorp.com   [프리미엄 링크] ◆ [평생무료] ""주식카톡방"" 대박주를 추천받는데 100원도 안낸다~ ◆ 무료O, 회원가입X. 바로보는 증권전문가의 실시간라이브방송.  10%수익을 40%로 만들어 준다고?? 영웅스탁론이라면 가능~! [영웅스탁론]효과적인 레버리지를 이용하여 수익률을 4배로!!    이 종목 미리 알았더라면.. 화제의 급등주검색기 실전투자 300%비법 무료체험 3일신청시 [즉시공개!]    김태희, 로또 대박?! 20억 당첨금공개..    테마주!외국인+기관 쌍끌이 매집중인 종목 전문가들도 탐내는 급등주 공식 무료배포! [클릭]    [오늘의 인기기사] ◆ [국대스탁론]업계 최저금리 2.29%! 100%한종목 투자가능+신용/ 미수 대환가능 ◆ [국민스탁론]저렴한 연2.7% 금리로 최대 4배 투자 가능 ◆ [마감임박] '급등주 문자메시지' 100% 무료로 받아보기! ◆ [상한가속출] ""깜짝놀랐다"" 카톡무료체험으로 3000만원 수익달성!  ◆[밴드스탁론] 연 2%대 금리, 신용 미수 대환 가능, 주식자금 전문 ☏ 1899-9044 ◆똑똑해진 소비자..한국도 이젠 소형차 시대 ◆2020년 한국 TV 2대중 1대 인터넷 연결된다"
206,7,"2018-06-06","21:30:31","*美 4월 무역적자 462억달러…월가 487억달러 예상","(끝)  <저작권자(C)연합인포맥스뉴스. 무단 전재-재배포 금지.>"
207,1,"2018-06-06","21:01:02","야놀자가 품은 레저큐, 오프라인서도 만난다","“4남매의 막내로서 형, 누나, 조카들과의 가족여행을 종종 계획했는데 사실 어려움이 많았습니다. 조카들과 함께하고 싶은 체험이 있어도 정가가 얼마인지 알 수 없는데다 프로그램의 내용도 제대로 공개돼 있지 않더라고요. 매번 개별 업체에 전화하거나 홈페이지를 일일이 찾아야한다는 점에 불편함을 느꼈고 결국 레저큐를 창업하게 됐죠.”  지난 2013년 설립된 레저큐는 놀이공원 등 각종 관광지의 입장권에서부터 패러글라이딩 등과 같은 활동의 온라인판매관리솔루션 등을 제공하는 레저·액티비티 플랫폼 업체다. 레저·액티비티를 제공하는 2,000여개 시설사 중 국내 최다인 800개를 확보해 업계 1위로 꼽힌다. 레저큐는 지난 4월 야놀자에 인수·합병(M&A)돼 주목받았다.   문보국(34·사진) 레저큐 대표는 “여행을 할 때 레저·액티비티를 즐기는 비율은 늘고 있는데 여전히 운영시간과 가격 등의 정보가 오프라인으로만 유통되는 것에 문제의식을 느꼈다”며 “여행시장이 커지는 상황에서 이를 디지털로 혁신한다면 승산이 있을 것으로 생각해 창업에 뛰어들게 됐다”고 말했다.  보통 여행을 떠난 이들이 소비하는 것은 교통과 숙박, 음식, 레저·액티비티다. 이 중 교통과 숙박은 이미 디지털화가 된 상태다. 음식은 매력적인 시장이지만 업체의 수가 너무 많아 디지털화가 쉽지 않다. 문 대표가 남은 시장인 레저·액티비티의 디지털화에 나선 이유다.   그는 “현장에서 구매할 수 있는 상품을 모바일화할 때는 여러 인센티브가 필요한데 그중 가장 좋은 것이 가격할인”이라며 “레저·액티비티의 경우 이용객의 수가 늘어난다고 해서 추가 비용이 발생하지 않기 때문에 가격 할인이 쉬운 상품”이라고 강조했다. 예를 들어 원가 조절이 불가능한 음식과 달리 놀이공원의 경우 입장객과 비용이 함께 증가하는 구조가 아닌 만큼 최대한 많은 이들을 모으는 것이 목적이기 때문에 이 같은 가격 할인 정책에 보다 열려있다는 설명이다.  그는 야놀자와의 M&A를 통해 더 큰 시너지를 낼 수 있을 것으로 전망했다. 문 대표는 “이용자 입장에서 숙박과 레저·액티비티는 하나의 여행에서 함께 발생하는 것”이라며 “현재 종합숙박서비스업체로서의 경쟁력을 확보한 야놀자와 레저액티비티업체로서의 경쟁력이 있는 레저큐가 만난다면 좋은 비즈니스 모델을 만들 가능성이 충분하다”고 말했다. 복수의 회사 중 야놀자를 선택한 이유에 대해서는 “단순히 안정적인 수익보다는 2,000여 개의 레저 시설사들을 디지털화해 레저·액티비티시장을 혁신하겠다는 목적을 가지고 회사를 설립했다”며 “여러 곳으로부터 인수 제안을 받았지만 야놀자와 함께 하면 이 목적을 잘 실행할 수 있다고 생각해 야놀자를 선택한 것”이라고 웃어 보였다.   오프라인을 배제하고 온라인에만 집중하는대개의 정보통신(IT) 기업과 달리 야놀자는 오프라인 사업을 병행하고 있다. 레저·액티비티 상품의 구매는 모바일에서 이뤄지지만 상품이 실제로 소비되는 장소는 오프라인 현장이기 때문에 사업을 양쪽에서 해야 한다는 게 야놀자의 전략이다.  레저큐는 오는 가을경 야놀자가 오픈하는 헤이(heyy) 1호점을 ‘오프라인 여행 플랫폼’으로 만들며 신규사업에 본격적으로 나선다. 헤이를 단순히 잠만 자는 공간이 아니라 숙박 고객은 물론 비숙박 고객들에게도 여행에 관련된 정보를 제공하는 ‘오프라인 여행 플랫폼’으로 만들겠다는 계획이다. 문 대표는 “일종의 여행 상담사가 여행객에게 필요한 모든 여행 정보를 제공하고 여행객은 이 정보를 바탕으로 자신에게 맞는 레저·액티비티 상품을 구매할 수 있는 장소가 될 것”이라고 강조했다.  /김연하기자 yeona@sedaily.com    ▶▶ 2018년 정부 정책 수혜주 TOP 10 大공개! (바로 확인)  ▶▶ 재료노출 임박한 상위1%의 극비정보 30명한정 공개(무료)    [ⓒ 서울경제, 무단 전재 및 재배포 금지]"
207,2,"2018-06-06","21:00:30","7월 근로시간 단축… 고속버스 예매 차질","7월 근로시간 단축을 앞두고 버스회사들이 운항 단축과 노선 변경 등을 검토하면서 고속버스 예약도 차질이 불가피할 전망이다.   6일 관련 업계에 따르면 이날 동서울터미널은 7월부터 온라인 예매를 전면 중단한다는 공지를 올렸다가 철회했다. 동서울터미널은 7월 근로시간 단축으로 일부 노선이 조정될 수 있어 예매를 중단한다고 안내했다가 국토부의 연락을 받고 공지를 취소했다.   일부 버스업체들이 근로시간 단축으로 감차나 노선 변경이 불가피해 관할 지방자치단체에 사업계획 변경 신청을 할 예정이다.   국토부는 최근 근로시간 단축과 관련해 탄력근무제를 도입하기로 하면서 지자체에 노선버스의 사업계획 변경 신청을 받아들이지 않은 것으로알려졌다.   고속버스사업조합의 예약시스템에서는 7월 1일 이후 버스 예약이 불가능한 상황이다. 현재 시스템에서 6월 말까지는 노선별 이용 가능한 버스가 조회되지만 7월 1일만 넘어가면 예약정보가 뜨지 않는다.   버스회사들이 아직 노선 시간표를 시스템에 올리지 않아 예매 정보가 만들어지지 않는 것으로 전해졌다.   김범근 기자(nova@etoday.co.kr)   [오늘의 핫클릭]  ☞40억 '이것' 통해 벌었다는 남성 알고보니 개인파산한 개그맨 A씨?  ☞포브스 혁신기업 순위에 '네이버'ㆍ'셀트리온' 등 올라  ☞센토사섬 '카펠라 호텔'은? 상위 1%가꼽은 럭셔리 호텔  ☞유럽연합, 美ㆍ中 관세정책 WTO에 제소  ☞ 美, 北 원산 카지노 투자 기대감 ... 카지노주 급등   ☞'직원 갑질 폭행' 이명희 구속영장 기각법원…한진家 수사 영향은?  ☞[카톡방] 무료 주식 카톡방 신청자수 38만 명 돌파 <업계 최대 카톡방> →카톡방 입장하기!         Copyrightⓒ이투데이, All rights reserved. (무단 전재 및 재배포 금지)   프리미엄 경제신문 이투데이    "
207,3,"2018-06-06","20:58:10","싱가포르 외무장관, 북미 정상회담 앞두고  공식 방북","비비안 발라크리쉬난 싱가포르 외무장관(왼쪽)이 5일(현지시간) 미국 워싱턴DC의국무부 청사에서 마이크 폼페이오 미 국무장관과 인사를 나누고 있다.AP연합뉴스     비비안 발라크리쉬난 싱가포르 외무장관이 이달 12일 싱가포르에서 열리는 북·미 정상회담을 앞두고 북한의 초청으로 7일 평양을 방문할 예정이다.  싱가포르 외무부는 6일 성명을 통해 발라크리쉬난 장관이 리용호 북한 외무상의 초청을 받아 7일부터 8일까지 평양을 공식 방문한다고 밝혔다. 발라크리쉬난 장관은 방북 기간동안 리 외무상을 만나고 김영남 북한 최고인민회의 상임위원장을 예방할 것으로알려졌다.  그는 지난달 14일에 강경화 외교부 장관과 전화 통화로 북·미 정상회담 개최와 관련한 협력 방안을 논의했고,이달 5일(현지시간)에는 미국을 찾아 마이크 폼페이오 미국 국무장관을 만났다.  미 백악관 발표에 의하면 도널드 트럼프 미 대통령과 김정은 북한 국무위원장의 역사적 첫 회동은 현지시간으로 12일 오전 9시(한국시간 오전 10시) 싱가포르 센토사 섬 카펠라 호텔에서 이뤄진다. 싱가포르 정부는 이를 전후해 회담장 상공과 주변 해역의 통행을 제한하고, 곳곳에 검문소를 설치해 철통 보안을 펼칠 계획이다..  pjw@fnnews.com 박종원 기자  ▶'모멘텀 집중' 저가에서 매집해둬야 할 상반기 유망주 3선 (지금 확인)   [파이낸셜뉴스 주요뉴스]  → 北 김정은 묵는 호텔 하루 숙박비 '642만원' 누가 지불? → ""선거 알바 클라스가 다르네"".. 선거운동원 '깨방정 댄스' 화제 → ""학원 여교사가 초등생 제자 2명과 성관계"" → 견과류 일주일에 3번이상 먹으면 나타나는 변화 → 국방부에 도착한 두테르테가 가장 먼저본 국산 무기  ▶ <긴급공개> 억대계좌 이종목에서 또 터진다!    ※ 저작권자 ⓒ 파이낸셜뉴스. 무단 전재-재배포 금지 "
207,4,"2018-06-06","20:57:35","인도 중앙은행 4년여만에 금리 인상","(뉴욕=연합인포맥스) 이종혁 특파원 = 인도중앙은행(RBI)은 국제유가 급등에 따  른 물가 상승으로 4년여 만에 처음으로 주요 대출 금리를 인상했다고 월스트리트저널 (WSJ)이 6일 보도했다.      이날 우르지트 파텔 총재가 이끄는 RBI의 통화정책위원회는 6명 위원 만장일치로  환매 금리를 종전 6%에서 6.25%로 높였다. 은행이 금리를 높인 것은 2014년 1월  이  후 처음이다.      인도 증시, 채권, 루피 환율은 큰 변동을 보이지 않았다.      저널이 설문한 11명의 경제학자 중 9명이 금리를 동결할 것으로 전망했으며, 두  명은 인상을 내다봤다.      인도 소비자물가는 4월에 4.58%로 3개월 최고치를 보였으며, 중앙은행의 중기 목  표 4%를 웃돌았다.      인도는 에너지의 80%를 수입하기 때문에 유가 변동에 취약하다.      파텔 총재는 원자재가 상승이 투입 비용 상승 압력으로  작용했다고  설명했다.      그는 ""통화정책 결정의 배경은 물가가 예상보다 빠르게 올랐기 때문""이라며 ""6개  월 연속 4%를 웃돌았다""고 말했다.      중앙은행은 4월에 시작한 회계연도 상반기에 소비자물가 전망폭을 종전 4.7~5.1  %에서 4.8~4.9%로 좁혔으며, 하반기 물가 전망치를 4.4%에서 4.7%로 높였다.      중앙은행은 국내총생산(GDP) 전망치를 7.4%로 내다보면서 경기를 계속 낙관하고  있다. 올해 들어 3월까지 성장률도 7.7%를 기록했다.      캐피털 이코노믹스는 인도 중앙은행이 앞으로 6개월간 최소 한 차례 이상 금리  인상에 나설 것이라며 인상의 이유는 물가 전망 때문이고, 또 세계 금융시장 불안도  이유가 된다고 진단했다.      liberte@yna.co.kr  (끝)  <저작권자(C)연합인포맥스뉴스. 무단 전재-재배포 금지.>"
207,5,"2018-06-06","20:57:34","인도 중앙은행 4년여만에 금리 인상","인도 중앙은행 4년여만에 금리 인상       (뉴욕=연합인포맥스) 이종혁 특파원 = 인도중앙은행(RBI)은 국제유가 급등에 따른 물가 상승으로 4년여 만에 처음으로 주요 대출 금리를인상했다고 월스트리트저널(WSJ)이 6일 보도했다.      이날 우르지트 파텔 총재가 이끄는 RBI의 통화정책위원회는 6명 위원 만장일치로 환매 금리를 종전 6%에서 6.25%로 높였다. 은행이 금리를 높인 것은 2014년 1월 이후 처음이다.      인도 증시, 채권, 루피 환율은 큰 변동을 보이지 않았다.      저널이 설문한 11명의 경제학자 중 9명이 금리를 동결할 것으로 전망했으며, 두 명은 인상을 내다봤다.      인도 소비자물가는 4월에 4.58%로 3개월 최고치를 보였으며, 중앙은행의 중기 목표 4%를 웃돌았다.      인도는 에너지의 80%를 수입하기 때문에 유가 변동에 취약하다.      파텔 총재는 원자재가 상승이 투입 비용 상승 압력으로 작용했다고 설명했다.      그는 ""통화정책 결정의 배경은 물가가 예상보다 빠르게 올랐기 때문""이라며 ""6개월 연속 4%를 웃돌았다""고 말했다.      중앙은행은 4월에 시작한 회계연도 상반기에 소비자물가 전망폭을 종전 4.7~5.1%에서 4.8~4.9%로 좁혔으며, 하반기 물가 전망치를 4.4%에서 4.7%로 높였다.       중앙은행은 국내총생산(GDP) 전망치를 7.4%로 내다보면서 경기를 계속 낙관하고 있다. 올해 들어 3월까지 성장률도 7.7%를 기록했다.      캐피털 이코노믹스는 인도 중앙은행이 앞으로 6개월간 최소 한 차례 이상 금리 인상에 나설 것이라며 인상의 이유는 물가 전망 때문이고, 또 세계 금융시장 불안도 이유가 된다고 진단했다.      liberte@yna.co.kr  (끝)"
207,6,"2018-06-06","20:57:18","문 대통령, 7일 하루 연가 ""한반도 정세 대응 위해 숨가쁘게 달려와""","[뉴스토마토 최한영 기자] 문재인 대통령이 7일 하루 연차 휴가를 사용한다.     김의겸 청와대 대변인은 6일 기자들에게 메시지를 보내 “한중일 정상회담, 한미 정상회담, 남북 정상회담 등 그동안 한반도 정세에 대응하느라 쉴 시간없이 숨가쁘게 달려왔기 때문에 하루 연가를 내신 것” 이라고 설명했다.     김 대변인은 “휴가 장소는 지방이지만 비공개”라며 “양산 자택은 아니다”고 덧붙였다.     휴가와 별개로 내일이 기한인 ‘드루킹 댓글조작사건’ 특별검사 임명은 차질없이 진행될 것으로 보인다. 청와대는 지난 4일 야4당, 3개 교섭단체가 추천한 특검 후보 명단을 접수했으며 특검법에 따라 7일까지 임정혁·허익범 변호사중 1명을 특검으로 임명해야 한다.        문재인 대통령이 6일 국립대전현충원에서 열린 제63회 현충일 추념식에서 추념사를 하고 있다. 사진/뉴시스     최한영 기자 visionchy@etomato.com [관련기사] · 문대통령 ""남북관계 개선시 DMZ 유해발굴"" · 문 대통령, 푸틴과 정상회담…월드컵 기간 러시아 국빈방문할 듯 [최한영 기자의 다른 뉴스] · 북미회담 장소, 센토사섬 카펠라호텔 확정 · ""대한민국은 이웃과 가족들이 평범한 하루 살며 만든 역사"" [이 시각 주요뉴스] · 늘어나는 노인 빈곤…깊어지는 해법 고민 · 일본 열도 뒤집었던 ‘허스토리’, 이들이 관객 뒤집을 차례  -경제전문 멀티미디어 뉴스통신 뉴스토마토 저작권자(c)뉴스토마토통신. 무단전재-재배포 금지-"
207,7,"2018-06-06","20:57:00","[6ㆍ13 현장] 현충일에 몸낮춘 '예비역 대장' 백군기 용인시장 후보. 왜?","[용인=뉴스핌] 이민주 기자=예비역 육군대장 백군기 용인시장 후보(더불어민주당)가 6일 현충일을 오히려 조용하게 보내 화제가 되고 있다.  백 후보측은 ""6일 현충일 하루 동안 로고송을 사용하지 않고, 선거유세팀과 선거운동원도 율동을 하지 않기로 했다""며 ""선거운동에 앞서 순국선열과 호국영령에 대한 감사한 마음을 갖는 것이 더 중요하다""고 밝혔다. 백 후보는 이날 서울 동작동 국립묘지에서 순국선열에게 참배했다.   백군기 용인시장 후보가 6일 현충일을 맞아 서울 동작동 국립묘지에서 순국선열에게 참배하고 있다. <사진=백군기 후보 선거 사무소>     이날 오후 정세균 전 국회의장의 지원유세에서도 백군기 후보는 마이크 연설을 하지 않고, 시민들과 인사를 나누거나 악수를 했다. 정세균 전 의장은 ""백군기 후보는 문재인 정권 창출에 크게 기여했고, 용인시를 누구보다 잘 알고 있다""며 지지를 호소했다.  ▶ 마누라 몰래 세컨드 통장만들기  ▶ 옆집 누나 매일 차 바꿔타는 이유?   백군기(왼쪽) 용인시장 후보가 정세균(가운데)전 국회의장과 함께 경기 용인시 골목 시장에서 상인들과 담소하고 있다. <사진=백군기 후보 선거 사무소>   백군기 후보는 용인에 본부를 둔 육군 제3군 사령부 사령관을 지냈다.       hankook66@newspim.com       ▶ 500만원으로 3억만들기 50번째 주인공 탄생! [확인]  퇴직금 100만원으로 ""이것""해 35억 번 중년男 김모씨 화제!  / 최저금리 맞춤서비스 진행중 / 10분이면 4배자금가능 / 24시간 친절상담센터 1522-3233 / 씽크풀  ★세력 입성 전, 집중공략! 20인의 전문가가 만장일치한 급등 유력株 ""오늘""만 전격공개!"
208,1,"2018-06-06","20:20:00","싱가포르 외교장관, 7~8일 평양 방문","[이데일리 뉴스속보팀] 비비안 발라크리쉬난 싱가포르 외교장관이 오는 7~8일 평양을 방문한다.  6일 AFP통신 보도에 따르면 싱가포르외무부는 발라크리쉬난 장관이 6·12 싱가포르 북·미 정상회담을 앞두고 리용호 북한 외무상의 초청을 받아 7~8일 평양을 공식 방문한다고발표했다.   해당 기간 발라크리쉬난 장관은 리 외무상을 만나고 김영남 북한 최고인민회의 상임위원장을 예방할 것으로 알려졌다. 발라크리쉬난 장관은 지난 4일 강경화 외교부 장관과 전화 통화로 북미정상회담 개최와 관련한 협력 방안을 논의했고, 5일(현지시간)에는 미국국무부를 방문해 마이크 폼페이오 미국 국무장관을 만났다.  북·미 정상회담은 싱가포르 센토사 섬 내 카펠라 호텔에서 12일 오전 9시(한국시간 오전 10시)부터 시작되는 것으로 확정됐다. 싱가포르 정부는 이를 전후해 회담장 상공과 주변 해역의 통행을 제한하고, 곳곳에 검문소를 설치해 철통 보안을 펼칠 계획이다.  ▶계좌회복프로젝트! 상위 전문가의 투자전략 및 추천종목‘[무료확인]’ ▶14년 연속 1위, 대한민국 대표 스탁론 하이스탁론 '    ' ＜ⓒ종합 경제정보 미디어 이데일리 - 무단전재 & 재배포 금지＞   "
208,2,"2018-06-06","20:18:31","'주 52시간' 여파…고속버스 예매중단 속출","[머니투데이 박치현 기자] [동서울터미널 올 7월부터 온라인예매 중단 공지 올렸다가 철회 ]   다음달 근로시간 단축을 앞두고 일부 고속버스터미널이 예매를 중단했다. 혼란이 일자 국토교통부(국토부)가 진화에 나섰다.   6일 운수업계에 따르면 동서울터미널은 오는 7월부터 온라인 예매를 중단한다는 내용의 공지문을 자사 홈페이지에 게재했다가 국토부와 협의를 거쳐 철회했다.   동서울터미널은 KD(경기대원)운송그룹 등 5~6개 업체가 노선변경을 이유로 예매 중지를 요청해 공지를 올린 것으로 알려졌다. 같은 이유로 서울고속버스터미널과 남부터미널 역시 7월 이후 티켓은 예매가 불가능한 상태다.   노선버스운송사업은 법정근로시간의 제한을 받지 않는 26개 '특례업종' 중 하나였지만 지난 2월 근로기준법이 개정되면서 제외됐다. 개정안에서 빠진 21개 업종 중 300인 이상 사업장은 주 52시간 적용이 2019년 7월로 유예됐다. 다만 올 7월부터 기존 법정근로시간(주 68시간)을 따라야 한다.   지난달 31일 정부와 버스운송사업조합연합회, 자동차노동조합연맹은 탄력근로제 도입을 골자로 한 '노선버스 근로시간 단축 연착륙을 위한 노사정 선언문'에 서명했다.   국토부 관계자는 ""탄력근무제를 도입해 노선변경을 피할 수 있는데 동서울터미널이 불필요한 혼란을 야기했다""며 ""6월 중 각 노선변경을 반영한 사업계획변경인가가 승인될 것""이라고 밝혔다.      주식담보대출도 이제 부담없는 금리로 가능(안내: 02-3775-1497)   ▶▶ 2018년! 하반기를 뜨겁게 달굴 ""급등 유력株"" TOP.10 긴급공개 (클릭)   ▶▶ 단독! 정책+수급+실적 3박자를 두루 갖춘 TOP 시크릿 급등 유망주 지금 공개 (클릭)     [파워 인터뷰]      [관련기사] ☞ '김정은 전용기 추락'…고사 지내는 日 우익들 ☞ '58년 개띠'의 은퇴…한국, 車 산업 변화가 시작된다 ☞ [사진]김문수 후보 유세차, 중앙선 넘어 역주행 ☞ '롯데월드타워 등반' 알랭 로베르, 75층서 중단  ☞ 북미 정상회담장소, 왜 '카펠라 호텔'일까?      주식매입자금? 전화 한통화면 당신은 스마트컨슈머!    최저금리로 신용·미수 대환 하는 가장 경제적인 방법 (바로 확인)   ‘개미’말고 ‘슈퍼 투자자’되고 싶다면?...‘이것’만 잘 이용해도 가능해요!       박치현 기자 wittgen@mt.co.kr    <저작권자 ⓒ '돈이 보이는 리얼타임 뉴스' 머니투데이, 무단전재 및 재배포 금지>"
208,3,"2018-06-06","20:18:12","게임빌, 자체 개발 대작 ‘로열블러드’ 해외 출시…대규모 전투 앞세워 인기몰이","@media all and (max-width: 400px) {img{max-width:340;height:auto;}}.dayTBL a:link {font-family: 돋움;font-size: 11px;line-height: 18px;color:#666666;text-decoration: none}.dayTBL a:visited {font-family: 돋움;font-size: 11px;line-height: 18px;color: #666666;text-decoration: none}.dayTBL a:hover {font-family: 돋움;font-size: 11px;line-height: 18px;color: #840000;text-decoration: none}.dayTBL nobr {width:85px; text-overflow:ellipsis; overflow:hidden; cursor:pointer; float:left}.todayBDb {border-bottom: #000000 0.5pt solid}.tblGrp{padding:0; border-spacing:0; border-collapse:collapse; border:0;vertical-align:top;width:279px}.tblGrp td{vertical-align:top}.dayTBL {width:93px; padding:0; border-spacing:0; border-collapse:collapse; vertical-align:top; border:0}.dayTBL td{font-size:12px; font-family:돋움; color:#333333;line-height:18px;padding:0}.divSch1{float:left}.divSch2{float:left}.tdSch{border: #E6E6E6 0.1pt solid;height:75;padding:0}.tdSchToday {border: #000000 1pt solid;height:75;background-color:#fffff0;padding:0}.tdSchTomorrow {border-left:0}.tdSchYesterday {border-right:0}.tdDate{background-color:#c8e7ff;height:10;text-align:center}.ad {text-align:center; font-size:8pt; font-family:돋움;line-height:1.2}.lg {margin-bottom:20px;}.title{font-size:15px;color:#203c76;font-weight:bold;margin-bottom:20px;}a,img {border:0; outline:none; selector-dummy:expression(this.hideFocus=true);}body,td,select,input,div,form,textarea,center,option,pre,blockquote {font-size:9pt; line-height:1.6; font-family:돋움;}table{border:0px;}r {display:none;}    제목 : 게임빌, 자체 개발 대작 ‘로열블러드’ 해외 출시…대규모 전투 앞세워 인기몰이   게임빌의 로열블러드 메인 이미지.  [매일일보 황병준 기자] 게임빌이 자체 개발 대작 MMORPG 로열블러드를 구글 플레이와 애플 앱스토어의 해외 시장에 출시한다.  게임빌은 해외 출시를 앞두고 게임성을 대폭 업그레이드해 ‘전투 성장 밸런스’, ‘플레이 동선 개편’, ‘신규 콘텐츠 추가’, ‘해외 시장 환경에 맞춘 단말기 사양 확대’ 등에 총력을 기울여 왔다.  영어, 프랑스어, 일어, 스페인어 등 각국 언어를 장착했으며, 특히 유저들이 플레이 후 1시간 내 핵심 콘텐츠를 즐길 수 있도록 동선을 개편하고, 성장 체감 상향을 위해 신경을 집중했다. 이 외에도 ‘길드 던전’, ‘외형 장비 시스템’ 등 다양한 신규 콘텐츠도 추가했다.  게임 내 핵심 콘텐츠로 꼽히는 ‘대규모 RvR(진영전)’이 해외 시장에서 어느 정도의 호응을 얻을지도 관심이 쏠린다. 모바일 기기에서 MMORPG 이용 경험이 적은 해외 유저들에게 대규모 전투 콘텐츠를 앞세워 인기몰이에 나선다는 계획이다.  게임빌은 고유의 게임성에 글로벌 인프라를 보유한 자사의 역량을 조화시켜 세계적인 모바일 MMORPG 배출을 예고했다.   해당 기사는 매일일보(www.m-i.kr)에서 제공한 것이며 저작권은 제공 매체에 있습니다. 기사 내용 관련 문의는 해당 언론사에 하시기 바랍니다.  ■[하이스탁론] 주식자금이 필요할 땐 ☎ 1599-6222 연 3% 업계 최저금리, 자기자본 포함 최대 4배, 연장수수료 無 주식 매도 없이 미수, 신용 대환/ 마이너스통장식 / 기대출자도 가능 ☞ 14년 연속 스탁론 점유율 1위, 노주현이 추천하는 [하이스탁론 바로가기]  ▶【급등임박株】 “정책+실적+수급분석 완료” 주도주 '2선' 추천받기  ◆""숨은 진주발굴"" 당뇨치료제 상용화 임박! <재료주공개>   [이슈&섹터 스케줄]    2018-06-04 - 한국-필리핀 정상회담 예정 - 5G 주파수 경매 신청 마감 예정 -  한은, BOK 국제컨퍼런스 개최   2018-06-05 - 국무회의(최저임금법) - 랩온어칩 및 마이크로플루이딕스 컨퍼런스 개최(현지시간) - ""항체 엔지니어링 & 항체 치료 콘퍼런스 유럽 2018"" 개최 예정(현지시간)   2018-06-06 - 현충일 - 국내 증시 휴장 - 2018 국제회계 심포지엄 개최 예정      2018-06-07 - 美-日 정상회담 예정(현지시간) - 삼성바이오로직스, 분식 여부 판가름 예정 - 넥슨, MMORPG '카이저' 정식 출시   2018-06-08 - 6.13 지방선거 사전투표 예정 - G7 정상회의 개최 예정(현지시간) - 제5차 韓-美 에너지안보대화   2018-06-09 - 북-중-러 정상회담 예정 - 이탈치네마, 제10회 이탈리아 영화제 개최 예정 - 상하이협력기구(SCO) 정상회의 개최      Copyright ⓒ True&Live 증시뉴스 점유율1위, 인포스탁(www.infostock.co.kr) 인터넷신문(경기아51008)/무단전재 및 배포금지   본 뉴스(정보)는 해당종목의 매수/매도신호가 아니며, 이를 근거로행해진 거래에 대해 책임을 지지 않습니다."
208,4,"2018-06-06","20:16:57","포스코대우, 국내 첫 국제 곡물거래 전문가 배출","한국인으로는 첫 국제곡물거래 공식 중재인이 탄생했다.   6일 포스코대우는 ""백상윤 시카고 지사장(사진)이 국내 최초로 런던곡물거래협회(GAFTA)가 인증하는 곡물거래분쟁중재자(GAFTA Arbitrator)자격을 취득했다""고 밝혔다.   GAFTA 중재자 자격은 곡물 트레이딩과 관련해 중재 역할을 할 수 있는 자격을 증명하는 국제 자격이다. 중재인은 전 세계 곡물 거래와 관련해 중재 건이 발생하면 분쟁을 판정하는 임무를 맡는다. 또 곡물 업체들에 조언자 역할을 수행하기도 한다. 중재인은 곡물트레이드전문가(GAFTA Trade Diploma·GTD) 자격을 취득한 후 10년 이상 트레이딩 경력을 쌓은 이들에 한해 증빙자료 심사와 자격시험을 거쳐 선발한다. 전 세계적으로 76명만이 중재자 자격을 갖고 있다. 아시아 지역에서는 백 지사장에 앞서 중국이 유일하게 중재자 3명을 보유하고 있다.   그동안 식량사업을 신성장동력으로 키우던 포스코대우는 GAFTA 중재인을 보유함에 따라 향후 국제 식량사업에서 회사 위상이 높아질 것으로기대하고 있다. 현재 전 세계에서 이뤄지는 곡물 거래 대부분은 런던곡물거래협회 표준계약서를 준용하기 때문이다. 포스코대우 관계자는 ""중재인과 같이 전문 인력을 보유하게 되면 국제 비즈니스에서 회사 위상이 올라가는 효과와 함께 전문 인력들을 통해 사업에서 발생하는 국제분쟁 상황에 대응할 수 있다""고 설명했다.   포스코대우는 식량사업을 '미래 핵심 먹거리' 중 하나로 선정하고 전략적으로 관련 사업을 확장하고 있다. 2015년부터 곡물 취급 물량을 늘려가면서 쌀을 시작으로 밀, 옥수수, 대두, 보리 등 주요 곡물로 사업 영역을 넓히고 있다. 김영상 포스코대우 사장은 올해 초 기관투자가를 대상으로 실시한 기업설명회에서 ""식량 사업 분야를 대한민국 식량 안보에 역할을 한다는 사명감을 갖고 미래 핵심 성장동력으로 육성하겠다""고 강조했다.   이를 위해 전 세계 주요 곡창지대를 중심으로 저장과 선적을 위한 인프라스트럭처 확보를 추진하고 있다. 포스코대우는 올해 안에 우크라이나에서 곡물 수출터미널을 인수해 내년 상반기 내 운영을 개시할 계획이다. 곡물 거래 시에는 터미널을 통해 품질 확인과 선적이 진행되는 만큼 수출터미널은 곡물 트레이딩에 필수적인 역할을 한다. 포스코대우는 식량 밸류 체인 확장을 위해 인도네시아에서 팜오일 농장을 운영 중이다. 향후 중국, 동남아시아, 중동·북아프리카 등 판매시장에서도 영업력을 강화할 계획이다.   이와 함께 포스코대우는 수년 전부터 곡물 거래 전문가를 집중 양성하고 있다. 세계적인 곡물 기업들과 경쟁하기 위해서는 전문 인력 보유 여부가 핵심이기 때문이다.    [황순민 기자]      ☞ 조용히 사서 묻어놔라! 6月 정말 큰돈 된다! ☞ 세계최초 항암제 개발! 신라젠 놓쳤다면, 이 종목 잡아라!! ☞ 세계 최초 신약! 1,500% 신라젠 능가할 단돈 4천원대 Bio 황제주!!! ☞ 6月 반드시 주목해야될 Best 바이오 종목!!      [ⓒ 매일경제 & mk.co.kr, 무단전재 및 재배포 금지]"
208,5,"2018-06-06","20:16:49","낙동강청, 화학사고 민·관 공동대응협의회 확대 운영","부산 사상 및 경남 양산 어곡지역 유해화학물질 취급업체와 MOU체결 사고정보·방제장비 공동 활용으로 신속하고 효율적인 사고대처 가능    낙동강유역환경청이 오는 7일 부산 벡스코에서 부산 사상 및 경남 양산 어곡지역 48개 유해화학물질 취급업체와‘화학사고 민·관 공동대응 협약’을 체결한다. 사진은 부산·울산·경남지역 화학사고 민·관 공동대응 협의회 조직도. 【창원=오성택 기자】 환경부 소속 낙동강유역환경청이 부산 사상 및 경남 양산 어곡지역 유해화학물질 취급업체와 ‘화학사고 민·관 공동대응 협약’을 체결한다.  6일 낙동강청에 따르면 오는 7일 부산 해운대 벡스코에서 조광페인트 등 부산 사상지역 28개 업체와 화인테크놀리지 등 경남 양산 어곡지역 20개 업체 등 총 48개 업체와 협약을 체결한다. 이날 협약으로 지난 2016년부터 운영 중인 ‘민·관 공동대응협의회’ 참여업체가 기존 217개에서 265개로 늘어났다. 낙동강청과 부산·경남지역 화학물질 취급업체들은 공동 협약을 통해 △화학사고 발생 시 정보와 방제장비 공동 활용 △화학사고 예방을 위한 정보교류 △중소기업의 화학물질 안전관리 역량제고를 위해 공동 협력키로 했다. 특히 화학사고 민·관 공동 협약은 유해화학물질 취급사업장이 밀집한 지역에서 화학사고 발생 시 초기대응이 매우 중요하므로 이들 기업 간 화학사고 대응 핫라인을 구축, 화학사고 예방과 대응 능력을 높인다는 방침이다. 신진수 낙동강청장은 “화학물질의 안전한 관리를 위해 민·관 협력을 더욱 강화해나갈 계획”이라고 말했다. 한편 이날 협약식 후 265개 협의회 실무자를 대상으로 하는 워크숍을 통해 유해화학물질 유출사고 대응 및 현장사례 중심의 신속한 화학사고 대처 방법 등 화학물질 안전관리 교육이 진행된다. ost@fnnews.com 오성택 기자  ▶'모멘텀 집중' 저가에서 매집해둬야 할 상반기 유망주 3선 (지금 확인)   [파이낸셜뉴스 주요뉴스]  → 北 김정은 묵는 호텔 하루 숙박비 '642만원'누가 지불? → ""선거 알바 클라스가 다르네"".. 선거운동원 '깨방정 댄스' 화제 → ""학원 여교사가 초등생 제자 2명과 성관계"" → 견과류 일주일에 3번이상 먹으면 나타나는 변화 → 국방부에 도착한 두테르테가 가장 먼저본 국산 무기  ▶ <긴급공개> 억대계좌 이종목에서 또 터진다!    ※ 저작권자 ⓒ 파이낸셜뉴스. 무단 전재-재배포 금지 "
208,6,"2018-06-06","20:16:11","사전투표, 8·9일 전국 3512개 사전투표소에서 실시…'신분증 지참'","@media all and (max-width: 400px) {img{max-width:340;height:auto;}}.dayTBL a:link {font-family: 돋움;font-size: 11px;line-height: 18px;color:#666666;text-decoration: none}.dayTBL a:visited {font-family: 돋움;font-size: 11px;line-height: 18px;color: #666666;text-decoration: none}.dayTBL a:hover {font-family: 돋움;font-size: 11px;line-height: 18px;color: #840000;text-decoration: none}.dayTBL nobr {width:85px; text-overflow:ellipsis; overflow:hidden; cursor:pointer; float:left}.todayBDb {border-bottom: #000000 0.5pt solid}.tblGrp{padding:0; border-spacing:0; border-collapse:collapse; border:0;vertical-align:top;width:279px}.tblGrp td{vertical-align:top}.dayTBL {width:93px; padding:0; border-spacing:0; border-collapse:collapse; vertical-align:top; border:0}.dayTBL td{font-size:12px; font-family:돋움; color:#333333;line-height:18px;padding:0}.divSch1{float:left}.divSch2{float:left}.tdSch{border: #E6E6E6 0.1pt solid;height:75;padding:0}.tdSchToday {border: #000000 1pt solid;height:75;background-color:#fffff0;padding:0}.tdSchTomorrow {border-left:0}.tdSchYesterday {border-right:0}.tdDate{background-color:#c8e7ff;height:10;text-align:center}.ad {text-align:center; font-size:8pt; font-family:돋움;line-height:1.2}.lg {margin-bottom:20px;}.title{font-size:15px;color:#203c76;font-weight:bold;margin-bottom:20px;}a,img {border:0; outline:none; selector-dummy:expression(this.hideFocus=true);}body,td,select,input,div,form,textarea,center,option,pre,blockquote {font-size:9pt; line-height:1.6; font-family:돋움;}table{border:0px;}r {display:none;}    제목 : 사전투표, 8·9일 전국 3512개 사전투표소에서 실시…'신분증 지참'  [아이뉴스24 전종호 기자] 제7회 전국동시지방선거 및 국회의원 재보궐선거의 사전투표가 8~9일 이틀간 전국 3512개의 사전투표소에서 일제히 실시된다.   중앙선거관리위원회는 6일 보도자료를통해 신분증만 있으면 전국의 어느 사전투표소에서나 투표할 수 있다고 밝혔다. 투표시간은 오전 6시부터 오후 6시까지다. 투표하러 갈 때는본인의 주민등록증, 여권, 운전면허증, 관공서·공공기관이 발행한 사진이 첨부된 신분증 중 하나를 가지고 가야 한다.     투표용지검수하는 선관위 직원들[출처=뉴시스]   자신의 지역구 구·시·군의원선거구 밖에서 사전투표할 때는 기표한 투표용지를 회송용 봉투에 넣어 투표함에 투입해야 한다. 유권자가 선거구 안에서 투표할 때는 투표용지만 받아 기표한 후 투표함에 넣으면 된다. 투표지가 들어있는 회송용 봉투는 매일 투표가 마감된 후 참관인이 보는 가운데 관할 우체국으로 인계된다. 이 봉투는 해당 구·시·군선관위에 우편으로 보내진다.   투표하려는 사전투표소가 지역구 구·시·군의원선거구 안 또는 밖에 있는지는 사전투표소 입구에서확인할 수 있다. 사전투표소 위치는 중앙선관위 홈페이지나 '선거정보' 앱에서 확인할 수 있다.   전국 단위 선거에 사전투표가 도입된 건 2014년 제6회 지방선거가 처음이었으며 당시 투표율은 11.5%를 기록했다. 이후 20대 총선 12.2% 지난해 제19대 대선은 26.1%로 점차 높아졌다.   중앙선관위는 이번 지방선거에서 유권자가 최대 8표를 행사해야 하는 만큼 투표시간이 늘어날 것으로 예상했다. 이에 대비해 지난해 대선보다 투표용지 발급기 1000여대, 기표대 1만4000여대를 추가로 준비했다. 투표용지 발급 소요시간은 40초로 예상된다.  / 전종호기자 jjh18@inews24.com   해당 기사는 아이뉴스24(www.inews24.com)에서 제공한것이며 저작권은 제공 매체에 있습니다. 기사 내용 관련 문의는 해당 언론사에 하시기 바랍니다.  ■[하이스탁론] 주식자금이 필요할 땐 ☎ 1599-6222 연 3% 업계 최저금리, 자기자본 포함 최대 4배, 연장수수료 無 주식 매도 없이 미수, 신용 대환 / 마이너스통장식 / 기대출자도 가능 ☞ 14년 연속 스탁론 점유율 1위, 노주현이 추천하는 [하이스탁론 바로가기]  ▶【급등임박株】 “정책+실적+수급분석 완료” 주도주 '2선' 추천받기  ◆""숨은 진주발굴"" 당뇨치료제 상용화 임박! <재료주공개>   [이슈&섹터 스케줄]    2018-06-04 - 한국-필리핀 정상회담 예정 - 5G 주파수 경매 신청 마감 예정 -  한은, BOK 국제컨퍼런스 개최   2018-06-05 - 국무회의(최저임금법) - 랩온어칩 및 마이크로플루이딕스 컨퍼런스 개최(현지시간) - ""항체 엔지니어링 & 항체 치료 콘퍼런스 유럽 2018"" 개최 예정(현지시간)   2018-06-06 - 현충일 - 국내 증시 휴장 - 2018 국제회계 심포지엄 개최 예정      2018-06-07 - 美-日 정상회담 예정(현지시간) - 삼성바이오로직스, 분식 여부 판가름 예정 - 넥슨, MMORPG '카이저' 정식 출시   2018-06-08 - 6.13 지방선거 사전투표 예정 - G7 정상회의 개최 예정(현지시간) - 제5차 韓-美 에너지안보대화   2018-06-09 - 북-중-러 정상회담 예정 - 이탈치네마, 제10회 이탈리아 영화제 개최 예정 - 상하이협력기구(SCO) 정상회의 개최      Copyright ⓒ True&Live 증시뉴스 점유율1위, 인포스탁(www.infostock.co.kr) 인터넷신문(경기아51008)/무단전재 및 배포금지   본 뉴스(정보)는 해당종목의 매수/매도신호가 아니며, 이를 근거로행해진 거래에 대해 책임을 지지 않습니다."
208,7,"2018-06-06","20:16:10","[선택 6.13]""광역단체장 17곳 중 14곳 민주당 우세... 한국당 2곳 앞서""","-지상파 방송3사 여론조사 결과... ""제주는 무소속 원희룡 선두""    더불어민주당 추미애 대표가 6일 오후 천안 쌍용동의 한 마트 앞에서 열린 지원유세에서 후보들과 만세하고 있다. 연합뉴스    일주일 앞으로 다가온 6·13 지방선거에서 더불어민주당이 17개 광역단체장 선거 중 14곳에서 우세하다는 여론 조사 결과가 나왔다.  6일 KBS·MBC·SBS 등 지상파 방송 3 사가 여론조사 기관인 칸타퍼블릭, 코리아리서치센터, 한국리서치에 의뢰해 지난 2~5일 각 시도에 거주하는 성인 남녀 800~1008명을 대상으로 조사한 결과(신뢰수준은 95%에 표본오차는 3.1~3.5%포인트)에 따르면 대구·경북과 제주를 제외한 모든 지역에서 민주당 후보가 야권후보를 앞서는 것으로 나타났다. 대구·경북은 한국당 후보가, 제주는 무소속 원희룡 후보가 1위를 차지했다. 서울, 경기, 인천등 수도권에서는 민주당의 박원순(49.3%), 이재명(48.6%), 박남춘(40.6%) 후보가 멀찌감치 앞서 나갔다. 특히 '단일화' 여부에 관심이 쏠리고 있는 한국당 김문수, 바른미래당 안철수 후보는 각각 13.6%, 10.7%에 머물렀다.  한국당 경기도지사 남경필 후보, 인천시장 유정복 후보는 각각 19.4%, 19.2%에 그쳤다.  민주당과 한국당이 이번 선거의 최대 분수령으로 꼽은 부울경(부산·울산·경남)도 민주당의 우위로 나타났다.  부산시장 선거에선 민주당 오거돈 후보(50.5%)가 한국당 서병수 후보(20.4%)에 크게 앞섰고, 울산도 민주당송철호 후보(44.4%)가 한국당 김기현 후보(24.9%)에 이기는 것으로 조사됐다.  최대 격전지로 꼽히는 경남도지사의 경우 민주당 김경수 후보가 43.3%로 한국당 김태호 후보(27.2%)보다 16.1%포인트 높은 지지율을 얻었다.  중원권인 충북지사와 충남지사도 민주당 이시종후보와 양승조 후보가 각각 47.8%, 40.4%의 지지를 받았다.  호남권은 민주당 후보들이 50%가 넘는 압도적인 지지를 받았다.  광주시장은 이용섭 후보(60.7%)가 1위를 차지했고, 전북지사와 전남지사도 송하진 후보(54.5%)와 김영록 후보(53.7%)가 2위 후보들을 크게 앞섰다.   '보수의 텃밭'인 대구·경북은 한국당 후보들이 1위를 차지했지만 지지율 격차는 크지 않았다. 대구시장은 한국당 권영진 후보(28.3%)가 민주당 임대윤 후보(26.4)에게 오차범위 내에서 앞섰고, 경북지사는 한국당 이철우 후보(29.4%)가 민주당 오중기 후보(21.8%)를 7.6%포인트 차이로 앞섰다.  제주지사 선거는 무소속으로 나선 원희룡 후보가 39.3%로, 민주당 문대림 후보(28.8%)를 제치고 1 위를 차지했다.  이번 여론조사의 자세한 개요나 결과는 중앙선거여론조사심의위원회 홈페이지를 참고하면 된다.  fnkhy@fnnews.com 김호연 기자  ▶'모멘텀 집중' 저가에서 매집해둬야 할 상반기 유망주 3선 (지금 확인)   [파이낸셜뉴스 주요뉴스]  → 北 김정은 묵는 호텔 하루 숙박비 '642만원' 누가 지불? → ""선거 알바 클라스가 다르네"".. 선거운동원 '깨방정 댄스' 화제 → ""학원 여교사가 초등생 제자 2명과 성관계"" → 견과류 일주일에 3번이상 먹으면 나타나는 변화 → 국방부에 도착한 두테르테가 가장 먼저본 국산 무기  ▶ <긴급공개> 억대계좌 이종목에서 또 터진다!    ※ 저작권자 ⓒ 파이낸셜뉴스. 무단 전재-재배포 금지 "
209,1,"2018-06-06","19:52:45","문대통령, 내일 하루 연가…""한반도 정세로 숨가쁘게 달려와""","문대통령, 내일 하루 연가…""한반도 정세로 숨가쁘게 달려와""  靑 ""휴가는 지방에서…특검 지명 차질없이 할 것""    (서울=연합뉴스) 박경준 기자 = 문재인 대통령이 7일 하루 연차 휴가를 쓸 계획이라고 청와대가 6일 밝혔다.  김의겸 청와대 대변인은 이날 기자들에게 메시지를 보내 ""한중일 정상회담, 한미정상회담, 남북정상회담 등 한반도 정세에 대응하느라 그동안 쉴 시간 없이 숨가쁘게 달려와서 하루 연가를 내신 것""이라고 설명했다.  김 대변인은 ""휴가 장소는 지방이지만 비공개""라며 ""양산 자택은 아니다""라고 전했다.    문 대통령의 연차 휴가는 올해 들어 두 번째다. 평창동계올림픽과 정상회담 등의 일정을 소화하느라 휴식이 필요하다는 건의에 따라 2월27일에 하루 휴가를 내고 관저에서 쉬었다.  지난해에는, 5월 22일 취임 후 처음으로 하루짜리 연차 휴가를 내고 경남 양산 사저에서 휴식을 취한 뒤 7월 말 6박 7일(주말을 빼면 연차 신청일수는 5일) 간 강원도 평창과 경남 진해에서 휴가를 보낸 데 이어 11월과 12월에 각각 하루씩 모두 8일의 휴가를 사용했다.  김 대변인은 ""비록 휴가 중이시나 내일까지 기한인 특검 임명은 차질없이 할 것""이라고 덧붙였다.  청와대는 지난 4일 야4당의 3개 교섭단체가 추천한 '드루킹 댓글조작 사건'의 특별검사 후보 명단을 접수했다.  문 대통령은 특검법에 따라 7일까지 야4당이 선정한 임정혁ㆍ허익범 변호사 중 1명을 특검으로 임명해야 한다.  kjpark@yna.co.kr   (끝)    <긴급속보 SMS 신청> <포토 매거진> < M-SPORTS >   <저작권자(c) 연합뉴스, 무단 전재-재배포 금지>"
209,2,"2018-06-06","19:52:18","카카오뱅크·케이뱅크, 실적 부진으로 자본비율 급락","대출 늘었지만 순손실 지속   은행 자본비율은 0.1%P↑      [ 박신영 기자 ] 지난 1분기 인터넷 전문은행들의 자본비율이 크게 하락한 것으로 나타났다. 대출이 늘면서 자산 덩치는 커졌지만 당기순손실을 기록하며 자본이 줄어든 탓이다.  금융감독원은 지난 1분기 말 인터넷 은행의 총자본비율은 14.47%에서 11.36%로, 기본자본비율은 13.99%에서 11%로 하락했다고 6일 밝혔다. 영업 확대로 대출은 많이 늘었지만 당기순손실이 이어지면서 자본이 줄어들었기 때문이다.  카카오뱅크는 총자본비율이 13.74%에서 10.96%로, 기본자본비율은 13.25%에서 10.63%로 하락했다. 케이뱅크도 총자본비율(13.48%)과기본자본비율(12.97%)이 각각 4.66%포인트, 4.71%포인트 내려갔다.  다만 카카오뱅크는 지난 4월 5000억원 규모의 유상증자를 했고, 케이뱅크도 지난달 1500억원 규모의 유상증자를 결정해 두 은행 모두 앞으로 자본비율이 올라갈 전망이다.  국내 은행 및 은행지주회사의 국제결제은행(BIS) 기준 총자본비율은 15.34%로 전년 말 대비 0.1%포인트 올라갔다. 은행지주회사의 BIS 기준 총자본비율과 기본자본비율, 보통주 자본비율은 각각 14.34%, 13.00%, 12.47%를 기록했다.  박신영 기자 nyusos@hankyung.com    [ 무료 주식 카톡방 ] 국내 최초, 카톡방 신청자수 38만명 돌파 < 업계 최대 카톡방 > --> 카톡방 입장하기!! 40억 ""이것""통해 벌었다는 남성 알고보니 ""개인파산""한 개그맨 A씨? ▶ <긴급공개> 2분기 이끌 新대장주 BEST 5 억대계좌 이종목에서 또 터진다! >> [바로확인]     관련기사 ""젊은 직장인들 모인다""…강북 도심 부활한 이유가 계속되는 주한미군 철수설에…美 국방장관 결국 케이뱅크, 1500억 유상증자 결의…자본금 5000억으로 확대 1분기 카카오·케이뱅크 자본비율 급락… ""적자 탓"" 남편에게 돈 벌어 오랬더니 하는 말이…아내 속앓이    ⓒ 한국경제 & hankyung.com, 무단전재 및 재배포 금지"
209,3,"2018-06-06","19:50:52","[부산모터쇼]‘환골탈태’ 아우디, 아우디 비전 나이트 개최","아우디코리아가 부산모터쇼 개막을 하루 앞둔 6일 힐튼 부산 호텔에서 ‘아우디 비전 나이트(Audi Vision Night)’를 개최했다.   세드릭 주흐넬 아우디코리아 사장은 이 자리에서 “아우디코리아는 지난 2년 반 동안 고객 신뢰 회복 및 비즈니스 정상화를 최우선 과제로 삼고 리콜을 성실히 이행하고, 서비스 네트워크 확충 및 역량 강화에 집중하며 내실을 다져왔다”며 “아우디코리아를 믿고 기다려준 고객들을위해 다시 신뢰할 수 있는 아우디로 거듭나겠다”고 말했다.   아우디코리아는 지난해 9월부터 리콜 대상 차량 중 A4, A5, A6 2만3599대를 대상으로 소프트웨어 업데이트를 진행해 5일 기준으로 리콜 이행률 65%를 기록했라고 설명했다.   올해 4월부터는 Q3와 Q5 6342대를 대상으로 두번째 리콜에 들어가 5일 기준으로 리콜 이행률 30%를 기록중이라고 덧붙였다.   아우디코리아는 리콜 이행률을 높이기 위해 고객에게 무상 픽업 및 딜리버리 서비스, 대중교통 비용 지원, 당일 대체 차량 제공 서비스를 제공중이다. 딜러사에는 워크베이 및 진단장비 추가 확보 등을 지원하고 있다.   아우디코리아는 이와 함께 세일즈 및 A/S 서비스 네트워크도 확장하고 있다. 2015년과 비교하면 전시장 1곳, 서비스센터 7곳이 늘었고 서비스 센터 6곳이 확장 이전됐다. 현재 전시장 36곳, 서비스센터 37곳이 운영되고 있다.   아우디코리아는 딜러사의 영업 손실 보전과 직원 고용 안정을 위해 운영자금과 업무용 차량, 서비스 퀄리티 체크업 프로그램과 딜러 직원 워크샵, 우수 직원 대상 인센티브 트립 등을 지원·제공하고 있다.    [부산=디지털뉴스국 최기성 기자]        ☞ 조용히 사서 묻어놔라! 6月 정말 큰돈 된다! ☞ 세계최초 항암제 개발! 신라젠 놓쳤다면, 이 종목 잡아라!! ☞ 세계 최초 신약! 1,500% 신라젠 능가할 단돈 4천원대 Bio 황제주!!! ☞ 6月 반드시 주목해야될 Best 바이오 종목!!      [ⓒ 매일경제 & mk.co.kr, 무단전재 및 재배포 금지]"
209,4,"2018-06-06","19:50:48","올 여름 정치적 불확실성 확대, 달러 강세로 금융 시장 변동성 높을 전망","DWS Group은 ""여름철 정치적 불확실성 확대와 달러 강세 등으로 인해 금융 시장 변동성이 높아질 전망이다""고 분석했다.   ""미국과 유럽 양쪽에서 정치적 불확실성이 나타나고 있다. 현재 나타나고 있는 달러 강세와 유가 상승세, 그리고 여름철 계절적인 요인들이여기에 합쳐지면서, 향후 수개월간 금융 시장은 매우 높은 변동성을 보일 것으로 예상된다""고 밝혔다.   ""이탈리아 리스크 등 정치적 불확실성이 6월에도 계속해서 언급될 것이다. 유로존 붕괴 리스크는 아직 완전히 해소되지 않았으며, 불확실성이 다시 확대되면서 투자자들은 유로존 결속에 대한 우려를 반영할 것이다""고 전망했다.   ""이에 더해, 트럼프 대통령의 어떠한 정책이 여름철 시장을 뒤흔드는 영향을 가질 가능성이 매우 높다""고 보았으며, 이에 따라 ""투자자들이리스크 포지션을 축소하는 것이 효과적일 전망이다""고 발언했다.   ""이미 5월에는 금리 상승세와 달러 강세로 인해 신흥국 자산이 큰 타격을 입은 바 있다. 이탈리아, 스페인에서의 불확실성은 유로존 자산에타격을 입혔다""고 언급했다.   동사는 유럽 증시 / 스페인 국채 / 이탈리아 국채 / 유럽 회사채 / 미국 회사채에 대한 투자의견을 중립으로 하향 조정했다. 미국 투자적격등급 회사채에 대해서는 부정적으로 전망했다. 단, ""장기적 관점에서는 경제 성장세가 우수하기 때문에, 전략적으로는 낙관적이다""고 발언했다.  한편 ""여름철 달러는 유로 대비 강세를 보일 것으로 예상된다. 이는 달러의 펀더멘털이 강화되는 점보다는 유로 펀더멘털이 약화되는 점이 더 큰 영향을 미칠 것이다""고 분석했다."
209,5,"2018-06-06","19:50:14","[뉴스터치] 인천TP ‘크라우드 펀딩 활용전략’ 세미나","인천TP는 오는 19일 송도 IT 타워에서 ‘국내 크라우드 펀딩 현황 및 활용전략’을 다루는 문화콘텐츠기업 세미나를 개최한다고 6일 밝혔다. 이번 세미나는 문화콘텐츠산업에 대한 최신정보를 제공하고 관련 기업 및 예비창업자를 위한 네트워킹 지원, 분야별 전문가 교류협력 활성화등을 돕기 위해 마련됐다. 행사장에는 크라우드 펀딩을 통한 효과적인 자금 유치 등 기업의 궁금증을 풀어주기 위한 상담 부스도 운영된다.세미나에 참가하려면 오는 15일까지 인천TP 홈페이지(www.ibitp.or.kr)에서 신청서를 내려받아 이메일(simij@ibitp.or.kr)로 접수하면 된다. 참가비는 무료이며 50명 선착순 모집이다. /인천=장현일기자 hichang@sedaily.com    ▶▶ 2018년 정부 정책 수혜주 TOP 10 大공개! (바로 확인)  ▶▶ 재료노출 임박한 상위1%의 극비정보 30명한정 공개(무료)    [ⓒ서울경제, 무단 전재 및 재배포 금지]"
209,6,"2018-06-06","19:50:10","[뉴스터치] 세종시 '책 읽는 가족' 신청자 접수","세종시가 올해 ‘책 읽는 가족’ 선정을 위해 오는 7월31일까지 신청자를 모집한다. 세종시내 복컴 공공도서관·작은도서관 등 도서관을 이용하는 회원이 2인 이상인 가족이 대상으로 해당 도서관에 직접 방문해 접수하면 된다.  올해 1월부터 8월 말까지 신청가족의 도서대출량, 가족참여도, 이용성실도, 독서문화프로그램 참여도 등을 종합 평가해 책 읽는 가족을 선정할 계획이다. 총 3가족을 선정할 예정이며, 오는11월 시상한다. 선정된 가족에게는 ‘책 읽는 가족’ 상장과 인증 현판이 수여되고 내년 도서대출 권수가 2배 늘어난다. 세종시는 복컴 공공도서관 7개관과 작은도서관 48개관을 운영 중이다.  /대전=박희윤기자 hypark@sedaily.com    ▶▶ 2018년 정부 정책 수혜주 TOP 10 大공개! (바로 확인)  ▶▶ 재료노출 임박한 상위1%의 극비정보 30명한정 공개(무료)    [ⓒ 서울경제, 무단 전재 및 재배포 금지]"
209,7,"2018-06-06","19:50:07","[뉴스터치] '경기옛길 같이 걷기' 신청자 120명 모집","경기도는 오는 23일 ‘경기옛길 같이 걷기’ 도보 탐방 프로그램에 참가할 신청자 120명명을 선착순 모집한다고 6일 밝혔다.   조선시대 중국과 문물을 교류하던 통로인 의주길을 따라 버스와 도보를 통해 벽제관지, 혜음원지, 윤관장군묘, 화석정 등을 답사한다. ‘파주 이야기’의 저자이자 파주지역문화연구소장인 이윤희 스토리텔러가 동행해 의주길에 깃든 옛이야기도 들려준다. 의주길은 서울에서 출발해 개성·평양·의주를 거쳐 연경으로 통했던 길로 중국의 선진문물을 수용하는 주요한 창구였다. 참가를 희망하는 사람은 경기옛길 홈페이지(http://ggoldroad.ggcf.or.kr)에서 신청하면 된다. /수원=윤종열기자 yjyun@sedaily.com    ▶▶ 2018년 정부 정책 수혜주 TOP 10 大공개! (바로 확인)  ▶▶ 재료노출 임박한 상위1%의 극비정보 30명한정 공개(무료)    [ⓒ 서울경제, 무단 전재 및 재배포 금지]"
210,1,"2018-06-06","19:33:39","‘노무현ㆍ정몽준’식 여론조사냐, 안철수식 양보냐…金ㆍ安 단일화 고차방정식","- 여론조사로 가면 당 대 당 통합 이야기 나올 수밖에…安 난색  - 아름다운 양보로 가면 김문수 이후 야권재편 키 잡을 수있어    [헤럴드경제=홍태화 기자] 김문수ㆍ안철수 서울시장 후보 단일화 논의가 양측 대립으로 진전되지 않고 있다. 자유한국당 소속인 김 후보 측이 말하는 ‘노무현ㆍ정몽준식’ 단일화는 구청장 후보들 처리문제가 생긴다. 반면, 안 후보 측이 주장하는 ‘아름다운 양보’는 김 후보가 해줄 명분이 부족하다.     [사진제공=연합뉴스]   한 한국당 의원은 6일 헤럴드경제와의 통화에서 “두 후보 단일화가 풀리면 아래는 자연스럽게 간다”며 “동네형편에 맞춰 협상하든 여론조사를 따라가든 ‘야권 단일후보’라는 방식으로 갈 것”이라고 밝혔다.  안 후보측이 ‘노무현ㆍ정몽준식’ 단일화라고 불리는 여론조사 방식의 단일화를 받지 못하는 이유도 여기에 있다. ‘야권단일후보’라는 말이 생기는 순간 ‘당 대 당 통합’으로 논의가 이어질 수 있기 때문이다.   한 친안계(친안철수) 핵심 관계자는 통화에서 “여론조사 방식으로가면 당 대 당, 세력 대 세력, 즉 단일후보, 통합순서로 가자는 것이다”며 “ 그래서 절대 안 된다”고 했다. 한 바른미래당 지도부도 “여론조사 이후 구청장 후보들을 설득할 방법이나 준비가 전혀 안 돼 있기에 그러기 힘들다”고 했다.  그래서 안 후보 측은 ‘아름다운 양보’로 명분을 주겠다는 주장을 한다. 김 후보가 조건없이 양보하면 지방선거 이후 야권재편의 키를 쥘 수 있다는 이야기다.  친안계 관계자는 “김 후보가 양보하면 지방선거 이후 야권재편의 키를 쥘 수 있다”며 “안 후보가 살아야 홍준표 자유한국당 대표가 사라지고, 그러면 안 후보가 이후 정계개편의 키를 쥘 수 있다. 양보를 하면 그때 김 후보도 주도권을 쥘 수 있는 명분이 생긴다”고 했다.  박원순 서울시장 후보에게 조건없는 양보를 한 ‘안철수식 양보’를 하라는 셈이다. 그러나 이 방식에 대해선 한국당은 물론 일부 바른미래 측에서도 명분이 약하다는 점을 공감하고 있다.  한 바른미래 지도부는 “안 후보가 객관적인 지표상에서 확실하게 비교우위를 나타내야하는데 그렇지를 못했다. 그럼 김 후보로서도 야권 승리를 위해 포기하겠다는 명분을 내세우기 힘들다”며 “결국, 여론조사식 단일화 하나 남아있다고 볼 수밖에 없다”고 했다.  그러나 이날 여론조사 방식에 대한 합의가 이뤄지지 않으면서 두 후보 사이 단일화는 양보라는 방식밖에 남지 않게 될 전망이다. 통상 사전투표가 시작되는 8일을 마감시한을 보기 때문에 7일 날까지 여론조사가 완료되지 않으면 여론조사 방식은 이뤄지기 어렵다.    th5@heraldcorp.com       [프리미엄 링크] ◆ [평생무료] ""주식카톡방"" 대박주를 추천받는데 100원도 안낸다~ ◆ 무료O, 회원가입X. 바로보는 증권전문가의 실시간 라이브방송.  10%수익을 40%로 만들어 준다고?? 영웅스탁론이라면 가능~! [영웅스탁론]효과적인 레버리지를 이용하여 수익률을 4배로!!    이 종목 미리 알았더라면.. 화제의 급등주검색기 실전투자 300%비법 무료체험 3일신청시 [즉시공개!]    김태희, 로또 대박?! 20억 당첨금 공개..    테마주! 외국인+기관 쌍끌이 매집중인 종목 전문가들도 탐내는 급등주 공식 무료배포! [클릭]    [오늘의 인기기사] ◆ [국대스탁론]업계 최저금리 2.29%! 100%한종목 투자가능+신용/ 미수 대환가능 ◆ [국민스탁론]저렴한 연2.7% 금리로최대 4배 투자 가능 ◆ [마감임박] '급등주 문자메시지' 100% 무료로 받아보기! ◆ [상한가속출] ""깜짝놀랐다"" 카톡무료체험으로 3000만원 수익달성!  ◆[밴드스탁론] 연 2%대 금리, 신용 미수 대환 가능, 주식자금 전문 ☏ 1899-9044 ◆똑똑해진 소비자..한국도 이젠 소형차 시대 ◆2020년 한국 TV 2대중 1대 인터넷 연결된다"
210,2,"2018-06-06","19:33:00","[부산국제모터쇼] 한국GM, 대형SUV픽업트럭까지 출시한다","[부산=뉴스핌] 전민준 기자= 정상화 수순에 들어간 한국지엠(GM)이 대형 스포츠유틸리티차량(SUV)과 픽업트럭 시장으로 무대를 확장한다.  한국GM은 6일 오후 7시 30분 부산 영화의 전달에서 미디어를 대상으로 전야제를 개최했다. 이 자리에서 해외 인기 모델을 국내에 들여와 대형SUV 및 픽업트럭 시장에서 영향력을 본격적으로 확대하겠다는 계획을 밝혔다.   이날 한국GM이 공개한 대형SUV 트래버스는 지난 2008년 미국 시카고 모터쇼에서 처음 공개해 북미에서 연간 10만대 이상 팔고 있다. 이번에 선보인 모델은 2세대로, 중형SUV인 이쿼녹스보다 한 등급 위다. 트래버스는 미국시장 기준 동급 최대 3열 다리 공간(레그 룸)인 850㎜, 적재함(트렁크) 적재용량은 최대 2781리터, 탑승 인원은 2열 시트 구성에 따라 8명까지 가능하다.   대형SUV.[사진=한국GM]  또, 중형 픽업트럭 콜로라도는 지난 2015년 미국에서 출시한 모델이다. 한국GM에 따르면 콜로라도는 동급 최고 출력과 적재하중, 트레일러 견인 능력을 갖췄다. 한국GM 관계자는 “콜로라도는 경쟁이 치열한 미국시장의 픽업트럭 소비자들을 겨냥해 개발했다”며 “독특한 스타일과 동급 최강의 안락함, 픽업트럭 모델에서 흔치 않은 전 방위 능동 안전시스템을 탑재했다”고 설명했다.  이날 한국GM은 오는 7일부터 본격 판매할 중형SUV 이쿼녹스도 선보였다.  이쿼녹스는 쉐보레가 5년 간 국내 시장에 선보일 15개 신차 계획에 따라 더 뉴 스파크에 이어 출시되는 두 번째 신제품이다. 한국GM 측은 차후 제품 투자와 판매 차종 확대를 집중해 나갈 쉐보레 SUV 라인업의 개막을 알리는 모델이라고 설명했다. 한국GM에 따르면 이쿼녹스는 SUV의 역동성과 세단의 편안함, 충분한 퍼포먼스와 효율적인 연비 등 까다로운 SUV 고객이 기대하는 핵심 가치를 만족하는 최적의 밸런스를 제공한다.  ▶ 마누라 몰래 세컨드 통장만들기  ▶ 옆집 누나 매일 차 바꿔타는 이유?  이날 행사에 참석한 데일 설리번 한국GM 영업서비스·마케팅 부사장은 “SUV 모델의 내수 시장 판매 비중을 향후 63%까지 끌어올리며쉐보레 브랜드의 진면모를 보여드릴 것”이라고 강조했다.  또, 카허 카젬 사장은 “5년간 15종의 신제품을 내놓으며 지금껏 쉐보레가국내시장에 선보이지 않았던 새로운 면모로 고객 요구에 부응할 것이다”며 “차기 국내 생산 모델은 물론, SUV 시장의 최대 격전지인 미국본토에서 성능과 가치가 확인된 유수의 글로벌 SUV를 출시할 것이다”고 전했다.    픽업트럭 콜로라도.[사진=한국GM]     minjun84@newspim.com 군산 찾은 김상조…한국GM 부당반품 의혹 ‘정조준’ [사진] 한국GM 부평공장에서 일하는 직원들 고용부, 한국GM 창원공장 사내하청 근로자 774명 직고용 명령  한국GM ""창원공장 정규직 전환, 고용부와 입장차 조율"" 美관세 부과시, 한국GM '위기 재발'...연 15만대 수출 타격 한국GM, 4조3000억원 규모 유상증자...경영 정상화 일환      ▶ 500만원으로 3억만들기 50번째 주인공 탄생! [확인]  퇴직금 100만원으로 ""이것""해 35억 번 중년男 김모씨 화제!  / 최저금리 맞춤서비스 진행중 / 10분이면 4배자금가능 / 24시간 친절상담센터 1522-3233 / 씽크풀  ★세력 입성 전, 집중공략! 20인의 전문가가 만장일치한 급등 유력株 ""오늘""만 전격공개!"
210,3,"2018-06-06","19:32:42","[선택 6.13] 윤화섭 안산시장 후보 TV토론 주장 ‘정정’","선관위 주최 안산시장 후보 토론회.    [안산=강근주 기자] 윤화섭 안산시장 후보(더불어민주당) 선대위의 양근서 대변인은 6일 논평을 통해 “윤화섭 후보가 지하철 4호선 지하화 공약과 관련 올해 3월 국토부의 수도권 순환철도망 연구용역 보고서를 봤다고 말한 것은 사실과 다르므로 바로 잡는다”며 “국토부는 2017년 업무보고를 통해 수도권 순환철도망 계획을 발표한 바 있으며 현재 타당성 검토용역을 진행 중으로 용역기간은 당초 올해 3월에서 오는 8월로연기됐으며 10월 중 그 결과를 발표할 예정”이라고 설명했다.  논평문은 이어 “윤화섭 후보는 위 연구용역을 발주한 국토부 과업지시서를 직접 검토한 적이 있으며 이를 용역보고서와 혼동해 올해 3월 중 용역보고서를 봤다고 잘못 답변한 것”이라고 주장했다.  논평문은 또한 “박주원 바른미래당 후보는 본오뜰 개발 공약과 관련 인근 송산그린시티가 본오뜰과 같은 개발제한구역과 절대농지(농업진흥지역)에서 용도 변경을 통해 도시 개발했다고 답변했으나 이는 사실과 다르다”며 “송산그린시티는 당초 공유수면 간척지로 개발됐고 처음부터 도시용지로 용도가 지정돼 도시 개발이 진행되고 있는 지역”이라고 강조했다.  이어 “이와 달리 본오뜰은 개발제한구역과절대농지로 2중으로 묶여 있다”며 “윤화섭 후보는 현행 법률상 본오뜰에 박주원 후보가 공약한 안산시청 신청사 건립, 시외버스터미널 이전, 농수산물도매시장 이전, 전면 개발로 주거타운 조성 등 전면적인 개발이 사실상 불가능한 것이 아니냐고 지적한 것”이라고 설명했다.  논평문은 “이민근 자유한국당 후보에 대해 윤화섭 후보는 8년 간 대표발의 건수가 단 1건(그것도 개정안)에 불과하다고 했으나 이는최근 8년 간 의정활동 실적이며, 추가로 확인한 결과 이민근 후보의 3선 시의원 활동 12년 간 대표발의 조례는 총 7건”이라고 주장을 수정했다.  논평문은 끝으로 “윤화섭 후보는 스스로 팩트 체크를 통해 잘못 발언한 것을 바로 잡는다”며 “앞으로도 정책 비전 중심의공약 발표를 통해 네거티브 없는 클린선거, 정책선거를 주도해 나가겠다”고 밝혔다. kkjoo0912@fnnews.com 강근주 기자  ▶'모멘텀 집중' 저가에서 매집해둬야 할 상반기 유망주 3선 (지금 확인)   [파이낸셜뉴스 주요뉴스]  → 北 김정은 묵는호텔 하루 숙박비 '642만원' 누가 지불? → ""선거 알바 클라스가 다르네"".. 선거운동원 '깨방정 댄스' 화제 → ""학원 여교사가 초등생 제자 2명과 성관계"" → 견과류 일주일에 3번이상 먹으면 나타나는 변화 → 국방부에 도착한 두테르테가 가장 먼저본 국산 무기  ▶ <긴급공개> 억대계좌 이종목에서 또 터진다!    ※ 저작권자 ⓒ 파이낸셜뉴스. 무단 전재-재배포 금지 "
210,4,"2018-06-06","19:32:01","베트남, 알리페이 모바일 결제 전면 금지… 中 강력 반발","베트남 ""위안화 결제→본토 이체   알리페이·위챗페이 통한 세금탈루   이달부터 전면 사용금지""    中 ""중국인이 운영 상점서   유커 상대 모바일 결제 지원   베트남 세수와 관련없다"" 반발    ""中기업의 해외시장 공략에 맞서   베트남 정부서 견제 나서"" 분석     [ 강동균 기자 ] 베트남 정부가 세금 탈루 우려가 크다며 알리페이와 위챗페이 모바일 결제를 금지하자 중국이 강력 반발하고 나섰다. 중국인 관광객(유커)의 구매력을 앞세워 모바일 결제 시장을 빠르게 잠식하고 있는 중국을 견제하려는 것이라는 분석이 나온다.  6일 중국 인터넷 매체 펑파이 등에 따르면 베트남 정부는 중국의 대표적 모바일 결제 플랫폼 알리바바의 알리페이와 텐센트의 위챗페이에 대해 이달부터 전면 사용을 금지하는 조치를 내렸다. 이들 서비스가 탈세 수단으로 악용되고 있다는 이유에서다.   중국인이 소유한 일부 베트남 상점은 알리페이와 위챗페이 QR코드를 지원하는 단말기를 임의로 설치한 뒤 베트남 화폐가 아니라 중국 위안화로 결제하는 것으로 파악되고 있다. 결제대금은 중국 본토 계좌로 이체하는 방식으로 사실상 탈세를 하고 있다는 게 베트남 정부의 판단이다. 베트남 북동부의 하롱시 정부는 지난달 200만위안(약 3억3450만원)이 베트남 현지 은행이나 결제 중개기관을 거치치 않고 중국에 등록된 단말기로 결제 처리된 것을 뒤늦게 발견하기도 했다.  베트남 결제 중개기관인 VIMO 관계자는 “베트남 법률 체계와 관리의 허점을 이용해 현지 금융기관을 거치지 않은 거액의 자금이 중국으로 빠져나가고 있다”고 지적했다. 그는 또 “해외 통화 결제가 가능해지면서 많은 중국 기업이 자국 단말기나 모바일 결제 플랫폼을 가져오고 있다”고 전했다.  VIMO는 베트남에서 유일하게 승인받은 결제 중개기관으로 알리페이, 위챗페이와도 제휴를 맺고 있다. 원칙적으로 중국 관광객이 베트남 상점에서 모바일 결제 서비스를 이용하면 모든 정보가 VIMO를 거쳐 금융당국에보고된다. 하지만 유커들이 베트남에서 결제할 때 VIMO를 거치지 않는 사례가 많아지면서 타격을 입고 있다.  중국 정부는 중국인이 운영하는 상점에서 유커를 대상으로 모바일 결제를 지원하는 것과 베트남의 세수는 전혀 관련이 없다고 반박하고 있다. 중국 언론들은 “베트남은 중국인 관광객이 자주 찾는 해외 여행지인 만큼 이번 조치로 중국인 관광객까지 줄어드는 결과를 초래할 수 있다”고 비난의 목소리를 높였다.  베트남 정부의 이번 조치는 모바일 결제 시장을 빠르게 잠식하고 있는 중국 기업을 견제하려는 의도가 담겨있다는 분석도 나온다. 알리바바와 텐센트는 중국 모바일 결제 시장이 포화 상태에 이르자 동아시아를 중심으로 해외 시장을 적극 공략하고있다.  대표적으로 공을 들이는 지역이 베트남이다. 베트남을 찾는 중국인 관광객이 크게 늘고 있는 데다 베트남 모바일 결제 시장의 성장 가능성이 높아서다. 베트남 관광청에 따르면 2013년 191만 명이었던 중국인 관광객은 지난해 두 배 이상으로 증가한 400만 명에 달했다. 올 들어 4월까지 180만 명의 중국인이 베트남을 찾았다. 이는 베트남 전체 외국인 관광객의 32%에 이르는 수치다.  베트남에선 아직까지 현금 결제가 큰 비중을 차지하고 있다. 소비와 관련된 전체 거래의 65%가량이 현금으로 이뤄진다. 하지만 소득이 늘어나고 스마트폰 보급이 확대되면서 모바일 결제를 비롯한 전자결제가 활성화되는 추세다. 주요 은행은 핀테크(금융기술) 기업과의 협력을 확대하고 모바일 결제 앱(응용프로그램)을 개발하는 데 열을 올리고 있다.  베이징=강동균 특파원  kdg@hankyung.com    [ 무료 주식 카톡방 ] 국내 최초, 카톡방 신청자수 38만명 돌파 < 업계 최대 카톡방 > --> 카톡방 입장하기!! 40억 ""이것""통해 벌었다는 남성 알고보니 ""개인파산""한개그맨 A씨? ▶ <긴급공개> 2분기 이끌 新대장주 BEST 5 억대계좌 이종목에서 또 터진다! >> [바로확인]     관련기사 ""젊은 직장인들 모인다""…강북 도심 부활한 이유가 中 채권시장 잇단 디폴트… 인민銀, 유동성 공급 확대 계속되는 주한미군 철수설에…美 국방장관 결국 중국산車 '2차 공습' … ""아직 미풍, 곧 태풍될 것"" 남편에게 돈 벌어 오랬더니 하는 말이…아내 속앓이    ⓒ 한국경제 & hankyung.com, 무단전재 및 재배포 금지"
210,5,"2018-06-06","19:30:48","푸틴 ""북한에 안전보장 제공해야…북미회담 성과 기대""","[아시아경제 권해영 기자] 블라디미르 푸틴 러시아 대통령이 북한에 안전보장을 제공해야 한다는 뜻을 밝혔다.   6일 신화망 등 중국 언론에 따르면 오는 8일 상하이협력기구(SCO) 정상회의 참석차 중국을 국빈방문하는 푸틴 대통령은 중국 중앙광파전시와의 인터뷰에서 이 같은 입장을 전했다.   그는 ""북한의 안전보장에 대한 요구를 이해할 수 있다""며 ""안전보장에 대한 세부 조치와 시행 기간을 명시하긴 어렵지만 관련국들이 안전보장에 있어 여러 측면에서 참여할 수 있길 바란다""고 말했다.   이어 ""한반도 문제에서 러시아와 중국의 임장은 일치하며 양측은 한반도 문제 해결의 로드맵을 제시한 바 있다""며 ""중국이 역내 정세 완화를위해 많은 일을 한 것을 전적으로 지지한다""고 언급했다.   북한의 미사일 및 핵 실험을 중지 결정도 높이 평가했다.   푸틴 대통령은 ""북미정상회담의 성과를 매우 기대한다""며 ""러시아도 이번 회담의 성공을 위해 최선을 다하겠다""고 강조했다.    ●남북경협株 선취매 all 포착.. 실적 기반 차기 주도주 '바로' 이종목! (클릭) ●'부자네스탁론' 3년 고정금리 4.15% 100% 집중투자까지 ●'대박스탁론' 3년 고정금리 3.99% 100% 집중투자까지 ●500만원투자 단 6개월만에 3억달성! 원포인트 투자종목 공개   퇴직 후 백만원으로 ""35억""번 60대男 화제! 60대 김모씨가 퇴직 후 하게 된""이것""이 35억의 대박을...    터지기 전, 잡아라!! 상반기300%이상 상승이 기대되는 대박 테마주는? 이슈 전 선취매 주식고수들만 안다는 슈퍼 우량 테마주 남들보다 먼저 받아보기    권해영 기자 roguehy@asiae.co.kr   <ⓒ세계를 보는 창 경제를 보는 눈, 아시아경제(www.asiae.co.kr) 무단전재 배포금지>"
210,6,"2018-06-06","19:30:41","싱가포르 외교장관 7~8일 평양 방문…북미정상회담 협의","싱가포르 외교장관 7~8일 평양 방문…북미정상회담 협의   리용호 북한 외상 초청으로 공식방문     (서울=연합뉴스) 신지홍 기자 = 비비안 발라크리쉬난 싱가포르 외교장관이 7~8일 이틀간 평양을 방문한다고 AFP통신이 6일 보도했다.  오는 12일 열리는 역사적인 북미정상회담의 개최국인 싱가포르 외교부는 이날 성명에서 리용호 북한 외무상의 초청으로 발라크리쉬난 외교장관이 이틀 일정으로 평양을 공식 방문한다고 밝혔다.  shin@yna.co.kr   (끝)    <긴급속보 SMS 신청> <포토 매거진> < M-SPORTS >   <저작권자(c) 연합뉴스, 무단 전재-재배포 금지>"
210,7,"2018-06-06","19:30:25","쉐보레 ""韓서 SUV 비중 13%→63%로""..픽업트럭도 부산모터쇼서 깜짝등장","[머니투데이 부산=장시복, 김남이 ] [부산모터쇼 전야제서 이쿼녹스·트래버스·콜로라도 사전공개하며 SUV 강화 의지..트래버스, 빠르면 연내 국내 출시될 듯]   '쉐비 록스'(Chevy Rocks)   쉐보레가 내수 시장에서 SUV(다목적스포츠차량) 제품 라인업을 강화하겠다고 공식 선언했다. 2018 부산국제모터쇼에선 그간 국내에 없던 픽업트럭 '콜로라도'를 깜짝 공개한다.   카허 카젬 한국GM 사장은 6일 부산 영화의 전당에서 언론 대상 부산모터쇼 전야제를 열고 ""5년 간 15종의 신차를 출시하며 SUV 제품군을 확대, 내수 시장을 공략하겠다""고 밝혔다.   카젬 사장은 ""지금껏 쉐보레가 국내 시장에 선보이지 않았던 새로운 면모로 고객 요구에 부응할 것""이라고 밝혔다. 그러면서 ""차기 국내 생산 모델은 물론, SUV 최대 격전지인 미국 본토에서 성능·가치가 확인된 쉐보레 SUV의 국내 시장 출시를 기대해달라""고 덧붙였다.   이번 전야제를 통해 SUV 제품 출시 계획 윤곽도 드러냈다. 중형 SUV 이쿼녹스, 대형 SUV 트래버스, 픽업트럭 콜로라도 등 부산모터쇼 출품 모델도 사전 공개했다.   데일 설리번 한국GM 영업·서비스·마케팅 부사장은 ""쉐보레는 1935년 SUV의 개념을 처음 도입한 뒤 글로벌 SUV 시장 성장을 주도해왔다""며 ""올 1~5월 기준 13.7%선인 SUV 모델의 내수 판매 비중을 현재 향후 63%까지 끌어올릴 것""이라고 했다.   이쿼녹스는 '더 뉴 스파크'에 이어 출시되는 두 번째 신제품이다. 쉐보레는 오는 7일 부산모터쇼 프레스데이를 통해 이쿼녹스의 상세 제원과시판 가격을 발표하고, 전국 전시장에서 판매를 시작한다.   대형 SUV 트래버스는 빠르면 연내 국내 출시될 것으로 전망된다. 최근 진행한 쉐보레 온라인 고객 설문에서 최고 점수를 얻은 기대작이다. 이번 부산모터쇼에 출품된 트래버스는 최고급 버전으로 새로 출시한 하이 컨트리 모델이다.   중형 프레임바디 픽업트럭 '콜로라도'의 깜짝 등장도 주목된다. 국내 픽업트럭 시장 개화 가능성을 높이고 있다. 이번에 공개하는 콜로라도ZR2는 정통 오프로더를 지향한 디자인을 바탕으로 서스펜션과 휠·타이어가 튜닝된 최고급 모델이다. 쉐보레는 시장 반응을 살펴본 뒤 중장기적으로 픽업트럭 국내 도입 여부를 결정할 예정이다.   한편 부산모터쇼 사무국도 프레스데이를 하루 앞두고 이날 미디어 갈라디너 행사를 열어 자율주행기술과 지속가능성에 대한 초청 강연을 가졌다.   마틴 슈토이렌탈러 BMW코리아 이사가 '자율 주행 기술 및 전기차에 대한 전망'이라는 주제 발표에 나섰다. 또 류남규 현대자동차그룹 이사는'자율주행상용화를 위한 도전'이라는 타이틀로 강연했다.      주식담보대출도 이제 부담없는 금리로 가능(안내: 02-3775-1497)   ▶▶ 2018년! 하반기를 뜨겁게 달굴 ""급등 유력株"" TOP.10 긴급공개 (클릭)   ▶▶ 단독! 정책+수급+실적 3박자를 두루 갖춘 TOP 시크릿 급등 유망주 지금 공개 (클릭)     [파워 인터뷰]      [관련기사] ☞ '김정은 전용기 추락'…고사 지내는 日 우익들 ☞ '58년 개띠'의 은퇴…한국, 車 산업 변화가 시작된다 ☞ [사진]김문수 후보 유세차, 중앙선 넘어 역주행 ☞ '롯데월드타워 등반' 알랭 로베르, 75층서 중단  ☞ [영상]김문수유세차량 역주행 논란...취재진 요청 때문 아냐      주식매입자금? 전화 한통화면 당신은 스마트컨슈머!    최저금리로 신용·미수 대환 하는 가장 경제적인 방법 (바로 확인)   ‘개미’말고 ‘슈퍼 투자자’되고 싶다면?...‘이것’만 잘 이용해도 가능해요!       부산=장시복, 김남이   <저작권자 ⓒ '돈이 보이는 리얼타임 뉴스' 머니투데이, 무단전재 및 재배포 금지>"
211,1,"2018-06-06","19:16:52","'채무 제로' 외친 현역 단체장들… 지방선거戰 뜨거운 '진실공방'","흔들리는 풀뿌리 민주주의    ""빚 다 갚았다"" 선언 놓고 이재명-남경필 날선 공방   안동에선 '회계논쟁'까지      재정개혁 공약은 없고 저마다 '아전인수' 골몰     [ 박동휘 기자 ]  ‘6·13 지방선거’에서도 부실한 지방재정은 쟁점 중 하나다. 경기도, 안성시 등에선 현역 단체장의 ‘채무 제로’ 선언을 놓고 치열한 진실공방이 벌어지고 있다. 전문가들은 그러나 선거철마다 되풀이되는 공방일 뿐 진정한 재정개혁과는 거리가 멀다고 지적했다. 차입금을 다 갚았다고 주장하는 지방자치단체 중에선 정작 재정수지는 적자인 경우도 흔하다.  지난해 말부터 올해 초까지 전국 지자체는 앞다퉈 ‘채무 제로’ 도시가 됐음을 선언했다. 전남 고흥군은 지난 5일 전국에서 91번째 채무 없는 자치단체가 됐다는 내용의 보도 자료를 배포했다. 2017년 결산 결과 총자산이 3조491억원으로 10년 전보다 두 배 이상 많아졌다는 점도 자랑거리로 내세웠다.  차입금을 모두 갚았고, 예산 규모가 늘어났다는 건데 고흥군은 그 이유를 “최근 10년 동안매년 전국 군단위에서 가장 많은 지방교부세와 국비를 받은 결과”라고 설명했다. 고흥군의 재정자립도는 12.68%로 비슷한 규모의 지자체 평균(17.07%)보다 오히려 낮다. ‘채무 제로’ 역시 논란의 소지가 크다. 올해만 해도 세입에서 세출을 뺀 통합재정수지가 435 억원(올해 예산 기준) 적자로 2014년 이후 5년째 마이너스다. 전북 순창군 역시 올해 ‘채무 제로’를 선언했지만 통합재정수지는354억원 적자를 기록했다.  경기지사 선거에서도 재정 문제가 논쟁거리로 떠올랐다. 이재명 더불어민주당 후보는 지난달 15일 “남경필 자유한국당 후보의 경기지사 시절 채무 제로 선언은 거짓”이라고 공격했다. “(경기도의) 2017년 결산서와 올해 예산을 보면 작년 말 기준 지방채가 2조9910억원, 올해 6월 말 기준 기금 차입금이 5063억원 남아 있다”는 게 이 후보의 주장이다.  남 후보 측은 “올해 6월 말까지 돌아오는 채무를 모두 상환했다는 의미”라며 “지방채 원리금까지 포함시켜야 한다면 채무제로라고 선언한 지자체는 모두 거짓말을 한 것”이라고 반박했다. 염오동 대변인은 “2013년 이재명 후보가 성남시장에 취임하면서 모라토리엄(채무지급유예) 선언을 한 것이 정치적 쇼”라고 비판했다. “자신의 재임 기간에 치적을 쌓기 위해 있지도 않은빚을 못 갚겠다고 선언한 것”이라는 주장이다.  안동시 역시 무소속인 권영세 후보가 선거 현수막과 플래카드, 공보물에 ‘안동시 부채 완전 청산’이라는 문구를 사용하면서 논란이 벌어졌다. 한국당 권기창 후보 측은 지난 4일 기자회견을 열어 “권 후보의 주장은 날조된 허위사실”이라며 “안동시의 지방채 등을 감안한 총부채는 580억원”이라고 공박했다. 이준한 인천대 정치외교학과 교수는 “진정한 지방자치의 실현을 위해선 재정독립이 우선돼야 한다”며 “선거 때만 ‘반짝 관심’을 보이는 풍토도 문제”라고 지적했다.  박동휘 기자 donghuip@hankyung.com    관련기사 ""젊은 직장인들 모인다""…강북 도심 부활한 이유가 계속되는 주한미군 철수설에…美 국방장관 결국 허태정 ""정책으로 승부""… 박성효 ""도덕성 검증해야"" 與도 野도 ""사전투표율 높으면 유리"" 남편에게 돈 벌어 오랬더니 하는 말이…아내 속앓이    ⓒ 한국경제 & hankyung.com, 무단전재 및 재배포 금지"
211,2,"2018-06-06","19:16:00","[선택 6.13]與, 광역단체 여론조사 14곳 1위…한국, TK만 선두","- 6일 발표 지상파 방송3사 의뢰 여론조사 결과 - 보수 텃밭 부울경도 민주·한국 오차범위 밖 차 - 조사결과 대로면 2006년 한나라당12곳 경신      [이데일리 노진환 기자] 제7회 전국동시지방선거 및 국회의원 재보궐선거를 일주일 앞두고 있는 6일 서울역 역사에 마련된 남영동 사전투표소 앞에서 시민들이 투표 절차를 살펴보고 있다. 사전투표는 오는 8일과 9일 이틀간 전국 3천 512개의 사전투표소에서 일제히 실시된다.[이데일리 유태환 기자] 집권여당인 더불어민주당이 6.13 지방선거 광역단체장 선거에서 TK(대구·경북)와 제주를 제외한 14곳에서 선두를 달리고 있다는 여론조사 결과가 발표됐다. 반면 제1야당인 자유한국당은 ‘보수의 심장’인 TK 2곳에서만 겨우 선두를 기록했다.  ◇與, 조사결과대로면 역대급 승리 가시화  칸타퍼블릭과 코리아리서치센터, 한국리서치는 6일 지상파 방송 3사(KBS·MBC·SBS) 의뢰로 지난 2일부터 5일까지각 시·도에 거주하는 만 19세 이상 남녀 800~1008명을 대상으로 조사한 결과 이같이 나타났다고 밝혔다. 만약 해당 조사대로 선거결과가 나올 경우 참여정부 시절인 2006년 제4회 전국동시지방선거에서 한나라당(현 한국당)이 거뒀던 광역단체장 12곳 승리 기록을 경신하게 된다.  이번 조사에서는 그동안 보수의 텃밭이라고 여겨져 온 부·울·경(부산·울산·경남)에서도 민주당이 한국당을 오차범위 밖에서 앞서는지지율이 나왔다. 문재인 대통령의 복심이자 고(故) 노무현 대통령의 마지막 비서관인 김경수 민주당 경남지사 후보는 43.3% 지지율로 27.2% 의 김태호 한국당 후보와 2.2%의 김유근 바른미래당 후보를 앞섰다.  오거돈 민주당 부산시장 후보는 50.5% 지지율을 기록해 서병수 한국당(20.4%) 후보를 더블스코어 이상으로 따돌렸다. 이외 부산에서는 이성권 바른미래당 후보 2.3%, 박주미 정의당 후보 1.3%, 이종혁 무소속 후보 1.0% 순이었다. 송철호 민주당 울산시장 후보 역시 44.4% 지지율로 조사돼 김기현 한국당 후보(24.9%), 김창현 민중당 후보(3.0%), 이   영희 바른미래당 후보(1.0%)보다 우위였다.  심지어 대구시장 조사에서도 지지율 1위는 권영진 한국당 후보(28.3%)였지만 임대윤 민주당 후보(26.4%)와 오차범위 내 접전을 벌였다. 김형기 바른미래당 후보는 4.1%였다. 다만 경북지사에서는 이철우 한국당 후보가 29.4%로 21.8%를 기록한 오중기 민주당 후보를 오차범위 밖에서 앞서 자존심을 지켰다. 권오을 바른미래당 경북지사 후보는 4.2%, 박창호 정의당 후보는 0.9% 지지율이었다.  ◇與, 수도권 전지역서 2위와 더블스코어  수도권에서 역시 민주당 후보와 한국당 후보들 간 지지율 격차가최소 20%포인트였다. 박원순 민주당 서울시장 후보는 49.3% 지지율로 김문수 한국당(13.6%) 후보와 안철수 바른미래당 후보(10.7%) 지지율의합보다 훨씬 앞섰다. 서울은 이외 김종민 정의당(1.3%)·신지예 녹생당(1.2%)·이종혁 무소속(1.0%)·김진숙 민중당(0.1%)·인지연 대한애국당(0.1%) 후보 순이었다.  경기지사에서는 이재명 민주당 후보가 48.6% 지지율로 선두였고, 남경필 한국당(19.4%)·김영환 바른미래당(1.9%)·이홍우 정의당(1.1%)·홍성규 민중당(0.5%) 후보가 뒤를 이었다. 인천시장도 박남춘 민주당 후보가 40.6% 지지율로 유정복 한국당(19.2%)·문병호 바른미래당(1.7%)·김응호 정의당(1.2%) 후보를 제쳤다.  역대 선거에서 ‘캐스팅보트’로 평가받아온 충청권에서는 대전시장이 허태정 민주당(43.0%)·박성효 한국당(19.3%)·남충희 바른미래당(4.2%)·김윤기 정의당(1.4%) 후보 순이었다. 세종시장은 이춘희 민주당 후보가 과반인 51.5% 지지율로 조사돼 송아영 한국당(9.7%)·허철회 바른미래당(3.8%) 후보와 차이가 컸다.  충북지사는 이시종민주당(47.8%)·박경국 한국당(14.3%)·신용한 바른미래당(3.3%) 후보 순이었고, 충남지사는 양승조 민주당 후보가 40.4% 지지율로 이인제 한국당(19.6%)·차국환 코리아(0.3%) 후보와 격차를 벌렸다.  ◇호남서도 압도적 1위…제주, 원희룡 선두  ‘진보의 심장’ 호남에서는 민주당 후보들이 모두 과반이상 지지율을 기록했다. 광주시장에서는 이용섭 민주당 후보(60.7%)가 1위로 나경채 정의당(3.0%)·윤민호   민중당(2.5%)·전덕영 바른미래당(2.2%) 후보는 모두 한 자릿수 지지율에 그쳤다.  전북지사는 송하진 민주당(54.5%)·임정엽 민주평화당(10.2%)·권태홍 정의당(2.8%)·신재봉 한국당(0.9%)·이광석 민중당(0.6%) 후보 순서였다. 전남지사 역시 김영록 민주당 후보가 53.7% 지지율로 1위, 민영삼 평화당(4.9)·노형태 정의당(2.7%)·이성수 민중당(2.2%)·박매호 바른미래당(1.5%) 후보가 뒤를 이었다.  강원지사 역시 최문순 민주당 후보가 45.9% 지지율로 정창수 한국당 후보(16.6%)와 격차가 컸다. 제주지사에서는 원희룡 무소속 후보가 39.3%를 기록해 유일한 무소속 1위로 조사됐다. 문대림 민주당 제주지사 후보는 28.8%, 고은영 녹생당 후보는 3.0%, 김방훈 한국당 후보는 2.5% 였다.  한편 인용된 여론조사는 칸타퍼블릭과 코리아리서치센터, 한국리서치가 지상파 방송3사(KBS·MBC·SBS) 의뢰로 지난 2~ 5일 간 유·무선 전화면접조사(유선 16~25%·무선 75~84% 내외) 방식으로 실시했다. 응답률은 각 시·도별로 14.0%~26.0%, 표본오차는 각 시·도별로 95%신뢰수준에서 ±3.1~±3.5%포인트다. 보다 자세한 내용은 중앙선거여론조사심의위원회 홈페이지를 참고하면 된다.  ▶계좌회복프로젝트! 상위 전문가의 투자전략 및 추천종목‘[무료확인]’ ▶14년 연속 1위, 대한민국 대표 스탁론 하이스탁론 '    ' ＜ⓒ종합 경제정보 미디어 이데일리 - 무단전재 & 재배포 금지＞   "
211,3,"2018-06-06","19:15:57","전 캠프 관계자 ""박근혜 대선캠프, 매크로 돌렸다""","전 캠프 관계자 ""박근혜 대선캠프, 매크로 돌렸다""  라디오인터뷰 ""상당수 청와대 홍보수석실로 들어가""    (서울=연합뉴스) 이한승 기자 = 지난 2012년 대선 때 박근혜 전 대통령(당시 후보)의 선거캠프가 매크로(동일작업 반복 프로그램)를 이용해 댓글조작을 했다는 의혹이 제기됐다.  자유한국당 전신인 당시 새누리당 대선캠프에서 디지털종합상황실장을 맡은 것으로 소개된 박철완 씨는 6일 CBS 라디오 '김현정의 뉴스쇼'에 출연해 ""네거티브가 나올 때 네거티브로 대응하지만, 아군 쪽의 문제점도 체크하는 역할을 했다""면서 이같이 밝혔다.    그는 ""온라인에서 여론조작에 상응하는 불법 행위를 하지 말라고 경고했지만 왜 불법이냐고 반문하는 사람들이 많았다""며 ""지시가 떨어지면 (매크로) 프로그램을 돌려서 (트위터) RT(리트윗) 회수가 수백 회에서 거의 1천회 가깝게 돌아갔다""고 말했다.  그러면서 ""당시 불법적 온라인 선거운동을 했던 사람들 중에 상당수가 청와대 홍보수석실 행정관 내지 행정요원으로 흘러 들어갔다. 제가 파악한 바로는 4~5명 정도""며 ""김한수 전 행정관이 핵심 중에 하나""라고 주장했다.  김 전 행정관은 최순실이 사용했다는 태블릿 PC 개통자다.  박 씨는 ""2014년 지방선거 때도 같은 패턴이 반복됐다고 봐도 될 것 같다""며 ""이정현 의원이 많은 것을 알고 있다""고 덧붙였다.  jesus7864@yna.co.kr   (끝)    <긴급속보 SMS 신청> <포토 매거진> < M-SPORTS >   <저작권자(c) 연합뉴스, 무단 전재-재배포 금지>"
211,4,"2018-06-06","19:15:54","[여론조사]호남권, 민주당 50% 이상 지지율 '압도'…제주는 원희룡 우세","[머니투데이 김하늬 기자] [[the300][6.13 D-7]방송3사 여론조사 결과…이용섭 민주당 광주시장 후보 60% 넘겨]    6.13 지방선거의 마지막 여론조사 공표일인 6일, 호남 지역 광역단체장 지지율 그래프가 민주당의 낙승을 가리키고 있다.   KBS·MBC·SBS 등 지상파 3사와 방송협회가 구성한 '방송사 공동 예측조사위원회(KEP)'가 칸타퍼블릭, 리서치 앤 리서치, 코리아리서치센터등 3개 여론조사기관에 의뢰해 지난 2~5일 실시한 17개 광역단체장 선거 여론조사 결과 광주, 전남, 전북 3곳에서 민주당이 50% 이상의 강력한 지지율을 나타냈다.   먼저 광주시장선거는 이용섭 민주당 후보가 60.7%의 압도적인 지지를 받고 있는 것으로 나타났다. 나경채 정의당 후보(3.0%), 윤민호 민중당후보(2.5%), 전덕영 바른미래당 후보(2.2%) 모두 한자리 수 지지율에 그쳤다.   전남지사도 김영록 민주당 후보가 5.37%로 독주하고 있다. 이어 민영삼 민주평화당 후보(4.9%), 노형태 정의당 후보(2.7%), 이성수 민중당 후보(2.2%), 박매호 바른미래당 후보(1.5%) 순이다.   전북지사의 경우 송하진 민주당 후보가 54.5%를 얻어 임정엽 민주평화당 후보(10.2%)에 다섯 배 이상 앞서있다. 권태홍 정의당 후보(2.8%),신배종 자유한국당 후보(0.9%), 이광석 민중당 후보(0.6%)도 있다.   한편 제주지사는 무소속 원희룡 후보의 우세가 점쳐진다. 원 후보는 39.3%를 업어 1위에 올랐다. 2위는 28.8%를 얻은 문대림 민주당 후보로, 두 후보의 격차는 오차범위 밖인 10.5%포인트로 나타났다.    중앙선거관리위원회는 사전투표 하루 전날인 오는 7일부터 본 투표가 모두 종료되는 오는 13일 오후 6시까지 여론조사 공표를 금지한다.   ◇조사개요=KBS·MBC·SBS 등 지상파 3사와 방송협회가 구성한 '방송사 공동 예측조사위원회(KEP)'가 칸타퍼블릭·리서치앤 리서치·코리아리서치센터 등 3개 여론조사기관에 의뢰. 지난 2~5일 전국 만 19세 이상 유권자를 지역별로 서울, 부산, 경기, 경남은 천명 나머지 지역은 800명 이상씩을 유무선 전화면접 방식으로 조사했다. 응답률은 14~26%, 표본오차는 95% 신뢰수준에서 ±3.1~3.5%포인트. 자세한 조사개요와 결과는 중앙선거여론조사심의위원회 홈페이지 참조.      주식담보대출도 이제 부담없는 금리로 가능(안내: 02-3775-1497)   ▶▶ 2018년! 하반기를 뜨겁게 달굴 ""급등 유력株"" TOP.10 긴급공개 (클릭)   ▶▶ 단독! 정책+수급+실적 3박자를 두루 갖춘 TOP 시크릿 급등 유망주 지금 공개 (클릭)     [파워 인터뷰]      [관련기사] ☞ '김정은 전용기 추락'…고사 지내는 日 우익들 ☞ 한지민, 헌시 낭송…박근혜 정부 땐 '현빈·이서진'  ☞ '58년 개띠'의 은퇴…한국, 車산업 변화가 시작된다 ☞ [사진]김문수 후보 유세차, 중앙선 넘어 역주행 ☞ '롯데월드타워 등반' 알랭 로베르, 75층서 중단       주식매입자금? 전화 한통화면 당신은 스마트컨슈머!    최저금리로 신용·미수 대환 하는 가장 경제적인 방법 (바로 확인)   ‘개미’말고 ‘슈퍼 투자자’되고 싶다면?...‘이것’만 잘 이용해도 가능해요!       김하늬 기자 honey@mt.co.kr    <저작권자 ⓒ '돈이 보이는 리얼타임 뉴스' 머니투데이, 무단전재 및 재배포 금지>"
211,5,"2018-06-06","19:15:22","""英 선거 당선 잣대는 '매니페스토'… 포퓰리즘 어림없어요""","흔들리는 풀뿌리 민주주의     한인 출신 첫 英 지방선거 당선자 권보라 씨     [ 박종필 기자 ] “영국 선거에서 매니페스토는 후보의 자질을 판단하는 기준이 됩니다. 당락을 좌우한다고 보면 됩니다.”  지난달 3일 열린 지방선거에서 영국 노동당 소속으로 출마해 카운슬러(지방의원)로 당선된 권보라 씨(사진)는 “주민 생활과 밀접한 실용적인 모든 문제가 매니페스토의 대상이 된다”며 이같이 말했다. 매니페스토는 구체적인 예산계획과 추진 일정을 갖춘 공약을 뜻한다.  권씨는 영국에서 한인으로는 첫 선출직 공직자다. 그의 지역구는 런던 해머스미스자치구에 속한 레이번스코트 파크 워드(ward)다. 워드는 영국 지방의회를 구성하는 선거구로 한국의 구(區)에 해당한다. 권 의원은 동포 거주 비율이 낮은 데다 노동당 열세지역으로 분류됐던 곳에서 “공약과 진심만으로 승부했다”는 게 그의 당선 소감이다.  권 의원은 노동당도 지역주민과 평당원이 후보 공약설계 과정에직접 참여한다고 설명했다. 지역 당원들이 공개모임을 열면 시민단체와 직장·직능별로 나눠진 그룹의 의견을 듣는 과정을 거쳐 공약집을 제작한다고 소개했다. 그는 “시민들이 낸 아이디어는 실현 가능한 것과 불가능한 것, 지금은 어렵지만 미래에 가능한 것 등 3단계로 구분한다”며 “이 과정에서 지방정부 예산을 고려하지 않는 포퓰리즘(대중인기영합주의)는 설 자리가 없다”고 말했다.  권 의원은 자전거도로 공약을 예로 들었다. “단순히 도로를 놓겠다고 하는 것만으로는 안 된다”는 것이다. “공기질 개선과 건강을 위해 자전거를 타겠다는 데는 공감하지만 왜 하필 자전거도로를 여기에 놔야 하는지에 대해선 이해당사자를 설득해야 한다”는 설명이다.  카운슬러는 겸업 정치를 한다. 당선돼도 본업을 하고, 지방의회는 일과가 끝난 뒤 저녁에 열린다.  런던=박종필 기자 jp@hankyung.com    관련기사 ""젊은 직장인들 모인다""…강북 도심 부활한 이유가 재정자립도 최악인데… 郡의원 가슴엔 60만원짜리 '순금 배지' 계속되는 주한미군 철수설에…美 국방장관 결국 남편에게 돈 벌어오랬더니 하는 말이…아내 속앓이 ""日 기초의회 '상시 개원'으로 전환… 지방 행정권력 견제·감시 강화""    ⓒ 한국경제 & hankyung.com, 무단전재 및 재배포 금지"
211,6,"2018-06-06","19:15:00","[이 사람]'가락시장 재도약' 발판 마련한 박현출 서울시농수산식품공사 사장","[아시아경제 박종일 기자] 박현출 서울시농수산식품공사 사장(62) 취임 후 낡은 유통관행 개선과 가락시장 현대화 등 굵직한 사업을 펼쳐 가락시장의 ‘제2도약 기반'을 마련했다는 평가를 받는 등 눈부신 실적이 화제가 되고 있다.   가락시장(54만3000㎡)은 국내 최초 공영도매시장으로 1985년6월 개장, 유럽에서 가장 큰 프랑스 헌지스시장이나 미국 뉴욕시장, 일본 오따시장 보다 더 많은 연간 250만톤(하루 8233톤)을 거래하는 세계 최대 규모 물량을 취급하는 도매시장으로 성장했다.   이는 전국 33개 공영도매시장에서 거래하는 물량의 35%를 차지, 농어민에게 안정적인 판로와 기준가격을 제공함은 물론 서울시민이 소비하는청과류 물량의 약 50%를 공급, 우리나라 농수산물 유통의 중심 역할을 수행하고 있다.   이런 세계 최대 규모 공영도매시장으로 성장한 가락시장의 CEO로 큰 성장 발판을 마련한 박현출 서울시농수산식품공사 사장의 지난 3년간 실적에 관심이 집중되고 있다.   박 사장은 아시아경제 기자와 만나 ""가락시장의 이같은 눈에 띄는 큰 성장에도 불구, 2015년 4월 취임해 보니 가락시장은 겨울에는 영하 15도까지 떨어지는 혹한 속에서 상품이 얼지 않도록 난로를 피우고, 여름에는 40도까지 올라가는 열악한 영업환경 속에서 소중하게 출하된 농수산물을 거래하고 있었다""고 토로했다.   특히, 여름철에는 대형차량에 낱개로 실린 수박을 한통씩 손으로 만지며 선별하고 하역·진열하느라, 경매 대기 시간이 길어져 선도 저하 및수취가 하락은 물론 시장 혼잡 비용과 운송 대기료 등 불필요한 물류비를 발생시키는 비효율적 관행들이 여전히 유지되고 있었다.   박 사장은 “대한민국을 대표한다는 가락시장의 대외적 명분과는 달리 시장 내부의 낙후된 유통현장의 모습은 많은 고민을 하게 만들었고, 그 해법을 찾아 하나씩 풀어 나가야 했다”고 말했다.     ◆취임 이후 투명한 유통시스템 정착부터 추진...정산회사 설립 농수산물 판매 다음날 대금 일괄지급    먼저 생산자·출하자를 보호하기 위해서 국내 최초로 출하대금 정산회사(조합)를 중도매인 직접거래품목 뿐 아니라 시장도매인까지 확대시킴으로써 투명한 유통시스템을 정착시켰다.   중도매인·시장도매인이 출하자에게 대금을 직접 지급하던 방식의 경우 개별 중도매인·시장도매인의 부도, 대금정산 지연, 감가정산 등이 발생할 우려가 있었으나 정산회사 설립 이후에는 농수산물을 판매한 다음날 대금이 즉시 정산회사를 통해 일괄 지급됨으로써 출하자들의 대금미정산 위험이 해소됐다.   박 시장은 “또, 개별 중도매인이나 시장도매인의 보증이 아닌 공사와 중도매인 및 시장도매인이 각각 50%의 지분을 출자, 책임을 질 수 있도록 함으로써 그 동안 가장 우려가 컸던 출하대금의 안정성을 튼튼한 기반위에 올려놓았다”고 말했다.   이로써 출하자·농어민이 대금정산의 안정성을 확보한 가락·강서시장의 도매시장법인 뿐 아니라 중도매인 또는 시장도매인과 거래에 있어서도 출하대금 정산 걱정에서 벗어나 자유롭게 선택해 출하할 수 있도록 도매시장의 대금정산 기반을 안전하게 조성한 것이다.   또 지난해는 출하자에게 부담이 전가되던 표준하역비를 더 이상 도매시장법인이 출하자에게 부담을 떠넘기지 못하도록 조례 시행규칙을 개정, 제도적으로 부류별· 품목별 상한선을 설정, 운영토록 했다.   ◆농어업인단체,연합마케팅 조직,농협,출하자단체 등으로 생산자·출하자협의회 구성...가락시장 현대화 사업 등 추진    이와 함께 도매시장의 가장 중요한 고객인 생산자·출하자의 편의 증진 및 권익 보호를 위한 농어업인 단체, 연합마케팅 조직, 농협·출하단체 등으로 생산자·출하자협의회를 구성, 가락시장 현대화사업, 거래제도 개선 등 유통환경 변화와 관련 지속적으로 협의하고 소통을 강화했다.   또, 도매시장별 정가수의매매 확대와 중도매인 직접거래품목 지정 등 탄력적인 거래제도 운영과 강서시장 시장도매인 증설로 출하자·농어민의 선택권을 확대, 가락시장 실시간 반입물량과 가격정보 등 ‘원하는 정보’를 ‘원하는 시간’에 맞춤형 유통정보를 제공함으로써 2017년연간 1억1000만 건 이상 이용, 생산 단계에서부터 소비 단계까지 정보이용자들의 이용편의를 높이고, 신속한 의사결정에 큰 도움을 준 것으로 평가받고 있다고 자랑했다.     특히 소비자·시민을 위한 안전한 농수산물 공급 기반 조성과 언제든지 도매시장의 상품을 구매할 수 있는 사이버몰 ‘가락24’ 운영으로 온라인 쇼핑 토대를 마련했다.   특히, 가락시장 공식 온라인 쇼핑몰 ‘가락24’를 2015년10월부터 오픈, 구매자가 직접 도매시장을 방문하지 않고도 신선한 농수산물을 바로구매할 수 있도록 해 연간 587억원 매출을 달성, 해마다 큰 폭으로 성장을 거듭해 소비자의 안전하고 편리한 쇼핑에 많은 기여를 하고 있다.  이와 함께 국가 공인 농산물 안전성 검사기관으로 지정 받아 잔류농약검사 뿐 아니라 2015년6월부터 농산물 중금속 안전성 검사장비와 전문인력을 확충, 검사 건수도 종전 일평균 27건(2015년)에서 연구용역을 통해 도출된 92건(2017년)으로 단계적으로 확대함으로써 안전성 검사건수가 연간 4만7000여 건, 등급표준화 검사건수는 26만 여 건을 진행(2017년)하여 소비자 시민의 식탁에 오르는 농수산물 식품의 안전성을 확보하는 관문의 역할을 충실히 할 수 있도록 최선의 노력을 기울이고 있다고 소개했다.   ◆가락시장 현대화 난관 뚫고 정상화 궤도 올려 놓아...단체와 공사 직원들 ""박 사장 아니면 해내기 힘들었던 과제 풀어내"" 칭찬    그러나 이런 실적을 내면서도 어려움도 컸다. 무엇보다 가락시장 현대화 사업이 가장 힘든 사업이었다고 토로했다.   박 사장은 “가락시장 현대화 1단계 사업으로 준공(2015년2월)된 가락몰로 임대유통인(청과·수산·축산·건어·식품 등 1138명)을 이전하는 사업이 가장 힘들게 진행됐던 것 같다”고 토로했다.   가락시장의 도매권역 현대화 사업 추진을 위해서는 청과직판 상인 이전을 통한 시설현대화사업 부지 확보가 첫 번째로 필요했다. 단계별 순환개발 방식으로 진행되는 현대화사업은 공구별로 ‘퇴거’>‘철거’=>‘건설’=>‘입점’의 사업이 순차적으로 이루어질 때 비로소 하나의 공구가 마무리 되고 다음 단계로 갈 수 있기 때문이다.   특히, 가락몰 지하에 배정된 청과직판 상인 (661명)들이 ‘지하’라는 이유로 이전을 거부하는 가운데 다자간협의체(서울시·시의회·공사·청과직판)를 운영, 가락몰 이전 지원 및 현장설명회 등을 개최, 동시에 가락몰 물류를 개선하고 지원토록 했다.   그 결과 청과직판 상인 중 절반이 먼저 2016년말 이전했으나 나머지(330명)는 그대로 잔류하며 이전을 강력하게 반대했다.   이와 함께 법원의 명도판결에 따라서 법원에서 청과직판 명도점포 강제집행을 예고(2017.2~3월)하려고 했으나 청과직판 상인들이 집단으로 저항하며 방해, 변화를 거부하며 생존권을 다투는 상인들의 저항이 결코 만만치 않았다.   이 과정에서 공사 직원들과도 물리적 충돌이 발생하는 등 갈등이 최고조에 달하기도 했다.   이런 가운데도 공사와 청과직판 미이전자조합 간 이전협상을 지속적으로 추진, CEO면담 등을 통해 지난해 4월 가락몰 이전 합의를 도출했다.  즉시 이전을 희망하는 경우 가락몰로 이전, 한시적 잔류 희망자(177명)는 임시부지(2차)를 경유해 내년 9월까지 가락몰로 입주키로 했다.     박 사장은 “올 1월 모든 상인이 이전함으로써 도매권역 건립부지가 확보돼 단계별 현대화사업의 원활한 추진이 가능하게 됐다”며 “이전에협조 해 주신 임대유통인과 끝까지 하나 된 열정으로 일을 성공적으로 추진한 공사 직원들에게도 감사를 드린다”고 밝혔다.   또, 2009년도 수립됐던 가락시장 도매권역 현대화사업 보완 계획을 농림축산식품부와 기획재정부로부터 승인을 받아 2016년12월 유통환경 변화와 총사업비(기존 6759억 원 =>7483억원) 및 사업기간(기존 2009~2018년 => 변경 2009~2025년) 현실화를 확정함으로써 친환경 미래 도매시장으로의 발전 토대를 새롭게 놓았다.   또, 앞으로 건설할 도매권역 현대화사업(채소2동)의 경우에는 이 같은 장애를 사전에 예방하고 원활한 사업을 추진하기 위해서 설계단계부터80여 차례에 걸쳐 협의와 설명회 등을 개최, 대상 중도매인들의 동의(92.5%)를 확보했다.   공사 고위 관계자는 기자에게 ""박 사장이 아니었으면 가락 시장의 오늘과 같은 변화를 보기 쉽지 않았을 것""이라고 말하는 것을 볼 때 큰 업적을 이룬 CEO라는 것을 직감할 수 있었다.   박 사장은 행정고시 25회 출신으로 농림수산식품부 축산국장·농정국장과 기획조정실장을 지낸 후 차관급인 농진청장을 마치고 지난 2015년4 월 공모를 통해 공사 15대 사장으로 부임, 올 4월 정해진 3년 임기를 마치고, 지금은 후임 사장이 올 때까지 업무를 수행하고 있다.    ●남북경협株 선취매 all 포착.. 실적 기반 차기 주도주 '바로' 이종목! (클릭) ●'부자네스탁론' 3년 고정금리 4.15% 100% 집중투자까지 ●'대박스탁론' 3년 고정금리 3.99% 100% 집중투자까지 ●500만원투자 단 6개월만에 3억달성! 원포인트 투자종목 공개   퇴직 후 백만원으로 ""35억""번 60대男 화제! 60대 김모씨가 퇴직 후 하게 된""이것""이 35억의 대박을...    터지기 전, 잡아라!! 상반기300%이상 상승이 기대되는 대박 테마주는? 이슈 전 선취매 주식고수들만 안다는 슈퍼 우량 테마주 남들보다 먼저 받아보기    박종일 기자 dream@asiae.co.kr   <ⓒ세계를 보는 창 경제를 보는 눈, 아시아경제(www.asiae.co.kr) 무단전재 배포금지>"
211,7,"2018-06-06","19:14:54","[여론조사]한국당 우위…오차범위 대구","[머니투데이 이재원 기자] [[the300][6.13 D-7] 방송 3사 여론조사 결과…경북지사 이철우·대구시장 권영진 1위]      더불어민주당의 지지율이 대구·경북(TK)에서도 40%를 넘나들지만, 여전이 벽이 높다. 6·13 지방선거가 일주일 앞으로 다가온 가운데 대구·경북에서는 더불어민주당이 높은 당 지지율에도 불구, 승세를 잡지 못한 것으로 조사됐다.   KBS·MBC·SBS 등 지상파 3사와 방송협회가 구성한 '방송사 공동 예측조사위원회(KEP)'가 칸타퍼블릭, 리서치 앤 리서치, 코리아리서치센터등 3개 여론조사기관에 의뢰해 지난 2~5일 실시한 17개 광역단체장 선거 여론조사 결과 경북도지사와 대구시장은 자유한국당 후보들이 우세한 것으로 조사됐다.   경북지사는 이철우 한국당 후보가 29.4%로 우위를 점했다. 오중기 민주당 후보는 21.8%의 지지를 얻었다. 권오을 바른미래당 후보는 4.2%, 박창호 정의당 후보는 0.9%를 기록했다.   대구시장은 치열하다. 권영진 한국당 후보가 28.3%, 임대윤 민주당 후보가 26.4%를 차지했다. 오차범위 안팎의 차이지만 이 후보가 앞서고 있다. 김형기 바른미래당 후보는 4.1%를 기록했다.   이번 조사는 지방선거 이전 마지막 여론조사다. 오는 7일부터 선거 당일까지 여론조사 공표가 금지된다.    ◇조사개요=KBS·MBC·SBS 등 지상파 3사와 방송협회가 구성한 '방송사 공동 예측조사위원회(KEP)'가 칸타퍼블릭·리서치앤 리서치·코리아리서치센터 등 3개 여론조사기관에 의뢰. 지난 2~5일 전국 만 19세 이상 유권자를 지역별로 서울, 부산, 경기, 경남은 천명 나머지 지역은 800명 이상씩을 유무선 전화면접 방식으로 조사했다. 응답률은 14~26%, 표본오차는 95% 신뢰수준에서 ±3.1~3.5%포인트. 자세한 조사개요와 결과는 중앙선거여론조사심의위원회 홈페이지 참조.      주식담보대출도 이제 부담없는 금리로 가능(안내: 02-3775-1497)   ▶▶ 2018년! 하반기를 뜨겁게 달굴 ""급등 유력株"" TOP.10 긴급공개 (클릭)   ▶▶ 단독! 정책+수급+실적 3박자를 두루 갖춘 TOP 시크릿 급등 유망주 지금 공개 (클릭)     [파워 인터뷰]      [관련기사] ☞ '김정은 전용기 추락'…고사 지내는 日 우익들 ☞ '58년 개띠'의 은퇴…한국, 車 산업 변화가 시작된다 ☞ 한지민, 헌시 낭송…박근혜 정부 땐 '현빈·이서진'  ☞ [사진]김문수 후보 유세차, 중앙선 넘어 역주행 ☞ '롯데월드타워 등반' 알랭 로베르, 75층서 중단       주식매입자금? 전화 한통화면 당신은 스마트컨슈머!    최저금리로 신용·미수 대환 하는 가장 경제적인 방법 (바로 확인)   ‘개미’말고 ‘슈퍼 투자자’되고 싶다면?...‘이것’만 잘 이용해도 가능해요!       이재원 기자 jaygoo@mt.co.kr    <저작권자 ⓒ '돈이 보이는 리얼타임 뉴스' 머니투데이, 무단전재 및 재배포 금지>"
212,1,"2018-06-06","19:00:00","오늘의 부고 종합","[이데일리 편집국] △조성옥 씨 별세, 문신학(산업부 원전산업정책국장) 씨 장모상 = 5일 오후 8시, 전남 화순 전남대의대병원 장례식장 1호실, 발인 8일 오전 10시, 061-379-7433.  ▶계좌회복프로젝트! 상위 전문가의 투자전략 및 추천종목‘[무료확인]’ ▶14년 연속 1위,대한민국 대표 스탁론 하이스탁론 '    ' ＜ⓒ종합 경제정보 미디어 이데일리 - 무단전재 & 재배포 금지＞   "
212,2,"2018-06-06","18:58:46","지식산업센터 인기 지속… 동탄 '금강펜테리움' 1차 완판","1주일 만에 모두 주인 찾아  13일까지 2차분 청약 접수     [ 민경진 기자 ] 입지여건이 뛰어난 지식산업센터의 인기가 지속되고 있다. 경기 동탄테크노밸리 금강펜테리움 IX 타워(조감도) 1차 공급 물량이 계약 시작 1주일만에 완판됐다. 각종 세제 혜택에 입지조건도 뛰어난 편이어서 이달 2차 분양을 앞두고 기업의 분양 문의가 이어지고 있다.  6일부동산업계에 따르면 이달 수도권에서만 17개 지식산업센터가 분양 중이거나 분양될 예정이다. 이 가운데 금강주택이 경기 동탄2신도시 동탄테크노밸리에서 분양 중인 ‘금강펜테리움 IX 타워’ 1차 물량(15만3628㎡)이 계약을 시작한 지 1주일 만에 모두 주인을 찾았다.  금강주택관계자는 “통상적으로 지식산업센터가 분양을 마치는 데 1년 정도 소요된다”며 “금강펜테리움 IX 타워는 매우 이례적인 분양 열기를 보이고 있다”고 말했다.  업계에서는 지식산업센터도 ‘옥석 가리기’가 시작됐다는 말이 나온다. 한국산업단지공단이 승인한 전국 지식산업센터는 2015년 65건, 2016년 90건, 2017년 108건으로 꾸준히 증가했다. 작년 상반기만 해도 금강주택을비롯한 전문업체들이 공급했지만, 사업성이 입증된 뒤 대형 건설사까지 뛰어들어 공급량이 꾸준히 증가하는 추세다.  이 가운데 금강펜테리움 IX 타워는 입지 조건이 잘 갖춰져 있어 분양 시작 전부터 입주를 희망하는 기업이 많았다는 설명이다. 동탄테크노밸리는 수서고속철도(SRT) 및 수도권광역급행철도(GTX·2021년 개통 예정) 노선과 인접해 서울 접근성이 뛰어나고 경부고속도로, 용인서울고속도로, 제2외곽순환도로 등을 거쳐 전국 각지로 이동하기 편리하다.  삼성전자 화성·기흥·수원 사업장, LG전자 평택디지털파크, 화성동탄일반산업단지, 평택진위일반산업단지 등이 가까워 주변 산업과 연계해 상승효과를 기대할 수 있는 입지다.  입주기업을 위한 혜택도 따른다. 금강펜테리움 IX 타워 입주 기업은 총분양액의 80% 이상을 장기저리로 융자받을 수 있어 초기 비용을 절감할 수 있다. 취득세(50%), 재산세(37.5%) 감면 혜택도 있다. 서울, 수원, 성남 등 수도권 과밀억제권역에서 이전해온 법인은 4년간 법인세를 100% 면제받는다.  금강주택은 조기 완판한 1차분에 이어 이달 13일까지 2차분(7만9886㎡) 물량의 청약신청을 받는다. 이번 물량에는 섹션오피스형 지식산업센터가 포함돼 있다. 일부 고층 물량은 동탄신도시가 한눈에 내려다보이는 조망을 갖췄다. 금강펜테리움 IX 타워 홍보관은경기 화성시 영천동 99의 4에 있다.  민경진 기자 min@hankyung.com    [ 무료 주식 카톡방 ] 국내 최초, 카톡방 신청자수 38만명 돌파 < 업계 최대 카톡방 > --> 카톡방 입장하기!! 40억 ""이것""통해 벌었다는 남성 알고보니 ""개인파산""한 개그맨 A씨? ▶ <긴급공개> 2분기 이끌 新대장주 BEST 5 억대계좌 이종목에서 또 터진다! >> [바로확인]     관련기사 ""젊은 직장인들 모인다""…강북 도심 부활한 이유가 이테크건설·금강주택 등 인력 채용 계속되는 주한미군 철수설에…美 국방장관 결국 남편에게 돈 벌어 오랬더니 하는 말이…아내 속앓이 '상가→지식산업센터'…""40·50대가 변심한 이유는요""    ⓒ 한국경제 & hankyung.com, 무단전재 및 재배포 금지"
212,3,"2018-06-06","18:58:33","제주항공, 차별화된 IT로 승부… 이달부터 '자동 탑승수속'","무인 탑승수속 노선도 확대     [ 김보형 기자 ] 애경그룹 계열의 저비용항공사(LCC) 제주항공이 정보기술(IT)을 활용한 자동 탑승수속 서비스를 도입하는 등 ‘무인수속 서비스’ 구축에 속도를 내고 있다. 탑승수속 카운터 혼잡도를 낮추고 수속 절차를 간소화해 탑승객들에게 대한항공 아시아나항공 등 대형항공사(FSC)를 웃도는 편의성을 제공하겠다는 전략의 일환이다. 지난해 11월 항공업계 최연소 사장으로 발탁된 이석주 제주항공 대표(49·사진)가 IT 부문에 승부수를 던졌다는 분석이 나온다.  제주항공은 이달부터 국적 항공사 가운데 처음으로 항공권을 예매하면 탑승 24시간 전에모바일로 탑승권을 자동 발급해 주는 ‘자동 탑승수속’ 서비스를 시작했다고 6일 발표했다.  제주항공의 자동 탑승수속을 신청하면 좌석이 자동 배정된다. 좌석 변경을 원하면 모바일 탑승권을 받은 후 변경이 가능하다. 이제까지는 탑승 24시간 전에 모바일로전송되는 탑승권 발급 안내에 따라 원할 경우 승객이 직접 탑승권을 발급받아야 했다.  제주항공은 인천국제공항에 설치된 키오스크(무인 정보 단말기)를 활용해 무인 탑승수속이 가능한 노선도 확대했다. 그동안 입국 비자가 필요한 중국과 무비자 재입국 기간 제한이 있는 베트남을 여행하거나 편도 항공권만 예매한 승객 등은 무인 탑승수속이 불가능했지만 시스템 개선을 통해 사용이 가능하도록 했다. 탑승수속 과정에 보안인터뷰가 필요한 괌과 사이판을 제외한 31개 해외 취항 도시 중 29개 도시를 갈 때 무인 탑승수속 서비스를 이용할 수 있다.자동 탑승수속과 무인 탑승수속 이용 시 승객이 직접 수하물을 맡기는 ‘셀프 백 드롭’ 서비스를 이용하면 된다.  제주항공은 생체 인식을 활용한 국내선 탑승수속과 전자태그(RFID) 기술을 접목해 수하물 위치를 알려주는 서비스도 준비 중이다. 이 대표는 취임 직후부터 임직원들에게 “탑승객 대기 시간을 획기적으로 줄일 수 있는 기술을 개발해 달라”고 주문해왔다. 제주항공은 작년 영업이익(1016억원)의 40%에 가까운 400억원을 IT 분야에 집중 투자한 것으로 알려졌다.  김보형 기자 kph21c@hankyung.com    [ 무료 주식 카톡방 ] 국내 최초, 카톡방 신청자수 38만명 돌파 < 업계 최대 카톡방 > --> 카톡방 입장하기!! 40억 ""이것""통해 벌었다는 남성 알고보니 ""개인파산""한 개그맨 A씨? ▶ <긴급공개> 2분기 이끌 新대장주 BEST 5 억대계좌 이종목에서 또 터진다! >> [바로확인]     관련기사 ""젊은 직장인들 모인다""…강북 도심 부활한 이유가 제주항공, 취항 12주년 맞아 새로운 브랜드 슬로건 발표 제주항공 새 슬로건 '뉴 스탠다드' 계속되는 주한미군 철수설에…美 국방장관 결국 남편에게 돈 벌어 오랬더니 하는 말이…아내 속앓이    ⓒ 한국경제 & hankyung.com, 무단전재 및 재배포 금지"
212,4,"2018-06-06","18:57:24","삼성전기의 혁신 ""반도체 두께 절반으로 줄였다""","새 먹거리 '차세대 반도체 후공정 사업' 돌입     인쇄회로기판 필요 없어   스마트제품 획기적 소형화     이윤태 사장의 '선제 투자'  2015년부터 '패키징' 주력   사업부 적자 견디며 결실  ""PCB 사업 한계 돌파구""      [ 고재연 기자 ] 삼성전기가 반도체 후공정 사업 진출에 성공했다. 이번달부터 충남 천안 공장에서 팬아웃(fan out) 방식의 PLP(패널 레벨 패키지) 기술을 적용한제품 양산에 들어간 것으로 확인됐다. 높은 수익을 올리고 있는 MLCC(적층세라믹커패시터)와 함께 삼성전기의 미래 먹거리로 자리잡을 것이라는 전망이 나온다. 수익률이 떨어지고 있는 인쇄회로기판(PCB) 사업의 대안을 찾았다는 점에서도 의미가 있다는 분석이다. 취임 이후 뚝심 있게 관련 투자를 밀어붙인 이윤태 삼성전기 사장(사진)의 근성이 결실을 맺었다는 평가가 나온다.  ◆PLP, 어떤 기술이길래  6일 전자업계에 따르면 삼성전기는 지난 1일 천안 공장에서 팬아웃 PLP 공정을 적용한 제품 출하식을 열고 초도 물량을 양산하기 시작했다. 첫 제품은 모바일 기기 애플리케이션프로세서(AP)다. 상대적으로 기술 난도가 낮은 소형 전력관리칩(PMIC)이 첫 매출원이 될 것이라던 시장의 기대를 뛰어넘은 결과다. 점차 기술력을 높여 내년에는 부가가치가 높은 스마트폰 AP, 28나노미터(㎚, 1㎚=10억분의 1m) 미만 고성능 반도체 등으로 적용 범위를 확대해나갈 전망이다.   팬아웃 PLP는 반도체 칩에 보호하는 물질을 씌운 뒤 입출력 단자를 연결하는 후공정에서 최첨단 기술로 꼽힌다. 비슷한 기술을 보유하고 있는 업체는 파운드리(반도체 수탁 제조) 세계 1위인 대만 TSMC가 유일하다. 현재 대부분의 반도체는 PCB 위에 반도체를 올리고 하단의 입출력 단자를 구리선으로 연결하는 방식으로 후공정을 하고 있다. PCB 면적 안에 입출력단자를 배치해 팬인(fan in)으로 불린다. 하지만 팬아웃은 PCB를 없애고 반도체와 입출력단자를 바로 구리선으로 연결한다.  이렇게하면 사라지는 PCB 두께만큼 반도체 완제품도 얇아진다. 삼성전기는 팬아웃 PLP를 통해 반도체 두께를 절반으로 줄였다. 입출력 단자와 반도체를 연결하는 구리선 거리도 짧아져 전력 소모가 줄고 동작 속도도 개선된다. PCB가 사라지면서 원가도 낮아진다. 고정된 PCB 판 위에 반도체를 올리는 것이 아닌 만큼 반도체를 다양한 방식으로 배치할 수 있어 전자제품의 디자인도 바꾼다. TSMC의 팬아웃 후공정 기술을 적용해 아이폰의 두께를 크게 줄인 애플이 대표적이다.  삼성전기는 삼성전자와 함께 팬아웃 PLP를 적용한 후공정 작업의 범위를 확대해나갈 계획이다. 자동차 및 사물인터넷(IoT)용 반도체가 대상이다.  ◆기판사업 반전 승부수  이 사장은 삼성전기 최고경영자(CEO)가 된 2015년부터 반도체 패키징 사업을 미래 먹거리로 보고 기술 개발에 나섰다. 한때 삼성전기의 핵심 사업이던 기판솔루션사업부가 내리막길을 걷기 시작한 데 따른 것이다. 기판솔루션사업부는 2014년 적자전환해 2016년에는 영업손실이 1349억원에 이를정도로 경쟁력을 잃었다. 두께 등 기판 제조 기술에서 중국 업체들과의 기술 격차가 사라졌기 때문이다.  이 사장은 팬아웃 PLP 기술 개발에 성공하지 못하면 삼성전기 매출의 20% 이상을 차지하는 기판솔루션 사업을 접어야 할지도 모른다는 위기를 느꼈다. 2016년 삼성전자에서 관련 연구 인력을 영입하고 2632억원을 들여 천안에 PLP 양산 라인을 구축했다. 난도가 높은 기술인 만큼 안팎에서 회의적인 목소리가 나왔지만 이 사장은 “성공할 수 있다”며 개발 과정을 직접 챙겼다.  팬아웃 PLP가 양산에 들어가며 관련 매출은 2분기부터 삼성전기 실적에 잡히게 된다. 부가가치가 높은 스마트폰 AP로 적용이 확대되면 삼성전기의 수익성이 크게 개선될 전망이다.  고재연 기자 yeon@hankyung.com    [ 무료 주식 카톡방 ] 국내 최초, 카톡방 신청자수 38만명 돌파 < 업계 최대 카톡방 > --> 카톡방 입장하기!! 40억 ""이것""통해 벌었다는 남성 알고보니 ""개인파산""한 개그맨 A씨? ▶ <긴급공개> 2분기 이끌 新대장주 BEST 5 억대계좌 이종목에서 또 터진다! >> [바로확인]     관련기사 ""젊은 직장인들 모인다""…강북 도심 부활한 이유가 계속되는 주한미군 철수설에…美 국방장관 결국 삼성전자 등 반도체株 '강세'…SK하이닉스 최고가 남편에게 돈 벌어 오랬더니 하는 말이…아내 속앓이 와인잔 채우면 최소 1억… '전기차 필수품' MLCC를 아시나요    ⓒ 한국경제 & hankyung.com, 무단전재 및 재배포 금지"
212,5,"2018-06-06","18:56:00","[선택 6.13]최순자 후보측 ""금품제공 A후보 사퇴하라""…A후보측 ""돈 건넸지만 불법 아냐...","- 최 후보측, 성명 통해 금품제공 의혹 A후보 사퇴 촉구 - A후보측 ""미확인 내용으로 범죄자 취급"" 반박      최순자 인천시교육감 후보.[인천=이데일리 이종일 기자]최순자(65·여) 인천시교육감 후보 선거대책위원회(선대위)는 6일 “금품 사건에 연루된 A후보는 사퇴하라”고 촉구했다.  선대위는 이날 성명을 통해 “청렴교육을 외쳐온 A후보가 인천시교육감 선거를 또다시 부패의 온상으로 만들고 있다”며 이같이 밝혔다.  이어 “A후보의 배우자가 자원봉사자에게 200만원을 건넨 혐의로 검찰에 고발되고 A후보는 수사의뢰됐다”며 “공직선거법상 후보의 배우자가 불법 선거자금 제공 혐의로 실형이나 300만원 이상의 벌금형을 선고받으면 당선돼도 무효”라고 주장했다.  또 “겉으로는 청렴을 외치고 속으로 당선을 위해 수단과 방법을 가리지 않은 A후보는 즉각 사퇴하는 것이 마땅하다”며 “인천교육 바로 세우기를 위해 백의종군하는 것이 도리”라고 했다.   한편 인천시선거관리위원회는 최근 공직선거법 위반 혐의로 A후보의 수사를 검찰에 의뢰하고 A후보의 배우자 B씨를검찰에 고발했다.  A후보 선거캠프 관계자는 “선관위 조사 내용이 사실과 다른 부분이 있다”며 “A후보는 이번 일에 관여한 바가 없다”고 주장했다.  B씨는 “A후보는 전혀 모르는 일”이라며 “검찰이 사실관계를 조사 중인 사건을 죄가 확인된 것처럼 최 후보측이성명을 낸 것은 정치적으로 악용하는 것”이라고 주장했다.  이어 “자원봉사자에게 200만원을 건넨 것은 맞지만 법을 위반하지 않았다”며 “최 후보측이 확인되지 않은 내용으로 A후보를 범죄자처럼 표현한 것은 명예훼손이고 선거에 악영향을 미칠 수 있다”고 말했다.  ▶계좌회복프로젝트! 상위 전문가의 투자전략 및 추천종목‘[무료확인] ’ ▶14년 연속 1위, 대한민국 대표 스탁론 하이스탁론 ' href='https://open.kakao.com/o/gkOupNK' target='_blank'>    ' ＜ⓒ종합 경제정보 미디어 이데일리 - 무단전재 & 재배포 금지＞   "
212,6,"2018-06-06","18:55:38","[바이오USA]中 신약 파이프라인 韓·日 추월...우시바이오 부스에 '스포트라이트'","‘2018 바이오 인터내셔널 컨벤션(이하 바이오USA)’이 열리고 있는 미국 보스턴 현지에서는 올해 행사의 주인공 중 하나로 중국 우시바이오로직스를 꼽는 분위기다. 중국 최대 바이오의약품 위탁개발생산(CDMO) 업체인 우시바이오로직스는 이번바이오USA 행사에서 글로벌 고객사들을 상대로 공격적인 마케팅을 펼쳤다. 우시바이오로직스가 계획대로 아일랜드와 싱가포르에 공장을 짓게되면 생산능력이 기존 3만ℓ에서 9만ℓ로 늘어난다. 세계 최대 바이오의약품 위탁생산(CMO) 업체인 삼성바이오로직스의 생산능력인 36만ℓ에비하면 4분의1 수준에 불과하지만 중국 정부의 적극적인 지원을 등에 업고 공격적인 투자 행보에 나서면서 글로벌 투자자들과 제약·바이오업체들로부터 관심을 받고 있다.   매년 바이오USA에 참가해온 삼성바이오로직스와 셀트리온이 올해 행사에서 CDMO 분야 진출을 선언했으나 예년에 비해 주목도가 떨어졌다. 5일(현지시간) 전시장에서 만난 국내 바이오 업계의 한 관계자는 “김태한 삼성바이오로직스 대표가 분식회계 이슈로 올해 처음 바이오USA에 불참한 틈을 타 중국 기업들이 글로벌 고객 확보에 적극 나서는 모양새”라며 “중국 바이오 기업들의성장 속도가 갈수록 가팔라지는 느낌”이라고 말했다.   미국의 바이오 성지인 보스턴에서 중국의 ‘바이오 굴기’는 현재 진행형이었다. 실제 바이오USA에서는 상당수의 참관객이 중국관을 방문해 기술 수출과 협력을 위한 미팅에 열중하는 모습을 쉽게 찾아볼 수 있다. 특히중국관이 바이오USA의 스폰서 기업인 머크·애브비·존슨앤드존슨 등 내로라하는 다국적 제약사들의 전시관 옆에 위치해 관람객들의 동선이자연스럽게 중국관으로 이어지는 것도 영향을 미쳤다. 중국 업체의 한 관계자는 “대부분의 관람객이 다국적 제약사 부스에 한 번은 방문하다 보니 바로 옆에 위치한 중국관을 들르는 것 같다”면서 “신약 파이프라인 등을 소개하는 데 주력하고 있다”고 전했다.    지난 2015년 바이오·의료기기 분야를 10대 핵심사업에 추가한 ‘중국제조 2025’ 전략 발표 이후 시작된 중국의 바이오 굴기는 대규모 투자를 통한 ‘속도전’ 방식으로 진행되고 있다. 바이오·제약에 뒤늦게 뛰어들어 관련 인프라·노하우가 부족한 중국은해외 제약사의 공장 시스템을 적극 도입해 기술격차를 뛰어넘으려는 전략을 펴고 있다. 자사 부스에서 중국 고객사를 소개한 GE헬스케어 관계자는 “기존 방식으로 공장을 지으려면 4년 이상 걸리지만 조립형으로 1년 반 만에 완공해 생산속도를 높인다”면서 “중국의 베이진과 JHL바이오텍 등 14개 중국 기업이 조립형 공장을 도입하는 이유”라고 설명했다.  ‘차이나 머니’로 우수한 파이프라인을 가진 미국의 바이오 벤처기업을 선점하려는 시도는 이미 진행되고 있다. 투자분석정보 업체인 피치북에 따르면 중국 기반의 벤처캐피털(VC)이 올 1·4분기 미국 바이오 기업에 투자한 금액만 14억달러(약 1조5,000억원)다. 같은 기간 전체 VC 미국 투자금의 40%에 해당하는 수준이다. 우수한 기술력이 있으나 자금이 부족한 기업 등을 대상으로 투자해 해외의 바이오 혁신기술을 쓸어담으려는 것으로 분석된다. 게리 브렁크 루미라캐피털 상무는 “최근 중국 제약 회사와 의료기기 회사에서 미국·캐나다에서 활동하는 바이오 회사에 상당한 관심을 보이고 있다”면서 “중국 돈을 해외로 유출하는 데 제한을 두면서 지금은 잠시 주춤하지만 여전히 상당한 차이나 머니가 미국 바이오 기업으로 유입되고 있다”고 언급하기도했다.   정부의 전폭적인 지원과 거대한 시장을 바탕으로 중국의 바이오의약품 시장은 갈수록 성장하는 추세다. 2011년 594억위안(약 10조980억원) 규모이던 중국 바이오의약품 시장 규모는 2015년 1,453억위안(약 24조7,010억원)으로 평균 25.1%의 가파른 성장세를 나타냈으며오는 2020년에 시장 규모가 3,333억위안(약 56조6,610억원)까지 커질 것으로 예상된다. 중국 정부는 2020년까지 합성 신약 20개, 바이오 신약 3개를 독자 개발한다는 목표를 세우고 산업 육성을 저해할 수 있는 각종 규제와 통제를 없애는 데 집중하고 있다.    중국은 혁신 신약 개발에서는 한국과 일본에 뒤처졌지만 신약 파이프라인은 이미 양적인 면에서 양국을 능가한 상태다. 한국바이오협회에 따르면 지난해 11월 기준으로 중국은 총 1,359개의 신약 파이프라인을 확보해 한국(934개)과 일본(1,209개)보다 많다. 특히바이오의약품에서는 중국이 835개로 한국(527개)과 일본(549개)을 크게 앞섰다. 전 임상 단계에 파이프라인이 몰려 있지만 임상 2·3상에 이른 신약도 상당수다.   이러한 중국의 바이오 굴기에 맞서 한국 주요 바이오 기업들도 위탁생산에서 한발 더 나아가 연구개발(R&D)을 통해 우수한 신약 후보물질 발굴에 적극 나선다는 전략이다. 올해 바이오USA에서 CDMO 사업 진출을 본격 선언한 셀트리온은 처음으로 부스에 미팅룸 2개를 설치하고 글로벌 바이오 업체 관계자와 투자자들과 상담을 진행했다. 셀트리온 관계자는 “참관객들이 CDMO 사업에 큰 관심을 나타낸다”면서 “행사 기간 총 150개 미팅 중 30~40%가 CDMO 관련 미팅일 정도”라고 말했다. 삼성바이오로직스 역시 CMO에 이어 의약품위탁개발(CDO)에 뛰어들면서 우시바이오로직스 등 중국 기업과 경쟁해야 하는 상황이다. 삼성바이오로직스는 CMO 분야에서 인정받은 생산능력을 바탕으로 CDO에서도 성과를 내겠다는 전략이다.  /보스턴=김지영기자 jikim@sedaily.com    ▶▶ 2018년 정부 정책 수혜주 TOP 10 大공개! (바로 확인)  ▶▶ 재료노출 임박한 상위1%의 극비정보 30명한정 공개(무료)    [ⓒ 서울경제, 무단 전재 및 재배포 금지]"
212,7,"2018-06-06","18:54:59","지난 6개월간 강세 보였던 위안화, 앞으로는 약세 예상돼 - WSJ","Wall Street Journal은 ""중국 금융 시장으로의 자금유입을 바탕으로 위안화가 강세를 보여왔으나, 앞으로는 약세로 전환될 것이라는 전망이확대되고 있다""고 보도했다.   ""주요국 통화의 달러 대비 환율을 비교했을 때, 지난 6개월간 중국 위안은 특히 outperform하는 모습을 보였다. 무역전쟁 리스크와 증시 변동성 확대에도 불구하고 강세를 보인 것이다. 하지만 달러 강세가 재개되면서 위안이 약세로 전환될 가능성도 커지고 있다""고 전했다.   ""최근 달러 강세가 심화되면서 다수의 신흥국 통화들이 투매를 겪었다. 위안의 경우에는 매도세가 제한적으로, 달러 대비 환율은 소폭 하락하는 데 그쳤다. 중국 증시 및 채권 시장으로의 자금유입이 계속되면서 위안화 수요가 견고하게 유지된 것이다""고 언급했다.  Bank of Singapore는 특히 ""중국-홍콩 증시 교차거래와 중국 A주 종목의 MSCI 지수 편입 등으로 자금유입이 더욱 활발하게 이루어졌다. 4월부터 위안 표시 채권 수요가 증가한 점도 자금유입을 야기했다""고 분석했다.  하지만 UBS는 ""중국에서의 경제 활동이 둔화되는 모습이 나타나고 있다. 이는 위안이 앞으로 underperform하는 배경이 될 것이다. 무역가중기준, 위안은 '19년 중 4~5% 하락하면서 그간의 상승폭을 대부분 반납할 것이다""고 전망했다.   Bank of America도 ""당사는 2분기 말 시점에서 USDCNY 환율이 6.60으로 상승할 것으로 예상하고 있다. 달러 강세가 심화되고 있는 점에 더하여, 중국에서 디레버리징이 추진되고 회사채 디폴트 리스크가 커지면서 위안이 약세를 보일 것을 반영한 것이다""고 밝혔다."
213,1,"2018-06-06","18:40:46","김종인의 단독제품 승부수… 이번엔 '반값' 착즙주스","""싸고 좋은 상품 찾아라""  스페인 업체 발굴해 협업  750㎖ 한병에 3000원     초콜릿 이어 생과일주스    해외 조달비중 연내 20%로     [ 안재광 기자 ] 김종인 롯데마트 대표(사진)는 지난해부터 상품기획자(MD)들에게 틈날 때마다 강조한 게 있다. “세계를 무대로 발로 뛰자. 국내외 공장을샅샅이 뒤져 품질 좋고 값싼 상품을 발굴하자”고 말했다. 제조사가 먼저 찾아와 ‘롯데마트에서 좀 팔아 달라’고 제안하고, MD가 이를 선별하는 과거의 방식으로는 경쟁에서 앞서갈 수 없다고 판단했기 때문이다.  김 대표의 방침에 따라 MD가 해외에서 발굴한 상품은 ‘대박’이 났다. 작년 7월 선보인 롯데마트 자체브랜드(PB) ‘온리프라이스 벨기에 초콜릿’은 9개월치 물량 30만 개를 석 달 만에 다 팔았다. 지난 2월 내놓은 ‘온리프라이스 체다 슬라이스 치즈’는 한 달 만에 롯데마트 치즈 상품군내 점유율 15%를 기록해 1위로 뛰어올랐다.  ◆발로 뛰었더니… “가격 파괴”  김대표가 새로운 ‘단독상품’으로 다시 한번 승부수를 던졌다. 롯데마트가 7일부터 전 점포에서 판매하는 ‘스윗허그 100% 착즙주스’를 통해서다.  스페인에서 생산하는 스윗허그 100% 착즙주스(오렌지·포도)는 국내에서 많이 팔리는 다른 브랜드의 착즙주스와 비교해 품질은 비슷한데 가격은 절반 이하다. 750mL 한 병에 3000원. 국내 A사 착즙주스는 7000원대에 판매되고 있다. 착즙주스의 유통기한은 통상 한 달 이내다. 하지만 스윗허그 100% 착즙주스의 유통기한은 9개월에 달한다. 롯데마트가 이런 상품을 내놓을 수 있었던 것은 ‘발로 뛴’ MD의 노력 덕분이다.   롯데마트에선 그동안 주스 매출이 지속적으로 감소했다. 고민이었다. 현재 국내서 주로 팔리는 주스 제품은 과일 농축액에 물을 타 희석한 뒤 설탕 등 첨가물을 섞은 ‘농축환원주스’가 대부분이다. 당분이 많아 몸에 안 좋다는 인식이 퍼지면서 판매가 계속 줄었다. 첨가물 없이 과일만 짜내 주스로 만들면 맛도 좋고 건강에도 좋지만, 값이 두세 배 비싼 게 단점이다. 착즙주스가 국내 주스 시장에서 차지하는 비중이 약 5%에 불과한 이유다.  ◆유통기한 9개월로 늘려  롯데마트는 착즙주스 가격을 농축환원주스 수준으로 낮춰야 판매가 다시 늘 것으로 판단했다. 하지만 아무리 찾아도 국내에선 해법이 없었다. 오렌지의 경우 해외에서 수입한 뒤 국내 공장에서 주스로 만들면 6000원(750mL 기준)에 팔아도 남는 게 없기 때문이다.  그러다 발견한 게 스페인AMC다. 1932년 설립된 이 회사는 작년 매출이 1조5000억원에 달한다. 주스 공장과 과일 농장을 함께 갖고 있어 수직계열화가 이뤄져 스페인현지에서 저렴한 가격에 착즙주스를 생산하고 있다. 독일계 할인점 리들, 영국 슈퍼 체인 웨이트로즈 등 유럽 주요 유통사에 PB 상품으로 공급할 정도로 품질력도 인정받고 있다.  문제는 유통기한이었다. 국내로 들여와 판매하려면 유통기한을 늘리는 기술을 갖추고 있어야 한다. 국내 업체들이 100도 이상 고온에 한 번 끓이는 방식으로 유통기한을 늘리는데 이 회사는 끓이지 않고 무균 상태로 만드는 ‘ 무균충전공법’이란 기술을 보유하고 있었다. 저온 유통체계(콜드체인)로 관리만 잘하면 생산 이후 최대 9개월까지 판매가 가능했다.  ◆8월엔 딸기·사과주스도 판매  롯데마트는 AMC라는 업체를 발견한 뒤 지난해 11월부터 협상을시작했다. AMC의 반응은 신통치 않았다. “주문량이 너무 적다”거나 “가격이 맞지 않는다”고 버텼다. 롯데마트는 재고 부담을 떠안게 되더라도 초도물량 5만 병을 보장해 ‘통 크게’ 제안했다. 잘 팔 자신이 있었기 때문이다. 두 회사는 또 차례로 상품군을 늘리는 데도 의견을 모았다. 오는 8월께 딸기주스, 사과·케일주스, 파인애플주스 등도 들여오기로 했다.  롯데마트는 주스뿐 아니라 디저트, 과일 등도 적극적으로 해외에서 조달할 예정이다. 이를 통해 해외 조달 비중을 현재 매출의 17% 수준에서 올해말 20%로 높일 계획이다.  김 대표는 “해외 박람회에 MD를 적극적으로 참여시키고 실력을 높여 국내 소비자에게 고품질의 제품을 저렴하게 내놓을 수 있어야 한다”며 “건강한 식품을 제공할 수 있다면 직원들을 전 세계 어느 곳이라도 보내 새로운 상품을 발굴할 것”이라고 말했다.  안재광 기자 ahnjk@hankyung.com    [ 무료 주식 카톡방 ] 국내 최초, 카톡방 신청자수 38만명 돌파 < 업계 최대 카톡방 > --> 카톡방 입장하기!! 40억 ""이것""통해 벌었다는 남성 알고보니 ""개인파산""한 개그맨 A씨? ▶ <긴급공개> 2분기 이끌 新대장주 BEST 5 억대계좌 이종목에서 또 터진다! >> [바로확인]     관련기사 ""젊은 직장인들 모인다""…강북 도심 부활한 이유가 롯데마트, 내달부터 한 시간일찍 문 닫는다…밤 12시→11시 계속되는 주한미군 철수설에…美 국방장관 결국 공영홈쇼핑, 국민 상품 제안 프로젝트 ‘나도 MD다’ 공모 나서 남편에게 돈 벌어 오랬더니 하는 말이…아내 속앓이    ⓒ한국경제 & hankyung.com, 무단전재 및 재배포 금지"
213,2,"2018-06-06","18:40:36","금융위, 공적연기금 5%룰 완화 추진","금융위원회는 6일 공적 연기금의 ‘5%룰’ 완화 방안을 검토하고 있다고 밝혔다. 현행 자본시장법 시행령은 상장사 지분 5% 이상을 가진 투자자는 지분 변동이 있을 경우 5일 이내에 보유목적과 변동사항 등을 공시하도록 하고 있다.  금융위는 구체적인 주주권 행사지침을 공시하고 그에 따라 주주권을 행사하는 경우 국민연금 등 공적 연기금이 주식 보유목적과 관계없이 약식보고를 허용하는 방안을 검토해 구체적인방안을 조만간 마련할 계획이다.  그동안은 보유목적이 ‘경영 참여’인 경우 ‘단순 투자’일 때보다 주식 보유상황을 더욱 상세히 신속하게 공시해야 해 기관투자가의 부담이 크다는 지적이 제기돼왔다.   다음 달 기관투자가의 ‘스튜어드십 코드’ 도입을 앞두고 공시 부담을 줄여 의결권 행사를 수월하게 해주려는 의도로 풀이된다.  금융위는 이미 지난해 6월 법령 개정에 앞서 스튜어드십 코드 관련법령집을 통해 스튜어드십 코드에 참여하는 기관투자가가 상장사 지분을 5% 이상 보유해도 일부 주주활동은 ‘경영 참여’로 간주하지 않겠다는 해석을 내놓았다. /김광수기자 bright@sedaily.com    ▶▶ 2018년 정부 정책 수혜주 TOP 10 大공개! (바로 확인)  ▶▶ 재료노출 임박한 상위1%의 극비정보 30명한정 공개(무료)    [ⓒ 서울경제, 무단 전재 및 재배포 금지]"
213,3,"2018-06-06","18:40:18","금융위, 국민연금 등 공적연기금 ‘5%룰’ 완화 검토","금융위원회는 공적 연기금의 ‘5%룰’ 완화 방안을 검토하고 있다고 6일 밝혔다. 5%룰은 상장사 지분 5% 이상을 가진 투자자가 지분 변동이 있을 경우 5일 이내에 보유목적과 변동사항 등을 공시하는 규정이다. 금융위는 구체적인 주주권 행사지침을 공시하고 그에 따라 주주권을 행사하는 경우 국민연금 등 공적 연기금이 주식 보유목적과 관계없이 약식보고를 허용하는 방안을 검토 중이다.  그동안은 보유목적이 ‘경영 참여’인 경우 ‘단순 투자’일 때보다 주식 보유상황을 더욱 상세히 신속하게 공시해야 해 기관투자자의 부담이 크다는 지적이 제기돼왔다.  이번 조치는 다음 달 기관투자자의 의결권 행사지침인 ‘스튜어드십코드’의 본격 도입을 앞두고 기관투자자의 공시 부담을 줄여 의결권 행사가 더욱 수월하도록 하려는 의도가 깔려있다.  금융위는 이미 지난해 6월에는 법령 개정에 앞서 스튜어드십코드관련 법령집을 통해 스튜어드십코드에 참여하는 기관투자자가 상장사 지분을 5% 이상 보유해도 일부 주주활동은 ‘경영 참여’로 간주하지 않겠다는 해석을 내놓을 바 있다. 그러나 금융위는 ‘10%룰’ 완화에 대해서는 신중한 입장이다. 이는 특정 기업 지분을 10% 이상 보유한투자자가 투자 목적을 경영 참여로 전환할 경우 6개월 안에 발생한 단기 매매차익을 회사에 반환하도록 하는 제도로 내부자거래 방지를 위한것이다. mjk@fnnews.com 김미정 기자  ▶'모멘텀 집중' 저가에서 매집해둬야 할 상반기 유망주 3선 (지금 확인)   [파이낸셜뉴스 주요뉴스]  → 北 김정은 묵는 호텔 하루 숙박비 '642만원' 누가 지불? → ""선거 알바 클라스가다르네"".. 선거운동원 '깨방정 댄스' 화제 → ""학원 여교사가 초등생 제자 2명과 성관계"" → 견과류 일주일에 3번이상 먹으면 나타나는 변화 → 국방부에 도착한 두테르테가 가장 먼저본 국산 무기  ▶ <긴급공개> 억대계좌 이종목에서 또 터진다!    ※ 저작권자 ⓒ 파이낸셜뉴스. 무단 전재-재배포 금지 "
213,4,"2018-06-06","18:40:02","Hess Corporation       배당(분기) 결정 ↑ 0.41%","Hess Corporation    (NYS:HES) 배당(분기) 0.25 달러를 지급 6월6일 관련 내용 공시. 배당기산일은 6월15일, 지급 예정일은 6월29일 이다."
213,5,"2018-06-06","18:40:02","토탈 시스템 서비스      배당(분기) 결정 ↓ -0.03%","토탈 시스템 서비스    (NYS:TSS) 배당(분기) 0.13 달러를 지급 6월6일 관련 내용 공시. 배당기산일은 6월20일, 지급 예정일은 7월2일 이다."
213,6,"2018-06-06","18:40:01","Tootsie Roll Industries Inc.    배당(분기) 결","Tootsie Roll Industries Inc.   (NYS:TR) 배당(분기) 0.09 달러를 지급 6월6일 관련 내용 공시. 배당기산일은 6월15일, 지급 예정일은 7월9일 이다."
213,7,"2018-06-06","18:39:22","복지 반영한 소득분배지표 만든다","소득주도성장 밀어붙이자 소득격차 '최악'으로 확대   무상교육·의료, 공공임대 등 저소득층 혜택 큰 분야 반영    ""정책 부작용 줄이는 효과""      [ 임도원 기자 ] 정부가 복지혜택을 반영한 소득분배지표를 새로 개발한다. 복지혜택은 저소득층에 더 많이 주어지는 만큼 소득분배 상황이더 개선돼 보이는 수치가 나올 전망이다. 올해 1분기 최악의 소득분배지표와 맞닥뜨린 정부로서는 소득주도 성장의 부작용을 가리는 효과를얻을 수 있게 된다.  통계청은 올해 말까지 사회적 현물이전을 반영한 소득분배지표를 마련하기로 하고 기초자료를 분석 중인 것으로 6일 확인됐다. 통계청은 무상교육, 의료, 보육, 공공임대주택, 기타 바우처(서비스·상품 이용권) 등 5개 분야의 사회적 현물이전혜택 규모를 추산할 계획이다.   사회적 현물이전은 의료와 교육, 보육 등 분야에서 국가가 국민에게 제공하는 현금 외 상품과 서비스를 말한다. 무상복지가 대표적이다. 통계청이 매년 발표하는 지니계수와 소득 5분위 배율 등 분배지표는 조세와 정부의 현금이전지출 등을 반영한 처분가능소득(현금소득)만을 기초로 작성된다. 예를 들어 한 사람이 한 달에 의료비와 교육비로 30만원을 지출하고 다른 사람은 복지혜택을 받아 관련 지출이 없다 하더라도, 버는 돈이 같으면 현행 소득 5분위 배율 등에서는 두 사람을 같은 생활수준으로 간주한다.  사회적 현물이전을 반영하면 소득분배지표는 더욱 개선될 전망이다. 통계청이 지난달 발표한 ‘2018년 1분기 가계동향 소득부문 조사’에서는 고소득층과 저소득층 간 소득격차가 역대 최대 수준으로 벌어진 것으로 나타났다. 소득 하위 20%(1분위) 가계의 명목소득(2인 이상 가구 기준)은월평균 128만6702원으로 전년 동기 대비 8.0% 줄어든 반면, 소득 최상위 20%(5분위) 가계의 명목소득은 월평균 1015만1698원으로 9.3% 증가했다. 올해 시간당 최저임금 16.4% 인상으로 인한 고용 감소가 격차 확대의 주요인으로 지목되면서 경제학계를 중심으로 “소득주도 성장정책을 전면 재검토해야 한다”는 목소리가 커졌다.  사회적 현물이전을 반영하면 복지혜택이 상대적으로 큰 1분위의 명목소득이 증가해 소득격차가 줄어드는 것으로 나타날 가능성이 높다. 정부로서는 소득주도 성장 정책의 부작용이 축소돼 보이도록 하는 방안인 셈이다. 다만 통계청 관계자는 “사회적 현물이전을 반영한 소득분배지표 개발은 1분기 가계동향 소득부문 조사 발표 이전부터 추진한 것”이라고 말했다.  국내에서는 모든 계층을 대상으로 하는 ‘보편적 복지’가 많아 새로운 지표가 소득분배 정도에서 기존 지표와 큰 차이가 없을 것이라는 분석도 있다.  유경준 한국기술교육대 교수(전 통계청장)가 지난 2월 경제학 공동학술대회에서 발표한 ‘사회적 현물이전의 소득재분배 효과분석’ 논문을 보면 무상교육과 무상보육은 소득분배에 거의 영향을 주지 못했다. 유 교수는 “보편적 복지 형태로 제공되는 교육과 보육은 고소득층에서도 상당한 소득 증가 효과를 발생시킨다”며 “저소득층 등 특정 계층을 타깃으로 한 ‘선별적 복지’를 강화하지 않으면 새로운 분배지표도 크게 개선되지 않을 것”이라고말했다.  임도원 기자 van7691@hankyung.com    [ 무료 주식 카톡방 ] 국내 최초, 카톡방 신청자수 38만명 돌파 < 업계 최대 카톡방 > --> 카톡방 입장하기!! 40억 ""이것""통해 벌었다는 남성 알고보니 ""개인파산""한 개그맨 A씨? ▶ <긴급공개> 2분기 이끌 新대장주 BEST 5 억대계좌 이종목에서 또 터진다! >> [바로확인]     관련기사 ""젊은 직장인들 모인다""…강북 도심 부활한 이유가 1분기 하위 20% 가계소득 역대 최대로 줄어…소득분배지표 '최악' 계속되는 주한미군 철수설에…美 국방장관 결국 소득주도성장의 '배신'… 하위계층만 소득 줄었다 남편에게 돈 벌어 오랬더니 하는 말이…아내 속앓이    ⓒ 한국경제 & hankyung.com, 무단전재 및 재배포 금지"
214,1,"2018-06-06","18:26:03","고령화 사회의 그늘…伊, 미등록 간병인 100만명","고령화 사회의 그늘…伊, 미등록 간병인 100만명   (로마=연합뉴스) 현윤경 특파원 = 이탈리아는 일본에 이어 세계 2번째의 고령화 사회로 꼽히는 곳이지만, 국가의 사회복지 지원이 미미한 탓에 미등록 간병인만 100만 명에 이르는 것으로 나타났다.  이탈리아 협동조합연맹(Confcooperative)은 5일 로마에서 열린 총회에서 이탈리아 사회복지 사업의 실태를 발표하면서 이 같은 통계를 제시했다.     연맹은 노령 인구가 가파르게 증가함에 따라 노인 사회복지 서비스 수요도 증가하고 있으나 정부 지출이 수요를 따라잡지 못하고 있다고지적했다.  그 결과 노인 등 거동이 불편한 가족 구성원을 둔 가구들은 당국 허가를 받지 않은 미등록 간병인을 쓸 수밖에 없는 상황으로 내몰리면서 미등록 간병인 수가 100만 명에 달하는 것으로 집계됐다고 밝혔다.  연맹에 따르면 현재 이탈리아에서는 5가구 가운데 1가구 만이 가정 공공 간병 서비스를 이용하고 있으며, 약 70%의 가구는 공공과 민간을 막론하고 어떤 서비스도 받지 못하고 있다.  또한, 65세 이상의 이탈리아인 가운데 실제로 자택 간호가 있어야 하는 인구는 300만 명에 달하지만, 실제로 자택 간호를 받는 사람은 37만 명에 그치고 있다.  연맹은 이탈리아 노인 중 고작 2.7%만이 자택 간호를 받고 있다며, 이 같은 비율은 북유럽의 20%에 비교할 때 턱없이 낮은 것이라고 설명했다.  스테파노 그라나타 이탈리아 협동조합연맹 회장은 ""미등록 간병인들은 어려움에 부닥친 가정에 숨통을 틔워주는 역할을 하고 있으나, 이는 사회적 경제적으로 해결해야 하는 문제임에 틀림없다""며 ""새 정부와 (이 문제를 풀기 위해) 대화할 준비가 돼 있다""고 밝혔다.  이탈리아 사회에는 필리핀이나 동유럽 출신의 미등록 간병인이 널리 퍼져 있으며, 이들 상당수는 노동 비자 등을 받지 않고 불법으로 일하는 것으로 추정돼 사회 문제화될 소지를 안고 있다.  한편, 65세 이상 노인 인구가 1천350만 명에 달하는 이탈리아는 유럽연합(EU) 28개국 중 노인 인구 비중이 가장 높은 국가다.  평균수명은 작년 기준으로 남성은 80.1세, 여성은 84.6세다. 2065년에는 평균수명이 남성 86.1세 여성 90.2세로 높아질 것으로 전망된다.  ykhyun14@yna.co.kr   (끝)    <긴급속보 SMS 신청> <포토 매거진> < M-SPORTS >   <저작권자(c) 연합뉴스, 무단 전재-재배포 금지>"
214,2,"2018-06-06","18:25:54","[Hot Stock] 수산중공업","지난 5일 유가증권시장에서 150원(7.48%) 오른 2155원에 장을 마쳤다. 정부가 남북한 경제협력의 일환으로 북한 내 광물자원 공동 개발을 추진한다는 내용이 알려지면서 남북경협주로 분류됐다. 이 회사는 암반이나 콘크리트를 파쇄하는 유압브레이커 국내 점유율 1위다.    [ 무료 주식 카톡방 ] 국내 최초, 카톡방 신청자수 38만명 돌파 < 업계 최대 카톡방 > --> 카톡방 입장하기!! 40억 ""이것""통해 벌었다는 남성 알고보니 ""개인파산""한 개그맨 A씨? ▶ <긴급공개> 2분기 이끌 新대장주 BEST 5 억대계좌 이종목에서 또 터진다! >> [바로확인]     관련기사 ""젊은 직장인들 모인다""…강북 도심 부활한 이유가  동원F&B 계속되는 주한미군 철수설에…美 국방장관 결국 SPC삼립 남편에게 돈 벌어 오랬더니 하는 말이…아내 속앓이    ⓒ 한국경제 & hankyung.com, 무단전재 및 재배포 금지"
214,3,"2018-06-06","18:25:35","[S마켓]흥행 부진 웅진식품 매각...남아共 주스업체서 눈독","남아프리카공화국 주스 제조사가 웅진(016880)식품 인수에 관심을 보이는 것으로 알려졌다. 흥행이 저조했던 웅진식품 매각에 돌발 변수가 될 것으로 보인다.  6일 투자은행(IB)업계에 따르면 남아공의 한 주스 제조사는 최근 매물로 나온 웅진식품과 건강기능식품업체 헬스밸런스를 비교, 검토한 결과 웅진식품 인수에 나서기로 가닥을 잡았다. 업계 관계자는 “웅진식품은 한국 외주변 국가에서 판매할 수 있을 정도로 대중성이 있고 주력 상품인 과일 주스는 남아공의 질 좋은 농산물을 수출하기 위한 통로가 될 수 있다”고 설명했다.  웅진식품 인수전에 뛰어든 남아공 주스업체는 현지 시장점유율 최상위권 업체다. 남아공은 지난 4월부터 정부가 과즙100% 음료가 아닌 주스나 콜라에 설탕세를 부과하면서 탄산음료 시장은 5% 이상 위축되고 생수와 100% 과일주스 등 건강음료 시장이 연 평균7% 이상 성장할 것으로 예측되고 있다.    정부 정책과 소비자의 선호가 커지면서 주스 이외에 웅진식품의 주력상품인 알로에 음료나 홍차·커피에 대한 소비자의 관심이 높아지고 있다.  웅진식품은 남아공에서 값싸게 생산되는 과일의 수출통로가 될 수도 있다. 남아공 시장점유율 2위를 차지하는 ‘세레스’는 국내에도 프리미엄급 주스로 판매된다. 남아공의 주요 과일 수출 기업인 골든하베스트와케이프시트러스 등의 기업은 감귤류 중심으로 세계적인 수준의 배송관리시스템을 갖추고 있다.   남아공 요하네스버그무역관에 따르면5월 요하네스버그에서 열린 식음료 박람회에서 다양한 맛의 알로에 음료와 무지방·무가당 등 첨가물이 없는 과일주스, 커피머신을 비롯해 포장된 커피 음료인 RTD(Ready to Drink) 제품이 인기를 모았다. 웅진식품의 주력 제품인 ‘자연은’ 시리즈와 ‘하늘보리’를 비롯해 지난해커피스미스와 협력해 내놓은 RTD 커피 음료가 주목받는 이유다. 한국의 남아공 대상 커피 수출은 2012년 이후 꾸준히 성장하고 있으며 지난해에는 전년보다 128% 늘어났다.   업계 관계자는 “남아공은 감귤류를 중심으로 낮은 비용에 질 좋은 과일류를 생산하고 있으며 이를 아시아에 수출하기 위한 인수 대상으로 주스 제조사를 찾는 중에 한국까지 제안이 들어왔다”며 “배송이 어렵다고 하지만 이미 남미를 중심으로 국산보다 싼 농산물이 손쉽게 유통되고 있다”고 설명했다.   웅진식품 매각이 국내에서 예상보다 흥행하지 못한 것도 해외 매수자에 눈길을 끄는 이유다. 매각 측은 3,000억원대 초반의 매각가를 희망하지만 매수자 측은 2,000억원대 초중반을 적정선으로 여기고 있다. 농심(004370)·동원(003580) 등 식음료 업체는 제안을 거부했고 현대그룹과동아오츠카 등 표면적으로 관심이 있다고 알려진 기업도 가격과 안정성 등의 측면을 확신하지 못하고 있다. 식음료 업계에서는 인수의사가 없다고 공개적으로 밝힌 LG생활건강(051900)이 입찰 무산 후 가격이 하락했을 때 인수에 나설 수 있다는 관측을 내놓고 있다.  /임세원기자 why@sedaily.com     [서울경제 관련뉴스]  ""현대, 시너지보다 웅진식품 기업가치에 주목""..매각가 최고 3,000억 달할 듯  현대그룹, 웅진식품 인수 검토...""사업다각화"" 웅진식품, 무설탕·제로칼로리 이온음료 ‘이온더핏’ 출시   ▶▶ 2018년 정부 정책 수혜주 TOP 10 大공개! (바로 확인)  ▶▶ 재료노출 임박한 상위1%의 극비정보 30명한정 공개(무료)    [ⓒ 서울경제, 무단 전재 및 재배포 금지]"
214,4,"2018-06-06","18:25:10","'시총 4兆' 에이치엘비가 운송장비株?… 미래가치 반영 못하는 업종 분류","코스닥 대표 바이오株로 떴지만   본업따라 분류돼 통계 왜곡     [ 오형주 기자 ] 코스닥시장 시가총액 4위인 에이치엘비는 대표적인 ‘바이오주’로 꼽힌다. 이 회사는 작년부터 자회사인 미국 LSK바이오파마를 통해 표적항암제 ‘리보세라닙’ 개발에 나서면서 주가가 급등했다. 그런데 이 회사는 한국거래소 업종 분류상 ‘운송장비·부품’ 업종에 속한다. 본업이 합성수지선과 구명정 제조 등 선박건조 사업이기 때문이다. 주가는 미래 기업가치를반영해 움직이는데 이와 동떨어진 업종 분류가 투자자를 혼란스럽게 한다는 지적이 나온다.  에이치엘비는 지난해 229억원의 매출을 올렸다. 대부분이 선박사업에서 나왔다. 하지만 증권업계 한 관계자는 “대부분 투자자는 선박사업 대신 보유한 파이프라인(신약후보물질)의 가능성을 보고 주식을 사들인다”고 말했다.  소속 업종 때문에 ‘통계 착시현상’도 나타난다. 거래소는지난 4일 올해 코스닥시장에서 운송장비·부품 업종 주가상승률이 63.5%에 달해 34개 업종 중 가장 높았다고 발표했다. 그런데 운송장비·부품 업종 시총의 40%는 에이치엘비가 차지하고 있다.  이에 대해 거래소 관계자는 “통계청 표준산업 분류에 따라 제약 등 바이오 업종으로 지정되기 위해선 매출의 절반 이상이 바이오사업에서 나와야 하기 때문에 현재로선 업종 변경이 불가능하다”고 설명했다. 회사 측도 이런 문제점을 인식하고 바이오 업종 전환을 위해 노력하고 있다.  에이치엘비 관계자는 “올해 의료기기업체인 화진메디칼을 인수하면서 1분기 바이오 매출 비중을 37.7%까지 끌어올렸다”며 “리보세라닙이 예정대로 임상을 모두마치면 내년 이후에 매출이 본격적으로 일어나 바이오 업종으로의 전환이 가능해질 것”이라고 말했다.  오형주 기자 ohj@hankyung.com    [ 무료 주식 카톡방 ] 국내 최초, 카톡방 신청자수 38만명 돌파 < 업계 최대 카톡방 > --> 카톡방 입장하기!! 40억 ""이것""통해 벌었다는남성 알고보니 ""개인파산""한 개그맨 A씨? ▶ <긴급공개> 2분기 이끌 新대장주 BEST 5 억대계좌 이종목에서 또 터진다! >> [바로확인]     관련기사 ""젊은 직장인들 모인다""…강북 도심 부활한 이유가 계속되는 주한미군 철수설에…美 국방장관 결국 에이치엘비 등 코스닥 바이오주, 루머 급락 후 '반등' 남편에게 돈 벌어 오랬더니 하는 말이…아내 속앓이 에이치엘비 주가 폭락 미스터리… '루머' 돌긴 돌았나?    ⓒ 한국경제 & hankyung.com, 무단전재 및 재배포 금지"
214,5,"2018-06-06","18:24:48","[모십니다] 최고 전문가들이 유망株 찍어줍니다… '한경 주식투자 강연회' 9일 서울 코엑스서 시작","코스피지수는 2400대에 갇혀 옴짝달싹하지 못하고 있지만, 개인투자자의 증시에 대한 관심은 뜨겁습니다. 개인들의 남북경협주·바이오주 투자 열기에 힘입어 지난달 유가증권시장 거래량은 7년 만에 최대를 기록하기도 했습니다.  이런 가운데 한국경제신문사와 한국경제TV는 오는 9일부터 다음달 7일까지 매주 토요일 전국 다섯 개 도시를 돌며 ‘2018 한경 주식투자 강연회’를 엽니다. 이번 강연회에는 국내 증권사 리서치센터장, 투자전략센터장 등과 한국경제TV 와우넷 파트너들이 강사로 나서 바이오, 정보기술(IT), 중국소비주 등 투자 유망 종목을 제시하고 신(新)북방 경제 로드맵의 경제적 가치를 설명합니다.  ●참가비: 없음(선착순 마감)  ●강연시간: 오후 2시~5시20분(※서울은 오후 2시~5시40분)  ●참가 신청 및 프로그램 안내: 홈페이지(event.hankyung.com)  문의: 한국경제신문 대외협력국 (02)360-4517, 4521  주최:한국경제신문, 한국경제TV    [ 무료 주식 카톡방 ] 국내 최초, 카톡방 신청자수 38만명 돌파 < 업계 최대 카톡방 > --> 카톡방 입장하기!! 40억 ""이것""통해 벌었다는 남성 알고보니 ""개인파산""한 개그맨 A씨? ▶ <긴급공개> 2분기 이끌 新대장주 BEST 5 억대계좌 이종목에서 또 터진다! >> [바로확인]     관련기사 ""젊은 직장인들 모인다""…강북 도심 부활한 이유가 2018년 상반기 한경주거문화대상 공모 전문가들이 유망株 알려드립니다 계속되는 주한미군 철수설에…美 국방장관 결국 남편에게 돈 벌어 오랬더니 하는 말이…아내 속앓이    ⓒ 한국경제 & hankyung.com, 무단전재 및 재배포 금지"
214,6,"2018-06-06","18:24:39","조셉 윤 前 미국 국무부 대북정책 특별대표 ""北 진정성, 명확한 비핵화 수순에 달려""","美·北 정상회담     너무 많은 의제 부여보다   비핵화에 집중해야 회담 성공     [ 김동욱 기자 ] 미국 국무부 대북정책 특별대표를 지낸 조셉 윤 맨스필드재단 석좌연구원(사진)은 12일 싱가포르 미·북 정상회담에서 북한이 ‘명확한 비핵화 수순’을 제시할지 여부가 협상에 임하는 김정은 국무위원장의 진정성을 확인하는 잣대가 될 것이라고 말했다.  윤 석좌연구원은 6일 도쿄신문 인터뷰에서 “미국은 미·북 정상회담에서 김정은 위원장의 진정성을 파악해야한다”며 이같이 밝혔다.  그는 구체적으로 “북한이 비핵화를 향한 명확한 수순을 제시할지, 영변 핵 관련 시설의 사찰을 허용할지, 존재가 밝혀지지 않은 핵시설 정보를 공개할지 등 세 가지가 북한의 비핵화 의지에 대한 진정성을 판단하는 기준이 될 것”이라고 말했다. 이어 “북한이 비핵화를 하겠다고 말할 때 ‘언젠가’나 ‘장래에’ 같은 주석이 붙지 않은 강력한 메시지를 받아내는 게 중요하다”고 강조했다.  버락 오바마 행정부에서 국무부 동아시아·태평양 담당 차관보를 맡았던 윤 석좌연구원은 2016년 10월부터 올 3월 사임할 때까지 국무부의 대(對)북한 창구 역인 북한 담당 특별대표를 지냈다. 최근 미국 워싱턴DC에 있는 아시아 관계 전문 싱크탱크인 맨스필드재단 석좌연구원으로 옮겼다.  윤 석좌연구원은 또 “북한과의 비핵화 회담을 실패로 이끌 수 있는 요인이 곳곳에 산재해 있다는 점을 주의해야 한다”고 말했다. 과거 6자회담처럼 북핵 협상을 ‘다자간틀’로 진행하는 것, 북한에 대한 ‘최대의 압력’을 조기에 풀어버리는 것, 북한을 사실상 핵보유국으로 인정하는 것 등을구체적인 위험 요인으로 지목했다.  북한 체제를 보장할 수 있는 뚜렷한 방법이 없다는 것도 미국의 고민이라고 지적했다. 과거 리비아 카다피 정권의 사례처럼 국가가 아니라 개인과 정권의 안정을 보장하는 것은 쉽지 않은 과제라는 것이다.  윤 석좌연구원은미 상원 외교위원회 소위원회에서는 미·북 정상회담에서 핵과 관련 없는 문제를 우선시해서는 안 된다고 지적했다. 그는 “의제를 너무 많이 부여하는 것은 잘못으로 그 무엇보다 비핵화에 집중해야 한다”고 말했다.  도쿄=김동욱 특파원 kimdw@hankyung.com    관련기사 ""젊은 직장인들 모인다""…강북 도심 부활한 이유가 '철통보안' 싱가포르, 하늘·바다까지 통제하며 비상 경호 계속되는 주한미군 철수설에…美 국방장관 결국 열흘 째… 美·北 회담의 '美'자도 꺼내지 않는 北언론, 왜? 남편에게 돈 벌어 오랬더니 하는 말이…아내 속앓이    ⓒ 한국경제 & hankyung.com, 무단전재 및 재배포 금지"
214,7,"2018-06-06","18:24:35","LG전자, 전용 '펜' 달린 폰 'Q스타일러스' 출시","[머니투데이 서진욱 기자] [기존 '스타일러스' 브랜드 재정비… 국내 출시 미정]   LG전자가 전용 펜이 달린 스마트폰 'Q스타일러스'를 출시한다.   LG전자는 북미, 아시아 지역에 'Q스타일러스'를 출시할 예정이라고 6일 밝혔다. Q스타일러스는 총 3가지 모델로 출시된다.   앞서 LG전자는 2015년부터 30만원대 가격대에 전용 펜이 달린 '스타일러스' 모델을 판매한 바 있다. 하지만 삼성전자의 '갤럭시노트' 시리즈에 밀려 주목받지 못했다. 지난해 초 출시한 '스타일러스3' 제품은 국내에 출시되지 않았고 유럽과 미국 등에만 판매했다.   LG전자가 이번에 출시하는 Q스타일러스는 준프리미엄 브랜드 Q 시리즈에 스타일러스를 결합한 제품이다. 6.2인치 풀비전 디스플레이와 후면 1600만 화소, 전면 800만 화소 카메라를 탑재, 기존 스타일러스 시리즈보다 제품 스펙을 한층 높였다. 프리미엄 브랜드인 G, V 시리즈에 탑재된 최대 7.1채널 서라운드 사운드 기능도 담았다. 60만원대 가격대로 출시될 것으로 예상된다.   LG전자 관계자는 ""Q스타일러스는 북미, 아시아 지역에 우선적으로 출시된다""며 ""현재 국내 출시 계획은 미정""이라고 말했다.      주식담보대출도 이제 부담없는 금리로 가능(안내: 02-3775-1497)   ▶▶ 2018년! 하반기를 뜨겁게 달굴 ""급등 유력株"" TOP.10 긴급공개 (클릭)   ▶▶ 단독! 정책+수급+실적 3박자를 두루 갖춘 TOP 시크릿 급등 유망주 지금 공개 (클릭)     [파워 인터뷰]      [관련기사] ☞ ""시선강간 싫다면서 왜 벗냐""… '맨가슴 시위' 시끌시끌 ☞ '김정은 전용기 추락'…고사 지내는 日 우익들 ☞ 한지민, 헌시 낭송…박근혜 정부 땐 '현빈·이서진'  ☞ '58년 개띠'의 은퇴…한국, 車 산업 변화가 시작된다 ☞ [사진]김문수 후보 유세차, 중앙선 넘어 역주행      주식매입자금? 전화 한통화면 당신은 스마트컨슈머!    최저금리로 신용·미수 대환 하는 가장 경제적인 방법 (바로 확인)   ‘개미’말고 ‘슈퍼 투자자’되고 싶다면?...‘이것’만 잘 이용해도 가능해요!       서진욱 기자 sjw@    <저작권자 ⓒ '돈이 보이는 리얼타임 뉴스' 머니투데이, 무단전재 및 재배포 금지>"
215,1,"2018-06-06","18:20:08","연일 무더위…불안·치매 유발주의보","■ 서울대 보건대학원 분석    국내에서 정신질환으로 응급실에 입원한 환자 7명 중 1명은 폭염 영향을 받았다는 분석이 나왔다. 특히 불안 증상을 호소한 환자 3명 중 1명은 증상의 원인이 폭염으로 지목됐다.   김호 서울대 보건대학원 교수팀은 ""2003~2013년 서울 인천 대전 대구 부산 광주 등 국내 6대 도시에서 있었던 폭염과 정신질환 사이의 상관관계를 분석한 결과, 고온 노출과 정신 건강 사이에 강한 연관성이 확인됐다""고 6일 발표했다. 이 연구 결과는 국제학술지 '종합환경과학(Science of the Total Environment)' 최근호에 발표됐다.   연구팀은 총 11년의 조사 기간에 상위 1%에 해당하는 기온인 섭씨 29.4도 이상 날씨를 폭염으로 정의했다. 같은 기간 정신질환으로 응급실에입원한 16만6579건에 폭염이 미친 영향을 살펴본 결과, 이 중 14.6%가 폭염의 영향을 받은 것으로 분석됐다. 65세 이상 노인은 해당 비율이 19.1%로 젊은 층보다 높았다. 폭염에서 비롯됐을 것으로 추정되는 정신질환을 유형별로 분석한 결과 불안이 31.6%로 가장 많았고 치매(20.5%), 조현병(19.2%), 우울증(11.6%)이 그 뒤를 이었다. 한편 목요일인 7일에도 낮 기온이 30도를 웃도는 무더위가 이어지겠다. 기상청은 이날(7일) 서해상에서 동진하는 고기압의 영향으로 전국이 대체로 맑은 가운데 서울 28도 등 내륙지역을 중심으로 낮 최고기온이 30도 이상 오르는 곳이 많겠다고 6일 예보했다.    [양연호 기자]      ☞ 조용히 사서 묻어놔라! 6月 정말 큰돈 된다! ☞ 세계최초 항암제 개발! 신라젠 놓쳤다면, 이 종목 잡아라!! ☞ 세계 최초 신약! 1,500% 신라젠 능가할 단돈 4천원대 Bio 황제주!!! ☞ 6月 반드시 주목해야될 Best 바이오 종목!!      [ⓒ 매일경제 & mk.co.kr, 무단전재 및 재배포 금지]"
215,2,"2018-06-06","18:20:04","中 `공부가주` 유사한 `공보가주` 상표 못쓴다","중국 명주 '공부가주(孔府家酒)' 상표와 유사한 '공보가주(孔寶家酒)' 상표를 사용한 제품을 국내에서 판매해서는 안 된다는 법원 결정이 나왔다.   서울중앙지법 민사60부(민사2수석부장판사 구회근)는 지난달 25일 공부가주 수입판매업체 KFJ코리아가 공보가주 수입판매업체 '금용'을 상대로 제기한 상표권침해금지 등 가처분신청을 인용했다고 6일 밝혔다. 재판부는 ""공부가주는 공자의 제사를 지내기 위해 사용하던 술에서 유래한 것으로 1984년 중국 공자문화축제 전용 술로 지명되고 2001년 중국 10대 문화 명주로 지정되는 등 일반 소비자에게 대표적인 중국 술로 널리 알려져 있어 공보가주 상표는 소비자가 오인·혼동할 우려가 있다""고 판단했다.    [채종원 기자]      ☞ 조용히 사서 묻어놔라! 6月 정말 큰돈 된다! ☞ 세계최초 항암제 개발! 신라젠 놓쳤다면, 이 종목 잡아라!! ☞ 세계 최초 신약! 1,500% 신라젠 능가할 단돈 4천원대 Bio 황제주!!! ☞ 6月 반드시 주목해야될 Best 바이오 종목!!      [ⓒ 매일경제 & mk.co.kr, 무단전재 및 재배포 금지]"
215,3,"2018-06-06","18:19:57","""우리식당은 1인당 술 1병만 팔아요""","지난 5일 서울 용산구 숙대입구역 앞 K순댓국집. 이 식당 벽에는 메뉴 안내판과 함께 '술은 반주용으로 1인 1병만 판매합니다!!'라고 쓰인 A4용지가 붙어 있었다. 주류 판매를 1인당 1병으로 제한한 이유를 묻자 사장 오명석 씨(42)는 ""술에 취한 손님이 종업원에게 행패를 부리고 큰소리를 내 다른 손님에게 피해를 주는 것을 막기 위해 지난 4월부터 술 판매를 1인당 1병으로 제한하고 있다""고 말했다.   식당 내 주취 소동이 문제가 되면서 이같이 술 판매를 제한하는 음식점이 늘고 있다. 경기 부천시 B게장집과 서울 중구 신당역 부근에 위치한 M국숫집 역시 주류 판매를 1인 1병으로 제한하고 있다. M국숫집은 ""2년 전 국숫집을 열었을 때부터 판매를 제한했는데, 술에 취하신 분이 음식점에 와서 또 달라고 하는 사례가 있었기 때문""이라고 설명했다. 이들 식당과 똑같이 1인 1병으로 주류 판매를 제한하는 경기 광주시 A해장국집은 ""조용히 식사하러 오신 분들께 추태를 부리는 사람이 많아 주류 판매를 제한하게 됐다""고 말했다. 음주로 인한 폭행 등을 방지하기 위해 음식점들이 팔을 걷고 나선 것이다.   경찰청에 따르면 공공장소에서 음주 소란으로 경범죄 범칙금이 부과된 건수는 2016년 기준 2만9677건으로 2013년(1만5356건) 대비 근 2배로불어났다. 경범죄처벌법에 따르면 공공장소에서 음주 소란은 10만원 이하 벌금, 구류 혹은 과료 처벌을 받는다.    [나현준 기자]      ☞ 조용히 사서 묻어놔라! 6月 정말 큰돈 된다! ☞ 세계최초 항암제 개발! 신라젠 놓쳤다면, 이 종목 잡아라!! ☞ 세계 최초 신약! 1,500% 신라젠 능가할 단돈 4천원대 Bio 황제주!!! ☞ 6月 반드시 주목해야될 Best 바이오 종목!!      [ⓒ 매일경제 & mk.co.kr, 무단전재 및 재배포 금지]"
215,4,"2018-06-06","18:19:51","[단독] 고교물리도 모르는 공대생…서울대 `물리학 열등반` 보충수업","■ 서울공대 신입생 절반 '물알못'    내년부터 고등학교 때 자연계열 학생을 대상으로 하는 물리 심화과목인 '물리Ⅱ'를 이수하지 않고 서울대 공대에 입학하는 신입생은 고교 이과 과정 수준의 물리 수업을 대학에서 의무적으로 수강해야 한다. 문과 수준 물리 교육만 받은 '물알못(물리를 알지 못하는)' 학생이 국내 최고 학부 공대 신입생 중 절반가량을 차지하는 '물리소양 부족' 현상이 반복되면서 서울대가 이른바 '물알못' 학생들을 대상으로 열등반을 운영하는 극약 처방에 나선 것이다.   6일 서울대에 따르면 서울대 공대는 지난 5일 교과과정위원회를 열고 고등학교에서 물리Ⅱ 과목을 이수하지 않은 학생들이 대학에서 '물리학' 대신 '물리의 기본'이라는 과목을 이수하도록 규정을 수정했다. '물리의 기본'은 고등학교에서 물리 과목을 배우지 않았거나 물리Ⅰ 또는 그에 준하는 수준의 과목만을 이수한 학생들을 대상으로 난도를 대폭 낮춘 강의다. '물알못반'은 물리Ⅱ를 이수하지 않은 2019학년도 이후 신입생 중 물리학이 필요한 전공 분야 학생들을 대상으로 의무화된다. 서울대 공대 관계자는 ""공대 한 해 입학생 정원 900여 명 가운데 450명가량이 고교에서 물리Ⅱ를 배우지 않고 들어오는데, 대학에서 갑자기 확 높아진 물리학 난도에 좌절해 공학도의 꿈을 접는 사례가 늘고 있다""며 ""대학에서 공학을 배우는 데 가장 기초인 물리학Ⅰ·Ⅱ도 힘들어하는 학생들에게 같은 내용을 (고교 수준으로) 더 쉽게 설명하는 '물리의 기본' 수업을 내년부터 의무적으로 수강하도록 했다""고 전했다.   또 이 관계자는 ""고교에서 물리Ⅱ를 배우지 않아 '물리의 기본' 과목을 반드시 수강해야 하는 학생이 '물리학' 강의에 도전하고자 할 때는 물리학 성취도 평가에 응시해 일정 점수를 획득해야 한다""고 설명했다.   서울대에 따르면 최근 3년간 서울대 이공계열 학과에 입학한 신입생 중 고등학교에서 물리Ⅱ를 수강하지 않은 학생은 매년 절반 수준에 이른다. 특히 최근 3년간 대학수학능력시험에 응시하고 정시모집으로 입학한 이공대 신입생들 사이에서는 물리Ⅱ를 전혀 배우지 않은 학생이 배운 학생보다 많았다.    '물알못' 신입생들은 대학 전공수업을 따라가는 데 어려움을 겪고 있다. 최근 5년간 서울대에서 개설된 물리학 강의 중 학생들의 수강 중도취소율이 15%를 넘은 강의 비율은 24%로, 수학(7%)보다 3배 이상 높았다. 수강 중도 취소율이 25%를 넘는 강의는 물리학과 수학이 각각 8%, 1%로 차이가 더 벌어졌다.   고등학교에서 물리Ⅱ 과목의 인기가 떨어지는 것은 물리학이 다른 과목보다 어려운 데다 입시점수 획득에 불리하기 때문이다. 2014학년도 수능부터 선택 가능한 과학 과목 수가 2개로 축소되면서 상대적으로 좋은 등급을 딸 수 있는 과목에 수험생들이 몰리고 있다. 지난해 11월에 치러진 2018학년도 수능에서 전체 과학탐구 응시자 24만4733명 가운데 물리Ⅱ 응시자는 2839명(1.2%)으로 역대 최저 수준을 기록했다.   학생들의 수요가 줄면서 물리Ⅱ를 개설한 고등학교가 최근 감소하는 추세다. 서울시교육청에 따르면 지난해 서울시 소재 고등학교에 개설된과학탐구Ⅱ(물리·화학·생명과학·지구과학) 과목 중 물리학을 선택한 학생의 비율은 14%에 그쳤다. 물리Ⅱ를 개설한 일부 학교에서는 수업이 정상적으로 운영되지 않고 있다.   최승후 전국진학지도협의회 정책국장(경기 문산고 교사)은 ""물리Ⅱ에 대해 가산점을 주는 일부 대학을 지원하는 경우가 아니라면 학생들이 물리Ⅱ를 수강할 유인이 거의 없다""며 ""다만 고교에서 물리Ⅱ를 이수했다는 사실만으로 일부 대학 수시모집 학생부종합전형에서 유리하다는 점을 이용해 일부 고등학교는 물리Ⅱ 과목을 개설만 해놓은 채 실제로는 다른 과목 자습을 시키는 일도 있다""고 전했다.   전문가들은 이공계 진학자들이 기초과학 지식을 탄탄히 다지지 못하면 4차 산업혁명을 주도해 나갈 '과학기술 강국'으로서 한국 입지가 흔들릴 수 있다고 우려한다. 차국헌 서울대 공대 학장은 ""4차 산업혁명의 근간이 되는 기초학문을 지속적으로 가르치는 게 고등학교 단계에서 중단되면 대학에서 관련 소양을 높이는 게 쉽지 않다""며 고등학교 교육 정상화를 위한 대입 제도 개편 필요성을 강조했다.   이공계 대학생들의 물리학 기초가 약해지면서 산업계에서도 수준 높은 한국인 엔지니어를 수급하는 데 어려움을 겪고 있다는 지적이 나온다.    [양연호 기자]      ☞ 조용히 사서 묻어놔라! 6月 정말 큰돈 된다! ☞ 세계최초 항암제 개발! 신라젠 놓쳤다면, 이 종목 잡아라!! ☞ 세계 최초 신약! 1,500% 신라젠 능가할 단돈 4천원대 Bio 황제주!!! ☞ 6月 반드시 주목해야될 Best 바이오 종목!!      [ⓒ 매일경제 & mk.co.kr, 무단전재 및 재배포 금지]"
215,5,"2018-06-06","18:19:25","생생한 中인공지능 기술…상하이 CES에 총집결","""알리바바 같은 중국 기업들의 인공지능(AI) 기술이 얼마나 발전했는지 확인할 수 있는 장이 될 것입니다.""   캐런 춥카 전미기술협회(CTA) 수석 부사장의 말이다. 춥카 부사장은 매일경제와 인터뷰하면서 ""매년 1월 라스베이거스에서 개최하는 국제전자제품박람회(CES)가 산업 전반에 대한 혁신을 느낄 수 있다면 중국 상하이에서 개최되는 CES 아시아는 스마트 시티, 인공지능, 머신러닝, 자율주행차 등 아시아에서 이끄는 혁신을 확인할 수 있는 기회""라고 말했다. 세계 최대 정보기술 전시회인 CES를 주관하는 CTA는 오는 13일부터 15일까지 중국 상하이 신국제엑스포센터(SNIEC)에서 'CES 아시아 2018'을 개최한다. 국내 언론 중 유일하게 CTA와 매년 파트너십을 체결하고있는 매경미디어그룹은 올해 CES 아시아 2018에도 글로벌 미디어 파트너 협약을 맺고 행사를 정확하고 신속하게 보도할 예정이다.   CES 아시아 2018 미디어 파트너사에는 한국 매경미디어그룹과 함께 미국 블룸버그, 영국 BBC, 홍콩 사우스차이나모닝포스트(SCMP) 등 각국을대표하는 미디어들이 참여했다.   올해로 네 번째 개최되는 CES 아시아 2018은 전 세계 50여 국가에서 500개 기업, 4만명이 참가한다. 인공지능, 자율주행차, 드론, 증강현실, 사물인터넷, 로봇 등 각 영역에서 미래 산업의 판도를 바꿀 기술이 전시된다.   중국 화웨이, 알리바바 AI랩스, 바이튼, 광저우 자동차그룹, 미쓰비시, TCL, 스카이워스, BYD 등 약 500개 기업이 참여한다. 한국에선 현대·기아자동차, LG전자, 삼성 계열사인 하만 등이 참석한다. 주최 측인 CTA는 약 4만명의 관람객이 참석할 것으로 예상했다. CES 아시아 2018의최대 화두는 중국의 '인공지능 굴기'가 될 전망이다. 중국 정부 차원에서 AI 육성에 사활을 걸고 있고 중국 기업들도 세계 시장을 장악하기위해 매진하고 있기 때문이다.   알리바바 인공지능 연구소 총책임자 미피 첸 박사와 미국 바이튼의 카르스텐 브라이트펠트 공동창업자가 기조연설자로 나서 미래 혁신에 대해 공유할 예정이다.    [실리콘밸리 = 손재권 특파원]      ☞ 조용히 사서 묻어놔라! 6月 정말 큰돈 된다! ☞ 세계최초 항암제 개발! 신라젠 놓쳤다면, 이 종목 잡아라!! ☞ 세계 최초 신약! 1,500% 신라젠 능가할 단돈 4천원대 Bio 황제주!!! ☞ 6月 반드시 주목해야될 Best 바이오 종목!!      [ⓒ 매일경제 & mk.co.kr, 무단전재 및 재배포 금지]"
215,6,"2018-06-06","18:19:09","LG전자, 펜 탑재한 스마트폰 내달 출시","LG전자는 6일 ""전용 펜이 달린 스마트폰 'Q스타일러스'를 이달 중 해외에서 판매하고 이르면 다음달 국내 출시한다""고 밝혔다. 해외 출시명은 'Q스타일러'지만 국내에 출시할 때는 이름이 바뀔 것으로 예상된다.   Q스타일러스는 LG전자가 2015년 선보인 펜이 달린 스마트폰 '스타일러스'의 후속작이다. 스타일러스는 30만원대 보급형 스마트폰이었지만 여기에 지난해 출시한 준프리미엄폰 Q시리즈의 고사양 스펙을 지원해 준프리미엄급 스마트폰으로 만들었다. 가격은 미정이지만 대략 60만원대로 예상된다. Q스타일러스는 사각거리는 소리, 붓을 고르면 붓이 종이를 스치는 소리 등 실제 필기구를 쓰는 소리 10가지를 지원한다. 펜이 스마트폰과 멀어지면 알람을 주고 여러 글자를 겹쳐 써도 각 글자를 인식할 수 있다. 또한 펜이 쓰인 여러 화면을 GIF 파일 형태로 저장하는 기능도 지원한다.   후면 1600만화소, 전면 800만화소 카메라를 지원한다.    [이선희 기자]      ☞ 조용히 사서 묻어놔라! 6月 정말 큰돈 된다! ☞ 세계최초 항암제 개발! 신라젠 놓쳤다면, 이 종목 잡아라!! ☞ 세계 최초 신약! 1,500% 신라젠 능가할 단돈 4천원대 Bio 황제주!!! ☞ 6月 반드시 주목해야될 Best 바이오 종목!!      [ⓒ 매일경제 & mk.co.kr, 무단전재 및 재배포 금지]"
215,7,"2018-06-06","18:18:47","[스톡인사이드]지상파 몸값 넘은 아프리카TV, 주가도 '훨훨'","1인 방송이 지상파 방송사를 제쳤다. 주식시장을 기준으로 했을 때다.  6일 한국거래소에 따르면 지난 5일 기준 1인 방송 플랫폼 아프리카TV(067160)의 시가총액은 5,539억원으로 지상파 방송사 SBS(034120)의 4,472억원보다 1,000억원 이상 더 많은 것으로 나타났다. 아프리카TV의 시총은 케이블TV 플랫폼 3위권 기업 현대HCN보다 500억원가량 더 높고 1위 케이블TV 기업 CJ헬로(037560)(7,080억원)를 추격하고 있다.  아프리카TV의 올해 주가 상승률은 149%를 기록했다. 수급 역시 탄탄하다. 4일까지 기관은 아프리카TV를 168만주 순매수하며 주가 흐름을 안정적으로 이끌고 있다. 같은 기간 외국인과 개인은 각각 143만주, 26만주 순매도했다.  인터넷 방송 플랫폼 아프리카TV가 전통적인 방송 플랫폼의 몸값을 따라잡은 것은 콘텐츠 산업 변화를 보여주는 대표적인 상징이다. 투자자들은 뉴미디어로 대표되는 아프리카TV를 대거 사들이며 주가를 끌어올리고 있다.  아프리카TV는 유튜브와 비슷한 인터넷 기반 동영상 플랫폼이다. 이용자들이 직접 만든 동영상 콘텐츠를 일반 대중들과 공유하고 소통하는 개방형 생태계다. 특히 모바일 기기에 익숙한 10대와 20대 연령층이 집중적으로 이용하고 있다. 이용자 스스로 콘텐츠를 만든다는 점에서시간이 갈수록 콘텐츠 다양성도 풍부해지고 있다. 갈수록 콘텐츠의 질도 높아지고 있다는 평가다. ‘먹방’ 외에도 게임·교육·뷰티·패션등 콘텐츠 종류도 다양하다.   동영상 콘텐츠 소비 패턴은 전통적 방송 플랫폼에서 인터넷 플랫폼으로 급격하게 이동 중이다. 2016년 기준 지상파 방송의 전체 방송시장 대비 매출 점유율은 전년 대비 2%포인트 줄어든 25%를 기록했다. 케이블TV 방송 가입자 역시 2015년 1,373만명에서 2016년 1,389만명으로 1.2% 증가하며 성장이 둔화되고 있다.  전통적인 미디어 대신 인터넷 기반 플랫폼으로 소비자가 이동하는 양상이다. 시스코는 인터넷 트래픽이 오는 2021년까지 연평균 31% 성장하는 데 동영상 트래픽 비중은 2016년 72%에서 2021년 81%까지 확대된다는 보고를 발표했다.  이 같은 현상은 아프리카TV 실적을 높이는 중요한 트렌드다. 2015년 629억원의 매출을 보인 아프리카TV는 지난해 매출 946억원을 올리며 큰 성장세를 보이고 있다. 영업이익 역시 같은 기간 76억원에서 183억원으로 140% 성장했다. 순이익 역시 41억원에서 2년 사이 147억원으로 오르며 인터넷 동영상시장의 성장과 궤를 같이하고 있다.  e스포츠시장 성장은 아프리카TV와 같은 인터넷 동영상 사업자들에게는 또 다른 호재다. 아시아올림픽평의회(OCA)는 최근 리그오브레전드·클래시로얄 등 6개 게임 종목을 올해 아시안게임 시범종목으로 채택해 e스포츠에 대한 관심은 갈수록 더 커질 것으로 전망된다. 비슷한 서비스를 하는 중국의 게임스트리밍 플랫폼 후야(HUYA)는 5월 초 나스닥에 상장해 한달여 만에 시가총액이 두 배 가까이 폭등했다.  김동희 메리츠종금증권 연구원은 “올해 후야 상장을 시작으로 더우위·아이치이 등 글로벌 동영상 플랫폼들이 상장을 시작하고 있다”며 “글로벌 동영상 플랫폼의 2018년 기준 주가매출비율(PSR)은 8~10배 수준으로 아프리카TV에 적용하면 기대 시가총액은 1조원 안팎”이라고 설명했다.  /박호현기자 greenlight@sedaily.com    ▶▶ 2018년 정부 정책 수혜주 TOP 10 大공개! ( 바로 확인)  ▶▶ 재료노출 임박한 상위1%의 극비정보 30명한정 공개(무료)    [ⓒ 서울경제, 무단 전재 및 재배포 금지]"
216,1,"2018-06-06","18:11:06","[포토] 이른 피서","서울의 한낮 기온이 30℃를 웃도는 등 무더운 날씨를 보인 6일 인천시 중구 을왕리해수욕장이 휴일을 맞아 더위를 피해 바다를 찾은 피서객들로 인산인해를 이루고 있다. 오승현 기자 story@   오승현 기자(story@etoday.co.kr)   [오늘의 핫클릭]  ☞40억 '이것' 통해 벌었다는 남성 알고보니 개인파산한 개그맨 A씨?  ☞포브스 혁신기업 순위에 '네이버'ㆍ'셀트리온' 등 올라  ☞센토사섬 '카펠라 호텔'은? 상위 1%가꼽은 럭셔리 호텔  ☞유럽연합, 美ㆍ中 관세정책 WTO에 제소  ☞ 美, 北 원산 카지노 투자 기대감 ... 카지노주 급등   ☞'직원 갑질 폭행' 이명희 구속영장 기각법원…한진家 수사 영향은?  ☞[카톡방] 무료 주식 카톡방 신청자수 38만 명 돌파 <업계 최대 카톡방> →카톡방 입장하기!         Copyrightⓒ이투데이, All rights reserved. (무단 전재 및 재배포 금지)   프리미엄 경제신문 이투데이    "
216,2,"2018-06-06","18:11:01","김광두 ""中에 제조업 밀리는 순간 한국 경제 나락… 위기감 왜 못 느끼나""","전후방 파급효과 감안하면 일자리 40% 제조업서 나와   규제완화·노동유연성 확보… 제조업 리모델링 서둘러야     [ 고경봉 기자 ] “중국의 ‘제조 2025’가 완성되는 순간 우리는 나락으로 떨어진다. 그 위기감을 왜 갖지 못하나.”  대통령 직속 경제자문기구인 국민경제자문회의의 김광두 부의장(사진)은 정부 고위관계자 중 ‘한국 제조업의 위기’를 우려하는 목소리를가장 많이 내는 것으로 유명하다. 하지만 정부 내에서 그런 인식이 제대로 확산되지 못하는 게 안타깝다고 했다. 최근 자신의 페이스북에서 “중국의 제조 2025가 해일처럼 밀려오고 있는데 우리는 무엇을 하고 있는가? 대비하고 있는 게 안 보이는 것은 나의 무지 때문인가”라며 답답함을 토로하기도 했다.  김 부의장은 한국경제신문과의 인터뷰에서 “중국과의 주요 경쟁 산업 분야에서 한국의우위는 이미 옛말이 됐다”며 “중국은 정부와 기업이 일체화돼 발빠르게 움직이는데 우리는 기존 규제나 재벌 정책, 노조 문제 등이 얽히면서 누구도 손대기 꺼리는 주제가 됐다”고 말했다.  김 부의장은 제조업의 순기능을 정부가 제대로 인식하는 데서해법을 찾아야 한다고 강조했다. 그는 “한국 정부는 제조업을 볼 때 그 산업에서 파생되는 전후방 생산서비스를 보지 않고 제조기업만쳐다보는 게 문제”라고 지적했다. 생산 자동화, 스마트팩토리의 도입 등으로 생산 라인의 고용이 줄지만 전후방 생산서비스를 감안하면 여전히 전체 고용의 40%가 제조업에서 나온다고 설명했다. 제조업 지원만 제대로 되면 오히려 서비스업보다 양질의 일자리를 더 많이 창출할 수 있다는 얘기다.  김 부의장은 아웃소싱의 활성화를 유도해야 한다고 주장했다. 산업 융합의 시대에 맞춰 협업을 강화하려면 기업 스스로 모든 걸 하려고 하기보다는 전문 영역에 맞춰 기능과 인력 등을 외부에 위탁해야 생산 서비스 분야를 발전시킬 수 있다고 했다. 이를 통해 전문성을 갖춘 강소기업을 만들어낼 수 있다는 논리다.  김 부의장은 정부가 노동 유연화에 관심을 둬야 한다고도 주문했다. “기술이 자주 바뀌면서 기존 업종이 사라지고 새로운 업종이 빠르게 생겨나는 환경에서는 업종 간 전환 능력이 신속해야 하는데 그러려면 노동유연성이 높아야 한다”며 “실직 위험이 커지는 대신 복지 기반을 갖추고 직업교육 등을 강화해 직무 능력을 갖춘 전문인력을 양성해야 한다”고 강조했다.  김 부의장은 “산업 관련 부처에서 산업 경쟁력에 대해 고민을 덜 하는 것 같아 안타깝다”고 말했다. 그는 “혁신은 창의성에서 나오고 창의성이 있으려면 자유로워야 한다”며 “규제가 많으니 자유로운 사고나 시도가 막혀 있다”고 지적했다.  고경봉 기자 kgb@hankyung.com    [ 무료 주식 카톡방 ] 국내 최초, 카톡방 신청자수 38만명 돌파 < 업계최대 카톡방 > --> 카톡방 입장하기!! 40억 ""이것""통해 벌었다는 남성 알고보니 ""개인파산""한 개그맨 A씨? ▶ <긴급공개> 2분기이끌 新대장주 BEST 5 억대계좌 이종목에서 또 터진다! >> [바로확인]     관련기사 ""젊은 직장인들 모인다""…강북도심 부활한 이유가 R&D투자 美·中의 20% 불과… 그나마 전기전자에 60% 편중 계속되는 주한미군 철수설에…美 국방장관 결국 남편에게 돈 벌어 오랬더니 하는 말이…아내 속앓이 펄펄 끓는 美·中·日 굴뚝산업… 한국만 식어간다    ⓒ 한국경제 & hankyung.com, 무단전재 및 재배포 금지"
216,3,"2018-06-06","18:11:00","[中증시 마감]방향성 찾는 상하이지수, 강보합","[베이징= 이데일리 김인경 특파원] 중국 상하이종합지수가 3100선에서 방향을 탐색하며 강보합으로 마감했다.   6일 상하이종합지수는전 거래일보다 0.03% 오른 3115.18로 거래를 마쳤다. 선전성분지수는 0.20% 하락한 1만365.13을 기록햇다.   이날 증시는 이렇다 할 이슈가 없었던 만큼, 투자자들은 관망세를 유지하는 모습이었다. 최근 미중 무역 갈등에 대한 우려가 불거진 점도 증시의 상승세를 차단했다.   중국 A주의 모건스탠리캐피탈인터내셔널(MSCI) 신흥시장 지수 편입 이슈로 최근 오름세를 탔던 대형주에서 차익매물들이 나왔다.   다만 ZTE(중싱)이 벌금을 내는 조건으로 미국 기업과의 7년 제재 금지에서 해제되는 방안의 합의를 도출했다는 소식은 증시의 힘이 됐다.   이날 홍콩H지수는 전날보다 0.20% 오른 1만2283.58에 거래를 마쳤다. 홍콩항셍지수는 0.53% 오른 3만1259.10을 기록했다.  ▶계좌회복프로젝트! 상위 전문가의 투자전략 및 추천종목‘[무료확인]’ ▶14년 연속 1위, 대한민국 대표 스탁론 하이스탁론 '    ' ＜ⓒ종합 경제정보 미디어 이데일리 - 무단전재 & 재배포 금지＞   "
216,4,"2018-06-06","18:11:00","CNN “볼턴, 고의로 ‘리비아式' 비핵화 제시…북미정상회담 무산 의도”","존 볼턴 미국 백악관 국가안보보좌관. (사진=AFP PHOTO)[이데일리 방성훈 기자] “존 볼턴 백악관 국가안보보좌관이 북한 비핵화 해법으로 리비아 모델을 언급한 것은 고의였다.”  CNN은 5일(현지시간) “볼턴 보좌관이 북미정상회담을 무산시키려고 했다”며 복수의 소식통을 인용해 이같이 보도했다. 체재보장을 장담할 수 없는 리비아 모델을 내세워 김정은 북한 국무위원장의 분노를 유발하고, 궁극적으로는 북미정상회담을 좌초시키기 위한 전략이었다는 것이다. 앞서 볼턴 보좌관은 지난 4월 말 폭스뉴스, CBS방송 등과의 인터뷰에서 북한 비핵화 방식에 대해 ‘선(先) 핵폐기, 후(後)보상’ 방식의 리비아 모델을 염두에 두고 있다고 밝혔다. 하지만 리비아 모델은 결과적으로 8년 뒤 무하마르 카다피 정권의 몰락으로 이어졌다.   CNN 보도가 사실이라면, 이후 회담 추진 상황은 볼턴 보좌관이 그린 그림대로 흘러갔다. 북한은 마이크 펜스 부통령까지 나서리비아 모델을 주장하자, “일방적인 핵 포기만을 강요하려 든다면 대화에 더는 흥미를 느끼지 않을 것”이라며 북미정상회담을 재고려하겠다고 위협했다. 도널드 트럼프 대통령은 북한의 비판 수위가 높아지자 “회담을 취소하겠다”고 더욱 강력히 응수했다. 트럼프 대통령이 김 위원장을 치켜세우는 등 핑크빛 기류마저 감돌던 양국 관계가 순식간에 최악 수준의 긴장 관계로 다시 악화된 것이다.   CNN은 “볼턴 보좌관이 아마도 (북미 간) 대화의 모든 과정을 날려버리고자 했던 것 같다. (북미대화가) 결국 미국에 유리한 방향으로 끝나지 않을 것이라고느꼈기 때문”이라고 분석했다. 그러면서 “그가 북한이 정정당당하게 대화에 임하지 않을 것이라고 느낀 것인지, 아니면 미국이 원하는 모든 것을 얻지 못할 것이라고 느낀 것인지를 두고 소식통들 사이에서도 의견이 분분하다”고 덧붙였다.   CNN은 또 “하지만 소식통들은볼턴의 시도가 일을 그르치게 하려는 고의적인 것이었다고 느끼고 있다”며 “이는 대통령뿐 아니라 마이크 폼페이오 국무부 장관까지도 분노   하게 만들었다. 볼턴은 적어도 현 시점에서는 (회담준비) 과정, 북한 이슈에서 제외됐다”고 설명했다.   실제 지난 1일 김영철 북한노동당 부위원장 겸 통일전선부장이 백악관에서 트럼프 대통령과 면담했을 때에도 볼턴 보좌관은 모습을 드러내지 않았다. 이와 관련, CNN은전날 “볼턴 보좌관이 리비아 모델을 공개 언급한 이후 폼페이오 장관과의 갈등이 폭발 직전 단계까지 치달았다”며 “폼페이오 장관이 트럼프 대통령에게 건의해 볼턴이 배석하지 못하도록 했다”고 전했다.  ▶계좌회복프로젝트! 상위 전문가의 투자전략 및 추천종목‘[무료확인]’ ▶14년 연속 1위, 대한민국 대표 스탁론 하이스탁론 '    ' ＜ⓒ종합 경제정보 미디어 이데일리 - 무단전재 & 재배포 금지＞   "
216,5,"2018-06-06","18:10:53","[포토] 지방선거 사전투표소 차려질 인천공항 출국장","'제7회 전국동시지방선거' 및 '국회의원 재·보궐선거'의 사전투표일을 앞둔 6일 인천국제공항 제1여객터미널 출국장에 사전투표일과 사전투표소를 알리는 배너가 걸려있다. 오는 8일부터 이틀간 진행되는 사전투표는 별도의 부재 신고 없이 신분증만 지참하고 읍·면·동사무소에 설치된 투표소에서 투표할 수 있다. 오승현 기자 story@   오승현 기자(story@etoday.co.kr)   [오늘의 핫클릭]  ☞40억 '이것' 통해 벌었다는 남성 알고보니 개인파산한 개그맨 A씨?  ☞포브스 혁신기업 순위에 '네이버'ㆍ'셀트리온' 등 올라  ☞센토사섬 '카펠라 호텔'은? 상위 1%가꼽은 럭셔리 호텔  ☞유럽연합, 美ㆍ中 관세정책 WTO에 제소  ☞ 美, 北 원산 카지노 투자 기대감 ... 카지노주 급등   ☞'직원 갑질 폭행' 이명희 구속영장 기각법원…한진家 수사 영향은?  ☞[카톡방] 무료 주식 카톡방 신청자수 38만 명 돌파 <업계 최대 카톡방> →카톡방 입장하기!         Copyrightⓒ이투데이, All rights reserved. (무단 전재 및 재배포 금지)   프리미엄 경제신문 이투데이    "
216,6,"2018-06-06","18:10:40","[포토] 사전투표소 차려질 인천공항 출국장","'제7회 전국동시지방선거' 및 '국회의원 재·보궐선거'의 사전투표일을 앞둔 6일 인천국제공항 제1여객터미널 출국장에 사전투표일과 사전투표소를 알리는 배너가 걸려있다. 오는 8일부터 이틀간 진행되는 사전투표는 별도의 부재 신고 없이 신분증만 지참하고 읍·면·동사무소에 설치된 투표소에서 투표할 수 있다. 오승현 기자 story@   오승현 기자(story@etoday.co.kr)   [오늘의 핫클릭]  ☞40억 '이것' 통해 벌었다는 남성 알고보니 개인파산한 개그맨 A씨?  ☞포브스 혁신기업 순위에 '네이버'ㆍ'셀트리온' 등 올라  ☞센토사섬 '카펠라 호텔'은? 상위 1%가꼽은 럭셔리 호텔  ☞유럽연합, 美ㆍ中 관세정책 WTO에 제소  ☞ 美, 北 원산 카지노 투자 기대감 ... 카지노주 급등   ☞'직원 갑질 폭행' 이명희 구속영장 기각법원…한진家 수사 영향은?  ☞[카톡방] 무료 주식 카톡방 신청자수 38만 명 돌파 <업계 최대 카톡방> →카톡방 입장하기!         Copyrightⓒ이투데이, All rights reserved. (무단 전재 및 재배포 금지)   프리미엄 경제신문 이투데이    "
216,7,"2018-06-06","18:10:20","[포토] 사전투표소 마련될 인천공항 출국장","'제7회 전국동시지방선거' 및 '국회의원 재·보궐선거'의 사전투표일을 앞둔 6일 인천국제공항 제1여객터미널 출국장에 사전투표일과 사전투표소를 알리는 배너가 걸려있다. 오는 8일부터 이틀간 진행되는 사전투표는 별도의 부재 신고 없이 신분증만 지참하고 읍·면·동사무소에 설치된 투표소에서 투표할 수 있다. 오승현 기자 story@   오승현 기자(story@etoday.co.kr)   [오늘의 핫클릭]  ☞40억 '이것' 통해 벌었다는 남성 알고보니 개인파산한 개그맨 A씨?  ☞포브스 혁신기업 순위에 '네이버'ㆍ'셀트리온' 등 올라  ☞센토사섬 '카펠라 호텔'은? 상위 1%가꼽은 럭셔리 호텔  ☞유럽연합, 美ㆍ中 관세정책 WTO에 제소  ☞ 美, 北 원산 카지노 투자 기대감 ... 카지노주 급등   ☞'직원 갑질 폭행' 이명희 구속영장 기각법원…한진家 수사 영향은?  ☞[카톡방] 무료 주식 카톡방 신청자수 38만 명 돌파 <업계 최대 카톡방> →카톡방 입장하기!         Copyrightⓒ이투데이, All rights reserved. (무단 전재 및 재배포 금지)   프리미엄 경제신문 이투데이    "
217,1,"2018-06-06","18:01:04","냉면마저 9,000원...무섭게 오른 외식물가","외식 물가 상승세가 지속 되고 있다. 1년 새 냉면 가격은 10% 올라 한 그릇에 9,000원에 근접하는 등 주요 음식 물가가 일제히 상승했다.  6일 한국소비자원 가격정보 종합포털 ‘참가격’을 보면 서울 지역에서 소비자들이 즐겨 찾는 대표 외식 메뉴 8개 가운데 7개 가격이 1년새 올랐고 1개만 지난해와 같았다. 가격이 내린 메뉴는 하나도 없었다.  지난달 서울 지역 음식값을 보면 냉면 가격은 한 그릇 평균 8,769원으로 지난해 같은 달(7,962원)보다 10.1%(807원) 올라 가격 인상률이 가장 컸다. 삼겹살 가격은 200ｇ당 1만 6,489원으로 지난해보다 5.6%(868원) 올라 상승 폭이 두 번째로 컸다. 이어 김치찌개 백반(2.6%), 칼국수·김밥(1.8%), 비빔밥(1.4%), 삼계탕(0.8%) 순으로 많이 올랐다.  이 같은 외식 품목 인상 못지않게 집에서 먹는 먹거리 가격도 큰 폭으로 오르고 있다. 소비자원이 지난달 10일 발표한 주요 간편 식품 10개 품목의 인상률을 살펴보면 즉석카레 3.8%, 라면 2.1%, 탕 1.4%, 컵라면 0.2%로 지난해 5월 대비 올랐다. /허세민기자 semin@sedaily.com     ▶▶ 2018년 정부 정책 수혜주 TOP 10 大공개! (바로 확인)  ▶▶ 재료노출 임박한 상위1%의 극비정보 30명한정 공개(무료)    [ⓒ 서울경제, 무단 전재 및 재배포 금지]"
217,2,"2018-06-06","18:01:04","'싱가포르 실무협상' 北김창선, 中으로… 7일 김정은에 보고","[머니투데이 강기준 기자] [일본 교도통신 보도… 지난달 28일부터 美측과 싱가포르서 실무교섭 ]    세기의 담판이 될6.12 북미 정상회담을 앞두고 김창선 북한 국무위원회 부장이 싱가포르에서 사전준비를 끝내고 6일 항공편으로 베이징에 도착했다고 일본 교도통신이 보도했다.   교도통신에 따르면 김 부장은 싱가포르에서 미국 측과 회담장소 선정 및 경호 등 실무교섭을 마치고 이날 베이징 공항에 도착했다. 통신은 김 부장은 일단 평양으로 돌아가 김정은 국무위원장에게 관련 내용을 다음날인 7일 보고할 것으로 전망된다고 전했다.   김 부장은 평양으로 가는 고려항공편이 있는 7일 오후 귀환길에 오를 것으로 보인다. 이날은 베이징 주재 북한대사관이나 모처에서 하루 머물 것으로 추정된다.   김정은의 '집사'로 칭하는 김창선은 지난달 28일 베이징을 경유해 같은날 밤 싱가포르에 도착했다. 이후 조 헤이긴 백악관 부비서실장과 북미 정상회담 준비를 조율했다. 양측은 실무교섭을 통해 오는 12일 오전 9시(한국시간 오전 10시) 싱가포르 센토사섬 카펠라 호텔을 회담 장소로 정한 바 있다. 이밖에 배석자 명단, 의전, 경호 등도 대부분 조율을 마쳤을 것으로 보인다.   김 부장은 공식 직책은 '국무위원회 부장'이지만, 김정은 북한 국무위원장을 보좌하는 서기실장을 맡고 있다. 그는 김정일 국방위원장 때부터 지근거리에서 보좌한 베테랑이기도 하다.      주식담보대출도 이제 부담없는 금리로 가능(안내: 02-3775-1497)   ▶▶ 2018년! 하반기를 뜨겁게 달굴 ""급등 유력株"" TOP.10 긴급공개 (클릭)   ▶▶ 단독! 정책+수급+실적 3박자를 두루 갖춘 TOP 시크릿 급등 유망주 지금 공개 (클릭)     [파워 인터뷰]      [관련기사] ☞ 한지민, 헌시 낭송…박근혜 정부 땐 '현빈·이서진'  ☞ ""시선강간 싫다면서 왜 벗냐""… '맨가슴 시위' 시끌시끌 ☞ '김정은 전용기 추락'…고사 지내는 日 우익들 ☞ '58년 개띠'의 은퇴…한국, 車 산업 변화가 시작된다 ☞ '롯데월드타워 등반' 알랭 로베르, 75층서 중단       주식매입자금? 전화 한통화면 당신은 스마트컨슈머!    최저금리로 신용·미수 대환 하는 가장 경제적인 방법 (바로 확인)   ‘개미’말고 ‘슈퍼 투자자’되고 싶다면?...‘이것’만 잘 이용해도 가능해요!       강기준 기자 standard@mt.co.kr    <저작권자 ⓒ '돈이 보이는 리얼타임 뉴스' 머니투데이, 무단전재 및 재배포 금지>"
217,3,"2018-06-06","18:00:48","호텔까지 구불구불 250m…1시간 다녀도 사람 못봐 `요새같은 보안`","◆ 美北회담 카펠라호텔 확정 ◆     △사진 설명 : 美北정상, 저 카트에서 밀담 나눌까   6·12 미 북정상회담 장소로 최종 선정된 싱가포르 센토사섬 카펠라호텔 본관 앞에 카트 두 대가 나란히 서 있다. 카트는 축구장 2개에 가까운 규모를 자랑하는 카펠라호텔에서 주요 이동 수단이다. 앞서 일본 NHK는 지난달 31일 미 북정상회담 실무 준비 작업을 진두지휘하는 조 헤이긴 백악관 부비서실장과 김창선 북한 국무위원회 부장이 호텔에서 카트를 타고 이동하는 모습이 포착됐다고 보도한 바 있다. 도널드 트럼프 미국 대통령과 김정은 북한 국무위원장의 카트 밀담 이 펼쳐질지 주목된다. [싱가포르 = 임영신 아시아순회특파원]   세기의 담판인 6·12 미·북정상회담 개최를 앞두고 조 헤이긴 백악관 부비서실장이 이끄는 미국 실무팀은 지난달 28일 싱가포르 센토사섬 카펠라호텔에 짐을 풀었다. 이 호텔에서 헤이긴 부비서실장과 김창선 북한 국무위원회 부장은 의전·경호·수송 등 회담 실무계획에 대한 협상을 네 차례에 걸쳐 벌였다. 미·북 실무팀은 007작전을 방불케 하는 물밑협상 끝에 양국 정상이 만나는 역사적 현장으로 카펠라호텔을 최종선정했다. 이때부터 이 호텔은 외부인의 진입을 전면 차단했다. 이 가운데 매일경제 기자가 지난달 29일부터 30일까지 이틀에 걸쳐 카펠라호텔 내부에 들어가 본관 건물과 주변 시설들을 둘러봤다.     '외부와 완벽하게 격리된 현대판 요새.' 카펠라호텔을 한마디로 표현하면 이렇다. 영국 식민지 시절인 1880년대 영국군 장교 숙소를 개조한 카펠라호텔은 본관으로 가려면 두 갈래로 나뉜, 250 여 m 길이의 구불구불한 진입로를 통과해야 한다. 호텔은 진입로를 거쳐 언덕 꼭대기에 자리 잡고 있다. 따라서 진입로만 막아도 호텔은 외부와 완벽하게 차단되며 바깥에선 호텔을 들여다볼 수 없다. 무전기를 소지한 호텔 직원 2~4명이 진입로 초입에 배치돼 외부인과 차량을 엄격하게 통제하는 이유다. 그동안 현지 매체가 가장 유력한 회담 장소로 꼽았던 샹그릴라호텔은 지난 1~3일 아시아안보회의(샹그릴라 대화)를 개최하면서 차량에서 내리는 인사들이 잘 보이지 않도록 호텔 입구에 캐노피(가림막)를 설치했는데 카펠라호텔은 그럴 필요가 없다.   호텔 내부는 바깥보다 보안이 한층 더 삼엄했다. '타나 메라(Tanah Merah)'로 불리는 호텔 본관은 건축 유산으로 등록돼 있으며 말레이시아어로 '붉은 대지(red earth)'를 뜻한다. 특히 12만1400㎡ 규모의 넓은 용지에 별채 풀빌라를 포함한 객실이 110여 개에 불과한 데다 위에서 건물을 내려다보면 숫자 '8' 모양의 미로처럼 설계돼 투숙객끼리도 거의 마주치지 않는다. 2층 테라스로 나가니 열대우림이 건물을 겹겹이 에워싸고 갖가지 나무 사이로 탁 트인 남중국해 전망이 펼쳐졌다. 1시간 넘게 다녀도 로비에 배치된 호텔 직원을 제외하면 정원에 풀어놓은 '공작새'를 만난 게 전부였다. 문득 '사람이 죽어도 한동안 발견되지 않을 것 같다'는 생각이 들었다. 그만큼 도널드 트럼프 미국 대통령과 김정은 북한 국무위원장이 극비리에 회동하는 데 가장 적합한 장소라는 뜻이다.   한 소식통은 ""국제회의 경험이 풍부한 샹그릴라호텔은 뛰어난 경호와 의전 노하우를 갖췄지만 외부의 접근을 완전히 봉쇄하는 데는 센토사섬의 카펠라호텔만 한 곳이 없다""고 말했다. 최종 회담 장소를 선정하는 데 미·북 정상의 안전과 보안 유지가 최우선으로 고려됐다는 것이다.  넓이 4.71㎢의 연륙도인 센토사섬은 본토와 연결된 700여 m 길이의 다리와 케이블카, 모노레일 등만 차단하면 외부의 접근을 차단할 수 있다는 점이 최대 강점으로 꼽힌다.    카펠라호텔은 판문점의 도보다리나 다롄 해변가 산책에 이은 상징적인 장면을 연출하기에도 안성맞춤이다. 트럼프 대통령은 아베 신조 일본 총리와 '골프 외교' 때 선보인 것처럼 김 위원장과호텔 내에서 카트를 함께 타고 다니면서 밀담을 나눌 가능성이 있다. 앞서 일본 NHK는 지난달 31일 김 위원장의 집사로 불리는 김 부장이 카펠라호텔에서 골프 카트를 타고 이동하는 모습 외에 헤이긴 부비서실장이 별도의 골프 카트를 타는 모습도 포착됐다고 보도한 바 있다. 특히키 190㎝의 트럼프 대통령과 키 170㎝의 김정은 위원장이 마주 서면 김 위원장이 트럼프 대통령을 우러러보는 듯한 장면이 나올 수 있다. 카트를 타면 두 사람이 동등하게 보이면서도 친밀함을 연출하는 데 적격이다.   두 정상은 호텔에서 도보로 5분 거리인 팔라완 해변까지 카트를 타고 간 뒤 해변가를 거닐 수도 있다. 이 경우 아시아 최남단인 팔라완에서의 '해변 독대'로 기록될 전망이다. 현재 현지 경찰 등이 팔라완 해변 일대에서 경계를 서고 있다.   양측 정상이 같은 날 수차례 회동할 경우 호텔 내부 시설을 활용할 것으로 점쳐진다. 카펠라호텔 본관은 경사진 지형을 활용해 설계돼 겉으로 보기엔 2층짜리 건물 같지만 실제 4층짜리 건물이다. 로비가 3층이고 중앙 계단을 통해 내려가면 2층에 '센토사 1~3'으로 불리는 회의장 3개가 마련돼 있다. 이곳에는 통상 포럼 등에서 보기 어려운 특수장비가 반입돼 있다. 지난달 30일 회의장 구역에는 통째로 검은색 가림막이 쳐져 있었다. 양측 대표단의 추가 협상 장소로 이용될 가능성이 높다. 최고급 별채에서도 만날 수 있다. 1층엔 연회장이 마련돼 있는데 그랜드볼룸은 400명을 수용할 수 있다. 천장에 공중에 떠있는 듯한 유리 조각품이 설치돼 있어 화려하면서도 개방감이 높았다. 트럼프 대통령과 김위원장을 비롯한 양측 대표단은 이곳에서 오찬 또는 만찬을 할 가능성이 있다.   카펠라호텔이 정상회담 장소로 확정된 가운데 트럼프 대통령은 본토의 샹그릴라호텔에, 김 위원장은 마리나베이 인근 풀러턴호텔이나 샹그릴라호텔과 가까운 세인트레지스호텔에 묵을 가능성이 제기되고 있다.    [싱가포르 = 임영신 아시아순회특파원]      ☞ 조용히 사서 묻어놔라! 6月 정말 큰돈 된다! ☞ 세계최초 항암제 개발! 신라젠 놓쳤다면, 이 종목 잡아라!! ☞ 세계 최초 신약! 1,500% 신라젠 능가할 단돈 4천원대 Bio 황제주!!! ☞ 6月 반드시 주목해야될 Best 바이오 종목!!      [ⓒ 매일경제 & mk.co.kr, 무단전재 및 재배포 금지]"
217,4,"2018-06-06","18:00:25","송출수수료 협상...'베팅하는 T커머스 vs 긴장하는 홈쇼핑'","유료방송 업체와 송출수수료를 협상 중인 홈쇼핑 업계가 신흥 세력인 ‘T커머스’ 업체들의 공세에 긴장하고 있다. T커머스 업체인 SK스토아가 최근 KT(030200)의 올레TV 4번 채널에 진입하는 등 황금채널 진입을 위해 과감한 투자를단행하고 있기 때문이다. 홈쇼핑 업체들은 송출수수료 인상에 T커머스의 공세까지 이어지면서 잔뜩 긴장하고 있다.  6일 관련 업계에따르면 현재 KT·SK브로드밴드·LG유플러스 등 IPTV 및 각 지역별 케이블TV 사업자들은 홈쇼핑·T커머스 등과 송출 수수료 협상을 진행 중이다. A 홈쇼핑 업체 관계자는 “현재 협상 초기 단계로 서로 간의 요구사항을 파악하는 수준”이라고 말했다.  홈쇼핑 업체들은 올해도송출 수수료가 크게 오르지 않을까 우려하고 있다. 민경욱 자유한국당 의원에 따르면 TV홈쇼핑 7개 사업자는 작년에도 송출수수료로 1조 2,402억 원을 지불했다. IPTV 사업자들은 올해 홈쇼핑 업체들에 전년대비 60~100% 수준의 수수료 인상을 요구한 것으로 전해졌다.   B 홈쇼핑의 한 관계자는 “플랫폼 쪽에서 6·8·10·12번 등 주요 채널은 60% 수준을, 가격 대비 성능이 좋다고 알려진 2번이나 4번, 10번대 후반채널은 최대 100% 인상까지 요구했다고 들었다”고 말했다. 플랫폼 사업자들 사이에서는 다른 업체들의 수수료 협상 결과에 따라 인상안을 정한다는 분위기도 감지된다.  송출수수료에 부담을 느끼는 홈쇼핑 업체와 달리 T 커머스 업체는 이번 기회에 황금 채널을 따내기 위해전력을 기울이고 있다. 최근 KT의 올레TV에서 SK스토아가 4번에 입성한 것이 한 예이다. SK스토아는 막대한 송출수수료를 내고 기존 30번에서 4번으로 채널을 바꾸게 됐다. 이 과정에서 4번에 있었던 CJ오쇼핑(035760)은 6번으로, 6번에 있던 롯데홈쇼핑은 30번대로 밀렸다. 업계 안팎에서는 SK스토아가 4번 채널을 차지하기 위해 송출수수료로 300억 원 이상을 제시한 것으로 관측하고 있다.   사정이 이렇다 보니 홈쇼핑 업계는 유료방송 사업자들의 송출수수료 안을 거절할 경우 황금 채널을 잃을 수 있다는 위기감이 팽배하다. C 홈쇼핑 업체 한 관계자는 “플랫폼별 채널의 변화에 따른 실적의 변동을 분석한 적은 없지만 채널 숫자가 뒤로 밀릴수록 매출에 타격이 있을 것이라는 건 업계의 정설”이라고 말했다.   반면 T커머스 업계는 황금 채널 확보에 주력하는 분위기이다. T 커머스 업계는 매년 20~30% 가량 성장하고 있다. 1위인 KTH의 K쇼핑은 올 하반기 중 LG유플러스의 IPTV를 통해 송출되면서 모든 IPTV 사업자에 입성을 완료한다. T커머스 업계 2위인 신세계(004170)TV쇼핑은 지난해 적지 않은 송출수수료를 내고 일부 IPTV에서 채널2번을 배정 받았다. 그 결과 지난해 매출이 3,000억원대에 진입했으며, 올해는 5,000억 원대를 예상하고 있다. /박준호기자 violator@sedaily.com    ▶▶ 2018년 정부 정책 수혜주 TOP 10 大공개! (바로 확인)  ▶▶ 재료노출 임박한 상위1%의 극비정보 30명한정 공개(무료)    [ⓒ 서울경제, 무단 전재 및 재배포 금지]"
217,5,"2018-06-06","18:00:21","대구 '달빛TIPS컨소시엄'… 팁스 프로그램 운영사 선정","[ 오경묵 기자 ] 대구시는 달빛TIPS컨소시엄이 중소벤처기업부 지정 고급기술기반 창업촉진프로그램인 ‘팁스 프로그램’ 운영사에 선정됐다고 6일 발표했다. 대구의 팁스 운영사는 지난해 선정된 대구TIPS컨소시엄에 이어 두 곳으로 늘어났다.  달빛TIPS컨소시엄은 주관사인 인라이트벤처스(대표 김용민)와 대구창조경제센터, 광주창조경제혁신센터가 참여했다. 팁스 프로그램은 성공한 벤처기업인이나벤처캐피털로 구성된 민간이 발굴해 초기 투자한 창업기업에 정부의 연구개발(R&D) 지원을 연계, 고급 기술인력의 창업을 촉진하는 프로그램이다. 팁스 프로그램에 선정된 창업기업은 민간투자금(1억원 내외)과 정부 R&D 자금 등 연계 지원금(최대 9억원)을 포함해 최대 10억원을 지원받을 수 있다.  대구=오경묵 기자 okmook@hankyung.com    [ 무료 주식 카톡방 ] 국내 최초, 카톡방 신청자수 38만명 돌파 < 업계 최대 카톡방 > --> 카톡방입장하기!! 40억 ""이것""통해 벌었다는 남성 알고보니 ""개인파산""한 개그맨 A씨? ▶ <긴급공개> 2분기 이끌 新대장주 BEST 5 억대계좌 이종목에서 또 터진다! >> [바로확인]     관련기사 ""젊은 직장인들 모인다""…강북 도심 부활한 이유가 '글로벌 창업팀 육성한다'10일 팁스 사업설명회 계속되는 주한미군 철수설에…美 국방장관 결국 기술창업에 1000억원 투입… 중기부, 팁스 지원계획 발표 남편에게 돈 벌어 오랬더니 하는 말이…아내 속앓이    ⓒ 한국경제 & hankyung.com, 무단전재 및 재배포 금지"
217,6,"2018-06-06","18:00:12","김정은 싱가포르行, 中전투기 호위할듯","◆ 美北회담 카펠라호텔 확정 ◆   중국 당국이 오는 12일 미·북정상회담 참석차 싱가포르로 향하는 김정은 북한 국무위원장을 위해 특별 경호를 준비하고 있는 것으로 알려졌다.   6일 베이징 소식통은 ""김 위원장의 전용기가 평양에서 싱가포르로 가기 위해서는 중국 영공을 지나갈 수밖에 없다""며 ""중국 당국이 김 위원장을 위해 최고 수준의 의전을 검토하고 있는 것으로 안다""고 전했다. 현재 중국 당국이 검토하고 있는 의전 시나리오는 크게 두 가지다. 우선김 위원장 전용기가 중국 영공에 진입하면 곧바로 중국 공군이 전투기 편대를 발진시켜 특별 호위를 하는 방안이다. 한 소식통은 ""중국 영공에서 전투기 호위를 포함해 다양한 방안이 논의되고 있다""고 설명했다. 중국 당국이 대비하고 있는 두 번째 시나리오는 김 위원장 전용기가중국 푸젠성 푸저우에 잠시 착륙한 뒤 싱가포르로 향하는 것이다. 푸젠성을 경유할 경우 중국 당국은 김 위원장 전용기 급유와 점검을 지원하고, 푸젠성에서 싱가포르까지 가는 여정에 전투기 특별 호위 등을 고려하고 있는 것으로 알려졌다.   하지만 두 번째 시나리오의 가능성은 낮다는 의견도 있다. 베이징 소식통은 ""중국은 김 위원장의 중간 경유 가능성도 대비하고 있지만 중국을 경유할 경우 의전이 복잡해지기 때문에 평양에서 곧바로 싱가포르로 향할 가능성이 현재로서는 높다""고 설명했다.   한편 미국 국무부는 미·북정상회담과 관련해 북한 대표단의 싱가포르 호텔 숙박 비용을 대납해줄 계획이 없다고 밝혔다.    [베이징 = 김대기 특파원]      ☞ 조용히 사서 묻어놔라! 6月 정말 큰돈 된다! ☞ 세계최초 항암제 개발! 신라젠 놓쳤다면, 이 종목 잡아라!! ☞ 세계 최초 신약! 1,500% 신라젠 능가할 단돈 4천원대 Bio 황제주!!! ☞ 6月 반드시 주목해야될 Best 바이오 종목!!      [ⓒ 매일경제 & mk.co.kr, 무단전재 및 재배포 금지]"
217,7,"2018-06-06","18:00:08","롯데마트, 스페인 제조사와 손잡고 PB 착즙주스 출시","롯데마트가 PB 착즙주스 2종을 선보이며 국내 프리미엄 냉장 주스 시장 새 판 짜기에 나선다. 앞서 롯데마트는 소비자들이 손쉽게 택할 수 있는 100% 원물을 활용한 PB 착즙주스 개발에 나서, 6개월여 만에 광대한 원물 생산국인 스페인에서 파트너사를 발굴했다.   롯데마트가발굴한 스페인 AMC는 1932년 설립돼 지난 해 1조 5,000억원 가량의 매출을 올린 대형 제조사다. 현재 유럽의 ‘리들’, ‘웨이트로즈’, ‘엘꼬르떼잉글레스’ 등 유통업체의 PB를 공급하고 있다. 롯데마트는 스페인 AMC와의 협업으로 정제수 및 첨가물이 없는 100% 원물을 활용한 PB 착즙주스를 개발할 수 있었으며 7일부터 전점에서 ‘스윗허그 100% 오렌지·포도 착즙주스’ 2종(각 750ml)을 NB 대비 반값 수준인 각 3,000 원에 선보인다.   황은비 롯데마트 음료 MD(상품기획자)는 “농장 보유 제조사와 직거래를 통해 중간 유통과정을 줄이고, 우수한 자동화 설비를 통해 상품 제조원가를 낮출 수 있었기에 경쟁력 있는 가격으로 제안할 수 있었다”고 말했다./허세민기자 semin@sedaily.com       ▶▶ 2018년 정부 정책 수혜주 TOP 10 大공개! (바로 확인)  ▶▶ 재료노출 임박한 상위1%의 극비정보 30명한정공개(무료)    [ⓒ 서울경제, 무단 전재 및 재배포 금지]"
218,1,"2018-06-06","17:55:00","인천 영종도~신도~강화도 연도교 건설 탄력","접경지역 발전계획에 반영..행안부 민관합동사업 추진     【 인천=한갑수 기자】 4·27 판문점 선언에 따른 남북한 화해무드로 인천국제공항이 있는 영종도 북단에서 신도∼강화를 잇는 연도교 건설 사업이 탄력을 받고 있다.   인천시는 행정안전부가 이달 말 접경지역정책심의위를 열어 이연도교를 민관합동사업으로 추진하는 방안을 결정할 예정이라고 6일 밝혔다.   행정안전부는 영종도∼신도 구간은 당초 민자에서국·시비로 추진하고, 나머지 신도∼강화도 구간은 민자로 건설하는 방안을 검토 중이다.   영종도∼신도 구간은 3.5㎞로 건설비는 1000억원으로 추산된다. 신도∼강화도는 11.1㎞로 3500억원이 소요될 것으로 보인다.   시는 민자를 유치해 연도교 전 구간 건설 방안을 추진했으나 사업성이 높지 않은 것으로 분석돼 그동안 어려움을 겪어왔다.   그러나 지역 특수성과 최근 남북교류 분위기 고조 등으로 연도교 건설을 접경지역 발전종합계획에 반영해 추진해 줄 것을 정부에 건의해 정부가 이를 적극 검토하게 됐다.   이렇게 되면 사업비의 70%를 국비로 하고 나머지 30%는 인천시가 부담하게 된다.   시는 사업이 재정사업으로 확정되면 내년 사업타당성 평가, 기본설계, 실시설계 등을 마치고 이르면 2020년 공사에 착공해 2024년 개통할 수 있을 것으로 보고 있다.   또 신도∼강화도 구간은 2단계로 추진되지만 구체적 사업 계획은 아직 수립되지 않았다.   강화도 남단에 의료관광단지 조성을 추진 중인 미국 부동산개발 전문기업인 '파나핀토 프로퍼티즈'가 이 구간의 건설사업에 추진의사를 보이고 있다.   영종도∼신도∼강화도연도교는 현 정부가 계획한 서해평화협력특별지대의 주요 교통 인프라이자 시발 구간이어서 남북관계에 따라 사업이 앞당겨질 수도 있다.   한편 문재인 대통령은 대선 당시 영종도∼강화도∼개성과 해주까지 연결하는 서해평화도로 건설을 공약한 바 있다.   시관계자는 ""영종도∼신도∼강화도 연도교가 건설되면 인천국제공항에서 강화도가 곧바로 연결돼 접근성이 좋아지고 지역 관광이 활성화될 것""이라고 말했다.  kapsoo@fnnews.com 한갑수 기자    ▶'모멘텀 집중' 저가에서 매집해둬야 할 상반기 유망주 3선 (지금 확인)   [파이낸셜뉴스 주요뉴스]  → 北 김정은 묵는 호텔 하루 숙박비 '642만원' 누가 지불? → ""선거 알바 클라스가 다르네"".. 선거운동원 '깨방정 댄스' 화제 → ""학원 여교사가 초등생 제자 2명과 성관계"" → 견과류 일주일에 3번이상 먹으면 나타나는 변화 → 국방부에 도착한 두테르테가 가장 먼저본 국산 무기  ▶ <긴급공개> 억대계좌 이종목에서 또 터진다!    ※ 저작권자 ⓒ 파이낸셜뉴스. 무단 전재-재배포 금지 "
218,2,"2018-06-06","17:54:55","경북도, 청년일자리 뉴스레터 발송","도내기업 채용 등 정보 다양..관심있는 누구나 구독 가능     【 안동=김장욱기자】 ""다양한 청년 일자리 정보, 손쉽게 받아 보세요!""  경북도는 다양한 청년 일자리정책과 도내 우수기업의 채용정보 등 일자리 관련 정보를 손쉽게 접할 수 있도록 도내 취업지원 관계관 700여명에게 '도 일자리 알리미 뉴스레터'를 발송한다고 6일 밝혔다.  청년실업 해소를 위해 정부, 각 지방자치단체마다 다양한 일자리정책을 펼치고있지만, 정작 수혜 대상자인 청년들에게는 홍보가 부족해 모르는 경우가 많다는 현장의 의견이 있었다.  이에 도는 뉴스레터 방식으로 일자리 관련 정보를 직접 제공, 청년들이 일자리정책을 손쉽게 접하고 정책참여를 유도해 실질적인 혜택을 받을 수 있도록 했다.  도는 청년 일자리 35대 주요 시책과 도내 우수기업 채용정보를 △청년유입·창업지원 △청년취업지원 △청년활동지원 △우수기업·채용정보 안내 등 4개 분야로 구성, 도 공식 블로그 '두드림'에 게시하고 있다.  이중 홍보가 필요한 분야를 엄선, 매월 2 회 뉴스레터로 제작, 도내 취업지원관계관 700여명에게 문자메시지(SMS) 수신 방식으로 발송하며, 수신자는 뉴스레터 링크를 통해 '두드림'에 접속, 일자리 관련 정보를 획득하고 취업지도에 활용한다.  특히 뉴스레터를 통해 제공되는 도내 우수기업 채용정보는 청년들이좋은 중소기업에 대한 정보 접근이 용이하도록 연봉, 직종, 근무형태 등 일반적인 정보는 물론 승진 기회, 주변 인프라, 복리후생, 평균 근속연수, 기업인사 담당자 인터뷰 등의 정보도 함께 담고 있다.  송경창 도 일자리경제산업실장은 ""좋은 청년 일자리정책을 발굴하는 것도 중요하지만 청년들이 직접 체감할 수 있는 홍보 전략도 필요하다""면서 ""청년들이 좋은 청년 일자리정책을 알고 활용할수 있도록 청년 일자리 홍보 정책을 지속적으로 추진하겠다""고 강조했다.  한편 도 일자리 알리미 뉴스레터는 도내 취업지원관계관 뿐만 아니라 청년일자리정책에 관심 있는 누구나 구독이 가능하다. 구독 문의(도 경제진흥원).  gimju@fnnews.com 김장욱 기자    ▶'모멘텀 집중' 저가에서 매집해둬야 할 상반기 유망주 3선 (지금 확인)   [파이낸셜뉴스 주요뉴스]  → 北 김정은 묵는 호텔 하루 숙박비 '642만원' 누가 지불? → ""선거 알바 클라스가 다르네"".. 선거운동원 '깨방정 댄스' 화제 → ""학원 여교사가 초등생 제자 2명과 성관계"" → 견과류 일주일에 3번이상 먹으면 나타나는 변화 → 국방부에 도착한 두테르테가 가장 먼저본 국산 무기  ▶ <긴급공개> 억대계좌 이종목에서 또 터진다!    ※ 저작권자 ⓒ 파이낸셜뉴스. 무단 전재-재배포 금지 "
218,3,"2018-06-06","17:54:51","경기도, ‘무변촌’에 찾아가는 법률상담 서비스","동두천시·연천군·가평군 농어촌지역·취약계층 대상..월1회 상담·무료소송 지원     【 수원=장충식 기자】 경기도는 6월부터 매월 1회씩 찾아가는 무변촌 법률상담을 실시한다고 6일 밝혔다.   의사가 없는 지역을 무의촌이라 부르는 것처럼 변호사가 없는 지역을 무변촌이라 부르며, 경기도내 동두천시, 연천군, 가평군 등은 변호사 사무실이 한 곳도 없는 무변촌지역이다.   경기도내 개업 변호사 수는 약 2000명에 달하지만, 대부분 변호사가 도시에 편중돼 있어 번호사가 드문 농어촌 지역이나 취약계층은 법률서비스 받기가 쉽지 않다.   이로 인해 아직도 원활한 법률서비스가 부족한 실정으로, 도 무변촌 법률상담은 변호사 자격을 갖고 있는 경기도 법무담담관실 직원이 팀을 이뤄 진행한다.   부동산, 토지, 상속, 이혼, 가정폭력 등 일상생활에서 겪을 수 있는 다양한 분야의 법률상담을 진행하게 된다. 찾아가는 무변촌 법률상담의 장점은 상담에만 그치지 않고 법적지원이 필요할 경우 무료소송까지 지원한다는 점이다.   현재 도는 변호사 선임비용이 없어 법적 구조를 받지 못하고 있는 도내 저소득 취약계층 등을 위해 무료소송을 지원하고 있으며, 기초생활수급자, 가정폭력 피해자, 소년소녀 가정, 중위소득 80%이하 등이 지원 대상이다.   도는 찾아가는 무변촌 법률상담을 통해 접수된상담가운데 승소가능성을 확인한 후 지원 대상자를 선정해 변호사 선임과 비용을 지원할 계획이다. 또 도 소속 공무원뿐 아니라 찾아가는 무변촌 법률상담에 다양한 전문인력도 참가할 수 있도록 할 계획이다.   경기도에는 현재 311명의 변호사와 법무사, 세무사, 공인노무사, 공인중개사 등이 법률상담위원으로 활동 중이다.   도는 지난2017년부터 현재까지 1만2382건의 무료법률상담을 진행했으며, 이 가운데 256건에 대해서는 무료소송지원을 지원했다.   법률구조 서비스를 받기를 원하는 도민은 경기도청 무료법률상담실 문의하면 된다.   jjang@fnnews.com 장충식 기자    ▶'모멘텀 집중' 저가에서 매집해둬야 할 상반기 유망주 3선 (지금 확인)   [파이낸셜뉴스 주요뉴스]  → 北 김정은 묵는 호텔 하루 숙박비 '642만원' 누가 지불? → ""선거 알바 클라스가 다르네"".. 선거운동원 '깨방정 댄스' 화제 → ""학원 여교사가 초등생 제자 2명과 성관계"" → 견과류 일주일에 3번이상 먹으면 나타나는 변화 → 국방부에 도착한 두테르테가 가장 먼저본 국산 무기  ▶ <긴급공개> 억대계좌 이종목에서 또 터진다!    ※ 저작권자 ⓒ 파이낸셜뉴스. 무단 전재-재배포 금지 "
218,4,"2018-06-06","17:54:46","‘노동자의 도시’ 울산인데… 노동계 지지후보 맥못춰","김창현 후보 등 48명 출마, 여론조사서 저조한 지지율        민주노총 울산본부와 지지후보 48명의 후보들이 지난 5월 23일 울산시청 앞에서 민주노총 지지후보 최종 확정 및 노동정책발표 기자회견을 하고 있다. 이들은 사회 곳곳에 쌓여 있는 적폐를 청산해야 울산이 바뀐다며 노동자가 직접 나서서 지방정치를 바꾸겠다고밝혔다.   【 울산=최수상 기자】노동자의 도시인 울산에서도 더불어민주당의 거센 바람몰이에 노동계 지지 후보들조차 힘겨운 선거전을 치르고 있다.  6일 민주노총 울산지역본부에 따르면 울산지역 노동자 수는 민주노총 조합원 7만 명을 포함해 약 55만 명으로 집계되고 있다. 6.13지방선거 울산지역 유권자 94만 2550명의 절반이 넘는다.  민중당, 정의당, 노동당 등 진보 3당 울산시당과 민주노총 울산본부는 이번 지방선거에 김창현 울산시장 후보(민중당)를 비롯해 민중당 소속 34명, 정의당 소속 9명, 노동당 소속 4명, 노옥희 울산교육감 후보(무소속)등 48명을 민주노총 지지후보로 출마시켰다.  하지만 교육감 후보를 제외한 울산시장 및 기초단체장 후보들은 지금까지 실시된 여론조사 결과 더불어민주당 후보와 자유한국당 후보에 밀려 힘 한 번 제대로 못쓰고 있는 상황이다.   지난 5일 공개된 KBS울산의 여론조사 결과에서 민주노총 지지후보인 민중당 김창현 후보는 4.6%의 지지도를 얻는데 그쳤다. 1위인 민주당 송철호 후보(46.1%)와는 10배 차이가 났다. 2위인 한국당 김기현 후보와 비교해도 11% 낮다.   앞서 지난 4일 공개된 경상일보 여론조사와 울산MBC가 여론조사 결과에서도 민중당김창현 후보는 같은 순위에 머물렀다.  이처럼 저조한 지지율은 노동자 출신의 민중당 윤종오 전 국회의원이 물러난 울산 북구 국회의원 재선거와 울산지역 5개 구군 기초단체장 선거에서도 나타나고 있다.  울산은 전통적으로 보수 성향이 강한 곳이지만 현대중공업 및 현대자동차 노조를 기반으로 오래전부터 '노동자의 도시'의 상징이 돼 왔다. 때문에 이들 기업체가 위치한 동구와 북구는 진보정당소속 구청장과 국회의원을 다수 배출하면서 노동자 정치세력화의 중심이 됐다.  하지만 지금까지의 여론조사 결과 북구 국회의원출마자인 권오길 전 민주노총 울산지역본부장(민중당)은 민주당 이상헌, 한국당 박대동 후보에 이어 3위, 울산 북구청장 선거의 강진희 후보(민중당)와 울산 동구청장 선거의 이재현 후보(민중당) 역시 각각 3위에 머물며 힘이 부치는 모습이다.   부진의 이유는 문재인 대통령의 높은 지지도를 기반으로 한 더불어민주당의 거센 바람몰이가 지목되고 있다. 일각에서는 인재 양성 실패, 고착화된 후보군 등 내부문제를 지적하기도 했다.  민주노총 울산본부의 한 관계자는 ""남북정상회담과 북미정상회담 등 굵직굵직한 이슈들이 그동안 민주당의 불모지인 울산에도 민주당 바람을 일으키고 있는 상황""이라며 ""여론조사 결과가 안타깝지만 남은 선거 일정 최선을 다해 반드시 노동자 직접 정치의 시대를 열 것이다""고 말했다.   ulsan@fnnews.com 최수상 기자   ▶'모멘텀 집중' 저가에서 매집해둬야 할상반기 유망주 3선 (지금 확인)   [파이낸셜뉴스 주요뉴스]  → 北 김정은 묵는 호텔 하루 숙박비 '642만원' 누가 지불? → ""선거 알바 클라스가 다르네"".. 선거운동원 '깨방정 댄스' 화제 → ""학원 여교사가 초등생 제자 2명과 성관계"" → 견과류 일주일에 3번이상 먹으면 나타나는 변화 → 국방부에 도착한 두테르테가 가장 먼저본 국산 무기  ▶ <긴급공개> 억대계좌 이종목에서 또 터진다!    ※ 저작권자 ⓒ 파이낸셜뉴스. 무단 전재- 재배포 금지 "
218,5,"2018-06-06","17:54:40","여권발급 대기, 국립수목원 예약 손본다","행안부, 중앙행정기관 대상 업무처리 개선 3개 과제 선정 외교부 민원인 대기시간 증가..산림청 국립수목원 국민입장 해양경찰청 선박 승선 절차..4개 부처 공동 개선사업 진행     #1. 회사원 A씨는 초등학생 아이의 방학을 맞아 여권을 신청하려고 구청을 찾았다가 대기번호표를 받고 깜짝 놀랐다.동하계 기간에는 여권발급수요가 급증, 대기시간이 평소보다 두 배 더 걸려서다. A씨는 평일 어렵게 시간을 내 구청을 방문했는데 긴 대기시간에 불만이 들었다.   #2. B부장은 가족들과 국립수목원 방문을 위해 인터넷 예약을 시도했지만 자리가 없어 실패했다. 그런데 같은 사무실 C대리는 예약에 성공했다며 다음 달 수목원에 간다고 휴가를 냈다. 분명 빈자리가 없었는데 어떻게 했냐고 물어보니 마침 예약 취소된 자리가 생겨서 성공했다는 것이다. B부장은 예약취소에 대한 공지 등 서비스 개선이 있었으면 좋겠다는 생각이 들었다.  정부가 현장의 행정서비스 향상을 위한 업무처리절차 개선에 팔을 걷어 부치고 나섰다.  행정안전부는 지난 3월부터 중앙행정기관을 대상으로 대국민서비스 향상을 위한 업무처리절차 개선 수요조사를 실시하고 전문가심사를 거쳐 3개 과제를 선정했다고 6일 밝혔다.   행안부는 정부혁신의 일환으로 범정부 일하는 방식 혁신을 추진하고 있으며 일하는 방식 혁신이 정부 내부의 업무효율성 향상에만 그치지않고 국민이 체감하는 현장의 행정서비스를 향상시킬 수 있는 방안에 대해 고민해왔다.   외교부는 여권발급 과정을 개선, 최근 여권발급 수요 급증에 따른 민원인의 대기시간 증가 문제를 해결한다. 산림청 국립수목원은 국민입장에서 지금보다 편리한 국립수목원 예약 입장제도를 모색한다. 해양경찰청은 선박 이용 국민의 안전과 긴급사태에 대비한 구조 활동 강화를 위해 선박 승선인원 확인절차 개선 등 해경현장 업무의 효율화 방안을 찾는다.  행안부는 3개 기관의 과제 해결을 위해 지난달 말 정부혁신조직실장이 참석한 가운데 4개 부처 합동으로 대국민서비스 향상 업무절차 개선 연구 착수보고회를 개최했다. 향후 행정안전부는 3개 부처와 공동으로 6개월간 업무절차 개선사업을 진행할 계획이며, 각 부처는 빠르면 내년부터 개선안이 실제 실행될 수 있도록 일하는 방식을 혁신해 나갈 예정이다.   3가지 제도 개선에 대해 관심 있는 국민들은 '국민생각함'을 통해 '현장중심, 대국민서비스 향상 업무절차 개선 연구'에 대해 직접 의견을 제시할 수 있다.   김일재 행정안전부 정부혁신조직실장은 ""정부혁신의 기본은 '국민'을 위한 것""이라며 ""유관기관 간협업과 국민의 직접 참여를 바탕으로 국민을 위한 다양한 업무절차 개선 방안이 도출되도록 노력 하겠다""라고 말했다.  true@fnnews.com 김아름 기자    ▶'모멘텀 집중' 저가에서 매집해둬야 할 상반기 유망주 3선 (지금 확인)   [파이낸셜뉴스 주요뉴스]  → 北 김정은 묵는 호텔 하루 숙박비 '642만원' 누가 지불? → ""선거 알바 클라스가 다르네"".. 선거운동원 '깨방정 댄스' 화제 → ""학원 여교사가 초등생 제자 2명과 성관계"" → 견과류 일주일에 3번이상 먹으면 나타나는 변화 → 국방부에 도착한 두테르테가 가장 먼저본 국산 무기  ▶ <긴급공개> 억대계좌 이종목에서 또 터진다!    ※ 저작권자 ⓒ 파이낸셜뉴스. 무단 전재-재배포 금지 "
218,6,"2018-06-06","17:54:26","맛있는 수박 고르는 방법... 수박을 뒤집어 보라?","/사진=자료사진    /사진=자료사진  여름은 뭐니 뭐니 해도 수박이다. 수박은 낮은 칼로리와 더불어 천연 이뇨제의 역할을 톡톡히 한다. 이중 달고 신선한 수박 고르는 방법은 무엇일까?  전라북도 농업기술원에선 수박 아래에 있는 배꼽을 살펴보라 권한다. 꼭지가 달린 반대편으로 만약 이 배꼽이 크면 상대적으로 덜 맛있다고 할 수 있다. 배꼽이 큰 수박은 양분을 과대 섭취해 양분이 갈 곳을 잃어 배꼽 부분에 몰린 것이다. 그래서 배꼽이 작은 수박이 더 알차고 달콤하다고 설명한다.  두 번째는 수박의 표면의 검은 줄을 보는 것이다. 일각에선 검은 즐의 넓이에 따라 당도가 달라진다 하지만 이는 사실이 아니다. 다만 간격이 어떻든 선의 두께가일정하게 그어져 있는 것이 좋다. 수박은 낮 시간 동안 뜨겁게 광합성을 하고 밤엔 서늘한 곳에서 자라야 또렸하고 진한 색이 나온다, 반대로 계속 덥거나 추운 곳에서 자란 수박은 검은 줄의 두께가 차이가 크거나 중간에 끊기는 경우도 있다.  다음으로 수박 껍질에 노란색이 지는 면이 넓은지 살펴봐야 한다. 노란색은 수박이 한자리에 오래 머무르면서 햇볕을 잘 받지 못한 부분이다. 때문에 이 부분은 특히 당도가 떨어진다.  그중에서도 가장 맛있는 수박을 고르는 방법은 표면에 흰 가루가 있는지 여부다. 간혹 수박 표면에 흰 가루가 보이는 수박이 있다. 이를 보고 이상한 거 아닌가 하는 생각이 들테지만 사실 이 수박은 정말 잘 익어서 뽀얗게 올라온 것이다. 그러니 꼭 데려가야 한다.  한편 전문가들은 수박을 반으로 자른 뒤 랩으로 포장해 냉장 보관하면 수박 표면의 세균이 3천 배 이상 증가할 수 있다고 경고한다. 따라서 가장 효율적인 보관 방법은 수박을 깍둑썰기해 밀폐 용기에 보관하는 것이 가장 안전하다.onnews@fnnews.com 디지털뉴스부  ▶'모멘텀 집중' 저가에서 매집해둬야 할 상반기 유망주 3선 (지금 확인)   [파이낸셜뉴스 주요뉴스]  → 北 김정은 묵는 호텔 하루 숙박비 '642만원' 누가 지불? → ""선거 알바 클라스가 다르네"".. 선거운동원 '깨방정댄스' 화제 → ""학원 여교사가 초등생 제자 2명과 성관계"" → 견과류 일주일에 3번이상 먹으면 나타나는 변화 → 국방부에 도착한 두테르테가 가장 먼저본 국산 무기  ▶ <긴급공개> 억대계좌 이종목에서 또 터진다!    ※ 저작권자 ⓒ 파이낸셜뉴스. 무단 전재-재배포 금지 "
218,7,"2018-06-06","17:54:16","2015년 부산은행 공채 76명 중 13명이 `점수 조작`으로 합격","지난 2015년 부산은행 신입 행원 공개채용 당시 최종 합격자 76명 중 점수가 조작된 이가 13명이나 되는 것으로 밝혀졌다.   부산지법 형사4단독 강희석 부장판사가 5일 심리한 박재경(56) 전 BNK금융지주 사장과 전 국회의원 조모(59) 씨 공판에서 2015년 부산은행 공채 과정에서 경영진과 인사라인이 광범위하고 조직적으로 채용에 개입한 정황이 새롭게 나왔다.   당시 부산은행 경영기획본부장이던 박 씨는 2015년 경남도지사 측근인 조 씨와 우호적인 관계를 유지해 경남도 금고를 유치할 목적으로 서류탈락권이던 조 씨 딸을 부정 채용한 혐의(업무방해)를, 조 씨는 자신의 딸 채용 과정에 개입한 혐의(업무방해교사)를 받고 있다.   이날 재판에는 박 씨와 함께 업무방해 혐의로 기소됐다가 앞서 변론이 종결된 강동주(59) 전 BNK저축은행 대표(전 부산은행 업무지원본부장·징역 2년 구형)와 최모 전 인사부장(징역 1년·집행유예 2년) 등이 증인으로 출석했다.   증인 신문 과정에서 2015년 신입 행원 합격자 76명 중 약 17%인 13명의 점수가 조작됐다는 검찰 공소사실이 알려졌다.   그러나 조 씨 딸과 전 부산은행장 외손녀 등 부정채용 2명을 제외한 나머지 11명의 합격자는 검찰이 점수 변경 사실을 파악하고도 경위 파악이 안 되거나 증거가 없어 기소하지 못한 상태다.   당시 채용 청탁을 받은 지원자 중 일부의 점수표 비고란에 'SB'(stone brain·돌머리)라는 표시를 하고 지속해서 관리한 물증도 나왔다.   부산지검 관계자는 ""분명한 건 많은 채용 청탁이 있었고 인사담당자들이 계량적인 수치화가 가능한 토익, 학점 외에 주관적인 점수조작이 가능한 정성평가를 조작하는 관행이 있었다""면서 ""특히 전 국회의원 딸의 경우 점수를 올리고 커트라인을 낮춰 서류, 필기전형에서 탈락한 지원자를 최종 합격시키는 바람에 지원자 3명이 불합격 피해를 봐 죄질이 나쁘다""고 주장했다.   검찰은 박 씨에게 징역 2년 6개월을 구형했고 오는 26일 재판부는 조 씨 공판을 진행한 뒤 관련자들에 대해 일괄 선고할 계획이다.    [디지털뉴스국 송승섭 인턴기자]      ☞ 조용히 사서 묻어놔라! 6月 정말 큰돈 된다! ☞ 세계최초 항암제 개발! 신라젠 놓쳤다면, 이 종목 잡아라!! ☞ 세계 최초 신약! 1,500% 신라젠 능가할 단돈 4천원대 Bio 황제주!!! ☞ 6月 반드시 주목해야될 Best 바이오 종목!!      [ⓒ 매일경제 & mk.co.kr, 무단전재 및 재배포 금지]"
219,1,"2018-06-06","17:48:45","文 ""남북관계 좋아지면 DMZ 유해 우선 발굴""","문재인 대통령이 6일 ""남북 관계가 개선되면 비무장지대 유해 발굴을 우선적으로 추진하겠다""며 ""미군 등 해외 참전용사들의 유해도 함께 발굴할 수 있을 것""이라고 말했다.   문 대통령은 이날 국립대전현충원에서 거행된 제63회 현충일 추념식 추념사에서 ""한국전쟁에서 전사한 군인과 경찰의 유해 발굴도 마지막 한분까지 계속해나갈 것""이라며 이같이 언급했다. 현충일 추념식이 국립서울현충원이 아니라 대전에서 개최된 것은 1999년에 이어 19년 만이다.   문 대통령은 ""애국과 보훈에 보수와 진보가 따로일 수 없다""며 ""나라를 나라답게 만드는 일에 국민들께서 함께 마음을 모아주시길 바란다""고요청했다.   문 대통령은 ""대한민국 역사는 우리 이웃과 가족들이 평범한 하루를 살며 만들어온 역사""라고 말했다. 특히 ""일제 치하에서 앞장서 독립만세를 외친 것도, 나라를 지키기 위해 전쟁터에 나간 것도, 누구보다 성실하게 일하며 경제 발전에 이바지한 것도, 민주주의가 위기에 처했을 때 두 주먹 불끈 쥐고 거리에 나선 것도 모두 평범한 우리의 이웃, 보통의 국민이었다""고 설명했다.   추념식 역시 '428030, 대한민국의 이름으로 당신을 기억합니다'란 주제로 진행됐다. 428030은 10개 국립묘지 안장자 수를 모두 합한 규모인 42만8030명을 의미한다.   문 대통령은 ""(주변을 돕다가 희생된) 이러한 분들이 있었기에 우리는, 우리 자신처럼 평범한 국민이 나라의 주인이라는 사실을 자각할 수 있었다""고 되돌아봤다.    [강계만 기자]      ☞ 조용히 사서 묻어놔라! 6月 정말 큰돈 된다! ☞ 세계최초 항암제 개발! 신라젠 놓쳤다면, 이 종목 잡아라!! ☞ 세계 최초 신약! 1,500% 신라젠 능가할 단돈 4천원대 Bio 황제주!!! ☞ 6月 반드시 주목해야될 Best 바이오 종목!!      [ⓒ 매일경제 & mk.co.kr, 무단전재 및 재배포 금지]"
219,2,"2018-06-06","17:48:41","응암동 폭발사고 낸 50대 입건.. ""테러 용의점 없어""","경찰이 서울 응암동의 한 건물에서 폭발사고를 낸 50대 남성에 대해 수사에 나섰다.  서울 서부경찰서는 지난 5일 자신의 주거지에서화약류 폭발사고를 일으킨 A씨(53)를 총포·도검·화약류 등의 안전관리에 관한 법률 위반 혐의로 불구속 입건했다고 6일 밝혔다.  경찰 등에 따르면 서울의 한 회사 방재실에서 일하는 A씨는 전날 밤 10시 38분께 서울 은평구 응암동의 5층 건물의 5층 주거지에서폭발사고를 냈다. 이 폭발로 A씨는 심한 화상을 입고 병원에 실려갔으며 건물 유리창이 깨지면서 인근에 주차된 차량도 일부 파손됐다.  소방당국에 따르면 A씨는 ""아세톤을 사용하는 도중 담배를 피우다 폭발이 났다""고 진술했다. 소방당국은 ""폭발 장소에서 다량의 화학물질을 발견해 경찰에 신고했다""고 전했다.  경찰은 경찰특공대 폭발물 처리반(EOD) 등과 함께 현장감식을 실시했고 현장에 있던 화약류 등을 모두 수거했으나 테러 용의점은 찾지 못한 것으로 알려졌다.  경찰은 수거한 물질 중 화약류를 분류하고있으며 국립과학수사연구원 정밀 감정 등을 통해 화약 종류와 폭발 원인 등을 규명할 예정이다. 경찰은 가족 등 참고인 조사와 함께 화약류 구매처를 확인하는 작업도 벌이고 있다.  경찰 관계자는 ""A씨는 현재 생명에 지장은 없지만 수술이 필요한 상태여서 조사는어렵다""면서 ""치료 일정에 따라 A씨 조사도 진행할 계획""이라고 말했다.   solidkjy@fnnews.com 구자윤 기자  ▶'모멘텀 집중' 저가에서 매집해둬야 할 상반기 유망주 3선 (지금 확인)   [파이낸셜뉴스 주요뉴스]  → 北 김정은 묵는 호텔 하루 숙박비 '642만원' 누가 지불? → ""선거 알바 클라스가 다르네"".. 선거운동원 '깨방정 댄스' 화제 → ""학원 여교사가 초등생 제자 2명과 성관계"" → 견과류 일주일에 3번이상 먹으면 나타나는 변화 → 국방부에 도착한 두테르테가 가장 먼저본 국산 무기  ▶ <긴급공개> 억대계좌 이종목에서 또 터진다!    ※ 저작권자 ⓒ 파이낸셜뉴스. 무단 전재-재배포 금지 "
219,3,"2018-06-06","17:48:40","삼성·LG, 사이니지 혁신 키워드는 ‘자발광’","美 ‘인포콤 2018’ 참가..삼성전자는 마이크로LED, LG전자는 OLED로 구현 다양한 제품으로 시장 선도         LG전자 모델이 선명한화질과 투명한 디자인으로 상품 정보를 효과적으로 전달하는 투명 올레드 사이니지를 소개하고 있다.       삼성전자 모델이 인포콤 2018 삼성전자 전시 부스에서 더 월 프로페셔널을 소개하고 있다.  ""벽이 있는 곳은 모두 '더 월'의 판매처다.""(김석기 삼성전자 부사장)  ""어떤 환경에서도 고객의 다양한 요구를 충족시킬 것이다.""(클라크 브라운 LG전자 미국법인 사이니지영업담당)  삼성전자와 LG전자가 6일부터 8일까지(현지시간) 미국 라스베이거스에서 열리는 세계 최대 디스플레이 전시회 인포콤 2018에 참가해 미래형 사이니지(상업용 디스플레이)를 선보였다.   양사 신제품은 모두자발광이라는 공통점이 있다. 다만 자발광 구현 방식은 다르다. 삼성전자는 마이크로LED를, LG전자는 유기발광다이오드(OLED)를 썼다.  삼성전자는 사이니지 신제품 '더 월 프로페셔널'을 처음 공개했다. 이 제품은 베젤(테두리)이 없는 모듈러 방식으로 소비자가 원하는 크기로 맞춤형 디자인이 가능한 디스플레이다. 기업·고급호텔·박물관·공연장 등 다양한 상업용 공간에 조화롭게 설치할수 있다.   발광다이오드(LED) 소자 자체가 픽셀 역할을 하는 자발광 디스플레이로 최대 1600니트의 밝기, 넓고 정확한 색 표현,높은 에너지 효율 등이 우수하다. 마이크로 LED 기술에 하이다이나믹레인지(HDR)10+, 시네마 LED 화질 엔진까지 탑재해 최대 밝기에서도 저계조 표현력이 뛰어나다.   충격 방지 LED 특화 기술을 적용해 제품의 신뢰성을 높였고 사이니지 전용 소프트웨어 매직인포6 솔루션을 통해 제품의 원격 제어도 된다.  삼성전자는 인포콤 기간부터 본격적인 더 월 프로페셔널 수주에 돌입했다. 미국 등 글로벌 전지역에 동시 판매를 시작하며 3·4분기 내 설치를 시작할 예정이다.  LG전자도 대표 사이니지 제품인 오픈 프레임 올레드 사이니지를 소개했다.   곡면 디자인을 보다 자유롭게 구현할 수 있어 물결치는 듯한 조형미를 살린다. 투명 올레드 사이니지는 선명한 화질과 투명한 디자인이 장점으로 상품에 대한 정보를 실물과 함께 효과적으로 전시할 수 있다.  이밖에 LG전자는 이질감을 최소화하면서 여러장을 하나의 큰 화면으로 설치할 수 있는 베젤 두께 0.6㎜의 비디오월, 1.5㎜ 픽셀피치로 실내에서도 선명한 화질을 구현하는 LED 사이니지, 유리 등에 붙여 손쉽게 디지털 사이니지로 활용하는 컬러 투명 LED 필름, 58대 9와 32대 9의 고유 화면비로 세로나 가로로 길게 설치할 수 있는 울트라 스트레치 등 차별화된 제품을 전시했다.      김경민 기자       ▶'모멘텀 집중' 저가에서 매집해둬야 할 상반기 유망주 3선 (지금 확인)   [파이낸셜뉴스 주요뉴스]  → 北 김정은 묵는 호텔 하루 숙박비 '642만원' 누가 지불? → ""선거 알바 클라스가 다르네"".. 선거운동원 '깨방정 댄스' 화제 → ""학원 여교사가 초등생 제자 2명과 성관계"" → 견과류 일주일에 3번이상 먹으면 나타나는 변화 → 국방부에 도착한 두테르테가 가장 먼저본 국산 무기  ▶ <긴급공개> 억대계좌 이종목에서 또 터진다!    ※ 저작권자 ⓒ 파이낸셜뉴스. 무단 전재-재배포 금지 "
219,4,"2018-06-06","17:48:31","삼성전자 사내 벤처 3곳 더 창업..  C랩, 3년간 34개 스타트업 배출","창업·일자리 채널 자리매김        삼성전자 C랩 스핀오프 창업자들이 기념촬영을 하고 있다.  삼성전자가 사내벤처 육성 프로그램인 C랩(Creative Lab)의 3개 우수 과제의 스타트업 창업을 지원한다.  6일삼성전자에 따르면 지난 2015년 8월 처음으로 C랩 스핀오프(분사창업) 제도를 도입한 이래 현재까지 총 34개의 스타트업을 배출했다.   이번에 스타트업으로 출범하는 3개 팀은 △사물인터넷(IoT)을 활용한 가정용 채소 재배 솔루션을 개발한 '아그와트' △초소형 포터블 지향성 스피커를 개발한 '캐치플로우' △데이터 기반으로 사용자 인터뷰가 필요한 기업에게 적합한 사용자를 찾아주는 플랫폼을 개발한 '포메이커스' 등이다.   C랩 출신 스타트업은 지속적으로 좋은 성과를 내고 있다. 베이비 케어 솔루션 업체인 ㈜모닛은 독립한지 1년 만에 본격적으로 제품을 출시한다. 오는 11일부터 온라인 오픈 마켓을 통해 아기의 대·소변 여부를 알려주는 기저귀 센서를 판매하며 곧전국 유명 백화점으로 유통을 확대할 계획이다. 유한 킴벌리와 사업 제휴를 맺은 '모닛 by 하기스' 제품도 이달 말부터 시장에 나온다.  간단한 허밍으로 작곡을 도와주는 애플리케이션을 개발한 ㈜쿨잼 컴퍼니도 이달 글로벌 시장에 진출한다. 미국 버클리 대학교가 운영하는 엑셀러레이터 프로그램인 스카이덱에 선정돼 곧 미국 법인을 설립해 현지 투자 유치도 진행할 예정이다.  웨어러블 360도 카메라를 만드는 ㈜링크플로우는 보안용 장비 시장에서 호응을 얻으며 일본의 한 전문 업체로부터 투자 유치를 앞두고 있다. ㈜링크플로우는 창업한 지 1년 5개월만에 기업가치가 20배 이상 상승했다.  이재일 삼성전자 창의개발센터 센터장은 ""C랩 스핀오프 제도를 도입한 지 3년만에 약 130명의 임직원이 스타트업 창업에 도전해 34개 기업을 설립했고, 이 기업들이 외부에서 고용한 인원만 170여명에 육박한다""며 ""앞으로도 창업 지원을 지속해 일자리 창출에 기여하겠다""고 말했다.  C랩은 삼성전자가 창의적 조직문화를 확산하고 임직원들의 창의적인 아이디어를 발굴하기 위해 2012년 12월부터 도입한 사내벤처 육성 프로그램으로 분야에 관계 없이 우수한 아이디어를 적극 지원하고 있다.  km@fnnews.com 김경민 기자   ▶'모멘텀 집중' 저가에서 매집해둬야 할 상반기 유망주 3선 (지금 확인)   [파이낸셜뉴스 주요뉴스]  → 北 김정은 묵는 호텔 하루 숙박비 '642만원' 누가 지불? → ""선거 알바 클라스가 다르네"".. 선거운동원 '깨방정 댄스' 화제 → ""학원 여교사가 초등생제자 2명과 성관계"" → 견과류 일주일에 3번이상 먹으면 나타나는 변화 → 국방부에 도착한 두테르테가 가장 먼저본 국산 무기  ▶ <긴급공개> 억대계좌 이종목에서 또 터진다!    ※ 저작권자 ⓒ 파이낸셜뉴스. 무단 전재-재배포 금지 "
219,5,"2018-06-06","17:48:16","한국수입협회, 필리핀상공회의소와 통상협력 MOU 체결","한국수입협회는 지난 5일 서울 소공동 롯데호텔에서 필리핀상공회의소와 상호협력 양해각서(MOU)를 체결했다고 6일 밝혔다. 이날 체결식에는로드리고 두테르테 필리핀 대통령이 참석했다.  신명진 한국수입협회 회장과 엘비 산체스 퀴아존 필리핀상공회의소 회장은 이날 MOU를 통해 ‘통상투자확대’, ‘수입사절단 파견’, ‘기업간 정보교류 확대’ 등으로 통상협력 강화를 위해 노력할 것을 합의했다.      조지원 기자 jiwon@chosunbiz.comCopyrights ⓒ ChosunBiz.com"
219,6,"2018-06-06","17:48:09","마크롱 ""트럼프와 통화는 소시지 만드는 일...모르는 게 약""","에마뉘엘 마크롱 프랑스 대통령이 도널드 트럼프 미국 대통령과의 전화통화를 ‘소시지를 만드는 과정’에 비유하며 불편한 심기를 드러냈다.   마크롱 대통령은 5일(현지시간) 기자회견에서 유럽연합(EU)산 철강·알루미늄에 대한 미국의 고율 관세 부과 이후 트럼프 대통령과 가진 전화통화에 대해 이같이 말했다고 로이터통신이 보도했다.   통신에 따르면 그는 당시 트럼프 대통령과의 통화가‘끔찍했다’는 CNN 보도내용에 관한 질문에 “비스마르크가 말한 것처럼 사람들에게 소시지가 어떻게 만들어지는지 얘기해준다면 아마 계속먹지는 않을 것”이라고 밝혔다. 이는 19세기 독일의 재상 오토 폰 비스마르크가 “법률안을 만드는 작업과 소시지 만드는 과정은 직접 보지않는 것이 좋다”고 했던 발언을 인용한 것으로 트럼프 대통령과의 통화가 매우 불쾌했다는 속내를 내비친 것으로 풀이된다.   앞서 CNN은 익명의 관계자를 인용해 두 정상이 지난달 31일 미국의 EU에 대한 관세 부과 조치가 확정된 후 가진 전화통화에서 싸늘한 분위기가 조성됐다며 “끔찍했다”는 관계자의 발언을 보도한 바 있다.   마크롱 대통령은 이어 “사람들은 조리를 마친 음식을 보는 것이 좋지 일일이 주방 상황을 중계하는 것은 음식 먹는 데 도움이 되지 않는다고 본다”며 통화 내용은 모르는 편이 낫다고 에둘러 표현했다.   그는 다만 “7~8일 캐나다에서 열리는 주요7개국(G7) 정상회의에서 양측의 의견이 일치하지 않는 부분에 대해서도 ‘유용하고 솔직한’ 의견 교환을 하겠다”며 대화의 여지가 남아 있다고 덧붙였다. /이현호기자 hhlee@sedaily.com    ▶▶ 2018년 정부 정책 수혜주 TOP 10 大공개! (바로 확인)  ▶▶ 재료노출 임박한 상위1%의 극비정보 30명한정 공개(무료)    [ ⓒ 서울경제, 무단 전재 및 재배포 금지]"
219,7,"2018-06-06","17:48:08","마크롱 ""트럼프와 통화는 소시지 만드는 일...모르는 게 약""","에마뉘엘 마크롱 프랑스 대통령이 도널드 트럼프 미국 대통령과의 전화통화를 ‘소시지를 만드는 과정’에 비유하며 불편한 심기를 드러냈다.   마크롱 대통령은 5일(현지시간) 기자회견에서 유럽연합(EU)산 철강·알루미늄에 대한 미국의 고율 관세 부과 이후 트럼프 대통령과 가진 전화통화에 대해 이같이 말했다고 로이터통신이 보도했다.   통신에 따르면 그는 당시 트럼프 대통령과의 통화가‘끔찍했다’는 CNN 보도내용에 관한 질문에 “비스마르크가 말한 것처럼 사람들에게 소시지가 어떻게 만들어지는지 얘기해준다면 아마 계속먹지는 않을 것”이라고 밝혔다. 이는 19세기 독일의 재상 오토 폰 비스마르크가 “법률안을 만드는 작업과 소시지 만드는 과정은 직접 보지않는 것이 좋다”고 했던 발언을 인용한 것으로 트럼프 대통령과의 통화가 매우 불쾌했다는 속내를 내비친 것으로 풀이된다.   앞서 CNN은 익명의 관계자를 인용해 두 정상이 지난달 31일 미국의 EU에 대한 관세 부과 조치가 확정된 후 가진 전화통화에서 싸늘한 분위기가 조성됐다며 “끔찍했다”는 관계자의 발언을 보도한 바 있다.   마크롱 대통령은 이어 “사람들은 조리를 마친 음식을 보는 것이 좋지 일일이 주방 상황을 중계하는 것은 음식 먹는 데 도움이 되지 않는다고 본다”며 통화 내용은 모르는 편이 낫다고 에둘러 표현했다.   그는 다만 “7~8일 캐나다에서 열리는 주요7개국(G7) 정상회의에서 양측의 의견이 일치하지 않는 부분에 대해서도 ‘유용하고 솔직한’ 의견 교환을 하겠다”며 대화의 여지가 남아 있다고 덧붙였다. /이현호기자 hhlee@sedaily.com    ▶▶ 2018년 정부 정책 수혜주 TOP 10 大공개! (바로 확인)  ▶▶ 재료노출 임박한 상위1%의 극비정보 30명한정 공개(무료)    [ ⓒ 서울경제, 무단 전재 및 재배포 금지]"
220,1,"2018-06-06","17:42:47","농식품부, 동물복지에 힘싣는다","전담조직 과 단위로 개편     농림축산식품부는 동물 보호·복지 업무를 전담하는 '동물복지정책팀'을 과 단위 조직으로 확대·개편한다고 6일 밝혔다.   기존 동물복지정책팀은 축산정책국의 축산환경복지과 내 팀 단위였다. 하지만 동물보호·복지 수준을 높이고, 지속적으로 증가하는 정책 수요를 더 효율적으로 관리하기 위해 과 단위 조직으로 확대키로 했다. 이는 동물보호·복지를 높이기 위해 정부 내 조직·인력 확충이 필요하다는 주장이 지속적으로 제기된 데 따른 것이다.   농식품부는 동물복지정책팀 신설로 반려동물, 실험동물, 농장동물 등의 보호·복지와 관련한 다양한 과제에 대한 정책 수립 및 집행에 탄력을 받을 것으로 기대했다.   ssuccu@fnnews.com 김서연 기자    ▶'모멘텀 집중' 저가에서 매집해둬야 할 상반기 유망주 3선 (지금 확인)   [파이낸셜뉴스 주요뉴스]  → 北 김정은 묵는 호텔 하루 숙박비 '642만원' 누가 지불? → ""선거 알바 클라스가 다르네"".. 선거운동원 '깨방정 댄스' 화제 → ""학원 여교사가 초등생 제자 2명과 성관계"" → 견과류 일주일에 3번이상 먹으면 나타나는 변화 → 국방부에 도착한 두테르테가 가장 먼저본 국산 무기  ▶ <긴급공개> 억대계좌 이종목에서 또 터진다!    ※ 저작권자 ⓒ 파이낸셜뉴스. 무단 전재-재배포 금지 "
220,2,"2018-06-06","17:42:41","주52시간 근무 앞둔 기업들 최대 과제는 '생산성 높이기'","한경연, 372개사 분석 87.5% ""시행 전 대책 마련"" 신규인력 채용· 외주화 등 적극적 자구책 마련 움직임        기업 10곳 중 8곳 이상은 하반기부터 시작되는 52시간 근로단축에 대비한 것으로 나타났다. 기업들은 노조의 임금보전 요구와 생산현장에서 가장 많은 문제가 생길 것으로 예상하는 가운데 이를 극복하기 위해 신규인력을 채용하고 근로제도를 손보는 등 자구책 마련에 분주했다. 한국경제연구원이 6일 '2017년 매출액 600대 기업 중 7월 1일부터 근로시간을 단축해야 하는 업종에 속한 372개 기업'을 대상으로 설문한결과 87.5%는 제도시행 전까지 준비를 완료할 예정인 것으로 집계됐다.  근로시간 단축에 따른 애로사항(중복응답)에 대해서는 노조의 근로시간 단축으로 축소된 임금보전 요구(35.7%)와 생산성 향상 과정에서 노사 간 의견충돌(35.7%)이 가장 높게 나왔다. 이어 계절적 요인 등 외부 수요변화에 따른 생산조절 능력 저하(29.5%), 종업원 추가 고용에 따른 인건비 부담(28.6%), 신제품 개발 및 연구개발 기능 저하(15.2%), 협력업체 납기지연에 따른 생산차질(10.7%) 등의 순이다.   가장 많은 애로를 겪을 것으로 예상되는 부서는 72.3%(81개 기업)가 생산현장인 공장이라고 답했다. 연구개발부서(22.3%), 영업부서(19.6%), 인사부서(13.4%) 등도 적잖은 문제가 발생할 것으로 봤다.  이를 대비한 자구책으로 74.1%에 달하는 기업들은 생산성 향상대책을 추진했다. 신규인력 채용(27.7%), 일부 업무 외주화(12.5%)와동시에 해외 공장이전 검토(1.8%)까지 검토했다. 생산성 향상 주요 대응계획으로 사무·연구개발 분야는 유연근로시간제 실시(54.2%), 집중근로시간제 실시(43.4%), 칼퇴근 문화 정착(34.9%), 회의시간 축소(25.3%) 등을 고려했다.  탄력적 근로시간제를 실시하고 있는 곳은 25.9%에 그쳤다. 현재까지는 1주 68시간까지 근로가 가능한 상황(32.5%), 업무특성상 불가능(31.3%), 노조 동의의 어려움(22.9%), 단위기간이 짧아 효과 없음(7.2%) 등을 미실시 이유로 응답했다. 기업 58.9%는 근로시간 단축이 노사관계에 부정적 영향을 미칠 것으로 봤다.긍정적 영향(24.1%), 영향 없음 17.0% 등의 의견도 있었다.  근로시간 단축을 지원하기 위한 정부 정책으로는 신규 고용 근로자에대한 인건비 일부 지원(37.5%), 기존 근로자 임금감소분 일부 보전(20.5%), 설비투자 융자 지원(20.5%), 근로시간 유연화 등 컨설팅 지원(14.3%) 등을 기대했다.  추광호 한국경제연구원 일자리전략실장은 ""기업들이 근로시간 유연화 등 생산성 향상에 주력할 것으로예상되나 노조의 임금보전 요구, 노사 간 의견충돌, 추가 인건비 부담 등은 애로사항""이라며 ""근로시간 단축이 국내 노동시장에 연착륙하기 위해 노사 협력은 물론 탄력적 근로시간제 단위기간을 선진국 수준으로 연장하는 등 제도 개선도 필요하다""고 강조했다.   km@fnnews.com 김경민 기자  ▶'모멘텀 집중' 저가에서 매집해둬야 할 상반기 유망주 3선 (지금 확인)   [파이낸셜뉴스 주요뉴스]  → 北 김정은 묵는 호텔 하루 숙박비 '642만원' 누가 지불? → ""선거알바 클라스가 다르네"".. 선거운동원 '깨방정 댄스' 화제 → ""학원 여교사가 초등생 제자 2명과 성관계"" → 견과류 일주일에 3번이상 먹으면 나타나는 변화 → 국방부에 도착한 두테르테가 가장 먼저본 국산 무기  ▶ <긴급공개> 억대계좌 이종목에서 또 터진다!    ※ 저작권자 ⓒ 파이낸셜뉴스. 무단 전재-재배포 금지 "
220,3,"2018-06-06","17:42:38","美의회 ""트럼프 관세폭탄 막아야"" 공화당 지도부까지 발벗고 나섰다","도널드 트럼프 미국 대통령이 캐나다와 유럽연합(EU) 등 동맹국에도 고율의 관세를 부과하며 무역전쟁을 확대하자 미 의회가 잇따라 제동을걸고 나섰다. 민주당에 이어 여당인 공화당 지도부까지 트럼프 대통령이 ‘국가 안보’를 앞세워 관세 폭탄을 남발하자 저지를 위한 입법을추진하며 동참하는 모습이다.  5일(현지시간) AP통신과 의회전문지 더힐 등에 따르면 공화당의 밥 코커 상원 외교위원장은 국가 안보를 이유로 행정부가 내리는 관세 명령은 의회 승인을 거치도록 하는 법안을 발의할 계획이다. 이는 트럼프 대통령이 오랫동안 사문화됐던 ‘무역확장법 232조’를 살려 중국은 물론 미주와 유럽·아시아의 동맹국들에까지 고율 관세를 부과하며 무역전쟁을 촉발하는 상황을 방지하려는목적이다. 트럼프 대통령은 232조를 적용해 중국과 EU·캐나다·멕시코 등에서 수입되는 철강에 25%의 관세를 부과하고 중국의 첨단기술 제품에도 25% 추가 관세로 위협하고 있다. 여기에 수입 자동차와 부품에도 232조 적용 여부를 상무부가 검토하고 있다.  코커 위원장은 행정부의 추가 관세 부과에 대한 사전 승인 법안에 공화당은 물론 민주당 의원들도 참여할 예정이라고 밝혔다. 그는 신속한 입법을 위해 다음주 심의에 들어갈 국방수권법에 병합하는 방안을 추진하겠다고 설명했다. 무역전쟁을 막으려는 이 법안이 의회를 통과하더라도 당장의 실질적효과는 없을 것으로 전망된다. 트럼프 대통령이 거부권을 행사할 가능성이 남아 있기 때문이라고 더힐은 분석했다. 대통령이 거부권을 행사한 법안을 통과시키려면 상하원 모두에서 3분의2 이상 찬성을 얻어야 한다.  의회의 이 같은 움직임은 트럼프 대통령이 안보를 이유로 관세 폭탄 투하를 강행할 조짐에 미중 간 무역협상이 공전을 거듭하고 있는 데서 비롯한다는 분석이 지배적이다. 월스트리트저널(WSJ)은 지난주 말 윌버 로스 상무장관이 중국을 방문해 무역협상을 벌였지만 500억달러 규모의 중국산 수입품에 고율 관세를 강행하려는 미국 측의 움직임에 합의를 이루지 못했다고 보도했다. 지난 2~3일 베이징에서 로스 장관과 협상에 나선 류허 부총리 등 중국 당국은 미국산 대두와 옥수수·천연가스 등 총 700억달러 규모의 미국 상품을 구매하겠다는 의사를 밝혔지만 미국 측이 관세 부과를 철회하지 않으면 거래는 무산될 것이라는 단서를 달며 중국에 대한 압박을 풀라고 요구하기도 했다.  한편 미 상무부가 거래 금지를 통보해 파산 위기에 처한 중국 통신장비업체 ZTE(중싱통신)는 총 17억달러에 달하는 벌금을 납부하는 한편 경영진 교체를 단행해 미국 측 제재를 벗어나기로 했다고 로이터통신이 이날 보도했다. ZTE는 미국이 발령한 이란과 북한 제재를 위반해 4월 상무부가 미국 기업과 7년간 거래를 금지하면서 반도체 등 주요 부품의 공급선이 끊기며 도산 위기에 처한 바 있다. /뉴욕 = 손철 특파원 runiron@sedaily.com    ▶▶ 2018년 정부 정책 수혜주 TOP 10 大공개! (바로 확인)  ▶▶ 재료노출 임박한 상위1%의 극비정보 30명한정 공개(무료)    [ ⓒ 서울경제, 무단 전재 및 재배포 금지]"
220,4,"2018-06-06","17:42:36","[재계 3.0시대 성공방정식 찾는 젊은 총수들]삼성은 반도체, LG는 가전? 그 틀을 깰","(下) 시그니처 신사업을 찾아라 미래 이끌어갈 새 먹거리로 삼성전자는 AI 분야 낙점 현대차, 자율주행차에 집중 LG는 전장…한화는 태양광 젊은 경영 마인드 바탕으로 정상궤도 올리는 특명 맡아         이건희, 정몽구, 구본무의 공통점은 아버지 세대로부터 물려받은 기업을 본인들 세대에세계 굴지의 기업으로 키워냈다는 것이다. 전대 경영인들이 고도성장기에 기업을 반석에 올려놓는 데 주력했다면 이들은 세계시장에서 주목받는 브랜드로 만든 공로가 있다. 특히 경영여건이 대내외적으로 압박을 받는 시기에 주변의 반대를 무릅쓰고 과감히 신사업에 도전해 결국 성공시킨 뚝심의 경영자들이기도 하다. 최근 재계의 중심이 3~4세 경영인으로 넘어가면서 이 같은 전례를 물려받아 '시그니처 신사업'을 키우려는 움직임이 빨라지고 있다. 2~3년 사이 4차 산업혁명이 산업구조를 송두리째 바꾸면서 기존에 없던 새로운 기회가 생겨나고 있기 때문이다. 재계에서는 3~4세 경영인이 중심이 돼 향후 그룹을 책임질 수 있는 미래먹거리 발굴에 총력전을 벌이고 있다.  ■위기 속에 태어난 대표사업   삼성의 반도체, 현대의 승용차, LG의 가전은 현재 각 기업을 대표하는 아이템이다. 지금이야 세계시장에서도 인정받는 품목들이지만 시작은 그렇지 못했다.  지난 1974년 동양방송에 몸담고 있던 당시 이건희 이사가 한국반도체를 인수하면서 선진국처럼 부가가치가 높은 사업을 하자고 했을 때 주위에서는 모두 말렸다. TV도 제대로 못 만드는 나라에서 반도체가 되겠느냐는 비판이 이어졌다.   결국 10년 뒤 이병철 회장도 반도체의 중요성을 깨닫고는 그룹의 전사적 역량을 집중키로 했고, 오늘날의 삼성전자 메모리사업부가 탄생했다.  정몽구 회장도 위기의 순간에 발상을 전환해 오늘의 현대·기아차를 만들었다. 정 회장은 1998년에 7조원 넘는 부채를 탕감받는 조건으로 기아차를 떠안았다. 기아차를 가져오면 현대차까지 동반부실로 무너질 것이란 우려가 쏟아졌지만 정 회장의과감한 결정은 1년 만에 기아차를 흑자로 전환시켰다.   2008년 금융위기 때는 미국에서 파격적 마케팅을 펼쳐 점유율을 끌어올렸다. 2011년에는 일본 지진을 기회로 미국에 공급을 늘리자는 요구가 빗발쳤지만 정 회장은 세계 최대 시장인 중국 공장을 증설하는 카드를 빼들었다.   LG그룹의 간판사업 중 하나인 디스플레이와 2차전지, 통신 등은 얼마 전 타계한 구본무 회장의 뚝심이 만들어냈다. 1998년 LG LCD를 설립하고, 외환위기 때 16억달러를 유치하는 등 과감한 투자를 밀어붙이면서 지금의 LG디스플레이를 만들었기 때문이다. 1996년에는 2차전지를 신사업으로 낙점하고 LG화학에 이 사업을 맡겼다. 여기서 만든 전기차용 2차전지는 현재 세계 굴지의 자동차 메이커들에 공급된다.  ■미래의 문 열어라   이건희 회장의 공석을 이재용 부회장이 메우고 있는 삼성은 전자를 중심으로 신사업 찾기에 돌입했다. 전체 영업이익의 70%가 반도체에 집중된 구조를 벗어나기 위해 인공지능(AI)과 전장사업(차량용 전자장치) 등에 집중하는 모습이다.   삼성리서치 산하에 AI센터를 설립한 데 이어 캐나다 토론토와 러시아 모스크바에 잇달아 연구소를 열면서 구글, 마이크로소프트 등 미국 업체가 주도하는 AI시장에 도전장을 냈다. 지난해 3월에는 하만을 인수하면서 경쟁사인 LG전자가 먼저 시작한 전장사업에도뛰어들었다. 올 들어 지난 1·4분기에만 연구개발비로 4조3000억원 넘는 자금을 투입하고 있다. 이 추세라면 올 한 해 16조원 넘는 돈을 신사업 발굴을 위한 개발비로 쏟아부을 전망이다.  정의선 현대차그룹 부회장은 자율주행과 커넥티드카 등 미래의 자동차기술확보를 주도하면서 해외 스타트업(창업초기기업) 투자에 돈을 아끼지 않고 있다.   40대 초반의 젊은 나이에 그룹 경영의 전면에등장한 구광모 LG전자 상무도 신사업 추진에 시동을 걸 전망이다. 고 구본무 회장이 일찌감치 신사업으로 낙점한 전장사업을 궤도에 올려놓는 게 첫번째 임무가 될 것으로 보인다.   한화의 장남 김동관 한화큐셀 전무는 오래전부터 태양광사업을 주도하고 있다. 미국이 태양광패널에 수입제한조치까지 하고 보호에 나서자 김 전무는 현지에 태양광 모듈공장을 건설, 정면돌파를 시도하고 있다.  재계 관계자는 ""3~4세 경영인들에게 아버지 세대가 남긴 업적은 큰 짐이면서 극복해야 할 과제일 것""이라며 ""중국이라는 거대한 경쟁자가 맹추격하는 상황에서 재계의 젊은 후계자들은 자신을 대표하는 신사업 발굴이 어느 때보다 절실할 것""이라고 평가했다.    ahnman@fnnews.com 안승현 기자  ▶'모멘텀 집중' 저가에서 매집해둬야 할 상반기 유망주 3선 (지금 확인)   [파이낸셜뉴스 주요뉴스]  → 北 김정은 묵는 호텔 하루 숙박비 '642만원' 누가 지불? → ""선거 알바 클라스가 다르네"".. 선거운동원 '깨방정 댄스' 화제 → ""학원 여교사가 초등생 제자 2명과 성관계"" → 견과류 일주일에 3번이상 먹으면 나타나는 변화 → 국방부에 도착한 두테르테가 가장 먼저본 국산 무기  ▶ <긴급공개> 억대계좌 이종목에서 또 터진다!    ※ 저작권자 ⓒ 파이낸셜뉴스. 무단 전재-재배포 금지 "
220,5,"2018-06-06","17:42:12","[인사]농림축산식품부","◇과장급 개방형직위 임용  ▶국립농산물품질관리원 품질검사과장 서기관 서문교   ◇과장급 전보  ▶농지과장 기술서기관 홍인기    ●남북경협株 선취매 all 포착.. 실적 기반 차기 주도주 '바로' 이종목! (클릭) ●'부자네스탁론' 3년 고정금리 4.15% 100% 집중투자까지 ●'대박스탁론' 3년 고정금리 3.99% 100% 집중투자까지 ●500만원투자 단 6개월만에 3억달성! 원포인트 투자종목 공개  [관련기사]  ☞ 정말 평양냉면이 너무 잘 팔려서 무값이 폭등한걸까?  ☞ '중학교 자유학기제+학교텃밭 체험' 10곳 시범운영  ☞ [포토] 자칫하면 국가재난…산림청 등 ‘산불방지 대국민 호소’  ☞ 함평군 백련마을 ‘농업환경보전프로그램 실증 연구 지구’ 선정  ☞ 서울시-농식품부, 친환경 가공식품 학교급식에 조달    퇴직 후 백만원으로 ""35억""번 60대男 화제! 60대 김모씨가 퇴직 후 하게 된""이것""이 35억의 대박을...  터지기 전, 잡아라!! 상반기300%이상 상승이 기대되는 대박 테마주는? 이슈 전 선취매 주식고수들만 안다는 슈퍼 우량 테마주 남들보다 먼저 받아보기    김민영 기자 argus@asiae.co.kr   <ⓒ세계를 보는 창 경제를 보는 눈, 아시아경제(www.asiae.co.kr) 무단전재 배포금지>"
220,6,"2018-06-06","17:41:10","中 ZTE, 美 정부의 제재 철회 합의안에 서명","지난 2월 26일(현지시간) 스페인 바르셀로나에서 열린 모바일월드콩그레스 행사장에 등장한 ZTE 부스.로이터연합뉴스     중국 ZTE가 거액의 벌금 및 경영진 교체가 포함된 미국 상무부의 제제 철회 합의안에 서명한 것으로 전해졌다. 이로써 지난 4월부터 미 정부의 제재로 파산위기에 처한 ZTE의 위기는 조만간 끝날 전망이다.  블룸버그통신 등 외신들은 5일(현지시간) 관계자를 인용해 ZTE가 미 정부에 벌금으로 10억달러를 납부하고, 향후 발생할 위반에 대비하기 위한 보증금 성격으로 4억달러를 추가로 내기로 했다고 전했다. ZTE가 부담하는 벌금은 이미 납부한 3억6100만달러를 합치면 총 17억달러(약 1조8207억원)가 넘는다.  미 상무부는 지난 4월에 중국 2위 통신장비업체이자 미국 내 스마트폰판매 4위인 ZTE에 대해 대북 및 대이란 제재 위반 혐의로 향후 7년간 미국 기업과 거래를 할 수 없도록 하는 제재를 단행했다. ZTE는 이전에도 2012년 1월부터 2016년 3월까지 미국 기업들로부터 구매한 하드웨어와 소프트웨어를 이란 전기통신사업자인 TIC에 공급해 미국의 대 이란제재를 위반한 혐의를 받았다. ZTE는 지난해 11억8000만달러의 벌금과 고위 임원 4명 해고 및 35명에 대한 상여금 삭감 혹은 견책 등의 징계를 하기로 상무부와 합의했다. 미 상무부는 그러나 ZTE가 다른 35명에 대해 징계조치를 취하지 않자 추가 제재에 들어갔다.  휴대전화에 들어가는 반도체를 비롯한 주요 부품을 미국으로부터 수입에 의존하던 ZTE는 제재가 시작되자 영업 중단 위기에 몰렸다. 이후 중국과 무역마찰 협상에 나선 미국은 ZTE 제재 문제를 중국과 협상 카드로 꺼내들었다. 지난달 25일 뉴욕타임스(NYT)에 따르면 도널드 트럼프미 대통령은 ZTE를 살리기로 결정하고 막대한 벌금 등을 조건으로 미 의회에 제재 철회 결정을 통보했다.  블룸버그에 의하면 이번 합의안에는 ZTE 제품에 미국산 부품이 제대로 사용되는지 검증하기 위한 무제한 현장 방문과 ZTE 웹사이트에 미국 부품 사용현황을 게시하도록 하는 내용도 담겼다. 또한 30일 이내로 ZTE 이사회와 경영진을 교체하는 내용도 포함된 것으로 전해졌다.    pjw@fnnews.com 박종원 기자  ▶'모멘텀 집중' 저가에서 매집해둬야 할 상반기 유망주 3선 (지금 확인)   [파이낸셜뉴스 주요뉴스]  → 北 김정은 묵는 호텔 하루 숙박비 '642만원' 누가 지불? → ""선거 알바 클라스가 다르네"".. 선거운동원 '깨방정 댄스' 화제 → ""학원 여교사가 초등생 제자 2명과 성관계"" → 견과류 일주일에 3번이상먹으면 나타나는 변화 → 국방부에 도착한 두테르테가 가장 먼저본 국산 무기  ▶ <긴급공개> 억대계좌 이종목에서 또 터진다!    ※ 저작권자 ⓒ 파이낸셜뉴스. 무단 전재-재배포 금지 "
220,7,"2018-06-06","17:40:54","충북교육감·청주시의원 후보 현수막 훼손…경찰 수사 나서","6·13 지방선거에 출마한 김병우 충북도교육감 후보와 더불어민주당 박완희 청주시의원 후보의 현수막이 훼손돼 경찰이 수사에 나섰다.   박 후보는 6일 자신의 페이스북을 통해 청주시 서원구 산남동 일원에 내걸린 선거 현수막이 훼손된 것을 발견, 경찰에 신고했다고 밝혔다.   공직선거법에서는 정당한 사유 없이 선거 벽보나 현수막을 훼손하면 2년 이하의 징역 또는 400만원 이하의 벌금에 처하도록 하고 있다.   경찰은 훼손된 현수막을 수거하고, 사건 경위를 조사하고 있다.    [디지털뉴스국]      ☞ 조용히 사서 묻어놔라! 6月 정말 큰돈 된다! ☞ 세계최초 항암제 개발! 신라젠 놓쳤다면, 이 종목 잡아라!! ☞ 세계 최초 신약! 1,500% 신라젠 능가할 단돈 4천원대 Bio 황제주!!! ☞ 6月 반드시 주목해야될 Best 바이오 종목!!      [ⓒ 매일경제 & mk.co.kr, 무단전재 및 재배포 금지]"
221,1,"2018-06-06","17:34:21","소류지 작업하던 잠수부 배수구에 다리 끼어 6시간째 구조 작업","6일 오전 11시 4분께 경남 창원시 마산회원구 한 소류지에서 수중 작업을 하던 잠수부 문모(62) 씨가 배수구에 다리가 끼어 6시간째 구조작업을 벌이고 있다.   경찰은 문 씨가 이날 수심 9∼10ｍ 소류지의 고장 난 배수문 상태를 확인하려고 수중 작업을 하다 배수구에 한쪽 다리가 끼인 것으로 보고 있다.   배수구 지름은 약 20㎝로 강한 수압에 한쪽 다리가 허벅지까지 빨려 들어가면서 고립된 것으로 알려졌다.   당시 2인 1조로 함께 현장 작업을 하던 또 다른 잠수부 A 씨는 문 씨가 배수구에 발이 끼인 것을 확인하고 119구조대에 신고했다.   119구조대 등은 사고 현장에 도착해 문 씨에게 산소를 바꿔 공급하고 물 밖으로 빼내려 했지만, 배수구 수압이 워낙 강해 구조에 어려움을 겪고 있다.   이 소류지는 인근 지역 주민 농업용수를 공급하고 있다.   경찰은 현장 작업을 하던 동료 잠수부와 공무원 등을 상대로 정확한 사고 경위를 파악 중이다.    [디지털뉴스국]      ☞ 조용히 사서 묻어놔라! 6月 정말 큰돈 된다! ☞ 세계최초 항암제 개발! 신라젠 놓쳤다면, 이 종목 잡아라!! ☞ 세계 최초 신약! 1,500% 신라젠 능가할 단돈 4천원대 Bio 황제주!!! ☞ 6月 반드시 주목해야될 Best 바이오 종목!!      [ⓒ 매일경제 & mk.co.kr, 무단전재 및 재배포 금지]"
221,2,"2018-06-06","17:34:15","SR, 우기대비 안전점검","㈜SR(사장 이승호)이 '6월 안전점검의 날'을 맞아 SRT 수서역과 율현터널 수직대피구에 여름철 우기대비 특별안전점검을 했다고 6일 밝혔다.   지난 4일 이뤄진 이번 점검은 여름철 집중호우를 대비한 배수로 정비 상태, 구조물 균열 발생여부 등 수해취약시설 전반에 대해 이뤄졌다. 신속한 수해복구에 필요한 배수펌프, 수방모레등 재난관리자원의 준비상태도 확인했다.  이용찬 SR 안전본부장은 ""지구온난화에 따른 기후변화로 국지성 집중호우가 자주발생하고 있다""며 ""철저한 시설물 안전점검으로 수해가 발생하지 않도록 예방활동에 만전을 기하겠다""고 말했다.  wonder@fnnews.com 정상희 기자    ▶'모멘텀 집중' 저가에서 매집해둬야 할 상반기 유망주 3선 (지금 확인)   [파이낸셜뉴스 주요뉴스]  → 北 김정은 묵는 호텔 하루 숙박비 '642만원' 누가 지불? → ""선거알바 클라스가 다르네"".. 선거운동원 '깨방정 댄스' 화제 → ""학원 여교사가 초등생 제자 2명과 성관계"" → 견과류 일주일에 3번이상 먹으면 나타나는 변화 → 국방부에 도착한 두테르테가 가장 먼저본 국산 무기  ▶ <긴급공개> 억대계좌 이종목에서 또 터진다!    ※ 저작권자 ⓒ 파이낸셜뉴스. 무단 전재-재배포 금지 "
221,3,"2018-06-06","17:34:08","건축물 에너지성능관리 시범사업 공모","국토교통부와 한국감정원은 건축물 에너지성능관리 시범사업의 대상 건축물을 7월 27일까지 공모한다고 6일 밝혔다. 신축, 공공 및 대형건축물 중심의 에너지 성능개선 정책을 기존민간 중·소건축물로 확대하기 위해서다.  이번 시범사업은 기존건축물에 대한 조사·분석을 통해 비용효율적인 에너지 사용량 감축수단 발굴의 기초로 활용한다. 기존 건축물의 에너지 성능관리를 개선해 에너지 사용량을 절감하고 온실가스 배출감축을 유도하는 것이다.  공모 대상은 규모·용도 제한 없이 사용승인 완료된 모든 건축물이다. 사업에 참여하고자 하는 건축물 소유자는 국토교통부 녹색건축포털 그린투게더에 게시된 신청서를 작성해 우편 또는 이메일을 통해 신청할 수 있다.  시범사업 대상으로선정된 건축물은 외벽 및 창호 등의 단열수준과 기계 및 전기설비 운용현황조사, 에너지 사용자료 분석 등을 수반한 에너지 절감 기술컨설팅을 무상으로 받게 된다. 이를 통해 에너지비용 절감, 건축물 성능최적화 등의 효과를 기대할 수 있다.  시범사업과 관련된 자세한내용은 녹색건축포털 그린투게더를 통해 확인할 수 있으며, 관련 문의는 한국감정원 녹색건축처 건축물 에너지성능관리 시범사업 담당부서를이용하면 된다.  wonder@fnnews.com 정상희 기자   ▶'모멘텀 집중' 저가에서 매집해둬야 할 상반기 유망주 3선 (지금 확인)   [파이낸셜뉴스 주요뉴스]  → 北 김정은 묵는 호텔 하루 숙박비 '642만원' 누가 지불? → ""선거 알바 클라스가 다르네"".. 선거운동원 '깨방정 댄스' 화제 → ""학원 여교사가 초등생 제자 2명과 성관계"" → 견과류 일주일에 3번이상 먹으면 나타나는 변화 → 국방부에 도착한 두테르테가 가장먼저본 국산 무기  ▶ <긴급공개> 억대계좌 이종목에서 또 터진다!    ※ 저작권자 ⓒ 파이낸셜뉴스. 무단 전재-재배포 금지 "
221,4,"2018-06-06","17:33:58","중부발전, 민간발전사 3곳과 1000㎿급 석탄화력 협약","한국중부발전은 고성그린파워, 강릉에코파워, 포스파워, 두산중공업과 '1000MW급 석탄화력 기술교류 및 예비품 공동운영 협약'을 체결했다고 6일 밝혔다.  중부발전 관계자는 ""사업은 국책연구개발 과제""라며 ""국내 원천기술을 기반으로 건설한 한국중부발전의 1000㎿급 신보령화력이 성공적으로 건설됐기 때문에 추진되는 것""이라고 설명했다.   협약이 체결됨에 따라 이들 회사는 1000㎿급 석탄화력 도입 초기의 발전설비 건설 및 운영상의 리스크를 공동 대응한다는 방침이다.   또 이들은 협약을 통해 신보령화력의 건설경험을 공유하고 발전설비 운영사례를 교환한다. 아울러 최신 발전설비 기술동향 소개 등을 정기적으로 시행한다.      jjw@fnnews.com 정지우 기자  ▶'모멘텀 집중' 저가에서 매집해둬야 할 상반기 유망주 3선 (지금 확인)   [파이낸셜뉴스 주요뉴스]  →北 김정은 묵는 호텔 하루 숙박비 '642만원' 누가 지불? → ""선거 알바 클라스가 다르네"".. 선거운동원 '깨방정 댄스' 화제 → ""학원 여교사가 초등생 제자 2명과 성관계"" → 견과류 일주일에 3번이상 먹으면 나타나는 변화 → 국방부에 도착한 두테르테가 가장 먼저본 국산 무기  ▶ <긴급공개> 억대계좌 이종목에서 또 터진다!    ※ 저작권자 ⓒ 파이낸셜뉴스. 무단 전재-재배포 금지 "
221,5,"2018-06-06","17:33:55","HUG 카자흐스탄과 보증업무 교류협력","주택도시보증공사(HUG)가 카자흐스탄 보증기관과 본격적인주택보증업무 교류협력을 시작했다고 6일 밝혔다.   HUG는 지난 5월 30일 카자흐스탄 수도 아스타나시에서 국영회사 바이테렉 및주택보증기금(HGF)을 방문해 양해 각서를 체결했다. 이번 방문은 지난 4월 한국을 방문한 카자흐스탄 HGF 주마쇼프 사장의 초청에 따라 이뤄진 것이다.   양해각서의 내용은 주택보증제도 분야의 지식과 경험 공유, 교육프로그램 및 전문가 교류협력 강화 등이다. 이틀간실시된 심층 토론에서는 양국 보증기관 실무자 간 분야별 발표와 질의응답이 이뤄졌다.  양해각서 체결식에는 주카자흐스탄 김대식 대사가 참석해 ""양국 간 하드웨어적인 측면 뿐만 아니라 경험 및 지식과 같은 소프트웨어적인 분야에 대한 교류를 통해 상호이익이 최대화될 수 있고, 이 점에서 오늘 양해각서 체결이 큰 의미가 있다""고 밝혔다. 이재광 HUG 사장은 ""카자흐스탄은 한국의 분양보증제도를 적극적으로 전수받아 전담기관을 설립한 최초의 국가이며, 세계적인 모범사례가 될 것으로 기대한다""고 전했다.   wonder@fnnews.com 정상희 기자    ▶'모멘텀 집중' 저가에서 매집해둬야 할 상반기 유망주 3선 (지금 확인)   [파이낸셜뉴스 주요뉴스]  → 北 김정은 묵는 호텔 하루 숙박비 '642만원' 누가 지불? → ""선거 알바클라스가 다르네"".. 선거운동원 '깨방정 댄스' 화제 → ""학원 여교사가 초등생 제자 2명과 성관계"" → 견과류 일주일에 3번이상 먹으면 나타나는 변화 → 국방부에 도착한 두테르테가 가장 먼저본 국산 무기  ▶ <긴급공개> 억대계좌 이종목에서 또 터진다!    ※ 저작권자 ⓒ 파이낸셜뉴스. 무단 전재-재배포 금지 "
221,6,"2018-06-06","17:33:50","남동발전, 해외 온실가스 배출권 확보 나서","미얀마에 CDM사업 착수 고효율 쿡스토브 보급         한국남동발전 직원들이 미얀마 만달레이에서 열린 고효율 쿡스토브 보급사업 착수식에 참석, 현지 관계자들과 기념촬영을하고있다.  한국남동발전은 미얀마 만달레이에서 개도국 고효율 쿡스토브 보급을 위한 온실가스 감축 프로그램인 청정개발체제(CDM) 사업 착수식을 개최했다고 6일 밝혔다.  고효율 쿡스토브란는 나무땔감을 주 연료로 한 취사도구로 진흙 또는 철 등의 소재로 제작되기 대문에 열효율을 기존 대비 20%이상 향상시켜탄소배출량을 감소시키는 장비로 알려져 있다. 따라서 고효율 쿡스토브 보급사업을 통해 해외 온실가스 배출권 확보 차원이다.   착수식은 미얀마 환경부 장관, 주정부 주지사를 비롯한 미얀마 정부관계자와 한국 참여기업인 남동발전, 한국전력공사, 삼표시멘트, SK텔레콤 대표단 등 80여 명이 참석했다.   사업은 지난 5월 환경부의 외부사업지침 시행령 개정 이후 처음으로 추진되는 온실가스 해외감축사업이다. 남동발전은 (재)기후변화센터와 함께 미얀마 3개주의 건조지역에 매년 1만 8000대씩, 5년 간 총 9만대의 쿡스토브를 보급한다.  미얀마 지역 주민들의 주된 취사용 연료는 나무땔감이며 나무땔감의 사용으로 인해 발생하는 문제들은 건강, 교육, 빈곤, 숲 황폐화, 기후변화 취약성 증가 등에도 영향을 미친다.  남동발전 등은 이에 따라 쿡스토브 보급을 통해 숲 보전을 통한 기후변화대응, 주방환경개선, 주민생활의 질 향상 등을 지원한다는 방침이다.   남동발전 관계자는 ""UN 청정개발체제 사업으로 등록된 '쿡스토브 보급'에 투자함으로써 개발도상국 대상 사회공헌과 해외 온실가스 배출권을 확보할 수 있을 것""이라며 ""지역주민 삶의 질이올라가고 일자리도 늘어날 것으로 기대한다""고 말했다.  jjw@fnnews.com 정지우 기자   ▶'모멘텀 집중' 저가에서 매집해둬야 할 상반기 유망주 3선 (지금 확인)   [파이낸셜뉴스 주요뉴스]  → 北 김정은 묵는호텔 하루 숙박비 '642만원' 누가 지불? → ""선거 알바 클라스가 다르네"".. 선거운동원 '깨방정 댄스' 화제 → ""학원 여교사가 초등생 제자 2명과 성관계"" → 견과류 일주일에 3번이상 먹으면 나타나는 변화 → 국방부에 도착한 두테르테가 가장 먼저본 국산 무기  ▶ <긴급공개> 억대계좌 이종목에서 또 터진다!    ※ 저작권자 ⓒ 파이낸셜뉴스. 무단 전재-재배포 금지 "
221,7,"2018-06-06","17:33:39","도시급 인프라 갖춘 자율주행 실험실.. 자율주행자동차 경쟁력 끌어올린다","자율주행시대 대비 한국교통안전공단 자율주행차 실험실 'K-City' 연내 완공 독일 FSD 등 교통안전 선진국과 교류 앞장          한국교통안전공단 권병윤 이사장(왼쪽)이 지난달 22일 독일 자동차검사제도관리국(FSD) 죌그 다이트리치 CFO(최고재무책임자)와 업무협약을 체결한 후 기념촬영을 하고 있다.  한국교통안전공단이 자율주행자동차 실험도시 'K-City'를 올해 완곤하고 중소기업과 스타트업 등에 대한 지원을 강화한다. 자율주행자동차의 안전 기반을 다지는데 기여하고 있는 공단은 지난해11월 K-City 고속도로구간을 우선 완공했고, 12월엔 세계 최초로 5G 통신망을 구축한 바 있다. 공단 자동차안전연구원 내에조성되는 K-City가 올해 완공되면 국내 기업의 자율주행자동차 개발도 속도는 더욱 높아질 전망이다.  ■K-City 완공되면 다양한 조건에서 자율차 평가 가능  6일 한국교통안전공단에 따르면 자율주행차의 교차로, 횡단보도, 고속도로에서의 주행과 신호등·표지판의 인지·판단 시험 등을 진행할 수 있는 실험도시 'K-City'가 올해 말 완공을 목표로 조성되고 있다. K-City는 해외에는 없는 버스 전용차로, 스쿨존, 고속도로 톨게이트 등이 마련돼 실제 도로와 가장 유사한 조건에서 자율주행자동차의 안전성 확인이 이루어질 것으로 기대된다.  공단은 완공 후 자율주행자동차를 개발하는 기업과 연구기관이 다양한 테스트를 진행할 수 있도록 K-City를 전면 개방할 계획이다. 자율주행자동차 개발을 위한 기초연구를 지원하기 위해 매주 토요일에는 중소기업과 스타트업, 연구기관(대학교) 등이 무상으로 이용할 수 있도록 운영할 방침이다. 2018년 1월 기준 자율주행자동차 임시운행허가는 현대자동차, 서울대학교 등 30개 기관이 갖고 있다.  K-City는 미국 M-City의 장점을 살리면서 신호등, 교차로, 빌딩, 터널 등 국내 도로 환경을 반영하고 있다. 특히, M-City에는 없는 버스전용차로, 스쿨존(어린이보호구역), 자율주차시설, 톨게이트, 소음방지벽 등이 포함될 예정이다.  M-City는 미시건 대학 부지내에 구축함에 따라 평가내용이 한정적일 수 있다. 이에 비해 K-City는 현재 구축 예정지에서의 평가뿐만 아니라 204.6만㎡(약 62만평) 규모의 종합 주행시험장에서 주행시험 관련된 모든 항목을 연속하여 평가할 수 있도록 확장할 계획이다.     K-City 전체 조감도   ■자율주행차 관련 국제 교류에도 앞장  공단은 지난달 22일 독일자동차검사제도관리국(FSD)을 방문해 자율차 검사기술 개발을 위한 업무협약(MOU)을 체결하는 등 국제 교류에도 앞장서고 있다.  자율주행시대를 대비해 자율주행 자동차의 검사제도와 기술의 발전방향을 함께 모색하기 위해서다. 내년 4월 서울에서 개최하는 '제19차 국제자동차검사위원회(CITA) 총회'에서 '자율차 검사 기술' 특별 세션도 공동으로 주관할 계획이다.  협약식에는 공단 권병윤 이사장과 배진민 자동차검사전략실장을 비롯해 독일 FSD 죌그 다이트리치 CFO, 랄프 슈뢰더 본부장 등 양 기관 임직원이 참석했다.   독일자동차검사제도관리국(FSD)은 자동차검사 제도 관리와 기술개발을 목적으로 2004년에 설립된 기관이다. 현재는 독일뿐 아니라 유럽 정부승인검사기관에 첨단차, 자율차 및 친환경자동차의 검사 기준을 제시하는 등 유럽의 교통안전을 선도하고 있다.  첨단안전장치 정상 작동 검사가 가능한 검사용 진단기를 개발하고 이를 2015년부터 자동차 정기검사에 의무 적용해 사고예방에 기여했다.  한국교통안전공단 관계자는 ""FSD와 첨단차, 자율차의 안전성 확보를 위한 검사제도와 기술을 공유하고, 첨단안전장치 검사와 IT 자동차의 해킹방지기술 검사 등에 대한 연구를 수행할 것""이라면서 ""자율차 교통사고 방지 전략도 공동으로 수립할 방침""이라고 전했다.   wonder@fnnews.com 정상희 기자   ▶'모멘텀 집중' 저가에서 매집해둬야 할 상반기 유망주 3선 (지금 확인)   [파이낸셜뉴스 주요뉴스]  → 北 김정은 묵는 호텔 하루 숙박비 '642만원' 누가 지불? → ""선거 알바 클라스가 다르네"".. 선거운동원 '깨방정 댄스' 화제 → ""학원 여교사가 초등생 제자 2명과 성관계"" → 견과류 일주일에 3번이상 먹으면 나타나는 변화 → 국방부에 도착한 두테르테가 가장 먼저본 국산 무기  ▶ <긴급공개> 억대계좌 이종목에서 또 터진다!    ※ 저작권자 ⓒ 파이낸셜뉴스. 무단 전재-재배포 금지 "
222,1,"2018-06-06","17:30:00","6월 7일(목) 미리보는 내일의 별자리운세","[머니투데이 제공=포리프 ]   ◆ 6월 7일(목) 머니투데이 미리보는 내일의 별자리운세 ◆    ■ 물병자리(1.20~2.18)  결정해야 할 일이 있다면 다음으로 미루자. 오늘의 성급한 선택이 화를 불러올 수도 있다. 꼭 결정을 해야 하는 일이 있다면 신중 또 신중,꼼꼼하게 따져보고 신중하게 결정하도록 하자. 새로운 사람을 만날 운이 있으니 미팅이나 소개팅이 있을 수 있는 날! 한곳에 앉아서 계속 이야기 하는 것 보다는 이 곳, 저 곳으로 장소를 이동하면서 자신의 매력을 보여주는 것이 승산이 높겠다.  오늘엔 딱! 손수건   ■ 물고기자리(2.19~3.20)  급할수록 돌아가야 하는 날. 성급함에 함정이 있다. 빠뜨린 것은 없는지, 건너뛰어 버린 것은 없는지 느긋하게 생각해보자. 그러나 신중한 태도가 자칫 의욕 없어 보일수도 있겠으니 적당히 페이스 조절을 잘하자. 여기저기서 들려오는 소문에는 아예 귀를 닫아버리자. 남의 일에 감놔라 배놔라 했다가는 구설수에 오를 수 있는 날이다. 실속 없는 일에 휘말려 시간 축내지 말고 내 일만 생각하자.  오늘엔 딱! 열쇠고리   ■ 양자리(3.21~4.19)  활동지수, 활동 에너지가 높은 날이다. 움직일 때마다, 땀내서 일하고 운동하는 일에 기분이 좋아지는 날이니 활동하며 일하는 것들을 찾아하자. 결과도 좋다. 다만 성급하고 우유부단한 선택은 일을 더 어렵게 만들 수 있으니 냉정한 판단력을 잃지 않도록 신경 쓰자. 인터넷을 이용할 일이 많겠다. 엉뚱한 곳에 시간 낭비할 수 있겠다.  오늘엔 딱! 장우산   ■ 황소자리(4.20~5.20)  목표를 세우기 좋은 날이다. 내가 지금 잘 달려가고 있는지, 어떤 목표를 가지고 있는지 포괄적이고 구체적인 계획들이 떠오른다. 스스로에대하여 신중하게 생각해 볼 수 있는 좋은 기회가 될 듯. 이렇다 할 목표가 없는 당신이라면 쓸데없는 잡념으로 하루를 소비할 수 있겠다. 괜스레 여기저기 돌아다니지 말고 가족들과 함께 보내는 날로 삼자.  오늘엔 딱! 종이접기   ■ 쌍둥이자리(5.21~6.21)  전화로 백날 통화하면 뭐하나. 백문이 불여일견! 사랑한다면 만나라. 만나서 상대방의 이야기를 들어주고 이해해주자. 그 말이 조금 틀렸다할지라도 바로 반박하거나 따지지 말자. 원래 화성에서 오고 금성에서 왔다는데 똑같다면 더 이상하다. 그냥 그러려니 하자. 당신이 양보하는 만큼 둘 사이가 급속도로 깊어질 것이다.  오늘엔 딱! 머그컵   ■ 게자리(6.22~7.22)  아직도 외롭다고 청승떨고 있는 당신! 멀리서 찾지 말자. 가까운 곳에 당신의 짝이 있다. 실없이 웃지 말고 당신의 유머로 주변 사람들을 웃겨라. 하나 둘 모여 든 사람들 속에 당신의 인연이 있을 것이다. 눈에 잘 띄는 노란색이나 황색 계통의 코디를 하는 것이 상대방에게 당신을깊숙이 각인 시킬 수 있을 것이다.  오늘엔 딱! 재미있는 예능보기   ■ 사자자리(7.23~8.22)  인연을 만들기 위해 사전조사를 하라. 오늘은 딱~! 그날이다. 당신에게 힌트가 될만한 것들을 그녀와 그가 흘리고 다닐 것이다. 수첩과 펜을준비해서 하나도 빠짐없이 적자! 그러나 주변 사람들도 좀 신경 쓰자. 당신을 스토커로 오해할 수 있다. 노력하는 만큼 돌아오는 법이다.  오늘엔 딱! 선글라스   ■ 처녀자리(8.23~9.22)  오늘따라 당신의 목표가 멀게만 느껴지는가? 아스라한 눈으로 부러워만 하지 말고 나도 그렇게 해보자! 지금이라도 늦지 않았으니 심기일전하는 맘으로 목표를 향해 달려가자. 목표만 확실하다면 오늘 살짝 고지가 보인다. 비록 갈 길이 멀다해도 걷다보면 언젠가 도착할 수 있다는 희망이 보이는 날이다. 그러나 시간은 기다려 주지 않음을 명심! 가장 큰 적은 게으름이다. 오늘부터 당신의 게으른 일상을 청산하도록!  오늘엔 딱! 바둑   ■ 천칭자리(9.23~10.22)  본인의 문제는 아니지만 당신이 사랑하는 누군가들의 문제로 하루 종일 마음이 편치 않을 날이겠다. 오늘 하루만에 해결될 수 있는 일이 아닐 경우가 많으니 가볍게 해결하려고 괜히 덤비지 말고 옆에서 힘이 되어주는 든든한 모습을 보여주는 편이 낫겠다. 친하지 않은 사람들에게 속마음을 섣불리 털어놓았다가 괜히 뒤통수 맞을 수 있겠으니 사람 볼 줄 아는 눈을 좀 키워야겠다. 오늘 하루, 말조심!  오늘엔 딱! 패션잡지   ■ 전갈자리(10.23~11.21)  식을 줄 모르는 당신의 인기! 여기저기서 당신을 원한다. 갈 곳은 많으나 당신의 몸은 하나니 이를 어쩔꼬. 어제도 그리고 그 전날도 무시당했던 당신. 지금은 아무것도 할 수 없을 거라는 생각에 사로잡혔다. 자심감은 바닥을 뚫고 저기 저 지구의 핵까지 도달했으나 오늘 하루 당신의 자신감을 지구 밖까지 끌어 올려라! 드디어 당신이 인정받을 수 있는 때가 왔다. 오늘은 당신은 무슨 일이든 다 할 수 있다.  오늘엔 딱! 운동화   ■ 사수자리(11.22~12.21)  오늘은 당신 마음가는대로 해보자. 당신의 연인을 위한 당신의 이벤트. 만나서 어디 갈지 뭐 먹을지 등등 오늘 하루 빡빡한 일정을 짜서 당신의 연인과 함께 해보자. 당신이 준비한 것마다 연인의 감탄이 쏟아질 것이다. 그동안 잃은 점수 모조리 다 따버리자. 그러려면 당신의 준비가 중요하다. 뭐든지 대충은 안 하는 것만 못하다.  오늘엔 딱! 공원   ■ 염소자리(12.22~1.19)  이유 없이 짜증이 이어지고 기운이 없다, 어깨는 구부정, 한숨만 나온다. 이상의 증상 중 두 개 이상이 해당된다면 지금 하고 있던 일을 일단 덮고 스트레스 해소 여행을 떠나자. 오랜 스트레스, 의욕상실은 두고두고 득 될 것이 없다. 물이 있는 곳이 좋은 날이다. 이번 기회에 바다로 여행이나 다녀오는게 좋겠다.  오늘엔 딱! 골동품   [사주, 궁합, 타로 족집게 운세보기]          주식담보대출도 이제 부담없는 금리로 가능(안내: 02-3775-1497)   ▶▶ 2018년! 하반기를 뜨겁게 달굴 ""급등 유력株"" TOP.10 긴급공개 (클릭)   ▶▶ 단독! 정책+수급+실적 3박자를 두루 갖춘 TOP 시크릿 급등 유망주 지금 공개 (클릭)     [파워 인터뷰]      [관련기사] ☞ 한지민, 헌시 낭송…박근혜 정부 땐 '현빈·이서진'  ☞ ""시선강간 싫다면서 왜 벗냐""… '맨가슴 시위' 시끌시끌 ☞ '김정은 전용기 추락'…고사 지내는 日 우익들 ☞ '58년 개띠'의 은퇴…한국, 車 산업 변화가 시작된다 ☞ '롯데월드타워 등반' 알랭 로베르, 75층서 중단       주식매입자금? 전화 한통화면 당신은 스마트컨슈머!    최저금리로 신용·미수 대환 하는 가장 경제적인 방법 (바로 확인)   ‘개미’말고 ‘슈퍼 투자자’되고 싶다면?...‘이것’만 잘 이용해도 가능해요!       제공=포리프   <저작권자 ⓒ '돈이 보이는 리얼타임 뉴스' 머니투데이, 무단전재 및 재배포 금지>"
222,2,"2018-06-06","17:30:00","[2018 부산모터쇼]현대차·BMW, 한자리서 자율주행·전기차 미래 경쟁력 뽐내","[부산=이데일리 노재웅 기자] 현대자동차(005380)와 독일 BMW가 오는 8일부터 부산 벡스코에서 열리는 2018 부산국제모터쇼의 개막을 앞두고6일 오후 미디어 갈라디너에 참석해 자율주행 기술과 전기차에 대한 비전을 발표했다.  먼저 마틴 슈토이렌탈러 BMW코리아 이사는 ‘자율 주행 기술 및 전기차에 대한 전망’이라는 주제 발표를 통해 BMW그룹이 지난 몇 년간 자율주행에 필수적인 기술들을 꾸준히 선보여왔음을강조했다.  그에 따르면 BMW는 지난 2006년 자율주행 기능을 탑재한 BMW 3시리즈로 서킷을 운전자의 조작 없이 차량 스스로 완주했으며, 2011년에는 자동주행 프로토 타입 모델로 도로주행 테스트를 시작했다. 2014년에는 자동화 프로토 타입 모델이 라스베가스 스피드웨이 주변에서 최초로 주행을 성공하며 고성능 차량의 한계까지도 구현하는 데 성공했다. BMW그룹은 또 같은 해 노키아의 디지털 지도 제작사 히어(HERE)를 인수하고, 2016년부터 인텔과 모빌아이(Mobileye)와의 협력을 진행함으로써 ‘i넥스트(iNext)’ 개발에 전념하고 있다.  아울러‘넘버원 넥스트 전략’의 일환으로 2025년까지 25종의 순수 전기차와 플러그인 하이브리드 모델을 출시할 예정이며, 2021년에는 BMW i 브랜드의 최신 기술을 집약시킨 BMW iNext 출시를 통해 양산 모델 최초로 전기 이동성과 더불어 자율 주행 및 차량 연결성 분야를 모두 적용한 플래그십(최상위) 모델을 선보일 계획이다.  이어 류남규 현대차그룹 이사는 ‘자율주행상용화를 위한 도전’이라는 타이틀로 강연을 이어갔다.  류 이사에 따르면 현대차는 평창동계올림픽 기간 차세대 수소전기차 넥쏘와 제네시스 G80 기반 자율주행차를 이용, 레벨4 자유주행 기술을 선보여 세계 언론으로부터 관심을 받았다. 서울 만남의 광장에서 평창까지 제2영동고속도로 구간 190km와 평창 시내 구간에서성공적으로 자율주행을 마친 현대차는 수소연료전기차로 자율주행 기술을 처음 선보이기도 했다. 현재는 자율주행 대상 구간 확대와 최적의센서 구성 등 자율주행 상용화를 위한 준비과정에 박차를 가하고 있다.  자율주행선행설계실 류남규 이사의 미디어 갈라디너 초청강의   에서는 자율주행 상용화를 위한 자동차 업계의 생생한 도전기도 공개됐다.  한편 부산광역시가 주최하고 BEXCO가 총괄주관하는 2018 부산국제모터쇼는 6월 7일 미디어데이를 시작으로 오는 17일까지 진행되며 8일 12시부터 일반인 관람이 가능하다.      현대차 넥쏘. 현대차 제공  ▶계좌회복프로젝트! 상위 전문가의 투자전략 및 추천종목‘[무료확인]’ ▶14년 연속 1위, 대한민국 대표 스탁론 하이스탁론 '    ' ＜ⓒ종합 경제정보 미디어 이데일리 - 무단전재 & 재배포 금지＞   "
222,3,"2018-06-06","17:29:57","폭염이 불안ㆍ치매 부른다…응급실 정신질환 15%는 무더위 탓","때 이른 무더위가 기승을 부리는 가운데 국내에서 정신질환으로 응급실에 입원한 환자 7명 중 1명은 폭염의 영향을 받았다는 분석이 나왔다. 특히 불안 증상으로 입원한 환자 3명 중 1명은 폭염이 원인으로 나타났다.   서울대 보건대학원 김호 교수팀은 2003∼2013년 사이 국내 6대 도시(서울, 인천, 대전, 대구, 부산, 광주)에서 있었던 폭염과 정신질환 사이의 상관관계를 분석한 결과, 이같이 나타났다고 6일 밝혔다.   이 연구결과는 국제학술지 '종합환경과학(Science of the Total Environment)' 최근호에 발표됐다.   연구팀은 총 11년의 조사 기간에 기온이 상위 1%에 해당하는 29.4℃ 이상을 폭염으로 정의하고 같은 기간 정신질환에 의한 응급실 입원 16만6579건에 미친 영향을 살폈다.   이 결과 고온 노출과 정신건강 사이에 강한 연관성이 확인됐다.   연구팀은 정신질환으로 응급실에 입원한 환자의 14.6%가 폭염의 영향을 받은 것으로 분석했다. 이 중에서도 65세 이상 노인의 비율은 19.1%로 나타나 젊은층보다 상대적으로 고온에 더 취약함을 보여줬다.   폭염이 원인으로 추정되는 정신질환 비율은 '불안'이 31.6%로 가장 컸다. 치매 20.5%, 조현병 19.2%, 우울증 11.6%로 집계됐다.   연구팀은 이번 분석 결과가 고온에 대한 이전의 연구들과 일치한다고 평가했다. 중국 상하이에서는 임계온도가 33.1℃인 경우 정신질환 관련병원 입원 위험이 최대 26.6%까지 높아진다는 보고가 나온 바 있다. 또 해외의 여러 연구에서 여름 동안의 폭염이 정서적, 신체적 불편을 초래해 불안을 촉발하고, 과도한 열기와 습도가 우울증 발생을 증가시킨다는 분석이 나온 바 있다.   노인의 경우 상대적으로 생리적 적응력이 떨어지고, 체온조절이 덜 효율적이기 때문에 이런 위험이 더 크다는 게 연구팀의 설명이다.   김호 교수는 ""고온에 지나치게 노출돼 신체가 체온조절의 한계점을 초과하면 스트레스 호르몬 증가와 체온조절 중추의 이상 등으로 정신건강에 나쁜 영향을 미칠 수 있다""며 ""폭염에 의한 정신질환 피해와 공중보건 부담을 최소화하기 위한 보건정책 입안이 필요하다""고 말했다.   안경무 기자(noglasses@etoday.co.kr)   [오늘의 핫클릭]  ☞40억 '이것' 통해 벌었다는 남성 알고보니 개인파산한 개그맨 A씨?  ☞현충일, 올바른 태극기 게양법 ""조의를 표하는 '조기'로 달아야""  ☞포브스 혁신기업 순위에 '네이버'ㆍ'셀트리온' 등 올라  ☞센토사섬 '카펠라 호텔'은? 상위 1%가꼽은 럭셔리 호텔  ☞ 美, 北 원산 카지노 투자 기대감 ... 카지노주 급등   ☞'직원 갑질 폭행' 이명희 구속영장 기각법원…한진家 수사 영향은?  ☞[카톡방] 무료 주식 카톡방 신청자수 38만 명 돌파 <업계 최대 카톡방> →카톡방 입장하기!         Copyrightⓒ이투데이, All rights reserved. (무단 전재 및 재배포 금지)   프리미엄 경제신문 이투데이    "
222,4,"2018-06-06","17:29:52","오석송 메타바이오메드 회장, 공장로비에 전직원 얼굴사진이…","충북 청주시 오송생명과학단지에 위치한 치과용 충전재 제조업체 메타바이오메드. 이곳을 처음 방문하는 사람은 누구나 1층 입구에 들어서자마자 오른쪽 벽면에 시선을 빼앗긴다. 200명에 달하는 전 직원 얼굴 사진을 확대해서 이름과 함께 한 장씩 붙여놨기 때문이다. 오석송 메타바이오메드 회장(사진)이 직원 한 명 한 명 얼굴을 더 잘 기억하기 위해 고안한 아이디어로, 벽면이 지저분해 보일 수도 있지만 직원들 친밀감 증진에는 상당한 도움을 줬다는 평가다.   오 회장의 직원 사랑이 눈길을 끌고 있다. 오 회장 책상에는 전 직원 이름과 생일이 적힌 서류 파일이 항상 놓여 있다. 오 회장은 매일 이 서류를 확인하고 그날 생일인 직원에게 손수 축하 문자메시지를 보낸다. 하루하루 바쁘게 살다 보면 생일도 잊어버리기 일쑤인 직장인들에게 일상생활에서 느낄 수 있는 소소한 기쁨을 주고 싶어서다. 회장에게 생일 축하 메시지를 받은 직원들은 감사하다며 답장을 보내온다.   메타바이오메드는 직원 사기 진작을 위해 다양한 사내 복지 프로그램도 마련해 운영하고 있다. 의료비 지원은 기본인 데다 이사비, 도서 구입비, 안경 구입비, 체력단련비, 문화관람비, 보육비, 자녀학자금, 콘도·펜션 이용 지원 등 다양한 분야에서 물심양면으로 지원한다. 공부를하고 싶어하는 직원을 위해 대학과 대학원 학비 50%를 회사가 분담하고 직원들이 음악, 미술, 어학 등 비업무 관련 분야를 배우길 희망하면자기계발비 명목으로 관련 비용 일부를 지원한다. 아침·점심·저녁식사는 무상으로 제공된다. 사내에 카페를 운영해 커피 등 음료와 아이스크림도 공짜로 먹을 수 있다.   오 회장은 직원들 건강 증진에도 신경 쓴다. 금연에 성공하면 포상금 100만원을 지급하며 사내에 탁구장, 당구장, 헬스장, 안마의자 등 여러편의시설을 마련해 직원들이 틈틈이 운동할 수 있도록 배려했다. 또 축구, 탁구 등 동호회 활동 지원금도 매월 20만원씩 제공한다.   메타바이오메드는 치아 신경치료를 할 때 썩은 부분을 갉아내고 신경 위에 덧대는 성분인 치과용 충전재와 수술 후 체내에서 일정 기간 후 분해되는 수술용 실(생분해성 봉합원사), 뼈 이식재(골수복재), 척추 디스크 환자를 위한 일회용 초소형 내시경, 얼굴 주름을 당기는 데 사용되는 성형사 등을 생산한다. 코스닥 상장사로 지난해 매출액 653억원, 영업이익 23억원을 기록했다.    [신수현 기자]      ☞ 조용히 사서 묻어놔라! 6月 정말 큰돈 된다! ☞ 세계최초 항암제 개발! 신라젠 놓쳤다면, 이 종목 잡아라!! ☞ 세계 최초 신약! 1,500% 신라젠 능가할 단돈 4천원대 Bio 황제주!!! ☞ 6月 반드시 주목해야될 Best 바이오 종목!!      [ⓒ 매일경제 & mk.co.kr, 무단전재 및 재배포 금지]"
222,5,"2018-06-06","17:29:45","세컨스킨, 홈퍼니싱 시장에 진출","라이프웨어 브랜드 세컨스킨(대표 여상룡·사진)이지난 3월 선보인 홈브랜드 세컨룸을 필두로 상품 다각화에 나섰다. 심리스(seamless) 공법을 홈 인테리어 상품은 물론이고 신발과 가방, 액세서리 등에도 적용해 제품을 다양하게 구성한다는 방침이다. 심리스 공법은 이음새 없이 의류나 모직을 제작하는 방식을 말한다.   세컨스킨은 심리스 공법을 활용해 독자적인 영역을 구축했다. 작년과 재작년 모두 매출 250억원을 넘긴 회사는 심리스 제품이 신축성과 착용감이 뛰어난 장점을 활용해 캐주얼 의류와 임부들에게 유명한 디어맘 브랜드 라인, 키즈 라인 등 다양한 제품군을 선보였다.   세컨스킨의 홈브랜드 세컨룸도 같은 맥락에서 시작됐다. 여상룡 세컨스킨 대표는 ""심리스 공법으로 소비자에게 제공할 수 있는 고사양 품질과 가격 경쟁력을 다양한 제품으로 확장하고 싶었다""며 ""세컨룸의 대표 상품인 촉감쿠션 또한 심리스 공법으로 만들어져 피부에 이질감을 주지않고 숙면을 유도한다""고 설명했다.   세컨스킨은 섬유기계 수출입 업무를 주로 했던 1997년 사업 초기 단계부터 이탈리아와 이스라엘 등지에서 심리스 제품을 다뤄 왔다. 2005년중국 사업부를 설립하고 심리스 제품을 생산해 미국에 수출하기 시작했다. 세컨스킨 브랜드 론칭 시점은 2010년이지만 이미 약 20년 동안 심리스 공법에 투자해 온 셈이다.   세컨스킨의 심리스 공법은 정보기술(IT)이 접목된 전용 설비를 통해 구현된다. 제품 기획 단계에서 디자인과 원사를 선정하면 디지털 프로그램 작업을 거쳐 드로잉 패턴을 심리스 기계 명령어로 전환하는 방식이다. 전환된 명령어는 디스크에 저장돼 심리스 전용 설비에 삽입되는데이때부터 '솔기 없는' 원단 제작이 구현된다. 편직 작업을 마친 원단은 후염색과 봉제 과정을 거쳐 제품으로 완성된다. 세컨스킨은 이 같은작업 방식을 통해 5000개의 입체성형 니팅 생산 프로그램 콘텐츠를 보유하게 됐고, 매년 500개의 프로그램을 개발하고 있다. 또 내년 6월 가동 목표로 익산에 약 2000㎡ 규모 스마트 공장을 짓고 있다.    [이진한 기자]      ☞ 조용히 사서 묻어놔라! 6月 정말 큰돈 된다! ☞ 세계최초 항암제 개발! 신라젠 놓쳤다면, 이 종목 잡아라!! ☞ 세계 최초 신약! 1,500% 신라젠 능가할 단돈 4천원대 Bio 황제주!!! ☞ 6月 반드시 주목해야될 Best 바이오 종목!!      [ⓒ 매일경제 & mk.co.kr, 무단전재 및 재배포 금지]"
222,6,"2018-06-06","17:29:38","현대리바트 인테리어 매장 어느새 1100개","현대리바트 주방가구 1분기 매출이 전년 동기 대비50% 가까이 성장하는 등 연초부터 고신장세를 기록하고 있다.   6일 현대리바트에 따르면 올해 1분기 가구 부문 매출은 전년 대비 20.6% 신장했다. 특히 주방가구는 1분기 매출이 전년 대비 47.1% 증가해 가구 부문 매출 신장세를 이끌고 있다. 이 같은 실적은 공격적인 영업망 확장과 서비스 강화 노력이 주효했던 것으로 분석된다.   현대리바트는 작년 하반기부터 주방가구 영업 전략을 기존 직영점·대리점 중심에서 인테리어 전문점 중심으로 전환했다. 인테리어 전문점은주방가구, 도배 등 인테리어 시공 업체로서 주거 밀집지역에 위치해 있어 고객에게 리바트 주방가구 제품을 효과적으로 알릴 수 있다. 이에따라 150곳(2016년)에 불과했던 인테리어 전문점이 올 들어 1100곳을 돌파했다.   시공과 애프터서비스(AS)를 모두 리바트 본사에서 맡아 서비스 품질을 높인 것도 실적 호조에 한몫했다. 현대리바트는 주방가구 전문 시공팀을 지난해 80팀에서 올해 135팀으로 70% 늘렸다. '당일 시공·당일 하자보수 완료'를 앞세운 차별화된 서비스로 고객 만족도도 높였다. 올해1분기 주방가구 판매량은 늘었지만, AS 접수 건수는 전년 대비 48% 줄었다.   현대리바트는 2015년 '리바트 키친'이라는 통합 브랜드를 선보이며 주방가구 사업을 강화하는 데 공들여 왔다. 사업 포트폴리오를 기업 간 거래(B2B)에서 기업과 개인 간 거래(B2C)로 전환하며 주방가구 사업 강화를 핵심 과제로 정했다. 이르면 올해 하반기 현대리바트 경기 용인 공장에 '리바트 키친' 전용 생산라인을 추가 구축하고, 2020년 '스마트 리바트 키친 공장(가칭)'을 설립해 주방가구 품질을 높이고 생산량을 크게 늘릴 계획이다.   프리미엄급 주방가구 수요가 증가하고 있는 점을 고려해 1000만원대 이상 고가 제품군을 기존보다 3배 많은 17종으로 확대할 방침이다. 이를통해 현대리바트는 올해 주방가구 부문에서만 매출 700억원을 달성한다는 목표다. 지난해 주방가구 매출은 500억원 수준이었다. 이영식 현대리바트 영업전략사업부장(상무)은 ""올해 강남 등에 대형 리바트 키친 쇼룸을 선보이는 등 브랜드를 고급화해 2020년까지 주방가구 매출 1000 억원을 달성할 것""이라고 말했다.    [안병준 기자]      ☞ 조용히 사서 묻어놔라! 6月 정말 큰돈 된다! ☞ 세계최초 항암제 개발! 신라젠 놓쳤다면, 이 종목 잡아라!! ☞ 세계 최초 신약! 1,500% 신라젠 능가할 단돈 4천원대 Bio 황제주!!! ☞ 6月 반드시 주목해야될 Best 바이오 종목!!      [ⓒ 매일경제 & mk.co.kr, 무단전재 및 재배포 금지]"
222,7,"2018-06-06","17:29:25","KT, '데이터온' 요금제 출시 1주일만에 가입자 16만 명 돌파","KT는 지난달 30일 출시한 '데이터온(ON)' 요금제 가입자가 출시 1주일 만인 지난 5일, 16만 명을 돌파했다고 6일 밝혔다.   데이터온 요금제는 속도 제어 조건으로 무제한 데이터를 제공하는 상품이다. 공급하는 기본 데이터의 수준에 따라 '톡' '비디오', '프리미엄' 등 3가지로 구분된다.   KT 관계자는 ""신규판매 가입자 중 데이터온 요금 선택 비중은 50%를 넘고 20∼30대가 60% 이상일 정도로 고객 호응이 높다""고 말했다.   데이터온 가입 현황을 보면, 월 6만9000원에 매월 기본 데이터를 100GB 제공하는 '비디오' 요금제가 전체 가입의 45%를 차지했다.   데이터온 요금제와 함께 출시한 'LTE 베이직'에는 5일까지 2만5000명 이상이 가입했다. 이 요금제는 월 3만3000원에 데이터 1GB를 제공한다.  김범근 기자(nova@etoday.co.kr)    [종목기사]  ☞ 5G 주파수 경매안 제출…‘최저 3.3兆’막오른 쩐의 전쟁  ☞ [IT업계 ‘AI 개발’ 총력전] ‘음성인식’ 분야 앞서가는 이통3사  ☞ KT, ‘LTE 빔프로젝터’ 출시… 캠핑족홀린다  ☞ KT, 에쓰-오일과 미래형 주유소 개발…앱으로 주유비 결제   [오늘의 핫클릭]  ☞40억 '이것' 통해 벌었다는 남성 알고보니 개인파산한 개그맨 A씨?  ☞현충일, 올바른 태극기 게양법 ""조의를 표하는 '조기'로 달아야""  ☞포브스 혁신기업 순위에 '네이버'ㆍ'셀트리온' 등 올라  ☞센토사섬 '카펠라 호텔'은? 상위 1%가꼽은 럭셔리 호텔  ☞ 美, 北 원산 카지노 투자 기대감 ... 카지노주 급등   ☞'직원 갑질 폭행' 이명희 구속영장 기각법원…한진家 수사 영향은?  ☞[카톡방] 무료 주식 카톡방 신청자수 38만 명 돌파 <업계 최대 카톡방> →카톡방 입장하기!         Copyrightⓒ이투데이, All rights reserved. (무단 전재 및 재배포 금지)   프리미엄 경제신문 이투데이    "
223,1,"2018-06-06","17:26:32","'삼바 분식회계' 7일 첫 증선위… 결론은 안갯속","회계처리 놓고 금감원과 이견 감리위 회의서도 진전 없어..제재 수위 일러야 이달 확정     삼성바이오로직스의 분식회계 여부를 판단할 증권선물위원회가 7일 오전 시작된다. 앞서 세 차례 열린 감리위원회는 뚜렷한 결론을 내리지 못했다.   6일 금융위원회에 따르면 이번 증선위는 재판 형식의 대질심문제로 열린다. 삼성바이오 회계처리를 둘러싸고 금융감독원과 삼성바이오의 견해차가 워낙 크기 때문이다. 제재 여부와 수위는 일러야 이달 중에 확정될 것으로 보인다.  김용범 금융위 부위원장을 위원장으로 한 5명의 증선위원은 감리위 논의를 참고해 징계수위를 결정한다. 증선위원 5명 중 3명은 민간위원이다. 증선위는 '합의제'이기 때문에 여러 차례 회의를 거쳐야 결론이 나올 가능성이 크다. 최종 징계안은 과징금 부분만 5억원이 초과할 경우 금융위원회를 한 번 더 거치고, 나머지 징계는 증선위에서 확정된다.   하지만 삼성바이오 측이 결과에 불복해 행정심판 소송을 내면 장기전으로 갈 가능성이 크다. 앞서 금감원은 삼성바이오에 고의적 분식회계 혐의가 있다며과징금 60억원과 함께 검찰 고발, 대표 해임 권고 등 최고 수위의 징계안을 제시한 바 있다.  최종구 금융위원장은 지난 5일 삼성바이오로직스 분식회계 논란과 관련, ""감리위원 간 의견차가 여전하다. 증선위가 한번으로 끝나진 않을 것 같다. 공정한 진행이 이뤄지도록 하겠다""고 말했다.   증선위도 삼성바이오 분식회계 혐의에 대한 결론을 내리기가 쉽지는 않을 전망이다. 금감원이 삼성바이오의 분식회계 혐의를 입증할 스모킹건(결정적 증거)을 확보하지 못했기 때문이다. 감리위가 똑 부러진 결론을 내리지 못한 이유다.  쟁점은 삼성바이오가 회계기준을 어겨가며 자회사인 삼성바이오에피스의 가치를 부풀렸는지 여부다. 2014년까지 4년 연속 적자를 보던 삼성바이오는 삼성에피스의 기업가치를 장부가에서 시장가치로 바꿨고, 2015년 1조9000억원 흑자로 돌아섰다. 금감원은 이를 분식회계로 봤다. 삼성 측은 외부 회계전문가와 협의해 국제회계기준(IFRS)을 적용한 것으로, 분식회계가 아니라고 주장한다.   회계업계 등에서는 일부 혐의만 인정돼 금감원의 징계안보다 낮은 수위의 징계를 받을 것으로 보는 시각이 많다. 대규모 분식으로 결론이 나면 파장이 너무크기 때문이다.   mskang@fnnews.com 강문순 기자    ▶'모멘텀 집중' 저가에서 매집해둬야 할 상반기 유망주 3선 (지금 확인)   [파이낸셜뉴스 주요뉴스]  → 北 김정은 묵는 호텔 하루 숙박비 '642만원' 누가 지불? → ""선거 알바 클라스가 다르네"".. 선거운동원 '깨방정 댄스' 화제 → ""학원 여교사가 초등생 제자 2명과 성관계"" → 견과류 일주일에 3번이상 먹으면 나타나는 변화 → 국방부에 도착한 두테르테가 가장 먼저본 국산 무기  ▶ <긴급공개> 억대계좌이종목에서 또 터진다!    ※ 저작권자 ⓒ 파이낸셜뉴스. 무단 전재-재배포 금지 "
223,2,"2018-06-06","17:26:27","[부음] 김춘자씨 별세","▲김춘자씨 별세, 현창하(전 남원읍이장협의회장) 창흥 창용 창문 순녀 순량 순정 순심 순진씨 모친상=6일 제주 서귀포 남원의례회관, 발인 8일 오전. 010-2690-3500        ☞ 조용히 사서 묻어놔라! 6月 정말 큰돈 된다! ☞ 세계최초 항암제 개발! 신라젠 놓쳤다면, 이 종목 잡아라!! ☞ 세계 최초 신약! 1,500% 신라젠 능가할 단돈 4천원대 Bio 황제주!!! ☞ 6月 반드시 주목해야될 Best 바이오 종목!!      [ⓒ 매일경제 & mk.co.kr, 무단전재 및 재배포 금지]"
223,3,"2018-06-06","17:26:14","[부음] 조성옥씨 별세","▲조성옥씨 별세, 문신학씨(산업부 원전산업정책국장) 장모상=5일 전남 화순 전남대병원, 발인 8일 오전 10시. (061)379-7433          ☞ 조용히 사서 묻어놔라! 6月 정말 큰돈 된다! ☞ 세계최초 항암제 개발! 신라젠 놓쳤다면, 이 종목 잡아라!! ☞ 세계 최초 신약! 1,500% 신라젠 능가할 단돈 4천원대 Bio 황제주!!! ☞ 6月 반드시 주목해야될 Best 바이오 종목!!      [ⓒ 매일경제 & mk.co.kr, 무단전재 및 재배포 금지]"
223,4,"2018-06-06","17:26:04","[모바일한경] 청와대 국가유공자 오찬에 장하성 실장 부친이 참석한 이유 등","모바일 한경은 PC·폰·태블릿에서 만나는 프리미엄 디지털 서비스입니다.    구독 mobile.hankyung.com   문의 02) 360-4000     ▶청와대 국가유공자 오찬에 장하성 실장 부친이 참석한 이유  ▶부가티 시론부터 코딩 교육까지… 레고의 ‘ 천의 얼굴’  ▶경영은 성과를 내는 게 필요하다  ▶(카드뉴스)무더위와 함께 시작된 생수 전쟁     [ 무료 주식 카톡방 ] 국내 최초, 카톡방 신청자수 38만명 돌파 < 업계 최대 카톡방 > --> 카톡방 입장하기!! 40억 ""이것""통해 벌었다는 남성 알고보니 ""개인파산""한 개그맨 A씨? ▶ <긴급공개> 2분기 이끌 新대장주 BEST 5 억대계좌 이종목에서 또 터진다! >> [바로확인]     관련기사 ""젊은 직장인들 모인다""…강북 도심 부활한 이유가 계속되는 주한미군 철수설에…美 국방장관 결국 백운규 장관 “승천하는 용에 비늘 입히겠다” 등 남편에게 돈 벌어 오랬더니 하는 말이…아내 속앓이 ‘7인의 현자’가 잠 못 드는 이유 등    ⓒ 한국경제 & hankyung.com, 무단전재 및 재배포 금지"
223,5,"2018-06-06","17:25:51","우리은행, 다문화 가정 학생에 장학금","우리다문화장학재단(이사장 손태승·둘째줄 가운데)은 지난 5일 서울 회현동 우리은행 본점에서 ‘다문화 학생 장학금 전달식’을 열어 다문화가정 학생 430명에게 6억원을 전달했다. 우리다문화장학재단은 우리은행과 계열사에서 200억원을 출연해 설립한 공익재단이다. 이번에 선발된 장학생은 베트남 캄보디아 필리핀 등 30개국 출신이다.  우리은행 제공     [ 무료 주식 카톡방 ] 국내 최초, 카톡방 신청자수 38만명 돌파 < 업계 최대 카톡방 > --> 카톡방 입장하기!! 40억 ""이것""통해 벌었다는 남성 알고보니 ""개인파산""한 개그맨 A씨? ▶ <긴급공개> 2분기 이끌 新대장주 BEST 5 억대계좌 이종목에서 또 터진다! >> [바로확인]     관련기사 ""젊은 직장인들 모인다""…강북 도심 부활한 이유가 또… 아파트투유 한때 '먹통', 내집 마련 청약자들 '분통' 계속되는 주한미군 철수설에…美 국방장관 결국 우리은행 다문화장학재단, 다문화 장학생에 6억원 전달 남편에게 돈 벌어 오랬더니 하는 말이…아내 속앓이    ⓒ 한국경제 & hankyung.com, 무단전재 및 재배포 금지"
223,6,"2018-06-06","17:25:36","당국 경고 아랑곳않고···'고금리 장사' 혈안 된 카드사","은행권 가계대출 규제가 강화되면서 서민들이 생계자금 등 급전 마련을 위해 카드론 등 상대적으로 융통이 쉬운 고금리 대출로몰리고 있다. 가계대출 규제의 ‘풍선효과’지만 금리 인상과 경기침체 등과 맞물리면 이들 고금리 차주들이 직격탄을 맞을 수 있어 가계부실의 뇌관이 될 수 있다는 지적이다. 특히 가맹점 수수료 인하로 수익이 줄어든 일부 카드사들이 새로운 수익모델을 찾기보다 기존의 영업행태에 편승하면서 카드론 규모가 급증하고 있다는 분석이다.   6일 금융권에 따르면 신한·삼성·롯데·우리카드 등 7개 전업카드사의 올1·4분기 카드론(장기카드대출) 취급액은 10조6,404억원으로 전년 동기 대비(8조 9,976억원) 18.3%나 급증했다. 분기별 카드론 취급액이 10조원을 넘어선 것은 이번이 처음이다. 주택담보대출 규제에다 가계대출 총량규제, 총부채원리금상환능력비율(DSR) 규제 등이 도입되면서 당장목돈이 필요한 차주들이 한도만 남아 있으면 언제든지 손쉽게 대출할 수 있는 카드론으로 몰렸기 때문이라는 분석이다. 임진 금융연구원 가계부채연구센터장은 “카드론 등 소액 고금리대출은 생활비를 위해 주로 쓰이는 것으로 보이는데 소득이 크게 늘지 않다 보니 이런 고금리로 돈을 빌리는 이들이 여전히 많다”고 경고했다.   문제는 급전이 필요한 서민들이 카드론에 대한 수요가 폭발적으로 늘자 카드사들이 이틈을 비집고 금융당국의 규제를 비웃기라도 하듯 카드론 영업을 확대하고 있다는 점이다. 카드론은 연평균 14% 안팎의 이자가 적용되는 대표적인 제도권 내 고금리 상품이다. 이 때문에 카드사가 고금리 대출을 늘리면 늘릴수록 금리 인상과 경기침체 영향에 직격탄을 맞을 수 있다. 차주의 부실은 물론 과거 LG카드 사태처럼 카드사나 금융지주 전체로 부실이 전이될 수 있다.   실제 우리카드의 경우 전업카드사 7곳가운데 카드론 취급액 증가율이 가장 큰 것으로 나타났다. 우리카드의 올 1·4분기 카드론 취급액은 1조59억원으로 전년 동기 대비(7,530억원) 33.6%나 급증했다. 업계 전체 증가율(18.3%)보다 2배 이상 웃도는 수치다. 현대카드와 삼성카드 역시 같은 기간 카드론 증가율이 각각 26.1%, 25.5%가 급증했다. 1위인 신한카드도 21.2%의 증가율을 보였다. KB국민카드만 카드론 대출이 감소한 것으로 나타났다.   금융권에서는 정부가 카드 가맹점 수수료 인하 등으로 실적이 축소된 카드사들이 외형과 이익보전을 위해 카드론 등 고금리 상품에 대한 마케팅에 열을올리고 있다는 지적이다. 금융당국이 대출 총량규제(전년 대비 7% 이내로 대출 증가율 조정)를 강화할 때는 카드사들이 눈치를 보다가 약간느슨해지는 틈을 타 신규 고객 확보를 위해 잇따라 뛰어들면서 1·4분기에 카드론 규모가 급증했다는 것이다. 일부에서는 지난해 말 대출 총량규제로 대출을 늘리지 못한 카드사들이 1·4분기에 앞다퉈 공격 영업을 하다 보니 한꺼번에 카드론이 몰린 결과라는 분석도 있다. 하지만당국이 가계대출을 억제하라고 지속적으로 권고하고 있지만 이에 아랑곳하지 않고 고금리에 대한 유혹을 떨쳐내지 못하고 있다는 비판을 피하기 어렵다. 금융권 관계자는 “우리카드처럼 사장이 새로 오거나 외형이 작은 카드사들은 빅데이터 등을 활용한 새로운 비즈니스 모델을 만들기 어렵기 때문에 단기적으로 실적을 올릴 수 있는 카드론 등과 같은 고금리대출에 집중할 수밖에 없다”고 말했다. 일부 온라인 커뮤니티에는 “아파트 잔금 부족으로 한 차례 카드론을 썼는데 이후 주기적으로 카드론 재사용을 권하는 전화·문자가 온다”는 등 카드사들의 영업행태를 지적하는 글들이 줄을 잇고 있다. 김정식 연세대 경제학부 교수는 “경기침체 가능성도 있는 만큼 고금리대출의 경우 부실 우려가 높은만큼 면밀한 관리가 필요하다”고 지적했다. /김민정·김기혁기자 jeong@sedaily.com    ▶▶ 2018년 정부 정책 수혜주 TOP 10 大공개! (바로 확인)  ▶▶ 재료노출 임박한 상위1%의 극비정보 30명한정 공개(무료)    [ ⓒ 서울경제, 무단 전재 및 재배포 금지]"
223,7,"2018-06-06","17:25:15","[동정] 안민정책포럼(이사장 백용호)","◇안민정책포럼(이사장 백용호)이 8일 오전 7시 30분 포럼 위공세미나실에서 박지향 서울대 서양사학과 교수를 초청해 '보수란 무엇인가'라는 주제로 조찬 세미나를 개최한다. 박지향 교수는 이날 베스트셀러인 저서 '정당의 생명력-영국 보수당' 내용에 대해 직접 강의할 예정이다.       ☞ 조용히 사서 묻어놔라! 6月 정말 큰돈 된다! ☞ 세계최초 항암제 개발! 신라젠 놓쳤다면, 이 종목 잡아라!! ☞ 세계 최초 신약! 1,500% 신라젠 능가할 단돈 4천원대 Bio 황제주!!! ☞ 6月 반드시 주목해야될 Best 바이오 종목!!      [ⓒ 매일경제 & mk.co.kr, 무단전재 및 재배포 금지]"
224,1,"2018-06-06","17:19:59","[블록포스트]美 증권거래위원회, 암호화폐 전담부서 신설","디지털자산·혁신부 수장에 발레리 슈체파닉 사후규제 중심 정책, 균형 잡아갈지 관심     미국 증권거래위원회(SEC)가 암호화폐 관련 전담부서를 신설하고 책임자 '크립토 차르(암호화폐 시장 군주)'를 선임하면서 SEC가 암호화폐 관련 정책의 균형을 잡아갈 수 있을지 전세계의 비상한 관심이 쏠리고 있다.  그동안 SEC는 암호화폐와 암호화폐공개(ICO) 과정에서 발생하는 스캠이나 사기행위 등을 적발하는 규제에 주력해 왔는데, 전문가들은 SEC가 건전한 시장 조성 및 확산과 규제의 균형을 맞춰야 한다고 조언해 왔다.   시장에서는 SEC의 크립토 차르 임명이 균형잡힌 정책을 위한 첫 조치가 될 수 있다는 기대감이 나오고 있다.   6일 관련업계에 따르면 SEC는 디지털자산·혁신부를 신설하고 역대 첫 크립토 차르에 발레리 슈체파닉을 내정했다.   슈체파닉은 신설된디지털자산·혁신부 선임자문 겸 기업금융부 준이사를 맡을 예정이다. 암호화폐에 증권법을 적용하는 문제와 관련해 SEC 부서별 업무를 조율하는 역할을 하게 된다.  ■""첫 크립토 차르, 투자자보호와 기술혁신의 중요성 인식하는 인물""   1997년 SEC에 합류한 그는 최근까지 SEC 집행부 사이버부문 부이사로 활동해왔다. 현재 분산원장기술 워킹그룹 총괄 겸 다크웹 워킹그룹 공동총괄이면서 SEC 핀테크 워킹그룹 일원이다.   제이 클레이튼 SEC 위원장은 ""슈체파닉은 미래성·리스크를 동시에 갖춘 역동적 시장 발전을 위한 각 부서 노력을 조율할 만한 적임자""라고 평가했다. 또 ""슈체파닉 리더십은 SEC 내부는 물론 국내외 규제당국에서도 널리 인정을 받고 있다""며 ""투자자보호와 동시에 기술혁신의 중요성을 누구보다 잘 인식하고 있는 데다 검증된 역량과 경험까지 고루 갖춘 인물이기에 이번 역할의 적임자라는 판단이 섰다""고 말했다.   이번 임명은 최근 SEC가 투자자 보호 노력을 강화하고 있는 가운데 나온 소식이다. 지난달 SEC는 투자자들에게 사기위험 경각심을 불러일으키기 위해 가짜 가상화폐공개(ICO) 웹사이트를 개설했다. 해당 사이트를 클릭하면 '당신은 지금 속을 뻔 했다'는 문구가 떠 있는 SEC 홈페이지로 연결된다.  ■""SEC 암호화폐대응 전환점 될 것""...시장 기대감   SEC가 암호화폐를 담당할 부서를 신설하고 그 책임자로 슈체파닉을 임명한 것이 향후 SEC가 암호화폐에 대응하는데 있어서 하나의 전환점이 될 수 있다고 코인데스크는 전망했다.  그동안 SEC는 암호화폐와 ICO 과정에서 발생하고 있는 스캠이나 사기행위 등을 적발하는 등 사후규제에 주력하던 SEC에 대해 많은 당국자들은 보다 균형잡힌 규제 필요성을 강조해왔다. 제이 클레이튼 SEC 위원장 역시 이날 ""슈체파닉은 전도유망함과 리스크를 동시에 가지고 있는 암호화폐라는 역동적 시장을 책임질 수 있는 적임자""라고 말했다.    godblessan@fnnews.com 장안나 기자  ▶'모멘텀 집중' 저가에서 매집해둬야 할 상반기 유망주 3선 (지금 확인)   [파이낸셜뉴스 주요뉴스]  → 北 김정은 묵는 호텔 하루 숙박비 '642만원' 누가 지불? → ""선거 알바 클라스가 다르네"".. 선거운동원 '깨방정 댄스' 화제 → ""학원 여교사가 초등생 제자 2명과 성관계"" → 견과류 일주일에 3번이상 먹으면 나타나는 변화 → 국방부에 도착한 두테르테가 가장 먼저본 국산 무기  ▶ <긴급공개> 억대계좌 이종목에서 또 터진다!    ※ 저작권자 ⓒ 파이낸셜뉴스. 무단 전재-재배포 금지 "
224,2,"2018-06-06","17:19:54","[블록포스트]'제2의 인터넷 혁명' 블록체인 정책 밑그림 이달 나온다","인증된 참여자들 중심으로'프라이빗 블록체인' 육성 제도권 유인이 우선 목표..  ICO 가이드라인은 빠질 듯 블록체인 관련 협회 '빅2'  업계 목소리 전달 동분서주         정부가 이달 중 블록체인을 기반으로 '제2의 인터넷 혁명'을 주도하기 위한 기본 계획을 제시할 계획이다. 우선 정부는 인증된 참여자들이 블록체인 기술을 활용할 수 있는 프라이빗 블록체인(허가형 분산원장) 산업 육성에 방점을 찍을 것으로 보인다. 암호화폐공개(ICO)에 대한정부 공식 입장은 이달 발표될 정부 계획에는 포함되지 않을 것으로 알려지고 있다. 금융위원회등 관계부처와 협의가 끝나지 않은 탓이다.   정부의 블록체인 정책 윤곽이 잡히면서 정책에 따라 기업들과 함께 생태계 확장을 주도할 민간 협회들의 움직임도 분주해지고 있다. '빅2'로 꼽히는 한국블록체인협회와 오픈블록체인산업협회는 각각 법·제도 개선 요구사항을 제시하는가하면 신규 비즈니스모델(BM) 개발을 지원할 생태계 조성을 위해 동분서주하고 있다.   ■정부, 프라이빗 블록체인부터 제도권에 넣는다...ICO 가이드라인은 보류   6일 국회 및 관련 업계에 따르면 과학기술정보통신부가 이달 중 발표할 '블록체인 산업발전 기본계획(가칭)'의 핵심은 '프라이빗 블록체인' 산업 육성이 될 것으로 예상된다.   즉 비트코인 처럼 누구나 네트워크에 참여할 수 있는 퍼블릭 블록체인은 다음과제로 넘겨두고, 인증된 참여자들(특정기관들)만 이용할 수 있는 '프라이빗 블록체인'을 제도권으로 끌어들인다는게 정부 계획이라는 것이다.   특히 정부 안팎에서는 모바일 헬스케어 관련 빅데이터를 블록체인과 접목하는 방안이 추진되고 있는 것으로 전해졌다.   산업 건전성 확보를 위한 암호화폐공개(ICO) 가이드라인도 이번 계획에 포함돼야 한다는 목소리가 높지만, 관계부처와 금융당국 간 협의 불발로 이번 안에는 포함되지 않을 것으로 알려졌다.   한 블록체인 단체 관계자는 ""퍼블릭 블록체인을 포함해 ICO 가이드라인 등이 총망라되면 좋겠지만, 우선 특정 테두리 안에 모여 있는 파트너들끼리 금융·의료 등 각각의 서비스에 맞게 프라이빗 블록체인을 구현할 수 있도록 지원해주는 것만이라도 반갑다""고 말했다.   ■'암호화폐거래소 자율규제심사' 결과 발표 임박   정부가 블록체인 생태계 발전에 드라이브를 걸면서 기업들의 목소리를 대변할 민간협회들의 움직임도 분주해지고 있다.   특히 진대제 전 정보통신부 장관(스카이레이크 인베스트먼트 회장)이 초대 회장을 맡은 한국블록체인협회와 SK텔레콤 오세현 블록체인 사업개발유닛장이 주도하는 오픈블록체인산업협회가 상호 활발한 교류를 통해 산업전반을 이끌고 있다는게 업계의 평가다.   한국블록체인협회는 진 회장을 중심으로 김홍기 전 삼일회계법인 대표, 전하진 전 국회의원, 우태희 전 산업통상자원부 2차관 등이 각각 자율규제와 블록체인 산업발전 등을 맡고 있다.   정부의 기본계획이 나오는 시점을 전후로 자체 암호화폐거래소 자율규제 심사 결과를 발표할 예정이다. 또한 강력한 자율규제안을 통과한 거래소에 대해서는 은행 신규계좌를 발급받을 수 있는 물꼬도 틔울 계획이다.   이와 함께 블록체인 교육 시스템 및 커뮤니티 강화를 위해 2주에 한 번씩 서울 양재동 스카이레이크 인베스트먼트 회의실에서 조찬 세미나도 열고 있다.   오픈블록체인산업협회는 한국전자통신연구원(ETRI)과 한국보건의료연구원을 비롯해 SK텔레콤, LG유플러스, 카카오 등 정보통신기술(ICT) 업체, 신한은행과 하나은행 등이 대거 참여했다. 회원사 면면에서 확인할 수 있듯이 기술과 BM 발굴에 좀 더 초점이 맞춰져 있다. 회원사들 중 실제 블록체인 서비스로 두각을 드러내고 있는 곳은 메디블록이다. ICO 절차도 마친 메디블록은 블록체인 기반 의료정보 오픈 플랫폼을 개발 중이다. 구글 인공지능(AI) '알파고'로 유명한 딥마인드가 환자 데이터 수집 논란에 대응하기 위해 헬스케어 분야에 블록체인 기술을 도입한 것과 같은 맥락이다.   또한 오픈블록체인산업협회는 '토큰 이코노미(암호화폐 경제)'에도 관심이 높은 것으로 전해졌다. 이는 기업들의 각종 마일리지 프로그램과도 연계될 수 있다는 분석이다.     elikim@fnnews.com 김미희 기자  ▶'모멘텀 집중' 저가에서 매집해둬야 할 상반기 유망주 3선 (지금 확인)   [파이낸셜뉴스 주요뉴스]  → 北 김정은 묵는 호텔 하루 숙박비 '642만원' 누가 지불? → ""선거 알바 클라스가 다르네"".. 선거운동원 '깨방정 댄스' 화제 → ""학원 여교사가 초등생 제자 2명과 성관계"" → 견과류 일주일에 3번이상 먹으면나타나는 변화 → 국방부에 도착한 두테르테가 가장 먼저본 국산 무기  ▶ <긴급공개> 억대계좌 이종목에서 또 터진다!    ※ 저작권자 ⓒ 파이낸셜뉴스. 무단 전재-재배포 금지 "
224,3,"2018-06-06","17:19:48","[블록포스트]디도스 공격에 한시간 거래 중단..  비트피넥스 ""계좌 잔고 문제없어""","세계 최대 암호화폐 거래소인 비트피넥스가 또다시 디도스(DDoS· 분산서비스 거부) 공격으로 5일 오전 한시간 가량 거래가 중단됐다. 비트피넥스는 오전 11시 이후 거래소 운영이 정상적으로 이뤄지고 있고고객 계좌의 잔고등에는 문제가 없다는 입장을 밝혔다.  세계 최대 암호화폐 거래소인 비트피넥스가 또다시 디도스(DDoS·분산서비스 거부) 공격으로 한때 거래를 중단됐다.   6일 관련업계에 따르면 비트피넥스는 지난 5일 아침 디도스 공격을 받아 한 시간쯤 거래가 중단됐다. 이후 비트넥스 관계자는 오전 11시부터는 거래소 운영이 정상적으로 이뤄지고 있다고 입장을 밝혔다.   비트피넥스 관계자는 ""거래 운영에만차질이 생겼을 뿐 사용자 계정, 이들 자금이나 계좌 잔고 등에는 전혀 이상이 없었다""며 ""계속해서 상황을 면밀히 주시하고 있다""고 덧붙였다.   비트피넥스는 개인간(P2P) 비트코인 거래소로 지난 2012년 홍콩에서 탄생했다. 이후 다른 암호화폐들을 거래대상으로 추가했다.   이번 소식에 비트코인 가격은 2.2%나 하락, 장중 저점을 기록했다. 한때 7360달러로까지 떨어졌다가 안정을 되찾는 모습이다. 코인데스크에 따르면 5일(현지시간) 오후 7시58분 기준, 24시간 전보다 1.67% 오른 7615.95달러에 거래됐다.   비트피넥스는 지난해 말에도 여러 차례 디도스 공격을 받은 바 있다. 지난 2016년 8월에도 해킹 공격으로 비트코인 12만개를 잃으며 6800만달러(약 728억2800만원) 손실을 입었다.   일본 암호화폐 거래소인 코인체크 역시 올해 초 해킹 공격으로 넴(NEM) 등 5억달러에 달하는 암호화폐를 도난당했다. 넴은 시가총액 기준 10위에 해당한다. 이후 코인체크는 일본 3위 온라인 증권사인 모넥스에 매각됐다.         godblessan@fnnews.com 장안나 기자  ▶'모멘텀 집중' 저가에서 매집해둬야 할 상반기 유망주 3선 (지금 확인)   [파이낸셜뉴스 주요뉴스]  → 北 김정은 묵는 호텔 하루 숙박비 '642만원' 누가 지불? → ""선거 알바 클라스가 다르네"".. 선거운동원 '깨방정 댄스' 화제 → ""학원 여교사가 초등생 제자 2명과 성관계"" → 견과류 일주일에 3번이상 먹으면나타나는 변화 → 국방부에 도착한 두테르테가 가장 먼저본 국산 무기  ▶ <긴급공개> 억대계좌 이종목에서 또 터진다!    ※ 저작권자 ⓒ 파이낸셜뉴스. 무단 전재-재배포 금지 "
224,4,"2018-06-06","17:19:42","[블록포스트]ICO 열풍에 올라탄 스팀잇·텔레그램 '폭풍성장'","스팀잇, 게시글 올리면 암호화폐로 보상받는 체계 텔레그램, 최대강점은 보안 '비밀대화' 대표 메신저로 ICO정보창구 역할 톡톡 카톡·네이버 블로그 등 토종SNS 입지 갈수록 위축         블록체인과 암호화폐 인기를 타고 스팀잇, 텔레그램 같은 외국계 소셜네트워크서비스(SNS)의 국내 이용률이 급속히 높아지고있다. 암호화폐가 24시간 거래되는 글로벌 상품으로 자리잡으면서 해외 관계자들과 수시로 소통하기 위해서는 글로벌 SNS가 편리하다는게 관계자들의 분석이다.  게다가 외산 SNS들은 정부의 각종 규제를 피할 수 있을 정도로 보안이 철저한데다 블록체인 기반 보상체계 까지 갖춰 블록체인, 암호화폐 관련 산업에서는 필수 소통수단으로 자리잡았다는게 관련업계의 분석이다.   이 때문에 그동안 국내시장을 굳건히 지켜온 카카오톡,, 네이버 밴드 등 국산 SNS들이 자리를 위협받는 것은 아닌지 걱정도 나오고 있다.   6일 과학기술정보통신부 2017 인터넷이용 실태조사 결과와 관련 업계에 따르면 만 6세 이상 국내 인터넷 이용자들이 즐겨 사용하는 SNS는 페이스북(62%), 카카오스토리(47.6%), 인스타그램(30.5%), 네이버밴드(29.7%), 네이버블로그(28.2%) 순으로 나타났다.  주로 이용하는 모바일 메신저는 카카오톡이 압도적 우위(99.4%)를 점하고 있는 가운데 페이스북 메신저(27.5%)로 소통하는 사람도 늘고 있다.  ■블록체인-암호화폐 업계선 텔레그램이 대세   그러나 이 얘기는 블록체인과 암호화폐 관련 업계로 오면 달라진다. 주로 글로벌 커뮤니티를 중심으로 운용되는 블록체인이나 암호화폐공개(ICO) 관계자들는 블록체인 기반 글로벌 소셜미디어 '스팀잇'과 독일계 메신저 '텔레그램'을 주로사용한다.  2016년 4월 출범한 스팀잇은 게시물을 올린 사람에게 암호화폐로 보상 해준다. 이용자들이 올린 글과 사진들에 대해 다른 이용자가 공감을 표시하면, 해당 추천 수에 비례해 자체 암호화폐인 '스팀'을 지급한다.   특히 스팀잇은 블록체인과 ICO 관련정보가 지속적으로 모이면서, 또 다른 정보 플랫폼 역할을 톡톡히 하고 있다는 평가다. 그 결과, 스팀잇 방문 국가 트래픽 순위에서 한국이미국 다음으로 가장 높은 것으로 나타났다.   2014년 10월에 불거진 '사이버 망명'의 주인공인 텔레그램 역시 최근 ICO 관련 정보창구로 자리매김하고 있다.   ICO를 추진 중인 한 업체 관계자는 ""암호화폐시장에서는 보안이 중요하기 때문에 1:1로 비밀대화를 할 수 있는 텔레그램이 대표 메신저로 자리를 잡았다""며 ""스팀잇 역시 글로벌 네트워크 확장은 물론 글을 쓰면서 보상을 받을 수 있다는 점에서 현재 상용화된 블록체인 서비스 중 가장 활발히 이용되고 있다""고 전했다.  ■토종SNS들, 보안강화-글로벌 서비스 등 대책 필요   외산 SNS 확산이 블록체인이나 ICO등 특정 산업 분야에서만 발생하는 특이한 사례는 아니라는 지적도 제기되고 있다.  일명 '드루킹 사건'에서도 드러난 것처럼 정치인이나 디지털 전문가들은 이미 보안이 보장되는 글로벌 SNS를 기본 소통창구로 활용하고 있다는 것이다.  2014년 당시 검찰이 인터넷 검열을 강화하기 위해 '사이버 명예훼손 전담수사팀'을 신설하는등 카카오톡 감시에 대한 불안감이 높아지면서 소통창구를 텔레그램으로 바꾸는 사례가 늘어난 이후 지속적으로 외산SNS 사용이 늘어나고 있는 셈이다.  이에대해 인터넷 업계 한 전문가는 ""카카오톡 등 국산 SNS들도 보안을 강화한 서비스 업그레이드와 글로벌 서비스를 확장하는 등 대책을 세워야 한다""며 ""국내에서 사용시간이 가장 긴 서비스 자리를 유튜브가 처지한 것처럼 SNS도 순식간에 시장을 내줄 수 있는게 인터넷 산업이어서 한국 기업들도 발빠른 대응책을 세워야 한다""고 조언했다.      김미희 기자       ▶'모멘텀 집중' 저가에서 매집해둬야 할 상반기 유망주 3선 (지금 확인)   [파이낸셜뉴스 주요뉴스]  → 北 김정은 묵는 호텔 하루숙박비 '642만원' 누가 지불? → ""선거 알바 클라스가 다르네"".. 선거운동원 '깨방정 댄스' 화제 → ""학원 여교사가 초등생 제자 2명과 성관계"" → 견과류 일주일에 3번이상 먹으면 나타나는 변화 → 국방부에 도착한 두테르테가 가장 먼저본 국산 무기  ▶ <긴급공개> 억대계좌 이종목에서 또 터진다!    ※ 저작권자 ⓒ 파이낸셜뉴스. 무단 전재-재배포 금지 "
224,5,"2018-06-06","17:19:37","[블록포스트]인니 암호화폐 선물거래 '청신호'","인도네시아에서 암호화폐 선물거래를 허용할 조짐을 보이고있다고 6일 현지 언론들이 보도했다.  일간 자카르타포스트등 현지 주요 언론에 따르면 인도네시아 선물거래감독원은 암호화폐를두고 ""선물거래소에서 거래될 수 있는 상품""이라고 결론냈다.  다르마 요가 선물거래감독원장은 ""4개월에 걸친 조사 끝에 내린 결정""이라며 ""이번 결정을 공식화하기 위한 법령에 서명했다""고 밝혔다. 인도네시아에서 비트코인 선물상품이출시될 수 있는 길이 열린 셈이다.   그러면서 ""암호화폐 거래소 및 관련 세제를 둘러싼 규정들도 중앙은행과 국세청이 발표할 예정""이라고 덧붙였다.   인도네시아 중앙은행은 지난해 말 현지 비트코인 결제를 금지하겠다고 밝힌 바 있다. 이후 암호화폐를 법적 결제수단으로 인정하지 않는다는 입장도 나타냈다. 당시 비트코인 거래소와 관련한 언급은 나오지 않았다.   요가 감독원장은 이어 포괄적 규제 틀을 마련하기 위해 현지 암호화폐 거래소들에 규제안을 제출하도록 요청할 계획이라고 강조했다.        godblessan@fnnews.com 장안나 기자  ▶'모멘텀 집중' 저가에서 매집해둬야 할 상반기 유망주 3선 (지금 확인)   [파이낸셜뉴스 주요뉴스]  → 北 김정은 묵는 호텔 하루 숙박비 '642만원' 누가 지불? → ""선거 알바 클라스가 다르네"".. 선거운동원 '깨방정 댄스' 화제 → ""학원 여교사가 초등생 제자 2명과 성관계"" → 견과류 일주일에 3번이상 먹으면 나타나는 변화 → 국방부에 도착한 두테르테가 가장 먼저본 국산 무기  ▶ <긴급공개> 억대계좌 이종목에서 또 터진다!    ※ 저작권자 ⓒ 파이낸셜뉴스. 무단 전재-재배포 금지 "
224,6,"2018-06-06","17:19:04","'사내벤처 요람' 삼성 C랩","삼성전자가 사내벤처 육성 프로그램 ‘C랩(Creative Lab)’의 3개 우수 과제를 선정해 창업을 지원한다.   삼성전자는 6일 C랩의 3개 우수 과제가 스핀오프(spin-off)해 독립한다고 밝혔다. C랩은 삼성전자가 창의적 조직 문화를 확산하기 위해 2012년 도입한 사내벤처 육성 프로그램으로, 임직원들이 낸 우수 아이디어의 사업화를 지원한다. 지금까지 총 34개 스타트업이 배출됐다.  이번에 스핀오프하는 과제는 △사물인터넷(IoT)을 활용해 가정용 채소 재배 솔루션을 개발한 ‘아그와트(AGWART)’ △초소형 포터블 지향성 스피커를 개발한 ‘캐치플로우(CATCH FLOW)’ △테이터 기반으로 인터뷰가 필요한 기업에게 적합한 사람을 찾아주는 플랫폼을 개발한 ‘포메이커스(FOR MAKERS)’다.   생활가전사업부 개발자들이 주축이 된 아그와트는 스마트 가전 기술로 가정에서 간편하게 채소를 재배할 수 있는 ‘플랜트 박스’를 개발했다. 플랜트박스는 소형 냉장고와 유사한 형태로, 기르고 싶은 채소의 씨앗 캡슐을 재배기에 넣으면 씨앗의 종류에 따라 빛· 온도·습도·공기질 등 최적의 환경이 자동 설정된다. 스마트폰 앱을 통해 모든 과정을 모니터링하고 제어할 수 있다.   캐치플로우는 주변에는 소리가 들리지 않고 스피커 앞에 있는 사용자만 들을 수 있는 지향성 스피커를 개발, 시중 제품보다 크기를 크게 줄이는 데 성공했다. 포메이커스는 데이터 기반으로 기업에 적합한 인터뷰 대상자를 추천해주는 리서치 플랫폼 ‘앱비’를 개발했다.  이재일 삼성전자 창의개발센터장은 “지금까지 임직원 130여명이 스타트업 창업에 도전해 34개 기업을 설립했다”면서 “이들이 외부에서 고용한 인원만 약 170명에 달한다”고 말했다.  /한재영기자 jyhan@sedaily.com    ▶▶ 2018년 정부 정책 수혜주 TOP 10 大공개! (바로 확인)  ▶▶ 재료노출 임박한 상위1%의 극비정보 30명한정 공개(무료)    [ⓒ 서울경제, 무단 전재 및 재배포 금지]"
224,7,"2018-06-06","17:18:48","서울 대형개발, 선거후 줄줄이 수면 위로","서울시가 재건축 안전진단 강화를 계기로 가까스로안정세로 접어든 집값에 다시 기름을 부을까 우려해 미뤘던 강남·도심권 대형 개발정책이 6·13 지방선거 이후 줄줄이 쏟아질 전망이다.   선거를 앞두고 서울시는 연초부터 문재인정부의 경제정책 1순위인 '집값 잡기'에 적극 동참하겠다는 의사를 공개적으로 피력했다. 강북 지역지지층이 두꺼운 박원순 시장(현재 후보)으로서도 강남을 비롯해 집값이 비싼 지역 개발정책을 선거 전에 내놓는 것이 유리하지 않다고 판단해 공개를 늦춘 것으로 파악된다.   6일 서울시와 부동산업계에 따르면 서울시가 올 상반기 발표한 주요 개발정책은 △사당·수색 등 수도권 접경지역 12곳 관문도시 조성 △서울숲 일대 기본 구상 △창동·상계문화산업단지 조성 등 강북과 외곽 지역에만 집중됐다. 집값이 높고 개발정책이 가격에 미칠 영향이 클 것으로 예상되는 △용산마스터플랜(통합개발계획) △삼성동 현대자동차 글로벌비즈니스센터(GBC) 건립 △강남·여의도 일대 아파트 지구 단위 계획 등 강남·도심권 정책은 뒤로 미뤄졌다.   복수의 서울시 도시개발 관련 담당자는 ""내놔야 할 개발 계획이 많은데 진정된 집값에 다시 기름을 부을까 봐 걱정스럽다. 엄청 눈치가 보이는 게 사실""이라고 얘기해왔다. 실제 지난 3월에는 7일로 예정됐던 도시계획위원회, 14일로 예정됐던 도시건축공동위원회 등 도시개발과 관련한 주요 회의 일정이 잇따라 취소됐다. 안건 미달이 취소 이유였다.   하지만 지방선거가 마무리되면 그간 미뤄졌던 서울의 대형 개발 프로젝트가 잇따라 수면 위로 모습을 드러낼 전망이다. 이달 21일이나 28일께 삼성동 현대차그룹 GBC 건립 안건이 최종 관문인 수도권정비위원회에 상정될 예정이다. 앞서 지난해 12월과 올해 3월 두 차례 정비위원회에서는 GBC로 그룹을 이전한 후 양재동 사옥에 추가 배치될 인력 계획이 명확하지 않다며 안건을 보류했다.   이번 정비위원회를 통과하면 GBC는 7~8월 중으로 최종 건축 허가를 받아 9월께 착공할 수 있다.    서울 서북권 최대 개발 프로젝트인 상암 롯데몰 개발 계획안도 이르면 이달 27일 도시건축공동위원회에 상정될 예정이다. 서울시와 롯데 측은 지난달 23일 두 달간의 협상 시한을 두고 최종 협의안을 도출키로 합의했다. 따라서 늦어도 7월이면 5년 넘게 표류해온 상암 롯데몰 개발 로드맵이 윤곽을 드러낼 것으로 보인다. 이와 맞물려현재 서울시와 코레일이 함께 준비하고 있는 '상암·수색 일대 마스터플랜'도 이르면 8~9월께 공개될 예정이다.   이미 작년 말 외부 연구용역이 마무리된 용산마스터플랜은 8월 초에 공개될 가능성이 높다. 당초 지난 3월 발표가 유력했지만 서울시가 3월말과 6월 말로 두 번이나 용역 기한을 연장하면서 미뤄왔다. 용산구 핵심 관계자는 ""용산마스터플랜은 이르면 7월 말, 늦어도 8월 초중순이면 공개가 가능할 것""이라고 말했다.   이 밖에 대치동 은마아파트와 잠실주공5단지 등 지지부진했던 강남권 랜드마크 아파트 재건축에 대한 인허가도 3분기 중 속도를 낼 것으로 예상된다. 지난 2일 정기총회를 열고 국제 설계 공모 결과에 따른 재건축 설계안을 통과시킨 잠실주공5단지는 해당 내용을 담은 정비 계획을 다음달 서울시 도계위 수권소위원회에 올릴 예정이다. 이 밖에 여의도 아파트지구 마스터플랜과 지구 단위 계획도 이르면 10~11월 공개될 예정이다.   서울시 한 관계자는 ""내부적으로 선거 이전에 강남권 개발 계획이 발표되면 강북이 묻힐 수 있다는 데 대한 우려가 큰 게 사실""이라며 ""선거가 끝나야 강남과 도심 지역 정책들을 본격적으로 알릴 수 있을 것""이라고 말했다.    [최재원 기자]      ☞ 조용히 사서 묻어놔라! 6月 정말 큰돈 된다! ☞ 세계최초 항암제 개발! 신라젠 놓쳤다면, 이 종목 잡아라!! ☞ 세계 최초 신약! 1,500% 신라젠 능가할 단돈 4천원대 Bio 황제주!!! ☞ 6月 반드시 주목해야될 Best 바이오 종목!!      [ⓒ 매일경제 & mk.co.kr, 무단전재 및 재배포 금지]"
225,1,"2018-06-06","17:15:37","[바이오USA]""인보사, 美서 근본적 치료제로 승인 받을 것""","“오는 2021년에는 미국에서 무릎 골관절염 유전자 치료제인 ‘인보사’의 임상 3상을 완료해 2023년 출시하는 게 목표입니다.근본적 치료제(DMOAD)로 승인받을 수 있도록 철저하게 준비하고 있습니다.”  이범섭(사진) 코오롱티슈진 대표는 5일(현지시간) 미국보스턴 전시컨벤션센터에서 기자들과 만나 “세계 최초의 유전자 치료제가 한국에서 엄격한 검증을 거쳐 나온 만큼 외국에서도 반응이 좋다”며 향후 계획을 밝혔다.  인보사는 세계 최초의 골관절염 유전자 치료제다. 외과 수술 없이 골관절염 환자의 관절강(뼈와 뼈 사이의 틈새)에 주사해 통증을 완화해주는 게 특징이다. 코오롱티슈진은 7월부터 향후 3년간 환자 1,020명을 대상으로 미국에서 임상 3상을 진행할 예정이다. 1년간 156명을 대상으로 진행됐던 한국에서의 임상 3상에 비해 기간과 임상 환자 수를 크게 늘렸다. 골관절염 치료제 가운데 인보사가 세계 최초로 근본적 치료제로 허가받기 위한 포석이다.  이 대표는 “한국에서 임상 3상 환자들을 3년간 추적관찰한 결과 인보사 투약 후 연골뿐 아니라 뼈까지 좋아졌다는 결과를 확인했다”며 “구조 개선을 확인하기 위해서는 (미국에서는) 2년 이상의 임상 기간이 필요하다”고 설명했다.   앞서 인보사는 지난해 11월 국내에서 판매한 지 7개월 만에 시술 건수 1,000건을 넘어섰다. 메디포스트의 줄기세포 기반 퇴행성 관절염 치료제 ‘카티스템’이 22개월 만에 누적 시술 1,000건을 기록한 것과 비교하면 빠른 속도다.   그러나 한국 식품의약품안전처에서 무릎 연골 재생 효과를 인정하지 않으면서 효능에 의문을 제기하는 목소리도 높다. 이에 대해 이 대표는 “늘어난 임상 기간과 환자 수를 통해 의혹을 해소할 것”이라며 “경쟁사인 머크의 경우 개발하는 후보물질이 통증을 전혀 완화하지 못해 근본적 치료제 지정을 받기도 어렵고 임상 2상도 다시 해야 한다”며 인보사의 우수성을 강조했다.  코오롱티슈진은 향후 진행할 미국 임상 3상에 X레이와 자기공명영상(MRI) 분석을 모두 진행할 방침이다. X레이로는 뼈만 보이지만 MRI로는 연골과 관절 간격, 염증 여부 등도 보이는 만큼 인보사의 효과를 확실히 입증하겠다는 전략이다. 이 대표는 “현재 전 세계 다국적 제약사들과 시판과 관련해 논의하고 있다”면서 “마케팅 준비기간을 고려해 올해 말 판매사를 최종 선정할 것”이라고 강조했다. /보스턴=김지영기자    ▶▶ 2018년 정부 정책 수혜주 TOP 10 大공개! (바로 확인)  ▶▶ 재료노출 임박한 상위1%의 극비정보 30명한정 공개(무료)    [ⓒ 서울경제, 무단 전재 및 재배포 금지]"
225,2,"2018-06-06","17:15:36","주연테크 게이밍PC '리오나인 익스트림' 4종 출시","주연테크는 배틀그라운드 등 고사양 게임과 스트리밍 방송에 최적화된 하이엔드 게이밍 데스크톱 PC 시리즈 '리오나인 익스트림' 4종을 출시했다고 6일 밝혔다.  이번에 출시한 리오나인 익스트림 LEX 10G는 8세대 인텔 코어K프로세서 i7-8700K를 탑재했다. 인텔 Z300칩셋 메인보드를 통해 성능을 더 높일 수 있다. 현재 가장 성능이뛰어나다고 평가받는 그래픽 카드 지포스 GTX 1080ti를 달았다. 고사양 그래픽이 필요한 게임을 원활하게 즐길수 있다. 코어 온도에 따라 색상이 변하는 발광다이오드(LED) 조명도 취향에 맞게 설정할 수 있다.  케이스는 강화유리를 이용해 내부가 훤히 보이도록 했다. 그래픽카드와 중앙처리장치(CPU) 등 고성능 부품이 보이도록 디자인했으며 화려하고 강력한 총 7개의 120mm 쿨링팬을 달아 내부열을 빠르게 내보내도록 했다.  주연테크 유통사업본부 허환석 이사는 ""최근 스마트폰이나 보급형PC로 돌리기 어려운 대작 게임들이 출시되고 스트리밍 방송, 가상현실(VR) 등 초고사양 PC 수요가 급증하고 있어 리오나인 게이밍 노트북과 함께 하이엔드 데스크탑 또한 고객 니즈에부합하기 위해 출시했다""며 ""향후 1세대 PC기업의 기술력을 바탕으로 프리미엄 커스터 마이징 PC시장에서도 다양한 제품을 선보일수 있도록 노력할 것""이라고 밝혔다.  ksh@fnnews.com 김성환 기자    ▶'모멘텀 집중' 저가에서 매집해둬야 할 상반기 유망주 3선 ( 지금 확인)   [파이낸셜뉴스 주요뉴스]  → 北 김정은 묵는 호텔 하루 숙박비 '642만원' 누가 지불? → ""선거 알바 클라스가 다르네"".. 선거운동원 '깨방정 댄스' 화제 → ""학원 여교사가 초등생 제자 2명과 성관계"" → 견과류 일주일에 3번이상 먹으면 나타나는 변화 → 국방부에도착한 두테르테가 가장 먼저본 국산 무기  ▶ < 긴급공개> 억대계좌 이종목에서 또 터진다!    ※ 저작권자 ⓒ 파이낸셜뉴스. 무단 전재-재배포 금지 "
225,3,"2018-06-06","17:15:31","필리핀 장관 만난 황창규 KT 회장,  '스마트 보라카이' 프로젝트 제안","KT 황창규 회장(오른쪽 첫 번째)이 필리핀 정보통신부 장관대행인 엘리시오 미하레스 리오 주니어(왼쪽 두 번째), 차기 정통부 장관 내정자인 그레고리오 호나산(왼쪽 첫 번째) 에게 백령도 기가 아일랜드에 적용된KT의 ICT 솔루션에 대해 설명하고 있다.   KT가 관광지 보라카이에 정보통신기술(ICT) 솔루션을 적용하는 '스마트 보라카이'를 구축하자고 필리핀정부에 제안했다. KT는 지난 5일 서울 종로구 KT광화문빌딩 이스트에서 황창규 회장을 비롯한 경영진이 필리핀 정보통신부 장관을 비롯한 정부 관계자들을 만나 필리핀 ICT 발전을 위한 협력방안을 논의했다고 6일 밝혔다.  황 회장은 필리핀 정부 장차관들에게 스마트에너지, 보안 등 ICT를 기반으로 KT가 보유한 혁신 솔루션을 소개했다. 이와 함께 6개월간 환경 복원에 들어간 보라카이 섬을 복원하는 프로젝트와 연계해 보라카이에 ICT 솔루션을 적용하는 '스마트 보라카이' 구축을 제안했다.  필리핀 중부에 위치한 보라카이는 연간 약 200만명이 찾는 세계적인 관광지다. 필리핀 정부는 관광객들로 인해 몸살을 앓는 보라카이의 환경 정화를 위해 지난 4월 말부터 6개월간 섬을 폐쇄한 상황이다. 필리핀 정부는 보라카이 복원을 위해 불법 건축물 정리, 상하수도 개선, 통신 및 전기시설 보완 등 재건사업을 추진하고 있다.  KT는 세계적 관광지 보라카이에 한국의 앞선 ICT 혁신기술이 활용되기를 희망했다. 공공 와이파이와 지능형 폐쇄회로TV(CCTV)를 항구 등에 적용하면 관광객들이 보다 편리하게 모바일 인터넷을 이용하고, 보다 안전하게 여행을 즐길 수 있다고 설명했다.   또한 태양광 에너지 활용하는 방안과 KT의 스마트에너지 솔루션 KT-MEG을 적용하는 방안을 제시했다.  KT는 보라카이 복원 프로젝트 참여를 시작으로 필리핀 정부의 ICT 산업 발전의 주요 파트너가 되기 위해 정부와 민간기업의 주요 관계자들과 협의를 진행 중이다.  KT는 보라카이 복원 프로젝트에참여할 경우 필리핀에서 KT의 인지도를 높일 뿐만 아니라 다른 국가에서도 사업을 추진하는데 모델이 될 것으로 기대하고 있다. 황 회장은 ""KT는 통신 네트워크뿐 아니라 스마트에너지, 재난?안전?보안 등에서 보유한 혁신기술을 토대로 글로벌 진출을 적극 추진하고 있다"" 며 ""이번에 필리핀 정부에 제안한 스마트 보라카이 프로젝트가 수용된다면 연간 200만명의 세계인들에게 대한민국의 앞선 ICT 솔루션을알리는 데 좋은 기회가 될 것으로 기대한다""고 말했다.  syj@fnnews.com 서영준 기자   ▶'모멘텀 집중' 저가에서 매집해둬야 할 상반기 유망주 3선 (지금 확인)   [파이낸셜뉴스 주요뉴스]  → 北 김정은 묵는호텔 하루 숙박비 '642만원' 누가 지불? → ""선거 알바 클라스가 다르네"".. 선거운동원 '깨방정 댄스' 화제 → ""학원 여교사가 초등생 제자 2명과 성관계"" → 견과류 일주일에 3번이상 먹으면 나타나는 변화 → 국방부에 도착한 두테르테가 가장 먼저본 국산 무기  ▶ <긴급공개> 억대계좌 이종목에서 또 터진다!    ※ 저작권자 ⓒ 파이낸셜뉴스. 무단 전재-재배포 금지 "
225,4,"2018-06-06","17:15:30","[뉴스터치] 부산 신세계 프리미엄 아웃렛서 '사회적경제 상설 장터'","부산시는 오는 12월까지 매주 토·일요일과 공휴일마다 기장군 신세계 프리미엄 아웃렛에서 ‘사회적경제 상설 장터’를 연다. 이 장터는 사회적경제기업에 대한 인식을 높이고 판로 확대를 위해 마련됐다. 품질 및 가격경쟁력을 갖춘 우수 지역 사회적경제기업들이 참여할 예정이다. 고구마를 재배·가공해 판매하는 조내기고구마, 청년창업기업인 아랑뜨·얼텀·르쁘띠 캔들 등이 대표적이다. 엠아이비, 에그위즈 등은 장터에 홍보부스를 마련하고 제품을 알릴 예정이다. 시에 따르면 지난 4월 장터를 시범 운영한 결과, 30여개 업체가 1억1,000만원의 매출을 올리는 성과를 거뒀다. 시는 앞으로 사회적경제 특화 장터, 공동구매, 마케팅 전담조직 설립 등을 추진할 계획이다. /부산=조원진기자 bscity@sedaily.com    ▶▶ 2018년 정부 정책 수혜주 TOP 10 大공개! (바로 확인)  ▶▶ 재료노출 임박한 상위1%의 극비정보 30명한정 공개(무료)    [ⓒ 서울경제, 무단 전재 및 재배포 금지]"
225,5,"2018-06-06","17:15:24","LG U+ '우리집AI' 업데이트","음성명령 고객이 직접 만든다         LG유플러스가 'U+우리집AI' 서비스를 업데이트 하면서 이용자가 원하는대로 음성명령을 통해 사물인터넷(IoT) 기기를 제어할 수 있게 했다.   LG유플러스가 'U+우리집AI' 서비스를 업데이트하면서 사물인터넷(IoT) 기기에 이용자가 원하는 이름을 붙여 제어할수 있게 했다.  LG유플러스는 가정 내 IoT 서비스 사용 편의성 제고를 위해 △내가 원하는 이름으로 쉽게 부르는 IoT △내 명령어로 동시에 켜고 끄는 IoT △음성제어 가능한 IoT 기기 확대 등 인공지능(AI) 스마트홈 서비스 'U+우리집AI'의 기능 업데이트를 진행한다고 5일 밝혔다.  이에 따라 이용자들은 'U+우리집AI' 서비스에서 '클로바, 스위치 켜줘'와 같이 말로 제어하기 위한 IoT 기기 이름을 고객이 원하는 대로 변경할 수 있게 됐다. 가령 IoT 기기에 이름을 붙여 '클로바, [작은 불] 켜줘'와 같이 이용자가 기억하기 쉽고 친숙한 명칭을 사용할 수 있다. 장소도 지정해 '클로바, [아이 방] [작은 불] 켜줘'와 같은 음성명령도 가능하다.  이용자가 만든 명령어로 집안 내 IoT 기기들을 동시에 켜고 끄는 것도 가능하다. 예를 들어 '클로바, 나 잘게'라고 말하면 이용자가 설정한 TV와 조명이 꺼지며 가습기가 작동한다. 여행 시 '클로바, 여행모드'라고 하면 가스밸브, 조명, 가습기, 에어컨 등이 자동으로 잠기고 꺼진다.  LG유플러스는 'U+우리집AI' 스피커와 연동되는 IoT 기기에 멀티탭, 열림감지센서, 선풍기 등을 추가했다. 이를 바탕으로 총 20종의 IoT 기기 에서 음성제어가 가능하다.   syj@fnnews.com 서영준 기자   ▶'모멘텀 집중' 저가에서 매집해둬야 할 상반기 유망주 3선 (지금 확인)   [파이낸셜뉴스 주요뉴스]  → 北 김정은 묵는 호텔 하루 숙박비 '642만원' 누가 지불? → ""선거 알바 클라스가 다르네"".. 선거운동원 '깨방정 댄스' 화제 → ""학원 여교사가 초등생 제자 2명과 성관계"" → 견과류 일주일에 3번이상 먹으면나타나는 변화 → 국방부에 도착한 두테르테가 가장 먼저본 국산 무기  ▶ <긴급공개> 억대계좌 이종목에서 또 터진다!    ※ 저작권자 ⓒ 파이낸셜뉴스. 무단 전재-재배포 금지 "
225,6,"2018-06-06","17:15:18","글로벌 이통사도 '5G 주파수' 눈치싸움","'5G 상용화'글로벌 대전 주파수 할당·경매 시작 영국, 4월에 조기 공급 등 주요국 연내 마무리할 듯          5세대(5G) 이동통신서비스를 위한 주파수 경매가 약 일주일 앞으로 다가왔다. 5G는 이론 상 4세대(4G) 롱텀에볼루션(LTE)보다 약 20배 정도 빠른 초저지연·초고속·초광대역 네트워크다. 인공지능(AI), 자율주행차, 사물인터넷(IoT), 빅데이터, 가상현실(VR) 등 혁신산업에 필요한 기술이다.  글로벌 이동통신사들은 시장 선점을 노려 주파수 경매를 일찌감치 마감했거나 계획을 확정했다. 이를 통해 이르면 연내, 늦어도 대부분 내년 5G 상용서비스를 시작할 예정이다.   6일 세계이동통신공급자협회(GSA)에 따르면 2018년 1월 기준 전세계 56개국 113개 통신사가 5G 기술테스트, 라이선스 취득 등 5G 상용화를 준비 중이다. 이들중 42개국은 5G 주파수를 이미 할당했거나 주파수 경매를 준비중이다. 이에 따라 주파수 경매, 시험망 구축 및 테스트, 네트워크 장비와 통신칩 개발 등 5G 조기 상용화를 위한 글로벌 국가 간 경쟁이 전방위로 펼쳐질 전망이다.  주파수 경매를 끝낸 국가로는 영국이 대표적이다. 영국의 방송통신 관련 규제기관인 오프콤은 지난 3월20일(현지시간) 5G 주파수 경매를 시작해 4월 13일에 종료했다. 영국의 5G 상용화 목표 시점은 2020년이지만 경쟁우위를 확보하기 위해 주파수 조기 공급에 나선 것으로 풀이된다.   할당 대역은 2.4㎓ 대역 40㎒ 폭, 3.4㎓ 대역 150㎒ 폭이다. 경매 결과 O2가 2.3㎓ 대역40㎒와 3.4㎓ 대역 40㎒를 낙찰 받았다. 보다폰, EE, 쓰리(Three)는 3.4㎓ 대역에서 각각 50㎒, 40㎒, 20㎒를 확보했다.   우리나라는 오는 15일 5G 주파수 경매가 예정돼 있다. 2019년 3월 세계 최초 5G 상용화를 목표로 하는 우리나라는 3.5㎓ 대역의 280㎒와 28㎓ 대역의 2400㎒ 등 총 2680㎒가 경매 대상이며 이용 기간은 오는 12월부터 각각 10년, 5년이다.   우리나라는 올해 초 열린 2018평창동계올림픽에서 5G 시범 서비스를 제공했다. 특히 올해에는 주파수 분배가 이뤄진 뒤 삼성전자나 이동통신 3사 등 주요 정보통신기술(ICT) 업체를 중심으로 장비 및 단말기 생태계가 곧 조성되고, 표준화에도 주도적인 역할을 할 것으로 기대된다.   다수 국가가 연내 또는 2019년 초 5G 주파수 경매를 계획하면서 5G 상용화에 대한 기대감도 확산되고 있다. 5G는 AI, IoT, VR, 자율주행차 등 미래 첨단 서비스를 위한 필수 인프라이기 때문이다. 4차 산업혁명 시대에 경쟁력을 갖기 위해서는 5G 인프라 기반에 그에 맞는 서비스가 만들어져야 한다.   이동통신업계 한 전문가는 ""과거 피처폰에서 스마트폰으로 시장의 구조가 바뀔 때 모바일 생태계가 본격 조성되는 등 큰 변화가 일어났다""며 ""업계에서는 5G가 그 이상의 파급력을 가질 것으로 기대하고 있기 때문에 주파수를 확보한 뒤 5G 이동통신망에서 향유할수 있는 서비스 개발이 활발히 일어날 것""이라고 말했다.   ronia@fnnews.com 이설영 기자   ▶'모멘텀 집중' 저가에서 매집해둬야할 상반기 유망주 3선 (지금 확인)   [파이낸셜뉴스 주요뉴스]  → 北 김정은묵는 호텔 하루 숙박비 '642만원' 누가 지불? → ""선거 알바 클라스가 다르네"".. 선거운동원 '깨방정 댄스' 화제 → ""학원 여교사가 초등생 제자 2명과 성관계"" → 견과류 일주일에 3번이상 먹으면 나타나는 변화 → 국방부에 도착한 두테르테가 가장 먼저본 국산 무기  ▶ <긴급공개> 억대계좌 이종목에서 또 터진다!    ※ 저작권자 ⓒ 파이낸셜뉴스. 무단 전재-재배포 금지 "
225,7,"2018-06-06","17:15:17","이정은 국내대회 전념…`대세 탈환` 본격 시동","2016년 우승 없이 한국여자프로골프(KLPGA)투어 신인왕을 차지한 이정은(23·대방건설)은 '무관 신인왕'의 한을 풀 듯 지난해 KLPGA를 지배했다. 컷 탈락 한 번 없이 4승을 포함해 톱10에 20차례나 이름을 올렸다. 당연히 상금 11억4905만원을 벌어 1위를 차지했고 평균 타수, 대상 포인트, 베스트 플레이어, 인기상까지 모두 독식하며 KLPGA투어 최초로 '6관왕'을 차지했다.   그리고 박성현이 미국여자프로골프(LPGA)투어로 옮긴 올해 이정은의 '대세 흐름'은 계속 이어질 것으로 보였다.   하지만 현재 이정은은 KLPGA투어 5개 대회에 출전해 한 차례 기권했고 톱10에는 한 번밖에 들지 못했다. 상금랭킹은 33위까지 처졌다.   이유는 '외도' 때문이다. 이정은은 올해 LPGA투어 메이저 ANA 인스퍼레이션에 출전해 공동 16위에 올랐고 이어 롯데 챔피언십에서도 공동 16 위에 올랐다. 이후 일본 메이저 살롱파스컵에서는 최종일 2위와 4타 차 선두로 출발했지만 역전패를 당해 3위에 그쳤고 지난주에는 LPGA투어메이저 대회인 US여자오픈에서 첫날 공동 선두로 나섰으나 공동 17위로 마무리했다.   한국과 미국, 일본을 오가는 강행군에 제대로 된 경기력을 보이지 못한 것이다. 그럼에도 불구하고 이정은은 최악의 경기를 펼친 적이 없다. KLPGA투어에서는 20위 밖으로 밀린 적이 없고 처음 경험하는 코스와 잔디에서 열린 LPGA투어 대회에서는 메이저 대회를 포함해 모두 톱20에이름을 올렸다.   이제 이정은은 다시 '국내 평정'을 위해 시동을 건다. 한 달 뒤 열리는 LPGA투어 메이저 대회인 PGA위민스 챔피언십을 제외하고는 국내 대회에 집중해 다시 한 번 '대세'를 입증하겠다는 각오를 다지고 있다.   본격적인 첫 무대는 '약속의 땅' 제주에서 열리는 KLPGA투어 에쓰오일 챔피언십. 이정은은 US여자오픈을 마치고 지난 5일 오후 귀국해 곧바로 제주로 향했다. '올림픽 콘셉트'로 열리는 에쓰오일 챔피언십은 8일부터 사흘간 제주 엘리시안CC에서 경쟁에 돌입한다.   이정은은 제주에서 유독 강했다. 루키였던 2016년 롯데마트 여자오픈 6위에 이어 에쓰오일 챔피언십 8위를 차지했다. 이어 2017년 자신의 생애 첫 우승을 롯데렌터카 여자오픈에서 이뤄냈고 에쓰오일 챔피언십에서 2위, 제주 삼다수 마스터스에서는 3위에 올랐다.   올해에도 KLPGA투어 유일한 톱10(3위) 기록을 4월 제주에서 열린 롯데 렌터카 여자오픈에서 기록했다.   우선 이 대회에서 이정은의 첫 번째 목표는 우승과 동시에 지난해 아픔을 설욕하는 것이다. 작년 이정은은 '지현시대 리더' 김지현(27·한화큐셀)에게 연장 5차전까지 가는 접전 끝에 아쉽게 패해 준우승에 그쳤다.   김지현도 이정은과 함께 US여자오픈이 끝난 직후 '타이틀 방어'를 위해 제주로 이동했다. 자신의 생애 첫 타이틀 방어전. 절대 양보할 수 없다는 각오다. 분위기도 좋다. 김지현은 US여자오픈에서 공동 10위에 오르며 공동 17위의 이정은에게 1타 차 판정승을 거뒀다. 또 올 시즌 롯데렌터카 여자오픈에서는 우승을 차지하며 제주와 좋은 기억을 이어가고 있다.   이정은과 김지현이 자리를 비운 사이 장하나(26·비씨카드)가 2승을 거두며 상금, 대상 포인트, 평균 타수 부문에서 모두 1위를 달리고 있다. 이어 '슈퍼 루키' 최혜진(19·롯데)도 호시탐탐 1인자 자리를 노리고 있다. 물론 가장 강력한 경쟁자는 바로 앞서 롯데칸타타 여자오픈에서 36홀·54홀 최저타 기록을 갈아치운 조정민(24·문영그룹)이다. 조정민은 ""지난주엔 컨디션, 샷, 정신력 삼박자가 잘 맞아떨어졌다. 분위기를 이어나가고 싶다""고 각오를 다졌다.    [조효성 기자]      ☞ 조용히 사서 묻어놔라! 6月 정말 큰돈 된다! ☞ 세계최초 항암제 개발! 신라젠 놓쳤다면, 이 종목 잡아라!! ☞ 세계 최초 신약! 1,500% 신라젠 능가할 단돈 4천원대 Bio 황제주!!! ☞ 6月 반드시 주목해야될 Best 바이오 종목!!      [ⓒ 매일경제 & mk.co.kr, 무단전재 및 재배포 금지]"
226,1,"2018-06-06","17:12:38","순직 경찰관 명패 앞에서 오열하는 유가족","현충일인 6일 서울 서대문구 경찰기념공원에서 열린 경찰 순직자 명패봉안·추념식에서 한 유가족이 순직자 명패 앞에서 오열하고 있다. 경찰창설 70주년을 맞은 지난 2016년 현충일에 조성된 경찰기념공원 추모벽에는 순직 경찰관 1만3,000여명의 이름이 새겨져 있다./연합뉴스    ▶▶ 2018년 정부 정책 수혜주 TOP 10 大공개! (바로확인)  ▶▶ 재료노출 임박한 상위1%의 극비정보 30명한정 공개(무료)    [ⓒ 서울경제, 무단 전재 및 재배포 금지]"
226,2,"2018-06-06","17:12:38","`매테 고득점` 대학 저학년·고교생 두각","■ 제50회 매경테스트 수상자     국가공인 경제·경영시험 매경TEST에서 '젊은 피'들이 반란을 일으키고 있다. 그간 취업준비생·직장인 일색이던 고득점자 명단에 대학교 1·2학년생이 상당수 포함된 것은 물론이고 고등학생들 평균 점수가 30점 이상 오르는 등 매경테스트(이하 매테)에서 좋은 성적을 거두는 연령대가 크게 낮아지고 있다. 청소년 시기부터 미리 경제·경영 자격증을 취득해 향후 금융사·공기업 취업 등에 대비하려는 최근 트렌드가 반영된 것으로 풀이된다.   지난달 19일 치른 제50회 매테 성적을 분석한 결과 성적 상위 10위권 고득점자 가운데 대학 저학년군(1·2학년)이 2명이나 포함된 것으로 집계됐다. 930점을 받은 서강대 강석훈 씨(24)와 895점을 받은 한양대 김동민 씨(22)가 그 주인공이다. 금융권 취업을 목표로 하고 있는 경제학과 2학년 김씨는 ""당장 급한 건 아니더라도 3·4학년 때 준비를 시작하면 너무 늦을 것이라고 생각했다""며 ""주위 친구들도 점점 더 일찍 취업에 대비하는 것 같다""고 말했다.   그간 수상자들은 주로 취준생이나 졸업을 앞둔 3·4학년생으로 채워질 때가 많았다. 실제로 지난 49회 시험에서는 대학 1·2학년 고득점자가전무했다.   1·2학년 응시생 수 역시 지난 시험 181명에서 356명으로 두 배 가까이 급증했으며, 평균 성적도 13점가량 상승했다. 이는 지난 시험 때 고득점 그룹인 공무원과 군인 그룹 점수가 크게 상승하지 않은 것과 대비된다.   고교생들 선전도 눈에 띄었다. 고등학생 평균 성적은 582.3점으로 지난 시험에 비해 40점가량 급등했다. 성적 상위 20명에도 2명이나 포함됐다. 이변을 일으킨 주인공은 895점을 받은 인덕원고 박건우 군(18)과 885점을 받은 한영외국어고 김소람 양(18)이다.    박군은 꿈을 이루기 위해 일찌감치 경제·경영학 공부에 집중하고 있다. 박군은 ""중학생 때까진 피아노 연주자가 되는 것이 목표였는데 고등학교에 진학해 매테를 통해 경영학을 접하면서 엔터테인먼트 회사의 프로듀서 겸 경영자가 되는 것으로 목표를 바꿨다""며 ""양현석·박진영 같은 유명한 엔터사 대표가 되는 것이 목표""라고 포부를 밝혔다.   김양은 자신이 원하는 대학에 진학하기 위해 매테를 공부하고 있다. 김양은 ""경제·경영학과를 가고 싶어서 생활기록부에 기재할 수 있는 매테를 준비했다""며 ""평소 신문을 자주 챙겨본 것이 시사용어 문제를 푸는 데 큰 도움이 됐다""고 말했다.   이처럼 대학 저학년과 고교생들이 강세를 보인 것은 일찌감치 매테 점수를 취득해 향후 금융권·공기업 취업이나 대학 진학에 활용하려는 학생이 많아지고 있기 때문이다. 매테에서 국가공인 점수(총점 1000점 만점에 600점 이상)를 받으면 주요 기업 전형에서 우대를 받거나 가산점을 얻을 수 있다. 한국은행·한국남동발전 등이 매테 점수 소유자에게 가산점을 주고 있으며 우리투자증권·현대엔지니어링·현대글로비스 등 주요 기업과 증권사가 신입사원 채용시험에 매테를 적극 활용하고 있다.    대입을 준비하는 고교생 사이에서도 매테는 '입시역량'을 키울 수 있는 매력적인 방법으로 꼽히고 있다. 국가공인 성적인 600점 이상을 받으면 학생기록부에 기재할 수 있어 경제·경영학과진학 시 유리하다.   한편 같은 날 열린 제26회 경제금융이해력인증시험(틴매경TEST) 정기시험에서는 부산정보고 2학년 이무결 군이 92.5점을 얻어 영예의 대상을차지했다. 최우수상은 틴매일경제 학생기자로 활동 중인 대전 신일여고 2학년 박수연 양, 천안여상 2학년 이소연 양이 나란히 받아 눈길을 끌었다.    [정지성 기자 / 최병일 경제경영연구소 책임연구원 / 유태형 경제경영연구소 연구원]      ☞ 조용히 사서 묻어놔라! 6月 정말 큰돈 된다! ☞ 세계최초 항암제 개발! 신라젠 놓쳤다면, 이 종목 잡아라!! ☞ 세계 최초 신약! 1,500% 신라젠 능가할 단돈 4천원대 Bio 황제주!!! ☞ 6月 반드시 주목해야될 Best 바이오 종목!!      [ⓒ 매일경제 & mk.co.kr, 무단전재 및 재배포 금지]"
226,3,"2018-06-06","17:12:30","법원, 중국 술 '공부가주' 상표권 인정...'공보가주' 상표 사용금지","법원이 중국 술 ‘공부가주(孔府家酒)’의 상표권을 인정했다. 이에 따라 유사 상표인 ‘공보가주(孔寶家酒)’는 더 이상 쓸 수 없게 됐다.  5일 서울중앙지방법원 제60민사부(구희근 부장판사)는 공부가주를 판매하는 A사가 유사주류인 공보가주의 수입·판매업체 B사를 상대로 낸 상표권침해금지 가처분 신청을 인용했다고 밝혔다.  A사는 지난 2013년부터 중국공자문화축제의 전용 술로 지명된 ‘공부가주’ 상표권을 등록해 국내에서 판매해왔다. 하지만 B사가 유사 상표의 술인 공보가주를 수입·판매하는 것을 알게 된 A사가 B사를 상대로 상표권침해소송을 제기했다. B사는 “상표 글자가 다르기 때문에 문제없다”고 반박했다.  재판부는 “두 상품 모두 4음절의 한자로 돼 있고 2번째 음절의 모음만 ‘ㅜ’와 ‘ㅗ’로 다를 뿐 나머지는 동일해 전체적으로 청감(聽感)이유사하다”며 “소비자나 거래자가 혼동을 일으킬 만하다”고 봤다. /백주연기자 nice89@sedaily.com    ▶▶ 2018년 정부 정책 수혜주 TOP 10 大공개! (바로 확인)  ▶▶ 재료노출 임박한 상위1%의 극비정보 30명한정 공개(무료)    [ⓒ 서울경제, 무단 전재 및 재배포 금지]"
226,4,"2018-06-06","17:12:22","[그것이알고싶다]초고가 헤어드라이어 돌풍의 비밀","지난 2016년 다이슨이 55만원선의 헤어드라이어 ‘슈퍼소닉’을 처음 출시했을 때만 해도 소비자 반응은 냉소적이었다. 가정용 헤어드라이어가 평균 5만원 안팎임을 감안하면 무려 10배에 달했기 때문. 하지만 결과적으로 슈퍼소닉은 ‘대박’을 쳤고 프리미엄 헤어드라이어 전쟁을 촉발했다. 유닉스전자·필립스·JMW 등 기존 업체들은 잇달아 20만원 안팎의 고가 헤어드라이어를 내놓고 있다.   소비자 평가도 달라졌다. 최근 머릿결·두피·탈모 관리 등에 관심이 높아지면서 헤어드라이어의 기능을 꼼꼼히 따지는 모습이다. 각종 사용 후기에서는 ‘제값을 한다’는 평가도 쉽게 찾아볼 수 있다. 급격히 높아진 가격에 대한 거부감을 없앤 비결은 무엇일까.  다이슨에서는 ‘헤어 사이언스’라는 개념을 강조한다. 슈퍼소닉 개발에만 895억원을 투자했고 ‘인모(人毛)’ 1,625㎞를 사용했다. 우선 다이슨은 분당 11만번회전하는 초고속 모터 ‘V9’을 탑재했다. 무선청소기에 적용되는 모터급 성능이다. 여기에 헤어드라이어의 앞뒤가 뚫려 있는 구조 등으로 모터에 유입된 공기의 양을 3배로 증폭시킨다. 고속·고압의 제트 기류가 형성돼 머리카락이 날아가 버릴 듯한 바람을 경험하게 한다.  바람의 온도를 일정 수준으로 유지하는 기술도 적용됐다. 일반 헤어드라이어는 계속 켜놓을 경우 최대 200도 이상 온도가 높아진다. 머리카락과 두피가 손상될 수 있다. 너무 뜨거워 계속 사용하지 못하거나 샤워 후 머리를 말리다 도로 땀을 흘리기도 한다. 하지만 다이슨 슈퍼소닉에는 온도감지센서와 온도제어칩이 탑재됐다. 1초당 20번씩 온도를 측정해 과도한 온도에 노출되지 않도록 한다.  강력한 힘에 비해 소음은 최소화했다. 모터가 내는 일부 소리의 주파수가 인간의 가청 범위를 벗어나게 했다. 헤어드라이어 앞에 붙였다 떼 용도를 달리하는 ‘노즐’에도 과학이 담겼다. 뜨거운 바람이 나오는 메인 통로를 감싸는 또 다른 통로에는 찬바람을 통하게 해 노즐이 뜨거워지지 않는다.  국내 최대 헤어드라이어 업체인 유닉스전자는 28만원짜리 ‘에어샷 플라즈마 시스템’을 내놓았다. 머리를 말리는 데 최적화된 ‘드라잉 모드’와 스타일링에 적합한 ‘스타일링 모드’를 사용할 수 있다. 200만개 이상의 양·음이온이 발생해 모발 코팅 효과도 누릴 수 있다. 정전기발생을 줄이고 모발 보습에 도움이 된다는 설명이다.  JMW는 34만원짜리 ‘에어컬렉션’을 출시했다. 선택할 수 있는 바람의 종류가 30개에 달한다. 아기를 위한 ‘젠틀 바람’부터 ‘터보 바람’까지 상황에 맞는 바람을 고를 수 있다. 헤어드라이어 본체에 달린 액정표시장치(LCD) 모니터로 각종 정보를 쉽게 확인할 수 있다.  /신희철기자 hcshin@sedaily.com    ▶▶ 2018년 정부 정책 수혜주 TOP 10 大공개! (바로 확인)  ▶▶ 재료노출 임박한 상위1%의 극비정보 30명한정 공개(무료)    [ⓒ 서울경제, 무단 전재 및 재배포 금지]"
226,5,"2018-06-06","17:12:22","[매경CEO특강] 문주현 엠디엠 회장 / 이화여대서 강연","""사람이 살다 보면 항상 최선의 길만 갈 수는 없습니다. 잘못됐다는 걸 인지했다면 본전을 생각하지 말고 과감하게 틀을 깨야 합니다. 잘못된 길은 언젠가 무너집니다. 시간을 끌수록 피해예요.""   국내 최대 디벨로퍼그룹을 이끌고 있는 문주현 엠디엠 회장은 최근 이화여대에서 열린 CEO 특강에서 '과감하게 버릴 수 있는 용기'를 강조했다. 제대로 된 방향을 설정했다면 천천히 가도 언젠가 성공하지만, 그릇된 방향으로는 아무리 빨리 달려봤자 결코 성공할 수 없다는 뜻이다.  문 회장의 조언은 그가 파란만장한 인생을 살며 몸소 깨달은 경험칙이다. 전남 장흥에서 농부의 아들로 태어난 그는 어린 시절 바닷가에서 캔 김과 미역을 수레에 싣고 어머니를 따라 새벽시장에 나가서 팔아야 할 정도로 가난했다. 일 자체도 고단했지만 열심히 만들어 둔 양식장이태풍에 무너지는 것을 볼 때마다 가슴이 무너졌다. 자연과 싸우느니 사람을 상대해야겠다는 생각에 도시로 떠났다.   도시 생활도 고단하긴 마찬가지였다. 직업훈련원에서 매일 19시간씩 일하며 실력을 인정받았지만 1년 내내 양손은 쇳독이 올라 감각이 없었다. 직공으로서 미래도 그리 밝지 않다고 생각한 그는 하루 3시간씩 자며 공부한 끝에 27세 나이로 경희대 회계학과에 입학했다. 졸업한 후 나산그룹에 입사했는데, 그곳에서 각종 개발사업을 하며 부동산에 눈을 떴다. 외환위기로 회사가 부도나자 문 회장은 서울 서초동 원룸에서 책상 하나 놓고 분양대행사를 차렸다.   창업 후에도 문 회장은 틀을 깨는 도전으로 회사를 키웠다. 2007년 분양한 '부산 해운대 푸르지오 월드마크 센텀'은 업계 최초로 시공사 지급보증 없이 프로젝트파이낸싱(PF)을 성사시켜 화제가 됐다.   문 회장은 앞서가는 사람이 되기 위해 멀리 보는 눈, 즉 통찰력이 필요하다고 조언했다. 세상을 바꿀 발명은 0.1%의 창의적 인간에 의해 이뤄지지만 그 성과를 응용해 인류 편익을 증대시키는 건 통찰력 있는 사람들이란 뜻이다. 방직 기술 발달로 옷감 수요가 늘어날 것을 예측하고양목장을 만든 영국 버버리나 자동차가 개발되자 주유소를 지은 미국 록펠러가 대표적인 예다. 이들은 인류에 도움을 줬고 개인적으로 큰 부도 이뤘다.   문 회장은 열정의 중요성도 강조했다. 그가 말한 열정이란 단순히 어떤 일에 매진하는 것이 아니다. 끝까지 해 내는 끈기다. 그는 몸이 상할정도로 일하며 1등 기능공이 됐던 공장 근무 경험을 소개하며 ""열정이란 될 때까지 하는 것이다. 미치지 않고서는 성공할 수 없다""고 말했다.   끝으로 문 회장은 매사에 주체적인 자세를 당부했다. 특히 '우리'라는 틀 속에 스스로를 가두지 말라고 전했다. 성공하는 사람은 능동적으로목표를 찾고 그 목표를 달성하기 위해 매진하기 마련인데, '우리'라는 개념으로 접근하면 완전한 몰입이 어렵다는 의미다. 그는 ""본인이 이루고자 하는 일에 있어서는 '내가 있어 우리가 있고 세상이 있다'는 식의 사고방식이 필요하다""며 ""우리를 먼저 생각하는 순간 나는 객체가 돼버린다""고 말했다.    [정순우 기자]      ☞ 조용히 사서 묻어놔라! 6月 정말 큰돈 된다! ☞ 세계최초 항암제 개발! 신라젠 놓쳤다면, 이 종목 잡아라!! ☞ 세계 최초 신약! 1,500% 신라젠 능가할 단돈 4천원대 Bio 황제주!!! ☞ 6月 반드시 주목해야될 Best 바이오 종목!!      [ⓒ 매일경제 & mk.co.kr, 무단전재 및 재배포 금지]"
226,6,"2018-06-06","17:12:15","“2015년 부산은행 공채 합격자 중 13명 점수 조작”","2015년 부산은행 신입 행원 공개채용 때 최종합격자 76명 중 13명의 점수가 조작됐던 것으로 드러났다.   6일 법조계에 따르면 최근 부산지법 형사4단독(강희석 부장판사) 심리로 진행된 박재경 전 BNK금융지주 사장과 조모 전 국회의원 공판에서 진행된 증인신문에서 이 같은사실이 밝혀졌다.   당시 부산은행 경영기획본부장인 박씨는 2015년 경남도지사 측근인 조씨와 우호적인 관계를 유지해 경남도 금고를유치할 목적으로 서류 탈락권이던 조씨 딸을 부정 채용한 혐의(업무방해)로, 조씨는 자신의 딸 채용 과정에 개입한 혐의(업무방해교사)로 각각 재판에 넘겨졌다.  증인으로 출석한 강동주 전 부산은행 업무지원본부장(징역 2년 구형)과 최모 전 인사부장(징역 1년, 집행유예 2 년) 등을 신문하면서 2015년 신입 행원 합격자 76명 중 13명의 점수가 조작됐다는 검찰 공소사실이 알려졌다. 현재 조씨 딸과 전 부산은행장외손녀 등 2명에 대한 관련자 재판은 진행 중이지만 나머지 11명의 합격자는 검찰이 점수 변경 사실을 파악하고도 경위 파악이 안 되거나 증거가 없어 기소하지 못한 상태다.  은행 고위 임원과 지점장 등이 채용 청탁을 하고 인사라인이 점수조작 등의 방법으로 해당 지원자를 관리한 사실도 드러났다. 당시 인사라인에 있던 강 전 본부장과 최 전 인사부장은 부행장과 지점장 등의 청탁이 불발됐다는 취지의 메신저를 주고받았다. 또 채용 청탁을 받은 지원자 중 일부의 점수표 비고란에 ‘SB(stone brain·돌머리)’라는 표시를 하고 채용 과정에서 지속적으로 관리한 물증도 나왔다. /부산=조원진기자 bscity@sedaily.com    ▶▶ 2018년 정부 정책 수혜주 TOP 10 大공개! (바로 확인)  ▶▶ 재료노출 임박한 상위1%의 극비정보 30명한정 공개(무료)    [ⓒ 서울경제, 무단 전재 및 재배포 금지]"
226,7,"2018-06-06","17:12:13","[매경TEST] 액면분할이 기업 재무에 미치는 영향","▶ 문제1. 아래는 라면시장 현황과 A사의 강점·약점을 분석한 사례다. 다음 중 A사가 SWOT 분석에 따라 시행할 SO(Strength-Opportunity) 전략으로 가장 올바른 것은?    ▶ 해설1.   위 사례는 라면시장의 기회와 위협 그리고 라면을 생산·판매하는 A사의 강점과 약점을 파악한 SWOT 분석으로, 이 사례를 바탕으로 A사의 올바른 강점-기회(SO)전략을 찾아야 한다. A사의 강점은 높은 브랜드 인지도, 제품 개발 능력이고 외부 환경은 시장 규모가 성장하는 상황과 다양한 라면에 대한 소비자 니즈가 기업에 기회가 될 수 있다. 따라서 A사가 자신과 건강에 많은 관심과 노력을 기울이는 포미족의 니즈를 반영해 건강한 신제품(라면)을 출시하는 것이 SO 전략으로 가장 올바른 결정이다. 정답은 ③    ▶ 문제2. 아래와 같은 재무활동이 해당 기업의 재무지표에 미치는 영향에 대한 추론으로 올바르지 않은 것은? (단, 자금 차입과 같은 다른 재무활동의 변화는 없다.)    ▶ 해설2.   액면분할이란 액면가를 낮추는 것을 의미한다. 예를 들어 액면가가 5000원인 주식을 500원으로 조정하는 대신 발행 주식 수가 10배로 늘어나는 것을 의미한다. 기업의 자본금은 액면가에 발행 주식 수를 곱한 금액인데, 액면분할은 자본금과 순자산에는 변동이 없다. 또한 자금 차입과 같은 다른 재무활동이 없기 때문에 순자산부채비율과 자기자본이익률도 변동이 없다. 정답은 ④    [이예주 경제경영연구소 선임연구원 / 권혁진 경제경영연구소 연구원]      ☞ 조용히 사서 묻어놔라! 6月 정말 큰돈 된다! ☞ 세계최초 항암제 개발! 신라젠 놓쳤다면, 이 종목 잡아라!! ☞ 세계 최초 신약! 1,500% 신라젠 능가할 단돈 4천원대 Bio 황제주!!! ☞ 6月 반드시 주목해야될 Best 바이오 종목!!      [ⓒ 매일경제 & mk.co.kr, 무단전재 및 재배포 금지]"
227,1,"2018-06-06","17:10:17","[기자24시] 월드컵 대표팀 응원해야할 이유","축구 기사를 작성하면서 '전술' '역습' '후방 침투' 등 군대와 비슷한 용어를 쓰다보면 때로는 전쟁을 중계하는 기분마저 든다. 어쩌면 축구가 세계적인 스포츠가 된 비결도 각 나라 청년들이자신의 국기를 형상화한 유니폼을 입고 격렬하게 몸을 부딪히며 대리전(代理戰)을 치르는 형태이기 때문인지도 모른다. 그렇다면 어느덧 일주일 앞으로 다가온 2018 국제축구연맹(FIFA) 러시아월드컵은 그야말로 '세계 대전'의 평화로운 버전일 것이다.   하지만 현재 한국 사회에서 월드컵을 말하는 이는 좀처럼 찾아보기 어렵다. 9회 연속 본선에 진출했건만 관심도는 오히려 그 어느 때보다 떨어졌다. 2002년 4강, 2010년 16강 성과 등으로 국민의 큰 박수를 받았던 한국 축구는 이제 ""보나마나 3전 전패 탈락""이라는 비아냥을 듣는 처지가 됐다. 게다가 미·북정상회담 등 축구 이상으로 우리 삶에 직접적이고, 더욱 큰 영향을 미칠 수 있는 이벤트들까지 겹치면서 월드컵에대한 주목도를 낮추고 있다.   물론 장사가 안 된다고 해서 식당 주인이 손님을 탓할 수는 없는 일. 신태용 감독과 대표팀, 나아가 대한축구협회 차원에서의 노력이 먼저 필요하다. 4강 신화의 주역 안정환 해설위원의 말마따나 월드컵 무대에서 한국보다 약한 팀은 없겠지만 최소한의 희망은 줘야 한다. 국가대표팀이라는 이유만으로 무조건적인 응원을 기대할 수 있는 시대는 이미 지났다. 달콤한 승리로 성적을 거두든, 패배 속에서 보여주는 투혼이든 국민이 응원할 이유를 만들어줘야 하는 것이다. 또한 매 대회가 끝날 때마다 '오답노트'를 만들어 개선도 해야 한다. 지금처럼 4년마다 ""뜨거운 응원을 바란다""는 일방적 호소만 반복한다면 악플보다 무플이 무섭다는 말만 체감하게 될 것이다.   다만 국민 역시 아예 관심을 끊을 것이 아니라면 비난이 아닌 건설적 비판을 해야 하고, 그러기 위한 첫 번째 단계는 최소한의 지지와 관심을 보내주는 것이기도 하다. 시작하기 전부터 비관만 늘어놓을 필요는 없다. 관심도 주지 않던 곳에 쓴소리만 남긴다면 축구가 아닌 승리만 좋아하는 사람이라는 꼬리표를 피할 길이 없다. 과거 잉글랜드 리버풀을 강팀으로 건설했던 빌 섕클리 감독은 ""우리가 지고 있거나 비기고 있을 때 응원할 수 없다면 이기고 있을 때도 응원하지 마라""고 말한 바 있다.    [스포츠레저부 = 이용익 기자 yongik@mk.co.kr]      ☞ 조용히 사서 묻어놔라! 6月 정말 큰돈 된다! ☞ 세계최초 항암제 개발! 신라젠 놓쳤다면, 이 종목 잡아라!! ☞ 세계 최초 신약! 1,500% 신라젠 능가할 단돈 4천원대 Bio 황제주!!! ☞ 6月 반드시 주목해야될 Best 바이오 종목!!      [ⓒ 매일경제 & mk.co.kr, 무단전재 및 재배포 금지]"
227,2,"2018-06-06","17:10:14","영 김, 한인 여성 최초 美 연방하원의원 되나","미국 내 한인 여성으로서 첫 연방하원의원에 도전하는 영 김(56·한국명 김영옥·공화당) 후보가 5일(현지시간) 치러진 프라이머리(예비선거)에서 선두를 달리고 있다. 일간 로스앤젤레스타임스(LAT)에 따르면 영 김 후보는 이날 오후11시 현재 캘리포니아주 연방하원 39지구(노스오렌지카운티) 프라이머리에서 1만3,000여표를 획득해 25%의 지지율로 1위를 지키고 있다. 개표는 47% 진행됐다.  이 지역구는 에드 로이스(공화·캘리포니아) 하원 외교위원장이 은퇴 선언을 하면서 무주공산이 된 곳이다.  프라이머리는 오는 11월 중간선거에 나설 본선 진출자를 뽑는 예선전이며 최종 당선되면 미국 내 한인 사회에서는 김창준 전 의원에 이어 26년 만에 한인 연방하원의원을 배출하게 된다.   캘리포니아주는 당적과 관계없이 선두와 2위 득표자가 본선에 오르는데 당내에서도 많은 후보가 난립해 경쟁을 벌이고 있어 ‘정글 프라이머리’로 불린다. 영 김 후보가 출사표를 던진 39지구에는 17명의 후보가 나섰다.  /변재현기자 humbleness@sedaily.com    ▶▶ 2018년 정부 정책 수혜주 TOP 10 大공개! (바로 확인)  ▶▶ 재료노출 임박한 상위1%의 극비정보 30명한정 공개(무료)    [ⓒ 서울경제, 무단 전재 및 재배포 금지]"
227,3,"2018-06-06","17:10:11","[매경포럼] 사법부 造反","김명수 대법원장이 지난 1일 양승태 대법원의 '재판 거래' 의혹과 관련해 전국 판사들에게 보낸 이메일을 읽고 그를 다시 보게 됐다. 좀 길지만 그중 핵심 문장을 통째 옮긴다. ""오늘 우리가 부끄러움을 느끼는 것은 우리에게 법관으로서의 자존심이 남아 있기 때문입니다. 수치심에 무너지지 말고, 우리의 양심을 동력으로 삼아 스스로를 되돌아보면서 오랜 기간 굳어진 잘못된 관행과 문화를 바꾸어야 합니다. 각 법원의 판사회의와 전국법원장간담회, 전국법관대표회의 등을통하여 지혜와 의지를 모아 주시기를 간곡히 부탁드립니다.""   기자 생활을 하면서 조직의 장이 구성원들에게 보내는 글을 여럿 보았으나 이렇게 '혁명 기운' 충만한 글을 본 적은 없다. 표현이 아니라 함축된 내용이 그렇다. 위기에 직면한 조직 수장은 보통 협조와 이해를 당부하는데 김 대법원장은 아래에서부터 떨치고 일어날 것을 요청하고있다. 지혜와 의지를 모아 달라는 그의 청이 전달된 지 몇 시간 지나지 않아 의정부지법 단독판사들이 ""성역 없는 엄정한 수사""를 촉구하고나섰다. 이후 서울중앙지법과 가정법원, 인천지법, 부산지법 등의 단독·배석 판사들이 대열에 동참했다. 이들보다 선임인 서울중앙지법 부장판사들은 회의만 하고 의견은 내지 않았다. 그러자 고위직 법관들인 서울고등법원 부장판사들이 5일 ""수사 촉구는 법관과 재판 독립을 침해할 수 있다""는 반대 성명을 냈다. 판사 사회가 연차와 계급에 따라 쩍쩍 갈라지고 있다.   공개된 법원행정처 문건 98건에는 문제 법관 감독 방안, 상고법원 도입을 위한 청와대 설득 등 사법행정권을 부적절하게 행사한 정황이 드러난다. 압권은 대통령 국정 운영을 뒷받침하기 위한 대법원의 노력으로 KTX 해고 승무원 재판 등을 열거한 대통령 면담 자료다. 대법원이 대통령 국정 운영을 뒷받침한다? 농담으로도 해서는 안 될 말이다. 그 문건을 써올린 사람은 법관으로서 자존감이 결여됐거나 삼권분립에 대한 이해가 없거나다. 양승태 전 대법원장은 이 말을 진짜 대통령 앞에서 했을까.   할 말, 안 할 말을 가리는 건 일차적으로 교양의 문제다. 그 똑똑한 조직에 이런 수준의 몰교양이 깃든다는 건 한탄스럽다. 양승태 대법원이유독 그랬는지, 앞으로 고고한 사법부 뒤꼍 풍경이 원래 그런 것인지는 국외자가 알기 어렵다. 어쨌든 환멸이 인다. 그런데 이걸 '재판 거래'로 비약시키는 건 다른 문제다. 문건은 이미 난 대법원 판결 중 보수적 청와대 입맛에 맞을 만한 판결을 추리고 있다. 그중에는 이명박 정권때 난 판결도 있다. '이런 좋은 판결도 했으니 상고법원 신경 좀 써 달라'는 말은 듣기 민망하지만 거래는 아니다. 재판 거래가 성립하려면 '앞으로 재판에 청와대 의중을 반영하겠다'고 말해야 한다. 이건 애당초 불가능하다. 대법원장은 대법원 전원합의체 재판장이지만 소부(小部) 사건은 관여하지 않는다. 대법관 14명 성향은 다양하다. 국회 동의를 거쳐 임명된 대법관들이 대법원장이나 행정처 주문에 맞춰 판결한다? 상상이 지나치다.   놀라운 것은 일반인이 아닌 현직 판사들이 재판 거래 의혹을 제기하며 검찰 수사를 요구하고 있다는 사실이다. 증거와 사실 판단을 업으로 삼는 사람들, 대법원 판결시스템에 대한 이해가 없지 않을 그들이 몰라서 이런 주장을 하지는 않을 것이다. 그들은 양승태 대법원을 겨냥하는한편으로 사법부 질서, 인사 관행, 엘리트 체제에 대한 총체적 저항을 시도하는 것은 아닐까. 이 저항이 가져올 결과는 사법 혁신일까, 사법아노미일까.   젊은 판사들을 홍위병에 비유하는 건 결례일 수 있다. 그렇더라도 지금 사법파동에서 문화대혁명의 그림자가 떠오르고 있다는 불길한 느낌을떨치기 힘들다. 문혁은 마오쩌둥이 '조반(造反)'을 주문하면서 시작됐다. 조반은 질서에 대한 저항이다. 마오는 ""모든 저항에는 합당한 이유가 있다(造反有理)""며 류사오치·덩샤오핑 등 실권파들을 상대로 한 홍위병의 공격을 부추겼다. 지나고 보니 그 이유라는 것이 허깨비 같은것이었다. 문혁은 거대한 희극이자 비극으로 막을 내렸다. '모든 저항에는 합당한 이유가 있다'는 마오의 말은 틀렸다. '이유가 합당할 때 저항은 의미가 있다'가 진실에 가깝다.    [노원명 논설위원]      ☞ 조용히 사서 묻어놔라! 6月 정말 큰돈 된다! ☞ 세계최초 항암제 개발! 신라젠 놓쳤다면, 이 종목 잡아라!! ☞ 세계 최초 신약! 1,500% 신라젠 능가할 단돈 4천원대 Bio 황제주!!! ☞ 6月 반드시 주목해야될 Best 바이오 종목!!      [ⓒ 매일경제 & mk.co.kr, 무단전재 및 재배포 금지]"
227,4,"2018-06-06","17:10:10","[선택 6·13] SNS 유세 활발한 서울시장 후보는? 박원순-김문수-안철수順","6일 오후 4시 30분 기준 주요 서울시장 후보 페이스북 계정 캡처화면. 왼쪽부터 박원순 더불어민주당 서울시장 후보, 김문수 자유한국당 서울시장 후보, 안철수 바른미래당 서울시장 후보.    주요 서울시장 후보 페이스북 유세 현황 (기간: 2018년 5월 31일부터 6월 6일 오후 4시까지)     후보 이름일평균 게시물게시물당 공감수게시물당 댓글수게시물당 공유수 박원순8.6개3184222 김문수4.7개3302945 안철수1.3개2184533  (각 후보 페이스북)  6·13 공식선거운동이 시작된지 일주일째인 6일 주요 서울시장 후보 중 사회관계망서비스(SNS) 유세를 가장 적극적으로 하는 건 박원순 더불어민주당 서울시장 후보인 것으로 나타났다. 김문수 자유한국당 서울시장 후보와 안철수 바른미래당 서울시장 후보가 그 뒤를 이었다. 파이낸셜뉴스가 이날 오후 3시부터 4시까지 각 후보의 공식 페이스북 계정을 살펴본 결과, 이같이 집계됐다. 과학기술정보통신부의 '2017년 인터넷이용 실태조사 결과'에 따르면 국내 인터넷 이용자들이 가장 즐겨하는 SNS는 페이스북이다. SNS를 이용하는 만 6세 이상 조사 대상자 중 62.0%가 페이스북을 한다고 답했다. 서울시장 선거의 세 주요 후보는 모두 공식 페이스북 계정을 운영하고 있다. 박 후보와 안 후보는 페이스북 페이지를, 김 후보는 개인 계정을 주로 활용하고 있다. 세 후보 가운데 박 후보가 페이스북에 가장 많은 게시물을 올렸다. 박 후보 측은 지난 일주일 동안 60개의 게시물을 올렸다. 하루 평균 8.6개 올린 셈이다. 김 후보 측은 그 절반 수준인 총 33개의 게시물을 올렸다. 안 후보 측은 가장 활동이 저조하다. 일주일 동안 올린 게시물이 9개에 불과하다. 평균 공감수의 경우 김 후보가 박 후보를 조금 앞섰다. 페이스북은 사용자가 게시물에 대해 '좋아요' '최고예요' ' 슬퍼요' '화나요' 등을 표시할 수 있다. 페이스북은 이를 모두 합해 '공감한 사람' 숫자로 나타내는데, 일반적으로 공감수는 게시물에 대한관심 정도와 비례한다. 김 후보가 올린 게시물은 평균 330개의 공감 표시가 달렸다. 박 후보는 318개, 안 후보는 218개로 뒤를 이었다. 반면 게시물당 평균 댓글수는 안 후보가 선두였다. 안 후보 측이 올린 게시물에는 평균 45개의 댓글이 달렸다. 박 후보와 김 후보는 각각 42 개, 29개였다. 게시물 공유 부문의 경우 김 후보가 평균 45번으로 가장 많았고, 안 후보가 33번을 기록했다. 박 후보는 22번이었다.  ethica@fnnews.com 남건우 기자  ▶'모멘텀 집중' 저가에서 매집해둬야 할 상반기 유망주 3선 (지금 확인)   [파이낸셜뉴스 주요뉴스]  → 北 김정은 묵는 호텔 하루 숙박비 '642만원' 누가 지불? → ""선거 알바 클라스가 다르네"".. 선거운동원 '깨방정 댄스' 화제 → ""학원 여교사가 초등생 제자 2명과 성관계"" → 견과류 일주일에 3번이상 먹으면 나타나는 변화 → 국방부에 도착한 두테르테가 가장 먼저본 국산 무기  ▶ <긴급공개> 억대계좌 이종목에서 또 터진다!    ※ 저작권자 ⓒ 파이낸셜뉴스. 무단 전재-재배포 금지 "
227,5,"2018-06-06","17:10:01","[기고] 시련과 편견 딛고 헬기기술 입증한 `수리온`","2012년 수리온(KUH-1)은 국내에서 최초로 개발한 헬기로 탄생됐다. 2006년 개발에 착수해 2012년 개발 완료까지 걸린 기간은 약 73개월. 세계에서 유례를 찾기 힘들 정도로 짧은 기간에 만들어낸 명품 헬기로서 언론과 국민에게 주목받았다.   이렇게 찬사를 받고 있던 시기에도 수리온은 미국 알래스카로 날아가 저온시험이라는 또 다른 도전을 하고 있었다. 저온시험은 영하 32도 이하의 극저온 환경에서 항공기 성능을 테스트하는 것으로 국산 항공기 최초의 해외 환경 테스트였다. 50여 일간 진행된 시험은 성공이라는 결과를 갖고 돌아왔다.   이렇게 성공을 거듭하던 수리온이 군에서 운용되면서 개발 과정에서 나타나지 않았던 문제들이 발생됐고 이 문제가 언론에 보도되며 수리온의 수식어가 명품 헬기에서 깡통 헬기로 변경됐다.   보통 해외 항공 선진국들은 개발, 양산 단계의 검증은 물론 납품 후 일정 기간 필드 테스트를 한다. 특히 극한의 조건에서 운용되는 군용기는 이 과정이 필수적이다. 하지만 우리나라는 별도의 필드 테스트 기간이 없다. 우리도 운영 과정에서 발생되는 문제들을 개선해 나가지만 공교롭게도 이 과정이 수리온을 깡통 헬기로 만든 이유다. 동일한 프로세스에 전혀 다른 시각과 잣대가 적용된 것이다.   며칠 전 오랜만에 깡통 헬기(?) 수리온의 성공 소식이 들려왔다. 문제로 지적됐던 체계결빙 시험이 성공한 것이다. 체계결빙 시험은 저온 다습한 환경에서 발생되는 얼음 조각들이 항공기에 미치는 영향성을 분석하고 해결하는 시험이다.   2015~2016년 미국 미시간주에서 1차 테스트를 진행했고 일부 항목이 감항성 기준에 충족되지 않아 실패로 알려진 바 있다. 생소한 시험의 실패 소식에 여론은 수리온을 겨울철 비행이 불가능한 헬기로 다시 한번 낙인찍었다.   항공기의 결빙 조건은 Trace(소량), Light(약간), Moderate(중간), Severe(다량) 총 4단계로 분류된다. 수리온의 목표는 Moderate, 즉 중결빙을 입증하는 것이고 이번 2차 시험을 통해 입증해 냈다. 1차 시험에서 입증한 72개 항목은 약결빙 수준이다. 당시 언론에서 '실패'가 아니라'약결빙 수준의 결빙 능력 입증'이라는 표현을 썼으면 어땠을까 하는 아쉬움이 남는 부분이다.   우리나라에서 운용되는 군용헬기 가운데 중결빙 능력을 갖추고 있는 헬기는 UH-60뿐이다. AH-64 아파치나 CH-47 치누크는 약결빙 능력만을 갖고 있고 AH-1S, 500MD, UH-1H 등은 결빙 능력이 전무하다. 또한 결빙 시험은 고난도 기술이 필요한 시험으로 단기간에 입증하기 어렵고 비행안정성을 위해 양산 단계에서 진행된다. 1978년 개발된 UH-60은 1979~1981년 총 3차례, AH-64는 1982~1986년 총 5차례 시험을 통해 입증했다. 2차례 시험 만에 결빙 능력을 입증한 수리온의 의미는 그동안 우리 기술을 폄훼해 왔던 우리 스스로가 되새겨 볼 필요가 있다.   수리온에 대한 실패의 잣대는 개발에 대한 작은 인식 차이에서 발생됐다. 하지만 안타깝게도 개발에 참여한 엔지니어들 자부심에 너무나도 큰 손상을 입혔다. 엔지니어들은 수많은 시뮬레이션을 거듭하며 만반의 준비를 하지만 개발에는 변수가 발생될 수밖에 없다. 80~90%의 기술을 100%로 채워 나가야 하는 것 또한 개발의 숙명이다. 하지만 한정된 기간과 예산은 우리 엔지니어들의 발목을 잡기 일쑤다.   정부와 제작사는 이런 부분을 감안해 개발 환경을 개선하기 위한 정책과 제도를 마련하고 지속적인 투자에 힘써야 한다. 시련과 편견 속에 국내 항공기술을 증명해 낸 수리온 엔지니어들에게 대한민국 항공우주공학자의 한 사람으로 고마움을 표한다. 그들이 써내려가고 있는 항공 역사의 앞날에는 시련은 있어도 실패는 없을 것이다.    [신상준 서울대 기계항공공학부 교수]      ☞ 조용히 사서 묻어놔라! 6月 정말 큰돈 된다! ☞ 세계최초 항암제 개발! 신라젠 놓쳤다면, 이 종목 잡아라!! ☞ 세계 최초 신약! 1,500% 신라젠 능가할 단돈 4천원대 Bio 황제주!!! ☞ 6月 반드시 주목해야될 Best 바이오 종목!!      [ⓒ 매일경제 & mk.co.kr, 무단전재 및 재배포 금지]"
227,6,"2018-06-06","17:09:43","한국계 첫 '가장 탁월한 과학자' 강사라 교수","강사라 울산과학기술원(UNIST) 도시환경공학부 교수가 글로벌 지구과학 분야의 ‘탁월한 과학자’로 선정됐다.  UNIST는 강 교수가 한국계 과학자로는 처음으로 아시아·오세아니아지구과학회(AOGS)가 주는 ‘카미드 메달(Kamide Award)’을 받았다고 6일 밝혔다.  AOGS 는 매년 지구과학 8개 분야에서 ‘탁월한 성과를 낸 젊은 과학자(Early Career Distinguished Lecturer)’를 선정하고 그다음 해 8명 중 가장 탁월한 성과를 낸 1명을 뽑아 카미드 메달을 준다.  강 교수는 지난 2017년 대기과학 부문에서 ‘탁월한 젊은 과학자’로 선정됐고 올해 최종 1인이 됐다.  강 교수는 ‘고위도 기후변화가 열대 강수 패턴에 미치는 영향을 설명하는 메커니즘’을 규명한 공로를 인정받았다.   2000년대 초까지 남극이나 북극 같은 고위도 지역과 적도 가까이 있는 열대(저위도) 지역의 기후변화는 따로 연구하는 분야였다.  그런데 강 교수가 두 지역 기후변화의 상관관계를 밝혀내면서 기후역학 분야에 새로운 시각을 제시했고 이것이 기후역학의 새 분야를 개척한 업적으로 평가받고 있다고 UNIST는 설명했다.  강 교수는 “지구 전체의 에너지 흐름을 이해해 고위도와 저위도의 기후변화를연결하는 새로운 이론을 발표했다”며 “이 이론은 에어로졸(Aerosol·공기 중에 떠도는 입자 중 크기가 작은 먼지)이나 이산화탄소에 의한기후변화 양상 연구에 진전을 가져왔다”고 말했다.  강 교수는 서울대를 졸업한 뒤 미국 프린스턴대에서 대기해양과학으로 박사 학위를 받았고 2011년부터 UNIST 교수로 재직하며 기후 분야에서 활발한 국제 교류를 추진해왔다. 특히 올해부터는 세계기후연구계획(WCRP) 산하조직에서 전 세계 기후역학 연구를 주관하는 기후역학 전문위원(CDP·Climate Dynamics Panel)으로도 활동 중이다.  /울산=장지승기자 jjs@sedaily.com    ▶▶ 2018년 정부 정책 수혜주 TOP 10 大공개! (바로 확인)  ▶▶ 재료노출 임박한 상위1%의 극비정보 30명한정 공개(무료)    [ⓒ 서울경제, 무단 전재 및 재배포 금지]"
227,7,"2018-06-06","17:09:42","부동산 특별사법경찰 400여명 본격 활동 준비","정부가 전국 부동산 특별사법경찰(특사경)에 대한 실무교육을 실시한다. 부동산 특사경은 부동산 질서 교란행위에 대한 단속의 실효성을 높이기 위해 지난 1월 도입됐다.   국토교통부는 7일 전국 지방자치단체 부동산 특사경 지명자들을 대상으로 불법 청약, 분양권 전매, 실거래가 신고 및 중개업법 위반 행위 등을 단속하기 위한 실무교육을 시행한다고 6일 밝혔다. 교육 대상은 전국 지자체에서 기존 부동산 분야 업무를 담당하고 있는 공무원 중 특사경 지명(신청자 포함)이 완료된 400여명이다.  이번 교육은 지난 1월 부동산 특사경 제도 시행 이후 지자체별로 특사경 지명이 대부분 완료됨에 따라 본격적인 활동을 하기 위한 사전 준비 차원이다. 국토부, 대검찰청, 경찰청 및 서울시 민생사법경찰단 등의 분야별 전문가 등이 강의를 맡아 부동산 분야 범죄행위를 근절하기 위한 기본적 수사 요령 등을 사례 중심으로 교육할 계획이다. 주요 부동산 범죄는 분양권 불법전매를 비롯해 미등기 전매, 실명제 위반, 중개사 불법중개, 입주권 불법전매, 토지거래 허가 위반, 업다운계약, 편법증여 및 상속 등이다.  이들 부동산 불법행위는 대부분 은밀하게 이뤄져 단순 현장점검만으로는 단속에 한계가 있었지만 특사경이 관할 지방검찰청 검사의 지휘를 받아 수사개시, 긴급체포, 압수수색, 영장신청, 사건송치 등 수사를 하게 되면 불법행위 근절에 큰 효과가 있을 것으로 기대된다. 국토부는 부동산 특사경 컨트롤타워로서 매년 운영계획을 수립하고 이들에 대한 지속적인 교육을 벌여 역량을 강화하는 한편, 지자체와 긴밀한 협력을 통해 특사경 활동의 효과를 높일 계획이다. /이주원기자 joowonmail@sedaily.com    ▶▶ 2018년 정부 정책 수혜주 TOP 10 大공개! (바로 확인)  ▶▶ 재료노출 임박한 상위1%의 극비정보 30명한정 공개(무료)    [ⓒ 서울경제, 무단 전재 및 재배포 금지]"
228,1,"2018-06-06","17:06:09","코넥스 기업들 올해 코스닥 이전 역대 기록 깬다","5월말까지 5곳 이전 상장 현재 7곳 이전상장 심사중 하반기엔 5~10곳 계획 최대 22개 기업 이전 전망         올해 코넥스시장에서 코스닥시장으로 이전상장하는 기업 수가 20곳 안팎에 달해 역대 최다를 기록할 전망이다.   6일 한국거래소에 따르면 올해 들어 5월 말까지 코넥스에서 코스닥으로 이전상장(스팩 합병상장 포함)한 기업은 링크제니시스, 아시아종묘, 패션플랫폼, 엔지켐생명과학, 오스테오닉 등 모두 5개사다.   지난 2013년 7월 코넥스가 출범한 이후 1∼5월 기준으로 가장 많다. 지난해 같은 기간에는 2개사에 그쳤다.   올해 연간으로 코넥스에서 코스닥으로 이전하는 기업이 20개에 이를 것이라는 관측도 나온다. 지난 5일 현재 코스닥 이전상장 심사를 받고 있는 기업이 7개사고, 하반기에도 5∼10개사가 추가로 코스닥 이전상장 문을 두드릴 예정이다.   이미 이전상장을 마친 5개사까지 합치면 모두 18∼22개사가 되는 셈이다.  코넥스에서 코스닥으로 이전상장한 기업은 2014년 6개사에서 2015년 8개사, 2016 년 11개사로 꾸준히 늘었으나 지난해에는 7개사로 줄었다.   코넥스를 거쳐 코스닥에 입성한 기업들의 주가도 좋은 편이다. 스팩합병으로 상장한 패션플랫폼을 제외하면 올해 이전상장을 완료한 4종목의 공모가 대비 수익률은 평균 29.84%로 집계됐다. 4종목 가운데 3종목의 주가가 공모가보다 올랐다.  올해 이전상장의 첫 테이프를 끊은 링크제니시스는 지난 5일 종가가 9850원으로 무상증자를 고려한 환산 공모가(6429원) 대비 수익률이 53.21%에 달한다. 엔지켐생명과학과 아시아종묘도 각각 45.18%와 40.44%의 수익률을 나타냈다. 오스테오닉만 19.48% 하락했다.   한편 코넥스시장은 정부의 벤처·중소기업 지원정책 영향으로 가파른 성장세를 보이고 있다. 지난해 말 4조9000억원(154개 종목)이던 시가총액은 올해 5월 말 6조5000억원(148개 종목)으로 32.7% 증가했다. 거래대금도 지난해에는 하루 평균 17억9000만원이었으나 올해 1~5월에는 67억2000만원으로 276% 늘었다.   mjk@fnnews.com 김미정 기자   ▶'모멘텀 집중' 저가에서 매집해둬야 할 상반기 유망주 3선 (지금 확인)   [파이낸셜뉴스 주요뉴스]  → 北 김정은 묵는 호텔 하루 숙박비 '642만원' 누가 지불? → ""선거 알바 클라스가 다르네"".. 선거운동원 '깨방정 댄스' 화제 → ""학원 여교사가 초등생 제자 2명과 성관계"" → 견과류 일주일에 3번이상 먹으면 나타나는 변화 → 국방부에 도착한 두테르테가 가장 먼저본 국산 무기  ▶ <긴급공개> 억대계좌 이종목에서 또 터진다!    ※ 저작권자 ⓒ 파이낸셜뉴스. 무단 전재-재배포 금지 "
228,2,"2018-06-06","17:06:03","‘월드컵 특수’ 있다? 없다?","이노션·제일기획 등 광고업 월드컵 기대 낮아 지지부진 아프리카TV·인크로스 등 온라인 관련 종목은상승세     2018 러시아 월드컵이 일주일 앞으로 다가왔으나 대표 수혜종목인 광고업종의 주가가 지지부진하다.   월드컵에 대한 기대감이 낮아지면서 관련 마케팅도줄어들었다. 광고주가 전반적으로 약세를 보이고 있지만 온라인 플랫폼 광고는 기대감이 상승하면서 관련주의 주가도 오름세다.  6일 한국거래소에 따르면 코스피시장에서 이노션의 주가는 현재 6만5500원이다. 지난달 25일(6만6200원) 대비 3%가량 내렸다.   이노션은 월드컵 공식파트너인 현대차의 광고 계열사다.   대표적인 관련 광고 매출을 통한 수혜가 예상되는 종목이다. 그러나 월드컵이 일주일 앞으로 다가왔음에도 주가에 특별한 움직임이 나타나고 있지 않다.   또다른 광고주인 제일기획의 주가는 같은 기간 1.48% 오르는데 그쳤다.   주요 스포츠 이벤트를 앞두고 광고업종은 주가가 상승하는 모습을 보여왔다.   이노션은 지난2월 평창올림픽을 앞두고 주가가 장중 7만4400원까지 오르기도 했다. 제일기획도 지난 1월 말 52주 최고가를 기록했다.   그러나월드컵을 앞두고는 이같은 주가 급등 현상이 나타나지 않는 모습이다. 특수 기대감이 낮아지면서 광고시장이 활성화되지 않아 투자심리가 개선되지 못한 때문이다.   한국방송광고진흥공사(코바코)에 따르면 6월 광고경기전망지수는 102.4를 기록했다.   전월 대비 상승했으나 2014년(113.0), 2010년(125.2) 월드컵 기간에 비해 크게 낮았다. 지상파TV 광고는 96.9로 감소세를 보일 것으로 전망됐다. 지수가 100이하면 지출 축소를 의미한다.   다만, 온라인을 통한 월드컵 시청경로 확대가 이뤄지면서 관련 플랫폼 주가는 상승세다.   월드컵 전 경기 중계 방침을 밝힌 아프리카TV가 대표적이다. 아프리카TV는 5일 4만9000원에 거래를 마쳐 같은 기간 주가가 17.22%나 올랐다.   지난 4일에는 장중 5만5700원까지 오르며 52주 신고가를 갈아치우기도 했다.  미디어렙 업계 3위 인크로스도 같은 기간 7.09%대 주가가 상승했다.   온라인 모바일 광고를 주력으로 하는 이 업체는 하이라이트 영상 등 광고 수익을 통한 실적 개선 기대감을 모으고 있다.   김수민 대신증권 연구원은 ""광고업의 월드컵 수혜는 생중계 여부를 떠나 공식 후원사를중심으로 월드컵 기간에 늘어나는 광고 물량을 미디어렙사가 얼마나 확보해올 수 있는지가 문제""라며 ""특히 인크로스의 경우 공식후원사를 통한 월드컵 관련 물량 확보에 대해 기대감을 가져도 좋다고 본다""고 말했다.  bhoon@fnnews.com 이병훈 기자    ▶'모멘텀집중' 저가에서 매집해둬야 할 상반기 유망주 3선 (지금 확인)   [파이낸셜뉴스 주요뉴스]  → 北 김정은 묵는 호텔 하루 숙박비 '642만원' 누가 지불? → ""선거 알바 클라스가 다르네"".. 선거운동원 '깨방정 댄스' 화제 → ""학원 여교사가 초등생 제자 2명과 성관계"" → 견과류 일주일에 3번이상 먹으면 나타나는 변화 → 국방부에 도착한 두테르테가 가장 먼저본 국산 무기  ▶ <긴급공개> 억대계좌 이종목에서 또 터진다!    ※ 저작권자 ⓒ 파이낸셜뉴스. 무단 전재-재배포 금지 "
228,3,"2018-06-06","17:05:59","6월 코스닥의 주인공은 외국인 사는 ‘바이오’","5월에만 5456억원 순매수, 2004년 이후 투자액 최고 바이오주 고가대비 반토막..전형적 저가 매수전략 보여         외국인 투자자들이 '바이(buy) 코스닥'에 나서고 있다. 올해 초 매도 우위를 보였던 것과는 180도 다른 모습이어서 지속성 여부에 관심이 쏠린다.   전문가들은 외국인이 바이오기업에 대해 저가 매수로 접근하고 있는 것으로 분석하고, 매수 종목에 대해 관심있게 지켜볼 것을 조언했다.   6일 한국거래소에 따르면 외국인은 지난 5월 코스닥시장에서 5456억원 규모의 순매수를 기록했다. 월간 기준으로는 지난 2004년 이후 최대 규모다. 개인과 기관은 1766억원, 1688억원어치를 각각 팔아치웠다.  이 기간 코스닥 지수는 869포인트로 출발해 879포인트로 마쳐 약보합세를 나타냈다. 한때 810선까지 주저앉았다가 낙폭을 만회했다. 주가를 끌어올린 주인공이 외국인이다. '바이 코스닥'에 나서며 지수 급락을 막았다.  지수가 900포인트를 넘었던 지난 2월 외국인은 1조2000억원어치 이상 팔아치웠다. 지수가 상승하면 '팔고', 급락하면 '매수'에 나서는 전형적인 저가 매수 전략을 보이고 있다.   저가 매수 속에서도 외국인은 바이오주에 적극적인 구애를 펼쳤다. 올해 들어 바이오주는 고가 대비 반토막이 나는 등 급락세를 보였다.   지난 5월 외국인이 가장 많이 매수한 종목은 에이치엘비다. 2070억원어치를 사들였다. 다음으로 셀트리온제약(963억원), 메디톡스(952억원) 등의 순으로 순매수 규모가 컸다. 바이로메드(927억원), 제닉신(195억원)도 주머니에 담았다. 외국인의 5월 순매수 상위 10개 종목 가운데 6 개가 제약·바이오였다.   이 때문에 최근 코스닥시장에서 비중이 큰 제약주들이 하락세를 보이자 외국인들이 저가 매수에나섰다는 의견이 우세하다. 다만, 외국인 순매수세가 이어질 것인지에 대해선 전문가들의 의견이 엇갈린다.   국내 증권사 스몰캡연구원은 ""코스닥시장에서 외국인은 전형적으로 저가 매수 전략을 펴왔다""며 ""지금은 남북경협주들이 우세를 보이고 있어 바이오주들의 본격적인 상승은 하반기가 돼야 가능할 것""이라고 내다봤다.     kjw@fnnews.com 강재웅 기자  ▶'모멘텀 집중' 저가에서 매집해둬야 할 상반기 유망주 3선 (지금 확인)   [파이낸셜뉴스 주요뉴스]  → 北 김정은 묵는 호텔 하루 숙박비 '642만원' 누가 지불? → ""선거 알바 클라스가 다르네"".. 선거운동원 '깨방정댄스' 화제 → ""학원 여교사가 초등생 제자 2명과 성관계"" → 견과류 일주일에 3번이상 먹으면 나타나는 변화 → 국방부에 도착한 두테르테가 가장 먼저본 국산 무기  ▶ <긴급공개> 억대계좌 이종목에서 또 터진다!    ※ 저작권자 ⓒ 파이낸셜뉴스. 무단 전재-재배포 금지 "
228,4,"2018-06-06","17:05:55","‘선거 공약’ 수혜주","남북경협 현실화 막연해 2분기 들어 주가 등락 반복 4차산업혁명·바이오 등 선거후 육성정책 탄력 전망     남북경제협력주에 시장의 관심이 집중되고 있는 가운데 6·13 지방선거 이후에는 정책 관련주에 관심가져야 것이라는 분석이다. 남북교류가 시작될 가능성은 높지만 현실화되기까지 다소 긴 시간이 필요할 수 있다. 반면, 선거 정책주는 빠르게 전개될 가능성이 크다는 설명이다.   김영옥 KTB투자증권연구원은 6일 ""남북경협 테마의 가파른 상승세와 기존 주도주였던 바이오주에 대한 조정이 혼재돼 2·4분기 코스닥시장은 박스권내에서 등락을 반복하고 있다""면서 ""지방선거가 끝나고 하반기에는 정책 모멘텀에 대한 관심이 재점화될 것""이라고 내다봤다. 유망업종으로는 바이오와 로봇산업(4차 산업혁명)을 제시했다.   올해 2·4분기 코스닥시장의 화두는 단연 남북경협이었다. 4·27 판문점 선언 이후 철도 관련주는 지난 1일까지 100~200% 가까운 상승세를 보였다. 김 연구원은 ""북미정상회담으로 굵직한이벤트가 마무리되면 3개월 간의 단기급등에 따른 피로감으로 조정 가능성이 존재한다""고 진단했다.   제일 먼저 대안으로 꼽히는 것이 바이오주다. 남북경협주 상승장에서 소외되면서 2·4분기 주가 하락 폭이 확대됐다는 지적이다.   김 연구원은 ""지방선거 이후 정부의 바이오·제약 육성정책이 탄력을 받으면서 반등의 기회가 모색될 것""이라며 관심주로 본업의 실적 개선 및 화학물질의 등록 및 평가 등에 관한 법률(화평법) 수혜가 기대되는 바이오톡스텍, 바이오시밀러 출시가 기대되는 팬젠을 제시했다.   또다른 유망주는 4차 산업혁명과 관련된 로봇 관련주다. 지능형 로봇개발 및 보급 촉진법 개정안이 국회 본회의를 통과하며 로봇산업육성정책이 부각될 것으로 예상되기 때문이다.   김 연구원은 ""4차 산업혁명은 연결을 통한 생산성 향상이 핵심이고, 이는 로봇과 인공지능(AI)으로 귀결된다""며 큐렉소와 유진로봇을 관심종목으로 꼽았다. 큐렉소는 인공관절수술 로봇과 재활로봇의 글로벌 시장진출이 기대되며, 유진로봇은 청소용 로봇에 서비스 로봇으로의 시장 확대가 전망된다는 이유를 들었다.   kjw@fnnews.com 강재웅 기자    ▶'모멘텀 집중' 저가에서 매집해둬야 할 상반기 유망주 3선 (지금 확인)   [파이낸셜뉴스 주요뉴스]  → 北 김정은 묵는 호텔 하루 숙박비 '642만원' 누가 지불? → ""선거 알바 클라스가 다르네"".. 선거운동원 '깨방정 댄스' 화제 → ""학원 여교사가 초등생 제자 2명과 성관계"" → 견과류 일주일에 3번이상 먹으면 나타나는 변화 → 국방부에 도착한 두테르테가 가장 먼저본 국산 무기  ▶ <긴급공개> 억대계좌 이종목에서 또 터진다!    ※ 저작권자 ⓒ 파이낸셜뉴스. 무단 전재-재배포 금지 "
228,5,"2018-06-06","17:05:44","韓, 기댈 곳 수출 뿐인데···""내년부터 세계경제 성장세 둔화""","내년부터 세계 경제 성장세가 꺾인다는 세계은행(WB)의 전망이 나왔다. 세계 경기가 둔화되면 수출에 기대 성장하는 우리 경제에도 악영향을줄 수 있다.   세계은행은 6일 발표한 ‘2018년 6월 세계경제전망(Global Economic Prospetc)’에서 “올해 세계 경제가 견조한 성장세를 유지할 것”이라며 성장률을 3.1%로 전망했다. 세계 경제 성장률은 2016년 2.4%에서 지난해 3.1%로 크게 개선됐는데 올해도 좋은 흐름을이어갈 것으로 본 것이다. 세계은행의 성장률 전망을 다른 국제기구가 사용하는 구매력평가(PPP) 기준으로 환산하면 3.7%다.   하지만세계은행은 내년부터는 성장세가 꺾일 것으로 내다봤다. 성장률이 내년은 3.0%, 2020년은 2.9%로 떨어진다는 것이다. 세계은행은 “선진국의성장이 둔화되고 주요 원자재 수출국의 회복세가 다소 약해지면서 향후 2년간 성장률이 둔화될 전망”이라고 밝혔다.   세계은행은 특히 미국이 이끄는 보호무역주의 강화, 주요국 금리 인상 등에 따른 금융시장 변동성 확대를 위험 요소로 지적했다. 기업 부채가 금융위기 이후 빠르게 늘어나서 투자 확대를 제약할 것이라는 분석도 내놓았다. 장기적으로는 세계적으로 원자재 수요 증가세가 떨어지면서 원자재 수출국 경제를 어렵게 할 수 있다고 경고했다.   세계은행 전망대로 내년부터 세계경제 성장세가 약해지면 대외 의존도가 높은 우리에게는악재가 될 수 있다. 우리나라 국내총생산(GDP) 대비 수출, 즉 ‘수출 의존도’는 2016년 기준 35.1%로 일본(14.8%), 미국(12.5%), 프랑스(20.3%) 등 주요국보다 크게 높다. 세계 경제 훈풍이 잦아들 것을 대비해 구조개혁 등을 통한 잠재성장력 확충에 속도를 내야 한다는 지적이 나오는 이유다.   /서민준기자 morandol@sedaily.com    ▶▶ 2018년 정부 정책 수혜주 TOP 10 大공개! (바로 확인)  ▶▶재료노출 임박한 상위1%의 극비정보 30명한정 공개(무료)    [ⓒ 서울경제, 무단 전재 및 재배포 금지]"
228,6,"2018-06-06","17:05:37","[시각]터키 참전용사와 현충일","최근 다녀온 터키 출장에서의 일이다. 터키의 소도시 이스파르타를 방문한 원래 목적은 국제적 규모의 장미축제 때문이었다. 전 세계 장미 관련 제품 유통량의 65% 이상을 생산하는 곳인지라 외국 기자들의 취재 열기가 제법 뜨거웠고 그 같은 분위기가 현지 언론을 통해 보도되기도 했다.  다음날 취재 일정 중간에 예정에 없던 ‘한국전쟁 참전용사와의 만남’이 끼어들었다. 언론을 통해 ‘형제의 나라’ 한국에서 사람들이 찾아왔다는 소식을 접한 참전용사들이 “꼭 만나고 싶다”는 뜻을 전해왔기 때문이었다. 솔직히 처음에는 좀 귀찮았다.  한글이 적힌 훈장을주렁주렁 가슴에 달고 후덥지근한 낮 기온이 무색한 털모자를 쓴 참전용사들은 후세인(90)과 파익(88), 뮤닐(88)이라고 자신들을 소개했다.이스파르타에만 한국전 참전용사 생존자가 총 28명인데 그중 건강이 양호한 편인 3명이 “한국 사람들을 만나겠다”며 찾아온 것이었다. 현지 재향군인회와 가족들이 동행해 이들의 불편한 거동을 도왔다.  한국전쟁 당시 갓 스무 살 안팎이던 이 ‘청년들’은 이름도 생소하고어디 있는지도 정확히 알지 못하는 한국을 돕겠다며 배에 몸을 실었다. 4,500명이 배 세 척에 나눠 탔고 지중해를 출발해 인천항에 닿기까지29일이 걸렸다. 배에서 내려 처음 만난, 며칠씩 굶은 한국 사람들을 보고서는 지급받은 군용도시락을 나눠 먹었더랬다. 터키에서는 상상도 못할 한겨울 추위와 싸워가며 전쟁에 참여했지만 나중에는 중국 군인들에게 밀렸다며 ‘1·4후퇴’ 당시를 회고했다.  대략 70년 전, 정확히는 68년 전의 기억을 되짚는 늙은 용사의 눈동자는 ‘여전히 생생한 기억’임을 말하고 있었다. 그 뒤로 단 한 번도 한국에 가볼 기회는없었지만 늘 한국을 생각한다는 ‘할아버지들’의 말에 취재진 중 한 사람이 “남의 나라를 위해 목숨 걸고 저렇게 싸워주기가 쉬운 일 아닙니다. 우리 큰절이라도 합시다”라고 즉석 제안했다. 신을 향해서만 엎드리는 그들이 우리식 ‘절’의 의미를 어떻게 받아들일지는 차치하고일제히 큰절을 했다. 얼떨떨한 표정을 지었지만 진심을 느낀 이들은 “뉴스로 접했는데 남한과 북한이 지금처럼 좋은 때가 없는 것 같다” “독일처럼 남북한이 합쳐 큰 나라가 되기 바란다”고 기원했다. 최고령인 후세인이 “전쟁은 다시는 일어나지 말아야 하지만 또 한국에서 전쟁이 난다면, 이 늙은이라도 필요하다고 한다면 지금이라도 망설임 없이 또 가겠다”고 진지하게 말하자 많은 이들이 눈시울을 붉혔다. 도와준나라에서 온 우리에게 그들이 하고 싶었던 말은 ‘은혜를 갚아라’가 아니라 ‘꼭 잘 살아야 한다’는 축복과 기원이었다.  우리나라를 위해 목숨 바친 이들을 기억하는 날, 현충일이 지났다. 고마운 이들을 잊고 사는 것은 아닌지, 혹은 겨우 일 년에 하루만 그 고마움을 생각하는 것은 아닌지 되돌아보기를 청한다. 누군가의 희생 위에 쓰인 오늘의 역사이니 말이다.  ccsi@sedaily.com    ▶▶ 2018년 정부 정책 수혜주 TOP 10 大공개! (바로 확인)  ▶▶ 재료노출 임박한 상위1%의 극비정보 30명한정 공개(무료)    [ⓒ 서울경제, 무단 전재 및 재배포 금지]"
228,7,"2018-06-06","17:05:00","""비수기·선거 영향…주택사업경기 악화"" 6월 HBSI 전망치 '주춤'","[아시아경제 김유리 기자] 이달 주택사업경기실사지수(HBSI) 전망치가 비수기와 지방선거 등의 영향으로 전달대비 하락했다. 주택사업경기 전반을 견인하던 서울지역도 올 들어 처음으로 70선으로 떨어졌다.   6일 주택산업연구원에 따르면 6월 전국 HBSI 전망치는 64.0을 기록, 기준선(100)을 크게 밑돌았다. 이 전망치가 기준선인 100을 넘으면 경기가 좋아질 것이라고 응답한 건설사의 비율이 높다는 뜻이고, 100을 밑돌면 그 반대를 의미한다.   또한 이는 전월대비 8.1포인트 하락했으며 전년 동월대비 57.8포인트 하락한 수치다. 4월에 28.8포인트 하락한 이후 10포인트 범위 내에서 등락을 반복하는 양상을 보이는 가운데 전국 지수값이 기준값을 크게 밑돌고 있는 모습이다. 주택사업자는 여전히 대체로 주택사업경기가 좋지않을 것이라고 인식하고 있다는 얘기다.   정부의 규제강화 대책이 연이어 발표된 상황에서 입주물량이 증가하고 울산·거제·군산 등 일부 지역의 지역산업이 붕괴되면서 시장 불확실성이 확대됐다는 분석이다. 지방 아파트 가격이 3년째 하락하고 재고주택시장의 주택소비심리가 위축되면서 주택사업여건이 더 악화되고 있는 것으로 판단됐다.  ­  지역별로는 대구와 세종시만 6월 HBSI 전망치가 80선을 기록했고 그 외 대부분 지역은 40∼70선으로 조사됐다. 특히 서울은 재건축 사업 위축의 영향으로 전망지수가 70선에 그쳤다.   전반적으로 6월 전망치가 하락하면서 기준선을 크게 밑돌고 있으며 서울·수도권 지역도 정비시장을 중심으로 주택시장이 위축되고 있어 6월주택사업경기 개선은 기대하기 어려울 것으로 주산연은 분석했다. 지난달 유일하게 90선을 기록했던 서울이 6월에는 13.0포인트 하락하면서 올해 들어 처음으로 70선을 기록했다는 점도 눈에 띄었다. 대구(84.6)와 세종(82.7)이 80선, 그 외 지역은 40~70선을 기록하면서 주택사업경기는 전반적으로 어려울 것으로 전망됐다.    ●남북경협株 선취매 all 포착.. 실적 기반 차기 주도주 '바로' 이종목! (클릭) ●'부자네스탁론' 3년 고정금리 4.15% 100% 집중투자까지 ●'대박스탁론' 3년 고정금리 3.99% 100% 집중투자까지 ●500만원투자 단 6개월만에 3억달성! 원포인트 투자종목 공개   퇴직 후 백만원으로 ""35억""번 60대男 화제! 60대 김모씨가 퇴직 후 하게 된""이것""이 35억의 대박을...    터지기 전, 잡아라!! 상반기300%이상 상승이 기대되는 대박 테마주는? 이슈 전 선취매 주식고수들만 안다는 슈퍼 우량 테마주 남들보다 먼저 받아보기    김유리 기자 yr61@asiae.co.kr   <ⓒ세계를 보는 창 경제를 보는 눈, 아시아경제(www.asiae.co.kr) 무단전재 배포금지>"
229,1,"2018-06-06","16:59:35","LGU+ ""인공지능 스마트홈 업데이트 하세요""","LG유플러스 모델이 사물인터넷(IoT) 기능이 업데이트된 인공지능 스마트홈 서비스 ‘U+우리집AI’를 소개하고 있다. LG유플러스는 가정 내 IoT 서비스 사용 편의성 제고를 위해 사용자가 원하는 이름으로 쉽게 부르는 기능과 명령어로 동시에 켜고 끄는 기능, 음성제어가 가능한 IoT 기기 확대 등 업데이트를 5일부터 진행한다./사진제공=LG유플러스    ▶▶ 2018년 정부 정책 수혜주 TOP 10 大공개! (바로 확인)  ▶▶ 재료노출 임박한 상위1%의 극비정보 30명한정 공개(무료)    [ⓒ 서울경제, 무단 전재 및 재배포 금지]"
229,2,"2018-06-06","16:59:01","나노스, 美연구소 손잡고 4조원 알츠하이머 시장 공략","나노스(151910)가 미국 쏠크연구소와 합작법인을 설립하고 4조원에 육박하는 알츠하이머 시장 공략에 나선다.   나노스는 알츠하이머 등 뇌과학 관련 미국 최고의 연구기관 쏠크연구소와 국내 R&D센터 설립에 합의했다고 6일 밝혔다. 이는 지난 5월 쏠크연구소 내에 ‘나노스 알츠하이머 스템셀 연구실’ 개소를 통해 발표된 나노스 바이오 산업 진출의 첫 단추로 분석된다.  국내에 설립할 예정인 R&D센터는 쏠크연구소의 인적 자원 교류와 함께 향후 진행될 연구 내용과 연구 결과를 공유하게 된다.   러스티게이지 쏠크연구소 대표는 “노화 및 알츠하이머로 인한 직·간접적인 사회적 비용이 엄청나다”며 “나노스의 기부투자를 계기로 조만간 설립될 R&D센터에 적극적인 지원을 아끼지 않을 것”이라고 말했다.  나노스는 이번 R&D센터 설립에 그치지 않고 빠른 상업화를 위해 쏠크연구소와 합작법인 설립도 합의했다. 합작법인은 기존 연구결과를 활용한 상용화 파이프라인을 제공하고 나노스는 자본을 투자하는 구조가될 전망이다.   회사 관계자는 “쏠크연구소 소속 박사뿐만 아니라 노화 및 알츠하이머 분야 최고 전문가들로 어드바이저 보드진을 구성해 최고의 공신력을 부여 받게 될 것”이라고 설명했다.   한국보건산업진흥원에 따르면 현재 알츠하이머 치료제의 글로벌 시장 규모는 2015년 기준 약 31억1,000만 달러(약 3조5,000억원)다. 오는 2024년까지 4배 이상 성장해 약 126억1,000만달러 규모의 시장을 형성할 것으로 전망된다. /서민우기자 ingaghi@sedaily.com     ▶▶ 2018년 정부 정책 수혜주 TOP 10 大공개! (바로 확인)  ▶▶ 재료노출 임박한 상위1%의 극비정보 30명한정 공개(무료)    [ⓒ 서울경제, 무단 전재 및 재배포금지]"
229,3,"2018-06-06","16:58:42","""보라카이를 스마트 시티로"" KT, 필리핀 정부에 제안","KT(030200)가 동남아시아 지역의 대표적인 휴양지인 보라카이를 정보통신기술(ICT)을 통해 ‘스마트 시티’로 탈바꿈시키는 프로젝트를 필리핀 정부에 제안했다.  KT는 지난 5일 서울 종로구 KT광화문빌딩에서 황창규 회장과 엘리시오 미하레스 리오 주니어 필리핀 정보통신부 장관 직무대행이 만나 필리핀 ICT 발전 협력방안을 논의했다고 6일 밝혔다.   이 자리에서 황 회장은 6개월 간 환경 복원에 들어간 보라카이섬에 ICT 솔루션을 적용하는 방안을 제안했다. ‘스마트 보라카이’는 공공 와이파이와 지능형 폐쇄회로(CC)TV를 항구 등에 적용해 관광객들이 편리하게 모바일 인터넷을 이용할 수 있도록 하는 프로젝트다. 또 태양광 에너지를 활용하는 방안과 KT의 스마트에너지 솔루션 KT-MEG를 적용하는 방안을 제시했다.  KT는 보라카이 복원 프로젝트에 참여할 경우 필리핀에서 기업 인지도가 높아지는 데 더해 다른 국가에서 사업을 추진하는데도 선행 사례로 적용할 수 있을 것으로 기대하고 있다. 앞서 KT는 지난해 태국 1위 이동통신 사업자를 통해 현지에 ‘기가 LTE’ 솔루션을 적용한 바 있다. 올해 5월에는 캄보디아 수도 프놈펜의 약 12만㎡ 규모의 국립공원에서 공공 와이파이를 선보였다.   황 회장은 “통신 네트워크뿐 아니라 스마트에너지, 재난·안전·보안 등에서 보유한 혁신기술을 토대로 글로벌 진출을 적극 추진하고 있다”면서 “이번에 필리핀 정부에 제안한 스마트 보라카이 프로젝트가 수용된다면 연간 200만명의 세계인들에게 대한민국의 앞선 ICT 솔루션을 알리는 데 좋은 기회가 될 것으로 기대한다”고 말했다.  /권경원기자 nahere@sedaily.com    [서울경제 관련뉴스] 파격 요금인하 KT ‘데이터ON’인기...사흘만 가입 10만명 돌파 KT ""LTE빔 프로젝트 최대 100인치로 즐기세요"" KT ""필리핀에 'ICT 희망 교실' 선물했어요"" KT 전력중개사업 나선다  서영일 KT 센터장 ""블록체인 통해 다양한 데이터 거래""   ▶▶ 2018년 정부 정책 수혜주 TOP 10 大공개! (바로 확인)  ▶▶ 재료노출 임박한 상위1%의 극비정보 30명한정 공개(무료)    [ ⓒ 서울경제, 무단 전재 및 재배포 금지]"
229,4,"2018-06-06","16:58:39","[MT리포트]8·2대책 이후 '장롱 속 청약통장' 잘 쓰려면","[머니투데이 박치현 기자] [[규제의 역설, 청약 광풍]가점제·특별공급 대폭 확대…고가점자는 85㎡ 이하 노려야]   지난해 8월 정부는 '실수요 보호와 단기 투기수요 억제를 통한 주택시장 안정화 방안'(8·2대책)을 발표했다. 단기 투자수요는 억제하고 무주택 실수요자를 중심으로 부동산시장 안정을 꾀하기 위해서다. 이때 청약제도도 바뀌었다.   8·2대책으로 개편된 청약제도의 핵심은 가점제 강화다. 가점제는 무주택기간(최고 32점), 부양가족 수(최고 35점), 청약저축 가입기간(최고17점)을 합산해 당첨자 순서를 정하는 것이다. 먼저 투기과열지구와 조정대상지역에서 민영주택 가점제 적용 비율이 확대됐다.   투기과열지구에서 분양하는 85㎡(전용면적) 이하 주택은 100% 가점제가 적용되고 85㎡ 초과는 절반이 가점제, 나머지는 추첨제로 당첨자가 결정된다. 조정대상지역은 85㎡ 이하 가점제 적용비율이 기존 40%에서 75%로, 85㎡ 초과는 0%에서 30%로 늘었다.   8·2대책 이전에는 미계약 발생 시 추첨으로 선정된 청약신청자들이 빈자리를 채웠지만, 이제는 1순위 지원자 중 가점이 높은 순으로 기회가돌아간다. 다만 1순위가 미달되면 2순위 지원자 중 추첨으로 당첨자를 뽑는다.   1순위 자격 요건 강화로 투기 목적으로 청약에 나서는 것을 막는 조치도 취해졌다. 투기과열지구·조정대상지역의 1순위 자격요건이 청약통장 가입 후 2년, 납입횟수 24회(국민주택)로 강화됐다. 당첨 후 2년간 가점제 청약에서 배제된다.   함영진 직방 빅데이터랩장은 ""가점을 올리는 가장 수월한 항목은 '부양가족'을 늘리는 것이고, 1명당 가점 5점이 붙는다""며 ""가점이 높은 수요자는 85㎡ 이하 주택형을 신청하면 당첨확률을 높일 수 있다""고 말했다.   지난달에는 특별공급(특공) 제도도 개편됐다. 투기과열지구에서 분양가가 9억원이 넘는 주택은 특공에서 제외 시켰고, 미계약 특공 물량도 일반분양물량으로 전환 되지 않도록 했다. 인터넷 청약도 의무화가 됐다.   신혼부부 특공 비율이 기존 2배로 확대됐고, 조건도 혼인 5년 내에서 7년 내로 늘었다. 유자녀 조건은 폐지됐다.   함 랩장은 ""특별공급 청약은 다자녀·신혼부부 등 조건이 복잡해 경쟁률이 상대적으로 낮다""며 ""혹시 (특공에서) 떨어져도 같은 단지 일반물량 청약이 가능해 실수요자는 가점제 보다 특공을 노리는 것이 좋다""고 말했다.     주식담보대출도 이제 부담없는 금리로 가능(안내: 02-3775-1497)   ▶▶ 2018년! 하반기를 뜨겁게 달굴 ""급등 유력株"" TOP.10 긴급공개 (클릭)   ▶▶ 단독! 정책+수급+실적 3박자를 두루 갖춘 TOP 시크릿 급등 유망주 지금 공개 (클릭)     [파워 인터뷰]      [관련기사] ☞ '김정은 전용기 추락'…고사 지내는 日 우익들 ☞ 한지민, 헌시 낭송…박근혜 정부 땐 '현빈·이서진'  ☞ ""시선강간 싫다면서 왜 벗냐""… '맨가슴 시위' 시끌시끌 ☞ '58년 개띠'의 은퇴…한국, 車 산업 변화가 시작된다 ☞ '롯데월드타워 등반' 알랭 로베르, 75층서 중단       주식매입자금? 전화 한통화면 당신은 스마트컨슈머!    최저금리로 신용·미수 대환 하는 가장 경제적인 방법 (바로 확인)   ‘개미’말고 ‘슈퍼 투자자’되고 싶다면?...‘이것’만 잘 이용해도 가능해요!       박치현 기자 wittgen@mt.co.kr    <저작권자 ⓒ '돈이 보이는 리얼타임 뉴스' 머니투데이, 무단전재 및 재배포 금지>"
229,5,"2018-06-06","16:58:00","[아시아증시] 무역갈등 경계감 속 일본 상승","[시드니=뉴스핌] 권지언 특파원 = 6일 아시아 증시는 한산한 분위기 속에일본이 오르고 중국은 보합 마감했다. 전반적인 투자 심리는 개선됐지만, 무역 관련 불안감이 분위기를 짓눌렀다.   도쿄 외환시장 모습. [사진=로이터 뉴스핌]  간밤 월스트리트저널(WSJ)은 중국이 지난주 진행된 미국과 3차 무역협상에서 700억 달러 규모의 미국산 재화 구입을 제안했다고 소식통을 인용해 보도했다. 도널드 트럼프 행정부가 관세 위협을 멈춘다는 조건 하에 중국 정부가 미국산 농산물과 에너지 관련 재화를 첫해 700억 달러 규모로 구입하겠다 제안이었다.  캐피탈링크 인터내셔널 최고경영자(CEO) 브렛 맥고네갈은 “언제나그렇듯 트럼프가 헤드라인을 장식했다”면서 ""중국이 무역 협상에 오픈된 입장을 시사했지만 결국 트럼프 행정부가 다음에 어떤 조치를 취하는지가 관건”이라고 지적했다.  현재 미국은 캐나다, 멕시코와도 무역 협상을 해야 하는 상황으로, 래리 커들로 미국 백악관 국가경제위원회(NEC) 위원장은 트럼프 대통령이 북미자유무역협정(NAFTA)을 캐나다, 멕시코와 각각 별도의 무역협정으로 전환하는 방안을 검토 중이라고 전했다. 다만 이것이 나프타 종료를 의미하는 것인지는 아직 알 수 없는 상황이다.  장 초반 아래를 향했던 일본 증시는 반등에 성공, 2주래 최고치로 마무리했다. 일부 차익 매물이 나오긴 했지만 달러/엔 환율이 장중 109.93엔까지 오르면서(엔화 약세) 자동차 등 수출 업종을 지지했다.  닛케이지수는 전날보다 0.38%, 86.19엔 오른 2만2625.73으로 거래를 마쳤고, 토픽스지수는 0.15%, 2.63포인트 상승한 1777.59로 마감됐다.  ▶ 마누라 몰래 세컨드 통장만들기  ▶ 옆집 누나 매일 차 바꿔타는 이유?  중국 증시는 보합권에서 마무리됐다. 운송 및 원자재 관련 업종은 올랐지만 은행, 부동산 업종이 내리면서 상승분을 상쇄했다. 상하이지수는 전날보다 0.03% 오른 3115.18로 마감됐다.   홍콩 증시는 기술주 주도로 오름세를 연출 중이다. 이대로 마무리한다면 5거래일 연속 상승 마감을 기록하게 된다.  한국시간 기준 오후 4시 53분 현재 항셍지수는 전날보다 0.45% 오른 3만1232.17을 지나고 있다.     kwonjiun@newspim.com [아시아증시] 대만 제외 상승…IT에 웃은 日·中 [아시아증시] 일제히 상승…美 증시 상승에 일본도 ↑ [아시아증시] 혼조세…""亞 제조업 둔화 징후+무역 갈등 우려"" [아시아증시] 일제히 상승…이탈렉시트 우려↓·제조업 확장에 中 '방긋' [아시아증시] 일제히 하락…이탈리아 정국 불안에 아시아 '눈물'      ▶ 500만원으로 3억만들기 50번째 주인공 탄생! [확인]  퇴직금 100만원으로 ""이것""해 35억 번 중년男 김모씨 화제!  / 최저금리 맞춤서비스 진행중 / 10분이면 4배자금가능 / 24 시간 친절상담센터 1522-3233 / 씽크풀  ★세력 입성 전, 집중공략! 20인의 전문가가 만장일치한 급등 유력株 ""오늘""만 전격공개!"
229,6,"2018-06-06","16:57:43","특허청 '발명체험 한마당'","▶▶ 2018년 정부 정책 수혜주 TOP 10 大공개! (바로 확인)  ▶▶ 재료노출 임박한 상위1%의 극비정보 30명한정 공개(무료)    [ⓒ 서울경제, 무단 전재 및 재배포 금지]"
229,7,"2018-06-06","16:57:36","LG화학, 동남아서 폐렴구균 백신임상 2상 돌입","LG화학이 동남아시아에서 폐렴구균 백신 임상 2상에 돌입한다. 국내에서 임상 1상을 마친 후보물질로 해외에서 영유아 대상으로 본격적인 임상을 실시해 개발에 속도를 낸다는 전략이다.   6일 제약업계에 따르면 LG화학이 개발 중인 폐렴구균 백신 후보물질 ‘LBVE’의 임상 2상 시험에 대한 구체적인 계획이 글로벌 임상시험 정보 사이트 ‘클리니컬트라이얼스’에 공개됐다.  이번 임상 2상 시험은 생후 6~8 주의 영유아 230명을 대상으로 LBVE와 다국적제약사 화이자의 폐렴구균 백신 ‘프리베나13’을 각각 주사해 안전성과 면역원성을 확인하는 방식으로 진행된다.   LG화학 관계자는 “LBVE는 지난해 국내 임상 1상 시험을 마치고 동남아에서 임상 2상을 진행 중”이라며 “국내에서는 풍부한 임상 데이터 확보를 위해 폐렴구균 백신 후보물질(LBVE01, LBVE02)의 임상 1상을 추가로 승인받은 상황”이라고 설명했다.   폐렴구균 백신은 폐렴을 일으키는 주요 원인균인 폐렴구균의 감염을 예방하는 백신이다. LG화학이 임상시험에서 비교 대상으로 삼은 화이자의 프리베나13은 전 세계 폐렴구균 백신 시장 매출 1위를 차지하고 있다. 국내에서는 프리베나가 폐렴구균 백신 시장의 80% 이상을, 나머지는 또 다른 다국적제약사 GSK의 ‘신플로릭스’가 점유하고 있다.  /김경미기자 kmkim@sedaily.com    ▶▶ 2018년 정부 정책 수혜주 TOP 10 大공개! (바로 확인)  ▶▶ 재료노출 임박한 상위1%의 극비정보 30명한정 공개(무료)    [ⓒ 서울경제, 무단 전재 및 재배포 금지]"
230,1,"2018-06-06","16:42:18","'김비서가 왜 그럴까' 첫방 D-day, 박민영…로코 여신의 귀환","@media all and (max-width: 400px) {img{max-width:340;height:auto;}}.dayTBL a:link {font-family: 돋움;font-size: 11px;line-height: 18px;color:#666666;text-decoration: none}.dayTBL a:visited {font-family: 돋움;font-size: 11px;line-height: 18px;color: #666666;text-decoration: none}.dayTBL a:hover {font-family: 돋움;font-size: 11px;line-height: 18px;color: #840000;text-decoration: none}.dayTBL nobr {width:85px; text-overflow:ellipsis; overflow:hidden; cursor:pointer; float:left}.todayBDb {border-bottom: #000000 0.5pt solid}.tblGrp{padding:0; border-spacing:0; border-collapse:collapse; border:0;vertical-align:top;width:279px}.tblGrp td{vertical-align:top}.dayTBL {width:93px; padding:0; border-spacing:0; border-collapse:collapse; vertical-align:top; border:0}.dayTBL td{font-size:12px; font-family:돋움; color:#333333;line-height:18px;padding:0}.divSch1{float:left}.divSch2{float:left}.tdSch{border: #E6E6E6 0.1pt solid;height:75;padding:0}.tdSchToday {border: #000000 1pt solid;height:75;background-color:#fffff0;padding:0}.tdSchTomorrow {border-left:0}.tdSchYesterday {border-right:0}.tdDate{background-color:#c8e7ff;height:10;text-align:center}.ad {text-align:center; font-size:8pt; font-family:돋움;line-height:1.2}.lg {margin-bottom:20px;}.title{font-size:15px;color:#203c76;font-weight:bold;margin-bottom:20px;}a,img {border:0; outline:none; selector-dummy:expression(this.hideFocus=true);}body,td,select,input,div,form,textarea,center,option,pre,blockquote {font-size:9pt; line-height:1.6; font-family:돋움;}table{border:0px;}r {display:none;}    제목 : '김비서가 왜 그럴까' 첫방 D-day, 박민영…로코 여신의 귀환"
230,2,"2018-06-06","16:41:37","바른미래당 ""한나라당 매크로 댓글조작 의혹, 민주당 면죄부 아냐""","/사진=연합뉴스  바른미래당은 6일 자유한국당의 전신인 한나라당의 매크로(자동입력반복) 댓글 조작 의혹 관련 정부 여당이 나선것에 대해 ""민주당 여론조작의 면죄부가 아니다""라는입장을 밝혔다.  권성주 바른미래당 대변인은 이날 논평을 통해 ""지난 2007년 대선 당시 한나라당도 댓글조작을 했다는 의혹에 정부 여당이 총공세에 나섰다""면서 ""민주당은 한나라당 당시의 댓글조작 의혹에 대해 증거인멸의 가능성이 높다며 검찰에 고발할 예정이라고 한다""고 말했다.  권성주 대변인은 ""정부 여당을 감싸면서 국민적 지탄을 받은 경찰이 이번엔 얼마나 신속히 움직일지 씁쓸한 관전 포인트가 생겼다""면서 ""중요한 것은 이 두 거대 기득권 정당을 바라보는 국민의 시선""이라고 꼬집었다.  권 대변인은 이어 ""정부 여당은 한나라당부터 댓글조작 했으니 '우리는 죄 없다'는 말이 하고 싶을지 모르나, 국민 눈엔 '도긴 개긴'이자 '끼리끼리 비방전'일 뿐""이라며 ""외롭지 않게 같이 조사 받을 동지가 생길 수도 있다는 위로 일 순 있어도, 그것이 결코 민주당의 대선 여론조작 범죄 면죄부가 되지는 않는다""고 강조했다.  권 대변인은 ""과거 한나라당의 조작 의혹이던 지난 대선의 민주당의 조작이던, 경찰과 특검의 공정하고 성역 없는 조사를 통해 대한민국 민주주의와 정의가 살아 있음이 증명되길 바란다""고 덧붙였다.  gloriakim@fnnews.com 김문희 기자  ▶'모멘텀 집중' 저가에서 매집해둬야 할 상반기 유망주 3선 (지금 확인)   [파이낸셜뉴스 주요뉴스]  → 北 김정은 묵는 호텔 하루 숙박비 '642만원' 누가 지불? → ""선거 알바클라스가 다르네"".. 선거운동원 '깨방정 댄스' 화제 → ""학원 여교사가 초등생 제자 2명과 성관계"" → 견과류 일주일에 3번이상 먹으면 나타나는 변화 → 국방부에 도착한 두테르테가 가장 먼저본 국산 무기  ▶ <긴급공개> 억대계좌 이종목에서 또 터진다!    ※ 저작권자 ⓒ 파이낸셜뉴스. 무단 전재-재배포 금지 "
230,3,"2018-06-06","16:41:31","인천시, 의료코디네이터 사업 본격 추진","[헤럴드경제(인천)=이홍석 기자]인천광역시와 인천관광공사는 올해 다문화여성을 의료코디네이터(의료관광 통역사)로 양성하고, 지역 의료기관에 통역사를 파견하는 ‘의료코디네이터 양성 및 지원 사업’을 본격 시행한다고 6일 밝혔다.  의료코디네이터 지원희망 병원은 오는 7일부터 ‘인천의료관광정보시스템(MTIS)’에 서비스 이용 신청을 할 수 있으며, 인건비의 일부는 인천시가 부담한다.  현재 인천의 외국인환자 유치 등록 의료기관 63개소 중 17개소만 의료코디네이터가 상주하고 있다.  시는 또 다양한 언어권별 통역사 양성과 인천의 결혼이민자들의 전문적인 역할 증대를 위해 이들을 의료코디네이터로 신규 양성하는 사업도 펼친다.  김혜경 인천시 보건정책과장은 “더 많은 외국인 환자 유치를 위해 그 나라의 언어와 문화까지 이해하는 전문 의료관광 통역사를 병원에 연계하는 사업을 추진한다”고 설명했다.  한편 지난해 외국인 의료관광객 수 전국 4위를 한 인천시는 1만4500여명의 환자를 유치, 지난 2016년 1만2900여명 대비 12.2% 상향돼 전국에서 유일하게 두자리 수 이상 성장했다.  gilbert@heraldcorp.com   [프리미엄 링크] ◆ [평생무료] ""주식카톡방"" 대박주를 추천받는데 100원도 안낸다~ ◆ 무료O, 회원가입X. 바로보는 증권전문가의 실시간 라이브방송.  10%수익을 40%로 만들어 준다고?? 영웅스탁론이라면 가능~! [영웅스탁론]효과적인 레버리지를이용하여 수익률을 4배로!!    이 종목 미리 알았더라면.. 화제의 급등주검색기 실전투자 300%비법 무료체험 3일신청시 [즉시공개!]    김태희, 로또 대박?! 20억 당첨금 공개..    테마주!외국인+기관 쌍끌이 매집중인 종목 전문가들도 탐내는 급등주 공식 무료배포! [클릭]    [오늘의 인기기사] ◆ [국대스탁론]업계 최저금리 2.29%! 100%한종목 투자가능+신용/ 미수 대환가능 ◆ [국민스탁론]저렴한 연2.7% 금리로 최대 4배 투자 가능 ◆ [마감임박] '급등주 문자메시지' 100% 무료로 받아보기! ◆ [상한가속출] ""깜짝놀랐다"" 카톡무료체험으로 3000만원 수익달성!  ◆[밴드스탁론] 연 2%대 금리, 신용 미수 대환 가능, 주식자금 전문 ☏ 1899-9044 ◆똑똑해진 소비자..한국도 이젠 소형차 시대 ◆2020년 한국 TV 2대중 1대 인터넷 연결된다"
230,4,"2018-06-06","16:41:23","[지방선거]박남춘 인천시장 후보, 미래세대 행복 배려한 ‘지속가능 인천 선언’","- 시민의 정주권 차별 없이 보장  [헤럴드경제(인천)=이홍석 기자]박남춘 더불어민주당 인천시장 후보는 6일 오후 인천시 남구 주안 캠프에서 윤관석 민주당 인천시민주권선대위원장, 박찬대 국회의원 등이 참석한 가운데 ‘지속가능발전 도시 인천’을 실현하기 위한 ‘지속가능인천 선언식’을 가졌다.  박남춘 인천시장 후보 선거대책위원회 지속가능발전위원회(위원장 홍미영 공동선대위원장)가 마련한 이날 행사에서 박 후보는 “인천 지역 소비전력의 3배 정도를 생산하는 선탄화력발전소가 초미세먼지를 막대하게 배출하지만 인천시는 속수무책”이라고 지적했다.     그는 이어 “시민의 의견을 외면하는 거대한 개발일수록 화석연료의 소비가 많고 지역 환경을 돌보지 않는다”며 “이에 따른 이익의 독점으로 인해 경제정의는 약화되고 양극화는 심화된다”고 우려했다.  박 후보는 미래세대도 행복한 삶을 이어갈 권리가 있는 만큼 내일의 시민이 골고루 행복할 수 있도록 사회적 경제를 적극적으로 확대하고 생태계의 안전을 도모해야 한다고 강조했다.  유엔(UN)이 ‘지속가능발전’이 있는 삶을 국가와 지방정부에 제안하는 점을 감안, 후손은 물론 자연도 소외되지 않는 ‘상생의 경제’를 펼쳐 나가기 위해 ‘지속가능인천 선언’을 하게 됐다고밝혔다.  박 후보는 시장에 당선되면 시민의 정주권을 차별 없이 보장, 소외받던 지역을 공동체 문화가 담긴 인천으로 바꿔 파헤쳐진 해안과 녹색 경관을 되살리며 보전할 것이라고 덧붙였다.  중소상공업과 자영업에 대한 지원과 육성에 적극적으로 나서 수익 대부분을 인천 밖으로 내보내는 대형유통기업보다 지역을 기반으로 함께 성장하며 일자리와 이윤을 나누는 사회적 경제를 적극 지원, 인천에서사회적 경제를 ‘대안 경제’로 만들 계획이라고 소개했다.  환경 재난을 막기위해 녹지와 습지를 확대하고 경유차 관리를 강화하는 한편, 석탄화력발전소에 대한 엄격한 감시와 통제로 초미세먼지 발생을 최대한 억제할 것이라고 주장했다.  미래세대의 행복을 배려하는 ‘세대정의’와 생태계의 안정을 도모하는 ‘생태정의’의 자세로 ‘지속가능도시 인천’ 구현에 정책 우선순위를 둬, 미래세대 욕구를 방해하지 않는 범위 안에서 현 세대의 발전을 지향하겠다는 구상을 내 놓았다.  이를 위해 시민사회와 더불어 ‘지속가능지표’를 마련, 행정업무 평가의 우선순위에 놓고 투명하게 공개해 현재의 시민과 다음 세대가 두루 행복한 인천을 만들 것이라고 강조했다.  더불어민주당 인천시민주권선대위 지속가능발전위원회는 6ㆍ13 선거기간 중 ‘지속가능한 도시 실현 캠페인’을 지속적으로 벌일 예정이다.  이날 행사에서는 인천 한부모가족협의회의 ‘아름다운 세상’ 합창 공연 등도 펼쳐졌다.  앞서 박 후보는 지난 5일 서해5도 평화수역 운동본부와 ‘서해평화도시 인천만들기정책협약’을 체결했다.  박 후보는 이날 서해5도 평화수역 운동본부가 제안한 서해 북방한계선(NLL) 접경지역인 서해5도의안전과 평화 등 평화도시 인천 만들기를 위한 5대 공약을 받아들였다.  gilbert@heraldcorp.com   [프리미엄 링크] ◆ [평생무료] ""주식카톡방"" 대박주를 추천받는데 100원도 안낸다~ ◆ 무료O, 회원가입X. 바로보는 증권전문가의 실시간 라이브방송.  10%수익을 40%로 만들어 준다고?? 영웅스탁론이라면 가능~! [영웅스탁론]효과적인 레버리지를 이용하여 수익률을 4배로!!    이 종목 미리 알았더라면.. 화제의 급등주검색기 실전투자 300%비법 무료체험 3일신청시 [즉시공개!]    김태희, 로또 대박?! 20억 당첨금 공개..    테마주!외국인+기관쌍끌이 매집중인 종목 전문가들도 탐내는 급등주 공식 무료배포! [클릭]    [오늘의 인기기사] ◆ [국대스탁론]업계 최저금리 2.29%! 100%한종목 투자가능+신용/ 미수 대환가능 ◆ [국민스탁론]저렴한 연2.7% 금리로 최대 4배 투자 가능 ◆ [마감임박] '급등주 문자메시지' 100% 무료로 받아보기! ◆ [상한가속출] ""깜짝놀랐다""카톡무료체험으로 3000만원 수익달성!  ◆[밴드스탁론] 연 2%대 금리, 신용 미수 대환 가능, 주식자금 전문 ☏ 1899-9044 ◆똑똑해진 소비자..한국도 이젠 소형차 시대 ◆2020년 한국 TV 2대중 1대 인터넷 연결된다"
230,5,"2018-06-06","16:41:05","[지방선거]유정복 인천시장 후보, 장애인 점자형 선거공약서 배포","- 장애인 참정권 위해 공약서 제작 - 현충일 추모식 참석 위로의 마음 전달  [헤럴드경제(인천)=이홍석 기자]유정복 자유한국당 인천시장 후보가 유세 발언을 듣지 못하고 공약 내용을 보지 못하는 장애인 유권자들을 위해 점자형 선거공약서를 마련했다.  유정복 후보 선거캠프는 장애인 참정권을 위해 ‘인천시장 선거 자유한국당 기호 2번 유정복 후보 점자형 선거공약서’를 제작해배포하고 있다고 6일 밝혔다.     공직선거법에 따르면 지난 2016년부터 의무화된 점자형 선거공보물을 작성해 배포할 수 있다.  유 후보 측은 의무화된 선거공보물 외에 시각장애인을 위한 점자 선거공약서를 추가로 만들었다.  유 후보 점자형 선거공약서 내용은 후보자가 작성한내용을 동일하게 반영해 총 16매로 만들어졌다.  유 후보 선거캠프 관계자는 “장애인들이 비장애인과 동등한 참정권을 보장받을 수 있도록 캠프에서 점자형 공약서를 만들어 보급하고 있다”며 “민선6기에서도 장애인을 위한 다양한 사업을 추진한데 이어 장애인을 위한 공약들을 공약서에서 확인할 수 있다”고 말했다.    유정복 인천시장 후보가 6일 오전 제63회 현충일을 맞아수봉공원 현충탑에서 참배를 마친 뒤 시민들에게 인사 하고 있다.  유 후보의 장애인 인권보호를 위해 민선6기 시장 재임 시절 장애인가족이 행복한 맞춤형 복지사업을 성공적으로 추진한 바 있다.  발달장애인 지원체계를 위한 인천발달장애인지원센터를 운영하고 장애아동과 그 가족들을 위한 가족테마여행, 모임지원, 가족양육지원, 재활서비스를 제공했다.  또 중중장애인 활동과 응급안전알림 서비스를 도입하고 여성장애인을 위한 출산비용지원과 교육지원을 실시했으며 장애인 콜택시를 260대에서 290대로 확충했다.  유 후보는 이번에도 장애인을 위한 공약들을 내걸었다.  인천 소재 장애 성인들의 학력보완을 위한교육과 직업능력교육을 제공할 수 있는 장애인평생교육관을 건립한다.  이를 실현하기 위해 교육부에 인천장애인평생교육관의 국가건립을 요청하고 장애인평생교육 지원을 확대할 수 있는 방안을 마련할 계획이다.  장애인과 장애인 가족들이 심신을 단련하고 휴식을 즐길 수 있는 제2 장애인전문체육관 건립할 계획이다.  앞서 유 후보는 6일 오전 수봉공원 현충탑에서 열린 제63회 현충일 추념식에 참석했다.  유 후보는 이날 미망인과 참전 용사들에게 일일히 인사를 나누며 위로했다.      gilbert@heraldcorp.com   [프리미엄 링크] ◆ [평생무료] ""주식카톡방"" 대박주를 추천받는데 100원도 안낸다~ ◆ 무료O, 회원가입X. 바로보는 증권전문가의 실시간 라이브방송.  10%수익을 40%로 만들어 준다고?? 영웅스탁론이라면 가능~! [영웅스탁론]효과적인 레버리지를 이용하여 수익률을 4배로!!    이 종목 미리 알았더라면.. 화제의 급등주검색기 실전투자 300%비법 무료체험 3일신청시 [즉시공개!]    김태희, 로또 대박?! 20억 당첨금 공개..    테마주!외국인+기관 쌍끌이 매집중인 종목 전문가들도 탐내는 급등주 공식 무료배포! [클릭]    [오늘의 인기기사] ◆ [국대스탁론]업계 최저금리 2.29%! 100%한종목 투자가능+신용/ 미수 대환가능 ◆ [국민스탁론]저렴한 연2.7% 금리로 최대 4배 투자 가능 ◆ [마감임박] '급등주 문자메시지' 100% 무료로 받아보기! ◆ [상한가속출] ""깜짝놀랐다"" 카톡무료체험으로 3000만원 수익달성!  ◆[밴드스탁론] 연 2%대 금리, 신용 미수 대환 가능, 주식자금 전문 ☏ 1899-9044 ◆똑똑해진 소비자..한국도 이젠 소형차 시대 ◆2020년 한국 TV 2대중 1대 인터넷 연결된다"
230,6,"2018-06-06","16:38:17","'커리어 우먼이 사랑한 디자이너' 케이트 스페이드, 자택서 숨진 채 발견","미국 커리어 우먼들이 사랑한 핸드백 브랜드 ‘케이트 스페이드’의 패션 디자이너케이트 스페이드(56)가 생을 마감했다.   연예매체 TMZ를 비롯한 미 언론들은 스페이드가 5일(현지시간) 미국 뉴욕의 아파트에서 숨진채 발견됐다고 전했다. 미국 뉴욕 경찰은 이날 오전 스페이드가 맨하튼에 있는 자신의 아파트 침실에서 목을 맨 상태로 발견됐다고 보도했다. CNN 방송은 현장에 유서가 발견됐고 그 안에는 13살 딸에게 보내는 메시지와 남편 앤디 스페이드에 대해 언급한 내용도 담겨있다고 전했다. 경찰은 현재 스페이드가 스스로 목숨을 끊은 것으로 보고 있다.  스페이드는 1962년 미 미주리주 캔자스시티에서 태어났다. 본명은 캐서린 노엘 브로스너헌이다. 애리조나주립대 시절 저널리즘을 전공한 그는 이때 남편이 된 앤디를 만났다. 대학 졸업 이후 뉴욕의 잡지 마드모아젤에서 패션 부문 어시스턴트와 에디터로 일했던 스페이드는 1993년 남편과 함께 자신의 이름을 딴 핸드백, 액세서리 브랜드인 케이트 스페이드를 세웠다. 스페이드가 론칭한 케이트 스페이드는 특유의 밝은 색과 프린트로 세련된 도시 커리어 우먼의 인기를 끌었고 귀엽고 발랄한핸드백으로 사랑받았다. 이후 ‘케이트 스페이드’는 성장을 거듭하며 미국 내 수많은 매장을 갖게 됐지만 스페이드는 사업과 조금씩 거리를뒀고 2007년 리즈 클레이번사가 회사를 인수하게 된다. 지난해 5월에는 패션 브랜드 코치가 24억 달러에 케이트 스페이드를 인수해 화제가 됐다.   스페이드의 사망 소식에 미국 전역에서 추모의 글이 전해졌다. 케이트 스페이드 회사는 성명을 통해 “케이트는 10년 이상 브랜드 소속이 아니었지만, 케이트와 남편 앤디는 우리가 사랑하는 브랜드의 창립자였다”며 “케이트가 몹시 그리울 것이다. 우리는 앤디, 전체스페이드 가족과 함께 애도할 것이다”라고 밝혔다. 미 패션디자이너협회(CFDA)는 인스타그램 계정을 통해 “케이트는 미국 패션과 액세서리를 보는 세계의 시각에 엄청난 영향을 준 대단한 재능을 가진 사람”이라며 조의를 표했다.   유명 인사들 또한 스페이드의 죽음에 대한 애도의 메시지를 보냈다. 도널드 트럼프 미국 대통령의 딸인 이방카는 “스페이드의 비극적인 죽음은 우리가 다른 이의 고통이나 그들의짐을 결코 알지 못한다는 것을 알게 해준다”며 “당신이 우울증과 자살 생각으로 괴로워하고 있다면, 부디 도움을 청하세요”라고 말했다.배우 민디 캘링은 트위터에 “나는 그녀의 옷을 여러 번 입었다. 그것은 화려하고, 대담하고, 쾌활했고 사람을 반짝반짝 빛나게 해줬다”고추모했고, 빌 클린턴 전 미 대통령의 딸 첼시는 트위터에 “대학에 있을 때 할머니가 첫 케이트 스페이드 가방을 주셨고 여전히 갖고 있다”고 애도했다. /이종호기자 phillies@sedaily.com    ▶▶ 2018년 정부 정책 수혜주 TOP 10 大공개! (바로 확인)  ▶▶ 재료노출 임박한 상위1%의 극비정보 30명한정 공개(무료)    [ⓒ 서울경제, 무단 전재 및 재배포금지]"
230,7,"2018-06-06","16:37:53","이란 ""2년 내 원전 1.5기가 연간 소모 우라늄 농축""","[아시아경제 권해영 기자] 이란 원자력청은 향후 2년 내 19만SWU(분리작업량 또는 농축서비스단위)의 우라늄 농축 능력을 보유하게 된다고 5일(현지시간) 밝혔다.   이날 알리 아크바르 살레히 이란 원자력청장은 ""최고지도자의 지시대로 핵합의 틀 안에서 19만SWU의 우라늄 농축 능력을 보유하는 데 1년 반에서 2년 정도가 걸릴 것""이라며 ""이를 위한 실제적인 조치에 착수했다""고 밝혔다.   19만SWU의 우라늄 농축 능력은 발전용 원자로 1.5기가 연간 소모하는 저농축 상업용 우라늄을 농축하는 용량이다.    ●남북경협株 선취매 all 포착.. 실적 기반 차기 주도주 '바로' 이종목! (클릭) ●'부자네스탁론' 3년 고정금리 4.15% 100% 집중투자까지 ●'대박스탁론' 3년 고정금리 3.99% 100% 집중투자까지 ●500만원투자 단 6개월만에 3억달성! 원포인트 투자종목 공개  [관련기사]  ☞ 코트라 '이란 비상대책반' 가동☞ 이란 원유 수입 감소 지속…러시아·카자흐 수입량 늘어  ☞ 한은 ""美 이란핵협정 탈퇴 관련, 유가 불확실성 크다""  ☞ 핵합의 공동위 ""미 탈퇴 유감, 이란진출기업 보호""  ☞ 이란 외무장관, 美 폼페이오에 ""비논리적이고 무례해 대응할 가치 없다""    퇴직 후 백만원으로 ""35억""번 60대男 화제! 60대 김모씨가 퇴직 후 하게 된""이것""이 35억의 대박을...  터지기 전, 잡아라!! 상반기300%이상 상승이 기대되는 대박 테마주는? 이슈 전 선취매 주식고수들만 안다는 슈퍼 우량 테마주 남들보다 먼저 받아보기    권해영 기자 roguehy@asiae.co.kr   <ⓒ세계를 보는 창 경제를 보는 눈, 아시아경제(www.asiae.co.kr) 무단전재 배포금지>"
231,1,"2018-06-06","16:20:33","[선택 6.13]평화당 ""金-安 '단일화 막장드라마' 이제 그만""","-""철 지난 막장드라마 그만 끝내야... 시민들 눈살만 찌푸려""    김문수 자유한국당 서울시장 후보(왼쪽)와 안철수 바른미래당 후보.    민주평화당은 6일 김문수 자유한국당 서울시장 후보와 안철수 바른미래당 후보의 '단일화 논의'와 관련해 "" 막장드라마는 이제 그만 두라""고 촉구했다. 평화당 김형구 부대변인은 이날 논평을 통해 ""김문수 서울시장 후보와 안철수 후보의 단일화 논의가 한 편의 막장드라마로 치닫는 사이 이를 지켜보는 서울시민은 눈살만 찌푸리고 있다""며 이같이 밝혔다. 김 부대변인은 ""안철수 후보는 정체불명의 여론조사를 들이대며 무작정 양보를 요구하더니 지금은 김문수 후보가 단일화 마음조차 없었다고주장하며 진실게임으로 흐르고 있다""고 지적했다. 이어 ""안철수 후보는 특히 당 지도부와도 협의하지 않은 단일화로 내분을또 다시 자초하고 있다""며 ""지난 국민의당 분당사태 당시와 판박이""라고 비판했다. 또 ""안철수 후보의 학습능력이 없거나 또 다시 당 쪼개기를 각오하고 있던가. 둘 중 하나""라면서 ""철 지난 단일화 막장드라마를 그만 끝낼 것을 촉구한다"" 고 목소리를 높였다.  fnkhy@fnnews.com 김호연 기자  ▶'모멘텀 집중' 저가에서 매집해둬야 할 상반기 유망주 3선 (지금 확인)   [파이낸셜뉴스 주요뉴스]  → 北 김정은 묵는 호텔 하루 숙박비 '642만원' 누가 지불? → ""선거 알바 클라스가 다르네"".. 선거운동원 '깨방정 댄스' 화제 → ""학원 여교사가 초등생 제자 2명과 성관계"" → 견과류 일주일에 3번이상 먹으면 나타나는 변화 → 국방부에 도착한 두테르테가 가장 먼저본 국산 무기  ▶ <긴급공개> 억대계좌 이종목에서 또 터진다!    ※ 저작권자 ⓒ 파이낸셜뉴스. 무단 전재-재배포 금지 "
231,2,"2018-06-06","16:19:39","文대통령, 천안함 희생자부터 세월호 승조원 묘역까지 현충일 통합 행보","""남북관계 개선되면 비무장지대 유해발굴 우선 추진""    문재인 대통령과 부인 김정숙 여사가 6일 오전 국립 대전현충원에서 열린 제63회 현충일 추념식을 마친 뒤 천안함 46 용사 묘역을 찾아 박경수 상사의 묘비를 쓰다듬고 있다. 박 상사는 제2연평해전에서 부상을 입었었고, 다시 천안함에서 함상 근무도중 희생됐다. 연합뉴스  문재인 대통령은 6일 ""남북관계가 개선되면 비무장지대의 유해발굴을 우선추진하겠다""고 밝혔다.  문 대통령은 이날 국립대전현충원에서 열린 제63회 현충일 추념식에 참석, ""한국전쟁에서 전사한 군인과 경찰의 유해발굴도 마지막 한 분까지 계속해 나갈 것""이라며 ""미군 등 해외 참전용사들의 유해도 함께 발굴할 수 있을것""이라고 말했다.  이날 문 대통령은 추념사에서 ㅁ비무장지대 유해발굴 구상 외에 북한과 관련된 메시지는 내놓지 않았다. 남북관계 개선과 비핵화를 목표로 한 북·미 정상회담을 앞두고 있다는 점 등이 작용한 것으로 보인다.   문 대통령은 대신 천안함 46용사 묘역과 제2연평해전 전사자 묘역을 찾아 헌화와 분향을 함으로써 남북관계 개선 국면에서도 용사들의 희생을 잊지않겠다는 '무언의 메시지'를 내보냈다. 이는 '애국·보훈'이 진영 논리의 재료가 돼선 안된다는 점을 드러낸 것이기도 하다. 문 대통령이 추념사에서""애국과 보훈에 보수와 진보가 따로일 수 없다""며 ""나라를 나라답게 만드는 일에 국민이 마음을 모아달라""고 한 것도 이런 맥락이다.  이날 대전현충원에서 문 대통령의 동선은 '보훈은 국가가 끝까지 책임진다'는 뜻의 '428030 대한민국의 이름으로당신을 기억합니다'라는 올해 현충일 행사의 표어에 맞춰 짜여졌다. 428030은 전국 10개 국립묘지에 안치된 유공자 수다. 문 대통령은현충원 도착 직후 가장 먼저 한국전쟁에서 전사한 고(故) 김기억 육군 중사 등이 안장된 무연고 묘지를 찾았다. 문 대통령은 ""대한민국은 결코 그 분들을 외롭게 두지 않고 끝까지 기억하고 끝까지 돌볼 것""이라며 ""그것이 국가에 헌신했던 믿음에 답하고, 국민이 국가에 믿음을 갖게 하는, 국가의 역할과 책무일 것""이라고 강조했다. 추념식에 이어선 순직 소방공무원 추모식 참석, 독도의용수비대 묘역과 의사상자 묘역, 천안함 46용사 묘역 등 서해수호 전사자 묘역을 참배했다. 의사상자 묘역엔 세월호 승무원 순직자 3명도 안장돼 있다.세월호부터 서해수호 전사자 묘역을 둘러본 것이다.  문 대통령은 한편, 추념사를 통해 정부가 추진 중인 중국 충칭 광복군 총사령부 복원 작업이 중국 정부의 협력으로 임정 수립 100주년이 되는 내년 4월에 완료될 것이라고 언급했다.  대전현충원에서 현충일추념식이 열린 것은 1999년에 이어 두 번째다. 총 12만6050명(안장·위패 등)의 넋이 잠들어 있으며, 독립유공자와 참전유공자 및 군인 위주로 묘역이 조성된 서울현충원과 달리 의사상자와 독도의용수비대, 소방, 순직공무원 묘역까지 조성돼 있다. 청와대는 ""대전현충원에서 행사를 거행한 건 마지막 한 사람의 희생자까지 잊지 않겠다는 의미""라며 ""국가를 위해 희생·헌신한 분들을 처음부터끝까지 한 분 한 분 잊지 않고 기리기 위해 이날 전국에 있는 10곳의 국립묘지 모든 묘역에 대통령 명의의 조화를 놓았다""고 말했다.     ehcho@fnnews.com 조은효 기자  ▶'모멘텀 집중' 저가에서 매집해둬야 할 상반기 유망주 3선 (지금 확인)   [파이낸셜뉴스 주요뉴스]  → 北 김정은 묵는 호텔 하루 숙박비 '642만원' 누가 지불? → ""선거 알바 클라스가 다르네"".. 선거운동원 '깨방정 댄스' 화제 → ""학원 여교사가 초등생 제자 2명과 성관계"" → 견과류 일주일에 3번이상 먹으면 나타나는 변화 → 국방부에 도착한 두테르테가 가장 먼저본 국산 무기  ▶ <긴급공개> 억대계좌 이종목에서 또 터진다!    ※ 저작권자 ⓒ 파이낸셜뉴스. 무단 전재-재배포 금지 "
231,3,"2018-06-06","16:19:19","강소형통광전자(600487.SH), 자회사 프로젝트 낙찰 공시","강소형통광전자(600487.SH)는 최근 자회사 강소형통고압해저케이블이 ‘중광핵 양강 남붕도 해상 풍력발전소 프로젝트 220kV 해저 케이블 프로젝트’를 낙찰받았다고 공시했다.   해당 프로젝트의 낙찰가는 3.31억 위안이다.   공시일: 2018.6.6   출처: 상해증권거래소"
231,4,"2018-06-06","16:18:59","강소녕호고속도로(600377.SH), 초단기 융자권 발행 결과 공시","강소녕호고속도로(600377.SH)는 4일 10억 위안 규모의 2018년도 제2기 초단기 융자권 발행을 완료했다고 공시했다.   만기는 101일, 이자율은 4.35%다.   공시일: 2018.6.6   출처: 상해증권거래소"
231,5,"2018-06-06","16:18:35","김문수 ""박원순, 토목 죄악시해…김문수식 도시부활 만들 것""","김문수 자유한국당 서울시장 후보는 6일 ""낡은 건물을 보존하면서 벽화나 그리는 '박원순식 도시재생'이 아니라 주거생활환경을 개선하고 강남·북 격차도 해소하는 '김문수식 도시부활'을 만들겠다""고 말했다.  김 후보는 이날 SBS 라디오를 통한 방송연설에서 ""박원순 시장 7년 동안 서울은 정체되고 퇴보했다""며 이같이 밝혔다.  그는 "" 박 시장은 토목을 죄악시하고 집 짓고 이사할 자유를 빼앗아 갔다""며 ""시장을 바꿔야 서울이 바뀐다""고 했다.  용산 붕괴사고에 대해서도 ""정비구역을 지정한 지 10년이 넘었는데 재개발·재건축이 시행되지 않아 건물이 낡고 삭아서 주저앉은것""이라며 ""대형 사고가 날뻔했는데도 박 시장은 안전 문제는 구청장 탓이라며 책임을 회피하고 있다""고 날을 세웠다.  한반도 정세와 관련해서는 ""미북정상회담과 남북대화가 잘 되기를 바란다""면서도 ""최근 돌아가는 상황을 보면 핵무기 개발하는 뒷돈을 대주더니 이제는 핵무기 폐기비용까지 대주어야 할 형편이다""고 비판했다.  김 후보는 문재인 정부에 대해서도 ""적폐청산한다면서 대기업을 짓누르고 귀족노조의 편만 들고 있다""면서 ""이번 지방선거는 문재인 정부의 민생파탄을 심판하고 대한민국의 자유민주주의 시장경제를 지키는 선거다. 노무현 대통령에 이어 문재인 대통령이 추진하는 사회주의식 하향 평준화를 꼭 막아내겠다""고 강조했다.  한경닷컴 뉴스룸 open@hankyung.com     관련기사 ""내가 그런 걸 강남에 지어줄 사람인가""… 박원순, 강남·강북 편가르기 발언 논란 김문수·안철수 ""만날 계획 없다""… 단일화 여지는 남겨 안철수·김문수 단일화 막판 기싸움…극적 타협 가능할까 김문수 ""최저생계비 미달 4인 가구에 월평균 32만원 지원"" 김문수·안철수 ""박원순 3선 막자"" 공감… 단일화 셈법 '동상이몽'    ⓒ 한국경제 & hankyung.com, 무단전재 및 재배포 금지"
231,6,"2018-06-06","16:18:23","응암동 폭발사고 낸 50대 남성 입건…""테러 용의점 없어""(종합2보)","응암동 폭발사고 낸 50대 남성 입건…""테러 용의점 없어""(종합2보)  경찰, 수거 화약류 분류ㆍ국과수 감정 의뢰    (서울=연합뉴스) 최평천 이효석 기자 = 서울 응암동의 한 건물에서 폭발사고를 일으킨 50대 남성에 대해 경찰이 수사에 착수했다.  6일 서울 서부경찰서는 전날 자신의 주거지에서 화약류 폭발사고를 낸 A(53)씨를 총포ㆍ도검ㆍ화약류 등의 안전관리에 관한 법률 위반 혐의로 불구속 입건하고 수사하고 있다고 밝혔다.  경찰 등에 따르면 서울에 있는 한 회사의 방재실에서 일하는 A씨는 전날 오후 10시 38분께 서울 은평구 응암동의 5층 건물의 5층 주거지에서 폭발사고를 냈다.  이 폭발로 A씨는 심한 화상을 입고 병원에 이송됐다. 또 유리창이 깨지면서 인근에 주차된 차량도 일부 파손됐다.  A씨는 ""아세톤을 사용하는 도중 담배를 피우다 폭발이 났다""고 진술한 것으로 소방당국은 전했다. 소방당국은 ""폭발 장소에서 다량의 화학물질을 발견해 경찰에 신고했다""고 밝혔다.  경찰은 경찰특공대 폭발물 처리반(EOD) 등과 함께 현장감식을 실시했고, 현장에 있던 화약류 등을 모두 수거했다.  경찰은 ""테러 용의점은 없는 것으로 파악됐다""고 밝혔다.  경찰은 수거한 물질 중 화약류를 분류하고 있으며, 국립과학수사연구원 정밀 감정 등을 통해 화약 종류와 폭발 원인 등을 규명할 계획이다.  경찰은 가족 등 참고인 조사와 함께 화약류 구매처를 확인하는 작업도 펼치고 있다.  경찰 관계자는 ""A씨는 현재 생명에 지장은 없지만 수술이 필요한 상태여서 조사는 어렵다""면서 ""치료 일정에 따라 A씨 조사도 진행할 방침이라고 말했다.  pc@yna.co.kr, hyo@yna.co.kr   (끝)    <긴급속보 SMS 신청> <포토 매거진> < M-SPORTS >   <저작권자(c) 연합뉴스, 무단 전재-재배포 금지>"
231,7,"2018-06-06","16:18:18","화능국제전력(600011.SH), 초단기 융자권 발행 결과 공시","화능국제전력(600011.SH)은 최근 40억 위안 규모의 2018년도 제9기 초단기 융자권 발행을 완료했다고 공시했다.   만기는 180일, 이자율은 4.05%다.   공시일: 2018.6.6   출처: 상해증권거래소"
232,1,"2018-06-06","16:11:28","김문수 ""박원순 7년간 서울 퇴보…김문수식 도시부활 만들겠다""","김문수 ""박원순 7년간 서울 퇴보…김문수식 도시부활 만들겠다""   ""핵무기 개발 뒷돈 대주더니 핵 폐기비용까지 대줘야 할 형편""    (서울=연합뉴스) 이신영 기자 = 자유한국당 김문수 서울시장 후보는 6일 ""낡은 건물을 보존하면서 벽화나 그리는 '박원순식 도시재생'이아니라 주거생활환경을 개선하고 강남ㆍ북 격차도 해소하는 '김문수식 도시부활'을 만들겠다""고 말했다.  김 후보는 이날 SBS 라디오를 통한 방송연설에서 ""박원순 시장 7년 동안 서울은 정체되고 퇴보했다""며 이같이 밝혔다.  그는 ""박 시장은 토목을 죄악시하고 집 짓고 이사할 자유를 빼앗아 갔다""며 ""시장을 바꿔야 서울이 바뀐다""고 했다.  용산 붕괴사고에 대해서도 ""정비구역을 지정한 지 10년이 넘었는데 재개발ㆍ재건축이 시행되지 않아 건물이 낡고 삭아서 주저앉은 것""이라며 ""대형 사고가 날뻔했는데도 박 시장은 안전 문제는 구청장 탓이라며 책임을 회피하고 있다""고 날을 세웠다.    한반도 정세와 관련해서는 ""미북정상회담과 남북대화가 잘 되기를 바란다""면서도 ""최근 돌아가는 상황을 보면 핵무기 개발하는 뒷돈을 대주더니 이제는 핵무기 폐기비용까지 대주어야 할 형편이다""고 비판했다.  김 후보는 문재인 정부에 대해서도 ""적폐청산한다면서 대기업을 짓누르고 귀족노조의 편만 들고 있다""면서 ""이번 지방선거는 문재인 정부의 민생파탄을 심판하고 대한민국의 자유민주주의 시장경제를 지키는 선거다. 노무현 대통령에 이어 문재인 대통령이 추진하는 사회주의식 하향 평준화를 꼭 막아내겠다""고 강조했다.  eshiny@yna.co.kr   (끝)    <긴급속보 SMS 신청> <포토 매거진> < M-SPORTS >   <저작권자(c) 연합뉴스, 무단 전재-재배포 금지>"
232,2,"2018-06-06","16:10:58","KSOI “서초구청장 지지도 민주당 이정근 36.1%, 한국당 조은희 33.1%”","[뉴스토마토 차현정 기자] 6·13 지방선거가 일주일 앞으로 다가온 가운데 서울 서초구에 거주하는 주민들은 차기 서초구청장으로 더불어민주당 이정근 후보를 가장 많이 지지하는 것으로 나타났다.     뉴스토마토가 한국사회여론연구소(KSOI)에 의뢰해 지난 5일 서울 서초구에 거주하는 만 19세 이상 성인남녀 705명을 대상으로 실시한 서초구청장 지지율 여론조사 결과 민주당 이정근 후보가 36.1%의 지지율로 1위를 차지했다. 자유한국당 조은희 후보가 33.1%를 얻어 뒤를 이었고 바른미래당 김용석(3.1%), 민주평화당 조순형(0.7%) 후보 순이었다.     투표를 반드시 하겠다는 적극 투표층을 대상으로 한 지지도에서는 민주당 이 후보가 41.3%로 한국당 조 후보(34.1%)와 격차를 더 벌렸다. 지지하는 후보가 없다는 응답이 9.3%, 모름 또는 무응답이 17.7%로 나타나 부동층은 27%로 높게 집계됐다.     서울시장 후보 지지도에서 서초구민은 민주당 박원순 후보(45.4%)를 가장 선호하는 것으로 밝혀졌다. 한국당 김문수 후보가 18%로 뒤를 이었고 바른미래당 안철수 후보는 16.8% 지지율을 기록했다. 정의당 김종민(1.1%), 대한애국당 인지연(0.2%) 후보 순이었다.     이번 조사는 서울시 선거관리위원회를 통해 각 통신사로부터 발급받은 휴대전화 가상번호(안심번호, 80.9%)와 유선전화(RDD 19.1%)를 이용해 전화면접조사 방식으로 실시했다. 표본오차는 95% 신뢰수준에 ±3.7%포인트 수준이며, 응답률은 13.1%(유선전화면접 6.4%, 무선전화면접 17.3%)다. 2018년 5월말 기준 행정안전부 주민등록 인구를 기준으로 성, 지역, 연령별 가중치를 적용했다. (자세한 내용은 중앙선거여론조사심의위원회 홈페이지 참조)        자료/KSOI        차현정 기자 ckck@etomato.com [차현정 기자의 다른 뉴스] · KSOI ""산청군수 후보 지지도 민주당 허기도 27.2%, 한국당 이재근 23.5%""  · (6.13 격전지)①서울 송파을 국회의원 재선거  · (시론)북미회담에고민이 깊어지는 중국 [이 시각 주요뉴스] · 취업 못해본 대졸 6만3천명…5년째 증가세 · 청와대 ""국회의원 정치자금 문제, 이미 전수조사중"" · 양천에선 ‘빨간옷’ 운동원도 “박원순, 박원순”  -경제전문 멀티미디어 뉴스통신 뉴스토마토 저작권자(c)뉴스토마토통신. 무단전재-재배포 금지-"
232,3,"2018-06-06","16:08:37","3월말 은행 BIS기준 총자본비율 개선…은행지주는 ↓","[아시아경제 권해영 기자] 올해 3월말 국내 은행의 총자본비율이 영업실적 개선에 힘입어 상승한 반면 은행지주회사는 자회사 위험가중자산증가로 하락한 것으로 나타났다.   6일 금융감독원이 발표한 '2018년 3월말 은행 및 은행지주회사 BIS기준 자본비율 현황 잠정치'에 따르면 국내 은행의 BIS기준 총자본비율, 기본자본비율, 보통주자본비율은 각각 15.34%, 13.30%, 12.77%로 나타났다. 지난해말 대비 각각 0.1%포인트, 0.18%포인트, 0.21%포인트오른 수준이다.    총자본비율이 상승한 것은 총자본증가율이 0.9% 상승해 위험가중자산증가율(0.3%)을 상회한 데 따른 것이다.   은행별로는 씨티은행이 18.94%, 경남은행이 16.47%로 총자본비율이 높은 편이었다. 카카오뱅크는 10.96%, 수출입은행은 13.26%로 상대적으로낮은 수준을 기록했다.   반면 은행지주회사의 경우 총자본비율이 하락했다.   3월말 은행지주회사의 BIS기준 총자본비율, 기본자본비율, 보통주자본비율은 각각 14.34%, 13%, 12.47%를 기록했다. 지난해말 대비 총자본비율은 0.06%포인트 내렸다. 기본자본비율은 0.07%포인트, 보통주자본비율은 0.08%포인트 상승했다.   은행지주회사의 총자본비율이 하락한 것은 총자본증가율이 1.5%를 기록할 때 위험가중자산증가율이 1.9%를 나타냈기 때문이다.   은행지주회사별로는 KB금융이 15.08%, 하나금융이 14.85%로 총자본비율이 높은 편이었고 JB금융이 12.1%, BNK금융이 13.32%로 상대적으로 낮았다.   금감원 관계자는 ""국내은행과 은행지주회사의 총자본비율은 바젤Ⅲ 규제비율을 상회하고 있고 미국은행(14.34%) 대비 양호한 수준""이라며 ""다만 향후 대내외 경제 불확실성 등에 대비해 내부 유보 등 적정 수준의 자본 확충을 지속적으로 유도하겠다""고 밝혔다.    ●남북경협株 선취매 all 포착.. 실적 기반 차기 주도주 '바로' 이종목! (클릭) ●'부자네스탁론' 3년 고정금리 4.15% 100% 집중투자까지 ●'대박스탁론' 3년 고정금리 3.99% 100% 집중투자까지 ●500만원투자 단 6개월만에 3억달성! 원포인트 투자종목 공개   퇴직 후 백만원으로 ""35억""번 60대男 화제! 60대 김모씨가 퇴직 후 하게 된""이것""이 35억의 대박을...    터지기 전, 잡아라!! 상반기300%이상 상승이 기대되는 대박 테마주는? 이슈 전 선취매 주식고수들만 안다는 슈퍼 우량 테마주 남들보다 먼저 받아보기    권해영 기자 roguehy@asiae.co.kr   <ⓒ세계를 보는 창 경제를 보는 눈, 아시아경제(www.asiae.co.kr) 무단전재 배포금지>"
232,4,"2018-06-06","16:08:29","과테말라 화산 폭발로 인명 피해 급증···""사망 72명·실종 192명""","과테말라 화산 폭발 사망자가 70명을 넘어서는 등 인명피해가 점점 불어나고 있다.   6일(현지시간) 영국 BBC 방송과 AFP 통신 등 외신에 따르면 지난 3일 푸에고 화산(해발 3,763ｍ)이 분화한 이후 지금까지 최소 75명이 숨지고 192명이 실종된 것으로파악됐다. 화산 주변 마을 7개가 폐허가 돼 주민 3,000명 이상이 근처 피난 시설로 대피한 상태다. 관계 당국은 170만명 이상이 화산 폭발의영향을 받고 있는 것으로 추정했다.   인명 피해가 늘어나고 있지만 화산 가스의 분출과 화산재의 영향으로 수색 작업은 더디게 진행되고 있다. 현지 재난구호대장 세르히오 카바나스는 “얼마나 많은 사람이 피해 현장에 있는지 모르지만, 마지막 희생자를 찾을 때까지 수색을계속할 것”이라고 말했다.  지미 모랄레스 과테말라 대통령은 사흘간의 애도 기간을 선포하고 피해 현장을 방문했다. 또 안토니우 구테흐스 유엔 사무총장은 “푸에고 화산 폭발로 인한 비극적인 인명 손실과 심각한 피해를 깊이 애도한다”며 유엔이 과테말라의 구조·구호작업을 도울 준비가 돼 있다고 밝혔다. /이종호기자 phillies@sedaily.com    ▶▶ 2018년 정부 정책 수혜주 TOP 10 大공개! (바로 확인)  ▶▶ 재료노출 임박한 상위1%의 극비정보 30명한정 공개(무료)    [ⓒ 서울경제, 무단 전재 및 재배포 금지]"
232,5,"2018-06-06","16:08:08","서울시, 중랑물재생센터 현대화 완료…하수처리 용량·수질↑","[뉴스토마토 신태현 기자] 서울시가 중랑물재생센터 제1처리장의 현대화를 마무리했다. 시는중랑물재생센터 제1처리장을 지하화·현대화하는 ‘중랑물재생센터 시설현대화사업’ 1단계를 이번달 초 완료했다고 6일 밝혔다. 하루 하수처리량은 15만㎥에서 25만㎥로 늘었다.     이번 사업으로 기존 지상 하수처리시설이 철거되고, 대신 지하 공간에 하수처리시설이 들어섰다. 기존 시설은 건설된 지 30년이 지나 노후화가 심했으며, 강화된 방류수질 기준을 충족하지 못했기 때문이다. 혐오 시설의 이미지를 없애기 위한 목적도 있었다.     앞서 작년 9월 지상에는 서울하수도과학관, 물순환테마파크 등 주민친화시설이 조성됐으며, 현재 한 달 5000명 안팎의 시민과 어린이 등 관람객이 꾸준히 찾아오고 있다.     또 이번 사업에는 생물막여과공법(SBAF)이 적용됐다. 하수처리 반응조에 미생물이 부착 서식할 수 있는 여재(여과용 재료)를 넣어 생물학적 처리와 물리적인 여과를 동시에 달성하는 신공법으로, 대용량 수처리시설에 생물막여과공법을 적용한 일은 이번 사례가 국내에서 최초다.     생물막여과공법은 1차 침전지 → 생물반응조 → 2차 침전지 등 3단계 공정을 고속여과 → 생물여과의 2단계로 단축시켜 빠르고 안전하게 하수 처리를 할 수 있다는 설명이다.     하수처리 마지막 단계에는 정밀한여과가 가능한 중력식 섬유디스크필터공법을 활용했다. 용존산소, 생물화학적 산소요구량(BOD), 화학적 산소요구량, 부유물질(SS), 총질소,총인 등 방류수질 기준치를 충분히 만족하도록 설계했다.     이외에도 비가 많이 내릴 때 하수처리장에서 처리되지않은 하수·빗물이 그대로 한강으로 유입되는 일 것을 막기 위한 초기우수처리시설도 지하에 설치했다. 초기우수는 강우 초기에 비점오염물질, 하수관거 퇴적물, 오수 등의 오염물질을 함유한 하수로, 하수처리장 처리 용량을 넘어 하천변의 우수토구와 빗물펌프장 등을 통해 하천으로 흘러들어가는 하수를 뜻한다. 초기우수처리시설을 거친 빗물은 BOD와 SS가 40㎎/ℓ 이하인 상태로 방류된다.     김학진 서울시 도시기반시설본부장은 “중랑물재생센터 시설현대화사업으로 하수처리장이 혐오시설이라는 이미지에서 벗어나 지역주민의 쉼터로 바뀌었고, 앞으로 단계적 사업을 추진해 도시재생의 성공 모델로 만들어 나갈 계획”이라며 “이 사업으로 주민 생활환경과 한강의 수질이 크게 개선될 것으로 기대한다”고 말했다.       중랑물재생센터 지하의 생물여과 시설. 사진/서울시     신태현 기자 htenglish@etomato.com    [관련기사] · 서울시 ""10년 이상된 노후 건물 전수조사"" · 서울시, 월곡IC 진출연결로 추가…교통정체 해소 기대 [신태현 기자의 다른 뉴스] · 취업 못해본 대졸 6만3천명…5년째 증가세 · (오늘의 날씨) 경상·강원, 폭염에 소나기까지 [이 시각 주요뉴스] · 백악관 ""북미정상회담, 싱가포르 센토사 섬 카펠라 호텔서 개최"" · 산재보험급여 최저보상기준 ' 최저임금'으로 변경  -경제전문 멀티미디어 뉴스통신 뉴스토마토 저작권자(c)뉴스토마토통신. 무단전재-재배포 금지-"
232,6,"2018-06-06","16:07:00","김문수-안철수, 데드라인 하루 남기고도 접점 못 찾아","[서울=뉴스핌] 조현정 기자 = 6·13 지방선거가 7일 앞으로 다가온 가운데김문수 자유한국당·안철수 바른미래당 서울시장 후보가 단일화를 놓고 막판 신경전을 벌이고 있다.   두 후보 모두 독주하는 박원순 더불어민주당 서울시장 후보를 막기 위해 단일화가 불가피하다는 입장에는 공감대를 형성하고 있다. 하지만 서로 ""박원순을 이길 사람은나""라며 자신이 '단일 후보'가 되야 한다는 기싸움은 팽팽하다.  단일화 데드라인은 사전 투표 시작 전인 8~9일 직전에 담판을 내야 한다. 늦어도 7일 단일화 결과를 유권자들에게 알려야 하지만 아직 두 후보 사이의 단일화 논의 진전은 없는 상황이다. 두 후보 모두 선거 중도 포기가 불러올 후폭풍이 상당해 쉽게 물러서기도 힘든 데다 단일화 방식을 둘러싼 셈법 또한 전혀 다르다.  두 후보는 지난 3일 밤 서울시장 후보 야권 단일화 협상을 위해 만났으나, 협상이 결렬된 바 있다. 김 후보는 당대 당 통합을 통한 후보 단일화 방식을 제안했고, 안후보가 김 후보의 후보 사퇴를 통한 양보를 요구해 단일화 방식에 대한 이견을 좁히지 못해 평행선을 달리고 있다.  여기에 단일화를 놓고 협상 중인 두 후보 사이의 신경전이 폭로 싸움까지 치닫는 양상이다. 양 측 캠프 인사들이 주고 받은 문자 내용이 폭로, '공작 정치' 등의 비방으로 커지면서 단일화 논의는 점점 멀어지는 분위기다.   (왼쪽)김문수 자유한국당 서울시장 후보·안철수 바른미래당 서울시장 후보. /사진= 최상수 기자, 조현정 기자  김 후보는 전날 여의도 유세 후 기자들과 만나 ""여론 조사상 지지가 적은 사람이 양보하는 게 맞는다고 보는데 안 후보는 지금 반대로 얘기하고 있다""고 말했다. 홍준표 한국당 대표도 자신의 페이스북을 통해 ""현실적으로 조직과 정책면에서 우세에 있는 김 후보가 사퇴하기는 참 어렵다""고 밝혔다.    김 후보는 6일 국회에서 '서울형 최적소득보장제'공약 발표 기자회견을 마친 뒤 기자들과 만난 자리에서 ""현재까지는 단일화 할 계획이 없지만, 그렇다고 절대 안 한다는 것은 아니다""며 단일화 여지를 남겼다.  ▶ 마누라 몰래 세컨드 통장만들기  ▶ 옆집 누나 매일 차 바꿔타는 이유?  다만 그는 ""구체적인 합의가 있어야 단일화도 할 수 있는 것""이라며 ""현 시점에서는 추가로 협상 제안을 받은 적도, 만남을 계획한 적도 전혀 없다""고 선을 그었다.  그러면서 그는 단일화를 '결혼'에 빗대 말했다. ""결혼을 이야기 하려면 서로가 맞아야지 한 쪽에서 결혼을 얘기한다고 다른 쪽에 물어보고 ' 결혼 생각 없나 보다' 이러면 곤란하다""며 ""결혼에 이르기까지 구체적인 것이 있어야지 '서로 사랑 안 하나 보다. 사랑할 생각 없느냐' 하면본질을 흐리는 것""이라고 지적했다.  반면 안 후보는 전날 서울시청 앞 기자회견 후 기자들과 만나 단일화 문제에 대해 ""박 시장이 3선할 어떠한 이유도 없다는 생각을 하는 시민들이 절반을 훨씬 넘는다""며 ""박 후보와 1대 1로 붙었을 때 이길 수 있는 후보는 나""라고 김후보의 '양보'를 요구했다.  안 후보는 이날 강동구 중앙 보훈병원을 위로 방문한 뒤 기자들과 만난 자리에서도 ""1대 1로 경쟁할 때 누가 박 후보를 이길 수 있느냐가 중요하다""며 자신의 승리를 자신했다.  그는 '여론조사 지지율이 낮은 안 후보가 거꾸로 양보를 요구한다'는 김 후보 측의 주장에 대해 ""(제가) 지금 지지율은 높게 나오고 있다. 다자 구도에서 몇 퍼센트 지지율을 기록하느냐, 이런 것이 중요한 게 아니라 누가 (박 후보를) 이길 수 있는 후보인지가 중요하다""며 ""이길 수 있는 후보에게 대승적 양보를 하는 것이 절반이 넘는 서울시민의 마음을 담을 수 있다. 제가 서울시민의 염원을 담을 수 있는 후보""라고 거듭 강조했다.  일각에서는 본 선거 직전 막판 단일화 협상에 탄력을 받을 가능성도 제기되지만, 시간도 촉박한 데다 사전 투표가 끝난 뒤 단일화 효과는 오히려 반감될 수 밖에 없어 양 측 모두이는 기피할 것으로 보인다. 이에 따라 3자 구도 속에서 선거가 치러질 것이라는 게 정치권의 중론이다.  jhj@newspim.com [6·13 현장] 김문수 ""단일화, 서로 마음이 맞아야 하는 것"" 입으로만 서울시장 단일화…서로 양보하라는손학규·홍준표 [6·13 현장] 안철수 ""박원순을 누가 이길 수 있는지가 중요…김문수 양보해야"" [6·13 현장] 안철수, 현충일 맞아 성남 현충탑 참배 ""서울 개벽 이루겠다"" 안철수 ""시장 당선 땐 '6층 사람들(시민단체 출신)' 전부 물갈이""      ▶ 500만원으로 3억만들기 50번째 주인공 탄생! [확인]  퇴직금 100만원으로 ""이것""해 35억 번 중년男 김모씨 화제!  / 최저금리 맞춤서비스 진행중 / 10분이면 4배자금가능 / 24시간 친절상담센터 1522-3233 / 씽크풀  ★세력 입성 전, 집중공략! 20인의 전문가가 만장일치한 급등 유력株 ""오늘""만 전격공개!"
232,7,"2018-06-06","16:06:52","아마존 미래사업 조직 신설…구글 따라잡기","아마존이 비밀리에 '그랜드 챌린지(Grand Challenge)'라는 미래 사업 개발 조직을 만들었다. 구글이 자율주행차·구글 글라스·헬스케어 등 5~10년 뒤 미래 사업을 발굴하기 위해 만든 구글 엑스(Google X)와 같은 형태로, 미래 사업을 선점하겠다는 의지로 풀이된다.   5일(현지시간) CNBC에 따르면 아마존은 미래 사업 조직 '그랜드 챌린지'를 만들고 전 구글 엑스 임원이자 구글 글라스 창시자로 유명한 바박파비즈를 임명했다.   파비즈는 구글 글라스를 처음으로 만든 데 이어 2014년에는 콘택트렌즈 속에 있는 극소형 장치를 통해 당뇨병 환자 눈물로 혈당을 측정하는 '스마트 콘택트렌즈'를 개발하겠다고 공표해 화제가 된 바 있다. 이후 아마존에 영입돼 지금까지 랩 126라는 하드웨어 기기 개발 조직에서 미래 기기 개발을 맡아 왔다.   파비즈가 이끄는 '그랜드 챌린지'는 암 연구부터 보험 데이터 분석, 새로운 운송 수단 개발까지 아마존의 기존 사업보다 훨씬 긴 시간과 많은 돈을 필요로 하는 미래 비즈니스를 담당하고 있다.   CNBC는 파비즈에게 직접 보고하는 임원 12명에 대해서도 보도했는데 대부분 헬스케어와 구글 엑스에서 일한 경험이 있으며 일부 멤버는 '싱크 빅(Think Big)'이라는 내부 아이디어 경연대회를 통해 채용했다. CNBC는 ""그랜드 챌린지는 의학과 건강에 특히 초점을 맞추고 있다. 시애틀의 프레드 허친슨 암 연구소와 협력해 암을 예방하고 치료할 수 있는 방법으로 기계 학습을 적용하려 시도하고 있다""고 보도했다.    [실리콘밸리 = 손재권 특파원]      ☞ 조용히 사서 묻어놔라! 6月 정말 큰돈 된다! ☞ 세계최초 항암제 개발! 신라젠 놓쳤다면, 이 종목 잡아라!! ☞ 세계 최초 신약! 1,500% 신라젠 능가할 단돈 4천원대 Bio 황제주!!! ☞ 6月 반드시 주목해야될 Best 바이오 종목!!      [ⓒ 매일경제 & mk.co.kr, 무단전재 및 재배포 금지]"
233,1,"2018-06-06","16:00:06","<표> 런던 금 & 은 개장가","Current Bid-Ask Previous   --------------- --------    Gold 1297.45-1298.26 1292.45-1293.26   Silver 16.53-16.58 16.40-16.45    Source: SIX Financial Information    다우존스 제공   2018. June. 06일 미국동부시간 03:00 (표준시 07:00)     ＜Copyright (c) 2011 다우존스 앤 컴퍼니＞   ＜기사번역 ⓒ SWK Trade Wall Street 시스템 종목추천 - 주식(미국,한국) / ETF / FX / 해외선물＞   ＜ⓒ종합 경제정보 미디어 이데일리 - 무단전재 & 재배포 금지＞"
233,2,"2018-06-06","16:00:05","<표> 런던 금 & 은 개장가","Current Bid-Ask Previous   --------------- --------    Gold 1297.45-1298.26 1292.45-1293.26   Silver 16.53-16.58 16.40-16.45    Source: SIX Financial Information    다우존스 제공   2018. June. 06일 미국동부시간 03:00 (표준시 07:00)     ＜Copyright (c) 2011 다우존스 앤 컴퍼니＞   ＜기사번역 ⓒ SWK Trade Wall Street 시스템 종목추천 - 주식(미국,한국) / ETF / FX / 해외선물＞   ＜ⓒ종합 경제정보 미디어 이데일리 - 무단전재 & 재배포 금지＞"
233,3,"2018-06-06","16:00:05","삼성·LG '자발광'으로 글로벌 사이니지 시장 공략","삼성전자 모델이 인포콤 2018 삼성전자 전시 부스에서 더 월 프로페셔널을 소개하고 있다.   LG전자 모델이 자유로운 곡면 디자인을 구현해 물결치는 듯한 조형미를 살릴 수 있는 오픈 프레임 올레드 사이니지를 소개하고 있다. ""벽이 있는 곳은 모두 '더 월' 의 판매처다.""(김석기 삼성전자 부사장) ""어떤 환경에서도 고객의 다양한 요구를 충족시킬 것이다.""(클라크 브라운 LG전자 미국법인 사이니지영업담당) 삼성전자와 LG전자가 6일부터 8일까지(현지시간) 미국 라스베이거스에서 열리는 세계 최대 디스플레이전시회 인포콤 2018에 참가해 미래형 사이니지(상업용 디스플레이)를 선보였다. 양사 신제품은 모두 자발광이라는 공통점이 있다. 다만 자발광 구현 방식은 다르다. 삼성전자는 마이크로LED를, LG전자는 유기발광다이오드(OLED)를 썼다. 삼성전자는 사이니지 신제품 '더 월 프로페셔널'을 처음 공개했다. 이 제품은 베젤(테두리)이 없는 모듈러 방식으로 소비자가 원하는 크기로 맞춤형 디자인이 가능한 디스플레이다.기업·고급호텔·박물관·공연장 등 다양한 상업용 공간에 조화롭게 설치할 수 있다.  발광다이오드(LED) 소자 자체가 픽셀 역할을 하는 자발광 디스플레이로 최대 1600니트의 밝기, 넓고 정확한 색 표현, 높은 에너지 효율 등이 우수하다. 마이크로 LED 기술에 하이다이나믹레인지(HDR)10+, 시네마 LED 화질 엔진까지 탑재해 최대 밝기에서도 저계조 표현력이 뛰어나다. 충격 방지 LED 특화 기술을적용해 제품의 신뢰성을 높였고 사이니지 전용 소프트웨어 매직인포6 솔루션을 통해 제품의 원격 제어도 된다. 삼성전자는 인포콤 기간부터 본격적인 더 월 프로페셔널 수주에 돌입했다. 미국 등 글로벌 전 지역에 동시 판매를 시작하며 3·4분기 내 설치를 시작할 예정이다. LG전자도 대표 사이니지 제품인 오픈 프레임 올레드 사이니지를 소개했다. 곡면 디자인을 보다 자유롭게 구현할 수 있어 물결치는듯한 조형미를 살린다. 투명 올레드 사이니지는 선명한 화질과 투명한 디자인이 장점으로 상품에 대한 정보를 실물과 함께 효과적으로 전시할 수 있다. 이밖에 LG전자는 이질감을 최소화하면서 여러장을 하나의 큰 화면으로 설치할 수 있는 베젤 두께 0.6㎜의 비디오월, 1.5㎜ 픽셀피치로 실내에서도 선명한 화질을 구현하는 LED 사이니지, 유리 등에 붙여 손쉽게 디지털 사이니지로 활용하는 컬러 투명 LED 필름, 58대 9와 32대 9의 고유 화면비로 세로나 가로로 길게 설치할 수 있는 울트라 스트레치 등 차별화된 제품을 전시했다.  km@fnnews.com 김경민 기자     km@fnnews.com김경민 기자  ▶'모멘텀 집중' 저가에서 매집해둬야 할상반기 유망주 3선 (지금 확인)   [파이낸셜뉴스 주요뉴스]  → 北 김정은 묵는 호텔 하루 숙박비 '642만원' 누가 지불? → ""선거 알바 클라스가 다르네"".. 선거운동원 '깨방정 댄스' 화제 → ""학원 여교사가 초등생 제자 2명과 성관계"" → 견과류 일주일에 3번이상 먹으면 나타나는 변화 → 국방부에 도착한 두테르테가 가장 먼저본 국산 무기  ▶ <긴급공개> 억대계좌 이종목에서 또 터진다!    ※ 저작권자 ⓒ 파이낸셜뉴스. 무단 전재- 재배포 금지 "
233,4,"2018-06-06","16:00:04","""벽있는 모든 곳에 단다""…삼성 '더 월 프로페셔널' 출시","[머니투데이 김성은 기자] [6~8일 인포콤 2018 참가…'매직인포 6' '양면형 아웃도어 사이니지' 'UHD 사이니지' 등 선보여]      삼성전자가 마이크로 LED(발광다이오드) 기술을 적용한 '더 월 프로페셔널'을 출시하는 등 글로벌 상업용 디스플레이(사이니지) 시장을 공략한다. 하드웨어와 소프트웨어 모두 원격 제어가 가능한 솔루션 '매직인포 6', '양면형 아웃도어' 등 다양한 사이니지 기술력을 뽐낸다.   6일 삼성전자는 이날부터 8일까지 미국 라스베이거스에서 열리는 세계 최대 디스플레이 전시회 '인포콤 2018(InfoComm 2018)'에 참가해 '더월 프로페셔널(The Wall Professional)'을 공식 출시했다고 이날 밝혔다. 이 제품은 인포콤 기간에 본격 수주에 돌입, 미국 등 글로벌 전 지역에 동시 판매를 시작, 3분기 내 설치를 시작한다.   더 월 프로페셔널은 베젤이 없는 모듈러 방식으로 소비자가 원하는 크기로 맞춤형 디자인이 가능한 미래형 디스플레이다. 이 제품은 특히 LED 소자 자체가 픽셀 역할을 하는 자발광 디스플레이로서 최대 1600니트(1니트·1㎡공간에 촛불 1개를 켠 밝기)의 밝기, 넓고 정확한 색 표현, 높은 에너지 효율 등이 특징이다.   충격 방지 LED 특화 기술을 적용해 제품의 신뢰성을 높였고 사이니지 전용 소프트웨어 '매직인포 6(MagicINFO 6)' 솔루션을 탑재했다. 매직인포 6는 스마트 사이니지 전용 통합 솔루션으로 이번 전시회에서 첫 선을 보였다. 소프트웨어 뿐 아니라 하드웨어 상태까지 확인이 가능한 원격 제어 솔루션이다.   더 월 프로페셔널은 최대 밝기에서도 저계조 표현력이 뛰어나고 초저반사 기술을 적용해 암실 뿐 아니라 밝은 실내에서도 원작자가 의도한 영상을 생생히 보여준다. 계조란 농도의 짙고 낮은 정도다.      삼성전자는 또 이번 인포콤 기간 동안 미세피치 기술을 적용한 '스마트 LED 사이니지 IF 시리즈 P1.2(픽셀간 거리 1.2mm 제품)'를 전세계에출시했다. P1.2는 HDR(하이다이내믹레인지) 화질은 물론 모듈러 방식이 적용됐고 디스플레이 전·후면에서 서비스가 가능토록 설계돼 설치·운영 편의성을 높였다.   삼성전자는 또 2018년형 UHD(초고선명) 사이니지 QM(500니트), QB(350니트) 시리즈를 선보였다. 두 시리즈는 타이젠 OS 4.0 기반 제품으로 풀HD 콘텐츠를 UHD 화질로 자동 변환해주는 기술이 적용됐다.   이밖에 양면형 아웃도어 사이니지(OH85N-D, 85형)도 최초 공개됐다. 이 제품은 도심이나 번화한 광장 등에 설치시 광고 콘텐츠를 양쪽 화면에 모두 노출시킬 수 있어 광고 수익 극대화를 노린다. 방수·방진 기능을 갖췄고 매직인포 6로 광고 콘텐츠 실시간 업데이트도 가능하다.   김석기 삼성전자 영상디스플레이 부사장은 ""인포콤 2018을 계기로 '더 월 프로페셔널'의 판매를 본격화하고 벽이 있는 곳은 모두 '더 월'의판매 기회라고 생각해 시장을 적극 확대해 나갈 것""이라고 말했다.          주식담보대출도 이제 부담없는 금리로 가능(안내: 02-3775-1497)   ▶▶ 2018년! 하반기를 뜨겁게 달굴 ""급등 유력株"" TOP.10 긴급공개 (클릭)   ▶▶ 단독! 정책+수급+실적 3박자를 두루 갖춘 TOP 시크릿 급등 유망주 지금 공개 (클릭)     [파워 인터뷰]      [관련기사] ☞ 한지민, 헌시 낭송…박근혜 정부 땐 '현빈·이서진'  ☞ '김정은 전용기 추락'…고사 지내는 日 우익들 ☞ ""시선강간 싫다면서 왜 벗냐""… '맨가슴 시위' 시끌시끌 ☞ '58년 개띠'의 은퇴…한국, 車 산업 변화가 시작된다 ☞ '롯데월드타워 등반' 알랭 로베르, 75층서 중단       주식매입자금? 전화 한통화면 당신은 스마트컨슈머!    최저금리로 신용·미수 대환 하는 가장 경제적인 방법 (바로 확인)   ‘개미’말고 ‘슈퍼 투자자’되고 싶다면?...‘이것’만 잘 이용해도 가능해요!       김성은 기자 gttsw@mt.co.kr    <저작권자 ⓒ '돈이 보이는 리얼타임 뉴스' 머니투데이, 무단전재 및 재배포 금지>"
233,5,"2018-06-06","16:00:04","""벽 있는 모든 곳이 DP 판매처"" 삼성 '더 월 프로페셔널' 공개","삼성전자 모델이 인포콤 2018 삼성전자 전시 부스에서 더 월 프로페셔널을 소개하고 있다.  ""벽이 있는 곳은 모두 '더 월'의 판매처다.""(김석기 삼성전자 부사장)  삼성전자가 6일부터 8일까지(현지시간) 미국 라스베이거스에서 열리는 세계 최대 디스플레이 전시회 인포콤 2018에 참가해 상업용 디스플레이 '더 월 프로페셔널'을 처음 선보였다.  이 제품은 베젤(테두리) 이 없는 모듈러 방식으로 소비자가 원하는 크기로 맞춤형 디자인이 가능한 미래형 디스플레이다. 기업·고급호텔·박물관·공연장 등 다양한 상업용 공간에 조화롭게 설치할 수 있다.  발광다이오드(LED) 소자 자체가 픽셀 역할을 하는 자발광 디스플레이로 최대 1600니트의 밝기, 넓고 정확한 색 표현, 높은 에너지 효율 등 현존하는 최고의 디스플레이로 평가받고 있다.  마이크로 LED 기술에 하이다이나믹레인지(HDR)10+, 시네마 LED 화질 엔진까지 탑재해 최대 밝기에서도 저계조 표현력이 뛰어나다.  충격 방지 LED 특화 기술을 적용해 제품의 신뢰성을 높였고 사이니지 전용 소프트웨어 매직인포6 솔루션을  탑재해 제품의 원격 제어도 된다.  삼성전자는 인포콤 기간부터 본격적인 더 월 프로페셔널 수주에 돌입했다. 미국 등 글로벌 전 지역에 동시 판매를 시작하며 3·4분기 내 설치를 시작할 예정이다.  이번 전시회에 첫 선을 보이는 스마트 사이니지 전용 통합 솔루션인 매직인포 6는 소프트웨어 진단뿐 아니라 제품의 하드웨어 상태까지 확인된다. 매직인포 6는 더 월 프로페셔널과 초고화질(UHD) 스마트 사이니지, LED 사이니지 등 타이젠 4.0 기반의 스마트 사이니지 전 모델에 활용된다.  아울러 삼성전자는 미세 피치 기술을 적용한 스마트 LED 사이니지 IF 시리즈 P1.2(픽셀간 거리 1.2㎜ 제품)를 전 세계에 출시했다. P1.2 역시 HDR 화질은 물론 모듈러 방식이 적용됐다. 디스플레이 전·후면에서 서비스가 가능하도록 설계돼 설치·운영 편의성을 높였다.  삼성전자는 2018년형 UHD 사이니지 'QM(500니트)'·'QB(350니트)' 시리즈를 선보이며 북미 시장 적극 공략 의지를 밝혔다. QM·QB 시리즈는 타이젠 OS 4.0 기반의 제품으로 풀 HD 콘텐츠를 UHD 화질로 자동 변환해주는 인텔리전트 화질 기술이 적용돼 더 선명한 영상을 제공한다.  삼성전자는 이번 전시회에서 양면형 아웃도어 사이니지(OH85N-D, 85형)를 최초로 공개했다. 양면형 아웃도어 사이니지를 도심이나 번화한 광장 등에 설치하면 광고 콘텐츠를 양쪽 화면에 모두 노출시킬 수 있어 광고 수익 극대화를 꾀한다.  이 제품은 일반 사이니지 기능뿐 아니라 IP56(Ingress Protection) 규격의 방수·방진 기능을 갖춰 실외에서도 사용 가능하고 매직인포 6가 탑재돼 원격으로 광고 콘텐츠의 실시간 업데이트도 가능하다.   km@fnnews.com 김경민 기자  ▶'모멘텀 집중' 저가에서 매집해둬야 할 상반기 유망주 3선 (지금 확인)   [파이낸셜뉴스 주요뉴스]  → 北 김정은 묵는 호텔 하루 숙박비 '642만원' 누가 지불? → ""선거 알바 클라스가 다르네"".. 선거운동원 '깨방정 댄스' 화제 → ""학원 여교사가 초등생 제자 2명과 성관계"" → 견과류 일주일에 3번이상 먹으면 나타나는 변화 → 국방부에 도착한 두테르테가 가장 먼저본 국산 무기  ▶ <긴급공개> 억대계좌 이종목에서 또 터진다!    ※ 저작권자 ⓒ 파이낸셜뉴스. 무단 전재-재배포 금지 "
233,6,"2018-06-06","16:00:03","삼성, 모듈러 상업용 디스플레이 '더 월 프로페셔널' 출시","삼성, 모듈러 상업용 디스플레이 '더 월 프로페셔널' 출시   라스베이거스 '인포콤 2018' 참가…스마트 LED 사이니지 등도 전시   (서울=연합뉴스) 이승관 기자 = 삼성전자[005930]는 6일 미국 라스베이거스에서 개막한 국제 디스플레이 전시회 '인포콤 2018'(InfoComm 2018)에서 맞춤형 디자인이 가능한 모듈러 방식의 상업용 디스플레이 '더 월 프로페셔널'(The Wall Professional)을 공식 출시했다고 밝혔다.   '더 월 프로페셔널'은 올해 초 미국 라스베이거스에서 열린 세계 최대 가전ㆍIT 전시회 'CES 2018'에서 첫선을 보인 모듈러 TV '더 월'의 상업용 버전이다.  베젤(테두리)이 없는 모듈형이어서 이어 붙이는 방식으로 원하는 크기와 형태로 만들 수 있는 미래형 디스플레이로, 기업과 호텔, 박물관, 공연장 등 다양한 상업용 공간에 설치할 수 있게 설계됐다.  LED(발광다이오드) 소자 자체가 픽셀 역할을 하는 자발광 디스플레이로, 최대 1천600니트의 밝기, 정확한 색 표현력, 높은 에너지 효율등을 갖춰 현존하는 최고의 디스플레이로 평가받고 있다고 회사 측은 설명했다.  또 마이크로 LED 기술에 HDR(하이다애내믹레인지) 10+, 시네마 LED 화질 엔진 등을 탑재하고 초저반사 기술이 적용돼 밝은 실내에서도 원작자가 의도한 영상을 생생하게 보여준다고 강조했다.  회사 관계자는 ""충격 방지 LED 특화기술을 적용해 제품 신뢰성을 높였고 사이니지 전용 소프트웨어인 '매직인포6' 솔루션을 탑재해 제품의 원격 제어도 가능하다""면서 ""이번 인포콤 기간부터 본격적인 수주 작업에 돌입해 전 세계에서 동시에 판매를 시작한다""고 말했다.  삼성전자는 또 이번 행사에서 '미세 피치' 기술을 적용한 스마트 LED 사이니지인 'IF 시리즈 P1.2'도 출시했다.  이 사이니지도 HDR 기술과 모듈러 방식이 적용됐고 디스플레이 전ㆍ후면에서 서비스가 가능하도록 설계돼 설치와 운영의 편의성을 높였다.  이밖에 2018년형 초고화질(UHD) 사이니지 'QM(500니트)'ㆍ'QB(350니트)' 시리즈와 함께 광고 콘텐츠를 양쪽 화면에 모두 노출시킬 수 있는 양면형 아웃도어 사이니지(OH85N-D, 85인치)도 선보였다.  삼성전자 영상디스플레이사업부 김석기 부사장은 ""벽이 있는 곳은 모두 '더 월'의 판매 기회라고 생각하면서 시장을 적극적으로 확대해나갈 것""이라고 말했다.    humane@yna.co.kr   (끝)    <긴급속보 SMS 신청> <포토 매거진> < M-SPORTS >   <저작권자(c) 연합뉴스, 무단 전재-재배포 금지>"
233,7,"2018-06-06","16:00:03","삼성전자, 美 `인포콤2018` 참가…첨단 제품 대거 출품","삼성전자가 6일부터 8일까지(현지시간) 미국 라스베이거스에서 열리는 세계 최대 디스플레이 전시회 '인포콤 2018(InfoComm 2018)'에 참가해 '더 월(The Wall)'의 상업용 디스플레이 버전인 '더 월 프로페셔널(The Wall Professional)'을 공식 출시했다.    '더 월 프로페셔널'은 베젤이 없는 모듈러 방식으로 소비자가 원하는 크기로 맞춤형 디자인이 가능한 미래형 디스플레이다.   이 디스플레이는 기업·고급호텔·박물관·공연장 등 다양한 상업용 공간에 조화롭게 설치할 수 있다.    '더 월 프로페셔널'은 LED 소자 자체가 픽셀 역할을 하는 자발광 디스플레이로 최대 1600니트의 밝기, 넓고 정확한 색 표현, 높은 에너지 효율 등 현존하는 최고의 디스플레이로 평가받고 있다.   또한 마이크로 LED 기술에 HDR10+, 시네마 LED 화질 엔진까지 탑재해 최대 밝기에서도 저계조 표현력이 뛰어나고 초저반사 기술을 적용해 암실뿐 아니라 밝은 실내에서도 원작자가 의도한 영상을 생생하게 보여준다.   이 밖에 '더 월 프로페셔널'은 충격 방지 LED 특화 기술을 적용해 제품의 신뢰성을 높였고 사이니지 전용 소프트웨어 매직인포 6(MagicINFO 6)' 솔루션을 탑재해 제품의 원격 제어가 가능하도록 했다.    '더 월 프로페셔널'은 인포콤 기간부터 본격적인 수주에 돌입, 미국 등 글로벌 전 지역에 동시 판매를 시작하며 3분기 내 설치를 시작할 예정이다.   이번 전시회에 첫 선을 보이는 스마트 사이니지 전용 통합 솔루션인 '매직인포 6'는 소프트웨어 진단뿐 아니라 제품의 하드웨어 상태까지 확인 가능한 원격 제어(Remote Management) 솔루션으로 편리하게 운영할 수 있다.    '매직인포 6'는 '더 월 프로페셔널'과 UHD 스마트 사이니지, LED 사이니지 등 타이젠 4.0 기반의 스마트 사이니지 전 모델에서 활용할 수 있다.   한편 삼성전자는 미세 피치 기술을 적용한 스마트 LED 사이니지 IF 시리즈 P1.2(픽셀간 거리 1.2mm 제품)를 전 세계에 출시했다. P1.2 역시 HDR 화질은 물론 모듈러 방식이 적용됐고 디스플레이 전·후면에서 서비스가 가능하도록 설계돼 설치·운영 편의성을 극대화했다.   삼성전자는 2018년형 UHD 사이니지 'QM(500니트)'·'QB(350니트)' 시리즈를 선보이며 북미 시장 적극 공략 의지를 밝혔다.   QM·QB 시리즈는 타이젠 OS 4.0 기반의 제품으로 풀 HD 콘텐츠를 UHD 화질로 자동 변환해주는 인텔리전트 화질 기술이 적용돼 더욱 선명한 영상을 제공한다.   삼성전자는 이번 전시회에서 양면형 아웃도어 사이니지(OH85N-D, 85형)를 최초로 공개했다.   양면형 아웃도어 사이니지를 도심 등에 설치하면 광고 콘텐츠를 양쪽 화면에 모두 노출시킬 수 있어 광고 수익 극대화가 가능한 매력적인 디스플레이다.   또한, 이 제품은 일반 사이니지 기능뿐 아니라 IP56(Ingress Protection) 규격의 방수·방진 기능을 갖춰 실외에서도 사용 가능하고 '매직인포 6'가 탑재돼 원격으로 광고 콘텐츠를 실시간 업데이트를 할 수 있다.   삼성전자 영상디스플레이사업부 김석기 부사장은 ""인포콤 2018을 계기로 '더 월 프로페셔널'의 판매를 본격화하고 벽이 있는 곳은 모두 '더월'의 판매 기회라고 생각하며 시장을 적극 확대해 나가겠다""고 말했다.    [디지털뉴스국 이상규 기자]      ☞ 조용히 사서 묻어놔라! 6月 정말 큰돈 된다! ☞ 세계최초 항암제 개발! 신라젠 놓쳤다면, 이 종목 잡아라!! ☞ 세계 최초 신약! 1,500% 신라젠 능가할 단돈 4천원대 Bio 황제주!!! ☞ 6月 반드시 주목해야될 Best 바이오 종목!!      [ⓒ 매일경제 & mk.co.kr, 무단전재 및 재배포 금지]"
234,1,"2018-06-06","15:53:00","[포토]수방사 헌병단 기동대 기동시범","[이데일리 방인권 기자] 제63회 현충일인 6일 오후 서울 용산구 전쟁기념관에서 수방사 헌병단이 모터사이카 퍼레이드를 하고 있다.  ▶계좌회복프로젝트! 상위 전문가의 투자전략 및 추천종목‘[무료확인]’ ▶14년 연속 1위, 대한민국 대표 스탁론 하이스탁론 '    ' ＜ⓒ종합 경제정보 미디어 이데일리 - 무단전재 & 재배포 금지＞   "
234,2,"2018-06-06","15:53:00","[포토]이것이 수방사 헌병단 기동시범","[이데일리 방인권 기자] 제63회 현충일인 6일 오후 서울 용산구 전쟁기념관에서 수방사 헌병단이 모터사이카 퍼레이드를 하고 있다.  ▶계좌회복프로젝트! 상위 전문가의 투자전략 및 추천종목‘[무료확인]’ ▶14년 연속 1위, 대한민국 대표 스탁론 하이스탁론 '    ' ＜ⓒ종합 경제정보 미디어 이데일리 - 무단전재 & 재배포 금지＞   "
234,3,"2018-06-06","15:53:00","[포토]'사전투표소 설치'","[이데일리 노진환 기자] 제7회 전국동시지방선거 및 국회의원 재보궐선거를 일주일 앞두고 있는 6일 서울역 역사에 마련된 남영동 사전투표소에서 선관위 직원들이 투표소 설치 작업을 하고 있다. 사전투표는 오는 8일과 9일 이틀간 전국 3천 512개의 사전투표소에서 일제히 실시된다.  ▶계좌회복프로젝트! 상위 전문가의 투자전략 및 추천종목‘[무료확인]’ ▶14년 연속 1위, 대한민국 대표 스탁론 하이스탁론 '    ' ＜ⓒ종합 경제정보 미디어 이데일리 - 무단전재 & 재배포 금지＞   "
234,4,"2018-06-06","15:53:00","신한카드, ‘위메프 원더페이 신한카드’ 출시","김영호(왼쪽 네번째) 신한카드부사장이 지난 5일 서울 을지로 신한카드 본사에서 하송(왼쪽 세번째) 위메프 부사장과 ‘위메프 원더페이 신한카드’ 제휴 업무협약을 체결한 후 관계자들과 함께 기념촬영을 하고 있다. (사진=신한카드)[이데일리 전상희 기자] 신한카드는 위메프와 함께 ‘위메프 원더페이 신한카드’를 출시한다고 6일 밝혔다.   ‘위메프 원더페이 신한카드’는 위메프 이용 고객들이 위메프의 간편결제 서비스인 ‘원더페이’를활용해 편리하고 높은 혜택을 누릴 수 있도록 설계된 상품이다. 신한카드와 위메프는 이번 제휴카드 출시에 이어 고객 대상 프로모션을 확대해 실시하는 등 공동 마케팅을 강화할 계획이다. 신한금융그룹의 네트워크와 빅데이터, 핀테크 역량을 활용한 협업 모델도 다각화한다.   신한카드 관계자는 “전자상거래 시장에서 급성장 중인 위메프와 함께 빠르게 변하는 온라인 쇼핑, 결제 시장환경을 선도하기 위해 이번카드를 출시하며 긴밀한 파트너십을 구축해 나갈 예정”이라며 “합리적인 카드 혜택을 바라는 고객의 소리를 바탕으로 양사의 적극적인 의지를 담아 고객 만족을 이끌어 낼 것”이라고 말했다  ▶계좌회복프로젝트! 상위 전문가의 투자전략 및 추천종목‘[무료확인]’ ▶14년연속 1위, 대한민국 대표 스탁론 하이스탁론 '    ' ＜ⓒ종합 경제정보 미디어 이데일리 - 무단전재 & 재배포 금지＞   "
234,5,"2018-06-06","15:53:00","[포토]'환상의 호흡'","[이데일리 방인권 기자] 제63회 현충일인 6일 오후 서울 용산구 전쟁기념관에서 수방사 헌병단이 모터사이카 퍼레이드를 하고 있다.  ▶계좌회복프로젝트! 상위 전문가의 투자전략 및 추천종목‘[무료확인]’ ▶14년 연속 1위, 대한민국 대표 스탁론 하이스탁론 '    ' ＜ⓒ종합 경제정보 미디어 이데일리 - 무단전재 & 재배포 금지＞   "
234,6,"2018-06-06","15:53:00","[포토]'호흡척척'","[이데일리 방인권 기자] 제63회 현충일인 6일 오후 서울 용산구 전쟁기념관에서 수방사 헌병단이 모터사이카 퍼레이드를 하고 있다.  ▶계좌회복프로젝트! 상위 전문가의 투자전략 및 추천종목‘[무료확인]’ ▶14년 연속 1위, 대한민국 대표 스탁론 하이스탁론 '    ' ＜ⓒ종합 경제정보 미디어 이데일리 - 무단전재 & 재배포 금지＞   "
234,7,"2018-06-06","15:53:00","[포토]바이크와 한 몸","[이데일리 방인권 기자] 제63회 현충일인 6일 오후 서울 용산구 전쟁기념관에서 수방사 헌병단이 모터사이카 퍼레이드를 하고 있다.  ▶계좌회복프로젝트! 상위 전문가의 투자전략 및 추천종목‘[무료확인]’ ▶14년 연속 1위, 대한민국 대표 스탁론 하이스탁론 '    ' ＜ⓒ종합 경제정보 미디어 이데일리 - 무단전재 & 재배포 금지＞   "
235,1,"2018-06-06","15:48:00","[포토]관중 사로잡은 태권도 시범단","[이데일리 방인권 기자] 제63회 현충일인 6일 오후 서울 용산구 전쟁기념관에서 태권도시범단이 멋진 공연을 펼치고 있다.  ▶계좌회복프로젝트! 상위 전문가의 투자전략 및 추천종목‘[무료확인]’ ▶14년 연속 1위, 대한민국 대표 스탁론 하이스탁론 '    ' ＜ⓒ종합 경제정보 미디어 이데일리 - 무단전재 & 재배포 금지＞   "
235,2,"2018-06-06","15:47:48","정부 규제 타깃 '강남4구 집값' 하락세로 돌아서","[뉴스토마토 신지하 기자] 정부의 규제와 감시가 집중된 서울 강남4구(강남·서초·송파·강동) 집값이 하락세로 돌아섰다.     6일 한국감정원에 따르면 지난달 서울 강남4구 주택 매매가격 월간 변동률은 지난해 9월 이후 8개월 만에 하락 전환했다. 송파구가 전달 대비 0.06%떨어졌고 강남구(-0.14%)와 서초구(-0.06%), 강동구(-0.04%) 모두 내림세를 기록했다.     특히 주간 기준으로 강남4구 아파트값은 8주 연속 하락세를 이어가고 있다. 강남4구 아파트 매매가격 주간변동률은 지난달 28일 기준 -0.11%를 나타냈다. 지난 4월9일(-0.01%) 하락 전환한 이후 가장 큰 낙폭으로 8주 연속 하락세를 유지했다.     강남구(-0.18%)와 송파구(-0.17%), 서초구(-0.03%) 모두하락했다. 정부의 규제와 감시가 집중된 탓에 재건축과 일반 단지 모두 하락세가 심화됐다. 반면 강동구는 0.03%를 기록하며 전주(0.01%)보다 소폭 상승했다. 최근 서울 지하철 9호선 4단계 연장사업이 예비타당성 조사를 통과했다는 소식에 집값 상승에 대한 기대감이 반영된 것으로보인다.     최근 강남4구 아파트 거래량도 연초 대비 크게 줄었다. 작년 12월부터 올해 3월까지의 월평균 아파트 거래량은 강동구(1803건), 송파구(1469건), 서초구(1110건), 강남구(993건) 순으로나타났다. 하지만 다주택자 양도소득세 중과가 시행된 4월 거래량은 최근 4개월간 월평균 거래량과 비교해 3분의 1수준으로 급감했다. 강동구는 600건, 송파구 527건, 서초구 380건, 강남구 348건에 그쳤다.     강남4구의 집값 하락세는 다주택자 양도세 중과와 재건축 부담금 및 보유세 개편 움직임 등 정부 정책의 효과라는 게 전문가들의 평가다. 특히 이들 지역을 중심으로 정부가 집값을 인위적으로 올리는 '자전거래'나 업다운 계약 등 부동산 불법거래 단속을 집중한다는 점도 매매 심리를 위축시킨 또 하나의 요인으로 작용했다.     권일 부동산인포 리서치팀장은 ""최근 강남 부동산 시장은 매도자와 매수자 간 눈높이 격차가 예전보다 높아져 전체적으로 거래량이줄고 분위기가 상당히 차분한 상태""라고 분석했다. 그러면서 ""정부의 보유세 개편 향방에 따라 하반기에도 강남4구 집값 하락세 지속 여부가 결정될 것""이라고 내다봤다.          정부의 규제와 감시가 집중된 서울 강남4구(강남·서초·송파·강동) 집값이 하락세로 돌아섰다. 사진/뉴시스     세종=신지하 기자 sinnim1@etomato.com    [관련기사] · (우리동네 ‘핫’공약-⑤서초구)""안전·문화 생활인프라 확충에 총력"" · 수도권 아파트 입주물량 1.5배 늘어…전셋값 하락세 이어질 듯 [신지하 기자의 다른 뉴스] · '부실시공' 사업자·시공사 선분양 제한…벌점 10점 넘으면 사용검사 뒤 분양 · (르포)'미세먼지' 전초기지 백령도측정소를 가다 [이 시각 주요뉴스] · 취업 못해본 대졸 6만3천명…5년째 증가세 · 이명희 구속은 피했지만…한진일가 '정부합동조사' 끝나려면 멀었다  -경제전문 멀티미디어 뉴스통신 뉴스토마토 저작권자(c)뉴스토마토통신. 무단전재-재배포 금지-"
235,3,"2018-06-06","15:47:08","1분기 가계 해외소비 8.6조 역대 최대","[뉴스토마토 한고은 기자] 1분기 가계의 해외소비가 역대 최대로 늘어났다.      6일 한국은행에 따르면 올해 1분기 가계 해외소비(거주자 국외소비지출)액은 8조5833억원으로 전년동기대비 7.0% 증가했다. 1분기 가계 해외소비 규모(분기기준)는 관련 통계 집계 이후 최대치다. 반면 1분기 국내소비액(비거주자 국내소비 제외)은 172조1085억원으로 전년동기대비 3.1% 증가했다.     최근 해외소비 증가하는 이유로는 가계의 소득수준 향상과 저비용항공사 노선확대로 인한 해외여행 급증이 꼽힌다.     한국관광공사 통계를 보면 내국인 출국자수는글로벌 금융위기 당시인 2008~2009년 이후 꾸준히 증가하고 있다. 작년 내국인 출국자수는 전년대비 18.4% 증가한 2650만명으로 집계됐으며, 2015년 이후 내국인 출국자수 증가율은 매년 두 자릿수를 넘고 있다. 올해 들어서는 1월부터 4월까지 966만명이 출국해 내국인 출국자수가 올해 처음으로 3000만명을 넘을 것이라는 전망이 나온다.     이는 국제수지에서도 확인된다. 작년 여행수지는 관련 통계집계 이후 최대인 171억7000만달러 적자를 기록했다. 사드보복 조치로 인한 중국인 관광객수 감소 영향이 컸지만 내국인 관광객이 해외여행에 쓴 여행지급액도 늘어난 영향이다.     소비자들의 다양한 소비욕구가 충족된다는 긍정적 측면도 있지만, 민간소비와 내수시장 간 연결고리가 약화되면서 경기인식과 경제정책 집행에 있어서도 어려움이 가중될 수 있다는 지적이다.     실제 지난 4월 금통위 의사록을 보면 한 금통위원은 ""작년 4분기 이후 국외소비의 큰 폭증가에도 국내소비는 상대적으로 증가세가 완만하다""고 진단했다. 국내 서비스업의 낮은 생산성 등 공급 측면, 원화강세 등 구조적 요인에 의한 것이라는 분석과 함께 구조적 요인에 의한 해외소비 증가일 경우 소비회복이 서비스업 종사자 소득개선으로 이어지는 선순환 구조 형성을 제약한다는 우려도 덧붙였다.     김영익 서강대 경제학부 교수는 ""기본적으로 경상수지 흑자가 지속되면서 환율이 안정되는 측면이 있고, 그 결과 해외소비가 더 많이 늘어나고 있다. 2013년부터 경제성장률을 밑돌던 민간소비 증가율이 올해는 비슷하거나 웃도는 수준으로 개선될 것으로 보이는데 해외소비 중심으로 증가하면 내수경기에 좋은 현상은 아니다""며 ""결국 우리가 나가서 소비하는 만큼 외국인들이 국내로 많이 들어오도록 하는 정책들이 필요할 것으로 보인다""고 말했다.        작년 8월 여름 휴가철을 맞아 해외로 출국했던 여행객 등이인천국제공항 입국장을 통과하고 있다. 사진/뉴시스     한고은 기자 atninedec@etomato.com [한고은 기자의 다른 뉴스] · 세계은행, 글로벌경제 3.1% 성장 전망…""신흥국 변동성 대비 필요"" · 원·달러 환율, 1.2원 내린 1070.7원 마감 · 김동연, 원격진단 솔루션 등 디지털헬스케어 현장방문 [이 시각 주요뉴스] · 취업 못해본 대졸 6만3천명…5년째 증가세 · (오늘의 날씨) 경상·강원, 폭염에 소나기까지 · 삼성전자, AI 생태계 확장 가속  -경제전문 멀티미디어 뉴스통신 뉴스토마토 저작권자(c)뉴스토마토통신. 무단전재-재배포 금지-"
235,4,"2018-06-06","15:46:23","군산시, 공동주택 공동체 활성화 지원사업 공모","@media all and (max-width: 400px) {img{max-width:340;height:auto;}}.dayTBL a:link {font-family: 돋움;font-size: 11px;line-height: 18px;color:#666666;text-decoration: none}.dayTBL a:visited {font-family: 돋움;font-size: 11px;line-height: 18px;color: #666666;text-decoration: none}.dayTBL a:hover {font-family: 돋움;font-size: 11px;line-height: 18px;color: #840000;text-decoration: none}.dayTBL nobr {width:85px; text-overflow:ellipsis; overflow:hidden; cursor:pointer; float:left}.todayBDb {border-bottom: #000000 0.5pt solid}.tblGrp{padding:0; border-spacing:0; border-collapse:collapse; border:0;vertical-align:top;width:279px}.tblGrp td{vertical-align:top}.dayTBL {width:93px; padding:0; border-spacing:0; border-collapse:collapse; vertical-align:top; border:0}.dayTBL td{font-size:12px; font-family:돋움; color:#333333;line-height:18px;padding:0}.divSch1{float:left}.divSch2{float:left}.tdSch{border: #E6E6E6 0.1pt solid;height:75;padding:0}.tdSchToday {border: #000000 1pt solid;height:75;background-color:#fffff0;padding:0}.tdSchTomorrow {border-left:0}.tdSchYesterday {border-right:0}.tdDate{background-color:#c8e7ff;height:10;text-align:center}.ad {text-align:center; font-size:8pt; font-family:돋움;line-height:1.2}.lg {margin-bottom:20px;}.title{font-size:15px;color:#203c76;font-weight:bold;margin-bottom:20px;}a,img {border:0; outline:none; selector-dummy:expression(this.hideFocus=true);}body,td,select,input,div,form,textarea,center,option,pre,blockquote {font-size:9pt; line-height:1.6; font-family:돋움;}table{border:0px;}r {display:none;}"
235,5,"2018-06-06","15:46:23","'군산 선유도 망주봉 일원’, 국가지정문화재(명승) 지정","@media all and (max-width: 400px) {img{max-width:340;height:auto;}}.dayTBL a:link {font-family: 돋움;font-size: 11px;line-height: 18px;color:#666666;text-decoration: none}.dayTBL a:visited {font-family: 돋움;font-size: 11px;line-height: 18px;color: #666666;text-decoration: none}.dayTBL a:hover {font-family: 돋움;font-size: 11px;line-height: 18px;color: #840000;text-decoration: none}.dayTBL nobr {width:85px; text-overflow:ellipsis; overflow:hidden; cursor:pointer; float:left}.todayBDb {border-bottom: #000000 0.5pt solid}.tblGrp{padding:0; border-spacing:0; border-collapse:collapse; border:0;vertical-align:top;width:279px}.tblGrp td{vertical-align:top}.dayTBL {width:93px; padding:0; border-spacing:0; border-collapse:collapse; vertical-align:top; border:0}.dayTBL td{font-size:12px; font-family:돋움; color:#333333;line-height:18px;padding:0}.divSch1{float:left}.divSch2{float:left}.tdSch{border: #E6E6E6 0.1pt solid;height:75;padding:0}.tdSchToday {border: #000000 1pt solid;height:75;background-color:#fffff0;padding:0}.tdSchTomorrow {border-left:0}.tdSchYesterday {border-right:0}.tdDate{background-color:#c8e7ff;height:10;text-align:center}.ad {text-align:center; font-size:8pt; font-family:돋움;line-height:1.2}.lg {margin-bottom:20px;}.title{font-size:15px;color:#203c76;font-weight:bold;margin-bottom:20px;}a,img {border:0; outline:none; selector-dummy:expression(this.hideFocus=true);}body,td,select,input,div,form,textarea,center,option,pre,blockquote {font-size:9pt; line-height:1.6; font-family:돋움;}table{border:0px;}r {display:none;}    제목: ''군산 선유도 망주봉 일원’, 국가지정문화재(명승) 지정   (전북=NSP통신) 김광석 기자 = 문화재청(청장 김종진)이 4일 전라북도 군산시 옥도면에 위치한‘군산 선유도 망주봉 일원’을 국가지정문화재 명승 제113호로 지정했다.   군산 선유도 망주봉 일원은 숭산행궁(군산 선유도 고려유적, 전라북도 기념물 제135호), 군산정, 자복사, 오룡묘(군산시 향토문화유산 제19호), 객관 등 고려유적이 있었던 곳으로 역사적 보존가치가 높은 곳이다.   문화재청은 망주봉 일원을 낙조경관 조망지점으로 지정하면서 “선유도 망주봉 일원은 서해의 낙조기관(落照奇觀) 중 으뜸으로 저명한 경관을 형성하며 낙조 조망지점이 다분화 돼 있고, 선유낙조를 중심으로 한 팔경체계의 상호작용 등 명승적 가치가 높다”고 지정 이유를 설명했다.   이어 ""망주봉은 화산작용에 대한 중요한 정보를 제공하며, 소나무군락이 형성돼 있어 이색적이고 기이한 생태적 경관을 연출하는 곳으로, 360도 사방의 조망지점에서 관찰되는 풍부한 지형요소가 조망의 흥미를 준다”고 했다.   군산시 관계자는 “명승으로 지정되면 내년부터 국비가 투입돼 주변정비사업과 함께 토지매입 등 국가지정문화재 지정에 관한 후속절차가 진행된다”며 ""고군산 연결도로 개통으로 많은 관광객이 선유도를 방문하고 있으나 관광 인프라가 부족한 상황에서 이번 명승 지정을 통해 관광객들의 문화적 갈증을 다소 해소할 수 있을 것으로 전망된다”고 말했다.   한편 현재 전라북도에는 진안 마이산, 남원 광한루 등 6개의 명승이 지정 관리되고 있다. NSP통신/NSP TV 김광석 기자, nspks@nspna.com 저작권자ⓒ 한국의 경제뉴스통신사 NSP통신·NSP TV. 무단전재-재배포 금지.    해당 기사는 NSP통신(www.nspna.com)에서 제공한 것이며저작권은 제공 매체에 있습니다. 기사 내용 관련 문의는 해당 언론사에 하시기 바랍니다.  ■[하이스탁론] 주식자금이 필요할 땐 ☎ 1599-6222 연 3% 업계 최저금리, 자기자본 포함 최대 4배, 연장수수료 無 주식 매도없이 미수, 신용 대환 / 마이너스통장식 / 기대출자도 가능 ☞ 14년 연속 스탁론 점유율 1위, 노주현이 추천하는 [하이스탁론 바로가기]  ▶【급등임박株】 “정책+실적+수급분석 완료” 주도주 '2선' 추천받기  ◆""숨은 진주발굴"" 당뇨치료제 상용화 임박! <재료주공개>   [이슈&섹터 스케줄]    2018-06-04 - 한국-필리핀 정상회담 예정 - 5G 주파수 경매 신청 마감 예정 -  한은, BOK 국제컨퍼런스 개최   2018-06-05 - 국무회의(최저임금법) - 랩온어칩 및 마이크로플루이딕스 컨퍼런스 개최(현지시간) - ""항체 엔지니어링 & 항체 치료 콘퍼런스 유럽 2018"" 개최 예정(현지시간)   2018-06-06 - 현충일 - 국내 증시 휴장 - 2018 국제회계 심포지엄 개최 예정      2018-06-07 - 美-日 정상회담 예정(현지시간) - 삼성바이오로직스, 분식 여부 판가름 예정 - 넥슨, MMORPG '카이저' 정식 출시   2018-06-08 - 6.13 지방선거 사전투표 예정 - G7 정상회의 개최 예정(현지시간) - 제5차 韓-美 에너지안보대화   2018-06-09 - 북-중-러 정상회담 예정 - 이탈치네마, 제10회 이탈리아 영화제 개최 예정 - 상하이협력기구(SCO) 정상회의 개최      Copyright ⓒ True&Live 증시뉴스 점유율1위, 인포스탁(www.infostock.co.kr) 인터넷신문(경기아51008)/무단전재 및 배포금지   본 뉴스(정보)는 해당종목의 매수/매도신호가 아니며, 이를 근거로행해진 거래에 대해 책임을 지지 않습니다."
235,6,"2018-06-06","15:45:21","[가전] 냉장고, 세탁기 산업 투자기회 낙관적","국련증권은 냉장고 및 세탁기 산업에서 투자기회가 나타날 것으로 전망했다.   치엔지엔(建) 국련증권 연구원은 “우선 냉장고 및 세탁기 산업 선두기업의 국내 시장 내 가격 결정권이 높아질 것”이라 예상했다.   그 이유로는 “칭다오하이얼과 메이디 등 선두기업은 자체적 연구개발과 더불어 해외 기업 지분 인수로 국내외 제품의 품질 격차를 크게 줄였다”며 “이에 힘입어 이들은 브랜드 파워를 강화함과 더불어 기존에 강점을 가지고 있던 생산력과 판매 채널 우위를 기반으로 국내 시장에서의 가격 결정권을 강화해 나갈 것”이라 설명했다.   다음으로는 “냉장고 및 세탁기 산업에 새로운 교체 수요가 나타날 것으로 기대된다”며 “세탁기의 교체 수요는 2016년부터 나타나기 시작했고, 냉장고의 교체 수요는 2019년 하반기경 나타날 것”으로 예상했다.    마지막으로는 “냉장고 및 세탁기 산업 경기 상승이 보다 분명해지면서 관련 기업들의 순이익이 증가할 것”으로 전망했다.   이에 치엔 연구원은 상위 요소들을 바탕으로 메이디그룹(000333.SZ), 격력전기(000651.SZ), 소천아(000418.SZ) 등 가전 선두주를 장기적으로주목할 것을 제안했다.   발간일: 2018.6.5   출처: 국련증권"
235,7,"2018-06-06","15:45:21","[가전] 냉장고, 세탁기 산업 투자기회 낙관적","국련증권은 냉장고 및 세탁기 산업에서 투자기회가 나타날 것으로 전망했다.   치엔지엔(建) 국련증권 연구원은 “우선 냉장고 및 세탁기 산업 선두기업의 국내 시장 내 가격 결정권이 높아질 것”이라 예상했다.   그 이유로는 “칭다오하이얼과 메이디 등 선두기업은 자체적 연구개발과 더불어 해외 기업 지분 인수로 국내외 제품의 품질 격차를 크게 줄였다”며 “이에 힘입어 이들은 브랜드 파워를 강화함과 더불어 기존에 강점을 가지고 있던 생산력과 판매 채널 우위를 기반으로 국내 시장에서의 가격 결정권을 강화해 나갈 것”이라 설명했다.   다음으로는 “냉장고 및 세탁기 산업에 새로운 교체 수요가 나타날 것으로 기대된다”며 “세탁기의 교체 수요는 2016년부터 나타나기 시작했고, 냉장고의 교체 수요는 2019년 하반기경 나타날 것”으로 예상했다.    마지막으로는 “냉장고 및 세탁기 산업 경기 상승이 보다 분명해지면서 관련 기업들의 순이익이 증가할 것”으로 전망했다.   이에 치엔 연구원은 상위 요소들을 바탕으로 메이디그룹(000333.SZ), 격력전기(000651.SZ), 소천아(000418.SZ) 등 가전 선두주를 장기적으로주목할 것을 제안했다.   발간일: 2018.6.5   출처: 국련증권"
236,1,"2018-06-06","15:38:52","과테말라 화산폭발 사망자 75명으로 늘어…실종자 200여명","과테말라의 푸에고 화산 폭발로 인한 사망자가 70명을 넘고 실종자는 200여 명에 이르는 등 인명피해가 늘어나고 있다.  6일 영국 BBC 등 외신에 따르면 지난 3일 푸에고 화산(해발 3763ｍ)이 분화한 이후 지금까지 최소 75명이 숨지고 192명이 실종된 것으로파악됐다.  화산 주변 7개 마을이 뜨거운 화산재를 동반한 열 폭풍과 화쇄류(화산재와 화산가스가 빠르게 흘러내리는 것) 등으로폐허가 됐다. 주민 3000명 이상이 피난 시설로 대피했고 170만 명 이상이 화산 폭발의 영향을 받는 것으로 관계당국은 추정했다.  또 화산 가스가 분출하고 화산재가 주변 마을을 뒤덮으면서 생존자와 실종자 수색 작업이 더디게 진행되고 있다.  현지 재난구호대장 세르히오 카바나스는 ""얼마나 많은 사람이 피해 현장에 있는지 모르지만, 마지막 희생자를 찾을 때까지 수색을 계속할 것""이라고 말했다. 하지만 그는 ""화쇄류에 갇혔다면 그곳에서 산채로 빠져나오기는 어렵다""고 우려했다.  푸에고 화산에서 약 40㎞ 떨어진 과테말라 수도 과테말라시티에 사는 에바 아스콘은 화산 인근에 집이 있는 자신의 부모, 형제자매, 조카 6명, 다른 친척들이 실종됐다며 ""시신이라도 확인할 수 있게 해달라""고 호소했다.  화산학자 제닌 크리프너는 ""푸에고는 매우 활동적인 화산으로, 쉽게 분출할 수 있는 많은 화산물질을 품고 호우 지역에 자리 잡고 있다""며 경계를 늦추지 말 것을 당부했다.  앞서지미 모랄레스 과테말라 대통령은 사흘간의 애도 기간을 선포하고 피해 현장을 방문했다.  안토니우 구테흐스 유엔 사무총장은 ""푸에고 화산 폭발로 인한 비극적인 인명 손실과 심각한 피해를 깊이 애도한다""며 유엔이 과테말라의 구조·구호 작업을 도울준비가 돼 있다고 밝혔다.  한경닷컴 뉴스룸 open@hankyung.com     관련기사 과테말라 푸에고 화산 다시 폭발… 사망자 62명으로 늘어 과테말라 타후물코 인근서 규모 6.9 지진…피해 확인안돼 `인간극장` 과테말라 커피에 청춘을 걸었다.. `카페로코` 대한청년 5人 미 하와이 규모 5.0 지진… 킬라우에아 화산폭발 가능성 과테말라 화산 폭발… 최소 25명 사망·20명 부상    ⓒ 한국경제 & hankyung.com, 무단전재 및 재배포 금지"
236,2,"2018-06-06","15:38:51","현충일 고속도로 상행선 정체…""오후 6~7시께 절정…오후 8∼9시 해소""","현충일인 6일 오후 전국 고속도로는 나들이를 다녀오는 차량으로 상행선 곳곳이 정체되고 있다.   한국도로공사에 따르면 이날 오후 3시 30분 현재 전국 고속도로에서 차량이 시속 40㎞ 미만으로 서행하는 구간은 총 29.6㎞다.   도로공사는 상행선 정체가 오후 6∼7시께 절정에 달했다가 오후 8∼9시께 해소될 것으로 내다봤다.   공사는 이날 전국 고속도로 총 교통량을 평소 일요일보다 조금 더 많은 수준인 408만대로 예상했다.    [디지털뉴스국]      ☞ 조용히 사서 묻어놔라! 6月 정말 큰돈 된다! ☞ 세계최초 항암제 개발! 신라젠 놓쳤다면, 이 종목 잡아라!! ☞ 세계 최초 신약! 1,500% 신라젠 능가할 단돈 4천원대 Bio 황제주!!! ☞ 6月 반드시 주목해야될 Best 바이오 종목!!      [ⓒ 매일경제 & mk.co.kr, 무단전재 및 재배포 금지]"
236,3,"2018-06-06","15:37:49","인천시, 국립세계문자·해양박물관 건립 추진","인천시에 국립세계문자박물관과 국립해양박물관 건립이 추진된다. 시는 올해 안에 세계문자박물관 실시설계를 마치고 내년 3월 송도국제도시에 있는 센트럴공원에 박물관 신축공사를 시작할 계획이라고 6일 밝혔다. 개관은 2021년 목표다.   세계문자박물관은 전 세계의 문자를 전시?연구하고, 교육?체험하는 문화 시설이다. 지하2층?지상2층?연면적 1만5650㎡ 규모로 건립된다. 사업비는 816억원이다.   시는 중구 북성동 월미도갑문매립지에 국립인천해양박물관 건립도 추진하고 있다. 지난해 8월 정부의 예비타당성조사 대상으로 선정, 조사가 진행중이다. 시 관계자는 “오는 10월 예비타당성 조사에서 추진 사업으로 결정되면 2020년까지 실시설계를 마치고 2021년 착공할 계획”이라고 말했다.  인천해양박물관은 수도권 주민들이 1시간 내외 시간만 투자하면 방문할 수 있어, 자녀들의 교육에 큰 도움이 될 것으로 전망된다.지상4층, 연면적 1만8700㎡ 규모로 만들어진다. 시 관계자는 “전국에 국?공립?민간 해양문화시설이 19개 있지만, 수도권에는 없어 박물관 건립의 필요성을 정부에 계속 건의했다”고 말했다.   인천=강준완 기자 jeffkang@hankyung.com      [ 무료 주식 카톡방 ] 국내 최초, 카톡방 신청자수 38만명 돌파< 업계 최대 카톡방 > --> 카톡방 입장하기!! 40억 ""이것""통해 벌었다는 남성 알고보니 ""개인파산""한 개그맨 A씨? ▶ <긴급공개> 2분기 이끌 新대장주 BEST 5 억대계좌 이종목에서 또 터진다! >> [바로확인]     관련기사 ""젊은 직장인들 모인다""…강북 도심 부활한 이유가 ""무너질까 두렵다""…사직2구역 주민들 '발칵' 계속되는 주한미군 철수설에…美 국방장관 결국 다이슨 무선청소기 잘나가더니… 가전업계 '대반전' 남편에게 돈 벌어 오랬더니 하는 말이…아내 속앓이    ⓒ 한국경제 & hankyung.com, 무단전재 및 재배포 금지"
236,4,"2018-06-06","15:36:34","[北美회담 일시·장소 확정]북·미회담서 '비핵화 실천 로드맵' 나온다","성 김 필리핀 주재 미국대사(왼쪽)와 최선희 북한 외무성 부상.[연합뉴스 자료사진] '세기의 담판'인 북·미 정상회담이 일시에 이어 장소까지 결정되면서 북한의 비핵화와 체체보장 로드맵 조율이 막바지에 접어들고 있다.  북·미 정상회담은 도널드 트럼프 대통령과 김정은 국무위원장의 경호와 보안을 최우선으로 고려해싱가포르 센토사 섬 내 카펠라 호텔에서 12일 오전 9시(한국시간 오전 10시) 시작된다. 싱가포르 대표 휴양지인 센토사 섬은 싱가포르 본섬과 연결된 다리·모노레일·케이블카 통제 등으로 경호와 보안이 용이하다.  이와관련, 성 김 필리핀 주재 미국대사와 최선희 북한 외무성 부상의 판문점 실무협상은 6일 오전 10시부터 판문점 북측지역 통일각에서 진행하며 핵심의제를 조율했다.  ■비핵화·체재보장 막판 조율 실무협상팀은 북한 김영철 노동당 부위원장 겸 통일전선부장과 폼페이오 장관의 뉴욕 고위급회담, 트럼프 대통령과 백악관 회동을 통한 큰 틀의 합의를 이어가고 있다.  이들은 북·미 정상회담에서 발표할 문서에서 비핵화와 체제안전 보장 등의 로드맵을 위한 실무적인 조율을 이뤄낼 전망이다.  조성렬 국가안보전략연구원 수석연구위원 ""판문점 실무협상은 북·미 정상회담 직전까지 계속 조율될 것""이라며 ""최종 조율 후 트럼프 대통령, 김정은 위원장이 사인하면 결론 날것""이라고 했다.  북·미 간 비핵화와 체제보장 로드맵의 실천이 이뤄지면 시 시대가 열릴 것이란 전망이다.  2000년남북 정상회담 당시 대북특사였던 박지원 민주평화당 의원은 ""비핵화 실천 방안과 로드맵, 최종 결론은 북미 정상회담에서 판가름 날 것""이라며 "" 북·미 정상회담이 성공하고 비핵화가 실천되면 새 시대가 열려 긴장완화·교류협력 확대·평화정착으로 모든 것이 도약할 것""이라고 했다.  북·미는 비핵화와 체제보장의 안보 맞교환 로드맵을 이행하면서 적절한 시점에서상호 점검 및 협의 과정을 거칠 전망이다. 트럼프 대통령이 정상회담이 프로세스(과정)가 될 것이고, 한 번의 회담으로 진행될 것이라고 결코 말하지 않았다""고 한 것은 이같은 로드맵을 시사한 것이다.  ■양측 이행단계 계속 점검할 듯 김상기 통일연구원 통일정책연구실장은 최근 '6·12북미정상회담 전망과 한국의 과제' 보고서에서 북미 정상회담 로드맵은 사실상 단계적· 동시적 이행에 가까운 방안이 될 것으로 전망했다. 미국이 모든 대북 체재안전보장을 선제적으로 이행하거나, 북한이 비핵화를 선제적으로 이행하는 방식은 현실적이지 않다는 것이다.  북·미 정상회담에서 나오는 톱다운 방식의 합의가 후속조치 이행을 구속·견인하게 된다. 또 북미는 별도의 상설 협의기구를 구성해 합의사항 이행을 추진·점검할 것으로 전망된다.  북미 로드맵은 양측의 이행 단계에 따라 서로의 보상이 이뤄지는 행동대 행동의 절차를 밟을 전망이다.  김 실장은 ""우선 조치로 북한은 대륙간탄도미사일(ICBM)을 폐기하고 모든 핵 활동 신고 전면동결 사찰을 수용할 것""이라며 ""북미 양국은 상호 불가침에 합의하고 종전선언(3자 또는4자)을 공표하며 연락사무소 등 형태를 워싱턴과 평양에 설치할 수 있다""고 했다.  이어 중기 목표로 북한은 모든 핵관련 시설과모든 핵무기·핵물질·중장거리 탄도미사일(IRBM)을 폐기할 것으로 보인다. 이에 대응해 미국은 핵관련 전략자산을 한반도에 배치·전개하지 않고 평화협정 체결에 나설 수도 있다. 이후 트럼프 대통령 재선을 앞두고 완전한 비핵화 검증을 완료하고, 모든 대북제재를 해제하고 '북한의 더 밝은 미래'를 위한 경제적 지원을 제공한다. 마지막 단계에 북·미 공식 수교와 워싱턴과 평양 대사관 설치가 진행될 전망이다.  lkbms@fnnews.com 임광복 기자  ▶'모멘텀 집중' 저가에서 매집해둬야 할 상반기 유망주 3선 (지금 확인)   [파이낸셜뉴스 주요뉴스]  → 北 김정은 묵는 호텔 하루 숙박비 '642만원' 누가 지불? → ""선거 알바 클라스가 다르네"".. 선거운동원 '깨방정 댄스' 화제 → ""학원 여교사가 초등생 제자 2명과 성관계"" → 견과류 일주일에 3번이상 먹으면 나타나는 변화 → 국방부에 도착한 두테르테가 가장 먼저본 국산 무기  ▶ <긴급공개> 억대계좌 이종목에서 또 터진다!    ※ 저작권자 ⓒ 파이낸셜뉴스. 무단 전재-재배포 금지 "
236,5,"2018-06-06","15:36:28","5G 경매 앞둔 이통3사, 요금 경쟁서도 관건은 ‘주파수’","[뉴스토마토 안창현 기자] 5세대(5G) 주파수 경매가 시작된 가운데, 4세대 롱텀에볼루션(LTE) 요금 경쟁에서도 주파수가 핵심 변수로 떠올랐다. 최근 LTE 요금제 개편은 데이터 무제한 요금제를 중심으로 이뤄지고 있다. 자칫 트래픽 급증으로 서비스 품질이 저하될 수 있다. 보유 주파수 당 가입자 비중이 높은 SK텔레콤이 요금제 개편에 신중한 반면, 상대적으로 주파수 여유분이 있는LG유플러스와 KT가 새 요금제 출시에 적극적인 배경이다.     KT의 ‘데이터온(ON) 요금제’는 지난 5일 가입자 수 16만명을 돌파했다. 지난달 30일 요금제를 선보인 이후 1주일 만이다. 3종으로 출시한 데이터온 요금제는 일부 속도 제한을 두고 데이터를 무제한 제공한다. 월정액 8만9000원인 프리미엄 요금제는 속도 제한도 없다. 이필재 KT 마케팅부문장은 통신망 과부하 문제에 대해 “주파수 대역폭을 고려해 시뮬레이션 테스트를 거쳤고, 트래픽 증가분에 따른 시설 투자를 통해 충분히 해결할 수 있는 수준”이라고 언급했다. 또 “내년 5G가 상용화되면 LTE망에 여유가 생길 것”이라고 덧붙였다.     앞서 LG유플러스도 속도 제한 없는 무제한 데이터 요금제를 선보였다. 지난 2월 출시한 ‘속도·용량 걱정 없는 데이터 요금제’는 기존 LTE 무제한 요금제에서 트래픽 과부하를 막기 위한 속도 제한을 풀었다. 당시 LG유플러스는 이같은 완전 무제한요금제를 경쟁사들이 출시하기 어려울 것으로 내다봤다. 주파수 대역폭 당 가입자 수에서 상대적으로 여유가 있는 이점을 최대한 살린 요금제라는 평가였다. 실제 LTE 주파수 대역폭과 가입자 수는 지난 3월 기준 SK텔레콤이 70㎒에 2285만명이지만, KT는 50㎒에 1452만명, LG유플러스는 50㎒에 1191만명이다.     업계 관계자는 “SK텔레콤이 요금제 개편을 준비 중인 것으로 알려졌지만, 경쟁사처럼 무제한 요금제로 적극 대응하긴 힘들 것”이라며 “결국 주파수 보유 문제가 서비스 품질뿐 아니라 요금 설계에도 영향을 미치는 셈”이라고 지적했다.       KT의 ‘데이터온 요금제’ 가입자가 출시 1주일 만인 5일 16만명을 돌파했다. 사진/KT     안창현 기자 chahn@etomato.com [관련기사] · KT, 요금제 전면 개편…4만원대 무제한부터 보편요금제까지 · LG유플러스, ‘로밍’도 무제한 데이터 요금제 출시 [안창현 기자의 다른 뉴스] · SKT·LGU+, ‘애플워치3’ 15일 출시 · 삼성SDS ""블록체인·AI 기반 디지털 금융사업 본격 추진"" [이 시각 주요뉴스] · 취업 못해본 대졸 6만3천명…5년째 증가세 · 내달부터 '대리점 갑질' 신고하면 포상금 준다  -경제전문 멀티미디어 뉴스통신 뉴스토마토 저작권자(c)뉴스토마토통신. 무단전재-재배포 금지-"
236,6,"2018-06-06","15:36:08","신세계百, ‘숨은 VIP 고객’ 아카데미 회원 전용 행사 열어","신세계(004170)백화점은 ‘숨은 VIP 고객’인 아카데미 고객들을 위해 24일까지 ‘아카데미 회원 대축제’를 개최한다고 6일 밝혔다.  아카데미 회원들은 강좌 수강을 위해 일주일에 최소 1번, 최대 3번까지 정기적으로 백화점에 나오기 때문에 구매로 연결되는 확률과 집객면에서 단연 으뜸으로 꼽히는 고객이다. 실제 신세계백화점에서 지난해 아카데미 회원의 백화점 구매실적을 분석한 결과, 아카데미 회원의 매출은 20% 이상 증가해 작년 백화점 전체 신장률인 4.6%보다 3배 이상 높은 신장세를나타냈다.  신세계백화점은 오는 24일까지 ‘아카데미 회원 대축제’를 열고 아카데미 수강생들이 선호하는 장르에 특별한 혜택을 제공한다. 먼저 고객들이 가장 선호하는 F&B 인기 브랜드를 점포 별로 선정해 신세계 신한카드로 결제 시 30% 할인을 진행한다.   점포별수강생 선호장르 파격가 상품도 기획했다. 본점은 오는 24일까지 안성맞춤한우, 볶음용 멸치, 딸기 등을 10% 할인된 가격에 제공하며 강남점비오템에서는 예비 엄마들을 위한 튼살 크림을 8만 9천원 특가에 선보인다. 이밖에 수강생들이 선호하는 인기 장르의 브랜드와 연계한 특강도 마련했다./허세민기자 semin@sedaily.com    ▶▶ 2018년 정부 정책 수혜주 TOP 10 大공개! (바로 확인)  ▶▶ 재료노출 임박한 상위1%의 극비정보 30명한정 공개(무료)    [ⓒ 서울경제, 무단 전재 및 재배포 금지]"
236,7,"2018-06-06","15:36:08","한국지엠, 공격적 마케팅으로 판매회복 모색","[뉴스토마토 김재홍 기자] 한국지엠이 이달 최대 400만원의 할인혜택을 제공하면서 다른 완성차 업체보다 공격적인 마케팅을 진행하고 있다. 판매량 회복을 적극적으로 추진해 조기에 경영정상화를 이루겠다는 의도다.     한국지엠은 이달 2018년형 스파크에 차량가격의 최대 10%를 할인하는 프로모션을 내걸었다. 말리부와 트랙스 구매 고객에게는 최대 200만원 할인과 함께 콤보 할부 프로그램(4.9%·72개월) 또는 보증기간 연장(7년 또는 14만km) 중 하나를선택할 수 있도록 했다. 크루즈와 올란도 구매 고객은 최대 300만원, 캡티바는 최대 400만원의 할인 혜택을 제공한다. 또한 2013년 이후 신규면허 취득 고객 중 스파크, 말리부, 트랙스를 구입하는 고객에게는 추가적으로 30만원을 지원한다.       현대·기아차를 비롯해 쌍용차, 르노삼성 등 다른 완성차 업체들이 발표한 50만~200만원 수준의 할인혜택과 비교하면 파격적인 조건을제시한 셈이다.         한국지엠이 공격적인 할인혜택 등으로 판매회복을 모색하고 있다. 카허 카젬 사장이 지난달 23일 신형 스파크 출시행사에서 발표하는 모습. 사진/뉴시스     한국지엠이 과감한 가격인하 혜택 등 적극적인 마케팅에 나선 이유는 올초 부진했던 판매량을 극복하기 위해서다. 한국지엠은 1 월 내수 판매량 7844대로 업계 3위를 기록했지만 이후 국내 철수설, 법정관리 위기 등의 영향으로 2월 5804대, 3월 6272대, 4월 5378대까지하락했다. 내수 판매 순위도 5위로 추락했다.     한국지엠 관계자는 ""4월말 노사 합의로 법정관리 위기에서 벗어난 만큼 생존을 위해서는 판매량 증가가 절실하다""면서 ""주요 차종의 재고분에 파격적인 혜택이 제공되기 때문에 고객 입장에서도 좋은 기회가 될 것""이라고 말했다. 업체 관계자도 ""국내 완성차 업체들은 상반기 마감이 있어 6월 프로모션에 큰 비중을 둔다""면서 ""이를 감안해도 한국지엠의 이달 할인혜택 폭은 당초 예상보다 크다""고 언급했다.      한국지엠은 이달 할인혜택에 최근 출시된 신형 스파크, 이달 7일 출시 예정인 SUV 이쿼녹스 등의 신차 효과가 결합한다면 6월 내수 판매실적은5월 7670대를 넘어 최대 1만대에 육박할 것으로 기대했다. 신형 스파크의 사전계약 규모가 현재까지 1500대 수준을 기록한 점도 긍정적인 요인이다.      한편, 한국지엠은 철수설 논란으로 실추됐던 신뢰도 회복을 위해 지역 사회와의 소통에도 나섰다.      지난 2일에는 인천 송도 달빛축제 공원에서 한국지엠 및 협력사 임직원 가족, 인천 시민 등 2만여명이 참가한 '쉐보레와 함께하는 인천경제 살리기 워킹 페스티벌'을 개최했다. 또한 지난달 31일에는 인천 사회복지공동모금회, 초록우산 어린이재단과 업무협약을 맺어 복지지관, 사회적 기업, 취약 가정 등에 차량을 지원하기로 했으며, 지난달 15일에는 부품 협력사들과 상생 협력을다짐하는 결의 행사를 진행하기도 했다.      김재홍 기자 maroniever@etomato.com [관련기사] · '더 뉴 스파크' 광고모델 구혜선, 출고 첫날 구매 · 한국지엠, 7일 이쿼녹스 출시…햅틱시트 기본탑재 [김재홍 기자의 다른 뉴스] · 푸조·시트로엥 대구 서비스센터 오픈…경북지역 서비스강화 · 쌍용차, 코란도 C 익스트림 스포츠 에디션 출시 [이 시각 주요뉴스] · 취업 못해본 대졸 6만3천명…5년째 증가세 · 구광모·이재용·정의선 3·4세 '트리오'  -경제전문 멀티미디어 뉴스통신 뉴스토마토 저작권자(c)뉴스토마토통신. 무단전재-재배포 금지-"
