page,row,date,time,title,body
71,1,"2025-01-28","08:44:53","‘이준석과 손 잡았는데’ 류호정 전 의원, 목수 됐다…“전직 그만하고 열심히 살 것”","류호정 전 의원이 목수가 된 근황을 전하며 올린 사진(좌)과 류 전 의원이 국회의원 활동 중이었던 2023년 서울퀴어문화축제에 참여한 사진(우)[류 전 의원 SNS]     [헤럴드경제=김성훈 기자] 류호정(33) 전 정의당 의원이 목수가 돼 취업했다는 근황을 전했다.   류 전 의원은 지난 26일 자신의 SNS에 ‘설 즈음 공유하는 근황’이라는 제목의 글과 함께 여러 장의 사진을 올렸다.   류 전 의원은 “취업했다”며 “작년에 기술 배우러 목공 학원을 다녔다”라고 적었다.   이어 “회사에서는 경력으로도 나이로도 막내 목수고 배울 게 많아서 퇴근 후에도 공부하고 있다”며 “회사는 실내 인테리어 시공, 고급 원목가구 제작에 특화되어 있다. 원목을 가공하기 위해 직접 운영하는 목공방도 있다”고 소개했다.   류 전 의원은 “나무라는 소재는 자연 그 자체라 저는 휴식 공간에 목재가 많을 때 편안함을 느끼는데, 요즘 현장을 따라다니며 인테리어와원목의 결합으로 주거공간이 한층 더 편안하고 고급스러워지는 것을 보고 있다”며 “연락 주시면 성심껏 상담해드리겠다”고 썼다.   그러면서 “틈틈이 뉴스도 보고 세상 돌아가는 일에 관심 가지며 바라보고 있지만 이제 전직과 이직은 그만하고 열심히 살아보려고 한다”며“다들 즐거운 설 연휴 보내시라”고 덧붙였다.     지난해 3월 개혁신당 선거사무소개소식에 이준석 개혁신당 의원(왼쪽 네번째)과 류호정 전 의원(왼쪽 세번째)이 참석한 모습.[연합]    류 전 의원은 2020년 정의당 비례대표 1번으로 제21대 국회에 입성했다. 당시 28세로 ‘최연소 의원’으로 주목받았다. 2024년 1월 정의당을탈당하며 의원직을 내려놨고, 이준석 의원이 있는 개혁신당으로 당적을 옮겨 다시 한번 이목을 끌었다. 그는 지난해 4월 치러진 22대 총선에서 개혁신당 후보로 성남갑 공천을 받았지만 “제3지대 정치는 실패했다. 당에서 어떠한 역할도 부여받지 못했다”라며 총선 출마 포기를 선언했다."
71,2,"2025-01-28","08:44:49","뉴스캐스트 - 시위하는 세르비아 국민, 치명적인 붕괴에 대한 책임자 처벌 요구","Newscasts - Protesting Serbians demand accountability over deadly collapse    Newscasts - Protesting Serbians demand accountability over deadly collapse    Click the following link to watch video: https://share.newscasts.refinitiv.com/link?entryId=1_6qr99zug&referenceId=tag:reuters.com,2025:newsml_RW668727012025RP1_K15&pageId=Newscasts                 (c) Copyright Thomson Reuters 2020. Click For Restrictions - https://agency.reuters.com/en/copyright.html   원문 바로가기    DISCLAIMER  레피니티브의 사전, 서면 승인 없는 톰슨로이터 콘텐츠의 재생산이나 재배포는 금지되어 있습니다. 이 기사의 한국어 번역은 에프앤가이드가 사용하는 기계적 번역에 의한 것으로 톰슨로이터와 레피니티브는 번역의 정확성을보증하지 않습니다."
71,3,"2025-01-28","08:44:40","“신한·KB카드 고객도 애플페이 쓰세요”…이르면 다음달 말 애플페이 도입","신한·국민카드, 1분기 애플페이 서비스 연동 목표로 도입 준비 “삼성페이 수수료 부과 가능성 높아질 것”     신한카드와 국민카드도 이번 1 분기 내에 애플페이 서비스 연동을 목표로 도입을 준비하고 있다. 사진은 서울 시내의 한 패스트푸드에서 고객이 애플페이를 사용하는 모습. 이상섭 기자     [헤럴드경제=정호원 기자] 신한카드와 KB국민카드도 이르면 다음달부터 애플페이를 도입할 것으로 보인다. 업계에서는 그간 무료로 운영되던삼성페이가 애플페이 확산을 우려해 수수료를 부과한다면 카드사의 수익성이 크게 저하될 것이라는 우려의 목소리가 나온다.    신한·국민카드 애플페이 도입…이르면 다음달 말     서울 시내의 한 패스트푸드에서 관계자가 애플페이 사용을 알리는 스티커를 붙이고 있다. 이상섭 기자     28일 카드업계에 따르면 신한카드와 KB국민카드는 1분기 중 애플페이 서비스 연동을 목표로 도입을 준비하고 있다. 이르면 다음달 말이나, 3 월 초부터 애플페이가 도입될 것으로 보인다. 현대카드가 2023년 3월 애플페이를 국내에 처음으로 도입한 이후 2년 만이다.   신한과 국민 외에 다른 금융지주 카드 카드 계열사 등에서도 애플페이 확산에 따른 영향을 점검하며 애플페이 도입 검토를 시작하는 단계로알려졌다.    삼성페이 카드사 수수료 부과할까…카드사 수익성 저하 가능성 높아져     서울 시내의 한 패스트푸드 키오스크에서 고객이 애플페이를 사용하여 결제하는 모습. 이상섭 기자    애플페이가 확산되면 현재 무료로 운영되는 삼성페이도 유료화를 시도할 수 있다는 우려도 나온다.   삼성전자는 아직 카드사에 삼성페이 수수료 부과와 관련한 입장 발표는 하지 않았지만 업계에서는 애플페이 확산에 따라 삼성페이도 유료화수순을 밟을 것이라는 관측을 제기했다.   삼성페이는 2015년 국내에서 삼성페이 서비스를 시작하면서 현재까지 카드사에 수수료를 따로 부과하지 않고 있다. 삼성은 지난 2023년 애플페이 국내 출시 이후 카드사들에 매년 연장해 온 삼성페이 관련 협약의 자동연장이 종료된다면서 수수료 부과를 시도한 바 있지만, 다른 카드사들의 애플페이 도입이 늦어지자 업계 상생을 이유로 유료화를 철회했다.   이에 삼성전자와 카드사의 협약 재계약 시점인 8월 전에 수수료 부과 방침을 확정할 것이란 전망이 나온다.   업계 관계자는 “카드사들이 애플페이에는 결제 수수료를 내면서 삼성페이에는 수수료를 주지 않겠다면 형평성에 맞지 않는다”면서 “카드사들이 추가로 애플페이를 도입한다면 삼성페이도 무료 운영을 계속하진 않을 것”이라고 했다."
71,4,"2025-01-28","08:43:53","90년대 보이 밴드 보이존이 '비정형' 다큐멘터리에서 솔직해지다","Nineties boy band Boyzone get candid in 'atypical' documentary   런던, 1월 27일(로이터) - 아일랜드 보이 밴드 보이존의 멤버들이 결성 30주년을 맞아 새로운 다큐멘터리 시리즈에서 그들의 명성을 얻기까지의 여정을 이야기하기 위해 다시 모였습니다.  3부작으로 구성된 ""보이존: 노 매터 왓""은 1993년 더블린에서 열린 공개 오디션에서 시작된 이 그룹의 시작부터 이후 30년 동안의 극한의 최고점과 최저점까지를 추적합니다.  ""90 년대에는 소셜 미디어가 없었습니다. 이것은 무대 뒤에서 우리의 삶을 사람들에게 보여주는 우리의 방식입니다.""라고 리드 싱어 로난 키팅은멤버 키스 더피, 셰인 린치와 함께 런던에서 열린 다큐멘터리 시사회에 참석하여 말했습니다.  ""모든 스토리에는 시작, 중간, 끝이 필요합니다. 30년이 지난 지금, 우리는 그 시작과 끝을 갖게 되었습니다. 그래서 지금이 바로 우리가 이 이야기를 할 때입니다. 이 영화는 쉽지않은 영화입니다. 끔찍하고, 힘들고, 화가 나기도 합니다. 재미있을 때도 있고 웃음이 나올 때도 있습니다. 전형적인 보이 밴드 시계가 아닙니다.""라고 키팅은 말합니다.  이 5인조 그룹은 아일랜드 최초의 보이밴드를 찾기 위해 신문 광고를 낸 팝 프로듀서 루이스 월시가 결성한 그룹입니다.  보이존은 '러브 미 포 어 리즌', '워드', '픽처 오브 유' 등의 히트곡으로 전 세계적으로 2,500만 장 이상의 음반 판매고를 올리며 큰 성공을 거뒀습니다. 2000년 키팅이 솔로 활동을 시작하면서 그룹은 해체되었지만 나중에 재결합했습니다.  1999년 게이임을 밝히며 팝계에 센세이션을 일으켰던 밴드 멤버 스티븐 게이틀리는 2009년 스페인에서 휴가 중 33세의 나이로 사망했습니다.  이 다큐멘터리는 아카이브 자료와 새로운 영상에 밴드 멤버, 게이티의 누나 월시, 기자들의 솔직한 인터뷰를 결합하여 긴장된 관계와 분노, 그리고 게이티의 죽음으로 인한 아픔을 드러냅니다. 월요일 시사회에 참석하지 않은 멤버 마이클 그레이엄도 자신의 경험을 공유합니다.  키팅은 ""마치 치료와도 같았습니다.""라고 말합니다. ""카메라 앞에서 12시간씩 촬영한 것 같아요. 2년이 걸렸죠. 오래된 영상을 많이 살펴봤죠. 오래된 영상을 보는 것은 때때로 마법 같았지만 때로는 가슴이 아팠습니다.""  ""마치 상담 세션 같았어요.""라고 더피는 덧붙입니다. ""이야기를 나눌 수 있어서 어깨가 한결 가벼워진 것 같았어요.""  ""보이존: 노 매터 왓'은 2월 2일 Sky 다큐멘터리와 NOW에서 공개됩니다.     (Reporting by Hanna Rantala; Editing by Stephen Coates)  Hanna.Rantala@thomsonreuters.com     (c) Copyright Thomson Reuters 2020. Click For Restrictions - https://agency.reuters.com/en/copyright.html        Keywords: TELEVISION-BOYZONE/PREMIERE (TV)   원문 바로가기    DISCLAIMER  레피니티브의 사전, 서면 승인 없는 톰슨로이터 콘텐츠의 재생산이나 재배포는 금지되어 있습니다. 이 기사의 한국어 번역은 에프앤가이드가 사용하는 기계적 번역에 의한 것으로 톰슨로이터와 레피니티브는 번역의 정확성을 보증하지 않습니다."
71,5,"2025-01-28","08:43:19","트럼프 ""딥시크가 경각심 불러일으켜…긍정적인 발전될 것""(상보)","트럼프 ""딥시크가 경각심 불러일으켜…긍정적인 발전될 것""(상보)       (서울=연합인포맥스) 이윤구 기자 = 도널드 트럼프 미국 대통령은 중국 인공지능(AI) 스타트업 딥시크가 미국 기업들에 경각심을 불러일으킬 것이라며 긍정적인 발전을 기대했다.      27일(현지시간) 주요 외신 등에 따르면 트럼프 대통령은 이날 마이애미에 있는 자신의 도럴 골프 클럽에서 공화당 의원들과 만난 자리에서 ""중국 기업들이 더 빠른 AI 방법을 생각해낸 것은 좋은 일""이라고 평가했다.      또한, 트럼프 대통령은 컴퓨터 반도체와 철강, 의약품 등에 대한 관세를 부과할 계획이라고 말했다.      그는 ""관세를 없애는 유일한 방법은 미국에 공장을 짓는 것뿐""이라고 덧붙였다.  *그림*       yglee2@yna.co.kr   <저작권자 (c) 연합인포맥스, 무단전재 및 재배포 금지, AI 학습 및 활용 금지>"
71,6,"2025-01-28","08:43:02","러시아의 공습으로 우크라이나 하르 키우에서 화재가 발생했다고 시장은 말합니다.","Russia's air attacks spark fire in Ukraine's Kharkiv, mayor says  키예프, 1월 28일 (로이터) - 전쟁이 시작된 이래 간헐적으로 러시아의 공습을 받아온 우크라이나 북동부 도시 하르키우에서 밤새 러시아의 공습으로 민간 사업체에 불이 났다고 화요일 새벽에 하르키우 시장이 밝혔습니다.  이호르 테레코프 시장은 자신의 텔레그램 메시지 앱에서 ""대규모 화재가 발생했습니다.""라고 말했습니다. ""모든 응급 서비스가 현장에 출동했습니다. 현재로서는 인명 피해에 대한 정보는 없습니다.""라고 말했습니다.  러시아는 즉각적인 논평이 없었습니다. 양측은 러시아가 2022년 2월 우크라이나에 대한전면 침공으로 시작한 거의 3년 간의 전쟁에서 민간인을 표적으로 삼은 것을 부인하고 있습니다.     (Reporting by Oleksandr Kozhukhar in Kyiv; Writing by Lidia Kelly in Melbourne; Editing by Jamie Freed)  lidia.kelly@thomsonreuters.com     (c) Copyright Thomson Reuters 2020. Click For Restrictions - https://agency.reuters.com/en/copyright.html        Keywords: UKRAINE-CRISIS/ATTACK-KHARKIV (TV, PIX)   원문 바로가기    DISCLAIMER  레피니티브의 사전, 서면 승인 없는 톰슨로이터 콘텐츠의 재생산이나 재배포는 금지되어 있습니다. 이 기사의 한국어 번역은 에프앤가이드가 사용하는 기계적 번역에 의한 것으로 톰슨로이터와 레피니티브는 번역의 정확성을 보증하지 않습니다."
71,7,"2025-01-28","08:42:40","위험 통화가 관세, AI로 흔들리면서 BUZZ-USD/MYR-4.4000 주시","BUZZ-USD/MYR-4.4000 eyed as risk currencies falter on tariffs, AI  화요일 위험 회피 심리에 USD/MYR 상승세 유지될 듯   중국의 AI 모델이 기술을 강타하면서 나스닥, S & P 500 하락, VIX 급등   수 주 최저치를 기록한 미국 수익률, 안전자산인 엔화, 스위스프랑 급등은 MYR에 부담으로 작용할 것입니다.   트럼프, 컴퓨터 칩, 철강, 마약에 맹세; 위험 분위기를 약화시킬 것   수요일 연준 금리 결정을 앞두고 신중한 거래 가능성   설날 수-목 연휴를 앞두고 숏커버링이 USD를 지지할 가능성이 높습니다.   저항 4.4000, 4.4100, 지지 4.3750, 4.3650-70   자세한 내용을 보려면      (크리슈나 쿠마는 로이터 시장 분석가입니다. 표현된 견해는 본인의 의견입니다)  krishna.k@thomsonreuters.com        (c) Copyright Thomson Reuters 2020. Click For Restrictions - https://agency.reuters.com/en/copyright.html   원문 바로가기    DISCLAIMER  레피니티브의 사전, 서면 승인 없는 톰슨로이터 콘텐츠의 재생산이나 재배포는 금지되어 있습니다. 이 기사의 한국어 번역은 에프앤가이드가 사용하는 기계적 번역에 의한 것으로 톰슨로이터와 레피니티브는 번역의 정확성을 보증하지 않습니다."
72,1,"2025-01-28","08:31:00","""증상 없었는데 심장마비"" 안타까운 사망…젊어진 '이 병'","[머니투데이 박미주 기자] 당뇨병, 20·30대 젊은 환자 발생도 증가…지나치게 높은 방한, 합병증 위험 높일 수도   당뇨병 환자가 증가하고 있다. 28일건강보험심사평가원에 따르면 당뇨병 환자는 심사년도 기준 2019년 321만3412명에서 2023년 383만771명으로 19% 늘었다. 최근에는 20~30대 젊은 성인도 당뇨병에 걸리는 경우가 많다. 2019년 20~30대 당뇨병 환자 수는 15만2292명이었는데 2023년에는 17만7952명으로 17% 증가했다. 그런데 증상이 별로 없어 본인이 당뇨병인지도 모르고 있다가 갑자기 혈관이 막혀 큰 병에 걸릴 수도 있다.   당뇨병이란 혈액 속 포도당의 수치가 높아졌을 때 생기는 질환이다. 췌장에서 분비돼 혈당치를 낮추는 단백질성 호르몬인 인슐린이 부족하거나 정상적인 기능을 못 하는 경우 발생한다. 이로 인해 당 수치가 높아지면 소변에 당이 섞여 나와 당뇨병(糖尿病)이라고 부른다.   당뇨병은 중년층에서 흔히 발견되는 것으로 알려져 있지만 그렇지만은 않다. 선천적으로 췌장의 인슐린 분비 기능이 낮아 발생하는 제1형 당뇨병은 소아에서 주로 발생한다. 고칼로리의 반복적인 섭취, 과체중, 비만 등 부적절한 식생활 습관을 가지고 있어 발생하는 제2형 당뇨병은성인병으로, 생활습관병이라고도 한다.   이용호 세브란스병원 내분비내과 교수는 ""최근에는 당뇨병 발생 연령층이 점점 낮아지고 있다""며 ""당뇨병을 예방하고 치료하기 위해서는 규칙적인 수면 시간 확보와 꾸준한 유산소 운동, 근력 운동, 균형 잡힌 식생활이 매우 중요하다""고 강조했다.   이 교수에 따르면 지나치게 높은 방한으로 땀 분비량이 늘어나 체내 수분이 줄어들면 끈적해진 혈액이 혈관 내에서 피떡(혈전)으로 변할 위험성이 높아지고 당뇨병과 합병증의 발생을 증가시킬 수 있다. 이에 운동을 하더라도 온냉방 시설이 갖춰진 실내에서 무리하지 않는 가벼운 운동을 통해 근력을 늘리고 체중을 조절하는 것이 좋다.    또 명절이면 차가운 탄산음료, 과당이 높은 과일 등을 쉽게 접할 수 있기에 혈당 조절이 어려워진다. 음료수와 과일로 인한 혈당 증가도 문제지만, 이에 따른 소변량도 증가해 갈증이 더욱 심해지는 악순환이 발생할 수 있다. 따라서 갈증이 생긴다면 되도록 생수를 마시고, 탄산음료보다는 저당 스포츠음료를 마시는 것이 좋다. 또 하루 과일 섭취 분량을 정해 놓고 인슐린 분비로 혈당이 높아진 식사 직후를 피해 섭취하는것이 도움이 된다.   적절한 수면은 당뇨병 환자의 사망률을 낮추는데 큰 관련이 있다. 사람의 자율신경계는 수면하는 동안 호흡, 혈압, 체온 등 생존에 필수적인요소를 조절한다. 그러나 수면의 질과 양이 부족해지면 자율신경계의 기능이 저하돼 혈압이 오르고 호흡이 불규칙해지며, 인슐린 저항성에 문제가 생긴다. 충분한 수면은 잠을 자는 시간과 환경에 따라 결정된다.   너무 적게 자도 자율신경계에 문제가 생기지만 너무 많이 자는 것도 좋지 않다. 수면의 시간이 길어질수록 얕은 잠을 자게 돼 면역력 증진 등 생리 기능이 원활히 이뤄지지 않기 때문이다. 또한 잠자는 환경을 어둡고 조용하게 만들어 수면의 질을 높이는 것이 좋다.   당뇨병 환자는 인슐린이 분비되지 않거나 그 기능이 일반인 대비 현저히 낮다. 인슐린은 우리 몸에서 단백질을 합성하고 손실되는 것을 막아준다. 그래서 당뇨병 환자는 근육 손실과 근력 저하를 겪고 결과적으로 혈당 조절이 어려워진다. 이에 당뇨병이 있다면 유산소 운동도 중요하지만 근력 운동의 비중을 올리고 단백질을 많이 섭취하는 것이 좋다.   당뇨병 초기에는 큰 증상이 없다. 당뇨병에 따른 합병증이 발생했을 때도 마찬가지다. 그렇게 당뇨병에 걸렸다는 것을 모른 채 지내다가 어느 순간 혈관이 막혀 중풍 등이 올 수 있고, 심한 경우 심장마비나 실명이 발생할 수 있다.    혈액을 채취해 약 3개월 동안의 평균 혈당 수치를 확인하는 당화혈색소 검사와 콜레스테롤, 중성지방 등 지질검사는 최소 연 2회 이상, 심장박동의 리듬을 확인하는 심전도검사 1년에 1회 이상, 당뇨병성 콩팥질환을 진단하는 소변 알부민 검사는 1년에 1회 이상, 실시해 혈당치, 지질 수치, 단백뇨 유무 등을 확인하는 것이 좋다. 1년에 1회 이상 망막검사와 신경, 발 검사를 받아 당뇨병으로 인한 합병증이 있는지도 검사해야 한다.   당뇨병으로 인한 심뇌혈관 질환의 발생을 미리 예방하고 관리하기 위한 경동맥 초음파 검사, 동맥경화증 검사는 당뇨병 진단 시점에 시행하고, 그 위험도에 따라 정기 검사가 필요하다. 당뇨병 환자에서 비알코올성 지방간 질환이나 암 발생 비율이 정상인보다 높기에 이에 대한 검진과 관리도 함께 이뤄지는 것이 중요하다.     [관련기사] ☞ 기캐 故오요안나, '직장 괴롭힘' 당했다?…유서에 ""오보 뒤집어 씌워"" ☞ '사채설, 비혼주의' 소문에 펄쩍 뛴 이이경…""절대 아냐"" ☞ '결혼' 경사 앞두고 뿔난김종민 ""속지마세요"" 고발 나선다 ☞ ""다른 남자와 잠자리 강요""…이혼 변호사도 당황 ☞ 집 곳곳에 커플사진?…지상렬, 동거녀 공개   박미주 기자 beyond@mt.co.kr     키워드림론 최대 4배 주식자금 & 고금리 대환상품 한도 오픈! (1644-6960)   [무료운세] 믿어야 돼 말아야 돼? 종목매수전에 믿고보는 '오늘의 운세'        [파워 인터뷰]       매수전에 점 부터 보고 가실께요 -> 오늘의 운세 [복채무료]      ⓒ 머니투데이 & mt.co.kr, 무단 전재 및 재배포 금지"
72,2,"2025-01-28","08:30:46","요약-파이브 스타 뱅코프 4분기 EPS USD 0.63","BRIEF-Five Star Bancorp Q4 EPS USD 0.63  1월 27일(로이터) - 파이브 스타 뱅코프 4분기 기본 EPS USD 0.63. 4분기 순이익 미화 1,331만 7,000달러 4분기 세전 이익 미화 193만 6,700만 달러 4분기 순이자 마진 3.36%        (c) Copyright Thomson Reuters 2020. Click For Restrictions - https://agency.reuters.com/en/copyright.html   원문 바로가기    DISCLAIMER  레피니티브의 사전, 서면 승인 없는 톰슨로이터 콘텐츠의 재생산이나재배포는 금지되어 있습니다. 이 기사의 한국어 번역은 에프앤가이드가 사용하는 기계적 번역에 의한 것으로 톰슨로이터와 레피니티브는 번역의 정확성을 보증하지 않습니다."
72,3,"2025-01-28","08:30:36","트럼프 관세 공약 '키맨' 베센트 재무부 장관, 의회 인준 마무리","트럼프 관세 공약 '키맨' 베센트 재무부 장관, 의회 인준 마무리       (워싱턴=연합뉴스) 김동현 특파원 = 미국 도널드 트럼프 행정부의 경제 정책을 총괄할 스콧 베센트 재무부 장관 지명자가 27일(현지시간) 연방 상원 인준 절차를 마무리했다.      이날 상원은 본회의를 열고 베센트 장관 지명자에 대한 인준안에 대한 표결을 실시해 찬성 68표, 반대 29표로 가결 처리했다.      재무부는 세금, 국가부채, 금융 규제, 제재, 경제 외교 등을 담당하는 경제 분야 핵심 부처로, 트럼프 대통령의 주요 공약인 관세 정책에도 큰 영향력을 행사할 것으로 예상된다.      베센트 장관은 지난 16일 인사청문회에서 ""우리나라는 너무 오랫동안 국제 무역 체계의 불공정한 왜곡을 허용했다""면서 중국 등 다른 나라의 불공정한 무역 관행을 바로잡고 협상에서 우위를 점하기 위해 관세를 적극적으로 사용하겠다는 의지를 피력했다.      bluekey@yna.co.kr  (끝)      <저작권자(c) 연합뉴스, 무단 전재-재배포, AI 학습 및 활용 금지>"
72,4,"2025-01-28","08:30:33","기술 지도 중 중학생 뺨 때린 부산시유도회장 벌금 300만원","기술 지도 중 중학생 뺨 때린 부산시유도회장 벌금 300만원  피고인 측, 판결 불복해 정식 재판 청구       (부산=연합뉴스) 김선호 기자 = 유도 훈련 중 중학생의 뺨을 때린 혐의로 약식 기소된 부산시유도회장이 벌금형을 받았다.      부산지법 형사16단독은 아동복지법 위반 혐의(아동학대)로 약식 기소된 부산시유도회장 A씨에게 벌금 300만원을 선고했다고 28일 밝혔다.      A 회장은 지난해 전국 소년체전을 앞두고 직접 중학생들에게 유도를 가르치는 과정에서 기술을 알려주는 과정에서 똑바로 못 한다는 이유로 한 학생의 뺨을 여러 차례 때린 혐의를 받고 있다.      당시 현장엔 학생 수십명이 있었고 A 회장의 고압적인 태도와 언행에 분위기가 위축됐다고 훈련에 참여한 이들은 전했다.      이에 대해 A 회장 측은 훈련 중에 일어난 일일 뿐 사실과 다르다고 혐의를 부인해왔다.      검찰이 서면 심리만으로 벌금이나 과태료를 부과해달라고 법원에 청구하는 절차인 약식기소에서 벌금 300만원을 선고받은 A 회장 측은 판결에 불복해 정식 재판을 청구한 상태다.      wink@yna.co.kr  (끝)      <저작권자(c) 연합뉴스, 무단 전재-재배포, AI 학습 및 활용 금지>"
72,5,"2025-01-28","08:30:31","이재명 2심 3월 선고…운명 쥔 대법 판단 언제쯤","- 이재명, 2심 2월26일 결심공판 - 결심 후 3월 중순 전후 선고 예상 - 법조계 ""조기대선시 확정 판결 안나올 가능성 높아""  [이데일리 백주아 기자] 윤석열 대통령에 대한 헌법재판소 탄핵심판 절차가 진행되는 가운데 이재명 더불어민주당 대표의 공직선거법 위반 항소심 재판 선고에 관심이 모인다.   법조계에서는 윤 대통령 탄핵심판 결론과 맞물려 이 대표 항소심 선고도 3월 중으로 나올 것이란 관측이 우세하다. 만약 윤 대통령 탄핵이 인용돼 조기 대선이 진행될 경우 공은 대법원으로 넘어간다. 대법원 판단이 언제 나오냐에 따라 이 대표의 정치적 운명이 결정될 것으로 예상된다.      이재명 더불어민주당 대표가 지난해 11월 15일 오후 서울 서초구 서울중앙지방법원에서 열린 ‘故김문기·백현동 허위 발언’ 공직선거법 위반 혐의 1심 선고 공판을 마치고 법정을 나온뒤 질문에 답하고 있다. (사진=이데일리 이영훈 기자)  이 대표 2심 선고 3월께 예상…대법 판단은 언제   28일 법조계에 따르면 서울고법 형사6-2부(부장판사 최은정 이예슬 정재오)는 지난 23일 이 대표 공직선거법 위반 혐의 2심 첫 공판기일에서 “증인신문을 2월 19일까지 끝내고 특별한 사정이 없으면 26일에 결심공판을 하겠다”고 밝혔다.  심리를 종결짓는 결심공판에서는 검찰이 피고인에게 구형을 하고, 변호인의 최종 변론과 피고인의 최종 진술을 듣는다.  통상 결심공판 후 약 2주~4주 뒤 선고기일이 잡히는 것을 감안하면, 이 대표 2심 선고는 이르면 3월 중순에서 늦어도 3월 말 선고가 이뤄질 것으로 예상된다. 특히 2심 재판부가 지난 13일부터 오는 3월 12일까지 신건배당을 받지 않고 이 대표 재판 심리에 집중하겠다고 밝힌 만큼 3월 12일에 선고가 날 가능성도 있다.   공직선거법 270조 ‘선거범 재판 기간에 관한 강행규정’에 따라 선거사범에 대한 1심 선고는 공소제기 후 6개월 내, 2·3심은 원심 판결 후 3개월 내 선고가 나야 한다.규정대로 이 대표의 항소심은 오는 2월 15일 이전에, 대법원 확정 판결은 5월 15일 이전에 판결이 나야 하는 셈이다.   공직선거법 상벌금 100만원 이상 형이 확정되면 의원직을 상실하고 5년간 피선거권이 제한된다. 집행유예는 10년이다. 이 대표가 1심에서 징역 1년에 집행유예 2년 선고를 받은 대로 대법원에서 확정 판결이 날 경우 그는 의원직을 잃고 10년간 선거에 출마할 수 없게 된다. 다만 2심에서 100만원미만 벌금형이 선고되면 당장의 사법리스크는 벗어날 수 있다.  2심 선고 이후 대법 판단이 언제 나올지에 대해서 법조계에서는 의견이 분분하다. 조희대 대법원장이 ‘재판 지연’을 사법부 최대 과제로 삼아온 만큼 강행 규정을 준수해 6월께 확정 판결이 날 수도 있지만 어떤 재판부가 심리하는지에 따라 대법 결론이 늦게 나올 수도 있다는 관측에 무게가 실린다.   익명을 요구한 서울고법 부장판사는 “6·3·3 원칙이 강행 규정이지만 훈시규정 정도로 보고 사문화됐다는 시각이 우세한 만큼 대법원 판단이 5월 15일 이전에 나오기는 쉽지 않을 것”이라며 “조기대선이 실시될 경우 대법원 입장에서도 30% 이상 지지를 받는 야당 대표의 정치 생명이 걸린 판결을 딱 잘라 내리기 어려울것”이라고 말했다.   대형로펌에 근무하는 대법 재판연구관 출신 변호사는 “대법원장의 신속한 재판의지에도 선고는 재판부 의지에달린 것이기 때문에 5월 15일 전후로 판결이 나오는 것은 사실상 불가능하다고 본다”며 “조기 대선 결과에 따라 이 대표 사건의 최종 판단은 수년간 안나올 수도 있다”고 설명했다.   尹 탄핵 선고 3월~4월께…조기대선 시 李 출마 문제 없어   이 대표 재판 선고 일자는윤 대통령 탄핵 정국과 맞물리면서 뜨거운 관심사다. 헌재의 윤 대통령 탄핵심판 인용 또는 기각 결정에 따라 조기 대선 날짜가 결정된다. 윤 대통령 탄핵안이 기각되면 윤 대통령이 직무에 복귀하지만, 인용돼 파면이 결정될 경우 헌법에 따라 60일 내 대선이 치러지기 때문이다. 이에 법원의 이 대표 선고 시기는 여야 대권구도에 막대한 영향을 미칠 것으로 전망된다.   법조계에서는 헌재가 이르면 3월 중 또는 문형배·이미선 재판관이 퇴임하는 4월18일 전에는 윤 대통령 탄핵안 인용, 기각 여부를 결정할 것이란 관측이 나온다. 일각에서 현재 잡힌 8차 변론 기일이 열리는 내달 13일을 끝으로 변론이 종료되면서 2월 말께 선고가 날 것이란 전망도 있다. 하지만 채택되는 증인이 늘어날 경우추가 변론 기일 지정에 따라 심판 지연으로 3월~4월 중에 선고날 것이란 관측이 우세하다.   탄핵안이 인용된다는 가정 아래 탄핵심판선고 일자와 관계없이 이 대표 조기 대선 출마는 막을 수 없을 것으로 예상된다. 이 대표 항소심 선고가 3월께 나온다고 해도 대법원 확정 판결까지 더 시간이 소요될 것으로 예상되는 만큼 출마 자체에는 어려움이 없을 것이란 관측이다.   다만 이 대표가 만약 2심에서도 유죄가 선고될 경우 피선거권 박탈이 유력한 후보가 대선에 나선다는 비판을 피할 수 없을 것으로 예상된다.        ＜ⓒ종합 경제정보 미디어 이데일리 - 무단전재 & 재배포 금지＞    "
72,6,"2025-01-28","08:30:24","BYD 공세…국내 전기차 시장 '꿈틀'","글로벌 전기차 판매 1위기업 BYD가 이달 중순 승용 브랜드를 공식 출범한 데 사전 예약 흥행을 일으키는 등 존재감을 키우는 모습이다. 국내 시장에서 기아 'EV3',현대자동차 '캐스퍼 일렉트릭(EV)' 등과 겨루며 시장 내 입지를 굳힐 수 있을지 관심이 쏠린다.  27일 BYD코리아에 따르면 지난 23일 오후부로 소형 전기 스포츠유틸리티차(SUV) '아토 3'의 사전 계약대수가 1000대를 돌파했다. 앞서 BYD는 이달 16일 아토3의 사전 계약을 개시한 점을 감안하면 일주일 만에 달성한 성과다. 특히 사전 계약의 99%가 아토 3의 상위 트림 '아토3 플러스'에 집중됐다.  BYD는 아토 3를 시작으로 연내 중형 전기 세단 '씰', 중형 전기 SUV '씰라이언 7'을 순차적으로 출시할 예정이다. 아토 3의 고객 인도는 오는 2월부터 진행된다. 여기에 앞으로 한국에 BYD 신차를 매년 선보인다는 방침이다. 아토 3 기본과 상위 트림 권장 소비자가격(전기차 구매보조금 및 세제 혜택 적용 전 기준)은 각각 3150만원, 3330만원으로 책정됐다.   글로벌 전기차 시장을 재패한 BYD의 등장으로 국내 전기차 업계도 들썩이는 분위기다. BYD가 아토 3를 앞세워 경쟁을 펼칠 모델로는 현기차 EV3, 캐스퍼 EV가 언급된다. 국내에 이미 진출해 있는 수입 브랜드 중에서는 테슬라가 연내 출시를 예고한 저가형 차종 '모델Q(가칭)'과 승부를 가릴 것으로 전망된다.   현대차그룹 싱크탱크에서도 BYD의 국내 진출을 예의주시해야 한다는 분석을 내놨다. 양진수 HMG경영연구원 모빌리티산업연구실 실장은 지난 15일 열린 한국자동차기자협회 신년 세미나에서 ""BYD가 지닌 경쟁력을 고려했을 때 분명히 위기감을 가질 필요가 있다""고 전망했다.  BYD도 공세 수위를 높여나갈 것으로 보인다. BYD는 지난 16일 BYD 브랜드 출범식 행사에서 국내 인증 중고차 시장 진출을 비롯해 플릿 판매 채널 공략 방안을 검토 중이라는 입장을 밝혔다. 플릿은 기업·관공서·렌터카 업체 등에 차량을 대량으로 판매하는 방식을 뜻한다.   업계에서는 BYD가 품질및 서비스 역량을 끌어올리기 위한 투자에 얼마나 나설지에 따라 경쟁의 향방이 가릴 것으로 본다. '중국산'을 부정적으로 바라보는 국내 소비자들의 인식을 전환해야 한다는 과제가 주어져 있어서다. 일각에서는 중국으로 개인 고객들의 정보 유출을 우려하기도 한다.  BYD 는 '품질·안전 우선'을 강조하고 나섰다. 세부적으로 ▲전국 서비스 센터 12곳 순차 개장 ▲자체 충전 인프라 확충 ▲무상점검 총 4회 제공및 긴급 출동·무상견인서비스 6년 보장 등을 약속했다.  조인철 BYD코리아 승용사업 부문 대표이사는 ""정보보안과 관련한 모든 내용은 국내 서버를 통해 관리되고 중국으로의 정보 유출 가능성은 주의 깊게 봐 온 사안""이라며 ""고객 정보는 한국을 벗어나지 않게끔 충분히 노력을 기울였다""고 강조했다.        딜사이트 이솜이 기자 cotton@dealsite.co.kr ⓒ새로운 눈으로 시장을 바라봅니다. 딜사이트 무단전재 배포금지  ☞ ★딜사이트경제TV 출연 전문가★ 매일 터지는수익률! 오늘의 무료 추천종목 받기 ☞ 상한가 종목 선취매로대박 수익! 급등주 TOP3 추천! >> 지금 확인 ☞ 스탁론의 혁신! 월 0%대 금리로 최대 4배 투자 가능"
72,7,"2025-01-28","08:30:23","트럼프, 컴퓨터 칩, 철강, 마약에 대한 관세 맹세","Trump vows tariffs on computer chips, steel, drugs  마이애미, 1월 27일 (로이터) - 도널드 트럼프 미국 대통령은 월요일에 수입 컴퓨터 칩, 의약품 및 철강에 관세를 부과하여 생산자들이 미국에서 생산하도록 할 계획이라고 말했습니다.  트럼프는 도럴 골프 클럽에서 공화당 의원들에게 연설하면서 미국 군사 하드웨어생산에 필요한 금속인 알루미늄과 구리에도 관세를 부과할 것이라고 말했습니다.  ""우리는 생산을 다시 우리나라로 가져와야 합니다.""라고 그는 말했습니다.        (Reporting by Nandita Bose and Steve Holland; Editing by Chris Reese)  Steve.a.holland@thomsonreuters.com ; www.twitter.com/steveholland1; 202 898 8300; Reuters Messaging:      (c) Copyright Thomson Reuters 2020. Click For Restrictions - https://agency.reuters.com/en/copyright.html        Keywords: USA-TRUMP/TARIFFS (URGENT)   원문 바로가기    DISCLAIMER  레피니티브의 사전, 서면 승인 없는 톰슨로이터 콘텐츠의 재생산이나 재배포는 금지되어 있습니다. 이 기사의 한국어 번역은 에프앤가이드가 사용하는 기계적 번역에 의한 것으로 톰슨로이터와 레피니티브는 번역의 정확성을 보증하지 않습니다."
73,1,"2025-01-28","08:22:01","점점 적게 먹는 한국인…영양섭취 부족한 사람 10년간 2배로","점점 적게 먹는 한국인…영양섭취 부족한 사람 10년간 2배로  에너지·칼슘 등 섭취 부족자 비율 2014년 8.4%→∼2023년 17.9%       (서울=연합뉴스) 고미혜 기자 = 한국인의 에너지 섭취량이 점점 줄어들면서 영양섭취가 부족한 사람의 비율도 지난 10년간 2배 이상 늘어났다.      28일 질병관리청의 '2023 국민건강통계'에 따르면 2023년 국민건강영양조사에서 1세 이상 국민 가운데 영양섭취 부족자 비율은 17.9%였다.      영양섭취 부족자는 에너지 섭취량이 '한국인 영양섭취 기준'에 따른 필요 추정량의 75% 미만이면서, 칼슘, 철, 비타민A, 리보플래빈의 섭취량이 모두 평균 필요량 미만인 사람을 가리킨다.      2014∼2023년 조사 결과를 보면 국민 중 영양섭취 부족자 분율은 2014년 8.4%에서 꾸준히 늘어 10년간 2.1배 수준으로 증가했다.      2023년 기준으로 특히 남성 10대(23.5%)와 여성 20대(25.6%)의 경우 4명 중 1명꼴로 영양섭취가 부족한 것으로 나타났다.      소득 수준별는 소득 '하' 그룹의 영양섭취 부족자 비율이 21.0%로, '상' 그룹 14.6%보다 높았다.      영양소별로 보면 에너지의 경우 부족하게 섭취하는 사람의 비율이 2014년 28.5%에서 2023년 36.8%로 늘었다.      실제로 1세 이상 국민의 1일 에너지 섭취량은 2014년의 2천67.6㎉에서 2023년 1천862.1㎉로 200㎉ 가까이 줄었다.       에너지 필요 추정량은 성별, 연령별로 다른데 가령 20대의 경우 남성은 2천600㎉, 여성 2천㎉다.      칼슘과 비타민A 섭취가 부족한 사람도 2023년 기준 각각 71.0%, 72.4%로 높게 나타났다.      철은 56.4%, 리보플래빈은 27.9%가 부족하게 섭취하고 있었다.      국민건강영양조사는 매년 국민 약 1만 명을 대상으로 실시하는 건강통계조사로, 식품 섭취량 조사는 조사 2일 전 하루 동안 섭취한 음식의 종류와 양을 기록하는 방식으로 이뤄진다.      mihye@yna.co.kr  (끝)     <저작권자(c) 연합뉴스, 무단 전재-재배포, AI 학습 및 활용 금지>"
73,2,"2025-01-28","08:21:58","업데이트 1-트럼프, 미국 국경 보안을 위해 자금 증액이 필요하다고 말하다","UPDATE 1-Trump says US needs increase in funding for border security   마이애미, 1월 27일 (로이터) - 도널드 트럼프 미국 대통령은 월요일 의회가 국경 보안을 위한 예산 증액을 포함하는 법안을 통과시키기를 바란다고 말했습니다.  트럼프 대통령은 마이애미 도랄 리조트에서 열린 하원 공화당 의원 수련회에 모인 의원들에게 ""앞으로 몇 주 안에 미국의 주권 국경을 완전하고 영구적으로 회복하려는 우리의 계획을 재정적으로 처리하는 화해 법안에 대해 의회와 협력하기를 고대하고 있다""고 말했습니다.  트럼프 대통령은 국경 보안 인력 증원을 위한 자금과 이민세관단속국 직원 및 국경 순찰대원들을 위한 유지 보너스가 증액에 포함되어야 한다고 말했습니다.     (Reporting by Nandita Bose and Ryan Patrick Jones; Editing by Leslie Adler and Chris Reese)  ryan.jones@thomsonreuters.com     (c) Copyright Thomson Reuters 2020. Click For Restrictions - https://agency.reuters.com/en/copyright.html        Keywords: USA-TRUMP/MIGRATION-CONGRESS (UPDATE 1)   원문 바로가기    DISCLAIMER  레피니티브의 사전, 서면 승인 없는 톰슨로이터 콘텐츠의 재생산이나 재배포는 금지되어 있습니다. 이 기사의 한국어 번역은 에프앤가이드가 사용하는 기계적 번역에 의한 것으로 톰슨로이터와 레피니티브는 번역의 정확성을 보증하지 않습니다."
73,3,"2025-01-28","08:21:45","中·대만증시, 춘절 연휴로 장기 휴장","中·대만증시, 춘절 연휴로 장기 휴장       (서울=연합인포맥스) 이윤구 기자 = 중국과 대만 금융시장이 중화권 최대 명절인 춘절 연휴로 장기 휴장에 돌입했다.      28일 연합인포맥스 경제지표 통합캘린더(화면 9929)에 따르면 중국 주식시장은 이날부터 내달 4일까지 휴장한다.      지난 23일부터 문을 닫은 대만증시는 오는 31일까지 쉰다.      중국과 대만 증시가 휴장에 돌입한 가운데 간밤 미국 금융시장에서 기술주 중심의 나스닥종합지수는 3% 폭락했다.      중국 인공지능(AI) 스타트업 '딥시크'의 AI챗봇 성능이 미국 빅테크의 것에 필적한다는 평가가 나오면서 기술주 투매가 이어졌다.      뉴욕증권거래소(NYSE)에서 다우존스30산업평균지수는 전장보다 289.33포인트(0.65%) 오른 44,713.58에 거래를 마감했다.      스탠더드앤드푸어스(S&P)500지수는 전장보다 88.96포인트(1.46%) 떨어진 6,012.28, 나스닥종합지수는 612.47포인트(3.07%) 급락한 19,341.83에 장을 마쳤다.      전일 중국 증시에서 주요 지수는 증권 당국의 부양 기대와 경기 우려 등에 혼조세를 보이다 하락 마감했다.      연합인포맥스의 세계주가지수 화면(화면번호 6511번)에 따르면 상하이종합지수는 2.03포인트(0.06%) 하락한 3,250.60에, 선전종합지수는25.26포인트(1.30%) 내린 1,911.09에 장을 마쳤다.      한편, 이날 오전 8시 14분 기준 역외 달러-위안(CNH) 환율은 전일 대비 0.14% 상승한 7.2603위안에서 오르내리고 있다.      같은 시간 달러-대만달러 환율은 전장 대비 0.32% 하락한 32.789대만달러에 거래됐다.  *그림*       yglee2@yna.co.kr   <저작권자 (c) 연합인포맥스, 무단전재 및 재배포 금지, AI 학습 및 활용 금지>"
73,4,"2025-01-28","08:21:38","NDF, 1,433.30/ 1,433.70원…3.90원↑","NDF, 1,433.30/ 1,433.70원…3.90원↑       (서울=연합인포맥스) 이규선 기자 = 뉴욕 차액결제선물환(NDF) 시장에서 달러-원 1개월물이 상승했다.      해외브로커들은 28일 달러-원 1개월물이 지난밤 1,433.50원(MID)에 최종 호가됐다고 전했다. 최근 1개월물 스와프포인트(-1.70원)를 고려하면 전장 서울외환시장 현물환 종가(1,431.30원) 대비 3.90원 오른 셈이다. 매수 호가(BID)는 1,433.30원, 매도 호가(ASK)는 1,433.70원이었다.      지난 뉴욕장 NDF 종가 대비로는 5.75원 올랐다.      글로벌 달러 약세에도 불구하고 중국 인공지능(AI) 스타트업 '딥시크'의 AI 챗봇이 높은 성능 평가를 받으면서 미국 주요 기술주가 폭락했고 이에 따라 위험자산 회피 심리가 강화된 영향이다.      또한 미국의 관세 우려도 환율 상승에 영향을 미쳤다. 도널드 트럼프 미국 대통령이 불법 이민자 수용을 거부한 콜롬비아에 대해 최고 50%의 관세를 부과하겠다고 언급하며 관세 우려가 불거졌다.      달러-엔 환율은 전장 서울환시 마감 무렵 156.070엔에서 154.520엔으로 내렸고, 유로-달러 환율은 1.04910달러를 나타냈다.      달러-위안(CNH) 환율은 7.2505위안을 기록했다.      kslee2@yna.co.kr   <저작권자 (c) 연합인포맥스, 무단전재 및 재배포 금지, AI 학습 및 활용 금지>"
73,5,"2025-01-28","08:20:48","“설연휴 평소보다 가정폭력 1.3배 많이 발생”","[123rf]     [헤럴드경제=박병국 기자] 최근 3년 설 연휴 기간에 평소보다 1.3배 정도 많은 가정폭력 신고가 접수된 것으로 나타났다.   유상범 국민의힘 의원이 28일 경찰청으로부터 제출받은 자료에 따르면, 지난해 설 연휴 나흘 간 경찰에 접수된 가정폭력 신고 건수는 총 3384건이다. 하루 평균 846건의 가정 폭력이 발생하는 셈이다.   지난 1년 동안 신고된 가정폭력 신고 건수가 23만6647건, 하루 평균 648건인 점을 고려하면 설 연휴 때는 평소보다 1.3배 많은 가정폭력 신고가 접수됐다.   2023년 설 연휴 나흘 동안에는 총 3562건, 하루 평균 891건의 가정폭력 신고가 접수됐다. 같은 해 평소(하루 평균 632건)보다 1.4배 많다.   연휴가 닷새 동안 이어진 2022년 설 명절에는 총 4092건, 하루 평균 818건의 가정폭력 신고가 있었다. 같은 해 평소(하루 평균 618건)보다 1.3배 많은 수치였다.   유 의원은 “가정폭력은 가족 간 다툼 정도로 치부되는 등 신고부터 쉽지 않은 범죄다”며 “반복될 가능성이 높은 만큼 보다 촘촘한 피해자보호 대책이 필요하다”고 밝혔다."
73,6,"2025-01-28","08:20:40","쿠코인, 유죄 인정, 미국 암호화폐 사건에서 거의 3억 달러 지불 합의","KuCoin pleads guilty, agrees to pay nearly $300 million in US crypto case   뉴욕, 1월 27일 (로이터) - 세계 최대 암호화폐 거래소 중 하나인 KuCoin이 월요일 무허가 송금 사업을 운영한 혐의로 유죄를 인정하고 2억 9,700만 달러 이상의 벌금과 몰수에 합의했다고 미국 법무부가 발표했습니다.  쿠코인으로 운영되는 페켄 글로벌은 맨해튼의 앤드류 카터 미국 지방법원 판사 앞에서 탄원서를 제출했습니다.  이 탄원서에는 1억 1,290만 달러의 형사 벌금과 1억 8,450만 달러의 몰수금이 포함되어 있으며, 쿠코인은 최소 2년간 미국 시장에서 퇴출해야 한다는 요구가 담겨 있습니다.  법무부는 쿠코인 설립자 두 명, 즉 마이클로 알려진 천 간과 에릭으로 알려진 케 탕이 각각 2년간 기소 유예에 합의하고 270만 달러를 몰수하며 쿠코인의 경영 및 운영에서 어떠한 역할도 맡지 않기로 했다고 밝혔습니다.  검찰은 세이셸에 기반을둔 쿠코인이 수십억 달러 규모의 의심스러운 거래를 촉진하고 다크넷 시장과 멀웨어, 랜섬웨어, 사기 등 잠재적인 범죄 수익을 전송하는 데사용되었다고 밝혔습니다.  이는 쿠코인이 효과적인 자금 세탁 방지 및 고객 알기 프로그램을 시행하지 않은 혐의에서 비롯된 것입니다.  또한 쿠코인은 의심스러운 거래를 신고하거나 미국 재무부의 금융범죄단속네트워크(FinCEN)에 등록하지 않았다고 검찰은 밝혔습니다.  2017년에 설립된 KuCoin은 2024년 3월 기준으로 최소 207개 국가 및 지역에서 3천만 명 이상의 등록 사용자를 보유하고 있다고 법원 서류에 나와 있습니다.  지난주 최고 법률 책임자를 역임한 후 쿠코인 최고 경영자로 임명된 BC 웡은 성명에서 ""이번 결의안은 쿠코인의새로운 장을 의미하며, 규정 준수, 보안 및 혁신에 대한 우리의 헌신을 재확인하는 것입니다.""라고 말했습니다.  ""우리는 글로벌 규정준수 관행을 강화하고 필요한 라이선스를 통해 시장에 재진입할 기회를 모색하는 데 주력하고 있습니다.""라고 Wong은 덧붙였습니다.  Gan의 변호사인 알렉산더 윌슨은 성명에서 이 결의안은 고객이 미국 법을 위반하거나 자금 세탁, 사기 및 유사한 범죄 행위에 연루될 의도가 없었다는 점을 반영한다고 말했습니다.  탕의 변호인인 데이비드 마이스터는 논평을 거부했습니다.  2023년 12월, 쿠코인은 뉴욕 사용자를 차단하고 등록을 하지 않았다는 뉴욕주의 소송을 해결하기 위해 2,200만 달러를 지불하기로 했습니다.  데이터 회사 코인마켓캡에 따르면 KuCoin은 트래픽, 유동성, 거래량 등의 요소를 기준으로 세계에서 8번째로 큰 암호화폐 현물 거래소입니다. 바이낸스와 코인베이스가 더 높은 순위의 거래소입니다.        (Reporting by Jonathan Stempel in New York; Editing by Bill Berkrot)  jon.stempel@thomsonreuters.com ; +1 646 223 6317; Reuters Messaging:      (c) Copyright Thomson Reuters 2020. Click For Restrictions - https://agency.reuters.com/en/copyright.html        Keywords: KUCOIN-SETTLEMENT/ (PIX)   원문 바로가기    DISCLAIMER  레피니티브의 사전, 서면 승인 없는 톰슨로이터 콘텐츠의 재생산이나 재배포는 금지되어 있습니다. 이 기사의 한국어 번역은 에프앤가이드가 사용하는 기계적 번역에 의한 것으로 톰슨로이터와 레피니티브는 번역의 정확성을 보증하지 않습니다."
73,7,"2025-01-28","08:20:32","""중국에 허 찔려"" 백악관도 충격…AI '딥시크' 어떻길래","[머니투데이 심재현 기자] 오픈소스로 저비용 고효율   엔비디아 시총 860조 증발   미·중 AI 주도권 경쟁 심화   중국 인공지능(AI) 스타트업 딥시크가 고성능 칩을 사용하지 않고서도 저비용으로 챗GPT에 필적하는 생성형 AI 모델을 개발하면서 AI 개발에 천문학적인 돈을 쏟아부어온 미 빅테크업계는 물론 국가 안보를 이유로 중국에 반도체 수출을 제한해왔던 미 정부도 충격에 휩싸였다.   미국과 옛 소련의 우주개발 경쟁이 치열했던 1957년 소련이 최초의 위성 스푸트니크 1호를 미국보다 먼저 발사한 것을 빗댄 ""AI 분야의'스푸트니크 모멘트'""라는 평가까지 나온다. 딥시크의 AI 모델이 누구나 자유롭게 사용하고 개선할 수 있는 개방형 오픈소스라는 점에서 미국이 글로벌 AI 개발 생태계의 주도권을 중국에 뺏길 수 있다는 우려가 확산하는 분위기다.   27일(현지시간) 뉴욕타임스와 월스트리트저널 등 미 언론에 따르면 딥시크는 지난 20일 복잡한 추론 문제에 특화된 AI 모델 'R1'을 선보였다. R1이 오픈소스로 풀리면서 실리콘밸리 AI 개발자들 사이에서는 성능과 추론 능력에 대한 호평이 이어졌다.   실리콘밸리의 대표 벤처투자가인 안드레센 호로위츠(a16z)의 마크 안드레센 창업자는 X(옛 트위터)에 올린 글에서 ""딥시크 R1은 지금까지 본 것 중 가장 놀랍고 인상적인 혁신 중 하나""라며 ""AI 분야의 스푸트니크 모멘트""라고 평가했다. 미국과 엣 소련의 우주개발 경쟁 당시 미국을 충격과 공포로 몰아넣었던 세계 최초의 위성 스푸트니크 발사에 빗대 중국의 AI 기술 추월 가능성을 언급한 것이다.  챗GPT 개발사 오픈AI의 연구자 노암 브라운도 ""딥시크는 상대적으로 적은 컴퓨팅만으로 강력한 AI모델을 만들 수 있다는 것을 보여줬다""고 평가했다.        ━  미 빅테크 AI 개발비의 10분의 1…임원 1명 연봉으로 시장 흔들어  ━     실리콘밸리에서는 딥시크가 개발한 AI 모델의 성능보다 딥시크가 공개한 개발 비용에 더 주목한다. 딥시크 기술보고서에 따르면 딥시크가 지난달 말 공개한 '딥시크-V3' 개발비는 557만6000달러(약 80억원)로 페이스북 모회사 메타가 최신 AI모델 '라마3′ 모델에 쓴 비용의 10분의 1 수준이다.   구글이나 메타 등 미국 빅테크업체 임원 1명의 연봉으로 시장 판도를 뒤흔들 AI 모델을 만들었다는 얘기다. 딥시크가 지난주 공개한 R1 개발비도 오픈AI보다 훨씬 적다. 오픈AI 경쟁사인 앤트로픽의 다리오 아모데이 최고경영자(CEO)는 앞서 AI 모델 하나를 개발하는 데 1억달러(약 1430억원)에서 10억 달러(약 1조4000억원)의 비용이 소요된다고 밝혔다.   JP모건의 산딥 데슈판데 애널리스트는 ""마이크로소프트가 올해 800억달러, 메타는 최근 600억~650억달러의 투자 계획을 발표했다"" 며 ""딥시크가 효율적이고 자원이 덜 드는 AI 모델을 성공적으로 보여주면서 AI 투자 사이클이 과도하게 부풀려진 것일 수 있고 더 효율적인 미래가 가능하다는 생각을 시장에 안겨줬다""고 말했다.   로스의 분석가 로히트 쿨카르니는 ""스타게이트를 포함한 미국 기업이 AI 데이터 센터에 너무 많은 돈을 쓰고 있는 게 아닌지 우려스럽다""며 ""우리는 '필요는 발명의 어머니'라고 믿는데 미국 기업들은 자본이 무한정 있다고 착각하는 오류에 빠진 것 같다""고 짚었다.        ━  대중 수출규제 한계 노출 지적…""中에 허 찔렸다""  ━     업계에서는 미국이 주도한 고성능 AI칩 수출규제의 한계를 보여주는 사건이라는 평가도 나온다. 미국이 AI 분야에서 중국을 꾸준히 견제했지만 중국이 허를 찔렀다는 점에서 의미심장한 사건이라는 얘기다.   조 바이든 미 행정부는 2022년 8월 중국군이 AI 구현 등에 쓰이는 반도체 제품을 군사용으로 전용할 위험이 있다며 엔비디아와 AMD에 관련 반도체의 중국 수출을 금지했다. 딥시크 V-3 모델 훈련에는 엔비디아가 중국 수출용으로 성능을 낮춰 출시한 H800 칩이 쓰인 것으로 전해진다.  CNN 방송은 ""잘 알려지지 않은 AI 스타트업의 이런 놀라운 성과는 미국이 지난 수년 동안 국가안보를 이유로 고성능 AI 칩의 중국 공급을 제한해 왔다는 점을 고려하면 더욱 충격적""이라고 평가했다.   블룸버그는 ""딥시크가 실제로 어느 정도의 AI 학습용 첨단 칩을 확보했는지는 확인되지 않지만 딥시크의 성과는 미국의 무역제재가 중국의 발전을 가로막는 데 효과적이지 않음을 시사한다""고 지적했다.   중국이 고가의 미국 칩 없이도 미국 빅테크업계 수준의 AI 모델을 만들어낼 수 있다는 것과 더불어 미국의 압박에도 나름의 길을 구축할 수있다는 것을 증명했다는 분석도 나온다.   월가의 투자은행 레이먼드 제임스의 반도체 애널리스트 스리니 파주리는 ""딥시크는 미국의 하이퍼스케일러(대형 클라우드 공급업체)만큼 많은 컴퓨팅에 접근할 수 없는데도 어떻게든 경쟁력이 높아 보이는 모델을 개발하는 데 성공했다""고 말했다.        ━  AI 주도권 촉각…백악관도 민감 반응  ━     실리콘밸리 안팎에서는 장기적으로 중국이 AI 연구개발의중심지가 될 수 있다는 우려도 제기된다. 실리콘밸리 빅테크들이 개발한 최첨단 AI 모델이 폐쇄형인 데 비해 딥시크의 AI 모델은 오픈소스로공개돼 사용과 수정이 자유롭다. 오픈소스에 기반한 최고의 AI 기술이 중국에서 나올 경우 전 세계 개발자들이 이를 토대로 자신들의 시스템을 구축하게 되면서 중국이 AI 개발 주도권을 잡을 수 있다는 얘기다.   자산운용사 야누스 헨더슨의 기술 분야 포트폴리오 매니저인 리처드 클로드는 이와 관련, ""딥시크는 다른 사람(업체)들의 작업에 의존하는 증류(distillation) 기술을 쓰는데 현재 시장에서 얼마나 의존하는가가 중요한 질문""이라는 반응을 보였다고 로이터가 전했다.   일각에서는 미국의 반도체 규제가 오히려 중국의 저비용 AI 모델 개발로 이어졌다는 분석도 나온다. 뉴욕타임스는 ""딥시크 AI 모델의 성능은 미 정부의 무역 제재가 가져온 의도치 않은 결과""라며 ""미국의 반도체 칩 무역 제재가 오히려 중국 기술자들이 인터넷에 공개된 오픈소스 도구를 기반으로 창의적인 해결책을 모색하도록 자극했다""고 보도했다.   오픈AI의 전 임원이었던 잭 카스는 ""딥시크의 사례는 자원 제약이 종종 창의성을 촉진한다는 교훈을 보여준다""고 말했다.   백악관도 중국의 'AI 굴기(일어섬)'에 촉각을 기울이는 모양새다. 도널드 트럼프 미국 대통령은 이날 플로리다주 트럼프 내셔널 도랄 마이애미 리조트에서 열린 공화당 연방하원 콘퍼런스 연설에서 ""딥시크 출시는 우리 업계가 경쟁에서 승리하기 위해 집중해야 한다는 경각심을 불러일으킬 것""이라고 말했다고 로이터는 전했다.        ━  AI 과잉투자론 확산…뉴욕증시 급락  ━     시장에서는 딥시크 충격이 기존 빅테크업체의 과잉투자론으로도 옮겨붙는 분위기다. 블룸버그통신은 ""딥시크의 성공은 오픈AI를 비롯한 미국 AI 기업들이 선두 자리를 지키기 위해 가격을 낮춰야 하는 압박으로 작용할 수 있다""고 평가했다.   이날 뉴욕증시에서 AI 관련주가 대거 급락세를 보인 것도 이런 문제제기와 직결된다. AI 대장주 엔비디아는 전거래일보다 16.97% 하락 마감하면서 시가총액이 5890억달러(약 860조원) 증발했다.   골드만삭스는 ""지금까지 시장은 구글이나 오픈AI, 마이크로소프트 등 AI 관련 회사에 막대한 프리미엄을 줬다""며 ""딥시크가기존 AI 기업의 지출에 대한 의구심을 자극하면서 더 광범위하게 투자자들의 신뢰를 흔들 것""이라고 전망했다.   다만 딥시크 충격이 계속 이어질지는 지켜봐야 할 지점이다. 실리콘밸리 빅테크업체가 조직 재정비에 나서면서 반격을 준비하고 있는 데다 미국이 데이터 안보를 강화하면서 딥시크를 비롯한 중국 AI 업체에 리스크로 작용할 수 있다는 것이다.     [관련기사] ☞ ""다른 남자와 잠자리 강요""…이혼 변호사도 당황 ☞ 한국 청소년, 일본 여행 중 성추행 ""나라 망신"" ☞ ""왕따 살인""…故오요안나 괴롭힌 기상캐스터 실명 공개에 '시끌' ☞ ""밤마다 공동묘지서 기도"" …'전과자→선교사' 된 배우 근황 ☞ '사채설, 비혼주의' 소문에 펄쩍 뛴 이이경…""절대 아냐""   심재현 기자 urme@mt.co.kr     키워드림론 최대 4배 주식자금 & 고금리 대환상품 한도 오픈! (1644-6960)   [무료운세] 믿어야 돼 말아야 돼? 종목매수전에 믿고보는 '오늘의 운세'        [파워 인터뷰]       매수전에 점 부터 보고 가실께요 -> 오늘의 운세 [복채무료]      ⓒ 머니투데이 & mt.co.kr, 무단 전재 및 재배포 금지"
74,1,"2025-01-28","08:08:02","뉴스캐스트 - 마켓 토크 딥시크의 저렴한 AI 모델은 시간이 지남에 따라 입증되어야 합니다.","Newscasts - Market Talk: DeepSeek's cheaper AI model must be proven over time    Newscasts - Market Talk: DeepSeek's cheaper AI model must be proven over time    Click the following link to watch video: https://share.newscasts.refinitiv.com/link?entryId=1_svx9ecga&referenceId=tag:reuters.com,2025:newsml_RW662927012025RP1_930&pageId=Newscasts                 (c) Copyright Thomson Reuters 2020. Click For Restrictions - https://agency.reuters.com/en/copyright.html   원문 바로가기    DISCLAIMER  레피니티브의 사전, 서면 승인 없는 톰슨로이터 콘텐츠의 재생산이나 재배포는 금지되어 있습니다. 이 기사의 한국어 번역은 에프앤가이드가 사용하는 기계적 번역에 의한 것으로 톰슨로이터와 레피니티브는 번역의 정확성을 보증하지 않습니다."
74,2,"2025-01-28","08:07:56","[뉴욕증시]中 딥시크 'AI 습격'에 나스닥 3% 급락…엔비디아 시총 860조 증발","중국 인공지능(AI) 스타트업 딥시크의 AI 모델 개발 소식에 27일(현지시간) 미국 뉴욕증시에서 나스닥 지수가 3% 넘게 폭락했다. 중국이저비용으로 경쟁력 있는 AI 모델 개발에 성공한 것으로 전해지자 주가 거품 붕괴 공포가 확산되면서 AI 관련주가 크게 내렸다. AI 대장주 엔비디아는 이날 하루에만 17% 가까이 폭락하며 시가총액이 순식간에 860조원 넘게 날아갔다.     이날 뉴욕 주식시장에서 블루칩 중심의 다우존스30산업평균지수(다우지수)는 전 거래일보다 289.33포인트(0.65%) 오른 4만4713.58에 장을 마감했다. 대형주 중심의 S&P500지수는 88.96포인트(1.46%) 내린 6012.28, 기술주 중심의 나스닥지수는 612.47포인트(3.07%) 떨어진 1 만9341.83에 거래를 마쳤다.   중국 AI 스타트업 딥시크가 지난 20일 출시한 오픈소스 AI 모델 'R1'의 성능이 '챗GPT' 개발사인 오픈AI가 내놓은 모델을 일부 앞선다는평가를 받으면서 시장에 큰 충격을 줬다. 딥시크는 개발 비용으로 600만달러(약 86억원) 미만을 투입했다고 밝혔다. 이 회사의 주장이 사실로 판명날 경우 AI 반도체나 전력, 데이터 센터 수요가 당초 예상보다 크지 않을 수 있다는 전망에 무게가 실리면서 AI 관련주 거품 붕괴 우려가 확산됐다.   AI 대장주인 엔비디아는 16.86% 급락했다. 엔비디아는 이날 시총이 6000억달러(약 863조원) 증발했는데, 단일 주식 기준으로 하루 동안 잃은 시총 기준으로 미국 역사상 최대 규모다. 브로드컴은 17.4% 폭락했고 AMD는 6.37% 내렸다. 마이크로소프트(MS)와 구글 모회사 알파벳은 각각 2.14%, 4.03% 떨어졌고 팔란티어 테크놀로지는 4.43% 밀렸다.   인터랙티브 브로커스의 스티브 소스닉 수석 전략가는 ""딥시크에 대한 갑작스럽고 부정적인 시장 반응은 AI 거래와 주요 지수를 주도해 온핵심 가정 중 일부가 오늘 재평가되고 있음을 나타낸다""며 ""오늘의 갑작스럽고 부정적인 시장 반응 중 일부는 주식 시장에 닥친 자만의 물결의 직접적인 결과""라고 분석했다.   CFRA 리서치의 샘 스토벌 최고 투자 전략가는 이날 증시에 대해 ""먼저 매도하고 나중에 질문하는 것의 좋은 예를 보여준다""며 ""투자자들은 전반적인 기술주, 특히 반도체주에 대한 평가가치가 다소 과도하다고 느끼고 있다""고 진단했다. 이어 ""특히 값비싼 시장과 외부 사건이 결합하면서 변동성을 겪을 것""이라고 설명했다.   위험자산인 주식 선호 심리가 급격히 후퇴하면서 안전 자산인 국채 수요가 확대, 수익률이 크게 하락했다. 글로벌 채권 금리 벤치마크인미 국채 10년 만기 수익률은 전거래일 대비 8bp(1bp=0.01%포인트) 떨어진 4.53%, 통화정책에 민감한 미 국채 2년 만기 수익률은 7bp 내린 4.19%에서 움직이고 있다.   이번 주 투자자들의 시선은 오는 28~29일 열리는 연방공개시장위원회(FOMC) 정례회의로 쏠린다. 시장에서는 미 연방준비제도(Fed)가 올해첫 FOMC에서 기준금리를 연 4.25~4.5%로 동결할 것을 기정사실화 하고 있다. 앞서 도널드 트럼프 미 대통령이 ""즉각적인 금리 하락을 요구할것""이라고 압박한 가운데 제롬 파월 Fed 의장이 백악관의 통화 개입 시도에 어떤 메시지를 내놓을 지도 주요 관전 포인트다.     ● 주식으로 돈 벌까? 오늘의 운세로 확인  ● 무조건 오르는 비공개 종목 '반드시' 확인하기(무료 체험)  ● 텔레그램에만 있는 비밀정보? “사람들이 텔레그램이 몰리는 이유!”   [관련기사]  ☞ 中딥시크, 천안문 물으니 말돌려…"" 대만은 중국땅""  ☞ 中 딥시크 충격에 안철수도 '일침'…""뒤처지면 韓 미래 없다""  ☞ 오픈AI CEO의 견제…""딥시크, 가성비'는' 인상적""  ☞ ""中 '저비용 AI' 딥시크, 분명 최신GPU 있다"" 주장…머스크도 ""명확해""  ☞ 투자 성공의 핵심은 기업분석! 'CORE' 바로가기      뉴욕(미국)=권해영 특파원 roguehy@asiae.co.kr   <ⓒ투자가를 위한 경제콘텐츠 플랫폼, 아시아경제(www.asiae.co.kr) 무단전재 배포금지>"
74,3,"2025-01-28","08:06:30","“싼데 성능은 더 좋아”…이 한마디에 846조원 날아간 미국 기업의 정체","시총 3조 달러 아래로 떨어져 순위도 1위서 단번에 3위로 추락 딥시크, 저렴한 GPU로 AI시스템 설계 엔비디아, 매출 급감할수도   세계에서 가장 비싼 기업이었던 인공지능(AI) 선두 주자 엔비디아가 중국의 AI 스타트업 딥시크(DeepSeek) 등장에 직격탄을 맞았다. 27일(현지시간) 뉴욕 증시에서 ‘딥시크 충격’으로 반도체 관련주가 일제히 급락하는 가운데 엔비디아 주가가 가장 큰 폭으로 하락했다. 이날 엔비디아 주가는 118.42달러(17만228원)에 마감했다. 전 거래일보다 무려 16.97% 폭락했다. 코로나19 초기였던 2020년 3월 이후최대 낙폭이다. 시가총액도 2조9000억 달러를 기록하며 3조 달러 아래로 떨어졌다. 지난 24일보다 5890억 달러(846조6875억원)가 증발했다. 이날 시총 감소분은 뉴욕 증시에서 역대 단일 기업으로는 최대로, 지난해 9월 3일 엔비디아의 시총 감소분 2790억 달러의 두 배에 달한다. 시총 순위도 1위에서 단번에 3위로 주저앉으며, 4위 아마존(2조4750억 달러)에 쫓기는 처지가 됐다. 딥시크의 등장에 엔비디아가가 더큰 충격을 받는 것은 AI 모델 개발에 필수적인 것으로 여겨졌던 엔비디아의 최첨단 AI 칩이 필요하지 않을 수 있다는 전망 때문으로 분석된다. 엔비디아는 지난 2년간 A100과 H100 등 자체 개발한 최신 그래픽처리장치(GPU)를 통해 전 세계 AI 열풍을 주도해 왔다. 작년 4분기부터는블랙웰이라는 새로운 AI 칩을 내놓으면서 빅테크를 비롯해 AI 개발업체에 공급해 오고 있다. H100의 경우 칩 한 개 가격이 3만 달러 안팎에이르는 알려져 있으며, AI 모델을 구동하기 위해서는 이런 칩이 수십만 개가 필요한 상황이다. 이에 엔비디아는 막대한 매출을 올렸고 지난해 영업이익률은 60%를 넘었다. 지난해 9∼11월 분기 매출은 1년 전보다 94%, 순이익은 106% 급증했다. 그러나 딥시크가 개발한 AI 모델 ‘V3’에 투입된 비용은 557만6000달러(약 78억8000만원)에 달하는 것으로 알려졌다. 이는 AI 개발 비용에 수백억 원에서, 많게는수십조원을 쏟아붓는 빅테크에 비해 크게 낮은 수준이다. 언어 모델 라마를 개발하는 페이스북 모회사 메타플랫폼은 올해 데이터 센터 등 AI 인프라 구축에 최대 650억 달러(93조원)를 투자할 계획이라고 밝힌 바 있다. 딥시크 모델 훈련에는 엔비디아의 H800 칩이 사용됐지만, 이는 미 정부의수출 규제를 피하기 위한 중국 수출용으로, 성능을 낮춘 것이다. ‘V3’ 등 딥시크가 내놓은 AI 모델이 엔비디아의 최신 칩보다 성능이 떨어지고 저렴한 칩을 사용했는데도 빅테크의 최신 모델과 비슷하거나 오히려 능가하는 성능을 내고 있는 것이다. 딥시크의 ‘저렴한’ AI 모델 개발 방식이 확산한다면 엔비디아가 그동안 비싼 최신 AI 칩을 앞세워 올렸던 막대한 매출과 순이익은 크게 줄어들 수 있다. 글로벌 투자연구기관 야르데니 리서치의 에드 야르데니는 “미국 대형 기술 기업들이 딥시크로부터 더 저렴한 GPU로 AI 시스템을 설계하는 방법을 배울수 있다면, 이는 엔비디아에는 그다지 반가운 일이 아닐 수 있다”고 진단했다.    [ⓒ 매일경제 & mk.co.kr, 무단 전재, 재배포 및 AI학습 이용 금지]"
74,4,"2025-01-28","08:06:12","iM뱅크, 고속도로 휴게소서 이동점포 운영","[헤럴드경제(대구)=김병진 기자]iM뱅크는 중앙고속도로 동명휴게소(춘천 방향)에서 신권 교환과 자동화기기(ATM) 사용이 가능한 ‘iM이동점포’를 운영한다고 28일 밝혔다.   25인승 버스를 이용해 만든 이동점포는 금융 단말기와 ATM이 탑재됐다.   운영시간은 오전 10시부터 오후 4시까지다.   iM뱅크 은행 관계자는 “새해도 고객들과 더 가까이하는 한 해가 될 수 있도록 하기 위해 많은 귀성객이 이용하는 휴게소에서 iM이동점포를운영하기로 했다”고 말했다.   kbj7653@heraldcorp.com"
74,5,"2025-01-28","08:06:02","중대본, 대설 위기 경보 '주의'→'경계'로 상향…2단계 격상","[세종=뉴스핌] 김보영 기자 = 행정안전부 중앙재난안전대책본부는 수도권과 강원도, 전라권, 경상권을 중심으로 대설 특보가 발효되면서전날(27일) 오후 10시부로 중앙재난안전대책본부를 2단계로 격상하고 대설 위기 경보 수준도 '주의'에서 '경계'로 상향했다고 밝혔다.                             경기도 광명사거리역 인근에 많은 눈이 내리고 있다[ 뉴스핌 DB]  28일 기상청에 따르면 현재 강원도, 충청권, 전라권 등 대설 경보가 발효된 지역에 시간당 1~5cm의 강한 눈이 내리고 있으며, 이번 눈은 이날까지 이어지며 일부 지역에서는 최대 20cm 이상 쌓일 것으로 전망했다.  이에 중대본은 대설 특보 발효 지역과 많은 눈이 내릴 것으로 예상되는 지역의 지자체, 경찰, 소방 등 관계 기관에 설 연휴 동안 비상 대응 체계 확립을 철저히 해 달라고 당부했다.  한편, 전날 전국적으로 내린 눈으로 항공기와 여객선 운항에 차질이 발생하고있다. 중대본은 이날 오전 6시 기준 '대설대처 상황 보고'에서 항공기 3편(청주공항)이 결항됐으며, 여수~거문도, 인천~백령도 등 56개 항로에서 여객선 70척의 운항이 중단됐다.  또한 북한산과 지리산국립공원 등 19개 공원의 466개 구간이 출입 통제됐으며, 지방도의 경우 경기 2, 충북 2, 충남 4, 전남 3, 경북 2, 경남 3, 제주 8 등 총 24곳에서 적설로 인해 차량 운행이 중단됐다.   고기동 행정안전부 장관 직무대행이 27일 저녁 정부세종청사 중앙재난안전상황실에서 설 연휴 대설 대처상황 점검 중대본 회의를 주재하고 있다=행안부 제공 kboyu@newspim.com  고기동 중앙재난안전대책본부장(행안부 장관 직무대행)은 ""설 연휴 기간 대설과 한파로 인한 피해를 최소화하기 위해 범정부 역량을 결집해 대설과 한파 대응에총력을 다하겠다""며 ""국민 여러분께서도 겨울철 국민 행동 요령과 같은 안전 수칙을 숙지해 개인 안전에 유의해 주시길 바란다""고 당부했다  kboyu@newspim.com 설연휴 강풍 동반 전국 최대 30 ㎝ '폭설'…중대본, 1단계 가동 김동연, 대설대응 상황 점검 나서...도·시군 긴급지원체계 가동 충북 전역 대설주의보...29일까지 최대 20cm             저작권자(c) 글로벌리더의 지름길 종합뉴스통신사 뉴스핌(Newspim), 무단 전재-재배포 금지"
74,6,"2025-01-28","08:05:01","[열공! 충남도의회] 공공 급식에 지역 농산물 공급 확대하려면","[열공! 충남도의회] 공공 급식에 지역 농산물 공급 확대하려면  연구모임 ""지역 농·축·수산물 구매 제도화·플랫폼 구축 필요""       [※ 편집자 주 = 충남도의회 의원들은 올해 23개 연구모임을 운영하고 있습니다. 도의원과 전문가, 공무원 등이 머리를 맞대 지역 현안해결 방안을 모색하고, 정책을 제안하거나 조례안을 마련하는 게 목적입니다. 연합뉴스는 연구모임 취지와 활동 내용, 정책 대안 제시, 입법화 과정 등을 소개하는 기획 기사를 매주 1건씩 20여 차례에 걸쳐 송고합니다.]       (홍성=연합뉴스) 김소연 기자 = 충남도의회가 공공 급식 업체의 지역 농·축·수산물 이용 촉진 방안을 논의하고 있다.      28일 도의회에 따르면 김기서(부여1·더불어민주당) 의원을 비롯한 도의원, 공무원, 농수산식품 유통 전문가 등은 '공공 급식 충남 농·축·수산물 공급 확대를 위한 연구모임'을 운영하고 있다.      공공기관, 대학교, 연수원, 사회복지 시설 등 대부분 단체급식의 경우 대기업을 통해 식자재를 공급받아 지역 농·축·수산물 공급이 제한적이라는 게 연구모임의 설명이다.      지역 농·축·수산물 판로 확대와 공공 급식 비용 절감 등을 위해서는 지역 농·축·수산물을 활용한 급식이 더 활발하게 이뤄져야 한다.       이를 위해서는 무엇보다도 조례 제정 등을 통해 지역산 농·축·수산물 구매를 제도화해야 한다고 연구모임은 보고 있다.      또 지역 생산자와 급식업체를 위한 플랫폼을 구축해 편의를 제공하고, 지역 식재료 활용을 유도해야 한다고 제언했다.      프랑스의 경우 지방자치단체별 플랫폼을 구축해 지역 생산자와 공급업체, 급식기관, 시설을 연계해 공공 급식에 지역 농산물 활용을 촉진하는 사례가 있다.      이 플랫폼에서 별도의 비용 없이 지역 생산자들이 플랫폼에 들어와 생산 제품과 업체 정보를 제공하고 있다고 연구모임은 전했다.      아울러 공공기관별 식재료 공급 체계 운영 실태를 파악하고 관련 조례 제·개정을 하는 한편 공공 급식, 지역 중심 먹거리 선순환 체계에 대한 시민 상대 홍보도 이뤄져야 한다고 강조했다.      김기서 의원은 ""공공 급식은 국민 건강증진과 지역 경제 활성화를 동시에 달성할 수 있는 중요한 정책 수단""이라며 ""지역 농축수산물 유통 촉진, 공공 급식처 공급망 개선을 위해 적극적으로 지원하겠다""고 말했다.      soyun@yna.co.kr  (끝)      <저작권자(c) 연합뉴스, 무단 전재-재배포, AI 학습 및 활용 금지>"
74,7,"2025-01-28","08:03:14","에버소스, 24억 달러 규모의 거래로 아쿠아리온 워터 사업부 매각","Eversource to sell Aquarion Water unit in $2.4 billion deal  1월 27일(로이터) - 에버소스 에너지는 월요일에 자회사 아쿠아리온 워터 컴퍼니를 24억 달러에 매각하는 데 합의했다고 발표했습니다.     (Reporting by Mrinalika Roy in Bengaluru; Editing by Shilpi Majumdar)  mrinalika.roy@thomsonreuters.com     (c) Copyright Thomson Reuters 2020. Click For Restrictions - https://agency.reuters.com/en/copyright.html        Keywords: EVERSOURCE-DIVESTITURE/ (URGENT)   원문 바로가기    DISCLAIMER  레피니티브의 사전, 서면 승인 없는 톰슨로이터 콘텐츠의 재생산이나 재배포는 금지되어 있습니다. 이 기사의 한국어 번역은 에프앤가이드가 사용하는 기계적 번역에 의한 것으로 톰슨로이터와 레피니티브는 번역의 정확성을 보증하지 않습니다."
75,1,"2025-01-28","08:00:00","이재명 선거법 2심 이르면 3월 결론…3년째 대장동 재판은","[서울=뉴스핌] 이성화 기자 = 야권 유력 대권주자인 이재명 더불어민주당 대표의 정치 생명을 좌우할 공직선거법 위반 사건 항소심이 이르면 오는 3월 말 결론이 나올 전망이다.  반면 3년째 진행 중인 이 대표의 '대장동·위례·성남FC·백현동 사건' 1심은 오는 2월 법관 정기인사 이후 또다시 지연될 가능성이 제기된다.  28일 법조계에 따르면 서울고법 형사6-2부(최은정 이예슬 정재오 부장판사)는 지난 23일 공직선거법 위반 혐의로 기소된 이 대표의 항소심 첫 공판에서 ""모든 증인신문 절차는 2월 19일까지 끝내고 특별한 사정이 없으면 2 월 26일 결심 공판을 하겠다""고 밝혔다.   [서울=뉴스핌] 이호형 기자 = 이재명 더불어민주당 대표가 지난 23일 오후 서울 서초구 서울고등법원에서 열린 '공직선거법 위반 혐의'에 대한 항소심 1차 공판에 출석 하고 있다. 2025.01.23 leemario@newspim.com  ◆ 선거법 2심 재판부, '소송지연 우려' 언급도  통상 결심 이후 선고까지 빠르면 한 달 정도 걸리는 것을 고려하면 이 대표의 항소심 선고 결과는 3월 말쯤 나올 수 있다.  재판부는 ""공직선거법 관련 진행 예규에 보면 특별한 사정이 없으면 전회 공판기일 7일 이내 다음 기일을 잡기로 돼 있다""며 다음 달부터 매주 수요일마다 공판을 열겠다고 했다.  2달간 새로운 사건을 배당받지 않는 것도 이 대표 사건에 집중해 조희대 대법원장이 강조한 이른바 '6·3·3' 원칙을 최대한 따르려는 의지로 풀이된다.  공직선거법 제270조는선거사범의 판결 선고를 1심은 기소된 날부터 6개월 이내, 항소심과 상고심은 각각 전심 선고일로부터 3개월 이내 하도록 규정한다. 이 대표의 1심 선고일은 지난해 11월 15일로, 원칙적으로 다음 달 15일까지는 항소심 선고가 나와야 한다.  재판부는 이 대표 측이 항소심에서13명의 증인과 문서송부촉탁을 신청한 것에 대해서도 ""소송지연이 우려되면 채택하지 않을 수 있다""며 석명을 요구했다. 위헌법률심판 제청과 관련해서도 이 대표 측이 신청을 고민하고 있다고 하자 조속한 의견 표명을 촉구했다.  앞서 이 대표는 지난 대선 과정에서 허위사실을 공표한 혐의로 기소돼 1심에서 징역 1년에 집행유예 2년을 선고받고 항소했다. 만약 1심 판결이 대법원에서 그대로 확정되면 이 대표는 의원직을 상실하고 10년간 피선거권이 제한돼 대선에 출마할 수 없다. 민주당은 지난 대선에서 보전받은 비용 434억원도 반환해야 한다.  ◆ 2월 법관 인사…대장동 사건 등 재판부 교체 가능성  이 대표의 선거법 사건에 비해 쟁점이 훨씬 복잡하고 기록 양도 방대한 대장동·위례·성남FC·백현동 사건은 서울중앙지법 형사합의33부(김동현 부장판사)가  3년째 심리 중이다.  2023년 10월 6일 정식 첫 공판 이후 위례신도시 개발사업 특혜 의혹 심리에만 약 11개월이 걸렸고, 대장동 개발사업 특혜 의혹 심리는 지난해 10월 8일부터 본격적으로 시작됐다.  그러나 대장동 의혹 첫 증인인 유동규 전 성남도시개발공사 기획본부장에 대한 신문에만 3달 넘게소요됐고 유 전 본부장에 대한 증인신문은 다음 달까지 이어진다. 이 대표 측 반대신문 절차는 종료됐지만 함께 기소된 정진상 전 민주당 대표실 정무조정실장 측 반대신문이 남아있기 때문이다.  이 대표 측은 변론분리를 통해 정 전 실장 측이 신문하는 절차에는 참여하지 않고 국회 일정 등을 소화하겠다며 재판부에 여러 번 요청했다. 그러나 유 전 본부장이 이 대표 없이 증언하지 않겠다는 입장을 고수하면서 이대표가 조퇴하는 날은 재판이 공전했다.  이런 상황에서 재판부가 바뀔 가능성도 거론된다. 대법원이 매년 2월 전국 법관 정기인사를 실시하는데 재판장인 김 부장판사는 2023년 2월 서울중앙지법에 부임했다. 김 부장판사는 ""갈지, 안 갈지 모르는데 판사는 바뀐다. 반대신문까지는 끝내놓는 게 좋지 않을까 싶다"", ""제가 유동규 증인까지 끝낼 필요가 있는지 잘 모르겠다"" 등 재판에서 인사이동 가능성을 내비쳤다.  현재 각급 법원에서 재판장인 법관은 3년, 재판장이 아닌 법관(배석판사 등)은 2년 근무가 원칙이다. 지난해 2월 '법관 등의 사무분담 및 사건배당에 관한 예규'가 개정돼 기존 2년, 1년에서 1년씩 늘어났기 때문이다.  다만 사무분담기간 연장에 관한 경과조치 규정에 따라개정 예규 시행 전 확정된 사무분담은 종전 규정에 따른다. 이에 2023년 2월 부임한 법관들은 원칙적으로 늘어난 기간을 적용받지 않는 것이다.  법원 관계자는 ""무작정 적용되는 건 아니고 법관 당사자의 의사를 반영한다""며 ""(2년을 했더라도) 한 해 더 하겠다는 의사가 있다면 각급 법원에서 반영해 사무분담을 확정한다""고 설명했다.  만약 이번 인사에서 재판부가 바뀐다면 절차 지연은 불가피하다. 새 재판부는 검찰의 공소사실 요지 진술과 변호인들의 모두진술, 이전 재판부에서 한 증거조사를 다시 하는 공판갱신절차를 거쳐야 한다. 지난해 2월 배석 판사 2명이 교체될 때도 공판갱신절차가 진행됐다.   [서울=뉴스핌] 이호형 기자 = 유동규 전 성남도시개발공사 기획본부장. 2024.03.18 leemario@newspim.com  이 대표의 위증교사 사건 항소심 재판부도 바뀔 가능성이 있다. 서울고법 형사3부 재판장인 이창형 부장판사도 2023년 2월부터 해당 재판부를 이끌어왔다.  다만 위증교사 사건은 1심에서 무죄가 나왔기 때문에 이 대표에게 비교적 부담이덜한 상황이다. 아직 첫 공판기일도 잡히지 않았다.  이 대표의 '쌍방울 대북송금 의혹'과 '경기도 법인카드 유용 의혹' 사건을 모두 심리하는 수원지법 형사합의11부의 신진우 부장판사도 이동할 것으로 점쳐진다. 신 부장판사는 2022년 2월 수원지법에 부임했다.  이 대표 측은 쌍방울 대북송금 사건 재판부를 바꿔 달라며 기피 신청을 냈고 재판은 중단된 상태다. 한 법조계 관계자는 ""이번 인사에서 신 부장판사가 이동한다면 기피 신청은 각하될 것으로 보인다""며 조만간 재판이 재개될 것으로 예상했다.  앞서 라임자산운용 사태로 기소된 김봉현 전 스타모빌리티 회장도 불공정한 재판을 받고 있다며 재판부 기피 신청을 냈다가 담당 법관들이 사무분담 변경으로 이동하면서 각하된 바있다.   shl22@newspim.com '선거법 위반' 이재명 항소심 2월말 결심…이르면 3월 선고 민주 ""이재명 2심 재판 지연 없어...적극 임할 것"" 이재명 운명 헌재·대법 '시간싸움'과 민심에 달렸다 이재명 조퇴하자 유동규 ""증언 의미 없다""…대장동 재판 종료            저작권자(c) 글로벌리더의 지름길 종합뉴스통신사 뉴스핌(Newspim), 무단 전재-재배포 금지"
75,2,"2025-01-28","08:00:00","외국인 3백만명도 은행 고객...김해정 신한은행 팀장 ""차별화된 편의성 공략""","뉴스핌 월간 안다 2024년 12월호에 실려 기출고된 기사입니다.  [서울=뉴스핌] 정광연 기자 = 국내 체류 외국인이 빠르게 늘고 있다. 250만명을 넘어 300만명 돌파도 가시권이다. 총 인구 대비 5%에 달하는 상당한 규모다. 이에 따라 금융권에서도 이들을 위한 맞춤형 서비스를 앞다퉈 선보이고 있다. 향후 새로운수익 시장이 될 수 있다는 판단에서다.  신한은행은 올해 각 분야의 인재들이 모인 전담팀 '외국인 고객스쿼드'를 구성하고 외국인 고객 공략에 속도를 내고 있다. 팀장을 맡고 있는 김해정 수석은 ""국내 체류 외국인이 지속적으로 증가함에 따라맞춤형 금융 솔루션을 제공하기 위한 유연한 조직 운영이 필요해 조직된 팀""이라며 ""외국인 근로자, 유학생을 위한 현장 지원 및 관련 기관협업, 전용상품 마케팅 전략 수립 및 이행 등을 주로 수행하고 있다""고 밝혔다.   [서울=뉴스핌] 정일구 기자 = 김해정 신한은행 외국인고객 SQUAD 팀장. 2024.11.05 mironj19@newspim.com  ◆부서별 인재 모인 '어벤저스' 외국인고객 전담팀  2008년 신한은행에 입사한 김 팀장은 글로벌지원부와 소비자보호센터를 거쳐 지난 7월부터 개인솔루션부 '외국인 고객 스쿼드' 총괄을 맡고 있다. 지난 2020년 금융혁신부문 국민총리표창을 받을 정도로 능력을 검증받은 인재다.  그를 비롯해 스쿼드팀은 모두 11개 부서에서 차출된 인재들이다. 국내 거주 외국인을 대상으로 종합적인 금융 솔루션을 제공하기 위해서는 다양한 분야의 서비스 노하우가 필요하기 때문이다. 이에 신한 내부에서는 이 팀을 '어벤저스'라고부르기도 한다.  김 팀장은 ""외국인 금융은 계좌 개설, 모바일뱅킹, 특화 상품, 환전·송금, 기타 서비스 등 한 부서에서 모든 것을 전담하기에 업무 스펙트럼이 방대하다. 이에 부서별 핵심 인력을 뽑아 외국인 관련 종합 솔루션 과제를 도출하고이행하는 업무를 하고 있다""고 설명했다.  스쿼드팀을 통해 탄생한 상품은 전 세계 외국인 유학생 등록금을 실시간으로 처리할 수 있는 '헤이영 외국인 등록금 서비스'가 대표적이다. 현지 은행 방문 없이 현지 통화로 페이팔 거래 시 확정된 원화로 등록금 수납이 가능해 과오납에 따른 고객 불편을 해소했다.  기존 해외송금 방식보다 수수료도 저렴해 현재 외국 유학생을 유치한 국내 대학들로부터 큰 호응을 얻고 있다. 현재 32개 대학과 협약을 마쳤으며 서비스 확장을 추진 중이다. 하반기에 출시한 외국인 전용 특화 상품 'SOL글로벌 통장'과 'SOL글로벌 체크카드'도 반응이 좋다.  SOL글로벌 통장은 단체상해보험을 무료로 제공하고 송금·환율 수수료 우대를 강화한 입출금 통장이다. 외국인 전용 SOL글로벌 체크카드는 근로자와유학생 맞춤 2가지 종류로 출시했으며 통신, 교통요금 10% 캐시백을 기본 혜택으로 제공한다.  특히 김팀장은 차별화된 비대면 서비스를 신한은행만의 강점으로 꼽았다. 대다수 은행이 모바일뱅킹으로 계좌 신규 개설이 가능하고 체크카드는 별도로 영업점을 방문해야 하지만, 신한은 체크카드까지 모바일뱅킹으로 신청할 수 있다.   [서울=뉴스핌] 정일구 기자 = 김해정 신한은행 외국인고객 SQUAD 팀장. 2024.11.05 mironj19@newspim.com  김 팀장은 ""외국인이 모바일뱅킹으로 계좌를 새로 만들려면 '타행 계좌 1원 인증'이 필요하다. 계좌가 없는 사람에게 계좌 인증을 요구하는 아이러니가 발생하는 셈이다. 우리는 이런차별적 요소를 없애기 위해 시중은행 최초로 '외국인 전용 영상통화 실명확인 서비스'를 도입했다. 외국인 고객들의 편의성을 높이고자 다양한 시도를 하고 있다""고 밝혔다.  ◆편의성으로 차별화, 증가하는 외국인 고객 공략  은행 입장에서 외국인 고객은 당장 수익 창출이 가능한 시장은 아니다. 내국인과 달리 전세대출 등 제한된 대출상품만 취급할 수 있기 때문이다. 해외송금 등에서 발생하는 수수료 정도의 수익이 대부분이다.  하지만 성장 가능성은 매우 높다. 정부 통계에 따르면 국내 체류 외국인 규모는 지난해 말 250만명 수준으로 2021년 대비 2년 만에 50만명가량증가했다. 저출생에 따른 국내 인구 감소와 고령화로 인한 노동인구 부족 등으로 인해 외국인 유입이 꾸준히 증가할 전망이다.  김 팀장은 ""업무차 지방을 방문하면 해외인가 싶을 정도로 외국인이 많은 지역들이 있다. 지방 대학 중엔 외국인 유학생이 없으면 문을 닫을 수도 있다는 곳도 있다. 우리나라도 이미 단일 민족에서 다문화 국가로 빠르게 변화하고 있기에 이러한 변화에 적응하는 것이 중요하다. 금융적인 측면에서 선제적인 시장 대응을 하고 있다""고 말했다.  외국인 대상 서비스의 가장 큰 어려움으로 꼽히는 '언어 장벽'을 해결하기 위한 대안도 마련했다. 올해 하반기부터 운영 중인 디지털데스크, 키오스크에 외국인업무가 가능하도록 언어 지원을 하고 있으며, 16개 언어 지원이 가능한 'SOL글로벌 앱'도 개발 중이다.  김 팀장은 ""국내에서 생활하는 외국인이 늘어나면 이들의 정착 비중도 커지고 자연스럽게 소득도 높아진다. 이런 추세라면 신용대출 등 외국인을 위한 여수신 상품도 내국인과 큰 차이 없이 확대될 수 있다. 당장의 수익이 아닌, 미래를 준비한다는 마음으로 다각적인 서비스를 준비중""이라고 밝혔다.  이어 ""결국 고객의 마음을 움직이는 건 '친절하고 편리한' 서비스다. 외국인 고객들이 편리한 은행 하면 바로 신한을 떠올릴 수 있도록 노력하겠다""고 강조했다.   peterbreak22@newspim.com [뱅커스토리] 김준환 신한금융 상무 ""사람만큼 뛰어난... AI은행원 시대 온다"" [뱅커스토리] 우혜란 농협은행 센터장 ""권역별 자문센터 추진...농업인도 자산관리 필요"" [뱅커스토리] 류재욱 우리은행 부장 ""금융사기, 예방앱만 깔아도 80% 차단"" [뱅커스토리] 18년차 베테랑 PB 김혜원 우리은행 팀장 ""신뢰가 답이죠""            저작권자(c) 글로벌리더의 지름길 종합뉴스통신사 뉴스핌(Newspim), 무단 전재-재배포 금지"
75,3,"2025-01-28","08:00:00","[그래픽] 국내 기항 크루즈 관광객 추이","[뉴스핌 Newspim] 홍종현 미술기자 (cartoooon@newspim.com)    방한 크루즈관광객, 전년 대비 3배나 늘었다 해수부-문체부 손잡자 크루즈 관광객 3배 늘었다…11년 만에 100만명 돌파 눈앞 노랑풍선, GS홈쇼핑서 크루즈 상품 공개…""대만·일본 동시 방문"" 양주시, '양주문화관광재단' 설립 본격화 하동 화개장터·쌍계사, 한국 관광 100선에 이름 올려            저작권자(c) 글로벌리더의 지름길 종합뉴스통신사 뉴스핌(Newspim), 무단 전재-재배포 금지"
75,4,"2025-01-28","08:00:00","AI 비서 후발주자 LGU+, '익시오' 갤럭시 S25 탑재로 반전 노린다","[서울=뉴스핌] 정승원 기자 = 인공지능(AI) 통화 비서의 후발주자인 LG유플러스 '익시오(ixi-O)가 삼성전자 갤럭시 S25 시리즈 출시와 함께 안드로이드 내놓으며 반전을 노린다.  28일 업계에 따르면 LG유플러스는 조만간 익시오 안드로이드 버전을 출시하는 방안을 검토하고 있다.   익시오 로고. [사진=LG유플러스]  앞서 LG유플러스는 지난해 11월 AI 통화 비서 익시오를 출시했다. 익시오는 LG유플러스가 자체 개발한 AI 통화 서비스로 ▲전화 대신 받기 ▲보이는 전화 ▲실시간 보이스피싱 감지 ▲통화 녹음 및 요약 기능 등을 온디바이스(On-device) 환경에서 제공한다.  특히 익시오는 아이폰에서 통화녹음을 지원한다는 점에서 관심을 받았다. 온디바이스 환경에서 통화녹음을 한 뒤 AI가 이를 요약해준다.  당초 익시오는 아이폰용으로 출시돼 아이폰 14 이후 모델에 우선 적용됐다. 이후 익시오는 출시 한 달 만에 앱스토어 다운로드 건수 20만 건을 돌파하며 흥행에 성공했다. 업데이트를 통해 적용 모델도 아이폰 12모델까지 확대됐다.  다만 먼저 서비스를 시작한 경쟁사인 SK텔레콤의 AI 비서 에이닷과 비교해서는 아직 가입자수가 적다. 에이닷은 지난 2023년 하반기 출시 이후 가입자 550만명을 넘어섰으며 600만명에 근접했다.  뒤늦게 AI 비서 시장에 진출한 LG유플러스는 출시 1주년인 오는 11월 익시오의가입자수 100만명 달성을 우선으로 한다는 계획이다.  이에 안드로이드 스마트폰의 대표 모델인 갤럭시 S25 시리즈의 출시는 익시오 사용자 증가에 도움이 될 것으로 전망된다.  삼성전자는 올해 스마트폰 생산량을 2억2940만대 수준으로 정한 것으로 알려졌다. 경기 불황등을 고려해 지난해 10월 대비 목표치가 1000만대 가량 줄었다.  하지만 갤럭시 S 시리즈가 삼성전자에서 가장 인기 있는 주력 모델인만큼 갤럭시 S25 시리즈와 함께 익시오가 출시된다면 상당한 파급력이 예상된다.  여기에 갤럭시 S25 시리즈와 함께 안드로이드 버전에대한 업데이트가 진행되면 이전 갤럭시 모델들도 익시오 사용이 가능할 것으로 예상된다.  애플도 아이폰14시리즈부터 사용됐던 것처럼삼성전자도 갤럭시 S24는 물론 갤럭시 Z 플립6, Z 폴드 6 모델에서도 익시오를 사용할 수 있을 것으로 예상된다.  여기에 LG유플러스는익시오 안드로이드 버전 출시에 이어 유료 모델 출시도 검토하고 있는 것으로 알려졌다.  당초 LG유플러스는 익시오 출시와 함께 유료모델에 대해서는 고려하지 않았다. 황현식 전 LG유플러스 사장은 지난해 11월 익시오 출시 기자간담회에서 ""유료화는 가치를 높이고 생각하는 것이 맞다""며 ""고객이 가치 있는 서비스라고 생각하면 프리미엄 버전도 고려해볼 수 있을 것""이라고 밝힌 바 있다.  하지만 LG유플러스 내부적으로 유료화 모델이 경쟁력이 있다고 판단해 음성 파일 저장 등의 기능을 유료로 이용할 수 있는 방안을 검토 중이다.  이외에 LG유플러스는 IPTV, AI홈 등 퍼스널 에이전트를 적용할 수 있는 범위를 점차 확대해나간다는 계획이다.  LG유플러스 관계자는 ""갤럭시 S25 시리즈 출시와 맞춰 익시오 안드로이드 버전을 출시할 수 있도록 준비 중""이라며 ""아직 정확한 시기는 확정되지 않았다""고 말했다.  origin@newspim.com [신년사] 홍범식 LG유플러스 사장 ""고객 감동으로 AX 기업 도약"" LGU+ '익시오', 아이폰12 이상으로 적용 단말 확대 LGU+, 알뜰폰온라인 고객센터 '알닷케어' 오픈 LGU+, 설 명절 맞이 VOD·커머스 프로모션 진행 LGU+, '고객 언어 혁신' 활동 성과...통신 용어 2만개 개선            저작권자(c) 글로벌리더의 지름길 종합뉴스통신사 뉴스핌(Newspim), 무단 전재-재배포 금지"
75,5,"2025-01-28","08:00:00","""직접 사면 반값에""...자사몰 힘주는 식품업계","[서울=뉴스핌] 전미옥 기자 = 식품업계에 자사몰 육성 바람이 불고 있다. 자사몰을 새단장하고 파격 할인을 내세우는 등 고객 모객에 적극이다. 티메프(티몬·위메프) 정산 지연 사태로 파장을 겪은 데 이어 쿠팡, 알리 등 플랫폼의 납품 마진율 압박이 거세지자 직접 판매 채널 키우기에 나선 것이다.  28일 업계에 따르면 롯데칠성음료는 이달 공식 온라인몰 '칠성몰'을 개편했다. 고객 맞춤형 추천 서비스인 'Chil for you'를 비롯해 선물하기, 신상품 체험, 브랜드관 등 새로운 기능을 추가하고 소비자 참여형 콘텐츠를 늘린 것이 특징이다. 칠성몰에서는고객 참여 이벤트와 신규 가입 쿠폰 등을 통해 최대 40% 할인 혜택을 제공하고 있다.   아워홈몰 홈페이지. [사진= 아워홈]  B2C(기업·소비자 간 거래) 비중 확대를 추진하는 단체급식업체 아워홈도 자사몰 '아워홈몰' 육성 중이다. 지난해 매출 다각화 일환으로 아워홈몰 활성화를 목표로 삼고 자사몰 카테고리 개편 및 기획전 확대 등을 추진했다.  그 결과 지난해 아워홈몰 신규 가입자 수는 전년 대비 78% 늘었다. 이는 2016년 아워홈몰 전면 개편 이후 역대 최다 가입자 유치 실적이다. 특히 지난해 고객 평균 재구매율 66%를 기록하며 충성 고객을 확보했다고 회사 측은 설명다. 현재 아워홈몰에서는 별미 김치 제품을 최대 60% 할인 판매하는 등 혜택을 제공한다.  외식 프랜차이즈업체 더본코리아도 이달 자사 온라인몰 '더본몰'을 리뉴얼 오픈 했다. 기존 별도로 운영하던 간편식몰 '빽쿡'과 전통주 커뮤니티 '백술닷컴'을 하나로 통합하고 제품 판매 기능을 강화한 '더본몰'로 통합한 것이다. 이번 통합으로 더본몰은 만능 소스류와 간편식, 라면뿐만 아니라 다양한 전통주까지 1500여 개의 제품을 판매하는 종합 식품 플랫폼의 모습을 갖추게 됐다.   더본몰 홈페이지. [사진= 더본코리아]  식품업계의 자사몰 육성은 유통 마진이 낮은 제조업의 한계를극복하기 위한 전략이다. 지난해 이른바 티메프 정산 지연 사태로 제조업체들이 타격을 입은 바 있다. 영향력이 커진 쿠팡, 알리 등 이커머스 플랫폼의 납품 마진율 압박도 거세지는 상황이다.  제조사 입장에서 자사몰을 강화하면 이커머스 플랫폼 의존도를 낮출 수 있을 뿐 아니라 제품 개발 및 기획에 활용되는 고객 데이터도 확보할 수 있다. 자사몰을 신제품의 테스트배드 또는 히트상품 제한 판매처로 활용하면서고객 집객을 강화하는 사례도 늘고 있다. 관련해 농심은 먹태깡 열풍이 불던 2023년 자사몰에서 먹태깡을 한정판매하면서 신규 고객 집객 효과를 톡톡히 봤다. 먹태깡 출시 직후 농심몰 일평균 방문자 수는 출시 직전 대비 200% 늘었고 2023년 12월 대비 지난해 11월 말 농심몰 가입자 수는 102.9% 신장했다.  온라인으로 식품을 구매하는 소비자들이 꾸준히 늘어나고 있는 만큼 식품업계의 자사몰 강화 바람은 한동안지속될 전망이다. 업계 한 관계자는 ""자사몰 운영을 통해 고객 데이터를 확보하고 충성 고객을 유치하는 성과 등을 거두고 있다""며 ""앞으로도 다양한 프로모션과 한정판 굿즈, 이벤트 등을 통해 소비자에게 차별화된 경험과 가치를 제공하기 위해 노력할 것""이라고 말했다.   romeok@newspim.com NHN커머스, 롯데칠성 '칠성몰' 리뉴얼 지원 아워홈, 발달장애인 화가 전시회 후원 롯데칠성음료, '스카치블루 클래식' 출시   '전설의 양주' 틴큐 부활할까...롯데칠성, 상표권 갱신  을사년 'K푸드' 도약 이끌까...식품가 뱀띠 CEO는 누구            저작권자(c) 글로벌리더의 지름길 종합뉴스통신사 뉴스핌(Newspim), 무단 전재-재배포 금지"
75,6,"2025-01-28","08:00:00","수사·기소 불법 주장 尹···공소기각 등 법정 다툼 예고","윤석열 대통령 측이 연일수사·기소가 불법이라고 주장하는 등 향후 치열한 법정 싸움을 예고하고 있다. 고위공직자범죄수사처 수사가 법적 절차에 따르지 않는 위법행위인 만큼 검찰의 기소도 법에 어긋난다는 게 윤 대통령 측 지적이다. 반면 검찰은 ‘공범 사건의 증거 자료 등을 종합적으로 검토했을 때윤 대통령을 기소함이 상당하다’는 입장이라 양측 사이 첨예한 법정 충돌이 예상된다. 공소의 위법성 여부를 두고 양측이 향후 법정에서 ‘진검 승부’에 나설 수 있다는 것이다.   28일 법조계에 따르면 윤 대통령 측 변호인단은 27일 낸 입장문에서 “공수처 수사가 불법이므로 검찰의 기소 또한 불법의 연장”이라고주장했다. 특히 “독이 있는 나무에는 독이 있는 열매가 맺힐 뿐”이라며 ‘독수독과’ 이론을 내세웠다. 이는 적법 절차에 따르지 않은 위법 행위를 기초로 증거가 수집된 경우 당해 증거는 물론 이를 토대로 취득한 증거도 증거 능력이 부정된다는 이론이다.   변호인단은 “대통령에 대한 수사권이 없던 검찰과 공수처는 직권남용을 지렛대로 삼아 대통령 수사를 시작했다”며 “직권남용에 대한 수사를 근거로 내란을 수사하는 전형적인 별건 수사”라고 지적했다. 이어 “내란죄를 수사할 수 있다고 주장한 직권남용죄는 어디로 사라졌는가”라며 “디딤돌이 없는 데 어찌 기둥이 서고, 기둥이 없는데 어찌 대들보가 올라가겠는가”라고 비판했다.      윤 대통령 변호인단은 검찰이기소한 당일인 26일에도 입장문을 내고 “검찰은 최고 수사 기관으로서 공수처의 위법 수사와 불법 행위를 견제할 마지막 기뢰를 내팽개쳤다”며 “공수처의 불법을 수사하기는커녕 짜여진 각본대로 기소했다”고 비판했다. 검찰이 두 차례나 구속 기간 연장을 신청한 데 대해서는 “현재까지 수사가 기소하기에 미진함을 인지했기 때문”이라며 “보완 수사가 필요하다는 검찰 특별수사본부, 이걸로 충분하다는 대검찰청, 어느 쪽이 검찰의 진짜 입장인지 궁금할 지경”이라고 꼬집었다. 특히 “이제 대한민국 자유민주주의의 마지막 보루인 사법부에서 진실을 밝힐차례로 대통령과 대통령 변호인단은 온갖 위법 수사와 불법 행위로 점철된 수사의 위법성을 치열하게 밝혀낼 것”이라고 강조했다.   한 법조계 관계자는 “윤 대통령이 헌법재판소의 탄핵심판과 내란 우두머리 혐의 재판 등 2개의 법정에 함께 서야 한다”며 “그 만큼 6개월 동안 구속 기간이 유지되는 게 아닌 윤 대통령을 석방시키는 데 변론 전략을 집중할 수 있다”고 분석했다. 형사소송법 제92조에 따르면구속 기간은 2개월로 추가 심리가 필요한 경우 3차례에 한정해 갱신할 수 있다. 헌재 탄핵심판·형사 재판 변론은 물론 외부 여론에 대한 대응을 위해 윤 대통령이 석방되는 게 유리한 만큼 공소기각, 보석 등까지 시도할 수 있다는 얘기다. 보석은 보증금을 받고 구속된 피의자를 석방하는 제도다. 피고인이나 그의 변호인, 법정대리인, 배우자 등이 청구할 수 있는 필요적 보석과 법원이 상당한 이유가 있을 때 직권 등에따라 결정하는 임의적 보석이 있다. 공소기각 판결은 법원이 제기된 공소가 적법하지 않다고 인정해 사건의 실체에 대한 심리를 하지 않고 사건을 종결시키는 것이다. 형사소송법 제327조에 따르면 △피고인에 대한 재판권이 없을 때 △공소 제기의 절차가 법률 규정을 위반해 무효일때 △공소 제기된 사건에 대해 다시 공소가 제기됐을 때 △고소가 있어야 공소를 제기할 수 있는 사건에서 고소가 취소됐을 때 법원은 공소기각을 선고해야 한다. /안현덕 법조전문기자 always@sedaily.com  통장에 ""30만원"" 있다면 무료 지원금받아 ""반드시"" 수익난다!!>>>[무료체험]  ▶20년 연속 점유율 1위 하이스탁론  [급등주 大공개] 알고리즘 데이터 실시간 분석 ""급등"" 종목과 매수 타이밍까지! >>바로 확인   [ⓒ 서울경제, 무단 전재 및 재배포 금지]"
75,7,"2025-01-28","08:00:00","[트럼프 '컴퍼니'⑫] 관세 장벽에 탄소세까지 검토···K-철강, 美 진출 기회 잡는다","지난해 중국산 저가 제품 범람 및 경기 불황으로 어두운 시기를 보낸 철강업계가 트럼프 2기 행정부의 추가 관세, 탄소세 등의새로운 위기를 맞았습니다. 하지만 가만히 있을 K-철강이 아니죠. 포스코, 현대제철 등은 미국의 보호무역주의에 대응하기 위해 직접 미국에현지 생산 거점을 구축하는 움직임을 서서히 보이고 있습니다.          ━   트럼프 행정부의 어떤 정책이 문제야?       트럼프 대통령의 예고한 관세 정책이 본격화될 경우 한국 철강 산업에 상당한 악영향을 미칠 가능성이 제기되고 있습니다. 우선 10∼20%의 보편 관세 도입이 유력하게 검토되고 있습니다. 탄소 배출량이 높은 제품에 대한 관세 부과하는 ‘탄소세’ 도입 역시 논의되고 있는데, 철강업은 제품 생산 과정에서 많은 탄소를 배출하는 대표적인 산업입니다. 탄소세 도입은 중국을 겨냥했다는 해석이 나오고 있지만 실제 시행될 경우 국내 철강 산업 역시 간접적 영향을 받을 수 밖에 없습니다. 나아가 지난 트럼프 1기 당시 한국 철강 제품에 적용한 미국 수출 쿼터(수입 수량 할당)가 줄어들 가능성도 언급되고 있습니다.       ━   SWOT 분석: ①K-철강의 강점은 뭐야?          국내 철강업계는 생산 규모는다른 주요 국가들보다 적어도 기술력에 있어서는 앞선다는 평가를 받고 있습니다. 특히 미래 철강업계의 키가 될 ‘탄소중립’에 있어서 상당한 기술력을 갖추고 있습니다.   세계 철강기업 경쟁력 1위로 뽑힌 포스코가 대표적입니다. 회사는 수소환원제철 기술 등 친환경 철강 기술 개발에 적극 나서고 있습니다. 수소환원제철은 화석연료 대신 수소를 사용하여 철을 생산하는 기술로 탄소배출을 혁신적으로 줄일 수 있습니다. 포스코는 현재 수소환원제철의 이전 단계에 해당하는 파이넥스(FINEX)설비와 기술을 세계에서 유일하게 보유하고 있는데, 이 기술을 기반으로 하이렉스(HyREX) 수소환원제철 기술도 곧 상용화될 예정입니다.   장인화 포스코그룹 회장은 최근 “올해 수소환원제철이 국가전략기술로 지정되는 등 정부 지원과 함께 탄소 중립 도전도 멈추지 않았다”며 “우리의 연구·개발(R&D) 역량을 집중해 수소환원 제철 등 기술 경쟁력을 확보해야 한다”고 강조하기도 했습니다.       ━   SWOT 분석: ②K-철강의 약점은 뭐야?          국내 철강사들의 실적이 최근크게 부진하는 등 불황으로 미래 투자가 위축될 수 있다는 점입니다. 최근 철강업계의 실적이 악화된 배경은 건설경기 침체에 따른 시장 수요 둔화와 중국산 저가 철강 유입 등으로 국산의 가격 경쟁력이 약화되고 있기 떄문입니다. 지난해 중국의 철강 수출량은 1억 390만 톤으로 9년 만에 최대치를 기록했습니다. 한국으로만 중국산 철강재가 877만 톤이 유입됐는데, 이는 최근 7년 간 최대치였습니다. 열연강판, 후판 등 중국산 철강 제품은 국산 대비 최대 20% 가까이 저렴한 것으로 평가받고 있습니다.   주요 철강사들이 ‘노조 리스크’를 겪고 있는 점도 약점입니다. 포스코는 올해 파업 위기를 가까스로 넘기며 임금 및 단체협상(임단협)을 겨우 체결고 현대제철은 노사 간 임단협이 해를 넘기며 장기화되고며 최근 파업까지 이어졌습니다.       ━   SWOT 분석: ③K-철강의 기회는 뭐야?          미국의 통상정책 변화가 오히려 국내 철강사들의 공급망 재편 움직임으로 이어질 수 있다는 분석이 나오고 있습니다. 글로벌 보호무역주의에 대응해 미국에 직접 해외 생산거점을 만드는 방법 등이 대표적입니다. 선제적으로 전망 높은 해외 시장을 선점해 미래 경쟁력을 높일 수 있다는 기대감도 커지고 있습니다.   현대제철은 미국에 대형 제철소를 짓는 방안을 검토 중입니다. 이를 통해 철강 관세 부과 등 불확실성을 해소하려는 전략입니다. 약 10조원에 달하는 투자 규모가 예상됩니다. 현대차그룹 계열사들과 합작법인을 설립하거나 계열사 지분을 활용할 가능성이 제기되고 있습니다.   포스코도 미국 현지 생산 기반 구축을 검토 중입니다. 포스코는 인도와 북미 지역 투자 확대 계획을 발표한 바 있습니다. 회사는 인도 1위 철강사 JSW그룹과 협력해 인도에 일관제철소를 건설하는 프로젝트를 추진하고 있습기도 합니다. 이번 합작 투자 경험을 바탕으로 리스크 분산과 재무 건전성을 고려한 미국에서 합작법인 설립 가능성이 높게 점쳐지는 이유입니다.   세아제강은 이미 2016년 미국 휴스턴 공장을 인수해 생산 거점으로 활용하고 있습니다. 국내 철강사 중 유일하게 미국 현지 강관 공장을운영하고 있으며 연간 생산량은 약 25만 톤에 달합니다. 향후 트럼프 행정부가 시행할 추가 관세 부과의 영향권에서 유리한 고지에 있다는 평가를 받고 있습니다.       ━   SWOT 분석: ④K-철강의 위협은 뭐야?          최근 새롭게 철강업계를 위협하고 있는 건 고환율입니다. 원·달러 환율이 치솟으면서 원가 부담이 감당할 수 없을 정도로 커졌기 때문입니다. 국내 철강사들은 제품 생산에 필요한 철광석과 원료탄을 주로 호주와 브라질 등에서 수입하는데 이때 결제대금은 대부분 미국 달러로 거래됩니다. 경기 침체에 대한 우려속에 국제 원자재 가격은 보합세를 유지하고 있지만 환율이 뛰면서 철강사들이 실제 부담해야 하는 원가는 크게 늘어났습니다. 국내 열연코일 제조원가는 11월만 해도 톤당 70만 원 안팎이었으나 올해 초에는 약 73만 원 수준까지 뛴 것으로 알려졌습니다.   미국의 관세로 수출 시장이 수축될 수 있다는 우려도 큰 고민입니다. 앞서 언급한 것처럼 트럼프 행정부 2기에서는 수입 쿼터가 더 감소돼 당장은 수출 물량이 줄어들 가능성이 높은 상황입니다. 2018년 미 정부는 한국산 철강재 263만 톤에 대해 25%의 관세를 면제하는 대신 넘어가는 물량은 수출할 수 없는 수입쿼터제를 도입한 바 있습니다.   여기에 국내 철강에 대해 관세가 실제로 부과되거나 미국의 탄소세 도입 역시 현실화될 경우 국내 철강 제품의 가격 경쟁력 역시 크게 약화될 가능성이 큰 상황입니다.       ━   그래서 K-철강 올해 실적 전망은 어때?       다행히 올해 철강업계는 지난해보단 개선된 실적을 보일 전망입니다. 포스코홀딩스는 올해 75조 1219억 원의 매출과 3조 2000억 원의 영업이익을 기록할 전망입니다. 이는 지난해 영업이익(2조 6700억 원) 대비 크게 개선된 수치입니다. 현대제철도 지난해 실적이 크게 쪼그라든 3100억 원을 기록했지만 올해는 6000억 원 정도의 이익을 기록할 것으로 보입니다.  /김경택 기자 taek@sedaily.com  통장에 ""30만원"" 있다면 무료 지원금받아 ""반드시"" 수익난다!!>>>[무료체험]  ▶20년 연속 점유율 1위 하이스탁론  [급등주 大공개] 알고리즘 데이터 실시간 분석 ""급등"" 종목과 매수 타이밍까지! >>바로 확인   [ⓒ 서울경제, 무단 전재 및 재배포 금지]"
76,1,"2025-01-28","07:55:19","독일계 미국인 은행, 12월 31일로 마감된 분기 실적 보고 - 수익 요약","German American Bancorp Inc reports results for the quarter ended December 31 - Earnings Summary  독일계 미국인 뱅코프는 12월 31일 마감된 분기 조정 주당 순이익이 78센트로 73센트의 주당 순이익을 기록한 작년 같은 분기보다 높았다고 발표했습니다. 해당 분기 애널리스트 6명의 평균 예상치는 주당 70센트의 수익이었습니다. 월스트리트에서는 주당 68센트에서 72센트 사이의 실적을 예상했습니다.   매출은 1년 전보다 6.4% 증가한 6,515만 달러로, 애널리스트들은 6,402만 달러를 예상했습니다.   독일계 미국인 은행의 분기 주당 순이익이 78센트였다고요?   분기 순이익은 2,321만 달러였습니다.   이번 분기 독일계 미국인 은행의 주가는 2.5% 하락했습니다.   변경 사항 예측  애널리스트들의 평균 수익 추정치는 지난 3개월 동안 약 6.3% 상승했나요?   지난 30일 동안 이 회사를담당하는 애널리스트의 수익 추정치 수정은 없었습니다.   권장 사항  현재 해당 주식에 대한 애널리스트의 평균 평점은 ""매수""이며, 추천 내역은 ""강력 매수"" 또는 ""매수"" 3개, ""보유"" 3개, ""매도"" 또는 ""강력 매도""는 없습니다.   은행 피어 그룹에대한 평균 컨센서스 추천도 ""매수""입니다.   독일계 미국인 은행에 대한 월가의 12개월 평균 목표 주가는 48.50달러입니다.  이 요약은 1월 27일 오후 10시 55분(UTC)의 LSEG 데이터에서 기계적으로 생성된 것입니다. 별도의 언급이 없는 한 모든 수치는 미국 달러 기준입니다. (이 보고서의 데이터에 관한 질문은 Estimates.Support@lseg.com로 문의하시기 바랍니다. 기타 질문이나 피드백은 RefinitivNewsSupport@thomsonreuters.com로 문의하시기 바랍니다.    분기 결산  견적  실제  이겼다, 만났다, 놓쳤다   2024년12월 31일  0.70  0.78  Beat   2024년 9월 30일  0.70  0.71  Beat   6월 30일 2024  0.62  0.68  Beat   2024년 3월 31일  0.64  0.64  충족      (c) Copyright Thomson Reuters 2020. Click For Restrictions - https://agency.reuters.com/en/copyright.html        Keywords: GERMAN AMERCN-RESULTS/SUMMARY   원문 바로가기    DISCLAIMER  레피니티브의 사전, 서면 승인 없는 톰슨로이터 콘텐츠의 재생산이나 재배포는 금지되어 있습니다. 이 기사의 한국어 번역은 에프앤가이드가 사용하는 기계적 번역에 의한 것으로 톰슨로이터와 레피니티브는 번역의 정확성을 보증하지 않습니다."
76,2,"2025-01-28","07:54:44","관리, 미국은 파나마에서 중국의 영향력을 해결할 수있는 옵션이 있다고 말했습니다.","Official says US has options to address Chinese influence in Panama  워싱턴, 1월 27일 (로이터) - 연방해사위원회 수장이 미국 상원 위원회에서 미국이 파나마에서 증가하는 중국과 중국 기업의 존재에 대처할 수 있는 옵션이 있다고 말했습니다.  ""파나마와 미주 전역에서 사업을 하려는 미국 기업에 대한 지원을 늘려야 합니다. 중국 기업이 계약의 단독 입찰자가 되어서는 안 됩니다.""라고 연방해사위원회 위원장인 루이스 E. 솔라가 화요일 파나마 운하에 관한 상원 상무위원회 청문회에서 서면 증언을 통해 말했습니다. 도널드 트럼프 대통령은 미국이 파나마 운하를 되찾을 것이라고 공언했습니다.     (Reporting by David Shepardson; Editing by Leslie Adler)  David.Shepardson@thomsonreuters.com ; 2028988324; ))     (c) Copyright Thomson Reuters 2020. Click For Restrictions - https://agency.reuters.com/en/copyright.html        Keywords: USA-PANAMA/ (URGENT)   원문 바로가기    DISCLAIMER  레피니티브의 사전, 서면 승인 없는 톰슨로이터 콘텐츠의 재생산이나 재배포는 금지되어 있습니다. 이 기사의 한국어 번역은 에프앤가이드가 사용하는 기계적 번역에 의한 것으로 톰슨로이터와 레피니티브는 번역의 정확성을 보증하지 않습니다."
76,3,"2025-01-28","07:54:36","메인스트리트뱅크(MNSB) 주당순이익 적자확대","메인스트리트뱅크(MNSB) 주당순이익 적자확대  1월27일, 메인스트리트뱅크(MNSB, NasdaqCM)는 2024년 12월기준으로 실적을 발표함.  1) 메인스트리트뱅크 주요실적   - 매출액 : 1685.0만달러(+3.83%)   - 주당순이익(EPS) : -0.12$(적자확대)  (*증감률은 직전분기대비 기준임)  2) 메인스트리트뱅크 재무비율과 투자지표   - EPS(주당순이익) : -0.12$   - 예상PER(주가수익비율) : 17.15배   - PBR(주가순자산비율) : 0.67배   * 이용상의 주의 사항  금융시장의 변동에 따라 실적 발표 일정과 공시는 지속적으로 변동됩니다. 본 서비스는 미국 실적 공시를 실시간 데이터화 하여 제공함에 있어 공시의 오류, 데이터 수집 프로세스상의 에러 및 지연 등 다양한 서비스상의 오류와 지연이 있을 수 있습니다. 본 서비스를 이용함에 있어 그 이용에 따르는 책임은 이용자 본인에게 있으며, 어떠한 거래 손실이나 다른 손실에 대해서도 책임지지 않습니다."
76,4,"2025-01-28","07:54:27","""비싼 칩 왜 써?""…엔비디아, 中 AI 딥시크 충격에 846조원 증발(종합)","""비싼 칩 왜 써?""…엔비디아, 中 AI 딥시크 충격에 846조원 증발(종합) 시총 3조 달러 아래로 떨어져…순위도 1위서 단번에 3위로 추락 ""딥시크, 저렴한 GPU로 AI시스템 설계…엔비디아, 매출 급감할수도"" 엔비디아 ""수출 통제 준수 새 모델 생성 제시…더 많은 칩 필요할 것""       (샌프란시스코=연합뉴스) 김태종 특파원 = 세계에서 가장 비싼 기업이었던 인공지능(AI) 선두 주자 엔비디아가 중국의 AI 스타트업 딥시크(DeepSeek) 등장에 직격탄을 맞았다.      27일(현지시간) 뉴욕 증시에서 '딥시크 충격'으로 반도체 관련주가 일제히 급락하는 가운데 엔비디아 주가가 가장 큰 폭으로 하락했다.    이날 엔비디아 주가는 118.42달러(17만228원)에 마감했다. 전 거래일보다 무려 16.97% 폭락했다. 코로나19 초기였던 2020년 3월 이후 최대 낙폭이다.      브로드컴 주가도 약 17.4% 폭락했지만, 엔비디아 주가의 낙폭은 AMD(-6.37%), 퀄컴(-0.54%), ASML(-5.75%) 등 다른 반도체주보다 컸다.    시가총액도 2조9천억 달러를 기록하며 3조 달러 아래로 떨어졌다. 지난 24일보다 5천890억 달러(846조6천875억원)가 증발했다.      이날 시총 감소분은 뉴욕 증시에서 역대 단일 기업으로는 최대로, 지난해 9월 3일 엔비디아의 시총 감소분 2천790억 달러의 두 배에 달한다.       시총 순위도 1위에서 단번에 3위로 주저앉으며, 4위 아마존(2조4천750억 달러)에 쫓기는 처지가 됐다.      딥시크의 등장에 엔비디아가가 더 큰 충격을 받는 것은 AI 모델 개발에 필수적인 것으로 여겨졌던 엔비디아의 최첨단 AI 칩이 필요하지않을 수 있다는 전망 때문으로 분석된다.      엔비디아는 지난 2년간 A100과 H100 등 자체 개발한 최신 그래픽처리장치(GPU)를 통해 전 세계 AI 열풍을 주도해 왔다.      작년 4분기부터는 블랙웰이라는 새로운 AI 칩을 내놓으면서 빅테크를 비롯해 AI 개발업체에 공급해 오고 있다.      H100의 경우 칩 한 개 가격이 3만 달러 안팎에 이르는 알려져 있으며, AI 모델을 구동하기 위해서는 이런 칩이 수십만 개가 필요한 상황이다.      AI 개발 기업들은 AI 기술 주도권을 잡기 위해 비싼 돈을 주고서라도 엔비디아의 칩을 구매하기 위해 줄을 서고 있다.       이에 엔비디아는 막대한 매출을 올렸고 지난해 영업이익률은 60%를 넘었다. 지난해 9∼11월 분기 매출은 1년 전보다 94%, 순이익은 106% 급증했다.      그러나 딥시크가 개발한 AI 모델 'V3'에 투입된 비용은 557만6천달러(약 78억8천만원)에 달하는 것으로 알려졌다.      이는 AI 개발 비용에 수백억 원에서, 많게는수십조원을 쏟아붓는 빅테크에 비해 크게 낮은 수준이다.      언어 모델 라마를 개발하는 페이스북 모회사 메타플랫폼은 올해 데이터 센터 등 AI 인프라 구축에 최대 650억 달러(93조원)를 투자할 계획이라고 밝힌 바 있다.      딥시크 모델 훈련에는 엔비디아의 H800 칩이 사용됐지만, 이는 미 정부의 수출 규제를 피하기 위한 중국 수출용으로, 성능을 낮춘 것이다.      'V3' 등 딥시크가 내놓은 AI 모델이 엔비디아의 최신 칩보다 성능이 떨어지고 저렴한 칩을 사용했는데도 빅테크의 최신 모델과 비슷하거나 오히려 능가하는 성능을 내고 있는 것이다.      딥시크의 '저렴한' AI 모델 개발 방식이 확산한다면 엔비디아가 그동안 비싼 최신 AI 칩을 앞세워 올렸던 막대한 매출과 순이익은 크게줄어들 수 있다.      글로벌 투자 연구기관 야르데니 리서치의 에드 야르데니는 ""미국 대형 기술 기업들이 딥시크로부터 더 저렴한 GPU로 AI 시스템을 설계하는 방법을 배울 수 있다면, 이는 엔비디아에는 그다지 반가운 일이 아닐 수 있다""고 진단했다.      로이터 통신에 따르면 엔비디아는 이날 딥시크의 발전이 중국 시장에서 자사의 칩이 얼마나 유용한지 보여주는 것으로, 앞으로 이를 충족시키기 위해 더 많은 칩이 필요할 것이라고 밝혔다.      엔비디아는 이날 딥시크가 적은 수의 엔비디아 칩으로 오픈AI와 같은 동등한 수준에 도달했다는 투자자들의 우려에 대해 성명을 통해 ""딥시크의 작업은 새로운 모델이 어떻게 생성될 수 있는지를 보여준다""고 말했다.      이어 ""이는 널리 사용 가능한 모델과 완전한 수출 통제 준수를 충족하는 컴퓨팅 자원을 활용하는 기술을 기반으로 한다""며 ""추론에는 상당수의 엔비디아 GPU와 고성능 네트워킹이 필요하다""고 전했다.       taejong75@yna.co.kr  (끝)     <저작권자(c) 연합뉴스, 무단 전재-재배포, AI 학습 및 활용 금지>"
76,5,"2025-01-28","07:53:53","“후배가 감히 선배를”…‘직장 내 괴롭힘’ 피해유서 나온 고 오요안나 ‘충격’","MBC 기상캐스터 고 오요안나의 유서가 발견된 가운데, 직장 내 괴롭힘을 당했다는 주장이 나왔다. 지난 27일 매일신문은 비밀번호가 풀린 고 오요안나의 휴대전화에 원고지 17장 분량의 유서가 발견됐다고 보도했다. 해당 유서에는 고인이 특정 동료 2명에게 받은 직장 내 괴롭힘 피해를 호소하는 내용이 담겨있다고 전했다. 매일신문에 따르면 먼저 입사한 한 동료가 오보를 내고 고 오요안나에게 뒤집어 씌우는 일이 있었고 고인을 가르쳐야 한다는 이유로 퇴근 시간이 지난 뒤 회사로 호출하거나 1~1시간30분 이상 퇴근을 막기도 했다. 또 다른 선 입사자는 고인이 틀린기상정보를 정정 요청하면서 ‘후배가 감히 선배에게 지적한다’는 취지의 비난을 한 것으로 알려졌다. 지난 2022년 tvN ‘유퀴즈 온 더블럭’ 측의 고 오요안나 섭외 당시에는 ‘나가서 무슨 말을 할 수 있냐’고 했으며, 실력 등을 이유로 비난하는 등 오랜 시간 오요안나를 비난해 온 것으로 알려졌다. 앞서 오요안나는 지난해 9월 세상을 떠났다. 향년 28세. 2017년 JYP엔터테인먼트 13기 공채 오디션에 참가한 아이돌 연습생 출신인 고 오요안나는 2019년 5월에는 춘향 선발대회에서 ‘숙’으로 뽑혔다. 같은해 11월 SBS 슈퍼모델 선발대회에 참가해 본선에 진출했으며 이후 2021년 5월 MBC 기상캐스터 공채에 합격해 ‘MBC 뉴스투데이’, ‘주말 MBC 뉴스’, ‘12 MBC 뉴스’ ‘930 MBC 뉴스’ 등에 출연한 바 있다.    [ⓒ 매일경제 & mk.co.kr, 무단 전재, 재배포 및 AI학습 이용 금지]"
76,6,"2025-01-28","07:53:32","상주 고속도로서 눈길 미끄러짐 사고 잇따라 발생…차량 28대 추돌·15명 경상","[헤럴드경제(안동)=김병진 기자]설 연휴 대설특보가 내려진 가운데 고속도로를 달리던 차량이 눈길에 미끄러지면서 다중 추돌 사고가 잇따라발생했다.   28일 경북소방본부와 경찰 등에 따르면 전날 오전 11시 6분께 경북 상주시 화남면 당진영덕고속도로 청주 방향 48km 지점에서 승용차와 화물차 등 차량 9대가 잇따라 추돌하는 사고가 발생했다.   이후 약 1km 떨어진 지점에서 뒤따르던 차량 17대가 잇따라 추돌하는 2차 사고가 발생했다. 경찰은 1·2차 사고로 발생한 피해 차량은 총 28 대인 것으로 파악했다.   1차 사고와 2차 사고에서 각각 3명, 12명이 경상을 입고 병원으로 옮겨졌다.   경찰과 소방당국은 눈길에 차량이 미끄러지면서 사고가 난 것으로 보고 정확한 피해 규모와 사고 경위를 조사 중이다."
76,7,"2025-01-28","07:53:29","78억원으로 챗GPT 눌렀다? 中 AI 쇼크에 한국 메모리도 '들썩' [biz-플러스]","'트럼프에게 날리는 시진핑의 묵직한한방'   중국 AI 스타트업인 딥시크(Deep Seek)가 문자 그대로 하룻밤 만에 전세계를 발칵 뒤집어놨습니다. 이 회사가 만들어낸 추론 AI 모델 '딥시크 R1' 때문인데요. 현재 공개된 성능비교 모델에 따르면 현재 AI의 왕자라고 할 수 있는 미국 오픈AI의 최신모델인 o1과 성능이 거의 유사한 것으로 나타났습니다.   더욱 충격적인 것은 이 정도 성능을 뽑아내는 데 들어간 비용입니다. 딥시크는 이번에 R1을 공개하면서 발표한 보고서에서 훈련에 들어간비용이 약 558만 달러(약 78억원)였다고 밝혔습니다. 더욱 인상적인 대목은 따로 있는데요. 딥시크는 미국의 대중 제재 때문에 엔비디아의 최첨단 AI가속기인 H100 대신 성능을 다운그레이드 시킨 H800을 훈련에 사용했다는 점입니다. 상당수 전문가들은 딥시크가 사용한 훈련 비용이미국 빅테크의 10분의 1에도 미치지 못했을 것으로 보고 있습니다.   자동차에 비유하면 휘발유 1리터로 10km를 주행하는 게 상식인 시장에 느닷없이 1리터로 100km로 달리는 자동차가 뚝딱 출시된 셈입니다.   더욱 충격적인 것은 딥시크가 이 모델을 오픈소스로 풀었다는 점입니다. 미 오픈AI가 사실상 폐쇄된 생태계를 유지하고 있는 것과 정반대행보인 셈입니다. 외연을 넓혀야하는 챌린저 입장에서 당연한 선택이기도 하지만 동시에 매달 수백달러의 요금료를 받아 막대한 투자비를 충당해 온 오픈AI 입장에서도 진정한 게임이 시작된 셈입니다.   사실 대한민국 기업이나 투자자 입장에서 중요한 대목은 바로 여기서부터 시작됩니다. 그동안 더 강력한 AI 칩을 더 많이 확보하는 영토전쟁과 같았던 AI 게임의 룰이 이제부터 완전히 달라질 가능성이 커졌기 때문입니다.   우선, 엔비디아가 생산하는 개 당 수만 달러짜리 AI칩에 대한 의존도가 확실히 약해질 것으로 보입니다. 딥시크 모델의 특징은 학습과 추론 알고리즘을 극도로 효율화해 추론비용과 메모리 사용량을 극도로 줄였다는 점입니다. 그동안 엔비디아가 배짱 장사를 할 수 있었던 배경에는 '하이엔드칩'을 독점하고 있다는 자신감이 있었는데 이제는 초고성능, 초고가 칩이 더 이상 필요해지지 않을지도 모릅니다.      국내 메모리 업계로 눈을 돌려볼까요. 지금까지 HBM과 같은 AI메모리 구도는 기술력의 SK하이닉스, 생산능력의 삼성전자로 압축되는데요. H800과 같은 저성능 칩에는 메모리도 과거세대 HBM인 HBM3가 탑재됩니다. 삼성이 HBM3E 12단과 같은 최선단 제품에서는 고전하고 있지만 HBM3는 엔비디아 퀄을 이미 통과해 납품을 시작하고 있다는 점을 감안하면 충분한 경쟁력을 갖춘 셈입니다. AMD나 인텔과 같은 다소 성능이 떨어지지만 저렴한 AI칩에 구세대 HBM을 달아도 괜찮은 성능을 낼 수 있다는 점만 입증된다면 하이엔드칩 병목현상이 일거에 해결될지도 모릅니다. 실제 27일(현지시간) 미국의 프리마켓은 엔비디아가 12% 가까이 폭락하는 등 쇼크가 발생하기도 했습니다.   이 뿐만이 아닙니다. 미국과 중국의 AI 패권전쟁도 판도가 달라질 수 있습니다. 오죽하면 미국 현지에서는 제2의 스푸트니크 쇼크라는 이야기가 나올 정도입니다. 소련이 미국보다 먼저 인공위성을 우주로 쏘아 올렸을 때 정도의 충격을 현지 업계가 느끼고 있다는 얘기입니다.   상상을 해본다면 ①AI 패권을 장악한 뒤 '메이크 인 아메리카' 전략을 밀고가려던 미국의 작전이 붕괴하거나 ②중국에는 반도체와 관련된것은 실리콘 1g조차 반입할 수 없을 정도로 강력한 금수조치가 나올지도 모릅니다.   물론 이같은 우려를 시기상조로 여기는 시각도 있습니다. 반도체업계의 한 고위 관계자는 ""H800으로 이런 성과를 거둔 딥시크가 만약 엔비디아의 블랙웰이나 루빈을 들고 있었다면 어떤 성과를 냈겠느냐""며 ""AI와 고성능 칩에 대한 수요는 지속적으로 늘어날 수밖에 없다""고 지적했습니다. 여기에 딥시크가 공개적으로 밝히지는 않았지만(미국 제재 때문에 밝힐 수도 없지만) 엔비디아 H100을 5만 개 이상 보유하고 있다는주장까지 나오고 있어 정확한 진실은 조금 더 지켜봐야 한다는 목소리도 나옵니다.  /서일범 기자 squiz@sedaily.com /서일범 기자squiz@sedaily.com  통장에 ""30만원"" 있다면 무료 지원금받아 ""반드시"" 수익난다!!>>>[무료체험]  ▶20년 연속 점유율 1위 하이스탁론  [급등주 大공개] 알고리즘 데이터실시간 분석 ""급등"" 종목과 매수 타이밍까지! >>바로 확인   [ⓒ 서울경제, 무단 전재 및 재배포 금지]"
77,1,"2025-01-28","07:43:48","12월 31일로 마감된 분기 실적 보고 - 수익 요약","Nucor Corp reports results for the quarter ended December 31 - Earnings Summary  Nucor Corp는 12월 31일 마감된 분기의 분기 조정 주당 순이익이 1.22달러로, 3.16달러의 주당 순이익을 기록했던 작년 같은 분기보다 낮았습니다. 해당 분기 애널리스트 12명의 평균 예상치는 주당 65센트의 수익이었습니다. 월스트리트에서는 주당 60센트에서 77센트 사이의 실적을 예상했습니다.   매출은 1년 전보다 8.2% 감소한 70억 8,000만 달러로, 애널리스트들은 67억 6,000만 달러를 예상했습니다.   Nucor Corp의 분기 주당 순이익은 1.22달러였나요?   이 회사는 분기 순이익이 2억 8,700만 달러라고 보고했습니다.   이번 분기 Nucor Corp의 주가는 4.7% 상승했습니다.   변경 사항 예측  애널리스트들의 평균 수익 추정치는 지난 3개월 동안 약 30.5% 하락했나요?   지난 30일 동안 5명의 애널리스트가 수익 추정치를 부정적으로 수정했습니다.   권장 사항  현재 이 주식에 대한 애널리스트의 평균 평점은 ""매수""이며, 추천 내역은 ""강력 매수"" 또는 ""매수"" 8개, ""보유"" 7개, ""매도"" 또는 ""강력 매도"" 1개입니다.   철강 및 철강 피어 그룹에 대한 평균 컨센서스 추천도 ""매수""입니다.   월스트리트의 Nucor Corp에 대한 12개월 목표가 중앙값은 160.00달러입니다.  이 요약은1월 27일 오후 10시 43분(UTC)의 LSEG 데이터에서 기계가 생성한 것입니다. 별도의 언급이 없는 한 모든 수치는 미국 달러 기준입니다. (이보고서의 데이터에 관한 질문은 Estimates.Support@lseg.com로 문의하시기 바랍니다. 기타 질문이나 피드백이 있으시면 RefinitivNewsSupport@thomsonreuters.com로 문의하시기 바랍니다.    분기 결산  견적  실제  이겼다, 만났다, 놓쳤다   2024년 12월31일  0.65  1.22  Beat   2024년 9월 30일  1.47  1.49  Beat   6월 30일 2024  2.35  2.68  Beat   2024년 3월 31일  3.66  3.46  누락됨      (c) Copyright Thomson Reuters 2020. Click For Restrictions - https://agency.reuters.com/en/copyright.html        Keywords: NUCOR-RESULTS/SUMMARY   원문 바로가기    DISCLAIMER  레피니티브의 사전, 서면 승인 없는 톰슨로이터 콘텐츠의 재생산이나 재배포는 금지되어 있습니다. 이 기사의 한국어 번역은 에프앤가이드가 사용하는 기계적 번역에 의한 것으로 톰슨로이터와 레피니티브는 번역의 정확성을 보증하지 않습니다."
77,2,"2025-01-28","07:43:13","브라운앤브라운, 12월 31일 마감 분기 실적 발표 - 수익 요약","Brown & Brown Inc reports results for the quarter ended December 31 - Earnings Summary  브라운앤브라운은 12월 31일 마감된 분기의 분기 조정 주당 순이익이 86센트로 58센트의 주당 순이익을 기록했던 작년 같은 분기보다 높았다고 발표했습니다. 해당 분기 애널리스트 15명의 평균 예상치는 주당 77센트의 수익이었습니다. 월스트리트에서는 주당 73센트에서 80센트 사이의 실적을 예상했습니다.   매출은 1년 전보다 15.4% 증가한 11억 8,000만 달러로, 애널리스트들은 11억 2,000만 달러를 예상했습니다.   브라운앤브라운의 분기 주당 순이익이 73센트였다고요?   이 회사는분기 순이익이 2억 1,000만 달러라고 보고했습니다.   브라운앤브라운의 주가는 이번 분기 3.9% 상승했습니다.   변경 사항 예측  애널리스트들의 평균 수익 추정치는 지난 3개월 동안 약 1.1% 상승했나요?   지난 30일 동안 5명의 애널리스트가 수익 추정치를 부정적으로 수정했습니다.   권장 사항  현재 이 주식에 대한 애널리스트의평균 평점은 ""매수""이며, 추천 내역은 ""강력 매수"" 또는 ""매수"" 9개, ""보유"" 7개, ""매도"" 또는 ""강력 매도"" 1개입니다.   멀티라인 보험 및 브로커 피어 그룹의 평균 컨센서스 추천도 ""매수""입니다.   브라운앤브라운의 12개월 목표주가의 월스트리트 평균은 117.00달러입니다.  이 요약은 1월 27일 오후 10시 42분(UTC)의 LSEG 데이터에서 기계적으로 생성된 것입니다. 별도의 언급이 없는 한 모든 수치는 미국 달러 기준입니다. (이 보고서의 데이터에 관한 질문은 Estimates.Support@lseg.com로 문의하시기 바랍니다. 기타 질문이나 피드백이 있으시면 RefinitivNewsSupport@thomsonreuters.com로 문의하시기 바랍니다.    분기 결산  견적  실제  이겼다, 만났다, 놓쳤다   2024년 12월 31일  0.77  0.86  Beat   2024년 9월 30일  0.88  0.91  Beat   6월 30일 2024  0.88  0.93  Beat   2024년 3월 31일  1.05  1.14  Beat      (c) Copyright Thomson Reuters 2020. Click For Restrictions - https://agency.reuters.com/en/copyright.html        Keywords: BROWN & BROWN-RESULTS/SUMMARY   원문 바로가기    DISCLAIMER  레피니티브의 사전, 서면 승인 없는 톰슨로이터 콘텐츠의 재생산이나 재배포는 금지되어 있습니다. 이기사의 한국어 번역은 에프앤가이드가 사용하는 기계적 번역에 의한 것으로 톰슨로이터와 레피니티브는 번역의 정확성을 보증하지 않습니다."
77,3,"2025-01-28","07:43:06","헤인즈브랜즈(HBI), 협력 계약 수정","헤인즈브랜즈(HBI, Hanesbrands Inc. )는 협력 계약을 수정했다.  27일 미국 증권거래위원회에 따르면 2025년 1월24일, 헤인즈브랜즈는 바링턴 컴퍼니즈 에쿼티 파트너스, L.P., 바링턴 캐피탈 그룹, L.P., 바링턴 컴퍼니즈 매니지먼트, LLC(이하 “자문사”) 및 제임스 A. 미타로돈다와 협력 계약의 수정안에 서명했다.  이 수정안은 2025년 1월 16일부터 효력을 발생하며, 협력 기간을 2025년 11월 30일까지 연장한다.  협력 계약에 따라 자문사는 회사의 비즈니스, 운영, 전략 및 재무 문제, 기업 거버넌스 및 이사회 구성에 대한 자문 서비스를 제공하기로 합의했다.  자문사는 2025년 3월 31일 이후에 자문 서비스를 종료할 수 있으며, 이 경우 협력 계약도 종료된다.  이 수정안의 요약은 완전성을 주장하지 않으며, 수정안의 전체 내용은 첨부된 문서에서 확인할 수 있다.또한, 협력 계약의 제3조(h)와 제7조(i) 및 제12조가 수정되었다.  제3조(h)는 자문사가 2025년 3월 31일 이후에 자문 계약을 종료할 수 있는 조건을명시하고 있으며, 제7조(i)는 협력 기간을 2025년 11월 30일까지로 정의하고 있다.  제12조는 계약 종료 조건을 명시하고 있으며, 계약 종료 후에도 특정 조항은 유효하게 유지된다.  헤인즈브랜즈는 바링턴과의 협력 계약을 통해 이사회 구성 및 기타 사항에 대한 협의를 지속적으로 진행할 예정이다.  이 계약은 2023년 11월 16일에 체결되었으며, 2024년 10월 11일에 수정되었다.  헤인즈브랜즈의현재 재무상태는 협력 계약을 통해 자문사와의 관계를 강화하고 있으며, 향후 전략적 결정에 긍정적인 영향을 미칠 것으로 예상된다.  ※ 본 컨텐츠는 AI API를 이용하여 요약한 내용으로 수치나 문맥상 요약이 컨텐츠 원문과 다를 수 있습니다. 해당 컨텐츠는 투자 참고용이며투자를 할때는 컨텐츠 원문을 필히 필독하시기 바랍니다. 원문URL(http://www.sec.gov/Archives/edgar/data/1359841/000119312525013474/0001193125-25-013474-index.htm)  데이터투자 공시팀 pr@datatooza.com  이 기사는 투자 참고용으로 이를 근거로 한 투자 손실에 대해 책임을 지지 않습니다. 해당 기사는 이데일리와 무관합니다. 기사는 데이터투자(www.datatooza.com)가 제공한 것으로 저작권은 데이터투자에 있습니다. 기사 내용 관련 문의는 데이터투자로 문의하시기 바랍니다.    ＜ⓒ종합 경제정보 미디어 이데일리 - 무단전재 & 재배포 금지＞    "
77,4,"2025-01-28","07:43:02","노포크서던(NSC), 로리 J. 라이어커크 이사 선임","노포크서던(NSC, NORFOLK SOUTHERN CORP )은 로리 J. 라이어커크가 이사로 선임됐다.  27일 미국 증권거래위원회에 따르면 2025년 1월 27일, 노포크서던의 이사회는 로리 J. 라이어커크를 이사로 선임했다.  라이어커크는 셀라니스의 전 회장, 최고경영자, 사장으로서의 경력을 보유하고 있으며, 에너지, 제조 및 화학 산업에서 30년 이상의 글로벌 리더십 경험을 가지고 있다.이번 선임으로이사회는 14명의 구성원으로 확대됐다.  노포크서던의 최고경영자 마크 조지는 “로리의 광범위한 글로벌 운영 경험과 복잡한 공급망시스템 관리 능력은 우리 이사회에 매우 보완적인 추가 요소가 될 것”이라고 말했다.  그는 또한 라이어커크의 강력한 운영 감각과 대형 철도 고객으로서의 통찰력이 장기 성장과 고객 및 지역 사회에 대한 탁월한 서비스 제공을 위한 운영 중심의 네트워크 구축에 큰 자산이될 것이라고 덧붙였다.  노포크서던 이사회 의장 클로드 몽고는 “로리의 공공 기업 CEO로서의 리더십과 높은 성과 및 우수한 실행 문화를 조성하는 능력은 노포크서던의 전략적 비전과 완벽하게 일치한다”고 말했다.  라이어커크는 “노포크서던 이사회에 합류하게 되어 영광”이라며, “철도는 글로벌 경제에 필수적이며, 노포크서던의 운영 우수성, 안전성 향상 및 지속 가능한 성장에 대한 헌신에 감명을받았다”고 전했다.  라이어커크는 다이버시파이드 서치 그룹의 국가적 검색을 통해 발탁됐으며, 앙코라 홀딩스와의 협의에 따라 선정됐다.  이 선임은 2024년 11월에 발표된 노포크서던과 앙코라 홀딩스 간의 협약에 따라 이루어졌다.  라이어커크는 아이오와 주립대학교에서 화학 공학 학위를 취득했으며, 현재 이튼 코퍼레이션의 이사로 활동하고 있다.  노포크서던은 1827년부터 미국 경제를 이끄는 상품과 자재를 안전하게 운송해 왔으며, 현재 22개 주에 걸친 화물 운송 네트워크를 운영하고 있다.  노포크서던은 고객이 연간약 1,500만 톤의 탄소 배출을 피할 수 있도록 철도를 통해 운송하는 데 기여하고 있다.  또한, 연간 약 700만 개의 화물차를 운송하며, 동부 미국에서 가장 광범위한 복합 운송 네트워크를 보유하고 있다.  ※ 본 컨텐츠는 AI API를 이용하여 요약한 내용으로 수치나 문맥상 요약이 컨텐츠 원문과 다를 수 있습니다. 해당 컨텐츠는 투자 참고용이며 투자를 할때는 컨텐츠 원문을 필히 필독하시기 바랍니다. 원문URL(http://www.sec.gov/Archives/edgar/data/702165/000119312525013480/0001193125-25-013480-index.htm)  데이터투자 공시팀 pr@datatooza.com  이 기사는 투자 참고용으로 이를 근거로 한 투자 손실에 대해 책임을 지지 않습니다. 해당 기사는 이데일리와 무관합니다.기사는 데이터투자(www.datatooza.com)가 제공한 것으로 저작권은 데이터투자에 있습니다. 기사 내용 관련 문의는 데이터투자로 문의하시기 바랍니다.    ＜ⓒ종합 경제정보 미디어 이데일리 - 무단전재 & 재배포 금지＞    "
77,5,"2025-01-28","07:42:36","PreferredBank(PFBC) 매출액 증가 +0.7%","PreferredBank(PFBC) 매출액 증가 +0.7%   1월27일, PreferredBank(PFBC, Nasdaq)는 2024년 12월기준으로 실적을 발표함.  1) PreferredBank 주요실적   - 매출액 : 7281.0만달러(+0.7%)   - 주당순이익(EPS) : 2.25$(-10%)  (*증감률은 직전분기대비 기준임)  2) PreferredBank 재무비율과 투자지표   - EPS(주당순이익) : 2.25$   - 예상PER(주가수익비율) : 8.68배   - PBR(주가순자산비율) : 1.51배   * 이용상의 주의 사항  금융시장의 변동에 따라 실적 발표 일정과 공시는 지속적으로 변동됩니다. 본 서비스는 미국 실적 공시를 실시간 데이터화 하여 제공함에 있어 공시의 오류, 데이터 수집 프로세스상의 에러 및 지연 등 다양한 서비스상의 오류와 지연이 있을 수 있습니다. 본 서비스를 이용함에 있어 그 이용에 따르는 책임은 이용자 본인에게 있으며, 어떠한 거래 손실이나 다른 손실에 대해서도 책임지지 않습니다."
77,6,"2025-01-28","07:42:07","테이블 포브 미국 현금 밀피드 가격표","TABLE-FOB US cash millfeed prices  시카고, 1월 27일 (로이터) - 미국 현물 현금 밀사료 가격은 월요일 공급 증가와 사료 소비를 증가시켰던 광범위한 한파가 완화되면서 수요 약세로 인해 대부분 약세를 보였다고 트레이더들은 말했습니다.  * 일부 시설의 가동을 늦추는 추운 날씨가 이어지면서 밀 가동 시간이 개선되었다고 한 딜러는 말했습니다.  * 밀사료의 현물 수요는 보통 수준이었습니다. 사료 소비율은 동물 사료 수요를 증가시켰던 추위가 지나간 후 정상화될 것으로 예상되었습니다.  * 옥수수 가격이 전반적으로 사료 가격의 바닥을 견고하게 유지함에 따라 밀사료 출하 연기에 대한 수요는 제한적으로 유지되었습니다. 옥수수는 동물 사료 배급량에서 밀 기반 밀사료와 경쟁하고 있습니다.  * 시카고 상품거래소 3월물 옥수수는 월요일에 부셸당 4.82달러로 4-1/2센트 하락했습니다.     벌크 밀피드, 입찰/제안, 톤당 달러, 명시된 대로 레일(RL)을 제외한 트럭:       Spot  변경  2월  3월  AMJ   버팔로  115/125  unc  115/125  115/120  105/115   캘리포니아-N  --/--  unc  --/--  --/--  --/--   캘리포니아-S  125/216  dn5/unc  --/--  --/--  --/--   캐롤라이나  --/--  unc  --/--  --/--  --/--   채터누가  --/--  unc  --/--  --/--  --/--   시카고  145/155  unc  130/140  130/140  --/--   캔자스시티  220/230  unc  205/220  205/220  --/--   캔자스/오클라.  225/235  unc  215/230  215/230  --/--   미니애폴리스  150/160  unc  130/140  130/140  --/--   포틀랜드  --/175  dn15  --/--  --/--  --/--   N. 텍사스  --/--  unc  --/--  --/--  --/--   S. 텍사스  --/--  unc  --/--  --/--  --/--   세인트 루이스  205/215  unc  195/210  195/210  --/--   채터누가 RL  --/--  unc  --/--  --/--  --/--   버팔로 RL  --/--  unc  --/--  --/--  --/--   중앙 주  175/195  unc  --/--  --/--  --/--   캘리포니아 RL  --/--  unc  --/--  --/--  --/--   T=거래, nc=비교 없음, unc=변경 없음, na=사용 불가,  nq=따옴표 없음, RL=레일, --=따옴표 없음     (Reporting by Karl Plume in Chicago)  pj.huffstutter@thomsonreuters.com ; 313-484-5275 (w); ;)))     (c) Copyright Thomson Reuters 2020. Click For Restrictions - https://agency.reuters.com/en/copyright.html        Keywords: USA-MILLFEED/ (TABLE)   원문 바로가기    DISCLAIMER  레피니티브의 사전, 서면 승인 없는 톰슨로이터 콘텐츠의 재생산이나 재배포는 금지되어 있습니다. 이 기사의 한국어 번역은 에프앤가이드가 사용하는 기계적 번역에 의한 것으로 톰슨로이터와 레피니티브는 번역의 정확성을 보증하지 않습니다."
77,7,"2025-01-28","07:42:02","멀른오토모티브(MULN), 630만 달러 규모의 증권 구매 계약 체결","멀른오토모티브(MULN, MULLEN AUTOMOTIVE INC. )는 630만 달러 규모의 증권 구매 계약을 체결했다.  27일 미국 증권거래위원회에 따르면 2025년 1월 23일, 멀른오토모티브가 특정 투자자들과 함께 약 630만 달러 규모의 5% 원금 할인 담보 전환 노트(이하‘노트’) 및 5년 만기 주식 매수권(이하 ‘워런트’)을 발행하는 증권 구매 계약(이하 ‘계약’)을 체결했다.  계약에 따라 투자자들은 계약 체결 시점에 약 630만 달러의 원금 규모의 노트를 구매하기로 합의했다.노트는 보통주로 전환 가능하며, 주식 매수권은 보통주를 매수할 수 있는 권리를 제공한다.  계약 체결일로부터 1년 이내에 투자자들은 추가 노트를 구매할 수 있는 권리를 가지며, 최대 630만 달러의 원금 규모로 추가 구매가 가능하다.  계약 체결 후 90일 이내에 회사는 직접 또는 간접적으로 주식이나 전환 가능한 증권을 발행하지 않기로 합의했다.노트와 워런트는 보유자가 보통주를 9.9% 이상 소유하게 되는 경우 전환이 제한된다.노트의 이자율은 연 15%이며, 만기는 발행일로부터 4개월 후로 설정되어 있다.만약 회사가 주주 승인을 받지 못할 경우, 이자율은 20%로 증가한다.또한, 계약에 따라 회사는 주주 승인을 얻기 위해 주주 총회를 소집할 예정이다.  계약의 세부 사항은 계약서 및 관련 문서에 명시되어 있으며, 투자자들은 계약에따라 보통주를 매수할 수 있는 권리를 보장받는다.  현재 멀른오토모티브는 5억 주의 보통주를 발행할 수 있는 권한을 가지고 있으며, 6159만5743주가 발행되어 있다.이 외에도 8162만446주가 전환 가능한 증권에 대해 예약되어 있다.  멀른오토모티브는 이번 계약을 통해 자본 조달을 확대하고, 향후 사업 확장에 필요한 자금을 확보할 계획이다.  ※ 본 컨텐츠는 AI API를 이용하여 요약한 내용으로 수치나 문맥상 요약이 컨텐츠 원문과 다를 수 있습니다. 해당 컨텐츠는 투자 참고용이며 투자를 할때는 컨텐츠 원문을 필히 필독하시기 바랍니다. 원문URL(http://www.sec.gov/Archives/edgar/data/1499961/000182912625000406/0001829126-25-000406-index.htm)  데이터투자 공시팀pr@datatooza.com  이 기사는 투자 참고용으로 이를 근거로 한 투자 손실에 대해 책임을 지지 않습니다. 해당 기사는 이데일리와 무관합니다. 기사는 데이터투자(www.datatooza.com)가 제공한 것으로 저작권은 데이터투자에 있습니다. 기사 내용 관련 문의는 데이터투자로 문의하시기 바랍니다.    ＜ⓒ종합 경제정보 미디어 이데일리 - 무단전재 & 재배포 금지＞    "
78,1,"2025-01-28","07:36:12","누코, 4분기 실적 하락, 철강 시장 개선 전망","Nucor posts lower fourth-quarter results; sees steel market improving  1월 27일(로이터) - 미국 철강업체 Nucor Corp는 월요일에 제철소와 제품 부문에서 판매 가격이 하락하면서 4분기 매출과 이익이 감소했다고 발표했습니다.  국내 생산과 수입으로 인한 공급 과잉으로 유통업체들이 재고를 초과하는 자재 구매를 자제하면서 업계는 어려움을 겪고 있습니다.  누코어의 레온 토팔리안 CEO는 2024년 내내 철강 수요가 약화되었지만 시장 상황이 개선되기 시작했다고 언급했습니다.  2024년 톤당 평균 판매 가격은 1년 전보다 10% 하락했습니다.  노스캐롤라이나주 샬럿에 본사를 둔 이 회사는 분기 수익이 2억 8,700만 달러, 주당 1.22달러로 전년 동기 7억 8,500만 달러, 연간 3.16달러에 비해 크게 증가했습니다.  분기 총 매출은 약 8.2% 감소한 70억 8,000만 달러로 집계되었습니다.     (Reporting by Aatreyee Dasgupta and Nathan Gomes in Bengaluru; Editing by Sriraj Kalluvila)  Aatreyee.Dasgupta@thomsonreuters.com     (c) Copyright Thomson Reuters 2020. Click For Restrictions - https://agency.reuters.com/en/copyright.html        Keywords: NUCOR-RESULTS/   원문 바로가기    DISCLAIMER  레피니티브의 사전, 서면 승인 없는 톰슨로이터 콘텐츠의 재생산이나 재배포는 금지되어 있습니다. 이 기사의 한국어 번역은 에프앤가이드가 사용하는 기계적 번역에 의한 것으로 톰슨로이터와 레피니티브는 번역의 정확성을 보증하지 않습니다."
78,2,"2025-01-28","07:36:05","내셔널리서치(NRC), 2024년 4분기 실적 발표","내셔널리서치(NRC, NATIONAL RESEARCH CORP )는 2024년 4분기 실적을 발표했다.  27일 미국 증권거래위원회에 따르면 내셔널리서치가 2025년 1월 27일에 2024년 4분기 및 연간 재무 및 운영 결과를 발표했다.  2024년 4분기 매출은 약 3,690만 달러로, 2023년 4분기 약 3,800만 달러와 비교해 감소했다.희석 주당 순이익은 0.28 달러로, 2023년 4분기 0.36 달러에서 하락했다.  2024년 12월 31일 기준으로 회사의 순부채는 약 5,850만 달러였으며, 총 반복 계약 가치(TRCV)는 약 1억 3,320만 달러로 집계됐다.  이번 분기동안 회사는 주주에게 약 1,010만 달러를 배당금 및 자사주 매입 형태로 반환했다.  회사는 약 393,000주를 약 730만 달러에 매입했으며, 정기 배당금으로 주당 0.12 달러(12센트)를 지급하여 총 약 280만 달러를 배당했다.내셔널리서치는 40년 이상 의료 서비스를 인간화하고각 개인을 이해하는 데 주력해왔다.  회사의 Human Understanding®에 대한 헌신은 주요 의료 시스템이 각 개인을 단순한 순간의 통찰이 아닌 지속적인 관계로 이해하도록 돕고 있다.  2024년 4분기 실적을 보면, 매출은 3,690만 달러로 2023년 4분기보다 감소했으며, 운영 수익은 958만 달러로 2023년 4분기 1,171만 달러에서 감소했다.  총 운영 비용은 2,731만 달러로, 2023년 4분기 2,629만 달러와 비교해 증가했다.  2024년 12월 31일 기준으로 자산 총액은 1억 3,253만 달러였고, 부채 총액은 1억 1,255만 달러로 나타났다.  주주 자본은 3,128만 달러로, 2023년 12월 31일의 4,895만 달러에서 감소했다.  회사의 현재 재무 상태를 보면, 매출 감소와 함께 순이익도 감소했으며, 부채가 증가한 반면 자산은 소폭 증가한 것으로 나타났다.이러한 실적은 투자자들에게 신중한 판단을 요구할 것으로 보인다.  ※ 본 컨텐츠는 AI API를 이용하여 요약한 내용으로 수치나 문맥상 요약이 컨텐츠 원문과 다를 수 있습니다. 해당 컨텐츠는 투자 참고용이며 투자를 할때는 컨텐츠 원문을 필히 필독하시기 바랍니다. 원문URL(http://www.sec.gov/Archives/edgar/data/70487/000143774925001928/0001437749-25-001928-index.htm)  데이터투자 공시팀 pr@datatooza.com  이 기사는 투자 참고용으로 이를 근거로 한 투자 손실에 대해 책임을 지지 않습니다. 해당 기사는 이데일리와 무관합니다. 기사는 데이터투자(www.datatooza.com)가 제공한 것으로 저작권은 데이터투자에 있습니다. 기사 내용 관련 문의는 데이터투자로 문의하시기 바랍니다.    ＜ⓒ종합 경제정보 미디어 이데일리 - 무단전재 & 재배포 금지＞    "
78,3,"2025-01-28","07:36:02","마이크로봇메디컬(MBOT), 나스닥 최소 입찰가 요건 준수 확인","마이크로봇메디컬(MBOT, Microbot Medical Inc. )은 나스닥 최소 입찰가 요건을 준수했는지 확인했다.  27일 미국증권거래위원회에 따르면 마이크로봇메디컬이 나스닥 주식시장으로부터 최소 입찰가 요건을 준수했다는 통지서를 받았다. 이는 나스닥 상장규칙 5550(a)(2)에 명시된 요건으로, 회사의 보통주 최소 종가가 1.00달러 이상으로 15일 연속 유지되었음을 의미한다. 이 기간은 2024년 12 월 26일부터 2025년 1월 17일까지이다. 따라서 회사는 해당 규칙을 준수하게 되었으며, 나스닥은 이전의 입찰가 부족 문제를 이제 종료된 것으로 간주한다.  재무제표 및 부속서 항목에 따르면, 부속서 번호 104는 ‘커버 페이지 인터랙티브 데이터 파일(인라인 XBRL 문서 내포함)’으로 설명된다. 이 보고서는 1934년 증권 거래법의 요구에 따라 작성되었으며, 마이크로봇메디컬의 대표인 하렐 가돗이 서명했다. 하렐 가돗은 최고경영자, 사장 및 회장직을 맡고 있다. 보고서의 날짜는 2025년 1월 27일이다.  ※ 본 컨텐츠는 AI API를 이용하여 요약한 내용으로 수치나 문맥상 요약이 컨텐츠 원문과 다를 수 있습니다. 해당 컨텐츠는 투자 참고용이며 투자를 할때는 컨텐츠 원문을 필히 필독하시기 바랍니다. 원문URL(http://www.sec.gov/Archives/edgar/data/883975/000149315225003818/0001493152-25-003818-index.htm)  데이터투자 공시팀 pr@datatooza.com  이 기사는 투자 참고용으로 이를 근거로 한 투자 손실에 대해 책임을 지지 않습니다. 해당 기사는이데일리와 무관합니다. 기사는 데이터투자(www.datatooza.com)가 제공한 것으로 저작권은 데이터투자에 있습니다. 기사 내용 관련 문의는 데이터투자로 문의하시기 바랍니다.    ＜ⓒ종합 경제정보 미디어 이데일리 - 무단전재 & 재배포 금지＞    "
78,4,"2025-01-28","07:35:36","WSFS파이낸셜(WSFS) 매출액 감소 -1.68%","WSFS파이낸셜(WSFS) 매출액 감소 -1.68%   1월27일, WSFS파이낸셜(WSFS, Nasdaq)은 2024년 12월기준으로 실적을 발표함.  1) WSFS파이낸셜 주요실적   - 매출액 : 2억 6150만달러(-1.68%)   - 주당순이익(EPS) : 1.11$(+1.83%)  (*증감률은 직전분기대비 기준임)  2) WSFS파이낸셜 재무비율과 투자지표   - EPS(주당순이익) : 1.11$   - 예상PER(주가수익비율) : 12.18배   - PBR(주가순자산비율) : 1.18배   * 이용상의 주의 사항  금융시장의 변동에 따라 실적 발표 일정과 공시는 지속적으로 변동됩니다. 본 서비스는 미국 실적 공시를 실시간 데이터화 하여 제공함에 있어 공시의 오류, 데이터 수집 프로세스상의 에러 및 지연 등 다양한 서비스상의 오류와 지연이 있을 수 있습니다. 본 서비스를 이용함에 있어 그 이용에 따르는 책임은 이용자 본인에게 있으며, 어떠한 거래 손실이나 다른 손실에 대해서도 책임지지 않습니다."
78,5,"2025-01-28","07:35:09","'세뱃돈 넣어둔' 어린이펀드, 수익률 상위는","설 명절 시기에 자녀들이 받은 세뱃돈을 종잣돈으로 삼아 투자할 수 있는 상품에 관심이 높아지고 있다. 자녀 경제교육과 재테크 습관 형성을 위해 관리가 쉬운 '어린이펀드'가 각광받는 가운데 어린이 펀드가 최근 1년간 약 20%에 가까운 수익을 거두며 순항하고 있다.    27일 에프앤가이드에 따르면시중에 출시된 어린이펀드 상품 가운데 최근 1년간 가장 높은 수익률을 올린 펀드는 미래에셋자산운용의 '미래에셋우리아이친디아업종대표증권자투자신탁'이 꼽혔다. 이 상품은 해외 증시에 투자하는 펀드로 1년 사이 19.19%의 수익률을 올렸다.  뒤이어 미래에셋운용의 '미래아이우리아이3억만들기증권자투자신탁'도 16.93%의 높은 수익률로 2위를 차지 했다. 이 상품은 운용설정액이 1조5396억원으로 국내 어린이펀드 중 가장 큰 설정액을 차지한다. 3위 역시 '미래에셋우리아이세계로적립식증권투자신탁'이 15.85%의 수익률을 보여 미래에셋운용이 어린이펀드 업계의 강자로 꼽혔다.  한국투자밸류자산운용은 장기 운용성적에서 두각을 나타내고 있다. '한국밸류10년투자어린이증권투자신탁'의 5년 수익률은 101.02%로 시중에 출시된 어린이펀드 중 가장 높다. 이 펀드는 좋은 기업을 적정 가치 이하에서 매수해 적정 가치에 판다는 가치투자 전략을 쓰고 있다. 운용설정액도 4326억원 규모다.   우리자산운용의 '우리스마트고배당증권투자신탁도 1년 수익률(11.81%)과 5년 수익률(29.48%)이 모두 높은 어린이펀드로 꼽혔다.   어린이펀드는 장기 투자가 목적인 상품이 많아 국내 외 우량주를다수 담고 있다는 점이 특징이다. 투자 시 절세 혜택도 기대할 수 있다. 미성년 자녀 명의로 가입한 펀드 계좌에 납입한 자금은 10년마다 2000만원씩 세금 없이 증여할 수 있다. 출생 직후 가입하면 만 20세까지 최대 4000만원까지 비과세 혜택을 받게 된다.  펀드별로 어린이의 눈높이에 맞춰 운용보고서를 발간하기도 한다. 금융 교육을 실시하는 등 부가서비스를 제공하는 차별점이 있는 펀드도 있다. 아이들이 자연스럽게 경제와 증권시장을 배울 수 있도록 구성됐다.     딜사이트 배지원 기자 bjw@dealsite.co.kr ⓒ새로운눈으로 시장을 바라봅니다. 딜사이트 무단전재 배포금지  ☞ ★딜사이트경제TV 출연 전문가★ 매일 터지는 수익률! 오늘의 무료 추천종목 받기 ☞ 상한가 종목 선취매로 대박 수익! 급등주 TOP3 추천! >> 지금 확인 ☞ 스탁론의 혁신! 월 0%대 금리로 최대 4배 투자 가능"
78,6,"2025-01-28","07:35:02","스트래터스프로퍼티즈(STRS), 랜타나 플레이스 리테일 재융자 완료","스트래터스프로퍼티즈(STRS, STRATUS PROPERTIES INC )는 랜타나 플레이스 리테일을 재융자했다.  27일 미국 증권거래위원회에 따르면 2025년 1월 27일, 텍사스 오스틴 - 스트래터스프로퍼티즈(나스닥: STRS)(이하 ‘스트래터스’ 또는 ‘회사’)가 랜타나플레이스에 위치한 소매 부동산의 건설 대출을 재융자하기 위해 2,980만 달러 규모의 대출을 완료했다.  랜타나 플레이스는 스트래터스의 복합 개발 프로젝트 내에 위치한 99,377 제곱피트 규모의 소매 부동산으로, 스트래터스가 전액 소유하고 있다.  새로운 대출은 2029년 2월 1일 만료되며, 재융자된 대출보다 낮은 이자율을 적용받고, 첫 해에는 이자만 지불하며, 약 300만 달러가 스트래터스에 배분됐다.  스트래터스의 이사회 의장이자 CEO인 윌리엄 H. 암스트롱 III는 “이번 재융자를 완료하게 되어 기쁘다. 이는 최근의 킹우드 플레이스 재융자와 마찬가지로, 낮은 이자율을 활용하고 이자 만기를 연장하는 접근 방식을 반영한다. 우리는 이 현금 흐름이 있는 자산을 보유함으로써부동산 시장 조건이 개선될 때 스트래터스와 주주들에게 이익이 될 것이라고 믿는다”고 밝혔다.  스트래터스프로퍼티즈는 텍사스 오스틴 지역 및 기타 선택된 시장에서 다가구 및 단독 주택, 상업용 부동산의 인허가, 개발, 관리, 임대 및 판매를 주로 수행하고 있다.  개발된 부동산 외에도 약 1,600 에이커의 상업 및 주거 프로젝트가 개발 중이거나 향후 사용을 위해 보유하고 있다.  상업용 부동산 포트폴리오는 안정화된 소매 부동산 또는 상업 사무실 공간이 없는 향후 소매 및 복합 개발 프로젝트로 구성되어 있다.  우리는 개발된부동산 및 개발되지 않은 부동산의 판매, 소매, 복합 및 다가구 부동산의 임대, 그리고 자산 관리 수수료로 수익을 창출하고 있다.  이 보도 자료에는 스트래터스가 미래 성과에 영향을 미칠 수 있는 요소에 대한 미래 예측 진술이 포함되어 있다. 미래 예측 진술은 역사적 사실이 아닌 모든 진술로, 랜타나 플레이스에 대한 스트래터스의 투자 전략 및 오스틴과 텍사스 부동산 시장에 대한 기대와 관련된 계획, 예상 또는 기대를 포함한다.  “예상하다”, “할 수 있다”, “계획하다”, “믿다”, “잠재적”, “추정하다”, “기대하다”, “프로젝트하다”, “목표”, “의도하다”, “가능성이 높다”, “할 것이다”, “해야 한다”, “될 것이다” 및 유사한 표현은 이러한 주장을 미래예측 진술로 식별하기 위한 것이다.  스트래터스는 독자에게 미래 예측 진술이 미래 성과를 보장하지 않으며, 실제 결과가 예상, 기대, 추정 또는 가정한 것과 실질적으로 다를 수 있음을 경고한다.  스트래터스의 실제 결과가 예상과 실질적으로 다를 수 있는 중요한 요소에는 스트래터스가 비즈니스 전략을 성공적으로 구현할 수 있는 능력, 개발 프로젝트 및 기타 기업 목적을 위한 자금 조달의 가용성 및 조건, 스트래터스가 합작 투자, 파트너십 또는 기타 전략적 관계를 체결하고 유지할 수 있는 능력, 오스틴 및 텍사스 부동산 시장의 시장 조건등이 포함된다.  투자자는 스트래터스의 미래 예측 진술이 작성된 날짜 이후에 기반한 많은 가정이 변경될 가능성이 높다는 점에 유의해야 한다. 또한 스트래터스는 결과에 영향을 미칠 수 있는 비즈니스 계획의 변경을 할 수 있다.  스트래터스는 가정, 비즈니스 계획, 실제 경험 또는 기타 변경 사항에 관계없이 미래 예측 진술을 업데이트할 의무가 없음을 경고한다.  이 보도 자료의 사본은 스트래터스의 웹사이트인 stratusproperties.com에서 확인할 수 있다.  ※ 본 컨텐츠는 AI API를 이용하여 요약한 내용으로 수치나 문맥상 요약이 컨텐츠 원문과 다를 수 있습니다. 해당 컨텐츠는 투자 참고용이며 투자를 할때는 컨텐츠 원문을 필히 필독하시기 바랍니다. 원문URL(http://www.sec.gov/Archives/edgar/data/885508/000088550825000002/0000885508-25-000002-index.htm)  데이터투자 공시팀 pr@datatooza.com  이 기사는 투자 참고용으로 이를 근거로 한 투자 손실에 대해 책임을 지지 않습니다. 해당 기사는 이데일리와 무관합니다. 기사는 데이터투자(www.datatooza.com)가 제공한 것으로 저작권은 데이터투자에 있습니다. 기사 내용 관련 문의는 데이터투자로 문의하시기 바랍니다.    ＜ⓒ종합 경제정보 미디어 이데일리 - 무단전재 & 재배포 금지＞    "
78,7,"2025-01-28","07:35:00","""세뱃돈으로 충전""..'MZ방앗간' 편의점서 각광받는 이 서비스","[머니투데이 하수민 기자] 모바일로 충전 후 간편하게 결제할 수 있는 편의점 현금 충전 서비스가 MZ세대 사이에서 인기를 끌고 있다. 이가운데 세뱃돈을 받은 뒤 곧바로 충전 서비스를 이용하는 새로운 명절 용돈 문화가 나타나고 있다.   28일 편의점 CU가 현금 충전 서비스의 일평균 충전액을 분석한 결과에 따르면 지난해 설날과 추석 등 명절 기간(명절 당일 전후 3일) 일평균충전액이 평소 대비 398.5%, 2023년에는 394.7% 많았다. 현금 충전액의 월별 비중을 살펴봐도 지난해 추석이 있었던 9월이 14.1%, 설 연휴가있었던 2월이 12.8%를 기록하며 상위권을 차지했다. 명절 연휴에 가족이 삼삼오오 모여 용돈을 주고 받은 후 가까운 편의점에서 받은 현금을모바일을 통해 충전하기 때문으로 분석된다.   명절을 맞아 많은 사람들이 고향을 방문하며 수도권 인구가 줄고 비수도권 인구가 늘어나면서 서울과 경기, 인천을 제외한 지역의 현금 충전서비스 금액도 크게 증가했다. 지난해 현금 충전 서비스의 지역별 현금 충전액 비중은 수도권 68.7%, 비수도권 31.3%를 기록하며 수도권 2배가량 높았지만, 명절 연휴 3일간 충전액의 비중은 수도권 39.1%, 비수도권 60.9%로 대략 4:6의 비율을 보였다. 평소에는 수도권에 집중된 인구가 현금 충전 서비스를 더 이용하지만, 명절이 되면 수도권에 거주하던 사람들이 대거 비수도권으로 이동하기 때문이다.   귀성객들은 이동 중 현금을 사용하는 일이 잦고 가족에게 용돈을 주거나 선물 비용을 지불하는 등 현금이 필요한 상황이 많다. 반면 수도권은 연휴간 인구가 감소하고 소비 활동도 비수도권보다 줄어들면서 현금 충전 서비스 이용이 줄어든다.   편의점 CU가 운영 중인 현금 충전 서비스의 총 충전액은 2023년 356.6%, 지난해 182.0%를 기록하며 2년째 큰 폭의 성장세를 보이고 있다. 현금 사용량이 줄고 스마트폰이 보편화되면서 보다 간편하게 현금을 충전, 결제할 수 있는 서비스의 인기가 높아지고 있다.   CU의 현금 충전 서비스는 선불 전자지갑 형태로 CU에서 현금을 내고 카드나 바코드로 사용할 수 있는 금액을 충전하는 서비스다. 모바일 앱바코드를 통해 충전하기 때문에 스마트폰만 있으면 누구나 이용 가능하다. 이렇게 충전한 돈은 실물카드나 앱의 바코드를 통해 오프라인 점포에서 결제할 수 있는 것은 물론 온라인 쇼핑 등에서도 사용할 수 있어 편리하다.   특히 해당 서비스는 Z세대의 간편 결제 니즈를 충족하면서 폭발적인 인기를 끌고 있다. 주로 현금으로 용돈을 받아 사용하는 10대 고객들 사이에서 현금 보관의 번거로움이 없고 자유롭게 온·오프라인 쇼핑을 할 수 있다는 이점이 주목받고 있다. CU는 현재 토스머니·네이버페이 등 총 5종의 현금 충전 서비스를 운영하고 있다.   신상용 BGF리테일 서비스플랫폼팀장은 ""올해 설날은 상대적으로 긴 연휴 기간으로 인해 비수도권의 관광지, 리조트 등에서의 현금 충전 서비스 이용이 평소보다 훨씬 늘어날 것""이라며 ""앞으로도 CU는 고객에게 필요한 서비스를 지속 도입해 생활 밀착형 플랫폼으로더욱 확고히 자리잡을 것""이라고 말했다.     [관련기사] ☞ '결혼' 경사 앞두고 뿔난 김종민 ""속지마세요"" 고발 나선다 ☞ 전한길 ""난 노사모 출신""…노무현재단 ""법적 대응"" ☞ ""다른 남자와 잠자리 강요""…이혼 변호사도 당황 ☞ '상습도박' 슈, SES 자료화면서 모자이크 '굴욕' ☞ 집 곳곳에 커플사진?…지상렬, 동거녀 공개   하수민 기자 breathe_in@mt.co.kr     키워드림론 최대 4배 주식자금 & 고금리 대환상품 한도 오픈! (1644-6960)   [무료운세] 믿어야 돼 말아야 돼? 종목매수전에 믿고보는 '오늘의 운세'        [파워 인터뷰]       매수전에 점 부터 보고 가실께요 -> 오늘의 운세 [복채무료]      ⓒ 머니투데이 & mt.co.kr, 무단 전재 및 재배포 금지"
79,1,"2025-01-28","07:29:36","크레인홀딩스(CR) 매출액 감소 -8.91%","크레인홀딩스(CR) 매출액 감소 -8.91%   1월27일, 크레인홀딩스(CR, 뉴욕증권거래소)는 2024년 12월기준으로 실적을 발표함.  1) 크레인홀딩스 주요실적   - 매출액 : 5억 4400만달러(-8.91%)   - 주당순이익(EPS) : 1.26$(-6.67%)  (*증감률은 직전분기대비 기준임)  2) 크레인홀딩스 재무비율과 투자지표   - EPS(주당순이익) : 1.26$   - 예상PER(주가수익비율) : 28.57배   - PCR(주가현금흐름비율) : 2.23배   - PBR(주가순자산비율) : 5.88배   - EV/EBITDA : 22.38배   * 이용상의 주의 사항  금융시장의 변동에 따라 실적 발표 일정과 공시는 지속적으로 변동됩니다. 본 서비스는 미국 실적 공시를 실시간 데이터화 하여 제공함에 있어 공시의 오류, 데이터 수집 프로세스상의 에러 및 지연 등 다양한 서비스상의 오류와 지연이 있을 수 있습니다. 본 서비스를 이용함에 있어 그 이용에 따르는 책임은 이용자 본인에게 있으며, 어떠한 거래 손실이나 다른 손실에 대해서도 책임지지 않습니다."
79,2,"2025-01-28","07:29:02","KB홈(KBH), 2024 회계연도 인센티브 보상 발표","KB홈(KBH, KB HOME )은 2024 회계연도 인센티브 보상을 발표했다.  27일 미국 증권거래위원회에 따르면 KB홈의 이사회는 2025년 1월 23일 2024 회계연도 인센티브 보상을 결정했다. 이사회는 제프리 T. 메즈거에게 인센티브 보상을 승인했다. 2024 회계연도 인센티브 프로그램에 따라 일부 참가자는 2026년 1월 25일부터 시작되는 3년 동안 균등하게 분할 지급되는 제한 주식으로 인센티브 지급의일부를 받았다.  KB홈의 주요 임원들에게 지급된 인센티브 보상 및 지급 형태(현금 및 제한 주식)는 아래에 명시되어 있다. 제한 주식의 가치는 2025년 1월 23일 KB홈 보통주의 종가인 67.72달러를 기준으로 계산되었다.  주요 임원으로는 제프 J. 카민스키가 총 224만달러의 인센티브를 받았으며, 이 중 현금으로 224만 달러가 지급되었다. 로버트 V. 맥기브니는 총 376만 달러의 인센티브를 받았고, 현금으로 376만 달러가 지급되었다. 제프리 T. 메즈거는 총 779만 달러의 인센티브를 받았으며, 현금으로 629만 달러, 제한 주식으로 150만 달러가 지급되었다. 앨버트 Z. 프라우는 총 180만 달러의 인센티브를 받았고, 현금으로 180만 달러가 지급되었다.  KB홈은 2025년 1월 27일 이보고서를 서명했다. 서명자는 윌리엄(토니) 리셸리우로, 그는 부사장, 기업 비서 및 부총괄 고문이다. 현재 KB홈의 재무상태는 안정적이며,주요 임원들의 인센티브 보상은 회사의 성과와 연계되어 있어 향후 성장 가능성을 보여준다.  ※ 본 컨텐츠는 AI API를 이용하여 요약한 내용으로 수치나 문맥상 요약이 컨텐츠 원문과 다를 수 있습니다. 해당 컨텐츠는 투자 참고용이며 투자를 할때는 컨텐츠 원문을 필히 필독하시기 바랍니다. 원문URL(http://www.sec.gov/Archives/edgar/data/795266/000079526625000018/0000795266-25-000018-index.htm)  데이터투자 공시팀 pr@datatooza.com  이 기사는 투자 참고용으로 이를 근거로 한 투자 손실에 대해 책임을 지지 않습니다. 해당 기사는이데일리와 무관합니다. 기사는 데이터투자(www.datatooza.com)가 제공한 것으로 저작권은 데이터투자에 있습니다. 기사 내용 관련 문의는 데이터투자로 문의하시기 바랍니다.    ＜ⓒ종합 경제정보 미디어 이데일리 - 무단전재 & 재배포 금지＞    "
79,3,"2025-01-28","07:28:48","캐피탈 뱅코프, 12월 31일 마감된 분기 실적 보고 - 수익 요약","Capital Bancorp Inc reports results for the quarter ended December 31 - Earnings Summary  캐피탈 뱅코프는 12월 31일 마감된 분기 조정 주당 순이익이 92센트로, 65센트의 EPS를 기록했던 작년 같은분기보다 높았다고 발표했습니다. 해당 분기에 대한 애널리스트 4명의 평균 예상치는 주당 65센트의 수익이었습니다. 월스트리트에서는 주당 51센트에서 80센트 사이의 실적을 예상했습니다.   매출은 1년 전보다 37.8% 증가한 5,624만 달러로 분석가들은 5,478만 달러를 예상했습니다.   캐피탈 뱅코프의 분기 주당 순이익이 45센트였다고요?   이 회사는 분기 순이익 753만 달러를 보고했습니다.   이번 분기 캐피탈 뱅코프 주가는 1.6% 상승했습니다.   변경 사항 예측  애널리스트들의 평균 수익 추정치는 지난 3개월 동안 약 14.6% 상승했나요?   지난 30일 동안 한 애널리스트는 수익 추정치를 부정적으로 수정했습니다.   권장 사항  현재 이 주식에 대한 애널리스트의 평균 평점은 ""매수""이며, 추천 내역은 ""강력 매수"" 또는 ""매수"" 3개, ""보유"" 1개, ""매도"" 또는 ""강력 매도""는 없습니다.   은행 피어 그룹에 대한 평균 컨센서스 추천도""매수""입니다.   월스트리트의 캐피탈 뱅코프에 대한 12개월 목표가 중앙값은 $32.00입니다.  이 요약은 1월 27일 오후 10시 28분(UTC)에 LSEG 데이터에서 기계적으로 생성된 것입니다. ?별도의 언급이 없는 한 모든 수치는 미국 달러 기준입니다. (이 보고서의 데이터에 관한 질문은 Estimates.Support@lseg.com로 문의하시기 바랍니다. 기타 질문이나 피드백이 있으시면 RefinitivNewsSupport@thomsonreuters.com로 문의하시기 바랍니다.    분기 결산  견적  실제  이겼다, 만났다, 놓쳤다   2024년 12월 31일  0.65  0.92  Beat   2024년 9월 30일  0.68  0.66  누락됨   6월 30일 2024  0.60  0.59  누락됨   2024년 3월 31일  0.50  0.47  누락됨      (c) Copyright Thomson Reuters 2020. Click For Restrictions - https://agency.reuters.com/en/copyright.html        Keywords: CAPITAL BANC-RESULTS/SUMMARY   원문 바로가기    DISCLAIMER  레피니티브의 사전, 서면 승인 없는 톰슨로이터 콘텐츠의 재생산이나 재배포는 금지되어 있습니다. 이 기사의 한국어 번역은 에프앤가이드가 사용하는 기계적 번역에 의한 것으로 톰슨로이터와 레피니티브는 번역의 정확성을 보증하지 않습니다."
79,4,"2025-01-28","07:28:03","서밋머티리얼스(SUM), 특별 주주총회 및 합병 관련 소송 공시","서밋머티리얼스(SUM, Summit Materials, Inc. )는 특별 주주총회를 열었고 합병 관련 소송을 공시했다.  27일 미국 증권거래위원회에 따르면 2024년 12월 30일, 서밋머티리얼스가 증권거래위원회(SEC)에 제출한 공식 위임장(Proxy Statement)에서 서밋머티리얼스의 주주총회가 2025년 2월 5일 오전 8시(산악 표준시)에 개최될 예정임을 밝혔다.  이 회의는 2024년 11월 24일에 체결된 합병 계약에 따라 진행되며, 서밋머티리얼스는 퀵리트 홀딩스와 합병하여 퀵리트의 완전 자회사로 남게 된다.  서밋머티리얼스의 주주들은 2024년 12월 27일 기준으로 주주명부에 등록된 주주들만이 투표할 수 있다.  합병이 완료되기 위해서는 주주들의 승인이 필요하며, 서밋머티리얼스는 2025년 1분기 내에 합병을 완료할 것으로 예상하고 있다.합병과 관련하여 현재 두 건의 소송이 제기된 상태이다.  첫 번째소송은 클락 대 서밋머티리얼스 사건으로, 두 번째는 스티븐스 대 서밋머티리얼스 사건이다.  이들 소송은 뉴욕주 대법원에 2025년 1월 16일에 접수되었으며, 원고는 서밋머티리얼스의 주주로서 위임장에 대한 불완전성을 주장하고 있다.  원고는 서밋머티리얼스와 이사들을 피고로 하여 합병의 완료를 금지하는 명령을 요청하고 있다.  서밋머티리얼스는 이러한 주장에 대해 무혐의라고 주장하고 있으며,위임장을 보완하기로 결정하였다.  서밋머티리얼스의 재무 자문사인 모건 스탠리는 DCF 분석을 통해 2029년 12월 31일 기준으로 서밋머티리얼스의 단독 비부채 자유 현금 흐름을 10억 3천만 달러로 추정하였다.  이 분석에서 모건 스탠리는 2024년 12월 31일 기준으로 서밋머티리얼스의 순부채를 20억 3천5백만 달러로 추정하였다.  서밋머티리얼스의 주식에 대한 애널리스트의 목표 주가는 2024년 10월 23일 기준으로 41달러에서 56달러 사이였으며, 2024년 11월 22일 기준으로는 47달러에서 60달러 사이로 나타났다.  서밋머티리얼스는 합병과 관련된 모든 문서가 SEC에 제출될 예정이며, 주주들은 이러한 문서를 통해 합병에 대한 중요한 정보를 확인할 수 있다.  현재 서밋머티리얼스의 순부채는 약 21억 9천7백만 달러로 추정되며, 발행된 주식 수는 약 1억 7천7백4십만 주이다.  이러한 재무 상태를 바탕으로 서밋머티리얼스는 합병 후에도 안정적인 재무 구조를 유지할 것으로 보인다.  ※ 본 컨텐츠는 AI API를 이용하여 요약한 내용으로 수치나 문맥상 요약이 컨텐츠 원문과 다를 수 있습니다. 해당 컨텐츠는 투자 참고용이며 투자를 할때는 컨텐츠 원문을 필히 필독하시기 바랍니다. 원문URL(http://www.sec.gov/Archives/edgar/data/1621563/000095010325000921/0000950103-25-000921-index.htm)  데이터투자 공시팀 pr@datatooza.com  이 기사는 투자 참고용으로 이를 근거로 한 투자 손실에 대해 책임을 지지 않습니다. 해당 기사는 이데일리와무관합니다. 기사는 데이터투자(www.datatooza.com)가 제공한 것으로 저작권은 데이터투자에 있습니다. 기사 내용 관련 문의는 데이터투자로 문의하시기 바랍니다.    ＜ⓒ종합 경제정보 미디어 이데일리 - 무단전재 & 재배포 금지＞    "
79,5,"2025-01-28","07:27:36","웨스턴얼라이언스(WAL) 매출액 대폭증가 +40.62%","웨스턴얼라이언스(WAL) 매출액 대폭증가 +40.62%   1월27일, 웨스턴얼라이언스(WAL, 뉴욕증권거래소)는 2024년 12월기준으로 실적을 발표함.  1) 웨스턴얼라이언스 주요실적   - 매출액 : 8억 3840만달러(+40.62%)   - 주당순이익(EPS) : 1.95$(+7.73%)  (*증감률은 직전분기대비 기준임)  2) 웨스턴얼라이언스 재무비율과 투자지표   - EPS(주당순이익) : 1.95$   - 예상PER(주가수익비율) : 10.26배   - PBR(주가순자산비율) : 1.59배   * 이용상의 주의 사항  금융시장의 변동에 따라 실적 발표 일정과 공시는 지속적으로 변동됩니다. 본 서비스는 미국 실적 공시를 실시간 데이터화 하여 제공함에 있어 공시의 오류, 데이터 수집 프로세스상의 에러 및 지연 등 다양한 서비스상의 오류와 지연이 있을 수 있습니다. 본 서비스를 이용함에 있어 그 이용에 따르는 책임은 이용자 본인에게 있으며, 어떠한 거래 손실이나 다른 손실에 대해서도 책임지지 않습니다."
79,6,"2025-01-28","07:27:05","아이리듬테크놀러지스(IRTC), 이사 Mojdeh Poul, 이사회 재선거 불참 결정","아이리듬테크놀러지스(IRTC, iRhythm Technologies, Inc. )는 Mojdeh Poul이 이사회 재선거에 불참하기로 결정했다.  27일 미국 증권거래위원회에 따르면 2025년 1월 23일, Mojdeh Poul이 아이리듬테크놀러지스(이하 ‘회사’)의 이사회(이하 ‘이사회’)에재선거를 하지 않겠다고 결정했다.그녀의 현재 임기는 주주총회가 열리는 날에 종료된다.  Poul은 2025년 1월 6일에 Integra LifeSciences Holdings Corporation의 새로운 사장 겸 최고경영자(CEO)로 임명된 바 있다.  그녀는 회사에 대해 이사회 재선거를 하지 않기로 한 결정이 회사와의 의견 불일치에 기반한 것이 아님을 알렸다.  이 보고서는 1934년 증권거래법의 요구에 따라 작성되었으며, 아래 서명된 자에 의해 회사의 명의로 서명되었다.  날짜: 2025년 1월 27일 서명: /s/ Daniel Wilson 이름: Daniel Wilson 직책: 최고재무책임자  ※ 본 컨텐츠는 AI API를 이용하여 요약한 내용으로 수치나 문맥상 요약이 컨텐츠 원문과 다를 수 있습니다. 해당 컨텐츠는 투자 참고용이며 투자를 할때는 컨텐츠 원문을 필히 필독하시기 바랍니다. 원문URL(http://www.sec.gov/Archives/edgar/data/1388658/000138865825000005/0001388658-25-000005-index.htm)  데이터투자 공시팀 pr@datatooza.com  이 기사는 투자 참고용으로 이를 근거로 한 투자손실에 대해 책임을 지지 않습니다. 해당 기사는 이데일리와 무관합니다. 기사는 데이터투자(www.datatooza.com)가 제공한 것으로 저작권은 데이터투자에 있습니다. 기사 내용 관련 문의는 데이터투자로 문의하시기 바랍니다.    ＜ⓒ종합 경제정보 미디어 이데일리 - 무단전재 & 재배포 금지＞    "
79,7,"2025-01-28","07:27:02","홈뱅코프(HBCP), 2024년 4분기 실적 발표 및 분기 배당금 4% 인상","홈뱅코프(HBCP, HOME BANCORP, INC. )는 2024년 4분기 실적을 발표했고 분기 배당금을 4% 인상했다.  27일 미국 증권거래위원회에 따르면 2025년 1월 27일, 홈뱅코프가 2024년 4분기 실적을 발표했다.  이번 분기 동안 회사는 970만 달러의 순이익을기록했으며, 이는 희석주당 1.21달러에 해당한다.  이는 2024년 3분기 940만 달러, 즉 희석주당 1.18달러에서 236,000달러, 즉 3% 증가한 수치다.  존 W. 보르델론 CEO는 “우리의 순이자 마진(NIM)과 전체 4분기 실적의 개선에 대해 매우 기쁘게 생각한다”고 말했다.  4분기 동안 강력한 대출 성장과 함께 예금이 소폭 증가했으며, 비수익 자산이 개선되어 강력한 수익성을 기록했다.  순이자 마진은 3.82%로 증가했으며, 이는 낮은 자금 조달 비용을 관리하고 연간 7% 이상의 대출 성장을 달성한 결과다.  2024년 12월 31일 기준으로 대출 총액은 27억 1,818만 달러로, 2024년 9월 30일 대비 4,989만 달러, 즉 2% 증가했다.  예금 총액은 28억 7,696만 달러로, 2024 년 9월 30일 대비 32만 달러, 즉 0.1% 증가했다.  4분기 순이자 수익은 3,158만 6천 달러로, 이전 분기 대비 120만 달러, 즉 4% 증가했다.  비수익 자산은 1,560만 달러로, 총 자산의 0.45%를 차지하며, 2024년 9월 30일 대비 270만 달러, 즉 15% 감소했다.  회사는 2024년 4분기 동안 대출 손실 충당금으로 873,000달러를 기록했으며, 이는 2024년 3분기 14만 달러에 비해 증가한 수치다.  2024년 12월 31일 기준으로 대출 손실 충당금은 3,291만 6천 달러로, 총 대출의 1.21%를 차지한다.  또한, 회사는 2025년 2월 21일에 주당 0.27 달러의 현금 배당금을 지급할 것이라고 발표했다.  2024년 12월 31일 기준으로 총 자산은 34억 4,366만 달러이며, 시장 가치는 3억 8,300만 달러에 달한다.  현재 회사의 재무 상태는 안정적이며, 자본 비율은 11.38%로, 이는 향후 성장 가능성을 시사한다.  ※ 본컨텐츠는 AI API를 이용하여 요약한 내용으로 수치나 문맥상 요약이 컨텐츠 원문과 다를 수 있습니다. 해당 컨텐츠는 투자 참고용이며 투자를 할때는 컨텐츠 원문을 필히 필독하시기 바랍니다. 원문URL(http://www.sec.gov/Archives/edgar/data/1436425/000143642525000005/0001436425-25-000005-index.htm)  데이터투자 공시팀 pr@datatooza.com  이 기사는 투자 참고용으로 이를 근거로 한 투자 손실에 대해 책임을 지지 않습니다. 해당 기사는 이데일리와 무관합니다. 기사는 데이터투자(www.datatooza.com)가 제공한 것으로 저작권은 데이터투자에 있습니다. 기사 내용 관련 문의는 데이터투자로 문의하시기 바랍니다.    ＜ⓒ종합 경제정보 미디어 이데일리 - 무단전재 & 재배포 금지＞    "
80,1,"2025-01-28","07:20:12","글로벌마켓 데일리(28일)","table.sz { font-size: 9pt; font-family:'나눔고딕'; <br> border-collapse:collapse; } <br>  글로벌마켓 데일리(28일)   cellspacing=0 width=700>                                                                                                                                                                                                                                                                                     Global Market Daily / Yonhap Infomax / 2025.01.28 금융시장지수PriceChg%Chg외환PriceChg%Chg 다우3044,713.58289.330.65Dollar Index107.366-0.089-0.08 S&P5006,012.28-88.96-1.46USD/KRW(NDF뉴욕)1,434.755.140.36 나스닥19,341.83-612.47-3.07USD/CNH7.25050.00740.10 VIX S&P50014.85-0.17-1.13USD/JPY154.56-1.33-0.85 필라델피아 반도체4,853.24-488.70-9.15EUR/USD1.0487-0.0007-0.07 유로스톡스505,188.45-30.92-0.59GBP/USD1.24880.00040.03 FTSE1008,503.711.360.02AUD/USD0.6289-0.0023-0.36 DAX3021,282.18-112.75-0.53EUR/KRW1,501.13-0.92-0.06 CAC407,906.58-21.04-0.27JPY/KRW925.877.850.86 MSCI 한국420.354.241.02CNH/KRW197.520.180.09 MSCI 이머징1,090.028.680.80BTC/USDT(Binance)101,520.00-1,100.01-1.07 EUREX 코스피200선물335.850.000.00ETH/USDT(Binance)3,162.51-70.10-2.17 S&P500 시총상위PriceChg%Chg미국채Yield/PriceChg%Chg 애플229.867.083.182년4.2040-7.40bp- 마이크로소프트434.56-9.50-2.145년4.3400-9.10bp- 엔비디아118.42-24.20-16.9710년4.5370-8.70bp- 아마존닷컴235.420.570.2430년4.7730-7.50bp- 메타 플랫폼스(페이스북)659.8812.391.91스프레드(10년-2년)0.3330-0.01bp- 테슬라397.15-9.43-2.322년 선물102.89060.13670.13 알파벳 A191.81-8.40-4.205년 선물106.51560.37500.35 알파벳 C193.77-8.13-4.0310년 선물109.09380.62500.58 브로드컴202.13-42.57-17.4030년 선물114.34381.15621.02 월마트97.402.642.79울트라30년 선물119.31301.40601.19 S&P500 종목상승/하락PriceChg%Chg원자재PriceChg%Chg 아메리칸워터웍스129.958.326.84WTI(최근월)73.10-1.56-2.09 AT&T24.141.426.25브렌트유(최근월)76.96-1.54-1.96 HCA헬스케어332.0018.936.05천연가스(최근월)3.69-0.34-8.32 SBA커뮤니케이션스207.9411.115.64대두(최근월)1,045.50-10.25-0.97 컨솔리데이티드에디슨94.894.294.74금(3M)2,740.47-0.73-0.03 비스트라에너지137.08-54.03-28.27구리(3M)9,185.00-149.00-1.60 아리스타네트웍스100.30-28.87-22.35알루미늄(3M)2,621.50-23.00-0.87 GE베르노바330.00-90.49-21.52아연(3M)2,839.00-29.00-1.01 컨스털레이션에너지275.00-72.44-20.85납(3M)1,953.00-8.00-0.41 콴타서비시스292.43-65.60"
80,2,"2025-01-28","07:20:06","마켓액세스홀딩스(MKTX), 로베르토 호른웨그 이사 선임","마켓액세스홀딩스(MKTX, MARKETAXESS HOLDINGS INC )는 로베르토 호른웨그가 이사로 선임됐다.  27일 미국 증권거래위원회에 따르면 2025년 1월 27일, 마켓액세스홀딩스(나스닥: MKTX)는 로베르토 호른웨그를 이사로 선임했다.  호른웨그는 2025년 3 월 1일부터 이사회에서 활동하며, 리스크 위원회와 재무 위원회에도 참여할 예정이다.  호른웨그는 여러 금융 기관에서의 리더십 경험과 고정 수익에 대한 지식을 바탕으로 글로벌 금융 시장에서의 폭넓은 전문성을 보유하고 있다.  최근에는 2024년 4월 스탠다드 차타드에서 기업 및 투자은행 부문의 공동 책임자로 임명되었으며, 2017년 1월부터는 글로벌 금융 시장의 책임자로 활동했다.  스탠다드 차타드에 합류하기 전에는 브레반 하워드 자산운용과 UBS 투자은행에서 고위직을 역임했다.  UBS 이전에는 모건 스탠리에서 17년간 근무하며 고정 수익 파생상품 부문에서 다양한 고위직을 맡았다.  마켓액세스의 CEO인 크리스 콘칸논은 “로베르토를 이사회에 맞이하게 되어 기쁘다. 그의 고정 수익 분야에서의 풍부한 경험과 국제 시장에 대한 깊은 지식은 마켓액세스의 글로벌 시장 확장에 큰 가치를 더할 것”이라고 말했다.호른웨그는 매사추세츠 공과대학교에서 경제학 전공으로 이학사 학위를 취득했다.  이 보도자료는 마켓액세스의 향후 성장 전망과 재무 성과에 대한 예측을 포함하고 있으며, 이러한 예측은 현재의 기대를 바탕으로 하고 있다.그러나 실제 결과는 여러 위험 요소와불확실성으로 인해 크게 달라질 수 있다.  마켓액세스는 2000년에 설립되어 전 세계 고정 수익 시장에서 기관 투자자와 중개업체에게더 나은 거래 효율성과 다양한 유동성을 제공하는 전자 거래 플랫폼을 운영하고 있다.  2,000개 이상의 기업이 마켓액세스의 특허 기술을 활용하여 고정 수익 증권을 효율적으로 거래하고 있다.  마켓액세스의 수상 경력에 빛나는 오픈 트레이딩® 마켓플레이스는 글로벌신용 시장에서 선호되는 거래 솔루션으로 널리 알려져 있다.  이 회사는 자동화된 거래 솔루션, 지능형 데이터 및 지수 제품, 다양한사후 거래 서비스를 포함한 고급 거래 생애 주기 솔루션을 통해 강력한 시장 참여자 네트워크를 연결하고 있다.  ※ 본 컨텐츠는 AI API를 이용하여 요약한 내용으로 수치나 문맥상 요약이 컨텐츠 원문과 다를 수 있습니다. 해당 컨텐츠는 투자 참고용이며 투자를 할때는 컨텐츠 원문을 필히 필독하시기 바랍니다. 원문URL(http://www.sec.gov/Archives/edgar/data/1278021/000119312525013383/0001193125-25-013383-index.htm)  데이터투자 공시팀 pr@datatooza.com  이 기사는 투자 참고용으로 이를 근거로 한 투자 손실에 대해 책임을 지지 않습니다. 해당 기사는 이데일리와 무관합니다. 기사는 데이터투자(www.datatooza.com)가 제공한 것으로 저작권은 데이터투자에 있습니다. 기사 내용 관련 문의는 데이터투자로 문의하시기 바랍니다.    ＜ⓒ종합 경제정보 미디어 이데일리 - 무단전재 & 재배포 금지＞    "
80,3,"2025-01-28","07:20:02","에너자이저홀딩스(ENR), 주주총회 결과 발표","에너자이저홀딩스(ENR, ENERGIZER HOLDINGS, INC. )는 주주총회 결과를 발표했다.  27일 미국 증권거래위원회에 따르면 2025년 1월 24일, 에너자이저홀딩스가 연례 주주총회를 개최했다.  이번 총회에서는 총 72,105,014주 중 66,126,701주가 참석하여 정족수를 충족했다.주주총회에서 투표에 부쳐진 안건의 최종 결과는 다음과 같다.  첫 번째 제안으로, 경영진이 추천한 이사 후보들이 2026년에 열릴 연례 주주총회까지 또는 그들의 후임자가 선출되고 자격을 갖출 때까지 재직하기로 선출됐다.  각 후보에 대한 주주 투표 결과는 다음과 같다: 후보자 Cynthia J. Brinkley는 찬성 59,057,259주, 반대 562,034주, 기권 31,766주, 중개인 비투표 6,475,642주; Rebecca D. Frankiewicz는 찬성 59,315,491주, 반대 281,644주, 기권 53,924주, 중개인 비투표 6,475,642주; Kevin J. Hunt는 찬성 59,285,662주, 반대 266,424주, 기권 98,973주, 중개인 비투표 6,475,642주; James C. Johnson은 찬성 58,731,213주, 반대 819,333주, 기권 100,513주, 중개인 비투표 6,475,642주; Mark S. LaVigne는 찬성 59,302,077주, 반대 254,554주, 기권 94,428주, 중개인 비투표 6,475,642주; Patrick J. Moore는 찬성 59,324,362주, 반대 227,336주, 기권 99,361주, 중개인 비투표 6,475,642주; Donal L. Mulligan은 찬성 59,309,844주, 반대 219,102주, 기권 122,113주, 중개인 비투표 6,475,642주; Nneka L. Rimmer는 찬성 59,176,170주, 반대 441,746주, 기권 33,143주, 중개인 비투표6,475,642주; Robert V. Vitale는 찬성 44,944,086주, 반대 14,604,629주, 기권 102,344주, 중개인 비투표 6,475,642주.다.  두 번째제안으로, PricewaterhouseCoopers LLP를 2025 회계연도의 독립 등록 공인 회계법인으로 임명하는 안건이 주주 투표에 의해 승인됐다.투표 결과는 찬성 65,470,929주, 반대 596,721주, 기권 59,051주였다.세 번째 제안으로, 회사의 경영진 보상안이 주주들의 비구속 자문 투표에 의해승인됐다.  투표 결과는 찬성 57,707,859주, 반대 1,875,108주, 기권 68,092주, 비투표 6,475,642주였다.  네 번째 제안으로, 이사 선출 사임 거버넌스 정책에 대한 주주 제안은 주주 투표에 의해 승인되지 않았다.  투표 결과는 찬성 10,157,030주, 반대 49,378,557주, 기권 115,472주, 비투표 6,475,642주였다.  2025년 1월 27일, 에너자이저홀딩스의 재무부장인 John J. Drabik이 서명한 현재 보고서가 제출됐다.  현재 에너자이저홀딩스의 재무상태는 안정적이며, 주주들의 지지 속에 경영진의 지속적인 리더십이 기대된다.  주주총회에서의 투표 결과는 회사의 향후 방향성과 경영 전략에 중요한 영향을 미칠 것으로 보인다.  ※ 본 컨텐츠는 AI API를 이용하여 요약한 내용으로 수치나 문맥상 요약이 컨텐츠 원문과 다를 수 있습니다. 해당 컨텐츠는 투자 참고용이며 투자를 할때는 컨텐츠 원문을 필히 필독하시기 바랍니다. 원문URL(http://www.sec.gov/Archives/edgar/data/1632790/000163279025000018/0001632790-25-000018-index.htm)  데이터투자 공시팀 pr@datatooza.com  이 기사는 투자 참고용으로 이를 근거로 한 투자 손실에 대해 책임을 지지 않습니다. 해당기사는 이데일리와 무관합니다. 기사는 데이터투자(www.datatooza.com)가 제공한 것으로 저작권은 데이터투자에 있습니다. 기사 내용 관련 문의는 데이터투자로 문의하시기 바랍니다.    ＜ⓒ종합 경제정보 미디어 이데일리 - 무단전재 & 재배포 금지＞    "
80,4,"2025-01-28","07:20:00","설 연휴 이후 금리 내려갈 요인만 가득..눈치 보던 '영끌족'은 변수","[머니투데이 이창명 기자]   설 연휴가 지난 뒤 금리인하에 무게가 실리면서 그간 눈치만 보며 움츠려 있던 영끌족들이 움직일지 주목된다.   28일 은행권에 따르면 한국은행의 기준금리와 코픽스(COFIX·자금조달비용지수), 여기에 금융당국의 가산금리 압박이 더해지면서 내달부터 본격적으로 금리가 내려갈 전망이다. 우선 한은은 '2025년 통화신용정책 운영방향' 보고서를 통해 물가상승률이 안정된 흐름을 유지한다고 예상하고, 기준금리 추가인하를 시사했다. 올해 1월부터 금리인하가 예상됐지만 비상계엄으로 인한 환율 상승이란 변수로 인해 1월 금융통화위원회에선 기준금리가 동결됐다. 그만큼 내달 열리는 금통위에선 기준금리 인하가 확실하다는 전망이 쏟아진다.   기준금리가 내려가면 은행 변동형 대출금리를 산정하는 기준으로 쓰이는 코픽스도 떨어지는 경향을 보인다. 실제로 코픽스는 최근 석 달 연속 하락했다. 은행연합회가 지난 15일 공시한 지난해 12월 신규 취급액 기준 코픽스는 3.22%로 전월보다 0.13%포인트 하락했다. 지난해 10월부터 3개월 연속 하락이다. 잔액 기준 코픽스는 3.47%로 전월 대비 0.06%포인트 하락했고, 신잔액 기준 코픽스는 2.98%로 전월보다 0.09%포인트 떨어졌다. 이는 기준금리 인하에 따라 은행 예·적금 이자도 하락하면서 그만큼 은행들의 자금조달 비용 부담이 줄어든 덕분으로 분석된다.  다만 은행들은 기준금리와 코픽스가 내려가더라도 가산금리를 조정해 주택담보대출 등의 금리를 내리지 않고 유지하거나 오히려 더 높일 수도 있다. 가산금리는 각 은행이 자체적으로 원가와 비용, 각종 위험에 대한 프리미엄으로 산정되는 금리를 말한다.   하지만 최근 금융당국과 정치권이 은행에 금리인하 부담을 주면서 당분간 가산금리를 올리기가 쉽지 않을 전망이다. 실제로 지난 22일 김병환 금융위원장은 기자간담회에서 ""2025년이 시작됐고 기준금리가 떨어진 부분에 대해서 은행들이 이제는 반영해야 될 시기라는 생각을 갖고 있다""고 밝혔다. 이재명 더불어민주당 대표도 지난 20일 6개 은행장과 간담회를 갖고 ""(은행이) 서민들의 희망이 될 수 있도록역할을 해달라""고 말했다. 이에 앞서 민주당은 가산금리 산정에 보험료와 법정출연금을 반영하지 못하도록 하는 은행법 개정안을 발의했다.   올해 금리가 떨어질 가능성이 높다는 전망에 따라 '영끌족'의 움직임도 주목된다. 이들의 무리한 대출 수요가 부동산에 몰리면서자산 시장을 자극할 수 있는 변수로 떠오를 수 있어서다. 특히 전문가들은 올해 금리인하로 인한 대출은 부동산 양극화로 이어질 수 있다고우려했다.   안동현 서울대 경제학과 교수는 ""현재 환율 상황을 고려할 때 무작정 금리인하는 물가 상승을 불러올 수 있다는 점에서 바람직하지 않다고 본다""면서 ""무엇보다 금리인하에 따라 부동산 시장이 자극받을 가능성이 크고, 지방보단 서울, 특히 서울 안에서도 강남권을 중심으로 부동산이 집중적으로 올라 양극화가 우려된다""고 말했다.     [관련기사] ☞ 기캐 故오요안나, '직장 괴롭힘' 당했다?…유서에 ""오보 뒤집어 씌워"" ☞ '사채설, 비혼주의' 소문에 펄쩍 뛴 이이경…""절대 아냐"" ☞ '결혼' 경사 앞두고 뿔난김종민 ""속지마세요"" 고발 나선다 ☞ ""다른 남자와 잠자리 강요""…이혼 변호사도 당황 ☞ 집 곳곳에 커플사진?…지상렬, 동거녀 공개   이창명 기자 charming@mt.co.kr     키워드림론 최대 4배 주식자금 & 고금리 대환상품 한도 오픈! (1644-6960)   [무료운세] 믿어야 돼 말아야 돼? 종목매수전에 믿고보는 '오늘의 운세'        [파워 인터뷰]       매수전에 점 부터 보고 가실께요 -> 오늘의 운세 [복채무료]      ⓒ 머니투데이 & mt.co.kr, 무단 전재 및 재배포 금지"
80,5,"2025-01-28","07:19:00","애증의 왕과 왕후 사이 그린 '원경…방영 중 이례적 스핀오프도","애증의 왕과 왕후 사이 그린 '원경…방영 중 이례적 스핀오프도  조선왕조 태종·원경왕후 관계 조명…과도한 노출·CG 논란도       (서울=연합뉴스) 김경윤 오명언 기자 = tvN·티빙 오리지널 드라마 '원경' 속 태종 이방원(이현욱 분)의 엄지손가락에는 늘 용 모양의 반지가 끼워져있다.      태종과 원경왕후 민씨(차주영)가 서로를 애틋하게 여기던 잠저(潛邸·임금이 되기 전의 시기) 시절에 나눈 증표로, 살이 쓸려 반지에 피가 묻어도 빼지 않는다. 그리고 이 피 묻은 반지는 둘의 관계를 단적으로 보여준다.       '원경'은 조선왕조 태종과 원경왕후의 애증 어린 관계에 초점을 맞춘 사극 드라마다.      원경왕후에게 태종은 연인이었으며, 동지였고, 동시에 자기 형제들을 죽이고 집안을 무너뜨린 원수기도 하다.      태종이 고려를 무너뜨리는 데 혁혁한 공을 세우고, 왕자의 난을 거쳐 왕위에 오를 수 있었던 데는 원경왕후의 공이 컸다.      태종도 이를 알고 있지만, 동시에 원경왕후의 손아귀에서 벗어나려 한다. 특히 민씨 집안이 지나치게 큰 힘을 갖는 것을 경계한다.      극 중 둘은 맹렬히 싸우거나 열렬히 사랑하거나 혹은 이 두 가지를 동시에 하는 극단적인 행동을 반복한다. 날 것의 감정싸움은 그 어떤로맨스 드라마보다도 생생하게 묘사된다.       '원경'에서 가장 매력적인 것은 캐릭터다.      태종은 '용의 눈물'과 '육룡이 나르샤', '태종 이방원' 등을 통해 여러 차례 드라마로 만들어질 정도로 사극 시청자들에게 유독 사랑받는 역사적 인물이다.      이번 드라마에서는 자존심과 열등감이 강해 아버지의 인정과 부인의 존경을 바라는 태종의 모습이 세세하게 그려졌다.      여기에 원경왕후는 고려말 권문세족의 딸로 태어나 남편을 직접 고르고, 왕으로 만들어내는 호걸로 묘사됐다.      원경왕후는 극 중에서 직접 자신이 결혼할 상대를 고르고, 갑옷을 입고 검을 휘두른다. 또 자신을 누르려는 태종 앞에서 절대 주눅 들지않는다.      태종의 ""내가 만든 조선에서는 부디 조선의 여인으로 사시오""라는 말에 ""차라리 고려의 여인으로 죽겠습니다""라고 대차게 받아치는 원경왕후의 모습에서 두 사람의 성격이 읽힌다.       이 때문에 '원경'이 과도한 노출 연기로 이목을 모았다는 점이 한층 아쉬울 수밖에 없다. 노출이 없었더라도 이야기가 가진 힘 덕분에 충분히 시청자를 끌어모았을 것으로 보이기 때문이다.      극중 상반신을 모두 노출한 원경왕후는 물론 후궁들의 동침 장면이 반복적으로 등장한다.      컴퓨터그래픽(CG)을 사용해 노출 장면을 처리한 것으로 알려졌지만, 대본에는 없는 노출 수준을 제작진이 요구했다는 지적이 나오기도 했다.      이에 제작사 스튜디오드래곤은 ""처음부터 티빙 버전은 '청소년 관람 불가' 등급으로 제작된다는 점을 오픈하고 캐스팅을 진행했다""며 ""노출 장면이 있다는 것도 오픈된 상태였고, 노출 수위에 대해서는 캐릭터와 장면의 특징에 따라 배우별로 진행된 부분이 있으며, 제작이 이루어지는 단계별로 소속사 및 배우별로 협의를 거쳤다""고 설명했다.       '원경'의 이야기가 반환점을 돈 가운데 새로운 시도도 눈에 띈다.      티빙은 지난 21일 드라마 '원경'의 프리퀄(전 이야기)에 해당하는 '원경: 단오의 인연'을 공개했다.      태종과 원경왕후가 10대 시절에 서로를 만나고, 함께 손을 잡고 같은 방향으로 나아가게 되는 이야기를 담았다.      '원경' 방영을 시작한 지 고작 2주 만이자 총 12부작의 절반에 해당하는 6회까지 공개된 시점에 등장한 스핀오프다.      드라마가 마무리되고 나서 인기에 힘입어 후속작이 나오는 경우는 있어도, 이처럼 방영 도중에 스핀오프 특별판을 내놓는 것은 이례적이다.      이 가운데 '원경'의 시청률은 꾸준히 5%대를 유지하고 있다.      tvN 월화드라마 가운데서는 '내 남편과 결혼해줘' 이후 처음으로 첫 방송 시청률이 5%를 기록한 작품이라고 티빙 관계자는 설명했다.      또 다른 콘텐츠 업계 관계자도 ""주말드라마도 아니고 케이블 방송 월화드라마가 5%대를 보이는 것은 꽤 고무적인 성과""라며 ""화제성도 높다""고 평가했다.       heeva@yna.co.kr  (끝)     <저작권자(c) 연합뉴스, 무단 전재-재배포, AI 학습 및 활용 금지>"
80,6,"2025-01-28","07:18:36","뉴코(NUE) 주당순이익 대폭증가 +16.19%","뉴코(NUE) 주당순이익 대폭증가 +16.19%   1월27일, 뉴코(NUE, 뉴욕증권거래소)는 2024년 12월기준으로 실적을 발표함.  1) 뉴코 주요실적   - 매출액 : 70억 8000만달러(-4.89%)   - 주당순이익(EPS) : 1.22$(+16.19%)  (*증감률은 직전분기대비 기준임)  2) 뉴코 재무비율과 투자지표   - EPS(주당순이익) : 1.22$   - 예상PER(주가수익비율) : 16.45배   - PBR(주가순자산비율) : 1.40배   - EV/EBITDA : 5.99배   * 이용상의 주의 사항  금융시장의 변동에 따라 실적 발표 일정과 공시는 지속적으로 변동됩니다. 본 서비스는 미국 실적 공시를 실시간 데이터화 하여 제공함에 있어 공시의 오류, 데이터 수집 프로세스상의 에러 및 지연 등 다양한 서비스상의 오류와 지연이 있을 수 있습니다. 본 서비스를 이용함에 있어 그 이용에 따르는 책임은 이용자 본인에게 있으며, 어떠한 거래 손실이나 다른 손실에 대해서도 책임지지 않습니다."
80,7,"2025-01-28","07:18:15","폭설에 막혔던 호남고속도로 서대전-계룡 구간, 통행 재개","설 전날인 28일 새벽 대전에 대설경보가 내려진 가운데 눈이 수북이 쌓인 대전 도심 한 도로에서 사고 차량이 견인되고 있다. [연합]     [헤럴드경제=문영규 기자] 충청권, 전라권 등에 대설경보가 발효된 가운데 전북 완주군 호남고속도로 서대전에서 계룡 오르막 구간의 양방향통행이 28일 오전 차단됐다가 오전 7시께 재개됐다.   이날 기상청에 따르면 대전·세종·충남에 대설특보가 발효 중인 가운데 계속 눈이 내릴 것으로 예상된다.   대전지방기상청은 설 명절 당일인 29일까지 적설량이 5∼15㎝, 많은 곳은 20㎝ 이상 될 것으로 예보했다.   대전·세종과 충남 당진·서산·아산·천안·계룡·공주·부여·청양에는 대설경보가, 충남 태안·홍성·예산·보령·서천·논산·금산에는대설주의보가 발효 중이다.   오전 5시 기준 적설량은 계룡산 26.4㎝, 당진 신평 22.8㎝, 아산 18.0㎝, 세종 15.9㎝, 천안 14.9㎝, 대전 오월드와 청양 14.2㎝, 공주 12.7 ㎝ 등이다.   서해에는 풍랑특보가, 충남 서해안에는 강풍주의보도 내려져 있다.   대전기상청 관계자는 “눈이 쌓이고 얼어 빙판길이 되는 곳이 많겠으니 차량 운행 때 반드시 감속하고, 축사와 비닐하우스 등 시설물 피해에주의해달라”고 당부했다."
81,1,"2025-01-28","07:11:00","결혼도 늘고 아이도 늘었다…출생아수 9년 만에 반등 '확실시'","[머니투데이 세종=정현수 기자] 지난해 출생아수가 9년 만에 반등할 것으로 확실시된다. 통계청의 공식 통계가 지난해 11월 출생아수까지만 나왔지만, 11월까지의 흐름만 봤을 때 반등은 기정사실로 받아들여진다. 연간 출생아수가 증가하는 것은 9년 만이다. 합계출산율 역시 오를 전망이다.   28일 통계청에 따르면 지난해 1월부터 11월까지 출생아수는 전년동기 대비 3.0% 증가한 22만94명이다. 3개월 연속 두자릿수 비율로 출생아수가 늘어나면서 연간 누적 출생아수도 증가했다. 지난해 11월 출생아수만 해도 14년 만에 최대 증가율인 14.6%를 기록했다.   이런 추세라면 지난해 연간 출생아수는 약 24만명까지 증가할 전망이다. 이 경우 2023년 연간 출생아수(23만28명)를 웃돌게 된다. 연간 출생아수는 2015년 전년대비 증가한 이후 줄곧 감소하며 역대 최저치를 갈아치우고 있던 상황이다.   정부도 지난해 연간 출생아수가 반등할 것으로 보고 있다. 합계출산율 역시 2023년(0.72명) 수준을 웃돌 전망이다.   주형환 저출산고령사회위원회 부위원장은 지난 23일 ""9년 만에 출생아수 반등은 확실시되고 있다""며 ""이대로라면 2024년 합계출산율은 당초 예상했던 0.74명을 넘어 0.75명을, 2024년 연간 출생아수는 24만명에 근접한 수치를 기록할 것으로 기대된다""고 말했다.  통계청 통계와 별도로 집계되는 행정안전부의 주민등록인구 출생등록자도 지난해 9년 만에 반등했다. 지난해 출생등록자는 24만2334명으로 2023년(23만5039명)보다 3.1% 증가했다. 통계청의 출생아수는 발생월 기준으로 지연신고 등을 추정해 합산하고 국내 거주만 집계하기 때문에 주민등록인구 출생등록자와 차이를 보인다.   출생아수 증가는 올해도 이어질 가능성이 있다. 출생아수에 직접적인 영향을 주는 혼인건수가 2023년부터 증가세로 돌아섰기 때문이다. 특히지난해에는 1월부터 11월까지 혼인건수가 전년동기 대비 13.5% 증가하며 가파른 증가세를 보인다. 월별 혼인건수는 5개월 연속 두자릿수 비율의 증가세를 기록했다.   통계청이 집계하는 지난해 연간 출생아수는 다음달 26일 공표될 예정이다.     [관련기사] ☞ '결혼' 경사 앞두고 뿔난 김종민 ""속지마세요"" 고발 나선다 ☞ 전한길 ""난 노사모 출신""…노무현재단 ""법적 대응"" ☞ ""다른 남자와 잠자리 강요""…이혼 변호사도 당황 ☞ '상습도박' 슈, SES 자료화면서 모자이크 '굴욕' ☞ 집 곳곳에 커플사진?…지상렬, 동거녀 공개   세종=정현수 기자 gustn99@mt.co.kr     키워드림론 최대 4배 주식자금 & 고금리 대환상품 한도 오픈! (1644-6960)   [무료운세] 믿어야 돼 말아야 돼? 종목매수전에 믿고보는 '오늘의 운세'        [파워 인터뷰]       매수전에 점 부터 보고 가실께요 -> 오늘의 운세 [복채무료]      ⓒ 머니투데이 & mt.co.kr, 무단 전재 및 재배포 금지"
81,2,"2025-01-28","07:11:00","'빚 돌려막는 어르신들'…60대 이상 다중채무자 급증","'빚 돌려막는 어르신들'…60대 이상 다중채무자 급증 3040은 '영끌' 지속…與 박성훈 ""취약계층 지원 강화해야""       (서울=연합뉴스) 한지훈 기자 = 지난해 들어 3분기 말까지 60대 이상 고령층에서 다중채무자가 급증한 것으로 나타났다.      28일 국회 기획재정위원회 소속 국민의힘 박성훈 의원이 한국은행에서 제출받은 자료에 따르면, 60대 이상의 다중채무자 대출 잔액은 지난해 3분기 말 80조2천억원으로 집계됐다.      지난 2023년 말 72조8천억원보다 10% 넘게 뛰었다.      다중채무자는 금융기관 3곳 이상에서 대출을 이용 중인 차주를 의미한다. 이 대출 잔액이 늘어난 것은 전 연령대에서 60대 이상이 유일했다.      같은 기간 30대 이하 다중채무자 대출 잔액은 140조5천억원에서 134조4천억원으로 오히려 4.3% 줄었다. 40대는 189조8천억원에서 186조5 천억원으로 1.7%, 50대는 163조원에서 156조2천억원으로 4.2% 각각 감소했다.      차주 수 자체도 60대 이상만 크게 늘어 눈길을 끌었다.      60대 이상 다중채무자 차주 수는 지난 2023년 말 60만2천명에서 지난해 3분기 말 63만4천명으로 5% 이상 증가했다.      같은 기간 30대 이하는 138만3천명에서 137만6천명으로 0.5%, 40대는 134만4천명에서 131만9천명으로 1.9% 각각 감소했다. 50대는 119만6천명에서 120만3천명으로 늘었지만, 증가율은 0.6%에 그쳤다.       한편, 1인당 부채를 보면 30대 이하와 40대에서 유독 증가세가 가팔랐던 것으로 나타났다.      30대 이하 연령대의 1인당 평균 은행 대출 잔액은 지난해 3분기 말 7천314만원으로, 2023년 말 6천999만원보다 4.5% 증가했다.      40대의 1인당 평균 잔액도 1억567만원에서 1억1천3만원으로 4.1% 늘었다.      50대는 9천33만원에서 9천210만원으로 2.0%, 60대 이상은 7천618만원에서 7천753만원으로 1.8% 각각 늘어나는 데 그쳐 상대적으로 증가율이 낮았다.      박 의원은 ""내수 부진이 장기화되면서 고령층과 3040세대를 중심으로 가계부채 부담이 더욱 커지는 양상""이라며 ""경제 회복과 취약계층지원을 위한 예산 조기 집행 등의 차질 없는 수행과 함께 안정적인 가계부채 관리 노력이 필요하다""고 강조했다.       hanjh@yna.co.kr  (끝)      <저작권자(c) 연합뉴스, 무단 전재-재배포, AI 학습 및 활용 금지>"
81,3,"2025-01-28","07:10:45","요약-독일계 미국 은행 4분기 신용 손실 충당금 미화 -4440만 달러","BRIEF-German American Bancorp Q4 Credit Loss Provision USD -44.4 Million  1월 27일(로이터) - 독일계 미국인 Bancorp 4분기 배당금 USD 0.29.        (c) Copyright Thomson Reuters 2020. Click For Restrictions - https://agency.reuters.com/en/copyright.html   원문 바로가기    DISCLAIMER  레피니티브의 사전, 서면승인 없는 톰슨로이터 콘텐츠의 재생산이나 재배포는 금지되어 있습니다. 이 기사의 한국어 번역은 에프앤가이드가 사용하는 기계적 번역에의한 것으로 톰슨로이터와 레피니티브는 번역의 정확성을 보증하지 않습니다."
81,4,"2025-01-28","07:10:10","퀘이커교도, 미국 이민국 요원의 예배당 출입을 막기 위해 소송 제기","Quakers sue to keep US immigration agents out of houses of worship   1월 27일(로이터) - 트럼프 행정부가 교회와 학교를 대량 추방 캠페인으로부터 보호하는 지침을 철회한 후 퀘이커 그룹이 미국 이민국 요원들이 예배당에서 체포와 수색을 하지 못하도록 하기 위해 월요일 소송을 제기했습니다.  지난주 도널드 트럼프 대통령의 국토안보부 장관 대행은 병원, 대피소, 놀이터, 식품 저장고 등 '보호 구역'에서의 이민 단속을 제한하는 바이든 행정부의 행정명령을 발표했습니다.  트럼프는 서류 미비자 수백만 명을 추방하겠다고 공약했으며, 국토안보부는 이 정책 변경으로 서류 미비자들이 더 이상 체포를 피하기 위해 교회에 머물 수 없게 될 것이라고 말했습니다.  법무부는 논평을 거부했습니다. 국토안보부는 논평 요청에 즉시 응답하지 않았습니다.  5개 퀘이커 단체는 이 정책이 신도들에게 공포를 심어 종교를 실천할 권리를 침해하고 예배를 취소하게 만들었다고 소송을 제기했습니다. 또한 보호 구역에서 체포와 수색을 피하라는 이전 지침이 30년 동안 유지되어 왔다고 말했습니다.  소송을 제기한 5개 퀘이커 단체 중 하나인 볼티모어 연례 종교인 모임은 성명에서 ""정부 관리들이 종교 예배 외에는 ICE가 새겨진 재킷을 입는 것은 우리 지역사회와 신앙 실천 능력에 큰 영향을 미칠 것""이라고 말했습니다.  이 소장은 이 정책이 미국 헌법과 행정법, 종교의 자유를 보호하는 법률에 따른 퀘이커교도들의 권리를 침해했다고 주장했습니다.  퀘이커교도들은 메릴랜드주 그린벨트의 시어도어 추앙 미국 지방법원 판사에게 이 정책이 위헌임을 선언하고 요원들이 예배 장소에서 강제집행을 실시하지 못하도록 해달라고 요청했습니다.  트럼프 정책에 이의를 제기하는 소송은 지금까지 12건 이상 제기되었지만, 종교 단체가 제기한 소송은 이번 퀘이커교 소송이 처음인 것으로 보입니다.   조 바이든 행정부에서는 사람들이 필요한 식량과 의약품을 구하는 것을 방해하지 않도록 대피소와 병원 등 보호 구역에서 사람들을 체포하거나 기타 집행 조치를 취하지 말라는 지시를 받았습니다.      (Reporting by Tom Hals in Wilmington, Delaware; additional reporting by Nate Raymond; Editing by Aurora Ellis)  thomas.hals@thomsonreuters.com ; +1 610 544 2712; Reuters Messaging:      (c) Copyright Thomson Reuters 2020. Click For Restrictions - https://agency.reuters.com/en/copyright.html        Keywords: USA-TRUMP/MIGRATION-WORSHIP-LAWSUIT   원문 바로가기    DISCLAIMER  레피니티브의 사전, 서면 승인 없는 톰슨로이터 콘텐츠의 재생산이나 재배포는 금지되어 있습니다. 이 기사의 한국어 번역은 에프앤가이드가 사용하는 기계적 번역에 의한 것으로 톰슨로이터와 레피니티브는 번역의 정확성을 보증하지 않습니다."
81,5,"2025-01-28","07:10:05","퍼스트US뱅크셰어스(FUSB), 2024년 4분기 및 연간 실적 발표","퍼스트US뱅크셰어스(FUSB, FIRST US BANCSHARES, INC. )는 2024년 4분기 및 연간 실적을 발표했다.  27일 미국 증권거래위원회에 따르면 2025년 1월 27일, 퍼스트US뱅크셰어스가 2024년 12월 31일로 종료된 분기의 재무 결과를 발표했다.  2024년 4분기 동안 순이익은 190만 달러, 희석 주당순이익은 0.29 달러로 나타났다. 이는 2024년 3분기(220만 달러, 0.36 달러) 및 2023년 4분기(230만달러, 0.36 달러)와 비교할 때 감소한 수치다.  2024년 전체 순이익은 820만 달러, 주당순이익은 1.33 달러로, 2023년과 동일한 주당순이익을 기록했다.각 기간에 대한 주요 재무 데이터를 요약하면 다음과 같다.  2024년 12월 31일 기준으로 순이익은 190만 달러, 희석주당순이익은 0.29 달러, 평균 자산 수익률(연환산)은 0.63%, 평균 보통주 자본 수익률(연환산)은 6.92%, 평균 유형 보통주 자본 수익률(연환산)은 7.49%이다. 2024년 전체로는 순이익이 820만 달러, 주당순이익이 1.33 달러, 평균 자산 수익률(연환산)은 0.76%, 평균 보통주 자본 수익률(연환산)은 8.62%, 평균 유형 보통주 자본 수익률(연환산)은 9.37%이다.  2024년 4분기 동안 이자 수익은 1,442만 달러로, 이자 비용은 567만 달러로 나타났다. 순이자 수익은 874만 달러로, 2023년 4분기(911만 달러)와 비교하여 감소했다. 2024년 전체 순이자 수익은 3,614만 달러로, 2023년의 3,735만 달러에 비해 감소했다.  총 자산은 1,101,086만 달러로, 2023년 12월 31일의 1,072,940만 달러에 비해증가했다. 총 대출은 823,039만 달러로, 2023년 12월 31일의 821,791만 달러와 비슷한 수준이다. 주주 자본은 986억 2,400만 달러로, 2023년12월 31일의 905억 9,300만 달러에 비해 증가했다.  2024년 4분기 동안 배당금은 주당 0.07 달러로 증가했으며, 2023년의 0.05 달러에서 상승했다. CEO 제임스 F. 하우스는 “2024년은 대출 성장 측면에서 도전적인 해였지만, 희석 주당순이익을 이전 해와 일치하는 수준으로유지할 수 있었다”고 밝혔다.  현재 퍼스트US뱅크셰어스의 재무 상태는 안정적이며, 자산과 자본이 증가하고 있으며, 배당금도 증가하는 추세다. 그러나 대출 성장의 둔화가 우려되는 상황이다.  ※ 본 컨텐츠는 AI API를 이용하여 요약한 내용으로 수치나 문맥상 요약이 컨텐츠 원문과 다를 수 있습니다. 해당 컨텐츠는 투자 참고용이며 투자를 할때는 컨텐츠 원문을 필히 필독하시기 바랍니다. 원문URL(http://www.sec.gov/Archives/edgar/data/717806/000095017025009210/0000950170-25-009210-index.htm)  데이터투자 공시팀 pr@datatooza.com  이 기사는 투자 참고용으로 이를 근거로 한 투자 손실에 대해 책임을 지지 않습니다. 해당 기사는 이데일리와 무관합니다. 기사는 데이터투자(www.datatooza.com)가 제공한 것으로 저작권은 데이터투자에 있습니다. 기사 내용 관련 문의는 데이터투자로 문의하시기 바랍니다.    ＜ⓒ종합 경제정보 미디어 이데일리 - 무단전재 & 재배포 금지＞    "
81,6,"2025-01-28","07:10:02","수퍼너즈파마슈티컬스(SUPN), 비자극성 ADHD 치료제 Qelbree의 라벨 업데이트 발표","수퍼너즈파마슈티컬스(SUPN, SUPERNUS PHARMACEUTICALS, INC. )는 비자극성 ADHD 치료제 Qelbree의 라벨이 업데이트됐다.  27일 미국 증권거래위원회에 따르면 2025년 1월 27일, 수퍼너즈파마슈티컬스가 비자극성 주의력 결핍 과다행동장애(ADHD) 치료제 Qelbree의 라벨 업데이트를 발표했다.이번 업데이트에는 새로운 약리학적 데이터와 모유 수유 여성에 대한 정보가 포함됐다.  업데이트된라벨은 12.2 섹션에 새로운 데이터를 포함하고 있으며, 세로토닌 5-HT2C 부분 작용제 활성 및 노르에피네프린 수송체 억제에 대한 내용을 상세히 설명하고 있다. 이는 Qelbree의 다모드 약리학적 특성을 강조한다.  Qelbree는 2019년 FDA의 임상 수유 연구에 대한 지침에 따라마케팅 후 요구 사항을 충족하고 라벨 승인을 받은 첫 번째 ADHD 치료제이다.  수퍼너즈파마슈티컬스는 미국 식품의약국(FDA)으로부터Qelbree(빌록사진 서방 캡슐)의 라벨 업데이트 승인을 받았다.  업데이트된 라벨은 빌록사진의 세로토닌 5-HT2C 수용체에 대한 부분 작용제 활성 및 노르에피네프린 수송체 억제를 설명하며, Qelbree의 다모드 약리학적 프로필을 강화한다.  Qelbree의 작용 메커니즘은 명확하지 않지만, 노르에피네프린의 재흡수를 억제하는 것으로 생각된다. 또한, 업데이트된 라벨은 ADHD를 가진 모유 수유 여성에 대한 새로운수유 데이터를 포함하고 있으며, Qelbree가 모유로의 전이가 낮음을 보여준다.Qelbree는 ADHD를 가진 6세 이상의 환자에게 사용이 승인됐다.  “이번 라벨 업데이트와 새로운 데이터는 Qelbree에 대한 이해를 심화시켜 ADHD 환자들의 치료 결정에 도움을 줄 수 있는 귀중한 통찰력을 제공한다”고 캘리포니아 대학교 리버사이드의 정신의학 및 신경과학 임상 교수인 스티븐 M. 스탈 박사가 말했다.  업데이트된 약리학적 데이터는 빌록사진의 세로토닌 5-HT2C 수용체에 대한 효과와 노르에피네프린 수송체 억제를 강조하며, Qelbree의 다모드 약리학적 특성에 대한 이해를 더한다.  라벨에 수유 데이터를 포함하는 업데이트는 2019년 FDA의 지침에 따라 수유 연구가 약물 사용 권장 사항을알리기 위해 수행되어야 한다는 내용을 따르며, 15명의 건강한 수유 여성에 대한 연구를 기반으로 한다.  연구 결과, 빌록사진과 그 대사물질(5-HVLX-gluc)의 모유 분비량이 평가되었으며, 결과는 각각 0.085 mg/kg 및 0.00595 mg/kg로 나타났다. 상대 유아 용량은 각각 약 1%및 0.07%로, 모체의 일일 용량(8.58 mg/kg)의 체중 정규화된 비율을 나타낸다. 이러한 데이터는 빌록사진의 모유로의 전이가 낮음을 뒷받침한다.  연구는 빌록사진이 모유 수유 아기에게 미치는 영향이나 모유 생산에 대한 추가 데이터를 평가하지 않았다. 모유 수유의 발달적및 건강적 이점은 Qelbree에 대한 어머니의 임상적 필요와 함께 고려되어야 한다.  “Qelbree의 라벨을 약리학적 데이터와 모유 수유어머니에 대한 사용을 포함하도록 확장함으로써, 수퍼너즈파마슈티컬스는 의료 제공자와 환자들이 정보에 기반한 치료 결정을 내릴 수 있도록 지원하고 있다”고 수퍼너즈파마슈티컬스의 CEO인 잭 A. 카타르가 말했다.  Qelbree는 6세 이상의 성인 및 아동의 ADHD 치료에 사용되는 처방약이다. Qelbree는 ADHD를 가진 아동 및 성인에서 자살 생각 및 행동을 증가시킬 수 있으며, 특히 치료의 첫 몇 개월 또는 용량이 변경될 때 주의가 필요하다.  Qelbree를 시작하기 전에 자살 생각이나 행동의 가족력이 있는 경우 의사에게 알리도록 한다. 치료 중 기분, 행동, 생각 및 감정을 모니터링하고, 이러한 증상의 새로운 변화가 있을 경우 즉시 보고해야 한다.  Qelbree는 MAOI(모노아민 산화효소 억제제) 약물을 복용 중이거나 지난 14일 이내에 복용을 중단한 경우 사용해서는 안 된다. Qelbree는 혈압과 심박수를 증가시킬 수 있으며, 의사가 이러한 중요한 징후를 모니터링할 것이다.  Qelbree는 양극성 장애 환자에서 조증 에피소드를 유발할 수 있다. Qelbree가 자신이나 자녀에게 미치는 영향을 알기 전까지는 운전이나 중장비 조작을 피해야 한다. Qelbree는 졸리거나 피곤한 느낌을 유발할 수 있다.  6세에서 17세 환자에서 가장 흔한 부작용은 졸림, 식욕 부진, 피로감, 메스꺼움, 구토, 수면 장애 및 과민성이며, 성인에서는 불면증, 두통, 졸림, 피로감, 메스꺼움, 식욕 감소, 구강 건조 및 변비가 있다. 이들은 Qelbree의 모든 가능한 부작용이 아니다. 부작용이 발생할 경우FDA에 보고하도록 권장된다.자세한 처방 정보는 Qelbree의 전체 처방 정보를 참조하면 된다.  수퍼너즈파마슈티컬스는 중추신경계(CNS) 질환 치료를 위한 제품 개발 및 상용화에 집중하는 생명공학 회사이다. 다양한 신경과 포트폴리오에는 ADHD, 파킨슨병 환자의 운동 이상증, 파킨슨병의 저운동성, 간질, 편두통, 경부 근긴장증 및 만성 침흘림에 대한 승인된 치료제가 포함된다. 또한, 저운동성, 간질, 우울증 및 기타 CNS 질환에 대한 새로운 잠재적 치료제를 개발하고 있다.  ※ 본 컨텐츠는 AI API를 이용하여 요약한 내용으로 수치나 문맥상 요약이 컨텐츠 원문과 다를 수 있습니다. 해당 컨텐츠는 투자 참고용이며 투자를 할때는 컨텐츠 원문을 필히 필독하시기 바랍니다. 원문URL(http://www.sec.gov/Archives/edgar/data/1356576/000135657625000002/0001356576-25-000002-index.htm)  데이터투자 공시팀 pr@datatooza.com  이 기사는 투자 참고용으로 이를 근거로 한 투자 손실에 대해 책임을 지지 않습니다. 해당 기사는 이데일리와 무관합니다. 기사는데이터투자(www.datatooza.com)가 제공한 것으로 저작권은 데이터투자에 있습니다.기사 내용 관련 문의는 데이터투자로 문의하시기 바랍니다.    ＜ⓒ종합 경제정보 미디어 이데일리 - 무단전재 & 재배포 금지＞    "
81,7,"2025-01-28","07:10:00","건설사, 불황에도 경력직 수시 채용 지속…신사업 인재 확보 움직임","국내 부동산 시장이 역대급 불황을 겪는 가운데 주요 건설사들은 필수 인재 채용을 멈추지 않고 있다. 경력직 중심 수시 채용이 확대되며업계는 필요한 인재 확보에 총력을 기울이는 모습이다.   28일 업계에 따르면 시공능력평가 27위 우미건설은 2025년 상반기 대졸 신입사원 채용 실무 면접을 진행 중이다. 다음 달 임원 면접을 거쳐 최종적으로 두 자릿수 인원을 뽑는다. 모집 부문은 공공사업, 품질기술, 조경, 자금, 건축, 토목 등이다.   HDC현대산업개발은 2025년 상반기 프로젝트 계약직 상시 채용을 진행하고 있다. 모집 분야는 토목, 건축, 기계설비, 전기, 품질, 안전보건직군이다. 관련 경력 4년 이상이면 우대한다. 영업(수주,도시정비사업) 부문은 실무 경력 3년 이상만 지원할 수 있다. 정규직이며 접수 마감일은 다음 달 2일이다.     두산건설도 현장 프로젝트 계약직 상시 채용을 운영 중이다. 건축시공, 토목시공, 안전관리, 품질관리, 건축설계, 토목시공, 기계, 전기, 현장관리 등 폭넓은 분야에서 채용을 진행한다.   SK에코플랜트는 품질관리자와 토목 시공 분야에서 경력 계약직을 채용 중이다. 품질관리자는 경력 3년 이상, 초대졸 이상을 요구하며, 모집 마감은 다음 달 13일이다. 토목 시공은 경력 4년 이상, 대졸 이상을 대상으로 하며 마감일은 다음 달 28일이다.   ◆해외·특화된 경력직 채용= 해외 경력직 채용도 열려있다. 현대엔지니어링은 플랜트사업본부에서 플랜트배관공사관리 분야 경력직 채용 중이다. 인도네시아 근무 조건의 계약직이며 다음 달 2일까지 모집한다.   현대건설은 뉴에너지 사우디아라비아 송전 현장 프로젝트 채용을 진행하고 있다. 계약직으로 송전 현장 공사를 담당하며, 모집 마감은 다음 달 26일이다. 불가리아 원전 설계공사 채용도 있다. 정규직으로 원자력 공정 관리와 공사 수행을 담당하며, 모집 마감은 다음 달 15일이다. 현대건설은 서울 본사에서 근무할 재경 분야 경력직 채용도 진행 중이다. 정규직이며 마감일은 오는 31일이다.   ◆미래 사업 인력 확보…신입·경력직 동시에= GS건설은 도심항공교통(UAM) 운항 및 관제 분야 전문 인력을 모집하고 있다. 이번채용은 UAM 사업 추진과 솔루션 개발을 위한 전문 경력자 대상이고, 다음 달 9일까지 모집한다. 지원 자격은 항공 관련 학과 학사 이상의 학력과 5년 이상의 직무 경력이다. 영어 활용 능력 우수자는 우대된다.   서희그룹은 신입 및 경력직 채용을 진행 중이다. 부문별 지원 요건이 다르며, 공고를 세부적으로 확인해야 한다. 서희건설 관계자는 ""건설업계가 어려운 상황이지만, 우리는 안정적인 수주와 원가관리를 통해 성장하고 있다""며 ""앞으로도 우수 인재를 채용하겠다""고 말했다.   경기 악화와 투자 위축으로 국내 고용 시장은 나빠지고 있다. 고용노동부가 최근 발표한 2024년 12월 사업체노동력조사 결과를 보면 지난해 12월 말 기준 1인 이상 사업체의 종사자는 2001만7000명이었다. 전년 같은 달과 비교해 8만4000명(0.4%) 증가하는 데 그쳤다. 증가 폭은석 달 연속 10만명을 밑돌았다.    건설업 종사자는 7만8000명(-5.3%) 줄며 타 업종 대비 고용 악화가 두드러졌다. 국토교통부에 따르면 지난해 국내 건설 투자는 2.7% 역성장했다.     ● 주식으로 돈 벌까? 오늘의 운세로 확인  ● 무조건 오르는 비공개 종목 '반드시' 확인하기(무료 체험)  ● 텔레그램에만 있는 비밀정보? “사람들이 텔레그램이 몰리는 이유!”   [관련기사]  ☞ [특징주]HDC현대산업개발, 52주 신고가…부동산 상승 최대 수혜주 부각  ☞ [클릭 e종목]HDC현대산업개발, 서울부동산 상승 최대 수혜주""  ☞ [클릭 e종목]""건설업종, 부동산 사이클 봐야""…상·하반기 추천종목은?  ☞ '35층 룰' 해제·대선후보 공급확대공약…건설주 수혜볼까?  ☞ 투자 성공의 핵심은 기업분석! 'CORE' 바로가기      최서윤 기자 sychoi@asiae.co.kr   <ⓒ투자가를 위한 경제콘텐츠 플랫폼, 아시아경제(www.asiae.co.kr) 무단전재 배포금지>"
82,1,"2025-01-28","07:02:43","[상보] 뉴욕증시, 中 딥시크 AI 충격에 혼조세…나스닥 3.07%↓","저비용 고성능 AI 등장하나 “AI판 스푸트니크 모멘트”       뉴욕증시가 27일(현지시간) 중국 인공지능(AI) 스타트업 딥시크가 불러온 충격에 혼조세를 보였다  이날 뉴욕증권거래소(NYSE)에서 다우지수는 전장보다 289.33포인트(0.65%) 상승한 4만4713.58에 장을 마감했다. S&P500지수는 전장보다 88.94포인트(1.46%) 밀린 6012.30에, 나스닥 종합지수는 612.47포인트(3.07%) 떨어진 1만9341.83에 각각 거래를 끝냈다.  중국 기업이 개발한 생성형 AI의 부상으로 미국 AI 산업에 위협이 될 수 있다는 우려가커지면서 기술주를 중심으로 매도세가 나타났다. 중국 AI 개발 기업 딥시크는 저비용으로 고성능 AI를 개발하고 있어 미국 AI 개발 우위를 흔들 수 있다는 전망으로 이어지고 있다. 이날은 딥시크가 출시한 오픈소스 생성형 AI 모델이 미국 앱스토어 무료 앱 순위에서 챗GPT를 제치고1위에 올랐다는 소식이 전해졌다.  딥시크는 지난해 12월 말 출시된 대규모 언어 모델의 초기 버전 설계 비용이 600만 달러가 채 되지 않는다고 밝혔다. 월가에서는 이 수치에 의문을 제기하고 있지만 그럼에도 이 스타트업의 주장은 훨씬 적은 투자로 대규모 AI 모델을 구축할 수 있다는 우려를 불러일으키고 있다. 저비용 고성능 생성형 AI 모델이 중국 등에서 쉽게 만들어질 경우 미국 시장에 돈을 쏟아부은 투자자들의 평가도 수정될 수밖에 없을 것으로 보인다.  미국 유력 벤처캐피털 앤드리슨홀로위츠의 파트너 마크 앤드리스는 중국 AI의 급격한 부상을 냉전 시대 때인 1957년 소련의 첫 인공위성 발사로 미국이 받았던 충격에 빗댔다. 그는 엑스(X·옛 트위터) 글에서 “딥시크의생성형 AI 모델인 R1은 내가 지금까지 본 것 가운데 가장 놀랍고 인상 깊은 혁신 중 하나”라며 “AI판 스푸트니크 모멘트”라고 평가했다.  AI 반도체 기업 엔비디아와 브로드컴 주가가 두 자릿수 하락했다. 반면 방어주나 소비 관련주에 대한 매수세가 유지되면서 증시의 하락 폭을 제한했다.  CFRA 리서치의 수석 투자 전략가인 샘 스토발은 “선매도 후 질문의 좋은 예시로 투자자들은 일반적으로 기술,특히 반도체 부문에 대한 평가가 다소 과도하다고 느끼고 있다”며 “투자자들이 반드시 주식에서 빠져나오는 것이 아니라 필수소비재, 헬스케어, 부동산과 같은 방어적인 영역으로 이동하고 있다는 점이 고무적이다”고 분석했다.  업종별로는 기술주가 5.58% 급락했다. 유틸리티도 2.33% 내렸다. 반면 필수소비재와 의료건강은 각각 2.85%, 2.19% 오르면서 강세를 보였다.  한편 연방준비제도(Fed·연준) 는 29일부터 연방공개시장위원회(FOMC)를 열고 기준금리를 결정할 예정이다. CME그룹의 페드워치툴에 따르면 연방 기금금리 선물 시장에서 연준이 3월까지 기준금리를 0.25%포인트 낮출 확률은 31.1%로 반영됐다. 이는 전날 마감 무렵보다 약 4%포인트(p) 상승한 수치다.  시카고옵션거래소(CBOE) 변동성 지수(VIX)는 전장 대비 3.05포인트(20.54%) 상승한 17.90을 나타냈다.  변효선 기자(hsbyun@etoday.co.kr)  [오늘의 핫클릭]  ●[내일날씨] 전국에 눈 내리고 강풍…‘대설특보’ 확대에 빙판길 조심 ●트럼프 디지털자산 시대…""가상자산 입법 마무리해야""  ●투자에 강한 경제신문 '이투데이' 증권 뉴스 ●[단독] 네이버, ‘AI 헬스 비서’ 첫발 뗐다 ●유망 바이오기업 8개사 투자 설명회…상장 등 투자·협력 모색 ●[실시간] 오늘의 주요 종목 뉴스 확인하기 ●[실시간] 오늘의 특징주 살펴보기       이투데이(www.etoday.co.kr), 무단전재 및 수집, 재배포금지  프리미엄 경제신문 이투데이  "
82,2,"2025-01-28","07:02:41","[뉴욕마켓워치] 딥시크 충격에 나스닥 3% 폭락…국채↑달러↓","[뉴욕마켓워치] 딥시크 충격에 나스닥 3% 폭락…국채↑달러↓       (서울=연합인포맥스) 국제경제부 = 27일(이하 미 동부시간) 뉴욕 금융시장에서 기술주 중심의 나스닥종합지수가 3% 폭락했다.      중국 인공지능(AI) 스타트업 '딥시크'의 AI챗봇 성능이 미국 빅테크의 것에 필적한다는 평가가 나오면서 기술주 투매가 이어졌다.      심지어 딥시크의 AI챗봇은 보급품인 엔비디아의 H800 제품을 활용한 것으로 알려지면서 빅테크 가치평가를 재산정하는 분위기다.      AI 테마를 선도해온 엔비디아는 17% 폭락했다. 시가총액은 하루 만에 6천억달러(약 862조원) 가량 증발했다.      안전자산 선호로 미국 국채가격은 급등했다. 글로벌 채권시장의 벤치마크 역할을 하는 미 국채 10년물 금리는 4.5% 초반대로 밀려났다.금리 선물시장에 반영된 올해 상반기 중 금리 인하 가능성은 70% 중반대로 높아졌다.      달러화 가치는 위험자산 회피로 사흘째 하락했다.      주요 6개 통화 대비 달러화 가치를 반영하는 달러인덱스(DXY)는 한때 106대까지 하락하기도 했다.      멕시코 페소는 도널드 트럼프 미국 대통령의 관세 부과 우려가 재점화되면서 큰 폭의 약세를 나타냈다. 안전통화로 분류되는 스위스프랑과 엔은 강세를 보였다.      뉴욕유가는 트럼프 미국 대통령의 관세정책에 대한 우려와 딥시크가 촉발한 위험자산 회피 심리에 하락했다.      딥시크 충격에 미국 경제지표는 시장에 영향을 거의 주지 못했다.      미국 상무부에 따르면 작년 12월 신규 주택 판매는 전달보다 3.6% 증가한 69만8천채(연환산)로 집계됐다. 연합인포맥스가 집계한 시장 전망치(67만채)를 웃돈다.      미국 댈러스 연방준비은행이 집계한 1월 텍사스 지역의 제조업 일반활동지수는 14.1로 전달에 비해 9.6포인트 급등했다. 2개월 연속 오르면서 2021년 10월 이후 3년 3개월 만의 최고치를 기록했다.      ◇주식시장      뉴욕증권거래소(NYSE)에서 다우존스30산업평균지수는 전장보다 289.33포인트(0.65%) 오른 44,713.58에 거래를 마감했다.      스탠더드앤드푸어스(S&P)500지수는 전장보다 88.96포인트(1.46%) 떨어진 6,012.28, 나스닥종합지수는 612.47포인트(3.07%) 급락한 19,341.83에 장을 마쳤다.      그간 뉴욕증시에는 AI 산업을 둘러싼 '미국 예외주의'가 있었다. 전 세계에서 현재 수준의 AI를 구현할 수 있는 기업은 미국에만 있기 때문에 주가에 AI 프리미엄을 더 얹어야 한다는 논리였다.      딥시크의 등장은 이 같은 프리미엄이 허상이었다는 점을 일깨운 사건이었다.      미국과 영국 등 서구 언론은 딥시크가 거대언어모델(LLM) 훈련에 사용한 그래픽처리장치(GPU)의 규모와 비용이 미국 빅테크들과 비교해훨씬 적었다며 극도의 효율성을 보여줬다고 지난주 집중 보도했다. 이는 마이크로소프트를 비롯한 주요 기술기업이 AI 투자에 불필요한 낭비를 한 게 아니냐는 의구심을 자극했다.      뉴욕타임스(NYT)는 지난주 기사에서 딥시크가 딥시크-V3 개발에 투입한 비용은 557만6천달러(약 78억8천만원)에 그쳤다고 전했다. 이는메타가 최신 AI 모델인 라마(Llama)3 모델에 'H100'으로 훈련한 비용의 10분의 1 수준이다.      H800은 미국의 고성능 반도체 수출 규제로 엔비디아가 H100의 사양을 낮춰 출시한 제품이다. 한마디로 딥시크는 저성능 저예산으로 챗GPT와 맞먹는 성능을 냈다는 것이다.      골드만삭스는 ""지금까지 시장은 구글이나 오픈AI, 마이크로소프트 등 AI에 투자하는 회사와 AI 관련 도구나 인프라를 제공하는 회사에 막대한 보상(프리미엄)을 줬다""며 ""딥시크 모델이 기존 AI 기업들의 지출에 의구심을 자극하면서 이 시나리오는 더 광범위하게 투자자들의 신뢰를 흔들고 있다""고 말했다.      시장의 신뢰가 흔들리면서 AI 관련주는 요동쳤다.      주요 AI 및 반도체 관련주로 구성된 필라델피아 반도체지수는 이날 9.15% 폭락했다. 작년 9월 3일 7.75% 급락한 이후 최대 낙폭이다.      필라델피아 지수가 마지막으로 9% 이상 폭락했던 시점은 2020년 3월 18일이었다. 이날 충격은 코로나19 사태가 한창이던 시절만큼 강력하다는 의미다.      AI 산업의 총아 엔비디아는 이날 주가가 17% 폭락했다. 하루 만에 시총이 5천900억달러나 급감하면서 한 번에 시총 3위 자리로 내려앉았다. 이날 하루 시총 감소분은 미국 증시 역사상 최대다.      또 다른 AI 산업 수혜주 브로드컴도 17.40% 폭락하며 시총이 1조달러 아래로 내려갔다. 마블테크놀로지도 -19.10%, 마이크론테크놀로지는 -11.71% 급락했다. 오라클도 14% 떨어졌다.      주식예탁증서(ADR) 기준으로 뉴욕증시에서 TSMC도 -13.33%, ASML은 -5.75%, Arm은 -10.19%의 하락률을 기록했다.      다만 모든 기술주가 투매에 휩쓸린 것은 아니다. AI 산업에서 상대적으로 뒤처졌던 애플은 관련 익스포저(위험 노출)가 적다는 점이 부각되며 오히려 3.18% 상승했다. 메타도 1.91% 올랐고 아마존도 강보합으로 선방했다.      마이크로소프트도 2%대, 알파벳은 4%대 하락률을 기록해 상대적으로 양호한 흐름을 보였다. 테슬라도 낙폭이 2.32%에 그쳤다.      래퍼 텐글러 인베스트먼트의 낸시 텐글러 최고경영자(CEO)는 ""애플은 우리 삶에서 가장 중요한 하드웨어인 엣지AI(온 디바이스 AI) 주도권을 갖고 있다""면서 ""최종 승자가 될 가능성이 있다""고 말했다.      CFRA리서치의 샘 스토발 최고투자전략가는 ""먼저 매도하고 나중에 질문하는 것이 좋은 예로 투자자들은 기술 전반, 특히 반도체에 대한평가가 약간 과도하다고 느낀다""며 ""투자자들이 꼭 주식을 매각하기보단 소비재나 부동산 같은 방어 영역으로 선회하고 있다는 건 고무적인부분""이라고 말했다.      안전 선호 심리가 강해지면서 다우 지수를 구성하는 우량주로 매수세가 몰렸다. 월마트와 코스트코는 2%대 상승률을 보였고 존슨앤드존슨과 프록터앤드갬블 같은 필수소비재도 3~4%대 상승률을 기록했다.      업종별로 보면 기술은 무려 5.58% 폭락했다. 유틸리티도 2.33% 급락했다. 대신 필수소비재는 2.85%, 의료건강도 2.19% 상승했다.      시카고상품거래소(CME) 페드워치툴에 따르면 연방기금금리 선물시장에서 3월까지 기준금리가 25bp 인하될 확률은 31.1%까지 올랐다. 전날 마감 무렵 대비 4%포인트 가량 상승했다.      시카고옵션거래소(CBOE) 변동성 지수(VIX)는 전장보다 3.05포인트(20.54%) 뛴 17.90을 기록했다.      ◇채권시장      연합인포맥스의 해외금리 일중 화면(화면번호 6532)에 따르면 오후 3시 현재 뉴욕 채권시장에서 10년물 국채금리는 직전 거래일 오후 3시 기준가보다 9.60bp 내린 4.5280%에 거래됐다.      통화정책에 민감한 2년물 금리는 4.1930%로 같은 기간 7.90bp 하락했다.      만기가 가장 긴 30년물 국채금리는 4.7710%로 7.90bp 낮아졌다.      10년물과 2년물 금리 차이는 직전 거래일 35.2bp에서 33.5bp로 약간 축소됐다.      국채금리와 가격은 반대로 움직인다.      미국 주가지수 선물이 유럽 거래에서부터 크게 밀리면서 안전선호 현상을 부채질했다. 10년물 금리는 한때 4.5010%까지 하락, 지난달 20 일 이후 최저치를 기록했다.      미 국채금리는 뉴욕 장으로 넘어오면서 낙폭을 다소 줄였으나 급락세 자체를 되돌리기에는 역부족이었다. 10년물 금리는 뉴욕 오전 장중4.56%를 살짝 넘어선 뒤 다시 뒷걸음질 쳤다.      미 국채 수요가 급증하면서 거래도 평소에 비해 훨씬 많았다. 오후 3시 기준 미 국채선물 거래량은 최근 20일 평균을 40%가량 웃돌았다.      딥시크의 AI 모델이 훨씬 적은 비용으로도 오픈AI의 챗GPT에 필적하는 성능을 냈다는 평가가 지난 주말 사이 크게 확산, 미국 빅테크 밸류에이션에 대한 재평가론을 촉발했다. 미국 빅테크 주가가 너무 부풀려졌다거나 AI 관련 과도한 투자가 더 이상 필요 없는 게 아니냐는 지적이 쏟아졌다.      AI 테마를 선도해온 엔비디아는 한때 하락률이 18%를 넘어서기도 했다. 나스닥은 장중 대부분 3% 이상의 급락세를 이어갔다.      CFRA 리서치의 샘 스토벌 수석 투자전략가는 ""채권은 포트폴리오에 안정감을 제공하기 때문에 사람들이 안전 피난처인 국채에 관심을 갖는 것은 놀라운 일이 아니다""라고 말했다.      위스콘신 소재 아넥스웰스매지니먼트의 브라이언 야콥슨 수석 이코노미스트는 딥시크의 성능에 대한 평가가 사실이라면 ""지난 2년 동안시장을 주도하는 데 도움이 된 전체 AI 내러티브를 혼란에 빠뜨릴 수 있다""면서 ""이는 칩에 대한 수요가 줄어들고, 모델에 연료를 공급하기위한 대규모 전력생산의 필요성이 줄어들고, 대규모 데이터 센터에 대한 필요성이 줄어든다는 것을 의미할 수 있다""고 말했다.      이날 미 재무부는 오전과 오후에 걸쳐 두 차례 국채 입찰을 진행했다. 딥시크 충격에 입찰의 영향은 제한적이었다.      오전에 입찰에 부쳐진 2년물 690억달러어치는 시장 예상보다 소폭 높은 4.211%에 낙찰됐다. 오후 들어 실시된 700억달러 규모의 5년물 입찰은 발행 수익률이 4.330%로 결정됐다. 시장 예상을 0.6bp 밑돌았다.      미국 경제지표도 시장에 영향을 거의 주지 못했다.      미 상무부에 따르면 작년 12월 신규 주택판매는 전달보다 3.6% 증가한 연율 환산 기준 69만8천채로 집계됐다. 시장 예상치(67만채)를 웃돈 결과로, 전달 수치는 66만4천채에서 67만4천채로 상향 수정됐다.      시카고상품거래소(CME) 페드워치에 따르면, 연방기금금리(FFR) 선물시장은 뉴욕 오후 3시 42분께 연방준비제도(연준ㆍFed)의 이번 주 금리 동결 가능성을 97.3%로 가격에 반영했다.      상반기 내내 금리가 동결될 가능성은 전장 30.4%에서 24.3%로 낮아졌다.      ◇외환시장      연합인포맥스(화면번호 6411)에 따르면 오후 4시 현재 뉴욕 외환시장에서 달러-엔 환율은 154.575엔으로, 직전 거래일 뉴욕장 마감가 155.905엔보다 1.330엔(0.853%) 하락했다.      안전자산 선호 현상이 엔화 강세로 이어졌다. 달러-엔 환율은 미국 주가지수 선물이 폭락하면서 뉴욕 오전 6시 31분께 153.710엔까지 떨어지기도 했다.      달러-스위스프랑 환율은 0.9019스위스프랑으로 전장보다 0.0040스위스프랑(0.442%) 내려갔다. 한때 0.8963스위스프랑까지 굴러떨어지기도 했다.      마틴 슐레겔 스위스중앙은행(SNB) 총재는 이날 올해 스위스 인플레이션이 일시적으로 '제로(0)'를 하회할 수 있다고 전망했다.      그러면서 ""SNB는 마이너스(-) 금리를 좋아하지 않지만, 동시에 우리는 마이너스 금리를 배제하지 않는다""고 부연했다.      유로-달러 환율은 1.04880달러로 전장보다 0.00070달러(0.067%) 하락했다. 파운드-달러 환율은 1.24900달러로 0.00042달러(0.034%) 상승했다.      달러인덱스는 107.370으로 전장보다 0.086포인트(0.080%) 떨어졌다.      달러인덱스는 오전 8시 8분께 106.946까지 밀리면서 일중 저점을 찍었다. 106대까지 하락한 것은 지난해 12월 18일 이후 처음이다.      딥시크의 AI챗봇이 뉴욕증시를 강타했다. 엔비디아 등 AI 관련 미국 빅테크 기업의 주가가 폭락하면서 위험자산 회피심리가 고조됐고, 이에 미 국채 수익률도 급락했다.      딥시크의 AI챗봇은 훨씬 적은 비용으로 미국 빅테크의 것에 필적하는 성능을 낸다는 평가를 받았다. 미국 빅테크 기업의 '거품설'도 제기됐다.      인터랙티브 브로커스의 스티브 소스닉은 ""딥시크에 대한 갑작스러운 부정적인 시장 반응은 AI 거래와 주요 지수를 주도해온 핵심 가정 중 일부가 재평가되고 있음을 의미한다""고 평가했다.      도이체방크의 외환 전략 책임자 조지 사라벨로스는 ""모든 것을 종합해보면 중국에서 AI 혁신에 대한 뉴스 흐름은 궁극적으로 달러에 부정적으로 작용할 것""이라고 평가했다.      그는 ""가장 명확한 비유는 2000년대 닷컴 버블로, 외부 충격으로 미국 기술평가와 자본 지출이 대규모로 붕괴해 광범위한 영향을 미쳤다""고 지적했다.      '트럼프 관세 위협'의 척도로 여겨지는 달러-멕시코 페소 환율은 20.6799달러로 전장보다 0.412달러(2.035%) 급등했다. 달러 대비 페소가치가 급락한 것이다.      트럼프 대통령은 전날 불법 이민자 수용을 거부한 콜롬비아에 대해 최고 50%의 관세를 매기겠다고 했다.      콜롬비아가 불법 이민자를 받아들이겠다고 하면서 트럼프 대통령의 조치는 보류됐지만, 같은 이슈가 있는 멕시코에 대한 관세 우려가 재차 고개를 들었다.      배녹번 글로벌 포렉스의 마크 챈들러 수석 시장 전략가는 ""멕시코 페소는 오늘날 신흥 시장 통화 중 가장 약세""라며 ""콜롬비아에 대한 관세 위협에 동조해 피해를 본 것""이라고 평가했다.      달러-캐나다달러 환율은 1.4373캐나다달러로 0.00260캐나다달러(0.181%) 상승했다.      역외 달러-위안화(CNH) 환율은 7.2505위안으로 전장보다 0.0074위안(0.102%) 상승했다.      이날 발표된 중국의 1월 제조업 구매관리자지수(PMI)는 4개월 만에 '경기 위축' 국면으로 전환하며 시장 예상치를 밑돌았다. 중국 국가통계국은 1월 PMI가 전월보다 1.0 포인트 하락한 49.1로 집계됐다고 발표했다.      시카고상품거래소(CME) 페드워치에 따르면, 연방기금금리(FFR) 선물시장은 뉴욕 오후 4시 22분께 연방준비제도(연준ㆍFed)의 이번 주 금리 동결 가능성을 97.3%로 가격에 반영했다. 전장보다 0.6%포인트 내려갔다.      ◇원유시장      뉴욕상업거래소에서 근월물인 3월 인도분 서부텍사스산 원유(WTI)는 전장 대비 1.49달러(2.00%) 하락한 배럴당 73.17달러에 거래를 마감했다.      글로벌 벤치마크인 브렌트유 3월 인도분도 전장보다 1.43달러(1.81%) 내려간 77.08달러에 마무리됐다.      미국은 전일 군용기로 콜롬비아 불법 체류자를 콜롬비아에 돌려보내려고 했지만 착륙을 거부당했다.      트럼프 대통령은 이에 콜롬비아에 즉각 25%의 관세를 부과하겠다고 했다. 일주일 후에는 50%로 인상하고 비자 제재도 단행할 것이라고 밝혔다.      콜롬비아도 처음에는 미국산 품목에 대해 25%의 관세 부과로 대응했지만, 미국 정부와 협상 끝에 트럼프 대통령의 요구를 수용하기로 했다.      이에 미국은 약 9시간 만에 트럼프 대통령이 언급한 제재를 보류했다.      SEB의 수석 상품 분석가인 바야르네 쉬엘드롭은 ""제재가 이뤄지지 않더라도 트럼프 대통령이 원하는 것을 얻기 위해 괴롭힘 대상이 될 곳들을 괴롭힐 것이라는 불안감이 여전히 존재한다""고 평가했다.      트럼프 대통령은 캐나다와 멕시코, 러시아, 중국, 유럽연합(EU) 등에 관세 위협을 가하고 있다.      다니엘 갈리 TD증권의 상품 전략가는 선물가격이 배럴당 75달러대를 뚫고 내려오자 알고리즘 트레이더가 매수 포지션을 처분하면서 매도세가 심화했다고 설명했다.      딥시크가 유발한 미국 기술주의 폭락도 유가에 하방 압력을 준 것으로 풀이된다. 위험자산 회피 심리가 나타난 것이다.      중국 AI 스타트업인 딥시크는 최근 내놓은 AI 챗봇이 낮은 비용으로도 오픈AI의 챗GPT에 필적하는 성능을 냈다는 평가를 받으면서 시장의 관심을 촉발했다. 이에 따라 미국 빅테크 주식이 과대평가된 게 아니냐는 지적이 나오면서 엔비디아 등 AI 연관 주요 기업의 주가는 폭락했다.      중국의 경기 부진 우려도 한몫했다.      중국 국가통계국은 이날 1월 제조업 구매관리자지수(PMI)가 전월보다 1.0 포인트 하락한 49.1로 집계됐다고 발표했다. 4개월 만에 위축국면으로 전환한 것이다.      이 지수는 기준선인 50보다 높으면 경기 확장, 낮으면 경기 위축 국면을 의미한다.      jwchoi@yna.co.kr   <저작권자 (c) 연합인포맥스, 무단전재 및 재배포 금지, AI 학습 및 활용 금지>"
82,3,"2025-01-28","07:02:41","[뉴욕마켓워치] 딥시크 충격에 나스닥 3% 폭락…국채↑달러↓","[뉴욕마켓워치] 딥시크 충격에 나스닥 3% 폭락…국채↑달러↓       (서울=연합인포맥스) 국제경제부 = 27일(이하 미 동부시간) 뉴욕 금융시장에서 기술주 중심의 나스닥종합지수가 3% 폭락했다.      중국 인공지능(AI) 스타트업 '딥시크'의 AI챗봇 성능이 미국 빅테크의 것에 필적한다는 평가가 나오면서 기술주 투매가 이어졌다.      심지어 딥시크의 AI챗봇은 보급품인 엔비디아의 H800 제품을 활용한 것으로 알려지면서 빅테크 가치평가를 재산정하는 분위기다.      AI 테마를 선도해온 엔비디아는 17% 폭락했다. 시가총액은 하루 만에 6천억달러(약 862조원) 가량 증발했다.      안전자산 선호로 미국 국채가격은 급등했다. 글로벌 채권시장의 벤치마크 역할을 하는 미 국채 10년물 금리는 4.5% 초반대로 밀려났다.금리 선물시장에 반영된 올해 상반기 중 금리 인하 가능성은 70% 중반대로 높아졌다.      달러화 가치는 위험자산 회피로 사흘째 하락했다.      주요 6개 통화 대비 달러화 가치를 반영하는 달러인덱스(DXY)는 한때 106대까지 하락하기도 했다.      멕시코 페소는 도널드 트럼프 미국 대통령의 관세 부과 우려가 재점화되면서 큰 폭의 약세를 나타냈다. 안전통화로 분류되는 스위스프랑과 엔은 강세를 보였다.      뉴욕유가는 트럼프 미국 대통령의 관세정책에 대한 우려와 딥시크가 촉발한 위험자산 회피 심리에 하락했다.      딥시크 충격에 미국 경제지표는 시장에 영향을 거의 주지 못했다.      미국 상무부에 따르면 작년 12월 신규 주택 판매는 전달보다 3.6% 증가한 69만8천채(연환산)로 집계됐다. 연합인포맥스가 집계한 시장 전망치(67만채)를 웃돈다.      미국 댈러스 연방준비은행이 집계한 1월 텍사스 지역의 제조업 일반활동지수는 14.1로 전달에 비해 9.6포인트 급등했다. 2개월 연속 오르면서 2021년 10월 이후 3년 3개월 만의 최고치를 기록했다.      ◇주식시장      뉴욕증권거래소(NYSE)에서 다우존스30산업평균지수는 전장보다 289.33포인트(0.65%) 오른 44,713.58에 거래를 마감했다.      스탠더드앤드푸어스(S&P)500지수는 전장보다 88.96포인트(1.46%) 떨어진 6,012.28, 나스닥종합지수는 612.47포인트(3.07%) 급락한 19,341.83에 장을 마쳤다.      그간 뉴욕증시에는 AI 산업을 둘러싼 '미국 예외주의'가 있었다. 전 세계에서 현재 수준의 AI를 구현할 수 있는 기업은 미국에만 있기 때문에 주가에 AI 프리미엄을 더 얹어야 한다는 논리였다.      딥시크의 등장은 이 같은 프리미엄이 허상이었다는 점을 일깨운 사건이었다.      미국과 영국 등 서구 언론은 딥시크가 거대언어모델(LLM) 훈련에 사용한 그래픽처리장치(GPU)의 규모와 비용이 미국 빅테크들과 비교해훨씬 적었다며 극도의 효율성을 보여줬다고 지난주 집중 보도했다. 이는 마이크로소프트를 비롯한 주요 기술기업이 AI 투자에 불필요한 낭비를 한 게 아니냐는 의구심을 자극했다.      뉴욕타임스(NYT)는 지난주 기사에서 딥시크가 딥시크-V3 개발에 투입한 비용은 557만6천달러(약 78억8천만원)에 그쳤다고 전했다. 이는메타가 최신 AI 모델인 라마(Llama)3 모델에 'H100'으로 훈련한 비용의 10분의 1 수준이다.      H800은 미국의 고성능 반도체 수출 규제로 엔비디아가 H100의 사양을 낮춰 출시한 제품이다. 한마디로 딥시크는 저성능 저예산으로 챗GPT와 맞먹는 성능을 냈다는 것이다.      골드만삭스는 ""지금까지 시장은 구글이나 오픈AI, 마이크로소프트 등 AI에 투자하는 회사와 AI 관련 도구나 인프라를 제공하는 회사에 막대한 보상(프리미엄)을 줬다""며 ""딥시크 모델이 기존 AI 기업들의 지출에 의구심을 자극하면서 이 시나리오는 더 광범위하게 투자자들의 신뢰를 흔들고 있다""고 말했다.      시장의 신뢰가 흔들리면서 AI 관련주는 요동쳤다.      주요 AI 및 반도체 관련주로 구성된 필라델피아 반도체지수는 이날 9.15% 폭락했다. 작년 9월 3일 7.75% 급락한 이후 최대 낙폭이다.      필라델피아 지수가 마지막으로 9% 이상 폭락했던 시점은 2020년 3월 18일이었다. 이날 충격은 코로나19 사태가 한창이던 시절만큼 강력하다는 의미다.      AI 산업의 총아 엔비디아는 이날 주가가 17% 폭락했다. 하루 만에 시총이 5천900억달러나 급감하면서 한 번에 시총 3위 자리로 내려앉았다. 이날 하루 시총 감소분은 미국 증시 역사상 최대다.      또 다른 AI 산업 수혜주 브로드컴도 17.40% 폭락하며 시총이 1조달러 아래로 내려갔다. 마블테크놀로지도 -19.10%, 마이크론테크놀로지는 -11.71% 급락했다. 오라클도 14% 떨어졌다.      주식예탁증서(ADR) 기준으로 뉴욕증시에서 TSMC도 -13.33%, ASML은 -5.75%, Arm은 -10.19%의 하락률을 기록했다.      다만 모든 기술주가 투매에 휩쓸린 것은 아니다. AI 산업에서 상대적으로 뒤처졌던 애플은 관련 익스포저(위험 노출)가 적다는 점이 부각되며 오히려 3.18% 상승했다. 메타도 1.91% 올랐고 아마존도 강보합으로 선방했다.      마이크로소프트도 2%대, 알파벳은 4%대 하락률을 기록해 상대적으로 양호한 흐름을 보였다. 테슬라도 낙폭이 2.32%에 그쳤다.      래퍼 텐글러 인베스트먼트의 낸시 텐글러 최고경영자(CEO)는 ""애플은 우리 삶에서 가장 중요한 하드웨어인 엣지AI(온 디바이스 AI) 주도권을 갖고 있다""면서 ""최종 승자가 될 가능성이 있다""고 말했다.      CFRA리서치의 샘 스토발 최고투자전략가는 ""먼저 매도하고 나중에 질문하는 것이 좋은 예로 투자자들은 기술 전반, 특히 반도체에 대한평가가 약간 과도하다고 느낀다""며 ""투자자들이 꼭 주식을 매각하기보단 소비재나 부동산 같은 방어 영역으로 선회하고 있다는 건 고무적인부분""이라고 말했다.      안전 선호 심리가 강해지면서 다우 지수를 구성하는 우량주로 매수세가 몰렸다. 월마트와 코스트코는 2%대 상승률을 보였고 존슨앤드존슨과 프록터앤드갬블 같은 필수소비재도 3~4%대 상승률을 기록했다.      업종별로 보면 기술은 무려 5.58% 폭락했다. 유틸리티도 2.33% 급락했다. 대신 필수소비재는 2.85%, 의료건강도 2.19% 상승했다.      시카고상품거래소(CME) 페드워치툴에 따르면 연방기금금리 선물시장에서 3월까지 기준금리가 25bp 인하될 확률은 31.1%까지 올랐다. 전날 마감 무렵 대비 4%포인트 가량 상승했다.      시카고옵션거래소(CBOE) 변동성 지수(VIX)는 전장보다 3.05포인트(20.54%) 뛴 17.90을 기록했다.      ◇채권시장      연합인포맥스의 해외금리 일중 화면(화면번호 6532)에 따르면 오후 3시 현재 뉴욕 채권시장에서 10년물 국채금리는 직전 거래일 오후 3시 기준가보다 9.60bp 내린 4.5280%에 거래됐다.      통화정책에 민감한 2년물 금리는 4.1930%로 같은 기간 7.90bp 하락했다.      만기가 가장 긴 30년물 국채금리는 4.7710%로 7.90bp 낮아졌다.      10년물과 2년물 금리 차이는 직전 거래일 35.2bp에서 33.5bp로 약간 축소됐다.      국채금리와 가격은 반대로 움직인다.      미국 주가지수 선물이 유럽 거래에서부터 크게 밀리면서 안전선호 현상을 부채질했다. 10년물 금리는 한때 4.5010%까지 하락, 지난달 20 일 이후 최저치를 기록했다.      미 국채금리는 뉴욕 장으로 넘어오면서 낙폭을 다소 줄였으나 급락세 자체를 되돌리기에는 역부족이었다. 10년물 금리는 뉴욕 오전 장중4.56%를 살짝 넘어선 뒤 다시 뒷걸음질 쳤다.      미 국채 수요가 급증하면서 거래도 평소에 비해 훨씬 많았다. 오후 3시 기준 미 국채선물 거래량은 최근 20일 평균을 40%가량 웃돌았다.      딥시크의 AI 모델이 훨씬 적은 비용으로도 오픈AI의 챗GPT에 필적하는 성능을 냈다는 평가가 지난 주말 사이 크게 확산, 미국 빅테크 밸류에이션에 대한 재평가론을 촉발했다. 미국 빅테크 주가가 너무 부풀려졌다거나 AI 관련 과도한 투자가 더 이상 필요 없는 게 아니냐는 지적이 쏟아졌다.      AI 테마를 선도해온 엔비디아는 한때 하락률이 18%를 넘어서기도 했다. 나스닥은 장중 대부분 3% 이상의 급락세를 이어갔다.      CFRA 리서치의 샘 스토벌 수석 투자전략가는 ""채권은 포트폴리오에 안정감을 제공하기 때문에 사람들이 안전 피난처인 국채에 관심을 갖는 것은 놀라운 일이 아니다""라고 말했다.      위스콘신 소재 아넥스웰스매지니먼트의 브라이언 야콥슨 수석 이코노미스트는 딥시크의 성능에 대한 평가가 사실이라면 ""지난 2년 동안시장을 주도하는 데 도움이 된 전체 AI 내러티브를 혼란에 빠뜨릴 수 있다""면서 ""이는 칩에 대한 수요가 줄어들고, 모델에 연료를 공급하기위한 대규모 전력생산의 필요성이 줄어들고, 대규모 데이터 센터에 대한 필요성이 줄어든다는 것을 의미할 수 있다""고 말했다.      이날 미 재무부는 오전과 오후에 걸쳐 두 차례 국채 입찰을 진행했다. 딥시크 충격에 입찰의 영향은 제한적이었다.      오전에 입찰에 부쳐진 2년물 690억달러어치는 시장 예상보다 소폭 높은 4.211%에 낙찰됐다. 오후 들어 실시된 700억달러 규모의 5년물 입찰은 발행 수익률이 4.330%로 결정됐다. 시장 예상을 0.6bp 밑돌았다.      미국 경제지표도 시장에 영향을 거의 주지 못했다.      미 상무부에 따르면 작년 12월 신규 주택판매는 전달보다 3.6% 증가한 연율 환산 기준 69만8천채로 집계됐다. 시장 예상치(67만채)를 웃돈 결과로, 전달 수치는 66만4천채에서 67만4천채로 상향 수정됐다.      시카고상품거래소(CME) 페드워치에 따르면, 연방기금금리(FFR) 선물시장은 뉴욕 오후 3시 42분께 연방준비제도(연준ㆍFed)의 이번 주 금리 동결 가능성을 97.3%로 가격에 반영했다.      상반기 내내 금리가 동결될 가능성은 전장 30.4%에서 24.3%로 낮아졌다.      ◇외환시장      연합인포맥스(화면번호 6411)에 따르면 오후 4시 현재 뉴욕 외환시장에서 달러-엔 환율은 154.575엔으로, 직전 거래일 뉴욕장 마감가 155.905엔보다 1.330엔(0.853%) 하락했다.      안전자산 선호 현상이 엔화 강세로 이어졌다. 달러-엔 환율은 미국 주가지수 선물이 폭락하면서 뉴욕 오전 6시 31분께 153.710엔까지 떨어지기도 했다.      달러-스위스프랑 환율은 0.9019스위스프랑으로 전장보다 0.0040스위스프랑(0.442%) 내려갔다. 한때 0.8963스위스프랑까지 굴러떨어지기도 했다.      마틴 슐레겔 스위스중앙은행(SNB) 총재는 이날 올해 스위스 인플레이션이 일시적으로 '제로(0)'를 하회할 수 있다고 전망했다.      그러면서 ""SNB는 마이너스(-) 금리를 좋아하지 않지만, 동시에 우리는 마이너스 금리를 배제하지 않는다""고 부연했다.      유로-달러 환율은 1.04880달러로 전장보다 0.00070달러(0.067%) 하락했다. 파운드-달러 환율은 1.24900달러로 0.00042달러(0.034%) 상승했다.      달러인덱스는 107.370으로 전장보다 0.086포인트(0.080%) 떨어졌다.      달러인덱스는 오전 8시 8분께 106.946까지 밀리면서 일중 저점을 찍었다. 106대까지 하락한 것은 지난해 12월 18일 이후 처음이다.      딥시크의 AI챗봇이 뉴욕증시를 강타했다. 엔비디아 등 AI 관련 미국 빅테크 기업의 주가가 폭락하면서 위험자산 회피심리가 고조됐고, 이에 미 국채 수익률도 급락했다.      딥시크의 AI챗봇은 훨씬 적은 비용으로 미국 빅테크의 것에 필적하는 성능을 낸다는 평가를 받았다. 미국 빅테크 기업의 '거품설'도 제기됐다.      인터랙티브 브로커스의 스티브 소스닉은 ""딥시크에 대한 갑작스러운 부정적인 시장 반응은 AI 거래와 주요 지수를 주도해온 핵심 가정 중 일부가 재평가되고 있음을 의미한다""고 평가했다.      도이체방크의 외환 전략 책임자 조지 사라벨로스는 ""모든 것을 종합해보면 중국에서 AI 혁신에 대한 뉴스 흐름은 궁극적으로 달러에 부정적으로 작용할 것""이라고 평가했다.      그는 ""가장 명확한 비유는 2000년대 닷컴 버블로, 외부 충격으로 미국 기술평가와 자본 지출이 대규모로 붕괴해 광범위한 영향을 미쳤다""고 지적했다.      '트럼프 관세 위협'의 척도로 여겨지는 달러-멕시코 페소 환율은 20.6799달러로 전장보다 0.412달러(2.035%) 급등했다. 달러 대비 페소가치가 급락한 것이다.      트럼프 대통령은 전날 불법 이민자 수용을 거부한 콜롬비아에 대해 최고 50%의 관세를 매기겠다고 했다.      콜롬비아가 불법 이민자를 받아들이겠다고 하면서 트럼프 대통령의 조치는 보류됐지만, 같은 이슈가 있는 멕시코에 대한 관세 우려가 재차 고개를 들었다.      배녹번 글로벌 포렉스의 마크 챈들러 수석 시장 전략가는 ""멕시코 페소는 오늘날 신흥 시장 통화 중 가장 약세""라며 ""콜롬비아에 대한 관세 위협에 동조해 피해를 본 것""이라고 평가했다.      달러-캐나다달러 환율은 1.4373캐나다달러로 0.00260캐나다달러(0.181%) 상승했다.      역외 달러-위안화(CNH) 환율은 7.2505위안으로 전장보다 0.0074위안(0.102%) 상승했다.      이날 발표된 중국의 1월 제조업 구매관리자지수(PMI)는 4개월 만에 '경기 위축' 국면으로 전환하며 시장 예상치를 밑돌았다. 중국 국가통계국은 1월 PMI가 전월보다 1.0 포인트 하락한 49.1로 집계됐다고 발표했다.      시카고상품거래소(CME) 페드워치에 따르면, 연방기금금리(FFR) 선물시장은 뉴욕 오후 4시 22분께 연방준비제도(연준ㆍFed)의 이번 주 금리 동결 가능성을 97.3%로 가격에 반영했다. 전장보다 0.6%포인트 내려갔다.      ◇원유시장      뉴욕상업거래소에서 근월물인 3월 인도분 서부텍사스산 원유(WTI)는 전장 대비 1.49달러(2.00%) 하락한 배럴당 73.17달러에 거래를 마감했다.      글로벌 벤치마크인 브렌트유 3월 인도분도 전장보다 1.43달러(1.81%) 내려간 77.08달러에 마무리됐다.      미국은 전일 군용기로 콜롬비아 불법 체류자를 콜롬비아에 돌려보내려고 했지만 착륙을 거부당했다.      트럼프 대통령은 이에 콜롬비아에 즉각 25%의 관세를 부과하겠다고 했다. 일주일 후에는 50%로 인상하고 비자 제재도 단행할 것이라고 밝혔다.      콜롬비아도 처음에는 미국산 품목에 대해 25%의 관세 부과로 대응했지만, 미국 정부와 협상 끝에 트럼프 대통령의 요구를 수용하기로 했다.      이에 미국은 약 9시간 만에 트럼프 대통령이 언급한 제재를 보류했다.      SEB의 수석 상품 분석가인 바야르네 쉬엘드롭은 ""제재가 이뤄지지 않더라도 트럼프 대통령이 원하는 것을 얻기 위해 괴롭힘 대상이 될 곳들을 괴롭힐 것이라는 불안감이 여전히 존재한다""고 평가했다.      트럼프 대통령은 캐나다와 멕시코, 러시아, 중국, 유럽연합(EU) 등에 관세 위협을 가하고 있다.      다니엘 갈리 TD증권의 상품 전략가는 선물가격이 배럴당 75달러대를 뚫고 내려오자 알고리즘 트레이더가 매수 포지션을 처분하면서 매도세가 심화했다고 설명했다.      딥시크가 유발한 미국 기술주의 폭락도 유가에 하방 압력을 준 것으로 풀이된다. 위험자산 회피 심리가 나타난 것이다.      중국 AI 스타트업인 딥시크는 최근 내놓은 AI 챗봇이 낮은 비용으로도 오픈AI의 챗GPT에 필적하는 성능을 냈다는 평가를 받으면서 시장의 관심을 촉발했다. 이에 따라 미국 빅테크 주식이 과대평가된 게 아니냐는 지적이 나오면서 엔비디아 등 AI 연관 주요 기업의 주가는 폭락했다.      중국의 경기 부진 우려도 한몫했다.      중국 국가통계국은 이날 1월 제조업 구매관리자지수(PMI)가 전월보다 1.0 포인트 하락한 49.1로 집계됐다고 발표했다. 4개월 만에 위축국면으로 전환한 것이다.      이 지수는 기준선인 50보다 높으면 경기 확장, 낮으면 경기 위축 국면을 의미한다.      jwchoi@yna.co.kr  (끝)"
82,4,"2025-01-28","07:02:33","가상자산 시장조정자 제도 도입되나?...쟁점은 '유동성 제고' vs '시장 조작'","◆…［이미지=클립아트코리아 제공］  글로벌 가상자산 시장은 특정 종목에 대해 지속적으로 매도·매수 양방향의 적절한 호가 제시로 시장 유동성을 높이는 역할을 수행하는 시장조성자(Maket Maker)의 중요성이 높아지고 있는 가운데 국내 가상자산 시장에도 시장조성자 제도 도입이 시급하다는 진단이 나온다.  반면 일각에서는 시장조성자의 활동이 지나칠 경우 시장 조작으로 악용될 수 있다는 우려를 제기하면서 반대하기도 한다. 금융당국은 글로벌 상황 변화에 따른 가상자산 관련 규제 해소 움직을 보이면서 시장조정자 도입 여부가 초미의 관심거리다.  코빗 리서치센터최윤영·김민승 센터장은 24일 '시장조성자(Market Maker), 시장 유동성의 열쇠' 제목의 분석보고서에서 ""(국내 가상자산 시장은) 시장조성자 활동에 대한 명확한 규정과 제도적 기반이 부재해 여러 문제를 초래하고 있다""면서 ""이를 해결하기 위해선 혁신금융 규제 샌드박스를 활용, 시장조성자 제도를 도입하고, 축적된 경험을 바탕으로 가상자산 시장에 적합한 법률과 제도를 마련해야한다""고 강조했다.  또한 ""시장조성자와 시세조종 간의 명확한 구분과 가상자산사업자의 등록 요건 및 역할 정의를 통해 시장의 공정성과 글로벌 경쟁력을 확보해야 한다""고 덧붙였다.  시장조성자는 자본시장에서 시장 유동성 공급, 가격 변동성 완화,공정한 가격 형성을 지원하는 역할을 한다. 그럼에도 일각에서는 시장조성 활동이 시장 조작으로 악용될 수 있다는 우려를 제기하고 있다.  최·김 센터장은 ""국내외 주요 증권거래소들은 다양한 시장조성자 모델을 통해 시장 안정성을 강화해 왔다""며 ""학계에서도 시장조성자 활동이 유동성을 높이고 거래 비용을 낮추는 긍정적 효과가 있음을 확인했다""고 설명했다.  이들은시장조성자는 시장 성숙도 제고와 투자 환경 개선에 중요한 기여를 하고 있다는 평가지만, 국내 가상자산 시장은 법인 투자자의 가상자산 거래를 위한 실명계정 발급이 사실상 차단되어 있다는 점에서 시장조성자 활동 자체가 불가능한 구조적 한계를 지닌다고 짚었다.  또한 시장조성자 활동에 대한 명확한 규정과 제도적 기반 부재 등 현재의 규제 공백은 합법적인 시장조성자 활동조차도 시세 조종으로 오해받을 위험을 높이며, 유동성 부족으로 인한 시장 변동성을 심화시키고 국내 거래소와 참여자의 글로벌 경쟁력을 저해한다고 지적했다.    가상자산 시장에서 시장조성자 유동성 제고 역할 중요 요소 부각   이들 센터장들은 글로벌 가상자산 시장에서 시장 조성자의 유동성 제고 역할이중요한 요소로 부각되고 있다고 강조했다.  이들은 ""가상자산시장은 전통금융 시장에 비해 유동성이 낮고 변동성이 크며, 특히 소형 알트코인의 경우 거래량 부족으로 인해 슬리피지(미끄러짐)와 스프레드 확대와 같은 문제를 겪고 있다""며 ""이러한 환경에서 글로벌 시장조성자 업체인 윈터뮤트(Wintermute), 암호화폐 거래사 GSR 등은 유동성 공급과 가격 안정화를 지원하며, 코인베이스와 같은해외 주요 거래소들도 유동성 프로그램을 통해 유동성이 낮은 거래쌍에 인센티브를 제공하는 등 체계적인 유동성 관리 방식을 도입하고 있다""고 설명했다.  이어 ""이를 통해 가상자산 시장은 전통금융 시장 수준의 유동성 및 효율성을 갖추기 위한 기반을 다지고있다""면서 ""시장조성자는 시장 성숙도 제고와 투자 환경 개선에 중요한 기여를 하고 있다""고 부연했다.  다만 시장조성자가 '유동성 제공자인가' 혹은 '시장 조작자인가'냐는 논란에 대해선 ""시장조성자의 활동은 시장 유동성을 제공하는 데 필수적이지만, 그 과정에서 시장 조작에 대한 우려가 제기되곤 한다""고 짚었다.  이들은 시장 조작은 의도적인 행위(trigger)를 통해 가격 변동(nexus)을 유도하고, 이를 통해 특정 포지션(target)에 이익을 주는 구조로 이루어진다는 Ledgerwood & Carpenter(2012년) 이론을 인용해 ""이러한 프레임워크를 시장조성자의 활동에 적용해 보면, 시장조성자가 가격을 의도적으로 조작해 자신들에게유리한 시장 환경을 조성할 수 있다는 우려가 제기될 수 있다""고 설명했다.  이어 ""만약 어떤 시장조성자가 손실을 감수하면서도 특정 자산을 대량 매도해 가격을 하락시킨 후, 저렴한 가격에 해당 자산을 매수하는 전략을 취한다면, 이는 시장의 공정성과 투명성을 훼손하게 된다""며 ""특히 개인 투자자들에게 불리한 영향을 미칠 수 있다는 분석이 일부 학계에서 제기됐다""고 부연했다.  그러면서 ""이 이론에 따르면 시장 조작 행위는 종종 비경제적 거래를 통해 이루어지는 경우가 많다""며 ""비경제적거래란 단순히 수익 창출이나 자산 배분과 같은 정상적인 경제적 동기를 벗어나, 시장 심리 왜곡이나 가격 조작 등 특정 의도를 달성하기 위해 수행되는 거래를 의미한다""고 덧붙였다.  이들은 한국(자본시장법)의 경우 시장조성자 활동에 대한 세부사항이 한국거래소의 자율규정에 의해 관리되고 있는 점에 대해선 ""시장조성자 자격조건, 호가 제출 의무, 혜택 등을 상세히 다루고 있지만 법률 차원의명확한 정의가 부족해 시장조성자 활동과 시세조종 행위를 명확히 구분하지 못하는 문제가 발생할 수 있다""고 지적했다.  그러면서 ""이는 합법적인 시장조성 활동조차 가격 조작이나 거래량 부풀리기와 같은 비경제적 행위로 간주될 가능성을 키우며, 시장조성자 활동의 위축이나 비합법적 거래를 조장하는 환경을 초래할 우려가 있다""고 덧붙였다.    현재 공식적 인정·규율하는 시장조성자 제도 마련 안 돼 있어      ◆…［자료출처=코빗 리서치센터 제공］  최·김 센터장들은 현재 가상자산 시장에서 유동성 공급 활동을 공식적으로 인정하거나 규율하는 시장조성자 제도는 전혀 마련되어있지 않으며 이는 자본시장법이 상장증권 거래에서 제한적으로라도 시장조성자 활동을 허용 또는 규율하려는 시도를 하고 있는 점과 대비된다고 주장했다.  이들은 ""지난해 7월 시행된 가상자산이용자보호법은 가상자산 시장에서의 불공정거래 행위를 금지하고는 있지만, 시장의 효율성을 높이고 유동성을 제공하는 시장조성자 활동에 대한 명확한 기준이나 예외조항을 포함하지 않고 있다""고 짚었다.  이어 ""가상자산 시장은 자본시장법의 기본적인 예외조항조차 존재하지 않아, 시장조성자가 합법적으로 유동성을 공급할 수 있는 제도적 기반이 부재하다""면서 ""유동성 공급을 시도하는 참여자는 그 행위가 자칫 불공정거래로 간주될 위험을 감수해야 하는 상황""이라고 지적했다.  가상자산 시장에서 시장조성자 제도가 부재한 데 따른 문제점으로 ▲유동성 부족 상황에서 시장 가격의 극단적인 변동성이 나타날 가능성이 크고 ▲초기 단계의 가상자산 시장은 시장조성자가 불공정거래 혐의를 우려해 활동을 기피하면 시장 성숙도가 낮은 상태에 머물 가능성이 높다는 점을 꼽았다. 규제 공백은 곧 글로벌 가상자산 시장에서의 경쟁력 상실로 이어질 수 있다는 점을강조한 것이다.  다만 이들은 적법한 시장 조성자로 판단할 수 있는 가이드라인을 마련함에 있어 고려해야 할 쟁점인 ▲거래의 반복성과 영리성에 대한 오인 가능성 ▲정보 비대칭성에 대한 잠재적 문제를 고려할 필요가 있다고 제언했다.  우선 단순히 거래 빈도가 높다는 점만으로 가상자산 시장조성자 행위를 위법행위로 볼 것이 아니라, 가상자산 시장의 특성, 유동성 공급과 거래 활성화를 위한 목적을 종합적으로 고려해 통상적인 수준을 벗어날 정도로 지나친 거래빈도가 아닌 경우에는 적법한 거래행위로 인정하는 것이 타당하다고 설명했다.  또한 시장조성자는 정보 비대칭성으로 인해 개인 이용자에 비해 우월적 지위에서 거래할 수 있다는 점에서 '공정하지못하다'라는 문제 제기가 가능하지만 시장조성자가 풍부한 정보 및 지식을 바탕으로 오히려 건전한 거래의 방향을 제시하고 합리적인 가상자산 시장 가격 조성에 기여할 수 있다는 점을 고려해야 한다고도 했다.  이들은 규제 부재로 야기되는 문제를 해결하기 위해선""우선 혁신금융 규제 샌드박스를 통해 가상자산 시장에서 시장조성자를 우선 도입하고, 이를 통해 축적된 경험을 바탕으로 가상자산 매도/매수업 라이선스를 발급하는 등 자본시장법과는 차별화된 가상자산 시장의 시장조성 관련 법률을 마련하는 것이 바람직하다""고 제언했다.  또한 ""가상자산 시장의 성숙과 공정성을 위해 시장조성자와 시세조종 간의 명확한 구분이 필요하다""며 """"이를 위해 가상자산사업자 등록 요건과 시장조성자의 역할을 명확히 정의하고, 기존 자본시장법과의 형평성을 고려한 규제 개선이 요구된다""고 덧붙였다.    당국, 법인 실명계좌 발급 단계적 허용 검토 입장...시장조성자 규제 해소되나?      ◆…김병환 금융위원회 위원장이 22일 서울 종로구 정부서울청사에서 열린 출입기자 간담회에서 가상자산제도 개선 관련해 속도를 더욱 내겠다는 발언을 했다.［사진=연합뉴스 제공］  한편 김병환 금융위원장은 지난 22일월례 기자간담회에서 ""(가상자산 관련) 제도화 부분에 있어서 보폭을 조금 더 빠르게 가져갈 준비를 하고 있다""며 ""구체적인조치나 방향에 대해서는 여러 가지 상황들을 보고 판단을 하겠다""고 말했다.  미국 트럼트 2.0 행정부가 출범하면서 가상자산 정책 변화가 클 것에 대한 대비책 마련 차원에서 가상자산위원회 개최 등으로 부분적으로 탄력을 받고 있는 국내 가상자산제도 개선과 관련해 더욱 속도를 내겠다는 뜻을 내비친 것으로 해석됐다.  김 위원장은 그간 금융당국이 가상자산 시장 육성과 투자자(이용자) 보호라는 양 갈래 선에서 일단 투자자 보호 쪽에 무게를 뒀지만 앞으론 시장 상황 변화가 예상되기 때문에 이런 기조가 달라질 수 있다고도 했다.  그러면서 지난 15일 개최된 제2차 가상자산위원회 회의에서 법인 실명계좌 허용 여부 관련 논의가 없었던 점에 대해 ""가급적 빠른 시간 내에 입장을 정해 발표할 것""이라고 말했다. 법인 실명계좌는 현행법상 금지하고 있지 않지만, 금융당국이 이를 제한하도록 지도해왔다.  금융위는 지난 8일 '2025년 경제1분야 주요현안 해법 회의'에서 발표한 '2025년 주요 업무 추진계획'에 법인의 실명계좌 발급을 단계적으로 허용하는 방안을 검토하겠다는 내용을 담았다.  KB증권 김지원 연구원은 24일 '국내 가상자산 정책 체크 포인트' 제목의 보고서에서 법인의 가상자산 투자 허용 여부와 관련, ""지난 15일 김병환 금융위원장은 법인의 가상자산 투자 허용 관련 입장을 빠른 시일 내에 발표할 것이라고 밝혔다""며 ""이는 산업계의 수요와 더불어 금융권에서도 비트코인 현물 ETF와 같은 가상자산 기반 금융상품 출시에 영향을 미치는 중요한 부문""이라고 설명했다. 비트코인 현물 ETF가 국내에도입되기 위해서는 법인(커스터디 업체)이 비트코인을 현물로 보유해야 하기 때문이란 설명이다.  김 연구원은 ""지난 12월 일부 언론 보도를 통해 단계적 허용(1차: 중앙정부 부처와 지자체, 공공기관, 비영리법인→2차: 가상자산거래소 등 사업자의 원화계좌 개설→ 3차: 일반기업→ 4차, 5차: 금융회사 등) 가능성이 제기되었다""며 ""금융당국은 결정된 사항이 없다며 반박 보도를 했으나, 향후 단계적 허용 가능성은 높아 보여 진행 상황을 지속 체크할 필요가 있겠다""고 부연했다.  이와 같이 금융위원장이 직접 나서 가상자산 규제 관련 언급을 한 점으로 미루어 법인 실명계좌 발급 금지 등 가상자산 규제의 상당 부분이 빠르게 해소될 것으로 기대되면서 시장 조성자의 역할이 확대될 지에 관심이 커지고 있다.  [저작권자 ⓒ 조세일보. 무단전재 및 재배포 금지]"
82,5,"2025-01-28","07:02:23","홈스트리트, 12월 31일 마감된 분기 실적 보고 - 수익 요약","HomeStreet Inc reports results for the quarter ended December 31 - Earnings Summary  홈스트리트는 12월 31일 마감된 분기에 주당 조정 손실이 27센트로, -12센트의 주당 순이익을 기록했던 작년 같은분기보다 낮은 분기 조정 손실을 보고했습니다. 해당 분기에 대한 애널리스트 4명의 평균 예상치는 주당 19센트의 손실이었습니다. 월스트리트에서는 주당 -29센트에서 -14센트 사이의 실적을 예상했습니다.   매출은 1년 전보다 12.3% 감소한 4031만 달러로, 애널리스트들은 4111만 달러를 예상했습니다.   홈스트리트의 분기 주당 순이익은 6.54달러의 손실을 기록했나요?   이 회사는 분기별 1억 2,233만 달러의 손실을 보고했습니다.   홈스트리트 주가는 이번 분기 10.9% 하락했습니다.   변경 사항 예측  애널리스트들의 평균 수익 추정치는 지난 3개월 동안 약 21.9% 하락했습니다.   지난30일 동안 한 애널리스트는 수익 추정치를 부정적으로 수정했습니다.   권장 사항  현재 해당 주식에 대한 애널리스트의평균 평점은 ""매수""이며, 추천 내역은 ""강력 매수"" 또는 ""매수"" 1개, ""보유"" 3개, ""매도"" 또는 ""강력 매도""는 없습니다.   은행 피어 그룹에 대한 평균 컨센서스 추천은 ""보류""입니다.   홈스트리트에 대한 월가의 12개월 목표가 중앙값은 $12.50입니다.  이 요약은 1월 27일 오후 10:01(UTC)의 LSEG 데이터에서 기계적으로 생성되었습니다. 별도의 언급이 없는 한 모든 수치는 미국 달러 기준입니다. (이 보고서의 데이터에 관한 질문은 Estimates.Support@lseg.com로 문의하시기 바랍니다. 기타 질문이나 피드백이 있으시면 RefinitivNewsSupport@thomsonreuters.com로 문의하시기 바랍니다.    분기 결산  견적  실제  이겼다, 만났다, 놓쳤다   2024년 12월 31일  -0.19  -0.27  누락됨   2024년 9월 30일  -0.24  -0.32  누락됨   6월 30일 2024  -0.26  -0.23  Beat   2024년 3월 31일  -0.12  -0.29  누락됨      (c) Copyright Thomson Reuters 2020. Click For Restrictions - https://agency.reuters.com/en/copyright.html        Keywords: HOMESTREET-RESULTS/SUMMARY   원문 바로가기    DISCLAIMER  레피니티브의 사전, 서면 승인 없는 톰슨로이터 콘텐츠의 재생산이나 재배포는 금지되어 있습니다. 이 기사의 한국어 번역은 에프앤가이드가 사용하는 기계적 번역에 의한 것으로 톰슨로이터와 레피니티브는 번역의 정확성을 보증하지 않습니다."
82,6,"2025-01-28","07:02:21","12월 31일로 마감된 분기 실적 보고 - 수익 요약","Preferred Bank reports results for the quarter ended December 31 - Earnings Summary  프리퍼드 뱅크는 12월 31일 마감된 분기에 주당 조정 순이익이 2.25달러로 2.60달러를 기록했던 작년 같은 분기보다 낮은 분기 조정 순이익을 발표했습니다. 해당 분기 애널리스트 5명의 평균 예상 주당 순이익은 2.39달러였습니다. 월스트리트에서는 주당 2.28달러에서 2.43달러의 실적을 예상했습니다.   매출은 1년 전보다 0.3% 감소한 6,917만 달러로, 애널리스트들은 6,632만 달러를 예상했습니다.   프리퍼드 뱅크의 분기 주당 순이익은 2.25달러였나요?   이 회사는 분기 순이익이 3,022만달러라고 보고했습니다.   이번 분기에 선호 은행 주가는 0.4% 하락했습니다.   변경 사항 예측  애널리스트들의 평균 수익 추정치는 지난 3개월 동안 약 1.5% 상승했나요?   지난 30일 동안 수익 추정치에 대한 부정적인 수정은 없었습니다.   권장 사항  현재 해당 주식에 대한 애널리스트의 평균 평점은 ""매수""이며, 추천 내역은 ""강력 매수"" 또는 ""매수"" 2개, ""보유"" 3개, ""매도"" 또는 ""강력 매도""는 없습니다.   은행 피어 그룹에 대한 평균 컨센서스 추천도""매수""입니다.   프리퍼드 뱅크에 대한 월가의 12개월 목표치 중앙값은 $99.00입니다.  이 요약은 1월 27일 오후 10:01(UTC)의 LSEG 데이터에서 기계적으로 생성되었습니다. 별도의 언급이 없는 한 모든 수치는 미국 달러 기준입니다. (이 보고서의 데이터에 관한 질문은 Estimates.Support@lseg.com로 문의하시기 바랍니다. 기타 질문이나 피드백이 있으시면 RefinitivNewsSupport@thomsonreuters.com로 문의하시기 바랍니다.    분기 결산  견적  실제  이겼다, 만났다, 놓쳤다   2024년 12월 31일  2.39  2.25  누락됨   2024년 9월 30일  2.37  2.46  Beat   6월 30일 2024  2.39  2.48  Beat   2024년 3월 31일  2.38  2.44  Beat      (c) Copyright Thomson Reuters 2020. Click For Restrictions - https://agency.reuters.com/en/copyright.html        Keywords: PREFERRED BANK-RESULTS/SUMMARY   원문 바로가기    DISCLAIMER  레피니티브의 사전, 서면 승인 없는 톰슨로이터 콘텐츠의 재생산이나 재배포는 금지되어 있습니다. 이 기사의 한국어 번역은 에프앤가이드가 사용하는 기계적 번역에 의한 것으로 톰슨로이터와 레피니티브는 번역의 정확성을 보증하지 않습니다."
82,7,"2025-01-28","07:02:20","서비스퍼스트 뱅셰어즈(ServisFirst Bancshares Inc), 12월 31일 마감 분기 실적 보고 - 수익 요약","ServisFirst Bancshares Inc reports results for the quarter ended December 31 - Earnings Summary  서비스퍼스트 뱅셰어스(ServisFirst Bancshares Inc)는 12월 31일 마감된 분기에 주당 조정 순이익이1.19달러로 77센트였던 작년 같은 분기보다 높았다고 발표했습니다. 해당 분기 애널리스트 3명의 평균 예상치는 주당 1.11달러였습니다. 월스트리트에서는 주당 1.07달러에서 1.13달러의 실적을 예상했습니다.   매출은 1년 전보다 23.7% 증가한 1억 3,197만 달러로,애널리스트들은 1억 2,665만 달러를 예상했습니다.   의 분기 주당순이익은 1.19달러로 보고되었습니다.   분기순이익은 6,514만 달러였습니다.   ServisFirst Bancshares Inc의 주가는 이번 분기 4.2% 상승했습니다.   변경 사항 예측  애널리스트의 평균 수익 추정치는 지난 3개월 동안 변동이 없었나요?   지난 30일 동안 이 회사를 담당하는 애널리스트의 수익 추정치 수정은 없었습니다.   권장 사항  현재 해당 주식에 대한 애널리스트의 평균평점은 ""보유""이며, 추천 내역은 ""강력 매수"" 또는 ""매수"" 없음, ""보유"" 3개, ""매도"" 또는 ""강력 매도""가 없습니다.   은행 피어 그룹에 대한 평균 컨센서스 추천도 ""보류""입니다.   월스트리트의 ServisFirst Bancshares Inc에 대한 12개월 목표가 중앙값은 $97.00입니다.  이 요약은 1월 27일 오후 10:01(UTC)의 LSEG 데이터에서 기계적으로 생성되었습니다. 별도의 언급이 없는 한 모든 수치는 미국 달러 기준입니다. (이 보고서의 데이터에 관한 질문은 Estimates.Support@lseg.com로 문의하시기 바랍니다. 기타 질문이나 피드백이 있으시면 RefinitivNewsSupport@thomsonreuters.com로 문의하시기 바랍니다.    분기 결산  견적  실제  이겼다, 만났다, 놓쳤다   2024년 12월 31일  1.11  1.19  Beat   2024년 9월 30일  0.97  1.10  Beat   6월 30일 2024  0.91  0.95  Beat   2024년 3월 31일  0.88  0.92  Beat      (c) Copyright Thomson Reuters 2020. Click For Restrictions - https://agency.reuters.com/en/copyright.html        Keywords: SERVISFIRST-RESULTS/SUMMARY   원문 바로가기    DISCLAIMER  레피니티브의 사전, 서면 승인 없는 톰슨로이터 콘텐츠의 재생산이나 재배포는 금지되어 있습니다. 이 기사의 한국어 번역은 에프앤가이드가 사용하는 기계적 번역에 의한 것으로 톰슨로이터와 레피니티브는 번역의 정확성을 보증하지 않습니다."
83,1,"2025-01-28","07:00:09","""올해 말 출하 스마트폰 3대 중 1대는 AI 폰""","""올해 말 출하 스마트폰 3대 중 1대는 AI 폰"" 딜로이트 '2025 첨단기술·미디어·통신 산업 전망' 보고서       (서울=연합뉴스) 조성미 기자 = 올해 말까지 전체 스마트폰 출하량 가운데 30%는 생성형 인공지능(AI) 기능을 지원하는 스마트폰이 될 것이라는 전망이 나왔다.      28일 한국 딜로이트 그룹이 펴낸 '2025 첨단기술·미디어·통신 산업 전망' 보고서는 올해 글로벌 스마트폰 출하량이 작년보다 7% 증가해 5%였던 지난해 증가율을 넘어설 것으로 예측했다.      보고서는 ""통상적인 스마트폰 기기 교체 주기가 겹친 데다 생성형 AI를 지원하는 차세대 스마트폰에 대한 관심이 높은 소비자와 개발자들의 업그레이드 수요가 더해져 출하량 중 AI 스마트폰 비중이 늘어날 것""이라고 전망했다.      딜로이트는 생성형 AI가 스마트폰 업그레이드의 동인이 될 수 있지만 소비 양상은 시장과 소비자 연령대에 따라 다르게 나타날 수 있다고 진단했다.      딜로이트 조사에 따르면 미국 소비자 중 생성형 AI 기능을 써보고 싶어서 계획보다 빨리 스마트폰을 교체한다는 응답자 비율은 전체 7%에 그쳤지만, 24∼45세 젊은 연령층에서는 50%로 급증했다.      하지만, 영국 소비자 대상 조사에서는 응답자의 4%만이 생성형 AI를 매일 사용한다고 대답했고, 생성형 AI가 유용하다는 응답도 23% 그쳤다.      한편, 보고서는 생성형 AI 기술 발전에 필수적인 인프라로 꼽히는 데이터센터의 전력 소비량이 2030년 올해 소비량의 2배에 가까운 1천65TWh(테라와트시)에 달할 것으로 예상했다.      csm@yna.co.kr  (끝)     <저작권자(c) 연합뉴스, 무단 전재-재배포, AI 학습 및 활용 금지>"
83,2,"2025-01-28","07:00:07","보호종료아동 자립정착금 평균 895만원…지자체별 지급액 천차만별","보호종료아동 자립정착금 평균 895만원…지자체별 지급액 천차만별  경제적 어려움에 정신건강도 우려…與최수진, '심리지원 확대' 개정안 발의         (서울=연합뉴스) 김치연 기자 = 아동복지시설이나 위탁가정에서 보호받다가 만 18세가 돼 자립하게 된 보호종료아동에게 지급되는 자립정착금이 지방자치단체별로 최대 500만원 넘게 차이가 나는 것으로 나타났다.      국민의힘 최수진 의원실이 28일 보건복지부로부터 받은 자료에 따르면 2023년 기준 전국 보호종료아동 808명에게 1인당 평균 895만원의자립정착금이 지급된 것으로 파악됐다.      지자체별로는 제주가 1인당 평균 1천29만원의 자립정착금을 지급해 가장 지급액이 많았다. 대전(1천18만원), 대구·광주·울산·세종·충남(1천만원), 인천·충북·경남(970만원), 경기(962만원), 전남(942만원) 등이 그 뒤를 이었다.      전북(868만원), 서울(842만원), 강원(601만원), 부산(531만원), 경북(525만원) 등은 전국 1인당 평균 지급액인 895만원보다 적게 지급했다.      자립정착금 지급액이 가장 많은 제주와 지급액이 가장 적은 경북 간 차이는 504만원에 달했다.       보호종료아동이 당면하는 문제는 경제적 어려움만이 아닌 것으로 나타났다.      최 의원이 국회입법조사처에 조사를 의뢰한 자료에 따르면 2023년 조사에서 보호종료 후 아동의 50%가 '죽고 싶다고 생각해본 적 있다'고 응답했고, 1년 차 보호종료 아동의 43.5%가 자살 생각을 한 것으로 나타났다.      현행법상 보호대상아동의 자립을 돕기 위해 자립수당 지급 같은 경제적 지원은 규정돼있으나, 자립 과정에서 겪는 심리적 어려움을 극복하기 위한 정신건강 지원에 대한 규정은 마련돼있지 않다.      최 의원은 ""보호종료아동의 심리적 취약성까지 고려한 종합적인 지원 체계 구축을 위해 아동복지법 개정안을 발의했다""며 ""개정안이 통과되면 보호종료아동은 정신건강 지원까지 받을 수 있는 법적 근거가 마련돼 보다 안정적인 자립 기반을 갖출 수 있을 것""이라고 말했다.      chic@yna.co.kr  (끝)     <저작권자(c) 연합뉴스, 무단 전재-재배포, AI 학습 및 활용 금지>"
83,3,"2025-01-28","07:00:07","내달 MSCI지수 정기변경 '변동성 주의보'…""최대 16종목 편출""","내달 MSCI지수 정기변경 '변동성 주의보'…""최대 16종목 편출"" 신규 편입 종목 없이 순편출 예상…국내 증시 부진 장기화 영향 분석       (서울=연합뉴스) 조민정 기자 = 내달 모건스탠리캐피털인터내셔널(MSCI) 정기 변경을 앞두고 편입 종목 없이 대거 편출이 이뤄질 것으로예상돼 주의가 필요하다.      28일 금융투자업계에 따르면 글로벌 주가지수 산출업체인 MSCI는 한국시간으로 2월 12일 정기 리뷰를 발표할 예정이다.      MSCI 지수는 전 세계적으로 가장 영향력 있는 주가지수로 주요 글로벌 투자의 벤치마크 역할을 한다.      분기에 한 번씩 이뤄지는 정기 리뷰를 통해 지수 편입 종목을 조정하는데 지수에 편입될 경우 이 지수를 추종하는 글로벌 패시브(지수 추종) 자금의 유입을 기대할 수 있고 반대로 편출될 경우 자금이 빠져나가 주가가 하락할 가능성이 있다.      증권가에서는 이번 2월 정기 리뷰에서 MSCI 한국지수에 최대 16개의 종목이 지수에서 제외돼 역대 최다 수준의 편출이 이뤄질 가능성이있다고 보고 있다.      김동영 삼성증권 연구원은 ""이론적으로 이번 리뷰에서 편출 종목 수는 적게는 3개, 많게는 16개까지도 가능하다고 본다""며 롯데케미칼[011170], 포스코DX[022100], LG화학우[051915]의 편출이 확정적이라고 판단했다.      엔켐[348370], 금호석유[011780], 엘앤에프[066970]의 편출 확률도 80∼90%로 봤고 에코프로머티[450080], 한미약품[128940], 삼성E&A[028050], SK바이오사이언스[302440], 넷마블[251270], GS[078930], CJ제일제당[097950], LG이노텍[011070], 오리온[271560], 엔씨소프트[036570] 등도 편출 가능성이 있는 것으로 평가했다.      한시화 한화투자증권 연구원도 이번 정기 변경에서 12개 종목이 편출되며 MSCI 한국지수의 구성 종목 개수가 92개에서 80개로 대폭 감소할 것으로 예상했다.      그는 ""MSCI 신흥국 지수 대비 한국 지수의 상대수익률 순위가 낮을수록 편입 대비 편출 종목 수가 늘어나는 경향이 있는데, 지난 11월 리뷰 심사기준일 대비 한국의 달러 기준 수익률은 -10.8%로 신흥국 24개국 중 19위로 낮다""고 설명했다.      1월 20일 기준으로 이들 12개 종목의 예상 자금 유출액을 총 8천940억원에 달할 것으로 한화투자증권은 추정했다.      특히 LG화학우, 넷마블, GS는 거래대금 대비 예상 유출 규모가 커 지수 리밸런싱(재조정)이 이뤄지는 2월 28일 주가 변동성이 클 것으로보인다.      유안타증권도 최소 9개, 최대 12개 종목의 편출을 예상하며 ""역대 최다 수준""이라고 했다.      한편 신규 편입 종목은 없을 것이라는 게 증권가의 대체적인 시각이다.      배철교 NH투자증권 연구원은 ""확정적인 편입 후보는 부재해 지난해 11월에 이어 순편출을 반복할 가능성이 높다""며 ""선진국 대비 한국 주식시장의 성과 부진이 장기간 누적된 결과""라고 말했다.      HD현대미포[010620], 삼양식품[003230], 두산[000150] 정도가 그나마 편입 가능성이 있는 종목으로 꼽힌다.      chomj@yna.co.kr   (끝)     <저작권자(c) 연합뉴스, 무단 전재-재배포, AI 학습 및 활용 금지>"
83,4,"2025-01-28","07:00:06","""3년간 명절 음주운전 적발 8천780건…1위는 경기남부""","""3년간 명절 음주운전 적발 8천780건…1위는 경기남부"" 황운하 ""관계당국, 철저하게 단속과 예방 나서야""       (서울=연합뉴스) 오규진 기자 = 지난 3년간 명절 음주단속으로 8천 건이 넘는 음주운전 사례가 적발됐다고 조국혁신당 황운하 의원이 28 일 밝혔다.      국회 국토교통위원회 소속인 황 의원이 이날 경찰청으로부터 받은 자료에 따르면 2022∼2024년 설·추석 연휴 음주운전 적발 건수는 총 8천780건이었다.      혈중알코올농도가 0.08％ 이상으로 면허가 취소된 경우는 6천506건이었다.      전체 적발 건수의 26.4％인 2천321건이 연휴 첫날에 집중됐다.      지역별로 보면 음주운전 적발 5건 중 1건은 경기남부(1천823건)에서 이뤄졌다.      서울이 979건으로 2위였고, 경기북부(576건)·경북(575건)·경남(568건) 등이 뒤를 따랐다.      황 의원은 ""관계 당국은 이번 연휴에도 철저하게 음주운전을 단속하고 예방 활동에 나서야 한다""고 말했다.      acdc@yna.co.kr  (끝)      <저작권자(c) 연합뉴스, 무단 전재-재배포, AI 학습 및 활용 금지>"
83,5,"2025-01-28","07:00:05","작년 1∼11월 파업 근로손실일수 36만3천일…2023년 이미 추월","작년 1∼11월 파업 근로손실일수 36만3천일…2023년 이미 추월  한국노동연구원 '2024년 노사관계 평가와 2025년 전망' 보고서  노사분규 건수 절반 줄었지만 대기업 파업·파업기간 증가 영향       (서울=연합뉴스) 김은경 기자 = 작년 1∼11월 파업으로 인한 근로손실일수가 이미 2023년 전체 근로손실일수를 추월한 것으로 나타났다.     28일 박명준·조규준 한국노동연구원 연구위원이 '노동리뷰' 1월호에 실은 '2024년 노사관계 평가와 2025년 전망' 보고서에 따르면 작년1∼11월 근로손실일수는 36만3천일로, 2023년 35만5천일을 이미 넘어섰다.      같은 기간 노사분규(노동조합과 사용자 간 의견 불일치로 노조가 하루 8시간 이상 작업을 중단한 경우)는 119건 발생했는데, 이는 전년(223건) 대비 절반 수준으로 줄어든 것이다.      보고서는 ""노사분규 건수가 상대적으로 줄었음에도 파업 참가자가 많은 대기업에서의 파업 및 파업 기간의 증가가 근로손실일수를 증가시켰다""고 해석했다.      이어 ""2024년 12월 초 전국학교비정규직노동조합, 전국철도노동조합 파업까지 포함하면 2024년의 분규 건수와 근로손실일수는 더 늘어날것""이라고 예상했다.      2024년의 노사분규 상황을 업종별로 살펴보면 제조업종의 분규가 57건으로 전체 노사분규 건수 중에서 가장 큰 비중을 차지했다.       근로손실일수도 제조업이 25만3천일로 가장 많았다. 2023년과 비교하면 두 배 이상 증가했다.      제조업 부문은 지난해 11월까지 전체 근로손실일수의 약 3분의 2를 기록했다.      제조업 근로손실일수가 증가한 것은 2024년 여름부터 삼성전자노동조합과 GM노조가 진행한 파업의 영향이 컸다.      반면 사회·개인서비스업은 분규 건수가 2023년 107건에서 작년 19건으로 줄고, 작년 근로손실일수(1만6천일)는 2023년의 10분의 1 수준으로 감소해 감소세가 가장 두드러졌다. 2023년엔 보건의료노조가 산별 파업을 진행한 바 있다.      다른 업종들의 경우 전반적으로 2024년 근로손실일수의 감소 또는 정체의 경향이 확인된다.      보고서는 회계 투명성 문제 등 노조의 불법적인 관행 개선을 위해 노력한 윤석열 정부의 노사 법치 기조가 노사분규 건수의 감소로 이어졌다고 분석했다.      다만 노사 법치주의 확립이 노사관계의 최종 목표는 아니라며, 노사 법치주의의 토대 위에서 노사 자치, 노사 자율로 나아가야 할 것이라고 당부했다.      보고서는 올해 중요한 노사관계 과제로 노동시장 이중구조의 해소 또는 완화를 꼽았다.      특히 ""중소영세기업 노동자들의 처우 개선을 위한 노력은 5인 미만 사업장으로의 근로기준법 확대 적용이나 노동약자지원법 등으로 계속될 것""이라고 전망하며 ""정치적 불안정 국면에서 노사는 다양한 쟁점 현안에 대해 자신들의 요구사항을 표현하고, 노사 간 대화를 통해 현안에 어떻게 대응할지 살펴볼 필요가 있다""고 말했다.       bookmania@yna.co.kr  (끝)     <저작권자(c) 연합뉴스, 무단 전재-재배포, AI 학습 및 활용 금지>"
83,6,"2025-01-28","07:00:05","""직원들은 AI 열공 중""…LG전자, 사내 '챗GPT 교육' 신설","""직원들은 AI 열공 중""…LG전자, 사내 '챗GPT 교육' 신설  생성형 AI 입문·중급 교육 제공…내달 오프라인 교육도 개설       (서울=연합뉴스) 강태우 기자 = LG전자가 사내 인공지능(AI) 교육을 강화하며 'AI 열공'에 나서고 있다. 생성형 AI를 활용한 업무의 범위가 개발 조직뿐 아니라 비개발 조직까지 확산하고 있기 때문이다.         28일 업계에 따르면 LG전자는 최근 임직원을 대상으로 생성형 AI 입문과정부터 챗GPT, GPTs(챗봇) 등을 실제 업무에서 활용할 수 있는 방법을 알려주는 온라인 교육을 신설했다.      교육 과정은 초·중급으로 구분해 임직원 각자가 본인의 실력에 맞춰 필요한 교육을 선택해 수강할 수 있도록 했다.      초급 과정인 '생성형 AI 입문과정'은 생성형 AI의 이해 및 활용 사례를 다룬다.      AI 기술 전반에 대한 이론부터 원하는 답변을 얻기 위한 최적의 질문 방법과 AI가 거짓 정보를 사실처럼 전달하는 할루시네이션(Hallucination)을 피하는 방법 등을 배울 수 있다.       실무 중심 교육으로 구성돼 있어 임직원들의 반응도 뜨겁다. 강의 개설 2일 만에 약 1천명이 교육을 신청했다.      '중급 과정'에서는 챗GPT, GPTs를 활용해 효율적인 업무 수행 방법을 배울 수 있다.      챗GPT를 활용해 방대한 자료의 핵심 내용 파악 및 요약 스킬, 엑셀 함수 찾기, 데이터 종류에 적합한 차트 선택 가이드 등을 포함하고 있다.      또 GPTs 활용 교육에서는 실무에 가장 유용한 GPTs 10가지(회의록 요약본 작성·문서 요약기·번역 및 통역 등)를 알려준다.      LG전자는 다음 달부터 생성형 AI 오프라인 교육도 개설할 예정이다.         회사는 AI로 구성원 개인의 업무효율뿐 아니라 생산성, 사업 전반의 업무 프로세스 등 다양한 혁신이 가능할 것으로 기대하고 있다.      맞춤형 교육뿐 아니라 AI 분야 세계적 석학을 초청해 최신 AI 기술 트렌드를 배우는 온라인 세미나 등도 진행 중이다.      지난해 11월 진행한 '2024 AI 세미나 시리즈'에는 송한 미국 매사추세츠 공과대학교(MIT) 교수, 안토니오 토랄바 MIT 교수, 모하메드 아브델파타흐 코넬대 교수 등 AI 분야 권위자들이 'AI 가전, 사물인터넷(IoT) 기기, 자율주행차 등 다양한 엣지 디바이스에서의 효율적인 생성형 AI', '멀티모달 AI 에이전트' 등을 주제로 강의했다.       아울러 작년 5월부터 9월까지 총 4회에 걸쳐 국내 임원 200여명을 대상으로 AI 및 소프트웨어 교육을 실시하기도 했다.      AI 기술이 적용된 제품 사례부터 새로운 콘텐츠를 만드는 생성형 AI 등 최신 기술 트렌드를 주제로, 영상지능과 음성·언어 지능, 센서·멀티 모달 지능 등 제품에 탑재한 사례도 구체적으로 다루며 효율적으로 업무에 적용할 수 있도록 했다.      burning@yna.co.kr  (끝)     <저작권자(c) 연합뉴스, 무단 전재-재배포, AI 학습 및 활용 금지>"
83,7,"2025-01-28","07:00:05","라리마쎄라퓨틱스(LRMR), 2020년 주식 인센티브 계획에 따른 성과 기반 제한 주식 단위 수여 계약","라리마쎄라퓨틱스(LRMR, Larimar Therapeutics, Inc. )는 2020년 주식 인센티브 계획에 따라 성과 기반 제한 주식 단위수여 계약이 체결됐다.  27일 미국 증권거래위원회에 따르면 라리마쎄라퓨틱스의 2020년 주식 인센티브 계획에 따라, 본 성과 기반 제한 주식 단위 수여 계약에 따라, 라리마쎄라퓨틱스는 아래에 기재된 개인에게 성과 기반으로 수여되는 제한 주식 단위(PSU)의 목표 수를 수여한다.각 PSU는 하나의 주식과 관련된다.수여자는 [●]로 기재되며, 수여일은 [●]로 기재된다.목표 수의 PSUs는 [●]로 기재되며, 성과 기간은 [●]로 기재된다.PSU 수여는 계획에 따라 해석, 수정, 규칙 및 규정의 적용을 받는다.본 계약과 계획의 조항 간에 충돌이 발생할 경우, 계획의 조항이 우선한다.  PSU 수여는 도드-프랭크 월가 개혁 및 소비자 보호법 및 관련 규정, 회사의 클로백 정책 및 관련 법률에 따라회수될 수 있다.PSU 수여는 수여자가 회사와의 고용 관계를 자발적으로 종료할 권리를 부여하지 않는다.  PSU 수여는 판매, 이전, 담보 설정, 양도 또는 기타 방식으로 처분할 수 없으며, PSUs가 본 계약 제2조에 따라 확정될 때까지 주식은 발행될 수 없다.  수여자가 성과 기준을 달성할 경우, 수여자는 PSUs를 취득하게 되며, 취득된 PSUs는 부여된 목표 수에 따라 분배된다.  미성취된 PSUs는 자동으로종료되며, 수여자는 미성취된 PSUs에 대한 권리를 상실한다.  주식 발행은 각 확정일 이후 가능한 한 빨리 이루어지며, 수여자는 해당주식에 대한 주주 권리를 갖는다.  본 계약은 계획의 모든 조건에 따라 적용되며, 세금 원천징수는 수여자가 세금 의무를 이행해야 한다.  본 계약은 수여자에게 고용 지속 권리를 부여하지 않으며, 본 계약은 양 당사자 간의 전체 계약을 구성한다.  개인 정보 보호 동의에 따라, 회사는 수여자의 개인 정보를 처리할 수 있으며, 수여자는 이에 동의한다.통지는 회사의 주 사무소로 발송되며, 수여자의 주소로 발송된다.본 계약의 서명 페이지가 뒤따른다.  ※ 본 컨텐츠는 AI API를 이용하여 요약한 내용으로 수치나 문맥상 요약이 컨텐츠원문과 다를 수 있습니다. 해당 컨텐츠는 투자 참고용이며 투자를 할때는 컨텐츠 원문을 필히 필독하시기 바랍니다. 원문URL(http://www.sec.gov/Archives/edgar/data/1374690/000095017025009196/0000950170-25-009196-index.htm)  데이터투자 공시팀 pr@datatooza.com  이 기사는 투자 참고용으로 이를 근거로 한 투자 손실에 대해 책임을 지지 않습니다. 해당 기사는 이데일리와 무관합니다. 기사는 데이터투자(www.datatooza.com)가 제공한 것으로 저작권은 데이터투자에 있습니다. 기사 내용관련 문의는 데이터투자로 문의하시기 바랍니다.    ＜ⓒ종합 경제정보 미디어 이데일리 - 무단전재 & 재배포 금지＞    "
84,1,"2025-01-28","07:00:00","“팀코리아 환영” 체코 국민 75%가 새 원전 찬성하는 이유는","한국수력원자력(한수원)을 중심으로 한 ‘팀 코리아(Team Korea)’가 체코 신규 원전 2기 수주를 추진하는 가운데, 체코 국민 4명 중 3명은신규 원전 건설을 찬성하는 것으로 나타났다. 이는 체코 정부가 정권에 상관없이 일관된 에너지 정책을 유지하고, 국민에게 원전 입찰 과정을 투명하게 공개한 영향으로 풀이된다.  체코 여론조사센터(CVVM)는 지난해 8월 국민 1000여명을 대상으로 진행한 ‘2024년 에너지 국민인식조사’ 결과를 이달 초 발표했다. 조사 대상의 58%는 정부의 원자력 에너지 관련 결정을 ‘신뢰한다’고 답변했다. 2023년 조사에서 국민의 절반 이상이 ‘정부의 결정을 신뢰하지 않는다’고 답변한 것과 비교하면, 고무적인 결과라고 CVVM는 분석했다.    한수원은 지난해 7월 두코바니 신규 원전 건설의 우선협상자로 선정됐다. 당시 입찰에는 한수원과 미국의 웨스팅하우스, 프랑스 EDF(?lectricit? de France) 등이 참여했는데, 체코 정부는 국익을 고려해 한수원을 선정했다고 밝혔다.  신규 원전 건설이 예정된 두코바니, 테멜린은 각각 1985년, 2002년부터 원전이 가동되고 있다. 테멜린에 있는 원전 2기는 미국 웨스팅하우스의 기술로 지었는데, 총 60억달러(약 8조7000억원)가 투입됐다. 초기 예상 사업비(10억 달러)를 크게 웃돌자 정치권에서는 입찰 과정이 체계적이지 못해 세금이 낭비됐다는 말이 나왔다. 이에 따라 이번 원전 수주 과정은 최대한 정보를 공개하고 있다.  체코 정부가 안정적인 에너지 믹스(Mix·혼합)를 강조한 점도 원전을 우호적으로 인식하는 요소가 됐다. 2022년 2월 러시아-우크라이나 전쟁이 터지기 전, 체코는 천연가스 전량과 석유의 60%를 러시아산에 의존했다. 전쟁이 터진 후 탈러시아 기조를 유지하고 있는데, 가장 현실적인 전력원으로 원전을 꼽고 있다. 체코 국민 중 원자력 발전 비중을 높이길 원하는 응답자는 63%로 집계됐다. 현재 수준을 유지하길 바라는 응답자는 22%, 비중을 줄이길 원하는 응답자는 11%였다.  그간 체코 원전이 큰 사고 없이 운영된 점도 국민의 거부감을 줄이는 요인이다. 두코바니에 있는 기존 원전은 상업 가동이 시작된 지 40년이됐다. 그간 냉각수 누출, 연료봉 손상 등 경미한 사고는 있었지만, 중대한 사고는 없었다. 국제원자력기구(IAEA)에 따르면 체코는 전체 전력생산의 40%를 원자력 발전이 담당하고 있다.  체코 정부는 10년 전부터 장기 에너지 전략을 마련해 원전 비중을 높이고 있다. 원전 업계 관계자는 “동유럽 국가에서는 러시아가 에너지 공급을 멈출 수 있다는 우려가 크다. 체코 정부는 미래 에너지로 원자력과 재생에너지의 공존을 추구하고 있는데, 재생에너지 발전 용량 한계를 고려하면 원전을 가장 현실적인 대안으로 보는 것 같다”고 말했다.  이인아 기자 inah@chosunbiz.com   Copyrights ⓒ ChosunBiz.com"
84,2,"2025-01-28","07:00:00","설날 용돈으로 시작하는 재테크…'주식' vs '부동산' 무엇이 좋을까","설날은 한 해의 새로운 시작을 알리며 계획을 세우기에 적합한 시점이다. 이와 함께 세뱃돈이나 명절 상여금을 단순 소비에 그치지 않고, 재테크의 첫걸음으로 삼는 사례가 늘어나고 있다. 특히 아이들조차 세뱃돈을 현금이 아닌 주식으로 받는 경우가 많아지면서 재테크가 세대를 초월한 화두로자리 잡고 있다.  주식 투자는 적은 금액으로도 손쉽게 시작할 수 있는 대표적인 재테크 방식이다. 세뱃돈과 같은 소액으로도 성장가능성이 큰 산업에 투자할 수 있어 진입장벽이 낮다. 정보통신(IT), 친환경, 바이오 등 미래 산업으로 주목받는 분야의 기업들은 장기적으로 높은 수익률을 기대할 수 있는 투자처로 평가된다.  특히, 주식을 통한 자녀 경제교육이 주목받고 있다. 부모가 자녀에게 세뱃돈으로 주식을 증여하며 기업의 가치를 분석하거나 시장의 흐름을 함께 공부하는 과정은 자연스럽게 경제적 사고를 키우는 계기가 된다. 이는 단순히 자산 증식뿐만 아니라 금융 문해력을 키우는 데도 긍정적인 영향을 미친다.  부동산은 큰 금액이 필요하다는 인식이 강하지만, 소액으로 투자할 수 있는 리츠(REITs·부동산투자신탁)를 통해 간접 투자가 가능하다. 리츠는 투자자들이 자금을 모아 상업용 부동산, 호텔, 쇼핑몰 등에 투자하고, 여기에서 발생하는 수익을 배당 형태로 돌려받는 방식이다.  부동산은 상대적으로 안정적인 자산으로 평가받으며, 리츠를 활용하면 소액으로도 부동산 시장에 참여할 수 있다. 또한, 배당 수익을 꾸준히 기대할 수 있어 안정적이고 장기적인 수익을 선호하는 투자자들에게 적합하다. 이러한 간접 투자는 부동산 투자 경험이 없는 초보자들에게 유용하다.  주식과 부동산은 각기 다른특성과 장단점이 있다. 주식은 높은 수익을 기대할 수 있으나, 시장의 변동성이 크기 때문에 철저한 분석과 관리가 필요하다. 반면, 부동산투자는 안정적이나 수익률이 비교적 낮고, 장기간이 소요될 수 있다.  전문가들은 ""소액으로 시작할 수 있는 주식과 리츠는 초보 투자자들에게 적합한 출발점""이라며 ""충분한 정보 수집과 소액 투자를 통한 경험 축적이 중요하다""고 조언한다.  설날 용돈과 상여금은 단순 소비가 아닌 미래를 위한 투자 자금으로 활용할 수 있다. 작은 금액이라도 올바른 투자 습관을 기르면, 장기적으로 더 큰 자산을 형성하는 밑거름이 될 수 있다.  주식과 부동산 중 어떤 방식을 선택하든, 자신에게 적합한 투자 방식을 찾는 것이 중요하다. 새로운 한해를 맞아 경제적 목표를 세우고, 재테크의 첫발을 내딛는 것은 올해를 더욱 의미 있는 시작으로 만들 것이다.  유진의 기자(jinny0536@etoday.co.kr)  [오늘의 핫클릭]  ●[내일날씨] 전국에 눈 내리고 강풍…‘대설특보’ 확대에 빙판길 조심  ●트럼프 디지털자산 시대…""가상자산 입법 마무리해야""  ●투자에 강한 경제신문 '이투데이' 증권 뉴스 ●[단독] 네이버, ‘AI 헬스 비서’ 첫발 뗐다 ●유망 바이오기업 8개사 투자 설명회…상장 등투자·협력 모색 ●[실시간] 오늘의 주요 종목 뉴스 확인하기 ●[실시간] 오늘의 특징주 살펴보기       이투데이(www.etoday.co.kr), 무단전재 및 수집, 재배포금지  프리미엄 경제신문 이투데이  "
84,3,"2025-01-28","07:00:00","車 중견 3사, ‘BYD 상륙’에 긴장…내수 입지 더 좁아지나 [여車저車]","BYD ‘아토 3’, 사전 계약 7일 만에 계약 1000대↑ BYD 가성비 전략 ‘아토 3’, 3150만~3330만원 보조금 적용 시 2000만원대 구매 가능  업계 “중견 3사와판매 간섭 가능성 커”     BYD 소형 SUV ‘아토 3’ 외관.서재근 기자     [헤럴드경제=서재근 기자] 국내 완성차 업계가 한국 시장에 첫 발을 내디딘 글로벌 전기차 판매 1위 중국 BYD의 움직임에 촉각을 곤두세우고있다. 당초 “‘가격 낮추기’가 아닌 ‘경쟁력’으로 승부를 보겠다”고 했던 BYD가 일단은 가성비 카드를 꺼내 들고 공격적인 행보를 보이고 있기 때문이다.   28일 완성차 업계에 따르면 BYD 코리아가 지난 16일 브랜드 론칭과 함께 사전 예약을 시작한 소형 전기 SUV(스포츠유틸리티차량) ‘아토 3’가 일주일 만인 23일 계약 건수 1000대를 넘어섰다.   BYD 아토 3의 사전 계약 물량의 99%는 통풍시트, 공기 정화 시스템, 전동 테일게이트, 스웨덴 오디오 기술 브랜드 ‘디락’ 사운드 시스템 등의 편의 사양이 적용된 상위 트림 아토 3 플러스인 것으로 나타났다.   아토 3는 지난 2022년 출시 이후 전 세계 시장에서 100만대 이상 판매된 브랜드 대표 모델로, ▷BYD 전기차 전용 플랫폼인 ‘e-플랫폼 3.0’과 ▷모든 전기 제어 장치 및 관리 시스템을 연결하는 양산형 8-in-1 전기 파워트레인 ▷리튬인산철(LFP) 기반 60.48㎾h 블레이드 배터리가장착됐다.   BYD는 론칭 첫해인 올해 연간 판매 목표치를 제시하지 않았지만, 업계에서는 첫 모델이 거둔 사전계약 성적과 관련해 “순조로운 출발”이라는 평가가 나온다. 특히, 업계의 시선은 ‘아토 3’의 판매 가격에 쏠린다.   ‘아토 3’의 경우 국내에서 기본 모델과 상위 트림인 플로스 모델 두 가지 트림으로 출시됐다. 기본 모델은 3150만원, 상위 트림인 플러스모델은 3330만원(VAT 포함)이다. 아직 아토 3의 경우 정부의 전기차 구매 보조금 액수가 책정되지 않았지만, BYD코리아 측은 실구매가가 2000만원대까지 내려갈 것으로 내다고보 있다.   앞서 브랜드 론칭 행사 당시 조인철 BYD코리아 대표는 “아토 3의 국내 판매가격은 유럽을 비롯해 다른 주요 시장에서보다 더 싸게 책정됐다”라며 “이는 보다 많은 한국 소비자들이 ‘BYD’라는 브랜드 가치와 기술력을 경험할 수 있도록 하기 위한 전략으로 중국 본사에서도 한국시장의 중요성에 절대적으로 공감하고 있다”라고 말했다.   업게에서는 사실상 2000만원대 중국산 전기차의 등장은 KG모빌리티(KGM), 르노코리아, GM(제너럴모터스) 한국사업장 등 중견 3사에 적잖은 부담이 될 것으로 분석하고 있다.     KGM이 올해 1분기 출시 예정인 전기 픽업 ‘무쏘 EV’ 이미지 [KGM 제공]    특히, BYD 배터리셀 등 전기차 관련 기술을 이식한 전기차 모델을 판매 중인 KGM의 경우 시장 내 판매 간섭 가능성이 커진 상황이다. 현재 KGM이 판매 중인 전기 SUV ‘토레스 EVX’의 경우 BYD의 73.4㎾h급 리튬·인산·철(LFP) 블레이드 배터리가 탑재됐다.   토레스 EVX은 4000만원대 초반으로 콤팩트 모델과 준중형 모델이라는 차이점을 고려하더라도 아토 3와 격차는 1000만원을 넘어선다. 아울러올해 1분기 출시 예정인 국내 첫 전기 픽업 ‘무쏘 EV’ 역시 BYD 기술이 대거 적용된 것으로 알려졌다.   르노코리아와 GM한국사업장도 안심할 수는 없는 상황이다. 양사 모두 국내 시장에서 전기차를 판매하지 않고 있지만, 새로 들여올 신차 가격을 ‘아토 3’ 수준에 맞출 수 있을 지는 미지수다.   이들 중견 3사가 지난해 거둔 판매 성적 역시 이 같은 관측에 설득력을 더한다. KGM이 지난해 국내 시장에서 판매한 토레스 EVX는 모두 6112 대다. 매월 509대씩 판매한 셈인데, 이는 아토 3 사전계약 건수의 절반 수준이다.   르노코리아와 GM한국사업장은 각각 중형 SUV ‘그랑 콜레오스’와 콤팩트 모델 ‘트랙스 크로스오버’의 판매 쏠림 현상이 두드러진다. BYD는 ‘아토 3’를 시작으로, 올해 퍼포먼스 중형 전기세단 ‘씰’, 중형 전기 SUV ‘씨라이언 7’ 등 총 3개 전기차 모델을 출시할 예정이다. 내연기관차와 전기차라는 차이점을 고려하더라도 씨라이언 7의 가격이 시장 예상치보다 현저히 낮게 책정된다면 모델 간 판매 간섭 가능성도 배제할 수 없다.   완성차 업계 관계자는 “BYD가 국내 시장에서 ‘중국 브랜드’라는 핸디캡을 가진 것은 사실”이라면서 “그러나 아토 3 사전계약 대수에서볼 수 있듯이 경기침체로 차량을 구매할 때 가성비를 중요하게 여기는 소비자들이 늘고 있는 만큼 BYD의 가성비 전략이 가져올 영향력을 무시할 수는 없다”고 말했다.   이어 “다만, BYD가 가진 브랜드 포지션과 더불어 LFP배터리를 사용한다는 점 등을 고려할 때 상대적으로 현대차·기아보다 중견 3사에 미치는 영향이 조금은 더 클 것으로 예상된다”라고 덧붙였다."
84,4,"2025-01-28","07:00:00","트럼프 출범, 정유사에 악재? 호재? …강달러에 울겠지만 정제마진에는 웃을수도","트럼프 2.0 ‘강달러’ 전망 정제마진 또 추락하나…에쓰오일 고심 시추 사업 확대로 유가 내릴 수도     도널드 트럼프 미국 대통령 당선인. [AP·123rf]     [헤럴드경제=박혜원 기자] 도널드 트럼프 미국 대통령 2기 행정부가 공식 출범하며 정유 업체들의 희비가 갈리고 있다. 강달러 현상으로 국내 정유 업체들 수익성이 악화할 것이란 전망도 함께, 석유 증산 공약으로 수혜를 입을 것이란 기대도 나온다.    강달러에 수익성 하락 우려    강력한 경제 성장 정책을 밀어붙이는 트럼프 정부가 지난 20일(현지시간) 출범하면서 강달러에 대한 경계가 높아지고 있다. 트럼프 정부에서보호무역주의가 강화되고 수입품 관세 부과까지 현실화되면, 미국 무역수지 개선으로 달러 가치가 높아질 수 있다.   또 대규모 세금 감면과 인프라 투자 등 공약이 경제를 활성화시키면서 금리 인하를 늦출 수도 있다. 이 경우 글로벌 자금이 미국으로 유입되고 달러 강세를 유발한다. 강달러는 원유 매입 비용을 키워 정유 업체들 입장에선 수익성을 악화시키는 요인이다.   특히 에쓰오일은 국내 판매 비중이 큰만큼 강달러 타격을 더욱 강하게 받을 수 있다. 지난해 1~3분기 기준 에쓰오일의 국내 매출 비중은 45% 로, GS칼텍스(26%), HD현대오일뱅크(23%) 등 주요 업체들 대비 높다.   이에 에쓰오일의 울산시에 대규모 석유화학 생산 시설을 구축하는 ‘샤힌프로젝트’도 투자금 확보를 얼마나 할 수 있을지가 관건이 됐다. 에쓰오일은 올해 2단계 프로젝트 최종 투자 승인(FID)을 내릴 예정인데, 이 전에 투자 금액을 구체적으로 확정해야 한다.    “드릴, 베이비, 드릴” 힘입어 정제마진 개선?   다만 트럼프 정부가 추진할 예정인 석유 증산은 정유 업계에 호재가 될 수 있다. 트럼프 대통령의 가스·석유 생산 확대 공약은 “드릴, 베이비, 드릴(Drill, Baby, Drill)” 구호로 대표된다. 시추 확대로 가스·석유 생산을 늘리겠다는 의미다.   미국 생산량이 늘면 공급이 늘며 석유 가격이 떨어질 수 있다. 현재의 고유가 기조가 완화될 수 있다. 유가가 하락하면 정유 업계 입장에서는 수익성 지표인 정제마진이 상승할 수 있다.   출범 직후 파리기후협약 탈퇴 행정명령에 서명한 트럼프 대통령은 신재생에너지보다 석유나 가스를 중심으로 한 에너지 개발에 주력한다는 방침이다. 석유를 증산하고 국제 유가가 떨어지면서, 수요가 늘어나 장기적으로 정제마진이 상승하는 효과를 기대할 수 있다.   한편 국내 정유 업계들은 정제마진이 손익분기점에 아슬아슬하게 걸려있는 가운데 전년 대비 저조한 실적을 보이고 있다. 국내 정유 4사(SK이노베이션·GS칼텍스·에쓰오일·현대오일뱅크)의 지난해 3분기 합산 영업이익은 2조7355억원으로, 직전 분기 대비 68.3% 급감했다. 현재 정제마진은 5달러 안팎을 횡보하고 있다. 통상 정유업계에선 4~5달러를 손익분기점으로 본다,"
84,5,"2025-01-28","07:00:00","위험와 기회가 동시에…국내 태양광 업체들 ‘트럼프 스톰’에 복잡한 셈법","‘反친환경’ 트럼프, 태양광에는 우호적 입장 美 태양광 성장세 지속…中견제도 韓에 기회 태양광 부품 ‘저가 경쟁’은 치열해질 가능성도 한화솔루션·OCI 등 국내 기업 현지 진출 속도     도널드 트럼프 미국 대통령. [AP/뉴시스]     [헤럴드경제=고은결 기자] 미국 ‘트럼프 2기 행정부’가 출범한 가운데 국내 태양광 산업과 기업에 미칠 영향이 주목된다. 달라진 에너지 정책과 더욱 강경해진 대(對)중 견제 등이 맞물리며 위기와 기회가 동시에 있단 분석이 나온다.    트럼프 ‘反친환경’에도 태양광 전망은 ‘화창’   이른바 ‘트럼프 스톰’이 국내 태양광 산업에도 큰 영향을 미칠 전망이다. 지난 20일 취임한 트럼프 미국 대통령은 반(反)친환경 발언과 정책을 쏟아내며 신재생에너지 산업은 우려가 고조되고 있다. 특히 그는 23일(현지시간) “말도 안 되고 엄청나게 낭비적인 그린 뉴딜을 중단했다”며 바이든 행정부의 친환경 산업정책 ‘그린 뉴딜’의 종료를 선언했다.   다만 트럼프 대통령은 태양광 산업에 대해선 후보 시절부터 “태양광은 멋진 산업”, “확대를 멈추지 않을 것”이라고 언급하며 상대적으로우호적 입장을 드러내왔다. 특히 트럼프 경제팀의 키맨인 일론 머스크 테슬라 CEO가 태양광 패널 사업을 하고 있어 정책적 불확실성이 낮을것이란 전망도 나온다.   아울러 미국 태양광 산업은 꾸준한 성장세를 유지하고 있다. 대한무역투자진흥공사(코트라)에 따르면 지난해 기준 미국에 설치된 태양광 발전용량은 210기가와트(GW)다. 미국 태양광 발전 용량은 5년간 연평균 4%씩 확대돼 2029년에는 현재의 두 배 수준인 440GW에 달할 전망이다.   미국 에너지정보청(EIA)의 단기 에너지전망(STEO)에 따르면 미국 에너지믹스에서의 태양광 발전 비중은 2023년 4%에서 2024년 5%, 2025년 7% 로 성장세를 이어갈 전망이다. 특히 올해에는 미국에서 태양광 발전 용량이 석탄 화력발전 용량에 근접할 것으로 예상된다.     한화큐셀이 지난 2013년 하와이에 건설한 태양광 발전소의 모습. [한화큐셀 제공]     ‘中 견제’ 반사이익 기대감…韓기업, 진출 속도    특히 미국의 중국 견제 기조가 국내 기업에 큰 기회 요인이 될 전망이다. 에너지경제연구원은 최근 발간한 보고서에서 트럼프 2기에서는 태양광 부문에서 세액공제 축소 및 폐지, 무역관세 강화 등을 언급함에 따라, 신규 태양광 프로젝트 수익성이 줄어들고 보급 속도가 둔화할 수 있다고 봤다.   그러면서도 미국에 진출한 우리나라 태양광 부품 제조 기업은 수혜를 입을 수 있다고 분석했다. 중국 제품에 대한 고관세 부과로 미국에 진출한 국내 기업은 반사이익을 얻을 수 있단 것이다. 중국 기업들은 값싼 제품을 내세워 글로벌 태양광 시장을 빠르게 잠식, 현재 미국 시장 점유율은 70% 이상인 것으로 알려졌다. 다만 중국 제품의 미국 수출이 어려워짐에 따라 우리나라를 포함한 미국 외 시장에서의 태양광 부품 저가 경쟁은 치열해질 가능성도 상존한다.   이런 가운데 국내 기업들은 미국 시장에서 사업 확대와 투자를 이어가고 있다. 한화솔루션 큐셀부문(한화큐셀)은 ‘솔라허브’ 구축에 3조원이상을 투입, 미국 조지아에서 태양광 밸류체인 전체를 생산하는 수직계열화를 추진 중이다. 올해 안에 완공 후 본격 가동에 들어갈 예정이다. 모든 체제가 갖춰지면 연간 1조원 규모의 미국 인플레이션 감축법(IRA)상 첨단 생산 세액공제 혜택을 받을 것으로 예상된다.   OCI홀딩스는 태양광 발전 여건이 좋은 텍사스를 거점으로 태양광 관련 사업을 확대 중이다. 전체 규모는 5.2기가와트(ESS)에 달한다. 아울러이 회사는 지난해 3분기 컨퍼런스콜에서 “미국 현지 합작사 설립을 비롯, 수직계열화 체계를 구축하는 등 비(非)중국 태양광 밸류체인 확장에 대한 신중한 검토를 진행 중”이라고 밝혔다. 태양광 셀 원료(폴리실리콘) 생산 외에도 태양광 패널, 태양광 단지 개발 등 영역으로 사업을 넓히고 있다."
84,6,"2025-01-28","07:00:00","[영상] 봄 되면 한·중 ‘리턴매치’…집안 노리는 ‘청소 집사’ 2차전 펼쳐진다","샤오미 이어 로보락·에코백스 신제품 출시  2월 서울 한복판 호텔 빌려 나란히 론칭쇼 삼성도 상반기 올인원 로봇청소기 출시 예정 먼지흡입·물걸레 한 번에…27년 1조원 성장     중국 로보락이 올 1월 미국 CES 2025에서 선보인 ‘로보락 사로스 Z70’. 본체에 탑재된 로봇 팔이 솟아 나와 바닥에 떨어진 양말을 들어 옮기고 있다. 한국 시장에 연내 출시 예정이다. 김현일 기자(라스베이거스)     [헤럴드경제=김현일 기자] 지난해 국내 가전업계를 뜨겁게 달궜던 한·중 로봇청소기 경쟁이 올 봄 다시 펼쳐진다.   먼지 흡입과 물걸레 청소를 한 대로 할 수 있는 올인원 로봇청소기가 각광 받는 가운데 각 사가 상반기에 신제품을 쏟아낼 예정이어서 로봇청소기 시장이 또 한 번 달아오를 전망이다.   28일 업계에 따르면 국내 로봇청소기 시장 1위로 꼽히는 중국 로보락은 오는 2월 신제품 ‘로보락 S9 맥스V 울트라’와 ‘로보락 S9 맥스V 슬림’ 출시와 함께 대규모 론칭 행사를 준비 중이다.   로보락은 작년 4월에도 ‘S8 맥스V 울트라’를 내놓으면서 서울 삼성동 코엑스 행사장을 빌려 대대적으로 출시 행사를 열었다.     중국 로보락 ‘S8 맥스V 울트라’ 하단 모습. 모서리를 청소하기 위한 검은색 사이드 브러시가 탑재된 것이 특징이다. 김현일 기자    지난 2020년 11월 한국 법인 설립 이후 로보락이 오프라인에서 신제품 행사를 연 것은 작년이 처음이었다. 신제품 출시에 맞춰 국내 첫 TV 광고까지 선보였다.   로보락은 올해 신제품 출시 시기를 작년보다 두 달 앞당기고, 론칭쇼와 TV 광고를 통해 신제품 홍보에 주력한다는 방침이다. 삼성전자와 LG전자가 참전하며 경쟁이 치열해진 국내 로봇청소기 시장에서 1등 자리를 굳히겠다는 전략이다.   올해 CES 2025에서 선보였던 ‘로보락 사로스(Saros) Z70’은 이번 출시 라인업에서 빠졌다. 다만 연내 한국 시장에서 출시를 계획 중인 것으로 전해졌다. 이 제품은 본체에서 솟아 나온 로봇 팔이 바닥에 떨어진 양말·수건·샌들을 들어 옮기는 모습으로 CES 2025에서 주목을 받았다.   중국 에코백스는 로보락보다 앞서 다음달 5일 여의도 콘래드 호텔에서 ‘디봇 X8 프로 옴니’ 출시 기념 론칭쇼를 연다. 이날 행사엔 에코백스의 최고경영자(CEO)도 참석을 예고했다.     삼성전자 ‘비스포크 AI 스팀’이 카펫 위에 오르자 물걸레를 들어올리고 먼지 흡입을 하고 있는 모습. 김현일 기자    지난 2021년 한국지사를 설립한 에코백스는 꾸준히 ‘스타 마케팅’으로 한국 시장에 공을 들여왔다. 2023년 배우 현빈을 기용한 광고에 이어 작년에는 배우 전지현을 브랜드 모델로 내세우기도 했다.   소형 가성비 가전으로 국내 소비자들에게 친숙한 샤오미는 가장 먼저 신제품을 출시하며 경쟁의 불씨를 당겼다. 이달 15일 국내 법인 설립 이후 처음으로 기자간담회를 갖고 로봇청소기 신제품 ‘X20 맥스’을 선보였다. 지난 22일부터 74만9000원에 판매 중이다.   삼성전자도 이에 맞서 올해 상반기 중으로 로봇청소기 ‘비스포크 AI 스팀’ 신제품을 선보일 예정이다. 삼성전자는 지난해 4월 처음으로 179만원 짜리 올인원 로봇청소기를 출시하며 시장에 뛰어들었다.   지난해 8월 ‘LG 로보킹 AI 올인원’(199만원)을 처음 선보였던 LG전자는 동시에 차세대 로봇청소기 개발을 위한 경력사원 채용도 진행한 바있다.   선발 인력의 주요 업무로 ‘중국 브랜드를 압도할 로봇 개발’ 등을 내세워 중국산 제품을 능가하는 제품 개발 의지를 드러냈다.    중국 로보락의 ‘S8 맥스V 울트라’(왼쪽)와 삼성전자 ‘비스포크 AI 스팀’, LG전자 ‘LG 로보킹 AI 올인원’. 김현일 기자    그동안 중국산 가전은 저렴하다는 인식과 달리 로봇청소기는 고가 프리미엄 전략을 앞세워 한국 시장을 공략하고 있다.   로보락의 ‘S8 맥스V 울트라’는 184만원, 에코백스도 150만원대의 고가 제품을 중심으로 라인업을 확장하고 있다. 비싸지만 삼성전자와 LG전자가 양분한 국내 가전시장에서 유독 강세를 띠며 안방을 위협하고 있다.   삼성전자와 LG전자가 올인원 로봇청소기 출시를 미룬 사이 중국 기업들은 선제적으로 제품을 판매하며 국내 시장을 점령했다.   먼지 제거는 물론 집안 곳곳을 다니며 물걸레질을 하고, 더러워진 물걸레를 빨아 건조까지 알아서 해주는 일체형 로봇청소기의 편의성이 빠르게 국내 소비자들을 사로잡았다는 분석이다. 2027년 국내 로봇청소기 시장은 1조원까지 성장할 것으로 예상된다.   업계 관계자는 “로봇청소기는 몇 년 전까지 필수 가전에 속하지 않았는데 최근 소비자들의 관심이 부쩍 높아졌다”며 “자율주행 기술에 강점을 지닌 중국 기업들이 고성능 제품을 계속 내놓고 있어 중국산 제품의 강세가 이어질 것”이라고 내다봤다."
84,7,"2025-01-28","07:00:00","""포상금 최대 20억""...그래도 있으나 마나 한 은행 내부고발 왜?","[머니투데이 김도엽 기자] 은행권의 내부통제 방안 중 핵심으로 꼽히는 '내부고발' 제도가 유명무실하다는 지적이 제기된다. 은행권이 최대 포상금을 높였지만 내부고발자라는 낙인을 찍는 내부 분위기에 실제 고발까지 이어지지 않고있다는 지적이다.   28일 금융권에 따르면 신한은행은 지난해 10월 내부고발자 제도인 '신한지킴이'의 최대 포상금을 기존 5억원에서 20억원으로 인상했다. 신한지킴이는 임직원이 고발한 내용이 은행의 손실피해를 줄이고 사고예방에 기여했다고 인정하는 경우 사고 규모 등을 감안해 포상금을 지급한다.   다른 5대 은행(KB국민·신한·하나·우리·NH 농협)도 포상금을 지급하는 내부고발제도를 운영하고 있다. 국민·하나·우리은행이 최대 10억, 농협은행이 최대 3억원을 포상금 상한선으로 규정하고 있다.   문제는 실제 내부고발자가 신고를 한 사례가 극히 드물고 포상금을 지급한 경우는 더 찾아보기 힘들다는 점이다. 5대 은행에서 지난 2013년부터 2022년까지 10년간 이뤄진 내부고발 건수는 19건에 그친다. 포상금 지급까지 이어진 경우는 1건도 없다.   대규모 금융사고가 연이어 발생한 2023년 이후에도 크게 상황은 달라지지 않은 것으로 보인다. 5대 은행 중 한 은행에서는 2023년부터 지난해까지 내부고발이 한 차례에 그쳤다.   최근 벌어진 손태승 전 우리금융 회장과 친인척이 관련된 부당대출 과정에서도 '내부고발제도'는 활용되지 않은 것으로 전해진다. 당시 대출을 실행한 지점 직원들은 부당대출에 관해 상급자에게 반발해 본점 대출 담당 직원에게 연락한 바 있으나 결국 대출은 실행됐다.   성수용 한국금융연수원 교수는 ""내부고발은 본점 대출 심사 부서에다가 하는 게 아니며 그런 통제 방식은 가능하지도 않다""라며 ""내부고발과 내부통제에 관한 명확한 이해가 없기 때문에 벌어진 사고""라고 말했다.   특히 금융권에서는 내부고발에 따른 부담을 덜 수 있는 제도적 보완과 내부 분위기 전환이 필요하다고 보고 있다. 내부고발자를 '조직의 배신자'로 낙인 찍는 문화가 바뀌지 않는 한 내부고발이 적극적으로 이뤄지기 어렵다는 뜻이다.   한 금융권 관계자는 ""낙인이 찍히면 은행 생활을 정상적으로 하기가 어렵다""라며 ""포상금을 지급받을지 여부도 알 수 없는데그것만을 믿고 내부고발을 진행할 은행원은 없을 것이다""고 말했다.   아울러 내부고발제도가 활발히 운영되는 미국 등 선진 금융시장의 사례를 참고할 필요성도 제기된다. 미국 증권거래위원회(SEC)는 벌금과 과징금이 100만 달러(약 13억1천만 원)를 넘는 사건의 경우 내부고발자에게 10~30%를 포상금으로 지급한다. 지난해에는 내부고발자에게 사상 최대규모인 2억7900만 달러(한화 약 4000억원)의 포상금이 지급했다.   성 교수는 ""미국 SEC처럼 포상금을 대폭 키우는 것도 내부고발 유인을 키우는 방법이 될 수 있다""라며 ""동시에 무엇보다 최고경영자(CEO)가 '나도 고발해달라'고 선언하면서 내부고발자 제도를 활성화하는 교육과 문화를 확산시켜야 한다""고 강조했다.    [관련기사] ☞ '결혼' 경사 앞두고 뿔난 김종민 ""속지마세요"" 고발 나선다 ☞ 전한길 ""난 노사모 출신""…노무현재단 ""법적 대응"" ☞ ""다른 남자와 잠자리 강요""…이혼 변호사도 당황 ☞ '상습도박' 슈, SES 자료화면서 모자이크 '굴욕' ☞ 집 곳곳에 커플사진?…지상렬, 동거녀 공개   김도엽 기자 usone@mt.co.kr     키워드림론 최대 4배 주식자금 & 고금리 대환상품 한도 오픈! (1644-6960)   [무료운세] 믿어야 돼 말아야 돼? 종목매수전에 믿고보는 '오늘의 운세'        [파워 인터뷰]       매수전에 점 부터 보고 가실께요 -> 오늘의 운세 [복채무료]      ⓒ 머니투데이 & mt.co.kr, 무단 전재 및 재배포 금지"
85,1,"2025-01-28","06:48:02","씨에스엑스(CSX), 이사회에 앤 베게맨 임명","씨에스엑스(CSX, CSX CORP )는 이사회에 앤 베게맨을 임명했다.  27일 미국 증권거래위원회에 따르면 2025년 1월 27일, 씨에스엑스(증권코드: CSX)에서 앤 베게맨을 이사회 구성원으로 임명했다.  앤 베게맨은 60세로, 2011년부터 2021년까지 표면운송위원회(STB)에서 활동했으며, 2017년부터 2021년까지 STB의 의장 및 대행 의장으로 재직했다.  그녀는 또한 미국 상원에서 1992년부터2011년까지 다양한 직책을 맡았으며, 공화당 상원 상업과학통위원회 직원 이사로 일했다.2022년 이후로는 철도 규제 및 정부 업무에 대한 컨설팅 서비스를 제공하고 있다.그녀의 임명으로 이사회의 인원 수는 12명에서 13명으로 증가했다.베게맨은 2024 회계연도에 제공한 서비스에대해 275,000달러의 보수를 받았다.이사회는 그녀가 NASDAQ의 이사 독립성 기준에 부합하지 않다고 판단했다.베게맨은 재무위원회에 임명됐다.  비상근 이사로서 그녀는 모든 비상근 이사에게 제공되는 보상과 일치하는 보상을 받을 예정이다.  2025년 1월 27일, 씨에스엑스는 베게맨의 이사회 임명을 발표하는 보도자료를 발행했다.보도자료는 첨부된 99.1호로 참조된다.  씨에스엑스는 플로리다 잭슨빌에본사를 두고 있으며, 철도, 인터모달 및 철도-트럭 전환 서비스를 제공하는 주요 운송 회사이다.씨에스엑스는 200년 가까이 미국의 경제 확장과 산업 발전에 중요한 역할을 해왔다.  씨에스엑스의 네트워크는 미국 동부의 주요 대도시 지역을 연결하며, 인구의 약 3분의 2가 거주하는 지역이다.  또한 240개 이상의 단선 철도와 70개 이상의 해양, 강 및 호수 항구를 주요 인구 중심지 및 농촌 마을과 연결하고있다.씨에스엑스와 그 자회사에 대한 추가 정보는 www.csx.com에서 확인할 수 있다.  ※ 본 컨텐츠는 AI API를 이용하여 요약한 내용으로 수치나 문맥상 요약이 컨텐츠 원문과 다를 수 있습니다. 해당 컨텐츠는 투자 참고용이며 투자를 할때는 컨텐츠 원문을 필히 필독하시기 바랍니다. 원문URL(http://www.sec.gov/Archives/edgar/data/277948/000095010325000915/0000950103-25-000915-index.htm)  데이터투자공시팀 pr@datatooza.com  이 기사는 투자 참고용으로 이를 근거로 한 투자 손실에 대해 책임을 지지 않습니다. 해당 기사는 이데일리와 무관합니다. 기사는 데이터투자(www.datatooza.com)가 제공한 것으로 저작권은 데이터투자에 있습니다. 기사 내용 관련 문의는 데이터투자로 문의하시기 바랍니다.    ＜ⓒ종합 경제정보 미디어 이데일리 - 무단전재 & 재배포 금지＞    "
85,2,"2025-01-28","06:48:00","뉴욕증시, 딥시크 쇼크에 나스닥 3.07% 급락…엔비디아도 17%↓","[뉴욕=뉴스핌] 김민정 특파원 = 미국 뉴욕증시에서 주요 지수가 27일(현지시간) 혼조세로 마감했다. 중국 인공지능(AI) 모델 딥시크(DeepSeek)가 반도체 및 전력 수요 등에 대한 기대를 흔들면서 기술주는 뚜렷한 약세를 보였다.  뉴욕증권거래소(NYSE)에서 다우존스30산업평균지수는 전장보다 289.33포인트(0.65%) 오른 4만4713.58에 마감했다. 반면 대형주 위주의 스탠더드앤드푸어스(S&P)500지수는 88.96포인트(1.46%) 밀린 6012.28, 기술주 중심의 나스닥 종합지수는 612.47포인트(3.07%) 급락한 1만9341.83으로 각각 집계됐다.  이날 딥시크는 미국 앱스토어에서 챗GPT를 제치고 1위 무료 앱에 올랐다. 딥시크는 R1 모델을 발표하면서 개발에 단 2개월이 소요됐으며 개발 비용도 600만 달러가 채 되지 않는다고 밝혔다.  시장 참가자들은 딥시크의 설명이 사실로 입증된다면 AI 시대에 반도체나 전력, 데이터 센터 수요가 기대보다 적을 수 있다고 우려했다. 미국의 AI 패권이 흔들릴 수 있다는 우려도 나왔다.  투자자들은 AI 관련주를 매도했다. 엔비디아는 16.97% 급락하면서 시가총액 6000억 달러가 증발했다. 이는 미국 역사상 하루 기준 최대 손실액이다. 브로드컴과 마이크론 테크놀로지도 17.40%, 11.71% 내렸다. 델 테크놀로지와 슈퍼마이크로컴퓨터도 각각 8.70%, 12.62% 하락했다. 구글의 모기업 알파벳은 4.20%, 마이크로소프트는 2.14% 내렸다.   오픈AI 챗GPT와 딥시크.[사진=로이터 뉴스핌] 2025.01.28 mj72284@newspim.com  전문가들은 아직 딥시크가 AI 업계에 미칠 영향을 정확히 측정하기는 어렵다면서도 기존 모델보다 저비용이라는 데 주목했다. CFRA 리서치의 샘 스토벌 수석 투자 전략가는 ""오늘은 먼저 팔고 나중에 질문하는 것의 좋은 예""라며 ""투자자들은 일반적으로 기술 분야, 특히 반도체에 대한 평가가 다소 과대평가됐다고 느끼고 있었다""고 지적했다. 그러면서 ""우리는 변동성을 겪을 것이며 특히 값비싼 시장과 외부 사건을 다루고 있을 때 그렇다""고 덧붙였다.  보케 캐피털 파트너스의 킴 포레스트 수석 투자 책임자(CIO)는 ""딥시크 모델과 영향에 대한 많은 질문이 있다""며 ""짧은 시간 내에무슨 일이 일어나든 그것이 궁극적인 가치라고 반드시 생각할 필요는 없을 것""이라고 했다.  아넥스 웰스 매니지먼트의 브라이언 제이컵슨 수석 이코노미스트는 ""딥시크가 '더 나은 쥐덫'이라면 지난 2년 동안 시장을 주도해 온 전체 AI 서사에 타격을 줄 수 있다""며 ""이는 칩에대한 수요 감소, 대규모 전력 생산 확장의 필요 감소, 대규모 데이터센터의 필요 감소를 의미할 수 있다""고 진단했다.  이날 3대 지수중 홀로 상승한 다우지수는 나스닥 지수를 지난 2020년 11월 9일 이후 가장 큰 폭인 3.7% 상회했다. 전문가들은 채권 금리 하락과 관세 공포완화를 이날 다우지수의 상승 배경으로 꼽았다.    위험 자산 선호가 급격히 후퇴하면서 국채 수익률은 급락했다. 뉴욕 채권시장에서 오후 3시 기준 10년 만기 미 국채 금리는 전장보다 9.5bp(1bp=0.01%포인트(%p)) 급락한 4.529%를 나타내 지난해 12월 20일 이후 최저치를기록했다. 정책 금리에 민감한 2년물은 7.8bp 내린 4.193%를 가리켰다. 채권 금리는 가격과 반대로 움직인다.  이번 주 시장은 오는 28~29일 연방공개시장위원회(FOMC) 정례회의에 주목하고 있다. 연방준비제도(Fed)는 금리를 즉각 내리라는 도널드 트럼프 미국 대통령의 주문에도 금리를 현 수준으로 동결할 것으로 전망된다. 제롬 파월 연준 의장이 이 같은 트럼프 대통령의 압박에 어떻게 대응할 지도 이번 회의에서주목할 만한 대목이다.  '월가의 공포지수'로 불리는 시카고옵션거래소(CBOE) 변동성지수(VIX)는 전장보다 20.54% 급등한 17.90을 가리켰다.   mj72284@newspim.com [금/유가] 딥시크발 시장 충격 속 유가 2% 하락…금도 후퇴 [ 채권/외환] 딥시크 공포에 미 국채 금리·달러화 하락...엔화·스위스프랑 강세 유럽증시, 혼조세로 마감… 중국 AI 기술력에 충격 받은 테크주는 폭락            저작권자(c) 글로벌리더의 지름길 종합뉴스통신사 뉴스핌(Newspim), 무단 전재-재배포 금지"
85,3,"2025-01-28","06:47:06","뉴욕증시, 中 AI 역습에 '공포'…나스닥 3% 폭락 마감","뉴욕증시, 中 AI 역습에 '공포'…나스닥 3% 폭락 마감       (뉴욕=연합뉴스) 진정호 연합인포맥스 특파원 = 중국 인공지능(AI) 스타트업 딥시크의 역습에 미국 증시가 공포에 질렸다.      딥시크의 서비스가 훨씬 적은 비용으로도 오픈AI의 챗GPT에 맞먹는 성능을 갖췄다는 소식에 AI 관련주를 겨냥한 과격한 투매가 나타났다. 시가총액 1위 엔비디아는 하루 만에 시총이 약 6천억달러(약 862조원)나 증발했다.      다만 기술주 위주로 투매가 이어지면서 전통 산업과 가치주의 안전자산 매력이 부각돼 블루칩 지수는 오히려 상승했다.       27일(미국 동부시간) 뉴욕증권거래소(NYSE)에서 다우존스30산업평균지수는 전장보다 289.33포인트(0.65%) 오른 44,713.58에 거래를 마감했다.      스탠더드앤드푸어스(S&P)500지수는 전장보다 88.96포인트(1.46%) 떨어진 6,012.28, 나스닥종합지수는 612.47포인트(3.07%) 급락한 19,341.83에 장을 마쳤다.      그간 뉴욕증시에는 AI 산업을 둘러싼 '미국 예외주의'가 있었다. 전 세계에서 현재 수준의 AI를 구현할 수 있는 기업은 미국에만 있기 때문에 주가에 AI 프리미엄을 더 얹어야 한다는 논리였다.      딥시크의 등장은 이 같은 프리미엄이 허상이었다는 점을 일깨운 사건이었다.      미국과 영국 등 서구 언론은 딥시크가 거대언어모델(LLM) 훈련에 사용한 그래픽처리장치(GPU)의 규모와 비용이 미국 빅테크들과 비교해훨씬 적었다며 극도의 효율성을 보여줬다고 지난주 집중 보도했다. 이는 마이크로소프트를 비롯한 주요 기술기업이 AI 투자에 불필요한 낭비를 한 게 아니냐는 의구심을 자극했다.      뉴욕타임스(NYT)는 지난주 기사에서 딥시크가 딥시크-V3 개발에 투입한 비용은 557만6천달러(약 78억8천만원)에 그쳤다고 전했다. 이는메타가 최신 AI 모델인 라마(Llama)3 모델에 'H100'으로 훈련한 비용의 10분의 1 수준이다.      H800은 미국의 고성능 반도체 수출 규제로 엔비디아가 H100의 사양을 낮춰 출시한 제품이다. 한마디로 딥시크는 저성능 저예산으로 챗GPT와 맞먹는 성능을 냈다는 것이다.      골드만삭스는 ""지금까지 시장은 구글이나 오픈AI, 마이크로소프트 등 AI에 투자하는 회사와 AI 관련 도구나 인프라를 제공하는 회사에 막대한 보상(프리미엄)을 줬다""며 ""딥시크 모델이 기존 AI 기업들의 지출에 의구심을 자극하면서 이 시나리오는 더 광범위하게 투자자들의 신뢰를 흔들고 있다""고 말했다.      시장의 신뢰가 흔들리면서 AI 관련주는 요동쳤다.      주요 AI 및 반도체 관련주로 구성된 필라델피아 반도체지수는 이날 9.15% 폭락했다. 작년 9월 3일 7.75% 급락한 이후 최대 낙폭이다.      필라델피아 지수가 마지막으로 9% 이상 폭락했던 시점은 2020년 3월 18일이었다. 이날 충격은 코로나19 사태가 한창이던 시절만큼 강력하다는 의미다.      AI 산업의 총아 엔비디아는 이날 주가가 17% 폭락했다. 하루 만에 시총이 5천900억달러나 급감하면서 한 번에 시총 3위 자리로 내려앉았다. 이날 하루 시총 감소분은 미국 증시 역사상 최대다.      또 다른 AI 산업 수혜주 브로드컴도 17.40% 폭락하며 시총이 1조달러 아래로 내려갔다. 마블테크놀로지도 -19.10%, 마이크론테크놀로지는 -11.71% 급락했다. 오라클도 14% 떨어졌다.      주식예탁증서(ADR) 기준으로 뉴욕증시에서 TSMC도 -13.33%, ASML은 -5.75%, Arm은 -10.19%의 하락률을 기록했다.      다만 모든 기술주가 투매에 휩쓸린 것은 아니다. AI 산업에서 상대적으로 뒤처졌던 애플은 관련 익스포저(위험 노출)가 적다는 점이 부각되며 오히려 3.18% 상승했다. 메타도 1.91% 올랐고 아마존도 강보합으로 선방했다.      마이크로소프트도 2%대, 알파벳은 4%대 하락률을 기록해 상대적으로 양호한 흐름을 보였다. 테슬라도 낙폭이 2.32%에 그쳤다.      래퍼 텐글러 인베스트먼트의 낸시 텐글러 최고경영자(CEO)는 ""애플은 우리 삶에서 가장 중요한 하드웨어인 엣지AI(온 디바이스 AI) 주도권을 갖고 있다""면서 ""최종 승자가 될 가능성이 있다""고 말했다.      CFRA리서치의 샘 스토발 최고투자전략가는 ""먼저 매도하고 나중에 질문하는 것이 좋은 예로 투자자들은 기술 전반, 특히 반도체에 대한평가가 약간 과도하다고 느낀다""며 ""투자자들이 꼭 주식을 매각하기보단 소비재나 부동산 같은 방어 영역으로 선회하고 있다는 건 고무적인부분""이라고 말했다.      안전 선호 심리가 강해지면서 다우 지수를 구성하는 우량주로 매수세가 몰렸다. 월마트와 코스트코는 2%대 상승률을 보였고 존슨앤드존슨과 프록터앤드갬블 같은 필수소비재도 3~4%대 상승률을 기록했다.      업종별로 보면 기술은 무려 5.58% 폭락했다. 유틸리티도 2.33% 급락했다. 대신 필수소비재는 2.85%, 의료건강도 2.19% 상승했다.      시카고상품거래소(CME) 페드워치툴에 따르면 연방기금금리 선물시장에서 3월까지 기준금리가 25bp 인하될 확률은 31.1%까지 올랐다. 전날 마감 무렵 대비 4%포인트 가량 상승했다.      시카고옵션거래소(CBOE) 변동성 지수(VIX)는 전장보다 3.05포인트(20.54%) 뛴 17.90을 기록했다.      jhjin@yna.co.kr   <저작권자 (c) 연합인포맥스, 무단전재 및 재배포 금지, AI 학습 및 활용 금지>"
85,4,"2025-01-28","06:47:04","뉴욕증시, 中 AI 역습에 '공포'…나스닥 3% 폭락 마감","뉴욕증시, 中 AI 역습에 '공포'…나스닥 3% 폭락 마감       (뉴욕=연합뉴스) 진정호 연합인포맥스 특파원 = 중국 인공지능(AI) 스타트업 딥시크의 역습에 미국 증시가 공포에 질렸다.      딥시크의 서비스가 훨씬 적은 비용으로도 오픈AI의 챗GPT에 맞먹는 성능을 갖췄다는 소식에 AI 관련주를 겨냥한 과격한 투매가 나타났다. 시가총액 1위 엔비디아는 하루 만에 시총이 약 6천억달러(약 862조원)나 증발했다.      다만 기술주 위주로 투매가 이어지면서 전통 산업과 가치주의 안전자산 매력이 부각돼 블루칩 지수는 오히려 상승했다.       27일(미국 동부시간) 뉴욕증권거래소(NYSE)에서 다우존스30산업평균지수는 전장보다 289.33포인트(0.65%) 오른 44,713.58에 거래를 마감했다.      스탠더드앤드푸어스(S&P)500지수는 전장보다 88.96포인트(1.46%) 떨어진 6,012.28, 나스닥종합지수는 612.47포인트(3.07%) 급락한 19,341.83에 장을 마쳤다.      그간 뉴욕증시에는 AI 산업을 둘러싼 '미국 예외주의'가 있었다. 전 세계에서 현재 수준의 AI를 구현할 수 있는 기업은 미국에만 있기 때문에 주가에 AI 프리미엄을 더 얹어야 한다는 논리였다.      딥시크의 등장은 이 같은 프리미엄이 허상이었다는 점을 일깨운 사건이었다.       미국과 영국 등 서구 언론은 딥시크가 거대언어모델(LLM) 훈련에 사용한 그래픽처리장치(GPU)의 규모와 비용이 미국 빅테크들과 비교해훨씬 적었다며 극도의 효율성을 보여줬다고 지난주 집중 보도했다. 이는 마이크로소프트를 비롯한 주요 기술기업이 AI 투자에 불필요한 낭비를 한 게 아니냐는 의구심을 자극했다.      뉴욕타임스(NYT)는 지난주 기사에서 딥시크가 딥시크-V3 개발에 투입한 비용은 557만6천달러(약 78억8천만원)에 그쳤다고 전했다. 이는메타가 최신 AI 모델인 라마(Llama)3 모델에 'H100'으로 훈련한 비용의 10분의 1 수준이다.      H800은 미국의 고성능 반도체 수출 규제로 엔비디아가 H100의 사양을 낮춰 출시한 제품이다. 한마디로 딥시크는 저성능 저예산으로 챗GPT와 맞먹는 성능을 냈다는 것이다.      골드만삭스는 ""지금까지 시장은 구글이나 오픈AI, 마이크로소프트 등 AI에 투자하는 회사와 AI 관련 도구나 인프라를 제공하는 회사에 막대한 보상(프리미엄)을 줬다""며 ""딥시크 모델이 기존 AI 기업들의 지출에 의구심을 자극하면서 이 시나리오는 더 광범위하게 투자자들의 신뢰를 흔들고 있다""고 말했다.      시장의 신뢰가 흔들리면서 AI 관련주는 요동쳤다.      주요 AI 및 반도체 관련주로 구성된 필라델피아 반도체지수는 이날 9.15% 폭락했다. 작년 9월 3일 7.75% 급락한 이후 최대 낙폭이다.      필라델피아 지수가 마지막으로 9% 이상 폭락했던 시점은 2020년 3월 18일이었다. 이날 충격은 코로나19 사태가 한창이던 시절만큼 강력하다는 의미다.       AI 산업의 총아 엔비디아는 이날 주가가 17% 폭락했다. 하루 만에 시총이 5천900억달러나 급감하면서 한 번에 시총 3위 자리로 내려앉았다. 이날 하루 시총 감소분은 미국 증시 역사상 최대다.      또 다른 AI 산업 수혜주 브로드컴도 17.40% 폭락하며 시총이 1조달러 아래로 내려갔다. 마블테크놀로지도 -19.10%, 마이크론테크놀로지는 -11.71% 급락했다. 오라클도 14% 떨어졌다.      주식예탁증서(ADR) 기준으로 뉴욕증시에서 TSMC도 -13.33%, ASML은 -5.75%, Arm은 -10.19%의 하락률을 기록했다.      다만 모든 기술주가 투매에 휩쓸린 것은 아니다. AI 산업에서 상대적으로 뒤처졌던 애플은 관련 익스포저(위험 노출)가 적다는 점이 부각되며 오히려 3.18% 상승했다. 메타도 1.91% 올랐고 아마존도 강보합으로 선방했다.      마이크로소프트도 2%대, 알파벳은 4%대 하락률을 기록해 상대적으로 양호한 흐름을 보였다. 테슬라도 낙폭이 2.32%에 그쳤다.      래퍼 텐글러 인베스트먼트의 낸시 텐글러 최고경영자(CEO)는 ""애플은 우리 삶에서 가장 중요한 하드웨어인 엣지AI(온 디바이스 AI) 주도권을 갖고 있다""면서 ""최종 승자가 될 가능성이 있다""고 말했다.      CFRA리서치의 샘 스토발 최고투자전략가는 ""먼저 매도하고 나중에 질문하는 것이 좋은 예로 투자자들은 기술 전반, 특히 반도체에 대한평가가 약간 과도하다고 느낀다""며 ""투자자들이 꼭 주식을 매각하기보단 소비재나 부동산 같은 방어 영역으로 선회하고 있다는 건 고무적인부분""이라고 말했다.      안전 선호 심리가 강해지면서 다우 지수를 구성하는 우량주로 매수세가 몰렸다. 월마트와 코스트코는 2%대 상승률을 보였고 존슨앤드존슨과 프록터앤드갬블 같은 필수소비재도 3~4%대 상승률을 기록했다.      업종별로 보면 기술은 무려 5.58% 폭락했다. 유틸리티도 2.33% 급락했다. 대신 필수소비재는 2.85%, 의료건강도 2.19% 상승했다.      시카고상품거래소(CME) 페드워치툴에 따르면 연방기금금리 선물시장에서 3월까지 기준금리가 25bp 인하될 확률은 31.1%까지 올랐다. 전날 마감 무렵 대비 4%포인트 가량 상승했다.      시카고옵션거래소(CBOE) 변동성 지수(VIX)는 전장보다 3.05포인트(20.54%) 뛴 17.90을 기록했다.      jhjin@yna.co.kr  (끝)     <저작권자(c) 연합뉴스, 무단 전재-재배포, AI 학습 및 활용 금지>"
85,5,"2025-01-28","06:47:03","뉴욕증시, 中 AI 역습에 '공포'…나스닥 3% 폭락 마감","뉴욕증시, 中 AI 역습에 '공포'…나스닥 3% 폭락 마감       (뉴욕=연합뉴스) 진정호 연합인포맥스 특파원 = 중국 인공지능(AI) 스타트업 딥시크의 역습에 미국 증시가 공포에 질렸다.      딥시크의 서비스가 훨씬 적은 비용으로도 오픈AI의 챗GPT에 맞먹는 성능을 갖췄다는 소식에 AI 관련주를 겨냥한 과격한 투매가 나타났다. 시가총액 1위 엔비디아는 하루 만에 시총이 약 6천억달러(약 862조원)나 증발했다.      다만 기술주 위주로 투매가 이어지면서 전통 산업과 가치주의 안전자산 매력이 부각돼 블루칩 지수는 오히려 상승했다.       27일(미국 동부시간) 뉴욕증권거래소(NYSE)에서 다우존스30산업평균지수는 전장보다 289.33포인트(0.65%) 오른 44,713.58에 거래를 마감했다.      스탠더드앤드푸어스(S&P)500지수는 전장보다 88.96포인트(1.46%) 떨어진 6,012.28, 나스닥종합지수는 612.47포인트(3.07%) 급락한 19,341.83에 장을 마쳤다.      그간 뉴욕증시에는 AI 산업을 둘러싼 '미국 예외주의'가 있었다. 전 세계에서 현재 수준의 AI를 구현할 수 있는 기업은 미국에만 있기 때문에 주가에 AI 프리미엄을 더 얹어야 한다는 논리였다.      딥시크의 등장은 이 같은 프리미엄이 허상이었다는 점을 일깨운 사건이었다.      미국과 영국 등 서구 언론은 딥시크가 거대언어모델(LLM) 훈련에 사용한 그래픽처리장치(GPU)의 규모와 비용이 미국 빅테크들과 비교해훨씬 적었다며 극도의 효율성을 보여줬다고 지난주 집중 보도했다. 이는 마이크로소프트를 비롯한 주요 기술기업이 AI 투자에 불필요한 낭비를 한 게 아니냐는 의구심을 자극했다.      뉴욕타임스(NYT)는 지난주 기사에서 딥시크가 딥시크-V3 개발에 투입한 비용은 557만6천달러(약 78억8천만원)에 그쳤다고 전했다. 이는메타가 최신 AI 모델인 라마(Llama)3 모델에 'H100'으로 훈련한 비용의 10분의 1 수준이다.      H800은 미국의 고성능 반도체 수출 규제로 엔비디아가 H100의 사양을 낮춰 출시한 제품이다. 한마디로 딥시크는 저성능 저예산으로 챗GPT와 맞먹는 성능을 냈다는 것이다.      골드만삭스는 ""지금까지 시장은 구글이나 오픈AI, 마이크로소프트 등 AI에 투자하는 회사와 AI 관련 도구나 인프라를 제공하는 회사에 막대한 보상(프리미엄)을 줬다""며 ""딥시크 모델이 기존 AI 기업들의 지출에 의구심을 자극하면서 이 시나리오는 더 광범위하게 투자자들의 신뢰를 흔들고 있다""고 말했다.      시장의 신뢰가 흔들리면서 AI 관련주는 요동쳤다.      주요 AI 및 반도체 관련주로 구성된 필라델피아 반도체지수는 이날 9.15% 폭락했다. 작년 9월 3일 7.75% 급락한 이후 최대 낙폭이다.      필라델피아 지수가 마지막으로 9% 이상 폭락했던 시점은 2020년 3월 18일이었다. 이날 충격은 코로나19 사태가 한창이던 시절만큼 강력하다는 의미다.      AI 산업의 총아 엔비디아는 이날 주가가 17% 폭락했다. 하루 만에 시총이 5천900억달러나 급감하면서 한 번에 시총 3위 자리로 내려앉았다. 이날 하루 시총 감소분은 미국 증시 역사상 최대다.      또 다른 AI 산업 수혜주 브로드컴도 17.40% 폭락하며 시총이 1조달러 아래로 내려갔다. 마블테크놀로지도 -19.10%, 마이크론테크놀로지는 -11.71% 급락했다. 오라클도 14% 떨어졌다.      주식예탁증서(ADR) 기준으로 뉴욕증시에서 TSMC도 -13.33%, ASML은 -5.75%, Arm은 -10.19%의 하락률을 기록했다.      다만 모든 기술주가 투매에 휩쓸린 것은 아니다. AI 산업에서 상대적으로 뒤처졌던 애플은 관련 익스포저(위험 노출)가 적다는 점이 부각되며 오히려 3.18% 상승했다. 메타도 1.91% 올랐고 아마존도 강보합으로 선방했다.      마이크로소프트도 2%대, 알파벳은 4%대 하락률을 기록해 상대적으로 양호한 흐름을 보였다. 테슬라도 낙폭이 2.32%에 그쳤다.      래퍼 텐글러 인베스트먼트의 낸시 텐글러 최고경영자(CEO)는 ""애플은 우리 삶에서 가장 중요한 하드웨어인 엣지AI(온 디바이스 AI) 주도권을 갖고 있다""면서 ""최종 승자가 될 가능성이 있다""고 말했다.      CFRA리서치의 샘 스토발 최고투자전략가는 ""먼저 매도하고 나중에 질문하는 것이 좋은 예로 투자자들은 기술 전반, 특히 반도체에 대한평가가 약간 과도하다고 느낀다""며 ""투자자들이 꼭 주식을 매각하기보단 소비재나 부동산 같은 방어 영역으로 선회하고 있다는 건 고무적인부분""이라고 말했다.      안전 선호 심리가 강해지면서 다우 지수를 구성하는 우량주로 매수세가 몰렸다. 월마트와 코스트코는 2%대 상승률을 보였고 존슨앤드존슨과 프록터앤드갬블 같은 필수소비재도 3~4%대 상승률을 기록했다.      업종별로 보면 기술은 무려 5.58% 폭락했다. 유틸리티도 2.33% 급락했다. 대신 필수소비재는 2.85%, 의료건강도 2.19% 상승했다.      시카고상품거래소(CME) 페드워치툴에 따르면 연방기금금리 선물시장에서 3월까지 기준금리가 25bp 인하될 확률은 31.1%까지 올랐다. 전날 마감 무렵 대비 4%포인트 가량 상승했다.      시카고옵션거래소(CBOE) 변동성 지수(VIX)는 전장보다 3.05포인트(20.54%) 뛴 17.90을 기록했다.      jhjin@yna.co.kr  (끝)"
85,6,"2025-01-28","06:47:02","텔레폰앤드데이터시스템즈(TDS-PV), CEO 전환 발표","텔레폰앤드데이터시스템즈(TDS-PV, TELEPHONE & DATA SYSTEMS INC /DE/ )는 CEO가 전환을 발표했다.  27일 미국 증권거래위원회에 따르면 TDS의 이사회 의장인 월터 C. D. 칼슨이 2025년 2월 1일부로 TDS의 사장 겸 CEO로 취임한다는 발표가 있었다.레로이 T. 칼슨 주니어는 새로 창설된 부의장직을 맡아 기업 전략에 집중할 예정이다.크리스토퍼 D. 오리리가 TDS 이사회에서 리드 독립 이사로 임명되었다.  2025년 1월 27일 시카고에서 발표된 바에 따르면, 월터 칼슨은 레로이(테드) T. 칼슨 주니어를 TDS의 사장 겸 CEO로 성공적으로 인계받게 된다.  테드 칼슨은 UScellular의 이사회 의장직을 계속 수행하며, 기업 전략에 집중할 예정이다.  월터 칼슨은 1981년부터 TDS 이사회에서 활동해왔으며, 2002년부터 비상임 의장직을 맡아왔다.  그는 TDS가 무선 산업의 출현과 발전, UScellular의 성장, TDS 텔레콤의 전화 회사에서 브로드밴드 회사로의 변신, 그리고 최근 UScellular와 관련된 전략적 검토 과정을 이끌어왔다.  월터칼슨은 TDS 이사회 의장직과 UScellular 이사회 멤버로 계속 활동할 예정이다.월터 칼슨은 “회사의 역사에서 중대한 순간에 TDS를 이끌게 되어 영광”이라고 말했다.  그는 “테드의 리더십과 우리가 50년 이상 동안 구축해온 사명 중심의 문화에 대해 큰 존경과 감사를 표한다. 테드와 우리의 재능 있는 팀과 함께 전략적 이니셔티브를 실행하는 데 계속 협력하기를 기대한다”고 덧붙였다.  테드 칼슨은 “월터의 사장 겸 CEO 임명을 전적으로 지지하며, 부의장으로서 그가 TDS를 성공적인 미래로 이끌 수 있도록 도울 것”이라고 말했다.  이 전환은 TDS 기업이 미국 전역의 고객에게 고품질 통신 서비스를 제공하겠다는 의지를 반영한다.또한, 크리스토퍼 D. 오리리가 TDS 이사회에서리드 독립 이사로 임명되었다.  크리스 오리리는 2006년부터 TDS 이사회에서 활동해왔으며, 수십 년의 공공 기업 경영 리더십 경험을보유하고 있다.  그는 “이 중요한 경영진 리더십 전환을 도우며 월터와 이사회에 기여하게 되어 기쁘다”고 말했다.  월터는 TDS와 UScellular의 오랜 이사회 멤버로서 모든 사업에 깊이 관여하고 있으며, 이 기업의 중대한 변화를 이끌기 위해 헌신하고 있다.  월터 칼슨은 TDS의 CEO로 취임하기 전, 44년 이상 Sidley Austin LLP에서 변호사로 활동했으며, 그 중 37년은 파트너로 근무했다.  그는2002년부터 2018년까지 이 firm‘s Executive Committee의 일원으로 활동했으며, 수년간 증권 및 주주 소송 실무의 책임자로 활동했다.  월터 칼슨은 전국적으로 인정받는 증권 소송 변호사로, 고객을 위한 성공적인 결과를 이끌어낸 고성능 팀을 이끌었다.  그는 예일 대학교에서 학사 학위를, 하버드 대학교 법학대학원에서 법학 박사 학위를 취득했다.  TDS는 무선, 브로드밴드, 비디오 및 음성을 제공하는 기업으로, UScellular와 TDS 텔레콤을 통해 미국 전역에 약 600만 개의 연결을 제공하고 있다.  1969년에 설립되어 시카고에 본사를 두고 있으며, 2024년 9월 30일 기준으로 약 8,000명의 직원을 고용하고 있다.자세한 재무 정보는 investors.tdsinc.com에서 확인할 수 있다.  ※ 본 컨텐츠는 AI API를 이용하여 요약한 내용으로 수치나 문맥상 요약이 컨텐츠 원문과 다를 수 있습니다. 해당 컨텐츠는 투자 참고용이며 투자를 할때는 컨텐츠 원문을 필히 필독하시기 바랍니다. 원문URL(http://www.sec.gov/Archives/edgar/data/1051512/000105151225000005/0001051512-25-000005-index.htm)  데이터투자 공시팀 pr@datatooza.com  이 기사는 투자 참고용으로 이를 근거로 한 투자손실에 대해 책임을 지지 않습니다. 해당 기사는 이데일리와 무관합니다. 기사는 데이터투자(www.datatooza.com)가 제공한 것으로 저작권은 데이터투자에 있습니다. 기사 내용 관련 문의는 데이터투자로 문의하시기 바랍니다.    ＜ⓒ종합 경제정보 미디어 이데일리 - 무단전재 & 재배포 금지＞    "
85,7,"2025-01-28","06:46:54","[美특징주]오라클, 틱톡 인수 논의·AI 투자 부담…주가 9% 하락","[이데일리 김카니 기자] 오라클(ORCL)은 틱톡 관련 논의와 대규모 인공지능(AI) 인프라 투자 소식으로 주가가 큰 폭으로 하락했다.  27일(현지시간) 오전11시30분 아케로테라퓨틱스 주가는 전거래일 대비 99.12% 상승한 52.13달러에 거래되고 있다.  CNBC에 따르면 트럼프 행정부는 틱톡의 글로벌 운영권을 오라클과 외부 투자자 그룹에 매각하는 방안을 논의 중인 것으로 나타났다. 트럼프전 대통령은 틱톡의 미래와 관련해 30일 내로 결정을 내릴 것이라고 밝혔다. 이러한 소식은 투자자들에게 불확실성을 야기하며 주가에 부담을 주었다.  또한 오라클은 오픈AI와 소프트뱅크와 함께 ‘스타게이트’라는 이름의 공동 프로젝트를 통해 미국 내 AI 인프라를 구축하기 위해 최대 5천억 달러를 투자할 계획을 발표했다.  이는 AI 데이터 센터와 관련 기술 개발을 목표로 하지만, 투자 규모에 대한 우려가 주가 하락에 영향을 미친 것으로 분석된다.   ＜ⓒ종합 경제정보 미디어 이데일리 - 무단전재 & 재배포 금지＞"
86,1,"2025-01-28","06:39:55","주가 폭락한 엔비디아 ""딥시크, 추론에 더 많은 AI칩 필요할 것""","- 주가 17% 급락…하루 만에 시총 847조원 사라져  - ""널리 사용가능한 모델과 수출통제 컴퓨팅 활용""    [뉴욕=이데일리 김상윤 특파원] “딥시크(DeepSeek)는 널리 사용 가능한 모델과 수출 통제 규정을 완전히 준수하는 컴퓨팅을 활용해 새로운모델을 생성할 수 있는 방식을 보여줬다.”   중국 인공지능(AI) 기업 딥시크 쇼크로 주가가 폭락한 엔비디아는 27일(현지시간) 딥시크 발전이 자사 칩의 중국 내 수요를 끌어올릴 것이고, 향후 딥시크의 서비스 수요를 충족하기 위해 더 많은 칩이 필요할 것이라고 밝혔다.         젠슨 황 엔비디아 최고경영자(CEO) 가 엔비디아의 최신 인공지능(AI) 칩 ‘블랙웰’을 선보이고 있다. (사진=엔비디아 제공)로이터에 따르면엔비디아는 이날 성명을 통해 딥시크가 훨씬 적은 수의 엔비디아칩을 사용해 생성형 AI 선두주자인 오픈AI와 같은 동등한 수준에 도달했다는투자자들의 우려에 이같이 밝혔다. 이날 엔비디아의 주가는 무려 17% 급락하며 시가총액 5890억달러(약 846조6875억원)가 증발했다.   딥시크는 지난해 말 무료 오픈소스 대규모 언어 모델(LLM)을 출시했다. 딥시크는 미국 AI업체들이 요구하는 것보다 훨씬 적은 비용인 600만달러 미만의 비용으로 단 두 달 만에 개발했다고 주장하고 있다.   딥시크가 개발 경과를 설명한 기술보고서에 따르면 챗GPT와 비슷한 성능의 ‘딥시크-V3’ 개발에 투입된 비용은 557만6000달러(약 78억8000만원)에 그친다. 엔비디아의 ‘H800 GPU’를 시간당 2달러에 2개월 동안 빌린 비용으로 계산됐다. H800은 미국의 고성능 칩 수출 규제로 엔비디아가 H100 사양을 낮춰 출시한 칩으로, 딥시크는 약 2000개의 H800칩을 사용해 생성형AI모델을 개발한 것으로 전해진다.   시장에서는 딥시크의 생성형AI개발로 인해 미국 AI업체들의 과잉 투자에 대한 경계론이 급격히 부상하고 있다. 현재 구글, 아마존 등 하이퍼스케일러는 AI설비에 막대한 투자를 하고 있는데, 딥시크의 발전을 고려하면 과잉 투자로 볼 수밖에 없다는 우려다. 현재 엔비디아 주가는 AI설비에 대한 투자로 인해 계속 급등했는데, 만약 하이퍼스케일러가 투자를 줄인다면 주가가 흘러내릴 수밖에 없다.         엔비디아는 이를 고려해 투자자들을 안심시키려고 애를 썼다. 딥시크는 최근 사용자 급증으로 인해 서비스를 원활하게 제공하지 못하고 있다. 이에 엔비디아는 자사 칩에 대한 지속적인 수요를 보여준다며, AI추론 작업에는 상당한 수의 엔비디아 칩과 고성능 네트워킹이 필요하다고강조했다.   시장에서는 딥시크가 H800을 통해 생성형AI모델을 출시한 만큼, 미국 정부가 엔비디아에 대한 추가 규제에 나설 수 있다는 우려도 제기하고있다.    ＜ⓒ종합 경제정보 미디어 이데일리 - 무단전재 & 재배포 금지＞"
86,2,"2025-01-28","06:39:05","라스베가스샌즈(LVS), 이사회, 마크 베스카 신임 이사 선임","라스베가스샌즈(LVS, LAS VEGAS SANDS CORP )는 이사회는 마크 베스카를 신임 이사로 선임했다.  27일 미국 증권거래위원회에 따르면 2025년 1월 27일, 라스베가스샌즈의 이사회는 마크 베스카를 신임 이사로 선임했고, 이는 즉시 효력을 발생한다.  베스카는 이사로 선임되기 위해 사람과의 어떠한 계약이나 거래가 없으며, 라스베가스샌즈 또는 그 자회사가 관련된 거래에서 베스카가 중요한 이해관계를 가지고 있다는 사실도 없다.  비상근 이사로서 베스카는 2024년 주주총회에 제출된 위임장에 명시된 바와 같이 보상을받을 예정이다. 이 위임장은 2024년 3월 29일 증권거래위원회에 제출됐다.  이 보고서는 1934년 증권거래법의 요구사항에 따라 작성되었으며, 서명자는 아래와 같다. 서명일자는 2025년 1월 27일이다.  ※ 본 컨텐츠는 AI API를 이용하여 요약한 내용으로 수치나 문맥상요약이 컨텐츠 원문과 다를 수 있습니다. 해당 컨텐츠는 투자 참고용이며 투자를 할때는 컨텐츠 원문을 필히 필독하시기 바랍니다. 원문URL(http://www.sec.gov/Archives/edgar/data/1300514/000130051425000006/0001300514-25-000006-index.htm)  데이터투자 공시팀 pr@datatooza.com  이 기사는 투자 참고용으로 이를 근거로 한 투자 손실에 대해 책임을 지지 않습니다. 해당 기사는 이데일리와 무관합니다. 기사는 데이터투자(www.datatooza.com)가 제공한 것으로 저작권은 데이터투자에 있습니다. 기사 내용 관련 문의는 데이터투자로 문의하시기 바랍니다.    ＜ⓒ종합 경제정보 미디어 이데일리 - 무단전재 & 재배포 금지＞    "
86,3,"2025-01-28","06:39:02","에베레스트그룹(EG), 2024년 4분기 및 연간 실적 발표","에베레스트그룹(EG, EVEREST GROUP, LTD. )은 2024년 4분기 및 연간 실적을 발표했다.  27일 미국 증권거래위원회에 따르면 2025년 1월 27일, 에베레스트그룹은 2024년 4분기 및 연간 실적에 대한 예비 재무 정보를 발표했다.  이 발표에 따르면, 2024년 전체 순이익은 13억 달러에서 14억 달러 사이로 예상되며, 비GAAP 기준 순 운영 수익은 12억 달러에서 13억 달러 사이로 예상된다.  이러한 결과는 15억 달러의 이전 연도 손실 준비금의 불리한 개발을 포함하고 있으며, 현재 사고 연도에 대한 보강이 2억 2900만 달러로,총 보강액은 17억 달러에 달한다.  에베레스트의 재보험 부문에서는 2024년 전체 및 4분기 동안 미국 손해보험 준비금을 6억 8400만 달러 강화했으며, 이는 부동산 및 모기지 라인에서의 유리한 개발로 완전히 상쇄됐다.  보험 부문에서는 미국 손해보험 준비금을 11억 달러 강화하고, 현재 사고 연도 손실을 2억 600만 달러 증가시켜 총 13억 달러에 달했다.  새로운 ‘기타’ 부문은 2024년 10월에 사업매각 후 스포츠 및 레저 라인, 석면 및 환경 노출, 특정 중단된 보험 프로그램 및 보장 클래스를 포함하고 있으며, 이 부문에서의 불리한 개발은 4억 2500만 달러에 달한다.  회사는 이제 사이클 전반에 걸쳐 중간 10대 총 주주 수익률을 목표로 하고 있으며, 세부적인 미래 가이던스를 제공하지 않을 예정이다.  에베레스트의 CEO인 짐 윌리엄슨은 “이번 분기의 결정적인 조치는 포괄적인 준비금 검토에 따른것”이라며, “회사는 미국 손해보험 준비금을 크게 강화했으며, 사회적 인플레이션에 노출된 특정 클래스에서 공격적인 언더라이팅 조치를취하고 있다”고 말했다.  2025년 1월 28일 화요일 오전 8시 30분(동부 표준시)에 예비 2024년 실적에 대한 컨퍼런스 콜이 진행될 예정이다.  에베레스트는 글로벌 보험 비즈니스의 선두주자로 자리매김하기 위해 지속적으로 투자하고 있으며, 고객의 가장 시급한 문제를해결하기 위해 최상의 재보험 및 보험 솔루션을 제공하고 있다.  2024년 12월 31일 기준으로 에베레스트의 재보험 부문은 6억 8400만달러의 준비금 강화를 포함하고 있으며, 보험 부문은 13억 달러의 준비금 강화를 포함하고 있다.또한, 기타 부문은 4억 2500만 달러의 불리한 개발을 기록했다.  이러한 수치는 에베레스트의 현재 재무 상태를 반영하며, 회사는 향후 안정적인 수익 창출을 위한 명확한 경로를설정하고 있다.  ※ 본 컨텐츠는 AI API를 이용하여 요약한 내용으로 수치나 문맥상 요약이 컨텐츠 원문과 다를 수 있습니다. 해당 컨텐츠는 투자 참고용이며 투자를 할때는 컨텐츠 원문을 필히 필독하시기 바랍니다. 원문URL(http://www.sec.gov/Archives/edgar/data/1095073/000109507325000008/0001095073-25-000008-index.htm)  데이터투자 공시팀 pr@datatooza.com  이 기사는 투자 참고용으로 이를근거로 한 투자 손실에 대해 책임을 지지 않습니다. 해당 기사는 이데일리와 무관합니다. 기사는 데이터투자(www.datatooza.com)가 제공한 것으로 저작권은 데이터투자에 있습니다. 기사 내용 관련 문의는 데이터투자로 문의하시기 바랍니다.    ＜ⓒ종합 경제정보 미디어 이데일리 - 무단전재 & 재배포 금지＞    "
86,4,"2025-01-28","06:38:41","뉴스캐스트 - DeepSeek란 무엇이며, 왜 AI 분야에 혁신을 일으키고 있나요?","Newscasts - What is DeepSeek and why is it disrupting the AI sector?    Newscasts - What is DeepSeek and why is it disrupting the AI sector?    Click the following link to watch video: https://share.newscasts.refinitiv.com/link?entryId=1_sjqylac2&referenceId=tag:reuters.com,2025:newsml_RW664227012025RP1_K15&pageId=Newscasts                 (c) Copyright Thomson Reuters 2020. Click For Restrictions - https://agency.reuters.com/en/copyright.html   원문 바로가기    DISCLAIMER  레피니티브의 사전, 서면 승인 없는 톰슨로이터 콘텐츠의 재생산이나 재배포는 금지되어 있습니다. 이 기사의 한국어 번역은 에프앤가이드가 사용하는 기계적 번역에 의한 것으로 톰슨로이터와 레피니티브는 번역의 정확성을 보증하지 않습니다."
86,5,"2025-01-28","06:38:14","뉴스캐스트 - 다양성 공약을 축소하거나 포기하는 미국 대기업들","Newscasts - Big U.S. companies taper or abandon diversity pledges    Newscasts - Big U.S. companies taper or abandon diversity pledges    Click the following link to watch video: https://share.newscasts.refinitiv.com/link?entryId=1_2orlccby&referenceId=tag:reuters.com,2025:newsml_RW663527012025RP1_930&pageId=Newscasts                 (c) Copyright Thomson Reuters 2020. Click For Restrictions - https://agency.reuters.com/en/copyright.html   원문 바로가기    DISCLAIMER  레피니티브의 사전, 서면 승인 없는 톰슨로이터 콘텐츠의 재생산이나 재배포는 금지되어 있습니다. 이 기사의 한국어 번역은 에프앤가이드가 사용하는 기계적 번역에 의한 것으로 톰슨로이터와 레피니티브는 번역의 정확성을 보증하지않습니다."
86,6,"2025-01-28","06:38:10","뉴스캐스트 - DeepSeek란 무엇이며, 왜 AI 분야에 혁신을 일으키고 있나요?","Newscasts - What is DeepSeek and why is it disrupting the AI sector?    Newscasts - What is DeepSeek and why is it disrupting the AI sector?    Click the following link to watch video: https://share.newscasts.refinitiv.com/link?entryId=1_equmxv1h&referenceId=tag:reuters.com,2025:newsml_RW664227012025RP1_930&pageId=Newscasts                 (c) Copyright Thomson Reuters 2020. Click For Restrictions - https://agency.reuters.com/en/copyright.html   원문 바로가기    DISCLAIMER  레피니티브의 사전, 서면 승인 없는 톰슨로이터 콘텐츠의 재생산이나 재배포는 금지되어 있습니다. 이 기사의 한국어 번역은 에프앤가이드가 사용하는 기계적 번역에 의한 것으로 톰슨로이터와 레피니티브는 번역의 정확성을 보증하지 않습니다."
86,7,"2025-01-28","06:38:08","W.R.버클리(WRB-PH), 2024년 4분기 및 연간 실적 발표","W.R.버클리(WRB-PH, BERKLEY W R CORP )는 2024년 4분기 및 연간 실적을 발표했다.  27일 미국 증권거래위원회에따르면 W.R.버클리(뉴욕증권거래소: WRB)는 2024년 4분기 및 연간 실적을 발표했다.  2024년 4분기 자기자본이익률(ROE)은 30.9%로, 운영 자기자본이익률은 24.3%에 달했다.  분기 순이익은 576백만 달러로 45.0% 증가했으며, 기록적인 운영 수익은 453백만 달러로 15.5% 증가했다.연간 세전 인수 수익은 11억 달러, 순이익은 18억 달러로 기록을 세웠다.2024년 4분기 주요 재무 데이터는 다음과 같다.  총보험료는 3,497,284천 달러, 순보험료는 2,936,750천 달러, 순이익은 576,101천 달러, 희석주당 순이익은 1.44달러였다.운영 수익은 452,591 천 달러, 운영 수익률은 24.3%로 나타났다.  2024년 전체 실적은 자기자본이익률 23.6%, 운영 자기자본이익률 22.4%를 기록했으며, 주당 장부가치는 23.5% 증가했다.  2024년 동안 총 835.6백만 달러의 자본이 주주에게 반환되었으며, 이 중 특별 배당금은 412.3백만 달러, 자사주 매입은 303.7백만 달러, 정기 배당금은 119.6백만 달러였다.  회사는 2024년에 새로운 재무 기록을 세웠으며, 2025년에도지속적인 성공을 기대하고 있다.  현재 재무 상태는 총 자산 40,567,268천 달러, 순투자 자산 29,780,638천 달러, 일반주주 지분 8,395,111천 달러로 나타났다.  ※ 본 컨텐츠는 AI API를 이용하여 요약한 내용으로 수치나 문맥상 요약이 컨텐츠 원문과 다를 수 있습니다. 해당 컨텐츠는 투자 참고용이며 투자를 할때는 컨텐츠 원문을 필히 필독하시기 바랍니다. 원문URL(http://www.sec.gov/Archives/edgar/data/11544/000001154425000002/0000011544-25-000002-index.htm)  데이터투자 공시팀 pr@datatooza.com  이 기사는 투자 참고용으로이를 근거로 한 투자 손실에 대해 책임을 지지 않습니다. 해당 기사는 이데일리와 무관합니다. 기사는 데이터투자(www.datatooza.com)가 제공한 것으로 저작권은 데이터투자에 있습니다. 기사 내용 관련 문의는 데이터투자로 문의하시기 바랍니다.    ＜ⓒ종합 경제정보 미디어 이데일리 - 무단전재 & 재배포 금지＞    "
87,1,"2025-01-28","06:30:00","을사년 서학개미 투심, ‘실세’ 머스크 향했다…‘트럼프 투자’ AI株도 주목 [투자360]","테슬라·테슬라 ETF가 서학개미 순매수액 1~2위 석권 ‘브로드컴’ AI칩 투심도 강력…트럼프發 추가 호재도 관심 단기 채권·가상자산·S&P500 ETF도 인기     [로이터, 게티이미지뱅크, 신동윤 기자 정리]     [헤럴드경제=신동윤·김민지 기자] 2025년 을사년(乙巳年) 새해 서학개미(미국 주식 개인 소액 투자자)의 투심은 도널드 트럼프 2기 미 행정부의 ‘실세’로 떠오른 일론 머스크 미 행정효율부(DOGE) 수장을 향한 것으로 나타났다.   지난해 글로벌 증시 랠리를 이끌었던 인공지능(AI) 관련주에 대한 서학개미의 사랑 온도도 여전히 뜨거웠다. 특히, 트럼프 대통령이 직접 기자회견을 통해 ‘AI 패권’을 선언하고 나선 만큼 올해 역시도 AI가 서학개미의 ‘최선호주’가 될 수 있다는 분석도 나온다.    테슬라·테슬라 ETF가 서학개미 순매수액 1~2위 석권   28일 한국예탁결제원 증권정보포털 세이브로(SEIBro)에 따르면 올해 들어 지난 22일까지 서학개미 ‘원픽(최선호주)’은 4억1653만달러(약 5983억원) 규모의 순매수세를 기록한 테슬라였다.   테슬라에 이어 2위 자리엔 테슬라 주가를 정방향으로 2배 추종하는 ‘디렉시온 데일리 테슬라 불 2배(DIREXION DAILY TSLA BULL 2X SHARES)’ 상장지수펀드(ETF)가 2억8127만달러(약 4040억원)로 자리 잡았다.   연초 서학개미들은 테슬라 선호 현상이 두드러졌던 데는 ‘저가 매수’를 통해 추가 상승장에서 차익을 거둘 것이란 기대감이 밑바탕에 깔려있다는 분석이 나온다. 대선 승리 ‘1등 공신’으로 꼽히는 일론 머스크 테슬라 최고경영자(CEO)는 트럼프 2기 행정부에서 정부효율부 수장을 맡는 등 실세 역할을 톡톡히 하고 있다는 점도 투심을 자극한 주요 요인으로 평가된다.     [AFP]    앞서 테슬라 주가는 지난해 12월 17일 종가 기준 479.86달러로 역대 최고가를 기록한 바 있다. 정점을 찍기 전 3개월간 주가가 111.60%(226.78→479.86달러)나 올랐고, 트럼프 대통령의 대선 승리 이후 주가 상승률만 살펴봤을 때도 주가 상승률은 90.84%(251.44→479.86달러)로 사실상 주가가 곱절로 뛰었다.   정점에 올랐던 주가는 보름 만인 지난 2일 379.28달러로 20.96%나 급락하는 조정장세를 겪었다. 증권가에선 이 같은 주가 하락세가 투자자들의 ‘저가 매수’ 심리를 자극했다는 평가도 내놓는다.   한 증권업계 관계자는 “트럼프 2기 행정부 공식 출범이 임박한 이달 들어 테슬라의 AI·슈퍼컴퓨터 관련 투자, 자율주행, 로보틱스 등 미래먹거리 사업에 대한 규제 완화 기대감이 커졌다”면서 “트럼프 대통령이 취임과 동시에 내놓은 ‘전기차 의무화 폐지’ 행정명령 등의 악재는 이미 주가에 선반영됐다”고 짚었다.   실제로 미 월가에선 테슬라 주가가 올해 상반기엔 불안정한 모습을 보일 수 있지만 장기적 관점에선 우상향할 것이란 전망에 힘을 싣는 분석이 나온다.   파이퍼샌들러는 지난 21일(현지시간) 테슬라 주식을 ‘매수 후 보유(Buy and Hold)’ 1순위 추천 종목으로 꼽았다. 이어 투자 등급을 ‘비중확대(overweight)’라고 재확인하면서 목표주가를 기존 315달러보다 58.73%(185달러)나 높은 500달러로 상향 조정했다.   알렉산더 포터 파이퍼샌들러 분석가는 “투자자들이 테슬라의 ‘현실 세계 AI(real-world A.I.)’ 잠재력을 인식하기 시작했다”면서 “지금부터 1년 후면 투자자들은 테슬라 신제품 출시 주기에 대한 더 분명한 정보를 갖고, 완전자율주행(FSD) 수행 능력 향상이나 AI 관련 야망에대한 주제에 관심을 집중할 수 있을 것”이라고 설명했다.     [AFP]     ‘엔비디아·브로드컴’ AI칩 투심도 강력…트럼프發 추가 호재도 관심    글로벌 AI 랠리를 이끌었던 AI칩 ‘대장주’ 엔비디아의 ‘대항마’로 떠오른 브로드컴에 대해 서학개미의 순매수액은 9648만달러(약 1386억원)에 달했다. 순위도 3위까지 올랐다.   글로벌 AI 빅데이터 기업 팰런티어 테크놀로지도 7812만달러(약 1122억원) 규모의 순매수액을 기록하며 6위에 이름을 올렸다. 팰런티어를 이끄는 피터 틸 최고경영자(CEO)는 트럼프 2기 행정부의 ‘숨은 실세’로 불리는 인물로, 팰런티어 역시 ‘트럼프 수혜주’로 주목 받아왔다.     서학개미    순매수액 5948만달러(약 854억원)로 7위에 오른 서브 로보틱스도 있었다. 해당 기업은 작년 7월 엔비디아가 약 1200만달러(약 172억원) 투자해 지분 10%를 소유했단 소식이 알려진 자율주행 로봇 회사다. 투자 소식 알려진 작년 7월 19일부터 지난 22일 종가까지 주가는 577.57%(2.63→17.82달러)나 올랐다.   또 다른 증권업계 관계자는 “새해가 밝은 뒤에도 작년에 이어졌던 AI 투자 붐이 식지 않았단 사실이 확인된 것”이라며 “이미 ‘고평가’됐다는 평가가 나오기 시작한 엔비디아 대신 상대적으로 저평가 상태로 인해 주가가 추가 상승할 여력이 더 큰 종목으로 서학개미들이 눈을 돌리기 시작한 것”이라고 진단했다.   같은 기간 엔비디아의 순매수액은 4085만달러(587억원)로 서학개미 순매수액 17위로 처졌다.   미국 새 행정부가 AI 투자에 총력을 다할 것이란 점을 임기 시작과 동시에 천명한 점은 AI 섹터엔 분명 호재다.   트럼프 대통령은 취임 다음 날인 21일(현지시간) 백악관에서 열린 기자회견에서 생성형 AI ‘챗(Chat)GPT’ 개발사인 오픈AI와 일본 소프트뱅크, 미국 오라클의 AI 합작회사 ‘스타게이트’ 설립을 직접 발표하면서 “우리는 이것(AI 기술과 인프라)을 미국에 두고 싶다”고 강조했다. 스타게이트를 통해 3개 회사는 미국 AI 산업에만 최소 5000억달러(약 718조원)를 투자할 계획이다.     도널드 트럼프(왼쪽 첫 번째) 미국 대통령이 21 일(현지시간) 워싱턴DC 백악관 루스벨트룸에서 스타게이트 구상을 발표하고 있다. 스타게이트 설립의 핵심 멤버인 샘 올트먼(오른쪽 첫번째부터) 오픈AI 최고경영자(CEO), 래리 엘리슨 오라클 회장, 손정의 소프트뱅크 회장이 연설을 듣고 있다. [AFP]    이 밖에도 트럼프 대통령은 취임 첫날 행정명령을 통해 조 바이든 전 행정부 당시 만들어진 AI 규제를 폐기하도록 명령했고, 취임 전날엔 ‘AI 발전소’에 대한 투자를 쉽게 만들고 환경 규제도 줄이겠다고 하며 ‘친(親) AI’ 행보를 이어가고 있다.   다만, 서학개미 중에선 AI 반도체주가 조만간 조정장세를 겪을 것이라 보는 분위기도 감지됐다. 미 대표 반도체 지수 필라델피아반도체지수를 3배 역방향 추종하는 ‘디렉시온 세미컨덕터 베어 3X ETF’에 대한 순매수액도 5639만달러(약 810억원)로 9위에 오르면서다.    단기 채권·가상자산·S&P500 ETF도 인기    서학개미들은 연초 변동성이 커진 금리 상황에 대비해 단기 국채·회사채에 투자하는 ETF도 선호한 것으로 나타났다.   미국 정부가 발행하는 만기 3개월 이내 단기 국채에 분산투자 하는 ‘아이셰어스 0-3 먼스 트레저리 본드 ETF(SGOV)’와 만기 1년에서 3년 사이의 단기 회사채를 다루는 ‘뱅가드 숏 텀 코퍼레이트 본드 ETF(VCSH)’에 대한 서학개미의 순매수액은 각각 8604만달러(약 1236억원), 5841만달러(약 839억원)로 4·8위에 올랐다.   연초 인플레이션(물가 상승) 압력에 금리 인하 ‘속도 조절론’에 금리를 인상할 수도 있다는 의견이 커진 데다, 미 국채 금리가 급등세를 보이면서 금리 변화에 덜 민감하고 분배금까지 노릴 수 있는 상품(SGOV)에 대한 서학개미의 투심이 쏠린 것이다.   자칭 ‘가상자산 대통령’이라고 강조한 트럼프 대통령의 등장에 대비해 가상자산 관련주에 투자하는 ETF에 대한 선호 현상도 뚜렷했다. 미최대 가상자산 거래소 코인베이스 주식에 커버드콜 전략을 더해 월배당금을 지급하는 ‘일드맥스 코인 옵션 인컴 스트래티지 ETF(CONY)’에대한 순매수액도 5635만달러(약 809억원)로 10위까지 올랐다.   이 밖에도 연초 트럼프 대통령의 취임 전 조정세를 보였던 미 증시 주요 지수가 장기 우상향하는 것이란 기대 속에 스탠더드앤드푸어스(S&P)500 지수를 추종하는 ‘뱅가드 SP 500 ETF’도 순매수액이 8133만달러(약 1168억원)로 5위까지 올랐다."
87,2,"2025-01-28","06:29:14","중국 AI 모델에 대한 투자자들의 불안감으로 월스트리트 하락세를 따라가는 캐나다 주식시장-TSX","CANADA STOCKS-TSX follows Wall Street decline as investors fret over Chinese AI model    1월 27일(로이터) - 월요일 캐나다의 주요주가지수는 중국 인공 지능 모델이 미국 기업의 가치를 흔들 수 있다는 우려로 투자자들이 기술 기업의 주식을 처분하면서 올해 3%의 상승폭을 일부 반납했습니다.  토론토 증권거래소의 S&P/TSX 종합지수는 0.75% 하락한 25,278.41로 9회 연속 상승한 후 마감했습니다.  캐나다의 정보 기술 부문은 3.57% 하락했는데, 이는 전자 회사 셀레스티카의 27% 이상 하락과 암호화폐 채굴 회사 비트팜스의 14% 하락에 힘입은 결과입니다.  중국 스타트업 딥시크의 저가 AI 모델로 인해 투자자들이 미국 인공지능 주도 기업의 높은 가치에 의문을 제기하면서 미국 기술주 투자자들의 이탈과 글로벌 증시 폭락이 이어졌습니다.  미국 애플 앱스토어에서 가장 인기 있는 무료 애플리케이션이 된 ChatGPT를 개발한 딥시크는 저렴한 칩과 적은 데이터를 사용하여 칩 제조업체에서 데이터 센터에 이르는 공급망에서 AI가 수요를 주도할 것이라는 시장의 예측에 도전하고 있습니다.  ""기본적으로 더 강력한 칩이 필요하고 많은 에너지가 필요하다는 등 AI에 대해 우리가 생각했던 모든 것에 의문을 제기하게 만들었습니다.""라고 iA 프라이빗 웰스의 Allan Small Financial Group의 수석 투자 고문인 Allan Small은 말합니다.  월가의 기술주 중심의 나스닥 지수는 3.3% 하락했습니다. 인공지능의 대명사 엔비디아는 17% 급락하며 10월 이후 상승세를 모두 포기했습니다.  하지만 장기적으로 캐나다 기술 기업에 대한 투자자들의 걱정은 덜합니다.  나인포인트 파트너스의 포트폴리오 매니저인 에티엔 보델로-라브렉은 ""캐나다 시장은 그(인공지능) 테마에 특별히 노출되어 있지 않습니다.""라고 말합니다.  그는 ""지난 2년간 인공지능 테마가 시장을 주도해왔기 때문에 TSX가 나스닥보다 하락장에서 더 나은 성과를 거둘 것으로 예상합니다.""라고 말했습니다.  월요일 하락 이전까지 TSX는 2024년에 거의 18% 상승한 후 이번 달까지 거의 3% 상승했는데, 이는 주로 캐나다의 기업 친화적인 경제 정책으로 행정부가 바뀌는 것을 앞두고 투자자들이 포트폴리오를 구축했기 때문입니다.  캐나다의 경제 환경으로 인해 캐나다 상품에대한 25% 관세 부과 위협이 유예되었지만, 투자자들은 캐나다의 최대 대미 수출 상품인 에너지가 제외되면 TSX에 미치는 영향이 줄어들 수 있다고 말합니다.     (Reporting by Ragini Mathur in Bengaluru and Promit Mukherjee in Canada; Editing by Marguerita Choy)  Ragini.Mathur@thomsonreuters.com     (c) Copyright Thomson Reuters 2020. Click For Restrictions - https://agency.reuters.com/en/copyright.html        Keywords: CANADA-STOCKS/ (UPDATE 1)   원문 바로가기    DISCLAIMER  레피니티브의 사전, 서면 승인 없는 톰슨로이터 콘텐츠의 재생산이나 재배포는 금지되어 있습니다. 이 기사의 한국어 번역은 에프앤가이드가 사용하는 기계적 번역에 의한 것으로 톰슨로이터와레피니티브는 번역의 정확성을 보증하지 않습니다."
87,3,"2025-01-28","06:29:10","자문-서비스퍼스트 뱅셰어스 임시 CFO 선임에 대한 경고가 철회되었습니다.","ADVISORY-Dated alert on ServisFirst Bancshares naming interim CFO withdrawn  서비스퍼스트 뱅셰어스의 임시 CFO로 임명된 에드 우디에 대한 알림은 뉴스 날짜가 지나면서 철회되었습니다.  우디는 10월에 ServisFirst의 임시 CFO로 임명되었습니다. (           STORY_NUMBER:(  STORY_DATE:  STORY_TIME:[09:08:34]     bangalore.newsroom@thomsonreuters.com        (c) Copyright Thomson Reuters 2020. Click For Restrictions - https://agency.reuters.com/en/copyright.html   원문 바로가기    DISCLAIMER  레피니티브의 사전, 서면 승인 없는 톰슨로이터 콘텐츠의 재생산이나 재배포는 금지되어 있습니다. 이 기사의 한국어 번역은 에프앤가이드가 사용하는 기계적 번역에 의한 것으로 톰슨로이터와 레피니티브는 번역의 정확성을 보증하지 않습니다."
87,4,"2025-01-28","06:29:05","산미나(SANM), 2025 회계연도 1분기 재무 결과 발표","산미나(SANM, SANMINA CORP )는 2025 회계연도 1분기 재무 결과를 발표했다.  27일 미국 증권거래위원회에 따르면산미나가 2025 회계연도 1분기(2024년 12월 28일 종료) 재무 결과를 발표했다.  2025년 1월 27일, 산미나 법인(이하 ‘산미나’ 또는‘회사’)은 2024년 12월 28일 종료된 회계 분기의 감사되지 않은 재무 결과를 발표하는 보도자료를 발행했다.2025 회계연도 1분기 재무 하이라이트는 다음과 같다.  매출: 20억 1천만 달러, GAAP 운영 마진: 4.4%, GAAP 희석 주당순이익(EPS): 1.16 달러, 비GAAP 운영 마진: 5.6%, 비GAAP 희석 EPS: 1.44 달러이다.  추가 하이라이트로는 운영으로부터의 현금 흐름: 6천 4백만 달러, 자유 현금 흐름: 4천 7백만달러, 주식 매입: 20만 주에 1천 6백만 달러, 종료 시 현금 및 현금성 자산: 6억 4천 2백만 달러가 있다.  산미나의 회장 겸 CEO인 유레 솔라는 “우리는 1분기 재무 결과를 통해 매출이 상단에 가까운 수준을 기록하고 비GAAP 주당순이익이 우리의 전망을 초과 달성했다. 우리는 일관된 운영 마진과 현금 생성에서 나타나는 것처럼 잘 실행하고 있다”고 말했다.  이어 “우리의 운영 규율과 고객 서비스 능력은 운영 모델을 더욱 강화하고 주주 가치를 높일 것이다. 우리는 긍정적인 추세를 계속 보고 있으며 2025 회계연도가 성장의 해가 될 것이라고확신한다”고 덧붙였다.  산미나의 이사회는 추가로 3억 달러의 자사주 매입을 승인했다. 현재 자사주 매입 프로그램에는 약 3천 7백만 달러가 남아 있다.  2025 회계연도 2분기 전망으로는 매출이 19억 달러에서 20억 달러 사이, GAAP 희석 EPS는 1.03 달러에서 1.13 달러 사이, 비GAAP 희석 EPS는 1.30 달러에서 1.40 달러 사이로 예상된다.  안전항고 성명에 따르면, 2025 회계연도 2분기 재무 전망을포함한 위의 성명은 1934년 증권거래법 제21E조의 안전항고 조항 내에서의 미래 예측 성명으로, 실제 결과는 여러 요인으로 인해 크게 다를수 있다.  산미나는 2025년 1월 27일 오후 5시(동부 표준시) 회의 전화를 통해 1분기 재무 결과와 2분기 전망을 검토할 예정이다. 회사는 또한 2025 회계연도 1분기 및 2분기 전망에 대한 재무 결과를 발표할 예정이다.  산미나는 포춘 500 기업으로, 전 세계 전자 제조서비스(EMS) 시장의 가장 빠르게 성장하는 부문에 서비스를 제공하는 선도적인 통합 제조 솔루션 제공업체이다.산미나에 대한 추가 정보는 www.sanmina.com에서 확인할 수 있다.  2024년 12월 28일 기준으로 자산 총액은 48억 1,202만 달러, 부채 총액은 24억 8,829만 달러, 주주 자본은 24억 2,119만 달러로 나타났다. 또한, 2024년 12월 28일 기준으로 현금 및 현금성 자산은 6억 4천 2백만 달러로, 회사의 유동성은양호한 상태이다.  ※ 본 컨텐츠는 AI API를 이용하여 요약한 내용으로 수치나 문맥상 요약이 컨텐츠 원문과 다를 수 있습니다. 해당컨텐츠는 투자 참고용이며 투자를 할때는 컨텐츠 원문을 필히 필독하시기 바랍니다. 원문URL(http://www.sec.gov/Archives/edgar/data/897723/000089772325000004/0000897723-25-000004-index.htm)  데이터투자 공시팀 pr@datatooza.com  이 기사는 투자 참고용으로 이를근거로 한 투자 손실에 대해 책임을 지지 않습니다. 해당 기사는 이데일리와 무관합니다. 기사는 데이터투자(www.datatooza.com)가 제공한 것으로 저작권은 데이터투자에 있습니다. 기사 내용 관련 문의는 데이터투자로 문의하시기 바랍니다.    ＜ⓒ종합 경제정보 미디어 이데일리 - 무단전재 & 재배포 금지＞    "
87,5,"2025-01-28","06:29:02","홈스트리트(HMST), 2024년 4분기 실적 발표","홈스트리트(HMST, HomeStreet, Inc. )는 2024년 4분기 실적을 발표했다.  27일 미국 증권거래위원회에 따르면 홈스트리트가 2024년 4분기 실적을 발표했다.  이번 분기 동안 회사는 1억 2,330만 달러의 순손실을 기록했으며, 주당 손실은 6.54 달러에달했다.핵심 순손실은 510만 달러로, 주당 0.27 달러의 손실을 나타냈다.순이자 마진은 1.38%로 보고되었으며, 투자용 대출은 11억 달러 감소했다.  예금(브로커 예금 제외)은 4분기 동안 평균 8천만 달러 증가했으나, 총 예금은 3천3백만 달러 감소하여 2024년 12월 31일 기준으로 6,413억 달러에 이르렀다.  보험에 가입되지 않은 예금은 2024년 12월 31일 기준으로 5억 8,100만 달러로, 총 예금의 9%를 차지했다.  비수익 자산 비율은 0.71%로 나타났으며, 5천3백만 달러의 이연 세금 자산이 기록됐다.  주당 장부 가치는 21.05 달러로 보고되었으며, 실질 장부 가치는 20.67 달러, 추정 실질 공정 가치는 12.41 달러로 나타났다.  2024년 4분기 동안 9억 9천만 달러의 다가구 대출이 매각되었으며, 매각 손실은 8천8백만 달러에 달했다.  매각 수익은 고비용 도매 자금을 상환하는 데 사용되었으며, 이는 수익성 회복의 가속화와 유동성 개선에 긍정적인 영향을 미쳤다.또한, 대출-예금 비율은 97.4%로 개선됐다.  2025년 이후 감소하는 금리가 자금 조달 비용을 줄이고 이자 마진을 증가시킬 것으로 예상된다.  회사는 2024년 12월 31일 기준으로 총 자산이 81억 2천만 달러에 달하며, 예금은 64억 1천만 달러로 보고됐다.대출 보유 비율은 97.4%로, 자산 품질은 양호한 상태를 유지하고 있다.이러한 실적을 바탕으로홈스트리트는 향후 수익성 회복에 대한 기대감을 높이고 있다.  ※ 본 컨텐츠는 AI API를 이용하여 요약한 내용으로 수치나 문맥상 요약이 컨텐츠 원문과 다를 수 있습니다. 해당 컨텐츠는 투자 참고용이며 투자를 할때는 컨텐츠 원문을 필히 필독하시기 바랍니다. 원문URL(http://www.sec.gov/Archives/edgar/data/1518715/000151871525000023/0001518715-25-000023-index.htm)  데이터투자 공시팀 pr@datatooza.com  이 기사는 투자 참고용으로 이를 근거로 한 투자 손실에 대해 책임을 지지 않습니다. 해당 기사는 이데일리와 무관합니다. 기사는 데이터투자(www.datatooza.com)가 제공한 것으로 저작권은 데이터투자에 있습니다. 기사 내용 관련 문의는 데이터투자로 문의하시기 바랍니다.    ＜ⓒ종합 경제정보 미디어 이데일리 - 무단전재 & 재배포 금지＞    "
87,6,"2025-01-28","06:28:00","급여 상관없이 '200만원'…아기 태어났다면 이 공제혜택 챙기세요","[머니투데이 세종=오세중 기자]   #A씨는 맞벌이 부부다. 2024년 5월에 첫 아이가 태어났다. 연말정산에 아기 관련 공제혜택이 있다고 들었을 뿐 어떤 혜택이 있는 지 몰랐다. 아기나 육아와 관련된 연말정산 공제를 위해선 어떤 항목들을 챙겨봐야 할까.    국세청에 따르면 부모 중 1명(부모 중 기본공제를 적용받는 사람만 출산세액공제, 보험료·의료비 공제 적용 가능)이 2024년 중 출생한 자녀에 대해 기본공제 150만원과 출산 세액공제(첫째 자녀 30만원)을 적용받을 수 있다.   자녀를 위해 지출한 보장성보험료나 의료비(산후조리원 비용 포함)도 공제받을 수 있다.   산후조리원 비용의 경우 2024년부터 총급여 제한 없이 출산 1회당 200만원 한도로 공제대상 의료비에 포함된다.   또 지배주주와 특수관계 없는 근로자가 공통규정에 따라 자녀 출생일(2024년에 지급하는 출산지원금은 2021년 1월1일 이후 출생자에 대한 지급분 포함 비과세)로부터 2년 내에 회사에서 받은 출산지원금은 2회까지 전액 비과세된다.   아울러 육아휴직 중인 배우자도 연말정산 공제 대상으로 포함시킬 수 있다.   일례로 육아휴직 중인 배우자가 매월 직장에서 160만원 정도 육아휴직급여를 받고 있다. 이 경우 배우자가 '고용보험법' 등에 따라 받는 육아휴직 급여와 같은 비과세 소득만 있다면 연 소득 100만원을 초과하지 않기에 기본공제 대상으로 신고해도 된다.   이 밖에 난임부부의 경우 아이를 갖기 위해 시험관 등의 시술을 하게 되는데 난임시술비도 의료비 세액공제에 해당한다. 총 급여액의 3%를 넘는 초과분에 대한 30%를 세액공제받을 수 있다. 난임시술비는 공제 한도도 없다.     [관련기사] ☞ 기캐 故오요안나, '직장 괴롭힘' 당했다?…유서에 ""오보 뒤집어 씌워"" ☞ '사채설, 비혼주의' 소문에 펄쩍 뛴 이이경…""절대 아냐"" ☞ '결혼' 경사 앞두고 뿔난김종민 ""속지마세요"" 고발 나선다 ☞ ""다른 남자와 잠자리 강요""…이혼 변호사도 당황 ☞ 집 곳곳에 커플사진?…지상렬, 동거녀 공개   세종=오세중 기자 danoh@mt.co.kr    키워드림론 최대 4배 주식자금 & 고금리 대환상품 한도 오픈! (1644-6960)   [무료운세] 믿어야 돼 말아야 돼? 종목매수전에 믿고보는 '오늘의 운세'        [파워 인터뷰]       매수전에 점 부터 보고 가실께요 -> 오늘의 운세 [복채무료]      ⓒ 머니투데이 & mt.co.kr, 무단 전재 및 재배포 금지"
87,7,"2025-01-28","06:26:55","요약-캐피털 뱅코프 4분기 EPS 0.92달러 대 IBES 추정치 0.65달러","BRIEF-Capital Bancorp Q4 EPS USD 0.92 Vs. IBES Estimate USD 0.65  1월 27일(로이터) - 캐피탈 뱅코프 4분기 순이익 미화 1077만6000달러. 4분기 세전 이익 26억 1,500만 달러 4분기 순이자마진 5.87% 4분기 순이자 수익 미화 4430만 달러 4분기 대손충당금 미화 -780만 달러        (c) Copyright Thomson Reuters 2020. Click For Restrictions - https://agency.reuters.com/en/copyright.html   원문 바로가기    DISCLAIMER  레피니티브의 사전, 서면 승인 없는 톰슨로이터 콘텐츠의 재생산이나 재배포는 금지되어 있습니다. 이 기사의 한국어 번역은 에프앤가이드가사용하는 기계적 번역에 의한 것으로 톰슨로이터와 레피니티브는 번역의 정확성을 보증하지 않습니다."
88,1,"2025-01-28","06:18:02","마튼트랜스포트(MRTN), 2024년 4분기 및 연간 실적 발표","마튼트랜스포트(MRTN, MARTEN TRANSPORT LTD )는 2024년 4분기 및 연간 실적을 발표했다.  27일 미국 증권거래위원회에 따르면 2025년 1월 27일, 마튼트랜스포트가 2024년 12월 31일로 종료된 분기 및 연간 재무 결과를 발표했다.  2024년 4분기 순이익은 560만 달러, 희석주당 7센트로, 2023년 4분기 순이익 1,240만 달러, 희석주당 15센트와 비교된다.  2024년 4분기 순이익은 2024년 3분기 순이익 380만 달러, 희석주당 5센트에서 50.1% 증가한 수치다.  2024년 연간 순이익은 2,690만 달러, 희석주당 33센트로, 2023 년 7040만 달러, 희석주당 86센트와 비교된다.  운영 수익은 2024년 4분기 2억 3,040만 달러로, 2023년 4분기 2억 6,820만 달러와 비교된다.  연료 할증료를 제외한 운영 수익은 2024년 4분기 2억 2,900만 달러로, 2023년 4분기 2억 2,940만 달러와 비교된다.  연료 할증료 수익은 2024년 4분기 2,760만 달러로, 2023년 4분기 3,880만 달러에서 감소했다.  2024년 연간 운영 수익은 9억 6,370만 달러로, 2023년 11억 3,100만 달러와 비교된다.  연료 할증료를 제외한 운영 수익은 2024년 8억 4,000만 달러로, 2023년 9억 7,200만 달러와 비교된다.  연료 할증료 수익은 2024년 1억 2,370만 달러로, 2023년 1억 5,940만 달러에서 감소했다.  2024년 4분기 운영 수익은 670만 달러로, 2023년 4분기 1,570만 달러와 비교된다.  2024년 4분기 운영 수익은 2024년 3분기 운영 수익 430만 달러에서 57.6% 증가한 수치다.  2024년 연간 운영 수익은 3,320만 달러로, 2023년 9,010만 달러와 비교된다.운영 비용은 운영 수익의 97.1%로, 2023 년 4분기 94.2%와 비교된다.  연료 할증료를 제외한 운영 비용은 2024년 4분기 운영 수익의 96.7%로, 2023년 4분기 93.2%와 비교된다.2024년 연간 운영 비용은 운영 수익의 96.6%로, 2023년 92.0%와 비교된다.  연료 할증료를 제외한 운영 비용은 2024년 96.0%로, 2023년90.7%와 비교된다.  마튼트랜스포트의 회장 랜돌프 L. 마튼은 “2022년 2분기 이후 순이익, 운영 수익 및 연료 할증료를 제외한 운영비율이 모두 개선된 첫 분기라는 점에서 고무적이다. 우리는 운영에 대한 화물 시장의 영향을 최소화하고, 유기적 성장 기회를 활용하기 위해 운영을 투자하고 위치시키는 데 집중하고 있다”고 밝혔다.  현재 마튼트랜스포트는 미국, 멕시코 및 캐나다에서 온도 민감한 화물 운송을 전문으로 하는 주요 트럭 운송업체 중 하나로, 고부가가치 고객을 위한 신속한 이동에 집중하고 있다.  2024년 12월 31일 기준으로 마튼트랜스포트의 총 자산은 968,757,000 달러, 총 부채는 200,835,000 달러, 주주 자본은 767,922,000 달러로 나타났다.  또한, 2024년 4분기 운영 비율은 97.1%로, 2023년 4분기 94.2%에서 증가했다.마튼트랜스포트는 앞으로도 지속적인 성장을 위해 노력할 예정이다.  ※ 본 컨텐츠는 AI API를 이용하여 요약한 내용으로 수치나 문맥상 요약이 컨텐츠 원문과 다를 수 있습니다. 해당 컨텐츠는 투자 참고용이며 투자를 할때는 컨텐츠 원문을 필히 필독하시기 바랍니다. 원문URL(http://www.sec.gov/Archives/edgar/data/799167/000143774925001910/0001437749-25-001910-index.htm)  데이터투자 공시팀 pr@datatooza.com  이 기사는 투자 참고용으로 이를 근거로 한 투자 손실에대해 책임을 지지 않습니다. 해당 기사는 이데일리와 무관합니다. 기사는 데이터투자(www.datatooza.com)가 제공한 것으로 저작권은 데이터투자에 있습니다. 기사 내용 관련 문의는 데이터투자로 문의하시기 바랍니다.    ＜ⓒ종합 경제정보 미디어 이데일리 - 무단전재 & 재배포 금지＞    "
88,2,"2025-01-28","06:17:06","벤치마크 일렉트로닉스 <BHE.N>, 주당 56센트의 수익 예상 - 수익 미리보기","Benchmark Electronics Inc  expected to post earnings of?56?cents a share - Earnings Preview  는 2024 년 12 월 31 일로 끝나는 기간 동안 1 월 29 일에 결과를보고 할 때 분기 별 매출이 감소할 것으로 예상됩니다.   애리조나 주 템피에 본사를 둔 이 회사의 매출은 1년 전 6억 9,135만 달러에서 6억 6,675만 달러로 4.4% 감소할 것으로 예상되며, LSEG 데이터를 기반으로 한 애널리스트 4명의 평균 추정치에 따르면 2024년 12월 31일에 종료되는 기간 동안 6억 4,00만 달러에서 6억 8,00만 달러 사이의 매출에 대한 가이던스는 10월 30일에 발표되었습니다.   Benchmark Electronics Inc 에 대한 애널리스트의 평균 추정치는 주당 56 센트의 수익입니다. 2024년 12월 31일로 끝나는 기간에 대한 2024년 10월 30일의 EPS 가이던스는 $0.53에서 $0.59 사이입니다.   현재 해당 주식에 대한 애널리스트의 평균 평점은 ""매수""이며, 추천 내역은 ""강력 매수"" 또는 ""매수"" 2개, ""보유"" 2개, ""매도"" 또는 ""강력 매도""는 없습니다.    애널리스트의 평균 수익 추정치는 지난 3개월 동안 변동이 없었습니다. ?   의 12개월 평균 목표 주가는 48.00달러로, 최종 종가인 46.91달러를 상회합니다. ???   2024년 12월 31일로 종료되는 기간에 대한 2024년 10월 30일의 가이던스는 이자 및 세금 차감 전 이익 3,136만 달러에서 3,468만달러 사이였으며, 2024년 12월 31일로 종료되는 기간에 대한 2024년 10월 30일의 가이던스는 자본 지출 1,200만 달러에서 1,400만 달러 사이였으며, 2024년 12월 31일로 종료되는 기간의 가이던스는 매출 총이익률 10.2%였습니다.  이전 분기 실적(미국 달러 기준 선호 수익 측정값 사용). ?    분기 결산  스타민스 스마트 견적®  이베스 견적  실제  이겼다, 만났다, 놓쳤다  놀라움 %   2024년 9월 30일  0.54  0.54  0.57  Beat  5.3   6월 30일 2024  0.51  0.51  0.57  Beat  12.3   2024년 3월 31일  0.46  0.46  0.55  Beat  19.6?   2023년 12월 31일  0.56  0.56  0.58  Beat  3.1   ?? 2023년 9월 30일  0.52  0.52  0.57  Beat  8.9   6월 30일 2023  0.47  0.47  0.48  Beat  3?   2023년 3월 31일  0.42  0.42  0.42  충족  -0.1   2022년 12월 31일  0.60  0.59  0.60  Beat  2.2   이 요약은 1월 27일 21:17 GMT에 기계적으로 생성되었습니다. 별도의 언급이 없는 한 모든 수치는 미국 달러 기준입니다. (이 보고서의 데이터에 관한 질문은 Estimates.Support@lseg.com로 문의하시기 바랍니다. 기타 질문이나 피드백이 있으시면 RefinitivNewsSupport@thomsonreuters.com로 문의해 주세요.     (c) Copyright Thomson Reuters 2020. Click For Restrictions - https://agency.reuters.com/en/copyright.html        Keywords: BENCHMARK-RESULTS/PREVIEW   원문 바로가기    DISCLAIMER  레피니티브의 사전, 서면 승인 없는 톰슨로이터 콘텐츠의 재생산이나 재배포는 금지되어 있습니다. 이 기사의 한국어 번역은 에프앤가이드가 사용하는기계적 번역에 의한 것으로 톰슨로이터와 레피니티브는 번역의 정확성을 보증하지 않습니다."
88,3,"2025-01-28","06:16:06","High Tide Inc <HITI.V>는 주당 2 센트의 손실을 기록 할 것으로 예상됩니다 - 수익 미리보기","High Tide Inc  expected to post a loss of?2?cents a share - Earnings Preview  High Tide Inc는 2024 년 10 월 31 일로 끝나는 기간 동안 1 월 29 일에 결과를보고 할 때 분기 별 수익이 증가할 것으로 예상됩니다.   앨버타주 캘거리에 본사를 둔 이 회사는 LSEG 데이터를 기반으로 한 애널리스트 2명의 평균 추정치에따르면 1년 전 1억 2,711만 캐나다 달러에서 1억 3,530만 캐나다 달러로 매출이 6.4% 증가할 것으로 예상됩니다.   하이타이드에 대한 애널리스트의 평균 예상치는 주당 2센트의 손실입니다.   해당 주식에 대한 애널리스트 평가는 '매수'입니다.    애널리스트의 평균 수익 추정치는 지난 3개월 동안 변동이 없었습니다. ?   하이타이드에 대한 월가의 12개월 목표가중앙값은 4.50달러로, 최종 종가인 2.98달러를 상회합니다. ???   이 요약은 1월 27일 21:16 GMT에 기계적으로 생성되었습니다. 별도의 언급이 없는 한 모든 수치는 캐나다 달러 기준입니다. (이 보고서의 데이터에 관한 질문은 Estimates.Support@lseg.com로 문의하시기 바랍니다. 기타 질문이나 피드백은 RefinitivNewsSupport@thomsonreuters.com로 문의하시기 바랍니다.     (c) Copyright Thomson Reuters 2020. Click For Restrictions - https://agency.reuters.com/en/copyright.html        Keywords: HIGH TIDE-RESULTS/PREVIEW   원문 바로가기    DISCLAIMER  레피니티브의 사전, 서면 승인 없는 톰슨로이터 콘텐츠의 재생산이나 재배포는 금지되어 있습니다. 이 기사의 한국어 번역은 에프앤가이드가 사용하는 기계적 번역에 의한 것으로 톰슨로이터와 레피니티브는 번역의 정확성을 보증하지 않습니다."
88,4,"2025-01-28","06:16:03","엔터프라이즈파이낸셜서비스(EFSCP), 2024년 4분기 및 연간 실적 발표","엔터프라이즈파이낸셜서비스(EFSCP, ENTERPRISE FINANCIAL SERVICES CORP )는 2024년 4분기 및 연간 실적을 발표했다.  27일 미국 증권거래위원회에 따르면 2025년 1월 27일, 엔터프라이즈파이낸셜서비스가 2024년 12월 31일로 종료된 분기의 재무 정보를 발표했다.  2024년 4분기 순이익은 4,880만 달러로, 희석주당 1.28달러를 기록했다. 이는 직전 분기의 1.32달러와 전년 동기 1.16달러에비해 감소한 수치다.  순이자수익은 1억 4,640만 달러로, 직전 분기보다 290만 달러 증가했다. 순이자 마진(NIM)은 4.13%로, 직전 분기보다 4bp 감소했다.  총 대출은 1,120억 달러로, 직전 분기보다 1억 4,050만 달러 증가했으며, 연환산 기준으로 5% 증가했다. 총 예금은 1,310억 달러로, 직전 분기보다 6억 8,120만 달러 증가했다.  평균 자산에 대한 수익률(ROAA)은 1.27%로, 직전 분기의 1.36%와 전년 동기 1.23%에 비해 감소했다. 평균 실질 보통주 자본 수익률(ROATCE)은 13.63%로, 직전 분기의 14.55%와 전년 동기 14.38%에 비해 감소했다.  2024년 전체 순이익은 1억 8,530만 달러로, 희석주당 4.83달러를 기록했다. 이는 전년의 5.07달러에 비해 감소한 수치다. 순이자수익은 5,681만 달러로, 전년 대비 550만 달러 증가했다. 총 대출은 3% 증가했으며, 총 예금은 8% 증가했다.  2024년 ROAA는 1.25%로, 전년의 1.41%에 비해 감소했다. ROATCE는 13.58%로, 전년의 16.25%에 비해 감소했다.  2024년 4분기 동안 206,529주를 재매입했으며, 2025 년 1분기 보통주 배당금을 0.01달러 인상하여 0.29달러로 결정했다. 또한, 2024년 12월 31일 기준으로 총 예금은 1,310억 달러로, 대출 대비비율은 85.3%였다.  비이자 수익은 2,063만 달러로, 직전 분기보다 80만 달러 감소했다. 비이자 비용은 9,952만 달러로, 직전 분기보다 1,515만 달러 증가했다.  2024년 4분기 동안 비수익 자산 비율은 0.30%로, 전년 동기 0.34%에 비해 개선됐다. 2024년 4분기 동안의 순차손실은 713만 달러로, 평균 대출의 0.26%에 해당한다.  엔터프라이즈파이낸셜서비스는 2024년 동안 강력한 유동성 위치를 유지했으며, 총 예금은 1,310억 달러, 대출 대비 비율은 85.3%로 나타났다. 2024년 12월 31일 기준으로 총 자산은 1,560억 달러에 달했다.  또한, 2024년 4분기 동안의 비이자 비용은 9,952만 달러로, 전년 동기 대비 7% 증가했다. 이러한 실적은 고객, 직원 및 다각화된 비즈니스 모델에대한 지속적인 집중의 결과로 나타났다. 향후 2025년에는 이러한 투자와 기회를 활용하여 회사의 성장을 지속할 것으로 기대된다.  ※본 컨텐츠는 AI API를 이용하여 요약한 내용으로 수치나 문맥상 요약이 컨텐츠 원문과 다를 수 있습니다. 해당 컨텐츠는 투자 참고용이며 투자를 할때는 컨텐츠 원문을 필히 필독하시기 바랍니다. 원문URL(http://www.sec.gov/Archives/edgar/data/1025835/000102583525000007/0001025835-25-000007-index.htm)  데이터투자 공시팀 pr@datatooza.com  이 기사는 투자 참고용으로 이를 근거로 한 투자 손실에 대해 책임을 지지 않습니다. 해당 기사는 이데일리와 무관합니다. 기사는 데이터투자(www.datatooza.com)가 제공한 것으로 저작권은 데이터투자에 있습니다. 기사 내용 관련 문의는 데이터투자로 문의하시기 바랍니다.    ＜ⓒ종합 경제정보 미디어 이데일리 - 무단전재 & 재배포 금지＞    "
88,5,"2025-01-28","06:15:49","요약-파크 내셔널 4분기 주당순이익 2.37달러","BRIEF-Park National Q4 EPS USD 2.37  1월 27일(로이터) - 파크 내셔널 4분기 순이자 수익 미화 1억 3,445만 달러. 4분기 세전 이익 미화 4,733만 3천 달러 4분기 기본 주당순이익 2.39달러 4분기 순이자 마진 4.51% 4분기 순이익 3,863만 달러        (c) Copyright Thomson Reuters 2020. Click For Restrictions - https://agency.reuters.com/en/copyright.html   원문 바로가기    DISCLAIMER  레피니티브의 사전, 서면 승인 없는 톰슨로이터 콘텐츠의 재생산이나 재배포는 금지되어 있습니다. 이 기사의 한국어 번역은 에프앤가이드가 사용하는 기계적 번역에 의한 것으로 톰슨로이터와 레피니티브는 번역의 정확성을 보증하지 않습니다."
88,6,"2025-01-28","06:15:47","요약-노우드 파이낸셜 코퍼레이션 4분기 EPS USD -1.54","BRIEF-Norwood Financial Corp Q4 EPS USD -1.54  1월 27일(로이터) - Norwood Financial Corp 4분기 순이자마진 3.04%. 4분기 순이자 이익 미화 1,662만 5,000달러        (c) Copyright Thomson Reuters 2020. Click For Restrictions - https://agency.reuters.com/en/copyright.html   원문 바로가기    DISCLAIMER  레피니티브의 사전, 서면 승인 없는 톰슨로이터 콘텐츠의 재생산이나 재배포는 금지되어 있습니다. 이 기사의 한국어 번역은 에프앤가이드가사용하는 기계적 번역에 의한 것으로 톰슨로이터와 레피니티브는 번역의 정확성을 보증하지 않습니다."
88,7,"2025-01-28","06:15:46","요약-W.R. 버클리 4분기 EPS 1.44달러 대 IBES 추정치 0.96달러","BRIEF-W.R. Berkley Q4 EPS USD 1.44 Vs. IBES Estimate USD 0.96  1월 27일(로이터) - W.R. 버클리 4분기 영업 이익 4억 5,259만 1,000달러. 4분기 원수보험료 미화 3,497,284만 달러 4분기 ROE 30.9% 4분기 순이익 5억 7,600만 달러 대 IBES 추정치 3억 7,610만 달러 4분기 합산 비율 90.2%        (c) Copyright Thomson Reuters 2020. Click For Restrictions - https://agency.reuters.com/en/copyright.html   원문 바로가기    DISCLAIMER  레피니티브의 사전, 서면 승인 없는 톰슨로이터 콘텐츠의 재생산이나 재배포는 금지되어 있습니다. 이 기사의 한국어 번역은 에프앤가이드가 사용하는 기계적 번역에 의한 것으로 톰슨로이터와 레피니티브는 번역의 정확성을 보증하지 않습니다."
89,1,"2025-01-28","06:09:59","[1보] 국제유가 하락…WTI 2.00%↓","국제유가가 하락했다.  27일(현지시간) 뉴욕상업거래소에서 근월물인 3월 인도분 서부텍사스산 원유(WTI)는 전장보다 1.49달러(2.00%) 내린 배럴당 73.17달러에 장을 마감했다.  런던ICE선물거래소의 브렌트유 3월물 가격도 전장보다 1.43달러(1.81%) 밀린 77.08달러에 거래를 끝냈다.  변효선 기자(hsbyun@etoday.co.kr)  [오늘의 핫클릭]  ●[내일날씨] 전국에 눈 내리고 강풍…‘대설특보’ 확대에빙판길 조심 ●트럼프 디지털자산 시대…""가상자산 입법 마무리해야""  ●투자에 강한 경제신문 '이투데이' 증권 뉴스 ●[단독] 네이버, ‘AI 헬스 비서’ 첫발 뗐다 ●유망 바이오기업 8 개사 투자 설명회…상장 등 투자·협력 모색 ●[ 실시간] 오늘의 주요 종목 뉴스 확인하기 ●[실시간] 오늘의 특징주 살펴보기       이투데이(www.etoday.co.kr), 무단전재 및 수집, 재배포금지  프리미엄 경제신문 이투데이  "
89,2,"2025-01-28","06:09:41","전국 추위 속 눈보라…빙판길 조심하세요","전국 추위 속 눈보라…빙판길 조심하세요       (서울=연합뉴스) 최윤선 기자 = 설 전날이자 화요일인 28일 전국에 눈이 내리고 춥겠다.      눈은 늦은 오후부터 밤사이 수도권과 강원 내륙·산지, 경상권 일부에서 소강상태를 보이겠다.      28∼29일 이틀간 예상 적설량은 서울·인천 3∼8㎝, 경기 남부·강원 내륙 및 산지·경상 서부 내륙 3∼10㎝, 충청권·전라권·제주 5∼15㎝다.      눈이 내리는 지역에서는 가시거리가 짧고 빙판길이나 도로 살얼음이 나타나는 곳이 많겠으니 운전에 각별히 주의해야 한다.      아침 기온은 전날보다 4∼8도가량 떨어지겠다. 낮 기온도 중부지방을 중심으로 영하에 머물겠다.      이날 오전 5시 현재 주요 지역의 기온은 서울 -3.8도, 인천 -3.7도, 수원 -3.1도, 춘천 -4.3도, 강릉 -1.7도, 청주 -3.0도, 대전 -2.7도, 전주 -1.8도, 광주 -1.8도, 제주 3.2도, 대구 -1.4도, 부산 -0.8도, 울산 -1.7도, 창원 -1.9도 등이다.      낮 최고기온은 -5∼6도로 예보됐다.      미세먼지 농도는 전 권역이 '좋음'∼'보통' 수준을 보이겠다.      바다의 물결은 동해 앞바다에서 1.0∼4.0ｍ, 서해 앞바다에서 1.5∼4.0ｍ, 남해 앞바다에서 0.5∼3.5ｍ로 일겠다.      안쪽 먼바다(해안선에서 약 200㎞ 내의 먼바다)의 파고는 동해·서해·남해 2.0∼5.5ｍ로 예측된다.       ysc@yna.co.kr       ※ 이 기사는 엔씨소프트의 인공지능 기술인 자연어처리기술(NLP)과의 협업을 통해 제작되었습니다. 인공지능이 쓴 초고와 기상청 데이터 등을 토대로 취재 기자가 최종 기사를 완성했으며 데스킹을 거쳤습니다.      기사의 원 데이터인 기상청 기상예보는 웹사이트(https://www.weather.go.kr)에서도 확인할 수 있습니다.  (끝)     <저작권자(c) 연합뉴스, 무단 전재-재배포, AI 학습 및 활용 금지>"
89,3,"2025-01-28","06:08:59","프랑스 총리, 일론 머스크가 민주주의를 위협한다고 말하다","French prime minister says Elon Musk threatens democracies  파리, 1월 27일 (로이터) - 소셜 미디어 네트워크 X의 소유주인 억만장자 엘론 머스크가 민주주의에 위협이 되고 있다고 프랑수아 베이루 프랑스 총리가 월요일에 말했습니다.  베이루는 현지 TV 인터뷰에서 ""일론 머스크가 민주주의에 위협이 되고 있다""고 말했습니다. ""돈이 양심을 지배할 권리를 부여해서는 안 됩니다.""  머스크에 대한 그의 발언은 지난주 프랑스와 유럽 전체가 도널드 트럼프 미국 대통령과 그의 정책에 맞서지 않으면 ""지배당하고... 짓밟히고... 소외될 위험""이 있다고 경고한 이후 나온 것입니다.     (Reporting by Gabriel Stargardter; Editing by Chris Reese)  Gabriel.Stargardter@thomsonreuters.com ; +55 21998116099; Reuters Messaging:      (c) Copyright Thomson Reuters 2020. Click For Restrictions - https://agency.reuters.com/en/copyright.html        Keywords: FRANCE-POLITICS/ (URGENT)   원문 바로가기    DISCLAIMER  레피니티브의 사전, 서면 승인 없는 톰슨로이터 콘텐츠의 재생산이나 재배포는금지되어 있습니다. 이 기사의 한국어 번역은 에프앤가이드가 사용하는 기계적 번역에 의한 것으로 톰슨로이터와 레피니티브는 번역의 정확성을 보증하지 않습니다."
89,4,"2025-01-28","06:08:04","[뉴욕증시-1보] 中 AI 역습에 '공포'…나스닥 3% 급락","[뉴욕증시-1보] 中 AI 역습에 '공포'…나스닥 3% 급락       (뉴욕=연합뉴스) 진정호 연합인포맥스 특파원 = 뉴욕증시에서 나스닥종합지수가 3% 넘게 폭락하며 중국발 인공지능(AI) 역습에 공포감을드러냈다.      중국 AI 스타트업 딥시크의 서비스가 훨씬 적은 비용으로도 오픈AI의 챗GPT에 맞먹는 성능을 갖췄다는 소식에 엔비디아를 위주로 과격한투매가 나타났다.      다만 기술주 위주로 투매가 이어지면서 전통 산업과 가치주의 안전자산 매력이 부각돼 블루칩 지수는 오히려 상승했다.      27일(미국 동부시간) 뉴욕증권거래소(NYSE)에서 장 마감 무렵 다우존스30산업평균지수는 전장보다 289.33포인트(0.65%) 뛴 44,713.58에거래를 마감했다.      스탠더드앤드푸어스(S&P)500지수는 전장보다 88.94포인트(1.46%) 떨어진 6.012.30, 나스닥종합지수는 612.47포인트(3.07%) 급락한 19,341.83에 장을 마쳤다.      jhjin@yna.co.kr   <저작권자 (c) 연합인포맥스, 무단전재 및 재배포 금지, AI 학습 및 활용 금지>"
89,5,"2025-01-28","06:08:04","[뉴욕증시-1보] 中 AI 역습에 '공포'…나스닥 3% 급락","[뉴욕증시-1보] 中 AI 역습에 '공포'…나스닥 3% 급락       (뉴욕=연합뉴스) 진정호 연합인포맥스 특파원 = 뉴욕증시에서 나스닥종합지수가 3% 넘게 폭락하며 중국발 인공지능(AI) 역습에 공포감을드러냈다.      중국 AI 스타트업 딥시크의 서비스가 훨씬 적은 비용으로도 오픈AI의 챗GPT에 맞먹는 성능을 갖췄다는 소식에 엔비디아를 위주로 과격한투매가 나타났다.      다만 기술주 위주로 투매가 이어지면서 전통 산업과 가치주의 안전자산 매력이 부각돼 블루칩 지수는 오히려 상승했다.      27일(미국 동부시간) 뉴욕증권거래소(NYSE)에서 장 마감 무렵 다우존스30산업평균지수는 전장보다 289.33포인트(0.65%) 뛴 44,713.58에거래를 마감했다.      스탠더드앤드푸어스(S&P)500지수는 전장보다 88.94포인트(1.46%) 떨어진 6.012.30, 나스닥종합지수는 612.47포인트(3.07%) 급락한 19,341.83에 장을 마쳤다.      jhjin@yna.co.kr  (끝)      <저작권자(c) 연합뉴스, 무단 전재-재배포, AI 학습 및 활용 금지>"
89,6,"2025-01-28","06:08:03","[뉴욕증시-1보] 中 AI 역습에 '공포'…나스닥 3% 급락","[뉴욕증시-1보] 中 AI 역습에 '공포'…나스닥 3% 급락       (뉴욕=연합뉴스) 진정호 연합인포맥스 특파원 = 뉴욕증시에서 나스닥종합지수가 3% 넘게 폭락하며 중국발 인공지능(AI) 역습에 공포감을드러냈다.      중국 AI 스타트업 딥시크의 서비스가 훨씬 적은 비용으로도 오픈AI의 챗GPT에 맞먹는 성능을 갖췄다는 소식에 엔비디아를 위주로 과격한투매가 나타났다.      다만 기술주 위주로 투매가 이어지면서 전통 산업과 가치주의 안전자산 매력이 부각돼 블루칩 지수는 오히려 상승했다.      27일(미국 동부시간) 뉴욕증권거래소(NYSE)에서 장 마감 무렵 다우존스30산업평균지수는 전장보다 289.33포인트(0.65%) 뛴 44,713.58에거래를 마감했다.      스탠더드앤드푸어스(S&P)500지수는 전장보다 88.94포인트(1.46%) 떨어진 6.012.30, 나스닥종합지수는 612.47포인트(3.07%) 급락한 19,341.83에 장을 마쳤다.      jhjin@yna.co.kr  (끝)"
89,7,"2025-01-28","06:06:47","[속보]中 AI '딥시크' 쇼크에 엔비디아 17%↓…나스닥 3.1%↓","[뉴욕=이데일리 김상윤 특파원] 중국의 인공지능(AI) 스타트업 딥시크(DeepSeek)가 최근 내놓은 AI 모델이 뉴욕증시를 뒤흔들었다. 엔비디아주가가 15% 가량 급락하며 시가총액도 3조달러를 하회했다.   27일(현지시간) 뉴욕증권거래소에서 블루칩을 모아놓은 다우존스 30산업평균지수는 전거래일 대비 0.65% 오른 4만447130.58에 거래를 마쳤다.   반면 대형주 벤치마크인 스탠다드앤드푸어스(S&P)500지수는 1.46% 하락한 6012.28, 기술주 위주의 나스닥지수는 3.07% 급락한 1만9341.83를기록했다.         뉴욕 증권거래소(NYSE)에서 트레이더가 심각하게 태블릿PC를 보고 거래동향을 파악하고 있다. (사진=AFP)엔비디아 주가는 전 거래일 대비 16.97% 하락한 118.42달러에 거래를 마쳤다. 이에따라 엔비디아의 시가총액은 2조9030억달러로 뚝 떨어졌다. 시총 1위자리도 애플(3조4580억달러)에 내주고, 마이크로소프트(3조2300억달러)에 이어 3위까지 떨어졌다.   엔비디아를 추격하고 있는 AMD 주가도 6.37% 급락했다. 초전력 반도체 설계회사 암홀딩스 ADR주가는 10.19%, 극자외선(EUV) 노광장비업체 ASML 홀딩 ADR도 10.19% 빠졌다. AI칩을 위탁생산하는 TSMC ADR 역시 13.3% 떨어졌다.   이러한 하락세는 딥시크의 모델 개발이 AI분야의 높은 밸류에이션에 대한 의문을 제기하면서 나타나고 있다. 딥시크는 지난해 말 무료 오픈소스 대규모 언어 모델(LLM)을 출시했다. 딥시크는 미국 AI업체들이 요구하는 것보다 훨씬 적은 비용인 600만 달러 미만의 비용으로 단 두 달만에 개발했다고 주장하고 있다.   딥시크가 개발 경과를 설명한 기술보고서에 따르면 챗GPT와 비슷한 성능의 ‘딥시크-V3’ 개발에 투입된 비용은 557만6000달러(약 78억8000만원)에 그친다. 엔비디아의 ‘H800 GPU’를 시간당 2달러에 2개월 동안 빌린 비용으로 계산됐다. H800은 미국의 고성능 칩 수출 규제로 엔비디아가 H100 사양을 낮춰 출시한 칩이다.   외신들은 딥시크가 딥시크가 LLM 훈련에 사용한 그래픽처리장치(GPU) 규모가 미국 AI업체보다 훨씬 적어 효율적이라고 분석하고 있다.   뉴욕타임스(NYT)는 딥시크가 오픈AI와 구글 등 실리콘밸리의 거대 기업보다 첨단 칩을 적게 사용하면서도 경쟁력 있는 챗봇을 만들어 미국의AI칩 수출규제의 한계를 보여줬다고 보도했다. NYT는 AI 선두 기업들이 1만6000개 이상의 칩을 사용해 챗봇을 훈련한 것과 달리 딥시크는 엔비디아 GPU 약 2000개만 필요했다고 전했다. 이러한 발전은 대형 기술 기업들이 AI 모델과 데이터 센터에 과잉 투자를 하고 있다는 의문을 불러 일으키고 있다.   레이몬드 제임스의 반도체 애널리스트인 스리니 파주리는 월요일 메모에서 “딥시크는 구글, 아마존 등 하이퍼스케일러만큼 많은 컴퓨팅 자원을 보유하지 못했음에도 불구하고 경쟁력이 높은 모델을 개발하는 데 성공한 것으로 보인다”며 “하이퍼스케일러들에게 엔비디아칩 접근성을 활용해 저렴한 옵션과 차별화를 꾀할 필요성을 더욱 절실하게 만들 수 있다”고 전망했다.   시티은행은 메모에서 “딥시크의 LLM이 (구글, 아마존 등 하이퍼스케일러의) 컴퓨팅 비용에 대한 의문을 일으키고 있고 미국 기업들의 AI지배력이 도전에 직면할 가능성이 있다”면서도 “이들 기술 기업이 보유한 첨단 (엔비디아)칩에 대한 접근성이 경쟁력을 보여주기 때문에 주요 AI기업들이 더 발전한 GPU에 떠나지 않을 것”이라고 평가했다.    ＜ⓒ종합 경제정보 미디어 이데일리 - 무단전재 & 재배포 금지＞"
90,1,"2025-01-28","06:01:00","대구 기초의회 내부갈등 잇단 소송전으로 번져","대구 기초의회 내부갈등 잇단 소송전으로 번져  중구·달서구 전현직 의원들, 구의회 상대로 '징계 무효' 소 제기       (대구=연합뉴스) 황수빈 기자 = 대구 기초의회 내부 갈등이 소송전으로 이어지고 있다.      28일 대구 구군 기초의회 등에 따르면 중구의회와 달서구의회 전현직 구의원들은 구의회의 징계가 부당하다며 소를 내고 법적 다툼에 나섰다.      중구의회는 배태숙 전 의장이 구의회를 상대로 대구지법에 의원직 제명취소처분 소를 냈다.       그는 차명회사를 통해 중구청과 여러 차례 불법 수의계약을 체결한 혐의 등으로 기소돼 재판받고 있으며 중구의회는 지난달 '의원직 제명의 건'과 '의장직 불신임의 건'을 가결한 바 있다.      달서구의회도 A 구의원이 출석정지 징계가 부당하다며 소를 제기했다.      그는 해외연수 음주 의혹을 문제 삼았다가 허위 사실 논란으로 출석정지 20일 징계를 받자 법원에 징계 효력 정지 가처분과 징계처분무효확인 등 청구 소를 냈다.      각 구의회는 소송에 대응하기 위해 의회 예산을 지출해 변호사를 선임했다.       중구의회는 올해 소송비용 등과 관련한 예산에 1천만원을 편성했지만 이마저도 빠듯해 추경 편성을 검토하고 있다.      자체 고문 변호사가 없어 외부 법인을 통해 변호사를 선임했다.      달서구의회는 고문 변호사를 선임해 현재까지 착수금 250만원을 지급했다. 앞으로 승소 여부와 재판 일정 기간에 따른 추가 수임료를 내야 한다.      달서구 주민 이모(53)씨는 ""중앙 정치에서 소송을 연일 벌이는데 동네 기초의회도 그러고 있으니 너무 피곤하다""며 ""민생을 조금 더 돌아봤으면 한다""고 말했다.      조광현 대구경제정의실천시민연합 사무처장은 ""징계가 부당하다고 생각하면 소송은 당연하다""며 ""다만 일관성 있는 기준과 납득할 수 있는 이유를 근거로 징계권을 사용했으면 불필요한 소송전은 없었을 것""이라고 말했다.      hsb@yna.co.kr  (끝)     <저작권자(c) 연합뉴스, 무단 전재-재배포, AI 학습 및 활용 금지>"
90,2,"2025-01-28","06:00:33","요약-토론토 증권 거래소 비공식 폐쇄","BRIEF-Toronto Stock Exchange unofficially closes down  토론토, 1월 27일 (로이터) - 토론토 증권거래소 S&P/TSX 종합지수 :    비공식적으로 179.34포인트(0.70%) 하락한 25,289.15로 마감했습니다.   원문 바로가기    DISCLAIMER  레피니티브의 사전, 서면 승인없는 톰슨로이터 콘텐츠의 재생산이나 재배포는 금지되어 있습니다. 이 기사의 한국어 번역은 에프앤가이드가 사용하는 기계적 번역에 의한것으로 톰슨로이터와 레피니티브는 번역의 정확성을 보증하지 않습니다."
90,3,"2025-01-28","06:00:27","한컴라이프케어, 실적은↑, ESG는↓","국방·소방사업 호조에 힘입어 성장세를 보이는 한컴라이프케어가 ESG에는 소홀한 모습이다. 지난해 한컴라이프케어와 ESG 종합 등급은 'D'로, 전년도인 2023년 'C'에서 한 단계 하락했다. 최근 회사가 북미 시장을 비롯한 글로벌 시장 진출에 나선 만큼, ESG 등급 관리에도 관심을 기울일 필요가 있다는 지적이다.   한국ESG기준원은 국내에서 가장 영향력 있는 ESG 평가기관 중 하나로, 매년 모든 유가증권시장 상장사와 일부 코스닥시장 상장사를 대상으로 환경·사회·지배구조 부문을 평가하고 있다. 한국ESG기준원에 따르면 평가등급은 ESG 위험 및 시스템 평가, 주요 ESG 쟁점검증 등을 종합적으로 검토해 부여된다. S(매우우수)부터 D(개선필요)까지 총 7단계로 이루어져 있다.  한국ESG기준원은 한컴라이프케어의 지난해 ESG에 대해 'D'라는 종합 평가를 내놨다. D는 ""환경, 사회, 지배구조 모범규준이 제시한 지속가능경영 체계를 거의 갖추지 못해 비재무적 리스크로 인한 주주가치 훼손이 우려""되는 수준에 해당한다. 이는 직전년도인 2023년 'C'에서 1등급 하락한 것으로, '사회(S)'부문의 하향(B→C)이 주효했다. 한국ESG기준원 측에 문의한 결과 항목별 점수, 특정 문항에서의 변동 이유 등 구체적 평가 내용은 대외비로 알수 없었다. 다만 발표자료에 명시된 평가 기준으로 대략적인 유추는 가능하다.    우선 1등급 하락한 '사회'는 ▲노동관행 ▲직장 내 안전보건 ▲인권 ▲정보보호 및 개인정보보호 등 7가지 기준으로 평가된다. 한컴라이프케어는 ▲직장 내 안전보건에서는 업계 평균보다 월등히 높은 점수를 유지하고있으나 ▲정보보호 및 개인정보보호 부분에서 전년도보다 다소 떨어졌다는 평가를 받았다.  '환경(E)'과 '지배구조(G)'는 전년도에이어 각각 'C'와 'D'를 유지했다. 특히 D등급인 지배구조는 ▲이사회 리더십 ▲주주권 보호 ▲감사 ▲이해관계자 소통을 주축으로 평가된다. 이에 일각에서는 김연수 한컴그룹 대표의 남동생이 연루된 비자금 의혹 사건이 영향을 미친 것 아니냐는 의견이 있었다.   하지만 회사 측은 이에 대해서는 명백히 선을 그었다. 한컴라이프케어 관계자는 ""김 대표 동생은 회사 경영과 무관하며 특히나 한컴라이프케어와는 전혀 연관성이 없다""며 ""오너리스크와는 전혀 상관이 없다고 명확하게 선을 그을 수 있다""고 답했다.  업계에서는 회사가 글로벌 시장진출을 가속화하겠다고 밝힌 만큼, ESG 지표를 의식할 필요가 있다는 반응이다. 업계에 따르면 글로벌 투자기관들은 최근 ESG경영을 적절히수행하지 못하는 기업에 자금을 회수하는 추세다. 지난 10일 한컴라이프케어는 미국 개인 안전 장비 전문 업체와 K3·K11 방독면 독점 공급계약을 체결했음을 알리며 글로벌 시장 진출의 포문을 열었다. 당시 김연수 한컴 대표는 ""해외 사업을 총괄해 미주뿐 아니라 유럽·호주·중동 시장으로의 진출을 가속화할 방침""이라 밝힌 바 있다.  다만 한컴라이프케어 측은 해당 결과를 전달 받지 못했다는 입장이다. 회사 측에 따르면 한컴라이프케어에는 ESG 전담부서가 부재한 상태다. 한국ESG평가원 관계자도 ""한컴라이프케어는 평가 프로세스 중 '피드백'이라는, 자료 제출 등으로 소명하는 과정에 참여를 따로 안 한 회사""라며 ""평가 결과를 받은 회사 중 피드백이 오는 회사는 45% 정도기에 평가존재를 인지하고 있지 못할 수도 있어 개선의 의지까지도 판단하기는 어려운 부분이 있다""고 답했다.  이에 대해 한컴라이프케어는제조업 특성상 ESG 등급에 소홀했으며, 회사가 잦은 변화 속 생존으로 산업 트렌드를 따라가지 못한 측면이 있었다는 입장이다. 업계에 따르면 한컴라이프케어는 1971년 설립(구 산청)된 이후 대주주가 9번 정도 바뀌는 등 잦은 부침을 겪었다.   한컴라이프케어는 한컴그룹에 인수된 직후인 2018년에는 영업이익 245억원을 달성하기도 했으나, ▲2019년 91억원 ▲2020년 387억원 ▲2021년 48억원 ▲2022년 -13억원을 기록하며 불안정한 실적을 이어갔다. 최근 들어 국방 사업과 신사업인 전기차 화재 진압 등이 호조를 보이며 안정기를 찾는 추세다.  한컴 관계자는 ""회사가 긴 시간 부침을 겪은지라 ESG 등급에는 비교적 부족한 부분들이 있었던 것 같다""며 ""다만 기업을 경영하는 데 있어 ESG 부문에 관심을 기울일 필요성은 충분히 통감하기에 사회의 기대와 갭을 메워나가기 위해 할 수 있는 것들을 찾아가며 점차 나아진 모습을 보이겠다""고 밝혔다.     딜사이트 이다은 기자 dani@dealsite.co.kr ⓒ새로운 눈으로 시장을 바라봅니다.딜사이트 무단전재 배포금지  ☞ ★딜사이트경제TV 출연 전문가★ 매일 터지는 수익률! 오늘의 무료 추천종목 받기 ☞ 상한가 종목 선취매로 대박 수익! 급등주 TOP3 추천! >> 지금 확인 ☞ 스탁론의 혁신! 월 0%대 금리로 최대 4배 투자 가능"
90,4,"2025-01-28","06:00:18","성장사다리 세컨더리 앵커, 메타-하나캐피탈 선정","올해 성장사다리펀드의 세컨더리 및 기후대응 분야 위탁운용사(GP)가 결정됐다.  24일 벤처캐피탈(VC)업계에 따르면 한국성장금융투자운용(성장금융)은 성장사다리펀드2 세컨더리 앵커에 메타인베스트먼트-하나캐피탈 컨소시엄, 세컨더리 매칭에 KB인베스트먼트, 위벤처스, 기후대응에 JB인베스트먼트를 각각 선정했다.   이번 세컨더리 펀드는 유한책임투자자(LP) 지분 및 중소벤처기업 구주를 인수할 목적으로 조성한다. 선정된 GP 는 약정총액의 30%를 기존 펀드의 LP지분 인수에 활용해야 한다. 또한 약정총액의 60%를 국내 중소벤처기업 구주에 투자해야 한다.   메타인베스트먼트는 세컨더리 앵커 부문 GP로 선정돼 최대 6개월 간 성장사다리 출자액 250억원을 포함해 1000억원 규모의 펀드를 결성해야한다. 세컨더리 매칭 부문 GP로 선정된 KB인베스트먼트와 위벤처스는 6개월 내로 성장사다리 출자액 50억원을 포함해 300억원 이상을 모아야한다.  기후대응 펀드의 GP로 낙점된 JB인베스트먼트는 성장사다리 출자금 200억원을 포함해 6개월 내 총 400억원을 결성해야 한다. 주목적 투자 대상인 온실가스 감축 분야에 결성총액의 60% 이상을 투자해야 한다. 펀드는 투자기간 장기화와 가치평가 산출의 어려움으로 시장에서 과소 투자됐던 기후 분야에 대한 투자 활성화를 목표 조성한다.     딜사이트 노만영 기자 myblue26@dealsite.co.kr ⓒ새로운 눈으로 시장을 바라봅니다. 딜사이트 무단전재 배포금지  ☞ ★딜사이트경제TV 출연 전문가★ 매일 터지는 수익률! 오늘의 무료 추천종목 받기 ☞ 상한가 종목 선취매로 대박 수익! 급등주 TOP3 추천! >> 지금 확인 ☞ 스탁론의 혁신! 월 0%대 금리로 최대 4배 투자 가능"
90,5,"2025-01-28","06:00:13","2025 설 인사말 고민 끝…설날 안부문자 문구 총정리","2025년 '을사년(乙巳年)' 설 연휴를 맞아 가족과 친지, 직장과 선생님 등에게 보낼 ‘설날 인사말’에 대한 문의가 이어지고 있다.  복잡한 국내 상황만큼이나 어떤 인사를 건네야 할지 망설여지는 설이다. 감사한 마음과 올해의 안녕을 기원하는 마음을 짧은 인사말에 담는 것이 여간 고민스럽다. 또 받는 이의 상황과 나이 등을 고려한 단어 사용도 주의해야 한다.  2025 설 연휴에 보내기에 알맞은 인사말을 정리했다.       부모님   △“늘 부족한 아들·딸이지만 언제나 응원해주시고 믿어주셔서 감사해요. 항상 건강하시고 행복하세요”  △“항상 감사하는 마음으로 살고 있습니다. 올해는 꼭 효도할게요”  △“을사년 새해에도 많은 가르침 주세요. 늘 곁에서 응원하겠습니다”  △“제가 가장 존경하는 부모님, 항상 건강하세요”  △“그동안 속 많이 썩여서죄송합니다. 새해에는 부모님 많이 웃게 해드리는 한 해 되도록 노력하겠습니다”  △“언제나 응원해 주셔서 감사합니다. 새해에도건강하세요”  △“부모님이 살아오신 것처럼 저도 열심히 살겠습니다. 두 분 존경하고 사랑합니다”  △“설 연휴 맛있는음식 함께하고 함께 오래오래 살아요”   친척·지인   △“2025년 을사년 새해가 밝았습니다. 행복하고 건강한 한 해 되시길 소망합니다”  △“사랑하는 가족들과 행복한 설 연휴 보내세요”  △“오랜만에 인사드려요! 을사년 새해 복 많이 받으세요”  △“이루고자 하는 모든 일이 성취되는 한 해 되세요”  △“늘 건강하시고 가정에 평안과 행복이 깃드시길 기원합니다”  △“한 해 동안 베풀어 주신 은혜가 감사드립니다. 새해 복 많이 받으세요”   친구   △“을사년 새해 복 많이 받아”  △“신년운세 안 봐도 돼! 넌올해 대박이니까”  △“2024년 수고했어~ 2025년은 더 멋진 한 해일거야~”  △“언제나 나에게 힘이 되어주는 소중한 친구야~ 2025년도 함께 하자”  △“2025년은 너의 해가 될 거야! 파이팅!”  △“올해에도 건강하고 밝게 변함없이 함께하자”   학교·유치원·어린이집 선생님   △“항상 따뜻한 격려와 관심 보내주셔서 감사합니다. 행복한 설 연휴 보내세요”  △“우리 아이 밝고 건강하게 자라날 수 있도록 이끌어 주셔서 감사합니다”  △“올해도 많은 가르침 부탁드립니다. 새해를 맞이해 가내 두루 평안하시길 바랍니다”  △“항상 학생들을 위해 애쓰시는 모습 존경스럽습니다”  △“세상에서 제일 선생님을 존경하는 제자가 드리는 따뜻한 마음입니다. 새해에도 건강하세요”  △“지난 한 해 동안 보살핌에 깊이 감사드립니다. 설 연휴 동안 가족, 친지들과 행복한 시간 보내시길 바랍니다”  △“선생님, 가르쳐 주신 은혜에 감사드립니다. 올해도 잘 부탁드립니다”  △“명절에 찾아뵙지 못해서 죄송합니다. 새해에도 건강하세요”   직장 상사·거래처·고객   △“한 해 동안 베풀어 주신 은혜에 감사드립니다. 가정에 만복이 깃드시길 바랍니다”  △“함께 할 수 있어서 감사한 한 해였습니다. 올해도 잘 부탁드리고 성취하고자 하는 일은 모두 이뤄지길 바랍니다”  △“2025년에도 늘 행운과 평안함이 가득하시길 바랍니다”  △“설 연휴 동안에는 일 걱정 접어두시고 가족들과 따뜻한 시간 보내시길 바랍니다”  △“고향길 편히 다녀오시고 행복 넘치는 연휴 보내세요”  △“을사년 희망찬 새해를 맞아건강과 행운이 늘 함께하시길 빕니다”  △“새로운 마음으로 힘차게 출발하는 새해 새 아침입니다. 올 한 해는 즐거운 날들이 가득하길 기원합니다”  △“지난 한 해 보내주신 관심과 배려 덕분에 우리 회사가 나날이 발전할 수 있었습니다. 앞으로도 변함없는 애정과 격려 부탁드립니다”  △“을사년 새해가 밝았습니다. 새해에도 저희 제품 이용해 주셔서 감사드립니다. 항상 변함없는 모습으로 보답하겠습니다”  △“민족의 명절 설을 맞아 변함없는 사랑과 아낌없는 성원에 깊이 감사드립니다. 귀사의 무궁한 발전과 건강, 귀하의 가정에 행복이 가득하길 기원합니다”  기정아 기자(kki@etoday.co.kr)  [오늘의 핫클릭]  ●[내일날씨] 전국에 눈 내리고 강풍…‘대설특보’ 확대에 빙판길 조심 ●트럼프 디지털자산 시대…""가상자산 입법 마무리해야""  ●투자에 강한 경제신문 '이투데이' 증권 뉴스 ●[단독] 네이버, ‘AI 헬스 비서’ 첫발 뗐다 ●유망 바이오기업 8개사 투자 설명회…상장 등 투자·협력 모색 ●[실시간] 오늘의 주요 종목 뉴스 확인하기 ●[실시간] 오늘의 특징주 살펴보기       이투데이(www.etoday.co.kr), 무단전재 및 수집, 재배포금지  프리미엄 경제신문 이투데이  "
90,6,"2025-01-28","06:00:12","[IB토마토](증권업 새판짜기)③IB시장 독점 심화…해외 진출로 새 활로 모색","이 기사는 2025년 01월 24일 15:37  IB토마토 유료 페이지에 노출된 기사입니다.    2025년 새해를 맞은 증권업계가 새로운 돌파구 찾기에 나서고 있다. 2022년 이후 지속된 위기와 악재 속에서 증권사들은 생존을 위해 혁신과 치열한 경쟁을 이어왔다. 이 과정에서 기존 시장을 넘어 새로운 시장을 개척하는 것이 핵심 과제로 떠오르고 있다. <IB토마토>는 증권업계의 신사업추진 현황과 전망을 살펴보고, 한국 증권업의 미래를 조망해보고자 한다. (편집자주)     [IB토마토 최윤석 기자] 2025년 국내 투자은행(IB) 시장, 특히 주식자본시장(ECM)과채권자본시장(DCM)을 비롯한 전통 IB시장은 소수의 증권사들이 독점하고 있다 해도 과언이 아니다. 파이를 나눠 먹는 구조다. 대안으로 해외진출은 몇 년째 제기되고 있는 화두지만 리테일 시장 진출에 그치는 경우가 대부분이다. 최근 한국투자증권이 해외 달러채 발행을 주관하면서 해외 DCM이 새로운 돌파구로 주목을 받고 있다.      한투, 글로벌 DCM으로 활로 뚫어     금융투자업계에 따르면 지난해 10월 필리핀 부동산 개발업체 비스타는 5천만달러 규모의 채권을 발행을 한국투자증권 홍콩법인(KIS Asia)이 단독 주관했다. 국내 증권사 최초다. 심지어 하이일드 채권이다. 이어 몽골 상업은행인 무역개발은행의 달러채 발행도 도맡는 등 아시아 DCM에서 존재감을 드러내고 있다.      이는 국내 발행사의 조달처 확대에도 기여하고있다. 해외 기관들의 국내 여전체 수요를 파악하고 현대캐피탈, KB국민카드 등의 신디케이트론 조달을 도왔다.       서울 여의도 한국투자증권 본사에서 열린 채용설명회장에서 김성환 한국투자증권 대표가 학생들에게 강연하고 있다(사진=한국투자증권)      한국투자증권의 해외법인은 지난해부터 본격적인 성장 궤도에 올랐다. 3분기까지 한국투자증권 해외법인의 영업수익은 한화로 2995억원을 기록해 전년 기록한 2222억원 대비 34.77% 증가했다. 같은 기간 당기순이익도 587억원으로 8.39% 늘었다.      한국투자증권은 미국 시장에서 KIS US, KIS아메리카, SF크레딧파트너스 등 3개 현지 법인을 운영 중이다. 이어 싱가포르, 홍콩, 영국, 베트남 등지에서 총 법인 9곳과 현지사무소 2 곳을 보유하고 있다.     한국투자증권은 해외 역량 강화를 위해 최근 서울 여의도 본사에서 해외대학교 재학생을 대상으로 한 채용설명회 'KIS 챗 인 서울'을 진행했다.      이날 행사에는 김성환 한국투자증권 대표이사도 참여해 참석자들과 직접 의견을 나누기도 했다. 앞서 김 대표는 앞서 신년사에서 “글로벌화는 압도적 경쟁우위를 확보할 수 있는 가장 확실한 차별화 전략”이라며 글로벌 네트워크 확장과 적극적인 해외시장 공략 의지를 밝힌 바 있다.     부족한 글로벌 네트워킹…글로벌 IB와 협업 필요     증권업에서 보유 자본만큼 중요한 것은 사람, 즉 인적 네트워크다. 한국투자증권이 해외 대학 재학생 채용에 대표가 직접 나서고 글로벌 법인과 금융사 인수를 진행한 이유다.     실제로 대다수 국내 증권사의 해외진출은 더딘 편이다. 인적 네트워크는 물론이고 경쟁력도 부족해 사업도 한정적이다.      최순영 자본시장연구원 연구위원이 발표한 '국내 증권사의 해외진출 현황 및 과제'에 따르면 2023년 기준 14개 국내 증권사가 13개국에 69개의 해외점포를 운영 중이지만 당기순이익에서 해외사업 비중은 5.3%에 불과하다.      최 위원은 이에 대해 ""주력 사업은 현지 기관투자자를 대상으로 한 한국물(한국기업의 해외화폐 증권이나 채권)의 중개가 주요 사업영역이고 이는 제한적인 수요와 해외 투자자의 한국 시장에 대한 직접 투자가 늘어나면서 크게 확장되지 못했다""고 지적했다. 이어 해외 부동산 대체투자에서 한 차례 고비를 맞으며 다시금 수익성 측면에서의 위기를 맞았다고 분석했다.     현재 해외법인과의 파트너십 체결이나 인수합병(M&A)이 대안으로 거론된다. 최 위원은 국내 증권사들 중 해외 금융사 인수를 통한 현지화 전략이 현재로서는 가장 유효한 대안이다는 평가를 내왔다.      출처=최순영 자본시장연구원 연구위원 <국내 증권사의 해외진출 현황 및 과제>      미래에셋증권(037620)의 경우 2017년 ETF 전문 자산운용사 Global X를 인수한데 이어 2023년에는 유럽 ETF 시장조성(market making) 전문회사 GHCO를 인수했다. 한국투자증권도 2022년 미국 중대형 증권사 Stifel과 함께 인수금융 및 사모대출 전문 합작사 설립 계약을 체결했다. 이를 통해 미국의 미들마켓(middle market) 대출 시장을 중심으로 딜 소싱 및 상품개발을 확대할 것으로 알려졌다.     증권업계 관계자는 <IB토마토>에 “국내 증권사들이 글로벌 IB 시장 진출을 시도하고 있지만, 글로벌 IB와 비교시 글로벌 세일즈 네트워크와 트랙레코드가 부족해 주간사단으로 선정받기가 어려운 것이 현실이다”라며 “트랙레코드를 보유한 증권사는 어느정도 역량에 대한 검증이 된 만큼 향후 글로벌 IB와의 협업을 통해 점진적인 시장진출이 가능할 것”이라고 말했다.     최윤석 기자 cys55@etomato.com    [관련기사] · [IB토마토](Deal모니터)LG화학, 석유화학 위기 속 채권시장 도전 · [IB토마토](퇴직연금 대전)③판 흔든 증권사…은행 금리 전략 '시험대' [최윤석 기자의 다른 뉴스] ·[IB토마토](IB&피플)민준선 삼일PwC 딜부문 대표  · [IB토마토]KB증권, 상반기 IPO 최대어 마무리…""올해도 1위 수성"" [이 시각 주요뉴스] · 설 이후 증시 향방은…낙폭 과대 저평가 업종에 주목 · 서울 빌라 전세 기피, 월세 선호 '확산'  -경제전문 멀티미디어 뉴스통신 뉴스토마토 저작권자(c)뉴스토마토통신. 무단전재-재배포 금지-"
90,7,"2025-01-28","06:00:10","""美 반도체 등 수출통제 강화에 中 핵심광물 통제 강화 가능성""","""美 반도체 등 수출통제 강화에 中 핵심광물 통제 강화 가능성"" 무역안보관리원 ""韓. '트럼프 2기' 미중 수출통제 강화 대비해야""       (서울=연합뉴스) 김동규 기자 = 강력한 '미국 우선주의'를 앞세운 도널드 트럼프 미국 대통령이 임기를 시작한 가운데 미국이 반도체 등의 수출 통제를 강화하고 이에 맞서 중국도 핵심 광물 수출 통제를 강화할 가능성이 높아 이에 대한 대비가 필요하다는 제언이 나왔다.      무역안보관리원은 이런 분석과 전망을 담은 '2025년 무역안보 아웃룩(Outlook)' 보고서를 발간했다고 28일 밝혔다.      보고서는 먼저 다시 '트럼프 시대'를 맞은 미국이 반도체 분야에서 현재 진행하는 첨단 반도체에 대한 수출 통제를 넘어 범용(레거시) 사양 반도체로까지 수출 통제를 확대할 수 있다고 전망했다.      중국은 이미 자동차, 의료기기, 드론, 로봇, 항공우주, 방위산업 등 다양한 분야의 레거시(낸드·D램) 반도체 관련 기술력을 보유하고 있고, 세계 시장 점유율이 30%에 달하는 데다 앞으로도 기술 발전과 시장 점유율 확대가 예상된다는 것이 미국 안팎의 기업·연구기관들의 전망이다.      이에 미국은 관련 품목에 대한 수출 통제에 나설 것으로 예상된다.      보고서는 미국이 범용 반도체 수출 통제에 나설 경우 자율차·서버에 사용되는 28㎚(나노미터·10억분의 1ｍ) 이하를 통제할 가능성이 높으며 이에 따른 기업의 영향은 제한적일 것으로 전망했다.       그러나 스마트폰·솔리드스테이트드라이브(SSD)용 반도체(65㎚ 이하)의 수출 통제를 넘어 PC·하드디스크 드라이브(HDD)용 반도체(130㎚이하)까지 통제 범위를 확대하는 경우 기업에 미치는 영향은 커질 것이라고 분석했다.      보고서는 중국이 신흥 기술 분야에서도 급격히 성장하고 있어 미국의 통제가 이 분야에 대한 통제도 강화할 것으로 전망했다.       호주 전략경쟁정책연구소(ASPI) 조사에 따르면 ASPI 선정 64개 핵심기술 가운데 2003∼2007년까지는 미국이 60개 핵심 기술에서 세계 선두를 달렸으나 최근 5년(2019∼2023년)간은 중국이 57개 분야에서 선두를 달리며 기술 역량 수준이 역전된 것으로 나타났다.      중국의 약진에 대응하기 위해 미국은 특히 인공지능(AI), 바이오, 배터리, 에너지, 항공우주 분야에 대한 통제를 확대할 것으로 보인다고 보고서는 짚었다.      아울러 최근 첨단 반도체 통제에도 불구하고 미국의 클라우드 서비스로 이를 우회하면 컴퓨팅 파워만을 활용해 AI 등의 훈련이 가능한 것으로 나타나 민감한 대량 개인정보 데이터(Data) 등의 보안을 위한 클라우드 서비스 대상 수출 통제 시행 가능성도 있다고 보고서는 전망했다.      트럼프 2기 행정부는 중국과의 디커플링(decoupling·탈동조화) 기조를 강화하면서 수출 통제를 위한 엔티티(Entity) 리스트 관리를 강화하고 처벌 기준을 강화하는 카드를 꺼낼 가능성이 높은 것으로 분석된다.        이 경우 중국 역시 핵심 광물 수출통제 범위를 넓히는 방식으로 대응할 가능성이 높아 이에 대한 대비 역시 필요하다고 보고서는 조언했다.      중국은 망간, 희토류, 코발트, 니켈, 텅스텐 등 현재 수출 허가 대상으로 관리하는 핵심 광물을 이중용도 품목 통제 대상으로 중복 등재하는 방식으로 수출 통제를 강화할 가능성이 있으며 이는 미국뿐 아니라 한국 기업에도 영향을 미칠 것으로 분석됐다.      보고서는 미국이 대(對)중국 통제 기제를 강력하게 만들기 위해 기존 수출 통제 운영 방식을 변경하고, 수출, 투자, 금융 등 여러 분야에서 통제가 동시에 부과될 가능성이 있으며 이는 결과적으로 경제 블록화를 심화할 수 있다고 지적했다.      무역안보관리원은 ""미국과 중국의 수출 통제 법령이 충돌하면서 양자택일을 강요받는 상황이 오며 경제가 블록화되는 현상으로 이어질 것으로 보인다""면서 ""미국이 주도하는 글로벌 공급망에서 소외되지 않도록 실효적인 수출 통제 정책을 수립·집행하고 기업들은 공급망 실사에철저히 대응해야 할 것""이라고 말했다.      dkkim@yna.co.kr  (끝)      <저작권자(c) 연합뉴스, 무단 전재-재배포, AI 학습 및 활용 금지>"
91,1,"2025-01-28","06:00:00","“테마에 관심 많은 한국…글로벌 투자자는 S&P500 등 분산투자”","“한국 투자자는 테마나 섹터형 ETF에 더 많은 관심을 가지는 경향이 있다. 특정 섹터나 테마에만 투자하면, 해당 테마가 인기를잃을 경우 분산투자의 이점을 누릴 수 없다. 미국과 유럽 투자자는 S&P500 ETF처럼 보다 광범위한 시장에 투자한다.”  데보라 퍼 ETFGI 설립자는 12월 2일 화상인터뷰에서 분산투자를 강조하며 이같이 말했다. 퍼 설립자는 글로벌 ETF 시장의 초창기부터 30년 이상 ETF 운용 및 투자 전략을 연구해 온 전문가다. 블랙록과 모건스탠리 등 글로벌 자산운용사에서 ETF 리서치 업무를 담당했고, 미국 나스닥상장위원회 부의장을 역임했다. 2012년 글로벌 ETF 생태계를 연구하는 리서치 기업 ETFGI를 설립해 전 세계 ETF 자금의 흐름과 시장 동향을분석하고 있다. 다음은 일문일답.  ETF 시장의 성장세는.  “전 세계 ETF 투자금은 2024년 10월까지, 65개월 연속 순 유입을 기록했다. 65개월 연속으로 ETF에서 빠져나간 자금보다 유입된 자금이 많았다는 의미다. 이는 매우 이례적인 일이다. 전 세계 뮤추얼 펀드 투자금을 살펴보면, 같은 기간 여러 차례 순 유출이 발생했다. 전 세계적으로 ETF 선호가 증가하고 있으며, 투자자는 ETF에 더 많은 자금을 투입하고 있다. 올해 ETF 순 유입 금액은 전 세계 거의 모든 지역에서 기록적인 수치에 도달하고 있다.  ETF는 간단하고, 투명하며, 비용 효율적이다. ETF는 모든 유형의 투자자가 동일한 최소 투자 규모를 가지며, 동일한 수수료를 지불한다는 점에서 독특하다. 일반적으로 개인 투자자의 수수료가 높고, 기관 투자자는 대규모 자금을 운용하므로 개인보다 수수료가 낮은 것과 대비된다. 연기금, 펀드매니저, 헤지펀드, 개인 투자자까지 모두 ETF에 투자하고 있다. ETF는 또 선진국과 신흥국 등 세계 여러 시장, 여러 섹터와 테마, 원자재, 심지어 암호화폐까지 쉽게 투자할 수 있도록 만들어준다. ETF는 가장 민주적인 투자 상품 중 하나다.”  연간 ETF 순 유입 자금을 보면, 2021년 이후 하락하다 올해 신기록을 썼다.  “2021년에는 코로나19 팬데믹(pandemic· 감염병 대유행) 영향으로 인해 이례적으로 순 유입 자금이 급증한 것으로 해석된다. 팬데믹 여파로 사람들이 집에 갇힌 상태로 더 많은 시간을 보내며, 자산 포트폴리오에 대해 생각하게 됐다. 그러면서 다양한 종류의 ETF를 인식해 연간 ETF 순 유입액이 최고치를 기록했다. 실제 미국에서는 2021년 주식시장에 참여한 투자자 중 15%가 그해 처음으로 투자한 사람으로 조사됐다. 다른 국가에서도 비슷한 상황이 벌어진 것으로 보인다. 장기적으로, ETF는 수년간 꾸준히 인기가 상승하고 있다.”    최근에 본 혁신적인 ETF는 무엇이 있나.  “미국에선 버퍼형 ETF가 혁신 상품으로 등장해 이목을 끌고 있다. 이익을 제한하는 대신, 미리 정해둔 특정 범위를 넘어서는 손실을 보전해주는 상품이다. 이 같은 옵션 전략을 사용하는 ETF가 인기를 끌고 있으며, S&P500에서 일부 종목을 제거한 ETF 등 다양한 상품이 시장에나오고 있다. 또 2024년 1월 미국 증권거래위원회(SEC)가 비트코인 현물 ETF를 처음으로 승인하며, 암호화폐 ETF도 시장의 주목을 받는다. SEC는 지난 7월 이더리움 현물 ETF도 승인했다. ‘아이셰어즈 비트코인 트러스트 ETF(IBIT)’에는 올해 1~10월 261억4862만달러(약 36조5793억원)의 자금이 유입됐다.”  트럼프 2기 정부에서 암호화폐 ETF의 인기가 더 높아질까.  “도널드 트럼프 미 대통령 당선인은 암호화폐를 지지해 왔지만, 그가 지지한다고 해서 암호화폐 시세가 계속 올라갈 것이라는 보장은 없다. 아울러 트럼프는 예상치 못한 방식으로 발언하거나 행동하는 경향이 있기 때문에 시장에 또 다른 변동성을 일으킬 수 있다. 트럼프 2기 정부에서 어떤 상황이 전개될지는 지켜봐야 할 문제다.”  그렇다면 한국 투자자에게 추천하고 싶은 ETF는.  “하나만 꼽자면 미국 투자를 위해 S&P500을 추종하는 ETF를 사는 것이다. 한국 투자자는 테마나 섹터형 ETF에 더 많은 관심을 두는 경향이 있지만, 미국과 유럽 투자자는 S&P500 ETF처럼 보다 광범위한 시장에 투자한다. 투자자가 널리 투자하는 또 다른 광범위한 분산투자목적의 상품은 나스닥100, 모건스탠리캐피털인터내셔널(MSCI) 월드, MSCI ACWI(All Country World Index), FTSE 월드, FTSE 디벨롭 마켓, FTSE 이머징 마켓 등이 있다.  유럽 투자자의 주요 투자 방법은 S&P500 또는 나스닥100으로 미국에 투자하고, 독일 DAX처럼 자국의 대표 주가지수를 추가하는 것이다.자국에 투자하는 것은 매우 일반적인 현상이다. S&P500 ETF와 함께 한국 증시 ETF를 추가하는 방식이 적절할 것이다.”  ETF 시장의 성장 전망은.  “전 세계적으로 ETF 시장은 계속해서 성장할 것으로 전망한다. 많은 중동 및 아프리카 국가에서 최초의 ETF가 도입되고 있다.예를 들어 올해 10월 사우디아라비아에서는 홍콩과 중국 주식을 추종하는 ETF가 각각 출시됐다. 또 젊은 세대는 투자를 다른 사람에게 의존하지 않고 스스로 하고자 하는 경향이 강하다. 젊은 층에선 펀드매니저에게 맡기는 것이 아닌 DIY 투자(Self-Directed Investing)가 증가하고 있다. 이로 인해 간단한 투자 상품인 ETF의 영향력은 확대될 것이다. 미국에서 ETF는 뮤추얼 펀드보다 우수한 상품으로 인식되고 있으며, 이런 선호는 다른지역으로 확장되고 있다.”  Plus Point  투자 손실 보전하는 버퍼형 ETF 부상     세계 최대 ETF 시장인 미국에서 버퍼형 ETF가 부상하고 있다. 글로벌 펀드 평가사 모닝스타에 따르면, 2024년 8월 기준 미국엔 버퍼형 ETF가총 327개 있다. 이들의 자산 규모는 548억달러(약 76조6597억원)로 집계됐다. 2020년 8월 73개, 46억달러(약 6조4349억원) 규모에 불과했던것과 비교하면 성장세가 가파르다.  버퍼형 ETF는 상방 성과를 어느 정도 포기하는 대신, 하방을 보호하는 상품이다. 이름 그대로 버퍼(buf-fer·완충장치)를 가진 ETF다. 예를들어 손실 보전 비율이 10%인 상품이라면, 기초 지수가 10% 하락할 때까지는 원금을 지킬 수 있다. 기초 지수가 15% 떨어지면 5%의 손실을 본다. 다만 수익률 상한도 정해져 있어 상승장에서는 불리하다. 위험 회피 성향의 보수적인 투자자에게 적합한 상품이다. 콜옵션과 풋옵션을 활용해 상한선과 버퍼를 구축하는 구조다.  대표적인 버퍼형 ETF 상품으로는 S&P500을 기초로 하는 ‘이노베이터 US 에쿼티 파워 버퍼 ETF(PJAN)’가 있다. 수익 상한은 14.24%, 손실 보전 비율은 15%다. 블랙록도 지난 7월 S&P500을 기초로 하는 버퍼형 ETF ‘아이셰어즈 라지 캡 맥스 퍼터 ETF(MAXJ)’를 내놨다. 수익 상한은 10.64%이고, 손실 보전 비율은 100%다.  버퍼형 ETF는 통상 만기 기간이 1년이며, 1년 단위로 수익률 상단의 캡(cap)과 하단의 버퍼율을 새로 정한다. 발행 시점에 정해진 수익률 상·하단 조건이 12개월간 유지된다는 뜻으로, 만기 기간 중에 높은 가격으로 매수했다면 상한이 줄고 손실 보전이 제대로 이뤄지지 않을 수 있다. 버퍼형 ETF는 일반 ETF보다 수수료가 높다는 점을 고려해야 한다. 모닝스타에 따르면, 일반 ETF는 평균 0.51%, 버퍼형 ETF는 평균 0.8%의 수수료를 받는다.  이코노미조선=고성민 기자  /이코노미조선=이연주 인턴기자  Copyrights ⓒ ChosunBiz.com"
91,2,"2025-01-28","06:00:00","[초고령사회 유망 기업] ①리모델링으로 빈집 문제 해결하는 日 스타트업 ‘리노뱅크","2023년 12월 23일, 대한민국은 ‘초고령 사회’가 됐다. 대한민국 주민등록 인구 중 65세 이상(1024만4550명) 비율이 20%를 넘어선 것. 유엔(UN)은 65세 이상 인구가 전체의 7% 이상이면 고령화사회, 14% 이상이면 고령사회, 20% 이상이면 초고령사회로 분류한다. 이에 조선비즈는 한국보다 19년 이른 2004년, 초고령사회에 진입한 일본을 중심으로 시니어를 대상으로 한 사업과 초고령사회가 낳는 사회 문제를 해결하는 데중심을 둔 해외 사업을 소개한다. [편집자 주]  일본 전체 주택의 13.8%는 ‘빈집’이다. 일본 총무성에 따르면 빈집 개수는 2023년 10월 기준 900만2000채로 2018년(848만9000채)보다 51만채 이상 늘었다. 하지만 시장에선 집계되지 않은 빈집이 더 많을 것으로 본다. 일본 노무라연구소는 일본 내 빈집은 약 1100만 채로, 2033년안에 전체 주택의 30% 이상을 차지할 것으로 추정한다.  일본 내 빈집이 증가한 것은 인구 고령화와 출산율 감소 때문이다. 일본 총무성은 지난 2023년 10월 1일 기준으로 외국인을 포함한 일본 인구가 1억2435만2000명으로 집계됐다고 발표했다. 일본 인구는 2010년 1억2805만7000명으로 정점을 찍은 뒤 12년째 감소하고 있다. 총인구에서 75세 이상 고령자는 71만3000명 증가해 처음으로 2000만 명을 넘어섰다. 65세 이상 고령자는 9000만 명 감소했지만, 인구 전체에서 차지하는비율은 역대 최고인 29.1%다.    반면 2023년에 태어난 신생아 수는 전년보다 3만2000명 감소한 79만9000명으로 8년 연속 감소해 역대 최저치를 기록했다. 일본의 합계출산율은 1.2명(2023년 기준)으로 1947년 관련 통계 작성 이후 가장 낮다. 대체출산율(2.1명, 현재 인구를 유지하기 위해 필요한 출산율)에 못 미치는 것은 물론이다.  빈집이 넘쳐나면 주변 부동산 가격이 폭락한다. 일본에서 ‘아키야(あきや·Akiya)’라고 불리는 빈집 문제를 해결하는 것을 목표로 하는 14 개 회사와 연구기관으로 구성된 ‘일본 아키야 컨소시엄’ 조사에 따르면 빈집 근처 주택 가격 하락으로 인해 2023년까지 지난 5년 동안 일본의 부동산 시장은 약 3조9000억 엔(35조8983억3000만 원)의 손실을 봤다. 빈집에 잡초가 무성해지고, 공공 안전에 대한 우려가 제기되면서 반경 50m 이내의 토지 가격이 하락한 여파다.  이에 조선비즈는 빈집을 리모델링해 거주할 수 있는 주택으로 만들어 중고 주택 시장을 활성화하는 사업을 하는 일본 리노뱅크(Renobank)의세이고 우메모토 최고경영자(CEO)를 15일 서면으로 인터뷰했다. 세이고 CEO는 주오대 전략경영대학원을 졸업하고 리쿠르트(Recruit)라는 회사에서 15년 동안 영업, 기업 기획, 신사업 업무를 담당한 뒤 2020년부터 판타스 테크놀로지(FANTAS Technology)에서 빈집 사업 및 크라우드펀딩 사업을 포함한 다양한 신사업 개발 책임자로 일했다. 이후 판타스 테크놀로지에서 빈집 사업부인 ‘타스 레노(Tas Reno)’를 인수해 2023 년 3월 리노뱅크를 설립했다.    ─리노뱅크를 설립한 이유는.  “새로운 사업을 만드는 일을 하면서, 사업은 단순히 수익을 창출하는 데 그쳐서는 안 되며 사회에 기여해야 한다는 확신을 점점 더 가지게됐다. 이러한 신념을 바탕으로 빈집이라는 사회적 문제를 해결하는 데 기여하고 싶었다. 리노뱅크는 고객의 바람을 진심으로 이해한 뒤, 투명하게 리모델링 제안을 하면서 고객들이 기대하는 주택을 만들 수 있도록 돕는다.”  ─리노뱅크는 빈집을 줄이는 것을 목표로 한다. 일본에서 빈집이 문제인 이유는.  “빈집은 주변 경관은 물론 무성한 잡초로 인해 위생 상태를 악화시킨다. 또한 무단 침입으로 인한 범죄 위험이 늘고, 노후화로 인해 구조물이 붕괴할 수 있으며, 방화로 인한 화재 발생 위험도 있다. 빈집은 주변 부동산 가치에도 부정적인 영향을 미친다.”  ─일본 총무성에 따르면 빈집 개수는 2023년 10월 기준 900만2000채다. 일본의 빈집 구성은.  “일본에서 빈집의 종류는 크게 4가지로 나뉜다. 전체 빈집 중 443만 채는 ‘임대용 빈집’, 385만 채는 ‘기타 빈집’, 38만 채는 별장으로사용되는 ‘2차 주택’, 33만 채는 ‘매물로 나온 빈집’이다. 이 중에서 기타 빈집은 사회적 문제를 일으키는 빈집 문제의 핵심이다. 총무성은 기타 빈집을 ‘현재 사용되지 않고 임대나 매물로 시장에 나오지 않는 부동산’이라고 정의한다.”    ─리노뱅크가 초점을 맞추고 있는 빈집은 어떤 유형인가.  “리노뱅크는 매물로 나온 빈집 33만 채에 중점을 둔다. 또한 기타 빈집의 50%인 190만 채의 쓰임을 변경하는 것을 목표로 하는 서비스도 제공한다. 빈집 대책의 핵심은 ‘기타 빈집’을 얼마나 줄일 수 있는가에 달려있다. 기타 빈집이 많은 것은 소유자가 ‘거래가 귀찮다’라거나‘리모델링에 돈을 쓰고 싶지 않다’고 생각하는 경향이 있기 때문이다. 이에 빈집 소유자들이 빈집을 판매하도록 경제적 인센티브를 제공하는 것이 필요하다. 리노뱅크는 빈집 중 주로 중고 단독 주택의 가치를 재발견할 수 있도록 해 빈집 유통 구조를 개혁하려고 한다.”  ─’기타 빈집’을 줄이기 위해 빈집 소유자에게 경제적 인센티브를 줘야 한다고 했다. 하지만 빈집 소유자 입장에선 빈집을 가만히 두면 집가치는 떨어지겠지만, 아무런 비용이 발생하지 않는다. 빈집 소유자가 집을 리모델링하면 비용이 들어간다. 들어가는 비용보다 많은 이득을어떻게 얻을 수 있나?  “말한대로 빈집 소유자는 부동산을 방치하더라도 최소한의 비용만 부담한다. 가장 큰 부담은 재산세와 도시 계획세이지만, 빈집 소유자에게재정적 부담을 주지 않기에 빈집 증가에 일조했다. 이에 일본 정부는 빈집이 방치되는 것을 방지하기 위해 빈집을 철거 또는 보강하거나 상태를 검사하는 데 보조금을 제공했다. 또한 빈집을 무료로 등록할 수 있는 웹사이트도 만들었고, 빈집에 대한 조사도 했다. 기업이 빈집을 유통하도록 장려하기 위한 보조금도 제공했다. 지난해에는 빈집으로 방치할 경우 재산세와 도시 계획세에 대한 특별 세액 혜택을 제거하는 법률도 제정했다. 그러나 이런 노력에도 불구하고 빈집은 계속 증가하고 있다. 따라서 부동산 소유자가 빈집을 내놓으려는 경제적 인센티브가 필요하다는 결론이 나왔다. 빈집 구매자가 사업자인 경우는 리모델링을 통해 가치를 더한 후 재판매하고, 빈집 구매자가 개인인 경우에는 보통 리모델링 후 본인이 거주한다. 개인 투자자의 경우 빈집을 임대 주택 또는 숙박 시설로 활용해 이익을 거둘 수 있다.”  ─리노뱅크는 어떤 서비스를 제공하나.  “크게 3가지다. 첫째, ‘타스리노베(たすリノベ ·tasurinobe)’는 빈집을 포함한 중고 단독주택을 전문으로 하는 부동산 검색 웹사이트다. 인공지능(AI)이 부동산 데이터를 분석해 리모델링 면적과 비용을 계산하고 사용자에게 리모델링 방법을 제안한다. 일반인은 중고 단독주택 매매 가격만 보고 리모델링 비용을 추정하기 힘들지만, 타스리노베를 사용하면 중고 단독주택을 거주할 수 있게끔 바꾸는 데 필요한 비용을 파악할 수 있다. 두 번째 ‘코다테노밸류(コダテノバリュ?·KodatenoValue)’는 사용자가 빈집에 대한 정보를 입력하면 AI가 예상 매매 가격,임대 가격, 빈집을 임대할 수 있게 만드는 데 필요한 리모델링 비용을 계산한다. 세 번째, 빈집 상담 창구인 ‘아키야노 죠단 마도구치’(空き家の相談窓口·Vacant House Consultation Desk)’는 온라인은 물론 면담을 통해 상담을 제공하는 서비스다. 일본의 빈집을 구매하려는 해외 투자자에게 적합하다.”    ─빈집의 상태와 형태에 따라 다르겠지만, 리모델링이 주로 이뤄지는 곳과 비용은.  “리모델링은 크게 구조(기둥·벽·지붕), 수도 시설(화장실·주방·욕실·세면대), 마감(바닥·벽지·천장 마감재), 기타 설비(분배반·대문 기둥)에 이뤄진다. 일반적으로 수명이 초과하면 리모델링하는 것이 좋다. 예를 들어 건축한 지 30년 된 주택을 리모델링할 때 약 1000엔(약9208만 원)이 소요될 수 있지만, 10년 된 주택이라면 약 200만 엔(약 1842만 원)이 필요하다. 또한 비용은 사용하는 재료에 따라 다르다. 타스리노베에서 계산하는 리모델링 비용은 일본에서 가장 널리 구할 수 있는 재료의 단가를 기준으로 한다. 80㎡ 면적의 아파트를 전체 리모델링하는 비용은 약 1500만 엔(약 1억3800만 원)이다. 그러나 필수적인 부분만 리모델링하면 비용은 약 100만~300만 엔(약 920만~2762만 원)으로 줄어든다. 타스리노베는 다양한 리모델링 비용을 제시해 빈집 구매자들이 합리적이고 효과적인 결정을 내릴 수 있도록 돕는다.”  ─‘매물로 나온 빈집 33만 채’를 구매하는 이들은 주로 누구인가.  “빈집을 매입해 리모델링한 후 재판매하려는 기업과 중개업자를 통해 빈집을 매수한 후 리모델링하는 개인이 매물로 나온 빈집을 구매한다. 각각의 비율에 대한 자료는 없으나, 부동산 매물 사이트를 기반으로 보면 빈집을 구매하는 이들 대부분은 재판매를 위해 빈집을 구매한다. 빈집을 재판매하려는 기업은 시장 가지보다 낮은 가격으로 매수할 수 있는 빈집만 구매한다. 즉, 빈집 소유자가 할인된 가격으로 판매하기를 원하지 않으면 빈집을 구매할 수 없다. 이런 구조로 인해 빈집을 재판매하려는 기업이 구매할 수 있는 빈집은 제한적이다.”  ─일본에선 개인이 거주하기 위해 빈집을 리모델링하는 것보다 재판매를 위해 구매한 빈집이 더 많다고 했고, 재판매를 위해 빈집을 구매하려는 기업은 시장 가격보다 낮은 금액의 빈집만 구매하기 마련이라고 했다. 결국 리모델링으로 빈집을 해결하기는 무리 아닐까.  “핵심을 정확히 짚었다. 당신이 말한 대로 단순히 리모델링하는 것만으로는 빈집 문제를 해결할 수 없다. 하지만 빈집이 활용될 수 있는 다양한 방법을 상상해 보자. 토지를 사용하기 위해 빈집을 철거하거나, 호텔이나 레스토랑으로 개조하거나, 임대용 또는 개인 주거용으로 활용할 수도 있다. 이 중 가장 수요가 높은 것은 임대용과 개인 주거용이다. 이에 리노뱅크는 빈집이 임대용과 개인 주거용으로 활용될 수 있게하면 빈집 문제를 해결하는 데 기여할 수 있다고 믿는다. 또한 개인이 기업처럼 빈집을 처리하는 방법을 수행할 수 있다면 빈집 해결에 도움을 줄 수 있다고 생각한다. 리노뱅크는 개인이 스스로 리모델링을 준비할 방법을 제공한다. 이를 통해 ‘빈집 소유자 → 사업자 → 일반 구매자’라는 기존 빈집 유통 흐름을 ‘빈집 소유자 → 일반 구매자’라는 새로운 C2C(개인 간 거래) 모델로 전환할 수 있다. 새로운 접근 방식은 빈집 문제를 보다 효율적으로 해결하는 동시에, 소유자와 구매자 모두에게 더 나은 가치를 제공할 가능성을 열어준다.”    ─리노뱅크가 생각하는 빈집을 줄이는 가장 효과적인 방법은?  “앞서 언급했듯이, 개인이 독립적으로 기존 단독주택을 구매할 수 있도록 하는 것이 가장 효과적인 방법이라고 믿는다. 이 접근 방식은 빈집 문제를 해결하는 데 효과적인 방법일 뿐만 아니라, 개인 구매자가 부동산 시장에서 더 많은 선택권과 자율성을 가질 수 있도록 도울 수 있다. 리노뱅크는 이를 실현하기 위해 필요한 도구와 정보를 제공함으로써, 개인이 기존 주택의 구매 및 활용을 보다 적극적으로 추진할 수 있도록 지원하고자 한다.”  ─일본 내 리노뱅크와 같은 빈집 관련 스타트업은 몇 개인가. 리노뱅크만의 경쟁력은?  “빈집 관련 스타트업은 100개가 넘는 것으로 알고 있다. 리노뱅크의 타스리노베와 비슷하게 부동산과 리모델링을 결합한 판매 방식을 사용하는 스타트업이 여러 곳 있다. 이들과 비교했을 때 타스리노베는 단독 주택에 특화돼 있고, 타스리노베 웹사이트에서 사용자가 직접 부동산을검색할 수 있으며 각 부동산에 대한 리모모델링 예상 비용을 확인할 수 있다. 현재 단독주택에 특화된 부동산 검색 플랫폼은 매우 드물다. 내가 아는 한 단독주택을 대상으로 부동산과 리모델링을 결합한 솔루션을 제공하는 서비스는 타스리노베가 유일하다.”  ─지금까지 리노뱅크가 복원한 빈집은 몇 개인가.  “판타스 테크놀로지 시절인 2017년부터 리노뱅크를 설립한 이후인 2023년까지 총 190채 이상의 빈집을 복원했다. 연평균 약 27개의 빈집을복원한 셈이다.”  ─해외 고객도 있나.  “있다. 해외 고객에는 투자 목적으로 빈집을 구매하려는 고객, 일본으로 이주할 계획이 있는 고객, 휴가용 주택을 구매하려는 고객이 있다. 이들 중에는 구매한 빈집을 단기 임대 숙박 시설로 사용하려는 고객도 있다. 리노뱅크는 과거 해외 고객을 위한 서비스를 웹사이트를 통해 제공했다. 하지만 예상보다 많은 문의가 들어와 지금은 해당 서비스를 일시적으로 중단했다.”  ─한국에도 빈집이 늘고 있다. 한국에 조언을 부탁한다.   (국토교통부가 발표한 ‘2022년 빈집 현황’에 따르면 1년 이상 전기나 상수도를 쓰지 않는 ‘정비 대상 빈집’만 전국에 13만2000채가 있다. 이 중 6만1000채는 인구 감소가 심각한 지방에 있다.)  “한국에서도 주로 신축 주택 위주로 거래가 이뤄지고 중고 단독주택을 리모델링하는 문화가 자리잡지 못한 듯 하다. 내가 이해한 것이 맞다면 일본과 마찬가지로 한국에서도 중고 단독주택 유통이 정체되면서 빈집 문제가 발생할 수 있다. 이를 방지하기 위해선 빈집 소유자가 가능한 한 빨리 시장에 빈집을 내놓는 것이 중요하다. 집이 노후화돼 가치가 떨어지면 시장에 내놓기 어려워지고 빈집 문제는 더욱 심화하기 때문이다. 일본에서는 빈집 문제가 사회적 문제가 된 이후 정부가 빈집 현황을 파악하는 데 상당한 시간을 소요했다. 그 과정에서 빈집 가치는 하락했고, 관리가 불가능해진 빈집 수가 증가했다. 한국에서 이와 유사한 상황이 발생하지 않도록 하려면 빈집 유통을 촉진하는 것이 첫 번째단계라고 생각한다. 초기 단계에서 적극적으로 대응한다면, 빈집 문제를 예방하고 주택 시장의 건강한 순환을 촉진할 수 있을 것이다.”  정미하 기자 viva@chosunbiz.com   Copyrights ⓒ ChosunBiz.com"
91,3,"2025-01-28","06:00:00","[르포] ‘과메기 고장’ 떠받치는 외국인 노동자… 금치된 ‘꽁치’는 고민","지난 20일 새벽 6시 경북 포항시 남구 동해면 구룡포. 달빛만 비추는 깜깜한 새벽이지만, 과메기 덕장에서는 환한 불빛이 새어나왔다. 이곳에서는 새하얀 머리수건과 마스크, 미끌매끌한 앞치마, 고무장갑을 착용한 베트남인 직원 4명이 꽁치를 손질하는 작업에 여념이 없었다. 꽁치를 반으로 갈라 뼈와 내장을 발라내고 모으는 데 걸린 시간은 불과 10~15초뿐. 작업에 얼마나 걸리냐고 묻자, “한 명당 꽁치 1500마리를 손질하는 데 7시간이면 충분하다”는 답이 돌아왔다.    과메기 덕장에는 낮과 밤이 없다. 새벽 2시에 작업을 시작했다는 이들은 조용히 꽁치를 손질하다 잠이 오면 베트남어로 이야기를 나누며 잠을 쫓았다. 밤새 앉아서 작업하지만 “힘든 건 전혀 없다”고 했다. 타지에서 외롭지 않느냐는 질문에 롱(50) 씨는 “가족과 함께 일하러 왔다”며 “이 일을 시작한 지 5년째라 별로 힘들지도 않고, 월급도 많아서 좋다”고 웃었다.  아침 8시 30분, 세척팀이 들어왔다. 한국인 팀장 한 명과 베트남 청년 두 명이다. 두 청년이 배를 갈라낸 꽁치를 깨끗한 물로 여러 번 헹군뒤 건네면, 팀장이 스테인리스 건조대 위에 꽁치를 일정하게 올렸다. 이렇게 건조대에 올려진 수천 마리 꽁치는 24시간 동안 바람을 맞으며우리가 아는 ‘배지기 과메기’로 변한다. 그 후 포장팀 직원들이 껍질을 벗기고 꼬리를 떼어낸 뒤 포장하면, 소비자들에게 선보일 준비가 끝난다.    구룡포는 포항역에서 차로 40분 정도 떨어진 바닷가 마을로, ‘과메기의 고장’이라 불린다. 마을에 들어서면 과메기 식당과 덕장, 과메기 문화관까지 만날 수 있는 ‘과메기 특구’다. 전국 과메기 생산량의 80%는 구룡포에서 난다고 할 정도로, 과메기는 포항의 대표 특산물이다. 찬바람 쌩쌩 부는 과메기철이 되면, 포항 죽도시장에 과메기를 먹으러온 관광객들이 몰려든다. 과거 구룡포의 아이들은 “겨울이 오면 엄마를과메기에 뺏긴다”고 말했을 정도로 과메기 사업이 활발했다.  하지만 최근 구룡포의 상황은 달라졌다. 젊은이들이 수도권으로 일자리를 찾아 떠나고, 고령화로 일손이 부족해졌기 때문이다. 구룡포의 인구는 2010년 1만552명에서 지난해 6629명으로 줄었다. 평균 연령은 61.5세로, 포항시 평균 연령인 46.6세와 비교해도 높은 수준이다. 일손이 부족하고, 과메기 덕장을 이어받을 후계자도 없다보니, 2010년 400개였던 과메기 덕장은 현재는 174개로 줄어들었다.  이제 과메기 덕장은 외국인 근로자들이 떠받친다. 포항시는 2017년부터 과메기 덕장을 대상으로 외국인 계절근로자 제도를 시행하고 있다. 주로 결혼을 통해 한국에 온 이민자의 4촌 이내 가족이나 친척들로, 베트남, 필리핀, 중국, 캄보디아 출신이다. 대개 형제나 부부가 함께 10월에 한국에 입국해 일하고, 이듬해 3월에 본국으로 돌아간다.  외국인 계절 근로자는 매년 늘고 있다. 2017년에는 41개 수산물 업체에 107명이 배정됐으나, 올해는 83개 업체에서 368명이 일하고 있다. 코로나19로 외국인 근로자의 입국이 막혔을 때는 “일손이 부족하다”는 아우성이 나올 정도였다. 19년째 과메기 덕장에서 일하고 있다는 최숙희(54) 씨는 “10년 전만 해도 직원 모두가 한국인이었는데, 지금은 대부분 외국인”이라며 “이 친구들도 한국어를 배우고, 나도 간단한 베트남어를 배워서 소통한다”고 했다.  과메기 덕장에서 외국인 근로자에게 지급하는 금액은 한국인에게 지급하는 것과 비슷하다. 여기에 숙소와 식사도 제공해야 해 오히려 한국인근로자보다 더 많은 비용이 들기도 한다. ‘어느 업체가 돈을 더 준다더라’는 소문이 나면 인력을 빼앗겨버리니, 업체끼리도 경쟁적으로 인건비를 올린다.  상황이 이렇다보니, 일부 업체에서는 수작업하는 공정을 자동화하려는 움직임도 나온다. 하지만, 쉽지는 않다. 생선 특성상 잔가시가 많기 때문이다. 꽁치를 과메기로 만드려면 꼬리가 떨어지지 않게 작업해야 해 난이도가 높다.  ◇ ‘금치된 꽁치’에 서민 음식 타이틀 잃은 과메기… 매출도 감소   구룡포 어민들의 고민은 여기서 끝이 아니다. 가장 큰 문제는 ‘작아지고 비싸진 꽁치’다. 지구 온난화로 바다 수온이 상승하면서 꽁치수가급격히 감소하고 크기도 작아진 것이다.    해양수산부에 따르면, 우리 연안에서의 꽁치 어획량은 2000년 1만9884t에서 2023년 256t으로 급격히 줄었다. 북태평양의 꽁치 어획량도 2만4457t에서 3107t으로 줄었다. 꽁치 어획량이 감소하니 가격도 오를 수밖에 없었다. 한국농수산식품유통공사(aT)에 따르면, 수입산 냉동 꽁치 5 마리의 가격은 2020년 1월 3000원대였으나, 현재는 7000원을 넘었다.  과메기 가격이 오르자, 소비자들은 “더이상 서민음식이 아니다”라며 과메기를 외면하는 분위기다. 젊은 층의 외면으로, 과메기 소비자층이늘어나지 않는 것도 과메기 어민들의 고민이다. 지난해 포항 구룡포 과메기 업체의 매출액은 570억원으로, 10년 전(750억원)에 비해 24% 줄었다. 장천수 보성수산 대표는 “과메기가 서민 음식이 아닌 고급 음식이 되어버렸다”며 “과거보다 꽁치 크기도 작아져 판매하는 데 고민이많다”고 말했다.  포항시와 과메기 덕장은 매출 감소 상황을 타개하기 위해 여러 방안을 모색 중이다. 젊은 층을 겨냥해 다양한 홍보행사를 진행하고, 과메기를 활용한 김밥 등 다양한 음식을 선보인다. 또 과메기 품질을 개선하고, 고품격 과메기를 소량으로 생산하여 브랜딩화하는 한편, 수출 다각화를 통해 매출을 확대하겠다는 계획이다.  포항시 관계자는 “과메기 품질을 개선하고 소량이라도 고품격으로 생산해 브랜딩화하고자 한다”며 “유통업계와 미주 지역으로 과메기를 포함한 수산물 수출 방안을 검토하고 있다”고 밝혔다.  포항=안소영 기자 seenrun@chosunbiz.com   Copyrights ⓒ ChosunBiz.com"
91,4,"2025-01-28","06:00:00","명절에도 주식앱 켜는 서학개미들... 작년 추석 땐 평일 거래대금 뛰어넘어","‘서학개미(미국 주식 개인 투자자)’ 상당수가 명절에도 해외주식 거래를 이어가는 것으로 집계됐다. 특히 도널드 트럼프 2기 행정부 출범과 함께 변동성이 큰 장세가 나타나면서 올해 설 연휴에도 매매 열기가 식지 않을 전망이다.  28일 국내 A증권사에 따르면 2024년 설 연휴(2월 9~12일) 때 한번이라도 홈·모바일트레이딩시스템(HTS·MTS)으로 해외주식 계좌에 접속한 고객 수는 전년 설 연휴 때보다 33% 증가했다. 2024년 추석 연휴(9월 16~18일) 때도 전년 추석 연휴 대비 접속 고객 수 증가세가 이어졌다.  A증권사 관계자는 “명절에 HTS나 MTS를 접속하지 않는 고객이 더 많다”면서도 “갈수록 해외주식 창을 확인하는 고객이 늘어나고 있다”라고 했다.    특히 2023년 설 연휴 때는 하루만 접속한 투자자 비중이 58%, 하루 넘게 접속한 투자자 비중이 42%로 격차가 16%포인트였다. 하지만 지난해설 연휴 때는 비중 차이가 53%대 47%로 6%포인트에 그쳤고, 지난해 추석 연휴 때는 하루 넘게 접속한 투자자 비중이 62%로 올라서며 역전했다. 그만큼 명절에도 자주 접속해 계좌를 확인하는 투자자가 늘고 있다는 의미다.  투자자들은 명절에도 미국 시장의 대형 이벤트에 적극적으로 대응했다. 예를 들어 지난해 추석 연휴는 미국 연방공개시장위원회(FOMC) 정례회의 직전으로 시장에서 기대와 우려가 교차하던 때였다. 실제로 연방준비제도(Fed)는 9월 정례회의에서 ‘빅컷(기준금리 0.5%포인트 인하)’에 나서면서 4년여 만에 금리 인하 시대의 문을 열었다.  한국예탁결제원에 따르면 당시 하루 평균 미국 주식 거래량은 6만3100주, 거래대금 규모는 2억520만달러(약 2740억원)였다. 같은 달 하루 평균 거래량과 거래대금 규모보다 각각 33.7%, 10.6% 많았다.  물론 명절이라고 선호하는 주식이 바뀌거나 거래 행태가 달라지지는 않았다. 테슬라와 엔비디아, 애플 등 이른바 ‘매그니피센트 7′ 종목이나 ‘SOXL(미국 반도체 지수 일일 상승률 3배 추종)’과 ‘TSLL(테슬라 일일 주가 상승률 2배 추종)’와 같은 레버리지 상장지수펀드(ETF)가명절 기간에도 순매수 상위 종목에 이름을 올렸다.  명절에 A증권사 HTS·MTS를 접속해 해외주식 계좌를 확인한 고객 연령대는 지난해 설 연휴 기준 40대가 31%로 가장 많았다. 이어 ▲30대 30% ▲50대 17% ▲20대 이하 16% ▲60대 이상 6% 순이었다. 평소 거래 빈도가 활발한 연령대 비중과 비슷했다.  도널드 트럼프 2기 행정부가 출범한 가운데 올해 설 연휴 기간 미국 FOMC가 예정돼 있어 서학개미들은 분주히 거래를 이어갈 것으로 보인다. 오는 29일 설날부터 메타와 아마존, 마이크로소프트, 알파벳 등 미국 주요 기업의 실적 발표가 이어진다. 30일 유럽중앙은행(ECB)의 통화정책회의 등도 눈여겨봐야 할 이벤트로 꼽힌다.  권오은 기자 oheun@chosunbiz.com   Copyrights ⓒ ChosunBiz.com"
91,5,"2025-01-28","06:00:00","[증시한담] “또 바뀌었대?”… ‘독이 든 성배’로 불리는 운용사 ETF 임원 자리","요즘 국내 자산운용업계엔 상장지수펀드(ETF) 관련 임원 자리를 ‘독이 든 성배’에 비유하는 사람이 많습니다. 보통 영광스럽거나 매력적인제안이긴 한데, 받아들이는 순간 큰 고통을 각오해야 하는 일에 독이 든 성배란 표현을 쓰죠. 자산운용사 ETF 임원은 어쩌다가 ‘신성(神聖) 하지만 목숨을 앗아갈 정도로 위험한 술잔’과 비교되는 처지에 놓였을까요.    시계를 살짝 앞으로 돌려보겠습니다. 이달 13일 KB자산운용은 노아름 ETF운용실장을 ETF사업본부장으로 승진 발령했습니다. 이 인사에 업계관심이 쏠렸는데요. KB자산운용이 ETF사업본부장을 외부에서 영입한 지 1년밖에 되지 않은 시점이었기 때문입니다. 1년 전 KB자산운용은 한국투자신탁운용에서 일하던 김찬영 씨를 영입해 ETF사업본부장 자리를 맡겼습니다.  KB자산운용은 김 전 본부장 주도로 ETF 브랜드 이름을 ‘KBSTAR(KB스타)’에서 ‘RISE(라이즈)’로 바꾸고 대대적인 마케팅에 나섰습니다. 그러나 결과는 기대에 미치지 못했습니다. KB자산운용은 삼성·미래에셋 양강 구도를 조금도 흔들지 못했고, 한국투자신탁운용에는 되레 추격을 허용했습니다. 김 전 본부장은 실적 부진의 책임을 지고 사의를 표명한 것으로 전해집니다.  김 전 본부장 이전에도 ETF 관련 임원 이동은 잦았습니다. 김 전 본부장 전임자인 금정섭 씨는 작년 초 한화자산운용 ETF사업본부장으로 이동했고, 금정섭 본부장에게 자리를 내준 김성훈 씨는 현재 iM에셋자산운용으로 둥지를 옮긴 상태입니다. 김승현 한국투자신탁운용 ETF컨설팅담당은 하나자산운용 ETF총괄본부장으로 명함을 바꿨죠.  또 NH-아문디자산운용은 ETF투자본부장을 김현빈 씨에서 김승철 씨로 바꿨습니다. 삼성자산운용은 작년 말 블랙록자산운용 한국 대표 출신인박명제 씨를 ETF사업부문장으로 영입했습니다. 미래에셋자산운용에서 전략ETF운용본부를 책임지던 이경준 씨는 최근 키움투자자산운용으로 이직을 결정했습니다.    일부 운용사에선 ETF 임원 교체 과정에서 뒷말이 나오기도 했습니다. 어떤 이와 관련해선 전 직장에서 징계받은 사실이 뒤늦게 문제가 됐다는 말이 돌았고, 어떤 이에 대해선 마케팅 예산을 사적으로 쓰다가 잘렸다는 루머가 퍼졌습니다.  이쯤 되면 ‘독이 든 성배’란 표현이 나온 이유를 알 것도 같습니다. 운용사들이 ETF 담당 임원을 수시로 교체하는 건, 그만큼 이 시장에서사업자 간 경쟁이 치열하고 또 성과를 내기 어렵다는 의미겠죠. 금융투자협회에 따르면 국내 ETF 시장의 순자산총액은 현재 180조원을 돌파한 상태입니다. 그러나 지난해 ETF로 100억원 넘는 운용수익을 낸 운용사는 미래에셋·삼성·한투·KB 등 4곳에 불과한 실정입니다.  사실 100억원이면 감사한 일입니다. 허들을 ‘운용수익 10억원 이상’으로 확대해도 단 11곳에 불과합니다. 중소형사인 트러스톤자산운용(8000만원)과 교보악사자산운용(8000만원), 흥국자산운용(7000만원), KCGI자산운용(6000만원), IBK자산운용(1000만원) 등의 지난해 운용수익은 1 억원에도 못 미칩니다.  자산운용업계의 치열한 ETF 경쟁은 앞으로도 이어질 겁니다. 많은 운용사가 침체 수렁에 빠진 공모펀드를 대신할 미래 먹거리로 ETF를 점찍었기 때문이죠. 그 격한 경쟁 과정에서 누군가는 영전의 영광을, 누군가는 실직의 아픔을, 누군가는 이직의 기회를 계속 마주할 겁니다. 부디이 혼돈의 인사이동이 궁극적으로는 한국 ETF 시장의 질적 성장으로 연결되길 바랄 뿐입니다.  전준범 기자 bbeom@chosunbiz.com   Copyrights ⓒ ChosunBiz.com"
91,6,"2025-01-28","06:00:00","24兆 체코 원전 최종 계약 임박… “15년간 1조원 이상 지역경제 유입”","한국수력원자력(한수원)을 주축으로 한 ‘팀 코리아(Team Korea)’가 체코 두코바니 지역에 신규 원자력 발전소 2기를 짓는 사업에 대한 최종 계약 체결을 앞둔 가운데, 원전 건설로 현지에 1만여 명의 인구가 유입되는 등 경제적 파급 효과가 상당할 것이란 분석이 나온다. 두코바니원전 2기의 예상 사업비는 약 24조원으로 추산된다.  28일 원전 업계와 외신 등에 따르면 체코 정부는 두코바니 지역에 신규 원전 2기를 짓는 것과 관련해 예상되는 위험, 기대 효과 등을 토대로오는 6월까지 국가 행동계획을 작성할 예정이다. 컨설팅 업체 KPMG가 체코 지역개발부의 의뢰를 받아 지난해 3월부터 9월까지 자료를 수집해신규 원전 건설로 예상되는 파급효과를 보고서로 작성했다. 이를 토대로 국가 행동계획을 만들어 우려되는 상황에 대비한다는 구상이다.    두코바니는 수도 프라하에서 약 170㎞ 떨어진 곳으로 차로 두 시간가량 걸린다. 2022년 기준 약 880명이 거주하는 소도시로, 원전이 지역 경제에 중요한 역할을 맡고 있다. 신규 원전 2기가 착공되는 2030년까지 인구가 대거 유입되면 지역 경제에 활기가 돌 것이란 기대가 크다.  보고서는 두코바니 지역에 신규 원전이 지어지는 동안 1만여 명이 유입될 것으로 봤다. 원전 2기 건설에만 3000명의 노동력이 투입될 전망이다. 유입 인구가 늘면서 2034년까지 약 3000채의 신규 주택이 필요하고 약 1000개의 기업이 새로 생길 수 있다고 보고서는 전망했다. 특히 건설, 운송, 무역 산업이 혜택을 볼 것으로 예상했다.  두코바니 5·6호기의 상업 운전 시기는 2036년으로 예상된다. 보고서는 향후 15년간 두코바니 지역에 약 2300억~2500억 코루나(약 1조3600억~1조4800억원)가 유입될 것으로 추산한다. 거주자가 늘면 지방자치단체 세수도 15억 코루나(약 887억원)로 늘어날 전망이다.  반면 인구 증가에 따른 도로 혼잡, 의료 서비스 악화, 인프라(기반시설) 부족 등은 우려 요소로 꼽힌다. 국가 행동계획에는 이런 문제점을 보완하는 내용이 담길 예정이다. 두코바니 지역은 현재 인구가 적고, 도심에서 떨어진 곳이라 철도, 대중교통 개선 등이 필요하다. 근로자들을위한 도로 구축, 대중교통 연결성을 높이는 방안도 필요하다.  지역 의료 수준은 낮은 편으로 갑자기 인구가 늘면 서비스 질이 더 낮아질 수 있다. 원전 건설 초기엔 건설업 근로자들이 대거 유입되는데,기술·행정 인력이 부족할 수도 있다. 가족 이주에 대비한 교육 시설, 문화·여가 시설이 부족한 점도 대비해야 하는 부분이다.  페트르 피알라 체코 총리는 “지역사회에 미치는 영향을 예측하고, 해결하기 위해 국가 행동계획을 제출할 예정이다. 부정적인 영향을 빠르게 해결하기 위한 체계를 만들겠다. 신규 원전 건설과 관련한 위험을 과소평가하지 않고, 예방하겠다”고 말했다.  이인아 기자 inah@chosunbiz.com   Copyrights ⓒ ChosunBiz.com"
91,7,"2025-01-28","06:00:00","[정책 인사이트] 설 맞아 민생회복지원금 주는 지자체들… 경기 활성화 효과는 미지","전국 지자체 10여곳이 설 명절을 맞아 ‘민생 회복 지원금’을 주민들에게 지급하고 있다. 지역 화폐나 상품권으로 주민 전체에게 1인당 적게는 10만원, 많게는 50만원을 주는 것이다. 지역 경기 활성화가 목표라고 한다.  하지만 반론도 있다. 민생 회복 지원금을 주는 지자체는 재정 자립도가 평균보다 낮은 것으로 나타났다. 그런데 지원금 지급에 50억~500억원대 예산을 쓴다고 한다. 지원금을 주민의 소득 수준이나 재정 상태와 관계없이 보편적으로 지급하면 효과가 적다는 연구 결과도 있다.  ◇12개 지자체, 지역 주민에게 민생지원금 지급  28일 전국 지자체를 종합해 보면 설 연휴를 맞아 지역 주민들에게 민생 회복 지원금을 주기로 한 지자체는 총 12곳이다.  전북에서 김제, 완주, 정읍, 남원, 진안 등 5곳이 지원금을 준다. 또 전남에서는 영광, 나주, 보성 등 3곳이 지원금을 지급하기로 했다. 경기 파주·광명, 충북 음성, 강원 정선 등도 마찬가지다.  가장 많은 금액을 주는 곳은 전남 영광과 전북 김제다. 1인당 50만원을 준다. 앞으로 영광은 추석 때도 1인당 50만원을 지급할 계획이다. 나머지 지자체들은 10만~30만원씩 나눠준다.  이를 위해 지자체들은 작년 확정했던 올해 예산안을 다시 짰다고 한다. 올해 계획했던 사업 일부를 내년도로 미루거나 아예 접은 것이다. 이렇게 다시 짠 예산안은 시·군의회의 추가경정예산 등의 절차를 거쳐 확정됐다.  민생 회복 지원금 지급을 위해 가장 많은 예산을 편성한 곳은 전남 영광(524억원)이다. 설과 추석에 1인당 50만원씩 지급할 비용을 모두 반영한 것이다. 이어 경기 파주(520억원), 전북 김제(404억원), 전북 정읍(308억원), 전북 완주(300억원), 경기 광명(295억원), 전북 남원(232억원) 등의 순이다. 이외 나머지 지자체들은 100억원 안팎의 예산을 마련했다. 전남 나주(117억원), 전남 보성(112억원), 강원 정선(100억원), 충북 음성(93억원), 전북 진안(48억원) 등이다.    ◇지원금 주는 지자체 모두 재정자립도 전국 평균 미달   민생 회복 지원금 지급을 확정한 지자체 12곳의 재정자립도는 모두 전국 평균(48.6%)을 밑도는 것으로 나타났다.  전남 보성의 경우 재정자립도가 9.8%로 한 자릿수에 그쳤다. 이어 재정 자립도가 10%대인 지자체가 7곳이다. 전북 남원(11.3%), 전남 영광(12.1%), 전북 김제(12.5%), 전북 정읍(13.6%), 전북 진안(16%), 전남 나주(16.8%), 강원 정선(15.4%) 등이다.  다른 지자체의 재정 자립도는 전북 완주가 20%, 충북 음성이 24%로 각각 나타났다. 경기 광명(44.5%)과 파주(36%)는 이들 지자체보다는 재정자립도가 높지만, 전국 평균보다는 낮았다.  안동현 서울대 경제학과 교수는 “재정자립도가 낮은 지자체들은 민생 회복 지원금 지급으로 향후 (예산이) 부족해지면 시도 등에 추가로 재정 교부를 요청해야 할 것”이라며 “이렇게 되면 결국 일부 지자체를 위해 정부 재원이 투입되는 것이다”고 했다.    ◇지역 경기 활성화 vs “보편 지급은 효과 없다”  민생 회복 지원금의 효과를 두고는 의견이 분분하다. 지자체들은 민생 회복 지원금이 지역 경제 활성화에 큰 역할을 할 것으로 보고 있다.  하지만 코로나19가 심각했던 지난 2020년 전 국민에게 지급됐던 재난 지원금의 경제적 효과가 제한적이었다는 분석도 있다. 한국개발연구원(KDI)은 재난 지원금(14조3000억원)의 투입 비용 대비 소비 증대 효과가 최대 36.1%였다는 연구 결과를 내놓은 바 있다. 전체 재원의 약 3분의2는 별다른 효과를 못 냈다는 이야기다.  이에 따라 취약계층 등을 선별해 지원하는 게 효과적이라는 지적이 나온다. 김상봉 한성대 경제학과 교수는 “지원금을 받은 주민들의 추가소비로 이어지지 않으면 효과는 한정적일 것”이라며 “주민들 모두에게 주는 것보다 1인당 지급액을 높이더라도 취약계층 등에 집중하는 게효과적”이라고 했다.  안동현 교수는 “앞서 코로나19 재난 지원금 투입을 통해 전 국민 지원은 효과가 미미했던 것으로 나타났다”며 “일부 지자체에서 포퓰리즘을 남발하는 것은 문제”라고 했다.  김양혁 기자 present@chosunbiz.com   Copyrights ⓒ ChosunBiz.com"
92,1,"2025-01-28","05:50:45","'美 AI 패권 강타' 中딥시크 ""신규 이용자 등록 일시 제한""","[머니투데이 심재현 기자]   챗GPT에 필적하는 인공지능(AI) 모델로 돌풍을 일으키고 있는 중국 AI 스타트업 딥시크가 28일 대규모 사이버 공격으로 일시적으로 신규 등록을 제한한다고 발표했다.   CNBC 등 외신에 따르면 딥시크는 이날 자사의 AI 앱 신규 이용자 등록이 불가능한 상황이라며 ""대규모의 악의적 공격""을 받았다고밝혔다. 딥시크는 사이버 공격의 구체적인 내용은 밝히지 않았다.   기존 사용자는 평소처럼 접속할 수 있지만 신규 사용자 등록은 제한된 상태다.   딥시크는 미국 등 서구 AI 업체가 AI 언어모델 훈련에 들린 비용의 10분의 1도 안 되는 자금으로 챗GPT에 필적하는 생성형 AI를 개발, 공개하면서 미국 빅테크업계와 시장에 충격을 주고 있다.   딥시크는 지난달 말 무료 오픈소스 대형 언어 모델 '딥시크-V3'을 출시하면서 600만달러(약 87억원) 미만의 비용으로 단 2개월 만에 개발했다고 밝힌 데 이어 지난주 챗GPT 개발사 오픈AI의 최신 모델 'o1'보다 뛰어난 성능을 보인 것으로 알려진 추론 모델 'R1'을 출시했다.   딥시크 돌풍은 'R1'이 오픈소스로 풀리면서 AI 개발자들 사이에서 성능과 추론 능력에 대한 호평이 나오면서 급속도로 확산했다.미국 애플 앱스토어에서 딥시크의 AI 서비스 애플리케이션(앱)은 무료 다운로드 앱 부분 1위를 기록했다.   실리콘밸리의 대표 벤처투자가인 안드레센 호로위츠(a16z)의 마크 안드레센 창업자는 X(옛 트위터)에 올린 글에서 ""딥시크 R1은 지금까지 본 것 중 가장 놀랍고 인상적인 혁신 중 하나""라며 ""AI 분야의 스푸트니크 모멘트""라고 평가했다.   스푸트니크 모멘트는 기술우위를 자신하던 국가가 후발 주자의 앞선 기술에 충격을 받는 순간을 가리키는 용어로 1957년 옛 소련이 최초의 위성 스푸트니크 1호를 미국보다 먼저 발사한 데서 나왔다.   미 언론에 따르면 딥시크는 약 80억달러(11조5000억원)의 자산을 관리하는 중국 헤지펀드 '하이플라이어 퀀트'가 2023년 설립한 AI 연구소에서 분리된 스타트업으로 알려진다.   딥시크 충격으로 시장에서 미국이 AI 분야를 선도하지 못하는 게 아니냐는 경감심이 커지면서 AI 대장주 엔비디아가 장중 17% 급락하는 등 기술주가 약세를 보이고 이다.     [관련기사] ☞ '결혼' 경사 앞두고 뿔난 김종민 ""속지마세요"" 고발 나선다 ☞ 전한길 ""난 노사모 출신""…노무현재단 ""법적 대응"" ☞ ""다른 남자와 잠자리 강요""…이혼 변호사도 당황 ☞ '상습도박' 슈, SES 자료화면서 모자이크 '굴욕' ☞ 집 곳곳에 커플사진?…지상렬, 동거녀 공개   심재현 기자 urme@mt.co.kr     키워드림론 최대 4배 주식자금 & 고금리 대환상품 한도 오픈! (1644-6960)   [무료운세] 믿어야 돼 말아야 돼? 종목매수전에 믿고보는 '오늘의 운세'        [파워 인터뷰]       매수전에 점 부터 보고 가실께요 -> 오늘의 운세 [복채무료]      ⓒ 머니투데이 & mt.co.kr, 무단 전재 및 재배포 금지"
92,2,"2025-01-28","05:49:56","업데이트 1-러시아, 치시나우 주재 몰도바 대사 소환, 모스크바 최고 외교관 추방 요구","UPDATE 1-Russia summons Moldovan ambassador over calls to expel Moscow's top diplomat in Chisinau   모스크바, 1월 27일 (로이터) - 러시아는 월요일 몰도바 정당이 치시나우 주재 러시아 대사에 대해 ""근거 없는 비난""을 한 것에 항의하기 위해 모스크바 주재 몰도바 대사를 소환했다고 러시아 외무부가 밝혔다.  외교부는 성명에서 익명의 정당이 러시아 대사를 추방하고 러시아 대사관의 업무를 제한 할 것을 촉구했다고 밝혔다.  도린 리칸 몰도바 총리는 이번 대사 소환이 몰도바의 분리주의자인 트란스드니에스트리아 지역의 에너지 위기에 대한 러시아 대사관의몰도바 당국에 대한 서한이 유출된 것과 관련이 있다고 말했습니다.  리칸은 기자들에게 우크라이나가 러시아 가스 운송을 허용하는 운송 계약 연장을 거부한 이후 전력 공급과 겨울철 난방 중단으로 어려움을 겪고 있는 이 지역에 러시아 회사가 가스를 공급하지 않을 것이라고 말했다고 전했습니다.  그는 대사나 러시아 대사관에 대한 위협에 대해서는 언급하지 않았습니다. 몰도바 외무부는 아무런 언급도 하지 않았습니다.  마이아 산두 몰도바 대통령은 토요일 우크라이나의 볼로디미르 젤렌스키 대통령에게 러시아가 친모스크바 정부를 집권시키려는 의도로 자국의 에너지 위기를 조율하고 있다고 말했습니다.  러시아는 몰도바 내정에 대한 간섭을 부인합니다.     (Reporting by Reuters and by Alexander Tanas in Chisinau; Writing by Lucy PapachristouEditing by Andrew Osborn, Ron Popeski and Paul Simao)  Lucy.Papachristou@thomsonreuters.com     (c) Copyright Thomson Reuters 2020. Click For Restrictions - https://agency.reuters.com/en/copyright.html        Keywords: UKRAINE-CRISIS/RUSSIA-MOLDOVA (UPDATE 1, PIX)   원문 바로가기    DISCLAIMER  레피니티브의 사전, 서면 승인 없는 톰슨로이터 콘텐츠의 재생산이나 재배포는 금지되어 있습니다. 이 기사의 한국어 번역은 에프앤가이드가 사용하는 기계적 번역에 의한 것으로 톰슨로이터와 레피니티브는 번역의 정확성을 보증하지 않습니다."
92,3,"2025-01-28","05:47:59","딥시크 공포가 안전자산 흐름을 촉발하면서 미국 국채 수익률이 몇 주 만에 최저치로 떨어졌습니다.","TREASURIES-US yields skid to multi-week lows as DeepSeek fear triggers safety flows    뉴욕, 1월 27일 (로이터) - 투자자들이 국채의 안전성을 추구하고 중국 할인 인공지능 모델의 등장으로 기술주가 하락하면서 월요일 미국 국채 금리는 몇 주 만에 최저치로 떨어졌고, 증시는 가파른 하락세를 보였습니다.  미국 5년물 국채의 견조한 경매로 국채 입찰이 늘어나면서 수익률이 더욱 하락했습니다.  벤치마크 10년 만기 국채 수익률은 4주 만에 최저치로 떨어졌고, 마지막으로 9.5 베이시스 포인트 하락한 4.534%로 거의 2주 만에 가장 큰 하루 하락폭을 기록했습니다. 20년물과 30년물 채권 수익률도 모두 4주 만에 최저치로 떨어졌습니다.  일반적으로 연방준비제도 정책 기대치와 연동되는 2년물 수익률은 7주 만에 최저치로 떨어졌고, 마지막으로 7.5bp 하락한 4.197% 를 기록했습니다. 3년물, 5년물, 7년물 수익률은 모두 6주 최저치로 하락했습니다.  특히 전 세계적으로 기술주가 하락하면서 채권은 상승했습니다. AI의 수익성에대한 투자자들의 믿음과 하이테크 칩에 대한 업계의 열렬한 수요로 인해 인기가 높아졌습니다.  월스트리트 지수는 오후 거래에서 하락했고, 나스닥 지수는 이날 3.6% 하락했습니다. AI 대기업인 엔비디아는 월요일에 17.3% 하락한 117.96달러를 기록했습니다.  ""딥시크 소식에 미국 금융시장은 안전자산 선호 현상이 나타나고 있습니다.""라고 뉴욕의 FHN 파이낸셜의 거시 전략가인 윌 컴퍼놀은 말했습니다. 그러나 수요일 연준의 정책 결정 회의가 다가옴에 따라 그 영향은 이미 사라지고 있다고 그는 지적했습니다.     수율 곡선이 평평해집니다.  미국 국채 수익률 곡선이 평평해지거나 가파르지 않아 안전자산 회피로 인해 장기 금리가 단기 금리보다 빠르게 하락하는 이른바 불 플랫화 시나리오를 반영하고 있습니다. 2년 만기 국채와 10년 만기 국채 수익률의 격차는 금요일 후반의 35.1에 비해 33.3bp로 좁혀졌습니다.  또한 월요일에 미국 재무부는 690억 달러의 2년물 국채와 700억 달러의 5년물 국채를 경매에 부쳤습니다. 5년물 경매는 견조한 실적을 보인 반면, 2년물 경매의 통계는 약간 약세를 보였습니다.  2년 만기 채권 경매의 가격은 입찰 마감 시 예상대로 , 로 결정되었습니다. 그러나 수요 지표인 호가 대비 커버리지 비율은 2.66으로 평균 2.68에 비해 높았습니다. 딜러가 공급의 13.7%를 차지했는데, 이는 평균 12%보다 높은 수치로 이 시장 부문이 전반적인 약세 수요를 만회하기 위해 개입해야 함을 시사합니다.  분석가들은 국채 가격이 경매에 들어가면서 얼마나 많이 올랐는지를 고려할 때 2년간의 약한 선호도는 이해할 수 있다고 말했습니다.  5년 만기 채권 매각은 입찰 마감 시점의 예상 금리보다 낮은 , 의 높은 수익률로 마감되었습니다. 이는 투자자들이 예상보다 낮은 금리를 기꺼이 받아들인 건전한 수요를반영한 것입니다.  1,677억 달러가 입찰되어 낙찰가율은 2.40으로 지난달과 변동이 없었으며 평균 낙찰가율인 2.38보다 약간 높았습니다.  시장은 수요일 연방공개시장위원회 회의가 끝날 때 연준의 금리 결정에 주목하고 있습니다. 시장 참여자들은 연준이 기준금리를 4.25%~4.50% 범위에서 유지할 것으로 예상하고 있으며, 이는 ""비둘기파적 일시정지""라고 표현하고 있습니다.  ""연준은 새 행정부의 정책을모른 채 행동하지 않을 것입니다.""라고 BNY 인베스트먼트의 수석 이코노미스트 빈센트 라인하트는 말합니다.  ""그들은 지침을 제공하는데 있어 곤란한 입장에 처해 있습니다. 특정 정부 정책에 따라 달라지는 예측을 설명할 수 없기 때문이죠.""  최근 주식 매도로 인해 미국 금리 선물 시장은 올해 51bp 인하, 즉 금요일 말 36bp에서 25bp씩 두 차례의 금리 인하를 책정했다고 LSEG 계산에 따르면 밝혔습니다. 이번 달 대부분의 금리 시장은 단 한 번의 금리 인하로 가격을 책정했습니다.              (Reporting by Gertrude Chavez-Dreyfuss; Additional reporting by Alun John in London; Editing by Toby Chopra, Alison Williams and Richard Chang)  gertrude.chavez@thomsonreuters.com ; 646-301-4124) )     (c) Copyright Thomson Reuters 2020. Click For Restrictions - https://agency.reuters.com/en/copyright.html        Keywords: USA-BONDS/ (UPDATE 2)   원문 바로가기    DISCLAIMER  레피니티브의 사전, 서면 승인 없는 톰슨로이터 콘텐츠의 재생산이나 재배포는 금지되어 있습니다. 이 기사의 한국어 번역은 에프앤가이드가 사용하는 기계적 번역에 의한 것으로 톰슨로이터와 레피니티브는 번역의정확성을 보증하지 않습니다."
92,4,"2025-01-28","05:47:36","엔버릭 바이오사이언시스(ENVB) 잠정실적(수정)공시 발생 알림","1월 27일, 나스닥기업 엔버릭 바이오사이언시스(ENVB)의 잠정실적(수정)에 관한 수정공시가 발표됨.  자세한 내용은 다음의 링크내용(영문)을 확인하기 바랍니다.  https://www.sec.gov/Archives/edgar/data/890821/000149315225003676/form8-ka.htm   * 이용상의 주의 사항  금융시장의 변동에 따라 실적 발표 일정과 공시는 지속적으로 변동됩니다. 본 서비스는 미국 실적 공시를 실시간 데이터화 하여 제공함에 있어 공시의 오류, 데이터 수집 프로세스상의 에러 및 지연 등 다양한 서비스상의 오류와 지연이 있을 수 있습니다. 본 서비스를 이용함에 있어 그 이용에 따르는 책임은 이용자 본인에게 있으며, 어떠한 거래 손실이나 다른 손실에 대해서도 책임지지 않습니다."
92,5,"2025-01-28","05:45:30","요약-아마존, 아마존 월드와이드 식료품점 부사장 겸 홀푸드 마켓 CEO로 제이슨 부첼 임명","BRIEF-Amazon Announces Jason Buechel As VP Of Amazon Worldwide Grocery Stores & CEO Of Whole Foods Market  1월 27일(로이터) - 아마존 :  아마존, 아마존 글로벌 식료품점부문 부사장 겸 홀푸드 마켓 CEO로 제이슨 뷰첼 임명   Further company coverage:      Reuters.Briefs@thomsonreuters.com        (c) Copyright Thomson Reuters 2020. Click For Restrictions - https://agency.reuters.com/en/copyright.html   원문 바로가기    DISCLAIMER  레피니티브의 사전, 서면 승인 없는 톰슨로이터 콘텐츠의 재생산이나 재배포는 금지되어 있습니다. 이 기사의 한국어 번역은 에프앤가이드가 사용하는 기계적 번역에 의한 것으로 톰슨로이터와 레피니티브는번역의 정확성을 보증하지 않습니다."
92,6,"2025-01-28","05:45:02","파케뱅코프(PKBK), 고위 임원 퇴직 및 후임자 임명","파케뱅코프(PKBK, PARKE BANCORP, INC. )는 고위 임원이 퇴직했고 후임자가 임명됐다.  27일 미국 증권거래위원회에 따르면 2024년 10월 31일, 파케뱅코프의 수석 부사장 겸 최고 신용 책임자인 폴 E. 팔미에리가 퇴직했다.  이후 2024년 11월 1일,제임스 B. 메도우스가 공석을 채우고 2025년 1월 21일 보상 위원회에 의해 수석 부사장 겸 최고 신용 책임자로 공식 승인됐다.  이와관련하여, 파케뱅코프는 1934년 증권 거래법의 요구에 따라 이 보고서를 서명하여 제출했다.서명자는 조너선 D. 힐로, 그는 수석 부사장 겸최고 재무 책임자다.이 보고서는 2025년 1월 27일에 작성됐다.  ※ 본 컨텐츠는 AI API를 이용하여 요약한 내용으로 수치나 문맥상 요약이 컨텐츠 원문과 다를 수 있습니다. 해당 컨텐츠는 투자 참고용이며 투자를 할때는 컨텐츠 원문을 필히 필독하시기 바랍니다. 원문URL(http://www.sec.gov/Archives/edgar/data/1315399/000131539925000005/0001315399-25-000005-index.htm)  데이터투자 공시팀 pr@datatooza.com  이 기사는 투자 참고용으로 이를 근거로 한 투자 손실에 대해 책임을 지지 않습니다. 해당 기사는 이데일리와 무관합니다. 기사는 데이터투자(www.datatooza.com)가 제공한 것으로 저작권은 데이터투자에 있습니다. 기사 내용 관련 문의는 데이터투자로 문의하시기 바랍니다.    ＜ⓒ종합 경제정보 미디어 이데일리 - 무단전재 & 재배포 금지＞    "
92,7,"2025-01-28","05:44:00","""요즘 어때?"" 묻고는 본인 자랑만…A부장의 '부머라스킹'[글로벌美生]","[머니투데이 김하늬 기자] #""이번 연휴에 뭐해?"" 퇴근 전 A부장이 자리로 와 묻는다. '어디서부터 어디까지 말 해야 하나' 머릿속이 복잡해진 당신. 우물거리며 망설이는 찰나 A부장이 먼저 입을 연다. ""나는 오늘 밤에 비행기 탈거야. 27일 대체휴일이니까 31일 연차 내면 9일 연휴잖아. 유럽 비행기표는 언제 이렇게 비싸진거야? 스페인은 1월에도 따뜻하겠지?"" 그렇게 A부장의 생생한 여행 계획은 30분간 지속됐다.   누군가 내게 질문하며 다가올 때 진심으로 관심을 표현하는줄 착각하기 쉽다. 하지만 자신의 얘기를 하려고 말문을 트려 질문을 던지는 사람도 있다. 이른바 '부머라스킹(booerasking)'이다. 부메랑(boomerang)과 질문(asking)의 합성어로, 질문이란 부메랑을 던진 즉시 자신에게 질문이 돌아오게 하는 말하기 수법이다.   WSJ은 최근 많이 목격되는 부머라스킹이 대화에서 가장 큰 자기중심적 '반칙' 이라며 심리학적 분석을 소개했다. 사실 질문을 하고 나서 대화의 초점을 바로 자신에게 가져오는 건 인간의 자연스러운 본성인데, SNS(소셜미디어) 등을 중심으로 자기중심적 대화가 더 두드러진다는 분석이다.   WSJ은 ""일반적으로 대화의 40~60%는 자신의 감정, 의견, 경험에 토대를 두고 이뤄진다""며 ""그런데 SNS에서 자기중심적대화는 80%까지 치솟는다""고 짚었다. 자기중심적 대화의 이면에는 좋은 음식이나 잘 꾸민 외모를 자랑하고 싶은 마음이 있다. 동시에 나의 내밀한 부분을 공유함으로써 상대방과 신뢰감을 공유하고 싶은 심리도 숨어있다.   자랑뿐 아니라 불평이나 불만을 솔직히 털어놓는 것도 포함된다. 하지만 자신이 원할 때 자랑하거나 불평할 수 있는 건 SNS가 유일하다 보니사람과의 대화에서 '질문'의 형태로 계기를 만드는데, 이게 역효과가 날 때가 많다고 분석한다.   올해 초 하버드 경영대학원의 앨리슨 우드 브룩스 교수가 실험 심리학 저널에 부머라스킹 현상을 소개했다. 브룩스 교수는 ""질문을 던진 다음 자랑하거나 불만을 드러내거나, 그냥 하고 싶은 얘기를 늘어놓는 방식으로 흘러간다""며 ""이런 사람들은 자신이 상대방에겐 '관심'을 표현하고 생각을 공유함으로써 긍정적 인상을 남긴다고 믿지만 실제로는 자기중심적이고 타인에 무관심한 것을 두드러지게 해 대화를 피하게 만든다""고 밝혔다.    그렇다면 사람들은 왜 곧바로 ""내 이야기를 들어볼래"" 하지 않고 굳이 질문의 형식을 빌리는 걸까. 브룩스 교수는 ""사람들은질문으로 대화를 시작하면 상대방에게 더 호의적 인상을 남긴다고 믿는 경향이 크다""고 답했다. 실제 다수의 심리학 연구보고서가 이를뒷받침한다. 하지만 무작위 질문은 역효과를 낸다. 따라서 브룩스 교수는 ""부머라스킹은 종종 노골적인 '자랑'보다 더 나쁜인상을 남기기도 한다""고 조언했다.   해법은 사실 간단하다. 먼저 듣고, 호응하고 또 다른 질문으로 이어가는 것이다. 브룩스 교수는 ""부머라스킹을 피하고, 상대와 이야기나눌 2~3개의 주제를 미리 머릿속에 담고 대화를 시작하라""고 조언한다. 아울러 ""자주 대화 주제를 바꿔주거나, 후속 질문을 하라""고 덧붙였다.     [관련기사] ☞ '결혼' 경사 앞두고 뿔난 김종민 ""속지마세요"" 고발 나선다 ☞ 전한길 ""난 노사모 출신""…노무현재단 ""법적 대응"" ☞ ""다른 남자와 잠자리 강요""…이혼 변호사도 당황 ☞ '상습도박' 슈, SES 자료화면서 모자이크 '굴욕' ☞ 집 곳곳에 커플사진?…지상렬, 동거녀 공개   김하늬 기자 honey@mt.co.kr     키워드림론 최대 4배 주식자금 & 고금리 대환상품 한도 오픈! (1644-6960)   [무료운세] 믿어야 돼 말아야 돼? 종목매수전에 믿고보는 '오늘의 운세'        [파워 인터뷰]       매수전에 점 부터 보고 가실께요 -> 오늘의 운세 [복채무료]      ⓒ 머니투데이 & mt.co.kr, 무단 전재 및 재배포 금지"
93,1,"2025-01-28","05:19:16","당진∼대전고속도로서 탱크로리 눈길에 전복…운전사 다쳐","당진∼대전고속도로서 탱크로리 눈길에 전복…운전사 다쳐  대전 방향 1·2차로 통행 통제…차량 국도로 우회       (공주=연합뉴스) 정윤덕 기자 = 28일 오전 3시 11분께 충남 공주시 유구읍 당진∼대전고속도로 대전 방향 승지교에서 탱크로리가 눈길에미끄러져 넘어졌다.      이 사고로 50대 탱크로리 운전사가 다쳤고, 오전 5시 현재까지 대전 방향 1·2차로 통행이 통제 중이다.      고속도로순찰대는 대전 방향 차량을 신영나들목에서 국도를 이용해 우회하도록 조치하고 있다.      현재 공주에는 대설경보가 발효 중인 가운데 많은 눈이 내리고 있다.      cobra@yna.co.kr  (끝)     <저작권자(c) 연합뉴스, 무단 전재-재배포, AI 학습 및 활용 금지>"
93,2,"2025-01-28","05:18:31","요약-에스티 로더, 경영 변화에 따른 브랜드 재평가 - 블룸버그 뉴스","BRIEF-Estee Lauder Reviews Brands Amid Management Change - Bloomberg News  1월 27일(로이터) -  에스티 로더, 경영진 교체에 따른 브랜드 검토 - 블룸버그 뉴스   원본 텍스트: https://tinyurl.com/25npk2f2  Further company coverage:      Reuters.Briefs@thomsonreuters.com        (c) Copyright Thomson Reuters 2020. Click For Restrictions - https://agency.reuters.com/en/copyright.html   원문 바로가기    DISCLAIMER  레피니티브의 사전, 서면 승인 없는 톰슨로이터 콘텐츠의 재생산이나 재배포는 금지되어 있습니다. 이 기사의 한국어 번역은 에프앤가이드가 사용하는 기계적 번역에 의한 것으로 톰슨로이터와 레피니티브는 번역의 정확성을 보증하지 않습니다."
93,3,"2025-01-28","05:16:34","BUZZ-재생-EUR/USD 검증, 스털링의 종말, 엔화 기반","BUZZ-Replay-EUR/USD validation , sterling's demise, yen footing  분석:  기술 안식처로 엔화가 상승세를 보였지만 랠리는 주춤했습니다(   스털링의 죽음에 대한 과장된 소문(   EUR/USD 매수에는 연준, 강세 기술, 스프레드 검증을 위한 데이터가 필요합니다(   암호화폐:  비트코인이 100-DMA 아래로 99달러까지 하락한 후 10만 달러를 회복했습니다(   스팟, 기술:  USD/JPY가 일일 클라우드 상단에서 발판을 찾았습니다(   AUD / USD- 미국 수익률에 하락 압력이 우세하고 달러가 반등합니다 (   USD/CNH-위안 강세 신호가녹색으로 깜박이는 것을 볼 수 있습니다(   UST 수익률 하락과 AI 관련 기술 매도세에 힘입은 스털링 상승(   EUR/USD- 달러 강세로 상승폭이 축소되었습니다(   자세한 내용을 보려면     (버튼 프리어슨)  burton.frierson@thomsonreuters.com        (c) Copyright Thomson Reuters 2020. Click For Restrictions - https://agency.reuters.com/en/copyright.html   원문 바로가기    DISCLAIMER  레피니티브의 사전, 서면 승인 없는 톰슨로이터 콘텐츠의 재생산이나 재배포는 금지되어 있습니다. 이 기사의 한국어 번역은 에프앤가이드가 사용하는 기계적 번역에 의한 것으로 톰슨로이터와 레피니티브는 번역의 정확성을 보증하지 않습니다."
93,4,"2025-01-28","05:14:52","요약-J&J가 지원하는 의료 기술 회사 Histosonics, 미국 IPO 고려, 수십억 달러의 가치를 추구 할 수 있음 - 블룸버그 뉴스","BRIEF-J&J-Backed Medtech Firm Histosonics Considers US IPO; Histosonics May Seek A Valuation Of Several Billion Dollars - Bloomberg News  1월 27일(로이터) -  J&J가 지원하는 의료 기술 회사 히스토소닉스, 기업 공개를 고려하다; 히스토소닉스는 수십억 달러의 가치를 추구할 수 있습니다 - 블룸버그 뉴스   원본 텍스트: https://tinyurl.com/3sahhrez  Further company coverage:      Reuters.Briefs@thomsonreuters.com        (c) Copyright Thomson Reuters 2020. Click For Restrictions - https://agency.reuters.com/en/copyright.html   원문 바로가기    DISCLAIMER  레피니티브의 사전, 서면 승인 없는 톰슨로이터 콘텐츠의 재생산이나 재배포는 금지되어 있습니다. 이 기사의 한국어 번역은 에프앤가이드가 사용하는 기계적 번역에 의한 것으로 톰슨로이터와 레피니티브는 번역의 정확성을 보증하지 않습니다."
93,5,"2025-01-28","05:14:02","블랙록TCP캐피탈(TCPC), TCP캐피탈, 아리엘 해저드 최고 준수 책임자 복귀","블랙록TCP캐피탈(TCPC, BlackRock TCP Capital Corp. )은 TCP캐피탈이 아리엘 해저드 최고 준수 책임자를 복귀시켰다.  27일 미국 증권거래위원회에 따르면 2025년 1월 27일, 아리엘 해저드가 블랙록TCP캐피탈의 최고 준수 책임자(Chief Compliance Officer, CCO)로 복귀했고, 그녀는 육아 휴직에서 돌아온 후 이 역할을 재개했으며, 찰스 박은 해저드가 부재 중인 동안 임시 CCO로 활동했다. 박의임시 임명은 해저드의 복귀와 함께 종료됐다. 해저드는 복귀 후 블랙록 다이렉트 대출 법인 및 블랙록 프라이빗 크레딧 펀드의 CCO 역할도 재개했다.  ※ 본 컨텐츠는 AI API를 이용하여 요약한 내용으로 수치나 문맥상 요약이 컨텐츠 원문과 다를 수 있습니다. 해당 컨텐츠는투자 참고용이며 투자를 할때는 컨텐츠 원문을 필히 필독하시기 바랍니다. 원문URL(http://www.sec.gov/Archives/edgar/data/1370755/000113322825000550/0001133228-25-000550-index.htm)  데이터투자 공시팀 pr@datatooza.com  이 기사는 투자 참고용으로 이를 근거로한 투자 손실에 대해 책임을 지지 않습니다. 해당 기사는 이데일리와 무관합니다. 기사는 데이터투자(www.datatooza.com)가 제공한 것으로 저작권은 데이터투자에 있습니다. 기사 내용 관련 문의는 데이터투자로 문의하시기 바랍니다.    ＜ⓒ종합 경제정보 미디어 이데일리 - 무단전재 & 재배포 금지＞    "
93,6,"2025-01-28","05:12:03","트럼프가 임명 한 검사가 법무부의 1 월 6 일 사건에 대한 내부 검토를 시작한다고 WSJ은 보도했습니다.","Trump-appointed prosecutor opens internal review of Justice Dept's Jan. 6 cases, WSJ reports  워싱턴, 1월 27일(로이터) - 도널드 트럼프 미국 대통령이 임명한 검사가 2021년 미 국회의사당 공격과 관련하여 1월 6일 피고인 수백 명을 중범죄 방해죄로 기소하기로 한 법무부의 결정에 대한 내부 검토를 시작했다고 월스트리트 저널이 이 문제에 정통한 사람들을 인용해 보도했습니다.  신문은 워싱턴 DC의 미국 검사 대행인 에드 마틴이 월요일 검찰에 이 사건과 관련된 파일, 문서, 메모, 이메일 및 기타 정보를 넘겨달라고 요청했다고 보도했습니다.  트럼프는 지난주 대통령으로 취임한 지 몇시간 만에 경찰관을 폭행한 피고인들을 포함해 6명의 피고인을 기소했습니다.     (Reporting by Jasper Ward; editing by Rami Ayyub)  Jasper.Ward@thomsonreuters.com     (c) Copyright Thomson Reuters 2020. Click For Restrictions - https://agency.reuters.com/en/copyright.html        Keywords: USA-TRUMP/PARDONS-REVIEW (URGENT)   원문 바로가기    DISCLAIMER  레피니티브의 사전, 서면 승인 없는톰슨로이터 콘텐츠의 재생산이나 재배포는 금지되어 있습니다. 이 기사의 한국어 번역은 에프앤가이드가 사용하는 기계적 번역에 의한 것으로 톰슨로이터와 레피니티브는 번역의 정확성을 보증하지 않습니다."
93,7,"2025-01-28","05:10:58","씨티그룹, 신용카드 요율 문제로 군인을 상대로 한 소송에서 승소","Citigroup wins appeal against military personnel over credit card rates   뉴욕, 1월 27일(로이터) - 씨티그룹은 군인들이 민간인으로 복귀한 후 씨티은행 부서가신용카드 잔액에 부당하게 높은 이자율을 부과했다는 주장을 중재하도록 강요할 수 있다고 연방 항소법원 패널이 월요일에 판결했습니다.  버지니아주 리치몬드에 있는 미국 제4순회항소법원은 원심 판사를 뒤집고 의회가 군인민사구제법(SCRA)을 채택할 때 중재 합의의 집행을규정하는 연방법을 무시하려는 의도가 없었다고 밝혔습니다.  남북전쟁에 뿌리를 둔 이 법은 군인이 국가를 위해 복무하는 동안 모기지압류, 채무 불이행 판결 및 기타 부담을 덜어주는 법입니다.  4명의 원고는 이자율이 6%로 제한되어 있던 현역 시절 카드 잔액에 대해민간인 이자율을 부과하기 시작한 씨티은행을 상대로 집단 소송을 제기했습니다.  법원 기록에 따르면 한 원고인 육군 하사 제레미 벨의 경우 소송 비율이 25.99%까지 치솟았습니다.  그러나 순회 판사 폴 니마이어는 3명의 판사로 구성된 패널을 위해 SCRA가 중재에 대해침묵하고 있기 때문에 연방 중재법에 따라 원고들이 개별적으로 분쟁을 중재해야 한다고 썼습니다.  패널은 노스캐롤라이나 재판 판사에게 일부 요율을 제한하고 중재 합의에 우선하는 연방 군인 휴가법이 원고들의 카드 계정에 적용되는지 검토할 것을 지시했습니다.  원고 측을 대리하는 비영리 단체인 퍼블릭 저스티스의 변호사 리아 니콜스는 원고가 재심을 요청할 수 있다고 말했습니다. 그녀는 이 결정이 미국 대법원이 의회가 중재 합의를 대체하려는 의도를 평가한 방식과 상충된다고 말했습니다.  ""저희는 분명히 실망했습니다.""라고 그녀는말했습니다.  뉴욕에 본사를 둔 씨티그룹은 논평을 거부했습니다.  집단 소송을 통해 원고 그룹은 구성원들이 개별적으로 청구를중재할 때보다 저렴한 비용으로 더 높은 배상금을 받을 수 있습니다.  노스캐롤라이나 법원에서 아메리칸 익스프레스에 대한 유사한 소송이 계류 중입니다. 항소 법원의 판결이 나올 때까지 보류되었습니다.  2023년 3월, 미국 법무부는 두 사건 모두에서 군인이 중재에 동의하더라도 SCRA가 군인에게 집단 소송을 제기할 수 있는 '포기할 수 없는 권리'를 부여했다고 밝혔습니다.  소비자 보호는 당시 민주당 소속이었던 조 바이든 미국 대통령의 국내 의제 중 하나였습니다.  이 사건은 미국 제4순회항소법원, 제23-2083호, Espin et al v Citibank NA 사건입니다.     (Reporting by Jonathan Stempel in New York; Editing by Richard Chang)  jon.stempel@thomsonreuters.com ; +1 646 223 6317; Reuters Messaging:      (c) Copyright Thomson Reuters 2020. Click For Restrictions - https://agency.reuters.com/en/copyright.html        Keywords: CITIGROUP-MILITARY/LAWSUIT (PIX)   원문 바로가기    DISCLAIMER  레피니티브의 사전, 서면 승인 없는 톰슨로이터 콘텐츠의 재생산이나 재배포는 금지되어 있습니다. 이 기사의 한국어 번역은 에프앤가이드가 사용하는 기계적 번역에 의한 것으로 톰슨로이터와 레피니티브는 번역의 정확성을 보증하지 않습니다."
94,1,"2025-01-28","04:49:35","뉴스캐스트 - 중국 AI 스타트업에 사용자가 몰리면서 딥시크가 사이버 공격을 받습니다.","Newscasts - DeepSeek hit by cyberattack as users flock to Chinese AI startup    Newscasts - DeepSeek hit by cyberattack as users flock to Chinese AI startup    Click the following link to watch video: https://share.newscasts.refinitiv.com/link?entryId=1_ss7ujpmz&referenceId=tag:reuters.com,2025:newsml_RW662327012025RP1_K15&pageId=Newscasts                 (c) Copyright Thomson Reuters 2020. Click For Restrictions - https://agency.reuters.com/en/copyright.html   원문 바로가기    DISCLAIMER  레피니티브의 사전, 서면 승인 없는 톰슨로이터 콘텐츠의 재생산이나 재배포는 금지되어 있습니다. 이 기사의 한국어 번역은 에프앤가이드가 사용하는 기계적 번역에 의한 것으로 톰슨로이터와 레피니티브는 번역의 정확성을 보증하지 않습니다."
94,2,"2025-01-28","04:48:04","뉴스캐스트 - 중국 AI 스타트업에 사용자가 몰리면서 딥시크가 사이버 공격을 받습니다.","Newscasts - DeepSeek hit by cyberattack as users flock to Chinese AI startup    Newscasts - DeepSeek hit by cyberattack as users flock to Chinese AI startup    Click the following link to watch video: https://share.newscasts.refinitiv.com/link?entryId=1_nqsjnctc&referenceId=tag:reuters.com,2025:newsml_RW662327012025RP1_930&pageId=Newscasts                 (c) Copyright Thomson Reuters 2020. Click For Restrictions - https://agency.reuters.com/en/copyright.html   원문 바로가기    DISCLAIMER  레피니티브의 사전, 서면 승인 없는 톰슨로이터 콘텐츠의 재생산이나 재배포는 금지되어 있습니다. 이 기사의 한국어 번역은 에프앤가이드가 사용하는 기계적 번역에 의한 것으로 톰슨로이터와 레피니티브는 번역의 정확성을보증하지 않습니다."
94,3,"2025-01-28","04:47:01","딥시크 ""대규모 사이버 공격으로 신규 가입 제한""","[뉴욕=뉴스핌] 김민정 특파원 = 27일(현지시간) 인공지능(AI) 모델 딥시크(DeepSeek)가 사이버 공격을 받아 신규 이용자 등록이 제한되고있다.  CNBC와 로이터통신 등에 따르면 딥시크는 이날 발생한 사이버 공격으로 신규 이용자 가입이 제한되고 있다고 밝혔다. 다만 기존가입자들은 앱을 정상적으로 이용할 수 있다.   딥시크는 오픈AI의 챗GPT와 비교될 만한 성능으로 AI 업계에 돌풍을 일으키고 있다. 이날 딥시크는 챗GPT를 제치고 애플 앱스토어 무료 앱 1위를 차지했다.  지난 2023년 설립된 딥시크는 지난주 R1 모델을 공개했고 해당 모델 개발에 두 달의 시간과 600만 달러 미만의 자금이 들었다고 밝혀 전 세계를 놀라게 했다.   딥시크.[사진=로이터 뉴스핌] 2025.01.28 mj72284@newspim.com  mj72284@newspim.com            저작권자(c) 글로벌리더의 지름길 종합뉴스통신사 뉴스핌(Newspim), 무단 전재-재배포 금지"
94,4,"2025-01-28","04:42:54","요약 - 스미스 필드 식품, WH 그룹, 주당 20 달러에 IPO 가격 책정 가능성 - 블룸버그 뉴스","BRIEF-Smithfield Foods, WH Group Likely To Price IPO At $20 Per Share - Bloomberg News  1월 27일(로이터) -  스미스필드 식품, WH 그룹이 주당 20달러로 IPO 가격을 책정할것으로 보인다 - 블룸버그 뉴스   원본 텍스트: https://tinyurl.com/5n83yx8s  Further company coverage: [ ]     Reuters.Briefs@thomsonreuters.com        (c) Copyright Thomson Reuters 2020. Click For Restrictions - https://agency.reuters.com/en/copyright.html   원문 바로가기    DISCLAIMER  레피니티브의 사전, 서면 승인 없는 톰슨로이터 콘텐츠의 재생산이나 재배포는 금지되어 있습니다. 이 기사의 한국어 번역은 에프앤가이드가 사용하는 기계적 번역에 의한것으로 톰슨로이터와 레피니티브는 번역의 정확성을 보증하지 않습니다."
94,5,"2025-01-28","04:41:45","월스트리트, SEC에 미국 재무부 시장 개편 일정 연장 요청","Wall Street asks SEC to extend timeline for US Treasury market overhaul   뉴욕, 1월 27일(로이터) - 미국 국채를 거래하는 은행과 펀드가 2026년 시한을 앞두고있는 가운데 월가는 규제 당국에 중앙 집중식 재무부 청산을 의무화하는 규칙을 시행할 시간을 더 달라고 요청하고 있습니다.  2023년 12월에 채택된 증권거래위원회의 규칙은 세계 최대 채권 시장인 28조 달러 규모의 국채 시장에서 청산소를 통한 거래를 늘려 시스템 리스크를줄이는 것을 목표로 합니다. 이 규칙은 2026년 6월까지 단계적으로 시행될 예정이며, 이를 통해 증권거래위원회는 시장에 대한 가시성을 높일 수 있을 것으로 기대됩니다.  증권산업 및 금융시장 협회(SIFMA)는 다른 무역 협회와 함께 금요일에 SEC에 현금 및 레포 청산 기한을최소 1년 연장해 달라는 서한을 보냈습니다.  ""우리는 청산 규칙의 최종 시행이 이 시장을 개선할 것으로 믿습니다.""라고 SIFMA와 서한에 서명한 다른 서명자들은 말했습니다.  ""그러나 금융 시스템과 경제에 대한 국채 시장의 중요성과 향후 몇 년간 국채 증권의 대량 발행이 예상되는 만큼, 청산 규칙의 시행 일정은 이 시장에 혼란을 주지 않도록 원활하게 전환할 수 있도록 해야 한다""고 서한은 주장했습니다.  헤지펀드 및 기타 사모펀드를 대표하는 MFA, 대체투자관리협회, FIA 주요 트레이더 그룹, 국제 스왑 및 파생상품 협회가 다른 서명 기관으로 포함되어 있습니다.  ""협회 회원들은 연장이 없다면 중앙 청산으로의 전환 성공이 심각하게 훼손되고 불가피하게 국채 현금 및레포 시장의 혼란으로 이어져 금융 시스템에 해를 끼칠 것을 우려하고 있습니다.""라고 서한에서 밝혔습니다.  로이터 통신은 작년에 의무 중앙 청산 방식에 대한 중요한 세부 사항이 아직 정해지지 않았고 시장 참여자들이 남은 2년이 전환에 충분하지 않을 수 있다고 우려해 일정 연장을 요청했다고 보도한 바 있습니다.  원래 이 규칙에 따르면 청산소는 2025년 3월까지 위험 관리, 고객 자산 보호, 청산 및 결제 서비스 이용에 관한 조항을 준수해야 했습니다.  회원사들은 2025년 12월까지 현금 시장 국채 거래의 중앙 청산을 시작해야 하며, 레포 거래의 경우 2026년 6월 30일까지 청산을 완료해야 합니다.     (Reporting by Davide Barbuscia; Editing by Leslie Adler)  Davide.Barbuscia@thomsonreuters.com ; +1 917 285 3067; ))     (c) Copyright Thomson Reuters 2020. Click For Restrictions - https://agency.reuters.com/en/copyright.html        Keywords: USA-BONDS/CLEARING (PIX)   원문 바로가기    DISCLAIMER  레피니티브의 사전, 서면 승인 없는 톰슨로이터 콘텐츠의 재생산이나 재배포는 금지되어 있습니다. 이 기사의 한국어 번역은 에프앤가이드가 사용하는 기계적 번역에 의한 것으로 톰슨로이터와 레피니티브는 번역의 정확성을 보증하지 않습니다."
94,6,"2025-01-28","04:40:17","신흥시장-콜롬비아, 멕시코 페소화, 관세 우려로 라틴아메리카 외환 하락 주도","EMERGING MARKETS-Colombian, Mexican peso lead Latam FX declines on tariff fears    1월 27일 (로이터) - 미국과콜롬비아 간의 무역 분쟁으로 도널드 트럼프 미국 대통령이 제안한 관세 부과가 이 지역에 미칠 영향에 대한 우려가 재점화되면서 월요일 콜롬비아와 멕시코의 통화가치가 하락하여 라틴 아메리카 통화 하락을 주도했습니다.  백악관이 일요일 콜롬비아가 추방된 이민자들을 태운 군용기를 받아들이기로 합의했다고 밝힌 후 미국과 콜롬비아는 무역 전쟁의 위기에서 물러났습니다.  이로 인해 미국은 라틴 아메리카에서 세 번째로 큰 미국의 무역 파트너인 브라질에 대해 일주일 안에 최대 50%까지 올라갈 수 있는 수입품에 대한 25% 관세를 포함한 관세및 제재를 부과하라는 트럼프의 지침을 보류했습니다.  콜롬비아 페소는 장 초반 하락폭을 줄인 후 0.7% 하락하며 일주일 만에 최대 일일 하락폭을 기록했습니다. 이 통화는 세션 초반에 2% 가까이 하락했었습니다.  멕시코 페소는 금요일에 2025년 주간 최대 상승폭을 기록한 후 2.3% 약세를 보였습니다. 멕시코 수출의 80%가 북쪽 이웃 국가로 향하기 때문에 페소는 관세 헤드라인에 가장 민감한 통화 중 하나입니다.  투자자들은 콜롬비아와 멕시코 10년물 채권도 매도했습니다.  관세에 대한 불확실성이 신흥국의 전망을 흐리게 하고, 경제불확실성과 미국 금리 인상 전망으로 인한 압박이 가중되고 있다는 점을 강조합니다.  브라운 브라더스 해리먼의 글로벌 시장 전략 책임자인 윈 씬은 ""이 에피소드는 트럼프 행정부가 무역 정책과 국가 안보 정책을 어떻게 연계시킬 것인지, 따라서 시장은 더 큰 변동성과 놀라움에 직면할 것임을 강조합니다... 이 전략의 가장 큰 시험대는 중국이 될 것입니다.""라고 말했습니다.  지난주 트럼프가 2월 1일을 미국의 주요 무역 파트너에 대한 추가 관세 부과일로 지정한 후 중국과 멕시코를 포함한 경제가 긴장하고 있습니다.  BofA 글로벌 리서치 애널리스트들은 미국의 관세로 인해 멕시코 중앙은행이 ""이 시나리오에서 페소가 크게 약화될 가능성이 높기 때문에"" 금리를 동결할 수 있다고말했습니다.  MSCI의 지역 통화를 추적하는 지수는 0.9% 하락했고, 주식 지수는 0.2% 하락하며 6회 연속 상승세를 마감했습니다.  이번 주 투자자들은 금리를 동결할 것으로 예상되는 연준의 금리 결정도 주의 깊게 지켜볼 것입니다.  브라질, 콜롬비아, 칠레에서도 이번 주 중으로 금리 결정이 내려질 예정입니다.  올해 브라질의 인플레이션 기대치가 15주 연속 상승했다고 민간 경제학자들이 밝혔으며, 이는 금리 인상을 앞두고 중앙은행이 면밀히 주시하고 있는 추세입니다.  아르헨티나 페소화는 0.3% 하락했고 메르발 주가지수는 5% 하락했습니다.  신용평가사 무디스는 경제 및 재정 문제를 해결하는 데 도움이 된 정책 변화를 언급하며 금요일 아르헨티나의 장기 외화국채 신용등급을 상향 조정했습니다.  콜롬비아의 주요 지수는 1.27% 상승했고 미국에 상장된 콜롬비아 ETF는 초반 하락세를 포기하고 0.8% 상승했습니다.  멕시코 증시는 0.9%, 브라질의 보베스파 증시는 1.6% 상승했습니다.    주요 라틴 아메리카 주가지수 및 통화   주가지수      최신  일일 % 변화   MSCI 신흥시장  1085.94  -0.37   MSCI 라틴아메리카  1984.31  -0.23   브라질 보베스파  124410.53  1.6   멕시코 IPC  51824.98  0.91   칠레 IPSA  7028.57  -0.56   아르헨티나 MerVal  2435431.66  -5.09   콜롬비아 COLCAP  1433.49  1.27    통화   최신  일일% 변화   브라질 헤알  5.9093  0.03   멕시코 페소  20.7375  -2.35   칠레 페소  986.1  -0.59   콜롬비아 페소  4199.5  -0.68   페루 솔  3.743  -0.67   아르헨티나 페소(은행 간)  1,049.0  -0.24   아르헨티나 페소(병렬)  1,210.0  1.22      (Reporting by Purvi Agarwal, Lisa Mattackal and Johann M Cherian in Bengaluru, Editing by Louise Heavens and Aurora Ellis)  Purvi.Agarwal@thomsonreuters.com     (c) Copyright Thomson Reuters 2020. Click For Restrictions - https://agency.reuters.com/en/copyright.html        Keywords: EMERGING-MARKETS/LATAM (UPDATE 1)   원문 바로가기    DISCLAIMER  레피니티브의 사전, 서면 승인 없는 톰슨로이터 콘텐츠의 재생산이나 재배포는 금지되어있습니다. 이 기사의 한국어 번역은 에프앤가이드가 사용하는 기계적 번역에 의한 것으로 톰슨로이터와 레피니티브는 번역의 정확성을 보증하지 않습니다."
94,7,"2025-01-28","04:39:58","'복도 흡연 갈등'에 폭발한 이웃…""진짜 정신병 걸릴 것 같다""","아저씨가 위층 아래층 돌아다니면서 흡연 항의해도 '욕설'하며 격한 반응    아파트 흡연. 사진=연합뉴스  [파이낸셜뉴스] 아파트 계단에서 담배 피우는 흡연자 때문에 고통받고 있다면서 조언을 구하는 사연이 올라와 관심을 끌고있다.  지난 26일 한 온라인 커뮤니티에는 '복도 흡연으로 새벽 4시에 경찰 불렀다. 도와주세요'라는 제목의 게시글이 올라왔다.  글쓴이는 ""5년째 복도 흡연하는 아래층 아저씨와 싸우고 있다""며 ""구축 계단식 아파트인데 아저씨가 위층과 아래층을 돌아다니면서 담배를 피우고 주로 우리 집 대문 앞에서 피운다""고 주장했다.  그는 최근 해당 남성이 담배를 피우는 모습을 보고 ""복도에서 피우지 말고 집구석에서 피워라""라고 말했다고 전했다.  작성자에 따르면 해당 남성은 ""넌 어른도 없냐, 이 X아""라고 맞받아쳤다고 한다. 이 남성의 아내도 ""가끔 한 대 피울 수도 있지, 당신이 먼저 '개XX'라고 욕한 거 아니냐""고 했다고 주장했다.  작성자는 결국 경찰에 신고했지만 ""경찰이 욕설로 고소할 순 있으나 증거가 있어야 한다더라""라고 당시 상황을 설명했다.  이어 ""저 아저씨 담배 문제 때문에 윗집 분은 창문에 '담배 피우지 마세요. 1층 내려갈 힘이없으면 담배를 끊든지 극단 선택을 하세요'라고 써서 붙여놨다""고 했다.  작성자는 ""식사 때 되면 아저씨는 밥 먹고 기분 좋게 식후 땡하고, 남들은 집에서 밥 먹다가 담배 냄새 맡는다""며 ""가래침도 뱉어서 벽이 누렇다""고 썼다.  그러면서 ""5년간 이러고 있는데 정신병 걸릴 것 같다""며 ""제발 복도에서만 안 피웠으면 좋겠다""고 분통을 터뜨렸다.  hsg@fnnews.com 한승곤 기자  [파이낸셜뉴스 주요뉴스]  → 女아나운서 ""나체 男연예인이 침실로.."" 성상납 폭로 → 씨스타 소유 ""길에서 정신 잃었는데 누가 몸 만지는..."" → 시골로 MT 간여대생, 길 잃은 후 임신까지.. 사연 → 경기도아파트서 숨진 채 발견된 남성, 알고보니 무안공항의... → 한발 앞서 읽는 미래 산업 이야기 [실리콘밸리 NOW] → 멀고도 가까운 일본이 궁금하다면 [도쿄 특파원의 Japan Life]   ▶▶[무료공개]◀◀ 지금 ""1,000만원""만 있어도 당장 ""이것""부터 사라!! >>> (무료 체험)    ※ 저작권자 ⓒ 파이낸셜뉴스. 무단 전재-재배포 금지 "
95,1,"2025-01-28","04:10:13","곡물 - 트럼프 관세 우려로 대두, 옥수수 가격이 하락했습니다.","GRAINS-CBOT soybeans, corn drop as Trump tariff worries rise    시카고, 1월 27일 (로이터) - 분석가들에 따르면 트럼프 행정부가 미국 주요 무역 파트너의 상품에 관세를 부과함에 따라 트레이더들이 포지션을 헤지하면서 시카고 상품거래소 옥수수와 대두 선물이 월요일 하락했습니다.  CBOT의 가장 활동적인 대두는 12:45 CST(1845 GMT)에 부셸당 9-1/2센트 하락한 10.46-1/4달러를 기록했습니다.  CBOT 옥수수는 5-1/2센트 하락한 4.81달러로 지난 주 1년 만에 최고치를 기록했습니다. 밀 선물은 옥수수에 이어 9-3/4센트 하락한 부셸당 5.34-1/4달러로 떨어졌습니다.  지난주 도널드 트럼프 대통령이 취임한 후 시장 참여자들은 트럼프 대통령이 중국과 멕시코 같은 국가로부터의 수입품에 즉시 관세를 부과하지 않은 것에 안도했다고 컨수스 애그 컨설팅의 파트너인 앤지 세처는 말했습니다.  그러나 그녀는 그가 제안한 관세가 새로운 무역 전쟁을 촉발할 수 있다는 우려가 이번 주에 되살아났다고 말했습니다. 우려는 트럼프가 멕시코와캐나다산 제품에 25% 관세를 부과하겠다는 위협에 집중되었습니다.  그럼에도 불구하고 일부 트레이더들은 주말 동안 콜롬비아가 미국과 이주민 송환 협상을 타결했을 때 트럼프 대통령이 콜롬비아를 상대로 이 같은 일이 일어나지 않을 것이라고 낙관했습니다.  수요일에시작되는 중국의 음력 설 연휴도 곡물 및 유지 종자 시장에 부담을 주었는데, 세계 최대 대두 수출국이 연휴 기간 동안 구매를 늦출 가능성이 있기 때문이라고 분석가들은 말했습니다.  세처는 월요일에 새로운 저가형 중국 AI 모델인 딥시크의 등장으로 S&P 500 지수와 나스닥지수가 폭락하면서 더 많은 압력이 가해졌다고 말했습니다.  대두는 대두의 주요 생산국인 아르헨티나의 대두를 포함한 농작물에 대한수출세가 6월까지 인하될 예정이어서 추가적인 역풍에 직면했습니다.  밀도 제한된 수요로 하락했지만, 추운 날씨로 인해 미국 곡물 벨트의 최대 15%가 죽을 수 있다는 우려로 인해 하락폭이 제한적이었다고 세처는 말했습니다.        (Reporting by Renee Hickman in Chicago; Additonal reporting by Michael Hogan in Hamburg and Naveen Thukral in Singapore; Editing by Mark Porter)  renee.hickman@thomsonreuters.com     (c) Copyright Thomson Reuters 2020. Click For Restrictions - https://agency.reuters.com/en/copyright.html        Keywords: GLOBAL-GRAINS/ (UPDATE 2)   원문 바로가기    DISCLAIMER  레피니티브의 사전, 서면 승인 없는 톰슨로이터 콘텐츠의재생산이나 재배포는 금지되어 있습니다. 이 기사의 한국어 번역은 에프앤가이드가 사용하는 기계적 번역에 의한 것으로 톰슨로이터와 레피니티브는 번역의 정확성을 보증하지 않습니다."
95,2,"2025-01-28","04:09:19","BUZZ-USD/JPY, 일일 구름 정점 위에서 발판 마련","BUZZ-USD/JPY finds footing above daily cloud top  USD / JPY 는 피난처 수요로 6 주 최저 153.72로 하락한 후 안정세를 보였습니다.   인공지능 주도의 주가 하락이 위험 감수 부담을 가중시키면서 쌍의 반등은 제한적입니다.   주중 연준 정책 결정 전까지 153.88 클라우드 상단 지지선 유지 가능   12월 연준 회의 이후 롱 포지션은 1월이 마무리되면서 해소됩니다.   상승을 장려하려면 154.96 55-DMA와 156.76 1월 23일 고점위로 이동해야 합니다.   변동성 장세에도 불구하고 엔화에 유리한 리스크 반전 움직임   유가 하락으로 엔화 십자가는 여전히 압력을 받고 있으며 ECB는 목요일에 인하하는 것으로 보입니다.   일본, 화요일 서비스 PPI에 주목         자세한 내용을 보려면      (로버트 풀렘은 로이터 시장 분석가입니다. 표현된 견해는 본인의 의견입니다.)  Robert.Fullem@thomsonreuters.com        (c) Copyright Thomson Reuters 2020. Click For Restrictions - https://agency.reuters.com/en/copyright.html   원문 바로가기    DISCLAIMER  레피니티브의 사전, 서면 승인 없는 톰슨로이터 콘텐츠의 재생산이나 재배포는 금지되어 있습니다. 이 기사의 한국어 번역은 에프앤가이드가 사용하는 기계적 번역에 의한 것으로 톰슨로이터와 레피니티브는 번역의 정확성을 보증하지 않습니다."
95,3,"2025-01-28","04:09:04","중국의 딥시크가 수십억 달러 지출에 의구심을 품으면서 빅테크가 열기에 직면했습니다.","Big Tech faces heat as China's DeepSeek sows doubts on billion-dollar spending   1월 27일(로이터) - 중국 스타트업 DeepSeek의 저렴한 AI가 미국 거대 기술 기업들이 이 기술 개발에 쏟아붓고 있는 수십억 달러에 대한 투자자들의 감시를 강화하고 있으며, 분석가들은 이번 주 업계가 기다려온 결과를 지배할 것이라고 말합니다.  딥시크는 엔비디아의 저급 H800 칩을 사용하여 AI 모델을 구축하는 데 단 2개월이 걸렸고 600만 달러 미만의비용이 들었다고 주장했습니다. V3 모델로 구동되는 앱이 월요일에 미국에서 가장 많이 다운로드된 iPhone 앱이 되었습니다.  2023년에설립된 이 스타트업은 자사의 AI 모델이 미국 최고의 경쟁사들과 비슷하거나 훨씬 적은 비용으로 더 나은 성능을 발휘한다고 말하며, AI를 확장하려면 막대한 컴퓨팅 성능과 투자가 필요하다는 견해에 도전하고 있습니다.  이러한 비즈니스 니즈로 인해 ChatGPT가 AI 붐을 일으킨 2022년 11월 이후 '매그니피센트 세븐' 기업의 시장 가치는 약 10조 원 증가했습니다.  ""딥시크가 정말 5백만 달러로 OpenAI를 만들었을까요? 당연히 아니죠.""라고 번스타인의 애널리스트 스테이시 라스곤은 말합니다. ""전 세계의 다른 수많은 AI 연구소의 최고 수준의 AI 연구자들이 DeepSeek에서 구현하고 있는 혁신을 완전히 알지 못한다고 생각하는 것은 무리인 것 같습니다.""라고 말합니다.  딥시크의 가격은 경쟁사의 모든 것을 날려버린다고 그는 말했습니다. AI 칩의 선구자인 엔비디아의 주가는 16%, 마이크로소프트는 3.8%, TSMC의 미국 주가는14% 하락했습니다.    라스곤과 다른 분석가들은 스타트업이 인용한 약 600만 달러에는 컴퓨팅 성능에 지출된 금액만 포함되어 있고 더 널리 알려진 R1 모델 구축 비용에 대해서는 알려진 바가 거의 없기 때문에 딥시크의 V3 모델에 대한 교육 비용은 더 높을 수 있다고 주장합니다.  하지만 분석가들이 올해 미국의 대형 클라우드 기업이 AI 인프라에 지출할 것으로 예상하는 2,500억 달러와는 큰 차이가 있습니다. 이러한 지출은 작년에 수익률 하락을 우려하는 투자자들로부터 의문을 받아왔습니다.  대부분의 미국 거대 기술 기업들이 이번 주와 다음 주에 실적을 발표할 예정인 가운데, 애널리스트와 투자자들은 해당 기업의 경영진이 전략에 대해 더 명확하게 설명할 것으로 예상하고 있습니다.  ""(딥시크의 상승은) 현재의 자본 지출/기술 업그레이드 속도가 필요한지 의문을 제기합니다. 이번 주에는 미국 하이퍼스케일러들의 논평을통해 그들이 AI 지출에 공격적인 태도를 유지할지 확인할 수 있을 것입니다.""라고 CFRA 애널리스트 안젤로 지노는 말합니다.  지노는 일상적인 작업에 사람의 개입이 거의 필요 없는 자율 AI 에이전트와 로봇 및 자율 주행 자동차를 언급하며 ""에이전트 AI와 물리적 AI로 전환하면서 더 큰 컴퓨팅 성능의 필요성을 강조할 것입니다.""라고 덧붙였습니다.  가격 푸시  경쟁이 치열해지고 기술이 발전함에 따라 AI 모델 사용 가격이 하락하고 있지만, 번스타인의 라스곤은 딥시크가 OpenAI의 동급 모델보다 최대 40배 낮은 가격을 책정해 눈에 띈다고 말했습니다.  분석가들은 이는 AI 서비스의 가격 전쟁을 불러일으킬 수 있으며, ChatGPT와 같은 서비스를 운영하는 데 드는 높은 운영 비용으로 인해 이미 매년 수십억 달러의 손실을 보고 있는 OpenAI와 같은 기술 기업에 잠재적으로 압력을 가할 수 있다고 지적했습니다.  ""딥시크 도입이 확대되면 유사한 오픈소스 제품을 보유한 경쟁업체의 가격 인하를 유도할 수 있습니다.""라고 eMarketer의 수석 애널리스트 가조 세빌라(Gadjo Sevilla)는 말합니다.  ""(수익성을 추구하는) OpenAI와 같은 시장 선도업체는 단기간에 가격을 낮추지 않을 것입니다. 이들은 기업 사용자에게 중요한 핵심 차별화 기능인 신뢰와 안전성을 두 배로 강화할 가능성이 높습니다.""  일부 전문가들은 미중 간 긴장과 데이터 프라이버시 및 보안에 대한 우려를 고려할 때 미국 기업이 중국의 AI 기술을 기꺼이 받아들일지 의문을 제기하기도 합니다.  딥시크는 사용자 정보를 중국에 있는 서버에 저장하고 있으며, 이는 미국 내 도입에 걸림돌이 될 수 있다고 밝혔습니다.  그러나 일부 투자자들은 미국의 거대 기술 기업들이 딥시크의 혁신에 뛰어들 것이며, 더 저렴한 AI 서비스가 기술 채택을 증가시켜 칩에 대한 수요를 높일 수 있을 것으로 보고 있습니다.  ""딥시크는 AI를 위한 더 효율적인 처리 모델을 찾고 찾아냈을까요? 그럴 수도 있지만, 새로운 기술이 발견되면 기존 업체들이 이를 채택할 것으로 예상할 수 있습니다.""라고 SiebertNXT의 최고 투자 책임자인 마크 말렉은 말합니다.  ""(이는) 앞으로 AI의 기회를 더 크게 만들 것입니다.""      (Reporting by Aditya Soni and Zaheer Kachwala in Bengaluru; Editing by Arun Koyyur)  Aditya.Soni@thomsonreuters.com ; +91 80 6210 0555) )     (c) Copyright Thomson Reuters 2020. Click For Restrictions - https://agency.reuters.com/en/copyright.html        Keywords: TECH-AI/DEEPSEEK-EARNINGS (PIX)   원문 바로가기    DISCLAIMER  레피니티브의 사전, 서면 승인 없는 톰슨로이터 콘텐츠의 재생산이나 재배포는 금지되어 있습니다. 이 기사의 한국어 번역은 에프앤가이드가 사용하는 기계적 번역에 의한 것으로 톰슨로이터와 레피니티브는 번역의 정확성을 보증하지 않습니다."
95,4,"2025-01-28","04:08:46","충남 청양에 대설경보…천안 등 7곳 대설경보 유지","충남 청양에 대설경보…천안 등 7곳 대설경보 유지       (대전=연합뉴스) 기상청은 28일 오전 4시를 기해 충남 청양에 대설경보를 발효했다고 밝혔다.      대설경보는 24시간 동안 눈이 20㎝ 이상 쌓일 것으로 예측될 때 내려진다.      앞서 천안·아산·서산·당진·공주·부여·계룡 등 충남 지역 7곳에 내려진 대설경보는 유지되고 있다.      weather_news@yna.co.kr  (끝)     <저작권자(c) 연합뉴스, 무단 전재-재배포, AI 학습 및 활용 금지>"
95,5,"2025-01-28","04:06:36","비트코인, 딥시크발 위험 회피에 9만9000달러대로 하락","[뉴욕=뉴스핌] 김민정 특파원 = 27일(현지시간) 미국 뉴욕증시에 나타난 강력한 위험 회피 현상에 비트코인 가격이 10만 달러 밑으로 내려갔다.  미국 동부 시간 오후 1시 55분 비트코인은 24시간 전보다 5.60% 내린 9만9150.66달러에 거래됐다. 장중 비트코인은 9만7000달러대까지 레벨을 낮추며 지난 16일 이후 가장 낮은 수준으로 하락했다.  이날 뉴욕증시는 중국에서 개발된 인공지능(AI) 딥시크(DeepSeek)가 챗GPT에 견줄 성능을 보여줬다는 소식에 큰 폭으로 하락 중이다. 나스닥 종합지수는 장중 3.5%가량 하락하며 두드러진 약세를 보이고 있다.  비트코인 가격이 급락하면서 관련주도 하락하고 있다. 코인베이스와 마이크로스트래티지는 각각 10%, 8%대 낙폭을 보이고 있다. 비트코인 채굴업체 코어 사이언티픽은 32%의 급락장을 연출 중이다.  이토로의 사이먼 피터스 분석가는 ""비트코인의 손실은 현재 딥시크로인해 시장에 퍼지고 있는 위험 회피 심리에 의해 발생하는 것으로 보인다""고 설명했다.  도널드 트럼프 행정부 출범 직후 비트코인 전략 자산 비축에 대한 발표가 빠진 점도 이를 기대한 투자자들의 실망감으로 이어졌다는 분석도 나온다.  스탠다드차타드의 제프리 켄드릭글로벌 디지털 자산 연구 책임자는 ""나스닥 선물의 하락이 암호화폐 시장에 타격을 줬지만, 트럼프 행정부의 암호화폐 비축에 관한 발표에 대한 실망감이 디지털 자산을 급격한 매도로 더 큰 위험에 처하게 했다""고 말했다.   비트코인 이미지 [사진=로이터 뉴스핌]  mj72284@newspim.com 유럽증시, 혼조세로 마감… 중국 AI기술력에 충격 받은 테크주는 폭락 뉴욕증시 덮은 中 딥시크 쇼크, '저비용·고성능'에 美 AI 버블 붕괴 우려 [인도증시] 1% 하락...트럼프 '관세 위협'에 긴장하며 예산에 집중             저작권자(c) 글로벌리더의 지름길 종합뉴스통신사 뉴스핌(Newspim), 무단 전재-재배포 금지"
95,6,"2025-01-28","04:06:20","대전에 대설경보 발효","대전에 대설경보 발효       (대전=연합뉴스) 기상청은 28일 오전 4시를 기해 대전에 대설경보를 발효했다고 밝혔다.      대설경보는 24시간 동안 눈이 20㎝ 이상 쌓일 것으로 예측될 때 내려진다.      weather_news@yna.co.kr  (끝)     <저작권자(c) 연합뉴스, 무단 전재-재배포, AI 학습 및 활용 금지>"
95,7,"2025-01-28","04:02:34","업데이트 1-덴마크, 21억 달러 규모의 북극 군사 투자 계획 발표","UPDATE 1-Denmark announces $2.1 bln Arctic military investment plan   코펜하겐, 1월 27일(로이터) - 덴마크는 도널드 트럼프 미국 대통령이 덴마크의 반자치령인 그린란드에 대한 관심이 다시 높아짐에 따라 북극에서의 군사력 증강에 146억 덴마크 크로네(20억 5천만 달러)를 지출할 것이라고 월요일에 밝혔습니다.  트로엘 룬드 폴센 국방부 장관은 기자회견에서 새로운 북극 해군 함정 3척, 장거리 드론 및 위성 2대를 추가로 도입해 감시를 개선하는 데 자금을 지원하기로 했다고 밝혔습니다.  10년 이상 국방비를 늘려온 덴마크는 작년에 10년 동안 군에 덴마크왕관(260억 달러)을 배정했으며, 이 중 일부는 북극을 위한 예산으로 사용될 예정입니다.  월요일에 발표된 합의안은 이 예산의 일부를북극 지역에 배정했습니다. 양 정당은 올해 말 북극에 대한 추가 예산을 협상하기로 합의했습니다.     (1달러 = 7.1158덴마크크로네)     (Reporting by Jacob Gronholt-Pedersen; Editing by Alex Richardson)  jacob.pedersen@thomsonreuters.com ; Twitter: https://twitter.com/JacobGronholt; ))     (c) Copyright Thomson Reuters 2020. Click For Restrictions - https://agency.reuters.com/en/copyright.html        Keywords: GREENLAND-USA/DENMARK-DEFENCE (UPDATE 1)   원문 바로가기    DISCLAIMER  레피니티브의 사전, 서면 승인 없는 톰슨로이터 콘텐츠의 재생산이나 재배포는 금지되어 있습니다. 이 기사의 한국어 번역은 에프앤가이드가 사용하는 기계적 번역에 의한 것으로 톰슨로이터와 레피니티브는 번역의 정확성을 보증하지 않습니다."
96,1,"2025-01-28","03:40:49","업데이트 1-공공 부패 사건을 담당하던 미국 법무부 고위 관리 사임","UPDATE 1-Career US Justice Department official in charge of public corruption cases resigns    워싱턴, 1월 27일 (로이터) - 미국 법무부에서 공공 부패 및 기타 정치적으로 민감한 수사를 감독하는 고위직 공무원인 코리 아문슨이 트럼프 행정부가 그를 이민 문제와 관련된새로운 역할로 재배치하려 하자 월요일에 사임했다고 로이터가 본 서한에 따르면, 로이터 통신이 보도했습니다.  아문슨은 제임스 맥헨리 법무부 장관 대행에게 보낸 편지에서 ""지난 23년 동안 우리나라와 이 부서를 위해 일하게 되어 영광이고 축복입니다.""라고 썼습니다.  ""저는 제 직업 생활 내내 연방 형법의 비정치적 집행과 주변 사람들이 우리 업무의 중심 신조를 이해하고 수용하도록 하는 데 전념했습니다.""라고 아문슨은 말합니다.  아문슨은 법무부 내부 인사 중 한 명으로, 지난주 법무부 부장관실 내 새로운 성역 도시 실무 그룹에 합류했습니다.  이들 중 최소 두 명인 아문슨과 국가안보 변호사 조지 토스카스는 도널드 트럼프 대통령의 기밀 기록 보유와 2020년 대선을방해하려는 노력에 대한 두 건의 범죄 수사에 일부 관여한 바 있습니다.  현재 기각된 두 건의 형사 소송을 제기한 잭 스미스 특별검사는 최종 보고서에서 법무부 규칙에 따라 공공 청렴성 부서와 ""정기적으로 협의""했다고 적었습니다.        (Reporting by Sarah N. Lynch; Additional reporting by Andrew Goudsward; Editing by Franklin Paul and Mark Porter)  sarah.n.lynch@thomsonreuters.com ; 202-579-0289; ))     (c) Copyright Thomson Reuters 2020. Click For Restrictions - https://agency.reuters.com/en/copyright.html        Keywords: USA-TRUMP/JUSTICE (UPDATE 1)   원문 바로가기    DISCLAIMER  레피니티브의 사전, 서면 승인 없는 톰슨로이터 콘텐츠의 재생산이나 재배포는 금지되어 있습니다. 이 기사의 한국어 번역은 에프앤가이드가 사용하는 기계적 번역에 의한 것으로 톰슨로이터와 레피니티브는 번역의 정확성을 보증하지 않습니다."
96,2,"2025-01-28","03:40:48","딥시크 소식에 AI 테마 ETF가 급락하다","AI-themed ETFs plunge in wake of DeepSeek news   1월 27일(로이터) - 엔비디아에 대규모로 노출된 상장지수펀드의 가격이 월요일 거래 초반에급락했다는 소식에 반응하여 .  벤처 캐피털리스트 마크 안드레센(Marc Andreessen)과 같은 기술 시장 관계자들은 애플의 온라인 앱스토어에서 딥시크의 다운로드 수가 이미 미국 경쟁사인 ChatGPT의 다운로드 수보다 많다는 소식에 주가가 하락한 미국 AI 기업들에게 딥시크의출현을 주목해야 한다고 지적했습니다.  월요일 정오까지 엔비디아의 주가는 17% 가까이 폭락했지만, 이 칩 제조업체에 레버리지 노출을 제공하는 상장지수펀드의 가격은 더 폭락했습니다.  일일 수익률이 엔비디아 상승률의 두 배에 달하는 4개의 ETF가 가장 큰 하락세를보였으며, GraniteShares 2x Long NVDA Daily ETF가 32.5% 급락했습니다. 투자자에게 엔비디아 주식 손실의 두 배의 수익을 제공하는 레버리지 인버스 ETF는 31% 급등했습니다.  이러한 ETF를 제공하는 자산 관리 회사에는 즉시 연락이 닿지 않았습니다.  엔비디아 노출이큰 다른 레버리지 ETF도 마찬가지로 극적인 움직임을 보였습니다. 다우존스 미국 반도체 지수의 2배 수익률을 목표로 하고 자산의 40% 이상을 Nvidia에 투자하는 ProShares 울트라 반도체 ETF는 월요일 정오까지 24.43% 하락했습니다.  ""단일 종목 ETF의 도박꾼들이 찾는 것은 변동성입니다.""라고 모닝스타의 ETF 애널리스트 브라이언 아머는 말합니다. ""지금 나쁜 경험을 한 사람들은 앞으로 기피할 수 있지만 다른 사람으로 대체될 것이라고 확신합니다.""  일반적인 액티브 운용 ETF의 약 0.4%에 비해 1%에 가까운 상대적으로 높은 수수료를 부과하는 레버리지 ETF는 소매 트레이더와 투기꾼의 영역이라고 Armour는 덧붙였습니다.  그러나 투자 기간이 긴 기관 및 개인 투자자가 소유한 ETF를 포함해 다른 ETF도 매도세에 휩싸였습니다.  예를 들어, 뱅가드 정보 기술 인덱스 펀드는 월요일 정오까지 4.7% 하락했습니다. 엔비디아는 이 펀드에서 두 번째로 큰 비중을 차지하는 종목으로, 포트폴리오의 15%에 육박합니다.  VistaShares 인공 지능 슈퍼 사이클 ETF는 정오까지 약 7% 하락했습니다. 엔비디아에 대한 노출 비중은 3%에 불과하지만 다른 다양한 AI 주식을 보유하고 있습니다.  ""AI처럼 초기 단계에 있고 역동적인 분야에서 혁신과 경쟁이 나타나는 것은 그리 놀라운 일이 아닙니다.""라고 VistaShares의 공동 설립자이자 CEO인 Adam Patti는 말합니다. ""시장은 몇 달, 몇 년에 걸쳐 무엇이 효과가 있고 무엇이 우세할지 스스로 정리해야 할 것입니다.""  AI 열기의 급속한 성장으로 불과 7주 전에 출시된 VistaShares ETF의 자산이 금요일에 30억 달러 이상으로 증가했다고 회사는 밝혔다. VettaFi의 데이터에 따르면, 레버리지 펀드 중 가장 규모가 큰 2x GraniteShares Nvidia ETF는 금요일 현재 53억 달러의 자산을 보유하고 있으며 이는 GraniteShares 총 자산의 약 절반을 차지합니다.  리서치 회사 EPFR은 주간 분석에서 투자자들이 레버리지 기술 ETF에서 ""공격적으로"" 보유 자산을 처분한 한 주에 이어 매도세가 이어졌다고 말했습니다. 이 회사는 이러한 ETF가 사상 두 번째로 큰 주간 유출액인 18억 달러를 기록했으며, 투자자들은 레버리지 Nvidia 노출에서만 4억 달러를 매도했다고 말했습니다.  월요일에 이러한 ETF 및 기타 AI 테마 ETF에서 유출된자금에 대한 데이터는 화요일까지 제공되지 않습니다.     (Reporting by Suzanne McGee in Providence, Rhode Island; Editing by Megan Davies and Matthew Lewis)  Suzanne.McGee@thomsonreuters.com ; 917-285-4385; ))     (c) Copyright Thomson Reuters 2020. Click For Restrictions - https://agency.reuters.com/en/copyright.html        Keywords: DEEPSEEK-MARKETS/ETFS (PIX)   원문 바로가기    DISCLAIMER  레피니티브의 사전, 서면 승인 없는 톰슨로이터 콘텐츠의 재생산이나 재배포는 금지되어 있습니다. 이 기사의 한국어 번역은 에프앤가이드가 사용하는 기계적 번역에 의한 것으로 톰슨로이터와 레피니티브는 번역의 정확성을 보증하지 않습니다."
96,3,"2025-01-28","03:38:20","업데이트 1-DeepSeek, 이미지 생성에서 야누스 프로 AI 모델이 경쟁사를 능가한다고 밝혔습니다.","UPDATE 1-DeepSeek says its Janus Pro AI model beats rivals in image generation   1월 27일(로이터) - 딥시크의 새로운 오픈소스 AI 모델이 이미지 생성 벤치마크에서 Stability AI와 Microsoft가 지원하는 OpenAI의 모델을 능가했다고 중국 스타트업이 월요일 기술 보고서에서 밝혔습니다.  이 회사는 텍스트 프롬프트를 사용한 이미지 생성 리더보드 순위에서 자사의 야누스 프로-7B AI 모델이 OpenAI의 DALL-E 3와 Stability AI의Stable Diffusion보다 우수한 성능을 보였다고 밝혔습니다.  이 새로운 모델은 작년 말 출시된 야누스의 업그레이드 버전으로, 미국 애플 앱스토어에서 최고 등급의 무료 애플리케이션으로 자리매김한 딥시크-V3 모델을 기반으로 한 딥시크의 뒤를 잇는 제품입니다.  월요일에 중국에 본사를 둔 이 회사가 자사의 DeepSeek-V3 모델이 오픈 소스 모델 순위표에서 1위를 차지했다고 발표한 후 Nvidia와 Oracle과 같은 기술 주식이 상승했습니다.  딥시크의 기술 보고서에 따르면 새로운 모델은 학습 프로세스, 데이터 품질, 모델 크기를 업그레이드하여 야누스를 개선함으로써 이미지 안정성과 디테일이 더욱 풍부해졌습니다.  야누스 프로는 7,200만 개의 고품질 합성 이미지를 추가하고 실제 데이터와 균형을 맞춰 더욱 시각적으로 매력적이고 안정적인 이미지 결과물을 만들어냈다고 보고서는 덧붙였습니다.  이 스타트업은 최대 70억 개의 매개변수가 포함된 더 큰 모델 버전이 텍스트-이미지 생성 및 작업 이해의 학습 속도와 정확도를 향상시켰다고 덧붙였습니다.  OpenAI와 Stability AI는 논평 요청에 즉시 응답하지 않았습니다.     (Reporting by Akash Sriram in Bengaluru; Editing by Tasim Zahid and Maju Samuel)  Akash.Sriram@thomsonreuters.com ; On X as @HoodieOnVeshti; +91-99017-77617; ))     (c) Copyright Thomson Reuters 2020. Click For Restrictions - https://agency.reuters.com/en/copyright.html        Keywords: DEEPSEEK-JANUS/ (UPDATE 1)   원문 바로가기    DISCLAIMER  레피니티브의 사전, 서면 승인 없는 톰슨로이터 콘텐츠의 재생산이나 재배포는 금지되어 있습니다. 이 기사의 한국어 번역은 에프앤가이드가 사용하는 기계적 번역에 의한 것으로 톰슨로이터와 레피니티브는 번역의 정확성을 보증하지 않습니다."
96,4,"2025-01-28","03:35:54","판사, 일부 선서 지킴이들의 미국 의사당 출입 제한 해제","Judge drops restrictions on some Oath Keepers from entering US capitol  1월 27일 (로이터) - 월요일 판사가 2021년 1월 6일 국회의사당 테러 사건으로 형을 선고받고 석방된 극우단체오스 키퍼스의 전 지도자 스튜어트 로즈와 이 단체의 다른 일부에 대한 미국 의사당 출입 제한을 해제했다고 법원 명령이 발표되었습니다.     (Reporting by Andrew Goudsward and Costas Pitas; editing by Rami Ayyub)  Costas.Pitas@thomsonreuters.com ; Reuters Messaging: @Cpitas on X))     (c) Copyright Thomson Reuters 2020. Click For Restrictions - https://agency.reuters.com/en/copyright.html        Keywords: USA-TRUMP/CAPITOL (URGENT)   원문 바로가기    DISCLAIMER  레피니티브의 사전, 서면 승인 없는 톰슨로이터 콘텐츠의 재생산이나 재배포는 금지되어 있습니다. 이 기사의 한국어 번역은 에프앤가이드가 사용하는 기계적 번역에 의한 것으로 톰슨로이터와 레피니티브는 번역의 정확성을 보증하지 않습니다."
96,5,"2025-01-28","03:34:40","전 아르케고스 CFO 할리건, 8년 징역형 선고 받아","Former Archegos CFO Halligan gets 8-year prison sentence  뉴욕, 1월 27일(로이터) - 월스트리트 은행에 100억 달러 이상의 손실을 입힌 Archegos Capital Management의 전 최고재무책임자는 월요일에 회사의 2021년 붕괴에서 자신의 역할에 대해 징역 8년형을 선고받았습니다.  패트릭 할리건은 지난 7월 맨해튼 연방 배심원단으로부터 증권 사기, 보이스피싱, 공갈 공모 혐의로 유죄 판결을 받았습니다. 그의 전 상사였던 아르케고스 설립자 성국 ""빌"" 황도 같은재판에서 유죄 판결을 받았습니다.  할리건은 유죄판결과 형량에 불복해 항소하는 동안 보석으로 풀려날 것으로 예상됩니다. 그와 검찰은 형량을 8년으로 정하기로 합의했습니다.  할리건의 변호인인 메리 멀리건은 논평을 거부했습니다. 맨해튼에 있는 미국 검찰은 논평요청에 즉시 응답하지 않았습니다.  황씨는 11월에 징역 18년형을 선고받았습니다. 그는 또한 유죄 판결에 항소하고 보석으로 풀려났습니다. 맨해튼의 앨빈 헬러스타인 미국 지방법원 판사는 두 가지 형을 모두 선고했습니다.  한때 360억 달러를 관리하던 패밀리 오피스인 Archegos는 2021년 3월 황이 미디어 및 기술 주식에 집중적으로 베팅하기 위해 은행에서 받은 수백억 달러의 대출에 대한 마진콜을 충족하지 못하면서 무너졌습니다.  55억 달러의 손실을 입은 크레디트 스위스와 노무라 홀딩스를 포함한 여러 은행이 이번 붕괴로 손실을 입었습니다. 크레딧 스위스는 현재 UBS 의 일부가 되었습니다.  검찰은 구형 권고안에서 할리건이 황이 대출을 받고 시장을 왜곡하는 거래 규모를 축적하고 거래 상대방과 다른 사람들에게 위험을 은폐하는 데 주도적인 역할을 했다고 밝혔습니다.      (Reporting by Jonathan Stempel in New York; Editing by Bill Berkrot)  jon.stempel@thomsonreuters.com ; +1 646 223 6317; Reuters Messaging:      (c) Copyright Thomson Reuters 2020. Click For Restrictions - https://agency.reuters.com/en/copyright.html        Keywords: ARCHEGOS-FRAUD/ (PIX)   원문 바로가기    DISCLAIMER  레피니티브의 사전, 서면 승인 없는 톰슨로이터 콘텐츠의 재생산이나 재배포는 금지되어 있습니다. 이 기사의 한국어 번역은 에프앤가이드가 사용하는 기계적 번역에 의한 것으로 톰슨로이터와 레피니티브는 번역의 정확성을 보증하지 않습니다."
96,6,"2025-01-28","03:33:25","버즈-렌딩트리, 중개업의 '긍정적' 법적 승리로 주가 급등","BUZZ-LendingTree soars as brokerage hails 'positive' legal win  ** 온라인 대출 마켓플레이스 렌딩트리의 주가는 19.4% 급등, 종가는 48.20달러로 16.3% 상승했습니다.  ** 노스랜드 캐피털은 지난주 미국 제11회 연방순회항소법원이 연방통신위원회(FCC)의 권한을 넘어섰다는 판결을 내린 것은 TREE에게 ""훌륭한 결과""라고 말했습니다.  ** 2023년 FCC는 ""원치 않는 불법 텔레마케팅 전화 및 문자""를 방지하기 위해 일련의 새로운 규칙을 채택했습니다.  ** 브로커리지 측은 당초 2025년 1월 말 시행될 것으로 예상했던 이 규정이 트리의 비즈니스 모델에 상당한 도전을 안겨줬다고 말합니다.  ** 이 규칙으로 인해 TREE의 내부 리드 생성 기능이 제한되고 고객이 개별 은행, 대출 기관, 보험사 등에 명시적으로 동의하는 추가 단계가 필요했을까요? 노스랜드  ** 노스랜드는 이번 판결이 TREE에 ""긍정적인 결과""라고 말하며, 앞으로 모든 불확실성을 제거하는동시에 지속적인 성장을 위한 길을 열어줄 것이라고 덧붙였습니다.     (Reporting by Arasu Kannagi Basil in Bengaluru)  ArasuKannagi.Basil@thomsonreuters.com        (c) Copyright Thomson Reuters 2020. Click For Restrictions - https://agency.reuters.com/en/copyright.html   원문 바로가기    DISCLAIMER  레피니티브의 사전, 서면 승인 없는 톰슨로이터 콘텐츠의 재생산이나 재배포는 금지되어 있습니다. 이 기사의 한국어 번역은 에프앤가이드가 사용하는기계적 번역에 의한 것으로 톰슨로이터와 레피니티브는 번역의 정확성을 보증하지 않습니다."
96,7,"2025-01-28","03:33:18","업데이트 1- 르완다 고마 시내에서 전투가 계속되고 있다고 유엔은 말합니다.","UPDATE 1-Fighting ongoing across DRC's Goma, Rwanda troops in city, says UN    유엔, 1 월 27 일 (로이터) - 콩고 민주 공화국 동부의 가장 큰 도시에서 전투가 계속되고 있으며 ""아직 끝나지 않았습니다.""라고 콩고 주재 유엔 고위 관리 인 브루노 르 마르퀴스는 르완다의 지원을받는 M23 반군이 고마를 장악했다고 주장한 후 월요일에 말했습니다.  ""전투가 벌어지고 있는 지역은 도시의 모든 지역, 모든 동네로 확산되었습니다.""라고 킨샤사에서 유엔 특사이자 콩고민주공화국의 최고 유엔 구호 관리인 르마르퀴스는 뉴욕의 기자들에게 영상을 통해말했습니다.  월요일 새벽 반군과 콩고군은 국경을 넘어 르완다 군과 총격을 주고받으며 10년 만에 최악의 사태로 확대되었습니다.  ""고마에 M23을 지원하는 르완다 군대가 있다는 것은 의심의 여지가 없습니다. 물론 그 숫자를 정확히 말하기는 어렵습니다.""라고 유엔 평화유지군 책임자 장 피에르 라크루아도 현재 방문 중인 다마스쿠스에서 뉴욕의 기자들에게 영상을 통해 말했습니다.  그는 콩고 동부의 현장 상황을 ""불안정하고 위험하다""고 설명하며 이렇게 말했습니다: ""유엔 평화유지군은 여전히 현장에 남아 있습니다.""  투치족이 이끄는 M23 민병대가 이끄는 반군 연합은 르완다와의 국경에 위치한 난민과 구호 단체의 주요 거점이자 2012년 M23이 마지막으로 점령한 인구 200만 명 이상의 호반 도시를 점령했다고 밝혔습니다.  레마르퀴스는 월요일 새벽 포격이 고마 시내 중심부를 향했고 산부인과 병원을 공격해 ""신생아와 임산부를 포함한 민간인이 사망하고 부상당했다""고 말했습니다.  ""현장의 동료들이 보고한 장면은 혼란스러웠습니다.""라고그는 말했습니다.   12월의 유엔 임무에는 콩고에 10,960명의 평화유지군과 1,750명의 민간인이 배치되어 있으며, 대부분 동부에 배치되어 있습니다. 르마르퀴스는 콩고민주공화국의 비필수 인력이 우간다로 이동하고 있다고 말했습니다.  레마르퀴스는 월요일에 고마의인터넷이 끊기고 전화 서비스가 불규칙했으며 수도와 전기 공급이 중단되었다고 말했습니다.     (Reporting by Michelle Nichols, Ryan Patrick Jones; Editing by Hugh Lawson)  ryan.jones@thomsonreuters.com     (c) Copyright Thomson Reuters 2020. Click For Restrictions - https://agency.reuters.com/en/copyright.html        Keywords: CONGO-SECURITY/UN (UPDATE 1, TV)   원문 바로가기    DISCLAIMER  레피니티브의 사전, 서면 승인 없는 톰슨로이터 콘텐츠의 재생산이나 재배포는 금지되어 있습니다. 이 기사의 한국어 번역은 에프앤가이드가 사용하는 기계적 번역에 의한 것으로 톰슨로이터와 레피니티브는 번역의 정확성을 보증하지 않습니다."
97,1,"2025-01-28","03:14:04","업데이트 2-변호사 그룹, 미국의 신규 은행 설립 절차 간소화를 위한 개편 촉구","UPDATE 2-Lawyer group urges overhaul to ease US process for setting up new banks    1월 27일(로이터) - 미국 규제 당국은 새로운 은행 설립을 위한 인가 절차를 간소화해야 한다고 변호사 그룹이 은행 기관의 차기 지도부에 보낸 서한에서 핀테크 시대에 업계가 적응해야 한다고 강조했습니다.  이 그룹은 월요일에 공개될 예정인 서한에서 현재의 ""관료적 비효율성""이 ""거의 뚫을 수 없는 진입 장벽""을 초래했으며 규제 당국은 경쟁을 강화하기 위해 새로운 은행 설립을 장려해야 한다고 말했다고 로이터 통신이 사본을 입수했습니다.  ""은행업은 우리 경제에서 인정받는 동력입니다. 대법원은 은행 집중이 경제 집중으로 이어진다는 점을 분명히 했습니다.""라고 금융 자문 회사 클라로스 그룹의 공동 창립자이자 이니셔티브의 리더인 미셸 알트는 말합니다.  이 서한은 기업 임원들이 과도한 관료주의를 없애겠다고 공약한도널드 트럼프 미국 대통령의 친기업적 규제 환경에 기대를 걸고 있는 시점에 발표되었습니다.  또한 미국에서 은행 신규 인가를 받는과정이 1년 이상 길어지고 여러 기관의 참여가 필요한 복잡한 과정을 강조합니다.  최근 몇 년 동안 전통적인 대출 기관은 특히 팬데믹으로 인해 저렴한 자금 조달을 위한 디지털 대안의 채택이 가속화되면서 핀테크와 같은 비은행 기관에 일부 지위를 내주었습니다.  이달 초 미국 연방예금보험공사(FDIC)의 트래비스 힐 의장 대행은 더 많은 기업이 은행 인가를 받도록 장려하는 것이 향후 몇 달 동안 규제 당국의 초점이 될 것이며, 이는 이 분야의 신규 진입자의 건전한 파이프라인을 보장하기 위한 것이라고 말했습니다.  은행 시스템 감독을 담당하는 세 가지 주요 기관인 FDIC, 연방준비제도이사회, 통화감독국은 월요일에 논평을 거부했습니다.     현실적인 기대치  2010년부터 2023년까지 신규 은행 인가 신청이 연평균 5건만 승인된 반면, 2000년부터 2007년 사이에는 연평균 144건이 승인되었다고 이서한은 지적했습니다.  업계 수익을 압박하는 저금리 환경이 하락의 주요 요인이었지만, 2008년 금융 위기 이후 부담스러운 규제와 은행 부실 우려의 고조도 한몫했습니다.  변호사들은 혁신을 촉진하려면 규제 당국이 현실적인 벤치마크를 설정하고 실패를 신생 은행의 고유한 위험으로 인식해야 한다고 말했습니다.  ""현재 기관들은 애플리케이션이 실질적으로 성공을 보장할 것으로 기대하는데, 이는 지나치게 높은 기준입니다.""라고 이들은 말합니다.  은행 업계 관계자들은 2023년 3개 대출 기관의 파산과 같은 실패를 더 엄격한 규제를 부과하기 위한 구실로 삼는 당국을 오랫동안 비판해 왔습니다.  변호사들은 또한 신청 절차의 투명성을 개선하고 120일의 검토 기간을 약속할 것을 해당 기관에 촉구했습니다.     (Reporting by Niket Nishant in Bengaluru; Editing by Mrigank Dhaniwala and Devika Syamnath)  Niket.Nishant@thomsonreuters.com     (c) Copyright Thomson Reuters 2020. Click For Restrictions - https://agency.reuters.com/en/copyright.html        Keywords: USA-BANKS/REGULATION (UPDATE 2, PIX)   원문 바로가기    DISCLAIMER  레피니티브의 사전, 서면 승인 없는 톰슨로이터 콘텐츠의 재생산이나 재배포는 금지되어 있습니다. 이 기사의 한국어 번역은 에프앤가이드가 사용하는 기계적 번역에 의한 것으로 톰슨로이터와 레피니티브는 번역의 정확성을 보증하지 않습니다."
97,2,"2025-01-28","03:12:49","업데이트 3-에머슨, 72억 달러에 아스펜테크 잔여 지분 인수","UPDATE 3-Emerson to buy remaining stake in AspenTech for $7.2 bln   1월 27일(로이터) - 에머슨 일렉트릭은 72억 달러에 달하는 지분 가치의 거래에서 아직 소유하지 않은 아스펜테크의 나머지 지분을 매입하기로 합의했다고 월요일에 밝혔다.  이 거래를 통해 현재 아스펜테크의 지분 약 57%를 소유하고 있는 에머슨은 산업 자동화 부문에 대한 집중력을 강화할 수 있게 되었습니다.  에머슨은 나머지 지분을 전액 현금 공개매수 방식으로 주당 265달러에 매입하겠다고 제안했으며, 이에 따라 AspenTech의 기업 가치는 168억 달러에 달합니다.  주당 가격은 지난 11월에 기록한 주당 240달러에서 10.4% 프리미엄이 붙은 수준입니다.  2025년 상반기에 예상되는 거래가 완료되면 Aspen은 에머슨의 완전 소유 사업부로 운영될 예정입니다.  에머슨은 기존 보유 현금과 부채 조달을 통해 지분 매입 자금을 조달할 계획입니다.  골드만 삭스와 센터뷰 파트너스는 에머슨의 재무 자문사이며, 카탈리스트 파트너스와 시티는 아스펜테크의 독립적인 재무 자문사로 활동하고 있습니다.  Emerson은 소프트웨어 사업부를 소규모 경쟁사와 합병한 후 2022년에 Aspen의 55%를 장악했습니다.  100년전에 설립된 에머슨은 지난 몇 년 동안 포트폴리오를 간소화하여 기업들이 공장 현장을 현대화하여 자동화를 확대함에 따라 기술에 집중할 수 있도록 했습니다.  아스펜의 주가는 오후 거래에서 263.5달러로 약 3.3% 상승한 반면 에머슨은 1.7% 하락했습니다.     (Reporting by Utkarsh Shetti in Bengaluru; Editing by Shailesh Kuber and Alan Barona)  UtkarshUmesh.Shetti@thomsonreuters.com     (c) Copyright Thomson Reuters 2020. Click For Restrictions - https://agency.reuters.com/en/copyright.html        Keywords: ASPENTECH-M&A/EMERSON (UPDATE 3)   원문 바로가기    DISCLAIMER  레피니티브의 사전, 서면 승인 없는 톰슨로이터 콘텐츠의 재생산이나 재배포는 금지되어 있습니다. 이 기사의 한국어 번역은 에프앤가이드가 사용하는 기계적 번역에 의한 것으로 톰슨로이터와 레피니티브는 번역의 정확성을 보증하지 않습니다."
97,3,"2025-01-28","03:11:16","라이브 마켓- 10% 조정을 촉발할 수 있는 3가지 리스크","LIVE MARKETS-Three risks that could spur a 10% correction   10% 조정을 촉발할 수 있는 세 가지 리스크  S&P 500 지수가 연이어 20% 이상 상승한이후 2025년 증시가 순조로운 출발을 보이고 있지만, 스티펠의 수석 주식 전략가 배리 배니스터는 증시에 부담을 줄 수 있는 세 가지 리스크를 보고 있습니다.  배니스터는 월요일에 발표한 메모에서 이러한 위험으로 인해 S&P 지수가 약 10% 조정될 수 있으며, 이로 인해 벤치마크 S&P 지수가 약 5,500까지 하락할 수 있다고 말했습니다.  배니스터는 일부 투자자들은 현재의 성장 주도형 시장에서 가치 주도형시장으로, 또는 주가수익비율(P/E)에서 주당순이익 시장으로의 순조로운 전환을 기대하고 있지만, ""역사와 우리의 경제 관점은 그렇지 않다는 것을 시사한다""고 말했습니다.  배니스터에 따르면 P/E 극단은 ""새로운 시대"" 또는 ""새로운 경제"" 사고에서 발생하며, 미국 대형주 지수는 현재 약 130년 만에 다섯 번째 ""매니아""에 진입한 상태입니다. S&P 500 P/E 비율이 정점을 찍었다는 것은 대형주 성장률이 가치 대비 초과수익을 기록했다는 뜻이기도 합니다.  과거에도 이러한 성장 대비 가치 정점 사례는 S&P 500 지수에서 정점을 찍고 주가가 급락한 바있습니다.  현재 시장은 올해 연준의 25bp 금리 인하를 한 차례 예상하고 있지만, 배니스터는 올해 핵심 PCE 인플레이션이 2.7%에서 2.9% 사이에 머물고 임금 상승률도 둔화될 것으로 보고 있습니다. 이로 인해 연준의 금리 인하가 보류될 수 있으며, 배니스터가 보기에 ""GDP가약화될 때까지 금리 인하 가능성은 거의 없다""는 것이 배니스터의 견해입니다.  마지막으로, 벤치마크 10년 만기 미국 국채의 수익률 상승과 정책 및 인플레이션으로 인한 곡선은 ""곧 경제지표 약세를 의미""하며, 이 모든 것이 결합되어 가벼운 스태그플레이션과 약 10%의 조정이 예상됩니다.  따라서 배니스터는 유틸리티와 같은 방어적 가치와 제약, 생명공학 및 생명과학이 아웃퍼폼할 것으로 예상합니다.      (척 미콜라작)  *****        월요일의 이전 라이브 마켓 게시물을 확인해보세요:     인공지능 트레이더의 코가 피투성이가 되었지만, 다른 파이터들이 그 자리를 차지할 수 있을까요? -     새 집 냄새: 신규 단독 주택 판매량이 예상을 뛰어넘는 수준입니다.     딥시크는 초기 거래에서 주식을 가라앉힙니다:     딥시크릿 위협 딥식싱 미국 주식 선물 -     국채에 긍정적인 영향을 미치기에는 불확실성이 너무 큽니다.     무엇이 시장을 무너뜨릴 수 있을까요? -     10월 이후 최악의 날을 맞이한 STOXX TECH의 딥시크릿 우려 -.     비포 더 벨: 유럽에서는 위험합니다.     중국의 AI 도전자, 투자자들을 긴장하게 만들다.           (c) Copyright Thomson Reuters 2020. Click For Restrictions - https://agency.reuters.com/en/copyright.html        Keywords: GLOBAL-STOCKS/   원문 바로가기    DISCLAIMER  레피니티브의 사전,서면 승인 없는 톰슨로이터 콘텐츠의 재생산이나 재배포는 금지되어 있습니다. 이 기사의 한국어 번역은 에프앤가이드가 사용하는 기계적 번역에 의한 것으로 톰슨로이터와 레피니티브는 번역의 정확성을 보증하지 않습니다."
97,4,"2025-01-28","03:10:36","서학개미 연휴에 비상..딥시크 쇼크에 엔비디아 16% 폭락","860조원 가치 하루만에 사라져 브로드컴 18% 하락.. AI인프라 폭락의 날 미국 AI, 중국에 따라 잡혔나 우려 커져   중국의 인공지능(AI) 스타트업 ‘딥시크(Deepseek)’로 인해 엔비디아 주가가 장중 16% 폭락했다. 나스닥100 지수는 3.44% 폭락했다. 27일(현지시간) 미국 서부시간 오전10시 기준 엔비디아는 전일대비 16.84% 폭락한 118.6달러에 거래됐다. 약 6000억달러(약 862조원)의 기업가치가 사라진 것으로 삼성전자 시총의 약 2.5배수준이다. 이는 엔비디아 역사상 하루만에 가장 큰 폭으로 하락한 것으로, 폭락전 엔비디아가 시총 3조달러의 미국 1위 기업이었던 만큼, 미국 주식시장 역사상 한 기업의 가치가 가장 큰 폭으로 떨어진 사건으로 기록될 것으로 보인다. 딥시크 쇼크는 테크주 전반의 조정을 유도했다. 나스닥은 전일대비 3.43% 하락한 21026.48를 기록했다. 브로드컴이 18.15% 폭락해 엔비디아보다 하락폭이 컸으며, 오라클 13.39%, 마이크로소프트가 3.75%, 아마존이 1.39%, 알파벳(구글)이 3.21%, 테슬라가 2.56% 하락했다. 대체로 AI모델이나 AI인프라 구축에 대규모 투자를 한 기업들이 주로 하락했다. 반면 낮은 AI비용으로 혜택을 볼 수 있는 테크기업들은 주가가 올랐다. 애플은 3.27% 급등했고, 세일즈포스 4.69%, 서비스나우 1.24% 상승했다. 미국 제프리스의 애널리스트는 고객 메모를 통해 “고성능 반도체와 대규모 컴퓨팅 파워 및 전력에 의존하는 현재의 AI 비즈니스모델에 (딥시크가) 파괴자가 될 수 있다는 우려가 즉각적으로 떠오르고 있다”고 설명했다. 딥시크는 중국 헤지펀드 하이플라이어가 만든 AI스타트업으로 지난해 처음 자체 AI모델인 ‘딥시크’를 공개했다. 이번달 20일 내놓은 ‘딥시크-R1’이오픈AI의 최신 모델인 o1를 비롯해 미국 빅테크 기업들의 AI에 육박하는 성능을 보여주고 있다. 심지어 이를 만드는 비용은 빅테크기업들의 10분의 1 정도에 불과하다. 훨씬 낮은 성능의 엔비디아 GPU만으로 빅테크기업들의 AI성능을 낸 것이다. 이에 따라 월가에서는 빅테크기업들의 엔비디아 반도체에 대한 투자가 과도했던 것이 아니냐는 불신이 커졌고 이것이 엔비디아를 비롯해 AI인프라 주 전반의 폭락으로 이어졌다. 뿐만 아니라 미국의 AI개발이 ‘가성비’인 중국에 이미 따라잡혔다는 공포가 미국 사회 전반에 확대되고 있다. 실리콘밸리 유명 투자자인 안드레센 호로위츠(a16z)의 마크 안드레센 창업자는 “딥시크는 AI의 스푸트니트 모먼트”라면서 “내가 지금까지 봤던 가장 인상적인 기술적 돌파구 중 하나”라고 평가했다. [실리콘밸리=이덕주 특파원]    [ⓒ 매일경제 & mk.co.kr, 무단 전재, 재배포 및 AI학습 이용 금지]"
97,5,"2025-01-28","03:08:55","버즈-에너지 기업들, 중국 경제지표 부진에 하락, 딥시크의 시장에 대한 압력","BUZZ-Energy firms fall on weak Chinese economic data, DeepSeek's pressure on markets   ** 유가 하락으로 S&P 500 에너지 지수 1.2% 하락  ** 브렌트유 선물은 배럴당 76.53달러로 2.5% 하락, 미국 서부 텍사스산 중질유(WTI)는 배럴당 72.60달러로 2.8% 하락했습니다.  ** 중국 스타트업의 저가 인공지능 모델에 대한 투자자들의 관심이 급증했다는 소식에 투자자들이 투자처를 찾으면서 유가는 월가 기술 및 에너지 주식의 하락 압력으로 2주 만에 최저치로 떨어졌습니다.  ** 중국 경제지표 부진과 도널드 트럼프 미국 대통령의 관세 부과가 경제 성장과 에너지 수요를 더욱 압박할 것이라는 우려로 유가는 장 초반 하락세를 보였습니다.  ** 데본 에너지, 다이아몬드백 에너지, 퍼미안 리소스, 스트라스코나 리소스, 캐나다 천연 자원과 같은 생산업체는 모두 1%에서 2% 사이입니다.  ** 리버티 에너지 9.8%, 베이커 휴즈 3.7%, 할리버튼 1.7% 등 유전 서비스 기업 하락  ** 9.1% 하락, 에너지 트랜스퍼 5.8% 하락, 원오케이 4.3% 하락, 플레인즈 올 아메리칸 파이프라인 1.8% 하락 등 미드스트림 기업 하락세     (Reporting by Seher Dareen in Bengaluru)  Seher.Dareen@thomsonreuters.com        (c) Copyright Thomson Reuters 2020. Click For Restrictions - https://agency.reuters.com/en/copyright.html   원문 바로가기    DISCLAIMER  레피니티브의 사전, 서면 승인 없는 톰슨로이터 콘텐츠의 재생산이나 재배포는 금지되어 있습니다. 이 기사의 한국어 번역은 에프앤가이드가 사용하는 기계적 번역에 의한 것으로 톰슨로이터와 레피니티브는 번역의 정확성을 보증하지 않습니다."
97,6,"2025-01-28","03:03:40","경북 북동 산지에 대설경보…영주에 대설경보 유지","경북 북동 산지에 대설경보…영주에 대설경보 유지       (대구=연합뉴스) 기상청은 28일 오전 3시를 기해 경북북동산지에 대설경보를 발효했다고 밝혔다.      대설경보는 24시간 동안 눈이 20㎝ 이상 쌓일 것으로 예측될 때 내려진다.      경북 영주에도 대설경보가 내려진 상태다.      weather_news@yna.co.kr  (끝)     <저작권자(c) 연합뉴스, 무단 전재-재배포, AI 학습 및 활용 금지>"
97,7,"2025-01-28","03:03:09","요약-멀티튜드 AG, 안티 쿰풀라이넨을 멀티튜드 그룹 CEO로 임명하다","BRIEF-Multitude AG Says Antti Kumpulainen Appointed As CEO Of Multitude Group  1월 27일 (로이터) - Multitude AG :  멀티플 AG - 안티 쿰풀라이넨, 멀티플 그룹 CEO로 임명됨   멀티튜드 - 그룹은 대출 관련 및 기타 일부 법인을 멀티튜드 은행 산하로 이전하고 자회사 구조를 단순화하기 위해 노력하고 있습니다.   멀티플 AG: 미래에 필수적이지 않은 법인 수를 줄여 구조를 최적화할 계획입니다.   소스 텍스트: (  Further company coverage:      Reuters.Briefs@thomsonreuters.com        (c) Copyright Thomson Reuters 2020. Click For Restrictions - https://agency.reuters.com/en/copyright.html   원문 바로가기    DISCLAIMER  레피니티브의 사전, 서면 승인 없는 톰슨로이터 콘텐츠의 재생산이나 재배포는 금지되어 있습니다. 이 기사의 한국어 번역은 에프앤가이드가 사용하는 기계적 번역에 의한 것으로 톰슨로이터와 레피니티브는 번역의 정확성을 보증하지 않습니다."
98,1,"2025-01-28","02:41:26","[美특징주]마이크로스트래티지, 비트코인 추가 매입…주식 발행으로 자금 조달","[이데일리 정지나 기자] e비즈니스 소프트웨어 및 서비스 제공 기업 마이크로스트래티지(MSTR)는 27일(현지시간) 비트코인을 추가 매입하며보유량을 47만개 이상으로 늘렸다고 밝혔다. 마이크로스트래티지는 비트코인 구매를 위한 자금을 확보하기 위해 주식을 발행할 계획도 발표했다.  배런스 보도에 따르면 마이크로스트래티지는 미국 증권거래위원회(SEC)에 제출한 보고서를 통해 1월 21일부터 26일까지 약 1만107개의 비트코인을 11억달러에 매입했다고 전했다. 이번 매입으로 보유 비트코인 수는 47만1107개, 총 투자 금액은 약 304억달러로 늘었다.  마이크로스트래티지는 추가적인 비트코인 매입을 위해 250만주의 영구 스트라이크 우선주(perpetual strike preferred stock)를 공모를 통해발행할 계획이라고 밝혔다. 발행으로 모은 자금은 운영 자본과 비트코인 추가 구매 등 일반적인 기업 목적으로 사용될 예정이다.  1989년에 설립된 마이크로스트래티지는 2020년부터 비트코인을 적극적으로 매입하며 세계 최대 비트코인 재무 자산 회사로 자리매김하고 있다.  마이크로스트래티지 주가는 이날 기술주의 전반적인 매도세와 더불어 하락했다. 특히 중국 AI 스타트업 딥시크의 AI 챗봇이 애플 앱스토어에서 상위에 오르며 AI 시장 내 경쟁 우려가 높아진 것이 주식시장에 큰 영향을 미쳤다.  이날 오후 12시 35분 기준 마이크로스트래티지 주가는 5.09% 하락한 335.68달러에 거래되고 있다.   ＜ⓒ종합 경제정보 미디어 이데일리 - 무단전재 & 재배포 금지＞"
98,2,"2025-01-28","02:41:11","파리 밀은 수출 전망 부진, 대외 시장 약세로 6주 만에 최저치를 기록했습니다.","Paris wheat hits six-week low on poor export outlook, weak outside markets  함부르크/파리, 1월 27일 (로이터) - 월요일 유로넥스트 밀은 약한 수출 전망이 시장에 드리워진 가운데 더 넓은 시장에서의 긴장감도 부담으로 작용하면서 6주 만에 최저치로 떨어졌습니다.  파리 소재 유로넥스트의 3월 밀 벤치마크 가격은 톤당 224.75유로($235.72)로 0.5% 하락 마감했습니다.  앞서 12월 4일 이후 최저치인 223.75유로까지 떨어졌지만, 차트에서는 그 수준에서 지지선을 찾았습니다.  유로넥스트는 아르헨티나의 감산 발표 소식에 미지근한 국제 수요에 대한 치열한 경쟁에 대한 우려가 심화되면서 금요일부터 손실이 확대되고 있었습니다.  한 딜러는 ""실물 수요가 부족해 일부 트레이더가 선물 가격을 낮추려고 합니다.""라고 말했습니다.  프랑스의 경우, EU 최대 생산국인 프랑스의 밀 수출량은 지난 수십 년 동안 유지되어 왔기 때문에 여전히 드물었습니다.  시카고 밀과 옥수수는 하락했고, 아르헨티나 밀은 하락세를 보였습니다.  도널드 트럼프 미국 대통령과 콜롬비아의 교착 상태가 무역긴장에 대한 우려를 다시 불러일으켰고, 주식 시장 하락도 압력을 가중시켰습니다.  한 독일 상인은 ""아르헨티나 밀은 세계에서 가장 저렴한 대량 밀 수출 원산지이며, 이제 더 많은 아르헨티나 밀이 세계 시장에 출시될 수 있을 것으로 보입니다.""라고 말했습니다.   트레이더들은 지난주 유럽연합의 주요 고객인 모로코가 러시아산 밀을 톤당 250달러 미만의 비용과 운임(C&F)으로 두 차례 구매했다고 밝혔습니다.  폴란드의 물가 하락과 함께 폴란드의 수출도 흑해의 저가 경쟁으로 인해 하락했습니다.  2월 폴란드산 12.5% 밀의 수출 가격은 한 주 동안 톤당 약 5밀리언 즈워티(235.47달러) 하락한 톤당 945밀리언 즈워티(235.47달러)를 기록했습니다.  한 폴란드 무역업자는 ""폴란드 수출이 낮은데다 국내 가격이 높아 수출 시장에서 폴란드의 경쟁력이 떨어진다""고 말했습니다.  그디니아에서 남아프리카 공화국으로 수출하기 위해 52,000톤을 적재한 선박이 EU 외부로 폴란드 밀을 적재한 것으로 보고된 대형 선박은 단 한 척뿐입니다.     (Reporting by Michael Hogan and Gus Trompiz, editing by Sharon Singleton)  michael.j.hogan@thomsonreuters.com ; +49 172 671 36 54; Reuters Messaging:      (c) Copyright Thomson Reuters 2020. Click For Restrictions - https://agency.reuters.com/en/copyright.html        Keywords: EUROPE-GRAINS/   원문 바로가기    DISCLAIMER  레피니티브의 사전, 서면 승인 없는 톰슨로이터 콘텐츠의 재생산이나 재배포는 금지되어 있습니다. 이 기사의 한국어 번역은 에프앤가이드가 사용하는 기계적 번역에 의한 것으로 톰슨로이터와 레피니티브는 번역의정확성을 보증하지 않습니다."
98,3,"2025-01-28","02:38:08","스펙트럼 브랜즈 홀딩스(SPB) 사업보고서(수정)공시 발생 알림","1월 27일, 뉴욕증권거래소기업 스펙트럼 브랜즈 홀딩스(SPB)의 사업보고서(수정)에 관한 수정공시가 발표됨.  자세한 내용은 다음의 링크내용(영문)을 확인하기 바랍니다.  https://www.sec.gov/ix?doc=/Archives/edgar/data/109177/000010917725000003/spb-20240930.htm   * 이용상의 주의 사항  금융시장의 변동에 따라 실적 발표 일정과 공시는 지속적으로 변동됩니다. 본 서비스는 미국 실적 공시를 실시간 데이터화 하여 제공함에 있어 공시의 오류, 데이터 수집 프로세스상의 에러 및 지연 등 다양한 서비스상의 오류와 지연이 있을 수 있습니다. 본 서비스를 이용함에 있어 그 이용에 따르는 책임은 이용자 본인에게 있으며, 어떠한 거래 손실이나 다른 손실에 대해서도 책임지지 않습니다."
98,4,"2025-01-28","02:37:50","르완다 고마 전역에서 전투가 계속되고 있다고 유엔, 르완다 군이 밝혔습니다.","Fighting ongoing across DRC's Goma, Rwanda troops in city, says UN  유엔, 1월 27일 (로이터) - M23 반군이 콩고민주공화국 동부의 최대 도시를 장악했다고 주장한 후 유엔 고위 관리브루노 르마르퀴스는 고마 전역의 전투가 ""여전히 매우 진행 중이며 매우 유동적이며 아직 끝나지 않았다""고 말했습니다.  ""고마에 M23 을 지원하는 르완다 군대가 있다는 것은 의심의 여지가 없습니다. 물론 정확한 숫자를 말하기는 어렵습니다.""라고 장 피에르 라크루아 유엔평화유지군 책임자는 언론 브리핑에서 기자들에게 말했습니다.     (Reporting by Michelle Nichols; Ryan Patrick Jones)  ryan.jones@thomsonreuters.com     (c) Copyright Thomson Reuters 2020. Click For Restrictions - https://agency.reuters.com/en/copyright.html        Keywords: CONGO-SECURITY/UN (URGENT)   원문 바로가기    DISCLAIMER  레피니티브의 사전, 서면 승인 없는 톰슨로이터 콘텐츠의 재생산이나 재배포는 금지되어 있습니다. 이 기사의 한국어 번역은 에프앤가이드가 사용하는 기계적 번역에 의한 것으로 톰슨로이터와 레피니티브는 번역의 정확성을 보증하지 않습니다."
98,5,"2025-01-28","02:34:48","버즈-월그린, 플라타너스 '대부분 죽었다'는 보도 이후 하락세","BUZZ-Walgreens falls after report says deal with Sycamore 'mostly dead'   ** 약국 체인 월그린 부츠 얼라이언스 주가가 6.2% 하락한 $11.14  ** 사모펀드 시카모어 파트너스와 WBA 간의 거래는 ""거의 끝났다""고 CNBC 저널리스트 데이비드 파버는 이 문제에 정통한 소식통을 인용해 방송에서다음과 같이 말했습니다.  ** 언론 매체에 따르면 WBA는 시카모어 파트너스를 찾고 있었으며 다른 잠재적 인수자들과도 접촉했습니다.  ** 월그린은 논평을 거부했습니다.  ** ""거래 규모, 자금 조달 고려 사항, 강력한 기대 수익률을 찾는 데 어려움을 겪었던 잠재적거래"" - Leerink Partners  ** 이달 초 WBA 애널리스트들은 1분기 수익에 대한 기대치를 상향 조정하고 구조조정이 진행되고 있다고 밝혔습니다.  ** 리링크 애널리스트들은 ""이러한 모멘텀을 유지하는 것이 투자심리 회복의 핵심 동력이 될 것이지만, 거래 투기가 줄어들면서 주가 변동성이 더 커져도 놀라지 않을 것""이라고 말합니다.  ** 세션 이동 포함, 지난 12개월 동안 주식은 ~51% 하락했습니다.     (Reporting by Mariam Sunny in Bengaluru)  Mariam.ESunny@thomsonreuters.com        (c) Copyright Thomson Reuters 2020. Click For Restrictions - https://agency.reuters.com/en/copyright.html   원문 바로가기    DISCLAIMER  레피니티브의 사전, 서면 승인 없는 톰슨로이터 콘텐츠의 재생산이나 재배포는 금지되어 있습니다. 이 기사의 한국어 번역은 에프앤가이드가 사용하는 기계적 번역에 의한 것으로 톰슨로이터와 레피니티브는 번역의 정확성을 보증하지않습니다."
98,6,"2025-01-28","02:33:17","인플레이션이 달러의 문제가 되면서 버즈-엔이 수혜를 볼 수 있습니다.","BUZZ-Yen may benefit as inflation becomes dollar's problem  인플레이션과 미국 실질 금리가 달러 강세장에서는 더 큰 문제가 될 수 있습니다.   2년물 손익분기점과 USD 사이의 롤링 상관관계는 10월 이후 가장 역전되었습니다.   엔화는 달러화 약세와 인플레이션 우려의 조합으로 수혜를 보고 있습니다.   미국 손익분기점과 금의 역전 관계가 상승하고 있습니다.   달러가 하락함에 따라 달러/엔과 달러/위안도 함께 움직이고있습니다.   인플레이션이 높은 수준을 유지하고 있는 가운데 비둘기파적인 연준은 달러화 하락을 악화시킬 수 있습니다.   달러 약세는 시간이 지남에 따라 수입 가격에도 영향을 미칩니다.           자세한 내용을 보려면      (로버트 풀렘은 로이터 시장 분석가입니다. 표현된 견해는 본인의 의견입니다.)  Robert.Fullem@thomsonreuters.com        (c) Copyright Thomson Reuters 2020. Click For Restrictions - https://agency.reuters.com/en/copyright.html   원문 바로가기    DISCLAIMER  레피니티브의 사전, 서면 승인 없는 톰슨로이터 콘텐츠의 재생산이나 재배포는 금지되어 있습니다. 이 기사의 한국어 번역은 에프앤가이드가 사용하는 기계적 번역에 의한 것으로 톰슨로이터와 레피니티브는 번역의 정확성을 보증하지 않습니다."
98,7,"2025-01-28","02:32:02","중국, 미국 내 중국인 확진자 송환 의지 표명","China signals willingness to repatriate confirmed Chinese nationals from the US  워싱턴, 1월 27일 (로이터) - 도널드 트럼프 미국 대통령이 일부 국가가 추방자 수용에 협조하지 않으면 관세와 제재를 가하겠다고 위협한 가운데 중국은 월요일 미국으로부터 확진된 중국인을 송환할 용의가 있다고 밝혔습니다.  최근 몇달 동안 미국 이민세관단속국(ICE)은 미국에 체류할 법적 근거가 없다고 판단되는 중국인 수백 명을 태운 전세기 5대를 중국으로 보냈습니다.  그럼에도 불구하고 미국 국토안보부 관리들은 중국이 여행 서류 발급을 거부하며 송환 협조를 오랫동안 거부해 왔다고 말하며 좌절감을 드러냈습니다.  미 국무부는 추방 명령을 받은 수만 명의 중국 국적자에 대한 미국 내 수용을 거부한 중국 관리들에게 비자제재를 포함한 처벌을 강화할 것이라고 경고했습니다.   마오 닝 중국 외교부 대변인은 베이징에서 열린 정례 브리핑에서 기자들에게 ""우리는 미국 및 다른 국가의 이민 및 법 집행 부서와 실질적인 협력을 수행했으며 이는 생산적이었다""고 말했습니다.  마오 대변인은 미국에 불법 체류 중이거나 서류 없이 체류 중인 중국인을 송환할 것이냐는 질문에 ""송환에 관한 한 중국 본토에서 중국인으로 확인된 송환자를 검증을 거쳐 받아들이는 것이 중국의 원칙""이라고 답했습니다.  트럼프는 지난주 취임 첫날 불법 이민을 국가 비상사태로 선포하고 미군에게 국경 보안을 지원하고 망명을 광범위하게 금지하며 미국 땅에서 태어난 자녀의 시민권을 제한하는 조치를 취하도록 지시했습니다.  공화당 대통령은 수백만 명의 이민자들이 바이든 행정부 하에서 불법적으로 또는 바이든의 합법적 입국 프로그램을 통해 미국에 입국 한후 이러한 조치가 필요하다고 말했습니다.  중국 경제가 역풍을 맞고 코로나19 제한으로 미국 비자 취득이 어려워지면서 최근 몇 년간미국 남부 국경을 무단으로 넘다가 적발된 중국인의 수가 미미한 수준에서 수만 명으로 급증했습니다.  트럼프는 이전에 추방자들을 태운 군용기의 수용을 거부한 콜롬비아를 처벌하기 위해 관세와 제재를 위협했습니다. 백악관은 일요일에 콜롬비아가 다음과 같은 이유로 위협한 벌금을 부과하지 않을 것이라고 말했습니다.  트럼프는 또한 불법 이민과 미국으로 유입되는 펜타닐에 대한 추가 조치를 취하기 위해 2월 1일 캐나다와 멕시코산 수입품에 25% 관세를 부과하는 방안을 검토하고 있다고 밝혔습니다.     (Reporting by Michael MartinaEditing by Peter Graff)  michael.martina@thomsonreuters.com     (c) Copyright Thomson Reuters 2020. Click For Restrictions - https://agency.reuters.com/en/copyright.html        Keywords: CHINA-USA/MIGRATION   원문 바로가기    DISCLAIMER  레피니티브의 사전, 서면 승인 없는 톰슨로이터 콘텐츠의 재생산이나 재배포는 금지되어 있습니다. 이 기사의 한국어 번역은 에프앤가이드가 사용하는 기계적 번역에의한 것으로 톰슨로이터와 레피니티브는 번역의 정확성을 보증하지 않습니다."
99,1,"2025-01-28","02:08:48","요약-비트코인 그룹 SE, 모리츠 에커트를 CEO로 임명하다","BRIEF-Bitcoin Group SE Says Moritz Eckert Appointed As CEO  1월 27일(로이터) - 비트코인 그룹 SE :  EQS-ADHOC: 비트코인 그룹 SE, 경영진 변경 발표   비트코인 그룹 SE - 모리츠 에커트가 비트코인 그룹 SE의 CEO로 임명되었습니다.   소스 텍스트: (  Further company coverage:      Reuters.Briefs@thomsonreuters.com        (c) Copyright Thomson Reuters 2020. Click For Restrictions - https://agency.reuters.com/en/copyright.html   원문 바로가기    DISCLAIMER  레피니티브의 사전, 서면 승인 없는 톰슨로이터 콘텐츠의 재생산이나 재배포는 금지되어 있습니다. 이 기사의 한국어 번역은 에프앤가이드가 사용하는 기계적 번역에 의한 것으로 톰슨로이터와 레피니티브는 번역의 정확성을 보증하지 않습니다."
99,2,"2025-01-28","02:08:40","크리스틴 라가르드 ECB 총재 ""중앙은행 독립성 웅려""","[이데일리 이주영 기자] 크리스틴 라가르드 유럽중앙은행(ECB) 총재가 세계 일부 지역에서 중앙은행의 독립성이 도전받고 있다고 우려했다. 27일(현지시간) 로이터통신에 따르면 라가르드 총재는 헝가리 중앙은행 회의에서 “세계 여러 지역에서 중앙은행의 독립성에 의문이 제기되고 있다는 것은 의심의 여지가 없다고 지적했다.  그그는 이어 “중앙은행에 대한 지속적인 정치적 압력은 환율 변동성을 키우고 국채수익률과 리스크를 상승시킨다”고 덧붙였다.  라가르드 총재의 발언은 전주 도널드 트럼프 미국 대통령이 다보스 포럼 원격 연설에서 ”즉각적인 금리인하를 요구하겠다“는 발언을 한 이후 나온 것이다.  이번주 얀방준비제도이사회(연준)와 ECB가 나란히 기준금리 결정회의를 앞둔 가운데 유럽은 추가 금리인하가 단행되겠지만 연준은 기준금리동결을 유지할 것으로 시장은 내다보고 있다.   ＜ⓒ종합 경제정보 미디어 이데일리 - 무단전재 & 재배포 금지＞"
99,3,"2025-01-28","02:07:48","'딥시크 쇼크'에 필리 반도체 지수 붕괴…8.5%↓","'딥시크 쇼크'에 필리 반도체 지수 붕괴…8.5%↓ 엔비디아 -17%↓…하루만에 시총 6천억달러 삭제       (뉴욕=연합인포맥스) 진정호 특파원 = 중국 인공지능(AI) 기술기업 딥시크가 낳은 충격파로 미국 필라델피아 반도체지수가 8% 넘게 폭락하고 있다.       연합인포맥스의 세계주가지수 화면(화면번호 6511)에 따르면 27일(현지시간) 오전 11시 30분 필라델피아 반도체지수는 전장 대비 8.47%폭락한 4,889.66을 기록하고 있다.      이는 작년 9월 3일 기록한 -7.75% 이후 최대 낙폭이다.      필라델피아 지수의 낙폭이 마지막으로 종가 기준 -8%보다 컸던 시점은 2020년 3월 18일로 당시 하루 낙폭은 -9.79%였다. 이날 충격은 코로나19 사태가 한창이던 시절만큼 강력하다는 의미로 볼 수 있다.      필라델피아 지수를 구성하는 30개 종목이 모두 하락하는 것은 아니다. 텍사스 인스트루먼츠를 비롯해 총 8개 종목은 강보합권에서나마 오름세를 유지 중이다.      하지만 주요 종목의 폭락세가 필라델피아 지수 전체를 끌어내리고 있다.      엔비디아는 같은 시각 하락률이 -16.89%에 이르고 있다. 장 중 낙폭은 -17.78%까지 벌어졌다.      엔비디아는 이날 하락으로 시가총액이 3조달러를 밑돌게 됐다. 하루에만 시총이 6천억달러 가까이 빠지면서 세계 시총 1위 자리에서도 내려왔다.      주식예탁증서(ADR) 기준으로 뉴욕증시에서 TSMC도 -14.75%, ASML은 -6.99%, Arm은 -9.99%의 하락률을 기록 중이다. ASML과 Arm은 낙폭을일부 줄이고 있다.      마블테크놀로지도 -16.63%, 마이크론테크놀로지는 -11.14% 급락세다. AI 반도체 시장의 또 다른 '신성' 브로드컴도 -16.16%의 하락률을그리며 충격파에 휩쓸리고 있다.      필라델피아 지수가 폭락하는 것은 미국 AI 산업에 거품이 꼈다는 불안감 때문이다.      중국산  AI 서비스 딥시크가 오픈AI의 챗GPT와 비교해 훨씬 적은 비용으로 비슷한 수준의 성능을 낸 것으로 나타나자 미국 빅테크의 AI투자 비효율성이 문제로 떠오르고 있다.      뉴욕타임스(NYT)는 지난주 기사에서 딥시크가 딥시크-V3 개발에 투입한 비용은 557만6천달러(약 78억8천만원)에 그쳤다고 전했다. 이는메타가 최신 AI 모델인 라마(Llama)3 모델에 'H100'으로 훈련한 비용의 10분의 1 수준이다.      H800은 미국의 고성능 반도체 수출 규제로 엔비디아가 H100의 사양을 낮춰 출시한 제품이다. 한마디로 딥시크는 저성능 저예산으로 챗GPT와 맞먹는 성능을 냈다는 것이다.      소시에테제네랄의 마니쉬 카브라 전략가는 ""시장 패닉은 흔한 일이고 현재로서는 미국 예외주의가 만연해 이해할 만하다""며 ""엔비디아 단독으로 이날 S&P500의 시장 흐름에 4%를 기여했다""고 말했다.      골드만삭스는 ""지금까지 시장은 구글이나 오픈AI, 마이크로소프트 등  AI에 투자하는 회사와 AI 관련 도구나 인프라를 제공하는 회사에막대한 보상을 줬다""며 ""딥시크 모델이 기존 AI 기업들의 지출에 의구심을 가져오면서 이 시나리오는 더 광범위하게 투자자들의 신뢰를 흔들고 있다""고 말했다.      jhjin@yna.co.kr   <저작권자 (c) 연합인포맥스, 무단전재 및 재배포 금지, AI 학습 및 활용 금지>"
99,4,"2025-01-28","02:06:51","요약- 피어러 모빌리티 제안, 주주총회에서 모두 승인됨","BRIEF-Pierer Mobility Proposals All Approved By Shareholders At EGM  1월 27일 (로이터) - 피어러 모빌리티 AG :  스테판 조클링, 96%의 찬성으로 감독위원회에 선출됨   AGM, 집행위원회에 99% 승인으로 금융 상품 발행 권한 부여   슈테판 조클링, 감독위원회 신임 의장으로 선출됨   모든 제안은 EGM 주주들의 승인을 받았습니다.   소스 텍스트: (  Further company coverage:      (그단스크 뉴스룸)  gdansk.newsroom@thomsonreuters.com ; +48 58 778 51 10; ))        (c) Copyright Thomson Reuters 2020. Click For Restrictions - https://agency.reuters.com/en/copyright.html   원문 바로가기    DISCLAIMER  레피니티브의 사전, 서면 승인 없는 톰슨로이터 콘텐츠의 재생산이나 재배포는 금지되어 있습니다. 이 기사의 한국어 번역은 에프앤가이드가 사용하는 기계적 번역에 의한 것으로 톰슨로이터와 레피니티브는 번역의 정확성을 보증하지 않습니다."
99,5,"2025-01-28","02:06:20","BRIEF-AIB 그룹 PLC ABB (중등) 도서 커버 - Bookrunner","BRIEF-AIB Group PLC ABB (Secondary) Books Are Covered - Bookrunner  1월 27일(로이터) - 북러너:  블록 트레이드 : AIB 그룹 PLC ABB (세컨더리)-책이 다루어지고, 따라야 할추가 지침-BOOKRUNNER   소스 텍스트: [ID:]  Further company coverage:      Reuters.Briefs@thomsonreuters.com ;;))        (c) Copyright Thomson Reuters 2020. Click For Restrictions - https://agency.reuters.com/en/copyright.html   원문 바로가기    DISCLAIMER  레피니티브의 사전, 서면 승인 없는 톰슨로이터 콘텐츠의 재생산이나 재배포는 금지되어 있습니다. 이 기사의 한국어 번역은 에프앤가이드가 사용하는 기계적 번역에 의한 것으로 톰슨로이터와 레피니티브는번역의 정확성을 보증하지 않습니다."
99,6,"2025-01-28","02:05:24","버즈-스트리트뷰: 금리 인상으로 인한 첫 번째 시민의 이자 소득 증가","BUZZ-Street View: First Citizens' interest income to get a lift from higher rates  ** 퍼스트 시티즌스 뱅셰어스(First Citizens Bancshares)는 금요일 월스트리트의 기대치를 웃도는2025년 이자 수익을 전망했습니다(대출업체가 연방준비제도의 금리 인하 지연에 베팅하면서).  ** 실리콘밸리 은행을 구출한 FCNCA는 2025년 이자 수입을 66억~70억 달러로 예상한 반면, LSEG가 집계한 데이터에 따르면 66억4000만 달러로 예상했습니다.  ** 최소 5개 이상의 증권사가 해당 종목에 대해 PT를 진행합니다.     이자 수익 전망이 빛나는  ** J.P. Morgan(""비중확대"", PT: $2,650)은 FCNCA의 순이자수익과 순이자마진이 장기적인 금리 상승 전망에 따른 혜택을 받을 것이라고 말합니다.  ** ""퍼스트시티즌은 2025년 SVB 활동이 크게 증가하지 않더라도 NII를 늘릴 수 있는 수단을 확보했다."" - J.P. Morgan  ** 2023년 3월 캘리포니아 은행이 파산하여 FDIC 법정관리로 들어간 후, FCNCA가 실리콘밸리 은행을 인수했습니다.  ** 파이퍼 샌들러(""중립"", PT: $2,250)는 NII가 1분기에는 안정세를 유지하거나 소폭 하락한 후 하반기에 개선될 것으로 예상합니다.  ** 레이몬드 제임스(""아웃퍼폼"", PT: $2,500)는 SVB 관련 대출성장이 올해 내내 가속화될 것이라고 말합니다.  ** KBW (""아웃퍼폼"", PT: $2,600)는 SVB의 성장 가속화가 중기적으로 주가에 도움이 될 것이라고 말합니다.        (Reporting by Ateev Bhandari in Bengaluru)  Ateev.Bhandari@thomsonreuters.com        (c) Copyright Thomson Reuters 2020. Click For Restrictions - https://agency.reuters.com/en/copyright.html   원문 바로가기    DISCLAIMER  레피니티브의 사전, 서면 승인 없는 톰슨로이터 콘텐츠의 재생산이나 재배포는 금지되어 있습니다. 이 기사의 한국어 번역은 에프앤가이드가 사용하는 기계적 번역에 의한 것으로 톰슨로이터와레피니티브는 번역의 정확성을 보증하지 않습니다."
99,7,"2025-01-28","02:04:24","요약-노스롭그루먼, 프로그램 관리 시스템으로 Planisware Enterprise 선정","BRIEF-Northrop Grumman Selects Planisware Enterprise As Program Management System  1월 27일(로이터) - Planisware SA :  노스롭그루먼의 전사적 프로그램 관리 시스템으로플래니스웨어 엔터프라이즈 선정   소스 텍스트: (  Further company coverage:      (그단스크 뉴스룸)  gdansk.newsroom@thomsonreuters.com ; +48 58 7696600; ))        (c) Copyright Thomson Reuters 2020. Click For Restrictions - https://agency.reuters.com/en/copyright.html   원문 바로가기    DISCLAIMER  레피니티브의 사전, 서면 승인 없는 톰슨로이터 콘텐츠의 재생산이나 재배포는 금지되어 있습니다. 이 기사의 한국어 번역은 에프앤가이드가 사용하는 기계적 번역에 의한 것으로 톰슨로이터와 레피니티브는 번역의 정확성을 보증하지 않습니다."
100,1,"2025-01-28","01:47:55","타이탄머시너리, 재고 조정 통한 수익성 회복 기대…‘매수’-베어드","[이데일리 김카니 기자] 베어드는 타이탄머시너리(TITN)에 대한 투자의견을 기존 ‘중립’에서 ‘매수’로 상향하고 목표주가를 14달러에서 25달러로 대폭 조정했다. 이는 24일(현지시간) 종가 15.75달러 대비 약 58.7%의 추가 상승여력을 의미한다.  27일 마켓워치에 따르면 베어드의 한 분석가는 타이탄머시너리가 2024년 동안 재고 급증과 중고 장비 가격 하락으로 인해 실적 압박을 받았으나 2025년 재고 감소가 예상되며 이는 주가 회복의 주요 촉매제가 될 것이라고 밝혔다.  특히 타이탄머시너리는 현재 장부가치 대비 0.65배 수준으로 거래되고 있어 시장이 약 2억달러 이상의 손실 가능성을 이미 반영했다고 분석했다. 그러나 베어드는 이러한 손실 가능성은 과도하게 평가된 것으로 재고 관리 개선이 이루어지면 기업의 재무건전성과 주가가 동반 회복될것으로 전망했다.  이날 오전11시8분 타이탄머시너리 주가는 전거래일 대비 11.62% 상승한 17.58달러에 거래되고 있다.   ＜ⓒ종합 경제정보 미디어 이데일리 - 무단전재 & 재배포 금지＞"
100,2,"2025-01-28","01:47:08","브리프-복스터, 유니버시티 뱅코프와 최종 계약 종료","BRIEF-Voxtur Terminates Definitive Agreement With University Bancorp  복스투어 애널리틱스 Corp :  복스터, 유니버시티 뱅코프와 최종 계약 종료   소스 텍스트: (  Further company coverage:            (c) Copyright Thomson Reuters 2020. Click For Restrictions - https://agency.reuters.com/en/copyright.html   원문 바로가기    DISCLAIMER  레피니티브의 사전, 서면 승인 없는 톰슨로이터 콘텐츠의 재생산이나 재배포는 금지되어 있습니다. 이 기사의 한국어 번역은 에프앤가이드가 사용하는 기계적 번역에 의한 것으로 톰슨로이터와 레피니티브는 번역의 정확성을 보증하지 않습니다."
100,3,"2025-01-28","01:46:31","프리포트 LNG, 겨울 폭풍 후 액화 생산 작업 재개","Freeport LNG resumes liquefaction production operations after winter storm  1월 27일(로이터) - 미국 액화천연가스 회사 프리포트 LNG는 지난주 겨울 폭풍으로 인한 문제로 텍사스에있는 수출 공장을 폐쇄한 후 운영을 안전하게 재개했다고 월요일에 발표했습니다.     (Reporting by Sherin Elizabeth Varghese in Bengaluru)  sherinelizabeth.varghese@thomsonreuters.com     (c) Copyright Thomson Reuters 2020. Click For Restrictions - https://agency.reuters.com/en/copyright.html        Keywords: USA-FREEPORT LNG/TEXAS (URGENT)   원문 바로가기    DISCLAIMER  레피니티브의 사전, 서면 승인 없는 톰슨로이터 콘텐츠의 재생산이나 재배포는 금지되어 있습니다. 이 기사의 한국어 번역은 에프앤가이드가 사용하는 기계적번역에 의한 것으로 톰슨로이터와 레피니티브는 번역의 정확성을 보증하지 않습니다."
100,4,"2025-01-28","01:45:07","영국 보건안전국, 신종 코로나 바이러스 감염증(코로나19) 추가 사례 확인 - 웹사이트","BRIEF-UKHSA Confirms Additional Case Of Clade Ib Mpox - Website  1월 27일(로이터) - 영국 보건안보국(UKHSA):  UKHSA : 최근 우간다를 여행 한 개인의 추가 천연두 발병 사례 확인 - 웹 사이트   천연두로 인한 영국 인구의 위험은 여전히 낮습니다.      Reuters.Briefs@thomsonreuters.com        (c) Copyright Thomson Reuters 2020. Click For Restrictions - https://agency.reuters.com/en/copyright.html   원문 바로가기    DISCLAIMER  레피니티브의 사전, 서면 승인 없는 톰슨로이터 콘텐츠의 재생산이나 재배포는 금지되어 있습니다. 이 기사의 한국어 번역은 에프앤가이드가 사용하는 기계적 번역에 의한 것으로 톰슨로이터와 레피니티브는번역의 정확성을 보증하지 않습니다."
100,5,"2025-01-28","01:44:47","BUZZ-USD/CAD, 1.44 이상 고점 눈앞; UST 수익률, 원자재 하락 추적","BUZZ-USD/CAD eyes highs above 1.44; tracking UST yields, falling commodities  CAD 유럽 종가, 1.4392에 +0.3 %; 월요일 범위 1.4401-1.4334   노람 저점 1.4334는 UST 수익률이 노람 개장 근처에서 세션 최저치를 기록하면서 나왔습니다.   저점에서 벗어난 수익률과 커지는 원자재 약세가 CAD 강세에 불리하게 작용합니다.   이번 주 BoC와 연준 모두 금리 발표, 연준은 동결, BoC는 -25bp 전망   LSEG의 IRPR은 2025 년 연준 금리를 4 %로, BoC 2.6 %는 USD 입찰을 유지해야한다고 지적합니다.   CAD res 1.4401 월요일 최고가, 1.4458 상위 21-d 볼리, 1.4520 1월 21일 최고가   월초 뉴욕 최저 1.4334, 21 일 볼리 1.4299, 1.4251의 50 % 1.3981-1.4520      (폴 스피겔은 로이터 시장 분석가입니다. 표현된 견해는 본인의 의견입니다)  paul.spirgel@thomsonreuters.com        (c) Copyright Thomson Reuters 2020. Click For Restrictions - https://agency.reuters.com/en/copyright.html   원문 바로가기    DISCLAIMER  레피니티브의 사전, 서면 승인 없는 톰슨로이터 콘텐츠의 재생산이나 재배포는 금지되어 있습니다. 이 기사의 한국어 번역은 에프앤가이드가 사용하는 기계적 번역에 의한 것으로 톰슨로이터와 레피니티브는 번역의 정확성을 보증하지 않습니다."
100,6,"2025-01-28","01:43:28","버즈-미들비 이사회, 전략적 옵션 고려, 공유 확대","BUZZ-Middleby's board considers strategic options, share up  ** 식품 가공 장비 제조업체 미들비의 주가는 3% 상승한 $174.55에 거래되고 있습니다.  ** 식품 가공 및 주거용 주방 사업부 중 하나 또는 둘 다의 잠재적 분리를 포함한 광범위한 전략적 옵션을 고려하고 있습니다.  ** 전략적 검토가 진행 중이며 향후몇 개월 내에 결론에 도달할 것으로 예상한다고 밝혔습니다.  ** 세션의 움직임을 포함하면, 주식은 전년대비 ~30% 상승했습니다.     (Reporting by Rupali Chaudhary in Bengaluru)  Rupali.Chaudhary@thomsonreuters.com        (c) Copyright Thomson Reuters 2020. Click For Restrictions - https://agency.reuters.com/en/copyright.html   원문 바로가기    DISCLAIMER  레피니티브의 사전, 서면 승인 없는 톰슨로이터 콘텐츠의 재생산이나 재배포는 금지되어있습니다. 이 기사의 한국어 번역은 에프앤가이드가 사용하는 기계적 번역에 의한 것으로 톰슨로이터와 레피니티브는 번역의 정확성을 보증하지 않습니다."
100,7,"2025-01-28","01:42:19","독점-엘, 영국 큐비코의 잠재적 인 입찰자 중 KKR, 소식통에 따르면","EXCLUSIVE-Enel, KKR among potential bidders for UK's Cubico, sources say   런던/뉴욕, 1월 27일(로이터) - 이탈리아의 에넬과 사모펀드 그룹 KKR이 영국에 본사를 둔 지속 가능한 투자의 잠재적 입찰자 중 하나라고 이 과정에 대해 잘 아는 사람들이 밝혔습니다.  캐나다 최대연기금 중 하나인 몬트리올 소재 공공부문연금(PSP) 투자 위원회와 온타리오 교원연금(OTPP)은 부채를 포함해 약 60억 달러 이상의 가치가 있는 재생 에너지 회사의 매각을 검토 중이라고 로이터 통신이 전했습니다.   구속력이 없는 제안은 지난주에 마감되었다고 이 과정에 대해 잘 알고 있는 세 사람이 말했습니다. 뱅크 오브 아메리카와 캐나다 임페리얼 뱅크 오브 커머스가 최근 몇 달 동안 매각을 진행하기 위해고용되었다고 한 명과 네 번째 사람이 말했습니다. 네 번째 사람은 이 과정에서 다른 펀드에서도 관심을 보였다고 말했습니다.  네 사람은 이 과정이 비공개로 진행되기 때문에 익명을 전제로 이야기를 나누었습니다.  KKR, 뱅크 오브 아메리카, 큐비코, PSP, OTPP, 캐나다 임페리얼 뱅크 오브 커머스는 논평을 거부했습니다. 에넬 대변인은 ""시장 소문""에 대해 논평을 거부했습니다.  인프라 투자자와 기업 유틸리티는 최근 몇 년 동안 에너지 전환에 초점을 맞춘 재생 에너지 개발업체와 기타 서비스 제공업체에 주목해 왔습니다. 그러나 인공지능에 대한 전력 수요 급증과 도널드 트럼프 대통령의 재선으로 인해 가스를 비롯한 화석 연료에 대한 수요가 되살아나면서 특히 미국에서는 그열기가 다소 시들해졌습니다.  이 회사는 2015년 두 펀드가 방코 산탄데르 SA와 제휴하여 Cubico를 설립한 후 2016년 스페인 은행의 지분을 인수한 후 동등한 소유주가 되었습니다.  Cubico는 유럽, 북미, 남미, 호주에서 풍력 및 태양광 발전소를 운영하고 있으며, 2.8기가와트(GW) 용량의 집중형 태양광 발전 및 송전선로 기술 운영 업체입니다.  2023년 이자, 세금, 감가상각비 및 상각 전 영업이익(EBITDA)은 6억 2,500만 달러, 매출은 7억 8,300만 달러로 집계되었습니다.     (Reporting by Andres Gonzalez in London and Isla Binnie in New York. Additional reporting by Francesca Landini. Editing by Anousha Sakoui and Sharon Singleton)  andres.gonzalez@thomsonreuters.com     (c) Copyright Thomson Reuters 2020. Click For Restrictions - https://agency.reuters.com/en/copyright.html        Keywords: PSP-CUBICO/SALE (EXCLUSIVE)   원문 바로가기    DISCLAIMER  레피니티브의 사전, 서면 승인 없는 톰슨로이터 콘텐츠의 재생산이나 재배포는 금지되어 있습니다. 이 기사의 한국어 번역은 에프앤가이드가 사용하는 기계적 번역에 의한 것으로 톰슨로이터와 레피니티브는 번역의 정확성을 보증하지 않습니다."
101,1,"2025-01-28","01:26:31","EU 외무 장관, 르완다에 콩고 반군에 대한 지원 중단과 군대 철수 촉구, 칼라스 말하다","EU foreign ministers urge Rwanda to halt support for Congolese rebels, withdraw troops, Kallas says  브뤼셀, 1월 27일 (로이터) - 유럽연합 외무장관들은 르완다에 콩고 동부 반군에 대한 지원을 중단하고 군대를 철수할 것을 촉구했다고 유럽연합의 카자 칼라스 외교정책 수석이 월요일 기자들에게 말했다고 유럽연합의 카자 칼라스 외교정책 수석이 밝혔다.  르완다의 지원을 받는 반군이 콩고민주공화국 동부의 최대 도시인 고마로 진격하면서 콩고군이 국경을 넘어 르완다군과 총격을 주고받으며 오랜 분쟁이 격화되고 있습니다.  ""유럽 연합은 콩고 동부의 위기를 면밀히 주시하고 있습니다. 장관들은 르완다에 반군에 대한 지원을 중단하고 군대를 철수할 것을 촉구합니다. 유엔 평화유지군에 대한 공격은 용납할 수 없습니다.""라고 칼라스 대변인은 말했습니다.     (Reporting by Benoit Van Overstraeten and Andrew Gray; Editing by Makini Brice)  M.Brice@thomsonreuters.com     (c) Copyright Thomson Reuters 2020. Click For Restrictions - https://agency.reuters.com/en/copyright.html        Keywords: CONGO-SECURITY/EU (URGENT)   원문 바로가기    DISCLAIMER  레피니티브의 사전, 서면 승인 없는 톰슨로이터 콘텐츠의 재생산이나 재배포는 금지되어 있습니다. 이 기사의 한국어 번역은 에프앤가이드가 사용하는 기계적 번역에 의한 것으로 톰슨로이터와 레피니티브는 번역의 정확성을 보증하지 않습니다."
101,2,"2025-01-28","01:25:16","업데이트 1-대만 대통령, 예산 교착 속에서 화합을 호소하다","UPDATE 1-Taiwan president appeals for harmony amid budget standoff   타이베이, 1월 27일 (로이터) - 야당의 올해 예산 삭감으로 대치중인 가운데 라이칭테 대만 총통이 월요일 설날 메시지에서 여당과 야당 간의 화합을 호소했습니다.  라이 총리는 지난해 대선에서 승리했지만, 그가 이끄는 민주진보당이 의회 과반 의석을 잃으면서 야당에 예산안 통제권을 넘겨주었습니다.  지난주 야당은 낭비를 줄여야한다며 정부가 제안한 중앙 정부 지출의 6.6%인 2076억 대만 달러(63억 3000만 달러)에 달하는 예산안을 통과시켰습니다.  목요일,조명태 총리는 국방 예산의 약 900억 대만 달러(27억 4천만 달러)가 동결되어 해외 훈련 임무와 전투기 연료까지 타격을 입을 수 있다고 말했습니다. 그러나 야당은 물러설 기미를 보이지 않고 있습니다.  이는 법에 따라 대만에 방어 수단을 제공해야 하는 도널드 트럼프 미국새 행정부와의 갈등을 예고할 수 있습니다.  라이 총리는 소셜 미디어에 올린 메시지에서 예산이나 야당과의 분쟁에 대해 직접 언급하지 않았습니다.  ""화목한 가정에서는 만사가 형통한다는 말이 있습니다.""라고 그는 말했습니다. ""우리 국가도 마찬가지입니다. 여야가 화합하고 우리 사회가 통합되기를 기대한다""고 말했다.  대만은 바이든 행정부에서도 계속된 무기 판매를 정례화하는 등 트럼프 행정부 1 기의 강력한 지지를 받았습니다. 그러나 트럼프는 선거 유세 과정에서 대만을 다음과 같이 요구하며 불안하게 만들었습니다.  트럼프의국방부 정책 차관 지명자인 엘브리지 콜비는 대만이 민주적으로 통치되는 이 섬을 자국 영토의 일부로 간주하고 작년에 인근에서 두 차례 대규모 군사 훈련을 실시한 중국의 위협에 대응하기 위해 국방비를 훨씬 더 많이 지출해야 한다고 명시적으로 촉구한 바 있습니다.  그럼에도 불구하고 미국 국무부는 주말에 예산 행렬에 대해 유보적인 반응을 보였습니다.  대변인은 ""대만의 예산 결정에 대해서는 관련 대만 당국에 맡기겠다""고 말했습니다.  ""우리의 최우선 순위는 미국의 국가 안보와 경제 번영에 중요한 대만 해협의 평화와 안정입니다.우리는 대만 관계법에 따라 충분한 자위 능력을 갖출 수 있도록 무기와 훈련을 제공하는 데 전념하고 있습니다.""   중국이 '분리주의자'라고 비난하는 라이는 중국에 새해 인사를 전하지 않았습니다.  (1달러 = 32.8170 대만 달러)     (Reporting by Ben Blanchard; additional reporting by David Brunnstrom and Michael Martina in Washington; Editing by Raju Gopalakrishnan and Kevin Liffey)  ben.blanchard@thomsonreuters.com     (c) Copyright Thomson Reuters 2020. Click For Restrictions - https://agency.reuters.com/en/copyright.html        Keywords: LUNAR-NEWYEAR/TAIWAN (UPDATE 1, PIX)   원문 바로가기    DISCLAIMER  레피니티브의 사전, 서면 승인 없는 톰슨로이터 콘텐츠의 재생산이나 재배포는 금지되어 있습니다. 이 기사의 한국어 번역은 에프앤가이드가 사용하는 기계적 번역에 의한 것으로톰슨로이터와 레피니티브는 번역의 정확성을 보증하지 않습니다."
101,3,"2025-01-28","01:25:01","하나 마나 한 선거… '유럽의 마지막 독재자' 루카셴코 벨라루스 대통령, 7연임 성공","[런던=뉴스핌] 장일현 특파원 = '유럽의 마지막 독재자'로 불리는 알렉산드르 루카셴코(71) 벨라루스 대통령이 26일(현지시간) 실시된 대선에서 7연임에 성공했다.  블라디미르 푸틴 러시아 대통령과 시진핑 중국 국가주석 등이 그의 당선을 축하했다.   카야 칼라스 유럽연합(EU) 외교안보 고위대표는 ""(벨라루스 대선은) 자유롭지도 공정하지도 않은 사기""라고 말했다.  루카셴코는 벨라루스가 옛 소련에서 독립한 지 약 2년 반이 지난 1994년 7월 벨라루스 초대 대통령으로 당선된 뒤 31년째 장기 집권 중이다.  그는 지난 2004 년 재선까지만 허용했던 헌법을 바꿔 종신 집권의 길을 열었다.    알렉산드르 루카셴코 벨라루스 대통령 [사진=로이터 뉴스핌]  벨라루스 선거관리위원회는 이날 루카셴코 대통령이 86.82%의 득표율을 기록해 차기 대통령에 당선됐다고 발표했다. 5년 전 대선보다 득표율이 5%포인트 이상 올라갔다.  루카셴코 이외의 다른 4명의 후보는 2~3% 수준의 득표율을 보인 것으로 나타났다. 이들은 선거라는 구색을 갖춰주기 위해 출마한 허수아비였다는 평가를 받고 있다.   미국 일간 뉴욕타임스(NYT)는 ""루카셴코에 반대하는 모든 야권 지도자들은 감옥에 있거나 망명 중이고 벨라루스의 모든 언론 매체는 루카셴코를 응원했다""면서 ""그의 승리는 이미 예견된 일이었다""고 평가했다.   BBC 등 외신은 이번 대선에서 후보들의 선거 벽보나 선거 캠페인도 보이지 않았고, 국민들은 선거에 무관심했다고 보도했다.   5년 전 대선에 출마했고 지금은 리투아니아에 망명 중인 스베틀라나 티하놉스카야는 ""이런 희극을 설명하는데 선거라는 단어를 쓰면 안된다""면서 ""어떤 대가를 치르더라도 (독재) 권력을 강화하려는 루카셴코의 연출된 공연""이라고 말했다.   지난 2020년대선에서 루카셴코는 81% 득표율로 6연임에 성공했으나 부정 선거에 항의하는 대규모 시위와 소요 사태가 발생했다. 그러자 그는 무차별 강경 진압에 나섰다.  AP통신은 ""당시 900만명의 인구를 가진 벨라루스에서 6만5000명 이상이 체포되었고, 반대 의견과 언론의 자유에 대한무자비한 탄압으로 수 많은 사람이 투옥되거나 외국으로 추방됐다""고 말했다.  이 매체는 ""벨라루스 감옥에는 노벨평화상 수상자인 알렉시 비알리아츠키를  비롯해 1300여명의 정치범이 아직도 수용돼 있다""고 했다.   루카셴코는 인도적 이유라며 작년에 250명을 석방했다.   루카셴코는 자신의 반대자들이 투옥된 것에 대한 질문에 ""그들은 자신의 운명을 선택했다""고 말했다. 그러면서 ""벨라루스에서는 누구든 말을 하는 것을 막진 않는다""면서 ""감옥은 입을 너무 크게 벌린 사람들, 솔직히 말해서 법을 어긴 사람들을 위한 곳""이라고 말했다.   루카셴코는 푸틴과 러시아의 가장 강력한 동맹으로 평가되고 있다. 러시아의 우크라이나 침공 때도 훈련 장소와 공격 루트를 제공하는 등 전초기지 역할을 했다.   그는 푸틴을 지지한 것에 대해 후회는 없다면서 우크라이나 전쟁이 끝날 가능성에대해 ""터널 끝에 빛이 보인다""고 말했다.  콘돌리자 라이스 전 미국 국무장관은 지난 2005년 루카셴코에게 '유럽의 마지막 독재자'라를별명을 붙였다.   ihjang67@newspim.com               저작권자(c) 글로벌리더의 지름길 종합뉴스통신사 뉴스핌(Newspim), 무단 전재-재배포 금지"
101,4,"2025-01-28","01:22:52","EIA, 2025년 미국 도매 전력 가격 상승 전망","EIA sees higher U.S. wholesale power prices in 2025  뉴욕, 1월 27일(로이터) - 미국 에너지 정보국은 텍사스와 북서부를 제외한 미국 전역의 지역 시장에서 2025년에 도매 전력 가격이상승할 것으로 전망했습니다.  EIA는 월요일 보고서에서 올해 도매 전력 가격이 메가 와트시(MWh)당 평균 40달러로 2024년에 비해 7% 상승할 수 있다고 밝혔습니다. 미국 가정의 평균 전기 요금은 인플레이션을 고려하지 않고 2% 상승할 것으로 예측했습니다.  남서부와 캘리포니아에서 도매 가격이 30~35% 상승하는 등 가장 큰 폭의 가격 상승이 예상된다고 밝혔습니다.      중요한 이유  AI 데이터 센터, 국내 제조업의 증가, 운송과 같은 산업의 전기화로 인한 전력 수요가 전력망에 추가되는 신규 공급량보다 빠르게 증가함에 따라 전력 요금이 증가할 것으로 예상됩니다.  도매 전력 가격은 발전기 운영 비용, 발전소 가동을 위한 연료 비용, 전기를 수송하는 송전선의 교통량 등에 따라 부분적으로 결정됩니다.  미국 발전의 가장 큰 단일 연료 공급원인 천연가스의 발전소 공급 비용은 올해 영국 화력 발전소 100만 개당 평균 3.37달러로 작년보다 24% 상승할 것으로 예상되지만 2023년과 거의 같을 것으로 EIA는 전망했습니다.     아웃라이더  EIA는 텍사스 도매 전력 가격이 ERCOT 시장에서 약 $30/MWh, 남서부 전력 풀에서 관리하는 주 일부 지역에서는 $55/MWh가 될 것으로 예측합니다. 태양광 발전 프로젝트가 호황을 누리고 있는 텍사스는 올해 전력 시장이 작년에 비해 가격이 하락할 것으로 예상되는 유일한 지역이라고 EIA는 밝혔습니다.  미국 북서부 지역에서는 강수량 증가에 따라 수력 발전량이 20% 증가할 것으로 예상되어전력 공급을 늘리고 가격 상승을 막을 수 있을 것으로 기대된다고 EIA는 밝혔습니다.        (Reporting by Laila KearneyEditing by Christina Fincher)  Laila.kearney@thomsonreuters.com ; (917) 809-0054; ))     (c) Copyright Thomson Reuters 2020. Click For Restrictions - https://agency.reuters.com/en/copyright.html        Keywords: USA-POWER/MARKETS   원문 바로가기    DISCLAIMER  레피니티브의 사전, 서면 승인 없는 톰슨로이터 콘텐츠의 재생산이나 재배포는 금지되어 있습니다. 이 기사의 한국어 번역은 에프앤가이드가 사용하는 기계적 번역에 의한 것으로 톰슨로이터와 레피니티브는 번역의 정확성을 보증하지 않습니다."
101,5,"2025-01-28","01:22:13","경북 김천·칠곡에 대설주의보…영주에 대설경보 유지","경북 김천·칠곡에 대설주의보…영주에 대설경보 유지       (대구=연합뉴스) 기상청은 28일 오전 1시 10분을 기해 김천·칠곡에 대설주의보를 발효했다고 밝혔다.      대설주의보는 24시간 동안 눈이 5㎝ 이상 쌓일 것으로 예측될 때 내려진다.      영주에는 대설경보가 유지되고 있다. 대설경보는 24시간 동안 눈이 20㎝ 이상 쌓일 것으로 예측될 때 발효된다.      weather_news@yna.co.kr  (끝)     <저작권자(c) 연합뉴스, 무단 전재-재배포, AI 학습 및 활용 금지>"
101,6,"2025-01-28","01:22:13","BUZZ- 금값이 하락하면서 금 채굴자들이 하락세","BUZZ-Gold miners fall as bullion prices edge lower  ** 금 채굴업체의 주가 하락, 금괴 가격 하락 추적  ** 금 현물 온스당 $2,740.44는 중국 AI 스타트업 딥시크에 대한 관심 증가로 인한 시장 전반의 매도세와 함께 포지션 매물이 나오면서 1.1% 하락했습니다.  ** 상위 채굴 업체인 뉴몬트와 배릭 골드는 각각 2.2%, 2.1% 하락했습니다.  ** 남아프리카 광산업체 골드필즈의 미국 상장 주가는 2.5%, 하모니 골드는 2.4%, 시반예 스틸워터는 5.7% 하락했습니다.  ** 캐나다 광산업체 아그니코 이글 마인즈 주가 1.7% 하락     (Reporting by Pooja Menon in Bengaluru)  Pooja.Menon@thomsonreuters.com        (c) Copyright Thomson Reuters 2020. Click For Restrictions - https://agency.reuters.com/en/copyright.html   원문 바로가기    DISCLAIMER  레피니티브의 사전, 서면 승인 없는 톰슨로이터 콘텐츠의 재생산이나 재배포는 금지되어 있습니다. 이 기사의 한국어 번역은 에프앤가이드가 사용하는 기계적번역에 의한 것으로 톰슨로이터와 레피니티브는 번역의 정확성을 보증하지 않습니다."
101,7,"2025-01-28","01:21:38","마무리 1-미국 신규 주택 판매 호조, 공급 증가로 주택 가격 상승 제한","WRAPUP 1-US new home sales increase strongly; rising supply limits house price growth   워싱턴, 1월 27일 (로이터) - 12월 미국 신규 단독주택판매량이 예상보다 크게 증가해 2024년 말 주택 시장 활동이 모기지 금리 상승이 여전히 제약 요인이지만 모멘텀을 회복했다는 증거가 되고있습니다.  월요일 상무부의 보고서에 따르면 11월 주택 판매의 반등은 당초 예상보다 훨씬 더 강했습니다. 이번 달 데이터에 따르면 단독 주택 및 건축 허가는 12월에 10개월 만에 최고치를 기록했으며, 이전에 소유했던 주택의 판매도 2월 이후 최고 수준으로 증가했습니다.   ""12월 신규 주택 판매는 침체된 주택 시장에서 신축 수요의 견조한 한 해를 마무리합니다.""라고 Capital Economics의 북미 이코노미스트인 Thomas Ryan이 말했습니다. ""올해도 신규 주택 판매는 계속 증가할 것으로 예상합니다.""  상무부 인구조사국은 지난달 신규 주택판매가 계절 조정 연간 기준 3.6% 증가한 69만 8천 채를 기록했다고 밝혔습니다. 11월 판매 속도는 이전에 보고된 664,000대에서 674,000대로 상향 조정되었습니다.  로이터가 조사한 경제학자들은 미국 주택 판매의 약 15%를 차지하는 신규 주택 판매량이 675,000채까지 증가할것으로 예측했습니다. 신규 주택 판매는 계약 체결 시점에 집계되며 월별로 변동성이 있을 수 있습니다. 12월에는 전년 동월 대비 6.7% 증가했습니다.  2024년에는 2023년에 비해 2.5% 증가한 683,000채의 신규 주택이 판매된 것으로 추정됩니다. 12월 신규 주택 중간 가격은 전년 동월 대비 2.1% 상승한 42만 7,000달러를 기록했습니다. 신규 주택 재고가 증가함에 따라 주택 가격 상승 속도는 둔화되고 있습니다.  주택 건설 및 판매를 포함하는 주거 투자는 2분기 연속 국내총생산의 발목을 잡았던 후 4분기에 반등했을 가능성이 높습니다.  모기지 금리  주택 시장은 높은 모기지 금리로 인해 약세를 보였지만, 이전에 소유했던 주택의 매물 재고가 여전히 부족해 신규 주택 판매는호조를 보이고 있습니다.  모기지 금리는 지난해 말 미국 국채 수익률과 함께 상승했는데, 이는 특히 노동 시장의 경제 회복과 도널드트럼프 대통령의 감세, 광범위한 관세, 서류 미비 이민자 대량 추방 계획이 인플레이션을 유발할 수 있다는 투자자들의 우려로 인해 급등했습니다.  연준은 정책 완화 사이클을 시작한 9월에 예상했던 올해 예상 금리 인하 횟수를 네 차례에서 두 차례로 줄였습니다. 30년 고정금리 모기지의 평균 이자율은 7%를 약간 밑도는 수준입니다.  정부는 목요일에 4분기 첫 GDP 성장률 추정치를 발표할 예정입니다. 경제학자들을 대상으로 한 로이터 설문조사에 따르면 지난 분기 GDP는 연율 2.7% 증가했습니다. 경제는 3분기에 3.1%의 속도로 성장했습니다. 이는연준 관계자들이 비인플레이션 성장률로 간주하는 1.8%를 훨씬 상회하는 수치입니다.  신규 주택 판매는 북동부에서 41.7%, 서부에서 20.3% 급증했습니다. 그러나 인구 밀도가 높은 남부에서는 2.1% 감소했고 중서부에서는 3.3% 감소했습니다.  지난주 모기지 금융 기관인패니 매(Fannie Mae)의 설문 조사에 따르면 올해 신규 주택 판매는 ""기존 주택과 가격 경쟁력이 있고 훨씬 더 많이 공급될 것""이라며 올해 더 증가할 것으로 예상했습니다. 건축업자들은 구매자들의 마음을 사로잡기 위해 더 작고 저렴한 주택을 건설하고 있습니다.  지난달 신규 주택 재고는 11월의 48만 8,000호에서 2007년 12월 이후 최고 수준인 49만 4,000호로 급증했습니다. 주택 재고의 약 54%는 건설 중이며, 24%는 완공되었고 나머지 22%는 아직 건설되지 않은 주택입니다.  12월의 판매 속도로 보면 시장에 공급된 주택이 소진되는 데 8.5개월이걸리며, 이는 11월의 8.7개월보다 줄어든 수치입니다.     (Reporting by Lucia Mutikani; Editing by Chizu Nomiyama and Paul Simao)  Lucia.Mutikani@thomsonreuters.com     (c) Copyright Thomson Reuters 2020. Click For Restrictions - https://agency.reuters.com/en/copyright.html        Keywords: USA-ECONOMY/ (WRAPUP 1, PIX)   원문바로가기    DISCLAIMER  레피니티브의 사전, 서면 승인 없는 톰슨로이터 콘텐츠의 재생산이나 재배포는 금지되어 있습니다. 이 기사의 한국어 번역은 에프앤가이드가 사용하는 기계적 번역에 의한 것으로 톰슨로이터와 레피니티브는 번역의 정확성을 보증하지 않습니다."
102,1,"2025-01-28","01:10:12","뉴욕증시, 中 딥시크 쇼크·AI 거품 붕괴 공포 급습…급락 출발","뉴욕증시, 中 딥시크 쇼크·AI 거품 붕괴 공포 급습…급락 출발       (뉴욕=연합뉴스) 김 현 연합인포맥스 통신원 = 뉴욕증시는 대형 기술주 매그니피센트7(M7) 4분기 실적 발표를 앞두고 인공지능(AI) 거품붕괴 공포가 시장을 덮쳐 급락세로 출발했다.      중국의 AI 스타트업 '딥시크'(DeepSeek)가 지난주 출시한 오픈소스 생성형 AI 모델이 미국 애플 앱스토어 무료 앱 순위에서 미국 오픈AI 의 챗GPT를 제치고 1위를 기록한 소식에 시장이 얼어붙었다.      'AI 선두주자' 엔비디아 주가는 수직 낙하했다.      연말 부진세를 벗어나 강세장 회복에 대한 기대를 모았던 1월의 마지막 주 첫 거래일이 중국발 '딥시크 쇼크'가 촉발한 기술주 투매 폭풍 속에 시작됐다.      27일(현지시간) 뉴욕증권거래소(NYSE)에서 오전 10시30분 현재 우량주 그룹 다우존스30산업평균지수는 전장 대비 36.39포인트(0.08%) 낮은 44,387.86을 기록하고 있다.      대형주 벤치마크 스탠더드앤드푸어스(S&P)500지수는 전장보다 92.29포인트(1.51%) 하락한 6,008.95, 기술주 중심의 나스닥종합지수는 무려 500.01포인트(2.51%) 급락한 19,454.29를 각각 나타냈다.      3대 지수는 전 거래일인 지난 24일, 4거래일 연속 동반 상승세를 멈추고 일제히 하락 마감한 바 있다. 개장 초반 S&P500지수가 장중 역대 최고 기록을 사흘 연속으로 경신했으나 AI·반도체 관련주 위주로 차익 실현 매물이 쏟아지면서 전체 시장이 내려앉았었다.      이날 중국발 '딥시크 쇼크'는 기술주 투매 심리에 불씨를 던진 꼴이 됐다.      중국 항저우에 본사를 둔 소규모 스타트업 딥시크는 지난 20일, 오픈소스 AI 모델 '딥시크-R1'을 출시했다. 이 제품은 일부 성능 테스트에서 챗GPT가 작년 9월 출시한 추론 AI 모델보다 앞선다는 평가를 받았다. 딥시크 측은 엔비디아의 저사양 그래픽처리장치(GPU) H800칩을 사용했으며 단 600만 달러 미만의 비용이 들었다고 밝혔다.      일각에서는 ""미국의 AI 경쟁 우위가 의심받게 됐다""는 평이 나왔다.      벤처 투자가 마크 앤드리센은 소셜미디어 X에 ""딥시크 R1은 내가 본 가장 놀랍고 인상적인 혁신 중 하나""라면서 ""AI의 스푸트니크 모먼트""라고 평했다. 스푸트니크는 1957년 당시 소련(러시아)이 미국에 앞서 인류 최초로 발사한 인공위성으로, 당시 미국은 충격과 공포에 휩싸였던 바 있다.      이날 엔비디아 주가는 전장 대비 13% 이상 급락한 124달러선에 거래를 시작했다.      AI 관련 종목들이 일제히 미끄럼을 타며 브로드컴 주가도 13% 이상 나동그라졌다.      AMD(어드밴스드 마이크로 디바이시스)는 4% 이상, 마이크론 테크놀로지는 10% 이상, ASML은 6% 이상, TSMC도 11% 이상 추락했다.      AI 인프라 특수 기대감에 주가 상승세를 누린 전력공급업체 콘스텔레이션 에너지는 17% 이상, 비스트라 에너지는 24% 이상, GE버노바는 17% 이상 폭락세다.      데이터센터 전력공급 및 냉각장치 솔루션 기업 버티브 홀딩스 주가도 24% 이상 떨어졌다.       M7 7종목 가운데 엔비디아·마이크로소프트·알파벳(구글 모기업)·테슬라·아마존, 5종목이 하락세로 장을 열었다.      단, 애플과 메타(페이스북 모기업)는 2%대 상승세다.      애플 주가 상승세에 대해 비스포크 인베스트먼트 그룹 공동 창업자 폴 히키는 ""AI에 대한 투자 부족이 이날 애플 주가에 '플러스'로 작용하고 있다""고 평했다. 애플은 최근 ""AI 기회를 놓쳤다""는 지적 속에 주가가 밀렸던 바 있다.      월가가 미국 빅테크의 AI 투자 규모의 적절성을 다각도로 재보고 있는 가운데 중국 스타트업이 미국의 수출규제 속에서 저렴한 비용으로빅테크에 필적하는 성능을 갖춘 AI모델을 만들었다는 사실은 업계와 금융시장에 충격을 던졌다.      JP모건 분석가 샌디프 데쉬판데는 ""투자자들은 지난 수개월간 마이크로소프트가 AI 수요 확대에 대응하기 위해 올해 800억 달러 규모의투자를 감행하고 메타가 올해 대규모 데이터센터를 포함한 AI 인프라 구축에 60~650억 달러를 투입할 계획이란 소식을 들은 바 있다""면서 ""딥시크의 고효율 저비용 AI 모델의 괄목할만한 혁신과 성공은 미국의 AI 투자 주기가 과장됐을 수 있으며 더 효율적인 미래가 가능하다는 생각을 해보게 만들었다""고 설명했다.      시장 참가자들은 하루 뒤 개회하는 연방공개시장위원회(FOMC) 1월 회의와 이번 주에 잇따라 나올 M7 실적 발표를 기다리고 있다.      연준은 28일과 29일 양일간 올해 첫 FOMC를 열고 기준금리에 대한 결정을 내린다.      시카고파생상품거래소그룹(CME Group)의 페드워치(FedWatch) 툴에 따르면 연준이 이번 회의에서 현행 기준금리(4.25~4.50%)를 그대로 유지할 확률은 97.3%로, '동결'이 기정사실화돼있다.       다만 투자자들은 지난 20일 취임한 도널드 트럼프 대통령이 금리 인하의 필요성을 강조하고 있는 가운데 연준이 어느 정도 비둘기파적 목소리를 낼지 주목하고 있다.      마이크로소프트·테슬라·메타는 오는 29일, 애플은 오는 30일 4분기 실적 보고서를 공개한다.      아울러 금주 중 스타벅스·보잉·제너럴 모터스(GE)·비자·엑슨모빌 등 대형 기업들의 실적 발표도 예정돼있다.      팩트셋 자료에 따르면 S&P500 기업 16%가 지금까지 4분기 실적을 발표했으며 이 가운데 80%가 주당순이익(EPS)에 대한 긍정적 서프라이즈를, 62%가 매출에 대한 긍정적 서프라이즈를 안겼다.      한편 이날 유럽증시는 혼조세를 보이고 있다.      범유럽지수 STOXX600은 0.06%, 영국 FTSE지수는 0.09% 오른 반면 독일 DAX지수는 0.24% 하락했다.      국제 유가는 내림세다.      근월물인 3월 인도분 서부텍사스산원유(WTI) 가격은 전장 대비 1.35% 낮은 배럴당 73.65달러, 글로벌 벤치마크인 브렌트유 3월 인도분 가격은 전장 대비 1.18% 내린 배럴당 74.57달러에 각각 거래되고 있다.      chicagorho@yna.co.kr  (끝)      <저작권자(c) 연합뉴스, 무단 전재-재배포, AI 학습 및 활용 금지>"
102,2,"2025-01-28","01:09:57","포틸로스, 실적 호조·시장 점유율 확대 기대…'매수'-스티펠","[이데일리 김카니 기자] 스티펠 니콜라스는 포틸로스(PTLO)에 대한 투자의견을 기존 ‘보유’에서 ‘매수’로 상향조정하고 목표가를 13달러에서 16달러로 올렸다. 이는 24일(현지시간) 종가 12.49달러 대비 약 28.10%의 추가 상승 여력을 의미한다.  27일 인베스팅닷컴에 따르면 스티펠의 분석가들은 포틸로스가 꾸준한 실적 성장세를 보이고 있다며 특히 전분기 실적에서 주당순이익(EPS)이시장 전망치인 0.06달러를 상회한 0.11달러를 기록한 점을 긍정적으로 평가했다. 또한 연간 매출 성장률이 6.9% 증가하는 등 실적 개선이 지속되고 있다고 설명했다.  분석가들은 포틸로스가 안정적인 재무구조와 시장 점유율 확대를 바탕으로 향후 성장 가능성이 높다고 평가했다.  특히 이번 목표가 조정은 전반적인 소비자 수요 개선과 더불어 회사의 내실 있는 운영 전략이 반영된 결과라고 덧붙였다.  이날 오전11시7분 포틸로스 주가는 전거래일 대비 6.24% 상승한 13.27달러에 거래되고 있다.   ＜ⓒ종합 경제정보 미디어 이데일리 - 무단전재 & 재배포 금지＞"
102,3,"2025-01-28","01:07:53","업데이트 1-EU 장관, 시리아 제재 완화를 위한 로드맵 합의","UPDATE 1-EU ministers agree on roadmap to ease Syria sanctions   브뤼셀, 1월 27일 (로이터) - 유럽연합 외무장관들이 시리아에 대한 제재를 완화하는 로드맵에 합의했다고 유럽연합의 카자 칼라스 외교 정책 책임자가 월요일에 밝혔습니다.  ""우리는 빠르게 움직이려고 하지만, 잘못된 조치를 취하면 제재 해제가 취소될 수 있습니다.""라고 Kallas는 말했습니다.  EU는 시리아 석유 수출 금지, 글로벌 금융 채널 접근 제한 등 시리아의 개인과 경제 부문 모두를 대상으로 다양한 제재를 시행하고 있습니다.  그러나 12월 이슬람주의자 하야트 타흐리르 알샴(HTS)이이끄는 반군 세력에 의해 대통령직에서 축출된 후 유럽의 수도들은 다마스쿠스에 대한 접근 방식을 재평가하기 시작했습니다.  EU 정부는 시리아의 회복을 돕고자 합니다. 그러나 많은 수도들은 EU가 다마스쿠스의 새 당국이 기본권을 존중하고 포용적인 정책을 시행하도록 장려하면서 점진적이고 가역적인 접근 방식을 취해 영향력을 유지해야 한다고 강조하고 있습니다.  월요일 회의를 앞두고 27개국의 외교관들은 에너지 및 운송과 같은 부문의 제한을 중단하기 위한 신속한 조치를 취할 것을 권고했습니다.  이제 관계 당국은 제재 완화를 위한기술적 세부 사항에 대한 작업을 진행하여 법적으로 정지를 채택할 수 있도록 할 것입니다.     (Reporting by Lili Bayer and Andrew Gray; Editing by Makini Brice and Sharon Singleton)  Lili.Bayer@thomsonreuters.com     (c) Copyright Thomson Reuters 2020. Click For Restrictions - https://agency.reuters.com/en/copyright.html        Keywords: SYRIA-SECURITY/EU-SANCTIONS (UPDATE 1)   원문 바로가기    DISCLAIMER  레피니티브의 사전, 서면 승인 없는 톰슨로이터 콘텐츠의 재생산이나 재배포는 금지되어 있습니다. 이 기사의 한국어 번역은 에프앤가이드가 사용하는 기계적 번역에 의한 것으로 톰슨로이터와 레피니티브는 번역의 정확성을 보증하지 않습니다."
102,4,"2025-01-28","01:07:34","檢 구속 기소에, 尹측 “기소 대행정 전락···대통령 끌어내리기”","윤석열 대통령 변호인단이 26일 검찰의 구속 기소 결정에 대해 “검찰 역사에 지울 수 없는 치욕으로 기록될 것”이라고 비판했다. 또 “검찰이 스스로 고위공직자범죄수사처의 기소 대행청으로 전락했다”며 각을 세웠다.   윤 대통령 변호인단은 이날 검찰의 구속 기소 직후 낸 입장문에서 “검찰은 최고 수사기관으로서 공수처의 위법 수사와 불법 행위를 견제할 마지막 기회를 내팽개쳤다”며 “공수처의 불법을 수사하기는커녕 짜여진 각본대로 기소했다”고 주장했다. 특히 “대통령의 비상계엄 선포는 거대 야당의 폭주에 의한 국가적 위기 상황에서 국민을 향한 절박한 호소로 많은 국민들이 동의하고 지지를 보내고 있다”며 “거대 야당의 하명 수사 기관을 자임한 공수처가 조기 대선을 위해 대통령 내란 몰이에 앞장섰고, 검찰은 각본대로 윤 대통령을 기소했다""고 비판했다.   검찰이 두 차례나 구속 기간 연장을 신청한 데 대해서는 “현재까지 수사가 기소하기에 미진함을 인지했기 때문”이라며 “연장 불허를 탓하며 확보된 수사 기록과 증거로 구속 기소가 상당하다는 입장을 내놓았다. 보완 수사가 필요하다는 검찰 특수본, 이걸로 충분하다는 대검찰청, 어느 쪽이 검찰의 진짜 입장인지 궁금할 지경”이라고 꼬집었다. 이어 “검찰 수사의 목적도 실체적 진실의 발견이 아니라 대통령 구속과 끌어내리기였음을 자인한 것”이라며 “이제 대한민국 자유민주주의의 마지막 보루인 사법부에서 진실을 밝힐 차례로 대통령과 대통령 변호인단은 온갖 위법 수사와 불법 행위로 점철된 수사의 위법성을 치열하게 밝혀낼 것”이라고 강조했다. /안현덕 법조전문기자 always@sedaily.com  통장에 ""30만원"" 있다면 무료 지원금받아 ""반드시"" 수익난다!!>>>[무료체험]  ▶20년 연속 점유율 1위 하이스탁론  [급등주 大공개] 알고리즘 데이터 실시간 분석 ""급등"" 종목과 매수 타이밍까지! >>바로 확인   [ⓒ 서울경제, 무단 전재 및 재배포 금지]"
102,5,"2025-01-28","01:06:06","뉴스캐스트 - 아우슈비츠 생존자들이 수용소 해방 기념일에 경의를 표하다","Newscasts - Auschwitz survivors pay tribute on anniversary of camp's liberation    Newscasts - Auschwitz survivors pay tribute on anniversary of camp's liberation    Click the following link to watch video: https://share.newscasts.refinitiv.com/link?entryId=1_j44jgwgp&referenceId=tag:reuters.com,2025:newsml_RW660527012025RP1_K15&pageId=Newscasts                 (c) Copyright Thomson Reuters 2020. Click For Restrictions - https://agency.reuters.com/en/copyright.html   원문 바로가기    DISCLAIMER  레피니티브의 사전, 서면 승인 없는 톰슨로이터 콘텐츠의 재생산이나 재배포는금지되어 있습니다. 이 기사의 한국어 번역은 에프앤가이드가 사용하는 기계적 번역에 의한 것으로 톰슨로이터와 레피니티브는 번역의 정확성을 보증하지 않습니다."
102,6,"2025-01-28","01:04:58","ESG에 대한 선호도가 떨어지면서 지속가능 펀드 시장 유입이 절반으로 줄었습니다.","Sustainable funds market inflows halve as ESG falls out of favour   런던, 1월 27일(로이터) - 2024년 글로벌 지속가능 펀드로 유입되는 자금이 절반으로 줄었고, 유럽에서는 반(反)ESG 정서와 기대 이하의 수익률로 투자 전략의 매력이 둔화되면서 해당 펀드의 해지가 신규 출시를 앞질렀다고 모닝스타 서스테이널리틱스가 월요일에 밝혔습니다.   2024년 말에는 185억 달러의 자금이 유럽 패시브 펀드에 유입되어 펀드의 최고 분기 자금 유입을 기록했다고 이 리서치 회사는 밝혔습니다.  그러나 환경, 사회, 지배구조(ESG,) 투자에 대한 초기 열광 이후,더 큰 그림은 실적 부진, 강력한 EU 규제, 미국에서의 격렬한 반 ESG 캠페인으로 인해 투자자와 매니저들이 자산 클래스에서 멀어지고 있다고 Morningstar Sustainalytics는 밝혔습니다.  분석가들은 미국 주식이 주도하는 기존 펀드 시장이 호황을 누리는 동안 글로벌 지속가능펀드에 유입된 자금은 지난해 360억 달러로 2018년 이후 최저치를 기록한 후 2021년에는 6,450억 달러로 급증해 절반으로 줄어들었다고 밝혔다.  리서치 회사는 작년은 청정 에너지 및 기타 친환경 주식에 높은 금리가 적용되고 기후 회의론자인 도널드 트럼프가 미국 대통령으로 당선되면서 지속 가능한 펀드에 특히 격동의 한 해였다고 말했습니다.  취임 초기 며칠 동안 트럼프는 다양성과 같은 ESG 영역에 대해 반발하며 미국 화석 연료 산업에 대한 규제를 촉구했습니다. 많은 ESG 포트폴리오에서 에너지 주식의 비중은 배출량 프로필 때문에 저평가되어 있습니다.  유럽 지속가능 펀드는 기존 시장보다 훨씬 느린 속도이긴 하지만 여전히 자금 유입을 예약한 반면, 미국에서는 2024년투자자들이 지속가능 펀드에서 196억 달러를 회수했으며, 4분기는 9분기 연속 유출을 기록했다고 데이터는 밝혔습니다.  한편 유럽에서는 펀드나 자산의 환경적 이점에 대한 허위 주장인 그린워싱을 단속하려는 규제 노력으로 인해 자산 운용사들이 펀드를 폐쇄하거나 이름을 바꾸거나 ESG 의무를 철회하고 있습니다.  2024년에 약 351개의 지속가능 펀드가 폐쇄되거나 합병되었으며, 115개의 펀드가 추가로 ESG 관련 용어를 삭제했습니다. Morningstar는 2025년 중반까지 ESG 펀드의 30~50%가 와 로 인해 브랜드를 변경할 것으로 예상합니다.  모닝스타가 추적하는 유럽 내 지속가능 펀드의 총 수는 5,502개, 미국 내 지속가능 펀드의 총 수는 621개입니다.        (Reporting by Virginia Furness;Editing by Alison Williams)  Virginia.Furness@thomsonreuters.com ; +44207 542 5477; ))     (c) Copyright Thomson Reuters 2020. Click For Restrictions - https://agency.reuters.com/en/copyright.html        Keywords: SUSTAINABLE-FINANCE/FUND FLOWS   원문 바로가기    DISCLAIMER  레피니티브의 사전, 서면 승인 없는 톰슨로이터 콘텐츠의 재생산이나 재배포는 금지되어 있습니다. 이기사의 한국어 번역은 에프앤가이드가 사용하는 기계적 번역에 의한 것으로 톰슨로이터와 레피니티브는 번역의 정확성을 보증하지 않습니다."
102,7,"2025-01-28","01:03:37","브리프-인더스트리 드 노라, 아크와 파워 및 사우디 수자원청과 전략적 파트너십 체결","BRIEF-Industrie De Nora Signs Strategic Partnerships with Acwa Power And Saudi Water Authority  1월 27일 (로이터) - 인더스트리 데 노라 스파 :  ACWA 파워와 MOU 체결   사우디 수자원 당국과의 계약 체결   두 거래는 에너지 전환을 장려하는 것을 목표로 합니다.      Further company coverage:      (그단스크 뉴스룸)  gdansk.newsroom@thomsonreuters.com ; +48 58 769 66 00; ))        (c) Copyright Thomson Reuters 2020. Click For Restrictions - https://agency.reuters.com/en/copyright.html   원문 바로가기    DISCLAIMER  레피니티브의 사전, 서면 승인 없는 톰슨로이터 콘텐츠의 재생산이나 재배포는 금지되어 있습니다. 이 기사의 한국어 번역은 에프앤가이드가 사용하는 기계적 번역에 의한 것으로 톰슨로이터와 레피니티브는 번역의 정확성을 보증하지 않습니다."
103,1,"2025-01-28","00:50:23","트럼프, 미군 내 성전환자 입대·다양성 정책 폐지","도널드 트럼프 미국 대통령이 성전환자 군 입대를 금지할 전망이다. 트럼프는 첫 임기 당시 성전환자 군 입대를 막았으나 조 바이든 전 대통령이 이를 철회시킨 바 있는데, 이를 ‘원상복귀’ 시킨다는 것이다.         CNN은 27일(현지 시간) 트럼프가 성전환자 군 입대 금지 행정명령에 서명할 계획이라고 보도했다. 트럼프는 군 내 DEI(다양성·형평성·포용성)와 관련한 '차별적' 정책을 금지하는 행정명령에도 함께 서명한다.   트럼프는 첫 임기 중인 2017년 성전환자 군 복무를 금지했다. 이후 바이든이 2021년 트럼프 정책을 뒤집었다. 트럼프는 재선 취임 직후 바이든의 2021년 행정명령을 폐지했고, 이날 보다 세세한 내용을 담은 명령에 서명한다. CNN은 “성별을 칭하는 대명사 사용에 대한 새 기준을제시하고 준비 태세 문제 때문에 성전환자의 입대를 금지한다고 명시할 계획”이라고 전했다. 미군 내에는 2018년 기준 1만4000명 가량의 성전환자가 복무 중인 것으로 알려져 있다.   트럼프가 함께 폐지하는 DEI는 소외된 인종, 성(性), 계층 등을 배려하기 위한 정책이다. 트럼프와 지지자들은 DEI를 백인과 남성에 대한역차별이라고 본다. 피트 헤그세스 국방장관은 DEI가 군을 약하게 만든다는 입장을 보여오기도 했다.   트럼프는 이와 함께 코로나19 백신 접종 거부로 군에서 퇴출 당한 장병의 복귀도 허용한다. 다만 적용 대상은 소수에 불과할 전망이다. CNN은 “국방부는 2023 회계연도 국방수권법에 따라 백신 의무 접종 규정을 폐지하고 퇴출 장병의 재입대를 이미 허용했다”며 “접종을 거부해 해임된 8000여 명 중 2023년 10월 재입대를 원한 이는 43명 뿐”이라고 전했다. /실리콘밸리=윤민혁 특파원 beherenow@sedaily.com  통장에 ""30만원"" 있다면 무료 지원금받아 ""반드시"" 수익난다!!>>>[무료체험]  ▶20년 연속 점유율 1위 하이스탁론  [급등주 大공개] 알고리즘 데이터 실시간 분석 ""급등"" 종목과 매수 타이밍까지! >>바로 확인   [ⓒ 서울경제, 무단 전재 및 재배포 금지]"
103,2,"2025-01-28","00:49:40","버즈-미국 주식 이동-사지멧 바이오사이언스, 세이지 테라퓨틱스, 코르보","BUZZ-U.S. STOCKS ON THE MOVE-Sagimet Biosciences, Sage Therapeutics, Qorvo  월요일 S&P 500 지수와 나스닥 지수는 저가 중국 인공 지능 모델의 인기가 치솟으면서 칩 제조업체인 엔비디아를 비롯한 기술 투자로 수혜를 입은 기업들의 주가가 1주일 만에 최저치를 기록했습니다.     동부 표준시 기준 다우존스 산업평균지수는 0.08% 하락한 44,388.69, S&P 500 지수는 1.52% 하락한 6,008.45, 나스닥 종합지수는 2.53% 하락한19,450.14를 기록했습니다.  S&P 500 수익률 상위 3개 종목:  ** AT&T Inc , 6.3% 증가  ** Moderna Inc , 5.0% 상승  ** SBA 커뮤니케이션즈 , 4.3% 증가  S&P 500 지수 하락률 상위 3개 종목:  ** 비스트라 코퍼레이션 , 24.1% 감소  ** 20.5%감소한 컨스텔레이션 에너지 주식회사  ** 18.4% 감소한 Ge Vernova Inc  뉴욕증권거래소 수익률 상위 3개 종목:  ** 12.4%증가한 SES AI Corp  ** 12.0% 증가한 아사나  ** 빈스 홀딩스 , 8.9% 증가  뉴욕증권거래소의 상위 3개 손실률:  ** 비스트라 코퍼레이션 , 24.1% 감소  ** 버티브 홀딩스 , 23.8% 하락  ** 블룸 에너지 주식회사 , 22.8% 감소  나스닥 상승률 상위 3개 종목:  ** 플래닛 이미지 인터내셔널 , 287.9% 증가  ** 오로라 모바일 , 151.8% 증가  ** 아케로 테라퓨틱스 , 101.9% 상승  나스닥 지수 하락률 상위 3개 종목:  ** 알라코스 , 78.2% 감소  ** Veru Inc , 48.3% 감소  ** NXU Inc , 42.9% 감소  ** Nvidia Corp :  ** 슈퍼 마이크로 컴퓨터 Inc :  ** Broadcom Inc :  중국, 저비용-저전력 AI 모델 업그레이드 후 AI 관련주 급락( BUZZ) ** Qualcomm Inc : BUZZ - 중국이 저비용-저전력 AI 모델을 업그레이드한 후 AI 관련주 급락( )  ** Constellation Energy Corp :  ** Vistra Corp :  ** 넥스트에라 에너지 Inc :  ** GE Vernova Inc : BUZZ - AI 관련 주식의 광범위한 하락으로 전력 회사 하락 (     ** 메리골드 컴퍼니즈 : 버즈 - 주식 공모 가격 책정 후 급락(     ** 코인베이스 글로벌 Inc :  ** 라이엇 플랫폼 Inc :  ** MARA Holdings Inc :  ** Hut 8 Corp : BUZZ-비트 코인 약세를 추적하는 암호 화폐 주식 하락 (     ** 미국 철강 회사 : BUZZ - 안코라가 일본 합병을 추진한다는 보도에 하락 (     ** AT&T Inc : BUZZ - 4분기 무선 가입자 증가에 힘입어 상승세(     ** 테보젠 바이오 홀딩스 : 버즈 - 마이크로소프트 AI 협업 확대에 뛰어들다(     ** 아케로 테라퓨틱스 : BUZZ - 간 질환 시험의 중간 단계 데이터로 급등 (     ** 캐피탈원 파이낸셜 : 버즈 - 씨티, 4분기 예금 성장 기대감, 연체율 안정으로 캐피탈원 PT 상향 조정(     ** Aspen Technology Inc : BUZZ - 에머슨이 72억 달러에 공동의 잔여 지분을 인수한 후 상승세(     ** 알라코스 - 피부질환 치료제 개발 중단 후 70% 이상 하락(     ** 랄프 로렌 주식 : 버즈 - 레이몬드 제임스, 랄프 로렌 주식 랠리에서 '시장 성과'로 인하 (     ** 사기멧 바이오사이언스 : 버즈 - 존스 트레이딩이 신약 개발사 사기멧에 대해 '매수' 등급으로 커버리지를 시작합니다(     ** Qorvo Inc : BUZZ - 파이퍼 샌들러가 'overweight'으로 업그레이드한 후 기술 패배에 도전하는 모습(     ** Ameren Corp :  ** 센터포인트 에너지 Inc :  ** Evergy Inc :  ** Talen Energy Corp : BUZZ - Barclays, 미국 유틸리티에 낙관적, 지속적인 수요 증가 전망 (     ** QXO Inc :  ** 비콘 루핑 공급 회사 : BUZZ - 비콘 루핑 주주들에게 110억 달러의 인수 제안을 받고, 주가가 하락했습니다(     ** EQT Corp :  ** 체니에르 에너지 Inc :  ** 에너지 전송 LP :  ** 미국 천연가스 펀드 LP : BUZZ - 미국 천연가스 주가가 따뜻한 날씨 전망에 하락했습니다(     ** 디지털 부동산 신탁 Inc :  ** Equinix Inc :  ** Iron Mountain Inc : BUZZ - AI 관련 주가 폭락으로 데이터 센터 운영업체들이 타격을 입었습니다(     ** 세이지 테라퓨틱스 : 버즈 - 바이오젠의 4억 6,900만 달러 인수 제안 거부 후 상승세(   S&P 500 주요 11개 섹터:     인덱스 RIC  색인 이름  변화율 %    S&P 500  -1.51    S&P 500 정보 기술  -4.46    S&P 500 유틸리티  -3.97    S&P 500 소비자 일임형  -0.34    S&P 500 재료  -0.66    S&P 500 산업  -1.44    S&P 500 통신 서비스(섹터)  -0.46    S&P 500 금융  0.1    S&P 500 부동산  0.23    S&P 500 헬스케어  1.36    S&P 500 필수소비재  1.35    S&P 500 에너지  -0.53         (벵갈루루의 라자르시 로이, 아미르 소하일 편집)  Aamir.sohail@thomsonreuters.com     (c) Copyright Thomson Reuters 2020. Click For Restrictions - https://agency.reuters.com/en/copyright.html        Keywords: MARKETS-BUZZ/   원문 바로가기    DISCLAIMER  레피니티브의 사전, 서면 승인 없는 톰슨로이터 콘텐츠의 재생산이나 재배포는 금지되어 있습니다. 이 기사의 한국어 번역은 에프앤가이드가 사용하는 기계적 번역에 의한 것으로 톰슨로이터와 레피니티브는 번역의 정확성을 보증하지 않습니다."
103,3,"2025-01-28","00:49:26","인도 마힌드라 로지스틱스, 3분기 적자 폭은 줄었지만 8분기 연속 적자 기록","India's Mahindra Logistics reports eighth straight quarterly loss, albeit narrower in Q3  1월 27일(로이터) - 인도 마힌드라 로지스틱스는 타사 물류 사업의 꾸준한 수요와 특송 상거래 부문의 손실 축소로 인해 월요일에 분기 손실이 감소했다고 발표했습니다.  이 물류 서비스 제공업체는 12월 31일로 끝난 3개월 동안 8분기 연속 연결 순손실인 9030만 루피(105만 달러)를 기록했으며, 이는 1년 전 1억 7410만 루피의 손실에 비해 크게 감소한 수치입니다.  3분기 영업 수익은 14% 증가한 159억 4,000만 루피를 기록했습니다.  더 많은 수익 하이라이트를 보려면 (  주요 컨텍스트  마힌드라 로지스틱스는 3,420억 달러 규모의 인도 물류 시장에서 치열한 경쟁을 벌이고 있으며, 2022년 특송화물 회사 리비고 인수로 인한 손실과 전년 동기 대비 13% 증가한 지출을 감당하고 있습니다.  이 회사는 핵심 계약인 제3자 물류 사업이 자동차 및 소비재 수요에 힘입어 전년 대비 14% 성장한 반면 특송 사업의 손실은 26.5% 축소되었다고 밝혔습니다.  애널리스트들은 이 분기와 맞물린 인도 축제 시즌의 수요에 힘입어 핵심 계약 비즈니스에서 높은 성장세를 보일 것으로 예상했습니다.  분석가들은 리비고가 여전히 적자를 기록하겠지만, 향후 분기에는 거래량이 회복되면서 적자 폭이 줄어들 것이라고 말했습니다.  피어 비교          가치 평가(향후 12개월)  예상치(향후 12개월)  애널리스트의 감정      RIC  PE  EV/EBITDA  매출 성장률(%)  이익 성장률(%)  평균 평점*  # 분석가 수  목표 가격 대비 주식**   마힌드라 로지스틱스   38.50  7.81  15.22  797.57  판매  11  0.86   블루 다트 익스프레스 주식회사   35.25  16.65  12.51  43.53  보류  6  0.87   Delhivery Ltd   66.79  32.31  15.82  228.33  구매  22  0.71   VRL 물류회사   22.63  8.94  12.46  46.85  구매  9  0.73   * 애널리스트들의 등급 평균을 강력 매수, 매수, 보유, 매도, 강력 매도의 척도로 표준화한 것입니다.  ** 애널리스트의 평균 목표가에 대한 해당 종목의 최종 종가의 비율로, 이 비율이 1 이상이면 해당 종목이 목표가 이상으로 거래되고 있음을 의미합니다.  10월~12월 주식 성과          -- LSEG의 모든 데이터  -- 1달러 = 86.3310 인도 루피         (Reporting by Nandan Mandayam and Hritam Mukherjee in Bengaluru; Editing by Varun H K and Vijay Kishore)  Nandan.Mandayam@thomsonreuters.com ; 모바일: +91 9591011727; ))     (c) Copyright Thomson Reuters 2020. Click For Restrictions - https://agency.reuters.com/en/copyright.html        Keywords: MAHINDRA LOGISTICS-RESULTS/   원문 바로가기    DISCLAIMER  레피니티브의 사전, 서면 승인 없는 톰슨로이터 콘텐츠의 재생산이나 재배포는 금지되어 있습니다. 이 기사의 한국어 번역은 에프앤가이드가 사용하는 기계적 번역에 의한 것으로 톰슨로이터와 레피니티브는 번역의 정확성을 보증하지 않습니다."
103,4,"2025-01-28","00:48:26","중국의 저가 AI 모델이 기술 투자자를 흔들면서 캐나다 증시-TSX 하락","CANADA STOCKS-TSX declines as China's low-cost AI model rattles tech investors    1월 27일 (로이터) - 월요일 캐나다의 주요 주가지수는 중국 할인 인공지능 모델의 인기 상승에 흔들린 투자자들이 인공지능 관련 주식을 매도하면서 하락했습니다.  토론토 증권거래소의 S&P/TSX 종합지수는 9개 세션 연속 상승 후 0.7% 하락한 25,292.46을 기록했습니다.  캐나다의 정보 기술 부문은 전자 기업 셀레스티카의 15.4% 하락으로 인해 2% 하락했습니다.  금속 채굴업 주가도 1.8% 하락하며 금 가격 하락을 따라갔습니다.  하지만 통신 점유율 상한선이 1% 이상 상승하여 손실을 제한하는 데 도움이 되었습니다.  지난주 중국 스타트업 딥시크는 더 저렴한 칩과 더 적은 데이터를 사용한다고 주장하며 제품을 출시했습니다. 이 모델의 인기로 인해 글로벌 투자자들은 AI에 막대한 투자를 해온 경쟁사들의 수익성에 회의적인 시각을 갖게 되었습니다.  ""더 강력한 칩이 필요하다, 더 많은 에너지가 필요하다는 등 AI에 대해 우리가 생각했던 모든 것에 의문을 제기하게 만들었습니다.""라고 iA 프라이빗 웰스의 Allan Small Financial Group의 수석 투자 고문인 Allan Small은 말합니다.  월가의기술주 중심의 나스닥 지수는 3% 하락했습니다. 인공지능의 대명사 엔비디아는 13.5% 급락하며 2020년 3월 이후 최악의 하루를 보냈습니다.  글로벌 증시 폭락으로 인해 미국 연방준비제도이사회와 캐나다 중앙은행이 통화 정책을 결정하고, 지난해 월가 상승의 대부분을 주도한미국 대형 기업들의 분기 실적이 발표되는 중요한 한 주가 시작되었습니다.  캐나다 중앙은행은 2024년 6월부터 금리를 누적 1.75%포인트 인하했으며, 추가로 25bp를 인하할 예정입니다.  개별 종목 중에서는 전력 회사인 트랜스알타가 15%로 가장 큰 폭으로 하락했습니다.        (Reporting by Ragini Mathur in Bengaluru; Editing by Sahal Muhammed)  Ragini.Mathur@thomsonreuters.com     (c) Copyright Thomson Reuters 2020. Click For Restrictions - https://agency.reuters.com/en/copyright.html        Keywords: CANADA-STOCKS/ (UPDATE 1)   원문 바로가기    DISCLAIMER  레피니티브의 사전, 서면 승인 없는 톰슨로이터 콘텐츠의 재생산이나 재배포는 금지되어있습니다. 이 기사의 한국어 번역은 에프앤가이드가 사용하는 기계적 번역에 의한 것으로 톰슨로이터와 레피니티브는 번역의 정확성을 보증하지 않습니다."
103,5,"2025-01-28","00:46:19","미리보기-투자자들이 턴어라운드를 기다리면서 스타벅스 매출 다시 감소할 전망","PREVIEW-Starbucks sales set to drop again as investors wait for turnaround    1월 27일(로이터) - 스타벅스는 화요일에 4분기 연속 비슷한 매출 감소를 발표할 예정이며, 이는 어려움을 겪고 있는 커피 체인점의 수요를 되살리려는 새로운 최고 경영자 브라이언 니콜의 노력을기다리는 투자자들에게 또 다른 타격이 될 수 있습니다.  스타벅스에서 새로운 역할을 맡은 지 4개월이 된 슐츠는 경쟁 심화와 미국과중국에서의 수요 약화로 타격을 입은 커피 체인점 사업을 개선하기 위한 다양한 방안을 제시했습니다.  이 회사는 10월에 대기 시간을줄이고 고객이 화장실을 사용하거나 매장 내 Wi-Fi에 로그온하려면 반드시 구매를 해야 하는 '커피하우스 행동 강령'을 시행하는 등 니콜의전략을 실행하면서 2025 회계연도 실적 예측을 중단한 바 있습니다.  이달 초 스타벅스는 일부 일자리를 감축하고 매장 대기 시간을 4분 이내로 줄이겠다는 니콜의 목표를 달성하기 위해 매장 운영 시간을 늘려 매장 운영 개선에 집중할 것이라고 밝혔습니다.  ""투자자들 사이의 주요 논쟁은 고객과 직원 경험을 몇 분기 또는 몇 년 안에 개선할 수 있는지 여부입니다. 우리는 전자의 진영에 속하며 초기 변화에 고무되어 있습니다.""라고 Stifel의 애널리스트 크리스 오컬은 스타벅스가 몇 분기 만에 트래픽을 회복할 수 있을 것이라고 전망했습니다.     하지만 이번 분기는 회사가 원하는 결과를 얻지 못할 수도 있습니다. LSEG가 집계한 추정치에 따르면 스타벅스는 1분기 매출이 4.6% 감소하고 이익은 약 26% 감소하여 4분기 연속 감소세를 보일 것으로 예상됩니다.  RBC 캐피털 마켓 애널리스트인 로건 라이히는 ""경영진은단기적인 수익보다는 소비자 경험에 계속 집중할 것으로 보이며, 몇 분기가 걸릴 수도 있습니다.""라고 말합니다.  또한 커피 원가가 치솟아 회사의 수익에 부담을 줄 수 있는 상황에서도 올해 가격 인상을 보류하고 있습니다.  2024년 스타벅스의 주가는 니콜이 임명되기전까지 약 20% 하락했지만, 그 이후 금요일 종가 기준으로 28% 상승했습니다.      (Reporting by Juveria Tabassum in Bengaluru; Editing by Shinjini Ganguli)  Juveria.Tabassum@thomsonreuters.com     (c) Copyright Thomson Reuters 2020. Click For Restrictions - https://agency.reuters.com/en/copyright.html        Keywords: STARBUCKS-RESULTS/ (UPDATE 1, PREVIEW, PIX)   원문 바로가기    DISCLAIMER  레피니티브의 사전, 서면 승인 없는 톰슨로이터 콘텐츠의 재생산이나 재배포는 금지되어 있습니다. 이 기사의 한국어 번역은 에프앤가이드가 사용하는 기계적 번역에 의한 것으로 톰슨로이터와 레피니티브는 번역의 정확성을 보증하지 않습니다."
103,6,"2025-01-28","00:45:49","러시아, 우크라이나 진격이 '강제'였다고 학교 교과서 발행","Russia issues school textbook saying it was 'forced' to march into Ukraine   1월 27일(로이터) - 러시아의 우크라이나 전쟁을 나치에 맞선 소련의 투쟁에 비유하고 러시아가 우크라이나에 군대를 파견하도록 '강요'했다고 기술한 새 학교 교과서가 월요일 모스크바에서 발표되었습니다.  블라디미르 푸틴 대통령은 러시아가 공식적으로 '특별 군사 작전'이라고 부르는 이 전쟁을 서방과 나토의 지원을 받는 우크라이나에 맞서 싸우는 어렵지만 필요한 싸움이라고 말합니다. 그는 이 전쟁이 러시아를 약화시키고 해체하려는 퇴폐적인 서방에 맞서는 더 광범위한 실존적 싸움의 일환이라고 말합니다.  우크라이나와 서방 동맹국들은 러시아가 단지 영토를 차지하기 위해 잔인하고 도발하지 않은 전쟁을 벌이고 있다고 주장합니다.  3권으로 구성된 '러시아의 군사사'는 전쟁 초기인 2022년 우크라이나와 평화 회담에 실패한 대표단을 이끌었던 푸틴의 보좌관이자 러시아의 주요 역사 교과서를 공동 집필한 블라디미르 메딘스키가 집필한 책입니다.   우크라이나 지도부가 선전용으로 일축한 것으로 보이는 세 번째 책은 15세 이상의 어린이를 대상으로 교육하도록 설계되었습니다.  크렘린궁이 전쟁이 시작된 이유와 전쟁이어떻게 진행되고 있다고 생각하는지 설명하고, 전장의 영웅주의로 간주하는 사례를 강조하며, 현대 러시아 군대가 2차 세계대전 당시 소련군이 사용했던 기술을 어떻게 사용하고 있는지를 설명합니다.  ""전문성, 불굴의 의지, 용기""라는 제목의 장에서: 특수 군사 작전에 참여한 러시아 군대""라는 제목의 이 책은 학생들에게 러시아가 2022년에 우크라이나에 군대를 파견하도록 '강제'되었다고 설명합니다.  이 책은 서방이 수년 동안 러시아의 안보 우려를 무시했다고 말하며, 북대서양조약기구(NATO) 군사 동맹의 동쪽 확장과 2014년 서방의 지원을 받아 러시아에 우호적이던 우크라이나 대통령을 끌어내리고 우크라이나를 '공격적인 반러시아 교두보'로 만든 것을 언급하고 있습니다.  나토와 우크라이나는 러시아에 위협을 가한 적이 없다고 부인합니다.  러시아 육군 소속 군사 역사가인 이반 바식은 새 책에 대해 논의하기 위해 타스 통신 기자 회견에서 서방과 우크라이나의 행동이 전쟁을 ""불가피하게 만들었다""고 말했습니다.  ""가장 중요한 임무는 젊은 세대, 학생들에게 러시아 연방이 수행한 특수 군사 작전의 강제성을 설명하는 것이었습니다.""라고 그는 말했습니다.     (Reporting by Reuters Writing by Andrew Osborn Editing by)     (c) Copyright Thomson Reuters 2020. Click For Restrictions - https://agency.reuters.com/en/copyright.html        Keywords: UKRAINE-CRISIS/RUSSIA-TEXTBOOK (PIX, TV)   원문바로가기    DISCLAIMER  레피니티브의 사전, 서면 승인 없는 톰슨로이터 콘텐츠의 재생산이나 재배포는 금지되어 있습니다. 이 기사의 한국어 번역은 에프앤가이드가 사용하는 기계적 번역에 의한 것으로 톰슨로이터와 레피니티브는 번역의 정확성을 보증하지 않습니다."
103,7,"2025-01-28","00:45:12","골드만 삭스, 더프너를 EMEA 지역 행동주의 방어 책임자로 승진, 메모에 따르면","Goldman Sachs promotes Duffner to head activism defense in EMEA, memo says  뉴욕, 1월 27일(로이터) - 골드만삭스는 월요일 베테랑 은행가인 스테판 더프너를 유럽, 중동 및 아프리카(EMEA)에서 투자 은행의 행동주의 및 주주 자문 업무를 이끌도록 임명했으며, 기업들이 변화를 요구하는 행동주의 투자자들을 방어하기 위해도움을 요청하는 경우가 점점 더 많아지고 있습니다.  로이터가 입수한 골드만 직원들에게 보낸 메모에 따르면 2005년 골드만삭스에 애널리스트로 입사해 2017년 상무로 승진한 더프너는 EMEA 지역 소비자 소매 그룹의 M&A 책임자 외에 EMEA 지역 ASA(행동주의 및 주주 자문) 책임자가 될 것이라고 합니다.  골드만의 행동주의 및 주주 자문 부문 글로벌 책임자인 아비나쉬 메흐로트라는 EMEA M&A 공동 책임자인 니메쉬 키로야, 카스텐 뵈른과 함께 이 메모에 서명했습니다.  4년간 유럽에서 활동주의 그룹을 이끌었던 앤 비지엔은 프랑스에서 은행의광범위한 고객 프랜차이즈에 집중할 예정입니다. 그녀는 작년에 파트너로 승진했습니다.  블룸버그 글로벌 액티비즘 리그 테이블에 따르면 골드만은 지난해에도 49건의 계약을 체결하며 업계 최고의 금융 자문사로 선정되어 37건의 계약을 체결한 JP 모건을 앞질렀습니다.  골드만은 또한 카밀라 로드리게스 베도야가 행동주의 방어 그룹에 합류하여 EMEA 금융 기관 그룹에서 M&A 역할을 맡게 될 것이라고 밝혔습니다.  미국에서는 헤지펀드 엘리엇 인베스트먼트 매니지먼트가 변화를 추진 중인 하니웰과 협력하고 있으며, 유럽에서는 트리안 펀드 매니지먼트가 지분을 쌓을 때 렌토킬과, 에미넌스 캐피탈이 지분을 쌓을 때 레킷과 협력하고 있습니다.  행동주의 방어 업무는 은행에서 점점 더 중요해지고 있으며, 소규모 업체들도 위협을 받을 수 있는 고객들에게 이러한 서비스를 제공하기 위해 팀을 추가하고 있습니다. 2024년에 처음으로 이 전략을 도입한 45개의 신생 기업을 포함하여 기록적인 수의 행동주의 주주들이 글로벌 기업에서 캠페인을 벌였으며, 은행가들과 변호사들은 올해 더 많은 싸움에 대비하고 있다고 말했습니다.        (Reporting by Anousha Sakoui in London and Svea Herbst-Bayliss in New YorkEditing by Tomasz Janowski)  svea.herbst@thomsonreuters.com ; +617 233 2138; Reuters Messaging:      (c) Copyright Thomson Reuters 2020. Click For Restrictions - https://agency.reuters.com/en/copyright.html        Keywords: GOLDMAN SACHS-MOVES/ACTIVISM   원문 바로가기    DISCLAIMER  레피니티브의 사전, 서면 승인 없는 톰슨로이터 콘텐츠의 재생산이나 재배포는 금지되어 있습니다. 이 기사의 한국어 번역은 에프앤가이드가 사용하는 기계적 번역에 의한 것으로 톰슨로이터와 레피니티브는 번역의 정확성을 보증하지 않습니다."
104,1,"2025-01-28","00:31:44","영국서 조류인플루엔자 인체 감염 사례 확인","영국서 조류인플루엔자 인체 감염 사례 확인  농장서 감염 조류와 밀접 접촉…""일반 대중 감염 위험은 낮아""        (파리=연합뉴스) 송진원 특파원 = 영국 보건안전청(HSA)은 중부 지역에서 고병원성 조류인플루엔자(H5N1)의 인체 감염 사례가 확인됐다고 27일(현지시간) 밝혔다.      당국은 해당 감염자가 농장에서 H5N1에 감염된 조류들과 장시간 밀접 접촉했다고 설명했다.      감염자는 건강한 상태이지만 추가 확산을 막기 위해 고위험 감염 병동에 입원한 상태다.      보건 당국은 H5N1에 감염된 조류와 밀접하게 접촉한 이들을 대상으로 정기적인 모니터링을 하던 와중에 이번 감염 사례를 확인하게 됐다고 설명했다.      보건 당국의 수석 의료 고문인 수전 홉킨스 교수는 ""이 확진 사례에도 불구하고 일반 대중에게 조류인플루엔자의 위험은 매우 낮다""며 "" 조류에서 인간으로의 전염이 발생할 수 있다는 걸 알고 있기에 우리는 사례를 조기에 발견하고 필요한 조처를 할 수 있는 강력한 시스템을 갖추고 있다""고 말했다.      앤드류 그윈 보건예방 장관도 ""국민 안전이 가장 중요하며, 우리는 이 상황을 면밀히 모니터링하고 있다""고 안심시켰다.       그러나 앞서 세계보건기구(WHO)는 H5N1이 포유류 집단에 퍼지기 시작하면 확산 위험이 그만큼 증가하고 인간 대 인간 전염이 이뤄질 정도로 바이러스가 진화할 수 있다고 우려한 바 있다.      san@yna.co.kr  (끝)     <저작권자(c) 연합뉴스, 무단 전재-재배포, AI 학습 및 활용 금지>"
104,2,"2025-01-28","00:31:13","브리프-타타 스틸, 칼링가나가르의 성장 계획이 순조롭게 진행되고 있다고 밝힘","BRIEF-Tata Steel Says Our Growth Plans In Kalinganagar Are On Course  1월 27일(로이터) - Tata Steel Ltd :  칼링가나가르의 성장 계획은 순조롭게 진행되고 있습니다.   소스 텍스트: (  Further company coverage:      Reuters.Briefs@thomsonreuters.com ;;))        (c) Copyright Thomson Reuters 2020. Click For Restrictions - https://agency.reuters.com/en/copyright.html   원문 바로가기    DISCLAIMER  레피니티브의 사전, 서면 승인 없는 톰슨로이터 콘텐츠의 재생산이나 재배포는 금지되어 있습니다. 이 기사의 한국어 번역은 에프앤가이드가 사용하는 기계적 번역에 의한 것으로 톰슨로이터와 레피니티브는 번역의 정확성을 보증하지 않습니다."
104,3,"2025-01-28","00:30:34","바이오젠의 4억 6,900만 달러 인수 제안 거부 후 버즈-세이지 테라퓨틱스 주가 상승","BUZZ-Sage Therapeutics rises after rejecting Biogen's $469 mln acquisition offer  ** 신약 개발사 세이지 테라퓨틱스의 주가가 5.6% 상승한 7.49달러를 기록했습니다.  ** 바이오젠의 4억 6,900만 달러 인수 제안을 거부했습니다.  ** 1월 10일 BIIB는 아직 소유하지 않은 모든 발행 주식을 주당 7.22달러에 매입하겠다는 서한을 SAGE CEO에게 보냈습니다.  ** SAGE는 이 제안이 ""Sage의 가치를 현저히 저평가하고 있으며 주주들에게 최선의 이익이 되지 않는다고 생각한다""고 밝혔습니다.  ** SAGE는 대안을 모색 중이라고 밝혔습니다.  ** 세이지의 최대 주주인 BIB는 현재 세이지 보통주의 10.2%, 즉 624만 주 이상을 소유하고 있습니다.  ** 2024년에 SAGE가 ~76% 하락했습니다.     (Reporting by Kamal Choudhury in Bengaluru)  Kamal.Choudhury@thomsonreuters.com        (c) Copyright Thomson Reuters 2020. Click For Restrictions - https://agency.reuters.com/en/copyright.html   원문 바로가기    DISCLAIMER  레피니티브의 사전, 서면 승인 없는 톰슨로이터 콘텐츠의 재생산이나 재배포는 금지되어 있습니다. 이 기사의 한국어 번역은 에프앤가이드가 사용하는 기계적 번역에 의한 것으로 톰슨로이터와 레피니티브는 번역의 정확성을 보증하지 않습니다."
104,4,"2025-01-28","00:30:34","표-달라스 연준 텍사스 1월 제조업 활동 지수 14.1","TABLE-Dallas Fed Texas January manufacturing activity index 14.1  1월 27일 (로이터) ? 댈러스 연방 준비 은행의 텍사스 월간제조업 지수의 세부 사항이 월요일에 발표되었습니다.다음은 설문조사의 세부 내용이며 일부 항목만 계절에 따라조정되었습니다:    TABLE-Dallas Fed Texas January manufacturing activity index 14.1  1월 27일 (로이터) ? 댈러스 연방 준비 은행의 텍사스 월간제조업 지수의 세부 사항이 월요일에 발표되었습니다.다음은 설문조사의 세부 내용이며 일부 항목만 계절에 따라조정되었습니다:                                                 1월 12월                          색인 색인생산 12.2 5.3설비 가동률 5.0 -0.9신규 주문 7.7 1.5주문 증가율 1.0 -3.1미처리 주문 -4.7 -6.5배송 8.7 0.7배송 시간 -4.0 -2.5완제품 재고 -8.5 1.1원자재에 지불한 가격 17.5 12.1완제품에 대해 받은 가격 6.2 -2.6임금 및 복리후생 20.9 17.9고용 2.2 0.4근무 시간 1.9 -0.5자본 지출 13.0 10.9일반 사업 여건회사 전망 18.7 12.3일반 사업 활동 14.1 4.5        참고: 이 지수는 텍사스의 공장 활동을 측정합니다. 0 이상의 수치는 확장을 의미하며마이너스 수치는 경기 위축을 의미합니다.((미국 재무부 데스크, 전화: + 1 202 898 8310))     원문 바로가기    DISCLAIMER  레피니티브의 사전, 서면 승인 없는 톰슨로이터 콘텐츠의 재생산이나 재배포는 금지되어있습니다. 이 기사의 한국어 번역은 에프앤가이드가 사용하는 기계적 번역에 의한 것으로 톰슨로이터와 레피니티브는 번역의 정확성을 보증하지 않습니다."
104,5,"2025-01-28","00:30:00","여론조사-분석가들은 트럼프, 중국에 대한 불확실성으로 구리 전망치를 낮췄습니다.","POLL-Analysts cut copper forecasts on uncertainty over Trump, China   런던/벵갈루루, 1월 27일 (로이터) - 도널드 트럼프 미국 대통령의 정책과주요 금속 소비국인 중국의 경제, 고착화된 인플레이션 가능성에 대한 우려로 분석가들이 2025년 구리 가격 전망치를 하향 조정했다고 로이터 여론조사 결과가 나왔습니다.  벤치마크 구리 가격은 지난해 5월 톤당 11,100달러를 넘어서며 사상 최고치를 기록했지만, 중앙은행의금리 인하에 대한 낙관론이 사라지고 중국의 단편적인 경기 부양 노력이 투자자들을 실망시켰습니다.  작년 말 9,000달러 아래로 떨어지면서 12월 31일에는 거의 5개월 만에 최저치를 기록했습니다.  스톤엑스의 나탈리 스콧 그레이는 ""트럼프 대통령 임기 이후 2025년 구리 전망은 더욱 불확실해졌으며, 이는 연말에 예상되는 중국의 통화 및 재정 부양책에 대한 낙관론을 부분적으로 상쇄하고 있습니다.""라고 말했습니다.  ""구리 가격의 상승폭은 이전 예상보다 좁아지고 하락폭은 커져 작년과 비슷한 수준이 될 것으로 예상합니다.""  런던금속거래소(LME)의 구리 현물 계약은 올해 평균 톤당 9,425달러가 될 것으로 33명의 애널리스트 평균 전망치는 지난 10월의 9,898달러에서 4.8%하락한 것으로 나타났습니다.  분석가들은 또한 더 많은 공급을 예상하며 시장 수지에 대한 컨센서스 예측을 뒤집어 2025년에는 23,000 톤의 흑자를 기록할 것으로 전망했는데, 이는 이전 조사에서 147,500톤의 적자를 기록했던 것과는 대조적인 결과입니다.    알루미늄 시장, 알루미나를 주목하다  알루미늄은 지난해 포장, 운송 및 건설에 사용되는 금속을 만드는 데 사용되는 원자재 알루미나 부족으로 인해 7% 상승하며 세번째로 좋은 성과를 거둔 LME 비금속이었습니다.  분석가들은 올해 새로운 정책이 긴축 상황을 완화할 것이지만 시장은 여전히 경계하고 있다고 말했습니다.   이코노미스트 인텔리전스 유닛의 매튜 셔우드는 ""현재 알루미나 가격은 12월 초의 최고치인 31.2%에서 하락한 현재 LME 가격의 약 26.5%에 해당하지만, 대부분의 알루미늄 제련업체에게 알루미나 가격은 여전히 문제가 될 정도로 높은 수준입니다.""라고 말했습니다.  다른 분석가들은 유럽의 약한 수요와 재생 에너지와 전기차에 대한 트럼프 대통령의 적대감으로 인한 미국의 잠재적 약세로 인한 하방 리스크를 지적했습니다.  LME 현금 알루미늄은 2025년 톤당 평균 2,574달러로 금요일 종가 대비 2.3% 하락할 것으로 예상됩니다.  분석가들은 이전 설문조사에서 10만 톤의 공급 과잉에서 2025년 8,000톤의 시장 부족으로 컨센서스를 바꿨습니다.     아연 잉여량 증가  아연 도금 금속 아연도 작년에 가격이 12% 상승하면서 강세를 보였습니다.  하지만 콩고민주공화국의키푸시와 같은 신규 광산의 생산량 증가로 인해 올해 공급 상황은 개선될 것으로 예상됩니다.  번스타인의 밥 브래킷은 ""2025년에는 일부 프로젝트가 증가하면서 아연 공급이 130만 톤 더 늘어날 수 있어 정광 시장의 긴축이 점차 완화될 것으로 예상합니다.""라고 말했습니다.  ""따라서 올해 아연이 다른 비금속을 능가할 것으로 보이지는 않습니다.""  분석가들은 2025년 LME 현금 아연이 금요일 종가보다 4.1% 상승한 톤당 평균 2,895달러에 거래될 것으로 예상하고 있습니다.  분석가들은 글로벌 아연 시장이 2025년에 147,000톤의 공급 과잉을 보일 것으로 예상하는데, 이는 지난 10월 분석가들이 예측한 115,000톤의 공급 과잉보다 증가한 수치입니다.      (Reporting by Eric Onstad in London and Daksh Grover in Bengaluru. Additional reporting by Anjana Anil.Editing by Mark Potter)  eric.onstad@thomsonreuters.com ; +44 20 7542 7093; Twitter https://twitter.com/reutersEricO; Reuters Messaging:      (c) Copyright Thomson Reuters 2020. Click For Restrictions - https://agency.reuters.com/en/copyright.html        Keywords: METALS-BASE/POLL (POLL)   원문 바로가기    DISCLAIMER  레피니티브의 사전, 서면 승인 없는 톰슨로이터 콘텐츠의 재생산이나 재배포는 금지되어 있습니다. 이 기사의 한국어 번역은 에프앤가이드가 사용하는 기계적 번역에 의한 것으로 톰슨로이터와 레피니티브는 번역의 정확성을 보증하지 않습니다."
104,6,"2025-01-28","00:29:31","2월 3일 벨기에에서 하역하는 Ignacy Lukasiewicz LNG 선박 - 항구","Ignacy Lukasiewicz LNG ship to unload in Belgium Feb. 03 - port  런던, 1월 27일 (로이터) - 2월3일 벨기에의 지브뤼게 터미널에서 이그나시 루카시에비치 액화천연가스(LNG) 유조선이 하역할 예정이라고 항만청 웹사이트가 월요일에 밝혔다. 유조선은 Gqpet에서 도착합니다.     (Reporting by London Energy Desk (+442075426622))   원문바로가기    DISCLAIMER  레피니티브의 사전, 서면 승인 없는 톰슨로이터 콘텐츠의 재생산이나 재배포는 금지되어 있습니다. 이 기사의 한국어 번역은 에프앤가이드가 사용하는 기계적 번역에 의한 것으로 톰슨로이터와 레피니티브는 번역의 정확성을 보증하지 않습니다."
104,7,"2025-01-28","00:28:56","애플, M. 나이트 샤말란, '서번트' TV쇼 저작권 재판에서 승소","Apple, M. Night Shyamalan win copyright trial over 'Servant' TV show   1월 27일(로이터) - Apple과 M. 나이트 샤말란 감독은 금요일 늦게 캘리포니아 연방 배심원단을 설득하여 샤말란이 제작한 Apple TV+ 시리즈 '서번트'가 다른 영화 제작자의 영화를 도용했다는 혐의를 기각했습니다.  애플과 샤말란은 배심원단에게 프란체스카 그레고리니의 '엠마누엘에 관한 진실'이 '서번트' 제작자가 저작권을 침해했다는 사실을 입증할 만큼 충분히 유사하지 않다고 설득했다고 그레고리니의 변호사가 월요일에 확인했습니다.  Apple의 대변인과 변호사는 논평 요청에 즉시 응답하지않았습니다.  그레고리니는 2018년부터 2023년까지 방영된 ""서번트""가 ""엠마누엘에 관한 진실""의 ""뻔뻔한 카피""라고 주장하며 2020년 저작권 침해를 이유로 소송을 제기했습니다.  ""영화 '서번트'와 그레고리니의 영화는 모두 아기의 죽음을 슬퍼하는 엄마가 사실적인 인형에 애착을 형성하는 이야기입니다. 두 영화 모두 10대 유모가 어머니와 함께 인형을 마치 살아있는 것처럼 돌봐줍니다.  미국 로스앤젤레스 지방법원 판사 존 월터는 2020년에 두 작품의 줄거리, 주제, 대사 및 기타 요소의 차이에 비해 ""유사성이 희미하다""고 판단하여 소송을기각했습니다. 또한 월터 판사는 그레고리니의 주장이 불합리하다고 판단하여 애플과 샤말란의 변호사 비용 16만 달러 이상을 지불하라고 명령했습니다.  제9순회 항소법원은 배심원단이 '서번트'가 그레고리니의 영화와 충분히 유사하다고 판단하여 소송을 지지할 수 있다고 결론을 내리고 수수료 지급을 기각했습니다.     (Reporting by Blake Brittain in Washington)  blake.brittain@tr.com ; +1 (202) 938-5713) )     (c) Copyright Thomson Reuters 2020. Click For Restrictions - https://agency.reuters.com/en/copyright.html        Keywords: APPLE-SHYAMALAN/COPYRIGHT-TRIAL   원문 바로가기    DISCLAIMER  레피니티브의 사전, 서면 승인 없는 톰슨로이터 콘텐츠의 재생산이나 재배포는 금지되어 있습니다. 이 기사의 한국어 번역은 에프앤가이드가 사용하는 기계적 번역에 의한 것으로 톰슨로이터와 레피니티브는번역의 정확성을 보증하지 않습니다."
105,1,"2025-01-28","00:14:41","[美증시딥시크쇼크]변동성지수, 다시 20 아래로","[이데일리 이주영 기자] 중국의 딥시크 충격에 빅테크 종목들이 흔들리면서 급등했던 변동성지수가 다시 20 아래로 내려오고 있다.  27일(현지시간) 오전 10시7분 VIX지수는 전일보다 24.78% 오른 18.53에서 움직이고 있다.  해당지수는 이날 중국의 AI스타트업 딥시크가 미국 앱스토어에서 오픈AI의 챗GPT를 넘어서며 1위를 차지했다는 소식에 정규장 개장 전 40% 넘게 급등하며 22를 웃돌기도 했다.  월가는 이번 딥시크의 성과로 거대 AI기업들의 과도한 투자 대비 수익성에 다시 의문을 갖기 시작했고 결국 도널드 트럼프 미국 대통령 취임이후 살아났던 AI주들이 버블 지적까지 부각되었다.  이날 장 초반 엔비디아(NVDA)와 브로드컴(AVGO) 등이 두 자릿수 급락을 보이고 있으며 이번 딥시크 성공으로 투자 대비 효율성이 부각되며 전력 수요가 감소할 것이라는 분석에 뉴스케일파워(SMR) 등 전력관련주도 동반 하락 중이다.   ＜ⓒ종합 경제정보 미디어 이데일리 - 무단전재 & 재배포 금지＞"
105,2,"2025-01-28","00:14:27","REFILE-러시아의 랴잔 정유 공장, 드론 공격 후 운영 중단, 소식통에 따르면","REFILE-Russia's Ryazan oil refinery halts operations after drone strikes, sources say   모스크바, 1월 27일 (로이터) - 러시아 랴잔 정유공장이 지난주 말 우크라이나 드론의 공격으로 가동을 중단했다고 두 명의 업계 소식통이 월요일 로이터 통신에 밝혔다.  정유소의 석유 저장고는 . 손상된 장비 중에는 철도 적재 랙과 정제 제품에서 불순물을 제거하는 데 사용되는 수소 처리 장치도 포함되었습니다.  ""철도 적재 장비가손상되었습니다. 철도 적재가 중단되어 석유 처리가 중단되었습니다.""라고 한 사람이 말했습니다.  또 다른 소식통은 금요일부터 선적작업이 중단되었으며, 석유 제품을 선적할 수 없어 공장 가동이 중단된 상태라고 밝혔습니다.  이 공장을 소유한 Rosneft는 논평 요청에 응답하지 않았습니다.  다른 업계 소식통은 모스크바, 니즈니 노브고로드, 야로슬라블을 포함한 다른 정유 공장들이 연료 공급에 나설수 있다고 말했습니다.  랴잔 정유공장은 2024년 러시아 전체 정제 처리량의 약 5%인 1,310만 톤(하루 26만 2,000배럴)을 처리했습니다.  출처 기반 데이터에 따르면 휘발유 220만 톤, 경유 340만 톤, 연료유 430만 톤, 제트유 100만 톤을 생산했습니다.     (Reporting by ReutersEditing by Tomasz Janowski)     (c) Copyright Thomson Reuters 2020. Click For Restrictions - https://agency.reuters.com/en/copyright.html        Keywords: UKRAINE-CRISIS/DRONE-RYAZAN (CORRECTED)   원문 바로가기    DISCLAIMER  레피니티브의 사전, 서면 승인 없는 톰슨로이터 콘텐츠의재생산이나 재배포는 금지되어 있습니다. 이 기사의 한국어 번역은 에프앤가이드가 사용하는 기계적 번역에 의한 것으로 톰슨로이터와 레피니티브는 번역의 정확성을 보증하지 않습니다."
105,3,"2025-01-28","00:12:37","타타 스틸, 인도 판매량 호조로 깜짝 수익 보고","Tata Steel reports surprise profit on buoyant India sales volume  1월 27일(로이터) - 인도에서 시장 가치 기준으로 두 번째로 큰 철강 업체인 타타 스틸은 가격 하락에도 불구하고 국내 판매 호조에 힘입어 월요일에 깜짝 3분기 이익을 기록했습니다.  12월 31일로 마감된 분기의 연결 순이익은 중국산 수입품의 범람으로 인한 철강 가격 하락과 유럽 시장의 수요 약세로 인해 전년 동기 대비 약 36% 감소한 32억 7천만 루피(3천790만 달러)를 기록했습니다.    분석가들은 LSEG가 집계한 데이터에 따라 24억 7,000만 루피의 손실을 예상했기에 여전히 놀라운 결과였습니다. 전체 배송량의 70%를 차지하는 인도의 판매량은 자국 내 철강 수요가 여전히 호조를 보임에 따라 8.4% 증가했습니다.  인도 철강 기업들은 지난 1년간 중국으로부터의 철강 수입량 증가로 인한 가격 하락으로 어려움을 겪고 있으며, 4~10월 출하량은 전년 동기 대비 35.4% 증가하며 사상 최고치를기록했습니다.  로이터 통신은 지난달 중국산 철강이 국내산 철강보다 미터톤당 25~50달러 저렴하며 때로는 70달러까지 저렴하다고 보도한 바 있습니다.  타타 스틸의 3분기 매출은 약 3% 감소한 5,364억 8,000만 루피를 기록했지만 예상치인 5,305억 6,000만 루피를 상회했습니다.  동종업체인 JSW Steel은 지난주 가격 하락으로 인해 예상보다 큰 폭의 분기 이익 감소를 기록했습니다.  JSW스틸은 4분기 중국산 철강 수입이 감소해 국내 가격 상승으로 이어질 것으로 예상했다.   (1달러 = 86.2790 인도 루피)        (Reporting by Yagnoseni Das in Bengaluru; Editing by Krishna Chandra Eluri)  Yagnoseni.Das@thomsonreuters.com     (c) Copyright Thomson Reuters 2020. Click For Restrictions - https://agency.reuters.com/en/copyright.html        Keywords: TATA STEEL-RESULTS/ (PIX)   원문 바로가기    DISCLAIMER  레피니티브의 사전, 서면 승인 없는 톰슨로이터 콘텐츠의 재생산이나 재배포는 금지되어 있습니다. 이 기사의 한국어 번역은 에프앤가이드가 사용하는 기계적 번역에 의한 것으로 톰슨로이터와 레피니티브는 번역의 정확성을 보증하지 않습니다."
105,4,"2025-01-28","00:12:30","플러그파워, 경제적 역풍 심화 ‘매도’-시포트","[이데일리 정지나 기자] 시포트 리서치는 27일(현지시간) 수소 연료전지 업체 플러그파워(PLUG)에 대해 경제적 역풍이 심화되고 있다며 매도의견을 제시했다.  마켓워치 보도에 따르면 톰 커란 시포츠 애널리스트는 플러그파워에 대한 투자의견을 중립에서 매도로 하향 조정하고 목표가를 1달러로 제시했다.  이날 오전 10시 2분 기준 플러그파워 주가는 5.29% 하락한 1.97달러에 거래되고 있다.  커란 애널리스트는 “경제적 역풍으로 인해 주요 시장인 북미와 유럽에서 매출과 이익 모두 부정적인 영향을 받을 수 있다”고 밝혔다.  그는 특히 트럼프 대통령의 ‘미국 에너지 해방(Unleashing American Energy)’ 행정명령에 따라 백악관이 에너지부 청정에너지 시범 사무국의 ‘지역청정수소허브프로그램’(H2Hubs)을 90일간 동결 및 검토할 것을 요구했으며 이로 인해 80억달러 규모의 자금 지원 중 일부만 집행된 상황이 불확실성을 더하고 있다고 설명했다.  H2Hubs 프로그램은 미국 전역에 수소 허브를 구축해 청정 수소 상업화를 가속화하려는 프로젝트다. 그러나 지원 중단 가능성과 유럽에서의 재생 가능한 수소 목표 미달 우려가 플러그파워에 부정적으로 작용하고 있다.  플러그파워의 주가는 지난 12개월간 38.8% 하락했으며 같은 기간 S&P 500 지수는 24.7% 상승했다.   ＜ⓒ종합 경제정보 미디어 이데일리 - 무단전재 & 재배포 금지＞"
105,5,"2025-01-28","00:12:04","글로벌 시장 - 중국의 AI 드라이브가 월가를 강타하는 기술 추격전","GLOBAL MARKETS-Tech tailspin on China's AI drive hammers Wall Street    보스턴/런던, 1월 27일 (로이터) - 월요일 미국 증시는 중국 스타트업 딥시크의 저가형 인공지능 모델에 대한 관심이 급증하면서 이 분야의 높은 밸류에이션에 대한 의구심이 제기되면서 기술주를 중심으로 급락했습니다.  글로벌 증시 폭락으로 미국 국채가 상승하고 안전 통화인 엔화와 스위스 프랑이 급등하는 등 안전자산으로의 도피가 광범위하게 이루어졌습니다.  미국 애플 앱스토어에서 가장 인기 있는 무료 애플리케이션이 된 ChatGPT를 개발한딥시크는 저렴한 칩과 적은 데이터를 사용한다고 말하며, AI가 칩 제조업체에서 데이터 센터에 이르는 공급망에서 수요를 주도할 것이라는 시장의 광범위한 베팅에 도전하고 있습니다.  다우존스 산업평균지수는 0.27% 하락한 44,305, S&P 500 지수는 1.72% 하락한 5,996, 나스닥 종합지수는 약 3% 하락한 19,342를 기록했습니다.  AI 애플리케이션을 구동하는 데 가장 많이 사용되는 칩을 보유한 엔비디아<> 주가는 초반 거래에서 12% 가까이 하락했고, 업계 경쟁사인 브로드컴<>과 마벨 테크놀로지<>는 각각 10% 이상 하락했습니다.  월가의 '공포 게이지'로 알려진 CBOE 변동성 지수는 이날 33% 급등하며 12월 20일 이후 최고치를 기록했습니다.  유럽에서는 기술 섹터가 범유럽 STOXX 600 지수를 0.5% 하락시켰고, STOXX 유럽 600 기술 지수는 4.5% 하락해 10월 중순 이후 하루 최대 하락폭을 기록했습니다.  ""미국 주도의 AI 지배력에 대한 외국 경쟁자의 촉매제는 무역과 반도체 칩, 에너지 수요에 대한 다른 의문을 제기합니다.""라고 BNY의 시장 전략 및 인사이트 책임자 로버트 새비지는 월요일 메모에서 썼습니다. ""시장은 불안정하고 지난주 수익률 강세 이후 변동성이 더 커졌습니다.""  광범위한 리스크 오프 분위기  글로벌 주식 시장의 하락으로 다른 자산군에서도 위험 회피 움직임이 나타나고 있습니다.  벤치마크 미국 10년물 수익률은 8.1 베이시스 포인트(bps) 하락한 4.54%로 달러가 하락했습니다. 안전자산 통화가 주요 수혜를 입었습니다.  스코티아뱅크의 수석 외환 전략가인 숀 오스본은 ""피난처 수요가 외환으로 넘어왔다""고 말합니다.  오스본은 ""달러화 하락의 일부는 채권 수익률의 급격한 하락으로 설명할 수 있습니다.""라고 덧붙였습니다.  달러는 엔화 대비 1.1%, 스위스 프랑 대비 0.7% 하락했는데, 이 두 통화는 시장이 불안할 때 상승하는 경우가 많습니다.  6개의 주요 통화 대비 미국 통화를 측정하는 달러 인덱스는 0.5% 하락하여 12월 18일 이후 최저치를 기록했습니다.  도널드 트럼프 대통령이 지금까지 광범위한 무역 관세 부과를 자제하고 있는 가운데 미국의 수입 관세는 여전히 시장의 핵심 주제로 남아 있습니다.  지난주 트럼프가 2월 1일을 미국의 주요 무역 파트너에 대한 추가 관세 부과일로지정한 이후 중국, 멕시코, 캐나다는 여전히 초조한 기다림에 직면해 있습니다.  미국 달러는 멕시코 페소화 대비 약 1.5% 상승했지만역외 거래에서 캐나다 달러와 중국 위안화에 대해서는 거의 변동이 없었습니다.  달러는 추방 문제로 미국과 잠시 갈등을 겪은 후 콜롬비아 페소 대비 1.65% 상승하기도 했습니다.  일요일, 트럼프는 추방자들을 태운 군용기 수용을 거부한 콜롬비아를 처벌하기 위해 관세와 제재를 가하겠다고 위협했지만 콜롬비아는 나중에 군용기를 수용하겠다고 밝혔고 미국의 제재 위협은 보류되었습니다.  월요일의 시장 변동성은 연방준비제도이사회와 유럽중앙은행이 금리 결정을 위한 회의를 하는 바쁜 한 주를 시작합니다.  원자재에서 원유 선물은트럼프가 금요일 석유수출국기구(OPEC)에 를 촉구한 후 하락했습니다.  미국산 원유는 0.33% 하락한 배럴당 74.41달러, 브렌트유는 0.25% 하락한 배럴당 78.30달러를 기록했습니다.  금은 온스당 0.7% 하락한 2,752달러를 기록했습니다.  주요 암호화폐인 비트코인은3.6% 이상 하락하며 한 주 만에 처음으로 10만 달러 아래로 떨어졌다가 101,276달러에 거래되며 반등했습니다.     (Reporting by Lawrence Delevingne in Boston and Samuel Indyk in London; Additional reporting by Davide Barbuscia in New York: Editing by Christina Fincher and Paul Simao)  Samuel.Indyk@thomsonreuters.com     (c) Copyright Thomson Reuters 2020. Click For Restrictions - https://agency.reuters.com/en/copyright.html        Keywords: GLOBAL-MARKETS/   원문 바로가기    DISCLAIMER  레피니티브의 사전, 서면 승인 없는 톰슨로이터 콘텐츠의 재생산이나 재배포는 금지되어 있습니다. 이 기사의 한국어 번역은 에프앤가이드가 사용하는 기계적 번역에 의한 것으로 톰슨로이터와 레피니티브는 번역의 정확성을 보증하지 않습니다."
105,6,"2025-01-28","00:11:20","전남 보성에 대설주의보…순천 등 17곳 대설주의보 유지","전남 보성에 대설주의보…순천 등 17곳 대설주의보 유지       (광주=연합뉴스) 기상청은 28일 0시를 기해 전남 보성에 대설주의보를 발효했다고 밝혔다.      대설주의보는 24시간 동안 눈이 5㎝ 이상 쌓일 것으로 예측될 때 내려진다.      이보다 앞서 전날 순천을 비롯한 전남 지역 17곳에 대설주의보가 내려졌다.      weather_news@yna.co.kr  (끝)     <저작권자(c) 연합뉴스, 무단 전재-재배포, AI 학습 및 활용 금지>"
105,7,"2025-01-28","00:10:28","양자컴퓨터株, 中 딥시크 쇼크에 동반 하락","[이데일리 장예진 기자] 중국 스타트업 딥시크가 인공지능(AI) 시장에서 경쟁 우려를 불러일으키면서, 양자 컴퓨터 관련주들도 동반 하락하고 있다.  27일(현지시간) 오전 10시 10분 기준 리게티컴퓨팅(RGTI)의 주가는 전일대비 4% 하락한 12달러선에서, 퀀텀컴퓨팅(QUBT)의 주가는 6% 하락한10달러선에서, 아이온큐(IONQ)는 2% 하락한 39달러선에서, 디웨이브퀀텀(QBTS)은 7% 하락한 5달러선에서 거래되고 있다.  딥시크는 자사의 챗봇이 애플 앱스토어에서 챗GPT를 제치고 가장 높은 평점을 받은 무료 앱으로 등극하면서 화제가 되었다.  연구자들은 딥시크의 V3 모델이 특정 수학 및 추론 작업에서 더 우수한 성능을 보이며 상대적으로 훨씬 낮은 비용으로 훈련되었다고 주장하고 있다.  이에 AI 기술과 상호 보완적이라고 여겨지는 양자 시스템 관련 주식들이 타격을 받는 모습이다.   ＜ⓒ종합 경제정보 미디어 이데일리 - 무단전재 & 재배포 금지＞"
106,1,"2025-01-27","23:55:38","버즈-아스펜테크, 에머슨의 잔여 지분을 72억 달러에 인수한 후 상승세","BUZZ-AspenTech rises after Emerson to buy remaining stake in co for $7.2 bln   ** 산업용 소프트웨어 회사 아스펜 테크놀로지의 주가는 초기 거래에서 3.2% 상승한 $263.37에 거래되었습니다.  ** 에머슨 일렉트릭은 아직 소유하지 않은 AZPN의 모든 발행 주식을 주당 265달러에 인수할 예정이며, 지분 가치는 72억 달러에 달한다.  ** 현재 AZPN의 지분 약 57%를 소유하고 있는 에머슨은 나머지 지분을 전액 현금 공개매수를 통해 인수할 예정이며, 그 가치는 168억 달러에 달합니다.  ** 아스펜, 개인 회사로 전환하여 EMR의 완전 소유 자회사로 운영 예정  ** EMR 주가는 $128.38로 1.7% 하락했습니다.  ** 2024년 AZPN 주가는 13.4% 상승했고, EMR은 27.3% 상승했습니다.     (Reporting by Rupali Chaudhary in Bengaluru)  Rupali.Chaudhary@thomsonreuters.com        (c) Copyright Thomson Reuters 2020. Click For Restrictions - https://agency.reuters.com/en/copyright.html   원문 바로가기    DISCLAIMER  레피니티브의 사전, 서면 승인 없는 톰슨로이터 콘텐츠의 재생산이나 재배포는 금지되어 있습니다. 이 기사의 한국어 번역은 에프앤가이드가 사용하는 기계적 번역에 의한 것으로 톰슨로이터와 레피니티브는 번역의 정확성을 보증하지 않습니다."
106,2,"2025-01-27","23:54:06","중국이 저비용, 저전력 AI 모델을 업그레이드한 후 버즈 AI 관련 주가가 폭락했습니다.","BUZZ-AI-linked stocks slump after China upgrades low-cost, low-power AI model   ** 중국 할인 AI 모델의 인기가 급증한 후 미국 AI 주식의 주가가 오전 거래에서 하락 기술의 수익성에 대한 투자자들의 믿음이 흔들립니다.  ** 스타트업 DeepSeek는 더 저렴한 칩과 더 적은 데이터를 사용하는 무료 비서를 출시하여 경쟁사의 이익과 값비싼 기술의 필요성에 대한 우려를 불러일으켰습니다.  ** 엔비디아는 11.5% 하락하며 4 개월래 최저치, AI 서버 제조업체 슈퍼 마이크로는 8.3% 하락하며 4개월래 최저치, 델은 7% 하락하며 4개월래 최저치를 기록했습니다.  ** 브로드컴, 12% 하락하며 1개월 만에 최저치 경신  ** Microsoft는 3.6%, Alphabet은 3.5%, Meta는 2.5%, Oracle은 8.6% 감소했습니다.  ** 칩 제조업체 마벨 테크놀로지와 어드밴스드 마이크로 디바이스는 각각 14.9%와 4.6% 하락하며 1개월 만에 최저치로 떨어졌습니다.  ** 칩 제조 장비 업체들의 주가 하락; 어플라이드 머티어리얼즈 6%, 램리서치 5.7%, KLA Corp 5.3% 하락  ** 팔란티르 테크놀로지스 5.1% 하락  ** 소형 AI 주식 C3.ai 5% 하락, BigBear.ai 6.9% 하락  ** 데이터 센터 인프라를 설계 및 구축하는 Vertiv Holdings, 22% 하락  ** AI 데이터 센터에 전력을 공급할 계획인 에너지 회사들의 주가가 하락했습니다: 비스트라와 컨스텔레이션 에너지는각각 19.5%, 16% 하락했습니다.  ** 미국 상장사 Arm 홀딩스 주가 8.3% 하락, TSMC 주가 9.3% 하락  ** 필라델피아 SE 반도체 지수가 6.4% 하락하며 2주 만에 최저치를 기록했습니다.           (Reporting by Pranav Kashyap in Bengaluru)  Pranav.Kashyap@thomsonreuters.com ; +919886482111; ))     (c) Copyright Thomson Reuters 2020. Click For Restrictions - https://agency.reuters.com/en/copyright.html        Keywords: (UPDATE 1)   원문 바로가기    DISCLAIMER  레피니티브의 사전, 서면 승인 없는 톰슨로이터 콘텐츠의 재생산이나 재배포는 금지되어 있습니다. 이 기사의 한국어 번역은 에프앤가이드가 사용하는 기계적 번역에 의한 것으로 톰슨로이터와 레피니티브는 번역의 정확성을 보증하지 않습니다."
106,3,"2025-01-27","23:54:03","BUZZ-AT&T, 4분기 무선 가입자 증가에 힘입어 상승세 이어가다","BUZZ-AT&T rises on upbeat Q4 wireless subscriber growth   ** 통신사 AT&T의 주가는 5.5% 상승한 23.96달러를 기록했습니다.  ** Visible Alpha에 따르면 4분기 AT&T의 월간 요금 납부 무선 전화 가입자 수는 424,550명으로 애널리스트들의 예상치인 424,550명을 앞질렀습니다.  ** 4분기에 307,000명의 신규 고객을 추가하여 전 분기의 226,000명보다 높은 수치로 4분기 최고의 광섬유 순증 고객을 기록했습니다.  ** 매출은 약 1% 증가한 323억 달러로, LSEG에서 집계한 데이터에 따르면 예상치인 320억 4천만 달러에 비해 약 1% 증가했습니다.  ** 2024년 AT&T 주가는 약 36% 상승했습니다.     (Reporting by Jaspreet Singh in Bengaluru)  Jaspreet.Singh@thomsonreuters.com ; https://twitter.com/i_jass        (c) Copyright Thomson Reuters 2020. Click For Restrictions - https://agency.reuters.com/en/copyright.html   원문 바로가기    DISCLAIMER  레피니티브의 사전, 서면 승인 없는 톰슨로이터 콘텐츠의 재생산이나 재배포는 금지되어 있습니다. 이 기사의 한국어 번역은 에프앤가이드가 사용하는 기계적번역에 의한 것으로 톰슨로이터와 레피니티브는 번역의 정확성을 보증하지 않습니다."
106,4,"2025-01-27","23:53:37","세이지, 바이오젠 인수 제안 거부…주가 4%대 상승","세이지, 바이오젠 인수 제안 거부…주가 4%대 상승       (뉴욕=연합인포맥스) 최진우 특파원 = 세이지 테라퓨틱스(NAS:SAGE)는 27일(현지시간) 바이오젠의 인수 의사를 거부했다고 밝혔다.      바이오젠은 세이지의 지분을 주당 7.22달러에 인수하겠다고 제안한 바 있다. 총 인수 금액은 4억6천900만달러다.      세이지는 ""세이지를 상당히 과소평가한 것이며, 주주들의 최선의 이익이 아니라고 생각한다""고 했다.      세이지는 알츠하이머 치료제 등을 개발하는 제약사다.      바이오젠은 세이지의 지분 10.2%를 보유하고 있다.      이러한 소식이 전해진 뒤 세이지의 주가는 오전 9시 48분 뉴욕장에서 전장보다 4.51% 오른 7.4200달러에 거래되고 있다.  *그림1*       jwchoi@yna.co.kr   <저작권자 (c) 연합인포맥스, 무단전재 및 재배포 금지, AI 학습 및 활용 금지>"
106,5,"2025-01-27","23:53:36","세이지, 바이오젠 인수 제안 거부…주가 4%대 상승","세이지, 바이오젠 인수 제안 거부…주가 4%대 상승       (뉴욕=연합인포맥스) 최진우 특파원 = 세이지 테라퓨틱스(NAS:SAGE)는 27일(현지시간) 바이오젠의 인수 의사를 거부했다고 밝혔다.      바이오젠은 세이지의 지분을 주당 7.22달러에 인수하겠다고 제안한 바 있다. 총 인수 금액은 4억6천900만달러다.      세이지는 ""세이지를 상당히 과소평가한 것이며, 주주들의 최선의 이익이 아니라고 생각한다""고 했다.      세이지는 알츠하이머 치료제 등을 개발하는 제약사다.      바이오젠은 세이지의 지분 10.2%를 보유하고 있다.      이러한 소식이 전해진 뒤 세이지의 주가는 오전 9시 48분 뉴욕장에서 전장보다 4.51% 오른 7.4200달러에 거래되고 있다.  *그림1*       jwchoi@yna.co.kr  (끝)"
106,6,"2025-01-27","23:53:19","버즈-재생-골드 드라이버, 연준-말하기, 헤지, 감가상각, 트럼프","BUZZ-Replay-Gold driver, Fed-speak, hedges, depreciation, Trump  USD 대신 금을 검색하면 금값이 훨씬 더 높아질 수 있습니다(   연준의 발언 요약: 조심스럽게 낙관적(   주문과 헤지는 EUR/USD 전망에 대한 단서를 제공합니다(   스웨덴 왕관 감가상각은 여전히 릭스뱅크의 관심사(   도착하는 것보다 트럼프와 함께 여행하는 것이 USD에 더 좋습니다(   FX 옵션 랩 - 위험 회피 심리에 따른 안전자산 거래량 급증(   자세한 내용을 보려면        (피터 스톤햄은 로이터 시장 분석가입니다. 표현된 견해는 본인의 의견입니다)  peter.stoneham@thomsonreuters.com        (c) Copyright Thomson Reuters 2020. Click For Restrictions - https://agency.reuters.com/en/copyright.html   원문 바로가기    DISCLAIMER  레피니티브의 사전, 서면 승인 없는 톰슨로이터 콘텐츠의 재생산이나 재배포는 금지되어 있습니다. 이 기사의 한국어 번역은에프앤가이드가 사용하는 기계적 번역에 의한 것으로 톰슨로이터와 레피니티브는 번역의 정확성을 보증하지 않습니다."
106,7,"2025-01-27","23:52:25","아직 종료되지 않았지만 손상된 BUZZ-USD/CHF 캐리","BUZZ-USD/CHF carry damaged though not yet ended  최근 CHF 선물 미결제약정(OI) 하락은 USD가 최고점을 찍었을 수 있음을 시사합니다.   지난 2년간 미결제 약정 변동은 USD/CHF 움직임을반영했습니다.   주간 CFTC 데이터에 따르면 자산운용사들이 초단타 CHF 포지션을 정리한 것으로 나타났습니다.   이러한 하락은 포지셔닝이 6개월 고점에 도달한 후 OI가 하락한 시점과 일치합니다.   1월 13일 이브닝 스타를 형성한 이후 USD/CHF는 두 차례 가파른 하락세를 보였습니다.   그러나 옵션은 변동성이 지속되어 CHF 캐리를 약화시키지 않습니다.   미국 경제의 예상치 못한 침체는 이러한 전망을 바꿀 수 있습니다.   0.8967의 55-DMA는 0.8830 200-DMA 이전의 단기 지지선을 제공합니다.     자세한 내용을 보려면      (로버트 풀렘은 로이터 시장 분석가입니다. 표현된 견해는 본인의 의견입니다.)  Robert.Fullem@thomsonreuters.com        (c) Copyright Thomson Reuters 2020. Click For Restrictions - https://agency.reuters.com/en/copyright.html   원문 바로가기    DISCLAIMER  레피니티브의 사전, 서면 승인 없는 톰슨로이터 콘텐츠의 재생산이나 재배포는 금지되어 있습니다. 이 기사의 한국어 번역은 에프앤가이드가 사용하는 기계적 번역에 의한 것으로 톰슨로이터와 레피니티브는 번역의 정확성을 보증하지 않습니다."
107,1,"2025-01-27","23:36:21","대설로 항공기·여객선 운항 차질…""28일 새벽 많은 눈""(종합)","대설로 항공기·여객선 운항 차질…""28일 새벽 많은 눈""(종합) 무주 21.3㎝·진천 19.4㎝ 등…항공기 21편·여객선 70척 운항 중단  중대본 ""28일 새벽부터 많은 눈, 대설특보 확대 가능성""        (서울=연합뉴스) 양정우 기자 = 27일 전국적으로 눈이 계속되면서 항공기와 여객선 운항에 일부 차질이 빚어졌다.      중앙재난안전대책본부의 '대설 대처상황 보고'에 따르면 이날 오후 10시 기준 항공기 21편이 결항했고, 여수∼거문도, 인천∼백령도 등 56개 항로·70척의 여객선 운항이 중단됐다.      국립공원에도 많은 눈이 쌓이면서 북한산·지리산국립공원 등 18개 공원·443개 구간의 출입이 통제됐다.      도로는 제주 7곳, 전남 3곳, 경북 2곳 등 지방도 15곳이 적설로 인해 운행이 중단됐다.      다행히 설 연휴 눈으로 인한 인명피해는 없었다.      소방당국은 이날 오전 6시∼오후 9시 구조 2건, 구급 29건, 안전조치 32건 등 63건의 소방활동을 벌였다.      이날 오후 10시 기준 지역별 적설량(24시간 기준)은 전북 무주 21.3㎝, 충북 진천 19.4㎝, 강원 횡성 18㎝, 충남 당진 17.5㎝, 서울 4.8 ㎝ 등이다.       현재 경기와 강원, 충북, 충남, 전북에는 대설 경보가 발령 중이다. 바람도 강하게 불어 경기와 강원, 전남 등 64개 구역에 강풍특보가발효됐다.      중대본은 중부지방과 전라권, 경북북부내륙 중심으로 대설특보가 발효 중으로, 시간당 1~3cm의 눈이 내리고 있다며 28일 새벽부터 많은눈이 내리면서 특보가 확대할 가능성이 있다고 알렸다.      eddie@yna.co.kr  (끝)     <저작권자(c) 연합뉴스, 무단 전재-재배포, AI 학습 및 활용 금지>"
107,2,"2025-01-27","23:35:57","중국의 저가 AI 모델이 기술 투자자들을 놀라게하면서 캐나다 증시-TSX가 하락세로 개장했습니다.","CANADA STOCKS-TSX opens lower as China's low-cost AI model spooks tech investors  1월 27일(로이터) - 캐나다의 주요 주가지수는 월요일 중국 할인 AI 모델의 인기 상승으로 인공지능관련 주식에 대한 투자자들의 신뢰가 흔들리면서 정보 기술주가 타격을 받아 하락세로 출발했습니다.  오전 9시 32분(동부표준시 1432 GMT) 토론토 증권거래소의 S&P/TSX 종합지수는 0.97% 하락한 25222.45를 기록했습니다.     (Reporting by Ragini Mathur in Bengaluru; Editing by Sahal Muhammed)  Ragini.Mathur@thomsonreuters.com     (c) Copyright Thomson Reuters 2020. Click For Restrictions - https://agency.reuters.com/en/copyright.html        Keywords: CANADA-STOCKS/ (URGENT)   원문 바로가기    DISCLAIMER  레피니티브의 사전, 서면 승인 없는 톰슨로이터 콘텐츠의 재생산이나 재배포는 금지되어 있습니다. 이 기사의 한국어 번역은 에프앤가이드가 사용하는 기계적번역에 의한 것으로 톰슨로이터와 레피니티브는 번역의 정확성을 보증하지 않습니다."
107,3,"2025-01-27","23:35:15","영국, 조류 독감 인체 감염 사례 발견","UK detects human case of bird flu  런던, 1월 27일 (로이터) - 영국 보건 당국은 영국 중부의 한 사람에게서 조류 독감(H5N1) 감염 사례가 발견되었다고 밝혔습니다.  영국 보건안전국은 이 환자가 감염된 농장에서 감염된 많은 조류와 밀접하고 장기간 접촉한 것으로 확인됐다고 밝혔습니다.  일반 대중에 대한 위험은 여전히 매우 낮다고 덧붙였다.     (Reporting by Sarah Young, writing by Sachin Ravikumar)  saisachin.r@tr.com ; Twitter: https://twitter.com/sachinr27; ))     (c) Copyright Thomson Reuters 2020. Click For Restrictions - https://agency.reuters.com/en/copyright.html        Keywords: HEALTH-BIRDFLU/BRITAIN (URGENT)   원문바로가기    DISCLAIMER  레피니티브의 사전, 서면 승인 없는 톰슨로이터 콘텐츠의 재생산이나 재배포는 금지되어 있습니다. 이 기사의 한국어 번역은 에프앤가이드가 사용하는 기계적 번역에 의한 것으로 톰슨로이터와 레피니티브는 번역의 정확성을 보증하지 않습니다."
107,4,"2025-01-27","23:35:07","권영세 “검찰, 최고수사기관 위상 포기…검찰총장 사퇴해야”","권영세 국민의힘 비상대책위원장     [헤럴드경제=이명수 기자] 권영세 국민의힘 비상대책위원장은 27일 검찰이 윤석열 대통령을 구속 기소한 것을 두고 “검찰이 최고 수사기관이라는 그 위상을 스스로 포기해 버렸다”라고 밝혔다.   뉴시스에 따르면, 권 비대위원장은 이날 오후 서울 영등포병원 방문을 마치고 기자들과 만나 ‘윤 대통령이 구속 기소된 것을 어떻게 보는가’라는 질문에 이같이 답했다.   그는 “소위 내란 사건이 최초로 문제가 됐을 때 검찰에서 직접 수사를 하지 않고 공수처(고위공직자범죄수사처)로 보냈는데, 거기서부터 문제가 있었다고 생각한다”라며 “공수처에서 수사한 내용을 이번에 가져와서 영장 구속 영장의 이 기간을 연장하는 과정에서 법원하고 견해가 좀 달랐던 것 같다”라고 설명했다.   “검찰 입장에서는 현재까지 수사 상황으로 만족하지 못하고 (수사)연장이 필요하다고 생각을 해서 연장 신청을 한 건데 법원이 (이를) 이해하기 어려운 부분”이라며 “절차 없이 서둘러서 공수처에서 받은 죄로 기소를 해버리는 것은 최고 수사기관이라는 위상과 명성을 스스로 다포기해 버린 것”이라고 재차 비판했다.   권 비대위원장은 이재명 더불어민주당 대표가 다음 달 중 연금개혁과 관련된 입법을 지시한 것에 대해선 “지금의 민주당 운영 시스템이 이해가 되지 않는다”라며 “벌써 대통령이 된 것처럼 지시하면 당에서 무조건 따라야 하는 시스템은 저희 당하곤 달라서 전혀 이해하기가 어렵다”라고 지적했다.   그러면서도 “어쨌든 연금 개혁에 나선 부분에 대해선 환영하고 필요하면 민주당과도 연금개혁에 관해서 얼마든지 논의를 할 생각”이라고 덧붙였다.   권 비대위원장은 같은 날 페이스북을 통해서도 “수사가 부족하다며 연장을 요청했던 검찰이 이제 와서 혐의 입증에 자신이 있다며 구속기소를 강행한 것은 자기모순”이라고 언급했다.   또 “제대로 된 조사도 없이 불구속 수사 원칙이 무시된 이번 사건은 검찰의 정치적 중립성에 의문을 제기하게 한다”라며 “검찰이 특정 정치세력의 압력에 굴복한다면 더이상 공익의 대표자, 최고수사기관이라 할 수 없다”라고 강조했다.   아울러 “이런 법치 붕괴를 불러온 공수처장과 이에 굴종한 검찰총장은 즉각 사퇴하는 것이 옳다”라며 “공수처 해체를 외쳤던 국민들이 이제 검찰 대개조를 외치고 있다. 그 원인이 무엇인지 고민해야 할 것”이라고 덧붙였다."
107,5,"2025-01-27","23:34:59","업데이트 1-세이지, 바이오젠의 4억 6900만 달러 인수 제안 거부","UPDATE 1-Sage rejects Biogen's $469 million takeover offer   1월 27일 (로이터) - 세이지 테라퓨틱스는 월요일 이사회가 바이오젠으로부터 받은 인수 제안을 만장일치로 거부했다고 밝혔다.  이 회사는 아직 소유하지 않은 세이지의 모든 발행 주식을 주당 7.22달러에 매입하겠다는 바이오젠의제안은 ""세이지의 가치를 상당히 저평가하고 있으며 주주들에게 최선의 이익이 되지 않는다고 생각한다""고 말했습니다.  바이오젠은 세이지 테라퓨틱스의 지분 10.2%를 보유하고 있습니다.  세이지 측은 전략적 대안을 모색하기 위한 프로세스를 시작했지만 검토 일정은 정하지 않았다고 밝혔습니다.     (Reporting by Sneha S K; Editing by Tasim Zahid)  Sneha.SK@thomsonreuters.com     (c) Copyright Thomson Reuters 2020. Click For Restrictions - https://agency.reuters.com/en/copyright.html        Keywords: SAGE-STRATEGICALTERNATIVES/ (UPDATE 1)   원문 바로가기    DISCLAIMER  레피니티브의 사전, 서면 승인 없는 톰슨로이터 콘텐츠의 재생산이나 재배포는 금지되어 있습니다. 이 기사의 한국어 번역은 에프앤가이드가 사용하는 기계적 번역에 의한 것으로 톰슨로이터와 레피니티브는 번역의 정확성을 보증하지 않습니다."
107,6,"2025-01-27","23:34:51","뉴스캐스트 - 테슬라, 중국 전기차에 대한 EU 관세에 대한 법원 소송에 참여하다","Newscasts - Tesla joins court challenges to EU tariffs on Chinese EVs    Newscasts - Tesla joins court challenges to EU tariffs on Chinese EVs    Click the following link to watch video: https://share.newscasts.refinitiv.com/link?entryId=1_fv38afx6&referenceId=tag:reuters.com,2025:newsml_RW654527012025RP1_930&pageId=Newscasts                 (c) Copyright Thomson Reuters 2020. Click For Restrictions - https://agency.reuters.com/en/copyright.html   원문 바로가기    DISCLAIMER  레피니티브의 사전, 서면 승인 없는 톰슨로이터 콘텐츠의 재생산이나 재배포는 금지되어있습니다. 이 기사의 한국어 번역은 에프앤가이드가 사용하는 기계적 번역에 의한 것으로 톰슨로이터와 레피니티브는 번역의 정확성을 보증하지 않습니다."
107,7,"2025-01-27","23:34:35","요약-피라말 기업, 1억 5,440만 루피의 과징금 명령 받아","BRIEF-Piramal Enterprises Receives Penalty Order Of 154.4 Mln Rupees  1월 27일 (로이터) - 피라말 엔터프라이즈 Ltd :  1억 5,440만 루피의 벌금 명령을 받았습니다.   소스 텍스트: (  Further company coverage:      Reuters.Briefs@thomsonreuters.com ;;))        (c) Copyright Thomson Reuters 2020. Click For Restrictions - https://agency.reuters.com/en/copyright.html   원문 바로가기    DISCLAIMER  레피니티브의 사전, 서면 승인 없는 톰슨로이터 콘텐츠의 재생산이나 재배포는 금지되어 있습니다.이 기사의 한국어 번역은 에프앤가이드가 사용하는 기계적 번역에 의한 것으로 톰슨로이터와 레피니티브는 번역의 정확성을 보증하지 않습니다."
108,1,"2025-01-27","23:30:26","요약-콘코드 신에너지, 헤이룽장 타이밍 신에너지 기술 지분 100% 처분할 것","BRIEF-Concord New Energy Says Units To Dispose Of 100% Interest In Heilongjiang Taiming New Energy Technology  1월 27일 (로이터) - 콩코드 뉴 에너지 그룹 :  유닛, 6억3620만 위안에 헤이룽장 타이밍 신에너지 기술 지분 100% 처분      Further company coverage:      Reuters.Briefs@thomsonreuters.com        (c) Copyright Thomson Reuters 2020. Click For Restrictions - https://agency.reuters.com/en/copyright.html   원문 바로가기    DISCLAIMER  레피니티브의 사전, 서면 승인 없는 톰슨로이터 콘텐츠의 재생산이나 재배포는 금지되어 있습니다. 이 기사의 한국어 번역은 에프앤가이드가 사용하는 기계적 번역에 의한 것으로 톰슨로이터와 레피니티브는 번역의 정확성을 보증하지 않습니다."
108,2,"2025-01-27","23:29:49","요약-퀵터치 테크놀로지스, 자회사에서 혁신적인 평가 도구 TET를 출시하다","BRIEF-Quicktouch Technologies Says Subsidiary Launches Innovative Assessment Tool TET  1월 27일 (로이터) - Quicktouch Technologies Ltd :  자회사, 혁신적인 평가 도구 TET 출시   소스 텍스트: (  Further company coverage:      Reuters.Briefs@thomsonreuters.com ;;))        (c) Copyright Thomson Reuters 2020. Click For Restrictions - https://agency.reuters.com/en/copyright.html   원문 바로가기    DISCLAIMER  레피니티브의 사전, 서면 승인 없는 톰슨로이터 콘텐츠의 재생산이나 재배포는 금지되어 있습니다. 이 기사의 한국어 번역은 에프앤가이드가 사용하는 기계적 번역에 의한 것으로 톰슨로이터와 레피니티브는 번역의 정확성을 보증하지 않습니다."
108,3,"2025-01-27","23:29:31","BUZZ-스트리트뷰: 넥스트에라, GE 베르노바와의 파트너십으로 성장에 화력을 더하다","BUZZ-Street View: NextEra's partnership with GE Vernova to add firepower to growth  ** 재생 에너지 회사인 NextEra Energy는 터빈 제조업체인 GE Vernova와 협력하여 미국에서 주로대규모 전기 사용자를 위한 천연가스 발전 프로젝트를 개발하고 있습니다.  ** LSEG가 집계한 데이터에 따르면 NEE의 분기 매출은 53억9,000만 달러로 애널리스트들의 평균 예상치인 70억 7,000만 달러에 미치지 못했습니다.  장거리 이동을 위한 전원 공급  ** 모건스탠리('비중확대', PT: $94)는 넥스트에라가 매우 경쟁력 있는 개발 역량과 가스 플랜트 건설에 대한 상당한 경험을 보유하고 있다고 말합니다.  ** ""... GEV의 터빈을 이용하면 24시간 연중무휴 전력을 필요로 하는 데이터 센터 및 기타 대규모 부하 고객에 대한 경쟁력을 의미 있게 강화할 수 있습니다."" - Morgan Stanley  ** Wolfe Research('아웃퍼폼', PT: $88)는 파트너십 이후 NEE가 터빈 액세스 및 비용측면에서 유리한 위치를 점할 것이라고 말합니다.  ** BofA 글로벌 리서치(""중립"", PO: $74)는 가스 개발이 단기 재생에너지 개발의 공백을 메울 수 있을 것 같지 않다고 말합니다.  ** ""파트너십 조건은 여전히 모호하며, NEE 자체는 새로운 가스 배치가 빠르면 2030년경에 배치될 수 있을 것으로 예상하고 있습니다."" - BofA  ** 구겐하임('매수', PT: $89)은 GE와의 파트너십이 다양한 에너지 수요를 충족하고 에너지 시장에서의 전략적 입지를 강화하는 NEE의 능력을 향상시킬 것으로 기대합니다.           (Reporting by Rashika Singh in Bengaluru)  rashika.singh@thomsonreuters.com        (c) Copyright Thomson Reuters 2020. Click For Restrictions - https://agency.reuters.com/en/copyright.html   원문 바로가기    DISCLAIMER  레피니티브의 사전, 서면 승인 없는 톰슨로이터 콘텐츠의 재생산이나 재배포는 금지되어 있습니다. 이 기사의 한국어 번역은 에프앤가이드가 사용하는 기계적 번역에 의한 것으로 톰슨로이터와 레피니티브는 번역의 정확성을 보증하지 않습니다."
108,4,"2025-01-27","23:29:18","브리프-킹키 파이낸셜 인터내셔널, 베이징 리문화기술과 전략적 협력 프레임워크 협약 체결","BRIEF-Kingkey Financial International Enters Strategic Cooperation Framework Agreement With Beijing Re Re Cultural Technology  1월 27일 (로이터) - 킹키 파이낸셜 인터내셔널 홀딩스 :  베이징 RE 문화 기술과의 전략적 협력 프레임워크 협약   해외 AI 스마트 데이터 주석 사업 추진을 위한 조인트벤처 공동 설립 협약 체결      Further company coverage:      Reuters.Briefs@thomsonreuters.com        (c) Copyright Thomson Reuters 2020. Click For Restrictions - https://agency.reuters.com/en/copyright.html   원문 바로가기    DISCLAIMER  레피니티브의 사전, 서면 승인 없는 톰슨로이터 콘텐츠의 재생산이나 재배포는 금지되어 있습니다. 이 기사의 한국어 번역은 에프앤가이드가 사용하는 기계적 번역에 의한 것으로 톰슨로이터와 레피니티브는 번역의 정확성을 보증하지 않습니다."
108,5,"2025-01-27","23:29:16","자문-에베레스트 그룹에 잘못 태그된 CEO 임명에 대한 경고가 철회되었습니다.","ADVISORY-Alerts on CEO appointment wrongly tagged to Everest Group Ltd withdrawn  비상장 리서치 및 자문 서비스 회사인 에버레스트 그룹의 CEO 선임에 대한 알림은 관련 없는 재보험사인 에버레스트 그룹에 잘못 태그가 지정되어 철회되었습니다.  대체할 수 있는 방법은 없습니다.  뉴욕에 상장된 에베레스트 그룹은 짐 윌리엄슨을 CEO 대행으로 임명했습니다.     STORY_NUMBER: nTUA295TQH  STORY_DATE: 2025년 1월 27일  스토리_시간: 1400 GMT     bangalore.newsroom@thomsonreuters.com        (c) Copyright Thomson Reuters 2020. Click For Restrictions - https://agency.reuters.com/en/copyright.html   원문 바로가기    DISCLAIMER  레피니티브의 사전, 서면 승인 없는 톰슨로이터 콘텐츠의 재생산이나 재배포는 금지되어 있습니다. 이 기사의 한국어 번역은 에프앤가이드가 사용하는 기계적 번역에 의한 것으로 톰슨로이터와 레피니티브는 번역의 정확성을 보증하지 않습니다."
108,6,"2025-01-27","23:27:58","티센크루프 CEO, 회사 혁신의 결정적인 한 해를 예측하다","Thyssenkrupp CEO predicts decisive year in company's transformation  뒤셀도르프, 1월 27일(로이터) - 독일 산업 그룹 티센크루프의 CEO는 월요일에 2025년이 그룹의 지속적인 혁신에결정적인 해가 될 것이라고 말했습니다.  ""이번 사업연도는 포트폴리오와 관련하여 의사결정을 내리는 한 해가 될 것입니다.""라고 금요일에 있을 회사의 연례 주주총회에서 발표할 주주 연설의 녹취록에서 미구엘 로페즈 CEO가 말했습니다.  그는 티센크루프가 어려움을 겪고 있는 철강 사업에서 약 5,000개의 일자리를 줄이고 6,000개의 일자리를 계약업체에 추가로 아웃소싱할 것이라고 덧붙였습니다.     (Reporting by Tom Kaeckenhoff Writing by Ludwig Burger Editing by Rachel More)  ludwig.burger@thomsonreuters.com ; +49 30 220133634; ))     (c) Copyright Thomson Reuters 2020. Click For Restrictions - https://agency.reuters.com/en/copyright.html        Keywords: THYSSENKRUPP-STRATEGY/ (URGENT)   원문 바로가기    DISCLAIMER  레피니티브의 사전, 서면 승인 없는 톰슨로이터 콘텐츠의 재생산이나 재배포는 금지되어 있습니다. 이 기사의 한국어 번역은 에프앤가이드가 사용하는 기계적 번역에 의한 것으로 톰슨로이터와 레피니티브는 번역의 정확성을 보증하지 않습니다."
108,7,"2025-01-27","23:27:47","테슬라 이어 BMW도 ‘中 전기차 고율관세’ EU 제소","미국 전기차업체 테슬라에 이어 독일 BMW 역시 유럽연합(EU)의 중국산 전기차 고율 관세 부과에 반발해 소송에 나섰다.  27일(현지 시각) 블룸버그 통신에 따르면 룩셈부르크 소재 EU 일반법원 사이트에 따르면 테슬라와 BMW는 지난주 EU 행정부 격인 집행위원회를 제소했다. 집행위가 작년 10월 중국산 전기차를 대상으로 한 고율 관세 부과를 무효로 하기 위해서다.  BMW는 성명에서 EU의 고율 관세가 “유럽 제조업체의 경쟁력을 강화하는 것이 아니라, 오히려 세계적으로 활동하는 기업의 비즈니스 모델을해치고, 유럽 고객에게 전기차 공급을 제한해 운송 부문의 탈탄소화를 늦출 수 있다”고 지적했다.  BMW는 이어 “협상을 통해 정치적 합의를 찾는 것이 바람직하다고 생각한다”며 “결국에는 패배자만 남게 되는 무역 분쟁을 피하는 것이 중요하다”고 강조했다.  앞서 EU 집행위는 반(反)보조금 직권조사 결과 중국 당국의 ‘불공정한’ 보조금을 받은 값싼 중국산 전기차가 유럽 시장을 교란한다며 기존10％ 일반관세에 더해 7.8∼35.3％포인트의 추가 상계관세 부과 결정을 내렸다. 이에 작년 10월부터 중국산 전기차 관세율이 최소 17.8％에서 최고 45.3％로 올랐다.  집행위가 조사한 보조금 수위에 따라 중국 상하이공장에서 제조되는 테슬라가 가장 낮은 17.8％, BMW는 30.7%의 관세를 부과받았다. 이들 외에 비야디(BYD), 지리(Geely), 상하이자동차(SAIC) 등 중국 전기차 기업 3곳 역시 각각 27.0％, 28.8％, 45.3％의 관세를 부과받았다. 이들중국 업체 3곳도 지난 21일 EU 집행위를 제소했다.  올로프 질 EU 집행위 무역담당 대변인은 테슬라와 BMW의 소송 참여에 대해 블룸버그 통신에 “필요하다면 법정에서 우리의 입장을 변호할 준비가 돼 있다”고 말했다.  민서연 기자 minsy@chosunbiz.com   Copyrights ⓒ ChosunBiz.com"
109,1,"2025-01-27","23:16:06","트럼프, 군대에서 DEI 종식 명령, COVID 백신을 거부 한 군대 복직, Hegseth는 말합니다.","Trump to order end to DEI in military, reinstate troops who refused COVID vaccines, Hegseth says  워싱턴, 1월 27일 (로이터) - 도널드 트럼프 미국 대통령이 곧 군대에서 다양성, 형평성, 포용성을 제거하고 팬데믹 기간 동안 코로나19 백신 접종을 거부해 쫓겨난 수천 명의 병력을 복직시키는 행정 명령에 서명할 것이라고피트 헤그세스 국방장관이 월요일에 밝혔습니다.  금요일에 가까스로 상원 인준을 받은 후 첫 업무를 위해 국방부에 도착한 헤그세스는기자들에게 ""앞으로 더 많은 행정명령이 나올 것""이라고 말했습니다.  그는 펜타곤 계단에서 미군 최고 장교인 C.Q. 브라운 공군 장군의 따뜻한 환영을 받았는데, 그는 최근 저서에서 그를 비판한 바 있습니다. 브라운 장군을 해고할 수 있느냐는 질문에 헥세스는 바로 옆에 서있다고 농담을 던졌습니다.     (Reporting by Idees Ali and Phil Stewart; Editing by Chizu Nomiyama)  phillip.stewart@thomsonreuters.com ; 1-202-898-8398; Reuters Messaging:      (c) Copyright Thomson Reuters 2020. Click For Restrictions - https://agency.reuters.com/en/copyright.html        Keywords: USA-TRUMP/MILITARY (URGENT)   원문 바로가기    DISCLAIMER  레피니티브의 사전, 서면 승인 없는 톰슨로이터 콘텐츠의 재생산이나 재배포는 금지되어 있습니다. 이 기사의 한국어 번역은 에프앤가이드가 사용하는 기계적 번역에 의한것으로 톰슨로이터와 레피니티브는 번역의 정확성을 보증하지 않습니다."
109,2,"2025-01-27","23:14:54","최대 30㎝ 폭설…강풍에 체감온도 ‘뚝’","서울 전역에 대설주의보가 내려진 설 명절 연휴 사흘째인 27일 오후 서울 시내에서 시민들이 발걸음을 재촉하고 있다.[뉴시스]     [헤럴드경제=이명수 기자] 설 연휴 넷째 날인 오는 28일 전국에 최대 30㎝ 이상의 폭설이 쏟아지겠다. 전국이 흐린 가운데 바람이 강하게 불어 체감온도가 크게 떨어지겠다.   기상청은 27일 “내일까지 전국에 비나 눈이 내리고, 대부분 지역에서 바람이 강하게 불어 체감온도는 더욱 낮아 춥겠다”고 예보했다.   현재 수도권과 강원내륙·산지, 충북, 전북동부, 경북북부내륙·북동산지, 제주도 중산간·산지, 일부 충남권 내륙에 대설특보가 발효된 상태다. 내일 새벽 많은 눈이 내리면서 대설특보가 확대될 가능성이 있겠다.   눈·비는 오늘 밤부터 내일 새벽 사이 경상권과 강원동해안, 내일 늦은 오후부터 밤 사이 수도권과 강원내륙·산지, 경상권을 중심으로 소강상태를 보이겠다.   내일까지 예상 적설량은 ▲수도권, 서해5도 5~15㎝(많은 곳 경기남부 20c㎝ 이상) ▲강원 내륙·산지 5~15㎝ ▲강원 동해안 1㎝ 내외 ▲대전·세종·충남·충북 5~15㎝(많은 곳 20c㎝ 이상) ▲광주·전남·전북 5~10㎝ ▲전남동부남해안 1~5㎝ ▲경북북부내륙·북동산지, 경남서부내륙, 울릉도·독도 3~8㎝(많은 곳 10㎝ 이상) ▲대구·경북(북부내륙과 북동산지, 동해안 제외) 1~5㎝ ▲경북동해안 1㎝ 내외 ▲제주도산지 5~15㎝(많은 곳 20㎝이상) ▲제주도중산간 3~10㎝ ▲제주도해안 1~5㎝다.   같은 기간 예상 강수량은 ▲수도권, 서해5도 5~10㎜ ▲강원내륙·산지 5~10㎜ ▲강원동해안 1㎜ 내외 ▲대전·세종·충남·충북5~10㎜ ▲광주·전남·전북 5~10㎜ ▲경남서부내륙, 대구·경북 5㎜ 내외 ▲울릉도·독도 5~10㎜ ▲제주도 5~20㎜다.   북서쪽에서 찬 공기가 남하하면서 기온이 큰 폭으로 떨어지고 바람도 강하게 불어 체감온도는 더욱 낮아지겠다.   내일 전국의 아침 최저기온은 -10~0도, 낮 최고기온은 -4~6도를 오르내리겠다.   주요 지역 아침 최저기온은 서울 2도, 인천 -4도, 춘천 -8도, 강릉 -3도, 대전 -6도, 전주 -3도, 광주 -3도, 대구 -3도, 부산 0도, 제주 2도다.   낮 최고기온은 서울 6도, 인천 2도, 춘천 2도, 강릉 3도, 대전 0도, 전주 1도, 광주 3도, 대구 3도, 부산 5도, 제주 6도다.   미세먼지 농도는 전 권역에서 보통~좋음 수준을 보일 것으로 관측된다."
109,3,"2025-01-27","23:14:51","CBOT 동향-밀 5~6센트 하락, 옥수수 6~7% 하락, 대두 9~10% 하락","CBOT Trends-Wheat down 5-6 cents, corn down 6-7, soy down 9-10  시카고, 1월 27일 (로이터) - 다음은 월요일 오전 8시 30분(중부표준시, 1430 GMT) 시카고 상품거래소에서 곡물 및 대두 복합 거래 재개에 대한 미국의 기대치입니다.     가격 - 부셸당 5~6센트 하락  * 주요 밀 생산국인 아르헨티나가 곡물수출세를 인하할 것이라는 소식에 CBOT 밀은 하락세를 보이며 미국이 글로벌 시장에서 더 치열한 판매 경쟁에 직면할 것이라는 기대감을 키웠습니다.  * 밀 가격 하락은 추운 날씨로 인해 미국 곡창지대에서 최대 15%까지 수확량이 감소할 수 있다는 우려로 인해 제한되었습니다.  * 이번 주 초 북극의 찬 공기가 미국 대부분을 덮으면서 이번 겨울에 눈이 적게 내린 주요 밀 지역의 기온이 급강하했습니다.  * CBOT 3월 인도분 연홍색 겨울밀은 5-1/4센트 하락한 부셸당 5.38-3/4달러로 마감했습니다. 시카고 3월물 경질 붉은 겨울밀은 3-3/4센트 하락한 부셸당 5.55-3/4달러, 미니애폴리스 3월물 봄밀은 3센트 하락한 부셸당 5.92-1/4달러를 마지막으로 마감했습니다.     옥수수 - 부셸당 6~7센트 하락  * 아르헨티나의 세금 인하 소식과 도널드 트럼프 미국 대통령의 행정부가 곧 무역 관세를 부과할 것이라는기대감으로 CBOT 옥수수도 하락했습니다.  * 농업 강국 아르헨티나는 지난 목요일 거래가 종료된 후 월요일부터 6월까지 옥수수와 대두의 주요 수확기에 걸쳐 곡물 수출에 대한 세금을 인하할 것이라고 밝혔습니다.  * 아르헨티나와 브라질 남부의 옥수수 재배 지역에 내린 강우량도 가격에 영향을 미쳤다고 분석가들은 지적했습니다.  * 미국 농무부는 미국 수출업체들이 2024/25년 멕시코로 139,000톤의 옥수수를 수출할 예정이라고 발표했습니다.  * CBOT 3월물 옥수수는 부셸당 $4.79-1/4로 마지막으로 7-1/4센트 하락했습니다.     대두 - 부셸당 9~10센트 하락  * 아르헨티나의 곡물 수출세 인하로 미국 공급과 경쟁하는 남미 생산자의 출하량 증가에 대한 기대감이 높아지면서 CBOT 대두는 추가 하락했습니다.  * 브라질의 2024/25년 곡물 생산량은 총 1억 7,100만 톤으로 예상되며, 농업 비즈니스 컨설팅 업체인 AgRural은 월요일에 50만 톤을 소폭 낮춰 전망했다고 밝혔습니다.  * 아르헨티나 대두 벨트의 건조한 지역에 내린비도 가격을 압박하고 있습니다.  * CBOT 3월 인도분 대두는 마지막으로 10-1/2센트 하락한 부셸당 $10.45-1/4에 마감했습니다.     (Reporting by Heather Schlitz; Editing by Sharon Singleton)  Heather.Schlitz@thomsonreuters.com     (c) Copyright Thomson Reuters 2020. Click For Restrictions - https://agency.reuters.com/en/copyright.html        Keywords: USA-GRAINS/CBOT   원문 바로가기    DISCLAIMER  레피니티브의 사전, 서면 승인 없는 톰슨로이터 콘텐츠의 재생산이나 재배포는 금지되어 있습니다. 이 기사의 한국어 번역은 에프앤가이드가 사용하는 기계적 번역에 의한 것으로 톰슨로이터와 레피니티브는 번역의 정확성을 보증하지 않습니다."
109,4,"2025-01-27","23:14:44","尹 ""각오하고 시작한 일, 국민 믿고 당당히 대처""","- 尹, 변호인단 등 측근 통해 메시지 - '옥중 정치' 이어질 듯  [이데일리 김혜선 기자] 내란 우두머리 혐의를 받는 윤석열 대통령이 구속 기소된 다음날 측근들에 “각오하고 시작한 일”이라는 심경을 밝힌 것으로 27일 전해졌다.     윤석열 대통령이 23일 오후 서울 종로구 헌법재판소 대심판정에서 열린 탄핵심판 4차 변론기일에 출석해 있다. [사진공동취재단]  윤 대통령은 변호인단과 접견에서 자신이 구속 기소됐다는 소식을 들은 뒤 “처음부터 나라를 바로 잡기 위해 각오하고 시작한 일”이라고 말한 것으로 알려졌다.  또 윤 대통령은 “대통령으로서 당연히 책무를 완수하기 위해 가는 길이니 국민을 믿고, 국민들과 함께 당당하게 대처해 나아가자”고 말한 것으로 전해졌다.  윤 대통령의 이러한 입장은 측근을 위로하는 차원에서 나온 메시지라고 윤 대통령 측은 설명했다.  앞서 검찰 비상계엄 특별수사본부는 26일 윤 대통령을 내란 우두머리 혐의로 구속 기소했다.   이에 윤 대통령 변호인단은 입장문을 내고 “고위공직자범죄수사처(공수처)와 검찰의 사법파괴를 규탄한다”며 “대통령에 대한 수사권이 없던 검찰과 공수처는 직권남용을 지렛대로 삼아 대통령에 대한 수사를 시작했다. 뒤늦게 사건을 넘겨받은 검찰 역시 시간이 촉박한 가운데 사건에 대한 진지한 검토 없이 관련자들에 대한 수사만을 근거로 대통령에 대한 내란죄의 구속 기소를 밀어붙였다”고 주장했다.        ＜ⓒ종합 경제정보 미디어 이데일리 - 무단전재 & 재배포 금지＞    "
109,5,"2025-01-27","23:14:15","인도와 중국, 직항 항공 서비스 재개 합의","India, China agree to resume direct air services  뉴델리, 1월 27일 (로이터) - 인도와 중국이 양국 간 직항 항공 서비스를 재개하기로 합의했다고 비크람 미스리 외무장관이 베이징을방문한 후 월요일 성명에서 밝혔다.      (Reporting by Tanvi MehtaEditing by Tomasz Janowski)  tanvi.mehta@thomsonreuters.com; https://twitter.com/TanviMehta710;     (c) Copyright Thomson Reuters 2020. Click For Restrictions - https://agency.reuters.com/en/copyright.html        Keywords: CHINA-INDIA/ (URGENT)   원문 바로가기    DISCLAIMER  레피니티브의 사전, 서면 승인 없는 톰슨로이터 콘텐츠의 재생산이나 재배포는 금지되어 있습니다. 이 기사의 한국어 번역은 에프앤가이드가 사용하는 기계적 번역에 의한 것으로 톰슨로이터와 레피니티브는 번역의 정확성을 보증하지 않습니다."
109,6,"2025-01-27","23:13:46","‘미처 몰랐던 겨울 여행지’ 유럽 최초 동계 스포츠 수도라는 이곳","튀르키예 동부 겨울 스포츠의 중심지, 에르주룸이 다시 한번 주목받고 있다. 경제협력기구(ECO) 관광 수도와 유럽 수도 및 스포츠 도시 연맹(ACES)가 선정한 ‘유럽 최초의 동계 스포츠 수도’라는 타이틀을 안고, 에르주룸은 팔란도켄 스키 리조트(Paland?ken Ski Resort)를 무대로 동계 스포츠 애호가들을 맞이할 준비를 마쳤다. 팔란도켄에서는 세계적인 선수들이 참가하는 동계 올림픽, 세계 스노보드 월드컵 등 다양한 국제 대회를 펼친다. 방문객들에게 파우더 스노우와 산악 경치 속에서 짜릿한 겨울 스포츠의 묘미를 선사한다. 동시에 콘서트, 전시회, 미식 축제 등이 열려 에르주룸의 풍부한 문화를 다채롭게 경험할 기회도 제공한다.  스릴 넘치는 국제 스포츠 대회  팔란도켄의 최초 국제 행사로 지난 6일부터 12일까지열린 동계 대회는 스키와 스노보드를 포함한 11개 종목에서 약 350명의 선수가 열띤 경합을 벌였다. 대회에는 ECO 회원국 선수들이 함께해 더욱 특별한 의미를 더했다. 이어지는 일정에서는 월드 스노보드컵(SBX)이 오는 3월 1일부터 3일까지 개최될 예정이다. 또 튀르키예 유일의 인공 얼음 공원에서 열리는 아이스 클라이밍 챔피언십, 스노우 배구 월드 투어, 그리고 산악 자전거 전문가들이 눈 덮인 슬로프를 질주하는스노우 다운힐 레이스도 준비돼 있다. 이 경기들은 현장에서 직접 즐길 수 있을 뿐 아니라, 국내외 방송을 통해서도 전 세계 시청자들에게 생생히 전달할 예정이다.  역사와 자연이 만나는 에르주룸  팔란도켄에서 겨울 스포츠를만끽한 후에는 에르주룸의 매력을 더욱 깊이 탐험할 차례다. 토르툼 폭포(Tortum Waterfall), 나르만의 요정 굴뚝(the Fairy Chimneys of Narman), 이스피르의 일곱 호수(the Seven Lakes of ?spir)와 같은 자연 명소가 눈길을 사로잡는다. 또 실크로드의 흔적을 간직한 울루 모스크(Ulu Mosque), 미나렛 신학교(Double Minaret Madrasa), 야쿠티예 신학교(Yakutiye Madrasa), 세 개의 묘탑(?? K?mbetler) 등 역사적인 장소도 방문할 만하다. ?에르주룸은 미식 여행자들에게도 천국이다. 차그 케밥(ca? kebabı)과 디저트 카다이프 돌마(kadayıf dolma)는 에르주룸에서 꼭 맛봐야 할 별미다. ?올해 에르주룸은 겨울 스포츠 외에도 미식 페스티벌, 드라마 페스티벌, 국제 사이클 투어, 여름 게임, 문화 로드 페스티벌을 통해 사계절 내내 매력을 발산할 예정이다. 겨울 스포츠의 짜릿함과 문화적 깊이를 동시에 느낄 수 있는 에르주룸은올해 최고의 겨울 여행지로 자리 잡을 준비를 마쳤다.    [ⓒ 매일경제 & mk.co.kr, 무단 전재, 재배포 및 AI학습 이용 금지]"
109,7,"2025-01-27","23:12:02","뱅크오브마린뱅코프(BMRC), 2024년 4분기 및 연간 실적 발표","뱅크오브마린뱅코프(BMRC, Bank of Marin Bancorp )는 2024년 4분기 및 연간 실적을 발표했다.  27일 미국 증권거래위원회에 따르면 2025년 1월 27일, 뱅크오브마린뱅코프(증권코드: BMRC)는 2024년 12월 31일로 종료된 4분기 및 연간 재무 결과를 발표했다.  2024년 4분기 순이익은 600만 달러로, 2024년 3분기의 457만 달러에 비해 증가했다.  희석 주당 순이익은 0.38 달러로, 이전분기의 0.28 달러에 비해 35.71% 증가했다.  뱅크오브마린뱅코프의 회장 겸 CEO인 팀 마이어스는 “2024년 동안의 전략적 자산 재편성과 비용 절감 조치가 4분기 실적에 긍정적인 영향을 미쳤다”고 밝혔다.  이어 “순이익과 주당 순이익 모두 증가했으며, 이는 순이자마진의 확대와 운영 비용 감소에 힘입은 것”이라고 덧붙였다.  2024년 4분기 세금 동등 순이자 마진은 2.80%로, 이전 분기의 2.70%에서 10bp 개선됐다.  대출 수익률은 9bp 증가했으나, 현금 수익률의 57bp 감소로 인해 수익 자산의 수익률은 4.04%로 유지됐다.  평균 자산에 대한 수익률(ROA)은 0.63%로 증가했으며, 평균 자본에 대한 수익률(ROE)은 5.48%로 상승했다.효율성 비율은 65.53%로 개선됐다.  뱅크오브마린뱅코프는 2025년 1월 23일 이사회에서 주당 0.25 달러의 분기 배당금을 승인했으며, 이는 79번째 연속 분기 배당금이다. 배당금은 2025년 2월 13일에 지급될 예정이다.  2024년 4분기 동안 대출 포트폴리오는 208억 3천만 달러로, 2024년 3분기의 209억 1천만 달러에서 소폭 감소했다.비이자 수익은 280만 달러로, 이전 분기의 290만 달러에 비해 감소했다.  2024년 동안의 순이자 수익은 9470만 달러로, 2023년의 1억 280만 달러에 비해 감소했다.  뱅크오브마린뱅코프는 2024년 12월 31일 기준으로 총 자산이 370억 1천 335만 달러이며, 총 자본 비율은 16.54%로 안정적인 자본 수준을 유지하고 있다.  또한, 비이자 비용은 1억 8천 338만 달러로, 이전 분기의2억 4천 17만 달러에서 감소했다.  뱅크오브마린뱅코프는 2024년 동안 840만 달러의 순손실을 기록했으며, 이는 자산 재편성 노력의 결과다.  현재 뱅크오브마린뱅코프의 재무 상태는 안정적이며, 자본 비율이 16.54%로 양호하고, 비이자 비용이 감소하는 등 긍정적인 신호를 보이고 있다.  ※ 본 컨텐츠는 AI API를 이용하여 요약한 내용으로 수치나 문맥상 요약이 컨텐츠 원문과 다를 수 있습니다. 해당컨텐츠는 투자 참고용이며 투자를 할때는 컨텐츠 원문을 필히 필독하시기 바랍니다. 원문URL(http://www.sec.gov/Archives/edgar/data/1403475/000140347525000009/0001403475-25-000009-index.htm)  데이터투자 공시팀 pr@datatooza.com  이 기사는 투자 참고용으로 이를 근거로 한 투자 손실에 대해 책임을 지지 않습니다. 해당 기사는 이데일리와 무관합니다. 기사는 데이터투자(www.datatooza.com)가 제공한 것으로 저작권은 데이터투자에 있습니다. 기사 내용 관련 문의는 데이터투자로 문의하시기 바랍니다.    ＜ⓒ종합 경제정보 미디어 이데일리 - 무단전재 & 재배포 금지＞    "
110,1,"2025-01-27","23:00:15","캐나다 외환 부채 - 캐나다 달러 약세, 벤치마크 수익률 하락","CANADA FX DEBT - Canadian dollar weakens, benchmark yield slips  월요일 캐나다 달러는 달러 대비 약세를 보였고, 벤치마크 국채 수익률은 하락했습니다.  루니는 1.4334~1.4401범위에서 거래되다가 0.1% 하락한 달러당 1.4356캐나다달러(미화 69.66센트)에 거래되고 있습니다.  캐나다 국채 10년물 금리는 6.4bp하락한 3.213%를 기록했습니다. 유사한 미국 정부 벤치마크 채권의 수익률은 4.5363%로 하락했습니다.  미국 3월물 원유 선물은 월요일에 27센트 하락한 배럴당 74.39달러를 기록했습니다.     (c) Copyright Thomson Reuters 2020. Click For Restrictions - https://agency.reuters.com/en/copyright.html        Keywords: CANADA-FOREX/ (2025-01-27T14:00:02Z)   원문 바로가기    DISCLAIMER  레피니티브의 사전, 서면 승인 없는 톰슨로이터 콘텐츠의 재생산이나 재배포는 금지되어 있습니다. 이 기사의 한국어 번역은 에프앤가이드가 사용하는 기계적 번역에 의한 것으로 톰슨로이터와 레피니티브는 번역의 정확성을 보증하지 않습니다."
110,2,"2025-01-27","23:00:02","카버뱅코프(CARV), 연례 주주총회 결과 발표; 주주들이 은행의 변화에 대한 지지를 확인하다","카버뱅코프(CARV, CARVER BANCORP INC )는 연례 주주총회 결과를 발표했고, 주주들이 은행의 변화에 대한 지지를 확인했다.  27일 미국 증권거래위원회에 따르면 카버뱅코프(증권코드: CARV)는 2024년 12월 12일에 열린 연례 주주총회 결과를 인증했다.  주주들은 이 회의에서 이사로 재선출된 질리안 E. 조셉과 케네스 J. 너클스를 지지하며 이사회와 회사의 전환 전략에 대한 지지를 나타냈다.  이사회 의장인 루이스 P. 존스 III는 “주주들이 우리 회사와 이사회에 부여한 신뢰를 소중히 여기며, 이는 우리의 전략적 목표를 추진하는 강력한 기반이 된다”고 말했다.  존스 의장은 “우리의 초점은 은행의 수익성을 높이고 결과를 개선하는 데 있다”고 덧붙였다.  이사회는 연례 주주총회에서 주주들로부터 받은 지원에 감사하며, 은행의 성공적인 전환을 달성하기 위해 경영진과 협력하고 있다. 우리는 주주 가치를 향상시키기 위한 헌신에 통합되어 있다.  카버뱅코프는 새로운 CEO인 도널드 펠릭스를 영입한 이유는 그의 전략 실행 능력에 대한 신뢰 때문이라고 밝혔다.  주주들은 2024년 연례 주주총회에서 다음과 같은 제안에 대해 투표했다. 질리안 E. 조셉과 케네스 J. 너클스를 회사 이사회에 재선출했다. 회사의 2024년 주식 인센티브 계획을 승인했다. BDO USA, LLP를 2025년 3월 31일 종료되는 회계연도의 독립 감사인으로 임명하는 것을 비준했다.  도널드 펠릭스 CEO는 “우리 팀은 은행의 장기적인 수익성을 회복하기 위해목표 지향적인 전략적 이니셔티브와 운영 목표에 집중하고 있다. 우리는 많은 작업이 필요하다는 것을 인식하고 있으며, 수익성을 강화하고위험과 비용을 줄이기 위한 포괄적인 전환 계획을 개발하고 있다”고 말했다.  카버뱅코프는 1948년부터 역사적으로 소외된 뉴욕 지역사회를 위해 설립된 은행으로, 커뮤니티 개발 금융 기관(CDFI)으로 지정되었다. 카버뱅코프는 미국에서 가장 큰 아프리카 및 카리브해계 미국인 관리 은행 중 하나로, 온라인 뱅킹 서비스를 통해 9개 주에서 소비자 체크 및 저축 계좌를 제공하고 있다.카버뱅코프의 웹사이트는 www.carverbank.com이다.  ※ 본 컨텐츠는 AI API를 이용하여 요약한 내용으로 수치나 문맥상 요약이 컨텐츠 원문과 다를 수 있습니다. 해당컨텐츠는 투자 참고용이며 투자를 할때는 컨텐츠 원문을 필히 필독하시기 바랍니다. 원문URL(http://www.sec.gov/Archives/edgar/data/1016178/000094337425000015/0000943374-25-000015-index.htm)  데이터투자 공시팀 pr@datatooza.com  이 기사는 투자 참고용으로 이를 근거로 한 투자 손실에 대해 책임을 지지 않습니다. 해당 기사는 이데일리와 무관합니다. 기사는 데이터투자(www.datatooza.com)가 제공한 것으로 저작권은 데이터투자에 있습니다. 기사 내용 관련 문의는 데이터투자로 문의하시기 바랍니다.    ＜ⓒ종합 경제정보 미디어 이데일리 - 무단전재 & 재배포 금지＞    "
110,3,"2025-01-27","23:00:00","""한국 정세 중대한 관심""···日정부, 윤 대통령 구속기소에 신중 대응","일본 정부가 윤석열 대통령 구속기소 사태와 관련해 신중한 입장을 보였다.   하야시 요시마사 관방장관은 27일 기자회견에서 ""한국 국내 일련의 움직임에 대해 특별하고 중대한 관심을 갖고 주시하고 있다""면서도 ""다른 나라 내정에 대해서는 언급을 삼가겠다""고 밝혔다.   하야시 장관은 ""한일은 국제사회에서 다양한 과제에 대응하는 데 있어 파트너로서 협력해 나가야 할 중요한 이웃 나라""라며 ""현재 전략환경에서 한일관계의 중요성은 변하지 않는다""고 강조했다. 이어 ""한일 국교정상화 60주년 대응을 포함해 한국 정부와는 긴밀하게 의사소통하겠다""고 덧붙였다.   이시바 시게루 총리도 지난 24일 국회 연설에서 ""한국은 파트너로서 협력해야 할 중요한 이웃 나라""라고 언급했다. /현혜선 기자 sunshine@sedaily.com  통장에 ""30만원"" 있다면 무료 지원금받아 ""반드시"" 수익난다!!>>>[무료체험]  ▶20년 연속 점유율 1위 하이스탁론  [급등주 大공개] 알고리즘 데이터 실시간 분석 ""급등"" 종목과 매수 타이밍까지! >>바로 확인   [ⓒ 서울경제, 무단 전재 및 재배포 금지]"
110,4,"2025-01-27","23:00:00","[오행으로 보는 운세] 1월 28일 화요일","“오행을 알면 나를 이해한다. 내가 만들어가는 오늘의 운세”  목(木), 화(火), 토(土), 금(金), 수(水)로 이루어진 오행은 동양 철학에서 인간과 자연을 설명하는 중요한 원리입니다. 사람의 성향을 단지다섯 가지로만 구분할 수는 없지만, 오행은 만물의 근본을 이루는 에너지를 상징하며, 이를 통해 개인의 기질과 운세를 분석할 수 있습니다. 오행을 깊이 이해한다면, 자신을 포함한 세상에 대한 통찰이 더욱 명확해질 것입니다. 오늘의 운세는 단순한 예측이 아닌, 내가 만들어가는하루의 지침입니다. 이를 통해 더 나은 결정을 내릴 수 있는 출발점이 되기를 바랍니다.    오늘은 갑진년(甲辰年) 정축월(丁丑月) 정유일(丁酉日)입니다.  정화(丁火)가 축월을 만나 제대로 힘을 펴지 못하고 축토(丑土)의 생(生)을 받은 유금(酉金)이 득세하는 하루입니다. 마무리하지 못했던 일들을 급하게 마무리하는 하루가 되겠지만, 예기치 못한 방해가 있을 수 있는 날입니다. 새로운 관계를 맺기 힘든 날이니 새로운 사람을 만날 일이 있다면 다른 날로 미루는 게 좋을 수 있습니다.  아래는 각 오행별 오늘의 운세입니다.  ● 목(木) 오행 오늘의 운세, “변화에 대비하세요”  금(金)이 목(木)을 억제하는 흐름이 뚜렷하게 나타나는 날입니다. 이미 짜놓았던 일정, 계획, 업무 등을 진행할 때 계획이 변경되는 상황이많을 수 있습니다. 미리 대비해놓는 것을 추천드립니다. 금전적인 문제로 주위 사람들과 갈등을 겪을 수 있으니 오늘은 금전적 거래를 피하도록 하세요.  기존에 하던 일에서 문제가 발생하지 않게 유지하는 데 집중하는 것이 좋습니다. 쓸모없는 물건을 버리는 등 어수선한 주변을 정리하는 것이도움이 되며, 오늘은 찬 음식보다 따듯한 음식을 먹는 것이 도움이 될 수 있습니다.  ● 화(火) 오행 오늘의 운세, “속도를 조절하세요”  오늘은 화(火)가 많은 사람에게 그리 나쁜 하루는 아니지만, 속도를 조절하지 않으면 넘어질 수 있는 날입니다. 주변의 도움을 너무 기대하기 보단 스스로 문제를 해결해 보세요. 그러다 보면 주위 사람들이 오히려 따듯한 의지를 바라며 접근할 수 있는 날입니다.  조급함은 넣어두고 큰 성과를 노리기 보다는 작은 성과에 만족하는 것이 좋습니다. 오늘은 주위 사람들에게 만들어진 모습이 아닌 솔직한 모습으로 다가가는 것이 좋습니다. 갈등에 놓인 관계가 있다면 오늘은 둘 사이를 화해시켜줄 수 있는 사람이 될 수 있습니다.  ● 토(土) 오행 오늘의 운세, “복권 딱 한장만 사세요”  오늘 하루를 제대로 시작하기 전이라면 일정을 쭉 정리해놓고 시작하시길 바랍니다. 평소에는 맡지 않아도 될 일까지 한번에 다 맡게될 수 있는 날입니다. 평소와는 다르게 완벽하게 마무리하고 싶다는 심리적 압박이 많을 수 있는 날이니 마음의 여유를 가지세요.  적절히 역할을 분담하고 우선순위를 정해 차근차근 해결하면 좋은 성과를 얻을 수 있습니다. 불필요한 감정소모와 지출을 줄인다면 좋은 결과를 얻을 수 있습니다. 집에 들어가는 길에 더도 말고 덜도 말고 복권 한장만 사보는 것이 어떤가요?  ● 금(金) 오행 오늘의 운세, “혀에 칼을 두지 마세요”  오늘은 금(金) 작용이 강한 날이라 평소보다 예민할 수 있는 날입니다. 특히 주위 사람들에게 건내는 말을 잘 가려서 하세요. 과도하게 비판적인 접근은 주위 사람들을 떠나게 할 수 있습니다. 혀에 칼을 두지 않으셨으면 합니다.  화(火)는 금을 부드럽게 만들고 적재적소에 쓰일 수 있게 만듭니다. 그러나 이런 기운이 기세를 펼치지 못하기 때문에 마음만 앞서고 몸은 따라오지 않는 하루가 될 수 있습니다. ‘네 말은 현실성이 없어, 지금은 그렇게 하기 힘들어’란 반대에 부딪힐 수 있으니 너무 상심하지 마세요.  ● 수(水) 오행 오늘의 운세, “나만 아는 꿀정보?”  오늘 수(水) 사주는 아무도 모르는 꿀같은 정보를 얻게 될 수도 있습니다. 다만, 어떻게 사용할지는 본인에게 달린 날입니다. 그러나 너무 욕심을 부리진 마세요. 적당히 나누고 도움을 줄 수 있다면 더 큰 복으로 돌아올 수 있습니다.  오늘 하루 주어진 일을 해결하는 데 있어서 큰 무리는 없겠지만, 현실적인 문제에 봉착해 의도와는 다르게 진행되지 않을 수 있습니다. 당황하지 말고 천천히 대처방안을 찾으신다면 좋은 결과를 얻을 수 있습니다.  ※ 운세서비스의 저작권은 사주나루에 있습니다.  무단전재 및 재배포 금지   조선비즈 enternews@chosunbiz.com   Copyrights ⓒ ChosunBiz.com"
110,5,"2025-01-27","23:00:00","표-벨기에의 1월 기업 신뢰 지수 소폭 상승","TABLE-Belgium's January business confidence index rises slightly  1월 27일(로이터) - 유로존 경제의 선행지표인 벨기에의 기업신뢰지수가 12월 -13.8에서 1월 -13.6으로 상승했습니다.    벨기에 비즈니스 신뢰도  2025년 1월  2024년 12월   제조  -19.0  -19.9   비즈니스 관련 서비스  +2.0  +1.4   건설  -4.5  -2.8   거래  -17.3  -13.3   전체  -13.6  -13.8   세부 정보  자세한 내용은 국립 벨기에 은행의 영어, 독일어, 프랑스어, 네덜란드어웹 사이트(http://www.nbb.be)에서 확인하세요.   배경  기업 신뢰지수는 제조업, 건설업, 소매업에 대한 중앙은행의 설문조사를 기반으로 하며 질문에 대한 긍정과 부정 답변의 차이를 기준으로 산출됩니다. 경기 사이클의 정점에서는 약간 긍정적이고 경기 침체기에서는 크게 부정적입니다.     (Reporting by Mathias de Rozario, Leo Marchandon and Olivier Cherfan)  Mathias.derozario@thomsonreuters.com     (c) Copyright Thomson Reuters 2020. Click For Restrictions - https://agency.reuters.com/en/copyright.html        Keywords: BELGIUM-ECONOMY/BUSINESSSENTIMENT (TABLE)   원문 바로가기    DISCLAIMER  레피니티브의 사전, 서면 승인 없는 톰슨로이터 콘텐츠의 재생산이나 재배포는 금지되어 있습니다. 이 기사의 한국어 번역은 에프앤가이드가 사용하는 기계적 번역에 의한 것으로 톰슨로이터와레피니티브는 번역의 정확성을 보증하지 않습니다."
110,6,"2025-01-27","22:59:42","中 춘절 연휴 외국인 방문 급증…""무비자 입국·환승 효과""","- 외국인 관광객 항공·숙박 예약 200%↑ - 베이징·상하이 등 전역서 고른 증가세 - 親 인바운드 정책이 수요 회복 이끌어     중국 베이징 자금성 (사진=게티이미지)  [이데일리 이선우 기자] 중국 ‘춘절’(1월 28일~2월 4 일) 연휴 기간 외국인 관광객의 중국 방문이 늘고 있는 것으로 나타났다. 증가 양상도 수도 베이징을 비롯해 상하이, 시안, 충칭 등 중국 전역에서 고르게 나타나고 있다. 무비자 입국 대상과 공항, 항만 환승객의 체류 지역과 시간을 늘린 중국 정부의 ‘친(親) 인바운드’ 정책이가시적인 효과를 내고 있다는 평가다.  중국 관영 영자지 글로벌타임즈에 따르면 수도 베이징은 올해 들어 매주 주말(토요일) 외국인입국자 수가 지난해 같은 기간 대비 46% 증가한 14만 3000여 명을 기록한 것으로 집계됐다. 글로벌 온라인 여행 플랫폼(OTA) 트립닷컴은 올해 춘철 연휴기간 중국행 항공편과 숙박시설 예약이 전년 동기간 대비 200% 넘게 증가했다.  특히 베이징은 싱가포르와 한국, 미국, 러시아, 태국 등에서 방문 수요가 늘면서 춘절 연휴기간 외국인 관광객 수가 전년 대비 185% 늘어난 것으로 나타났다. 온라인 여행사 퀴날(Qunar)도 한국, 미국, 호주, 말레이시아, 캐나다 등 외국인 이용객의 예약의 늘면서 올해 춘철 연휴기간 중국 내 국내선 항공편 예약 건수가 전년대비 70% 증가했다.   외국인 방문객 증가세는 베이징 이외 도시에서도 나타나고 있다. 상하이 출입국관리총국 발표에 따르면 지난 14 일 이후 13만여 명의 외국인 관광객이 공항과 항만을 통해 입국했다. 시안도 사실상 춘철 연휴가 시작된 춘원(춘절특별운송기간) 첫날인 24일 지난해 같은 날보다 187% 늘어난 3100명이 넘는 외국인 관광객이 입항한 것으로 전해졌다.  방중 외국인 관광객의 증가는 무비자 입국 대상 국가들이 주도하고 있다. 상하이 출입국관리총국은 이달 중순 이후 입국한 외국인 방문객의 절반이 넘는 7만 4500여 명(약 57%)이 무비자로 입국했다고 발표했다. 지난 24일 시안 항구를 통해 입국한 외국인 관광객 중 58%인 1800여 명은 무비자 입국 대상이었고, 360여 명은 240시간 무비자 환승 옵션을 통해 중국을 방문한 것으로 알려졌다.  사우스 차이나 모닝 포스트는 26일 사설을 통해 “지난해 하반기부터 시행에 들어간 무비자 정책으로 외국인 관광객 수가 1년 전보다 83% 늘었다”며 “올해 들어서도 외국인 관광객이 전년 대비 2배 넘게 늘어난 2110만여 명을 기록하는 등 무비자 정책이 효과를 보고 있다”고 평가했다.  지난해 중국은 6500만여 명의 외국인 관광객 방문해 코로나19 팬데믹 사태가 터지기 전인 2019년 9800여만 명의 66% 수준까지 회복됐다.        ＜ⓒ종합 경제정보 미디어 이데일리 - 무단전재 & 재배포 금지＞    "
110,7,"2025-01-27","22:59:37","업데이트 1-체중 감량 신약 개발사 메세라, 미국 IPO에서 최대 17억 8천만 달러 가치 평가 추진","UPDATE 1-Weight-loss drug developer Metsera seeks up to $1.78 billion valuation in US IPO   1월 27일(로이터) - 체중 감량 약물 개발사인 메세라(Metsera)가 기업공개에서 최대 17억 8천만 달러의 기업 가치를 목표로 하고 있다고 ARCH Venture Partners가 지원하는 생명공학 회사가 월요일에 밝혔습니다.  뉴욕에 본사를 둔 메세라는 주당 15~17달러의 가격으로 1,719만 주를 발행하여 최대 2억 9,220만 달러의 자금을 조달하려고 합니다.  2030년대 초반까지 약 1,500억 달러 규모로 성장할 것으로 예상되는 체중 감량 약물 시장은 수익성 높은 부문을 공략하는 기업들에 더 많은 투자자들의 관심을 끌고 있습니다.  작년과 같은 기업들의 성공적인 데뷔는 이 분야의 다른 IPO 후보 기업들의 상장을 장려하기도 했습니다.  메세라는 자사의 주식이 나스닥 글로벌 마켓에서 티커 심볼 'MTSR'로 거래될 것으로 예상하고 있습니다.   이번 공모의 주관사는 BofA 증권, 골드만 삭스, 에버코어 ISI, 구겐하임 증권, 캔터입니다.     (Reporting by Prakhar Srivastava and Pritam Biswas in Bengaluru; Editing by Anil D'Silva and Pooja Desai)  Prakhar.srivastava2@thomsonreuters.com     (c) Copyright Thomson Reuters 2020. Click For Restrictions - https://agency.reuters.com/en/copyright.html        Keywords: METSERA-IPO/ (UPDATE 1)   원문 바로가기    DISCLAIMER  레피니티브의 사전, 서면 승인 없는 톰슨로이터 콘텐츠의 재생산이나 재배포는 금지되어 있습니다. 이 기사의 한국어 번역은 에프앤가이드가 사용하는 기계적 번역에 의한 것으로 톰슨로이터와 레피니티브는 번역의 정확성을 보증하지 않습니다."
111,1,"2025-01-27","22:44:24","요약-스트라백, 한스 피터 하셀슈타이너를 스트라백의 신임 대표로 임명하다","BRIEF-Strabag Appoints Hans Peter Haselsteiner Authorised Representative Of Strabag  1월 27일 (로이터) - STRABAG SE :  2030 전략 지속을 위한 경영진 이사회: 사람. 지구. 발전.   클레멘스 하셀슈타이너의 비극적인 죽음 이후 스트라바그의 연속성 보장   한스 피터 하셀슈타이너 박사가 다시 스트라바그 SE의 공인 대표로 임명되었습니다.   CEO 직책 승계 계획이 시작되었습니다.   소스 텍스트: (  Further company coverage:      (그단스크 뉴스룸)  gdansk.newsroom@thomsonreuters.com ; +48 58 769 66 00; ))        (c) Copyright Thomson Reuters 2020. Click For Restrictions - https://agency.reuters.com/en/copyright.html   원문 바로가기    DISCLAIMER  레피니티브의 사전, 서면 승인 없는 톰슨로이터 콘텐츠의 재생산이나 재배포는 금지되어 있습니다. 이 기사의 한국어 번역은 에프앤가이드가 사용하는 기계적 번역에 의한 것으로 톰슨로이터와 레피니티브는 번역의 정확성을 보증하지 않습니다."
111,2,"2025-01-27","22:43:33","브리프-ACWA 파워와 Snam, 친환경 수소 및 암모니아를 위한 양해각서 체결","BRIEF-ACWA Power And Snam Sign MoU For Green Hydrogen And Ammonia  1월 27일(로이터) - ACWA POWER COMPANY :  친환경 수소 및 암모니아를 위한 ACWA 파워와 SNAM의 MOU 체결   파트너십에는 사우디 아라비아에서 유럽에 이르는 그린 수소의 국제 공급망을 구축하기 위한 잠재적 협력 모색이 포함됩니다.   기업들은 또한 사우디 아라비아에서 이탈리아, 오스트리아 및 독일로 녹색 수소를 쉽게 공급하기 위해 암모니아 수입 터미널 개발을 평가할 것입니다.   Further company coverage:      Reuters.Briefs@thomsonreuters.com        (c) Copyright Thomson Reuters 2020. Click For Restrictions - https://agency.reuters.com/en/copyright.html   원문 바로가기    DISCLAIMER  레피니티브의 사전, 서면 승인 없는 톰슨로이터 콘텐츠의 재생산이나 재배포는 금지되어 있습니다. 이 기사의 한국어 번역은 에프앤가이드가 사용하는 기계적 번역에 의한 것으로 톰슨로이터와 레피니티브는 번역의 정확성을 보증하지않습니다."
111,3,"2025-01-27","22:43:07","주당 89 센트의 수익을 올릴 것으로 예상되는 Avnet Inc <AVT.OQ> - 수익 미리보기","Avnet Inc  expected to post earnings of?89?cents a share - Earnings Preview  Avnet Inc는 2024 년 12 월 31 일로 끝나는 기간 동안 1 월 29 일 실적을보고 할 때 분기 별 수익이 감소 할 것으로 예상됩니다.   애리조나주 피닉스에 본사를 둔 이 회사의 매출은 1년 전 62억 달러에서 55억 7,500만 달러로 10.2% 감소할것으로 예상되며, LSEG 데이터를 기반으로 한 애널리스트 6명의 평균 추정치에 따르면 2024년 12월 31일에 종료되는 기간 동안의 매출은 54억 4,000만 달러에서 57억 7,000만 달러 사이일 것으로 전망했습니다.   Avnet Inc에 대한 애널리스트의 평균 추정치는 주당 89센트의 수익입니다. 2024년 12월 31일로 끝나는 기간에 대한 2024년 10월 30일의 EPS 가이던스는 $0.80에서 $0.90 사이입니다.   현재 해당 주식에 대한 애널리스트의 평균 평점은 ""보유""이며, 추천 내역은 ""강력 매수"" 또는 ""매수"" 1개, ""보유"" 4개, ""매도"" 또는 ""강력 매도"" 2개입니다.    애널리스트의 평균 수익 추정치는 지난 3개월 동안 변동이 없었습니다. ?   의 12개월 평균목표 주가는 54.00달러로, 최종 종가인 54.10달러보다 낮습니다. ???   2024년 12월 31일로 끝나는 기간에 대한 2024년 8월 8일의 가이던스는 2,500만 달러에서 3,500만 달러 사이의 자본 지출에 대한 것이었습니다.  이전 분기 실적(미국 달러 기준 선호 수익 측정값 사용). ?    분기 결산  스타민스 스마트 견적®  이베스 견적  실제  이겼다, 만났다, 놓쳤다  놀라움 %   2024년 9월 30일  0.86  0.86  0.92  Beat  7.2   6월 30일 2024  0.95  0.95  1.22  Beat  28.8   2024년 3월 31일  1.11  1.11  1.10  누락됨  -0.9?   2023년 12월 31일  1.40  1.40  1.40  충족  0.1   ?? 2023년 9월 30일  1.53  1.52  1.61  Beat  5.7   6월 30일 2023  1.65  1.65  2.06  Beat  24.8?   2023년 3월 31일  1.79  1.79  2.00  Beat  11.7   2022년 12월 31일  1.87  1.85  2.00  Beat  7.9   이 요약은 1월 27일 13:43 GMT에 기계적으로 생성되었습니다. 별도의 언급이 없는 한 모든 수치는 미국 달러 기준입니다. (이 보고서의 데이터에 관한 질문은 Estimates.Support@lseg.com로 문의하시기 바랍니다. 기타 질문이나 피드백이 있으시면 RefinitivNewsSupport@thomsonreuters.com로문의해 주세요.     (c) Copyright Thomson Reuters 2020. Click For Restrictions - https://agency.reuters.com/en/copyright.html        Keywords: AVNET-RESULTS/PREVIEW   원문 바로가기    DISCLAIMER  레피니티브의 사전, 서면 승인 없는 톰슨로이터 콘텐츠의 재생산이나 재배포는 금지되어 있습니다. 이 기사의 한국어 번역은 에프앤가이드가 사용하는 기계적 번역에 의한 것으로 톰슨로이터와 레피니티브는 번역의 정확성을 보증하지 않습니다."
111,4,"2025-01-27","22:42:35","중국의 AI 추진이 빅테크를 흔들면서 미국 증시-월스트리트 급락 개장 예정","US STOCKS-Wall St set to open sharply lower as China's AI push rattles Big Tech  / or type LIVE/ in a news window.    1월 27일(로이터) - 저가 중국 인공지능 모델의 인기가 급증하면서 칩 제조업체인 엔비디아를 비롯해 이기술에 대한 투자로 이익을 얻을 수 있는 다른 기업들의 주가가 월요일 개장과 함께 하락세를 보였습니다.  중국의 한 스타트업이 더 저렴한 칩과 더 적은 데이터를 사용하는 무료 비서를 출시하여, AI가 칩 제조업체에서 데이터 센터에 이르는 공급망을 따라 수요를 주도할 것이라는 금융 시장의 광범위한 베팅에 도전하는 것처럼 보입니다.  딥시큐어의 AI 어시스턴트가 월요일 미국 애플 앱스토어에서 최고 등급의 무료 애플리케이션으로 선정되었습니다.  50 파크 인베스트먼트의 CEO인 아담 사한은 투자자들은 딥시크의 개발이 실제로 업계를 혁신할 잠재력이 있는지에 대해 의문을 제기할 가능성이 높다고 말합니다.  ""만약 그것이 가능하다면, 우리는 이 모든 AI 주식과 시장 전체가 가격을 다시 책정해야 하는 상황에 처하게 될 것입니다.""  AI 애플리케이션을 구동하는 데 가장 많이 사용되는 칩을 보유한 Nvidia는 시판 전 거래에서 11.4% 하락했고, 업계 경쟁사인 Broadcom과 Marvell Technology는 각각 약 11% 하락했습니다.  Microsoft , 메타플랫폼 및 구글의 모기업인 알파벳은 1.8%에서 3.6% 사이로 하락했습니다.  AI 서버 제조업체인 델 테크놀로지스와 슈퍼마이크로컴퓨터는 5.6%와 8.1% 하락했습니다.  AI 기술 개발에 필요한 에너지 집약적인 데이터 센터의 수요가 급증할 것으로 예상되는 전력 회사들도압박을 받았습니다. 비스트라와 GE 버노바는 14% 이상 하락하며 가장 큰 타격을 입었습니다.  월가의 '공포 게이지'로 알려진 시카고옵션거래소 변동성 지수는 5.81포인트 상승한 20.55로 지난 12월 20일 이후 최고치를 기록했습니다.  오전 08시 16분(동부 표준시) 다우지수는 316포인트(0.71%), S&P 500 지수는 125포인트(2.04%), 나스닥 100 지수는 763포인트(3.48%) 하락한 상태입니다.  이러한 추세에 반해 AT&T는 4분기 무선 가입자 수가 2.3% 증가했습니다.  작년 수익의 대부분을 견인한 '매그니피센트 7' 기업 중 4개사인 Microsoft, Meta, Apple, Tesla가 이번 주 후반에 분기 실적을 발표할 예정이므로 빅테크에 대한 관심은 계속 이어질 것입니다.  백악관이 남미 국가가 추방된 이민자들을 태운 군용기를 수용하기로 합의했다고 밝힌 후 일요일 미국과 콜롬비아가 일촉즉발의 위기에서 물러나면서 글로벌 시장도 긴장했습니다.  경제 레이더에서는 수요일에 미국 연방준비제도의 올해 첫 금리 결정이 예정되어 있으며, 시장은 중앙은행이 대출 금리를 동결할 것으로 예상하고 있습니다.  인플레이션의 궤적을 평가하는 데 중요한 지표인 개인소비지출(PCE)의 12월 수치는 금요일에발표됩니다.  지난주 트럼프가 구체적인 계획을 밝히지 않고 무역 정책을 여러 차례 언급한 이후 시장은 인플레이션 압력을 악화시키고연준의 금리 인하를 늦출 수 있는 트럼프의 관세 제안에 무게를 두고 있습니다.  지난주 금요일 S&P 500 지수가 사상 최고치에서 후퇴하는 등 하락세를 보였음에도 불구하고 3대 지수 모두 주간 상승세를 기록했습니다.        (Reporting by Shashwat Chauhan and Sukriti Gupta in Bengaluru; Editing by Shounak Dasgupta and Devika Syamnath)  Shashwat.Chauhan@thomsonreuters.com     (c) Copyright Thomson Reuters 2020. Click For Restrictions - https://agency.reuters.com/en/copyright.html        Keywords: USA-STOCKS/ (UPDATE 2)   원문 바로가기    DISCLAIMER  레피니티브의 사전, 서면 승인 없는 톰슨로이터 콘텐츠의 재생산이나 재배포는 금지되어 있습니다. 이기사의 한국어 번역은 에프앤가이드가 사용하는 기계적 번역에 의한 것으로 톰슨로이터와 레피니티브는 번역의 정확성을 보증하지 않습니다."
111,5,"2025-01-27","22:42:07","Corning Inc <GLW.N>, 주당 56 센트의 수익 예상 - 수익 미리보기","Corning Inc  expected to post earnings of?56?cents a share - Earnings Preview  코닝은 2024년 12월 31일로 끝나는 기간 동안 1월 29일 실적을 발표할 때 분기 매출이 증가할 것으로 예상됩니다.   11명의 애널리스트 평균 추정치에 따르면 뉴욕에 본사를 둔 코닝의 매출은 1년 전 32억 7,000만 달러에서 37억 6,300만 달러로 15.0% 증가할 것으로 예상되며, LSEG 데이터에 기반한 11명의 애널리스트 평균 추정치는 2024년 12월 31일 마감 기간에 대한 회사의 가이던스는 37억 5,000만 달러의 매출을 예상한 것이었습니다. (수익은 핵심 수익 기준입니다.)   코닝에 대한 애널리스트의 평균추정치는 주당 56센트의 수익입니다. 2024년 12월 31일로 끝나는 기간에 대한 2024년 10월 29일의 EPS 가이던스는 $0.53에서 $0.57 사이입니다.   현재 해당 주식에 대한 애널리스트의 평균 평점은 ""매수""이며, 추천 내역은 ""강력 매수"" 또는 ""매수"" 10개, ""보유"" 6개, ""매도"" 또는 ""강력 매도""는 없습니다.    애널리스트의 평균 수익 추정치는 지난 3개월 동안 변동이 없었습니다. ?   월스트리트의 코닝에 대한 12개월 목표 주가 중앙값은 54.00달러로, 최종 종가인 54.25달러보다 낮습니다. ???   이전 분기 실적(미국 달러 기준 선호 수익 측정값 사용). ?    분기 결산  스타민스 스마트 견적®  이베스 견적  실제  이겼다, 만났다, 놓쳤다  놀라움 %   2024년 9월 30일  0.53  0.52  0.54  Beat  2.9   6월 30일 2024  0.47  0.46  0.47  Beat  1.6   2024년 3월 31일  0.35  0.35  0.38  Beat  7.8?   2023년 12월 31일  0.39  0.39  0.39  충족  -1   ?? 2023년 9월 30일  0.46  0.47  0.45  누락됨  -3.8   6월 30일 2023  0.46  0.46  0.45  누락됨  -1.3?   2023년 3월 31일  0.39  0.39  0.41  Beat  5.3   2022 년 12월 31일  0.44  0.44  0.47  Beat  6.4   이 요약은 1월 27일 13:42 GMT에 기계적으로 생성되었습니다. 별도의 언급이 없는 한 모든 수치는 미국 달러 기준입니다. (이 보고서의 데이터에 관한 질문은 Estimates.Support@lseg.com로 문의하시기 바랍니다. 기타 질문이나 피드백은 RefinitivNewsSupport@thomsonreuters.com로 문의하시기 바랍니다.     (c) Copyright Thomson Reuters 2020. Click For Restrictions - https://agency.reuters.com/en/copyright.html        Keywords: CORNING-RESULTS/PREVIEW   원문 바로가기    DISCLAIMER  레피니티브의 사전, 서면 승인 없는 톰슨로이터 콘텐츠의 재생산이나 재배포는 금지되어 있습니다. 이 기사의 한국어 번역은 에프앤가이드가 사용하는 기계적 번역에 의한 것으로 톰슨로이터와 레피니티브는 번역의 정확성을 보증하지 않습니다."
111,6,"2025-01-27","22:41:29","전북 대설경보 확대…재난안전대책본부 2단계로 상향 운영","전북 대설경보 확대…재난안전대책본부 2단계로 상향 운영       (전주=연합뉴스) 나보배 기자 = 전북특별자치도는 27일 도내 대설경보 지역이 확대되면서 재난안전대책본부를 2단계로 상향 운영한다고밝혔다.      이날 도내 대설경보 지역은 무주뿐이었다가 오후 8시 30분을 기해 남원·순창·임실·진안·장수로까지 확대됐다. 대설경보는 24시간 동안 눈이 20㎝ 이상 쌓일 것으로 예측될 때 발효된다.      나머지 8개 시군에는 대설주의보가 내려져 있다. 대설주의보는 24시간 동안 눈이 5㎝ 이상 쌓일 것으로 예측될 때 내려진다.      전북도는 이날 최병관 행정부지사 주재로 재해대책 상황 판단 회의를 열고 교량, 터널, 고갯길 등 상습 결빙 구간을 점검하며 피해 예방에 나섰다.      전주기상지청에 따르면 눈은 설날 당일인 29일까지 강약을 반복하며 내릴 예정이다.      특히 28일 오후에는 시간당 1∼3㎝(일부 산지 5㎝ 이상)의 강하고 많은 눈이 예상된다.      최 부지사는 ""폭설에 의한 불편을 최소화하고, 비상 체제를 가동해 사고를 막을 것""이라고 말했다.      warm@yna.co.kr  (끝)      <저작권자(c) 연합뉴스, 무단 전재-재배포, AI 학습 및 활용 금지>"
111,7,"2025-01-27","22:40:51","요약-아디트야 비를라 선 라이프 Amc 12월 분기 순이익 22억4000만 루피","BRIEF-Aditya Birla Sun Life Amc Dec-Quarter Consol Net Profit 2.24 Bln Rupees  1월 27일(로이터) - Aditya Birla Sun Life Amc Ltd :  12월 분기 콘솔 순이익 22억 4천만 루피   12월 분기 영업 수익 44.5억 루피   소스 텍스트: [ID:]  Further company coverage:      Reuters.Briefs@thomsonreuters.com ;;))        (c) Copyright Thomson Reuters 2020. Click For Restrictions - https://agency.reuters.com/en/copyright.html   원문 바로가기    DISCLAIMER  레피니티브의 사전, 서면 승인 없는 톰슨로이터 콘텐츠의 재생산이나 재배포는 금지되어 있습니다. 이 기사의 한국어 번역은 에프앤가이드가 사용하는 기계적 번역에 의한 것으로 톰슨로이터와 레피니티브는 번역의 정확성을 보증하지 않습니다."
112,1,"2025-01-27","22:32:20","BUZZ- 월요일 랜드의 운명에 큰 전환점","BUZZ-Big turnaround in the rand's fortunes Monday  금요일 조치로 새로운 단기 추세 저점인 18.3050을 기록했습니다.   종가까지의 반등은 해머형 캔들스틱을 형성하는 데 도움이 되었습니다.   월요일 강세로 USD/ZAR이 10-DMA인 18.6445를 넘어섰습니다.   무역 관세 불확실성이 미국 수익률 약세와 ZA 수익률 상승을 압도하다   이번 주에는 연준, SARB, ECB 회의도 예정되어 있습니다.   USD / ZAR 목표 18.7675 단기 19.23-18.3050 하락에서 50 % 피보 목표   금요일 저점 18.3050에서 주요 지지선 확보      자세한 내용을 보려면    (피터 스톤햄은 로이터 시장 분석가입니다. 표현된 견해는 본인의 의견입니다)  peter.stoneham@thomsonreuters.com        (c) Copyright Thomson Reuters 2020. Click For Restrictions - https://agency.reuters.com/en/copyright.html   원문 바로가기    DISCLAIMER  레피니티브의 사전, 서면 승인 없는 톰슨로이터 콘텐츠의 재생산이나 재배포는 금지되어 있습니다. 이 기사의 한국어 번역은 에프앤가이드가 사용하는 기계적 번역에 의한 것으로 톰슨로이터와 레피니티브는 번역의정확성을 보증하지 않습니다."
112,2,"2025-01-27","22:31:45","요약-비콘 루핑 공급업체, 비콘 보드가 제안을 평가 중이라고 밝힘","BRIEF-Beacon Roofing Supply Says Beacon Board Is Evaluating Offer  1월 27일 (로이터) - 비콘 루핑 서플라이 Inc :  QXO의 공개 매수 제안에 대한 비콘의 코멘트   비콘 루핑 서플라이: 비콘 보드가 제안을 평가 중입니다.   비콘 루핑 서플라이 Inc-QXO의 제안 가격은 주당 $ 124.25로 변경되지 않았습니다.   소스 텍스트: (  Further company coverage:      (Reporting by Siddhi Mahatole)  SiddhiPrabhanjan.Mahatole@thomsonreuters.com        (c) Copyright Thomson Reuters 2020. Click For Restrictions - https://agency.reuters.com/en/copyright.html   원문 바로가기    DISCLAIMER  레피니티브의 사전, 서면 승인 없는 톰슨로이터 콘텐츠의 재생산이나 재배포는 금지되어 있습니다. 이 기사의 한국어 번역은 에프앤가이드가 사용하는 기계적 번역에 의한 것으로 톰슨로이터와 레피니티브는 번역의 정확성을 보증하지 않습니다."
112,3,"2025-01-27","22:31:39","캐나다 12 월 도매 무역 0.1 % 증가 가능성 - Statscan 플래시 추정치","Canada December wholesale trade most likely up 0.1% - Statscan flash estimate  1월 27일 (로이터) - 캐나다의 12월 도매 무역은 11월보다 0.1% 증가했을 가능성이 높으며, 이는 주로 자동차 및 자동차 부품 및 액세서리 하위 부문의 판매증가에 힘입은 것이라고 캐나다 통계청이 월요일에 발표한 속보치에서 밝혔습니다.  이 추정치는 65.0%의 가중 응답률을 기준으로 계산되었습니다. 지난 12개월 동안 이 설문조사의 평균 가중 응답률은 82.1%였습니다.     참고: 모든 수치는계절에 따라 조정됩니다.     (Reporting by Dale Smith; Editing by Promit Mukherjee)((promit.mukherjee@tr.com        키워드: 캐나다 경제/도매   원문 바로가기    DISCLAIMER  레피니티브의 사전, 서면 승인 없는톰슨로이터 콘텐츠의 재생산이나 재배포는 금지되어 있습니다. 이 기사의 한국어 번역은 에프앤가이드가 사용하는 기계적 번역에 의한 것으로 톰슨로이터와 레피니티브는 번역의 정확성을 보증하지 않습니다."
112,4,"2025-01-27","22:31:02","에어트랜스포트서비스(ATSG), 2024년 4분기 및 연간 재무 결과 발표","에어트랜스포트서비스(ATSG, Air Transport Services Group, Inc. )는 2024년 4분기 및 연간 재무 결과를 발표했다.  27일 미국 증권거래위원회에 따르면 에어트랜스포트서비스는 2024년 12월 31일로 종료된 3개월 및 연간 재무 결과에 대한 예비 추정치를발표했다.  이 회사는 2024년 12월 31일 기준으로 예상되는 수익을 195만 8천 180달러에서 196만 2천 180달러로 추정하고 있으며, 2023년 12월 31일 기준으로는 207만 611달러의 실제 수익을 기록했다.  조정된 EBITDA는 2024년 12월 31일 기준으로 54만 5천 135달러에서55만 1천 135달러로 예상되며, 2023년 12월 31일 기준으로는 56만 1천 603달러의 실제 수치를 보였다.  2024년 3개월 동안의 수익은 51만 3천 달러에서 51만 7천 달러로 예상되며, 2023년 3개월 동안의 실제 수익은 51만 704달러로 나타났다.  조정된 EBITDA는 2024년 3개월 동안 15만 8천 달러에서 16만 4천 달러로 예상되며, 2023년 3개월 동안의 실제 수치는 12만 9천 890달러였다.  수익에는 고객 인센티브 상각이 포함되어 있으며, 2023년과 2024년 각각 3천 912달러, 8천 800달러, 1만 8천 689달러, 2만 8천 675달러가 기록됐다.  이회사는 조정된 EBITDA를 사용하여 운영 성과를 평가하며, 이는 기본 운영의 재무 결과 비교를 용이하게 하는 지표이다.  또한, 이 회사는 2024년 1월 27일 기준으로 보고서를 제출했으며, W. 조셉 페인 법무 담당 부사장이 서명했다.  현재 에어트랜스포트서비스의 재무상태는 2024년 12월 31일 기준으로 수익이 196만 2천 180달러에 달할 것으로 예상되며, 조정된 EBITDA는 55만 1천 135달러에 이를 것으로 보인다.  ※ 본 컨텐츠는 AI API를 이용하여 요약한 내용으로 수치나 문맥상 요약이 컨텐츠 원문과 다를 수 있습니다. 해당 컨텐츠는 투자 참고용이며 투자를 할때는 컨텐츠 원문을 필히 필독하시기 바랍니다. 원문URL(http://www.sec.gov/Archives/edgar/data/894081/000095010325000889/0000950103-25-000889-index.htm)  데이터투자 공시팀 pr@datatooza.com  이 기사는 투자 참고용으로 이를 근거로 한투자 손실에 대해 책임을 지지 않습니다. 해당 기사는 이데일리와 무관합니다. 기사는 데이터투자(www.datatooza.com)가 제공한 것으로 저작권은 데이터투자에 있습니다. 기사 내용 관련 문의는 데이터투자로 문의하시기 바랍니다.    ＜ⓒ종합 경제정보 미디어 이데일리 - 무단전재 & 재배포 금지＞    "
112,5,"2025-01-27","22:31:01","버즈-레이몬드 제임스, 랄프 로렌의 주가 상승에 '시장 성과'로 인하","BUZZ-Raymond James cuts Ralph Lauren to 'market perform' on stock rally  ** 증권사 레이몬드 제임스, 럭셔리 의류 브랜드 랄프 로렌의 투자의견을 '시장수익률 초과'에서 '시장수익률미달'로 하향 조정, 개장 전 낮은 거래량으로 2% 하락한 주가  ** 증권사, 지난 1년간 사상 최고치를 기록한 회사의 주가 상승을 언급하며  ** RL은 2024년에 60% 상승했으며, 연평균 ~11% 상승했습니다.  ** 최근 미국 달러 강세로 인해 2025년과 2026년 회계연도에는 실적 역풍이 예상됩니다.  ** 그러나 중개업자는 co가 브랜드를 프리미엄화하는 데 탁월한 성과를 거두었으며 평균 단위 소매, 소비자직접 판매 부문 및 아시아, 북미 지역에서 강력한 성장 잠재력을보고 있다고 말합니다.  ** 2월 6일에 3분기 실적 보고 예정인 RL  ** 19개 증권사 중 13개 증권사가 '매수' 이상, 4개 증권사가 '보유', 2개 증권사가 '매도' 의견을 제시했으며, 평균 주가수익비율은 253달러입니다 - LSEG에서 집계한 데이터입니다.        (Reporting by Neil J Kanatt in Bengaluru)  Neil.JKanatt@thomsonreuters.com        (c) Copyright Thomson Reuters 2020. Click For Restrictions - https://agency.reuters.com/en/copyright.html   원문 바로가기    DISCLAIMER  레피니티브의 사전, 서면 승인 없는 톰슨로이터 콘텐츠의 재생산이나 재배포는 금지되어 있습니다. 이 기사의 한국어 번역은 에프앤가이드가 사용하는 기계적 번역에 의한 것으로 톰슨로이터와 레피니티브는 번역의 정확성을 보증하지 않습니다."
112,6,"2025-01-27","22:30:50","요약-브로드웨이 파이낸셜 코퍼레이션 4분기 EPS USD 0.06","BRIEF-Broadway Financial Corporation Q4 EPS USD 0.06  1월 27일( 로이터) - 브로드웨이 파이낸셜 코퍼레이션 4분기 순이자마진 2.42%. 4분기 순이자 수익 미화 800만 달러 4분기 순이익 미화130만 달러        (c) Copyright Thomson Reuters 2020. Click For Restrictions - https://agency.reuters.com/en/copyright.html   원문 바로가기    DISCLAIMER  레피니티브의 사전, 서면 승인 없는 톰슨로이터 콘텐츠의 재생산이나 재배포는 금지되어 있습니다. 이 기사의 한국어 번역은 에프앤가이드가 사용하는 기계적 번역에 의한 것으로 톰슨로이터와 레피니티브는 번역의 정확성을 보증하지 않습니다."
112,7,"2025-01-27","22:30:50","1월 27일부터의 일기-정치 및 일반 뉴스 이벤트","DIARY-Political and General News Events from January 27  1월 27일(로이터) -  다른 일기는 여기를 참조하세요:   정치 및 일반 뉴스  주요 경제 이벤트  신흥시장 경제 이벤트  정부 부채 경매  미국 연방 준비 은행  워싱턴의 오늘     -------------------------------------------------------------------- 이 일기는 매일 작성됩니다. ** 새 이벤트를 표시합니다  --------------------------------------------------------------------     1월 27일 월요일     ** 폴란드 아우슈비츠 - 홀로코스트 추모의날을 맞아 찰스 3세 국왕이 폴란드를 방문합니다.     ** 바르샤바 - 라드밀라 셰케린스카 나토 사무차장이 폴란드를 방문합니다.     ** 아부다비 ? 수브라마니암 자이샨카르 인도 외무부 장관, 아랍에미리트(UAE)를 공식 방문(1월 29일)합니다.     ** 핀란드 엘리나 발토넨 외무장관이 라트비아를 방문합니다.     ** 폴란드 크라쿠프 - 올라프 숄츠 독일 총리가크라쿠프에서 도날트 투스크 폴란드 대통령을 만나 외교 안보, 유럽 정책, 안보 등을 의제로 양자 회담을 가졌습니다.     ** 마드리드 - 페드로 산체스 스페인 총리가 마드리드 몬클로아 궁전에서 마크 루테 나토 사무총장을 만나다 ? 1600 GMT.     ** 리스본 - 마크 루테 나토 수장이 포르투갈을 방문하여 루이스 몬테네그로 총리, 마르셀로 레벨로 데 사우 대통령, 국방 및 외교 장관, 몬테네그로와의 기자 회견을 위해 ? 1330 GMT.     ** 브뤼셀 - 호세 마누엘 알바레스 스페인 외무장관이 브뤼셀에서 열린 EU 외무장관 회의 후 언론과 대화하고 있습니다. 0900 GMT.     베이징 - 비크람 미스리 인도 외무장관이 이틀간 중국을 방문합니다(마지막 날).  쿠알라룸푸르 - 프라보워 수비안또 인도네시아 대통령이 말레이시아를 공식 방문합니다.  바르샤바 - 영국의 찰스 국왕이 아우슈비츠 해방 80주년 기념식에 참석하기 위해 폴란드를 방문합니다.     브뤼셀 ? EU 외교이사회 회의     - - - - - - - - -      1월 28일 화요일     ** MUSCAT ? 카타르 국왕 셰이크 타밈 빈 하마드 알 타니가 오만 술탄국을 국빈 방문합니다.     브뤼셀 ? EU 총무이사회 회의     - - - - - - - - -    1월 30일 목요일     ** 브뤼셀 - EU 법무부 및 내무부 장관 비공식 회의. (1월 31일까지)     - - - - - - - - -   2월 2일 일요일     뉴델리 - 엘리자베스 2세 영국 여왕과 필립 왕자의 막내아들 에드워드 왕자가 인도를 방문합니다.     - - - - - - - - -   2월 3일 월요일     바르샤바 - EU 통상 장관, 바르샤바에서 비공식 회의 개최(2월 4일까지)     - - - - - - - - -      2월 4일 화요일     카트만두 - 영국 왕실의 소피 공작부인과 에드워드 왕자가 네팔을 방문합니다(2월 8일까지).     - - - - - - - - -      2월 5일 수요일     베이징 - 아시프 알리 자르다리 파키스탄 대통령이 2월 첫째 주에 중국을 방문하여시진핑 중국 국가주석과 CPEC-2를 비롯한 글로벌 및 지역 현안을 주제로 공식 회담을 가질 예정입니다(2월 7일).     아테네 - 조지 파파나스타시오 키프로스 에너지 장관과 산자 보지노브스카 북마케도니아 에너지 장관, 에너지 회의에 참석 ? 0800 GMT.     - - - - - - - - -   2월 7일 금요일     ** 라트비아 아다지 - 스웨덴 총리 울프 크리스터손, 외무부 장관 마리아 말머 스테네르가르드, 국방부 장관 팔 존슨이 스웨덴 대대가 덴마크 대대를 대체하는 라트비아의 나토 여단에서 열린 인수식에 참석하고 있다 ? 0900 GMT.  터크스 케이커스 제도 - 터크스 케이커스 하원 선거     - - - - - - - - -   2월 9일 일요일     ECUADOR - 에콰도르 대통령 선거     ECUADOR - 에콰도르 국회     스위스 - 스위스 국민투표선거     리히텐슈타인 - 리히텐슈타인, 의회 선거 실시 예정     KOSOVO - 코소보, 의회 선거 실시     - - - - - - - - -   2월 11일 화요일     아부다비 - 셰바즈 샤리프 파키스탄 총리, 아랍에미리트(UAE) 방문(2 월 13일까지)     - - - - - - - - -      2월 13일 목요일     ** 브뤼셀 - 나토 동맹국 국방장관들이 브뤼셀에서 회동합니다. (2월 14일까지)     - - - - - - - - -      2월 17일 월요일     브뤼셀 - 유로그룹 회의     - - - - - - - - -      2월 18일 화요일     싱가포르 - 로렌스 웡 싱가포르 총리가 2025년 예산안을 발표합니다.     해밀턴 - 버뮤다 총선 실시  브뤼셀 - EU 경제 및 금융 문제 위원회     - - - - - - - - -      2월 20일 목요일     독일 게르터슬로 - 마이아 산두 몰도바 대통령, 독일 민주주의 강화 공로로 2025년 라인하르트 문 상 수상 ? 1000 GMT     - - - - - - - - -   2월 23일 일요일     독일 - 독일 연방 국회의원 선거     - - - - - - - - -      2 월 24일 월요일     ** 제네바 - 제58차 인권이사회 세션(4월 4일까지).      브뤼셀 - EU 외교 위원회     - - - - - - - - -      2월 25일 화요일  브뤼셀 - EU 총무위원회     - - - - - - - - -      2월 27일 목요일     ** 리스본 - 에마뉘엘 마크롱 프랑스 대통령이 포르투갈을 방문하여 고위 관리들을 만나고 포르투갈 의회에서 연설합니다.     - - - - - - - - -   3월 2일 일요일     타지키스탄 - 타지키스탄 하원의원 선거.     - - - - - - - - -      3월 3일 월요일  ** 글로벌 - 국제 귀와청각의 날.     - - - - - - - - -      3월 4일 화요일     미크로네시아 - 미크로네시아 의회 선거.     - - - - - - - - -      3월 5일 수요일  ** 모스크바 ? 소련 지도자 요제프 스탈린 사망 72주기.     - - - - - - - - -      3월 8일 토요일  ** 글로벌 - 세계 여성의 날.     - - - - - - - - -      3월 10일 월요일     ** 티베트 - 티베트의 정신적 지도자 달라이 라마가 봉기 실패 후 망명길에 오른 지 66주년이 되는 해입니다.     브뤼셀 - 유로그룹 회의.     - - - - - - - - -      3월 11일 화요일     ** 일본 센다이 ? 센다이 지진 및 쓰나미 14주년 기념일.     브뤼셀 - 경제 및 재정 문제 위원회.     - - - - - - - - -      3월 15일 토요일     ** 글로벌 - 세계 물개 사냥 반대의 날.     ** 다마스쿠스 - 시리아는 바샤르 알 아사드 대통령에 대한 유혈 봉기가 시작된 지 14주년을맞이합니다.      ** 아일랜드 더블린 - 성 패트릭 축제(3월 17일까지).     - - - - - - - - -      3월 16일 일요일  ** 이라크 할랍자 - 이라크 화학무기 공격으로 5,000명의 민간인 쿠르드족이 사망한 지 37주년이 되는 날입니다.  - - - - - - - - -      3월 17일 월요일     브뤼셀 - 외교 위원회.     - - - - - - - - -      3월 18일 화요일     브뤼셀 - 총무위원회.  브뤼셀 - EU 에너지 장관 회의.     - - - - - - - - -      3월 20일 목요일     브뤼셀 - 유럽의회(3월 21일까지)     - - - - - - - - -      3월 21일 금요일     쿠라카오 - 쿠라카안 에스테이트 선거.     - - - - - - - - -      3월 22일 토요일  ** 글로벌 - 세계 물의 날.     - - - - - - - - -      3월 23일 일요일  ** 글로벌 - 세계 기상의 날.     - - - - - - - - -      3월 24일 월요일     ** 글로벌 - 세계 결핵의 날.     브뤼셀 - 보건부 장관 비공식 회의(3월 25일까지)     - - - - - - - - -      3월 28일 금요일     브뤼셀 - 총무위원회(응집력)        - - - - - - - - - - - - - - - - - - - - - - - - - - - - - - - -     참고: 일기 항목이 포함되었다고 해서 반드시 로이터가 해당 사건을 바탕으로 기사를 작성한다는 의미는 아닙니다.     기술적인 문제가 있는 경우 다음 연락처로 톰슨 로이터 고객 지원(TRCS)에 문의하십시오.  https://customers.reuters.com/kccontactus/telephone.aspx  Diaries@thomsonreuters.com     (c) Copyright Thomson Reuters 2020. Click For Restrictions - https://agency.reuters.com/en/copyright.html        Keywords: DIARY-POLITICAL/ (DIARY)   원문 바로가기    DISCLAIMER  레피니티브의 사전, 서면 승인 없는 톰슨로이터 콘텐츠의 재생산이나 재배포는 금지되어 있습니다. 이 기사의 한국어 번역은 에프앤가이드가 사용하는 기계적 번역에 의한 것으로 톰슨로이터와 레피니티브는 번역의 정확성을 보증하지 않습니다."
113,1,"2025-01-27","22:21:02","다이넥스캐피탈(DX-PC), 2024년 4분기 및 연간 실적 발표","다이넥스캐피탈(DX-PC, DYNEX CAPITAL INC )은 2024년 4분기 및 연간 실적을 발표했다.  27일 미국 증권거래위원회에 따르면 2025년 1월 27일, 다이넥스캐피탈이 2024년 4분기 및 연간 재무 결과를 발표했다.  2024년 12월 31일 기준으로 총 경제 수익은 0.13달러로, 이는 시작 장부 가치의 1.0%에 해당하며, 연간으로는 0.99달러로 7.4%에 해당한다.2024년 12월 31일 기준으로 보통주당 장부가치는 12.70달러이다.  2024년 4분기 포괄 손익은 보통주당 0.15달러, 순이익은 보통주당 0.61달러로 보고되었으며, 연간으로는 포괄손익이 보통주당 1.30달러, 순이익은 보통주당 1.50달러에 달한다.  2024년 REIT 과세 소득은 9,600만 달러로 추정되며, 이는 이연 세금 헤지 이익을 포함한다.  2024년 4분기 배당금은 보통주당 0.43달러로 선언되었고, 연간 배당금은 1.60달러이다.  2024년 4분기 동안 6,440만 달러의 자본을 조달했으며, 2024년 총 자본 조달액은 3억 3,200만 달러로, 발행 비용을 제외한 금액이다.  2024년 평균 이자 수익 자산 잔액은 36% 증가했으며, 2024년 12월 31일 기준으로 유동성은 6억 5,830만 달러에 달한다.2024년 12월 31일 기준으로 레버리지는 주주 자본 대비 7.9배에 달한다.  T.J. 코넬리는 2023년부터 회사의 전략 및 연구 수석 부사장으로 재직한 후 최고 투자 책임자로 승진했다.  코넬리는 25년 이상의 모기지 담보 증권 거래 및 경제 연구 경험을 보유하고 있으며, 회사의 투자, 자금 조달 및 헤지포트폴리오를 감독하고 가치를 창출하는 데 중요한 역할을 할 것이다.  스미리 포페노 공동 CEO는 “우리 주주들은 2024년에 13.7%의총 주주 수익을 올렸고, 지난 2년 동안 27.4%의 수익을 올렸다”고 말했다.  “우리는 유리한 조건을 활용하기 위해 자본을 전략적으로 추가했다.” 2024년 4분기 동안 회사의 이자 수익은 증가했으며, 연방준비제도의 최근 금리 인하가 2024년 4분기 포괄 손익에 긍정적인 영향을 미쳤다.  2024년 4분기 동안 회사의 MBS 및 TBA 투자 공정 가치는 3억 3,240만 달러 감소했으나, 미국 재무부 선물 및 이자율 스왑에서 3억 3,730만 달러의 이익이 발생하여 손실을 상쇄했다.  2024년 12월 31일 기준으로 회사의 총 자산은 81억 8,457만 달러이며, 총 부채는 69억 9,964만 달러, 주주 자본은 11억 8,493만 달러이다.  또한, 회사는 2024년 12월 31일 기준으로 6억 5,630만 달러의 레버리지를 보유하고 있으며, 2024년 12월 31일 기준으로 보통주 발행 주식 수는 8,449만 1,800주이다.  ※ 본 컨텐츠는 AI API를 이용하여 요약한 내용으로 수치나 문맥상 요약이 컨텐츠 원문과 다를 수 있습니다. 해당 컨텐츠는 투자 참고용이며 투자를 할때는 컨텐츠 원문을 필히 필독하시기 바랍니다. 원문URL(http://www.sec.gov/Archives/edgar/data/826675/000082667525000006/0000826675-25-000006-index.htm)  데이터투자 공시팀 pr@datatooza.com  이 기사는 투자 참고용으로 이를 근거로 한 투자 손실에 대해 책임을 지지 않습니다. 해당 기사는 이데일리와 무관합니다. 기사는 데이터투자(www.datatooza.com)가 제공한 것으로 저작권은 데이터투자에 있습니다. 기사 내용 관련 문의는 데이터투자로 문의하시기 바랍니다.    ＜ⓒ종합 경제정보 미디어 이데일리 - 무단전재 & 재배포 금지＞    "
113,2,"2025-01-27","22:20:56","어닝 폴-악조 노벨 NV <AKZO.AS>? 1월 29일 마감되는 4분기 실적","EARNINGS POLL-Akzo Nobel NV ?fourth quarter results due on January 29  1월 27일(로이터) - (모든 수치는 유로화 기준)  Akzo Nobel NV는 1월 29일에 4분기 실적을발표합니다.   현재까지 Akzo 노벨 NV의 주가는 4.52% 상승했습니다.   아래는 LSEG 데이터를 기반으로 한 분기별 애널리스트 예상 결과 표입니다.    분기부터 2024년 12월까지  애널리스트 수  평균 추정치     수익  7  25억 2천만   EPS  5  0.75   EBITDA  5  3억 2,256만      여론조사와 보고서 발표 사이에 합의 추정치가 업데이트될 수 있다는 점에 유의하세요.  이 요약은 1월 27일 06:04에 자동 생성되었습니다.     (그단스크 뉴스룸)  gdansk.newsroom@thomsonreuters.com ; +48 58 769 66 00; ))     (c) Copyright Thomson Reuters 2020. Click For Restrictions - https://agency.reuters.com/en/copyright.html        Keywords: AKZO NOBEL-RESULTS/(EARNINGS POLL) (POLL)   원문 바로가기    DISCLAIMER  레피니티브의 사전, 서면 승인 없는 톰슨로이터 콘텐츠의 재생산이나 재배포는 금지되어 있습니다. 이 기사의 한국어 번역은 에프앤가이드가 사용하는 기계적 번역에 의한 것으로 톰슨로이터와 레피니티브는 번역의 정확성을 보증하지 않습니다."
113,3,"2025-01-27","22:20:51","요약-프랭클린 일렉트릭, 배당금이 전 분기 대비 6% 증가했다고 발표","BRIEF-Franklin Electric Co Says Dividend Increased By 6% From Prior Quarter  1월 27일 (로이터) - 프랭클린 일렉트릭 주식회사 :  프랭클린 일렉트릭, 분기별 현금 배당금 인상 지급 선언   프랭클린 일렉트릭, 주당 0.265달러의 분기 현금 배당금 선언   프랭클린 일렉트릭 - 배당금 전분기 대비 6% 증가   소스 텍스트: (  Further company coverage:      (Reporting by Siddhi Mahatole)  SiddhiPrabhanjan.Mahatole@thomsonreuters.com        (c) Copyright Thomson Reuters 2020. Click For Restrictions - https://agency.reuters.com/en/copyright.html   원문 바로가기    DISCLAIMER  레피니티브의 사전, 서면 승인 없는 톰슨로이터 콘텐츠의 재생산이나 재배포는 금지되어 있습니다. 이 기사의 한국어 번역은 에프앤가이드가 사용하는 기계적 번역에 의한 것으로 톰슨로이터와 레피니티브는 번역의 정확성을 보증하지 않습니다."
113,4,"2025-01-27","22:20:42","BUZZ-USD / CAD가 1.44로 저항을 발견하고 연준, BoC를 앞두고 UST 수익률 하락을 따릅니다.","BUZZ-USD/CAD finds resistance by 1.44, follows UST yield lower ahead of Fed, BoC  CAD는 노람 초기 거래에서 -0.1 % 하락한 1.4337; 월별 범위는 1.4401-1.4334입니다.   안전자산 선호흐름에 UST 수익률 하락, 주식 선물은 스톡스 오픈 하락 전망   UST 수익률 하락이 캘리포니아 수익률 하락을 앞지르다; 1월 29일 연준, BoC 회의에 집중   CAD 상승, 원자재 하락을 넘어선 모습; 원유 -0.9%, 구리 -0.9%   월 최저 1.4334 달러, 21 일 볼리 1.4295, 1.3981-1.4520의 1.4251 50 %   월요일 고점 1.4401, 1월 23일 고점 1.4414, 21일 볼리 1.4457 상단      (폴 스피겔은 로이터시장 분석가입니다. 표현된 견해는 본인의 의견입니다)  paul.spirgel@thomsonreuters.com        (c) Copyright Thomson Reuters 2020. Click For Restrictions - https://agency.reuters.com/en/copyright.html   원문 바로가기    DISCLAIMER  레피니티브의 사전, 서면 승인 없는 톰슨로이터 콘텐츠의 재생산이나 재배포는 금지되어 있습니다. 이 기사의 한국어 번역은 에프앤가이드가 사용하는 기계적 번역에 의한 것으로 톰슨로이터와 레피니티브는 번역의 정확성을 보증하지 않습니다."
113,5,"2025-01-27","22:20:30","업데이트 1-독일 야당 지도자, 극우 지지에도 국경 통제 회복을 위한 법안 추진 다짐","UPDATE 1-German opposition leader vows to push law to restore border controls even with far-right support    베를린, 1월 27일 (로이터) - 독일의 차기 총리 선거에서 선두를 달리고 있는 야당 지도자 프리드리히 메르츠는 월요일 극우파의 지지를 받더라도 이번 주에 국경 통제 회복에 관한 법안을 의회에 제출하겠다고 약속했습니다.  이는 메르츠 총리가 망명 신청 실패자가 체포된 사건으로 인해 이슈가 확대된 반이민 극우 세력에 대응하기 위해 선거 캠페인의 중심에 이민을 두겠다는 신호탄이었습니다.  2월 23 일 총선에서 승리할 것이 확실한 선두 주자인 메르츠는 올라프 숄츠 총리의 사회민주당과 녹색연합 파트너들이 자신의 제안을 지지하지 않음으로써 민족주의 성향의 독일을 위한 대안(AfD)의 지지를 받아 선거를 치르게 된다면 이는 그들의 잘못이 될 것이라고 말했습니다.  그는 자신이 속한 기독민주당(CDU) 본부에서 열린 기자 회견에서 ""사민당이나 녹색당, 특히 AfD는 우리가 어떤 법안을 의회에 제출할지 말해주지 않을 것""이라고 말했습니다.  ""우리 중 누구도 원하지 않는 과반수를 막는 것은 사민당과 녹색당, 자유주의자들에게 달려 있습니다.""라고 그는 덧붙였습니다.  작년 말 자유민주당이 탈퇴한 후 숄츠의 연립정부가 과반 의석을 잃었기 때문에 메르츠는 자신의 제안을 통과시킬 수 있는 충분한 표를 얻을 수 있었습니다.  경찰은 추방되어야 할 아프가니스탄 망명 신청자가 1월 22일 두 명, 그중 한 명은 유아를 찌른 사건의 용의자라고 밝혔으며, 이 공격으로 인해 AfD의 플랫폼에 관심이 쏠리고 있습니다.  이번 칼부림 사건은 독일에서 안보와 이민에 대한 대중의 우려를 증폭시키고 AfD에 대한 지지를 불러일으킨 일련의 폭력 공격에 더해졌습니다. 용의자는 폭력적인 행동의 전력이있으며 정신과 치료를 받고 있었습니다.  '시한폭탄'  메르츠는 기자들에게 ""추방되어야 할 망명 신청자가 4만 명에 달한다""고 말했습니다. ""한 지역 정치인은 이번 주말에 우리 마을과 지역사회에 시한폭탄이 돌아다니고 있다고 말했습니다.""  그는 마지막으로 아프가니스탄으로 추방된 지 5개월이 지났다며 숄츠의 무대책을 비난했습니다.  메르츠의 비판자들은 그가 AfD의 지원으로 의회에서 승리할경우 극우와의 협력을 막는 독일 정치 주류의 방화벽이 해체될 위험이 있다고 말합니다.  안날레나 바에르복 외무장관은 유럽연합의 솅겐 무비자 여행 구역 내 영구 국경 통제를 복원하자는 메르츠 총리의 제안은 실현 불가능하며 유럽연합 파트너에 대한 독일의 책임에 대한 배신이라고 말했습니다.  녹색당 소속인 바르복은 브뤼셀에서 기자들에게 ""우리가 이 일을 시작하면 유럽은 무너집니다.""라고 말했습니다. ""반유럽적일 뿐만 아니라 실행이 불가능합니다.""  10여 년 전 유럽연합 단일 통화에 반대하는 우파 경제학자들에 의해 설립된 AfD는 점점 더 국수주의적인 성향을 띠며 이민으로 인한 독일의 정체성에 대한 위협에 초점을 맞추고 있습니다.  독일 당국은 AfD를 반민주적 극우 정당으로 분류하고 있으며, 지금까지 다른 모든 정당은 올가을 지역 선거에서 기록적인 득표율을 기록한 이후에도 야당에 국한시켜 함께정치를 하기를 거부하고 있습니다.  현재 AfD는 선거 전 여론조사에서 보수 정당에 이어 2위를 달리고 있습니다.  국경 통제라는도박에 위험이 없는 것은 아닙니다.  보수당을 이끌겠다는 그의 원래 공약은 앙겔라 메르켈 전 총리의 이민 친화적 중도주의와 결별함으로써 여론조사에서 극우파를 '절반'으로 줄여서 유권자를 되찾을 수 있다는 것이었습니다.  2022년 CDU 의장직을 맡았을 때 AfD는 10%, 보수 진영은 약 25%의 지지율을 기록했습니다. 현재 AfD는 20%, 보수당은 5% 포인트만 추가한 상태입니다.     (Reporting by Ludwig Burger and Rachel More; writing by Thomas Escritt; editing by Mark Heinrich)  ludwig.burger@thomsonreuters.com ; +49 30 220133634; ))     (c) Copyright Thomson Reuters 2020. Click For Restrictions - https://agency.reuters.com/en/copyright.html        Keywords: GERMANY-MIGRATION/MERZ (UPDATE 1, PIX)   원문 바로가기    DISCLAIMER  레피니티브의 사전, 서면 승인 없는 톰슨로이터 콘텐츠의 재생산이나 재배포는 금지되어 있습니다. 이 기사의 한국어 번역은 에프앤가이드가 사용하는 기계적 번역에 의한 것으로 톰슨로이터와 레피니티브는번역의 정확성을 보증하지 않습니다."
113,6,"2025-01-27","22:20:02","스마트렌트(SMRT), 셰인 팔라딘을 사장 겸 CEO로 임명","스마트렌트(SMRT, SmartRent, Inc. )는 셰인 팔라딘을 사장 겸 CEO로 임명했다.  27일 미국 증권거래위원회에 따르면 2025년 1월 27일, 스마트렌트(뉴욕증권거래소: SMRT)는 마이클 셰인 팔라딘을 사장 겸 최고경영자(CEO)로 임명했다. 팔라딘의 예상 시작일은 2025년 2월 24일이다.  이 역할에서 팔라딘은 스마트렌트의 경영진을 이끌며, 회사가 임대 주택 산업을 위한 스마트 생활 및 작업을 제공하고 고객, 현장 팀 및 거주자 사용자에 대한 서비스와 성과를 최적화하는 전략적 비전을 추진할 예정이다.  팔라딘은 SaaS, 기업 소프트웨어 및 기술 서비스 분야에서 20년 이상의 검증된 경험을 보유하고 있으며, 전략적 변혁, 운영 우수성 및 지속 가능한 성장을 스마트렌트에 가져올 것으로 기대된다. 그는 SaaS 비즈니스를 재활성화하고 클라우드 기반 솔루션의 혁신을 주도한 경험이 있다.  존 도르만스마트렌트 이사회 의장은 “우리는 셰인을 스마트렌트 팀에 환영하게 되어 기쁘다. 그의 지식과 전략적 비전, 혁신적 통찰력을 회사의 자산으로 통합하면서 스마트렌트는 임대 주택 운영을 혁신하는 새로운 전환점을 맞이하게 된다”고 말했다.  팔라딘은 최근 사이트임프루브의 CEO로 재직하며 성공적인 턴어라운드를 이끌었고, SAP SE에서도 여러 고위직을 역임하며 디지털 혁신을 주도했다. 팔라딘은 “임대 주택산업이 혁신적인 기술을 수용하는 시점에 스마트렌트에 합류하게 되어 영광이다. 스마트렌트의 IoT, 데이터 인텔리전스 및 거주자 중심 경험에 대한 혁신적인 접근 방식은 회사를 이 진화의 선두주자로 만들고 있다”고 말했다.  스마트렌트는 2017년에 설립된 임대 주택 산업을 위한 스마트 커뮤니티 솔루션 및 스마트 운영 솔루션의 선도적인 제공업체이다. 이 회사는 운영 자동화, 자산 보호, 에너지 소비 감소 및거주자 경험 향상을 통해 더 스마트한 생활과 작업을 가능하게 한다. 이 보도자료는 회사의 경영진 전환, 예상되는 미래 비즈니스 및 재무 성과, 전략 및 성과에 대한 전방위적인 진술을 포함하고 있다.  ※ 본 컨텐츠는 AI API를 이용하여 요약한 내용으로 수치나 문맥상 요약이 컨텐츠 원문과 다를 수 있습니다. 해당 컨텐츠는 투자 참고용이며 투자를 할때는 컨텐츠 원문을 필히 필독하시기 바랍니다. 원문URL(http://www.sec.gov/Archives/edgar/data/1837014/000095017025008997/0000950170-25-008997-index.htm)  데이터투자 공시팀 pr@datatooza.com  이 기사는 투자 참고용으로 이를 근거로 한 투자 손실에 대해 책임을 지지 않습니다. 해당 기사는 이데일리와 무관합니다. 기사는데이터투자(www.datatooza.com)가 제공한 것으로 저작권은 데이터투자에 있습니다.기사 내용 관련 문의는 데이터투자로 문의하시기 바랍니다.    ＜ⓒ종합 경제정보 미디어 이데일리 - 무단전재 & 재배포 금지＞    "
113,7,"2025-01-27","22:19:11","주중대사관 직무대리 체제로…정재호 대사 이달 말 귀국(종합2보)","주중대사관 직무대리 체제로…정재호 대사 이달 말 귀국(종합2보) 부임 2년 6개월 만에 곧 이임…탄핵 정국 속 귀국 늦어져       (베이징·서울=연합뉴스) 정성조 특파원 이상현 기자 = 윤석열 정부의 초대 주중대사인 정재호 대사가 부임 2년 6개월 만에 임기를 마친다.      27일 외교가에 따르면 주중대사관은 이날 오후 5시(현지시간) 중국 베이징에서 정 대사의 이임식을 개최했다. 이임식은 내부 직원들에게만 공지됐고 교민과 외국 인사들은 참석하지 않은 것으로 전해졌다.      정 대사는 이달 31일 귀국 예정인 것으로 알려졌다. 외교부 당국자는 ""정 대사는 조만간 이임 예정""이라고 말했다.      최상목 대통령 권한대행 부총리 겸 기획재정부 장관의 승인에 따라 정 대사의 이임이 이뤄지는 것으로 전해졌다.      정 대사의 이임으로 대중 외교와 교민 보호 최전선인 주중대사관은 한동안 직무대리 체제로 운영된다. 정무공사가 대사대리를 맡을 것으로 전해졌다.      정 대사의 후임으로 낙점돼 중국의 아그레망(외교사절에 대한 사전 동의)까지 받은 김대기 전 대통령실 비서실장에 대한 임명은 당분간이뤄지지 않는 분위기인 것으로 알려졌다.      외교부 당국자는 ""직무대리 체제를 통해 한중관계의 안정적 관리와 발전을 위해 지속 노력할 예정""이라고 밝혔다.       정 대사는 작년 10월 윤석열 대통령이 김 전 실장을 후임 대사로 내정하면서 귀국을 준비해왔지만, 갑작스러운 계엄 사태에 이어 대사 임면권자인 윤 대통령의 탄핵 정국까지 겹치며 '어정쩡한 유임'을 이어왔다.      서울대 정치외교학부 교수로 재직하다가 주중대사가 된 정 대사는 중국 정치경제 전문가로, 윤 대통령과는 충암고 동기동창이다.      지난 대선 때 윤 대통령에 정책 자문을 했고 대선 직후인 2022년 4월에는 한미정책협의대표단에 포함돼 박진 전 외교장관 등과 함께 미국을 방문, 윤 대통령의 대(對)중국정책을 설명하는 역할을 맡기도 했다.      정 대사는 그해 6월 주중대사에 내정됐고, 8월 제14대 대사로 정식 취임했다.      그는 지난해 대사관 부하 직원에 대한 '갑질' 의혹으로 외교부 감사를 받기도 했다. 외교부는 정 대사가 주재관 대상 교육 과정에서 일부 부적절한 발언을 한 것으로 보고 장관 명의의 구두 주의 환기 조치를 했다.      정 대사는 통상 주중대사가 한국 매체 특파원들을 매월 한 번 만나는 간담회를 통해 입장을 밝혀왔다. 그는 윤 대통령의 비상계엄 선포하루 전인 작년 12월 2일 브리핑을 마지막으로 모습을 드러내지 않았다.      xing@yna.co.kr  (끝)      <저작권자(c) 연합뉴스, 무단 전재-재배포, AI 학습 및 활용 금지>"
114,1,"2025-01-27","22:06:54","‘마약 혐의’ 실형 40대…2심서 ‘무죄’ 반전, 왜?","[헤럴드DB]     [헤럴드경제=장연주 기자] 마약을 지인에게 제공하고 스스로 투약한 혐의로 1심에서 실형을 선고받은 40대 남성이 항소심에서 무죄를 선고 받았다. 유일한 직접 증거인 목격자 진술의 신빙성이 의심을 받았기때문이다.   부산지법 형사항소1부(부장판사 성금석)는 마약류 관리에 관한 법률 위반 혐의(향정)로 기소된 A씨에 대한 항소심 선고공판에서 징역 1년을선고한 원심판결을 파기하고 무죄를 선고했다고 27일 밝혔다.   A씨는 2021년 2월20일 부산 연제구 한 모텔에서 필로폰 0.12ｇ을 지인 B씨에게 무상으로 건네준 뒤, 일회용 주사기로 필로폰을 자기 팔에 투약한 혐의로 재판에 넘겨졌다.   A씨는 경찰 수사에서 재판에 이르기까지 “그런 사실이 없다”며 검찰 공소사실을 줄곧 부인해왔다.   1심은 B씨가 피고인으로부터 필로폰을 받았고 투약하는 장면도 목격했다는 진술과 B씨가 모함할 이유가 없는 점, A씨 동종 전과 등을 근거로실형을 선고했다.   하지만 항소심 재판부는 공소사실의 유일한 직접적인 증거인 B씨 진술에 합리적 의심의 여지 없이 인정할 만한 신빙성이 있다고 보기 어렵다고 판단했다.   특히 “B씨가 피고인에게 돈을 건네며 필로폰을 구해달라고 해놓고 자신은 투약하지 않은 채 피고인 홀로 투약하는 장면만 지켜봤다는 점은경험칙에 비춰 납득하기 어렵고, B씨가 60만원을 건넨 뒤 이를 돌려받지 못한 문제로 피고인과 갈등이 있었던 점 등을 고려하면 허위로 진술했을 가능성도 배제하기 어렵다”며 무죄 선고 이유를 밝혔다."
114,2,"2025-01-27","22:06:41","브리프-스틸 커넥트, DMC 인수 가능성에 대한 관심 재확인","BRIEF-Steel Connect Reiterates Interest In Potential Acquisition Of DMC  1월 27일(로이터) - DMC Global Inc :  스틸 커넥트, DMC 글로벌 이사회에 공개 서한 발표   스틸 커넥트: DMC 인수 가능성에 대한 관심을 재차 강조하고 회사에 포괄적인 실사 진행을 촉구합니다.   스틸 커넥트: 1억8500만~2억 달러에 다이나에너제틱스, 노벨클래드 인수를 포함한 스틸의 다른 제안에 대해 DMC의 참여를 촉구합니다.   소스 텍스트: (  Further company coverage:      (Reporting by Siddhi Mahatole)  SiddhiPrabhanjan.Mahatole@thomsonreuters.com        (c) Copyright Thomson Reuters 2020. Click For Restrictions - https://agency.reuters.com/en/copyright.html   원문 바로가기    DISCLAIMER  레피니티브의 사전, 서면 승인 없는 톰슨로이터 콘텐츠의 재생산이나 재배포는 금지되어 있습니다. 이 기사의 한국어 번역은 에프앤가이드가 사용하는 기계적 번역에 의한 것으로 톰슨로이터와 레피니티브는 번역의 정확성을 보증하지 않습니다."
114,3,"2025-01-27","22:06:01","천연가스 파이프라인 중요 공지: 남부 천연가스 OFO T3 L1 북쪽 취소 01-28-25","NATGAS PIPELINE CRITICAL NOTICE: Southern Natural Gas OFO T3 L1 North Cancelled 01-28-25  (( 이것은 파이프라인 운영자가 발송자에게 제공하는 중요 알림의 텍스트 그대로입니다.운영자가 발송인에게 제공한 중요 알림의 원문입니다. 이정보는 다음 기관에 의해 독립적으로 확인되지 않았습니다.로이터. 이 항목은 사고의 심각성에 따라 뉴스 기사로 이어질 수 있습니다.사건의심각성에 따라 뉴스 기사로 이어질 수 있습니다. ))회사명: 남부 천연 가스     공지 유형 설명: 운영 흐름 순서     게시 날짜: 1/27/2025     발효일: 01/27/2025     종료 날짜: 01/28/2025     텍스트 게시:     2025년 1월 26일(일)부터 시행된 유형 3 레벨 1 OFO는 다음과 같이 취소됩니다.(공지 ID# 710326)은 다음 날짜부터 취소됩니다.가스의 날인 2025년 1월 28일 화요일을 기점으로 취소됩니다.     OFO 그룹     자세한 정보는 http://pipeline2.kindermorgan.com/Notices/NoticeDetail.aspx...에서 확인할 수 있습니다.   원문 바로가기    DISCLAIMER  레피니티브의 사전, 서면 승인 없는 톰슨로이터 콘텐츠의 재생산이나 재배포는 금지되어 있습니다. 이 기사의 한국어 번역은 에프앤가이드가 사용하는 기계적 번역에 의한 것으로 톰슨로이터와 레피니티브는 번역의 정확성을 보증하지 않습니다."
114,4,"2025-01-27","22:04:19","[美특징주]소파이, 양호한 실적 불구 아쉬운 이익 전망에 개장 전 ‘뚝’","[이데일리 장예진 기자] 소파이테크놀로지스(SOFI)는 지난 4분기에 양호한 매출을 기록했다고 발표했지만, 아쉬운 이익 가이던스를 제시하면서 주가가 개장 전 거래에서 하락하는 모습이다.  이 소식에 27일(현지시간) 오전 7시 57분 기준 소파이테크놀로지스의 주가는 개장 전 거래에서 전일대비 13% 하락한 15달러선에서 움직이고있다.  마켓워치에 따르면 소파이테크놀로지스는 지난 4분기 조정 순매출이 전년 대비 24.4% 증가한 7억3910만달러로 시장 예상치인 6억7500만달러를 상회했다고 전했다.  같은 기간 순매출은 전년 대비 19.3% 오른 7억3410만달러를 기록했다.  다만 소파이테크놀로지스는 이번 분기 수익성이 시장 예상치를 하회할 것으로 내다봤다.  소파이는 이번 1분기 조정 상각전영업이익(EBITDA) 전망치를 1억7500만달러~1억8500만달러로 제시했다. 이는 월가 예상치인 1억9200만달러를하회하는 수준이다.  반면 1분기 조정 순매출 전망치는 7억2500만달러~7억4500만달러로 월가 예상치인 6억8800만달러를 상회하는 수준을 제시했다.   ＜ⓒ종합 경제정보 미디어 이데일리 - 무단전재 & 재배포 금지＞"
114,5,"2025-01-27","22:04:01","요약-타타스틸 3분기 순이익 32.7억 루피 달성","BRIEF-Tata Steel Q3 Consol Net Profit 3.27 Billion Rupees  1월 27일(로이터) - Tata Steel Ltd :  타타스틸 3분기 순이익 32억 7천만 루피, IBES 손실 추정치. 24억 7천만 루피   타타스틸 3분기 총 영업 수익 5,364억8,000만 루피, IBES EST. 5,305.6억 루피   소스 텍스트: [ID:]  Further company coverage:      Reuters.Briefs@thomsonreuters.com        (c) Copyright Thomson Reuters 2020. Click For Restrictions - https://agency.reuters.com/en/copyright.html   원문 바로가기    DISCLAIMER  레피니티브의 사전, 서면 승인 없는 톰슨로이터 콘텐츠의 재생산이나 재배포는 금지되어 있습니다. 이 기사의 한국어 번역은 에프앤가이드가 사용하는 기계적 번역에 의한 것으로 톰슨로이터와 레피니티브는 번역의 정확성을 보증하지 않습니다."
114,6,"2025-01-27","22:03:37","시진핑, 대국민 설 인사 “외부충격 대비·해소해 경제회복 지속”","中 최대명절 춘제 새해인사 연설 美아이오와 주민 연하장에 “中美, 친구 될 수 있어”     시진핑     [헤럴드경제=김민지 기자] 시진핑 중국 국가주석이 27일 핵심 분야에서의 위험과 외부 충격을 잘 대비하고 완화해 경제가 지속적으로 회복하도록 해야 한다고 말했다.   중국 관영 신화통신에 따르면 시 주석은 중국 최대 명절인 춘제(春節·중국의 설)를 앞둔 이날 오전 베이징 인민대회당에서 열린 ‘2025년 춘제 새해 인사(團拜會)’에 참석해 연설하며 이같이 당부했다.   시 주석은 “곧 지나갈 갑진년 용의 해는 우리의 용마정신(龍馬精神, 용과 말처럼 건전하고 활기찬 정신)을 진작시켜 비바람과 무지개를 두루 겪은 한해였다”며 “1년간 복잡하고 가혹한 상황에 맞서 침착하게 대응하고 종합적으로 정책을 시행, 난관을 극복하고 격려하며 나아갔다”고 돌아봤다.   그는 또 지난 “1년 동안의 발전 과정이 결코 평범하지 않으며, 성과는 고무적”이라며 “우리나라는 여전히 세계 경제성장의 중요한 엔진”이라고 말했다.   그러면서 ‘14차 5개년 계획’ 마무리되는 2025년을 맞아 “전면적 개혁을 더 심화하고 높은 수준의 대외 개방을 확대하며, 중점분야에서의위험과 외부 충격을 대비하고 해소해 경제가 지속해서 회복되고 좋아지도록 추진해야 한다”고 강조했다.   시 주석은 또 중국 문화에서 뱀이 영성과 지혜, 생명력의 상징으로 풍년, 상서로움, 복을 의미했다면서 “을사년 뱀의 해, 전국 각 민족과 인민들은 뱀이 천리를 달리는 기세를 가지고 굳은 자신감과 가득 찬 희망으로 개척하며 싸워나가 중국식 현대화의 새로운 장을 함께 써 나가자”고 말했다.   이날 새해 인사 행사는 리창 총리가 주재했으며 자오러지·왕후닝·차이치·딩쉐샹·리시·한정 등 당정 지도부가 참석했다고 신화통신은 전했다.   시 주석은 또한 이날 40년간 인연을 이어온 미국 아이오와주 머스카틴 주민들에게 보낸 신년 연하장에서 “중미 양국은 공동의 이익이 광범위하고 협력공간이 넓어 파트너·친구가 될 수 있으며, 상호성취와 공동번영으로 양국과 세계를 이롭게 할 수 있다”고 말했다고 신화통신이 보도했다.   시 주석은 이어 “양국 국민이 많이 왕래하고 교류하며, 옛날부터의 우애를 함께 이어가 중미 관계 발전에 새롭게 기여하기를 바란다”고 덧붙였다.   그는 앞서 지난 17일 당시 취임식을 3일 앞둔 트럼프 대통령과 전화 통화를 할 때도 “중미 양국 간에는 광범위한 공동이익과 드넓은 협력 공간이 있어 파트너·친구가 될 수 있다”고 언급한 바 있다.   시 주석은 1985년 허베이성 정딩현 당서기로 재직하면서 농업·목축 기술 견학차 미국을 처음 방문했다. 당시 시 주석은 허베이성과 자매결연을 한 아이오와주의 농촌 마을 머스카틴 주민들의 집에 머물렀고 이후에도 주민들과 교류해왔다.   아이오와 주민들은 앞서 시 주석에게 보낸 신년 연하장에서 새해 인사를 전하고, 시 주석이 2023년 미국 샌프란시스코 방문 당시 ‘향후 5년간 5만명의 미국 청소년을 초청하겠다’고 한 약속에 따라 중국을 방문한 소감 등을 공유했다고 신화통신은 전했다."
114,7,"2025-01-27","22:03:34","충남 천안·서산에 대설경보…아산·당진에 대설경보 유지","충남 천안·서산에 대설경보…아산·당진에 대설경보 유지       (대전=연합뉴스) 기상청은 27일 오후 10시를 기해 충남 천안·서산에 대설경보를 발효했다고 밝혔다.      대설경보는 24시간 동안 눈이 20㎝ 이상 쌓일 것으로 예측될 때 내려진다.      앞서 충남 아산·당진에도 대설경보가 발효된 상태다.      weather_news@yna.co.kr  (끝)     <저작권자(c) 연합뉴스, 무단 전재-재배포, AI 학습 및 활용 금지>"
115,1,"2025-01-27","21:52:07","요약-휴머니티 프로토콜, 11억 달러 가치로 점프 크립토, 판테라 캐피탈로부터 2,000만 달러 투자 유치","BRIEF-Humanity Protocol Gets $20 Million Funding From Jump Crypto, Pantera Capital At $1.1 Billion Valuation  1월 27일(로이터) - 휴머니티 프로토콜:  휴머니티 프로토콜: 점프 크립토, 팬테라 캐피털로부터 2천만 달러 투자 유치, 11억 달러 가치 평가      Reuters.Briefs@thomsonreuters.com        (c) Copyright Thomson Reuters 2020. Click For Restrictions - https://agency.reuters.com/en/copyright.html   원문 바로가기    DISCLAIMER  레피니티브의 사전, 서면 승인 없는 톰슨로이터 콘텐츠의 재생산이나 재배포는 금지되어 있습니다. 이 기사의 한국어 번역은 에프앤가이드가 사용하는 기계적 번역에 의한 것으로 톰슨로이터와 레피니티브는 번역의정확성을 보증하지 않습니다."
115,2,"2025-01-27","21:52:05","모손인프라스트럭쳐그룹(MIGI), 디지털 인프라 플랫폼 발표","모손인프라스트럭쳐그룹(MIGI, Mawson Infrastructure Group Inc. )은 디지털 인프라 플랫폼을 발표했다.  27일 미국 증권거래위원회에 따르면 2025년 1월 27일, 모손인프라스트럭쳐그룹이 업데이트된 회사 프레젠테이션을 제공하고 이를 웹사이트에 게시했다.  이 프레젠테이션은 AI, HPC 및 디지털 자산을 위한 디지털 인프라 플랫폼에 대한 정보를 포함하고 있다.  이 문서의 정보는 1934년 증권 거래법 제18조의 목적을 위해 “제출된” 것으로 간주되지 않으며, 1933년 증권법에 따른 제출물에 참조로 포함되지 않는다.회사 프레젠테이션의 사본은 부록 99.1로 첨부되어 있으며, 여기서 참조된다.  2024년에는 디지털 콜로케이션 수익이 전년 대비 136% 증가하고, 전체 수익은 36% 증가할 것으로 예상된다.2024년 수익은 감사되지 않았으며 변경될 수 있다.  운영 해시율은 2023년 3.81 EH/s에서 2024년 4.98 EH/s로 31% 증가할 것으로 보인다.  모손은 AI 및 HPC 디지털 인프라를 위한 20 MW의 디지털 인프라를 확보하고 있으며, 총 144 MW로 확장할 수 있는 가능성을 가지고 있다.이 계약은 6년의 초기 계약 기간을 가지며, 2년마다 요금 조정 옵션이 포함되어 있다.예상 수익 영향은 2억 8천 500만 달러에 달할 것으로 보인다.  모손은 지속 가능한 에너지를 사용하여 탄소 배출이 없는 디지털 인프라를 구축하고 있으며, 피츠버그 인근의 빠르게 성장하는 기술 허브에 본사를 두고 있다.  모손의 경영진은 애플, 아마존 웹 서비스, 노키아, 야후 등에서 온 전문가들로 구성되어 있으며, 디지털 자산 및 AI 시장에서의 성장을 위해 다양한 전략을 추진하고 있다.  모손은 디지털 자산 시장의 성장과 함께 디지털 인프라 제공자로서의 기회를 확대하고 있으며, 최근에는 NASDAQ에서 회사의 성과를 기념하기 위해종가를 알리는 행사에 초청받았다.  현재 모손은 129 MW의 운영 용량을 보유하고 있으며, 추가적인 확장 가능성을 가지고 있다.  모손의 디지털 인프라 플랫폼은 AI 및 HPC 생태계의 확장을 지원하는 기반이 되고 있다.  ※ 본 컨텐츠는 AI API를 이용하여 요약한내용으로 수치나 문맥상 요약이 컨텐츠 원문과 다를 수 있습니다. 해당 컨텐츠는 투자 참고용이며 투자를 할때는 컨텐츠 원문을 필히 필독하시기 바랍니다. 원문URL(http://www.sec.gov/Archives/edgar/data/1218683/000117184325000419/0001171843-25-000419-index.htm)  데이터투자 공시팀 pr@datatooza.com  이 기사는 투자 참고용으로 이를 근거로 한 투자 손실에 대해 책임을 지지 않습니다. 해당 기사는 이데일리와 무관합니다. 기사는 데이터투자(www.datatooza.com)가 제공한 것으로 저작권은 데이터투자에 있습니다. 기사 내용 관련 문의는 데이터투자로 문의하시기 바랍니다.    ＜ⓒ종합 경제정보 미디어 이데일리 - 무단전재 & 재배포 금지＞    "
115,3,"2025-01-27","21:52:02","프로미스뉴로사이언시스(PMN), 2025년 기업 발표 자료 업데이트","프로미스뉴로사이언시스(PMN, ProMIS Neurosciences Inc. )는 2025년 기업 발표 자료를 업데이트했다.  27일 미국증권거래위원회에 따르면 2025년 1월 27일, 프로미스뉴로사이언스가 웹사이트에 업데이트된 기업 발표 자료를 게시했다.해당 발표 자료는 본문서의 부록 99.1로 첨부되어 있다.  이 보고서의 7.01항의 정보는 1934년 증권거래법 제18조의 목적을 위해 “제출된” 것으로 간주되지 않으며, 해당 조항의 책임에 따라 적용되지 않는다.  또한, 1933년 증권법 또는 증권거래법에 따라 어떤 제출물에도 참조로 통합된것으로 간주되지 않는다.9.01항의 재무제표 및 부록에 대한 내용은 다음과 같다.  부록 번호 99.1은 2025년 1월 27일자 기업 발표 자료로, 104번 부록은 인터랙티브 데이터 파일(Inline XBRL 문서 내 포함)이다.  프로미스뉴로사이언스는 신경퇴행성 질환의 근본 원인을타겟으로 하는 NASDAQ: PMN을 보유하고 있다.  2025년 저작권이 있는 발표 자료는 특정 미래 예측 정보를 포함하고 있으며, 이러한 정보는 알려진 및 알려지지 않은 위험, 불확실성 및 기타 요인을 포함한다.  실제 결과는 본 문서에 명시된 내용과 실질적으로 다를 수있으며, 따라서 이러한 진술은 미래 성과나 결과의 보장으로 읽혀서는 안 된다.  모든 미래 예측 진술은 프로미스뉴로사이언스의 현재신념과 가정, 현재 이용 가능한 정보 및 기타 요인에 기반한다.독자는 이러한 미래 예측 진술에 과도한 신뢰를 두지 말 것을 권고한다.  PMN310은 알츠하이머 환자를 대상으로 진행 중인 위약 대조 1b 임상 연구의 주요 프로그램으로, 독성 아밀로이드-베타 올리고머에 결합하도록 설계된 인간화 단클론 항체이다.  PMN310은 건강한 자원자에서 잘 견디며, 혈액-뇌 장벽을 통과하고, 충분한 타겟 결합을 나타내는농도를 달성했다.12개월의 임상 결과에는 임상 결과, 안전성(ARIA 발생률) 및 바이오마커가 포함된다.  프로미스뉴로사이언스의 리더십 팀은 글로벌 개발 및 깊은 도메인 경험을 보유하고 있으며, 2024년 7월에는 주요 헬스케어 전문 펀드로부터 1억 2,270만 달러를 확보했다.  PMN310은 독성 아밀로이드-베타 올리고머에 대한 선택성을 가지고 있으며, 이는 알츠하이머 질병 진행의 주요 원인으로 여겨진다.  PMN267은 ALS를 타겟으로 하는 주요 항체 후보로, 병리학적 TDP-43에 대한 높은 친화력을 가진 결합 에피토프를 목표로 한다.  PMN442는 MSA를 타겟으로 하는 항체 후보로, 독성 알파-시누클레인 올리고머 및 작은 용해성 섬유를 선택적으로 타겟으로 하여 부작용을 줄인다.  PMN310의 임상 후보는 알츠하이머 질병의 진행을 중단시킬 가능성을 평가하기 위해 진행 중인 1b 임상 시험에서 안전성과 내약성을 평가하고 있다.  이 회사는 신경퇴행성 질환에 대한 혁신적인 접근 방식을 통해 환자에게 헌신하고 있으며, 임상 데이터와 이정표는 PMN310의 잠재력을 열어줄 수 있다.  현재 프로미스뉴로사이언스는 알츠하이머, ALS, MSA 및 기타 도전적인 질병에 대한 후보 물질의 강력한 파이프라인을 보유하고 있다.  이 회사는 AI/ML을 활용하여 새로운 기술 플랫폼을 창출하고 있으며, 이는 알츠하이머 및 기타 신경퇴행성 질환에 대한 치료제 및 백신의 가능성을 보여준다.  ※ 본 컨텐츠는 AI API를 이용하여 요약한 내용으로 수치나 문맥상 요약이컨텐츠 원문과 다를 수 있습니다. 해당 컨텐츠는 투자 참고용이며 투자를 할때는 컨텐츠 원문을 필히 필독하시기 바랍니다. 원문URL(http://www.sec.gov/Archives/edgar/data/1374339/000155837025000427/0001558370-25-000427-index.htm)  데이터투자 공시팀 pr@datatooza.com  이 기사는 투자 참고용으로 이를 근거로 한 투자 손실에 대해 책임을 지지 않습니다. 해당 기사는 이데일리와 무관합니다. 기사는 데이터투자(www.datatooza.com)가 제공한 것으로 저작권은 데이터투자에 있습니다. 기사 내용 관련 문의는 데이터투자로 문의하시기 바랍니다.    ＜ⓒ종합 경제정보 미디어 이데일리 - 무단전재 & 재배포 금지＞    "
115,4,"2025-01-27","21:51:54","[美증시프리뷰]JP모건 ""딥시크, 美이 中 규제 못함 증명""","[이데일리 이주영 기자] 중국의 딥시크 쇼크로 JP모건은 미국의 규제가 중국의 AI발전을 저해하지 못하고 있다고 지적했다.  27일(현지시간) 해당 투자은행의 산딥 데쉬판데 연구원은 보고서를 통해 “투자자들은 미국의 중국에 대한 규제가 결국 중국의 AI발전을 저해하기는 커녕 효율성을 우선시하는 모델을 개발할 수 있도록 가능하게 하는 혁신을 가져왔다”고 평가했다.  그는 이어 “지난 몇 달간의 뉴스를 통해 봤을 때 2025년 마이크로소프트(MSFT)는 800억 달러의 대규모 설비투자 지출을, 메타(META)도 최대 650억 달러의 투자 관련된 것”이거나 “오픈AI는 향후 새로운 미국 내 AI인프라 투자를 위해 4년에 걸치 5억 달러 투자를 발표하기도 했다”는 점을 강조했다.  결국 “미국의 이같은 대규모 투자는 미국내부로 집중되었지만 결국 딥시크의 고효율과 자원 집약적 AI모델이 성공을 거두며 투자자들로 하여금  AI에 대한 투자가 과대광고일 수 있고 더 효율적인 잣대가 필요하다는 생각을 갖게 했다”고 분석했다.   ＜ⓒ종합 경제정보 미디어 이데일리 - 무단전재 & 재배포 금지＞"
115,5,"2025-01-27","21:51:47","""비트코인 70만불 간다""···세계에서 가장 돈 많이 굴리는 남자의 승부수, 근거는?","친(親)가상자산 정부를 표방한 도널드 트럼프 행정부가 출범하면서 비트코인을 비롯한 가상자산 시장에 훈풍이 불고 있다.   블랙록의 래리 핑크 최고경영자(CEO)는 지난 22일 다보스포럼에서 비트코인 가격이 1개당 70만달러가 될 가능성을 피력하며 기대감을 높였다.   아시아 웹3 전문 자문사인 타이거리서치는 2기 트럼프 시대에 가상화폐 시장이 맞이할 다섯 가지 주요 변화를 제시했다.   트럼프 행정부는 비트코인을 국가 전략자산으로 비축하는 방안을 추진한다. 정부가 보유한 비트코인 20만7000개를 전략적 준비금으로 지정하고, 향후 5년간 비트코인 100만개를 추가로 확보할 계획이다.   도널드 트럼프 미국 대통령이 행정명령을 통해 디지털 자산 전략 비축 방안을 검토할 실무그룹을 신설하라고 지시했다.   제도권의 가상자산 시장 진입에도 속도가 붙을 전망이다. 작년 출시된 비트코인 상장지수펀드(ETF)의 운용자산은 이미 작년 말에 금 ETF를 넘어섰다.   올해는 금융기관들의 새로운 가상자산 ETF 출시가 이어질 전망이다. 최근 들어 솔라나·리플 같은 알트코인과 도지코인·오피셜트럼프 등밈코인까지 ETF 신청에 도전장을 냈다.   타이거리서치는 ""달러 기반 스테이블코인 발행은 디지털 경제에서 달러가 글로벌 표준 통화로서 지위를 유지하는 기반을 제공한다""며 ""달러 패권을 강화하기 위한 전략적인 행보로 풀이된다""고 설명했다.   미국 가상자산거래소 코인베이스에 따르면 스테이블코인 시장은 2024년 48% 성장해 1930억달러 규모에 도달했다. 2030년에는 3조달러를 초과할 것으로 예상된다.   실물연계자산은 전통 금융과 디지털 자산을 연결하는 가교로 여겨진다. 국채, 부동산, 사모펀드 등 다양한 자산의 토큰화는 거래 효율성을 높여 기관 투자를 가속화하는 역할을 한다. 미국 자산운용사 비트와이즈는 실물연계자산 시장 규모가 2050년 30조달러에 이를 것으로 전망한다.   탈중앙화 인프라인 디핀이 탄력을 받을 전망이다. 이 모델은 기존 중앙화 시스템의 높은 비용과 독점 문제를 해결하고, 인프라를 효율적으로 관리하고 이익을 공정하게 나누는 게 목표다.   다만 타이거리서치는 보고서에서 ""가상화폐 역사상 지속적인 가치를 입증한 프로젝트가 많지 않다""며 ""트럼프 행정부 정책에 대한 지나친낙관보다는 신중한 기대가 필요할 것으로 보인다""고 전망했다. /현혜선 기자 sunshine@sedaily.com  통장에 ""30만원"" 있다면 무료 지원금받아 ""반드시"" 수익난다!!>>>[무료체험]  ▶20년 연속 점유율 1위 하이스탁론  [급등주 大공개] 알고리즘 데이터 실시간 분석 ""급등"" 종목과 매수 타이밍까지! >>바로 확인  [ⓒ 서울경제, 무단 전재 및 재배포 금지]"
115,6,"2025-01-27","21:51:16","""일하다가 갑자기 '지끈지끈 ' 두통""···혹시 '이 병' 아닐까 의심해 봐야 한다는데","의사를 꿈꾸던 20대 여성구급대원이 극심한 두통을 느낀 뒤 뇌졸중 진단을 받은 사연이 전해졌다.   22일(현지시각) 영국 데일리메일 등 외신 따르면 티나 홀트는 지난 2016년 어느 날 아침 친구와 함께 브런치를 먹고 집으로 돌아오는 길에 갑자기 심한 두통을 겪었다. 두통은 60초 정도 지속했지만 상태는 급속도로 악화했다.   홀트는 “휴대전화 잠금화면을 풀지 못할 정도였다”며 “친구도 응급구조사여서 이상함을 느끼고 나한테 미소를 지어보라 했는데, 말도안 나오고 웃음이 지어지지 않았다”고 설명했다.   홀트는 일어나서 두 걸음을 내딛기도 전에 다시 쓰러지며 구토했다. 홀트의 친구는 즉시 구급차를 불렀고, 구급대원에게 홀트는 약을 전혀 먹지 않았다고 설명했다.   그러나 구급대원은 홀트가 약물을 과다복용했다고 임시 진단을 내렸고, 홀트는 병원으로 가는 도중 의식을 잃고 상태는 악화했다.   도착 후 병원에서 받은 CT 스캔 검사에서 뇌출혈이 발견되자 그는 중환자실로 이송됐다. 당시 홀트의 나이는 21세였다. 이후 홀트는 5일간 의식을 잃었고 10일 동안 중환자실에 있었다.   홀트는 7개월 동안 병원에 입원해 여러 수술과 시술을 받았다. 그는 뇌졸중으로 인해 몸 한쪽에 마비가 와 정상적인 생활이 어려워졌다.   홀트는 “물을 마시는 일 자체도 힘들어졌고 움직이는 법부터 다시 배워야 했다”며 “내 재활은 평생 필요한 과정이다”고 토로했다.   2년 정도 예상했던 재활은 현재까지 9년 정도 진행되고 있는 것으로 알려졌다. 그는 현재 휠체어를 타고 있지만 체육관에서 훈련하는 등재활에 집중하고 있다.   홀트는 “나의 경험을 통해 뇌졸중의 징후, 증상에 대해 사람들에게 알려주고 싶다”며 “뇌졸중이 노인이나 건강하지 않은 사람에게만 발생한다는 선입견을 바꾸고 싶다”고 강조했다.   뇌졸중이란 뇌 일부분에 혈액을 공급하는 혈관이 막히거나(뇌경색) 터짐(뇌출혈)으로써 그 부분의 뇌가 손상돼 나타나는 신경학적 증상이다. 뇌졸중은 뇌혈관 질환과 같은 말이며, 우리나라에서는 흔히 '중풍'이라는 말로도 불린다.   뇌졸중의 대표적인 증상은 홀튼에게 나타난 것처럼 편측 마비(얼굴과 팔다리, 특히 몸의 한쪽 부분이 무감각해지거나 힘이 없어짐), 언어장애, 어지럼증 등이 있으며 이외에도 시각 장애가 동반될 수 있다.   뇌졸중을 예방하기 위해서는 위험인자를 줄여야 한다. 과체중 시 체중 감량, 저지방?저염 식단, 절주, 금연 등을 통해 생활 습관을 개선하고, 필요하다면 약물 치료를 통해 혈압을 낮춰야 한다.   또한 매일 30분 이상 규칙적인 운동을 통해 혈압을 낮추고 혈당을 조절하는 것 역시 뇌졸중 발병률을 낮출 수 있다. 뇌혈관 질환 관련 가족력이 있다면 주기적으로 검사를 해보는 것을 권장한다. /남윤정 기자 yjnam@sedaily.com  통장에 ""30만원"" 있다면 무료 지원금받아 ""반드시"" 수익난다!!>>>[무료체험]  ▶20년 연속 점유율 1위 하이스탁론  [급등주 大공개] 알고리즘 데이터 실시간 분석 ""급등"" 종목과 매수 타이밍까지! >>바로 확인   [ⓒ 서울경제, 무단 전재 및 재배포 금지]"
115,7,"2025-01-27","21:50:54","업데이트 1-디스커버리 실버, 포큐파인의 뉴몬트 금광 사업장 4억2500만 달러에 인수","UPDATE 1-Discovery Silver to acquire Newmont's gold mining operations at Porcupine for $425M   1월 27일(로이터) - 금 채굴 업체 Discovery Silver는 월요일에 동종 업체인 Newmont의 캐나다 온타리오주 포큐파인 오퍼레이션 지분을 4억 2,500만 달러에 인수할 것이라고 발표했습니다.  뉴몬트는 2024년 2월 호주에 본사를 둔 뉴크레스트를 171억 4,000만 달러에 인수한 후 부채를 줄이기 위해 비핵심 자산을 매각하고 인력을 감축하겠다고 발표했습니다.  디스커버리는 현금 2억 달러, 디스커버리 보통주 7,500만 달러, 1억 5,000만 달러로 2027년 12월 31일부터 매년4회에 걸쳐 균등하게 현금으로 지급할 예정이라고 밝혔습니다.  거래 자금을 조달하기 위해 Discovery는 광산업체 프랑코네바다와 로열티 및 부채 계약과 관련된 4억 달러를 포함하여 총 5억 5,500만 달러의 파이낸싱 패키지를 체결했습니다.  광산 그룹인 포큐파인 콤플렉스는 2023년 12월 기준 연간 금 생산량이 26만 온스에 달합니다.     (Reporting by Tanay Dhumal in Bengaluru: Editing by Anil D'Silva and Vijay Kishore)  Tanay.Dhumal@thomsonreuters.com ; 트위터: https://twitter.com/TanayDhumal;     (c) Copyright Thomson Reuters 2020. Click For Restrictions - https://agency.reuters.com/en/copyright.html        Keywords: NEWMONT CORP-DIVESTITURE/DISCOVERY SILVER (UPDATE 1)   원문 바로가기    DISCLAIMER  레피니티브의 사전, 서면 승인 없는 톰슨로이터 콘텐츠의 재생산이나 재배포는 금지되어 있습니다. 이 기사의 한국어 번역은 에프앤가이드가 사용하는 기계적 번역에 의한 것으로 톰슨로이터와 레피니티브는 번역의 정확성을보증하지 않습니다."
116,1,"2025-01-27","21:38:54","뉴스캐스트 - 중국 딥시크릿, AI 시장 공략을 시작하다","Newscasts - China's DeepSeek sets off AI market rout    Newscasts - China's DeepSeek sets off AI market rout    Click the following link to watch video: https://share.newscasts.refinitiv.com/link?entryId=1_68zkg479&referenceId=tag:reuters.com,2025:newsml_RW649727012025RP1_930&pageId=Newscasts                 (c) Copyright Thomson Reuters 2020. Click For Restrictions - https://agency.reuters.com/en/copyright.html   원문 바로가기    DISCLAIMER  레피니티브의 사전, 서면 승인 없는 톰슨로이터 콘텐츠의 재생산이나 재배포는 금지되어 있습니다. 이 기사의 한국어 번역은 에프앤가이드가 사용하는 기계적 번역에 의한 것으로 톰슨로이터와 레피니티브는 번역의 정확성을 보증하지 않습니다."
116,2,"2025-01-27","21:38:44","""성능만 좋으면 뭐하나"" 불만 쏟아지자…다이슨 '특단의 대책'","25년도 나의 증권계좌를 지켜줄 알고리즘은?? 국내최초 알고리즘 종합마켓 앱 한경유레카에서 확인!     재작년 연말부터 다이슨 전 제품 AS 정책 개선  72시간 수리, 품질 보증 기간 내 무상 수리 등 진행      ""하루에 보통 35~55명 정도 방문하세요. 주말이나 연휴 끝나고는 더 많이 오시고요.""  사후서비스(AS)로 한때 원성을 샀던 다이슨은 더 이상 찾아볼 수 없었다. 다이슨 신사프리미엄 서비스센터 직원은 하루에도 수십명씩 고객들이 별다른 불만 없이 가전을수리하고 있다고 전했다. 가전 성능에만 치우쳤던 이 외산 브랜드는 과거 한 차례 홍역을 치른 이후 AS에 소홀했던 이전 모습을 완벽하게 지워냈다.   AS 기다리면서 다이슨 제품 체험 가능 지난 20일오후 다이슨 신사프리미엄 서비스센터엔 고객 2명이 각기 다른 가전을 들고 AS를 기다리고 있었다. 불만을 털어놓는 고객은 보이지 않았다.고객들은 경력과 전문성에 따라 구분된 AS 전담 엔지니어와 상담이 진행되는 맞춤 서비스를 제공받았다.  다이슨 서비스센터 엔지니어는 플래티넘, 골드, 실버 등 세 등급으로 구분된다. 프리미엄 서비스센터엔 가장 높은 등급의 플래티넘 엔지니어들이 주로 근무하고 있다.  따로 예약하지 않고 서비스센터를 찾아도 AS를 받을 수 있다. 센터 안쪽 접수처 앞에 놓인 태블릿 PC에서 전화번호를 입력해 AS를 신청하면 된다.  기자가 센터를 찾았을 땐 '현재 대기인원 0명', '예상 대기시간 5분'이 태블릿 PC에 표시됐다. 안내직원은 고객이 AS를 맡긴 상품의 점검이 끝나자 ""작동이 되더라도 흡입이 안 될 수 있다""며 고객에게 제품에 어떤 문제가 있었는지 설명했다. 설명이 끝난 후 직원은 해당 상품을 수거해갔다.  프리미엄 서비스센터는 AS만 제공하지 않는다. 제품을 직접 만져보고 사용할 수 있도록 조성됐다. AS를 기다리던 한 고객은 센터 내에 진열된 다이슨 청소기를 구경하면서 순서를 기다렸다.  기자도 가정용 물청소기를 직접 돌려봤다. 그러자 다이슨 직원이 옆에서 ""청소기가 무겁다고 느낄 수 있지만 정작 밀어서 사용하면 전혀무겁게 느껴지지 않는다""며 제품 특징을 설명했다.  청소기 제품 외에도 공기청정기, 에어랩과 같은 헤어케어 가전제품 등이함께 고객들을 맞았다. 센터 외부에서 보면 서비스센터라기보단 일반 매장처럼 보일 정도다.   부품 수급, 수리 시간 모두 빨라져 다이슨은 과거 AS 문제로 고객들 불만을 샀다. 부품 수급이 늦어 AS를받는 데만 한 달이 넘는 경우가 있어서였다. 수개월을 기다린 소비자들에게 할인쿠폰을 제공하거나 소액 보상을 하는 식으로 대응해 사실상새 제품 구매를 유도하는 것 아니냐는 논란에 휩싸이기도 했다.  다이슨은 이에 사과문을 발표하고 AS 정책을 대폭 개선했다. 부품 수급 문제를 해결하기 위해 부품 보유 현황을 실시간으로 파악하는 시스템을 도입했다. 다이슨은 시스템 도입으로 지난해 부품 부족 문제를전년 대비 97% 개선했다고 밝혔다.  AS 담당 엔지니어도 등급별로 구분해 전문성을 강화했다. 등급을 부여했다. AS는 72시간 안에처리하도록 개선했다. AS 제품을 수령한 시점부터 업무시간을 기준으로 72시간 이내에 수리 작업을 끝내는 것을 목표로 했다. 이에 따라 평균 AS 처리 기간이 1.6일로 재작년뷰다 84% 단축됐다.  수리 시간이 72시간을 넘을 경우 수리가 완료될 때까지 기존 제품을 대체할수 있는 대체품을 고객에게 무상 대여한다. 택배로 AS를 신청한다면 제품을 맡길 동안 대여 제품을 무상우로 제공받을 수 있다.  품질 보증기간 내에 AS를 접수하는 모든 고객에겐 과실 유무를 따지지 않고 무상 수리를 보장한다. 다이슨 조명과 유선 청소기는 5년, 무선청소기·공기청정기·가습기·헤어케어·헤드폰은 2년, 액세서리는 1년간 품질 보증 대상이다. 품질 보증 기간이 넘어가면 유상 수리를 받을 수 있다. AS 접수 경로도 '다양화'…서비스센터확대 추진 다만 AS를 못 받는 경우도 있다. 한국소비자원이 설정한 부품 보유 기간을 넘긴 제품에 한해서다. 하지만 이는 다이슨만 해당되는 건 아니다. 소비자원의 소비자 분쟁 해결기준에 따라 제품군별로 부품 보유기간이 설정되어 있다. 해당 기간을 넘긴 제품은 부품이 없어 수리를 못 받을 수도 있다.  AS 문의 경로도 다양화했다. 먼저 고객센터 홈페이지를 올해 새로 열었다. 기존에는 카카오톡이나 전화, 서비스센터를 이용해야만 AS를 신청할 수 있었다.  다이슨은 프리미엄 서비스센터와 전문 서비스센터, 일반 서비스센터를 운영 중이다. 다이슨 고객은 신사, 잠실, 수원, 부천, 분당에 있는 총 5곳의 프리미엄 서비스센터를 이용할 수 있다. 이달 기준으로 총 51곳에 이르는 서비스센터가 전국 곳곳에 마련된 상태다.  다이슨 관계자는 ""고객 접근성이 좋은 주요 거점 지역을 중심으로 프리미엄 서비스 센터를 확대할 계획""이라고 말했다. 다만 아직 구체적인 확장 일정과 세부 계획은 공식적으로 확정되지 않았다.  박수빈 한경닷컴 기자 waterbean@hankyung.com     ▶▶[급등종목]◀◀ 지금""1,000만원""만 있다면 당장 ""이것"" 매수해라!! >>> (무료공개)  2,500여개의 국내종목, ""알고리즘들의 매매의견""이 궁금하다면??  ▶▶ 월0.2%대 최저금리 X 주식자금 4배 X 100%집중투자 => 부자네스탁론  [단기에 부자가 되는 방법] 상위 1%만의 강의 무료 제공중 (pw:4560)  月220만원 직장인들 사이에서 주식투자 입소문.. ""억대수익"" 내는 방법 공개! ☞☞ [클릭]                관련기사 ""중국인 반응 폭발""…6000만원짜리 車 '불티' ""휴게소서 돈까스 먹으려다"" 화들짝 놀란 까닭 100억 넘게 벌었는데 ""구조대 빨리 오라"" 비명 ""회사 잘릴 뻔""…명절선물 건넸다가 '날벼락' '흡연 천국' 불렸는데…""전자담배도 안돼"" 돌변    ⓒ 한국경제 & hankyung.com, 무단전재 및 재배포 금지"
116,3,"2025-01-27","21:38:31","충북 음성에 대설경보 발효…제천·진천에 대설경보 유지","충북 음성에 대설경보 발효…제천·진천에 대설경보 유지       (청주=연합뉴스) 기상청은 27일 오후 9시 30분을 기해 음성에 대설경보를 발효했다고 밝혔다.      대설경보는 24시간 동안 눈이 20㎝ 이상 쌓일 것으로 예측될 때 내려진다.      제천·진천에는 대설경보가 유지되고 있다.      weather_news@yna.co.kr  (끝)     <저작권자(c) 연합뉴스, 무단 전재-재배포, AI 학습 및 활용 금지>"
116,4,"2025-01-27","21:37:52","스페인 음식계를 강타한 틱톡 스타","TikTok star taking Spanish food scene by storm   마드리드, 1월 27일(로이터) - 마드리드의 새로운 레스토랑 페카도스의 가장 큰 매력은 퓨전 음식이 아니라 이곳을 운영하는 우크라이나 출신의 젊은 셰프, 즉 코로나19 팬데믹 기간 동안 레시피를 알려주며 유명해진 'Z세대' 소셜 미디어 스타가 있다는 점입니다.   27세의 엘리아스 도순무는 틱톡에서 960만 명, 유튜브에서 500만 명, 인스타그램에서 200만 명에 가까운 팔로워를 보유하고있으며, 그의 말에 따르면 ""스페인에서 가장 많이 팔로우하는 미식가 프로필""이라고 합니다.  도선무의 부상은 디지털 시대의 새로운 요리 스타덤의 길을 보여주는 예시입니다.  과거에는 셰프가 미슐랭 스타를 통해 명성을 얻었다면, 콘텐츠 크리에이터와 음식 인플루언서는 엘리트 요리 학교를 거치지 않고도 엄청난 구독자 수를 통해 유명세를 얻을 수 있습니다.  ""동영상을 업로드하기 시작하면서 항상 마음속에 품고 있던 아이디어 중 하나가 바로 레스토랑을 여는 것이었습니다. 결국 소셜 네트워크 덕분에 여기까지 올 수 있었습니다.""라고 그는 말합니다.  우크라이나 동부 하르키우 근처에서 태어나 14살에 가족과 함께 스페인으로 이주한 도선무의 유산과 성장 배경은 그의 레스토랑 메뉴만큼이나 다양합니다.  그는 스페인계 나이지리아인 아버지와 유대인과 폴란드계 혈통을 가진 우크라이나 출신의 어머니와러시아어를 사용하며, 형과 스페인어로 대화합니다.  항공우주 공학 학위를 취득하고 패스트푸드 프랜차이즈에서 일하던 그는 코로나19 가 닥치자 무급 휴직을 하게 되었습니다.  도선무는 연구와 파트너의 도움을 받아 속사포 캐치프레이즈, 역동적인 캡션과 루프, 끝에서시작 부분으로 매끄럽게 전환하는 등의 기법을 사용하여 짧은 레시피 동영상을 만들기 시작했습니다.   이 레스토랑의 타깃 고객은 도선무의 온라인 팔로워를 반영하여 젊은 층에 치우쳐 있습니다.  마르코스 카스텔라노스(12세)는 크리스마스 선물로 페카도스(죄)를 방문하고 싶다는 부모님의 요청을 받고 식당에서 식사를 하고 있었습니다.  ""저는 유튜브와 틱톡에서 엘리아스 도선무를 알고 있습니다. 요리를 좋아해서 그의 방송을 보고 가끔 그의 레시피를 사용하기도 합니다.""라고 그는 말했습니다.  도선무의 작품에는 할머니의 레시피에서 영감을 받은 우크라이나식 만두인 바레니키가 있습니다.  그는 자신의 성공을 고집스러운 직업 윤리 덕분이라고 말합니다.  ""우리 민족은 말 그대로 생존에 익숙하다고 어머니가 말씀하시곤 하셨던 것이 기억납니다.""     (Reporting by Margaryta Chornokondratenko and David Latona; Additional reporting by Michael Gore; Editing by Alison Williams)  david.latona@thomsonreuters.com ; +34 918 35 68 13; ))     (c) Copyright Thomson Reuters 2020. Click For Restrictions - https://agency.reuters.com/en/copyright.html        Keywords: SPAIN-FOOD/CHEF (PIX, TV)   원문 바로가기    DISCLAIMER  레피니티브의 사전, 서면 승인 없는 톰슨로이터 콘텐츠의 재생산이나재배포는 금지되어 있습니다. 이 기사의 한국어 번역은 에프앤가이드가 사용하는 기계적 번역에 의한 것으로 톰슨로이터와 레피니티브는 번역의 정확성을 보증하지 않습니다."
116,5,"2025-01-27","21:37:15","실적 설문조사 - 1월 29일 마감되는 SEB AB 4분기 실적","EARNINGS POLL - SEB AB fourth quarter results due on January 29  1월 27일(로이터) - 실적 발표 - 1월 29일 마감되는 Skandinaviska Enskilda Banken AB 분기 실적  SKAND ENSK 은행-결과/(수익 투표)  (모든 수치는 스웨덴 크라운 단위)  * 1월 29일에 4분기 실적을 발표하는 Skandinaviska Enskilda Banken AB  * 올해 들어 현재까지 Skandinaviska Enskilda Banken AB의 주가는 9.11% 상승했습니다.  * 아래는 LSEG 데이터를 기반으로한 분기별 및 연간 실적에 대한 애널리스트 추정치 표입니다.   분기부터 2024년 12월까지  분석가 수  평균 추정치     순이자 수익  5  10.62억   수수료 및 수수료 수입  5  65억 4천만   수익  7  196억 7천만   EBIT  5  10.99억          2024년 12월까지  애널리스트 수  평균 추정치     티어 1 자본 비율  7  18.53   배당금  12  12.75   순이자 수익  6  451억 1천만   수수료 및 수수료 수입  6  241억 3천만   수익  14  8152억   EBIT  10  504억1천만   세전 이익  13  457억 4,400만   순이익  16  362억 5천만   EPS  17  17.59      스칸디나비스카 엔스킬다 뱅켄 AB는 OMX Stockholm_PI에 속해 있습니다. 여론조사와 보고서 발행 사이에 합의 추정치가 업데이트될 수 있다는 점에 유의하세요.  스칸디나비스카 엔스킬다 뱅켄 AB에 대한 자세한 견적은 이 링크를 참조하세요:  이 요약은 1월 27일 11:23에 자동으로 생성되었습니다.        (그단스크 뉴스룸)  gdansk.newsroom@thomsonreuters.com ; +48 58 7696600; ))        (c) Copyright Thomson Reuters 2020. Click For Restrictions - https://agency.reuters.com/en/copyright.html   원문 바로가기    DISCLAIMER  레피니티브의 사전, 서면 승인 없는 톰슨로이터 콘텐츠의 재생산이나 재배포는 금지되어 있습니다. 이 기사의 한국어번역은 에프앤가이드가 사용하는 기계적 번역에 의한 것으로 톰슨로이터와 레피니티브는 번역의 정확성을 보증하지 않습니다."
116,6,"2025-01-27","21:36:57","경기 평택·안성에 대설경보…수원 등 21곳 대설주의보 유지","경기 평택·안성에 대설경보…수원 등 21곳 대설주의보 유지       (수원=연합뉴스) 기상청은 27일 오후 9시 30분을 기해 평택·안성에 대설경보를 발효했다고 밝혔다.      대설경보는 24시간 동안 눈이 20㎝ 이상 쌓일 것으로 예측될 때 내려진다.      수원 등 21곳에는 대설주의보가 내려진 상태다. 대설주의보는 24시간 동안 눈이 5㎝ 이상 쌓일 것으로 예측될 때 내려진다.      weather_news@yna.co.kr  (끝)     <저작권자(c) 연합뉴스, 무단 전재-재배포, AI 학습 및 활용 금지>"
116,7,"2025-01-27","21:35:22","중국 CATL, DHL에 액체 냉각식 에너지 저장 시스템 제공","BRIEF-China's CATL To Provide Liquid-Cooled Energy Storage Systems For DHL  1월 27일 (로이터) - 현대 앰퍼렉스 테크놀로지(현대 앰퍼렉스 테크놀로지) :  전 세계 DHL의 물류 단지에 액체 냉각식 에너지 저장 시스템과 에너지 관리 플랫폼을 제공합니다.   원본 텍스트  Further company coverage:      (Reporting by Beijing Newsroom)  Ethan.Wang@thomsonreuters.com        (c) Copyright Thomson Reuters 2020. Click For Restrictions - https://agency.reuters.com/en/copyright.html   원문 바로가기    DISCLAIMER  레피니티브의 사전, 서면 승인 없는 톰슨로이터 콘텐츠의 재생산이나 재배포는 금지되어 있습니다. 이 기사의 한국어 번역은 에프앤가이드가 사용하는 기계적 번역에 의한 것으로 톰슨로이터와 레피니티브는 번역의 정확성을 보증하지 않습니다."
117,1,"2025-01-27","21:27:02","에머슨일렉트릭(EMR), 애스펜테크의 남은 주식 인수 발표","에머슨일렉트릭(EMR, EMERSON ELECTRIC CO )은 애스펜테크가 남은 주식 인수를 발표했다.  27일 미국 증권거래위원회에 따르면 2025년 1월 27일, 에머슨(뉴욕증권거래소: EMR)과 애스펜테크(나스닥: AZPN)는 에머슨이 애스펜테크의 모든 발행 주식을 주당 265달러에 인수하기로 합의했다.  이번 거래는 인수되는 소수 지분의 가치를 72억 달러로 평가하며, 전체 회사의 완전 희석 시 시장 가치는 170억 달러, 기업 가치는 168억 달러로 평가된다.  에머슨은 현재 애스펜테크의 발행 주식의 약 57%를 보유하고 있으며, 이는 2022 년에 완료된 55%의 지분 투자 이후의 결과이다.  거래가 완료되면 애스펜테크는 에머슨의 완전 자회사로 편입된다. 이번 거래는 애스펜테크 이사회 내 독립적인 특별위원회에 의해 만장일치로 승인되었으며, 이 특별위원회는 에머슨이 2024년 11월 5일에 제출한 비구속 제안을검토하기 위해 구성되었다.  애스펜테크 이사회는 특별위원회의 추천에 따라 거래를 승인하였고, 에머슨 이사회도 거래를 만장일치로승인하였다. 에머슨의 사장 겸 CEO인 랄 카르산바이는 “이번 거래는 우리의 포트폴리오 변혁에 있어 중요한 이정표이며, 애스펜테크를 에머슨에 완전히 통합하여 소프트웨어 정의 제어에 대한 우리의 비전을 발전시킬 수 있게 되어 기쁘다”고 말했다.  이어 “애스펜테크 주주들에게 매력적이고 확실한 가치를 제공할 기회를 기대하며, 애스펜테크 팀을 에머슨으로 환영한다”고 덧붙였다. 애스펜테크 특별위원회 의장인 로버트 웨일런 주니어는 “에머슨과의 이 매력적인 현금 거래에 도달하게 되어 기쁘며, 이는 특별위원회의 철저한 검토의 결과”라고 말했다.  이어 “이번 거래가 애스펜테크와 주주들에게 최선의 길이라고 확신한다”고 밝혔다. 애스펜테크의 사장 겸 CEO인 안토니오 피에트리는 “에머슨은 애스펜테크에 훌륭한 파트너였으며, 이번 단계에서 고객의 진화하는 산업 소프트웨어 요구를 충족하기 위해 우리의 제안을 더욱 차별화할 수 있기를 기대한다”고 말했다.  이어 “이번 합의는 애스펜테크 직원들의 헌신을 증명하는 것이며, 그들은 파트너십을 통해 비즈니스를 변화시켜 미래의 성공을 위한 기반을 마련했다”고 강조했다. 거래 조건 및 승인에 따르면, 에머슨은 애스펜테크의 모든 발행 주식을 주당 265달러에 현금으로 인수하는 공개 매수를 진행할 예정이다.  이후 모든 미청구 주식은 주당 265달러의 현금으로전환된다. 공개 매수는 소수 주주가 보유한 애스펜테크의 주식이 최소 과반수 이상 제출되고 철회되지 않아야 한다.  이번 거래는 2025년 상반기 중에 완료될 것으로 예상되며, 관례적인 마감 조건이 충족되어야 한다. 에머슨은 이번 거래를 현금 및 부채 자금으로 조달할 계획이다. 거래가 완료되면 애스펜테크의 주식은 나스닥에서 거래되지 않게 된다.  ※ 본 컨텐츠는 AI API를 이용하여 요약한 내용으로 수치나 문맥상 요약이 컨텐츠 원문과 다를 수 있습니다. 해당 컨텐츠는 투자 참고용이며 투자를 할때는 컨텐츠 원문을 필히 필독하시기 바랍니다. 원문URL(http://www.sec.gov/Archives/edgar/data/32604/000095010325000884/0000950103-25-000884-index.htm)  데이터투자 공시팀 pr@datatooza.com  이 기사는 투자 참고용으로 이를 근거로 한 투자 손실에 대해 책임을 지지 않습니다. 해당 기사는 이데일리와 무관합니다. 기사는 데이터투자(www.datatooza.com)가 제공한 것으로 저작권은 데이터투자에 있습니다. 기사 내용 관련 문의는 데이터투자로 문의하시기 바랍니다.    ＜ⓒ종합 경제정보 미디어 이데일리 - 무단전재 & 재배포 금지＞    "
117,2,"2025-01-27","21:26:49","직장동료 때리고 집까지 찾아가 난동...60대 '징역형'","- 피해자 가족 앞 폭언·경찰관 폭행까지 - 징역 1년 법정구속  [이데일리 김혜선 기자] 여성 직장동료를 상습적으로 폭행하고 집까지 찾아가 유리창을 깨고 난동을 부린 60대가 징역형을 선고받았다.     (사진=게티이미지)  27일 춘천지법 원주지원 형사1단독 김도형 부장판사는 특수재물손괴, 주거침입, 협박, 폭행, 공무집행방해 혐의로 기소된 A(61)씨에게 징역 1년을 선고했다고 밝혔다.  공소사실에 따르면 A씨는 지난 2023년 9월 직장 동료 B(59)씨와 술을 마시다가 B씨가 도망간 것으로 오해해 B씨를 뒤따라가 허벅지를 걷어찼다. 그 해 12월에도 B씨가 채용공고를 직원 단체카톡방에 올렸다는 이유로 사무실에서 욕설을 하며 B씨가 있는 쪽으로 플라스틱 의자를 걷어차 폭행했다.  지난해 1월에는 2024년 1월에는 B씨가 회식 중에 다른 남성의 허벅지를 만졌다는이유로 발로 엉덩이를 세게 걷어찼다.  A씨는 B씨의 집까지 찾아가 “안 나오면 식구들을 다 죽여버리겠다”며 소리를 지르고, 이를 말리는 B씨의 아들과 남편 앞에서 험한 말을 쏟아내며 협박했다. B씨가 문을 열어주지 않자 A씨는 현관문 유리창을 깨서 안으로 들어간 뒤 식탁 의자, 청소기, 공기청정기 등 살림살이를 집어던져 파손했다.  여기에 그치지 않고 A씨는 신고를 받고 출동한 지구대 소속 경찰관을폭행하고 욕설까지 했다.  김 부장판사는 “피고인의 행위로 피해자 가족 주거의 평온이 무참하게 깨졌고, 피해자의 남편과 아들 앞에서 한 언행으로 인해 그 가족에게 돌이킬 수 없는 상처를 줬다”며 “피해자의 정신적·신체적 고통이 얼마나 클지 가늠할 수 없다”며 불구속 상태로 재판받아온 A씨에게 실형을 선고하고 법정 구속했다.        ＜ⓒ종합 경제정보 미디어 이데일리 - 무단전재 & 재배포 금지＞    "
117,3,"2025-01-27","21:26:47","요약-바지즈 주택 금융 3분기 PAT 54억 8천만 루피","BRIEF-Bajaj Housing Finance Q3 PAT 5.48 Bln Rupees  1월 27일 (로이터) - 바자즈 주택 금융 회사 :  3분기 PAT 54.8억 루피   3분기 총 영업 수익 244억 9천만 루피   소스 텍스트: (  Further company coverage:      Reuters.Briefs@thomsonreuters.com ;;))        (c) Copyright Thomson Reuters 2020. Click For Restrictions - https://agency.reuters.com/en/copyright.html   원문 바로가기    DISCLAIMER  레피니티브의 사전, 서면 승인 없는 톰슨로이터 콘텐츠의 재생산이나 재배포는 금지되어있습니다. 이 기사의 한국어 번역은 에프앤가이드가 사용하는 기계적 번역에 의한 것으로 톰슨로이터와 레피니티브는 번역의 정확성을 보증하지 않습니다."
117,4,"2025-01-27","21:26:15","요약-신중한 기업 자문 서비스 12월 분기 순이익 4억 8,190만 루피","BRIEF-Prudent Corporate Advisory Services Dec-Quarter Consol Net Profit 481.9 Mln Rupees  1월 27일(로이터) - 프루던트 코퍼레이트 어드바이저리 서비스 주식회사 :  12월분기 콘솔 순이익 4억 8,190만 루피   12월 분기 콘솔 총 영업 수익 28억 5천만 루피   소스 텍스트: (  Further company coverage:      Reuters.Briefs@thomsonreuters.com ;;))        (c) Copyright Thomson Reuters 2020. Click For Restrictions - https://agency.reuters.com/en/copyright.html   원문 바로가기    DISCLAIMER  레피니티브의 사전, 서면 승인 없는 톰슨로이터 콘텐츠의 재생산이나 재배포는 금지되어 있습니다. 이 기사의 한국어 번역은 에프앤가이드가 사용하는 기계적 번역에 의한 것으로 톰슨로이터와 레피니티브는 번역의 정확성을 보증하지 않습니다."
117,5,"2025-01-27","21:26:05","카테시안쎄라퓨틱스(RNAC), FDA 특별 프로토콜 평가 합의 발표","카테시안쎄라퓨틱스(RNAC, Cartesian Therapeutics, Inc. )는 FDA가 특별 프로토콜 평가 합의 발표했다.  27일 미국 증권거래위원회에 따르면 2025년 1월 27일, 카테시안쎄라퓨틱스(증권코드: RNAC)는 자사의 주요 mRNA 세포 치료 후보인 Descartes-08에 대한 임상 3상 AURORA 시험의 전반적인 설계에 대해 미국 식품의약국(FDA)으로부터 특별 프로토콜 평가(SPA) 절차에 따른 서면 합의를 받았다.  이 SPA 합의는 FDA가 제안된 시험 설계가 MG에 대한 Descartes-08의 향후 생물학적 라이센스 신청을 지원하기에 적합하다고 판단했음을 나타낸다.  카르스텐 브룬 박사는 “이 SPA 합의는 MG에 대한 Descartes-08 개발의 중요한 이정표로, 중요한 규제 명확성과 잠재적승인으로 가는 명확한 경로를 제공한다”고 말했다.  Descartes-08은 MG 환자에서 깊고 지속적인 개선을 관찰한 2b상 결과에 힘입어,사전 화학요법 없이 편리한 외래 환자 환경에서 제공될 수 있는 의미 있는 새로운 치료법이 될 가능성이 있다.  AURORA 시험은 100명의 AChR Ab+ MG 환자를 대상으로 Descartes-08과 위약을 비교하는 무작위 이중 맹검 위약 대조 시험으로 설계되었으며, 주요 평가 지표는 4개월 차에 MG-ADL 점수가 3점 이상 개선된 Descartes-08 참가자의 비율을 평가한다.  2024년 12월, 카테시안쎄라퓨틱스는 MG 환자를 대상으로 한 Descartes-08의 2b상 시험에서 긍정적인 업데이트 결과를 발표했다.  Descartes-08 치료를 받은 참가자들은 4개월 차에 평균 5.5(±1.1)의 MG 일상생활 활동(MG-ADL) 감소를 경험했으며, 이전에 보고된 데이터와 일치하게 Descartes-08은 잘 견딜 수 있는 것으로 나타났다.  MG는 만성 자가면역 질환으로, 근육 약화와 피로를 유발하며, 현재 치료법은 면역억제제를 필요로 한다.  Descartes-08은 자가면역 질환 치료를 위한 mRNA 세포 치료를 선도하는 카테시안쎄라퓨틱스의 주요 자산으로, MG 및 전신성 루푸스에 대한 임상 개발이 진행 중이다.  카테시안쎄라퓨틱스는 FDA로부터 MG 치료를 위한 고아약 지정 및 재생의학 첨단 치료 지정도 받았다.  카테시안쎄라퓨틱스는 자가면역 질환 치료를 위한 mRNA 세포 치료를 선도하는 임상 단계 회사로, Descartes-08은 현재 2b상 임상 개발 중이다.이 회사는 또한Descartes-15라는 차세대 자가면역 치료제를 개발하고 있다.  이 보도자료에 포함된 미래 예측 진술은 카테시안쎄라퓨틱스의 향후 기대, 계획 및 전망에 대한 것으로, 실제 결과는 다양한 중요한 요인으로 인해 달라질 수 있다.투자자 연락처는 메간 르듀크, 미디어 연락처는 데이비드 로젠이다.  ※ 본 컨텐츠는 AI API를 이용하여 요약한 내용으로 수치나 문맥상 요약이 컨텐츠 원문과 다를 수 있습니다. 해당컨텐츠는 투자 참고용이며 투자를 할때는 컨텐츠 원문을 필히 필독하시기 바랍니다. 원문URL(http://www.sec.gov/Archives/edgar/data/1453687/000145368725000050/0001453687-25-000050-index.htm)  데이터투자 공시팀 pr@datatooza.com  이 기사는 투자 참고용으로 이를 근거로 한 투자 손실에 대해 책임을 지지 않습니다. 해당 기사는 이데일리와 무관합니다. 기사는 데이터투자(www.datatooza.com)가 제공한 것으로 저작권은 데이터투자에 있습니다. 기사 내용 관련 문의는 데이터투자로 문의하시기 바랍니다.    ＜ⓒ종합 경제정보 미디어 이데일리 - 무단전재 & 재배포 금지＞    "
117,6,"2025-01-27","21:26:02","소파이테크놀러지스(SOFI), 2024년 4분기 순수익 734백만 달러 및 순이익 332백만 달러 보고","소파이테크놀러지스(SOFI, SoFi Technologies, Inc. )는 2024년 4분기 순수익이 734백만 달러였고 순이익이 332백만 달러로 보고됐다.  27일 미국 증권거래위원회에 따르면 2025년 1월 27일, 소파이테크놀러지스는 2024년 12월 31일로 종료된 3개월 및 연간재무 결과를 발표했다.  2024년 4분기 동안 총 순수익은 734.1백만 달러로, 전년 동기 대비 19% 증가했다.조정된 순수익은 739.1백만달러로, 전년 동기 대비 24% 증가했다.2024년 전체 순수익은 2,674.9백만 달러로, 전년 대비 26% 증가했다.조정된 순수익은 2,606.2백만 달러로, 전년 대비 26% 증가했다.  4분기 동안 순이익은 332.5백만 달러에 달했으며, 희석 주당 순이익은 0.29달러였다.  비일회성세금 관련 혜택을 조정한 후 조정된 순이익은 61.0백만 달러로, 조정된 희석 주당 순이익은 0.05달러였다.2024년 전체 순이익은 498.7백만 달러였으며, 희석 주당 순이익은 0.39달러였다.  비일회성 세금 관련 혜택을 조정한 후 조정된 순이익은 227.2백만 달러로, 조정된 희석주당 순이익은 0.15달러였다.4분기 조정된 EBITDA는 198.0백만 달러로, 전년 동기 대비 9% 증가했다.2024년 전체 조정된 EBITDA는 666.5백만달러로, 전년 대비 54% 증가했다.모든 세그먼트는 2024년에 기록적인 기여 이익을 달성했다.  4분기 동안 회원 수는 785천 명으로 증가했으며, 총 회원 수는 1,012.7만 명에 달했다.2024년 동안 제품 수는 1.1백만 개가 추가되어 총 1,474.5만 개에 이르렀다.  소파이의금융 서비스 부문은 4분기 동안 256.5백만 달러의 순수익을 기록했으며, 이는 전년 동기 대비 84% 증가한 수치다.  2024년 전체 금융서비스 부문 순수익은 821.5백만 달러로, 전년 대비 88% 증가했다.  소파이의 대출 플랫폼 비즈니스는 4분기 동안 63.2백만 달러의 대출 플랫폼 수수료를 생성했으며, 이는 11억 달러의 개인 대출 볼륨에 의해 주도되었다.  2025년에는 조정된 순수익이 32억에서 32.75억 달러에 이를 것으로 예상되며, 이는 전년 대비 23%에서 26%의 성장률에 해당한다.  또한, 조정된 EBITDA는 8억 45백만에서 8억 65백만 달러로 예상되며, 조정된 순이익은 2억 85백만에서 3억 5백만 달러에 이를 것으로 보인다.소파이는 2025년 동안 최소 280만 명의 신규 회원을 추가할 계획이다.  ※ 본 컨텐츠는 AI API를 이용하여 요약한 내용으로 수치나 문맥상 요약이 컨텐츠 원문과 다를 수 있습니다. 해당 컨텐츠는 투자 참고용이며 투자를 할때는 컨텐츠 원문을 필히 필독하시기 바랍니다. 원문URL(http://www.sec.gov/Archives/edgar/data/1818874/000181887425000006/0001818874-25-000006-index.htm)  데이터투자 공시팀 pr@datatooza.com  이 기사는 투자 참고용으로이를 근거로 한 투자 손실에 대해 책임을 지지 않습니다. 해당 기사는 이데일리와 무관합니다. 기사는 데이터투자(www.datatooza.com)가 제공한 것으로 저작권은 데이터투자에 있습니다. 기사 내용 관련 문의는 데이터투자로 문의하시기 바랍니다.    ＜ⓒ종합 경제정보 미디어 이데일리 - 무단전재 & 재배포 금지＞    "
117,7,"2025-01-27","21:25:50","업데이트 1- 간 질환 치료제 중간 임상시험 예비 결과 발표 후 아케로 주가가 두 배로 뛰었습니다.","UPDATE 1-Akero shares double after preliminary results from mid-stage trial for liver disease drug   1월 27일(로이터) - 간 질환의 일종인 간 질환을 앓고 있는 환자들이 간 질환의 악화 없이 장기의 흉터를 회복하는 데 도움을 주는 선도적인 약물을 개발했다는 소식에 월요일 개장 전 주가가 106% 상승한 Akero Therapeutics의 주가가 큰 기대를 모았습니다.  실험용 약물인 에프루시퍼민은 대사 기능 장애 관련 지방간염(MASH)으로 알려진 일종의 지방간 질환으로 인한 흉터 환자를 대상으로 연구 중입니다.  이 임상시험에서 50밀리그램 용량의 약물을 투여한 환자의 39%가 간경변 또는 간 흉터가 회복되었고, 위약을 투여한 환자의 15%는 MASH가 악화되지 않은 것으로 나타났습니다.  이는 생검으로확인된 보상성 간경변증을 앓고 있는 소외된 환자 집단에서 수십억 달러 규모의 잠재적 기회를 의미 있게 지원할 수 있는 최초의 성공적인 임상시험이라고 씨티의 애널리스트 조나단 우는 말합니다.  미국 간 재단에 따르면 이전에 NASH 또는 비알코올성 지방간염으로 알려졌던 MASH는 미국 성인의 약 5%가 앓고 있어 환자 수가 많은 편입니다.                    (Reporting by Sriparna Roy in Bengaluru; Editing by Krishna Chandra Eluri and Mrigank Dhaniwala)  Sriparna.Roy@thomsonreuters.com     (c) Copyright Thomson Reuters 2020. Click For Restrictions - https://agency.reuters.com/en/copyright.html        Keywords: AKERO-STOCKS/ (UPDATE 1)   원문 바로가기    DISCLAIMER  레피니티브의 사전, 서면 승인 없는 톰슨로이터 콘텐츠의 재생산이나 재배포는 금지되어 있습니다. 이 기사의 한국어 번역은 에프앤가이드가 사용하는 기계적 번역에 의한 것으로 톰슨로이터와 레피니티브는 번역의 정확성을 보증하지 않습니다."
118,1,"2025-01-27","21:16:38","아틀라스 에너지, 모저 에너지 시스템즈 2억 2천만 달러에 인수","Atlas Energy to acquire Moser Energy Systems for $220 million  1월 27일(로이터) - 유전 서비스 회사 Atlas Energy Solutions는 월요일에 2억 2천만 달러 상당의 현금 및 주식 거래를통해 개인 소유의 Moser Energy Systems를 인수할 것이라고 발표했습니다.  1억 8천만 달러의 현금과 약 170만 주의 Atlas 보통주로 구성된 이번 거래는 2025년 1분기 말 이전에 완료될 예정이며, 즉시 수익이 증가할 것으로 예상됩니다.  이번 인수로 Atlas는 고객 기반을 확대하고 중요한 전력 서비스 제품을 추가함으로써 페름기 분지에서의 핵심 사업을 강화할 수 있을 것으로 기대된다고 회사 측은 밝혔습니다.  Atlas는 인수한 자산으로 2025년 조정된 핵심 수익이 4,000만~4,500만 달러에 달할 것이라고 밝혔습니다.  Moser Energy Systems는 유전 서비스, 상업, 산업 및 군사용 애플리케이션을 위한 에너지 솔루션을 제공합니다.  이 회사의 서비스에는 플레어를 줄이기 위해 미가공 천연가스를 활용하는 유전 발전기 시스템 개발이 포함됩니다.  2023년 초 17억 5천만 달러의 가치로 미국 주식 시장에 데뷔한 텍사스 주 오스틴에 본사를 둔 Atlas Energy는 최근 종가 기준으로 시가 총액이 26억 4천만 달러에 달합니다.              (Reporting by Pooja Menon in Bengaluru; Editing by Tasim Zahid)  Pooja.Menon@thomsonreuters.com     (c) Copyright Thomson Reuters 2020. Click For Restrictions - https://agency.reuters.com/en/copyright.html        Keywords: MOSER ENERGY-M&A/ATLAS ENERGY SOL   원문 바로가기    DISCLAIMER  레피니티브의 사전, 서면 승인 없는 톰슨로이터 콘텐츠의 재생산이나 재배포는 금지되어 있습니다. 이 기사의 한국어 번역은 에프앤가이드가 사용하는 기계적 번역에 의한 것으로 톰슨로이터와 레피니티브는 번역의 정확성을 보증하지않습니다."
118,2,"2025-01-27","21:16:26","버즈 탑 오브 더 스트리트: BAT, 다이렉트 라인, 지보단, LVMH, 르그랑, 네메첵","BUZZ-Top of the Street: BAT, Direct Line, Givaudan, LVMH, Legrand, Nemetschek  오늘 아침 유럽 최고 순위* 애널리스트들의 주목할 만한 브로커 활동을 정리했습니다:     ** UBS는 BAT의 벨로 니코틴 파우치가 새로운 카테고리의 매출 성장을 가속화하여 그룹의 2026년 전망을 달성할 것으로 기대하면서 브리티시 아메리칸 토바코의 투자의견을 '중립'에서 '매수'로 상향 조정했습니다.  ** UBS, 영국 자동차 보험사 다이렉트 라인에 대한 투자의견을 '매수'에서 '중립'으로 하향 조정한 이유는 Aviva의 제안이 다이렉트 라인의 가치를 구체화했기 때문입니다.  ** 스위스 향료 및향료 제조업체인 Givaudan의 주가가 상승할 기회를 제공할 것이라며 투자의견을 '중립'에서 '비중확대'로 상향 조정한 JP모건, 탑라인과 긍정적인 EPS 모멘텀, 새로운 대차대조표 옵션에 대한 시장의 평가가 이루어질 것으로 기대  ** 모건스탠리, 프랑스 명품 대기업 LVMH의 투자의견을 '비중확대'에서 '비중확대'로 상향 조정, 2025년 LVMH가 여러 도전에 직면하겠지만 최근 몇 주 동안 전망이 크게 개선됐다고 밝혔다.  ** 애널리스트들이 동종업체 대비 낮은 유기적 성장률과 마진 확대 부족을 지적하며 프랑스의 전기 및 디지털 빌딩 인프라 그룹 Legrand의 투자의견을 '보유'에서 '실적 미달'로 하향 조정했습니다.  ** 골드만삭스, 독일 소프트웨어 개발업체 네메첵의 유기적 성장 프로필에 긍정적인 변곡점을 발견하고 투자의견을 '중립'에서 '매수'로 상향 조정했습니다.     (* 톰슨 로이터 스타마인의 애널리스트 순위입니다. 별 1부터 별 5까지이며 5가 최고입니다. 애널리스트의 순위는 수익 정확도와 직전 12개월 및 24개월 동안의 상대적 추천 성과에 따라 결정됩니다.)        (Reporting by Anna Chaberska and Elviira Luoma)  Elviira.luoma@thomsonreuters.com        (c) Copyright Thomson Reuters 2020. Click For Restrictions - https://agency.reuters.com/en/copyright.html   원문 바로가기    DISCLAIMER  레피니티브의 사전, 서면 승인 없는 톰슨로이터 콘텐츠의 재생산이나 재배포는 금지되어 있습니다. 이 기사의 한국어 번역은 에프앤가이드가 사용하는 기계적 번역에 의한 것으로 톰슨로이터와 레피니티브는 번역의 정확성을 보증하지 않습니다."
118,3,"2025-01-27","21:16:10","BUZZ-AUD/USD-미국 달러 하락이 리스크 오프에 미치는 영향","BUZZ-AUD/USD-US dollar dive tempers risk-off influences  AUD / USD는 아시아에서 0.6315-0.6277, 유럽 오전, 뉴욕은 0.6300 근처에서 거래되었습니다.   리스크 오프가 밤사이 하락을 주도하여 주식, 원자재, AUD/JPY가 하락했습니다.   미국 수익률, 미 달러화 하락으로 AUD/USD가 밤사이 최저치에서 반등했습니다.   뉴욕 초기 거래에서 쌍은 -0.20 % 만 하락하여 기술 징후가 혼조세를 보였습니다.   일일 RSI는 하락하고 있지만 월간 RSI는 상승, 월간 강세장 유지   55-DMA 및 일일 구름 기반 아래 쌍이지만 일일 불 해머가 형성되었습니다.   AUD/USD 강세가 주도권을 되찾기 위해서는 0.6330/40 구간을 돌파해야 할 것 같습니다.   미국 12월 신규 주택 판매, 1월달라스 연준 제조업 지수는 뉴욕의 데이터 리스크입니다.   자세한 내용을 보려면                     (크리스토퍼 로마노는 로이터 시장 분석가입니다. 표현된 견해는 본인의 의견입니다.)  christopher.romano@thomsonreuters.com        (c) Copyright Thomson Reuters 2020. Click For Restrictions - https://agency.reuters.com/en/copyright.html   원문 바로가기    DISCLAIMER  레피니티브의 사전, 서면 승인 없는 톰슨로이터 콘텐츠의 재생산이나 재배포는 금지되어 있습니다. 이 기사의 한국어 번역은 에프앤가이드가 사용하는 기계적 번역에 의한 것으로 톰슨로이터와 레피니티브는 번역의정확성을 보증하지 않습니다."
118,4,"2025-01-27","21:15:56","[속보]서산 지곡면 29번 국도서 통근버스 9중 추돌…2명 중상","27일 오후 7시32분께 충남 서산시 지곡면 환성리 29번 국도에서 9중 추돌사고가 나 현장에 출동한 구급대가 사고 수습에 나서고 있다.[서산소방서 제공]     [헤럴드경제=이명수 기자] 27일 충남 서산시 지곡면 환성리 29번 국도에서 출퇴근버스 9대가 연쇄 충돌했다.   서산소방서에 따르면 이날 오후 7시32분께 HD현대오일뱅크 통근버스가 빙판길에 미끄러지면서 전도돼 이를 뒤따르던 한화토탈에너지스 통근버스 5대와 HD현대오일뱅크 통근버스 3대가 잇따라 충돌했다.   곧바로 사고 현장에 출동한 소방당국은 구급차 등 27대와 대원 등 80여명을 투입해 수습 중이다.   현재까지 중상자 2명, 경상자는 40여명이 발생한 것으로 알려졌다.   경찰은 사고 수습이 완료되는 대로 정확한 사고 경위 등을 조사할 계획이다."
118,5,"2025-01-27","21:15:47","김동연 ""윤 구속기소...정권 교체 위해 민주당 국민 신뢰 회복 꼭 필요""","[수원=뉴스핌] 박승봉 기자 = 김동연 경기도지사는 27일 MBC 라디오 '권순표의 뉴스하이킥'에 출연해 '尹 구속 기소...조기 대선 어떻게전망하나'라는 주제로 심도 있는 의견을 피력했다.   김동연 경기도지사가 27일 MBC 뉴스하이킥에 출연해 조기 대선등에 대해 인터뷰를 하고 있다. [사진=MBC 뉴스하이킥]  김 지사는 이날 뉴스하이킥에 출연해 다보스에서의 초청 관련 발언을 포함해 한국 경제에 대한우려도 드러냈다.  그는 자신이 한국을 대표해 다보스 세계경제포럼에 참석한 고위직 중 유일한 정치인이라고 강조하며 'Trust in Korea'라는 메시지를 담은 명함을 전달했다고 설명했다.  김 지사는 현재 한국 경제가 매우 어려운 상황에 있으며 '윤석열 쇼크'와 '트럼프쇼크'가 겹쳤다고 지적했다. 현재 정부의 대응에 대한 비판도 나타냈으며 민생과 경기 회복을 위한 신속한 추경예산 편성을 주장했다. 그는또한 수출 방파제를 쌓고 기업 지원을 위한 긴급 조치를 취해야 한다고 덧붙였다.  김 지사는 정부 여당의 반대 속에서도 추경 편성이필요하다고 강조했다. 특히 그는 건전 재정이라는 명목 아래 긴축 재정이 이어져 왔다고 비판하며 경제 상황을 극복하기 위해 신속한 협의가필요하다고 말했다.  최상목 권한대행의 행정 행위에 대해서도 도지사는 안타까운 마음을 표하며 잘못되고 있다고 평가했다. 그는 경제부총리의 역할에 대해 중요한 조치를 신속히 취해야 하며.과감한 리더십을 발휘해야 한다고 했다.  또한 현재 진행 중인 탄핵 절차에 따른 정치적 불확실성을 제거해야 한다면서 빠른 탄핵 인용이 이뤄져야 한다고 주장했다. 그는 사법 질서의 안정이 뒷받침되면 경제 회복이 가능하다고 강조했다.  김 지사는 민주당이 국민 신뢰를 잃고 있다며 성찰과 반성이 필요하고 다양한 의견이 필요하다고 말했다. 정권 교체의 필요성을 언급하며 민주당이 경직된 구조에서 벗어나야 한다고 주장했다.  그는 이런 민심이 따라오고 있는지에 대해서 '성찰해야 된다'고 직언했다.  그러면서 김 지사는 ""당내에서 다양한 목소리가 나와서 단단한 민주주의가 있는 것을 보여주면서 수권정당으로서의 역량을 보여줘야 된다. 지금 상황에서 만약에 불법 계엄과 내란을 주도한 대통령을 만든 당이 다시 정권을 창출한다고 하면 이건 세계적인 웃음거리다""고 꼬집어 말했다.   김동연 경기도지사가 27일 MBC 뉴스하이킥에 출연해 조기 대선등에 대해 인터뷰를 하고 있다. [사진=MBC 뉴스하이킥]  그렇기 때문에 ""정권교체는 반드시 필요한 것이다. 민주당이 그러한 것을 하기 위해 자기 성찰과 반성 또 다양한 목소리를 한데 모으면서 건전한 경쟁, 그리고 수권정당으로서의 역량, 이런 것들을 보여주는 것이 필요하다""고 주장했다.  끝으로 그는 정권 교체가 필요하며 이를 위해 자신의 역할을 다 하겠다고 강조했다. 이러한 점에서 민주당이 국민의 신뢰를 회복할 수 있는 방안을 모색해야 한다고 말했다.  1141world@newspim.com            저작권자(c) 글로벌리더의 지름길 종합뉴스통신사 뉴스핌(Newspim), 무단 전재-재배포 금지"
118,6,"2025-01-27","21:15:46","BUZZ-스위스 프랑, 위험 회피 심리에 USD 대비 5주 최고치 상승","BUZZ-Swiss franc rises to five-week high vs USD on risk aversion  안전자산 수요로 0.8967 EBS까지 하락한 USD/CHF, 위험회피성향 재부각   중국의 AI 추진이 대기업을 흔들면서 나스닥 선물이 폭락합니다 (   0.8967은 12월 23일 이후 가장 낮은 수준입니다(당일 EBS 최저치는 0.8929).   유로 대비 프랑도 강세, EUR / CHF는 0.9429 EBS 최저치로 하락했습니다.   금요일 EUR/ CHF는 5개월래 최고치인 0.9515를 기록했습니다(   CFTC 데이터에 따르면 1월 21일까지 한 주 동안 CHF 순매도 계약이 8% 증가했습니다.      (로버트 하워드는 로이터 시장 분석가입니다. 표현된 견해는 본인의 의견입니다)  robert.howard@thomsonreuters.com        (c) Copyright Thomson Reuters 2020. Click For Restrictions - https://agency.reuters.com/en/copyright.html   원문 바로가기    DISCLAIMER  레피니티브의 사전, 서면 승인 없는 톰슨로이터 콘텐츠의 재생산이나 재배포는 금지되어 있습니다. 이 기사의 한국어 번역은 에프앤가이드가 사용하는 기계적 번역에 의한 것으로 톰슨로이터와 레피니티브는 번역의 정확성을 보증하지 않습니다."
118,7,"2025-01-27","21:15:11","루카셴코, 벨라루스 대선 득표율 86.82%로 7연임 성공","루카셴코, 벨라루스 대선 득표율 86.82%로 7연임 성공  집권기간 36년으로 5년 연장…불공정 선거 서방 비판 일축       (모스크바=연합뉴스) 최인영 특파원 = '유럽의 마지막 독재자'로 불리는 알렉산드르 루카셴코 벨라루스 대통령이 87%에 육박하는 득표율로 7연임에 성공했다.      벨라루스 벨타 통신에 따르면 이고리 카르펜코 벨라루스 중앙선거관리위원장은 27일(현지시간) 루카셴코 대통령이 전날 열린 대통령 선거 잠정 개표 결과 513만6천293표를 획득해 승리했다고 밝혔다.      득표율은 86.82%에 달한다. 다른 4명의 후보는 1∼3%대 득표율에 그쳤다.      이에 따라 루카셴코 대통령은 1994년 옛 소련에서 독립한 벨라루스의 초대 대통령으로 당선된 이후 7선에 성공, 총집권 기간을 2030년까지 36년으로 늘렸다. 유럽 최장수 지도자다.      그는 2차례 넘게 대통령직을 수행할 수 없도록 규정한 헌법 조항을 2004년 국민투표로 폐지해 종신집권의 길을 열었다.      서방은 이번 벨라루스 대선에 공정성이 결여됐다며 루카셴코 대통령의 당선이 무의미하다고 비판했다. 주요 야당 인사들이 감옥에 있거나 해외로 망명했다는 이유에서다.      유럽연합(EU)은 전날 카야 칼라스 외교안보 고위대표와 마르타 코스 확장·동유럽 담당 집행위원 명의의 공동 성명에서 ""벨라루스에서 오늘의 가짜 선거는 자유롭지도 공정하지도 않다""고 지적했다.      하지만 루카셴코 대통령은 이날 상하이협력기구(SCO) 선거 참관단을 만난 자리에서 이번 대선을 참관하고자 하는 모든 사람에게 초대장을 보냈지만, 유럽안보협력기구(OSCE)는 이를 거부하고 오지 않았다고 비난했다.      그는 독립국가연합(CIS) 대선 참관위원장을 맡은 세르게이 레베데프 CIS 사무총장과 만난 자리에서는 ""모든 것을 민주적으로 수행하려고노력했다""면서 이번 선거가 공정하게 치러졌다는 점을 강조했다.      루카셴코 대통령은 전날 기자회견에서는 ""서방에 대해서는 전혀 신경 쓰지 않는다""며 ""벨라루스는 유럽연합(EU)과 대화할 용의가 있지만당신들 앞에 굴복하거나 무릎을 꿇지는 않을 것""이라고 말했다.      블라디미르 푸틴 러시아 대통령, 시진핑 중국 국가주석, CIS 국가 정상들은 루카셴코 대통령에게 축하 메시지를 전했다.      푸틴 대통령은 이날 루카셴코 대통령에게 전화 통화로도 대선 승리를 축하하고 향후 양국 간 일정을 논의했다.      드미트리 페스코프 크렘린궁 대변인은 이날 브리핑에서 ""벨라루스의 이번 선거가 절대적으로 합법적이고 잘, 투명하게 진행됐다고 믿는다""고 밝혔다. 또 벨라루스 대선에 대한 서방의 반응은 예상할 수 있는 일이었다고 덧붙였다.      루카셴코 대통령은 2020년 대선에서도 80%대 득표율로 6연임에 성공했으나 불법·편법 선거 논란에 대규모 야권 시위와 소요 사태가 벌어지면서 퇴진 위기에 몰렸다.      이에 루카셴코 대통령은 수만 명의 시위대를 구금하는 등 강경 진압으로 대응했다. 올해 대선은 당초 8월로 예정됐었으나 대규모 길거리시위 가능성을 낮추기 위해 추운 겨울인 1월로 앞당겼다는 의혹도 있다.       푸틴 대통령의 정치·군사·경제적 지원을 받는 루카셴코 대통령은 러시아의 우크라이나 '특별군사작전'도 전폭적으로 지지하고 있다.      abbie@yna.co.kr  (끝)     <저작권자(c) 연합뉴스, 무단 전재-재배포, AI 학습 및 활용 금지>"
119,1,"2025-01-27","21:07:56","‘기자 폭행·카메라 파손’ 서부지법 시위자 1명 구속…총 63명 구속","윤석열 대통령의 구속영장 발부에 반발해 언론사 기자를 폭행한 혐의를 받는 피의자가 구속됐다. 서부지법 이승은 판사는 27일 강도상해 혐의를 받는 A씨에 대한 구속 전 피의자 심문(영장실질심사) 을 연 뒤 “도주 우려가 있다”며 구속영장을 발부했다. A씨는 지난 19일 서울서부지법이 윤 대통령 구속영장을 발부하자 언론사 소속 기자를 폭행해 상해를 입히고 장비를 손상시킨 혐의를 받는다. 이날까지 서부지법 사태로 구속된 인원은 A씨를 포함해 총 63명으로 늘었다.    [ⓒ 매일경제 & mk.co.kr, 무단 전재, 재배포 및 AI학습 이용 금지]"
119,2,"2025-01-27","21:07:29","비콘 루핑 인수를 위해 적대적 M&A에 나선 QXO","QXO goes hostile in bid to buy Beacon Roofing  1월 27일(로이터) - 월요일 QXO는 건축 제품 유통업체가 제안을 거절하자 Beacon Roofing Supply의 주주들에게 주당 124.25달러의 전액 현금으로 인수 제안을 했습니다.     (Reporting by Anshuman Tripathy in Bengaluru; Editing by Shounak Dasgupta)  Anshuman.Tripathy@thomsonreuters.com     (c) Copyright Thomson Reuters 2020. Click For Restrictions - https://agency.reuters.com/en/copyright.html        Keywords: BEACON ROOFING-M&A/QXO (URGENT)   원문 바로가기    DISCLAIMER  레피니티브의 사전, 서면 승인 없는 톰슨로이터 콘텐츠의 재생산이나 재배포는 금지되어 있습니다. 이 기사의 한국어 번역은 에프앤가이드가 사용하는 기계적 번역에 의한 것으로 톰슨로이터와 레피니티브는 번역의 정확성을 보증하지 않습니다."
119,3,"2025-01-27","21:07:28","업데이트 1-미국 원자력 발전소 정전 현황","UPDATE 1-U.S. nuclear power plant outages   1월 27일(로이터) - 다음 표에는 미국 원자력규제위원회의 일일 데이터에 따라 미국의 총 원자력 발전 용량과 계획된 및 계획되지 않은 이유로 인해 가동이 중단된 용량이 나와 있습니다.     총 용량 ......... 96,986 MW  오늘 총량 ........ 2,827MW (3%)  전일 총량 .................. 2,712MW (3%)  전년 동기 대비 합계 ......................  7,051 MW (7%)  5년 평균 ...................... 4,946 MW (5%)  전년 동기 대비 변화율 ............ -59.9%  5년 평균 대비 변화율 ............ -42.9%  현재 정전    UNIT  운영자  MW  상태  SHUT  다시 시작                      북동부(NPCC)                  PJM                                     중대륙                                     동남(SOUTHEAST)                  와트 바 1  TVA  1,123  TN  2025년 1월 17일  1월 31일   세콰야 2  TVA  964  TN  2024년 7월 31일  1월 31일                      SPP                                     ERCOT                                     WEST(WECC)                  *: 목록에 새로운 정전 또는 정전 목록에 새로운 정보가 추가되었습니다.        (Reporting by Bengaluru Commodities Desk)  BLRCEEditorial@thomsonreuters.com        (c) Copyright Thomson Reuters 2020. Click For Restrictions - https://agency.reuters.com/en/copyright.html   원문 바로가기    DISCLAIMER  레피니티브의 사전, 서면 승인 없는 톰슨로이터 콘텐츠의 재생산이나 재배포는 금지되어 있습니다. 이 기사의 한국어 번역은 에프앤가이드가 사용하는 기계적 번역에 의한 것으로 톰슨로이터와 레피니티브는 번역의 정확성을 보증하지 않습니다."
119,4,"2025-01-27","21:07:17","표-미국 오프라인 원자력 발전 용량이 월요일에 2,827MW로 증가했습니다.","TABLE-U.S. nuclear power generation capacity offline rises to 2,827 MW on Monday  1월 27일(로이터) - 다음 표에는 미국 원자력규제위원회의 일일 데이터에 따라 미국의 총 원자력 발전 용량과 계획된 및 계획되지 않은 이유로 인해 가동이 중단된 용량이 나와 있습니다.  총 용량 ......... 96,986 MW  오늘 총량 ........ 2,827MW (3%)  전일 총량 .................. 2,712MW (3%)  전년 동기 대비 합계 ......................  7,051 MW (7%)  5년 평균 아웃 ...................... 4,946 MW (5%)  전년 동기 대비 변화율 ............ -59.9%  5년 평균 대비 변화율 ............ -42.9%     (Reporting by Bengaluru Commodities Desk)  BLRCEEditorial@thomsonreuters.com        (c) Copyright Thomson Reuters 2020. Click For Restrictions - https://agency.reuters.com/en/copyright.html   원문 바로가기    DISCLAIMER  레피니티브의 사전, 서면 승인 없는 톰슨로이터 콘텐츠의 재생산이나 재배포는 금지되어 있습니다. 이 기사의 한국어 번역은 에프앤가이드가 사용하는 기계적 번역에 의한 것으로 톰슨로이터와 레피니티브는 번역의 정확성을 보증하지 않습니다."
119,5,"2025-01-27","21:07:09","미디어-노무라, 비용 절감을 위해 글로벌 시장 직원 약 10명 감원 - 블룸버그 뉴스","MEDIA-Nomura cuts about 10 global markets staff to trim costs - Bloomberg News  -- 출처 링크: https://tinyl.io/BzW2  -- 참고: 로이터는 이 기사를 확인하지 않았으며, 그정확성을 보증하지 않습니다.     globalnewsmonitoring@thomsonreuters.com        (c) Copyright Thomson Reuters 2020. Click For Restrictions - https://agency.reuters.com/en/copyright.html   원문 바로가기    DISCLAIMER  레피니티브의 사전, 서면 승인 없는 톰슨로이터 콘텐츠의 재생산이나 재배포는 금지되어 있습니다. 이 기사의 한국어 번역은에프앤가이드가 사용하는 기계적 번역에 의한 것으로 톰슨로이터와 레피니티브는 번역의 정확성을 보증하지 않습니다."
119,6,"2025-01-27","21:07:03","김동연, '서부지법 폭동'에 ""자고 나니까 테러국 됐다""","- 27일 MBC라디오 '권순표의 뉴스하이킥' 출연 - ""서부지법 난입 사주 내지 옹호한 정치인 퇴출시켜야"" - 최 권한대행에 대해서는 ""안쓰럽고 안타깝다"" 평가 - ""관료 틀 벗어나기 쉽지 않아. 소신껏 여러 조치 해야""  [이데일리 황영민 기자] “자고 나니까 테러국이돼버렸다.” 윤석열 대통령에 대한 구속영장 발부 후 벌어진 ‘서울서부지법 폭동’을 일컬은 김동연 경기도지사의 말이다.     27일 오전 경기도청 재난안전상황실에서 김동연 경기도지사가 대설 대처상황 점검을 하고 있다.(사진=경기도)  김동연 지사는 27일 MBC 라디오 ‘권순표의 뉴스하이킥’에 출연해 “제가 다보스에 있는 기간 중 서부지법 난동 사건이 있었다. 이걸 보고 많은 (세계) 지도자들이 너무나 경악했다”며 이같이 밝혔다.  김 지사는 “서부지법 난입 사건 같은 경우는 대한민국 사법에대한 정치적인 테러다. 자고 일어나니까 후진국이 아니라 자고 나니까 테러국이 돼버렸다”며 “그렇기 때문에 윤석열 대통령에 대한 탄핵 인용은 빠른 시간에 나와야 된다. 내란 수사도 정해진 이 사법 절차에 따라서 흔들림 없이 가야 된다”고 강조했다.  그는 이어 “그리고 그런 과정에서 예를 들어서 서부지법 난입을 사주 내지는 옹호 내지는 선처를 호소한 이런 정치인들 우리 정치권에서 퇴출시켜야 한다고 생각한다”고도 했다.  김동연 지사는 최상목 대통령 권한대행 부총리 겸 기획재정부 장관에 대해서는 “안타깝고 좀 안쓰럽다”면서 “두 번째는 잘 못하고 있다고 생각한다”고 평가했다.  김 지사는 “어쨌든 경제부총리도 부총리지만 대통령 권한대행”이라며 “대한민국을 바로 세울 것이냐 아니면 그렇지 않을 것이냐의 기로에서 우리 최상목 부총리가 또 권한대행이 담대하고 소신껏 여러 가지 조치를 해야한다고 생각한다”고 말했다.  최 권한대행의 한계에 대한 부분도 짚었다. 김 지사는 “제가 기획재정부 차관할 적에 최상목 지금 대행이 경제정책국장을 했다. 아주 훌륭한 후배고 능력도 있는 친구다. 다만 경제 관료다. 이와 같은 의사결정은 사실은 경제 관료가 쉽게 내리기 어렵다”고 분석했다.  그러면서 “대부분의 관료들은 계급이 올라가도 관료의 틀을 벗어나기가 쉽지가 않다”며 “대한민국 민주주의나 자본주의 역사의 흐름, 그리고 지금의 일련의 계엄과 내란 사태로 빚어져서 생기는 혼란의 해결에 있어서 분명한 자기중심을 잡아야 되는데 쉽지는 않은 일이지만 말씀드린 것처럼 소신껏 그리고 미래의 대한민국을 보면서 과단성 있게 나갔으면 좋겠다”고 당부했다.        ＜ⓒ종합 경제정보 미디어 이데일리 - 무단전재 & 재배포 금지＞    "
119,7,"2025-01-27","21:05:57","트럼프가 멘톨 금지 계획을 철회한 후 임페리얼 브랜드가 급등하는 BUZZ-BAT","BUZZ-BAT, Imperial Brands soar after Trump withdraws menthol ban plan  ** BAT 주가 4.3% 상승, 3137p로 FTSE 100 지수에서 최고 상승률 기록  ** 피어 임페리얼 브랜드는 2,693p 로 2.4% 상승하며 거의 6년 만에 최고치를 기록했습니다.  ** 멘솔 담배를 금지하려는 트럼프 행정부의 FDA 계획  ** 멘솔 담배는담배 업계 전체 미국 시장 점유율의 3분의 1을 차지합니다.  ** UBS도 규제 역풍이 뒤따를 수 있다며 BAT의 투자의견을 '중립'에서 '매수'로 상향 조정했습니다.  ** UBS는 BAT의 새로운 카테고리의 매출 성장 가속화를 위한 업그레이드와 BAT의 ITC 지분 유연성 등을 이유로 꼽았습니다.  ** UBS, BAT PT를 3,000p에서 3,900p로 상향 조정, 새로운 PT는 최대 30%의 상승 여력을 의미합니다.  ** 2023년3월 이후 최고치 기록  ** 13명의 애널리스트 중 8명이 '매수' 이상, 4명이 '보유', 1명이 '매도' 의견을 제시했으며, 평균 PT 3250p - LSEG가 집계한 데이터입니다.  ** 성장에도 불구하고 중국 증기 제조업체의 글로벌 확장은 담배 회사에 도전 과제 - UBS                          (Reporting by Simone Lobo in Bengaluru)  Simone.Lobo@thomsonreuters.com ; +919920570373; ))        (c) Copyright Thomson Reuters 2020. Click For Restrictions - https://agency.reuters.com/en/copyright.html   원문 바로가기    DISCLAIMER  레피니티브의 사전, 서면 승인 없는 톰슨로이터 콘텐츠의 재생산이나 재배포는 금지되어 있습니다. 이 기사의 한국어 번역은 에프앤가이드가 사용하는 기계적 번역에 의한 것으로 톰슨로이터와 레피니티브는 번역의 정확성을 보증하지 않습니다."
120,1,"2025-01-27","21:00:01","멕시코, 12월 무역수지 적자 6억 8,400만 달러 기록","Mexico posts $684 mln s/a trade deficit in December  멕시코시티, 1월 27일 (로이터) - 멕시코는계절적 변동을 조정했을 때 12월에 6억 8400만 달러의 무역 적자를 기록했다고 국가 통계청이 월요일에 발표했습니다.     계절 조정되지 않은 기준으로 멕시코는 25억 6,700만 달러의 무역 흑자를 기록했습니다.     ((멕시코시티 뉴스룸, +52 55 5282-7153, mexicocity.newsroom@reuters.com   원문 바로가기    DISCLAIMER  레피니티브의 사전, 서면 승인 없는 톰슨로이터 콘텐츠의 재생산이나 재배포는 금지되어 있습니다. 이 기사의 한국어 번역은 에프앤가이드가 사용하는 기계적 번역에 의한 것으로 톰슨로이터와 레피니티브는 번역의 정확성을 보증하지 않습니다."
120,2,"2025-01-27","21:00:01","[포토]종합방재대책 현장점검 차 방문한 최 대통령 권한대행","[이데일리 이영훈 기자] 최상목 대통령 권한대행 부총리 겸 기획재정부 장관이 1월 27일 설 연휴 안전분야-종합방재대책 현장점검을 하고자 서울 중구 서울시 종합방재센터를 방문해 화재예방 및 응급환자 이송대책을 점점하고 현황을 청취하고 있다. 사진 제공=기획재정부        ＜ⓒ종합 경제정보 미디어 이데일리 - 무단전재 & 재배포 금지＞    "
120,3,"2025-01-27","21:00:00","“최소 10억은 넘을 줄 알았는데”...분위기 싸늘한 이곳","안산레이크타운푸르지오 84㎡ 10억서 8억대로 수도권 대출 규제 영향에 외곽 부동산 ‘찬바람’   정부가 대출 규제를 강화하면서 수도권 외곽 부동산 시장에 한파가 부는 중이다. 대표적인 지역이 안산이다. 국토교통부 실거래가 공개시스템에 따르면 경기도 안산시 단원구 ‘안산레이크타운푸르지오(1569가구, 2016년 입주)’ 전용 84㎡는 올 1월 8억8500만원에 실거래됐다. 지난해 7월 실거래가(10억4000만원) 대비 1억5000만원가량 떨어진 시세다. 안산시 상록구 ‘그랑시티자이2차(2872가구, 2020년 입주)’ 전용 84㎡ 실거래가도 한때 7억원을 넘어섰지만 최근 6억8000만원 수준으로 떨어졌다. 안산 일대 아파트값이 하락세를 보이는 것은 정부가 대출 규제를 강화하면서 실수요자들이 주택 매수에 부담을 느꼈기 때문이란 분석이다. 정부는 지난해 12월부터 수도권 아파트 디딤돌대출 한도를 줄이기로 했다. 디딤돌대출은 신혼부부 등 무주택자가 5억원 이하 주택을 살 때 최대 2억5000만원을 저금리로 빌려주는 상품이다. 정부는 최근수도권을 대상으로 디딤돌대출 한도를 줄이기로 했다. 앞서 지난해 9월부터는 스트레스 총부채원리금상환비율(DSR) 2단계도 시행됐다. 스트레스 DSR 규제는 금리 변동성을 고려해 스트레스 가산금리를 얹어 대출 한도를 산정하는 규제다. 단계별로 규제를 적용하는데 1단계는 지난해 2월, 2단계는 9월 각각 시행됐다. 오는 7월에는 한층 강화된 스트레스 DSR 3단계도 시행될 예정이다. 부동산 업계 관계자는 “정부가수도권 대출 규제를 강화하면서 투자 수요가 적은 수도권 외곽 지역부터 타격을 받는 분위기”라고 진단했다.    [ⓒ 매일경제 & mk.co.kr, 무단 전재, 재배포 및 AI학습 이용 금지]"
120,4,"2025-01-27","21:00:00","올해도 이 동네는 피할까…2024년 전국서 집값 가장 많이 떨어진 이곳","전국서 집값 가장 많이 떨어진 곳 세종시, 2024년에만 6.4% 하락  2020년에는 정점을 찍었던 세종시 집값이 2021년부터 4년 동안 꾸준히 하락하고 있다. 2023년 하반기부터 2024년 상반기까지 서울·수도권을 중심으로 집값이 반등하던 시점에도 세종시는 하락을 이어갔다. 결국 세종시는 ‘2024년 전국에서 집값이 가장 많이 하락한 지역’이라는 오점을 남겼다. 한국부동산원에 따르면 2024년도 전국 17개 광역시·도 가운데 세종시집값·전셋값 하락률이 가장 컸다. 2020년 한 해 동안 집값이 무려 40% 이상 뛸 정도로 시장이 과열됐지만 이후 줄곧 내리막길을 걷고 있다. 집값 급등기에 몰린 투자자들이 떠나면서 부동산 시장 침체가 지역 경제 전반으로 전이되는 악순환이 이어지고 있다는 분석도 나온다.  한국부동산원에 따르면 2024년 1월 1일부터 12월 4주(23일)까지 세종 아파트값 누적 변동률은 -6.4%, 전셋값 누적 변동률은 -4.9%인 것으로 나타났다. 전국 17개 광역자치단체 중최고 하락폭이다. 지역별로 살펴보면 서울 아파트값은 2024년 4.5% 상승했으며 경기도는 0.6% 상승하는 등 수도권 지역은 대체로 강보합세를나타냈다. 지방은 대체로 하락한 곳이 많기는 했다. 대구(-4.8%), 부산(-2.7%)을 필두로 제주(-2.4%), 광주(-1.3%), 대전(-1.2%), 울산(-0.3%) 등이 모두 하락했다. 그중에서도 세종시는 대구나 부산보다 훨씬 하락폭(-6.4%)이 컸다. 기초자치단체를 살펴봐도 세종시보다 하락률이 높은 곳은 경상남도 거제시(-9.2%) 단 한 곳이다. 2024년 세종시 집값의 또 다른 특징은 1월 1일부터 12월 23일까지 단 한 번도 오름세없이 줄곧 하락했다는 점이다. 9월 4주(23일) 단 한 차례만 보합세(0%)를 기록했을 뿐 나머지 주간은 모두 집값 변동률이 마이너스를 기록했다. 특히 2024년 상반기 하락폭이 컸다. 7월 2주 이전까지는 거의 매주 0.1% 이상 하락했으며, 1월 5주(29일)에는 일주일 변동률이 무려 -0.54%였다. 8월 이후 변동폭이 조금씩 줄기는 했지만 매주 -0.04~-0.09% 수준을 유지하며 2024년을 마무리했다. 워낙 오랜 기간 떨어지기만하다 보니 2020~2021년 급등기 때와 비교하면 대부분 단지는 전고점 대비 60~70%대에 거래되고 있다. 2020년만 해도 세종시 아파트값(주간 조사 누적치)은 연간 42% 넘게 뛰며 전국 상승률 1위를 기록했다. 당시 정치권에서 띄운 행정수도 이전 등 이슈로 투자 수요가 몰린 영향이다. 하지만 2022년 17.4% 하락했고, 2023년 3.9%, 2024년 6.4%가 추가로 떨어졌다. 실제로 세종시 아름동 ‘범지기마을10단지푸르지오(1970가구)’ 전용 84㎡는 최근까지 4억원 미만에 거래되고 있다. 지난 1월 18일에는 4억7500만원(20층)에 실거래됐다. 호가 역시 5억원 미만에 형성된 매물이 많다. 세종시 부동산 열풍이 한창 불던 2020년 12월 한때 7억5500만원에 거래되며 신고가를 썼던 아파트다. 범지기12단지에코타운전용 84㎡는 2024년 10월 5억5400만원(11층)에 거래됐다. 이 단지는 2021년 2월 7억6800만원에 거래됐지만 이후 거래가 거의 꾸준히 하락 중이다. 아름동 A공인중개사사무소 관계자는 “범지기마을은 아름동에서 인기 있는 아파트였지만 요즘 워낙 시장이 침체되면서 매수자를 찾기 어려운 상황”이라며 “단지별로 차이는 있지만 범지기마을1~12단지는 2013~2015년에 입주했다. 이미 준공 10년 차를 넘어 신축 프리미엄이 사라지고 있다는 점 역시 거래에 영향을 주고 있다”고 말했다. 세종시 도담동 내에 위치한 도램마을9단지풍경채센트럴 전용 95㎡는 2020년 11억8500만원에 거래되며 신고가를 썼지만 올 1월에는 2채가 각각 8억500만원(9층), 8억2000만원(15층)에 거래됐다. 지난해 10월 7억7800만원(3층)보다는 조금 올랐지만 전고점과 비교하면 4년 만에 4억원 가까이 하락했다. 2생활권의 새롬동 일대 분위기도 비슷하다. 2017년 6 월 준공한 새롬동 새뜸11단지더샵힐스테이트 전용 84㎡의 경우 지난해 8월 13층 매물이 8억원에 거래됐다. 2021년 5월 10억8000만원에 거래된 것을 고려하면 3년 만에 3억원 가까이 하락했다.  더 큰 문제는 전셋값…수요 없어 회복 난망 세종시 아파트 가격이 몇 년동안 지속적으로 하락하는 이유는 여러 가지다. 우선 세종시는 최근 2년간 신규 분양은 거의 없었다. 하지만 이전까지 워낙 분양이 많았던 탓에 입주 물량은 올해까지 적정 수요(연간 1900가구가량)를 넘어서고 있다. 반면 인구 유입은 예상보다 더디게 진행 중이다. 세종시 인구 계획은 당초 2030년까지 50만명으로 설정됐다. 하지만 현재 인구는 39만명 수준이며 인구 유입이 지속적으로 감소하고 있다. 2024년에는 약3000명 증가에 그친 것으로 예상된다. 인구 유입이 제한적이다보니 전셋값은 하락하고 있다. 한국부동산원 주간 아파트 가격 동향에 따르면 세종시 2024년 전셋값 하락률은 4.9%로 전국 최고 수준이다. 물론 2024년 10월 이후 전셋값이 소폭 회복되긴 했지만 다른 지역과 비교하면 여전히 전세가율(매매 가격 대비 전세가 비율)이 낮은 편이다. 한 부동산 업계 관계자는 “항상 부동산 약세장이 되면 세종시에서는 전셋값이 받쳐주지 않아 매매 시장에 악영향을 미치는 구조가 반복됐다”며 “다른 수도권 지역이나 광역시와 달리 세종시의 경우 전세 수요가 뒷받침되지 않고 있다는 점 역시 매매 가격 하락에 적잖은 영향을 미치고 있다”고 설명했다.    [ⓒ 매일경제 & mk.co.kr, 무단 전재, 재배포 및 AI학습 이용 금지]"
120,5,"2025-01-27","21:00:00","3위는 수리, 2위는 자동차...상담 수요 급증한 생활서비스 1위는?","생활서비스 솔루션 ‘숨고’ 조사 결과 2024년 상담 증가 1위는 ‘법률·금융’  생활서비스 솔루션 ‘숨고’가 지난해 급성장한 생활서비스 분야 ‘톱 5 ’를 공개했다. 숨고는 다양한 분야 서비스 전문가와 고객을 연결하는 매칭 플랫폼이다. 이사·청소·가전 설치부터 인테리어·개인 교습·디자인·컨설팅 등 전문영역까지 커버한다.  이번 조사는 지난해 숨고 플랫폼이 수집한 서비스 요청서 데이터 약 1000만건을 바탕으로 진행됐다. 전년 대비 가장 많이 서비스 요청이 늘어난 분야 1위는 ‘법률·금융’이다. 전년 대비 성장률이 72%에 육박했다. 경기 침체 장기화와 가계 빚 증가로 대출·상환, 채권 추심, 형사 소송, 손해 배상 등 법적 분쟁이 증가한 영향이다. 특히 금융 서비스 중 암 보험과 카드 발급 서비스가 5 배 이상 증가했다. 초고령 사회에 접어들며, 노후 건강과 재정 대비 수요가 늘어났다는 풀이다. 2위는 자동차(44%) 카테고리가 차지했다. 자동차 리스·렌트와 중고차 거래 상담 수요를 비롯해 자동차 광택, 외부 수리 요청도 늘었다. 불황 속 신차 구매의 대안을 찾는 이용자가많았다. 3위는 설치·수리(38%)다. 지난해 호우와 폭설 같은 극단적 기상 변화가 이어지면서 수도 설치·수리와 누수 탐지·공사 서비스수요가 크게 증가했다. 여름철 폭염 속 에어컨 설치 서비스도 늘어난 것으로 나타났다. 뒤를 이어 이사·청소가 4위, 인테리어가 5위를차지했다. 1인 가구 증가로 활발해진 주거 이동 트렌드와 늘어난 홈 인테리어의 관심이 영향을 끼쳤다. 김해성 숨고 최고전략책임자(CSO)는 “이번 숨고 플랫폼 데이터를 통해 소비자 행동과 사회적 흐름 변화를 확인할 수 있었다”며 “경기 불황 속에서 실용 소비 경향이 강화되고, 과거 오프라인에 한정됐던 법률·금융 상담이 온라인 플랫폼에서도 활발히 진행되고 있다”고 설명했다.    [ⓒ 매일경제 & mk.co.kr, 무단 전재, 재배포 및 AI학습 이용 금지]"
120,6,"2025-01-27","21:00:00","“이게 과자야 후추야?”...오뚜기가 내놓은 세 번째 이색 팝콘 정체는","50년 역사 오뚜기 조미료‘순후추’ 이색 시즈닝 팝콘 과자로 재탄생   오뚜기가 이색 팝콘 스낵 시리즈를잇달아 내놓고 있다. 이번엔 ‘순후추’다. 오뚜기는 대표 스테디셀러 ‘순후추’를 팝콘으로 풀어낸 ‘순후추 팝콘’을 선보였다. 지난해 ‘콘크림스프 팝콘’, 카레 출시 55주년 기념으로 만든 ‘오뚜기 카레 팝콘’에 이어 이번이 세 번째 팝콘 스낵이다. 오뚜기는 다양한 요리에 풍미를 더해온 분말 조미료 순후추를 스낵과 결합했다. 신제품 ‘순후추 팝콘’은 순후추 시즈닝을 옥수수콘에 조합한 과자다. 순후추 특유의 알싸하고 매콤한 풍미를 입안 가득 느낄 수 있다. 후추 시즈닝에 어울릴 수 있도록 기존 동그란 형태 팝콘이 아닌, 꽃처럼 넓게 퍼진 ‘버터플라이형 타입’으로 만들었다. 해당 제품은 전국 편의점에서 만나볼 수 있다. 오뚜기가 순후추를 활용해 만든 이색 조합 제품은 이번이 처음이 아니다. 2021년 순후추를 주축으로 만든 ‘순후추라면’, 2023년 선보인 ‘순후추 떡볶이’, 지난해 순후추 출시 50주년을 기념해 선보인 ‘순후추 교자’도 있었다. 오뚜기 관계자는 “오뚜기 대표 제품 순후추를 팝콘과 결합시켜 색다른 미식 경험을 선사하고자 했다. 앞으로도 변화하는 소비자 요구를 고려해서 다양한 이색 신제품을 꾸준히 개발해 나가겠다”고 밝혔다.    [ⓒ 매일경제 & mk.co.kr, 무단 전재, 재배포 및 AI학습 이용 금지]"
120,7,"2025-01-27","21:00:00","상장 예정 코인 슬쩍 알려준다고?…업비트 ‘임직원 사칭’ 사기 주의보","조작된 사원증 보여주며 “도와주겠다” 메신저 대화 내용 유출된 것처럼 꾸며  디지털자산(코인) 투자에 대한 관심이 늘어나며 사이버 사기 우려도 함께커지는 중이다. 최근에는 본인을 업비트 전·현직 임직원으로 사칭하며 불특정 다수에게 접근하는 사기 사례가 포착되기도 했다.  업비트가 공개한 사례에 따르면 최근 한 사칭범은 소셜미디어(SNS)를 통해 조작된 사원증을 게시하며 ‘3년 전 업비트에서 근무한 임직원’을 사칭했다. 사칭범은 본인 사업을 홍보하며 ‘사업 모델 구상을 도와주겠다’는 명목으로 불특정 다수에게 접근했다. 업비트 관계자는 “사원증 사진은 외부에 공개된 바 없고 게시된 사원증은 모두 사칭”이라며 “업비트는 어떤 상황에도 개인 채널을 통해 개인 정보 등을 요구하거나 연락하지 않는다”고 말했다. 코인 상장 정보를 제공하겠다며 현혹하는 경우도 있다. 업비트 현직 임직원을 사칭하고 있는 또 다른 이는 “특정 기간 중 업비트가 상장할 코인 10종을 공개한다”며 PDF 파일을 유포 중인것으로 알려졌다. 사칭범은 특정인 사이 메신저 대화가 유출된 듯 내용을 조작해 특정 코인을 구매하도록 유도하고 있어 각별한 주의가 요구된다. 업비트 측은 “거래 지원과 관련된 모든 내용은 업비트 공지사항을 통해서만 안내하고 있다”며 “임직원이 향후 거래 지원 예정등을 카카오톡 채팅방 등을 통해 직접 안내하지 않는다”고 강조했다. 이어 “업비트 관계자의 말을 인용하는 경우도 확인되지 않은 내용일수 있으니 이용자는 이를 숙지해 자산에 피해를 보는 일이 없도록 주의를 부탁드린다”고 덧붙였다. 업비트는 임직원 사칭 관련 사기 행위를 방지하기 위해 홈페이지로 제보를 받고 있다. 업비트 이용자는 업비트 앱이나 웹사이트 고객센터 ‘1대1 문의하기’ 탭을 통해 ‘업비트 직원·대리인 등 사칭 제보’ 항목을 선택해 신고하면 된다. 이 밖에도 경찰·금융감독원·사이버범죄 신고 포털을 통해서도 투자 사기의심 건을 제보할 수 있다. 업비트는 제보를 통해 확인된 사기 건에 대해서는 법적 대응 등 강력한 조치를 취할 예정이다.    [ⓒ 매일경제 & mk.co.kr, 무단 전재, 재배포 및 AI학습 이용 금지]"
121,1,"2025-01-27","20:48:22","[포토]대통령 권한대행 부총리, 설 연휴 안전관리 현장점검","[이데일리 이영훈 기자] 최상목 대통령 권한대행 부총리 겸 기획재정부 장관이 27일 설 연휴 안전분야-안전관리 현장점검을 하고자 서울 중구 광희지구대를 방문해 안전관리 대책을 점검하고 현황을 청취하고 있다. 사진 제공=기획재정부        ＜ⓒ종합 경제정보 미디어 이데일리 - 무단전재 & 재배포 금지＞    "
121,2,"2025-01-27","20:48:21","업데이트 1-인도 중앙은행, 거버넌스 문제로 아비옴 인도 주택금융 이사회 교체","UPDATE 1-India central bank supersedes board of Aviom India Housing Finance on governance concerns   1월 27일(로이터) - 인도 중앙은행(RBI)은 월요일에지배구조 문제와 지불 의무 불이행으로 인해 아비옴 인도 주택 금융의 이사회를 교체했다고 발표했습니다.  중앙은행은 파산 및 파산 규칙에 따라 주택 금융 회사에 대한 해결 절차를 시작할 것이라고 RBI는 밝혔다.  국영 펀잡 국립 은행의 전 최고 총책임자였던 람 쿠마르가 주택 금융 회사의 관리자로 임명되었습니다.  아비옴 인도 주택 금융은 준도시 지역의 저소득 가구를 대상으로 하며, 공식적인 소득서류가 없는 여성 대출자에게 대출을 제공합니다.  11월에 CRISIL은 유동성 문제와 예상되는 이자 지급 지연으로 인해 아비옴 인도 주택금융의 은행 시설 및 전환 불가능한 사채에 대한 장기 신용등급을 강등했습니다.        (Reporting by Chris Thomas in Bengaluru; Editing by Sonia Cheema)  chris.thomas@thomsonreuters.com     (c) Copyright Thomson Reuters 2020. Click For Restrictions - https://agency.reuters.com/en/copyright.html        Keywords: RESERVE BANK OF INDIA-AVIOM/ (UPDATE 1,PIX)   원문 바로가기    DISCLAIMER  레피니티브의 사전, 서면 승인 없는 톰슨로이터 콘텐츠의 재생산이나 재배포는 금지되어 있습니다. 이 기사의 한국어 번역은 에프앤가이드가 사용하는 기계적 번역에 의한 것으로 톰슨로이터와 레피니티브는 번역의 정확성을 보증하지 않습니다."
121,3,"2025-01-27","20:48:21","[포토]설 연휴 안전분야-안전관리 현장점검","[이데일리 이영훈 기자] 최상목 대통령 권한대행 부총리 겸 기획재정부 장관이 27일 설 연휴 안전분야-안전관리 현장점검을 하고자 서울 중구 광희지구대를 방문해 안전관리 대책을 점검하고 현황을 청취하고 있다. 사진 제공=기획재정부        ＜ⓒ종합 경제정보 미디어 이데일리 - 무단전재 & 재배포 금지＞    "
121,4,"2025-01-27","20:47:46","'기자 폭행' 법원 난동자 1명 추가 구속…""강도상해 혐의""","25년도 나의 증권계좌를 지켜줄 알고리즘은?? 국내최초 알고리즘 종합마켓 앱 한경유레카에서 확인!     서울서부지법난동자 1명 구속   기자 폭행에 촬영 장비 부수기도      윤석열 대통령이 구속된 날 새벽 법원을 습격하고 폭력을 행사한 이들 중 한 명이 경찰에 추가로 구속됐다.   27일 법조계에 따르면 서울서부지법 이승은 판사는 이날 강도상해 혐의를 받는 A시에 대한 구속 전 피의자 심문(영장실질심사)을 열고 ""도주 우려가 있다""면서 구속영장을 발부했다.   A씨는 지난 19일 윤 대통령에 대한 구속영장이 발부된 직후 서울서부지법에서 난동을 부리는 이들을 취재하던 기자를 폭행한 혐의를 받는다. 촬영 장비를 부순 혐의도 적용됐다.   A씨가 구속되면서 지난 18~19일 서울서부지법안팎에서 벌어진 불법행위로 구속된 인원은 63명에 이른다.   김대영 한경닷컴 기자 kdy@hankyung.com     ▶▶[급등종목]◀◀ 지금 ""1,000만원""만 있다면 당장 ""이것"" 매수해라!! >>> (무료공개)  2,500여개의 국내종목, ""알고리즘들의 매매의견""이 궁금하다면??  ▶▶ 월0.2%대 최저금리 X 주식자금 4배 X 100%집중투자 => 부자네스탁론  [단기에 부자가 되는 방법] 상위 1%만의 강의 무료 제공 중 (pw:4560)  月220만원 직장인들 사이에서 주식투자 입소문.. ""억대수익"" 내는 방법 공개! ☞☞ [클릭]                관련기사 ""중국인 반응 폭발""…6000만원짜리 車 '불티' ""휴게소서 돈까스 먹으려다"" 화들짝 놀란 까닭 100억 넘게 벌었는데 ""구조대 빨리 오라"" 비명 ""회사 잘릴 뻔""…명절선물건넸다가 '날벼락' '흡연 천국' 불렸는데…""전자담배도 안돼"" 돌변    ⓒ 한국경제 & hankyung.com, 무단전재 및 재배포 금지"
121,5,"2025-01-27","20:46:58","프랑스 서부를 강타한 폭풍으로 바다에서 길을 잃은 영국 선원","British sailor lost at sea as heavy storms hit western France  파리, 1월 27일 (로이터) - 주말 동안 폭풍우가 몰아친 가운데 프랑스 남서부 해안에서 요트가 난파된 채 발견되어 영국선원이 바다에서 실종되었다고 프랑스 해양 당국이 밝혔습니다.  73세 노인을 찾기 위한 수색은 폭풍 에르미니아가 프랑스 서부를 강타하면서 시작되었습니다. 프랑스 국립 기상청은 월요일 프랑스 서부의 일레-엣-빌레인 지역에 대홍수 위험으로 인해 적색 경보를 발령했습니다.  요트의 조난 신호는 토요일 오후 라카나우에서 서쪽으로 약 80km(50마일) 떨어진 곳에서 감지되었고, 현장에 출동한 헬기가 요트를발견했다고 프리페 마리타임 드 라틀랑티크는 일요일 늦은 성명에서 밝혔습니다.  헬기에 탑승한 두 명의 다이버가 빈 구명뗏목을 발견했습니다.  화물선과 스페인 병원선 에스페란자 델 마르호도 이 남성을 찾기 위해 동원되었습니다.  몇 시간 동안 검색을 진행했지만 새로운 정보를 찾지 못해 일요일 새벽에 검색이 중단되었습니다.        (Reporting by Dominique Vidalon;Editing by Alison Williams)  dominique.vidalon@thomsonreuters.com ; +33149495432; Reuters Messaging:      (c) Copyright Thomson Reuters 2020. Click For Restrictions - https://agency.reuters.com/en/copyright.html        Keywords: EUROPE-WEATHER/FRANCE (PIX, TV)   원문 바로가기    DISCLAIMER  레피니티브의 사전, 서면 승인 없는 톰슨로이터 콘텐츠의 재생산이나 재배포는 금지되어 있습니다. 이 기사의 한국어 번역은 에프앤가이드가 사용하는 기계적 번역에 의한 것으로 톰슨로이터와 레피니티브는 번역의 정확성을 보증하지 않습니다."
121,6,"2025-01-27","20:46:08","스키나리소시스(SKE) 당기순이익 대폭증가 +70.72%","스키나리소시스(SKE) 당기순이익 대폭증가 +70.72%   1월27일, 스키나리소시스(SKE, 뉴욕증권거래소)는 2024년 12월기준으로 실적을 발표함(잠정실적).  1) 스키나리소시스 주요실적   - 매출액 : 322억 9800만달러(+0.86%)   - 영업이익 : 53억 2600만달러(+1.04%)   - 당기순이익 : 44억 800만달러(+70.72%)   - 주당순이익(EPS) : 0.56$(+86.67%)  (*증감률은 전년동기대비 기준임)  2) 스키나리소시스 재무비율과 투자지표   - 영업이익률 : 16.5%   - EPS(주당순이익) : 0.56$    * 이용상의 주의 사항  금융시장의 변동에 따라 실적 발표 일정과 공시는 지속적으로 변동됩니다. 본 서비스는 미국 실적 공시를 실시간 데이터화 하여 제공함에 있어 공시의 오류, 데이터 수집 프로세스상의 에러 및 지연 등 다양한 서비스상의 오류와 지연이 있을 수 있습니다. 본 서비스를 이용함에 있어 그 이용에 따르는 책임은 이용자 본인에게 있으며, 어떠한 거래 손실이나 다른 손실에 대해서도 책임지지 않습니다."
121,7,"2025-01-27","20:45:46","버즈 달러의 최근 주요 피보 아래 종가는 상당히 부정적이었습니다.","BUZZ-Dollar's recent close under a major Fibo was quite negative  미국 달러에 대한 의구심(   금요일 USD 지수는 107.805 피보 아래에서 마감했습니다.   107.805 피보, 100.150~110.170(9월~1월)의 23.6% 되돌림(23.6% 되돌림)   USD의 운명은 지수의 가장 큰 구성 요소인 유로, 엔에 고정되어 있습니다.   EUR/USD는 2024년 12월 고점인 1.0630까지 회복할 여지가 있습니다(   USD/JPY는 런던에서 하락세로 돌아섰습니다(      ( 마틴 밀러는 로이터 시장 분석가입니다. 표현된 견해는 본인의 의견입니다)  martin.miller@thomsonreuters.com        (c) Copyright Thomson Reuters 2020. Click For Restrictions - https://agency.reuters.com/en/copyright.html   원문 바로가기    DISCLAIMER  레피니티브의 사전, 서면 승인 없는 톰슨로이터 콘텐츠의 재생산이나 재배포는 금지되어 있습니다. 이 기사의 한국어 번역은 에프앤가이드가 사용하는 기계적 번역에 의한 것으로 톰슨로이터와 레피니티브는 번역의 정확성을 보증하지 않습니다."
122,1,"2025-01-27","20:38:22","김동연 ""건전한 당내 비판도 수용되는 분위기 만들어져야""","- 27일 MBC라디오 '권순표의 뉴스하이킥' 출연 - 대선국면 역할 질문에 ""당내 민주주주의"" 꺼내 - ""지난번 총선 겪으며 단일화된 구조너무 강조"" 지적 - 이재명 일극체제에 대한 비명계 견제에 힘 보태  [수원=이데일리 황영민 기자] 김동연 경기도지사가 “건전한 당내 비판도 수용되는 분위기가 만들어져야 한다”며 더불어민주당 내 이재명 대표 일극체제에 대한 견제구를 던졌다.     스위스 다보스포럼 출장을 마치고 돌아온 김동연 경기도지사가 지난 24일 인천공항 입국장에서 기자들의 질문에 답하고 있다.(사진=경기도)  27일 MBC 라디오 ‘권순표의 뉴스하이킥’에 출연한 김 지사는 ‘대선 국면에서 어떤 역할을 하고 싶냐’는질문에 “제가 할 수 있는 모든 걸 다 하겠다는 말씀을 드렸기 때문에 여러 가지가 있을 수 있다”며 “수권정당으로서 경제 문제 해결도 있을 수가 있고, 다양한 목소리를 통한 당내 민주화, 민주주의 이런 것들도 있을 수가 있다”고 답했다.  그러면서 “당이 지난번 총선이후 겪으면서 어쨌든 간에 단일화된 목소리와 또 하나의 단일화된 구조로 가는 것에 대해서 너무 강조해 왔다”고 덧붙였다.  최근 각종 여론조사에서 나타난 민주당과 국민의힘에 대한 지지율 역전 현상과 이에 뒤따른 이재명 일극체제에 대한 비명계 인사들의 지적에 김동연지사도 의견을 같이 한 것으로 풀이된다.  김 지사는 이어 “윤석열 대통령 구속 기소까지 됐고 이 문제가 어느 정도 한고비를 넘겼다면 이제부터는 대한민국이 어디로 가야 될지 비전은 무엇인지 어떤 정책을 해야 될 것인지 국민통합은 어떻게 이룰 것인지 이런 것에 대해서당내에서 고민하고 거기에 대한 해법을 국민에게 제시해야 된다고 생각한다”며 “그런 것들을 위해서 다양한 목소리와 다양한 세력들의 목소리를 수용하는 당내 분위기 이런 것들이 만들어져야 될 것이라고 생각한다”고 강조했다.  앞서 김 지사는 스위스 다보스포럼 출장 후귀국길에서도 “민주당은 신뢰의 위기다. 민심이 떠나고 있다. 민주당 일원으로서 국민 여러분께 사과 말씀드린다”고 한 바 있다.  그는 ‘민주당 지지율이 하락하는 원인’을 묻는 기자의 질문에 “대한민국 경제도 걱정이지만 과연 민주당이 지금의 이 위기를 극복할 수권정당인가에 대한 질문을 스스로에게 던질 수밖에 없다”며 “지금 여론조사검증위원회가 아니라 민심바로알기위원회가 필요하다”고 자당에 쓴소리를 냈었다.  최근 잇따른 김 지사의 발언은 조기대선을 향한 시계의 초침이 빨라짐에 따라 대권주자로서 정치적 선명성을 부각하기 위한 시도로 해석된다. 김동연 지사는 12·3 비상계엄사태 이후 정부와 정치권을 향해 슈퍼추경과 경제전권대사 임명 등 경제위기 극복안을지속 제안하면서 자신의 강점인 ‘경제통’으로서 면모를 부각해 왔다.        ＜ⓒ종합 경제정보 미디어 이데일리 - 무단전재 & 재배포 금지＞    "
122,2,"2025-01-27","20:38:16","스냅샷-인도 주식, 루피, 스왑, 마감 시 통화","SNAPSHOT-India stocks, rupee, swaps, call at close  1월 27일(로이터) -  주식:  벤치마크인 BSE 센섹스 지수는 1.08% 하락한 75,366.17을 기록했고, NSE 니프티 50 지수는 부진한 실적 발표로 기업 이익 둔화가 지속될 것이라는 우려가 확산되면서 1.14% 하락한 22,829.15를 기록했습니다.     RUPEE:  인도 루피는 도널드 트럼프 미국 대통령의 무역 관세와 주식 유출 가능성에 대한 우려로 중국 위안화가 하락하면서 미국 달러 대비 0.16% 하락한 86.3425를 기록했습니다.     국채:  벤치마크 10년 만기 채권은 중앙은행의 깜짝 채권 매입으로 투자 심리가개선되면서 수익률이 4bp 하락한 6.68%로 100.7625루피에 호가되었습니다.     오버나이트 인덱스 스왑:  1년물 오버나이트 지수 스왑 금리는 2bp 이상 하락한 6.335%, 5년물 스왑 금리는 6bp 하락한 6.0675%를 기록했습니다.     통화하기:  인도의 오버나이트 콜 머니 금리는 6.25%, 오버나이트 TREPS 금리는 6.27%였습니다.     (Reporting by Hritam Mukherjee in Bengaluru)  Hritam.Mukherjee@thomsonreuters.com     (c) Copyright Thomson Reuters 2020. Click For Restrictions - https://agency.reuters.com/en/copyright.html        Keywords: INDIA-MARKETS/SNAPSHOT   원문 바로가기    DISCLAIMER  레피니티브의 사전, 서면 승인 없는 톰슨로이터 콘텐츠의 재생산이나 재배포는 금지되어 있습니다. 이 기사의 한국어 번역은 에프앤가이드가 사용하는 기계적 번역에 의한 것으로 톰슨로이터와 레피니티브는 번역의 정확성을 보증하지 않습니다."
122,3,"2025-01-27","20:37:48","BUZZ- 위험 회피 성향이 큰 USD/JPY FX 옵션 프리미엄, 150 헤지 증가","BUZZ-Big risk averse jump in USD/JPY FX option premium, 150 hedges  최근 USD/JPY가 2025년 최저치로 하락하면서 FX 옵션에 대한 수요가 재점화되었습니다.   현물 슬라이드는 기술주 매각으로 인한 잠재적 위험 회피를 반영한다고 합니다.   1주 만기 USD/JPY 내재 변동성 11.5%로 2.0배 급등   벤치마크 1개월 만기 지수가 6개월 최저치인 9.0에서 10.25로 크게 상승했습니다.   리스크 반전 시 풋옵션에 대한 엔화 콜 프리미엄도 급증합니다.   1개월 25일 델타 리스크가 0.8에서 1.25로 2025년 고점으로 반전, 하락폭 0.8   옵션 딜러는 150.00 미만 행사가격 옵션에 대한 수요도 주목합니다.   이러한 옵션은 더 큰 현물 손실 및 관련 변동성 위험을 헤지합니다.                자세한 내용을 보려면      (리차드 페이스는 로이터 시장 분석가입니다. 표현된 견해는 본인의 의견입니다)  Richard.Pace@thomsonreuters.com        (c) Copyright Thomson Reuters 2020. Click For Restrictions - https://agency.reuters.com/en/copyright.html   원문 바로가기    DISCLAIMER  레피니티브의 사전, 서면 승인 없는 톰슨로이터 콘텐츠의 재생산이나 재배포는 금지되어 있습니다. 이 기사의한국어 번역은 에프앤가이드가 사용하는 기계적 번역에 의한 것으로 톰슨로이터와 레피니티브는 번역의 정확성을 보증하지 않습니다."
122,4,"2025-01-27","20:37:14","표-브라질 경제학자들이 15번째로 2025년 인플레이션 전망치 상향 조정","TABLE-Brazil economists raise 2025 inflation forecast for 15th week  상파울루, 1월 27일 (로이터) - 브라질의 민간 경제학자들이 올해 말 인플레이션에 대한 전망치를 15주 연속 상승했다고 월요일 중앙은행 주간 여론조사에서 나타났습니다.  이들은 현재 기준 IPCA 인플레이션 지수가 2025년 말 5.5%로 이전 전망치인5.08%와 중앙은행의 목표 범위인 1.5%~4.5%의 상한선을 모두 상회할 것으로 예상하고 있습니다.  다음은 설문조사에서 나온 예상치입니다:       시장 추정치  2025  2025  2026  2026   중앙값  지금  지난 주  지금  지난 주   IPCA 인플레이션 지수(%)  5.50  5.08  4.22  4.10   GDP 성장률(%)  2.06  2.04  1.72  1.77   브라질 헤알 - 미국달러(연말)  6.00  6.00  6.00  6.00   이자율 셀릭(연말, %)  15.00  15.00  12.50  12.25         (Reporting by Fernando Cardoso; Editing by Toby Chopra)  Gabriel.Araujo2@thomsonreuters.com ; +55 11 5047-3352; ))     (c) Copyright Thomson Reuters 2020. Click For Restrictions - https://agency.reuters.com/en/copyright.html        Keywords: BRAZIL-ECONOMY/SURVEY (TABLE, URGENT)   원문 바로가기    DISCLAIMER  레피니티브의 사전, 서면 승인 없는 톰슨로이터 콘텐츠의 재생산이나 재배포는 금지되어 있습니다. 이 기사의 한국어 번역은 에프앤가이드가 사용하는 기계적 번역에 의한 것으로 톰슨로이터와 레피니티브는 번역의 정확성을 보증하지 않습니다."
122,5,"2025-01-27","20:37:02","업데이트 1-우크라이나, 러시아가 또 다른 도시를 점령한 후 동부 전선 사령관 교체","UPDATE 1-Ukraine replaces commander of eastern front after Russia captures another town    키예프, 1월 27일 (로이터) - 볼로디미르 젤렌스키 우크라이나 대통령은 러시아군이 우크라이나 전쟁에서 가장 격렬한 전장인 동부 전선의 또 다른 전략 도시를 점령한 후 동부 전선 사령관을 교체했습니다.  안드리 흐나토프 준장은 지상군 총사령관인 미하일로 드라파티이 소장으로 교체되어 동부 전장사령관으로 임명되었으며, 기존 임무는 그대로 수행하게 됩니다. 흐나토프는 훈련과 통신을 감독하는 역할을 맡게 되었습니다.  젤렌스키 대통령은 일요일 늦은 밤 영상 연설에서 도네츠크 지역 군대의 지휘권을 강화하는 것이 목표라고 말했습니다. 도네츠크는 2014년부터 전쟁터였으며 러시아가 2022년 전면 침공 이후 병합했다고 주장하는 4개 주 중 하나로, 1년 넘게 전투의 주요 초점이 되어 왔습니다.  우크라이나 군대는 러시아가 도네츠크 지역 마을 벨리카 노보실카를 점령했다고 밝힌 지 하루 만인 월요일에 철수했다고 확인했습니다. 우크라이나 동부 전선 군 대변인 빅토르 트레후보프는 러시아군이 마을에 진입했다는 사실을 확인했지만 외곽에서 전투가 계속되고 있다고 말했습니다.  러시아군은 1년 넘게 우크라이나 동부에서 느리지만 꾸준히 진격해왔으며, 양측 모두 막대한 군사적 손실을 입는 지상전을 벌이고 있습니다. 키예프는 지난 6개월 동안 러시아 내부의 일부 영토를 점령하고 유지하는 데 성공했습니다.  42세의 드라파티 신임 동부 사령관은 지난해 하르키우 북동부 지역에서 러시아의 공세를 저지한 공로를 인정받아 군 내에서 신망이 두터운 인물입니다.  우크라이나군은 2022년 러시아의 침공 이후 수도 키예프에 대한 러시아의 초기 공격을 저지하고 전쟁 첫해에 영토를 탈환하는 데 큰 성공을 거두었습니다. 하지만 2023년 중반 대규모 반격이 실패한 이후에는 대부분 수세에 몰렸습니다.  우크라이나 분석가들은 러시아가 작년에 약 3,000제곱킬로미터(1200제곱마일)의 영토를 점령한 것으로 추정합니다.  2월로 전쟁 3년째를 맞이한 우크라이나는 전장에서 수적으로 열세에 놓여있고 병력도 지쳐 있습니다.  정부는 동원 연령을 27세에서 25세로 낮추고 소집 기피자에 대한 엄격한 규정을 도입하여 이 문제를 해결하려고 했습니다. 그러나 지금까지는 인력 충원을 위해 동원 연령을 더 낮추지 않고 있습니다.  동부군 대변인 트레후보프는 도네츠크지역의 물류 허브인 포크롭스크가 러시아의 주요 목표라고 말했습니다. 침공 전 약 6만 명이 거주했던 포크롭스크에는 약 7,000명이 남아 있는 것으로 추정됩니다.  ""포크롭스크 방향은 모든 전투 충돌의 절반 이상을 차지하며, 그곳에서 많은 전투가 벌어지고 있습니다. 가장활발한 전투가 벌어지는 곳입니다.""라고 트레후보프는 우크라이나 TV에 말했습니다. ""그들은 도시를 우회하여 공급 라인을 차단하고 우리 군대를 도시 밖으로 몰아내려고 하고 있습니다.""     (리디아 켈리, 파벨 폴리티크의 추가 취재, 피터 그라프 편집)  .harmash@thomsonreuters.com     (c) Copyright Thomson Reuters 2020. Click For Restrictions - https://agency.reuters.com/en/copyright.html        Keywords: UKRAINE-CRISIS/COMMANDER (UPDATE 1, TV)   원문 바로가기    DISCLAIMER  레피니티브의 사전, 서면 승인 없는 톰슨로이터 콘텐츠의 재생산이나 재배포는 금지되어 있습니다. 이 기사의 한국어 번역은 에프앤가이드가 사용하는 기계적 번역에 의한 것으로 톰슨로이터와 레피니티브는 번역의 정확성을 보증하지 않습니다."
122,6,"2025-01-27","20:36:49","인도 준비 은행: 일일 변동금리 레포(VRR) 경매","Reserve Bank of India: Daily Variable Rate Repo (VRR) Auction  인도중앙은행 웹사이트 링크:https://rbidocs.rbi.org.in/rdocs/pressrelease/pdfs/pr201256c791113452459c8acbb68f586b375d.pdflink 인도중앙은행 웹사이트에 연결됩니다:https://rbidocs.rbi.org.in/rdocs/pressrelease/pdfs/pr201256c791113452459c8acbb68f586b375d.pdf   원문 바로가기    DISCLAIMER  레피니티브의 사전, 서면 승인 없는 톰슨로이터 콘텐츠의 재생산이나 재배포는 금지되어 있습니다. 이 기사의 한국어 번역은 에프앤가이드가 사용하는 기계적 번역에 의한 것으로 톰슨로이터와 레피니티브는 번역의 정확성을 보증하지 않습니다."
122,7,"2025-01-27","20:36:44","요약-상기 산업 12월 분기 손실 9억6960만 루피","BRIEF-Sanghi Industries Dec-Quarter Loss 969.6 Mln Rupees  1월 27일 (로이터) - 상히 인더스트리즈 :  12월 분기 손실 9억 6,960만 루피   12월 분기 영업 수익25.9억 루피   소스 텍스트: [ID:]  Further company coverage:      Reuters.Briefs@thomsonreuters.com ;;))        (c) Copyright Thomson Reuters 2020. Click For Restrictions - https://agency.reuters.com/en/copyright.html   원문 바로가기    DISCLAIMER  레피니티브의 사전, 서면 승인 없는 톰슨로이터 콘텐츠의 재생산이나 재배포는 금지되어 있습니다. 이 기사의 한국어 번역은 에프앤가이드가 사용하는 기계적 번역에 의한 것으로 톰슨로이터와 레피니티브는 번역의 정확성을 보증하지 않습니다."
123,1,"2025-01-27","20:30:03","아틀라스에너지솔루션스(AESI), 모저에너지시스템 인수 발표 및 2024년 4분기 및 연간 실적 예고","아틀라스에너지솔루션스(AESI, Atlas Energy Solutions Inc. )는 모저에너지시스템 인수 발표를 했고 2024년 4분기 및 연간 실적을 예고했다.  27일 미국 증권거래위원회에 따르면 아틀라스에너지솔루션스(증권코드: AESI)는 2025년 1월 27일, 모저에너지시스템의 모든 발행주식을 인수하는 계약을 체결했다.  이번 인수는 약 2억 2천만 달러 규모로, 현금 1억 8천만 달러와 약 170만 주의 아틀라스의 보통주로 구성된다.  아틀라스는 인수 후 2025년 10개월 동안 모저의 자산이 4천만에서 4천 5백만 달러의 조정 EBITDA를 생성할 것으로 예상하고 있으며, 이는 2025년 조정 EBITDA의 약 4.3배에 해당한다.인수는 2025년 1분기 말까지 완료될 예정이다.  아틀라스의 CEO인 존 터너는 이번 인수가 아틀라스의 시장 위치를 강화하고, 에너지 솔루션 제공자로서의 경쟁력을 높일 것이라고 밝혔다.  또한, 아틀라스는 2024년 4분기 실적을 예고하며, 매출은 약 2억 7천만에서 2억 7천 2백만 달러로 예상되며, 이는 전년 동기 대비 약 92% 증가한 수치이다.  그러나 총 이익은 약 4천 9백만에서 5천 1백만 달러로 예상되며, 이는 전년 동기 대비 약 21% 감소한 수치이다.  조정 EBITDA는 약 6천 2백만에서 6천 4백만 달러로 예상되며, 이는 전년 동기 대비 약 8% 감소한 수치이다.  아틀라스는 2024년 연간매출을 약 10억 5천 5백만에서 10억 5천 7백만 달러로 예상하고 있으며, 이는 전년 대비 약 72% 증가한 수치이다.  그러나 총 이익은약 2억 3천 1백만에서 2억 3천 3백만 달러로 예상되며, 이는 전년 대비 약 26% 감소한 수치이다.  조정 EBITDA는 약 2억 8천 7백만에서 2억 8천 9백만 달러로 예상되며, 이는 전년 대비 약 12% 감소한 수치이다.  아틀라스의 현금 및 현금성 자산은 약 7천 1백만 달러로예상되며, 이는 전년 대비 약 66% 감소한 수치이다.  아틀라스는 이번 인수를 통해 에너지 솔루션 제공자로서의 입지를 더욱 강화하고, 고객에게 다양한 서비스를 제공할 계획이다.  ※ 본 컨텐츠는 AI API를 이용하여 요약한 내용으로 수치나 문맥상 요약이 컨텐츠 원문과 다를 수 있습니다. 해당 컨텐츠는 투자 참고용이며 투자를 할때는 컨텐츠 원문을 필히 필독하시기 바랍니다. 원문URL(http://www.sec.gov/Archives/edgar/data/1984060/000110465925006117/0001104659-25-006117-index.htm)  데이터투자 공시팀 pr@datatooza.com  이기사는 투자 참고용으로 이를 근거로 한 투자 손실에 대해 책임을 지지 않습니다. 해당 기사는 이데일리와 무관합니다. 기사는 데이터투자(www.datatooza.com)가 제공한 것으로 저작권은 데이터투자에 있습니다. 기사 내용 관련 문의는 데이터투자로 문의하시기 바랍니다.    ＜ⓒ종합 경제정보 미디어 이데일리 - 무단전재 & 재배포 금지＞    "
123,2,"2025-01-27","20:30:00","“사상 첫 파격씬 했는데, 이게 웬 날벼락” 꼴찌 추락…이러다 다 죽어 ‘아우성’","‘별들에게 물어봐’ [SNS]     [헤럴드경제=박영훈 기자] “500억 쏟아붓고, 꼴찌라니”   제작비 500억원을 쏟아부은 CJ ENM tvN ‘별들에게 물어봐’가 시청률 1~2% (25일, 26일)대로 동일 시간대 방송된 전체 드라마 가운데 꼴찌인 것으로 나타났다.   KBS ‘다리미 패밀리’, SBS ‘나의 완벽한 비서’, JTBC ‘옥씨부인전’ 등 제작비가 ‘별들에게 물어봐’ 절반도 안 들어간 주말드라마 시청률이 10%가 넘는 것을 감안하면, 완전히 망한 셈이다.   흥행에 참패하면서 CJ ENM 뿐 아니라 스튜디오드래곤 등 CJ 엔터 회사들의 주가까지 바닥을 기고 있다.   CJ 주주들은 “이러다 다 죽는다” 아우성이다. 거의 모든 주주들이 큰 손실을 보고 있기 때문이다.   특히 올해 실적 기대감에 회복세를 보였던 ‘별들에게 물어봐’ 제작자 스튜디오드래곤 주가가 역사적 저점인 3만7800원(24일 기준)으로 폭락했다. 스튜디오드래곤 주가는 한때 10만원까지 갔다. 스튜디오드래곤의 손실 투자자 비율은 100%에 달한다.   스튜디오드래곤은 이미 돈을 받고 CJ ENM과 넷플릭스에 작품을 공급해 흥행 참패에도 실적에는 큰 영향이 없을 것으로 보이지만, 심리적 악재가 영향을 미친 것으로 보인다.     ‘별들에게 물어봐’ [사진, tvn]    ‘별들에게 물어봐’ 악재에 CJ ENM 주가도 크게 흔들리고 있다. CJ ENM 주가도 역사적 저점인 5만 2900원(24일 기준)까지 떨어졌다. 한때 10만원이 넘었던 주가가 반토막이 났다    막대한 제작비가 투입된 데다, tvn 토요드라마가 1%대 시청률을 기록한 것은 4년 만에 처음 있는 일이다. CJ ENM 안팎에서 “역대급 추락”이라는 말이 나올 정도다.   ‘별들에게 물어봐’는 무중력 우주정거장에서 일하는 보스 이브(공효진)와 비밀스러운 미션을 가진 불청객 공룡(이민호)의 로맨스를 그리는드라마.   ‘드라마 흥행 보증 수표’로 불리는 공효진, ‘한류 스타’ 이민호를 앞세워 큰 기대를 받았지만, “뜬금없는 베드씬” “빈약한 스토리”“재미 없다” 등 혹평만 쏟아지고 있다.     ‘별들에게 물어봐’ 사상 첫 ‘우주 베드씬’ [사진, tvn]    부진한 시청률을 만회하기 위해 국내 드라마 최초로 컴퓨터그래픽(CG)이 총동원된 화려한 배경 속에 공효진, 이민호의 파격 ‘우주 베드신’까지 선보였다. 침몰하는 ‘별들에게 물어봐’를 구하진 못했다. 1~2%대 참혹한 시청률에서 벗어나지 못했다. 16부작 중 절반이 방영, 사실상 흥행에 참패한 것으로 보인다.   무엇보다 ‘별들에게 물어봐’가 처참한 시청률을 기록하면서 ‘콘텐츠 명가 CJ’ 입지까지 휘청이고 있다. 몇 년 전까지 시청률과 함께 트렌드를 선도했던 CJ ENM 콘텐츠가 넷플릭스는 물론 타 방송에도 밀리는 현상이 계속되고 있기 때문이다."
123,3,"2025-01-27","20:30:00","표-미국 정유사의 주간 생산 능력이 195,000 bpd 감소 할 것이라고 IIR은 말합니다.","TABLE-US oil refiners' weekly capacity to fall by 195,000 bpd, IIR says  1월 27일(로이터) - 미국 정유업체들이 1월 31일로 끝나는 주에 하루 약 140만 배럴의 정제 설비를 가동하지않아 가용 정제 능력이 19만 5천 배럴 감소할 것으로 예상된다고 리서치 회사 IIR 에너지가 월요일에 발표했습니다.  오프라인 용량은 2월 7일로 끝나는 주에 146만 bpd로 증가할 것으로 예상된다고 IIR은 덧붙였습니다.  다음은 오프라인 용량에 대한 IIR 주간 수치입니다(수천 bpd 단위):    금요일로 끝나는 주  1월 31일  1월 24일  1월 22일   02/07/2025  1,462  1,327      01/31/2025  1,408  1,273  1,273   01/24/2025  1,213  1,155  1,155   01/17/2025  1,064  1,064  1,064   참고: 오프라인 생산 능력 수치는 미국 전역의 정유사에서 계획 및 계획되지 않은 모든 가동 중단에 대해 수집한 IIR Energy 데이터를 기반으로 합니다. 이번 주의 수치는 더 많은 정보가 입수되는 대로 수정될 예정입니다.  자세한 내용은 www.iirenergy.com  (Reporting by S. Arvind in Bengaluru; Editing by Jan Harvey)  BLRCEEditorial@thomsonreuters.com     (c) Copyright Thomson Reuters 2020. Click For Restrictions - https://agency.reuters.com/en/copyright.html        Keywords: USA-ENERGY/REFINERIES-IIR (TABLE)   원문 바로가기    DISCLAIMER  레피니티브의 사전, 서면 승인 없는 톰슨로이터 콘텐츠의 재생산이나 재배포는 금지되어 있습니다. 이 기사의 한국어 번역은 에프앤가이드가 사용하는 기계적 번역에 의한 것으로 톰슨로이터와 레피니티브는 번역의 정확성을 보증하지 않습니다."
123,4,"2025-01-27","20:29:38","화순 등 전남 3곳 대설주의보…목포 등 10곳 대설주의보 유지","화순 등 전남 3곳 대설주의보…목포 등 10곳 대설주의보 유지       (광주=연합뉴스) 기상청은 27일 오후 8시 10분을 기해 전남 화순·담양·곡성에 대설주의보를 발효했다고 밝혔다.      대설주의보는 24시간 동안 눈이 5㎝ 이상 쌓일 것으로 예측될 때 내려진다.      목포 등 10곳에는 대설주의보가 발효된 상태다.      weather_news@yna.co.kr  (끝)     <저작권자(c) 연합뉴스, 무단 전재-재배포, AI 학습 및 활용 금지>"
123,5,"2025-01-27","20:29:23","'기자 때리고 카메라 파손' 서부지법 난동자 1명 추가 구속","'기자 때리고 카메라 파손' 서부지법 난동자 1명 추가 구속       (서울=연합뉴스) 홍준석 기자 = 윤석열 대통령이 구속된 지난 19일 새벽 서울서부지법에 난입해 폭력을 행사한 이들 가운데 한 명이 경찰에 추가로 구속됐다.      서부지법 이승은 판사는 27일 강도상해 혐의를 받는 A씨에 대한 구속 전 피의자 심문(영장실질심사)을 연 뒤 ""도주 우려가 있다""며 구속영장을 발부했다.      A씨는 지난 19일 윤 대통령에 대한 구속영장 발부 직후 서부지법에서 난동을 부린 윤 대통령 지지자들을 취재하던 기자를 폭행하고 촬영장비를 부순 혐의를 받는다.      A씨의 구속으로 지난 18∼19일 서부지법 안팎에서 벌어진 집단 불법행위로 구속된 인원은 63명으로 늘었다.      honk0216@yna.co.kr  (끝)      <저작권자(c) 연합뉴스, 무단 전재-재배포, AI 학습 및 활용 금지>"
123,6,"2025-01-27","20:29:18","인도 중앙은행, 거버넌스 문제로 아비옴 인도 주택금융 이사회 교체","India central bank supersedes board of Aviom India Housing Finance on governance concerns  1월 27일(로이터) - 인도 중앙은행은 월요일에 거버넌스 문제와 지불 의무 불이행으로 인해 아비옴 인도 주택 금융의 이사회를 교체했다고 발표했습니다.  중앙 은행은 주택 금융 회사에 대한 파산 절차를 시작할 것이라고 RBI는 밝혔다.     (Reporting by Chris Thomas in Bengaluru)  chris.thomas@thomsonreuters.com     (c) Copyright Thomson Reuters 2020. Click For Restrictions - https://agency.reuters.com/en/copyright.html        Keywords: RESERVE BANK OF INDIA-AVIOM/ (URGENT)   원문 바로가기    DISCLAIMER  레피니티브의 사전, 서면 승인 없는 톰슨로이터 콘텐츠의 재생산이나 재배포는 금지되어 있습니다. 이 기사의한국어 번역은 에프앤가이드가 사용하는 기계적 번역에 의한 것으로 톰슨로이터와 레피니티브는 번역의 정확성을 보증하지 않습니다."
123,7,"2025-01-27","20:29:05","'갑질 의혹' 주의받은 정재호 주중대사 27일 이임…2년반 임기마쳐","[머니투데이 김훈남 기자] [the300]     정재호 주중 한국대사가 27일 오후 이임식을 갖고 2년 6개월 임기를 마쳤다. 윤석열 대통령의 충암고 동기이기도 한 정 대사는 임기 중 언론과의 불통, 부하직원 등의 갑질 등 구설에 올랐으나 지난해 말 비상계엄 사태가 발생하며 2개월 가까이 임기를 이어갔다.   27일 외교 소식통에 따르면 주중 한국대사관은 이날 오후 5시 현지 공관에서 정 대사의 이임식을 진행했다. 이임식에는 재외 공무원 등이 참석했다. 정 대사의 이임으로 당분간 주중대사관은 대사 직무대리 체제로 운영될 것으로 보인다.   윤석열 대통령의 충암고 동기이자 서울대 외교학과 교수로 25년간 재직해 온 정재호 대사는 2022년 6월 주중 대사에 내정돼 같은 해 8월 제14대 주중대사로 취임했다.   정 대사는 임기 도중 대사관 부하직원에 대한 갑질 의혹이 번져 외교부의 감사를 받았고 외교부는 장관 명의 구두주의 환기 조치를 취하기도했다.   당시 외교부는 감사관실은 정 대사가 주중대사관 주재관 A씨에게 일부 부적절한 발언을 한 사실은 확인했지만 징계 조치가 이뤄질 정도는 아니라고 판단한 것으로 알려졌다.   정 대사는 현지 특파원을 대상으로 매달 브리핑을 진행해 왔으나 지난해 12월2일 브리핑을 끝으로 취재진과 접촉을 피해왔다.   한편 정부는 지난해 10월 김대기 전 대통령 비서실장을 차기 주중 대사로 내정하고 중국 정부의 아그레망(상대국의 임명 동의)을 받은 것으로 알려졌다. 하지만 지난해 12월 비상계엄 사태 이후 윤 대통령의 직무가 정지되면서 차기 대사 부임 일정이 불투명해졌다.     [관련기사] ☞ 전한길 ""난 노사모 출신""…노무현재단 ""법적 대응"" ☞ ""이따 얘기해""…김종민, 예비신부에 '재방료' 들통 ☞ ""다른 남자와 잠자리 강요""…이혼 변호사도 당황 ☞ '상습도박' 슈, SES 자료화면서 모자이크 '굴욕' ☞ 집 곳곳에 커플사진?…지상렬, 동거녀 공개   김훈남 기자 hoo13@mt.co.kr     키워드림론 최대 4배 주식자금 & 고금리 대환상품 한도 오픈! (1644-6960)   [무료운세] 믿어야 돼 말아야 돼? 종목매수전에 믿고보는 '오늘의 운세'        [파워 인터뷰]       매수전에 점 부터 보고 가실께요 -> 오늘의 운세 [복채무료]      ⓒ 머니투데이 & mt.co.kr, 무단 전재 및 재배포 금지"
124,1,"2025-01-27","20:18:11","독일 야당 지도자: 이번 주에 이민법 초안을 의회에 제출할 것입니다.","German opposition leader: We will bring immigration draft law before parliament this week  프랑크푸르트, 1월 27일 (로이터) - 독일 야당 지도자 프리드리히 메르츠는 이번 주 의회에서 이민을 제한하기 위해 독일의 국경 통제를 포함하는 법안을 통과시킬 것이라고 월요일에 말했습니다.     (Reporting by Ludwig Burger and Thomas Escritt)  ludwig.burger@thomsonreuters.com ; +49 30 220133634; ))     (c) Copyright Thomson Reuters 2020. Click For Restrictions - https://agency.reuters.com/en/copyright.html        Keywords: GERMANY-MIGRATION/MERZ (URGENT)   원문 바로가기    DISCLAIMER  레피니티브의 사전, 서면 승인 없는 톰슨로이터 콘텐츠의 재생산이나 재배포는 금지되어 있습니다. 이 기사의 한국어 번역은 에프앤가이드가 사용하는 기계적 번역에 의한 것으로 톰슨로이터와 레피니티브는 번역의 정확성을 보증하지 않습니다."
124,2,"2025-01-27","20:16:49","""매일 30분만 투자했을 뿐인데""···사망위험 31%↓, 노년층 기대수명 '깜짝'","노년기의 규칙적인 신체활동이 사망위험을 크게 낮추는 것으로 나타났다.    27일 캐나다 의학협회저널(CMAJ)이 발표한 대규모 메타분석 결과에 따르면, 매주 권장량의 운동을 실천하는 노인은 그렇지 않은 노인보다수명이 현저히 연장되는 것으로 확인됐다.   제인 손턴 웨스턴대 교수팀이 실시한 이번 연구는 의학 데이터베이스 메드라인(MEDLINE)의 방대한 자료를 분석했다. 연구진은 주당 150분의 중등도 신체활동을 실천한 노인 그룹에서 모든 원인 사망위험이 31% 감소했다고 밝혔다.   특히 주목할 만한 점은 규칙적인 운동이 30여 가지 이상의 만성질환 예방에도 효과적이라는 사실이다. 관상동맥질환, 심부전, 제2형 당뇨병, 만성폐쇄성폐질환, 골다공증, 우울증, 치매, 암 등 노인성 질환의 발병 위험이 현저히 낮아졌다.   근력운동의 효과도 주목할 만하다. 2022년 발표된 메타분석에 따르면, 주당 60분의 근력운동은 사망위험을 27% 감소시키는 것으로 나타났다. 3060분의 근력운동도 1020%의 사망위험 감소 효과가 있었다.   세계보건기구(WHO)는 실질적 건강증진을 위해 성인 기준 주당 중간강도 유산소운동 150300분 또는 고강도 유산소운동 75150분을 권장하고있다.   손턴 교수는 ""신체활동은 허약 노인과 낙상 위험군을 포함한 모든 고령층의 기능적 독립성 유지에 핵심적""이라며 ""적극적인 신체활동이 인지기능과 정신건강, 삶의 질 향상으로 이어진다""고 강조했다. /현혜선 기자 sunshine@sedaily.com  통장에 ""30만원"" 있다면 무료 지원금받아 ""반드시"" 수익난다!!>>>[무료체험]  ▶20년 연속 점유율 1위 하이스탁론  [급등주 大공개] 알고리즘 데이터 실시간 분석 ""급등"" 종목과 매수 타이밍까지! >>바로 확인   [ⓒ 서울경제, 무단 전재 및 재배포 금지]"
124,3,"2025-01-27","20:16:40","[NFL] 스위프트 응원 속에…캔자스시티, 사상 첫 슈퍼볼 3연패 도전","[서울=뉴스핌] 장환수 스포츠전문기자= 캔자스시티 치프스가 사상 최초가 될 슈퍼볼 3연패에 도전한다.  캔자스시티는 27일(한국시간) 미국 미주리주 캔자스시티 애로헤드 스타디움에서 열린 미국프로풋볼(NFL) 아메리칸콘퍼런스 챔피언십에서 버펄로 빌스를 32-29로 꺾고 제59회 슈퍼볼 출전권을 손에 넣었다.   [서울=뉴스핌] 장환수 스포츠전문기자= 아메리칸콘퍼런스 우승컵을 안고 인터뷰를 하고 있는 트래비스켈시. 2025.01.27 zangpabo@newspim.com  정규 시즌을 15승 2패로 마친 캔자스시티는 플레이오프에서 휴스턴 텍산스를 23-14로 완파했고, 이날 AFC 챔피언십에서 버펄로를 접전 끝에 물리치고 3년 연속 슈퍼볼 진출에 성공했다.  디애슬레틱에 따르면 미국 프로스포츠에서 3연패에 성공한 팀은 2000∼2002년 프로농구(NBA) 3년 연속 정상에 오른 LA 레이커스가 최근이다. 프로야구(MLB)에서는 1998∼2000년 월드시리즈 우승을 차지한 뉴욕 양키스 이후 3연패를 달성한 팀이 없다.  59회 슈퍼볼은 다음달 10일 루이지애나주 뉴올리언스 시저스 슈퍼돔에서 열린다. 캔자스시티의 상대는 필라델피아 이글스다. 필라델피아는 이날 내셔널콘퍼런스 챔피언십에서 워싱턴 커맨더스를 55-23으로 대파했다. 캔자스시티와 필라델피아는 2023년 슈퍼볼에서도 맞붙었다.   [캔자스시티 로이터=뉴스핌] 장환수 스포츠전문기자= 세계적인 팝스타 테일러 스위프트가 27일 남자 친구인 NFL 캔자스시티의 트래비스 켈시와 아메리칸콘퍼런스 우승의 기쁨을 나누고 있다. 2025.01.27 zangpabo@newspim.com   [캔자스시티 로이터=뉴스핌] 장환수 스포츠전문기자= 테일러 스위프트가 27일 NFL 아메리칸콘퍼런스 결승전이 열린 캔자스시티 애로헤드 스타디움에서 응원을 보내고 있다. 2025.01.27 zangpabo@newspim.com  이와 함께 캔자스시티 쿼터백 패트릭 머홈스는 통산 4번째이자 3년 연속 우승에 도전한다. NFL에서 가장 주목받는 선수는 머홈스지만, 이날 가장 스포트라이트를 받은 인물은 미국 팝스타 테일러 스위프트였다.  스위프트는 경기 후 공개 연애 중인 캔자스시티 타이트 엔드 트래비스 켈시와 입맞춤하며 언론의 헤드라인을 장식했다.  AP통신은 ""스위프트는 2023-2024시즌부터 켈시와 만났다. 지난 시즌 캔자스시티의 챔피언십, 슈퍼볼 승리를 현장에서 지켜본 스위프트가 2년 연속 챔피언십 우승 세리머니를 했다""며 ""이번 슈퍼볼에서도 스위프트는 많은 관심을 받으며 경기장을 찾을 것""이라고 전했다.     zangpabo@newspim.com 테일러 스위프트 '에라스 투어' 수익 2년간 3조원…149회 공연·티켓 1000만장            저작권자(c) 글로벌리더의 지름길 종합뉴스통신사 뉴스핌(Newspim), 무단 전재-재배포 금지"
124,4,"2025-01-27","20:16:35","버즈 트레이더는 방금 판매한 달러가 필요할 수 있습니다.","BUZZ-Traders may need the dollars they just sold  달러 지수가 107.13으로 한 달 만에 최저치로 떨어졌습니다.   지수가 2주 만에 3% 하락   외환 트레이더는 처음으로 모든통화에 대해 USD를 환매합니다(   1월 27일 주식 시장의 붉은 바다   위험 회피 심리가 USD 트레이더의 매도 수요를 지지할 수 있습니다.   금은 가까운 시일 내에 사상 최고치를 돌파할 수 있습니다(   달러 지수 하락폭이 20일 볼린저 기준 107.35 아래로 확대되었습니다.   두꺼운 일일 이치모쿠 구름 105.65-107.18 밑받침       (제레미 볼튼은 로이터 시장분석가입니다. 표현된 견해는 본인의 의견입니다)  jeremy.boulton@thomsonreuters.com        (c) Copyright Thomson Reuters 2020. Click For Restrictions - https://agency.reuters.com/en/copyright.html   원문 바로가기    DISCLAIMER  레피니티브의 사전, 서면 승인 없는 톰슨로이터 콘텐츠의 재생산이나 재배포는 금지되어 있습니다. 이 기사의 한국어 번역은 에프앤가이드가 사용하는 기계적 번역에 의한 것으로 톰슨로이터와 레피니티브는 번역의 정확성을 보증하지 않습니다."
124,5,"2025-01-27","20:16:20","ENA ‘언더커버’ 최진솔 “망했다” 홍지명 저격→정재형 “실력 비슷, 학예회 느낌” 혹평","언더커버    -‘언더커버’ 꼴찌들의 반란! 진정성 통했다, 정재형 “나도 모르게 눈물”   [헤럴드경제 = 서병기 선임기자]‘언더커버’ 본격적인 ‘팀 배틀’이 시작되자 불화가 생겨났다.   1월 26일 방송된 ENA 커버 인플루언서 서바이벌 ‘언더커버’(UNDERCOVER) 3회에서는 채널 부스가 아닌 메인 스테이지에서 5개의 주제로 나뉜 플레이리스트로 대결하는 ‘플리 팀 배틀’이 펼쳐졌다. 노래와 팀원까지 선택의 연속이었던 커버 가수들의 눈치 싸움과 생존한 커버 가수중 무려 절반이 탈락하는 미션이 시청자들에게도 긴장감을 선사했다.   이날 본격 서바이벌이 펼쳐진 2라운드에서는 발라드·알앤비·락·K-POP 아이돌·인디&포크 5개의 플레이리스트 주제가 공개됐다. 각 플레이리스트의 정원은 12명. 또 원하는 것을 선택하는 것이 아닌 1라운드 자체 평가 순위에 따라 선착순 선택이었다. 1라운드 당시 커버 가수들이무대를 보면서 직접 평가했던 점수로 1위부터 60위까지 정해진 것. 1위는 빈센트블루, 60위는 홍지명이었다.   고민 끝에 플레이리스트 팀이 정해진 가운데 12명의 커버 가수들이 다시 4명씩 3팀으로 나뉘어 ‘내부 팀 배틀’을 펼쳐야 한다는 룰에 멘붕에 빠졌다. 1등 전원 생존, 2등 절반 생존, 3등은 전원이 탈락하는 미션인만큼 노래뿐만 아니라 팀원 선택도 중요했던 상황. 이 과정에서 팀불화가 발생하기도 했다. 1라운드에서 이효리의 ‘미스코리아’를 커버해 칭찬을 받았던 최진솔이 ‘록’ 플레이리스트를 선택했고, 부르고싶은 노래와 함께 하고 싶은 팀원 중 고민을 하게 됐다.   엔플라잉 ‘옥탑방’ 노래에 꽂힌 최진솔은 원하는 팀원 대신 노래를 선택했고, 김형권, 허정주, 홍지명과 한 팀이 됐다. 최진솔은 자체 평가 60위를 받았던 홍지명의 노래를 들은 후 “망했다”고 공개적으로 실력을 무시했고, 인터뷰를 통해서도 “노래를 듣고 ‘헉’ 했다. 망했다”고 말해 충격을 줬다.   심지어 최진솔은 팀원을 바꾸고 싶다면서 다른 팀 앞에 가서 “1등만 하면 된다”면서 무릎까지 꿇었고, 팀원의 실력을 공개 저격하는 최진솔의 행동을 모두가 이해하지 못했다. 특정인이 노래 못한다고 소문내고 다니는 꼴이다. 상대를 배려하는 매너라고는 찾아볼 수 없었다.   같은 ‘록’ 플레이리스트를 골랐던 도대윤은 “어떻게 저런 말을 할 수가 있지? 누가 시켰나? 연출인가?”라고 말했고, 당사자인 홍지명 역시 “이해할 수 없는 무례함이었다”고 당혹스러움을 감추지 못했다.   팀 불화 속에서 무대에 오른 네 사람. 최진솔은 ‘TOP 리스너’들 앞에서도 “누구라고는 말 안 하겠지만, 실력이…”라면서 홍지명을 가리켰고, 이를 본 그루비룸 박규정과 이휘민은 “팀워크를 깨는 저런 태도는 별로인 것 같다”고 무대를 보기 전부터 고개를 갸우뚱했다. 의아함속에서 이들은 ‘옥탑방’ 커버 무대를 선보였다. 무대 후 정재형은 “(다른 팀원의) 보컬이 모자란다고 했던 사람도 다른 팀원들과 큰 차이가 나지 않았다. 80년대 대학 가요제, 학예회를 보는 느낌이었다”고 돌직구 혹평을 남겼다.   반면 같은 ‘록’ 플레이리스트를 골랐던 민준기, 박준성, 김신비, 장기준은 1라운드 자체 평가에서 최하위 멤버들이 모인 팀이었지만 음악에 대한 진정성으로 실력을 뛰어넘는 기대 이상의 무대를 완성했다. 부활의 ‘론리 나잇(Lonely Night)’을 커버한 이들은 각자의 위치에서 최선을 다해 열창했고, 무대 후 서로를 다독였다. 보는 이들을 울컥하게 만든 무대는 ‘TOP 리스너’들의 마음도 움직였다.   정재형은 “꼴찌들의 반란이었다. ‘음악이 이런거지’라는 생각이 들었다. 모자라는 부분이 많았지만, 나도 모르게 눈물이 났다. 저는 그게음악이라고 생각한다. 첫 소절부터 감동적이었다. 서로를 보면서 힘을 내고, 소리를 내는 음악의 힘을 보여준 것 같아서 좋았다”고 칭찬을아끼지 않았고, 박정현과 이석훈도 “마음을 사로잡는, 알 수 없는 마음이었다. 처음 느끼는 기분이었다”고 거들었다.   4회 예고에서 ‘록’ 플레이리스트 팀 결과에 커버 가수들이 충격을 받는 모습이 담겨 궁금증을 끌어올렸다. 이어 감성 가득한 알앤비와 발라드부터 자유로운 인디&포크, 거기에 파격 퍼포먼스가 더해진 K-POP 아이돌 무대까지 눈과 귀를 사로잡는 고퀄리티 무대가 펼쳐질 예정. ‘TOP 리스너’들의 마음을 사로잡아 다음 라운드에 진출하게 될 30인의 커버 가수는 누가 될지 기대를 높인다.   ‘남’의 노래를 ‘나’의 노래로 만들기 위한 커버 인플루언서들의 치열한 경쟁이 펼쳐지는 ENA ‘언더커버’는 매주 일요일 저녁 7시 40분방송된다."
124,6,"2025-01-27","20:16:15","트럼프 복귀에 활기 띠는 EU 무역 협상…활로 모색","트럼프 복귀에 활기 띠는 EU 무역 협상…활로 모색  메르코수르 협상 마무리·멕시코 협정 현대화·말레이 협상 재개  내달, 집행위 전체 인도 방문 예정…파트너십 강화 목적       (파리=연합뉴스) 송진원 특파원 = 보호무역주의자인 도널드 트럼프 미국 대통령의 복귀에 맞서 유럽연합(EU)이 제3세력과의 무역 협상에속도를 내고 있다고 폴리티코 유럽판이 27일(현지시간) 분석했다.      우르줄라 폰데어라이엔 EU 집행위원장과 마로시 셰프초비치 EU 무역·경제안보담당 집행위원은 지난해 11월 미국 대선에서 트럼프 대통령이 승리한 이후 장기간 연기돼 온 무역 협정을 속속 체결하며 새로운 활로를 모색하고 있다.      폰데어라이엔 집행위원장은 지난달 초 남미 우루과이를 방문해 남미공동시장(MERCOSUR·메르코수르)과의 자유무역협정(FTA) 협상을 25년만에 마무리했다.      EU와 메르코수르 간 FTA 협상은 2019년 원론적인 합의에 도달했으나, EU가 아마존 삼림 벌채 억제와 환경보호 의무 조항 등 새로운 조건을 요구하면서 이후 5년째 난항을 겪어왔다.      그러나 트럼프 대통령의 귀환을 눈앞에 두고 양 블록이 조금씩 양보해 전 세계 GDP의 25%를 넘게 차지하는 거대 단일시장을 이루기로 합의했다.       폰데어라이엔 집행위원장은 당시 ""이 협정은 경제적 기회일 뿐만 아니라 정치적 필요성에 따른 것이기도 하다""며 ""고립과 분열이라는 반대 방향으로 강풍이 불고 있다는 것을 저는 알고 있지만, 이 합의는 우리에겐 대응 방안으로 여겨지게 될 것""이라고 말했다.      트럼프 대통령을 언급하진 않았으나 그가 모든 수입품에 10∼20% 보편 관세를 부과하겠다고 예고한 데 대한 대응책으로 해석됐다.       EU는 트럼프 대통령의 취임식을 며칠 앞둔 이달 17일엔 멕시코와의 무역협정을 25년 만에 현대화하기로 합의했다.      이번 합의로 치즈·돼지고기·초콜릿·와인 등 EU 주요 수출제품에 부과되던 최고 100% 수준의 관세가 폐지되고, 유럽 자동차 업계 역시일부 관세 혜택을 받게 될 전망이다.      이밖에 EU는 스위스와의 협정을 강화하고, 10년 동안 중단된 말레이시아와의 무역협정 협상을 재개했다. 다음 달엔 EU 집행위 전체가 인도를 찾아 전략적 파트너십 협정을 모색함과 동시에 오랜 기간 진전이 더딘 무역 협정 협상에 속도를 낸다는 계획이다.      폰데어라이엔 집행위원장은 지난 22일 스위스 다보스에서 열린 세계경제포럼(WEF)에서 ""유럽은 오랜 동맹국뿐만 아니라 이해관계를 공유하는 모든 국가와 협력을 추구할 것""이라며 향후 적극적으로 '편만들기'에 나설 뜻을 밝혔다.      트럼프의 관세 위협에 직면한 다른 나라들 역시 EU와 손잡기에 긍정적인 분위기다.      셰프초비치 집행위원은 다보스 포럼에서 폴리티코에 ""지난 두 달 동안 제가 본 것, 그리고 다보스에서 확인된 것은 EU와의 FTA 협상을 가속하려는 엄청난 관심""이라고 말했다.       익명을 요구한 한 EU 외교관 역시 폴리티코에 ""트럼프는 의도치 않게 EU와 제3국 간 무역협정을 촉진하는 데 도움을 주고 있다""며 ""새로운 역학 관계가 형성되고 있음을 알 수 있다""고 평가했다.      san@yna.co.kr  (끝)     <저작권자(c) 연합뉴스, 무단 전재-재배포, AI 학습 및 활용 금지>"
124,7,"2025-01-27","20:16:07","뉴스캐스트 - 제주항공 추락사고: 한국 조사단, 조류 충돌 징후 발견","Newscasts - Jeju Air crash: South Korea probe finds signs of bird strike    Newscasts - Jeju Air crash: South Korea probe finds signs of bird strike    Click the following link to watch video: https://share.newscasts.refinitiv.com/link?entryId=1_gfafvehr&referenceId=tag:reuters.com,2025:newsml_RW644327012025RP1_930&pageId=Newscasts                  (c) Copyright Thomson Reuters 2020. Click For Restrictions - https://agency.reuters.com/en/copyright.html   원문 바로가기    DISCLAIMER  레피니티브의 사전, 서면 승인 없는 톰슨로이터 콘텐츠의 재생산이나 재배포는 금지되어 있습니다. 이 기사의 한국어 번역은 에프앤가이드가 사용하는 기계적 번역에 의한 것으로 톰슨로이터와 레피니티브는 번역의 정확성을 보증하지 않습니다."
125,1,"2025-01-27","20:08:07","웨스턴 뉴 잉글랜드 밴코프 <WNEB.OQ>는 주당 12 센트의 수익을 올릴 것으로 예상됩니다 - 수익 미리보기","Western New England Bancorp Inc  expected to post earnings of?12?cents a share - Earnings Preview  웨스턴 뉴 잉글랜드 뱅코프는 2024년 12월 31일로 끝나는 기간 동안 1월 29일(예상) 실적을 발표할 때 분기 수익이 감소할 것으로 예상됩니다.   매사추세츠 주 웨스트필드에 본사를 둔 이 회사는 LSEG 데이터를 기반으로 한 애널리스트 2명의 평균 추정치에 따르면 매출이 1년 전 1,618만 달러에서 1,525만 달러로 5.7% 감소할 것으로 예상됩니다. (SAL은 순이자 소득을 나타냅니다.)   에 대한 애널리스트의 평균 예상 수익은 주당 12센트입니다.   현재 해당 주식에 대한 애널리스트의 평균 평점은 ""보유""이며, 추천 내역은 ""강력 매수"" 또는 ""매수"" 없음, ""보유"" 3개, ""매도"" 또는 ""강력 매도""가 없습니다.    애널리스트의 평균 수익 추정치는 지난 3개월 동안 변동이 없었습니다. ?   의 12개월 목표 주가 중앙값은 9.50달러로, 최종 종가인 8.92달러보다 높습니다. ???   이전 분기 실적(미국 달러 기준 선호 수익 측정값 사용). ?    분기 결산  스타민스 스마트견적®  이베스 견적  실제  이겼다, 만났다, 놓쳤다  놀라움 %   2024년 9월 30일  0.10  0.10  0.09  누락됨  -12.9   6월 30일 2024  0.11  0.11  0.17  Beat  50   2024년 3월 31일  0.12  0.12  0.14  Beat  16.7?   2023년 12월 31일  0.15  0.15  0.12  누락됨  -17.2   ?? 2023년 9월 30일  0.15  0.15  0.21  Beat  40   6월 30일 2023  0.18  0.18  0.13  누락됨  -26.4?   2023년 3월 31일  0.28  0.28  0.24  누락됨  -13.3   2022년 12월 31일  0.29  0.29  0.42  Beat  46.1   이 요약은 1월 27일 11:08 GMT에 기계적으로 생성되었습니다. 별도의 언급이 없는 한 모든 수치는 미국 달러 기준입니다. (이 보고서의 데이터에 관한 질문은 Estimates.Support@lseg.com로 문의하시기 바랍니다. 기타 질문이나 피드백은 RefinitivNewsSupport@thomsonreuters.com로 문의하시기 바랍니다.     (c) Copyright Thomson Reuters 2020. Click For Restrictions - https://agency.reuters.com/en/copyright.html        Keywords: WESTERN NEW ENG-RESULTS/PREVIEW   원문 바로가기    DISCLAIMER  레피니티브의 사전, 서면 승인 없는 톰슨로이터 콘텐츠의 재생산이나 재배포는 금지되어 있습니다. 이 기사의 한국어 번역은 에프앤가이드가 사용하는 기계적 번역에 의한 것으로 톰슨로이터와 레피니티브는 번역의 정확성을 보증하지 않습니다."
125,2,"2025-01-27","20:07:29","EU 외무 장관, 러시아 제재 롤오버에 동의, 외교관들은 말한다","EU foreign ministers agree rollover of Russia sanctions, diplomats say  브뤼셀, 1월 27일 (로이터) - 유럽연합 외무장관들은 월요일 우크라이나 전쟁으로 부과된 러시아에 대한 유럽연합의 광범위한 제재를 갱신하기로 합의했다고 외교관들이 로이터 통신에 밝혔습니다.     (Reporting by Julia Payne and Lili Bayer; Writing by Andrew Gray; editing by Bart Meijer)  Andrew.Gray2@thomsonreuters.com     (c) Copyright Thomson Reuters 2020. Click For Restrictions - https://agency.reuters.com/en/copyright.html        Keywords: UKRAINE-CRISIS/EU-SANCTIONS-RENEWAL (URGENT)   원문 바로가기    DISCLAIMER  레피니티브의 사전, 서면 승인 없는 톰슨로이터 콘텐츠의 재생산이나 재배포는 금지되어 있습니다. 이 기사의 한국어 번역은 에프앤가이드가 사용하는 기계적 번역에 의한 것으로 톰슨로이터와 레피니티브는 번역의 정확성을 보증하지 않습니다."
125,3,"2025-01-27","20:07:25","어닝 폴 - 아틀라스콥코 <ATCOa.ST>? 1월 28일 마감되는 4분기 실적","EARNINGS POLL - Atlas Copco ?fourth quarter results due on January 28  1월 27일(로이터) - (모든 수치는 스웨덴 크라운화 기준)  아트라스콥코 AB는 1월 28일에 4 분기 실적을 발표했습니다.   현재까지 Atlas Copco AB의 주가는 12.32% 상승했습니다.   아래는 LSEG 데이터를기반으로 한 분기별 및 연간 애널리스트 예상 결과 표입니다.    분기부터 2024년 12월까지  애널리스트 수  평균 추정치     수익  10  45.02억   세전 이익  6  95억 4천만   EPS  7  1.53   EBITDA  4  117억 6천만   EBIT  10  9.61억   순이익  9  73억 4천만    2024년 12월까지  분석가 수  평균 추정치     수익  19  175.57억   세전 이익  17  37.52억   EPS  15  6.15   EBITDA  18  459.98억   EBIT  16  38.07억   순이익  16  296억 6천만   배당금  17  3.01   순 부채  10  13.09억   아트라스콥코 AB는 OMX Stockholm_PI에 속해있습니다. 여론조사와 보고서 발행 사이에 합의 추정치가 업데이트될 수 있다는 점에 유의하세요.  이 요약은 1월 24일 11:01에 자동으로 생성되었습니다.     (그단스크 뉴스룸)  gdansk.newsroom@thomsonreuters.com ; +48 58 7696600; ))     (c) Copyright Thomson Reuters 2020. Click For Restrictions - https://agency.reuters.com/en/copyright.html        Keywords: ATLAS COPCO-RESULTS/(EARNINGS POLL)   원문 바로가기    DISCLAIMER  레피니티브의 사전, 서면 승인 없는 톰슨로이터 콘텐츠의 재생산이나 재배포는 금지되어 있습니다. 이 기사의 한국어 번역은 에프앤가이드가 사용하는 기계적 번역에 의한 것으로 톰슨로이터와 레피니티브는 번역의 정확성을 보증하지 않습니다."
125,4,"2025-01-27","20:06:58","궂은 날씨에 항공기·여객선 운항 일부 차질…28일도 눈·비","궂은 날씨에 항공기·여객선 운항 일부 차질…28일도 눈·비  횡성 16㎝·가평 15.4㎝·서울 5.2㎝ 등 적설        (서울=연합뉴스) 양정우 기자 = 27일 전국적으로 눈이 계속되면서 항공기와 여객선 운항에 일부 차질이 빚어졌다.      중앙재난안전대책본부의 '대설 대처상황 보고'에 따르면 이날 오후 6시 기준 항공기 16편이 결항했고, 여수∼거문도, 인천∼백령도 등 56개 항로·70척의 여객선 운항이 중단됐다.      국립공원에도 많은 눈이 쌓이면서 북한산·지리산국립공원 등 13개 공원·329개 구간의 출입이 통제됐다.      도로는 전남 3곳, 경북 2곳 등 지방도 12곳이 적설로 인해 운행이 중단됐다.      다행히 설연휴 눈으로 인한 인명피해는 없었다.      소방당국은 이날 오전 6시∼오후 6시 구조 1건, 구급 11건, 안전조치 19건 등 31건의 소방활동을 벌였다.      이날 오후 5시 기준 지역별 적설량(24시간 기준)은 강원 횡성 16㎝, 경기 가평 15.4㎝,전북 무주 14.2㎝, 충남 계룡 11.7㎝, 서울 5.2㎝등이었다.      오후 6시 현재 중부지방과 경북북부내륙을 중심으로 대설특보가 발효된 가운데 시간당 1∼4㎝의 눈이 내리고 있다. 28일까지 전국에 눈또는 비가 내리고 새벽부터 시간당 1∼3㎝의 많은 눈이 오겠다고 중대본은 전했다.      eddie@yna.co.kr  (끝)     <저작권자(c) 연합뉴스, 무단 전재-재배포, AI 학습 및 활용 금지>"
125,5,"2025-01-27","20:06:49","Ancora, 미국 철강 이사회에 9 명의 후보를 지명, 회사 측 발표","Ancora nominates nine candidates to U.S. Steel board, company says  1월 27일(로이터) - 피츠버그에 본사를 둔 이 회사는 월요일에 활동가 투자자 Ancora가 철강업체의 지분 0.18%를 신고한 후 9명의 후보를 US Steel 이사회에 지명했다고 밝혔다.     (Reporting by Aishwarya Jain in Bengaluru; Editing by Mrigank Dhaniwala)  Aishwarya.Jain@thomsonreuters.com     (c) Copyright Thomson Reuters 2020. Click For Restrictions - https://agency.reuters.com/en/copyright.html        Keywords: US STEEL-M&A/NIPPON STEEL-ANCORA (URGENT)   원문 바로가기    DISCLAIMER  레피니티브의 사전, 서면 승인 없는 톰슨로이터 콘텐츠의 재생산이나 재배포는 금지되어 있습니다. 이 기사의 한국어 번역은 에프앤가이드가 사용하는 기계적번역에 의한 것으로 톰슨로이터와 레피니티브는 번역의 정확성을 보증하지 않습니다."
125,6,"2025-01-27","20:06:34","팔레스타인은 가자 지구에서 추방되어서는 안된다, 베를린은 트럼프 발언 후 말한다","Palestinians must not be expelled from Gaza, Berlin says after Trump comments  베를린, 1월 27일 (로이터) - 도널드 트럼프 미국 대통령이 요르단과 이집트가 팔레스타인 사람들을 받아들여야 한다고 말한 후 독일 외무부는 월요일에 팔레스타인 사람들을 가자 지구에서 추방해서는 안 된다고 말했습니다.  트럼프 대통령의 발언에 대한 반응을 묻는 질문에 외무부 대변인은 베를린은 ""유럽연합, 아랍 파트너, 유엔과... 팔레스타인 주민을 가자 지구에서 추방해서는 안 되며 가자 지구를 이스라엘이 영구적으로 점령하거나 재식민지화해서는 안 된다는 견해를 공유한다""고 말했습니다.  요르단에는 이미 수백만 명의 팔레스타인인이 거주하고 있으며, 이집트에는 수만 명이 거주하고 있습니다. 두 나라와 다른 아랍 국가들은 가자지구의팔레스타인인들이 자국으로 이주하는 것을 거부하고 있습니다. 가자지구는 팔레스타인 사람들이 미래 팔레스타인 국가의 일부로 원하고 있는땅입니다.     (글: 프리데리케 하이네, 편집: 마티아스 윌리엄스)  friederike.heine@thomsonreuters.com     (c) Copyright Thomson Reuters 2020. Click For Restrictions - https://agency.reuters.com/en/copyright.html        Keywords: ISRAEL-PALESTINIANS/USA-GERMANY (URGENT)   원문 바로가기    DISCLAIMER  레피니티브의 사전, 서면 승인 없는 톰슨로이터 콘텐츠의 재생산이나 재배포는 금지되어 있습니다. 이 기사의 한국어 번역은 에프앤가이드가 사용하는 기계적 번역에 의한 것으로 톰슨로이터와 레피니티브는 번역의 정확성을 보증하지않습니다."
125,7,"2025-01-27","20:06:13","어닝 폴 - 볼보 AB <VOLVb.ST>? 1월 29일 마감되는 4분기 실적","EARNINGS POLL - Volvo AB ?fourth quarter results due on January 29  1월 27일(로이터) - (모든 수치는 스웨덴 크라운화 기준)  볼보 AB는 1월 29일에 4분기 실적을발표합니다.   현재까지 볼보 AB의 주가는 9.20% 상승했습니다.   아래는 LSEG 데이터를 기반으로 한 분기별 및연간 애널리스트 예상 결과 표입니다.    분기부터 2024년 12월까지  애널리스트 수  평균 추정치     수익  8  132.82억   세전 이익  7  14.42억   EPS  8  5.44   EBIT  8  14.51억   순이익  7  10.88억    2024년 12월까지  분석가 수  평균 추정치     수익  19  523.49억   세전 이익  16  66.70억   EPS  19  25.23   EBITDA  18  85.69억   EBIT  19  66.83억   순이익  16  5129억   배당금  15  18.32   순 부채  9  -81.16억   볼보 AB는 OMX Stockholm_PI에 속해 있습니다. 여론조사와 보고서 발행 사이에 합의 추정치가 업데이트될 수 있다는 점에 유의하세요.  이 요약은 1월 27일 06:22에 자동 생성되었습니다.     (그단스크 뉴스룸)  gdansk.newsroom@thomsonreuters.com ; +48 58 7696600) )     (c) Copyright Thomson Reuters 2020. Click For Restrictions - https://agency.reuters.com/en/copyright.html        Keywords: VOLVO-RESULTS/(EARNINGS POLL)   원문 바로가기    DISCLAIMER  레피니티브의 사전, 서면 승인 없는 톰슨로이터 콘텐츠의 재생산이나 재배포는 금지되어 있습니다. 이 기사의 한국어 번역은 에프앤가이드가 사용하는 기계적 번역에 의한 것으로 톰슨로이터와 레피니티브는 번역의 정확성을 보증하지 않습니다."
126,1,"2025-01-27","19:58:17","버즈 댓글-피드-스피치 요약: 조심스럽게 낙관적 전망","BUZZ-COMMENT-Fed-speak roundup: cautiously optimistic  1월 27일 (로이터) - 다가오는 연방준비제도(연준) 결정에서 통화정책이 중단될 것이라는 시장의 예상이 완전히 반영된 가운데,성명서와 제롬 파월 의장의 기자회견에 초점이 맞춰질 것입니다.  아래 표에 표시된 12월 이후 연준 관계자들의 논평은 추가 금리 인하에 대한 시급성이 덜하다는 입장이었으며, 이는 이전 회의에서 파월 의장의 메시지를 지지하는 것이었습니다.  위원회의 매파적인 위원들은 디스인플레이션 과정이 정체될 위험이 커지고 있다는 우려를 표명했으며, 이로 인해 현재 정책의 제한성에 대한 의문이 제기되고 있습니다.  반면, 위원회가 나아갈 방향에 대한 주요 지표로 여겨지는 크리스토퍼 월러 연준 위원은 다소 비둘기파적인 성향을 보였습니다.  금리 결정자는 인플레이션이 더 완화될 경우 3월 인하 가능성을 완전히 배제할 수 없다고 시사하는 한편, 올해 두 차례 25bp 인하에 대한 점도표 전망보다 많은 3~4차례 금리 인하의 문이 열려 있다고 밝혔습니다.  연준은 통화 측면에 영향을 미칠 수 있는 미국 무역 정책의 중대한 변화를 배경으로 신중한 입장을 되풀이할 가능성이 높습니다. 그러나 파월 의장이 3월 인하 가능성을 배제할 수 없다고 언급할 경우시장이 9bp의 완화 기조를 가격에 반영한 만큼 달러에 부담으로 작용할 수 있습니다.     자세한 내용을 보려면        (저스틴 맥퀸은 로이터 시장 분석가입니다. 표현된 견해는 본인의 의견입니다.)  justin.mcqueen@thomsonreuters.com        (c) Copyright Thomson Reuters 2020. Click For Restrictions - https://agency.reuters.com/en/copyright.html   원문 바로가기    DISCLAIMER  레피니티브의 사전, 서면 승인 없는 톰슨로이터 콘텐츠의 재생산이나 재배포는 금지되어 있습니다. 이 기사의 한국어 번역은 에프앤가이드가 사용하는 기계적 번역에 의한 것으로 톰슨로이터와 레피니티브는 번역의 정확성을보증하지 않습니다."
126,2,"2025-01-27","19:57:28","김정은도 'MZ세대 포섭' 고민···""청년돌격대 띄우는 이유""","김정은 북한 국무위원장이 젊은이들의 이탈을 막기 위해 '백두산영웅청년돌격대' 선전에 공을 들이고 있다는 분석이 제기됐다. 백두산영웅청년돌격대는 북한의 대형 토목·건설 공사에 수시로 파견되는 청년단체다.   27일(현지시간) 미국 월스트리트저널(WSJ)에 따르면 북한은 백두산영웅청년돌격대가 지난해 여름 수해를 입은 압록강 유역 평안북도 지역 복구에 공로를 세운 것을 계기로 이 단체의 활약상을 적극 선전하고 있다. 30만명에 달하는 대원들이 복구작업에 자원한 결과 4개월간 1만5000여채의 주택과 학교, 병원 등을 재건했다는 것이 북한의 주장이다. 김 위원장은 공개석상에서 스스로를 이 단체의 ""자애로운 아버지""라고칭하며 치하했다. 이번 복구작업에 대해 ""우리 젊은이들이 사회주의의 충실한 수호자이자 믿음직한 일꾼으로 훈련할 좋은 기회""라고 평가하기도 했다.   북한 최고인민회의도 이들의 활약상을 두고 ""국가의 정신을 보여줬다""고 찬사를 보냈다. 북한 매체들은 돌격대원들이 평안북도 지역에 배치된 이후 매달 그들의 활동을 보도하고 애국심과 의욕을 칭찬하는 등 집중 보도를 이어가기도 했다.   그러나 실제로는 어느 집단보다 '이념적 이탈'에 취약한 젊은층을 겨냥한 선전 작업이라는 것이 WSJ의 분석이다. WSJ은 ""김정은은 북한에서 신처럼 숭앙받는 것처럼 보이지만 젊은 층의 이탈이라는 중대한 위협을 맞이하고 있다""며 ""그는 특히 강력한 정보 통제의 틈새로 할리우드 영화나 K-팝이 흘러들어와 주민들이 외부 세계를 엿보는 것을 두려워하고 있다""고 전했다. WSJ는 김 위원장이 지난해 통일 정책을 폐기하고한국과의 관계를 ‘적대적 두 국가’로 재정의한 점, 국경 통제를 강화한 점, 미니스커트뿐만 아니라 '남친' 같은 축약어 사용도 금지한 점등이 이러한 두려움에서 기인했다고 봤다.   피터 워드 세종연구소 연구위원은 김정은 위원장이 ""젊은 층을 육체노동에 몰두하게 만들어 그들이 모여 한국의 TV를 시청하고 불온한 사상을 키우는 것을 막으려 한다""고도 설명했다. 한국 정부의 2023년 보고서에 따르면 백두산영웅청년돌격대와 같은 청년단체에 많은 주민이 강제로 징용돼 심각한 영양 부족을 겪으며 일하고 있다. 북한은 약 2년 전 온실 공사에 투입된 18세의 소녀 군인이 응급수술을 받고도 일을 하다가 숨진 일을 미담으로 홍보하기도 했다. /유주희 기자 ginger@sedaily.com  [서울경제 관련뉴스] 트럼프가 콕 집은 北 '해변 콘도'는 어디 韓 대사관 오픈에 뿔났나···김정은 연하장 못 받은 '北 형제국' 공장 지어놓고 놀려두는 北···선전은 열심 ""샤넬·디올이 왜 여기서 나와?""···北 쇼핑몰에 '명품 브랜드' 등장했다는데  젤렌스키, 北포로 영상 추가공개···""오직 전쟁 위한 도구"" 황준국, 北 미사일 발사 ""피묻은 돈” 직격  외화벌이 나선 北, '평양국제마라톤' 6년만 개최  지상 30㎝ 물체·탱크 번호판까지 식별···손금보듯 北 살핀다 [이현호 기자의 밀리터리!톡]  ""北, 파병군 유가족 불러 전사증 주고 '발설 금지'···지장 찍고 오열했다"" 해변 관광지 열고 비행기 띄우고···北 관광 정상화 박차, 모객은 '글쎄'   통장에 ""30만원"" 있다면 무료 지원금받아 ""반드시"" 수익난다!!>>>[무료체험]  ▶20년 연속 점유율 1위 하이스탁론  [급등주 大공개] 알고리즘 데이터 실시간 분석 ""급등"" 종목과 매수 타이밍까지! >>바로 확인   [ⓒ 서울경제, 무단 전재 및 재배포 금지]"
126,3,"2025-01-27","19:54:46","“배꼽티·문신 안돼”…비행기 탈 때 복장규정 내건 항공사들","외국의 일부 항공사들이 승객들의 복장 규정을 강화하고 있다는 외신 보도가 나왔다. 25일(현지시각) 미 폭스뉴스, CNN 등은 미 저비용항공사(LCC) 스피릿 항공의 사례를 소개했다. 스피릿 항공은 지난 22일 “맨발이거나 부적절한 옷차림을 한 경우, 옷과 문신 등 신체 예술 등이 외설적이거나타인에게 불쾌감을 주는 경우에는 항공편에서 퇴장당할 수 있다”라는 복장 규정을 발표했다. 부적절한 옷차림에는 △속이 훤히 비치는옷 △노출이 심한 옷 △가슴이나 엉덩이 등 민감한 신체부위가 드러난 옷 등이 대표적이다. 신체 장식에는 문신도 포함됐다. 스피릿 항공 측은 원래 ‘음란하거나 외설적인, 타인에게 불쾌감을 주는 것으로 간주되는 의류’를 금지했었다. 하지만 최근 항공사가 부적절한 옷차림을 한 승객을 여객기에서 퇴장시키는 사례가 여러 건 발생하자, 더 세부적인 규정을 내놓은 것이다. 앞서 지난해 10월 여성 승객 두명이 스피릿 항공 여객기에 탑승했다가 하선 요구를 받은 바 있다. 당시 이 승객들은 배가 드러나는 크롭티(배꼽티)를 입고 있었다. 다른 항공사들도 각자 승객 복장 규정을 두고 있는 것으로 알려졌다. 스피릿 항공처럼 ‘외설적이거나 타인에게 불쾌감을 주지 않아야 한다’는 규정이대부분이다. 하와이안 항공의 경우, 승객들의 수영복 착용과 맨발을 금지하고 있다. 반바지는 허용되나 남성용 삼각 수영복과 여성용 비키니 등은 금지된다. 항공사는 “어떠한 경우에도 옷차림이 음란 또는 외설적이거나 타인에게 불쾌감을 줘서는 안 된다”고 설명했다. 사우스웨스트 항공과 아메리칸 항공도 외설적이거나 불쾌감을 주는 옷, 맨발을 금지하고 있다. 유나이티드 항공은 “적절한 옷을 입어야 한다”라고만 명시해, 비교적 느슨한 규정을 적용하고 있다. 델타 항공은 규정에 구체적인 복장을 명시하지는 않았으나, “승객의 행동, 복장, 위생, 또는 냄새가 다른 승객에게 불쾌감을 주거나, 위험을 초래할 경우 해당 승객을 퇴장시킬 수 있다”고 설명했다.    [ⓒ 매일경제 & mk.co.kr, 무단 전재, 재배포 및 AI학습 이용 금지]"
126,4,"2025-01-27","19:53:16","버즈-암호화폐 주식, 비트코인 약세 추적 하락","BUZZ-Crypto stocks fall tracking bitcoin weakness  ** 비트코인이 10만 달러 아래로 떨어지면서 암호화폐 및 블록체인 관련 기업의 주가가 개장 전 하락했습니다.  ** 세계 최대 암호화폐인 비트코인은 약 6.3% 하락한 98,547달러, 이더리움은 8.4% 하락한 3050달러를 기록했습니다.  ** 암호화폐 거래소 코인베이스글로벌은 6.9% 하락, 블록체인 농장 운영사 비트팜스는 약 4% 하락했습니다.  ** 암호화폐 채굴자: 라이엇 플랫폼, 마라 홀딩스, 미국상장사 헛 8, 비트 디지털의 주식이 9.7%에서 6.4%로 하락했습니다.  ** BTC 매수자 MicroStrategy, 6.7% 하락  ** 가나안 주식회사 5.3% 하락  ** 프로셰어즈 비트코인 전략 ETF, 5.9% 하락  ** 도널드 트럼프 미국 대통령은 지난주 암호화폐 규제안을 마련하고 미국 암호화폐 비축을 모색하기 위한 새로운 실무 그룹을 구성하는 데 서명했습니다.  ** 트럼프 당선 이후 암호화폐 시장은 더 우호적인 규제에 대한 기대감으로 급등했습니다.  ** 2024년 BTC는 120% 상승     (Reporting by Sanchayaita Roy in Bengaluru)  Sanchayaita.roy@thomsonreuters.com        (c) Copyright Thomson Reuters 2020. Click For Restrictions - https://agency.reuters.com/en/copyright.html   원문 바로가기    DISCLAIMER  레피니티브의 사전, 서면 승인 없는 톰슨로이터 콘텐츠의 재생산이나 재배포는 금지되어 있습니다. 이 기사의 한국어 번역은 에프앤가이드가 사용하는 기계적 번역에 의한 것으로 톰슨로이터와 레피니티브는 번역의 정확성을 보증하지 않습니다."
126,5,"2025-01-27","19:53:12","시진핑, 대국민 설 인사 ""외부충격 대비·해소해 경제회복 지속""","시진핑, 대국민 설 인사 ""외부충격 대비·해소해 경제회복 지속""       (서울=연합뉴스) 권수현 기자 = 시진핑 중국 국가주석이 27일 핵심 분야에서의 위험과 외부 충격을 잘 대비하고 완화해 경제가 지속적으로 회복하도록 해야 한다고 말했다.      중국 관영 신화통신에 따르면 시 주석은 중국 최대 명절인 춘제(春節·중국의 설)를 앞둔 이날 오전 베이징 인민대회당에서 열린 '2025년 춘제 새해 인사(團拜會)'에 참석해 연설하며 이같이 당부했다.      시 주석은 ""곧 지나갈 갑진년 용의 해는 우리의 용마정신(龍馬精神, 용과 말처럼 건전하고 활기찬 정신)을 진작시켜 비바람과 무지개를두루 겪은 한해였다""며 ""1년간 복잡하고 가혹한 상황에 맞서 침착하게 대응하고 종합적으로 정책을 시행, 난관을 극복하고 격려하며 나아갔다""고 돌아봤다.      그는 또 지난 ""1년 동안의 발전 과정이 결코 평범하지 않으며, 성과는 고무적""이라며 ""우리 나라는 여전히 세계 경제성장의 중요한 엔진""이라고 말했다.      그러면서 '14차 5개년 계획' 마무리되는 2025년을 맞아 ""전면적 개혁을 더 심화하고 높은 수준의 대외 개방을 확대하며, 중점분야에서의위험과 외부 충격을 대비하고 해소해 경제가 지속해서 회복되고 좋아지도록 추진해야 한다""고 강조했다.      시 주석은 또 중국 문화에서 뱀이 영성과 지혜, 생명력의 상징으로 풍년, 상서로움, 복을 의미했다면서 ""을사년 뱀의 해, 전국 각 민족과 인민들은 뱀이 천리를 달리는 기세를 가지고 굳은 자신감과 가득 찬 희망으로 개척하며 싸워나가 중국식 현대화의 새로운 장을 함께 써 나가자""고 말했다.      이날 새해 인사 행사는 리창 총리가 주재했으며 자오러지·왕후닝·차이치·딩쉐샹·리시·한정 등 당정 지도부가 참석했다고 신화통신은 전했다.      inishmore@yna.co.kr  (끝)     <저작권자(c) 연합뉴스, 무단 전재-재배포, AI 학습 및 활용 금지>"
126,6,"2025-01-27","19:51:30","국민 MC가 '성상납'이라니 난리난 일본…후지TV 회장·사장 줄사임","[머니투데이 홍효진 기자]   일본의 국민그룹 '스마프'(SMAP)의 리더 출신인 나카이 마사히로의 성 상납에 후지TV 간부가 관여했단 의혹이 제기된 가운데, 경영진이 ""책임을 통감한다""며 사임 의사를 밝혔다.   27일 NHK에 따르면 후지TV 카노 슈지 회장과 미나토 코이지 사장은 이날 열린 기자회견에서 사임 의사를 밝혔다. 카노 회장은 ""인권 의식 부족으로 피해 여성을 충분히 보호하지 못한 것에 대해 진심으로 사과하고 싶다""며 ""사태를 초래한 책임은 저희 경영진이며 오늘부로 후지TV 및 후지 미디어 홀딩스의 대표 이사 회장직을 사임하겠다""고 말했다.   미나토 사장 역시 ""책임을 통감하고 후지TV 사장직과 후지 미디어 홀딩스의 이사직을 사임했다""며 ""제3자 위원회 조사 대상으로 협력하며 진실 해명과 재발 방지, 기업 쇄신을 위해 노력하겠다""고 말했다. 미나토 후임으로는 시미즈 켄지 후지 미디어 홀딩스 전무가 임명됐다.   앞서 일본 주간지 여성세븐과 슈칸분슌 등 현지 매체는 후지TV 간부가 유명 연예인 나카이 마사히로의 성 상납에 관여했다고 보도한 바 있다. 현지 그룹 스마프의 리더로 유명세를 탄 나카이는 최근 TV 프로그램 진행자로 활동해왔다. 나카이는 의혹이 제기된 뒤에도 연예계 활동을 이어가겠다고 했지만 논란이 거세지자 지난 23일 은퇴를 발표했다.   미나토 사장은 해당 의혹과 관련 지난 17일 기자회견을 열었지만, 당시 참석자를 제한하고 영상 촬영을 금지해 비판받은 바 있다. 미나토 사장은 자사 간부의 성 상납 의혹 정황을 파악한 뒤에도 니카이를 계속 프로그램에 출연시킨 것으로 알려졌다.   미나토 사장의 기자회견 이후 도요타자동차·세븐&아이홀딩스·기린홀딩스 등 주요 기업이 후지TV 광고를 연이어 중단했고, 이에 후지TV 는 ""많은 광고주와 광고회사에 폐를 끼쳤다""며 사과했다.   한편 이시바 시게루 일본 총리는 이날 중의원 본회의에서 ""총무성은 후지TV에 제3자 위원회에서 조사를 진행하고 적절한 대응을 할 것을 요청했다""며 ""민간 방송사에서 인권 문제가 발견될 경우 위원회를 설치하는 등 방안을 검토 중""이라고 말했다.     [관련기사] ☞ 전한길 ""난 노사모 출신""…노무현재단 ""법적 대응"" ☞ ""이따 얘기해""…김종민, 예비신부에 '재방료' 들통 ☞ ""다른 남자와 잠자리 강요""…이혼 변호사도 당황 ☞ '상습도박' 슈, SES 자료화면서 모자이크 '굴욕' ☞ 집 곳곳에 커플사진?…지상렬, 동거녀 공개   홍효진 기자 hyost@mt.co.kr     키워드림론 최대 4배 주식자금 & 고금리 대환상품 한도 오픈! (1644-6960)   [무료운세] 믿어야 돼 말아야 돼? 종목매수전에 믿고보는 '오늘의 운세'        [파워 인터뷰]       매수전에 점 부터 보고 가실께요 -> 오늘의 운세 [복채무료]      ⓒ 머니투데이 & mt.co.kr, 무단 전재 및 재배포 금지"
126,7,"2025-01-27","19:50:56","독일 모젤 강, 자물쇠 수리 후 재개장 예정","Mosel river in Germany set to reopen after lock repairs  함부르크, 1월 27일 (로이터) - 독일 서부의 모젤 강은 손상된 자물쇠 수리가 빠르게 진행됨에 따라 이번 주 후반에 화물 운송이 재개될 수 있다고 항해 당국이 월요일에 밝혔다.  독일과 프랑스 사이의 곡물과 유채의 중요한 운송 경로인 이 강은 12월에 코블렌츠 남쪽 무에덴의 자물쇠가 손상되어 내륙 수로 운송이 폐쇄되었습니다.  현재 새로운 갑문이 설치되었으며 목요일에서 금요일로 예상되는 첫 번째 시험 선박 통과를 위해 준비 중이라고 내륙 항행 기관인 WSA의 대변인이 말했습니다.  모든 것이 순조롭게 진행되면 금요일이나 토요일에 강이 상업적 운송을 위해 재개될 수 있다고 대변인은 말했다.  12월 유럽은 거래 플랫폼 유로넥스트가 모젤강이 막히면서 2월 계약을 위해 프랑스 동부의 강 항구로 실물 배송을 중단한다고 밝히자 상승세를 보였습니다.     (Reporting by Michael Hogan, editing by Ros Russell)  michael.j.hogan@thomsonreuters.com ; +49 172 671 36 54; Reuters Messaging:      (c) Copyright Thomson Reuters 2020. Click For Restrictions - https://agency.reuters.com/en/copyright.html        Keywords: SHIPPING-GERMANY/MOSEL   원문 바로가기    DISCLAIMER  레피니티브의 사전, 서면 승인 없는 톰슨로이터 콘텐츠의 재생산이나 재배포는 금지되어 있습니다. 이 기사의 한국어번역은 에프앤가이드가 사용하는 기계적 번역에 의한 것으로 톰슨로이터와 레피니티브는 번역의 정확성을 보증하지 않습니다."
127,1,"2025-01-27","19:35:30","개요-와이어 퍼시픽, 1월 27일 120만 홍콩달러에 11만 B주 매입 - 홍콩증권거래소 제출","BRIEF-Swire Pacific Bought Back 110,000 B Shares For Hk$1.2 Mln On Jan 27 - HKEX Filing  1월 27일(로이터) - 홍콩거래소:  스웨어 퍼시픽, 1월 27일 120만 홍콩달러에 110,000B주 매입 - 홍콩거래소 제출   스웨어 퍼시픽, 1월 27일 620만 홍콩달러에 9만 주를 매입 - 홍콩증권거래소 제출   Further company coverage:      Reuters.Briefs@thomsonreuters.com ;;))        (c) Copyright Thomson Reuters 2020. Click For Restrictions - https://agency.reuters.com/en/copyright.html   원문 바로가기    DISCLAIMER  레피니티브의 사전, 서면 승인 없는 톰슨로이터 콘텐츠의 재생산이나 재배포는 금지되어 있습니다. 이 기사의 한국어 번역은 에프앤가이드가 사용하는 기계적 번역에 의한 것으로 톰슨로이터와 레피니티브는 번역의 정확성을 보증하지 않습니다."
127,2,"2025-01-27","19:34:35","러 ""푸틴·트럼프 대화 신호 없어…시간 걸릴 것""","러 ""푸틴·트럼프 대화 신호 없어…시간 걸릴 것""       (모스크바=연합뉴스) 최인영 특파원 = 러시아는 아직 미국으로부터 블라디미르 푸틴 러시아 대통령과 도널드 트럼프 미국 대통령의 접촉에 대한 신호를 받지 못했다고 27일(현지시간) 밝혔다.      타스, 리아노보스티 통신에 따르면 드미트리 페스코프 크렘린궁 대변인은 이날 브리핑에서 ""우리는 아직 미국으로부터 어떤 신호도 받지못했다""고 말했다.      이어 ""준비 태세는 유지되고 있다. 우리가 아는 한 미국도 동일한 준비가 유지되고 있다""며 ""확실히 어느 정도 시간이 필요하다""고 덧붙였다.      트럼프 대통령이 지난 20일 취임 후 우크라이나 문제 종식을 위해 푸틴 대통령과 협상해야 한다고 지속해서 주장한 가운데 푸틴 대통령도 지난 24일 ""오늘날 현실에 기반해 침착하게 대화하도록 만나는 게 좋을 것""이라고 밝혀 미러 정상회담에 대한 관심이 높아진 상황이다.      페스코프 대변인은 회담이 러시아나 미국에서 조직될 가능성에 대한 질문에 ""그런 문제는 원칙적으로 국가 지도자들이 적절하다고 판단되는 시점에 직접 논의한다""고 답했다.      그는 우크라이나군이 일부 장악하고 있는 접경지 쿠르스크의 피해 규모에 대해서는 ""우리 영토가 아직 완전히 해방되지 않은 것이 분명하기 때문에 신뢰할 수 있는 수치를 계산하고 제공하는 것은 불가능하다""며 말을 아꼈다.       앞서 지난 23일 쿠르스크주 복구개발부 장관 대행 알렉세이 카르나우시코는 우크라이나군 침공에 따른 쿠르스크 지역의 피해가 약 7천500억루블(약 10조8천억원)에 달한다고 언급한 바 있다.      abbie@yna.co.kr  (끝)     <저작권자(c) 연합뉴스, 무단 전재-재배포, AI 학습 및 활용 금지>"
127,3,"2025-01-27","19:34:32","인도 증시-실적 악화로 인도 주가가 7개월 만에 최저치를 기록했습니다.","INDIA STOCKS-Earnings woes drag Indian shares to seven-month low    1월 27일 (로이터) - 월요일 인도 증시는 부진한 실적 발표로 기업 이익 둔화가 지속될 것이라는 우려가 커지면서 벤치마크 지수인 니프티 50과 센섹스 지수가 7개월 만에 최저치로 마감하면서 1% 이상 하락했습니다.  니프티 50 지수는 1.14% 하락해 22,829.15로 마감했고, BSE 센섹스 지수는 1.08% 하락해 75,366.17로 마감했습니다.    소형주는 3.8%, 중형주는 2.75% 하락하며 모두 2주 만에 최악의 세션을 기록했습니다. 13개 주요 섹터 모두손실을 기록했습니다.  ""12월 분기 실적 둔화는 국내 시장의 주요 골칫거리였으며, 설비 투자와 소비의 약세가 투자 심리를 위축시켰습니다.""라고 Profitmart 증권의 리서치 책임자 Avinash Gorakshakar는 말합니다.  실적을 발표한 기업 중 IDFC 퍼스트 은행은 소액 금융대출 감소로 인해 분기 수익이 약 9% 하락했습니다.  AU 소금융 은행도 2025 회계연도 대출 성장률 전망치를 5.25%로 낮췄습니다.  JSW Steel은 가격 하락과 냉각 수요로 인해 분기 이익 추정치를 하회한 후 2% 하락했습니다. 이는 금속 가격 하락과 함께 금속 주가를 3% 가량 끌어내렸습니다.  이러한 추세와는 반대로, 2위 민간 대출업체인 ICICI 은행은 대출 성장에 힘입어 분기 수익이 증가하면서 주가가 1.6% 상승했습니다.  그러나 암울한 분위기에 더해 제약주는 2.65% 하락했습니다. 분석가들은 미국이 에이즈 구호 자금 지원을 중단할 것으로 예상되며, 이는 에이즈 치료제 제조업체에 타격을 줄 것이라고 말했습니다.  ICICI 증권 기준 이 프로그램에 가장 많이 노출된 로러스 랩스는 11.3% 하락했습니다. Cipla는 1% 하락했고 오로빈도 파마와 스트라이드 파마는 3~4% 하락했습니다.      (Reporting by Bharath Rajeswaran in Bengaluru; Editing by Sherry Jacob-Phillips, Janane Venkatraman and Savio D'Souza)  bharath.rajeswaran@thomsonreuters.com ; +91 9769003463; ))     (c) Copyright Thomson Reuters 2020. Click For Restrictions - https://agency.reuters.com/en/copyright.html        Keywords: INDIA-STOCKS/   원문 바로가기    DISCLAIMER  레피니티브의 사전, 서면 승인 없는 톰슨로이터 콘텐츠의 재생산이나 재배포는 금지되어 있습니다. 이 기사의 한국어 번역은 에프앤가이드가 사용하는 기계적 번역에 의한 것으로 톰슨로이터와 레피니티브는 번역의 정확성을 보증하지 않습니다."
127,4,"2025-01-27","19:33:55","설 연휴 폭설에 제주 오가는 항공편 114편 지연…여객선도 통제","설 연휴인 27일 전국적으로 많은 눈이 내리면서 제주 기점 일부 노선 항공편이 결항하고 100여편이 넘는 항공편이 지연 운항했다.  한국공항공사 제주공항과 제주지방기상청에 따르면 이날 오후 6시 현재까지 김포행 1편과 원주행 2편, 여수행 2편 등 출발편 5편이 결항하고, 도착편 5편이 결항했다. 지연 운항한 항공편은 왕복 114편이다.   제주 산지에 대설경보가 발효돼 많은 눈이 내리면서 제주시와 서귀포시를 연결하는 한라산 횡단도로인 1100도로와 516도로의 차량 운행이전면 통제되고, 눈꽃버스 운행도 중단됐다.   한라산 등반 5개 코스와 어승생악탐방로, 석굴암탐방로도 전면 통제됐다.   산지에 최근 24시간 쌓인 적설량은 어리목 37.8㎝, 삼각봉 35.8㎝, 사제비 35㎝, 영실 25.5㎝, 성판악 17.2㎝, 산천단 6.3㎝, 새별오름 2.6㎝ 등이다.   제주 해상에 풍랑특보가 발효되면서 제주∼추자∼완도 항로의 송림블루오션호와 제주∼진도 항로의 산타모니카호, 제주∼완도 항로의 실버클라우드호가 결항했다.   또 국토 최남단 마라도와 가파도 항로의 여객선 운항도 통제됐다. 제주지방기상청은 오늘 밤부터 29일 오전 사이 강약을 반복하면서 중산간 이상 산지를 시간당 1∼3㎝의 강한 눈이 내리는 곳이 있겠고, 해안지역에도 눈이 내려 쌓이면서 대설특보가 발표될 가능성이 있겠다고 전망했다.   그러면서 폭설로 축사나 비닐하우스 등 약한 구조물이 붕괴하거나 차량이 고립될 가능성이 있으니 각별히 유의해달라고 당부했다. 많은 눈으로 항공기 운항에 차질이 있을 수 있으니 이용객들은 사전에 운항 정보를 확인해야 한다고 덧붙였다.     ● 주식으로 돈 벌까? 오늘의 운세로 확인  ● 무조건 오르는 비공개 종목 '반드시' 확인하기(무료 체험)  ● 텔레그램에만 있는 비밀정보? “사람들이 텔레그램이 몰리는 이유!”   [관련기사]  ☞ 영동고속도로서 버스·승용차 등 11 중 추돌…10명 중경상  ☞ 김동연, 대설 대비 ""도-시군 긴급지원체계 가동 지시""  ☞ 이틀간 최대 30cm 눈…대설 위기 경보 '관심→주의'로 상향(종합)  ☞ 대설주의보 내린 호남…이틀간 최대30㎝ 예상  ☞ 투자 성공의 핵심은 기업분석! 'CORE' 바로가기      김보경 기자 bkly477@asiae.co.kr   <ⓒ투자가를 위한 경제콘텐츠 플랫폼, 아시아경제(www.asiae.co.kr) 무단전재 배포금지>"
127,5,"2025-01-27","19:33:49","이스탄불 시장이 또 다른 사법 조사를 받았다고 언론이 보도했습니다.","Istanbul mayor hit with another judicial probe, media reports  이스탄불, 1월 27일 (로이터) - 이스탄불 검찰이 월요일 야당이 운영하는 지방 자치 단체에 대한 법적 수사를 비판한 후사법부에 영향을 미치려 한 혐의로 이스탄불 시장 에크렘 이마모글루에 대한 또 다른 사법 조사를 시작했다고 터키 언론이 보도했습니다.  이 수사 소식은 타이이프 에르도안의 유력한 차기 대선 도전자로 꼽히는 이마모글루가 에르도안 정부가 사법부를 야당을 압박하는 정치적도구로 이용하고 있다고 비난한 지 몇 분 후에 나왔습니다.  이마모글루는 기자회견에서 이마모글루가 속한 제1야당인 정의개발당(CHP) 이 운영하는 이스탄불의 여러 사법 조사에 동일한 전문가 증인이 임명되었다고 말했습니다.  정부는 이 사건에 대한 정치적 개입 의혹을 일축하며 사법부는 독립적이라고 밝혔습니다.  민간 통신사 Anka와 다른 터키 언론이 보도한 이 새로운 수사는 이스탄불 검찰이 CHP의청년 지부장을 잠시 구금한 것에 대해 비판한 이마모글루에 대한 수사가 시작된 지 일주일 만에 이루어졌습니다.  이마모글루는 이미 2022년 집권 AK당(AKP) 후보를 패배시킨 1차 지방선거의 취소 결정을 비판한 공직자 모욕죄로 징역형을 선고받은 바 있습니다. 그는 이 판결에불복해 항소했지만 상급 법원에서 판결이 유지될 경우 5년간 정계 진출이 금지될 수 있습니다.  그는 지난해 에르도안의 AKP가 지방선거에서 사상 최악의 패배를 당했을 때 시장으로 재선되었습니다.     (Reporting by Birsen Altayli, Writing by Huseyin Hayatsever, Editing by Jonathan Spicer and Mark Potter)      (c) Copyright Thomson Reuters 2020. Click For Restrictions - https://agency.reuters.com/en/copyright.html        Keywords: TURKEY-POLITICS/OPPOSITION (PIX)   원문 바로가기    DISCLAIMER  레피니티브의 사전, 서면 승인없는 톰슨로이터 콘텐츠의 재생산이나 재배포는 금지되어 있습니다. 이 기사의 한국어 번역은 에프앤가이드가 사용하는 기계적 번역에 의한것으로 톰슨로이터와 레피니티브는 번역의 정확성을 보증하지 않습니다."
127,6,"2025-01-27","19:32:43","귀중한-달러 회사로 금 하락; 연준 회의에 집중","PRECIOUS-Gold dips as dollar firms; Fed meeting in focus    1월 27일 (로이터) - 월요일 금값은 미국 달러가 강세를 보이면서 하락했고, 투자자들은 금리의 미래에 대한 단서를 얻기 위해 연방준비제도의 올해 첫 정책 회의에 관심을 돌렸습니다.  금 현물은 0.3% 하락한 온스당 2,764.21달러(1010 GMT 기준)로 금요일 사상 최고치에서 후퇴했습니다. 미국 금 선물은 0.4% 하락한 $2,769.30을 기록했습니다.  달러가 0.1% 상승하면서 다른 통화 보유자에게는 달러화 가격의 금이 더 비싸지게 되었습니다.  ""미국-콜롬비아 관세사태 이후 미국 달러가 회복세를 보이면서 금값이 하락했습니다. 현물 금 역시 최근 사상 최고치 경신에 실패했지만 기술적 하락 가능성이 무르익었습니다.""라고 Exinity Group의 수석 시장 분석가 한 탄이 말했습니다.  콜롬비아가 추방된 이민자들을 태운 군용기를 받아들이기로 합의한 후 미국과 콜롬비아가 무역 전쟁 가능성을 놓고 갈등을 빚고 있습니다.  역사적으로 금은 지정학적 불확실성과 인플레이션에대한 안정적인 헤지 수단이었으며, 수익률 부족이 단점이 되지 않는 저금리 환경에서 번성했습니다.  CME FedWatch 도구에 따르면 연준은 1월 28~29일 회의에서 금리를 동결할 것으로 예상됩니다. 이는 지난해 9월부터 시작된 금리 인하 사이클의 첫 번째 일시 정지가 될 것입니다.  한편, 연준은 목요일에 금리를 또다시 25bp 인하할 예정입니다.  한편, 지난주 온스당 0.9% 상승했던 은 현물은 0.5% 하락한온스당 30.46달러를 기록했습니다.  키네시스 머니의 시장 분석가인 프랭크 왓슨은 메모에서 ""지난주 금-은 가격 비율이 지난 3년간 평균인 약 85를 약간 웃도는 90 이상으로 상승했다""며 ""이는 은이 금에 비해 추가 상승할 수 있는 잠재력을 가지고 있음을 시사한다""고 말했습니다.  팔라듐은 1.6% 하락한 971.75달러, 백금은 0.1% 상승한 949.85달러를 기록했습니다.      (Reporting by Anjana Anil in Bengaluru; Editing by Eileen Soreng)  Anjana.Anil@thomsonreuters.com     (c) Copyright Thomson Reuters 2020. Click For Restrictions - https://agency.reuters.com/en/copyright.html        Keywords: GLOBAL-PRECIOUS/ (UPDATE 4)   원문 바로가기    DISCLAIMER  레피니티브의 사전, 서면 승인 없는 톰슨로이터 콘텐츠의 재생산이나 재배포는 금지되어 있습니다. 이 기사의 한국어 번역은 에프앤가이드가 사용하는 기계적 번역에 의한 것으로 톰슨로이터와 레피니티브는 번역의 정확성을 보증하지 않습니다."
127,7,"2025-01-27","19:31:17","요약-피라말 엔터프라이즈 12월 분기 순이익 3억 8,560만 루피","BRIEF-Piramal Enterprises Dec-Quarter Consol Profit 385.6 Mln Rupees  1월 27일 (로이터) - 피라말 엔터프라이즈 Ltd :  피라말 엔터프라이즈 12월 분기 순이익 3억 8,560만루피   피라말 엔터프라이즈 12월 분기 영업 수익 244억 9,000만 루피   소스 텍스트: [ID:]  Further company coverage:      Reuters.Briefs@thomsonreuters.com        (c) Copyright Thomson Reuters 2020. Click For Restrictions - https://agency.reuters.com/en/copyright.html   원문 바로가기    DISCLAIMER  레피니티브의 사전, 서면 승인 없는 톰슨로이터 콘텐츠의 재생산이나 재배포는 금지되어 있습니다. 이 기사의 한국어 번역은 에프앤가이드가 사용하는 기계적 번역에 의한 것으로 톰슨로이터와 레피니티브는 번역의 정확성을 보증하지 않습니다."
128,1,"2025-01-27","19:21:53","원주 영동고속도서 눈길 13중 연쇄 추돌...2명 중상·8명 경상","[원주=뉴스핌] 오영균 기자 = 27일 오전 11시 22분쯤 강원도 원주시 가현동 영동고속도로 강릉 방향 가현교 인근 도로에서 대형버스를 비롯한 승용차, SUV 등 차량 13대가 연쇄 추돌하는 사고가 발생했다.  이 사고로 2명이 크게 다치고 8명이 경상을 입어 출동한 119구급대에 의해 병원으로 옮겨졌다.     [원주=뉴스핌] 오영균 기자 = 강원도 원주시 영동고속도로 가현교 인근에서 13중 추돌사고로 파손된 차량이 수습되고 있다. [사진=송영훈 독자제공] 2025.01.27 gyun507@newspim.com  경찰에 따르면 많은 눈으로 인해 노면상태가 젖어있는 상태에서 차량들이 미끄러지며 제동 거리가 길어진 것으로 추정된다.  경찰과 소방당국은 버스기사 졸음운전 및 전방 주시태만 등으로 추정하며 운전자들 진술과블랙박스 영상 등을 토대로 정확한 사고 원인을 조사 중이다.  gyun507@newspim.com            저작권자(c) 글로벌리더의 지름길 종합뉴스통신사 뉴스핌(Newspim), 무단 전재-재배포 금지"
128,2,"2025-01-27","19:21:46","배달 상생안 연착륙 할까...이중가격제, 수수료 상한제 논의는 변수","쿠팡이츠도 조만간 시행방안 공개 풍선효과 따른 이중가격제 확대는 변수 수수료 상한 온플법 패스트트랙 가능성도   국내 배달 앱 1위 배달의민족이 배달 수수료 상생안을 다음달 이행한다고 밝힌 가운데 쿠팡이츠도 조만간 상생안 시행 방안을 공개할 예정이다. 정부와 배달 플랫폼은 상생안의 차질없는 이행을 강조하지만, 이중가격제가 확산하고 야당이 수수료 상한제를 띄우는 상황은 변수다. 배민은 다음달 26일부터 현재 9.8%로 통일된 배달 수수료를 2.0~7.8%로 차등해 적용한다. 수수료는 배달 매출 규모에 따라 3개 구간에 나워 차등 적용된다. 매출 상위 35%까지는 7.8%, 35~80%는 6.8%, 하위 20%는 2%의 수수료가 적용된다. 이때 상위 35%까지는 배달비가 현재보다 500원 인상된다. 이 경우 매출 상위 35% 업주는 주문금액이 2만5000원을 넘어야 수수료와 배달비를 합친 전체 배달 영업 부담이 지금보다 줄게 된다. 이에 배달수수료 부담을 줄이기 위한 이중가격제 도입이 프랜차이즈, 자영업자들 사이에서 이어지고 있다. 이중가격제는배달음식 가격을 매장 내 가격보다 높게 책정하는 방식이다. 수수료 상생안 시행 국면에서 배스킨라빈스(SPC), 롯데리아(롯데GRS), KFC, 맥도날드, 버거킹이 이미 도입했다. 상생안이 본격적으로 시행되면 이중가격제도 더욱 확산할 것이라는 전망이 나온다. 실제로 한국프랜차이즈산업협회는 배달 비중이 큰 치킨 프랜차이즈 등을 대상으로 이중가격제 도입을 권고할 계획이다. 이처럼 점주 부담이 소비자에게 전가되는풍선효과가 나타날 경우 상생안 의미는 퇴색하게 된다. 애초에 상생안이 ‘반쪽짜리’라고 비판했던 더불어민주당은 배달 수수료 상한제에 불을 붙이고 있다. 민주당은 지난 15일 배달앱 수수료 공정화 정책토론회를 열고 관련 법제화 내용을 논의했다. 이 자리는 상생안에 부정적 입장을 밝혀온 한국프랜차이즈산업협회가 주관했다. 상생안 도출을 주도한 공정거래위원회는 “토론회에서 지적한 내용을 향후 업무 추진과정에서 반영하도록 노력하겠다”고 밝혔다. 탄핵 정국에서 주도권을 잡은 거대 야당이 움직임에 나선 만큼, 상생안 시행이 차질을 빚을 경우 수수료 상한제 입법 논의가 더욱 구체화할 수 있다. 김남근 민주당 의원이 수수료 상한제를 담아 발의한 온라인플랫폼법은 국회 정무위원회 법안소위원회에서 논의 중이다. 민주당은 상임위원회 협의에 진전이 없을 경우 온라인플랫폼법을 패스트트랙으로 올려 최소 법안 통과여건을 마련한다는 계힉이다.    [ⓒ 매일경제 & mk.co.kr, 무단 전재, 재배포 및 AI학습 이용 금지]"
128,3,"2025-01-27","19:21:17","울진 금강송·온정면 4㎝ 눈...제설작업 조기 마무리·피해없어","[울진=뉴스핌] 남효선 기자 = 설 명절을 앞둔 27일 경북북동산지를포함 전국에 대설특보가 발효되면서 많은 눈이 쏟아진 가운데 울진군이 이날 새벽 5시, 금강송면과 온정면 일원서 제설작업을 서두르고 있다. 이날 금강송면 왕피·전곡·소광리와 온정면 구주령을 중심으로 4㎝의 눈이 쏟아졌다. 울진군은 덤프트럭 6대(경북도 2대)와 포터 3대, 트랙터 14대 등 제설장비와 제설인력 32명, 제설용 소금 4t, 염화칼슘 7t, 모래 20㎥등 제설제를 긴급 투입해 이날 오전 9시쯤 제설작업을 모두마무리했다. 폭설에 다른 피해는 발생하지 않은 것으로 것으로 전해졌다. 울진군은 대설주의보가 해제되지 않음에 따라 '비상1단계'를 유지하고 폭설과 한파 등에 선제 대응한다는 방침이다.[사진=울진군] 2025.02.27 nulcheon@newspim.com            저작권자(c) 글로벌리더의 지름길 종합뉴스통신사 뉴스핌(Newspim), 무단 전재-재배포 금지"
128,4,"2025-01-27","19:20:46","요약-일프라, 새로운 상업 자회사 일프라 프랑스 설립, 일프라 스파가 51% 소유","BRIEF-Ilpra SetS Up New Commercial Subsidiary Ilpra France, Ilpra SpA Owns 51%  1월 27일 (로이터) - ILPRA SpA :  새로운 상업 자회사 ILPRA 프랑스 설립, ILPRA 스파가 51% 소유   Further company coverage:      (그단스크 뉴스룸)  gdansk.newsroom@thomsonreuters.com ; +48 58 769 66 00; ))        (c) Copyright Thomson Reuters 2020. Click For Restrictions - https://agency.reuters.com/en/copyright.html   원문바로가기    DISCLAIMER  레피니티브의 사전, 서면 승인 없는 톰슨로이터 콘텐츠의 재생산이나 재배포는 금지되어 있습니다. 이 기사의 한국어 번역은 에프앤가이드가 사용하는 기계적 번역에 의한 것으로 톰슨로이터와 레피니티브는 번역의 정확성을 보증하지 않습니다."
128,5,"2025-01-27","19:20:38","인도 오일, 마진 하락과 LPG 부문 손실로 예상보다 적은 이익 기록","Indian Oil posts smaller-than-expected profit on lower margins, losses in LPG  1월 27일(로이터) - 인도 최대 정유사인 인도석유공사(IOC)는 월요일에 마케팅 마진 하락과 액화석유가스(LPG) 부문의 손실로 인해 예상보다 적은 3분기 수익을 발표했습니다.  이 국영 기업의 단독 순이익은 64.4% 급감한 287억 4,000만 루피(3억 3,290만 달러)를 기록했습니다. 애널리스트들은 LSEG가 집계한 데이터에 따라 평균적으로 518억 8,000만 루피의 수익을 예상했습니다.  석유 1배럴로 정유 제품을 만들어서 얻는 이익인 IOC의 평균 총 정제 마진은 지난해 4월부터 12월까지 배럴당 13.26달러에서 3.69달러로 떨어졌습니다.  IOC는 분기별 마진 수치를 제공하지 않습니다.     주요 컨텍스트     세계에서 세 번째로 큰 석유 소비국인 인도의 연료 소비는 제조 및 산업 활동의 증가로 인해 분기 중 증가세를 보였습니다.  그러나 IOC는 동종 업체인 HPCL 및 BPCL과 함께 원자재 비용 급등에도 불구하고 국내 가격이 변동이 없어 LPG 부문에서 손실이 발생하고 있습니다.  지난주에는마케팅 마진 하락과 LPG 부문의 손실로 인해 예상보다 적은 3분기 수익 성장률을 기록했습니다.  글로벌 원유 가격은 분기 중 4% 상승했습니다.  인도 오일은 자회사인 첸나이 석유와 함께 인도의 하루 500만 배럴 정제 능력의 약 3분의 1을 관리하고 있습니다.     피어 비교          가치 평가(향후 12개월)  예상치(향후 12개월)  애널리스트의 감정      RIC  PE  EV/EBITDA  매출 성장  수익 성장  평균 평점*  애널리스트 수  목표 가격 대비 주식**  Div 수익률(%)   인도 석유 공사   8.06  6.63  2.01  6.12  보류  21  0.78  9.36   힌두스탄 석유 공사   8.12  7.03  -4.55  11.93  보류  15  0.87  5.95   바라트 석유 공사   8.66  6.33  1.69  -12.81  구매  22  0.78  3.89   릴라이언스 산업   19.94  10.37  6.97  14.78  구매  32  0.80  0.40      * 애널리스트 등급 평균을 강력 매수, 매수, 보유, 매도, 강력 매도의 척도로 표준화한 수치입니다.  ** 애널리스트의 평균 목표가에 대한 해당 종목의 최종 종가의 비율로, 이 비율이 1 이상이면 해당 종목이 목표가 이상으로 거래되고 있음을 의미합니다.     10월~12월 주식 성과       -- LSEG의 모든 데이터  -- 1 = 86.3290루피         (Reporting by Manvi Pant in Bengaluru; Editing by Sonia Cheema)  Yagnoseni.Das@thomsonreuters.com     (c) Copyright Thomson Reuters 2020. Click For Restrictions - https://agency.reuters.com/en/copyright.html        Keywords: INDIAN OIL-RESULTS/   원문 바로가기    DISCLAIMER  레피니티브의 사전, 서면 승인 없는 톰슨로이터 콘텐츠의 재생산이나 재배포는 금지되어 있습니다. 이 기사의 한국어 번역은 에프앤가이드가 사용하는 기계적 번역에 의한 것으로 톰슨로이터와 레피니티브는 번역의 정확성을 보증하지 않습니다."
128,6,"2025-01-27","19:20:04","[여자프로농구] '낭랑 18세' 이민지 15득점…우리은행, 공동 선두 복귀","[서울=뉴스핌] 장환수 스포츠전문기자= 디펜딩 챔피언 아산 우리은행이 최하위 부천 하나은행을 꺾고 하루 만에 공동 선두에 복귀했다.  우리은행은 27일 부천체육관에서 열린 원정 경기에서 하나은행을 62-52로 따돌렸다.   우리은행 이민지. [사진=WKBL]  3연승을 달린 우리은행은 부산 BNK(이상 16승 7패)와 어깨를 나란히 했다. 반면 6위 하나은행(5승 17패)은 6연패를 당해 5위 청주 KB(7승 15패)와승차는 2경기로 벌어졌다. 특히 우리은행을 상대로 2021년 12월 30일 승리 후 3년 1개월 동안 19연패로 고개를 숙였다.  1쿼터를 15-17 로 뒤진 우리은행은 2쿼터를 19-8로 압도하며 승기를 잡았다. 4쿼터에선 시작과 함께 이명관의 속공으로 10점 차로 달아난 뒤 점수 차를 유지하며 낙승했다. 우리은행은 이날 4쿼터에서만 실책 5개를 비롯해 19개의 실책을 저지르며 자멸했다.  다음달 숙명여고를 졸업하는 2006년생 신인 이민지가 양 팀 최다이자 자신의 커리어 하이인 15점(2리바운드)을 올리며 맹활약했다. 에이스 김단비(13점 11리바운드) 와 이명관(13점 5리바운드 5어시스트), 미야사카 모모나(9점 3리바운드)가 힘을 보탰다.  하나은행은 베테랑 김정은과 양인영이 12점 8 리바운드, 13점 7리바운드로 활약했으나 경기를 지휘할 가드 부재에 울었다.  zangpabo@newspim.com [여자프로농구] 김소니아, '버저비터 자유투' 3방…BNK, 1점차 역전승 [여자프로농구] 삼성생명, KB 잡고 3연승... 선두와 0.5게임차 [여자프로농구] '김단비 26점' 우리은행, BNK 잡고공동 선두로            저작권자(c) 글로벌리더의 지름길 종합뉴스통신사 뉴스핌(Newspim), 무단 전재-재배포 금지"
128,7,"2025-01-27","19:17:46","젤렌스키, 아우슈비츠 해방 기념일을 맞아 폴란드에 도착, 그의 대변인은 이렇게 말합니다.","Zelenskiy arrives in Poland for Auschwitz liberation anniversary, his spokesman says  키예프, 1월 27일 (로이터) - 우크라이나의 볼로디미르 젤렌스키 대통령이 아우슈비츠 해방 80주년 기념 행사에 참석하기 위해 폴란드에 도착했다고 그의 대변인이 월요일에 발표했습니다.  젤렌스키 대변인은 이번 방문에서 안토니오 코스타 유럽 이사회 의장과 에마뉘엘 마크롱 프랑스 대통령을 만날 계획이라고 덧붙였습니다.     (Reporting by Anastasiia Malenko; Editing by Toby Chopra)  Anastasiia.Malenko@thomsonreuters.com     (c) Copyright Thomson Reuters 2020. Click For Restrictions - https://agency.reuters.com/en/copyright.html        Keywords: HOLOCAUST-MEMORIAL/ZELENSKIY (URGENT)   원문 바로가기    DISCLAIMER  레피니티브의 사전, 서면 승인 없는 톰슨로이터 콘텐츠의 재생산이나 재배포는 금지되어 있습니다. 이 기사의 한국어 번역은 에프앤가이드가사용하는 기계적 번역에 의한 것으로 톰슨로이터와 레피니티브는 번역의 정확성을 보증하지 않습니다."
129,1,"2025-01-27","18:59:27","아시아 연료유-VLSFO, 슬라이드 확대, HSFO는 안정적 유지","Asia Fuel Oil-VLSFO extends slide; HSFO holds steady  싱가포르, 1월 27일 (로이터) - 아시아 지역의 초저유황 연료유(VLSFO) 현물 프리미엄은 월요일 하락세가 확대된 반면 고유황 연료유(HSFO)는 약세 거래로 대체로 안정세를 보였습니다.  싱가포르 VLSFO 현금 프리미엄이 다섯 번째 거래 세션 동안 약세를 보이며 톤당7.25달러에 마감했습니다. 거래 소식통에 따르면 시장은 충분한 재고와 혼합 재고로 인해 다음 달에도 충분한 공급이 유지될 것으로 보입니다.  한편, HSFO는 거의 변동이 없었습니다. 현물 시장은 신중한 공급 전망에 주목했고, 중국의 낮은 수요 기대치가 가격을 제한했다고 소식통은 전했습니다.  월요일에는 화물 거래가 전반적으로 부진했지만 일부 트레이딩 하우스는 2월 선적 소포에 대한 입찰을 계속했습니다.   연료유 정제 마진이 완화되어 싱가포르 380-cst HSFO 크랙은 배럴당 2.50달러에 가까운 할인된 가격으로 마감한 반면, VLSFO 크랙은 배럴당 11.15달러의 프리미엄으로 마감했습니다.  이와는 별도로 스리랑카의 LIOC는 무역 소식통의 데이터에 따르면 월요일 마감된 입찰을 통해 3월에 인도할 25,000톤의 VLSFO를 찾았습니다.     정제소 업데이트  - 12월 인도 원유 생산량은 전년 동월 대비 5.2% 증가한 하루 564만 배럴(2387만 톤)을 기록했다고 정부 잠정 데이터가 밝혔습니다.  - 토탈에너지는 하루 238,000배럴 규모의 텍사스주 포트 아서 정유공장의 코커 가동 중단으로 인해 소규모 공장을 폐쇄했다고 공장 운영에 정통한 관계자가 밝혔습니다.     기타 뉴스  - 트럼프 미국 대통령이 취임 첫 주에 미국의 석유 및 가스 생산량을 늘리기 위한 광범위한 조치를 발표한 후 OPEC 에 가격 인하를 촉구한 후 월요일 유가가 하락했습니다.  - OPEC+는 트럼프 대통령의 유가 하락 요청에 따라 4월부터 석유 생산량을 늘리기 위한 계획을 이미 마련한 상태라고 그룹 대표들은 밝혔습니다.  - 백악관이 남미 국가가 추방된 이민자들을 태운 군용기를 받아들이기로 합의했다고 밝힌 후 일요일 미국과 콜롬비아는 무역 전쟁의 위기에서 벗어났습니다.  - 벤처 글로벌의 금요일 뉴욕증권거래소 데뷔에서 기업공개 가격보다 4% 가까이 낮게 거래되면서 이 LNG 수출업체의 기업가치는 582억 달러로 평가되었고, 신규 상장에 대한 투자자들의 신중한 접근이 강화되었습니다.     윈도우 거래  - 180-cst HSFO: 거래 없음  - 380-cst HSFO: 거래 없음  - 0.5% VLSFO: 거래 없음     평가    연료유               현금($/T)  아시아 클로즈  변경  이전 닫기  RIC   화물 - 0.5% VLSFO  568.41  -3.90  572.32    차이 - 0.5% VLSFO  7.24  -1.01  8.25    화물 - 180cst  487.89  -4.83  492.72    차이 - 180cst  7.08  0.48  6.60    화물 - 380cst  481.98  -7.04  489.02    차이 - 380cst  8.42  -0.28  8.70    벙커(전 부두) 프리미엄 - 380cst  9.00  0.00  9.00      벙커(전 부두) 프리미엄 - 0.5% VLSFO  11.00  0.00  11.00        파생상품 가격 목록은 ENSWAP/INFO 또는 아래 RIC를 참조하세요:   180cst M1    180cst M1/M2    380cst M1    380cst M1/M2    0.5% VLSFO M1    0.5% VLSFO M1/M2    크랙스 180cst-브렌트 M1    균열 180cst-두바이 M1    균열 380cst-브렌트 M1    균열 380cst-두바이 M1    균열 0.5% VLSFO-Brent M1    균열 0.5% VLSFO-두바이 M1    Visco 180cst/380cst M1    Hi-5 0.5% VLSFO/380cst M1    GoFo 10PPM/0.5% VLSFO M1    동서 M1    바지선 M1    바지선 M1/M2    크랙 바지선-브렌트 M1       (Reporting by Jeslyn Lerh; Editing by Shailesh Kuber)  jeslyn.lerh@thomsonreuters.com     (c) Copyright Thomson Reuters 2020. Click For Restrictions - https://agency.reuters.com/en/copyright.html        Keywords: ASIA-FUELOIL/   원문 바로가기    DISCLAIMER  레피니티브의 사전, 서면 승인 없는 톰슨로이터 콘텐츠의 재생산이나 재배포는 금지되어 있습니다. 이 기사의 한국어 번역은 에프앤가이드가 사용하는 기계적 번역에 의한 것으로 톰슨로이터와 레피니티브는 번역의 정확성을 보증하지 않습니다."
129,2,"2025-01-27","18:58:59","RPT-UPDATE 1-EU위원회, 우크라이나와 가스 공급 협상을 계속할 것이라고 밝혔습니다.","RPT-UPDATE 1-EU Commission says it will continue gas supply talks with Ukraine    브뤼셀, 1월 27일 (로이터) - 유럽연합 집행위원회는 유럽으로의 천연가스 공급과 관련하여 우크라이나와 협상을 계속할 것이며, 이 협상에 헝가리와 슬로바키아를 포함시킬 것이라고 유럽연합 외교관이 월요일 로이터 통신과 공유한 성명에서 밝혔습니다.  이 성명은 6개월마다 갱신해야 하는 러시아 제재의 이월을 논의할 외무장관 회의에 앞서 월요일 아침 EU 대사들에게 낭독되었습니다.  헝가리는 러시아에 대한 블록의 제재 갱신을 추진 중이며, 갱신은 만장일치 투표를 거쳐야 합니다. 마감일은 1월 31일입니다. 금요일 현재 헝가리는 아직 롤오버를 진행할지 여부를 결정하지 않았습니다.  빅토르 오르반 총리는 지난주 제재가 헝가리 경제에 타격을 주고 있다며 우크라이나를 통한 가스 공급이 헝가리의 에너지 안보를 위해 재개되어야 한다고 말했습니다.  ""집행위원회는 우크라이나의 가스관 시스템을 통한 유럽 공급에 대해 우크라이나와 계속 논의 할 준비가되어 있습니다.""라고 성명은 말했습니다.  ""위원회는 슬로바키아와 함께 헝가리를 이 과정에 참여시킬 준비가 되어 있습니다.""  우크라이나를 통한 러시아 가스 공급은 1월 1일 운송 계약 만료로 중단되었고, 헝가리는 주요 파이프라인을 통한 가스 공급 재개를 위해 EU가 개입할것을 촉구하고 있습니다.        (Reporting by Julia PayneEditing by Gareth Jones and Ros Russell)  julia.payne@thomsonreuters.com     (c) Copyright Thomson Reuters 2020. Click For Restrictions - https://agency.reuters.com/en/copyright.html        Keywords: UKRAINE-CRISIS/EU-GAS (REPEAT, UPDATE 1)   원문 바로가기    DISCLAIMER  레피니티브의 사전, 서면 승인 없는 톰슨로이터 콘텐츠의 재생산이나 재배포는 금지되어 있습니다. 이 기사의 한국어 번역은 에프앤가이드가 사용하는 기계적 번역에 의한 것으로 톰슨로이터와레피니티브는 번역의 정확성을 보증하지 않습니다."
129,3,"2025-01-27","18:58:47","제주공항 항공편 10편 결항…한라산 최고 37.8㎝ 폭설","한라산 횡단도로 차량 운행·일부 여객선 운항 통제     눈 쌓인 한라산 백록담. [연합]     [헤럴드경제=김민지 기자] 27일 전국적으로 많은 눈이 내리면서 제주 기점 일부 노선 항공편이 결항하고 100여편이 넘는 항공편이 지연 운항했다.   이날 한국공항공사 제주공항과 제주지방기상청에 따르면, 오후 6시 현재까지 김포행 1편과 원주행 2편, 여수행 2편 등 출발편 5편이 결항하고, 도착편 5편이 결항했다.   지연 운항한 항공편은 왕복 114편이다.   제주공항에는 이날 새벽부터 급변풍경보와 강풍경보가 발효된 가운데 가끔 눈발이 날리기도 했으나 제주공항 사정으로 항공편이 결항하지는않고 있다고 공항공사는 설명했다.   제주 산지에 대설경보가 발효돼 많은 눈이 내리면서 제주시와 서귀포시를 연결하는 한라산 횡단도로인 1100도로와 516도로의 차량 운행이 전면 통제되고, 눈꽃버스 운행도 중단됐다.   한라산 등반 5개 코스와 어승생악탐방로, 석굴암탐방로도 전면 통제됐다.   산지에 최근 24시간 쌓인 적설량은 어리목 37.8㎝, 삼각봉 35.8㎝, 사제비 35㎝, 영실 25.5㎝, 성판악 17.2㎝, 산천단 6.3㎝, 새별오름 2.6㎝ 등이다.   제주 해상에 풍랑특보가 발효되면서 제주∼추자∼완도 항로의 송림블루오션호와 제주∼진도 항로의 산타모니카호, 제주∼완도 항로의 실버클라우드호가 결항했다.   또 국토 최남단 마라도와 가파도 항로의 여객선 운항도 통제됐다.   제주지방기상청은 오늘 밤부터 29일 오전 사이 강약을 반복하면서 중산간 이상 산지를 시간당 1∼3㎝의 강한 눈이 내리는 곳이 있겠고, 해안지역에도 눈이 내려 쌓이면서 대설특보가 발표될 가능성이 있겠다고 전망했다.   그러면서 폭설로 축사나 비닐하우스 등 약한 구조물이 붕괴하거나 차량이 고립될 가능성이 있으니 각별히 유의해달라고 당부했다.  많은 눈으로 항공기 운항에 차질이 있을 수 있으니 이용객들은 사전에 운항 정보를 확인해야 한다고 덧붙였다."
129,4,"2025-01-27","18:58:33","일본 코스모, 4월부터 2개 항공사에 국내 SAF 공급 예정","Japan's Cosmo to supply domestic SAF to 2 airlines from April  도쿄, 1월 27일(로이터) - 코스모 에너지 홀딩스는 4월부터 일본항공(JAL)과 전일본공수(ANA)에 지속 가능한 항공 연료(SAF)를 공급하기 시작하며 국내 생산 친환경 연료의 첫 공급을 시작한다고 월요일 밝혔다.  일본에서 세 번째로 큰 정유사인 코스모는 이르면 이번 주부터 오사카에 있는 사카이 정유공장에서 시험적으로 SAF 생산을 시작할 계획이라고 회사 대변인이 로이터 통신에 밝혔습니다. 4월부터 연간 3만 킬로리터의 본격적인 생산을 목표로 하고 있다고 덧붙였습니다.  이 정유사는 다른 두 회사와 협력하여 중고 식용유에서 SAF를 생산할 계획이며, 이는 일본 최초의 대규모 생산입니다.  코스모는 일본 항공사에 공급할 예정인 SAF의 가격과 물량 등 자세한 내용은 공개하지 않았습니다.      (Reporting by Yuka Obayashi; Editing by Kate Mayberry)  Yuka.Obayashi@thomsonreuters.com ; +813-4520-1265; ))     (c) Copyright Thomson Reuters 2020. Click For Restrictions - https://agency.reuters.com/en/copyright.html        Keywords: JAPAN-COSMO ENERGYHLDG/SAF   원문 바로가기    DISCLAIMER  레피니티브의 사전, 서면 승인 없는 톰슨로이터 콘텐츠의재생산이나 재배포는 금지되어 있습니다. 이 기사의 한국어 번역은 에프앤가이드가 사용하는 기계적 번역에 의한 것으로 톰슨로이터와 레피니티브는 번역의 정확성을 보증하지 않습니다."
129,5,"2025-01-27","18:57:00","경북북부 중심 폭설 쏟아져...도로 3곳 통제","[경북종합=뉴스핌] 남효선 기자 = 경북북부권을 중심으로 많은 눈이 내리면서 군도와 지방도 등 3곳의 도로가 통제됐다. 또 청도군의 도로 3곳은 통제됐다가 해제됐다.  27일 경북도에 따르면 전날 밤부터 북부권 내륙을 중심으로 눈이 내려 24시간 동안 △문경 8.0㎝△상주 7.2㎝ △영주 6.7㎝ △칠곡(동명) 5.4㎝ △봉화 5.0㎝의 적설량을 보였다.   27일 경북북동산지를 중심으로 대설특보가 발효되면서 많은 눈이 내리자 울진군이 이날 새벽 5시쯤 금강송면 전곡리와 왕피리에서 제설작업을 서두르고 있다.[사진=울진군] 2025.01.27 nulcheon@newspim.com  많은 눈이 내리면서 영주시 단산면의 군도3호 고치재 구간을 비롯 청도군 운문령.건태재.밤티재, 칠곡 여릿재, 봉화 주실령등 6곳의 도로가 통제됐다.  이 중 칠곡의 3곳은 이날 오전 11시를 기해 통제가 풀렸다.  경북도는 북동산지를 중심으로 대설특보가 예고되자 이날 오전 2시를 기해 비상1단계를 가동하고 폭설 대응에 들어갔다.  또 포항시와 북부권 10개 지지체 등 19개 시군은 제설인력 421명, 장비 197대, 염화칼슘 568톤을 투입해 제설작업을 전개했다.  경북도는 또 울진군 금강송면 12개 마을 261세대를 포함 59개 마을 322세대 등 13개 시군 142개 마을(1166세대 1895명)을 고립예상지로 지정하고 한전·KT 등과 단톡방 운영을 통해 전기와 통신 상태를점검하는 한편 위성전화기 68대를 배치해 주민의 안전을 실시간 모니터링하고 있다.  또 한파 대응위해 167가구를 대상으로 온돌주거를확보하고 비상발전기 46대를 배치했다.  경북도는 또 신속한 제설작업을 위해 주민 장비 2487대를 준비하고 고립예상지 마을회관 내 비상식량을 배치했다.  울진군은 이날 대설특보가 발효되면서 많은 눈이 내린 금강송면 왕피.전곡.소광리 일원과 온정면 구주령 일원에 제설인력과 장비를 집중 투입해 제설작업을 마무리했다.  경북도는 시군 공직자 1180명을 포함 1222명이 설 연휴 기간 비상근무를 수행하고 있다.  기상청은 설 전날인 28일 경북권 전역에 눈이 내리고 이날 늦은 오후(15~18시)부터 늦은 밤(21~24시) 사이 소강상태를 보일것으로 예고했다.  경북권의 27~28일 예상 적설량은 △북부내륙(안동, 영주, 상주, 문경, 의성, 청송, 영양, 예천, 봉화), 북동산지 3~10㎝(많은 곳 15㎝)△남서내륙(김천, 구미, 고령, 성주, 칠곡), 울릉 3~8㎝로 예측했다.  nulcheon@newspim.com            저작권자(c) 글로벌리더의 지름길 종합뉴스통신사 뉴스핌(Newspim), 무단 전재-재배포 금지"
129,6,"2025-01-27","18:56:17","요약-홍콩 거래소 펀드, 2024년 219억 홍콩달러 투자 수익 기록","BRIEF-Hong Kong Exchange Fund posts HK$219 Bln Investment Income In 2024  1월 27일(로이터) - 홍콩 금융관리국(HKMA):     거래소 펀드, 2024년 2190억 홍콩달러(281억1000만 달러), 2023년 2260억 홍콩달러의 투자 수입 기록   HKMA 최고 경영자: 2025년 글로벌 금융 시장은 여전히 불확실합니다.   원본 텍스트  Further company coverage: [ ]     (1달러 = 7.7902홍콩달러)     (Reporting by Hong Kong newsroom)  donny.kwok@thomsonreuters.com ; +852 3462 7745; ))        (c) Copyright Thomson Reuters 2020. Click For Restrictions - https://agency.reuters.com/en/copyright.html   원문 바로가기    DISCLAIMER  레피니티브의 사전, 서면 승인 없는 톰슨로이터 콘텐츠의 재생산이나 재배포는 금지되어 있습니다.이 기사의 한국어 번역은 에프앤가이드가 사용하는 기계적 번역에 의한 것으로 톰슨로이터와 레피니티브는 번역의 정확성을 보증하지 않습니다."
129,7,"2025-01-27","18:55:36","인간이 이렇게 완벽할 수가 있나... 오타니, 행사 불참하고 ""소방관들에게 감사""","MVP 투표한 전미야구기자협회 행사 불참 따로 영상 메시지 전해   [파이낸셜뉴스]  미국프로야구 메이저리그(MLB) 역사상 유례없는 활약으로 내셔널리그(NL) 최우수선수(MVP)에 선정된 오타니 쇼헤이(30·로스앤젤레스 다저스)가 영상 메시지를 통해 특별한 감사를 전했다. 그는 만찬 행사에는 불참했지만, 로스앤젤레스(LA)의 소방관들과 아내를 향한 따뜻한 인사를 남겼다. 오타니는 26일(한국시간) 전미야구기자협회(BBWAA) 뉴욕 지부가 주최한 연례 만찬에 초청받았으나, 산불로 인해 참석하지 못했다. 그는 대신 보내온 영상에서 ""산불로 인해 나와 가족이 참석할 수 없는 상황을 이해해달라""며 안타까움을 표하고, 집을 잃은 이들과동물들을 위해 기도한다고 밝혔다. 이어 그는 ""2024년은 매우 특별한 해였다""고 회고하며 자신에게 믿음을 준 다저스 구단과코칭 스태프, 팬들에게 깊은 감사를 표했다. 특히 그는 ""항상 내 곁을 지켜주는 아름다운 아내 다나카 마미코에게 감사하다""고 언급하며 개인적인 고마움도 표현했다.    LA 다저스의 오타니 쇼헤이가 29일(현지시각) 미 콜로라도주 덴버의 쿠어스필드에서 열린 2024 메이저리그(MLB) 콜로라도 로키스와 경기 8회 초 우전 안타를 치고 1루에 나가 활짝 웃고 있다. 오타니는 이후 도루를 추가해 54홈런 59도루로 시즌을 마감했고 다저스는 2-1로 역전승했다. 뉴시스  오타니는 또 LA 산불 피해 복구를 위해 헌신하는 소방관들의 노력에 경의를 표하며 ""우리가 함께 한다면 이 어려움을 극복할 수 있을 것""이라고 연대의 메시지를 전했다. 그의 연설은 박수 속에 마무리됐다. 오타니에게 2024년은 그야말로 눈부신 한 해였다. 10년간 7억 달러라는 사상 초유의 계약으로 다저스 유니폼을 입었고, MLB 최초로 단일 시즌 50홈런-50도루 기록(54홈런-59도루)을 세웠다. 또 염원하던 월드시리즈 우승까지 이루며 팀과 개인 모두 역사적인 성취를 거뒀다. 오타니는 최근 LA 지역에서 발생한 대형 산불 피해자를 위해 50만 달러를 기부하며 주목받았다. BBWAA 행사의 불참 역시 신중하고 조심스러운 태도로 결정했다고 알려졌다.    jsi@fnnews.com 전상일 기자  [파이낸셜뉴스 주요뉴스]  → 女아나운서 ""나체 男연예인이 침실로.."" 성상납 폭로 → 씨스타 소유""길에서 정신 잃었는데 누가 몸 만지는..."" → 시골로 MT 간 여대생, 길 잃은 후 임신까지.. 사연 → 경기도 아파트서 숨진 채 발견된 남성, 알고보니 무안공항의... → 24시간 잠들지 않는 도시 [실리콘밸리 NOW] → 특파원 기자의일본 생활 백서 [도쿄 특파원의 Japan Life]  ▶▶[무료공개]◀◀ 지금 ""1,000만원""만 있어도 당장 ""이것""부터 사라!! >>> (무료 체험)    ※ 저작권자 ⓒ 파이낸셜뉴스. 무단 전재-재배포 금지 "
130,1,"2025-01-27","18:44:56","귀성길 '눈폭탄'...10중 추돌사고 등 강원 곳곳 눈길 사고 잇따라","27일 오전 10시 양구군 해안면에서 1t 화물차가 개울가로 추락, 60대 운전자가 춘천 성심병원으로 이송됐다. 강원도소방본부 제공 【파이낸셜뉴스 춘천=김기섭 기자】 귀성길이 본격적으로 시작된 27일 강원 산지와 내륙을 중심으로 20㎝ 안팎의 적설량을 보이면서 고속도로 등 눈길 교통사고가 곳곳에서 잇따랐다. 강원지방기상청에 따르면 전날 오후 8시부터 이날 오후 5시 현재까지 내린 눈의 양은 산지인 향로봉이 24.1㎝로 가장 많았다. 이어 내륙인 화천 광덕산 17.1㎝, 횡성 안흥 16.6㎝, 철원 인남 13.9㎝, 홍천 서석 12.9㎝, 원주 치악산 12.7㎝, 평창 봉평 11.9㎝, 원주 신림 11.7㎝ 등의 적설량을 보였다. 산지의 경우 구룡령 14.1㎝, 홍천 내면 13.4㎝, 인제 서화 10㎝, 진부령 9㎝ 등이었다. 같은 시각 원주와 평창과 횡성, 강원북부산지에는 대설경보가 발효 중이다. 귀성길 눈 폭탄이 쏟아지면서 도내 곳곳에서 교통사고가 잇따랐다.   이날 오전 11시 20분쯤 원주시 가현동 영동고속도로 강릉방향 127㎞ 지점에서 10중 추돌사고가 발생했다.  이 사고로 승용차 운전자 30대 A씨와 50대 B씨 등 2명이 머리와 복부 등에 중상을 입고 원주지역 대형병원으로 이송됐고 버스 승객 등 7명이 경상을 입어 병원으로 옮겨졌다. 이어 낮 12시21분쯤 영월 북면의 한 농원 인근에서 1톤 화물차가 눈길에 미끄러지면서 3m 높이의 개울가로추락했다. 이 사고로 의식장애를 보인 운전자 60대 C씨가 병원으로 이송됐다. 앞서 오전 10시 6분쯤 양구 해안면에서도 1t 화물차가 눈길에 2m 높이 개울가로 추락, 부상을 입은 60대 운전자가 춘천지역 병원으로 이송됐다. 한편 눈폭탄이 쏟아지자 강원도는 전날 오후 6시부터 운영을 시작한 재난안전대책본부 1단계를 유지하고 있으며 설악산과 치악산 등 국립공원 등산로 59곳을 통제하고 있다. 또 제설 4483t, 장비 1351대, 인력 1195명이 제설작업에 투입됐다.  기상청 관계자는 ""강설로 축사 및 비닐하우스, 약한 구조물 붕괴 등 시설물 피해 유의해야 한다""며 ""많은 눈으로 인해 차량이 고립될 가능성이 있겠으니, 사전에 교통 상황 확인,차량 이용 시 월동장비 준비 철저히 해야 한다""고 당부했다.  kees26@fnnews.com 김기섭 기자  [파이낸셜뉴스 주요뉴스]  → 女아나운서 ""나체 男연예인이 침실로.."" 성상납 폭로 → 씨스타 소유 ""길에서 정신 잃었는데 누가 몸 만지는..."" → 시골로 MT 간 여대생, 길 잃은 후 임신까지.. 사연 → 경기도 아파트서 숨진 채 발견된 남성, 알고보니 무안공항의... → 24시간잠들지 않는 도시 [실리콘밸리 NOW] → 우리가 몰랐던 진짜 일본 이야기 [도쿄 특파원의 Japan Life]  ▶▶[무료공개]◀◀ 지금 ""1,000만원""만 있어도 당장 ""이것""부터 사라!! >>> (무료 체험)    ※ 저작권자 ⓒ 파이낸셜뉴스. 무단 전재-재배포 금지 "
130,2,"2025-01-27","18:44:43","CEE 경제-폴란드의 12월 실업률, 5.1%를 기록했습니다.","CEE ECONOMY-Poland's unemployment rate at 5.1% in December   1월 27일 (로이터) - 폴란드의 12월 등록 실업률이 11월의 5.0%에서 5.1%로 상승했다고 월요일통계청 자료에 따르면 이는 예상치인 5.1%에 부합하는 수치입니다.  통계청은 또한 지난달 등록 실업자 수가 786,200명이라고 밝혔습니다.  분석가들은 건설, 관광 및 농업 부문의 기업들이 겨울철에 활동을 줄이고 계절 근로자에 대한 수요가 감소하기 때문에 12월 실업률이 증가하는 것은 계절적 요인이라고 말했습니다.  폴란드 경제연구소의 분석가인 다위드 설코프스키(Dawid Sulkowski)는 논평에서 ""보통 2월에 수요가 가장 낮으며 2분기부터 실업률이 다시 하락할 것""이라고 전망했습니다. ""예측 컨센서스에 따르면 실업률은 올해 2024년과 비슷한 수준으로 유지될 것입니다.""  폴란드의 실업률은 유럽 연합에서 체코에 이어 두 번째로 낮은 수준으로 다른 지역에 비해 낮은 수준을 유지하고 있습니다.     (Reporting by Rafal W. Nowak and Marta Maciag in Gdansk, Pawel Florkiewicz in Warsaw; editing by Mark Heinrich)  gdansk.newsroom@thomsonreuters.com ; +48 58 769 66 00) )     (c) Copyright Thomson Reuters 2020. Click For Restrictions - https://agency.reuters.com/en/copyright.html        Keywords: POLAND-ECONOMY/UNEMPLOYMENT   원문 바로가기    DISCLAIMER  레피니티브의 사전, 서면 승인 없는 톰슨로이터 콘텐츠의 재생산이나 재배포는 금지되어 있습니다. 이 기사의 한국어 번역은 에프앤가이드가 사용하는 기계적 번역에 의한 것으로 톰슨로이터와 레피니티브는 번역의 정확성을 보증하지 않습니다."
130,3,"2025-01-27","18:44:09","中 AI 딥시크, 챗GPT 제치고 美앱스토어 1위…‘충격’","美 기술 리더십에 의문 제기 엔비디아·소프트뱅크 하락 등 증시도 충격     딥시크 로고 [딥시크]     [헤럴드경제=김민지 기자] 중국의 인공지능(AI) 스타트업 딥시크(DeepSeek)가 최근 출시한 AI어시스턴트 앱이 챗GPT를 제치고 미국 애플 앱스토어 다운로드 1위에 올랐다. 딥시크 돌풍으로 미국 기술 리더십에 대한 우려가 나오는 가운데, 관련 증시에도 충격을 주고 있다.  27일 로이터·블룸버그통신 보도에 따르면 딥시크의 AI어시스턴트는 이날 미국의 애플 앱스토어 무료 앱 다운로드 순위에서 오픈AI의 챗GPT를 2위로 밀어내고 1위에 올랐다. 지난 20일 딥시크가 추론 AI 모델인 딥시크-R1 시리즈를 출시한 지 일주일만이다.   딥시크-R1은 일부 성능 테스트에서 챗GPT 개발사 오픈AI가 지난해 9월 출시한 추론 AI 모델 ‘o1’보다 앞선 것으로 나타나 실리콘밸리를 비롯한 전 세계 AI업계를 놀라게 했다. 이 모델의 정확한 개발비용은 공개되지 않았으나 막대한 개발비를 투입한 오픈AI나 메타 등 거대 정보기술(IT) 업계의 최신 AI모델에 비하면 훨씬 적은 비용이 들어간 것으로 추정된다.   딥시크는 딥시크-V3에 엔비디아에서 따로 만든 저사양 칩을 활용했다. 미국의 대(對)중국 수출규제에 걸리지 않도록 하기 위해서다. 훈련 비용도 600만달러 이하로, 메타 등 미국 거대 IT기업의 최신 AI모델 훈련에 사용된 비용의 10분의 1 수준이어서 업계 안팎에 큰 충격을 안겼다.   블룸버그는 딥시크의 AI어시스턴트가 미국 앱스토어에서 1위를 한 사실을 두고 “실리콘밸리를 중심으로 AI분야 선두주자로서 미국의 능력에대한 의구심을 불러일으켰다”고 전했다.   로이터통신도 “딥시크가 실리콘밸리에 남긴 깊은 인상을 강조하는 이정표로, AI 분야에서 미국의 우위와 중국의 첨단 반도체 및 AI 역량을겨냥한 미국 정부의 수출통제 효과에 대한 보편적인 견해를 뒤집었다”고 평했다.   딥시크의 돌풍의 충격파는 증시로도 번졌다. 이날 중국 본토와 홍콩, 일본 증시에서는 딥시크의 비즈니스 모델과 연계된 중국 기술기업들이일제히 상승했다.   반면 미국을 비롯한 서방 증시에서는 미국의 기술 리더십과 AI 관련 투자에 대한 우려로 이어지며 악재로 작용했다.   지난 24일 AI칩 선두 기업인 엔비디아가 3% 이상 하락 마감하는 등 기술주가 약세를 보였고 27일 아시아 거래 시간에 나스닥 선물도 하락했다.   같은날 일본증시에서는 도널드 트럼프 미국 대통령이 발표한 AI 인프라 구축 프로젝트의 주요 참여사인 일본 소프트뱅크가 8% 이상 급락했다. 유럽증시에서도 네덜란드 반도체 장비업체 ASML이 이날 장 초반 9.4% 폭락했다.   트럼프 대통령의 측근으로 꼽히는 벤처캐피털리스트 마크 앤드리슨은 과거 냉전 시대 옛 소련이 세계 최초 인공위성 스푸트니크 1호를 쏘아올려 미국과의 우주개발 경쟁을 촉발한 것을 언급하며 딥시크 돌풍이 “AI의 스푸트니크와 같은 순간”이라고 말했다.   업계 전문가들은 딥시크가 AI모델이 오픈소스인 점에도 주목하며 파장을 예의주시하고 있다.   실리콘밸리 빅테크들이 개발한 최첨단 AI모델이 폐쇄형인 데 비해 딥시크의 AI모델은 매사추세츠공대(MIT) 라이선스 아래 오픈소스로 공개돼있어 사용과 수정이 자유롭다.   AI 데이터 기업 스케일AI의 알렉산더 왕 최고경영자(CEO)는 CNBC와의 인터뷰와 엑스(X)를 통해 “우리가 발견한 것은 딥시크의 성능이 최고이거나 미국의 최고 모델과 거의 동등하다는 것”이라며 그 특히 개방성 면에서 “딥시크는 미국에 경종을 울린다”라고 말했다.   엔비디아의 수석 리서치매니저인 짐 팬은 엑스(X)에 “우리는 오픈AI가 표방한 ‘모두에게 권한을 주는, 진정으로 개방된 프론티어 연구’라는 소명을 비(非)미국 기업이 유지하는 시대에 살고 있다”고 꼬집었다.   막스플랑크 광학연구소의 인공지능 연구를 이끄는 마리오 크렌은 네이처와의 인터뷰에서 “딥시크의 개방성은 매우 놀랍다”며 그에 비하면오픈AI의 o1이나 o3 모델은 “본질적으로 블랙박스”라고 말했다."
130,4,"2025-01-27","18:43:57","“챗GPT 제쳤다”…中 AI 딥시크 ‘10분의 1 가성비’에 美 충격","더 싸고 좋은 성능…챗GPT 제치고 美앱스토어 다운로드 1위 나스닥100 선물 2.45% 급락…비트코인 10만달러 붕괴 중국 AI 추격속도 증명…미국의 수출규제 무력화 분석도     중국의 AI업체 딥시크 [딥시크 캡처]     [헤럴드경제=김영철 기자] 중국의 인공지능(AI) 스타트업 ‘딥시크(Deepseek)’의 성능이 공개되며 미국과 중국의 AI 패권다툼에 또 한번 불을 붙였다. 딥시크가 미국 오픈AI의 챗GPT보다 더 싸게 더 좋은 성능을 구현할 수 있다는 분석이 나오면서 27일 개장하는 미국 주식시장에도충격을 줄 것으로 예상된다.   27일 정보기술(IT) 업계에 따르면, 딥시크는 이날 애플 앱스토어 무료 앱 다운로드 순위에서 챗GPT를 밀어내며 1위에 올랐다. 딥시크는 중국헤지펀드 하이플라이어가 만든 AI스타트업으로, 지난해 처음 자체 AI모델인 딥시크를 공개했다.   미국 테크산업의 메카인 실리콘밸리를 충격에 빠뜨린 것은 지난 20일 내놓은 ‘딥시크-R1’이 오픈AI의 최신 모델인 ‘o1’를 비롯해 미 빅테크 기업들이 개발한 첨단 AI에 육박하는 성능을 보여주고 있어서다.   딥시크 기술 보고서에 따르면, R1 개발에는 약 78억원(557만6000달러)이 투입됐다. 이는 메타가 최신 AI 모델 개발에 사용한 비용의 10분의 1 수준이다.   뉴욕타임스(NYT)는 최근 “딥시크가 오픈AI와 구글 등 실리콘밸리의 거대 기업보다 첨단 칩을 적게 사용하면서도 경쟁력 있는 챗봇을 만들었다”고 분석했다.   딥시크는 엔비디아의 중국 수출용 저사양 칩 H800을 활용해 모델을 훈련했으며, 미국 수학경시대회인 AIME 2024 벤치마크 테스트에서 79.8%의 정확도를 기록해 오픈AI의 o1의 79.2%를 앞섰다. 또 코딩 테스트 부문에서도 R1은 65.9%의 정확도를 기록하며 o1의 63.4%보다 높았다.   딥시크는 R1과 지난해 출시한 ’딥시크-V3′를 오픈소스로 공개하며 누구나 소스 코드를 열람하고 수정, 배포할 수 있게 했다. API 비용 또한 오픈AI 대비 저렴하게 책정해 접근성을 높였다고 보고서는 덧붙였다.   딥시크의 AI기술은 최근 도널드 트럼프 대통령이 718조원을 투입해 미국의 AI 프로젝트를 발표한 것에서 보여주듯 격화하는 미중 AI 전쟁의또 다른 도화선이 될 것으로 보인다.   파이낸셜타임스(FT)는 “미국의 수출 규제가 의도치 않게 혁신을 촉진해 딥시크의 AI 모델 개발비용이 저렴해졌다”고 짚었다.   사티아 나델라 마이크로소프트 최고경영자(CEO)는 지난 22일 스위스 다보스에서 열린 세계경제포럼(WEF)에서 “딥시크의 새로운 모델을 보면오픈 소스 모델이 추론 시간 컴퓨팅에 효과적이고 슈퍼 컴퓨팅에도 효율적이라는 점에서 매우 인상적”이라며 “우리는 중국의 발전을 매우매우 심각하게 받아들여야 한다”고 말했다    오픈AI와 메타도 긴장감을 나타냈다. 오픈AI의 연구자인 노암 브라운은 자신의 X(옛 트위터)에 “딥시크는 상대적으로 적은 컴퓨팅만으로 강력한 AI모델을 만들 수 있다는 것을 보여주고 있다”고 적었다.   AI기술에 매진해온 메타의 블라인드에는 ‘메타 임원 한 명의 연봉으로 딥시크를 만들었다’는 자조적인 글이 올라오기도 했다.   딥시크는 미국 주식시장과 가상화폐 시장에도 충격이 불가피할 전망이다. 26일 동부시간 오후11시 기준 나스닥100 선물은 전일대비 2.45% 하락하면서 거래됐다.   비트코인 가격은 ‘딥시크 충격’으로 10만달러가 재붕괴됐다. 27일 오후 5시 현재 전날보다 6.2% 급락한 9만8435달러를 기록했다."
130,5,"2025-01-27","18:43:43","요약-오리아나 파워, 25회계연도 및 26회계연도 매출 목표 유지","BRIEF-Oriana Power Maintains Revenue Targets For FY25 And FY26  1월 27일 (로이터) - Oriana Power Ltd :  FY25 및 FY26 매출 목표 유지   소스 텍스트: (  Further company coverage:      Reuters.Briefs@thomsonreuters.com        (c) Copyright Thomson Reuters 2020. Click For Restrictions - https://agency.reuters.com/en/copyright.html   원문 바로가기    DISCLAIMER  레피니티브의 사전, 서면 승인 없는 톰슨로이터 콘텐츠의 재생산이나 재배포는 금지되어 있습니다. 이 기사의 한국어 번역은 에프앤가이드가 사용하는 기계적 번역에 의한 것으로 톰슨로이터와 레피니티브는 번역의 정확성을 보증하지 않습니다."
130,6,"2025-01-27","18:43:27","EU 의약품 기관, X를 그만두고 블루스카이로 이전","EU medicines agency quits X, moves to Bluesky  암스텔담, 1월 27일(로이터) - 유럽 의약품청(EMA)은 월요일에 더 이상 X에 게시물을 올리지 않고 대신 경쟁사인 블루스카이를 사용할 것이라고 밝히며 일부 콘텐츠에 대해 비판을 받아온 소셜 미디어 플랫폼을 중단하는 가장 최근의 기관이 되었습니다.   ""EMA는 더 이상X에 업데이트와 콘텐츠를 게시하지 않을 것이며, X 플랫폼이 더 이상 우리의 커뮤니케이션 요구에 적합하지 않다고 생각합니다.""라고 기관은성명에서 밝혔습니다.  ""신중하게 검토한 결과, 기관은 블루스카이에서 계정을 개설하기로 결정했습니다.""  EMA 대변인은 즉시 연락이 닿지 않아 추가 논평을 요청할 수 없었습니다. X에 논평 요청을 했습니다.  EMA의 이번 조치는 비영리 단체인 디지털 혐오 대응 센터, 외교부 및 국방부, 영국 뉴스 퍼블리셔 , , 등 플랫폼 콘텐츠에 대한 우려로 X에서 활동을 중단하거나 축소한 다른 단체의 뒤를 잇는 조치입니다.  이는 X의 억만장자 소유주인 일론 머스크가 최근 극우 정당에 투표할 것을 촉구하는 등 유럽에서 정치 캠페인을 강화하고 있는 시점에 나온 것입니다.  머스크 도널드 트럼프는 작년 미국 대통령 선거에서 승리했지만 그의 공약은 선거운동 기간 동안 허위사실유포를 허용하는 것이었습니다. 머스크는 X가 언론의 자유를 옹호하기를 원한다고 말합니다.  트럼프의 대선 승리 이후 블루스키는 수백만 명의 사용자를 확보했습니다. 하지만 여전히 경쟁사에 비해 훨씬 작은 규모입니다.  EMA는 의약품의 과학적 평가, 감독 및 안전 모니터링을 담당하는 유럽연합의 분산된 기관입니다. 본사는 네덜란드 암스테르담에 있습니다.  유럽 연합에서 백신 사용을 결정하면서 코로나19 팬데믹 기간 동안 꾸준히 주목의 대상이 되었습니다.  유럽위원회와 다른 EU 기관은 여전히 X를 사용하고 있으며, 이달 초 유럽중앙은행도 블루스카이를 종료하지는 않았습니다.     (Reporting by Bart MeijerEditing by Mark Potter)  Bart.Meijer@thomsonreuters.com     (c) Copyright Thomson Reuters 2020. Click For Restrictions - https://agency.reuters.com/en/copyright.html        Keywords: EU-EMA/X-BLUESKY (PIX)   원문 바로가기    DISCLAIMER  레피니티브의 사전, 서면 승인 없는 톰슨로이터 콘텐츠의 재생산이나 재배포는 금지되어 있습니다. 이 기사의 한국어 번역은 에프앤가이드가 사용하는 기계적 번역에 의한 것으로 톰슨로이터와 레피니티브는 번역의 정확성을 보증하지 않습니다."
130,7,"2025-01-27","18:42:51","중국의 AI 추진으로 빅테크가 흔들리면서 미국 증시-나스닥 선물이 폭락했습니다.","US STOCKS-Nasdaq futures tumble as China's AI push rattles Big Tech  or type LIVE/ in a news window  1월 27일(로이터) - 저렴한 중국 인공지능 모델의 압도적인 인기로 인해 AI 관련 주식이 매도세를 보이면서 기술주 중심의 나스닥과 관련된 선물이 월요일 폭락했고, 엔비디아를 포함한 메가캡 주식이 최악의 타격을 입었습니다.  중국의 한 스타트업이 저비용 칩과 적은 데이터를 사용하는 무료 비서를 출시해, AI가 칩 제조업체에서 데이터 센터에 이르는 공급망을 따라 수요를 주도할 것이라는 금융 시장의 광범위한 베팅에 도전하는 것으로 보입니다.  인터랙티브 인베스터의 시장 책임자인 리처드 헌터(Richard Hunter)는 ""딥시크를 미국 기반 AI 솔루션에 대한 실존적 위협으로 설명하기에는 너무 이르다""고 말합니다.  ""지난 몇 년 동안 주요 지수 상승의 대부분을 견인한 급성장하는 산업에 미칠 수 있는 잠재적 피해를 평가하기위해 투자자들이 분주하게 움직이면서 고양이가 비둘기들 사이에 놓이게 될 것입니다.""  딥시큐어의 AI 어시스턴트가 월요일 미국 애플앱스토어에서 최고 등급의 무료 애플리케이션으로 선정되었습니다.  AI의 대표주자인 엔비디아는 개장 전 거래에서 6.9% 하락했고, AMD 와 마이크론 테크놀로지와 같은 다른 칩 제조업체는 각각 3.7%와 6.4% 하락했습니다.  마이크로소프트와 메타 플랫폼은 각각 3.3% 하락했습니다. 두 기업 모두 이번 주 후반에 실적을 발표할 예정이며, Apple 및 Tesla 도 마찬가지입니다.  구글의 모기업인 알파벳은 3.2% 하락했고, 애플은 1.4% 하락했습니다.  AI 서버 제조업체인 Dell Technologies와 Super Micro Computer는 각각 약 8% 하락했습니다.  오전 4시 6분(동부 표준시) 다우지수는 472포인트(1.06%), S&P 500 지수는 120.25포인트(1.96%), 나스닥 100 지수는 667포인트(3.04%) 하락한 상태입니다.  또한 백악관이 남미 국가가 추방된 이주민을 태운 군용기를 수용하기로 합의했다고 밝힌 후 미국과 콜롬비아는 일요일에 글로벌 시장에 약간의 경계를 더하면서 위기에서 물러났습니다.  수요일에는 미국 연방준비제도의 올해 첫 금리 결정이 예정되어있으며, 시장에서는 중앙은행이 대출 금리를 동결할 것으로 예상하고 있습니다.  인플레이션 궤적을 평가하는 데 중요한 지표인 개인소비지출(PCE)의 12월 수치는 금요일에 발표됩니다.  지난주 트럼프 대통령이 구체적인 계획을 밝히지 않은 채 무역 정책을 여러 차례 언급한 이후 시장은 최근 인플레이션 압력을 악화시키고 연준의 금리 인하를 늦출 수 있는 트럼프 대통령의 관세 제안에 촉각을 곤두세우고 있습니다.  지난주 금요일 S&P 500 지수가 사상 최고치에서 후퇴하는 등 하락세를 보였음에도 불구하고 3대 지수 모두 주간 상승세를 기록했습니다.  이번 주 후반에 분기 실적을 발표하는 다른 업계 선두주자로는 에너지 메이저인 Exxon Mobil, United Parcel Service, 항공기 제조업체인 Boeing이 있습니다.     (Reporting by Shashwat Chauhan in Bengaluru; Editing by Shounak Dasgupta)  Shashwat.Chauhan@thomsonreuters.com     (c) Copyright Thomson Reuters 2020. Click For Restrictions - https://agency.reuters.com/en/copyright.html        Keywords: USA-STOCKS/   원문 바로가기    DISCLAIMER  레피니티브의 사전, 서면 승인 없는 톰슨로이터 콘텐츠의 재생산이나 재배포는 금지되어 있습니다. 이 기사의 한국어 번역은 에프앤가이드가 사용하는 기계적 번역에 의한 것으로 톰슨로이터와 레피니티브는 번역의정확성을 보증하지 않습니다."
131,1,"2025-01-27","18:31:11","유럽 가스 - 기온 상승에 따른 가격 하락","EUROPE GAS-Prices dip on warmer temperatures  런던, 1월 27일 (로이터) - 따뜻한 기온으로 난방용 가스 수요가 억제되면서 월요일 아침 네덜란드와 영국의 도매 가스 가격이 하락했습니다.  LSEG 데이터에 따르면 네덜란드 TTF 허브의 벤치마크 프론트월 계약은 0914 GMT 기준으로 1.25유로 하락한 메가와트시(MWh)당 48.60유로(14.94달러/mmbtu)를 기록했습니다.  네덜란드 3월 계약은 48.73유로/MWh로 1.17유로 하락했습니다.  영국에서는 전월물 계약이 2.60펜스 하락한 122p/온도로 체결되었습니다.  ""대부분의 유럽 국가에서 (평년보다) 기온이 상승하면서 지역 분배 구역(LDZ)의 가스 수요가 감소했지만, 기온이 다시 떨어질 것으로 예상됨에 따라 이번 주 내에 상황이 바뀔 것입니다.""라고 Engie EnergyScan의 분석가들은 일일 연구 노트에서 말했습니다.  LSEG 데이터에 따르면 주로 난방에 사용되는 LDZ 수요는 북서유럽에서 하루 전보다 79기가와트시/일 감소한 것으로 나타났습니다.  강력한 재생 에너지 발전도 전력 부문의 가스 수요를 억제하고 있습니다.  Elexon 데이터에 따르면 영국의 최대 풍력 발전량은 월요일에 16.2기가와트(GW), 화요일에 13.6GW로 예보되었습니다.  노르웨이의 가스 인프라가 공급에 영향을 미치는 정전으로 인해 가스 가격이 어느 정도 지지되고 있다고 분석가들은 말했습니다.  ""노르웨이의 흐름도 강세를 더하고 있습니다.""라고 LSEG의 애널리스트 팀 크럼프는 일일 리서치 노트에서 말했습니다.  월요일에 시스템 운영사인 가스코는 트롤 가스전의 정전으로 인한 영향이 하루 660만 입방미터(mcm/d)에서 1060만 입방미터(mcm/d)로 증가할 것이며, 정전은 1월 28일 새벽까지 지속될 것으로 예상한다고밝혔습니다.  LSEG 데이터에 따르면 노르웨이의 총 대륙 수출량은 221mcm/d로 8mcm/d 감소한 것으로 나타났습니다.  유럽 탄소 시장에서는 벤치마크 계약이 톤당 80.41유로로 1.26유로 하락했습니다.         (Reporting by Susanna Twidale, Editing by Louise Heavens)  susanna.twidale@thomsonreuters.com ; +44 207 5424753; ))     (c) Copyright Thomson Reuters 2020. Click For Restrictions - https://agency.reuters.com/en/copyright.html        Keywords: EUROPE-GAS/   원문 바로가기    DISCLAIMER  레피니티브의 사전, 서면 승인 없는 톰슨로이터 콘텐츠의 재생산이나 재배포는 금지되어 있습니다. 이기사의 한국어 번역은 에프앤가이드가 사용하는 기계적 번역에 의한 것으로 톰슨로이터와 레피니티브는 번역의 정확성을 보증하지 않습니다."
131,2,"2025-01-27","18:30:58","日후지TV 회장·사장, '유명 연예인 성 상납' 의혹에 결국 사임","日후지TV 회장·사장, '유명 연예인 성 상납' 의혹에 결국 사임       (도쿄=연합뉴스) 박성진 특파원 = 일본 후지TV 회장과 사장이 자사 간부의 유명 연예인 상대 '성 상납' 관여 의혹이 커지면서 27일 결국사임했다.      후지TV의 가노 슈지 회장과 미나토 고이치 사장은 이날 기자회견을 열고 사임한다고 발표했다.      가노 회장은 ""인권 의식 부족으로 당사자인 여성을 충분히 보호하지 못한 것에 대해 진심으로 사과한다""고 밝혔다.      미나토 사장도 ""미디어의 신뢰를 뒤흔든 책임을 통감하고 있다""고 사과했다.      앞서 미나토 사장은 이 의혹과 관련해 지난 17일 기자회견을 열었지만, 참석자를 제한하고 영상 촬영을 불허했을 뿐 아니라 자사 간부의관여 등에 대해 제대로 설명하지 않아 비판받았다.      그는 또 자사 간부의 성 상납 의혹을 파악하고도 계속 해당 연예인을 프로그램에 출연시킨 것으로 드러났다.      미나토 사장의 17일 기자회견 후 도요타자동차, 세븐&아이홀딩스, 기린홀딩스 주요 기업이 후지TV에 광고를 중단하자 후지TV는 ""많은 광고주, 광고회사에 폐를 끼쳤다""며 사과했다.      앞서 주간지 '슈칸분"
131,3,"2025-01-27","18:30:51","요약-아다니 토탈 가스- 4분기에 긍정적인 영향을 미칠 천연가스 생산량 할당량 증가","BRIEF-Adani Total Gas- Increase In Apm Allocation Of Natural Gas To Have Positive Impact For Q4  아다니 토탈 가스 회사 :  아다니 토탈 가스- 천연가스 APM 할당량 증가로 4분기에 긍정적인 영향 미칠 것   소스 텍스트: (  Further company coverage:            (c) Copyright Thomson Reuters 2020. Click For Restrictions - https://agency.reuters.com/en/copyright.html   원문 바로가기    DISCLAIMER  레피니티브의 사전, 서면 승인 없는 톰슨로이터 콘텐츠의 재생산이나 재배포는 금지되어 있습니다. 이 기사의 한국어 번역은 에프앤가이드가 사용하는 기계적 번역에 의한 것으로 톰슨로이터와 레피니티브는 번역의 정확성을 보증하지 않습니다."
131,4,"2025-01-27","18:30:47","새로운 Spotify 계약으로 6개월 만에 최고치를 경신한 BUZZ-UMG","BUZZ-UMG jumps to 6-month high on new Spotify deal  ** 세계 최대 음악 레이블이 오디오 스트리밍 업체 Spotify와 새로운 계약을 체결한 후 UMG의 주가가 6개월 만에 최고치인 7.6%까지치솟았습니다.  ** 0928 GMT 기준 4.6% 상승한 가격에 거래되고 있습니다.  ** 음반 및 음악 퍼블리싱 분야의 새로운 다년 계약을통해 Spotify와 UMG는 Spotify의 포트폴리오 전반에 걸쳐 직접 라이선스를 체결합니다.  ** 정확한 용어는 공개되지 않았습니다.  ** ""Spotify'의 작년은 UMG에 도움이되지 않았습니다 ... 이 거래는 이제 UMG에 음악 및 비 음악 콘텐츠 모두에 대해 다른 경제적 대우를 제공하는 것으로 보입니다.""라고 ING는 메모에서 말합니다.  ** ""이번 계약으로 유니버설 뮤직 퍼블리싱 그룹에 대한 기계적 로열티 번들할인이 제거된다는 소문이 있습니다.""라고 ING는 덧붙이며, 이로 인해 그룹의 지불금이 증가 할 것이라고 말했습니다.  ** UMG의 3대 주주인 비벤디의 주가가 3% 상승하며 프랑스 CAC 40 지수에서 상위권에 올랐습니다.  ** 상승세가 유지된다면 UMG 주가는 8월 이후 최고치를 기록할 것으로 예상되며, 암스테르담의 AEX 지수 상단에 거래되고 있습니다.     (Reporting by Clement Martinot)  Clement.Martinot@thomsonreuters.com        (c) Copyright Thomson Reuters 2020. Click For Restrictions - https://agency.reuters.com/en/copyright.html   원문 바로가기    DISCLAIMER  레피니티브의 사전, 서면 승인 없는 톰슨로이터 콘텐츠의 재생산이나 재배포는 금지되어 있습니다. 이 기사의 한국어 번역은 에프앤가이드가 사용하는 기계적 번역에 의한 것으로 톰슨로이터와 레피니티브는 번역의 정확성을 보증하지 않습니다."
131,5,"2025-01-27","18:30:00","“입장료만 2천만원 내야!” 그래도 기 쓰고 가더니…난리났다 ‘끔찍한 쓰레기’ [지구, 뭐래?]","에베레스트산에 버려진 쓰레기들.[인스타그램 갈무리]     [헤럴드경제=김광우 기자] “세계에서 가장 높은 ‘쓰레기장’”   이곳은 ‘지구의 지붕’이라고 불리는 세계에서 가장 높은 봉우리. 네팔의 ‘에베레스트’다.   또 다른 별명은 ‘세계에서 가장 높은 쓰레기장’. 전 세계 각지에서 모인 등반객들이 무분별하게 쓰레기를 버리고 떠난 탓이다.  수십 년간 등반객들이 버린 쓰레기는 최근 주민들의 생활에도 악영향을 미치고 있다. 지구온난화로 눈이 녹아내리며, 주변 마을로 오염 물질이 흘러 들어가고 있다.   이를 참다못한 네팔 정부가 칼을 빼 들었다. 10년 만에 입장료를 35%가량 급격히 인상한 것. 이제 에베레스트 입장료는 한화 약 2200만원 수준까지 올랐다.     에베레스트산 정상.[게티이미지뱅크]    네팔 관광부의 공식 발표에 따르면 올해부터 에베레스트산 입장료를 기존 대비 35%가량 인상하는 방침이 지난 8일 내각 회의에서 승인됐다.   에베레스트산의 봄철(3~5월) 입장료는 기존 1만1000달러(한화 약 1580만원)에서 1만5000달러(한화 약 2200만원)로 인상됐다. 입장료가 가장저렴한 겨울철 입장료도 3750달러(540만원)까지 올랐다.   네팔 정부가 오랜 기간 변경하지 않은 입장료를 인상한 주요인은 등반객들에 의한 ‘환경오염’이다. 정부는 추가 자금이 환경 보호와 안전개선 등에 사용될 예정이라고 밝혔다.     에베레스트산에 버려진 쓰레기들.[인스타그램 갈무리]    사가르마타 국립공원 통계에 따르면 2023년에 에베레스트 지역의 방문객 수는 5만7690명으로 코로나19 이전 수준(2019년 5만3000명)을 훌쩍넘어선 것으로 나타났다.   이에 에베레스트 환경오염을 우려한 지역민들의 반발이 지속되자, 정부는 지난 2014년부터 등반객당 8kg의 쓰레기를 의무적으로 가져오게 하는 등 각종 보호 조치를 시행했다.   하지만 쓰레기는 줄어들지 않았다. 사가르마타 오염관리위원회(SPCC)에 따르면 에베레스트 쓰레기 수거량은 2018년 60톤에서 2024년 85톤으로 증가했다.     에베레스트 쓰레기를 치우는 자원봉사자들.[인스타그램 갈무리]    특히 감시가 어려운 고지대에 있는 캠프일수록, 쓰레기 회수 등이 어려운 것으로 알려졌다. 낮은 온도와 강한 바람 등 극한 환경에 노출돼 있기 때문이다.   이같이 오랜 기간 방치된 쓰레기는 땅으로 흡수돼 토양 오염을 일으킨다. 심지어 오염 물질이 산 아래로 내려와 지역의 수질 오염을 일으킨다. 거대한 빙하가 녹으면서 나오는 물은 지역민들의 주된 식수원이다.   특히 최근 지구온난화로 인한 기온 상승이 지속되며 지역민들의 피해는 더 커지고 있다. 산 위에 쌓인 만년설이 녹으며, 오염 물질을 머금은물이 그대로 주변 마을로 흘러들어오고 있기 때문이다.   중국과학원 연구에 따르면 네팔 영내인 에베레스트 남측의 빙하 면적은 1980년대부터 2015년까지 40여년간 26%가량 감소한 것으로 나타났다.     에베레스트산에 버려진 쓰레기들.[인스타그램 갈무리]    각종 쓰레기에 이어 방치된 시신 문제도 적지 않다. 1920년대 에베레스트 등반이 시작된 후 현재까지 총 300명 이상이 등반 중 사망한 것으로 알려졌다. 하지만 이들의 시신 수습은 대부분 이뤄지지 않았다.   한편 네팔 정부는 환경 보호를 위한 입장료 인상에 더해 각종 규제 강화를 추진하고 있다. 특히 최소 6500m 이상 등반 경험이 있는 이들을 대상으로만 허가증을 발급하는 등 방안이 논의되고 있는 것으로 알려졌다.   현재 네팔을 방문하는 모든 등반객은 허가를 받기 위해 여건과 함께 건강 상태를 확인하는 서류를 제출해야 한다. 하지만 이 외에 등반 경력등 규정은 없는 상태다."
131,6,"2025-01-27","18:30:00","동아프리카에서 테러 용의자 37명 체포, 인터폴에 따르면","Thirty-seven suspected terrorists arrested in East Africa, says Interpol  파리, 1월 27일 (로이터) - 지난 두 달 동안 동아프리카 전역에서 이슬람국가(IS) 조직원을 포함한 테러 용의자 37명이 체포됐다고 글로벌 경찰 기구 인터폴이 월요일 밝혔다.  프랑스에 본부를 둔 인터폴은 11월과 12월에 범아프리카경찰기구인 아프리폴과 합동으로 실시한 작전 중에 체포가 이루어졌다고 밝혔습니다.  이번 체포는 시리아 내전 이후 ISIS 무장 단체의부활 가능성에 대한 우려가 커지는 가운데 이루어졌습니다.   새해 첫날, 미 육군 참전 용사가 트럭에서 ISIS 깃발을 휘날리며 임시 장벽을 돌아 뉴올리언스의 군중 속으로 차를 몰고 돌진하는 사건이 발생했습니다.  인터폴은 아프리카에서의 작전으로 케냐에서 ISIS 용의자 2명을 포함한 17명을 체포하고 탄자니아에서 ISIS 모잠비크 용의자 1명을 체포했다고 밝혔습니다.  콩고민주공화국과 소말리아에서체포된 사람들도 있었습니다.  인터폴의 시릴 구트는 ""동아프리카의 복잡한 지형은 정치적 불안정, 다원화된 국경, 사회경제적 어려움으로 인해 테러 활동에 도움이 되는 환경을 계속 제공하고 있습니다.""라고 말했습니다.  ""이러한 긍정적인 결과는 테러와의 전쟁에서 국제적 협력의 힘을 보여줍니다.""라고 그는 덧붙였습니다.     (Reporting by John Irish and Sudip Kar-Gupta; Editing by Raju Gopalakrishnan)  sudip.kargupta@thomsonreuters.com     (c) Copyright Thomson Reuters 2020. Click For Restrictions - https://agency.reuters.com/en/copyright.html        Keywords: AFRICA-SECURITY/INTERPOL   원문 바로가기    DISCLAIMER  레피니티브의 사전, 서면 승인 없는톰슨로이터 콘텐츠의 재생산이나 재배포는 금지되어 있습니다. 이 기사의 한국어 번역은 에프앤가이드가 사용하는 기계적 번역에 의한 것으로 톰슨로이터와 레피니티브는 번역의 정확성을 보증하지 않습니다."
131,7,"2025-01-27","18:28:18","넷플릭스, 작정했구나…'오징어게임' 연달아 재미보더니","25년도 나의 증권계좌를 지켜줄 알고리즘은?? 국내최초 알고리즘 종합마켓 앱 한경유레카에서 확인!     세계 최대 온라인동영상플랫폼(OTT) 업체인 넷플릭스가 예능과 라이브 콘텐츠로 보폭을 크게 넓히고 있다. 영화와 드라마 중심에서 벗어난 이후 처음 받아들인 성적도 좋다. 지난 분기 시장 예상을 뛰어넘는 실적을 발표했고, 유로 가입자 수는 역대 가장 많은 3억명을 돌파했다. 지난 분기 어닝(실적) 시즌의 첫 타자로 나선 넷플릭스의 ‘깜짝 실적’에 향후 미국 빅테크 실적에 대한 기대감까지 오르고 있다. 예능·라이브 콘텐츠 대폭 확대 넷플릭스는 지난 22일 지난해 4분기 매출이 전년 동기 대비 16% 늘어난 102억5000만달러를 기록했다고 발표했다. 시장 예상치(101억1000만달러)를 크게 웃돈 수치다. 주당순이익(EPS) 역시 4.27달러로 예상치(4.2달러)보다 높았다. 작년 4분기 넷플릭스의 순이익은 18억7700만달러로 전년 동기(9억3800만달러)와 비교해선 두배 이상 늘어났다. 올해 매출 가이던스도 상향했다. 넷플릭스는 이날 2025년 매출이 435억~445억달러가 될 것이라 예측했다. 기존 전망치보다 5억달러 높다.  지난 분기 기준 유료 가입자 수는 3억163만명으로 사상 처음으로 3억명을 돌파했다. 유료 가입자 수가 3억명을넘긴 건 OTT 업계 최초다. 지난 분기에만 신규 가입자가 1890만명이나 들어난 덕분이다. 이는 코로나19 팬데믹(대유행)이 시작된 2020년 2분기 당시 재택근무와 사회적 거리두기의 영향으로 가입자 수가 1780만명 늘어났던 걸 뛰어넘는 수준이다.  사상 최고 수준의 실적을 거둔 배경엔 넷플릭스의 외연 확장이 있었다. 넷플릭스는 지난 분기부터 스포츠 라이브 스트리밍을 대대적으로 확대했다. 지난해 11월 제이크 폴과 마이크 타이슨의 복싱 경기와 지난달 말 미국풋볼리그(NFL)가 대표적이다. 각각 전 세계에서 6500만명, 3000만명을 끌어들였다. 이달부터는 월드레슬링엔터테인먼트(WWE) 콘텐츠도 시작했다. 테드 사란도스 넷플릭스 최고경영자(CEO)는 ""정말 멋진 생중계 이벤트가 예정돼 있다""고 말했다.  예능 콘텐츠도 대폭 늘리고 있다. 한 가지 특징은 드라마에서처럼 예능에서도 K콘텐츠를 대거 앞세운다는 점이다. 넷플릭스는 지난 14일 ‘솔로지옥 시즌4’를 공개한 데 이어 올해 ‘피지컬100’ 시즌3도 선보인다. ‘대환장 기안장’, ‘도라이버 : 잃어버린 나사를 찾아서’ 등 새로운 예능 콘텐츠도 제작 중이다. 과거 방송사를 통해 방영되던 ‘크라임씬’은 다음 시즌부터 넷플릭스로 둥지를 옮긴다. ‘오징어게임’ 시즌 1이 넷플릭스 사상 최고의 흥행을기록한 데 이어 지난달 공개된 시즌 2까지 역대 세 번째 흥행작에 오르는 등 K콘텐츠가 흥행 보증 수표로 자리 잡았다는 판단에서다.   넷플릭스가 예능과 라이브 콘텐츠로 보폭을 넓히는 이유는 콘텐츠 종류의 다변화가 광고 수익을 늘리는 데 도움이 된다는 판단에서다. 넷플릭스는 지난해 처음 선보인 ‘광고 요금제’가 해당 옵션이 제공되는 국가에서 가입자의 55% 이상을 차지한다고 밝혔다.광고 요금제는 구독제 중 최저가지만 콘텐츠 중간중간 광고가 송출되는 옵션이다. 광고 요금제 가입자는 지난 분기에만 전 분기 대비 30% 가까이 늘었다. 넷플릭스는 “올해 모든 광고 국가에서 충분한 규모의 회원을 달성하기 위한 준비를 순조롭게 진행하고 있다”며 “광고주를 위한 서비스를 개선해 광고를 실질적으로 성장시키는 게 최우선 과제”라고 밝혔다. 넷플릭스 깜짝실적에 어닝시즌 기대 올라가  넷플릭스 주가는 지난 24일 뉴욕증시에서 977.59달러에 거래를 마쳤다. 1년 전과 비교해 73.95% 높다. JP모간은 넷플릭스의 목표주가를 1000달러로 기존보다 150달러 상향 조정했다. 제프리 블로다르자크 피보털리서치 애널리스트는 목표주가를 월가 최고 수준인 1250달러까지 올리며 “넷플릭스가 상당한 손실을 기록하고 있는 경쟁업체들과 달리 자유현금흐름을 창출해 신규 콘텐츠에 집중 투자함으로써 성장을 가속화하고 있다”고 분석했다.  깜짝 실적에 더해 요금제 가격 인상도 시장의 좋은 평가를 받았다. 넷플릭스는 미국에서 기본 요금제 가격을 기존의 15.49달러에서 17.99달러로 인상하고,광고 요금제는 6.99달러에서 7.99달러로 인상했다. 프리미엄 요금제 가격은 22.99달러에서 24.99달러로 인상했다. 로이터통신에 따르면 PP포어사이트는 넷플릭스의 광고 요금제 인상에 대해 ""경쟁사들에 비해 훨씬 더 강력하고 다양한 프로그램 라인업을 바탕으로 막강한 힘을보여주는 것""이라고 분석했다.  넷플리스의 선방으로 실적시즌에 대한 기대감도 높아지고 있다. 마이크로소프트, 메타, 테슬라가 오는 29일(현지시간) 동시에 실적을 발표하고, 30일에는 애플과 인텔이 실적을 발표한다.  실리콘밸리=송영찬 특파원 0full@hankyung.com     ▶▶[급등종목]◀◀ 지금 ""1,000만원""만 있다면 당장 ""이것""매수해라!! >>> (무료공개)  2,500여개의 국내종목, ""알고리즘들의 매매의견""이 궁금하다면??  ▶▶ 월0.2%대 최저금리 X 주식자금 4배 X 100%집중투자 => 부자네스탁론  [단기에 부자가 되는 방법] 상위 1%만의 강의 무료 제공 중 (pw:4560)  月220만원 직장인들 사이에서 주식투자 입소문.. ""억대수익"" 내는 방법 공개! ☞☞ [클릭]                관련기사 ""중국인 반응 폭발""…6000만원짜리 車 '불티' ""휴게소서 돈까스 먹으려다"" 화들짝 놀란 까닭 100억 넘게 벌었는데 ""구조대 빨리 오라"" 비명 ""회사 잘릴 뻔""…명절선물 건넸다가 '날벼락' '흡연 천국' 불렸는데…""전자담배도 안돼"" 돌변    ⓒ 한국경제 & hankyung.com, 무단전재 및 재배포 금지"
132,1,"2025-01-27","18:13:53","""트렌스젠더 약, 정부서 지원""…연 62억 쏟아붓는 '이 나라'","태국, 트렌스젠더 호르몬 약 지원   올해 예산 1억4563바트 배정 완료     태국 정부가 트렌스젠더 10만명에게 호르몬 약물을 지원하기 위한 예산을 배정했다.   27일(현지시간) 방콕포스트에 따르면 태국 보건부는 국가건강보험국에 1억4563만바트, 우리 돈으로 약 61억9700만원을 할당했다.   아누쿨 프룩사나숙 태국 정부 부대변인은 ""보건부는 성적으로 다양성을 지닌 개인을 대상으로 신체 건강 관리뿐 아니라 정신건강 보호도 강조해 정부의 동성결혼 평등 정책을 지원하고 있다""고 말했다.   그는 트렌스젠더 개인의 성 정체성과 일치하도록 외모를 맞추기 위해 호르몬 치료가 필요하다고 강조했다.   태국 국가건강보험위원회는 올해 예산 계획 중 트렌스젠더 시민을 위한 호르몬 치료 등 의료 서비스를 지원하는 예산 1억4563만바트를 승인했다. 이 예산은 트렌스젠더 약 20만명에게 지원될 계획이다.   그간 호르몬 치료 비용은 개인이 직접 부담해야했다. 이 때문에 적절한 치료를 받지 못하거나 부적절한 경로로 호르몬을 구매해 사용하는 사례가 이어졌다.   아누쿨 부대변인은호르몬 치료 외에도 의료·보건 서비스를 트렌스젠더 개인에게 동등하게 제공한다고 덧붙였다.  김대영 한경닷컴 기자 kdy@hankyung.com    관련기사 ""중국인 반응 폭발""…6000만원짜리 車 '불티' ""휴게소서 돈까스 먹으려다"" 화들짝 놀란 까닭 100억 넘게 벌었는데 ""구조대 빨리 오라"" 비명 ""회사 잘릴 뻔""…명절선물 건넸다가 '날벼락' ' 흡연 천국' 불렸는데…""전자담배도 안돼"" 돌변    ⓒ 한국경제 & hankyung.com, 무단전재 및 재배포 금지"
132,2,"2025-01-27","18:11:55","크렘린, 벨로루시에서 루카셴코의 선거 승리를 환영하며 서방 비판 일축","Kremlin hails Lukashenko's election victory in Belarus, dismisses Western criticism  모스크바, 1월 27일 (로이터) - 크렘린궁은 일요일 벨라루스 대선에서 러시아 동맹국 알렉산더 루카셴코의 승리를 축하하며 서방의 투표에 대한 비판을 ""예상 가능한 일""이라고 일축했다고 월요일에 밝혔습니다.  1994년부터 벨라루스를 집권한 루카셴코는 유럽 정치인들이 자유롭지도 공정하지도 않다고 평가한 선거에서 86.8%의 득표율을 기록했습니다.  구소련 공화국에서는 독립 언론이 금지되어 있으며, 야당의 주요 인사들은 모두 투옥되거나 해외로 망명해야 했습니다.     (Reporting by Dmitry Antonov; Writing by Lucy Papachristou;Editing by Mark Trevelyan)  Lucy.Papachristou@thomsonreuters.com     (c) Copyright Thomson Reuters 2020. Click For Restrictions - https://agency.reuters.com/en/copyright.html        Keywords: BELARUS-ELECTION/RUSSIA (URGENT)   원문 바로가기    DISCLAIMER  레피니티브의 사전, 서면 승인 없는 톰슨로이터 콘텐츠의 재생산이나 재배포는 금지되어 있습니다. 이 기사의 한국어 번역은 에프앤가이드가 사용하는 기계적 번역에 의한 것으로 톰슨로이터와 레피니티브는 번역의 정확성을 보증하지 않습니다."
132,3,"2025-01-27","18:10:57","오늘밤 11시부터 교통체증 해소···서울→부산 5시간40분","연휴 사흘째인 27일 늦은 오후 귀성 노선 고속도로 정체가 조금씩 풀리고 있다.    한국도로공사에 따르면 경부선과 서해안선, 중부선, 영동선 등 지방 방향 주요 노선 곳곳은 여전히 정체를 빚고 있다. 교통 정체는 이날오후 11시~28일 오전 2시 사이 해소될 것으로 예상된다.   경부선 부산 방향은 남사진위부근~남사부근 5㎞, 천안 부근~천안 휴게소부근 17㎞, 옥산분기점부근~옥산부근 7km, 청주~남이분기점부근 5km, 청주분기점부근~죽암 휴게소부근 5km, 대전~대전터널 2km, 옥천 휴게소부근~옥천4터널 8km 구간에서 정체가 이어지고 있다.   서해안선 목포 방향으로는 안산 분기점~순산터널 부근 2㎞, 팔탄 분기점~화성 휴게소부근 2㎞, 서평택부근~서해대교 8㎞, 동서천분기점부근~동서천분기점부근 4㎞에서 차량이 거북이걸음 중이다.   중부선 남이 방향은 남이천IC~남이천IC 부근 3㎞, 진천부근~진천터널부근 12㎞, 오창~남이분기점 12㎞ 구간이 정체 중이다. 영동선 강릉방향은 대관령부근~대관령1터널부근 5㎞, 면옥부근~봉평터널부근 3㎞에서 교통이 혼잡하다.   이날 오후 6시 요금소 출발 기준 서울에서 지방까지 승용차로 걸리는 시간은 △부산 5시간 50분 △울산 5시간 20분 △강릉 2시간 50분 △양양 2시간 10분(남양주 출발) △대전 2시간 50분 △광주 4시간 50분 △목포 5시간 20분(서서울 출발) △대구 4시간 50분이다.   같은 시각 지방에서 서울까지 △부산 4시간 40분 △울산 4시간 20분 △강릉 3시간 20분 △양양 2시간 40분(남양주 도착) △대전 1시간 50 분 △광주 3시간 40분 △목포 3시간 40분(서서울 도착) △대구 3시간 40분이 소요된다. /유주희 기자 ginger@sedaily.com  통장에 ""30만원"" 있다면 무료 지원금받아 ""반드시"" 수익난다!!>>>[무료체험]  ▶20년 연속 점유율 1위 하이스탁론  [급등주 大공개] 알고리즘 데이터 실시간 분석 ""급등"" 종목과 매수 타이밍까지! >>바로 확인   [ⓒ 서울경제, 무단 전재 및 재배포 금지]"
132,4,"2025-01-27","18:10:56","업데이트 1- 1월 독일 기업 심리, 예상 밖의 상승세","UPDATE 1-German business sentiment unexpectedly rises in January   베를린, 1월 27일 (로이터) - 독일 기업 사기가 현재 경제 상황에 대한 긍정적인 평가 덕분에 1월에 예상외로 개선되었다는 조사 결과가 월요일에 나왔습니다.  Ifo 연구소는 1월 비즈니스 환경 지수가 전월의 84.7에서 85.1로 상승했다고 밝혔습니다.  로이터에서 설문조사한 분석가들은 84.7을 예상했습니다.  현재 상황 지수는 12월 85.1에서 1월 86.1로상승한 반면, 기대 지수는 84.4에서 84.2로 소폭 하락했습니다.  ""독일 경제는 여전히 비관적입니다.""라고 Ifo의 클레멘스 푸에스트 사장은 말합니다.  업종별로는 산업과 건설업에서 Ifo 지수가 악화된 반면, 서비스업은 크게 상승하고 소매업은 보합세를 유지했습니다.     (Reporting by Miranda Murray and Maria Martinez, writing by Rachel More)  Miranda.Murray@thomsonreuters.com     (c) Copyright Thomson Reuters 2020. Click For Restrictions - https://agency.reuters.com/en/copyright.html        Keywords: GERMANY-ECONOMY/BUSINESSSENTIMENT (UPDATE 1)   원문 바로가기    DISCLAIMER  레피니티브의 사전, 서면 승인 없는 톰슨로이터 콘텐츠의 재생산이나 재배포는 금지되어 있습니다. 이 기사의 한국어 번역은 에프앤가이드가 사용하는 기계적 번역에 의한 것으로 톰슨로이터와 레피니티브는 번역의 정확성을 보증하지 않습니다."
132,5,"2025-01-27","18:10:41","與 “尹 기소, 검찰의 명백한 오판…‘공수처 굴종’ 검찰총장 즉각사퇴”","“공수처 ‘하청기구’ 전락한 檢”  “부실 기소 책임, 공소 기각해야”     권영세 국민의힘 비상대책위원장이 27일 오후서울 영등포구 인봉의료재단 영등포병원에서 설 연휴 응급의료체계 현장점검을 한 뒤 보도진과 인터뷰하고 있다. [연합]    [헤럴드경제=김민지 기자] 국민의힘은 27일 윤석열 대통령이 구속기소된 것과 관련 “명백한 검찰의 오판”이라며 비판을 이어갔다.   권영세 비상대책위원장은 이날 페이스북에 “법치 붕괴를 불러온 공수처장과 이에 굴종한 검찰총장은 즉각 사퇴하는 것이 옳다”고 촉구했다.   권 위원장은 “제대로 된 조사도 없이 불구속 수사 원칙이 무시된 이번 사건은 검찰의 정치적 중립성에 의문을 제기하게 한다”며 “공수처해체를 외쳤던 국민들이 이제 검찰 대개조를 외치고 있다”고 꼬집었다.   권 위원장은 이날 서울 영등포병원을 찾은 뒤 기자들과 만나 “검찰이 ‘최고 수사기관’이라는 위상과 명성을 스스로 포기해버렸다”고 말했다.   권 위원장은 “검찰 입장에서는 현재까지 수사 상황을 만족하지 못하고 (구속) 연장이 필요하다고 생각해 (영장 기한) 연장을 신청한 건데,법원이 연장을 불허했다면 불구속 상태로라도 충분히 수사해서 완벽한 판단을 갖고 기소 여부를 가렸어야 했다”고 지적했다.   이어 “(검찰은) 그런 절차 없이 서둘러서 공수처에서 받은 대로 기소를 해버렸다”고 비판했다.   그는 “앞으로 고위공직자범죄수사처 폐지를 포함, 검찰의 이런 모습들도 충분히 반영해서 검경 수사권 조정을 해야 한다”고 덧붙였다.   김대식 원내수석대변인은 논평에서 “검찰은 공수처의 불법 수사를 단죄하기는커녕 이를 근거로 기소를 강행함으로써 공수처의 ‘하청 기구’, ‘기소 대행 기구’로 전락한 모습을 보였다”고 주장했다.   김 원내수석대변인은 “검찰은 향후 부실 기소로 인한 책임을 반드시 져야 하며, 공수처의 위법한 수사 과정에 대한 철저한 수사와 법적 책임 추궁이 이루어져야 한다”고 강조했다.   김 원내수석대변인은 사법부를 향해서는 “재판 과정에서 이번 기소의 절차적·법적 문제를 명확히 지적해야 한다”며 “공소 기각을 통해 법치주의의 근간을 바로 세워주기를 촉구한다”고 말했다.   여권 인사들도 일제히 윤 대통령에 대한 검찰의 구속기소를 비판하며 법원의 공소기각 등 조치를 촉구했다.   나경원 의원은 페이스북에 “법원은 이제 불법 수사와 부실 기소의 위법성을 철저히 심리해야 한다”며 “직권보석 결정으로 과도한 인신구속을 해제하고, 공소기각까지 적극 검토해야 한다”고 강조했다.   오세훈 서울시장은 페이스북을 통해 “수사 없이 단행된 대통령 기소에 깊은 유감을 표한다”며 “이제 국민의 시선은 법원을 향해 있다. 재판 과정에서 조금의 절차적 시빗거리도 남기지 말아야 한다”고 촉구했다."
132,6,"2025-01-27","18:10:29","올 4월 결혼 앞둔 김종민 “큰 피해, 법적 대응하겠다”…강경 방침, 무슨 일?","가수 김종민 [인스타그램]     [헤럴드경제=장연주 기자] 혼성그룹 ‘코요태’ 멤버인 김종민이 초상권 무단도용 및 허위 광고에 법적 대응한다.   김종민의 소속사 제이지스타는 27일 “최근 김종민 사진을 무단도용해 허위 광고하는 업체를 포착했다”며 “관련 자료들을 수집해 고발 조치에 착수할 예정”이라고 밝혔다.   특히 “해당 업체는 김종민의 신뢰도를 악용하고, 수익금을 빌미로 투자를 유도하고 있다”며 “피해자 발생을 막기 위해 강력한 법적 조치를 결정했다”고 덧붙였다.   또 소속사 측은 “허위 광고에 속지 말아달라”고 간곡히 부탁했다.     김종민 초상권 무단도용. [도용업체 공식 홈페이지]    한편, 최근 연예인의 사진을 무단으로 도용해 불법 광고는 물론 투자를 유도하는 업체들이 다수 등장하고 있어 주의가 요구된다.  김종민은 가수 활동과 함께 KBS 2TV ‘1박2일’, SBS TV ‘미운 우리 새끼’ 등 인기 예능에 출연하며 대중 사이에 신뢰를 쌓았다. 김종민은올 4월 11세 연하 신부와 결혼식을 올릴 예정이다."
132,7,"2025-01-27","18:07:13","이시바 日 총리 ""국제사회와 협력해 북한 핵·미사일 폐기 요구""","이시바 시게루 일본 총리는 27일 ""미국, 한국을 비롯한 국제사회와 협력하면서 관련 유엔 안전보장이사회 결의의 완전한 이행을 추진하고북한의 핵·탄도미사일 프로그램의 완전한 폐기를 요구해 나갈 것""이라고 밝혔다.   이시바 총리는 이날 중의원(하원) 본회의에서 제1야당인 입헌민주당의노다 요시히코 대표가 ""도널드 트럼프 미국 대통령이 북한에 대해 '핵보유국'이라고 발언했는데 진의는 무엇이라고 생각하느냐""는 질문에 ""다른 나라 정상의 발언에 관해 설명할 입장이 아니며 발언에 대해 코멘트하는 것은 삼가겠다""면서도 이같이 대답했다.   그는 또 ""나와 트럼프 대통령 사이에서뿐 아니라 트럼프 행정부와도 공고한 신뢰 협력 관계를 구축하고 대북 대응에 긴밀히 의사소통할 것""이라고 덧붙였다.   노다 대표도 질의에서 ""북한의 핵보유국 지위를 결코 인정해서는 안 된다""며 ""북한을 일단 핵보유국으로 인정할 경우 비핵화를 실현하기가 더욱 어려워지지 않겠느냐""면서 이시바 내각에 단호한 대응을 촉구했다.   이시바 총리는 제2야당인 일본유신회 마에하라 세이지 공동대표가 ""일본인 납북자 문제 해결을 위해 어떤 대응을 하고 있느냐""는 질문에 ""내가 김정은 (북한 국무)위원장에 대해 촉구한 것을 비롯해 그동안 다양한 경로를 통해 다양한 노력을 기울이고 있다""고 말했다.   그러면서 ""일조평양선언(북일평양선언)의 원점으로 되돌아가 모든 납치 피해자가 하루빨리 귀국하도록 북한과 여러 문제를 해결하기 위해나 자신 강한 결의를 갖고 총력을 기울여 가장 효과적인 방법을 강구하겠다""고 덧붙였다.   일본 정부는 2002년 고이즈미 준이치로 당시 일본 총리가 북한을 방문해 김정일 국방위원장과 회담한 뒤 발표한 북일평양선언에 따라 북한과 납치, 핵, 미사일 등 여러 현안을 포괄적으로 해결한다는 방침을 세우고 있다.     ● 주식으로 돈 벌까? 오늘의 운세로 확인  ● 무조건 오르는 비공개 종목 '반드시' 확인하기(무료 체험)  ● 텔레그램에만 있는 비밀정보? “사람들이 텔레그램이 몰리는 이유!”   [관련기사]  ☞ ""흡연은 흡연실에서""…엑스포 앞둔오사카, 공공장소 흡연 전면금지  ☞ ""7월 5일 대재앙 온다""…'동일본 대지진 적중' 만화가 예언 재조명  ☞ 日 강제동원 피해자 이춘식 할아버지 별세  ☞ 일제 강제동원 피해자 이춘식 할아버지 별세…향년 105세  ☞ 투자 성공의 핵심은 기업분석! 'CORE' 바로가기      김보경 기자 bkly477@asiae.co.kr   <ⓒ투자가를 위한 경제콘텐츠 플랫폼, 아시아경제(www.asiae.co.kr) 무단전재 배포금지>"
133,1,"2025-01-27","17:58:54","나경원, 尹 구속기소에 ""불법 아수라판…공소기각 검토해야""","""정치 재판 되어선 안 돼""      나경원 국민의힘 의원이 검찰의 윤석열 대통령 구속기소를 '과도한 인신구속'이라 비판하고 나서며 공소기각을 적극적으로 검토해야 한다고 주장했다.  나 의원은 27일 자신의 사회관계망서비스(SNS) 계정에 ""수사권도 없는 공수처(고위공직자범죄수사처)가 내란 혐의를 수사하고, 관할도 아닌 법원에서 꼼수로 영장을 발부받았다""며 ""체포영장 과정에서 대리날인에 문서 조작까지있었다는 충격적인 사실도 드러났다. 이런 불법 수사를 검찰이 그대로 인수해 (윤 대통령을) 구속기소 했다""고 주장했다.  이어 나 의원은 ""검찰 역시 내란에 대한 수사권이 없다""며 ""1만 페이지가 넘는 수사 기록을 이틀 만에 검토했다는 것도 납득하기 어렵다""고 밝혔다. 더불어 ""현직 대통령을 이렇게 불법과 편법으로 구속한 나라가 있었던가. 형사법의 대원칙인 무죄추정과 적법절차의 원칙이 산산조각이 나고 있다. 이런 선례가 굳어지면 정권 찬탈 목적 선동과 불법·편법 정치 수사 등 국가적 비극은 무한 반복될 것""이라고 주장했다.  또한 나 의원은 ""불법과 편법이 난무하는 이 아수라판에서 법원은 이제 불법 수사와 부실 기소의 위법성을 철저히 심리해야 한다. 직권보석 결정으로 과도한 인신구속을 해제하고, 공소기각까지 적극적으로 검토해야 한다. 무죄추정,적법절차 원칙을 무시한 채 정치재판, 원님 재판이 돼선 안 된다""고 목소리를 높였다.  검찰 비상계엄 특별수사본부는 지난 26일 공수처로부터 윤 대통령 내란 혐의 사건을 넘겨받은 뒤 내란 우두머리(수괴) 혐의로 구속기소 했다.  이에 따라 윤 대통령은최장 6개월간 수감된 상태로 1심 재판을 받게 됐다. 윤 대통령 변호인단 측은 27일 입장문을 통해 ""대통령에 대한 수사권이 없던 검찰과 공수처는 직권남용을 지렛대로 삼아 대통령 수사를 시작했다""며 ""정작 수사권이 있는 직권남용에 대한 수사는 제쳐두고 내란 몰이에만 집중했다""고 언급했다. 아울러 ""직권남용에 대한 수사를 근거로 내란을 수사하는 전형적인 별건 수사""라며 ""대한민국의 사법 시스템을 무너뜨리고 대통령을 구속기소 하는 주객전도의 수사이며 명백한 위법 수사""라고 주장했다.  장지민 한경닷컴 객원기자 newsinfo@hankyung.com    관련기사 ""중국인 반응 폭발""…6000만원짜리 車 '불티' ""휴게소서 돈까스 먹으려다"" 화들짝 놀란 까닭 100억 넘게 벌었는데 ""구조대 빨리 오라"" 비명 ""회사 잘릴 뻔""…명절선물 건넸다가 '날벼락' '흡연 천국' 불렸는데…""전자담배도 안돼"" 돌변    ⓒ 한국경제 & hankyung.com, 무단전재 및 재배포 금지"
133,2,"2025-01-27","17:58:40","김값이 금값이라더니, 귀한 걸 왜?…바다에 버려지는 멀쩡한 물김, 이유는","최근 K-푸드 열풍에 마른김 가격이 급등한 가운데 원료인 물김 가격은 곤두박질 쳐 바다에 버려지고 있다. 물김 생산량은 급증했지만 마른김 가공량은 그대로여서다. 24일 농수산식품유통공사에 따르면 마른김(중품) 10장 평균 소매가격은 전날 기준 1467원이었다. 1년전(977원)보다 1.5배 이상 뛴 가격이다. 마른김과 조미김 가격은 지난해부터 상승세를 나타냈다. 지난해 5월 CJ제일제당과 동원F&B, 광천김과 대천김은 김 가격을 줄줄이 인상했다. 올해 설 선물 세트에 들어가는 김의 양도 줄어들었다. 하지만 산지에서 양식 어가가 생산하는 물김 가격은 폭락했다. 수협중앙회에 따르면 지난 22일 물김 ㎏당 위판 금액은 588원으로, 지난해(1609원)의 3분의 1 수준으로 하락했다. 지난 21일에는 ㎏당 가격이 500원 아래로 내려가기도 했다. 이러한 상황이 발생한 것은 물김 생산량이 대폭 늘었기 때문이다. 해양수산부가 지난해 신규 양식을 허가해 양식 면적이 확대된 데다가 작황이 좋아졌고 불법 양식까지 증가한 영향이다. 경매에서 유찰돼 폐기되는 물김도늘고 있다. 물김은 장기간 보관이 어렵다. 지난 22일까지 전남 진도군과 해남군 두 곳에서 폐기된 물김만 2400t에 이른다. 다른 지역까지 합치면 모두 3000t에 이르는 것으로 추산된다. 해수부는 마른김업체들이 물김 가격이 더 떨어지기를 기대 중인 것도 물김이 버려지는 이유라고 지적했다. 해수부 관계자는 “물김 생산자와 마른김 생산자가 상생할 수 있는 접점을 찾아야 한다”며 “마른김 업체가 물김을 구매할 수 있도록 자금을 지원할 것”이라고 말했다.    [ⓒ 매일경제 & mk.co.kr, 무단 전재, 재배포 및 AI학습 이용 금지]"
133,3,"2025-01-27","17:58:39","與, 尹구속기소에 연일 검찰 맹공 ""형사사법체계 불신이 심판대에""","[머니투데이 김지은 기자] [the300]     국민의힘이 최근 검찰이 윤석열 대통령을 구속 기소한 것과 관련해 ""대한민국이 피와 땀으로 일군 형사사법 체계 민주주의 제도에 대한총체적 불신이 심판대에 올랐다""고 밝혔다.   신동욱 국민의힘 수석대변인은 27일 국회에서 진행된 현안 브리핑에서 ""민주주의는 결과도 중요하지만 그 결과에 이르는 절차를 더 소중히 생각하는 시스템""이라며 이같이 말했다.   신 대변인은 ""민주당은 자신들에게 미운털이 박힌 대통령을 쫓아내기 위해, 많은 법적 문제를 가진 자신들의 정치적 리더를 대통령으로만들기 위해 이 민주적 절차를 무시하는 것 아니냐는 의구심이 든다""고 말했다.   그러면서 ""법적 수사 권한이 없는 공수처(고위공직자범죄수사처)가 대통령 수사에 뛰어들고 자신에게 동조할 것으로 생각되는 법원을 찾아 영장을 발부받고 법원은 또 그 사실을 알면서도 사법 정의를 바로 세우기는커녕 그 모순적 카르텔에 몸을 맡기는 기현상을 국민은 이해하지 못한다""고 말했다.   이어 ""검찰도 분명 공수처 수사만으로 기소하기 어렵다는 입장을 냈다가 법원이 구속 기간 연장을 불허하자 공수처 수사 결과만으로 기소를 충분히 한다는 이해할 수 없는 입장을 냈다""고 덧붙였다.   신 대변인은 ""이재명 대표는 민생을 외치지만 그동안 무엇을 하다가 이제 와서 민생을 외치는지 모르겠다""며 ""(민주당은) 지금이라도 이성을 되찾아 자신들이 저지른 잘못에 대해 국민께 사과하고 대한민국 민주주의 절차적 정당성을 회복하도록 힘을 보태야 한다""고 말했다.   이날 김대식 국민의힘 원내수석대변인 역시 논평을 통해 ""이번 기소는 법적·절차적 하자가 중대하다는 점에서 국민적 신뢰를 훼손할 뿐 아니라 국제적으로도 국가의 격을 실추시켰다는 점에서 명백한 검찰의 오판""이라고 말했다.   그러면서 ""앞으로의 재판 과정에서 사법부가 이번 기소의 절차적·법적 문제를 명확히 지적하고 공소 기각을 통해 법치주의의 근간을 바로 세워주기를 촉구한다""고 말했다.   나경원 국민의힘 의원 역시 이날 SNS(소셜미디어)에서 ""현직 대통령을 이렇게 불법과 편법으로 구속한 나라가 있었느냐""며 "" 형사법의 대원칙인 무죄추정과 적법절차의 원칙이 산산조각 나고 있다. 이런 선례가 굳어지면 정권 찬탈 목적 선동과 불법 편법 정치 수사 등 국가적 비극은 무한 반복될 것""이라고 말했다.       [관련기사] ☞ 전한길 ""난 노사모 출신""…노무현재단 ""법적 대응"" ☞ ""이따 얘기해""…김종민, 예비신부에 '재방료' 들통 ☞ ""다른 남자와 잠자리 강요""…이혼 변호사도 당황 ☞ '상습도박' 슈, SES 자료화면서 모자이크 '굴욕' ☞ 집 곳곳에 커플사진?…지상렬, 동거녀 공개   김지은 기자 running7@mt.co.kr     키워드림론 최대 4배 주식자금 & 고금리 대환상품 한도 오픈! (1644-6960)   [무료운세] 믿어야 돼 말아야 돼? 종목매수전에 믿고보는 '오늘의 운세'        [파워 인터뷰]       매수전에 점 부터 보고 가실께요 -> 오늘의 운세 [복채무료]      ⓒ 머니투데이 & mt.co.kr, 무단 전재 및 재배포 금지"
133,4,"2025-01-27","17:58:14","BUZZ-EUR/GBP-상단 고갈 징후 증가","BUZZ-EUR/GBP-Increasing signs of topside exhaustion  금요일의 가격 움직임은 EUR/GBP의 고점을 암시합니다.   이는 200DMA 미만 종가 및 주요일 약세 반전에서 비롯된 것입니다.   주요일 반전 = 고점 고점, 저점 저점, 전일 저점 이하 종가   앞서 언급했듯이 EUR/GBP는 0.8500, 0.8558 정도였습니다.   십자가는 여전히 랠리 매도를 지지하는 광범위한 하락 추세 내에 있습니다.   지원은 0.8400 및 0.8346(100DMA)입니다.   앞으로의 전망 - 깜짝 놀랄 일은 거의 없을 것으로 예상되지만 ECB에 초점이 맞춰져 있습니다.   유로/영국 파운드 약세에 대한 더 큰 위험은 영란은행의 2월 6일 회의입니다.   자세한 내용을 보려면        (저스틴 맥퀸은 로이터 시장 분석가입니다. 표현된 견해는 본인의 의견입니다.)  justin.mcqueen@thomsonreuters.com        (c) Copyright Thomson Reuters 2020. Click For Restrictions - https://agency.reuters.com/en/copyright.html   원문 바로가기    DISCLAIMER  레피니티브의 사전, 서면 승인 없는 톰슨로이터 콘텐츠의 재생산이나 재배포는 금지되어 있습니다. 이 기사의 한국어 번역은 에프앤가이드가 사용하는 기계적 번역에 의한 것으로 톰슨로이터와 레피니티브는 번역의 정확성을 보증하지 않습니다."
133,5,"2025-01-27","17:57:41","[속보] 정재호 주중대사, 오늘 이임…부임 2년반만에 임기 종료","[속보] 정재호 주중대사, 오늘 이임…부임 2년반만에 임기 종료 (끝)     <저작권자(c) 연합뉴스, 무단 전재-재배포, AI 학습 및 활용 금지>"
133,6,"2025-01-27","17:56:08","'금배지' 뺀 류호정 깜짝 근황…""목수로 취업, 전직과 이직 그만""","[머니투데이 김성은 기자] [the300]     류호정 전 국회의원이 목수로 변신한 근황을 전했다.   류 전 의원은 지난 25일 자신의 소셜미디어(SNS)에 ""설 즈음 공유하는 근황""이라며 이같이 밝혔다.   류 전 의원은 ""취업했다. 작년엔 기술 배우러 목공 학원을 다녔다""며 ""회사에서는 경력으로도 나이로도 막내 목수고 배울 게많아서 퇴근 후에도 공부하고 있다""고 밝혔다.   이어 ""회사는 실내 인테리어 시공, 고급 원목가구 제작에 특화되어 있다. 원목을 가공하기 위해 직접 운영하는 목공방도 있다""며 ""나무라는 소재는 자연 그 자체라 저는 휴식 공간에 목재가 많을 때 편안함을 느끼는데, 요즘 현장을 따라다니며 인테리어와 원목의 결합으로 주거공간이 한층 더 편안하고 고급스러워지는 것을 보고 있다""고 했다.   또 ""안주 취향이 맞는 목수님들을 알게 되어 더 좋은 직장""이라며 ""틈틈이 뉴스도 보고 세상 돌아가는 일에 관심 가지며 바라보고 있습니다만, 이제 전직과 이직은 그만하고 열심히 살아보려한다. 다들 즐거운 설 연휴 보내시라""고 덧붙였다.   류 전 의원은 2017년 정의당에 입당, 지난 21대 국회에서 만 27세의 나이로 최연소 비례대표 의원을 지냈다. 이후 정의당을 탈당, 지난해 4월 총선 개혁신당 후보로 나서 경기 성남갑 지역구 공천을 받았지만 ""제3지대 정치는 실패했다. 당에서 어떠한 역할도 부여받지 못했다""며 출마 포기를 선언했다.      [관련기사] ☞ 전한길 ""난 노사모 출신""…노무현재단 ""법적 대응"" ☞ ""이따 얘기해""…김종민, 예비신부에 '재방료' 들통 ☞ ""다른 남자와 잠자리 강요""…이혼 변호사도 당황 ☞ '상습도박' 슈, SES 자료화면서 모자이크 '굴욕' ☞ 집 곳곳에 커플사진?…지상렬, 동거녀 공개   김성은 기자 gttsw@mt.co.kr     키워드림론 최대 4배 주식자금 & 고금리 대환상품 한도 오픈! (1644-6960)   [무료운세] 믿어야 돼 말아야 돼? 종목매수전에 믿고보는 '오늘의 운세'        [파워 인터뷰]       매수전에 점 부터 보고 가실께요 -> 오늘의 운세 [복채무료]      ⓒ 머니투데이 & mt.co.kr, 무단 전재 및 재배포 금지"
133,7,"2025-01-27","17:54:58","28일 눈보라 이어지고 낮에도 ‘영하의 강추위’","28일 새벽부터 전국에 시간당 1∼3㎝ 서울 낮에도 ‘-2도’ 머물러 당분간 전국에 강풍·바다에 풍랑     설 연휴 셋째 날인 27일 오후 서울 종로구 경복궁이 내외국인 관광객들로 붐비고 있다. [연합]     [헤럴드경제=김민지 기자] 설 전날인 28일 눈보라가 이어지고 서울 등은 낮에도 영하인 강추위가 다시 찾아오겠다.   저기압이 지나가고 서해상에 해기차 때문에 발생한 눈구름대가 유입되면서 27일 제주와 강원내륙·산지를 중심으로 곳곳에 10㎝ 넘는 눈이 내려 쌓였다.   제주 한라산 어리목과 삼각봉 등에는 이날 들어 오후 4시까지 새로 내려 쌓인 눈만 따져도 30㎝ 넘게 쌓였다.   다른 지역 오후 5시 기준 일신적설(하루 동안 내려 쌓인 눈의 양)을 보면 경기 가평(조종면) 15.4㎝, 강원 횡성(안흥면) 14.9㎝, 전북 무주설천봉 14.2㎝, 충북 제천(백운면) 11.5㎝, 경북 문경(동로면) 11.3㎝ 등이다.   서울(종로구 서울기상관측소 기준)에는 2.4㎝ 눈이 쌓였다. 관악구와 강북구는 적설이 각각 6.7㎝와 5.2㎝로 다른 구보다 많다.   눈은 28일에도 이어진다.   다만 27일에서 28일로 넘어가는 밤에는 영남과 강원동해안, 28일 늦은 오후부터 밤까지에는 수도권·강원내륙·강원산지·영남에서 강수가 소강상태를 보이겠다.   추가 적설량은 수도권·서해5도·강원내륙·강원산지·충청·제주산지 5∼15㎝(경기남부·강원내륙·강원산지·충청·제주산지 최대 20㎝ 이상), 광주·전남(동부남해안 제외)·전북 5∼10㎝(전북 최대 20㎝ 이상), 제주중산간 3∼10㎝, 경북북부내륙·경북북동산지·경남서부내륙·울릉도·독도 3∼8㎝(최대 10㎝ 이상) 등이 예상된다.   전남동부남해안·대구·경북(북부내륙·북동산지·동해안 제외)·제주해안에는 1∼5㎝, 강원동해안과 경북동해안엔 1㎝ 안팎의 눈이 더 쌓이겠다.   28일 새벽(수도권·강원내륙·강원산지·호남은 27일 밤)부터 오후까지 눈이 시간당 1∼3㎝, 최대 5㎝ 안팎으로 쏟아질 때가 있겠다.   밤사이 기온이 뚝 떨어지면서 내린 눈이 곧바로 얼겠으니, 28일 아침 이동 시에 각별히 조심해야 한다.   경기남서부와 강원내륙·산지, 충청, 호남, 경북서부·북동내륙, 경남서부내륙, 제주 등은 설인 29일 오후까지 비와 눈이 길게 이어질 전망이다.   28일 아침 최저기온은 영하 10도에서 0도 사이에 분포하겠다.   27일과 비교해 기온이 4∼8도 떨어지며 전국에 영하의 추위가 닥치는 것이다.   특히 강원내륙·산지는 아침 기온이 영하 10도를 밑돌겠다.   28일 낮 최고기온도 영하 4도에서 영상 6도 사이에 그치겠다.   주요 도시 예상 최저기온과 최고기온은 서울 영하 5도와 영하 2도, 인천 영하 4도와 영하 2도, 대전 영하 4도와 영상 1도, 광주 영하 3도와영상 3도, 대구 영하 3도와 영상 3도, 울산 영하 2도와 영상 4도, 부산 0도와 영상 5도다.   당분간 전국에 순간풍속 시속 55㎞(15㎧) 안팎 강풍이 이어지며 체감온도를 더 낮추겠다.   현재 강풍특보가 내려진 수도권(경기남부 제외)과 서해안, 전남남해안, 제주, 강원동해안·산지엔 29일(강원동해안·산지는 30일)까지 다른지역보다 바람이 더 거세게 불겠다.   또 경상동해안과 경북북동산지, 경남해안 등도 27일 밤부터 바람이 거세지면서 28일 새벽에는 강풍특보가 발령될 수 있다.   바다의 경우 풍랑특보가 내려진 서해상과 남해먼바다, 제주해상(남부앞바다 제외), 동해남부남쪽먼바다에 당분간 바람이 시속 30∼60㎞(9∼16㎧)로 거세게 불고 물결이 1.5∼4.0ｍ 높이로 높게 일겠다.   서해중부먼바다와 남해서부서쪽먼바다, 제주남쪽먼바다, 제주서부앞바다 등은 물결의 높이가 5ｍ를 넘어서기도 하겠다.   육지와 바다를 가리지 않고 악천후가 이어지는 가운데 27일 올겨울 처음으로 황사가 닥쳤다.   지난 24일 고비사막에서 발원한 황사가 북서풍을 타고 국내로 유입되면서 28일까지 서쪽 지역을 중심으로 영향을 주겠다."
134,1,"2025-01-27","17:44:50","중동 주식-미국 무역 우려로 대부분의 걸프 시장은 하락, 사우디는 상승","MIDEAST STOCKS-Most Gulf markets in red amid US trade worries; Saudi gains  1월 27일 (로이터) - 월요일 걸프 지역의 주요 증시는 미국 무역 정책을 둘러싼 불확실성으로 인해 대부분약세를 보였지만, 사우디아라비아 증시는 부동산 기업의 강세에 힘입어 상승하며 추세를 반전시켰습니다.  도널드 트럼프 미국 대통령은 최근 콜롬비아와 이민 관련 문제를 중심으로 한 분쟁으로 인해 관세와 제재로 콜롬비아를 위협하면서 관세 집행에 대한 의지를 재확인했습니다. 이 조치는 미국이 자국의 이익을 보호하기 위해 주저하지 않고 행동하겠다는 분명한 신호를 보냈습니다.  카타르에서는 지수가 보합세를 보였습니다.  두바이의 주요 주가 지수는 0.1% 하락했는데, 이는 Emaar Development의 2.1% 하락에 따른 것입니다.  아부다비 지수는 0.1% 하락했습니다.  트럼프 대통령이 취임 첫 주에 미국의 석유 및 가스 생산량을 늘리기 위한 광범위한 조치를 발표한 후 OPEC에 가격 인하를 촉구하면서 걸프 지역 금융 시장의 촉매제인 유가가 급락했습니다.  그러나 사우디아라비아의 벤치마크 지수는 자발 오마르 개발 회사의 10% 급등과 마카 건설 및 개발 회사의 9.8% 상승에 힘입어 0.4% 상승했습니다.  사우디아라비아 자본시장청(CMA)은 1 월 27일부터 외국인 투자자들이 메카와 메디나에서 운영되는 사우디 상장 부동산 회사에 투자할 수 있게 된다고 밝혔습니다.  한편, 이탈리아는 전략적 파트너십 강화의 일환으로 사우디아라비아와 약 100억 달러 규모의 협력 및 산업 협약을 맺고 있다고 조르지아 멜로니 이탈리아 총리가 일요일에 말했습니다.        (Reporting by Ateeq Shariff in BengaluruEditing by Bernadette Baum)  AteeqUr.Shariff@thomsonreuters.com ; +918061822788; ))     (c) Copyright Thomson Reuters 2020. Click For Restrictions - https://agency.reuters.com/en/copyright.html        Keywords: MIDEAST-STOCKS/   원문 바로가기    DISCLAIMER  레피니티브의 사전, 서면 승인 없는 톰슨로이터 콘텐츠의 재생산이나 재배포는 금지되어 있습니다. 이 기사의 한국어 번역은 에프앤가이드가 사용하는 기계적 번역에 의한 것으로 톰슨로이터와 레피니티브는 번역의 정확성을 보증하지 않습니다."
134,2,"2025-01-27","17:44:42","버즈-인디아의 아다니 윌마르, 3분기 수익이 두 배 이상 증가하며 상승세","BUZZ-India's Adani Wilmar rises on Q3 profit more than doubling  ** 아다니 윌마르 주가는 7.2% 상승한 270루피, 주식은 2.2% 상승 마감  ** 판매 호조에 따른 ADAW 3분기 실적  ** 3분기 매출의 ~80%인 식용유 부문은 ~38% 증가했습니다.  ** 약 1,100만 주 거래, 30일 평균의 2.6배에 달함  ** 애널리스트 5명의 평균 등급은 ""보류"", 평균 PT는 385루피 - LSEG 데이터  ** 2024년 주식 13.2% 하락     (Reporting by Ashish Chandra in Bengaluru)  ashish.chandra@thomsonreuters.com ( +91 7982114624) )        (c) Copyright Thomson Reuters 2020. Click For Restrictions - https://agency.reuters.com/en/copyright.html   원문 바로가기    DISCLAIMER  레피니티브의 사전, 서면 승인 없는 톰슨로이터 콘텐츠의 재생산이나 재배포는 금지되어 있습니다. 이 기사의 한국어 번역은 에프앤가이드가 사용하는 기계적 번역에 의한 것으로 톰슨로이터와 레피니티브는 번역의 정확성을 보증하지 않습니다."
134,3,"2025-01-27","17:44:41","김해 냉장고 부품공장 화재로 11억원 재산피해…인명 피해는 없어","27일 오전 경남 김해시 진영읍의한 공장에서 원인을 알 수 없는 불이 났다. 사진은 화재 현장 모습. [경남소방본부 제공]     [헤럴드경제=김민지 기자] 27일 오전 7시 17분께 경남 김해시 진영읍에 있는 한 냉장고 부품 공장에서 불이 났다.   김해서부소방서·김해동부소방서·밀양소방서 소속 소방차 27대, 소방관 82명이 출동해 오전 8시 46분께 큰 불길을 잡고 낮 12시 27분께 불을 모두 껐다.   설 연휴 임시공휴일인 이날 공장이 가동되지 않아 인명피해는 없었다.   소방 당국은 2층 규모 공장 1동, 냉장고 플라스틱 부품, 기계 설비 등이 불에 타 11억4000여만원 재산 피해가 발생한 것으로 추정했다.   경찰과 소방 당국은 화재 원인 조사에 나설 예정이다."
134,4,"2025-01-27","17:44:15","요약-아틱 블루 음료, 대출 만기일 연장 체결","BRIEF-Arctic Blue Beverages Enters Into Loans Maturity Date Extension  1월 27일(로이터) - Arctic Blue Beverages AB :  아크틱 블루 음료, 대출 만기일 연장 체결   현재 대출 계약의 만기일을 2025년 1월 31일 및 2025년 6월 30일에서 2026년 1월 31일로 연장합니다.   소스 텍스트: (  Further company coverage:      (그단스크 뉴스룸)  gdansk.newsroom@thomsonreuters.com ; +48 58 7696600; ))        (c) Copyright Thomson Reuters 2020. Click For Restrictions - https://agency.reuters.com/en/copyright.html   원문 바로가기    DISCLAIMER  레피니티브의 사전, 서면 승인 없는 톰슨로이터 콘텐츠의 재생산이나 재배포는 금지되어 있습니다. 이 기사의 한국어 번역은 에프앤가이드가 사용하는 기계적 번역에 의한 것으로 톰슨로이터와 레피니티브는 번역의 정확성을 보증하지 않습니다."
134,5,"2025-01-27","17:44:05","표- SPDR 골드, 아이셰어 실버 보유량 하락","TABLE- Holdings of SPDR Gold, iShares Silver fall  가장 큰 금 상장지수펀드(ETF)인 뉴욕의 SPDR 골드 트러스트의 주가는 금요일에 목요일보다 0.46% 하락했고, 가장 큰 은 상장지수펀드인 뉴욕의 iShares 실버 트러스트는 같은 기간 동안 0.15% 하락했습니다.     가장 널리 알려진 ETP 유형인 상장지수펀드는 특정 상품의 실물 주식으로 발행된각 증권을 뒷받침하여 거래상대방 위험이 없는 상품을 만듭니다.    TABLE- Holdings of SPDR Gold, iShares Silver fall  가장 큰 금 상장지수펀드(ETF)인 뉴욕의 SPDR 골드 트러스트의 주가는 금요일에 목요일보다 0.46% 하락했고, 가장 큰 은 상장지수펀드인 뉴욕의 iShares 실버 트러스트는 같은 기간 동안 0.15% 하락했습니다.     가장 널리 알려진 ETP 유형인 상장지수펀드는 특정 상품의 실물 주식으로 발행된각 증권을 뒷받침하여 거래상대방 위험이 없는 상품을 만듭니다.     이름 신규 보유일 이전 보유일 이전 보유량 변화 % chg YTD Abs GOLD (OZ) (OZ) (OZ) 변동 (OZ) SPDR 금 신탁 <> 27,655,478.4 Jan 24 27,784,676.3 Jan 23 -129,197.8 -0.46% -1,847,561.8 COMEX 금 신탁 <> 12,598,009.8 Jan 24 12,598,009.8 Jan 23 0.0 0.00% -1,831,768.1 ETF 증권 금(ex-US) <> 9,293,742.4 Nov 30 9,293,742.4 Nov 30 -- -- -300,230.4 ZKB 실물 금 <> ** 4,934,117.0 Jan 17 4,934,117.0 Jan 17 -- -- -123,136.9 스프롯 실물 금 신탁<> 3,277,667.0 Jan 24 3,277,667.0 Jan 23 0.0 0.00% 127,512.0 ETFS 실물 스위스 금 <> 844,902.3 Jan 06 844,902.3 Jan 06 -- -- 57,520.6 ABSA - NewGold ETF <> 600,205.2 Jan 24 600,210.1 Jan 23 -4.9 0.00% 77,373.5 총 59,204,122.2 59,333,324.9 -129,202.8 -0.22% -3,840,291.2     실버   아이셰어 실버 신탁 <> 456,712,864.4 Jan 24 457,395,874.4 Jan 23 -683,010.0 -0.15% -10,748,414.4 스폿 실물 은 <> 180,613,426.0 Jan 24 180,613,426.0 Jan 23 0.0 0.00% 10,083,377.0 ETF 증권 은 ex-US <> 100,389,761.6 Nov 30 100,389,761.6 Nov 30 -- -- 27,135,104.7 ZKB 실물 은 <> 86,760,029.6 Jan 17 86,760,029.6 Jan 17 -- -- -9,357,308.0 ETFS 실물 은 주식 <> 6,111,152.0 Mar 20 6,111,152.0 Mar 20 -- -- -17,105,014.8 총 830,587,233.6 831,270,243.6 -683,010.0 -0.08% 7,744.5     플래티넘   ETF 실물 플래티넘 주식 <> 738,343.9 Mar 20 738,343.9 Mar 20 -- -- -10,582.1 ABSA - 뉴플랫 ETF? <> 393,009.9 Jan 24 393,013.6 Jan 23 -3.7 0.00% 40,523.3 ETF 증권 플래티넘 ex-US <> 617,330.8 Nov 30 617,330.8 Nov 30 -- -- 32,609.5 ZKB 실물 플래티넘 <> 439,901.2 Jan 17 439,901.2 Jan 17 -- -- -33,548.9 총 2,188,585.8 2,188,589.5 -3.7 0.00% 29,001.8     팔라디움   인베스트팔라듐 ETF <> # 2,984.9 Jan 24 2,986.7 Jan 23 -1.7 -0.06% -1,598.3 ETF 실물 팔라듐 주식 <> 23,425.8 Mar 20 23,425.8 Mar 20 -- -- -134,305.6 ETF 실물 팔라듐 ex-US 111,915.0 Nov 30 111,915.0 Nov 30 -- -- -959.5 ZKB 실물 팔라듐 <> 100,523.0 Jan 17 100,523.0 Jan 17 -- -- 35,281.9 ABSA - 뉴팔라듐 ETF <> **** 7,915.2 Jan 24 7,915.3 Jan 23 -0.1 0.00% -1,989.8 총 246,763.9 246,765.7 -1.8 0.00% -103,571.3     위의 수치는 표시된 날짜에관련 기관이 전화 또는 이메일로 로이터에 보고한 수치 또는 해당 기관의 웹사이트에서 공개적으로 확인할 수 있는 수치입니다.     ** ZKB 실물 금, 은, 백금 및 팔라듐 펀드는 실물 귀금속으로 완전히 뒷받침되며 투자자는 실물 인도를 받을 수 있습니다.     *** GAM 골드 펀드의 주주는 실물 금으로 완전히 뒷받침되는 ""A 클래스"" 주식을 보유하도록선택할 수 있습니다. 해당 클래스의 투자자는 귀금속을 실물로 인도받을 수 있습니다.투자자는 또한 실물 금으로 완전히 뒷받침되는 ""AX"" 클래스 주식을 보유하도록 선택할 수도 있습니다. 해당 클래스의 투자자는 귀금속을 실물로 인도받을 자격이 없습니다.     **** 앱사 캐피탈의 뉴팔라듐 상장지수펀드(ETF)는 2014년 3월 27일에 상장되었으며, 남아프리카공화국 팔라듐으로 전액 투자합니다.     # 남아프리카 최초의 팔라듐 상장지수펀드인 스탠다드뱅크의 아프리카팔라듐 ETF가 2014년 3 월 24일에 데뷔했습니다.(((( 도움이 필요하면: 데스크 상단에서 '문의하기'를 클릭하고 여기 도움말을 클릭하거나 로이터 상품의 경우 1-800-738-8377, 톰슨 상품의 경우 +1-888-463-3383으로 전화하세요))))     (Bengaluru Commodities desk) BLRCEEditorial@thomsonreuters.com; within U.S. +1 651 848 5832; outside U.S. +91 80 6749 1298; Reuters Messaging: rmchat://room/reuters.com/Bangalore-CE-News))        원문 바로가기    DISCLAIMER  레피니티브의 사전, 서면 승인 없는 톰슨로이터 콘텐츠의 재생산이나 재배포는 금지되어 있습니다. 이 기사의 한국어 번역은 에프앤가이드가 사용하는 기계적 번역에 의한 것으로 톰슨로이터와 레피니티브는 번역의 정확성을 보증하지 않습니다."
134,6,"2025-01-27","17:44:03","APEC 만찬 자리 잔 건배 제안할 전통주...벌써부터 경쟁 치열","경북도 만찬주 추천 목록작성 중 경주 전통주 중심으로 추천 예정 올 하반기 외교부가 최종 결정   올해 경북 경주에서열리는 APEC(아시아·태평양 경제협력체) 정상회의의 공식 만찬주가 어떤 술로 선정될지에 관심이 쏠리고 있다. 경주 APEC 정상회의가 오는 10월 말에서 11월 초로 예정된 만큼 공식 만찬주로 선정되기 위한 술 제조업체들의 물밑 경쟁도 한동안 치열해질 것으로 보인다. APEC 공식 만찬주는 정상회의 만찬 때 의장국의 수장인 우리나라 대통령이 건배를 제의하면 21개 회원국 정상들이 함께 마시는 술이다. 공식 만찬주로 최종 선정될 경우 엄청난 홍보와 함께 브랜드 가치를 높이고 매출 신장도 기대할 수 있는 최고의 마케팅 효과를 기대할 수 있다. 경북도는 현재 APEC 정상회의 공식 만찬주를 선정하기 위해 경주에서 생산되는 전통주를 중심으로 추천 목록을 작성하고 있다. 다만 경북의 대표적인 전통주인 안동소주 등은 알코올도수 문제로 채택이 어려울 것으로 보인다. 안동소주의 경우 평균 알코올 도수가 20~25%로 국제회의 관례상 건배주로 인정받는 포도주의 알코올농도(12~14%)와는 차이가 큰 탓이다. 경북도는 경주 전통주를 중심으로 추천 목록 작성이 끝나면 이를 외교부에 전달하겠다는 입장이다. 외교부는 경북도에서 추전한 전통주를 토대로 공식 만찬주를 최종 선정할 예정이다. 2005년 부산에서 열린 APEC 정상회의에서는 상황버섯을 발효해 만든 ‘천년약속’이 공식 만찬주로 선정된 바 있다. 경북도 관계자는 “공식 만찬주는 정상들이 직접 마시기 때문에 신중히 고민해서 추천 목록 작업을 하고 있다”며 “아마 정상회의 개최를 목전에 두고 최종 결정될 것으로보인다”고 말했다.    [ⓒ 매일경제 & mk.co.kr, 무단 전재, 재배포 및 AI학습 이용 금지]"
134,7,"2025-01-27","17:43:29","브리프-EQT 부동산, 이탈리아 북부 서브마켓에 있는 12개 건물 물류 집합체 인수","BRIEF-EQT Real Estate Buys 12-Building Logistics Assemblage In Northern Italian Submarkets  1월 27일 (로이터) - EQT AB :  EQT 부동산, 이탈리아 북부 주요 서브 마켓에 위치한 12개 건물 물류 집합체 인수   이탈리아의 물류 어셈블리를 2억 3천만 유로에 인수하는 부동산 회사   포트폴리오의 가중 평균 임대 기간은 4.3년입니다.   소스 텍스트: (  Further company coverage:      (그단스크 뉴스룸)  gdansk.newsroom@thomsonreuters.com ; +48 58 7696600; ))        (c) Copyright Thomson Reuters 2020. Click For Restrictions - https://agency.reuters.com/en/copyright.html   원문 바로가기    DISCLAIMER  레피니티브의 사전, 서면 승인 없는 톰슨로이터 콘텐츠의 재생산이나 재배포는 금지되어 있습니다. 이 기사의 한국어 번역은 에프앤가이드가 사용하는 기계적 번역에 의한 것으로 톰슨로이터와 레피니티브는 번역의 정확성을 보증하지 않습니다."
135,1,"2025-01-27","17:39:16","요약-12분기 순이익 10억 4천만 루피, 전년 동기 대비 증가","BRIEF-Epigral Dec-Quarter Consol Net Profit 1.04 Billion Rupees  1월 27일 (로이터) - Epigral Ltd :  에피그랄 12월 분기 콘솔 순이익 10.4억 루피   에피그랄12월 분기 콘솔 운영 수익 64.5억 루피   에피그랄 주식 회사 - 배당금 2.5 루피/주   소스 텍스트: [ID:]  Further company coverage:      reuters.briefs@thomsonreuters.com        (c) Copyright Thomson Reuters 2020. Click For Restrictions - https://agency.reuters.com/en/copyright.html   원문 바로가기    DISCLAIMER  레피니티브의 사전, 서면 승인 없는 톰슨로이터 콘텐츠의 재생산이나 재배포는 금지되어 있습니다. 이 기사의 한국어 번역은 에프앤가이드가 사용하는 기계적 번역에 의한 것으로 톰슨로이터와 레피니티브는 번역의 정확성을 보증하지 않습니다."
135,2,"2025-01-27","17:39:03","요약-블루 클라우드 소프텍 솔루션, 미국에서 300만 달러 계약 체결","BRIEF-Blue Cloud Softech Solutions Secures $3 Million Contract In United States  1월 27일 (로이터) - 블루 클라우드 소프텍 솔루션즈 :  블루 클라우드 소프텍 솔루션 - 미국에서 300만 달러 규모의 계약 체결   소스 텍스트: (  Further company coverage:      reuters.briefs@thomsonreuters.com        (c) Copyright Thomson Reuters 2020. Click For Restrictions - https://agency.reuters.com/en/copyright.html   원문 바로가기    DISCLAIMER  레피니티브의 사전, 서면 승인 없는 톰슨로이터 콘텐츠의 재생산이나 재배포는 금지되어 있습니다. 이 기사의 한국어 번역은 에프앤가이드가 사용하는 기계적 번역에 의한 것으로 톰슨로이터와 레피니티브는 번역의 정확성을 보증하지 않습니다."
135,3,"2025-01-27","17:38:51","브리핑-로러스 연구소, ""미국 대통령이 대통령의 에이즈 구호 긴급 계획을 동결했다"" 보고서 해명","BRIEF-Laurus Labs Clarifies Report ""U.S. President Froze President's Emergency Plan For Aids Relief""  1월 27일 (로이터) - 로러스 랩스 :  로러스 랩스 - 자금 조달에 문제가 있어도 의약품 조달에는 영향을 미치지 않습니다.   로러스 랩스 - 비즈니스에 큰 영향이 없을 것으로 판단합니다.   로러스 랩스 - ""미국 대통령이 대통령의 에이즈 구호 긴급 계획을 동결했다"" 보도 해명   소스 텍스트: (  Further company coverage:      reuters.briefs@thomsonreuters.com        (c) Copyright Thomson Reuters 2020. Click For Restrictions - https://agency.reuters.com/en/copyright.html   원문 바로가기    DISCLAIMER  레피니티브의 사전, 서면 승인 없는 톰슨로이터 콘텐츠의 재생산이나 재배포는 금지되어 있습니다. 이 기사의 한국어 번역은 에프앤가이드가 사용하는 기계적 번역에 의한 것으로 톰슨로이터와 레피니티브는 번역의 정확성을 보증하지 않습니다."
135,4,"2025-01-27","17:38:47","“설 특수 노리자”…명절 앞두고 신상품 쏟아내는 완구업계","25년도 나의 증권계좌를 지켜줄 알고리즘은?? 국내최초 알고리즘 종합마켓 앱 한경유레카에서 확인!       설 명절을 맞아 완구 업계에서 주고객층인 어린이의 마음을 사로잡기 위한 신상품을 잇달아 출시하고 있다. 지식재산권(IP)을 활용한 차별화된 제품을 내세워 매출 규모를 키워나가는 추세다.  완구업체 초이락컨텐츠컴퍼니는 지난 22일 헬로카봇 '펀치마스터'를 출시했다. 애니메이션 헬로카봇 시즌 15에 등장한 펀치마스터는 역대 헬로카봇 중 가장 펀치력이 센 복싱 카봇이다. 3분 1회전인 복싱 룰을 따라 모든 대결을 3분 안에 끝낸다는 목표를 갖고 있다.  가슴에 장착한 특별 기믹은 완구에 실감 나는 재미를 더한다. 가슴 내부와 외부의 버튼을 조작하면 "" 손을 빙빙 돌려 회오리 어퍼컷""을 외치며 눈에서 녹색 불빛을 번쩍인다.  같은 날 글로벌 완구업체 레고는 영유아를 위한 '레고 듀플로'의 베스트셀러 기차·동물 리뉴얼 시리즈를 출시했다. 이 시리즈는 조립과 디지털 놀이, 역할 놀이를 결합한 창의적인 구성으로 최근 10년간 듀플로 시리즈에서 가장 많은 사랑을 받아온 테마다. 요소를 강화한 것이 특징이다.  듀플로 기차 시리즈는 모터와 센서가 장착된 기차가 포함된 '인터랙티브 기차' 2종과 '철로 확장팩' 2종 등 총 4종으로 구성됐다. 영유아의 눈높이에 맞춰 코딩의 기초 원리를 익힐 수 있도록 해주는 ‘액션 브릭’과 ‘듀플로 기차 앱’의 기능을 한 층 심화시켜더욱 풍부한 놀이 경험을 제공한다.    각 제품은 서로 호환되어 자유롭게 나만의 기차와 철로를 만들 수 있다. 기차와 블루투스 연동을 통해 다양한 디지털 놀이를 제공하는 '듀플로 기차 앱'도 신제품에 맞춰 새롭게 출시했다. 기차 무선 조종 기능에 더해 놀이법 콘텐츠를 대폭 늘려 더욱 창의적인 놀이를 즐길 수 있다.  SAMG엔터테인먼트는 지난 8일 판타지 뮤지컬 '사랑의 하츄핑'을 공개했다. 장편 애니메이션 사랑의 하츄핑의 IP를 활용한 이 뮤지컬은 지난 2일 주요 예매사이트 아동 가족장르 예매율 1위를 달성하기도 했다.  매직 연출을 비롯해 의상 체인지, 아날로그적 감성을 담은 그림자극, 홀로그램과 대형 구조물로 연출된 티니핑 퍼펫(인형 오브제) 등을 활용한 게 특징이다. 라스베이거스 매직팀이 직접 제작한 플라잉 연출과 일루셔니스트가 직접 연출하는 마술적 효과의결합해 생동감을 살렸다.    완구 업계 관계자는 ""불경기가 예상되는 상황에 명절 특수를 통해 완구 출시 외에도 새로운 시도를 하려는 경향이 이어지고 있다""며 ""키덜트족 등 다양한 연령층을 공략하며 매출을 키워나가는 추세""라고 설명했다.  원종환 기자 won0403@hankyung.com     ▶▶[급등종목]◀◀ 지금 ""1,000만원""만 있다면 당장 ""이것"" 매수해라!! >>> (무료공개)  2,500여개의 국내종목, ""알고리즘들의 매매의견""이 궁금하다면??  ▶▶ 월0.2%대 최저금리 X 주식자금 4배 X 100%집중투자 => 부자네스탁론  [단기에 부자가 되는 방법] 상위 1%만의 강의 무료 제공 중 (pw:4560)  月220만원 직장인들 사이에서 주식투자 입소문.. ""억대수익"" 내는 방법 공개! ☞☞ [클릭]                관련기사 ""중국인 반응 폭발""…6000만원짜리 車 '불티' ""휴게소서 돈까스 먹으려다"" 화들짝 놀란 까닭 100억 넘게 벌었는데 ""구조대 빨리 오라"" 비명 ""회사 잘릴 뻔""…명절선물 건넸다가 '날벼락' '흡연 천국' 불렸는데…""전자담배도 안돼"" 돌변    ⓒ 한국경제 & hankyung.com, 무단전재 및 재배포 금지"
135,5,"2025-01-27","17:38:35","與,尹기소에 檢맹공…권영세 ""'공수처 굴종' 검찰총장 즉각사퇴""(종합2보)","與,尹기소에 檢맹공…권영세 ""'공수처 굴종' 검찰총장 즉각사퇴""(종합2보)  ""공수처 '하청기구' 전락한 檢, 부실 기소 책임져야…공소 기각해야""         (서울=연합뉴스) 안채원 기자 = 국민의힘은 27일 윤석열 대통령이 구속기소된 것 관련 ""명백한 검찰의 오판""이라며 비판을 이어갔다.      권영세 비상대책위원장은 이날 페이스북에 ""법치 붕괴를 불러온 공수처장과 이에 굴종한 검찰총장은 즉각 사퇴하는 것이 옳다""고 촉구했다.      권 위원장은 ""제대로 된 조사도 없이 불구속 수사 원칙이 무시된 이번 사건은 검찰의 정치적 중립성에 의문을 제기하게 한다""며 ""공수처해체를 외쳤던 국민들이 이제 검찰 대개조를 외치고 있다""고 꼬집었다.      권 위원장은 이날 서울 영등포병원을 찾은 뒤 기자들과 만나 ""검찰이 '최고 수사기관'이라는 위상과 명성을 스스로 포기해버렸다""고 말했다.      권 위원장은 ""검찰 입장에서는 현재까지 수사 상황을 만족하지 못하고 (구속) 연장이 필요하다고 생각해 (영장 기한) 연장을 신청한 건데, 법원이 연장을 불허했다면 불구속 상태로라도 충분히 수사해서 완벽한 판단을 갖고 기소 여부를 가렸어야 했다""고 지적했다.       이어 ""(검찰은) 그런 절차 없이 서둘러서 공수처에서 받은 대로 기소를 해버렸다""고 비판했다.      그는 ""앞으로 고위공직자범죄수사처 폐지를 포함, 검찰의 이런 모습들도 충분히 반영해서 검경 수사권 조정을 해야 한다""고 덧붙였다.      김대식 원내수석대변인은 논평에서 ""검찰은 공수처의 불법 수사를 단죄하기는커녕 이를 근거로 기소를 강행함으로써 공수처의 '하청 기구', '기소 대행 기구'로 전락한 모습을 보였다""고 주장했다.      김 원내수석대변인은 ""검찰은 향후 부실 기소로 인한 책임을 반드시 져야 하며, 공수처의 위법한 수사 과정에 대한 철저한 수사와 법적책임 추궁이 이루어져야 한다""고 강조했다.      김 원내수석대변인은 사법부를 향해서는 ""재판 과정에서 이번 기소의 절차적·법적 문제를 명확히 지적해야 한다""며 ""공소 기각을 통해법치주의의 근간을 바로 세워주기를 촉구한다""고 말했다.         여권 인사들도 일제히 윤 대통령에 대한 검찰의 구속기소를 비판하며 법원의 공소기각 등 조치를 촉구했다.      나경원 의원은 페이스북에 ""법원은 이제 불법 수사와 부실 기소의 위법성을 철저히 심리해야 한다""며 ""직권보석 결정으로 과도한 인신구속을 해제하고, 공소기각까지 적극 검토해야 한다""고 강조했다.       오세훈 서울시장은 페이스북을 통해 ""수사 없이 단행된 대통령 기소에 깊은 유감을 표한다""며 ""이제 국민의 시선은 법원을 향해 있다. 재판 과정에서 조금의 절차적 시빗거리도 남기지 말아야 한다""고 촉구했다.      chaewon@yna.co.kr   (끝)     <저작권자(c) 연합뉴스, 무단 전재-재배포, AI 학습 및 활용 금지>"
135,6,"2025-01-27","17:37:25","요약-니틴 스피너 12월 분기 계속 영업 이익 4억 4,780만 루피","BRIEF-Nitin Spinners Dec-Quarter Profit From Continuing Operations 447.8 Million Rupees  1월 27일 (로이터) - Nitin Spinners Ltd :  니틴 스피너스의 12월 분기 계속 영업이익 4억 4,780만 루피   니틴 스피너스의 12월 분기 영업 수익 83.9억 루피   소스 텍스트: [ID:]  Further company coverage:      reuters.briefs@thomsonreuters.com        (c) Copyright Thomson Reuters 2020. Click For Restrictions - https://agency.reuters.com/en/copyright.html   원문 바로가기    DISCLAIMER  레피니티브의 사전, 서면 승인 없는 톰슨로이터 콘텐츠의 재생산이나 재배포는 금지되어 있습니다. 이 기사의 한국어 번역은 에프앤가이드가 사용하는 기계적 번역에 의한 것으로 톰슨로이터와 레피니티브는 번역의 정확성을 보증하지 않습니다."
135,7,"2025-01-27","17:37:08","금리 동결 우려·딥시크 쇼크에 비트코인 10만달러 붕괴","비트코인 등 가상자산이올해 첫 연방공개시장위원회(FOMC)를 앞두고 급락하고 있다. 중국 딥식 등 기술주에 대한 우려도 한몫 했다.    코인마켓캡에 따르면 27일 오후 5시 20분 기준 비트코인 가격은 전일보다 5.6% 하락한 9만9124.53 달러에 거래되고 있다. 이날 오후 4시30분께 10만 달러 선이 붕괴된 데 이어 한때 9만7000달러선까지 급락했다가 회복했다. 가상자산 시가총액 2위인 이더리움은 전일 대비 8%, 3위인 리플은 11%대의 하락률을 나타내고 있다.    코인데스크는 28일(현지시간) 열릴 올해 첫 FOMC를 앞두고 투자자들이 가상자산을 미리 매도해 차익실현에 나섰기 때문이라고 분석했다.시장에서는 이번 FOMC에서 금리 인하가 이뤄지지 않을 것으로 전망하고 있다. 이밖에 미국 기술주에 대한 우려도 가상자산 가격 하락의 원인으로 지목된다. 최근 중국 인공지능(AI) 스타트업인 딥시크가 기존 모델보다 훨씬 저렴하면서도 접근성이 높은 AI 모델을 공개하면서 오픈AI 등 미국 AI 기업들이 타격을 받을 것이란 우려가 제기됐다.  /유주희 기자 ginger@sedaily.com  통장에 ""30만원"" 있다면 무료 지원금받아 ""반드시"" 수익난다!!>>>[무료체험]  ▶20년 연속 점유율 1위 하이스탁론  [급등주 大공개] 알고리즘 데이터 실시간 분석 ""급등"" 종목과 매수 타이밍까지! >>바로 확인   [ⓒ 서울경제, 무단 전재 및 재배포 금지]"
136,1,"2025-01-27","17:26:25","두산스코다파워, 체코에서 IPO 추진…""유럽 원전시장 대비""","[머니투데이 최경민 기자] 두산에너빌리티는 체코 자회사인 두산스코다파워가 체코 프라하 증권거래소에서 기업공개(IPO)를 추진한다고 27일 밝혔다. 회사 측은 ""조달 자금으로 설비 개선을 진행해 향후 유럽 원전시장 확대에 대비하는 동시에 모회사인 두산에너빌리티에 자금을 공급한다는 방침""이라고 설명했다.   두산스코다파워는 지난 15일(현지시간) 체코 현지에서 상장의사발표(ITF)를 했다. 다음달 5일까지 체코 프라하와 영국 런던의 투자자를 대상으로 설명회를 진행한다. 두산스코다파워는 다음달 5일 장 종료 이후 청약 절차를 시작해 6일 새벽까지 완료하고, 같은 날 오전 상장을 확정할 계획이다.   두산스코다파워는 체코를 비롯한 유럽에서 원전용 증기터빈 등 현재까지 540기 이상의 증기터빈을 공급해 온 기업이다. 향후 팀코리아의 유럽 원전 시장 공략에 있어 전초기지로 꼽힌다. 체코 프라하 증시에서 민간 발전 기자재 생산 업체가 상장하는 것은 이번이 처음이다.   두산스코다파워의 공모가는 한화 기준 주당 1만3200원에서 1만5600원 사이가 될 것으로 예상된다. 영국과 중부 유럽 투자자들이 현지 발전 시장 확대 속에 두산스코다파워에 높은 관심을 보이는 것으로 전해졌다. 총 공모 주식 수는 957만 ~1052만주가 될 전망이다. 공모금액은 약 1200억~1600억원대 규모가 유력하다.   조달 자금은 두산스코다파워와 모회사인 두산에너빌리티 성장 동력 확보를 위해 사용된다. 두산스코다파워는 신주발행(290만주)을 통해 약 380억~450억원을 조달해 생산설비 개선과 연구개발(R&D)에 투입한다. 영국·스웨덴·네덜란드 등 유럽 원전시장 확대가 예상됨에 따라 설비 투자 필요성이 커진 영향이다.   두산에너빌리티는 두산스코다파워의 구주매출(약 650~750만주)을 통해 약 850억~1200억원을 확보할 것으로 보인다. 두산에너빌리티 관계자는 ""신규 투자자금을 대형원전과 소형모듈원전(SMR) 기술 개발, 가스터빈 설비 확충 등 성장동력 확보를 위해 사용할 예정""이라고 말했다.     [관련기사] ☞ 전한길 ""난 노사모 출신""…노무현재단 ""법적 대응"" ☞ ""이따 얘기해""…김종민, 예비신부에 '재방료' 들통 ☞ ""다른 남자와 잠자리 강요""…이혼 변호사도 당황 ☞ '상습도박' 슈, SES 자료화면서 모자이크 '굴욕' ☞ 집 곳곳에 커플사진?…지상렬, 동거녀 공개   최경민 기자 brown@mt.co.kr     키워드림론 최대 4배 주식자금 & 고금리 대환상품 한도 오픈! (1644-6960)   [무료운세] 믿어야 돼 말아야 돼? 종목매수전에 믿고보는 '오늘의 운세'        [파워 인터뷰]       매수전에 점 부터 보고 가실께요 -> 오늘의 운세 [복채무료]      ⓒ 머니투데이 & mt.co.kr, 무단 전재 및 재배포 금지"
136,2,"2025-01-27","17:25:57","비트코인 6% 급락해 10만달러 붕괴… 리플·솔라나 12% 동반 하락","비트코인 가격이 6% 하락하며 10만달러가 붕괴됐다. 오는 30일 트럼프 정부 출범 이후 처음으로 열리는 미국 연방공개시장위원회(FOMC) 회의에서 기준금리가 동결될 것으로 전망되는 등 투자심리가 악화됐기 때문으로 풀이된다.  27일 글로벌 가상자산 시황 중계 사이트 코인마켓캡에 따르면, 이날 오후 5시 기준 비트코인은 개당 9만8863달러에 거래 중이다. 하루 만에 5.97%, 일주일 사이 7.87% 각각 하락한 수준이다. 비트코인 가격은 이날 오전 7시 30분만 하더라도 10만4000달러 수준을 유지했으나, 곧바로급락해 10만달러가 붕괴됐다.  비슷한 시각 ‘알트코인 대장주’인 이더리움은 3057달러로 하루 사이 8.4% 하락했다. 그밖에 리플은 24시간 전보다 11.4%, 솔라나는 12.5%, 비엔비는 6.48% 각각 급락했다.  이번 급락은 FOMC 회의를 앞두고 투자심리가 악화된 데다, 트럼프 행정부가 가상자산 산업 규제와 관련해 구체적인 계획안을 발표하지 않은점 등이 작용한 것으로 해석된다. 더구나 트럼프 행정부가 캐나다·멕시코·중국 등을 상대로 ‘관세 폭탄’을 예고해 위험 자산에 대한 선호 심리도 위축된 상태다.  이학준 기자 hakjun@chosunbiz.com   Copyrights ⓒ ChosunBiz.com"
136,3,"2025-01-27","17:25:07","‘오만추’ 지상렬 “이젠 친구보다 애인…점잖은 사람이 이상형”","지상렬     [헤럴드경제 = 서병기 선임기자]지상렬이 만나고 싶은 사람에 대해 솔직하게 털어놨다.   지상렬은 26일 방송된 KBS 2TV ‘오래된 만남 추구’(이하 오만추) 첫 방송에서 자기소개 시간에 친구와 애인 중 누구를 선택하겠냐는 질문에 “예전에는 친구랑 있었는데 지금은 여자친구랑 같이 보내겠다 생각한다. 친구와 청춘을 많이 보냈으니 이제는 애인에게 시간을 주는 것이맞다”고 말하며 달라진 인생관을 밝혔다.   지상렬은 “옷깃만 스쳐도 인연이라는 말이 와 닿지 않았는데 지금은 절감하고 있다. 인연은 지구에 바늘 하나를 세웠을 때 그 위에 낙엽에꽂히는 확률이라고 생각한다. 좋은 인연이 생기면 ‘예스’라고 말하고 싶다”고 진심을 전했다.   이어 이상형을 밝히며 “너무 귀여운 거 안 좋아한다”며 “굳이 이상형을 말하자면 점잖은 스타일, 무게감 있는 사람을 좋아한다”고 말했다. 지상렬은 함께 출연한 김숙과 장서희, 우희진의 애교 공격에 무너지는 모습을 보여주자 “표현하는 것에 익숙하지 않다”며 부끄러움을 숨기지 못했다. 또 ‘전원주택에서 강아지 키우며 사는 게 꿈’이라는 장서희의 말에 “오늘도 강아지랑 시간 보내며 사진도 찍고 왔다”고 반려견 플러팅을 던지기도 했다.   이날 방송에서 정서희, 우희진, 송은이 등 여성 출연자들은 지상렬의 첫 인상과 평소 모습에 대해 솔직하게 들려줬다. 장서희는 지상렬과 함께 드라마 ‘뻐꾸기 둥지’에서 만난 인연을 소개하며 “당시에도 주변 사람들로부터 지상렬 씨 너무 좋으시다는 얘기를 많이 들었다”고 말했다.   처음 지상렬과 만난 우희진은 “첫인상이 너무 좋다”며 “멋지게 나이 들었다고 느꼈다”고 털어놨다. 평소 지상렬과 절친인 송은이는 “여러 사람들과 이야기 했을 때 동료 이상으로 발전할 수 있는 상대로 지상렬이 가장 먼저 떠오른다”고 말하기도 했다.   ‘오만추’는 연예계 싱글들이 일상 속 스쳐 간 인연을 돌아보며 미처 알아채지 못했던 그들의 진짜 인연을 찾는 과정을 담은 예능이다. 지상렬을 비롯해 이재황, 황동주, 구본승, 이영자, 장서희, 우희진, 김숙 등 중년으로 접어든 연예계 대표 미혼들의 새로운 설렘을 찾는 여정을담았다."
136,4,"2025-01-27","17:25:02","백종원 '빽햄' 논란 해명에…""그게 말이 되냐"" 또 쏟아진 비난","25년도 나의 증권계좌를 지켜줄 알고리즘은?? 국내최초 알고리즘 종합마켓 앱 한경유레카에서 확인!     '빽햄' 논란해명에도 누리꾼들 비난   백종원, 고기 함량·가격 논란 적극 해명      백종원 더본코리아 대표가 설 명절을 앞두고 진행한 통조림 햄 '빽햄' 선물세트 할인 판매 논란과 관련해 직접 해명에 나섰지만여전히 일부 누리꾼들 사이에서 비판이 나오고 있다.   백 대표는 지난 26일 자신의 유튜브 채널을 통해 공개한 영상 '[더본뉴스] 빽햄에 대해 말씀드립니다'에서 빽햄의 가격과 고기 함량에 관한 해명을 내놨다.   그는 지난 17일 유튜브를 통해 빽햄 200g짜리 9개가 포함된 선물세트를 45% 할인된 2만8500원에 판매한다고 알렸다. 이후 이 선물세트는 더본코리아 온라인몰에서 품절될 정도로 화제가 됐다.   하지만 일각에서 빽햄이 유사 제품보다 정가가 높아 할인폭이 큰 것처럼 보일 뿐이라는 의혹이 제기됐다. 고기 함량도 다른 브랜드 제품보다 적다는 비판도 이어졌다.   백 대표는 전날 영상에서 ""한돈 비선호 부위를 많이 활용해서 한돈 농가에 도움을 주자는 취지로 만들었기에 마진과 상관없이 선물 세트로 많이 알려보자는 취지로 (45% 할인 행사를) 한 것""이라며 ""떳떳하게 말씀드리지만 이번 행사는 마진이 거의 없이 했다""고 말했다.   고기 함량과 관련해선 ""200g 기준 고기 함량 차이(7%)는 14g 정도로 14g의 고기 원가는 100원이 안 된다""며 ""100원 아끼자고 고기 함량을 줄이겠느냐""고 했다. 그러면서 ""부대찌개용으로 개발하면서 양념류들이 들어간다""며 ""끓였을 때 국물에 감칠맛을 내기 위해 우리만의 양념이 들어간 것""이라고 강조했다.   백 대표는 ""더본몰에서 파격 행사를 할 수 있는 건 일반 유통을 통하지 않고 바로 소비자에게 보내니까 가능한것""이라며 ""빽햄이 잘 팔려서 대량생산 들어가면 단가가 뚝 떨어질 수도 있다, 그때 가서 가격을 내리겠다""고 했다.   하지만 일부 누리꾼들은 백 대표가 해명하는 과정에서 ""고기 함량 비교된다는 건 생각 못했다""고 말한 대목을 또다시 비난하고 있다.   실제로 한 온라인 커뮤니티엔 ""햄에 고기 함량 따지는 걸 생각 못했다니"", ""진짜 생각 못했으면 무능한것"", ""말이 되는 이야기인지""라는 등의 반응이 올라오기도 했다.   김대영 한경닷컴 기자 kdy@hankyung.com     ▶▶[급등종목]◀◀ 지금 ""1,000만원""만 있다면 당장 ""이것"" 매수해라!! >>> (무료공개)  2,500여개의 국내종목, ""알고리즘들의 매매의견""이 궁금하다면??  ▶▶ 월0.2%대 최저금리 X 주식자금 4배 X 100%집중투자 => 부자네스탁론  [단기에 부자가 되는 방법] 상위 1%만의 강의 무료 제공 중 (pw:4560)  月220만원 직장인들 사이에서 주식투자 입소문.. ""억대수익"" 내는 방법 공개! ☞☞ [클릭]                관련기사 ""중국인 반응 폭발""…6000만원짜리 車 '불티' "" 휴게소서 돈까스 먹으려다"" 화들짝 놀란 까닭 100 억 넘게 벌었는데 ""구조대 빨리 오라"" 비명 ""회사잘릴 뻔""…명절선물 건넸다가 '날벼락' '흡연 천국' 불렸는데…""전자담배도 안돼"" 돌변    ⓒ 한국경제 & hankyung.com, 무단전재 및 재배포 금지"
136,5,"2025-01-27","17:24:42","민주 “尹기소는 부정하며 조기대선 하겠다는 국힘…고작 ‘이재명 때리기’가 전부”","더불어민주당이 국민의힘을 향해 “윤석열 기소는 부정하면서 조기 대선은 하겠다는 이중적 태도를 보인다”고 직격탄을 날렸다. 조승래 수석대변인은 27일 서면 브리핑에서 “언론 보도에 따르면 윤석열 수호에 앞장서는 국민의힘이 실제로는 조기대선을 준비하고 있다고 한다”며 이같이 밝혔다. 조 수석대변인은 “그 조기 대선 준비라는 것도 고작 ‘이재명 때리기’가 전부라니 한심하기 짝이 없다”고 비판했다. 이어 “국민의힘은 집권 기간 내내 ‘이재명 때리기’로 국력을 소진하고 결국 내란으로 나라를 결딴내더니 또 정치공세를 하는 것인가”라며 “정말 양심도 없다”고 강조했다. 조 수석대변인은 국민의힘이 검찰의 윤석열 대통령에 대한 구속기소를 비판하는 것에 대해서도 “이제껏 국민의힘은 제 입맛에 맞지 않으면 공수처도, 검찰도, 법원도, 헌재도 부정해 왔다”며 “이렇게대한민국 사법 체계를 부정하면 도대체 뭐가 남는 것인가”라고 지적했다. 아울러 “내란 우두머리 대통령을 배출하고도 일말의 반성조차 없는 뻔뻔함, 사법절차마저 달면 삼키고 쓰면 뱉는 오만함이 점입가경”이라고 주장했다.    [ⓒ 매일경제 & mk.co.kr, 무단 전재, 재배포 및 AI학습 이용 금지]"
136,6,"2025-01-27","17:23:53","요약-선드람 파스너 12월 분기 순이익 13억 루피 달성","BRIEF-Sundram Fasteners Dec-Quarter Consol Net Profit 1.3 Bln Rupees  1월 27일 (로이터) - 순드람 파스너(Sundram Fasteners Ltd) :  12월 분기 콘솔 순이익 13억 루피   12월 분기 콘솔 영업 수익 144억1천만 루피   소스 텍스트: [ID:]  Further company coverage:      Reuters.Briefs@thomsonreuters.com ;;))        (c) Copyright Thomson Reuters 2020. Click For Restrictions - https://agency.reuters.com/en/copyright.html   원문 바로가기    DISCLAIMER  레피니티브의 사전, 서면 승인 없는 톰슨로이터 콘텐츠의 재생산이나 재배포는 금지되어 있습니다. 이 기사의 한국어 번역은 에프앤가이드가 사용하는 기계적 번역에 의한 것으로 톰슨로이터와 레피니티브는 번역의 정확성을 보증하지 않습니다."
136,7,"2025-01-27","17:22:31","ECB 총재, 중앙은행 독립성 상실에 대해 경고하다","ECB president warns over loss of central bank independence  부다페스트, 1월 27일 (로이터) - 세계 일부 지역에서 중앙은행의 독립성에 의문이 제기되고 있으며 정책에 대한 정치적 영향력이 커지면 경제 변동성이 커질 수 있다고 크리스틴 라가르드 유럽중앙은행 총재가 월요일에 말했습니다.  라가르드 총재는 헝가리중앙은행 회의에서 ""최근 연구에 따르면 중앙은행의 법적 독립성이 지금보다 더 널리 퍼진 적은 없지만, 세계 여러 지역에서 중앙은행의 사실상 독립성에 대한 의문이 제기되고 있다는 것은 의심의 여지가 없습니다.""라고 말했습니다.  도널드 트럼프 미국 대통령은 연방준비제도이사회에 대출 비용 인하를 요구하며 자신이 ""금리 결정을 주로 담당하는 사람보다 훨씬 더 잘 알고 있다""고 주장했습니다.     (Reporting by Balazs KoranyiEditing by Gareth Jones)  Balazs.Koranyi@thomsonreuters.com ; +49 30 220 133 623; Reuters Messaging:      (c) Copyright Thomson Reuters 2020. Click For Restrictions - https://agency.reuters.com/en/copyright.html        Keywords: GLOBAL-CENTRALBANKS/INDEPNDENCE (URGENT)   원문 바로가기    DISCLAIMER  레피니티브의 사전, 서면 승인 없는 톰슨로이터 콘텐츠의 재생산이나 재배포는 금지되어 있습니다. 이 기사의 한국어 번역은 에프앤가이드가 사용하는 기계적 번역에 의한 것으로 톰슨로이터와 레피니티브는 번역의정확성을 보증하지 않습니다."
137,1,"2025-01-27","17:10:10","유로존 채권 수익률 하락, 중앙은행 회의 주목","Euro zone bond yields fall, central bank meetings in focus  1월 27일 (로이터) - 월요일 유로존 채권 금리가 하락한 가운데 투자자들은 이번 주 유럽중앙은행(ECB)의 금리 인하를 예상하는 중앙은행 회의를 준비했습니다.  유로존의 벤치마크인 독일의 10년 만기 국채 수익률은 5bp(베이시스 포인트) 하락한 2.496%를 기록했습니다. 금요일 수익률은 2.569%로 1월 16일 이후 최고치를 기록했습니다.  수익률은 가격에 반비례하여 움직입니다.  시장은대체로 목요일에 ECB가 금리를 25bp 인하할 것으로 예상하고 있으며, 투자자들은 추가 인하 가능성에 대한 단서를 주시할 것입니다.  수요일, 미국 연방준비제도이사회는 금리를 동결할 것으로 예상됩니다.  ECB 금리 기대에 더 민감한 독일의 2년 만기 국채 수익률은 2.251%로 4bp 하락했습니다.  이탈리아의 10년 만기 국채 수익률은 2.5bp 하락한 3.632%, 이탈리아와 독일 국채 수익률 격차는 2bp 확대된 113bp를 기록했습니다.     (Reporting by Greta Rosen Fondahn. Editing by Mark Potter)  Greta.RosenFondahn@thomsonreuters.com     (c) Copyright Thomson Reuters 2020. Click For Restrictions - https://agency.reuters.com/en/copyright.html        Keywords: EUROZONE-BONDS/   원문 바로가기    DISCLAIMER  레피니티브의 사전, 서면 승인 없는 톰슨로이터 콘텐츠의 재생산이나 재배포는 금지되어 있습니다. 이 기사의 한국어 번역은 에프앤가이드가 사용하는 기계적 번역에 의한 것으로 톰슨로이터와 레피니티브는 번역의 정확성을 보증하지 않습니다."
137,2,"2025-01-27","17:09:38","눈길에 귀성길 악몽…경부고속도서 승용차와 버스 2대 추돌, 35명 중경상","27일 낮 12시 51분께 경부고속도로 부산 방향 천안IC∼천안 분기점(JC) 구간에서 승용차와 고속버스 2대가 잇따라 추돌하면서 35명이 중경상을 입었다. 이 사고로 3명이 크게 다쳐 병원으로 옮겨져 치료받고 있다. 다행히 생명에는 지장이 없는 것으로 알려졌다. 버스 승객 등 32명은 경상을 입었다. 이날 사고로 경부고속도로 부산 방향 귀성 차량 행렬이 심한 정체 현상을 빚었다. 경찰은 눈길에 2차로로 달리던 승용차가 버스전용차로로 끼어들면서 뒤따르던 버스가 이 승용차를 추돌하고, 다시 뒤따르던 버스가 사고 버스를 잇달아 들이받은 것으로 보고 있다. 경찰은 진로를 변경한 승용차 운전자의 과실 여부를 포함해 정확한 사고 경위를 조사 중이다.    [ⓒ 매일경제 & mk.co.kr, 무단 전재, 재배포 및 AI학습 이용 금지]"
137,3,"2025-01-27","17:09:05","‘약한 고리’ 때린 코로나19···年 1.2억 이상 번 개인사업자 늘었다","코로나 19 사태를 겪은 후 개인사업자의 소득 양극화가 더욱 심해진 것으로 나타났다. 코로나19가 우리 사회 ‘약한 고리’인 저소득층에 더 큰 피해를 줬다는 통설이재확인된 셈이다.   27일 정일영 더불어민주당 의원이 국세청으로부터 제출받은 자료에 따르면 연 소득 1200만 원 미만 소득을 신고한 개인사업자는 2023년 922만185명(신고건)을 기록했다. 코로나19 사태 전인 610만8751명에서 4년 만에 311만1434명이나 늘었다. 이로 인해 연 소득 1200만 원 미만 신고자는 전체 개입사업자의 약 75.7%를 차지했다. 이들의 수입을 월로 환산하면 100만 원 미만이란 얘기다.   우려는 소득 양극화가 심해졌다는 점이다. 같은 기간 연 소득 1억2000만 원 이상 신고한 개인사업자는 13만8849명에서 17만4445명으로 3만명 넘게 늘었다. 상대적 고소득층은 2021년~2022년 경제 위기를 불러온 코로나19 사태에도 불구하고 소득이 줄지 않고 더 늘어난 것이다.   ‘중간 소득자’의 상황도 크게 나아지지 않았다. 연 소득 1200만 원에서 6000만원 이상 소득 신고자는 205만4574명에서 250만2667명으로약 45만 명 느는데 그쳤다.   정 의원은 올해 개인사업자 상황이 더 나쁠 것으로 우려한다. 장기화된 경기 침체 국면에서 작년 12.3 계엄 사태로 소비심리가 얼어붙었기 때문이다. 정 의원은 “내수경기 부진과 국내외 정치 불안정성 확대로 인해 올해 민생경제 한파가 더 심할 것”이라고 말했다.    /양종곤 고용노동전문기자 ggm11@sedaily.com  통장에 ""30만원"" 있다면 무료 지원금받아 ""반드시"" 수익난다!!>>>[무료체험]  ▶20년 연속 점유율 1위 하이스탁론  [급등주 大공개] 알고리즘 데이터 실시간 분석 ""급등"" 종목과 매수 타이밍까지! >>바로 확인   [ⓒ 서울경제, 무단 전재 및 재배포 금지]"
137,4,"2025-01-27","17:08:57","與, 尹기소에 檢 맹공…권영세 ""'최고 수사기관' 위상 스스로 포기""(종합)","與, 尹기소에 檢 맹공…권영세 ""'최고 수사기관' 위상 스스로 포기""(종합)  ""공수처 '하청기구' 전락힌 檢, 부실 기소 책임져야…공소 기각해야""         (서울=연합뉴스) 안채원 기자 = 국민의힘은 27일 윤석열 대통령이 구속기소된 것 관련 ""명백한 검찰의 오판""이라며 비판을 이어갔다.      권영세 비상대책위원장은 이날 서울 영등포병원을 찾은 뒤 기자들과 만나 ""검찰이 '최고 수사기관'이라는 위상과 명성을 스스로 포기해버렸다""고 말했다.      권 위원장은 ""검찰 입장에서는 현재까지 수사 상황을 만족하지 못하고 (구속) 연장이 필요하다고 생각해 (영장 기한) 연장을 신청한 건데, 법원이 연장을 불허했다면 불구속 상태로라도 충분히 수사해서 완벽한 판단을 갖고 기소 여부를 가렸어야 했다""고 지적했다.      이어 ""(검찰은) 그런 절차 없이 서둘러서 공수처에서 받은 대로 기소를 해버렸다""고 비판했다.      그는 ""앞으로 고위공직자범죄수사처 폐지를 포함, 검찰의 이런 모습들도 충분히 반영해서 검경 수사권 조정을 해야 한다""고 덧붙였다.      김대식 원내수석대변인은 논평에서 ""검찰은 공수처의 불법 수사를 단죄하기는커녕 이를 근거로 기소를 강행함으로써 공수처의 '하청 기구', '기소 대행 기구'로 전락한 모습을 보였다""고 주장했다.       김 원내수석대변인은 ""검찰은 향후 부실 기소로 인한 책임을 반드시 져야 하며, 공수처의 위법한 수사 과정에 대한 철저한 수사와 법적책임 추궁이 이루어져야 한다""고 강조했다.      김 원내수석대변인은 사법부를 향해서는 ""재판 과정에서 이번 기소의 절차적·법적 문제를 명확히 지적해야 한다""며 ""공소 기각을 통해법치주의의 근간을 바로 세워주기를 촉구한다""고 말했다.         여권 인사들도 일제히 윤 대통령에 대한 검찰의 구속기소를 비판하며 법원의 공소기각 등 조치를 촉구했다.      나경원 의원은 페이스북에 ""법원은 이제 불법 수사와 부실 기소의 위법성을 철저히 심리해야 한다""며 ""직권보석 결정으로 과도한 인신구속을 해제하고, 공소기각까지 적극 검토해야 한다""고 강조했다.      오세훈 서울시장은 페이스북을 통해 ""수사 없이 단행된 대통령 기소에 깊은 유감을 표한다""며 ""이제 국민의 시선은 법원을 향해 있다. 재판 과정에서 조금의 절차적 시빗거리도 남기지 말아야 한다""고 촉구했다.      chaewon@yna.co.kr    (끝)     <저작권자(c) 연합뉴스, 무단 전재-재배포, AI 학습 및 활용 금지>"
137,5,"2025-01-27","17:08:44","BUZZ-FX 트레이더는 처음으로 모든 통화에 대해 USD를 환매합니다.","BUZZ-FX traders back USD against every currency for first time  트레이더들은 1월 24일로 끝나는 마지막 주에 남은 두 개의 공매도를 풀었습니다.   트레이더들은 현재 GBP 및 MXN 대비 USD 상승에 미미한 베팅을 하고 있습니다.   11월의 130억 달러에서 105억 달러로 줄어든 최대 매수 대 캐나다 달러 포지션   엔화 대비 12억 2천만 달러, 유로화 대비 81억 달러 베팅   JPY와 EUR 베팅은 모두 과거에 비해 소폭 상승했습니다.   지난해 70억 달러였던 AUD에 대한 베팅이 45억 달러로 증가했습니다.   CHF, 2023년 57억 달러에서 69억 달러로 감소 전망   NZD 대비 매수 포지션은 29억 달러로 80억 달러를 돌파한 2015년 이후 최대 규모입니다.          (제레미 볼튼은 로이터 시장 분석가입니다. 표현된 견해는 본인의 의견입니다)  jeremy.boulton@thomsonreuters.com        (c) Copyright Thomson Reuters 2020. Click For Restrictions - https://agency.reuters.com/en/copyright.html   원문 바로가기    DISCLAIMER  레피니티브의 사전, 서면 승인 없는 톰슨로이터 콘텐츠의 재생산이나 재배포는 금지되어 있습니다. 이 기사의 한국어 번역은 에프앤가이드가 사용하는 기계적 번역에 의한 것으로 톰슨로이터와 레피니티브는 번역의 정확성을 보증하지 않습니다."
137,6,"2025-01-27","17:08:06","여친 앞에서 세보이고 싶다면…단돈 3만원에 ‘빌런 퇴치 영웅’으로 변신","연인이나 배우자 앞에서 허세를 부릴 수 있도록 악당이 돼 연기해 주는 서비스가 화제다. 27일(현지시간) 사우스차이나모닝포스트(SCMP)에 따르면 최근 말레이시아 사회관계망서비스(SNS)를 중심으로 빌런 고용 서비스가 주목받고 있다. 이 서비스를 운영 중인 샤잘리 술라이만은 악당을 자처한다. 자신의 나약함에 지쳤거나 연인에게 매력을 어필하고 싶은 고객에게 합리적인비용으로 남성성을 드러낼 수 있도록 돕는다. 고객이 술라이만에게 데이트하는 시간과 장소를 알려주면, 악당으로 분한 술라이만이 고객의 연인을 괴롭히는 척한다. 그러면 고객이 영웅처럼 술라이만을 물리치는 방식이다. 남성만 술라이만의 서비스를 이용하는 것은 아니다. 한여성 고객은 남편의 질투 유발을 위해 하기 위해 자신과 불륜을 저지르는 척해 달라는 부탁을 하기도 했다. 술라이만은 갱단원 같다는 평가를 받아온 자신의 외모를 활용할 방법을 찾는 과정에서 이 사업을 구상했다고 설명했다. 그러면서 불량한 이미지를 드러내기 위해 헝클어진 머리와 담배를 쥔 사진을 공개했다. 빌런 고용 서비스 비용은 평일에는 100링깃(약 3만3000원), 주말에는 150링깃(약 5만원)인 것으로전해졌다. 이동 거리에 따라 추가 요금이 부과된다. 다만 일각에서는 이러한 서비스가 잠재적 성희롱에 해당할 수 있다는 문제를 제기했다. 또 가짜 영웅이 되기 위해 돈을 지불하는 사람은 실제 위기 상황이 닥치면 가장 먼저 도망칠 것이라는 지적도 나왔다. SCMP는 “(말레이시아는) 공공장소에서 다른 사람에게 고통을 주는 음란 행위를 하는 것이 불법이며, 최대 3개월의 징역형이나 벌금이 부과될 수 있다”고 설명했다. 이에 술라이만은 “지금까지 서비스 과정에서 아무도 다치지 않았고, 나만 패자가 되는 것”이라고 반박했다.    [ⓒ 매일경제 & mk.co.kr, 무단 전재, 재배포 및 AI학습 이용 금지]"
137,7,"2025-01-27","17:07:54","함영주 하나금융 회장 연임···사법 리스크는 여전","body,td,select,input,form,textarea,center,option,pre,blockquote {font-size:9pt; line-height:1.6; font-family:돋움;}table{width:100%; border:0px;}@media (min-width:650px){img {max-width:600px;height:auto}}@media (max-width:650px){img {max-width:500px;height:auto}}@media (max-width:550px){img {max-width:400px;height:auto}}@media (max-width:450px){img {max-width:300px;height:auto}}@media all and (max-width:400px){img {max-width:300px;height:auto}} 제목 : 함영주 하나금융 회장 연임···사법 리스크는 여전 함영주 하나금융그룹 회장. / 사진=하나금융그룹 [시사저널e=시사저널e 기자] 함영주 하나금융그룹 회장이 차기 회장으로 내정돼 3년의임기를 더 채울 전망이다. 다만 함 회장은 '채용 비리' 관련 의혹으로 2심에서 유죄를 선고받아 임기를 온전히 마치는 건 대법원 판단에 달려있다는 평가다.   하나금융지주는 27일 회장후보추천위원회(이하 회추위) 회의에서 함 회장을 차기 회장단독 후보로 추천했다고 밝혔다. 회추위는 지난해 12월23일 함 회장과 이승열·강성묵 부회장, 외부 인사 2명 등을 차기 회장 후보군(숏리스트)으로 선정했으며 이날 함 회장을 최종 후보로 낙점했다.   회추위는 최근 대내외적 경제 불확실성이확대돼 그룹을 안정적으로 이끌어갈 수 있는 검증된 리더십을 최우선 평가 항목으로 고려했다고 강조했다.   회추위는 ""함영주 후보는 그룹 CEO로서 효율적 경영 관리를 통해 조직 전반적으로 운영 효율성을 높이면서 내부통제와 위험 관리를 내재화했다""며 ""하나금융이 창사 이래 최대 경영실적 달성과 역대 최고 주가를 경신하는 데 기여했다""고 평가했다.  함 회장은 상고 출신 은행원에서 금융지주 최고경영자(CEO)까지 오른 입지전적인 인물이다. 강경상고를 졸업한 함 회장은 지난 1980년 고졸 행원으로 하나은행 전신인 서울은행에 입행했다.  함 회장은 지난 2015년 하나은행과 외환은행이통합한 후 초대 은행장을 맡았다. 이후 하나금융지주 부회장 등을 거쳐 지난 2022년부터는 3년간 하나금융 회장으로 조직을 이끌었다.  함 회장의 연임 임기는 2028년 3월까지 3년이다. 기존 규범에 따르면 함 회장은 연임하더라도 만 70세 이후 첫 주총이 개최될 2027년 3월까 지 2년만 재임할 수 있었다. 그러나 지난달 이사 재임 중 만 70세가 돼도 주어진 임기는 마칠 수 있게 지배구조 내부 규범을 개정하면서 함 회장이 3년을 채울 수 있게 됐다. 하나은행 신입사원 채용에 영향력을 행사해 특정 지원자가 합격하도록 한 혐의로 재판에 넘겨진 함영주 하나금융그룹 회장이 지난 2023년 11월23일 오후 서울 마포구 서울서부지법에서 열린 항소심 선고공판을 마친 뒤 법정을 나서며 취재진의 질문에 답하고 있다. / 사진=연합뉴스 함 회장 연임은 3월 열리는 이사회와 정기 주주총회를 거쳐 최종 확정될 예정이다.  다만 함 회장에겐 사법 리스크가 남아있어 주총 통과를 장담할 수 없는 상태다. 함 회장은 지난 2015년 하나은행장 시절, 2015년부터 2016년 하반기 신입사원 공채 당시, 지인의 청탁을 받아 지원자의 서류 전형과 합숙면접, 임원면접 등에 개입해 불합격 지원자의 점수를 조작했다는 혐의를 받아 기소됐다.   함 회장은 대법원 선고를 앞두고 있다. 대법원에서 유죄 판결이 확정되면 즉시 회장직에서 물러나야 한다. 금융회사의 지배구조에 관한 법률에 따르면 금고 이상의 형을 선고받은 사람은 금융회사 임원이 될 수 없다.  앞서 1심 재판부는 함 회장에게 무죄를 선고했지만, 2심 재판부는 징역 6개월에 집행유예 2년, 벌금 300만원을 선고했다.   정용석 기자 yong@sisajournal-e.com<저작권자 ⓒ 시사저널e, 무단 전재 및 재배포 금지>   해당 기사는 시사저널e(www.sisajournal-e.com)에서 제공한 것이며 저작권은 제공 매체에 있습니다. 기사 내용 관련 문의는 해당 언론사에 하시기 바랍니다.    ▶글로벌 시장을 이해하는키! 글로벌 투자의 든든한 파트너! 인포스탁 모바일 주식신문 ▶미국주식 한국주식 따로 보실건가요? 한눈에 정리한 인포스탁 모바일 주식신문 증시 최후의 보루 연기금, 어떤 종목을 담고 있을까? 시장 조정은 주도주 변화의 서막! [변곡점 청신호]켠 종목들은? 증시 바닥 구간에서 ▶ 빠른 회복이 기대되는 종목은??        Copyright ⓒ True&Live 증시뉴스 점유율1위, 인포스탁(www.infostock.co.kr)"
138,1,"2025-01-27","17:00:12","BUZZ-USD/JPY의 '베어 트랩'은 다음 세션에서 큰 상승을 암시합니다.","BUZZ-USD/JPY's 'bear trap' hints at big gains in coming sessions  USD/JPY는 화요일과 금요일에 다시 154.97 피보 아래를 돌파했습니다.   154.97 피보는 148.65~158.88(12월~1월) EBS 상승폭의 38.2% 되돌림입니다.   두 경우 모두 스팟이 154.97 피보 아래에서 브레이크를 유지하지 못했습니다: 베어 트랩   이 하락 트랩은 다음 세션에서 스팟이 큰 이득을 볼 수 있습니다.   마켓이 깨진 레벨 아래에서 닫히지 못했지만 반전할 때 설정되는 베어 트랩   155.20에 매수 포지션을 유지합니다. USD/JPY 트레이더 (      (마틴 밀러는 로이터 시장 분석가입니다. 표현된 견해는 본인의 의견입니다)  martin.miller@thomsonreuters.com        (c) Copyright Thomson Reuters 2020. Click For Restrictions - https://agency.reuters.com/en/copyright.html   원문 바로가기    DISCLAIMER  레피니티브의 사전, 서면 승인 없는 톰슨로이터 콘텐츠의 재생산이나 재배포는 금지되어 있습니다. 이 기사의 한국어 번역은 에프앤가이드가 사용하는 기계적 번역에 의한 것으로 톰슨로이터와 레피니티브는 번역의 정확성을 보증하지 않습니다."
138,2,"2025-01-27","17:00:06","바쁘다 바빠…오세훈 설 연휴에도 '광폭 행보'","오세훈 연휴 '광폭 행보'  10개 가까운 일정 소화   민생부터 안보까지 점검      오세훈 서울시장이 설 명절 연휴 기간 다양한 종류의 숨 가쁜 일정을 소화하고 있다. 혼란한 정국 속에서도 서울시 행정수반으로서 혹시 모를 사각지대를 직접 들여다보겠다는 의지다.  27일 시에 따르면 오 시장은 이번 명절을 맞아 계획한 다수의 일정을 이날로 모두 마쳤다. 이날에는 시립 노인요양 시설인 시립동부데이케어센터를 찾아 27명의 어르신께 명절 안부 인사를 드리고, 종사자들을 격려했다.데이케어센터를 확충해 더 많은 어르신이 가까이에서 이용할 수 있도록 시 차원의 지원을 계속 늘려가겠다는 계획도 전달했다.  지난 26일에는 이대목동병원 권역응급의료센터를 찾아 명절 전후 응급의료 체계를 점검했다. 오 시장은 시민들이 안심하고 연휴를 보낼 수 있도록 직접 방문을 결정한 것으로 전해진다. 해당 병원은 중증 응급환자 중심의 진료와 재난 대비·대응을 위한 거점 병원 역할을 하고 있다. 오 시장은 ""서울시는 연휴에도 시민 여러분의 건강과 안전을 지키기 위해 최선을 다하겠다""고 했다.   오 시장은 지난 25일에는 두 차례 민생 일정을 소화했다. 먼저 오전에는 광진구 새날지역아동센터를 찾아 용 학생 및 학부모, 종사자와 간담회를 갖고 현장 목소리를 청취했다. 이곳은 방과 후 아동 돌봄, 다문화 아동 교육 등 복지·교육 서비스를 제공하는 기관이다. 이 자리에서 오 시장은 ""더욱 안전한 환경에서 시설을 이용할 수 있도록 노력하겠다""고 했다.  같은 날 오후에는 인근 중곡 제일골목시장을 찾아 상인들에게 설 인사를 건네고 명절 물가를 점검했다. 오 시장은 시민들에게 ""소비 심리가 위축돼 자영업자들의 걱정이 쌓이고 있으니 소비에 동참하길 부탁드린다""고 하기도 했다. 시장 방문 후에는 가까운 중곡 119 안전센터도 찾아 근무 중인 대원들에게 ""화재나 사고는 불시에 발생할 수 있으니 연휴 동안 시민을 위해 조금 더 노력해달라""고 했다.   지난 24일에는 정오께국민의힘 지도부와 함께 서울역 쪽방촌을 찾아 쪽방 지원 현장을 점검했다. 매달 배정되는 적립금으로 필요한 물품을 가져갈 수 있는 '온기창고'에 즉석밥을 기부하고, 무료로 치과 진료를 봐주는 '우리동네 구강관리 플러스센터'에 들러 의료진에게 감사의 뜻도 전했다. 이어 쪽방상담소 직원들과 함께 '동행식당'에서 순댓국을 먹으면서 현장의 고충이나 건의 사항을 경청했다.  또 같은날 오후에는 서울 서측방인 김포와 강화 일대를 지키는 해병대 2사단을 찾아 안보 상황도 들여다봤다. 오 시장은 북측의 오물 풍선·확성기 근원지를 직접 관찰한 뒤 초소를 방문하고 장병들과 함께 식사했다. 근무 중인 장병에게는 대북 경계 태세를 늦추지 말라고 당부하면서국방의 의무를 다함에 감사 인사를 전했다. 오 시장은 ""휴전선에서 몇십 km밖에 안 떨어진 서울시의 시장으로서 늘 북한의 도발이 염려돼 직접 확인하고 싶었다""면서 ""든든한 마음을 안고 돌아간다""고 했다.   지난 23일에는 민생 경제 최전선에있는 소상공인의 애로사항을 청취하고자 서울신용보증재단 내 자영업지원센터 라운지에서 열린 '소상공인 힘보탬 현장 간담회'에 참석했다. 이 자리에는 제과점, 음식점, 학원 등을 운영하는 소상공인 11명이 참여해 다양한 의견을 제시했다. 오 시장은 ""비상경제회복자금 등 2조1000억원의 자금 지원을 포함한 소상공인 힘보탬 프로젝트를 추진 중""이라면서 향후 소상공인 정책에 힘을 더하겠다고 약속했다.  홍민성 한경닷컴 기자 mshong@hankyung.com    관련기사 ""중국인 반응 폭발""…6000만원짜리 車 '불티' ""휴게소서 돈까스 먹으려다"" 화들짝 놀란 까닭 100억 넘게 벌었는데 ""구조대 빨리 오라"" 비명 ""회사 잘릴 뻔""…명절선물 건넸다가 '날벼락' '흡연 천국' 불렸는데…""전자담배도 안돼"" 돌변    ⓒ 한국경제 & hankyung.com, 무단전재 및 재배포 금지"
138,3,"2025-01-27","17:00:03","표-소스 <6200.T>-Q1 그룹 결과","TABLE-Insource <6200.T>-Q1 group results  1월 27일 (로이터)- Insource Co. 통합 재무 하이라이트  (별도 명시되지 않은 경우 십억 엔 단위) TABLE-Insource <6200.T>-Q1 group results  1월 27일 (로이터)- Insource Co. 통합 재무 하이라이트  (별도 명시되지 않은 경우 십억 엔 단위)                    3 개월 종료 3 개월 종료 연도                  2024 년 12월 31일 2023년 12월 31일 2025년 9월 30일                     전년 동기 대비 최근                     결과 결과 예측  매출 3.51 2.87 14.50                   (+22.3퍼센트) (+11.0퍼센트) (+16.2퍼센트)  영업이익 1.46 1.06 5.52                   (+37.5퍼센트) (+18.8퍼센트) (+11.8퍼센트)  반복 1.46 1.06 5.52                   (+37.6퍼센트) (+19.2퍼센트) (+11.7퍼센트)  순 933만 726만 3.75               (+28.5퍼센트) (+19.0퍼센트) (+11.7퍼센트)  EPS 11.12엔 8.64엔 44.69엔  EPS 희석 8.63엔  앤 디비 20.00 엔 23.50 엔  -2분기 주당순이익 NIL NIL  -4분기 주당 20.00엔 23.50엔     참고 - 인소스 주식회사. 회사 개요 페이지를 보려면 다음을 클릭하세요.     원문 바로가기    DISCLAIMER  레피니티브의 사전, 서면 승인 없는 톰슨로이터 콘텐츠의 재생산이나 재배포는 금지되어 있습니다. 이 기사의 한국어 번역은 에프앤가이드가사용하는 기계적 번역에 의한 것으로 톰슨로이터와 레피니티브는 번역의 정확성을 보증하지 않습니다."
138,4,"2025-01-27","17:00:00","“돈 있는 사람은 무조건 압구정?” 부동산 불황에도 한 달에 1억씩 오른다[부동산360]","압구정 현대13차 아파트 전용 105㎡, 50억원 거래 계엄發 거래 한파 12월에도 신고가 경신     서울 강남구 압구정동 신현대 아파트. 홍승희 기자     [헤럴드경제=홍승희 기자] “2024년 8월 71억원→2025년 1월 77억원“   수도권을 비롯한 전국 부동산 시장이 침체기에 접어든 가운데 서울 강남구 압구정동의 재건축 단지들이 연일 신고가를 경신하고 있어 눈길을끈다. 일각에선 부동산 침체가 장기화 될 거라는 전망도 나오는 가운데 신축보단 미래 가치를 가지고 있는 재건축 단지로 자산가들의 수요가몰리고 있다는 분석이다.   27일 국토교통부 실거래가 공개시스템에 따르면 서울 강남구 압구정동 현대13차 아파트는 전용 105㎡가 이달 11일 50억원(7층)에 매도됐다.이는 지난 달 경신한 신고가와 같은 금액으로, 지난 7월 45억원에 매도됐으나 5개월만에 5억원이 올랐다.   압구정 한양4차 전용 208㎡도 이달 10일 77억원에 거래되면서 신고가를 경신한 것으로 집계됐다. 이전 최고가는 71억원으로 지난 8월 거래가이뤄졌다. 5개월만에 6억원이 오른 것이다.   비상 계엄으로 전국 부동산 거래가 얼어붙었던 지난 12월에도 압구정동은 예외였다. 현대5차 아파트는 국민 평형으로 불리는 전용면적 84㎡보다도 좁은 82㎡가 지난 12월 26일 48억원(13층)에 거리되며 최고가를 갈아치웠다. 같은 달 12일 똑같은 평수가 46억원에 팔린데 반해 2억원이 더 올랐다. 지난 12월 23일에는 구현대6차 아파트 196㎡가 79억5000만원(5층)에 거래돼 신고가를 경신했다. 같은 평수의 직전가는 8월에 거래된 74억8000만원짜리 매물이다. 4달만에 5억원 가까이 가격이 올랐다.     서울 압구정동 현대아파트 일대. [헤럴드경제 DB]    이같은 압구정의 신고가 행렬은 서울 아파트값 상승세가 멈춘 상황에서 나타나 더욱 눈길을 끈다. 한국부동산원에 따르면 지난해 3월 넷째주부터 41주 연속 상승세를 이어온 서울 아파트 매매가격지수는 지난해 12월 다섯째주 보합을 기록하며 제동이 걸렸다. 서울 아파트 매매가격지수는 올 들어서도 상승전환에 실패하며 계속 보합을 이어가고 있다.   전문가들은 부동산 시장의 불황이 장기화 될 것으로 예측되는 가운데 자산가들이 위험부담이 높은 신축보다는 미래 가치가 보장돼있는 재건축 단지를 매입하고 있다고 분석한다. 실제 서울 강남구는 최근 압구정 3구역 정비계획안을 서울시에 결정 요청(입안)하면서 압구정 2구역부터5구역까지의 정비계획 결정 요청을 모두 마쳤다고 밝혔다. 정비계획 결정 요청은 재건축을 본격적으로 추진하는 첫걸음으로 여겨지는데, 이에 압구정동이 본격 재건축에 탄력을 받을 거라는 기대가 나온다.   한국부동산원 관계자는 “재건축 추진단지 등 선호단지에서는 상승세가 지속되고 있으나, 그 외 단지에서는 대출규제 등 영향으로 매수 심리위축되고 관망세 짙어지는 등 지역·단지별 혼조세를 보이고 있다”고 분석했다. 또 다른 업계 관계자는 “압구정3구역같은 경우에는 굴곡진한강을 조망할 수 있어 프리미엄이 더 붙을 수밖에 없다”며 “해당 구역 아파트가 재건축 되면 한남동에서도 보이고, 성수동·옥수동에서도보여 아파트 브랜드의 홍보효과가 극대화되기 때문에 1군 건설사들의 수주전도 치열해질 것”이라고 내다봤다."
138,5,"2025-01-27","16:59:57","미디어-일본 생명, M&A 이후 해외 사업 개편 - 블룸버그 뉴스","MEDIA-Nippon Life is said to revamp overseas business after M&A spree - Bloomberg News  -- 출처 링크: https://tinyurl.com/25z6syu4  -- 참고: 로이터 통신은 이 기사를 확인하지 않았으며 정확성을 보증하지 않습니다.     globalnewsmonitoring@thomsonreuters.com        (c) Copyright Thomson Reuters 2020. Click For Restrictions - https://agency.reuters.com/en/copyright.html   원문 바로가기    DISCLAIMER  레피니티브의 사전, 서면 승인 없는 톰슨로이터 콘텐츠의 재생산이나 재배포는 금지되어 있습니다. 이 기사의 한국어 번역은 에프앤가이드가 사용하는 기계적 번역에 의한 것으로 톰슨로이터와 레피니티브는 번역의 정확성을 보증하지 않습니다."
138,6,"2025-01-27","16:59:47","두산스코다파워, 체코 현지서 IPO 추진… 유럽 원전시장 '정조준'","body,td,select,input,form,textarea,center,option,pre,blockquote {font-size:9pt; line-height:1.6; font-family:돋움;}table{width:100%; border:0px;}@media (min-width:650px){img {max-width:600px;height:auto}}@media (max-width:650px){img {max-width:500px;height:auto}}@media (max-width:550px){img {max-width:400px;height:auto}}@media (max-width:450px){img {max-width:300px;height:auto}}@media all and (max-width:400px){img {max-width:300px;height:auto}} 제목 : 두산스코다파워, 체코 현지서 IPO 추진… 유럽 원전시장 '정조준' [머니S 최유빈 기자]   두산에너빌리티 체코 자회사인 두산스코다파워가 체코 프라하 증권거래소에서 기업공개(IPO)를 추진한다. 두산스코다파워는 조달 자금으로 설비 개선을진행해 향후 유럽 원전시장 확대에 대비하는 동시에 모회사인 두산에너빌리티에 자금을 공급한다는 방침이다.   27일 두산에너빌리티에 따르면 지난 15일(현지시각) 체코 현지에서 상장의사발표(ITF, Intention to Float)를 한 두산스코다파워는 다음달 5일까지 체코 프라하및 영국 런던의 투자자를 대상으로 설명회를 진행한다. 두산스코다파워는 2월 5일 장 종료 이후 청약 절차를 시작해 6일 새벽까지 완료, 같은 날 오전 상장을 확정하고 절차를 마무리할 계획이다.  두산스코다파워는 체코를 비롯한 유럽에서 원전용 증기터빈 등 현재까지 540기 이상의 증기터빈을 공급해 온 업체로, 향후 팀코리아의 유럽 원전 시장 공략에 있어 전초기지로 꼽힌다. 체코 프라하 증시에서 민간 발전 기자재 생산 업체가 상장하는 것은 이번이 처음이다.  두산스코다파워의 공모가는 한화 기준 주당 1만3200원에서 1만5600원 사이가 될것으로 예상된다. 체코와 영국 및 중부 유럽 투자자들이 유럽 발전 시장 확대 속에 두산스코다파워에 높은 관심을 보여 흥행이 기대된다. 총공모 주식 수는 957만 ~1052만주로 예상되며, 공모금액은 약 1200억~1600억원 규모가 될 것으로 전망된다.   이번 상장을 통해 조달한 자금은 두산스코다파워와 모회사인 두산에너빌리티 성장 동력 확보를 위해 사용될 예정이다. 먼저 두산스코다파워는 신주발행(290만주)을 통해 약 380억~450억원을 조달해 생산설비 개선과 R&D에 투입한다. 유럽 원전시장 확대가 예상됨에 따라 설비 투자 필요성이 커졌기 때문이다. 최근 유럽 각국에선 에너지 안보 확보를 위한 원자력 및 가스복합 발전소 건설 계획이 활발하게 발표되며 영국과 스웨덴, 네덜란드 등지서신규 원전 건설 사업 가능성이 커지고 있다.  두산에너빌리티는 두산스코다파워의 구주매출을 통해 약 850억~1200억원을 확보할 것으로 예상된다. 두산에너빌리티는 대형원전 및 SMR(소형모듈원전) 기술 개발, 가스터빈 설비 확충 등 신규 투자자금을 성장동력 확보를 위해 사용할 예정이다.    ☞ ""성심당 빵 두고 내렸다""… 기차역·열차 유실물만 30만개 ☞ '11년차 커플' 이정재♥임세령, 프랑스 파리서 데이트 포착 ☞ ""예뻐서""… 제주행 여객기서 승무원 몰카 중국인, 벌금 500만원 ☞ ""20대인줄""… '49세 우희진' 군살없는 복근 비키니 과시 ☞ '김지원·아이린 닮은꼴?'… 김종민, 11살 연하 예비신부 공개 ☞ [내일 날씨] 전국 곳곳 눈·비 이어져… '최대 30㎝' 눈 폭탄 ☞ [갤럭시 언팩] S25로 본 푸른 미래… 카메라가 바닷속 산호 지키는 법 ☞ 서울구치소서 설 맞는 윤 대통령… 설 당일 떡국 제공, 특식은 예정 없어 ☞ '냉부해2' 이은지→ 장원영 '분노'… ""손 하트 날리지 마"" ☞ 중국 쇼트트랙, 동계AG에린샤오쥔 포함… '반칙왕' 판커신·류 형제도 ☞ 공무원 멀리하는 MZ세대… 정부 특단 대책 내놓는다      해당 기사는 머니S(moneys.mt.co.kr)에서 제공한 것이며 저작권은 제공 매체에 있습니다. 기사 내용 관련 문의는 해당 언론사에 하시기 바랍니다.    ▶글로벌 시장을 이해하는 키! 글로벌 투자의 든든한 파트너! 인포스탁 모바일 주식신문 ▶미국주식 한국주식 따로 보실건가요? 한눈에 정리한 인포스탁 모바일 주식신문 증시 최후의 보루 연기금, 어떤 종목을 담고 있을까? 시장 조정은 주도주 변화의 서막! [변곡점 청신호]켠 종목들은? 증시 바닥 구간에서 ▶ 빠른 회복이 기대되는 종목은??        Copyright ⓒ True&Live 증시뉴스 점유율1위, 인포스탁(www.infostock.co.kr)"
138,7,"2025-01-27","16:59:43","RPT-이탈리아의 MPS가 파산 직전까지 갔다가 존경받는 상인 은행 입찰에 성공한 방법","RPT-How Italy's MPS went from near collapse to bid for revered merchant bank    밀라노, 1월 24일(로이터) - 몬테 데이 파스키(MPS)의 CEO 루이지 로바글리오는 이탈리아 재무부가 구제금융을 받은 지 5년 만에 세계에서 가장 오래된 은행의 운명을 되살리기 위해 그를 발탁한 2022년 초 시에나에 도착한 이후 밤샘 근무를 몇 번이나 했습니다.  2022년 10월, MPS의 주식 매각이 인수 은행들 사이에 막판 패닉을 불러일으키자 그는 밤을 새워가며 주식 매각을 성사시키기 위해 노력했습니다. 당시 MPS는 주당 2유로에 주식을 매각하는 데 어려움을 겪었습니다.  이탈리아의 유서 깊은 투자은행인 메디오방카의 대형 라이벌인 메디오방카에 대한 140억 달러 규모의 전 지분 인수 입찰을 위해 밤샘작업을 벌인 로바글리오와 그의 재무 책임자 안드레아 마페초니가 등장한 이번 주 MPS 주가는 7유로에 거래되었습니다.  2017년부터 2022년까지 100억 유로 이상의 현금을 확보한 MPS는 금리 인상으로 인한 이익 증가를 포착하고 이탈리아 부문의 통합 열차에 올라타기 위해 제때 대차대조표를 정리할 수 있었습니다.  한때 업계 전반에 전염을 확산시킬 위협이 되었던 MPS는 수십 년동안 이탈리아 금융계를 장악했던 은행을 인수하기 위해 입찰에 참여합니다.  올해 69세인 로바글리오는 금요일에 자신의 대담한 행보를 의식한 듯 화해의 목소리를 내기 위해 노력했습니다.  그는 애널리스트들에게 ""어떤 식으로든 강력한 조직인 메디오방카를 약화시킬 수 있는 어떠한 조치도 취하고 싶지 않습니다.""라고 말했습니다.  이상한 커플  분석가들은 Mediobanca와 MPS의 '이상한 커플'이 대주주 두 명이라는 공통점만 있을 뿐 공통점이 거의 없다고 걱정했습니다: 바로 고인이 된 억만장자 레오나르도 델 베키오의 지주회사인 델핀과 동료 재벌인 프란체스코 가에타노 칼타기론입니다.  재무부가 68%에서 11.7%로 지분을 줄이면서 지난 2년 동안 국제 자금이 MPS에 몰려들었습니다. 이 깜짝 입찰은 매도를 촉발했고, MPS 주가는 7% 하락세로 마감했습니다.  이 거래에 관여한 한 관계자는 자문사인 UBS와 JP모건이 투자자들에게 이 거래를 설명하고 주주들의 비밀 의제를 반영할 수 있다는 우려를 불식시키기 위해 노력할 것이라고 말했습니다.  델핀과 칼타기론은 이탈리아 보험사 제너럴리의 지분도 소유하고 있으며, 수년 동안 메디오방카의 CEO 알베르토 나겔이 메디오방카의 제너럴리 지분 수입에 지나치게 의존하고 있다고 비난해 왔습니다.  델핀과 칼타기론 제너럴리는 프랑스의 나티시스 인베스트먼트 매니저와 자산 관리 제휴를 맺었습니다.  그들은 저축이 이탈리아 밖으로 빠져나가는 것을 우려하는 정부에서 동맹을 찾았습니다.  동시에 인테사 산파올로와 유니크레딧에 맞설 이탈리아의 세 번째 대형 은행 그룹을 설립하려는 정부의 의지도 강해졌습니다.  로마는 11월에 이탈리아에서 세 번째로 큰 대출 기관인 방코 BPM과 델핀, 칼타기론에 MPS의 지분을 매각했을 때만 해도 올바른 방향으로 나아가고 있다고 생각했습니다.  그러나 작년 말 UniCredit이 방코 BPM에 대한 기습 입찰을 하면서 델핀과 칼타기론의 도움을 받아 MPS와 BPM의 제휴를장려하려는 재무부의 노력을 좌절시켰습니다.  SACRED  로바글리오는 금요일, 2022년 12월 이탈리아 경제부 장관에게 MPS를 위한합병 옵션으로 메디오방카를 제시했으며, 동종 업체와의 제휴 계획도 함께 발표했습니다.  그 이후로 중견 라이벌인 방코 BPM과 BPER가MPS의 잠재적 인수 후보라는 사실이 널리 알려지게 되었습니다.  최근 델핀과 칼타기론이 주요 MPS 투자자로 등장하면서 Mediobanca는잠재적 거래의 중심에 서게 되었습니다.  입찰 준비에 참여한 한 관계자는 이탈리아 금융계에서 Mediobanca는 ""매우 신성한 이름""이기때문에 제휴 야망이 성공할 수 있을 때까지 비밀로 하는 것이 당연하다고 말했습니다.  금요일 로마는 MPS의 메디오방카 입찰을 지지했으며, 이 문제에 가까운 두 사람은 나티시스-제네랄리 조합이 정부의 계획에 대한 지원을 공고히 하는 데 역할을 했을 수 있다고 말했습니다.  그러나 입찰에 참여한 세 번째 관계자는 Lovaglio의 인수 이유는 순전히 산업적 이유이며 MPS가 파트너를 찾아야 할 필요성과 두 비즈니스가 얼마나 상호 보완적일 수 있는지를 고려한 것이라고 말했습니다.   시에나 지점의 한 MPS 고위 직원은 익명을 전제로 로이터통신에 ""우리는 우리 자신 외에는 아무것도 아닙니다.""라고 말했습니다. ""이 거래는 우리 프랜차이즈에 매우 완벽할 것입니다.""  그러나 지금까지 Mediobanca의 CEO Nagel은 MPS와의 대화를 시작하려는 시도를 거부했으며 이 문제에 대해 잘 아는 두 사람은 이 제안에 맞서 싸울준비를 하고 있다고 말했습니다.  메디오방카는 이번 입찰에 대해 언급하지 않았습니다.  (1달러 = 0.9541유로)     (Reporting by Valentina Za and Gianluca Semeraro in Milan; Mathieu Rosemain in Paris; Editing by Jane Merriman, Tommy Reggiori Wilkes and Louise Heavens)  valentina.za@thomsonreuters.com ; +39 02 6612 9526; ))     (c) Copyright Thomson Reuters 2020. Click For Restrictions - https://agency.reuters.com/en/copyright.html        Keywords: MEDIOBANCA-M&A/MONTE DEI PASCHI (REPEAT, PIX)   원문 바로가기    DISCLAIMER  레피니티브의 사전, 서면 승인 없는 톰슨로이터 콘텐츠의 재생산이나 재배포는 금지되어 있습니다. 이 기사의 한국어 번역은에프앤가이드가 사용하는 기계적 번역에 의한 것으로 톰슨로이터와 레피니티브는 번역의 정확성을 보증하지 않습니다."
139,1,"2025-01-27","16:48:00","한국직업능력진흥원, 학교안전지도사 자격증 무료 수강 진행","[머니투데이 김재련 기자] 학교는 학생들이 학습하고 성장하는 중요한 공간이다. 안전 문제는 언제나 중요한 이슈로 부각되고 있으며 이러한문제를 해결하기 위해 등장한 직업이 바로 '학교 안전지도사','학교 안전 보안관'이다.   학교 안전지도사는 학생들이 안전하게 학교 생활을 할 수 있도록 다양한 안전 관리 및 예방 활동을 담당한다. 학교 안전지도사는 학생들의 안전을 지키는 중요한 역할을 하고 있으며, 이들의 노력 덕분에 학생들은 보다 안전하고 건강한 환경에서 학습할 수 있다.   학교 안전지도사는 은퇴후 자격증으로 수요가 많으며, 학교안전지도사 자격증을 취득하는 경우 취업가산점을 받을 수 있다. 학교안전지도사자격증 외에도 학교폭력상담사(예방교육사), 안전교육지도사 또한 함께 취득하면 좋은 자격증으로 꼽히고 있다.   학교안전지도사 자격증 외에도 한국직업능력진흥원에서는 부동산자산관리사, 부동산권리분석사, 지식재산권지도사 등 100여 가지의 자격과정을 운영 중이기 때문에 본인에게 적합한 자격과정을 선택하여 취득할 수 있다.   안전교육지도사, 학교폭력상담사, 학교안전지도사 자격증 과정은 한국직업능력진흥원에서 현재 온라인으로 운영 중이며, 무료수강혜택을 받아 별도의 수강료와 시험 응시료 없이 진행할 수 있다.   또한 수강 신청 후 무료 교재 및 시험 예상 문제를 다운로드할 수 있는 혜택이 주어지며, 한국직업능력진흥원에서 취득하는 모든 자격증은 한국직업능력연구원에 정식 등록되어 있어 관련 분야 구직에 다양하게 활용할 수 있다.     [관련기사] ☞ 전한길 ""난 노사모 출신""…노무현재단 ""법적 대응"" ☞ ""이따 얘기해""…김종민, 예비신부에 '재방료' 들통 ☞ ""다른 남자와 잠자리 강요""…이혼 변호사도 당황 ☞ '상습도박' 슈, SES 자료화면서 모자이크 '굴욕' ☞ 집 곳곳에 커플사진?…지상렬, 동거녀 공개   김재련 기자 chic@mt.co.kr     키워드림론 최대 4배 주식자금 & 고금리 대환상품 한도 오픈! (1644-6960)   [무료운세] 믿어야 돼 말아야 돼? 종목매수전에 믿고보는 '오늘의 운세'        [파워 인터뷰]       매수전에 점 부터 보고 가실께요 -> 오늘의 운세 [복채무료]      ⓒ 머니투데이 & mt.co.kr, 무단 전재 및 재배포 금지"
139,2,"2025-01-27","16:47:13","서울시립대 17년 만에 등록금 5.49% 인상","2009년 등록금 동결 후 처음     서울시립대학교 캠퍼스 전경. [헤럴드DB]     [헤럴드경제=김도윤 기자] 전국 대학들이 잇따라 등록금을 인상하는 가운데 서울시립대도 합류했다.   27일 서울시립대에 따르면 이 대학 등록금심의위원회(등심위)는 지난 23일 제3차 회의를 열고 올해 학부 등록금을 작년 대비 5.49% 인상하는안건을 의결했다.   외국인 학생 등록금도 같은 비율로 올랐으며, 대학원 등록금 인상률은 지난 3일 제1차 회의에서 5%로 정해졌다.   학생 측은 지난 17∼21일 재학생 710명을 상대로 등록금 책정에 대한 설문조사를 실시한 결과 423명(59.6%)이 동결을 원했다며 등록금 인상에 반대했다.   이에 대학 측은 “학생들 의견을 종합하면 등록금 인상에 무조건 반대하는 것이 아니라 인상에 따른 학생지원계획을 중시하고 있다”며 “앞으로 학생들의 요구사항을 듣는 자리를 자주 만들어 구체적인 안을 만드는 것이 좋겠다”고 설명했다.   서울시립대 외에 올해 학부 등록금을 올린 서울 주요 대학으로는 연세대(4.98%), 국민대(4.97%), 서강대(4.85%), 이화여대(3.1%), 한국외대(5%), 동국대(4.98%), 동덕여대(4.2%) 등이 있다.   서울시립대는 2022년 12월 서울시의회가 서울시의 시립대 지원금을 100억원 삭감한 이후 등록금 인상을 검토해왔다."
139,3,"2025-01-27","16:47:03","""매주 150분 이상 운동하는 어르신, 사망위험 30% 감소""","노년기에 매주 150분간 신체 활동을 하면 모든 원인으로 인한 사망 위험이 31%나 감소한다는 연구 결과가 나왔다.  27일 제인 손턴 캐나다 몬타리오 웨스턴대 교수진은 의학 전문지 캐나다 의학 협회 저널(CMAJ)에서 신체 활동과 노년기 건강에 관한 대규모 메타 분석에서 이 같은 결과를 얻었다고 발표했다. 또 신체 활동을 할 경우 관상동맥 질환과 당뇨병, 치매, 암 등 30가지 이상의 만성질환 위험을 줄이는 데에도 도움이 되는 것으로 나타나 노년기에 신체 활동을 많이 할수록 잠재적으로 수명을 연장할 수 있고 삶의 질도 높일 수 있다고 강조했다.   연구진은 올해 캐나다 인구 5명 가운데 1명이 65세 이상이 되고 85세 이상 인구가 향후 20년간 3배로 늘 것으로 예상하지만, 성인의 80%이상은 신체 활동 가이드라인의 권장량을 충족하지 못한다고 지적했다. 신체 활동 가이드라인은 세계보건기구(WHO)에서 정한 것으로, 건강하거나 만성질환이 있어도 안정적인 경우 등을 포함해 모든 성인에게 건강을 위해 중등도~고강도 신체 활동을 매주 150~300분간 할 것을 권장한다.    연구진은 이 연구에서 메드라인(MEDLINE) 등 의학 데이터베이스에서 고령자와 신체 활동, 다양한 질환 및 부작용 등을 키워드로 관련 논문을 선별하여 신체 활동과 사망 위험, 각종 질병 위험 등의 연관성을 분석했다. 2023년 발표된 운동량과 사망 위험 간 연관성 추적 분석에 대한 메타 분석에서 주당 150분의 중등도 신체활동을 할 경우 그렇지 않은 경우보다 모든 원인에 의한 사망위험이 31% 감소하는 것으로 분석됐다.   또 중등도 이상 신체 활동은 ▲관상동맥 질환 ▲심부전 ▲제2형 당뇨병 ▲만성 폐쇄성 폐 질환 ▲골다공증 ▲우울증 ▲치매 ▲암 등 30가지 이상의 만성질환 위험을 줄이는 데 도움이 되는 것으로 나타났다.   2022년 발표된 두 건의 메타 분석에서는 주당 60분간 근력 운동이 모든 원인에 의한 사망 위험을 27% 줄여주고, 주당 30~60분간의 근력운동은 10~20%의 사망 위험 감소와 관련이 있는 것으로 밝혀졌다. 2016년 메타 분석에서는 노년층 운동 프로그램과 신체 활동이 낙상을 21% 줄이는 것으로 나타났고, 2021년 무작위 비교 연구에서는 주 5회 이상, 32주 이상 통합 운동 프로그램이 낙상 위험을 크게 낮추는 것으로 분석됐다.   2023년 메타 분석에서는 경도 인지 장애가 있는 노인의 경우 유산소 운동이 인지 기능 개선에 가장 효과적이고, 근력운동, 신경 운동(태극권 등) 등이 다음으로 효과가 있는 것으로 나타났다.   연구진은 신체 활동의 이점을 고려할 때 의사들이 노인에게 '신체 활동'을 적극적으로 처방할 필요가 있다고 설명했다. 손턴 교수는 ""신체 활동은 고령층이 기능적 독립성을 유지하거나 개선하는 가장 중요한 방법의 하나""라고 강조했다.     ● 주식으로 돈 벌까? 오늘의 운세로 확인  ● 무조건 오르는 비공개 종목 '반드시' 확인하기(무료 체험)  ● 텔레그램에만 있는 비밀정보? “사람들이 텔레그램이 몰리는 이유!”   [관련기사]  ☞ 경기도, 탄소중립 실천 농업인 활동비 지급…2월21일까지 신청  ☞ 마산 오동동 복지패밀리봉사회, 설명절 맞아 떡국 떡 나눔  ☞ 고양시, 산불방지 종합대책 추진…산불진화헬기·드론 투입  ☞ 마라톤뛰고 볼링치고 등산복사고…지방의원들 혈세 25억 펑펑  ☞ 투자 성공의 핵심은 기업분석! 'CORE' 바로가기      구나리 기자 forsythia26@asiae.co.kr   <ⓒ투자가를 위한 경제콘텐츠 플랫폼, 아시아경제(www.asiae.co.kr) 무단전재 배포금지>"
139,4,"2025-01-27","16:46:42","하나금융, '함영주 2.0' 선택…'불확실성 시대' 리더십 안정 방점","하나금융, '함영주 2.0' 선택…'불확실성 시대' 리더십 안정 방점  회추위, 3년 임기 부여 결정       (서울=연합인포맥스) 이현정 기자 = 하나금융지주가 함영주 회장의 연임을 최종 결정했다.      대내외 불확실성이 큰 상황이 지속하고 있어 조직 안정과 함께 새로운 성장 동력을 동시에 추구하기 위해선 안정적인 리더십을 공고히 할 필요가 있다는 판단에 따른 결정으로 풀이된다.      하나금융 이사회는 차기 회장 선임에 앞서 최고경영자의 임기를 70세 이상으로 가능하게 했고 이번 회추위에서 실제 임기를 3년 부여했다.      ◇회추위 만장일치 연임 결정…""검증된 리더십""      하나금융은 27일 회장후보추천위원회 회의를 열고 함 회장을 차기 회장 단독 후보로 추천했다고 밝혔다.      당초 설 연휴 이후 최종 후보를 확정할 것으로 예상됐으나 1월 중 마무리짓기 위해 회추위원들이 일정을 조율한 것으로 알려졌다.      회추위는 함 회장이 CEO로써 효율적인 경영관리를 통해 조직 전반의 운영 효율성을 높이면서 내부통제와 리스크 관리를 내재화하고 창사이래 최대 실적과 최고 주가를 달성하는 데 기여했다고 평가했다.      특히 금융환경의 급변 속에서도 불확실성을 타개하고 업의 경쟁력 강화를 통해 그룹 미래를 이끌 적임자라며 낙점 배경을 설명했다.      금융권에서도 함 회장이 무난하게 연임에 성공할 것으로 봤다.      함 회장은 2015년 하나은행과 외환은행 통합 초대 은행장을 맡아 전산·노조·인사통합을 완성하고 두 은행의 시너지를 극대화했다는 평가를 받았다.      이후 하나금융 부회장 등을 거쳐 2022년부터 3년간 하나금융 회장으로서 조직을 이끌며 경영자로서의 능력을 인정받아왔다.      하나금융은 지난해 3분기까지 3조2천254억원의 순이익을 올리며 최대 실적을 올리기도 했다.      하나생명보험과 하나손해보험, 하나캐피탈과 하나에프앤아이 등 계열사에도 자본을 수혈하며 비은행 부문 경쟁력을 끌어올리기 위한 전략적 투자를 지속해 왔다.      함 회장은 지난 2019년 해외금리연계 파생결합펀드(DLF) 사태로 중징계받았으나, 지난해 7월 대법원으로부터 최종 승소 판결을 받으며 사법 리스크를 한차례 덜어내기도 했다.      금융권 관계자는 ""큰 사고 등 무리없이 조직을 이끌어왔기 때문에 큰 이변이 없는한 연임할 것으로 예상되어 왔다""면서 ""더욱이 대내외불확실성이 커지는 상황에서 그룹의 안정적인 경영을 이어나가겠다는 측면에서 이사진들의 이견도 없었던 것 같다""고 말했다.      ◇회추위, ""조직안정 최우선…임기 3년 부여""      다만 함회장의 향후 임기 관련 다소 이견이 있을 것으로 보인다.      이날 회추위는 함 회장 임기를 2028년 3월까지 3년으로 확정했다.      하나금융은 회추위원 각각의 의견을 수렴해서 공정하고 객관적인 방식으로 무기명 투표를 통해 결정했다고 설명했다.      하나금융은 지난달 지배구조 내부규범을 변경해 함회장 연임시 임기를 채울 수 있도록 개정한 바 있다.      하나금융은 '이사의 재임 연령을 만 70세까지로 하되 재임 중 만 70세가 도래하는 경우 최종 임기를 해당일 이후 최초로 소집되는 정기주주총회일까지로 한다'는 내부규정에서 임기 종료의 기준 시점을 '해당 일'에서 '해당 임기'로 70세가 넘어서도 주어진 임기를 채울 수 있도록 했다.      기존 규범대로라면 2027년 3월까지 2년만 재임할 수 있으나 새로운 규정을 적용해 2028년 3년까지 3년이 가능해진 것이다.      다만 금융당국 일각에선 '70세룰' 개정에 대한 이견도 있다.      이복현 금융감독원장은 ""우려할 정도의 의도로 내부규범을 개정한 건 아닐 것""이라고 언급하기도 했다.      이에 함 회장이 무리해서 개정된 모범규준을 적용하지 않고 2년 임기로 연임하지 않겠느냐는 전망이 조심스럽게 나왔지만, 회추위원들은조직 안정에 더 큰 무게를 두고 3년의 임기를 최종 결정한 것으로 보인다.      회추위원들은 이날도 ""그 어느때보다 검증된 리더십과 안정적인 임기 보장이 필요한 시점""이라며 부여된 임기를 수행하는 게 필요하다""고 강조했다.      한편, 함 회장의 사법 리스크가 완전히 해소되지 않은 점은 부담이다.      함 회장은 직원 채용 관련 업무방해 혐의로 기소돼 1심에선 무죄 판결을 받았지만, 2심에서 징역 6월에 집행유예 2년, 벌금 300만원을 선고받고 대법원 판결을 앞두고 있다.      만약 대법원에서 유죄 판결이 확정되면 연임에 성공하더라도, 즉시 회장직에서 물러나야 한다.      *그림*        hjlee@yna.co.kr   <저작권자 (c) 연합인포맥스, 무단전재 및 재배포 금지, AI 학습 및 활용 금지>"
139,5,"2025-01-27","16:46:40","난징 은행의 2024년 잠정 순이익, 전년 대비 9.1% 증가 전망","BRIEF-Bank Of Nanjing's Prelim 2024 Net Profit Up 9.1% Y/Y  1월 27일 (로이터) - 난징 은행 :  2024년 순이익 잠정치 전년대비 9.1% 증가   원본 텍스트  Further company coverage:      (Reporting by Beijing Newsroom)  Xiuhao.Chen@thomsonreuters.com        (c) Copyright Thomson Reuters 2020. Click For Restrictions - https://agency.reuters.com/en/copyright.html   원문 바로가기    DISCLAIMER  레피니티브의 사전, 서면 승인 없는 톰슨로이터 콘텐츠의 재생산이나 재배포는 금지되어 있습니다. 이 기사의 한국어 번역은 에프앤가이드가 사용하는 기계적 번역에 의한 것으로 톰슨로이터와 레피니티브는 번역의정확성을 보증하지 않습니다."
139,6,"2025-01-27","16:45:45","개요-시넥틱스, 220만 달러 규모의 계약 체결 발표","BRIEF-Synectics Announces $2.2 Mln Contract Award  1월 27일 (로이터) - Synectics PLC :  시넥틱스 PLC - 220만 달러 계약 체결   소스 텍스트: (  Further company coverage:      Reuters.Briefs@thomsonreuters.com        (c) Copyright Thomson Reuters 2020. Click For Restrictions - https://agency.reuters.com/en/copyright.html   원문 바로가기    DISCLAIMER  레피니티브의 사전, 서면 승인 없는 톰슨로이터 콘텐츠의 재생산이나 재배포는 금지되어 있습니다. 이 기사의 한국어 번역은 에프앤가이드가 사용하는 기계적 번역에 의한 것으로 톰슨로이터와 레피니티브는 번역의 정확성을 보증하지 않습니다."
139,7,"2025-01-27","16:45:36","김선호 국방장관 대행, 에스토니아 장관 접견…""방산협력 강화""","[서울=뉴스핌] 박성준 기자 = 김선호 국방부 장관 직무대행은 27일 한노 페브쿠르 에스토니아 국방장관과 만나 양국 간 국방 및 방산협력 강화 방안에 대해 논의했다고 국방부는 밝혔다.  김 직무대행은 이날 오전 용산 국방부에서 열린 양자 회담에서 에스토니아군이 도입한 K9 자주포를 포함해 우리 무기체계의 우수성을 설명하고 양국관계가 국방·방산 분야에서도 더욱 강화될 것으로 기대한다고 말했다.  이날 양 장관은 양국이 방산협력 및 동일 무기체계 운용을 통한 ▲인적 교류 ▲교육훈련 등 분야에서 상호호혜적인 협력을 지속 추진해 나가기로 했다.  아울러 양 장관은 러·북 포괄적 전략적 동반자 관계 조약 비준과 북한군의 우크라이나 전쟁 파병 등 러·북의 불법적 군사협력이 한반도와 유럽 안보에 미치는 부정적 영향에 대해 심각한 우려를 표명하며 즉각적인 중단을 촉구하기도 했다.  국방부는 ""양장관은 앞으로도 한국-에스토니아 간 국방방산협력을 지속 발전시키기 위해 긴밀히 소통해 나가기로 했다""라고 전했다.   [서울=뉴스핌] 박성준 기자 = 김선호 국방부 장관 직무대행은 27일 용산 국방부에서 한노 페브쿠르 에스토니아 국방 장관과 양자 회담을 개최하고 양국 간 국방 및 방산협력 강화방안에 대해 논의했다. [사진=국방부] 2025.01.27 parksj@newspim.com  parksj@newspim.com 석종건 방사청장, 19~24일 사우디·노르웨이 방문…""방산협력 추진""            저작권자(c)글로벌리더의 지름길 종합뉴스통신사 뉴스핌(Newspim), 무단 전재-재배포 금지"
140,1,"2025-01-27","16:37:46","변호사 그룹, 신규 진입을 장려하기 위해 미국 은행 인가 절차 개편 촉구","Lawyer group urges overhaul of US bank charter process to encourage new entrants   1월 27일(로이터) - 미국 당국은 은행 인가 절차를 간소화해야 한다고 변호사그룹이 은행 기관의 차기 지도부에 보낸 서한에서 핀테크 기업이 지배하는 시대에 업계가 적응해야 한다고 강조했습니다.  이 그룹은 월요일에 공개될 예정인 서한에서 현재의 ""관료적 비효율성""이 ""거의 뚫을 수 없는 진입 장벽""을 초래했으며 규제 당국은 경쟁을 강화하기 위해 새로운 은행 설립을 장려해야 한다고 말했다고 로이터 통신이 사본을 입수했습니다.  이 서한은 기업 임원들이 과도한 관료주의를 없애겠다고 공약한 도널드 트럼프 미국 대통령의 친기업적 규제 환경에 기대를 걸고 있는 시점에 발표되었습니다.  또한 미국에서 은행 신규 인가를 받는 과정이 1년 이상 길어지고 여러 기관의 참여가 필요한 복잡한 과정을 강조합니다.  이달 초, 연방 예금 보험 공사의 의장대행 트래비스 힐은 더 많은 기업이 은행 인가를 받도록 장려하는 것이 향후 몇 달 동안 규제 당국의 초점이 될 것이며, 이는 이 분야의 신규 진입자의 건전한 파이프라인을 보장하기 위한 것이라고 말했습니다.  FDIC, 연방준비제도이사회, 통화감독국(Office of the Comptroller of the Currency)은 은행 시스템 감독을 담당하는 세 가지 주요 기관입니다.     현실적인 기대치  2010년부터 2023년까지 신규 은행 인가 신청이 연평균 5건만 승인된 반면, 2000년부터 2007년 사이에는 연평균 144건이 승인되었다고 이 서한은 지적했습니다.  업계 수익을 압박하는 저금리 환경이 하락의 주요 요인이었지만, 2008년 금융 위기 이후 부담스러운 규제와 은행 부실 우려의 고조도한몫했습니다.  변호사들은 혁신을 촉진하려면 규제 당국이 현실적인 벤치마크를 설정하고 실패를 신생 은행의 고유한 위험으로 인식해야 한다고 말했습니다.  ""현재 기관들은 애플리케이션이 실질적으로 성공을 보장할 것으로 기대하는데, 이는 지나치게 높은 기준입니다.""라고 이들은 말합니다.  은행 업계 관계자들은 2023년 3개 대출 기관의 파산과 같은 실패를 더 엄격한 규제를 부과하기 위한 구실로 삼는 당국을 오랫동안 비판해 왔습니다.  변호사들은 또한 신청 절차의 투명성을 개선하고 120일의 검토 기간을 약속할 것을 해당 기관에촉구했습니다.     (Reporting by Niket Nishant in Bengaluru; Editing by Mrigank Dhaniwala)  Niket.Nishant@thomsonreuters.com     (c) Copyright Thomson Reuters 2020. Click For Restrictions - https://agency.reuters.com/en/copyright.html        Keywords: USA-BANKS/REGULATION (PIX)   원문 바로가기    DISCLAIMER  레피니티브의 사전, 서면 승인 없는 톰슨로이터 콘텐츠의 재생산이나 재배포는 금지되어 있습니다. 이 기사의 한국어 번역은 에프앤가이드가 사용하는 기계적 번역에 의한 것으로 톰슨로이터와 레피니티브는 번역의 정확성을보증하지 않습니다."
140,2,"2025-01-27","16:37:30","스냅샷-인도 주식, 루피, 스왑, 오후 1시(인도 표준시) 통화","SNAPSHOT-India stocks, rupee, swaps, call at 1:00 p.m. IST  뭄바이, 1월 27일(로이터) - -.     주식:  부진한 실적 발표로 기업 이익 둔화가 지속될 것이라는 투자자들의 우려가 확인되면서 벤치마크인 BSE 센섹스 지수는 1% 하락한 74,445를 기록했고, NSE 니프티 50 지수는 0.98% 하락한 22,867을 기록했습니다.     RUPEE:  인도 루피화는 미국 달러 대비 0.3% 하락한 86.43으로, 주식 유출과 기업 헤지 가능성으로 인해 하락했습니다.     국채:  벤치마크 10년 만기 채권은 100.79루피에 호가되었으며, 중앙은행의 국채 매입으로 투자심리가개선되면서 수익률은 4베이시스포인트 하락한 6.6768%를 기록했습니다.     오버나이트 인덱스 스왑:  1년물 오버나이트지수 스왑 금리는 1bp 하락한 6.35%, 5년물 스왑 금리는 5bp 하락한 6.08%를 기록했습니다.     통화하기:  인도의 오버나이트 콜 머니 금리는 6.20%, 오버나이트 TREPS 금리는 6.54%였습니다.     (Reporting by Dharamraj Dhutia; Editing by Rashmi Aich)  Dharamraj.Dhutia@thomsonreuters.com     (c) Copyright Thomson Reuters 2020. Click For Restrictions - https://agency.reuters.com/en/copyright.html        Keywords: INDIA-MARKETS/SNAPSHOT   원문 바로가기    DISCLAIMER  레피니티브의 사전, 서면 승인 없는 톰슨로이터 콘텐츠의 재생산이나 재배포는 금지되어 있습니다. 이 기사의 한국어 번역은 에프앤가이드가 사용하는 기계적 번역에 의한 것으로 톰슨로이터와 레피니티브는 번역의 정확성을 보증하지 않습니다."
140,3,"2025-01-27","16:37:12","설 당일, 롯데·신세계·현대아웃렛 문 연다…백화점 일부 휴점","대구 시내 한 백화점 모습. (사진=뉴시스)     [뉴스토마토송정은 기자] 지난해 추석 연휴 기간 롯데와 신세계 아웃렛이 추석 당일 영업에 나섰는데요. 이번 설 연휴에는 현대아웃렛도 설 당일 문을 열기로 결정했습니다.     27일 업계에 따르면 신세계사이먼 프리미엄 아웃렛은 작년 추석에 이어 올해도 명절 당일에 영업에 나섭니다. 연휴 기간 동안 여주와 파주, 부산, 시흥, 제주등 5개 지점 모두 정상영업을 합니다. 영업시간은 낮 12시부터 밤 9시까지입니다. 단 신세계 스타필드는 29일 설 당일 낮 12시부터 오후 10시까지 단축 운영합니다.      현대프리미엄아웃렛김포점과 송도점, 스페이스원, 대전점 등 4개 점포가 설 연휴 기간 내내 문을 엽니다. 현대 아웃렛이 명절 당일 영업하는 것이 이번 설이 처음입니다. 영업시간은 낮 12시부터 밤 9시까지입니다. 단 현대시티아웃렛 4개점(동대문점·가산점·가든파이브·대구점)과 커넥트현대 부산은 29일 문을 닫습니다.     롯데아웃렛도 지난 추석에 이어 설 당일에 문을 엽니다. 롯데프리미엄아웃렛(김해점·동부산점·파주점·이천점·기흥점·의왕점) 6곳과 교외형 아웃렛(이시아폴리스점·부여점)이 연휴 내내 운영합니다. 영업시간은 낮 12시부터 오후 9시까지입니다.     백화점의 경우 신세계백화점 본점은 설 당일인 29일과 30일 휴점합니다. 하남점은 29일 하루만 쉽니다. 이외 신세계백화점의 11개점 점포는 28일과 설 당일인 29일에 영업을 하지 않습니다.     현대백화점은 10개점(무역센터점·중동점·판교점·더현대서울·울산점·충청점 등)이 28일과 29일 휴점하며, 5개점(압구정본점·디큐브시티·울산동구점 등)은 29일과 30일 문을 닫습니다.     롯데백화점29개점(본점·잠실점·인천점·동탄점·김포공항점 등)은 28일과 29일 영업하지 않습니다. 분당점·센텀시티점은 29일과 30일 휴점합니다.     송정은 기자 johnnysong@etomato.com [관련기사] · 위축된 소비 심리…지방 백화점 침체 가속 · 백화점도 제쳤다…편의점 '전성시대' [송정은 기자의 다른 뉴스] · 서울 빌라 전세 기피, 월세 선호 '확산' · 현대건설 새 수장 위기관리 '시험대' 올랐다 [이 시각 주요뉴스] · 트럼프, '보복 관세' 위협에…콜롬비아 '백기투항' · 부산 교육감 지지도, 김석준 '1위'…차정인·정승윤·박종필 등 뒤이어  -경제전문 멀티미디어 뉴스통신 뉴스토마토 저작권자(c) 뉴스토마토통신. 무단전재-재배포 금지-"
140,4,"2025-01-27","16:36:59","업데이트 1-영국 부츠 제조업체 닥터마틴의 매출 감소로 인한 수요 침체","UPDATE 1-UK bootmaker Dr Martens sales fall on subdued demand   1월 27일(로이터) - 영국 부츠 제조업체인 닥터마틴은 경제 불확실성으로 인해 소비자들이주요 시장에서 고가 제품을 구매하지 않으면서 3분기 매출이 3% 감소했다고 월요일에 발표했습니다.  가죽 부츠 가격이 200달러에 달하는 이 회사는 특히 미국에서의 비용 상승과 도매 수요 약세가 수개월 동안 수익에 부담을 주자 비용 절감 및 턴어라운드 계획의 일환으로 재고와 부채를 감축해 왔습니다.  ""우리는 계속해서 적극적으로 비용을 관리하고 있으며, 25 회계연도의 재고 감축 목표를 달성하기 위해순조롭게 진행되고 있습니다.""라고 새로 임명된 CEO 이제 은워코리는 성명에서 말했습니다.  영국 웰링버러에 본사를 둔 이 회사는 수요를 되살리기 위해 할인 등 마케팅에 적극적으로 투자하고 있습니다.  닥터마틴의 매출은 2억 6,000만 파운드(3억 2,360만 달러)로 2024 회계연도 3분기 2억 6,710만 파운드에서 감소했습니다.  하지만 2025 회계연도 가이던스는 그대로 유지했습니다.     (1 달러 = 0.8035파운드)     (Reporting by Raechel Thankam Job; Editing by Subhranshu Sahu)  RaechelThankam.Job@thomsonreuters.com     (c) Copyright Thomson Reuters 2020. Click For Restrictions - https://agency.reuters.com/en/copyright.html        Keywords: DR MARTENS PLC-OUTLOOK/ (UPDATE 1, PIX)   원문 바로가기    DISCLAIMER  레피니티브의 사전, 서면 승인 없는 톰슨로이터 콘텐츠의 재생산이나 재배포는 금지되어 있습니다. 이 기사의 한국어 번역은 에프앤가이드가 사용하는 기계적 번역에 의한 것으로 톰슨로이터와 레피니티브는번역의 정확성을 보증하지 않습니다."
140,5,"2025-01-27","16:36:44","BRIFF-NOS, 클라라넷 포르투갈 지분 100%를 1억 2,500만 유로에 인수하는 계약 체결","BRIEF-NOS Reaches Deal To Buy 100% Of Claranet Portugal For 152 Mln Euros  1월 27일 (로이터) - NOS SGPS SA :  클라라넷 그룹과 클라라넷 포르투갈 100% 인수 계약 체결   1억 2,500만 유로에 거래   원본 텍스트: https://tinyurl.com/yc5zd66t  Further company coverage:      (그단스크 뉴스룸)  gdansk.newsroom@thomsonreuters.com ; +48 58 769 66 00; ))        (c) Copyright Thomson Reuters 2020. Click For Restrictions - https://agency.reuters.com/en/copyright.html   원문 바로가기    DISCLAIMER  레피니티브의 사전, 서면 승인 없는 톰슨로이터 콘텐츠의 재생산이나 재배포는 금지되어 있습니다. 이 기사의 한국어 번역은 에프앤가이드가 사용하는 기계적 번역에 의한 것으로 톰슨로이터와 레피니티브는 번역의 정확성을 보증하지 않습니다."
140,6,"2025-01-27","16:36:35","“윤대통령 영장판사, 탄핵찬성 집회 참석” 주장…‘尹멘토’ 신평, 고발당한 이유는","윤석열 대통령 구속영장 발부 판사가 탄핵 찬성 집회에 참석했다고 주장한 신평 변호사에 대해 서울서부지법이 정보통신망법상 명예훼손 혐의로 마포경찰서에 고발했다고 27일 밝혔다. 서부지법은 “피고발인은 페이스북에게시글을 통해 피해 법관이 정치적으로 편향된 이념으로 인해 위법한 영장을 발부한 것처럼 공공연히 거짓을 드러내고 언론을 호도해 명예를심각하게 해쳤다”고 고발 이유를 설명했다. 윤석열 대통령 ‘멘토’로 불리는 신 변호사는 지난 23일 페이스북에 올린 글에서 윤 대통령에 대한 구속영장을 발부한 차은경 서부지법 부장판사가 탄핵 찬성 집회에 참석했다고 주장했다. 대법원은 이와 관련해 “확인 결과 명백히 사실과 다르다”며 “차 부장판사는 탄핵 찬성 집회에 전혀 참석한 사실이 없다”고 반박했다. 논란이 커지자 신 변호사는 “매일 탄핵 찬성 집회에 찬성했다는 부분은 차 판사와 동명이인이 한 일이라는 네티즌의 지적이 있어 글 내용에서 일단 뺀다”며 “만약 그 지적이 사실이라면 제 불찰을 사과한다”고 글을 수정했다.    [ⓒ 매일경제 & mk.co.kr, 무단 전재, 재배포 및 AI학습 이용 금지]"
140,7,"2025-01-27","16:36:28","[인사]방송통신심의위원회","◆방송통신심의위원회   ◇실·국장급  ▶통신심의국장 한명호  ▶권익보호국장 이승만  ▶정책연구센터장 박순화  ▶국제협력단장 직무대리김영진  ▶강원사무소장 장경식   ◇팀장급  ▶운영지원팀장 송우석   ◇전문위원  ▶디지털성범죄심의국 확산방지팀 전문위원 오인희  ▶정책연구센터 연구분석팀 전문위원 김영선     ● 주식으로 돈 벌까? 오늘의 운세로 확인  ● 무조건 오르는 비공개 종목 '반드시' 확인하기(무료 체험)  ● 텔레그램에만 있는 비밀정보? “사람들이 텔레그램이 몰리는 이유!”   [관련기사]  ☞ [포토] 창원공원 묘원에 조상님 뵈러 왔습니다  ☞ 민주당 광주시당, 설맞이 귀성객 ‘환영 인사’  ☞ [인사] 공정거래위원회  ☞ [인사] 행정안전부  ☞ 투자 성공의 핵심은 기업분석! 'CORE' 바로가기      김보경 기자 bkly477@asiae.co.kr   <ⓒ투자가를 위한 경제콘텐츠 플랫폼, 아시아경제(www.asiae.co.kr) 무단전재 배포금지>"
141,1,"2025-01-27","16:29:21","“故 오요안나, ‘직장 괴롭힘’ 피해 호소 담긴 유서 나와”","요요안나     [헤럴드경제=이명수 기자] 작년 9월 세상을 떠난 기상캐스터 오요안나(1996~2024)가 직장 내 괴롭힘을 당했다는 의혹이 제기됐다.  대구·경북지역 종합일간지 매일신문은 27일 “비밀번호가 풀린 오요안나 씨의 휴대전화에서 원고지 17장 분량 총 2750자의 유서가 발견됐다. 유서엔 특정 기상캐스터 2명에게 받은 직장 내 괴롭힘 피해를 호소하는 내용이 담겨 있었다”고 보도했다.   매일신문에 따르면, 2021년 5월 MBC 프리랜서 기상캐스터가 된 오요안나는 이듬해 3월부터 괴롭힘 대상이 됐다.   해당 매체는 “유서에 따르면 먼저 입사한 한 동료 기상캐스터는 오보를 내고 오 씨에게 뒤집어 씌우는가 하면 또 다른 선입사 동료는 오 씨가 틀린 기상 정보를 정정 요청하면 ‘후배가 감히 선배에게 지적한다’는 취지의 비난을 했다”고 전했다.   “오 씨 계정의 카카오톡 대화에선 한 기상캐스터가 같은 프리랜서인데도 오 씨를 ‘가르쳐야 한다’는 이유로 퇴근시간이 지난 뒤 회사로 호출하거나 1시간~1시간30분 이상 퇴근을 막은 정황이 나왔다”고도 했다.   또한 오요안나가 2022년 10월 tvN 예능 ‘유퀴즈 온 더 블럭’ 제작진으로부터 섭외 요청을 받자 한 기상캐스터는 그녀에게 “너 뭐 하는 거야?” 네가 유퀴즈 나가서 무슨 말 할 수 있어?“라고 하기도 했다.   이 외에도 ‘실력’ 등을 이유로 동료 기상캐스터들이 오랜 시간 오요안나를 비난해 온 메시지와 음성이 다량 발견됐다고 이 매체는 전했다.   그러면서 “오 씨가 남긴 녹음 파일과 카카오톡 대화에 따르면 오 씨는 사망 전 MBC 관계자 4명에게 자신의 피해 사실을 알렸다. 하지만 오씨가 사망한 뒤 별다른 문제 제기가 없어 MBC는 직장 내 괴롭힘 조사를 따로 하지 않았다”고 했다.   매일신문은 “주가해자로 지목된 기상캐스터 A씨는 여러 차례 전화와 문자 연락에도 답하지 않았다. 또 다른 가해자로 지목된 기상캐스터 B씨는 ‘우리 모두 힘든데 이렇게 전화를 하시는 게 맞는지 모르겠다. 조금 그렇다. 이야기를 듣고 싶으면 MBC에 연락하라’고 했다”고 덧붙였다.   MBC 관계자는 매일신문에 “아직 제대로 파악이 안 됐다. 저희가 잘못한 부분에 대해 시정해야 될 부분은 시정을 하고 비판도 달게 받겠다”고 전했다.   해당 보도와 관련 MBC는 아직 입장을 내지 않고 있다.   오요안나는 작년 9월 세상을 떠났다. 사망 원인은 알려지지 않았었다.   아이돌 연습생 출신인 그녀는 2019년 춘향선발대회에서 숙으로 당선됐다. 2021년 MBC 공채 기상캐스터로 뽑혔고, 평일·주말 뉴스 날씨를 맡았다. ‘유 퀴즈 온 더 블럭’에 출연해 시선을 끌었다.   ※ 우울감 등 말하기 어려운 고민이 있거나 주변에 이런 어려움을 겪는 가족·지인이 있을 경우 자살예방 상담전화 ☎109에서 24시간 전문가의 상담을 받을 수 있습니다."
141,2,"2025-01-27","16:29:15","""여보, 집값 폭락한다더니?""···서울 아파트값 2년 만에 고점 눈앞","서울 아파트 매매가격이지난해 반등세를 보이며 2021년 전고점 수준을 거의 회복한 것으로 나타났다.    27일 리얼투데이에 따르면 2023년 서울 아파트 3.3㎡당 평균 매매가격은 3861만3000원을 기록, 전년 대비 6.9% 상승했다. 이는 2021년 최고가(3885만5000원)의 99.4% 수준이다. 서울 아파트값은 2021년 정점을 찍은 후 2년 연속 하락세를 보였으나, 지난해 3월부터 40주 연속 상승하며 강한 회복세를 나타냈다.   수도권 아파트 매매가격도 전년 대비 4.5% 상승해 3.3㎡당 평균 2319만9000원을 기록했다. 다만 이는 2021년 고점(2515만4000원)의 92.2% 수준에 그쳤다.   반면 지방 아파트값은 4년 연속 하락세를 이어갔다. 지방 아파트 3.3㎡당 평균 매매가격은 932만6000원으로, 전년 대비 0.3% 하락했다.   업계는 서울 아파트값 상승을 '얼죽신' 현상에 따른 것으로 분석했다. 지난해 12월 기준 서울 5년 이하 신축 아파트 가격은 연초 대비 7.8% 상승했다.  /현혜선 기자 sunshine@sedaily.com  통장에 ""30만원"" 있다면 무료 지원금받아 ""반드시"" 수익난다!!>>>[무료체험]  ▶20년 연속 점유율 1위 하이스탁론  [급등주 大공개] 알고리즘 데이터 실시간 분석 ""급등"" 종목과 매수 타이밍까지! >>바로 확인   [ⓒ 서울경제, 무단 전재 및 재배포 금지]"
141,3,"2025-01-27","16:28:58","요약-록호퍼 익스플로레이션, 유나이티드 오일 앤 가스와 최종 잔금 정산을 위한 계약 체결","BRIEF-Rockhopper Exploration Enters Agreement With United Oil & Gas For Final Settlement Of Balance  1월 27일 (로이터) - Rockhopper Exploration PLC :  록호퍼 익스플로레이션: 이집트 아부 센난 광구를 유나이티드에 양도하는 것과 관련된 균형을 맞추기 위해 유나이티드 오일 앤 가스와 계약 체결   소스 텍스트: (  Further company coverage:      Reuters.Briefs@thomsonreuters.com        (c) Copyright Thomson Reuters 2020. Click For Restrictions - https://agency.reuters.com/en/copyright.html   원문 바로가기    DISCLAIMER  레피니티브의 사전, 서면 승인 없는 톰슨로이터 콘텐츠의 재생산이나 재배포는 금지되어 있습니다. 이 기사의한국어 번역은 에프앤가이드가 사용하는 기계적 번역에 의한 것으로 톰슨로이터와 레피니티브는 번역의 정확성을 보증하지 않습니다."
141,4,"2025-01-27","16:28:27","요약-코스테인, FY24 영업이익이 4,190만 Stg-4,330만 Stg 사이일 것으로 예상","BRIEF-Costain Sees FY24 Operating Profit Between 41.9 Mln Stg-43.3 Mln Stg  1월 27일 (로이터) - Costain Group PLC :  코스테인 그룹 PLC - 강력한 선도 작업 포지션으로 거래 업데이트   코스테인 그룹 PLC - 24 회계연도 영업이익 및 순현금은 시장 기대치에 부합할 것으로 예상됩니다.   코스테인 그룹 - 24 회계연도 영업이익은 ￡41.9백만에서 ￡43.3백만 사이로 예상됩니다.   소스 텍스트: (  Further company coverage:      Reuters.Briefs@thomsonreuters.com        (c) Copyright Thomson Reuters 2020. Click For Restrictions - https://agency.reuters.com/en/copyright.html   원문 바로가기    DISCLAIMER  레피니티브의 사전, 서면 승인 없는 톰슨로이터 콘텐츠의 재생산이나 재배포는 금지되어 있습니다. 이 기사의 한국어 번역은 에프앤가이드가 사용하는 기계적 번역에 의한 것으로 톰슨로이터와 레피니티브는 번역의 정확성을 보증하지 않습니다."
141,5,"2025-01-27","16:28:17","판테온 인터내셔널, 12월 31일 기준 사모펀드 자산이 25억 2,900만 STG라고 밝혔습니다.","BRIEF-Pantheon International Says Private Equity Assets Stood At 2,529 Mln STG At Dec 31  1월 27일 (로이터) - 판테온 인터내셔널 PLC :  12월 31일 기준, PIP의 사모펀드자산은 ￡2,529m입니다.   소스 텍스트: (  Further company coverage:      Reuters.Briefs@thomsonreuters.com        (c) Copyright Thomson Reuters 2020. Click For Restrictions - https://agency.reuters.com/en/copyright.html   원문 바로가기    DISCLAIMER  레피니티브의 사전, 서면 승인 없는 톰슨로이터 콘텐츠의 재생산이나 재배포는 금지되어 있습니다. 이 기사의 한국어 번역은 에프앤가이드가 사용하는 기계적 번역에 의한 것으로 톰슨로이터와 레피니티브는 번역의정확성을 보증하지 않습니다."
141,6,"2025-01-27","16:27:31","업데이트 1-우크라이나 공군, 밤새 발사 된 러시아 드론 57 대 격추, 인프라 타격","UPDATE 1-Ukraine's air force says it downed 57 Russian drones launched overnight, infrastructure hit   키예프, 1월 27일 (로이터) - 우크라이나 공군은러시아가 밤새 발사한 드론 104대 중 57대를 격추했다고 월요일에 밝혔으며, 관리들은 여러 지역에서 인프라가 타격을 입었다고 말했습니다.  공군은 우크라이나가 러시아 드론의 방향을 바꾸기 위해 전자전을 사용한 것과 관련하여 39대의 드론이 ""분실""되었다고 밝혔습니다.  군은 드니프로페트로프스크, 수미, 이바노-프랑키프스크, 키예프 지역이 이번 공격의 영향을 받았다고 밝혔습니다.  ""인프라 시설과 아파트, 개인 주택이 피해를 입었습니다. 인명 피해는 없다는 예비 보고가 있습니다.""라고 텔레그램 메신저를 통해 밝혔습니다.  수미, 이바노-프랑키브스크, 드니프로페트로프스크 지역의 주지사는 드론이 '중요 인프라'를 공격했다고 확인했지만 더 이상의 자세한 내용은 밝히지 않았습니다.     (Reporting by Pavel Polityuk; Editing by Toby Chopra)  pavel.polityuk@tr.com ; +380 44 2449150; ))     (c) Copyright Thomson Reuters 2020. Click For Restrictions - https://agency.reuters.com/en/copyright.html        Keywords: UKRAINE-CRISIS/DRONES (UPDATE 1)   원문 바로가기    DISCLAIMER  레피니티브의 사전, 서면 승인 없는 톰슨로이터 콘텐츠의 재생산이나 재배포는 금지되어 있습니다. 이 기사의 한국어 번역은 에프앤가이드가 사용하는 기계적 번역에 의한 것으로 톰슨로이터와 레피니티브는 번역의 정확성을보증하지 않습니다."
141,7,"2025-01-27","16:26:10","요약-파델 파트너스, 25 회계연도에 ARR 성장률 증가 달성 기대","BRIEF-Fadel Partners Expects To Achieve Increase In ARR Growth in FY25  1월 27일 (로이터) - Fadel Partners Inc :  파델 파트너 FY 정기 수익 990만 달러   파델 파트너스 - FY25, 지속적인 배열 성장률 증가 예상   파델 파트너스, FY25에서 LBITDA가 크게 개선되었습니다.   소스 텍스트: (  Further company coverage:      Reuters.Briefs@thomsonreuters.com        (c) Copyright Thomson Reuters 2020. Click For Restrictions - https://agency.reuters.com/en/copyright.html   원문 바로가기    DISCLAIMER  레피니티브의 사전, 서면 승인 없는 톰슨로이터 콘텐츠의 재생산이나 재배포는 금지되어 있습니다. 이 기사의한국어 번역은 에프앤가이드가 사용하는 기계적 번역에 의한 것으로 톰슨로이터와 레피니티브는 번역의 정확성을 보증하지 않습니다."
142,1,"2025-01-27","16:16:33","요약-존슨 매티, FY2025/26에 현금 전환율이 50%로 증가할 것으로 전망","BRIEF-Johnson Matthey Sees Cash Conversion To Increase To 50% In FY2025/26  1월 27일 (로이터) - Johnson Matthey PLC :  가치 창출을 위한 전략적 목표 달성   이사회는 2025/26 회계연도에 현금 전환이 50%로 증가할 것으로 예상합니다.   2026/27 회계연도까지 3년간 최대 0.9억파운드까지 자본 지출 감소   수소 기술에 대한 추가 성장 자본 투자 없음   이사회는 표준 투자 서한을 검토하고 주주와 소통합니다.   누적 절감액 1억5천5백만 파운드 달성, 2024/25 회계연도까지 2억 파운드 달성을 목표로 순조롭게 진행되고있습니다.   2025/26 회계연도부터 수소 기술 자본 투자를 연간 500만 파운드 이하의 유지보수 수준으로 축소할 계획입니다.   그룹의 임원 보수 체계 검토   이사회는 절대 주가를 개선하고 주주에게 더 많은 수익을 제공할 필요성을 인식합니다.   소스 텍스트: (  Further company coverage:      Reuters.Briefs@thomsonreuters.com        (c) Copyright Thomson Reuters 2020. Click For Restrictions - https://agency.reuters.com/en/copyright.html   원문 바로가기    DISCLAIMER  레피니티브의 사전, 서면 승인 없는 톰슨로이터 콘텐츠의 재생산이나 재배포는 금지되어 있습니다. 이 기사의 한국어 번역은 에프앤가이드가 사용하는 기계적 번역에 의한 것으로 톰슨로이터와 레피니티브는 번역의 정확성을 보증하지 않습니다."
142,2,"2025-01-27","16:15:58","상하이증시 0.06% 하락 마감…선전 1.30%↓","상하이증시 0.06% 하락 마감…선전 1.30%↓  (끝)  <저작권자 (c) 연합인포맥스, 무단전재 및 재배포 금지, AI 학습 및 활용 금지>"
142,3,"2025-01-27","16:15:56","서울서부지법, ‘尹 영장판사 탄핵집회 참석 주장’ 신평 고발","마포경찰서에 고발장 접수 신평 “차은경 부장판사, 탄핵 찬성 집회에 참석” 주장     20일 오전 서울 마포구 서울서부지방법원 간판이 폭동으로 인해 파손되어 있다. 임세준 기자.     [헤럴드경제=김도윤 기자] 27일 서울서부지방법원은 정보통신망법상 명예훼손 혐의로 신평 변호사를 마포경찰서에 고발했다고 밝혔다.   서부지법은 “피고발인은 페이스북에 게시글을 통해 피해 법관이 정치적으로 편향된 이념으로 인해 위법한 영장을 발부한 것처럼 공공연히 거짓을 드러내고 언론을 호도해 명예를 심각하게 해쳤다”고 고발 이유를 설명했다.   윤석열 대통령 ‘멘토’로 꼽혔던 신 변호사는 지난 23일 페이스북에 올린 글에서 윤 대통령에 대한 구속영장을 발부한 차은경 서부지법 부장판사가 탄핵 찬성 집회에 참석했다고 주장했다.이와 관련 대법원도 “확인 결과 명백히 사실과 다르다”며 “차 부장판사는 탄핵 찬성 집회에 전혀 참석한 사실이 없다”고 반박한 바 있다.   논란이 커지자 신 변호사는 “매일 탄핵 찬성 집회에 찬성했다는 부분은 차 판사와 동명이인이 한 일이라는 네티즌의 지적이 있어 글 내용에서 일단 뺀다”며 “만약 그 지적이 사실이라면 제 불찰을 사과한다”고 글을 수정했다."
142,4,"2025-01-27","16:15:31","폴란드 탄광에서 발생한 지진으로 광부 여러 명이 부상당했습니다.","Tremor in Polish coal mine injures several miners  바르샤바, 1월 27일 (로이터) - 월요일 아침 폴란드 남부 라들린에 있는 폴란드 광산 그룹 PGG의 마르셀 탄광에서 지하 지진이 발생했다고 국영 PAP 통신이 보도했습니다.  PAP가 인용한 광산 관계자에 따르면 지진 발생 지역에는 29명이 있었고 6~7명이 다친 것으로 추정되며 철수 작업이 진행 중이라고 합니다.        (Reporting by Karol Badohal Editing by David Goodman   karl.badohal@thomsonreuters.com     (c) Copyright Thomson Reuters 2020. Click For Restrictions - https://agency.reuters.com/en/copyright.html        Keywords: POLAND-MINE/TREMOR   원문 바로가기    DISCLAIMER  레피니티브의 사전, 서면 승인 없는 톰슨로이터 콘텐츠의 재생산이나 재배포는 금지되어 있습니다. 이 기사의 한국어 번역은 에프앤가이드가 사용하는 기계적 번역에 의한 것으로 톰슨로이터와 레피니티브는 번역의 정확성을 보증하지 않습니다."
142,5,"2025-01-27","16:15:29","업데이트 1-후지 미디어, 성추행 의혹에 휩싸인 회장, TV 수장 물러나겠다고 밝혀","UPDATE 1-Fuji Media, rocked by sexual misconduct allegations, says chairman, TV head to step down    도쿄, 1월 27일 (로이터) - 일본 후지 미디어는 월요일에 카노 슈지 회장과 미나토 코이치 TV 부문 대표가 자사 임원 중 한 명이 주최한 행사에서 성추행 혐의를 조사하는과정에서 사임할 것이라고 밝혔다.  후지TV는 지난 12월부터 일본 잡지들이 방송사 경영진이 주선한 행사에서 성추행을 했다는 의혹을제기한 TV 진행자이자 전 보이밴드 SMAP의 리더인 나카이 마사히로를 고발하면서 스캔들에 휘말려 왔습니다.  이 보도와 후지 측의 무능한 대처에 대한 분노로 인해 광고주들이 이탈하고 행동주의 주주들이 경영진 교체를 요구하고 있습니다.  또한 다양한 분야의 성추행 스캔들이 일본을 뒤흔들고 있는 가운데 일본 연예계에서 여성에 대한 착취가 만연할 수 있다는 우려도 제기되고 있습니다.  올해 52세인나카이는 팬 웹사이트에 물의를 일으킨 것에 대해 사과하고 연예계 은퇴를 선언했습니다. 또한 상대방과 합의한 사실은 인정했지만 의혹에 대해서는 직접 언급하지 않았습니다. 나카이는 로이터의 논평 요청에 응답하지 않았습니다.        (Reporting by Satoshi Sugiyama and Rocky Swift; Editing by Edwina Gibbs)  rocky.swift@thomsonreuters.com     (c) Copyright Thomson Reuters 2020. Click For Restrictions - https://agency.reuters.com/en/copyright.html        Keywords: JAPAN-FUJIMEDIA/SCANDAL (UPDATE 1, PIX, TV)   원문 바로가기    DISCLAIMER  레피니티브의 사전, 서면 승인 없는 톰슨로이터 콘텐츠의 재생산이나 재배포는 금지되어 있습니다. 이 기사의 한국어 번역은 에프앤가이드가 사용하는 기계적 번역에 의한 것으로 톰슨로이터와 레피니티브는 번역의 정확성을 보증하지 않습니다."
142,6,"2025-01-27","16:15:28","요약-레드센트릭, CFO가 물러나겠다고 말하다","BRIEF-Redcentric Says CFO To Step Down  1월27일 (로이터) - 레드센트릭 PLC :  레드센트릭 PLC - 보드 변경   REDCENTRIC PLC - 데이비드 시니어, 레드센트릭의CFO 겸 전무 이사직에서 물러나다   소스 텍스트: (  Further company coverage:      Reuters.Briefs@thomsonreuters.com        (c) Copyright Thomson Reuters 2020. Click For Restrictions - https://agency.reuters.com/en/copyright.html   원문 바로가기    DISCLAIMER  레피니티브의 사전, 서면 승인 없는 톰슨로이터 콘텐츠의 재생산이나 재배포는 금지되어 있습니다. 이 기사의 한국어 번역은 에프앤가이드가 사용하는 기계적 번역에 의한 것으로 톰슨로이터와 레피니티브는 번역의 정확성을 보증하지 않습니다."
142,7,"2025-01-27","16:15:27","개요-지넬 에너지, 2024년 영업 이익 평균 생산량 19,650Bopd 기록","BRIEF-Genel Energy Posts 2024 Working Interest Average Production Of 19,650 Bopd  1월 27일 (로이터) - Genel Energy PLC :  제넬 에너지: 2024년 작업 이자 평균 생산량 19,650 BOPD   제넬: 총 부채가 연초 2억 4,800만 달러에서 현재 6,600만 달러로 감소했습니다.   제넬: 이라크 예산법 개정 논의에 주목하라: 수출 재개에 따른 KRG의 IOC 지급을 위한 기금 마련을 위한 프레임워크를 제공하게 될 것이다.   소스 텍스트: (  Further company coverage:      Reuters.Briefs@thomsonreuters.com        (c) Copyright Thomson Reuters 2020. Click For Restrictions - https://agency.reuters.com/en/copyright.html   원문 바로가기    DISCLAIMER  레피니티브의 사전, 서면 승인 없는 톰슨로이터 콘텐츠의 재생산이나 재배포는 금지되어 있습니다. 이 기사의 한국어번역은 에프앤가이드가 사용하는 기계적 번역에 의한 것으로 톰슨로이터와 레피니티브는 번역의 정확성을 보증하지 않습니다."
143,1,"2025-01-27","16:10:29","브리프-엘렌, 크로난스 아포텍을 통해 친밀한 케어 제품 유통 확대","BRIEF-Ellen Expands Distribution Of Intimate Care Products Via Kronans Apotek  1월 27일 (로이터) - Ellen AB :  크로난스 아포텍, 친밀한 케어 제품 유통 확대   소스 텍스트: (  Further company coverage:      (그단스크 뉴스룸)  gdansk.newsroom@thomsonreuters.com ; +48 58 769 66 00; ))        (c) Copyright Thomson Reuters 2020. Click For Restrictions - https://agency.reuters.com/en/copyright.html   원문 바로가기    DISCLAIMER  레피니티브의 사전, 서면 승인 없는톰슨로이터 콘텐츠의 재생산이나 재배포는 금지되어 있습니다. 이 기사의 한국어 번역은 에프앤가이드가 사용하는 기계적 번역에 의한 것으로 톰슨로이터와 레피니티브는 번역의 정확성을 보증하지 않습니다."
143,2,"2025-01-27","16:10:28","우크라이나 공군은 밤새 발사 된 러시아 드론 57 대를 격추했다고 밝혔습니다.","Ukraine's air force says it downed 57 Russian drones launched overnight  키예프, 1월 27일 (로이터) - 우크라이나 공군은 러시아가 밤새 발사한 드론 104대 중 57대를 격추했다고 월요일 공군이 밝혔다.  우크라이나가 러시아 드론의 방향을 바꾸기 위해 전자전을 사용한 것과 관련하여 39대의 드론이 ""분실""되었다고 밝혔습니다.     (Reporting by Pavel Polityuk; Editing by Toby Chopra)  pavel.polityuk@tr.com ; +380 44 2449150; ))     (c) Copyright Thomson Reuters 2020. Click For Restrictions - https://agency.reuters.com/en/copyright.html        Keywords: UKRAINE-CRISIS/DRONES (URGENT)   원문 바로가기    DISCLAIMER  레피니티브의 사전, 서면 승인 없는 톰슨로이터 콘텐츠의 재생산이나 재배포는 금지되어 있습니다. 이 기사의 한국어 번역은 에프앤가이드가 사용하는 기계적 번역에 의한 것으로 톰슨로이터와 레피니티브는 번역의 정확성을 보증하지 않습니다."
143,3,"2025-01-27","16:09:55","영국 부츠 제조업체 닥터마틴, 수요 부진으로 매출 감소","UK bootmaker Dr Martens sales fall on subdued demand  1월 27일(로이터) - 영국 부츠 제조업체인 닥터마틴은 주요 시장의 경제 불확실성으로 인해 소비자들이 고가 제품을 구매하지 않으면서 3분기 매출이 3% 감소했다고 월요일에 발표했습니다.  2024 회계연도 3분기에는 2억 6,000만 파운드(3억 2,362만 달러)의 매출을기록했는데, 이는 회계연도 3분기 2억 6,710만 파운드에서 감소한 수치입니다.     (1달러 = 0.8034파운드)     (Reporting by Raechel Thankam Job; Editing by Subhranshu Sahu)  RaechelThankam.Job@thomsonreuters.com     (c) Copyright Thomson Reuters 2020. Click For Restrictions - https://agency.reuters.com/en/copyright.html        Keywords: DR MARTENS PLC-OUTLOOK/ (URGENT, PIX)   원문 바로가기    DISCLAIMER  레피니티브의 사전, 서면 승인 없는 톰슨로이터 콘텐츠의 재생산이나 재배포는 금지되어 있습니다. 이 기사의 한국어 번역은 에프앤가이드가 사용하는 기계적 번역에 의한 것으로 톰슨로이터와 레피니티브는 번역의 정확성을 보증하지 않습니다."
143,4,"2025-01-27","16:09:45","범인도 윤활유 유통을 위한 요약-배송 및 HPCL 파트너","BRIEF-Delhivery And HPCL Partners For Pan-India Lubricant Distribution  1월 27일 (로이터) - Delhivery Ltd :  델리버리 - HPCL, 인도 전역 윤활유 유통을 위해 델리버리와파트너십 체결   소스 텍스트: ID: nnAPN2L1SVU  Further company coverage:      Reuters.Briefs@thomsonreuters.com        (c) Copyright Thomson Reuters 2020. Click For Restrictions - https://agency.reuters.com/en/copyright.html   원문 바로가기    DISCLAIMER  레피니티브의 사전, 서면 승인 없는 톰슨로이터 콘텐츠의 재생산이나 재배포는 금지되어 있습니다. 이 기사의 한국어 번역은 에프앤가이드가 사용하는 기계적 번역에 의한 것으로 톰슨로이터와 레피니티브는 번역의 정확성을 보증하지 않습니다."
143,5,"2025-01-27","16:09:43","요약-러시아 소매업체 X5의 4분기 매출, 전년 동기 대비 22.3% 증가","BRIEF-Russian retailer X5's sales up 22.3% y/y in Q4  1월 27일(로이터) - 러시아 최대 소매업체 X5 리테일 그룹 :  4분기 순 소매 매출은 전년 동기 대비 22.3% 증가한 1조1천억 루블(111억8천만 달러)을 기록했습니다.   4분기 유사 유사 매출은 전년 동기 대비 14% 증가했습니다;   개발프로그램은 하드 디스카운터 소매 형식의 공격적인 확장에 초점을 맞추고 있다고 CEO 이고르 셰크터만은 말합니다.   셰크터만은 시장에서 심각한 노동력 부족이 지속되고 있으며 중기적으로 상황이 크게 개선될 것으로 기대하지 않는다고 말합니다.   Further company coverage:      (1달러 = 98.4000루블)     (Reporting by Moscow Newsroom)  moscow.newsroom@thomsonreuters.com        (c) Copyright Thomson Reuters 2020. Click For Restrictions - https://agency.reuters.com/en/copyright.html   원문 바로가기    DISCLAIMER  레피니티브의 사전, 서면 승인 없는 톰슨로이터 콘텐츠의 재생산이나 재배포는 금지되어 있습니다. 이 기사의 한국어 번역은 에프앤가이드가 사용하는 기계적 번역에 의한 것으로 톰슨로이터와 레피니티브는 번역의 정확성을 보증하지 않습니다."
143,6,"2025-01-27","16:09:24","중국 딥시크릿, 인공지능 시장 공략을 시작하다","China's DeepSeek sets off AI market rout  싱가포르, 1월 27일(로이터) - 중국 할인 인공지능 모델의 인기가 급증하면서 AI의 수익성에 대한 투자자들의 믿음과 하이테크 칩에 대한 업계의 열렬한 수요가 흔들리자 월요일 나스닥 선물이 하락하고 일본 기술주 주가도 하락했습니다.  아시아 오후까지 나스닥 100 선물은 2.4%, S&P 500 선물은 2.4% 하락했고, 도쿄에서 엔비디아 공급업체 어드밴테스트의 주가는 8.5% 하락했습니다.  스타트업 딥시크는 더 저렴한 칩과 더 적은 데이터를 사용하는 무료 어시스턴트를 출시하여, AI가 칩 제조업체에서 데이터 센터에 이르는 공급망을 따라 수요를 주도할것이라는 금융 시장의 광범위한 베팅에 도전하는 것처럼 보입니다.  메이뱅크의 주식 판매 트레이딩 책임자인 웡 콕 훙은 ""혼잡한 거래의 경우, 이제 딥시크가 투자자와 트레이더가 긴장을 풀 수 있는 이유를 제공하고 있습니다.""라고 말했습니다.   AI에 중점을 둔 스타트업 투자사인 소프트뱅크 그룹은 8% 이상 하락하며 9월 30일 이후 하루 최대 낙폭을 기록했습니다. 지난주에는 OpenAI와 데이터 센터 합작 투자사인 , 에 자금을 지원한다고 발표했습니다.   칩 제조 장비 업체인 도쿄 일렉트론은 5% 하락했습니다.  대만과 한국의 기술 중심 시장이 폐쇄되었습니다.   유럽 기술주, 특히 대만의 TSMC, 인텔, 삼성 등을 고객으로 두고 있는 네덜란드 컴퓨터 칩 장비제조업체 ASML은 개장 시 압박을 받을 가능성이 높습니다.  AI의 대표주자인 엔비디아의 주가는 2024년 초 이후 196% 상승하여 나스닥의 35% 상승률을 능가했습니다.     해당 자본 투자  항저우의 작은 스타트업인 딥시크에 대해서는 알려진 바가 거의 없지만, 월요일 미국 애플 앱스토어에서 최고 등급의 무료 애플리케이션이 된 이 앱의 어시스턴트입니다.  딥시크 연구원들은 1월 10일에 출시된 딥시크-V3 모델에 엔비디아의 H800 칩을 사용해 600만 달러 미만의 비용을 들였다고 지난 달 논문을 통해 밝혔습니다.  H800 칩은최고급 칩이 아닙니다. 처음에는 중국으로의 판매 제한을 피하기 위해 기능을 줄인 제품으로 개발되었지만 이후 미국의 제재로 인해 판매가금지되었습니다.  월요일에는 칩 외에도 데이터 센터와 관련 기업들도 타격을 입었는데, 말레이시아의 유틸리티 대기업인 YTL Power는쿠알라룸푸르에서 7% 하락하여 두 달 만에 최저치를 기록했습니다.   ""시장은 주요 기술 기업의 자본 지출에 의문을 제기하고 있습니다.""라고 싱가포르의 Vantage Point 자산 관리의 최고 투자 책임자인 Nick Ferres는 포지셔닝이 혼잡해졌다고 지적했습니다.  아직까지딥시크의 개발 과정과 딥시크가 사용하는 하드웨어에 대해 자세히 알려진 바는 많지 않습니다.   스미토모 미쓰이 DS 자산운용의 수석시장 전략가인 마사히로 이치카와는 ""Nvida나 ChatGPT와 같은 미국의 최첨단 기술이 전 세계적으로 가장 우수하다는 생각은 이제 바뀌기 시작할지도 모른다는 우려가 있습니다.""라고 말합니다. ""아직은 시기상조라고 생각합니다.""  중국의 시장 반응도 엇갈렸는데, AI 주가를 나타내는 CSI300 지수는 2.2% 하락했지만 빅데이터 주가는 4% 상승했습니다.        (Reporting by Tom Westbrook and Ankur Banerjee in Singapore. Editing by Gerry Doyle)  tom.westbrook@tr.com ; +65 6973 8284; ))     (c) Copyright Thomson Reuters 2020. Click For Restrictions - https://agency.reuters.com/en/copyright.html        Keywords: DEEPSEEK-MARKETS/   원문 바로가기    DISCLAIMER  레피니티브의 사전, 서면 승인 없는 톰슨로이터 콘텐츠의 재생산이나 재배포는 금지되어 있습니다. 이 기사의 한국어 번역은 에프앤가이드가 사용하는 기계적 번역에 의한 것으로 톰슨로이터와 레피니티브는 번역의 정확성을 보증하지 않습니다."
143,7,"2025-01-27","16:09:24","유럽 연구 조사-크레딧액세스 그라민, 일반, 법률 및 일반","EUROPE RESEARCH ROUNDUP-Creditaccess Grameen, Generali, Legal & General  1월 27일(로이터) - 증권 애널리스트들은 월요일에 크레딧액세스 그라민, 제너럴리, 리걸 앤 제너럴 등 여러유럽 기업의 신용등급과 목표 주가를 상향 조정했습니다.  하이라이트    * 크레딧액세스 그라민 : HSBC, 목표 주가를 1070루피에서 810루피로 인하 - -.   * Energean Plc : Berenberg, 목표 주가를 1045p에서 940p로 인하 -.   * 일반 : HSBC, 매수에서 보류로 하향 - -.   * 법률 및 일반 : HSBC가 보류에서 매수로 상향 조정합니다.   * 모건 스탠리, 비중확대 대 동일 비중으로 상향 조정 - LVMH   다음은 월요일 로이터 통신이 보도한 유럽 기업에 대한 리서치 동향을 요약한 것입니다. 종목은 알파벳 순으로 나열되어 있습니다.       * AB 식품 : 씨티그룹, 목표주가를 1770p에서 1730p로 인하 - -.   * Arcelik : HSBC, 목표 주가를 170 TRY에서 150 TRY로 인하 -.   * 아스미 : 모건 스탠리, 목표 주가를 650유로에서 700유로로 상향 -.   * 아비바 : HSBC : 목표 주가를 555p에서 565p로 상향 조정 -.   * 베시 : 모건 스탠리, 목표 주가를 150유로에서 160유로로 인상 - -   * 버버리 : JP모건, 목표주가를 650p에서 775p로 상향 - -.   * 크레딧액세스 그라민 : HSBC, 목표 주가를 1070루피에서 810루피로 인하 - -.   * 다임러 트럭 홀딩 AG: 씨티그룹이 PT를 44유로에서 48유로로 인상 - -.   * Energean Plc : Berenberg, 목표 주가를 1045p에서 940p로 인하 -.   * EQT : JP Morgan, 목표 주가를 SEK 394에서 SEK 425로 인상 - -   * 에릭슨 : 씨티그룹, 목표 주가를 84유로에서 90유로로 상향 조정 -.   * 진화 : 씨티그룹, 목표 주가를 1570 SEK에서 1585 SEK로 상향 - -   * 일반 : HSBC, 매수에서 보류로 하향 - -.   * 일반 : HSBC, 목표 주가를 30 유로에서 30.5 유로로 인상 - -   * Givaudan SA : JP Morgan, 중립에서 비중확대로 상향 조정, PT를 CHF 4,200에서 CHF 4,400으로상향 -   * 법률 및 일반 : HSBC, 목표 주가를 250p에서 265p로 상향 - -   * 법률 및 일반 : HSBC가 보류에서 매수로 상향 조정합니다.   * 레그랑 : 제프리, 투자의견 보류에서 시장수익률 하회로 하향, 목표주가를 103유로에서 86유로로 인하 - -   * 모건 스탠리, 목표 주가를 630유로에서 820유로로 상향 조정 - LVMH   모건 스탠리, 동일 비중에서 비중확대 - * LVMH : 모건 스탠리, 동일 비중에서 비중확대로 상향 -   * 모건 스탠리, 비중확대 대 동일 비중으로 상향 조정 - LVMH   * Mondi : 씨티그룹, 목표주가를 1650p에서 1600p로하향 조정 - -.   * 그리스 국립은행 : HSBC, 매수에서 보류로 하향 조정 -.   * 그리스 국립은행 : HSBC, 목표 주가를 9.1 유로에서 9.9 유로로 상향 조정 -.   * 네메첵 SE : 골드만 삭스, 목표 주가를 105 유로에서 135 유로로 상향 -.   * Nemetschek SE : 골드만 삭스, 중립에서 매수로 상향 -.   *피닉스 : HSBC, 목표주가를 650p에서 655p로 상향 -.   * Saga Plc : Peel Hunt, 목표 주가를 130p에서 120p로 인하 -.   * 세이지 그룹 : HSBC, 목표 주가를 1465p에서 1490p로 상향 -.   * 베수비오 : JP Morgan, 목표 주가를 445p에서 435p로 인하 -.   * 취리히 보험 그룹 : HSBC, 목표 주가를 CHF 556에서 CHF 560으로 인상 - -      (벵갈루루 뉴스룸에서 편집)  Diaries@thomsonreuters.com     (c) Copyright Thomson Reuters 2020. Click For Restrictions - https://agency.reuters.com/en/copyright.html        Keywords: RESEARCH-EUROPE/   원문 바로가기    DISCLAIMER  레피니티브의 사전, 서면 승인 없는 톰슨로이터 콘텐츠의 재생산이나 재배포는 금지되어 있습니다. 이 기사의 한국어 번역은 에프앤가이드가 사용하는 기계적 번역에 의한 것으로 톰슨로이터와 레피니티브는 번역의 정확성을 보증하지 않습니다."
144,1,"2025-01-27","16:01:35","브리프-닛토 덴코, 주식 4.84억엔어치 매입: 800억 엔 상당의 주식 최대 4.84% 매입 예정","BRIEF-Nitto Denko Corp: To Buy Back Up To 4.84% Of Shares Worth 80 Billion Yen  1월 27일(로이터) - Nitto Denko Corp :  니토 덴코 - 800억 엔 상당의 주식 4.84%까지 매입예정   소스 텍스트: (  Further company coverage:            (c) Copyright Thomson Reuters 2020. Click For Restrictions - https://agency.reuters.com/en/copyright.html   원문 바로가기    DISCLAIMER  레피니티브의 사전, 서면 승인 없는 톰슨로이터 콘텐츠의 재생산이나 재배포는 금지되어 있습니다. 이 기사의 한국어 번역은 에프앤가이드가 사용하는 기계적 번역에 의한 것으로 톰슨로이터와 레피니티브는 번역의 정확성을 보증하지 않습니다."
144,2,"2025-01-27","16:01:34","서부지법, '尹 영장판사 탄핵집회 참석 주장' 신평 고발","서부지법, '尹 영장판사 탄핵집회 참석 주장' 신평 고발       (서울=연합뉴스) 홍준석 기자 = 서울서부지법은 27일 정보통신망법상 명예훼손 혐의로 신평 변호사를 마포경찰서에 고발했다고 밝혔다.    서부지법은 ""피고발인은 페이스북에 게시글을 통해 피해 법관이 정치적으로 편향된 이념으로 인해 위법한 영장을 발부한 것처럼 공공연히 거짓을 드러내고 언론을 호도해 명예를 심각하게 해쳤다""고 고발 이유를 설명했다.      윤석열 대통령 '멘토'로 꼽혔던 신 변호사는 지난 23일 페이스북에 올린 글에서 윤 대통령에 대한 구속영장을 발부한 차은경 서부지법 부장판사가 탄핵 찬성 집회에 참석했다고 주장했다.      이와 관련 대법원도 ""확인 결과 명백히 사실과 다르다""며 ""차 부장판사는 탄핵 찬성 집회에 전혀 참석한 사실이 없다""고 반박한 바 있다.      논란이 커지자 신 변호사는 ""매일 탄핵 찬성 집회에 찬성했다는 부분은 차 판사와 동명이인이 한 일이라는 네티즌의 지적이 있어 글 내용에서 일단 뺀다""며 ""만약 그 지적이 사실이라면 제 불찰을 사과한다""고 글을 수정했다.      honk0216@yna.co.kr  (끝)      <저작권자(c) 연합뉴스, 무단 전재-재배포, AI 학습 및 활용 금지>"
144,3,"2025-01-27","16:00:51","요약-브레이브 바이슨 회계연도 조정 세전 이익 390만 파운드","BRIEF-Brave Bison FY Adjusted Pretax Profit GBP 3.9 Million  1월 27일(로이터) - Brave Bison의 회계연도 조정 EBITDA가 450만 파운드에 달했습니다. 회계연도 수익 2,130만 파운드        (c) Copyright Thomson Reuters 2020. Click For Restrictions - https://agency.reuters.com/en/copyright.html   원문 바로가기    DISCLAIMER  레피니티브의 사전, 서면 승인 없는 톰슨로이터 콘텐츠의 재생산이나 재배포는 금지되어 있습니다. 이 기사의 한국어 번역은 에프앤가이드가 사용하는 기계적 번역에 의한 것으로 톰슨로이터와 레피니티브는 번역의 정확성을 보증하지 않습니다."
144,4,"2025-01-27","16:00:49","개요-코랄 제품 H1 조정 EBIT 157천 파운드","BRIEF-Coral Products H1 Adjusted EBIT GBP 157 Thousand  1월 27일(로이터) - 산호 제품 상반기 총이익 480만 파운드. 상반기 매출 1,580만 파운드        (c) Copyright Thomson Reuters 2020. Click For Restrictions - https://agency.reuters.com/en/copyright.html   원문 바로가기    DISCLAIMER  레피니티브의사전, 서면 승인 없는 톰슨로이터 콘텐츠의 재생산이나 재배포는 금지되어 있습니다. 이 기사의 한국어 번역은 에프앤가이드가 사용하는 기계적 번역에 의한 것으로 톰슨로이터와 레피니티브는 번역의 정확성을 보증하지 않습니다."
144,5,"2025-01-27","16:00:47","요약-주4분기 영업 이익 SEK 98백만","BRIEF-Note Q4 Operating Profit SEK 98 Million  1월 27일(로이터) - 참고 4분기 매출 SEK 1,025백만. 4분기 영업 이익률 9.5% 4분기 EPS SEK 2.55 4분기 순이익 SEK 7,300만        (c) Copyright Thomson Reuters 2020. Click For Restrictions - https://agency.reuters.com/en/copyright.html   원문 바로가기    DISCLAIMER  레피니티브의 사전, 서면 승인 없는 톰슨로이터 콘텐츠의 재생산이나 재배포는 금지되어 있습니다. 이 기사의 한국어 번역은 에프앤가이드가 사용하는 기계적 번역에 의한 것으로 톰슨로이터와 레피니티브는 번역의 정확성을 보증하지 않습니다."
144,6,"2025-01-27","16:00:42","터키 1월 제조업 신뢰지수가 100.9 포인트로 상승 - RTRS","Turkish Jan manufacturing confidence rise to 100.9 points - RTRS  이스탄불, 1월 27일 (로이터) - 터키 제조업체들의 기업 신뢰지수가 1월 100.9 포인트로 12월의 99.1 포인트에 비해 상승했다고 중앙은행 데이터에 따르면 월요일에 나타났습니다.     지수가 100점 이상이면 낙관적임을 의미하고 100점 미만이면 비관적임을 나타냅니다.     ((Reporting by Istanbul newsroom; +90 212 350 7000))   원문 바로가기    DISCLAIMER  레피니티브의 사전, 서면 승인 없는 톰슨로이터 콘텐츠의 재생산이나 재배포는 금지되어 있습니다. 이 기사의 한국어 번역은 에프앤가이드가 사용하는 기계적 번역에 의한 것으로 톰슨로이터와 레피니티브는 번역의 정확성을보증하지 않습니다."
144,7,"2025-01-27","16:00:14","표-가와세 컴퓨터 용품 <7851.T>-2024/25년 부문 전망","TABLE-Kawase Computer Supplies <7851.T>-2024/25 div forecast  1월 27일(로이터) - 가와세 컴퓨터 용품 주식회사 통합 수익 추정치  (별도 명시되지 않은 경우 십억 엔 단위) TABLE-Kawase Computer Supplies <7851.T>-2024/25 div forecast  1월 27일(로이터) - 가와세 컴퓨터 용품 주식회사 통합 수익 추정치  (별도 명시되지 않은 경우 십억 엔 단위)                   1년 내내 1년 내내               3월 31일, 2025년 3월 31일, 2025년                   최근 이전                  예측 예측 예측  연간 디브 5.00엔 3.00엔-4분기 디비 5.00엔 3.00엔     참고 - Kawase Computer Supplies Co.  1분기 또는 3분기 배당금이없는 경우, 2분기는 대부분의 경우 상반기에 해당합니다.  배당금과 2006년 새로운 기업법 이전에 발표된 4분기 및 하반기 배당금  는 회사가 분기별로 배당금을 지급하고 보고할 수 있도록 허용했습니다.회사 개요 페이지를 보려면     원문 바로가기    DISCLAIMER  레피니티브의 사전, 서면 승인 없는 톰슨로이터 콘텐츠의 재생산이나 재배포는 금지되어 있습니다. 이 기사의 한국어 번역은 에프앤가이드가 사용하는 기계적 번역에 의한 것으로 톰슨로이터와 레피니티브는 번역의 정확성을 보증하지 않습니다."
145,1,"2025-01-27","15:51:46","중동 - 주목해야 할 요소 - 1월 27일","MIDEAST - Factors to watch - January 27  월요일 중동 증시에 영향을 미칠 수 있는 몇 가지 요인은 다음과 같습니다. 로이터는 언론 보도를 확인하지 않았으며 그 정확성을 보증하지 않습니다.     국제/지역  * 글로벌 시장-아시아 증시, 중국의 AI 추진에 미국 증시 선물과 함께 하락; 달러 기업들  * 트럼프가 OPEC에 가격 인하를 거듭 촉구하면서 유가 하락  * PRECIOUS-달러 기업으로 금이 후퇴하고 연준의 금리 결정이 다가옵니다.  * 중동 증시-트럼프 발언 이후 대부분의 걸프 지역 증시가 상승했습니다.  * 인질극 돌파 후 통로가 열리면서 가자지구 주민들이북쪽으로 돌아가기 시작합니다(  * 트럼프, 요르단-이집트, 가자지구에서 팔레스타인인 수용해야 한다고 말하자 이집트와 요르단이 반발 (  * 백악관, 레바논, 이스라엘 간 휴전 합의가 2월 18일까지 지속될 것이라고 밝혔습니다(  * 네타냐후, 프랑스가 이스라엘 기업들이 파리 에어쇼에 참가할 수 있도록 보장한다고 밝혔습니다.  사우디 아라비아  * 이탈리아, 사우디 아라비아, 100억 달러 규모의 협력 및 산업 계약 체결(  아랍 에미레이트 항공  * 아드녹 가스, 새로운 LNG 계약을 통해 JERA 글로벌 시장과 파트너십 강화 (        (방갈로르 뉴스룸에서 편집)  bangalore-pages@thomsonreuters.com        (c) Copyright Thomson Reuters 2020. Click For Restrictions - https://agency.reuters.com/en/copyright.html   원문 바로가기    DISCLAIMER  레피니티브의 사전, 서면 승인 없는 톰슨로이터 콘텐츠의 재생산이나 재배포는 금지되어있습니다. 이 기사의 한국어 번역은 에프앤가이드가 사용하는 기계적 번역에 의한 것으로 톰슨로이터와 레피니티브는 번역의 정확성을 보증하지 않습니다."
145,2,"2025-01-27","15:51:01","""AI 호황 이제 시작이다""…TSMC, 올해 AI 매출 '43조원 돌파할 것'","body,td,select,input,form,textarea,center,option,pre,blockquote {font-size:9pt; line-height:1.6; font-family:돋움;}table{width:100%; border:0px;}@media (min-width:650px){img {max-width:600px;height:auto}}@media (max-width:650px){img {max-width:500px;height:auto}}@media (max-width:550px){img {max-width:400px;height:auto}}@media (max-width:450px){img {max-width:300px;height:auto}}@media all and (max-width:400px){img {max-width:300px;height:auto}} 제목 : ""AI 호황 이제 시작이다""…TSMC, 올해 AI 매출 '43조원 돌파할 것' 최태원 SK 그룹 회장(왼쪽)과 TSMC 웨이저자 회장이 이달 6일 대만 타이베이 TSMC 본사에서 기념 촬영을 하고 있다. [SK그룹 제공] 삼성전자를 넘어 세계 최대 파운드리(반도체 위탁생산) 업체로 군림하고 있는 대만 TSMC의 올해 인공지능(AI) 관련 매출이 1조 대만달러(약 43조6000억원)를 돌파할 예정이라고 대만 연합보 등 현지 언론이 27일 익명의소식통을 인용해 보도했다.  현재 TSMC는 최전성기를 구가하고 있다. AI 반도체 생태계를 주도하는 엔비디아와 AI 칩 제조업체 AMD, 클라우드 서비스 제공업체(CSP)의 맞춤형 AI 칩 주문 투자 등으로 AI 실적이 지속적으로 최고치를 경신하고 있다. 해당 매체의 소식통은 도널드 트럼프 미국 대통령이 최근 공개한 AI 합작회사 '스타게이트'가 구축하는 AI 가속기용 데이터센터 등 대형 인프라 건설 프로젝트 등의 수혜로 인해 TSMC가 올해 AI 관련 매출 1조 대만달러라는 최고 기록을 달성할 것으로 내다봤다.   이어 TSMC가 올해 AI 관련 매출이 지난해(15%)보다 2배 이상 늘어 전체 매출의 30%를 넘어설 것으로 예상한다고 부연했다. 매출 가운데 비율이 가장 높은 3나노미터(10억분의 1m)와 5 나노 관련 생산 시설의 가동률 포화와 고객사의 2나노와 A16(1.6나노 공정) 제품의 사전 예약으로 인해 실적 호황을 누릴 것으로 추정했다.  이 매체의 또 다른 소식통은 TSMC의 AI 관련 매출이 지난해 약 4341억 대만달러(약 18조9000억원)에 달했다면서 올해는 그 2배인 8683억 대만달러(약 37조9000억원)를 무난하게 달성하고 1조 대만달러라는 문턱을 넘어설 것이라는 예측이 나오고 있다고 전했다.  나노는 반도체 회로 선폭을 의미하는 단위다. 선폭이 좁을수록 소비전력이 줄고 처리 속도가 빨라진다. 현재 세계에서 가장 앞선 양산 기술은 3나노다. TSMC는 2나노 이상 최첨단 부 문에서 앞도적인 경쟁력을 유지하고 있는 것으로 전문가들은 보고 있다.  한편, 웨이저자 TSMC 회장은 지난 23일 국립대만대학교에서 열린 한 강좌에서 미국 애리조나주 피닉스 공장 건설과 관련해 언급했다. 그는 ""당시 고순도의 반도체 황산을 미국 현지에서 생산하려면 대만보다 5배의 비용이 필요하지만, 대만에서 미국 로스앤젤레스 항구를 거쳐 애리조나 공장으로 육로 수송하는 비용이 저렴했다""는 내용을 강좌 참가자들에게 들려줬다.  고순도 황산은 반도체 제조 시 웨이퍼(반도체 제조용 실리콘 원판) 표면의 이물질과 불순물을 제거하기 위해 사용된다. 반도체 제조 초기와 후기 공정에 필수 역할을 하는 반도체 황산은 제품 수율을 높이기 위해 고순도 품질을 유지하는 것이 무엇보다 중요하다.    해당 기사는 파이낸셜포스트(www.financialpost.co.kr)에서 제공한 것이며 저작권은 제공 매체에 있습니다. 기사 내용 관련 문의는 해당 언론사에 하시기 바랍니다.    ▶글로벌 시장을 이해하는 키! 글로벌 투자의 든든한 파트너! 인포스탁 모바일 주식신문 ▶미국주식 한국주식 따로 보실건가요? 한눈에 정리한 인포스탁 모바일 주식신문 증시 최후의 보루 연기금, 어떤 종목을 담고 있을까? 시장 조정은 주도주 변화의 서막! [변곡점 청신호]켠 종목들은? 증시 바닥 구간에서 ▶ 빠른 회복이 기대되는 종목은??        Copyright ⓒ True&Live 증시뉴스 점유율1위, 인포스탁(www.infostock.co.kr)"
145,3,"2025-01-27","15:50:47","경부고속도 하행선 천안부근 버스 등 삼중 추돌…35명 중경상(종합)","경부고속도 하행선 천안부근 버스 등 삼중 추돌…35명 중경상(종합)       (천안=연합뉴스) 유의주 기자 = 27일 낮 12시 51분께 경부고속도로 부산 방향 천안IC∼천안 분기점(JC) 구간에서 승용차와 고속버스 2대가 잇따라 추돌했다.      이 사고로 3명이 크게 다쳐 병원으로 옮겨져 치료받고 있지만, 생명에는 지장이 없는 것으로 알려졌다. 버스 승객 등 32명이 경상을 입는 등 모두 35명이 부상했다.      경찰은 눈길에 2차로로 달리던 승용차가 버스전용차로로 끼어들면서 뒤따르던 버스가 이 승용차를 추돌하고, 다시 뒤따르던 버스가 사고버스를 잇달아 들이받은 것으로 보고 있다.      경찰 관계자는 ""진로를 변경한 승용차 운전자의 과실 여부를 포함해 정확한 사고 경위를 조사 중""이라고 말했다.      설 연휴 사흘째인 이날 사고로 경부고속도로 부산 방향 귀성 차량 행렬이 심하게 정체됐다.      yej@yna.co.kr  (끝)      <저작권자(c) 연합뉴스, 무단 전재-재배포, AI 학습 및 활용 금지>"
145,4,"2025-01-27","15:50:43","“호기심에 그랬다”…女제자에 수면제 든 아이스크림, ‘몹쓸짓’ 안무가","무용가가 여학생에게 수면제가 든 아이스크림을 먹인 뒤 추행한 사건으로 철창 신세를 지게 됐다. 27일 대구고법 제2형사부(정승규 부장판사)는 제자에게 수면제를 먹인 뒤 강제 추행해 아동·청소년의 성보호에 관한 법률 위반한 혐의로 기소된 무용가 A씨(48·남)에 대한항소심에서 징역 3년 6월에 취업제한 5년, 보호관찰 3년, 추징금 5000만원을 선고했다. 이는 1심에서 판결한 징역 5년보다 감형됐다. 앞서 1심에서는 징역 5년에 10년간 취업제한, 5년간 보호관찰을 선고했다. A씨와 검찰은 모두 양형 부당을 이유로 항소장을 제출한 바 있다. A씨는 지난해 2월 경북 구미시 한 무용학원에서 학생 B양(15·여)에게 수면제를 넣은 아이스크림을 먹게 했다. A씨는 B양이 잠에 빠지자 자신의 주거지로 데려와 껴안는 등 강제로 추행했다. A씨는 “호기심에 피해자에게 수면제를 넣은 아이스크림을 먹인 것이고 추행할 계획은 아니었다”면서 “5년간 공황장애 등을 앓고 있다”며 반성하지 않는 태도를 보였다. A씨는 구미시립무용단 안무자, 대한무용협회 구미지부지부장 등의 경력이 있고 지방선거에서 구미시 의원으로 출마하기도 했다. 재판부는 “항거불능 상태가 된 피해자를 강제 추행하고, 자신의 범행을 은폐하기 위해 피해자가 거짓 진술을 하도록 했다”며 “피해자는 피고인의 범행으로 상당한 정신적 충격을 받아 무용을 그만두어야 할지도 모른다는 생각에 심한 절망감과 좌절감을 느낀 것으로 보인다”고 설명했다. 그럼에도 피해자와 합의한 점이 참작됐다.    [ⓒ 매일경제 & mk.co.kr, 무단 전재, 재배포 및 AI학습 이용 금지]"
145,5,"2025-01-27","15:50:22","뉴스캐스트 - 제주항공 추락사고: 한국 조사단, 조류 충돌 징후 발견","Newscasts - Jeju Air crash: South Korea probe finds signs of bird strike    Newscasts - Jeju Air crash: South Korea probe finds signs of bird strike    Click the following link to watch video: https://share.newscasts.refinitiv.com/link?entryId=1_jzv9f92u&referenceId=tag:reuters.com,2025:newsml_RW644327012025RP1_K15&pageId=Newscasts                 (c) Copyright Thomson Reuters 2020. Click For Restrictions - https://agency.reuters.com/en/copyright.html   원문 바로가기    DISCLAIMER  레피니티브의 사전, 서면 승인 없는 톰슨로이터 콘텐츠의 재생산이나 재배포는 금지되어 있습니다. 이 기사의 한국어 번역은 에프앤가이드가 사용하는 기계적 번역에 의한 것으로 톰슨로이터와 레피니티브는 번역의 정확성을 보증하지 않습니다."
145,6,"2025-01-27","15:50:16","전광훈 목사, '뿔 달린' 자신 사진 건 교회 상대 손배소서 최종 패소","전광훈 사랑제일교회 목사가 뿔 달린 자신의 사진이 포함된 현수막을 건 다른 교회 목사를 상대로 낸 손해배상 소송에서 최종 패소했다.   27일 법조계에 따르면, 대법원 2부(주심 권영준 대법관)는 전 목사가 대전 중구 소재 교회 A목사를 상대로 낸 손해배상청구 소송에서 최근 원고 패소 판결한 원심을 확정했다.   A목사는 2022년 9월 강좌 홍보를 목적으로 교회에 대형 현수막을 걸었다. 이 현수막에는 뿔 달린 전 목사의 사진과 함께 ‘아웃’(OUT)이라는 붉은색 글자가 적혔다. 이에 전 목사는 악의적으로 초상권을 침해했다는 이유 등으로 A목사를 상대로 2000만 원의 손해배상 소송을 제기했다.   이 사건은 전 목사를 공인으로 볼 수 있는지 등이 쟁점이 됐다. 1심은 A목사 측이 초상권을 침해했다고 보고 전 목사에게 300만 원을 배상하라고 판단했다. 하지만 2심은 전 목사가 공인이거나 이에 준하는 위치에 있다고 판단해 A목사 손을 들어줬다. 전 목사가 당시 한국기독교총연합회(한기총) 대표회장이자 기독자유통일당 대표였던 점이 공인에 준한다고 본 것이다. 여기에 더해 해당 사진이 이미 다수 언론에 실려 전 목사가 입은 피해도 크지 않다고 판단했다.    대법원은 원심 판단에 잘못이 없다고 보고 상고를 기각했다.    /김혜란 기자 khr@sedaily.com  통장에 ""30만원"" 있다면 무료 지원금받아 ""반드시"" 수익난다!!>>>[무료체험]  ▶20 년 연속 점유율 1위 하이스탁론  [급등주 大공개] 알고리즘 데이터 실시간 분석 ""급등"" 종목과 매수 타이밍까지! >>바로 확인   [ⓒ 서울경제, 무단 전재 및 재배포 금지]"
145,7,"2025-01-27","15:50:15","인도의 중국산 철강 완제품 수입이 4~12월 7년 만에 최고치를 기록했습니다.","India's finished steel imports from China hit 7-year high in April-Dec   뉴델리, 1월 27일 (로이터) - 월요일 로이터가 검토한 잠정 정부 데이터에 따르면 4월에시작된 회계연도의 첫 9개월 동안 인도의 중국산 철강 완제품 수입이 최소 7년 만에 최고치를 기록했습니다.  데이터에 따르면 세계 최고의 철강 생산국인 중국은 4~12월 동안 전년 대비 13.3% 증가한 210만 톤의 완제품 철강을 인도에 출하했습니다.  이 기간 동안 중국은 인도에 철강 완제품을 가장 많이 수출한 국가였습니다.  이 기간 동안 중국, 한국, 일본으로부터의 선적은 인도 전체 완제품 철강 수입의 79%를 차지했습니다.  4~12월 한국의 대인도 철강 완제품 수출이 전년 동기 대비 7.2% 증가한 210만 톤으로 5년 만에 최고치를 기록한 것으로 나타났습니다.  데이터에 따르면 일본의 대인도 철강 완제품 수출은 전년 대비 거의 두 배 증가한 160만 톤으로 최소 7년 만에 최고치를 기록했습니다.  앞서 로이터에 따르면 4월부터 12월까지 인도의 전체 철강 완제품 수입량은 6년 만에 최고치를 기록했습니다.  세계에서 두 번째로 큰 조강 생산국인 인도는 지난 회계연도에 완제품 철강 순 수입국으로 전환했습니다. 그 이후에도 중국으로부터의 수출이 꾸준히 증가하면서 이러한 추세는 계속되고 있습니다.  인도는 무분별한 철강 수입을 줄이기 위해 세이프가드 관세 또는 임시 세금 부과 필요성을 판단하기 위한 조사를 진행 중입니다.  데이터에 따르면 4월부터 12월까지 열연 코일 또는 스트립이 이 기간 동안 가장 많이 수입된 제품인 것으로 나타났습니다.  봉강과 봉을 중심으로 비평탄 제품 수입도 작년보다 13.8% 증가했습니다.  데이터에 따르면 철강 완제품 수출은 24.6% 감소한 360만 톤으로 최소 6년 만에 최저치를 기록했습니다.  이탈리아는 인도 철강 완제품의최대 수출 시장이었지만, 출하량은 작년 수준보다 38.8% 감소했습니다.  벨기에, 스페인, 네팔로의 수출도 감소했습니다.  그러나영국으로의 수출은 전년 대비 20% 가까이 증가한 것으로 나타났습니다.           (Reporting by Neha Arora; Editing by Sherry Jacob-Phillips)  neha.dasgupta@tr.com     (c) Copyright Thomson Reuters 2020. Click For Restrictions - https://agency.reuters.com/en/copyright.html        Keywords: INDIA-STEEL/ (PIX)   원문 바로가기    DISCLAIMER  레피니티브의 사전, 서면 승인 없는 톰슨로이터 콘텐츠의 재생산이나 재배포는 금지되어 있습니다. 이 기사의 한국어 번역은 에프앤가이드가 사용하는 기계적 번역에 의한 것으로 톰슨로이터와 레피니티브는 번역의 정확성을 보증하지 않습니다."
146,1,"2025-01-27","15:40:15","인도 신규 발행-LIC 주택 금융, 5 년 채권에 가까운 채권 발행, 은행가들은 말한다","India New Issue-LIC Housing Finance to issue near 5-year bonds, bankers say  뭄바이, 1월 27일 (로이터) - 인도의 LIC 주택 금융은 4년 11개월 후 만기가 돌아오는 채권 판매를 통해 200억 루피의 그린슈 옵션을 포함한 275억 5천만 루피(3억 1830만 달러)를 조달할 계획이라고 월요일에 세 은행가가 말했습니다.  이 회사는 화요일에 은행가와 투자자들에게 이 발행에 대한 입찰을 요청했다고 밝혔다.  LIC 주택금융은 로이터 통신의 논평 요청에 즉시 답장을 보내지 않았습니다.    다음은 1월 27일 현재까지 보고된 거래 목록입니다:    발행자  테뉴어  쿠폰(%)  발행 규모(억 루피)**  입찰 날짜  평가   LIC 주택 금융  4년 11개월  결정 예정  7.50+20  1월 28일  AAA(크리실, 케어)      * 사이즈는 일부 문제에 대한 기본 및 그린슈를 포함합니다.        (1달러 = 86.4090인도 루피)     (Reporting by Dharamraj Dhutia; Editing by Varun H K)  Dharamraj.dhutia@tr.com     (c) Copyright Thomson Reuters 2020. Click For Restrictions - https://agency.reuters.com/en/copyright.html        Keywords: INDIA-DEBT/BONDS-LIC HOUSING FIN   원문 바로가기    DISCLAIMER  레피니티브의 사전, 서면 승인 없는 톰슨로이터 콘텐츠의 재생산이나 재배포는 금지되어 있습니다. 이 기사의 한국어 번역은 에프앤가이드가 사용하는 기계적 번역에 의한 것으로 톰슨로이터와 레피니티브는 번역의 정확성을 보증하지 않습니다."
146,2,"2025-01-27","15:39:53","브리프-REC 실리콘, 4천만 달러 기간 대출 체결하고 세분화된 폴리실리콘 공급 계약 해지","BRIEF-REC Silicon Enters USD 40 Mln Term Loan, Terminates Granular Polysilicon Supply Agreement  1월 27일(로이터) - REC Silicon ASA :  금요일에 4 천만 달러의 기간 대출을 체결했다고 밝혔다.   만기일은 2026년 1월 24일입니다.   모세 레이크의 폐쇄 과정에서 REC 실리콘의 자본 수요를 지원하기 위한 대출   모세 호수에서 생산되는 입상 폴리실리콘 고객사인 큐셀과 상호 합의에 따른 계약 해지 계약 체결   REC실리콘이 큐셀에 선지급한 3천만 달러의 상환이 1년간 연기되었습니다.   대출과 폴리실리콘 공급 계약 해지를 통해 실리콘 가스 사업에 집중할 수 있게 됩니다.    Source text for Workspace: (  Further company coverage:      (그단스크 뉴스룸)  gdansk.newsroom@thomsonreuters.com ; +48 58 769 66 00; ))        (c) Copyright Thomson Reuters 2020. Click For Restrictions - https://agency.reuters.com/en/copyright.html   원문 바로가기    DISCLAIMER  레피니티브의 사전, 서면 승인 없는 톰슨로이터 콘텐츠의 재생산이나 재배포는 금지되어 있습니다. 이 기사의 한국어 번역은 에프앤가이드가 사용하는 기계적 번역에 의한 것으로 톰슨로이터와 레피니티브는 번역의 정확성을 보증하지않습니다."
146,3,"2025-01-27","15:39:01","배우 신민아, 한림화상재단에 10년간 10억 기부","한림화상재단은 배우 신민아 씨로부터 최근 1억 원을 기부받았다고 오늘(27일) 밝혔습니다.  신민아는 2015년부터 매년 한림화상재단에 기부를 이어오고 있습니다. 누적 기부액은 10억 원, 이를 통해 치료받은 화상 환자는 201명입니다.  그는 기부금 외에도 매년 한림화상재단의 화상 전문병원인 한림대한강성심병원에 입원한 소아 환자들에게 손 편지와 선물 등을 전달하고 있습니다. 올해도 설 명절을 앞둔 지난 24일 손 편지와 선물을 보내 따뜻한 위로를 건넸습니다.  첫 기부를 한 2015년에는 직접 한림화상재단을 방문해 소아화상환자들과 함께 미술 활동을 하며 아이들에게 용기를 주기도 했습니다.  신민아가 10년째 기부를 하는 한림화상재단은 2008년 5월 화상환자와 가족들의 신체적·정신적 회복을 돕기 위해 설립됐습니다. 화상환자 의료비 지원, 재활 치료 지원, 심리 상담, 소방관 트라우마 전문 치료 프로그램 등 다양한 사업을 통해 화상환자를 지원하고 있습니다.  신민아는 ""화상환자들은 여러 차례의 수술이 필요하고 피부 조직이 회복하는 데까지 오랜 시간이 걸려 지속적인 도움이 절실히 필요한 상황""이라며 많은 분들께서 관심을 가져주시면 더 큰 힘이 될 수 있을 것 같다""고 말했습니다.  한림화상재단은기부 취지에 맞춰 기부금을 소아·청소년·여성 화상 환자의 의료비와 저소득 화상 환자의 간병비로 지원할 예정입니다.  [김세은 디지털뉴스부 인턴기자 rlatpdms0130@gmail.co"
146,4,"2025-01-27","15:37:36","""전자담배도 안 돼""···日 오사카시, 공공장소 전역 흡연 금지 시행","27일부터 일본 오사카시가 공공장소에서 전자담배를 포함한 흡연을 전면 금지한다. 위반 시 과태료가 부과될 수 있어 오사카를 여행하는 한국인 여행객의 주의가 요구된다.   이날 일본 아사히신문에 따르면 일본 정부가 인구 50만 명이상 대도시를 대상으로 지정하는 ‘정령지정도시’ 중 오사카시는 처음으로 시내 전역을 금연 구역으로 정했다. 이에 따라 오사카시에서는 공공장소에서 전자담배를 피우는 것도 허용되지 않는다.   오사카시는 오는 4월 13일 개막하는 엑스포 주제가 '생명이 빛나는 미래사회 디자인'이라는 점을 고려해 시내 전역에서 흡연을 금지하는방안을 추진했고, 이를 뼈대로 한 조례 개정안이 지난해 3월 시의회에서 통과됐다.   요코야마 히데유키 오사카시장은 “금연 구역 확대는 국제 관광도시에 걸맞은 환경 조성을 위한 조치”라고 설명했다.   오사카시는 향후 기차역과 공원 주변에서 흡연 시설을 정비하고, 흡연을 단속하고 과태료를 부과하는 지도원을 현재 74명에서 100명으로늘릴 계획이다. 또 외국인 관광객을 대상으로 시내 금연 제도 시행을 홍보하기 위해 지하철역 등지에서 안내를 지속할 방침이다.  /김혜란 기자 khr@sedaily.com  통장에 ""30만원"" 있다면 무료지원금받아 ""반드시"" 수익난다!!>>>[무료체험]  ▶20년 연속 점유율 1 위 하이스탁론  [급등주 大공개] 알고리즘 데이터 실시간 분석 ""급등"" 종목과 매수 타이밍까지! >>바로 확인   [ⓒ 서울경제, 무단 전재 및 재배포 금지]"
146,5,"2025-01-27","15:37:04","""여친 앞에서 영웅처럼""…단돈 3만원에 '빌런' 물리친다","말레이시아 '빌런 고용' 화제   여친 앞 '영웅' 되려는 男 대상   남편 질투 유발하려는 女 손님도     ""파트너가 당신을 약하다고 생각하는 것에 지쳤나요. 합리적 비용으로 제가 그들이 틀렸음을 증명하는 데 도움을 드릴 수 있습니다.""  말레이시아의 한 남성이 여자친구 앞에서 강인한 모습을 보이고 싶은 남성들을 대상으로 '빌런 고용 서비스'를 제공해화제다.   27일(현지시간) 사우스차이나모닝포스트(SCMP)에 따르면 말레이시아 북서부 도시인 이포 출신의 샤잘리 술라이만(28)은이달 초 자신의 사회관계망서비스(SNS)를 통해 '빌런 고용 서비스'를 알리는 게시글을 올렸다.   술라이만은 스스로 '악당'을 자처한다. 자신을 고용한 고객의 여자친구 앞에 나타나 괴롭히는 척을 한다. 이후 자신을 고용한 고객이 등장하면 패배하는 것이 이 서비스의 핵심이다.   술라이만은 최근 한 남성이 자신을 쇼핑몰에서 고용한 사례를 공개하기도 했다. 그는 ""남자친구가화장실에 갔을 때 저는 그의 여자친구를 괴롭히는 척 했다""며 ""그가 돌아왔을 때 그는 마치 영웅처럼 제게 맞섰다""고 설명했다.   그는 자신의 외모를 보고 '깡패' 같다고 한 이야기를 들으면서 이 사업을 구상하게 됐다고 털어놨다.   말레이시아 매체인 SAYS는 술라이만이 남성과 여성 모두를 상대로 서비스를 제공한다고 소개했다. 이 매체는 술라이만이 이미 지인과 가족에게 서비스를 제공했다고 전했다.  실제로 한 여성은 남편의 질투를 유발하기 위해 술라이만을 고용하기도 했다.   빌런고용 서비스는 평일 100링깃(약 3만3000원), 주말 150링깃(약 4만9000원)에 이용할 수 있다.   다만 현지에선 이 같은 서비스가 잠재적 성희롱에 해당할 수 있다는 우려도 나온다. 술라이만은 서비스 과정에서 다치는 사람은 아무도 없다고 주장하고 있다.   그는 ""모두 연기일 뿐 아무도 다치지 않고 저만 '패배자'로 남는다""고 했다.   김대영 한경닷컴 기자 kdy@hankyung.com    관련기사 ""중국인 반응 폭발""…6000만원짜리 車 '불티' ""휴게소서 돈까스 먹으려다"" 화들짝 놀란 까닭 100억 넘게 벌었는데 ""구조대 빨리 오라"" 비명 ""회사잘릴 뻔""…명절선물 건넸다가 '날벼락' '흡연 천국' 불렸는데…""전자담배도 안돼"" 돌변    ⓒ 한국경제 & hankyung.com, 무단전재 및 재배포 금지"
146,6,"2025-01-27","15:36:40","함영주 하나금융 회장 연임…회추위 ""검증된 리더십 절실""(종합2보)","함영주 하나금융 회장 연임…회추위 ""검증된 리더십 절실""(종합2보) 사법 리스크 변수…지난달 규정 개정으로 임기 3년 가능       (서울=연합뉴스) 민선희 기자 = 함영주 하나금융그룹 회장(69)이 차기 회장으로 내정돼 연임 길이 열렸다.      하나금융은 금리 인하기 녹록지 않은 경영환경에서 함영주 회장 연임이 최선의 선택이라는 결론을 낸 것으로 보인다.      하나금융지주[086790]는 27일 회장후보추천위원회(이하 회추위) 회의에서 함 회장을 차기 회장 단독 후보로 추천했다고 밝혔다.      회추위는 지난해 12월 23일 함 회장과 이승열·강성묵 부회장, 외부 인사 2명 등을 차기 회장 후보군(숏리스트)으로 선정했으며 이날 함회장을 최종 후보로 낙점했다.      하나금융에 따르면 회추위는 불확실성이 증대되는 가운데 금융산업 전반에 걸쳐 잠재된 리스크 요인을 고려할 때 그 어느 때보다 그룹을안정적으로 이끌어갈 수 있는 검증된 리더십과 풍부한 경험, 경영 노하우를 보유한 인물이 절실한 시점이라고 평가했다.      그러면서 통합 은행장과 하나금융지주 부회장을 거쳐 지난 3년간 그룹 회장으로서 직무를 수행하면서 리스크 관리와 ESG(환경·사회적 책무·기업지배구조 개선) 경영을 바탕으로 성장을 이끌어온 함 회장이 적임자라는 데 의견을 모았다.      회추위는 이날 함 회장을 두고 ""그룹 CEO로서 효율적 경영 관리를 통해 조직 전반적으로 운영효율성을 높이면서 내부통제와 위험 관리를내재화하고 하나금융이 창사 이래 최대 경영실적 달성과 역대 최고 주가를 경신하는 데 기여했다""고 평가했다.       이어 ""경제 전반적으로 어려운 시기에도 상생 경영과 어린이집 100호 건립을 완성하는 등 지속 가능한 기업 가치를 창출해 탁월한 경영역량을 입증했다""며 ""금융환경 급변 속에서도 불확실성을 타개하고 업의 경쟁력 강화를 통해 그룹의 미래를 끌어나갈 적임자라고 판단했다""고 밝혔다.      1956년생인 함영주 회장은 상고 출신 은행원에서 금융지주 최고경영자(CEO)까지 오른 입지전적인 인물이다.      함 회장은 충남 부여 출신으로, 강경상고를 졸업하고 1980년 고졸 행원으로 하나은행 전신인 서울은행에 입행했다.      하나은행 충청영업그룹을 이끌면서 전국 영업실적 1위를 달성한 '영업통'으로도 유명하다.      함 회장은 영업 성과, 친화력, 두터운 신망 등을 인정받아 2015년 하나은행과 외환은행이 통합한 후 초대 은행장을 맡았다. 조기에 전산·노조·인사통합을 완성하고 두 은행의 시너지를 극대화했다는 평가를 받는다.      함 회장은 이후 하나금융지주 부회장 등을 거쳐 2022년부터는 3년간 하나금융 회장으로서 조직을 이끌었다.      하나금융에 따르면 함 회장 취임 이후 하나은행은 지난 2022년과 2023년 2년 연속 리딩뱅크 자리를 지켜냈으며, 하나카드의 해외여행 특화상품 '트래블로그'도 큰 인기를 끌었다.      함 회장 임기는 2028년 3월까지 3년이다. 2년과 3년을 두고 회추위원 무기명 투표를 진행한 결과 3년이 더 많았다는 게 하나금융 측 설명이다.      하나금융이 지난달 지배구조 내부규범 개정을 통해 함 회장 연임시 3년 임기를 채울 수 있게 하면서 '셀프 개정' 논란이 일었던 것을 의식해 회추위에서 임기를 정리한 것으로 보인다.      기존 규정에 따르면 함 회장은 만 70세 이후 첫 주주총회가 개최될 2027년 3월까지 2년만 재임할 수 있었지만, 규정 개정으로 임기 이후첫 주총까지 자리를 지키는 것이 가능해졌다.      이복현 금융감독원장은 지난달 ""함 회장의 품성 등을 고려했을 때 혹여 연임에 도전하더라도 굳이 언론의 비판을 받으면서까지 본인에게규정 적용을 하지 않을 것으로 생각한다""고 말하기도 했다.      이에 지난달 하나금융 측은 ""만 70세 재임 연령 기준은 유지하되 주주총회 결의 등을 통해 부여한 이사의 임기를 보장해 사업의 연속성과 안정성을 도모하기 위한 것""이라고 설명했다.      이어 이날도 ""하나금융의 미래와 주주, 손님에 대한 책임 등을 고려했을 때 부여된 임기를 수행하는 게 필요하다""고 거듭 밝혔다.      함 회장 연임은 오는 3월 열리는 이사회와 주총을 거쳐 최종 확정될 예정이다.      하지만 함 회장의 사법 리스크(위험)가 완전히 해소되지 않아, 아직 주총 통과 등을 100% 장담할 수 없는 상태다.      함 회장은 직원 채용 관련 업무방해 혐의로 기소돼 대법원 선고를 앞두고 있다.      1심에서 무죄 판결을 받았지만, 지난 2023년 11월 2심 재판부는 징역 6월에 집행유예 2년, 벌금 300만원을 선고했다.      만약 대법원에서 유죄 판결이 확정되면 연임에 성공하더라도, 즉시 회장직에서 물러나야 한다.      금융회사의 지배구조에 관한 법률에 따르면 금고 이상의 형을 선고받은 사람은 금융회사 임원이 될 수 없다.      다만 다른 금융지주사 최고경영자(CEO)들이 비슷한 혐의에서 대체로 무죄 판결을 받아 큰 문제가 없을 것이라는 관측도 있다.       지난 2022년 주총에선 함 회장 선임 안건이 사법리스크 등으로 인해 출석 의결권의 60.4% 찬성으로 통과됐다.      ssun@yna.co.kr  (끝)     <저작권자(c) 연합뉴스, 무단 전재-재배포, AI 학습 및 활용 금지>"
146,7,"2025-01-27","15:36:26","국제기구 탈퇴, 이민자 거부…트럼프 2기 1주일 만에 변한 미국","[머니투데이 정혜인 기자] [트럼프 취임]     27일(현지시간) 취임 1주일을 맞이하는 도널드 트럼프 미국 대통령이 에너지, 이민, 전쟁 등과 관련된 주요 공약을 밀어붙이는 광폭 행보에나섰다.   외신 보도를 종합하면 트럼프 대통령이 취임 이후 발표한 행정명령과 성명은 에너지, 이민, 무역 및 관세, 영토 확장 의지, 가상자산(암호화폐), 전쟁 등에 관한 것이었다. 이 중에서 불법 이민자 및 국경 문제와 에너지 관련 조치가 집중적으로 나왔다. 외신은 트럼프 대통령이 백악관 복귀 첫 주에 무슨 일이 일어나는지 파악하기 힘들 정도 많은 정책 변화를 도입하고 있다며 트럼프 대통령 취임 이후 미국이 완전히 다른나라로 변했다고 평가했다.   뉴욕타임스(NYT)는 ""트럼프 대통령이 행정명령과 성명으로 숨 가쁜 취임 첫 주를 보낸 후 던진 메시지는 '내 말을 그대로 믿어라'라는 한마디로 요약될 수 있다""며 ""그는 취임 첫 주부터 앞서 내세웠던 미국의 삶, 문화, 정치 체제의 근본적 재편을 실현하겠다는 의지를 재확인하며 이를 빠르게 행동으로 옮기고 있다""고 전했다. 이어 ""트럼프 대통령의 모든 지시가 성공할 거란 보장은 없지만, 미국은 이미 단 1주일 만에 전혀 다른 곳이 됐다""고 지적했다.     NYT에 따르면 트럼프 대통령은 취임 이후 발표한 이민 관련 명령은 난민 신청자의 입국을 거부하는 새로운 권한 부여 등 12개 이상에 달한다. 그는 이미 미국 입국 허가받은 난민 수천 명의 미국행을 거부하고, 난민들의 미국 임시 거주를 허용하는 여러 프로그램을 중단했다. 또 조바이든 행정부에서 임시 거주 승인을 받은 이민자 100만명에 대한 추방 작업을 시작했다. 바이든 행정부에서 금지됐던 이민 및 관세 집행관들의 병원, 학교, 교회까지 급습도 허용했다.   기후변화 대응 포기 등 에너지 관련 행정명령은 6차례나 발동했다. 가장 먼저 유엔 파리기후변화협정 재탈퇴와 국가 에너지 비상사태를 선언하며 바이든 행정부에서 추진된 기후변화 정책을 모두 중단시켰다. 트럼프 대통령은 석유 시추시설 설립과 채굴 허가를 간소화하는 정책을 폐지하고 석유 생산 확대를 지시했고, 전기차 장려 규정 폐지도 명령했다. 또 전국 풍력 발전 단지에 연방 정부의 허가도 중단했다.   집권 1기 때 실패했던 세계보건기구(WHO) 탈퇴도 재추진하고, 3개월 동안 모든 외국 원조 중단을 선언했다. 전문가들은 WHO의 최대 재정 지원자인 미국의 탈퇴 선언은 세계 보건에 재앙이 될 수 있고, 트럼프 대통령이 지적하는 WHO 내 중국의 영향력이 더 커질 수 있다고 지적한다.바이든 행정부에서 강조했던 다양성, 형평성 및 포용성(DEI) 관련 정책도 모두 폐기하고, 남성과 여성만 공식적인 성별로 인정하기로 했다.    전 세계가 가장 주목하는 관세 부과는 아직이지만, 2월1일 시행(캐나다·멕시코산 제품 25%, 중국산 제품 10% 추가 관세)을 예고한 상태로 전 세계가 긴장하고 있다. 26일에는 불법 이민자 추방 문제에 비협조적인 콜롬비아에 대한 즉각 관세 부과를 발표했다가 보류하는 등 자신의 공약 이행을 위한 '관세' 카드 사용 기조를 재확인했다. 트럼프 1기 행정부에서 국가경제위원회(NEC) 부위원장을 거친 캘리 앤 쇼 변호사는 24일 한국경제인협회 주최 세미나에서 전 세계를 대상으로 한 트럼프 대통령의 관세 부과는 정부 조사가 완료되는 4월 이후 본격화할것으로 전망했다.   2024년 대선 기간 돌연 '암호화폐 지지자'로 돌아선 트럼프 대통령은 취임 3일 차인 지난 23일 '디지털 금융기술의 미국 리더십 강화' 행정명령에 서명하며 암호화폐 시장의 전반적인 구조, 관리 등을 담당하는 실무그룹을 만들 것을 지시했다. 취임 연설에서 파나마 운하, 그린란드 통제권 주장한 트럼프 대통령은 미국 남부와 멕시코 사이 수역의 명칭을 '멕시코만'에서 '아메리카만'으로 변경할 것을 지시하며 영토확장에 대한 의지도 드러냈다.     취임 24시간 이내에 성사하겠다는 러시아-우크라이나 전쟁 종료는 아직이다. 트럼프 행정부의 구체적인 종전안 발표는 아직이나 트럼프 대통령은 러시아 경제와 직결되는 유가 압박으로 종전을 끌어낼 계획인 것으로 보인다. 트럼프 대통령은 지난 23일 스위스 다보스에서 열린 세계경제포럼(WEF) 화상 연설에서 사우디아라비아 등 석유수출기구(OPEC) 산유국들이 고유가를 유지해 러시아의 우크라이나 침공을 도운 책임이있다며 ""유가가 내려가면 러시아와 우크라이나 전쟁을 바로 끝날 것이다. 산유국에 원유 가격 인하를 요구할 것""이라고 말했다. 가자지구 전쟁과 관련해선 팔레스타인 가자지구 주민의 이집트, 요르단 등 주변 아랍국가 이주를 제안했다. 이는 '두 국가 해법'을지지해 온 기존 미 정부 입장과 배치되는 제안으로 이스라엘을 제외한 다른 중동 국가들은 반발했다.     [관련기사] ☞ 전한길 ""난 노사모 출신""…노무현재단 ""법적 대응"" ☞ ""이따 얘기해""…김종민, 예비신부에 '재방료' 들통 ☞ ""다른 남자와 잠자리 강요""…이혼 변호사도 당황 ☞ '상습도박' 슈, SES 자료화면서 모자이크 '굴욕' ☞ 집 곳곳에 커플사진?…지상렬, 동거녀 공개   정혜인 기자 chimt@mt.co.kr     키워드림론 최대 4배 주식자금 & 고금리 대환상품 한도 오픈! (1644-6960)   [무료운세] 믿어야 돼 말아야 돼? 종목매수전에 믿고보는 '오늘의 운세'        [파워 인터뷰]       매수전에 점 부터 보고 가실께요 -> 오늘의 운세 [복채무료]      ⓒ 머니투데이 & mt.co.kr, 무단 전재 및 재배포 금지"
147,1,"2025-01-27","15:30:38","표-힐리오스 <4593.T>-2024년 그룹 전망(IFRS)","TABLE-Healios <4593.T>-2024 group forecast(IFRS)  1월 27일(로이터) - Healios K. K. 통합 수익 추정치  (별도 명시되지 않은 경우 십억 엔 단위) TABLE-Healios <4593.T>-2024 group forecast(IFRS)  1월 27일(로이터) - Healios K. K. 통합 수익 추정치  (별도 명시되지 않은 경우 십억 엔 단위)                  1년 내내 1년 내내               2024년 12월 31일2024년 12월 31일                  최근 이전                 예측 예측  영업 손실 2.84  세전 손실 4.06  순손실 4.24  EPS 기본 손실 47.86엔     참고 - 힐리오스 케이...(수치는 국제회계기준(IFRS)에 따라 보고된 수치입니다.)회사 개요 페이지를 보려면     원문 바로가기    DISCLAIMER  레피니티브의 사전, 서면 승인 없는 톰슨로이터 콘텐츠의 재생산이나 재배포는 금지되어 있습니다. 이 기사의 한국어 번역은 에프앤가이드가 사용하는 기계적 번역에 의한 것으로 톰슨로이터와 레피니티브는 번역의 정확성을 보증하지 않습니다."
147,2,"2025-01-27","15:30:37","표-코아 <6999.T> - 9개월 그룹 결과","TABLE-Koa <6999.T>- 9-MTH group results  1월 27일 (로이터)- Koa Corp 통합 재무 하이라이트  (별도 명시되지 않은 경우 십억 엔 단위) TABLE-Koa <6999.T>- 9-MTH group results  1월 27일 (로이터)- Koa Corp 통합 재무 하이라이트  (별도 명시되지 않은 경우 십억 엔 단위)                  9개월 종료 9개월 종료 연도                2024년 12월 31일2023년 12월 31일 2025년 3월 31일                   전년 동기 대비 최근                   결과 결과 예측  매출 47.75 49.22 62.80               (-3.0퍼센트) (-14.1퍼센트) (-3.1퍼센트)  영업이익 562백만 3.07 1.15                 (-81.7퍼센트) (-64.7퍼센트) (-65.3퍼센트)  반복 8억 8,600만 3.74억 8,300만                 (-76.3퍼센트) (-57.9퍼센트) (-81.5퍼센트)  순 4억 7,000만 23억 9,800만             (-80.4퍼센트) (-60.4퍼센트) (-97.1퍼센트)  EPS 12.67엔 64.54엔 2.16엔  앤 디비 50.00 엔 40.00 엔  -2분기 주당 25.00엔 25.00엔  -4분기 25.00엔 25.00엔 15.00엔     참고 - 코아 주식회사 회사 개요 페이지를 보려면 다음을클릭하세요.     원문 바로가기    DISCLAIMER  레피니티브의 사전, 서면 승인 없는 톰슨로이터 콘텐츠의 재생산이나 재배포는 금지되어 있습니다. 이 기사의 한국어 번역은 에프앤가이드가 사용하는 기계적번역에 의한 것으로 톰슨로이터와 레피니티브는 번역의 정확성을 보증하지 않습니다."
147,3,"2025-01-27","15:30:37","표 - 아톰리빙테크 <3426.T>-2024년 6개월 모회사 전망","TABLE-Atom Livin Tech Co Ltd <3426.T>-2024 6-month parent forecast  1월 27일 (로이터) - - 아톰 리빈 테크 주식회사 부모 전용 수익 추정치  (별도 명시되지 않은 경우 십억 엔 단위) TABLE-Atom Livin Tech Co Ltd <3426.T>-2024 6-month parent forecast  1월 27일 (로이터) - - 아톰 리빈 테크 주식회사 부모 전용 수익 추정치  (별도 명시되지 않은 경우 십억 엔 단위)                  6 개월 ~ 6개월               12월 31일, 2024 12월 31일, 2024                  최근 이전                 예측 예측 예측  매출 5.27 5.30  영업 313백만 210백만  반복 3억 3,600만 2억 3,000만  순 2억 2700만 1억 5000만  EPS 57.06엔 37.60엔     참고 - 아톰리빈테크 주식회사. 회사 개요 페이지를 보려면 다음을 클릭하세요.     원문 바로가기    DISCLAIMER  레피니티브의 사전, 서면 승인 없는 톰슨로이터 콘텐츠의 재생산이나 재배포는 금지되어있습니다. 이 기사의 한국어 번역은 에프앤가이드가 사용하는 기계적 번역에 의한 것으로 톰슨로이터와 레피니티브는 번역의 정확성을 보증하지 않습니다."
147,4,"2025-01-27","15:30:36","표-젠키 드럭스토어 <9267.T> - 6개월 그룹 결과","TABLE-Genky Drugstores <9267.T>- 6-MTH group results  1월 27일 (로이터)- 겐키 드럭스토어 주식회사 통합 재무 하이라이트  (별도 명시되지 않은 경우 십억 엔 단위) TABLE-Genky Drugstores <9267.T>- 6-MTH group results  1월 27일 (로이터)- 겐키 드럭스토어 주식회사 통합 재무 하이라이트  (별도 명시되지 않은 경우 십억 엔 단위)                    6개월 종료 6개월 종료 연도                2024년 12월 20일, 2024년 12월 20일, 2023년 6월 20일, 2025년 6월 20일                     전년 동기 대비 최근                결과 결과 예측  매출 98.76 91.97 202.00                   (+7.4퍼센트) (+9.6퍼센트) (+9.3퍼센트)  영업이익 4.60 4.39 10.00                   (+4.8퍼센트) (+30.4퍼센트) (+10.9퍼센트)  반복 4.72 4.50 10.22                   (+5.1퍼센트) (+26.2퍼센트) (+10.3퍼센트)  순 3.27 3.09 7.00                   (+5.8퍼센트) (+36.0퍼센트) (+10.7퍼센트)  EPS 107.55엔 101.66엔 230.39엔  희석주당순이익 107.33 엔 101.55 엔  앤 디비 25.50엔 13.00엔  -2분기 주당 6.50엔 12.50엔  -4분기 13.00엔 6.50엔 6.50엔     참고-겐키 드럭스토어 주식회사...회사 개요 페이지를 보려면     원문 바로가기    DISCLAIMER  레피니티브의 사전, 서면 승인 없는 톰슨로이터 콘텐츠의 재생산이나 재배포는 금지되어 있습니다. 이 기사의 한국어 번역은 에프앤가이드가 사용하는 기계적 번역에 의한 것으로 톰슨로이터와 레피니티브는 번역의 정확성을 보증하지않습니다."
147,5,"2025-01-27","15:30:36","표-후지야 <2211.T>-2024년 그룹 예측","TABLE-Fujiya <2211.T>-2024 group forecast  1월 27일(로이터) - 후지야 주식회사 통합 수익 추정치  (별도 명시되지 않은 경우 십억 엔 단위) TABLE-Fujiya <2211.T>-2024 group forecast  1월 27일(로이터) - 후지야 주식회사 통합 수익 추정치  (별도 명시되지 않은 경우 십억 엔 단위)                  1년 내내 1년 내내               2024년 12월 31일 2024 년 12월 31일                  최근 이전                 예측 예측 예측  매출 109.98 109.00  영업 2.30 3.60  반복 3.13 4.20  순이익 1.67 2.50  EPS 64.90 엔 96.99 엔     참고 - 후지야 주식회사 회사 개요 페이지를 보려면 다음을 클릭하세요.     원문 바로가기    DISCLAIMER  레피니티브의 사전, 서면 승인 없는 톰슨로이터 콘텐츠의 재생산이나 재배포는 금지되어 있습니다. 이 기사의 한국어 번역은 에프앤가이드가 사용하는 기계적 번역에 의한 것으로 톰슨로이터와 레피니티브는 번역의 정확성을 보증하지 않습니다."
147,6,"2025-01-27","15:30:29","표-후지쯔 일반 <6755.T> - 9개월 그룹 결과","TABLE-Fujitsu General <6755.T>- 9-MTH group results  1월 27일 (로이터)- 후지쯔 제너럴 주식회사 통합 재무 하이라이트  (별도 명시되지 않은 경우 십억 엔 단위) TABLE-Fujitsu General <6755.T>- 9-MTH group results  1월 27일 (로이터)- 후지쯔 제너럴 주식회사 통합 재무 하이라이트  (별도 명시되지 않은 경우 십억 엔 단위)                  9개월 종료 9개월 종료 연도             2024년 12월 31일 2023년 12월 31일 2025년 3월 31일                   전년 동기 대비 최근                   결과 결과 예측매출 243.21 214.50 360.00                 (+13.4퍼센트) (-16.5퍼센트) (+13.8퍼센트)  영업 4.32 손실 502백만 10.00                                       (+74.0퍼센트)  반복 4.32 4.80 8.00                 (-9.9퍼센트) (+5.6퍼센트) (-44.3퍼센트)  순손실 9.22 2.23 손실 7.00                                     (+0.7퍼센트)  EPS 손실 88.03엔 21.29엔 손실 66.82엔  앤 디비 36.00엔 19.00엔  -2분기 디비 19.00엔 18.00엔  -4분기 구분 18.00엔 NIL     참고 - 후지쯔 제너럴 주식회사. 회사 개요 페이지를 보려면 다음을 클릭하세요.     원문 바로가기    DISCLAIMER  레피니티브의 사전, 서면 승인 없는 톰슨로이터 콘텐츠의 재생산이나 재배포는 금지되어 있습니다. 이 기사의 한국어 번역은에프앤가이드가 사용하는 기계적 번역에 의한 것으로 톰슨로이터와 레피니티브는 번역의 정확성을 보증하지 않습니다."
147,7,"2025-01-27","15:30:28","표-히타치건설 <6305.T> 9개월 그룹 실적(IFRS)","TABLE-Hitachi Construction <6305.T>-9-MTH group results (IFRS)  1월 27일 (로이터)- 히타치건설기계 주식회사연결 재무 하이라이트  (별도 명시되지 않은 경우 십억 엔 단위) TABLE-Hitachi Construction <6305.T>-9-MTH group results (IFRS)  1월 27일 (로이터)- 히타치건설기계 주식회사연결 재무 하이라이트  (별도 명시되지 않은 경우 십억 엔 단위)                    9개월 종료 9개월 종료연도                  2024년 12월 31일 2023년 12월 31일 2025년 3월 31일                     최근 전년 동기 회사   결과 결과 예측  매출액 991.28 1.01조원 1.35조원                   (-1.7퍼센트) (-4.0퍼센트)  영업 104.49 122.88 151.00        (-15.0%) (-10.1%)  세전 100.23 110.07 135.00                   (-8.9퍼센트) (-15.9퍼센트)  순 61.88 71.07 84.00      (-12.9퍼센트) (+65.1퍼센트) (-10.0퍼센트)  EPS 기본 290.92엔 334.20엔 394.92엔  EPS 희석 290.92 엔 334.20 엔  Ann Div 150.00 엔 175.00 엔  -2 분기 65.00 엔 85.00 엔  -4분기 65.00 엔 110.00 엔     참고 - 히타치건설기계(주)  (수치는 국제 회계 규칙(IFRS)에 따라 보고되었습니다.)  1분기 또는 3분기 배당금이 없는 경우, 2분기는 대부분의 경우 상반기에 해당합니다.  배당금과 4/4분기 하반기 배당금에 대해 발표했습니다.2006년부터 기업은 분기별로 배당금을 지급하고 보고할 수 있게 되었습니다.  순 - 모회사 소유주에게 귀속되는 순이익을 나타냅니다.  회사 개요 페이지를 보려면    원문 바로가기    DISCLAIMER  레피니티브의 사전, 서면 승인 없는 톰슨로이터 콘텐츠의 재생산이나 재배포는 금지되어 있습니다. 이 기사의 한국어 번역은 에프앤가이드가 사용하는 기계적 번역에 의한 것으로 톰슨로이터와 레피니티브는 번역의 정확성을 보증하지 않습니다."
